:02000004003DBD
:20800000B2BDAABDA2BD761F02EAD000B6002BAA2BAB9228D200D30052026311761F02EECD
:20801000D10192325205ED05761F01BF4B01EE055203EC035202ED14D1006F125202D101CC
:20802000ED0F761F02EECC32FFFBEC09761F02EE922D56B003A756B102A76F02B6018F4037
:20803000B219D40192C5520156C0008192A3ED025BA492A15201ED7A9A122DA47680B2809A
:20804000761F02C636A9560100A693F69714761F02EA922852026336CCA8000F761F02EE83
:208050005432ED0C93FE761F02C64A049723EE1E4AA8EF1C93A0EC186F195203EC2152051A
:20806000EC0E5202EC0C93325304ED105200EC0E93A25305EC0B5302ED056F0893A2530586
:20807000EC055303EC035AA958A493AAED3F5203EC055205EC035202ED392FA46F3758A4D7
:208080006F3B2DFE761F02C62123CCC63800FFCA5202ED2CCCA8000F5204EC1ECCA8000F04
:20809000EC1B4AACEE0D92A75202680892AB5202671D2FA428AB00026F19B6026F1692A720
:2080A0005203680892AB520367112FA428AB00036F0DB6036F0A92A7EC0792ABED072FA46A
:2080B00028AB00016F03B60158A4DC01DD0192A4520CFFE8FF7992A3EC0492AAED022FA3E7
:2080C00092A0EC119A032DA08F00B240761F02C736A9560100A492C4960A92CC960B7805DC
:2080D0009A016F2D92AAEC2A761F02C65437ED129A032DAA8F00B240761F02C736A9560197
:2080E00000A492C45406ED0692CC761F02C65434EC15761F02C69A032DAA8F00B240573715
:2080F00036A9761F02C7560100A492C49606761F02C692CC96349A026F029A0082BE86BE96
:208100008BBE00062DA99A128F00B280D00A36A9560100A48894761F02C6D00C7E17CDA6BC
:20811000200092949628CCA69003CA2CCBA992A6FFC1972C90FF723992A6FFC99003520101
:20812000EC06761F02C793025301ED039A016F0F5202EC035302ED039A026F095203EC041C
:2081300092025203ED039A036F029A00761F02C79602761F02C64E2CEE064EA6EF041A2CC0
:208140004000212A00062DA8560302A9761F02C71AA9F000CDAC00032F44274518A99FFFEA
:2081500080468847CBA9972F560301A57C2E9443560307A994AA18A97FFF96303F317F3253
:208160007E330006B2BDAABDA2BDFE0E761F02C62B312B222B202B2A2B362B390200761F05
:2081700002C7D100D3002B022B472B482B491E4E761F02C62B3F923BED059A00BE00FFEFC4
:2081800000C99A008F00B28076C0B20C8D80B2182B46962D962CA84C92C2520156C000A2A7
:208190009A122D460A3637A9064C07AB83A988FDD00B8F00B1A27E23560302A6CDA90007FF
:2081A0002F9557039008CBC427A897C493A6FFD018A8C000CAA8CAAB93A3CDA80FFF27A859
:2081B00093A6FFD191035302EC0B5301ED0CCDA900035302EC0818A9FFFC50016F0418A976
:2081C000FFFE5002CDAA00035302EC0C5301ED0E932091035302EC0A1820FFFC1A2000013A
:2081D0006F051820FFFE1A20000293A6FFD89110CAA846A656BD013F93A6FFD518A801007A
:2081E000CAA84BA6EF032849000145A6562A0C22EF05508056BF013196229246767D81020E
:2081F000882347A6EF0D0A47D00992959619FFC72FA9064E0DAA1E4E4CA6EF02D90192C2B5
:208200002D4618A3F000FF66CAABCCA90FFF27A99B0192A3CAAB5BA992C5961FFFCA90075D
:208210002DA927A9FF6799484AA6EF0F93F5CCA8000F5204EC0A910FEC0828AC000892AB6F
:2082200072AC9A01FF66984892F59614900F5206EC055205EC035203ED0456BF01C76F024D
:208230002BC70A46DA01DF019246543BFFE8FF56922C882D41A9EF0D761F02DE9330ED0907
:20824000761F02C79302EC059302761F02DE9730761F02DDCCA9F00318A6FFF8930680A916
:208250009107761F02C699A67E2D761F02DE56030A3088A9761F02C618A60FFF92A6CAA724
:2082600088A90E39F60F1F36560302A918A903FFCAA6962C9248901CEC18924841A9EF15E1
:20827000761F02EE92325204EC10761F02809A049B0556BF2E16767E3219761F02809A2E87
:208280009B015C16767DAD76761F02C692481AA320009322FFC79648521CEC085202EC06A5
:208290005201EC0418A3EFFF6F031AA31000924918A8FFDF90017B26FF84CBA9972292A115
:2082A000ED039A006F435447EC259247A34E9EA188A90200F61F561700A692AB526E661AF5
:2082B00056BF0141761F02C72B429B00D509921F5C1E56BF0A4356BF01442B45767D814305
:2082C0008F00B1EE767E0570761F02C64C04EF1D6F18761F028056BF014156BF0A162B42B7
:2082D0009B00D509761F02C756BF0A43921F5C1E2B442B45767D81438F00B1EE767E0570FD
:2082E0009A009B01767E32199A01FE8E82BE86BE8BBE0006B2BDAABDA2BDFE04761F02EE53
:2082F0009232D100D20052032B422B43EC065205EC04520256C000C1761F02C6923BEC77E6
:208300005C3B8DC0B2808F40B2182B413B01DC8192C55201ED689A122D4137A9761F02C653
:20831000A2A9D00907AB1EA627FE3F232DC6211F92F69614589649AB7819EF3E761F02EEA2
:2083200093325303ED16CDA9000F900F2FA85203ED12761F02EB9B0A922100FE33C993A9C0
:20833000CCA000FF9EA885A9FF56520363046F0F900F2FA9761F02EE92325205EC03520265
:20834000ED1D92AA5205EC035202ED1893AB92ABFFD7FFC09101CAAB47A9EF0892ACFFCA33
:2083500090072DA99A01FF66984347ABEE075300EC05D9016F03900F2FA992AA9341EC09D2
:208360004AABEF0793AA5301EC035300ED02DA015203EC055205EC035202ED0547ABEF03BF
:2083700028420001DD010A41000CFF9492A2ED0792A1EC05761F02C60A056F04761F02C632
:208380002B05761F02EA92285202630492A1EC166F1C761F02C64C26EE0C761F02C72B0E97
:208390009242761F02C62B05EC279A049B096F2092A1EC049243521CEC08761F02C72B0E97
:2083A000761F02C62B056F18761F02C70A0E1B0E02BC6606761F02C692055214650D761F7F
:2083B00002C72B0E9A049B08761F02C62B05767E32199A016F029A00FE8482BE86BE8BBEA9
:2083C0000006761F02EE92325203EC055205EC035202ED437680B2808F40B219D40192C550
:2083D0005201ED319A122DA4C5A6761F02C636A9560100A792F79614761F02EE9332530327
:2083E000EC1D5305EC0D5302EC0B900F5205EC055202EC035203ED179A049B046F22900FE7
:2083F0005203ED11761F02C6933D923D91019002CAA8ED139A049B026F14900F5205EC09DF
:208400005202EC07DC01DD0192A4520C68C96F05761F02C6423DEF039A0000069A049B0377
:20841000767E32199A010006B2BDAABD761F02C6CC1F000ED100FFC0ED0F767DD3AC1BA97E
:208420000898ED07761F02C6CC1F000EFFC06F0428A908986F195201ED0B767DD3AC1BA9A6
:2084300008FCED10761F02C6CC1F000EFFC05202ED0E767DD3AC1BA90960EC0928A90960F9
:208440006F0328A908FC767DD572D101761F02C6441FEE12767DD3B01BA91388ED06761FAC
:2084500002C6441FEE096F1628A91388767DD57928A94E206F0C767DD3B01BA91770EC0A47
:2084600028A91770767DD57928A9411B767E19EBD101761F02C6CC1F00E0FFC45AA9767D8B
:20847000D41454A2EC0592A2767DD62FD101761F02C6CC1F0300FFC75AA9767DD3B454A29B
:20848000EC0592A2767DD580D101761F02C6CC1F0400FFC95AA9767DD46454A2EC0592A240
:20849000767DD6BBD101761F02C6CC1F4000FFCD5AA9767DD38054A2EC0592A2767DD525D1
:2084A000D101761F02C6921FFFCE5AA9767DD3C854A2EC0592A2767DD5A3D101761F02C6C9
:2084B000CC1A00FF5AA9767DD43808A9FE7054A2EC0728A9019094A2767DD66ED101761F87
:2084C00002C6921AFFC75AA9767DD45C08A9FE7054A2EC0728A9019094A2767DD6ADD10154
:2084D000761F02C6CC1B00FF5AA9767DD42808A9FE7054A2EC0728A9019094A2767DD6529C
:2084E000D101761F02C6921BFFC75AA9767DD43008A9FE7054A2EC0728A9019094A2767D4D
:2084F000D660D101761F02C6CC2900FF5AA9767DD41808A9FE7054A2EC0728A9019094A291
:20850000767DD636D101761F02C69229FFC75AA9767DD42008A9FE7054A2EC0728A9019058
:2085100094A2767DD644D101761F02C6CC1D00FF5AA9767DD42C54A2EC0592A2767DD659BE
:20852000D101761F02C6921DFFC75AA9767DD43454A2EC0592A2767DD667D101761F02C61F
:20853000CC1E00FF5AA9767DD41C54A2EC0592A2767DD63DD101761F02C6921EFFC75AA993
:20854000767DD42454A2EC0592A2767DD64BD101761F02C6CC1500015AA9767DD45054A2E0
:20855000EC0592A2767DD698D101761F02C6CC150002FFC05AA9767DD45454A2EC0592A27B
:20856000767DD69FD101761F02C6CC1800FF5AA9767DD43C08A9FE7054A2EC0728A9019011
:2085700094A2767DD675D101761F02C69218FFC75AA9767DD44C54A2EC0592A2767DD6914D
:20858000D101761F02C6CC1300FF5AA9767DD444BE050EA9F60F1FA654A2EC062DA235058B
:20859000767DD683D101767DD440BE05761F02C60EA9F60F1FA69313FFD755A9ED0592A166
:2085A0005201EC086F0B9213FFC72DA93505767DD67C9A059B01767E321986BE8BBE00062D
:2085B000FE0683A402065CADDC86767E337692444FA9EE0E93A9761F02C6FFD7917F2B0FED
:2085C000972493A9FFD6907F9101970B6F1293A9761F02C6FFDC910356BF010F971193A9FA
:2085D000FFD8910F970E93A9FFD4901F910F971296099243761F02C7962092429621924182
:2085E0009622FE860006B2BDAABDA2BD76C0B2402BACD40B8DC0B2008D80B2188D40B20CC5
:2085F0002BC79A12D000BE0F2BCF37A92BD7A9A98F40B2800DA0D801560100A52BC5000E81
:20860000FFF82B815DAC2B82DF03DD012B832DA5000CFFE8761F02C72B0E2B0782BE86BE81
:208610008BBE0006761F01BF1A021000761F02C72B102B0F761F02C62B102B3C2B353B10FD
:208620008F00B880761F02E12B00761F02E1A806761F02E1A808761F02E12B032910FF693B
:20863000767D85E30006761F01A09204761F02C77203761F01A59204761F02C772049204EF
:208640005001961ECC0307FF961F767D8612767E0A870006FE06761F02C756BF0141921F0B
:208650005C1E9B00D5042B4296437C442B45767D81438F00B1EE767E0570FE860006761F39
:2086600001BF1A041000761F02C756BF02102B06761F02C62B342B37761F02C72B0F767DAD
:2086700085E3921F761F02C99600761F02C7921E761F02C996012B02761F02C856BF01181C
:20868000761F02C756BF01070006A2BD5BA8560302A91AA9F000761F02C7CDA300032D46FC
:2086900018A99FFF2F4727488049884ACBA9973B560304A57C3A9445560304A994AC560375
:2086A00005A994AA1AA98000963C3F3D7F3E7E3F82BE0006761F02C7960D00060006B2BD01
:2086B000AABDA2BDFE06761F02EE921C56C00482761F02C7411556CC04838D80FFFF8F001A
:2086C000B1F4767E09F4520056C1047A761F02EA9228ECF6761F02C68F00B1F42B06767D4B
:2086D00085B0761F02C6920F520156C1037A761F02C79210ED4F761F02C69224ED0D2901FD
:2086E000761F02C725200D210F1E761F02C656B60101FFEF00C0520156C000BD8F00B1DE1F
:2086F0008F40B1E092CC54C5ED0493CD55C4EC2F761F02C79322EC17761F02809A009B01AB
:2087000056BF2C16767E3219761F02EE9232520456C10087761F02809A2C9B015C16767DA8
:20871000AD766F7E2B415C1E2B42930FD50296437C4497459B00767D81438F00B1EE767E84
:208720000570761F02C60A07FFEF0085767D86336FC65201EC53761F02C692245204EC3DDE
:208730005202ED787680B240D40176C0B1E083A6DD0392C5ED0993CDED071BA2FFFF2BD587
:20874000ED125AA46F1054C7ED0E92CF54CDED0B761F02C7922254D5EC0B2BD5761F02C67E
:208750000A0C6F06DC01DD0392A4520C68E31BA2FFFFEC509A032DA237A98F00B1E006A6D3
:20876000761F02C607AB1EA692C496C692CC96CE92D496D60A0C6F3E2901761F02C7252050
:208770000D211EA7061E0FA766060FA7ED19767D86336F30767D864A6F2D761F02C6922437
:208780005205EC245206EC0F520FEC24520CED22761F02C79220540FEC035200ED1B767D92
:2087900086126F18761F02C79220761F02EE5432EC0A93325305EC035302ED0C5205EC03F9
:2087A0005202ED089A009B086F039A009B09767E3219761F02C69224520356C102885202E7
:2087B00056C10275520E56C1025B520956C10220520756C10212520856C10206520A56C143
:2087C00001FD520B56C1036F520D56C1036C521056C10189521D56C10133521856C1012071
:2087D000521956C1010F521A56C100C9521BEC5D5211EC475212EC37521CEC1A521356C0E9
:2087E00003528F40B1DE8F00B1E09B0092CD54C4ED0A92C554CCED07761F02C7920F54D40B
:2087F00056B101A8761F02C6973CFFEF033C923AEC04401F56CC03378F00B1E092C49615C4
:2088000092CC961892D49613767D8414761F02C62B1F2B1A2B1B2B292B1D2B1E2B152B1818
:208810002B136F20923AEC04401F56CC031C8F00B1E092C4962992CC961D92D4961E6F123E
:20882000761F02C79320761F02C6923AEC0440A856CC0309971F8F00B1E092CC961A92D4AE
:20883000961B2B3AFFEF02FF761F02C792105202EC57761F02C6920B520156C002F4761F9E
:2088400002C7920F542056C002EE761F028192068F00B1E89C703809761F02C727A9962922
:20885000761F0281CDD4FFFC920D900180A9D51B99A75603010090032B41CAA788A9560377
:20886000020118A6FFF393A9910792029001CBA6FF82CAA8930318A9FE0F9101FF93CBA9EC
:20887000920B900FFF8488A999A618A607FF56030B0C93A9761F02C7CBA692A8972A930FDD
:2088800097423F4396442B45921F5C1E9B00767D81438F00B1EE767E0570FFEF02A4761FF6
:2088900002C68F00B1E056BF022B761F02C792C4962992CC962AFFEF0296761F02C7921087
:2088A0005202EC2F761F02C6920B520156C0028B761F02C7920F542056C00285761F028131
:2088B00092049C7090FF88A95603080508A97000761F02C7CAA69628761F02818807761FF7
:2088C00002C77E2B761F02819308761F02C7800FD51A2B417F42972C96437E4497456FB50C
:2088D000761F02C68F00B1E056BF012B761F02C792C4962892CC962B92D4962CFFEF0253CE
:2088E000761F02C79210520256C1024D8F00B1E092C4962492CC9625FFEF0245761F02C7E2
:2088F0009210520256C1023F8F00B1E092C4962392CC962692D49627FFEF0235761F02C72B
:208900009210520256C1022F8F00B1E0761F02C692C4CDA90007962D90075203ED26761F72
:2089100002C7920C5203EC21767DD0E75200EC15767DD448FFC85BA9767DD448FFC4900F36
:2089200059A9767DD448901FD50793A15CA992A3767DC879767DD68A9A059B01767E32192C
:20893000761F02C6CD2D00075304ED17761F02C7920C5204EC12761F02ED56030429CA2A20
:20894000FF84CA2B767DD68A9A059B01767E3219761F02C6CD2D0007761F02C7970CFFEF85
:2089500001E2761F02C79210520256C101DC8F00B1E088C4761F02C693227E2592CC962C9B
:2089600092D496261821FFFCFFCD98219103ED08CCA600035201ED0D9A009B026F08932070
:208970009103ED075201ED059A009B03767E3219761F02C69225962292219620761F02ECEB
:2089800056BF011B767DD3AC761F02C6CD253E008F00B1E0FFD8761F02EC2DA8310A9EABD4
:20899000961A761F02C69A0193D49726761F02C72D0FFF66CEA8CCA90FFFED0E9210520113
:2089A000ED0B761F02C60A359235520569082B35767D86126F04761F02C62B35761F02C61C
:2089B0004E2C56CD0180761F02C72B232B242B252B262B27FFEF01779A009B05767E3219BC
:2089C000FFEF0171761F02EE9232520356C0016B9A009B076FF4761F02EE92325202EC04EB
:2089D000520556C001609A009B066FE9761F02C792105202EC1B761F02C6920B520156C068
:2089E00001528D40B1E092C956C0014D92C1761F02809B0196169A00767E3219761F02EEF7
:2089F0009232520456C1013F6F118D40B1E0761F02809B0592C196169A04767E3219761FF0
:208A000002EE9232520456C1012E761F028092C19BFF5C16767DAD76FFEF01258F40B1DE08
:208A10008F00B1E092CD54C4ED0D92C554CCED0A761F02C7920F54D4ED05767D865FFFEF68
:208A20000112767D8612FFEF010E2901761F02C725200D218BA9061E0FA156C00104767D8A
:208A30008633761F02C7061E6FF8761F02C79210520256C100F8882292A656C100F4C51E51
:208A400029012520564100A70E210FA756C000EB7E0F761F02C656BF0110FFEF00E49211FE
:208A5000ED46920E520656C000DE92125206FFE700DA9209520CFFE700D65200ED0692128D
:208A60005205ED310A006F262D1235038F00B28028AC001258A98F40B1E03209C4A4A9A96E
:208A7000A9A70DA0560100A692C596C6BE0192A072A606A70DA6C4A4560100A692CD96C6B0
:208A8000BE0292A072A6A9A90DA6560100A492D596C492125205ED0758098F00B2180A0D4B
:208A900056BF019456BF013EFFEF009D520156C0009A920E5206ED6892125206676592098A
:208AA000520C676252008DC0B280EC08761F02C7920F761F02C65409ED40761F02C79210E4
:208AB0005201ED3B761F02C62D12350356BF0641761F02C728AC001280A98AA3320F761F8B
:208AC00002C69212761F02C79642A9A6D500920F9643A9A90DA7560100A492C4D401964450
:208AD00092A772A406A6BE020DA48AA3560100A492C48AA3964592A772A6A9A90DA65601E7
:208AE00000A49B0092C45C1E9646921F767D86858F00B1FA767E0570761F02C62D128F000E
:208AF000B1E03503D10158A992C4761F02C8969392A072A192CC969BD10292A072A192D49A
:208B0000969B56BF0118761F02C792105201ED2A761F02C692125205ED258F00B28092F4DB
:208B10009614900F767D86AA28AC00123B01761F02C69214FFC3761F02C7CCA903FF88A9EC
:208B2000300F761F02C6560100A493F492A69714FFD3761F02C718A803FF9EA885A9FF5679
:208B300096008F00B1E02BC42BCC2BD4FFEFFB89761F02C79210EC03767D8612FE8682BEDA
:208B400086BE8BBE0006FE06761F02C74215EF2C92105202ED29761F02EA9228EC25761FC1
:208B500002C61A3D0001767E2FAD9A019B64D40FD504767E30A6767E2FBB761F02C79B001E
:208B6000D50856BF0141921F5C1E2B422B432B442B45767D81438F00B1EE767E06489A001B
:208B70009B07767E3219761F02C74315EF2292105202ED1F761F02EA9228EC1B761F02C69C
:208B800056BF01411A3D00042B429B00D507761F02C72B43921F5C1E2B442B45767D8143B2
:208B90008F00B1EE767E06489A009B06767E3219761F02C74415EF1892105202ED1556BF10
:208BA00001412B42921F9B005C1ED50A2B432B442B45767D81438F00B1EE767E06489A0053
:208BB0009B05767E3219761F02C74715EF1492105202ED1156BF01412B42921F9B005C1E8B
:208BC000D50D2B432B442B45767D81438F00B1EE767E0648761F02C74615EF2C9210520275
:208BD000ED29761F02EA9228EC25761F02C61A3D0002767E2FAD9A019B64D40FD504767E53
:208BE00030A6767E2FBB761F02C79B00D50B56BF0141921F5C1E2B422B432B442B45767DB9
:208BF00081438F00B1EE767E06489A009B0A767E3219761F02C74B15EF1892105202ED15F6
:208C000056BF01412B42921F9B005C1ED50E2B432B442B45767D81438F00B1EE767E05704C
:208C1000767D861256BF01084815EF2B92105202ED28761F02EA9228EC20767E2FAD9A0167
:208C20009B66D40FD504767E30A6767E2FBB761F02EE56BF014192329B00D506761F02C75B
:208C30002B425C1E9643921F2B442B45767D81438F00B1EE767E05709A009B08767E32190A
:208C4000761F02C74915EF1E92105202ED1B761F02EA9228EC1356BF0141761F02C72B42F1
:208C50009B00D505921F5C1E2B432B442B45767D81438F00B1EE767E05709A009B09767E97
:208C60003219761F02C74515EF3692105202EC16761F02EA9228EC2B761F02802B41921657
:208C70002B429B00D509761F02C796435C1E2B44921F2B45767D81436F1A761F02EA922842
:208C8000EC12761F028056BF014192162B429B00D509761F02C796435C1E2B44921F2B4599
:208C9000767D81439A009B01767E32198F00B1EE767E0570761F02C74C15EF1F761F02EAB3
:208CA0009228EC1B761F028056BF2A169A009B01761F02C71A130004767E3219761F02EEFE
:208CB00092325204EC08761F02809A2A9B015C16767DAD76767D8612FE860006B2BDAABDAC
:208CC000A2BDFE068F00B218BE00D200D1008DC0B28092C45201ED2F9A122DA137A9A2A98E
:208CD00007AB83A992C540A9EE30CDC307FFCCA907FF54A8ED1F92CB54CDED1C92D354D51A
:208CE000ED1992DB54DDED1692E354E5ED1392EB54EDED10D00D9293D00D5495ED0BD00EC6
:208CF0009293D00E5495ED06D00F9293D00F5495EC02BE01D901DC0192A1520C68CB92A659
:208D00005201ED63D1006F4F761F02C692A12B3AEC4A9A1237A9A2A9D00D07AB8AA9CCC4CD
:208D1000FFFE961F92CC961A92D4961B92DC962992E4961D92EC961E9294D00E961592940F
:208D2000D00F961892949613767D84146F2C9A122DA156BF014137A92B42A2A9D512D2028D
:208D300007AB8AA992DC964392E4964492EC6F119A122DA156BF014137A92B42DA01A2A965
:208D4000D51107AB8AA992C4964392CC964492D496459B005C1E921F767D81438F00B1EEF5
:208D5000767E0570761F02C792105202ED0E9A00767E31ED761F02C79615767D86AF761FD9
:208D600002C792105202EC039A006F2A767D8B43761F02C74015EFE792A2ECCB5201ECB8E6
:208D70005202EDE19A122DA156BF014137A9D00D2B42A2A95C1ED51C07AB82A99B00929373
:208D8000D00E96439293D00F964492939645921F767D81438F00B1EE767E05709A01FE8620
:208D900082BE86BE8BBE0006B2BDAABDFE02761F02C71812FFFE761F02C6923A761F02C70E
:208DA00090019812767DD3AC1BA90898EC14767DD3AC1BA908FCEC08761F02C71812FFF1FC
:208DB0001A1200046F0C761F02C71812FFF31A1200026F05761F02C71812FFF1767DD3B0EE
:208DC0001BA91388EC06761F02C71A1200106F05761F02C71812FFEF1812FF1F767DD4149B
:208DD000761F02C79007FF8498121812FCFF767DD3B4761F02C79003FF8798121812C7FFB1
:208DE000767DD39C761F02C79007FF8A98121812FBFF767DD464761F02C79001FF89981279
:208DF0001812BFFF767DD380761F02C79001FF8D981218127FFF767DD3C88D80B280761F06
:208E000002C728AC001256030FA98AA29812300F560100A4921296C41811FF00767DD4385D
:208E1000761F02C79C7090FF9811181100FF767DD45C761F02C728AC0012560308A908A956
:208E200070008AA29811300F560100A4921196CC181BFF00767DD428761F02C79C7090FF94
:208E3000981B181B00FF767DD430761F02C728AC0012560308A908A970008AA2981B300FB9
:208E4000560100A4921B96D4181AFF00767DD4189C70761F02C790FF981A181A00FF767D21
:208E5000D420761F02C728AC0012560308A98AA208A97000981A300F560100A4921A96DC69
:208E6000181DFF00767DD42C761F02C790FF981D181D00FF767DD434761F02C728AC0012B6
:208E7000560308A98AA2981D300F560100A4921D96E4181CFF00767DD41C761F02C790FF91
:208E8000981C181C00FF767DD424761F02C728AC0012560308A98AA2981C300F560100A498
:208E9000921C96EC1817FFFE767DD450761F02C7900198171817FFFD767DD454761F02C70D
:208EA00028AC0012560301A98AA2D00D90039817300F560100A4921796941816FF00767D51
:208EB000D43C761F02C79C7090FF9816181600FF767DD44C761F02C728AC0012560308A95D
:208EC0008AA2D00E9816300F560100A4921696941819FF00767DD444BE05761F02C70EA9BB
:208ED000F60F1FA690FF9819181900FF767DD440761F02C728AC0012BE050EA9320FF60F3D
:208EE0001FA6560308A99819AAA907ABD00909068AA992199694CD18FFF0761F02EE9232E0
:208EF000900F761F02E9CAA81B3D03E86906CCA9FE0F1AA93E806F07CDA9C00FCC3D03FF56
:208F0000FF83CAA8761F02C7961896C4761F02C62B04767E104C5200ED06761F02C618045D
:208F1000FFFE6F05761F02C61A040001767E103A5201EC06761F02C61804FFFD6F05761F53
:208F200002C61A040002767E10415201EC06761F02C618047FFF6F05761F02C61A04800059
:208F3000767E10485200ED06761F02C61804DFFF6F05761F02C61A042000767DFEE5520101
:208F4000ED1B761F02EE9232EC17767DFECD5200ED0C767DFEF15200ED08761F02C6180412
:208F5000FFF71A0400046F0C761F02C61804FFFB1A0400086F05761F02C61804FFF3767D03
:208F6000FF2D5201ED1B761F02EE9232EC17767DFF155200ED0C767DFF395200ED08761FC5
:208F700002C61802FFFC1A0200016F0C761F02C61802FFFE1A0200026F05761F02C61802EF
:208F8000FFFCCD04FFDF761F02E392129001761F02EEFF84CAA859A993325305EC0353029B
:208F9000ED198F006FC04BCCEF0E761F02EE931FED04D0094794EE205301ED05761F01BF64
:208FA0004609EE1A761F02EE93325305EC075302EC05761F01BF4B01EE0FCCA1FF7F761F61
:208FB00002EE932FEC068D40010098A192A16F07CCA1FE7F6F045080CCA9FEFF761F02E92E
:208FC0009305761F02E95502640293029DFB761F02E9553D6908761F02DD9300ED0418A953
:208FD000FFBF6F025040761F02C659A99604767E194F9001761F02EECDA1FDFFFF88CAA8F4
:208FE000932DCCA9F3FF9101761F02E9FF99CBA992359001761F02ECFF8ACAA89314EC04BF
:208FF000CDA9BFFF6F0428A84000CBA9761F02C628AC00129704761F02C7320FD00BA9A68F
:20900000761F02C6AAAB565700A6A9A4BE0A97FC9202761F02EB9694DC082BC40E21F60F5C
:209010001FA652FA6208761F02C690FF181CFF00981C6F07761F02C6181CFFF81A1C00FAC4
:20902000761F02E3920752FA620D761F02C6181C00FF761F02E356030807761F02C6981CDF
:209030006F07761F02C6181C00FF1A1CFA00921C96CC9B002B27761F02DD922B761F02C65F
:20904000520156B101A89716CC16FFFD88A9761F02DE560301339003761F02C6CAA659A9ED
:209050009616767DD458761F02EA2D030EA91E42356400FE3301761F02C6560302A918A980
:2090600003FFCDA1FC03CAA89616CD16F3FF761F02DE92309003761F02E9FF89CAA89302B5
:20907000761F02E99DFC553D6805761F02DD9300EC0528A81000CBA96F03CDA9EFFF761F11
:2090800002C69716761F02DD920AED06761F02C618167FFF6F05761F02C61A1680001816A0
:20909000DFFFCD16BFFF761F0281920028AC00129001D00A761F02C6FF8DCAA888A996160E
:2090A000761F02C7320FAAA9761F02C607AB86A97E92CD27FFF8D00C761F02DD9206900706
:2090B000761F02C6FE82CAA89627969286BE8BBE0006761F01BF1A021000761F02C756BFE5
:2090C0000110767D85E30006FE06761F02C6922D56BF0141761F02C79B00D51D2B425C1ED5
:2090D0009643921F2B442B45767D81438F00B1EE767E05DDFE860006FE06767DD3AC761FC7
:2090E00002EC9E1A1BA9012C6205520063059A006F0328A9012C9B0A00FE3354761F02C627
:2090F000901FCD22C1FFFF8856BF0141D510CAA82B4296229B009643922C96449226761F4F
:2091000002C75C1E9645921F767D81438F00B1EE767E05DD761F02EC56BF011BFE86000687
:20911000B2BDAABDA2BDFE06761F02C65BA9D2002B3E6F2440A2EE2156BF064135032142EF
:209120008F00B28058A9D1017B43761F02C7D5019B009294964492A072A1929CD1029645ED
:2091300092A072A1929C5C1E9646921F767D86858F00B1FA767E0570DA01761F02C7921029
:209140005202ED1F9A00767E31ED761F02C79615767D86AF761F02C792105202ED12767D8C
:209150008B43761F02C74015EFE992A2520C6709FFC02DA95201EDBF761F02C6923EEDBB3B
:20916000FE8682BE86BE8BBE0006B2BDAABDA2BDFE088F40B219BE0A2B479285EC020A4733
:20917000000EFFFD28480001761F02C79210520256C000B19A00767E31ED761F02C7961594
:20918000767D86AF761F02C79210520256C000A3767D8B43761F02C74015EFE79247761FE2
:2091900002C6540DED7E8D80B21888482D48AAA98D40B2400DA686A99A0336A9560100A1A7
:2091A00092C2ED4688488DC0B20CA2A90DA682A992D1ED052BD12BC12BC96F3828460002DC
:2091B0009248767D911092C2ED318046DF811BA7FFFF7F46EDF62BD12BC1761F02C62BC9F8
:2091C00092485437ED08761F02C72B06761F02C62B342B3792C35201ED19761F028056BFAE
:2091D00028169A049B05761F02C71A130001767E3219761F02EE92325204EC08761F02808E
:2091E0009A289B015C16767DAD762BC36F2392C9CAC1ED20761F02C656BF01332BD1761FDF
:2091F00002C72BC29B00D50C56BF01412B425C1E92489643921F2B442B45767D81438F0066
:20920000B1EE767E05700A489248520CFFE8FF6E6F210A48DA01D9039248520C68926F1A14
:2092100056BF0141761F02C72B429B00D50C921F5C1E2B432B442B45767D81438F00B1EE43
:20922000767E0570761F02C62B0056BF010856BF0133FE8882BE86BE8BBE0006B2BDAABDA7
:20923000FE06B6008D80B24083A292A754D5EC022BD59A0194A72DA9520C67169A0337A9EC
:20924000AAA907AB8AA99A0B9EA79CFF88A992C454C5ED0792CC54CDED042BC42BCC2BD468
:20925000DC03000EFFF6DF01DD0392A7520C68DED101761F02C792105202ED429A00767E9C
:2092600031ED761F02C79615767D86AF761F02C792105202ED35767D8B43761F02C74015B5
:20927000EFE99A032DA137A9AAA907AB8EA992D0ED1E92C0ED0393C8EC1A761F02C656BFFD
:20928000014156BF01332B42761F02C79B00D50396435C1E92C89644921F7945767D814358
:2092900079D08F00B1EE767E05706F06D901D80392A1520C68DDD90192A1520C68BBFE86CC
:2092A00086BE8BBE0006B2BDAABDFE06761F02C62B102B012B07D200D100761F01BF1A0237
:2092B00010006F581BA104BA69082B016F051BA103E869032B08D100761F02C692075202DB
:2092C0006949761F02C71A1300029A009B01761F028056BF2916767E3219761F02EE923226
:2092D0005204EC08761F02809A299B015C16767DAD76767D8612FFEF00BA761F02C62B0774
:2092E0002B102B01761F02C72B08767E0A8CD1006F20761F02C792145201691C761F028099
:2092F00056BF28169A009B01761F02C71A130001767E3219761F02EE92325204EC08761FE2
:2093000002809A289B015C16767DAD76767D8633D200761F02EE921C761F02EACA2856C1AA
:209310000084761F02C7921056C00081767D8D949A00767E31ED761F02C79615767D86AF31
:20932000761F02C79210ED72767D8B43761F02C74015EFE0761F02EE921CEDB0767E0A8736
:20933000761F01BF4D00EE1293A29A01D10094A85AA91BA803E867AE761F02C69210520186
:20934000EDC9767D90B92B086F51761F02C7D901D2009208520156C1FF6C761F02EE923266
:209350005203ED0492A15201EC2492325205ED0492A15202EC1E92325202ED0492A15203F3
:20936000EC1892325206ED0492A15204EC1292325201ED0492A15205EC0C92325204ED04C0
:2093700092A15206EC069232ED1692A15207ED13761F02C72B41921F2B425C1E9B00D5003B
:2093800096437C442B45767D81438F00B1EE767E05DDD10A761F02C6920156C0FF2592A1D1
:2093900052D2FFE9FF2B767D865FFE8686BE8BBE0006B2BDAABDA2BDFE02761F02C62B06D5
:2093A000D100761F01BF1A0210006F02D100761F02EA922856C100A8761F02C792105201CC
:2093B00056C000A4767D8D949A00767E31ED761F02C79615767D86AF761F02C7921052019F
:2093C00056C00094767D8B43761F02C74015EFE0761F02C60A0692069CFF1BA903E86914D4
:2093D000761F028056BF28169A009B01761F02C71A130001767E3219761F02EE9232520473
:2093E000EC699A286F61761F02C7580F8DC0B200761F02C62B36761F02C756BF01932B07CB
:2093F000284200012B419A012D41761F02C6FF66CE26CCA90FFFEC2056BF01C30A3692424B
:20940000EC1C9A128F00B28036A9560100A45AC4767DD39C93A2FFDA910755A9ED0E767DEB
:20941000D39C5202650A9241761F02C72B42540F56B101076F022BC30A41DB019241520C43
:2094200068D3761F01BF4D00EF82D90192A15202EC245264FFE9FF7D761F02C692065232DA
:209430006719761F02C71A1300029A009B01761F028056BF2916767E3219761F02EE9232E6
:209440005204EC089A29761F02809B015C16767DAD76767D86126F09761F02C6923C520143
:2094500056C0FF57767D865FFE8282BE86BE8BBE0006B2BDFE06761F02C6D1002B0C2B332F
:209460006F1256BF0141921F5C1E2B429B00D50196437C442B45767D81438F00B1EE767E29
:209470000570D901761F02C792105202ED1F9A00767E31ED761F02C79615767D86AF761FBB
:2094800002C792105202ED12767D8B43761F02C74015EFE992A1ECD652026606761F02C6B0
:20949000920C520B68DF767D922EFE868BBE0006B2BDAABDFE068F00B219BE0A2B84000E3B
:2094A000FFFF761F02C6920DD2002B002B3E2B0D960A6F2440A2EE2156BF064135032142F9
:2094B0008F00B28058A9D1012B43761F02C7D5019B009294964492A072A1929CD1029645AA
:2094C00092A072A1929C5C1E9646921F767D86858F00B1FA767E0570DA01761F02C7921096
:2094D0005202ED1F9A00767E31ED761F02C79615767D86AF761F02C792105202ED12767DF9
:2094E0008B43761F02C74015EFE992A2520C6709FFC02DA95201EDBF761F02C6923EEDBBA8
:2094F000FE8686BE8BBE0006B2BDFE06D1006F05D103767D864AD901761F02C792105202C8
:20950000ED699A00767E31ED761F02C79615767D86AF761F02C792105202ED5C767D8B43BA
:20951000761F02C74015EFE9761F02EA9228EC5292A1ED06767D8CBE5200ED02D90192A186
:209520005201ED3A767D80005200EC3A52018D00B1EEEC1A761F02C756BF014192062B4287
:20953000761F02C69B00D5139643923496449237761F02C75C1E9645921F767D81438AA0B4
:20954000767E05706F1956BF0141761F02C72B42920A9B00D50E5C1E9643920B964492057D
:209550009645921F767D81438AA0767E0570767D861256BF010892A15202EC036F06D102BE
:20956000767D83C15200EC9592A15203EC9352036993FE868BBE0006B2BDFE06761F02C6E6
:209570002B2B767D90DCD100761F02C756BF0109FFEF00D3767D90C4761F02C72B09FFEF50
:2095800000CC92A1520A6730922AEC78922BEC0E92A152036806922B520256B10AA16F05D5
:20959000922B520156B103A12B2B92A15203680952066805520A6718FFEF00D6D51B6F02EC
:2095A000D51A922A56BF0141761F02C72B429B005C1E96432B44921F2B45767D81438F001A
:2095B000B1EE767E05DD92A1520AEC1A520AFFE8009356BF0141761F02C72B4292249B0048
:2095C000D5195C1E964392259644921F2B45767D81438F00B1EE767E05DDFFEF00A5761FB5
:2095D00002C7922B761F02C6933600FE33C9761F02C727A9962B922C761F02C6933600FE04
:2095E00033C9761F02C7962C56BF0141932888295C1E2B4297237E249743882AD5189B0035
:2095F0003F447E2596453F269627921F767D81438F00B1EE767E05DD6F4E761F0281920461
:209600008F00B1E89C7090FF88A95603080508A97000CAA696C492069C70D1093809761FB1
:2096100002C79629761F0281920DCDD4FFFC900180A999A7560301009003CAA788A918A618
:20962000FFF35603020193A9910792029001CBA6FF82CAA818A9FE0F93039101FF93CBA983
:20963000920B900FFF8488A999A618A607FF56030B0C93A9761F02C7CBA6972A761F0281D3
:209640009207761F02C7962B761F02819208761F02C7962CD901761F02C792105202ED2342
:209650009A00767E31ED761F02C79615767D86AF761F02C792105202ED16767D8B43761F70
:2096600002C74015EFE9920956C0FF16761F02C64E2C56CDFF18761F02C72B232B242B25D2
:209670002B262B27FE868BBE0006767D81625200ED07767D82EA5200ED03767D956C0006AD
:20968000B2BDAABDA2BDFE06761F02EA5A28761F01BF9B00D50C1A04100056BF0141761FA3
:2096900002C7921F5C1E2B422B432B442B45767D81438F00B1EE767E0570D100D3006F3378
:2096A000761F01BF1A021000767E0A8C761F02C62B3356BF013B761F02EA5A28761F02C633
:2096B0009233ED21761F02C792105202ED1C767D96756F19761F01BF1A041000761F02C604
:2096C00056BF0C3B767D9459767D9498767D94F4767D9165761F02C692085201EDDD2B0884
:2096D000767D865F761F02C792105202ED73767D8D949A00767E31ED761F02C79615767D32
:2096E00086AF761F02C792105202ED64767D8B43761F02C74015EFE7761F02EA9228EC32ED
:2096F000761F01BF4D00EE10761F02E5D100922DED2D761F02C79213EC29DB0192A3521900
:2097000069262B136F2492A1D10172A1520A691E761F028056BF29169A009B01761F02C7EF
:209710001A130002767E3219761F02EE92325204EC2F761F02809A299B015C16767DAD7613
:209720006F27761F02C7D1002B13D3008F00B2008F40B218BE0B56BF01C492855201EC037D
:209730002BC46F0356BF01C4DC01000EFFF8761F02EE9232767D86AA761F02C62B3D761F36
:2097400002EA922856C1FF5E92A256C0FF75767D8612FE8682BE86BE8BBE00066F049A0042
:20975000767E31ED761F02C79201520668F9767D86336F0B5201EC075200EC022B10767D63
:2097600092A36F03767D9399767E0A87761F02C792105202EDF0767D96806FF7FE062B458A
:20977000A044A8422B469245520867138A442D459A01FF66CEC4EC0928AC000792AC9E452C
:209780002DA99A01FF6698460A459245520868EF8A42924696C4FE860006FE062B45A0445E
:20979000A8422B469245521067138A442D459A01FF66CEC4EC0928AC000F92AC9E452DA90A
:2097A0009A01FF6698460A459245521068EF8A42924696C4FE860006FE045CAD5DAD974276
:2097B000964128438005DC81DD81767D976E560308412B44F24292445208670E4F42EF05B0
:2097C0005603014270436F035603014296420A449244520868F49242FE840006FE06964341
:2097D0009CFFA8422844FFFF2B45934353009643EC0D8A42928493449645A842767D97AC6B
:2097E000934396440B435300EDF55CAD5DADDC84DD84767D978D9244FFC79645560308442F
:2097F000CA45FE860006FE0452089643A842670E6F1983428A42560308E594ECFF809C0929
:2098000096446F0D56BF08446F0A8A4292CC5203ECFA5206ECF85210ECED6FF5924454436B
:2098100069039A006F029A01FE840006FE0697459641A8449245520867206F2B56BF084646
:2098200092418A449B08767D984D6F2056BF084692419B086F0B83448A44560308E594ECCF
:20983000FF809C099646924193468A44767D98F86F0D56BF08466F0A8A4492CC5203ECDF77
:209840005206ECE55210ECE86FF59246544569039A006F029A01FE860006B2BDFE089745E7
:20985000A8445845594583449641D881D9825603089D949496488A4492459CFE767D97CEE4
:209860005448EC0592419B11FFEF008D83448A44560308D5834494DC8A449646560308E56F
:2098700094EC96475243690492419B036F7B92461BA91100680C1BA9119567099247944670
:209880001BA91195666A92419B016F621BA92100680C1BA9216B6709924794461BA9216B32
:20989000665C92419B026F541BA94100680C1BA9410F6709924794461BA9410F664E924178
:2098A0009B036F461BA94200680C1BA942366709924794461BA94236664092419B0B6F387A
:2098B0001BA96000680C1BA9600F6709924794461BA9600F663292419B086F2A1BA96100AB
:2098C000680C1BA9616E6709924794461BA9616E662492419B066F1C1BA97100680C1BA9D5
:2098D000716E6709924794461BA9716E661692419B076F0E1BA9F80068131BA9F8106710EB
:2098E000924794461BA9F810660892419B008A44767D99779A016F0A92419B126F03924163
:2098F0009B028A44767D9AEF9A00FE888BBE0006B2BDFE089745A8445845594583449641EC
:20990000D881D9825603089D949496488A4492459CFE767D97CE5448EC0492419B116F611D
:2099100083448A44560308D594DC8A44964692CC520656B10147EC0783448A44560308E57F
:2099200094EC964792475243690492419B036F4992461BA92100680C1BA9216B67099247FC
:2099300094461BA9216B663B8F7D9B6E6F0E1BA9310068111BA93141670E924794461BA92A
:209940003141662D8F7DA1B692418A44767D9A599A016F2B1BA92800680C1BA92801670926
:20995000924794461BA92801661A8F7DA8026FED1BA9600068141BA9600F671192479446C7
:209960001BA9600F660C92418A448F7DA817767D9A599A059B0C767E32196FDB92419B12A1
:209970008A44767D9AEF9A00FE888BBE0006FE1297459641A844020083442B511E481E4A5C
:20998000560308D5834494DC8A44964B560308E594EC964C6F4C767DAB178F00B3C0924BB4
:2099900008A908006F2F767DA8A18F00B4C0924B08A9EF006F27767DAB5028AC00968F0027
:2099A000A1833041560100A4924B934C767D9B34924B56BF015108A9DF006F16767DAB059D
:2099B0008F00B3AC924B08A9BF006F0C924B8F00B64008A99F006F06924B8F00B6C008A927
:2099C0008F00A8482B5196506F27767DAD0B8F00B39D924B08A9A0006FF5924B8F00B600D2
:2099D00008A9BE006FEF9A00FFEF008392455206620C5206ECDC5200ECAF5201ECB55202AD
:2099E000ECBB5203ECCC6FF05207ECD75208ECDE520BECE46FE928AC009683448F00A180AE
:2099F0003041560100A492C596C483448F00A1813041560100A492CD96C48F00A18230417A
:209A0000560100A45603014C90FF96C492515201EC220E50560100488F00A18330412B4EDE
:209A1000560100A4924CA84A544E69158A4892C48A4AFFC796C48A4892C48A4A90FF96CC42
:209A200002025601004A020156010048924C0A4E544E66ED5603014C8F00A1809C03964DDC
:209A30003041560100A4924D767D97CE28AC0096584D8F00A180964F0A4D3041560100A40C
:209A4000924FFFC796948F00A180584D3041560100A40A4D924F90FF96948F00A180304162
:209A5000560100A49241934D767E2C279A01FE920006FE0EA046A8448344964102001E48EC
:209A6000560308D594DC8A44964992CC5206ED06064456BF014A09046F0983448A445603CD
:209A700008E594EC964A064409071E482B4B924A544B691D83488A48560308C594CC964C4D
:209A8000020256010048C5469249934C3E670A49964D5200EC0892418A44934D767D9AEF40
:209A90009A006F5C0A4B924A544B66E528AC009683448F00A1803041560100A492C596C438
:209AA00083448F00A1813041560100A492CD96C483448F00A1823041560100A492D596C463
:209AB00083448F00A1833041560100A492DD96C483448F00A1843041560100A492E596C42F
:209AC00083448F00A1853041560100A492ED96C48F00A1803041560100A49A06767D97CEB1
:209AD00028AC00968F00A186964E3041560100A4924EFFC796C48F00A1873041560100A4E3
:209AE000924E90FF96C48F00A1803041560100A49B089241767E2C279A01FE8E0006FE0693
:209AF000A84428AC00969745964183448F00A1803041560100A492C596C48F00A181834441
:209B00003041560100A49A8094CD96C48F00A1823041560100A4924596C48F00A180304194
:209B1000560100A49A03767D97CE28AC00968F00A18396463041560100A49246FFC796C4E8
:209B20008F00A1843041560100A4924690FF96C48F00A1803041560100A49B059241767EC1
:209B30002C279A01FE860006FE0C97449643A8423B0106422B450843DF001E4A02001E4C03
:209B4000924396466F259246521F63052B488F00B3D06F0556BF1F488F00B4409E48A84C3D
:209B5000964763022B478A4C8547560100A492C48A4AFFC796C48A4C8547560100A492C467
:209B60008A4A90FF96CC02025601004A0A4692449443544666D99245FE8C0006B2BDFE04CD
:209B7000964197422B430841DF00FFEF06041B42270FFFE605FD9242767DD54FFFEF06340A
:209B80001B42270FFFE605F49242767DD548FFEF062B1B42270FFFE605EB9242767DD5410C
:209B9000FFEF06221B42270FFFE605E29242767DD53AFFEF06191B42270FFFE605D9924233
:209BA000767DD533FFEF05859242520AFFE805D05214FFE605CD9242767DD52CFFEF0579F5
:209BB00092421BA9060CFFE805C31BA909F4FFE605BF767DD3E8544256C105F69242767DB5
:209BC000D5DBFFEF056692421BA9060CFFE805B01BA909F4FFE605AC767DD3EC544256C180
:209BD00005E39242767DD5E2FFEF055392421BA9060CFFE8059D1BA909F4FFE60599767D5F
:209BE000D3E0544256C105D09242767DD5CDFFEF054092421BA9060CFFE8058A1BA909F4B3
:209BF000FFE60586767DD3DC544256C105BD9242767DD5C6FFEF052D92421BA901A4FFE82E
:209C000005771BA9021CFFE60573767DD414520056C1056E767DD414520156C10569767D2C
:209C1000D428544256C105A09242767DD652767DD41859A9767DD42893A155A96705767D96
:209C2000D428767DD636767DD4189B2895A959A8767DD42054A1FFE70475FFEF03FB92424D
:209C3000525AFFE605459B0500FE33CE520056C0053F767DD414520056C1053A767DD41490
:209C4000520156C10535767DD42C544256C1056C9242767DD659767DD41C59A9767DD42C81
:209C500093A155A96705767DD42C767DD63D767DD41C9B0595A959A8767DD42454A1FFE7D5
:209C60000441767DD4249C055264FFE903FB9A64767DD64BFFEF043692421BA901E0FFE8DD
:209C700005071BA90258FFE60503767DD414520056C104FE767DD414520156C104F9767D42
:209C8000D45C544256C10530761F02C6924256BF013A767DD6ADFFEF041992421BA901E037
:209C9000FFE804E61BA90258FFE604E2767DD414520056C104DD767DD414520156C104D8B4
:209CA000767DD438544256C1050F761F02C6924256BF013A767DD66EFFEF03F892421BA9AB
:209CB0000898EC081BA908FCEC051BA9096056C004BF767DD3AC544256C104F6761F02C6CB
:209CC000924256BF013A767DD572FFEF03DF92425201FFE604AD5200ED11767DD3B01BA90F
:209CD0001388EC0C761F02C628A9138856BF013A767DD57928A94E206F159242520156C087
:209CE00004D3767DD3B01BA9177056C104CD761F02C628A9177056BF013A767DD57928A9CD
:209CF000411B767E19EBFFEF03B192425202FFE6047F767DD3B4544256C104B6761F02C690
:209D0000924256BF013A767DD580FFEF039F92425201FFE6046D767DD464544256C104A44A
:209D1000761F02C6924256BF013A767DD6BBFFEF038D92425203FFE6045B767DD40C5442DA
:209D200056C104929242767DD621FFEF037F92425203FFE6044D767DD414544256C10484D9
:209D3000761F02C6924256BF013A767DD62FFFEF036D92425278FFE6043B767DD45888A92A
:209D40002D42350A54A656C1046F350A767DD6A6FFEF035C92425278FFE6042A767DD468F6
:209D500088A92D42350A54A656C1045E350A767DD6C2FFEF034B92425201FFE60419767D7F
:209D6000D410544256C104509242767DD628FFEF033D92425201FFE6040B767DD3D05442C4
:209D700056C104429242767DD5B1FFEF032F92425201FFE603FD767DD3A4544256C10434AE
:209D80009242767DD564FFEF032192425201FFE603EF767DD3A0544256C104269242767DAF
:209D9000D55DFFEF031392425201FFE603E1767DD3C0544256C104189242767DD595FFEF1F
:209DA000030592425201FFE603D3767DD460544256C1040A9242767DD6B4FFEF02F79242CB
:209DB0005201FFE603C5767DD3A8544256C103FC9242767DD56BFFEF02E9CC42FF00FFC7C6
:209DC00096445263FFE603B45216FFE803B1761F02ED9630924290FF9644520CFFE603A8E0
:209DD000520056C103A59631FFEF03DECC42FF00FFC79644521FFFE6039B520056C1039827
:209DE000761F02ED9632924290FF96445217562A0934FFEF010DCC42FF00FFC79644523B7E
:209DF00056B61243FFE603C0761F02ED9635924290FF9644523B56B61243FFE603B5963667
:209E000092309003964492305263FFE603715216FFE8036E9231520CFFE6036A520056C1A7
:209E100003679232521FFFE60363520056C1036092335206FFE6035C92345217FFE60358AC
:209E20009235523BFFE603549236523BFFE603509232521E690E9231520456C10349520686
:209E300056C10346520956C10343520B56C103409232521C690792315202ED04924456C0AD
:209E400003379232521D695B92315202ED589244ED56FFEF032D9242520656B61243FFE6CC
:209E50000363761F02ED963392309003964492305263FFE6031D5216FFE8031A9231520C07
:209E6000FFE60316520056C103139232521FFFE6030F520056C1030C92335206FFE60308B4
:209E700092345217FFE603049235523BFFE603009236523BFFE602FC9232521E690E9231D5
:209E8000520456C102F5520656C102F2520956C102EF520B56C102EC9232521C69079231D1
:209E90005202ED04924456C002E39232521D690792315202ED04924456C102DA9230761FD1
:209EA00002ED9637761F02ED9231761F02ED96389B09761F02ED9232761F02ED9639761F79
:209EB00002ED9233761F02ED963A761F02ED9234761F02ED963B761F02ED9235761F02ED1C
:209EC000963C761F02ED9236761F02ED963D9A05FFEF01DECC42FF00FFC796445263FFE65A
:209ED00002A75216FFE802A4761F02ED9622924290FF9644520CFFE6029B520056C1029878
:209EE0009623FFEF02D1CC42FF00FFC79644521FFFE6028E520056C1028B761F02ED962421
:209EF000924290FF96445217562A092656B61243FFEF02BA92425201FFE6027A767DD3D4D0
:209F0000544256C102B19242767DD5B8FFEF019E92425201FFE6026C767DD3CC544256C147
:209F100002A39242767DD5AAFFEF019092425201FFE6025E767DD450544256C10295761F6B
:209F200002C6924256BF013A767DD698FFEF017E92421BA901E0FFE8024B1BA90262FFE6AD
:209F30000247767DD43C544256C1027E761F02C6924256BF013A767DD675FFEF01679242AF
:209F40005205FFE802351BA90384FFE60231767DD444544256C10268761F02C6924256BFC1
:209F5000013A767DD683FFEF015192425205FFE8021F1BA90384FFE6021B767DD44054420D
:209F600056C10252761F02C6924256BF013A767DD67CFFEF013B924256C1020A525AFFE6FE
:209F70000207767DD44C544256C1023E761F02C6924256BF013A767DD691FFEF0127924203
:209F80005201FFE601F5767DD454544256C1022C761F02C6924256BF013A767DD69FFFEFC6
:209F90000115CC42FF00FFC79644521756B61243FFE6021A924290FF9644523B56B61243F8
:209FA000FFE60212767DD370544256C1020D9242767DD509FFEF00FACC42FF00FFC796447C
:209FB000521756B61243FFE601FF924290FF9644523B56B61243FFE601F7767DD37454420A
:209FC00056C101F29242767DD510FFEF00DF924296441BA903DE69071BA9FFFF56B012431E
:209FD00056C001E2767DD3D8544456C101DD9244767DD5BFFFEF00CA924296441BA9021CA8
:209FE000FFE601961BA901A4FFE80192767DD378544256C101C99242767DD517FFEF00B6F6
:209FF000924296441BA903E856B61243FFE601BC767DD37C544256C101B79242767DD51E90
:20A00000FFEF00A492421BA901B8FFE801711BA9021CFFE6016D767DD418544256C101A49E
:20A010009242767DD636767DD42859A9767DD41893A155A96905767DD418767DD652767D00
:20A02000D4189B2895A959A8767DD42054A16779767DD41893A99A2894A8767DD6446F7170
:20A0300092425205FFE80144525FFFE601419B0500FE33CE520056C0013B767DD41C544225
:20A0400056C101369242767DD63D767DD41C59A9767DD42C93A155A96705767DD41C767D8C
:20A05000D659767DD41C9B0595A959A8767DD42454A16747767DD41C9C055264FFE6FC094D
:20A06000767DD41C93A99A0594A8FFEFFC0392425205FFE7010D767DD39C544256C1014486
:20A070009242767DD556FFEF00B492421BA901E0FFE800FE1BA90259FFE600FA767DD420F9
:20A08000544256C101319242767DD644767DD4189B2895A959A8767DD42054A16706767DE3
:20A09000D4209CD8767DD636767DD42859A9767DD41893A155A96905767DD418767DD652DF
:20A0A000761F02C656BF013A9A059B01767E3219FFEF010A9242520AFFE800CA5264FFE604
:20A0B00000C79B0500FE33CE520056C000C1767DD424544256C100BC9242767DD64B767DD2
:20A0C000D41C9B0595A959A8767DD42454A1670C767DD424520566039A006F04767DD424BB
:20A0D0009CFB767DD63D767DD41C59A9767DD42C93A155A967C6767DD41C767DD6596FC167
:20A0E00092425201FFE80094521FFFE60091767DD3BC544256C100C89242767DD58E6FB592
:20A0F0009242761F02ED520156B1010156B01243761F02ED56B10100FFEF00B692425201EA
:20A10000ED76761F02C656BF013A767DD6EF6F9D92421BA9060C686B1BA909F46668767D6C
:20A11000D3F0544256C100A09242767DD5E96F1092421BA9060C685B1BA909F46658767D3C
:20A12000D3F4544256C100909242767DD5F09A059B04FFEFFF7D767DD3805442EC48924203
:20A1300052026745761F02EE92325201EC135204EC115206EC0F5205ED3A761F02EE921F1A
:20A14000ED36761F02EE922DED32761F02C64C26EE2E9242767DD525FFEFFF581B4201F436
:20A150006626767DD3C45442EC5E9242767DD59CFFEFFF4C767DD3C85442EC199242520237
:20A160006716761F02C6924256BF013A767DD5A3FFEFFF3C92425201660A767DD3B85442A2
:20A17000EC429242767DD587FFEFFF3056BF12436F3A924152106217521056C1FA275207AD
:20A18000620B520756C1FA07520556C1F9F2520656C1F9F86F28520856C1FA06520D56C1AA
:20A19000FA216F215214620B521456C1FA41521156C1FA03521356C1FA286F15521556C162
:20A1A000FA4A93A99DE15346660E9CE176FF32D2FF8088A906A70DA61EA724A9DF0124A850
:20A1B0001EA776209243FE848BBE0006FE0A964397442B450843CF00FFEF06331B44270F8C
:20A1C000FFE6062C9244767DD54FFFEF063A1B44270FFFE606239244767DD548FFEF06319F
:20A1D0001B44270FFFE6061A9244767DD541FFEF06281B44270FFFE606119244767DD53A71
:20A1E000FFEF061F1B44270FFFE606089244767DD533FFEF05E19244520AFFE805FF52149C
:20A1F000FFE605FC9244767DD52CFFEF05D556BF0245FFEF060692445201FFE605EF761FEA
:20A2000002EE9602761F02EE9232520456C105F9761F02EE2B02FFEF05F49244520156C02A
:20A2100005DD761F02C656BF013A767DD6F8767DD6EF767DD6D49A059B04767E32199A056D
:20A220009B01767E32199A059B0DFFEF05A792445201FFE605C39244761F02EC961EFFEF91
:20A2300005D09244520156C005B9767DD4041BA90800ED05767DD46CFF58EC0C28A9080058
:20A24000767DD6130200767DD60C9A059B04767E3219761F02CE2B0D2B0C2B072B08FFEFA7
:20A2500005B0924456C1059A1BA91770FFE60596767DD4041BA9080056C00590767DD46C6D
:20A26000FF5856C0058B9244761F02CE960C3B01761F02B39211761F02CE960D9E0C85A9FB
:20A27000FF561BA901C256B21245FFEF058A924456C105741BA91770FFE60570761F02CEA6
:20A28000920CFFE5056B920856C00568767DD4041BA9080056C00562767DD46CFF5856C0FB
:20A29000055D9244761F02CE96083B01761F02B39211761F02CE96079E0D85A9FF56526464
:20A2A000FFE4054C92089E0C85A9FF565264FFE4054592079E0885A9FF561BA901C2FFE296
:20A2B000053D92079E0D85A9FF5685A91E4292089E0C85A9FF5656030BA900FE33013B01B5
:20A2C00096482D4856030B08330703AB1E4A92481BA909F4631E1BA9060C651B8F0E100050
:20A2D000A8A90F4A6516FF2CFF1F0F4A6312767DD4045448ED06767DD46C0F4A56C105210F
:20A2E0009248767DD613064A767DD60CFFEF04E456BF1245FFEF051592441BA9FFF8FFE4C5
:20A2F00004FD5208FFE204FA0200767DD60C767DD40493A9924494A8767DD613767DD4047D
:20A300001BA909F4650428A909F46F09767DD4041BA9060CFFE304C028A9060C767DD613C7
:20A31000FFEF04BA92445201FFE604D8761F02EE5200960456C104E5761F02EE9232520487
:20A32000ED04520056C104DD9A009B05FFEF04A69244520156C004C2761F02C656BF013A5E
:20A33000767DD6EF9A059B01FFEF049892441BA901A4FFE804B31BA90258FFE604AF924427
:20A34000761F02EC961DFFEF04BC924452DCFFE604A59244761F02EC961FFFEF04B29244FF
:20A35000520156C0049B767DD3E81BA9080056C104A828A90800767DD5DBFFEF046D767DDA
:20A36000D3AC9E449646767DD3AC761F02EB9E219647767DD3E81BA9080056C0047F924625
:20A370001BA9FF38FFE4047A52C8FFE2047792471BA9FF38FFE4047252C8FFE2046F761FCB
:20A3800002EB3B019221964685461E42884406A6FF3A1EA69246FFA080A906A681A700FEF3
:20A39000330196471BA9060CFFE404581BA909F4FFE204546FC192441BA9FFF8FFE4044E97
:20A3A0005208FFE2044B767DD3E893A9924494A8767DD5DB767DD3E81BA909F4650428A9CB
:20A3B00009DC6FAA767DD3E81BA9060CFFE3041428A9060C6FA19244520156C0042F767DB9
:20A3C000D3E41BA9080056C1043C28A908006F5B9244761F02E59E379646767DD3E41BA98F
:20A3D000080056C0041B92461BA9FF38FFE4041652C8FFE20413761F02E5923B5444FFE688
:20A3E000040D761F02E5923F5444FFE80407761F02E53B019237964685461E42884406A675
:20A3F000FF3A1EA69246FFA080A906A681A700FE330196471BA9060CFFE403F01BA909F460
:20A40000FFE203EC6F2092441BA9FFF8FFE403E65208FFE203E3767DD3E493A9924494A867
:20A41000767DD5D4767DD3E41BA909F4650428A909DC6F09767DD3E41BA9060CFFE303AC7D
:20A4200028A9060C767DD5D4FFEF03A69244520156C003C4767DD3EC1BA9080056C103D197
:20A4300028A908006F539244761F02EB9E249646767DD3EC1BA9080056C003B092461BA998
:20A44000FFE2FFE403AB521EFFE203A892445232FFE403A4761F02EB3B019224964685468F
:20A450001E42884406A6FF3A1EA69246FFA080A906A681A700FE330196471BA9060CFFE4DB
:20A46000038D1BA909F4FFE203896F2092441BA9FFF8FFE403835208FFE20380767DD3EC25
:20A4700093A9924494A8767DD5E2767DD3EC1BA909F4650428A909DC6F09767DD3EC1BA954
:20A48000060CFFE3034928A9060C767DD5E2FFEF03439244520156C00361767DD3E01BA9AE
:20A49000080056C1036E28A908006F539244761F02E39E2C9646767DD3E01BA9080056C003
:20A4A000034D92461BA9FFE2FFE40348521EFFE2034592445232FFE40341761F02E33B01D1
:20A4B000922C964685461E42884406A6FF3A1EA69246FFA080A906A681A700FE33019647CF
:20A4C0001BA9060CFFE4032A1BA909F4FFE203266F2092441BA9FFF8FFE403205208FFE26A
:20A4D000031D767DD3E093A9924494A8767DD5CD767DD3E01BA909F4650428A909DC6F09C5
:20A4E000767DD3E01BA9060CFFE302E628A9060C767DD5CDFFEF02E09244520156C002FE8F
:20A4F000767DD3DC1BA9080056C1030B28A908006F539244761F02E39E2E9646767DD3DC84
:20A500001BA9080056C002EA92461BA9FFE2FFE402E5521EFFE202E292445232FFE402DED4
:20A51000761F02E33B01922E964685461E42884406A6FF3A1EA69246FFA080A906A681A7C5
:20A5200000FE330196471BA9060CFFE402C71BA909F4FFE202C36F2092441BA9FFF8FFE420
:20A5300002BD5208FFE202BA767DD3DC93A9924494A8767DD5C6767DD3DC1BA909F465040B
:20A5400028A909DC6F09767DD3DC1BA9060CFFE3028328A9060C767DD5C6FFEF027D92443A
:20A55000520156C0029B767DD3F81BA9080056C102A828A908006F589244761F02E79E26E2
:20A560009646767DD3F81BA9080056C0028792461BA9FF6AFFE402825296FFE2027F92444A
:20A570001BA907D0FFE4027A1BA91388FFE20276761F02E73B019226964685461E428844D4
:20A5800006A6FF3A1EA69246FFA080A906A681A700FE330196471BA9060CFFE4025F1BA9B1
:20A5900009F4FFE2025B6F2092441BA9FFF8FFE402555208FFE20252767DD3F893A99244B7
:20A5A00094A8767DD5F7767DD3F81BA909F4650428A909DC6F09767DD3F81BA9060CFFE314
:20A5B000021B28A9060C767DD5F7FFEF02159244520156C00233767DD3FC1BA9080056C1AE
:20A5C000024028A908006F549244761F02E79E2B9646767DD3FC1BA9080056C0021F924607
:20A5D0001BA9FED4FFE4021A1BA9012CFFE202161B4401F4FFE40212761F02E73B01922B2A
:20A5E000964685461E42884406A6FF3A1EA69246FFA080A906A681A700FE330196471BA998
:20A5F000060CFFE401FB1BA909F4FFE201F76F2092441BA9FFF8FFE401F15208FFE201EEA1
:20A60000767DD3FC93A9924494A8767DD5FE767DD3FC1BA909F4650428A909DC6F09767D57
:20A61000D3FC1BA9060CFFE301B728A9060C767DD5FEFFEF01B19244520156C001CF767DA0
:20A62000D4001BA9080056C101DC28A908006F589244761F02BC9E3F9646767DD4001BA979
:20A63000080056C001BB92461BA9FF6AFFE401B65296FFE201B392441BA907D0FFE401AE11
:20A640001BA91388FFE201AA761F02BC3B01923F964685461E42884406A6FF3A1EA692465B
:20A65000FFA080A906A681A700FE330196471BA9060CFFE401931BA909F4FFE2018F6F2031
:20A6600092441BA9FFF8FFE401895208FFE20186767DD40093A9924494A8767DD605767D44
:20A67000D4001BA909F4650428A909DC6F09767DD4001BA9060CFFE3014F28A9060C767DF9
:20A68000D605FFEF01499244520156C00167767DD4081BA9080056C1017428A908006F5839
:20A690009244761F02EA9E019646767DD4081BA9080056C0015392461BA9FF6AFFE4014E9C
:20A6A0005296FFE2014B92441BA907D0FFE401461BA91388FFE20142761F02EA3B01920117
:20A6B000964685461E42884406A6FF3A1EA69246FFA080A906A681A700FE330196471BA9C7
:20A6C000060CFFE4012B1BA909F4FFE201276F2092441BA9FFF8FFE401215208FFE2011E10
:20A6D000767DD40893A9924494A8767DD61A767DD4081BA909F4650428A909DC6F09767D50
:20A6E000D4081BA9060CFFE300E728A9060C767DD61AFFEF00E11B441D4CFFE700FF9244C7
:20A6F000761F02EC9625FFEF010C1B441770FFE600F59244761F02EC9627FFEF0102924474
:20A70000EC091BA905DCFFE900E91BA91194FFE700E59244761F02E7960AFFEF00F29244F0
:20A710001BA90100FFE600DAFFC0761F02CE9C019609FFEF00E69244520156C000CF767D70
:20A72000D3F01BA9080056C100DC28A908006F5E767DD3805200ED089244761F02E59E1262
:20A73000964692126F079244761F02E39E10964692109647767DD3F01BA9080056C000AE74
:20A740003B018546FF5652C8FFE200A892441BA907D0FFE400A31BA90A28FFE2009F9247B4
:20A75000964685461E42884406A6FF3A1EA69246FFA080A906A681A700FE330196471BA926
:20A76000060CFFE4008B1BA909F4FFE200876F1E92441BA9FFF8FFE400815208627E767D81
:20A77000D3F093A9924494A8767DD5E9767DD3F01BA909F4650428A909DC6F08767DD3F044
:20A780001BA9060C634828A9060C767DD5E96F4392445201ED62767DD3F41BA90800EC7098
:20A7900028A908006F36767DD3805200ED089244761F02E59E1B9646921B6F079244761F29
:20A7A00002E39E0F9646920F9647767DD3F41BA90800ED433B018546FF56521E623E9244B5
:20A7B0005232643B9247964685461E42884406A6FF3A1EA69246FFA080A906A681A700FE9F
:20A7C000330196471BA9060C64281BA909F46225767DD5F09A059B04767E32196F31924413
:20A7D0001BA9FFF8641A52086218767DD3F493A9924494A8767DD5F0767DD3F41BA909F421
:20A7E000650428A909DC6FE5767DD3F41BA9060C63E228A9060C6FDD56BF12456F11924321
:20A7F0005240660E560301A976FF336088A906A70DA61EA724A9DF0124A81EA77620924537
:20A80000FE8A0006FE04964197422B430841D8006F0A9242761F02CE520156B61243562A83
:20A81000090A6F039241ECF69243FE840006FE04964197422B430841A0006F719242761F3F
:20A8200002805201562A09306F0E9242761F02805201562A09316F079242761F0280520161
:20A83000562A093256B612436F6A9242761F02805201562A09336FF792421BA901E0684092
:20A840001BA90258663D9242761F028096346F5792421BA901E068341BA90258663192421E
:20A85000761F028096356F4B92421BA901A468281BA9021C66259242761F028096366F3FAD
:20A860009242761F028096376F3A9242761F028096386F351B4203E866139242761F02806E
:20A8700096396F2D9242761F0280963A6F289242520F66069242761F0280963B6F2056BF0A
:20A8800012436F1D9242761F0280963C6F189242761F02805201562A093D6FA59241520D49
:20A89000660E560301A976FF33E288A906A70DA61EA724A9DF0124A81EA776209243FE8426
:20A8A0000006FE04761F02809228761F02D39600761F02EE9232761F02D39601761F02DE00
:20A8B0002B439230761F02D39602761F02C6922D761F02D590079614761F02EC9232761FB1
:20A8C00002D39604761F02EC0632761F02D39705761F02B5061A761F02D39706761F02B589
:20A8D000921A761F02D39607761F02EE92325204ED05761F028092166F065200EC07761F16
:20A8E00002CE920B761F02D39603761F02B39211761F02D39608761F02EE9205EC06761F50
:20A8F00002E9923B96436F022B4392439B0A00FE3354761F02D38F0003E89609761F02B30C
:20A90000A8422D43121100FE3301BE64761F02D3960A761F02DE9227761F02D3960B761F8E
:20A9100002EB9221761F02D3960C761F02EB9224761F02D3960D761F02EB9226761F02D392
:20A92000960E761F02EC9200761F02D3960F761F02EB02002D24761F02EB3721761F02D336
:20A93000F61F561700A63F10761F02E39224761F02D39611761F02E3922C761F02D3961205
:20A94000761F02E3922A761F02D396132B14761F02E49218761F02D39615761F02E4921A0E
:20A95000761F02D39616761F02E59237761F02D396172B18761F02E69208761F02D3961902
:20A960002B1A2B1B2B1C2B1D761F02E49200761F02E49418761F02D3961E761F02E40600EA
:20A97000761F02E40718761F02E41EA6060A761F02E4071A0FA66508761F02E4920A761F74
:20A9800002E4941A6F07761F02E49200761F02E49418761F02D3961F761F02E39B0A9207A2
:20A99000761F02D39620761F02DE922A00FE3354761F02D39B0A9621761F02DE923100FED5
:20A9A0003354761F02D39B0A9622761F02DE923200FE3354761F02D39623761F02BC923F44
:20A9B0009B0A761F02D396242B2556BF0127761F02E79226761F02D39626761F02B39211E8
:20A9C000761F02D39628761F02E7922B00FE33C9761F02D39629761F02E7922A761F02D34D
:20A9D000962A761F02DE9234761F02DE96439232761F02DE5443562A0243922B5443562AB5
:20A9E00002439B0A924300FE335428AC0030761F02D3962B761F02DE9230761F02D3962C81
:20A9F0002B2D761F02E3922E761F02D3962E761F02EA9201761F02D3962F761F02EDA31EFF
:20AA00000620761F02D3565B28AC00203F39761F02EDA31E0620761F02D3565B3F3A761FF5
:20AA100002ED28AC0030A31E0620761F02D3569F3F3B761F02ED921E761F02D3963C2B3D9B
:20AA20002B3E2B3F761F02D42B002B012B022B032B042B052B062B072B08761F02EDA312F8
:20AA30000614761F02D4565B28AC00203F09761F02EDA3120614761F02D4565B3F0A761F47
:20AA400002EDA3120614761F02D4569F3F0B761F02ED9212761F02D4960C2B0D2B0E2B0FAE
:20AA50002B102B112B122B132B142B152B162B172B18761F02EA9228EC08761F02C7921080
:20AA6000761F02D496236F04761F02D42B23761F02E59212761F02D49625761F02E5921B17
:20AA7000761F02D49626761F02E51B1202586808761F02E59210761F02D496276F04761FDE
:20AA800002D42B27761F02E69214761F02D49628761F02E39210761F02D49629761F02E382
:20AA9000920F761F02D4962A761F02E3920D761F02D4962B761F02E49200761F02D4962C5B
:20AAA000767DD380761F02D428AC0030962D761F02EDA3160618761F02D4565B28AC0020B3
:20AAB0003F32761F02ED0618A316761F02D4565B3F33761F02ED0618A31628AC0030761F38
:20AAC00002D4569F3F34761F02ED9216761F02D496352B362B372B382B392B3A2B3B2B3C1A
:20AAD0002B3D2B3E2B3F761F02D52B002B01761F02EDA31A061C761F02D5565B28AC0020F4
:20AAE0003F02761F02ED061CA31A761F02D5565B3F03761F02ED061CA31A761F02D5569F8F
:20AAF0003F04761F02ED921A761F02D59605FE842B062B072B082B092B0A2B0B2B0C2B0DA6
:20AB00002B0E2B0F2B102B110006761F02CE2B2C2B2D2B2E2B2F2B302B312B322B332B34AD
:20AB10002B352B362B372B382B392B3A0006761F02CF56BF50002801040B280203E8767DC5
:20AB2000D3BC761F02CF560308A99C019603767DD398761F02CF9604767DD394761F02CFC2
:20AB30009605767DD390761F02CF9606767DD38C761F02CF9607767DD388761F02CF96086B
:20AB4000767DD384761F02CF96092B0A280B05492B0C280D03E8280E03F2280F03E8000646
:20AB5000FE04767DD3F8761F02CF9610767DD3FC761F02CF9611767DD400761F02CF961275
:20AB6000767DD3E4761F02CF9613767DD408761F02CF9614767DD398761F02CF9615767DDB
:20AB7000D394761F02CF9616767DD390761F02CF9617767DD38C761F02CF9618767DD404B2
:20AB8000761F02CF9619767DD46C8F002710A84200FE3310761F02CF961A767DD3E8761F23
:20AB900002CF961D767DD46C8F002710A84200FE3301761F02CF961E767DD384761F02CF42
:20ABA0009620767DD388761F02CF9621767DD3EC761F02CF9623767DD3E0761F02CF9624DD
:20ABB000767DD3DC761F02CF9625767DD3DC761F02CF962556BF6429761F02C74125EF1991
:20ABC0009224761F02D190FF08A901909600761F02C7922390FF761F02D108A9019096030B
:20ABD000761F02C7CC23FF00FFC708A901906F0D767DD428761F02D19600767DD45C761FF0
:20ABE00002D19603767DD438761F02D19604767DD3AC761F02D19609767DD3B01BA913889A
:20ABF000ED05761F02D12B0A6F05761F02D156BF010A767DD3B4761F02D1960B767DD4640C
:20AC0000761F02D1960C767DD40C761F02D1960D767DD414761F02D1960E767DD458BE0A7E
:20AC1000761F02D10EA9F60F1FA6960F767DD458BE0A761F02D10EA9F60F1FA69610767D2D
:20AC2000D4689B0A00FE3354761F02D19611767DD410761F02D19612767DD3D0761F02D1BA
:20AC30009613767DD3A4761F02D19614767DD3A0761F02D19615767DD3C0761F02D19616CC
:20AC4000767DD3A8761F02D19618767DD42C761F02D19619761F02ED9229964356030843AA
:20AC5000942A761F02D1961A9643761F02ED922B964356030843942D761F02D1961B9643C4
:20AC6000761F02ED922E964356030843942F761F02D1961C761F02ED9643922C761F02D1B3
:20AC7000961D761F02ED92229643560308439423761F02D1961E761F02ED9643922496439D
:20AC8000560308439426761F02D1961F9643767DD41C761F02D19620767DD424761F02D10C
:20AC90009621767DD3D4761F02D19622767DD3CC761F02D19623767DD450761F02D1962B40
:20ACA000767DD43C761F02D1962C767DD444761F02D1962D767DD440761F02D1962E767D0B
:20ACB000D44C761F02D1962F767DD454761F02D19630767DD418761F02D19637767DD39C78
:20ACC000761F02D19638767DD460761F02D19639767DD420761F02D1963A767DD3BC761FAA
:20ACD00002D1963D767DD370761F02D19624767DD374761F02D19625767DD3D8761F02D103
:20ACE0009626767DD378761F02D19627767DD37C761F02D19628767DD3F0761F02D2960117
:20ACF000767DD3F4761F02D29602767DD380761F02D29603767DD3C4761F02D29604767DC1
:20AD0000D3C8761F02D29605767DD3B8761F02D29606FE840006761F02C7CC250002761FA3
:20AD100002CEFFC0961D761F02C7CC250004761F02CEFFC1961E761F02C7CC250008761FC9
:20AD200002CEFFC2961F761F02C7CC250010761F02CEFFC39620761F02C7922390FF761F5A
:20AD300002CE08A901909621761F02C7CC23FF00FFC7761F02CE08A901909622761F02C76B
:20AD4000922490FF761F02CE08A901909623761F02C79226761F02CE9624761F02C7922702
:20AD5000761F02CE9625761F02C7CC24FF00FFC7761F02CE2DA9350A96262B27761F02C7CA
:20AD6000CC2501E0761F02CEFFC49628761F02C7CC25F800761F02CEFFCA9629761F02C789
:20AD700092259001761F02CE962A0006FE047C4397429641767DD3D05200EC342B44924492
:20AD80005205670B58448F00B38E92945441EC2C0A449244520568F7761F02CE58038F0082
:20AD9000B38E92410A0396949203520568022B03761F02809227ED11761F02CE92025205B6
:20ADA000670C58028F00B39392410A02969492428F00B39896946F0892419342767DADDB76
:20ADB0006F03767DAE32FE840006FE022B412B426F1858418F00B39392948F00B3989394C1
:20ADC000767DADDB58418F00B3932B945841761F02CE8F00B3980B022B9456BF01420A4184
:20ADD000761F02CE9202EC05761F02809227EDE29242FE820006FE048F00B600761F02CED4
:20ADE00097429641A84492C496019C015280960168022B018A44920196C48A4492CC520AEB
:20ADF00068038A442BCC8A4492CC8A44960496CC2D04350531058A449C02761F02ED58A98B
:20AE0000934192AB9C0327A9979458AB8A44560308293105942A969492AB9C0427A98A4493
:20AE100058AB5603082B3105942D969492AB9C0527A98A4458AB5603082E942F969435053D
:20AE20008A449C0658A9934297948A44761F02CE0ACC0A0056BF01059200520A56B60A006F
:20AE3000FE840006FE022B4192415205671158418F00B38E2B9458418F00B3932B9458417E
:20AE40008F00B3982B940A419241520568F1761F02CEFE822B032B020006B2BD767E2FAD06
:20AE50009A029B00D40FD500767E30A6767E2FBB767E23E95202EC049A02767E23FFD1FA8A
:20AE60009A00767E31ED761F02EE96334133EF089A00767E23FF9A00767E24696F3E403382
:20AE7000EFF0767E10545200ED0C761F02EE9203ED089A00767E23FF9A00767E24696F34C3
:20AE8000761F02EC9213761F02EB9CFE542167039A036F2B92A19CFF59A9EDD39A00767E3A
:20AE900023FF9A00767E2469761F02EE9203EC0A761F02BC923F761F02EC08A9012C540E6E
:20AEA000680E761F028056BF04169A04D404761F02EB9321767DAD769A046F07761F02EE7B
:20AEB0002B0A56BF010B9A018BBE0006B2BDAABDA2BDFE029A03767E24698D4007D0D23247
:20AEC000D3FA2B419A00767E31ED761F02EE9633413356CD00884533EE0B4033EFF4767E65
:20AED00010035200ED05767E10545200ED0A761F01BF9A001A0C1000767E24699A016F7A40
:20AEE000761F02EE9205ED3F92A2ED4E761F02E92D3D3507761F02BC543F6916761F02EC8D
:20AEF0009214ED0D761F02E91B3D01CC670892A3761F02EE56B1010AEC02DB81761F01BF23
:20AF00001A0A10006F32761F01BF1A0C1000D23228410001761F02EA9301761F02BC08A84B
:20AF1000012C553F660354A867209A00767E2469761F02EE1BA101F456BF010567168D40BE
:20AF200001F46F1392A2ED10767E23ED5200EC08767E23ED5202ED09767DAE4D6F2B9A01AE
:20AF3000767E24696F02DA81D98192A1ED8C761F02EE9205CA41ED0B761F028056BF03164A
:20AF40009A03D403761F02BC933F6F0A761F028056BF1D169A1DD41D761F02EA9301767DD0
:20AF5000AD76761F01BF9A001A0C1000767E24699A04FE8282BE86BE8BBE0006B2BDAABD51
:20AF6000A2BDFE048F406FC09A018AA5DC0C1AC410001AE50200767DD873767E102352001A
:20AF7000ED049A03767E24698D4007D0D3FAD2322B442B432B422B419A00767E31ED761F46
:20AF800002EE96334133EF042B0AFFEF0119921FED034233EE0B5201ED034333EE079333D1
:20AF9000923391209040CAA8EC0E761F01BF1A0C10009A00761F02EE2B0A767E24699A01F4
:20AFA000FFEF01064033EFD9767E10235200ED659243ED6392425201EC60767E23ED5203A5
:20AFB000ED5792A2ED53761F02E92D3D3507761F02BC543F6929761F01BF1A0A1000761F0D
:20AFC00002E91B3D01CC69041BA103E8671A761F02EE921FED06761F02E51B35051467084F
:20AFD0005201ED0F761F02E51B130514680A0A419241520AFFE800A528420001FFEF00A1DD
:20AFE0002B41FFEF009E761F01BF1A0C1000D23228440001761F02EA9301761F02BC08A845
:20AFF000012C553F660454A8FFE7008B9A00767E2469761F02EE1BA101F456BF01052843D2
:20B000000001677E8D4001F46F7BDA816F799A03767E2469D2326F74761F01BF1A0C1000CB
:20B01000767E23ED5200EC049A00767E2469761F02EE921FEC05761F02E592126F04761F70
:20B0200002E592371BA902BC670328A902BC28AC00B5290130A9761F02BCD232FF4608A90C
:20B03000FC18543F664CDB8192A3ED4A761F02EE2B05921F761F02B356B1011D761F02B3C0
:20B0400056B0011B767E2FADD40FD5009A009B64767E30A6D40FD5009A009B64767E30A6C8
:20B05000761F02EA9228ED049A019B326F039A019B02D40FD500767E30A6761F02EE921FEA
:20B06000761F02B156B1011A761F02B356B001209243EC119A009B64D40FD500767E30A608
:20B070009A009B64D40FD500767E30A6761F02EE56BF0105767E2FBB9A056F29D3FAD981C9
:20B0800092A156C0FEFB761F02EE9205ED0D9244EC0B761F028056BF1D169A1DD41D761FEF
:20B0900002EA93016F0A761F028056BF03169A03D403761F02BC933F767DAD76761F01BF5E
:20B0A0009A001A0C1000767E24699A04FE8482BE86BE8BBE0006B2BD761F02EE8D4001F496
:20B0B00056BF010356BF010A9A00767E31ED761F02EE96334133EF0A761F01BF9A001A0CCB
:20B0C0001000767E24699A046F294533EF09761F01BF9A001A0C1000767E24696F1E403393
:20B0D000EFE4761F02EC92145201EC17761F02EE922DEC13761F02EC920E761F02BC543FC2
:20B0E0006604767DAE4D6F0AD98192A1EDCE761F02EE56BF010B2B0A9A018BBE0006B2BD03
:20B0F000AABD761F02EE9A0356BF010A767E24698D8001F4D1329A00767E31ED761F02EEE0
:20B1000096334133EF0A761F01BF9A001A0C1000767E24699A046F4D4533EF06761F01BF37
:20B110001A0C10006F424033EFE7761F02EC92145201EC3B767E105C5200EC37761F02EEF2
:20B120009205ED2392A1ED28761F02EC920E761F02BC543F6622761F02EA8801761F02BC32
:20B1300008A6012C92A6543F6607761F02E92D3D350754A667129A00767E2469D132761FA0
:20B1400002EE56BF01056F0992A1ED069A02767E24699A066F0ED981DA8192A2EDAD761FF4
:20B1500002EE56BF010B2B0A9A00767E24699A0186BE8BBE0006B2BDAABD8D8003E8D1FAB7
:20B160009A00767E31ED761F02EE96334133EE74921FED034233EE075201ED034333EE034A
:20B170004533EF039A016F694033EFEB5201ED05761F02E592126F04761F02E592371BA9B4
:20B1800002BC670328A902BC28AC00B5290130A9761F02BCFF4608A9FC18543F6639D98183
:20B1900092A1ED37761F02EE921F761F02B356B1011D761F02B356B0011B767E2FADD40F84
:20B1A000D5009A009B64767E30A6D40FD5009A009B64767E30A6761F02EA9228ED049A0175
:20B1B0009B326F039A019B02D40FD500767E30A6767E2FBB761F02EE921F761F02B156B123
:20B1C000011A761F02B356B001209A026F16D1FADA8192A2ED96761F02EE92325204EC0C4E
:20B1D000761F028056BF03169A03D403761F02BC933F767DAD769A0486BE8BBE0006B2BDCB
:20B1E000AABDA2BDD200D300D1009A00767E31ED761F02EE96334133EF049A04FFEF015EC7
:20B1F000423356BD01A2433356BD01A34033EFEE767E1023520056C000CF767DFE9D520059
:20B20000ED0392A2EC07767DFEAF5200ED6D92A3ED6B767DFE9D5200ED0392A2EC0B767D50
:20B21000FEAF5200ED0A92A3761F02EE56B1011F6F04761F02EE2B1F761F02EE922DEC05D0
:20B22000761F02C64C26EE11761F02EC4022EE0D4122EE0B4222EE094322EE07761F02EECA
:20B2300056BF0707FFEF0119767DD3B45202ED2A761F02EE922DEC26761F02C64C26EF22B8
:20B24000767E0FF75200ED1E761F02EE921BED1A767E10545200EC16761F02C6CC220080E7
:20B25000761F02E3FFC6CA12ED0D761F02C7920D5205EC0E5202EC0C761F02EE56BF080786
:20B260006F2F761F02C7920D520356C100CB92A19C0159A95232FFE5FF7A761F02EE56BFAF
:20B270000907FFEF00A5767E10035200ED3A761F02B39214ED36767E10135200ED32761F6B
:20B2800002EE922DEC2E761F02C64C26EF2A767E10545200EC09761F02EE56BF0F07767DBB
:20B29000AEB6FFEF00BB761F02EC9214EC07761F02EE56BF0D07FFEF00B0761F02EE920B07
:20B2A00056C0FF45922D56C1FF42761F02EA922856C0FF3D761F02EE56BF0E07FFEF008B68
:20B2B000761F02EC9214EC07761F02EE56BF0A07FFEF0093761F02EC4022EF07761F02EED6
:20B2C00056BF0B07FFEF0082761F02EE56BF0C07FFEF0083767DFE9D5200ED0392A2EC07C2
:20B2D000767DFEAF5200ED4692A3ED44767DFE9D5200ED0392A2EC0B767DFEAF5200ED0AEF
:20B2E00092A3761F02EE56B1011F6F04761F02EE2B1F761F02EC9222FFC0CA22FFC0CA229E
:20B2F00041A9EE1B761F02EE922DEC05761F02C64C26EE06761F02EE56BF05076F4D92A1BE
:20B300009C0159A95232FFE5FEE2761F02EE56BF0407767DB15B6F4192A19C0159A952329C
:20B31000FFE5FED5761F02EE56BF0307767DAF5E6F34761F02EE921BEC05767E105C52004A
:20B32000ED1C761F02EE920B761F02ECCA14ED09761F02EE922DEC05761F02EA9228EC0629
:20B33000761F02EE56BF0E076F17761F02EE56BF0607767DB0AB6F11761F02EC4022EF0877
:20B34000761F02EE56BF0F07767DB0EF6F06761F02EE56BF10079A0182BE86BE8BBE000617
:20B35000AABD8D8001F49A00767E31ED761F02EE96334133EF059A00767E24696F2C4033E9
:20B36000EFF3761F02E92D3D3507761F02EA540167041B0103E866069A00767E24699A015B
:20B370006F1B767E23ED5204EC049A04767E2469000AFFDB761F02809A0056BF1D16767EF9
:20B380002469761F02EA9A1D9301761F02805C16767DAD769A0486BE0006B2BDAABDA2BD98
:20B39000761F01BF1A0C1000767E23ED5203EC079A00767E24699A03767E24698D8003E895
:20B3A000D132D3329A00767E31ED761F02EE96334133EF079A002B0A767E24699A046F596B
:20B3B000921FED034233EE055201ED094333EF079A002B0A767E24699A0A6F4B4533EF07A3
:20B3C0009A002B0A767E24699A016F434633EF079A002B0A767E24699A036F3B4033EFD395
:20B3D000761F02B29229EC059A00767E23FF6F2D92A3ED279AC8761F02BC943F761F02EACA
:20B3E0005405681D92A1ED19761F02EA8801761F02BC08A6012C92A6543F6607761F02E946
:20B3F0002D3D350754A6670E9A00767E2469761F02EE56BF01056F0CD9816F04D1326F02B1
:20B40000DB81DA8192A2ED9F9A00767E24699A0582BE86BE8BBE0006B2BDAABDA2BD761F5E
:20B4100001BF9A031A0C1000767E24698D8003E8D132D3329A00767E31ED761F02EE96330E
:20B420004133EF0A761F01BF9A001A0C1000767E24699A046F3F4533EF0A761F01BF9A004D
:20B430001A0C1000767E24699A016F344033EFE392A3ED28761F02E92D3D3507761F02BCFF
:20B44000543F661E93A1ED1A761F02EA9301761F02BC08A8012C553F660354A86714761F4C
:20B4500002EE56BF320E767E10609A00767E2469761F02EE56BF01056F0CD9816F04D1322D
:20B460006F02DB81DA8192A2EDB69A00767E24699A0382BE86BE8BBE0006B2BDAABD761FD7
:20B4700002EE2B2F9A00761F01BF1A020200767DD873D232D1FA6F0892A2761F02EE56B121
:20B48000010AEC02DA819A00767E31ED761F02EE96334133EE444533EE3D4033EFF5767ECA
:20B4900010235200EC05761F02EE921BEC33767E105C5200EC2F767DFE9D5200EC05767D44
:20B4A000FEAF5200ED05D98192A1ED036F23D1FA761F02EC4022EF1E761F02EE922D520138
:20B4B000ED15761F02C64C26EF11767E10035200ED0D761F02B39214ED09761F02EE921B40
:20B4C000ED05767E10545200ED05761F02EC9214ECB4761F02EE56BF01326F0B9A00767E40
:20B4D00023FF9A00767E2469761F02EE56BF043286BE8BBE0006B2BDAABDA2BDFE02761FF2
:20B4E00002CE9205EC089A059B0D767E3219761F02CE2B05761F02EE8D8001F42B41D10012
:20B4F000D3002B1C6F2A52FAED28761F01BF1A0A00806F23D90192A152FA660752C8761F28
:20B5000002EE56B6011C6F19761F01BF1A0404001BA108CA6607761F02BC1B3F03206807D9
:20B510006F0C761F02BC1B3F03206747761F01BF284100011A0204009A00767E31ED761F02
:20B5200002EE96334133EF0492325204ED3F4033EFF49241ED37922DEC13767E1013520031
:20B53000ED0F761F02EE92325204ED21920CEC1F761F028092165211EC1A520BEC18761F8B
:20B5400002E71B2603206713761F02E51B370226670E761F02E51B1202266709761F01BF23
:20B550004500EF05761F02CE920AECA5DB0192A35232660392A1EDC1761F01BF1A040400BA
:20B560006F0FDA8192A2ED906F0356BF04328F406FC08AA5DC0C1AC400801AE50400761F79
:20B5700002EEFE822B1C82BE86BE8BBE0006B2BDAABDA2BDFE04761F02EE8F406FC02B0547
:20B580009A018AA5DC0C1AC410001AE50200767DD873761F02EE9A002B0A767E23FF9A00C8
:20B59000767E2469761F0280921696435209ED04761F02EE0A215201ED04761F02EE0A288B
:20B5A0005207ED04761F02EE0A295208ED04761F02EE0A2A520AED04761F02EE0A22522114
:20B5B000ED04761F02EE0A265222ED04761F02EE0A125223ED04761F02EE0A139243D3001F
:20B5C000D1002B422B41D2005214EC095213EC07521FEC055220EC035212ED04761F02EE9F
:20B5D0000A15520FEC03520DED04761F02EE0A10761F02B1921EEC5C761F02EE921FED2773
:20B5E000761F02B3921D761F02B1CA1AEC472B1A761F02EA9228EC17767E2FAD9A009B6407
:20B5F000D40FD500767E30A69A009B64D40FD500767E30A69A009B64D40FD500767E30A683
:20B60000767E2FBB761F02B32B1D6F285201ED26761F02B3921B761F02B3CA20EC1F2B203C
:20B61000761F02EA9228EC17767E2FAD9A009B64D40FD500767E30A69A009B64D40FD500A0
:20B62000767E30A69A009B64D40FD500767E30A6767E2FBB761F02B32B1B761F02B12B1E26
:20B63000767DD3805201ED04761F02B12B19761F02B12B1A761F02B32B1D767DD38052002D
:20B64000ED07761F02B32B20761F02B32B1B761F02EE2B2F761F02CE9205EC239A059B0DA0
:20B65000767E3219761F02CE2B056F1B922DED061BA203B667038D8003B6DA011BA203E8A1
:20B6600066035200ED0892028D8002EECAA1ED03767DB4DB9A00767E31ED761F02EE9633B2
:20B67000767DADB55201ED059A059B0D767E3219761F02EE4133EF05761F02809216964315
:20B68000761F02EE4033EFE79243EC10761F02805416EC0A1BA301F4562A071656B700A394
:20B690006709DB016F07D3006F05761F028092169643520A56C100B1520556C100A9521458
:20B6A00056C100825213EC7F521FEC7D5220EC7B5212EC795201EC6C5210EC62520BEC5BA6
:20B6B0005209EC535207EC4B5208EC435211EC36520FEC27520DEC25521CEC1E5221EC1671
:20B6C0005222EC0C522356C00094761F02EE92135203FFE8008BFFEF008B761F02EE92124C
:20B6D0005203FFE80083FFEF0083761F02EE92265203687B6F7C761F02E59231EC766F7743
:20B6E000761F02E89200761F02E7CA10ED70761F02EE9210520368696F6A761F02B54C1AAC
:20B6F000EE060A411B410BB866606F622B416F5F761F02EE922A520368586F59761F02EE68
:20B700009229520368526F53761F02EE92215203684C6F4D767E10485200EC476F48761F83
:20B7100002E79211761F02E7CA01EC3F6F40761F02EE92285203673B761F02BC1B3F1194E2
:20B7200068346F35761F02EE1B0D012C691E767DD3A05200EC2D8F00AD5A92C4CDC4010019
:20B730009040CAA8ED2540CCEE23761F02B54E1AEE1F451AEE1D761F02EE9215520356B8CE
:20B7400001A156B8010C6F142B0C6F11761F02B29237EC0B6F0C767DD3A45201ED08761F27
:20B7500002EE922252036703D1016F02D100924352286805761F02EA9228EC08761F02EEF2
:20B760009202CAA156C1FEF46F02D101761F02EE920856C1FEED0A421B4201F4FFE9FEE8F1
:20B770008F006FC04BCCEF0DD0094794EE05767DD8675201ED06761F02EE56BF02326F0587
:20B78000761F02EE56BF0132761F02802B16761F02EE2B022B0D767DAE32FE8482BE86BEC1
:20B790008BBE0006B2BDAABDA2BDFE02767DD3D8767DD370FFC72DA9353C8BA9767DD370CA
:20B7A00090FF94A15AA9767DD374FFC72DA9353C8BA9767DD374761F02ED90FF2D2D94A16B
:20B7B0009641353C942E5BA9767DD3D859A9767DD3705200ED05767DD3745200EC7992A22C
:20B7C00054A36676924154A3687392A1EC711BA1FFFFEC0692A393A19EA255A96969767D49
:20B7D000D4145203ED06761F02809230EC615939767DD3B85200EC0E761F02EE9232520507
:20B7E000EC035202ED072B2C761F02EE2B199A016F50767DD4145203EC07767DD378761FA2
:20B7F00002E9543D673C767DD4145203ED05767DD37C54A16734767DD4145203ED17761F5D
:20B8000002EE922C5201EC06767DD37C54A168E06F2F767DD37C9C6454A168041BA103DED8
:20B810006927761F02EE2B2C6FD3761F02EE92195201EC08767DD378761F02E9543D671825
:20B820006FC7767DD378761F02E99C28543D68BD761F02DE92305202ED0B6FB7767DD41416
:20B83000761F02EE520356B1012C56B001199A00FE8282BE86BE8BBE0006767DD85B520164
:20B84000EC38767DD3805201ED49761F02EA9228ED45761F02B19219ED41761F02EE92321E
:20B850005205EC035202ED088F006FC04BCCEF04D0094794EE0B5203ED31761F02B1921E69
:20B86000EC2D767E194F5201ED29767DB7925201ED25767E2FAD9A019B32D40FD500767E65
:20B8700030A6767E2FBB761F02B156BF01190006761F02EA9228ED05767DB7925200ED0ED1
:20B88000767E2FAD9A019B32D40FD500767E30A6767E2FBB761F02B12B190006B2BDAABDA8
:20B89000A2BDFE02761F01BF9A001A020200767DD873767E23E95202EC049A02767E23FFF8
:20B8A000761F02DD4131EE031A310002761F02EED100D3FAD2FA2B419203ED08767E23ED7B
:20B8B0005202EC049A02767E2469767E10606F272B41761F02EE9203ED19767E1036520005
:20B8C000ED15767E105C5200EC11767E10545200EC0D761F02EE920EED07767E23ED5202A3
:20B8D000EC0C9A026F080B0E6F08767E23ED5200EC049A00767E2469767DB83D9A00767EE6
:20B8E00031ED761F02EE9633413356CD0235453356CD022A4833EF17761F02B1921EED13CE
:20B8F000767E194F5201ED0F767E2FAD9A019B32D40FD500767E30A6767E2FBB761F02B1AD
:20B9000056BF011E761F02EE4933EF09761F02B12B1E761F02EE922D56C10209473356CD66
:20B91000013E921FED034233EE055201ED044333EF02D1004033EFC3761F01BF4B01EE0996
:20B92000767E194F761F02EE520156B1012FEC04761F02EE2B2F9217EC069216ED032B1758
:20B930006F020B16761F01BF4B0156CC008C767E194F520156C00087761F02EE921756C086
:20B940000082767DFE9D5200ED05761F02EE921EEC0A767DFEAF5200ED75761F02EE921EDF
:20B950005201ED70767DFE9D5200ED05761F02EE921EEC0C767DFEAF5200ED09761F02EEBB
:20B96000921E520156B1011F6F022B1F761F02EE9203ED0A767E10545200ED0692A152327D
:20B970006904D1FA6F05D2FA92A152FA6849767DD3B45202ED1A761F02EE9203ED1A767E25
:20B980000FF75200ED12761F02C6CC220080761F02E3FFC6CA12ED09761F02EE921BED0550
:20B99000767E10545200ED5E761F02EE9203EC1C921FED0B761F02BC923F761F02E508A986
:20B9A00003E85438FFE80173761F02EE921F5201ED0B761F02BC923F761F02E508A903E8F8
:20B9B0005411FFE80164761F02EA9228ED049A009B076F039A049B02767E32196F33D901F6
:20B9C0006F31761F02B12B1A761F02B32B1D767DD3805200ED07761F02B32B20761F02B33D
:20B9D0002B1BD100767E10035200EC09761F02EE9203ED059A049B04767E3219767E105412
:20B9E0005200ED0F761F02EE9203ED0BDA8192A256C1012D761F02EA9228ED04FFEF0127D1
:20B9F000D2FA761F02EE922DEC51761F02C64C26EF4D761F02EE9203EC17761F02EA922887
:20BA0000ED45767E10545200ED41761F02EE9203EC0B921BED3B767E10235200ED05767ED7
:20BA1000105C5200ED33761F02EC9214ED0992A3761F02EE56B1010AEC09DB816F07761FF1
:20BA200002EE92032B0AED1BD3FA767E1036520056C1FE910A411B410BB8FFE9FE8C767D76
:20BA3000B40C5203964156C1FE859A00767E23FF761F02EE92419632FFEF00E99A0056BF1A
:20BA4000010B767E23FFFFEF00D29A00767E23FF9A00767E2469FFEF00CA921FED55761FF9
:20BA500002B356BF011D761F02EE9203EC0B761F02BC923F761F02E508A903E85438FFE82E
:20BA600000B6767E2FAD761F02EA9228ED239A009B64D40FD500767E30A69A009B64D40F5E
:20BA7000D500767E30A69A019B00D40FD500767E30A6761F02EE9A002B0A767E23FF9A005B
:20BA8000767E2469761F02B19A009B0A56BF021A6F129A019B05D40FD500767E30A6761F9A
:20BA900002EE9A002B0A767E23FF9A00767E24699A019B02D40FD500767E30A6761F02B1A4
:20BAA00056BF011A6F555201ED69761F02B356BF011B761F02EE9203EC0A761F02BC923F3A
:20BAB000761F02E508A903E854116860767E2FAD761F02EA9228ED239A009B64D40FD500C5
:20BAC000767E30A69A009B64D40FD500767E30A69A019B00D40FD500767E30A6761F02EE44
:20BAD0009A002B0A767E23FF9A00767E2469761F02B39A009B0A56BF02206F129A019B05DA
:20BAE000D40FD500767E30A6761F02EE9A002B0A767E23FF9A00767E24699A019B02D40F24
:20BAF000D500767E30A6761F02B356BF0120761F02EE9203ED119A009B64D40FD500767EBA
:20BB000030A69A009B64D40FD500767E30A6761F02EE56BF0105767E2FBB761F02EE56BF1C
:20BB100005326F14920356B0010B761F02EE56BF01326F0C9A002B0A767E23FF9A00767EF9
:20BB20002469761F02EE56BF0432FE8282BE86BE8BBE0006761F02EE921F5201ED11767DDB
:20BB3000FECD5200ED0D767DFEF15200ED09761F02EE0A181B1805DC56B6011A0006761F37
:20BB400002EE2B182B1A0006761F02EE2B0A767E23E95200EC049A00767E23FF767E23EDB7
:20BB50005200EC049A00767E2469761F01BF9A011A040200767DD873761F02EE2B182B1A1D
:20BB6000FFEF00A6921FED52761F02EA9228ED0A761F01BF4B01EE44761F02EE56BF012F72
:20BB70006F428F006FC04BCCEF04D0094794EE384BCCEF0ED0094794EE0B761F02EE0A1DF5
:20BB8000921D520456B3012F56B3031D6F2C761F02EE2B2F761F01BF4709EE17761F02EE95
:20BB90000A1D921D5204641F2B1D767E2FAD9A019B32D40FD500767E30A6767E2FBB761F71
:20BBA00002B156BF011E6F0F761F02B12B1A761F02EE2B1D761F01BF1A0402006F04761F49
:20BBB00002EE2B2F767DB83D6F505201ED4E761F02EA9228ED0A761F01BF4B01EE43761F5D
:20BBC00002EE56BF012F6F418F006FC04BCCEF04D0094694EE374BCCEF0ED0094694EE0B20
:20BBD000761F02EE0A1D921D520456B3012F56B3031D6F2B761F02EE2B2F761F01BF460925
:20BBE000EE17761F02EE0A1D921D5204641E2B1D767E2FAD9A019B32D40FD500767E30A60B
:20BBF000767E2FBB761F02B156BF011E6F0E761F02B32B209A01761F02EE2B1D767DD87323
:20BC00006F04761F02EE2B2F767DBB2A9A00767E31ED761F02EE9633413356CD008A453367
:20BC100056CD0082921FED034233EE7D5201ED0592339008CA1AED774933EF0E761F02EA0A
:20BC20009228ED71761F02B12B1E761F02B12B19761F02B32B209A00761F02EE4833EF04AD
:20BC3000932F56B001A95200EC38761F02B1921EEC0F761F02B1921A761F02EECA1FEC08C3
:20BC4000921F5201ED2A761F02B39220ED26761F02EA9228ED06767E2FAD9A019B326F05E0
:20BC5000767E2FAD9A019B02D40FD500767E30A6767E2FBB761F02B156BF011E761F02EE6B
:20BC6000921FEC075201761F02B356B101206F05761F02B156BF011A761F02EE4633EE2360
:20BC70004033EF95922DEC1F761F02C64C26EF1B767E10235200ED05767E105C5200ED0D03
:20BC8000761F02EE920B761F02ECCA14EC06761F02EE921B56C1FED8767DAF5E761F02EE8B
:20BC900096320006761F02EE56BF0132000656BF04320006B2BDAABDA2BDFE04761F02EEE6
:20BCA000921F761F02B356B1011D761F02B1D3FAD1FAD20056B1011A284301F42842753021
:20BCB0002B41761F02B356B0011B761F02B356B00120761F02EE2B032B182B1AFFEF022DD3
:20BCC000403356CC022A9242EC020B42921FED6F922DEC05761F02C64C26EE188F006FC044
:20BCD0004BCCEF09D0094794EF06761F02EA922856C0033F761F02B12B1E767DD3805201DF
:20BCE000ED50761F02B12B196F4C761F02EA9228ED0A761F01BF4B01EE44761F02EE56BF21
:20BCF000012F6F428F006FC04BCCEF04D0094794EE384BCCEF0ED0094794EE0B761F02EE6B
:20BD00000A1D921D520456B3012F56B3031D6F2C761F02EE2B2F761F01BF4709EE17761FDC
:20BD100002EE0A1D921D5204641F2B1D767E2FAD9A019B32D40FD500767E30A6767E2FBB94
:20BD2000761F02B156BF011E6F0F761F02B12B1A761F02EE2B1D761F01BF1A0402006F04C7
:20BD3000761F02EE2B2F767DB83D6F665201ED64922DEC05761F02C64C26EE118F006FC077
:20BD40004BCCEF09D0094694EF06761F02EA922856C002CF761F02B12B1E6F4B761F02EA3E
:20BD50009228ED0A761F01BF4B01EE43761F02EE56BF012F6F418F006FC04BCCEF04D00935
:20BD60004694EE374BCCEF0ED0094694EE0B761F02EE0A1D921D520456B3012F56B3031DF1
:20BD70006F2B761F02EE2B2F761F01BF4609EE17761F02EE0A1D921D5204641E2B1D767E22
:20BD80002FAD9A019B32D40FD500767E30A6767E2FBB761F02B156BF011E6F0E761F02B3BC
:20BD90002B209A01761F02EE2B1D767DD8736F04761F02EE2B2F761F02EE922DEC05761F86
:20BDA00002C64C26EE0F761F02EC4022EE0B4122EE094222EE074322EE050B43ED05FFEF35
:20BDB0000268284301F4767DBB2A921FED05767DFE9D5200ED31761F02EE921F5201ED09B1
:20BDC000767DFEAF5200ED28761F02EE921AED24767DD3B45202ED2B767E0FF75200ED27D4
:20BDD000761F02EE922DEC23761F02C64C26EF1F761F02EE921BED1B767E10545200EC173C
:20BDE000761F02C6CC220080761F02E3FFC6CA12ED0E9242ED0C761F02EA9228ED049A00CF
:20BDF0009B066F039A049B03767E3219761F02B29229ED3C761F02B1921A761F02EECA1F16
:20BE0000EC35921F5201ED05761F02B39220EC2E761F02EC4122EE124222EE104322EE0E4C
:20BE1000761F02EED3FA56BF1507767E23E95200EC399A00767E23FF6F3592A3ED11761FFC
:20BE200002EE56BF1707767E23E95203EC2B9A03767E23FFD1FA761F02EE2B0A6F23761F14
:20BE300002EEDB8156BF16076F1D761F02EE56BF14072B0A767E23E95200EC049A00767E2E
:20BE400023FF767E23ED5200EC049A00767E2469761F02B2D3FAD1FAD20092295201ED02AF
:20BE50002B29761F02EC9214ED11761F02EE9205ED05767E23E95203ED0992A1761F02EE46
:20BE600056B1010AEC07D9816F05761F02EED1FA2B0A9205EC15767E10235200EC05761FD3
:20BE700002EE921BEC0D767E105C5200EC09761F02EE920AED64767E23E95203EC60767E6E
:20BE800023ED5200EC049A00767E2469D200767E10235200EC16761F02EE921BED12920520
:20BE9000EC022B05761F02EC9214EC550A41924152FA6952761F02EE56BF0232FFEF01899F
:20BEA000761F02EE9205ED33767E23E95203ED05767E105C5200ED06761F02EE9205ED272A
:20BEB0006F3A761F02EE2B0A767DB38DD1FA52059641EC315203EC18520AED0D761F02EE92
:20BEC000921FED069A009B02767E32196F249A009B036FFB9A00767E23FF761F02EE92410B
:20BED0009632FFEF01569A009B066FEF767E10235200EC11761F02EE2B056F0D767E23ED01
:20BEE0005202EC09DA0192A2521969059A02767E2469D2002B419A00767E31ED761F02EE85
:20BEF0009633413356CD012A453356CD01224933EF10761F02EA922856C0011B761F02B1B9
:20BF00002B1E767DD3805201ED04761F02B12B199A00761F02EE4833EF04932F56B001A9C3
:20BF10005200EC38761F02B1921EEC0F761F02B1921A761F02EECA1FEC08921F5201ED2A37
:20BF2000761F02B39220ED26761F02EA9228ED06767E2FAD9A019B326F05767E2FAD9A01AD
:20BF30009B02D40FD500767E30A6767E2FBB761F02B156BF011E761F02EE921FEC075201FC
:20BF4000761F02B356B101206F05761F02B156BF011A761F02EE921FED034233EE055201A2
:20BF5000ED104333EF0E761F02EA9228ED06761F02EE1A3300406F059A049B03767E321932
:20BF6000761F02EE463356CCFD5D9A00767E23FF761F02B1921E520156C000A2767E10038D
:20BF70005200ED47767E10545200EC43761F02EE9205EC3F2B0A761F02B12B1A761F02B3FF
:20BF80002B1D761F01BF1A020200761F02EE921F5201ED07761F02B32B20761F02B32B1B44
:20BF90009A00767DD873767E23ED5202EC049A02767E2469761F02EA9228ED0A767DD464F7
:20BFA0005200ED5E767E2FAD9A009B506F5D767E2FAD9A029B00D40FD500767E30A69A00A0
:20BFB0009B14D40FD500767E30A69A029B006F4C761F02B1921E5201ED52767E102352004B
:20BFC000ED05767E10545200ED4A761F02EC9214761F02EECA05761F02EACA28ED40761FDC
:20BFD00002EE56BF010A767E23ED5200EC049A00767E2469761F02EE56BF0103761F02B1FA
:20BFE0002B1A761F02B32B1D761F01BF1A020200761F02EE921F5201ED07761F02B32B20E5
:20BFF000761F02B32B1B9A00767DD873767DD4645200ED06767E2FAD9A009B646F05767E88
:20C000002FAD9A009B32D40FD500767E30A6767E2FBB761F02EE56BF03326F1A761F02EEA0
:20C010009A002B0A767E23FF9A00767E2469761F02EE56BF01326F0C9A002B0A767E23FFE3
:20C020009A00767E2469761F02EE56BF0432FE8482BE86BE8BBE0006B2BD761F02EE8F40FD
:20C030006FC02B059A018AA5DC0C1AC410001AE50200767DD873761F02EE9A002B0A2B0330
:20C04000767E23FF9A00767E2469D1FA761F02B1921EEC4C761F02B3921D761F02B1CA1A8F
:20C05000ED0C767DD3805200ED36761F02B3921B761F02B3CA20EC2F761F02B12B1A767D56
:20C06000D3805200ED04761F02B32B20761F02EA9228EC17767E2FAD9A009B64D40FD50036
:20C07000767E30A69A009B64D40FD500767E30A69A009B64D40FD500767E30A6767E2FBBD2
:20C08000761F02B32B1D767DD3805200ED04761F02B32B1B761F02B12B1E767DD3805201CB
:20C09000ED11761F02B12B196F07761F02B12B1A761F02B32B1D761F02B32B20761F02B392
:20C0A0002B1B761F02EE2B2F761F02B42B23761F02EE9231ED04767DB4DB6F022B31923276
:20C0B0005204EC1E6F134033EF1192A1ED0E920456BF0107ED07767DB1DF761F02EE963276
:20C0C0006F0F56BF01326F0CD9819A00767E31ED761F02EE96334133EFE756BF04328BBEED
:20C0D0000006B2BD8F406FC08AA5761F01BFDC0D1AC400809A011AED00088AA51A050020FA
:20C0E0001A0D0040DC0C1A0D02001A050010761F02B12B1A761F02B32B1D761F02B32B20E5
:20C0F000761F02B32B1B761F01BF1A050800761F02EE2B051AC410001AE50200767DD87342
:20C10000761F02B19A002B1E761F02EE2B2F2B0A767E0EC79A00767E23FF9A00767E24694C
:20C110003B10761F02B22B23761F02B22B25761F02B42B25761F02B12B3E761F02B22B0ACA
:20C12000761F02B12B3229108F3F7F701BC4495656C000CE8F3F7F711BC4454D56C000C8F5
:20C13000761F02EED19656BF01089A00FF69767E31ED761F02EE96334033EFF88F006FC06B
:20C1400083A4761F02C7DD02DC0B1AC500801AC400089201ED11761F01A09204761F02C794
:20C150007203761F01A59204761F02C77204761F02C756BF0101D98192A1EDD8761F02B2A5
:20C16000922452C8FFE3008A1B24FF38FFE500863B10761F02B296232910761F02B2922022
:20C1700052C8636A1B20FF3865673B10761F02B296252910761F02B4922252C863531B22F6
:20C18000FF3865503B10761F02B496252910761F02B1923F52C8633C1B3FFF3865393B10DD
:20C19000761F02B1963E2910761F02B2920552C863251B05FF3865223B10761F02B2960AA6
:20C1A0002910761F02B1923752C8630E1B37FF38650B3B10761F02B196322910761F02EE98
:20C1B00056BF01326F55761F028056BF2F169A2FD42F761F02B193376F28761F028056BF51
:20C1C0001A169A1AD41A761F02B293056F1E761F028056BF19169A19D419761F02B1933F0A
:20C1D0006F14761F028056BF18169A18D418761F02B493226F0A761F028056BF17169A1751
:20C1E000D417761F02B29320FF69761F02EE56BF0432767DAD766F1C761F028056BF161627
:20C1F0009A16D416761F02B293246FF0761F02EE2B089A1E9B01D41EFF69761F028056BFA4
:20C200001E16767DAD76761F02EE56BF04328BBEFF6900068F006FC083A4761F01BFDD0D29
:20C210001AC500809A001AEC00081A0500201A050800DC0C761F02EE2B05761F02B11AC4DE
:20C2200010002B1A761F02B32B1D761F02B12B1E761F02EE2B2F761F02B12B19761F02B3D1
:20C230002B20761F02B32B1B767E0EC79A00767E23FF9A00767E24696F205201EC1C52053E
:20C24000EC175202EC125203EC0D5204EC08520656B00132ED10767DB46D6F0F767DB577B2
:20C250006F0C767DB88E6F09767DBB446F06767DBC9A6F03767DC02C761F02EE9232EDDE8D
:20C26000767DC0D16FFAA2BD2DA83B0112A92F472D482746FF4972A412AA2D45FF4994499D
:20C2700088A912A5FF4994AB54A4562A02A493A655A465025CA692A456B400A492A482BE2C
:20C280000006FE06761F02DE56BF5A4192342B42761F02E79B1ED4009643922A761F02E71E
:20C29000284403E85D2B2845FE1B767DC263FE860006B2BD8F3F31CE80A954C46733D07D23
:20C2A0005494692DBE009A7D6F0E93A995A6FFD02DA858A893A75594EC0F5594680392ACE3
:20C2B0006F0588AC9B0195A659A854A166EF93A6537D68042DA6350A6F1658A6939428AC9F
:20C2C000000A92A89E9C9FA732A85CA92DA60200F61F561700A4350A94AB6F0528A904E217
:20C2D0006F029A008BBE0006FE0288A92DA492A58F0186A0761F02803B019EA833A9A842A6
:20C2E00092239EA685A91EAC564400AB00FE330194A6FE820006B2BD8F3F30B880A954C4B0
:20C2F0006733D0965494692DBE009A966F0E93A995A6FFD02DA858A893A75594EC0F559423
:20C30000680392AC6F0588AC9B0195A659A854A166EF93A6539668042DA6350A6F1658A687
:20C31000939428AC000A92A89E9C9FA732A85CA92DA60200F61F561700A4350A94AB6F0582
:20C3200028A905DC6F029A008BBE0006FE06761F02DE2841026292313B012B42761F02EBBD
:20C33000D4009643853A761F02EB284403E85D24FF569B1E2845FE1B767DC263FE860006F1
:20C34000B2BD8F3F324C80A954C46733D07D5494692DBE009A7D6F0E93A995A6FFD02DA80F
:20C3500058A893A75594EC0F5594680392AC6F0588AC9B0195A659A854A166EF93A6537D4A
:20C3600068042DA6350A6F1658A6939428AC000A92A89E9C9FA732A85CA92DA60200F61F34
:20C37000561700A4350A94AB6F0528A904E26F029A008BBE0006B2BDA2BDFE025BA42DA8F7
:20C380008F00271030A98849A84200FE330159A51EA793A65364ED079A059B0A94A700FEED
:20C39000335480A993A1FE8295A795A392A882BE8BBE0006FE02761F02E7932B5202ED0669
:20C3A000761F02E7552C6702932C761F02DE56BF6441D5DC28A927EF5C34767DC37BFE824E
:20C3B0000006FE023B01761F02E9853CD5DC56BF0A41761F02DE5C32FF5693A928A906DC92
:20C3C000767DC37BFE820006FE023B01761F02E9853CD5DC56BF0A41761F02DE5C2BFF56C7
:20C3D00093A928A92052767DC37BFE820006FE02761F02EB9324D5DC28A936BD56BF0A4109
:20C3E000761F02DE5C31767DC37BFE820006FE023B01761F02E9853CD5DC56BF0A41761F61
:20C3F00002DE5C2BFF5693A928A93F38767DC37BFE820006B2BDFE02767DC3B1761F02DDEC
:20C400002DA91BAC020E9625640E02151E42351A00FE3301BE0A0905C24200FE33019CD8CA
:20C4100058A96F02D0007820767DC3C4761F02DD59A996249623767DC3D7761F02DD54A1D9
:20C420009621562A02A11BA102667915640F8F00026534A1028AA84200FE3301BE0A0905B4
:20C43000C24200FE33019CD86F029A00961E54A0761F02DE562A02A01B2A0276650E2D2A71
:20C44000023F1E42354100FE3301BE0A0905C24200FE33019CD86F029A00761F02DD54A0A0
:20C45000961C562A02A092A052646205521E56B41EA06F02D06492A0FE828BBE0006FE06C7
:20C46000761F02DE56BF914192323B012B42761F02E9D4009643853B284403E8FF565DA954
:20C470009B002845FE1B9A00767DC263FE8600065DA9761F02DD9205ED28761F02E7923FDA
:20C48000EC3B761F02E792288F00B79E761F02E7942A761F02E8930A9D64767E2D4352004A
:20C49000EC2B761F02DD56BF0105761F02E9923B761F02DD9C0A54076404761F02E9923B6F
:20C4A000761F02DD96070006761F02E7923FEC11761F02E792288F00B79E761F02E7942AC1
:20C4B000761F02E8930A9D9C767E2D315200EC04761F02DD2B050006761F02DD9205ED16CB
:20C4C000761F02DE0A26922652056910761F02DD0A07767DD458761F02DD54076741767D21
:20C4D000D458761F02DD96076F3B761F02DD92055201ED39761F02DE0A2692265205693391
:20C4E000FF2003E8761F02E8070A761F02E7882A0FA663059A14761F02DD7407FF2001F4A4
:20C4F000761F02E8070A761F02E7882A0FA6630428A9FFF66F0F02FA761F02E8070A761FEB
:20C5000002E7882A0FA6630428A9FFFB6F0328A9FFFF761F02DD7207920763022B07761FA6
:20C5100002DE2B260006B2BD767DFC49767E0C2C9A05767E0B9A767E0CB4767DFC95767E9D
:20C520000EBC767DFC6A767E0CF79A32767DC478767DC4BC767E0C343B10761F02E75934E9
:20C5300029109B00FF6992A1767E0F149B0092A1767E0D00761F02E79239761F02EC961420
:20C54000761F02EE930BEC135200ED08761F02DE0A211B210BB862086F0D761F02DE0A214D
:20C550001B2101F46507761F02EE2B0B761F02DE2B218BBE0006AABDA2BD2DA827A9C54AE9
:20C5600058C593C42F4BC4485BC7EC0752FA64055AAB75A292A26302D20092AC5201EC09EA
:20C5700092A03B0194A258A985A3560100A66F093B0185A3560100A693A295A09FC658A839
:20C5800093A07AC656B400A03FC493AA78C50AC792C755A962022BC782BE86BE0006FE06F5
:20C590008F00B7CE93A9761F02DE8F40B74FA84292348F00B752A84456BF0F458F00B7A866
:20C5A000767DC55BFE860006761F02DD280704B00006761F02DD2813028A28140226282298
:20C5B00002EE281A0258281B02BC2818022628190352283302BC282F02BC283002582838A0
:20C5C00005A02836050A0006B2BDAABDA2BDFE043B01761F02DD8515761F02DF56010008ED
:20C5D000761F02DD8525761F02DF5601000A761F02DE852F761F02DF56010002761F02DEE9
:20C5E000852A761F02DF56010000761F02DE0A0192015232FFE500B3767DD4645200ED0522
:20C5F000761F02E55B036F04761F02E55B3B3B01761F02DE85011E448501761F02DF1E42D7
:20C60000060800FE330188A91BA6052065221BA60578621C28A905788F0004703B019EA6AF
:20C61000A8AC8F40057885A98F0003E8566500A90200F61F561700A458AB92A393A68F0036
:20C620000470767DC2D459A96F0859A3D0006F05761F0280D06459230644761F02DF1E425D
:20C63000060A00FE330188A91BA6046663251BA6041A652428A904658F0005353B019EA6D9
:20C64000A8AC8F40046585A98F0003E8566500A90200F61F561700A45AAB92A393A68F0018
:20C650000535767DC2D493A255A0630258A254A1562A04A16F0359A3D0000644761F02DF66
:20C660001E42060000FE330188A91BA605A062251BA60546652428A905A08F0004923B0198
:20C670009EA6A8AC8F4005A085A98F0003E8566500A90200F61F561700A45AAB92A393A6F7
:20C680008F000492767DC2D493A255A0630258A254A1562A04A16F0359A3D000761F02DD97
:20C690000200782A78287929761F02DF1E081E0A1E021E00761F02DE2B01FE8482BE86BEFB
:20C6A0008BBE0006761F02B5481AEE1F761F02DE9231D5328F00B796761F02DD9322767E38
:20C6B0002D435200ED0D761F02DDD5328F00B77A28A805789221767E2D435200EC18761F24
:20C6C00002B51A1A01006F13761F02DE92318F00B7968F4001F4761F02DD931A767E2D31A1
:20C6D0005200EC05761F02B5181AFEFF761F02B5461AEE1F761F02DE9232D5328F00B787C6
:20C6E000761F02DD931B767E2D435200ED0D761F02DDD5328F00B78628A804659225767E3D
:20C6F0002D435200EC18761F02B51A1A00406F13761F02DE92328F00B7878F4001F4761FC3
:20C7000002DD9318767E2D315200EC05761F02B5181AFFBF761F02B54E1AEE1F761F02DE88
:20C71000922BD5328F00B785761F02DD9319767E2D435200ED0D761F02DDD5328F00B78069
:20C7200028A805789224767E2D435200EC18761F02B51A1A40006F13761F02DE922B8F0039
:20C73000B7858F4001F4761F02DD9333767E2D315200EC05761F02B5181ABFFF761F02B592
:20C74000401BEE13761F02DE922AD5328F00B788761F02DD9338767E2D435200EC18761FE9
:20C7500002B51A1B00016F13761F02DE922A8F00B7888F4001F4761F02DD9336767E2D3108
:20C760005200EC05761F02B5181BFFFE761F02B5CC1A0800FFCA88A94B1AEE11761F02DEED
:20C770009231621D761F02DD0A3D1B3D01F4691A761F02B5BE011A1A08006F11761F02DEA0
:20C780009231520A640C761F02DD0A3D1B3D01F46909761F02B5BE00181AF7FF761F02DDEA
:20C790002B3D761F02B5CC1A0400FFC980A94A1AEE11761F02DE9232621D761F02DD0A3B26
:20C7A0001B3B01F4691A761F02B5B6011A1A04006F11761F02DE9232520A640C761F02DD77
:20C7B0000A3B1B3B01F46909761F02B5B600181AFBFF761F02DD2B3B761F02B5921AFFCE9A
:20C7C00027A94F1AEE12761F02DE922B621E761F02DD0A3C1B3C01F4691B761F02B528ABC5
:20C7D00000011A1A80006F11761F02DE922B520A640C761F02DD0A3C1B3C01F46909761F09
:20C7E00002B52BAB181A7FFF761F02DD2B3C761F02B5CC1B0002FFC0411BEE11761F02DE5D
:20C7F000932A621D761F02DD0A391B3901F4691A761F02B59A011A1B00026F11761F02DE57
:20C80000932A530A640C761F02DD0A391B3901F46909761F02B59A00181BFFFD761F02DD93
:20C810002B39761F02B5CD1A0100FFD7CBA6EC06761F02EE93325304ED4B761F02B5CD1A2B
:20C820000040FFD5CBA7EC06761F02EE93325304ED32761F02B5CD1A4000FFDDCBABEC0609
:20C83000761F02EE93325304ED19761F02B5931B9101CBA9EC3E761F02EE92325204EC3953
:20C84000761F02809A009B0156BF2016767E3219761F02DE9A20932A6F27761F02809A00CE
:20C850009B0156BF1F16767E3219761F02DE9A1F932B6F1A761F02809A009B0156BF1316A3
:20C86000767E3219761F02DE9A1393326F0D761F02809A009B0156BF1416767E3219761FB6
:20C8700002DE9A149331761F02805C16767DAD760006B2BD58A893A928A907D027A52FA4BF
:20C8800094A859A992ABEC3B92A05202ED15CCA10003ED0E9B6492A100FE33CE5200ED0A89
:20C8900092A128A8019000FE33CE5200EC039B1C6F0E9B1D6F0C5204EC075206EC05520960
:20C8A000EC03520BED039B1E6F029B1F92AB94AA55A9671292AB9EA894AA9CFF27A992A008
:20C8B000520CEC03D8016F03D901D00192AB28AA0001EDCB6F0492AA94AB2FA908A1F830C6
:20C8C000560304A1CAA0560305A9CAAA8BBE0006FE068F00B7DD93A9761F02DE8F40B74E7A
:20C8D000A84292318F00B750A84456BF0F458F00B7A9767DC55BFE860006FE068F00B7ECEE
:20C8E00093A9761F02DE8F40B749A84292328F00B741A84456BF0F458F00B7AD767DC55B28
:20C8F000FE860006FE068F00B80F93A9761F02DE8F40B751A842922B8F00B74DA84456BF81
:20C900000F458F00B7AE767DC55BFE860006761F02DE9204520FED042B0456BF01209220BE
:20C91000767DC8C8761F02DD920E960F761F02DE9220767DC8DD9220767DC8F20A04000699
:20C92000767DC907761F02DD920E52BA64220A2692265203641F761F028092165214EC1AA3
:20C930005213EC18521FEC165212EC145220EC129A009B0156BF1416767E3219761F02DD0F
:20C940009A14930E761F02805C16767DAD766F022B26761F02DD9209527665220A349234C5
:20C950005203641F761F028092165214EC1A5213EC18521FEC165212EC145220EC129A007A
:20C960009B0156BF1316767E3219761F02DD9A139309761F02805C16767DAD766F022B3472
:20C97000761F02DD1B11011C64220A3792375203641F761F028092165214EC1A5213EC18EE
:20C98000521FEC165212EC145220EC129A009B0156BF1F16767E3219761F02DD9A1F9311C0
:20C99000761F02805C16767DAD7600062B370006761F02C792105202ED51767DD4145203B8
:20C9A000ED4D761F02C74325EE49761F02DD922BED12767E10235200EC2D761F02DE921A5D
:20C9B000ED36761F02DD56BF012B761F02DE2B192B176F20767E10235200ED153B01761FB9
:20C9C00002E9853BFF56521E640E761F02DE0A17921752FA690B761F02DD2B2B761F02DE37
:20C9D000281A3A98761F02DE2B170A191B193A986606761F02DE921AED0A6F0A2B19761F7D
:20C9E00002DD2B2B761F02DE281A3A980B1A761F02DD922B5201ED096F10761F02DE2B19A2
:20C9F0002B1A761F02DD2B2B761F02C6402CEE05761F02EE2B1B0006761F02EE56BF011BD5
:20CA00000006FE068F00B80093A9761F02DE8F40B76EA842922A8F00B74CA84456BF0F4593
:20CA10008F00B7AC767DC55BFE860006761F02DE0A0D920D523268262B0D761F02EE0A2053
:20CA2000761F02EE0A27761F02EE0A2B761F02EE0A23761F02EE0A24761F02EE0A25761FD8
:20CA300002EE0A14761F02EE0A0F761F02EE920CED09761F02EE0A0D1B0D15186903280D8F
:20CA40001518761F02EE9221EC0B52036709761F02EE1B2007086907761F02EE2B21761F10
:20CA500002EE2B20761F02EE9228EC0B52036709761F02EE1B2707086907761F02EE2B2872
:20CA6000761F02EE2B27761F02EE9229EC0B52036709761F02EE1B2B07086907761F02EE14
:20CA70002B29761F02EE2B2B761F02EE922AEC0B52036709761F02EE1B2307086907761FA3
:20CA800002EE2B2A761F02EE2B23761F02EE9222EC09761F02EE1B2407086907761F02EE88
:20CA90000B22761F02EE2B24761F02EE9226EC09761F02EE1B2507086907761F02EE0B2659
:20CAA000761F02EE2B25761F02EE9212EC0B52036709761F02EE1B1107086907761F02EE07
:20CAB0000B12761F02EE2B11761F02EE9215EC0B52036709761F02EE1B1415546907761F7E
:20CAC00002EE0B15761F02EE2B14761F02EE9210EC09761F02EE1B0F07086907761F02EEB3
:20CAD0000B10761F02EE2B0F0006761F02DD92165264650D761F02EE9232EC085201ED03A2
:20CAE0009A1E6F05767DC3FA6F029A00761F02DD541F620E541F630D761F02DE0A109210E4
:20CAF000520664072B10761F02DD0B1F6F020A1F761F02DD921F52646205520063052B1FAA
:20CB00006F0356BF641F761F02EE921CED16761F02B54C1AEF06761F02DD921F521E640A2B
:20CB1000761F02DD921F5264640B761F01A32B096F0F56BF1E1F6F04761F02DD2B1F2D1F01
:20CB200028A91193312D761F01A39EAB9609761F02DD921F521E647D9227ED10767DFD40A5
:20CB30005200EC19761F02DE0A111B1103E86516761F02DD56BF01276F0E767DFD405200BC
:20CB4000ED0A761F02DE0A11921152FA6507761F02DD2B27761F02DE2B11761F02DD923541
:20CB5000ED10767DFD245200EC19761F02DE0A0E1B0E03E86516761F02DD56BF01356F0E05
:20CB6000767DFD245200ED0A761F02DE0A0E920E52FA6507761F02DD2B35761F02DE2B0EF1
:20CB7000761F02B54C1AEE0B761F02DD9235CA27EC12761F02B51A1A10006F0B761F02DD52
:20CB80009227ED0B9235ED07761F02B5181AEFFF767DC5A99227EC259235EC23761F02B570
:20CB90004C1AEF1F761F02809A009B0156BF1116767E3219761F02DE920FED1656BF010F0B
:20CBA0009A119B01761F02805C16767DAD760006761F02B5181AEFFF761F02DD2B272B35F7
:20CBB000761F02DE2B0F0006761F02EC280C0898761F02EC921EEC19761F02EE9232520581
:20CBC000ED14761F02EC2D1F350A761F02EC1BA90898562A040C761F02DD2D28761F02EC83
:20CBD000350C540C562A040C761F02EC5603030C9B0700FE33541BA90960650328A9096033
:20CBE000761F02EC5408EC043B1096082910FF690006767E13F8761F02EE92325205ED0545
:20CBF000761F02EC921EEC1C761F02EE92325206EC17761F02C74425EF035201ED11767E48
:20CC000010545200ED06761F02EE92325201ED08761F02DD4131EE0A1A3100026F07761FA4
:20CC100002DD4131EF031831FFFD761F02E99233ED1D767E105C5200EC19761F02EE92322D
:20CC20005205EC0D5206EC0B5203ED10761F02EC9214EC05761F02EA9228EC08761F02DD46
:20CC30004031EE0A1A3100010006761F02DD4031EF031831FFFE0006FE02761F02DD922CD4
:20CC4000ED54761F02EA9204761F02E99C04543D6905761F02B2923FEC48761F02B22B3F5C
:20CC5000761F02DE0A232B229223520AFFE5008C921D526463020A1D761F02DD920B56BF3D
:20CC6000010A529665133B01850B761F02DE1E42063A00FE3301761F02DD9608761F02DEAF
:20CC700002001E3A761F02DD2B0B9208526463039CF66F029CEC761F02DE96239A0A761FF8
:20CC800002DD74029202761F02DE542365059223761F02DD9602520A761F02DD56B40A02AE
:20CC9000761F02DE2B236F4F761F02DE922365070A249224523265032B240B23761F02DDAC
:20CCA000920AEC37761F02DE921D65100A1F1B1F3A9865032B1F0B1D921D520664078F000C
:20CCB000AFC856BF051D2B1FA838761F02DD922CED19761F02DE063862110A221B2201F4D0
:20CCC00065222B22767DD458761F02DD540266032B0A6F140802000A6F160201564100380B
:20CCD0006F120200761F02DE1E38761F02DD2B0A761F02DE2B222B1D2B1F767DD458761F45
:20CCE00002DD9602761F02DEBE0006383B01761F02DD56B201A67E00761F02EA8503761FD1
:20CCF00002DE5601003A761F02DD0A0B1B0B01F46512850B761F02DE1E42063A00FE3301C1
:20CD0000761F02DD9608761F02DE02001E3A761F02DD2B0BFE820006FE02767DCC3C761F72
:20CD100002E9923F5232651E761F02E99E3B88A9523262071BA6FFCE630576BFFFCE6F0260
:20CD2000BE32761F02DEC53C3B0106A7FF3403A781A681021EA692A6901F960206A6FF44EB
:20CD30006F05761F02DE02002B021E3C767E104C520056C0008A761F02DFC4063B01761F1E
:20CD400002E906A6FF3403A60D3D761F02DE81031EA692A6901F9603761F02DF06A6FF4474
:20CD50001E06761F02EE921BED33761F02EE92325205ED16761F02EC9214EC12767DD46854
:20CD6000761F02EC9609767DD458761F02EC54096714767DD458761F02EC96096F0E767D66
:20CD7000D458761F02EC9609761F02DD9207761F02EC5409562A0409761F02C74125EF0C1C
:20CD80009226761F02EC5409562A04096F05761F02EC56BF3209761F02DE92305203ED07A7
:20CD9000761F02EC9209526456B26409761F02DD920AEC079202761F02EC5409562A040936
:20CDA0003B01761F02EC85098F0927C0761F02DF1EA606061E42A8A900FE33013B01761FAD
:20CDB00002EC1EA785090FA7650592A77F0985A91EA6761F02DD2D28761F02EC350C0FA60D
:20CDC000562A04096F0C761F02EC020056BF3209761F02DF1E06761F02DE2B03761F02DEC4
:20CDD000923C761F02EC7209560303099B0700FE33541BA90960650328A90960761F02EC99
:20CDE0005406EC043B1096062910FE82FF690006767DCD0C767DCBB4767DCBE90006761F5B
:20CDF00002E792269C641BA912C069071BA913EC650628A913EC6F0328A912C09BC895A9C8
:20CE00001BA91388650328A814503B10761F02B2542C562A002C761F02B25527562B0027EA
:20CE10002910FF690006761F02B393145302EC475301ED37761F02EE93325306ED0C761F39
:20CE200002DE931BED079B00971B761F02B397146F020B1B761F02DE931C5303641E761F06
:20CE300002E99327ED08761F02E99315761F02E9553D690E761F02E993275301ED0E761F79
:20CE400002C79324761F02E9FFD755076406761F02DE1B1B5DC0680A761F02EE932DEC06C5
:20CE5000761F02B39314ED1A6F1C9B00761F02DE971C971B761F02B397146F13761F02DEDE
:20CE60000A1C931C53036404281B75306F03281B1770761F02B356BF0114761F02DE2B25C2
:20CE7000761F02B2932BEC0A761F02DE0A25542567052B25761F02B22B2B0006B2BDAABD51
:20CE8000D100767DD4145200EC0D767DD4145201EC09767DD414761F02E9520256B001279B
:20CE9000ED04761F02E92B27767DD4145200EC12767DD4145201EC0E767DD45C5AA9767D53
:20CEA000D43893A255A9672F767DD45C767DD66E6F31767DD4281BA901A4EC0628A901A4E3
:20CEB000767DD652D101767DD4381BA9021CEC0628A9021C767DD66ED101767DD41452007D
:20CEC000ED09767DD45C1BA90234EC0D28A902346F0F767DD4145201ED06767DD45C1BA9B9
:20CED0000248ED0492A1ED066F0928A90248767DD6AD9A059B01767E3219761F02EE923215
:20CEE0005203ED17767DD4145200EC05767DD4145201ED0F761F02E392075232640428A9C1
:20CEF00001A46F0328A901AE761F02E996046F0B767DD428761F02E99604767DD42C761F66
:20CF000002E996068F00B1E341D4EF4992CC761F02E990FF08A901905404562A0204761FF8
:20CF100002C7922390FF761F02E908A9019093A99605761F02C79223761F02E9FFC708A951
:20CF200001909602761F02E91B04021C62071B0401A46306280401A46F032804021C1BA825
:20CF3000025862091BA801E0630A761F02E9280501E06F05761F02E9280502581BA90258E4
:20CF400062091BA901E06315761F02E9280201E06F10761F02E9280202586F0B767DD45C9E
:20CF5000761F02E99605767DD438761F02E99602761F02E99204761F02E99C149618761F06
:20CF600002E99204761F02E99C289615761F02E99306761F02E99D02970C761F02E992064E
:20CF7000761F02E99C049607761F02E9536456B2640C761F02E9526456B26407767DD418AD
:20CF8000761F02E9960A767DD420761F02E99601767DD41C761F02E99608767DD424761FF2
:20CF900002E9962886BE8BBE0006767E23ED5200EC0F761F02EA92265203EC05767E0B3F37
:20CFA0005200EC06761F02DE56BF01336F04761F02DE2B33761F02C792105202EC0F761F45
:20CFB00002DE9233EC2F761F02C6CC2C0C00761F02DEFFC99630FFEF00A8761F02C6412CDD
:20CFC000EE25FF207530761F02DF0F0C650D761F02DE0A129212523265072B120201761F7D
:20CFD00002DF5601000C761F02DD283E0BB8761F02DE923056C10089761F02DD0B3F56C0B5
:20CFE0000084761F02DE2B306F7F761F02DD283F0BB8761F02DE92305201EC44761F02EE12
:20CFF000921BED40761F02DE92305202EC145203ED0A761F02DD9206761F02DE520256B095
:20D0000002306F6256BF01308F007530761F02DFA80C6F5A761F02E99202761F02E99CD898
:20D01000543D6913761F02C64F2CEE0F761F02DD0B3EED0F761F02DE8F00753056BF013076
:20D02000761F02DFA80C6F05761F02DD283E0BB8761F02DD9206761F02DE520256B10330A6
:20D030006F33761F02DE56BF0130761F02C64C2CEF19CC2C03FCFFC152146314761F02EE8D
:20D04000921BED10761F02DF060C19011E0C621C761F02DE56BF0230761F02DD283E0BB883
:20D050006F13FF207530761F02DF0F0C650D761F02DE0A129212523265072B120201761F7D
:20D0600002DF5601000C761F02DE9215ED11767E102F5200EC0D761F02DE92305202ED0854
:20D0700056BF01308F007530761F02DFA80C767E102F761F02DE9615767E10235200ED073C
:20D08000761F02DE921465070B146F05761F02DE281401F4761F02DD2B2C761F02DE9214EA
:20D09000ED1192305202EC0A5203EC05761F02E992056F12767DD43C6F0F761F02E9920203
:20D0A0006F0B28A901E0761F02E956740002761F02DD56BF012C761F02EA5404EC043B102E
:20D0B00096042910FF690006B2BDFE02767DD428761F02E9590274A1767DD428761F02E962
:20D0C0002D3D74AC3B0185A11E42356400FE3301761F02DEC53688A93B0106A7FF3703A7CF
:20D0D00081A681131EA692A690FF961306A6FF471E361EA6640902640FA664037E276F053F
:20D0E00056BF64276F022B27FE828BBE0006B2BDAABDA2BD767DD448FFC85AA9767DD448E1
:20D0F000FFC4900F5BA9767DD448901F59A9767DD44C5DA993A35CA192A2767DC879761FB1
:20D1000002ED80A9BE0056030429CA2AFF84CA2B54A756B701A692A682BE86BE8BBE00068D
:20D11000B2BDAABD761F02C792105202EC0F761F02DD92062B042B03EC38761F02DE56BFC3
:20D120003209761F02DD2B066F30761F02DE0B09ED0856BF3209767DD0E7761F02DD9603EB
:20D13000767DD4505200EC11767DD4545200ED05761F02DD9203EC09767DD4145201EC0FF3
:20D14000767DD4145202EC0B761F02DD92062B042B035202ED0856BF03066F48761F02DDAE
:20D1500056BF01049206ED1A761F02DE920AED13761F02DD920456C100B1761F02DE9233E9
:20D1600056C100AC280A01F4761F02DD56BF0106FFEF00C10B0AFFEF00A1520156C1008EEA
:20D170005202EC4D5203EC22520456C0008F761F02DE9218ED420200761F02DF1E04761F37
:20D1800002DE281801F41E3E761F02DD2B06761F02ED56030429CA2AFF84CA2B767DD68AB0
:20D190009A059B01767E32196F78761F02DE9218ED240200761F02DF1E04761F02DE28189F
:20D1A00001F41E3E761F02DD2B06767DD0E75200ECE8767DD448FFC85AA9767DD448FFC4FE
:20D1B000900F59A9767DD448901FD50793A15CA992A2767DC8796FD30B186F4F761F02DEEB
:20D1C0009233ED10767E104C5200ED07761F02DE0B0CED22280C0190761F02DD56BF030605
:20D1D0006F1B02015601003E767DD43C761F02E9543D66120201761F02DF56010004767DCA
:20D1E000D44428AC0BB8761F02DF30A90F04761F02DD56B90406767DD44028AC0BB8761F5E
:20D1F00002DE30A90F3E761F02DD56B90306761F02DE281801F46F11761F02DE92305202D8
:20D20000EC0A1B0B01F46905761F02DD2B066F220A0B6F030B0BEC18761F02DD9206520357
:20D21000EC035204ED17767DD4545200EC139A00767DD69F761F02C69A059B0156BF013A5F
:20D22000767E32196F07280B01F4761F02DD56BF0206761F02C6922D90075203EC06761FF1
:20D2300002B5181BFEFF6F05761F02B51A1B010086BE8BBE0006B2BDAABDA2BD767DC5A9D8
:20D24000767DC5A4D2FAD1FAD300761F02B32B149A00767E31ED40A9EFFC761F02C792010E
:20D250005203ED11761F01A09204761F02C77203761F01A59204761F02C77204761F02C7C9
:20D2600056BF0501767DFBF1767E115C767DFD5C767E1086767DFA379B00767E107B767D4C
:20D27000FA5C9B00767E1068767DFA839B00767E2FA89B32D50528A913EC8F001450767E0D
:20D280002F76767DFAA3767E1064761F02E9922C761F02E95427EC2792A19CFF59A9ED23C5
:20D290009227ED11761F02E92B0D761F02E92B17761F02E92B10761F02E92B11761F02E956
:20D2A0002B0E6F0D761F02E92B37761F02E92B34761F02E92B16761F02E92B36761F02E9D6
:20D2B000D1FA962C767E2F135200EC17761F02EE92325204EC12761F02809A009B0156BF47
:20D2C0000116767E3219761F02BC9A01933F761F02805C16767DAD769BFA28A909C4767E72
:20D2D0002F175200ED06761F02B2922B52036417761F02809A009B0156BF0216767E321924
:20D2E000761F02EE92325204EC0A761F02BC933F9A02761F02805C16767DAD769BFA28A9D3
:20D2F000026C767E132C767E10485200EC17761F02EE92325204EC12761F02809A009B01F2
:20D3000056BF0B16767E3219761F02E99A0B933D761F02805C16767DAD7628A93A98767D6E
:20D31000CE13767DCE7E28A97530767E143928A905DC767E145D9A96767E11609A0A767EE2
:20D32000138E9B9628A90154767E136F92A262059A96767E10DA6F039CFF5AA99A32767E06
:20D330001349767DCDE8767DCF95767DD0B4767DC513767DCDEF767DFCE8767DC299761FD7
:20D3400002DE96319634767DFCCF767DC2EB761F02DE962A767DFD92767DC299761F02DE84
:20D35000962B767DFD79767DC299761F02DE9632767DC6A2767DC5C4767DCAD593A39A01CE
:20D3600094A85BA91BA802EE6904767DC920D300767DC998767DCA16767DD110FFEFFEDADD
:20D37000761F02D792170006761F02D792180006761F02D7921A0006761F02D7921B000621
:20D38000761F02D792280006761F02D692160006761F02D692150006761F02D69214000611
:20D39000761F02D692130006761F02D692120006761F02D692110006761F02D6921700061C
:20D3A000761F02D792100006761F02D7920F0006761F02D7920E0006761F02D79200000628
:20D3B000761F02D792010006761F02D7920C0006761F02D7922B0006761F02D792140006F9
:20D3C000761F02D792120006761F02D792290006761F02D7922A0006761F02D792150006BB
:20D3D000761F02D792200006761F02D792160006761F02D792190006761F02D6920F0006C8
:20D3E000761F02D6920E0006761F02D692100006761F02D6920C0006761F02D6920D0006E2
:20D3F000761F02D6921B0006761F02D6921C0006761F02D692060006761F02D692070006C5
:20D40000761F02D692080006761F02D692090006761F02D692180006761F02D7920D0006C1
:20D41000761F02D792130006761F02D7920A0006761F02D792070006761F02D7921E0006A2
:20D42000761F02D792080006761F02D7921F0006761F02D792020006761F02D7921C00068F
:20D43000761F02D792030006761F02D7921D0006761F02D792050006761F02D7922200067D
:20D44000761F02D792240006761F02D792230006761F02D792270006761F02D79225000621
:20D45000761F02D792210006761F02D792260006761F02D792060006761F02D79204000653
:20D46000761F02D792110006761F02D7920B0006761F02D792090006761F02D6060A0006F2
:20D470008F00B6009CFF767D97CE9B00761F02D8543556B101A892A800068F00B6C09CFF41
:20D48000767D97CE9B00761F02DC542D56B101A892A800068F00B6409CFF767D97CE9B00A2
:20D49000761F02DA542D56B101A892A800068F00B5C09CFF767D97CE9B00761F02D7542D19
:20D4A00056B101A892A800068F00B5869CFF767D97CE9B00761F02D6542356B101A892A856
:20D4B0000006761F02D6960128A9FEFF767E31ED5200ECFB0006B2BDAABDA2BD5AA859A9FA
:20D4C00082A4767E21BE9AA2767E2155767E21EA5201EC2992A1FFC7767E2155767E21EAE4
:20D4D0005201EC21CCA100FF767E2155767E21EA5201EC1992A2EC249CFFD1005AA940A11B
:20D4E000EE0792A1FFC058A99293FFC76F0692A1FFC058A9CC9300FF767E2155767E21EA2A
:20D4F0005201ED05767E219A9A016F10CCA10003ED049A01767DD4B1D901000AFFE2767EE1
:20D50000219A9A02767DD4B19A0082BE86BE8BBE00063B10761F02D796172910FF690006C2
:20D510003B10761F02D796182910FF6900063B10761F02D7961A2910FF6900063B10761FFD
:20D5200002D7961B2910FF6900063B10761F02D796282910FF6900063B10761F02D6961638
:20D530002910FF6900063B10761F02D696152910FF6900063B10761F02D696142910FF6927
:20D5400000063B10761F02D696132910FF6900063B10761F02D696122910FF6900063B106B
:20D55000761F02D696112910FF6900063B10761F02D696172910FF6900063B10761F02D73B
:20D5600096102910FF6900063B10761F02D7960F2910FF6900063B10761F02D7960E2910C3
:20D57000FF6900063B10761F02D796002910FF6900063B10761F02D796012910FF69000640
:20D580003B10761F02D7960C2910FF6900063B10761F02D7962B2910FF6900063B10761F88
:20D5900002D796142910FF6900063B10761F02D796122910FF6900063B10761F02D79629D1
:20D5A0002910FF6900063B10761F02D7962A2910FF6900063B10761F02D796152910FF699F
:20D5B00000063B10761F02D796202910FF6900063B10761F02D796162910FF6900063B10E8
:20D5C000761F02D796192910FF6900063B10761F02D6960F2910FF6900063B10761F02D6CB
:20D5D000960E2910FF6900063B10761F02D696102910FF6900063B10761F02D6960C291058
:20D5E000FF6900063B10761F02D6960D2910FF6900063B10761F02D6961B2910FF690006AB
:20D5F0003B10761F02D6961C2910FF6900063B10761F02D696062910FF6900063B10761F2F
:20D6000002D696072910FF6900063B10761F02D696082910FF6900063B10761F02D61E0A11
:20D610002910FF6900063B10761F02D696092910FF6900063B10761F02D696182910FF694E
:20D6200000063B10761F02D7960D2910FF6900063B10761F02D796132910FF6900063B108D
:20D63000761F02D7960A2910FF6900063B10761F02D796072910FF6900063B10761F02D76F
:20D64000961E2910FF6900063B10761F02D796082910FF6900063B10761F02D7961F2910CA
:20D65000FF6900063B10761F02D796022910FF6900063B10761F02D7961C2910FF69000642
:20D660003B10761F02D796032910FF6900063B10761F02D7961D2910FF6900063B10761FBE
:20D6700002D796052910FF6900063B10761F02D796222910FF6900063B10761F02D79624F4
:20D680002910FF6900063B10761F02D796232910FF6900063B10761F02D796272910FF69B3
:20D6900000063B10761F02D796252910FF6900063B10761F02D796212910FF6900063B10F7
:20D6A000761F02D796262910FF6900063B10761F02D796062910FF6900063B10761F02D7E4
:20D6B00096042910FF6900063B10761F02D796112910FF6900063B10761F02D7960B29107F
:20D6C000FF6900063B10761F02D796092910FF69000658A992A8EC089CFF88A99295969491
:20D6D000D801000EFFFD00068F00B6008F7F2F4C9A009B35767DD6C900068F00B6C08F7F6E
:20D6E0002F829A009B6D767DD6C900068F00B6408F7F2F829A009B6D767DD6C900068F0032
:20D6F000B5C08F7F2F1E9A009B2D767DD6C900068F00B5868F7F2F009A009B1D767DD6C965
:20D700000006B2BDAABDD1038D80B6009B6C28A912008AA2767E228E5200ED0FD0341B92DD
:20D71000AAAAED0B9A36767DD4705201ED06761F02D61A0000406F1D9A02767DD4B1D9819F
:20D7200092A1EDE5D1039B6C28A913008AA2767E228E5200ED13D0341B92AAAAED0F9A3632
:20D73000767DD4705201ED0A761F02D61A000080761F02B5181ADFFF6F0D9A02767DD4B165
:20D74000D98192A1EDE1761F02B51A1A2000767DD6D486BE8BBE0006B2BDAABDD1038D80E7
:20D75000B6C09BDC28A90B008AA2767E228E5200ED0FD06C1B92AAAAED0B9A6E767DD47D51
:20D760005201ED06761F02D61A0000406F1AD98192A1EDE8D1039BDC28A90E008AA2767E67
:20D77000228E5200ED13D06C1B92AAAAED0F9A6E767DD47D5201ED0A761F02D61A000080C1
:20D78000761F02B5181ADFFF6F0AD98192A1EDE4761F02B51A1A2000767DD6DD86BE8BBE83
:20D790000006B2BDAABDD1038D80B6409BDC28A905008AA2767E228E5200ED0FD06C1B9272
:20D7A000AAAAED0B9A6E767DD48A5201ED06761F02D61A0000106F1AD98192A1EDE8D10328
:20D7B0009BDC28A908008AA2767E228E5200ED13D06C1B92AAAAED0F9A6E767DD48A520102
:20D7C000ED0A761F02D61A000020761F02B5181ADFFF6F0AD98192A1EDE4761F02B51A1AF8
:20D7D0002000767DD6E686BE8BBE0006B2BDAABDD1038D80B5C09B5C28A901008AA2767EC2
:20D7E000228E5200ED0FD02C1B92AAAAED0B9A2E767DD4975201ED06761F02D61A0000043F
:20D7F0006F1AD98192A1EDE8D1039B5C28A904008AA2767E228E5200ED13D02C1B92AAAA6F
:20D80000ED0F9A2E767DD4975201ED0A761F02D61A000008761F02B5181ADFFF6F0AD981DE
:20D8100092A1EDE4761F02B51A1A2000767DD6EF86BE8BBE0006B2BDAABDD1038D80B58617
:20D820009A009B3C8AA2767E228E5200ED0DD01C1B92AAAAED099A1E767DD4A45201ED0411
:20D830001A0000016F18D98192A1EDEBD1039B3C28A903008AA2767E228E5200ED11D01C46
:20D840001B92AAAAED0D9A1E767DD4A45201ED081A000002761F02B5181ADFFF6F0AD98117
:20D8500092A1EDE6761F02B51A1A2000767DD6F886BE8BBE0006767DD3805201ED07761F9C
:20D8600001BF4609EF039A0100069A000006767DD3805200ED07761F01BF4609EF039A01A9
:20D8700000069A00000693A9767DD3805200ED085301ED06761F01BF1A0500040006761FCF
:20D8800001BF1A0300040006B2BDAABDD0358D80B6009A358AA22B92767D97CED103D0351A
:20D8900096929B6C28A913008AA2767E21F15200ED13D0359B6C28A913005C92767E22E508
:20D8A0005204ED0A761F02D61A020040761F02B5181ADFFF6F08D98192A1EDE4761F02B5D5
:20D8B0001A1A200086BE8BBE0006B2BDAABDD0358D80B6009A358AA22B92767D97CED103EF
:20D8C000D03596929B6C28A912008AA2767E21F15200ED15D0359B6C28A912005C92767EDA
:20D8D00022E55204ED0C761F02D61A020080761F02B5181ADFFF767DD8846F08D98192A12A
:20D8E000EDE2761F02B51A1A200086BE8BBE0006B2BDAABDD06D8D80B6C09A6D8AA22B92A0
:20D8F000767D97CED103D06D96929BDC28A90E008AA2767E21F15200ED13D06D9BDC28A928
:20D900000E005C92767E22E55204ED0A761F02D61A020040761F02B5181ADFFF6F08D981CD
:20D9100092A1EDE4761F02B51A1A200086BE8BBE0006B2BDAABDD06D8D80B6409A6D8AA277
:20D920002B92767D97CED103D06D96929BDC28A908008AA2767E21F15200ED13D06D9BDC11
:20D9300028A908005C92767E22E55204ED0A761F02D61A020010761F02B5181ADFFF6F085C
:20D94000D98192A1EDE4761F02B51A1A200086BE8BBE0006B2BDAABDD1038D80B5C09B5C13
:20D9500028A904008AA2767E21F15200ED13D02D9B5C28A904005C92767E22E55204ED0A5F
:20D96000761F02D61A020008761F02B5181ADFFF6F08D98192A1EDE4761F02B51A1A200045
:20D9700086BE8BBE0006B2BDAABDD1038D80B5869B3C28A903008AA2767E21F15200ED13E3
:20D98000D01D9B3C28A903005C92767E22E55204ED0A761F02D61A020002761F02B5181AB0
:20D99000DFFF6F08D98192A1EDE4761F02B51A1A200086BE8BBE0006B2BDAABDD06D8D8071
:20D9A000B6C09A6D8AA22B92767D97CED103D06D96929BDC28A90B008AA2767E21F1520099
:20D9B000ED17D06D9BDC28A90B005C92767E22E55204ED0E761F02D61A020080761F02B534
:20D9C000181ADFFF761F02D61A0300086F08D98192A1EDE0761F02B51A1A200086BE8BBEA7
:20D9D0000006B2BDAABDD06D8D80B6409A6D8AA22B92767D97CED103D06D96929BDC28A952
:20D9E00005008AA2767E21F15200ED17D06D9BDC28A905005C92767E22E55204ED0E761F41
:20D9F00002D61A020020761F02B5181ADFFF761F02D61A0300026F08D98192A1EDE0761FB5
:20DA000002B51A1A200086BE8BBE0006B2BDAABDD02D8D80B5C09A2D8AA22B92767D97CE0B
:20DA1000D103D02D96929B5C28A901008AA2767E21F15200ED15D02D9B5C28A901005C92FA
:20DA2000767E22E55204ED0C761F02D61A020004761F02B5181ADFFF767DD94A6F08D981CC
:20DA300092A1EDE2761F02B51A1A200086BE8BBE0006B2BDAABDD01D8D80B5869A1D8AA2B3
:20DA40002B92767D97CED103D01D96929A009B3C8AA2767E21F15200ED14D01D9A009B3C74
:20DA50005C92767E22E55204ED0C761F02D61A020001761F02B5181ADFFF767DD9736F08E2
:20DA6000D98192A1EDE4761F02B51A1A200086BE8BBE0006B2BD767DD3F82BAB1BA909F451
:20DA70006208767DD3F81BA9060C56B300A1630628A90800767DD5F7D101767DD3FC1BA995
:20DA800009F46206767DD3FC1BA9060C630628A90800767DD5FED101767DD4001BA909F427
:20DA90006206767DD4001BA9060C630628A90800767DD605D101767DD4041BA909F462069B
:20DAA000767DD4041BA9060C630628A90800767DD613D101767DD46C8F0E10001EA6A8A9E0
:20DAB0000FA66409767DD46C3B011EA6FF2CFF1F0FA665050200767DD60CD101767DD3E842
:20DAC0001BA909F46206767DD3E81BA9060C630628A90800767DD5DBD101767DD3EC1BA96C
:20DAD00009F46206767DD3EC1BA9060C630628A90800767DD5E2D101767DD3E01BA909F424
:20DAE0006206767DD3E01BA9060C630628A90800767DD5CDD101767DD3E41BA909F46206C6
:20DAF000767DD3E41BA9060C630628A90800767DD5D4D101767DD4081BA909F46206767DFB
:20DB0000D4081BA9060C630628A90800767DD61AD101767DD3AC1BA90898EC11767DD3AC17
:20DB10001BA908FCEC0C767DD3AC1BA90960EC0728A908FC767DD57228AB0001767DD3B04A
:20DB20001BA91388EC0C767DD3B01BA91770EC0728A91388767DD57928AB0001767DD45C36
:20DB30001BA902586606767DD45C1BA901E0670728A90234767DD6AD28AB0001767DD438C5
:20DB40001BA902586606767DD4381BA901E0670728A9021C767DD66E28AB0001767DD45C0C
:20DB500093A9767DD43855A96707767DD45C767DD66E28AB0001767DD4581BA904B06605DE
:20DB6000767DD458520A670728A90258767DD6A628AB0001767DD4181BA901B86806767D91
:20DB7000D4181BA9021C690728A901CC767DD63628AB0001767DD4201BA901E06806767DF9
:20DB8000D4201BA90259690728A9021C767DD64428AB0001767DD4281BA901A46806767D79
:20DB9000D4281BA9021C690728A901A4767DD65228AB0001767DD4301BA901B86806767DED
:20DBA000D4301BA90258690728A901CC767DD66028AB0001767DD41C5205680C767DD41CA7
:20DBB000525F6608767DD41C9B0500FE33CE5200EC069A0A767DD63D28AB0001767DD42407
:20DBC000520A680C767DD42452646608767DD4249B0500FE33CE5200EC069A1E767DD64BCC
:20DBD00028AB0001767DD42C525A6608767DD42C9B0500FE33CE5200EC069A00767DD659C2
:20DBE00028AB0001767DD434520A680C767DD43452646608767DD4349B0500FE33CE52007B
:20DBF000EC069A0A767DD66728AB0001767DD384520A6405767DD384521465059A0E767DB7
:20DC0000D52CD101767DD468520A6406767DD4681BA904B0650728A9012C767DD6C228ABCD
:20DC10000001767DD41452006405767DD414520464069A00767DD62F28AB0001767DD46431
:20DC200052006405767DD464520264069A00767DD6BB28AB0001767DD39C52046205767D3C
:20DC3000D39C520063059A00767DD556D101767DD3B452006405767DD3B4520265069A0019
:20DC4000767DD58028AB0001767DD40C52006505767DD40C520464069A02767DD62128AB2D
:20DC50000001767DD3A852006405767DD3A8520264069A00767DD56B28AB0001767DD3A453
:20DC600052006405767DD3A4520264069A00767DD56428AB0001767DD3A052006405767D13
:20DC7000D3A0520264069A00767DD55D28AB0001767DD46052006405767DD4605202640609
:20DC80009A01767DD6B428AB0001767DD3C052006405767DD3C0520264069A01767DD5951B
:20DC900028AB0001767DD41052006405767DD410520264069A01767DD62828AB0001767D26
:20DCA000D3BC52006505767DD3BC522064069A01767DD58E28AB0001767DD3CC52006405A9
:20DCB000767DD3CC520264069A00767DD5AA28AB0001767DD3D452006405767DD3D45202E1
:20DCC00064069A00767DD5B828AB0001767DD370FFC752176606767DD37090FF523B69065A
:20DCD0009A00767DD50928AB0001767DD374FFC752176606767DD37490FF523B69069A00C1
:20DCE000767DD51028AB0001767DD3781BA901A46806767DD3781BA9021C690728A9021CE4
:20DCF000767DD51728AB0001767DD37C1BA903B6690728A90258767DD51E28AB0001767D5A
:20DD0000D3F01BA909F46206767DD3F01BA9060C630628A90800767DD5E9D101767DD3F40C
:20DD10001BA909F46206767DD3F41BA9060C630628A90800767DD5F0D101767DD3805200D6
:20DD20006405767DD380520264069A00767DD52528AB0001767DD3C452006406767DD3C44B
:20DD30001BA901F465069A3C767DD59C28AB0001767DD3C852006405767DD3C8520264060C
:20DD40009A01767DD5A328AB0001767DD3B852006405767DD3B8520264069A01767DD5878A
:20DD500028AB0001767DD45052006405767DD450520264069A00767DD69828AB0001767D76
:20DD6000D43C1BA901E06806767DD43C1BA90262690728A90248767DD67528AB0001767DC5
:20DD7000D44452056806767DD4441BA9038469069A3C767DD68328AB0001767DD44052059D
:20DD80006806767DD4401BA9038469069A78767DD67C28AB0001767DD44C5200EC05767DE0
:20DD9000D44C525A69069A1E767DD69128AB0001767DD45452006405767DD45452026406A3
:20DDA0009A00767DD69F28AB0001767DD4485200ED0728A9316F767DD68A28AB0001767DAD
:20DDB000D448901FEC17767DD448767DD448FFC4900FEC10767DD448FFC4900F520C660ACA
:20DDC000767DD448FFC85263660592AB5201EC066F0728A9316F767DD68A767DDA0692A18B
:20DDD0005201ED03767DDA398BBE0006761F02EC92110006B2BDAABDA2BDFE02761F01BFE5
:20DDE0004B01EE032B426F0328420001761F02EE92325206EC515203EC395202EC3352057A
:20DDF000ED2D28410001767E23E95203ED19767E0B3F5200EC13761F02EB0638620D767E82
:20DE000023ED5202ED09767DD40C5203ED07761F02E99213ED03D1026F04D1016F02D1001D
:20DE1000767E23ED5202ED0C767E23E95203EC20767E0B3F5200ED1C6F032B41D100D20026
:20DE20006F1E28410001D2006F192B41D102767E23ED5202EC05767E104C5200EDF1767E95
:20DE30000B3F5200EC07761F02E9923B6403D2016F06D2026F042B41D201D1009242ED0827
:20DE400092A15202ED059241520156B101A1761F02EE92325204ED07761F01BF4709EF0350
:20DE500028410001767E0B3F5200ED06761F02EC1820FFFE6F05761F02EC1A2000018DC08E
:20DE6000BB20CCC3FFC188A9560302A2900FCAA693A19103FF93CBA9924118A8FE3F90030A
:20DE7000FF85CAA893429101FF97CBA997C3767E104C5200ED06761F02EC1A3280006F0579
:20DE8000761F02EC18327FFF767DFEE55200ED06761F02EC1A3240006F05761F02EC1832CC
:20DE9000BFFF9214ED041A3220006F031832DFFF761F02EE921FEC12761F02EC1832FCFF1B
:20DEA000CCC30030FFC35202EC041832FFCF6F121832FFEF1A3200206F0D761F02EC92C30C
:20DEB000CD32FCCF90C0FF81CAA893209130CBA99732761F02EE8D40BB32932DCCC1E3FF27
:20DEC0009101FF9B761F02ECCBA992C3900CFF87CAA893C318A9FF3F9101FF96CBA9CC205A
:20DED0000100FFC1CAA8500196C1767DD3805201EC2C18C9FFFE767DFF2D5200ED06761FCF
:20DEE00002EC1A3300026F05761F02EC1833FFFD761F02EE92325205ED13761F02EE921FD1
:20DEF0005201ED0E761F02EE9205EC0A767E23ED5202ED06761F02EC1A3300046F17761F78
:20DF000002EC1833FFFB6F12761F01BF9209761F02EC1833FFFE761F01BFCC090040761F93
:20DF100002ECFFC598331833FFF9761F02EE92325202EC035205ED14761F02EE921F5201C4
:20DF2000EC08761F02EC1833FFEF1A3300086F0C761F02EC1833FFF71A3300106F05761F37
:20DF300002EC1833FFE7FE8282BE86BE8BBE00063B10761F02EC96112910FF690006B2BDD4
:20DF4000AABDA2BDFE06761F02EC9214EC33761F02C64822EE2F767DD40C5202EC15767DB0
:20DF5000D40C5200EC11767DD40C5201EC0D761F02E99213ED09761F02EE921BED05761F8F
:20DF600002C74225EF2B767DD458761F02EC0EA91E36767DD4683B01761F02EC85A90F3649
:20DF7000632D767DD4683B01761F02EC85A91E366F25767DD40C5202EC13767DD40C5200B2
:20DF8000EC0F761F02E99213ED0B761F02EE921BED07761F02C74225EE0302006F17767D12
:20DF9000D458761F02EC0EA91E36767DD4683B01761F02EC85A90F366405026456010036FA
:20DFA0006F08767DD4683B0185A9761F02EC1E36761F02C7CC250004761F02E9FFC1CA130A
:20DFB000761F02EECA1BEC070264761F02EC0F36564802360247761F02EC3B011EAC564484
:20DFC0000036FF451E361EAC761F02EE921F5201ED26761F02E55A12767DD3C85200EC1D3C
:20DFD000767DD3C45200EC19761F02E90E3D761F02EC1EAC564400368BA9767DD3C434A9CD
:20DFE00027100FA16306767DD3C434A927108BA90EA21E42B2A96F0D02006F0D761F02E51E
:20DFF0005A37761F02E90EA21E420E3D564400A900FE3301761F02EC1BA206A41E38660486
:20E00000282306A46F027A23761F02DD02645621002A1E42761F02E45644003600FE3301A5
:20E010003B01761F02EC83A985231E4202641EAC564400A500FE33018F00015E3B0188A901
:20E02000962485A60F3856480438A8A90F3864060638630502001E386F02A838761F01BF34
:20E030004B01EF14A8A9761F02E3012C761F02E3010F761F02EC19141E34630302001E3443
:20E0400006340F38630306341E38761F02EC921EED49767DD3CC5200EC05767DFEFD5200CB
:20E05000EC39761F01BF4B01EF33767DD3B45200ED05767E10235200EC2B0264761F02E499
:20E060001EACB66C56440036761F02E41EA60604761F02E487A70738560500A906A60FAB49
:20E0700063050EA21E4206A66F040EA21E42A9A900FE3301761F02EC1E2C062C63030200FE
:20E080001E2C3B0185240F2C5648042C6F2202006F053B01761F02EC8524761F02EC1E2C0C
:20E090006F1885270FA565060EA21E42564400A56F052D270EA21E42356400FE33013B01F0
:20E0A0001E2C85A60F2C5648042C062CFF541E388F0003893B01A8AC5644002CFF451EA68E
:20E0B0001E2C56440038FF451EA71E38FF200DD00FA6650602140FA65648022C6F048F0020
:20E0C0000DCFA82CFF200DD00FA76507062CFF540FA7564802386F048F000DCFA838761F0C
:20E0D00002EE92325205ED34767E23E95203ED30761F02EC1B120DCF640428120DCF6F0712
:20E0E000761F02CE9209761F02EC7212062C5621000719050FAC620B0205072C0FAC6404C6
:20E0F000922C96076F069A0574076F030807000592073B01FF5C85A90F385648023885128C
:20E100000F38620392126F02923896056F08761F02EC56BF141256BF14072B05761F01BFEF
:20E110009201CC010800FFCA761F02EC964459A99314EC0F50802845000159A9767E0B3F3F
:20E120005200EC0828A90100D301CAA196466F042B457946D300761F01BF470956BC00A1DF
:20E1300056BD01A14609EE0418463FFF6F07924618A93FFF1AA940009646761F02EE9232C8
:20E140005203EC6E5202EC655205EC125206EC081846FF81D200D1002B43FFEF0081924694
:20E150002B43D10018A9FF835002D2016F77767E23E95203ED31761F02E406186405284342
:20E160000002D2026F04284300015A43761F01BF9201D1019246CCA9FFBF50209646767E48
:20E17000104C5200ED0E9246CCA9FFE788A9560303A2D201CAA6CCA9FFFB500296466F1B1A
:20E180009246CCA9FFE788A9560303A2D200CAA6CCA9FFF96FF49246CCA9FF9F88A9560396
:20E1900005A1CAA6964693A9FFD0FFC2910390035AA89643767DD40C5203ED319243520141
:20E1A000ED2E761F02E99213ED2A1846FFE76FA59246D1012B4318A9FF8150206F1E924682
:20E1B000761F02EC18A9FF9FD100284300029646CCA9FFF750109304ED0E761F02E9933BA8
:20E1C00063079246D20218A9FFF150146F07CCA9FFFB6F8BCCA9FFF9D2009646761F02EC97
:20E1D000CC15FFF888A9560301A2CAA680A9924318A7FFE7560303A9761F02C793A9CBA706
:20E1E00088A818A6FF9F560305A1CAA6CA4480A9924518A7FF7F560307A993A9CBA788A8F2
:20E1F00018A6FEFF560308A3CAA6934618A9C1FFCDA80600CBA9920F9007761F02ECFF8A53
:20E20000CAA89615FE8682BE86BE8BBE0006767DD39C761F02EA5428EC24761F02EE9232D2
:20E210005201EC0A5204EC085200EC1B9A009B05767E321900063B10FF69767DD39C761FD9
:20E2200002EA96282910FF69767DD3B01BA91388EC04767E27C76F03767E27ED767E1C263C
:20E230000006B2BDFE02761F02C759A99210520256C00090761F02EE92325203EC0C761F32
:20E2400002EC02002B261E301E2E92A1541AED7FFFEF0087761F02E90E3D761F02EC5601BC
:20E250000030761F02E40608761F02EC072E761F02E4071E761F02EC0A261E2E922652088C
:20E26000646F562100260630AB4200FE330158A9062EAB4200FE33012DA027A92B26020095
:20E270001E301E2E35759B0A08A9400C00FE335493A928A914B494A81BA914B464071BA060
:20E2800001E0640628A917706F0328A914B493A99D3255AB6416761F02DD9329761F02EC98
:20E29000551A640F9B3295AB54A86208761F02DD9229761F02EC541A6506081A000A6F03F0
:20E2A0009A0A741A92A1541A6422767DD4645200ED08761F02E59203761F02EC541A66101B
:20E2B000767DD4645201ED1C761F02E5923B761F02EC541A6915761F02E5923B6F04761FBE
:20E2C00002E59203761F02EC961A6F0A791A6F08761F02EC02002B262B1B1E301E2E761FC1
:20E2D00002EE92325203ED26761F02EE9203EC22761F02EA9228ED1E761F02BC2D3F1BAC1E
:20E2E00003E8630328AC03E835513B01761F02ECFF462DA9541864030A186F022118921C61
:20E2F0005418562A041892A154186302791892186F09761F02EC921A541C562A001C921C66
:20E300009618FE828BBE0006FE02761F02BC9B0A923F00FE33C93B01761F02EC52FA56B4A8
:20E31000FAA985A91E425603071100FE33011BA904B062071BA90258630628A902586F0314
:20E3200028A904B0767E23F1FE820006B2BDAABDA2BDFE02761F02C792105202EC09761FB7
:20E3300001BF4D00EE05761F02EE9232ED71767DFECD5200ED36767DFEF15200ED32761F0B
:20E3400002C6922290035202EC2C761F02EE9232EC285205EC055202ED075202ED22761F5D
:20E3500002EE921FED1E767DFAF09641767DFAF05AA9767DFDAB82A4767DFBAC59A9767E1C
:20E3600019435DA993A18AA392A2767E1BB0767E19479341767E1B67761F02EE2B1E6F51BB
:20E37000767DFF155200ED31767DFF395200ED2D767DD3805200ED29761F02C6922090032F
:20E380005202EC23761F02EE9232EC1F767DFAF09641767DFAF05AA9767DFDD382A4767D56
:20E39000FBC759A9767E19435DA993A18AA392A2767E1BB0767E19479341767E1B67761FCC
:20E3A00002EE56BF011E6F1D767E1CE26F1A767DFAF09641767DFAF05AA9767DFDBF82A4C9
:20E3B000767DFAC759A9767E19435DA993A18AA392A2767E1BB0767E19479341767E1B674F
:20E3C000761F02C59A2D932A767E18DA767DDF38761F02EE92325203ED10761F02EE921E9D
:20E3D000761F02EC5416761F02EE56B00117761F02EE56B032166F07761F02EE2B17761FF8
:20E3E00002EE2B16761F02EE921EFE82761F02EC961682BE86BE8BBE0006B2BDAABD761FCA
:20E3F00002EC921456B000A1ED069AC8761F02E7942659A9761F02EED200921F5201EC12EA
:20E40000767DFEE55200ED23761F02EE92325203EC1E5206EC1C28AC00BF761F02E5303746
:20E410006F11767DFF2D5200ED12761F02EE92325203EC0D5206EC0B28AC00BF761F02E507
:20E4200030122901FF469BC895A95AA892A154A2670259A2767DFEE55200EC06767E104C91
:20E43000520056B000A1761F02EC2D293503761F02E9943D761F02EC9428CDA90003FFA119
:20E44000972896292DA9761F02EA540469022D04761F02EE921BEC04761F02EA2D043507E3
:20E45000761F02C528AC00C8942172AC92AC54A1690259AC767DD3AC1BA90898EC09767D80
:20E46000D3AC1BA908FCEC0428A90F3C6F0328A90ED854A1562A06A11BA1119469038D406A
:20E470001194761F02EC5A0E767E23ED5200ED0D767E23E95200ED09767E0B3F5200EC0FD9
:20E48000767E0B3F5201EC0B92A154A268119C9C54A2660B92A19CF654A266035AA16F091C
:20E4900092A29C0A5AA96F055AA1DADA6F02DA8A3B10761F02EC1BA210CC7A0E6503280E0A
:20E4A00010CC930E761F02EA97061BA810CC761F02EA97056503280510CC761F02EE92324B
:20E4B0005205ED069AC8761F02EA94056F09761F02EE9203EC0392A86F039AC894A8761F26
:20E4C00002E7960C291086BE8BBEFF690006761F01BF4B01EE05767DD85B5200EC05761FEB
:20E4D00001BF4709EE0302006F083B01761F02E3853A761F02E40720761F02EC1E2A761F3B
:20E4E00001BF4709EF0C767E23E95203ED08761F02EC0600761F02EC5641002A8F007530C6
:20E4F000761F02ECA8A90F2A64083B01FF24F8AD0F2A5648022A0006A82A0006767DD3AC3C
:20E50000761F02805423EC10761F02EE92325203ED069A009B05767E32190006767DD3ACEF
:20E51000761F028096230006761F02EE920B761F02ECCA14ED0A767E105C5200EC06761F62
:20E5200002EC1A2200016F05761F02EC1822FFFE921EEC0C761F02EE920B761F02ECCA1457
:20E53000EC1A767E10545200ED16767DD3CC5200EC0D767DFEFD5200ED09761F02EC9214DC
:20E54000ED05761F02EE920BEC06761F02EC1822FFFB6F05761F02EC1A220004767E105C67
:20E550005200EC2B767E10235200ED1E761F02C7CC250004761F02E9FFC1CA13ED19767D55
:20E56000D40C5202EC15767DD40C5200EC11767DD40C5201ED09761F02EC9214EC05761F79
:20E5700002C64822EF05761F02EE921BEC06761F02EC1A2200026F05761F02EC1822FFFD53
:20E58000761F02EE922DEC21761F02C64C26EF1D761F02EE920B761F02ECCA14ED16767DD6
:20E59000D3B45200ED0D767E10235200ED09767E105C5200ED0A767E10545200ED06761F4E
:20E5A00002EC1A2200080006761F02EC1822FFF70006B2BD761F01BF59A94B01EE36761F9F
:20E5B00002C7920D5205EC315204EC2F5202EC2D5203EC2B761F02EE921CED27761F02B295
:20E5C000923AED23767E10365200ED1F761F02B38F00BB1728A803E85DA1923C767E2D4331
:20E5D0005200EC16761F02809A009B0156BF1B16767E3219761F02B39A1B933C761F028020
:20E5E0005C16767DAD766F04761F02EC2B17767DD3805201ED31761F01BF4609EE2D761F50
:20E5F00002C7920D5205EC285202EC265203EC24761F02EE92325204EC1F761F02B48F00E9
:20E60000BB1928A803E85DA19208767E2D435200EC16761F02809A009B0156BF1B16767E94
:20E610003219761F02B49A1B9308761F02805C16767DAD766F04761F02EC2B198BBE0006DC
:20E62000B2BDFE04761F02CE56BF0109767E1C269A78767E19A59A78767E19DD28A907D047
:20E63000767E19CF9AFA767E19C89AC8767E19E49A00767E31ED59A942A156CC00F6767D96
:20E64000F978767E1B29767DF9B3767E1B63767DF929767E1DC3767DF8F3767E1DBF767D76
:20E65000F98F767E1B5F767E1F76767DFE3DBE00C242C244767E1C53767DF8A4767E1DBB77
:20E66000767DFAF0767E1C3D761F02EB9226767E20D5767DFE12BE00C242C244767E1F422D
:20E67000767E1FC0767E1D81767DF86B767E1DA9767DF823767E1D9A767DFDE7BE00C242C3
:20E68000C244767E1D14767E1D60767E1FDE767DE326761F02809223767DE2319613767E82
:20E6900023E95202EC1D767E23E95201EC19020A28AC00B5761F02EC3B011E423013FF4172
:20E6A00000FE3301761F02809624767E19BA761F02809224767E19C1767E1D006F15761FCB
:20E6B00002EC9B03D4019213767E1A2E761F02EC9221ED05761F02EB2B066F069A009B0F74
:20E6C000D401767E1B2D767DFB395214651E767E23E95202EC05767E23E95203ED16761FE7
:20E6D00002EE9232EC12761F02809A009B0156BF0516767E3219761F02B49A05932A761F80
:20E6E00002805C16767DAD76767DFB41520A651C767E23E95202EC05767E23E95203ED1469
:20E6F000761F02EE9232EC10761F02809A009B0156BF0616767E3219761F02809A069B01B5
:20E700005C16767DAD76767DE3ED767DDF3F767DDDDA9A05767E20F49A0A767E1CAD9A96BB
:20E71000767E1C6A761F02ECD50328A8F97E8F3FFBA99200767E1AFC5200EC12761F028058
:20E720009A009B0156BF2B16767E3219761F02EC9A2B9300761F02805C16767DAD76767EA0
:20E730001DF2767DE4C740A156CCFF04761F02C792015201ED11761F01A09204761F02C7AA
:20E740007203761F01A59204761F02C77204761F02C756BF0201767E1E51767DE207767DF7
:20E75000E4FE767DE5149A96767DE5A9FFEFFEE29A00000680C5310092A7522CEC15BE00D0
:20E7600092A652066711A9A9DFB00AC4DD01FF328EA9A9A9FF3007A00DA780C5FF5ADE0143
:20E7700092A7522CEDEE29010AC4FF20FFFF0FAB670428A9FFFF000692AB0006B2BD8BA506
:20E7800092C1ED1F92F49C01523B69112BF492EC9C01523B690A2BEC92E49C0152176603BA
:20E790000AE46F062BE46F0496EC6F0296F4761F02800A0E1B0E1518690D2B0E9A026F0BBD
:20E7A0008F40BB770207767E33762BC1761F02802B0E9A018BBE0006520058A9EC149CFF9E
:20E7B00088A992C554C4ED07DD01DC01D881000EFFFA6F07522AED07D8819294520DED03E6
:20E7C0009A0100069A0000062DA99A968F40A18037A9A0A907AB8AA956BF28C456BF4ECCC4
:20E7D000A0A956BF41D407AB56BF4BDC56BF0DE48AA99B0592AC767E2C2700062DA99A965E
:20E7E0008F40A18037A9A0A907AB8AA956BF28C456BF41CCA0A956BF43D407AB56BF4BDC95
:20E7F00056BF0DE48AA99B0592AC767E2C270006B2BDAABD5AA98D40A0800EA2FF365601A3
:20E8000000A18AA19A029B00DC02767E2D0A761F02ED9B0096378AA19A02DC04767E2D0A2E
:20E81000761F02ED9B0096388AA19A02DC06767E2D0A761F02ED9B0096398AA19A02DC088E
:20E82000767E2D0A761F02ED9B00963A8AA19A02DC0A767E2D0A761F02ED9B00963B8AA1CB
:20E830009A02DC0C767E2D0AD90E761F02ED9B00963C8AA19A02767E2D0A761F02ED963DF8
:20E8400080372FA993A75363663F5316683D923893A99DFE27A8520C66375200EC358839E7
:20E8500093A6531F66315300EC2F933A5306662C933B53176629933C533B662693AA533BC5
:20E86000662393A6531E69095204EC1E5206EC1C5209EC1A520BEC1892A79003531C690CC1
:20E8700093ABED035200ED1093A6531D690593ABED035200EC099A059B09767E321992A2C9
:20E88000767DE7DE6F0492A2767DE7C486BE8BBE0006761F02EE922DED10767DFC2D520039
:20E89000ED19761F02800A0D920D52146516761F02EE56BF012D6F0E767DFC2D5200EC0A0B
:20E8A000761F02800A0D920D52146507761F02EE2B2D761F02802B0D0006FE028F406FC089
:20E8B0008AA5761F01BF9A01DC0C1AC410001AE502008AA5DC0D1AC400801AED00081A05AE
:20E8C0000020767DD873761F01BF1A0D00401A0D02009A001A0500101A050800761F02EE80
:20E8D0002B05761F02EE2B0A761F02B12B1A761F02B32B1D761F02B12B1E761F02EE2B2FAF
:20E8E000767E0EC79A00767E23FF9A00767E24692B416F020A411B4107D068FD3B1076FF04
:20E8F00061007620FE82FF690006AABD80A98F00A0820EA7FF36560100A493C49DD02DA864
:20E900005304672C761F0280931FEC288F00A24056BF01C4921FC4A48F40A44096CC28A9E6
:20E9100001F4DE02931F37A99D015AA8A9A92BAB560100A52F85AAA957860DAA86A992ABB5
:20E920009C0127A9541F68F7931F9D0292A758A8931F7A949D03767E2C0286BE0006B2BDD3
:20E93000AABDA2BDFE048F00A00A58A9809459A993A7EC1B88A70EA12DA1D400DE81FF365A
:20E940008EA99A9637A93AA98F40A0800DA4560100A52DC5A9A98F40A1800DA4DC015601D8
:20E9500000A521C5000EFFF19A962DA18F00A18036A9560100A492A193A7767E2C270EA133
:20E960008F00A080FF36D008D10A560100A42DD4350A94DC2DA9350A94E408A9EB30964125
:20E970002DF4350A94FC2DA9350A94942D9C08A9EB30D00B5AA9D10D350A949408A9FDF004
:20E98000D00E96422D9C350AD110949408A9FDF0D01196432D9CD113350A94942D9C08A9CA
:20E99000FDF0D014D1165BA9350A94942D9C08A9FDF0D0175DA9D11D350A949408A9FDF0FD
:20E9A000D01980A992949CD0D01B964488942D9CD01E350A9494D01F2DA9350A9494D02098
:20E9B0002DA931642D94350B94AB08A9DCB01B4101F4DEB0661E1BA201F4661B934453049B
:20E9C00066183B10761F028093418F00A02C2B1A7A047A059719934297C4934397CC7BD47E
:20E9D0007DDC7F1E93447E1D961C2B1F971B2910FE8482BE86BE8BBEFF690006B2BDAABD45
:20E9E000A2BDFE029B962DA98D80A18037A896418DC0B1E3D500AAA907AB8BA9AAA956BF76
:20E9F00028C107AB8AA986A9DC019B04CCD30002FFC0767E2D7D56BF20E99B04D5008AA2D2
:20EA000092C3DC0690FF08A90190767E2D7DD00A9B04D5008AA256BF2091DC0B92C3FFC70E
:20EA100008A90190767E2D7DD00F9B04D5008AA256BF2091DC1092CB90FF08A90190767EB3
:20EA20002D7DD014761F02C79B04D5008AA256BF2091DC159226767E2D7DD019761F02C7F6
:20EA30009B04D5008AA256BF2091DC1A9227767E2D7DD01E761F02C79B04D5008AA256BF12
:20EA400020919224DC1FFFC7767E2D7DD023761F02C756BF20918AA2D024CC250004FFC104
:20EA50009C309B04D5009691DC2AD025CC250008FFC29C309691D026CC250010FFC39C3012
:20EA60009691D027922590019C309691D028CC2501E0FFC49C30761F02E99691D0299204AE
:20EA700056BF2091767E2D7D761F02E9D02E9B04D5008AA2920556BF2091DC2F767E2D7DFE
:20EA8000761F02E9D0339B04D5008AA2920256BF2091DC34767E2D7DD0389B3956BF0D91BC
:20EA90008AA29241767E2C27FE8282BE86BE8BBE0006B2BDAABDA2BD9B962DA959A98DC042
:20EAA000A18037A8761F02EDD500A2A907AB86A9A2A956BF28C207AB8AA982A9DC019B02FD
:20EAB0009229767E2D7D761F02ED9B02D50056BF2DDA8AA3922ADC04767E2D7D761F02EDF0
:20EAC0009B02D50056BF2DF28AA3922BDC07767E2D7DD009761F02ED9B02D5008AA356BF14
:20EAD0002C92DC0A922D767E2D7DD00C761F02ED9B02D5008AA356BF3A92DC0D922E767EA8
:20EAE0002D7DD00F761F02ED9B02D5008AA356BF3A92DC10922F767E2D7DD012761F02EDD8
:20EAF0009B02D5008AA356BF5F92DC13922C767E2D7DD0159B1692A18AA356BF0D92767E78
:20EB00002C2782BE86BE8BBE0006B2BDAABDA2BD9B962DA959A98DC0A18037A8761F02B5F8
:20EB1000D500A2A907AB86A9A2A956BF28C207AB8AA982A9DC019B05921A767E2D7D761F2E
:20EB200002DE9B03D50056BF54F28AA39234DC07767E2D7D761F02DED00A9B03D5008AA3C4
:20EB3000923156BF2092DC0B767E2D7D761F02DED00E9B03D5008AA3922B56BF2092DC0F54
:20EB4000767E2D7D761F02DED0129B03D5008AA3923256BF2092DC13767E2D7D761F02DE93
:20EB5000D0169B04D5008AA3922A56BF2092DC17767E2D7DD01B3B01761F02E9D5008AA361
:20EB600056BF4392853CD01CDC1DFF569B0456BF3A92767E2D7D761F02EBD0219B03D500AC
:20EB70008AA3922456BF2092DC22767E2D7D761F02E7D0259B04D5008AA3922B56BF2092A7
:20EB8000DC26767E2D7DD02A761F02DD56BF20928AA39B04D500D02B9225DC2E56BF549248
:20EB9000D02C56BF6A92D02D56BF3A92767E2D7D761F02DDD0329B04D5008AA3922456BFFA
:20EBA0002092DC33767E2D7D761F02DDD0378AA39B04D500922156BF2092DC38767E2D7DAE
:20EBB000D03C761F02DD9B04D5008AA356BF20929217DC3D767E2D7DD041761F02DD9B04D9
:20EBC000D5008AA356BF20929215DC42767E2D7DD046761F02DD56BF20928AA39B03D50018
:20EBD000D047922056BF4692DC49D04856BF3A92767E2D7DD04C761F02DD9B03D5008AA383
:20EBE00056BF2092921EDC4D767E2D7DD050761F02DD9B03D5008AA356BF2092921CDC5101
:20EBF000767E2D7DD05428A91193761F01A3BE2D8AA356BF2092D5009E09DC550EA9F60F4D
:20EC00001FA69B03767E2D7DD058761F02DD56BF20928AA39B03D500D059920F56BF53922C
:20EC1000DC5BD05A56BF3A92767E2D7DD05E761F02DD9B03D5008AA356BF2092920EDC5F20
:20EC2000767E2D7DD062761F02DD9B03D5008AA356BF20929209DC63767E2D7DD066761FE6
:20EC300002DD9B03D5008AA356BF20929211DC67767E2D7DD06A761F02EE56BF20929215CD
:20EC4000D06B9B6E8AA39C3056BF4392D06C9692D06D92A156BF0D92767E2C2782BE86BE3A
:20EC50008BBE0006B2BDAABDA2BD9B962DA959A98DC0A18037A8761F02E5D501A2A907AB7B
:20EC600086A9A2A956BF41C207AB8AA982A9DC019B039237767E2D7D761F02E69B02D5021F
:20EC700056BF42F28AA39208DC07767E2D7D761F02E9D00C9B02D5018AA3923D56BF43923E
:20EC8000DC0D767E2D7D761F02EAD0119B02D5018AA3920356BF4492DC12767E2D7D3B01A3
:20EC9000761F02E9D016D5018AA3853F56BF4592DC17FF569B02767E2D7D3B01761F02E90C
:20ECA000D01BD5018AA3853B56BF2092DC1CFF569B02767E2D7D761F02EBD0209B03D50171
:20ECB0008AA3922156BF4692DC21767E2D7D761F02EBD0269B03D5018AA3922456BF47921F
:20ECC000DC27767E2D7D761F02E3D02C9B03D5018AA3922C56BF4992DC2D767E2D7DD03225
:20ECD00056BF5292767DFE9D9B30D03395A99792767DFECD9B30D03495A99792767DFEF192
:20ECE0009B30D03595A99792767DFEC19B30D03695A99792D03756BF2092767E10239B3033
:20ECF000D038761F02EC95A997929214D0399C30761F02EE9692D03A920B9C309692767E5B
:20ED0000194F9B30D03B8F006FC095A99792761F01BFD03C56BF2092D009CC940080FFC6EA
:20ED1000D03D9C309692D03ECCCC0008FFC29C309692D03FCC010020FFC49C309692D040BC
:20ED2000CC010800FFCA761F02EE9C309692D04192059C3056BF2092D0429692767E23E947
:20ED30009B30D04395A99792767E23ED9B30D04495A99792767E0B3F9B30D045761F02EE91
:20ED400095A99792922DD0469C30761F02DD56BF2092D0479692D048920A9C30761F02EE2C
:20ED50009692D049921C9C30761F02EC9692D04ACC20000CFFC1761F02EE9C309692D04BD7
:20ED600092329C309692D04C56BF2092767E104C9B30D04D95A99792767E102F9B30D04E3D
:20ED700095A99792767E103A9B30D04F95A99792767E10419B30D05095A99792D05156BFC0
:20ED80002092767E10239B30D05295A99792767E0FF79B30D05395A99792767E10039B3025
:20ED9000D05495A99792767E10139B30D055761F02C695A99792D05656BF5392D057CC26D4
:20EDA0001000FFCB9C309692767E10549B30D05895A99792767E105C9B30D059761F02E305
:20EDB00095A997929212D05A9C309692D05B56BF5492767DFEAF9B30D05C95A99792767D03
:20EDC000FF159B30D05D95A99792767DFF399B30D05E95A99792767DFF099B30D05F761FAB
:20EDD00001BF95A98AA39792D06056BF2092D500D061CC010004DC66FFC19B029C3096926E
:20EDE000D062CC010010FFC39C309692D063CC090040FFC59C309692D064CC090200FFC87C
:20EDF0009C30761F02809692D065921656BF6692767E2D7DD068761F02DE56BF5492923006
:20EE0000D0699C30761F02DD9692D06A92069C30761F02DD9692D06B92039C30761F02DE06
:20EE10009692D06C92339C30761F02809692D06D92229C30761F02C69692D06E92079C30C9
:20EE20009692D06F56BF5092D07056BF2092D07156BF4492767DD4489B02D5008AA3FFC8CC
:20EE3000DC72767E2D7DD07456BF2092767DD448FFC49B02D5008AA3900FDC75767E2D7DCC
:20EE4000D07756BF2092767DD4489B02D5008AA3901FDC78767E2D7DD07A761F02EA9B04EB
:20EE5000D5008AA356BF20929204DC7B767E2D7DD07F9B8092A18AA356BF0D92767E2C2789
:20EE600082BE86BE8BBE0006B2BDAABDA2BD59A982A586A4767E2E6B5201EC032BC36F0209
:20EE70000AC392A1767E2CBD5200ED049A0096C26F030AC292C293C3530A660352C8691926
:20EE80002BC32BC23B109B00FF6992A1767E2E9E9B0192A1767E2E9E0EA18F00A100D50013
:20EE9000FF36560100A49B8092A1767E2CC5291082BE86BE8BBEFF690006AABD27A98F00C5
:20EEA000A0800EAB76FF3150D208FF36560100A4A8AC83A792C7ABA4DD01767DE7AC52009D
:20EEB000ED08DF0E000AFFF792AB767DE7C46F05D00C92ABC5973E6786BE0006B2BDAABDD7
:20EEC000A2BDFE0A8F00A00259A98F40A006A8A90DA18AA9A0A90DA183A992A1767DEE6456
:20EED0008D80A02A0EA11E460EA1FF30560100A292A18AC2767E2CA95201EC558F00A080D6
:20EEE000A8448F00A003A8A98F00A00A0DA11E4AA8A90DA182A90646FF361E468A4A2BC482
:20EEF00092C3527F6735C446064407A68AA992C49641767DD3BC5441EC159241521FEC1285
:20EF00008AC292C4520DEC08520AEC060AC30201560100C26F2292A1767DEE9D8AC22BC448
:20EF10006F170AC3020188C3560100C2C546064407A78AA91E4892A6767D97F35200EC0D8B
:20EF200093C38A4892A1767D981606486F04C446064407A61EC22BC38AC292A1767E2CA9FD
:20EF30005201EDBD8F00A003A8A90DA18AA992C45202680C0EA18F40A0802BC4FF36560129
:20EF400000A5A0C28F40A00A2B9D0AC4FE8A82BE86BE8BBE0006761F02809222EC180B0F57
:20EF5000EC039220EC148F00BB698F40A02056BF140F767DE77E52019627EC055202ED07E5
:20EF60002B220006767E2DBA767E2E0E0006B2BDAABDA2BDFE068F00A080D2008DC0A00A7C
:20EF70008D40A02AA8448F00A100A8468A469B80D50092A2767E2CC5DA01BE8006441EC1C5
:20EF80002B83D90206460DA6BE801E4606440DA61E4492A2ECEC8F3E2579761F02EA28A91F
:20EF90002EE0A83A761F02EA8F3E25DAA83C767DF47B767E2269767DD81B767DD7D6767DE6
:20EFA000D701767DDA6A767DD3AC761F02803B019623020A1E42342300B5FF4100FE3301DA
:20EFB0009624761F02EE2B2D767DD39C761F02EA9628767DD3B01BA91388EC04767E27C762
:20EFC0006F03767E27ED767E0349767E049D767E108A767E1C26767E0A879A00767E31EDED
:20EFD00059A940A1EF21761F02C792015205ED11761F01A09204761F02C77203761F01A50E
:20EFE0009204761F02C77204761F02C756BF0601761F02EE9232EC03767DE8899A00767D04
:20EFF000EEBE767DEF4B41A1EF0D761F02802B29761F02EE921CED06761F02800A28767D7D
:20F00000DA0644A1EF0D761F02802B29761F02EE921CED06761F02800A28767DDA3942A16C
:20F01000EF0A761F02802B29761F02EE921CED03767DD9D143A1EF0A761F02802B29761FDF
:20F0200002EE921CED03767DD99C4AA1EF0A761F02802B29761F02EE921CED03767DD91983
:20F030004BA1EF0A761F02802B29761F02EE921CED03767DD8E849A1EF0A761F02EE921C84
:20F04000761F028056B1012256B101204CA1EF0F8F00A0408F40A030020E767E3376761F0C
:20F0500002819B0A920900FE335496094DA156CCFF76761F02EE921C56C0FF71767DD8B5FB
:20F06000FFEFFF6D88A9B600DE811BA6FFFFEC1C8F40A04E93A72784FFD758A893ABF3A0E0
:20F0700093A0FFD358A8560304A7709580A993A792ABFFDB900F58A8F2A0560304A77095BE
:20F0800080A9000EFFE9CDA700FF92A75DA8FFC75CA992A55228EC05520DEC03520AED029A
:20F09000DD0192A45228EC05520DEC03520AED02DC01560308A494A50006B2BD7622D01937
:20F0A0008D40701056BF6891761A3B1076260000762F0000762276FD7C80FF698AA1DC0C57
:20F0B0001AC400083E67761F01C0181CFFF7761A762218D1BFFF1A1220001812FFFD1A12C8
:20F0C00000011812FFFB1A1204001812FEFF761A43C9EF0676221A110010761A7625CC1148
:20F0D0000180EC0576221811FE7F761A8F007010D0119294901F5209EC1376221ACC004003
:20F0E000CC21FFE050099621761A762256BF6829761A4011EFFF76221811FFBF761A7622F0
:20F0F00083A4DD011AC50180761A7622D00B56BF049483A4CCC4FFFEDD0C500296C41AC5C3
:20F100000008DC0D181CFFEF1A1C0800181CFEFF181CFDFF1A1C40001AC401001A1D0200AF
:20F110001A1D04001A1D00011A1D00021A1D00081A1D00101A1D00201A1D00401A1D008028
:20F12000181DBFFF181D7FFF181CFFFB761A8BBEFF6900063B10761F00331820FFFE2B221F
:20F130002B24FF692B262B282B2A2B2C2B2E2B302B322B342B362B382B232B252B272B2940
:20F140002B2B2B2D2B2F2B312B332B352B372B39000676228F7F2E008F000D00BE7F068589
:20F150001E84000EFFFE761AFF69761F00331A2000010006A0A9C4440FA4690B03A41901B8
:20F1600083A99284DD819686020019010FA5EDFA00067622761F01C0181CFFFB761A7622D2
:20F170008F006800D014761F01A083A4CC94FFFE5002DD0D9614CC14FFFB500896141AC549
:20F1800000C0761A83A4280509282B03DD0F2B0418C4E3FF18C4FC7FCCC4FFFE500296C403
:20F1900018C4FFFB18C4FFF71AC4003018FCFFEF1807FFFC1807FFBF1807FFF3280B055512
:20F1A000280C05552809FFFF280AFFFF18C5FFFC83A4DD1ACC0FFFFB5008960F56BF9911DB
:20F1B00056BF991018C5FFF383A4DD19DC1CCC1AFFFC5001961A1AC50008CC19FFF85002A6
:20F1C00096191AC400011A190800CC19F8FF1AA902009619CC1AF7FF1AA90400961ACC1ADD
:20F1D000FDFF1AA90100961A1A198000CC198FFF1AA920009619CC1A3FFF1AA94000961A20
:20F1E000CC1ADFFF1AA91000961A76228F006840D01483A4DD0D761F01A1CC94FFFE50021E
:20F1F0009614CC14FFFB500896141AC500C0761A83A4DD0FD00B280509282B032B0418C4C5
:20F20000E3FF18C4FC7FCCC4FFFE500296C418C4FFFB18C4FFF71AC4003018FCFFEF1807A5
:20F21000FFFC1807FFBF1807FFF3280B0555280C05552809FFFF280AFFFF18C5FFFC83A47C
:20F22000DD1ACC0FFFFB5008960F56BF991156BF991018C5FFF383A4DD19DC1CCC1AFFFCC3
:20F230005001961A1AC50008CC19FFF8500196191AC400018F0068C083A4DD0F1A19080016
:20F24000CC19F9FF1AA901009619CC1AF7FF1AA90400961ACC1AFDFF1AA90100961A1A1982
:20F250008000CC199FFF1AA910009619CC1A3FFF1AA94000961ACC1ADFFF1AA91000961AFB
:20F26000761F01A3280511932B032B0418C4E3FF18C4FC7F18C4FFFC18C4FFFB18C4FFF793
:20F270001AC4003018FCFFEF1807FFBF1807FFFC1807FFF32B0BCC94FFEF5020960BCC0BFA
:20F28000FFFC5001960B18C5FFFC83A4DD1A18C5FFF383A4DD19DC1CCC1AFFFC5001961AC5
:20F2900018C5FFF7CC19FFF8500296191AC4000176228F006900D01483A4761F01A4DD0D10
:20F2A000CC94FFFE500296141A14000C18C5FF3F761A83A4DD0F280509282B032B0418C466
:20F2B000E3FF18C4FC7FCCC4FFFE500296C418C4FFFB18C4FFF71AC4003018FCFFEF1807F5
:20F2C000FFFC1807FFBF1807FFF3280B0555280C05552809FFFF280AFFFF18C5FFFC83A4CC
:20F2D000DD1ACC0FFFFB5008960F2811014D2810014D18C5FFF383A4DD19DC1CCC1AFFFC83
:20F2E0005001961A18C5FFF7CC19FFF850019619761F01A51AC400018F00694083A4DD0FF9
:20F2F0002805AFC72B032B0418C4E3FF18C4FC7F18C4FFFC18C4FFFB18C4FFF71AC400305C
:20F3000018FCFFEF1807FFBF1807FFFC1807FFF3280B0555280C05552809FFFF280AAFC7F1
:20F3100018C5FFFC83A4DD1A18C5FFF383A4DD19DC1CCC1AFFFC5001961A1AC50008CC1955
:20F32000FFF8500296191AC4000176228F006980D01483A4761F01A6DD0DCC94FFFE500206
:20F330009614CC14FFFB5008961418C5FF3F761A280509282B032B0418C4E3FF18C4FC7FBC
:20F34000CCC4FFFE500296C418C4FFFB18C4FFF71AC4003018FCFFEF1807FFFC1807FFBFC5
:20F3500083A41807FFF3280B0555DD0F280C05552809FFFF280AFFFF18C5FFFC83A4CC0F25
:20F36000FFFBDD1A5008960F2811014D2810014D18C5FFF383A4DD19DC1CCC1AFFFC50017C
:20F37000961A18C5FFF7CC19FFF8500196191AC4000176228F4069C08AA5761F01A7DC1255
:20F380001AC404008AA5DC141AC400038AA5DC151A14000C1AC400048AA5DC0D18C4FF3F1D
:20F39000761A8AA5DC0FD00B280504C12B032B0418C5E3FF18C5FC7FCCC5FFFE500296C537
:20F3A00018C5FFFB18C5FFF71AC5003018FDFFEF1807FFFC1807FFBFCC07FFF750049607E0
:20F3B000280B0555280C05552809FFFF280AFFFF18C4FFFC8AA5DC1ACC0FFFFB5008960FF5
:20F3C0002811014D2810014D18C4FFF38AA5DC19CC1AFFFC5001961A18C4FFF78AA5DC1C53
:20F3D000CC19FFF8500196191AC400012B0BCC95FFDF5010D00C960BCC0BFF7F5040960B8A
:20F3E000280904C12B0CCC95FDFF1AA90100960CCC0CF7FF1AA90400960C2B0A7622761F84
:20F3F00001C01A1C0004761AFF690006761F01A88F006A002B1683A42818FFFFDD1418C559
:20F40000FEFF83A4DD1518C5FFEF8F406A201815FDFFC4A51A150001DE141A1500C0DC161D
:20F410001815FFDF1815FFF91A1400011814FFFD1814C1FF761F01A82B362838FFFF18C68E
:20F42000FEFFC4A5DE1518C6FFEFDD1676806A40C5A6DF141835FDFF1A3500011A3500C00E
:20F430001835FFDF1835FFF91A3400011834FFFD1834C1FF761F01A92B162818FFFF18C70C
:20F44000FEFFC5A6DF15DE1618C7FFEF1815FDFF1A1500011A1500C01815FFDF1815FFF917
:20F450001A1400011814FFFD1814C1FF761F01A81A1500081A140100761F01A81AC4000297
:20F460001A3500081A340100761F01A91AC500021A1500081A140100761F01A81AC6000240
:20F470001A150010761F01A81A350010761F01A91A1500100006FE0296410B416F04F6642C
:20F4800077000B411B41FFFFEDFBFE82FF6900067622761F01C076FD7C80FF691A1C000876
:20F490003E67761A76228F0071001AC400401AC400201AC400801AC4400018C4FFF7761A95
:20F4A000FF6928A915B3767DF47B7622761F01C41ACC00011801FFFB1A010002761AFF69E8
:20F4B000767DF47B7622D02183A4DD101AC5800083A4DD2018C5FC3FCC94FC7F5040D02245
:20F4C0009621CC94FC3F5080D0239622CC94FCFF50C0D0249623CC94FC3F1AA90100D025F3
:20F4D0009624CC94FC7F1AA90140D0269625CC94FC3F1AA90180D0279626CC94FDFF1AA921
:20F4E00001C0D0289627CC94FE3F1AA90200D0299628CC94FE7F1AA90240D02A9629CC9482
:20F4F000FE3F1AA90280D02B962ACC94FEFF1AA902C0D02C962BCC94FF3F1AA90300D02DBF
:20F50000962CCC94FF7F1AA90340D02E962DCC94FFBF1AA90380DC2F962E1AC403C0CC20C4
:20F51000FFC050069620CC21FFC050069621CC22FFC050069622CC23FFC050069623CC24EF
:20F52000FFC050069624CC25FFC050069625CC26FFC050069626CC27FFC050069627CC28BF
:20F53000FFC050069628CC29FFC050069629CC2AFFC05006962ACC2BFFC05006962BCC2C8F
:20F54000FFC05006962CCC2DFFC05006962DCC2EFFC05006962ECC2FFFC05006962F182023
:20F5500007FF182107FF182207FF182307FF182407FF182507FF182607FF182707FF182887
:20F5600007FF182907FF182A07FF182B07FF182C07FF182D07FF182E07FF182F07FF761AEF
:20F57000FF69000676228F006F8083A4761F01BEDD0C18C5FFFECCF4FFFC8F406FC05001AF
:20F58000C4A59606180CFFFDDE04CC06FFF750049606180CFFFBD009CC06FFDF5010960609
:20F59000180CFFF7CC06FF7F50409606180CFFEF1AC60010C4A4DE0A1AC60010C4A41806FD
:20F5A000FCFF180CFFDFDE0D1AD500201A0A00201806F3FF180CFFBFCC06DFFF1AA910009B
:20F5B0009606180CFF7F761F01BF1A040080761F01BE18063FFF1A0A0080180CFEFFCCFCCD
:20F5C000FFFC50019607180CFDFF1A0A02001807FFF3180CFBFF761F01BF1A040400761FC1
:20F5D00001BE1A0A04001807FFCF180CF7FF761F01BF1A040800761F01BE1A0A0800180713
:20F5E000FF3F180CEFFF761F01BF1A021000761F01BE1807FCFF1A0A1000180CDFFF761F01
:20F5F00001BF1A042000761F01BE1807F3FF180ADFFF180CBFFF761F01BF1A024000761F70
:20F6000001BE1807CFFF1A0A4000180C7FFF18DC3FFFCC073FFF1AA9400096071AC6000174
:20F61000C4A4DE0818C6FFFCC4A4DE0B18C6FFFEC4A4DE1C180DFFFD1AE4000C1A08000CCC
:20F62000180DFFFB1AED00041808FFCF1A0B0004180DFFF7761F01BF1A050008761F01BE9E
:20F630001808FF3F1A0B0008180DFFEF761F01BF1A050010761F01BE1808FCFF1A0B0010F4
:20F640001A0D0020761F01BF1A050020761F01BE1808F3FF1A0B0020180DFFBF1A083000EF
:20F65000180DFF7F1A04C0001A08C000180DFEFFCCECFFFC50019605CC94FFFC5001D017E3
:20F660009609180DFDFF761F01BF1A050200761F01BE1809FFF31A0B0200180DFBFFCC05D6
:20F67000FFDF50109605CC09FFDF50109609180DF7FF761F01BF1A050800761F01BE1809E3
:20F68000FF3F1A0B0800180DEFFF761F01BF1A051000761F01BE180BEFFFCC09FDFF1AA96F
:20F6900001009609180DDFFF761F01BF1A052000761F01BE180BDFFFCC09F7FF1AA904003C
:20F6A0009609180D7FFFCC093FFF1AA940009609180DBFFF1A053000CC09DFFF1AA910009B
:20F6B000960918C6FFFEC4A5DE0A1AC60001C4A4DE1618C6FFFCC4A4DE1A1AC60001C4A5AF
:20F6C000DE0CDD0D181CFFFD761F01BF1A0A0002761F01BE1816FFF31A1A0002181CFFFBD3
:20F6D0001AC60004C4A4DE1D1816FFCF1A1A0004181CFFF7761F01BF1A0C0008761F01BE9E
:20F6E0001816FF3F1A1A0008181CFFEF761F01BF1A0C0010761F01BE1816FCFF1A1A0010F4
:20F6F000181CFFDF761F01BF1A0C0020761F01BE1816F3FF1A1A0020181CFFBF761F01BF3E
:20F700001A0C0040761F01BE1816CFFF1A1A00401A1C0080761F01BF1A0C0080761F01BEBA
:20F7100018163FFF1A1A0080181CFEFFCC94FFFC50019617181CFDFFCC17FFF75004961725
:20F72000181CFBFFCC17FFDF50109617181CF7FFCC17FF7F50409617181CEFFF761F01BF8E
:20F730001A0C1000761F01BE1817FCFF1A1A10001AC60004C4A4DE1818C6FFCFC4A4DE1B72
:20F74000DC1918C6FFFB181DFFF71AC500081818FF3F1A1B00081A1D00101818FCFF181B7A
:20F75000FFEF181DFFDF761F01BF1A0D0020761F01BE1818F3FF1A1B0020181DFFBF761FA9
:20F7600001BF1A0D0040761F01BE1818CFFF1A1B0040181DFF7F761F01BF1A0D0080761F57
:20F7700001BE18183FFF1A1B0080181DFEFF761F01BF1A0D0100761F01BE18C4FFFC1A1B88
:20F780000100181DFDFF761F01BF1A0D0200761F01BE1819FFF31A1B0200181DFBFF761F47
:20F7900001BF1A0D0400761F01BE1819FFCF1A1B0400761AFF690006761F01DD56BF071045
:20F7A00056BF03112B1256BF911356BF031456BF23110006FE02767DF09D3B107626000048
:20F7B000762F0000FF69767DF12A767DF1498F0080008F7F2251A8428F3F1000767DF15A5B
:20F7C00076409234767DF169767DF3F6767DF488767DF572767DF79C9B019A04767E0A7489
:20F7D00076228F00867E761F0035A8208F008108A8228F008000A82A761F00348F3E32DBF6
:20F7E000A83E761F00358F008622A8308F3E292FA8328F008B4CA834761F00378F3E2992B5
:20F7F000A8048F3E2979A8068F3E2A27A80A761F00358F3E29ECA81E761A7623010E8F0027
:20F800000CE0761F003383A4DD041AC5008083A4DD081AF400011A2600201A260002DC1222
:20F810001AC500011A2800021A2800041AC400041A3200081A320020FE82FF690006761F49
:20F8200002B3923D0006B2BDFE02761F02B2921D65253B01851D761F02B41EA61E42062ECC
:20F8300000FE33011EACC242564400AC8AA9063400FE33011EA6A8A90FA6631006A603A443
:20F84000767E2CDE59A98F00089B3B01A8AC564400A1FF4985A98BA96F02D100761F02B474
:20F850007908767DD85B5200EC12761F02EE92325203EC09761F01BF4709EF0A761F02E5F4
:20F8600059376F06761F02EB59216F02D10092A1FE828BBE0006FE02761F02B2921F56B142
:20F8700000A4EC100E1F761F02B51E42060000FE3301767E2CDE3B015CA934A40259FF490D
:20F880005CA9761F02EE9232ED1C3B10761F02B5C40C0200761F02B7C21C761F02B51E0C06
:20F89000761F02B192352B3596342910520065093B0185A9FF691E4206A600FE3301963749
:20F8A00092A4FE82FF690006B2BDFE02761F02B2921165253B018511761F02B71EA61E42FB
:20F8B000060600FE33011EACC242564400AC8AA9063E00FE33011EA6A8A90FA6631006A654
:20F8C00003A4767E2CDE59A98F00089B3B01A8AC564400A1FF4985A98BA96F02D100761F03
:20F8D00002B38F006FC0793C4BCCEF19761F02EE92325203EC10D0094794EE09767DD8675A
:20F8E0005201ED0E761F02E559126F0A761F02E559376F06761F02EB59216F02D10092A168
:20F8F000FE828BBE0006FE02761F02B2920856B500A465113B018508761F02B51E420606A0
:20F9000000FE3301767E2CDE3B015CA934A401B5FF495CA9761F02EE9232ED183B10761F6D
:20F9100002B5C40E02001E0EC210761F02B2920B2B0B96062910520065093B0185A9FF69CB
:20F920001E4206A600FE3301960592A4FE82FF690006FE02761F02B2920256B500A46511C8
:20F930003B018502761F02B51E42062000FE3301767E2CDE3B015CA934A401B5FF495CA9D6
:20F94000761F02EE9232ED1A3B10761F02B5C41602001E16C218761F02B292012B01960434
:20F9500029105200650B3B0185A9FF691E4206A600FE3301761F02B1963F92A4FE82FF6951
:20F960000006FE02761F02B1923662039A006F0F3B018536761F02B51E42063A00FE3301DF
:20F97000767E2CDE3B0134A9089BFF49FE820006FE02761F02B4922062039A006F0F3B0139
:20F980008520761F02B51E42061400FE3301767E2CDE3B0134A9089BFF49FE820006FE0242
:20F990003B10761F02B8C4000200761F02B7C22A761F02B81E00761F02B292162B16962266
:20F9A0002910520062039A006F0C3B0185A9FF691E4206A600FE33013B0134A90177FF485A
:20F9B000FE82FF690006FE02761F02B2920062032BAC6F103B018500761F02B51E42061E22
:20F9C00000FE3301767E2CDE2DA93B0135D5FF482DA9761F02EE9232ED183B10761F02B5D9
:20F9D000C43402001E34C20A761F02B492012B0196272910520065093B0185A9FF691E420D
:20F9E00006A600FE3301962292ACFE82FF690006FE02761F02B1923CED039A006F0E0E3CDE
:20F9F000761F02B51E42063600FE3301767E2CDE3B0134A9089BFF49FE820006FE02761FC0
:20FA000002B2920756B100A4EC100E07761F02B51E42062600FE3301767E2CDE3B015CA994
:20FA100034A40259FF495CA9761F02EE9232ED1C3B10761F02B5C40C0200761F02B7C21C6F
:20FA2000761F02B51E0C761F02B192352B3596342910520065093B0185A9FF691E4206A640
:20FA300000FE3301963792A4FE82FF690006FE023B10761F02B5C42C0200761F02B4C23AC3
:20FA4000761F02B51E2C761F02B2921E2B1E961B2910520062039A006F0D3B0185A9FF6945
:20FA50001E4206A600FE33013B01962434A9012FFF49FE82FF690006FE023B10761F02B786
:20FA6000C41802001E18C21A761F02B3921E761F02B29621761F02B32B1E29105200620319
:20FA70009A006F0F3B0185A9FF691E4206A600FE33013B01761F02B2962034A9012FFF49BE
:20FA8000FE82FF690006FE023B10761F02B7C43A02001E3AC238761F02B2920E2B0E9617BE
:20FA90002910520062039A006F0C3B0185A9FF691E4206A600FE33013B0134A9033DFF48A1
:20FAA000FE82FF690006FE023B10761F02B7C42402001E24C21E761F02B292102B10960FE8
:20FAB0002910520062039A006F0C3B0185A9FF691E4206A600FE33012DA93B013567FF482C
:20FAC000FE82FF690006761F02B1921D0006761F02B1921C0006761F02B4922B0006761F9C
:20FAD00002B43B01342B033DFF480006761F02B4921C0006761F02B43B01341C046FFF49A7
:20FAE0000006761F02B4921A0006761F02B43B01341A046FFF490006761F02B4921B00066F
:20FAF000761F02B192210006767DD3805201ED09761F01BF4609EF05761F02B492130006D8
:20FB00009A010006761F02B492020006761F02B43B013402089BFF490006761F02B3923F96
:20FB10000006761F02B33B01343F01B5FF490006761F02B492050006761F02B43B0134052A
:20FB200001B5FF490006761F02B492150006761F02B43B013415089BFF490006761F02B4BD
:20FB300092290006761F02B43B013429089BFF4900063B10761F02B292362B362910FF69C1
:20FB400000063B10761F02B292392B392910FF690006761F02B492260006761F02B43B01A5
:20FB500034260177FF480006761F02B4922A0006761F02B43B01342A00D5FF480006761FCD
:20FB600002B492280006761F02B43B01342800D5FF480006761F02B492240006761F02B4B8
:20FB70003B01342400D5FF480006761F02B492110006761F02B43B013411089BFF4900060E
:20FB8000761F02B492130006761F02B43B0134130259FF490006761F02B492120006761F6E
:20FB900002B43B013412012FFF490006761F02B4920C0006761F02B43B01340C012FFF4971
:20FBA0000006761F02B492040006761F02B43B013404033DFF480006761F02B3922A000600
:20FBB000761F02B4921E0006761F02B492170006761F02B492180006761F02B49209000653
:20FBC000761F02B43B0134090067FF480006761F02B392270006761F02B492070006761F25
:20FBD00002B492030006761F02B492210006761F02B43B013421033DFF480006761F02B40C
:20FBE00092190006761F02B4921F0006761F02B492060006761F02B43B01340600DDFF4983
:20FBF0000006B2BDAABDFE023B10761F02B7C40E02001E0EC20A761F02B292122B12960DE7
:20FC00002910520062039A006F243B0185A9FF691E4206A600FE33013B01761F02B334A954
:20FC10000229FF4759A99611767DD46C86A9767DD4042DA93B01761F02B312A107A2FF4A8C
:20FC20009611520063022B1192119B0A00FE3354FE8286BE8BBEFF6900063B10761F02B64A
:20FC30000200A302A9041E02761F02B193262B2697252910BE005300EC0A80A80200F61FB3
:20FC4000561700A71BAB080056B701A6FF6992A600063B10761F02B70200A332761F02B6AB
:20FC5000A93E761F02B71E32761F02B1920E2B0E961529105200ED039A006F0B88A9020081
:20FC600028AC033D3B01F61F561700A630ABFF48FF690006FE023B10761F02B50200A33E02
:20FC7000761F02B6A90A761F02B51E3E761F02B192162B16960D29105200ED0302006F13F9
:20FC800088A98F0003E80200FF69A842F61F561700A602391EAC564400AB00FE33013B0185
:20FC9000FF4485A9FE82FF6900063B10761F02B60200A308A93A1E08761F02B1920C2B0C8A
:20FCA000961129105200ED039A006F0B88A9020028AC046F3B01F61F561700A630ABFF490D
:20FCB000FF6900063B10761F02B60200A328761F02B7A900761F02B61E28761F02B19218E5
:20FCC0002B18961329105200ED039A006F0788A90200F61F561700A692ABFF6900063B105C
:20FCD000761F02B60200A326A92A1E26761F02B192032B03960A29105200ED039A006F07AF
:20FCE00088A90200F61F561700A692ABFF6900063B10761F02B60200A32CA92E1E2C761FDF
:20FCF00002B192122B12961729105200ED039A006F0788A90200F61F561700A692ABFF6928
:20FD000000063B10761F02B60200A324A9221E24761F02B192042B04960229105200ED034F
:20FD10009A006F0788A90200F61F561700A692ABFF6900069A000006761F02B39239000602
:20FD2000761F02B3922D00063B10761F02B60200A31AA9001E1A761F02B193282B28972F60
:20FD30002910BE015300EC0A80A80200F61F561700A71BAB080056B600A6FF6992A60006F9
:20FD40003B10761F02B60200A306A90C1E06761F02B193052B0597292910BE015300EC0A76
:20FD500080A80200F61F561700A71BAB080056B600A6FF6992A600063B10761F02B6020080
:20FD6000A336A9341E36761F02B1920B2B0B960629105200ED039A006F0B88A9020028AC2C
:20FD7000033D3B01F61F561700A630ABFF48FF6900063B10761F02B60200A332A9301E32A7
:20FD8000761F02B192012B01960029105200ED039A006F0788A90200F61F561700A692ABA3
:20FD9000FF6900063B10761F02B70200A304A9021E04761F02B192092B099614291052008A
:20FDA000ED039A006F0788A90200F61F561700A692ABFF690006761F02B11B2EFDE866075A
:20FDB0008F00AD90922E96CC2BC4000628A9FFFF8F00AD909E2E96CC56BF01C40006761F12
:20FDC00002B21B15FDE866078F00AD94921596CC2BC4000628A9FFFF8F00AD949E1596CC6B
:20FDD00056BF01C40006761F02B11B2CFDE866078F00AD92922C96CC2BC4000628A9FFFFA0
:20FDE0008F00AD929E2C96CC56BF01C40006FE023B10761F02B4C43002001E30C23C761FBC
:20FDF00002B2921A2B1A96192910520065173B0185A9FF691E4206A600FE33018F0002599E
:20FE0000BE64A8AC3B01564400A9C242FF4900FE33011EA6021E0FA66502BE0006A6FE8285
:20FE1000FF690006FE023B10761F02B7C4280200761F02B6C20E761F02B71E28761F02B2E3
:20FE200092132B1396182910520065143B0185A9FF691E4206A600FE33018F0001B5BE64B6
:20FE3000A8AC3B01564400A9C242FF4900FE330163020200FE82FF690006FE023B10761F2C
:20FE400002B6C42002001E20C218761F02B192102B10960F2910520065133B0185A9FF694D
:20FE50001E4206A600FE3301BEE587A6BE643B01564400A9C242FF4700FE33016F020200F4
:20FE6000FE82FF690006FE023B10761F02B5C42802001E28C222761F02B192392B399638A0
:20FE700029105200EC130EA9FF691E4206A600FE33018F000259BE64A8AC3B01564400A9AC
:20FE8000C242FF4900FE330163020200FE82FF690006761F02B7062E0006761F02B7063083
:20FE90000006761F02B7063C0006761F02E592000006761F02E5920800063B10761F02E6BE
:20FEA0009302761F02C6910892229003CAA8EC0429109A016F0329109A00FF6900063B103C
:20FEB000761F02E59306761F02C6910892209003CAA8EC0429109A016F0329109A00FF69FF
:20FEC00000063B10761F02E64202EF0429109A016F0329109A00FF6900063B10761F02E6CE
:20FED0004002EF0429109A016F0329109A00FF6900063B10761F02E64402EF0429109A0181
:20FEE0006F0329109A00FF6900063B10761F02E64302EF0429109A016F0329109A00FF69CE
:20FEF00000063B10761F02E64102EF0429109A016F0329109A00FF6900063B10761F02E69F
:20FF00004502EF0429109A016F0329109A00FF6900063B10761F02E54206EF0429109A014A
:20FF10006F0329109A00FF6900063B10761F02E54006EF0429109A016F0329109A00FF699D
:20FF200000063B10761F02E54406EF0429109A016F0329109A00FF6900063B10761F02E569
:20FF30004306EF0429109A016F0329109A00FF6900063B10761F02E54106EF0429109A0119
:20FF40006F0329109A00FF6900063B10761F02E54506EF0429109A016F0329109A00FF6968
:20FF50000006761F02E52B3D0006761F02E50A3D543D67081A0001242B3D2B39761F02E656
:20FF60002B0F0006FE02761F02E5420AEE109641933F5D3B8F00B9619239767E2D555201FD
:20FF7000ED14761F02E51A0A00046F0F9641933A5D3E8F00B9619239767E2D695201ED05CC
:20FF8000761F02E5180AFFFB761F02E5920A1800FFFB90049800FE820006761F02E59639A2
:20FF900000068F00B99692CC761F02E6BE0396C428AC00B5290192D49617761F02E592396A
:20FFA000761F02E696189217941694180EA9F60F1FA6960730A9FF46960A0006B2BDFE02C6
:20FFB0008D40B94A45C1EE149641761F02E6920F8F00B969761F02E5933C761F02E65D048A
:20FFC000767E2D555201ED121AC100206F0F761F02E696418F00B96993035D06920F767E4D
:20FFD0002D695201ED0318C1FFDF761F02E592C1CD00FEFF9020FE82FF82CAA896008BBEE6
:20FFE0000006FE025200ED05761F02E62B0F6F0E88A928A805F528A9E100761F02E6FF5A00
:20FFF0000200F61F561700A63F0FFE820006761F02E6960C0006FE02761F02E52B33761F5F
:02000004003EBC
:2000000002EA9328ED39761F02E59331ED2896418F00B974922B28A81A908F400E74767EAF
:200010002D695201ED2F761F02E556BF0131761F02EE92325204EC26761F02809A009B010A
:2000200056BF1C16767E3219761F02E59A1C932B761F02805C16767DAD766F1496418F00C2
:20003000B974922B28A81B588F400DAC767E2D555201ED086F04761F02E52B34761F02E573
:200040002B31FE820006761F02E50A33543367042B332B342B310006761F02E51A00000856
:200050000006761F02E51A0800080006761F02E52B2A0006761F01BF4D00EE11761F02EAE5
:200060009328EC0D761F02EE931CED09761F02E50A2A542A670956BF012D6F05761F02E5D1
:200070002B2A2B2D2B2B0006761F02EA9228EC16761F02EE921CED12761F02E5922D52016A
:20008000ED0D761F02EE9232EC09761F02C74213EE059A049B0C767E32190006FE02761F63
:2000900002E5932DED1F761F01BF4D00EE17761F02EE931CED139641761F02E58F00B965C2
:2000A00028A81B588F400DAC922B767E2D55761F02E5520156B1012D6F14761F02E52B25EF
:2000B0006F1096418F00B965922B28A81A908F400E74767E2D695201ED04761F02E52B2D03
:2000C000FE820006FE025200ED05761F02E52B2B6F0E88A928A805F528A9E100761F02E5DE
:2000D000FF5A0200F61F561700A63F2BFE820006761F02E62B0E0006761F02E60A0E540EEA
:2000E000670E761F02E51A0000A2761F02E62B0E761F02E52B36761F02E62B100006FE0202
:2000F000761F02E5410AEE109641933F5D3B8F00B95E9236767E2D555201ED14761F02E536
:200100001A0A00026F0F9641933A5D3E8F00B95E9236767E2D695201ED05761F02E5180A21
:20011000FFFD761F02E5920A1800FFFD90029800FE820006761F02E5963600068F00B99FC2
:2001200092CC761F02E6BE0396C428AC00B5290192D49620761F02E59236761F02E6962182
:200130009220941F94210EA9F60F1FA6960930A9FF46960B0006B2BDFE028D40B94A44C16C
:20014000EE149641761F02E692108F00B967761F02E5933C761F02E65D04767E2D55520106
:20015000ED121AC100106F0F761F02E696418F00B96793035D069210767E2D695201ED03BC
:2001600018C1FFEF761F02E592C1CD00FF7F9010FE82FF82CAA896008BBE0006FE02520054
:20017000ED05761F02E62B106F0E88A928A805F528A9E100761F02E6FF5A0200F61F561741
:2001800000A63F10FE820006761F02E6960D0006B2BDFE02761F02E559A9400AEE107941CF
:200190009237933F5D3B8F00B95F767E2D555201ED14761F02E51A0A00016F0F7941923709
:2001A000933A5D3E8F00B95F767E2D695201ED05761F02E5180AFFFE767DD4645200ED2339
:2001B000761F02E54000EE107941923793025D038F00B962767E2D555201ED1E761F02E503
:2001C0001A0000016F197941923793195D168F00B962767E2D695201ED0F761F02E51800C3
:2001D000FFFE6F0A761F02E5920A1800FFFE90019800921F9622FE828BBE0006761F02E58F
:2001E000963700068F00B99C92CC761F02E696C4BE0328AC00B5290192D4961D761F02E50A
:2001F0009237761F02E6961E921D941C941E0EA9761F02E5F60F1FA6963530A9FF46963830
:200200000006761F02E696120006FE02761F02E54007EE109641931D5D1C8F00B96492129C
:20021000767E2D555201ED14761F02E51A0700016F0F964193175D188F00B9649212767EAE
:200220002D695201ED05761F02E51807FFFE761F02E592071808FFFE90019808FE82000662
:20023000761F02E5961200068F00B99992CC761F02E696C4BE0328AC00B5290192D4961AE4
:20024000761F02E59212761F02E6961B921A9419941B0EA9761F02E5F60F1FA6961330A9C9
:20025000FF46961100060EA9761F02E61E140006761F02E5961B0006761F02E62B1100063E
:20026000761F02E60A1154116710761F02E51A0000491800FFDF761F02E62B11761F02E500
:200270002B37761F02E62B080006761F02E51A0000791800FFDF000680A9761F02EA9228E7
:200280005203EC035204ED4B761F02C59227761F02B3540E6503880E6F08761F02C5922A3E
:20029000761F02B39E0E88A9761F02C5932D767DFECDFFB05201EC1A767DFEF15201EC160E
:2002A000761F02E59230ED0B9D0555A667120A2892A75428670F56BF01306F0B55A6690968
:2002B0000A2892A7542868026F05761F02E52B302B28761F02EE92325202EC0C5205EC0A5D
:2002C000761F02E592301800FFDF9001FF8498000006761F02E51800FFDF0006761F02E544
:2002D0002B282B300006761F02E5CC000004FFC12FA99200FFC0CDA900015CA8CD000001DC
:2002E00080A893A9CCA80001CAA7CAAAED06761F02E61802FFFE6F05761F02E61A020001AB
:2002F000761F02E59200CAA8FFC0CA00FFC5900188A9CC00FFEF27A9560304A6CAAB9600C7
:2003000093A6ED06761F02E61802FFFD6F05761F02E61A02000293A9FFD2910127A843A9B5
:20031000EE041802FFFB6F031A02000493A9FFD4910145A9EE041802FFEF6F031A0200100E
:2003200092A4CAA7CAAACAA6CAABCAA8ED041802FFF76F031A020008761F02E5920A930AFF
:20033000FFC0FFD1CA0ACBA9920AFFC2CAA8930AFFD3CBA9920AFFC4CAA840A9EE06761FE1
:2003400002E61802FFDF0006761F02E61A0200200006761F02E5283F0AF0283B06A4283AAC
:200350000A8C283E070828020AF02803038428190A8C281603E8767DD3E4761F02E628005D
:200360000800280508009601761F02E5280E1964280F0FA02814189C28151068283C19640E
:20037000761F02E628040FA02803189C280610680006B2BDFE028D40B94A43C1EE1496416E
:20038000761F02E692088F00B960761F02E5933C761F02E65D04767E2D555201ED121AC1D2
:2003900000086F0F761F02E696418F00B96093035D069208767E2D695201ED0318C1FFF79C
:2003A000761F02E592C1CD00FFBF9008FE82FF82CAA896008BBE0006FE025200ED05761F1A
:2003B00002E62B086F0E88A928A805F528A9E100761F02E6FF5A0200F61F561700A63F08A1
:2003C000FE820006761F02E52B1A0006761F02E50A1A541A67091A0800492B1B2B10180846
:2003D000FFDF2B122B1A0006761F02E51A0800791808FFDF000680A9761F02EA92285203D3
:2003E000EC035204ED47761F02C59227761F02B35404650388046F08761F02C5922A761FB5
:2003F00002B39E0488A9761F02C5932D767DFF15FFB05201EC18767DFF395201EC149230FC
:20040000ED0B9D0555A667100A2692A75426670D56BF01306F0955A669070A2692A754266D
:2004100068026F032B302B26761F02EE92325202EC0C5205EC0A761F02E592301808FFDF26
:200420009001FF8498080006761F02E51808FFDF0006761F02E52B262B300006767DD3800E
:200430005200ED67761F02E5CC080004FFC12FA99208FFC0CDA900015CA8CD08000180A848
:2004400093A9CCA80001CAA7CAAAED041806FFFE6F031A0600019208CAA8FFC0CA08FFC506
:20045000900188A9CC08FFEF27A9560304A6CAAB960893A6ED041806FFFD6F031A0600024A
:2004600093A9FFD2910127A843A9EE041806FFFB6F031A06000493A9FFD4910145A9EE0401
:200470001806FFEF6F031A06001092A4CAA7CAAACAA6CAABCAA8ED041806FFF76F031A06B5
:20048000000892079307FFC0FFD1CA07CBA99207FFC2CAA89307FFD3CBA99207FFC4CAA8D3
:2004900040A9EE041806FFDF00061A0600200006761F02E51A0600080006761F02E5281DBE
:2004A0000AF0281C038428170A8C281803E8280D1964282F0FA0282E189C283210682804B7
:2004B000196428090FA0280C189C280B10680006B2BDFE028D40B94743C1EE10761F02E57C
:2004C00096418F00B96393045D099210767E2D555201ED121AC100086F0F761F02E596417F
:2004D0008F00B963930C5D0B9210767E2D695201ED0318C1FFF7761F02E592C1CD08FFBFBA
:2004E0009008FE82FF82CAA896088BBE0006FE025200ED05761F02E52B106F0E88A928A88B
:2004F00005F528A9E100761F02E5FF5A0200F61F561700A63F10FE820006761F02E51800D8
:20050000FFF70006761F02E51808FFF70006761F02E1920400067622761F0180060018A9BE
:20051000FDFF1E0006141AA901001E14761A88CC8F406100D049761F0185CDA68000CC9505
:200520007FFFCBA9D0489709CDA64000CC09BFFFCBA99709CDA62000CC09DFFFCBA997095D
:20053000CDA61FFCCC09E003CBA9CCA600039709CD09FFFCCAA896099295D04A92C49608C5
:20054000CC95FFF85008960A7622761F0180060218A9FDFF1E0206001AA902001E00761A3F
:20055000D04C761F01859295D04D92D4960C9295D04E92DC960D9295D04F92E4960E92952B
:2005600092EC960F7622761F0180061418A9FEFF1E1406041AA902001E04761AFF690006B1
:20057000761F02E192045201ED03767E050B00067622761F0180060018A9FEFF1E00061466
:200580001AA901001E14761A88CC8F406100D041761F0185CDA68000CC957FFFCBA9D040CF
:200590009701CDA64000CC01BFFFCBA99701CDA62000CC01DFFFCBA99701CDA61FFCCC01C4
:2005A000E003CBA9CCA600039701CD01FFFCCAA896019295D04292C49600CC95FFF8500830
:2005B00096027622761F0180060218A9FEFF1E0206001AA901001E00761AD044761F018558
:2005C0009295D04592D496049295D04692DC96059295D04792E49606929592EC960776226F
:2005D000761F0180061418A9FEFF1E1406041AA901001E04761AFF690006761F02E19204EF
:2005E0005201ED03767E057800067622761F0180060018A9FF7F1E0006141AA901001E1420
:2005F000761A88CC8F406100D039761F0184CDA68000CC957FFFCBA9D0389739CDA64000E3
:20060000CC39BFFFCBA99739CDA62000CC39DFFFCBA99739CDA61FFCCC39E003CBA9CCA6BD
:2006100000039739CD39FFFCCAA896399295D03A92C49638CC95FFF85008963A7622761FB3
:200620000180060218A9FF7F1E02060050801E00761AD03C761F01849295D03D92D4963CBC
:200630009295D03E92DC963D9295D03F92E4963E929592EC963F7622761F0180061418A9B1
:20064000FEFF1E14060450801E04761AFF690006761F02E192045201ED03767E05E500063C
:200650007622761F0180060018A9FFEF1E0006141AA901001E14761A88CC8F406100D021F4
:20066000761F0184CDA68000CC957FFFCBA9D0209721CDA64000CC21BFFFCBA99721CDA675
:200670002000CC21DFFFCBA99721CDA61FFCCC21E003CBA9CCA600039721CD21FFFCCAA8F9
:2006800096219295D02292C49620CC95FFF8500896227622761F0180060218A9FFEF1E0291
:20069000060050101E00761AD024761F01849295D02592D496249295D02692DC962592957F
:2006A000D02792E49626929592EC96277622761F0180061418A9FEFF1E14060450101E046B
:2006B000761AFF690006761F02E192045201ED03767E065000067622761F0180060018A916
:2006C000FFFB1E0006141AA901001E14761A88CC8F406100D011761F0184CDA68000CC958F
:2006D0007FFFCBA9D0109711CDA64000CC11BFFFCBA99711CDA62000CC11DFFFCBA99711BC
:2006E000CDA61FFCCC11E003CBA9CCA600039711CD11FFFCCAA896119295D01292C4961024
:2006F000CC95FFF8500896127622761F0180060218A9FFFB1E02060050041E00761AD01415
:20070000761F01849295D01592D496149295D01692DC96159295D01792E49616929592ECA8
:2007100096177622761F0180061418A9FEFF1E14060450041E04761AFF690006761F02E16E
:2007200092045201ED03767E06BB000680A97622761F0180060018A9FBFF1E0006141AA992
:2007300001001E14761A88CC8F406100D051761F0185CCA68000CD957FFFCAA8D05096111B
:20074000CCA64000CD11BFFFCAA89611CCA62000CD11DFFFCAA89611CCA61FFCCD11E0037D
:20075000CAA8CDA600039611CC11FFFCCBA997119295D05292C49610CCA7000FCD95FFF0EE
:20076000CAA896127622761F0180060218A9FBFF1E0206001AA904001E00761AD054761F9A
:2007700001859295D05592D496149295D05692DC96159295D05792E49616929592EC96175F
:200780007622761F0180061418A9FEFF1E1406041AA904001E04761AFF6900067622761F83
:200790000180060018A9FFFD1E0006141AA901001E14761A88CC8F406100D009761F0184D0
:2007A000CDA68000CC957FFFCBA9D0089709CDA64000CC09BFFFCBA99709CDA62000CC09B9
:2007B000DFFFCBA99709CDA61FFCCC09E003CBA9CCA600039709CD09FFFCCAA8960992955F
:2007C000D00A92C49608CC95FFF85008960A7622761F0180060218A9FFFD1E020600500210
:2007D0001E00761AD00C761F01849295D00D92D4960C9295D00E92DC960D9295D00F92E4C7
:2007E000960E929592EC960F7622761F0180061418A9FEFF1E14060450021E04761AFF69DD
:2007F0000006761F02E192005201ED039A016F0E3B1092045201ED08FF69767E078E761FCF
:2008000002E156BF010029109A00FF690006761F0180060850021E0800067622FF69767E08
:200810000807761AFF69761F02E12B0000067622761F01811E06761AFF6900061EA67622EB
:20082000761F0180060018A9FF961E00761A8F00610083A492A6761F0184DD0190031AC5DF
:2008300080001A01400083A41801DFFFDD191801E003CD01FFFCCBA9970193C42BC41AC5C3
:20084000800083A41A194000DD181819DFFF1819E003CD19FFFCCBA9971993C52BC583A4F2
:20085000DD291AC5800083A4DD281A2940001829DFFF1829E003CD29FFFCCBA9972993C5B4
:200860002BC583A4DD31DC301AC580001A3140001831DFFF1831E003CD31FFFCCBA99731D5
:2008700092C42BC476228F4060408AA5761F0181DC011AC480008F0060001A0160001A0116
:200880001FFF1AC5FFFF1AFD80001A0760001A071FFF761F01801AF5FFFF83A4DD13DC12DE
:200890001AC580001A1360001A131FFF1AC4FFFF761A7622060250691E02062850691E28FF
:2008A000060050691E00761AFF690006761F0180060C50401E0C00068F406100D03492951A
:2008B00096D4D0359295D03696DC9295D03796E4929596EC00067622FF69767E08A6761A91
:2008C000761F02E192045201ED289203520AEC118A06FF69767E08AC8F00B880A8A9C40632
:2008D00009360FA6EC04DE06C2066F02A8060A0392045201ED1228AC00068F00AC1A300104
:2008E0002D02560100A49A01FF6698E49A012D01761F02B0FF669812FF690006761F0180AF
:2008F000060C50201E0C00068F406100D02C929596D4D02D9295D02E96DC9295D02F96E445
:20090000929596EC00067622FF69767E08EE761A761F02E192045201ED289203520AEC114A
:200910008A06FF69767E08F48F00B880A8A9C40609360FA6EC04DE06C2066F02A8060A0341
:2009200092045201ED1228AC00068F00AC1A30012D02560100A49A01FF6698E49A012D0100
:20093000761F02B0FF669812FF690006761F0180060C50081E0C00068F406100D01C9295F0
:2009400096D4D01D9295D01E96DC9295D01F96E4929596EC00067622FF69767E0936761AB7
:20095000761F02E192045201ED289203520AEC118A06FF69767E093C8F00B880A8A9C40610
:2009600009360FA6EC04DE06C2066F02A8060A0392045201ED1228AC00068F00AC1A300173
:200970002D02560100A49A01FF6698E49A012D01761F02B0FF669812FF690006761F01801E
:20098000060C50011E0C00068F40610092E596D492ED96DC92F596E492FD96EC0006762212
:20099000FF69767E097E761A761F02E192045201ED289203520AEC118A06FF69767E0984F7
:2009A0008F00B880A8A9C40609360FA6EC04DE06C2066F02A8060A0392045201ED1228ACDD
:2009B00000068F00AC1A30012D02560100A49A01FF6698E49A012D01761F02B0FF669812D6
:2009C000FF690006761F018006081AA902001E080006761F018006081AA901001E08000680
:2009D000761F0180060850801E080006761F0180060850101E080006761F018006085004BF
:2009E0001E080006761F018006081AA904001E08000606C41EC592D496D592DC96DD92E4DF
:2009F00096E592EC96ED0006761F02E183A49203ED039A006F143B108A08FF69767E09E9F9
:200A00008F00B880A8A9C4080B0309360FA6EC04DE06C2086F02A80829109A01FF690006EF
:200A1000762202008F006000D0241901761F01801E94D026020019011E94D02002001E94FF
:200A20000208DC201AC400021A2000011820FBFF1A2000041E2A1E2C761F018402001E0A4F
:200A30001E121E221E3A761F01851E021E0A761F01841E021E1A1E2A1E32761F0180190141
:200A40001E08020019011E0C020019011E1E020019011E22C4141AA61000C214761A6F02F7
:200A5000C41892A6FFC3900144A6EFFB7622A31618ABFFF018AAFF0093AB517327A893AA79
:200A600051082FA8A916C414BE80C214761A6F05C41892A6FFC390015200EDFB762202005C
:200A70001E00761AFF69000680A82DA9767E0A100200767E081E761F02E18F00B8802B00B8
:200A80002B032B047F022101A806A8080006761F02E156BF01040006761F02E12B040006AD
:200A9000B2BD2DA858A98F40BA087680BA06A0A927AC0DA083A92FC592AA57965201EC2346
:200AA0000EA076C0BA127680BA0EFF30560100A7560100A606C70FC6680D8D40BA0CB2A999
:200AB0000DA08EA993C092A8FFCE94A8FFA094AC6F2B8D40BA0CB2A90DA08EA992AB9EC0C6
:200AC00027A96F190EA076C0BA127680BA0EFF30560100A7560100A606C70FC6680E8D4041
:200AD000BA0CB2A90DA08EA992C093A9FFDE95A9FFB075AB2BC56F0B8D40BA0CB2A90DA084
:200AE0008EA992AB94C027A956BF01C528AC006492AC93AB94AB2DA992A454AC67081BA456
:200AF00005DC69059C9C2BC527A993AB8AC6A8C7B60092AAC3C654C5ED0408C000056F07DA
:200B000088C092A6FFCE94A6FFA096C092C052646205521456B414C06F0356BF64C0761F66
:200B100002E855016607761F02E75537670527376F02270193AB761F02E7922E9CCE54A8C9
:200B20006807922F9C3254A8562A06AB6F0227A992AB8BBE0006761F02E792140006761FFE
:200B300002E7920B0006761F02E792250006761F02E792250006761F02E792350006761FC3
:200B400002E792340006B2BD761F02E759A99229EC489217ED0E9227932E8F00B9D85DA1C6
:200B5000767E2D43761F02E7520056B001176F0F932E92278F00B9D85DA108A8FE0C767E6F
:200B60002D315200EC04761F02E72B17761F02E79215ED0F9227932F8F00B9D95DA1767E66
:200B70002D315200EC13761F02E756BF01156F159BC892278F00B9D95DA1952F767E2D4326
:200B80005200EC04761F02E72B15761F02E79215CA17ED032B3A6F0356BF013A9217963EBB
:200B90008BBE0006761F02E71BA9030C962767022B270006B2BD761F02E759A9922956C166
:200BA000008B9221ED0E9226932E8F00B9E45DA1767E2D43761F02E7520056B001216F0F7F
:200BB0009AC8932E8F00B9E45DA19FA99226767E2D315200EC04761F02E72B21761F02E7FC
:200BC0009222ED102DA1350A8F00B9E35DA9932F9226767E2D31761F02E7520056B0012261
:200BD0006F0E932F92268F00B9E35DA19D64767E2D435200EC04761F02E72B22761F02E7F5
:200BE0009221EC17761F02EE92325204EC12761F02809A009B0156BF0D16767E3219761F49
:200BF00002E79A0D9326761F02805C16767DAD76761F02E79B009222CA2156B001A89221E3
:200C00009739761F02E89600761F02E7923FED119226761F02E88F00B9DF5DA19301767EBE
:200C10002D435200EC18761F02E756BF013F6F12761F02E893018F00B9DF5DA1761F02E7F4
:200C20009DCE9226767E2D315200EC05761F02E72B3F2B1F8BBE0006761F02E71BA9030C2A
:200C3000962667022B260006761F02E79211ED0F1B26032067191B2B01F469160A3292326D
:200C4000521A64132B3256BF01116F111B2603E866041B2B019067080A32923252FA65051B
:200C50002B322B1100062B329211EC17761F02EE92325204EC12761F02809A009B0156BFE3
:200C60000E16767E3219761F02E79A0E932B761F02805C16767DAD760006761F02E7921068
:200C7000ED31761F02EC4020EF06761F02E71B262328690C761F02E71B2A07D069070A31AA
:200C80009231521A640456BF01102B31761F02EC4120EF06761F02E71B272328690E761F4B
:200C900002E71B2807D069090A339233521A64062B3356BF01106F042B339210EC152B33A1
:200CA0006F121B262134670F1B272134670C1B2A03E867091B2803E867060A3192315232E0
:200CB00065032B102B310006767E0B3F52026836920B9C64542B6731761F02E8C40A28AC1A
:200CC000000A761F02E706A6322AFF321EA706A6FF3007A7FF1302711EA6A9A90FA6651D33
:200CD0000A2D1B2D0258691A2B2D761F02EE92325204EC14761F02809A009B0156BF0F162A
:200CE000767E3219761F02E79A0F932A761F02805C16767DAD7600062B2D0006761F02E750
:200CF0009628922F9C9C542769022B280006761F02E7962A922F9C9C542669022B2A000677
:200D0000FE065CAD761F02E75DA858A9DC86F6032B840B3056C0011456BF05300264761F8D
:200D100002DD2D2A1E42761F02E7120600FE3301761F02E81EA61E0A761F02EC921EEC0AD1
:200D20003B01761F02EC8525761F02E80FA65648040A0278761F02E80F0A5648020AC40AE0
:200D300006A6FF321EA706A6FF3007A71EA692A0ED1492A5EC0D8F001D4CA8048F0124F801
:200D4000A8A90FA6FFE4009DC202FFEF009B8F001D4CA804FFEF009592A556C1008A920A25
:200D5000761F02E73B019E2A2BAA9E2880A9761F02E8060A761F02E7272AFF40FF12007D12
:200D60000FAB643D27280FAB632492A7650B28AC000A3028FF5A560301A780A9A9A981A7AC
:200D70006F0728AC000A06A6322A03AB190A761F02E88F0124F81E02A8A90F026302A8027A
:200D800006A603021E041EA6A8A90FA6633B6F4192A7FFA02DA9350A28AC000A322A761FAC
:200D900002E8A9A6FF5A565700A6A904761F02E73228761F02E807AB1E026F2492A7650B4C
:200DA00028AC000A302AFF5A560301A780A9A9A981A76F0728AC000A06A6322803AB190AD3
:200DB000761F02E88F0124F81E04A8A90F046302A80406A603041E021EA6A8A90FA663025F
:200DC000A802060464088F0124F8A8A90F046305A8046F0302001E04060264078F0124F81A
:200DD000A8A90F02630E6F0C02001E026F0A8F0124F8A8A98F001D4C565000A61E04A8020D
:200DE00002641EAC56440004761F02E78826C2421EA6FF153D0900FE3301961E0E261E425D
:200DF00006A6FF053D0900FE3301961C1BA905DC6204923FED076F08923FED04281C05DCDB
:200E00006F03281C0708761F02E856440002761F02E78827C2421EA6FF153D0900FE330171
:200E1000961A0E271E4206A6FF053D0900FE3301961B1BA906E06503281B06E0880B020ACA
:200E2000761F02E81E42060400FE3301761F02E72BAA272A1E461EA7FF13007D0FAB63041A
:200E300092A69CEC6F2306A7FF12007D0FAB630492A69CF66F1B06A7FF12004B0FAB630476
:200E400092A69CFB6F1306A709C80FAB630492A69CFE6F0C06A70FAB64041B2B0A8C69043D
:200E500092A69CFF6F039A0194A6541E88A96205541C6304881C6F02881E1BA60A8C62050E
:200E600092A656B400A66F0376800A8C3B107E0B29108814020AFF69761F02E81E42060288
:200E700000FE3301761F02E72BAA27281E441EA7FF12007D0FAB630492A69CF66F1B06A7B7
:200E8000FF12004B0FAB630492A69CFB6F1306A709C80FAB630492A69CFE6F0C06A70FAB31
:200E900064041B2C0A8C690492A69CFF6F039A0194A6541A88A96205541B6304881B6F0286
:200EA000881A1BA60A8C620592A656B400A66F0376800A8C3B107E142910FE86FF690006E4
:200EB000761F02E7963D0006761F02E7963C0006761F02E7962C0006761F02E7962B0006EA
:200EC000761F02E796350006767E17F00006B2BD59A9CCA9FFFEEC2F761F02E7CC34FFFE49
:200ED000ED3F761F01A492A12B0B1A0B00605202ED1B761F02E7922B52C86708BE1E0E267E
:200EE000F60F1FA693269FA96F0293269738933855376704923796389338922F9C3254A87F
:200EF000562A06386F1D761F02BC923F761F02E7960C6F1676228F00690083A4DD181AC544
:200F00000004761AD00B761F01A4FF6928940555DC0F18C4FFFC2809FFFF767E0EC4761F5E
:200F100002E779348BBE0006B2BD520259A86860761F02E79200EC690B16ED54920A56BFD8
:200F20003216ED2693389A00761F02BC5C3F767E0A9088A9932B533267101B250494630D42
:200F3000B61E0E26F60F1FA79326761F02E89FA92B0855A6562B04A69AC893A6761F02E7DC
:200F400094A65426671288269BC875A66F0D8838930A9D0A55A66303DE8A6F0692A69C0A9C
:200F50005674000A88A993A6761F02E855016607761F02E75537670588376F02880193A699
:200F6000761F02E7922E9CCE54A86807922F9C3254A8562A06A66F0288A93B107E382910CB
:200F70006F140E2A761F02E85601000E6F0E761F02E756BF32160200761F02E856BF0A0CBE
:200F80002B082B061E0E1E1292A15202ED52761F02E79200EC5B0B1DED4656BF321D9336EC
:200F90009A01FF69761F02BC5C3F767E0A9088A9932C533267101B130494630DB61E0E2797
:200FA000F60F1FA79327761F02E89FA92B0955A6562B04A69BC892A6761F02E795A65527BB
:200FB00067059BC892279EA888A9761F02E854016607761F02E75437670588376F028801B3
:200FC00092A6761F02E7932E9DCE55A96807932F9D3255A9562B06A66F0288A83B107E3666
:200FD00029106F140E28761F02E8560100106F0E761F02E756BF321D0200761F02E856BF34
:200FE0000A0D2B092B071E101E148BBEFF690006767E18589A10767E17D09A64767E17D497
:200FF00028A90BB8767E17CC000600060006761F02C69A00CD220020761F02E9FFD4CB350B
:2010000056B001A90006761F02C793259A00761F02C6FFD0CB22FFD2761F02E99101CB3172
:2010100056B001A90006761F02C693229A00761F02C7FFD9CB25FFD3761F02E99101CB1970
:2010200056B001A90006761F02C69A00CD220004761F02E9FFD1CB2E56B001A900069A0077
:20103000761F02E9933556B001A90006761F02E9923900069A00761F02E9933156B001A9C3
:2010400000069A00761F02E9931956B001A90006761F02E9922F0006761F02E9922E000681
:20105000761F02E992300006761F02E9920F0006761F02E992130006761F02E992120006BC
:20106000761F02E92B390006761F02EA96020006761F02E92DA8963C973A72AC3507963B44
:2010700052006405761F02DD4031EE029A00761F02EA96030006761F02EA2DA89600761F95
:2010800002E972AC973E3507963F0006761F02EA96010006767DD428761F02E99604767D41
:20109000D430761F02E9960392049C14961892049C289615767DD42C761F02E99606767D28
:2010A000D434761F02E9960B767DD438761F02E99CFB54186707767DD438761F02E99CFB01
:2010B0009618767DD438761F02E99CFB54156707767DD438761F02E99CFB96159306920693
:2010C0009D029C04970C9607536456B2640C526456B26407767DD418761F02E9960A767D47
:2010D000D420761F02E99601767DD404761F02E9963200065DA9761F02E99227ED309234BA
:2010E000ED0E930A923D8F00BA66767E2D315200EC5D761F02E956BF01346F571B010258E7
:2010F000620393016F0328A803E8923D8F00BA66767E2D435200ED0D761F02DE9230520201
:20110000EC085203EC06761F02E91B2301F46841761F02E99231ED3D2B346F379217ED1719
:20111000761F02C792248F00BA66761F02E9FFC79308767E2D315200ED05761F02E992096A
:20112000EC25761F02E956BF01176F1F761F02C792248F00BA66761F02E9FFC79328767EAB
:201130002D435200ED0D761F02DE92305202EC08761F02E99238ED041B2301F4680A761FEF
:2011400002E99231ED062B172B26761F02E92B239233EC061B2301F467040A236F022B234C
:201150009235ED069234CA1756B0013500069234CA17ED022B350006761F02E9963D000687
:20116000B2BDAABDA2BD761F02E95BA9922756C000D09214EC190B1BED0456BFC81B2B141E
:20117000761F02EC9214EC06761F02E91B0401CC6505761F02E959046F038D4001CC9237BC
:2011800056B001166F025904761F02EE92325205EC165202EC14761F02EE922DEC10761F99
:2011900002E992029CFC960354016503920196031B0301E06307280301E06F04761F02E93E
:2011A00079039237ED0F923D8F00BA6993A15DA3767E2D315200EC1A761F02E956BF0137C2
:2011B0006F199303923D8F00BA695DA3767E2D435200ED14761F02DE92305202EC0F5203EE
:2011C000EC0D761F02E99238ED09761F02E99237EC09921AEC090B1A6F07761F02E92B2988
:2011D0002B37281A01F4921ACA16ED1493A19DEC1BA801A4670328A801A4923D8F00BA5E5F
:2011E0005DA3767E2D31761F02E9520056B001166F1F93039DEC1BA801A4670328A801B8A6
:2011F000923D8F00BA5E5DA3767E2D435200ED0C761F02DE92305202EC075203EC05761F61
:2012000002E99237ED05761F02E92B1E2B16922EED299213ED109304923D8F00BA648F40C4
:201210000BB8767E2D31761F02E9520056B00113FFEF01019304923D8F00BA648F40753046
:201220009D08767E2D435200ED0D761F02DE92305202EC085203EC06761F02E9923856C132
:2012300000EA761F02E92B292B13FFEF00E49214EC260B1BED0456BFC81B2B1492065206DA
:20124000640359066F02D105761F02C792105202EC02D982761F02EC9214EC12761F02E93D
:201250008F00BA6B28A801CC5DA3923D767E2D31761F02E9520056B0010E6F025906761FC0
:2012600002EE92325205EC145202EC12761F02EE922DEC0E761F02E992288D8001F4540B38
:20127000562A040B9206540B562A020B6F06761F02E98D8001CC790B920DED198F00B1E330
:2012800041D4EF1592CC93A15DA38F00BA6DFFC7767E2D315200ED05761F02E99209EC1E6C
:20129000761F02E92B2D56BF010D6F1A761F02C792248F00BA6D5DA3761F02E9FFC7930B0C
:2012A000767E2D435200ED10761F02DE92305202EC0B761F02E99238ED07920DEC09921A7B
:2012B000EC090B1A6F07761F02E92B2D2B0D281A01F49210ED29761F02C7CC250002FFC07F
:2012C0004125EF27761F02E9931AED239206520563039B006F0393069DFB761F02C78F00D5
:2012D000BA5D92245DA3FFC7767E2D315200EC05761F02E9920DED05761F02E99209EC2896
:2012E00056BF01106F25761F02C7CC250002FFC0761F02E993065200EC17761F02C78F00C9
:2012F000BA5D92245DA3FFC7767E2D435200ED0C761F02DE92305202EC07761F02E99238D4
:20130000ED03920DED05761F02E92B1D2B10920EEC11923D8F00BA6B56BF010D56BF0110E0
:2013100093A25DA3767E2D435200EC04761F02E92B0E761F02E99237CA0DEC09921056BF5D
:201320000131CA16EC0556BF01196F032B312B1982BE86BE8BBE00065DA8761F02E993A9D5
:20133000922FED0C923D8F00BA6A767E2D43761F02E9520056B0012F0006923D8F00BA6A6D
:201340009DEC767E2D315200EC04761F02E92B2F00065DA9761F02E99233ED12761F02EAC5
:2013500093048F00BA60761F02E99D05923D767E2D43761F02E9520056B001330006761F41
:2013600002EA93048F00BA60761F02E9923D767E2D315200EC04761F02E92B33000688A949
:20137000761F02E95DA8922EED0D923D8F00BA6193A6767E2D31761F02E9520056B0012E13
:2013800000069B28923D8F00BA6195A6767E2D435200EC04761F02E92B2E0006B2BD5DA9D6
:20139000761F02EE92325201EC075203ED59761F02EC9214EC55761F02EE9203ED51767E5D
:2013A00010235200ED4D9227ED1D92362B1CED0E9318923D8F00BA5F767E2D315200EC38B7
:2013B000761F02E956BF01366F389315923D8F00BA5F767E2D435200EC2B761F02E92B36DD
:2013C0006F2792112B1FED138F00B1E341D4EF0F92CC930C8F00BA5CFFC7767E2D31520048
:2013D000EC17761F02E956BF01116F178D40B1E393078F00BA5C92C9FFC7767E2D43520056
:2013E000ED0341D1EE05761F02E92B1C2B11761F02E99211CA36EC0A56BF01306F08761F8A
:2013F00002E92B362B112B1F2B1C2B308BBE0006761F02C6CC220004FFC1761F02E988A95A
:20140000932E9A00CBA6EC05761F02EE931BEC0F761F02C74125EE06761F02E9932753019B
:20141000EC06761F02C7432556BC01A9761F02E99612932E9A01CBA6ED18761F02C6CD2202
:201420000008761F02E9FFD2CB31ED0F9313ED0D761F02C74425EE094125EE06761F02E923
:2014300093275301EC029A00F001761F02E9960F00065DA9761F02E99238ED10761F02C73F
:201440009B638F00BA659224FFC7767E2D43761F02E9520056B001380006761F02C79B638D
:20145000D5058F00BA659224FFC7767E2D315200EC04761F02E92B3800068F00B1E35DA9D2
:2014600041D4EF1F761F02E99209ED0E92CC9B018F00BA62FFC7767E2D31761F02E95200A4
:2014700056B001090006761F02C79B01D5328F00BA629224FFC7767E2D435200EC086F0401
:20148000761F02E92B22761F02E92B090006AABD0EA8761F02BE3B01070088472746584537
:201490001EA785A5070283A992069C0143A9EF6106A72B06FF4280A9960428AAFFFFFF6E88
:2014A00002001E00A0A9D500FF4293A9960592AB28ABFED49EA8A00285A98F40012C56503C
:2014B00000A5566100AB2DA9330A16AC5AA928ABFED428AAFFFF960892A79EA085A95650DF
:2014C00000A5566100AB2DA9330B16AC9609567400A280A9960C92075201EC035D0D6F03A2
:2014D0005DA72B072D0F12122D0E33112DA7564100AB12132DA507AB331403AB811083A976
:2014E000FF4C27A992A518A91FFF96107F0D801685ABFF69FF5A85A783A956210015A9A9CC
:2014F000565000AC566100A527A9960E3F0F6F069606A002C3008016270E85A61EA685AB0C
:20150000FF6EFF5A85A71EA7A9A9565000A6566100A796172DA97C1992A474AC331816AC9D
:20151000961A801B88A9560301A69EA75CA9961C2D1E33222D1D12212DA403AB33232DA67E
:20152000560100AB12242DA707AB332503AB81201EA7FF4C93A718A81FFF9720931F971E00
:201530007E1BBE008F000E6685A9565000A4566100A6961D961F86BEFF6900062DA83B0141
:2015400012A9FF4D761F02BF96040006761F02BE92150006761F02BE920B0006761F02BE3F
:20155000920A0006761F02C592160006761F02B792200006761F02BF92040006761F02C57B
:2015600092180006761F02C5920D0006761F02C5920E0006761F02C5921A0006761F02BF54
:2015700092050006761F02BD920A0006761F02BD92350006761F02BD92250006761F02BD42
:20158000922F0006761F02BD922E0006761F02BD92340006761F02BD92080006761F02BD02
:20159000920C0006761F02BD921A0006761F02BD92120006B2BDAABDA2BD27A48F00AFC095
:2015A0002D4E2F4D804C884B5B4A5A493B018F400C808D00019E96C497CC12AA28AAFFFF41
:2015B0003FD428ABF380562F01E492E49EC496EC85EC565000A5566100AB93A796EC9294FE
:2015C00055A9624192A727EC94A693A79CF855A9620392A69CF885A983A4761F02C5090627
:2015D0008D000187560100A592AB2DC572AC1206562F07C585A60906560100A42DC48F007F
:2015E000AFC0120A2D08330907AB562F07948D00018B85948D0001871EA685948D00018CDF
:2015F000565000A6562100948D000187566100AC969492948D00018896948D000187929441
:2016000072EC6F0C1BA90180630685A90906560100A42BC4761F02C50A1E761F02EA8F0088
:20161000AFC02D2E8D00019812ECFF4681D41E94C494761F02BD92A3C208EC3D8D0001918D
:201620008D4001927A94761F02EA929C9494FFA08D0001938D4001952D21FF6E8F4001981F
:2016300096948D00019192948D00019296948D00019392948D0001949ED49694929C949486
:20164000FFA08D00019696948D00019492948D00019596948D00019633948D00019716AC36
:201650009694A8A9560100A585948D000198560100C5C4948D00019A761F02BD8594C20AEF
:201660001EA78D000198FF5CFF698F403E80761F02EA85A9FF5A06A6565000A7566100ABCC
:201670001E9428ABC18028AAFFFF06948D00019CAECC5621001B564400A9FF4681C4565081
:2016800000A5566100AB1E94069482BE86BE8BBE0006B2BDAABDA2BDFE0427A83B01761F4D
:2016900002BD85A9804F5B50594E5A4D071C1EA6921F9C0143A9EF6A06A6BE00FF4228AA8E
:2016A000FFFF961E93A9FF6E92AB28ABFED4C21C9EA82B1F85A97680012C565000A656612B
:2016B00000AB2DA99620332116AC58A9962392225201EC04922496436F032B227843882566
:2016C0002D26122B2DA6332A2DA0564100AB122C2D4307AB332D03AB8127FF5AFF4C2FA9A9
:2016D00092AB18A91FFF962785AA7824FF5A85A18EA9A9A903A0FF43960C28A9FDA89EA310
:2016E00085A98EA928A9025894A785A91EACA9A9565000AC566100A02FA9962592A685A933
:2016F000565000AC566100A0962685A71EA785AA1EA692A3FF5C85A982A906A6565000A7AF
:20170000566100A32DA996286F04961FC21C2D2885A5FF691E4212A400FE33013B018F00DB
:201710001B582DA228ABE4A828AAFFFF85A9565000A4566100AB8F0003E888A9962E28AB2C
:20172000FC18350A94A685A9565000A4566100AB2DA91234FF479631803388A9560301A635
:201730009EA75CA996322D36333A2D3512392DA403AB333B8F000FF62DA6560100AB123C66
:201740002DA707AB333D03AB2DA68138FF5AFF4C28AAFFFF80A992AB18A91FFF28ABF00AD3
:2017500096389237963685A7FE84565000A47F37566100AB80A97E3396353519FF4294A797
:2017600085A9565000A4566100AB85A982BE86BE8BBE0006761F02C5061C0006761F02BDB6
:2017700006180006761F02BD06100006AABD2DA51EA63B01761F02BD12A48E46FF472D47F4
:2017800086A91E0E06A6FF3783A912A40710FF5A3AA9FF37FF541EA7A9A9565000A5566135
:2017900000A71E10FF4707A21EA73AA9FF548EA906A7565000A6566100A01E1286BE000679
:2017A0002DA4761F02BD1EA63B01FF6E3314C54416AC8AA91E163315FF69A9A90718FF5AA4
:2017B00006A7FF5483A9A9A9565000A6566100A5FF5A1E1806A6FF471EA6A9A9FF4707A46B
:2017C000FF5A06A7FF47FF541EA7A9A9565000A6566100A71E1A0006761F02BE9615000665
:2017D000761F02BE960B0006761F02BE960A0006761F02C5960D0006761F02C5960E0006F7
:2017E000761F02C5961A0006761F02BD96340006761F02BD1E180006761F02BD1E1000069B
:2017F000761F02BE02002B0C2B0D1E002B06280EFF9C2B0F2B102B1C2B1A2B1B2B1D2B1E1B
:201800002B1F2B201E0256BF01070006761F02BE3B01340E0003FF41960E960F341D00033D
:20181000FF41961D961E961F0006761F02C52B1E2B122B152B080006761F02BD56BF01226F
:201820002B1F2B2002002B0C2B242B252B262B272B282B322B332B312B362B372B352B38A8
:201830001E1C2B1E0006761F02E51B350A286708761F02BD28392A1C283A0A196F12761F0C
:2018400002BD283A0A28761F02E61B08157C690428A92A3A6F0328A92A30761F02BD9639A2
:201850002B312B322B332B352B362B372B380006761F02BE28113CF528121CF52813067713
:201860002814063428212A1C56BF640A28220A1B2823108356BF100B2824023D28250E4538
:2018700056BF051828150A8C2816FF9C0006761F02C556BF640656BFC50956BF1D0A280B47
:201880000280280CFD8056BF300D280E012C56BF180F281A04E32B1E2B122B150006761F9A
:2018900002BD56BF0F21282C1E7B9A00282D1E54282A3CF62B0456BFCD0556BF2002282BC2
:2018A0001CF62829100056BF013056BF1E3428392A1C9627283A0A19283B2C399626283C37
:2018B00004F59625283D2743962496209A0096389635963796369631963396322B280006A8
:2018C000761F02BD56BF121456BF321500060200761F02BD1E101E121E1A1E180006761F5A
:2018D00002EB9332732D542D6604742D9A0100069A0000062DA9761F02EB88A892129C64AD
:2018E0005414680792109C9C5414562A06146F0296143B1036141EAC8F000928FF321EA705
:2018F000ABA9FF3007A7FF5A0200F61F561700A4A9A9B60AFF69761F02B30905FF5A0200F9
:20190000F61F561700A75CAB0EA63F185DA4761F02EB566500A902002DA6F61F561700A5A9
:2019100002005DA6A9A7F61F561700A592A73F289B0333AB9EAB963292A400FE33C9761F49
:2019200002B39635560301A49B0300FE33C9761F02B39636761F02B392A4FFC0963792A439
:20193000761F02B3FFC29CFF9634761F02C5542369059223761F02B396342910FF69761FE7
:2019400002EB92280006761F02EB92310006761F02EB92290006761F02EB921100063B10D6
:20195000761F02EB4218EF0429109A016F0329109A00FF690006000688A9761F01BF9A00FB
:2019600080A84B01EF06761F02EA932856B001A95200EC1C761F02EE92325203ED17761F81
:20197000028092165209EC1292A754A6620A93A455A6650C761F02EB92A50A1A541A6709D7
:20198000761F02EB9A012B1A0006761F02EB2B1A9A000006761F02EB961F00060006761FA0
:2019900002EB96300006761F02EB962200063B10761F02EB96132910FF6900063B10761F41
:2019A00002EB96072910FF6900063B10761F02EB960C2910FF6900063B10761F02EB962C51
:2019B0002910FF6900063B10761F02EB96082910FF6900063B10761F02EB960B2910FF694F
:2019C00000063B10761F02EB96042910FF6900063B10761F02EB960F2910FF6900063B108F
:2019D000761F02EB960D2910FF6900063B10761F02EB96312910FF6900063B10761F02EB23
:2019E00096292910FF6900063B10761F02EB960E2910FF6900063B10761F02EB96112910BC
:2019F000FF690006000688A9761F01BF9A0080A84B01EF06761F02EA932856B001A952009C
:201A0000EC1C761F02EE92325203ED17761F028092165209EC1292A754A6620A93A455A633
:201A1000650C761F02EB92A50A1954196709761F02EB9A012B190006761F02EB2B199A00C5
:201A20000006761F02EB962000060006761F02EB962F0006761F02EB96250006FE02761F37
:201A300002EB88A89E215D045264631B1BA9FF9C6515522863171BA9FFD86514761F01BFEF
:201A40004B01EF10761F02C793105302EC0B761F02C79307ED079A006F0528A9FF9C6F0217
:201A50009A642DA4761F02EB33152DA6A9A788A7961533A993AB9FA695A527A83F0258AB34
:201A6000761F02EA9228EC7B761F01BF4B01EF773B103B01761F02B3FF69851F761F02B792
:201A70001E42061200FE330128AC001B8F00089B3B011EA6FF435622A8AC07A6FF445644F3
:201A800000A9FF499B0A00FE3354761F02B3961A2910761F02C793105301EC10525062099A
:201A90001BA9FFB06319761F02B3281AFFB06F14761F02B356BF501A6F0F52A062091BA921
:201AA000FF60630A761F02B3281AFF606F05761F02B356BFA01A9A78761F02E39E072DA9DB
:201AB000520A64065264650628AC00646F0328AC000A0264761F02B3FF691E42121A00FE05
:201AC00033012DA952A062071BACFF60630628ACFF606F0328AC00A092ACFFA12DA9ED0A4E
:201AD000921A62065200630628ACFFFF6F0328AC000192A0761F02EB94AC9602761F02EEFD
:201AE0009203ED09761F02EB1B02317E64092802317D6F0C761F02EB1B022C306205920257
:201AF00056B501026F0328022C303B10920296042910FE82FF69000680A9761F02EEBE00C4
:201B00009232761F02EB541B56B001A6961B761F01BF4B01EF1A5203ED18761F02809216EF
:201B10005209EC1392A6ED1155A7620A93A455A7650C761F02EB92A50A1D541D6709761FC3
:201B200002EB9A012B1D0006761F02EB2B1D9A000006761F02EB96210006FE0288A9761F60
:201B300002EB920A520464243B01850A1E42063C00FE3301B60093A62B0A9FA9C33C530AC7
:201B400063061BA8FFF662040B006F020A001B00012C63071B00FED462062800FED46F0305
:201B50002800012C3B109200960629106F063B010A0A85235601003CFE82FF690006761FEB
:201B600002EB96230006761F02EB96240006761F02EB88A955146908921494A654A86608A0
:201B70009FA69714000694A85414562A0914000688A9761F02EB2DA60E2A5CA6372AA9A7A7
:201B8000FF5A0E2A565D00A4A9AC560500A92DA606A7FF318AA912AC560301A95DA9A8A909
:201B90000DA507AB8AA906A7FF3007AB1EA7560301A62DA937274118EE08A8A90FAB690B49
:201BA00006A70FAB660B0006A8A90FAB690706A70FAB690692A67414000692A6721400066C
:201BB00088A992CC80A855A6690A761F02EB9FA628AB00011A180001972A6F09761F02EB67
:201BC00093A62BAB1818FFFE9FA7972A93C4ED2893A6FFD055A9671F9318510228AA0001F9
:201BD0005CA8971854A6691093A755A9660A9EA6962A2B2728AB000192A4500196186F1544
:201BE00074A77F276F1254A7670374A66F02BE007E276F0B1818FFFD96272BAA6F069627E6
:201BF0001A18000228AA0001761F02C792105202ED039A0C6F029A12761F02EB930F552727
:201C0000680F930E552A680C4218EE120A1793175305690E2B173B101A1800046F08930DEB
:201C10002B17552767053B101818FFFB291093ABED0593AAED0574146F0893AAED05FF69E7
:201C2000767E1B786F027214FF690006767DD3B01BA91388EC08761F02EB2811411B28149C
:201C3000411B6F07761F02EB28114E2028144E2028103A4D281266CB0006FE025200ED057B
:201C4000761F02EB2B266F0E88A928A805F528A9E100761F02EBFF5A0200F61F561700A682
:201C50003F26FE820006761F02EC1EA61E00C546761F02EB06441E36C33407A607A7C538AA
:201C60001E3A1EA63B0106A7FF3403A707A6FF441E3800065DA9761F02EE92325203ED3A6B
:201C7000761F02EE9203ED0D761F02EB8F00BADC28A806409221767E2D315200ED0D00062C
:201C8000761F02EB8F00BADC28A803849221767E2D315200EC22761F02EB2B1C761F02EE93
:201C90009203ED13761F02809A009B0156BF0716767E3219761F02EB9A079321761F0280F3
:201CA0005C16767DAD7600069A009B05767E32190006761F02EB2B1C0006B2BD761F02EE54
:201CB00059A992325203ED2A767E23E95202EC05767E23E95201ED22761F02EB8F00BAD69A
:201CC00028A80AF05DA19221767E2D435200EC19761F02EB2B169A009B01761F028056BFA9
:201CD0000816767E3219761F02EB9A089321761F02805C16767DAD766F04761F02EB2B16EA
:201CE0008BBE0006767E194B54146809767E194B9E145208690A081400086F11767E194B91
:201CF00093149FA953086609767E194B96143B101A18000429106F039A087414FF69000655
:201D0000761F02EB02002B002B061E3C2B0A0006761F02E396230006761F02E396270006D8
:201D1000761F02E3962F0006B2BDAABDA2BD8BA9824C864A767DD85B5200EC17761F02E372
:201D2000920F52036912B2A9B23A630302001E3AAAA9AA3C630302001E3C761F02E4A2A96A
:201D3000A206630B02006F060200761F02E31E3A1E3C761F02E41E06761F02E3063C073A3C
:201D4000761F02E407061E001E08761F02E3C5341EA63B01761F02E406A7FF3403A7070236
:201D500007A61EA69B00901F1E0206A6FF441E04761F02E31E321E3482BE86BE8BBE000698
:201D6000767DD85B5200EC16761F02E3920F520369112D0FBE643610FF5A0200F61F56177E
:201D700000A6A93EA9A90F3A6303063A1E3E063E6F050200761F02E31E3E761F02E41E0AF6
:201D80000006767DD85B5200ED05761F02E32B0D0006761F02E3922A960D0006761F02E3C2
:201D900096220006761F02E396280006761F02E3962D0006B2BD59A9767DD3805201EC05F9
:201DA000761F02E32B106F04761F02E379108BBE0006B2BD59A9767DD3805201ED0892A177
:201DB00052036905761F02E3790F6F04761F02E32B0F8BBE0006761F02E396240006761F09
:201DC00002E3962E0006761F02E3962C0006767E23E95202ED24761F01BF4B01EF20761F68
:201DD00002EA9228EC1C761F02E3922F523267059C28542768066F132D2F35055427670F64
:201DE0000A219221520A680E2B21761F02809A049B0556BF2D16767E32190006761F02E37B
:201DF0002B210006767E23E95202ED2D761F01BF4B01EF29761F02EA9228EC25761F02E394
:201E0000922C523267059C28542E68066F1C2D2C3505542E67180A0C920C520A68172B0C7B
:201E1000761F02809A009B0156BF2D16767E3219761F02E39A2D932E761F02805C16767D50
:201E2000AD760006761F02E32B0C0006767E23E95202ED24761F01BF4B01EF20761F02EA2C
:201E30009228EC1C761F02E3922D523267059C28542868066F132D2D35055428670F0A0BDC
:201E4000920B520A680E2B0B761F02809A049B0556BF2D16767E32190006761F02E32B0B3B
:201E50000006761F02E3920752C8624B529662455278623C526A63299208ED1692115214AD
:201E600056B614119214523C56B63C149213523C56B63C139220523C56B63C209202523C49
:201E700056B63C026F020B089211EC020B119214EC020B149213EC020B139220EC020B20A8
:201E80009202EC350B026F339211EC020B119214EC020B149213EC020B131B201B586702B6
:201E90000A20921D526A631D6F209211EC020B119214EC0F0B146F0D9211EC070B116F057F
:201EA0001B111B5867020A111B141B5867020A141B131B5867020A131B201B5867020A206E
:201EB0001B021B5867020A0256BF0A08761F02EE92325202EC295205EC27761F02E39211AD
:201EC0005214670A1B14022667071B1302EE67041B20041A694B761F028056BF0A169A00EA
:201ED0009B01761F02E32B112B142B132B20767E3219761F02E39A0A9307761F02805C1658
:201EE000767DAD766F33761F02E392115214670A1B14022667071B1302EE67041B02041AAD
:201EF0006919761F028056BF0A16761F02E39A009B012B112B142B132B202B02767E3219E4
:201F0000761F02E39A0A9307761F02805C16767DAD76761F02E31B201770690328201770F3
:201F10001B021770690328021770761F02E39220523266085205670A761F02B5181AFFFE8F
:201F20000006761F02B51A1A00010006761F02E32B2B0006761F02E30A2B542B67132B2447
:201F30002B2A2B072B062B1B2B002B032B1C0200761F02E41E181E201E1A1E1C761F02E316
:201F40002B2B0006761F01BFC446C5444B01EF12761F02E4FF581E20630302001E2006A70D
:201F5000C310630302001E1006A6C20C630902006F060200761F02E41E201E101E0C061082
:201F6000C53007203B01070C1EA61E181E1E06A7FF3403A7072E07A61EA69B00901F1E2EFA
:201F700006A6FF441E381E121E300006B2BDFE02761F02EE92325203ED3B761F02EB92211E
:201F8000761F02E30A2572269225520569370E26F60F1F2596261BA901F46703282601F4B3
:201F9000767DD3AC761F02E388263B0156030AA9C24200FE330159A9767DD3AC761F02E32B
:201FA00088262DA112A9C24200FE330159A91BA90A0062071BA1040063068D4004006F030F
:201FB0008D400A00930E95A1FFB0970E6F05761F02E3280E04002B262B25FE828BBE000677
:201FC000761F01BF4B01EF15761F02E32D2CBE643624FF5A761F02E40200F61F561700A60F
:201FD000A91CA9A90F20630306201E1C061C6F050200761F02E41E1C1E1A0006B2BDFE02EB
:201FE000761F01BF4709EE05767DD8675200EC16761F02EB063A65160207761F02E31E42A3
:201FF0000E0F0D2C761F02EB0124FF3000FE3301761F02E3961D52006310761F02E32B1DBF
:202000006F0C0207761F02E31E42920F942C0EA9FF3000FE3301961D063A761F02E4BE6459
:202010003B010720761F02E35621000E761F02E4564400A987A6C436FF49564400A98AA9AB
:20202000C24200FE3301761F02E3960688A9761F02E406281E42A8A900FE3301761F02E31D
:202030005CA99603761F02E406221E42060A071A564400A900FE3301761F02E35DA9961B18
:20204000761F02E40624761F02E31E42063E761F02E4071C564400A900FE3301761F02E330
:2020500093A5961C567300A6567200A497075407562A020759079600791F761F02EE923252
:202060005202EC035205ED07761F02E3921D5407562A0207761F02EE92325203EC3C5205A8
:20207000EC035202ED34761F02EE921FED14767DD3AC761F02E588372DA912A1C24200FE7D
:202080003301761F02E39616767DD3AC761F02E588376F13767DD3AC761F02E588122DA959
:2020900012A1C24200FE3301761F02E39616767DD3AC761F02E588122DA9761F02E3C24245
:2020A000121600FE3301961696176F08761F02E32B176F04761F02E37917767DD3A85200FD
:2020B000EC1C761F02E39212ED0E92179B64D5058F00B8CA767E2D43761F02E3520056B026
:2020C00001126F1192179B55D5058F00B8CA767E2D315200EC086F04761F02E32B0A761F9A
:2020D00002E32B12FE828BBE00068F006FC04BCCEF18761F02EE93325303EC0FD0094794D4
:2020E000EE09767DD8675201ED0C761F02E592106F04761F02E69208761F02E3962A000683
:2020F000761F02E32B2A0006761F02EE93325303ED21761F02EB1B2101F4671C761F02E39D
:20210000932C53C869170A09540967172B09761F02809A009B0156BF0916767E3219761FEE
:2021100002E39A09932C761F02805C16767DAD760006761F02E32B090006BE177700000EB5
:20212000FFFFFF69000676228F406F808AA576806FC0DC1C18C4FFFE8AA5DC16DD1A18C4C4
:20213000FFFC8AA6DC0A1AC400011AC50001761ADE0C1AC600025200ED06761F01BF1A0CA3
:2021400000016F05761F01BF1A0A0001FF69767E211D8F006FC083A4DD0A1AC50002767E55
:20215000211DDC0C1AC40002000680A99B80D00792A8CEA7767E2123FFD00008FFFB00068A
:2021600076228F006F8083A4DD1C1AC5000183A4DD16DC1A18C5FFFC18C4FFFE761AFF6990
:202170008F406FC08AA5DC0C1AC40002767E211D8AA5DC0A1AC40002767E211DD0089A008F
:20218000761F01BFCD9500011A0C0002530056B001A90006AABDB600D20792A7FF8080A97F
:20219000767E216093A795A980A8000AFFF892A786BE000676228F406F808AA5DC1C18C43D
:2021A000FFFE8AA5DC1618C4FFFCDD1A8F006FC0C4A4DE0A1AC600011AC50001761AFF696C
:2021B000767E211DDC0C761F01BF1AC400011A0A0002767E211D1A0A00010006767E211D0C
:2021C00076228F406F808AA5DC1C18C4FFFE8AA5DC16DD1A18C4FFFC8F006FC0C4A4DE0AAC
:2021D0001AC600011AC50001761A761F01BFFF691A0A00011A0A0002767E211D767E211D32
:2021E000767E211DDC0C1AC40001767E211D1A0C00020006761F01BF1A0A0001767E216097
:2021F0000006B2BDAABDA2BDFE0488A859A993A9CCA8FF8054A8EC0A9EA19B8095A99743CD
:20220000924354A669047E436F022B4392A682A48D806FC29E4393A98AA2FFD69742DC0271
:20221000CDA9FF809EA896411AC400209243EC19934392A18AA3767DD4BB52009644EC08EC
:202220001AC200209A02767DD4B192446F3E92A1944359A99243FFC088A9A2A90DA682A911
:202230009242EC1B9CFF5AA99B8092A18AA3767DD4BB52009642EC0A761F01BF9A021A02EB
:202240000020767DD4B192426F209B8092A1DB4094A859A9000AFFEA9241EC12934192A111
:202250008AA3767DD4BB59A95200EC0A761F01BF9A021A020020767DD4B192A16F06761F93
:2022600001BF9A001A020020FE8482BE86BE8BBE0006AABDB60028AB0001D20892A7FF80F0
:2022700080A9767E216093A795A980A8000AFFF81BA701FFEC0892AB28AB0001B60072AB75
:20228000520568EC86BE0006761F02D6960128A9FEFF767E31ED5200ECFB0006B2BDAABD50
:20229000A2BD82A4767E21BE27A99AA25AA8767E2155767E21EA5201EC1A92ABFFC7767E0F
:2022A0002155767E21EA5201EC12CCAB00FF767E2155767E21EA5201EC0A767E21BE9AA320
:2022B000767E2155767E21EA5201ED039A016F2892A2EC229CFFDA81D10027A9767E218AB8
:2022C00040A188A9EE0893A1FFD058A8560308A696936F0992A1FFC080A9A2A90DA78AA9FE
:2022D00092A672C492AB54A169049A00767E2123D901000AFFE59A01767E21239A00767EE6
:2022E000219A82BE86BE8BBE0006B2BDAABDA2BDFE0A974896497C472841FFFF9248EC461F
:2022F000D1009A01767E228492A19348944988A99A0294A155A956B702A267039FA15AA880
:202300005CAD92A693A2DC85767E228E5200EC069A02767DD4B19A016F4392A2EC249CFFBE
:20231000D3005AA940A1EF1392A35CADFFC0DC8558A9929490FF724692489CFE54A1690F47
:2023200092469341767D97AC96416F0992A35CADFFC0DC8558A9CC94FF009646D901DB011C
:20233000000AFFE2924854A166BD9A02767E22849346924754A8ED135CAD5DADDC81DD81FE
:20234000767D978D9241FFC788A956030841CAA693A9924754A8ED039A046F029A00FE8A58
:2023500082BE86BE8BBE0006B2BDAABDA2BD82A4767E21BE27A9FFC65AA8907E50A0767EE3
:202360002155767E21EA5201EC16CCAB00FF767E2155767E21EA5201EC0E92A2EC139CFF99
:20237000D1005AA9CC9B00FF767E2155767E21EA5201ED05767E219A9A016F0DD901000ABB
:20238000FFF3767E219A8F001387767E211D000CFFFE9A0082BE86BE8BBE0006761F02EA4A
:20239000922A00069A0000069A0000069A000006761F02EC92060006761F02EA923200061F
:2023A000761F02EA92200006761F02EA3B0134250659FF4C0006761F02EA922D0006761F43
:2023B00002EB92060006761F02EA921F0006761F02EA920C0006761F02EA92340006761F43
:2023C00002EA920F0006761F02EA92300006761F02EA922C0006761F02EA92050006761F29
:2023D00002EA92050006761F02EA92150006761F02EA92060006761F02EA92140006761F55
:2023E00002EA921D0006761F02EA921D00069A000006761F02EA92260006761F02EA9229EB
:2023F00000063B10761F02EA962C2910FF690006767E181C761F02EA56BF022F0006B2BD2E
:2024000059A93B105200EC25761F02EA9226ED508F006800D00B83A42B9492A1DD0BD00BE8
:202410001AC50060DC0F1AC400038F00684083A42B94DD0BDC0F1AC500601AC4000352033C
:20242000ED37761F02BC923F761F02EA96056F308F006800D00B83A428940555D00CDD0FC2
:2024300028940555D00918C5FFFC8F406840C4A52894FFFFD00ADE0F2894FFFFD00B289512
:202440000555D00C28950555D00918C6FFFC2895FFFFD00A2895FFFF7622DC18DD181AC4CE
:2024500000041AC50004761AFF69767E23F8792629108BBEFF690006761F02EA02002B132E
:202460002B0C56BF020B1E381E361E34767E18C70006B2BD59A93B105200EC34761F02EA7F
:2024700092089619920796229229ED208F006980D00B761F01A62B94D00BCC94FFEF502003
:20248000D00C960BCC0BFF7F5040960B2B94D00CCC94FEFF1AA90200960CDC0FCC0CF7FF21
:202490001AA90400960C18C4FFFC761F02EA92295202ED2B761F02BC923F761F02EA960603
:2024A0006F2476228F006980D014761F01A683A4CC94FFFE5002DD189614CC14FFFB5008B2
:2024B00096141AC50004761AD00BFF6928940555D00C28940555DC0F18C4FFFC2809FFFFB3
:2024C000280AFFFF767E245C761F02EA792929108BBEFF690006767E1877761F02EA922E81
:2024D000767E17D8761F02EA921B767E17DC761F02EA9227767E17E0761F02EA56BF022F08
:2024E0000006767E1815761F02EA56BF022F0006767E188F9A14767E17E4761F02EA56BF1A
:2024F000022F0006767E18C0761F02EA56BF020B0006767E18330006B2BD761F02E92D3D82
:2025000035079C6459A9767DFBD793A155A9652976228F006980D014761F01A6CC94FFFE6B
:2025100050029614DC181A14000C1AC40004761A761F02EC9211761F02EA540C562A050C77
:2025200065020A0C920C52366422761F02EC92119CF2761F02EA93A9920C567400A86F186A
:2025300076228F006980D014761F01A6CC94FFFE50029614DC18CC14FFFB500896141AC454
:202540000004761A761F02EA56BF010C9A01761F02EC9311761F01A697099FA9970A8BBE74
:20255000FF69000676228F006980761F01A683A4DD14DC181AC50003CC14FFFB50089614E7
:202560001AC40004761A9B32FF69761F02EC921100FE3354523656B436A99311761F01A6B8
:202570009FA99709761F02EC9211761F01A6960A00060000010C02180324042F053B06464E
:202580000750085A09640A6D0B760C7C0D830E880F8D10901193129413941492158F168B57
:202590001785187D19741A691B5D1C4E1D3D1E2B1F161FFF20E721CB22AE238E246B2547A3
:2025A000261F26F527C9289929672A322AFA2BBF2C812D412DFD2EB52F6B301D30CC31785C
:2025B000322232C533673405349F353635C9365836E4376C37F0387138ED396539DA3A4B3B
:2025C0003AB73B203B843BE53C413C993CEE3D3D3D893DD13E143E533E8E3EC43EF63F24BE
:2025D0003F4E3F733F943FB03FC83FDC3FEB3FF63FFD3FFF3FFD3FF63FEB3FDC3FC83FB043
:2025E0003F943F733F4E3F243EF63EC43E8E3E533E143DD13D893D3D3CEE3C993C413BE597
:2025F0003B843B203AB73A4B39DA396538ED387137F0376C36E4365835C93536349F3405D5
:20260000336732C53222317830CC301D2F6B2EB52DFD2D412C812BBF2AFA2A322967289966
:2026100027C926F5261F2547246B238E22AE21CB20E71FFF1F161E2B1D3D1C4E1B5D1A6990
:202620001974187D1785168B158F149213941294119310900F8D0E880D830C7C0B760A6D1E
:202630000964085A07500646053B042F03240218010C0000FEF4FDE8FCDCFBD1FAC5F9BA6A
:20264000F8B0F7A6F69CF593F48AF384F27DF178F073EF70EE6DED6CEC6CEB6DEA71E9756F
:20265000E87BE783E68CE597E4A3E3B2E2C3E1D5E0EAE001DF19DE35DD52DC72DB95DAB902
:20266000D9E1D90BD837D767D699D5CED506D441D37FD2BFD203D14BD095CFE3CF34CE8829
:20267000CDDECD3BCC99CBFBCB61CACACA37C9A8C91CC894C810C78FC713C69BC626C5B52A
:20268000C549C4E0C47CC41BC3BFC367C312C2C3C277C22FC1ECC1ADC172C13CC10AC0DC87
:20269000C0B2C08DC06CC050C038C024C015C00AC003C001C003C00AC015C024C038C050E2
:2026A000C06CC08DC0B2C0DCC10AC13CC172C1ADC1ECC22FC277C2C3C312C367C3BFC41B6E
:2026B000C47CC4E0C549C5B5C626C69BC713C78FC810C894C91CC9A8CA37CACACB61CBFB10
:2026C000CC99CD3BCDDECE88CF34CFE3D095D14BD203D2BFD37FD441D506D5CED699D7675E
:2026D000D837D90BD9E1DAB9DB95DC72DD52DE35DF19E001E0EAE1D5E2C3E3B2E4A3E59714
:2026E000E68CE783E87BE975EA71EB6DEC6CED6CEE6DEF70F073F178F27DF384F48AF59367
:2026F000F69CF7A6F8B0F9BAFAC5FBD1FCDCFDE8FEF40000010C02180324042F053B0646F9
:202700000750085A09640A6D0B760C7C0D830E880F8D10901193129413941492158F168BD5
:202710001785187D19741A691B5D1C4E1D3D1E2B1F161FFF20E721CB22AE238E246B254721
:20272000261F26F527C9289929672A322AFA2BBF2C812D412DFD2EB52F6B301D30CC3178DA
:20273000322232C533673405349F353635C9365836E4376C37F0387138ED396539DA3A4BB9
:202740003AB73B203B843BE53C413C993CEE3D3D3D893DD13E143E533E8E3EC43EF63F243C
:202750003F4E3F733F943FB03FC83FDC3FEB3FF63FFD3FFFB2BD8D40AD5A767E105056037D
:2027600001A99003CDC1FFFDCAA896C1767E0FF7560302A99007CDC1FFFBCAA896C1767EEF
:20277000104C9001FF82CDC1FFF7CAA896C1767E10039001761F02C7FF83CDC1FFEFCAA828
:2027800096C14125EE0D761F02E992275201ED08761F02EE9232EC041AC900086F05761FD3
:2027900002B5181BFFF78BBE0006767DFEAF761F02C552019625ED0E9222EC08761F02EEC8
:2027A00092325205EC035202ED059A009B03767E3219761F02C5922596220006767DFE9DF3
:2027B000761F02C552019620ED0E922BEC08761F02EE92325205EC035202ED059A009B02EC
:2027C000767E3219761F02C59220962B00063B10761F02C58F3E257956BF402D56BF802C90
:2027D00056BFC0272826010028280140282A018056BF6029282E030056BF2F23761F02EA5B
:2027E000A83A761F02EA8F3E25DAA83C761F02EC281109282910FF6900063B10761F02C58B
:2027F0008F3E257956BF402D56BF802C56BFC0272826010028280140282A018056BF6029CE
:20280000282E030056BF2F23761F02EAA83A761F02EA8F3E25DAA83C761F02EC2811092877
:202810002910FF690006761F02C592245201ED57761F02C792105202ED52761F02EE92327C
:202820005201ED4D761F02E61B080FA069481B08196467451B08157C6622761F02C50A2FEE
:20283000922F520A691A767DD3B01BA91388EC11761F02B128A94E2056BF012D767E19EB54
:2028400028A91388767DD5799A059B01767E3219761F02C52B2F2B242B300006761F02C58F
:202850000A309230520A691A767DD3B01BA91770EC11761F02B128A9411B56BF012D767E23
:2028600019EB28A91770767DD5799A059B01767E3219761F02C52B302B242B2F0006FE02DB
:20287000761F02EE92325205ED2A767E23E95203ED26761F02E90E3D1E42761F02EB025E1C
:202880001EAC5644003A00FE3301FF5C64071BA903E8650528A903E86F029A00BE053B01C3
:2028900085A9C24200FE3301761F02C554216205542163080B216F060A216F04761F02C511
:2028A0002B21FE820006B2BD767E0275767E03D49A00767E31ED59A941A1EF1A767E025CB6
:2028B000767DF961767E01DE767DFD1C767E03AC767E01E29A03767E01889A03767E03793B
:2028C0009A03767E027C767E02D3767E27AE44A1EF22767E03C2767DF9E8767E0230767DBB
:2028D000FD20767E04E7767E0234767DF9FE767E0258767DFE63767E02539A03767E020555
:2028E0009A03767E04B89A03767E03DB767E042E767E279545A1EF0F767DFAC3767E00C2FC
:2028F0009A0A767E008E767E0056767E00749A96767DFFFB40A1EFAD9A0A767E005A767E70
:2029000000749A96767E00439A05767E0260767E02D3767E27AE9A05767E03C6767E042ED3
:20291000767E2795767E2813767E275A767E286F761F02C792015202ED8C761F01A092043E
:20292000761F02C77203761F01A59204761F02C77204761F02C756BF0301FFEFFF7B761BAF
:20293000ABBDA8BDA0BDC2BDC3BDFF6929425616761F01A80624BE5B761F02B629011E16F3
:20294000761F02B787A60334761F02B1564400A9FF4C962B1BA937CE68191BA96F9B66169A
:20295000961D761F02B60616761F02B71E30761F02B60616761F02B71E34761F02B01A2A1B
:202960000020761F02B01A1200048F006A2083A4761F0033DD18DC151AC500031AC400080A
:2029700056BF0821C5BEC4BE83BE8ABE87BE76177602761B0005ABBDA8BDA0BDC2BDC3BD72
:20298000FF69294256169A00767E2C49761F003328210100C5BEC4BE83BE8ABE87BE00030D
:2029900076177602761B0005ABBDA8BDA0BDC2BDC3BDFF69294256169A00767E2C8D761F48
:2029A000003328210100C5BEC4BE83BE8ABE87BE000376177602761B0005ABBDA8BDA0BDFF
:2029B000C2BDC3BDFF69294256169A01767E2C49761F003328210100C5BEC4BE83BE8ABE25
:2029C00087BE000376177602761B0005ABBDA8BDA0BDC2BDC3BDFF69294256169A01767E1D
:2029D0002C8D761F003328210100C5BEC4BE83BE8ABE87BE000376177602761B29425616D9
:2029E000761F01A91A1800031A1500087617761F003356BF08217602761B0005ABBDA8BDBE
:2029F000A0BDC2BDC3BDFF6929425616761F02EE2B059A219B01D421761F028056BF2116C8
:202A0000761F02B01A1E0002761F02B01A120001767DAD767622761F01A71A1700041A1770
:202A10000001761A761F003356BF0221C5BEC4BE83BE8ABE87BE000376177602761B29423E
:202A200056167617761F003356BF02217602761B0005ABBDA8BDA0BDC2BDC3BDFF69294293
:202A30005616761F01804F22EF079222901F5201ED03767E080D761F01804F22EF079222BD
:202A4000901F5202ED03767E09DC761F01804F22EF079222901F5204ED03767E09D6761F1C
:202A500001804F22EF079222901F5207ED03767E09D0761F01804F22EF149222901F5208BE
:202A6000ED10761F02C79210ED0A761F01BF4D00EE04767D86126F03767D865F767E09C933
:202A7000761F01804F22EF079222901F5209ED03767E09C2761F01804F22EF079222901F7C
:202A80005206ED03767E08BB761F01804F22EF079222901F5205ED03767E0903761F0180FA
:202A90004F22EF079222901F5203ED03767E094B761F01804F22EF069222901FED03767E0C
:202AA000098F0200761F018019011E0C020019011E08761F003328210100C5BEC4BE83BE88
:202AB0008ABE87BE000376177602761B2942561676256F00761B2942561676256F00761BFC
:202AC0002942561676256F00761B2942561676256F00761B2942561676256F00761B294235
:202AD000561676256F00761B2942561676256F00761B2942561676256F00761B2942561624
:202AE00076256F00761B2942561676256F00761B2942561676256F00761B294256167625E5
:202AF0006F00761B2942561676256F00761B2942561676256F00761B2942561676256F0001
:202B0000761B2942561676256F00761B2942561676256F00761B2942561676256F00761BCE
:202B10002942561676256F00761B2942561676256F00761B2942561676256F00761B2942E4
:202B2000561676256F00761B2942561676256F00761B2942561676256F00761B29425616D3
:202B300076256F00761B2942561676256F00761B2942561676256F00761B29425616762594
:202B40006F00761B2942561676256F00761B2942561676256F00761B2942561676256F00B0
:202B5000761B2942561676256F00761B2942561676256F00761B2942561676256F00761B7E
:202B60002942561676256F00761B2942561676256F00761B2942561676256F00761B294294
:202B7000561676256F00761B2942561676256F00761B2942561676256F00761B2942561683
:202B800076256F00761B2942561676256F00761B2942561676256F00761B29425616762544
:202B90006F00761B2942561676256F00761B2942561676256F00761B2942561676256F0060
:202BA000761B2942561676256F00761B2942561676256F00761B2942561676256F00761B2E
:202BB0002942561676256F00761B2942561676256F00761B2942561676256F00761B294244
:202BC000561676256F00761B2942561676177602761B2942561676256F00761B2942561638
:202BD00076256F00761B2942561676256F00761B2942561676256F00761B294256167625F4
:202BE0006F00761B2942561676256F00761B2942561676256F00761B2942561676256F0010
:202BF000761B2942561676256F00761B2942561676256F0093A9761F02BC90FFFFD7962532
:202C00009726000688A880A98F40AF300EA7FF32560100A592C55201ED039A016F173B1002
:202C1000761F02BC56BF0127A8D57ECD56BF01C58AD5FF6992C4767E2BFA92A756BF0124C8
:202C20009326767E30D929109A00FF690006B2BD80A888A98D40AF300EA6FF32560100A14C
:202C300092C15201ED039A016F123B10A8D17FC956BF01C18AD1FF6992A693C4767E30D9A0
:202C40000201560100D10BC929109A008BBEFF690006B2BDAABD59A98D80AF300EA1FF3247
:202C5000560100A292A1767E30B55200ED3492A1767E310892CAED0A92A1ED04761F02BCC2
:202C60002B272BC2767E30EA6F26761F02BC9227EC1992A1ED1792245201EC0C8AD292C477
:202C7000767E2BFA92A156BF01249326767E30D96F12932592A1767E30D9761F02BC2B24FD
:202C80006F068AD292A193C4767E30D90201560100D20BCA86BE8BBE0006B2BDAABD59A970
:202C90008F00AF340EA1FF32560100A492A186C4767E30C15200ED0B92A1767E311292A18E
:202CA000767E30CD9B028AA2767E31B386BE8BBE000683A43B100EA98F00AF34FF69FF32BB
:202CB000560100A48AC4767E319C29109B00FF69520256B101A892A800060EA98F00AF3055
:202CC000FF32560100A492C40006B2BDAABD59A588A883A40EA98D80AF308F00AF28FF3207
:202CD000560100A4560100A292A6A8E2767E31962BC22BCA79F286BE8BBE0006FF588AA909
:202CE000ED039A0000069A009B400FA46806A8A92901FF49093F6F0FFF2F10000FA46806C6
:202CF000A8A92901FF4B09FF6F06A8A92901FF4DFF1003FF1EA7BE042901A8AB0200F61F8F
:202D0000561700A7A9A907A7FF401EA7000EFFF792A700065DA992A82BAC94A580A99A0144
:202D100094A788A992A5ED0A5300ED039A0000069A02DD0194A788A96F045300ED02DE812C
:202D200092A6EC0E9CFFD00088A992A554A0EC05350A94949CD02DA9D801000EFFF892ACE4
:202D3000000680A888A993A592A754A666049A0096C46F030AC492C455A966049A012BC4D3
:202D400000069A00000680A888A993A592A754A668049A0096C46F030AC492C455A96604AB
:202D50009A012BC400069A00000688A992A5804355A6680654A666049B0097C46F030AC405
:202D600093C492A754A866049A012BC400069A00000688A992A5804355A6680654A6660435
:202D70000AC493C46F039B0097C492A754A866049A012BC400069A00000688A55DA82DA9DF
:202D800093A6A8AB92A894A588A99A0194A658A992A5ED085300EC2E9A02DD0194A658A9DF
:202D90006F045300ED02D88192A0EC249CFF5CA992A09EA55201EC149B0A92AC00FE33CE89
:202DA0009B3095A980A80EA0A9A61901560100A60EAC7FC6BE0AF60F1FA62DA96F080EA042
:202DB000A9A61901560100A656BF2EC6D881000CFFE10006767DD3D45200EC3F761F02ECAF
:202DC0009214ED1C761F02E70E2A761F02ED560100068F000E10A8AC0200A306F61F56177F
:202DD00000A4A908564400AB5641000602005657001E56400020A91E1E20767DD8675200A0
:202DE000EC1C761F02E60614761F02ED5601000C8F000E10A8AC0200A30CF61F561700A475
:202DF000A90A564400AB5641000C02005657001656400018A9161E18761F02ED9201EC0EAF
:202E000002001E081E065633A91E1E205633A9161E1802001E0A1E0C2B010006767DD3D43A
:202E10005200EC48761F02EE92325203EC055202EC035205ED3F761F02B1921EEC1C761F32
:202E200002E40618761F02ED560100108F000E10A8AC0200A310F61F561700A4A90E564476
:202E300000AB5641001002005657001256400014A9121E14767DD85B5200EC1C761F02E4DD
:202E40000600761F02ED560100048F000E10A8AC0200A304F61F561700A4A902564400ABCD
:202E50005641000402005657001A5640001CA91A1E1C761F02ED9200EC0E02001E0E1E10E3
:202E60005633A9121E145633A91A1E1C02001E021E042B0000065201ED06761F01C1CC1563
:202E700000806F05761F01DDCC150080FFC60006761F01DD9214FFC6FF5E90010006761F48
:202E800001C19214FFC6FF5E90010006761F01DD9215FFC5FF5E90010006761F01C1921541
:202E9000FFC5FF5E90010006761F01DDCC1700FF0006761F01C1CC1700FF0006520188A84D
:202EA000EC0D5200ED14761F01DDCCA60001CD11FFDFFF84CAA896110006761F01C1CCA6B9
:202EB0000001CD11FFDFFF84CAA896110006761F01DD1A14000196190006761F01C11A14C7
:202EC000000196190006761F01DD1814FFFE0006761F01C11814FFFE0006761F01DD181475
:202ED000FFFD0006761F01C11814FFFD0006761F01DD1A1400020006761F01C11A1400022B
:202EE00000060006000600060006761F01DD520256BF071056BF0311EC075204ED092B121C
:202EF00056BF91136F0556BF021256BF491356BF031456BF23110006761F01C1520256BFC0
:202F0000071056BF0311EC075204ED092B1256BF91136F0556BF021256BF491356BF031402
:202F100056BF23110006761F02BC923A000688A9761F02EE5DA89203EC16761F02EE923292
:202F20005203ED11761F02BC8F00AF3C28A803E8923F767E2D315200EC489A009B05767EDF
:202F300032196F43761F02EE92325205EC0C761F02E92D3D310792AB1BA903E8671A28A98C
:202F400003E86F17761F02EE921F5201ED05761F02E592126F04761F02E592371BA90320C6
:202F5000670328A9032028AC00B5290130A9FF4608A9FC18761F02EE54A6562A08A69232FC
:202F60005205EC075203EC05761F02BC2B3C6F0D761F02BC8F00AF3C93A6923F767E2D3162
:202F70005200EC039A0100069A000006B2BDAABD5AA5761F02BC5DA859A493A9923AED1A86
:202F8000923F8F00AF3D767E2D435200ED0C761F02BC8F00AF3B93A15DA2923F767E2D4302
:202F90005200EC14761F02BC56BF013A2B3D2B3B6F0D9AC88F00AF3D9FA9923F767E2D319A
:202FA0005200EC04761F02BC2B3A86BE8BBE0006761F02BC963F973E00063B108F00AC1AE1
:202FB000D0082B94D00E2B94D0142B94D0202B942910FF6900063B108F00AC1AD00956BF46
:202FC0000194D00856BF1494D00F56BF0394D00E56BF2894D01556BF0794D01456BF289443
:202FD000D02156BF0B94D02056BF64942910FF690006B2BD767DF7AA767E24CB767E24E8B2
:202FE000767E0FE8767E24F2767E32809B0028A9012C8F3DC20A767E323D8D40AC1A9B0173
:202FF00028A9012C8F3DE6202BD956BF28D1767E323DD0099B0228A9012C8F3E28A356BF5B
:203000000191D00856BF1491767E323DD00F9B0328A9012C8F3DD23B56BF0391D00E56BF39
:203010002891767E323DD0159B0528A9012C8F3DEF6756BF0791D01456BF2891767E323D1D
:20302000D02156BF0B918F3D974E9B0428A9012CD02056BF6491767E323DD01B56BF0D91A5
:20303000D01A56BF1091767E32598BBE00065200EC445201EC2A5202EC0392A86F573B1099
:20304000761F02EC56210011FF69ABA6761F02B328AC119432A80200F61F561700A693371B
:2030500092AB00FE33CE761F02B388A99319761F02B395A69D020EA8F60F1F3793A99D01EE
:203060002DA812379EA66F2C3B10761F02EC56210011FF69ABA6761F02B328AC119432A8A7
:203070000200F61F561700A6931892AB00FE33CE93A992189EA86F143B10761F02EC56213B
:203080000011FF69ABA6761F02B328AC119432A80200F61F561700A692AB94199C01761F83
:2030900002B3931800FE33CE2910761F02C51B34FFFFEC063B1096327C337D316F053B10BE
:2030A00096347C367D352910FF690006B2BD767E30379A012DA4FF66FF5E59A992A1767E1A
:2030B00031ED5200ECFC8BBE00065201ED04767E2E7F00065200EC039A000006767E2E78F3
:2030C00000065201ED04767E2E8D00065200EC039A000006767E2E8600065201ED04767E2A
:2030D0002E9900065200EC039A000006767E2E9400065201EC075200ED0D92A8767E2EB7D1
:2030E0000006761F02B32B257700FF6992A8767E2EBD00065201EC065200ED06767E2EC3C3
:2030F0000006767E2EC800065201EC065200ED06767E2ECD0006767E2ED200065201EC060C
:203100005200ED06767E2ED70006767E2EDC00065201EC065200ED06767E2EE10006767EE0
:203110002EE200065201EC065200ED06767E2EE30006767E2EE400065201EC075200ED085B
:2031200092A8767E2EE5000692A8767E2EFC0006761F02B0CC12000F58A9EC058F00B3582A
:2031300092940006921290F0EC0ACC1200F08F00B358FFC358A992949C040006CC120F0055
:20314000EC0ACC120F008F00B358FFC758A992949C080006CC12F000EC0992128F00B3585A
:20315000FFCB58A992949C0C00069A0500063B10FF69767E312828AC0006761F02B08F006B
:20316000AC1A9610761F02B09611761F02B03010761F02B0560100A4A814003F2910FF6990
:2031700000068F00AC1ABE0502001EC42BD42BDC2BE428ECFFFFDC06000EFFF900068F0099
:20318000D000761F02B0A8180006761F02B02B120200761F02B02B11761F02B02B10761F32
:2031900002B01E14761F02B01E160006A0C4A0D4A0E42BF496FC000692F4ED039A0200068F
:2031A000C4D492C696C50BF480FCA3E4A9A90DA7C4D419010FA6EC0506A609011ED46F024B
:2031B000A9D49A00000680FC88A992A754F4EC1383C47EC50AF480FCA3E4A9A90DA7C4C49C
:2031C00019010FA6EC0506A609011EC46F02A9C49A0000065301EC115302ED1EA3E48AC493
:2031D000A9A90FA4EC03DC816F060EA7A9A41901560100A47EC46F1083C47EC580FCA3E4B4
:2031E000A9A90DA7C4C419010FA6ED03A9A66F02DE01C2C4C2D49A010006B2BDAABD59A94E
:2031F0003B10761F02B08A1693A1FF5F5AA879EC92E4CEA2EC0593A1C1E429106F17761F90
:2032000002B09A012D11761F02B0FF66FF5EC0122910FF69767E31573B10761F02B08A16F9
:2032100093A192E4C1E42910CEA286BE8BBEFF69000680A888A93B109A062DA68F00AC1A3F
:2032200036A92DA7560100A49A01FF6698E493ECFF5FCFE4EC079B012DA6761F02B0FF67C5
:2032300099122910FF6900063B10761F02B08A1692E42BE42910FF690006B2BD761F02B018
:2032400059A883180EA956010018767E332B9A062DA18F40AC1A761F02B036A9560100A535
:203250009A01A8C5FF662BD52BDD2BE598128BBE0006767E3128761F02B028AC00068F00E3
:20326000AC1A961096113010560100A4A814A816767E32CB0006767E3128761F02B0961055
:2032700092115410EC0D921028AC00068F00AC1A96113010560100A4A814767E32FE0006A5
:20328000767E317F767E3185767E3171000628AD0000FF69561F5616561A2940761F0000B8
:203290002902761B762228A9000028A8003F0901611B76FF000029046F0F9B0024A9DF01FC
:2032A0006C04290424A8DF011EA6F7A1248606A781A109011EA724A96303FF5C3B0459A952
:2032B000DF010009FFEC761A28A9FFFF28A8FFFF0901610E76FFFFFF6F06DF01C3BD1EA777
:2032C0003E67C5BE24A9DF0124A8FF5860F7767E3397767E33B2761F02B0C41606C696ADD8
:2032D000000787BEC5BEC4BE83BE8ABE82BE86BE000376017602761B76090005AABDA2BDB3
:2032E000A8BDA0BDC2BDC3BDABBD0004761F02B0C41692AD1EC6761F02B0C51406C796AD2D
:2032F00006141E16000787BEC5BEC4BE83BE8ABE82BE86BE00037601761776020007000785
:203300006FE629022904565FFF5A0642565F1E420200F61F5617004206AB563229027620D5
:2033100029022904565FFF5A0642FF561E420200F61F56170042563229027620FF5A0200D0
:20332000F61F56170042A9A97620FF5A0200F61F5617004276202B852B852B852B852B85BC
:203330002B852B852B8528850A0A2B852885010E2B85A8A99685978528850A0A2B852B85E7
:203340002B852B852B852B852B852B852B852B852B852B852B852B852B852B852B852B856D
:203350002BC5DD028AA500065CA871A997A63B0185A9FF565DA985A4FF565CA992A5F60F7A
:203360001FA44FA66C02FF5C762096A65CA83B0185A9FF565DA985A4FF565CA992A5F60F72
:203370001FA44FA66C02FF5D92A87620FF5A8EA4C5A492ABEC079CFF88A992859687000EB9
:20338000FFFE92AB88A9A9A90FA6EC1093AAEC0EA9A99DFF5CA876BFFFFE92859687000E22
:20339000FFFE92859687000CFFF88AA0000628ABFFFF28AAFFFF28A9FFFF28A8FFFF0FABC1
:2033A000ED04BE00D4006F098AA928A9FFFF28A8FFFF88C409028AA992A6767E2FD900067E
:2033B00077006F00B2BD761F02C559A9C53A3E67761F02C5C53E06A7EC0392A13E67761F3E
:2033C00002C5063CEC031EA73E67767E33B08BBE000697A69B00F60F1FA6762097A69B0055
:1A33D000F60F1FA692A87620761F02C5A8380006761F02C5A83A00060006BD
:02000004003FBB
:20000000FFFFAC5900000000FFFFAC5A00000000FFFFAC5B00000000FFFFAC5E00000000CC
:20001000FFFFAC5F00000000FFFFAC6000000001FFFFAC6200000000FFFFAC6300000000A3
:20002000FFFFAC6400000000FFFFAC6D00000000FFFFAC7200000000FFFFAC7E0000000057
:20003000FFFFAC8A00000000FFFFAC9400000000FFFFACA300000000FFFFACA500000000A2
:20004000FFFFACA6000009C4FFFFACA700001388FFFFACA800000000FFFFACA900000000F2
:20005000FFFFACAA00000000FFFFACAB00000000FFFFACAC000012C0FFFFACAD0000000167
:20006000FFFFACAE00000000FFFFACAF00000000FFFFACB000000000FFFFACB1000000001A
:20007000FFFFACB200000000FFFFACB3000000C1FFFFACB400000000FFFFACB50000000039
:20008000FFFFACB600000000FFFFACB700000000FFFFACB800000000FFFFACB900000000DA
:20009000FFFFACBA00000000FFFFACBB00000000FFFFACBC00000000FFFFACBD00000000BA
:2000A000FFFFACBE00000000FFFFACBF00000000FFFFACC000000000FFFFACC1000000009A
:2000B000FFFFACC200000000FFFFACC300000028FFFFACC400000000FFFFACC50000000052
:2000C000FFFFACC600000000FFFFACC700000000FFFFACC800000000FFFFACC9000000005A
:2000D000FFFFACCA00000000FFFFACCB00000028FFFFACCC00000000FFFFACCD0000000012
:2000E000FFFFACCE00000000FFFFACCF00000000FFFFACD000000000FFFFACD1000000001A
:2000F000FFFFACD200000000FFFFACD300000000FFFFACD400000000FFFFACD500000000FA
:20010000FFFFACD600000000FFFFACD700000000FFFFACD800000180FFFFACD90000000058
:20011000FFFFACDA00000000FFFFACDB00000000FFFFACDC00000000FFFFACDD00000000B9
:20012000FFFFACDF00000000FFFFACE000000000FFFFACE100000000FFFFACE20000000095
:20013000FFFFACE300000002FFFFACE400000005FFFFACE500000000FFFFACE6000000026C
:20014000FFFFACE700000000FFFFACE800000000FFFFACE900000000FFFFACEA0000000055
:20015000FFFFACEB00000000FFFFACEC00000000FFFFACED00000000FFFFACEE0000000035
:20016000FFFFACEF00000000FFFFACF000000000FFFFACF100000000FFFFACF20000000015
:20017000FFFFACF300000000FFFFACF40000002FFFFFACF500000080FFFFACF60000010045
:20018000FFFFACF7000000C0FFFFACF800000000FFFFACF900000000FFFFAD0A0000000004
:20019000FFFFAD2300000000FFFFAD2500000000FFFFAD2C00000000FFFEAD3600000000FA
:2001A0000000FFFEAD3E000000000000FFFEAD42000000000000FFFEAD6A00000000000057
:2001B000FFFEAD6E000000000000FFFEAD70000000000000FFFEADD0000000000000FFFE86
:2001C000ADD2000000000000FFFEADE6000000000000FFFEADEC000000000000FFFEADEEE2
:2001D000000000000000FFFEADF6000000000000FFFEADFC000000000000FFFFB7400000D4
:2001E0000000FFFFB742000004B0FFFFB74300000000FFFFB74400000000FFFFB745000069
:2001F0000000FFFFB74600000000FFFFB747000004B0FFFFB74800000000FFFFB74A000048
:200200000000FFFFB74B00000000FFFFB7530000028AFFFFB75400000226FFFFB75600000E
:200210000065FFFFB75800000226FFFFB75900000352FFFFB75A00000258FFFFB75B000058
:2002200002BCFFFFB75F00000000FFFFB762000002EEFFFFB76700000000FFFFB7680000AC
:200230000064FFFFB769000008FCFFFFB76A00000064FFFFB76B00000000FFFFB76C000064
:200240000000FFFFB76F000002BCFFFFB77000000258FFFFB77100000000FFFFB7730000EF
:2002500002BCFFFFB77500000000FFFFB7760000050AFFFFB778000005A0FFFFB77900006C
:200260000000FFFFB77A00000000FFFFB77B00000000FFFFB77C00000000FFFFB77D0000BC
:200270000000FFFFB77E00000BB8FFFFB77F00000BB8FFFFB78000000000FFFFB781000016
:200280000000FFFFB78200000000FFFFB78300000000FFFFB78400000000FFFFB78500007C
:200290000000FFFFB78600000000FFFFB78700000000FFFFB78800000000FFFFB78900005C
:2002A0000032FFFFB78A000001F4FFFFB78B000001F4FFFFB78C00000190FFFFB78D00008F
:2002B0000000FFFFB78E00000000FFFFB78F00000000FFFFB79000000000FFFFB79100001C
:2002C0000000FFFFB79200000000FFFFB794000001F4FFFFB79500000000FFFFB796000004
:2002D0000000FFFFB79700000000FFFFB798000001F4FFFFB79900000000FFFFB79A0000E3
:2002E0000000FFFFB79B00000000FFFFB79C00000000FFFFB79D00000000FFFFB79E0000B8
:2002F0000000FFFFB79F00000000FFFFB7A000000000FFFFB7A100000000FFFFB7A2000098
:200300000000FFFFB7A300000000FFFFB7A400000000FFFFB7A600000000FFFFB7A7000075
:200310000000FFFFB7AA00000000FFFFB7AB00000000FFFFB7AF00000000FFFFB7B0000045
:200320000000FFFFB7B100000000FFFFB7B200000000FFFFB7B300000000FFFFB7B400001F
:200330000000FFFEB7B8000000000000FFFEB7BA000000000000FFFEB7BC00000000000063
:20034000FFFEB7BE000000000000FFFEB7C0000000000000FFFEB7C2000000000000FFFE44
:20035000B7C4000000000000FFFEB7C6000000000000FFFEB7C8000000000000FFFEB7CA9E
:20036000000000000000FFFEB7CC000075300000FFFFB7CE00000000FFFFB7DD0000000043
:20037000FFFFB7EC00000000FFFFB80000000000FFFFB80F00000000FFFFBA400000000059
:20038000FFFFBA410000021CFFFFBA420000021CFFFFBA43000001CCFFFFBA44000001A4C5
:20039000FFFFBA450000021CFFFFBA4600000000FFFFBA4700000004FFFFBA480000000A27
:2003A000FFFFBA4900000000FFFFBA4A000001CCFFFFBA4B0000000AFFFFBA4C000000025A
:2003B000FFFFBA4D00000000FFFFBA4E00000000FFFFBA4F00000000FFFFBA500000000013
:2003C000FFFFBA5100000000FFFFBA5200000000FFFFBA5300000000FFFFBA5400000001F2
:2003D000FFFFBA55000001CCFFFFBA5600000000FFFFBA5700000000FFFFBA58000001B84D
:2003E000FFFFBA5900000000FFFFBA5A00000000FFFFBA5B000000C8FFFFBA5C00000000EB
:2003F000FFFFBA5D00000000FFFFBA5E00000000FFFFBA5F00000000FFFFBA600000000093
:20040000FFFFBA6100000000FFFFBA6200000000FFFFBA6300000000FFFFBA640000000072
:20041000FFFFBA6500000000FFFFBA6600000000FFFFBA6700000000FFFFBA680000001E34
:20042000FFFFBA6900000000FFFFBA6A00000000FFFFBA6B00000000FFFFBA6C0000000032
:20043000FFFFBA6D00000000FFFFBA6E00000000FFFFBA6F00000000FFFFBA700000000012
:20044000FFFFBA7100000000FFFFBA7200000800FFFFBA7300000000FFFFBA7400000000EA
:20045000FFFFBA7500000000FFFFBA7600000000FFFFBA7700000000FFFFBA7800000000D2
:20046000FFFFBA7900000000FFFFBB8000000000FFFFBB8100000002FFFFBB82000000009B
:20047000FFFFBB8300000000FFFFBB8400000000FFFFBB8500000000FFFFBB8600001388DB
:20048000FFFFBB8700000000FFFFBB8800000001FFFFBB8900000000FFFFBB8A0000000055
:20049000FFFFBB8B00000000FFFFBB8C00000001FFFFBB8D00000000FFFFBB8E0000000035
:2004A000FFFFBB8F00000000FFFFBB9000000000FFFFBB9100000000FFFFBB920000000016
:2004B000FFFFBB9300000000FFFFBB9400000000FFFFBB9500000000FFFFBB9600000000F6
:2004C000FFFFBB9700000000FFFFBB9800000000FFFFBB9900000000FFFFBB9A00000000D6
:2004D000FFFFBB9B00000000FFFFBB9C00000000FFFFBB9D00000000FFFFBB9E00000000B6
:2004E000FFFFBB9F00000000FFFFBBA000000000FFFFBBA100000000FFFFBBA20000000096
:2004F000FFFFBBA300000000FFFFBBA400000000FFFFBBA500000000FFFFBBA60000000076
:20050000FFFFBBA700000000FFFFBBA800000000FFFFBBA900000000FFFFBBAA0000000055
:20051000FFFFBBAB00000000FFFFBBAC00000000FFFFBBAD00000000FFFFBBAE0000000134
:20052000FFFFBBAF00000000FFFFBBB000000000FFFFBBB100000001FFFFBBB20000000014
:20053000FFFFB9C000000001FFFFB9C100000000FFFFB9C600001D4CFFFFB9C700000080D7
:20054000FFFFB9C900000040FFFFB9CA00000000FFFFB9CB00000000FFFFB9CC00000E1037
:20055000FFFFB9CD00000005FFFFB9CF00000010FFFFB9D000000000FFFFB9D1000000005D
:20056000FFFFB9D200000E10FFFFB9D400000000FFFFB9D500000001FFFFB9D600000032FD
:20057000FFFFB9D700000000FFFFB9D800000000FFFFB9D900000000FFFFB9DD00000032F8
:20058000FFFFB9DF00000000FFFFB9E0000003CAFFFFB9E100000000FFFFB9E2000000012F
:20059000FFFFB9E300000000FFFFB9E400000000FFFFB9E900000001FFFFB9ED00000000D1
:2005A000FFFFB9EE00001388FFFFB9EF00000352FFFFB9F000000005FFFFB9F100000000AC
:2005B000FFFFB9F200000000FFFFB9F300000000FFFFB9F400000000FFFFB9F50000000081
:2005C000FFFFB9F700000384FFFFB9F900000001FFFFB9FA00000001FFFFB9FE00000000CE
:2005D000FFFFB9FF00000000FFFFBA0000000000FFFFBA01000010CCFFFFBA06000000004A
:2005E000FFFFBA0800000000FFFEBA0A000003E80000FFFEBA0C0000000A000AFFFEBA0EF3
:2005F000000000000000FFFEBA12000000000000FFFFA00000000028FFFFA00100000000BD
:20060000FFFFA00300000000FFFFA00400000000FFFFA00500000001FFFFA007000000004E
:20061000FFFFA00800000000FFFFA00900000000FFFFA00B00000000FFFFA00C000000002A
:20062000FFFFA00D00000000FFFFA00E00000000FFFFA00F00000014FFFFA0100000019A59
:20063000FFFFA01100000000FFFFA01200000058FFFFA01300000057FFFFA0140000002811
:20064000FFFFA01500000000FFFFA01600000000FFFFA01700000061FFFFA0180000000067
:20065000FFFFA01900000000FFFFA01A00000000FFFFA01B00000000FFFFA01E00000000A6
:20066000FFFFA01F00000000FFFFA02000000000FFFFA02100000000FFFFA0220000000080
:20067000FFFFA023000008FCFFFFA024000028A7FFFFA02500000000FFFFA026000000018C
:20068000FFFFA02700000000FFFFA02800000000FFFFA02900000000FFFCA02C0000000041
:20069000000000000000FFF2A030000000000000000000000258025801A404B008980000DC
:2006A0000000000000000000FFF0A04E00000000102120423063408450A560C670E7810878
:2006B0009129A14AB16BC18CD1ADE1CEF1EFFFFFB94100000000FFFFB94400001450FFFFBA
:2006C000B94500000000FFFFB9490000128EFFFFB94B000012F2FFFFB94C000013ECFFFF76
:2006D000B95700000A8CFFFFB958000003E8FFFFB95C00000384FFFFB95D00000AF0FFFFC4
:2006E000B95E00000000FFFFB95F00000000FFFFB96000000000FFFFB96100000000FFFFA0
:2006F000B96200000000FFFFB96300000000FFFFB96400000000FFFFB96500000000FFFF80
:20070000B96600000000FFFFB96700000000FFFFB96800000000FFFFB96900000000FFFF5F
:20071000B96A00000000FFFFB96C00000001FFFFB96D00000001FFFFB97000000000FFFF38
:20072000B97100000000FFFFB97300000000FFFFB97400000000FFFFB97A00000546FFFFC0
:20073000B97B00000384FFFFB97C00001450FFFFB97E000003B6FFFFB97F00000578FFFFB8
:20074000B98000000800FFFFB98100000800FFFFB983000013ECFFFFB9840000128EFFFF06
:20075000B98500000800FFFFB986000012F2FFFEB994000000000000FFFFB996000000006B
:20076000FFFFB99900000000FFFFB99C00000000FFFFB99F00000000FFFFB1800000000051
:20077000FFFFB18100000000FFFFB18500000000FFFFB18600000000FFFFB187000000009A
:20078000FFFFB18800000000FFFFB18A00000000FFFFB18C00000000FFFFB18D0000000072
:20079000FFFFB19000000000FFFFB1AA00000000FFFFB1AB00000000FFFFB1AE00000000FA
:2007A000FFFFB1B000000000FFFFB1B100000001FFFFB1B300000000FFFFB1B500000000B3
:2007B000FFFFB1B600000000FFFFB1B900000000FFFFB1BA00000000FFFFB1BB0000000C7D
:2007C000FFFFB1BC00000000FFFFB1BD00000000FFFFB1BE00000000FFFFB1BF0000000067
:2007D000FFFFB1C100000000FFFFB1C200000000FFFFB1C300000000FFFFB1C40000000043
:2007E000FFFFB1C700000000FFFFB1C800000000FFFFB1C900000000FFFFB1CC0000000019
:2007F000FFFFB1CD00000000FFFFB1CE00000000FFFFB1CF00000000FFFFB1D000000000F3
:20080000FFFFB1D300000000FFFFB1D400000002FFFFB20000000000FFFFB20C0000000065
:20081000FFFFB21800000000FFFFB28000000000FFFFB8C200000000FFFFB8C800000000DA
:20082000FFFFB8C900000000FFFFB8CA00000000FFFFB8CB00000000FFFFB8CC00000000B6
:20083000FFFFB8CE00000400FFFFB8D100000000FFFFB8D200000000FFFFB8D30000000088
:20084000FFFFB8D400000000FFFFB8E000000000FFFFB8E100000000FFFFB8E50000000046
:20085000FFFFB8E600000000FFFEB8F2000000000000FFFEB8F4000000000000FFFEB8F6F1
:20086000000000000000FFFEB8F8000000000000FFFEB902000000000000FFFEB904000059
:2008700000000000FFFEB912000000000000FFFEB914000000000000FFFEB9220000177077
:200880000000FFFEB924000017700000FFFEB926000000000000FFFEB928000017700000B6
:20089000FFFEB92A000017700000FFFEB92C000000000000FFFEB92E000000000000FFFE1E
:2008A000B930000000000000FFFEB932000000000000FFFEB934000000000000FFFEB93691
:2008B000000017700000FFFEB938000000000000FFFEB93A000000000000FFFFBA84000087
:2008C000021CFFFFBA8500000ED8FFFFBA8600000ED8FFFFBA8700000005FFFFBA8800002F
:2008D0000104FFFFBA8900000005FFFFBA8A00000104FFFFBA8B00000002FFFFBA8C0000ED
:2008E0000000FFFFBA8D00000000FFFFBA8E00000000FFFFBA8F00000000FFFFBA900000DE
:2008F0000000FFFFBA9100000032FFFFBA9200000012FFFFBA9300000000FFFFBA9400007A
:200900000000FFFFBA9500000000FFFFBA9700000000FFFFBA98000005C5FFFFBA990000D0
:200910000104FFFFBA9A00000004FFFFBA9B0000012CFFFFBA9C000004B0FFFFBA9D00008F
:200920000000FFFFBA9E00000032FFFFBAA100000018FFFFBAA200000005FFFFBAA5000002
:200930000000FFFFBAA600000000FFFFBAA700000780FFFFBAA800000000FFFFBAA90000A2
:200940000000FFFFBAAC0000056BFFFFBAAE00000030FFFFBAB200000000FFFEBAB4000058
:2009500000000000FFFEBAB6000000000000FFFEBAB8000000000000FFFFBB0400000000EE
:20096000FFFFBB0500000000FFFFBB0600000000FFFFBB0700000000FFFFBB080000000079
:20097000FFFFBB0900000000FFFFBB0B00000000FFFFBB0C00000000FFFFBB0D0000000056
:20098000FFFFBB1100000928FFFFBB1200000000FFFFBB1300000000FFFFBB1400000001F7
:20099000FFFFBB1600000000FFFFBB1700000000FFFFBB1800000000FFFFBB190000000005
:2009A000FFFFBB1A00000000FFFFBB1B00000000FFFFBB1C00000000FFFFBB1D000001E004
:2009B000FFFFBB1E00000000FFFFBB1F0000003CFFFFBB2100000001FFFFBB23000006A4DB
:2009C000FFFFBB2400000000FFFFBB25000007D0FFFFBB2600000000FFFFBB2700000BB803
:2009D000FFFFBB2800000000FFFFBB2900000000FFFEBB2A000000000000FFFEBB2C00007E
:2009E00000000000FFFEBB2E000000000000FFFEBB30000000000000FFFEBB34000000003D
:2009F0000000FFFEBB36000000000000FFFEBB38000000000000FFFFBAC000000000FFFF93
:200A0000BAC100000000FFFFBAC300000000FFFFBAC600000000FFFFBACA00000000FFFFE2
:200A1000BACB000028A7FFFFBACC00000019FFFFBACD000000FAFFFFBACE00000019FFFFB9
:200A2000BACF0000004BFFFFBAD3000028A7FFFFBAD500000000FFFFBAD600000000FFFF6F
:200A3000BAD700000000FFFFBAD900000000FFFFBADA00000000FFFFBADB00000000FFFF61
:200A4000BADC00000000FFFFBADD00000000FFFFBADE00000000FFFFBAE800000928FFFF06
:200A5000BAE900000011FFFFBAEC000028A7FFFFBAEE00000078FFFFBAF100000008FFFE93
:200A6000BAFC000000000000FFFEBAFE000000000000FFFEBB02000000000000FFFFBB4058
:200A700000000000FFFFBB4100000000FFFEBB42000000000000FFFEBB4400000000000076
:200A8000FFFEBB46000000000000FFFEBB48000000000000FFFEBB4A000000000000FFFE59
:200A9000BB4C000000000000FFFEBB4E000000000000FFFEBB50000000000000FFFCBB5229
:200AA00000000000000000000000FFFCBB5600000000000000000000FFFCBB5A000000001A
:200AB000000000000000FFFCBB5E00000000000000000000FFFFBB6200000000FFFFBB69D5
:200AC00000000000FFF9BB7000000016000100010006000000000000FFF9BB770000001695
:200AD000000100010006000000000000FFFFB16000000000FFFFB16100000000FFFFB162CE
:200AE00000000000FFFFB1630000002FFFFFB16400000001FFFFB16500000000FFFFB16678
:200AF00000000100FFFFB167000000C0FFFFB16800000140FFFFB16900000060FFFFB16A26
:200B000000000180FFFFB16B00000000FFFFB16C00000080FFFFB16D00000040FFFFB16E26
:200B100000000300FFFFB16F00000000FFFFB17000000000FFFFB38000000000FFFFB38122
:200B200000000000FFFFB38200000000FFFFB38300000000FFFFB38400000000FFFFB385E3
:200B300000000000FFFFB38600000000FFFFB38700000000FFFFB38800000000FFFFB389C3
:200B400000000001FFFFB38C00000000FFFFB38D00000000FFFFB38E00000000FFFFB39396
:200B500000000000FFFFB39800000000FFFFB17100000000FFFFB1720000FFFFFFFFB173DB
:200B6000000000FFFFFFB1740000FFFFFFFFB17500000000FFFFB176000000FFFFFFAF411F
:200B700000000000FFFFAF4200000000FFFFAF4400000000FFFFAF45000000CDFFFFAF46D3
:200B800000000000FFF0B358000000FF000000010000000200000001000000030000000154
:200B900000000002000000010000FFFFAF2400000000FFFFAF2500000000FFFFAF260000CC
:200BA0000000FFFFAF2700000000FFFFB58000000000FFFFB58100000000FFFFB5820000C5
:200BB0000000FFFEB178000033DC003EFFFEB17A000033DC003EFFFEB17C00000000000013
:0E0BC000FFFEB17E00000000000000000000FB
:20100000761B0005ABBDA8BDA0BDC2BDC3BDFF692942561676409211761F02D69201520126
:20101000EC0A5202ED17761F02B30A029202522863066F13761F02B30A02650F761F02D6EC
:201020002B01761F02B01A3C0100761F02B01A120020761F02B32B02761F02EA9228ED179D
:20103000761F02B1921A5202EC0D5200ED06761F01BF1A0D00806F2E761F01BF1A0B008087
:201040006F29761F01BF1A0300206F20761F02B1921AED118F406FC0D0094795EF1B8AA5F9
:20105000761F02B3DC0D1AC400801ADD002056BF14036F108F406FC0D0094795EE0B8AA552
:20106000DC0B1AC400801ADD0020761F02B356BF28038F006FC045CCEF08761F02B30B036C
:2010700062042B031AEC0020761F02B3921DED0E761F02EA9228EC05761F02EE921CEC0661
:20108000761F01BF1A0500086F05761F01BF1A030008761F02EA9228ED1C761F02B39220A6
:201090005202EC12761F02B19219761F02B3CA20ED06761F01BF1A0D00406F2A761F01BF2A
:2010A0001A0B00406F25761F01BF1A0300106F1C761F02B39220ED0E8F406FC0D009469581
:2010B000EF17DC0D1AC400401ADD001056BF140B6F0F8F406FC0D0094695EE0ADC0B1AC4EB
:2010C00000401ADD0010761F02B356BF280B8F006FC044CCEF08761F02B30B0B62042B0B76
:2010D0001AEC0010761F02B3921BED12761F02EA9228EC05761F02EE921CEC0A761F02B157
:2010E0009219ED06761F01BF1A0D02006F05761F01BF1A0B0200761F02B1921EED06761F64
:2010F00001BF1A0508006F05761F01BF1A030800761F01A51A1C0001761F003356BF042197
:20110000C5BEC4BE83BE8ABE87BE000376177602761B0005ABBDA8BDA0BDC2BDC3BDFE0433
:20111000FF6929425616761F01C4281AFFFF761F02C792105202ED13761F02EA9228EC0F5C
:20112000761F02B392245417620A9237942454176506761F01BF1A0440006F05761F01BF05
:201130001A024000761F02C5922A767E18CF761F02EC9311761F01A095A99705761F01A1E2
:201140009705761F01A49705761F01A69705761F01BF4709EF05761F02EE921FEC17767D80
:20115000D8675200EC0A761F02EE921F5201ED05761F02B1921B6F0D761F02B43429089BC1
:20116000761F02B3562F053B6F07761F02B19222761F02B3963B3B01761F02B48512761F20
:2011700002B55601002C761F02B20A1E761F02B45621002B851C761F02B5564400A9560140
:20118000003E761F02B10A16761F02B42D291229761F02B556010008761F02B40A16850230
:20119000761F02B75601000C761F02B42D021202761F02B756010008761F02B20A0C761F5F
:2011A00002B42D051205761F02B556010012761F02B40A1D761F02B32D3F123F761F02B5B6
:2011B00056010004761F02B20A09761F02B42D05761F02B3123B761F02B756010028761FF2
:2011C00002B20A13761F02B11B100BB8630C761F02B42D2A1229761F02B656010020761F63
:2011D00002B10A10761F02B42D29761F02EA1223761F02B756010010761F02B30A1C767DC3
:2011E000D3805200ED313B01761F02B4851156210011761F02B5564400A95601003C761FD0
:2011F00002B10A33761F02B4851356210013761F02B5564400A956010038761F02B10A3BD7
:20120000761F02B49213761F02B1FF5C5621001B85A9761F02B5564400A956010028761FD8
:2012100002B10A396F3E0200761F02B51E3C761F02B13B012B33761F02B51E38761F02B1A7
:201220002B3B761F02B51E28761F02B12B39761F02B48511761F02B556010024761F02B417
:20123000851156210011564400A956010032761F02B10A3A761F02B42D13121356010038E9
:20124000761F02B20A1C761F02B42D13761F02B3123B761F02B456010030761F02B20A1ABE
:20125000761F02B29227761F02B4540E630D761F02B30A389238520256B20238761F02B22A
:2012600056B2013B6F07761F02B32B38761F02B22B3B761F02EE92325203ED44761F02B240
:201270009226761F02B4540E653D761F02B2923AED42761F02B30A2F761F02C59229761FE4
:2012800002B3542F6738282F9600761F02B256BF013A761F02EE9203ED04761F02B20A2B68
:20129000767E10235200ED15761F02E79239EC05761F02E7923AED0D761F02B2922B761FAA
:2012A00002B3520356B30214761F02B256B3022B761F02B01A1E0020761F02B01A12000173
:2012B0006F0A761F02B3922FED05761F02B22B3A6F020B2F761F02B1922276409021761F57
:2012C00002E692029003ED20761F02B19220ED08761F02E54300EF181800FFF76F15767DB8
:2012D000D4645200ED048F000EF26F038F00338FA842761F02B78F01252FD5780620A844B6
:2012E000D41E76409085767DD3805200ED18761F02B1921B76409053761F02E5920690035F
:2012F000ED0E8F000EF2761F02B7D578A84206148F01252FA844D41E764090BA761F01C499
:201300009218EDFD761F02B29223761F002C9405761F02B408A9F800960B761F002C9203F6
:20131000761F02B49E2508A9F8009628761F002C9204761F02B19E3E761F02B408A9F800D9
:201320009600761F01A11A1C000C761F02B4930B950DFFB0FF5D9712761F02EE9232EC2406
:201330001BA8074463091BA8F8BD631E761F02B356BF01296F1C761F02B30A29922952C0CC
:2013400065162B29761F028056BF0C169A0CD40C761F02B01A1E0002761F02B01A120001F5
:20135000767DAD766F04761F02B32B29761F02EA92295202EC0D5201EC0B5203EC065204E6
:20136000ED0B767E25526F08767E24FC6F058F00BAA976408E08761F02E71B030F5A69243B
:20137000761F02EE9232EC20761F02B20A389238520A65202B38761F02E756BF0101761F45
:2013800002809A10D41056BF1016761F02B01A1E0002761F02B01A120001761F02E79303F9
:20139000767DAD766F07761F02B22B38761F02E72B01761F02B31B3E026C6209761F02EA5E
:2013A0009204761F02B39C28543E630B0A329232520A56B20A32761F02B256B2013F6F02E7
:2013B0002B32761F02EE92325203ED54761F02E99239EC1F761F02B39215EC1B761F02EC10
:2013C0009214EC149A00767E23FF767DFE9D5200EC0D767DFEAF5200EC09761F02B01A1E78
:2013D0000020761F02B01A120001761F02B32B15761F02E99239761F02EECA03ED2B767D37
:2013E000FBD71BA90A646406761F02B31B3E017C631E767DFB323B0185A9FF5652FA641738
:2013F000761F02B30A319231521465142B31761F02E956BF01399A00761F02B356BF01157C
:20140000761F02EE2B05767E24696F04761F02B32B31761F02B39200ED12761F02B292388F
:20141000620E761F02809216ED0A761F02E7920C761F02B408A901F4540E630D761F02E739
:201420009234EC0F767E18067622761F01A41A1800046F067622761F01A41A170004761AC5
:20143000761F02B392063B019C01900788A99606761F02B4850E761F02B75601003692A68C
:20144000ED250636761F02B4BE00FF429610761F02B75200C236650D85A9761F02ECFF692B
:201450001E423411050000FE3301761F02EA962C3B01761F02EA8F4004B08F000258852C83
:20146000565000A5566100A4962C761F02E79234EC2C761F02B29231ED12761F02E7920C81
:20147000761F02BC543F6806761F02B41B1012C0641F761F02B256BF01316F1A761F02EE9F
:201480009203ED0A761F02E7920C761F02BC9C9C543F660B6F0D761F02E7920C761F02BC2A
:2014900008A9FED4543F6904761F02B22B31761F02E79239ED36761F02EE920AEC32761FD4
:2014A00002809216ED2E761F02E7922F761F02E754266627761F02E79210ED2328AC033DDF
:2014B000761F02E73002761F02E7FF48542F680A761F02B22B3D761F02E79234ED1A9A011B
:2014C0006F15761F02B20A3D923D520265122B3D761F02E792345203EC085204EC066F09A9
:2014D000761F02E79234EC059A00FF69767E0EC7761F02E70E343B018F3F32CA761F02B2ED
:2014E000FF308131560100A492C49630761F02E75434EC04FF69767E0EC7761F02E7923489
:2014F00052016904FF69764091D08F0069C0D0164294EF0D761F02B30A127622DC17761FA7
:2015000001A71AC400041A170001761A761F01BF4001EE1C761F02B20A3592355202641BBD
:2015100056BF0235761F02809A229B01D422FF6956BF2216767DAD76761F02B01A1E0002BE
:20152000761F02B01A1200016F06761F02B2923565020B35761F02EE9205EC5D761F02808F
:201530009216ED59761F02B39226620B1B22023063390A219221520564302B210A226F2D56
:201540009CFF96261BA9032062141B260320ED258F0069C0D00B761F01A7CC94FFEF5020D3
:20155000D00C960BCC94FBFF1AA90800960C6F158F0069C0D00B761F01A7CC94FFDF501045
:20156000D00C960BCC94F7FF1AA90400960C761F02B31B260322EC10761F02B39222527AB9
:20157000650D1B22016D630A761F01A72809044756BF7A0A6F2A56BF492228A904C19E2210
:20158000761F01A79609761F02B39222761F01A7960A6F1B8F0069C0D00B761F01A7CC94DA
:20159000FFDF5010D00C960BCC94F7FF1AA90400960C761F02B32826064056BF4922761FCE
:2015A00001A7280904C12B0A761F02B29233ED34761F01BF4209EE04761F02B20A39761F76
:2015B00001BF4409EE24761F02EE9232EC20761F02809216ED1C761F02B20A3E923E52022A
:2015C000641B56BF023E761F028056BF23169A239B01D423FF69761F02B01A1E0002761F04
:2015D00002B01A120001767DAD766F06761F02B2923E65020B3E761F02EE92325205ED2615
:2015E000761F02B2923BED19923952066316923752026313923652066310761F02B3922908
:2015F0005202620B761F02B29238520663069229520256B101296F0D761F02B20A2A922A51
:201600005202650856BF02296F04761F02B22B292B2A761F02B3FF6992197640918076408A
:2016100090EF761F01A11A1C0001761F003356BF0421FE84C5BEC4BE83BE8ABE87BE000373
:2016200076177602761BABBDA8BDA0BDC2BDC3BDFF6929425616761F01A80604761F02B419
:20163000BE5A1E36033EFF5A761F02B30200F61F561700A692AB3F2B1BA937CE682C1BA958
:201640006F9B66299639761F02B40636761F02B51E02761F02B406361E3E761F02B50632C8
:201650001E3A02001E32761F02B192312B319636761F02B356BF010F761F02EA922B761F5B
:2016600002B3960E761F02B01A2A0002761F02B01A1200048F006A0083A4761F0033DD1830
:20167000DC151AC500031AC4000856BF0821C5BEC4BE83BE8ABE87BE76177602761B0005F5
:20168000ABBDA8BDA0BDC2BDC3BDFE02FF6929425616761F01C4281AFFFFBE00761F02EA09
:20169000922852026406761F02C792105202EC05761F02B392176F04761F02B392195205CB
:2016A000ED56761F01A90600761F02B729011E26025B1EAC5665002C564400261EA7761FBE
:2016B00002B106A703ABFF4C9623761F02B7A326A92C761F02B19621761F02B39239962A48
:2016C000761F02B706261E2E761F02B50602761F02B71E3C761F02B506A756650002761FFD
:2016D00002B103ABFF4C962E922B961C761F02B706A756650030761F02B203ABFF4C961548
:2016E000761F02B3922D9627761F02B506A756650030761F02B103ABFF4C962C761F02B0F6
:2016F0001A240004761F02B01A120002761F02B30A179218541762022B179217761F02EAD3
:201700009632761F02EA92285203ED05761F02B392366F065204ED06761F02B392359417F3
:201710006F04761F02B39217961992185419620274199219ED7D761F02EB9204761F02EBED
:20172000960B761F02B706101E12761F02B3921C961F761F02B702001E10761F02B32B1CB8
:20173000761F02B506081E1402001E08761F02B492162B169620761F02B706081E3E020041
:201740001E08060C1E0602001E0C761F02B2920C2B0C9611761F02B506121E2002001E1268
:20175000761F02B4921D761F02B29602761F02B42B1D761F02B5061C1E1E02001E1C761F90
:2017600002B292032B039600761F02B506041E0602001E04761F02B292092B099608761F73
:2017700002B50624761F02B41E2E06321E34761F02B1923A761F02B2961D761F02B40638BE
:20178000761F02B51E00761F02B2921C961F761F02B502001E24761F02B41E32761F02B1C0
:201790002B3A761F02B41E38761F02B22B1C3B01761F02B38518761F02C51E422D2A761FD8
:2017A00002B3121900FE3301761F02EA962B761F02C5542A64059E2A761F02EA962B3B014C
:2017B000761F02EA852B761F02EA8A3A761F02EA560100A492C49625761F02EE9232ED27B9
:2017C000761F02B4852A761F02B556010034761F02B40A018505761F02B556010016761F0A
:2017D00002B20A01761F02B3853F761F02B55601000E761F02B20A0B761F02B48513761FA5
:2017E00002B55601000C761F02B10A35761F02B48509761F02B756010024761F02B20A1043
:2017F000761F02B48506761F02B75601000E761F02B20A12761F02B42D2A122A761F02B5C1
:201800005601001C761F02B20A03761F02B4920AED212D1556BF010A1215761F02B55601DE
:201810000032761F02B10A31761F02B4852B761F02B756010032761F02B10A0E761F02B486
:201820008521761F02B656010036761F02B10A0B6F282B0A8504761F02B75601003A761F02
:2018300002B20A0E761F02B48526761F02B856010000761F02B20A16761F02B4851C761F46
:2018400002B656010008761F02B10A0C761F02B4850C761F02B756010018761F02B30A1E08
:20185000761F02B29233EC020B33761F01BF490156BD04A64509EF0492A6500288A94A0993
:20186000EF0492A6500188A9761F01C49218EDFD761F002C9200761F02B408A9F8009629C7
:20187000761F002C9201761F02B408A9F8009602761F02B2920A761F002C9402761F02B3F2
:2018800008A9F800963F761F002C9203761F02B49E2508A9F8009624761F002C9204761F17
:2018900002B19E3E761F02B308A9F800963A761F02B29223761F002C9405761F02B408A992
:2018A000F800960D761F002C9206761F02B49606761F002C9207761F02B4961A761F002C37
:2018B000920D761F02B49609761F002C920E761F02B408A9F8009611761F002C920F761F9C
:2018C00002B19E32761F02B408A9F800961392A65204620A5204EC3E5201EC6C5202EC5A29
:2018D0005203EC486F765205EC255206EC135207ED70761F002C920C3B01761F02B3963D5D
:2018E000853D761F02B656010002761F02B10A266F60761F002C920C3B01761F02B4961E9F
:2018F000851E761F02B656010026761F02B10A036F50761F002C920C3B01761F02B49619C2
:201900008519761F02B656010032761F02B10A016F40761F002C920C3B01761F02B4961FB6
:20191000851F761F02B756010004761F02B10A096F30761F002C920C3B01761F02B49603F1
:201920008503761F02B656010006761F02B10A056F20761F002C920C3B01761F02B49617FC
:201930008517761F02B65601002C761F02B10A126F10761F002C920C3B01761F02B49607C5
:201940008507761F02B65601001A761F02B10A28761F01BF4A09EE3A761F002C9208761F03
:2019500002B49604761F002C92093B01761F02B29E14761F02B408A9F8009626761F002C23
:20196000920A761F02B4961C761F02B29225761F002C940B08A9F800761F02B4FF5C960C7D
:20197000761F02D62D08761F02B41204FF4A960434A9033D562F060E761F02D62D07761F85
:2019800002B4121C562F041C6F37761F002C9208761F02B408A9F80096153B01761F002C21
:20199000920A761F02B4962B761F002C920B761F02B49621761F02D62D10761F02B4121513
:2019A000FF4A9615761F02B134A9089B562F0522761F02D62D06761F02B4122BFF4A962B8D
:2019B000761F02E79602761F02D62D18761F02B41221562F0421761F02B30A0192015208E5
:2019C00067084001EF07761F01BF1A0B04006F062B01761F01BF1A0D0400761F02B3410136
:2019D000EE06761F01BF1A0D00206F05761F01BF1A0B0020761F02B34201EE06761F01BF83
:2019E0001A0502006F05761F01BF1A030200761F01A01A1C000C761F02B492289424FFA00A
:2019F00094232DA9761F02D6120D761F02B4FF4A27A9962A9200761F02B3943AFFA0761FBC
:201A000002D62DA9120E761F02B4562F0405761F02B32D3F761F02D6300F761F02B3FF4A2A
:201A1000FF5C963F761F02B4922C9429761F02D62DA9120C761F02B4562F0429761F02D6F5
:201A20002D07761F02B4121AFF4A961A761F02E79603761F02B434060229761F02D6FF4788
:201A30002DA91209070AFF4A9B0A00FE3354761F02B3963E520063022B3E761F02D62D1B2E
:201A40003B01761F02B41211FF4A88A99611761F02D62D1C761F02B41213562F0413761F64
:201A500002B134A6089B562F051B761F02B2922C761F02B4540E630B761F02B30A2E922E3D
:201A6000520256B2010056B2022E6F05761F02B32B2E2B0092AB85A9FF561BA9061C630680
:201A7000761F02B29A002B376F06761F02B29A010A370A36761F02EA9326EC3B5200ED395E
:201A8000761F02B39200EC06761F02EA92265203EC30761F02B2923AEC06761F02EA92268E
:201A90005202EC27761F02B39230ED28761F02EA92265203ED19761F02EE921FED06761F5C
:201AA00002B3920F5201EC0B761F02EE921F5201ED15761F02B392055201ED1056BF013084
:201AB000767E24F96F0B761F02B356BF01306F06761F02B39230EC022B30761F02EE9232E8
:201AC0005203ED06761F02B292375206630C761F02EE9232EC1C761F02C5922C761F02B231
:201AD000543763152B37761F028056BF05169A05D405761F02B01A1E0002761F02B01A12DE
:201AE0000001761F02B4932A767DAD76761F02EA9226EC23761F02B39230EC1F761F028051
:201AF0009216ED1B761F02B39223620B7622761F01A01A170004761F01A11A1700046F0BD1
:201B00000B237622761F01A01A180004761F01A11A180004761A6F0F7622761F01A01A1818
:201B10000004761F01A11A180004761A761F02B356BF0223761F02EA92265202EC0D520355
:201B2000EC075201ED0CFF6976408CA86F08FF6976408D396F04FF6976408BBB761F01BF8D
:201B30004209EE06761F02B29233ED020A39761F02B32B0F2B05761F01A01A1C0001FE8275
:201B4000761F003356BF0421C5BEC4BE83BE8ABE87BE000376177602761B0005ABBDA8BD45
:201B5000A0BDC2BDC3BDFF6929425616767DD3805200ED49761F01A90604761F02B5BE5A5F
:201B60001E2A032EFF5A761F02B30200F61F561700A692AB3F281BA937CE68351BA96F9B47
:201B70006632962D761F02B5062A1E30062A1E2E063C1E3602001E3C761F02B192332B3357
:201B8000963C761F02B506381E2602001E38761F02B1923B761F02B29607761F02B12B3BA4
:201B9000761F02B356BF0105761F02EA922B761F02B39604761F02B01A2A0010761F02B0CC
:201BA0001A1200048F006A40761F01A983A4DD181AC50002DC151A180001761F00331AC4B6
:201BB000000856BF0821C5BEC4BE83BE8ABE87BE000376177602B2BDFE06761F02EAD1002F
:201BC0009228EC06761F01BF4B0156BD01A1020A761F02B43B011E423429089BFF440905BF
:201BD00000FE3301761F02EA3B01962D761F02B4020A1E42342A00D5FF43090500FE3301D7
:201BE000761F02EA961F767DFAF4761F02B4BE0A930595A93B01C24234A801B5FF440905C2
:201BF00000FE33013B01761F02EA9620761F02B3020A1E42343F01B5FF44090500FE3301CE
:201C0000761F02EA96249641922B7942761F02C59643922A761F02EB9644920B761F02EACF
:201C1000931F5C20964592259646922D761F02EB5D06767E159A761F02EA1E3E767E155299
:201C2000761F02EA9623761F02EC88113B01761F02EADE815621002C85A61EA75644003EC7
:201C3000FF4B85A9FF5A92A6FF5C85A91EA6A9A9565000A7566100A688A996305200623067
:201C4000932FCBA6EC2D761F02EC92119CFE85A9761F02EA8F006840D0091EA792A6BE01FD
:201C5000FF5C85A9565000A7566100A69631761F01A09609761F02EA922F56BF0194520166
:201C6000ED0CD00E761F01A1CC94FFFE5002960ECC0EFFF750046F3156BF012F6F31761FC5
:201C700002EC92119CFE85A9761F02EA1EA78F00684092A6BE01D00985A9565000A756617C
:201C800000A69631761F02EC9311761F01A09FA99709761F02EC92119CFF761F02EA969426
:201C9000922FED0DD00E761F01A1CC94FFFC5001960ECC0EFFFB5008960E6F082B2F761FDE
:201CA00001A1180EFFFC180EFFF3FE868BBE0006761F02EB280B137128A91371761F02EA67
:201CB0009325282C0341767E153E761F02EA962A761F02EC88113B01761F02EADE812D2CAB
:201CC00085A61EA7122AFF4B85A9FF5A92A6FF5C85A91EA6A9A9565000A7566100A688A955
:201CD000963052006230932FCBA6EC2D761F02EC92119CFE85A9761F02EA8F006840D0097F
:201CE0001EA792A6BE01FF5C85A9565000A7566100A69631761F01A09609761F02EA922F17
:201CF00056BF01945201ED0CD00E761F01A1CC94FFFE5002960ECC0EFFF750046F3156BF9D
:201D0000012F6F31761F02EC92119CFE85A9761F02EA1EA78F00684092A6BE01D00985A98A
:201D1000565000A7566100A69631761F02EC9311761F01A09FA99709761F02EC92119CFF3C
:201D2000761F02EA9694922FED0DD00E761F01A1CC94FFFC5001960ECC0EFFFB5008960E08
:201D300000062B2F761F01A1180EFFFC180EFFF30006B2BDAABDFE04761F02EC59113B01BC
:201D4000761F02B4342A00D5761F02EED98AFF48931F5301EC08761F02B15A22761F02E59C
:201D50005D386F07761F02B15A1B761F02E55D119641761F02EC9205761F02EC96425CA277
:201D60009212761F02EC96439207761F02B49644920E761F02EA9305767E1689761F02EAD8
:201D70003B01961692A1761F02ECFF5C2D1185A9761F02EA1EA685A183A91216FF4B2DA216
:201D800085A9565000A5566100A65CA99616761F02B485A18BA98510761F02EC1E4235CD9D
:201D9000FF472DA9121100FE33013B01761F02B493A992A49EA885A9565000A5566100A6AD
:201DA00088A9342A00D5FF485200650492A69CD86F049B2895A692A8761F02EA52009615E8
:201DB0006425CA2FEC238515BE018F006840D009565000A1566100A69631761F01A09609D9
:201DC000761F02EA922F56BF01945201ED0CD00E761F01A1CC94FFFE5002960ECC0EFFF793
:201DD00050046F2A56BF012F6F2A9215FF5CBE0185A98F006840D009565000A1566100A685
:201DE0009631761F02EC9311761F01A09FA99709761F02EC92119CFF761F02EA9694922FAA
:201DF000ED0DD00E761F01A1CC94FFFC5001960ECC0EFFFB5008960E6F082B2F761F01A19C
:201E0000180EFFFC180EFFF3FE8486BE8BBE0006B2BDAABDFE043B01761F02B4850E761FED
:201E100002EA56010038761F02B3853E761F02EA56010036761F02DD4031EE03D2A06F0560
:201E2000761F02EC850686A9761F02DD4131EE03D1A06F05761F02EC85088BA9761F02EAE4
:201E30000A1392135208FFE400C80638B600FF422B1388A996140636C338FF4293069617BF
:201E4000C3369FA6971088A8761F02EC931EEC06761F02EA93265303EC15761F02EA9E0493
:201E5000520A960D62071BA9FFD8631C280DFFD86F19521A56B3190D920D9CF72DA9120D9A
:201E60006F0E761F02ECB60A9E1D28ABFFF628AAFFFF85A9565000A7566100AB761F02EAF1
:201E7000960D2D18120DFF46960D92C45201EC4292265203EC357E1D930628A9012C761F97
:201E800002BC94A8543F67079AC8761F02E794A854266620761F02BC923F08A9012C54A82D
:201E900068191BA6FE0C6306761F02E71B2610CC6811761F02EA92085419562A03196303DF
:201EA0009A02741992075422562A0322631B0B226F19761F02EA921C9619921E6F09767E18
:201EB000158E761F02EA961D92089619920796226F0992A67E1D56B3010D56B3011D56B40E
:201EC00002C4920C6304921D540D640F761F02EC921EEC0D761F02EA92265203ED08920C67
:201ED0006506921D540D6503920D961D3B01761F02EABE6428ABFF9C28AAFFFF851DAA4212
:201EE0005D19565000A6566100AB5CA99322961D9743B2A9767E1776761F02EA28ABF6A0B1
:201EF00028AAFFFF8F0009601E340634565000A4566100AB1E34761F02B43B013412012F83
:201F0000BE5028ABFFB028AAFFFF761F02EAFF46943485A9565000A6566100AB960F761FBD
:201F100002DD4031EF058F500000C4A56F02BE004131EF048F4C00006F02D5005CA9C24267
:201F2000A0A9767E17A0761F02EA3B01960C761F02EC2D11761F02EA120CFF4B960E5200AE
:201F30006276920B5201ED11761F02B39229620D761F02B392326209761F02DD4031EF0505
:201F4000761F02809216EC35761F02EA56BF010B76228F006980D014761F01A6CC94FFFE72
:201F500050029614DC18CC14FFFB500896141AC40004761A761F02B39232ED05761F02B3E9
:201F600092296527FF69767E1772FF586307767E17723B01FF40767E17EC767E176EFF58B5
:201F70006318767E176E3B01FF40767E17E86F1176228F006980D014761F01A6CC94FFFEE2
:201F800050029614DC181A14000C1AC40004761A761F02EA1B0EFFCA620B9A0E761F02EC9A
:201F90009E11761F02EA540E562A020E6F03280EFFFF761F02EC9211761F01A69609761FD3
:201FA00002EA920E761F02EC94116F74920BED11761F02B39229620D761F02B39200ED09A9
:201FB000761F02DD4131EF05761F02809216EC34761F02EA2B0B76228F006980D014761F18
:201FC00001A6CC94FFFE50029614DC18CC14FFFB500896141AC40004761A761F02B39200E3
:201FD000ED05761F02B392296528FF69767E1772FF586507767E17723B01FF40767E17ECD6
:201FE000767E176EFF586519767E176E3B01FF40767E17E86F1276228F006980761F01A6DF
:201FF00083A4DD14DC181AC50003CC14FFFB500896141AC40004761A761F02EA920E5236EC
:20200000640B761F02EC9211761F02EA9CF2540E562A040E6F0356BF010E761F02EC92116C
:20201000761F02EA9E0E761F01A69609761F02EC9211761F01A6FE84960A86BE8BBEFF692F
:202020000006761F02B32DA90A1692165202682B2B1633AC761F02B78F40AEC03B01A92219
:202030008AA5761F02B30E08FF30560100A4A9A9FF47FF5A1EC492345408690B92089C0137
:202040000EA9FF30560100A5A9A907C50A086F08761F02BB0600761F02B307C42B08761FC2
:2020500002B71E200006761F02B32DA90A1392135202682B2B1333AC761F02B78F40AE4082
:202060003B01A9168AA5761F02B30E09FF30560100A4A9A9FF47FF5A1EC492345409690B41
:2020700092099C010EA9FF30560100A5A9A907C50A096F08761F02B90600761F02B307C423
:202080002B09761F02B71E1400061EA6761F02E5C54606444300EE1C0FA6620406A70FA627
:202090006313761F02B392A40A1054106623761F02E51A000008761F02B01A1E0004761F7D
:2020A00002B01A120001761F02B32B1000060FA6630E06A70FA6650B761F02B392A50A0A29
:2020B000540A6608761F02E51800FFF7761F02B32B0A00061EA6761F02E5C5460644430855
:2020C000EE1C0FA6620406A70FA66313761F02B392A40A0C540C6623761F02E51A080008DE
:2020D000761F02B01A1E0008761F02B01A120001761F02B32B0C00060FA6630E06A70FA6E6
:2020E000650B761F02B392A50A0754076608761F02E51808FFF7761F02B32B070006B2BD92
:2020F000AABD761F028092185201ED4E761F02EE92325205ED49761F02808DBF2FF00E14A0
:202100008AA2FF30560100A4C5C43E67761F028058118D40A4408AA296910E17FF3056010C
:2021100000A4C5C43E67761F0280801188A98D0001F4B2A90DA78AA90E127E94FF308AA2B3
:20212000560100A4C5C43E67761F0280801188A98D0003E8B2A90DA78AA90E137E94FF3081
:20213000560100A2C5C23E67761F028088A980118D0005DCB2A90A110DA78AA97E941B1188
:20214000018068022B11761F0280921BEC369205EC069CFF9605ED31920496059218ED20AD
:202150008D80A02CD10092C2EC153B018F3F2FF0560301C2560100A4C5C43E67761F0280EB
:2021600088A98F00A44034A101F40D1A560100A47EC492A1DA019C0159A9520464E5761FAC
:2021700002800A1A9219541AED08961F2B192B1A2B1B2B1E9A016F029A0086BE8BBE000695
:20218000761F02C588A91B34FFFFEC245434EC0A761F02B39318761F02C55534661B52002A
:20219000ED1928AC000632358F00AC1AA9A92D36560100A49B01FF6799E49B012D35761FD1
:2021A00002B0FF679912761F02C52834FFFF56BFFF361B32FFFFEC2492A65432EC0A761FB8
:2021B00002B39318761F02C55532661A5200ED1828AC00068F00AC1A30312D33560100A40A
:2021C0009A01FF6698E49A012D31761F02B0FF669812761F02C52832FFFF56BFFF33000633
:2021D000FE0488A9761F02E7923828AC033D3B019641920C9642920B9643300228AC046FE8
:2021E000FF4880A93003761F02B4FF495D0E5CA993A792A6767E1487761F02E73B01960EDA
:2021F000761F02EC2D11761F02E7120EFF4B96255236640B761F02EC93119DCA761F02E768
:2022000055A9562B04256F0356BF0125761F02EC9211761F02E79E25761F01A49609FE84A7
:20221000000676C0AC1A06A7D40083A7091E03A509061EA692D5EC120ADD54DD660F9A06CD
:202220002DA42BDD37A9761F02B006A707AB8EA99A011AE00001FF669812DE860206DC011A
:20223000DD060FA669E8000676228F000A80761F002A1AC40001CCF4F3FF1AA9030096063C
:20224000CC06FFF050039606CCFCFFE0500596071AE401FF1AEC01FF761AF6077700FF69C5
:02225000000686
:202E00002B55003E2B55003E2B55003E2B55003E2B55003E2B55003E2B55003E2B55003EC2
:202E10002B55003E2B55003E2B55003E2B55003E2B55003E2B64003E2B5F003E2BF0003EFE
:202E20002B50003E2BBE003E2B5A003E2B69003E2AF1003E2AEC003E2AE7003E2AE2003ED7
:202E30002ADD003E2AD8003E2AD3003E2ACE003E2AC9003E2B00003E2AFB003E2AF6003E31
:202E40002B37003E2B32003E2AB5003E2ABF003E2ABA003E2BF5003E2B05003E2AC4003ED9
:202E50002BB4003E2BAA003E2BA0003E2B96003E2B8C003E2B82003E2AB5003E2AB5003E10
:202E60002BB9003E2BAF003E2BA5003E2B9B003E2B91003E2B87003E2AB5003E2AB5003EE2
:202E70002BD7003E2BD2003E2BCD003E2AB5003E2AB5003E2AB5003E2AB5003E2AB5003E00
:202E80002B7D003E2B78003E2AB5003E2AB5003E2AB5003E2AB5003E2AB5003E2AB5003EBD
:202E90002B2D003E2B19003E2B28003E2B14003E2AB5003E2AB5003E2AB5003E2AB5003E88
:202EA0002AB5003E2AB5003E2AB5003E2AB5003E2AB5003E2AB5003E2AB5003E2AB5003E2A
:202EB0002B73003E2B6E003E2AB5003E2AB5003E2AB5003E2AB5003E2AB5003E2AB5003EA1
:202EC0002B4B003E2B41003E2B46003E2B3C003E2BEB003E2BE1003E2AB5003E2AB5003E68
:202ED0002AB5003E2AB5003E2AB5003E2AB5003E2AB5003E2AB5003E2AB5003E2AB5003EFA
:202EE0002AB5003E2AB5003E2AB5003E2AB5003E2AB5003E2AB5003E2AB5003E2AB5003EEA
:202EF0002AB5003E2AB5003E2AB5003E2AB5003E2AB5003E2AB5003E2AB5003E2AB5003EDA
:202F0000080008000800080000000000080008000800080008000000000000000000000069
:202F1000000E00000800FFFFFFFF08000800FFFFFFFFFFFFFFFFFFFFAAAA000008FC138896
:202F200001A401CC0234021C025801CC021C012C0000000000000002000000000000000156
:202F30000001000100010000000000000000FFFF021C02580000000A000A001E00010000D5
:202F40000248003C0078001E0000316F0000003C00010001AAAA0000000000000000000023
:202F5000000000000000000000000000000000000000000000000000000000000000000061
:202F6000000000000000000000000000000000000000000000000000000000000000000051
:202F7000000000000000000000000000000000000000000000000000000000000000000041
:202F8000AAAA000000000000000000000000000000000000000000000000000000000000DD
:202F9000000000000000000000000000000000000000000000000000000000000000000021
:202FA000000000000000000000000000000000000000000000000000000000000000000011
:202FB000000000000000000000000000000000000000000000000000000000000000000001
:202FC0000000000000000000000000000000000000000000000000000000000000000000F1
:202FD0000000000000000000000000000000000000000000000000000000000000000000E1
:202FE00000000000000000000000000000000000000000000000000000000000AAAA00007D
:202FF000FACB003DFAE1003DFAD6003DFBE6003DFBD3003DFB8B003DFB96003DFBA1003D07
:20300000FB2E003DFB54003DFB02003DFB18003DFB0D003DFB23003DF81F003DFBB4003D54
:20301000FBDE003DFBE2003DFB75003DFB80003DFBB0003DFB49003DFB6A003DFB5F003D69
:20302000FBBC003DFBCF003DFBCB003DFACF003DFAE5003DFADA003DFBEA003DFBD7003D2E
:20303000FB8F003DFB9A003DFBA5003DFB32003DFB58003DFB06003DFB1C003DFB11003D35
:20304000FB27003DFB27003DFB79003DFB84003DE758003DFB4D003DFB6E003DFB63003D03
:20305000FBC0003DE758003D0B3F003E0B3F003EFB63003DE758003DFBC0003DE758003D51
:20306000E758003DE758003DE758003DE758003DE758003DE758003D23A4003E238E003E74
:2030700023C7003EE758003D23AB003E23B3003E23A0003EE758003D23C3003EE758003D5F
:2030800023CF003E23B7003E23E3003E158A003E1572003E23BB003EE758003D239C003E6D
:20309000FAF0003DFBAC003DE758003DDDD6003D1576003E157E003E1582003E23AF003E2A
:2030A000157A003E1556003E23E7003E23BB003E23B7003E23BF003EE758003D2398003E89
:2030B0002396003E2394003E2392003EE758003D0D7F0D680D500D370D1E0D040CE90CCEF8
:2030C0000CB30C970C780C5D0C3F0C210C030BE40BC40BA40B840B630B420B210AFF0ADD47
:2030D0000ABB0A990A760A530A300A0D09E909C609A3097F095C0938091508F108CE08AB0F
:2030E000088708640842081F07FC07DA07B80796077407530732071106F006D006B00691E5
:2030F000067206530634061605F805DA05BD05A105840568054D0532051704FD04E304C905
:2031000004B00498047F0467045004390422040C03F603E103CC03B803A30390037D036A1D
:2031100003570345033303220311030002F002E002D102C102B202A402960288027A026DBA
:20312000026002530247023B022F02240218020D020201F801EE01E401DA01D001C701BDCF
:2031300001B401AC01A3019A0193018B0183017B0174016C0165015E0157015001490143E0
:20314000013C01360130012B0124011F01190114010E0109010400FF00FA00F500F000002E
:20315000000300510031000D00000000000000000000000000000000EC52003D00030051FE
:203160000032000D00000000000000000000000000000000EB05003D000300520054000D2D
:2031700000000000000000000000000000000000EA99003D00050051004200440053000D43
:20318000000000000000000000000000E9DE003D001100570054002A000000000000000045
:203190000000000000000000E7F8003D00020051003300000000000000000000000000007D
:2031A00000000000E92F003D00020051004400000000000000000000000000000000000023
:2031B000E8F5003D000100540000000000000000000000000000000000000000E7C4003DA8
:2031C000000A004900560045004D00490041005000320032000D0000E8AD003D0DCF0DB6F8
:2031D0000D9D0D830D690D4D0D310D140CF70CD80CB80C990C790C570C350C130BEF0BCC0D
:2031E0000BA70B820B5C0B360B0F0AE80AC10A990A700A480A1E09F509CC09A20978094E24
:2031F000092408FA08D008A6087C08530829080007D607AD0785075C0734070C06E506BE75
:20320000069C0672064C0628060305DF05BC0599057605550534051304F304D404B504977F
:203210000479045C04400425040903EF03D503BC03A3038B0373035C03460330031B030612
:2032200002F202DE02CB02B802A6029402820271026102510241023202240215020701F991
:2032300001EC01DF01D301C701BB01B001A5019A018F0185017B01710168015F0156014DF5
:203240000145013C0134012D0125011D0116010F0108010100FB00F50F7E0F770F700F6918
:203250000F620F5A0F520F490F400F370F2E0F240F1A0F0F0F040EF80EED0EE00ED40EC7C6
:203260000EB90EAB0E9D0E8E0E7F0E6F0E5F0E4E0E3D0E2B0E190E060DF30DE00DCB0DB76C
:203270000DA20D8C0D760D5F0D480D300D180D000CE70CCD0CB30C990C7E0C620C460C2A93
:203280000C0E0BF10BD30BB60B980B790B5A0B3B0B1C0AFD0ADD0ABD0A9C0A7C0A5B0A3AF6
:203290000A1909F809D709B60994097309510930090E08ED08CC08AA08890868084708269F
:2032A000080507E507C407A40784076407450726070606E806C906AB068D066F065206351A
:2032B000061905FC05E005C505A9058F0574055A05400527050E04F504DD04C504AD0496A3
:2032C000047F04690453043E0428041303FF03EB03D703C300000000000200030002000388
:0432D00000020003F5
:2032D2009BFC003DA1B2003DA1B2003D9C6C003D9C8D003DA1B2003DA1B2003DA1B2003D8D
:2032E200A1B2003D9CAE003D9CC7003D9CF5003D9D07003D9D19003D9D27003D9D39003D5F
:2032F200A1B2003D9D4A003D9D5B003D9D69003D9D77003D9D85003D9D93003DA1B2003DE3
:203302009DAF003D9C2F003D9DBD003D9DD6003D9DEB003D9E4B003D9ECA003D9EE3003D85
:20331200A030003DA0AA003D9EFA003D9F08003D9F91003D9FAC003D9FC7003D9FDC003DFE
:203322009FF0003DA1B2003DA1B2003D9F16003D9F28003D9F3F003D9F55003D9F6B003D16
:203332009F7F003DA1B2003DA1B2003DA1B2003DA1B2003DA1B2003DA1B2003DA002003DE1
:20334200A067003D9DA1003DA075003DA1B2003DA1B2003DA0E0003DA1B2003DA0F0003D20
:20335200A0FE003DA108003DA118003DA12B003DA14E003DA15A003DA16A003DA1BE003D53
:20336200A1C7003DA1D0003DA1D9003DA1E2003DA1EB003DA1F7003DA1F7003DA1F7003D39
:20337200A1F7003DA1FB003DA20D003DA227003DA231003DA251003DA277003DA2EC003D3A
:20338200A312003DA7EC003DA328003DA336003DA345003DA34F003DA35F003DA39B003D3D
:20339200A3BB003DA3C8003DA403003DA426003DA433003DA466003DA489003DA496003DB1
:2033A200A4C9003DA4EC003DA4F9003DA52C003DA54F003DA55C003DA594003DA5B7003D2E
:2033B200A5C4003DA5F8003DA61B003DA628003DA660003DA683003DA690003DA6C8003DAB
:2033C200A6EB003DA6F5003DA6FF003DA7FF003DA7FF003DA7FF003DA7FF003DA7FF003DF4
:2033D200A7FF003DA70F003DA71B003DA728003DA768003DA788003DA793003DA7CF003D18
:2033E200A81E003DA825003DA82C003DA835003DA83C003DA848003DA854003DA860003DC7
:1833F200A865003DA86A003DA872003DA877003DA882003DA887003DA4
:203EFE00561F8D007029762228C00068761A9A00D50028A403FFF7A496858F40078028A47C
:203F0E00007FF7A496858F40800028A41FFFF7A496858F40A00028A41FFFF7A496858F4091
:1E3F1E00C00028A41FFFF7A4968558A95DA95CA92BBD28BD0A0B76007613007E328701
:023FFE0002259A
:047FF600007F3EFECC
:107FF800FFFFFFFFFFFFFFFFFFFFFFFFFFFFFFFF89
:00000001FF
