:020000040008F2
:0400000000481AD3C7
:02000200425664
:0200030030319A
:0200040048565C
:02000500303198
:20000800761BFFF0E20000BDE63006002942561676256F00761BFFF0E20000BDE630060081
:200018002942561676256F00761BFFF0E20000BDE63006002942561676256F00761BFFF04B
:20002800E20000BDE63006002942561676256F00761BFFF0E20000BDE6300600294256160A
:2000380076256F00761BFFF0E20000BDE63006002942561676256F00761BFFF0E20000BD63
:20004800E63006002942561676256F00761BFFF0E20000BDE63006002942561676256F007F
:20005800761BFFF0E20000BDE63006002942561676256F00761BFFF0E20000BDE630060031
:200068002942561676256F00761BFFF0E20000BDE63006002942561676256F00761BFFF0FB
:20007800E20000BDE63006002942561676256F00761BFFF0E20000BDE630060029425616BA
:2000880076256F00761BFFF0E20000BDE63006002942561676256F00761BFFF0E20000BD13
:20009800E63006002942561676256F00761BFFF0E20000BDE63006002942561676256F002F
:2000A800761BFFF0E20000BDE63006002942561676256F00761BFFF0E20000BDE6300600E1
:2000B8002942561676256F00761BFFF0E20000BDE63006002942561676256F00761BFFF0AB
:2000C800E20000BDE63006002942561676256F00761BFFF0E20000BDE6300600294256166A
:2000D80076256F00761BFFF0E20000BDE63006002942561676256F00761BFFF0E20000BDC3
:2000E800E63006002942561676256F00761BFFF0E20000BDE63006002942561676256F00DF
:2000F800761BFFF0E20000BDE63006002942561676256F00761BFFF0E20000BDE630060091
:200108002942561676256F00761BFFF0E20000BDE63006002942561676256F00761BFFF05A
:20011800E20000BDE63006002942561676256F00761BFFF0E20000BDE63006002942561619
:2001280076256F00761BFFF0E20000BDE63006002942561676256F00761BFFF0E20000BD72
:20013800E63006002942561676256F00761BFFF0E20000BDE63006002942561676256F008E
:20014800761BFFF0E20000BDE63006002942561676256F00761BFFF0E20000BDE630060040
:200158002942561676256F00761BFFF0E20000BDE63006002942561676256F00761BFFF00A
:20016800E20000BDE63006002942561676256F00761BFFF0E20000BDE630060029425616C9
:2001780076256F00761BFFF0E20000BDE63006002942561676256F00761BFFF0E20000BD22
:20018800E63006002942561676256F00761BFFF0E20000BDE63006002942561676256F003E
:20019800761BFFF0E20000BDE63006002942561676256F00761BFFF0E20000BDE6300600F0
:2001A8002942561676256F00761BFFF0E20000BDE63006002942561676256F00761BFFF0BA
:2001B800E20000BDE63006002942561676256F00761BFFF0E20000BDE63006002942561679
:2001C80076256F00761BFFF0E20000BDE63006002942561676256F00761BFFF0E20000BDD2
:2001D800E63006002942561676256F00761BFFF0E20000BDE63006002942561676256F00EE
:2001E800761BFFF0E20000BDE63006002942561676256F00761BFFF0E20000BDE6300600A0
:2001F8002942561676256F00761BFFF0E20000BDE63006002942561676256F00761BFFF06A
:20020800E20000BDE63006002942561676256F00761BFFF0E20000BDE63006002942561628
:2002180076256F00761BFFF0E20000BDE63006002942561676256F00761BFFF0E20000BD81
:20022800E63006002942561676256F00761BFFF0E20000BDE63006002942561676256F009D
:20023800761BFFF0E20000BDE63006002942561676256F00761BFFF0E20000BDE63006004F
:200248002942561676256F00761BFFF0E20000BDE63006002942561676256F00761BFFF019
:20025800E20000BDE63006002942561676256F00761BFFF0E20000BDE630060029425616D8
:2002680076256F00761BFFF0E20000BDE63006002942561676256F00761BFFF0E20000BD31
:20027800E63006002942561676256F00761BFFF0E20000BDE63006002942561676256F004D
:20028800761BFFF0E20000BDE63006002942561676256F00761BFFF0E20000BDE6300600FF
:200298002942561676256F00761BFFF0E20000BDE63006002942561676256F00761BFFF0C9
:2002A800E20000BDE63006002942561676256F00761BFFF0E20000BDE63006002942561688
:2002B80076256F00761BFFF0E20000BDE63006002942561676256F00761BFFF0E20000BDE1
:2002C800E63006002942561676256F00761BFFF0E20000BDE63006002942561676256F00FD
:2002D800761BFFF0E20000BDE63006002942561676256F00761BFFF0E20000BDE6300600AF
:2002E8002942561676256F00761BFFF0E20000BDE63006002942561676256F00761BFFF079
:2002F800E20000BDE63006002942561676256F00761BFFF0E20000BDE63006002942561638
:2003080076256F00761BFFF0E20000BDE63006002942561676256F00761BFFF0E20000BD90
:20031800E63006002942561676256F00761BFFF0E20000BDE63006002942561676256F00AC
:20032800761BFFF0E20000BDE63006002942561676256F00761BFFF0E20000BDE63006005E
:200338002942561676256F00761BFFF0E20000BDE63006002942561676256F00761BFFF028
:20034800E20000BDE63006002942561676256F00761BFFF0E20000BDE630060029425616E7
:2003580076256F00761BFFF0E20000BDE63006002942561676256F00761BFFF0E20000BD40
:20036800E63006002942561676256F00761BFFF0E20000BDE63006002942561676256F005C
:20037800761BFFF0E20000BDE63006002942561676256F00761BFFF0E20000BDE63006000E
:200388002942561676256F00761BFFF0E20000BDE63006002942561676256F00761BFFF0D8
:20039800E20000BDE63006002942561676256F00761BFFF0E20000BDE63006002942561697
:2003A80076256F00761BFFF0E20000BDE63006002942561676256F00761BFFF0E20000BDF0
:2003B800E63006002942561676256F00761BFFF0E20000BDE63006002942561676256F000C
:2003C800761BFFF0E20000BDE63006002942561676256F00761BFFF0E20000BDE6300600BE
:2003D8002942561676256F00761BFFF0E20000BDE63006002942561676256F00761BFFF088
:2003E800E20000BDE63006002942561676256F00761BFFF0E20000BDE63006002942561647
:2003F80076256F00761BFFF0E20000BDE63006002942561676256F00761BFFF0E20000BDA0
:20040800E63006002942561676256F00761BFFF0E20000BDE63006002942561676256F00BB
:20041800761BFFF0E20000BDE63006002942561676256F00761BFFF0E20000BDE63006006D
:200428002942561676256F00761BFFF0E20000BDE63006002942561676256F00761BFFF037
:20043800E20000BDE63006002942561676256F00761BFFF0E20000BDE630060029425616F6
:2004480076256F00761BFFF0E20000BDE63006002942561676256F00761BFFF0E20000BD4F
:20045800E63006002942561676256F00761BFFF0E20000BDE63006002942561676256F006B
:20046800761BFFF0E20000BDE63006002942561676256F00761BFFF0E20000BDE63006001D
:200478002942561676256F00761BFFF0E20000BDE63006002942561676256F00761BFFF0E7
:20048800E20000BDE63006002942561676256F00761BFFF0E20000BDE630060029425616A6
:2004980076256F00761BFFF0E20000BDE63006002942561676256F00761BFFF0E20000BDFF
:2004A800E63006002942561676256F00761BFFF0E20000BDE63006002942561676256F001B
:2004B800761BFFF0E20000BDE63006002942561676256F00761BFFF0E20000BDE6300600CD
:2004C8002942561676256F00761BFFF0E20000BDE63006002942561676256F00761BFFF097
:2004D800E20000BDE63006002942561676256F00761BFFF0E20000BDE63006002942561656
:2004E80076256F00761BFFF0E20000BDE63006002942561676256F00761BFFF0E20000BDAF
:2004F800E63006002942561676256F00761BFFF0E20000BDE63006002942561676256F00CB
:20050800761BFFF0E20000BDE63006002942561676256F00761BFFF0E20000BDE63006007C
:200518002942561676256F00761BFFF0E20000BDE63006002942561676256F00761BFFF046
:20052800E20000BDE63006002942561676256F00761BFFF0E20000BDE63006002942561605
:2005380076256F00761BFFF0E20000BDE63006002942561676256F00761BFFF0E20000BD5E
:20054800E63006002942561676256F00761BFFF0E20000BDE63006002942561676256F007A
:20055800761BFFF0E20000BDE63006002942561676256F00761BFFF0E20000BDE63006002C
:200568002942561676256F00761BFFF0E20000BDE63006002942561676256F00761BFFF0F6
:20057800E20000BDE630060029425616E28000BEFFF176177602761BFFF0E20000BDE63087
:2005880006002942561676256F00FE029641762252016009F5A97022CCA9FFFE5002F4A9B0
:2005980070226F07F5A9702218A9FFFCF4A97022761AFE82FF6900067622F5A97029CCA95E
:2005A800FFBF5028F4A97029F6457700761AFF69000676229A55F4A970259AAAF4A97025E8
:2005B800761AFF690006764807A13B1076260000762F0000FF6976480A3276480A0C76483F
:2005C8001AC076480658764806A0764806BE764806D49A017648058D764805B1764805A4D9
:2005D80076480A64E8021A40E8021FD18F008B3876480A79761F0030280440007622761FC8
:2005E80000348F081966A83E761F00358F008A03A80C8F081758A80E761F00378F081714DF
:2005F800A8048F081725A806761A76230109761F00331822FFFE1A2200401A220080183004
:20060800FFEF1830FFDF1A3200041A320008FF690006FE047C4397429641FE8400060006AD
:20061800FE0476220200761F01F01E3C761F01F11E3C761F01F21E3C761F01F31E3C761F0B
:2006280001F41E3C761F01F51E3C8F007C00A8422B43924352C0670F2901BE00901F5206CF
:2006380061065603014307428AA9C2C40A43924352C068F58F007F00A8422B439243521866
:20064800670C2901BE005603014307428AA9C2C40A439243521868F8761AFE84FF6900062C
:20065800764806187622761F01F01A0D0800761F01FC1A050800761F01F01A0B08001809CC
:20066800FF3F761F01F2180DFFBFCC08CFFF1AA910009608CC22CFFF1AA910009622180D4A
:20067800FF7F1A04C000CC083FFF1AA940009608CC223FFF1AA940009622180DFDFFCC0976
:20068800FFF350089609CC23FFF350049623180DFBFF1A050030CC09FFCF50209609CC236C
:20069800FFCF50109623761AFF69000600060006761F01C856BF071056BF03112B1256BF4C
:2006A800A21356BF031456BF2311761F01C856BF072056BF03211822FF00CC23FF0050A21C
:2006B800962356BF032456BF23210006761F01C8280AE040280B20442B0C761F01C8281AB0
:2006C800E040281B20442B1C761F01C8282AE040282B20442B2C0006761F01C856BF0700A6
:2006D80056BF030156BF03041A0400011A0400021802FF00CC03FF0050A2960356BF2301E3
:2006E800761F01C856BF071056BF031156BF03141A1400011A1400021812FF00CC13FF00AD
:2006F80050A2961356BF2311761F01C856BF072056BF03241A2400011A2400021822FF0070
:20070800CC23FF0050A2962356BF23210006FE027622761F01C09229900796419241506837
:200718009629761AFF69FE8200067622761F174C1A2200011A2200041A2200081A220010E7
:200728001A2200201A2300011A2300041A2400011A2400021A2600011A2600021A26000490
:200738001A2600081A2600101A2600201A2600401A2600801A2601001A2602001A260400A2
:200748001A2608001A2800011A2800021A2800041A2800081A2800101A2800201A2A000139
:200758001A2A00021A2A00041A2E00011A2E00021A3000011A3000021A3000041A30000829
:200768001A3200011A3200021A3200041A3400011A3400021A3600011A3600021A380001F1
:200778001A3800021A3900011A3A00011A3C00011A3C00021A3C00041A3C00081A3E0001A4
:200788001A3E00021A3E00041A3E00081A3E00101A3E00201A3E00401A3E0080761F174DF2
:200798001A0300011A0300021A030004761AFF6900067648070F8F481AE028A800008F00E1
:2007A800800028A90A6776481A497640898B7622FF69764815EE761F174C1A3C00011A3C1E
:2007B80000021A3C00041A3C00088F05D1B692C460098F007BDD761F1746A836A838A83A14
:2007C800A83C761F174C183CFFFE183CFFFD183CFFFB183CFFF7761A9A01D400D5019B2864
:2007D800FF69764808207648071D00067622761F1748CC08FFFC50029608F6FA7700F632F1
:2007E80077001A080010761AFF6900067622761F17481808FFF7F6FA7700F6327700180882
:2007F800FFFCF6FA7700F63277001A080010761AFF6900067622761F17481808FFEFF6FA26
:200808007700F6327700CC08FFFC50019608761AFF6900067622761F01C0CC25FF0050557B
:200818009625CC25FF0050AA9625761AFF690006FE207D527C519750964F56BF015F761FD2
:200828001748884F920890030EA90FA6601588509214907F0EA90FA6600F8851CC14030048
:20083800FFC70EA90FA6600888529222903F0EA90FA6FFE101C8884F920890030EA90FA624
:2008480061116F0A764807DE6F0D764807EE6F0A764808026F07924F61F9520161FA5202DF
:2008580061F2762288509214907F0EA90FA660088851CC140300FFC70EA90FA66123761F2D
:200868001744922C761F1748180EFFFDF67877001822FFC02B60926052056714761F174820
:20087800180EFFFEF614770056030851CA500EA91E1492169001520160FD0A60926052056B
:2008880068EE9252523F61089C01CD22FFC0903FCAA896226F06CD22FFC0903FCAA89622BC
:20089800761F01C09222965392299654922A965576222B2ACC25FF0050559625CC25FF00D4
:2008A80050AA962576083B3092BE96562B2256BF2829761F17441A2C0001761F17481A0E50
:2008B8000002F6147700FF69764808127622925F5201FFE001208F000800761F1748CC1614
:2008C8000002FFC052016016180EFFFDF6787700180EFFFEF614770056030851CA500EA958
:2008D8001E1492169001520160FD1A0E0002F6147700761F0030920C9657060A1E44920ED8
:2008E8009658920F9659761F174D923C9007965DCC3C0038FFC2965E761F00309214965AD1
:2008F80006121E469216965B9217965C761F00301A0C00103B01FF2FE0001E0A180EFF009E
:200908001A0C00201A0C80001A0C40006F16761F174DCC3CFFF85001963C6F15761F174D60
:20091800CC3CFFF85002963C6F0E761F174DCC3CFFF85003963C6F07924F61F1520161F6AF
:20092800520261E6761F00301A1480001A1440001A140010A8121816FF001A140020761F2B
:2009380000301A0C0010761F00301A140010761F00301A0C0020761F00301A1400201A14EA
:2009480080001814FFEF761F0030180CFFEF761F00304F146D05761F00304F0C6CF9761F6A
:2009580000301A0C0010761F00301A1400103B01FF2FE000761F003003081E489257960C0B
:2009680006441E0A9258960E9259960F925D761F174D9007CD3CFFF8CAA8963C925E900795
:20097800FF82CD3CFFC7CAA8963C925A761F0030961406461E12925B9616925C9617E2C41A
:2009880001517700E8020400E274000977007700E2C403507700E71000C87700E203004C74
:20099800761F17489222903F60039A016F059222903F560301A985A9BDA90F12770077002D
:2009A80077007700E68900007700E203004EE2840148E2AF034CE2AF024EE8022800E27450
:2009B8000008E27400997700770077007700E72000087700E203004A9B009A01E801EE602A
:2009C800E2AF014AE80E6668E6940001AD14620AE805EE60E80E6668E6940001AD14640226
:2009D8009A00520061029B01975F925F5201FFE1FEE6761F1744182CFFFE761F01C0CC259E
:2009E800FF0050559625CC25FF0050AA96251A540028925496299255962ACC53FFFE962235
:2009F80040566D02291041566D022920F6C87700761F17489252CD22FFC0903FCAA896229E
:200A0800761AFEA0FF690006FE068F082748A8428F000D00A844020607421E4202060744B2
:200A18001E4476222B45924552DD670D83448A42A0A9C4840902A8421E44C2C50A459245B2
:200A280052DD68F5761A761F00331A200001FF69FE8600063B10761F00331820FFFE2B2208
:200A38002B242B262B282B2A2B2C2B2E2B302B322B342B362B382B232B252B272B292B2B31
:200A48002B2D2B2F2B312B332B352B372B39FF690006FE04A044A84206440F42690C8A42E2
:200A58009284A8428A48C4A4DE01C24896C406440F4266F6FE8400068F000C00761F022C24
:200A6800A8380200761F003019011E022B062B071A0400101A0400200200761F022C1E3AA1
:200A78000006FE08E2030146E2030044A84206441EE48A4206461EF4E2AF0044E2AF0146F0
:200A8800E70000087700E68800007700E20300488A428AC4064819011ED48A428AC42BF429
:200A98008A428AC42BFC8A428AC41AE400108A428AC41AE400208A428AC418E4FBFF8A42C1
:200AA8008AC418E4F7FF8A428AC41AE440008A4202001ED4FE880006FE022B419241523C7D
:200AB800670677000A419241523C68FCFE82FF690006FE0496412B426F0B2B431B432EE0A2
:200AC800670677000A431B432EE068FC0A429241544266F4FE84FF69000676229A55F4A9EA
:200AD80070259AAAF4A97025761AFF690006FE068F084002A8428F084003A8448F08400091
:200AE800A84688C42901FF20FFFF0FA6610D8A4228A9463554C460088A4428A9504E54C45D
:200AF800600300484000FE86FF69000676480B0F76480B3D761F022C56BF010C76480E4929
:200B080076480B8476480B9F76480BE100060201761F022C1E1C2B0E2B0C2B0D2B119211E1
:200B1800528C670E58118F00C9002894FFFF58118F008A802B940A119211528C68F42B11FA
:200B280056BF051756BF05182B0F56BFFF1002001E1E8F080000A8228F00FFFFA8302B328B
:200B38002B338F084000A820000676480E8D761F022C580D8F008A809294520D6034761FD2
:200B4800022A9200524660289201523560259202525060229203524E601F9206520D601C31
:200B5800920452306015920552316012761F022C921776480E4F9A4176480E649A0D76486D
:200B68000E64761F022C921876480E4F6F13761F022C2B0D6F04761F022C2B0D761F022AC7
:200B78002B006FC4920D528B67C1920E61BF0A0D6FBD000602000006FE0A9A068F084000CB
:200B88007640870E96497640878E520260FD5DADFF2002008F084000DD885DA57640854AB9
:200B9800964952006103764088FEFE8A0006FE0C9A0228A85A5A8F0500241EC48F05F8008E
:200BA80002C876408496964B52006103764088FE9A00764086C3964B52006103764088FE54
:200BB8008F084000A84A8F0AFFFFA8A90F4A69208A4A9A067640870E964B7640878E5202CB
:200BC80060FD5DADFF2002008A4ADD885DA57640854A964B52006103764088FEFF200400CF
:200BD800074A1E4A8F0AFFFFA8A90F4A66E2FE8C0006B2BDFE06761F022C2B1176480E49A4
:200BE800761F022C2B0D76480E8D6F06761F022C2B0D76480E8D761F022A9200520568F7C7
:200BF800528C66F5761F022C56BF010D2B0C6F0976480E8D761F022C0A0D920D528C6708F0
:200C0800761F022A9200761F022C540D66F2761F01FC1A070800761F022C920D52056823FE
:200C18002B0F56BFFF100B0D761F022A560308029403761F022C0EA91E1E06225601001E38
:200C28002B118F008A806F0558119294F20F0A11920D541166FA58118F008A809294961086
:200C38000A0D6F0456BFFF0F2B10921776480E4F761F022C88100E0F0FA6FFE00181920DC3
:200C48005208602E761F022A9204525260299205524F60269206524160239A4176480E64A9
:200C5800761F022C28AC00180620562290FF76480E64761F022CCC2100FF76480E64761FFC
:200C6800022C29010620FF4790FF76480E64761F022CCC2000FF76480E64FFEF0154761F33
:200C7800022C920D520C603A761F022A92045243603592055252603292065243602F9A648F
:200C880076480E4F761F022A880728AC001806A6563B1EA62901250807A61EA756030809C1
:200C980088A906A70DA60D0A761F022C1E288F42C0008F084000A0A976480DD9761F022C73
:200CA8001E2A0F2860069A4176480E64FFEF011B9A4E76480E64FFEF0116761F022C920DB3
:200CB800520A6028761F022A9204524560239205524F602092065241601D560308072901D5
:200CC8009408761F022C25A91E228F080000A8A90F22660B8F0AFFFFA8A90F2268069A41B3
:200CD80076480E64FFEF00EF9A4E76480E64FFEF00EA761F022C920D52086049761F022AD9
:200CE8009204524560449205524F604192065246603E8F084000A8448F084001A8468A441D
:200CF80088C42901FF20FFFF0FA6601A8A4688C40FA660168F084002A8448F084003A84646
:200D08008A4488C40FA6600C8A4688C40FA6600802048F0840001E42A8A9764089078A44B5
:200D180088C42901FF20FFFF0FA6610C8A4688C40FA661089A4176480E649A0D76480E64EA
:200D28006F009A4E76480E64FFEF009D8F084000761F022CA8A90F1E662D8F084010A8A9B6
:200D38000F1E6928761F022A92085246600492095235610A920A52506004920B524E6104B5
:200D4800920552486013560308049405761F022D9628761F022A560308069407761F022DE0
:200D580096299A4176480E646F6D9A4E76480E646F698F084000A8A90F1E665D8F0AFFFF36
:200D6800A8A90F1E6858761F022A40016D50761F022C56BF04116F43761F022C5911581139
:200D78008F008A805603089CD80194940EA91E2458129A0193248F00C90094A096129794B0
:200D8800761F022A9201520269089A027401761F022C081100026F238F084000761F022C17
:200D9800A8A90F1E66068F084010A8A90F1E6608061E1E200E121E42061E7640894F761F55
:200DA800022A2B01761F022C921261098F00C90058122894FFFF0B12921260FB761F022AA9
:200DB800920160BB9A4176480E646F0C9A4E76480E646F089A4E76480E646F049A4E764827
:200DC8000E649A0D76480E64761F01FC1A0C00021A022000761F022C921876480E4FFFEF56
:200DD800FE0FFE0C1E44A842020019011E4802001E4606440F46695F290106421E4A8F08D8
:200DE8004000A8A90F4A600A761F022DCC28FF00FFC7964BC628964C6F2A8F084001A8A9A7
:200DF8000F4A600A761F022DCC29FF00FFC7964BC629964C6F1C8F084002A8A90F4A600674
:200E080056BF464B56BF354C6F128F084003A8A90F4A600656BF504B56BF4E4C6F088A4281
:200E180092C4FFC7964B92C490FF964C06488F082548B74B9B0090FFFF30560100A4064800
:200E2800FF4770C471CC1E48B74C9B0090FF8F082548FF30560100A40648FF4770C471CC2D
:200E38001E48020107421E42020107461E4606440F4666A406481CA9FFFF1CA8FFFFFE8CCE
:200E4800000676480AD5761F022E2B040006FE0496412B425442690E2B431B43271067062A
:200E580077000A431B43271068FC0A429241544266F4FE84FF690006FE029641761F022C24
:200E680002010F1C600A761F01C8CC0A1F00FFC760FB924196096F1802020F1C600A761F37
:200E780001C8CC1A1F00FFC760FB924196196F0C02030F1C6009761F01C8CC2A1F00FFC79C
:200E880060FB92419629FE820006FE022B410201761F022C0F1C6008761F01C8CC0B1F00BE
:200E9800FFC796416F1402020F1C6008761F01C8CC1B1F00FFC796416F0A02030F1C600772
:200EA800761F01C8CC2B1F00FFC7964192416039761F022C920C5201600376480E49761FEC
:200EB800022C920E600F02010F1C600402021E1C6F0902020F1C600402031E1C6F0302014E
:200EC8001E1C02010F1C6008761F01C8CC0B1F00FFC796416F1402020F1C6008761F01C8D1
:200ED800CC1B1F00FFC796416F0A02030F1C6007761F01C8CC2B1F00FFC79641924161C939
:200EE8000201761F022C0F1C6009580D761F01C88F008A80C60796946F1602020F1C600920
:200EF800580D761F01C88F008A80C61796946F0B02030F1C6008580D761F01C88F008A8009
:200F0800C6279694761F022C920E600A580D8F008A8092945246600456BF040E6F51920E3E
:200F18005204604E580D8F008A809294520D6033761F022A9200524660299201523560268B
:200F28009202525060239203524E60209206520D601D9204523060159205523160120201AB
:200F3800761F022C0F1C600456BF010E6F1902020F1C600456BF020E6F1356BF030E6F10BC
:200F4800761F022C2B0E2B0D6F0B761F022C2B0E2B0D6F06920D520769032B0E2B0D920EBD
:200F5800600F02010F1C600402021E1C6F0902020F1C600402031E1C6F0302011E1CFE82C1
:200F680000067622FF69764815EE761F174C1A3C00011A3C00021A3C00041A3C00088F05AF
:200F7800D1B692C460098F007BDD761F1746A836A838A83AA83C761F174C183CFFFE183C19
:200F8800FFFD183CFFFB183CFFF7761A9A00D400D5019B28FF697648106E76480F9800060F
:200F98007622761F174C1A2200011A2200041A2200081A2200101A2200201A2300011A23C5
:200FA80000041A2400011A2400021A2600011A2600021A2600041A2600081A2600101A2607
:200FB80000201A2600401A2600801A2601001A2602001A2604001A2608001A2800011A2825
:200FC80000021A2800041A2800081A2800101A2800201A2A00011A2A00021A2A00041A2EA8
:200FD80000011A2E00021A3000011A3000021A3000041A3000081A3200011A3200021A3290
:200FE80000041A3400011A3400021A3600011A3600021A3800011A3800021A3900011A3A54
:200FF80000011A3C00011A3C00021A3C00041A3C00081A3E00011A3E00021A3E00041A3E0A
:2010080000081A3E00101A3E00201A3E00401A3E0080761F174D1A0300011A0300021A031D
:201018000004761AFF69000676220200761F174C1E221E241E261E281E2A1E2E1E301E32E6
:201028001E341E361E381E3A1E3C1E3E761F174D1E02761AFF69000676229A0228A85A5ACF
:20103800761F14001E24761AFF69000676229A0128A85A5A761F14001E24761AFF6900060F
:2010480076229A0028A85A5A761F14001E24761AFF6900067622761F01C0CC25FF00505566
:201058009625CC25FF0050AA9625761AFF690006FE027622761F01C0922990079641924130
:2010680050689629761AFF69FE820006FE207D527C519750964F56BF015F761F1748884FAD
:20107800920890030EA90FA6601588509214907F0EA90FA6600F8851CC140300FFC70EA9A9
:201088000FA6600888529222903F0EA90FA6FFE101CA884F920890030EA90FA661116F0A5C
:201098007648136C6F0D7648137C6F0A764813906F07924F61F9520161FA520261F27622BA
:2010A800761F174888509214907F0EA90FA660088851CC140300FFC70EA90FA66123761FCC
:2010B8001744922C761F1748180EFFFDF67877001822FFC02B60926052056714761F1748C8
:2010C800180EFFFEF614770056030851CA500EA91E1492169001520160FD0A609260520513
:2010D80068EE9252523F61089C01CD22FFC0903FCAA896226F06CD22FFC0903FCAA8962264
:2010E800761F01C09222965392299654922A965576222B2ACC25FF0050559625CC25FF007C
:2010F80050AA962576083B3092BE96562B2256BF2829761F17441A2C0001761F17481A0EF8
:201108000002F6147700FF69764810527622925F5201FFE001208F000800761F1748CC1673
:201118000002FFC052016016180EFFFDF6787700180EFFFEF614770056030851CA500EA9FF
:201128001E1492169001520160FD1A0E0002F6147700761F0030920C9657060A1E44920E7F
:201138009658920F9659761F174D923C9007965DCC3C0038FFC2965E761F00309214965A78
:2011480006121E469216965B9217965C761F00301A0C00103B01FF2FE0001E0A180EFF0045
:201158001A0C00201A0C80001A0C40006F16761F174DCC3CFFF85001963C6F15761F174D08
:20116800CC3CFFF85002963C6F0E761F174DCC3CFFF85003963C6F07924F61F1520161F657
:20117800520261E6761F00301A1480001A1440001A140010A8121816FF001A140020761FD3
:2011880000301A0C0010761F00301A140010761F00301A0C0020761F00301A1400201A1492
:2011980080001814FFEF761F0030180CFFEF761F00304F146D05761F00304F0C6CF9761F12
:2011A80000301A0C0010761F00301A1400103B01FF2FE000761F003003081E489257960CB3
:2011B80006441E0A9258960E9259960F925D761F174D9007CD3CFFF8CAA8963C925E90073D
:2011C800FF82CD3CFFC7CAA8963C925A761F0030961406461E12925B9616925C9617E2C4C2
:2011D80001517700E8020400E274000977007700E2C403507700E71000C87700E203004C1C
:2011E800761F17489222903F60039A016F059222903F560301A985A9BDA90F1277007700D5
:2011F80077007700E68900007700E203004EE2840148E2AF034CE2AF024EE8022800E274F8
:201208000008E27400997700770077007700E72000087700E203004A9B009A01E801EE60D1
:20121800E2AF014AE80E6668E6940001AD14620AE805EE60E80E6668E6940001AD146402CD
:201228009A00520061029B01975F925F5201FFE1FEE6761F1744182CFFFE761F01C0CC2545
:20123800FF0050559625CC25FF0050AA96251A540028925496299255962ACC53FFFE9622DC
:2012480040566D02291041566D022920F6C87700761F17489252CD22FFC0903FCAA8962245
:20125800761AFEA0FF690006FE107D467C45974496432B482B49761F17488843920A9003BF
:201268000EA90FA6601F8844921E907F0EA90FA660198845CC1E0300FFC70EA90FA66012AD
:201278008846922490030EA90FA6FFE100CB6F0A764813A06F0D764813AA6F0A764813B647
:201288006F07924361F6520161F7520461F87622761F17481818FFFD761AF6787700761F88
:20129800174D923C9007964DCC3C0038FFC2964E761F00309214964A06121E429216964B59
:2012A8009217964C7622761F174DCC3CFFF85006963C183CFFC7761F00301A140010020ABA
:2012B8001E122B162B171814BFFF761F17481A240003761A6F347622761F17481818FFFE58
:2012C800F614770056030845CA440EA91E1E1A180001761A92209001520160FD76221A185E
:2012D8000002F6147700761F00301A1400201814FFEF2B471B4703E8670E761F00304F14EA
:2012E8006C061A14800056BF01496F050A471B4703E868F41A1400100A48761A92485205A8
:2012F8006703924961C99249600876220200761F17481E1E761A76252B4F6F197622181865
:20130800FFFDF67877001818FFFEF614770056030845CA440EA91E1E92209001520160FD9C
:201318001A180002F61477000A4F761A761F174841206C04924F520A68E276229246CD246A
:20132800FFFC9003CAA89624761F174D924D9007CD3CFFF8CAA8963C924E9007FF82CD3C37
:20133800FFC7CAA8963C924A761F0030961406421E12924B9616924C96171A140020761AD6
:20134800FE90FF69000676220200761F17C019011E10020019011E12020019011E1402009F
:2013580019011E160200761F17C119011E10020019011E12020019011E14020019011E1686
:20136800761A9A00FF6900067622761F1748CC08FFFC50029608F6FA7700F63277001A085A
:201378000010761AFF6900067622761F17481808FFF7F6FA7700F63277001808FFFCF6FA94
:201388007700F63277001A080010761AFF6900067622761F17481808FFEFF6FA7700F632D6
:201398007700CC08FFFC50019608761AFF6900067622761F17481808FFF7180AFFFC761AB3
:2013A800FF6900067622761F17481808FFEFCC0AFFFC5001960A761AFF6900067622761F30
:2013B8001748CC0AFFFC5002960A761AFF6900067622761F174D1836FFFC761A7621FF698C
:2013C80000067622761F174DCC36FFFC50019636761A7621FF6900067622761F174DCC362C
:2013D800FFFC50029636761F1748180EFFFD180EFFFE761A7621FF6900067622761F174D7D
:2013E8001A360003761AFF697648101C7622761F1748180EFFFD180EFFFE761A7621FF6950
:2013F8000006FE0476220200761F01F01E3C761F01F11E3C761F01F21E3C761F01F31E3CAD
:20140800761F01F41E3C761F01F51E3C8F007C00A8422B43924352C0670F2901BE00901FA4
:20141800520661065603014307428AA9C2C40A43924352C068F58F007F00A8422B4392438A
:201428005218670C2901BE005603014307428AA9C2C40A439243521868F8761AFE84FF69DA
:201438000006FE0E7C4B974A9649901F964C9249900F964D92499007964E29018F007C0082
:201448009249FFC4FF84560301A9560100A4A842924B520F666C924CFFC3560301A907427F
:2014580009061E44924CFFC3560301A9074209201E46924CFFC2560301A9074209281E4808
:201468007622FF6902038A44FF5A5603014D16A9563BFF55FF5A92ABC0C492AAC0CC020306
:20147800FF5A8A465603014D16A9563BFF55FF5A92ABC0C492AAC0CC0203FF5A924BFFC103
:2014880088A98A46A9A989A6FF5A5603014D16A9563BFF5A92AB98C492AA98CC0203894B07
:201498008A44FF5A5603014D16A9563BFF5A92AB98C492AA98CC0203FF5A8A485603024EAB
:2014A80016A9563BFF55FF5A92ABC0C492AAC0CC0203894A8A48FF5A5603024E16A9563BA2
:2014B800FF5A92AB98C492AA98CC761AFE8EFF690006FE187C5797569655901F0EA91E4E65
:2014C8009255900F0EA91E502D4E0201563B1E5229018F007C009255FFC4FF84560301A975
:2014D800560100A4A842020A07421E44020C07421E46021007421E48021207421E4A064EC3
:2014E800FF43FF30074209021E4C76228A440652FF55C0C4C1CC92565201601F8A440652B2
:2014F80098C499CC42576C068A4A065298C499CC6F068A4A0652FF55C0C4C1CC9257900597
:2015080061078A460652FF55C0C4C1CC6F238A46065298C499CC6F1E8A440652FF55C0C4C8
:20151800C1CC40576C078A460652FF55C0C4C1CC6F058A46065298C499CC41576C068A4856
:20152800065298C499CC6F068A480652FF55C0C4C1CC92579030FFC30EA91E54FF69020385
:201538008A4CFF5A5603015016A9563BFF55FF5A92ABC0C492AAC0CC0654610CA35456031D
:2015480001508A4C16A9563BFF5A92AB98C492AA98CC761AFE98FF690006FE0A974A96491E
:20155800901F0EA91E462D460201563B1E4829018F007C009249FFC4FF84560301A956018C
:2015680000A4A842023C07421E447622924A61068A44064898C499CC6F068A440648FF554F
:20157800C0C4C1CC761AFE8AFF690006FE0296417622761F01E49603761AFF69FE820006BC
:20158800FE0296417622761F01E49604761AFF69FE820006FE0296417622761F01E49605BE
:20159800761AFF69FE820006FE0296417622761F01E4960C761AFF69FE820006FE029641D5
:2015A8007622761F01E4960D761AFF69FE820006762228A9FFFF28A87FFF761F01F21E0C89
:2015B800761F01F302081E0C761F01F402201E0C3B01761F01F5FF29FFFF1E0C761AFF6971
:2015C800000676228F3FFC1C761F01F0A80C28A90E0028A8FC00761F01F11E0C28A943E7EE
:2015D80028A81EF0761F01F21E0C761F01F302081E0C761F01F402001E0C3B01761F01F529
:2015E800FF29FFFF1E0C761AFF690006FE02761F17400608290118A907009100FF479641FB
:2015F80052056004764815C96F0652066004764815B06F01FE820006FE049643FFC429010A
:201608008F007F00FF81560301A9560100A4A8429243901F2DA906C456221EA692A6900123
:201618009644FE840006FE0697469645FFC429018F007F00FF81560301A9560100A4A84231
:2016280002011EA69245901F2DA906A6563B1E449246600406441EE46F0306441ED4FE8626
:201638000006FE06A044A84206441E468A4609011E462BC48A46A8A909011E462BC48A4691
:20164800A8A909011E462BC48A46A8A909011E462BC48A46A8A909011E462BC48A46A8A9B7
:2016580009011E462BC48A46A8A909011E462BC48A46A8A909011E462BC48A46A8A90901EE
:201668001E4628C40A0A8A46A8A909011E462BC48A46A8A909011E4628C4018D8A46A8A956
:2016780009011E462BC4C54606A709011E46924296C783468AA50642DC01A84697C58A4667
:20168800A8A909011E4628C40A0A8A46A8A909011E462BC48A46A8A909011E462BC48A46B7
:20169800A8A909011E462BC48A46A8A909011E462BC48A46A8A909011E462BC48A46A8A967
:2016A80009011E462BC48A46A8A909011E462BC48A46A8A909011E462BC48A46A8A909019E
:2016B8001E462BC48A46A8A909011E462BC48A46A8A909011E462BC48A46A8A909011E4634
:2016C8002BC48A46A8A909011E462BC48A46A8A909011E462BC48A46A8A909011E462BC499
:2016D8008A46A8A909011E462BC48A46A8A909011E462BC48A46A8A909011E462BC48A46A8
:2016E800A8A909011E462BC4020107461E468A46FE860006761BFFF0E20000BDE6300600EB
:2016F80029425616761F003328210100E28000BEFFF176177602761BFFF0E20000BDE6309F
:20170800060029425616761F003328210100E28000BEFFF176177602761BFFF0E20000BD9E
:20171800E630060029425616761F003328210100E28000BEFFF176177602761BFFF0E20035
:2017280000BDE630060029425616761F003328210100E28000BEFFF176177602761BFFF04A
:20173800E20000BDE630060029425616761F003356BF8021E28000BEFFF176177602761BDB
:20174800FFF0E20000BDE630060029425616761F003356BF8021E28000BEFFF1761776026D
:20175800761BFFF00005ABBDA8BDA0BDC2BDC3BDE20000BDE20300BDE20301BDE20302BD3B
:20176800E20303BDE6300600FF6929425616761F022E0A041B04032068052B049A00764858
:201778001A329A0176481A2CE2AF03BEE2AF02BEE2AF01BEE2AF00BEE28000BEC5BEC4BEFF
:2017880083BE8ABE87BE00033B30FFF176177602761F022D921E900F6108921E900F58A944
:201798008F008B4092946F26921E90F0610ACC1E00F0FFC358A98F008B4092949C046F1A3B
:2017A800CC1E0F00610ACC1E0F00FFC758A98F008B4092949C086F0ECC1EF000610ACC1E2D
:2017B800F000FFCB58A98F008B4092949C0C6F029A0300063B10FF6976481790761F022D3E
:2017C800961F761F022D962028AC0006761F022D8F008A68301F560100A4761F022DA822DB
:2017D800003F2910FF6900068F008BC0761F022DA8260006761F022D2B1E761F022D2B207D
:2017E800761F022D2B1F0200761F022D1E22761F022D1E240006FE048F008A68A8422B43E6
:2017F8009243520467148A4202001EC48A422BD48A422BDC8A422BE48A4228ECFFFF02061C
:2018080007421E420A439243520468EEFE840006FE0296413B10761F022D8A2496EC8A24FD
:2018180092E496429241FF5ECE42601B761F022D9A012D20761F022DFF66FF5EC01E29105E
:20182800FF69764817C23B10761F022D8A2492E496429241C0E429109241FF5ECE426F0730
:201838009241C0E429109241FF5ECE42FE82FF690006FE023B10761F022D8A2492E49641A8
:201848002BE429109241FF69FE820006FE04974496433B1028AC00068F008A683043560151
:2018580000A4A8429A012D44FF6698E48A4292ECFF5ECEE461072D439A01761F022DFF6600
:20186800981E2910FE84FF690006764817DC764817E2764817F3000676481790761F022D22
:20187800961F962028AC00068F008A68301F560100A4A82206221E24764819560006FE0AD1
:20188800974A9649A842761F022D06261E480E4956010026834876481639A84628AC0006CC
:201898008F008A68304A560100A4A84406461EC48A442BD48A442BDC8A442BE49A01761F71
:2018A800022D2D4AFF66981EFE8A000676481790761F022D961F881F0E200FA6610D921F4A
:2018B800962028AC00068F008A68301F560100A4A82276481989000628AD91CEFF69561F74
:2018C8005616561AE61002002940761F00002902761B76481ADB52006142762228A9290830
:2018D80028A800080901611B76C8290829046F0F9B0024A9DF016C04290424A8DF011EA623
:2018E800F7A1248606A781A109011EA724A96303FF5C3B0459A9DF010009FFEC28A9FFFF8E
:2018F80028A8FFFF090161058F3FFFFF76481A08761A76481ADD28A9FFFF28A8FFFF0901FA
:20190800610E76FFFFFF6F06DF01C3BD1EA73E67C5BE24A9DF0124A8FF5860F776481AAE6E
:20191800764819E176480ADF764805BB7648186D28A9012C9B008F081A8176481887761FD2
:2019280002292B2B56BF0C2A28A901909B018F0819B676481887761F022956BF053156BFF2
:20193800643028A9012C9B028F081A6676481887761F022956BF073756BFC83628A9012CC8
:201948009B038F081A9A76481887761F022956BF0F3D56BF643C764818740006761F022D4F
:20195800C42406C696AD000787BEC5BEC4BE83BE8ABE82BE86BE000376017602761B760918
:201968000005AABDA2BDA8BDA0BDC2BDC3BDABBD0004761F022DC42492AD1EC6761F022DD4
:20197800C52206C796AD06221E24000787BEC5BEC4BE83BE8ABE82BE86BE00037601761789
:201988007602000700076FE6761BFFF0E20000BDE6300600FE0229425616F5410CE092415D
:2019980090FEFFC096421B410E0068030842008076256F00761BFFF0E20000BDE630060026
:2019A8002942561676256F00761BFFF0E20000BDE63006002942561676256F00FE02764864
:2019B80019D49A00764818109641761F01FC1A0A00021A04200028A903E876480E4F761F69
:2019C80001FC1A0C00021A02200076480E4976480AFE40416CE76FE6761F022E2B051A0586
:2019D80000010006761F022ECC050001000677006F00B2BD761F022D59A99236610D28AB27
:2019E800FFFF28AAFFFF28A9FFFF28A8FFFF0FAB6103767FFFFF761F022DC53E3E67761F62
:2019F800022D063A61041EA792A13E67761F022D063861031EA73E67764819DF8BBE000689
:201A0800B2BDAABDA2BDFE0882A4D1005ACB6F155CAD2901560303A107A3DC8809025CA49A
:201A180083A9020876481A49064261068A44834676481A495ACBD90192A254A166EAFE88F2
:201A280082BE86BE8BBE0006FE029641F4410CE1FE820006FE029641762252016009F5A983
:201A38007022CCA9FFFE5002F4A970226F07F5A9702218A9FFFCF4A97022761AFE82FF6900
:201A480000065200A8ABC5A4610788A9DE815C857C87000EFFFE88A90FA6610F5300610D6C
:201A58009DFF5CA876BFFFFE92859687000EFFFE92859687000CFFF8A9A40006FE02764815
:201A68001A7D9A0076481810964140416CFB761F022D0A3D923D520268F5761F01FC1A163B
:201A78000020761F022D2B3D6FED761F022D2B3C0006FE0276481A969A01764818109A01EB
:201A8800764818109A0076481810964140416CFB0201761F022D560100346FF5761F022D9F
:201A98002B300006FE0276481AA99A0076481810964140416CFB0201761F022D5601001CD3
:201AA8006FF59A017648181000060006020028ABFFFF28AAFFFF19010FAB60049A00D400E4
:201AB8006F05A9A492C4A9A4DC027648191A00067640898B764089B9764087AB000676258A
:201AC800FF690006761F022EA8000006761F022DA83E00060006561F7622B9C02829006828
:0C1AD800761A004818C49A0100060006A7
:201AE000AABD5AADDA84FE709645762229018F0700A856030B45560100A4D00CA8922BE20A
:201AF00002001EF202300FF269155CADDCE65DA406F2FF30D00C560100A506F2FF30079288
:201B00008AA906C41EC5020107F21EF202300FF266ED924552076006761F021E920B96EAEB
:201B10006F05761F021E920A96EA92EA9C01560301A980A9BE00FF690E0CC342C24476402A
:201B2000864AD00A1E925CEA761F021EDC0180A4BE005603040C0EA9C342C2447640864AE0
:201B3000D0081E92D024CC920FFFD00A0EA90F92670528E201F8FFEF020C5CAD02161E428F
:201B4000DCE602105CA476408799D0340F92610528E201F6FFEF01FD761F021E8A0402029C
:201B500018D4FFFD07048AA99A009001CDC4FFFECAA896C48F000144A8A907048AA9CCC4D7
:201B6000FFF8500596C4D0080692D02A1E420E9276408766761F021E8F0001201EA6A8A938
:201B700007048AA97EC4D0080692D02C1E42069276408766761F021E8F0001221EA6A8A952
:201B800007048AA9C2C4D0080692D0211E42929290FF0EA976408766761F021E88A98F003E
:201B90000110A8A907048AA992A693C43CA897C4D0080692D0231E42CC92FF00FFC70EA92A
:201BA00076408766761F021E8F0001141EA6A8A907048AA992A693C439A997C4D00806929A
:201BB000D0251E42CC92FF00FFC70EA976408766761F021E8F0001161EA6A8A907048AA995
:201BC0007EC4D0080692D0221E42CC92FF00FFC70EA976408766761F021E8F00011A1EA661
:201BD000A8A907048AA992A693C439A997C4D01FCC92FF008F000108FFC788A9A8A9070463
:201BE0008AA992C438A696C4D01F8F000108CC9200FF88A9A8A907048AA992A693C43CA80D
:201BF00097C4D01E8F00010CCC92FF00FFC788A9A8A907048AA992C438A696C4D01E8F0002
:201C0000010CCC9200FF88A9A8A907048AA992A693C43CA897C4D0208F00010ECC920FFFD2
:201C100088A9A8A907048AA992A6CCA90FFFCDC4F000CAA896C4D0208F00010ECC92F00010
:201C2000FFCB80A9A8A907048AA9CCC40FFF88A956030CA7CAA696C4D0248F00010ACC9291
:201C3000F000FFCB80A9A8A907048AA9CCC40FFF88A956030CA7CAA696C4D0218F000110EC
:201C4000CC92FF00FFC788A9A8A907048AA992C438A696C4D0238F000112CC9200FF88A9F0
:201C5000A8A907048AA992A693C43CA897C48F000134A8A907048AA9D0289292CCA90FFF25
:201C6000CDC4F000CAA896C48F000135A8A907048AA9D0279292CCA901FFCDC4FE00CAA832
:201C700096C48F000136A8A907048AA9D02B9292CCA90FFFCDC4F000CAA896C48F000137EF
:201C8000A8A907048AA9D02E9292CCA901FFCDC4FE00CAA896C48F000139A8A907048AA96B
:201C900018C4FE00D0268F00013CA8A907048AA992929CFF907FCDC4FF80CAA896C48F00D0
:201CA000013EA8A907048AA98F404500A0C4023207048AA928C4AA55D032CC92FF00FFC75C
:201CB00088A9024007048AA9CCA6000FCDC4FFF0CAA896C4024307048AA9D02E9292CCA97C
:201CC00001FFCDC4FE00CAA896C4024207048AA9D0319292CCA901FFCDC4FE00CAA896C432
:201CD000024507048AA9D02F9292CCA901FFCDC4FE00CAA896C4BE00024607048AA9C2C4B2
:201CE000028007048AA98F410104A0C4028207048AA98F400103A0C4028407048AA918C452
:201CF000FFF8028607048AA918C4FF80D030CC92FF00FFC788A9024807048AA9CCA6001F4F
:201D0000FF87CDC4E0FFCAA896C4D030CC9200FF88A9024807048AA992A6901FCDC4FFE094
:201D1000CAA896C4D033CC92FF00FFC780A9024A07048AA9CCC40FFF88A956030CA7CAA6C3
:201D200096C4D033CC9200FF88A9024C07048AA992A6901FCDC4FFE0CAA896C4D025CC92B6
:201D300000FF88A9025407048AA992A693C43CA897C4028207048AA9A0C4028007048AA91B
:201D40008F410104A0C4023207048AA92BC48F000144761F021EA8A907048AA9CCC4FFF84A
:201D5000500296C492E2FEF086BE0006FE2A97469645A044A84276222B47761F021E02901C
:201D600007041E4A02A007041E4C9206964D9208964E02001E501E521E541E561E5856034B
:201D7000014596599246965A06441E5C066E1E5E2B5F2B602B6102001E642B651E681E6ADF
:201D80000642FF301E42022807048AA992C49007520760059207964D9209964E5C4D06426D
:201D9000DC8189A41E50926F5202610A92596106884D0E5907500FA66903284701FD926F07
:201DA0005201610E5200610C925A61080650884E2901FF420D5A0FA66903284701FE926FBF
:201DB0005203600E92599007610B0E5A1EA69259FFC280A906A60FA76103284701FF8F0E8F
:201DC0000000A8A90F4266088F0F0000A8A90F426903284701FB8F0F0030A8A90F426608FE
:201DD0008F0F0038A8A90F426903284701FB8F0F0430A8A90F4266088F0F0438A8A90F4246
:201DE0006903284701FB8F0F0000A8A90F4266068F0F0020A8A90F42660B8F0F0400A8A99C
:201DF0000F42660E8F0F0420A8A90F426909926F52026004284702006F0356BF016F8F0781
:201E0000020192C4900F0EA91E6A02070F6A9247FFE000E89A10FF69764085EF9A027640DB
:201E10008674926F60128F000203761F021EA8A907048AA9CCC40020FFC452016006028FB0
:201E200007048AA91AC401000288C442761F021E07048AA9C2C4926F5202611C065029012A
:201E3000FF401E6892459CFF0EA907681E5206681E5806520F58680E835C0658074A8AA9EB
:201E40008885A05C7EC4020107581E5806520F5867F4028F761F021E07048AA9CCC4010030
:201E5000FFC75201FFE1008C926F5201FFE1008806502901FF421E54926F600A92599CFF0D
:201E60000EA907501E52FF4209011E566F040E5A07541E568F100000A8A90F42660E8F1F18
:201E7000FFFEA8A90F4268090642FF0F0020FF43FF1F02101E646F2B8F0F0000A8A90F42FE
:201E8000660E8F0F07FEA8A90F4268090642FF0F001EFF43FF1C10711E646F198F0F10000E
:201E9000A8A90F4266128F0F17FEA8A90F42680D064228AB120028AA0107FF0C00F1FF4309
:201EA000560100ABA9646F03284701FB924760372B6506541E5806560F5869318A6492C4C5
:201EB000965F0658600FC55E92C79660925FFFC788A98A4C56030860CAA696CC56BF016512
:201EC0006F1802010F5860158A5E9284FFC7A85E96619265520160088A4C56030860CA6167
:201ED00096CC2B656F068A4C5603085FCA6196CC020107581E5806560F5866D19A02764044
:201EE00085EF761F021E028F07048AA9CCC40100FFC752016006028F07048AA918C4FEFF32
:201EF0009247FF69FEAA0006FE0EA0461E44A8427622FF6906427640858752006030064271
:201F00001E4806448AA9DC81A844616E8A52834806C40FC5610F8A4606481EC48A48834676
:201F100006C41ED58A52834606C41EE528A901F46F5C06489B0090FFFF58600376408A651A
:201F200092536104020207521E52020207481E4806448AA9DC81A84460DA6F4606421E486E
:201F300006521E4A56BF044B56BF024B06448AA9DC81A844613902001E4E0E4B0F4E6920FE
:201F4000064E074A8AA9064E88C407488AA980C406A60FA7610F8A4606481EC48A488346D6
:201F50000EC41ED58A4A83460EC41EE528A901F46F1C0201074E1E4E0E4B0F4E66E20648D9
:201F60009B0090FFFF58600376408A65925361040202074A1E4A020207481E4806448AA99B
:201F7000DC81A84460C99A00FE8E0006FE041E44A84276228F05D20806C49B009003FF5810
:201F80006107BE0206C49B0090030FA6600FC544BE6406A7FF3007A7FF5A0200F61F56176B
:201F900000A6A9A9074409011E449244761F021E960C8A42CCC40F00FFC7960A8F00015D97
:201FA000A8A907428AA992C4900F960B06421E048F000200A8A907428AA992C4FFC3CCA969
:201FB00001C0FFC296068F000200A8A907428AA9CCC40380FFC3FFC296088F000201A8A97E
:201FC00007428AA9CCC40C00FFC3FFC296078F000201A8A907428AA9CCC40180FFC3FFC2D6
:201FD00096099A00FF69FE8400067622021A761F021E07048AA98F40FFFFA0C48F0001441C
:201FE000A8A907048AA9BE00CCC4FFF8500596C48F000152A8A907048AA9C2C48F00014493
:201FF000A8A907048AA9CCC4FFF8500296C48F000144A8A907048AA9CCC4FFF8500596C476
:202000008F000160A8A907048AA9C2C48F000144A8A907048AA9CCC4FFF8500296C48F0096
:202010000144A8A907048AA9CCC4FFF8500596C48F000162A8A907048AA9C2C48F000144CB
:20202000A8A907048AA9CCC4FFF8500296C49A00FF690006FE10A04A1E48A84676222B4B7C
:20203000020019011E4E761F021E022007048AA906C41E508F000180A8A907048AA91AC43E
:202040000002022007048AA928ABFFFF28AA0505A9C4FF697640869D5CADDC8E0EA41E423E
:202050002B438A46834A064876408414520061068A4A02011EF4284B01F40220C450761FF4
:20206000021E07048AA9C2C4924BFE900006FE021E42FF2F02100F426605FF2F02120F421C
:202070006628FF2F020E0F4266069A8028A801070F42661F28A9020028A801070F42660598
:2020800028A902800F426615FF2C10710F42660728A9108028A801070F42660B28A91200D9
:2020900028A801070F42660728A912800F4269039A016F029A00FE820006FE0EA04A1E48F2
:2020A000A84676222B4B761F021E022007048AA906C41E4E022007048AA928ABFFFF28AAD6
:2020B0000505A9C4FF697640869D06521E42925396438A46834A06487640841452006106F0
:2020C0008A4A02001EF4284B01F40220C44E761F021E07048AA9C2C4924BFE8E0006FE0294
:2020D000964176228F000144761F021EA8A907048AA9CCC4FFF8500596C48F000106A8A94C
:2020E00007048AA99241903FCDC4FFC0CAA896C48F00015AA8A907048AA9CCC4FFE0501597
:2020F00096C48F000144A8A907048AA9CCC4FFF8500296C49A00FF69FE820006FE0A964377
:20210000A8428F00FFFFA846A8482B495449691D8A429249F00158A90E9407461E46A346FE
:2021100018AA00000EA8560100ABA946064607481E48A3480EA818AA0000560100ABA948EF
:202120000A499243544966E50648FF3FCA46CB45FE8A0006FE061E4202001E4456BF014532
:2021300092455220661A28AC001F06425622FF5A0644FF30CAABCBAA1E440642FF301E421E
:20214000064A0F44660656410044020107421E420A459245522069EA06446104064C0742B4
:202150001E420642FE860006FE029641762252026105520661035208601D0218761F021EB2
:2021600007048AA91AC40001022807048AA992C4900752076005FF69764084F56F04FF69BD
:20217000764086E90218761F021E07048AA918C4FFFE9A00FF69FE820006FE028F08200005
:2021800006C41E428F08210006C41E428F08220006C41E428F08230006C41E428F0C2000B1
:2021900006C41E428F0C210006C41E428F0C220006C41E428F0C230006C41E420201764097
:2021A000874CFE820006FE04964176222B42761F021E022807048AA992C4900796430228DB
:2021B00007048AA918C4FFF8022807048AA992C49007610428A901FA6F029A009642520043
:2021C00060069241FF69764080009642FE84FF6900067622021A761F021E07048AA98F40EA
:2021D000FFFFA0C48F000144A8A907048AA9BE00CCC4FFF8500596C48F000152A8A90704F8
:2021E0008AA9C2C48F000144A8A907048AA9CCC4FFF8500296C49A00FF690006FE069641AD
:2021F000A84476222B450644FF301E449241520860052845020092456F139A10FF697640DE
:2022000085EF924176408674761F021EC444028807048AA9C2C49241764085EF9A00FE86A1
:20221000FF690006FE0AA04A1E48A8467622761F021E8F000180A8A907048AA91AC400022E
:20222000FF69064A1E4256BF0243834E8A460648764085BDFE8A0006FE021E42761F021EA2
:202230000E0C1EAC56650042A942064261090642610A020156410042064260FC6F0428A999
:2022400001F46F029A00FE82FF690006FE041E427622FF698748290156440042FF451E44B3
:2022500076408A650644FE840006FE0296417622FF699A10764085EF9241764085EF9A00B5
:20226000FE820006000000000000000000000000000000000000000000000000022A761F17
:20227000021E07048AA948C46C039A016F029A020006FE041E44A842064407428AA99248D9
:202280007640861EFE840006022A761F021E07048AA906C40006FE1202001E4E2B517622DB
:202290008F0500249A0228A85A5A1EC4FF698F05F80002C876408496965252006103764092
:2022A00088FE9A00764086C3965252006103764088FE9A068F0840007640870E96527640C5
:2022B000878E520260FD5DADFF2010008F084000DD8C5DA57640854A9652520061037640F4
:2022C00088FE2B51925152FF66098F00C800585196940A51925152FF69FB8F0840002B51E9
:2022D000A84E6F35BE008F40C800A0A9C2422B438A4E0D5183A99A089B007640827696520F
:2022E0007640878E520161FD92526103764088FE764087A41E505CAD2901761F022EDC8C2F
:2022F0000EA41E429251FFC08A4E560301A9070283A9020476408732965252006103764041
:2023000088FE020808510008074E1E4E8F0840FFA8A90F4E6903925261C69A068F08400099
:202310007640870E96527640878E520260FD5DADFF2010008F084000DD8C5DA57640854AFE
:20232000965252006103764088FE9A0128A85A5A8F0500241EC48F05FC0002C876408496E0
:20233000965252006103764088FE9A01764086C3965252006103764088FE9A068F0C2000E4
:202340007640870E96527640878E520260FD5DADFF2010008F0C2000DD8C5DA57640854AEA
:20235000965252006103764088FE761F17FC1800FFF08F0C20002B51A84E6F36BE008F4085
:20236000C800A0A9C24256BF01438A4E0D5183A99A089B007640827696527640878E52019C
:2023700061FD92526103764088FE764087A41E505CAD2901761F022EDC8C0EA41E429251C7
:20238000FFC08A4E560301A9070283A9020476408732965252006103764088FE02080851BC
:202390000008074E1E4E8F0C20FFA8A90F4E6903925261C59A068F0C20007640870E9652F8
:2023A0007640878E520260FD5DADFF2010008F0C2000DD8C5DA57640854A9652520061031F
:2023B000764088FE761F17FCCC00FFF0500A960028A85A5A8F0500249A001EC4761AFF69CE
:2023C000FE920006FE047640878E520260FD764087A41E42064261119A10764087759643B9
:2023D000764087A4FF586105764087A4FF5860FD92436103764088FEFE840006FE029641E6
:2023E0007625FF69FE8200067625FF690006FE121E4E02001E502B519A1876408775965297
:2023F0007640878E520260FD92526103764088FE064E2B511E506F2EBE008F408B68A0A929
:20240000C2422B438A500D5183A99A089B007640827696527640878E520161FD925261034F
:20241000764088FE5CADDC8C88A48F408B68A0A9C2420D518A5083A9020476408732965203
:2024200052006103764088FE02080851000807501E500656074E0F5066D0FE920006FE128E
:202430001E4E02001E502B51064E2B511E506F2EBE008F40C900A0A9C2422B438A500D5110
:2024400083A99A089B007640827696527640878E520161FD92526103764088FE5CADDC8C0C
:2024500088A48F40C900A0A9C2420D518A5083A9020476408732965252006103764088FEA8
:2024600002080851000807501E500656074E0F5066D0FE920006764810347622761F17E02A
:20247000CC1EFF005014961E1A2400011A200003761F17E61800FFFD1800FFFE761F17E088
:20248000CC00F0FF1AA903009600761F17E61A0000021A000001761F17ECCC00FFF0500AAF
:202490009600761AFF6976481048F6077700FF6900067648103E7622761F17F0CC1EFF007D
:2024A0005014961E1A2400011A200003761F17F61800FFFD1800FFFE761F17F0CC00F0FF66
:2024B0001AA903009600761F17F61A0000021A000001761F17FCCC00FFF0500A9600761AF4
:2024C000FF6976481048F6077700FF6900067622761F17E0CC1EFF005014961E1820FFFC44
:2024D0001824FFFE761AFF6900067622761F17F0CC1EFF005014961E1820FFFC1824FFFE14
:2024E000761AFF690006761BFFF00005ABBDA8BDA0BDC2BDC3BDE20000BDE20300BDE2030A
:2024F00001BDE20302BDE20303BDE6300600FF692942561676408A34761F003356BF0121F7
:20250000E2AF03BEE2AF02BEE2AF01BEE2AF00BEE28000BEC5BEC4BE83BE8ABE87BE000383
:202510003B30FFF176177602FE062B458F008A7AA8448F008A68A84206440F4268218A42FD
:2025200092D461170ADC8A42834292D454DD66112BDC28AC00068F008A683045560100A466
:20253000761F022D9A011AE400012D45FF66981E020607421E420A4506440F4267E1FE8639
:0E2540000006190156C3FFFF00069A000006B0
:202548000000000030967707612CEE0E51BA9909C419076DF48F706AA535E96395A39E64EB
:2025580088320EDBB8A479DCE91EE0D5D98897D24C2B09B67CBD7EB12D07E7B81D9190BF1B
:2025680010641DB720F26AB07148F3B941DE84BED47D1ADAE4EB6DDDB551F4D485C783D34B
:202578009856136CA8C0646BF97AFD62C9EC8A655C4F14016CD963063D63FA0F0DF58D087B
:2025880020C83B6E105E4C6941E4D5607172A267E4D13C03D4474B0485FDD20DB56BA50AAB
:20259800A8FA35B5986C42B2C9D6DBBBF940ACBC6CE332D85C7545DF0DCFDCD63D59ABD1DB
:2025A80030AC26D9003A51DE5180C8D76116BFD0F4B521B4C42356B39599CFBAA50FB8BD0B
:2025B800B89E280288085F05D9B2C60CE924B10B7C872F6F4C1158681DABC1612D3DB6663B
:2025C800419076DC710601DB20BC98D2102AEFD5858971B1B51F06B6E4A59FBFD433E8B8EB
:2025D800C9A27807F9340F00A88E96099818E10E0DBB7F6A3D2D086D6C9791645C01E6631B
:2025E80051F46B6B61621C6C30D88565004EF26295ED6C06A57B1B01F4C18208C457F50F4B
:2025F800D9C665B0E95012B7B8EA8BBE887CFCB91DDF62DD2D4915DA7CF38CD34C65FBD47B
:2026080061584DB251CE3AB50074A3BC30E2D4BBA5414ADF95D73DD8C46DA4D1F4FBD3D6AA
:20261800E96A4369D9FC346E8846AD67B8D0DA602D7344041DE533034C5FAA0A7CC9DD0DDA
:20262800713C500541AA27021010BE0B2086C90CB525576885B3206FD409B966E49FCE610A
:20263800F90E5EDEC99829D99822B0D0A8B4C7D73D1759B30D812EB45C3BB7BD6CADC0BA3A
:202648008320EDB8B3B69ABFE20C03B6D29A74B14739EAD577AF9DD2261504DB168373DC5A
:202658000B12E3633B8494646A3E0D6D5AA87A6ACF0BE40EFF9D9309AE270A009EB17D078A
:202668009344F00FA3D28708F2681E01C2FE6906575DF76267CB80653671196C06E76E6BBA
:202678001B76FED42BE089D37A5A10DA4ACC67DDDF6FF9B9EFF98EBEBE4317B78ED560B0EA
:20268800A3E8D6D6937EA1D1C2C438D8F2524FDF67F1D1BB5767A6BC06DD3FB5364B48B21A
:202698002BDAD80D1B4CAF0A4AF636037A604104EFC3DF60DF55A8678EEF316EBE7946694A
:2026A800B38CCB61831ABC66D2A0256FE23652687795CC0C4703BB0B16B92202262F55057A
:2026B8003BBEC5BA0B28B2BD5A922BB46A045CB3FFA7C2D7CF31B5D09E8B2CD9AE1D5BDEAA
:2026C800C2B09B64F226EC63A39C756A930A026D06A99C09363FEB0E67857207571305005A
:2026D8004A8295BF7A14E2B82BAE7BB11B380CB68E9B92D2BE0DE5D5EFB77CDCDF210BDB8A
:2026E800D2D486D3E242F1D4B3F868DD836E1FDA16CD81BE265BF6B977E16FB0477718B7BA
:2026F8005AE688086A70FF0F3BCA66060B5C11019EFF8F65AE69F862FFD3616BCF45166CEA
:20270800E278A00AD2EED70D83544E04B3C239032661A76716F7D060474D496977DB3E6E19
:202718006A4AAED15ADCD9D60B6640DF3BF037D8AE53A9BC9EC5DEBBCF7F47B2FFE930B549
:20272800F21CBDBDC28ACABA933053B3A3A624B43605BAD00693CDD7572954DE67BF23D979
:202738007A2EB3664AB8C4611B025D682B942A6FBE37B40B8EA1C30CDF1B5A05EF8D2D02A9
:20274800056C0008056C0008056C0008056C0008056C0008056C0008056C0008056C0008A9
:20275800056C0008056C0008056C0008056C0008056C00080008000800120008001C0008B6
:202768000026000800300008003A000800440008004E00080058000800620008006C0008C9
:202778000076000800800008008A000800940008009E000800A8000800B2000800BC000839
:2027880000C6000800D0000800DA000800E4000800EE000800F8000801020008010C0008A7
:202798000116000801200008012A000801340008013E00080148000801520008015C000811
:2027A8000166000801700008017A000801840008018E00080198000801A2000801AC000881
:2027B80001B6000801C0000801CA000801D4000801DE000801E80008056C0008056C0008FF
:2027C80001F2000801FC000802060008056C0008056C0008056C0008056C0008056C000884
:2027D80002100008021A000802240008022E00080238000802420008024C000802560008F9
:2027E80002600008026A000802740008027E00080288000802920008056C0008056C0008CD
:2027F800029C000802A6000802B0000802BA000802C4000802CE000802D8000802E2000879
:2028080002EC000802F6000803000008030A000803140008031E00080328000803320008E2
:20281800033C00080346000803500008035A000803640008036E0008037800080382000850
:20282800038C00080396000803A0000803AA000803B4000803BE000803C8000803D20008C0
:2028380003DC000803E6000803F00008056C0008056C000803FA000804040008040E00088C
:20284800056C0008056C0008056C0008056C00080418000804220008042C000804360008C0
:2028580004400008044A000804540008045E0008056C0008056C0008056C0008056C000810
:202868000468000804720008047C000804860008056C0008056C0008056C0008056C000860
:20287800056C0008056C0008056C0008056C0008056C0008056C0008056C0008056C000878
:2028880004900008049A0008056C0008056C0008056C0008056C0008056C0008056C000818
:2028980004A4000804AE0008056C0008056C0008056C0008056C0008056C0008056C0008E0
:2028A800056C0008056C0008056C0008056C0008056C0008056C0008056C0008056C000848
:2028B800056C0008056C0008056C0008056C0008056C0008056C0008056C0008056C000838
:2028C800056C0008056C0008056C0008056C0008056C000804CC000804D6000804E00008ED
:2028D80004EA000804F4000804FE00080508000805120008056C0008056C0008056C000841
:2028E800056C0008056C0008056C0008056C0008056C0008051C00080526000805300008DA
:2028F800053A000805440008054E00080558000805620008000000000000000000000000F9
:20290800FFFF8B5000000000FFFF8B5300000000FFFF8B5400000000FFFF8B55000000003F
:20291800FFFF8B5600000000FFFF8B5700000000FFFF8B5800000000FFFF8B59000000001D
:20292800FFFF8B5A00000000FFFF8B5B00000000FFFE8B5C000000000000FFFF8B12000049
:202938000000FFFE8B28000000000000FFFE8B2A000000000000FFFE8B2C0000C9000000A0
:20294800FFFE8B2E000000000000FFF08B40000000FF0000000100000002000000010000FC
:2029580000030000000100000002000000010000FFFF8B7600000001FFFE8B780000000058
:202968000000FFFE8B7A000000000000FFF88B680000FFFFFFFF4635504EFFFFFFFFFFFF54
:20297800FFFFFFFE8B72000000000000FFFE8B74000000000000FFFE8B7E00001AD2000851
:20298800FFFE8B8000001AD20008FFFE8B820000C8000000FFFF8B8400000000FFFF8B7D4E
:08299800000000000000000037
:044000000049E9CBBF
:02400200463541
:02400300504E1D
:20401000FE062B442B45761F02C32B11FF20018F8F009300D5007649E9D39A00D50028A8B7
:2040200001048F0098C07649DADF9A01D50028A801048F0099C47649DADF9A02D50028A832
:2040300001048F009AC87649DADF761F023C8F00FF00A83A761F02C82B0C761F023C8F01C6
:204040000004A83C761F02C82B0D761F023C8F010108A83E761F02C82B0E28A93A98764995
:2040500033DC7649DAC27649107B764910E97649125476491F4152006004764953FE6F0368
:2040600076495425761F02C42B2D8F084002A84228A9463554C46008922D6006761F02C644
:2040700056BF010C6F04761F02C62B0C76491D8F9CFF76490FFD76491DDC76490FF37649FE
:20408000A4CF764981967649AA14764880DF76491F3D2DA93B01761F02C435B5FF11586102
:20409000FF469623764883E076488400764884187649C1B37648843D76496E0376491D4C4B
:2040A000761F02C496129A007649E72F96434043FFEC011C761F02C4923965050B399A00BC
:2040B00076496C10761F02C40A37923752786909923962079A0176496C10761F02C42B374D
:2040C00076487FCC761F02C456BF0115761F02BA922E52066011761F01009204761F02BAFA
:2040D000722F761F01149204761F02BA7230761F02BA56BF072E76491D4C761F02C4881244
:2040E0000EA90FA6610A7649C1B376496E0376491D4C761F02C49612761F02C6920C600FF1
:2040F000761F02C42B2E9A55764991529A0176496A619A019B017649E7706F079A0076492A
:204100006A61761F02C42B2D28A96ED6761F0242540360052B039A0176486E09761F0242A0
:20411000920052016011761F02C40A38923852C8690E9A00764870D3761F02422B00761F0D
:2041200002C42B386F04761F02C42B38761F02C3921861020B18761F02C4923261020B32DC
:20413000761F023D920161030B016F08761F023D920261042B027648843D761F02C4923388
:2041400061337648877052016040761F02C42B332B4492445203672528AC01048F0098C084
:204150003044D500560100A4924428A801047649DADF28AC01048F00FF002901304456018C
:2041600000A48F408F3A56030144560100A5A8C558448F00B20C2B940A449244520368DD96
:20417000764887EB6F12761F02C3921961020B199A01764842029A0276484202761F02C45C
:204180009224521463020A24761F02C492175201600993450A451BA8096069052B452B173D
:204190006F022B450A011B01028A6603920060042B0176488418761F02C30A2E1B2E028A2F
:2041A00068042B2E764884007648845F7649D045761F02C4922B65020B2B764882DF7648F1
:2041B000B1687648B261761F02C49233600376488641761F02C49235520160070A36923619
:2041C00052A069032B362B3542436C14761F02C456BF642B761F024C0A00761F01FC1A0C17
:2041D00000047649115876491193761F01FC1A0A000443436C12761F02C456BF642B761FEE
:2041E000024C0A00761F01FC1A0C000476491158761F01FC1A0A00044543FFECFEB6761F0D
:2041F00002C456BF642B761F024C0A00761F01FC1A0C000476491158761F01FC1A0A0004BA
:20420000FFEFFEA3FE02964129018F008F3A56030141560100A492418AC47649DB3258419A
:204210008F00B2159694584192945201601D8F00B17692945202FFE800E62B9428AC0104EA
:204220008F00FF0029013041560100A48F408F3A56030141560100A5A8C558418F00B20CD8
:204230002B94FFEF00D08F00B1762B9458418F00B20C1B940103681528AC01048F00FF00FF
:2042400030412901560100A48F408F3A56030141560100A5A8C558418F00B20C2B946FB563
:20425000924152016103520260677649236628AC01048F00FF0088A93241A9A9560100A409
:2042600080C406A60FA7610930418F00FF00560100A492C4521F60508F00B20CA8A90D41D1
:204270008AA90AC42901560301418F008F3A560100A40201560100C48F40B20C5841304160
:204280008F00FF00560100A492957648886C5200FFE1FF7C761F02C39219FFE0FF7728ACE1
:2042900001048F00FF00304158418F40B20C560100A4934192957648889428AC01048F00AC
:2042A000FF0029013041560100A48F408F3A56030141560100A5A8C558418F00B20C2B9428
:2042B000761F02C356BF0A18761F023D2B247648B262FFEFFF4B29018F008F3A5603014113
:2042C000560100A48AC492C4520D610B560301418F008F3A560100A48AC492C4520A602105
:2042D000761F02C4920B5202611C92417648432992417648430928AC01048F00FF0029019A
:2042E0003041560100A48F408F3A56030141560100A5A8C558418F00B20C2B94FFEFFF160E
:2042F0008F00B20CA8A90D418AA90AC4560301418F008F3A560100A40201560100C4FFEFC7
:20430000FF058F00B176A8A90D418AA90AC4FE820006B2BDFE029641520060192B4292426B
:2043100052376715584259428F00FF0092948F00B000969C584259428F009C0092948F0019
:20432000B037969C0A429242523768EDFE828BBE0006FE0496412B422B449242520E6768DF
:20433000761F02C49210544266099242520D61065209610456BF01446F022B4428AC0104FE
:204340008F00FF0030418F4A3AD55842768A3C4628AC000A560100A43042560100A593443C
:2043500092967648704C5200613F9244612C58428F0A3C4628AC0104589430418F00FF00DD
:20436000560100A4D88156030894964358428F0A3C46589430418F00FF00560100A492945A
:2043700072438F4A3C46584230418F00FF00560100A492957648708688A90E430FA6610313
:204380000A426F1329018F0A3C2A56030142560100A49241C5C43E6792416042761F02C3BF
:204390002B2E2B0F6F3D0A429242520E689A92415201603276491D4C5204602E28AC0104AF
:2043A0008F00FF003041560100A492C4527E6024304158418F00FF008F40B20C560100A439
:2043B00092957649718428AC01048F00FF0029013041560100A48F408F3A5603014156018B
:2043C00000A5A8C558418F00B20C2B94761F02C356BF05196F059241610376487016FE8428
:2043D00000069A000006FE04964356BF014428AC01048F009C003043560100A456BF28C47F
:2043E00032438F009C00A8A907AB0D441E42761F02DA921B8A427649CD490844000428AC86
:2043F00001048F009C0058443043560100A49A0194A0964456BF20948F009C0058443043C7
:20440000560100A49A0194A0964456BF49948F009C0058443043560100A49A0194A0964428
:2044100056BF4E948F009C0058443043560100A49A0194A0964456BF56948F009C00324318
:20442000A8A907AB0D441E42761F01408A4206047649CD490844000428AC01048F009C00F3
:2044300058443043560100A49A0194A0964456BF209432438F009C00A8A907AB0D441E429C
:20444000761F01418A4206047649CD490844000428AC01048F009C0058443043560100A47C
:204450009A0194A0964456BF209432438F009C00A8A907AB0D441E42761F01418A420606D7
:204460007649CD490844000428AC01048F009C0058443043560100A49A0194A0964456BF4B
:20447000209432438F009C00A8A907AB0D441E42761F01418A4206087649CD49084400044E
:2044800028AC01048F009C0058443043560100A49A0194A0964456BF20948F009C005844D5
:204490003043560100A49A0194A0964456BF54948F009C003243A8A907AB0D441E42761F0F
:2044A000014002641EA6A3208A420200F61F561700A692AB7649CD490844000428AC01049D
:2044B0008F009C0058443043560100A49A0194A0964456BF209432438F009C00A8A907ABA2
:2044C0000D441E42761F014102641EA6A3008A420200F61F561700A692AB7649CD49084433
:2044D000000428AC01048F009C0058443043560100A49A0194A0964456BF209432438F0044
:2044E0009C00A8A907AB0D441E42761F0141CC1600028A42FFC07649CD490844000428AC2D
:2044F00001048F009C0058443043560100A49A0194A0964456BF209432438F009C00A8A90F
:2045000007AB0D441E429A008A427649CD490844000428AC01048F009C0058443043560143
:2045100000A49A0194A0964456BF209432438F009C00A8A907AB0D441E429A008A427649FC
:20452000CD490844000428AC01048F009C0058443043560100A49A0194A0964456BF209495
:2045300032438F009C00A8A907AB0D441E42761F02C68A4292007649CD490844000428AC63
:2045400001048F009C0058443043560100A49A0194A0964456BF20948F009C0030435601BA
:2045500000A4924393447649DBC1FE840006FE04964356BF014428AC01048F009C0030436C
:20456000560100A456BF28C458448F009C003043560100A49A0194A0964456BF41948F00E8
:204570009C0058443043560100A49A0194A0964456BF44948F009C0058443043560100A4BA
:204580009A0194A0964456BF44948F009C0058443043560100A49A0194A0964456BF5294AC
:204590008F009C0058443043560100A49A0194A0964456BF3D948F009C003243A8A907ABA4
:2045A0000D441E42764923668A427649CD280844000328AC01048F009C00584430435601C9
:2045B00000A49A0194A0964456BF29948F009C0058443043560100A49A0194A0964456BFD9
:2045C00020948F009C003043560100A4924393447649DBC1FE840006FE06964356BF0144C8
:2045D00028AC01048F009C003043560100A456BF28C432438F009C00A8A907AB0D441E4204
:2045E000764953158A427649CD280844000328AC01048F009C0058443043560100A49A011C
:2045F00094A0964456BF209432438F009C00A8A907AB0D441E429A238A427649CD280844F7
:20460000000328AC01048F009C0058443043560100A49A0194A0964456BF209432438F0013
:204610009C00A8A907AB0D441E42764953198A427649CD280844000328AC01048F009C003C
:2046200058443043560100A49A0194A0964456BF209432438F009C00A8A907AB0D441E42AA
:2046300076490FBD8A427649CD0E0844000228AC01048F009C0058443043560100A49A0182
:2046400094A0964456BF209432438F009C00A8A907AB0D441E4276490FB58A427649CD282C
:204650000844000328AC01048F009C0058443043560100A49A0194A0964456BF2094324306
:204660008F009C00A8A907AB0D441E4276490FB98A427649CD490844000428AC01048F007B
:204670009C0058443043560100A49A0194A0964456BF209432438F009C00A8A907AB0D441E
:204680001E42761F02A98A4292197649CD490844000428AC01048F009C0058443043560174
:2046900000A49A0194A0964456BF209432438F009C00A8A907AB0D441E427648F4C58A425D
:2046A0007649CD0E0844000228AC01048F009C0058443043560100A49A0194A0964456BF46
:2046B0002094761F02C692205201600D304358448F009C00560100A49A0194A0964456BF74
:2046C00031946F0C304358448F009C00560100A49A0194A0964456BF3094761F0281922811
:2046D0005201600D304358448F009C00560100A49A0194A0964456BF31946F0C30435844C8
:2046E0008F009C00560100A49A0194A0964456BF3094761F02C6921F5201600D3043584435
:2046F0008F009C00560100A49A0194A0964456BF31946F0C304358448F009C00560100A451
:204700009A0194A0964456BF3094761F02C692155201600D304358448F009C00560100A41E
:204710009A0194A0964456BF31946F0C304358448F009C00560100A49A0194A0964456BF98
:204720003094761F0281922A5201600D304358448F009C00560100A49A0194A0964456BF2E
:2047300031946F0C304358448F009C00560100A49A0194A0964456BF3094304358448F00D4
:204740009C00560100A49A0194A0964456BF2094761F02E248006C0D304358448F009C00DC
:20475000560100A49A0194A0964456BF31946F0C304358448F009C00560100A49A0194A04C
:20476000964456BF309445006C0D304358448F009C00560100A49A0194A0964456BF319410
:204770006F0C304358448F009C00560100A49A0194A0964456BF309444006C0D304358442B
:204780008F009C00560100A49A0194A0964456BF31946F0C304358448F009C00560100A4C0
:204790009A0194A0964456BF3094304358448F009C00560100A49A0194A0964456BF2094E0
:2047A000304358448F009C00560100A49A0194A0964456BF3094304358448F009C005601B1
:2047B00000A49A0194A0964456BF3094304358448F009C00560100A49A0194A0964456BFD0
:2047C00030948F009C0058443043560100A49A0194A0964456BF30948F009C005844304324
:2047D000560100A49A0194A0964456BF20948F009C003243A8A907AB0D441E4276495352A4
:2047E0008A427649CD0E0844000228AC01048F009C0058443043560100A49A0194A096444E
:2047F00056BF209432438F009C00A8A907AB0D441E42761F02C68A4292257649CD0E0844C6
:20480000000228AC01048F009C0058443043560100A49A0194A0964456BF209432438F0012
:204810009C00A8A907AB0D441E423B01761F02E28A428515FF567649CD490844000428ACCF
:2048200001048F009C0058443043560100A49A0194A0964456BF2094761F02AA9B0A921F35
:2048300000C9E95296458F009C003243A8A907AB0D441E423B018A428545FF567649CD4939
:204840000844000428AC01048F009C0058443043560100A49A0194A0964456BF2094324313
:204850008F009C00A8A907AB0D441E423B01761F02E28A42850EFF567649CD4908440004DB
:2048600028AC01048F009C0058443043560100A49A0194A0964456BF20947649A8BE520140
:20487000600F28AC01048F009C0058443043560100A49A0194A0964456BF31946F0E28ACD7
:2048800001048F009C0058443043560100A49A0194A0964456BF3094761F02E2CC002000F7
:20489000FFCC5201600D304358448F009C00560100A49A0194A0964456BF31946F0C3043D7
:2048A00058448F009C00560100A49A0194A0964456BF3094CC000200FFC85201600D3043EC
:2048B00058448F009C00560100A49A0194A0964456BF31946F0C304358448F009C00560197
:2048C00000A49A0194A0964456BF3094304358448F009C00560100A49A0194A0964456BFBF
:2048D0002094CC000004FFC15201600D304358448F009C00560100A49A0194A0964456BFD1
:2048E00031946F0C304358448F009C00560100A49A0194A0964456BF3094304358448F0023
:2048F0009C00560100A49A0194A0964456BF2094304358448F009C00560100A49A0194A09B
:20490000964456BF4694304358448F009C00560100A49A0194A0964456BF3A94761F02BDB9
:20491000921E964532438F009C00A8A907AB0D441E4292458A427649CD280844000328AC2E
:2049200001048F009C0058443043560100A49A0194A0964456BF2094304358448F009C0091
:20493000560100A49A0194A0964456BF44948F009C0058443043560100A49A0194A09644F8
:2049400056BF3A948F009C003243A8A907AB0D441E4256BF164592458A427649CD0E084427
:20495000000228AC01048F009C003243A8A907AB0D441E429A048A427649CD0E08440002C6
:2049600028AC01048F009C003243A8A907AB0D441E429A098A427649CD0E0844000228ACDF
:2049700001048F009C0058443043560100A49A0194A0964456BF2094304358448F009C0041
:20498000560100A49A0194A0964456BF0D948F009C003043560100A4924393447649DBC11D
:20499000FE860006FE06964328AC01048F00FF023043560100A492C49CD096445204674030
:2049A000761F023D921860026F3B761F029956BF010096019C010EA91E422B45761F023D98
:2049B00092185445692228AC01F43B018F0080005D453244A8A98F00A640DD0207AB8145D0
:2049C0001EA7A8A981A58AA992C796C432448F008000A8A907AB81458AA90EC407421E42B9
:2049D0000A459218544566E3581892428F00A640D8029694931892439D037649DC24FE86CC
:2049E0000006FE029641FE820006FE029641FE820006FE029641FE820006FE029641FE8243
:2049F0000006FE029641FE820006FE029641FE820006FE029641FE820006FE0296412B4246
:204A000076491D4C5204FFE001FF28AC01048F009C0032418042A8A93B0107AB8AA99A01F3
:204A100094A79642A8A981A78AA956BF28C49A01764974A628AC010488A98F009C003B01E1
:204A20003241D500A8A907AB81428AA99B0492A67649CF0D0842000428AC01048F009C0071
:204A30003B0180423241A8A907AB8AA99A0194A79642A8A981A78AA956BF20C49A01764912
:204A400074B228AC010488A98F009C003B013241D500A8A907AB81428AA99B0492A67649E8
:204A5000CF0D0842000428AC01048F009C003B0180423241A8A907AB8AA99A0194A79642C3
:204A6000A8A981A78AA956BF20C49A01764974BE28AC010488A98F009C003B013241D5004C
:204A7000A8A907AB81428AA99B0492A67649CF0D0842000428AC01048F009C003B0180426B
:204A80003241A8A907AB8AA99A0194A79642A8A981A78AA956BF20C49A01764974CA28ACAE
:204A9000010488A98F009C003B013241D500A8A907AB81428AA99B0492A67649CF0D08426C
:204AA000000428AC01048F009C003B0180423241A8A907AB8AA99A0194A79642A8A981A720
:204AB0008AA956BF20C49A01764974D628AC010488A98F009C003B013241D500A8A907AB5A
:204AC00081428AA99B0492A67649CF0D0842000428AC01048F009C003241A8A980423B015A
:204AD00007AB8AA99A0194A79642A8A981A78AA956BF20C49A01764974E228AC010488A9D4
:204AE0008F009C003B013241D500A8A907AB81428AA99B0492A67649CF0D0842000428AC7A
:204AF00001048F009C003B0180423241A8A907AB8AA99A0194A79642A8A981A78AA956BF60
:204B000020C49A01764974EE28AC010488A98F009C003B013241D500A8A907AB81428AA943
:204B10009B0492A67649CF0D0842000428AC01048F009C003B0180423241A8A907AB8AA91A
:204B20009A0194A79642A8A981A78AA956BF20C49A01764974FA28AC010488A98F009C0025
:204B30003B013241D500A8A907AB81428AA99B0492A67649CF0D0842000428AC01048F00C0
:204B40009C003B0180423241A8A907AB8AA99A0194A79642A8A981A78AA956BF20C49A0124
:204B50007649750628AC010488A98F009C003B013241D500A8A907AB81428AA99B0492A682
:204B60007649CF0D0842000428AC01048F009C003241A8A980423B0107AB8AA99A0194A7CB
:204B70009642A8A981A78AA956BF20C49A017649754228AC010488A98F009C003B013241B3
:204B8000D500A8A907AB81428AA99B0592A67649CF0D0842000528AC01048F009C003B0145
:204B900080423241A8A907AB8AA99A0194A79642A8A981A78AA956BF20C49A017649754E2A
:204BA00028AC010488A98F009C003B013241D500A8A907AB81428AA99B0592A67649CF0DD0
:204BB0000842000528AC01048F009C003B0180423241A8A907AB8AA99A0194A79642A8A9EC
:204BC00081A78AA956BF20C49A017649755A28AC010488A98F009C003B013241D500A8A94E
:204BD00007AB81428AA99B0592A67649CF0D0842000528AC01048F009C003B0180423241E6
:204BE000A8A907AB8AA99A0194A79642A8A981A78AA956BF20C49A017649756628AC01041E
:204BF00088A98F009C003B013241D500A8A907AB81428AA99B0592A67649CF0D084200050A
:204C0000FFEF023128AC01048F009C0032418042A8A93B0107AB8AA99A0194A79642A8A9C9
:204C100081A78AA956BF28C4761F02AED50032418F009C00A8A907AB81428AA99B04921036
:204C20007649CF0D0842000428AC01048F009C003B0180423241A8A907AB8AA99A0194A70A
:204C30009642A8A981A78AA956BF20C4761F02AE8F009C00D5003241A8A907AB81428AA936
:204C40009B0492117649CF0D0842000428AC01048F009C003B0180423241A8A907AB8AA97E
:204C50009A0194A79642A8A981A78AA956BF20C4761F02AE8F009C00D5003241A8A907AB36
:204C600081428AA99B0492127649CF0D0842000428AC01048F009C003B0180423241A8A94C
:204C700007AB8AA99A0194A79642A8A981A78AA956BF20C4761F02AE8F009C00D500324134
:204C8000A8A907AB81428AA99B0492137649CF0D0842000428AC01048F009C003B018042EC
:204C90003241A8A907AB8AA99A0194A79642A8A981A78AA956BF20C4761F02AE8F009C0098
:204CA000D5003241A8A907AB81428AA99B0492147649CF0D0842000428AC01048F009C0081
:204CB0003B0180423241A8A907AB8AA99A0194A79642A8A981A78AA956BF20C4761F02AEA5
:204CC0008F009C00D5003241A8A907AB81428AA99B0492157649CF0D0842000428AC010460
:204CD0008F009C003B0180423241A8A907AB8AA99A0194A79642A8A981A78AA956BF20C49F
:204CE000761F02AE8F009C00D5003241A8A907AB81428AA99B0492167649CF0D08420004D3
:204CF00028AC01048F009C003B0180423241A8A907AB8AA99A0194A79642A8A981A78AA99F
:204D000056BF20C4761F02AE8F009C00D5003241A8A907AB81428AA99B0492177649CF0D06
:204D10000842000428AC01048F009C003241A8A980423B0107AB8AA99A0194A79642A8A98B
:204D200081A78AA956BF20C4761F02AED50032418F009C00A8A907AB81428AA99B04921825
:204D30007649CF0D0842000428AC01048F009C003B0180423241A8A907AB8AA99A0194A7F9
:204D40009642A8A981A78AA956BF20C4761F02AE8F009C00D5003241A8A907AB81428AA925
:204D50009B0492197649CF0D0842000428AC01048F009C003B0180423241A8A907AB8AA965
:204D60009A0194A79642A8A981A78AA956BF20C4761F02AE8F009C00D5003241A8A907AB25
:204D700081428AA99B04921A7649CF0D0842000428AC01048F009C003B0180423241A8A933
:204D800007AB8AA99A0194A79642A8A981A78AA956BF20C48F009C0032418042A8A907AB78
:204D90008AA99A0194A79642A8A981A78AA956BF20C4761F02AE8F009C00D5003241A8A974
:204DA00007AB81428AA99B04921B7649CF0D0842000428AC01048F009C003B0180423241A1
:204DB000A8A907AB8AA99A0194A79642A8A981A78AA956BF20C4761F02AE8F009C00D50015
:204DC0003241A8A907AB81428AA99B04921C7649CF0D0842000428AC01048F009C003B01F1
:204DD00080423241A8A907AB8AA99A0194A79642A8A981A78AA956BF20C4761F02AE8F0031
:204DE0009C00D5003241A8A907AB81428AA99B04921D7649CF0D0842000428AC01048F0037
:204DF0009C003B0180423241A8A907AB8AA99A0194A79642A8A981A78AA956BF20C4761F78
:204E000002AE8F009C00D5003241A8A907AB81428AA99B04921E7649CF0D0842000428AC6A
:204E100001048F009C003B0180423241A8A907AB8AA99A0194A79642A8A981A78AA956BF3C
:204E200020C4761F02AE8F009C00D5003241A8A907AB81428AA99B04921F7649CF0D0842A8
:204E3000000428AC01048F009C0032418042A8A93B0107AB8AA99A0194A79642A8A981A78C
:204E40008AA956BF0DC430418F009C00560100A4924193427649DBC1FE820006FE02964142
:204E50002B4276491D4C5204601428AC01048F009C0032418042A8A93B0107AB8AA99A019D
:204E600094A79642A8A981A78AA956BF28C46F6728AC01048F009C0032418042A8A93B01D6
:204E700007AB8AA99A0194A79642A8A981A78AA956BF28C4761F02E8D50032418F009C00F0
:204E8000A8A907AB81428AA99B0492047649CF0D0842000428AC01048F009C003B018042F9
:204E90003241A8A907AB8AA99A0194A79642A8A981A78AA956BF20C4761F02E88F009C005C
:204EA000D5003241A8A907AB81428AA99B0492057649CF0D0842000428AC01048F009C008E
:204EB0003B0180423241A8A907AB8AA99A0194A79642A8A981A78AA956BF20C4761F02E869
:204EC0008F009C00D5003241A8A907AB81428AA99B0492067649CF0D0842000428AC01046D
:204ED0008F009C0032418042A8A93B0107AB8AA99A0194A79642A8A981A78AA956BF0DC4B0
:204EE00030418F009C00560100A4924193427649DBC1FE820006FE0296412B4276491D4C26
:204EF0005204FFE0029B28AC01048F009C0032418042A8A93B0107AB8AA99A0194A7964277
:204F0000A8A981A78AA956BF28C49A01764973CE28AC010488A98F009C003B013241D50090
:204F1000A8A907AB81428AA99B0592A67649CF0D0842000528AC01048F009C003B018042C4
:204F20003241A8A907AB8AA99A0194A79642A8A981A78AA956BF20C49A01764973DA28ACFA
:204F3000010488A98F009C003B013241D500A8A907AB81428AA99B0492A67649CF0D0842C7
:204F4000000428AC01048F009C003B0180423241A8A907AB8AA99A0194A79642A8A981A77B
:204F50008AA956BF20C49A01764973F228AC010488A98F009C003B013241D500A8A907AB9A
:204F600081428AA99B0492A67649CF0D0842000428AC01048F009C003B0180423241A8A9B5
:204F700007AB8AA99A0194A79642A8A981A78AA956BF20C49A01764973FE28AC010488A914
:204F80008F009C003B013241D500A8A907AB81428AA99B0492A67649CF0D0842000428ACD5
:204F900001048F009C003B0180423241A8A907AB8AA99A0194A79642A8A981A78AA956BFBB
:204FA00020C49A017649740A28AC010488A98F009C003B013241D500A8A907AB81428AA983
:204FB0009B0492A67649CF0D0842000428AC01048F009C003241A8A980423B0107AB8AA976
:204FC0009A0194A79642A8A981A78AA956BF20C49A017649741628AC010488A98F009C0065
:204FD0003B013241D500A8A907AB81428AA99B0492A67649CF0D0842000428AC01048F001C
:204FE0009C003B0180423241A8A907AB8AA99A0194A79642A8A981A78AA956BF20C49A0180
:204FF0007649742228AC010488A98F009C003B013241D500A8A907AB81428AA99B0492A6C3
:205000007649CF0D0842000428AC01048F009C003B0180423241A8A907AB8AA99A0194A726
:205010009642A8A981A78AA956BF20C49A017649742E28AC010488A98F009C003B01324123
:20502000D500A8A907AB81428AA99B0492A67649CF0D0842000428AC01048F009C003B01A2
:2050300080423241A8A907AB8AA99A0194A79642A8A981A78AA956BF20C49A017649743A9A
:2050400028AC010488A98F009C003B013241D500A8A907AB81428AA99B0492A67649CF0D2C
:205050000842000428AC01048F009C003241A8A980423B0107AB8AA99A0194A79642A8A948
:2050600081A78AA956BF20C49A017649744628AC010488A98F009C003B013241D500A8A9BE
:2050700007AB81428AA99B0492A67649CF0D0842000428AC01048F009C003B018042324143
:20508000A8A907AB8AA99A0194A79642A8A981A78AA956BF20C49A017649745228AC01048E
:2050900088A98F009C003B013241D500A8A907AB81428AA99B0492A67649CF0D0842000467
:2050A00028AC01048F009C003B0180423241A8A907AB8AA99A0194A79642A8A981A78AA9EB
:2050B00056BF20C49A017649745E28AC010488A98F009C003B013241D500A8A907AB81423C
:2050C0008AA99B0492A67649CF0D0842000428AC01048F009C003B0180423241A8A907AB65
:2050D0008AA99A0194A79642A8A981A78AA956BF20C49A017649746A28AC010488A98F0069
:2050E0009C003B013241D500A8A907AB81428AA99B0492A67649CF0D0842000428AC0104FE
:2050F0008F009C003241A8A980423B0107AB8AA99A0194A79642A8A981A78AA956BF20C47B
:205100009A017649747628AC010488A98F009C003B013241D500A8A907AB81428AA99B04FA
:2051100092A67649CF0D0842000428AC01048F009C003B0180423241A8A907AB8AA99A0118
:2051200094A79642A8A981A78AA956BF20C49A017649748228AC010488A98F009C003B01F6
:205130003241D500A8A907AB81428AA99B0492A67649CF0D0842000428AC01048F009C005A
:205140003B0180423241A8A907AB8AA99A0194A79642A8A981A78AA956BF20C49A017649FB
:20515000748E28AC010488A98F009C003B013241D500A8A907AB81428AA99B0492A67649F5
:20516000CF0D0842000428AC01048F009C003B0180423241A8A907AB8AA99A0194A79642AC
:20517000A8A981A78AA956BF20C49A017649749A28AC010488A98F009C003B013241D50059
:20518000A8A907AB81428AA99B0492A67649CF0D08420004FFEF024428AC01048F009C001E
:2051900032418042A8A93B0107AB8AA99A0194A79642A8A981A78AA956BF28C4761F0291D5
:2051A000D50032418F009C00A8A907AB81428AA99B0492217649CF0D0842000428AC01046F
:2051B0008F009C003B0180423241A8A907AB8AA99A0194A79642A8A981A78AA956BF20C4BA
:2051C000761F02918F009C00D5003241A8A907AB81428AA99B0492227649CF0D08420004FF
:2051D00028AC01048F009C003B0180423241A8A907AB8AA99A0194A79642A8A981A78AA9BA
:2051E00056BF20C4761F02918F009C00D5003241A8A907AB81428AA99B0492237649CF0D33
:2051F0000842000428AC01048F009C003B0180423241A8A907AB8AA99A0194A79642A8A9A7
:2052000081A78AA956BF20C4761F02918F009C00D5003241A8A907AB81428AA99B04922451
:205210007649CF0D0842000428AC01048F009C003B0180423241A8A907AB8AA99A0194A714
:205220009642A8A981A78AA956BF20C4761F02918F009C00D5003241A8A907AB81428AA95D
:205230009B0492257649CF0D0842000428AC01048F009C003B0180423241A8A907AB8AA974
:205240009A0194A79642A8A981A78AA956BF20C4761F02918F009C00D5003241A8A907AB5D
:2052500081428AA99B0492267649CF0D0842000428AC01048F009C003B0180423241A8A942
:2052600007AB8AA99A0194A79642A8A981A78AA956BF20C4761F02918F009C00D50032415B
:20527000A8A907AB81428AA99B0492277649CF0D0842000428AC01048F009C003B018042E2
:205280003241A8A907AB8AA99A0194A79642A8A981A78AA956BF20C4761F02918F009C00BF
:20529000D5003241A8A907AB81428AA99B0492287649CF0D0842000428AC01048F009C0077
:2052A0003B0180423241A8A907AB8AA99A0194A79642A8A981A78AA956BF20C4761F0291CC
:2052B0008F009C00D5003241A8A907AB81428AA99B0492297649CF0D0842000428AC010456
:2052C0008F009C003241A8A980423B0107AB8AA99A0194A79642A8A981A78AA956BF20C4A9
:2052D000761F0291D50032418F009C00A8A907AB81428AA99B04922A7649CF0D08420004E6
:2052E00028AC01048F009C003B0180423241A8A907AB8AA99A0194A79642A8A981A78AA9A9
:2052F00056BF20C4761F02918F009C00D5003241A8A907AB81428AA99B04922B7649CF0D1A
:205300000842000428AC01048F009C003B0180423241A8A907AB8AA99A0194A79642A8A995
:2053100081A78AA956BF20C4761F02918F009C00D5003241A8A907AB81428AA99B04922C38
:205320007649CF0D0842000428AC01048F009C003B0180423241A8A907AB8AA99A0194A703
:205330009642A8A981A78AA956BF20C4761F02918F009C00D5003241A8A907AB81428AA94C
:205340009B04922D7649CF0D0842000428AC01048F009C003B0180423241A8A907AB8AA95B
:205350009A0194A79642A8A981A78AA956BF20C4761F02918F009C00D5003241A8A907AB4C
:2053600081428AA99B04923C7649CF0D0842000428AC01048F009C003B0180423241A8A91B
:2053700007AB8AA99A0194A79642A8A981A78AA956BF20C4761F02918F009C00D50032414A
:20538000A8A907AB81428AA99B04923D7649CF0D0842000428AC01048F009C003B018042BB
:205390003241A8A907AB8AA99A0194A79642A8A981A78AA956BF20C4761F02918F009C00AE
:2053A000D5003241A8A907AB81428AA99B04923E7649CF0D0842000428AC01048F009C0050
:2053B0003B0180423241A8A907AB8AA99A0194A79642A8A981A78AA956BF20C4761F0291BB
:2053C0008F009C00D5003241A8A907AB81428AA99B04923F7649CF0D0842000428AC01042F
:2053D0008F009C0032418042A8A93B0107AB8AA99A0194A79642A8A981A78AA956BF0DC4AB
:2053E00030418F009C00560100A4924193427649DBC1FE820006FE029641FE820006FE0230
:2053F0009641FE820006FE029641FE820006FE02964156BF014228AC01048F009C0030413F
:20540000560100A456BF28C4761F024C3241D5008F009C00A8A907AB0D428AA99B04920084
:205410007649CF0D0842000428AC01048F009C0058423041560100A49A0194A0964256BFCD
:205420002094761F021F32418F009C00D500A8A907AB0D428AA99B05921F7649CF0D0842D4
:20543000000528AC01048F009C0058423041560100A49A0194A0964256BF2094761F021F27
:2054400032418F009C00D500A8A907AB0D428AA99B05921E7649CF0D0842000528AC010441
:205450008F009C0058423041560100A49A0194A0964256BF2094761F02BB8F409C005C0D75
:2054600030415842560100A5DC309A0194A096427C95761F021F8F409C005C1C30415842BD
:20547000560100A5DC309A0194A096427C95761F02BB8F409C005C0C30415842560100A530
:20548000DC309A0194A096427C957649B8719B0A00C9E9BC28AC01048F009C009B3095A940
:20549000584288A83041560100A49A0194A096427E948F009C0058423041560100A49A0141
:2054A00094A0964256BF2094761F021F02321EA6A3368F009C00D5000200F61F561700A666
:2054B00088ABA8A9324107AB0D428AA99B0592A67649CF0D0842000528AC01048F009C00EB
:2054C00058423041560100A49A0194A0964256BF0D948F009C003041560100A4924193422A
:2054D0007649DBC1FE820006B2BDFE10964158418F00B20C9294964D2B4C544C691528AC2F
:2054E00001043041584C8F00FF00560100A4594C889430418F009C00560100A47E9C0A4C41
:2054F000924D544C66EF761F02C42B1528AC01048F009C003041560100A49241934D76494B
:20550000DBC1761F02C456BF011528AC01048F00FF023041560100A42DC4316428AC010435
:205510008F00FF033041560100A42DC4350A28AC01041E508F00FF04925094AB96503041FD
:20552000560100A4925094C408A9EB30964230418F00FF06560100A42DC4316428AC010433
:205530008F00FF073041560100A42DC4350A28AC01048F00FF081E50925094AB96503041D5
:20554000560100A4925094C408A9EB3096438F40FF0A30418F00FF0B560100A430415601CC
:2055500000A52DC5350A94C408A9FDF0964428AC010430418F00FF0E8F40FF0D560100A4D9
:205560003041560100A52DC5350A94C408A9FDF0964528AC010430418F00FF118F40FF10F5
:20557000560100A43041560100A52DC5350A94C408A9FDF0964628AC010430418F00FF14C4
:205580008F40FF13560100A43041560100A52DC5350A94C408A9FDF0964728AC0104304174
:205590008F00FF178F40FF16560100A43041560100A52DC5350A94C408A9FDF0964828AC31
:2055A000010430418F00FF19560100A492C49CD0964930418F00FF1B560100A492C49CD05B
:2055B000964A30418F00FF1D560100A428AC271033C428AC01048F00FF1E3041560100A4F1
:2055C00028AC03E812C428AC01048F00FF1F1E50925094AB96503041560100A42DC4316449
:2055D00092AB28AC01048F00FF20945027A93041560100A42DC4350A28AC01048F00FF2020
:2055E0001E50925094AB96503041560100A4925094C408A9DCB0964B96501B4201F466399B
:2055F0001B4301F466369249520469026F323B10761F023D2B179242761F023D96169243E5
:20560000761F023D9612761F023D9613761F02C592449632924596339246963492479635B1
:205610009248761F023D96159249761F023D9614924A761F023D961A924B761F023D961908
:20562000761F023D2B18761F02C456BF01352910FE90FF698BBE0006FE04964356BF0144FA
:2056300028AC01048F009C003043560100A456BF28C432438F009C00A8A907AB0D441E4293
:2056400076491C5B8A427649CD0E0844000228AC01048F009C0058443043560100A49A01B7
:2056500094A0964456BF209432438F009C00A8A907AB0D441E42084400025844304356015B
:2056600000A49A0194A0964456BF20948F009C003243A8A907AB0D441E42084400045844D4
:205670003043560100A49A0194A0964456BF20948F009C003243A8A907AB0D441E42764927
:205680001C663B0185A98A42FF567649CD490844000428AC01048F009C005844304356016E
:2056900000A49A0194A0964456BF209432438F009C00A8A907AB0D441E42084400045844A4
:2056A0003043560100A49A0194A0964456BF20948F009C003243A8A907AB0D441E427649F7
:2056B0001C728A427649CE090844000528AC01048F009C0058443043560100A49A0194A0BC
:2056C000964456BF209432438F009C00A8A907AB0D441E4276491C7D8A427649CDC1084416
:2056D000000428AC01048F009C0058443043560100A49A0194A0964456BF209432438F0032
:2056E0009C00A8A907AB0D441E4276491C888A427649CE090844000528AC01048F009C0040
:2056F00058443043560100A49A0194A0964456BF209432438F009C00A8A907AB0D441E42CA
:2057000076491C938A427649CE330844000528AC01048F009C0058443043560100A49A0195
:2057100094A0964456BF209432438F009C00A8A907AB0D441E4276491C9E8A427649CE0973
:205720000844000528AC01048F009C0058443043560100A49A0194A0964456BF2094304325
:205730008F009C00560100A4924393447649DBC1FE840006FE029641FE820006FE0496416E
:205740002B42761F02C42B1528AC01048F00FF013041560100A492C45253FFE008413041D9
:205750008F00FF02560100A492C45254FFE0083830418F00FF03560100A492C45244604109
:2057600030418F00FF04560100A492C45243603930418F00FF05560100A492C4524560312A
:2057700030418F00FF06560100A492C4523F602930418F009C00560100A456BF28C4764952
:20578000808F28AC010488A98F009C013041560100A492A67649CD0E28AC01048F009C037F
:205790003041560100A456BF0DC430418F009C00560100A49B0492417649DBC1FFEF07F35B
:2057A00030418F00FF03560100A492C45244603030418F00FF04560100A492C452436028FF
:2057B00030418F00FF05560100A492C45245602030418F00FF078F40FF06560100A4304127
:2057C000560100A52DC5350A94C408A9FDF09642640A520162087649817A924176486FE009
:2057D000FFEF07C1924176487016FFEF07BC30418F00FF03560100A492C45247604130413D
:2057E0008F00FF04560100A492C45257603930418F00FF05560100A492C452466031304195
:2057F0008F00FF06560100A492C4523F602930418F009C00560100A456BF28C4764870785C
:2058000028AC010488A98F009C013041560100A492A67649CD0E28AC01048F009C0330419C
:20581000560100A456BF0DC430418F009C00560100A49B0492417649DBC1FFEF0774304159
:205820008F00FF03560100A492C45247603130418F00FF04560100A492C452576029304165
:205830008F00FF05560100A492C45246602130418F00FF078F40FF06560100A430415601BE
:2058400000A52DC5350A94C408A9FDF09642640B5263620992427648707C924176486FE0B7
:20585000FFEF0741924176487016FFEF073C30418F00FF03560100A492C45243603E3041C3
:205860008F00FF04560100A492C45248603630418F00FF05560100A492C45231602E30413E
:205870008F00FF06560100A492C4523F602630418F009C00560100A456BF28C4761F02C32A
:2058800030418F009C01560100A492147649CD0E28AC01048F009C033041560100A456BFA8
:205890000DC430418F009C00560100A49B0492417649DBC1FFEF06F730418F00FF0356017F
:2058A00000A492C45243603230418F00FF04560100A492C45248602A30418F00FF055601F4
:2058B00000A492C45231602230418F00FF078F40FF06560100A43041560100A52DC5350A66
:2058C00094C408A9FDF09642640C5263620A9242761F02C39614924176486FE0FFEF06C3FA
:2058D000924176487016FFEF06BE30418F00FF03560100A492C45243603E30418F00FF0466
:2058E000560100A492C45248603630418F00FF05560100A492C45232602E30418F00FF06BB
:2058F000560100A492C4523F602630418F009C00560100A456BF28C4761F02C330418F003E
:205900009C01560100A492157649CD0E28AC01048F009C033041560100A456BF0DC43041E4
:205910008F009C00560100A49B0492417649DBC1FFEF067930418F00FF03560100A492C4C4
:205920005243603230418F00FF04560100A492C45248602A30418F00FF05560100A492C473
:205930005232602230418F00FF078F40FF06560100A43041560100A52DC5350A94C408A9D5
:20594000FDF09642640C5263620A9242761F02C39615924176486FE0FFEF0645924176486E
:205950007016FFEF064030418F00FF03560100A492C45243603E30418F00FF04560100A4F9
:2059600092C45248603630418F00FF05560100A492C45233602E30418F00FF06560100A439
:2059700092C4523F602630418F009C00560100A456BF28C4761F02C330418F009C015601C4
:2059800000A492167649CD0E28AC01048F009C033041560100A456BF0DC430418F009C002C
:20599000560100A49B0492417649DBC1FFEF05FB30418F00FF03560100A492C452436032C7
:2059A00030418F00FF04560100A492C45248602A30418F00FF05560100A492C45233602213
:2059B00030418F00FF078F40FF06560100A43041560100A52DC5350A94C408A9FDF0964296
:2059C000640C5263620A9242761F02C39616924176486FE0FFEF05C7924176487016FFEFBD
:2059D00005C230418F00FF03560100A492C45243603E30418F00FF04560100A492C452487C
:2059E000603630418F00FF05560100A492C45234602E30418F00FF06560100A492C4523FC1
:2059F000602630418F009C00560100A456BF28C4761F02C330418F009C01560100A49217DE
:205A00007649CD0E28AC01048F009C033041560100A456BF0DC430418F009C00560100A4FC
:205A10009B0492417649DBC1FFEF057D30418F00FF03560100A492C45243603230418F00BF
:205A2000FF04560100A492C45248602A30418F00FF05560100A492C45234602230418F0091
:205A3000FF078F40FF06560100A43041560100A52DC5350A94C408A9FDF09642640C5263F0
:205A4000620A9242761F02C39617924176486FE0FFEF0549924176487016FFEF0544304124
:205A50008F00FF03560100A492C4524B603930418F00FF04560100A492C452566031304120
:205A60008F00FF05560100A492C4523F602930418F009C00560100A456BF28C476495E7DF6
:205A700028AC010488A98F009C013041560100A492A67649CD2828AC01048F009C0430410F
:205A8000560100A456BF0DC430418F009C00560100A49B0592417649DBC1FFEF0504304158
:205A90008F00FF03560100A492C4524B603930418F00FF04560100A492C4525660313041E0
:205AA0008F00FF05560100A42DC4316428AC01048F00FF063041560100A42DC4350A1E4467
:205AB00028AC01048F00FF07924494AB96443041560100A4924494C408A9EB309642964461
:205AC000640A52C7620876496008924176486FE0FFEF04C9924176487016FFEF04C43041D5
:205AD0008F00FF03560100A492C4524B603930418F00FF04560100A492C4525360313041A3
:205AE0008F00FF05560100A492C4523F602930418F009C00560100A456BF28C476495FAF43
:205AF00028AC010488A98F009C013041560100A492A67649CD2828AC01048F009C0430418F
:205B0000560100A456BF0DC430418F009C00560100A49B0592417649DBC1FFEF0484304158
:205B10008F00FF03560100A492C4524B603A30418F00FF04560100A492C452536032304160
:205B20008F00FF05560100A42DC4316428AC01048F00FF063041560100A42DC4350A1E44E6
:205B300028AC01048F00FF07924494AB96443041560100A4924494C408A9EB3096429644E0
:205B4000520A640A523262087649609E924176486FE0FFEF0448924176487016FFEF04436A
:205B500030418F00FF03560100A492C4524B603930418F00FF04560100A492C4524960312C
:205B600030418F00FF05560100A492C4523F602930418F009C00560100A456BF28C476495F
:205B70005E9128AC010488A98F009C013041560100A492A67649CD4928AC01048F009C056E
:205B80003041560100A456BF0DC430418F009C00560100A49B0692417649DBC1FFEF040358
:205B900030418F00FF03560100A492C4524B604930418F00FF04560100A492C452496041CC
:205BA00030418F00FF05560100A428AC03E833C428AC010430418F00FF06560100A42DC466
:205BB00035641E4428AC01048F00FF07924494AB96443041560100A42DC4310A92AB28ACD4
:205BC00001048F00FF08944427A93041560100A492AB94C427A908AB2FB03F429242521464
:205BD000640B1BA901F462087649603A924176486FE0FFEF03B8924176487016FFEF03B386
:205BE00030418F00FF03560100A492C45256604830418F00FF04560100A492C45246604076
:205BF00030418F00FF05560100A428AC03E833C428AC010430418F00FF06560100A42DC416
:205C000035641E4428AC01048F00FF07924494AB96443041560100A42DC4310A92AB28AC83
:205C100001048F00FF08944427A93041560100A492AB94C427A908AB2FB03F4292421BA9B5
:205C200003E864091BA90C806206924176486FE0FFEF0369924176487016FFEF036430413D
:205C30008F00FF03560100A492C45243603830418F00FF04560100A492C452496030304155
:205C40008F00FF05560100A42DC4316428AC01048F00FF063041560100A42DC4350A1E44C5
:205C500028AC01048F00FF07924494AB96443041560100A4924494C408A9EB3096429644BF
:205C6000525A640852FA6206924176486FE0FFEF032A924176487016FFEF032530418F0030
:205C7000FF03560100A492C45243603830418F00FF04560100A492C45250603030418F000E
:205C8000FF05560100A42DC4316428AC01048F00FF063041560100A42DC4350A1E4428AC40
:205C900001048F00FF07924494AB96443041560100A4924494C408A9EB30964296445214ED
:205CA000640852C86206924176486FE0FFEF02EB924176487016FFEF02E630418F00FF034C
:205CB000560100A492C45244602730418F00FF04560100A492C4524E601F30418F00FF06EE
:205CC0008F40FF05560100A43041560100A52DC5350A94C408A9FDF0964252026408520573
:205CD0006206924176486FE0FFEF02BD924176487016FFEF02B830418F00FF03560100A403
:205CE00092C4524D602730418F00FF04560100A492C4524F601F30418F00FF068F40FF05DC
:205CF000560100A43041560100A52DC5350A94C408A9FDF0964252026408521A62069241C6
:205D000076486FE0FFEF028F924176487016FFEF028A30418F00FF03560100A492C452427F
:205D1000FFE0008C30418F00FF04560100A492C4524DFFE0008330418F00FF05560100A4B4
:205D200092C45253607A30418F00FF06560100A492C45245601030418F00FF07560100A430
:205D3000761F02B992C49CD0960C924176486FE0FFEF025930418F00FF06560100A492C420
:205D40005246601830418F00FF07560100A492C45243601030418F00FF08560100A4761F40
:205D500002B992C49CD0960D924176486FE0FFEF023A30418F00FF06560100A492C452530E
:205D6000601830418F00FF07560100A492C45243601030418F00FF08560100A4761F02B9FD
:205D700092C49CD0960E924176486FE0FFEF021B30418F00FF06560100A492C4525360184F
:205D800030418F00FF07560100A492C45244601030418F00FF08560100A4761F02B992C4FE
:205D90009CD0960F924176486FE0FFEF01FC924176487016FFEF01F730418F00FF035601C1
:205DA00000A492C45244602030418F00FF04560100A492C45243601830418F00FF05560117
:205DB00000A492C45249601030418F00FF06560100A4761F02CE92C49CD09606924176487A
:205DC0006FE0FFEF01D030418F00FF03560100A492C45244606F30418F00FF04560100A4FF
:205DD00092C45243606730418F00FF05560100A492C45256605F30418F00FF06560100A445
:205DE00092C4523F602630418F009C00560100A456BF28C4761F02AB30418F009C01560168
:205DF00000A4920A7649CD2828AC01048F009C043041560100A456BF0DC430418F009C00A9
:205E0000560100A49B0592417649DBC1FFEF018B30418F00FF06560100A42DC4316428ACE5
:205E100001048F00FF073041560100A42DC4350A1E4428AC01048F00FF08924494AB96447C
:205E20003041560100A4924494C408A9EB3096429644650B52C86209761F02AB960A9241A0
:205E300076486FE0FFEF015F924176487016FFEF015A30418F00FF03560100A492C452549E
:205E4000606830418F00FF04560100A492C45245606030418F00FF05560100A492C4523FE9
:205E50006026923C96428F009C003041560100A456BF28C430418F009C02560100A4924201
:205E60007649CD2828AC01048F009C053041560100A456BF0DC430418F009C00560100A47C
:205E70009B0692417649DBC1FFEF011D30418F00FF05560100A42DC4316428AC01048F004A
:205E8000FF063041560100A42DC4350A1E4428AC01048F00FF07924494AB964430415601DA
:205E900000A4924494C408A9EB3096429644640C5264630A3B10963C2910FF6992417648C0
:205EA0006FE0FFEF00F0924176487016FFEF00EB30418F00FF03560100A492C45254606903
:205EB00030418F00FF04560100A492C45243606130418F00FF05560100A492C4523F6026BC
:205EC000923B96428F009C003041560100A456BF28C430418F009C01560100A4924276495A
:205ED000CD2828AC01048F009C043041560100A456BF0DC430418F009C00560100A49B052C
:205EE00092417649DBC1FFEF00AE30418F00FF05560100A42DC4316428AC01048F00FF06E6
:205EF0003041560100A42DC4350A1E4428AC01048F00FF07924494AB96443041560100A4CB
:205F0000924494C408A9EB30964296441BA9FF38640C1BA9012C63093B10963B2910FF6950
:205F1000924176486FE06F7E9241764870166F7A30418F00FF03560100A492C45254606BE0
:205F200030418F00FF04560100A492C45241606330418F00FF05560100A492C4523F60274A
:205F3000923D761F02CC96098F009C003041560100A456BF28C430418F009C01560100A450
:205F400092427649CD2828AC01048F009C043041560100A456BF0DC430418F009C0056016C
:205F500000A49B0592417649DBC16F3C30418F00FF05560100A42DC4316428AC01048F0027
:205F6000FF063041560100A42DC4350A1E4428AC01048F00FF07924494AB964430415601F9
:205F700000A4924494C408A9EB3096429644640F1BA9012C630C3B109242761F02CC9609CD
:205F80002910FF69924176486FE06F0C9241764870166F089241764870166F04924176485C
:205F90007016761F02C456BF0115FE840006FE02964128AC01048F009C003041560100A416
:205FA00056BF28C48F009C013041560100A456BF50C48F009C023041560100A456BF49C464
:205FB0008F009C033041560100A456BF39C48F009C043041560100A456BF39C48F009C0548
:205FC0003041560100A456BF0DC4761F02C32B0056BF011F761F02C42B2456BF06108F0051
:205FD0009C003041560100A49B0692417649DBC1FE820006FE02964128AC01048F009C0079
:205FE0003041560100A456BF28C48F009C013041560100A456BF50C48F009C02304156017E
:205FF00000A456BF49C48F009C033041560100A456BF39C48F009C043041560100A456BF6F
:2060000038C48F009C053041560100A456BF0DC4761F02C356BF010056BF011F761F02C402
:206010002B2456BF06108F009C003041560100A49B0692417649DBC1FE820006FE02964133
:2060200056BF014228AC01048F009C003041560100A456BF28C4761F02C53241D5008F0064
:206030009C00A8A907AB0D428AA99B04922E7649CF0D0842000428AC01048F009C00761F4E
:2060400002C53241D500A8A907AB0D428AA99B04922F7649CF0D0842000428AC01048F00FB
:206050009C00761F02C53241D500A8A907AB0D428AA99B0492307649CF0D0842000428AC4D
:2060600001048F009C00761F02C53241D500A8A907AB0D428AA99B0292317649CF0D084282
:20607000000228AC01048F009C0058423041560100A49A0194A0964256BF0D948F009C007C
:206080003041560100A4924193427649DBC1FE820006FE02964156BF014228AC01048F0074
:206090009C003041560100A456BF28C47649228F28AC010488A98F009C003241D500A8A9A9
:2060A00007AB0D428AA99B0292A67649CF0D084200027649225728AC010488A98F009C0083
:2060B0003241D500A8A907AB0D428AA99B0492A67649CF0D084200047649226228AC010427
:2060C00088A98F009C003241D500A8A907AB0D428AA99B0492A67649CF0D08420004764918
:2060D000226D28AC010488A98F009C003241D500A8A907AB0D428AA99B0492A67649CF0DAD
:2060E000084200047649227828AC010488A98F009C003241D500A8A907AB0D428AA99B0458
:2060F00092A67649CF0D084200047649228328AC010488A98F009C003241D500A8A907AB8B
:206100000D428AA99B0492A67649CF0D0842000428AC01048F009C0058423041560100A433
:206110009A0194A0964256BF0D9430418F009C00560100A4924193427649DBC1FE820006F2
:20612000FE0296412B4228AC01048F009C0058423041560100A49A0194A0964256BF289499
:206130008F009C0058423041560100A49A0194A0964256BF56948F009C00584230415601EB
:2061400000A49A0194A0964256BF45948F009C0058423041560100A49A0194A0964256BF19
:2061500052948F009C0058423041560100A49A0194A0964256BF46948F009C00584230414C
:20616000560100A49A0194A0964256BF57948F009C0058423041560100A49A0194A09642A5
:2061700056BF3A94D5008F009C003241A8A907AB0D428AA99A009B047649CF0D0842000412
:2061800028AC01048F009C003241D502A8A907AB0D428AA99A659B017649CF0D08420004A8
:2061900028AC01048F009C0058423041560100A49A0194A0964256BF0D948F009C003041EC
:2061A000560100A4924193427649DBC1FE820006FE0296412B4228AC01048F009C00584279
:2061B0003041560100A49A0194A0964256BF28948F009C0058423041560100A49A0194A0EB
:2061C000964256BF56948F009C0058423041560100A49A0194A0964256BF45948F009C00F7
:2061D00058423041560100A49A0194A0964256BF52948F009C0058423041560100A49A013B
:2061E00094A0964256BF46948F009C0058423041560100A49A0194A0964256BF57948F003D
:2061F0009C0058423041560100A49A0194A0964256BF32948F009C0058423041560100A43A
:206200009A0194A0964256BF3A94761F02C3BE64D5008F009C0032410E0BF60F1FA688A9F1
:20621000A8A907AB0D428AA99B0592A67649CF0D0842000528AC01048F009C005842304118
:20622000560100A49A0194A0964256BF2E94761F02C39B64920B00C9E9BC8F009C00D50081
:2062300088A93241A8A907AB0D428AA99B0292A67649CF0D0842000228AC01048F009C0065
:2062400058423041560100A49A0194A0964256BF0D948F009C003041560100A4924193429C
:206250007649DBC1FE820006FE0496412B4228AC01048F009C0058423041560100A49A0162
:2062600094A0964256BF28948F009C0058423041560100A49A0194A0964256BF52948F00DF
:206270009C0058423041560100A49A0194A0964256BF49947649C8002DA93578964328AC1C
:2062800001048F009C00D5013241A8A907AB0D428AA99B0392437649CF0D0842000528ACCF
:2062900001048F009C0058423041560100A49A0194A0964256BF209432418F009C00D501D4
:2062A000A8A907AB0D428AA99A789B027649CF0D0842000428AC01048F009C0058423041B2
:2062B000560100A49A0194A0964256BF20947649C80028AC010488A98F009C003241D5005F
:2062C000A8A907AB0D428AA99B0292A67649CF0D0842000276491D4C9B3028AC01048F0022
:2062D0009C0095A9584288A83041560100A49A0194A096427E94761F02C392005201600E38
:2062E00076491DB052786904284304B06F1376491DB02DA9350A96436F0D76491DB0523234
:2062F0006904284301F46F0676491DB02DA9350A964328AC01048F009C003241A8A9D50134
:2063000007AB0D428AA992439B037649CF0D0842000528AC01048F009C0058423041560186
:2063100000A49A0194A0964256BF209476491D7828AC010488A98F009C003241D501A8A936
:2063200007AB0D428AA99B0392A67649CF0D0842000528AC01048F009C0058423041560103
:2063300000A49A0194A0964256BF209476491D8F28AC010488A98F009C003241D501A8A9FF
:2063400007AB0D428AA99B0392A67649CF0D0842000528AC01048F009C00584230415601E3
:2063500000A49A0194A0964256BF2094761F02BD32418F009C00D501A8A907AB0D428AA9CC
:206360009B0392057649CF0D0842000528AC01048F009C0058423041560100A49A0194A025
:20637000964256BF20945D4332418F009C00DD32A8A907AB0D428AA992A59B03D501764930
:20638000CF0D0842000528AC01048F009C0058423041560100A49A0194A0964256BF0D946B
:2063900030418F009C00560100A4924193427649DBC1761F02C42B24FE840006FE0296414A
:2063A00028AC01048F00FF063041560100A49A059B027649CF4A761F02C3962128AC010406
:2063B0008F009C003041560100A456BF28C48F009C013041560100A456BF41C48F009C0256
:2063C0003041560100A456BF43C48F009C033041560100A456BF4BC48F009C043041560180
:2063D00000A456BF0DC48F009C003041560100A49B0592417649DBC1761F02C42B24FE8294
:2063E0000006FE0296412B4228AC01048F009C0058423041560100A49A0194A0964256BF8D
:2063F00028947649C7EC28AC010488A98F009C003241D501A8A907AB0D428AA99B0292A687
:206400007649CF0D0842000428AC01048F009C0058423041560100A49A0194A0964256BFCD
:20641000209476490FC128AC010488A98F009C003241D500A8A907AB0D428AA99B0392A651
:206420007649CF0D0842000328AC01048F009C0058423041560100A49A0194A0964256BFAE
:2064300020948F009C0058423041560100A49A0194A0964256BF0D948F009C003041560117
:2064400000A4924193427649DBC1FE820006FE0496412B4228AC01048F00FF333041560167
:2064500000A492C4520DFFE0023930418F00FF03560100A49A039B017649CF4A761F02C351
:20646000962228AC01048F00FF093041560100A49A029B027649CF4A761F02C3962328AC90
:2064700001048F00FF0F3041560100A49A039B017649CF4A761F02C3962428AC01048F0071
:20648000FF153041560100A49A049B007649CF4A761F02C3962528AC01048F00FF1F30415F
:20649000560100A49A049B007649CF4A761F02C3962628AC01048F00FF243041560100A4D3
:2064A0009A019B007649CF4A761F02C3962728AC01048F00FF263041560100A49A029B0087
:2064B0007649CF4A761F02C396282B4328AC01048F00FF293041560100A49A019B0076497D
:2064C000CF4A520160031A43000128AC01048F00FF2A3041560100A49A019B007649CF4A84
:2064D000520160031A43000228AC01048F00FF2B3041560100A49A019B007649CF4A520138
:2064E00060031A43000428AC01048F00FF2C3041560100A49A019B007649CF4A5201600315
:2064F0001A43000828AC01048F00FF2D3041560100A49A019B007649CF4A520160031A4306
:20650000001028AC01048F00FF2E3041560100A49A019B007649CF4A520160031A43002029
:2065100028AC01048F00FF2F3041560100A49A019B007649CF4A520160031A43004028AC34
:2065200001048F00FF303041560100A49A019B007649CF4A520160031A4300809243761F21
:2065300002C3962A28AC01048F009C0058423041560100A49A0194A0964256BF28943041D3
:2065400058428F009C00560100A49A0194A0964256BF4794304158428F009C00560100A4B3
:206550009A0194A0964256BF53947649911F28AC010488A98F009C003241D500A8A907AB99
:206560000D428AA99B0292A67649CF0D0842000228AC01048F009C0058423041560100A4D3
:206570009A0194A0964256BF2094761F02C492175201600E8F009C003241A8A9D50007AB60
:206580000D428AA99A009B027649CF0D6F127648712B28AC010488A98F009C003241D5004F
:20659000A8A907AB0D428AA99B0292A67649CF0D0842000228AC01048F009C00584230419B
:2065A000560100A49A0194A0964256BF20947649C7EC28AC010488A98F009C003241D50180
:2065B000A8A907AB0D428AA99B0392A67649CF0D0842000528AC01048F009C005842304177
:2065C000560100A49A0194A0964256BF209476491DB0761F021F27A99B0A922100C9E952E2
:2065D00094AB52786904284304B06F0F76491DB0761F021F27A99B0A922100C9E9522DA954
:2065E00092AB72AC350A964328AC01048F009C003241A8A9D50007AB0D428AA992439B04E3
:2065F0007649CF0D0842000428AC01048F009C0058423041560100A49A0194A0964256BFDC
:20660000209476491D7828AC010488A98F009C003241D500A8A907AB0D428AA99B0492A699
:206610007649CF0D0842000428AC01048F009C0058423041560100A49A0194A0964256BFBB
:20662000209476491D8F28AC010488A98F009C003241D500A8A907AB0D428AA99B0492A662
:206630007649CF0D0842000428AC01048F009C0058423041560100A49A0194A0964256BF9B
:2066400020947649B87928AC010488A98F009C003241D500A8A907AB0D428AA99B0192A6C0
:206650007649CF0D0A4228AC01048F009C0058423041560100A49A0194A0964256BF2094C9
:206660007649B87128AC010488A98F009C003241D500A8A907AB0D428AA99B0292A676499C
:20667000CF0D0842000228AC01048F009C0058423041560100A49A0194A0964256BF0D947B
:2066800030418F009C00560100A4924193427649DBC1761F02C42B24FE840006FE02964157
:206690002B4228AC01048F009C0058423041560100A49A0194A0964256BF2894761F02C69E
:2066A0009200600D304158428F009C00560100A49A0194A0964256BF50946F745202600D66
:2066B000304158428F009C00560100A49A0194A0964256BF53946F665206600D3041584251
:2066C0008F009C00560100A49A0194A0964256BF46946F58520460217648F4965201600F56
:2066D00028AC01048F009C0058423041560100A49A0194A0964256BF4C946F4428AC010478
:2066E0008F009C0058423041560100A49A0194A0964256BF53946F365203600D3041584254
:2066F0008F009C00560100A49A0194A0964256BF42946F285207600D304158428F009C003F
:20670000560100A49A0194A0964256BF44946F1A5205600D304158428F009C00560100A46C
:206710009A0194A0964256BF4C946F0C304158428F009C00560100A49A0194A0964256BF65
:206720005094304158428F009C00560100A49A0194A0964256BF0D9430418F009C005601F4
:2067300000A4924193427649DBC1FE820006FE0496412B4228AC01048F009C0058423041C7
:20674000560100A49A0194A0964256BF28942B43924352406710304158428F009C005601ED
:2067500000A49A0194A0964256BF30940A439243524068F27649911BBE409B0090400FA66E
:20676000600B28AC01048F009C013041560100A456BF31C46F0A28AC01048F009C01304144
:20677000560100A456BF30C47649911F520E600B28AC01048F009C073041560100A456BF3F
:2067800031C46F0A28AC01048F009C073041560100A456BF30C47649C8045200610B28ACEE
:2067900001048F009C083041560100A456BF31C46F0A28AC01048F009C083041560100A44A
:2067A00056BF30C47649911BBE809B0090800FA6600B28AC01048F009C093041560100A4E3
:2067B00056BF31C46F0A28AC01048F009C093041560100A456BF30C47649911B18A9040094
:2067C00091008F0004000FA4600B28AC01048F009C0A3041560100A456BF31C46F0A28ACA6
:2067D00001048F009C0A3041560100A456BF30C4764953255200610B28AC01048F009C0DF4
:2067E0003041560100A456BF31C46F0A28AC01048F009C0D3041560100A456BF30C4764965
:2067F000911B4EA96D057649911B4DA96C0B28AC01048F009C3E3041560100A456BF31C4E4
:206800006F0A28AC01048F009C3E3041560100A456BF30C4304158428F009C00560100A417
:206810009A0194A0964256BF0D9430418F009C00560100A4924193427649DBC1FE840006E9
:20682000FE029641764911D028A94E207649AEF99A069B037649E770924176486FE0FE8288
:206830000006FE02964128AC01048F009C003041560100A456BF28C4761F02C6D5008F0039
:206840009C013041560100A49B01920C7649CF0D28AC01048F009C023041560100A456BFD3
:206850000DC48F009C003041560100A49B0392417649DBC1FE820006FE02964128AC0104BE
:206860008F00FF043041560100A49A029B007649CF4A96425214632A28AC01048F00FF03D6
:206870003041560100A492C4522D60059242FF5C96426F0D30418F00FF03560100A492C48C
:20688000522B61059241764870166F133B109242761F0246720329109B02FF699A0676496E
:20689000E770924176486FE06F04924176487016FE820006FE02964128AC01048F00FF045F
:2068A0003041560100A49A029B007649CF4A96425206632628AC01048F00FF033041560172
:2068B00000A492C4522D60059242FF5C96426F0D30418F00FF03560100A492C4522B610531
:2068C0009241764870166F0F3B1029109A069B02FF697649E770924176486FE06F049241BE
:2068D00076487016FE820006FE029641FE820006FE029641FE820006FE0296412B4228AC0C
:2068E00001048F009C0058423041560100A49A0194A0964256BF28947649AE7A28AC01042A
:2068F00088A98F009C003241D501A8A907AB0D428AA99B0392A67649CF0D0842000528ACCA
:2069000001048F009C0058423041560100A49A0194A0964256BF20947649D66228AC010401
:2069100088A98F009C003241D501A8A907AB0D428AA99B0392A67649CF0D0842000528ACA9
:2069200001048F009C0058423041560100A49A0194A0964256BF209432418F009C00D5013D
:20693000A8A907AB0D428AA99A009B037649CF0D0842000528AC01048F009C005842304191
:20694000560100A49A0194A0964256BF0D948F009C003041560100A4924193427649DBC145
:20695000FE820006FE029641FE820006FE0296412B4228AC01048F009C005842304156019A
:2069600000A49A0194A0964256BF289476491CF428AC010488A98F009C003241D500A8A95E
:2069700007AB0D428AA99B0292A67649CF0D0842000228AC01048F009C00584230415601B1
:2069800000A49A0194A0964256BF0D948F009C003041560100A4924193427649DBC1FE82DC
:206990000006FE02964128AC01048F00FF033041560100A49A029B007649CF4A96425201FA
:2069A00069059241764870166F11764923BE88A90E420FA661089242764923B79A069B03E8
:2069B0007649E770924176486FE0FE820006FE0296412B4228AC01048F009C0058423041F8
:2069C000560100A49A0194A0964256BF2894764923BE28AC010488A98F009C003241D50027
:2069D000A8A907AB0D428AA99B0292A67649CF0D0842000228AC01048F009C005842304157
:2069E000560100A49A0194A0964256BF0D948F009C003041560100A4924193427649DBC1A5
:2069F000FE820006FE02964128AC01048F00FF033041560100A49A029B007649CF4A96426D
:206A0000520169059241764870166F1376491F5388A90E420FA6610A924276491F4C76498D
:206A1000A4BD9A069B037649E770924176486FE0FE820006FE0296412B4228AC01048F009F
:206A20009C0058423041560100A49A0194A0964256BF289476491F5328AC010488A98F0072
:206A30009C003241D500A8A907AB0D428AA99B0292A67649CF0D0842000228AC01048F00B9
:206A40009C0058423041560100A49A0194A0964256BF0D948F009C003041560100A49241CD
:206A500093427649DBC1FE820006FE04964128AC01048F00FF033041560100A49A029B008A
:206A60007649CF4A9642520469059241764870166F4B7649C800964376491D4C88A90E42C8
:206A70000FA66104924276491D4592425201600E2D43359276491D712D43358A76491D874C
:206A80002D43356976491D506F26520060112D43359076491D712D43358876491D872D43E2
:206A9000356976491D509A0076491DF66F1452036103520460102D43359076491D712D43BC
:206AA000359076491D872D43357876491D509A0076491DF69A069B037649E77076486AF489
:206AB000924176486FE0FE840006FE0296412B4228AC01048F009C0058423041560100A410
:206AC0009A0194A0964256BF289476491D4C28AC010488A98F009C003241D500A8A907AB96
:206AD0000D428AA99B0292A67649CF0D0842000228AC01048F009C0058423041560100A45E
:206AE0009A0194A0964256BF0D948F009C003041560100A4924193427649DBC1FE82000619
:206AF000FE029641FE820006761F02C32B1F761F02C4922452066515520A631356BF0B248C
:206B0000761F027056BF520056BF530156BF540256BF0D038F009C009A009B047649DBC14F
:206B10000006FE02964128AC01048F00FF063041560100A492C4520D61059241764870167D
:206B20006F16761F027056BF500056BF560156BF410256BF300356BF0D048F009C009A006D
:206B30009B057649DBC1924176486FE0FE820006FE02964128AC01048F00FF0C30415601D2
:206B400000A492C4520D61059241764870166F2830418F00FF04560100A49A039B027649D1
:206B5000CF4A9642761F027056BF500056BF560156BF410256BF3103D5029B038F009C0417
:206B60007649CF0D761F027056BF0D0A9A009B0B8F009C007649DBC1924176486FE0FE8221
:206B70000006FE029641761F02C4922C601C7649219B1BA904006005764921A7520061139E
:206B800028A90400764921939A007649219F3B10761F02C502001E0E2910FF699A069B02E1
:206B90007649E770761F02C42B092B0A9A00764870F79A0076487105761F02C3920F60071C
:206BA0007648806B761F02C41A2C0001761F02C456BF0117924176486FE0FE820006FE029C
:206BB000964128AC01048F00FF0C3041560100A492C4520D61059241764870166F3E3041BF
:206BC0008F00FF04560100A49A039B027649CF4A9642761F02C4922C602D9242612B1BA974
:206BD000177066289242764870F77649C7F0761F02C4960976487101761F02C493A93B0124
:206BE00092099EA885A9FF561BA901C2620F761F02C3920F60077648808B761F02C41A2C6D
:206BF0000002924176486FE06F089241764870166F04924176487016FE820006B2BDFE0890
:206C0000964528AC01048F00FF0C3045560100A492C4520D6106924576487016FFEF00BAD7
:206C100030458F00FF04560100A49A039B027649CF4A9646761F02C4922CFFE000A89246FC
:206C2000FFE100A51BA91770FFE600A1764871015200FFE5009C9246764871057649C7F07A
:206C3000761F02C4960A3B019E0985A9FF565264640C7648710159A97648710F3B019EA1D2
:206C400085A9FF5652646306924576487016FFEF00817648710F761F02C493A93B01920A5B
:206C50009EA885A9FF561BA901C2626C7648710159A97648710F3B01761F02C49EA185A992
:206C6000FF5656030AA91EA6920A9E0985A9FF5685A91E4206A600C9E8DB96477648710F48
:206C7000761F02C43B012D0A56030AA9334703AB1E4492471BA905F463411BA9020C653EF1
:206C80008F070800A8A90F446539FF2BFF1F0F446335761F02C3920F6007764880B5761FF7
:206C900002C41A2C00047649219B5447600D8F002710A842064400C9E8EA59A9764921A733
:206CA00093A155A961109247764921938F002710A842064400C9E8EA7649219F9A069B0294
:206CB0007649E7703B100644761F02C51E0E2910FF69924576486FE06F0C92457648701676
:206CC0006F089245764870166F04924576487016FE888BBE0006FE02964128AC01048F0080
:206CD000FF043041560100A49A029B007649CF4A9642520965059241764870166F2D520084
:206CE000612828AC01048F00FF033041560100A492C4522D60049242FF5C96427649219B7A
:206CF00093A9924294A8764921937649219B1BA905F4650628A905F4764921936F0A7649AD
:206D0000219B1BA9020C630528A9020C76492193924176486FE0FE820006FE029641FE826E
:206D10000006FE04964156BF024228AC01048F00FF003241A8A907AB0D428AA99A049B0093
:206D20007649CF4A9643764922500842000428AC01048F00FF003241A8A907AB0D428AA9C4
:206D30009A049B007649CF4A96437649225B0842000428AC01048F00FF003241A8A907ABF2
:206D40000D428AA99A049B007649CF4A9643764922660842000428AC01048F00FF00324158
:206D5000A8A907AB0D428AA99A029B007649CF4A96432D433564764922719A0E764922874B
:206D6000764880DF9A069B027649E770924176486FE0FE840006FE04964156BF034228AC34
:206D700001048F00FF003241A8A907AB0D428AA99A029B007649CF4A964352146603520E61
:206D800067059241764870166F679243764922870842000228AC01048F00FF003241A8A9E6
:206D900007AB0D428AA99A049B007649CF4A9643764922500842000428AC01048F00FF00DF
:206DA0003241A8A907AB0D428AA99A049B007649CF4A96437649225B0842000428AC01048E
:206DB0008F00FF003241A8A907AB0D428AA99A049B007649CF4A96437649226608420004BE
:206DC00028AC01048F00FF003241A8A907AB0D428AA99A049B007649CF4A96437649227118
:206DD0000842000428AC01048F00FF003241A8A907AB0D428AA99A049B007649CF4A96430C
:206DE0007649227C764880DF9A069B027649E770924176486FE0FE840006FE0296417649C8
:206DF00011D03B10761F02C502001E0E2910FF699A069B027649E770924176486FE0FE8279
:206E00000006FE029641FE820006FE029641FE820006FE029641761F02C42B157648ED0C89
:206E10009A007648F57B9A007648F5179A007648F51B9A007648F539761F01FC1A0D80000F
:206E20001A1400011A1400021A0D40003B10FF697649E84376C8000076206F00FE029641D5
:206E30002B4228AC01048F009C0058423041560100A49A0194A0964256BF28940842000207
:206E40008F009C0058423041560100A49A0194A0964256BF209476491C5B28AC010488A951
:206E50008F009C003241D500A8A907AB0D428AA99B0292A67649CF0D0842000228AC010495
:206E60008F009C0058423041560100A49A0194A0964256BF2094084200028F009C00584260
:206E70003041560100A49A0194A0964256BF2094084200048F009C0058423041560100A4A7
:206E80009A0194A0964256BF209476491C6628AC01043B0188A98F009C003241D50085A65D
:206E9000FF5688A9A8A907AB0D428AA99B0492A67649CF0D0842000428AC01048F009C0013
:206EA00058423041560100A49A0194A0964256BF2094084200048F009C0058423041560181
:206EB00000A49A0194A0964256BF209476491C8828AC010488A98F009C003241D501A8A97C
:206EC00007AB0D428AA99B0392A67649CF0D0842000528AC01048F009C0058423041560158
:206ED00000A49A0194A0964256BF209476491C9328AC010488A98F009C003241D502A8A950
:206EE00007AB0D428AA99B0292A67649CF0D0842000528AC01048F009C0058423041560139
:206EF00000A49A0194A0964256BF209476491C9E28AC010488A98F009C003241D501A8A926
:206F000007AB0D428AA99B0392A67649CF0D0842000528AC01048F009C0058423041560117
:206F100000A49A0194A0964256BF209476491CA928AC010488A98F009C003241D502A8A9F9
:206F200007AB0D428AA99B0292A67649CF0D0842000528AC01048F009C00584230415601F8
:206F300000A49A0194A0964256BF209476491CB428AC010488A98F009C003241D501A8A9CF
:206F400007AB0D428AA99B0392A67649CF0D0842000528AC01048F009C00584230415601D7
:206F500000A49A0194A0964256BF209476491C7D28AC010488A98F009C003241D501A8A9E6
:206F600007AB0D428AA99B0292A67649CF0D0842000428AC01048F009C00584230415601B9
:206F700000A49A0194A0964256BF209476491CBF28AC010488A98F009C003241D500A8A985
:206F800007AB0D428AA99B0392A67649CF0D0842000328AC01048F009C0058423041560199
:206F900000A49A0194A0964256BF2094304158428F009C00560100A49A0194A0964256BFE0
:206FA0000D948F009C003041560100A4924193427649DBC1FE820006FE029641FE820006B3
:206FB0000006FE0296419A01764870D3924176486FE0FE820006FE029641761F02C42B2461
:206FC000FE820006FE029641761F02C3921F600456BF011F6F11761F02C4402C6C04182CB5
:206FD000FFFE6F0A412C6C04182CFFFD6F05422C6C03182CFFFB761F02C42B24FE8200064F
:206FE000FE02964128AC01048F009C003041560100A456BF28C48F009C013041560100A4B1
:206FF00056BF41C48F009C023041560100A456BF43C48F009C033041560100A456BF4BC4F4
:207000008F009C043041560100A456BF0DC4761F02C456BF01158F009C003041560100A4D2
:207010009B0592417649DBC1FE820006FE02964128AC01048F009C003041560100A456BFB0
:2070200028C48F009C013041560100A456BF4EC48F009C023041560100A456BF41C48F0063
:207030009C033041560100A456BF4BC48F009C043041560100A456BF0DC4761F02C456BF20
:2070400001158F009C003041560100A49B0592417649DBC1FE820006FE0697469645A0448F
:20705000A842520060039A006F225200611F52016007924652016004020207421E428342C9
:207060008A4488C50EC40FA6610892C4522A61039A006F0D9A016F0B0B45020107441E44A4
:20707000020107421E42924560E39A01FE860006761F02C392130006FE0296413B10761F59
:2070800002C396132910FF69FE820006FE0A9645A84206421E442B460B456F249246FFC7F2
:20709000FFC396475603044696468A4492C4FFC3704758A98F00AA0B9294F2469246FFC7E4
:2070A000FFC396475603044696468A4492C4900F704758A98F00AA0B9294F2460201074447
:2070B0001E4492450B45520060DA924690FF96499246FFC79648924952286105520D61036B
:2070C000520A60020A49924852286105520D6103520A60020A4856030848964692497246FA
:2070D0009246FE8A0006FE0296413B10761F02C496162910FF69FE820006761F02C49216E7
:2070E0000006FE0296413B10761F02C496252910FF69FE820006761F02C492250006761F7E
:2070F00002C4920E0006761F02C4920F0006FE0296413B10761F02C496072910FF69FE82D7
:207100000006761F02C492070006FE0296413B10761F02C496082910FF69FE820006761F98
:2071100002C492080006FE0296413B10761F02C3961D2910FF69FE820006761F02C3921D9A
:207120000006FE0296413B10761F02C3961E2910FF69FE820006761F02C3921E0006FE02E2
:207130009641761F02CC9609FE820006761F02CC92090006FE02964128AC01048F00FF039B
:207140003041560100A49A029B007649CF4A9642520368059241764870166F1176491F5E47
:2071500088A90E420FA66108924276491F579A069B037649E770924176486FE0FE820006BD
:20716000FE0296412B4228AC01048F009C0058423041560100A49A0194A0964256BF289449
:2071700076491F5E28AC010488A98F009C003241D500A8A907AB0D428AA99B0292A676492D
:20718000CF0D0842000228AC01048F009C0058423041560100A49A0194A0964256BF0D9460
:207190008F009C003041560100A4924193427649DBC1FE820006FE02964128AC01048F0080
:2071A000FF053041560100A49A029B007649CF4A9642520268059241764870166F11764961
:2071B0001FA088A90E420FA66108924276491F999A069B037649E770924176486FE0FE8262
:2071C0000006FE0296412B4228AC01048F009C0058423041560100A49A0194A0964256BF9F
:2071D000289476491FA028AC010488A98F009C003241D500A8A907AB0D428AA99B0292A68E
:2071E0007649CF0D0842000228AC01048F009C0058423041560100A49A0194A0964256BFE2
:2071F0000D948F009C003041560100A4924193427649DBC1FE820006FE02964128AC01040E
:207200008F00FF033041560100A49A029B007649CF4A9642520369059241764870166F1130
:2072100076491D8388A90E420FA66108924276491D7C9A069B037649E770924176486FE000
:20722000FE820006FE0296412B4228AC01048F009C0058423041560100A49A0194A09642D3
:2072300056BF289476491D8328AC010488A98F009C003241D500A8A907AB0D428AA99B026F
:2072400092A67649CF0D0842000228AC01048F009C0058423041560100A49A0194A096425E
:2072500056BF0D948F009C003041560100A4924193427649DBC1FE820006B2BDFE04964100
:207260002B432B426F2128AC0037761F02C58F00B00058423000560100A4594228AC0104C4
:20727000889430418F009C00560100A47E9C584230418F009C00560100A49294520D600318
:2072800056BF01430A42924252376703924361DC761F02C592009C0190019600761F02C463
:207290002B1528AC01048F009C003041560100A4924193427649DBC1761F02C456BF0115A5
:2072A000FE848BBE0006FE0296413B10761F02C4960D2910FF69FE820006761F02C4920DBC
:2072B0000006FE0696432B4428AC01048F009C0058443043560100A49A0194A0964456BFA0
:2072C000289476491F3D28AC010488A98F009C003243D501A8A907AB0D448AA99B0392A6FA
:2072D0007649CF0D0844000528AC01048F009C0058443043560100A49A0194A0964456BFE6
:2072E000209476491F3D3B0128AC0064761F02DA85A91E42300200C9E8DB964528AC0104DA
:2072F0008F009C00D5013243A8A907AB0D448AA99B0292457649CF0D0844000428AC010449
:207300008F009C0058443043560100A49A0194A0964456BF209476491F3D28AC010488A9A1
:207310008F009C003243D501A8A907AB0D448AA99B0392A67649CF0D0844000528AC0104C5
:207320008F009C0058443043560100A49A0194A0964456BF209476491F4152006004284564
:2073300001F46F032845025828AC01048F009C003243A8A9D50107AB0D448AA992459B02C5
:207340007649CF0D0844000428AC01048F009C0058443043560100A49A0194A0964456BF76
:20735000209476491F3D3B0128AC0064761F02DA85A91E42300200C9E8DB964528AC010469
:207360008F009C003243D501A8A907AB0D448AA99B0292457649CF0D0844000428AC0104D8
:207370008F009C0058443043560100A49A0194A0964456BF2094761F02DA32438F009C0045
:20738000D500A8A907AB0D448AA99B0492027649CF0D0844000428AC01048F009C005844D3
:207390003043560100A49A0194A0964456BF2094761F02DA32438F009C00D500A8A907AB14
:2073A0000D448AA99B0492017649CF0D0844000428AC01048F009C0058443043560100A41E
:2073B0009A0194A0964456BF20947649C8002DA93578964528AC01048F009C003243D50117
:2073C000A8A907AB0D448AA99B0292457649CF0D0844000428AC01048F009C0058443043B4
:2073D000560100A49A0194A0964456BF209476491DDC28AC010488A98F009C003243D501F8
:2073E000A8A907AB0D448AA99B0292A67649CF0D0844000428AC01048F009C005844304333
:2073F000560100A49A0194A0964456BF20947649C8E728AC010488A98F009C003243D50122
:20740000A8A907AB0D448AA99B0292A67649CF0D0844000428AC01048F009C005844304312
:20741000560100A49A0194A0964456BF209476491D7828AC010488A98F009C003243D5011B
:20742000A8A907AB0D448AA99B0292A67649CF0D0844000428AC01048F009C0058443043F2
:20743000560100A49A0194A0964456BF209476491D8F28AC010488A98F009C003243D501E4
:20744000A8A907AB0D448AA99B0292A67649CF0D0844000428AC01048F009C0058443043D2
:20745000560100A49A0194A0964456BF209476491D4C9B3028AC01048F009C0095A95844DE
:2074600088A83043560100A49A0194A096447E94304358448F009C00560100A49A0194A0AF
:20747000964456BF209476491DD128AC010488A98F009C003243D500A8A907AB0D448AA9A6
:207480009B0292A67649CF0D0844000228AC01048F009C0058443043560100A49A0194A051
:20749000964456BF209476491DB028AC010488A98F009C003243D500A8A907AB0D448AA9A7
:2074A0009B0392A67649CF0D0844000328AC01048F009C0058443043560100A49A0194A02F
:2074B000964456BF209476491F539B3028AC01048F009C0095A9584488A83043560100A4A1
:2074C0009A0194A096447E94304358448F009C00560100A49A0194A0964456BF209476498B
:2074D0001F5E9B3028AC01048F009C0095A9584488A83043560100A49A0194A096447E941D
:2074E000304358448F009C00560100A49A0194A0964456BF209476491D839B3028AC0104E2
:2074F0008F009C0095A9584488A83043560100A49A0194A096447E94304358448F009C00E4
:20750000560100A49A0194A0964456BF20948F009C0058443043560100A49A0194A0964420
:2075100056BF3C948F009C0058443043560100A49A0194A0964456BF20948F009C00D500CF
:207520003243A8A907AB0D448AA99A019B027649CF0D0844000228AC01048F009C0058448E
:207530003043560100A49A0194A0964456BF2094304358448F009C00560100A49A0194A057
:20754000964456BF3094304358448F009C00560100A49A0194A0964456BF209476491CF402
:207550009B3028AC01048F009C0095A9584488A83043560100A49A0194A096447E943043A6
:2075600058448F009C00560100A49A0194A0964456BF209476491DE728AC010488A98F007B
:207570009C003243D501A8A907AB0D448AA99B0292A67649CF0D0844000428AC01048F0065
:207580009C0058443043560100A49A0194A0964456BF2094304358448F009C00560100A49E
:207590009A0194A0964456BF209476491D419B3028AC01048F009C0095A9584488A8304300
:2075A000560100A49A0194A096447E94304358448F009C00560100A49A0194A0964456BF22
:2075B0000D948F009C003043560100A4924393447649DBC1761F02CE2B02FE860006FE025E
:2075C0009641FE820006B2BDFE0496412B4228AC01048F009C0058423041560100A49A01F4
:2075D00094A0964256BF28947649A8E228AC010488A98F009C003241D501A8A907AB0D42A5
:2075E0008AA99B0392A67649CF0D0842000528AC01048F009C0058423041560100A49A01F3
:2075F00094A0964256BF20947649A8FA28AC0104BE0A8F009C003241D5010EA9F60F1FA6AF
:2076000088A9A8A907AB0D428AA99B0292A67649CF0D0842000428AC01048F009C00584258
:207610003041560100A49A0194A0964256BF2094761F02C69200520360087649AE1A964372
:207620007649AE3296446F1B520461055205610352066013761F01FCCC098000FFCE5201FE
:20763000600C92109001520160087649AE1A96437649A8FA96446F032B432B4428AC01041D
:207640008F009C003241A8A9D50107AB0D428AA992439B037649CF0D0842000528AC0104FB
:207650008F009C0058423041560100A49A0194A0964256BF2094BE0A32418F009C00D5013D
:207660000E44F60F1FA688A9A8A907AB0D428AA99B0292A67649CF0D0842000428AC0104A1
:207670008F009C0058423041560100A49A0194A0964256BF20947649806F59A97649805F0B
:207680003B0185A9FF5693A155A963177649805F28AC01043B0188A98F009C003241D50028
:2076900085A6FF5688A9A8A907AB0D428AA99B0492A67649CF0D6F127649806F28AC01042A
:2076A00088A98F009C003241D500A8A907AB0D428AA99B0492A67649CF0D0842000428AC0D
:2076B00001048F009C0058423041560100A49A0194A0964256BF20947649805F28AC01049D
:2076C0003B0188A98F009C003241D50085A6FF5688A9A8A907AB0D428AA99B0492A67649FE
:2076D000CF0D0842000428AC01048F009C0058423041560100A49A0194A0964256BF2094F6
:2076E0007649805B28AC010488A98F009C003241D500A8A907AB0D428AA99B0392A6764959
:2076F000CF0D0842000328AC01048F009C0058423041560100A49A0194A0964256BF2094D7
:207700007649E0E028AC0104BE0A8F009C003241D5000EA9F60F1FA688A9A8A907AB0D42D2
:207710008AA99B0392A67649CF0D0842000328AC01048F009C0058423041560100A49A01C3
:2077200094A0964256BF20947649C7F028AC010488A98F009C003241D502A8A907AB0D422D
:207730008AA99B0292A67649CF0D0842000528AC01048F009C0058423041560100A49A01A2
:2077400094A0964256BF2094761F021F32418F009C00D500A8A907AB0D428AA99B03922254
:207750007649CF0D0842000328AC01048F009C0058423041560100A49A0194A0964256BF6B
:20776000209476490FC128AC010488A98F009C003241D500A8A907AB0D428AA99B0392A6EE
:207770007649CF0D0842000328AC01048F009C0058423041560100A49A0194A0964256BF4B
:20778000209476490FA128AC010488A98F009C003241D500A8A907AB0D428AA99B0492A6ED
:207790007649CF0D0842000428AC01048F009C0058423041560100A49A0194A0964256BF2A
:2077A0002094761F02C39B0A920300C9E95288A98F009C003241D500A8A907AB0D428AA954
:2077B0009B0492A67649CF0D0842000428AC01048F009C0058423041560100A49A0194A020
:2077C000964256BF2094761F02C332418F009C00D501A8A907AB0D428AA99B0392077649BF
:2077D000CF0D0842000528AC01048F009C0058423041560100A49A0194A0964256BF2094F4
:2077E000761F02C332418F009C00D502A8A907AB0D428AA99B0292027649CF0D084200051A
:2077F00028AC01048F009C0058423041560100A49A0194A0964256BF2094761F02C4324131
:207800008F009C00D500A8A907AB0D428AA99B0592067649CF0D0842000528AC01048F0059
:207810009C0058423041560100A49A0194A0964256BF2094304158428F009C00560100A415
:207820009A0194A0964256BF3094761F02CE8F409C005C0230415842560100A5DC309A01EC
:2078300094A096427C958F009C0058423041560100A49A0194A0964256BF3094761F01FCD8
:20784000921090015201600D304158428F009C00560100A49A0194A0964256BF31946F0C08
:20785000304158428F009C00560100A49A0194A0964256BF3094304158428F009C005601DA
:2078600000A49A0194A0964256BF30947648F4C552026109761F02C39B0A920100C9E9BCAF
:207870005200610F28AC01048F009C0058423041560100A49A0194A0964256BF31946F0E2E
:2078800028AC01048F009C0058423041560100A49A0194A0964256BF3094761F02C39B0A5F
:20789000920100C9E9BC5200610D304158428F009C00560100A49A0194A0964256BF319465
:2078A0006F0C304158428F009C00560100A49A0194A0964256BF30947648F4C5520260145D
:2078B000761F02C692005204600F28AC01048F009C0058423041560100A49A0194A0964253
:2078C00056BF31946F0E28AC01048F009C0058423041560100A49A0194A0964256BF3094C7
:2078D000304158428F009C00560100A49A0194A0964256BF20943241D5008F009C00A8A933
:2078E00007AB0D428AA99A009B027649CF0D0842000228AC01048F009C00584230415601D0
:2078F00000A49A0194A0964256BF209432418F009C00D500A8A907AB0D428AA99A009B0235
:207900007649CF0D0842000228AC01048F009C0058423041560100A49A0194A0964256BFBA
:207910002094761F02C332418F009C00D500A8A907AB0D428AA99B0592097649CF0D084231
:20792000000528AC01048F009C0058423041560100A49A0194A0964256BF20947648F4C551
:2079300052026109761F02C39B0A920100C9E9BC520061167649B8719B0A00C9E9BC520360
:20794000600F28AC01048F009C0058423041560100A49A0194A0964256BF31946F0E28ACDC
:2079500001048F009C0058423041560100A49A0194A0964256BF30947648F4969B3028AC7A
:2079600001048F009C0095A9584288A83041560100A49A0194A096427E94584230418F0010
:207970009C00560100A4D88292949643761F02528F409C005C3658423041560100A5DC300E
:207980009A0194A096427C958F009C0058423041560100A49A0194A0964256BF0D948F0012
:207990009C003041560100A4924193427649DBC1FE848BBE0006FE0296412B4228AC0104DE
:2079A0008F009C0058423041560100A49A0194A0964256BF28948F009C0058423041560191
:2079B00000A49A0194A0964256BF3094761F02C692005206600D304158428F009C00560152
:2079C00000A49A0194A0964256BF31946F0C304158428F009C00560100A49A0194A096422F
:2079D00056BF30947649911F521D600F28AC01048F009C0058423041560100A49A0194A098
:2079E000964256BF31946F0E28AC01048F009C0058423041560100A49A0194A0964256BF92
:2079F00030947649911F521F600F28AC01048F009C0058423041560100A49A0194A09642B3
:207A000056BF31946F0E28AC01048F009C0058423041560100A49A0194A0964256BF309485
:207A10007649911F5220600F28AC01048F009C0058423041560100A49A0194A0964256BF40
:207A200031946F0E28AC01048F009C0058423041560100A49A0194A0964256BF30947649BB
:207A3000A93A5200610F28AC01048F009C0058423041560100A49A0194A0964256BF319406
:207A40006F0E28AC01048F009C0058423041560100A49A0194A0964256BF30947649911FB0
:207A50005226600F28AC01048F009C0058423041560100A49A0194A0964256BF31946F0E27
:207A600028AC01048F009C0058423041560100A49A0194A0964256BF30947649911F522398
:207A7000600F28AC01048F009C0058423041560100A49A0194A0964256BF31946F0E28ACAB
:207A800001048F009C0058423041560100A49A0194A0964256BF30947649911F5223600FDD
:207A900028AC01048F009C0058423041560100A49A0194A0964256BF31946F0E28AC0104F5
:207AA0008F009C0058423041560100A49A0194A0964256BF3094764953255200610F28AC48
:207AB00001048F009C0058423041560100A49A0194A0964256BF31946F0E28AC01048F001A
:207AC0009C0058423041560100A49A0194A0964256BF30947649911B18A9040091008F0034
:207AD00004000FA4600F28AC01048F009C0058423041560100A49A0194A0964256BF3194E5
:207AE0006F0E28AC01048F009C0058423041560100A49A0194A0964256BF30947649911F10
:207AF000520E600F28AC01048F009C0058423041560100A49A0194A0964256BF31946F0E9F
:207B000028AC01048F009C0058423041560100A49A0194A0964256BF30947649C8045200FE
:207B1000610F28AC01048F009C0058423041560100A49A0194A0964256BF31946F0E28AC09
:207B200001048F009C0058423041560100A49A0194A0964256BF3094304158428F009C0059
:207B3000560100A49A0194A0964256BF30947649C81F5200610F28AC01048F009C005842B4
:207B40003041560100A49A0194A0964256BF31946F0E28AC01048F009C0058423041560155
:207B500000A49A0194A0964256BF3094761F02DA9234610D304158428F009C00560100A41B
:207B60009A0194A0964256BF31946F0C304158428F009C00560100A49A0194A0964256BF1C
:207B700030947649911F523061057649911B47A96C0F28AC01048F009C005842304156019E
:207B800000A49A0194A0964256BF31946F0E28AC01048F009C0058423041560100A49A019E
:207B900094A0964256BF30947649911B4EA96D057649911B4DA96C0F28AC01048F009C003C
:207BA00058423041560100A49A0194A0964256BF31946F0E28AC01048F009C0058423041B2
:207BB000560100A49A0194A0964256BF30947649911F5224600F28AC01048F009C00584248
:207BC0003041560100A49A0194A0964256BF31946F0E28AC01048F009C00584230415601D5
:207BD00000A49A0194A0964256BF30947649911F5222600F28AC01048F009C005842304110
:207BE000560100A49A0194A0964256BF31946F0E28AC01048F009C0058423041560100A482
:207BF0009A0194A0964256BF30947649911F5204600F28AC01048F009C005842304156015B
:207C000000A49A0194A0964256BF31946F0E28AC01048F009C0058423041560100A49A011D
:207C100094A0964256BF30947649911F524F600F28AC01048F009C0058423041560100A4E6
:207C20009A0194A0964256BF31946F0E28AC01048F009C0058423041560100A49A0194A06D
:207C3000964256BF3094304158428F009C00560100A49A0194A0964256BF3094924252208C
:207C400069F3304158428F009C00560100A49A0194A0964256BF0D9430418F009C00560147
:207C500000A4924193427649DBC1FE820006FE029641FE820006FE029641FE820006FE022D
:207C60009641FE820006FE029641FE820006FE029641FE820006FE02964128AC01048F00AE
:207C7000FF023041560100A492C4526160059A01764923B76F4E30418F00FF02560100A42C
:207C800092C4526260059A0176491F996F4230418F00FF02560100A492C4524360059A01CB
:207C9000764883A16F3630418F00FF02560100A492C4526A600676491CF45200602A6F2996
:207CA00030418F00FF02560100A492C4526B60059A01764920076F1D30418F00FF025601EB
:207CB00000A492C4527560059A0176491FA46F1130418F00FF02560100A492C45276600572
:207CC0009A0176491FAF6F059241764870166F089A069B037649E770924176486FE0FE82C6
:207CD0000006FE02964128AC01048F00FF023041560100A492C4526160059A00764923B741
:207CE0006F4130418F00FF02560100A492C4526260059A0076491F996F3530418F00FF02B3
:207CF000560100A492C4524360059A00764883A16F2930418F00FF02560100A492C4526B06
:207D000060059A00764920076F1D30418F00FF02560100A492C4527560059A0076491FA458
:207D10006F1130418F00FF02560100A492C4527660059A0076491FAF6F05924176487016A2
:207D20006F089A069B037649E770924176486FE0FE820006FE02964128AC01048F00FF04D0
:207D30003041560100A49A029B017649CF4A964276491D4C5202681176491D4C5204660DF9
:207D40007649C8002DA93582544268077649C8002DA93569544269059241764870166F1174
:207D500076491D5788A90E420FA66108924276491D509A069B037649E770924176486FE00D
:207D6000FE820006FE02964128AC01048F00FF043041560100A49A029B017649CF4A9642E7
:207D7000520061117649C8002DA935785442690B7649C8002DA93591544267059241764865
:207D800070166F1176491DE788A90E420FA66108924276491DE09A069B037649E7709241C4
:207D900076486FE0FE820006FE029641FE820006FE029641FE820006FE029641FE82000629
:207DA000FE029641FE820006FE029641FE820006FE02964128AC01048F00FF0430415601FF
:207DB00000A49A029B017649CF4A96427649C800520160069242526E6818528766167649BF
:207DC000C80052026007924252DC680F1BA9010E660C7649C8005204600C92421BA901B8C8
:207DD00068041BA9021C69059241764870166F1576491DDC88A90E420FA6610C924276494E
:207DE0001DD576491DDC76490FF39A069B037649E770924176486FE0FE820006FE02964187
:207DF00028AC01048F00FF043041560100A49A029B017649CF4A964276491D4C5202680BC5
:207E000076491D4C520466077649C8002DA93578544269059241764870166F1B76491D7874
:207E100088A90E420FA6611276491D8F544269059241764870166F0D924276491D719A06E6
:207E20009B037649E77076486AF4924176486FE0FE820006FE0296412B4228AC01048F0060
:207E30009C0058423041560100A49A0194A0964256BF289476491D7828AC010488A98F002B
:207E40009C003241D501A8A907AB0D428AA99B0292A67649CF0D0842000428AC01048F0092
:207E50009C0058423041560100A49A0194A0964256BF0D948F009C003041560100A49241A9
:207E600093427649DBC1FE820006FE02964128AC01048F00FF043041560100A49A029B0166
:207E70007649CF4A964276491D4C5202680B76491D4C520466077649C8002DA935785442C8
:207E800069059241764870166F1B76491D8F88A90E420FA6611276491D7854426705924196
:207E9000764870166F0D924276491D879A069B037649E77076486AF4924176486FE0FE820B
:207EA0000006FE0296412B4228AC01048F009C0058423041560100A49A0194A0964256BFB2
:207EB000289476491D8F28AC010488A98F009C003241D501A8A907AB0D428AA99B0292A6B3
:207EC0007649CF0D0842000428AC01048F009C0058423041560100A49A0194A0964256BFF3
:207ED0000D948F009C003041560100A4924193427649DBC1FE820006FE02964128AC010421
:207EE0008F00FF043041560100A49A029B017649CF4A96427649C8002DA93578544266078F
:207EF0007649C8002DA935A5544267059241764870166F0D924276491D5B9A069B0376499E
:207F0000E77076486AF4924176486FE0FE820006FE0296412B4228AC01048F009C005842A6
:207F10003041560100A49A0194A0964256BF289476491D6228AC010488A98F009C00324187
:207F2000D501A8A907AB0D428AA99B0292A67649CF0D0842000428AC01048F009C0058428A
:207F30003041560100A49A0194A0964256BF0D948F009C003041560100A49241934276496A
:207F4000DBC1FE820006FE029641FE820006FE029641FE820006FE029641FE820006FE02E8
:207F50009641FE820006FE029641FE820006FE029641FE820006FE029641FE820006FE029D
:207F6000964128AC01048F00FF053041560100A49A029B007649CF4A9642522C68035236FA
:207F700069059241764870166F1776491DDC88A92D42310A0EAB0FA6610C350A76491DD588
:207F800076491DDC76490FF39A069B037649E770924176486FE0FE820006FE0296412B426A
:207F900028AC01048F009C0058423041560100A49A0194A0964256BF289476491DDC28ACC3
:207FA0000104BE0A8F009C003241D5000EA9F60F1FA688A9A8A907AB0D428AA99B0292A675
:207FB0007649CF0D0842000228AC01048F009C0058423041560100A49A0194A0964256BF04
:207FC0000D948F009C003041560100A4924193427649DBC1FE820006761F01C8CC05008031
:207FD000FFC652016005761F02C50A046F04761F02C52B04761F01C8CC150080FFC65201D5
:207FE0006005761F02C50A056F04761F02C52B05761F01C8CC250080FFC652016005761FD1
:207FF00002C50A066F04761F02C52B069A007649DC5352006105761F02C50A016F04761FEB
:2080000002C52B019A017649DC5352006105761F02C50A026F04761F02C52B029A0276496D
:20801000DC5352006105761F02C50A036F04761F02C52B039204520A6604920152646914E1
:208020002B042B013B10761F01C81801FFDF1A0100208F0098C09A00D50028A80104FF6977
:208030007649DADF2910761F02C59205520A66049202526469142B052B023B10761F01C8F9
:208040001811FFDF1A1100208F0099C49A01D50028A80104FF697649DADF2910761F02C528
:208050009206520A66049203526469142B062B033B10761F01C81821FFDF1A2100208F00E1
:208060009AC89A0228A80104D500FF697649DADF2910FF690006761F02C492245206651BE8
:20807000520A631956BF0B24761F027056BF420056BF540156BF410256BF300356BF0D0446
:20808000761F02C456BF01158F009C009A009B057649DBC10006761F02C4922452066525A1
:20809000520A632356BF0B24761F027056BF420056BF540156BF410256BF31037648710111
:2080A0008F009C04D5029B037649CF0D761F027056BF0D0A761F02C456BF01159A009B0B88
:2080B0008F009C007649DBC10006761F02C4922452066525520A632356BF0B24761F027004
:2080C00056BF420056BF540156BF410256BF32037648710F8F009C04D5029B037649CF0DC0
:2080D000761F027056BF0D0A761F02C456BF01159A009B0B8F009C007649DBC10006000605
:2080E000FE02964128AC01048F009C003041560100A456BF51C48F009C013041560100A477
:2080F00056BF31C48F009C023041560100A456BF0DC4761F02C456BF01158F009C003041C5
:20810000560100A49B0392417649DBC1FE820006FE02964128AC01048F009C00304156016F
:2081100000A456BF4DC48F009C013041560100A456BF43C48F009C023041560100A456BF23
:2081200048C48F009C033041560100A456BF47C48F009C043041560100A456BF43C4764903
:208130001DB05278680456BF78426F0476491DB0964228AC01048F009C053041D5005601E0
:2081400000A492429B037649CF0D28AC01048F009C083041560100A456BF0DC4761F02C4B5
:2081500056BF011530418F009C00560100A49B0992417649DBC1FE820006FE02964128AC4A
:2081600001048F009C003041560100A456BF51C48F009C013041560100A456BF43C48F00F6
:208170009C023041560100A456BF48C48F009C033041560100A456BF47C48F009C0430416A
:20818000560100A456BF53C48F009C053041560100A456BF53C48F009C063041560100A453
:2081900056BF0DC4761F02C456BF01158F009C003041560100A49B0792417649DBC1FE827C
:2081A0000006FE0496432B44761F02C42B01761F02C32B1056BF013D28AC01048F00FF0396
:2081B0003043560100A49A039B027649CF4A96449B0A00C9E9B7761F02C3963028AC01044E
:2081C0008F00FF0C3043560100A49A029B027649CF4A761F02C3963128AC01048F00FF2FCF
:2081D0003043560100A49A039B007649CF4A761F02C3963328AC01048F00FF563043560167
:2081E00000A49A019B007649CF4A761F02C3963628AC01048F00FF5A3043560100A49A01DD
:2081F0009B007649CF4A761F02C396349236520361035205602028AC01048F00FF4C30435A
:20820000560100A49A029B027649CF4A9644924463022B4492449B0A00C9E9B7761F02C390
:2082100096328F0027102D31A842304400C9E8DB96356F032B322B35FE840006FE0296411F
:2082200028AC01048F00FF013041560100A49A029B007649CF4A9642761F02C3963928AC86
:2082300001048F00FF043041560100A49A029B027649CF4A9642761F02C3963A28AC01043F
:208240008F00FF0A3041560100A49A029B027649CF4A9642761F02C3963B28AC01048F009E
:20825000FF103041560100A49A049B007649CF4A9642520064041BA92EE0650328422EE03E
:208260009242761F02C3963CFE820006FE0296412B4276491D835202600B761F02CF9224FA
:20827000610456BF0B426F1B56BF01426F1876491D835200600A761F02CF922461032B42B6
:208280006F0E56BF01426F0B76491D835201610576491D835203600356BF01429242FE82B4
:208290000006FE0476491DB01BA9015E69079A3C76491DA956BF01436F022B4376491DC672
:2082A0001BA9015E690828A9015E76491DBF56BF01436F022B4392435201600D761F02C536
:2082B0000A0792075228690A2B079A069B037649E7706F04761F02C52B07761F02529234E1
:2082C000521C600576492472A8426F065212600476492475A8420642761F02900F2A610202
:2082D0001E2AFE840006FE029641FE820006FE029641FE820006FE029641FE820006B2BD38
:2082E000FE0676491DFD5201FFE00094761F02C4922F520160437649B8719B0A00C9E9BCCE
:2082F00096465203603276491E1328AC04B030A91E4276491E1E28AC04B030A91E44761FA7
:2083000002C502015601001276491E0859A97649C7ECD98A93A155A9670A0642761F02C527
:208310000F12670D761F02C42B2F6F090644761F02C50F126704761F02C42B2F2901FF205B
:2083200080007649913B6F13761F02C592085203600E761F02C42B2F6F0A0200761F02C56B
:208330001E122901FF20800076499146761F02C4922F600D761F02C59209520160089A00C9
:2083400076491E2D9A069B057649E770761F02C4922F761F02C59609924696080201071016
:208350001EA68F0119401E10A8A90FA6601302001E1076491E341BA908E8670C76491E3440
:2083600093A99A0194A876491E2D9A069B057649E77076491E292DA935189C189645764913
:208370001E3454456827761F02C456BF012F6F220200761F02C51E101E122B097649B8716A
:208380009B0A00C9E9BC761F02C596082901FF20800076499146761F02C42B2F76491E34AB
:20839000520061089A0076491E2D9A069B057649E770FE868BBE00060006761F02C492272B
:2083A0000006FE029641761F02C49627FE820006FE022B4276491DB05278680428412EE09C
:2083B0006F0676491DB02DA9356496419241761F02C3543C61020A42923E5201600592429E
:2083C00061072B3E6F059242600356BF013E923F5201600E761F02C50A0A920A521E680F48
:2083D000761F02C32B3F761F02C52B0A6F089242600356BF013F761F02C52B0AFE8200061E
:2083E000761F02C356BF01002B012B022B032B042B052B1A2B062B1B2B1C2B072B082B098B
:2083F0002B0A2B0B56BF010C2B0D2B1D2B1E56BF011F9A00764871212B207648712F000649
:20840000761F02C32B2E56BF010F2B212B222B232B242B252B262B272B282B292B2A2B2B09
:208410002B2C56BF012D2B2F761F02C42B2C0006761F02C42B01761F02C356BF0110761F04
:2084200002C42B02761F02C32B302B312B322B332B342B352B3656BF01372B38761F02C452
:208430002B032B042B05761F02C32B392B3A2B3B2B3C2B3D2B3E2B3F0006761F023F2B006D
:208440002B012B022B032B042B052B062B072B082B092B0A2B0B2B0C2B0D2B0E2B0F2B10E4
:208450002B112B122B132B142B152B162B172B182B192B1A2B1B2B1C2B1D2B1E00067649A4
:20846000D18C5201FFE000A87649D1FC44A96C5E761F02C42B017649D1D0761F02C49602A8
:208470007649D1A09B0A00C9E9B7761F02C396307649D1C0761F02C396317649D1C49B0A24
:2084800000C9E9B7761F02C396327649D1CC761F02C396337649D194761F02C39038FFC2CB
:2084900096347649D1BC761F02C396357649D190761F02C396367649D200761F02C3963991
:2084A0007649D1F0761F02C3963A7649D1F4761F02C3963B7649D1E89B0A00C9E9B7761F48
:2084B00002C3963C7649D198761F02C496047649D204761F02C496057649D19C761F02C4E6
:2084C0009603761F02C32B106F45761F02C32B2E7649D1D0761F02C396217649D1A0761FD1
:2084D00002C396227649D1C0761F02C396237649D1C4761F02C396247649D1C8761F02C392
:2084E00096257649D190761F02C3962F7649D1CC761F02C396267649D194761F02C3908082
:2084F000FFC696277649D194761F02C39038FFC296287649D198761F02C3962A7649D2044E
:20850000761F02C3962B7649D19C761F02C396292B0F2B0D761F02C3920F5201605E9210DB
:20851000605C9230960792329608923596099233960A761F02C49202761F02C3960B761F84
:2085200002C49204761F02C3961B761F02C49205761F02C3961C761F02C49203761F02C38C
:2085300096062B1A761F02C4CC041FFF761F02C3961A761F02C44C046C05761F02C31A1A4D
:208540000002761F02C44D046C05761F02C31A1A1000761F02C44E046C05761F02C31A1AB2
:208550002000761F02C44F046C05761F02C31A1A4000761F02C492056105761F02C31A1A18
:208560008000761F02C3923396049232960592369620923496016F31922296079224960843
:20857000922596099226960A9221960B922A961B922B961C922996062B1ACC2A1FFF961AAD
:208580004C2A6C031A1A00024D2A6C031A1A10004E2A6C031A1A20004F2A6C031A1A4000FF
:20859000922B61031A1A80009226960492249605922F962092289601920F60069226960432
:2085A000922496056F032B042B051B22012C64032B2D6F0356BF012D1B30012C64032B377A
:2085B0006F0356BF013792376106922D610456BF010C6F022B0C920D6018930F9A00BE00BD
:2085C000530061029A0152006002BE01932F9A00530561029A01CEA66108922A6006922B69
:2085D000600456BF012C6F022B2C920D601C93109A00BE00530061029A0152006002BE0143
:2085E00093369A00530561029A01CEA6610C761F02C49204600892056006761F02C356BF1C
:2085F00001386F04761F02C32B38764946815200610976494687520061059A0076487113A0
:208600006F049A0176487113764886A60006FE02964128AC01048F00FF043041560100A46C
:20861000761F02C492C49CD0963E30418F00FF05560100A492C49CD0963F924176486FE0E3
:20862000FE820006FE029641761F02C456BF01312832032076486FE0FE820006FE02964154
:2086300028AC01048F00FF033041560100A4761F02C492C49CD09611924176486FE0FE8230
:208640000006FE022B41761F02C5920B600656BF010B56BF01416F0B7649200E761F02C50E
:20865000880C0EA90FA6610356BF014192415201604C761F01C856BF071056BF0311761F35
:2086600001C856BF072056BF03217649200E52006116761F01C8CC12FF0050019612CC13F3
:20867000FF0050459613761F01C8CC22FF0050019622CC23FF00504596236F15761F01C83B
:20868000CC12FF0050019612CC13FF0050459613761F01C8CC22FF0050019622CC23FF00A6
:2086900050459623761F01C856BF031456BF2311761F01C856BF032456BF23217649200EC9
:2086A000761F02C5960C2B41FE820006B2BDFE042B43761F02B9412C6C5C761F02C6920077
:2086B0005203603B761F02B9CC2BFF00FFC75264601C76498027761F02BD880287A6564471
:2086C00000A98BA97649C7EC3B0185A91E42B2A900C9E8DB9B1E9FA99743761F02B9062247
:2086D0006565922272436F6276498027761F02BD880287A6564400A98BA97649C7EC3B01F0
:2086E00085A91E42B2A900C9E8DB761F02B9932D9FA99D1E97436F4A761F02C492265201F9
:2086F000600B76491DB09643761F021F2D43350A942196436F3B761F02B9922D9C14964365
:20870000CC2BFF00FFC75264603156BF03436F2E76491DB09643761F021F2D43350A9421DF
:20871000964376491D7859A97649C7EC93A155A9661D761F02C692005202611676498027D3
:20872000761F02BD880287A6564400A98BA97649C7EC3B0185A91E42B2A900C9E8DB9B0AEF
:208730009FA997436F0356BF0A43924363022B431B4304B06503284304B07649D18C520183
:208740006026761F02C39220520260217648712B5200611D764871365443670E761F02CCB4
:208750000A0A920A61092B0A7648713693A99A6494A87648712F764871365443690F761F78
:2087600002CC2B0A92437648712F6F08761F02CC2B0A28A901F47648712FFE848BBE0006BF
:20877000FE029A007649DC53520160039A006F3B761F023C9A018A3C7649DB32964152013D
:20878000601D761F02C8920D610D761F02C42B15761F02C88F0100049A00930D7649DBC1CD
:208790006F04761F02C40A348F010004761F023CA83C761F02C82B0D6F0D761F02C42B34A5
:2087A000761F02C80A0D0201761F023C5601003C6FD0761F02C41B34025868042B349A0131
:2087B0006F029A00FE820006FE029641761F02BA92266105761F02BA922A602B9241520114
:2087C000602876491D4C52036724764887EA28AC01048F0098C0D5003041560100A49A013E
:2087D00028A801047649DADF9A017649E202761F023C8F010004A83C761F02C82B0D761F87
:2087E00002C42B3456BF01339A019B097649E770FE82000600060006FE06A044A8422B46E1
:2087F0002B459245520867138A442D459A01FF66CEC4610928AC000792AC9E452DA99A01A5
:20880000FF6698460A459245520868EFC542924696C7FE860006FE06A044A8422B462B45C5
:208810009245521067138A442D459A01FF66CEC4610928AC000F92AC9E452DA99A01FF667F
:2088200098460A459245521068EFC542924696C7FE860006FE089643A8422844FFFF284515
:2088300080052B4693A99DFF5200974361268A4292849646A8425DAD5CADDD86DC865DA525
:208840005CA4764887EC56030846F2442B4792475208670F4F446C065603014470459644BD
:208850006F045603014496440A479247520868F392430B43520060DC5CAD5DADDC84DD84B9
:208860005CA45DA57648880B9244FFC7964656030844CA46FE880006FE049643A8425208CD
:2088700067149A006F2056BF08446F1756BF08446F148342560308E594ECFF809C099644F0
:208880006F0C56BF08446F0992CC520361ED520661EE521061EF6FF69244544369039A0052
:208890006F029A01FE840006FE0697449643A8425208671D9A006F2956BF08459A087648C0
:2088A00088C66F1D56BF08459A0876488A016F178342560308E594ECFF809C0996459344AA
:2088B00076488A016F0C56BF08456F0992CC520361E4520661E8521061EC6FF692455443EF
:2088C00069039A006F029A01FE860006B2BDFE0897449643A842761F02C42B3759435843F5
:2088D0008342D982D8815603089D9494964792439CFE7648882A88470EA90FA661099A11DD
:2088E0008A42934476488C569A00FFEF011983428A42560308D594DC9645560308E594ECBB
:2088F0009646528269089A0F934476488C569A00FFEF010692451BA9110068271BA9128FF8
:208900006724924694451BA9128F660E9A01934476488AB5761F023D2B119A0076496C10EE
:208910009A01FFEF00ED9A12934476488C56761F023D0A119211520C69052B119A017649BA
:208920006C109A00FFEF00DC1BA9210068171BA921D86714924694451BA921D866089A0243
:20893000934476488AB59A01FFEF00CA9A12934476488C569A00FFEF00C31BA912646817D9
:208940001BA9128F6714924694451BA9128F66089A03934476488AB59A01FFEF00B19A125C
:20895000934476488C569A00FFEF00AA1BA9F83168171BA9F8426714924694451BA9F842CA
:2089600066089A07934476488AB59A01FFEF00989A12934476488C569A00FFEF00911BA9F3
:20897000F80068151BA9F8316712924694451BA9F83166079A00934476488AB59A016F7F0A
:208980009A12934476488C569A006F791BA9D00068151BA9D7D06712924694451BA9D7D021
:2089900066079A04934476488AB59A016F689A12934476488C569A006F621BA9FD006815AA
:2089A0001BA9FD186712924694451BA9FD1866079A05934476488AB59A016F519A1293441D
:2089B00076488C569A006F4B1BA9010068151BA901016712924694451BA9010166079A08AC
:2089C000934476488AB59A016F3A9A12934476488C569A006F341BA9600068151BA960203A
:2089D0006712924694451BA9602066079A10934476488AB59A016F239A12934476488C56DE
:2089E0009A006F1D1BA9410068151BA9417B6712924694451BA9417B66079A039344764806
:2089F0008AB59A016F0C9A12934476488C569A006F069A02934476488C569A00FE888BBE64
:208A00000006B2BDFE0897449643A842594358438342D982D8815603089D949496479243B5
:208A10009CFE7648882A88470EA90FA661099A118A42934476488C569A00FFEF00958342C7
:208A20008A42560308D594DC964592CC5206600456BF01466F05560308E594EC9646924586
:208A30001BA9210068161BA921D86713924694451BA921D866088F488CD5924476488BB6A3
:208A40009A016F719A12934476488C569A006F6B1BA9410068161BA9417B671392469445D6
:208A50001BA9417B66088F489B15924476488BB69A016F599A12934476488C569A006F53DA
:208A60001BA9FD0068161BA9FD186713924694451BA9FD1866088F48A754924476488BB6C5
:208A70009A016F419A12934476488C569A006F3B1BA9010068161BA9010167139246944500
:208A80001BA9010166088F489AFB924476488BB69A016F299A12934476488C569A006F23DF
:208A90001BA9600068161BA960206713924694451BA9602066088F48A5FB924476488BB6B7
:208AA0009A016F119A12934476488C569A006F0B9A12934476488C569A1593448A42764831
:208AB0008C569A00FE888BBE0006FE1097489647A84202001E441E462B4F8342560308D564
:208AC00094DC9649560308E594EC964A6F617648AE418F009040A844924908A90800964E61
:208AD0002B4F6F6B7648A9148F009300A844924908A9EF00964E2B4F6F6028AC00968F0008
:208AE0009C033048560100A49249934A76488CA2924908A9DF00964E56BF014F6F4E8F00C0
:208AF0008FC0A844924908A9AF00964E2B4F6F457648AE418F008F87A844924908A907CF3E
:208B0000964E2B4F3B10761F023D801B92C7961C29108F008F5CA844924908A9FF00964E24
:208B10002B4F6F2B8F008FDFA844924908A9A000964E2B4F6F228F009080A844924908A916
:208B2000BF00964E2B4F6F199A00FFEF008F92475206620C520661C45200619A520161A3B9
:208B3000520261AC520361E86FF0520761C2520861CA521061D86FE928AC0096C5428F00D3
:208B40009C003048560100A492C796C48A42304876C09C01560100A792CC96C730488F007C
:208B50009C02560100A45603014A90FF96C4924F520161220E4E07441E448F009C03304879
:208B6000560100A4A8462B4C924A544C69158A4492C48A46FFC796C48A4492C48A4690FF04
:208B700096CC020207461E46020107441E440A4C924A544C66ED5603014A9C03964B8F0046
:208B80009C003048FF69560100A4924B7648882A964D28AC0096584B8F009C003048560127
:208B900000A49A0194A0964B924DFFC796943048584B8F009C00560100A49A0194A0964BB1
:208BA000924D90FF9694761F02C42B158F009C003048560100A49248934B7649DBC1761F3C
:208BB00002C456BF01159A01FE900006FE0E9647A044A84202001E468342560308D594DCFD
:208BC000964892CC5206600756BF0149020407421E466F08560308E594EC9649020707421A
:208BD0001E469249761F023D96312B4A544A691F83468A46560308C594CC964B02020746BF
:208BE0001E46C5449248934B3E67964C0A48761F023D9632520061078A42934776488C56DB
:208BF0009A006F630A4A9249544A66E328AC0096C5428F009C003047560100A492C796C422
:208C00008A42304776C09C01560100A792CC96C78A42304776C09C02560100A792D496C7AD
:208C10008A4276C09C033047560100A792DC96C78A4276C09C043047560100A792E496C779
:208C20008A4276C09C053047560100A792EC96C78F009C003047560100A49A067648882A94
:208C3000964D28AC00968F009C063047560100A4924DFFC796C430478F009C07560100A491
:208C4000924D90FF96C4761F02C42B158F009C003047560100A49B0892477649DBC1761FA8
:208C500002C456BF01159A01FE8E0006FE0697449643A84228AC0096C5428F009C00304434
:208C6000560100A492C796C483428F009C013044560100A49A8094CD96C476C09C023044C9
:208C7000560100A7924396C78F009C003044560100A49A037648882A964528AC00968F0039
:208C80009C033044560100A49245FFC796C48F009C043044560100A4924590FF96C4761FDC
:208C900002C42B158F009C003044560100A49B0592447649DBC1761F02C456BF01159A0132
:208CA000FE860006FE0C97489647A8422B4906421E4402001E460847DF009247964A3B01D3
:208CB0006F1E924A52D863052B4C8F009100A8469E4C964B63022B4B854B07468AA992C4D8
:208CC0008A44FFC796C4854B07468AA992C48A4490FF96CC020207441E440A4A9248944787
:208CD000544A66E09249FE8C0006FE04974296412B430841DF00FFEF0D5892421BA9270FCC
:208CE000660576492250FFEF0E1556BF1243FFEF0E1192421BA9270F66057649225BFFEFED
:208CF0000E0956BF1243FFEF0E0592421BA9270F660576492266FFEF0DFD56BF1243FFEF12
:208D00000DF992421BA9270F660576492271FFEF0DF156BF1243FFEF0DED92421BA9270FB6
:208D100066097649227C9A069B027649E770FFEF0DE156BF1243FFEF0DDD9242520E680C5E
:208D20005214660A9242764922879A069B027649E770FFEF0DCF56BF1243FFEF0DCB924200
:208D300052016009764911E89A069B027649E770FFEF0DC0761F023D922FFFE00DBB56BF50
:208D40001243FFEF0DB792421BA9060C68141BA909F466117649209288420EA90FA6FFE127
:208D50000DA992427649208B9A069B027649E770FFEF0DA056BF1243FFEF0D9C92421BA988
:208D6000060C68141BA909F46611764920EA88420EA90FA6FFE10D8E9242764920E39A067D
:208D70009B027649E770FFEF0D8556BF1243FFEF0D8192421BA9060C68141BA909F466116C
:208D8000764920A888420EA90FA6FFE10D739242764920A19A069B027649E770FFEF0D6AAA
:208D900056BF1243FFEF0D6692421BA9060C68141BA909F466117649210088420EA90FA684
:208DA000FFE10D589242764920F99A069B027649E770FFEF0D4F56BF1243FFEF0D4B9242A1
:208DB0001BA9060C68141BA909F466117649214288420EA90FA6FFE10D3D92427649213BA8
:208DC0009A069B027649E770FFEF0D3456BF1243FFEF0D3092421BA9060C68141BA909F495
:208DD00066117649219B88420EA90FA6FFE10D229242764921939A069B027649E770FFEFC4
:208DE0000D1956BF1243FFEF0D1592421BA9060C68141BA909F46611764921C888420EA94C
:208DF0000FA6FFE10D079242764921C19A069B027649E770FFEF0CFE56BF1243FFEF0CFA9C
:208E000092421BA9060C68141BA909F46611764921DE88420EA90FA6FFE10CEC9242764995
:208E100021D79A069B027649E770FFEF0CE356BF1243FFEF0CDF92421BA9060C68141BA9ED
:208E200009F466117649218F88420EA90FA6FFE10CD19242764921889A069B027649E770CD
:208E3000FFEF0CC856BF1243FFEF0CC492421BA9060C68141BA909F466117649216E8842C2
:208E40000EA90FA6FFE10CB69242764921679A069B027649E770FFEF0CAD56BF1243FFEF97
:208E50000CA992421BA9060C68141BA909F466117649218488420EA90FA6FFE10C9B9242FA
:208E60007649217D9A069B027649E770FFEF0C9256BF1243FFEF0C8E92421BA9060C68149E
:208E70001BA909F46611764921E988420EA90FA6FFE10C809242764921E29A069B027649AD
:208E8000E770FFEF0C7756BF1243FFEF0C7392421BA9060C68141BA909F46611764921F401
:208E900088420EA90FA6FFE10C659242764921ED9A069B027649E770FFEF0C5C56BF124387
:208EA000FFEF0C5892421BA9060C68141BA909F46611764921FF88420EA90FA6FFE10C4AB7
:208EB0009242764921F89A069B027649E770FFEF0C4156BF1243FFEF0C3D92421BA9060C1D
:208EC00068141BA909F466117649220A88420EA90FA6FFE10C2F9242764922039A069B02AD
:208ED0007649E770FFEF0C2656BF1243FFEF0C2292421BA9060C68141BA909F466117649A9
:208EE000221588420EA90FA6FFE10C1492427649220E9A069B027649E770FFEF0C0B56BFD5
:208EF0001243FFEF0C0792421BA9060C68141BA909F466117649222088420EA90FA6FFE197
:208F00000BF99242764922199A069B027649E770FFEF0BF056BF1243FFEF0BEC92421BA95C
:208F1000060C68141BA909F466117649222B88420EA90FA6FFE10BDE9242764922249A06F7
:208F20009B027649E770FFEF0BD556BF1243FFEF0BD192421BA9060C68141BA909F466111E
:208F30007649224C88420EA90FA6FFE10BC39242764922459A069B027649E770FFEF0BBA10
:208F400056BF1243FFEF0BB67649C8002DA93564544266177649C8002DA9358254426811CC
:208F500076491D5788420EA90FA6FFE10BA3924276491D509A069B037649E770FFEF0B9A23
:208F600056BF1243FFEF0B967649C8002DA93578544266177649C8002DA935A55442681195
:208F700076491D6288420EA90FA6FFE10B83924276491D5B9A069B037649E770FFEF0B7A2D
:208F800056BF1243FFEF0B7676491D4C5202681176491D4C5204660D7649C8002DA9357808
:208F9000544266077649C8002DA935965442670556BF1243FFEF0B5E76491D7888A90E42FE
:208FA0000FA6FFE10B57924276491D7176486AF49A069B037649E770FFEF0B4C76491D4CBC
:208FB0005202681176491D4C5204660D7649C8002DA93596544268077649C8002DA93578AC
:208FC0005442690556BF1243FFEF0B3476491D8F88A90E420FA6FFE10B2D924276491D8706
:208FD00076486AF49A069B037649E770FFEF0B2292421BA90898682A1BA9096066277649B3
:208FE0001F3D88A90E420FA6FFE10B14924276491F3576491F3D9BC8761F02E095A997002F
:208FF000761F02E02801064076491F3D2DA93B01761F02C435B5FF115861FF4696239B03A4
:209000009A067649E770FFEF0AF556BF1243FFEF0AF192425201661E76491F4188A90E420F
:209010000FA6FFE10AE7924276491F4576491F415200600628A94E207649AEF96F0528A902
:20902000411A7649AEF99A069B037649E770FFEF0AD156BF1243FFEF0ACD9242520266187D
:20903000761F02C69200520461135203611176491F5E88A90E420FA6FFE10ABC92427649F5
:209040001F579A069B037649E770FFEF0AB356BF1243FFEF0AAF92425201661D76491F53AF
:2090500088A90E420FA6FFE10AA5924276491F4C92425201600A7649246E1BA906A4660582
:2090600028A906A4764924679A069B037649E770FFEF0A9056BF1243FFEF0A8C9242520437
:20907000FFE6008B76491D4C88A90E420FA6FFE10A81924276491D457649C8009644764992
:209080001D4C520160152D44359276491D712D44358A76491D872D44356976491D5076498D
:20909000200E520061619A00764920076F5D76491D4C520060182D44359076491D712D444C
:2090A000358876491D872D44356976491D509A0076491DF67649200E520061469A007649AA
:2090B00020076F4276491D4C520360182D44359076491D712D44359076491D872D44357899
:2090C00076491D509A0076491DF67649200E5200602B9A01764920076F2776491D4C520499
:2090D00060182D44359076491D712D44359076491D872D44357876491D509A0076491DF636
:2090E0007649200E520060109A01764920076F0C76491D4C520260087649200E520061043D
:2090F0009A007649200776486AF49A069B037649E770FFEF09FF56BF1243FFEF09FB761F89
:2091000002529234521C60042844015E6F055212600356BFF04492445442681376491DB0A1
:2091100088A90E420FA6FFE109E5924276491DA976486AF49A069B037649E770FFEF09DAA1
:2091200056BF1243FFEF09D6761F02529234521C60042844015E6F055212600356BFF04428
:2091300092445442681376491DBB88A90E420FA6FFE109C0924276491DB476486AF49A06A2
:209140009B037649E770FFEF09B556BF1243FFEF09B1761F02529234521C60042844015E51
:209150006F055212600356BFF0449242520A681692445442681376491DC688A90E420FA60E
:20916000FFE10998924276491DBF76486AF49A069B037649E770FFEF098D56BF1243FFEFB3
:209170000989761F02529234521C600456BFDC446F055212600356BF964492445442681188
:2091800076491DD188A90E420FA6FFE10973924276491DCA9A069B037649E770FFEF096A61
:2091900056BF1243FFEF0966924252016611764923BE88A90E420FA6FFE1095C92427649AC
:2091A00023B79A069B037649E770FFEF095356BF1243FFEF094F9242520166117649239275
:2091B00088A90E420FA6FFE1094592427649238B9A069B037649E770FFEF093C56BF124309
:2091C000FFEF09389242520166117649239D88A90E420FA6FFE1092E9242764923969A060A
:2091D0009B037649E770FFEF092556BF1243FFEF092192425201661176491FAB88A90E4285
:2091E0000FA6FFE10917924276491FA49A069B037649E770FFEF090E56BF1243FFEF090AA0
:2091F00092425201661176491FB688A90E420FA6FFE10900924276491FAF9A069B037649B0
:20920000E770FFEF08F756BF1243FFEF08F392425201661176491FC188A90E420FA6FFE164
:2092100008E9924276491FBA9A069B037649E770FFEF08E056BF1243FFEF08DC9242520154
:20922000661176491FCC88A90E420FA6FFE108D2924276491FC59A069B037649E770FFEF64
:2092300008C956BF1243FFEF08C59242520266347649201988A90E420FA6FFE108BB761F00
:2092400002C692005204FFE108B55203FFE108B2924260089A017649201D9A0076491FBACD
:209250006F12520160089A007649201D9A0176491FBA6F09520260079A007649201D9A0096
:2092600076491FBA9242764920129A069B037649E770FFEF088F56BF1243FFEF088B9242F9
:20927000520166117649202488A90E420FA6FFE1088192427649201D9A069B037649E7704E
:20928000FFEF087856BF1243FFEF08741B4205DC681788422901FF20EA600FA66411764989
:20929000202F88420EA90FA6FFE108649242764920289A069B037649E770FFEF085B56BF58
:2092A0001243FFEF08579242520166117649203A88A90E420FA6FFE1084D92427649203304
:2092B0009A069B037649E770FFEF084456BF1243FFEF084092425201661176491FA088A923
:2092C0000E420FA6FFE10836924276491F999A069B037649E770FFEF082D56BF1243FFEF51
:2092D000082992425201661176491F3188A90E420FA6FFE1081F924276491F2A9A069B0349
:2092E0007649E770FFEF081656BF1243FFEF081292425202661176491D6D88A90E420FA6BC
:2092F000FFE10808924276491D669A069B037649E770FFEF07FF56BF1243FFEF07FB9242E2
:20930000611B520A61195214611752286115523C6113525A61115278610F5296610D52B477
:20931000610B52D2610952F0610788422901FF20FFFF0FA6601176491D9A88A90E420FA6B6
:20932000FFE107D8924276491D939A069B037649E770FFEF07CF56BF1243FFEF07CB924215
:209330005202671176491CFF88A90E420FA6FFE107C1924276491CF89A069B037649E7709E
:20934000FFEF07B856BF1243FFEF07B4924252056718761F02C69200520461135203611123
:2093500076491CF488A90E420FA6FFE107A3924276491CED9A069B037649E770FFEF079AEF
:2093600056BF1243FFEF079692425202663C76491DF288420EA90FA66130924276491DEBFE
:209370007649C800964476491DF25200601D9A0376491D45761F02529234521C600B9ADC23
:2093800076491EA69ADC76491DCA9A0076491DF66F149A9676491EA69A9676491DCA9A001C
:2093900076491DF66F0A9A0276491D459A3C76491EA69A3C76491DCA9A069B037649E7708C
:2093A000FFEF075856BF1243FFEF075492425201661B76491D4C5203FFE1074C76491D4C2D
:2093B0005204FFE1074776491DFD88A90E420FA6FFE10740924276491DF69A069B03764940
:2093C000E770FFEF073756BF1243FFEF07337649C800520160069242527D681852A06616A7
:2093D0007649C80052026007924252FA680F1BA9013B660C7649C8005204600C92421BA951
:2093E00001E068041BA90258690556BF1243FFEF071176491E0888A90E420FA6FFE1070A18
:2093F000924276491E019A069B037649E770FFEF07019242520568141BA903846611764939
:209400001E1388A90E420FA6FFE106F4924276491E0C9A069B037649E770FFEF06EB56BF06
:209410001243FFEF06E79242520568141BA90384661176491E1E88A90E420FA6FFE106DAB2
:20942000924276491E179A069B037649E770FFEF06D156BF1243FFEF06CD9242525A661129
:2094300076491E2988A90E420FA6FFE106C3924276491E229A069B037649E770FFEF06BA62
:2094400056BF1243FFEF06B692425201660976491D4C5203610576491D4C52046005761F07
:20945000023D922F611176491E3F88A90E420FA6FFE106A0924276491E389A069B037649CC
:20946000E770FFEF069756BF1243FFEF0693924261141BA9270F661176491E4A88A90E42B7
:209470000FA6FFE10687924276491E439A069B037649E770FFEF067E56BF1243FFEF067A28
:2094800092425214661176491E5588A90E420FA6FFE10670924276491E4E9A069B03764961
:20949000E770FFEF066756BF1243FFEF066392425214661176491E6088A90E420FA6FFE145
:2094A0000659924276491E599A069B037649E770FFEF065056BF1243FFEF064C7649C8007A
:2094B0002DA9356E544266177649C8002DA935875442681176491E6B88A90E420FA6FFE18A
:2094C0000639924276491E649A069B037649E770FFEF063056BF1243FFEF062C92425214FC
:2094D00068135232661176491E7688A90E420FA6FFE10620924276491E6F9A069B0376495A
:2094E000E770FFEF061756BF1243FFEF06139242521E68135264661176491E8188A90E42CE
:2094F0000FA6FFE10607924276491E7A9A069B037649E770FFEF05FE56BF1243FFEF05FAF3
:2095000092425228661176491E8C88A90E420FA6FFE105F0924276491E859A069B037649DF
:20951000E770FFEF05E756BF1243FFEF05E3761F02529234521C600456BFDC446F0552123C
:20952000600356BF964492445442681176491EAD88A90E420FA6FFE105CD924276491EA62B
:209530009A069B037649E770FFEF05C456BF1243FFEF05C09242520A6813525A6611764966
:209540001EB888A90E420FA6FFE105B4924276491EB19A069B037649E770FFEF05AB56BFFD
:209550001243FFEF05A79242523268135264661176491EC388A90E420FA6FFE1059B9242E2
:2095600076491EBC9A069B037649E770FFEF059256BF1243FFEF058E9242520A6813525A37
:20957000661176491ECE88A90E420FA6FFE10582924276491EC79A069B037649E770FFEF62
:20958000057956BF1243FFEF05759242523268135264661176491ED988A90E420FA6FFE1AF
:209590000569924276491ED29A069B037649E770FFEF056056BF1243FFEF055C1B42019A72
:2095A00068177649C8002DA9358A5442681176491EFA88A90E420FA6FFE1054C9242764930
:2095B0001EF39A069B037649E770FFEF054356BF1243FFEF053F7649C8002DA935785442C4
:2095C00066177649C8002DA935905442681176491F0588A90E420FA6FFE1052C9242764920
:2095D0001EFE9A069B037649E770FFEF052356BF1243FFEF051F7649C80052016006924265
:2095E000526E6818528766167649C80052026007924252DC680F1BA9010E660C7649C8004F
:2095F0005204600C92421BA9019A68041BA90228690556BF1243FFEF04FD76491EE488A953
:209600000E420FA6FFE104F6924276491EDD924276491DD576491DDC76490FF39A069B03A1
:209610007649E770FFEF04E6924261117649C8002DA93578544266077649C8002DA93590D7
:209620005442670556BF1243FFEF04D476491EEF88A90E420FA6FFE104CD924276491EE8AC
:20963000924276491DE09A069B037649E770FFEF04C192425201661176491E9788A90E42F0
:209640000FA6FFE104B7924276491E909A069B037649E770FFEF04AE56BF1243FFEF04AA7F
:2096500092425201661176491EA288A90E420FA6FFE104A0924276491E9B9A069B037649DA
:20966000E770FFEF049756BF1243FFEF049392425201661176491F1088A90E420FA6FFE179
:209670000489924276491F099A069B037649E770FFEF048056BF1243FFEF047C92425201CD
:20968000661176491F1B88A90E420FA6FFE10472924276491F149A069B037649E770FFEFC6
:20969000046956BF1243FFEF046592425201661176491F2688A90E420FA6FFE1045B9242A1
:2096A00076491F1F9A069B037649E770FFEF045256BF1243FFEF044E92425201661176490E
:2096B000207C88A90E420FA6FFE104449242764920759A069B037649E770FFEF043B56BFE2
:2096C0001243FFEF04379242520166117649208788A90E420FA6FFE1042D9242764920808E
:2096D0009A069B037649E770FFEF042456BF1243FFEF042092421BA901F468141BA96D60FA
:2096E000661176491D3688A90E420FA6FFE10412924276491D2F9A069B037649E770FFEF94
:2096F000040956BF1243FFEF040592425201661176491D4188A90E420FA6FFE103FB924249
:2097000076491D3A9A069B037649E770FFEF03F256BF1243FFEF03EE924252016813521FA0
:2097100066117649236688420EA90FA6FFE103E292427649235F9A069B037649E770FFEF28
:2097200003D956BF1243FFEF03D5761F02529234521C60042844028A6F05521260032844FD
:2097300001B892445442681176491F7F88420EA90FA6FFE103BF924276491F789A069B03DE
:209740007649E770FFEF03B656BF1243FFEF03B2761F02529234521C600428443A986F050C
:20975000521260032844271092445442681176491FD788420EA90FA6FFE1039C92427649AD
:209760001FD09A069B037649E770FFEF039356BF1243FFEF038F1B42012C661176491F8ACF
:2097700088420EA90FA6FFE10385924276491F839A069B037649E770FFEF037C56BF1243DB
:20978000FFEF037892425201661176491F9588420EA90FA6FFE1036E924276491F8E9A06E8
:209790009B037649E770FFEF036556BF1243FFEF036192421BA901CC68141BA902306611A5
:2097A00076491DA588420EA90FA6FFE10353924276491D9E9A069B037649E770FFEF034ADF
:2097B00056BF1243FFEF0346924252016606761F02B9960CFFEF033E56BF1243FFEF033AAF
:2097C0007649C8002DA9356E544266177649C8002DA935875442681176491FED88420EA902
:2097D0000FA6FFE10327924276491FE69A069B037649E770FFEF031E761F023D922FFFE04B
:2097E000031956BF1243FFEF03159242520C661176491FF888420EA90FA6FFE1030B924266
:2097F00076491FF19A069B037649E770FFEF030256BF1243FFEF02FE92425201661176498E
:20980000200388420EA90FA6FFE102F4924276491FFC9A069B037649E770FFEF02EB56BF27
:209810001243FFEF02E71B42271066117649204588420EA90FA6FFE102DD92427649203EF7
:209820009A069B037649E770FFEF02D456BF1243FFEF02D0924261117649C8002DA9357896
:20983000544266077649C8002DA935965442670556BF1243FFEF02BE7649205088A90E4223
:209840000FA6FFE102B79242764920499A069B037649E770FFEF02AE9242610B1BA9019A2D
:2098500068041BA9024E690556BF1243FFEF02A27649205B88A90E420FA6FFE1029B92424D
:20986000764920549A069B037649E770FFEF02929242526466117649206688A90E420FA663
:20987000FFE1028892427649205F9A069B037649E770FFEF027F56BF1243FFEF027B9242F0
:20988000525F66117649207188A90E420FA6FFE1027192427649206A9A069B037649E77056
:20989000FFEF026856BF1243FFEF02641B42753066117649242188420EA90FA6FFE1025AB3
:2098A00092427649241A9A069B037649E770FFEF025156BF1243FFEF024D924252016611FD
:2098B0007649243788420EA90FA6FFE102439242764924309A069B037649E770FFEF023ABE
:2098C00056BF1243FFEF02369242520166117649244288420EA90FA6FFE1022C924276495E
:2098D000243B9A069B037649E770FFEF022356BF1243FFEF021F9242520166117649244D6B
:2098E00088420EA90FA6FFE102159242764924469A069B037649E770FFEF020C56BF124384
:2098F000FFEF02089242520166117649245888420EA90FA6FFE101FE9242764924519A06CA
:209900009B037649E770FFEF01F556BF1243FFEF01F192421BA90A8C66141BA909926811E5
:209910007649246388A90E420FA6FFE101E392427649245C9A069B037649E770FFEF01DAC7
:2099200056BF1243FFEF01D676491F535200600892421BA9038468041BA9079E690C7649E5
:209930001F535201601892421BA906A468141BA9079E66117649246E88A90E420FA6FFE1D5
:2099400001B99242764924679A069B037649E770FFEF01B056BF1243FFEF01AC92425264AD
:20995000660D7649240088420EA90FA6FFE101A29242764923F9FFEF019D56BF1243FFEF55
:20996000019992425264660D7649240B88420EA90FA6FFE1018F924276492404FFEF018A88
:2099700056BF1243FFEF018692425201660D7649241688420EA90FA6FFE1017C924276493F
:20998000240FFFEF017756BF1243FFEF01739242526466118842761F02BE0E170FA6FFE188
:2099900001699242761F02459624761F02BE9617FFEF016056BF1243FFEF015C9242526453
:2099A00066118842761F02BE0E180FA6FFE101529242761F02459623761F02BE9618FFEFA9
:2099B000014956BF1243FFEF01459242526466118842761F02BE0E190FA6FFE1013B9242C3
:2099C000761F02459622761F02BE9619FFEF013256BF1243FFEF012E924252016606761F1F
:2099D00002459621FFEF012656BF1243FFEF0122924252016009764911D09A069B037649BC
:2099E000E770FFEF0117761F023D922FFFE0011256BF1243FFEF010E9242520166087648C9
:2099F00083A19242764922DBFFEF010456BF1243FFEF01007649C8002DA93573544266074F
:209A00007649C8002DA9359154426705761F023D922F610A9242761F02C4962992427649A0
:209A100022FFFFEF00E756BF1243FFEF00E3924252D26609761F02C4962A922A7649230BDA
:209A2000FFEF00D856BF1243FFEF00D41B4203E866079242761F02E1962AFFEF00CB56BFA5
:209A30001243FFEF00C79241529662635296FFE1F2CA528362335283FFE1F3C452756219F0
:209A40005275FFE1F36E5267620C5207FFE300A75200FFE1F8FD5201FFE1F8E3FFEF00AA28
:209A5000526DFFE1F30D526FFFE1F340FFEF00A2527C620C527CFFE1F3C05279FFE1F3D8E0
:209A6000527BFFE1F3F0FFEF0095527DFFE1F3645281FFE1F37CFFEF008D52896217528901
:209A7000FFE1F4835286620B5286FFE1F42D5284FFE1F3F45285FFE1F40C6F7B5287FFE16A
:209A8000F43E5288FFE1F4566F745293620B5293FFE1F255528AFFE1F483528DFFE1F49BCE
:209A90006F685294FFE1F2575295FFE1F2606F6152C4622F52C4FFE1FEB352A2621752A238
:209AA000FFE1FF5A529E620B529EFFE1FF335297FFE1F2655298FFE1F2726F4B529FFFE135
:209AB000FF3D52A1FFE1F27D6F4452B6620B52B6FFE1F6DC52A3FFE1FF5C52AAFFE1FC4EE0
:209AC0006F3852B8FFE1F6E952B9FFE1F6FD6F3152CD621752CDFFE1FE1052C9620B52C950
:209AD000FFE1FDC652C5FFE1FEA152C6FFE1FE8B6F2052CBFFE1FDD352CCFFE1FDE76F19F6
:209AE00052CEFFE1FE1152CFFFE1FE2552D0FFE1FE3D52D2FFE1FF3C6F0C560301A95CA934
:209AF00076CA3D2406A7DC8E0DA41EA7C5C776209243FE840006FE04974296412B43084140
:209B0000FF006F0F92421BA9800069081BA9FFFF6605761F023D961B6F0656BF12436F033C
:209B1000924161F19243FE840006B2BDFE0C974496432B450843BF00FFEF0AA89244520143
:209B2000601C764870DD88440EA90FA661049244764870D39244761F02429600761F02DE70
:209B30009600761F02DE9601764911E89A069B027649E770FFEF0ABC56BF1245FFEF0AB898
:209B400092445201660D764870EB88440EA90FA6FFE10AAE9244764870E1FFEF0AA956BFE5
:209B50001245FFEF0AA5924452016610764870DD88440EA90FA661049244764870D392440D
:209B6000761F02429602FFEF0A9356BF1245FFEF0A8F28A96ED6544460079244761F024233
:209B70009603FFEF0A8556BF1245FFEF0A819244761F02409603761F023D90FF963B92448A
:209B8000FFC7963CFFEF0A749244761F02409604761F023D90FF96399244FFC7963AFFEFEE
:209B90000A679244761F02409605761F023D90FF96379244FFC79638FFEF0A5A92445206E2
:209BA0006606761F02429607FFEF0A5256BF1245FFEF0A4E9244761F02429608FFEF0A483A
:209BB0009244761F02429609FFEF0A4292445201600C761F0242960A761F02DE9600761F5F
:209BC00002DE9601FFEF0A3456BF1245FFEF0A309244761F0242960BFFEF0A2A92445201B3
:209BD0006606761F02C49617FFEF0A2256BF1245FFEF0A1E924452016009764911DD9A0686
:209BE0009B027649E770FFEF0A1356BF1245FFEF0A0F924452016609761F0242960E761F8A
:209BF00002C79631FFEF0A0456BF1245FFEF0A0092441BA93FFF6606761F0242960FFFEFB5
:209C000009F756BF1245FFEF09F392441BA93FFF6606761F02429610FFEF09EA56BF1245DE
:209C1000FFEF09E692441BA93FFF6606761F02429611FFEF09DD56BF1245FFEF09D99244AD
:209C20001BA93FFF6606761F02429612FFEF09D056BF1245FFEF09CC1B443FFF660792445F
:209C3000761F02429613FFEF09C356BF1245FFEF09BF1B443FFF66079244761F0242961453
:209C4000FFEF09B656BF1245FFEF09B29244761F02429616FFEF09AC9244761F02429617E8
:209C5000FFEF09A6924452016609761F02429618761F023D962FFFEF099B56BF1245FFEFB3
:209C60000997924452016606761F02429619FFEF098F56BF1245FFEF098B9244520166061E
:209C7000761F0242961AFFEF098356BF1245FFEF097F9244520160167649209288A9FF208F
:209C800008000FA6FFE1097428A908007649208B9A00764920969A069B037649E770FFEF16
:209C9000096756BF1245FFEF09639244761F02B39E2C96461BA9FF06643052FA622E9244A9
:209CA0001BA907D0642A1BA913886227922C9646764920922DA93B0136441EA69246FFA0C1
:209CB00080A95621004606A6AB4281A700C9E8DB96471BA9060C640D1BA909F4620A924737
:209CC0007649208B9A069B037649E770FFEF093056BF1245FFEF092C56BF1245FFEF092885
:209CD00092441BA9FFF86423520862217649209293A9924494A87649208B764920921BA921
:209CE00009F4690628A909DC7649208B6F0A764920921BA9060C670528A9060C7649208B5F
:209CF0009A069B037649E770FFEF090256BF1245FFEF08FE924452016016764920A888A950
:209D0000FF2008000FA6FFE108F328A90800764920A19A00764920AC9A069B037649E770BA
:209D1000FFEF08E656BF1245FFEF08E29244761F02B39E2E96461BA9FF06643052FA622E12
:209D200092441BA907D0642A1BA913886227922E9646764920A82DA93B0136441EA69246F1
:209D3000FFA080A95621004606A6AB4281A700C9E8DB96471BA9060C640D1BA909F4620AF0
:209D40009247764920A19A069B037649E770FFEF08AF56BF1245FFEF08AB56BF1245FFEF4A
:209D500008A792441BA9FFF8642352086221764920A893A9924494A8764920A1764920A873
:209D60001BA909F4690628A909DC764920A16F0A764920A81BA9060C670528A9060C764999
:209D700020A19A069B037649E770FFEF088156BF1245FFEF087D924452016016764920EA00
:209D800088A9FF2008000FA6FFE1087228A90800764920E39A00764920EE9A069B0376495D
:209D9000E770FFEF086556BF1245FFEF08619244761F02B39E3496461BA9FE0C64301BA94A
:209DA00001F4622D924452C8642A1BA90FA0622792349646764920EA2DA93B0136441EA6EA
:209DB0009246FFA080A95621004606A6AB4281A700C9E8DB96471BA9060C640D1BA909F404
:209DC000620A9247764920E39A069B037649E770FFEF082E56BF1245FFEF082A56BF12450C
:209DD000FFEF082692441BA9FFF8642352086221764920EA93A9924494A8764920E37649CA
:209DE00020EA1BA909F4690628A909DC764920E36F0A764920EA1BA9060C670528A9060C4A
:209DF000764920E39A069B037649E770FFEF080056BF1245FFEF07FC92445201601676498C
:209E0000210088A9FF2008000FA6FFE107F128A90800764920F99A00764921049A069B03CF
:209E10007649E770FFEF07E456BF1245FFEF07E09244761F02B39E3696461BA9FE0C6430D0
:209E20001BA901F4622D924452C8642A1BA907D0622792369646764921002DA93B01364428
:209E30001EA69246FFA080A95621004606A6AB4281A700C9E8DB96471BA9060C640D1BA9BC
:209E400009F4620A9247764920F99A069B037649E770FFEF07AD56BF1245FFEF07A956BFD3
:209E50001245FFEF07A592441BA9FFF86423520862217649210093A9924494A8764920F906
:209E6000764921001BA909F4690628A909DC764920F96F0A764921001BA9060C670528A9D8
:209E7000060C764920F99A069B037649E770FFEF077F56BF1245FFEF077B924452016016A5
:209E80007649214288A9FF2008000FA6FFE1077028A908007649213B9A00764921469A06E8
:209E90009B037649E770FFEF076356BF1245FFEF075F9244761F02B39E3096461BA9FED486
:209EA00064311BA9012C622E92441BA907D0642A1BA91770622792309646764921422DA923
:209EB0003B0136441EA69246FFA080A95621004606A6AB4281A700C9E8DB96471BA9060CBB
:209EC000640D1BA909F4620A92477649213B9A069B037649E770FFEF072B56BF1245FFEF22
:209ED000072756BF1245FFEF072392441BA9FFF86423520862217649214293A9924494A85B
:209EE0007649213B764921421BA909F4690628A909DC7649213B6F0A764921421BA9060CB3
:209EF000670528A9060C7649213B9A069B037649E770FFEF06FD56BF1245FFEF06F9924474
:209F0000520160167649216E88A9FF2008000FA6FFE106EE28A90800764921679A007649D0
:209F100021729A069B037649E770FFEF06E156BF1245FFEF06DD761F02529234521C6004B7
:209F200056BF03486F055212600356BF02482D48761F02B39244333C9EAB96461BA9FF0635
:209F3000642F52FA622D924452C8642A1BA90DAC6227123C96467649216E2DA93B0136441B
:209F40001EA69246FFA080A95621004606A6AB4281A700C9E8DB96471BA9060C640D1BA9AB
:209F500009F4620A9247764921679A069B037649E770FFEF069D56BF1245FFEF069956BF75
:209F60001245FFEF069592441BA9FFF86423520862217649216E93A9924494A87649216729
:209F70007649216E1BA909F4690628A909DC764921676F0A7649216E1BA9060C670528A97C
:209F8000060C764921679A069B037649E770FFEF066F56BF1245FFEF066B761F02C4922CCD
:209F9000603B9244520160387649219B1BA908006005764921A75200611328A908007649C4
:209FA00021939A007649219F3B10761F02C502001E0E2910FF699A069B027649E770761F76
:209FB00002C42B09761F02C42B0A9A00764870F79A0076487105761F02C3920F600776485A
:209FC000806B761F02C41A2C0001761F02C456BF0117FFEF062D56BF1245FFEF0629761F2D
:209FD00002C4922C6035924461331BA9177066307649219B1BA90800602B764921A7520062
:209FE00060279244764870F77649C7F0761F02C4960976487101761F02C493A93B019209D1
:209FF0009EA885A9FF561BA901C2620E761F02C3920FFFE005FD7648808B761F02C41A2C4B
:20A000000002FFEF05F556BF1245FFEF05F156BF1245FFEF05ED761F02C4922CFFE000B50D
:20A010009244FFE100B21BA91770FFE600AE764871015200FFE500A97649219B1BA9080094
:20A02000FFE000A3764921A75200FFE0009E9244764871057649C7F0761F02C4960A761F38
:20A0300002C43B019E0985A9FF565264640C7648710159A97648710F3B019EA185A9FF5650
:20A040005264630556BF1245FFEF05B27648710F761F02C493A93B01920A9EA885A9FF565B
:20A050001BA901C2626D7648710159A97648710F3B01761F02C49EA185A9FF5656030BA9C4
:20A060001EA6920A761F02C49E0985A9FF5685A91E4206A600C9E8DB964B7648710F761F81
:20A0700002C43B012D0A56030BA9324B03AB1E4A924B1BA909F467401BA9060C693D8F07A0
:20A080000800A8A90F4A6538FF2BFF1F0F4A6334761F02C3920F6007764880B5761F02C489
:20A090001A2C00047649219B88A90E4B0FA6600D8F002710A842064A00C9E8EA59A97649E3
:20A0A00021A793A155A96110924B764921938F002710A842064A00C9E8EA7649219F9A062B
:20A0B0009B027649E7703B10064A761F02C51E0E2910FFEF053D56BF1245FFEF053956BFA4
:20A0C0001245FFEF053556BF1245FFEF053192441BA9FFF864215208621F7649219B93A9C9
:20A0D000924494A8764921937649219B1BA909F4650728A909DC76492193FFEF051976494F
:20A0E000219B1BA9060CFFE3051328A9060C76492193FFEF050D56BF1245FFEF0509924440
:20A0F00052016016764921C888A9FF2008000FA6FFE104FE28A90800764921C19A0076491D
:20A1000021CC9A069B037649E770FFEF04F156BF1245FFEF04ED7649C8DB934495A959A858
:20A110007649C8DF93A195A9974692461BA9FF6A643552966233924452C864301BA90DAC5E
:20A12000622D7649C8DB59A97649C8DF94A1FF5C9646764921C82DA93B0136441EA692468A
:20A13000FFA080A95621004606A6AB4281A700C9E8DB96471BA9060C640D1BA909F4620AEC
:20A140009247764921C19A069B037649E770FFEF04AF56BF1245FFEF04AB56BF1245FFEF2D
:20A1500004A792441BA9FFF8642352086221764921C893A9924494A8764921C1764921C810
:20A160001BA909F4690628A909DC764921C16F0A764921C81BA9060C670528A9060C764953
:20A1700021C19A069B037649E770FFEF048156BF1245FFEF047D924452016013764921DEF1
:20A1800088A9FF2008000FA6FFE1047228A90800764921D79A069B027649E770FFEF04681F
:20A1900056BF1245FFEF046476491F3D9E4496461BA9FF38642A52C862287649AE1E964680
:20A1A000764921DE2DA93B0136441EA69246FFA080A95621004606A6AB4281A700C9E8DBE7
:20A1B00096471BA9060C640D1BA909F4620A9247764921D79A069B027649E770FFEF043831
:20A1C00056BF1245FFEF043456BF1245FFEF043092441BA9FFF8642352086221764921DEAC
:20A1D00093A9924494A8764921D7764921DE1BA909F4690628A909DC764921D76F0A7649D7
:20A1E00021DE1BA9060C670528A905F4764921D79A069B027649E770FFEF040A56BF1245E2
:20A1F000FFEF0406924452016013764921E988A9FF2008000FA6FFE103FB28A9080076496F
:20A2000021E29A069B027649E770FFEF03F156BF1245FFEF03ED7649AE7A9E4496461BA953
:20A21000FF9C642A526462287649AE7A9646764921E92DA93B0136441EA69246FFA080A949
:20A220005621004606A6AB4281A700C9E8DB96471BA9060C640D1BA909F4620A924776492B
:20A2300021E29A069B027649E770FFEF03C156BF1245FFEF03BD56BF1245FFEF03B9924400
:20A240001BA9FFF8642352086221764921E993A9924494A8764921E2764921E91BA909F47C
:20A25000690628A909DC764921E26F0A764921E91BA9060C670528A905F4764921E29A0657
:20A260009B027649E770FFEF039356BF1245FFEF038F924452016013764921F488A9FF20FB
:20A2700008000FA6FFE1038428A90800764921ED9A069B027649E770FFEF037A56BF1245DA
:20A28000FFEF037676491F3D9E4496461BA9FF38642A52C862287649D65E9646764921F4AE
:20A290002DA93B0136441EA69246FFA080A95621004606A6AB4281A700C9E8DB96471BA913
:20A2A000060C640D1BA909F4620A9247764921ED9A069B027649E770FFEF034A56BF12454E
:20A2B000FFEF034656BF1245FFEF034292441BA9FFF8642352086221764921F493A99244DD
:20A2C00094A8764921ED764921F41BA909F4690628A909DC764921ED6F0A764921F41BA9DD
:20A2D000060C670528A905F4764921ED9A069B027649E770FFEF031C56BF1245FFEF031884
:20A2E000924452016013764921FF88A9FF2008000FA6FFE1030D28A90800764921F89A0695
:20A2F0009B027649E770FFEF030356BF1245FFEF02FF7649D6629E4496461BA9FF9C642AAA
:20A30000526462287649D6629646764921FF2DA93B0136441EA69246FFA080A9562100469E
:20A3100006A6AB4281A700C9E8DB96471BA9060C640D1BA909F4620A9247764921F89A063E
:20A320009B027649E770FFEF02D356BF1245FFEF02CF56BF1245FFEF02CB92441BA9FFF8C4
:20A33000642352086221764921FF93A9924494A8764921F8764921FF1BA909F4690628A9C4
:20A3400009DC764921F86F0A764921FF1BA9060C670528A905F4764921F89A069B02764908
:20A35000E770FFEF02A556BF1245FFEF02A19244520160137649220A88A9FF2008000FA670
:20A36000FFE1029628A90800764922039A069B027649E770FFEF028C56BF1245FFEF0288F5
:20A370007649A8E693449FA9974692461BA9FF38643152C8622F92441BA907D0642B1BA9AD
:20A380000A2862287649A8E696467649220A2DA93B0136441EA69246FFA080A95621004640
:20A3900006A6AB4281A700C9E8DB96471BA9060C640D1BA909F4620A9247764922039A06B2
:20A3A0009B027649E770FFEF025356BF1245FFEF024F56BF1245FFEF024B92441BA9FFF8C4
:20A3B0006423520862217649220A93A9924494A8764922037649220A1BA909F4690628A920
:20A3C00009DC764922036F0A7649220A1BA9060C670528A905F4764922039A069B02764964
:20A3D000E770FFEF022556BF1245FFEF02219244520160137649221588A9FF2008000FA6E5
:20A3E000FFE1021628A908007649220E9A069B027649E770FFEF020C56BF1245FFEF0208EA
:20A3F0007649A8EA9E4496461BA9FF9C642A526462287649A8EA9646764922152DA93B01DC
:20A4000036441EA69246FFA080A95621004606A6AB4281A700C9E8DB96471BA9060C640D30
:20A410001BA909F4620A92477649220E9A069B027649E770FFEF01DC56BF1245FFEF01D8E6
:20A4200056BF1245FFEF01D492441BA9FFF86423520862217649221593A9924494A87649F5
:20A43000220E764922151BA909F4690628A909DC7649220E6F0A764922151BA9060C670560
:20A4400028A905F47649220E9A069B027649E770FFEF01AE56BF1245FFEF01AA9244520125
:20A4500060137649222088A9FF2008000FA6FFE1019F28A90800764922199A069B0276491C
:20A46000E770FFEF019556BF1245FFEF0191764988E593449FA9974692461BA9FF38643185
:20A4700052C8622F92441BA907D0642B1BA90A286228764988E59646764922202DA93B0186
:20A4800036441EA69246FFA080A95621004606A6AB4281A700C9E8DB96471BA9060C640DB0
:20A490001BA909F4620A9247764922199A069B027649E770FFEF015C56BF1245FFEF01585B
:20A4A00056BF1245FFEF015492441BA9FFF86423520862217649222093A9924494A87649EA
:20A4B0002219764922201BA909F4690628A909DC764922196F0A764922201BA9060C6705B4
:20A4C00028A905F4764922199A069B027649E770FFEF012E56BF1245FFEF012A924452019A
:20A4D00060137649222B88A9FF2008000FA6FFE1011F28A90800764922249A069B02764906
:20A4E000E770FFEF011556BF1245FFEF0111764988E99E4496461BA9FF9C642A526462287A
:20A4F000764988E996467649222B2DA93B0136441EA69246FFA080A95621004606A6AB42EE
:20A5000081A700C9E8DB96471BA9060C640D1BA909F4620A9247764922249A069B0276495C
:20A51000E770FFEF00E556BF1245FFEF00E156BF1245FFEF00DD92441BA9FFF8642352081D
:20A5200062217649222B93A9924494A8764922247649222B1BA909F4690628A909DC764988
:20A5300022246F0A7649222B1BA9060C670528A905F4764922249A069B027649E770FFEFEE
:20A5400000B756BF1245FFEF00B39244520160137649223688A9FF2008000FA6FFE100A8EF
:20A5500028A908007649222F9A069B027649E770FFEF009E56BF1245FFEF009A92441BA995
:20A56000FFF86422520862207649223693A9924494A87649222F764922361BA909F46906C6
:20A5700028A909DC7649222F6F0A764922361BA9060C670528A905F47649222F9A069B021C
:20A580007649E7706F7456BF12456F719244520160117649224188A9FF2008000FA66167E5
:20A5900028A908007649223A9A069B027649E7706F5E56BF12456F5B92441BA9FFF864224A
:20A5A000520862207649224193A9924494A87649223A764922411BA909F4690628A909DC2C
:20A5B0007649223A6F0A764922411BA9060C670528A905F47649223A9A069B027649E7705B
:20A5C0006F3656BF12456F33884392A6523562105235FFE1F833522769155231FFE1F7AD3C
:20A5D0005232FFE1F7C65233FFE1F7FE6F205236FFE1F8405237FFE1F8789CBF5239690B8E
:20A5E0006F1676CA3C60290106A7560401A61EA7C5C77620560301A688A908A6FF7E76CA9F
:20A5F0003CB006A70DA61EA7C5C776209245FF69FE8C8BBE0006FE04974296412B43084197
:20A60000A000FFEF014392425201660A761F023F961F9242761F023D9624FFEF014456BF9C
:20A610001243FFEF0140924252016606761F023F9620FFEF013856BF1243FFEF01349242FF
:20A6200052016606761F023F9621FFEF012C56BF1243FFEF0128924252016606761F023FC9
:20A630009622FFEF012056BF1243FFEF011C1B42025866079242761F023F9623FFEF011345
:20A6400056BF1243FFEF010F1B42025866079242761F023F9624FFEF010656BF1243FFEFBD
:20A6500001021B42020866079242761F023F9625FFEF00F956BF1243FFEF00F51B422328D2
:20A6600066079242761F023F9626FFEF00EC56BF1243FFEF00E81B42232866079242761F6F
:20A67000023F9627FFEF00DF56BF1243FFEF00DB92421BA903E86606761F023F9628FFEF5B
:20A6800000D256BF1243FFEF00CE924252106606761F023F9629FFEF00C656BF1243FFEF7F
:20A6900000C29242761F023F962AFFEF00BC9242761F023F962BFFEF00B69242761F023F1B
:20A6A000962CFFEF00B09242761F023F962DFFEF00AA924252016606761F023F962EFFEF1A
:20A6B00000A256BF1243FFEF009E924252016606761F023F962FFFEF009656BF1243FFEFE8
:20A6C0000092924252016606761F023F9630FFEF008A56BF1243FFEF0086924252016605D1
:20A6D000761F023F96316F7E56BF12436F7B1B42025866069242761F023F96326F7356BF00
:20A6E00012436F701B42025866069242761F023F96336F6856BF12436F651B4202086606A8
:20A6F0009242761F023F96346F5D56BF12436F5A1B42232866069242761F023F96356F528D
:20A7000056BF12436F4F1B42232866069242761F023F96366F4756BF12436F4492421BA91C
:20A7100003E86605761F023F96376F3C56BF12436F39924252106605761F023F96386F328D
:20A7200056BF12436F2F9242761F023F96396F2A9242761F023F963A6F259242761F023F47
:20A73000963B6F209242761F023F963C6F1B9242761F023F963D6F169242761F023F963E23
:20A740006F1156BF02436F0E884192A6521F66FA76CA3DE6290106A7560401A61EA7C5C744
:20A7500076209243FE840006FE04974296412B4308410300FFEF00DB924252016606761F99
:20A76000023E9618FFEF00E056BF1243FFEF00DC92421BA907D06606761F023E9619FFEF9C
:20A7700000D356BF1243FFEF00CF92421BA907D06606761F023E961AFFEF00C656BF124351
:20A78000FFEF00C2924252FF6606761F023E961BFFEF00BA56BF1243FFEF00B692425263B3
:20A790006606761F023E961CFFEF00AE56BF1243FFEF00AA924252636606761F023E961D9B
:20A7A000FFEF00A256BF1243FFEF009E924252636606761F023E961EFFEF009656BF1243A7
:20A7B000FFEF0092924252636606761F023E961FFFEF008A56BF1243FFEF008692425263AB
:20A7C0006605761F023E96206F7E56BF12436F7B924252636605761F023E96216F7456BFCA
:20A7D00012436F71924252636605761F023E96226F6A56BF12436F67924252636605761F11
:20A7E000023E96236F6056BF12436F5D924252636605761F023E96246F5656BF12436F53E7
:20A7F000924252066605761F023E96256F4C56BF12436F499242761F023E96266F44924259
:20A800001BA907D06605761F023E96276F3C56BF12436F399242761F023E96286F34924205
:20A81000761F023E96296F2F9242761F023E962A6F2A9242761F023E962B6F259242761F8D
:20A82000023E962C6F209242761F023E962D6F1B9242761F023E962E6F169242761F023EF6
:20A83000962F6F1156BF02436F0E884192A6521766FA76CA3E64290106A7560401A61EA7A3
:20A84000C5C776209243FE840006FE04974296412B430841AF00FFEF00B99242520A66061E
:20A85000761F023F9600FFEF00BE56BF1243FFEF00BA9242761F023F9601FFEF00B4924207
:20A86000761F023F9602FFEF00AE9242761F023F9603FFEF00A89242761F023F9604FFEFC3
:20A8700000A29242761F023F9605FFEF009C9242761F023F9606FFEF00969242761F023FE3
:20A880009607FFEF00909242761F023F9608FFEF008A9242761F023F9609FFEF008492424E
:20A89000761F023F960A6F7E9242761F023F960B6F799242761F023F960C6F749242761F7A
:20A8A000023F960D6F6F9242761F023F960E6F6A9242761F023F960F6F659242761F023FE2
:20A8B00096106F609242761F023F96116F5B9242761F023F96126F569242761F023F96138E
:20A8C0006F519242520A6605761F023F96146F4A56BF12436F47924252646605761F023FF9
:20A8D00096156F0356BF12439242761F023F96166F399242761F023F96176F349242761F80
:20A8E000023F96186F2F9242761F023F96196F2A9242761F023F961A6F259242761F023F41
:20A8F000961B6F209242761F023F961C6F1B9242761F023F961D6F169242761F023F961EE2
:20A900006F1156BF02436F0E884192A6521E66FA76CA3E26290106A7560401A61EA7C5C742
:20A9100076209243FE840006B2BDFE042B43761F02C69200761F024C96017649B8719B0A5F
:20A9200000C9E9BC761F024C9638764945E659A9764945EA560304A9CAA188A9761F02B233
:20A9300056030839761F024CCAA69602761F0282921B761F024C9603761F02BA9206520203
:20A940006005761F024C2B046F05761F024C56BF0104761F023D5603083CCA3B761F024CB6
:20A950009606761F023D5603083ACA39761F024C9607761F023D56030838CA37761F024C08
:20A960009608761F02429207761F024C960976499123761F024C960A7649911F761F024CFD
:20A97000960B764962AA761F024C960C764962AE761F024C960D764962B2761F024C960E27
:20A98000764962B6761F024C960F764962BA761F024C961076496282761F024C9611764908
:20A990006286761F024C96127649628A761F024C96137649628E761F024C9614764962920E
:20A9A000761F024C961576496296761F024C96167649629A761F024C96177649629E761F24
:20A9B000024C9618764962A2761F024C9619764962A6761F024C961A7649465B761F024C99
:20A9C000961C520A63022B1C7649465F761F024C961D520A63022B1D2B1E2B1F76494663BF
:20A9D00093A99A0594A89B0A00C9E952761F024C96207649466793A99A0594A89B0A00C91D
:20A9E000E952761F024C96212B222B237649466D9B6400C9E952761F024C9624520162051B
:20A9F0001B24FFFF64022B24764946719B6400C9E952761F024C9625520162051B25FFFF46
:20AA000064022B252B262B27764946538F0003E8FF12007DA84200C9E8DB761F024C962866
:20AA1000764946578F0003E8FF12007DA84200C9E8DB761F024C9629761F02529234521C8D
:20AA200060097649468D761F024C2DA93503962A6F0A521260087649468D761F024C560357
:20AA300001A9962A7648F4C5761F024C962B7649B8719B0A00C9E9BC761F024C962C764922
:20AA400046A1761F024C962D761F02C79227761F024C962E7649C7F0761F024C96327649CB
:20AA5000C8DB59A97649C8DF761F024C94A1FF5C96331B33FFFB6406520562042B332B3473
:20AA60006F0D7649C7EC761F024C8F0027102D33A84230A900C9E8DB9634761F02B9CC2C7E
:20AA70000002761F024FFFC0963876491DF252006034761F02B9412C6C13CC2BFF00761FD6
:20AA8000024CFFC79637761F02B9CC2F03FF2DA9761F024C350A08A9FE0C96356F05761F01
:20AA9000024C2B372B359233650456BF01366F09520063052B3856BF02366F032B382B3604
:20AAA000761F02B9CC2BFF00FFC752646019761F024C56BF03386F1476490FC1761F024C33
:20AAB00096372B3592336504923896366F09520063052B3856BF04366F032B382B36761FE6
:20AAC000021F9B05921F00C9E9B7761F024C9639761F02BB2D08761F024C3505963A761FE0
:20AAD000021F921E761F024C963B7649B8719B0A00C9E9BC761F024C963C764946A1761FF6
:20AAE000024C963D7649E0E0761F024C963E76494691761F024D960376494695761F024D6E
:20AAF000960576499E9F761F024D96067649531D761F024D96098F00A18076495309761F1D
:20AB0000024D96108F00A18C76495309761F024D96118F00A19876495309761F024D960A77
:20AB10008F00A1A476495309761F024D960B8F00A1B076495309761F024D960C8F00A1C040
:20AB200076495309761F024D960D8F00A1CC76495309761F024D960E8F00A1D876495309B1
:20AB3000761F024D960F7649A8E6761F024D9613526463022B137649A8EE761F024D961466
:20AB40001B14FFFD6404520362022B147649A8FA761F024D96157649A9731EA602641E4215
:20AB500006A600C9E8DB761F024D96167649A9771EA602641E4206A600C9E8DB761F024D98
:20AB600096179216520162051B16FFFF64022B169217520162051B17FFFF64022B17761F20
:20AB7000027F9238761F024D96192B18764988E5761F024D9632526462022B32764988ED21
:20AB8000761F024D9633520362051B33FFFD64022B33764988F9761F024D96347649894EBA
:20AB90001EA602641E4206A600C9E8DB761F024D9635764989521EA602641E4206A600C99B
:20ABA000E8DB761F024D9636761F027E9236761F024D96382B377649D65E761F024D96289C
:20ABB000526463022B287649D662761F024D9629520362051B29FFFD64022B29761F02C66A
:20ABC0009200520360077649AE32761F024D962A6F205204600B761F02E2921F6007764944
:20ABD000A8FA761F024D962A6F14761F02C692005204600C761F02E2921F52016007764948
:20ABE00088F9761F024D962A6F04761F024D2B2A7649A90A52016004761F024D2B15764978
:20ABF00088FD52016004761F024D2B347649AE1E761F024D961D761F02C6920252026008F7
:20AC00007649AE7A761F024DFF5C961E6F067649AE7A761F024D961E7649AE32761F024DE3
:20AC1000961F764980271EA602641E4206A600C9E8DB761F024D962076498047FF5A026468
:20AC20001EA6761F024D0200F61F561700A63F21761F02809202761F024D9623761F027F84
:20AC30009237761F024D96247649805F9B6400C9E952761F024D962B7649806F9B6400C9E1
:20AC4000E952761F024D962C7649805B761F024D962D761F027F920A761F024D962E7649B9
:20AC5000895652026044761F02E6921E5201603F7649D68A761F024D963C526463022B3C97
:20AC60007649D68E761F024D963D520362051B3DFFFD64022B3D922A963E7649D6929B6466
:20AC700000C9E952761F024D963F520063022B3F7649D6969B6400C9E952761F024E96003D
:20AC8000520063022B00761F024D923F542B6402962B761F024E9200761F024D542C640236
:20AC9000962C923D5429640C96296F0A761F024D2B3C2B3D2B3E2B3F761F024E2B00761FC3
:20ACA000024D922B63022B2B922C63022B2C922C542B6303922B962C76491DF252026103AB
:20ACB0001A430001761F024C923361071A430002520063031A4300047648711D520061039C
:20ACC0001A4300087649466D59A97649467194A165031A430010761F01FC40106D094F096B
:20ACD0006D074E096C0D76498956520160091A430020761F024D922961031A430040761F14
:20ACE00002C6920052046011761F02E2921F600D1A430080761F024D921461071A4301006F
:20ACF000520063031A430200761F01FC4E096C0D76498956520160091A430400761F024D2C
:20AD0000923365031A430800761F01FC4E096C0D76498956520260091A431000761F024D93
:20AD1000923D65031A4320009243761F024E96167649D6AE761F024E569F3F1B7649D6AE4F
:20AD2000761F024E3F1C7649D6B3761F024E569F3F1D7649D6B3761F024E3F1E7649D6B87E
:20AD3000761F024E569F3F237649D6B8761F024E3F247649D6BD761F024E569F3F257649E3
:20AD4000D6BD761F024E3F267649D6C7761F024E569F3F277649D6C7761F024E3F28764913
:20AD5000D6CC761F024E569F3F297649D6CC761F024E3F2A7649D6D1761F024E569F3F2BA6
:20AD60007649D6D1761F024E3F2C7649D6C2761F024E569F3F2D7649D6C2761F024E3F2ED7
:20AD70007649D6D6761F024E569F3F2F7649D6D6761F024E3F30761F02E69221761F024E3C
:20AD8000960676490FD1761F024E9608761F023F923E761F024E96097649C8F3761F024E6C
:20AD9000960A7649240B761F0251962456BF3225761F023D9220761F02519626761F023D09
:20ADA0009221761F02519627761F023D9222761F02519628761F023D9223761F02519629DD
:20ADB00058248F0088009294962A58248F0088329294962B58248F0088649294962C582403
:20ADC0008F0088969294962D58248F0088C89294962E58248F0088FA9294962F58248F0015
:20ADD000892C9294963058248F00895E9294963158248F0089909294963258248F0089C27B
:20ADE0009294963358248F0089F4929496348F008A26929496358F008A58929496368F00CA
:20ADF0008A8A929496378F008ABC929496388F008AEE929496398F008B209294963A8F00B8
:20AE00008B529294963B8F008B849294963C8F008BB69294963D8F008BE89294963E8F0074
:20AE10008C1A9294963F8F008C4C761F0252929496008F008C7E929496018F008CB092942E
:20AE200096028F008CE2929496038F008D14929496048F008D46929496058F008D789294F1
:20AE300096068F008DAA929496078F008DDC929496088F008E0E92949609FE848BBE000660
:20AE40000006FE027649C8009641761F024156BF1100761F0252560308419434761F024165
:20AE50009601280203E876492366761F0241560308A99C04960376492257761F0241960429
:20AE600076492262761F024196057649226D761F0241960676492278761F024196077649CD
:20AE70002283761F024196087649228F761F0241960956BF0A0A56BF650B761F02C3920B1B
:20AE8000761F0241960C280D03E8280E03E8280F03E8FE820006761F023D0A3692365232EF
:20AE900068472B360A379237523C68032B370A389238523C68032B380A39923952186803E2
:20AEA0002B390A3A923A521E600E923B520461075206610552096103520B600556BF013A26
:20AEB0000A3B6F20923A521F6014923B5201610D5203610B5205610952076107520861056C
:20AEC000520A6103520C600556BF013A0A3B6F0A923A521C6007923B5202600456BF013A6B
:20AED0000A3B923B520C690456BF013B0A3C0006B2BDFE04761F02C69200761F022096310A
:20AEE000764945E659A9764945EA560304A9761F02B2CAA188A9D0318F00883256030839A9
:20AEF000CAA696947649912359A97649911FD0318F008864560308A9CAA196947649465B49
:20AF0000D0318F00889696947649465FD0318F0088C896947649466393A99A0594A89B0AC7
:20AF100000C9E952D0318F0088FA96947649466793A99A0594A89B0A00C9E952D0318F0025
:20AF2000892C96947649C7F093A99A0594A89B0A00C9E9B7D0318F00895E96947649C8DB94
:20AF300059A97649C8DFD0318F00899094A1FF5C96947649E0E093A99A0594A89B0A00C932
:20AF4000E9B7D0318F0089C2969476494691D0318F0089F496947649531DD0312DA98F00EA
:20AF50008A26350A96948F00A1A47649530959A98F00A1987649530993A155A963078F00C9
:20AF6000A198764953092DA96F068F00A1A4764953092DA9350AD0318F008A589694761FFD
:20AF7000023F76C08A8A923EDF3196C78F00A1D876495309D0312DA98F008ABC350A9694C1
:20AF80008F00A18C7649530959A98F00A1807649530993A155A963078F00A18076495309A6
:20AF90002DA96F068F00A18C764953092DA9350AD0318F008AEE96947649A8E6D0318F005B
:20AFA0008B2096947649A8EAD0318F008B5296947649A8FAD0318F008B8496947649AE1E1F
:20AFB000D0318F008BB69694761F02C69202520260097649AE7AD031FF5C8F008BE8969469
:20AFC0006F077649AE7AD0318F008BE896947649AE32D0318F008C1A96947649D65ED031F4
:20AFD0008F008C4C96947649D662D0318F008C7E9694761F024D76C08CB0922ADF3196C796
:20AFE0007649D66A1EA602641E42DE3206A600C9E8DBD0318F008CE29694764988E5D0312B
:20AFF0008F008D149694764988E9D0318F008D469694764988F9D0318F008D789694761F96
:20B0000001FC4E096C1976498956520161157649D68AD0318F008DAA96947649D68ED031BC
:20B010008F008DDC9694761F024D76C08E0E922ADF3196C76F0DD0318F008DAA2B94D0311C
:20B020008F008DDC2B94D0318F008E0E2B94764962825200602676496286520060227649B9
:20B03000628A5200601E7649628E5200601A76496292520060167649629652006012764914
:20B04000629A5200600E7649629E5200600A764962A252006006764962A65200FFE100AB9A
:20B0500076496282761F023D88250EA90FA6604976496286761F023D88260EA90FA6604171
:20B060007649628A761F023D88270EA90FA660397649628E761F023D88280EA90FA660316D
:20B0700076496292761F023D88290EA90FA6602976496296761F023D882A0EA90FA6602169
:20B080007649629A761F023D882B0EA90FA660197649629E761F023D882C0EA90FA6601165
:20B09000764962A2761F023D882D0EA90FA66009764962A6761F023D882E0EA90FA6614C15
:20B0A0009220604A76496282761F023D962576496286761F023D96267649628A761F023D4C
:20B0B00096277649628E761F023D962876496292761F023D962976496296761F023D962AF1
:20B0C0007649629A761F023D962B7649629E761F023D962C764962A2761F023D962D7649B2
:20B0D00062A6761F023D962E56BF091D56BF011F0A1E1B1E0001605D5603083CCA3B9621D8
:20B0E0005603083ACA39962256030838CA37962356BF051E6F4E764924165201604A9A0022
:20B0F0007649240F761F023D2B1F2B202B1D2B1E6F40764924165201600A9A007649240F63
:20B10000761F023D2B1F2B202B1D2B1E76496282761F023D962576496286761F023D9626CC
:20B110007649628A761F023D96277649628E761F023D962876496292761F023D962976499D
:20B120006296761F023D962A7649629A761F023D962B7649629E761F023D962C764962A21B
:20B13000761F023D962D764962A6761F023D962E761F023D921F6109921D0B1D520060058C
:20B1400056BF01202B1D6F222B4392435231671E28AC00322B449244522567143044584349
:20B150008F008800560100A45943D801889430448F008800560100A47E9C0A449244522501
:20B1600068EE0A439243523168E6FE848BBE0006FE02761F023D0E33761F023E88180FA676
:20B17000FFE100CB9218761F023D963360232B032B042B052B062B072B082B092B419241B4
:20B180005208630C3B018F0087F8A8A981418AA92BC40A419241520864F7761F023D2B0A8B
:20B190002B0B2B0C2B0D2B0E2B0F2B102B34FFEF00A45201FFE00097761F023E921A761F7C
:20B1A000023D96042B05761F023E921B761F023D96062B412B4292415208630D2D419A0115
:20B1B000761F023DFF66CE0661020A420A419241520864F59242620456BF01426F05520892
:20B1C000650356BF084292429607761F023E0E19761F023DF60F1F0796082B09761F023E95
:20B1D000921C761F021F9638761F023E921D761F021F9639761F023E921E761F021F963A19
:20B1E000761F023E921F761F021F963B761F023E9220761F021F963C761F023E9221761F16
:20B1F000021F963D761F023E9222761F021F963E761F023E9223761F021F963F761F023D4F
:20B200009208761F023E9E27964263032B426F07761F023D92085442630296429242761F2F
:20B21000023D960A2B0B2B0C761F023E9224761F023D960D761F023E9225761F023D960ECC
:20B22000761F023E9226761F023D960F2B1056BF0103761F023E56BF0218761F023D2B347D
:20B230006F0B520368090A341B34025868052B34761F023E2B18FE8200060006FE06974488
:20B240009643A8422B456F168A429245944358A99294964692449E4558A99245944393942A
:20B2500058A9979492448A429E4558A9934697940A4592449E439C01FFC0544566E6FE865D
:20B2600000060006761F023F9224761F02B99632761F023F9223761F02B99631761F023FA6
:20B270009225761F02B99633761F023F9226761F02B99634761F023F9227761F02B996359C
:20B28000761F023F921F761F02B9963B761F023F9221761F02B9963A761F023F9222761F3E
:20B2900002B99639761F023F9220761F02B996382B3C761F023F9B0A922800C9E9B7761FD4
:20B2A00002B996362B372B30761F023F9B0A922A00C9E952761F02B9963D761F023F922B59
:20B2B00052036506761F02B956BF013E6F0C1B2BFFFD6306761F02B956BF023E6F04761F47
:20B2C00002B92B3E0006761F02BA922E520766099A007649E72F761F02BA922E520769F930
:20B2D0007648B2E776499763761F02BA9206520260047648BC656FF7520160047648BB75C3
:20B2E0006FF2520061022B067648BAA86FEC761F01009204761F02BA722F761F011492042E
:20B2F000761F02BA7230761F1C0F060C761F02BB1E249224961E9225961F7648B35276498D
:20B3000097630006FE022B419241520C673628AC00038F00948F3041560100A42BC430419E
:20B310008F009490560100A42BC430418F009491560100A42BC42B429242522B670E28AC6A
:20B32000002D584230418F00A200560100A42B940A429242522B68F658418F00AFE82B9471
:20B3300058418F00A1F42B9458418F00AF2A2B940A419241520C68CC761F02BA2B3C2B3DF1
:20B340002B3E2B3F761F02BB2B002B012B022B03761F02BA2B29761F02BB2B0D2B0F2B1072
:20B35000FE820006761F01FC1A0B0020761F02BA2B062B072B162B35761F02BB2B093B105A
:20B36000761F02BC2B368F00B2C2761F02BCA83C761F02BCA83E761F02BC2B37761F02BB9F
:20B370002B172910FF697648B3020006761F01FC1A0B0020761F02BA56BF0106761F02BBCB
:20B380002B177648B3020006761F01FC1A0D0020761F02BA56BF02062B232B242B252B078C
:20B390007648B302921F761F0252960F761F02BB921E761F025296102B11761F028756BFEB
:20B3A0000134761F02BB56BF01102B170006B2BDFE0228AC002D761F02BA76C0A2003007C8
:20B3B000560100A7761F02C5922E96C7761F02BA76C0A2013007560100A7761F02C5922F8A
:20B3C00096C7761F02BA76C0A2023007560100A7761F02C5923096C7761F02BA76C0A20309
:20B3D0003007560100A7761F02C5923196C776491CF452006004761F02BA2B31761F02BC27
:20B3E0002B00CD00FFFE761F02BA92319001761F02BCCAA8960076491F53761F02BC900341
:20B3F000CD00FFF9FF80CAA8960076491F5E761F02BC9003CD00FFE7FF82CAA896007649D4
:20B400001DF2761F02BC9007CD00FF1FFF84CAA8960076491F41761F02BC9001CD00FEFFF0
:20B41000FF87CAA89600764923BE761F02BC9001CD00FDFFFF88CAA8960076491FA0761F9F
:20B4200002BC9001CD00F7FFFF8ACAA8960076491CF4761F02BCCD001FFF88A856030DA91D
:20B43000CAA6960076491F95761F02BC9001CD00EFFFFF8BCAA896002B017649C800520449
:20B44000601476491D78761F02BC08A9FE20930139A9970176491D8F761F02BC08A9FE2067
:20B4500093013CA897016F287649C8005202601476491D78761F02BC08A9FF06930139A913
:20B46000970176491D8F761F02BC08A9FF0693013CA897016F1176491D78761F02BC9C8865
:20B47000930139A9970176491D8F761F02BC9C8893013CA897012B0276491CFF761F02BC62
:20B480009001CD02FFFECAA8960276491FC1761F02BC9001CD02FFFDFF80CAA896027649AF
:20B49000207C761F02BC9001CD02FFFBFF81CAA8960276492087761F02BC9001CD02FFF7BA
:20B4A000FF82CAA8960276492024761F02BC9001CD02FFEFFF83CAA8960276491E97761FC8
:20B4B00002BC9001CD02FFDFFF84CAA896027649203A761F02BC9001CD02FFBFFF85CAA873
:20B4C000960276491EA2761F02BC9001CD02FF7FFF86CAA8960276491FCC761F02BC900107
:20B4D000CD02FEFFFF87CAA8960276492003761F02BC9001CD02FDFFFF88CAA8960276491F
:20B4E0001F31761F02BC9001CD02FBFFFF89CAA8960276492458761F02BC9001CD02F7FFD9
:20B4F000FF8ACAA8960276491E3F761F02BC9001CD02EFFFFF8BCAA8960276491F10761FD5
:20B5000002BC9001CD02DFFFFF8CCAA8960276491DFD761F02BC9001CD02BFFFFF8DCAA852
:20B5100096027649244D761F02BCCD027FFF88A856030FA9CAA696022B0376492066761F62
:20B5200002BC907FCD03FF80CAA8960376492071761F02BC907FCD03C07FFF86CAA8960393
:20B5300076492442761F02BC9001CD03BFFFFF8DCAA896032B0476492050761F02BC08A96B
:20B54000FE7093043CA897047649205B761F02BC08A9FE70930439A997042B057649204553
:20B55000BE64761F02BC0EA9F60F1FA6CCA901FFCD05FE00CAA8960576491ECE761F02BC95
:20B56000CD0501FF88A8560309A9CAA696052B0676491ED9761F02BC907FCD06FF80CAA8A6
:20B57000960676491EAD761F02BC9306917F88A8560307A9CAA696062B0776491EFA761FB6
:20B5800002BC08A9FE7093073CA8970776491F05761F02BC08A9FE70930739A997072B0810
:20B5900076491DD1761F02BCCCA901FFCD08FE00CAA8960876491EB8761F02BCCD0801FF86
:20B5A00088A8560309A9CAA696082B0976491EC3761F02BC907FCD09FF80CAA896097649E7
:20B5B0001EE4761F02BC08A9FE7090FFCD09807FFF86CAA896092B0A76491EEF761F02BCB9
:20B5C00008A9FE70930A3CA8970A76491D57761F02BC08A9FE70930A39A9970A2B0B764970
:20B5D0001DA5761F02BC08A9FE70930B3CA8970B76491E6B761F02BC08A9FE70930B39A9C9
:20B5E000970B2B0C76491E8C761F02BC907FCD0CFF80CAA8960C76491E81761F02BC907F7B
:20B5F000CD0CC07FFF86CAA8960C76491F26761F02BC9001CD0CBFFFFF8DCAA8960C7649AC
:20B600001F1B761F02BCCD0C7FFF88A856030FA9CAA6960C2B0D76491E76761F02BC907F06
:20B61000CD0DFF80CAA8960D76491DBB761F02BC930D917F88A8560307A9CAA6960D2B0E8D
:20B6200076491F7FBE0A761F02BC0EA9F60F1FA6907FCD0EFF80CAA8960E76492463BE0A84
:20B63000761F02BC0EA9F60F1FA6930E917F88A8560307A9CAA6960E2B0F7649246EBE0AD5
:20B64000761F02BC0EA9F60F1FA6930F3CA8970F76491FD7BE64761F02BC0EA9F60F1FA63F
:20B65000930F39A9970F2B1076491DB0761F02BCCCA901FFCD10FE00CAA8961076491F3D13
:20B660009B6400C9E952761F02BCCD1001FF88A8560309A9CAA696102B117649202FBE64DA
:20B67000761F02BC0EA9F60F1FA6CCA903FFCD11FC00CAA8961176491E55761F02BCCD1119
:20B6800003FF88A856030AA9CAA696112B1276491E08761F02BC08A9FE20CD12FF80907FA4
:20B69000CAA8961276491E29761F02BC907FCD12C07FFF86CAA896122B1376491E13761F98
:20B6A00002BCCCA903FFCD13FC00CAA896132B1476491E4A761F02BCCCA97FFFCD14800051
:20B6B000CAA8961428AC002D761F02BA76C0A2163007560100A7761F02BC920096C7761F12
:20B6C00002BA76C0A2173007560100A7761F02BC920196C7761F02BA76C0A2183007560178
:20B6D00000A7761F02BC920296C7761F02BA76C0A2193007560100A7761F02BC920396C7B3
:20B6E000761F02BA76C0A21A3007560100A7761F02BC920496C7761F02BA76C0A21B300711
:20B6F000560100A7761F02BC920596C7761F02BA76C0A21C3007560100A7761F02BC920690
:20B7000096C7761F02BA76C0A21D3007560100A7761F02BC920796C7761F02BA76C0A21EC1
:20B710003007560100A7761F02BC920896C7761F02BA76C0A21F3007560100A7761F02BCCA
:20B72000920996C7761F02BA76C0A2203007560100A7761F02BC920A96C7761F02BA76C0C0
:20B73000A2213007560100A7761F02BC920B96C7761F02BA76C0A2223007560100A7761F9F
:20B7400002BC920C96C7761F02BA76C0A2233007560100A7761F02BC920D96C7761F02BA0F
:20B7500076C0A2243007560100A7761F02BC920E96C7761F02BA76C0A2253007560100A7D5
:20B76000761F02BC920F96C7761F02BA76C0A2263007560100A7761F02BC921096C7761F0D
:20B7700002BA76C0A2273007560100A7761F02BC921196C7761F02BA76C0A2283007560197
:20B7800000A7761F02BC921296C7761F02BA76C0A2293007560100A7761F02BC921396C7D2
:20B79000761F02BA76C0A22A3007560100A7761F02BC921496C7761F02BA76C0A204300757
:20B7A000560100A7761F02C6920096C77649A8E628AC002D761F02BA88A98F00A205300702
:20B7B000560100A47EC4764988E528AC002D761F02BA88A98F00A2063007560100A47EC4E2
:20B7C0007649911BBE409B0090400FA66008761F02BACC01FFFC500296016F197649C81F48
:20B7D0005201610A7649911F520E6106761F026F921752016008761F02BACC01FFFC500191
:20B7E00096016F05761F02BA1801FFFC7649C82E52006106761F02BA1A0110006F05761FE6
:20B7F00002BA1801EFFF761F02E2921F60057649A93A5201610A761F02E2921F5201604763
:20B800007649892152016043761F02C69200613F7649A90A520060057649A92252006109CB
:20B81000764988FD5200601C7649891552006018761F02BACC01FFF3500496017649A90A72
:20B8200052006005761F02BB1A1900017649A92252006021761F02BB1A1900026F1C761FC7
:20B8300002BACC01FFF3500896017649A90A52006005761F02BB1A1900047649A922520000
:20B84000600A761F02BB1A1900086F05761F02BA1801FFF3761F02BACD01FFDF761F02622B
:20B8500092259001761F02BAFF84CAA89601761F02C6920052036007761F01FC9210900143
:20B860005201611D761F02C692005204601D761F01FCCC094000FFCD52016006761F02E290
:20B87000921F5201610C761F01FCCC098000FFCE5201600A761F02E2921F6006761F02BAF5
:20B880001A0100806F05761F02BA1801FF7FCD01DFFF761F02C792039001761F02BAFF8CA5
:20B89000CAA89601CD01BFFF761F02DA92069001761F02BAFF8DCAA8960176498962761F44
:20B8A00002BACD017FFF88A856030FA9CAA69601761F026F921E761F026F541F63039641CC
:20B8B0006F03921F96417649C800520460049A0574416F0A7649C800520260049A037441DF
:20B8C0006F039A0274417649C7EC54416709761F02BB9B0A920E00C9E95254416406761FFF
:20B8D00002BA1A0100406F05761F02BA1801FFBF7649AE26761F02BA9001CD01FEFFFF87DF
:20B8E000CAA89601761F02E2921F60057649A93A5200610A761F02E2921F520160147649A1
:20B8F0008921520060107648F49659A976491F95761F02BACAA1CD01FDFF9001FF88CAA8FF
:20B9000096016F0B7648F496761F02BA9001CD01FDFFFF88CAA89601CD01FBFF761F02BD76
:20B9100092239001761F02BAFF89CAA89601CD01F7FF761F02C4922F9001761F02BAFF8AA4
:20B92000CAA8960128AC002D76C0A2073007560100A7920196C77649C7EC28AC002D761FF1
:20B9300002BA88A98F00A2083007560100A47EC47649911F28AC002D761F02BA88A98F00DC
:20B94000A2093007560100A47EC47649805B28AC002D761F02BA88A98F00A20A30075601E2
:20B9500000A47EC47649805F5200630C28AC002D761F02BA8F00A20B3007560100A42BC4E3
:20B960006F0E7649805F28AC002D761F02BA88A98F00A20B3007560100A47EC47649806FCB
:20B970005200650F7649806F28AC002D761F02BA88A98F00A20C3007560100A47EC46F0B95
:20B9800028AC002D761F02BA8F00A20C3007560100A42BC47649AE1E28AC002D761F02BA1A
:20B9900088A98F00A20D3007560100A47EC47649AE3228AC002D761F02BA88A98F00A20E53
:20B9A0003007560100A47EC47648711D761F02BA9001CD08FFFECAA89608764872AD761F91
:20B9B00002BA9001CD08FFFDFF80CAA89608761F02BB9B0A920A00C9E9BC52006106761F7B
:20B9C00002BA1A0800046F05761F02BA1808FFFB7649C8DB59A97649C8DF9B0A94A1FF5CA7
:20B9D00000C9E952964152006206761F02BA1808F0076F0A761F02BACC4101FFCD08F007B7
:20B9E000FF82CAA89608761F02B9422C6D19432C6D127648711D520060137648F4C55202A8
:20B9F000600A7648F4C55202600B761F02C6923352016006761F02BA18089FFF6F1D764962
:20BA0000B8719B0A00C9E9BC52006009761F02BACC089FFF1AA9200096086F0E7649B87186
:20BA10009B0A00C9E9BC761F02BA9003CD089FFFFF8CCAA896087649C80052046007761F38
:20BA2000026F921E9CFB96416F06761F026F921E9CFD96417649C7EC54416709761F02C30B
:20BA30009B0A920200C9E95254416406761F02BA1A0880006F05761F02BA18087FFFCD088F
:20BA4000EFFF761F02B9923B9001761F02BAFF8BCAA8960828AC002D76C0A20F30075601E9
:20BA500000A7920896C7300776C0A210560100A7761F02C3920796C776490FC128AC002D3B
:20BA6000761F02BA88A98F00A2113007560100A47EC4761F02C39B0A920300C9E952761F61
:20BA700002BA88A98F00A2123007560100A47EC476C0A2133007560100A7761F02C49206FF
:20BA800096C7761F02BA8F40A2148F003A983007761F02BB560100A5A3220200F61F561744
:20BA900000A43FC5761F02BACD0BFFC0761F02D19202761F02BA903FCAA8960B76C0A215EA
:20BAA0003007560100A7920B96C7FE828BBE0006FE082B462B47761F02BA2B162B172B1888
:20BAB000761F01FC1A0B002076491CF4520060057648B384FFEF00B9761F02BA9206FFE0B5
:20BAC00000B47648B3A79A007649E72F761F02BA96047648BD3A761F02BA9206FFE000A51E
:20BAD0007648C9CE761F02BA40046CDF761F01FC46096D2A2B4793460A461BA803E8670DEC
:20BAE000761F02BA9216520160D07648B376761F02BA2B1FFFEF0089761F02BA9205520196
:20BAF00069C42B469A4676499152761F02BA1A0300469A01764969AD9A019B017649E770A5
:20BB00007648B2E76FB22B469A00764969AD0A47761F02BA921F520160071B4703E86951B9
:20BB10002B472B1F6F4E761F02C692005203600492475201611E92005204600492475202D0
:20BB2000611892005205600492475203611292005202600492475204610C9200520660046A
:20BB30009247520561069200601D92475206601A761F02BB2B41931F921E2B42761F02BAC6
:20BB40005C079743D500761F02BB9644931E9A002B457648C41F8F00AEEC7649989256BF24
:20BB50000A47761F02BA92176007924752D269097648B3846F191B4704BA69032B472B17F7
:20BB600092185202FFE9FF521A0300479A47764991529A01764969B99A019B017649E770DE
:20BB70007648B3526F01FE880006FE062B412B432B44761F02BA2B19761F01FC1A0B00203D
:20BB800076491CF4520060057648B384FFEF00DD761F02BA92065201FFE000D77648B3A755
:20BB90009A007649E72F761F02BA96047648BD3A761F02BA92065201FFE000C77648C9CE4F
:20BBA000761F02BA40046CDD761F02BB921061037648DB9E761F02BA93190A191BA803E84A
:20BBB00069139A4676499152761F02BA1A0300469A01764969AD9A019B017649E770764848
:20BBC000B352FFEF00A29A00764969AD761F02BA58078F00AF2A56BF0194761F02BB2B081A
:20BBD0002B1056BF01442B429242520C674E2D429A013B01761F02BBFF6685A9CF1DCE1C6B
:20BBE00091FFFF58613A58428F00AF2A56BF01940A089244613628AC002D76C0A216304237
:20BBF000560100A792C79645304276C0A207560100A792C7964676491CF40EA91EA6CC4524
:20BC0000E000FFCC80A906A60FA7601B47466C1976491CF45202691576491CF45205611128
:20BC10002B44761F02BA88070E420FA6600A761F02BB56BF01106F0558428F00AF2A2B94A9
:20BC20000A429242520C68B4761F01FCCC090040FFC5520160250A4192415202600A761FB6
:20BC300002BA92355201FFE0FF4D7648B3846F2C5264FFE9FF47761F02BA92195232670D8B
:20BC40001A0300479A47764991529A01764969B99A019B017649E7707648B3526F152B4181
:20BC5000761F02E2921B600D761F02BA920361090A43924352FAFFE9FF252B03FFEFFF223A
:20BC60002B43FFEFFF1FFE860006FE0A2B462B4776491CF49649761F01FC1A0D0020761FB9
:20BC700002BA56BF01415C07D50C9A00761F02BB2B422B43931E2B442B457648C41F8F00D6
:20BC8000AEEC7649989D761F02BA92065202FFE000B17648B3A79A007649E72F761F02BA71
:20BC900096047648BD3A761F02BA92065202FFE000A17648C9CE761F02BA40046CE576488F
:20BCA000DB9E76491CF45200612F761F01FCCC090040FFC5520160172B4792460A46520A2F
:20BCB00069289A4776499152761F02BA1A0300479A01764969B99A019B017649E770764824
:20BCC000B3526F772B46761F02E2921B600B761F02BA920361070A4792475219690A2B03F3
:20BCD0006F082B476F062B462B47761F02BA2B03761F02BC56BF012A2B489248520C6713DC
:20BCE00058488F00A1F49294520160068F00AF2A56BF01946F048F00AF2A2B940A489248C9
:20BCF000520C68EF761F02C692007648F876761F02BA2B3376491CF45200612092496004D4
:20BD00007648B3526F36761F01FC1A0D0020761F02BA56BF0C327648C4CB7648C52676488A
:20BD1000C7947648C64F761F02BA921E520160112B1E7648B384FFEFFF68761F01FC1A0BD6
:20BD200000207649975F761F02BA2B2D56BF013276491CF49649761F02BA922DFFE0FF554C
:20BD300092065202FFE0FF517648C9C3FFEFFF4DFE8A0006FE0C284AFFFFFFEF06D9761FEA
:20BD400002BA2B198F00AEF87648C494761F02BA920F5201FFE00124921260539210520FF5
:20BD5000FFE006C19211520FFFE706BD9213520CFFE706B95200613228AC002D30138F0020
:20BD6000A2002D11761F02BB8828560100A4350358A97E9428AC002D761F02BA8F00A20018
:20BD700030132D11560100A435039C0158A9761F02BB9329979428AC002D761F02BA8F0047
:20BD8000A20030132D11560100A435039C0258A9761F02BB932A97946F059211520E60029B
:20BD90000A1D761F02BA9211520E600758138F00A1F456BF01940A1B56BF0134FFEF0673A2
:20BDA0005201FFE006709210520F606B9211520F67689213520C67655200610588130E0703
:20BDB0000FA6603C92065201603928AC002D801156BF0F4130078F00A20088072D117F42B1
:20BDC000560100A435037E4358A928AC002D30072D1188948F00A200560100A435039C01DB
:20BDD00028AC002D58A97E4430072D1188948F00A200560100A435039C0258A97E45D50063
:20BDE00092945C07761F02BB9646931E9A007648C4578F00AEF27649989D761F02BA2D11B6
:20BDF000350358A9761F02BB88288F00A2007E94761F02BA2D1135039C0158A9761F02BBFE
:20BE000093299794761F02BA2D1135039C0258A9761F02BB932A9794761F028756BF013433
:20BE1000761F02BA92065201FFE005FD9211520EFFE005F928AC002D8F00A2083007761F0F
:20BE20000288560100A43B019208761F02BB9EC485A9FF569606761F02BA30078F00A20516
:20BE3000560100A4761F02889205761F02BB9EC485A9FF569604761F02889207761F02BA67
:20BE40009600761F02C69200520461035205601B761F028892045204610352056014761F02
:20BE500002BA47006C1030078F00A20A560100A4761F0288920A761F02BB9EC485A9FF56F4
:20BE600096076F04761F02BB2B07761F028892047648F8767648DA08FFEF05A59206606BB2
:20BE7000921560122901761F02BB25280D291E481E26061E0F48FFE901A2761F02BA56BF84
:20BE80000117FFEF019C5201FFE001996F037648B2E7761F02BB881F0E280FA66005881E7B
:20BE90000E290FA661F576491F3D1BA9089860058F0003E8A8486F0D76491F3D1BA908FCA3
:20BEA00060058F0007D0A8486F048F000BB8A848761F02BB0E2A0F486019881F931E2B41F4
:20BEB000761F02BA2B429207D5027E435C07974496459A007648C41F8F00AEEC7649989D12
:20BEC000761F02BA0A18FFEF015A922A28A803E800C9E9BC520060079A4D764991529A01E4
:20BED00076496A019A019B017649E7707648B352FFEF01455201FFE0009D921552056007B0
:20BEE0009A019B0B7649E770FFEF01395206601D761F02BB0E28761F02C688000FA6610F5C
:20BEF0009200520461045205FFE00129761F02BB9228520461045205FFE001219A019B0A26
:20BF00007649E770FFEF011B520C600E0E07761F02BB88280FA661049228FFE0011076489C
:20BF1000B352FFEF010C5219FFE001092B4B761F02BB9229964B90FF52646339761F02BA27
:20BF2000921452016034761F02DB56BF010376491F3D934B761F02DB91FF2DA8310AEAAB49
:20BF30003F047648F500520361057648F5005204601576498956520260114C4B6C089A01B9
:20BF400076498A099A0176498A1D6F119A0076498A099A0076498A1D6F0A4C4B6C059A0106
:20BF500076498A1D6F049A0076498A1D761F02BB1B2AE890FFE500C31B2A2EE0FFE300BF4E
:20BF600076491CF40EA91EA6CC4B0F00FFC780A906A60FA7FFE000B3761F02BB922A7649A1
:20BF700060A8761F02BB9228764960BCFFEF00A79215520460182901761F02BB25280D29B9
:20BF80001E48061E0F48680B0F4860057648B2E7FFEF00957648B352FFEF00917648C9A846
:20BF9000FFEF008D5202607356BF01499249520C674B28AC0003290130498F00948F560122
:20BFA00000A492C4601630498F009490560100A492C4600F30498F009491560100A42BC40E
:20BFB000884AFF20FFFF0FA6602B9249964A6F2830498F00948F560100A488C4761F02BB2C
:20BFC0000E280FA6601D30498F009490560100A488C40E290FA6601430498F0094915601A2
:20BFD00000A488C40E2A0FA6610F30498F009491560100A42BC4761F02BA0A1A6F050A49B1
:20BFE0009249520C68BA884A2901FF20FFFF0FA6613528AC000376C0948F304A560100A7DA
:20BFF000761F02BB922896C7304A76C09490560100A7922996C7304A76C09491560100A70B
:20C00000922A96C7761F02BA0A1A6F1852196016761F02BB9229964BFFC7900F610F7649A8
:20C010001CF45200600B9A4B764991529A01764969E99A019B017649E770761F02BA9215CB
:20C020005203601992065202FFE103E9761F02BB922AFFE103E4290125280D291E480F1E65
:20C03000FFE003DD922A761F02BA960756BF0116FFEF03D5520260112901761F02BB252807
:20C040000D291E486F037648B2E7761F02BB061E0F4861FAFFEF03C3520E601B761F02BB72
:20C0500088280E1F0FA6601188290E1E0FA6600D761F02BA0E07761F02BB882A0FA660054A
:20C060007648B384FFEF03AB7648B352FFEF03A75209602192065202600C761F02BB922894
:20C07000764991529A019B017649E770FFEF039792145201FFE00393761F02BB9229FFE0DF
:20C08000038E9228764991529A019B017649E770FFEF03855207600F761F02C692005205E2
:20C0900061045204FFE0037B9A019B077649E770FFEF03755208600D761F02C692005203B4
:20C0A000FFE0036D9A019B087649E770FFEF0367520A60079A019B097649E770FFEF035F1D
:20C0B000520B60079A019B0D7649E770FFEF0357520D60079A019B0C7649E770FFEF034FAD
:20C0C000520F603E92065202FFE10349761F02BB9228761F02BA960E761F02BB9229761FA6
:20C0D00002BA960A922A600D920E900352016009761F02E11A2A00049A019B037649E770CD
:20C0E000761F02BA920E9003962ACC0E000CFFC19626CC0E0040FFC5962BCC0E0010FFC34F
:20C0F0009627CC0E0080FFC69639CC0A6000FFCC761F021F961B081B000AFFEF031052118C
:20C10000602F92065202FFE1030A2901761F02BB2528AF291E1C761F02BA9A013B012D0780
:20C11000761F02BBFF6685A9CF1DCE1C91FFFF586012761F02BA92065201600D761F02BB00
:20C120000A0992095205FFE902EA2B097648B352FFEF02E5761F02BB2B09FFEF02E052159D
:20C13000601992065202FFE102DA761F02BB9228761F02B9962A761F02BB9229761F02B955
:20C14000962D761F02BB922A761F02B9962EFFEF02C65216601992065202FFE102C0761F40
:20C1500002BB9228761F02B9962B761F02BB9229761F02B9962C761F02BB922A761F02B9CA
:20C16000962FFFEF02AC5217606792065202601992146017761F02BB56BF01129228761FE3
:20C1700002B99624761F02BB9229761F02B99627761F02BB922A761F02B99628FFEF028F85
:20C1800092145201FFE0028B0E07761F02BB88280FA6FFE00284761F02B99231761F02B9A6
:20C190009324761F02B99E08761F02B93CA89724761F02B99232761F02B99E08761F02B999
:20C1A00039A99724761F02B99234761F02B99627761F02B99235761F02B99628761F02BA49
:20C1B00080072B41761F02B9D5177F42882493279228761F02BA7E435C07761F02BB9744BD
:20C1C0009645931E9A007648C41F8F00AEEC7649989DFFEF02445218FFE000BB9206520257
:20C1D000601992146017761F02BB56BF02129228761F02B99625761F02BB9229761F02B91C
:20C1E0009626761F02BB922A761F02B99629FFEF022692145201FFE002220E07761F02BBED
:20C1F00088280FA6FFE0021B761F02B99233761F02B99325761F02B99E08761F02B93CA887
:20C2000097259225761F02B93836761F02B99625CD26FFFE761F02B9923C9001761F02B9F3
:20C21000CAA89626CD26FFFD761F02B9923B9001761F02B9FF80CAA89626CD26FFFB761FC4
:20C2200002B992389001761F02B9FF81CAA89626CD26FFF7761F02B9923A9001761F02B904
:20C23000FF82CAA89626CD26FFEF761F02B992399001761F02B9FF83CAA89626CD26FE1FA2
:20C24000761F02B99230900F761F02B9FF84CAA89626CC2607FF88A9761F02B956030B3718
:20C25000761F02B9CAA69626761F02B9933D9D32761F02B918A803FFCC29FC00CBA997292C
:20C26000CC2903FF88A9761F02B956030A3E761F02B9CAA69629761F02BA80072B41761F4D
:20C2700002B97F4293268825D518761F02BA5C077E43761F02BB97449645931E9A00764859
:20C28000C41F8F00AEEC7649989DFFEF0188521B602892316108761F02BB92289001520116
:20C29000FFE0017D761F02BB9228761F02BC9615761F02BB9229761F02BC9616761F02BBC9
:20C2A000922A761F02BC96177648D399761F02BA2B31761F02BC2B152B162B17FFEF015F87
:20C2B000521C60229231FFE0015A761F02BB9228761F02BC9618761F02BB9229761F02BC14
:20C2C0009619761F02BB922A761F02BC961A7648D61C761F02BA2B31761F02BC2B182B1967
:20C2D0002B1AFFEF013C521D60229231FFE00137761F02BB9228761F02BC961B761F02BBB1
:20C2E0009229761F02BC961C761F02BB922A761F02BC961D7648D6BE761F02BA2B31761FD6
:20C2F00002BC2B1B2B1C2B1DFFEF0119521E60229231FFE00114761F02BB9228761F02BC8B
:20C30000961E761F02BB9229761F02BC961F761F02BB922A761F02BC96207648D748761FCB
:20C3100002BA2B31761F02BC2B1E2B1F2B20FFEF00F6521F60229231FFE000F1761F02BB08
:20C320009228761F02BC9621761F02BB9229761F02BC9622761F02BB922A761F02BC962307
:20C330007648D7D6761F02BA2B31761F02BC2B212B222B23FFEF00D3522060229231FFE044
:20C3400000CE761F02BB9228761F02BC9624761F02BB9229761F02BC9625761F02BB922ACD
:20C35000761F02BC96267648D890761F02BA2B31761F02BC2B242B252B26FFEF00B0522197
:20C3600060229231FFE000AB761F02BB9228761F02BC9627761F02BB9229761F02BC9628B4
:20C37000761F02BB922A761F02BC96297648D925761F02BA2B31761F02BC2B272B282B29D8
:20C38000FFEF008D5210601C761F02BB88280E1F0FA6601288290E1E0FA6600E761F02BA9D
:20C390000E07761F02BB882A0FA66006761F02BA56BF01356F73761F02BA2B356F6F5212E8
:20C3A00060200E07761F02BB88280FA660679229526E666476491DB088A9761F02BB0E29DF
:20C3B0000FA6615C761F02CE56BF0102761F02BB922976491DA99A069B037649E7706F4EDB
:20C3C000521360200E07761F02BB88280FA6604692295203664376491D8388A9761F02BB6B
:20C3D0000E290FA6613B761F02CE56BF0102761F02BB922976491D7C9A069B037649E7708F
:20C3E0006F2D5214602B0E07761F02BB88280FA6602592295202610D520A610B521461094A
:20C3F000521E61075228610552326103523C601676491DD188A9761F02BB0E290FA6610EFE
:20C40000761F02CE56BF0102761F02BB922976491DCA9A069B037649E770761F02BA9215A0
:20C410005208761F02BB2B282B292B2A8F00AEF8764998655200FFE0F924FE8C0006FE0493
:20C420007D447C4397429641761F02BB1A2D8000182DBFFF182DDFFF1AA90100CCA901FF54
:20C43000CD2DE00FFF83CAA8962DFF200FFFA32C18AB00FF18AAFFF08942FF37CAABCBAAF2
:20C440001E2C9243932C3CA8972C5603084488A95603074794A6944818A97FFF962E9249E6
:20C45000962F924A9630924B9631FE840006FE047D447C4397429641761F02BB1A338000E8
:20C460001833BFFF1833DFFF1AA90100CCA901FFCD33E00FFF83CAA89633FF200FFFA332A3
:20C4700018AB00FF18AAFFF08942FF37CAABCBAA1E32924393323CA8973256030D4480A9E4
:20C480005603094793A995A788A85603054894A694491AA980009634924A9635924B963631
:20C49000924C9637FE840006FE0A5DADA848C548DD860EA58AA9F6052484924496494F4911
:20C4A0006C14761F02BA56BF010FFFCC900396129244FFC8900F96109244FFC4900F9611BF
:20C4B0009244901F96136F0E761F02BA2B0FFFC7907F96159244FFC6900196149244907FFB
:20C4C00096139243761F02BB9628924296299241962AFE8A0006FE082B462B47761F02BAE0
:20C4D0002B1A2B2D761F02BA92065202604E7648B3A79A007649E72F761F02BA9604764894
:20C4E000BD3A761F02BA92065202603F7648C9CE761F02BA40046CE79246602D76491F3DAC
:20C4F0001BA908986004284703E86F0B76491F3D1BA908FC6004284707D06F0328470BB85F
:20C50000761F02BB56BF0141931F921E2B42761F02BA5C079743D501761F02BB9644931E62
:20C51000924796459A007648C41F8F00AEEC7649989D6F0952026604921A520B6804764896
:20C52000C5916F030A466FAFFE880006FE082B4756BF01479247520C67098F00A1F45847FA
:20C530002B940A479247520C68FB2B47761F02BA921B961C2B1B2B1D2B34761F02BA920649
:20C540005202604E7648B3A79A007649E72F761F02BA96047648BD3A761F02BA9206520275
:20C55000603F7648C9CE761F02BA40046CE79247521E6736FFC052016003923461314047B5
:20C560006D2D56BF0F419247FFC096422B439247FFC02DA9350358A98F00A2009294964406
:20C570009247FFC02DA935039C0158A9929496459247FFC02DA935039C0258A9D501929425
:20C580005C07761F02BB931E96469A007648C4578F00AEF27649989D6F010A476FAFFE885E
:20C590000006FE082B469246520C675128AC000330468F009491560100A488C40E460FA6CF
:20C5A000610730468F009491560100A42BC492469C019647520C673730478F00948F560131
:20C5B00000A4324688C4A9A98F00948F560100A480C406A60FA7602330478F00949056015A
:20C5C00000A4324688C4A9A98F009490560100A480C406A60FA7601330478F00948F56015A
:20C5D00000A42BC430478F009490560100A42BC430478F009491560100A42BC40A47924765
:20C5E000520C68CB0A469246520C68B356BF0146761F02BA9206520260619A007649E72F40
:20C5F000761F02BA96047648BD3A761F02BA9206520260547648C9CE761F02BA40046CE95B
:20C600009246520C674728AC000330468F009491560100A492C4603A30468F00948F5601CB
:20C6100000A492C4600830468F009490560100A492C4612C761F02BA56BF012D56BF0141B6
:20C6200076C0948F2B423046560100A75C0792C7964376C094903046560100A7761F02BB0B
:20C63000D503931E92C79644924696459A007648C41F304676C09491560100A7924696C73C
:20C640008F00AEEC7649989D6F050A469246520C68BD0A469246520C689CFE880006FE0882
:20C650002B4856BF01469246520C670B8F00A1F45846929461020A480A469246520C68F9CF
:20C6600056BF0146761F02BA92065202FFE000D37648B3A79A007649E72F761F02BA9604FD
:20C670007648BD3A761F02BA92065202FFE000C37648C9CE761F02BA40046CE588480E1BE2
:20C680000FA6611C56BF01415C072B42761F02BB2B439A00D50C931E2B442B457648C41FD5
:20C690008F00AEEC7649989D761F02BA2B1D56BF011E56BF012DFFEF009E9246520CFFE7B5
:20C6A000009658468F00A1F49294605828AC00038F0094913046560100A492C461382B47E7
:20C6B00092475203670D92467648C73B58468F00A1F4929460050A479247520368F592472E
:20C6C0005203683728AC00038F0094913046560100A42BC430468F00948F560100A42BC469
:20C6D00030468F009490560100A42BC4761F02BA88250E460FA660042B232B242B25584641
:20C6E0008F00AFE89294520160146F1330468F009491560100A42BC430468F00948F560112
:20C6F00000A42BC430468F009490560100A42BC458468F00AFE82B946F3428AC00038F00F8
:20C70000948F3046560100A492C4602B30468F009490560100A492C46024761F02BA56BF40
:20C71000012D30468F009491560100A42BC458468F00A1F42B9456BF01415C07D50C761F16
:20C7200002BB2B429246931E96439A002B442B457648C41F8F00AEEC7649989D0A466F0671
:20C730000A469246520CFFE8FF6E9246520CFFE8FF2BFE880006FE0896472B48761F02BA95
:20C740002B34761F02BA92065202604D9A007649E72F761F02BA96047648BD3A761F02BA30
:20C750009206520260407648C9CE761F02BA40046CE99248521E6737FFC0520160039234DB
:20C76000613240486D2E56BF0F419248FFC09642924796439248FFC02DA9350358A98F0044
:20C77000A200929496449248FFC02DA935039C0158A9929496459248FFC02DA935039C027C
:20C7800058A9D50192945C07761F02BB931E96469A007648C4578F00AEF27649989D6F0154
:20C790000A486FB0FE880006FE082B46761F02BA9206520260747648B3A79A007649E72F7D
:20C7A000761F02BA96047648BD3A761F02BA9206520260657648C9CE761F02BA40046CE79A
:20C7B00076491CF45200615B924660067648D123520060020A4692465201603F7648C81038
:20C7C0009647520061395201601F761F02BA56BF01418820932192225C072B42D50E761FBE
:20C7D00002BB7E4397449645931E9A007648C41F8F00AEEC7649989D7648B352761F02BAF8
:20C7E00056BF011F6F1A761F02BA56BF01418823932492255C072B42D510761F02BB7E43F2
:20C7F00097449645931E9A007648C41F8F00AEEC7649989D6F020A46924652026006764859
:20C80000D983520060020A469246520360047648C9A86F03520366030A466F89FE880006F4
:20C81000FE0A761F02C6920096422B432B442B452B462B4756BF014876491CF45201691F01
:20C8200056BF014876491CF45205610576491CF45202601F761F02C6920052066103520768
:20C83000600456BF01446F157648F4965200600456BF02446F0E56BF03446F0B761F02C69D
:20C8400092005204610552036103520560022B4856BF01419241520CFFE7010958418F0005
:20C85000A1F492945201FFE000FD924760039241964792485201FFE000F576491CF45201CF
:20C86000696628AC002D76C0A2073041560100A7761F02BA92C79600304176C0A2165601A4
:20C8700000A792C79649FFCC900752056107CC49E000FFCC5202FFE000D530418F00A2043A
:20C88000560100A492C45206610930418F00A204560100A492C4520760129244600756BF71
:20C89000014492419643FFEF00BD9246FFE000BA56BF014692419645FFEF00B449006D1405
:20C8A00092445202670756BF024492419643FFEF00A992465202FFE700A556BF024692415B
:20C8B0009645FFEF009F92445203670756BF034492419643FFEF009692465203FFE7009236
:20C8C00056BF034692419645FFEF008C28AC002D8F00A2043041560100A4761F02C688004B
:20C8D0000EC40FA6614830418F00A204560100A492C45203600656BF0342924196436F767B
:20C8E00030418F00A204560100A492C45204610930418F00A204560100A492C452056010C3
:20C8F00092425204614252036140304176C0A204560100A792C79642924196436F36920006
:20C900005206603330418F00A204560100A492C4612C92425204612952056127520361253A
:20C91000304176C0A204560100A792C79642924196436F1B304176C0A207560100A7761F72
:20C9200002BA92C7960049016D10FFC890015201600C9243600A304176C0A204560100A7E4
:20C9300092C79642924196439245601B30418F00A204560100A492C45203611130418F00FA
:20C94000A204560100A492C45204610930418F00A204560100A492C45205600392419645C1
:20C950000A419241520CFFE8FEFB9247610592456003924796459243611728AC000376C0E4
:20C96000948F3043560100A7761F02BA92C79620304376C09490560100A792C79621924313
:20C9700096229A016F3492456131761F02BA88250E450FA6601528AC00038F00948F3045CF
:20C98000560100A488230EC40FA6600A30458F009490560100A488240EC40FA6611592455D
:20C99000962528AC000376C0948F3045560100A792C79623304576C09490560100A792C7F1
:20C9A00096249A026F049A006F029A00FE8A0006FE06761F02BB931F921E56BF0141761FD7
:20C9B00002BA2B425C07D504761F02BB97432B44931E96459A007648C41F8F00AEEC7649B8
:20C9C000989DFE8600067648CE7C520060077648CB8E520060037648CCA40006FE06761F3E
:20C9D00002BA42046C399206520260361A3300017649E56076491CF4520061089A01D40FC4
:20C9E000D5049B647649E4386F079A01D40FD5049BD27649E43828A97FFF7649E72F5200F9
:20C9F00061FB7649E56D56BF0141761F02BA2B425C079A00D5082B43761F02BB2B44931EEB
:20CA00002B457648C41F8F00AEEC764998859A019B087649E770761F02BA43046C3C9206D4
:20CA10005202601E1A33000476491CF456BF0141761F02BA2B425C079A00D5072B43761F23
:20CA200002BB2B44931E2B457648C41F8F00AEEC764998859A019B077649E7706F1C1A33D8
:20CA3000000476491CF42B41761F02BA2B425C079A00D5072B43761F02BB2B44931E2B45C0
:20CA40007648C41F8F00AEEC764998859A019B077649E770761F02BA44046C1A92065202D2
:20CA5000601756BF01415C072B42761F02BB2B439A00D50A931E2B442B457648C41F8F002F
:20CA6000AEEC764998859A019B097649E770761F02BA47046C1A92065202601756BF01410F
:20CA70005C072B42761F02BB2B439A00D50D931E2B442B457648C41F8F00AEEC7649988564
:20CA80009A019B0C7649E770761F02BA46046C399206520260361A3300027649E56076496A
:20CA90001CF4520061089A01D40FD5049B647649E4386F079A01D40FD5049BB47649E43893
:20CAA00028A97FFF7649E72F520061FB7649E56D56BF0141761F02BA2B425C079A00D50BA1
:20CAB0002B43761F02BB2B44931E2B457648C41F8F00AEEC764998859A019B0D7649E77017
:20CAC000761F02BA4B046C1C92065202601956BF01415C072B42761F02BB2B439A00D50E65
:20CAD000931E2B442B457648C41F8F00AEEC7649989D7648B352761F02BA56BF011F480463
:20CAE0006C3A9206520260377649E56076491CF4520061089A01D40FD5049B667649E4384C
:20CAF0006F079A01D40FD5049BE67649E43828A97FFF7649E72F520061FB7649E56D761F85
:20CB000002C656BF014192002B42761F02BAD50696435C07761F02BB2B449A00931E2B4513
:20CB10007648C41F8F00AEEC7649989D9A019B0A7649E770761F02BA49046C1A92065202E1
:20CB2000601756BF01415C072B42761F02BB2B439A00D505931E2B442B457648C41F8F0063
:20CB3000AEEC7649989D9A019B0B7649E770761F02BA45046C349206520260187649911FF3
:20CB400056BF0141761F02BA2B425C07D509761F02BB96432B449A00931E2B457648C41F89
:20CB50009A019B017649E7706F167649911F2B41761F02BA2B425C07D509761F02BB9643EE
:20CB60002B449A00931E2B457648C41F9A019B017649E7708F00AEEC7649989D761F02BA2F
:20CB70004C046C1576491CF4520061119A48764991529A01764969C5761F02BA1A0300487F
:20CB80009A019B017649E7707648B352761F02BA4D046C037648DAECFE860006FE062B42F5
:20CB90002B432B442B45761F02BB2B18761F02C6920052036112520461105205610E520607
:20CBA000600976491CF452016905761F02BB481D6C049A00FFEF00F82B41761F02BA923254
:20CBB0005441FFE9009C58418F00A1F492945201FFE0008E28AC002D76C0A2073041560101
:20CBC00000A792C79600304176C0A216560100A7761F02BC92C796158F00A204304156010E
:20CBD00000A4761F02C688000EC40FA6611792005204600930418F00A204560100A492C475
:20CBE0005205610C92005205602A30418F00A204560100A492C452046022761F02BA470097
:20CBF0006D034D006C0A761F02BCCC15E000FFCC2DA99A01FF669844761F02BA47006D0755
:20CC0000CC002000FFCC520160020A42CC008000FFCE52016004761F02BB0A1892416117CD
:20CC1000761F02BA49006C1328AC002D8F00A2043041560100A492C45202610830418F0036
:20CC2000A204560100A492C460020A4528AC002D8F00A2043041560100A492C4520361118D
:20CC300030418F00A204560100A492C45204610930418F00A204560100A492C45205600778
:20CC4000761F02BA47006C0356BF01430A41761F02BA92325441FFE6FF6892456007924221
:20CC50006105761F02BB0A1A6F04761F02BB2B1A76491CF45201692D761F02BB481D6D0DF5
:20CC60002B0F2B1A924361079A049B097649E7709A016F399A006F37924261179244521C8D
:20CC70006103526060120A0F1B0F02BC6604921A521465092B0F2B1A9A049B087649E7705B
:20CC80009A016F219A006F1F2B0F2B1A9A006F1B92426114761F02BB0A0F1B0F02BC660498
:20CC9000921A521465092B0F2B1A9A049B087649E7709A016F089A006F06761F02BB2B0F81
:20CCA0002B1A9A00FE860006FE082B462B47761F02BB2B127648D0D9761F02BA92065202EF
:20CCB000FFE001CA7648B3A79A007649E72F761F02BA96047648BD3A761F02BA9206520256
:20CCC000FFE001BA7648C9CE761F02BA40046CE54C0AFFEC016E2B469247520AFFE700E95A
:20CCD000761F02BB9211FFE0009F761F02B99231761F02B99324761F02B99E08761F02B971
:20CCE0003CA89724761F02B99232761F02B99E08761F02B939A99724761F02B99233761FF4
:20CCF00002B99325761F02B99E08761F02B93CA897259225761F02B93836761F02B996254B
:20CD0000CD26FFFE761F02B9923C9001761F02B9CAA89626CD26FFFD761F02B9923B900159
:20CD1000761F02B9FF80CAA89626CD26FFFB761F02B992389001761F02B9FF81CAA8962670
:20CD2000CD26FFF7761F02B9923A9001761F02B9FF82CAA89626CD26FFEF761F02B9923962
:20CD30009001761F02B9FF83CAA89626CD26FE1F761F02B99230900F761F02B9FF84CAA84C
:20CD40009626CC2607FF88A9761F02B956030B37761F02B9CAA69626761F02B99234761FDC
:20CD500002B99627761F02B99235761F02B99628761F02B9933D9D32761F02B918A803FF25
:20CD6000CC29FC00CBA99729CC2903FF88A9761F02B956030A3E761F02B9CAA6962956BFE1
:20CD700009476F469212611092475203670792125201600956BF03476F069212520260035E
:20CD800056BF0A472B12924752036717921156BF0141761F02BA5C072B42761F02BBD517EB
:20CD90009643931E2B449A002B457648C41F8F00AEEC764998926F1C52066717921156BFB4
:20CDA0000141761F02BA5C072B42761F02BBD5189643931E2B449A002B457648C41F8F009E
:20CDB000AEEC764998926F04520AFFE800C59247520A605F761F02B99227761F02BB93087B
:20CDC00000C9E9B7761F02B996279228761F02BB930800C9E9B7761F02B996289224761F74
:20CDD00002B9962A761F02B99225761F02B9962B761F02B99226761F02B9962C761F02B946
:20CDE0009227761F02B9962D761F02B99228761F02B9962ECD2FFC00761F02B9CC2903FF0A
:20CDF000761F02B9CAA8962FCD2F03FF761F02B9CC29FC00FFC9761F02B9FF89CAA8962F86
:20CE000056BF01412B42D515882A932D922E761F02BA5C077E43761F02BB97449645931E04
:20CE10009A007648C41F8F00AEEC764998926F1D520A681B761F02B956BF0141882B932C31
:20CE2000922F2B42761F02BA5C07D5167E43761F02BB97449645931E9A007648C41F8F00E1
:20CE3000AEEC764998926F470A47FFEFFE77761F02B92B2A2B2B2B2C2B2D2B2E182FFC00AF
:20CE4000182F03FF0A4692465205601A882A932D922E56BF0141761F02BA2B425C07D515FC
:20CE5000761F02BB7E4397449645931E9A007648C41F8F00AEEC76499892FFEFFE4F520866
:20CE6000FFE0FE4C882B932C922F56BF0141761F02BA2B425C07D516761F02BB7E43974405
:20CE70009645931E9A007648C41F8F00AEEC764998926F01FE880006FE062B442B450200E8
:20CE80001E421A410100761F02BA2B262B27761F02C4922F761F02BA96282B2A2B2B2B2CB5
:20CE90002B362B372B382B392B3A2B3B2B0A2B0D761F02BB2B112B08761F021F2B1E761F6B
:20CEA000021F2B1F761F021F2B1B761F02BB2B0D2B0C02001E202B132B152B43761F02BACD
:20CEB00092325443FFE9015058438F00A1F492945201FFE0013F761F02BB0A0828AC002D12
:20CEC00076C0A2073043560100A7761F02BA92C7960090035202600856BF0226CC0DFFF36B
:20CED0005008960D6F0E920090035201600A92265202610756BF0126CC0DFFF35004960D76
:20CEE000CC00000CFFC15202600856BF022ACC0DFFFC5002960D6F0FCC00000CFFC152016B
:20CEF000600A922A5202610756BF012ACC0DFFFC5001960D4C006C0356BF012C46006C0584
:20CF0000761F02BB56BF010D761F02BA4A006C0556BF01271A0D0010761F02C40E2F761FEF
:20CF100002BA88280FA6600B922861054B006D072B286F054B006C0356BF012845006C0521
:20CF200056BF012B1A0D0040304376C0A215560100A792C7960C761F02BB903F54136908F7
:20CF3000761F02BA920C761F02BB903F961392437648DA0958438F00A1F42D43A342929478
:20CF4000FF6688A9A9A991FF18AB000018AAFF00AFA691FFCAABCBAA1E4228AC002D76C06F
:20CF5000A2163043560100A7761F02BC92C79615FFCC9007615ACC15E0009B018841FFCC33
:20CF60009CFF2DA9FF6792A6FFC8903FCBA9913FFF98CCA681FFCBA99741761F02BACC00D6
:20CF70000200FFC85201602428AC002D8F00A2043043560100A492C45206611A30438F0032
:20CF8000A204560100A492C4611330438F00A204560100A492C45207610B761F02BCCC1534
:20CF9000E0009B01FFCC9CFF2DA9FF67994428AC002D8F00A2053043560100A41BC403847B
:20CFA000660930438F00A206560100A41BC40384690C761F02BACC004000FFCD761F02BB07
:20CFB0002DA99A01FF66981528AC002D8F00A2043043560100A492C45202611A30438F0013
:20CFC000A204560100A492C45206611230438F00A204560100A492C4610B30438F00A20482
:20CFD000560100A492C45207610356BF014530438F00A204560100A492C4520761113043A1
:20CFE0008F00A204560100A492C45206610930438F00A204560100A492C4520260058F00A8
:20CFF000AFE82B946F098F00AFE856BF01946F048F00AFE82B940A43761F02BA9232544332
:20D00000FFE6FEB4CC417E00FFC8900E6136CC417E00FFC890316111761F02C69200520626
:20D01000610C9A4B764991529A01764969E99A049B057649E7706F24CC417E00FFC8520EC7
:20D0200060049244520E61059A049B047649E770CC417E00FFC8520E610B761F02BB0A1B08
:20D03000921B520A650D2B1B56BF01176F09761F02BB2B1B2B176F04761F02BB2B17CC418C
:20D040007E00FFC840A96C22CC417E00FFC8903E6111761F02C692005206610C9A4B76492A
:20D0500091529A01764969E99A049B057649E7706F0DCC417E00FFC8520161089245520129
:20D0600060059A049B047649E7709244520E6103520160041A4101006F031841FEFF761FEE
:20D0700002BB9215520360177649895652016013761F02BB0A169216520F69102B169A49F4
:20D08000764991529A01764969D19A049B057649E7706F04761F02BB2B160642761F02BB66
:20D090001E1C92449614761F02C40E2F761F02BA88280FA6610E922960059228761F02C4D4
:20D0A000962F761F02BA1A0D020056BF01296F022B29CD0DFEFF761F02C4922F9001761F14
:20D0B00002BAFF87CAA8960D883A761F02BB0E080FA66007761F02BA1A0D008056BF01397C
:20D0C0007649B871520261057649B871520C600F761F02BACC0A0FF028AC3A98FFC3761FD6
:20D0D00002BB30A91E200F2269021E229A00FE860006FE0676491F3D761F02DB9E0496465D
:20D0E0001BA901906504284601906F04520063022B4692469B0A00C9E952761F02BA5603AD
:20D0F0000AA9CD0D03FFCAA8960D56BF01412B425C07920A930DD50F9743761F02BB96442F
:20D10000931E9A002B457648C41F8F00AEEC76499892761F02BB56BF0141931D921C2B422D
:20D11000761F02BAD51197435C07761F02BB9644931E9A002B457648C41F8F00AEEC76491B
:20D120009892FE860006FE082B472B482B469246520CFFE700F528AC002D58468F00A1F40B
:20D1300092945201FFE000E730468F00A216560100A440C46C0556BF0247FFEF00E13046D0
:20D140008F00A217560100A488C4761F02880E170FA6601730468F00A216560100A4CCC488
:20D150001FFF88A9CC161FFF0EA90FA6600A30468F00A218560100A488C40E180FA6610553
:20D1600056BF0148FFEF00BC30468F00A219560100A488C40E190FA6601330468F00A21A90
:20D17000560100A488C40E1A0FA6600A30468F00A21B560100A488C40E1B0FA6610556BFAF
:20D180000248FFEF009D30468F00A21C560100A488C40E1C0FA6601330468F00A21D560143
:20D1900000A488C40E1D0FA6600A30468F00A21E560100A488C40E1E0FA6610456BF034893
:20D1A0006F7E30468F00A21F560100A488C40E1F0FA6601330468F00A220560100A488C412
:20D1B0000E200FA6600A30468F00A221560100A488C40E210FA6610456BF04486F60304614
:20D1C0008F00A222560100A488C40E220FA6601330468F00A223560100A488C40E230FA666
:20D1D000600A30468F00A224560100A488C40E240FA6610456BF05486F4230468F00A22598
:20D1E000560100A488C40E250FA6601330468F00A226560100A488C40E260FA6600A3046B0
:20D1F0008F00A227560100A488C40E270FA6610456BF06486F2430468F00A228560100A471
:20D2000088C40E280FA6601330468F00A229560100A488C40E290FA6600A30468F00A22A26
:20D21000560100A488C40E2A0FA6610456BF07486F060A469246520CFFE8FF1192476123B2
:20D22000761F02BA2B319246612528AC002D8F00A2163046560100A4761F02BCCCC4FFFE4A
:20D23000961576C0A2173046560100A792C79616304676C0A218560100A792C796177648A3
:20D24000D3996F08924861032B466F049A00FFEF0150761F02BA9206520261049A00FFEFC6
:20D2500001489A007649E72F761F02BA96047648BD3A761F02BA9206520261049A00FFEF3C
:20D2600001387648C9CE761F02BA40046CE3FFEF011756BF014128AC002D76C0A2162B4283
:20D270003046560100A792C7964376C0A2173046560100A75C0792C7964476C0A218304699
:20D28000560100A7761F02BBD51B931E92C796459A007648C41F8F00AEEC7649989DFFEF23
:20D29000010656BF014128AC002D76C0A2192B423046560100A792C7964376C0A21A3046B3
:20D2A000560100A75C0792C7964476C0A21B3046560100A7761F02BBD51C931E92C796454B
:20D2B0009A007648C41F8F00AEEC7649989DFFEF00DE56BF014128AC002D76C0A21C2B4281
:20D2C0003046560100A792C7964376C0A21D3046560100A75C0792C7964476C0A21E30463D
:20D2D000560100A7761F02BBD51D931E92C796459A007648C41F8F00AEEC7649989DFFEFD1
:20D2E00000B656BF014128AC002D76C0A21F2B423046560100A792C7964376C0A2203046A8
:20D2F000560100A75C0792C7964476C0A2213046560100A7761F02BBD51E931E92C79645F3
:20D300009A007648C41F8F00AEEC7649989DFFEF008E56BF014128AC002D76C0A2222B427A
:20D310003046560100A792C7964376C0A2233046560100A75C0792C7964476C0A2243046E0
:20D32000560100A7761F02BBD51F931E92C796459A007648C41F8F00AEEC7649989D6F6697
:20D3300056BF014128AC002D76C0A2252B423046560100A792C7964376C0A22630465601AA
:20D3400000A75C0792C7964476C0A2273046560100A7761F02BBD520931E92C796459A0057
:20D350007648C41F8F00AEEC7649989D6F3F56BF014128AC002D76C0A2282B4230465601BF
:20D3600000A792C7964376C0A2293046560100A75C0792C7964476C0A22A3046560100A753
:20D37000761F02BBD521931E92C796459A007648C41F8F00AEEC7649989D6F189248520461
:20D38000620E5204FFE1FF5F5201FFE1FEE45202FFE1FF095203FFE1FF2E6F085205FFE128
:20D39000FF7A5206619E520761C39A016F01FE880006B2BDFE022B4156BF324276491F5304
:20D3A000761F02BC0EA91EA6CC150006FFC080A906A60FA76119CC150006FFC076491F4C24
:20D3B0007649A4CF7649819676491F535200600628A90384764924676F0528A906A476491C
:20D3C000246756BF014176491F5E761F02BC0EA91EA6CC150018FFC280A906A60FA76108B3
:20D3D000CC150018FFC276491F5756BF014176491F41761F02BC0EA91EA6CC150100FFC762
:20D3E00080A906A60FA76115CC150100FFC776491F45761F02BC48156D0628A94E20764940
:20D3F000AEF96F0528A9411A7649AEF956BF0141764923BE761F02BC0EA91EA6CC150200C8
:20D40000FFC880A906A60FA76108CC150200FFC8764923B756BF014176491FA0761F02BCE6
:20D410000EA91EA6CC150800FFCA80A906A60FA76108CC150800FFCA76491F9956BF01415B
:20D4200076491F95761F02BC0EA91EA6CC151000FFCB80A906A60FA76108CC151000FFCB41
:20D4300076491F8E56BF014176491DF2761F02BC0EA91EA6CC1500E0FFC480A906A60FA76E
:20D440006118CC1500E0FFC476491DEB7649C800964276491DF2520060059A0376491D4566
:20D450006F049A0276491D4576486AF456BF01417649C8005202600456BFFA426F06764955
:20D46000C8002DA93578964276491D78761F02BC9E420EA91EA6CC16FF00FFC780A906A60B
:20D470000FA7610BCC16FF00FFC7944276491D7176486AF456BF014176491D8F761F02BC7F
:20D480009E420EA91EA6921690FF80A906A60FA7610A921690FF944276491D8776486AF478
:20D4900056BF014176491CFF761F02BC0EA91EA69217900180A906A60FA76107CC1700016C
:20D4A00076491CF856BF014176491FC1761F02BC0EA91EA6CC170002FFC080A906A60FA7A6
:20D4B0006108CC170002FFC076491FBA56BF01417649207C761F02BC0EA91EA6CC17000450
:20D4C000FFC180A906A60FA76108CC170004FFC17649207556BF014176492087761F02BC8D
:20D4D0000EA91EA6CC170008FFC280A906A60FA76108CC170008FFC27649208056BF0141BF
:20D4E00076492024761F02BC0EA91EA6CC170010FFC380A906A60FA76108CC170010FFC3FD
:20D4F0007649201D56BF014176491E97761F02BC0EA91EA6CC170020FFC480A906A60FA736
:20D500006108CC170020FFC476491E9056BF01417649203A761F02BC0EA91EA6CC1700400E
:20D51000FFC580A906A60FA76108CC170040FFC57649203356BF014176491EA2761F02BC21
:20D520000EA91EA6CC170080FFC680A906A60FA76108CC170080FFC676491E9B56BF01415D
:20D5300076491FCC761F02BC0EA91EA6CC170100FFC780A906A60FA76108CC170100FFC71B
:20D5400076491FC556BF014176492003761F02BC0EA91EA6CC170200FFC880A906A60FA7EA
:20D550006108CC170200FFC876491FFC56BF014176491F31761F02BC0EA91EA6CC170400B1
:20D56000FFC980A906A60FA76108CC170400FFC976491F2A56BF014176492458761F02BC53
:20D570000EA91EA6CC170800FFCA80A906A60FA76108CC170800FFCA7649245156BF014139
:20D5800076491E3F761F02BC0EA91EA6CC171000FFCB80A906A60FA76108CC171000FFCB33
:20D5900076491E3856BF014176491F10761F02BC0EA91EA6CC172000FFCC80A906A60FA7FA
:20D5A0006108CC172000FFCC76491F0956BF014176491DFD761F02BC0EA91EA6CC1740002C
:20D5B000FFCD80A906A60FA76108CC174000FFCD76491DF656BF01417649244D761F02BC00
:20D5C0000EA91EA6CC178000FFCE80A906A60FA76108CC178000FFCE7649244656BF0141FC
:20D5D000764920245200610F76491FC15200600B76492019520061229A007649201256BFAD
:20D5E00001416F1C764920245200600F76491FC15200610B76492019520161109A01764927
:20D5F000201256BF01416F0A76492019520261069A027649201256BF014176491D7859A92C
:20D6000076491D8F93A155A9670976491D8F76491D7176486AF456BF014192415201600A42
:20D610009A069B037649E7702B41761F02CE56BF0102FE828BBE0006FE022B412842019087
:20D6200076492066761F02BC0EA91EA69218907F80A906A60FA76107CC18007F7649205F8A
:20D6300056BF014176492071761F02BC0EA91EA6CC183F80FFC680A906A60FA76108CC1825
:20D640003F80FFC67649206A56BF014176492442761F02BC0EA91EA6CC184000FFCD80A99A
:20D6500006A60FA76108CC184000FFCD7649243B56BF014176492050761F02BC9E420EA971
:20D660001EA6921990FF80A906A60FA76108921990FF94427649204956BF01417649205BEF
:20D67000761F02BC9E420EA91EA6CC19FF00FFC780A906A60FA76109CC19FF00FFC79442CD
:20D680007649205456BF014176492045BE640EA9F60F1FA60EA91EA6761F02BCCC1A01FF85
:20D6900080A906A60FA76109CC1A01FF2DA935647649203E56BF014176491ECE761F02BCBE
:20D6A0000EA91EA6CC1AFE00FFC880A906A60FA76108CC1AFE00FFC876491EC756BF0141AA
:20D6B00092415201600A9A069B037649E7702B41761F02CE56BF0102FE820006FE022B419B
:20D6C0002842019076491ED9761F02BC0EA91EA6921B907F80A906A60FA76107CC1B007FB6
:20D6D00076491ED256BF014176491EAD761F02BC0EA91EA6921BFFC618A901FF80A906A6D4
:20D6E0000FA76109921BFFC6CCA901FF76491EA656BF014176491EFA761F02BC9E420EA988
:20D6F0001EA6921C90FF80A906A60FA76108921C90FF944276491EF356BF014176491F0508
:20D70000761F02BC9E420EA91EA6CC1CFF00FFC780A906A60FA76109CC1CFF00FFC7944236
:20D7100076491EFE56BF014176491DD10EA91EA6761F02BCCC1D01FF80A906A60FA7610770
:20D72000CC1D01FF76491DCA56BF014176491EB8761F02BC0EA91EA6CC1DFE00FFC880A9C9
:20D7300006A60FA76108CC1DFE00FFC876491EB156BF014192415201600A9A069B037649EE
:20D74000E7702B41761F02CE56BF0102FE820006FE022B412842019076491EC3761F02BCA9
:20D750000EA91EA6921E907F80A906A60FA76107CC1E007F76491EBC56BF014176491EE472
:20D76000761F02BC9E420EA91EA6CC1E7F80FFC680A906A60FA76109CC1E7F80FFC69442D4
:20D7700076491EDD56BF014176491EEF761F02BC9E420EA91EA6921F90FF80A906A60FA743
:20D780006108921F90FF944276491EE856BF014176491D57761F02BC9E420EA91EA6CC1F22
:20D79000FF00FFC780A906A60FA76109CC1FFF00FFC7944276491D5056BF014176491DA535
:20D7A000761F02BC9E420EA91EA6922090FF80A906A60FA76108922090FF944276491D9EF5
:20D7B00056BF014176491E6B761F02BC9E420EA91EA6CC20FF00FFC780A906A60FA7610966
:20D7C000CC20FF00FFC7944276491E6456BF014192415201600A9A069B037649E7702B41DA
:20D7D000761F02CE56BF0102FE820006FE022B4176491E8C761F02BC0EA91EA69221907FD1
:20D7E00080A906A60FA76107CC21007F76491E8556BF014176491E81761F02BC0EA91EA6E5
:20D7F000CC213F80FFC680A906A60FA76108CC213F80FFC676491E7A56BF014176491F2691
:20D80000761F02BC0EA91EA6CC214000FFCD80A906A60FA76108CC214000FFCD76491F1F57
:20D8100056BF014176491F1B761F02BC0EA91EA6CC218000FFCE80A906A60FA76108CC21BF
:20D820008000FFCE76491F1456BF014176491E76761F02BC0EA91EA69222907F80A906A699
:20D830000FA76107CC22007F76491E6F56BF014176491DBB761F02BC0EA91EA69222FFC6CC
:20D8400018A901FF80A906A60FA761099222FFC6CCA901FF76491DB456BF014176491F7FE0
:20D85000BE0A761F02BC0EA9F60F1FA60EA91EA69223907F80A906A60FA761099223907F24
:20D860002DA9350A76491F7856BF014176492463BE0A761F02BC0EA9F60F1FA60EA91EA689
:20D870009223FFC618A901FF80A906A60FA7610B9223FFC62DA918AC01FF350A7649245CD4
:20D8800056BF014192415201600A9A069B037649E7702B41761F02CE56BF0102FE820006DE
:20D89000FE022B417649246EBE0A761F02BC0EA9F60F1FA60EA91EA6922490FF80A906A68A
:20D8A0000FA76109922490FF2DA9350A7649246756BF014176491FD7BE64761F02BC0EA96C
:20D8B000F60F1FA60EA91EA6CC24FF00FFC780A906A60FA7610ACC24FF00FFC72DA9356444
:20D8C00076491FD056BF014176491DB00EA91EA6761F02BCCC2501FF80A906A60FA7610705
:20D8D000CC2501FF76491DA956BF014176491F3D9B6400C9E952761F02BCCD25FE00FFD833
:20D8E00055A9610ACC25FE00FFC82DA9356476491F3556BF01417649202FBE640EA9F60F44
:20D8F0001FA60EA91EA6761F02BCCC2603FF80A906A60FA76109CC2603FF2DA9356476497A
:20D90000202856BF014176491E55761F02BC0EA91EA6CC26FC00FFC980A906A60FA76108BE
:20D91000CC26FC00FFC976491E4E56BF014192415201600A9A069B037649E7702B41761FDA
:20D9200002CE56BF0102FE820006FE022B4176491E0808A9FE20761F02BC0EA91EA69227D2
:20D93000907F80A906A60FA761099227907F08A901E076491E0156BF014176491E29761FA9
:20D9400002BC0EA91EA6CC273F80FFC680A906A60FA76108CC273F80FFC676491E2256BF98
:20D95000014176491E130EA91EA6761F02BCCC2803FF80A906A60FA76107CC2803FF764919
:20D960001E0C56BF014176491E4A0EA91EA6761F02BCCC297FFF80A906A60FA76107CC29D6
:20D970007FFF76491E4356BF014192415201600A9A069B037649E7702B41761F02CE56BFD8
:20D980000102FE820006FE02761F02C692005203610F5204610D5205610B520061075206B1
:20D99000610576491CF4520166039A006F7056BF01419241520C676A58418F00A1F49294D1
:20D9A00052016060761F02C692005203601F28AC002D8F00A2043041560100A492C4520443
:20D9B000610930418F00A204560100A492C452056049761F02BA42336D079A049B037649C1
:20D9C000E7709A016F449A006F42520461035205601928AC002D8F00A2043041560100A42B
:20D9D00092C45203602F761F02BA40336D0941336D079A049B067649E7709A016F289A00BA
:20D9E0006F2628AC002D8F00A2043041560100A492C45204611130418F00A204560100A431
:20D9F00092C45205610930418F00A204560100A492C4520360079A049B047649E7709A015F
:20DA00006F060A419241520C68989A00FE8200060006FE18965628AC002D76C0A20F30567F
:20DA1000560100A7761F02BA92C7960990015201600656BF01380A3A1A0A0001CC090002D7
:20DA2000FFC05201600556BF01371A0A0004CC090004FFC15201600556BF013B1A0A00082C
:20DA30009209761F021FFFC2CCA901FF721E76C0A21E3056560100A792C7964D305676C04D
:20DA4000A21C560100A792C7964F305676C0A226560100A792C79645761F02BA9209900199
:20DA500052016005CC4501FF96576F16761F02E2921F52016007924FFFC618A901FF965743
:20DA60006F04CC4D01FF9657CC4501FF54576704CC4501FF96579257761F021F721F761F43
:20DA700002BACC096000FFCC52036108761F021F921B52036103520D6006761F021F56BF70
:20DA8000031B6F28761F02BACC096000FFCC52026108761F021F921B52026103520C6006E4
:20DA9000761F021F56BF021B6F15761F02BACC096000FFCC52016108761F021F921B520147
:20DAA0006103520B6006761F021F56BF011B6F022B1B081B000A7649B8719B0A00C9E9BC79
:20DAB000761F02BA9003CD0A9FFFFF8CCAA8960ACC096000FFCC5202601928AC002D8F0003
:20DAC000A2143056560100A4CC0A0FF0FFC354C4670D30568F00A214560100A4CD0AF00F50
:20DAD00092C490FFFF83CAA8960A4F096C05761F02BB56BF010C761F02BA4C0A6D0CCC098B
:20DAE0001000FFCB520160071A0A10009256761F02BB9611FE980006E20304BDFE082B46C4
:20DAF00076491F3D761F02DB9E0496471BA901906504284701906F04520063022B479247D7
:20DB00009B0A00C9E95296477649AE1A0EA9BDA90F227649C18AE8021B11E809EB89E68BB4
:20DB10000022E700000877007700E27400807700770077007700E68C00007700E213004620
:20DB2000761F02BA924793023CA8970276491CF4761F02BA900FCD02F0FFFF87CAA896029C
:20DB3000761F02BB921860057649896252006109761F02BA1A0210009A0176498A1D6F0819
:20DB4000761F02BA1802EFFF9A0076498A1D761F02BA92065202603176495E6556BF0141C5
:20DB5000761F02BA2B42930288465C07D519761F02BB7E439744931E96459A007648C41F8E
:20DB6000761F02DB56BF01037648F500520361057648F500520460247649895652026020AD
:20DB7000761F02BA4C026C059A0176498A096F189A0076498A096F1476495E652B41761F1F
:20DB800002BA2B42930288465C07D519761F02BB7E439744931E96459A007648C41F8F0064
:20DB9000AEEC7649988576495E65764960A89246764960BCFE88E2AF04BE00063B10FF6971
:20DBA0007649C18AE801F661E84FC000E80E6669E70000087700E68C000077007700BFA931
:20DBB0000F12764960B229109A049B0DFF697649E7700006FE029A007649E72F9641404199
:20DBC0006CFB7648EEB5761F02C72B03761F02C69200520261085203610652046104520577
:20DBD000FFE0016576491CF45201691376491CF452016915761F02BBCC1D7E00FFC8903072
:20DBE00052306107CC1D7E00FFC8900E520E60077648EE1C761F02C7962D6F05761F02C7ED
:20DBF00056BF022D761F02E2CC000200FFC852016005761F02C756BF022D761F02C70E2DD0
:20DC0000761F02C688000FA6FFE100F8761F02C7922D520260227648F49652006109761F06
:20DC100002BB481D6D1176491CF45201690D761F02C6920052036103520460069A019B0919
:20DC20007649E7706F059A049B047649E770761F02C72B3CFFEF01DF5206600B9A019B017A
:20DC30007649E770761F02C72B332B3CFFEF01D352036033761F02C692005202600E764882
:20DC4000F4D9520461247648F4D9520561209A019B077649E7706F1B520461035205601358
:20DC5000761F02C71B010BB867097649A92E52016105761F02BA922A610A9A049B03764945
:20DC6000E7706F059A049B037649E770761F02C72B332B3CFFEF019F76491F8A761F02C710
:20DC70002DA935329634543C69260A3C7648839D52006106761F02C79234963C6F1C761F7B
:20DC8000026F921752016006761F02C79234963C6F12761F02C79234540266042B02963C57
:20DC90006F0A761F02C6920052026005761F02C79234963C761F02C6920052036037761FED
:20DCA00002C79200604F761F02C6923F52016006761F02C79234543C69217648F49652009B
:20DCB000611D7649C81F52016119761F02BA92266015761F0262922552016110761F02BA20
:20DCC000922B5201610B761F02C6923F5201602A761F02BD922652016025761F02C72B3C14
:20DCD0009A049B027649E7706F1D5204611B52056119761F02C79234543C66142B3C761F8A
:20DCE00002C692005202600A7648F4D95203610A9A019B087649E7706F059A049B027649FF
:20DCF000E770761F02C72B339233962E923C96309234962FFFEF010F92005202602F764828
:20DD0000711D520060277649A8E252C86723764988E152C8671F761F02C4920B601B761FDF
:20DD100002C4922B6017761F02C6423B6D13761F01FC920990015201600D761F02C70A3386
:20DD20001B332328690E2B339A019B0C7649E7706F08761F02C72B336F04761F02C72B33BB
:20DD3000761F02C72B3CFFEF00D65206FFE000D3423B6D5F761F01FC92099001520160592D
:20DD40009A007648F82F9A007648F8399A007648F8439A007648F84D9A007648F87D761F29
:20DD500002C62B342B359A00764870D37648711D520060227649A8E252C8671E764988E161
:20DD600052C8671A761F02C4920B6016761F02C4922B6012761F02C70A331B3301F4695C6D
:20DD70002B339A0076499152764961039A019B0C7649E7706F517649911F5235614D76495B
:20DD8000911F522961497649911F520E61457648F4DD52016041761F02C72B339A007649A1
:20DD90009152764961039A019B097649E7706F34761F02C6921E5201602C7648F4DD5201A7
:20DDA00060289A007649915276496103764870EB5201601B9A007648F82F9A007648F8398D
:20DDB0009A007648F8439A007648F84D9A007648F87D9A00764870E10200190176499146FB
:20DDC000761F02C62B342B359A019B097649E770761F02C72B337649C804520160387648E2
:20DDD000711D520060347649A8E252C86730764988E152C8672C761F02C4920B6028761FDB
:20DDE00002C4922B6024761F02C6423B6D207649911F5229610F7648F4DD520160189A0067
:20DDF00076499152764961039A019B0C7649E7706F0E7648F4E55201600A9A0076499152E9
:20DE0000764961039A019B0C7649E770761F02C72B3C761F02C6920052046103520560174B
:20DE1000761F02E2921F6005761F01FC4F096C095201FFE0FDA2761F01FC4E09FFEDFD9DC4
:20DE2000761F02C756BF0103FFEFFD975203602A7648F49652006119761F01FC4010FFED28
:20DE3000FD8C761F02BACC010010FFC35201FFE0FD847649AE265201FFE0FD7F761F02C707
:20DE400056BF0103FFEFFD79761F01FC921090015201FFE0FD729A019B0B7649E770FFEF9A
:20DE5000FD6C7648F4965200FFE0FD67761F01FC921090015201FFE0FD609A019B0B764918
:20DE6000E770FFEFFD5A761F02C62B009A007648F57B9A007648F5179A007648F53976480E
:20DE7000F504761F01FC1A0D80001A14000128A9FFFE7649E72F28A9FFFE7649E72F761F56
:20DE800002C6920060047648DEA66FFA520160047648E8526FF5520260047648DF1A6FF038
:20DE9000520660047648E6186FEB520460047648E3236FE6520360047648E0476FE1520786
:20DEA00060047648E81A6FDC2B006FDAFE022B417649AE4E8F0008FC0EA90FA4610628A923
:20DEB000FFFE7649E72F6FF59A007649E72F964241426C087648ED88761F02C656BF060033
:20DEC0006F5840426CF29A197648ED68964152016006761F02C656BF01006F4B761F02BAC7
:20DED000922E52016011761F01009204761F02BA722F761F01149204761F02BA7230761FC8
:20DEE00002BA56BF022E9A0D7648ED4896415200600A7648ED887648ED0C761F02C656BF98
:20DEF00006006F277648E86496415200600A7648ED887648ED0C761F02C656BF06006F19EF
:20DF000052026005761F02C62B006F137649911BBE409B0090400FA66006761F02C656BFDD
:20DF1000013C6F04761F02C62B3C56BF02006F01FE820006FE02761F02CF2B249A00764863
:20DF2000F57B9A007648F5179A007648F5399A00764945FE9A00764946089A007649461293
:20DF3000761F01FC1A0D80001A1400011A1400021A0D400076491CF45200612E761F01FC90
:20DF40004F096C2A9A00D40FD5019B647649E43828A97FFF7649E72F520061FB9A00D40F57
:20DF5000D5019B647649E43828A97FFF7649E72F520061FB9A00D40FD5019B647649E43802
:20DF600028A97FFF7649E72F520061FB761F01FC1A0D80006F05761F01FC1A0D80009A054A
:20DF70007648F7DE9A057648F7E8761F02C62B3E761F02C72B002B05761F02BA1801FFEFEB
:20DF80009A057648ED4896415200600B7648ED887648ED0C761F02C656BF0600FFEF00B655
:20DF90009A007649E72F964241426C0B7648ED887648ED0C761F02C656BF0600FFEF00A63A
:20DFA00049426C05761F02C656BF020048426C69761F02C756BF0126761F027E2B23761F00
:20DFB000027F2B00761F02C656BF043E761F02E2921F60049A047648F7DE761F02E2921F08
:20DFC000520160049A047648F7E856BF014192416006761F02C656BF06006F7752026006A7
:20DFD000761F02C656BF02006F707648EA40964152006006761F02C656BF06006F665202C6
:20DFE0006006761F02C656BF02006F5F761F02C72B2676499CE13B0185A9FF5652FA620918
:20DFF0003B10FF6976499CE1761F027E96232910FF6976499CFD3B0185A9FF5652FA6209E5
:20E000003B10FF6976499CFD761F027F96002910761F02C72B05761F02C656BF04006F3568
:20E0100047426C27761F02C656BF033E56BF01419241600456BF06006F285202600456BF14
:20E0200002006F237648ECD6964152006006761F02C656BF06006F1952026006761F02C626
:20E0300056BF02006F12761F02C656BF03006F0D4C426C06761F02C656BF07006F064042D7
:20E04000FFECFF50FFEFFF4EFE82FF690006B2BDFE042B422B43761F02C62B3F761F01FCB8
:20E05000921090015201600D761F02BA1A0100109A647649AEE528A901F47649AED16F146A
:20E06000761F02BA1801FFEF9A647649AEE528A901F47649AED176491CF4520060059A01D3
:20E070009B0A7649E770761F02CF2B24761F02C62B1B9A007648F81B9A077648F57B761FAE
:20E0800002AA930792A8761F02AAFFCE94A8FFA09601761F02AA930692A8761F02AAFFCE5E
:20E0900094A8FFA09602761F02812B1F761F02C7280001F47649C8AE9A007649E72F9641A5
:20E0A00041416C0B7648ED887648ED0C761F02C656BF0600FFEF027643416C0745416C05B1
:20E0B000761F02C62B3F2B4246416C1D7648F4C55207601976491F3D59A97649AE1E08A172
:20E0C000FED493A155A9670F761F02BA1A0100109A647649AEE528A901F47649AED19A005C
:20E0D0007648F81B4A416C5376491CF4520060167649E5609A01D40FD5019B827649E4382E
:20E0E00028A97FFF7649E72F520061FB7649E56D761F01FC1A1200016F3A761F01FC4010F3
:20E0F0006D36761F02BACC010010FFC35201602F7649AE265201602B761F02529234520524
:20E1000060127649E5609A01D40FD5019B827649E43828A97FFF7649E72F520061FB7649AC
:20E11000E56D6F117649E5609A01D40FD5019B027649E43828A97FFF7649E72F520061FB7B
:20E120007649E56D761F01FC1A1200014B416C1F7649E5609A02D40FD5019B3C7649E438ED
:20E1300028A97FFF7649E72F520061FB7649E56D761F01FC1A1400017648F496520060072A
:20E14000761F02C656BF0200FFEF01DC4841FFEC009F3B10761F02C656BF011B2910FF69F3
:20E150007649E560761F025292345205610576491CF4520060439A01D40FD5019B057649C8
:20E16000E43828A97FFF7649E72F520061FB761F02E2921F600E761F01FC1A0B8000764923
:20E1700089565201600C761F01FC1A0D40006F07761F01FC1A0B40001A0D80009A00D40F67
:20E18000D5019B967649E43828A97FFF7649E72F520061FB9A00D40FD5019B967649E4386C
:20E1900028A97FFF7649E72F520061FB9A007648F57B9A007648F5176F429A01D40FD5016C
:20E1A0009B057649E43828A97FFF7649E72F520061FB761F02E2921F600E761F01FC1A0BC3
:20E1B0008000764989565201600C761F01FC1A0D40006F07761F01FC1A0B40001A0D800065
:20E1C0009A00D40FD5019B967649E43828A97FFF7649E72F520061FB9A00D40FD5019B968A
:20E1D0007649E43828A97FFF7649E72F520061FB9A007648F57B9A007648F5177649E56D45
:20E1E000761F02C656BF0400FFEF013C49416C1B7649E5609A02D40FD5019B007649E4389E
:20E1F00028A97FFF7649E72F520061FB7649E56D761F01FC1A140001761F02C656BF0200F7
:20E20000FFEF01204041FFECFE99761F02C69201520261187649C7EC2DA9020A1EA6761F82
:20E21000025237350200F61F561700A69AC894AB59A97649E0E093A155A968049A027648EA
:20E22000F517761F02C7920061020B007649A92E520061057649892152006022761F01FC57
:20E23000921090015201601C7649AE2652016018761F02BA922A6014924252FA67030A4217
:20E240006F13761F02BA920652026006761F02C656BF013F6F09761F02C62B3F6F052B42C7
:20E25000761F02C62B3F761F02BA44016D087648F4CD520061049A017648F81B7648F4A9DF
:20E26000520160150A43924352FA69129A22764991529A01764968097648ED887648ED0CDA
:20E27000761F02C656BF0600FFEF00AC2B43761F02AA9207761F02AA54016008761F02AAF5
:20E280009206761F02AA540261253B10761F02AA9207761F02AA9601761F02AA9206761F5E
:20E2900002AA96022910761F0244920052066009761F02AA9207761F02AA9C0396016F0AF9
:20E2A00052056008761F02AA9207761F02AA9C079601FF697649244D5200613276491CF4FE
:20E2B0005200602E764980471EA602640FA66915761F02C72B240201761F02C85601000A1B
:20E2C0008F015F90A8A90F0A672202001E0A761F02C756BF01256F1B764980471EA602C86B
:20E2D0000FA667150200761F02C81E0A761F02C70A249224520A680B2B242B256F0802004B
:20E2E000761F02C81E0A761F02C72B25761F02C792255201FFE0FDB20A2392235232690222
:20E2F0002B239223520A67177648F4C55207FFE1FDA59A02D40FD5019B057649E43828A93E
:20E300007FFF7649E72F520061FB9A077648F57BFFEFFD947648F4C55200FFE1FD8F9A02DD
:20E31000D40FD5019B007649E43828A97FFF7649E72F520061FB9A007648F57BFFEFFD7EBB
:20E32000FE848BBE0006FE062B44761F024592199645761F02C62B15761F02E2921F60040C
:20E330009A047648F7DE761F02E2921F520160049A047648F7E89A007648F57B761F02CF52
:20E3400056BF0124761F02C656BF011F2B202B32761F02BA1A010010761F02C72B01761FAE
:20E3500002C62B33761F01FC1A0B00029A007649E72F964341436C0D7648ED881843FFFDFF
:20E360007648ED0C761F02C656BF0600FFEF02B07649911B2BAB28AA2000900018A820002B
:20E370000FAB60037648EFA64B436C1D7649E5609A01D40FD5019B327649E43828A97FFFB7
:20E380007649E72F520061FB7649E56D761F01FC1A0D80007649895652016005761F01FCC8
:20E390001A0D40004A436C6C761F02E2921F6005761F01FC4F096C0752016062761F01FC0E
:20E3A0004E096D5E7649AE265201605A761F025292345205610576491CF45200601E7649D1
:20E3B000E560761F02529234521C60089A01D40FD5019B377649E4386F079A01D40FD501B8
:20E3C0009B787649E43828A97FFF7649E72F520061FB7649E56D6F1D7649E560761F0252F3
:20E3D0009234521C60089A01D40FD5019B377649E4386F079A01D40FD5019B787649E438D8
:20E3E00028A97FFF7649E72F520061FB7649E56D761F02E2921F600E761F01FC1A0B80006B
:20E3F000764989565201600C761F01FC1A0D40006F07761F01FC1A0B40001A0D800043431D
:20E400006D0745436D05761F02E29221615E43436C0345436D11761F02E2921F6003434395
:20E410006D0B5201600345436D075201604E761F02E29221614A43436C0845436C06761F61
:20E4200002C756BF01356F1F761F02E2921F600843436C06761F02C756BF02356F14520130
:20E43000600845436C06761F02C756BF03356F0B52016009761F02E292216105761F02C799
:20E4400056BF04357648F4C5520061079A007648F57B761F02C62B3276491CF45200611326
:20E4500076491CF45201690A761F02BB481D6D069A049B047649E7706F089A049B03764928
:20E46000E7706F031A4300804743FFEC00C69A057648F7DE9A057648F7E89A007648F57B85
:20E470009A007648F517761F02C6CC3B0004FFC15201FFE000AE56BF01157649E560764932
:20E480001CF4520061477649895652016005761F01FC1A0D4000761F01FC1A0D80009A0050
:20E49000D40FD5019B3C7649E43828A97FFF7649E72F520061FB761F0281923A761F028133
:20E4A0009CEC54346409761F02819239761F02819CEC54346410761F02819A03D40FD501F2
:20E4B00093397649E43828A97FFF7649E72F520061FB6F41761F02819A03D40FD501933AE8
:20E4C0007649E43828A97FFF7649E72F520061FB6F327649895652016005761F01FC1A0DDF
:20E4D0004000761F01FC1A0D8000761F02E2921F60097649A969520060127649A96452006D
:20E4E000600E761F02E2921F5201601576498944520060057649893F5200610D9A00D40FB5
:20E4F000D5019B327649E43828A97FFF7649E72F520061FB7649E56D9A017648F7D47649C8
:20E500001F3D2DA9BE0A3B0135B5C242FF4100C9E8DB7648F8577648F4D176499C907648D2
:20E51000F4D17649AE987648F4D17649AEA2761F014102001E061E04761F0281922E610235
:20E520002B2E761F02C656BF0300FFEF00F156BF0200FFEF00ED44436D034E436C6076482A
:20E53000F48E52056105761F02E2921F610A7648F49252056154761F02E2921F5201604F7B
:20E540007648F4C55200604B761F02C6921F52016046761F02C71A360004761F02E2921F64
:20E550006008761F01FCCC098000FFCE5201610D761F02E2921F5201602F761F01FCCC095B
:20E560004000FFCD52016028761F02E2921F5201610752006009761F0245921961059A028B
:20E570007648F57B6F1C7648F496520061059A097648F57B6F1476491E9752006109761FB9
:20E5800002E2921F60059A097648F57B6F089A007648F57B6F049A007648F57B49436C0737
:20E59000761F02C656BF0200FFEF00824043FFECFDBF761F02C71B01753067020A018845FD
:20E5A000761F02450E190FA661097648F4C5520061059A007648F57B2B44761F024592194C
:20E5B0009645924461097649A92E5201602A764989215201602656BF0144761F02C62B3267
:20E5C0002B207648F4C5520060057648F4C1520061079A007648F57B9A007648F5177649AA
:20E5D000A92E5201603E764989215201613A761F02C6283201F3761F02C71A3600016F3112
:20E5E000761F02C61B3201F467030A326F2A56BF012092025202612552096123761F0281A2
:20E5F000922A601F761F02C6921F5201601A921552016117761F0281922852016012761F57
:20E6000002E2921F60059A057648F57B6F0A520160089A067648F57B761F02C71A36000281
:20E61000761F02C656BF011FFFEFFD42FE860006FE042B422B43761F02CF2B24761F02C6B2
:20E620002B1E9A007648F57B9A007648F5179A007648F5399A00764945FE9A00764946089C
:20E630009A0076494612761F01FC1A1400011A14000276491CF45200611A761F01FC4F09A2
:20E640006D034E096C149A02D40FD5019B3C7649E43828A97FFF7649E72F520061FB761F05
:20E6500001FC1A0D80001A0D40006F07761F01FC1A0D80001A0D40007649911F5230600830
:20E660007648F4B193A99A0194A87648F82F7649911F522660087648F4B993A99A0194A872
:20E670007648F8437649911F521E60087648F4BD93A99A0194A87648F84D7649911F5229DB
:20E68000600E7648F4B593A99A0194A87648F839761F02C88F000BB8A8086F137649911F51
:20E690005225600A761F02C60A358F000BB8761F02C8A8086F068F0005DC761F02C8A80898
:20E6A000761F02C72B029A007649E72F964141416C0A1841FFFD7649911F52306004764928
:20E6B000911F964343416C0B45416C091841FFF7761F01FC1A1400011A0D800049416C1FFF
:20E6C0007648F4F05205671B761F02C8060860177648F4F093A99A0194A87648F87D761F5E
:20E6D00002C802001E08761F02C656BF02009A007649915276496103FFEF013C4C416C0B36
:20E6E0000200761F02C81E08761F02C656BF0700FFEF013040416CB8761F02C80608610484
:20E6F000020156410008924360057649911F96436F127649911F88430EA90FA6610B92427F
:20E7000052C867030A426F072B429243764991526F022B4292435230601A76491FAB520144
:20E71000600E7648F4B15203660A761F02C656BF011E761F02C72B02FFEF00EA761F02C602
:20E720002B1E761F02C72B02FFEF00E25229601B761F02C72B0276491FB65201600F7648A0
:20E73000F4B55203660B7649532552006007761F02C656BF011EFFEF00CB761F02C62B1E7A
:20E74000FFEF00C6522F6017761F02C72B0276491FB65201600B7649532552006007761FAB
:20E7500002C656BF011EFFEF00B3761F02C62B1EFFEF00AE52596017761F02C72B0276495E
:20E760001FB65201600B7649537852006007761F02C656BF011EFFEF009B761F02C62B1E03
:20E77000FFEF009652046015761F02C72B027649911BBE409B0090400FA66107761F02C661
:20E7800056BF011EFFEF0084761F02C62B1E6F7F520E6011761F02C72B027649C82E5200DC
:20E790006006761F02C656BF011E6F71761F02C62B1E6F6D522D6011761F02C72B027649D6
:20E7A00052EF52006006761F02C656BF011E6F5F761F02C62B1E6F5B5224600E761F02C74F
:20E7B0002B02761F02C692345203670456BF011E6F4E2B1E6F4C5225600B761F02C692353E
:20E7C0005203670456BF011E6F422B1E6F405226600E7648F4B952036706761F02C656BF17
:20E7D000011E6F35761F02C62B1E6F31521E600E7648F4BD52036706761F02C656BF011E80
:20E7E0006F26761F02C62B1E6F22521D600E7649E0E852006006761F02C656BF011E6F171A
:20E7F000761F02C62B1E6F13521F600E7649E0ED52006006761F02C656BF011E6F08761F21
:20E8000002C62B1E6F04761F02C72B027648F4F052056804761F02C62B1E764870EB520073
:20E81000FFE1FE93761F02C656BF011EFFEFFE8DFE840006FE02761F02CF2B249A007648D8
:20E82000F57B9A007648F5179A007648F51B9A007648F5397648ED0C761F01FC1A0D800026
:20E830001A0D40001A1400011A1400023B101A0C02001A05080028A905DCFF69764933DC80
:20E84000761F01FC1A0320009A007649E72F964140416CFB761F02C70A3D1B3D03E869F575
:20E850002B3D6FF3FE029A007649E72F964140416CFB7648EFBF520160F7761F02C656BF28
:20E8600007006F01FE820006FE0A2B422B442B452B462B472B482B493B10761F027F2B35BC
:20E87000761F027F2B37761F027F2B36761F027F2B38761F027E2B36761F027E2B14761FC1
:20E88000027D2B3E761F027E2B0729109A00FF697649E72F964142416C189245761F027F6E
:20E8900096359247761F027F96369246761F027F96379248761F027F96389249761F027E79
:20E8A00096369A02FFEF019A40416CE17648F48E520461057648F4925204600456BF054342
:20E8B0006F0356BF194392420A42544369D076499C9B3B0185A9FF5652FA65073B10761F28
:20E8C00002802B0229106F093B10FF6976499C9B761F028096022910FF6976499CB73B0191
:20E8D00085A9FF5652FA65073B10761F027F2B0A29106F093B10FF6976499CB7761F027FCB
:20E8E000960A2910FF6976499CE13B0185A9FF5652FA65073B10761F027E2B2329106F09C5
:20E8F0003B10FF6976499CE1761F027E96232910FF6976499CFD3B0185A9FF5652FA6507DB
:20E900003B10761F027F2B0029106F093B10FF6976499CFD761F027F96002910FF697649A3
:20E910009D193B0185A9FF5652C8650F1A4400019A50764991529A0176496A253B10761F30
:20E92000027F2B2029106F0F184400FE3B10FF6976499D19761F027F96202910FF699A00CB
:20E9300076496A25FF6976499D273B0185A9FF5652C865101A4400029A50764991523B1009
:20E94000761F027F2B2829109A01FF6976496A256F13184400FD3B10FF6976499D27761F1E
:20E95000027F96282910FF69764964B6520060049A0076496A2576499CA93B0185A9FF568D
:20E9600052FA650F1A4400049A4F764991529A0176496A193B10761F027F2B3729106F0E94
:20E97000184400FB3B109A00FF6976496A1976499CA9761F027F96372910FF6976499CEFCF
:20E980003B0185A9FF5652FA650F1A4400089A51764991529A0176496A323B10761F027FAE
:20E990002B3829106F0E184400F73B109A00FF6976496A3276499CEF761F027F96382910EC
:20E9A000FF6976499D0B3B0185A9FF5652FA650F1A4400109A52764991529A0176496A3D0C
:20E9B0003B10761F027E2B3629106F0E184400EF3B109A00FF6976496A3D76499D0B761FD6
:20E9C000027E96362910FF6976499D353B0185A9FF5652C865101A4400203B10761F027E8D
:20E9D0002B1429109A4EFF69764991529A0176496A0D6F0E184400DF9A0076496A0D3B1019
:20E9E000FF6976499D35761F027E96142910FF6976499D433B0185A9FF561BA901F4651032
:20E9F0001A4400403B10761F027D2B3E29109A53FF69764991529A0176496A496F0F18448A
:20EA000000BF3B10FF6976499D43761F027D963E2910FF699A0076496A4976499D513B0167
:20EA100085A9FF561BA901F465101A4400803B10761F027E2B0729109A53FF697649915295
:20EA20009A0176496A496F131844007F3B10FF6976499D51761F027E96072910FF697649FA
:20EA300064C7520060049A0076496A49924461039A006F039A016F01FE8A00069A01000659
:20EA4000FE042B422B432B44761F02C72B28920460119A007648F7D428A908D67648F857D3
:20EA50009A0076499C909A007649AE989A077648F57B9A007649E72F964141416C067648BB
:20EA6000ED0C9A00FFEF00B643416C0645416C049A02FFEF00AF49416C049A02FFEF00AA0C
:20EA700040416CE87648F457761F02C7922861E27648F4CD5201611F0A441B4403E8671BE1
:20EA8000761F02C7920560177649C8E7761F026F540D6611761F02C79204600D2B43764930
:20EA90001F3D9B0A00C9E9529B057649544C7648F7D46FC01B4403E867077649C8E7761FEF
:20EAA000026F540D690E0A431B430001690A2B432B44761F02C756BF01049A007648F57BD1
:20EAB0007649AE26520160A60A4292425203605C9A00D40FD5019B647649E43828A97FFFAD
:20EAC0007649E72F520061FB9A00D40FD5019B647649E43828A97FFF7649E72F520061FBB4
:20EAD000761F025292345205610576491CF45200600E9A01D40FD5019B507649E43828A940
:20EAE0007FFF7649E72F520061FB6F1F761F028193359A03D40FD5019DF17649E43828A917
:20EAF0007FFF7649E72F520061FB9A007648F57B9A01D40FD5019B027649E43828A97FFF22
:20EB00007649E72F520061FB9A007648F57B2B442B43761F02C756BF0105761F01FC1A1296
:20EB10000001FFEFFF485235FFE8FF459A016F01FE840006761F02C692005201FFE101B790
:20EB20005200601E9A007648F539761F02C72B17281903E856BF051B56BF321D281F012CA6
:20EB3000282101F42B18281A03E856BF051C56BF321E2820012C282201F4FFEF0198761FAC
:20EB400002B2CC0007FF6106761F02B2CC0107FF6034761F02C692005206612F7648712BE7
:20EB50005200612B7648F4C95201614B9A017648F5397622761F01161A170004761A762225
:20EB60001A170004761A761F02C72B17281903E856BF051B56BF321D281F012C282101F4B9
:20EB70002B18281A03E856BF051C56BF321E2820012C282201F46F259A007648F5399A0012
:20EB8000764946127649385C76493871761F02C72B17281903E856BF051B56BF321D281FF7
:20EB9000012C282101F42B18281A03E856BF051C56BF321E2820012C282201F4FFEF013715
:20EBA000761F02B2CC0007FF600B761F02C6920052066106FF697648F4C9520161159A00DB
:20EBB000FF69764945FE7649385C761F02C72B17281903E856BF051B56BF321D281F012CAF
:20EBC000282101F46F7A761F02C79217602B921B61030B1B6F14764945E652026005761F8A
:20EBD00002C756BF0117764945E652016108764945E6520261049A01764945FE761F02C7EB
:20EBE0000B19605B9A20764991529A01764967F19A007648F539761F02C7281903E8FFEF2A
:20EBF00000E652016027764945EE5201600A761F02C7921D61030B1D6F0B56BF02176F08DE
:20EC0000764945EE520060049A0176494612761F02C70B2160329A18764991529A017649D0
:20EC100067919A007648F539761F02C7282101F46F24520260227649911F5220610576495B
:20EC2000911F521860049A00764991529A00764967919A00764967F1761F02C7921F6103A5
:20EC30000B1F6F0B56BF03179218520361049A017649463A7649378A761F02B2CC0107FF17
:20EC4000600A761F02C69200520661057648F4C9520161149A007649460876493871761FB6
:20EC500002C72B18281A05DC56BF051C56BF321E2820012C282201F46F79761F02C7921836
:20EC6000602A921C61030B1C6F14764945EA52026005761F02C756BF0118764945EA5201DA
:20EC70006108764945EA520261049A0176494608761F02C70B1A605A9A20764991529A0198
:20EC8000764967F19A007648F539761F02C7281A03E86F4C52016027764945EE5201600A08
:20EC9000761F02C7921E61030B1E6F0B56BF02186F08764945EE520060049A01764946124F
:20ECA000761F02C70B2260329A18764991529A007648F5399A0176496791761F02C7282263
:20ECB00001F46F24520260227649911F522061057649911F521860049A00764991529A008C
:20ECC000764967919A00764967F1761F02C7922061030B206F0B56BF031892175203610420
:20ECD0009A017649463A764937BD0006FE022B429A007649E72F964141416C057648ED0C34
:20ECE0009A006F2948416C039A026F2549416C039A026F2140416CED76491CF45200601921
:20ECF0007649AE1E1BA905DC67080A429242520568E02B429A016F0F2B429A237649915254
:20ED00009A01764968159A019B017649E7706FD19A016F01FE8200063B10761F010156BF07
:20ED10000509761F010556BF0509761F010956BF0509761F010D56BF0509761F01012800D0
:20ED2000055528020555761F0100180CFFFC761F01052800055528020555761F0104180CE1
:20ED3000FFFC761F01092800055528020555761F0108180CFFFC761F010D28000555280217
:20ED40000555761F010C180CFFFC2910FF690006FE0496412B432D41353296449A007649A2
:20ED5000E72F964241426C0B7648ED887648ED0C761F02C656BF06009A006F0940426CEF6A
:20ED60000A439244544366EB9A016F01FE840006FE04964196432B44520061189A007649B0
:20ED7000E72F964240426C10761F01FC4F016D0A0A4492410A44FFC09C01544466049A01D6
:20ED80006F062B440B43924360EA9A00FE8400067649911BBE409B0090400FA6616A9A0111
:20ED900076491C547649911F76491C5F7649805F76491C6A7649E0E076491C767649C7EC66
:20EDA00076491C817649A8E676491C8C7649A8FA76491C977649AE1A76491CA27649AE32CD
:20EDB00076491CAD7649AE7E76491CB87649531576491CCF7649531976491CC39A807648CB
:20EDC000F86B761F01FCCC098000FFCE520160059A087648F8616F049A087648F86B761FE0
:20EDD00001FC92109001520160059A047648F8616F049A047648F86B761F02C69200520310
:20EDE00060059A207648F8616F049A207648F86B761F02C69200520460059A407648F861F4
:20EDF0006F049A407648F86B9A069B067649E77000067648711D52006114761F02C6920036
:20EE00005206610F5200610D5207610B7649911B2BAB28AA2000900018A820000FAB6005E3
:20EE10009A00764871216F08761F02C7923161049A01764871210006FE0276491CF45201E8
:20EE2000690E761F02BB481D6C087648F4965200610456BF01416F0B2B416F097648F49634
:20EE30005201600456BF01416F022B419241601B76491F9552006112761F02C70A3E923EDB
:20EE40005264690A56BF643E761F02C658088F0A3C5892946F699A026F67761F02C72B3EB1
:20EE50009A026F62761F02C756BF643E76491F5E5201601D761F02C756BF0329761F02C618
:20EE60009206761F02C7962A88370E2A0FA6610692385264600392299638922A9637761F3F
:20EE700002C658068F0A3C0992946F3E76491F5E5200601F761F02C756BF0529922A6007DA
:20EE8000761F02C69207761F02C7962A88370E2A0FA6610692385264600392299638922A23
:20EE90009637761F02C658078F0A3C5492946F1C761F02C756BF0629761F02C69206761FD3
:20EEA00002C7962A88370E2A0FA6610692385264600392299638922A9637761F02C6580606
:20EEB0008F0A3BE99294FE820006761F02E2921F60057649A93A5201610E761F02E2921FBC
:20EEC000520160057649892152016105761F02BA922A6124761F02C61A0900011A08000122
:20EED0001A0600011A0700017649A92E52016005761F02C71A2C00017649892152016005CB
:20EEE000761F02C71A2C0002761F02BA922A6110761F02C71A2C00046F0B761F02C618094E
:20EEF000FFFE1808FFFE1806FFFE1807FFFE7649C81F5201611F761F026F92175201611ABB
:20EF0000761F02BA922660167649911BBE409B0090400FA6610F761F02B9442C6D0B764982
:20EF1000911B2BAB28AA2000900018A820000FAB603B761F02C61A0600021A070002761F71
:20EF200002C72B2B7649C81F52016006761F02C71A2B00016F2F761F026F921752016006A9
:20EF3000761F02C71A2B00026F25761F02BA92266106761F02C71A2B00046F1C7649911B7B
:20EF4000BE409B0090400FA66006761F02C71A2B00086F10761F02B9442C6C0C761F02C76D
:20EF50001A2B00106F07761F02C61806FFFD1807FFFD761F02BA92276005761F02BD9223CC
:20EF60006106761F02C61A0600046F05761F02C61806FFFB761F02E2920D52016006761F5A
:20EF700002C61809FFFD6F1476491D8352036006761F02C61A0900026F0B7648711D761F22
:20EF800002C69001CD09FFFDFF80CAA89609CD06FFF7761F02BA92399001761F02C6FF8262
:20EF9000CAA89606761F0262922552016106761F02BA922B52016006761F02C61A06001095
:20EFA0006F05761F02C61806FFEF0006761F02C69200520460112B322B207648F4C5520047
:20EFB00060057648F4C1520061079A007648F57B9A007648F51700069A0100060006B2BD67
:20EFC000FE02761F02C71B3F02EE67030A3F6F0356BF8C3F0E3FBE32761F02C8F60F1FA61E
:20EFD0009600761F02C79B32923F00C9E9BC761F02C8960192026015761F02BD2B1B761FF3
:20EFE00002BD2B1C761F02BD2B1D761F02BE2B17761F02BE2B18761F02BE2B19FFEF00C0F9
:20EFF0005201601B761F02BD56BF051B761F02BD56BF051C761F02BD56BF051D761F02BE40
:20F0000056BF0517761F02BE56BF0518761F02BE56BF0519FFEF00A45202601B761F02BDFB
:20F0100056BF0A1B761F02BD56BF0A1C761F02BD56BF0A1D761F02BE56BF0A17761F02BEA7
:20F0200056BF0A18761F02BE56BF0A19FFEF00885203601A761F02BD56BF141B761F02BDDB
:20F0300056BF141C761F02BD56BF141D761F02BE56BF1417761F02BE56BF1418761F02BE61
:20F0400056BF14196F6C5204601A761F02BD56BF281B761F02BD56BF281C761F02BD56BF01
:20F05000281D761F02BE56BF2817761F02BE56BF2818761F02BE56BF28196F515205601ACC
:20F06000761F02BD56BF3C1B761F02BD56BF3C1C761F02BD56BF3C1D761F02BE56BF3C1790
:20F07000761F02BE56BF3C18761F02BE56BF3C196F365206601A761F02BD56BF501B761F23
:20F0800002BD56BF501C761F02BD56BF501D761F02BE56BF5017761F02BE56BF5018761F22
:20F0900002BE56BF50196F1B52076019761F02BD56BF641B761F02BD56BF641C761F02BDA1
:20F0A00056BF641D761F02BE56BF6417761F02BE56BF6418761F02BE56BF6419761F02C8A9
:20F0B0009200520E60059201520A60020A029202520769022B0292005203FFE800AC520F2C
:20F0C000FFE700A95203600D9201520A600A761F01FC1A0B80001A1308001A1310006F0B63
:20F0D000920052046008920152236005761F01FC1A0D8000761F02C89200520560099201E6
:20F0E000520A6006761F01FC1A0B40006F0B920052066008920152236005761F01FC1A0D65
:20F0F0004000761F02C89200520760099201520A6006761F01FC1A1200016F0B9200520893
:20F100006008920152236005761F01FC1A140001761F02C892005209600D9201520A600A47
:20F11000761F01FC1A1200021A1508001A1510006F0B9200520A6008920152236005761FD7
:20F1200001FC1A140002761F02C89200520B60099201520A6006761F01FC1A0510006F0B5B
:20F130009200520C6008920152236005761F01FC1A031000761F02C89200520D60099201EF
:20F14000520A6006761F01FC1A0C01006F0B9200520E6008920152236005761F01FC1A0A3D
:20F150000100761F02C89200520D60099201520A6006761F01FC1A0A02006F1A9200520E5D
:20F160006017920152236014761F01FC1A0C02006F0F761F01FC1A0D80001A0D40001A1496
:20F1700000011A1400021A0310001A0A01002B4158418F00AFF4929460287649C8002DA9BA
:20F1800035648BA97649C7EC93A155A9660B7649C8002DA9358C8BA97649C7EC93A155A997
:20F1900067398F009F35A8A90D418AA90AC492C45219683058418F009F352B9458418F0080
:20F1A000AFF456BF50946F267649C8002DA935648BA97649C7EC93A155A9671C7649C80046
:20F1B0002DA9358C8BA97649C7EC93A155A969128F009F35A8A90D418AA90AC492C4521991
:20F1C000680958418F009F352B9458418F00AFF42B9456BF014158418F00AFF49294601CB5
:20F1D00076499A525200640576499A5252C8652D8F009F35A8A90D418AA90AC492C452199E
:20F1E000682458418F009F352B9458418F00AFF456BF51946F1A76499A5252006416764944
:20F1F0009A5252C863128F009F35A8A90D418AA90AC492C45219680958418F009F352B9494
:20F2000058418F00AFF42B9456BF024158418F00AFF49294601B764998D43B0185A9FF56B6
:20F210005264652C8F009F35A8A90D418AA90AC492C45219682358418F009F352B945841F4
:20F220008F00AFF456BF52946F19764998D43B0185A9FF56526463128F009F35A8A90D4102
:20F230008AA90AC492C45219680958418F009F352B9458418F00AFF42B9456BF0341584154
:20F240008F00AFF49294601B764999123B0185A9FF565264652C8F009F35A8A90D418AA936
:20F250000AC492C45219682358418F009F352B9458418F00AFF456BF53946F197649991210
:20F260003B0185A9FF56526463128F009F35A8A90D418AA90AC492C45219680958418F0047
:20F270009F352B9458418F00AFF42B9456BF044158418F00AFF49294601C76499A165200D9
:20F28000640576499A1652C8652D8F009F35A8A90D418AA90AC492C45219682458418F0072
:20F290009F352B9458418F00AFF456BF54946F1A76499A165200641676499A1652C8631241
:20F2A0008F009F35A8A90D418AA90AC492C45219680958418F009F352B9458418F00AFF493
:20F2B0002B9456BF054158418F00AFF4929460187649A8FA52C869298F009F35A8A90D41AC
:20F2C0008AA90AC492C45219682058418F009F352B9458418F00AFF456BF55946F1676491C
:20F2D000A8FA52C867128F009F35A8A90D418AA90AC492C45219680958418F009F352B94F9
:20F2E00058418F00AFF42B9456BF064158418F00AFF49294601C7649531952006505764915
:20F2F0005319522D652D8F009F35A8A90D418AA90AC492C45219682458418F009F352B9476
:20F3000058418F00AFF456BF56946F1A764953195200651676495319522D62128F009F3521
:20F31000A8A90D418AA90AC492C45219680958418F009F352B9458418F00AFF42B9456BFB1
:20F32000074158418F00AFF49294601C764953155200650576495315522D652D8F009F359A
:20F33000A8A90D418AA90AC492C45219682458418F009F352B9458418F00AFF456BF57944A
:20F340006F1A764953155200651676495315522D62128F009F35A8A90D418AA90AC492C4BD
:20F350005219680958418F009F352B9458418F00AFF42B9456BF084158418F00AFF492942D
:20F3600060187649911B4DA96C298F009F35A8A90D418AA90AC492C45219682058418F00AB
:20F370009F352B9458418F00AFF456BF58946F167649911B4DA96D128F009F35A8A90D41B7
:20F380008AA90AC492C45219680958418F009F352B9458418F00AFF42B9456BF09415841FD
:20F390008F00AFF4929460187649911F525560298F009F35A8A90D418AA90AC492C452192A
:20F3A000682058418F009F352B9458418F00AFF456BF59946F167649911F525561128F00A0
:20F3B0009F35A8A90D418AA90AC492C45219680958418F009F352B9458418F00AFF42B9452
:20F3C00056BF0A4158418F00AFF49294601D7649911F5200612E7649911F5255612A8F00DF
:20F3D0009F35A8A90D418AA90AC492C45219682158418F009F352B947649911F58418F000D
:20F3E000AFF496946F167649911F520060128F009F35A8A90D418AA90AC492C45219680953
:20F3F00058418F009F352B9458418F00AFF42B947648F4C5520861049A087648F57B7648F4
:20F40000F4C9520261049A027648F5399A00FE828BBE0006761F01FC41106D14764980578B
:20F410005228690A761F02C80A0461202B049A017648F8846F1B761F02C8920461170B04F7
:20F420006F15764980575219670C761F02C80A051B0501F4690B2B059A007648F8846F0664
:20F43000761F02C8920561020B057648F500520461097648F5005203600876491CF452004F
:20F440006104761F02C82B050006FE029641761F02C656BF0C059A007649E72F9642761F7C
:20F4500002C656030141540567F7FE8200067649C7EC761F027D2DA929013600761F02C7E2
:20F46000FF47963B7649A8E628AC016A2901761F02C730A9FF479639764988E528AC016A08
:20F470002901761F02C730A9FF47963A28AC00363039FF45543B6711303AFF45543B670D96
:20F48000761F02C80A069206520A69082B06761F02C756BF01286F022B280006761F02C6A4
:20F49000920D0006761F02C6920E0006FE02761F02C6CC3B0004FFC15201600456BF01417E
:20F4A0006F022B419241FE820006761F02C692100006761F02C692110006761F02C6921309
:20F4B0000006761F02C692040006761F02C692190006761F02C692160006761F02C692181D
:20F4C0000006761F02C692010006761F02C692020006761F02C692030006761F02C6921A38
:20F4D0000006761F02C692140006761F02C692210006761F02C6923D0006761F02C8060858
:20F4E00060039A016F029A0000068F0159B4761F02C8A8A90F0868039A016F029A00000682
:20F4F000761F02C692360006761F02C792290006761F02C7922C0006761F02C79216000684
:20F50000761F02C6920000063B10761F0111282B053E2B00CC00FF3F50809600CC00FFCF39
:20F51000501096001809FFFC2910FF690006FE029641FE820006FE0296413B10761F02C646
:20F52000960B5200600C761F0129CC09FFF350049609761F012D56BF05096F08761F0129D7
:20F530001809FFF3761F012D2B092910FE82FF690006FE0296413B10761F02C69603520020
:20F540006020761F011556BF0509761F011D56BF0509761F012156BF0509761F01152B2BAC
:20F550002B2D9A00FF69764945FE9A00764946089A0076494612761F02C72B172B186F187D
:20F560005202600B761F01152B09761F011D2B09761F01212B096F0C761F01152B09761F2C
:20F57000011D56BF0509761F012156BF05092910FE82FF690006FE0296413B10761F02C6BA
:20F580009602520061055205610352066061761F02C72B27761F010556BF0509761F010142
:20F5900056BF0509761F010D56BF0509761F010956BF0509761F0101280005552802055513
:20F5A000761F0100180CFFFC761F01052800055528020555761F0104180CFFFC761F0101A5
:20F5B000282BFFFF282DFFFF761F0105282BFFFF282DFFFF761F01092800055528020555B3
:20F5C000761F0108180CFFFC761F010D2800055528020555761F010C180CFFFC761F010965
:20F5D000282BFFFF282DFFFF761F010D282BFFFF282DFFFF761F02AA56BF0236761F02AA61
:20F5E00056BF0237FF6976495672FFEF01EB5202FFE0008FFF6976495672761F02C756BFD0
:20F5F0000127761F010128000555761F010528000555761F0101282BFFFF761F0105282BC7
:20F60000FFFF761F0101282DFFFF761F0105282DFFFF761F01012B02CC02FCFF1AA90200C2
:20F610009602CC02F3FF1AA904009602761F0100180CFFFC761F01052B02CC02FCFF1AA91A
:20F6200002009602CC02F3FF1AA904009602761F0104180CFFFC761F010928000555761FA2
:20F63000010D28000555761F0109282BFFFF761F010D282BFFFF761F0109282DFFFF761FBF
:20F64000010D282DFFFF761F01092B02CC02FCFF1AA901009602CC02F3FF1AA90800960235
:20F65000761F0108180CFFFC761F010D2B02CC02FCFF1AA901009602CC02F3FF1AA908005D
:20F660009602761F010C180CFFFC761F010556BF0109761F010156BF0109761F010D56BF09
:20F670000109761F010956BF0109FFEF015B52096071FF6976495672761F02C456BF0126B6
:20F68000761F02C72B27761F01012B00CC00FFCF50109600CC00FF3F508096002B02CC02FD
:20F69000FCFF1AA901009602CC02F3FF1AA908009602CC07FF3F50409607761F01052B00DC
:20F6A000CC00FFCF50209600CC00FF3F504096002B02CC02FCFF1AA902009602CC02F3FF67
:20F6B0001AA9040096021807FF3F761F01092B00CC00FFCF50209600CC00FF3F50409600E4
:20F6C0002B02CC02FCFF1AA902009602CC02F3FF1AA9040096021807FF3F761F010D2B008D
:20F6D000CC00FFCF50109600CC00FF3F508096002B02CC02FCFF1AA901009602CC02F3FF08
:20F6E0001AA908009602CC07FF3F50409607FFEF00E95208606CFF6976495672761F02C71F
:20F6F0002B27761F01012B00CC00FFCF50109600CC00FF3F508096002B02CC02FCFF1AA92D
:20F7000001009602CC02F3FF1AA908009602CC07FF3F50409607761F01052B00CC00FFCF8F
:20F7100050209600CC00FF3F504096002B02CC02FCFF1AA902009602CC02F3FF1AA90400C9
:20F7200096021807FF3F761F01092B00CC00FFCF50209600CC00FF3F504096002B02CC023F
:20F73000FCFF1AA902009602CC02F3FF1AA9040096021807FF3F761F010D2B00CC00FFCF7D
:20F7400050109600CC00FF3F508096002B02CC02FCFF1AA901009602CC02F3FF1AA9080066
:20F750009602CC07FF3F504096076F7BFF6976495672761F02C72B27761F01012B00CC00AC
:20F76000FFCF50109600CC00FF3F508096002B02CC02FCFF1AA901009602CC02F3FF1AA980
:20F7700008009602CC07FF3F50409607761F01052B00CC00FFCF50209600CC00FF3F50409B
:20F7800096002B02CC02FCFF1AA902009602CC02F3FF1AA9040096021807FF3F761F010965
:20F790002B00CC00FFCF50209600CC00FF3F504096002B02CC02FCFF1AA902009602CC023D
:20F7A000F3FF1AA9040096021807FF3F761F010D2B00CC00FFCF50109600CC00FF3F508063
:20F7B00096002B02CC02FCFF1AA901009602CC02F3FF1AA908009602CC07FF3F50409607F0
:20F7C000761F01021A170004761F01061A170004761F010A1A170004761F010E1A170004DD
:20F7D0002910FE82FF690006FE0296413B10761F02C6961A2910FF69FE820006FE029641C5
:20F7E0003B10761F02C6960D2910FF69FE820006FE0296413B10761F02C6960E2910FF69D3
:20F7F000FE820006FE0296413B1052016006761F02C61A3B00046F0752006005761F02C658
:20F80000183BFFFB2910FE82FF690006FE0296413B10761F02C698102910FF69FE82000626
:20F81000FE0296413B10761F02C6FF5EC0102910FF69FE820006FE0296413B10761F02C686
:20F8200096112910FF69FE820006FE0296413B10761F02C696132910FF69FE820006FE02AB
:20F8300096413B10761F02C696042910FF69FE820006FE0296413B10761F02C69619291011
:20F84000FF69FE820006FE0296413B10761F02C696162910FF69FE820006FE0296413B1046
:20F85000761F02C696182910FF69FE820006FE0296413B10761F02C696142910FF69FE821C
:20F860000006FE0296413B10761F02C698212910FF69FE820006FE0296413B10761F02C6A4
:20F87000FF5EC0212910FF69FE820006FE029641761F02C6963DFE820006FE029641761F1A
:20F8800002C69636FE820006FE0296413B10761F02C796162910FF69FE820006B2BDFE0688
:20F890007649E008764937F17649C55F764946AB764946C69A007648F51B7649A9645200E6
:20F8A000600D7649A969520060097649A95E52006005761F01FC1A0510009A007649E72FA2
:20F8B000964340436CFB7648AE8B7648AED8761F02BA922E52056011761F01009204761FA0
:20F8C00002BA722F761F01149204761F02BA7230761F02BA56BF062E764999D09B0076497C
:20F8D000E00C764999F37649C58076499A7A8F00ACEB7649C8B276499A8F8F00ACED7649DC
:20F8E000C8B276499AA48F00ACEF7649C8B276499AB98F00ACF17649C8B276499B328F009C
:20F8F000ACF37649C8B276499B478F00ACF57649C8B276499B5C8F00ACF77649C8B2764936
:20F900009B718F00ACF97649C8B276499B868F00ACFB7649C8B276499B9B8F00ACFD764933
:20F91000C8B276499BB08F00AD007649C8B276499BC58F00AD027649C8B2761F02C7921741
:20F920005203680D8F00ACF3A8428F40ACEB8F00AD487640D9789A6476493975761F02C72B
:20F9300092185203680D8F00ACF5A8428F40ACED8F00AD5C7640D9789A64764939A37648CB
:20F94000EB1A76493C8F761F02529234521C600A76499E9759A976499EA793A992A1764969
:20F9500039D176493C3876493C4F76493D079AFA76494F0D764938D476493DF5764907A03C
:20F960008F00A18076499BDA8F00A18076490FD58F00A18C76499BDA8F00A18C76490FD501
:20F970008F00A19876499BDA8F00A19876490FD58F00A1A476499BDA8F00A1A476490FD591
:20F980008F00A1B076499BDA8F00A1B076490FD58F00A1C076499BDA8F00A1C076490FD519
:20F990008F00A1CC76499BDA8F00A1CC76490FD58F00A1D876499BDA8F00A1D876490FD5A1
:20F9A0008F00A19876490F957648FC128F00A1987649537E761F02529234521C600C8F00E0
:20F9B000A1A476490F957648FC128F00A1A47649537E6F068F00A1A49A007649537E8F005D
:20F9C000A1B076490F957648FC128F00A1B07649537E8F00A1C076490F957648FC128F0089
:20F9D000A1C07649537E8F00A1CC76490F957648FC128F00A1CC7649537E8F00A1D87649A8
:20F9E0000F957648FC128F00A1D87649537E76495388764953B2764953C7761F02D0923B94
:20F9F00060228F00A18076490F957648FC1E8F00A1807649537E761F02529234521C600CC1
:20FA00008F00A18C76490F957648FC1E8F00A18C7649537E6F068F00A18C9A007649537E48
:20FA10007649539D7649B4237649B63F9A967649C5B4764906B39A967649C67828A901F40A
:20FA20009B017649C6169A967649E06D76494169764941AE9A0A764941F39A0A7649422BD5
:20FA300076494263764942B6764942F97649433C7649437F7649442B764944B3764944F902
:20FA40007649456F764945E176490DDA76490DFC76490E1E76490F4D7649627F7649C800B3
:20FA50005204600776491D629CF67649C8606F0676491D629CFB7649C8607648711D520152
:20FA600060257649C8002DA9350A1E4676491D78724676491D62934655A9690F7649C800E1
:20FA70002DA9350A1E4676491D7893A9924694A896467649C8566F0576491D627649C85611
:20FA800028A901F47649C58D6F0876491D627649C8569A967649C58D9A96764904309A9669
:20FA9000764904DA764904F37649C76D7649039176490D9A7649C8045201600B022076492D
:20FAA000913B9A027649915C9A0176496AA86F0E02207649914676499123520260049A00CC
:20FAB0007649915C9A0076496AA87649C813520160089A037649915C9A0176496AB46F0B8F
:20FAC00076499123520360049A007649915C9A0076496AB47649C82E520160109A0E76495E
:20FAD00091529A0176496725761F02C6920061149A019B017649E7706F0F9A007649672539
:20FAE0007649911F520E6008761F02C6920060049A00764991529A327649472C9A327649B7
:20FAF00047759A32764948057649485D9AFA76494D109A9676494A9E76495378520061102A
:20FB00009A59764991529A0176496A91FF2001007649913B9A019B017649E7706F089A00F2
:20FB100076496A91FF20010076499146764953255201601E7649536C520061079A297649A3
:20FB200091529A017649685D76495372520061079A2F764991529A01764968A5FF20010093
:20FB30007649913B9A019B017649E7706F0B9A007649685D9A00764968A5FF200100764900
:20FB40009146761F02BE0A1A921A521968162B1A7649018A764902307649028D9A04764995
:20FB500052827649056E764946C67649062D76490767764906AD6F0D520A600B764903121C
:20FB6000764903587648FD357649006376490F4E7649054A764905A07649060A761F02C79E
:20FB700092046112761F02BE0A1B921B80A92901FF20EA600FA7630B761F02C72B04761F43
:20FB800002BE2B1B6F04761F02BE2B1B761F0281923E610E761F02BE0A1C1B1C2328690B89
:20FB9000761F02812B3E761F02BE2B1C6F04761F02BE2B1C9A057649E5F19644761F02BEC6
:20FBA00092145444FFE7FD0B92449614FFEFFD07FE0696412B4256BF874358428F0A3B61B1
:20FBB0009294544166032B456F25584392945441681A56BF87456F1E92439442FFC0964483
:20FBC000584488410E940FA6600692449C0196459CE26F12929454416904924496426F036E
:20FBD0009244964392429C01544368E792429C01964592459CE2FE860006FE0696412B429C
:20FBE00056BFD24358428F0A3A029294544166032B456F25584392945441681A56BFD24540
:20FBF0006F1E92439442FFC09644584488410E940FA6600692449C0196459CE26F1292948F
:20FC000054416904924496426F039244964392429C01544368E792429C01964592459CE21B
:20FC1000FE860006FE0296417648FBA8FE820006FE0296417648FBA8FE820006FE029641F7
:20FC20007648FBDDFE820006761F02C49214FFE000A6761F02C692005201FFE10086520028
:20FC3000600D761F02BD2B1B2B1C2B1D2B1E2B2F56BF013156BF01326F77761F02BE420F60
:20FC40006D104F0F6D0E761F02BD922D520267097649535252036705764953565203680C21
:20FC5000761F02BD56BF641E56BF012F56BF013156BF01326F59761F02BE410F6D12761F54
:20FC600002BD922D5202670D761F02BE4E0F6D0976495352520267057649535652026821AD
:20FC7000761F02BD56BF641E761F02BE410F6D0E761F02BD922D52026709764953525202DA
:20FC800067057649535652026805761F02BD56BF012F761F02BD56BF013156BF01326F24C0
:20FC9000761F02BE400F6D0D761F02BD922D60097649535252006005764953565200610B79
:20FCA000761F02BD56BF321E2B2F56BF013156BF01326F0A761F02BD56BF1E1E56BF01313D
:20FCB00056BF01322B2F764980473B0185A9FF561BA903E86304761F02BD2B1E761F02BD46
:20FCC000921E541D67090A1F921F523269072B1F921E961D6F032B1F961D761F02BD921DA6
:20FCD0006004961C961B6F159C04541C67069A04741C921C961B6F0D921D9CFC541C69061D
:20FCE000081C0004921C961B6F04921D961C961B761F02C6920B60049A017648F51B761F9C
:20FCF00002BE56BF641756BF641856BF6419921752646806761F0129282DC3506F0728AC43
:20FD000001F41217761F0129962D761F02BE921852646806761F012D282BC3506F0728ACAD
:20FD100001F41218761F012D962B761F02BE921952646806761F012D282DC3506F0728AC97
:20FD200001F41219761F012D962D761F02BD921BBE1E9C0F0EA9F60F1FA69B0376491007A0
:20FD3000761F02BD921B961A0006B2BDFE0E2B472B482B492B4A2B4B2B4C2B4D2B4E764916
:20FD40006334520060097649633A52006005764963F25200610456BF3C496F022B49764935
:20FD500063EC5200610456BF3C4B6F022B4B7649659D5200610656BF3C4C56BF3C4A6F03E6
:20FD60002B4C2B4A764953199642761F02529234521C602F761F02BE922A52016007924249
:20FD7000524B63042B412B2A6F1C922A60069242524E62032B416F1592425261620E56BF2C
:20FD8000012A2D42357608A9DFE0FFA49641521E630856BF1E416F0556BF012A56BF644177
:20FD900092415264653256BF012A56BF64416F2D761F02BE922A520160079242524B6304FA
:20FDA0002B412B2A6F1B922A60069242525062032B416F1492425269620D56BF012A2D425F
:20FDB000350308A9FF2B9641521E630856BF1E416F0556BF012A56BF644192415264650599
:20FDC00056BF012A56BF64419241544B6303924B96417649531559A97649531D93A155A913
:20FDD00063057649531D96466F04764953159646761F02529234521C60197649468D2DA92C
:20FDE00035031BA9041A620A76498057521E6606764946671BA907086505761F02BE0A20E3
:20FDF0006F17761F02BE0A216F137649468D560301A91BA902D0620576498057521E690565
:20FE0000761F02BE0A206F04761F02BE0A2192205214600556BF012D2B202B219221521400
:20FE100060042B2D2B212B20922D610656BF204756BF1E4E6F05FF5E61032B472B4E761FA7
:20FE200002529234521C601A7649468D2DA935031BA90AF062057649805752506908761FBD
:20FE300002BE0A22922361220B236F20761F02BE0A239222611B0B226F197649468D56037F
:20FE400001A91BA9078062057649805752506908761F02BE0A22922361090B236F07761FC4
:20FE500002BE0A23922261020B229222520A680556BF012E2B222B239223520A68042B2E2F
:20FE60002B232B22922E610E56BF3248761F02529234521C600456BF324D6F0856BF504DEB
:20FE70006F05FF5E61032B482B4D761F023F923E9643761F02529234521C6027761F02BEDA
:20FE8000922C520160079246522A63042B452B2C6F41922C60069246522C63032B456F3ABF
:20FE900092465231620D2D46350E08A9FDB6964556BF012C521E632E56BF1E456F2B56BF29
:20FEA000644556BF012C6F26761F02BE922C520160079246522C63042B452B2C6F1B922C29
:20FEB00060069246522E63032B456F1492465234620D2D46350C08A9FDF6964556BF012CD9
:20FEC000521E630856BF1E456F0556BF644556BF012C9245544763039247964554496303CC
:20FED0009249964554486303924896455264650556BF644556BF012C9245544A6303924ACE
:20FEE00096451B4301F4650B9245521E630356BF1E459243944508A9FE0C9645761F025212
:20FEF0009234521C602F761F02BE922B520160071B43012C63042B442B2B6F1C922B6006FE
:20FF00001B43014A63032B446F151B4301AE620E2D43352D08A9CD6AFFA5964456BF012BE9
:20FF1000521E630856BF1E446F0556BF644456BF012B92445264653156BF644456BF012BED
:20FF20006F2C761F02BE922B520160071B43012C63042B442B2B6F1A922B60061B43012C6C
:20FF300063032B446F1392431BA90172620B08A9FEF2964456BF012B521E630856BF1E44D3
:20FF40006F0556BF644456BF012B92445264650556BF644456BF012B9244544C6303924C81
:20FF50009644544D6303924D9644544E6303924E964476491CFF5201601B9241523C6503C4
:20FF600056BF3C41761F02529234521C60079244523C650956BF3C446F06924452326503CD
:20FF700056BF324492455223650356BF2345761F02BE921F521E63069245521E640356BF13
:20FF80000126921D521E63069241521E640356BF0124921E521E63069244521E640356BF83
:20FF9000012592265201600C92455246630356BF46450A299229521468032B292B26922425
:20FFA0005201600C92415246630356BF46410A279227521468032B272B2492255201600C43
:20FFB00092445246630356BF46440A289228521468032B282B25924163022B419241526431
:20FFC000650356BF6441924463022B4492445264650356BF6444924563022B45924552646B
:20FFD000650356BF644592165201601C56BF644556BF644156BF644428AC01F4761F0129B7
:20FFE0001245962D761F012D1241962B1244962D761F024556BF642456BF642356BF642247
:20FFF0006F57761F024592215201601492249645922396419222964428AC01F4761F0129A2
:020000040009F1
:200000001245962D761F012D1241962B1244962D6F3F7648F5005201611628AC01F4761F4D
:2000100001291245962D761F012D1241962B1244962D9245761F02459624924196239244CD
:2000200096226F26761F02BE9217964592189641964428AC01F4761F01291245962D761F08
:20003000012D1241962B1244962D761F02BE9217761F02459624761F02BE9218761F0245E6
:200040009623761F02BE9219761F02459622761F02C6920B600E924562059241620392449F
:2000500065089A017648F51B761F01FC1A0A02009241761F02BE961D9244961E9245961F11
:20006000FE8E8BBE0006761F01FC49086D05761F02BE2B326F09761F02BE0A329232527807
:20007000690356BF783292325278FFE80113761F01FCCC010100FFC75201600B761F02BD84
:200080009213520160022B13761F02BE2B2F6F0D761F02BE0A2F922F520868072B2F0A33EE
:20009000761F02BD56BF0113761F01FCCC010200FFC85201600B761F02BD9215520160023D
:2000A0002B15761F02BE2B306F0D761F02BE0A309230520868072B300A34761F02BD56BFB8
:2000B0000115761F01FCCC010400FFC95201600B761F02BD9217520160022B17761F02BEE8
:2000C0002B316F0D761F02BE0A319231520868072B310A35761F02BD56BF0117761F02BDBC
:2000D000921352016012761F02BE92335203681B2B33FF2004007649913B9A1A7649915C48
:2000E0009A0176496BC86F0FFF2004007649914676499123521A60049A007649915C9A0019
:2000F00076496BC8761F02529234521C604A761F02BD921552016012761F02BE9234520307
:20010000681B2B34FF2004007649913B9A1B7649915C9A0176496BD46F0FFF2004007649F5
:20011000914676499123521B60049A007649915C9A0076496BD4761F02BD92175201601214
:20012000761F02BE9235520368642B35FF2004007649913B9A1C7649915C9A0176496BE06D
:200130006F58FF2004007649914676499123521C60049A007649915C9A0076496BE06F4948
:20014000761F02BD921552016012761F02BE92345203681B2B34FF2004007649913B9A1C29
:200150007649915C9A0176496BE06F0FFF2004007649914676499123521C60049A00764969
:20016000915C9A0076496BE0761F02BD921752016012761F02BE92355203681B2B35FF20B9
:2001700004007649913B9A1B7649915C9A0176496BD46F0FFF20040076499146764991233C
:20018000521B60049A007649915C9A0076496BD400060006FE022B42764980579641761F35
:2001900002BE420F6C0F9241D5088F00AFB69B467649CCE752016017761F02BE180FFFFB8C
:2001A0006F129241D5028F00AFB69B507649CCD252016009761F02BE1A0F00041A0F00026F
:2001B0001A0F0001761F02BE410F6C0F9241D5088F00AFB89B327649CCE752016015761FA3
:2001C00002BE180FFFFD6F109241D5028F00AFB89B3C7649CCD252016007761F02BE1A0FB1
:2001D00000021A0F0001761F02BE400F6C0F9241D5088F00AFB79B147649CCE75201601338
:2001E000761F02BE180FFFFE6F0E9241D5028F00AFB79B1E7649CCD252016005761F02BE47
:2001F0001A0F00013B01761F02DA8500FF569642761F02BE4F0F6C109242D5508F00AFB947
:2002000028A8012C7649CCE752016014761F02BE180F7FFF6F0F9242D5508F00AFB928A870
:20021000015E7649CCD252016005761F02BE1A0F8000761F02C69200520361115204610FE0
:20022000761F02BE2B362B372B38180FFFFB180FFFFE180FFFFD2B39180F7FFFFE8200064C
:20023000FE02761F02C692005204604E761F02C49226520160057649B41F96416F04764955
:20024000B8699641761F02BE430F6C0F9241D5088F00AFBA9B077649CCE752016013761F6D
:2002500002BE180FFFF76F0E9241D5028F00AFBA9B0A7649CCD252016005761F02BE1A0F5A
:200260000008761F02BE440F6C0F9241D5088F00AFBB9B0F7649CCE75201601E761F02BE68
:20027000180FFFEF6F199241D5028F00AFBB9B147649CCD252016010761F02BE1A0F0010D1
:200280001A0F00086F09761F02BE2B3A2B3B180FFFF7180FFFEFFE820006FE02761F02C383
:20029000920F52016008761F02BE180FFFDF180FBFFF6F49761F02C3920562032B416F05C5
:2002A0009B0A00C9E9529641761F02BE450F6C0F9241D5088F00AFBC9B0F7649CCE7520181
:2002B0006013761F02BE180FFFDF6F0E9241D5028F00AFBC9B147649CCD252016005761FE7
:2002C00002BE1A0F0020761F02BE4E0F6C0F9241D5088F00AFBD9B287649CCE75201601342
:2002D000761F02BE180FBFFF6F0E9241D5028F00AFBD9B3C7649CCD252016005761F02BE71
:2002E0001A0F4000FE820006761F02C3920F52016006761F02BE180FFFBF6F24761F02BE39
:2002F000460F6C11761F02C3D5088F00AFBE9B2D92047649CCE752016015761F02BE180FD5
:20030000FFBF6F10761F02C3D5028F00AFBE9B3C92047649CCD252016005761F02BE1A0F73
:2003100000400006FE0276490FB19641761F02BE470F6C0F9241D5088F00AFBF9B237649E1
:20032000CCE752016013761F02BE180FFF7F6F0E9241D5028F00AFBF9B287649CCD25201B3
:200330006005761F02BE1A0F0080761F02BD92375201600F76490FA1D5089B2D8F00AFC059
:200340007649CCE752016013761F02BD2B376F0F76490FA1D5029B378F00AFC07649CCD2BE
:2003500052016005761F02BD56BF0137FE820006FE027649A8E29641761F02BE490F6C1065
:200360009241D5088F00AFC128A807087649CCD252016014761F02BE180FFDFF6F0F924102
:20037000D5028F00AFC128A806A47649CCE752016005761F02BE1A0F0200761F02C6920084
:200380005202610E5204610C5205610A52066108761F02BF2B01761F02BE180FFDFFFE82DA
:200390000006B2BDFE02761F02C69200520461035205604E7648F4C5520261057648F4C582
:2003A000520960467649C7F459A97649C7EC93A155A969032B416F7E76491D8F59A976492B
:2003B000C7ECD98293A155A967087649B8695205670456BF64416F6E7649C8005201600902
:2003C0007649C7EC2DA9350508A9FDC196416F1A7649C8005202600A7649C7EC2DA9350505
:2003D00008A9FB82FFC096416F0D7649C800520460097649C7EC2DA9350508A9F704FFC199
:2003E00096419241525F694656BF5F416F437649C8E79B0295A959A87649C7EC93A155A99E
:2003F00069032B416F377649C8005201600D7649C8E759A97649C7EC2DA992A174AC3505E3
:200400009CF696416F227649C8005202600E7649C8E759A97649C7EC2DA992A174AC350554
:200410009CF6FFC096416F117649C8005204600D7649C8E759A97649C7EC2DA992A174ACCF
:2004200035059CF6FFC1964192415264690356BF64419241761F02BD9620FE828BBE0006FE
:20043000B2BDFE0496417648F5005201FFE900A176491DE752006006761F02BD282503E8CE
:200440006F1276491D78761F02BD9CFB962576491DE7761F02BD5425670676491DE7761FCC
:2004500002BD962576491DA5761F02BD96257649C7F459A976491DDC93A155A966057649F2
:200460001DDC96426F047649C7F49642761F02C39B0A920200C9E9529643761F026F920DD1
:20047000544369029643761F02BD92236029761F026F5D4193428F00AF67920D7649CCE7D0
:20048000520161057649C80452016037761F02BD56BF01232B27761F02BA92065202600BA7
:200490007649B8719B0A00C9E9BC520360049A0A7649B899761F02BF28020BB86F1E92433F
:2004A0005D4193258F00AF677649CCD252016004761F02BD2B23761F02BF920261030B0230
:2004B0006F0C7649B8719B0A00C9E9BC52036005761F02BD2B232B2776491F5E5202601503
:2004C000761F02C6920052036010761F02BA92276005761F02BD92236106761F02BD56BF20
:2004D00001266F062B266F04761F02BD2B26FE848BBE0006FE0296417649C7E15201601233
:2004E0007649C7EC761F026F5D418F00AFC3930F7649CCD252016006761F02BF2B037649EA
:2004F000C851FE8200067649C7EC761F026FD419930E7649C7555201600A02407649913BE2
:200500009A047649915C9A0176496AC07649911BBE409B0090400FA66034761F02C6920001
:2005100061115206610F7649A8BE5200600B9A047649915C9A0176496AC09A019B017649EB
:20052000E7707649C7EC761F026F540F6816761F02BD0A1292125296681D2B12024076494C
:2005300091469A0076496AC076499123520460129A007649915C6F0E761F02BD2B126F0A49
:20054000761F02C69200610652066104761F02C62B3C000676491F5E5200600E7649C80437
:200550005201611C7649C81F520161187649B871520D60146F13761F02BD92235201610E41
:20056000761F02BA922752016109761F02BD922361057649B871520D6001000676491FB603
:20057000520160207648F4B55200611F7648F4B55203661B7649911B9A00610F0201761F15
:2005800002BF5601001C8F02A300A8A90F1C660D9A007648F8396F090200761F02BF1E1C71
:200590006F049A007648F8390006761F02BD0A2A922A542968022B2A9228542A6901000621
:2005A000B2BDFE0276491FE25200600F0200761F02BF1E221E24761F02BD2B2B8F02000036
:2005B000A8A9764991466F54761F02BD922B602D76491FED59A97649C7EC93A155A9660705
:2005C0000201761F02BF560100226F050200761F02BF1E2276491E2988A9FF2841EB1EACE9
:2005D000566500A6A942761F02BF06420F22663002001E22761F02BD56BF012B8F020000F2
:2005E000A8A97649913B6F240201761F02BF5601002476491FF88F02BF200EA9A8AC5665AC
:2005F00000A9A942761F02BF06420F2469057649C81F5200610D0200761F02BF1E24761F83
:2006000002BD2B2B8F020000A8A976499146FE828BBE0006761F02C6920052046109761F3A
:2006100002BD56BF272C761F02BF2B046F16761F02BD922C5227690C761F02BF0A0492049F
:200620005219690B761F02BD56BF272C6F0656BF272C761F02BF2B040006761F02C69200C8
:200630005201617B7649A964520060097649A969520060057649A95E5200610D7649893F5F
:200640005200602E764989445200602A7649893952006026761F02BD2B36761F02C4923720
:20065000523C6714761F023D92115206670F761F02BD0A351B35026C69212B35761F01FC6F
:200660004C016D1C1A0310006F19761F02BD2B35761F01FC4C016C121A0510006F0F761F9C
:2006700002BD56BF01342B350A3661082B36761F01FC4C016C031A0510007649465B1BA956
:2006800004E263067649465F1BA904E2641E761F02BF92075201600B0A0592055214690752
:200690002B052B07761F01FC1A0C0100761F02BF0A061B06026C69112B06761F01FC4808AD
:2006A0006D0C1A0A01006F09761F02BF56BF0107761F01FC1A0C01000006761F02C6920003
:2006B000520360010006B2BDFE02761F02C692005203603976491D4C5202613576491D4CE8
:2006C0005203613176491D4C5204612D7649805B523268147649C8002DA935697649C89279
:2006D0007649C8002DA935737649C8887649C8002DA9356E7649C86A6F337649C8002DA906
:2006E00035D7FFC07649C8927649C8002DA935EBFFC07649C8887649C8002DA93573764907
:2006F000C86A6F1E76491D577649C8927649C8002DA9350A1E4276491D5793A9924294A864
:200700007649C8887649C8002DA935051E4276491D5793A9924294A896427649C86A7649CC
:200710001D577649C89276491E6B93A99A1494A87649C88876491E6B7649C86A76491D7832
:20072000761F026F961E76491D8F59A976490FD1761F026F94A1961F761F02B9412C6C1DBD
:20073000922B761F02B990FF94087649C892761F02B9922A761F02B990FF9408761F026FCB
:20074000961E761F02B9CC2AFF00761F02B9FFC79408761F026F961FFE828BBE0006FE0660
:200750009645A044A84292C4610F924554C4690C8A440AC48A441BC41C2069088A422BC405
:200760008A442BC46F038A442BC4FE8600068F00B1B49A038F40AFC87649074F9A038F00EB
:20077000B1B68F40AFC97649074F9A038F00B1B58F40AFCA7649074F9A038F00B1B98F4052
:20078000AFCB7649074F9A038F00B1BA8F40AFCC7649074F9A038F00B1848F40AFCD764969
:20079000074F9A038F00B1968F40AFCE7649074F9A038F00B1988F40AFCF7649074F000642
:2007A000B2BDAABDFE062845465056BF4E46761F02529234521C60182845458856BF4E463B
:2007B000761F02C792176005761F02C7921861077649468D2DA9350396446F022B4492441D
:2007C000631B2B446F195212601728452E1856BF3546761F02C792176005761F02C7921812
:2007D00061077649468D560301A996446F022B44924463022B447649C7ECBE642D4430A9CA
:2007E000C24200C9E8DB761F02BE96087649C8DB5AA97649C8DF94A259A97649C7ECBE64DF
:2007F0002DA130A9C24200C9E8DB761F02BEFF5C96099E08960776491F5E5202601C764955
:20080000912F52006109761F02E2921F600576491DD196436F3E7649895A5200610A761FA6
:2008100002E2921F5201600576491EAD96436F312B436F2F7649912F5200610D761F024551
:2008200092196109761F02E2921F600576491DD196436F1F76491E975200610D761F0245F0
:2008300092196009761F02E2921F600576491DD196436F0F7649895A5200610A761F02E229
:20084000921F5201600576491EAD96436F022B4376491DB059A97649C7ECBE0A2DA936A178
:20085000C24200C9E8DB761F02BD963E761F02B9412C6C1B76491DF2520060177649C7EC83
:20086000BE64761F02B92D2D30A9C24200C9E8DB761F02BE9601761F02BD923E761F02BEDE
:200870005401632296016F2076491DF2520060167649C7EC761F02BD2DA93506543E6314F2
:200880007649C7ECBE0A2DA99A3C36A9C24200C9E8DB761F02BD963E6F07761F02BD923E41
:20089000761F02BE9601761F02BD923E9C64543D63049A64743D6F0A923E9CEC543D6504C6
:2008A000083D00146F03923E963D761F02BE9201761F02BD543D6302963D7649C7ECBE0A8B
:2008B0002D4330A9C24200C9E8DB761F02BD963C9C64543B63049A64743B6F0A923C9CECB7
:2008C000543B6504083B00146F03923C963B761F02E2921F520161207649A8E21BA908FCA9
:2008D00068097649D66E761F02BD93459FA9973F6F317649A8E2BE0A2D4630A9C24209053B
:2008E00000C9E8DB8BA97649D66E761F02BD93A19FA9973F6F1F764988E11BA908FC6809A0
:2008F0007649D66E761F02BD93459FA9973F6F12764988E1BE0A2D4630A9C242090500C903
:20090000E8DB8BA97649D66E761F02BD93A19FA9973F9245543F6502923F5200963F62020A
:200910009A00963F761F02E2921F5201601276491F7F59A9764988E1BE642DA936A1C2420F
:2009200000C9E8DB761F02BE08A9FED4960E6F1176491F7F59A97649A8E2BE642DA936A1B8
:20093000C24200C9E8DB761F02BE08A9FED4960E76491FD7761F02BE08A9FED4540E630841
:2009400076491FD7761F02BE08A9FED4960E9245540E6303960E6F04920E63022B0E761FDD
:2009500002C492285201602D76491DBB761F02C4542A671176491DBB59A97649C7ECBE0A6C
:200960002DA936A1C24200C9E8DB761F02BEFF5C960B6F0F7649C7ECBE0A761F02C42DA900
:20097000362AC24200C9E8DB761F02BEFF5C960B761F02DA9201761F02BE9604FFEF02053E
:20098000761F02E2921F5201FFE0008E761F02BD923B761F02BE960B7649202F88A906A66B
:2009900019C81EA63B01761F02BE850B0FA6650A7649202F761F02BE08A9FF38960B63020C
:2009A0002B0B7649202F88A93B0185450FA6642E7649D66A59A97649202FEAA108A1FF38FB
:2009B000761F02BE92A1540B630C7649D66A8BA97649202FEAA108A1FF38761F02BE790B4C
:2009C0007649202F3B0108A9FF3885A98BA9764989521EA6B2A90FA66326761F02BE1B0D0F
:2009D000FFEC6321080D00146F1E7649D66A761F02BE93459FA9550B63087649D66A761F0F
:2009E00002BE93459FA9970B764989521EA63B0185450FA66308761F02BE1B0DFFEC630323
:2009F000080D0014761F02BD923D761F02BE9E08540B6308761F02BD923D761F02BE9E08B8
:200A0000960B761F02DA9201761F02BE96049245540B6502920B5200960B62029A00960B76
:200A1000FFEF017376491F5E520061097648F49652006105761F02459219616376491FCC77
:200A20005200611F7649D66A761F02BE930E9FA9970B761F02BD923B761F02BE540B6302CB
:200A3000960B7649A9771EA63B01761F02BE850E0FA6630D1B0DFFEC630A080D00146F07FA
:200A4000761F02BD923B761F02BE960B761F02BD923D761F02BE9E08540B6308761F02BD43
:200A5000923D761F02BE9E08960B7649D66A761F02BE93459FA9550B63087649D66A761F48
:200A600002BE93459FA9970B7649A9771EA63B0185450FA66308761F02BE1B0DFFEC63035D
:200A7000080D0014761F02BE2B049245540B6502920B5200960B62029A00960BFFEF0105F9
:200A800076491F5E5201FFE0009D76491FCC520061287649D66A3B01761F02BE85A91EA644
:200A90008508810E761F02BF03A61E209220761F02BE9E08960B761F02DA9201761F02BE46
:200AA00096047649A9771EA63B01761F02BE850E0FA663341B0DFFEC6331080D00146F2E1C
:200AB000761F02C792176005761F02C7921861157649D66A3B01761F02BE1EA68508761FC6
:200AC00002BD813B761F02BF03A61E209220761F02BE9E08960B6F107649D66A1EA63B0192
:200AD000761F02BF924593A69EA885A91E209220761F02BE960B920896047649A9771EA66F
:200AE0003B0185450FA66308761F02BE1B0DFFEC6303080D0014761F02BE920B6513761FDA
:200AF00002BD923D761F02BE9E08540B6308761F02BD923D761F02BE9E08960B920B6302D2
:200B00002B0B761F02BD923B761F02BE540B6205761F02BD933B6F02930B761F02DA92012E
:200B1000761F02BEFF5C970B540B6406761F02DA9201FF5C6F02920B761F02BE960B6F6474
:200B200076491F5E5202605D7649912F5200614C76491FCC5200611F7649D66A761F02BE1A
:200B3000930E9FA9970B761F02BD923B761F02BE540B6302960B7649A9771EA63B01761FCB
:200B400002BE850E0FA6630D1B0DFFEC630A080D00146F07761F02BD923B761F02BE960BE7
:200B5000761F02BD923D761F02BE9E08540B6308761F02BD923D761F02BE9E08960B76491F
:200B6000A9771EA63B0185450FA66308761F02BE1B0DFFEC6303080D0014761F02BE920B82
:200B700063092B0B6F077649D66A761F02BEFF5C960B761F02DA9201761F02BE96046F0497
:200B8000761F02BE2B0B761F02DA9202761F02BD96389238761F02BE960076491DBB59A955
:200B90007649C7ECBE0A2DA936A1C24200C9E8DB761F02BF1E1E7649466D3B01761F02BF38
:200BA00085A9071E8BA97649467188A93B01761F02BFB2A981A61E1E761F02DA8501761F2B
:200BB00002BF0F1E6308761F02DA8501761F02BF1E1E6F05061E630302001E1E76491DBB70
:200BC0002DA9350A8BA97649C8DB5AA97649C8DF93A194A255A9630B761F02BE08030005C6
:200BD0001B0307D0650D280307D06F0A9A05761F02BE74031B03FE0C62032803FE0C761F61
:200BE00002BF921E761F02BE9E03960263022B02920BFF5C9605633D7648F4C552026039CD
:200BF000761F02BE92059307FF5C9D1454A865049A0A740D6F1292059307FF5C9D9C54A887
:200C00006304080D00326F0992059307FF5C9DEC54A86303080D000A9307920508A8FED465
:200C1000FF5C54A86303080D004B1B0D03E8640428A903E86F02920D960D1B0DF7CC62036D
:200C200028A9F7CC960D7205920565062B056F04761F02BE2B0D9207761F02BD9E3B761F79
:200C300002BE9405960A65022B0A761F02DA9201761F02BE54056205761F02DA93016F0280
:200C40009305761F02BE92459705FF5C540564049245FF5C6F0292059605920454056203EF
:200C500093046F029305920A97055405630292059605761F02DA9201761F02BE54056205A3
:200C6000761F02DA93016F029305761F02BD923F761F02BEFF5C970554056406761F02BDDE
:200C7000923FFF5C6F029205761F02BE960592025405620393026F02930592009705FF5CC7
:200C8000540564049200FF5C6F02920596057649AE1E59A99AFA76495171BE0A2DA930A1F2
:200C9000C24200C9E8DB761F02BE960C54056203930C6F029305FF5C970554056404920C01
:200CA000FF5C6F02920596057648F5005204FFE000DC7648F4C5520261067648F4C552096E
:200CB000FFE000D37649AE1E88A9761F02BE3405373CC24200C9E8DB1EA6020A1E42DE0512
:200CC00006A600C9E8DB9606761F02529234521C6012761F02BE1B061D4C640428A91D4C30
:200CD0006F02920696061B06D508620328A9D50896066F11761F02BE1B061388640428A9E8
:200CE00013886F02920696061B06E37C620328A9E37C9606761F02E2921F520161075200CC
:200CF000600A761F024592196106761F02BE920665022B06761F02BE9206652D7649C8E71A
:200D0000764960C69A00764960D3761F02BD2B3A92399C05761F02BE5406640B92067649C8
:200D100060E6761F02BE9206761F02BD96396F08761F02BD083900059239764960E67648CE
:200D2000F4C5520260733B10761F02C656BF090229106F6C520063497649B86D764960C630
:200D3000761F02BD2B399A00764960E67649B8719B0A00C9E9BC5200600A7648F4C55202CA
:200D40006022761F02C692335201601D761F02BD923A761F02BE9CFB5406620C9206FF5C58
:200D5000764960D3761F02BE9206761F02BD963A6F119A05761F02BD743A923AFF5C764979
:200D600060D36F08761F02BD2B3A923AFF5C764960D37648F4C5520960293B10761F02C6F4
:200D700056BF020229106F229A00764960D39A00764960E6761F02C656BF0202761F02BD8B
:200D80002B3A2B396F137649C7EC764960C69A00764960D39A00764960E6761F02C6920097
:200D90006005761F02BD2B3A2B39FE86FF6986BE8BBE0006FE042B4376491F3152016032DE
:200DA00076491DF25201602E761F02BF0A101B100BB8682B2B109AFA761F023F9E3D96433A
:200DB000631476491E552D438F0003E832A9A9A9FF331EA6A842A9A9FF3207A600C9E8DBC7
:200DC000761F02BE96136F04761F02BE2B131B13FFE263042813FFE26F08921365062B13B8
:200DD0006F04761F02BE2B13761F02BE92139612FE8400067648F500520061057648F500B5
:200DE0005202601A761F01FC4E116C13761F02BF0A119211526469102B119A0176496A85ED
:200DF0009A58764991529A019B017649E7706F04761F02BF2B110006761F01FC4C106C039A
:200E00004D106D14761F02BF2B130A129212526469152B129A0176496A6D9A56764991526C
:200E10009A019B017649E7706F09761F02BF2B120A131B1301F469022B130006B2BD76484E
:200E2000F5005201FFE90129761F01FC4F096C26761F02BF2B157649A8E659A97649D65E04
:200E30003B019EA185A9FF561BA903846513761F02BF0A1492145219654E2B149A01764910
:200E400069299A3B764991529A019B017649E7706F42761F02BF2B146F3E761F02BF2B14B4
:200E50007648F500520061097648F500520260337648F4C55207612F7649A8E659A976490B
:200E6000D65E3B019EA185A9FF561BA901F463207649A8E61BA90258691B761F01FC4E092C
:200E70006D1776491CF452006013761F02BF0A159215521965102B159A01764969359A3C40
:200E8000764991529A019B017649E7706F04761F02BF2B15761F01FC4E096C2A764989563D
:200E900052016026761F02BF2B17764988E559A97649D65E3B019EA185A9FF561BA9038467
:200EA0006513761F02BF0A169216521965502B169A01764969419A3D764991529A019B0187
:200EB0007649E7706F44761F02BF2B166F40761F02BF2B167648F500520061097648F5005A
:200EC000520260357648F4C552076131761F01FC4E096D2A4F096D28764988E51BA9025810
:200ED0006923764988E559A97649D65E3B019EA185A9FF561BA901F4631776491CF4520003
:200EE0006013761F02BF0A179217521965102B179A017649694D9A3E764991529A019B017C
:200EF0007649E7706F04761F02BF2B17761F01FC40106C26761F02BF2B197649AE1E59A926
:200F00007649D65E3B019EA185A9FF561BA903846513761F02BF0A1892185219653D2B18AB
:200F10009A01764969599A3F764991529A019B017649E7706F31761F02BF2B186F2D761F73
:200F200002BF2B187648F500520260267649AE1E59A97649D65E3B019EA185A9FF561BA9DE
:200F300001F463177649AE7A52326913761F02BF0A199219521965102B199A0176496965DB
:200F40009A40764991529A019B017649E7706F04761F02BF2B198BBE000600067649244241
:200F5000520061370201761F02BF07261EA61E26FF29278D0FA667061E26761F02BE56BF5D
:200F60000115761F02BE92155201600A761F023D923952096005761F02BE56BF0116761F2D
:200F700002BE92165201600C761F02BF0A1A921A527868062B1A761F02BE2B162B15761F2C
:200F800002BE9216600E0200761F02BF1E266F090200761F02BF1E26761F02BE2B152B16F5
:200F90000006761F02BD92110006FE0E5DADA84EC54EDD8C0EA58AA9F60B24849243FE8EC6
:200FA0000006FE022B413B10FF69764953195441650476495319964129109241FF69FE82ED
:200FB0000006761F02D092360006761F02BD92190006761F02BD921A0006761F02BD9213E2
:200FC0000006761F02BD92200006761F02BD92210006761F02BD92280006761F02BD922BCD
:200FD0000006761F02BE92120006FE049643A842020907421EA7924396C7FE840006FE0264
:200FE00096413B10761F02BD96132910FF69FE820006FE0296413B10761F02BD9621291045
:200FF000FF69FE820006FE0296413B10761F02BD96242910FF69FE820006FE0296413B107A
:20100000761F02BD96252910FF69FE820006FE02974296413B10761F02BD962892429629FA
:201010002910FF69FE820006FE0696432B442B458F009100A8422B456F0558459294724476
:201020000A4592439CFF544566F98844761F02470E180FA660039A016F029A00FE860006E1
:20103000FE0897469645A8422B478F009100A8442B476F0B804506A707421EA78A445845A3
:2010400092C796940A450A479246544766F4FE880006FE0897469645A8422B478F009200D9
:20105000A8442B476F0B804506A707421EA78A44584592C796940A450A479246544766F4CD
:20106000FE880006FE0897469645A8422B478F009100A8442B476F0B804506A707421EA752
:201070008A44584592C796940A450A479246544766F4FE880006FE062B432B4556BF034639
:201080009A008F00910028A801B27649DA4A52006013761F024788172901FF20AAAA0FA69C
:20109000600B9AD97649101452016006FF202000764991466F4D0B4660E42B448F00910011
:2010A00029016F030A430A44924452D9670758448894FF20AAAA0FA660F6761F0290062AFD
:2010B0001E428A4292459BD876491030922752016025922076492250761F0290922176499E
:2010C000225B761F0290922276492266761F0290922376492271761F029092247649227C09
:2010D000761F0290922576492193761F029092267649219F761F02902B27761F01FC1A0C20
:2010E000000476491158761F01FC1A0A0004FE860006FE062B432B4556BF034628A904006B
:2010F0008F00920028A801B27649DA4A52006013761F024B88172901FF20AAAA0FA6600B56
:201100009AD97649101452016006FF202000764991466F4D0B4660E32B448F0092002901E1
:201110006F030A430A44924452D9670758448894FF20AAAA0FA660F6761F0290062A1E4256
:201120008A4292459BD876491049922752016025922076492250761F029092217649225BF7
:20113000761F0290922276492266761F0290922376492271761F029092247649227C761F80
:201140000290922576492193761F029092267649219F761F02902B27761F01FC1A0C000440
:2011500076491193761F01FC1A0A0004FE860006FE062B4456BF0345761F02472B188F0058
:201160009100A8422B43924352D867085843929472180A43924352D868FA9A008F00910065
:2011700028A801B27649D9E4520060165CAD28A901B09B02DC845CA47649DA4A5200600C6F
:20118000761F024788180E440FA66006FF202000764991466F070B4560E1FF20200076498A
:20119000913BFE860006FE062B4456BF0345761F024B2B188F009200A842284304009243A5
:2011A00052D867085843929472180A43924352D868FA28A904008F00920028A801B2764965
:2011B000D9E4520060165CAD28A901B09B02DC845CA47649DA4A5200600C761F024B8818EF
:2011C0000E440FA66006FF202000764991466F070B4560E0FF2020007649913BFE86000673
:2011D000FE042B43761F0290062A1E429BD88A42924376491030FE840006FE042B438F003E
:2011E0009100A8429BD8924376491049FE840006FE042B438F009200A8429BD8924376490A
:2011F0001062FE840006FE0697449643A8427649D8CE9AA07649D9747649D96A9645520168
:2012000060057649D8F89A016F4ECC43FF00FFC77649D9747649D96A96455201600576494E
:20121000D8F89A016F40CC4300FF7649D9747649D96A9645520160057649D8F89A016F3329
:201220002B4692445446692140466D0A8A429246FFC058A99294FFC77649D9746F098A42A6
:201230009246FFC058A9CC9400FF7649D9747649D96A9645520160057649D8F89A016F135A
:201240000A469244544666E17649D8F8761F029056BF012828A9BFFF7649E72F520061FB81
:201250009A006F01FE860006B2BDFE042B432B4476491CF4520568069A0076491CED56BF91
:20126000014376491CFF520169069A0076491CF856BF014376491D0A1BA901F469069A7DA3
:2012700076491D0356BF014376491D151BA901F469069A7D76491D0E56BF014376491D20B7
:201280001BA901F469069A7D76491D1956BF014376491D2B1BA901F469069A7D76491D247B
:2012900056BF014376491D41520169069A0076491D3A56BF014376491D4C520469069A0274
:2012A00076491D4556BF01437649C8002DA935828BA976491D5793A155A9680B7649C8000D
:2012B0002DA935648BA976491D5793A155A969097649C8002DA9356976491D5056BF014324
:2012C0007649C8002DA935A58BA976491D6293A155A9680B7649C8002DA935788BA97649C3
:2012D0001D6293A155A9690728A9027676491D5B56BF014376491D6D520269069A0076499F
:2012E0001D6656BF01437649C8002DA935968BA976491D7893A155A9680B7649C8002DA960
:2012F00035788BA976491D7893A155A969097649C8002DA9359076491D7156BF014376497E
:20130000C8002DA935968BA976491D8F93A155A9680B7649C8002DA935788BA976491D8F77
:2013100093A155A969097649C8002DA9358876491D8756BF014376491D9A88A92901FF2053
:20132000FFFF0FA6630728A9FFFF76491D9356BF01437649C8002DA9358C8BA976491DA526
:2013300093A155A9680B7649C8002DA935738BA976491DA593A155A9690728A901E076492B
:201340001D9E56BF0143761F025292345212604C76491DB052F069069ACD76491DA956BF7C
:20135000014376491DBB52F069069AC876491DB456BF014376491DC652F0660576491DC6B5
:20136000520A67069AF076491DBF56BF014376491DD1529669069A9676491DCA56BF0143F3
:2013700076491EAD529669069A9676491EA656BF014376491F7F1BA901B8690728A901B89C
:2013800076491F7856BF01437649202F88A92901FF20EA600FA6635828A92710764920284D
:2013900056BF01436F5176491DB01BA9015E690728A9012C76491DA956BF014376491DBB92
:2013A0001BA9015E690728A9012C76491DB456BF014376491DC61BA9015E660576491DC6E1
:2013B000520A670728A9015E76491DBF56BF014376491DD152DC69069ADC76491DCA56BFB4
:2013C000014376491EAD52DC69069ADC76491EA656BF014376491F7F1BA9028A690728A962
:2013D000028A76491F7856BF01437649202F88A92901FF20EA600FA6630728A93A9876496F
:2013E000202856BF01437649C8002DA935878BA976491DDC93A155A9680B7649C8002DA945
:2013F000356E8BA976491DDC93A155A969097649C8002DA9357376491DD556BF01437649DC
:20140000C8002DA935918BA976491DE793A155A9680B7649C8002DA935788BA976491DE7CB
:2014100093A155A969097649C8002DA9358776491DE056BF014376491DF2520269069A00BF
:2014200076491DEB56BF014376491F31520169069A0176491F2A56BF014376491DFD520193
:2014300069069A0076491DF656BF014376491E081BA90258660676491E081BA901E0670701
:2014400028A9024876491E0156BF014376491E131BA90384660576491E13520567069A3C0A
:2014500076491E0C56BF014376491E1E1BA90384660576491E1E520567069A7876491E17C4
:2014600056BF014376491E29525A69069A5A76491E2256BF014376491E341BA909606906F9
:201470009A0076491E2D56BF014376491E3F520169069A0076491E3856BF014376491E4A52
:201480001BA9270F660576491E4A5200600728A9012C76491E4356BF014376491E555214F8
:2014900069069A0076491E4E56BF014376491E60521469069A0076491E5956BF01437649B5
:2014A0001E6B1BA9021C660676491E6B1BA901B8670728A901CC76491E6456BF014376492B
:2014B0001E765232660576491E76521467069A1476491E6F56BF014376491E8152646605A1
:2014C00076491E81521E67069A3276491E7A56BF014376491E8C522869069A0A76491E85FD
:2014D00056BF014376491E97520169069A0176491E9056BF014376491EA2520169069A0031
:2014E00076491E9B56BF014376491EB8525A660576491EB8520A67069A1E76491EB156BFB6
:2014F000014376491EC35264660576491EC3523267069A5076491EBC56BF014376491ECEBF
:20150000525A660576491ECE520A67069A1E76491EC756BF014376491ED9526466057649F5
:201510001ED9523267069A5F76491ED256BF014376491EE41BA90228660676491EE41BA932
:20152000019A670728A901EA76491EDD56BF014376491EEF1BA90240660676491EEF1BA905
:2015300001E0670728A9022876491EE856BF014376491EFA1BA90228660676491EFA1BA967
:20154000019A670728A901EA76491EF356BF014376491F051BA90240660676491F051BA9A1
:2015500001E0670728A9022876491EFE56BF014376491F10520169069A0076491F0956BFB7
:20156000014376491F1B520169069A0176491F1456BF014376491F26520169069A01764966
:201570001F1F56BF014376491F3D1BA90960620676491F3D1BA90898630728A908FC764997
:201580001F3556BF014376491F41520169069A0076491F4556BF014376491F5352016906B4
:201590009A0076491F4C56BF014376491F5E520269069A0076491F5756BF014376491F8A8F
:2015A0001BA9012C660576491F8A521E67069A1E76491F8356BF014376491F9552016906E3
:2015B0009A0076491F8E56BF014376491FAB520169069A0076491FA456BF014376491FB668
:2015C000520169069A0076491FAF56BF014376491FC1520169069A0076491FBA56BF0143DD
:2015D00076491FCC520169069A0076491FC556BF014376491FD71BA93A98690728A93A989B
:2015E00076491FD056BF014376491FE2520169069A0076491FDB56BF014376491FED1BA927
:2015F000021C660676491FED1BA901B867069A0076491FE656BF014376491FF8520C690642
:201600009A0076491FF156BF014376492003520169069A0076491FFC56BF01437649200EAA
:20161000520169069A007649200756BF014376491E29525A69069A1E76491E2256BF0143EE
:20162000764920195202690C9A00764920129A017649201D9A0076491FBA56BF014376497D
:201630002024520169069A007649201D56BF01437649203A520169069A007649203356BF09
:201640000143764920451BA9271069069A007649203E56BF0143764920501BA902586606EF
:20165000764920501BA901E0670728A9021C7649204956BF01437649205B1BA9024E66060E
:201660007649205B1BA9019A670728A901FE7649205456BF014376492066526469069A5FA4
:201670007649205F56BF014376492071525F69069A557649206A56BF01437649207C520114
:2016800069069A007649207556BF014376492087520169069A007649208056BF014376495B
:2016900020921BA909F46606764920921BA9060C670728A908007649208B56BF014376494B
:2016A00020A81BA909F46606764920A81BA9060C670728A90800764920A156BF01437649F9
:2016B00020BE1BA909F46606764920BE1BA9060C670728A90800764920B756BF01437649A7
:2016C00020D41BA909F46606764920D41BA9060C670728A90800764920CD56BF0143764955
:2016D00020EA1BA909F46606764920EA1BA9060C670728A90800764920E356BF0143764903
:2016E00021001BA909F46606764921001BA9060C670728A90800764920F956BF01437649AF
:2016F00021161BA909F46606764921161BA9060C670728A908007649210F56BF014376495C
:20170000212C1BA909F466067649212C1BA9060C670728A908007649212556BF0143764909
:2017100021421BA909F46606764921421BA9060C670728A908007649213B56BF01437649B7
:2017200021581BA909F46606764921581BA9060C670728A908007649215156BF0143764965
:20173000216E1BA909F466067649216E1BA9060C670728A908007649216756BF0143764913
:2017400021841BA909F46606764921841BA9060C670728A908007649217D56BF01437649C1
:20175000219B1BA909F462067649219B1BA9060C630728A908007649219356BF0143764975
:2017600021B21BA909F46606764921B21BA9060C670728A90800764921AB56BF0143764917
:2017700021C81BA909F46606764921C81BA9060C670728A90800764921C156BF01437649C5
:2017800021DE1BA909F46606764921DE1BA9060C670728A90800764921D756BF0143764973
:2017900021E91BA909F46606764921E91BA9060C670728A90800764921E256BF0143764942
:2017A00021F41BA909F46606764921F41BA9060C670728A90800764921ED56BF0143764911
:2017B00021FF1BA909F46606764921FF1BA9060C670728A90800764921F856BF01437649E0
:2017C000220A1BA909F466067649220A1BA9060C670728A908007649220356BF01437649AC
:2017D00022151BA909F46606764922151BA9060C670728A908007649220E56BF014376497B
:2017E00022201BA909F46606764922201BA9060C670728A908007649221956BF014376494A
:2017F000222B1BA909F466067649222B1BA9060C670728A908007649222456BF0143764919
:2018000022361BA909F46606764922361BA9060C670728A908007649222F56BF01437649E7
:2018100022411BA909F46606764922411BA9060C670728A908007649223A56BF01437649B6
:20182000224C1BA909F466067649224C1BA9060C670728A908007649224556BF0143764985
:20183000228F521462057649228F520E63069A127649228756BF0143764922BF5201650616
:201840009A00764922B756BF0143764922CB520165069A00764922C356BF0143764922E338
:20185000520265069A00764922DB56BF0143764922EF520165069A00764922E756BF0143C1
:20186000764922FB520165069A00764922F356BF014376492366521F660576492366520049
:2018700060069A017649235F56BF014376492387520169069A007649238056BF014376497E
:2018800023A8520169069A00764923A156BF0143764923B31BA903E76605764923B3521E92
:2018900067069A78764923AC56BF0143764923BE520169069A00764923AC56BF0143764930
:2018A0002392520169069A007649238B56BF01437649239D520169069A007649239656BFE9
:2018B0000143764923C9520F6605764923C9520060069A01764923C256BF0143764923D4AC
:2018C000520169069A00764923C256BF0143764923DF520169069A01764923D856BF01437E
:2018D000764923EA520169069A01764923E356BF0143764923F5520169069A00764923EEAE
:2018E00056BF014376492400526369069A00764923F956BF014376492416520169069A0065
:2018F0007649240F56BF0143764924211BA9753069069A007649241A56BF01437649242CB2
:20190000520169069A007649242556BF014376492437520169069A007649243056BF014328
:2019100076492442520169069A007649243B56BF01437649244D520169069A00764924460A
:2019200056BF014376492458520169069A007649245156BF0143764924631BA90A8C66061E
:20193000764924631BA90992670728A90A8C7649245C56BF014376491F53520060127649D1
:20194000246E1BA9079E66067649246E1BA90384671828A903847649246756BF01436F118A
:201950007649246E1BA9079E66067649246E1BA906A4670728A906A47649246756BF014306
:2019600076491F415200610A76491F41520161069A0076491F4556BF01437649219B1BA95D
:2019700009F462067649219B1BA9060C630728A908007649219356BF01447649228F520EC1
:2019800064057649228F5214650C9A0E76492287764922782DA935647649227156BF014413
:201990003B102910761F024688032901FF20FFFF0FA6600B3B10761F02C5A30EFF68A9A9D3
:2019A000FF3210AC1E0E2910761F02C58F002710FF69060EA84200C9E8EA7649219F56BF1E
:2019B0000144761F02461B03060C68041B0309F469073B1028030800291056BF01441B079B
:2019C000060C68041B0709F469073B1028070800291056BF01441B04060C68041B0409F42C
:2019D00069073B1028040800291056BF01441B06060C68041B0609F469073B1028060800C7
:2019E000291056BF0144FF6976491F5E520269069A0076491F5756BF014376491F53520141
:2019F00069139A0076491F4C76491F535200600628A90384764924676F0528A906A476495E
:201A0000246756BF014376491F53520060127649246E1BA9079E66067649246E1BA903842B
:201A1000671828A903847649246756BF01436F117649246E1BA9079E66067649246E1BA981
:201A200006A4670728A906A47649246756BF01437649A4BD76498184764924631BA90A8CEC
:201A30006606764924631BA90992670728A90A8C7649245C56BF014376491D8352036906F5
:201A40009A0276491D7C56BF014376491D4C520469069A0276491D4556BF014376491D6DED
:201A5000520269069A0076491D6656BF014376491D9A5200613776491D9A520A61337649F9
:201A60001D9A5214612F76491D9A5228612B76491D9A523C612776491D9A525A612376494C
:201A70001D9A5278611F76491D9A5296611B76491D9A52B4611776491D9A52D261137649BA
:201A80001D9A52F0610F76491D9A88A92901FF20FFFF0FA6610728A9FFFF76491D9356BF7F
:201A90000143761F025292345212601476491DC652F069069AF076491DBF56BF01437649DB
:201AA0001DD15296691B9A9676491DCA56BF01436F1576491DC61BA9015E690728A9015EB4
:201AB00076491DBF56BF014376491DD152DC69069ADC76491DCA56BF0143764923BE520071
:201AC000610A764923BE520161069A01764923B756BF014376491FAB5200610A76491FABE5
:201AD000520161069A0176491FA456BF014376491FB65200610A76491FB6520161069A018C
:201AE00076491FAF56BF014376491FA05200610A76491FA0520161069A0076491F9956BF67
:201AF000014376491D62761F02BD5404660976491D7859A976491D6293A155A96908761F6D
:201B000002BD920476491D5B56BF014376491D7859A976491D8F93A155A9670776491D782B
:201B100076491D8756BF014376491CF4520768069A0076491CED56BF01437649200E520168
:201B200069069A007649200756BF01437649219B5200600A28A90800764921939A00764981
:201B3000219F56BF014476491D41520169069A0176491D3A56BF014376491F3D1BA9089813
:201B4000611176491F3D1BA908FC610C76491F3D1BA90960610728A908FC76491F3556BF16
:201B5000014376491DFD5201661976491D4C5200600576491DFD5201611176491D4C52038C
:201B6000600576491DFD5201610976491D4C5204600A76491DFD520160069A0076491DF684
:201B700056BF01437649C8005204601276491E081BA90262660676491E081BA901E067291A
:201B800028A9024876491E0156BF01436F227649C8005202601176491E081BA9013B6605C6
:201B900076491E0852FA671528A9012476491E0156BF01436F0E76491E0852A066057649DD
:201BA0001E08527D67069A9276491E0156BF014376491E131BA9038469069A3C76491E0CF7
:201BB00056BF014376491E1E1BA9038469069A7876491E1756BF014376491E1E59A97649EC
:201BC0001E1393A155A9670876491E1EFFC076491E0C56BF014376491E29525A69069A1E5E
:201BD00076491E2256BF0143764923665200610576492366521F69069A017649235F56BF84
:201BE000014376491F8A1BA9012C69069A1E76491F8356BF014376491F95520169069A0098
:201BF00076491F8E56BF014376491FE2520169069A0076491FDB56BF014376491E29525A30
:201C000069069A1E76491E2256BF014376491FF8520C69069A0476491FF156BF01439A0141
:201C100076491FA49A0176491FAF761F02529234521C600628A9015E76491DBF6F049AF0BF
:201C200076491DBF761F02452B219A0176491F2A92445201600B761F01FC1A0C000476492F
:201C30001158761F01FC1A0A000492435201600B761F01FC1A0C000476491158761F01FC68
:201C40001A0A0004FE848BBE0006761F024092010006FE029641761F02409601FE82000650
:201C5000761F024092020006FE029641761F02409602FE820006761F024092080006FE02C0
:201C60009641761F02409608FE820006761F0240921F0006FE0296419241761F0240961FCE
:201C7000FE820006761F0240920F0006FE029641761F0240960FFE820006761F0240920D01
:201C80000006FE029641761F0240960DFE820006761F024092160006FE029641761F024034
:201C90009616FE820006761F024092180006FE029641761F02409618FE820006761F0240C2
:201CA00092190006FE029641761F02409619FE820006761F0240921B0006FE029641761F9A
:201CB0000240961BFE820006761F0240921D0006FE029641761F0240961DFE820006761F93
:201CC000024092150006FE0296419241761F02409615FE820006761F024092120006FE02E2
:201CD00096419241761F02409612FE820006FE029641761F0290961EFE820006761F0290E6
:201CE000921E0006FE029641761F0290961FFE820006761F0290921F0006FE029641761FAB
:201CF00002449600FE820006761F024492000006FE029641761F02449601FE820006761F9B
:201D0000024492010006FE029641761F02449603FE820006761F024492030006FE029641C6
:201D1000761F02449604FE820006761F024492040006FE029641761F02449605FE8200066E
:201D2000761F024492050006FE029641761F02449606FE820006761F024492060006FE02DE
:201D30009641761F02449607FE820006761F024492070006FE029641761F02449608FE8274
:201D40000006761F024492080006FE029641761F0244960BFE820006761F0244920B0006AB
:201D5000FE029641761F0244960CFE820006761F0244920C0006FE029641761F0244960DC5
:201D6000FE820006761F0244920D0006FE029641761F0244960EFE820006761F0244920E06
:201D70000006FE029641761F0244960FFE820006761F0244920F0006FE029641761F02443C
:201D80009610FE820006761F024492100006FE0296419241761F02449611FE820006761F4D
:201D9000024492110006FE029641761F02449612FE820006761F024492120006FE02964108
:201DA000761F02449613FE820006761F024492130006FE029641761F02449614FE820006B1
:201DB000761F024492140006FE029641761F02449615FE820006761F024492150006FE0221
:201DC0009641761F02449616FE820006761F024492160006FE029641761F02449617FE82B7
:201DD0000006761F024492170006FE029641761F02449618FE820006761F024492180006F2
:201DE000FE029641761F02449619FE820006761F024492190006FE029641761F0244961A0E
:201DF000FE820006761F0244921A0006FE029641761F0244961DFE820006761F0244921D4B
:201E00000006FE029641761F0244961EFE820006761F0244921E0006FE029641761F02448D
:201E1000961FFE820006761F0244921F0006FE029641761F02449620FE820006761F02441C
:201E200092200006FE029641761F02449621FE820006761F024492210006FE029641761FFB
:201E300002449622FE820006761F024492220006FE029641761F02449624FE820006761FF2
:201E4000024492240006FE029641761F02449625FE820006761F024492250006FE0296411E
:201E5000761F02449626FE820006761F024492260006FE029641761F02449627FE820006C7
:201E6000761F024492270006FE029641761F02449628FE820006761F024492280006FE0237
:201E70009641761F02449629FE820006761F024492290006FE029641761F0244962AFE82CD
:201E80000006761F0244922A0006FE029641761F0244962BFE820006761F0244922B000608
:201E9000FE029641761F0244962CFE820006761F0244922C0006FE029641761F0244962D24
:201EA000FE820006761F0244922D0006FE029641761F0244962EFE820006761F0244922E65
:201EB0000006FE029641761F0244962FFE820006761F0244922F0006FE029641761F0244BB
:201EC0009630FE820006761F024492300006FE029641761F02449631FE820006761F024439
:201ED00092310006FE029641761F02449632FE820006761F024492320006FE029641761F18
:201EE00002449633FE820006761F024492330006FE029641761F02449634FE820006761F10
:201EF000024492340006FE029641761F02449635FE820006761F024492350006FE0296413E
:201F0000761F02449636FE820006761F024492360006FE029641761F02449637FE820006E6
:201F1000761F024492370006FE029641761F02449638FE820006761F024492380006FE0256
:201F20009641761F02449639FE820006761F024492390006FE029641761F0244961BFE820B
:201F30000006761F0244921B0006FE0296419241761F0244963EFE820006761F0244923E73
:201F40000006761F0244923F0006FE029641761F0244963FFE820006FE029641761F024509
:201F50009600FE820006761F024592000006FE029641761F02459601FE820006761F024535
:201F600092010006FE029641761F02459602FE820006761F024592020006FE029641761F15
:201F700002459603FE820006761F024592030006FE029641761F02459604FE820006761F0C
:201F8000024592040006FE029641761F02459607FE820006761F024592070006FE02964136
:201F9000761F02459608FE820006761F024592080006FE029641761F02459609FE820006DD
:201FA000761F024592090006FE029641761F0245960AFE820006761F0245920A0006FE024D
:201FB0009641761F0245960BFE820006761F0245920B0006FE029641761F0245960CFE82E3
:201FC0000006761F0245920C0006FE029641761F0245960DFE820006761F0245920D00061E
:201FD000FE029641761F0245960EFE820006761F0245920E0006FE029641761F0245961138
:201FE000FE820006761F024592110006FE029641761F02459612FE820006761F0245921275
:201FF0000006FE029641761F02459613FE820006761F024592130006FE029641761F0245AF
:202000009614FE820006761F024592140006FE029641761F02459615FE820006761F024548
:2020100092150006FE029641761F02459616FE820006761F024592160006FE029641761F28
:2020200002459617FE820006761F024592170006FE029641761F02459618FE820006761F1F
:20203000024592180006FE029641761F02459619FE820006761F024592190006FE0296414D
:20204000761F0245961AFE820006761F0245921A0006FE029641761F0245961BFE820006F6
:20205000761F0245921B0006FE029641761F0245961CFE820006761F0245921C0006FE0266
:202060009641761F0245961DFE820006761F0245921D0006FE029641761F0245961EFE82FC
:202070000006761F0245921E0006FE029641761F0245961FFE820006761F0245921F000637
:20208000FE029641761F02459620FE820006761F024592200006FE029641761F024596254F
:20209000FE820006761F024592250006FE029641761F02459626FE820006761F0245922688
:2020A0000006FE029641761F02459627FE820006761F024592270006FE029641761F0245D6
:2020B0009628FE820006761F024592280006FE029641761F02459629FE820006761F02455C
:2020C00092290006FE029641761F0245962AFE820006761F0245922A0006FE029641761F3C
:2020D0000245962BFE820006761F0245922B0006FE029641761F0245962CFE820006761F33
:2020E0000245922C0006FE029641761F0245962DFE820006761F0245922D0006FE02964161
:2020F000761F0245962EFE820006761F0245922E0006FE029641761F0245962FFE8200060A
:20210000761F0245922F0006FE029641761F02459630FE820006761F024592300006FE0279
:202110009641761F02459631FE820006761F024592310006FE029641761F02459632FE820F
:202120000006761F024592320006FE029641761F02459633FE820006761F0245923300064A
:20213000FE029641761F02459634FE820006761F024592340006FE029641761F0245963566
:20214000FE820006761F024592350006FE029641761F02459636FE820006761F02459236A7
:202150000006FE029641761F02459637FE820006761F024592370006FE029641761F024505
:202160009638FE820006761F024592380006FE029641761F02459639FE820006761F02457B
:2021700092390006FE029641761F0245963AFE820006761F0245923A0006FE029641761F5B
:202180000245963BFE820006761F0245923B0006FE029641761F0245963CFE820006761F52
:202190000245923C0006FE0296419241761F0245963DFE820006761F0245923D0006FE0284
:2021A00096419241761F0245963EFE820006761F0245923E0006FE029641761F0245963F05
:2021B000FE820006761F0245923F0006FE029641761F02469600FE820006761F0246920097
:2021C0000006FE029641761F02469601FE820006761F024692010006FE029641761F0246FE
:2021D0009602FE820006761F024692020006FE029641761F02469603FE820006761F0246AA
:2021E00092030006FE029641761F02469604FE820006761F024692040006FE029641761F8B
:2021F00002469605FE820006761F024692050006FE029641761F02469606FE820006761F81
:20220000024692060006FE029641761F02469607FE820006761F024692070006FE029641AE
:20221000761F02469608FE820006761F024692080006FE029641761F02469609FE82000657
:20222000761F024692090006FE029641761F0246960AFE820006761F0246920A0006FE02C7
:202230009641761F0246960BFE820006761F0246920B0006FE029641761F0246960CFE825D
:202240000006761F0246920C0006FE029641761F0246960DFE820006761F0246920D000698
:20225000FE029641761F02469613FE820006761F024692130006FE029641761F02469614A5
:20226000FE820006761F024692140006FE029641761F02469615FE820006761F02469215E6
:202270000006FE029641761F02469616FE820006761F024692160006FE029641761F024623
:202280009617FE820006761F024692170006FE0296419241761F02469618FE820006761F2F
:20229000024692180006FE0296419241761F02469619FE820006761F024692190006FE02EC
:2022A00096419241761F0246961AFE820006761F0246921A0006FE0296419241761F02464B
:2022B000961BFE820006761F0246921B0006FE0296419241761F0246961CFE820006761FF3
:2022C0000246921C0006FE0296419241761F0246961DFE820006761F0246921D0006FE02B0
:2022D00096419241761F0246961EFE820006761F0246921E0006FE0296419241761F024613
:2022E000961FFE820006761F0246921F0006FE0296419241761F02469620FE820006761FB7
:2022F000024692200006FE0296419241761F02469621FE820006761F024692210006FE0274
:2023000096419241761F02469622FE820006761F024692220006FE0296419241761F0246DA
:202310009623FE820006761F024692230006FE0296419241761F02469624FE820006761F7A
:20232000024692240006FE0296419241761F02469625FE820006761F024692250006FE0237
:2023300096419241761F02469626FE820006761F024692260006FE0296419241761F0246A2
:202340009627FE820006761F024692270006FE0296419241761F02469628FE820006761F3E
:20235000024692280006FE0296419241761F02469629FE820006761F024692290006FE02FB
:202360009641761F0246962AFE820006761F0246922A0006FE029641761F0246962BFE82CF
:202370000006761F0246922B0006FE029641761F0246962CFE820006761F0246922C00060A
:20238000FE029641761F02469633FE820006761F024692330006FE029641761F0246963810
:20239000FE820006761F024692380006FE029641761F02469639FE820006761F0246923949
:2023A0000006FE029641761F02469634FE820006761F024692340006FE029641761F0246B6
:2023B0009635FE820006761F024692350006FE029641761F02469636FE820006761F02462F
:2023C00092360006FE029641761F0246963FFE820006761F0246923F0006FE029641761F00
:2023D00002479600FE820006761F024792000006FE029641761F02479601FE820006761FAB
:2023E000024792010006FE029641761F02479602FE820006761F024792020006FE029641D9
:2023F000761F02479603FE820006761F024792030006FE029641761F02479604FE82000682
:20240000761F024792040006FE029641761F02479606FE820006761F024792060006FE02EF
:202410009641761F02479605FE820006761F024792050006FE029641761F02479609FE8287
:202420000006761F024792090006FE029641761F0247960AFE820006761F0247920A0006BC
:20243000FE029641761F0247960BFE820006761F0247920B0006FE029641761F0247960CD8
:20244000FE820006761F0247920C0006FE029641761F0247960DFE820006761F0247920D19
:202450000006FE029641761F0247960EFE820006761F0247920E0006FE029641761F02474E
:20246000960FFE820006761F0247920F0006FE029641761F02479610FE820006761F0247ED
:20247000921000068F0A392900068F0A3850000676492F243B1076260000762F0000FF6976
:20248000764931B57649318F7649E83C764933EB764929CF76492DEB7649250976492751A6
:2024900076492E6D9A049B01764997487649336B764933CE764931E7E8021A40E8021FD1E8
:2024A0008F0094B876493221761F00302804400076228F00BC10761F0035A8208F00D59283
:2024B000A80C8F00C98EA822761F00348F09E88BA83E761F00358F00BA40A8308F00BA7505
:2024C000A8328F00BA59A834761F00378F09DE39A8048F09DE6BA806761F00368F09DE9D10
:2024D000A8388F09DECFA83A761F00378F00BACEA8088F00BB5BA834761A7623098D761F7D
:2024E00000331A2200401A2600011A2600021A2800011A2800021A2800041A3000101A3039
:2024F00000201A3200041A3200081A3200101A380004FF697649DD2A764953FE7649348E97
:20250000764955687649C02976496103764937FD0006FE047622761F01D0CC01FFF0500669
:202510009601761F01D2CC01FFF050069601761F01D4CC01FFF050069601761F01D6CC01B7
:20252000FFF050069601D4009B00FF699A007649E0FC9A01D4009B007649E0FC9A02D4009E
:202530009B007649E0FC9A03D4009B007649E0FC761F01D01A000004761F01D21A000004A4
:20254000761F01D41A000004761F01D61A000004761F01D01A000080761F01D21A00008067
:20255000761F01D41A000080761F01D61A0000809A6476493776761A7622761F01D0181041
:202560007FFF1811FFF8061218A97FFF18A8FFF81AA980001E12061418A8FFF818A97FFF2C
:2025700051011E14061618A97FFF18A8FFF81AA9800051011E16061818A8FFF818A97FFFD8
:2025800051021E18061A18A97FFF18A8FFF81AA9800051021E1A761F01D218107FFF181197
:20259000FFF8061218A97FFF18A8FFF81AA980001E12061418A8FFF818A97FFF51011E141F
:2025A000061618A97FFF18A8FFF81AA9800051011E16761F01D4061418A8FFF818A97FFFC6
:2025B00051011E14061618A97FFF18A8FFF81AA9800051011E16061818A8FFF818A97FFF98
:2025C00051021E188F078000A8A9982E92A8982F761F01D618107FFF1811FFF8061218A939
:2025D0007FFF18A8FFF81AA980001E12061418A8FFF818A97FFF51011E14061618A97FFF54
:2025E00018A8FFF81AA9800051011E16061818A8FFF818A97FFF51021E18062C18A8FFF8D5
:2025F00018A97FFF51071E2C56BF1341CC4101FF761F01D0CD10FE00CAA89610CC4101FF0E
:20260000CD12FE00CAA89612CC4101FFCD14FE00CAA89614CC4101FFCD16FE00CAA89616AF
:20261000CC4101FFCD18FE00CAA89618CC4101FFCD1AFE00CAA8961ACC4101FF761F01D211
:20262000CD10FE00CAA89610CC4101FFCD12FE00CAA89612CC4101FFCD14FE00CAA896149B
:20263000CC4101FFCD16FE00CAA89616CC4101FF761F01D4CD14FE00CAA89614CC4101FFFF
:20264000CD16FE00CAA89616CC4101FFCD18FE00CAA89618CC4101FFCD2EFE00CAA8962E2F
:20265000CC4101FF761F01D6CD10FE00CAA89610CC4101FFCD12FE00CAA89612CC4101FFED
:20266000CD14FE00CAA89614CC4101FFCD16FE00CAA89616CC4101FFCD18FE00CAA8961843
:20267000CC4101FFCD2CFE00CAA8962C2B4256BF0F439243901F761F01D0FF83CD11FE0FE7
:20268000CAA896119243901FFF83CD13FE0FCAA896139243901FFF83CD15FE0FCAA8961501
:202690009243901FFF83CD17FE0FCAA896179243901FFF83CD19FE0FCAA896199243901F76
:2026A000FF83CD1BFE0FCAA8961B9243901F761F01D2FF83CD11FE0FCAA896119243901F8A
:2026B000FF83CD13FE0FCAA896139243901FFF83CD15FE0FCAA896159243901FFF83CD1784
:2026C000FE0FCAA896179242761F01D4901FFF83CD15FE0FCAA896159242901FFF83CD176A
:2026D000FE0FCAA896179242901FFF83CD19FE0FCAA896199242901FFF83CD2FFE0FCAA825
:2026E000962F9243761F01D6901FFF83CD11FE0FCAA896119243901FFF83CD13FE0FCAA83A
:2026F00096139243901FFF83CD15FE0FCAA896159243901FFF83CD17FE0FCAA89617924324
:20270000901FFF83CD19FE0FCAA896199243901FFF83CD2DFE0FCAA8962D761AFF69FE84B8
:202710000006FE0476220200761F01F01E3C761F01F11E3C761F01F21E3C761F01F31E3C81
:20272000761F01F41E3C761F01F51E3C8F007C00A8422B43924352C0670F2901BE00901F79
:20273000520661065603014307428AA9C2C40A43924352C068F58F007F00A8422B4392435F
:202740005218670C2901BE005603014307428AA9C2C40A439243521868F8761AFE84FF69AF
:202750000006764927117622761F01F01A0C0001CC06FFFC500196061A0C0002CC06FFF381
:20276000500496061A0C0004CC06FFCF501096061A0C0008CC06FF3F504096061A0C001003
:20277000CC06FCFF1AA9010096061A0C0020CC06F3FF1AA9040096061A0C0040CC06CFFFA9
:202780001AA9100096061A0C0080CC063FFF1AA9400096061A0C0100CC07FFFC5001960792
:202790001A0C0400CC07FFCF501096071A0C0800CC07FF3F504096071A0C4000CC07CFFFEE
:2027A0001AA9100096071A0C8000CC073FFF1AA9400096071A0D0001CC08FFFC500196086C
:2027B000CC22FFFC500196221A0D0002CC08FFF350049608CC22FFF3500496221A0D001013
:2027C000761F01FC1A030010761F01F01A0B00101808FCFF1A0D0020CC08F3FF1AA9040090
:2027D0009608CC22F3FF1AA9040096221A0D0040CC08CFFF1AA910009608CC22CFFF1AA9F3
:2027E000100096221A0D0080CC083FFF1AA940009608CC223FFF1AA940009622180DFEFFAE
:2027F000180BFEFF1A0500031809FFFC180DFDFF180BFDFF1A05000C1809FFF3180DFBFFCE
:20280000180BFBFF1A0500301809FFCF1A0D0800761F01FC1A050800761F01F01A0B0800C2
:202810001809FF3F1A0D1000761F01FC1A051000761F01F01A0B10001809FCFF1A0D200033
:20282000761F01FC1A052000761F01F01A0B20001809F3FF180DBFFF180BBFFF1A053000D6
:202830001809CFFF1A0D8000180B7FFF1A05C00018093FFF761A7622761F01F11A0C00013D
:20284000761F01FC1A0A0001761F01F11806FFFC1A0A00011A0C0002761F01FC1A0A00021C
:20285000761F01F11806FFF31A0A00021A0C0004761F01FC1A0C0004761F01F11806FFCF52
:202860001A0A0004180CFFEF180AFFEF1A0203001806FCFF180CFFDF180AFFDF1A020C00AC
:202870001806F3FF1A0C0040761F01FC1A0C0040761F01F11A0A00401806CFFF1A0C0100DC
:20288000761F01FC1A0C0100761F01F11807FFFC1A0A01001A0C0200761F01FC1A0C0200D7
:20289000761F01F11807FFF31A0A02001A0D0001180BFFFE1A0400031808FFFC180DFFFDC5
:2028A000761F01FC1A0B0002761F01F11A0B00021808FFF3180BFFFB180DFFFB180DFFF748
:2028B000761F01FC1A0B0008761F01F11A0B00081808FF3F761F01E456BF3407761F01F1E6
:2028C000180BFFEF180DFFEF1A040300180DFFDF761F01FC1A0D0020761F01F11808F3FF3E
:2028D0001A0B0020180DFFBF1808CFFF180BFFBF1A0D0800180BF7FF1A0500C01809FF3F6B
:2028E000180DBFFF761F01FC1A0D4000761F01F11A0B40001809CFFF180D7FFF761F01FCEC
:2028F0001A0D8000761F01F11A0B800018093FFF761A7622761F01F2180CFFFE761F01FC33
:202900001A140001761F01F21A0A00011806FFFC180CFFFD761F01FC1A140002761F01F258
:202910001A0A00021806FFF3180CFFBF1A023000CC06CFFF1AA910009606CC20CFFF1AA9B7
:2029200010009620180CFF7FCC063FFF1AA940009606CC203FFF1AA940009620180CEFFF8B
:20293000180AEFFF1A0303001807FCFF180CDFFF180ADFFF1A030C001807F3FF1A0C40009B
:20294000180ABFFF1A0330001807CFFF1A0C8000180A7FFF1A03C00018073FFF180DFFFEBB
:20295000761F01FC1A150001761F01F21808FFFC1A0B0001180DFFFD761F01FC1A150002F8
:20296000761F01F21808FFF31A0B0002180DFFFB761F01FC1A150004761F01F21808FFCF3C
:202970001A0B0004180DFFBFCC08CFFF1AA910009608CC22CFFF1AA910009622180DFF7F3E
:202980001A04C000CC083FFF1AA940009608CC223FFF1AA940009622180DFDFFCC09FFF3D7
:2029900050089609CC23FFF350049623180DFBFF1A050030CC09FFCF50209609CC23FFCF65
:2029A000501096231A0D0800761F01FC1A150800761F01F21809FF3F1A0B08001A0D1000BB
:2029B000761F01FC1A151000761F01F21809FCFF1A0B1000180DBFFF180BBFFF1A0530004A
:2029C0001809CFFF761F01F3180CFFF7180AFFF71A0200C01806FF3F761AFF690006FE0217
:2029D0002841087E761F02529234521C60042841087E6F0552126003284106FA7622761FB7
:2029E000174C1823FFFB761A7622761F01021A1B0004CC04FFFC50029604CC04FFF3500875
:2029F00096041A170004761F01011A0700C0761A56BF050928230A2C56BF0221761F01007E
:202A00002B041800E3FF1800FC7FCC00FFFC500296001800FFFB1800FFF7CC00FFCF501031
:202A100096001800FFBF1A0020001808FFEF1808FFFC1808FFBF1808FFF3761F0101280028
:202A2000055528020555282BFFFF282DFFFF761F01021826FFF3CC26FFFC500196261A2414
:202A30000008CC24FFF8500296241A2A00017622761F01061A1B0004CC04FFFC5002960422
:202A4000CC04FFF3500896041A170004761F01051A0700C0761A56BF050928230A2C56BFC8
:202A50000221761F01042B041800E3FF1800FC7FCC00FFFC500296001A0000041800FFF712
:202A60001800FFCF1800FFBF1A0020001808FFEF1808FFFC1808FFBF1808FFF3761F0105AC
:202A70002800055528020555282BFFFF282DFFFF761F01061826FFF3CC26FFFC50019626D6
:202A80001A240008CC24FFF8500196241A2A00017622761F010A1A1B0004CC04FFFC50022B
:202A90009604CC04FFF3500896041A170004761F01091A0700C0761A56BF050928230A2CEF
:202AA00056BF0221761F01082B041800E3FF1800FC7FCC00FFFC500296001A00000418009F
:202AB000FFF71800FFCF1A0020001808FFEF1808FFFC1808FFBF1808FFF3761F0109280010
:202AC000055528020555282BFFFF282DFFFF761F010A1826FFF3CC26FFFC5001962618246E
:202AD000FFF7CC24FFF8500296241A2A00017622761F010E1A1B0004CC04FFFC500296048C
:202AE000CC04FFF3500896041A170004761F010D1A0700C0761A56BF050928230A2C56BF20
:202AF0000221761F010C2B041800E3FF1800FC7FCC00FFFC500296001A0000041800FFF76A
:202B00001800FFCF1A0020001808FFEF1808FFFC1808FFBF1808FFF3761F010D2800055557
:202B100028020555282BFFFF282DFFFF761F010E1826FFF3CC26FFFC500196261824FFF77D
:202B2000CC24FFF8500296241A2A0001761F01121A170004761F01111A0700C056BF0509D5
:202B30001809FFFC282306832B21761F01102B041800E3FF1800FC7FCC00FFFC5002960038
:202B40001800FFFB1800FFF7CC00FFCF501096001808FFEFCC08FFFC500196081808FFBF1B
:202B5000CC08FFF350049608761F01112800055528020555CC00FFFC50029600CC00FFCFB7
:202B600050109600282B04B0282D04B0761F0110180CFFFC761F01121826FFF3CC26FFFCC5
:202B7000500196261824FFF7CC24FFF8500196241A2A00017622761F0115CC07FF3F5040EB
:202B80009607761A56BF0509282304E256BF0221761F01142B041800E3FF1800FC7FCC004A
:202B9000FFFC500296001800FFFB1800FFF71A0000301A0020001808FFEFCC08FFFC500170
:202BA00096081808FFBFCC08FFF350049608761F01152B00CC00FFCF50109600CC00FF3F71
:202BB000508096002B2B2B02CC02FCFF1AA902009602CC02F3FF1AA9040096022B2D761FEA
:202BC0000114180CFFFCCC0CFFF35008960C761F0115CC13C00050F09613CC11C00050F0ED
:202BD0009611761F01161826FFF3CC26FFFC500196261824FFF7CC24FFF8500296241A2AFF
:202BE00000011824F7FFCC24F8FF1AA903009624CC26FCFF1AA9010096261A2408007622F0
:202BF000761F0119CC07FF3F50409607761A56BF0509282304E22B21761F01182B041800B3
:202C0000E3FF1800FC7FCC00FFFC500296001A0000041800FFF71800FFCF1A002000180824
:202C1000FFEFCC08FFFC500196081808FFBFCC08FFF350049608761F01192B00CC00FFCFEE
:202C200050109600CC00FF3F508096002B2B2B02CC02FCFF1AA901009602CC02F3FF1AA903
:202C3000080096022B2D761F0118180CFFFCCC0CFFF35008960C761F0119CC13C00050F06D
:202C40009613CC11C00050F09611761F011A1826FFF3CC26FFFC500196261824FFF7CC244B
:202C5000FFF8500296241A2A00017622761F011ECC04FFFC50029604CC04FFF35008960465
:202C6000761F011DCC07FF3F50809607761A56BF0509924196232B21761F011C2B0418009F
:202C7000E3FF1800FC7FCC00FFFC500296001800FFFB1800FFF7CC00FFCF501096001A0056
:202C800020001808FFEF1808FFFC1808FFBFCC08FFF350049608761F011D280005552802F6
:202C90000555282BFFFF8F00FFFFA82C761F011C180CFFFCCC0CFFF35008960C761F011DD0
:202CA0002B132B11761F011E1826FFF3CC26FFFC500196261824FFF7CC24FFF85001962498
:202CB0001A2A0001761F011D2B00CC00FFFC50029600CC00FFCF501096002B2B2B02CC0251
:202CC000FFF350089602CC02F3FF1AA9040096020E411E2C7622761F0122CC04FFFC5002ED
:202CD0009604CC04FFF350089604761F0121CC07FF3F50809607761A56BF05099241962322
:202CE0002B21761F01202B041800E3FF1800FC7FCC00FFFC500296001800FFFB1800FFF747
:202CF0001800FFCF1A0020001808FFEFCC08FFFC500196081808FFBF1808FFF3761F012131
:202D00002800055528020555282BFFFFA82C761F0120180CFFFCCC0CFFF35008960C761F5A
:202D100001212B132B11761F01221826FFF3CC26FFFC500196261824FFF7CC24FFF85001BB
:202D200096241A2A0001761F01212B00CC00FFFC50029600CC00FFCF5010960002001E2A29
:202D30002B02CC02FFF350089602CC02F3FF1AA9040096029241962D761F01291A0700C051
:202D400056BF05092823C3502B21761F01282B041800E3FF1800FC7F1800FFFC1800FFFB07
:202D50001800FFF7CC00FFCF501096001A0020001808FFEF1808FFFC1808FFBF1808FFF372
:202D6000761F012928000555CC02FCFF1AA901009602CC02FFFC50029602282BFFFF282D94
:202D7000FFFF761F0128180CFFFC180CFFF3761F01291813C0001811C000761F012A1826C1
:202D8000FFF3CC26FFFC500196261824FFF7CC24FFF8500196241A2A0001761F012D1A07FA
:202D900000C056BF05092823C3502B21761F012C2B041800E3FF1800FC7F1800FFFC1A00EB
:202DA00000041800FFF71800FFCF1A0020001808FFEF1808FFFC1808FFBF1808FFF3761F33
:202DB000012DCC02FCFF1AA901009602CC02FFFC50029602CC00FFCF50109600CC00FFFCA6
:202DC00050029600282BFFFF282DFFFF761F012C180CFFFC180CFFF3761F012D1813C000C2
:202DD0001811C000761F012E1826FFF3CC26FFFC500196261824FFF7CC24FFF850019624E8
:202DE0001A2A00017622761F174C1A230004761AFF69FE820006761F01402B162818FFFFEA
:202DF0001814FEFF1815FFEF1815FDFF1A150001CC15FF3F508096151815FFDF1815FFF95C
:202E00001A1400011814FFFD1814C1FF761F01E456BF3506761F01402B362838FFFF1834C4
:202E1000FEFF1835FFEF1835FDFF1A350001CC35FF3F508096351835FFDF1835FFF91A3439
:202E200000011834FFFD1834C1FF761F01E456BF4D07761F01412B162818FFFF1814FEFFDB
:202E30001815FFEF1815FDFF1A150001CC15FF3F508096151815FFDF1815FFF91A14000115
:202E40001814FFFD1814C1FF761F01E456BF3608761F01401A1500081A1401001A16000223
:202E5000761F01401A3500081A3401001A360002761F01411A1500081A1401001A16000225
:202E6000761F01401A150010761F01401A350010761F01411A1500100006761F01C856BF79
:202E7000071056BF0311CC12FF0050019612CC13FF005045961356BF031456BF2311761F06
:202E800001C856BF072056BF0321CC22FF0050019622CC23FF005045962356BF032456BF71
:202E900023210006FE027622761F01C0922990079641924150689629761AFF69FE820006F9
:202EA0007622761F174C1A2200011A2200041A2200081A2200101A2200201A2300011A239E
:202EB00000041A2400011A2400021A2600011A2600021A2600041A2600081A2600101A26E0
:202EC00000201A2600401A2600801A2601001A2602001A2604001A2608001A2800011A28FE
:202ED00000021A2800041A2800081A2800101A2800201A2A00011A2A00021A2A00041A2E81
:202EE00000011A2E00021A3000011A3000021A3000041A3000081A3200011A3200021A3269
:202EF00000041A3400011A3400021A3600011A3600021A3800011A3800021A3900011A3A2D
:202F000000011A3C00011A3C00021A3C00041A3C00081A3E00011A3E00021A3E00041A3EE2
:202F100000081A3E00101A3E00201A3E00401A3E0080761F174D1A0300011A0300021A03F6
:202F20000004761AFF69000676492E928F49E9E028A800008F00BA4028A932EE7649E97409
:202F30007640E6957622FF697649D437761F174C1A3C00011A3C00021A3C00041A3C000827
:202F40008F05D1B692C460098F007BDD761F1746A836A838A83AA83C761F174C183CFFFEF1
:202F5000183CFFFD183CFFFB183CFFF7761A9A01D400D5019B28FF6976492FA376492EA05B
:202F600000067622761F1748CC08FFFC50029608F6FA7700F63277001A080010761AFF69D0
:202F700000067622761F17481808FFF7F6FA7700F63277001808FFFCF6FA7700F632770072
:202F80001A080010761AFF6900067622761F17481808FFEFF6FA7700F6327700CC08FFFC92
:202F900050019608761AFF6900067622761F01C0CC25FF0050559625CC25FF0050AA962551
:202FA000761AFF690006FE207D527C519750964F56BF015F761F1748884F920890030EA969
:202FB0000FA6601588509214907F0EA90FA6600F8851CC140300FFC70EA90FA6600888523F
:202FC0009222903F0EA90FA6FFE101C8884F920890030EA90FA661116F0A76492F616F0D33
:202FD00076492F716F0A76492F856F07924F61F9520161FA520261F2762288509214907F6B
:202FE0000EA90FA660088851CC140300FFC70EA90FA66123761F1744922C761F1748180EC3
:202FF000FFFDF67877001822FFC02B60926052056714761F1748180EFFFEF61477005603A7
:203000000851CA500EA91E1492169001520160FD0A609260520568EE9252523F61089C01E7
:20301000CD22FFC0903FCAA896226F06CD22FFC0903FCAA89622761F01C09222965392292F
:203020009654922A965576222B2ACC25FF0050559625CC25FF0050AA962576083B3092BEE4
:2030300096562B2256BF2829761F17441A2C0001761F17481A0E0002F6147700FF697649E4
:203040002F957622925F5201FFE001208F000800761F1748CC160002FFC052016016180EB3
:20305000FFFDF6787700180EFFFEF614770056030851CA500EA91E1492169001520160FD3D
:203060001A0E0002F6147700761F0030920C9657060A1E44920E9658920F9659761F174DCC
:20307000923C9007965DCC3C0038FFC2965E761F00309214965A06121E469216965B9217DA
:20308000965C761F00301A0C00103B01FF2FE0001E0A180EFF001A0C00201A0C80001A0C9A
:2030900040006F16761F174DCC3CFFF85001963C6F15761F174DCC3CFFF85002963C6F0E23
:2030A000761F174DCC3CFFF85003963C6F07924F61F1520161F6520261E6761F00301A1412
:2030B00080001A1440001A140010A8121816FF001A140020761F00301A0C0010761F0030DF
:2030C0001A140010761F00301A0C0020761F00301A1400201A1480001814FFEF761F003007
:2030D000180CFFEF761F00304F146D05761F00304F0C6CF9761F00301A0C0010761F0030EF
:2030E0001A1400103B01FF2FE000761F003003081E489257960C06441E0A9258960E92599C
:2030F000960F925D761F174D9007CD3CFFF8CAA8963C925E9007FF82CD3CFFC7CAA8963C3D
:20310000925A761F0030961406461E12925B9616925C9617E2C401517700E8020400E274F1
:20311000000977007700E2C403507700E71000C87700E203004C761F17489222903F6003F7
:203120009A016F059222903F560301A985A9BDA90F127700770077007700E6890000770083
:20313000E203004EE2840148E2AF034CE2AF024EE8022800E2740008E2740099770077008F
:2031400077007700E72000087700E203004A9B009A01E801EE60E2AF014AE80E6668E69445
:203150000001AD14620AE805EE60E80E6668E6940001AD1464029A00520061029B01975FAF
:20316000925F5201FFE1FEE6761F1744182CFFFE761F01C0CC25FF0050559625CC25FF0080
:2031700050AA96251A540028925496299255962ACC53FFFE962240566D02291041566D0290
:203180002920F6C87700761F17489252CD22FFC0903FCAA89622761AFEA0FF690006FE0692
:203190008F0A3690A8428F000D00A844020607421E42020607441E4476222B45924552DDDA
:2031A000670D83448A42A0A9C4840902A8421E44C2C50A45924552DD68F5761A761F00338F
:2031B0001A200001FF69FE8600063B10761F00331820FFFE2B222B242B262B282B2A2B2C9E
:2031C0002B2E2B302B322B342B362B382B232B252B272B292B2B2B2D2B2F2B312B332B3555
:2031D0002B372B39FF690006FE04A044A84206440F42690C8A429284A8428A48C4A4DE01E6
:2031E000C24896C406440F4266F6FE8400068F000C00761F0252A8380200761F00301901A7
:2031F0001E022B062B071A0400101A0400200200761F02521E3A761F003019011E0A761FF1
:203200000030020019011E12761F00302B0E2B0F761F00302B162B17761F00301A0C0010B7
:20321000761F00301A140010761F00301A0C0020761F00301A140020761F0030180CFFEFA6
:203220000006FE08E2030146E2030044A84206441EE48A4206461EF4E2AF0044E2AF014620
:20323000E70000087700E68800007700E20300488A428AC4064819011ED48A428AC42BF459
:203240008A428AC42BFC8A428AC41AE400108A428AC41AE400208A428AC418E4FBFF8A42F1
:203250008AC418E4F7FF8A428AC41AE440008A4202001ED4FE880006FE0497449643A842DA
:20326000762218C47FFF8A4218C4FFFE8A4218C4FEFF8A4218C4FFFD8A421AC402008A42F6
:2032700018E4FFDF8A42CC430FFFCDF4F000CAA896F4021207428AA9CC440FFF88A9CDC45E
:20328000F00099A6021207428AA97EC4021907428AA956BF01C4021707428AA956BF01C44D
:20329000021807428AA9CCC4FE0F50A088A9021807428AA97EC4021607428AA9CCC4FE0FC1
:2032A00050A088A9021607428AA97EC4021807428AA9CCC4C1FF88A91AA60E0002180742CF
:2032B0008AA97EC4021607428AA9CCC4C1FF88A91AA60E00021607428AA97EC4021807426D
:2032C0008AA91AC48000021607428AA91AC480008A42CCCCFFF8500496CC8A4218C4FFF3C0
:2032D0008A4218C4F3FF8A4218C4FFCF8A4218C4CFFF8A421AC48000761AFF69FE840006AE
:2032E000FE02A8427622028407428AA9CCC4FFFC500288A9028407428AA97EC40284074229
:2032F0008AA9CCC4FFF3500888A9028407428AA97EC4028007428AA91AC400400282074253
:203300008AA9CCC4FFC7501088A9028207428AA97EC402C007428AA91AC4000F02D2074209
:203310008AA91AC40008028007428AA91AC40080028207428AA9CCC4F1FF88A91AA60400B3
:20332000028207428AA97EC402C007428AA91AC40F0002D407428AA91AC4000802D20742CB
:203330008AA91AC4001002D407428AA91AC4001002C307428AA918C4FEFF02C307428AA9C1
:2033400018C4FDFF02C407428AA918C4FEFF02C407428AA91AC40200029707428AA9CCC4B3
:203350003FFF88A91AA64000029707428AA97EC4029707428AA91AC40004029707428AA98B
:203360001AC40002029707428AA91AC40001761AFF69FE820006761F02529234521C60126C
:2033700028A90B278F005C8028A803627649325C28A90B2728A803628F005CC07649325C1D
:203380006F135212601128A90BB18F005C8028A802DB7649325C28A90BB128A802DB8F001B
:203390005CC07649325C8F004000764932E08F004100764932E08F004200764932E08F0042
:2033A0004300764932E07622761F0102CC173FFF1AA940009617761F010618173FFF761F5A
:2033B000010A18173FFF761F010ECC173FFF1AA940009617761A7622761F01E8CC00FFFCA3
:2033C000500196001A200001CC04FCFF1AA9010096041A220010761AFF6900067622761F2B
:2033D00001E456BF630D761A761F01C11834FFF31A340001FF690006FE02964192410B419B
:2033E00052006107F678770092410B41520060FBFE82FF690006FE062B412B422B432B44BA
:2033F0007622761F01D2CC01FFF050069601D4009B00FF699A017649E0FC761F01D21A0085
:2034000000041A0000809A6476493776761A7622761F01D218107FFF1811FFF8061218A975
:203410007FFF18A8FFF81AA980001E12061418A8FFF818A97FFF51011E14061618A97FFF05
:2034200018A8FFF81AA9800051011E1656BF1345CC4501FFCD10FE00CAA89610CC4501FF8A
:20343000CD12FE00CAA89612CC4501FFCD14FE00CAA89614CC4501FFCD16FE00CAA8961669
:203440001811FE0F1813FE0F1815FE0F1817FE0F761AFF699A6476493776761F01D256BFA9
:203450000F0DCC002000FFCC520161FC761F002C922396411BA9099968061BA90BBB6703C4
:203460000A436F0A1BA9059968061BA907BC67030A426F020A44924252646909761F0252D5
:2034700056BF12349A047649C89C6F17924352646909761F025256BF1C349A047649C89C8E
:203480006F0C9244526469CA761F025256BF16349A047649C89C6F01FE860006761F025206
:2034900092345212FFE000E0761F027D28020BC0761F027D28041388761F027D28050EA65A
:2034A000761F027D28030FAA761F027D280607E9761F027D280710E8761F0280283213958E
:2034B000761F027D28081395761F027D28091395761F028028331395761F028028340FAADD
:2034C000761F028028350FAA761F0280283607C8761F0280283707C8761F0280283807C8F0
:2034D000761F0280283907C8761F0280283A07C8761F028056BF1C3C761F028056BF1C3D44
:2034E000761F0280283B13FB761F025256BF5035761F02AA56BF0A03761F02AA2804066685
:2034F000761F02AA28050666761F02AA56BF9606761F02AA56BF9107761F02AA2808016828
:20350000761F02812807012F761F028156BFB808761F028156BF64099A007649C87428A947
:2035100001687649C87E761F0281280A01EF761F02BD28002260761F02BD28010428761FB7
:2035200002BD56BF6C02761F02BD28040276761F02BD2805026C761F02BD280301D6761F77
:2035300002BD2808015E761F02BD28061220761F02BD28070BEA76492475761F0290A82AB0
:20354000761F02DA28011F40761F02DA28022710761F02DA280301B8761F02E256BF960F18
:20355000761F02C428290208761F02C456BF782A761F027D28000800761F027D56BFE10144
:20356000761F02DA281EF830761F02DA281FFB50761F0282281704DC761F02822818028C4A
:20357000FFEF01BF521CFFE000E0761F027D28020BC0761F027D28041A0B761F027D2805B1
:203580000EA6761F027D28030FAA761F027D280607E9761F027D28070B45761F0280283249
:203590001395761F027D28081395761F027D28091395761F028028331395761F028028340D
:2035A0000FAA761F028028350FAA761F028028360BF7761F028028370BF7761F02802838BF
:2035B0000BF7761F028028390BF7761F0280283A0BF7761F028056BF1C3C761F028056BF54
:2035C0001C3D761F0280283B13FB761F025256BF5035761F02AA56BF0603761F02AA2804BB
:2035D00003A8761F02AA280503A8761F02AA56BFDF06761F02AA56BFBE07761F02AA280850
:2035E0000168761F02812807012F761F028156BFB808761F028156BF99099A007649C8749A
:2035F00028A901687649C87E761F0281280A01EF761F02BD28002260761F02BD280104289B
:20360000761F02BD56BF6C02761F02BD28040276761F02BD2805026C761F02BD280301D696
:20361000761F02BD2808015E761F02BD28061220761F02BD28070BEA76492472761F02900F
:20362000A82A761F02DA28012EE0761F02DA28023A98761F02DA2803028A761F02E256BFED
:20363000960F761F02C428290208761F02C456BF782A761F027D28000800761F027D56BFA0
:20364000E101761F02DA281EF830761F02DA281FFB50761F028228170472761F028228187F
:203650000239FFEF00DE761F027D28020BC0761F027D28041388761F027D28050EA6761FE5
:20366000027D28030FAA761F027D280607E9761F027D280710E8761F028028321395761FCC
:20367000027D28081395761F027D28091395761F028028331395761F028028340FAA761F1B
:20368000028028350FAA761F0280283607C8761F0280283707C8761F0280283807C8761F2E
:203690000280283907C8761F0280283A07C8761F028056BF1C3C761F028056BF1C3D761F82
:2036A0000280283B13FB761F025256BF5035761F02AA56BF0A03761F02AA28040666761FC3
:2036B00002AA28050666761F02AA56BF9606761F02AA56BF9107761F02AA28080168761F66
:2036C00002812807012F761F028156BFB808761F028156BF64099A007649C87428A90168B2
:2036D0007649C87E761F0281280A01EF761F02BD28002260761F02BD28010428761F02BDA0
:2036E00056BF6C02761F02BD28040276761F02BD2805026C761F02BD280301D6761F02BDB6
:2036F0002808015E761F02BD28061220761F02BD28070BEA76492475761F0290A82A761F19
:2037000002DA28012580761F02DA28022EE0761F02DA28030208761F02E256BF960F761FE8
:2037100002C428290208761F02C456BF782A761F027D28000800761F027D56BFE101761F82
:2037200002DA281EF830761F02DA281FFB50761F0282281705CC761F0282281802E6764913
:20373000C800761F02B92DA9359696157649C800761F02B92DA9357896167649C800761FF3
:2037400002B92DA9359696177649C800761F02B92DA9357896187649C800761F02B92DA9AB
:20375000358796197649C800761F02B92DA93569961A761F02B9281B3A98761F02B9281CFA
:203760003A987649C800761F02B92DA9356496080006FE022B419241523C670677000A4191
:203770009241523C68FCFE82FF690006FE0496412B426F0B2B431B4361A8670677000A43C0
:203780001B4361A868FC0A429241544266F4FE84FF6900067649465B761F02B296248F006D
:20379000AD48F6132B84761F02B5280803B61B0803B66303280803B62B0A56BF190956BF8B
:2037A0000A0B761F02B3342B00DA761F02B5562F070C9208540C6502960C920C960D020047
:2037B0001E0E7649465B761F02B596102B1156BF02142B1302001E1800067649465F761F9F
:2037C00002B296388F00AD5CF6132B84761F02B5281C03B61B1C03B66303281C03B656BF66
:2037D000011E56BF191D56BF0A1F761F02B3342D00DA761F02B5562F0720921C542065022B
:2037E00096209220962102001E227649465F761F02B596242B2556BF02282B2702001E2CD1
:2037F00000067649385C764938717649378A764937BD761F02B32B090006761F0252923492
:20380000521C602E761F02B2280F0FA08F000FA0761F02B4A81C761F02B228210FA02822A5
:203810000FA028234268281007D08F0007D0761F02B4A832761F02B2283507D0283607D0A8
:203820002837213456BF2B3D283C087E761F02B356BF820256BF5703280401B36F2D52123B
:20383000602B761F02B2280F07D08F0007D0761F02B4A81C761F02B2282107D0282207D097
:20384000282322C4281007D0761F02B4A832761F02B2282107D0283607D0283722C456BF0B
:20385000243D283C06FA761F02B356BF6B0256BF47032804016500060200761F02B41E085D
:203860001E0A761F02B22B12761F02B41E0E1E181E101E1A761F02B22B20761F02B41E1476
:2038700000060200761F02B41E1E1E20761F02B256BF0126761F02B41E241E2E1E261E307B
:20388000761F02B22B34761F02B41E2A0006761F02B30A0F920F520A68142B0F1B1001396C
:2038900067020A101B100139690328100139761F02B2923C9E3D761F02B3541169020A112B
:2038A0009210761F0115962B28A904E2761F02B39E10761F0115962D761F02B2923C761F31
:2038B000011D9623761F01219623761F02B39211761F011D962B761F02B2923C761F02B3EF
:2038C0009E11761F011D962D761F02B39211761F0121962B761F02B2923C761F02B39E114E
:2038D000761F0121962D0006761F02C69203520161070200761F02B41E34FFEF0097761FF2
:2038E00002C69202520961045207FFE0008B761F02529234521C6043761F02C792176005BD
:2038F000761F02C792186136761F02C6920252076019761F0285E801FC40E80230E1E2AF89
:203900000238E80FAE18E7000080E80A0001E70000087700E6880000761F02B4E20300341E
:203910006F64761F02BEE801FC40E80230E1E2C80205E80FAE18E7000080E80A0001E700A0
:2039200000087700E6880000761F02B4E20300346F4C0200761F02B41E346F47761F02C7C8
:2039300092176005761F02C792186136761F02C6920252076019761F0285E801FCB8E80264
:2039400030E1E2AF0238E80851E8E7000080E80A0001E70000087700E6880000761F02B4E9
:20395000E20300346F22761F02BEE801FCB8E80230E1E2C80205E80851E8E7000080E80A8D
:203960000001E70000087700E6880000761F02B4E20300346F0A0200761F02B41E346F0582
:203970000200761F02B41E340006FE0296417649465B761F02B5930B95A9550C630D7649A3
:203980009F0652C86309761F02B592116005761F02B30A126F04761F02B32B12924154120F
:2039900066112B127649465B2DA935DA562F0742761F02B5920854426503960C6F03924284
:2039A000960CFE820006FE0296417649465F761F02B5931F95A95520630D76499F0E52C8FD
:2039B0006309761F02B592256005761F02B30A136F04761F02B32B139241541366112B13D2
:2039C0007649465F2DA935DA562F0742761F02B5921C5442650396206F0392429620FE82A6
:2039D0000006B2BDAABDFE0A97469645761F02B2920AFFE0023D2B04FFEF0258761F01FC2F
:2039E0001A1508001A151000761F02C52B3C2B3D2B3E0200761F02C51E1E1E201E22761F10
:2039F00002C52B392B3A2B3B761F02C21E3A1E3C1E3E761F02B32B14761F02B256BF01046E
:203A0000FFEF0234761F02B30A1492145219FFE9022D2B14761F02B256BF0204FFEF022639
:203A1000761F02B392155208670E0A150E45761F02C55601001E761F02C20E465601003A55
:203A2000FFEF0214761F02C52901061E761F02C5FF42963C761F02C2063A761F02C5FF4233
:203A30009639761F02C502001E1E761F02C21E3A761F02B32B15761F01FC1A1308001A15DC
:203A40001000761F02B256BF0304FFEF01EF761F02B30A1492145219FFE901E8761F02B280
:203A500056BF0404761F02B32B14FFEF01DF761F02B392155208670E0A150E45761F02C554
:203A600056010020761F02C20E465601003CFFEF01CD761F02C529010620761F02C5FF428A
:203A7000963D761F02C2063C761F02C5FF42963A761F02C502001E20761F02C21E3C761F77
:203A800002B32B15761F01FC1A1508001A131000761F02B256BF0504FFEF01A8761F02B3E3
:203A90000A1492145219FFE901A1761F02B256BF0604761F02B32B14FFEF0198761F02B39B
:203AA00092155208670E0A150E45761F02C556010022761F02C20E465601003EFFEF018692
:203AB000761F02C529010622761F02C5FF42963E761F02C2063E761F02C5FF42963B761F37
:203AC00002C502001E22761F02C21E3E761F02B32B15761F01FC1A1508001A151000761F01
:203AD00002B256BF0704FFEF01613B01761F02C5BE648539761F02C51E4287A60E3C761F72
:203AE00002C50139564400A900C9E8DB96473B01853A761F02C51E420E3D761F02C5013A80
:203AF000564400A900C9E8DB96483B01853B761F02C51E420E3E761F02C5013B564400A92A
:203B000000C9E8DB9649761F02B2924796069248960792499608761F02C53B0192399E3B50
:203B100085A9FF5688A992399E3A85A9FF5693A655A9626828A9F40028A8823C1E44020102
:203B20001E4292489E4785A9568F568F00C9E9911EA6A9A78C4802583447025803AB8C4892
:203B300027D803ABA0AB568F568FA9441E42A3A706A67649DF01761F02B4A93C28ABF400DA
:203B400028AA823C0201A944B2AB1E42063C568F568F00C9E9918F002A308BA9A9A2A84485
:203B50002B428F0927C02B41A8A956210048073C560500A9566300A900C9E9911EA60264D7
:203B60001E442B422B4106A67649DF01761F02B48F000258A9A6A8AC5605003CA9A7566744
:203B7000003CA9A4A3A6565D00A7A944565400A4AAAB1E42B2A97649DF01761F02B4A93EED
:203B80006F5A28A9F40028A8823C1E4402011E4292499E4785A9568F568F00C9E9911EA685
:203B9000A9A78C49025834472A3003ABA0AB568F568FA9441E42A3A706A67649DF01761F87
:203BA00002B4A93E28ABF40028AA823C0201A9441E42562100495663003E5605003E00C9A8
:203BB000E9918F000258A84483A9A9A62B422B41562100495663003E5605003E00C9E991BF
:203BC00076D07AC08F0927C0A9A28EA987A7A8A9073E560500A9566300A9565D00A2A944F8
:203BD000565400A0A3A61E42A0A97649DF01761F02B4A93C063C1E04063E1E068F0186A048
:203BE000A8A90F3C62030F3E651C761F02B256BF0109761F02E256BF39069A0176496911ED
:203BF000761F02B20A0B9A007648F539761F02B2920B520368121A0000801A0100806F0D6B
:203C0000761F02B22B099A0076496911761F02E29206523960022B06761F02B256BF0105C1
:203C10002B0A56BF08046F212B046F1F9204520462115204FFE1FE3D5200FFE1FDC15201DE
:203C2000FFE1FDE25202FFE1FDED5203FFE1FE216FEC5205FFE1FE645206FFE1FE7152075F
:203C3000FFE1FEA5520860E1FE8A86BE8BBE00067649245852006113761F02B30A16921628
:203C4000523268032B160A171B17070868082B17761F02B556BF011156BF01250006761FD7
:203C500002C7921752036706761F02C7921852036813761F02B21A0300017649B8719B0A54
:203C600000C9E9BC761F02B29007CD03FF8FFF83CAA896036F07761F02B21803FFFE180319
:203C7000FF8F0006FE022B41761F02B2CC030070FFC3520360057649C8F396416F047649AD
:203C8000C8EF964176491D4C5203610776491D4C52026103284102489241FE820006FE04C3
:203C90002B432B44E590E203004276493C729B0495A99744764945E652006205764945EAE5
:203CA000520065512D44761F02B2350C960E761F02529234521260327649468D3B0185A9BC
:203CB000BDA90F127700770077007700E6890001E801C8EBE8500009E80A4A93E700005836
:203CC0007700E89050007700E2030042E8020A29E8220A00E80E1479E6970008E2030042A7
:203CD000E2C40044E2AF0142E70000087700E68E0000761F02B2E213000E764945F2964321
:203CE000761F02B2920E544369040843000A6F0296431B431D4C690328431D4C924376499D
:203CF000461C6F14764946911BA90BB8650B764946911BA913886306764946917649461C2D
:203D00006F0528A90BB87649461CFE840006B2BD76491DB02DA9761F02B49A6436A91E38A3
:203D100076491DC659A976491DB093A155A9670976491DC62DA9761F02B49A6436A91E38CB
:203D2000761F02B9412C6C1376491DF25200600F761F02B92D2D3B01350A761F02B485A91A
:203D30000F386311350A85A91E386F0D76491DF2520060098F001770761F02B4A8A90F38F7
:203D40006302A838761F02529234521C60197649468D2DA9761F02B4351EFF14007D0F38AB
:203D50006331FF2007D00F38632D7649468D2DA9761F02B4351EFF14007D1E386F237649B5
:203D6000468D3B01FF68761F02B4560301A9FF5AFF3210ACFF14007D0F386314FF2007D0F5
:203D70000F386310FF697649468D3B01FF68761F02B4560301A9FF5AFF3210ACFF14007DB8
:203D80001E3802FA0F3865021E38761F02C792176005761F02C79218614E761F02C69200BB
:203D900052066149761F02C7921752036713761F02C792185203670E761F02B40638761F4B
:203DA00002B51E008F0003E8A8A90F006338A8006F36761F02B40638761F02B50F00612403
:203DB000761F02B392180A18521969292B18761F02B40638761F02B50F00650D026456018A
:203DC0000000761F02B40638761F02B50F0062171E006F150F006306FF2003E856410000CB
:203DD0006F0E1E006F0C761F02B32B18761F02B51E006F050200761F02B51E00761F02B29D
:203DE000CC030070FFC360098F0003E8761F02B5A8A90F006302A800761F02B50600761F3F
:203DF00002B41E36FF698BBE0006B2BDFE1802001E441E468F00015EA84AA84C2B571E54DD
:203E00001E56764946A71EA63B0102871EAC564400A6FF461E4E7649C8C83B0185A91E5017
:203E10006F01064E655987505644004E1E48761F02C7921752036706761F02C792185203C5
:203E2000683E7649C8DB59A97649C8DF2DA9761F02B492A172AC350A9438761F02B3960DA8
:203E3000764946A7761F02B40F386018761F02B30A0E920E61292B0E920D9B1400C9E952A5
:203E4000720C1B0C09C46504280C09C46F1D1B0CF63C631A280CF63C6F17761F02B32B0EB5
:203E5000920C521465049A14740C6F0E1B0CFFEC6304080C00146F082B0C6F06761F02B32C
:203E60002B0E2B0D2B0C5621000C761F02B456650050A93A6F0602001E48761F02B41E3A5E
:203E70003B01761F02B3852C761F02B21E42342303E800C9E8DB960F3B01761F02B3852EA6
:203E8000761F02B21E42343703E800C9E8DB96109222540F6303960F6F06920F52C8630339
:203E900056BFC80F92365410630396106F06921052C8630356BFC810761F02B40634074896
:203EA000073A1E48761F02529234521C601B7649C7EC761F02D18F0004062D0430A9A8ACF2
:203EB000564400A90F4863277649C7EC761F02D18F0004062D0430A9A8AC564400A91E4854
:203EC0006F1A7649C7EC761F02D18F00043E2D0430A9A8AC564400A90F48630D7649C7ECD4
:203ED000761F02D18F00043E2D0430A9A8AC564400A91E48764945E65200FFE101F57649C1
:203EE00045EA5200FFE101F0761F02B32D2CFF683334A9A9FF3210AC1E542D2E3336A9A938
:203EF000FF3210AC1E560648035403561E52761F02529234521CFFE000B202031E42FF6968
:203F00000648FF3000C9E8DB1EA68F2625A0A8A907A60F5463390652651602051E420652CB
:203F100000C9E8DB761F02B35621002C0754AB4200C9E8DB1EA6020A1E4206A600C9E8DBDC
:203F20001E446F133B01761F02B3852C1E4206480356FF04027100C9E8DB1EA6020A1E422D
:203F300006A600C9E8DB1E443B01852E1E420648035400C9E8DB1EA6020A1E4206A600C9B2
:203F4000E8DB1E466F6802031E42064800C9E8DB07A40F5663390652651602051E420652E6
:203F500000C9E8DB761F02B35621002E0756AB4200C9E8DB1EA6020A1E4206A600C9E8DB98
:203F60001E466F133B01761F02B3852E1E4206480354FF04027100C9E8DB1EA6020A1E42EB
:203F700006A600C9E8DB1E463B01852C1E420648035600C9E8DB1EA6020A1E4206A600C970
:203F8000E8DB1E446F2802031E4206520748FF3000C9E8DB761F02B35621002CAB4200C9FB
:203F9000E8DB1EA6020A1E4206A600C9E8DB1E4402031E420652074800C9E8DB5621002E47
:203FA000AB4200C9E8DB1EA6020A1E4206A600C9E8DB1E462B57FFEF00B38F2625A0A34834
:203FB000FF6AA8A910AC0F54633B0652651702051E42FF69065200C9E8DB761F02B3562132
:203FC000002C0754AB4200C9E8DB1EA6020A1E4206A600C9E8DB1E446F143B01761F02B30E
:203FD000852CFF691E4206480356FF04027100C9E8DB1EA6020A1E4206A600C9E8DB1E44E5
:203FE0003B01852E1E420648035400C9E8DB1EA6020A1E4206A600C9E8DB1E466F60A8A955
:203FF00010AC0F56633B0652651702051E42FF69065200C9E8DB761F02B35621002E07561F
:20400000AB4200C9E8DB1EA6020A1E4206A600C9E8DB1E466F143B01761F02B3852EFF6937
:204010001E4206480354FF04027100C9E8DB1EA6020A1E4206A600C9E8DB1E463B01852CD0
:204020001E420648035600C9E8DB1EA6020A1E4206A600C9E8DB1E446F223B01761F02B30C
:20403000852CFF691E4206520748FF4000C9E8DB1EA6020A1E4206A600C9E8DB1E443B017F
:20404000852E1E4206520748FF4000C9E8DB1EA6020A1E4206A600C9E8DB1E463B01852C22
:20405000761F02B41E42063A00C9E8DB1EA602141E4206A600C9E8DB96572B573B018557E0
:2040600007441E4A761F02B285220F4A630385221E4A761F02C792175203680602050F4AA5
:2040700065071E4A6F0502500F4A65021E4A761F02B2850F0F4A6303850F1E4A764945F6DC
:2040800088A9064A19320FA66509764945F69B3295A90EA8764946266F04064A764946265D
:20409000761F02529234521C60099257FFA096573B01855707461E4C6F053B01855707466D
:2040A0001E4C761F02B285360F4C630385361E4C761F02C792185203680602050F4C650713
:2040B0001E4C6F0502500F4C65021E4C761F02B285100F4C630385101E4C764945FA88A9C7
:2040C000064C19320FA6650A764945FA9B3295A90EA876494630FFEF009B064C764946301B
:2040D000FFEF0096764945E6520061443B01761F02B3852C1E42064800C9E8DB1EA6020A2A
:2040E0001E4206A600C9E8DB1E441E4A3B01761F02B285220F4A630385221E4A761F02C706
:2040F00092175203680602050F4A65071E4A6F0502500F4A65021E4A761F02B2850F0F4AEC
:204100006303850F1E4A764945F688A9064A19320FA66509764945F69B3295A90EA87649DA
:2041100046266F04064A7649462602C8764946306F4E764945EA5200614402C8764946269F
:204120003B01761F02B3852E1E42064800C9E8DB1EA6020A1E4206A600C9E8DB1E461E4CD6
:204130003B01761F02B285360F4C630385361E4C761F02C792185203680602050F4C6507B0
:204140001E4C6F0502500F4C65021E4C761F02B285100F4C630385101E4C764945FA88A936
:20415000064C19320FA66509764945FA9B3295A90EA8764946306F0B064C764946306F0724
:2041600002C87649462602C876494630FE988BBE0006761F02B240006C20761F02B38F4038
:2041700003E88F00ACD928A81450922B7649CCE752006134761F02B32B19761F02B21800F7
:20418000FFFE9A007649668A7649911F520160269A00764991526F22761F02B3D50A8F000C
:20419000ACD928A814B4922B7649CCD252006116761F02B32B19761F02B21A0000019A0182
:2041A0007649668A9A01764991529A00764945FE7649385C761F02C72B170006761F02B235
:2041B00040016C20761F02B38F4003E88F00ACDA28A81450922D7649CCE752006134761F28
:2041C00002B32B1A761F02B21801FFFE9A00764966957649911F520260269A0076499152AD
:2041D0006F22761F02B3D50A8F00ACDA28A814B4922D7649CCD252006116761F02B32B1AF4
:2041E000761F02B21A0100019A01764966959A02764991529A007649460876493871761F23
:2041F00002C72B180006FE029641761F02B243006D1D7649465B761F02B35D418F00ACDB52
:2042000093077649CCE752006125761F02B32B1B761F02B21A0000089A00764945FE764964
:20421000385C761F02C72B176F157649465B761F02B38F4001F48F00ACDB93087649CCD25A
:2042200052006108761F02B32B1B761F02B21800FFF7FE820006FE029641761F02B24301F2
:204230006D1D7649465F761F02B35D418F00ACDC93077649CCE752006125761F02B32B1C0C
:20424000761F02B21A0100089A007649460876493871761F02C72B186F157649465F761FC5
:2042500002B38F4003E88F00ACDC93087649CCD252006108761F02B32B1C761F02B2180122
:20426000FFF7FE820006FE022B412B42761F02529234521C600628410FA0284211306F052F
:20427000284107D028420898761F02B241006C1E764946638F4003E88F00ACDD9341764903
:20428000CCE752006132761F02B32B1D761F02B21800FFFD9A00764966A17649911F520373
:2042900060249A00764991526F2076494663D50A8F00ACDD93427649CCD252006116761FD0
:2042A00002B32B1D761F02B21A0000029A01764966A19A03764991529A00764945FE7649A1
:2042B000385C761F02C72B17FE820006761F02B241016C1F764946678F4003E828A807D051
:2042C0008F00ACDE7649CCE752006133761F02B32B1E761F02B21801FFFD9A00764966AD10
:2042D0007649911F520460259A00764991526F2176494667D50A28A808988F00ACDE764925
:2042E000CCD252006116761F02B32B1E761F02B21A0100029A01764966AD9A0476499152B1
:2042F0009A007649460876493871761F02C72B180006761F02B242006D2276494663D50A97
:2043000028A8FE0C8F00ACDF7649CCE752006134761F02B32B1F761F02B21A0000049A01BA
:20431000764966B99A05764991529A00764945FE7649385C761F02C72B176F1E76494663EA
:204320008F4003E828A8FFF68F00ACDF7649CCD252006112761F02B32B1F761F02B21800CD
:20433000FFFB9A00764966B97649911F520560049A00764991520006761F02B242016D2274
:2043400076494667D50A28A8FE0C8F00ACE07649CCE752006134761F02B32B20761F02B2E6
:204350001A0100049A01764966C59A06764991529A00764945FE7649385C761F02C72B17D8
:204360006F1E764946678F4003E828A8FFF68F00ACE07649CCD252006112761F02B32B20F3
:20437000761F02B21801FFFB9A00764966C57649911F520660049A00764991520006761F4B
:2043800002529234521C6055761F02B244006D297649466D1BA9490C6206764946711BA990
:204390002486651B761F02B30A21922152FAFFE90093761F02B21A0000101A0100109A01BB
:2043A000764966E99A09764991529A007648F539761F02B32B216F7F761F02B32B216F7B20
:2043B0007649466D1BA942686406764946711BA92134631B761F02B30A221B2203E8696B24
:2043C000761F02B21800FFEF1801FFEF9A00764966E9761F02B32B227649911F5209605BC3
:2043D0009A00764991526F57761F02B32B226F53761F02B244006D287649466D1BA927886B
:2043E0006206764946711BA92788651A761F02B30A21922152FA693F761F02B21A0000105E
:2043F0001A0100109A01764966E99A09764991529A007648F539761F02B32B216F2C761F48
:2044000002B32B216F287649466D1BA923F06406764946711BA923F0631B761F02B30A2210
:204410001B2203E86918761F02B21800FFEF1801FFEF9A00764966E9761F02B32B2276498F
:20442000911F520960089A00764991526F04761F02B32B220006761F02B248006D2D7649D3
:204430009E971BA91D4C620B76499E9B1BA90EA6620676499E9F1BA90EA6651A761F02B388
:204440000A23922352326948761F02B21A0001001A0101009A0176496A799A5776499152F5
:204450009A007648F539761F02B32B236F35761F02B32B236F3176499E971BA91B5863299B
:2044600076499E9B1BA90DAC632476499E9F1BA90DAC631F761F02B30A241B2403E8691C1E
:204470000A09920952046318761F02B21800FEFF1801FEFF9A0076496A79761F02B32B2464
:204480007649911F525760089A00764991526F04761F02B32B24761F02B39209650D0201FA
:20449000761F02B5560100028F02BF20A8A90F026607A8026F050200761F02B51E02761F07
:2044A00002B392095204630F8F02BF20761F02B5A8A90F026608761F02B32B090200761F43
:2044B00002B51E020006761F02B245006D227649531D761F02D054076518761F02B30A250B
:2044C0009225523269362B25761F02B21A0000201A0100209A01764966F59A0A76499152F9
:2044D0009A007648F5396F25761F02B32B256F217649531D761F02D054086318761F02B3D1
:2044E0000A26922652326915761F02B21800FFDF1801FFDF9A00764966F57649911F520A1D
:2044F00060089A00764991526F04761F02B32B260006761F02B249006D24761F01FC4E10E1
:204500006C034F106D1A761F02B30A2792275232693F761F02B21A0002001A0102009A01C9
:20451000764967859A16764991529A007648F539761F02B32B276F2C761F02B32B276F289E
:20452000761F01FC4E106C214F106C1F761F02B30A281B2803E8691C0A0A920A5204631864
:20453000761F02B21800FDFF1801FDFF9A0076496785761F02B32B287649911F52166008D8
:204540009A00764991526F04761F02B32B28761F02B3920A650D0201761F02B5560100040D
:204550008F02BF20A8A90F046607A8046F050200761F02B51E04761F02B3920A5204630FCC
:204560008F02BF20761F02B5A8A90F046608761F02B32B0A0200761F02B51E040006761F23
:2045700002B24A006D22761F01FC43186D1A761F02B30A2992295232693D761F02B21A0065
:2045800004001A0104009A01764967A99A1A764991529A007648F539761F02B32B296F2A7B
:20459000761F02B32B296F26761F01FC43186C1F761F02B30A2A1B2A03E8691C0A0B920B7B
:2045A00052046318761F02B21800FBFF1801FBFF9A00764967A9761F02B32B2A7649911F45
:2045B000521A60089A00764991526F04761F02B32B2A761F02B3920B650D0201761F02B521
:2045C000560100068F02BF20A8A90F066607A8066F050200761F02B51E06761F02B3920BC0
:2045D0005204630F8F02BF20761F02B5A8A90F066608761F02B32B0B0200761F02B51E0681
:2045E00000067649911B4CA86C010006761F02B292110006761F02B292250006761F02B2A2
:2045F00092390006761F02B2920D0006761F02B4921C0006761F02B492320006FE02964101
:204600003B10761F02B296112910FF69FE820006FE0296413B10761F02B296252910FF6971
:20461000FE820006FE0296413B10761F02B296392910FF69FE820006FE0296413B10761FEC
:2046200002B2960D2910FF69FE820006FE021E423B10761F02B41E1C2910FF69FE820006A5
:20463000FE021E423B10761F02B41E322910FF69FE820006FE029641761F02B2960AFE82BD
:204640000006761F02B2920D0006761F02B292130006761F0105922D0006761F01FCCC11A3
:204650000800FFCA0006761F02B406040006761F02B406060006761F02B3922B0006761F19
:2046600002B3922D0006761F02B392330006761F02B3923500069A000006761F02B39237E1
:204670000006761F02B3923900069A000006761F02B2CC0000010006761F02B2CC00000137
:204680000006761F02B2CC000008FFC20006761F02B2CC010008FFC20006761F02B3923B34
:204690000006761F02B3922F0006761F02B392310006761F02B492140006761F02B29220EE
:2046A0000006761F02B2CC030070FFC30006761F02B406360006761F02D0183FFF7F183F84
:2046B000FEFF183FFDFF183FFBFF183FF7FF183FEFFF183FFFFD183FDFFF183FFFFB2B3A79
:2046C0002B36761F02D12B002B010006761F02529234521C602A761F02D056BF820556BFF5
:2046D000610656BF490156BF3F0256BF470756BF3C0828090302280A022676491CFF520135
:2046E000603A761F02D056BF780556BF570656BF430156BF390256BF410756BF360828092B
:2046F00002C6280A01EA6F2752126025761F02D056BF820556BF690656BF4D0156BF3F0206
:2047000056BF4D0756BF3C0828090302280A022676491CFF5201600F761F02D056BF4301EB
:2047100056BF350256BF430756BF32082809029E280A01C2761F02D056BF460356BF3204B9
:204720000006FE029641761F02D029012D413600FF4A9636FE820006FE04964176490FB174
:204730009644761F02D0493F6D0E5D418F00B44593017649CCD252016012761F02D01A3F89
:2047400002006F0D5D418F00B44593027649CCE752016005761F02D0183FFDFF761F02D0D5
:2047500092029401FFA096429CFB96434C3F6D0F92445D418F00B44693427649CCD25201B0
:204760006013761F02D01A3F10006F0E92445D418F00B44693437649CCE752016005761FE7
:2047700002D0183FEFFFFE840006FE049641761F02D0473F6D0F92375D418F00B4479305BF
:204780007649CCD252016013761F02D01A3F00806F0E92375D418F00B44793067649CCE73D
:2047900052016005761F02D0183FFF7F761F02D092069405FFA096429CFB96434A3F6D0F91
:2047A00092375D418F00B44893427649CCD252016013761F02D01A3F04006F0E92375D4167
:2047B0008F00B44893437649CCE752016005761F02D0183FFBFFFE840006FE049641761FB0
:2047C00002D0483F6D0F92385D418F00B44993077649CCD252016013761F02D01A3F010092
:2047D0006F0E92385D418F00B44993087649CCE752016005761F02D0183FFEFF761F02D071
:2047E00092089407FFA096429CFB96434B3F6D0F92385D418F00B44A93427649CCD252011D
:2047F0006013761F02D01A3F08006F0E92385D418F00B44A93437649CCE752016005761F67
:2048000002D0183FF7FFFE840006FE029641761F02D04F3F6D13761F023F923E5D418F00D2
:20481000B44B761F02D093097649CCD252016017761F02D01A3F80006F12761F023F923EF8
:204820005D418F00B44B761F02D0930A7649CCE752016005761F02D0183F7FFFFE8200065C
:20483000FE029641761F02D0423F6D1076490FA19B325D418F00B44C7649CCD2520160149F
:20484000761F02D01A3F00046F0F76490FA19B285D418F00B44C7649CCE752016005761FF8
:2048500002D0183FFFFBFE820006761F02D0423F6C039A016F029A000006761F02D0493FAD
:204860006D03473F6C063B101A3A000129106F053B10183AFFFE29104A3F6D034C3F6C06BA
:204870003B101A3A000829106F053B10183AFFF72910463F6D07453F6D05443F6D03433FA4
:204880006C063B101A3A000229106F053B10183AFFFD2910FF690006FE029641FFEF013022
:20489000761F02D05D418F00B4529B8792377649CCE75201FFE0013E761F02D156BF05001E
:2048A0002B132B122B112B102B0F2B0E2B0DFFEF0131761F02D05D418F00B4529B919237AC
:2048B0007649CCD25201600E761F02D156BF06002B132B122B112B102B0F2B0E2B0DFFEFBC
:2048C0000119761F02D05D418F00B4519B7D92377649CCE75201FFE0010D761F02D156BF15
:2048D00004002B132B122B112B102B0F2B0E2B0DFFEF0100761F02D05D418F00B4519B877D
:2048E00092377649CCD25201600E761F02D156BF05002B132B122B112B102B0F2B0E2B0DB2
:2048F000FFEF00E8761F02D05D418F00B4509B7392377649CCE75201FFE000DC761F02D17B
:2049000056BF03002B132B122B112B102B0F2B0E2B0DFFEF00CF761F02D05D418F00B4508D
:204910009B7D92377649CCD25201600E761F02D156BF04002B132B122B112B102B0F2B0EA2
:204920002B0DFFEF00B7761F02D05D418F00B44F9B6992377649CCE75201FFE000AB761F52
:2049300002D156BF02002B132B122B112B102B0F2B0E2B0DFFEF009E761F02D05D418F00C0
:20494000B44F9B7392377649CCD25201600E761F02D156BF03002B132B122B112B102B0FB3
:204950002B0E2B0DFFEF0086761F02D05D418F00B44E9B5F92377649CCE75201607A761FD5
:2049600002D156BF01002B132B122B112B102B0F2B0E2B0D6F6E761F02D05D418F00B44E3E
:204970009B6992377649CCD25201600D761F02D156BF02002B132B122B112B102B0F2B0E59
:204980002B0D6F57761F02D05D418F00B44D9B5592377649CCE75201604C761F02D12B00C7
:204990002B132B122B112B102B0F2B0E2B0D6F41761F02D05D418F00B44D9B5F92377649A3
:2049A000CCD25201600D761F02D156BF01002B132B122B112B102B0F2B0E2B0D6F2A761F50
:2049B00002D10A139241541366242B132B122B112B102B0F2B0E2B0D2B006F1B761F02D179
:2049C00092005203620C5203FFE1FF47520061D1520161A25202FFE1FF716F0B5204FFE1D9
:2049D000FF0B5205FFE1FED75206FFE1FEBB6F01FE820006FE02964176490FB19642FFEFAE
:2049E00000AA92425D418F00B4579B4B7649CCE75201FFE000B3761F02D156BF03012B1800
:2049F0002B172B162B152B14FFEF00A892425D418F00B4579B557649CCD25201600C761F62
:204A000002D156BF04012B182B172B162B152B14FFEF009492425D418F00B4569B4176493C
:204A1000CCE75201FFE0008A761F02D156BF02012B182B172B162B152B146F7F92425D41F2
:204A20008F00B4569B4B7649CCD25201600B761F02D156BF03012B182B172B162B152B1416
:204A30006F6C92425D418F00B4559B377649CCE752016063761F02D156BF01012B182B1723
:204A40002B162B152B146F5992425D418F00B4559B417649CCD25201600B761F02D156BF50
:204A500002012B182B172B162B152B146F4692425D418F00B4549B2D7649CCE75201603D16
:204A6000761F02D12B012B182B172B162B152B146F3492425D418F00B4549B377649CCD282
:204A70005201600B761F02D156BF01012B182B172B162B152B146F21761F02D10A189241B7
:204A80005418661B2B182B172B162B152B142B016F14761F02D19201520262085202618F38
:204A9000520061D8520161B16F085203FFE1FF605204FFE1FF486F01FE820006FE029641C1
:204AA000761F02C69200FFE1026B52016003FFEF02677649911B42A86D148F00A180764968
:204AB000530928A8FFEC5D418F00B4597649CCE7520160198F040000A8A97649913B6F1366
:204AC0008F00A1807649530928A8FFEE5D418F00B4597649CCD2520160068F040000A8A91A
:204AD000764991467649911B43A86D148F00A18C7649530928A8FFEC5D418F00B45A7649CD
:204AE000CCE7520160198F080000A8A97649913B6F138F00A18C7649530928A8FFEE5D4110
:204AF0008F00B45A7649CCD2520160068F080000A8A9764991467649911B44A86D148F000E
:204B0000A1987649530928A8FFEC5D418F00B45B7649CCE7520160198F100000A8A976495D
:204B1000913B6F138F00A1987649530928A8FFEE5D418F00B45B7649CCD2520160068F10A6
:204B20000000A8A9764991467649911B45A86D148F00A1A47649530928A8FFEC5D418F00DE
:204B3000B45C7649CCE7520160198F200000A8A97649913B6F138F00A1A47649530928A84B
:204B4000FFEE5D418F00B45C7649CCD2520160068F200000A8A976499146761F02529234D0
:204B5000521C604F7649911B46A86D138F00A1B07649530928A8FFEC5D418F00B45D76499C
:204B6000CCE7520160179A009B407649913B6F128F00A1B07649530928A8FFEE5D418F0052
:204B7000B45D7649CCD2520160059A009B40764991467649911B47A86D138F00A1C076496B
:204B8000530928A8FFEC5D418F00B45E7649CCE7520160179A009B807649913B6F128F0033
:204B9000A1C07649530928A8FFEE5D418F00B45E7649CCD2520160059A009B80764991462D
:204BA0007649911B48A86D138F00A1CC7649530928A8FFEC5D418F00B45F7649CCE7520143
:204BB0006017FF2F02007649913B6F128F00A1CC7649530928A8FFEE5D418F00B45F76495F
:204BC000CCD252016005FF2F0200764991467649911B49A86D138F00A1D87649530928A8EA
:204BD000FFEC5D418F00B4607649CCE752016017FF2F04007649913B6F128F00A1D8764958
:204BE000530928A8FFEE5D418F00B4607649CCD252016005FF2F040076499146761F02D116
:204BF0002B037649911B42A86C04761F02D10A037649911B43A86C04761F02D10A03764943
:204C0000911B44A86C04761F02D10A037649911B45A86C04761F02D10A037649911B46A881
:204C10006C04761F02D10A037649911B47A86C04761F02D10A037649911B48A86C04761F00
:204C200002D10A037649911B49A86C04761F02D10A037649911B4AA86D207649911B90006E
:204C3000910CFF58612E761F02D1920352026706761F02C6920052026024FF2F0800764967
:204C4000913B9A2D764991529A019B017649E7709A017649688D6F157649911B9000910C67
:204C5000FF58600FFF2F0800764991467649911F522D60049A00764991529A007649688DD6
:204C60007649911B4BA86D207649911B900091F0FF58612E761F02D1920352026706761F94
:204C700002C6920052026024FF2F10007649913B9A2E764991529A019B017649E7709A01D7
:204C8000764968996F157649911B900091F0FF58600FFF2F1000764991467649911F522ECB
:204C900060049A00764991529A00764968997649911B4CA86D3A7649911B48A86C19761F8F
:204CA00002D1920352026706761F02C692005202600FFF2F20007649913B9A0C76499152F8
:204CB0009A019B017649E7709A017649670D7649911B49A86C54FF2F20007649913B9A0D2D
:204CC00076499152761F02D1920352026706761F02C69200520260059A019B017649E7707F
:204CD0009A01764967196F3B7649911B900018A80300FF586017FF2F200076499146764911
:204CE000911F520D61057649911F520C60049A00764991529A007649670D9A00764967192C
:204CF0006F1E7649911B48A86D0C7649911F520C60049A00764991529A007649670D6F0F8B
:204D00007649911B49A86D0B7649911F520D60049A00764991529A0076496719FE820006F2
:204D1000FE0A96412B422B43761F02D02D37350A96462D36350A964756BF0448761F023F2D
:204D2000923E964976491F3D28A808FC761F02D09FA992A8FFCE94A8FFA008A9047E961467
:204D300076491F3D28A808FC761F02D09FA992A8FFCE94A8FFA008A9041A961676491F3D4D
:204D400093A928A908FC9EA89B0500C9E952761F02D028A802B295A9971A76491F3D93A927
:204D500028A908FC9EA89B0500C9E952761F02D028A8029E95A9971C76491F3D28A808FCCD
:204D6000761F02D09FA992A8FFCE94A8FFA008A9044C961176491F3D28A808FC761F02D0A4
:204D70009FA992A8FFCE94A8FFA008A903CA961376491F3D93A928A908FC9EA89B0500C9F7
:204D8000E952761F02D028A8029495A9971776491F3D93A928A908FC9EA89B0500C9E95209
:204D9000761F02D028A8028095A9971976491F3D93A928A908FC9EA89B0300C9E952761FB3
:204DA00002D028A8029E95A9971D76491F3D93A928A908FC9EA89B0300C9E952761F02D044
:204DB00028A801F495A9971F56BF054876491F3D1BA90960600356BF074876491F3D1BA9DA
:204DC0000898600356BF034876491CFF5200606F761F02529234521C602B761F02D09211C3
:204DD000544665032B426F1092461BA904E262079E119B0500C9E95296426F061BA904E2A0
:204DE000650356BF28429217544769032B436F3992471BA902D0620692479E17FFC0964309
:204DF0006F301BA902D0652D56BF28436F2A761F02D09214544665032B426F1092461BA92C
:204E0000051462079E149B0500C9E95296426F061BA90514650356BF2842921A54476903F6
:204E10002B436F0F92471BA902EE620692479E1AFFC096436F061BA902EE650356BF284367
:204E2000921D54496603924963032B446F101BA90302620892499E1D2DA93527FFC69644F4
:204E30006F061BA90302650356BF284476491CFF5201FFE00092761F02529234521C6047D9
:204E4000761F02D092119C9C544665032B426F1192461BA9047E62089E119B059C6400C981
:204E5000E95296426F061BA9047E650356BF284292179CC4544769032B436F1092471BA9F3
:204E60000294620792479E179C3CFFC096436F061BA90294650356BF2843921D9CC45449D2
:204E700069032B446F5992491BA902C6620A92499E1D2DA9352708A90924FFC696446F4CAC
:204E80001BA902C6654956BF28446F46761F02D092149C9C544665032B426F1192461BA9D2
:204E900004B062089E149B059C6400C9E95296426F061BA904B0650356BF2842921A9C9CFE
:204EA000544769032B436F1092471BA9028A620792479E1A9C64FFC096436F061BA9028A7E
:204EB000650356BF2843921D9C9C544969032B446F1392491BA9029E620A92499E1D2DA902
:204EC000352708A90F3CFFC696446F061BA9029E650356BF28447649C7EC1BA901E0671289
:204ED0007649C7EC28A801E0BE0A9FA90EA8F60F1FA62DA912489645761F02D056BF013354
:204EE0006F052B45761F02D02B33924554426905761F02D196026F059242761F02D19602E6
:204EF0009243540269029602924454026902960292025228690356BF28029242600592437E
:204F0000600392446106761F02D056BF01326F04761F02D02B32FE8A0006FE0496412B4237
:204F10002B43761F023F923E9644761F02529234521C601B7649468D2DA935031BA90C4E3D
:204F20006507761F02D1922B60030A2A6F277649468D2DA935031BA90C4E6320761F02D10A
:204F3000922A611C0B2A6F1A7649468D560301A91BA908706507761F02D1922B60030A2A71
:204F40006F0D7649468D560301A91BA908706306761F02D1922A61020B2A28A90BB8761FB6
:204F500002D1542A60042B2A56BF012B922B6106922C60040201560100308F015F90A8A956
:204F60000F30601F56BF012C761F02529234521C600D7649468D2DA935031BA90C4E651173
:204F7000761F02D1282501296F0C7649468D560301A91BA908706505761F02D156BFCC261D
:204F8000761F02D1922C610402015641003006306009922C61072B2C2B2B2825015E56BF89
:204F9000F02676491CFF5200FFE000A9761F02D1922752016010761F02D092445D418F00E9
:204FA000B46293317649CCE752016014761F02D12B276F10761F02D092445D418F00B46225
:204FB000932F7649CCD252016005761F02D156BF0127761F02529234521C6042761F02D03F
:204FC000923F90015201600F932292385D418F00B4617649CCE752016013761F02D0183FF6
:204FD000FFFE6F0E932092385D418F00B4617649CCD252016005761F02D01A3F0001761F1D
:204FE00002D0403F6C0A2D3828A9015E31199EAB08A9067296426F032842015E761F02D11E
:204FF0009227610B924408A9FD62560301A928A8015E9FA997436F422843015E6F3F761F84
:2050000002D0923F90015201600F932592385D418F00B4617649CCE752016013761F02D037
:20501000183FFFFE6F0E932392385D418F00B4617649CCD252016005761F02D01A3F000117
:20502000761F02D0403F6C092D389AF09BAB31039EAB95A997426F0356BFF042761F02D12B
:205030009227610A9244BEF008A9FD62560301A974A67E436F0356BFF04376491CFF5201E3
:20504000FFE000E2761F02529234521C604C761F02D1922852016011761F02D093225D4126
:205050008F00B46392389DFA7649CCE752016015761F02D12B286F11761F02D093205D410C
:205060008F00B46392389DFA7649CCD252016005761F02D156BF0128761F02D192295201F8
:205070006011761F02D0933192445D418F00B4649DC47649CCE752016060761F02D12B29C7
:205080006F5C761F02D0932F92445D418F00B4649DC47649CCD252016050761F02D156BFC3
:2050900001296F4B761F02D1922852016011761F02D093255D418F00B46392389DF67649B7
:2050A000CCE752016015761F02D12B286F11761F02D093235D418F00B46392389DF67649BD
:2050B000CCD252016005761F02D156BF0128761F02D1922952016011761F02D093319244FC
:2050C0005D418F00B4649D9C7649CCE752016015761F02D12B296F11761F02D0932F9244DD
:2050D0005D418F00B4649D9C7649CCD252016005761F02D156BF0129761F02529234521C69
:2050E0006023761F02D19228610C761F02D028A9015E2D3831199EAB08A905DC96426F0333
:2050F0002842015E761F02D19229610B924408A9FD9E560301A928A8015E9FA997436F2340
:205100002843015E6F20761F02D19228610B761F02D09AF02D389B8D31039EAB95A9974296
:205110006F0356BFF042761F02D19229610A9244BEF008A9FDC6560301A974A67E436F03F0
:2051200056BFF0439243544263029642761F02529234521C6008761F02D1922554426309D9
:2051300096426F07761F02D1922654426302964292429604761F02529234521C601A761F84
:2051400002D11B04015E65042804015E6F06920452FA630356BFFA041B04015E6306761FBE
:2051500002D056BF01346F1C761F02D02B346F18761F02D1920452F0650456BFF0046F0525
:2051600052B4630356BFB404920452F06306761F02D056BF01346F04761F02D02B34FE8449
:205170000006FE06964156BF414256BF414356BF4144761F025292345212600756BF2C4276
:2051800056BF2C4356BF2C44761F023F923E964576491CFF5200605D761F02529234521C7F
:20519000602E761F02D09236524265092D369A4131059EAB08A9014A96426F0356BF4142A5
:2051A0001B45029E650C2D4535289B6408A9975000C9E9529B419FA997436F0356BF41430B
:2051B0009237526E65092D379A4131039EAB08A9014A96446F2E56BF41446F2B761F02D01E
:2051C0009236524565089CBBBE2C560302A974A67E426F0356BF2C421B45029E650C2D450C
:2051D00035289B6408A9975000C9E9529B2C9FA997436F0356BF2C439237527365089C8DC4
:2051E000BE2C560301A974A67E446F0356BF2C4476491CFF5201605D761F02529234521CE8
:2051F000602E761F02D09236523C65092D369A4131059EAB08A9012C96426F0356BF414269
:205200001B450262650C2D4535289B6408A9A0B000C9E9529B419FA997436F0356BF41437D
:205210009237526465092D379A4131039EAB08A9012C96446F2E56BF41446F2B761F02D0E5
:205220009236523B65089CC5BE2C560302A974A67E426F0356BF2C421B45023A650C2D450F
:2052300035289B6408A9A6F000C9E9529B2C9FA997436F0356BF2C439237526965089C97B4
:20524000BE2C560301A974A67E446F0356BF2C44924354426302964292445442630296423D
:20525000761F02529234521C601792425241650456BF41426F05521A630356BF1A429242B7
:2052600052416306761F02D056BF01356F1A761F02D02B356F169242522C650456BF2C426D
:205270006F055214630356BF14429242522C6306761F02D056BF01356F04761F02D02B35CC
:20528000FE860006FE0296416F60761F02C35D418F00B46E9B3C920A7649CCE75201600A93
:20529000761F02BD56BF012D761F02D12B2F2B2D2B2E761F02C35D418F00B46E9B41920AD3
:2052A0007649CCD25201600B761F02BD56BF022D761F02D12B2F2B2E2B2D6F40761F02C3BF
:2052B0005D418F00B46D9B32920A7649CCE752016035761F02BD2B2D761F02D12B2F2B2D07
:2052C0002B2E6F2C761F02C35D418F00B46D9B3C920A7649CCD25201600B761F02BD56BF3B
:2052D000012D761F02D12B2F2B2D2B2E6F17761F02D10A2F9241542F66112B2F2B2D2B2E1E
:2052E000761F02BD2B2D6F0A761F02BD922D61DB520161B05202619A6F01FE8200067649D2
:2052F000911BFF5A18AB000018AA0800FF2F10000FAB610C7649911BFF5A18AB000018AA5E
:205300000400FF2F08000FAB60039A016F029A000006FE0E5DADA84EC54EDD8C0EA58AA91C
:20531000F60B24849242FE8E0006761F02D092360006761F02D092370006761F02D09238D2
:205320000006761F02D092390006FE023B10761F02D0403A6C0456BF01416F022B41291026
:205330009241FF69FE820006FE023B10761F02D0433A6C0456BF01416F022B4129109241BD
:20534000FF69FE820006FE023B10761F02D0413A6C0456BF01416F022B4129109241FF691A
:20535000FE820006761F02D192000006761F02D192010006761F02D0CC3F2000FFCC000653
:20536000761F02D0CC3F0002FFC00006761F02D0CC3F0100FFC70006761F02D0CC3F020041
:20537000FFC80006761F02D0CC3F0080FFC60006761F02D0CC3F8000FFCE0006FE049643F3
:20538000A842020A07421EA7924396C7FE840006FE022B41761F0286922E761F0286542273
:20539000650396416F03922296413B10761F02D096362910FE82FF690006FE022B41761F1B
:2053A00002869216761F0286540A650396416F03920A96413B10761F02D096372910FE82E6
:2053B000FF690006FE022B41761F02879222761F02875416650396416F03921696413B102E
:2053C000761F02D096382910FE82FF690006FE022B41761F0287920A761F0286543A650338
:2053D00096416F03923A96413B10761F02D096392910FE82FF690006FE0296419241761FEA
:2053E00002D09601FE820006FE0296419241761F02D09602FE820006FE029641761F02D051
:2053F0009600FE820006FE02E2030042E27100007700E27800007700FE82000628A90A2C32
:2054000076495FD6761F02A92800018056BF8016281701009200FFC196129200FFC09601E2
:205410002D003503FFC196139200FFC29CFF963C8F09C8F7761F02ABA8308F09C958A838E4
:2054200028A94E207649AEF9000628A90A2C76495FD6761F02A92800018056BF80162817F3
:2054300001009200FFC196129200FFC096012D003503FFC196139200FFC29CFF963C8F0953
:20544000C8F7761F02ABA8308F09C958A83828A9411A7649AEF90006FE069742964128ACBA
:205450002D4029013041FF4796433042FF47964492439E449645761F02E05403690D9244D7
:20546000761F02E09404761F02E09603761F02E096089A006F0792439603761F02E0960865
:205470009A01FE860006761F0280E2C8003F761F02ADE203003A0006FE022B41761F02ABE0
:205480000A179217520A68082B17761F02AA1B38072963020A38761F02AA1B38072965039D
:20549000283807293B01761F0280853F761F02AB07308AA9761F02AA2D38761F02A912C4ED
:2054A000FF4D9623960956BF654192189E415409630492189E41960992419E1854096504C9
:2054B00092419E18960956BF644192096457960A92189E0A761F0105962B56BF012D924140
:2054C000761F0101962B761F02A992189E0A9E41761F0101962D761F02A9920A761F010D2A
:2054D000962B761F02A99218761F010D9CFF962D761F02A9920A761F01099E41962B924122
:2054E000761F02A9940A761F0109962D761F02AA923761132B37761F010556BF0809761F36
:2054F000010D56BF0909761F010156BF0109761F010956BF01096F6B761F010556BF080958
:20550000761F010D56BF0809761F010156BF0109761F010956BF01096F5AFF5C960B960AE9
:205510009218761F01059E41962B9241761F02A9940A761F0105962D761F02A9920A761F16
:205520000101962B761F02A99218761F01019CFF962D9241761F010D962B761F02A99218A8
:205530009E0A9E41761F010D962D761F02A992189E0A761F0109962B56BF012D761F02AAF8
:2055400092375201611456BF0137761F010156BF0909761F010956BF0809761F010556BF3A
:205550000109761F010D56BF01096F11761F010156BF0809761F010956BF0809761F0105D2
:2055600056BF0109761F010D56BF0109FE820006761F025292345202610F5203610D520537
:20557000610B5206610952086107520D610552126103521C607C761F02A956BF322428255C
:205580001E7B28261E5428273CF628281CF62B29282A100056BF072B8F001D40761F02ABA4
:20559000A832A834761F02A9282C26B8282D06B5282E2ED1282F0D27283021AA2B0D2B0954
:2055A0002B0A2B0BBE003B0185A6761F02AB1E2A1E1C1E1E1E201E281E26BE00761F02A995
:2055B0007E0E7E0F761F02ACC206C208761F02A92807039C761F02E02B03761F02E02B0494
:2055C000761F02A928A9021C9632963156BF06339A14961F761F02AA963D761F02A99AC8A6
:2055D0009622761F02AA963E761F02A92B202B21761F02AA280007D02B092B0AE591761F63
:2055E00002ABE68C0008E203012C761F02A9E2130010761F02AA280E0640280FF9C056BF6B
:2055F000B20B56BFC51056BF1D116F7C761F02A956BF322428251E7B28261E5428273CF6F4
:2056000028281CF62B29282A100056BF072B8F001D40761F02ABA832A834761F02A9282CB3
:205610002839282D0838282E2E04282F0875283025912B0D2B092B0A2B0BBE003B0185A61E
:20562000761F02AB1E2A1E1C1E1E1E201E281E26BE00761F02A97E0E7E0F761F02ACC20680
:20563000C208761F02A92807039C761F02E02B03761F02E02B04761F02A928A9021C963240
:20564000963156BF03339A30961F761F02AA963D761F02A928A901319622761F02AA963E95
:20565000761F02A92B202B21761F02AA280007D02B092B0AE591761F02ABE68C0008E203A3
:20566000012C761F02A9E2130010761F02AA280E0640280FF9C056BFB40B56BFC51056BF38
:205670001D110006761F02A956BF010C2B390200761F02AB1E181E1A761F02A92B0D2B09C2
:205680002B0A2B0BBE003B01761F02AB85A61E2A1E1C1E1E1E201E281E26BE00761F02ACB1
:20569000C208C20606A6C208761F02A9960F960E761F02AA56BF023656BF02372B0AE591E2
:2056A000761F02ABE68C0008E203012C761F02A9E2130010761F02AB02001E2E1E22761F72
:2056B00002AA56BF01192B1A761F021F2B19761F021F2B18761F021F2B1A761F02C42B2620
:2056C000761F02AA2B38761F02AB2B002B01280B0384761F02AA281F01F4761F02ACE5909E
:2056D000E203003CE203003EE2030022E2030024E2030026E2030028E203002AE203002C2E
:2056E000E203002E761F02ADE203003E761F02ACE203001E761F02ADE2030004E2030006D2
:2056F000E2030008E203000AE203000CE203000EE2030010E2030016E203001E761F02ABA5
:205700002B0F2B0E0006FE022B41761F021F9218761F02A99609761F02C492265201FFE020
:2057100000BD761F02A93B01341803CDFF499641540963029609FF5C540965049241FF5C55
:205720009609761F0280853F761F02AB07308AA9761F02A92D0912C4562F0142761F027E1A
:20573000921A634E924265022B428542761F02A9FF56960A92189E0A761F0105962B761F15
:2057400002A9920A761F010D962B761F02A99218761F01019CFF962B761F010956BF012BE1
:20575000761F02AA9237610B2B37761F010556BF0509761F010D56BF05096F09761F0105CA
:2057600056BF0409761F010D56BF0409761F02AA9236610C2B36761F010156BF0509761F1C
:20577000010956BF0509FFEF009B761F010156BF0909761F010956BF0909FFEF009192428C
:2057800063022B428542761F02A9FF56960A92189E0A761F0105962D761F02A9920A761F1A
:20579000010D962D761F02A99218761F01019CFF962B761F010956BF012B761F02AA923761
:2057A0005201610C56BF0137761F010556BF0509761F010D56BF05096F07761F010556BF32
:2057B000010956BF0109761F02AA92365201610C56BF0136761F010156BF0509761F010942
:2057C00056BF05096F4C761F010156BF0609761F010956BF06096F433B01761F02A95603E6
:2057D0000918FF499641540963029609FF5C540965049241FF5C96098509FF5693189FA954
:2057E000970A920A761F0105962D761F0101962D761F02A992189E0A761F010D962D761F27
:2057F00002A992189E0A761F0109962D761F0105CC09FFFC50019609761F0101CC09FFFC78
:2058000050019609761F010DCC09FFFC50019609761F0109CC09FFFC50019609FE82000650
:20581000E20304BDE20305BDE20306BDE20307BDFE0A2B452B472B482B49761F021F9218A9
:20582000761F02A9960956BF6448341803D4562F054592189E489CFF5445630592189E481A
:205830009CFF96459245540963029609FF5C540965049245FF5C96093B01761F0280853FA1
:20584000761F02AB07308AA9761F02A92D0912C4562F0146761F02C79227FFE00323761FD3
:2058500002E292236145761F02A99200761F0280FFC0543F6918761F02E28823B632761F9C
:205860000280DE322DA6C342123F00C9E8DB9647761F02A99200FFC05447672E9200FFC0F2
:2058700096476F2A761F02A99200FFC0761F028088A9853F761F02E2FF5A92239C32565DFD
:2058800000A6BE3285A91EAC564400ABC24200C9E8DB761F02A99300FFD095A99747920055
:205890009CFF5447670992009CFF96476F05761F0280923F9647761F027DE2C8010B761FB0
:2058A00002ADE2AF0024E71000407700E2030024761F02A90A39923943A9FFEC00E12B3963
:2058B000E84F8000761F02ADE2AF0122E72000087700E2030026E590E2030024E2AF002663
:2058C000E8160E40AD14FFE30081E2AF0124E80220C0E84F8009E80C0000E6940001AD14E8
:2058D000653DE2AF002AE8121240AD14650CE801F4C8E2AF012AE80CCCD0E700004077004E
:2058E000E203002A06261E28E801EA00E2AF0126E80F5F70E7000009E2AF072AE71001C864
:2058F0007700E203002AE2AF022EE2AF0130E8904812E6AF0009E6960008E6970010E20329
:20590000002AE2AF0026E8503001E2AF062AE71001887700E203002C6F2B06261E28E8017F
:20591000E500E2AF0126E80C8170E7000009E2AF072AE71001C87700E203002AE2AF022E3C
:20592000E2AF0130E8904812E6AF0009E6960008E6970010E203002AE2AF0026E85008011D
:20593000E2AF062AE71001887700E203002CE2AF0130E2AF022EE6AF0009E6960008E6976C
:205940000010E203002C6F4BE801FB28E801EEB9E2AF0228E808F5C0E80851E9E3008326BA
:20595000E70000597700E71000407700E203002606261E28E801E000E2AF0126E80CEA48AE
:20596000E7000009E2AF072AE71001C87700E203002AE2AF022EE2AF0130E8904812E6AF45
:205970000009E6960008E6970010E203002AE2AF0026E84FE001E2AF062AE7100188770067
:20598000E203002CE2AF0130E2AF022EE6AF0009E6960008E6970010E203002C761F027D9F
:205990001B0B0280651F761F02ADE2AF002AE8121240AD146517E801F4C8E2AF012AE80CEE
:2059A000CCD0E70000407700E203002AE2AF012CE801F4C8E80CCCD0E70000407700E20328
:2059B000002C761F02ADE2AF002EE2AF012AE6940001AD146304761F02BE2B0D761F02AD78
:2059C0003B01E2AF002C8547761F02ABE688000007308AA9BFA60F12562100C4564400A6E7
:2059D000FF4DBDA90F127700770077007700E6890000761F02ACE6AF0000E2030030062680
:2059E0001E2806241E26062C1E2E062A1E2C761F0280E2C80003761F02ACE2AF0130E7202B
:2059F00000087700E8B020007700E2030024761F02459219614D761F02ACE801FBF1E801AA
:205A0000FFFAE8020023E80203F8E801FFACE2AF052EE80AB021E809096AE80961EBE809EE
:205A10000968E80FEC5CE30A4E2CE30CAF24E70001DBE3234E26E7000180E3164F28E700A1
:205A200001E2E72000087700E71000807700E203002AE2C80145E2C80245E6AF0009E69605
:205A30000008E6970010E203002AE8022CE0761F0255E80AA000E2AF0106E7000040770008
:205A4000E68C0000761F02ABE21300136F41761F02ACE801FBF1E801FFFAE8020033E802D9
:205A500003F8E801FF8CE2AF052EE80AB021E809096AE80A12DBE8090968E80E8A74E30ABA
:205A60004E2CE30CAF24E70001DBE3234E26E7000180E3164F28E70001E2E7200008770085
:205A7000E71000807700E203002AE2C80145E2C80245E6AF0009E6960008E6970010E203A4
:205A8000002A761F027E921A761F02AB9613E2C80013761F02ACE84FC001E2AF072AE7107F
:205A900001C87700E2030034E2C80145E2C80245E6AF0009E6960008E6970010E2030034F4
:205AA000E5A0AD146566E68C00007700E213004692465202630356BF02469246761F02A9AA
:205AB000960A92189E0A761F0105962B56BF012D761F010156BF012B761F02A992189E0ADB
:205AC0009E48761F0101962D761F02A9920A761F010D962B761F02A99218761F010D9CFF1E
:205AD000962D761F02A9920A761F01099CFF962B9248761F02A9940A761F0109962D761F6D
:205AE00002AA923761142B37761F010556BF0809761F010D56BF0909761F010156BF010919
:205AF000761F010956BF0109FFEF0349761F010556BF0809761F010D56BF0809761F01017D
:205B000056BF0109761F010956BF0109FFEF0337E68C00007700E21300461B46FFFE650396
:205B10002846FFFE9246761F02A9FF5C960A92189CFF761F0105962B9248761F02A9940A9E
:205B2000761F0105962D761F02A9920A761F0101962B761F02A99218761F01019CFF962DF4
:205B3000761F010D56BF012B761F02A992189E0A9E48761F010D962D761F02A992189E0A01
:205B4000761F0109962B56BF012D761F02AA92375201611556BF0137761F010156BF0909C4
:205B5000761F010956BF0809761F010556BF0109761F010D56BF0109FFEF02E1761F01018C
:205B600056BF0809761F010956BF0809761F010556BF0109761F010D56BF0109FFEF02CFFF
:205B7000761F027D920B761F02AA7232761F02A90A39923943A9FFEC00942B397649B86D7E
:205B8000761F02AA9332FFB2EAA8971D2B322D1E31E52D1D3B01351B07ABFF47961D961E15
:205B900085A9FF56521E650656BF9E1B56BF361C6F12851DFF565214650656BF801B56BF54
:205BA000281C6F09851DFF56520A630556BF6E1B56BF181C851D761F02AC1E0A761F02AA39
:205BB0005621001B761F02AC5644000AFF441E0E0610761F02AAFF3C1EA65621001C761F6F
:205BC00002AC5644000A07A607121E1018A91FFF91001E120610FF4C1E10761F02ADE2AF7B
:205BD000002EE8505C007700E68C00007700E21300491B493A98650328493A989AC8761F7D
:205BE00002AC944985A90F1063069AC8944985A91E106F050610630302001E10761F02AA68
:205BF0001B1DFFEC63050200761F02AC1E10761F02AC0610070E1E0C920C761F02AA96206A
:205C000092495420630396206F061B20FF6A63032820FF6A2D3535038120FF419635761F0E
:205C100002AA9220962563022B25761F02E2921F6010761F02AA8521FF569621FF6E761F17
:205C200002E22D1D761F02AA332116AC96246F0F761F02AA8522FF569622FF6E761F02E2CC
:205C30002D1E761F02AA332216AC96242D251224562F0126761F027D920B6509761F02808D
:205C40008503761F02AAFF5696296F04761F02AA2B292D291227761F02AB9614761F02AAA3
:205C50009226761F02AB9E14761F02AA962592295264630456BF55286F275264640652C852
:205C6000630456BF50286F2052C864071B29012C630456BF4B286F181B29012C64071B2915
:205C70000190630456BF46286F0F1B29019064071B2901F4630456BF41286F061B2901F40F
:205C8000640356BF3C28283303E82D25332816AC962A1B2A06D66504282A06D66F061B2A3D
:205C9000F2546303282AF254761F02AC061AFF3C1EA6761F02AA1233761F02AC07A6071CB5
:205CA0001E1A061A6407061A18A91FFF91001E1C6F06061A18A91FFF91001E1C061AFF4CAD
:205CB0001E1AFF22FE890F1A65021E1A761F02AA922A761F02AC941A761F02AA962C342CDB
:205CC000000DFF46962C96315202630356BF0231FF697649C7EC761F027D2DA93B013600B1
:205CD000761F02ABFF47961552FA630356BFFA15761F02E2921F600B761F027E851A1E4400
:205CE000921A630E0644FF541E446F0A761F027E85371E44923763040644FF541E44FF208E
:205CF00001F407441E44761F02AB8515761F02A9562100181E425644004400C9E8DB1E441B
:205D00003B0192189CFD85A90F44630692189CFD85A91E446F0C92189CFD85A9FF540F44B5
:205D1000650692189CFD85A9FF541E449218761F02AA9CE2542C6309761F02A99218761F0E
:205D200002AA9CE2962C6F12021E761F02A9AE181EA6761F02AA852C0FA663089A1E761FAD
:205D300002A99E18761F02AA962C761F02A99218761F02AA942C761F02AB9E449616761F9F
:205D400002A99218761F02AB9C9C54166309761F02A99218761F02AB9C9C96166F06921671
:205D50005202630356BF0216761F02A99218761F02AA9C9C54316308761F02A99218761F7A
:205D600002AA9C9C96319235525063098531761F02A9FF5693189FA9970A6F0A761F02AB09
:205D70008516761F02A9FF5693189FA9970A761F0282920152016106761F028292025201E9
:205D80006008761F02A9920A5250650356BF500A761F02E2921F605B761F027E921A52321C
:205D9000652A761F010556BF0909761F010156BF0109761F010D56BF0909761F010956BF6E
:205DA0000109761F02A9920A761F0105962D761F0101962D761F02A992189E0A761F010D10
:205DB000962D761F02A992189E0A761F0109962DFFEF00851B1AFFCEFFE30081761F0105A9
:205DC00056BF0109761F010156BF0909761F010D56BF0109761F010956BF0909761F02A91E
:205DD000920A761F0105962D761F0101962D761F02A992189E0A761F010D962D761F02A927
:205DE00092189E0A761F0109962D6F58761F027E923752326529761F010556BF0909761FE1
:205DF000010156BF0109761F010D56BF0909761F010956BF0109761F02A9920A761F010573
:205E0000962D761F0101962D761F02A992189E0A761F010D962D761F02A992189E0A761F46
:205E10000109962D6F2B1B37FFCE6328761F010556BF0109761F010156BF0909761F010D46
:205E200056BF0109761F010956BF0909761F02A9920A761F0105962D761F0101962D761F54
:205E300002A992189E0A761F010D962D761F02A992189E0A761F0109962DFE8AE2AF07BE1D
:205E4000E2AF06BEE2AF05BEE2AF04BE00060200761F02AC1E1A1E1C761F02AA281F01F40C
:205E5000761F02AC1E101E12761F02AA2B35E590761F02ADE2030024E2030026E203002816
:205E6000E203002AE203002C0006761F02AB920E0006761F02A992180006761F02A992054D
:205E70000006761F02A992070006761F02A992240006761F02A992330006761F02A9921F35
:205E80000006761F02AA920B0006761F02AA92090006761F02A992200006761F02A992214B
:205E90000006761F02A992220006761F02AC920C0006761F02AA920C0006761F02A9920F45
:205EA0000006761F02ACE2AF0020E68C000077007700BFA90F120006761F02ACE2AF001E07
:205EB000E68C000077007700BFA90F120006761F02ACE2AF0022E68C000077007700BFA925
:205EC0000F120006761F02AB06220006761F02AB92240006761F02A992290006761F02ABEA
:205ED000921C0006761F0285922A0006761F02AB921E0006761F02AC921A0006761F02ABF1
:205EE00092260006761F02AB92280006761F02A9920D0006761F02A992110006761F02ABD2
:205EF000921A00067649B86D0006761F02AA921D0006761F02AC920E00069A000006761FE2
:205F000002ACE2AF0030E68C000077007700BFA90F120006761F02802D03350F0006761FFD
:205F100002AB9213FFA00006761F02ABE2AF002CE68C000077007700BFA90F120006761FF7
:205F200002AA922C0006761F02ACE2AF002AE688000077007700BFA90F120006761F02A9C8
:205F300092060006761F02ACE2AF0034E68C000077007700BFA90F120006761F02A9923DAD
:205F40000006761F02ABE2AF003AE68C000077007700BFA90F120006761F02AB920700065E
:205F5000761F025FE80229F8E2AF0106E80BE668E70000407700E68C000077007700BFA9F1
:205F60000F120006761F02AB06320006761F02A992020006761F02AC92100006761F02AD71
:205F7000E8023E18E2AF0132E80A8000E70000407700E68C000077007700BFA90F1200060E
:205F8000761F02A992030006761F02A992040006761F02AA92250006761F02A9921E000656
:205F9000761F02AC06020006761F02ADE2AF0036E68C000077007700BFA90F120006761F11
:205FA00002A992180006761F02A9923E0006761F02A9923F0006761F02AA92000006761FEB
:205FB00002AA92170006761F02AB92100006761F02ADE2AF0016E68C000077007700BFA9D9
:205FC0000F120006761F02ADE2AF001EE68C000077007700BFA90F120006761F02ADE2AFE3
:205FD00000220006761F02AB920F0006FE0296413B10761F02A996182910FF69FE82000669
:205FE000FE0296413B10761F02A996052910FF69FE820006FE0296413B10761F02A996077E
:205FF0002910FF69FE820006FE0296413B10761F02A996242910FF69FE820006FE02964150
:206000003B10761F02A996332910FF69FE820006FE0296413B10761F02A9961F2910FF694D
:20601000FE820006FE0296413B10761F02AA960B2910FF69FE820006FE0296413B10761F08
:2060200002AA96092910FF69FE820006FE0296413B10761F02A996202910FF69FE820006AF
:20603000FE0296413B10761F02A996212910FF69FE820006FE0296413B10761F02A99622F6
:206040002910FF69FE820006FE021E423B10761F02AB1E222910FF69FE820006FE029641EE
:206050003B10761F02A9963D2910FF69FE820006FE0296413B10761F02A996062910FF690C
:20606000FE820006FE021E423B10761F02AB1E322910FF69FE820006FE0296413B10761F7F
:2060700002DA960E2910FF69FE820006FE0296413B10761F02A996182910FF69FE82000632
:20608000FE0296413B10761F02A9963E2910FF69FE820006FE0296413B10761F02A9963F6C
:206090002910FF69FE820006FE0296413B10761F02AA96002910FF69FE820006FE029641D2
:2060A0003B10761F02AA96172910FF69FE820006FE0296413B10761F02AB960F2910FF69D6
:2060B000FE820006FE0296413B10761F02AB96102910FF69FE820006FE0296413B10761F62
:2060C00002AB96112910FF69FE820006FE0296413B10E2C80041761F02ADE20300222910B4
:2060D000FF69FE820006FE0296413B10E801EE60E2C80141E80E6668E7000040761F02AD4E
:2060E000E203002E2910FF69FE820006FE0296413B10E801EE60E2C80141E80E6668E70076
:2060F0000040761F02ADE20300302910FF69FE820006FE0296413B10761F02AB960E29108F
:20610000FF69FE820006761F027C2B242B252B262B272B282B292B2A2B2B2B2C2B2D2B2EE2
:206110002B2F2B302B312B320006FE027649911B1E42761F02E248006C089A057649915CB0
:206120009A0176496ACC6F0B9A0076496ACC76499123520560049A007649915C761F02E2D9
:2061300044006C089A067649915C9A0176496AD86F0B9A0076496AD876499123520660046B
:206140009A007649915C761F02E24E006C089A077649915C9A0176496AE46F0B9A007649F6
:206150006AE476499123520760049A007649915C761F02E24F006C089A087649915C9A0146
:2061600076496AF06F0B9A0076496AF076499123520860049A007649915C761F02E24200A7
:206170006D0A761F02BB9217610D761F02BA9206520260089A0D7649915C9A0176496B383A
:206180006F0B76499123520D60049A007649915C9A0076496B38761F02E248016C089A0F2E
:206190007649915C9A0176496B446F0B9A0076496B4476499123520F60049A007649915C3A
:2061A000761F02E244016C089A107649915C9A0176496B506F0B9A0076496B507649912341
:2061B000521060049A007649915C761F02E24E016C089A117649915C9A0176496B5D6F0B94
:2061C0009A0076496B5D76499123521160049A007649915C761F02E24F016C089A12764976
:2061D000915C9A0176496B686F0B9A0076496B6876499123521260049A007649915C761FD9
:2061E00002E242016C089A167649915C9A0176496B986F0B76499123521660049A00764939
:2061F000915C9A0076496B9847426C089A197649915C9A0176496BBC6F0B76499123521911
:2062000060049A007649915C9A0076496BBC761F02D092326013761F02D09234600F761F85
:2062100002D09235600B76499123521860049A007649915C9A0076496BB0761F02D0923343
:206220005201610B76499123522260049A007649915C9A0076496C2845426C089A027649CB
:20623000915C9A0176496AA86F0B76499123520260049A007649915C9A0076496AA87649E0
:206240001DF252006023761F02B9412C6D1F761F027C0A341B340FA068179A237649915CDA
:206250009A0176496C347649200352006106FF2F40007649913B6F05FF2F40007649914628
:20626000761F027C2B342B336F19761F027C2B3476499123522360049A007649915C9A0028
:2062700076496C34761F027C0A33923352FA68062B33FF2F400076499146FE820006764939
:2062800061150006761F027C92240006761F027C92250006761F027C92260006761F027CFF
:2062900092270006761F027C92280006761F027C92290006761F027C922A0006761F027CA0
:2062A000922B0006761F027C922C0006761F027C922D0006761F027C922E0006761F027C80
:2062B000922F0006761F027C92300006761F027C92310006761F027C92320006761F027C60
:2062C000CC2400010006761F027CCC240002FFC00006761F027CCC240004FFC10006761F9B
:2062D000027CCC240008FFC20006761F027CCC240010FFC30006761F027CCC240020FFC4B0
:2062E0000006761F027CCC240040FFC50006761F027CCC240080FFC60006761F027CCC243A
:2062F0000100FFC70006761F027CCC2500010006761F027CCC250002FFC00006761F027CD8
:20630000CC250004FFC10006761F027CCC250008FFC20006761F027CCC250010FFC3000613
:20631000761F027CCC250020FFC40006761F027CCC250040FFC50006761F027CCC250080EE
:20632000FFC60006761F027CCC250100FFC70006761F027CCC250200FFC80006761F027CDB
:20633000CC250400FFC90006761F027CCC250800FFCA0006761F027CCC251000FFCB0006CB
:20634000761F027CCC252000FFCC0006761F027CCC254000FFCD0006761F027CCC258000AE
:20635000FFCE0006761F027CCC2600010006761F027CCC260002FFC00006761F027CCC267D
:206360000004FFC10006761F027CCC260008FFC20006761F027CCC260010FFC30006761F0D
:20637000027CCC260020FFC40006761F027CCC260080FFC60006761F027CCC260100FFC798
:206380000006761F027CCC260200FFC80006761F027CCC260800FFCA0006761F027CCC2642
:206390001000FFCB0006761F027CCC262000FFCC0006761F027CCC264000FFCD0006761F6B
:2063A000027CCC268000FFCE0006761F027CCC2700010006761F027CCC270002FFC0000640
:2063B000761F027CCC270004FFC10006761F027CCC270008FFC20006761F027CCC27001012
:2063C000FFC30006761F027CCC270020FFC40006761F027CCC270040FFC50006761F027CE3
:2063D000CC270080FFC60006761F027CCC270100FFC70006761F027CCC270200FFC80006C7
:2063E000761F027CCC270400FFC90006761F027CCC270800FFCA0006761F027CCC271000D2
:2063F000FFCB0006761F027CCC272000FFCC0006761F027CCC274000FFCD0006761F027C9B
:20640000CC278000FFCE0006761F027CCC2800010006761F027CCC280002FFC00006761FC5
:20641000027CCC280004FFC10006761F027CCC280010FFC30006761F027CCC280020FFC467
:206420000006761F027CCC280040FFC50006761F027CCC280080FFC60006761F027CCC28EC
:206430000100FFC70006761F027CCC280200FFC80006761F027CCC280400FFC90006761F3B
:20644000027CCC280800FFCA0006761F027CCC281000FFCB0006761F027CCC282000FFCC1A
:206450000006761F027CCC284000FFCD0006761F027CCC288000FFCE0006761F027CCC29AB
:2064600000010006761F027CCC290002FFC00006761F027CCC290004FFC10006761F027C61
:20647000CC290008FFC20006761F027CCC290010FFC30006761F027CCC290020FFC4000677
:20648000761F027CCC290040FFC50006761F027CCC290080FFC60006761F027CCC2901008E
:20649000FFC70006761F027CCC290200FFC80006761F027CCC290400FFC90006761F027C5C
:2064A000CC290800FFCA0006761F027CCC291000FFCB0006761F027CCC292000FFCC00062F
:2064B000761F027CCC294000FFCD0006761F027CCC298000FFCE0006761F027CCC2A00014D
:2064C0000006761F027CCC2A0002FFC00006761F027CCC2A0004FFC10006761F027CCC2A0A
:2064D0000008FFC20006761F027CCC2A0010FFC30006761F027CCC2A0020FFC40006761F75
:2064E000027CCC2A0040FFC50006761F027CCC2E00010006761F027CCC2E0002FFC0000636
:2064F000761F027CCC2E0004FFC10006761F027CCC2E0008FFC20006761F027CCC2E0010BC
:20650000FFC30006761F027CCC2E0020FFC40006761F027CCC2E0040FFC50006761F027C93
:20651000CC2E0080FFC60006761F027CCC2E0100FFC70006761F027CCC2E0200FFC8000670
:20652000761F027CCC2E0400FFC90006761F027CCC2E0800FFCA0006761F027CCC2E20006B
:20653000FFCC0006761F027CCC2E1000FFCB0006761F027CCC2E4000FFCD0006761F027C5B
:20654000CC2E8000FFCE0006761F027CCC2F00010006761F027CCC2F0002FFC00006761F6F
:20655000027CCC2F0004FFC10006761F027CCC2F0008FFC20006761F027CCC2F0010FFC32B
:206560000006761F027CCC2F0020FFC40006761F027CCC2F0040FFC50006761F027CCC2FF8
:206570000080FFC60006761F027CCC2F0100FFC70006761F027CCC2F0200FFC80006761F73
:20658000027CCC2F0400FFC90006761F027CCC2F0800FFCA0006761F027CCC2F1000FFCBE3
:206590000006761F027CCC2F2000FFCC0006761F027CCC2F4000FFCD0006761F027CCC2FB8
:2065A0008000FFCE0006761F027CCC3000010006761F027CCC300002FFC00006761F027C89
:2065B000CC300004FFC10006761F027CCC300008FFC20006761F027CCC300010FFC3000640
:2065C000761F027CCC300020FFC40006761F027CCC300040FFC50006761F027CCC3000801B
:2065D000FFC60006761F027CCC300100FFC70006761F027CCC300200FFC80006761F027C13
:2065E000CC300400FFC90006761F027CCC300800FFCA0006761F027CCC301000FFCB0006F8
:2065F000761F027CCC302000FFCC0006761F027CCC304000FFCD0006761F027CCC308000DB
:20660000FFCE0006761F027CCC3100010006761F027CCC310002FFC00006761F027CCC31A9
:206610000004FFC10006761F027CCC310008FFC20006761F027CCC310010FFC30006FE02D9
:206620009641761F027C9001CD24FFFECAA89624FE820006FE029641761F027C9001CD24D3
:20663000FFFDFF80CAA89624FE820006FE029641761F027C9001CD24FFFBFF81CAA896240B
:20664000FE820006FE029641761F027C9001CD24FFF7FF82CAA89624FE820006FE02964148
:20665000761F027C9001CD24FFEFFF83CAA89624FE820006FE029641761F027C9001CD2407
:20666000FFDFFF84CAA89624FE820006FE029641761F027C9001CD24FFBFFF85CAA896242D
:20667000FE820006FE029641761F027C9001CD24FF7FFF86CAA89624FE820006FE0296418C
:20668000761F027C9001CD24FEFFFF87CAA89624FE820006FE029641761F027C9001CD25C3
:20669000FFFECAA89625FE820006FE029641761F027C9001CD25FFFDFF80CAA89625FE82A5
:2066A0000006FE029641761F027C9001CD25FFFBFF81CAA89625FE820006FE029641761FCE
:2066B000027C9001CD25FFF7FF82CAA89625FE820006FE029641761F027C9001CD25FFEF44
:2066C000FF83CAA89625FE820006FE029641761F027C9001CD25FFDFFF84CAA89625FE820A
:2066D0000006FE029641761F027C9001CD25FFBFFF85CAA89625FE820006FE029641761FD6
:2066E000027C9001CD25FF7FFF86CAA89625FE820006FE029641761F027C9001CD25FEFF79
:2066F000FF87CAA89625FE820006FE029641761F027C9001CD25FDFFFF88CAA89625FE82B4
:206700000006FE029641761F027C9001CD25FBFFFF89CAA89625FE820006FE029641761F65
:20671000027C9001CD25F7FFFF8ACAA89625FE820006FE029641761F027C9001CD25EFFFDB
:20672000FF8BCAA89625FE820006FE029641761F027C9001CD25DFFFFF8CCAA89625FE8299
:206730000006FE029641761F027C9001CD25BFFFFF8DCAA89625FE820006FE029641761F6D
:20674000027CCC257FFF88A956030F41CAA69625FE820006FE029641761F027C9001CD2653
:20675000FFFECAA89626FE820006FE029641761F027C9001CD26FFFDFF80CAA89626FE82E1
:206760000006FE029641761F027C9001CD26FFFBFF81CAA89626FE820006FE029641761F0B
:20677000027C9001CD26FFF7FF82CAA89626FE820006FE029641761F027C9001CD26FFEF80
:20678000FF83CAA89626FE820006FE029641761F027C9001CD26FFDFFF84CAA89626FE8246
:206790000006FE029641761F027C9001CD26FF7FFF86CAA89626FE820006FE029641761F52
:2067A000027C9001CD26FEFFFF87CAA89626FE820006FE029641761F027C9001CD26FDFF36
:2067B000FF88CAA89626FE820006FE029641761F027C9001CD26FBFFFF89CAA89626FE82F0
:2067C0000006FE029641761F027C9001CD26F7FFFF8ACAA89626FE820006FE029641761FA6
:2067D000027C9001CD26EFFFFF8BCAA89626FE820006FE029641761F027C9001CD26DFFF2F
:2067E000FF8CCAA89626FE820006FE029641761F027C9001CD26BFFFFF8DCAA89626FE82F4
:2067F0000006FE029641761F027CCC267FFF88A956030F41CAA69626FE820006FE029641C6
:20680000761F027C9001CD27FFFECAA89627FE820006FE029641761F027C9001CD27FFFDC3
:20681000FF80CAA89627FE820006FE029641761F027C9001CD27FFFBFF81CAA89627FE829C
:206820000006FE029641761F027C9001CD27FFF7FF82CAA89627FE820006FE029641761F4B
:20683000027C9001CD27FFEFFF83CAA89627FE820006FE029641761F027C9001CD27FFDFD3
:20684000FF84CAA89627FE820006FE029641761F027C9001CD27FFBFFF85CAA89627FE82A0
:206850000006FE029641761F027C9001CD27FF7FFF86CAA89627FE820006FE029641761F8F
:20686000027C9001CD27FEFFFF87CAA89627FE820006FE029641761F027C9001CD27FDFF72
:20687000FF88CAA89627FE820006FE029641761F027C9001CD27FBFFFF89CAA89627FE822C
:206880000006FE029641761F027C9001CD27F7FFFF8ACAA89627FE820006FE029641761FE3
:20689000027C9001CD27EFFFFF8BCAA89627FE820006FE029641761F027C9001CD27DFFF6B
:2068A000FF8CCAA89627FE820006FE029641761F027C9001CD27BFFFFF8DCAA89627FE8230
:2068B0000006FE029641761F027CCC277FFF88A956030F41CAA69627FE820006FE02964103
:2068C000761F027C9001CD28FFFECAA89628FE820006FE029641761F027C9001CD28FFFD00
:2068D000FF80CAA89628FE820006FE029641761F027C9001CD28FFFBFF81CAA89628FE82D9
:2068E0000006FE029641761F027C9001CD28FFEFFF83CAA89628FE820006FE029641761F90
:2068F000027C9001CD28FFDFFF84CAA89628FE820006FE029641761F027C9001CD28FFBF3F
:20690000FF85CAA89628FE820006FE029641761F027C9001CD28FF7FFF86CAA89628FE821A
:206910000006FE029641761F027C9001CD28FEFFFF87CAA89628FE820006FE029641761F4C
:20692000027C9001CD28FDFFFF88CAA89628FE820006FE029641761F027C9001CD28FBFFB0
:20693000FF89CAA89628FE820006FE029641761F027C9001CD28F7FFFF8ACAA89628FE826A
:206940000006FE029641761F027C9001CD28EFFFFF8BCAA89628FE820006FE029641761F27
:20695000027C9001CD28DFFFFF8CCAA89628FE820006FE029641761F027C9001CD28BFFFD6
:20696000FF8DCAA89628FE820006FE029641761F027CCC287FFF88A956030F41CAA6962871
:20697000FE820006FE029641761F027C9001CD29FFFECAA89629FE820006FE029641761FF0
:20698000027C9001CD29FFFDFF80CAA89629FE820006FE029641761F027C9001CD29FFFB55
:20699000FF81CAA89629FE820006FE029641761F027C9001CD29FFF7FF82CAA89629FE8217
:2069A0000006FE029641761F027C9001CD29FFEFFF83CAA89629FE820006FE029641761FCD
:2069B000027C9001CD29FFDFFF84CAA89629FE820006FE029641761F027C9001CD29FFBF7B
:2069C000FF85CAA89629FE820006FE029641761F027C9001CD29FF7FFF86CAA89629FE8257
:2069D0000006FE029641761F027C9001CD29FEFFFF87CAA89629FE820006FE029641761F8A
:2069E000027C9001CD29FDFFFF88CAA89629FE820006FE029641761F027C9001CD29FBFFED
:2069F000FF89CAA89629FE820006FE029641761F027C9001CD29F7FFFF8ACAA89629FE82A7
:206A00000006FE029641761F027C9001CD29EFFFFF8BCAA89629FE820006FE029641761F64
:206A1000027C9001CD29DFFFFF8CCAA89629FE820006FE029641761F027C9001CD29BFFF12
:206A2000FF8DCAA89629FE820006FE029641761F027CCC297FFF88A956030F41CAA69629AD
:206A3000FE820006FE029641761F027C9001CD2AFFFECAA8962AFE820006FE029641761F2D
:206A4000027C9001CD2AFFFDFF80CAA8962AFE820006FE029641761F027C9001CD2AFFFB91
:206A5000FF81CAA8962AFE820006FE029641761F027C9001CD2AFFF7FF82CAA8962AFE8253
:206A60000006FE029641761F027C9001CD2AFFEFFF83CAA8962AFE820006FE029641761F0A
:206A7000027C9001CD2AFFDFFF84CAA8962AFE820006FE029641761F027C9001CD2AFFBFB7
:206A8000FF85CAA8962AFE820006FE029641761F027C9001CD2AFF7FFF86CAA8962AFE8293
:206A90000006FE029641761F027C9001CD2AFEFFFF87CAA8962AFE820006FE029641761FC7
:206AA000027C9001CD2EFFFECAA8962EFE820006FE029641761F027C9001CD2EFFFDFF8022
:206AB000CAA8962EFE820006FE029641761F027C9001CD2EFFFBFF81CAA8962EFE8200065E
:206AC000FE029641761F027C9001CD2EFFF7FF82CAA8962EFE820006FE029641761F027C23
:206AD0009001CD2EFFEFFF83CAA8962EFE820006FE029641761F027C9001CD2EFFDFFF8417
:206AE000CAA8962EFE820006FE029641761F027C9001CD2EFFBFFF85CAA8962EFE82000666
:206AF000FE029641761F027C9001CD2EFF7FFF86CAA8962EFE820006FE029641761F027C67
:206B00009001CD2EFEFFFF87CAA8962EFE820006FE029641761F027C9001CD2EFDFFFF88B1
:206B1000CAA8962EFE820006FE029641761F027C9001CD2EFBFFFF89CAA8962EFE820006F5
:206B2000FE029641761F027C9001CD2EF7FFFF8ACAA8962EFE820006FE029641761F027CBA
:206B30009001CD2EDFFFFF8CCAA8962EFE820006FE029641761F027C9001CD2EEFFFFF8BA6
:206B4000CAA8962EFE820006FE029641761F027C9001CD2EBFFFFF8DCAA8962EFE820006FD
:206B5000FE029641761F027CCC2E7FFF88A956030F41CAA6962EFE820006FE029641761FC3
:206B6000027C9001CD2FFFFECAA8962FFE820006FE029641761F027C9001CD2FFFFDFF805E
:206B7000CAA8962FFE820006FE029641761F027C9001CD2FFFFBFF81CAA8962FFE8200069A
:206B8000FE029641761F027C9001CD2FFFF7FF82CAA8962FFE820006FE029641761F027C60
:206B90009001CD2FFFEFFF83CAA8962FFE820006FE029641761F027C9001CD2FFFDFFF8453
:206BA000CAA8962FFE820006FE029641761F027C9001CD2FFFBFFF85CAA8962FFE820006A2
:206BB000FE029641761F027C9001CD2FFF7FFF86CAA8962FFE820006FE029641761F027CA4
:206BC0009001CD2FFEFFFF87CAA8962FFE820006FE029641761F027C9001CD2FFDFFFF88EE
:206BD000CAA8962FFE820006FE029641761F027C9001CD2FFBFFFF89CAA8962FFE82000632
:206BE000FE029641761F027C9001CD2FF7FFFF8ACAA8962FFE820006FE029641761F027CF8
:206BF0009001CD2FEFFFFF8BCAA8962FFE820006FE029641761F027C9001CD2FDFFFFF8CE3
:206C0000CAA8962FFE820006FE029641761F027C9001CD2FBFFFFF8DCAA8962FFE82000639
:206C1000FE029641761F027CCC2F7FFF88A956030F41CAA6962FFE820006FE029641761F00
:206C2000027C9001CD30FFFECAA89630FE820006FE029641761F027C9001CD30FFFDFF809A
:206C3000CAA89630FE820006FE029641761F027C9001CD30FFFBFF81CAA89630FE820006D6
:206C4000FE029641761F027C9001CD30FFF7FF82CAA89630FE820006FE029641761F027C9D
:206C50009001CD30FFEFFF83CAA89630FE820006FE029641761F027C9001CD30FFDFFF848F
:206C6000CAA89630FE820006FE029641761F027C9001CD30FFBFFF85CAA89630FE820006DE
:206C7000FE029641761F027C9001CD30FF7FFF86CAA89630FE820006FE029641761F027CE1
:206C80009001CD30FEFFFF87CAA89630FE820006FE029641761F027C9001CD30FDFFFF882A
:206C9000CAA89630FE820006FE029641761F027C9001CD30FBFFFF89CAA89630FE8200066E
:206CA000FE029641761F027C9001CD30F7FFFF8ACAA89630FE820006FE029641761F027C35
:206CB0009001CD30EFFFFF8BCAA89630FE820006FE029641761F027C9001CD30DFFFFF8C1F
:206CC000CAA89630FE820006FE029641761F027C9001CD30BFFFFF8DCAA89630FE82000676
:206CD000FE029641761F027CCC307FFF88A956030F41CAA69630FE820006FE029641761F3E
:206CE000027C9001CD31FFFECAA89631FE820006FE029641761F027C9001CD31FFFDFF80D7
:206CF000CAA89631FE820006FE029641761F027C9001CD31FFFBFF81CAA89631FE82000613
:206D0000FE029641761F027C9001CD31FFF7FF82CAA89631FE820006FE029641761F027CDA
:206D10009001CD31FFEFFF83CAA89631FE820006FE069641FFC7900F9644924190FFFFC367
:206D200096439241900F964292439442944496461846000F9246FF5E9C0196451845000F4B
:206D30009245FE860006FE089645A8442B4756BF01466F055846929472470A469245544695
:206D400066FA27472BAA8F0100000200F61F561700A49647FF5E9C019647FE880006FE0496
:206D5000A8422B4356BF02449244611D92C45230680B92C4523966085603044394849CD05E
:206D6000A84296436F0D92C45241680A92C4524666075603044394849CC9A84296430B44EF
:206D7000924460E59243FE840006FE04A8422B4356BF04449244611D92C45230680B92C4DF
:206D8000523966085603044394849CD0A84296436F0D92C45241680A92C452466607560388
:206D9000044394849CC9A84296430B44924460E59243FE840006FE047C431E426F339242FE
:206DA000900F964452096904084400376F35084400306F3206422901FF43900F96445209C6
:206DB0006904084400376F28084400306F2506422901FF47900F96445209690408440037B0
:206DC0006F1B084400306F1806422901FF4B900F964452096904084400376F0E08440030AD
:206DD0006F0B9243520161CC520261D5520361E0520461EB6FC59244FE840006FE069643A3
:206DE000A84256BF044492445201690B0E435C4476496D9B523060050B449244520166F73B
:206DF0002B456F0A9E455CA90E4376496D9B58458A4296940A459244544566F58A42584585
:206E00002B94FE860006FE02761F02C256BF28302B312B3256BF01419241520F66368F00F4
:206E1000AA2BA8A90D418AA91AC400028F00AA2BA8A90D418AA918C4FFFE8F00AA2BA8A917
:206E20000D418AA918C4FFE38F00AA2BA8A90D418AA918C4FF1F8F00AA2BA8A90D418AA9AD
:206E300018C4FEFF8F00AA2BA8A90D418AA918C4FDFF8F00AA2BA8A90D418AA918C4FBFF4F
:206E40000A419241520F69CCFE820006FE02761F02C29231964158318F00AA2B48946C4C84
:206E5000A8A90D318AA918C4FEFF8F00AA2BA8A90D318AA918C4FF1F58318F00AA2B4A949C
:206E60006C0FA8A90D318AA918C4FFFE8F00AA2BA8A90D318AA918C4FFE30A316F25CC94E9
:206E7000001CFFC15202630C9294CDA9FFE3FFC190079C019007FF81CAA896946F15A8A969
:206E80000D318AA91AC400018F00AA2BA8A90D318AA918C4FFFD8F00AA2BA8A90D318AA97E
:206E900018C4FFE30A318F00AA2BA8A90D318AA918C4FDFF6F5040946D1DA8A90D318AA90C
:206EA00018C4FBFF8F00AA2BA8A90D318AA918C4FFFD8F00AA2BA8A90D318AA918C4FFE31A
:206EB0008F00AA2BA8A90D318AA918C4FF1F0A316F32809492A7FFC490079C01900788A9BA
:206EC000CDA7FF1F80A8560305A6CAA7969492A6520564215831CC94FF1F50A09694A8A9D3
:206ED0000D318AA918C4FFFE8F00AA2BA8A90D318AA918C4FFFD8F00AA2BA8A90D318AA934
:206EE00018C4FBFF8F00AA2BA8A90D318AA918C4FFE30A3188410E310FA661719231520FEA
:206EF000694A56BF0131923596362B35923461022B3492339C019642520F690F56BF0142A2
:206F00000A32923252036909761F02B9182CFFFD761F02C256BF043256BF01419241520FEB
:206F100066158F00AA2B584140946C0C2D419A01761F02C2FF66983588420E410FA66002D9
:206F20000A420A419241520F69EF761F02C20A3788360E350FA6600692356104923752022F
:206F3000690A2B379242963356BF0134520F690356BF013358318F00AA2B41946D18923462
:206F4000610D88310E330FA66007A8A90D318AA91AC400026F0C0A316F0A40946C07A8A944
:206F50000D318AA91AC400026F020A319231520F669658318F00AA2B41946C91FE820006BF
:206F6000FE062B437649C800761F02B92DA9359696327649C800761F02B92DA93596963120
:206F70007649C800761F02B92DA9356996332B342B352B3B56BF013A2B392B382B3C2B36E9
:206F80002B372B3056BF01419241520FFFE200CE8F00AA2B3B01A8A981418AA940C4FFEC25
:206F900000B40A43761F02B956BF013B9241764975429B6400C9E9B79642761F02B95432E0
:206FA0006302963254316302963192417649754E9B6400C9E9B79642761F02B95433650220
:206FB000963392417649755A761F02B972341B347530650328347530924176497566761F42
:206FC00002B972351B3575306503283575309241764973F2761F02B97236923760549241B1
:206FD0007649752A9644924176497536964592446003924561489245611643446C06761FBC
:206FE00002B956BF0E376F3F46446C06761F02B956BF05376F3845446C36761F02B956BFFA
:206FF00006376F3147446C06761F02B956BF01376F2A46446C06761F02B956BF02376F2345
:2070000045446C06761F02B956BF03376F1C44446C06761F02B956BF04376F1543446C0634
:20701000761F02B956BF09376F0E42446C06761F02B956BF0A376F0741446C05761F02B9E4
:2070200056BF07372D418F00B5043506560100A447C46C04761F02B92B3A35068F00B5045E
:20703000560100A446C46D05761F02B956BF013935068F00B504560100A445C46C05761F9D
:2070400002B956BF01388F00AA2B3B01A8A981418AA94AC46C05761F02B956BF013C0A41D5
:207050009241520FFFE5FF36761F02B9923B60022B3A924396307649C800761F02B92DA9A7
:207060003596543267097649C800761F02B92DA9359696326F107649C800761F02B92DA9E3
:207070003578543269087649C800761F02B92DA9357896327649C800761F02B92DA93596C2
:20708000543167097649C800761F02B92DA9359696316F107649C800761F02B92DA93578E3
:20709000543169087649C800761F02B92DA9357896317649C800761F02B92DA935875433D9
:2070A00067097649C800761F02B92DA9358796336F107649C800761F02B92DA935695433DD
:2070B00069087649C800761F02B92DA935699633923A61022B38924365069236934300C902
:2070C000E9529636FE860006FE0497449643A842761F02C2923061030B306F0B92449630AF
:2070D00076496E4692438A42764970DA76496F60FE840006FE089645A84256BF01480642FC
:2070E0001E44761F02C29231964858318F00AA2BCC94001CFFC196382B478A4456BF7EC4A6
:2070F0008A4456BF32CC8A4456BF30D4020307448AA9924876496DDE8A4456BF32E48A448A
:2071000056BF34EC8A4456BF36F49238601056BF0247020707448AA99A0676496DDE02085A
:2071100007448AA99A0376496DDE6F225201601056BF0247020707448AA99A0676496DDE57
:20712000020807448AA99A0276496DDE6F115202600F56BF0247020707448AA99A0676499A
:207130006DDE020807448AA99A0176496DDE924776496D1888A9020907448AA992A67649F9
:207140006DDECC470F00FFC788A9020A07448AA992A676496DDE924790FFFFC388A9020B97
:2071500007448AA992A676496DDECC47000F88A9020C07448AA992A676496DDE020D0744E4
:207160008AA9924876496DDE020E07448AA956BF32C456BF0F4692468A4476496D3388A9BF
:207170000E4607448AA992A676496DDE084600048A44584656BF0D940A46924593468A44A9
:207180007649DBC1FE880006FE089645A84206421E449245964792C4527E606992DC523000
:20719000686692DC523969026F6292E45232605F92EC5234605C92F4523661026F58020920
:2071A00007448AA976496D759647020307448AA976496D4F9646FFC396468846761F02C234
:2071B0000E310FA6604488472901FF2080620FA660129A628A449346764971F8761F02C2E2
:2071C0008F00AA2BA8A90D318AA91AC4010056BF04306F2D8847FF2080080FA660129A0886
:2071D0008A4493467649733F761F02C28F00AA2BA8A90D318AA91AC4010056BF04306F175A
:2071E0008847FF20D0120FA660129A128A44934676497381761F02C28F00AA2BA8A90D3146
:2071F0008AA91AC4010056BF04306F01FE880006FE0697449643A8429C0D0EA907428AA9AA
:2072000076496D75964592438A429C0D76496D3388450EA90FA6FFE0013256BF0D460E4642
:2072100007428AA976496D7593A992447649757E084600040E4607428AA976496D7593A97E
:2072200092447649758C084600040E4607428AA976496D4F93A99244764975A808460002DD
:207230000E4607428AA976496D7593A99244764975B6084600040E4607428AA976496D750E
:2072400093A99244764975C4084600040E4607428AA976496D4F93A99244764975D2084621
:2072500000020E4607428AA976496D4F93A99244764975E0084600020E4607428AA97649CC
:207260006D7593A99244764975EE084600040E4607428AA976496D7593A99244764975FCF3
:20727000084600040E4607428AA976496D7593A992447649760A084600040E4607428AA9C8
:2072800076496D7593A9924476497618084600040E4607428AA976496D7508A9F55593A9F4
:20729000924476497626084600040E4607428AA976496D7508A9F55593A992447649763474
:2072A000084600040E4607428AA976496D7593A9924476497642084600040E4607428AA960
:2072B00076496D7508A9F55593A9924476497650084600040E4607428AA976496D7593A98C
:2072C00092447649765E084600040E4607428AA976496D7508A9F55593A992447649766CD4
:2072D000084600040E4607428AA976496D7508A9F55593A992447649767A084600040E4679
:2072E00007428AA976496D7593A9924476497688084600040E4607428AA976496D7508A92E
:2072F000F55593A9924476497696084600040E4607428AA976496D7593A99244764976A4A9
:20730000084600040E4607428AA976496D7508A9F55593A99244764976B2084600040E4610
:2073100007428AA976496D7508A9F55593A99244764976C0084600040E4607428AA976495D
:207320006D7593A99244764976CE084600040E4607428AA976496D7508A9F55593A9924486
:20733000764976DC084600040E4607428AA976496D7593A99244764976EAFE860006FE06AA
:2073400097449643A8429C0D0EA907428AA976496D75964592438A429C0D76496D338845C1
:207350000EA90FA6602D56BF0D460E4607428AA976496D4F93A99244764976F808460002E2
:207360000E4607428AA976496D4F93A9924476497706084600020E4607428AA976496D4FD9
:2073700093A9924476497714084600020E4607428AA976496D4F93A9924476497722FE8618
:207380000006FE0697449643A8429C0D0EA907428AA976496D75964592438A429C0D7649E4
:207390006D3388450EA90FA6603856BF0D460E4607428AA976496D7593A99244764977301B
:2073A000084600040E4607428AA976496D7593A992447649773E084600040E4607428AA962
:2073B00076496D7593A992447649774C084600040E4607428AA976496D7593A992447649F4
:2073C000775A084600040E4607428AA976496D4F93A9924476497768FE860006FE0296412E
:2073D00028AC001B8F00A8403041560100A492C4FE820006FE02964128AC001B8F00A841B1
:2073E0003041560100A492C4FE820006FE02964128AC001B8F00A8423041560100A492C444
:2073F000FE820006FE02964128AC001B8F00A8433041560100A492C4FE820006FE02964198
:2074000028AC001B8F00A8443041560100A492C4FE820006FE02964128AC001B8F00A84578
:207410003041560100A492C4FE820006FE02964128AC001B8F00A8463041560100A492C40F
:20742000FE820006FE02964128AC001B8F00A8473041560100A492C4FE820006FE02964163
:2074300028AC001B8F00A8483041560100A492C4FE820006FE02964128AC001B8F00A84940
:207440003041560100A492C4FE820006FE02964128AC001B8F00A84A3041560100A492C4DB
:20745000FE820006FE02964128AC001B8F00A84B3041560100A492C4FE820006FE0296412F
:2074600028AC001B8F00A84C3041560100A492C4FE820006FE02964128AC001B8F00A84D08
:207470003041560100A492C4FE820006FE02964128AC001B8F00A84E3041560100A492C4A7
:20748000FE820006FE02964128AC001B8F00A84F3041560100A492C4FE820006FE029641FB
:2074900028AC001B8F00A8503041560100A492C4FE820006FE02964128AC001B8F00A851D0
:2074A0003041560100A492C4FE820006FE02964128AC001B8F00A8523041560100A492C473
:2074B000FE820006FE02964128AC001B8F00A8533041560100A492C4FE820006FE029641C7
:2074C00028AC001B8F00A8543041560100A492C4FE820006FE02964128AC001B8F00A85598
:2074D0003041560100A492C4FE820006FE02964128AC001B8F00A8563041560100A492C43F
:2074E000FE820006FE02964128AC001B8F00A8573041560100A492C4FE820006FE02964193
:2074F00028AC001B8F00A8583041560100A492C4FE820006FE02964128AC001B8F00A85960
:207500003041560100A492C4FE820006FE02964128AC001B8F00A85A3041560100A492C40A
:20751000FE820006FE02964129018F00B90056030241560100A492C4FE820006FE02964142
:2075200029018F00B90156030241560100A492C4FE820006FE02964129018F00B9025603C1
:207530000241560100A492C4FE820006FE02964129018F00B90356030241560100A492C4E8
:20754000FE820006FE02964128AC00068F00B5003041560100A492C4FE820006FE02964191
:2075500028AC00068F00B5013041560100A492C4FE820006FE02964128AC00068F00B502BD
:207560003041560100A492C4FE820006FE02964128AC00068F00B5033041560100A492C409
:20757000FE820006FE02964128AC00068F00B5043041560100A492C4FE820006FE0297425B
:20758000964128AC001B76C0A8403041560100A7924296C7FE820006FE029742964128AC5D
:20759000001B76C0A8413041560100A7924296C7FE820006FE029742964128AC001B76C0A6
:2075A000A8423041560100A7924296C7FE820006FE029742964128AC001B76C0A84330418A
:2075B000560100A7924296C7FE820006FE029742964128AC001B76C0A8443041560100A7D6
:2075C000924296C7FE820006FE029742964128AC001B76C0A8453041560100A7924296C792
:2075D000FE820006FE029742964128AC001B76C0A8463041560100A7924296C7FE8200062C
:2075E000FE029742964128AC001B76C0A8473041560100A7924296C7FE820006FE029742C8
:2075F000964128AC001B76C0A8483041560100A7924296C7FE820006FE029742964128ACE5
:20760000001B76C0A8493041560100A7924296C7FE820006FE029742964128AC001B76C02D
:20761000A84A3041560100A7924296C7FE820006FE029742964128AC001B76C0A84B304109
:20762000560100A7924296C7FE820006FE029742964128AC001B76C0A84C3041560100A75D
:20763000924296C7FE820006FE029742964128AC001B76C0A84D3041560100A7924296C719
:20764000FE820006FE029742964128AC001B76C0A84E3041560100A7924296C7FE820006B3
:20765000FE029742964128AC001B76C0A84F3041560100A7924296C7FE820006FE0297424F
:20766000964128AC001B76C0A8503041560100A7924296C7FE820006FE029742964128AC6C
:20767000001B76C0A8513041560100A7924296C7FE820006FE029742964128AC001B76C0B5
:20768000A8523041560100A7924296C7FE820006FE029742964128AC001B76C0A853304189
:20769000560100A7924296C7FE820006FE029742964128AC001B76C0A8543041560100A7E5
:2076A000924296C7FE820006FE029742964128AC001B76C0A8553041560100A7924296C7A1
:2076B000FE820006FE029742964128AC001B76C0A8563041560100A7924296C7FE8200063B
:2076C000FE029742964128AC001B76C0A8573041560100A7924296C7FE820006FE029742D7
:2076D000964128AC001B76C0A8583041560100A7924296C7FE820006FE029742964128ACF4
:2076E000001B76C0A8593041560100A7924296C7FE820006FE029742964128AC001B76C03D
:2076F000A85A3041560100A7924296C7FE820006FE0297429641290176C0B90056030241ED
:20770000560100A7924296C7FE820006FE0297429641290176C0B90156030241560100A750
:20771000924296C7FE820006FE0297429641290176C0B90256030241560100A7924296C70C
:20772000FE820006FE0297429641290176C0B90356030241560100A7924296C7FE820006A6
:20773000FE029742964128AC000676C0B5003041560100A7924296C7FE820006FE029742C5
:20774000964128AC000676C0B5013041560100A7924296C7FE820006FE029742964128ACE2
:20775000000676C0B5023041560100A7924296C7FE820006FE029742964128AC000676C040
:20776000B5033041560100A7924296C7FE820006FE029742964128AC000676C0B504304141
:20777000560100A7924296C7FE820006B2BDFE027649AA147649D4829A197649AF219AFA6D
:207780007649AF2B9A467649AF359A197649AF3F761F02DB280408989A007649E72F9641E9
:207790004241FFEC013876499A527649AA6B9A647649AA8176499A3E7649D4959A6476494F
:2077A000D4A076499ACE7649AA7676499AE27649D50D7649AE1A76497DE676499DA7764908
:2077B000D5147649D65E7649D52128A903E87649D530761F02DA921B5C1D931C7649D55975
:2077C000761F02DA921B931C7649D59176499D5F764980E428A903E876497FF576499D830B
:2077D000764980EE7649AE1E59A97649AE7A93A992A176497B7C764980F87648F40A764921
:2077E000AE1E59A97649D66693A992A176497B8B76498102761F02DA921B5C1D931C764945
:2077F000D61376497E3076499A667649D4B59A647649D4C076499B1E7649D4D59A32764960
:20780000D4E076499E187649D4F57649D68A59A97649D68E93A992A17649D4FF9A0A76490F
:207810007E7F9A0A76497F19761F02DA923160089A047649AD99520160037649D482761FC1
:2078200002C69200603A764998AF76499C9F764998D476499CAD764998F376499CBB764902
:20783000991276499CC97649993176499CD77649995076499CE57649996F76499CF37649F2
:20784000998E76499D01764999B176499D0F76499B9B76499D1D76499BB076499D2B764972
:207850009B8676499D3976499B3276499D4776499B4776499D556F0F5203600D764998AF9B
:207860002DA9761F02DB350A2D0A3B01313207ABFF45960A761F02C7922652016009764984
:20787000995076499CE57649998E76499D017649AE7A9B057649AD255200610B9A26764937
:2078800091529A01764968399A049B057649E7709A327649AD015201600F9A23764991525C
:207890009A01764968159A019B017649E770761F02DB1A0B00019A329BFA7649ADAE7649E2
:2078A0007D6276497C1C76497D617649802F761F02DAD5035C1F931E7649AD545201600B94
:2078B0009A2A764991529A01764968699A019B017649E7709A647649ACDC5201600B9A310C
:2078C000764991529A01764968BE9A019B017649E77041416C0976499C2D7649ACA27649EE
:2078D000ADAA76497E5C4041FFECFEB8761F02BA922E52026011761F01009204761F02BA33
:2078E000722F761F01149204761F02BA7230761F02BA56BF032E761F02DB0A099209523279
:2078F00069042B097649BEC876497BAB761F02C6920052036022761F0262921F5202671072
:20790000761F026292205202670B9A007649812A9A00764981349A007649815C6F2E764952
:2079100080577649812A7649802F76498134764980477649815C6F21761F0262921B520288
:207920006710761F0262921D5202670B9A007649812A9A00764981349A007649815C6F0D9E
:207930007649D67A7649812A7649D66A764981347649D66E7649815C761F02C69200610953
:207940005202610752076105761F01FC40106D109A007649813E9A00764981669A0076499C
:2079500081349A007649815C9A007649812A7649796876497B18761F02DA9204FFE1FE2E23
:20796000920561040B05FFEFFE292B04FFEFFE267649805B52C86919761F02DA56BF0138B0
:207970001B254E2067020A251B244E2067020A241B214E2067020A2188232901FF20EA60F1
:207980000FA6655F0A236F5D7649805B52826918761F02DA56BF01381B244E2067020A2483
:207990001B214E2067020A2188232901FF20EA600FA665020A23922561440B256F42764916
:2079A000805B526E6917761F02DA56BF01381B214E2067020A2188232901FF20EA600FA6BC
:2079B00065020A23922461020B249225612A0B256F287649805B52666916761F02DA56BF7B
:2079C000013888232901FF20EA600FA665020A23922161020B21922461020B249225611134
:2079D0000B256F0F761F02DA922361020B23922161020B21922461020B24922561020B255E
:2079E0009221610456BF013A6F022B3A7649913352C862057649913752C86518761F02DBB5
:2079F0001B084E2067020A081B074E2067020A071B06753067020A068F02BF20A8A90F1C36
:207A0000696C02015601001C6F6876499133528C620576499137528C6517761F02DB1B0707
:207A10004E2067020A071B06753067020A068F02BF20A8A90F1C690402015601001C9208C6
:207A2000614C0B086F4A76499133527862057649913752786516761F02DB1B0675306702AC
:207A30000A068F02BF20A8A90F1C690402015601001C920761020B079208612F0B086F2D70
:207A4000764991335266620576499137526665158F02BF20761F02DBA8A90F1C69040201FD
:207A50005601001C920661020B06920761020B07920861130B086F11761F02DB061C6104EF
:207A600002015641001C920661020B06920761020B07920861020B08761F02C6920061379F
:207A700052016135761F02DA9225521467181B2401F467151B211770671288232901FF2020
:207A8000EA600FA6650C761F02DB9208521467071B0703E867041B06753068199A3076494E
:207A90009152761F02DA2B232B242B212B250200761F02DB1E1C2B062B072B089A019B01CE
:207AA0007649E7709A01764968B16F01761F02DA92235232690F02807649913B9A1976492C
:207AB000915C9A0176496BBC761F02DA56BF013A6F1352056711028076499146761F02DAAD
:207AC0002B3A76499123521960049A007649915C9A0076496BBC0232761F02DB0F1C6714ED
:207AD000761F02E2921F520160089A147649915C9A0176496B806F1C9A0A7649915C9A019C
:207AE00076496B086F1502050F1C6912764991235214610576499123520A60049A00764958
:207AF000915C9A0076496B809A0076496B087648F4B15200611D7648F4B152036619764950
:207B0000911BBE809B0090800FA6610F761F02DB0A0E880E2901FF20EA600FA663092B0E9E
:207B10009A007648F82F6F04761F02DB2B0E00067649659D52006026764870DD520060223A
:207B2000761F02DA9216601E761F01FC40096D16761F02DA0A1792175219683F2B1756BFAC
:207B300001169A017648F7F2764923BE52016035761F02DA56BF011A6F30761F02DA2B1761
:207B40006F2C761F01FC9209900152016015761F02DA0A179217521968202B172B169A00B9
:207B50007648F7F2764923BE52016017761F02DA56BF011A6F12761F02DA2B177649659D6E
:207B600052006005764870DD520061079A007648F7F2761F02DA2B160006FE0497449643DA
:207B700002641EA62D4337440200F61F561700A6A9420642FE840006FE04974496430264DF
:207B80001EA62D4337440200F61F561700A6A9420642FE840006FE04974496438F0003E821
:207B90002D4302003744F61F561700A4A9420642FE840006FE023B01761F0262852CFF56CC
:207BA00085A91E42761F0262062A0F42660306426F01FE820006761F02C69200520461036D
:207BB000520560437649A8E21BA90384682B7649A8E21BA906A467267649A8E228AC06A489
:207BC000761F02DA8F00064074AC02003702F61F561700A492029EAB961C7649A8E228AC32
:207BD00006A4761F02DA8F00064074AC37010200F61F561700A492019EAB961B56BF01344E
:207BE0006F0F761F02DA9201961B9202961C2B3476499123521860049A007649915C761F91
:207BF00002DA9203961D6F2852036014761F02DA9201961B9202961C2B34764991235218BA
:207C000060049A007649915C761F02DA9203961D6F13761F02DA9201961B9202961C2B3425
:207C100076499123521860049A007649915C761F02DA9203961D0006B2BDAABDA2BDFE02D9
:207C2000761F02BA92065202615D761F01FC46096D59761F02DB56BF010D76499C319642A9
:207C300076499C315BA976499C6786A476499C8859A9764980375DA993A192A38AA2764903
:207C4000AB0E7649801F93427649ABED7649A90A5200601A7649A92252006016761F02BA00
:207C5000922A52026111761F02C69200520460075204600A761F02E2921F6006761F02DA25
:207C60002B06FFEF0096764988FD5200FFE00091764989155200FFE0008C761F02BA922A22
:207C70005202FFE10086764920245200FFE1008176491FC15200607C761F02DA56BF01062A
:207C80006F777649A90A520060367649A92252006032761F02BA922A5202612D761F02C6EA
:207C900092005204600752046026761F02E2921F6022761F02DB56BF020D76499C31964203
:207CA00076499C315BA976499C3586A476499C8059A9764980375DA993A192A38AA27649CD
:207CB000AB0E7649801F93427649ABED761F02DA2B066F3E764988FD52006034764989159B
:207CC00052006030761F02BA922A5202612B764920245200612776491FC152006023761FEF
:207CD00002DB56BF030D76499C31964276499C315BA976499C4E86A476499C8459A976492B
:207CE00080375DA993A192A38AA27649AB0E7649801F93427649ABED761F02DA56BF0106A3
:207CF0006F07761F02DB56BF040D7649ADE5761F02A99A3293007649AC06964176495FD63A
:207D0000761F02C692005203600C761F02DA88070E060FA6610A56BF010456BF32056F05A5
:207D1000761F02DA2B042B0592069607761F02DB56BF030C7649AE265201603F761F02DAC2
:207D20009204603B7649A94652006005761F02DA9206610A764989095200602F761F02DA96
:207D300092065201602A761F02DB56BF040C7649A9465200600D761F02DA92066009761FB3
:207D400002DB56BF010C761F02E22B1F6F12764989095200600E761F02DA9206520160090A
:207D5000761F02DB56BF020C761F02E256BF011F761F02DB080C0003FE8282BE86BE8BBEFA
:207D600000060006FE022B41761F02C69200520360507648F4CD5201610C76491F3D9B0A98
:207D700000C9E9529B057649544C7648F7D46F6D761F02DA9231610576491CF45200611F50
:207D80007648F4C55207610C761F02C6921B6008761F02C7922560049A077648F57B76492D
:207D90001F3D76497F9A96417649808F5201604D9241D4019B027649AA966F477649808F32
:207DA0005201600776491F3DD4019B037649AA967648F4C552076139761F02C6921B603573
:207DB000761F02C7922560319A077648F57B6F2D52026019761F02C6920252076126761F6F
:207DC00002DA2B319A007648F7D428A90DAC76499C9028A90DAC7649AE9828A90DAC7649FB
:207DD000AEA26F13761F02DA2B319A007648F7D428A90DAC76499C9028A90DAC7649AE98CD
:207DE00028A90DAC7649AEA2FE820006FE049643761F02C692005203610352046038764835
:207DF000F4CD520061349243761F02DB72100A0F920F520569340E10F60F1F0F96101B1032
:207E000001F46703281001F476491F3D761F02DB88103B0156030AA9C24200C9E8DB9644FF
:207E100076491F3D761F02DB88102DA91244C24200C9E8DB9644761F02DA923E9444FFA0DF
:207E2000963E761F02DB2B102B0F6F09761F02DA283E0400761F02DB2B102B0FFE840006C5
:207E3000FE047649C7EC761F027D3B012DA93600FF47964352FA630356BFFA438543761FE2
:207E400002A9FF681E4256030718FF5AFF3210ACFF6900C9E8DB96441BA904B065042844D7
:207E500004B06F061BA90258630328440258924476495FEAFE840006761F02C692005203F5
:207E60006018761F02DA923F52016008761F02DB0A00761F02DA2B3F6F12761F02DB9200B1
:207E7000610E0A1192115202690A0B002B116F07761F02DA2B3F761F02DB2B000006FE04C1
:207E8000964176491CF45203610976491CF45204610576491CF452066013761F0281923876
:207E9000761F0281543B6209761F02819235761F02819E3B96426F0D923B96426F0A761FE9
:207EA00002DB2B122B01761F02E21800FFFB6F7076491F5352006009761F02819B0C9235A0
:207EB00000C9E95296436F15761F02C6920052046009761F02819B0C923500C9E952964340
:207EC0006F08761F02819B2D923500C9E95296437649A964520161057649A9165201600CE5
:207ED000761F02DB2B12761F02E21800FFFB761F02DB2B016F24761F02DB9201610F3B0176
:207EE0008542FF56544363080A129212544169172B122B016F142B126F1288433B01854217
:207EF000DE02FF5693A655A963090A129212544169062B1256BF01016F022B12761F02C677
:207F000092005205610352046006761F02E21800FFFB6F0E761F02E2CD00FFFB761F02DB9E
:207F100092019001761F02E2FF81CAA89600FE840006FE04964176491CF45203610976497E
:207F20001CF45204610576491CF452066013761F02819238761F0281543C6209761F0281CE
:207F30009235761F02819E3C96426F0D923C96426F0A761F02DB2B132B02761F02E2180196
:207F4000FFFB6F57761F02819B0C923500C9E95296437649893F520161057649891552010E
:207F5000600C761F02DB2B13761F02E21801FFFB761F02DB2B026F24761F02DB9202610FC1
:207F60003B018542FF56544363080A139213544169172B132B026F142B136F1288433B011C
:207F70008542DE05FF5693A655A963090A139213544169062B1356BF01026F022B13761FEF
:207F800002C692005205610352046006761F02E21801FFFB6F0E761F02E2CD01FFFB761F31
:207F900002DB92029001761F02E2FF81CAA89601FE840006FE029641761F02DB9203610501
:207FA0009204540561029605761F02BA920652026046761F02C6920052036038761F02DBA3
:207FB000920361410A1492145208683D2B032B14761F02D19202761F02BB54136704921385
:207FC00096426F05761F02D192029642761F02DB541563030B156F04541565020A152D157C
:207FD0009241310A9EAB540465040804000A6F039A0A740492415404630396046F141B0408
:207FE00007D06311280407D06F0E761F02DB2B032B1492415404610796046F05761F02DBC4
:207FF0002B142B039205FE820006FE029641761F0262062C8841761F0262033EFF560FA6D8
:208000006508761F0262062C761F02621E3E6F0DA33EFF68761F02623B01A9A910AC072C39
:20801000761F0262FF411E3EFE82FF690006761F02DA92090006761F02DA920A0006761F13
:2080200002DA92100006761F02DA92140006761F0262062C0006761F0262063E0006761F96
:20803000026206280006761F026206300006761F02DA920F0006761F02DA92110006761F9C
:2080400002DA92120006761F02DA92130006761F0262062A0006761F0262062E0006761F87
:2080500002DB06180006761F02DA921B0006761F0262920D0006761F02DA922C0006761F83
:2080600002DA92260006761F02DA92270006761F02DA922A0006761F02DA922B0006761F3A
:2080700002DA92280006761F02DA92290006761F02DA920B0006761F02DA920C0006761F64
:2080800002DA92000006761F02DA920D0006761F02DA920E0006761F02DA922F0006761F72
:2080900002DA92300006FE0296413B10761F02DA96092910FF69FE820006FE0296413B10B1
:2080A000761F02DA960A2910FF69FE820006FE0296413B10761F02DA96102910FF69FE822E
:2080B0000006FE0296413B10761F02DA960F2910FF69FE820006FE0296413B10761F02DAB8
:2080C00096112910FF69FE820006FE0296413B10761F02DA96122910FF69FE820006FE0270
:2080D00096413B10761F02DA96132910FF69FE820006FE0296413B10761F02DA924196141D
:2080E0002910FF69FE820006FE021E423B10761F02621E2C2910FF69FE820006FE021E42E4
:2080F0003B10761F02621E282910FF69FE820006FE021E423B10761F02621E2A2910FF6932
:20810000FE820006FE021E423B10761F02621E2E2910FF69FE820006FE021E423B10761F82
:2081100002DB1E182910FF69FE820006FE0296413B10761F02DA961B2910FF69FE820006AA
:20812000FE0296413B10761F02DA96202910FF69FE820006FE0296413B10761F02DA962C7A
:208130002910FF69FE820006FE0296413B10761F02DA96262910FF69FE820006FE029641BB
:208140003B10761F02DA96272910FF69FE820006FE0296413B10761F02DA962A2910FF698B
:20815000FE820006FE0296413B10761F02DA962B2910FF69FE820006FE0296413B10761F57
:2081600002DA96282910FF69FE820006FE0296413B10761F02DA96292910FF69FE820006C5
:20817000FE0296413B10761F02DA962F2910FF69FE820006FE0296413B10761F02DA963017
:208180002910FF69FE82000676491F5352006008761F02E628020384280403E86F07761F7D
:2081900002E6280206A428040708000676491F5352006008761F02E628020384280403E8A2
:2081A0006F07761F02E6280206A42804070828010AF028030A8C280519642806119428072D
:2081B000189C2808125C28091518280A11F8280B14E6280C122A281A09E2281B09B0761F69
:2081C00002E21A0100011801FFFD1801FFF71801FFEF1801FFDF1A0100401801FF7F180172
:2081D000FEFF1801FDFF1A0104001801F7FF1801EFFF1801DFFF1A010004761F02E62B1971
:2081E0002B172B172B0F2B002B102811FFFF2B142B152B160006FE029641761F02E62901E0
:2081F0002D41360DFF4A960FFE820006FE029641761F02E63B01920F9E0085A9FF56544163
:208200006904920F96006F062D003503940FFFC19600FE820006FE029641761F02E62901E3
:208210002D41360EFF4A9612FE820006FE029641761F02E63B0192129E1385A9FF56544128
:208220006904921296136F062D1335039412FFC19613FE820006B2BDFE029642761F02E242
:2082300040016C1C7649246359A97649246ED9E493A99A64761F02E694A88F00B9A6934259
:208240005DA99741920F93A17649CCBA5201601C761F02E21801FFFE6F177649246359A9FA
:208250007649246E761F02E65DA988428F00B9A693A1920F7E417649CCA252016005761F74
:2082600002E21A01000176492463761F02E6540F670B0A279227520568172B27761F02E2DB
:208270001A0101006F1176492463761F02E69C9C540F690A0A289228520568062B28761FE8
:2082800002E21801FEFF7649246E761F02E6540F690E0A2992295205681B2B291B0F01F401
:208290006917761F02E21A0100106F127649246E9B64761F02E695A9550F670A0A2A922A59
:2082A000520568062B2A761F02E21801FFEFFE828BBE0006FE029641761F02E1921F6012E3
:2082B000761F02E65D418F00B9AB28A8012C920F7649CCE752016015761F02E156BF011F1B
:2082C0006F10761F02E65D418F00B9AC28A8014A920F7649CCD252016004761F02E12B1F7E
:2082D000FE820006FE0297429641761F02E688420E140141FF560FA66504924196146F0648
:2082E0000E413B010D14FF409614FE820006FE0496435200610F28A9E10028A805F588437F
:2082F000761F02E6FF5A0200F61F561700A63F156F04761F02E62B15FE840006FE0296418B
:20830000761F02E63B0192169E1585A9FF5654416904921596166F062D1635039415FFC118
:208310009616FE820006FE029642761F02E246016C12761F02E696418F00B9AD5D089307BD
:2083200092157649CCBA52016016761F02E21801FFBF6F11761F02E696418F00B9AD5D060C
:20833000930592157649CCA252016005761F02E21A010040761F02E692055415670E0A2E0B
:20834000922E520568162B2E1B0001F46912761F02E21A0140006F0D92075415690A0A2FA6
:20835000922F520568062B2F761F02E21801BFFF761F02E692065415690E0A309230520595
:2083600068162B301B0001F46912761F02E21A0180006F0D92085415670A0A319231520540
:2083700068062B31761F02E218017FFFFE820006FE029642761F02E247016C12761F02E6F9
:2083800096418F00B9995D0C930B92157649CCBA52016016761F02E21801FF7F6F11761F44
:2083900002E696418F00B9995D0A930992157649CCA252016005761F02E21A010080FE820A
:2083A0000006FE029641761F02E60A1854186715761F02E21A0104001A0100011A0100404A
:2083B0001A0100801801FDFF761F02E62B192B0F2B002B162B142B18FE820006761F02E611
:2083C0002B180006761F02E69210540F6703920F96109211540F6903920F96110006761FCC
:2083D00002E240016D0A4C016D083B10761F02E61817FFFE29106F073B10761F02E61A1793
:2083E00000012910761F02E24B016D083B10761F02E61817FEFF29106F073B10761F02E69E
:2083F0001A1701002910761F02E240016D034C016C083B10761F02E61A17000129106F076E
:208400003B10761F02E61817FFFE2910761F02E24B016C083B10761F02E61A1701002910C3
:208410006F073B10761F02E61817FEFF2910761F02E246016D0A3B10761F02E61817FFFD7F
:208420001817FFFD29106F093B10761F02E61A1700021A1700022910761F02E243016D08C7
:208430003B10761F02E61817FFFB29106F073B10761F02E61A1700042910761F02E240019C
:208440006D1446016D1243016D104B016D0E49016D0C4C016D0A42016D083B10761F02E646
:208450001817FFF729106F3F3B10761F02E61A1700082910761F02E240016C05761F02E61E
:208460001A230001761F02E246016C05761F02E61A230002761F02E243016C05761F02E626
:208470001A230004761F02E24B016C05761F02E61A230008761F02E249016C05761F02E602
:208480001A230010761F02E24C016C05761F02E61A230020761F02E242016C05761F02E6D4
:208490001A230040761F02E643176D0C761F02E243016D083B10761F02E61817FFF72910A7
:2084A0006F133B10761F02E61A170008291043176C031A230080761F02E243016C05761FB7
:2084B00002E61A230100761F02E247016C083B10761F02E61A17008029106F073B10761F49
:2084C00002E61817FF7F2910FF690006B2BDFE0296412B427649AE1A59A9764988E13B01C0
:2084D0009EA185A9FF569642761F02C69200520460187648EFBC52006014924252C86511A2
:2084E0009241761F02E65432670A2B329A2C764991529A019B017649E7706F060A326F04FF
:2084F000761F02E62B32FE828BBE0006FE0296417649893F52006034764989445200603011
:20850000764989395200602C761F02E2CC012000FFCC6013761F02E292135D418F00B9B59F
:20851000761F02E293187649CCE75201601C761F02E21A0120006F17761F02E293185D41EA
:20852000761F02E28F00B9B59D6492137649CCD252016009761F02E21801DFFF6F04761F8E
:2085300002E62B35761F02E61B3305DC674D0A33761F02E2CC010200FFC8601B761F02E243
:2085400092135D418F00B9B4761F02E293187649CCE752016027761F02E21A0102009A013B
:208550009B057649E770761F02E61A2400016F1A761F02E293185D41761F02E28F00B9B4D9
:208560009D6492137649CCD25201600C7649911BBE409B0090400FA66105761F02E21801B8
:20857000FDFF761F02C6920052036012761F02C79200600E761F02E249016D0A761F02E624
:20858000283305DC6F05761F02E21801FDFFFE820006FE021E42761F02E6FF68A33E3B01B6
:20859000A9A910AC0742FF411E3EFF69FE820006FE0296410264761F02E62D411EA63712B5
:2085A000761F02E70200F61F561700A6A900FE820006B2BDAABD761F02E62B2576498956A3
:2085B0005200603D761F02E6923761032B372B3676491FC152006112764920245200600E28
:2085C000761F02E60A361B3601F4681A2B362B382B399A02764989FF6F1376491FC1520098
:2085D000600F764920245200610B761F02E60A361B3601F468052B369A01764989FF7649E9
:2085E0009123521360079A0076496B749A007649915C9A0076498A24FFEF02C87649895620
:2085F0005202FFE002097648F5005204FFE000F57649207C5200603E7649466D5AA97649D1
:20860000467194A259A97649204554A1640676492045520AFFE6008E76491DF2520061096B
:208610007649205059A97649C7EC93A155A9692276491DF25200600E761F02B9412C6C0A29
:2086200076492066761F02B9CD2BFF00FFD755A9671176491DF25200606C761F02B9412CB9
:208630006D687649205059A97649C7EC93A155A96660761F02E62B3956BF01257649D68A7F
:208640001BA903846805761F01FC4E096C0576491CF4520061127649895E5200600A761F7D
:2086500001FC4E096D067649D68A1BA90384672B76491CF452006127761F02E656BF0225E5
:208660000A381B381770680C2B3876491CF4520060049A0176498A099A0176498A247649CE
:208670009123521360089A0076496B749A007649915C6F049A0076496B74761F02E62B3C5C
:20868000FFEF0152761F02E656BF03252B38921EFFE0014A0A3C923C5232FFE901452B3C75
:208690009A0176496B749A137649915CFFEF013C7649466D5AA97649467194A259A976492B
:2086A0002045FFC054A1663176491DF2520061097649205B59A97649C7EC93A155A9662515
:2086B00076491DF25200600E761F02B9412C6C0A76492071761F02B9CD2BFF00FFD755A97E
:2086C000681476491DF25200FFE0010E761F02B9412CFFED01097649205B59A97649C7ECAF
:2086D00093A155A9FFE90100761F02E656BF04252B380A391B391770FFE800F62B39764933
:2086E0001CF4520060049A0076498A099A0076498A24FFEF00E97648F5005203FFE000D62D
:2086F00076492087520061099A0076498A099A0076498A24FFEF00D876491DF25200610905
:208700007649205059A97649C7EC93A155A9692276491DF25200600E761F02B9412C6C0A38
:2087100076492066761F02B9CD2BFF00FFD755A9671176491DF252006066761F02B9412CCE
:208720006D627649205059A97649C7EC93A155A9665A761F02E656BF05252B397649D68A96
:208730001BA903846805761F01FC4E096C0576491CF4520061127649895E5200600A761F8C
:2087400001FC4E096D067649D68A1BA90384672A76491CF452006126761F02E656BF0625F2
:208750000A381B381770680C2B3876491CF4520060049A0176498A099A0176498A247649DD
:208760009123521360089A0076496B749A007649915C6F049A0076496B74761F02E62B3C6B
:208770006F62761F02E656BF07252B380A3C923C523269592B3C9A0176496B749A13764991
:20878000915C6F5176491DF2520061097649205B59A97649C7EC93A155A9662276491DF26C
:208790005200600E761F02B9412C6C0A76492071761F02B9CD2BFF00FFD755A96811764933
:2087A0001DF252006030761F02B9412C6D2C7649205B59A97649C7EC93A155A96924761F70
:2087B00002E656BF08252B380A391B391770681B2B3976491CF4520060049A0076498A09A6
:2087C0009A0076498A246F0F761F02E656BF09259A0076498A099A0076498A24761F02E6E4
:2087D0002B382B39761F02E692375201610456BF01372B3676491FC15200610576492024BC
:2087E0005200600676491FC15200FFE000CF761F02E60A369236520AFFE800C82B369A0097
:2087F000764989FF9A0076498A099A0076498A24FFEF00BC9A0076498A2476491F1052003E
:20880000610F761F02E62B3B0A3A1B3A01F4FFE800892B3A9A0176498A13FFEF008376497B
:208810001EA25200613E7649895A5200603A76491DF25200610976491EFA59A97649C7EC34
:2088200093A155A9662276491DF25200600E761F02B9412C6C0A76491ECE761F02B9CD2BCA
:20883000FF00FFD755A9681176491DF252006019761F02B9412C6D1576491EFA59A976496C
:20884000C7EC93A155A9690D761F02E62B3B0A3A1B3A01F468462B3A9A0176498A136F4192
:2088500076491EA25200613276491EA25200613976491DF25200610976491F0559A976490B
:20886000C7EC93A155A9692276491DF25200600E761F02B9412C6C0A76491ED9761F02B9C1
:20887000CD2BFF00FFD755A9671176491DF252006018761F02B9412C6D1476491F0559A9EA
:208880007649C7EC93A155A9660C761F02E62B3A0A3B1B3B01F468052B3B9A0076498A1387
:20889000761F02E692375202610456BF02372B3676491FC152006105764920245200600509
:2088A0007649202452006011761F02E60A361B3601F4680B2B369A00764989FF9A007649E1
:2088B0008A099A0076498A1376491F10520060197649895A5200610976491EA252006105D1
:2088C00076491F1B5200600D7649912F5200610E7649203A5200610A76491F26520061060D
:2088D000761F02E656BF01216F04761F02E62B2186BE8BBE0006761F02E2CC010200FFC8F6
:2088E0000006761F02E6920F0006761F02E692000006761F02E692120006761F02E69213F0
:2088F0000006761F02E692140006761F02E692150006761F02E6921600063B10761F02E61C
:2089000040176C0429109A016F0329109A00FF6900063B10761F02E643176C0429109A01A3
:208910006F0329109A00FF6900063B10761F02E641176C0429109A016F0329109A00FF6983
:2089200000063B10761F02E643176C0429109A016F0329109A00FF6900063B10761F02E650
:2089300042176C0429109A016F0329109A00FF690006761F02E2CC010008FFC20006761F2D
:2089400002E2CC0100010006761F02E2CC010040FFC50006761F02E692230006761F02E65A
:20895000063E0006761F02E706000006761F02E6921D0006761F02E6921F0006761F02E650
:2089600092200006761F02E692220006FE0296413B10761F02E696012910FF69FE820006AB
:20897000FE0296413B10761F02E696022910FF69FE820006FE0296413B10761F02E6960351
:208980002910FF69FE820006FE0296413B10761F02E696042910FF69FE820006FE02964179
:208990003B10761F02E696052910FF69FE820006FE0296413B10761F02E696062910FF6961
:2089A000FE820006FE0296413B10761F02E696072910FF69FE820006FE0296413B10761F17
:2089B00002E696082910FF69FE820006FE0296413B10761F02E696092910FF69FE82000695
:2089C000FE0296413B10761F02E6960A2910FF69FE820006FE0296413B10761F02E6960BF1
:2089D0002910FF69FE820006FE0296413B10761F02E6960C2910FF69FE820006FE02964121
:2089E0003B10761F02E6960D2910FF69FE820006FE029641761F02E29001CD01FFF7FF82BF
:2089F000CAA89601FE820006FE029641761F02E29001CD01FFFECAA89601FE820006FE029D
:208A000096413B10761F02E6961D2910FF69FE820006FE0296413B10761F02E6961E291051
:208A1000FF69FE820006FE0296413B10761F02E6961F2910FF69FE820006FE029641761F71
:208A200002E69620FE820006FE0296413B10761F02E696222910FF69FE820006FE029A01F9
:208A3000764991669A0176498A139A007649E72F964141416C4576499A167649A5249A640B
:208A40007649A52F76499AF67649A5449A327649A54F76498D299A057649A56476499C25B1
:208A50007649A61C9A327649A6339A057649A6487649A6F37649A70476498D8F76499DD00C
:208A60007649A8C47649A8E67649A8D3761F02C69200520460097648F4C5520260057649A7
:208A70008B7B76498BF176498B5076498E9276498EDC76498FCF76499002764990214241A2
:208A80006C3D76499A2A764981EB9A64764981F676499B0A7649820B9A32764982169A05D9
:208A90007649822B76499C29764982E79A32764982FE9A0576498313764983BE764983CF9E
:208AA00076498DAB76499DF476498589764988E576498598761F02C692005204600976482E
:208AB000F4C55202600576498B7B76498BF176498B5076498EB77649904B43416C0C764941
:208AC0009E3C76498E119A0576498E2876498E5C76498E7B44416C089A017649AA09764914
:208AD000A70476498B5045416C089A01764989F4764983CF76498B504041FFECFF58761F6D
:208AE00002BA922E52036011761F01009204761F02BA722F761F01149204761F02BA7230E3
:208AF000761F02BA56BF052E9A0A7649A6D69A0A764983A17649A704764983CF764985A9FF
:208B000076498EFC76498B509A0A76498E6076498E7B7649A93A5201600502107649913B62
:208B10006F0E02107649914676499123520E60049A007649915C9A0076496B2C761F02C656
:208B200092006106520761047648EDF96F049A007648712176491D835203610976491D8300
:208B3000520160097648711D520061057648F49652016006761F02E256BF010D6F04761FC0
:208B400002E22B0D7649909A76498D8F9A0A7649A82B9A0A764984F676498DC7FFEFFEE73C
:208B50007649A93A761F02E296025201600B920360099A019B037649E770761F02E11A2A8B
:208B60000001761F02E29202960376498921761F02E296045201600B920560099A019B05D9
:208B70007649E770761F02E61A240002761F02E2920496050006B2BDFE067649C7EC9643A4
:208B8000761F02E2921F60057649A8E296446F04764988E1964476491FCC5200613D764955
:208B90001F7F761F02E32DA936441E028843021B3B011EACC24256440002FF4400C9E8DBE0
:208BA0001E0276491F7F2DA9350A1E4692469CFB96467649A8EE934655A9690E761F02E258
:208BB0000A2A0E2A761F02E30F02652B9202761F02E2962A6F2676491F7F2DA9350A8BA916
:208BC0007649A8EE93A155A9671C761F02E2922A61180B2A6F1628AC0096761F02E33044CB
:208BD0001E0288433B01021B1EACC24256440002FF4400C9E8DB1E029202761F02E2962A1B
:208BE00076491DD1761F02E2960E922A540E6702960E2D0E761F02AA35469634FE868BBEF2
:208BF0000006B2BDFE0A76491D6259A97649C7EC93A155A9670576491D6296486F1476493A
:208C0000C8002DA935648BA97649C7EC93A155A969077649C8002DA9356496486F047649CF
:208C1000C7EC96487649A8E21BA90AF0690428490AF06F0C7649A8E21BA9038467042849E9
:208C200003846F047649A8E2964976491DB00EA91E46761F02C39B0A920300C9E9523B0197
:208C300085A956410046761F02E20E0E0F4663030E0E1E46761F02BD0E011EAC564400463C
:208C40001E468F00FA00A8A90F466303A8466F06FF23FF830F4665021E4685491E4256214F
:208C500000485644004600C9E8DB761F02AB1E32020019640F326504020019641E32764907
:208C6000AE7A59A97649D662761F02BD94A15403681A7649D662761F02BD93039FA934A86C
:208C700003DE1E44020019640F4465070200761F02AB19641E326F070644761F02AB0F320F
:208C800063021E327649A8E288A98F0008FC761F02ABA8ACC2425644003200C9E8DB761F8B
:208C900002AB1E34020019140F346504020019141E34761F02C3920363022B0376491DB05B
:208CA0009647761F02C39B0A920300C9E9527447924763022B47761F02E2920E54476504B7
:208CB0009247960A6F02960A0A2B76495FA3761F02E2540A630D922B5205640E2B2B764942
:208CC0005FA393A99A0194A8764960806F052B2B920A76496080FE8A8BBE0006761F02E28B
:208CD000922C520160567649A8FA1BA90F3C684D7649A8FA1BA919C866487649A93A5200F0
:208CE00060447649A8FA1BA9157C6920761F02E20A2E922E520A691876491F415200601062
:208CF00028A9411A7649AEF99A0176491F459A069B037649E770761F02BA56BF0131761F93
:208D000002E22B2E2B2C2B2D6F24761F02E20A2D922D520A691876491F415201601028A9D5
:208D10004E207649AEF99A0076491F459A069B037649E770761F02BA56BF0131761F02E24D
:208D20002B2D2B2C2B2E6F05761F02E22B2D2B2E0006761F02C89213961292149613761FF7
:208D300002E1920A761F02C89614BE03921394129414761F02E20EA9F60F1FA6960828AC7B
:208D400000B53B013008FF4696090006761F02C89210960F92119610761F02E69200761F6D
:208D500002C89611BE039210940F9411761F02E20EA9F60F1FA6960B28AC00B53B01300B4C
:208D6000FF46960C0006FE0456BF054376491F415201600356BF06432D43761F02E28F00FC
:208D70000587360FA8AC8F0003E8566500A90200F61F561700A43F107649A8E2BE16761FB7
:208D800002E22D1032A9C242A9A9FF3203AB00C9E8DB3B01FF49FF5C9611FE840006764949
:208D9000C7EC761F027D2DA929013600761F02E2FF4796127649A8E628AC016A2901761F14
:208DA00002E230A9FF4796173B013417010DFF479C64961500067649C7EC761F027D2DA91B
:208DB00029013600761F02E2FF479613764988E528AC016A2901761F02E230A9FF47961800
:208DC0003B013418010DFF479C6496160006FE022B417648839D52006125761F02C69200F4
:208DD0005204601B761F02E2CC002000FFCC600FCC012000FFCC600B7649C83D5201600772
:208DE00056BF01419A0176496BEC6F1056BF02419A0076496BEC6F0A2B419A0076496BEC4F
:208DF0006F052B419A0076496BEC761F02E2882F0E410FA661149241962F7648F4C55202C7
:208E000061057648F4C5520960049A007648F57B3B109241761F02C496282910FE82FF6996
:208E10000006FE0496435200610F28A9E10028A805F58843761F02E2FF5A0200F61F561702
:208E200000A63F196F04761F02E22B19FE840006FE029642761F02E2921B61129242964160
:208E30008F400E748F00B8B028A81A9092197649CCBA52016020761F02E22B1B6F1C761FBE
:208E400001FC46096D159242761F02E296418F400DAC8F00B8B028A81B5892197649CCA286
:208E500052016009761F02E256BF011B6F04761F02E22B30FE820006761F02E22B1A00060B
:208E6000FE029641761F01FC46096D0F76491CF45200610B761F02E20A1A9241541A670AE2
:208E70002B1956BF011B6F06761F02E22B1A2B1B2B19FE82000676491CF452006113761F00
:208E800002E2921B5201600E761F02C69200610A761F02BA9203904860059A049B0C7649FF
:208E9000E7700006FE048F028000A8447649A8E60EA91E42064400C9E8DB1E448F000B51DF
:208EA0003B01A8AC56440044FF4B1E44761F02E2921D60049244961D6F062D1D350707443D
:208EB000FF42961D520063022B1DFE840006FE048F028000A844764988E50EA91E4206449B
:208EC00000C9E8DB1E448F000B513B01A8AC56440044FF4B1E44761F02E2921E600492443C
:208ED000961E6F062D1E35070744FF42961E520063022B1EFE840006761F02E2921F52018D
:208EE00060197649A90A520060107649A9225200600C761F02E20A201B2005DC690D282000
:208EF00005DC56BF01216F08761F02E22B202B216F032B202B210006B2BD76491E9752007F
:208F0000613976491DF25200610976491EE459A97649C7EC93A155A9662276491DF252001E
:208F1000600E761F02B9412C6C0A76491EB8761F02B9CD2BFF00FFD755A9681176491DF2A9
:208F200052006018761F02B9412C6D1476491EE459A97649C7EC93A155A9690C761F02E2D4
:208F30000A311B3101F468452B319A01764991666F4076491E975200613276491E9752007D
:208F4000613876491DF25200610976491EEF59A97649C7EC93A155A9692276491DF25200D1
:208F5000600E761F02B9412C6C0A76491EC3761F02B9CD2BFF00FFD755A9671176491DF25F
:208F600052006017761F02B9412C6D1376491EEF59A97649C7EC93A155A9660B761F02E28F
:208F70000A321B3201F468052B329A00764991668BBE0006FE069645A044A84292C460088F
:208F80008A4492C460058A4256BF01C46F438A44834292C454C563158A4A92C49C14544503
:208F90006308C5428A4492C796C48A420BC46F328A422BC48A442BC48A4C2BC49A016F2E1D
:208FA0008A4A92C49CCE5445651D8A4C0AC41BC400016511761F02E256BF01259A019B031B
:208FB0007649E7708A422BC48A442BC48A4C2BC49A016F14C5428A4492C796C48A420AC40E
:208FC0006F098A422BC48A442BC48A4C2BC49A016F05C54A924596C79A00FE860006FE0464
:208FD0007648F4C55209601F761F02E29226520669030B266F1F5206601D7649A8F68F407B
:208FE000B8B38F00B8B5A042A8448F40B8B48F00B8A476498F7A5200610D761F02E256BF00
:208FF00019266F08761F02E22B242B3456BF08262B353B10761F02E2922496232910FF690D
:20900000FE840006761F02E29225611B92270A369C14543667097649A93A52006005761F8B
:2090100002E22B362B257648F500520461057648F50052056006761F02E22B362B256F0132
:209020000006B2BDFE042B432B447649A8E659A97649A8EE761F02DA88022DA936A1C2428C
:2090300000C9E8DB96437649A8EE761F02DA88032DA99A6436A9C24200C9E8DB96445443B6
:2090400063059243764991706F04924476499170FE848BBE0006B2BDFE042B432B4476492C
:20905000202F761F02DA54026914764988E559A9764988ED761F02DA3B012DA9880285ACCD
:20906000FF562DA9C24230A100C9E8DB96436F18764988E559A9764988ED3B012DA985AC5F
:20907000FF562DA930A18BA97649202F28A8012C95A90EA81E42B2A900C9E8DB96437649D2
:2090800088ED761F02DA3B012DA9880385ACFF562DA9C242356400C9E8DB964454436305EF
:209090009243764991786F04924476499178FE848BBE00067649A8E21BA9012C670C761FFF
:2090A00002E248006C080A371B370BB869042B371800FEFF764988E11BA9012C670C761FB5
:2090B00002E248016C080A381B380BB869042B381801FEFF7649A8E21BA9012C670C761F7F
:2090C00002E244006C080A391B390BB869042B391800FFEF764988E11BA9012C670C761FA2
:2090D00002E244016C080A3A1B3A0BB869042B3A1801FFEF7649A8E21BA9012C670C761F6C
:2090E00002E24E006C080A3B1B3B0BB869042B3B1800BFFF764988E11BA9012C670C761FA2
:2090F00002E24E016C080A3C1B3C0BB869042B3C1801BFFF7649A8E21BA9012C670C761F6C
:2091000002E24F006C080A3D1B3D0BB869042B3D18007FFF764988E11BA9012C670C761FBA
:2091100002E24F016C080A3E1B3E0BB869042B3E18017FFF0006761F02E306000006761FA5
:2091200002E292060006761F02E292070006761F02E292090006761F02E392020006761FD2
:2091300002E292220006761F02E292280006761F02E292290006FE021E423B10761F02E3E9
:20914000980099012910FF69FE820006FE021E423B10761F02E3FF55C000C1012910FF691A
:20915000FE820006FE0296413B10761F02E296062910FF69FE820006FE0296413B10761F64
:2091600002E296072910FF69FE820006FE0296413B10761F02E296222910FF69FE820006CD
:20917000FE0296419241761F02E29628FE820006FE0296419241761F02E29629FE82000610
:20918000FE081E44A8421E4802001E46064C0F466910064607428AA9834892C43CC50201A4
:2091900007481E48020107461E46064C0F4666F2FE880006FE081E44A8421E4802001E46AD
:2091A000064C0F4669118A48C6C488A9064607428AA97EC4020107481E48020107461E468B
:2091B000064C0F4666F1FE880006FE047C431E4276226F158F05D20ACCC4FFF388A956035C
:2091C0000243CAA696C46F168F05D20ACCC4FFCF88A956030443CAA696C46F0CC4428F047E
:2091D0008000A8A90FA661E78F04A000A8A90FA661EC761AF6FA7700F6327700FE84FF69AB
:2091E0000006FE021E428A4218C4FFBEFE820006FE021E425CAD8342DC8606C5CAC4CBCC9E
:2091F0001EC5FE820006FE047C431E42025007428AA9924398C4FE840006FE02020A8F04AF
:2092000080001E42A8A97649B05DFE820006FE0202038F0480001E42A8A97649B05DFE82B6
:209210000006FE0202058F0480001E42A8A97649B05DFE820006FE0202068F0480001E42A0
:20922000A8A97649B05DFE820006FE0202018F0480001E42A8A97649B05DFE820006FE0272
:2092300002028F0480001E42A8A97649B05DFE820006FE0202048F0480001E42A8A976497B
:20924000B05DFE820006FE0202078F0480001E42A8A97649B05DFE820006FE0202088F04BF
:2092500080001E42A8A97649B05DFE820006FE0202098F0480001E42A8A97649B05DFE8260
:209260000006FE02020A8F0480001E42A8A97649B05DFE820006FE0A8F048000A8A976499B
:20927000AFD48F448000D400A0A9764991B528A9C20028A80BEB8F07A1201E42A844A0A9A1
:20928000D4147649AFE7020E8F0480001E42A8A9764991E88F448000D401A0A9764991F3D1
:2092900028A9800328A8C60FBE01B6008F000800D500C2421E4476848000C34606A6A8485F
:2092A000D40156BF08497649B08B28A9078328A8C608BE02B6008F000800D500C2421E4438
:2092B00076848000C34606A6A848D40156BF08497649B08B28A9800328A8C70FBE04B600D8
:2092C0008F000800D500C2421E4476848000C34606A6A848D40156BF08497649B08BBE07A3
:2092D00028A9078328A8C708B6008F000800C242D5001E4476848000C34606A6A848D40108
:2092E00056BF08497649B08B28A9078328A8C608BE08B6008F000800D500C2421E447684CD
:2092F0008000C34606A6A848D40156BF08497649B08B28A9800328A8C60FBE09B6008F00FF
:209300000800D500C2421E4476848000C34606A6A848D40156BF08497649B08B28A907835B
:2093100028A8C608BE0AB6008F000400D502C2421E4476848000C34606A6A848D40156BF48
:2093200008497649B08B28A9800328A8C70FBE03B6008F000400D502C2421E447684800027
:20933000C34606A6A848D40156BF08497649B08B28A9078328A8C708BE05B6008F0004003D
:20934000D502C2421E4476848000C34606A6A848D40156BF08497649B08B28A9078328A851
:20935000C608BE06B6008F000400D502C2421E4476848000C34606A6A848D40156BF08498B
:209360007649B08B8F048000A8A9764991E1FE8A0006FE0E1E4C1A4D80001A4D4000184D67
:20937000DFFF184DE00F18A90FFF9100A34EFF3718AB00FF18AAFFF0CAABCBAA1E4E184EF5
:20938000FF00020ABE001E42C54E0201D401D502C344C246768480001E4806A656BF0849E1
:209390007649B08B1A4D80001A4D4000184DDFFF184DE00F064C18A90FFF9100A34E18AB38
:2093A00000FFFF3718AAFFF0CAABCBAA1E4E184EFF000203BE001E42C54E0201D401D50227
:2093B000C344C246768480001E4806A656BF08497649B08B1A4D80001A4D4000184DDFFFD1
:2093C000184DE00F064C18A90FFF9100A34E18AB00FFFF3718AAFFF0CAABCBAA1E4E184E31
:2093D000FF000205BE001E42C54E0201D401D502C344C246768480001E4806A656BF084996
:2093E0007649B08B1A4D80001A4D4000184DDFFF184DE00F064C18A90FFF9100A34E18ABE8
:2093F00000FFFF3718AAFFF0CAABCBAA1E4E184EFF000206BE001E42C54E0201D401D502D4
:20940000C344C246768480001E4806A656BF08497649B08BFE8E0006FE021E427622761A37
:20941000FF69FE820006FE10A8508F048000A8A95CADBE0ADC8EC2425CA47649967A520183
:20942000601A8A50064E1EC48A505603084BCA4A96D48A5056030849CA4896DC8A50560363
:209430000847CA4696E48A5056030845CA4496EC56BF084CFE900006FE10A8508F0480001D
:20944000A8A95CADBE03DC8EC2425CA47649967A520160188A50064E1EC48A505603084B53
:20945000CA4A96D48A5056030849CA4896DC8A5056030847CA4696E48A5056030845CA44DC
:2094600096ECFE900006FE10A8508F048000A8A95CADBE05DC8EC2425CA47649967A520110
:2094700060188A50064E1EC48A505603084BCA4A96D48A5056030849CA4896DC8A50560315
:209480000847CA4696E48A5056030845CA4496ECFE900006FE10A8508F048000A8A95CADDC
:20949000BE06DC8EC2425CA47649967A520160188A50064E1EC48A505603084BCA4A96D4DC
:2094A0008A5056030849CA4896DC8A5056030847CA4696E48A5056030845CA4496ECFE90FA
:2094B0000006FE1AA858CCCC8000CD597FFFFFCEFF8ECAA89659CCCC4000CD59BFFFFFCD7F
:2094C0009001FF8DCAA89659CCCC2000CD59DFFFFFCC9001FF8CCAA8965992CCCD59E00F97
:2094D000FFC318A901FFCCA901FFFF83CAA896592901A35A06C418AB00FF18AAFFF0FF47F7
:2094E00018A90FFF9100FF37CAABCBAA1E5A92C4935A90FF3CA8975A065A1E5656BF085488
:2094F00092D4FFC7965392D4965292DCFFC7965192DC965092E4FFC7964F92E4964E92EC91
:20950000FFC7964D92EC964C02071E42C45602008F000800D500C244768480001E4606A6C1
:20951000A848D40156BF08497649B08B5CAD020776848000D508DC931E425CA406A6764973
:20952000B143FE9A0006FE1AA858CCCC8000CD597FFFFFCEFF8ECAA89659CCCC4000CD590C
:20953000BFFFFFCD9001FF8DCAA89659CCCC2000CD59DFFFFFCC9001FF8CCAA8965992CCB1
:20954000CD59E00FFFC318A901FFCCA901FFFF83CAA896592901A35A06C418AB00FF18AAA6
:20955000FFF0FF4718A90FFF9100FF37CAABCBAA1E5A92C4935A90FF3CA8975A065A1E5653
:2095600056BF085492D4FFC7965392D4965292DCFFC7965192DC965092E4FFC7964F92E411
:20957000964E92ECFFC7964D92EC964C02081E42C45602008F000800D500C24476848000FE
:209580001E4606A6A848D40156BF08497649B08B5CAD020876848000D508DC931E425CA45D
:2095900006A67649B143FE9A0006FE1AA858CCCC8000CD597FFFFFCEFF8ECAA89659CCCC97
:2095A0004000CD59BFFFFFCD9001FF8DCAA89659CCCC2000CD59DFFFFFCC9001FF8CCAA828
:2095B000965992CCCD59E00FFFC318A901FFCCA901FFFF83CAA896592901A35A06C418ABAA
:2095C00000FF18AAFFF0FF4718A90FFF9100FF37CAABCBAA1E5A92C4935A90FF3CA8975AF6
:2095D000065A1E5656BF085492D4FFC7965392D4965292DCFFC7965192DC965092E4FFC728
:2095E000964F92E4964E92ECFFC7964D92EC964C02091E42C45602008F000800D500C244AC
:2095F000768480001E4606A6A848D40156BF08497649B08B5CAD020976848000D508DC93D2
:209600001E425CA406A67649B143FE9A0006FE1C965BA858CD597FFFCCCC8000FFCEFF8ECC
:20961000CAA89659CCCC4000CD59BFFFFFCD9001FF8DCAA89659CCCC2000CD59DFFFFFCC4C
:209620009001FF8CCAA8965992CCCD59E00FFFC318A901FFCCA901FFFF83CAA89659290135
:20963000A35A18AB00FF18AAFFF006C4FF4718A90FFF9100FF37CAABCBAA1E5A935A92C45F
:2096400090FF3CA8975A065A1E5656BF085492D4FFC7965392D4965292DCFFC7965192DC75
:20965000965092E4FFC7964F92E4964E92ECFFC7964D92EC964C020A1E42C45602008F00FB
:209660000800D500C244768480001E4606A6A848D40156BF08497649B08B5CAD020A768449
:209670008000D508DC931E425CA406A67649B143FE9C0006FE0AA8461E442B4AA34E92ABB4
:2096800090FF27A9FF20012007448AA92BAA1AAA0033A9C42901FF200120074483A9CCC502
:20969000800088A9FF2080000FA661F6FF20012C07448AA992C4964AFF20012807448AA998
:2096A00006C41E48CC4A800088A9FF2080000FA660384E476C078A46064818A81FFF1EC4E1
:2096B0006F0906488A4628AC001218A81FFF56221EC4924A900F88A90203C24207468AA9B1
:2096C000FF20013007447649919A56BF0149A34E92AB90FF27A9FF20012007448AA92BAA86
:2096D0001AAA0004A9C42901FF200120074483A9CCC5800088A9FF2080000FA661F66F0206
:2096E0002B499249FE8A0006FE0C7D4BA8461E4402001E48A35092AB90FF27A9FF20010054
:2096F00007448AA92BAA1AAA0010A9C42901FF200100074483A9CCC5800088A9FF20800024
:209700000FA661F6FF20010C07448AA90EC41E4802001E4A924B5201600B8A4606C418A8FC
:209710001FFFCA4ACB491AA8E0001E4A6F051A4AFFFF1A499FFF06489B00900F1E42020325
:2097200007468AA9FF2001100744764991808A4692D461058F030000A8486F0302001E4866
:20973000C44AFF20010807448AA9C2C4A3502BAA92AB90FF27A9A9A9CA48CB47FF5AFF208D
:20974000010007448AA91AAA0084A9C4FE8C0006FE02974296417649926B0200764993691C
:20975000761F02BC2B368F00B2C2A83CA83E2B3792429638924196392B3AFE820006761F52
:2097600002BC2B3A0006761F02BC56BF013A0006761F02BC923A0006FE04A044A84206C458
:209770001EC58A42834492D496D58A42834492DC96DD8A42834492E496E58A42834492EC89
:2097800096EDFE8400067622FF69764991FD761A761F02BC923A5201602B9237520A61144A
:209790008A3CFF6976499413761F02BC8F00B2F8A8A90F3C60058F00B2C2A83C6F04020636
:2097A0005601003C0A37923A5201601228AC000A8F00B7003039560100A42D389A01FF6657
:2097B00098FC9A012D39761F02C2FF669826FF6900067622FF6976499207761A761F02BCDF
:2097C000923A5201602B9237520A61148A3CFF697649943C761F02BC8F00B2F8A8A90F3C60
:2097D00060058F00B2C2A83C6F0402065601003C0A37923A5201601228AC000A8F00B70029
:2097E0003039560100A42D389A01FF6698FC9A012D39761F02C2FF669826FF690006762289
:2097F000FF6976499211761A761F02BC923A5201602B9237520A61148A3CFF697649946384
:20980000761F02BC8F00B2F8A8A90F3C60058F00B2C2A83C6F0402065601003C0A37923AB9
:209810005201601228AC000A8F00B7003039560100A42D389A01FF6698FC9A012D39761F5C
:2098200002C2FF669826FF6900067622FF697649921B761A761F02BC923A5201602B923711
:20983000520A61148A3CFF697649948A761F02BC8F00B2F8A8A90F3C60058F00B2C2A83CC8
:209840006F0402065601003C0A37923A5201601228AC000A8F00B7003039560100A42D383B
:209850009A01FF6698FC9A012D39761F02C2FF669826FF6900067622FF6976499225761A73
:20986000761F02BC2B36FF690006FE02A842761F02BC923760039A006F163B108A3E834266
:20987000FF697649976C0B378F00B2F8A8A90F3E60058F00B2C2A83E6F0402065601003E37
:2098800029109A01FE82FF690006FE02A842761F02BC56BF013A923A52016003764994B1F3
:20989000FE820006FE02A842761F02BC923A5201600376499523FE820006FE02A842761FF7
:2098A00002BC923A5201600376499595FE820006FE049643A84276499607FE840006FE044E
:2098B0002B433B10761F0284062A1E2C02001E2A761F027F923F761F02809600761F027F56
:2098C0002B3F29105200650D3B01761F02808500FF69761F02841E42062C00C9E8DB9643CF
:2098D0009243FF69FE840006FE042B433B10761F028406321E3402001E32761F028092094F
:2098E000960A2B0929105200650B3B01850A761F0284FF691E42063400C9E8DB9643924377
:2098F000FF69FE840006FE042B433B10761F028406061E0802001E06761F027F92079608ED
:209900002B0729105200650B3B018508761F0284FF691E42060800C9E8DB96439243FF69BE
:20991000FE840006FE042B433B10761F0284061E1E2002001E1E761F027F922F96302B2F42
:2099200029105200650B3B018530761F0284FF691E42062000C9E8DB96439243FF69FE840E
:209930000006FE042B433B10761F028406221E2402001E22761F027F923196322B31291059
:209940005200650B3B018532761F0284FF691E42062400C9E8DB96439243FF69FE8400061B
:20995000FE042B433B10761F028306261E2802001E26761F027E922096212B202910520016
:20996000650B3B018521761F0283FF691E42062800C9E8DB96439243FF69FE840006FE0459
:209970002B433B10761F0283062E1E3002001E2E761F027E922A962B2B2A29105200650B52
:209980003B01852B761F0283FF691E42063000C9E8DB96439243FF69FE840006FE042B4329
:209990003B10761F0283063E761F02841E00761F028302001E3E761F027E923D963E2B3D3D
:2099A00029105200650B3B01853E761F0284FF691E42060000C9E8DB96439243FF69FE84A0
:2099B0000006FE042B433B10761F028306361E3802001E36761F027E923396342B33291099
:2099C0005200650B3B018534761F0283FF691E42063800C9E8DB96439243FF69FE84000686
:2099D000FE042B433B10761F028206361E38761F027D92179618761F028202001E36761FA2
:2099E000027D2B1729109218650B3B018518761F0282FF691E42063800C9E8DB9643924321
:2099F000FF69FE840006FE042B433B10761F028206321E34761F027D92109611761F028293
:209A000002001E32761F027D2B1029109211650B3B018511761F0282FF691E42063400C9A3
:209A1000E8DB96439243FF69FE840006FE042B43761F027E921F650C3B01851F761F028334
:209A20001E42062400C9E8DB7649CC6D96439243FE840006FE042B43761F027E923C650C1E
:209A30003B01853C761F02831E42063C00C9E8DB7649CC6D96439243FE840006FE042B4333
:209A4000761F027F9206650C3B018506761F02841E42060400C9E8DB7649CC6D9643924369
:209A5000FE840006FE042B43761F027F923E650C3B01853E761F02841E42062800C9E8DB73
:209A60007649CC6D96439243FE840006FE042B43761F027F9211650C3B018511761F028431
:209A70001E42060C00C9E8DB7649CC6D96439243FE840006FE042B43761F027D922E650DF4
:209A80003B01852E1E42922E761F0283FFA085A9070400C9E8DB96439243FE840006FE0401
:209A90002B43761F027D9235650D3B0185351E429235761F0283FFA085A9070800C9E8DB5C
:209AA00096439243FE840006FE042B43761F027D921F650D3B01851F1E42921F761F0282BF
:209AB000FFA085A9073C00C9E8DB96439243FE840006FE042B43761F027D9226650D3B01DA
:209AC00085261E429226761F0283FFA085A9070000C9E8DB96439243FE840006FE042B43A3
:209AD000761F02809208650C3B018508761F02841E42063000C9E8DB7649CC6D96439243A8
:209AE000FE840006FE042B43761F027F922E650C3B01852E761F02841E42061C00C9E8DB0F
:209AF0007649CC6D96439243FE840006FE042B43761F027E9229650C3B018529761F028373
:209B00001E42062C00C9E8DB7649CC6D96439243FE840006FE042B43761F027E9232650C3F
:209B10003B018532761F02831E42063400C9E8DB7649CC6D96439243FE840006FE042B4364
:209B2000761F027F9218650C3B018518761F02841E42061000C9E8DB7649CC6D9643924358
:209B3000FE840006FE042B43761F027D923C650D3B01853C1E42923C761F0283FFA085A9B7
:209B4000070C00C9E8DB96439243FE840006FE042B43761F027E9205650D3B0185051E427C
:209B50009205761F0283FFA085A9071000C9E8DB96439243FE840006FE042B43761F027E19
:209B60009209650D3B0185091E429209761F0283FFA085A9071600C9E8DB96439243FE8453
:209B70000006FE042B43761F027E920B650D3B01850B1E42920B761F0283FFA085A9071C68
:209B800000C9E8DB96439243FE840006FE042B43761F027E9212650D3B0185121E42921291
:209B9000761F0283FFA085A9072000C9E8DB96439243FE840006FE042B43761F027F921EAF
:209BA000650D3B01851E1E42921E761F0284FFA085A9071400C9E8DB96439243FE8400067F
:209BB000FE042B43761F027F9226650D3B0185261E429226761F0284FFA085A9071800C916
:209BC000E8DB96439243FE840006FE042B43761F027D9211650D3B0185111E429211761F89
:209BD0000282FFA085A9073400C9E8DB96439243FE840006FE06A8442B453B10834406D4DB
:209BE0001EF58A44020807441EA792E496C78A4402001ED48A442BE42910020807448AA937
:209BF00092C4650D020807448AA93B0185C41E428A44FF6906F400C9E8DB96459245FF694A
:209C0000FE860006FE042B433B10761F0285060C1E0E761F028092249625761F02850200FF
:209C10001E0C761F02802B2429109225650B3B018525761F0285FF691E42060E00C9E8DBDA
:209C200096439243FF69FE840006761F0280920C0006761F028092110006761F0280921D45
:209C30000006761F028092220006761F028188202901FF20FDE80FA6630A28A9FFFF9E20A0
:209C4000761F0285963156BF01306F069220761F028596312B308F00A1700006761F0281B8
:209C500088212901FF20FDE80FA6630A28A9FFFF9E21761F0285963356BF01326F06922118
:209C6000761F028596332B328F00A1720006761F028188222901FF20FDE80FA6630A28A917
:209C7000FFFF9E22761F0285963556BF01346F069222761F028596352B348F00A1740006CC
:209C8000761F0280920F0006761F028092140006761F0280921C0006761F02E09204000665
:209C9000FE0296413B10761F02E0924196042910FF69FE820006761F028092010006FE02D7
:209CA00096413B10761F028096012910FF69FE820006761F0280920B0006FE0296413B10D1
:209CB000761F0280960B2910FF69FE820006761F027F92090006FE0296413B10761F027FC6
:209CC00096092910FF69FE820006761F027F92330006FE0296413B10761F027F96332910A3
:209CD000FF69FE820006761F027F92340006FE0296413B10761F027F96342910FF69FE8281
:209CE0000006761F027E92220006FE0296413B10761F027E96222910FF69FE820006761FE4
:209CF000027E922C0006FE0296413B10761F027E962C2910FF69FE820006761F027E923F0A
:209D00000006FE0296413B10761F027E963F2910FF69FE820006761F027E92350006FE0228
:209D100096413B10761F027E96352910FF69FE820006761F027F921F0006FE0296413B101B
:209D2000761F027F961F2910FF69FE820006761F027F92270006FE0296413B10761F027F24
:209D300096272910FF69FE820006761F027E92130006FE0296413B10761F027E9613291056
:209D4000FF69FE820006761F027D923D0006FE0296413B10761F027D963D2910FF69FE8202
:209D50000006761F027E92060006FE0296413B10761F027E96062910FF69FE820006FE043E
:209D600002001E443B10761F028506121E1002001E12761F0280922796262B272910520037
:209D7000610A0E26761F02851E42FF69061000C9E8DB1E4402641E42FF69064400C9E8DB48
:209D80001E44FE840006FE0402001E443B10761F028506161E1402001E16761F02809229B6
:209D900096282B2929105200610A0E28761F02851E42FF69061400C9E8DB1E4402641E42C3
:209DA000FF69064400C9E8DB1E44FE840006FE0402001E443B10761F0285061A1E18020056
:209DB0001E1A761F0280922B962A2B2B29105200610A0E2A761F02851E42FF69061800C978
:209DC000E8DB1E4402641E42FF69064400C9E8DB1E440644630302001E440644FE84000612
:209DD000FE0402001E443B10761F0285061E1E1C02001E1E761F0280922D962C2B2D2910E1
:209DE0005200610A0E2C761F02851E42FF69061C00C9E8DB1E4402641E42FF69064400C937
:209DF000E8DB1E44FE840006FE0402001E443B10761F028506221E2002001E22761F02801A
:209E0000922F962E2B2F29105200610A0E2E761F02851E42FF69062000C9E8DB1E440264D3
:209E10001E42FF69064400C9E8DB1E44FE840006FE0402001E443B10761F028506261E246F
:209E200002001E26761F0280923196302B3129105200610A0E30761F02851E42FF6906249E
:209E300000C9E8DB1E4402641E42FF69064400C9E8DB1E44FE840006761F0280921B00066C
:209E4000761F0280923E0006761F0280923F0006761F027E921B0006761F02ADE2AF003C4E
:209E5000E68C000077007700BFA90F120006761F027E921A0006761F027F92010006761FF8
:209E6000027E92380006761F027E92370006761F027F92020006761F027D920D0006761FB0
:209E7000027D920B0006761F027D92140006761F027D92120006761F027F923A0006761FB5
:209E8000027F92390006761F027D922A0006761F027D92280006761F027D92310006761F54
:209E9000027D922F0006761F027D921B0006761F027D92190006761F027D92200006761F7F
:209EA000027D92270006761F027D92220006761F027E92150006761F027F922A0006761F67
:209EB000027F92290006761F028092060006761F028092040006761F02ADE2AF003EE68C63
:209EC000000077007700BFA90F120006761F028092030006761F028292040006761F028285
:209ED00092050006761F027E92250006761F027E92240006761F027E922E0006761F027E42
:209EE000922D0006761F0281560308130006761F0281560308140006761F028156030824DB
:209EF0000006761F0281560308250006761F028092179416FFA00006761F0280921994182B
:209F0000FFA00006761F027D92380006761F027D92360006761F027E92010006761F027D14
:209F1000923F0006761F027E920E0006761F027E920C0006761F027F92190006761F027F09
:209F200092210006761F0285E2AF0038E68C000077007700BFA90F120006761F0285E2AFE7
:209F3000003AE68C000077007700BFA90F120006761BFFF0E20000BDE630060029425616D6
:209F400076256F00761BFFF0E20000BDE63006002942561676256F00761BFFF0E20000BDBC
:209F5000E63006002942561676256F00761BFFF0E20000BDE63006002942561676256F00D8
:209F6000761BFFF0E20000BDE63006002942561676256F00761BFFF0E20000BDE63006008A
:209F70002942561676256F00761BFFF0E20000BDE63006002942561676256F00761BFFF054
:209F8000E20000BDE63006002942561676256F00761BFFF0E20000BDE63006002942561613
:209F900076256F00761BFFF0E20000BDE63006002942561676256F00761BFFF0E20000BD6C
:209FA000E63006002942561676256F00761BFFF0E20000BDE63006002942561676256F0088
:209FB000761BFFF0E20000BDE63006002942561676256F00761BFFF0E20000BDE63006003A
:209FC0002942561676256F00761BFFF0E20000BDE63006002942561676256F00761BFFF004
:209FD000E20000BDE63006002942561676256F00761BFFF0E20000BDE630060029425616C3
:209FE00076256F00761BFFF0E20000BDE63006002942561676256F00761BFFF0E20000BD1C
:209FF000E63006002942561676256F00761BFFF0E20000BDE63006002942561676256F0038
:20A00000761BFFF0E20000BDE63006002942561676256F00761BFFF0E20000BDE6300600E9
:20A010002942561676256F00761BFFF0E20000BDE63006002942561676256F00761BFFF0B3
:20A02000E20000BDE63006002942561676256F00761BFFF0E20000BDE63006002942561672
:20A0300076256F00761BFFF0E20000BDE63006002942561676256F00761BFFF0E20000BDCB
:20A04000E63006002942561676256F00761BFFF0E20000BDE63006002942561676256F00E7
:20A05000761BFFF0E20000BDE63006002942561676256F00761BFFF0E20000BDE630060099
:20A060002942561676256F00761BFFF0E20000BDE63006002942561676256F00761BFFF063
:20A07000E20000BDE63006002942561676256F00761BFFF0E20000BDE63006002942561622
:20A0800076256F00761BFFF0E20000BDE63006002942561676256F00761BFFF0E20000BD7B
:20A09000E63006002942561676256F00761BFFF0E20000BDE63006002942561676256F0097
:20A0A000761BFFF0E20000BDE63006002942561676256F00761BFFF0E20000BDE630060049
:20A0B0002942561676256F00761BFFF0E20000BDE63006002942561676256F00761BFFF013
:20A0C000E20000BDE63006002942561676256F00761BFFF0E20000BDE630060029425616D2
:20A0D00076256F00761BFFF0E20000BDE63006002942561676256F00761BFFF0E20000BD2B
:20A0E000E63006002942561676256F00761BFFF0E20000BDE63006002942561676256F0047
:20A0F000761BFFF0E20000BDE63006002942561676256F00761BFFF0E20000BDE6300600F9
:20A100002942561676256F00761BFFF0E20000BDE63006002942561676256F00761BFFF0C2
:20A11000E20000BDE63006002942561676256F00761BFFF0E20000BDE63006002942561681
:20A1200076256F00761BFFF0E20000BDE63006002942561676256F00761BFFF0E20000BDDA
:20A13000E63006002942561676256F00761BFFF0E20000BDE63006002942561676256F00F6
:20A14000761BFFF0E20000BDE63006002942561676256F00761BFFF0E20000BDE6300600A8
:20A150002942561676256F00761BFFF0E20000BDE63006002942561676256F00761BFFF072
:20A16000E20000BDE63006002942561676256F00761BFFF0E20000BDE63006002942561631
:20A1700076256F00761BFFF0E20000BDE63006002942561676256F00761BFFF0E20000BD8A
:20A18000E63006002942561676256F00761BFFF0E20000BDE63006002942561676256F00A6
:20A19000761BFFF0E20000BDE63006002942561676256F00761BFFF0E20000BDE630060058
:20A1A0002942561676256F00761BFFF0E20000BDE63006002942561676256F00761BFFF022
:20A1B000E20000BDE63006002942561676256F00761BFFF0E20000BDE630060029425616E1
:20A1C00076256F00761BFFF0E20000BDE63006002942561676256F00761BFFF0E20000BD3A
:20A1D000E63006002942561676256F00761BFFF0E20000BDE63006002942561676256F0056
:20A1E000761BFFF0E20000BDE63006002942561676256F00761BFFF0E20000BDE630060008
:20A1F0002942561676256F00761BFFF0E20000BDE63006002942561676256F00761BFFF0D2
:20A20000E20000BDE63006002942561676256F00761BFFF0E20000BDE63006002942561690
:20A2100076256F00761BFFF0E20000BDE63006002942561676256F00761BFFF0E20000BDE9
:20A22000E63006002942561676256F00761BFFF0E20000BDE63006002942561676256F0005
:20A23000761BFFF0E20000BDE63006002942561676256F00761BFFF0E20000BDE6300600B7
:20A240002942561676256F00761BFFF0E20000BDE63006002942561676256F00761BFFF081
:20A25000E20000BDE63006002942561676256F00761BFFF0E20000BDE63006002942561640
:20A2600076256F00761BFFF0E20000BDE63006002942561676256F00761BFFF0E20000BD99
:20A27000E63006002942561676256F00761BFFF0E20000BDE63006002942561676256F00B5
:20A28000761BFFF0E20000BDE63006002942561676256F00761BFFF0E20000BDE630060067
:20A290002942561676256F00761BFFF0E20000BDE63006002942561676256F00761BFFF031
:20A2A000E20000BDE63006002942561676256F00761BFFF0E20000BDE630060029425616F0
:20A2B00076256F00761BFFF0E20000BDE63006002942561676256F00761BFFF0E20000BD49
:20A2C000E63006002942561676256F00761BFFF0E20000BDE63006002942561676256F0065
:20A2D000761BFFF0E20000BDE63006002942561676256F00761BFFF0E20000BDE630060017
:20A2E0002942561676256F00761BFFF0E20000BDE63006002942561676256F00761BFFF0E1
:20A2F000E20000BDE63006002942561676256F00761BFFF0E20000BDE630060029425616A0
:20A3000076256F00761BFFF0E20000BDE63006002942561676256F00761BFFF0E20000BDF8
:20A31000E63006002942561676256F00761BFFF0E20000BDE63006002942561676256F0014
:20A32000761BFFF0E20000BDE63006002942561676256F00761BFFF0E20000BDE6300600C6
:20A330002942561676256F00761BFFF0E20000BDE63006002942561676256F00761BFFF090
:20A34000E20000BDE63006002942561676256F00761BFFF0E20000BDE6300600294256164F
:20A3500076256F00761BFFF0E20000BDE63006002942561676256F00761BFFF0E20000BDA8
:20A36000E63006002942561676256F00761BFFF0E20000BDE63006002942561676256F00C4
:20A37000761BFFF0E20000BDE63006002942561676256F00761BFFF0E20000BDE630060076
:20A380002942561676256F00761BFFF0E20000BDE63006002942561676256F00761BFFF040
:20A39000E20000BDE63006002942561676256F00761BFFF0E20000BDE630060029425616FF
:20A3A00076256F00761BFFF0E20000BDE63006002942561676256F00761BFFF0E20000BD58
:20A3B000E63006002942561676256F00761BFFF0E20000BDE63006002942561676256F0074
:20A3C000761BFFF0E20000BDE63006002942561676256F00761BFFF0E20000BDE630060026
:20A3D0002942561676256F00761BFFF0E20000BDE63006002942561676256F00761BFFF0F0
:20A3E000E20000BDE63006002942561676256F00761BFFF0E20000BDE630060029425616AF
:20A3F00076256F00761BFFF0E20000BDE63006002942561676256F00761BFFF0E20000BD08
:20A40000E63006002942561676256F00761BFFF0E20000BDE63006002942561676256F0023
:20A41000761BFFF0E20000BDE63006002942561676256F00761BFFF0E20000BDE6300600D5
:20A420002942561676256F00761BFFF0E20000BDE63006002942561676256F00761BFFF09F
:20A43000E20000BDE63006002942561676256F00761BFFF0E20000BDE6300600294256165E
:20A4400076256F00761BFFF0E20000BDE63006002942561676256F00761BFFF0E20000BDB7
:20A45000E63006002942561676256F00761BFFF0E20000BDE63006002942561676256F00D3
:20A46000761BFFF0E20000BDE63006002942561676256F00761BFFF0E20000BDE630060085
:20A470002942561676256F00761BFFF0E20000BDE63006002942561676256F00761BFFF04F
:20A48000E20000BDE63006002942561676256F00761BFFF0E20000BDE6300600294256160E
:20A4900076256F00761BFFF0E20000BDE63006002942561676256F00761BFFF0E20000BD67
:20A4A000E63006002942561676256F00761BFFF0E20000BDE630060029425616E28000BE6D
:20A4B000FFF176177602761BFFF0E20000BDE63006002942561676256F0076491F535200F8
:20A4C0006008761F02E1280C0384280E03E86F07761F02E1280C06A4280E070800067649EA
:20A4D0001F5352006008761F02E1280C0384280E03E86F07761F02E1280C06A4280E0708DB
:20A4E000280B0A8C280D0A28280F1964281011942811189C2812125C28131518281411F859
:20A4F000281514E62816122A282509E2282609B0761F02E21A0000011800FFFD1800FFF7A6
:20A500001800FFEF1800FFDF1A0000401800FF7F1800FEFF1800FDFF1A0004001800F7FFFA
:20A510001800EFFF1800DFFF1A000004761F02E12B282B202B1C2B192B0A2B1A281BFFFFB5
:20A520002B212B222B230006FE029641761F02E129012D413617FF4A9619FE820006FE027C
:20A530009641761F02E13B0192199E0A85A9FF56544169049219960A6F062D0A35039419CC
:20A54000FFC1960AFE820006FE029641761F02E129012D413618FF4A961DFE820006FE025E
:20A550009641761F02E13B01921D9E1E85A9FF5654416904921D961E6F062D1E3503941D64
:20A56000FFC1961EFE820006B2BDFE029642761F02E240006C1C7649246359A97649246EC0
:20A57000D9E493A99A64761F02E194A88F00B86B93425DA99741921993A17649CCBA520144
:20A58000601C761F02E21800FFFE6F177649246359A97649246E761F02E15DA988428F00BB
:20A59000B86B93A192197E417649CCA252016005761F02E21A00000176492463761F02E1B3
:20A5A0005419670B0A2C922C520568172B2C761F02E21A0001006F1176492463761F02E1C9
:20A5B0009C9C5419690A0A2D922D520568062B2D761F02E21800FEFF7649246E761F02E109
:20A5C0005419690E0A2E922E5205681B2B2E1B1901F46917761F02E21A0000106F127649E0
:20A5D000246E9B64761F02E195A95519670A0A2F922F520568062B2F761F02E21800FFEFAD
:20A5E000FE828BBE0006FE029641761F02E1921F601092195D418F00B87028A8012C764960
:20A5F000CCE752016013761F02E156BF011F6F0E92195D418F00B87128A8014A7649CCD22F
:20A6000052016004761F02E12B1FFE820006FE0297429641761F02E188420E210141FF5683
:20A610000FA66504924196216F060E413B010D21FF409621FE820006FE0496435200610F3B
:20A6200028A9E10028A805F58843761F02E1FF5A0200F61F561700A63F226F04761F02E18C
:20A630002B22FE840006FE029641761F02E13B0192239E2285A9FF56544169049222962343
:20A640006F062D2335039422FFC19623FE820006FE029642761F02E246006C12761F02E1BB
:20A6500096418F00B8725D12931192227649CCBA52016016761F02E21800FFBF6F11761F21
:20A6600002E196418F00B8725D10930F92227649CCA252016005761F02E21A000040761F57
:20A6700002E1920F5422670E0A339233520568162B331B0A01F46912761F02E21A004000BE
:20A680006F0D92115422690A0A349234520568062B34761F02E21800BFFF761F02E1921021
:20A690005422690E0A359235520568162B351B0A01F46912761F02E21A0080006F0D9212BA
:20A6A0005422670A0A369236520568062B36761F02E218007FFFFE820006FE029642761F83
:20A6B00002E247006C12761F02E196418F00B8685D16931592227649CCBA52016016761F71
:20A6C00002E21800FF7F6F11761F02E196418F00B8685D14931392227649CCA252016005D2
:20A6D000761F02E21A000080FE820006FE029641761F02E10A2754276715761F02E21A00C7
:20A6E00004001A0000011A0000401A0000801800FDFF761F02E12B282B192B0A2B232B2155
:20A6F0002B27FE820006761F02E12B270006761F02E1921A541967039219961A921B541932
:20A7000069039219961B0006761F02E240006D0A4C006D083B10761F02E1181CFFFE29104D
:20A710006F073B10761F02E11A1C00012910761F02E24B006D083B10761F02E1181CFEFF53
:20A7200029106F073B10761F02E11A1C01002910761F02E240006D034C006C083B10761F6E
:20A7300002E11A20000129106F073B10761F02E11820FFFE2910761F02E24B006C083B1088
:20A74000761F02E11A20010029106F073B10761F02E11820FEFF2910761F02E246006D0A30
:20A750003B10761F02E1181CFFFD1820FFFD29106F093B10761F02E11A1C00021A200002DA
:20A760002910761F02E243006D083B10761F02E1181CFFFB29106F073B10761F02E11A1CD6
:20A7700000042910761F02E240006D1446006D1243006D104B006D0E49006D0C4C006D0A82
:20A7800042006D083B10761F02E1181CFFF729106F3F3B10761F02E11A1C00082910761F5F
:20A7900002E240006C05761F02E11A2A0001761F02E246006C05761F02E11A2A0002761FD4
:20A7A00002E243006C05761F02E11A2A0004761F02E24B006C05761F02E11A2A0008761FB3
:20A7B00002E249006C05761F02E11A2A0010761F02E24C006C05761F02E11A2A0020761F78
:20A7C00002E242006C05761F02E11A2A0040761F02E1431C6D0C761F02E243006D083B101A
:20A7D000761F02E11820FFF729106F133B10761F02E11A2000082910431C6C031A2A008038
:20A7E000761F02E243006C05761F02E11A2A0100761F02E247006C083B10761F02E11A203E
:20A7F000008029106F073B10761F02E11820FF7F2910FF690006B2BDFE0296412B42764988
:20A80000AE1A59A97649A8E23B019EA185A9FF569642761F02C69200520460187648EFBC29
:20A8100052006014924252C865119241761F02E15437670A2B379A2C764991529A019B01B6
:20A820007649E7706F060A376F04761F02E12B37FE828BBE0006FE0296417649A96452003B
:20A8300060347649A969520060307649A95E5200602C761F02E2CC002000FFCC6013761FE5
:20A8400002E292125D418F00B87A761F02E293177649CCE75201601C761F02E21A002000FA
:20A850006F17761F02E293175D41761F02E28F00B87A9D6492127649CCD252016009761F14
:20A8600002E21800DFFF6F04761F02E12B3A761F02E11B3805DC674D0A38761F02E2CC00C7
:20A870000200FFC8601B761F02E292125D418F00B879761F02E293177649CCE7520160279A
:20A88000761F02E21A0002009A019B037649E770761F02E11A2A00026F1A761F02E293176A
:20A890005D41761F02E28F00B8799D6492127649CCD25201600C7649911BBE409B0090403C
:20A8A0000FA66105761F02E21800FDFF761F02C6920052036012761F02C79200600E761F47
:20A8B00002E249006D0A761F02E1283805DC6F05761F02E21800FDFFFE820006761F02E22B
:20A8C000CC000200FFC80006FE021E42761F02E1FF68A33C3B01A9A910AC0742FF411E3C92
:20A8D000FF69FE820006FE0296410264761F02E11EA62D41371D0200F61F561700A6A93E2E
:20A8E000FE820006761F02E192190006761F02E1920A0006761F02E1921D0006761F02E1EA
:20A8F000921E0006761F02E192210006761F02E192220006761F02E1922300063B10761F1C
:20A9000002E1401C6C0429109A016F0329109A00FF6900063B10761F02E140206C04291035
:20A910009A016F0329109A00FF6900063B10761F02E1411C6C0429109A016F0329109A0030
:20A92000FF6900063B10761F02E141206C0429109A016F0329109A00FF6900063B10761FAE
:20A9300002E1431C6C0429109A016F0329109A00FF6900063B10761F02E143206C042910FF
:20A940009A016F0329109A00FF6900063B10761F02E143206C0429109A016F0329109A00FA
:20A95000FF6900063B10761F02E1421C6C0429109A016F0329109A00FF690006761F02E2E8
:20A96000CC000008FFC20006761F02E2CC0000010006761F02E2CC000040FFC50006761F0C
:20A9700002E1922A0006761F02E1063C0006761F02E1063E0006FE0296413B10761F02E106
:20A98000960B2910FF69FE820006FE0296413B10761F02E1960C2910FF69FE820006FE028C
:20A9900096413B10761F02E1960D2910FF69FE820006FE0296413B10761F02E1960E2910CC
:20A9A000FF69FE820006FE0296413B10761F02E1960F2910FF69FE820006FE0296413B1021
:20A9B000761F02E196102910FF69FE820006FE0296413B10761F02E196112910FF69FE82E0
:20A9C0000006FE0296413B10761F02E196122910FF69FE820006FE0296413B10761F02E16E
:20A9D00096132910FF69FE820006FE0296413B10761F02E196142910FF69FE820006FE022C
:20A9E00096413B10761F02E196152910FF69FE820006FE0296413B10761F02E1961629106C
:20A9F000FF69FE820006FE0296413B10761F02E196172910FF69FE820006FE029641761F7F
:20AA000002E29001CD00FFF7FF82CAA89600FE820006FE029641761F02E29001CD00FFFE44
:20AA1000CAA89600FE820006761F02E028090800280B01F456BF640C76491F3D9BC8761F28
:20AA200002E095A9970028010640280F08FC76491F4152006008761F02E028104E20281483
:20AA30004E206F07761F02E02810411A2814411A28113C18281261A8280A080028132940D3
:20AA40001805FFFE1805FFFD1805FFFB1805FFF71805FFEF2B032B072B1A2B1E281FFFFF5B
:20AA50002B202B222B232B212B2B2B2C2B2D2B2E2B2F2B302B312B322B332B342B352B366A
:20AA60002B372B388F002940761F02E1A8060606FF541E080006FE029641761F02E02901F0
:20AA70002D413609FF4A9607FE820006FE029641761F02E029012D41360AFF4A9617FE8211
:20AA80000006FE029641761F02E03B0192079E1A85A9FF56544169049207961A6F062D1A4B
:20AA900035039407FFC1961AFE820006FE047C4397429641761F02E092419E0796445264ED
:20AAA000640456BF64446F091BA9FF9C62062844FF9C923B65022B3B9244522863111BA909
:20AAB000FFD8650E761F02BA920652026109761F02BB921060052B44761F02E02B3B761F5B
:20AAC00002E02D3D33432D4412429EAB963AFFA0723B1B3B17706504283B17706F061B3B8F
:20AAD000F0606303283BF060761F01FC921090015201600976495FD2761F02E0930895A93C
:20AAE00097036F06761F02E0923B94089603761F02BB9210610A761F02E0923B764960F913
:20AAF0009A049B0D7649E7709244761F02E0963D9B0128A942687649AAFFFE840006FE02C3
:20AB000097429641761F02E05403670396036F059242540369029603FE820006FE067D45C5
:20AB100097449643A84292CC9646924454436609761F02E01805FFFE92439E4496296F09F2
:20AB200054436907761F02E01A0500019E43962992C461089246761F02E0962A1A050002E8
:20AB30006F279243FFC054466808761F02E01805FFFD9246962A6F1C761F02E01A05000286
:20AB40009246544366095444670592439E46962A6F0F2B2A6F0D9244544669049E46962ACA
:20AB50006F072B2A92469E4396291A050001761F02BA92065202600456BF0C456F0356BFF4
:20AB6000124576491F535200600D761F02BA9206520260083B10761F02E01A0500042910CB
:20AB70006F15761F02E09226542A68099227542968063B101A05000429106F089225542A2C
:20AB800067053B101805FFFB291040056C0B41056C04924572146F0F9245FF697649AB9D1B
:20AB90006F0A41056C069245FF697649AB9D6F0392457414FE86FF690006FE089647020086
:20ABA0001E421E441E46761F02E088290E2901471EAC566500A688472901A9A756030229D0
:20ABB00087A6566500A9A9A907A71EA6560301472DA9334706A60DAB1E420E2988298047CC
:20ABC00001471EAC566500A6A9A65603012987A7566500A9565700A6A944560301472DA9E7
:20ABD000362A1E4641056C0D06420F466604924772146F1206440F46690F924774146F0C08
:20ABE00006420F466604924774146F0606440F46690392477214FE880006FE0297429641D2
:20ABF000761F02E0924254146609924194425414660C9241944296146F08924194145442C5
:20AC0000660492429E419614FE820006FE0697449643761F02E092129C645414670592129C
:20AC10009C6496146F0892119C9C5414690492119C9C96142D143743A9A9FF321EA68F003D
:20AC20000A2CA9A9FF3007A6FF5A0200F61F561700A4020A1EA6A9A90905FF5A0200F61F8F
:20AC3000561700A63F3C8844364387A6883C566500A90200F61F561700A6A94288440200F9
:20AC4000F61F561700A63F452D44924233459EAB96463B10923C761F02819635761F02E0F3
:20AC50009B03FF69923C00C9E9B7761F02819637761F02E05603013C9B0300C9E9B7761F19
:20AC600002819636761F02E0923C761F0281FFC09638761F02E0923C761F0281FFC19639AF
:20AC7000761F02E02D3C761F02813503FFC1963A761F02E0923C761F0281FFC29CFF963D78
:20AC8000761F02A9923C761F0281543D6702963D9245761F02E09621924696222910922140
:20AC9000FF69FE860006FE029641761F02E09222722392415423660474239A016F029A002A
:20ACA000FE820006FE0496435200610F28A9E10028A805F58843761F02E0FF5A0200F61F43
:20ACB000561700A63F206F04761F02E02B20FE840006FE029641761F02E0723E0A3F923F3D
:20ACC000520868192B3F923EFFA29642522364030B1D6F051BA9FFDD62020A1D921D5280C2
:20ACD000650456BF801D6F061B1DFF806303281DFF802B3EFE820006FE0296417648F4CDAE
:20ACE0005201601A761F02C6920052036015761F02DA92316011761F02E092015407690C4F
:20ACF000761F02E10A009200544168042B009A016F079A006F05761F02E12B009A00FE8228
:20AD00000006FE029641761F02C692005203610852026016761F02C6920252076011761F8F
:20AD100002E092005407670C761F02E10A019201544168042B019A016F079A006F05761FEA
:20AD200002E12B019A00FE820006FE0297429641761F02C69200520361085202601C761F22
:20AD300002C6920252076017761F02E0920B54076912920C5441670F1A050008761F02E1A5
:20AD40000A02920254426805924296029A016F0B9A006F09761F02E12B02761F02E0180584
:20AD5000FFF79A00FE820006FE047D447C439742964176491CF452006106761F02C6920024
:20AD600052036106761F02E12B039A006F311B41EC78630A761F02E043056D06761F02E160
:20AD70002B039A016F2592425441650E761F02E043056D0A761F02E10A0392035201691767
:20AD80002B039A016F1592435441650E761F02E043056D0A761F02E10A0392445403670733
:20AD90002B039A016F05761F02E12B039A00FE840006FE029641761F02E00A395439670811
:20ADA0002B202B072B182B1A2B399A016F029A00FE820006761F02E02B390006FE02974244
:20ADB0009641761F025292345208610D520D610B52126109761F02E12B04761F02E0180561
:20ADC000FFEF6F22761F02E044056C1092075D428F00B84428A809C47649CCE7520160141F
:20ADD000761F02E01805FFEF6F0F92075D418F00B84428A809F67649CCD252016005761F28
:20ADE00002E01A050010FE820006FE027649AE42761F02E0541467187649AE42761F02E089
:20ADF00093149FA997419241520869049A0874146F1F7649AE42761F02E096143B101A05F0
:20AE0000000429106F157649AE42761F02E09E14964152086904081400086F0A7649AE42AF
:20AE1000761F02E096143B101A0500042910FE82FF690006761F02E092070006761F02E0DF
:20AE2000921A0006761F02E0920300063B10761F02E042056C0429109A016F0329109A00BC
:20AE3000FF690006761F02E092200006761F02E092210006761F02E092290006761F02E086
:20AE4000922A0006761F02E092100006761F02E092120006761F02E092110006761F02E059
:20AE5000920F0006761F02E092000006761F02E092010006761F02E092140006761F02E082
:20AE6000921B0006761F02E0921C0006761F02E0921D0006761F02E106060006761F02E1C6
:20AE700006080006761F02E0921E0006761F02E092130006761F02E092170006761F02E0C2
:20AE800092150006761F02E092160006761F02E0920B0006761F02E0920C0006761F02E034
:20AE9000CC050010FFC30006761F02E0923B0006FE0296413B10761F02E096032910FF69DC
:20AEA000FE820006FE029641761F02E09608FE820006FE0296413B10761F02E09609291029
:20AEB000FF69FE820006FE0296413B10761F02E0960F2910FF69FE820006FE0296413B100D
:20AEC000761F02E096002910FF69FE820006FE0296413B10761F02E096012910FF69FE82ED
:20AED0000006FE0296413B10761F02E0960B2910FF69FE820006FE0296413B10761F02E062
:20AEE000960D2910FF69FE820006FE0296413B10761F02E0960C2910FF69FE820006FE0226
:20AEF00096413B10761F02E0960E2910FF69FE820006FE0296413B10761F02E09610291066
:20AF0000FF69FE820006FE0296413B10761F02E096142910FF69FE820006FE0296413B10B7
:20AF1000761F02E096122910FF69FE820006FE0296413B10761F02E096112910FF69FE827A
:20AF20000006FE0296413B10761F02E096242910FF69FE820006FE0296413B10761F02E0F8
:20AF300096252910FF69FE820006FE0296413B10761F02E096262910FF69FE820006FE02A3
:20AF400096413B10761F02E096272910FF69FE820006FE081E44A8421E4802001E46064C04
:20AF50000F466910064607428AA9834892C43CC5020107481E48020107461E46064C0F4616
:20AF600066F2FE880006FE081E44A8421E4802001E46064C0F46691729010646FF400742AA
:20AF70008AA99246900193C48A48FF822DA9FF633DC4020107481E48020107461E46064C84
:20AF80000F4666ECFE880006FE081E44A8421E4802001E46064C0F46691B29010646FF417F
:20AF9000FF3007428AA99246C4C49003FF822DA906A656221EA68A4892A63CC40201074868
:20AFA0001E48020107461E46064C0F4666E8FE880006FE081E44A8421E4802001E46064C86
:20AFB0000F4669118A48C6C488A9064607428AA97EC4020107481E48020107461E46064C5D
:20AFC0000F4666F1FE880006FE021E42024007428AA956BF1AC4024007428AA992C4903F45
:20AFD000522560FAFE820006FE021E428A421AC4140106427649AFC48A421AC48000020144
:20AFE0007640E77A8A421AC40040FE820006FE127C471E4656BF014B56BF024C0E471EACB0
:20AFF00056650058A9A60200A356F61F561700A63F4892479E4B9E4C9649FFC05208660526
:20B000009249FFC0964A6F0356BF084A92499E4A944C9CFF964D924A9CFF964E924A52042F
:20B01000690456BF034F6F03924E964F92489CFFFFC5965192489CFF903F9650924D964115
:20B02000924E9642924F96435D515C5006467649B02BFE920006FE087D467C451E428A4212
:20B0300092C49647504196C4023F89451E4429015603064D9B0090C0984499435603084B4C
:20B0400018A90F0091009844994356030C4C18A9700091009844994325469000910F984435
:20B050009943C444020C07428AA9C2C41847FFBF8A42924796C4FE880006FE021E428F0055
:20B060008000A8A90F4660048A4292E46F23FF200100074283A9CCC5800088A9A8A90FA695
:20B0700061F7A34692AB90FF27A9FF20010007428AA92BAA1AAA0008A9C42901FF200100EF
:20B08000074283A9CCC5800088A9FF2080000FA661F6FE820006FE0C7D4C7C4B1E420200CC
:20B090001E441E461E481E4A2901FF200100074283A9CCC5800088A9FF2080000FA661F660
:20B0A0006F0CFF2F40001E486F0CFF2F40001E488F001200A84A6F05924C61F4520361F60C
:20B0B000924B52016014BE0106569B0090010FA66005065418A81FFF1E46065218A81FFFA9
:20B0C000CA48CB471AA8C0001E486F1BBE0106569B0090010FA66009065428AC0012563BA4
:20B0D000900018A81FFC1E46065228AC0012563B18A81FFC9000CB47CA481AA880001E488B
:20B0E0000656900018A88000984699450656900018A8400098469945A35618AA4000065669
:20B0F00018AB00009B009001CBAACAABA35618AB000018AA8000CAABCBAAFF5861031A4A60
:20B100001000924C610352036005020F8957984A9949065641A96D031A4A008018A908000B
:20B110009100984A9949065618A904009100984A99491A4300201A4300101A4300401A4370
:20B120000080C446FF20010407428AA9C2C4C448FF20010807428AA9C2C4C44AFF20010CEF
:20B1300007428AA9C2C4A3502BAA92AB90FF27A9A9A9CA44CB43FF5AFF20010007428AA936
:20B14000A9C4FE8C0006FE0A7D49A8461E4402001E48A34E92AB90FF27A9FF200100074474
:20B150008AA92BAA1AAA0010A9C42901FF200100074483A9CCC5800088A9FF2080000FA63F
:20B1600061F6FF20010C07448AA90EC41E489B00900F1E42FF2001108A4607447649AF49FA
:20B17000924961058F030000A8486F0302001E48A34E92AB2BAA90FF27A9A9A9CA48CB474A
:20B18000FF5AFF20010007448AA91AAA0084A9C4FE8A0006FE0A7D49A8461E4402001E48EF
:20B19000A34E92AB90FF27A9FF20010007448AA92BAA1AAA0010A9C42901FF2001000744C9
:20B1A00083A9CCC5800088A9FF2080000FA661F6FF20010C07448AA90EC41E489B00900F5A
:20B1B0001E42FF2001108A4607447649AF63924961058F030000A8486F0302001E48A34E75
:20B1C00092AB2BAA90FF27A9A9A9CA48CB47FF5AFF20010007448AA91AAA0084A9C4FE8A54
:20B1D0000006FE0A7D49A8461E4402001E48A34E92AB90FF27A9FF20010007448AA92BAAD3
:20B1E0001AAA0010A9C42901FF200100074483A9CCC5800088A9FF2080000FA661F6FF2041
:20B1F000010C07448AA90EC41E489B00900F1E42FF2001108A4607447649AF849249610564
:20B200008F030000A8486F0302001E48A34E92AB2BAA90FF27A9A9A9CA48CB47FF5AFF2082
:20B21000010007448AA91AAA0084A9C4FE8A0006FE0A7D49A8461E4402001E48A34E92ABA8
:20B2200090FF27A9FF20010007448AA92BAA1AAA0010A9C42901FF200100074483A9CCC5A9
:20B23000800088A9FF2080000FA661F6FF20010C07448AA90EC41E48FF20FFF0C04892A870
:20B24000C0479249900F0EA998489947C448FF20010C07448AA9C2C4A34E92AB90FF27A92D
:20B25000FF20010007448AA92BAA1AAA0090A9C42901FF200100074483A9CCC5800088A9A7
:20B26000FF2080000FA661F6A34E92AB90FF27A9FF20010007448AA92BAA1AAA0010A9C4E2
:20B270002901FF200100074483A9CCC5800088A9FF2080000FA661F6FF20010C07448AA966
:20B280000EC41E489B00900F1E42FF2001108A4607447649AF49924961058F030000A84817
:20B290006F0302001E48A34E92AB2BAA90FF27A9A9A9CA48CB47FF5AFF20010007448AA9F5
:20B2A0001AAA0084A9C4FE8A0006FE021E42A34692AB90FF27A9FF20010007428AA92BAAF5
:20B2B0001AAA0010A9C42901FF200100074283A9CCC5800088A9FF2080000FA661F6A346A8
:20B2C00092AB90FF27A9FF20010007428AA92BAA1AAA0084A9C4FE820006FE08A8461E44D0
:20B2D0002B48A34C92AB90FF27A9FF20012007448AA92BAA1AAA0033A9C42901FF200120FF
:20B2E000074483A9CCC5800088A9FF2080000FA661F6FF20012C07448AA992C49648CC48D8
:20B2F000800088A9FF2080000FA66025020F89481E42FF2001308A4607447649AFA956BFDB
:20B300000147A34C92AB90FF27A9FF20012007448AA92BAA1AAA0004A9C42901FF20012028
:20B31000074483A9CCC5800088A9FF2080000FA661F66F022B479247FE880006FE0AA04881
:20B32000A8461E44064E1E428A5006447649B2CD964992496124FF20012807448AA906C4D8
:20B330004EA86C0E8A4656BF01C4FF20012807448AA906C48A4818A81FFF1EC46F108A4672
:20B340002BC4FF20012807448AA928AC001206C48A48900018A81FFC56221EC49249FE8A8E
:20B350000006FE067D467C451E42924661049A009B806F02020051771E442901924552020B
:20B3600060048D0001206F038D0001008A42CC94800088A9FF2080000FA661F1A34A92AB0E
:20B370002BAA90FF27A9A9A9CA44CB43FF5A92455202600428A901206F0328A901005CA9F8
:20B38000A8A907428AA9A9C429019245520260048D0001206F038D0001008A42CC94800060
:20B3900088A9FF2080000FA661F1FE860006FE021E422901FF200100074283A9CCC580000C
:20B3A00088A9FF2080000FA661F6BE00FF20010807428AA9C2C4A34692AB90FF27A9FF2025
:20B3B000010007428AA92BAA1AAA00A0A9C4FE820006FE021E422901FF200100074283A9B5
:20B3C000CCC5800088A9FF2080000FA661F6BE00FF20010807428AA9C2C4A34692AB90FFE3
:20B3D00027A9FF20010007428AA92BAA1AAA00A0A9C4FE820006FE041E4202011E440220DC
:20B3E0000F4468252901FF200100074283A9CCC5800088A9FF2080000FA661F6BE00FF20E4
:20B3F000010807428AA9C2C4A34492AB90FF27A9FF20010007428AA92BAA1AAA00A0A9C46D
:20B40000020107441E4402200F4467DEFE840006761F021F2B122B130006FE029641761F97
:20B41000021F29012D413611FF4A9612FE820006FE029641761F021F9613FE820006761F54
:20B42000021F92130006B2BDFE02761F021FBE050E1FF60F1FA69641761F02BB2D083505C9
:20B4300054416903350596419241761F021F541E690B761F02BB920D52016006761F021F1B
:20B4400056BF011C6F04761F021F2B1C761F02BA92065202FFE000FD761F021F921B61036A
:20B45000520A60069A0A7649B899FFEF01017649B871520B61057649B871520C6062764904
:20B46000B871520B6014761F02BB920C610C761F021F0A281B2801F4690D2B289A0C764927
:20B47000B8996F08761F021F2B286F04761F021F2B28761F021F2B33921C52016012764929
:20B480001E3F5200600E761F021F0A321B327530690B2B32283501F49A0D7649B8996F045E
:20B49000761F021F2B320200761F021F1E367649B871520C60217649C800761F026F2DA953
:20B4A0003105921E9EAB59A97649C7EC93A155A9690E761F021F0A2A1B2A01F4FFE900A88C
:20B4B0002B2A9A0B7649B899FFEF00A2761F021F2B2AFFEF009D761F021F2B2AFFEF0098BB
:20B4C0007649B871520D60647649C800761F026F2DA93105921F9EAB59A97649C7EC93A126
:20B4D00055A966147649C8002DA935788BA97649C7EC93A155A9660A761F02BA9227520135
:20B4E0006015761F021F92296011761F021F0A331B3305DC690E2B339A0A7649B89976498B
:20B4F000B871761F021F96266F04761F021F2B337649C800761F026F2DA93103921F9EAB89
:20B5000059A97649C7EC93A155A969170201761F021F07361EA68F015F901E36A8A90FA672
:20B51000674602001E369A0A7649B8997649B871761F021F96266F3B0202761F021F0F3661
:20B520006704564100366F3302001E366F30761F021F2B322B332B28923561030B356F2777
:20B53000283501F49226520C6103520260059A0C7649B8996F1C520D6103520360059A0D11
:20B540007649B8996F149A0B7649B8996F10761F021F921B7649B8997649B871761F021F13
:20B550009626283501F42B322B332B287649B871520D6108761F02BA9227761F021F962990
:20B560006F08761F02BA92276004761F021F2B297649B871520A610C7649B8715200610888
:20B570007649B871761F021F96262B276F1E761F021F9226520C610752026105520D6103D1
:20B580005203600C0A271B270BB8690F2B277649B871761F021F96266F087649B871761F9C
:20B59000021F962602001E367649B8719B0A00C9E9BC96425201610352026012761F026F12
:20B5A000921E7649B88F761F021F2B3156BF012B761F026F921E761F021F962C6F7E520312
:20B5B0006058761F02C4922F52016025761F021F1B3102EE6712761F026F921F7649B88FA7
:20B5C000761F021F0A3156BF022B761F026F921F761F021F962C6F6176491E087649B88F4E
:20B5D000761F021F56BF032B76491E08761F021F962C6F53761F021F2B317649B86D761FB8
:20B5E000026F541F6518761F021F9234520567030A346F432B347649B86D9CFF7649B88FD9
:20B5F000761F021F56BF042B7649B86D761F021F962C6F33921F7649B88F761F021F56BFC1
:20B60000052B761F026F921F761F021F962C6F257648F4C552026014761F02C69233520183
:20B61000600F7649C7F47649B88F761F021F56BF062B7649C7F4761F021F962C6F0E764901
:20B62000C7EC7649B88F761F021F56BF072B7649C7EC761F021F962CFE828BBE0006761F06
:20B63000021F922D0006761F021F922E0006761F021F922F0006761F021F92300006B2BD2E
:20B64000FE062B432B44761F02C692005204FFE000857648F4C5520261057648F4C552095D
:20B65000607C76498027FF58633F761F02BD280022607649802B3B0185A9FF5696457649DE
:20B66000C7EC761F02BD2D4588A98F0003E837000200F61F561700A60200F61F561700A41D
:20B670003F4592457649B40D3B10FF69764980273B01761F021F85A9FF56962F9245962DF2
:20B680007649802B3B01761F021F85A9FF56962E7649C7EC761F021F96302910FF699A00DE
:20B690007649B4186F2B764980273B0185A9FF5696457649C7EC761F02BDFFC02BAA8F018B
:20B6A00086A0274580A98800A8AC0200566500ABF61F561700A6A9A90DA78BA97649C7ECB7
:20B6B00088A9B2AB0200F61F561700A63F4592457649B4189A007649B40D76495EC21EA61F
:20B6C000FF20012C0FA665059A00764872A36F0F9A01764872A36F0B9A007649B40D9A0078
:20B6D0007649B418764872A376495E47761F02C692005203604B7649805F5200621E76497A
:20B6E000802FFF5865167649802F761F02BD880287A6566500A9A9A17649C7EC88A9761F6A
:20B6F000021FB2AB0200F61F561700A63F216F1B761F021F2B216F177649805F761F02BD2E
:20B7000088023B0185A987A6566500A9A9A17649C7EC88A9761F021FB2AB0200F61F561720
:20B7100000A63F21761F02C39203761F021F9B0A9E2100C9E9529622761F02C39203612ED0
:20B720009A03761F021F74226F29761F02C49226520160147649B41F2DA9350A9621764991
:20B73000B41F9B0A27A9761F02C3920300C9E952761F021F9EAB96226F11761F021F2B2185
:20B74000761F02C39B0A920300C9E95259A97649B869761F021F94A19622761F02C42B0640
:20B75000761F021F92226308FF5C761F02C49606761F021F2B221B2202006503282201FFBE
:20B76000761F02C692005204FFE000D77648F4C5520261067648F4C55209FFE000CE761F88
:20B7700002C492265201605C761F021F2B197648839D52016030761F02C4922A761F021FA4
:20B78000542469030A246F045424670296247649B41F9E24964463070A1A761F02AA081F65
:20B7900000056F20520565089A0A741A761F02AA9AC8741F6F17520265089A05741A761FD0
:20B7A00002AA9A64741F6F0E0B1A9A05761F02AA741F6F08761F02AA281F01F4761F021F8D
:20B7B0002B1A761F02E2921F6104761F021F2B1A761F021F921A63032B1A6F061B1A03E60A
:20B7C0006503281A03E6761F02AA921F63032B1F6F791B1F75306576281F75306F73761F2F
:20B7D000021F2B1A7649B86D59A97649C7EC9EA19643622D7649B869761F02E29E0E964415
:20B7E0006309761F021F0A19761F02AA081F00026F395205650A9A0A761F021F74199A3279
:20B7F000761F02AA741F6F2E5202650A9A05761F021F74199A19761F02AA741F6F23761F75
:20B80000021F0B19761F02AA0B1F6F1C520A6505761F021F2B196F12520565069A0A761FB1
:20B81000021F74196F0B520265069A02761F021F74196F04761F021F0B199A05761F02AA25
:20B82000741F761F021F921963032B196F061B1901F46503281901F4761F02AA921F6303D6
:20B830002B1F6F10761F02AA9234761F02AA541F6309961F6F07761F021F2B192B1A2B244F
:20B840002B25761F02C492265201600E761F021F8F0003E82D1A761F02A9A842121800C930
:20B85000E8DB96456F0D761F021F8F0003E82D19761F02A9A842121800C9E8DB96453B1042
:20B860009245761F021F96182910FF69FE868BBE0006761F021F92120006761F02A99232B5
:20B870000006761F021F92140006761F021F92160006761F021F92150006761F021F922B16
:20B880000006761F021F922C0006FE0296413B10761F021F96112910FF69FE820006FE0282
:20B8900096413B10761F02A996322910FF69FE820006FE0296413B10761F021F961429108C
:20B8A000FF69FE820006FE0296413B10761F021F96162910FF69FE820006FE0296413B10CD
:20B8B000761F021F96152910FF69FE8200067622FF697649D437761F174C1A3C00011A3C81
:20B8C00000021A3C00041A3C00088F05D1B692C460098F007BDD761F1746A836A838A83A5B
:20B8D000A83C761F174C183CFFFE183CFFFD183CFFFB183CFFF7761A9A00D400D5019B28AC
:20B8E000FF697649B9BC7649B8E600067622761F174C1A2200011A2200041A2200081A22BC
:20B8F00000101A2200201A2300011A2300041A2400011A2400021A2600011A2600021A260B
:20B9000000041A2600081A2600101A2600201A2600401A2600801A2601001A2602001A2628
:20B9100004001A2608001A2800011A2800021A2800041A2800081A2800101A2800201A2ABC
:20B9200000011A2A00021A2A00041A2E00011A2E00021A3000011A3000021A3000041A30B6
:20B9300000081A3200011A3200021A3200041A3400011A3400021A3600011A3600021A3870
:20B9400000011A3800021A3900011A3A00011A3C00011A3C00021A3C00041A3C00081A3E2A
:20B9500000011A3E00021A3E00041A3E00081A3E00101A3E00201A3E00401A3E0080761FDB
:20B96000174D1A0300011A0300021A030004761AFF69000676220200761F174C1E221E24F3
:20B970001E261E281E2A1E2E1E301E321E341E361E381E3A1E3C1E3E761F174D1E02761A48
:20B98000FF69000676229A0228A85A5A761F14001E24761AFF69000676229A0128A85A5AE1
:20B99000761F14001E24761AFF69000676229A0028A85A5A761F14001E24761AFF6900060F
:20B9A0007622761F01C0CC25FF0050559625CC25FF0050AA9625761AFF690006FE0276220E
:20B9B000761F01C0922990079641924150689629761AFF69FE820006FE207D527C5197508F
:20B9C000964F56BF015F761F1748884F920890030EA90FA6601588509214907F0EA90FA63B
:20B9D000600F8851CC140300FFC70EA90FA6600888529222903F0EA90FA6FFE101CA884F47
:20B9E000920890030EA90FA661116F0A7649BCBA6F0D7649BCCA6F0A7649BCDE6F07924FA4
:20B9F00061F9520161FA520261F27622761F174888509214907F0EA90FA660088851CC14E2
:20BA00000300FFC70EA90FA66123761F1744922C761F1748180EFFFDF67877001822FFC0CB
:20BA10002B60926052056714761F1748180EFFFEF614770056030851CA500EA91E149216D2
:20BA20009001520160FD0A609260520568EE9252523F61089C01CD22FFC0903FCAA896229A
:20BA30006F06CD22FFC0903FCAA89622761F01C09222965392299654922A965576222B2AAE
:20BA4000CC25FF0050559625CC25FF0050AA962576083B3092BE96562B2256BF2829761F84
:20BA500017441A2C0001761F17481A0E0002F6147700FF697649B9A07622925F5201FFE05A
:20BA600001208F000800761F1748CC160002FFC052016016180EFFFDF6787700180EFFFE84
:20BA7000F614770056030851CA500EA91E1492169001520160FD1A0E0002F6147700761F57
:20BA80000030920C9657060A1E44920E9658920F9659761F174D923C9007965DCC3C0038CA
:20BA9000FFC2965E761F00309214965A06121E469216965B9217965C761F00301A0C0010DB
:20BAA0003B01FF2FE0001E0A180EFF001A0C00201A0C80001A0C40006F16761F174DCC3C17
:20BAB000FFF85001963C6F15761F174DCC3CFFF85002963C6F0E761F174DCC3CFFF85003F4
:20BAC000963C6F07924F61F1520161F6520261E6761F00301A1480001A1440001A14001087
:20BAD000A8121816FF001A140020761F00301A0C0010761F00301A140010761F00301A0C38
:20BAE0000020761F00301A1400201A1480001814FFEF761F0030180CFFEF761F00304F144C
:20BAF0006D05761F00304F0C6CF9761F00301A0C0010761F00301A1400103B01FF2FE000F7
:20BB0000761F003003081E489257960C06441E0A9258960E9259960F925D761F174D900755
:20BB1000CD3CFFF8CAA8963C925E9007FF82CD3CFFC7CAA8963C925A761F0030961406460F
:20BB20001E12925B9616925C9617E2C401517700E8020400E274000977007700E2C40350FE
:20BB30007700E71000C87700E203004C761F17489222903F60039A016F059222903F560352
:20BB400001A985A9BDA90F127700770077007700E68900007700E203004EE2840148E2AF51
:20BB5000034CE2AF024EE8022800E2740008E27400997700770077007700E72000087700E4
:20BB6000E203004A9B009A01E801EE60E2AF014AE80E6668E6940001AD14620AE805EE60A6
:20BB7000E80E6668E6940001AD1464029A00520061029B01975F925F5201FFE1FEE6761FD1
:20BB80001744182CFFFE761F01C0CC25FF0050559625CC25FF0050AA96251A540028925442
:20BB900096299255962ACC53FFFE962240566D02291041566D022920F6C87700761F1748A5
:20BBA0009252CD22FFC0903FCAA89622761AFEA0FF690006FE107D467C45974496432B48A5
:20BBB0002B49761F17488843920A90030EA90FA6601F8844921E907F0EA90FA660198845EB
:20BBC000CC1E0300FFC70EA90FA660128846922490030EA90FA6FFE100CB6F0A7649BCEEC4
:20BBD0006F0D7649BCF86F0A7649BD046F07924361F6520161F7520461F87622761F1748E5
:20BBE0001818FFFD761AF6787700761F174D923C9007964DCC3C0038FFC2964E761F0030B9
:20BBF0009214964A06121E429216964B9217964C7622761F174DCC3CFFF85006963C183C17
:20BC0000FFC7761F00301A140010020A1E122B162B171814BFFF761F17481A240003761AED
:20BC10006F347622761F17481818FFFEF614770056030845CA440EA91E1E1A180001761ACD
:20BC200092209001520160FD76221A180002F6147700761F00301A1400201814FFEF2B4725
:20BC30001B4703E8670E761F00304F146C061A14800056BF01496F050A471B4703E868F41D
:20BC40001A1400100A48761A924852056703924961C99249600876220200761F17481E1E17
:20BC5000761A76252B4F6F1976221818FFFDF67877001818FFFEF614770056030845CA449C
:20BC60000EA91E1E92209001520160FD1A180002F61477000A4F761A761F174841206C047B
:20BC7000924F520A68E276229246CD24FFFC9003CAA89624761F174D924D9007CD3CFFF8A3
:20BC8000CAA8963C924E9007FF82CD3CFFC7CAA8963C924A761F0030961406421E12924BB5
:20BC90009616924C96171A140020761AFE90FF69000676220200761F17C019011E10020033
:20BCA00019011E12020019011E14020019011E160200761F17C119011E10020019011E1299
:20BCB000020019011E14020019011E16761A9A00FF6900067622761F1748CC08FFFC500291
:20BCC0009608F6FA7700F63277001A080010761AFF6900067622761F17481808FFF7F6FAFE
:20BCD0007700F63277001808FFFCF6FA7700F63277001A080010761AFF6900067622761FC0
:20BCE00017481808FFEFF6FA7700F6327700CC08FFFC50019608761AFF6900067622761FE8
:20BCF00017481808FFF7180AFFFC761AFF6900067622761F17481808FFEFCC0AFFFC5001E8
:20BD0000960A761AFF6900067622761F1748CC0AFFFC5002960A761AFF6900067622761F0B
:20BD1000174D1836FFFC761A7621FF6900067622761F174DCC36FFFC50019636761A7621FF
:20BD2000FF6900067622761F174DCC36FFFC50029636761F1748180EFFFD180EFFFE761A20
:20BD30007621FF6900067622761F174D1A360003761AFF697649B96A7622761F1748180E7E
:20BD4000FFFD180EFFFE761A7621FF690006FE02E2030042E27100007700E278000077006D
:20BD5000FE820006FE02E2030042E27100007700E27900007700FE820006FE02A842E590A5
:20BD6000E20300C48A42E20300D48A42E20300E48A42E20300F4020807428AA9E20300C42C
:20BD7000020A07428AA9E20300C4020C07428AA9E20300C4020E07428AA9E20300C4021008
:20BD800007428AA9E20300C4021207428AA9E20300C4021407428AA9E20300C402160742A9
:20BD90008AA9E20300C4021807428AA9E20300C4021A07428AA9E20300C4021C07428AA99D
:20BDA000E20300C4021E07428AA9E20300C4022407428AA9E20300C4022807428AA9E203BF
:20BDB00000C4022607428AA9E20300C4022E07428AA9E20300C4023007428AA9E20300C4B6
:20BDC000022C07428AA9E20300C4FE820006FE08A842023607428AA90232E2AF00C4074214
:20BDD0008AA9E8500000022AE2AF01C407428AA9E7000008E2AF01C4E70000087700E2035A
:20BDE0000044023207428AA9022A0742E2AF00C48AA902320742E2AF01C48AA9022AE3003D
:20BDF00042C407428AA9E7000010E2AF01C4E70000087700E2030046E2AF0146E2AF004426
:20BE0000E71000407700E89020007700E801FC01E27400087700770077007700E203004818
:20BE1000023AE2AF0148E2AF00440742E70000088AA9E20300C4023A07428AA9023C0742D4
:20BE2000E2AF00C4E86FE0008AA9E20300C4023EE2AF0046E8D02000E2AF0148E850000099
:20BE30000742E70000088AA9E20300C40240E2AF0144E2AF0046E72000080742E8B02000DF
:20BE4000E2AF0148E70000088AA9E20300C4023607428AA9E2AF014602420742E2AF00C4CF
:20BE5000E7000008E2AF0148E70000088AA9E20300C4024207428AA902440742E2AF00C49A
:20BE6000E85000008AA9E20300C4024207428AA9C4C4024607428AA9C2C4022E07428AA970
:20BE7000E590E20300C4023007428AA9E20300C4FE880006FE0AE203034AE2030248E20363
:20BE80000146E2030044A842C444022007428AA9C2C4E8020648E2AF01440232E8087ED894
:20BE9000E700000807428AA9E20300C4E80206480222E2AF0144E8087ED80742E7000008CE
:20BEA0008AA9E20300C4E801FC01E2AF0046E27400087700022A07428AA9E20300C4C44EB1
:20BEB000023607428AA9C2C4C450023407428AA9C2C48A427649BDC7C448024A07428AA909
:20BEC000C2C4C44A024807428AA9C2C4FE8A0006FE047649A8FA1BA90ED8691A7649A8FA03
:20BED0001BA91A2C67157649A8FA0EA9BDA90F16770077007700E801E118E68B0009E80E72
:20BEE000B850E7000040761F0253E2030000764988F91BA90ED8691A764988F91BA91A2C8D
:20BEF0006715764988F90EA9BDA90F16770077007700E801E118E68B0009E80EB850E7008E
:20BF00000040761F0253E20300027649AE321BA90ED8691A7649AE321BA91A2C6715764960
:20BF1000AE320EA9BDA90F16770077007700E801E118E68B0009E80EB850E7000040761F74
:20BF20000253E2030004E801F800E8021AF2E2030042E8061AEB761F0253284440008F00AD
:20BF30009840E80234B1E80D3AFAE80AC50B2843469CE2AF00007649BE7A3B10761F026147
:20BF4000063E761F02571E3E761F02620600761F02581E00761F0261063A761F02571E3AC9
:20BF5000761F02620602761F02581E02761F02620604761F02581E04761F02620606761F13
:20BF600002581E062910E801F800E8021AF2761F0253E2030042E8061AEBE80234B1FF69F8
:20BF70008F00984028444000E80D3AFAE80AC50B2843469CE2AF00027649BE7A3B10761FFC
:20BF80000261063E761F025B1E3E761F02620600761F025C1E00761F0261063A761F025B72
:20BF90001E3A761F02620602761F025C1E02761F02620604761F025C1E04761F0262060608
:20BFA000761F025C1E062910E801F800E8021AF2761F0253E2030042E8061AEBE80234B187
:20BFB0008F009840FF6928444000E80D3AFAE80AC50B2843469CE2AF00047649BE7A3B10E7
:20BFC000761F0261063E761F025D1E3E761F02620600761F025E1E00761F0261063A761FF6
:20BFD000025D1E3A761F02620602761F025E1E02761F02620604761F025E1E04761F026271
:20BFE0000606761F025E1E062910E801F800E8021AF2761F0253E2030042E8061AEBE8021E
:20BFF00034B18F009840FF6928444000E80D3AFAE80AC50B2843469CE2AF00047649BE7A0D
:20C000003B10761F0261063E761F025F1E3E761F02620600761F02601E00761F0261063AFB
:20C01000761F025F1E3A761F02620602761F02601E02761F02620604761F02601E04761FF9
:20C0200002620606761F02601E062910FF69FE840006FE048F0095407649BD5D8F0095C029
:20C030007649BD5D8F0096407649BD5D8F0096C07649BD5D8F0097407649BD5D8F0097C0F6
:20C040007649BD5D8F0098407649BD5DE801F800E8021AF2E8061AEBE20300428F00954072
:20C05000E80234B128444000E80D3AFAE80AC50BE80212402843469C7649BE7AE801F80009
:20C06000E8021AF2E2030042E8061AEBE80234B18F0095C028444000E80D3AFAE8021240EC
:20C07000E80AC50B2843469C7649BE7AE801F800E8021AF2E2030042E8061AEBE80234B1EA
:20C080008F00964028444000E80D3AFAE8021240E80AC50B2843469C7649BE7AE801F80043
:20C09000E8021AF2E2030042E8061AEBE80234B18F0096C028444000E80D3AFAE8021240BB
:20C0A000E80AC50B2843469C7649BE7AE801F800E8021AF2E2030042E8061AEBE80234B1BA
:20C0B0008F00974028444000E80D3AFAE8021240E80AC50B2843469C7649BE7AE801F80012
:20C0C000E8021AF2E2030042E8061AEBE80234B18F0097C028444000E80D3AFAE80212408A
:20C0D000E80AC50B2843469C7649BE7AE801F800E8021AF2E2030042E8061AEBE80234B18A
:20C0E0008F00984028444000E80D3AFAE8021240E80AC50B2843469C7649BE7A761F0253D8
:20C0F000E801FBE8E80F5448E2030016E801DC28E80AED10E2030018E801FBE8E80F54489E
:20C10000E203002AE801DC28E80AED10E203002CE801FBE8761F0254E80F5448E2030010E4
:20C11000E801DC28E80AED10E2030012FE840006761F0255E2AF0028E850B2007700E68C3C
:20C12000000077007700BFA90F120006761F0255E2AF0026E850B2007700E68C0000770095
:20C130007700BFA90F120006761F0255E2AF0024E850B2007700E68C000077007700BFA91F
:20C140000F120006761F0255E2AF0006E850B2007700E68C000077007700BFA90F120006E5
:20C15000761F0255E2AF000CE850B2007700E68C000077007700BFA90F120006761F02550A
:20C16000E2AF0000E68C000077007700BFA90F120006761F0255E2AF000CE68C00007700CD
:20C170007700BFA90F120006761F0255E2AF001EE68C000077007700BFA90F120006761F8A
:20C180000255E2AF0024E68C000077007700BFA90F120006761F0253E2AF00100006761F7E
:20C190000259E8022CE0E2AF0106E80AA000E70000407700E68C000077007700BFA90F128D
:20C1A0000006761F0259E8022CE0E2AF010CE80AA000E70000407700E68C00007700770065
:20C1B000BFA90F120006FE02761F02B92B0A2B0B2B092B419241520F66368F00AA1BA8A910
:20C1C0000D418AA91AC400028F00AA1BA8A90D418AA918C4FFFE8F00AA1BA8A90D418AA9D9
:20C1D00018C4FFE38F00AA1BA8A90D418AA918C4FF1F8F00AA1BA8A90D418AA918C4FEFF72
:20C1E0008F00AA1BA8A90D418AA918C4FDFF8F00AA1BA8A90D418AA918C4FBFF0A41924127
:20C1F000520F69CCFE820006FE0497449643A842761F02B9920A61030B0A6F2752006025A1
:20C20000761F02C392186021761F02C356BF05199244761F02B9960A7649C271761F02B904
:20C21000580B8F00AA1B2901CC94001CFFC18F00AA3C560301A9560100A49243930BC5C482
:20C220008A423E677649C45AFE840006FE069643A8425207684592CC5203604288C4761F25
:20C2300002B90E0B0FA6603C92D496455C45DC0588A40E430FA6603492439CFE0EA90742D1
:20C240008AA97649C44D964492438A429CFE7648882A88440EA90FA66023761F02B9580BE8
:20C250008F00AA1B2901CC94001CFFC18F00B16A560301A9560100A4C5C4920B8A423E67D5
:20C26000761F02B98F00AA1BA8A90D0B8AA91AC4010056BF040A761F02C356BF0519FE866B
:20C270000006FE02761F02B9920B9641580B8F00AA1B48946C44A8A90D0B8AA918C4FEFF2C
:20C280008F00AA1BA8A90D0B8AA918C4FF1F580B8F00AA1B4A946C0FA8A90D0B8AA918C42C
:20C29000FFFE8F00AA1BA8A90D0B8AA918C4FFE30A0B6F1DCC94001CFFC1620C9294CDA9FC
:20C2A000FFE3FFC190079C019007FF81CAA896946F0EA8A90D0B8AA91AC400018F00AA1BA9
:20C2B000A8A90D0B8AA918C4FFFD0A0B8F00AA1BA8A90D0B8AA918C4FDFF6F5040946D1D00
:20C2C000A8A90D0B8AA918C4FBFF8F00AA1BA8A90D0B8AA918C4FFFD8F00AA1BA8A90D0B67
:20C2D0008AA918C4FFE38F00AA1BA8A90D0B8AA918C4FF1F0A0B6F32809492A7FFC4900716
:20C2E0009C01900788A9CDA7FF1F80A8560305A6CAA7969492A652056421580BCC94FF1F8B
:20C2F00050A09694A8A90D0B8AA918C4FFFE8F00AA1BA8A90D0B8AA918C4FFFD8F00AA1B83
:20C30000A8A90D0B8AA918C4FBFF8F00AA1BA8A90D0B8AA918C4FFE30A0B88410E0B0FA651
:20C310006169920B520F69422B0B921F96202B1F921E61022B1E921D9C019642520F690A5F
:20C320002B4292090A0952036905182CFFFD56BF04092B419241520F66158F00AA1B5841B5
:20C3300040946C0C2D419A01761F02B9FF66981F88420E410FA660020A420A419241520F31
:20C3400069EF761F02B90A2188200E1F0FA66006921F61049221520269092B219242961DB8
:20C3500056BF011E520F69022B1D580B8F00AA1B41946D18921E610D880B0E1D0FA660077C
:20C36000A8A90D0B8AA91AC400026F0C0A0B6F0A40946C07A8A90D0B8AA91AC400026F0204
:20C370000A0B920B520F669E580B8F00AA1B41946C99FE820006FE0697449643A842C542D6
:20C38000924496C78A4256BF03CC8A4256BFF8D48A422BDC8A422BE48A4256BF10EC9A06E2
:20C390008A427648882A96458A42FFC796F48A42924590FF96FC761F02C42B159B08924383
:20C3A0008A427649DBC1761F02C456BF0115FE860006FE0697449643A842C542924496C76A
:20C3B0008A4256BF03CC8A4256BF13D48A422BDC8A422BE48A4256BF20EC9A068A42764830
:20C3C000882A96458A42FFC796F48A42924590FF96FC761F02C42B159B0892438A42764952
:20C3D000DBC1761F02C456BF0115FE860006FE069645A84229018F00AB80560304455601FB
:20C3E00000A4A8448A4292D4FFC09646020307421E429245520F661492465210650356BFC9
:20C3F00010468A427649C44D8A4496C4020107441E44020207421E420B46924662F329010E
:20C400008F00AB8056030445560100A492C45270600A560304458F00AB8B560100A492C48B
:20C41000526563098F00AA1BA8A90D458AA91AC404006F088F00AA1BA8A90D458AA918C460
:20C42000FBFFFE860006FE069645A84229018F00A44056030545560100A4A8448A4292D456
:20C43000FFC09646020307421E429245520F661492465220650356BF20468A427649C44D28
:20C440008A4496C4020107441E44020207421E420B46924662F3FE860006FE04A842C5425C
:20C4500092C7964356030843964392CC72439243FE840006FE062B4502001E4276491D8F6C
:20C46000761F02B9963276491D78761F02B9963176491D57761F02B996332B342B352B3BC8
:20C4700056BF013A2B392B382B3C2B362B372B302B439243520FFFE200888F00AA1B3B0173
:20C48000A8A981438AA940C46C6F0A45761F02B956BF013B560305438F00A45C560100A45A
:20C490009B0A92C400C9E95296445432630296325431630296313B018F00A45D56030543E2
:20C4A000560100A49B0A92C400C9E95296445433650296333B018F00A45E5603054356012C
:20C4B00000A492C47234921B54346703921B9634560305438F00A45F560100A492C472358B
:20C4C000921C54356703921C9635560305438F00A44B560100A492C472369237600956039F
:20C4D000054376C0A443560100A792C796375603054376C0A442560100A792C7964640464D
:20C4E0006C022B3A42466D0356BF013941466C0356BF0138560305438F00A447560100A4C8
:20C4F00085C407421E428F00AA1BA8A981438AA94AC46C05761F02B956BF013C0A4392435B
:20C50000520FFFE5FF7C0642761F02B91E22923B60042B3A02001E229245963092155432E1
:20C510006704921596326F0692165432690392169632921754316704921796316F0692188A
:20C520005431690392189631921954336704921996336F06921A54336903921A9633923A33
:20C5300061022B38924565069236934500C9E9529636FE860006FE049643A8425208671053
:20C540009A006F1C92D49C0596446F1256BF08446F0F56BF09446F0C56BF08446F0992CC61
:20C55000520361F1520661F3521061F46FF69244544369039A006F029A01FE840006761FC0
:20C56000026F2B0D2B0C1818FFFE1818FFFD1818FFFB1818FFF71818FFEF1818FFDF1818D6
:20C57000FFBF1818FF7F1818FEFF1818FDFF761F02B21A000008761F02B21A010008000609
:20C58000FE029641BE0A761F026F0E41F60F1FA6960D92419610FE820006FE029641761FCF
:20C59000026F921890015201600F920D93125D418F009BE07649CCE752016015761F026FF1
:20C5A0001818FFFE6F1040186D0E920D93115D418F009BE07649CCD252016005761F026FF6
:20C5B0001A180001FE820006FE0496412B422B437649C80052046013761F02C41B2901CC42
:20C5C00068091B2902446606922996429CD896436F2A28420208284301E06F257649C800A0
:20C5D00052026012761F02C4922952E668081B290122660596429CEC96436F1528420104C9
:20C5E00056BFF0436F10761F02C49229527368075291660596429CF696436F0556BF82424C
:20C5F00056BF7843761F026FCC180200FFC85201600F920D93435D418F009BE17649CCE756
:20C6000052016013761F026F1818FDFF6F0E920D93425D418F009BE17649CCD25201600573
:20C61000761F026F1A180200FE840006FE0297429641761F02C6920052016959761F02B944
:20C62000412C6C32761F026F4A186D1576491E76761F02B993A95D418F009BE2CC2BFF0086
:20C63000FFC77649CCE75201601A761F026F1A1804006F1576491E769B0A761F02B995A99F
:20C640005D418F009BE2CC2BFF00FFC77649CCD252016005761F026F1818FBFF761F026F29
:20C650001818FFFD6F24761F026F41186D0F920D93135D418F009BE27649CCE75201601309
:20C66000761F026F1A1800026F0E920D93145D418F009BE27649CCD252016005761F026FF8
:20C670001818FFFD761F026F1818FBFFFE820006FE04964176491DA5964276491E8196435F
:20C68000761F02B9412C6C2A761F026F9217601576491E8C761F02B993A95D418F009BE482
:20C69000CC2BFF00FFC77649CCE752006139761F026F56BF01176F34761F02B9CC2BFF0054
:20C6A00093435D418F009BE4FFC77649CCD252006127761F026F2B176F23761F026F921772
:20C6B000601376491D57761F026F93A95D418F009BE4920D7649CCE752006112761F026FFA
:20C6C00056BF01176F0D920D93425D418F009BE47649CCD252006104761F026F2B17761FA0
:20C6D00002B9412C6C44761F026FCC180800FFCA5201601F76491E81761F02B993A95D415D
:20C6E0008F009BE5CC2BFF00FFC77649CCD252006129761F026F1818F7FF9A0076496755F5
:20C6F0007649911F5212601E9A00764991526F1A4B186D1876491E8C761F02B993A95D4199
:20C700008F009BE3CC2BFF00FFC77649CCE752006109761F02C492176005761F026F1A1881
:20C710000800761F026F1818FFBF6F3E761F026FCC180040FFC55201601D76491DA5761F8C
:20C72000026F93A95D418F009BE5920D7649CCD252006126761F026F1818FFBF9A0076497D
:20C7300067317649911F520F601B9A00764991526F1746186D15761F02C6920052036010B0
:20C74000761F026F5D418F009BE3920D93157649CCE752006105761F026F1A180040761FAA
:20C75000026F1818F7FFFE840006FE047C439742964192425441690C761F026F0A26924350
:20C76000542666042B269A016F079A036F05761F026F2B269A00FE840006761F026FCC18FF
:20C770000002FFC05201610BCC180004FFC152016106CC180008FFC2520160063B101A0CF0
:20C78000000129106F053B10180CFFFE2910CC180040FFC552016106CC180800FFCA52019C
:20C7900060063B101A0C000229106F053B10180CFFFD2910CC180010FFC3520160063B10A5
:20C7A0001A0C004029106F053B10180CFFBF291092189001520160063B101A0C0010291052
:20C7B0006F053B10180CFFEF2910CC180080FFC6520160063B101A0C010029106F053B1013
:20C7C000180CFEFF2910CC180020FFC4520160063B101A0C040029106F053B10180CFBFFF4
:20C7D0002910CC180200FFC8520160063B101A0C100029106F053B10180CEFFF2910FF697E
:20C7E0000006761F026FCC180080FFC6520160039A016F029A000006761F026F920D0006F7
:20C7F000761F026F92100006761F026F92130006761F026F920E0006761F026F920F000671
:20C80000761F026F92160006FE023B10761F026F400C6C0456BF01416F022B412910924117
:20C81000FF69FE820006FE02761F026F4A186C0456BF01416F022B419241FE820006FE02B5
:20C820003B10761F026F410C6C0456BF01416F022B4129109241FF69FE820006FE023B1071
:20C83000761F026F440C6C0456BF01416F022B4129109241FF69FE820006FE023B10761F14
:20C84000026F4C0C6C0456BF01416F022B4129109241FF69FE820006761F026F1A180080B9
:20C850000006761F026F1818FF7F0006FE0296413B10761F026F96112910FF69FE82000612
:20C86000FE0296413B10761F026F96122910FF69FE820006FE0296413B10761F026F9613F0
:20C870002910FF69FE820006FE0296413B10761F026F960E2910FF69FE820006FE029641B7
:20C880003B10761F026F960F2910FF69FE820006FE0296413B10761F026F96142910FF6908
:20C89000FE820006FE0296413B10761F026F96152910FF69FE820006FE0296413B10761F51
:20C8A000026F96162910FF69FE8200063B10761F026F1818FFBF2910FF690006761F028235
:20C8B0002B000006FE069645A842C54296C78A422DCC3B01761F026F351F81C481271E4460
:20C8C0009244901F96270644FF4496CCFE860006761F02B492030006761F02B3923E000697
:20C8D000761F02B492010006761F02B49201761F02B3943E0006761F02B3923D0006761FB0
:20C8E00002B492000006761F02B3923D0006761F026F92150006761F028292000006761FD2
:20C8F000026F921E0006761F026F921F00060000010C02180324042F053B06460750085A7E
:20C9000009640A6D0B760C7C0D830E880F8D10901193129413941492158F168B1785187DBB
:20C9100019741A691B5D1C4E1D3D1E2B1F161FFF20E721CB22AE238E246B2547261F26F550
:20C9200027C9289929672A322AFA2BBF2C812D412DFD2EB52F6B301D30CC3178322232C54D
:20C9300033673405349F353635C9365836E4376C37F0387138ED396539DA3A4B3AB73B2016
:20C940003B843BE53C413C993CEE3D3D3D893DD13E143E533E8E3EC43EF63F243F4E3F73A7
:20C950003F943FB03FC83FDC3FEB3FF63FFD3FFF3FFD3FF63FEB3FDC3FC83FB03F943F73D9
:20C960003F4E3F243EF63EC43E8E3E533E143DD13D893D3D3CEE3C993C413BE53B843B20DE
:20C970003AB73A4B39DA396538ED387137F0376C36E4365835C93536349F3405336732C53A
:20C980003222317830CC301D2F6B2EB52DFD2D412C812BBF2AFA2A322967289927C926F5C9
:20C99000261F2547246B238E22AE21CB20E71FFF1F161E2B1D3D1C4E1B5D1A691974187D56
:20C9A0001785168B158F149213941294119310900F8D0E880D830C7C0B760A6D0964085A4E
:20C9B00007500646053B042F03240218010C0000FEF4FDE8FCDCFBD1FAC5F9BAF8B0F7A6D1
:20C9C000F69CF593F48AF384F27DF178F073EF70EE6DED6CEC6CEB6DEA71E975E87BE783C4
:20C9D000E68CE597E4A3E3B2E2C3E1D5E0EAE001DF19DE35DD52DC72DB95DAB9D9E1D90B0E
:20C9E000D837D767D699D5CED506D441D37FD2BFD203D14BD095CFE3CF34CE88CDDECD3BF1
:20C9F000CC99CBFBCB61CACACA37C9A8C91CC894C810C78FC713C69BC626C5B5C549C4E008
:20CA0000C47CC41BC3BFC367C312C2C3C277C22FC1ECC1ADC172C13CC10AC0DCC0B2C08D56
:20CA1000C06CC050C038C024C015C00AC003C001C003C00AC015C024C038C050C06CC08D04
:20CA2000C0B2C0DCC10AC13CC172C1ADC1ECC22FC277C2C3C312C367C3BFC41BC47CC4E0DF
:20CA3000C549C5B5C626C69BC713C78FC810C894C91CC9A8CA37CACACB61CBFBCC99CD3B63
:20CA4000CDDECE88CF34CFE3D095D14BD203D2BFD37FD441D506D5CED699D767D837D90BB4
:20CA5000D9E1DAB9DB95DC72DD52DE35DF19E001E0EAE1D5E2C3E3B2E4A3E597E68CE78307
:20CA6000E87BE975EA71EB6DEC6CED6CEE6DEF70F073F178F27DF384F48AF593F69CF7A6F0
:20CA7000F8B0F9BAFAC5FBD1FCDCFDE8FEF40000010C02180324042F053B06460750085A4B
:20CA800009640A6D0B760C7C0D830E880F8D10901193129413941492158F168B1785187D3A
:20CA900019741A691B5D1C4E1D3D1E2B1F161FFF20E721CB22AE238E246B2547261F26F5CF
:20CAA00027C9289929672A322AFA2BBF2C812D412DFD2EB52F6B301D30CC3178322232C5CC
:20CAB00033673405349F353635C9365836E4376C37F0387138ED396539DA3A4B3AB73B2095
:20CAC0003B843BE53C413C993CEE3D3D3D893DD13E143E533E8E3EC43EF63F243F4E3F7326
:20CAD0003F943FB03FC83FDC3FEB3FF63FFD3FFF0000013E027B03B904F60632076E08A9B9
:20CAE00009E40B1D0C550D8D0EC20FF7112A125B138A14B815E4170D183419591A7C1B9C17
:20CAF0001CB91DD41EEB200021122220232B2433253726382735282E29232A152B022BEBE3
:20CB00002CD02DB12E8D2F653038310731D132963356341134C73579362536CB376D3809CA
:20CB100038A0393139BD3A433AC43B3F3BB43C243C8E3CF23D503DA83DFA3E463E8D3ECD8E
:20CB20003F073F3B3F693F913FB33FCF3FE43FF43FFD40003FFD3FF43FE43FCF3FB33F9189
:20CB30003F693F3B3F073ECD3E8D3E463DFA3DA83D503CF23C8E3C243BB43B3F3AC43A433E
:20CB400039BD393138A03809376D36CB3625357934C734113356329631D1310730382F65E7
:20CB50002E8D2DB12CD02BEB2B022A152923282E2735263825372433232B222021122000BC
:20CB60001EEB1DD41CB91B9C1A7C19591834170D15E414B8138A125B112A0FF70EC20D8D3D
:20CB70000C550B1D09E408A9076E063204F603B9027B013E0000FEC2FD85FC47FB0AF9CE0E
:20CB8000F892F757F61CF4E3F3ABF273F13EF009EED6EDA5EC76EB48EA1CE8F3E7CCE6A79D
:20CB9000E584E464E347E22CE115E000DEEEDDE0DCD5DBCDDAC9D9C8D8CBD7D2D6DDD5EBE1
:20CBA000D4FED415D330D24FD173D09BCFC8CEF9CE2FCD6ACCAACBEFCB39CA87C9DBC9352E
:20CBB000C893C7F7C760C6CFC643C5BDC53CC4C1C44CC3DCC372C30EC2B0C258C206C1BAFB
:20CBC000C173C133C0F9C0C5C097C06FC04DC031C01CC00CC003C000C003C00CC01CC031E4
:20CBD000C04DC06FC097C0C5C0F9C133C173C1BAC206C258C2B0C30EC372C3DCC44CC4C143
:20CBE000C53CC5BDC643C6CFC760C7F7C893C935C9DBCA87CB39CBEFCCAACD6ACE2FCEF9B2
:20CBF000CFC8D09BD173D24FD330D415D4FED5EBD6DDD7D2D8CBD9C8DAC9DBCDDCD5DDE0E7
:20CC0000DEEEE000E115E22CE347E464E584E6A7E7CCE8F3EA1CEB48EC76EDA5EED6F00984
:20CC1000F13EF273F3ABF4E3F61CF757F892F9CEFB0AFC47FD85FEC20000013E027B03B948
:20CC200004F60632076E08A909E40B1D0C550D8D0EC20FF7112A125B138A14B815E4170D88
:20CC3000183419591A7C1B9C1CB91DD41EEB200021122220232B2433253726382735282E64
:20CC400029232A152B022BEB2CD02DB12E8D2F653038310731D132963356341134C73579FC
:20CC5000362536CB376D380938A0393139BD3A433AC43B3F3BB43C243C8E3CF23D503DA89D
:20CC60003DFA3E463E8D3ECD3F073F3B3F693F913FB33FCF3FE43FF43FFDFE061E420642AD
:20CC700060039A006F2E9A009B400F42680706422901FF49093F1E446F11FF2F10000F4262
:20CC8000680706422901FF4B09FF1E446F0706422901FF4DFF1003FF1E442B4592455205BA
:20CC9000670F2901A3420200F61F56170044A9A90744FF401E440A459245520568F492444A
:20CCA000FE860006FE067D4597449643A8429244544368049245544369030AC46F022BC4A5
:20CCB0008A42924954C466042BC49A016F029A00FE860006FE067D4597449643A8429244E2
:20CCC000544368049245544369032BC46F020AC48A42924954C466042BC49A016F029A008B
:20CCD000FE860006FE067D4597449643A8429244544363030AC46F022BC48A42924554C49A
:20CCE00066042BC49A016F029A00FE860006FE067D4597449643A8429244544365030AC4A4
:20CCF0006F022BC48A42924554C466042BC49A016F029A00FE860006FE02A84292C46003DD
:20CD00009A016F0A3B100BC429108A4292C460039A016F029A00FE82FF690006FE069643B6
:20CD1000A842964456BF01455263690456BF63442B4592449B027649CE868A4296C49B014E
:20CD200092447649CE868A4296CC9245FE860006FE069643A842964456BF01451BA903E7D1
:20CD30006904284403E72B4592449B037649CE868A4296C49B0292447649CE868A4296CC4F
:20CD40009B0192447649CE868A4296D49245FE860006FE069643A84256BF014596441BA9F7
:20CD5000270F69042844270F2B4592449B047649CE868A4296C49B0392447649CE868A420D
:20CD600096CC9B0292447649CE868A4296D49B0192447649CE868A4296DC9245FE86000671
:20CD7000FE069643A84256BF014596449B047649CECE8A4296C49B0392447649CECE8A42EC
:20CD800096CC9B0292447649CECE8A4296D49B0192447649CECE8A4296DC9245FE860006C1
:20CD9000FE08A8441E4256BF01471E468F01869FA8A90F466703A8462B4792469B05764914
:20CDA000CE868A4496C49B0492467649CE868A4496CC9B0392467649CE868A4496D49B02DF
:20CDB00092467649CE868A4496DC8A4456BF2EE49B0192467649CE868A4496EC9247FE880D
:20CDC0000006FE069643A842964456BF01451BA903E76904284403E72B4592449B0376493D
:20CDD000CE868A4296C49B0292447649CE868A4296CC8A4256BF2ED49B0192447649CE86AD
:20CDE0008A4296DC9245FE860006FE069643A842964456BF01451BA903E76904284403E727
:20CDF0002B4592449B037649CE868A4296C48A4256BF2ECC9B0292447649CE868A4296D46F
:20CE00009B0192447649CE868A4296DC9245FE860006FE069643A842964456BF01451BA92E
:20CE1000270F69042844270F2B4592449B047649CE868A4296C49B0392447649CE868A424C
:20CE200096CC9B0292447649CE868A4296D48A4256BF2EDC9B0192447649CE868A4296E41E
:20CE30009245FE860006FE069643A842964456BF01451BA9270F69042844270F2B45924436
:20CE40009B047649CE868A4296C49B0392447649CE868A4296CC8A4256BF2ED49B029244EF
:20CE50007649CE868A4296DC9B0192447649CE868A4296E49245FE860006FE069643A8427E
:20CE600056BF014596449B057649CE868A4296C49B0492447649CE868A4296CC9B0392447A
:20CE70007649CE868A4296D48A4256BF2EDC9B0292447649CE868A4296E49B019244764971
:20CE8000CE868A4296EC9245FE860006FE04974296416F3392419B0A00C9E9BC9B3095A94C
:20CE900097436F3ABE0A0E41F60F1FA69B0A00C9E9BC9B3095A997436F2FBE640E41F60F14
:20CEA0001FA69B0A00C9E9BC9B3095A997436F24768003E80E41F60F1FA69B0A00C9E9BC17
:20CEB0009B3095A997436F18768027100E41F60F1FA69C3096436F109242520362085203A6
:20CEC00061DD520161C8520261CE6FC5520461E1520561EB6FC09243FE840006FE0497423F
:20CED00096416F309241900F9644520A67049C3096436F329C3796436F2FCC4100F0FFC36A
:20CEE0009644520A67049C3096436F269C3796436F23CC410F00FFC79644520A67049C30CA
:20CEF00096436F1A9C3796436F17CC41F000FFCB9644520A67049C3096436F0E9C37964358
:20CF00006F0B9242520161CF520261D8520361E2520461EC6FC8FE840006FE087D45974416
:20CF10009643A8429647924594449C019646924460039245612E924460040A460A446F044F
:20CF2000924560020B4692466124884692449C010EA90FA660095C46A8A9074219018AA96B
:20CF300056BF2EC46F1392479B0A00C9E9BC5C469B3095A988A8A8A9074219018AA97EC468
:20CF4000BE0A0E47F60F1FA696470B46924660DEFE880006FE0897449643A8422B45924430
:20CF500094439C01964692436005924460039A006F1A924360040A460A436F04924460025A
:20CF60000B462B476F0C88470E430FA6610758472D45350A94949CD096450A4792465447B3
:20CF700066F39245FE880006FE0497449643A842761F02CC920D61030B0D6F099244960DD6
:20CF800092437649D0F192447649CFB7FE840006FE029742964152406711584192428F00E3
:20CF9000B3409694761F02CC0A0892085203690556BF010656BF04082B07761F02CD922409
:20CFA000761F02CC9600761F02CD9225761F02CC9601761F02CD9223761F02CC9603761FB9
:20CFB00002CD9227761F02CC9602FE820006FE0296417649D18C5201600A761F02CC0A0734
:20CFC0009207544168042B082B072B06FE820006FE0A9647A044A84202001E460203074234
:20CFD0001E462B486F0F83468A46560308C594CC9649020207461E46C544924893493E67D5
:20CFE0000A489247544866F0FE8A0006B2BDFE089645A044A842594558458342D982D881B4
:20CFF0005603089D9494964892459CFE7648882A88480EA90FA6602583448A44560308D5B0
:20D0000094DCFFC09646560308E594EC96478A42884792D4FFC00EA90FA6601392461BA927
:20D010005300680F1BA95340670C924794461BA95340660792478F49CF887649CFC86F0127
:20D02000FE888BBE0006FE0A9649A044A84206421E4806441E468A4692C4523060156F106E
:20D0300092D49C05964A528C690356BF8C4A8348924A7649CFE66F0856BF084A6F0592CCF9
:20D04000521761EF6FFAFE8A0006FE027649D18C520060132B419241524067098F00B3407C
:20D0500058412B940A419241524068FB761F02CC2B002B012B032B02761F02B9412C6C47D0
:20D0600076487136761F02CC96157648712B761F02CC9616761F02B9922A761F02B990FFE9
:20D0700094082DA9761F02CC350A9617761F02B9CC2AFF00761F02B9FFC79408761F02CC85
:20D080002DA9350A96187649C800761F02CC961976491D4C761F02CC961A2B1B2B1C7649AD
:20D09000B879761F02CC961D7649B871761F02CC961E56BFAA1F56BFBB2056BFCC2156BF55
:20D0A000DD2256BFEE2356BFFF246F3D76487136761F02CC961556BF96157648712B761F45
:20D0B00002CC961676491D78761F02CC2DA9350A961776491D8F761F02CC2DA9350A9618DC
:20D0C0007649C800761F02CC961976491D4C761F02CC961A2B1B2B1C7649B879761F02CC9C
:20D0D000961D7649B871761F02CC961E56BFAA1F56BFBB2056BFCC2156BFDD2256BFEE2384
:20D0E00056BFFF24FE820006FE0296415240670658418F00B31592946F0328A9FFFFFE82C5
:20D0F0000006FE089645A84206421E446F0192457649DC535201FFE1008B2B4658468A44D5
:20D100009A0194A0964656BF309458468A449A0194A0964656BF179458468A449A0194A079
:20D11000964656BF539458468A449A0194A096462894530058468A449A0194A096462B942B
:20D1200058468A449A0194A0964656BF409458468A449A0194A0964656BF549458468A446F
:20D130009A0194A096462894540058468A449A0194A096462B9458468A449A0194A0964637
:20D1400056BF109458468A449A0194A0964656BF20942B479247521067177649D0E45846FA
:20D150009B018A44FFC795A09746969492477649D0E458468A449B0195A0974696940A4772
:20D160009247521068EB92468A427648882A964858469B018A44FFC795A09746969492484B
:20D1700058469B018A4490FF95A097469694761F02C42B1592458A4493467649DBC1761FC3
:20D1800002C456BF0115761F02CC2B04FE880006761F02CC920C0006761F02CC9206000678
:20D19000761F02CD92220006761F02CD92230006761F02CD92240006761F02CD9226000600
:20D1A000761F02CD92280006761F02CD922B0006761F02CD92290006761F02CD922C0006D7
:20D1B000761F02CD922A0006761F02CD922D0006761F02CD922E0006761F02CD922F0006BB
:20D1C000761F02CD92300006761F02CD92310006761F02CD92320006761F02CD9233000699
:20D1D000761F02CD92090006761F02CD920D0006761F02CD920E0006761F02CD920F00061C
:20D1E000761F02CD92100006761F02CD92110006761F02CD92140006761F02CD92150006F5
:20D1F000761F02CD92160006761F02CD92170006761F02CD92180006761F02CD920C0006DE
:20D20000761F02CD92190006761F02CCCC0100010006761F02CD92270006761F02CD921C8D
:20D210000006761F02CCCC030038FFC20006761F02CCCC030004FFC10006761F02CCCC029A
:20D220000100FFC70006761F02CCCC020200FFC80006761F02CCCC020400FFC90006761F89
:20D2300002CCCC020800FFCA0006761F02CCCC021000FFCB0006FE029641761F02CC960C7E
:20D24000FE820006FE0476220200761F01F01E3C761F01F11E3C761F01F21E3C761F01F380
:20D250001E3C761F01F41E3C761F01F51E3C8F007C00A8422B43924352C0670F2901BE00F3
:20D26000901F520661065603014307428AA9C2C40A43924352C068F58F007F00A8422B43AA
:20D2700092435218670C2901BE005603014307428AA9C2C40A439243521868F8761AFE8467
:20D28000FF690006FE0E7C4B974A9649901F964C9249900F964D92499007964E29018F0090
:20D290007C009249FFC4FF84560301A9560100A4A842924B520F666C924CFFC3560301A946
:20D2A000074209061E44924CFFC3560301A9074209201E46924CFFC2560301A9074209281F
:20D2B0001E487622FF6902038A44FF5A5603014D16A9563BFF55FF5A92ABC0C492AAC0CC9F
:20D2C0000203FF5A8A465603014D16A9563BFF55FF5A92ABC0C492AAC0CC0203FF5A924BB8
:20D2D000FFC188A98A46A9A989A6FF5A5603014D16A9563BFF5A92AB98C492AA98CC020315
:20D2E000894B8A44FF5A5603014D16A9563BFF5A92AB98C492AA98CC0203FF5A8A48560321
:20D2F000024E16A9563BFF55FF5A92ABC0C492AAC0CC0203894A8A48FF5A5603024E16A9DD
:20D30000563BFF5A92AB98C492AA98CC761AFE8EFF690006FE187C5797569655901F0EA939
:20D310001E4E9255900F0EA91E502D4E0201563B1E5229018F007C009255FFC4FF845603AC
:20D3200001A9560100A4A842020A07421E44020C07421E46021007421E48021207421E4A66
:20D33000064EFF43FF30074209021E4C76228A440652FF55C0C4C1CC92565201601F8A44AF
:20D34000065298C499CC42576C068A4A065298C499CC6F068A4A0652FF55C0C4C1CC9257CD
:20D35000900561078A460652FF55C0C4C1CC6F238A46065298C499CC6F1E8A440652FF55B1
:20D36000C0C4C1CC40576C078A460652FF55C0C4C1CC6F058A46065298C499CC41576C069E
:20D370008A48065298C499CC6F068A480652FF55C0C4C1CC92579030FFC30EA91E54FF69B2
:20D3800002038A4CFF5A5603015016A9563BFF55FF5A92ABC0C492AAC0CC0654610CA3546B
:20D39000560301508A4C16A9563BFF5A92AB98C492AA98CC761AFE98FF690006FE0A974A9E
:20D3A0009649901F0EA91E462D460201563B1E4829018F007C009249FFC4FF84560301A9FE
:20D3B000560100A4A842023C07421E447622924A61068A44064898C499CC6F068A44064846
:20D3C000FF55C0C4C1CC761AFE8AFF690006FE0296417622761F01E49603761AFF69FE8268
:20D3D0000006FE0296417622761F01E49604761AFF69FE820006FE0296417622761F01E44D
:20D3E0009605761AFF69FE820006FE0296417622761F01E4960C761AFF69FE820006FE020B
:20D3F00096417622761F01E4960D761AFF69FE820006762228A9FFFF28A87FFF761F01F2D6
:20D400001E0C761F01F302081E0C761F01F402201E0C3B01761F01F5FF29FFFF1E0C761AA8
:20D41000FF69000676228F3FFC1C761F01F0A80C28A90E0028A8FC00761F01F11E0C28A9A9
:20D4200043E728A81EF0761F01F21E0C761F01F302081E0C761F01F402001E0C3B01761FEE
:20D4300001F5FF29FFFF1E0C761AFF690006FE02761F17400608290118A907009100FF47D5
:20D440009641520560047649D4126F06520660047649D3F96F01FE820006FE049643FFC445
:20D4500029018F007F00FF81560301A9560100A4A8429243901F2DA906C456221EA692A684
:20D4600090019644FE840006FE0697469645FFC429018F007F00FF81560301A9560100A484
:20D47000A84202011EA69245901F2DA906A6563B1E449246600406441EE46F0306441ED4BA
:20D48000FE8600060200761F02621E281E301E2A1E2E2B0D1E381E361E3A1E3C2B1B2B1DBD
:20D490002B1E2B102B0E2B0F0006FE029641761F026229012D413611FF4A9614FE82000657
:20D4A000FE029641761F02623B0192149E1585A9FF5654416904921496156F062D15350342
:20D4B0009414FFC19615FE820006FE0296412901761F026256030B41FF4A9618FE820006A7
:20D4C000FE029641761F02623B0192189E0C85A9FF56544169049218960C6F062D0C350335
:20D4D0009418FFC1960CFE820006FE0296412901761F026256030B41FF4A9619FE8200068B
:20D4E000FE029641761F02623B0192199E1A85A9FF56544169049219961A6F062D1A3503E9
:20D4F0009419FFC1961AFE820006FE021E423B01761F0262FF3AFF4A1E32FE820006FE048A
:20D500009744964302641E422D43124400C9E8DB761F02621E34FE840006FE029641761F00
:20D5100002629616FE820006FE021E42761F02623B010E131EAC56440042FF4A1E36FE82EC
:20D520000006FE0296410264761F02621EA62D4137160200F61F561700A6A938FE8200069F
:20D53000FE029641761F026288410636033AFF560FA6650406361E3A6F09A33AFF683B01CA
:20D54000A9A910AC0736FF411E3A88410638033CFF560FA6650406381E3C6F09C43C2901F5
:20D5500006A6FF3007A60738FF411E3CFE82FF690006FE047C43974296412B443B01761FBB
:20D560000262853AFF569644884128AC006432440200F61F561700A63F1B026488421EAC64
:20D570005665003C0200F61F561700A63F1D7649D66228AC00648843761F026232A902004E
:20D58000F61F561700A63F1C921D541B6604921B961E6F02961E921C541E6902961EFE8439
:20D590000006FE04974296412B433B01761F0262853AFF569643761F02C69200520461038A
:20D5A00052056046761F02E12D0A360A1EA628ABE64028AA1F870200F61F561700A62DAB48
:20D5B0008841761F026202003743F61F561700A63F10761F02E12D0A360A1EA628AA1F877B
:20D5C00028ABE6400200F61F561700A60EAB1EAC0E421EA6761F02625665003C0200F61F8A
:20D5D000561700A63F0E920E541066049210960F6F02960F7649805B761F0262540F6905AC
:20D5E0007649805B96446F07920F96446F047649805B964476491FA052016020761F026295
:20D5F0009225610E9244D5058F0098A69B557649CCE752006117761F02622B256F139244AB
:20D60000D5058F0098A69B647649CCD25200610A761F026256BF01256F05761F02622B2658
:20D610002B25FE840006FE047C43974296412B443B01761F02628528FF569644761F02DAC0
:20D62000283E04005621003E29010E44564400A9FF49964428AC00648841761F026232447A
:20D630000200F61F561700A63F1F026488421EAC5665002A0200F61F561700A63F2076492B
:20D64000AE7ABE643B01761F026285A987A6FF56884385A9566500A90200F61F561700A614
:20D650003F219220541F6604921F960D6F02960D9221540D6902960DFE840006761F0262C0
:20D6600092150006761F026292160006761F026292170006761F0262063A0006761F026276
:20D6700006380006761F0262921B0006761F0262921D0006761F0262921E0006761F026254
:20D6800092220006761F026292230006761F026292240006761F0262920C0006761F0262D1
:20D69000921A0006761F026292320006761F026292340006FE0296413B10761F026296127D
:20D6A0002910FF69FE820006FE0296413B10761F026296132910FF69FE820006761F02DEE3
:20D6B000A328062A0006761F02DEA32C062E0006761F02DEA33006320006761F02DEA33409
:20D6C00006360006761F02DEA33C063E0006761F02DFA30406060006761F02DFA308060A0A
:20D6D0000006761F02DEA338063A0006761F02DFA30006020006B2BDAABDFE027648711D55
:20D6E00052006153764945E6520065107649466D5200650C7649466D9B6400C9E9523B018D
:20D6F000761F02DE85A956010004761F02DE8F000E100200A304F61F561700A4A902A8AC2C
:20D7000056440002564100040200565700285640002AA9281E2A764945EA520065107649AE
:20D7100046715200650C764946719B6400C9E9523B01761F02DE85A956010008761F02DE53
:20D720008F000E100200A308F61F561700A4A906A8AC564400065641000802005657002C4C
:20D730005640002EA92C1E2E7649C8DB5AA97649C8DF94A2FF5C59A97649C7EC8F0027105E
:20D740002DA1A84230A900C9E8DB761F02DE1E0A060A6419060A5601000E8F000E10A30EAF
:20D750000200F61F561700A4A90CA8AC5644000C5641000E02005657003056400032A930BD
:20D760001E326F19060AFF54560100128F000E10A3120200F61F561700A4A910A8AC5644D4
:20D7700000105641001202005657003456400036A9341E36761F01FC4E096C2B76498956E2
:20D78000520160277649894EFF58650D7649894E1EA602641E4206A600C9E8DB761F02DE83
:20D790005601001A761F02DE8F000E100200A31AF61F561700A4A918A8AC564400185641A3
:20D7A000001A02005657003C5640003EA93C1E3E761F01FCCC098000FFCE5201604C7649DD
:20D7B000A973FF5864247649A9731EA602641E4206A600C9E8DB761F02DE560100228F0044
:20D7C0000E10A3220200F61F561700A4A920A8AC56440020564100220200761F02DF565789
:20D7D000000456400006A9041E066F257649A9733B0185A9FF569B6400C9E952761F02DE22
:20D7E0003B0185A9560100268F000E10A3260200F61F561700A4A924A8AC5644002456412E
:20D7F00000260200761F02DF565700085640000AA9081E0A761F02DE9200612D02001E0296
:20D800001E045633A9281E2A02001E061E085633A92C1E2E5633A9301E3202001E0C1E0E44
:20D810005633A9341E3602001E101E125633A93C1E3E02001E181E1A5633761F02DFA904F8
:20D820001E06761F02DE02001E201E222B00761F02422B0AFE8286BE8BBE0006B2BD761F7F
:20D8300002C6920052036105520561035204607D761F01FC40106D094F096D074E096C46A8
:20D8400076498956520160427649805F520065287649805F59A97649D69293A155A9621548
:20D85000761F01FC4E096C11764989565202600D7649D6929B6400C9E9523B01761F02DE18
:20D8600085A9560100166F0C7649805F9B6400C9E9523B01761F02DE85A956010016761F10
:20D8700002DE8F000E100200A316F61F561700A4A914A8AC5644001456410016020056570F
:20D8800000385640003AA9381E3A761F01FC4E096C2C76498956520260287649D6925200D3
:20D89000650C7649D6929B6400C9E9523B01761F02DE85A95601001E761F02DE8F000E1067
:20D8A0000200A31EF61F561700A4A91CA8AC5644001C5641001E761F02DF020056570000D6
:20D8B00056400002A9001E02761F02DE9201611502001E141E165633A9381E3A761F02DFD9
:20D8C0005633A9001E02761F02DE02001E1C1E1E2B01761F02422B0A8BBE00067649376921
:20D8D0007622761F01F1180CFFFE761F01FC1A0A0001761F01F11806FFFC1A0A0001761AEC
:20D8E000761F01FC1A0A00011A0A0002FF69764937697649376976493769761F01FC1A0C0E
:20D8F000000176493769761F01FC1A0C000200067622761F01F1180CFFFE761F01FC1A0A02
:20D900000001761F01F11806FFFC1A0A0001761AFF6976493769761F01FC1A0C00011A0A0D
:20D91000000276493769761F01FC1A0A00010006FE0296417622761F01F1180CFFFE761F2D
:20D9200001FC1A0A0001761F01F11806FFFC1A0A0001761A761F01FC1A0C000252006104FF
:20D930001A0A00016F031A0C0001FF6976493769761F01FC1A0A000276493769761F01FCA9
:20D940001A0C0002FE820006FE027622761F01F11A0C00011806FFFC180AFFFE761A761F76
:20D9500001FC1A0C0002FF6976493769761F01FC1A0A000276493769761F01FC92089001F7
:20D9600096411A0C0002520060039A006F029A01FE820006FE02761F01FC1A0A0001764951
:20D97000D9449641FE820006FE04964156BF80432B4292425208670C9243CE417649D918CA
:20D980009243FFC096430A429242520868F6FE840006FE022B412B4292425208670B5603E8
:20D99000014196417649D94472410A429242520868F79241FE820006FE0697449643A842FB
:20D9A0007649D8CECC437F00FFC650A07649D9747649D96A9645520160057649D8F89A01F4
:20D9B0006F32CC4300FF7649D9747649D96A9645520160057649D8F89A016F252B46924402
:20D9C000544669148A425846CC9400FF7649D9747649D96A9645520160057649D8F89A019C
:20D9D0006F120A469244544666EE7649D8F82B461B4613886707764937690A461B4613888D
:20D9E00068FB9A00FE860006FE0C97469645A84288452901FF20FFFF0FA663039A026F5961
:20D9F0009246944588A98F010000A8A90FA663039A036F4F92459345FFC6FF869FA99748BE
:20DA0000924860032B4B6F049A809E48964B924B544669039246964B92469E4BFFC6964AFD
:20DA10005603074A93469F4BEBA9964906421E44924B610F934B92458A44764911F39648FB
:20DA200052006027924B7245FFC00EA907441E44924A61142B476F0F92458A449B80764996
:20DA300011F396485200601508450080024007441E440A47924A544766F092496109934932
:20DA400092458A44764911F39648520060029A00FE8C0006FE0897449643A8428843290109
:20DA5000FF20FFFF0FA663039A026F6B9244944388A98F010000A8A90FA663039A036F61C1
:20DA60007649D8CE9AA07649D9747649D96A9646520160057649D8F89A016F53CC43FF006B
:20DA7000FFC77649D9747649D96A9646520160057649D8F89A016F45CC4300FF7649D97436
:20DA80007649D96A9646520160057649D8F89A016F387649D8CE9AA17649D9747649D96A71
:20DA90009646520160057649D8F89A016F2A2B459244544569207649D989964740456D09BE
:20DAA00092458A42FFC058A95603084796946F089245FFC00EA907428AA9924772C492440C
:20DAB0009CFF544569049A007649D9180A459244544566E29A017649D9187649D8F89A00F1
:20DAC000FE880006FE042B422B436F142B4192415209670B5603014396437649D944724347
:20DAD0000A419241520968F728A901FF544361062B4392420A42520568EAFE840006FE0AC8
:20DAE0007D4997489647A84229018F009F0C56030347560100A4A8448344560303478F00D3
:20DAF0009BE8560100A4A8E58A4406E41E46924883428A467649E6B68A442BC48A442BCCA3
:20DB00008A44924996F4FE8A0006FE0696452B4629018F009F0C56030345560100A4A8420A
:20DB100006E41E4492457649E2925200601A92457649E24192457649E27B9646761F02C4F0
:20DB20009233610A92456008924661069A0193467649E1EC6F0692469B028A447649E6C911
:20DB3000FE860006FE089647A84229018F009F0C56030347560100A4A84606E41E443B10F7
:20DB4000FF6983428A447649E71196482910520260039A016F029A00FE88FF690006FE04A9
:20DB5000964329018F009F0C56030343560100A4A8429243610352016024560303438F00B6
:20DB60009F0C560100A4A84292437649E2A95200605792437649E2538A4292CC60062BC4A5
:20DB700092437649E2026F4C8AD4924393C47649E1EC8A420201560100D48A420BCC6F4000
:20DB80007649E2A95200603C92437649E2538A4292CC6009761F02902B3C2BC492437649E0
:20DB9000E2026F2E761F0290923C600D8AD4924393C47649E1EC8A420201560100D48A42B6
:20DBA0000BCC6F1E923F5201600F9243933E7649E1EC761F02902B3F8A420201560100D4B1
:20DBB0008A420BCC6F0D8AD492C47649DC19761F029056BF013F9243933D7649E1ECFE849F
:20DBC0000006FE0897469645A84252006005761F028156BF010C52016005761F028156BFC1
:20DBD000010D29018F009F0C56030345560100A4A84492C4520160039A016F39761F02C491
:20DBE00092155201601B92468A427648708696475C46A8A9074219018AA99247FFC796C4F9
:20DBF00058468A42924790FF96945C46A8A907428AA956BF0DCC084600023B108A4406420B
:20DC00001ED48A44924696CC8A4456BF01C48A448AD4FF69924593C47649E1EC8A44020143
:20DC1000560100D48A440BCC29109A00FE88FF690006FE029641761F0290FFC7963D9241F3
:20DC200090FF963EFE820006FE0697469645A84229018F009F0C56030345560100A4A84469
:20DC300092C4520160039A016F1C3B10761F029056BF013C06421ED48A44924696CC8A44CE
:20DC400056BF01C48A448AD4FF6992C47649DC1956BF013F9245933D7649E1EC29109A00F1
:20DC5000FE86FF690006FE04964329018F009F0C56030343560100A4A84292C4FE84000621
:20DC6000FE022B4192415218660677000A419241521869FCFE82FF690006FE027649DC6042
:20DC70009A0A7649DDC19A007649DDCB2B4192415281670B7649DC607649DC607649DC601D
:20DC80000A419241528168F77649DC60FE820006B2BDFE022B419241528167298F00B24021
:20DC90008F40B2405841CC9401E0FFC4611CCC94001ECD9401E0FFC0FFD455A96509594141
:20DCA000CD94FDFF929D9001FF88CAA8969458419294CDA9FE1FFFC4900F9CFF900FFF84B3
:20DCB000CAA896940A419241528168DDFE828BBE0006FE047C439742964158418F00B24028
:20DCC000CC9401E0FFC461059243610347436C259241528167221843007F9242CD94FDFF4C
:20DCD0009001FF88CAA89694584192429001CD94FFFECAA8969458419243900FFF84CD9497
:20DCE000FE1FCAA896945841CC43001EFFC0FF80CD94FFE1CAA89694FE840006FE022B4196
:20DCF00092415281670C8F00B240A8A90D418AA918C4FDFF0A419241528168F6FE820006FB
:20DD0000FE022B4192415281671A8F00B240A8A90D418AA91AC402008F00B240A8A90D411D
:20DD10008AA918C4FE1F8F00B240A8A90D418AA918C4FFE10A419241528168E8FE820006F1
:20DD2000761F02CB1A0002001800FE1F1800FFE100060006FE022B4192415281671A8F000A
:20DD3000B240A8A90D418AA918C4FDFF8F00B240A8A90D418AA918C4FE1F8F00B240A8A919
:20DD40000D418AA918C4FFE10A419241528168E87649DC609A0A7649DDC19A007649DDCB48
:20DD50002B4192415281670B7649DC607649DC607649DC600A419241528168F77649DC60F3
:20DD60007649DD67FE8200067649DD6700067649DC607649DC609A087649DDC19A089B528D
:20DD70007649DDAE7649DC607649DC609A087649DDC19A089B307649DDAE7649DC607649E3
:20DD8000DC609A087649DDC19A089B0A7649DDAE7649DC607649DC609A087649DDC19A0820
:20DD90009B087649DDAE7649DC607649DC607649DC609A087649DDC19A089B027649DDAE0D
:20DDA0007649DC607649DC609A087649DDC19A089B067649DDAE7649DC600006FE02974207
:20DDB00096415200610D7649DC607649DC607649DC605603014296420B41924160F5FE8263
:20DDC0000006FE0296415603044193A99A047649DDAEFE820006FE0296415603034193A96E
:20DDD0009A057649DDAEFE820006761BFFF00005ABBDA8BDA0BDC2BDC3BDE20000BDE20392
:20DDE00000BDE20301BDE20302BDE20303BDE6300600FF69294256169A007649DB05761F51
:20DDF000003328210100E2AF03BEE2AF02BEE2AF01BEE2AF00BEE28000BEC5BEC4BE83BEEE
:20DE00008ABE87BE00033B30FFF176177602761BFFF00005ABBDA8BDA0BDC2BDC3BDE20082
:20DE100000BDE20300BDE20301BDE20302BDE20303BDE6300600FF69294256169A007649F3
:20DE2000DB4F761F003328210100E2AF03BEE2AF02BEE2AF01BEE2AF00BEE28000BEC5BEC1
:20DE3000C4BE83BE8ABE87BE00033B30FFF176177602761BFFF00005ABBDA8BDA0BDC2BDF1
:20DE4000C3BDE20000BDE20300BDE20301BDE20302BDE20303BDE6300600FF6929425616BA
:20DE50009A017649DB05761F003328210100E2AF03BEE2AF02BEE2AF01BEE2AF00BEE280C2
:20DE600000BEC5BEC4BE83BE8ABE87BE00033B30FFF176177602761BFFF00005ABBDA8BD5C
:20DE7000A0BDC2BDC3BDE20000BDE20300BDE20301BDE20302BDE20303BDE6300600FF6985
:20DE8000294256169A017649DB4F761F003328210100E2AF03BEE2AF02BEE2AF01BEE2AF91
:20DE900000BEE28000BEC5BEC4BE83BE8ABE87BE00033B30FFF176177602761BFFF00005D9
:20DEA000ABBDA8BDA0BDC2BDC3BDE20000BDE20300BDE20301BDE20302BDE20303BDE630F6
:20DEB0000600FF69294256169A027649DB05761F003356BF8021E2AF03BEE2AF02BEE2AF20
:20DEC00001BEE2AF00BEE28000BEC5BEC4BE83BE8ABE87BE00033B30FFF176177602761B4D
:20DED000FFF00005ABBDA8BDA0BDC2BDC3BDE20000BDE20300BDE20301BDE20302BDE203A8
:20DEE00003BDE6300600FF69294256169A027649DB4F761F003356BF8021E2AF03BEE2AF21
:20DEF00002BEE2AF01BEE2AF00BEE28000BEC5BEC4BE83BE8ABE87BE00033B30FFF17617D5
:20DF00007602D500A0BDA0BDA0BDA0BDA0BDA0BD804FF3A72902565E565E630256588AA944
:20DF1000A9A5A3520650630256581E4AA94C0FA46003A9A90FA5610F6613064A6113A0ABD4
:20DF2000A8A97649DFD20642A3444FA76C025658FE8C000628AB00012BAA02006FF75633B5
:20DF30006FF80200A8ABF61F5617004CA9A4A0ABF61F5617004CA8A96FE9D500A0BDA0BDA9
:20DF4000A0BDA0BDA0BDA0BD80A82902565E565E630256588AA9A9A5A352065063025658A0
:20DF50001E4AA94C0FA46003A9A90FA56112660E064A6112A0ABA8A97649DFD20646A3484B
:20DF60004FA76C025658FE8C0006A8A9A0AB6FF95633FE8C00060200A8ABF61F5617004CBF
:20DF7000A0ABF61F5617004CFF5A02006FEAD500A0BDA0BDA0BDA0BDA0BDA0BD8AA9A9A540
:20DF80000F506003A9A90F52610F68130650611306501E4A06521E4CA8A97649DFD20642CE
:20DF9000A344FE8C000628AB00012BAA02006FFA56336FF80200A8ABF61F56170052A9A480
:20DFA000A0ABF61F56170052A8A96FECD500A0BDA0BDA0BDA0BDA0BDA0BD8AA9A9A50F50B3
:20DFB0006003A9A90F526111680E0650611006501E4A06521E4CA8A97649DFD20646A34814
:20DFC000FE8C0006A8A96FFD56336FFB0200A8ABF61F56170052A0ABF61F56170052FF5A60
:20DFD00002006FEFD03F565E565E640E5635565221A55635565222A893A09FAC9FA597A0F9
:20DFE0002AA856A0D88156A08AA9A9A5064AFF531E4AFF5A0648FF531E480F4C6003A9A910
:20DFF0000F4E680A0648565D004E5654004C1E48A94A3B086F03064829080646FF531E466E
:20E000000644FF531E44A8A9A0AB0008FFDE0006761F02872B240006FE0297429641761FC3
:20E010000287962492429625FE820006FE0296412B42761F02C692005203600428420C80B6
:20E020006F205204600428420C806F1B520260087648F4C55202600428420C806F12761F20
:20E0300002C7921752036106761F02C792185203600428420C806F05761F02872B2C6F2C67
:20E04000761F028740326D1992245D418F00A1EC93427649CCE75200611F761F02871A32B7
:20E0500000019A1F764991529A01764967E59A019B017649E7706F10934292245D418F002A
:20E06000A1ED08A8012C7649CCD252006105761F02871832FFFEFE820006FE029641761FC9
:20E07000028740326D4E9224D5018F00A1EE28A81F407649CCD2520061109A1D7649915288
:20E080009A019B017649E7709A01764967CD761F02871A3200016F1B761F02875D418F0065
:20E09000A1EE28A8189C92247649CCD25200610F9A1D764991529A019B017649E7709A0147
:20E0A000764967CD761F02871A320001761F01FC45086D35761F02870A3092305441692F3A
:20E0B0002B309A1E764991529A019B017649E7709A01764967D9761F02871A3200016F1FBB
:20E0C000761F01FC45086C07761F02870A31543167029631761F02875D418F00A1EF28A835
:20E0D000183892247649CCE7520061099241761F0287543166041832FFFE2B31FE820006F3
:20E0E000761F028792240006761F028792250006761F0287CC3200010006761F0287CC322C
:20E0F00000010006FE0296413B10761F028796292910FF69FE820006FE067C439742964170
:20E100007649E1B28F0703AC0EC48F00FFFF0FA461139242600656030241944396446F06E6
:20E110005603024194439C02964476C703AC3E679645FFEF008D2B45FFEF008A761F01D0CF
:20E120009243CD01FF7F9001FF86CAA8960192456102963B924260121801FFBF761F01D110
:20E13000063090001E30063290001E32063690001E36063890001E386F741A0100406F7141
:20E14000761F01D29243CD01FF7F9001FF86CAA8960192456102963B924260121801FFBFEF
:20E15000761F01D3063090001E30063290001E32063690001E36063890001E386F521A01FA
:20E1600000406F4F761F01D49243CD01FF7F9001FF86CAA8960192456102963B92426012A6
:20E170001801FFBF761F01D5063090001E30063290001E32063690001E36063890001E38DD
:20E180006F301A0100406F2D761F01D69243CD01FF7F9001FF86CAA8960192456102963B32
:20E19000924260121801FFBF761F01D7063090001E30063290001E32063690001E3606385B
:20E1A00090001E386F0E1A0100406F0B9241FFE1FF7752016196520261B6520361D66F014D
:20E1B000FE860006FE0296416F2D8F0703B40EC48F00FFFF0FA4612F76C703B43E676F2B30
:20E1C0008F0703B20EC48F00FFFF0FA4612476C703B23E676F208F0703B00EC48F00FFFF8F
:20E1D0000FA4611976C703B03E676F158F0703AE0EC48F00FFFF0FA4610E76C703AE3E678E
:20E1E0006F0A520061D3520161DC520261E5520361EE6F01FE820006FE029742964152005A
:20E1F000600592427649E2C06F0C5201600592427649E2E06F065202600492427649E30743
:20E20000FE820006FE029641520060077649E2CB761F02812B0C6F10520160077649E2F261
:20E21000761F02812B0D6F08520260067649E319761F02812B0EFE820006FE0296415200B2
:20E2200060047649E2D06F0A520160047649E2F76F05520260037649E31EFE820006FE02D0
:20E230009641520060047649E2D56F0A520160047649E2FC6F05520260037649E323FE828E
:20E240000006FE029641520060047649E2DA6F0A520160047649E3016F05520260037649F3
:20E25000E328FE820006FE029641520060047649E2DB6F0A520160047649E3026F05520278
:20E2600060037649E329FE820006FE02974296415200600592427649E2DC6F0C52016005FF
:20E2700092427649E3036F065202600492427649E32AFE820006FE0296412B4252006005C7
:20E280007649E32E96426F0C520160057649E34996426F06520260047649E3649642924201
:20E29000FE820006FE0296412B42520060057649E33396426F0C520160057649E34E964245
:20E2A0006F06520260047649E36996429242FE820006FE0296412B42520060057649E33E19
:20E2B00096426F0C520160057649E35996426F06520260047649E37496429242FE820006FB
:20E2C000FE029641761F01C81A04000193093CA89709FE820006761F01C81804FFFE0006C7
:20E2D000761F01C81804FFFD0006761F01C81A040002000600060006FE029641FE820006C5
:20E2E000FE029641761F02C492336005761F01C81A140001761F01C8924193193CA89719C4
:20E2F000FE820006761F01C81814FFFE0006761F01C81814FFFD0006761F01C81A140002E1
:20E30000000600060006FE029641FE820006FE029641761F02C492336005761F01C81A2496
:20E310000001761F01C8924193293CA89729FE820006761F01C81824FFFE0006761F01C8DA
:20E320001824FFFD0006761F01C81A240002000600060006FE029641FE820006761F01C834
:20E33000CC0700FF0006761F01C8CC050040FFC5520160039A006F029A010006761F01C802
:20E34000CC040080FFC6520160039A006F029A010006761F01C8CC1700FF0006761F01C8A2
:20E35000CC150040FFC5520160039A006F029A010006761F01C8CC140080FFC6520160032D
:20E360009A006F029A010006761F01C8CC2700FF0006761F01C8CC250040FFC55201600392
:20E370009A006F029A010006761F01C8CC240080FFC6520160039A006F029A010006FE06E8
:20E38000A044A84206441E468A4609011E462BC48A46A8A909011E462BC48A46A8A909012B
:20E390001E462BC48A46A8A909011E462BC48A46A8A909011E462BC48A46A8A909011E468F
:20E3A0002BC48A46A8A909011E462BC48A46A8A909011E462BC48A46A8A909011E4628C4F7
:20E3B0000A0A8A46A8A909011E462BC48A46A8A909011E4628C4098D8A46A8A909011E461B
:20E3C0002BC4C54606A709011E46924296C783468AA50642DC01A84697C58A46A8A9090165
:20E3D0001E4628C40A0A8A46A8A909011E462BC48A46A8A909011E462BC48A46A8A90901A2
:20E3E0001E462BC48A46A8A909011E462BC48A46A8A909011E462BC48A46A8A909011E463F
:20E3F0002BC48A46A8A909011E462BC48A46A8A909011E462BC48A46A8A909011E462BC4A4
:20E400008A46A8A909011E462BC48A46A8A909011E462BC48A46A8A909011E462BC48A46B2
:20E41000A8A909011E462BC48A46A8A909011E462BC48A46A8A909011E462BC48A46A8A921
:20E4200009011E462BC48A46A8A909011E462BC48A46A8A909011E462BC48A46A8A9090158
:20E430001E462BC4020107461E468A46FE860006FE067D447C43974296415200601D3B012C
:20E44000761F02A985181EA628AC138832420200F61F561700A63F453B10761F0281923461
:20E45000FF69761F0281944593359C0100C9E9BC964529106F6D5201601F3B01761F02A942
:20E4600085181EA628AC138832420200F61F561700A63F45761F02819245933500C9E9BC85
:20E4700096453B109235FF6993359E4500C9E9BC964529106F4D520260273B01761F02A9F7
:20E4800085181EA628AC138832420200F61F561700A63F453B10761F028192459434761FF3
:20E4900002819C020EA9F60F1F389C012DA91238EA45761F0281FF699245933500C9E9BCBF
:20E4A000964529106F25520460213B10761F028192349C01761F0281FF69560301A99438C8
:20E4B000761F0281933500C9E952761F02812DA933389238FFA094AB9645761F02819335AC
:20E4C00000C9E9BC964529106F0392429645761F02C588142901FF20FFFF0FA6600A3B10F0
:20E4D00092459614924396159244961629106F1588170FA6600A3B109245961792439618DC
:20E4E0009244961929106F093B109245961A9243961B9244961C2910FE86FF69000676491C
:20E4F000247828A903E8764933DC7649E58928A901F49B008F08DBBA7649E5A3761F02DC72
:20E5000056BF0B0656BF280528A901F49B018F08DE637649E5A3761F02DC2B1056BF280F18
:20E5100028A901F49B028F0977767649E5A3761F02DC56BF011A56BF141928A901F48F0979
:20E520008A2E9B037649E5A3761F02DC56BF022456BF142328A901F49B048F08B2C3764914
:20E53000E5A3761F02DC2B2E56BF0C2D28A901F49B058F08F88E7649E5A3761F02DC56BFD7
:20E54000033856BF283728A901F49B068F0840107649E5A3761F02DD56BF050256BF64016D
:20E5500028A901F49B078F09E8137649E5A3761F02DD56BF070C56BFC80B7649E5900006AB
:20E560003B10761F02DC2B192B232B37761F02DD2B012B0B2910FF6900063B10761F02DCAE
:20E5700056BF011A56BF141956BF022456BF142356BF033856BF2837761F02DD56BF05023E
:20E5800056BF640156BF070C56BFC80B2910FF6900067649E66F7649E6867649E6970006C9
:20E590007649E623761F02C29627962828AC000A8F00B7003027560100A4A82A062A1E2C0D
:20E5A0007649E87B0006FE0A974A9649A842761F02C2062E1E4828AC000AC4488F00B7025C
:20E5B000304A560100A4C2C476C0B704304A560100A7924996C70E495601002E83488A423C
:20E5C0007649E37FA84628AC000A8F00B700304A560100A4A84406461EC48A442BEC8A44C6
:20E5D0002BF48A442BFC9A01761F02C22D4AFF669826FE8A00067649E623761F02C296271D
:20E5E00088270E280FA6610D9227962828AC000A8F00B7003027560100A4A82A7649E8AEFF
:20E5F0000006FE0496432B4428AC000A8F00B7023043560100A406C41E428A4292C4600E6D
:20E600000A449244520A600B30438F00B702560100A492429EC49CF66F152B440201074252
:20E610001E428F00B7028F40B7043043560100A43043560100A50EC507C40F4260DF9A0013
:20E620006F01FE840006761F02C29226900F61089226900F58A98F00A42C92946F2692269F
:20E6300090F0610ACC2600F0FFC358A98F00A42C92949C046F1ACC260F00610ACC260F001F
:20E64000FFC758A98F00A42C92949C086F0ECC26F000610ACC26F000FFCB58A98F00A42CF4
:20E6500092949C0C6F029A0700063B10FF697649E623761F02C29627761F02C2962828AC48
:20E66000000A761F02C28F00B7003027560100A4761F02C2A82A003F2910FF690006FE028E
:20E670002B411B410FA0630C3B018F00EF40A8A981418AA92BC40A411B410FA064F78F0035
:20E68000EF40761F02C2A82EFE820006761F02C22B26761F02C22B28761F02C22B27020093
:20E69000761F02C21E2A761F02C21E2C0006FE048F00B700A8422B439243520867168A4208
:20E6A00002001EC48A422BEC8A422BF48A422BFC020807428AA928C4FFFF020A07421E4290
:20E6B0000A439243520868ECFE840006FE069645A044A84206441EC48A4206441ED48A4245
:20E6C00006441EE48A422BF48A42924596FCFE860006FE0497449643A842834288F50EFC58
:20E6D0000FA6602B924452016016C5C4924396C783428A420EFD07E419010FC4600406E4CE
:20E6E0001EC56F040201560100C48A42834206C41ED56F115202600F06E40FC560080EFDE4
:20E6F00007E419011EA7924396C76F05C5C49243DF8196C79A016F14C5C4924396C78A42DA
:20E700000AF483428A420EFD07E419010FC4600406E41EC56F040201560100C49A00FE84A9
:20E710000006FE04A044A84292F460039A026F168342C5D58A4492C796C48A420BF4834299
:20E720008A420EFD07E419010FD4600406E41ED56F040201560100D49A00FE840006FE0216
:20E7300096413B10761F02C20208072C1EA7924196C78A2C92FC96429241FF5ECE42601B45
:20E74000761F02C29A012D28761F02C2FF66FF5EC0262910FF697649E6553B10761F02C230
:20E750008A2C92FC96429241C0FC29109241FF5ECE426F079241C0FC29109241FF5ECE4207
:20E76000FE82FF690006FE023B10761F02C28A2C92FC96412BFC29109241FF69FE820006CB
:20E77000FE04974496433B1028AC000A8F00B7003043560100A4A8429A012D44FF6698FC07
:20E78000020807428AA992C48A42FF5ECEFC61072D439A01761F02C2FF6698262910FE8400
:20E79000FF69000628ADED30FF69561F5616561AE61002002940761F00002902761B7649DF
:20E7A000E9DA52006142762228A91CD028A8000A0901611B76CA1CD029046F0F9B0024A9AD
:20E7B000DF016C04290424A8DF011EA6F7A1248606A781A109011EA724A96303FF5C3B04AF
:20E7C00059A9DF010009FFEC28A9FFFF28A8FFFF090161058F3FFFFF7649E92E761A764965
:20E7D000E9DC28A9FFFF28A8FFFF0901610E76FFFFFF6F06DF01C3BD1EA73E67C5BE24A94C
:20E7E000DF0124A8FF5860F77649E9A57649E907761F02C6920052016014761F02B50A3D7A
:20E7F000923D520468072B3D761F01FC1A0308006F1A52026018761F01FC1A0508006F13C6
:20E80000761F02B50A3D923D520A68072B3D761F01FC1A0308006F0752056005761F01FCE8
:20E810001A0508000006FE029A007649E72F964140416CFB761F02BA922E52076011761F1D
:20E8200001009204761F02BA722F761F01149204761F02BA7230761F02BA56BF082E7649C1
:20E83000E7E8761F02B50B3C62E056BF0A3C7649D6DB7649D82E6FD97640E6957640E6C3BC
:20E840007640E70D0006FE0A76229A0228A85A5A8F0500241EC4FF698F05F80002C876403A
:20E85000EA789649520061037640E7449A007640EC739649520061037640E7449A068F0874
:20E8600040007640ECBE96497640ED18520260FD5DADFF2002008F084000DD885DA576408E
:20E87000EB2C9649520061037640E744FE8A00067625FF690006761F02C2C42C06C696AD0C
:20E88000000787BEC5BEC4BE83BE8ABE82BE86BE000376017602761B76090005AABDA2BD4D
:20E89000A8BDA0BDC2BDC3BDABBD0004761F02C2C42C92AD1EC6761F02C2C52A06C796AD77
:20E8A000062A1E2C000787BEC5BEC4BE83BE8ABE82BE86BE000376017617760200070007F3
:20E8B0006FE6761BFFF0E20000BDE6300600FE0229425616F5410CE0924190FEFFC09642C7
:20E8C0001B410E0068030842008076256F00761BFFF0E20000BDE6300600294256167625E2
:20E8D0006F00761BFFF0E20000BDE63006002942561676256F0029022904565FFF5A0642EF
:20E8E000565F1E420200F61F5617004206AB56322902762029022904565FFF5A0642FF5640
:20E8F0001E420200F61F56170042563229027620FF5A0200F61F56170042A9A97620FF5A39
:20E900000200F61F56170042762077006F00B2BD761F02C559A99224610D28ABFFFF28AA21
:20E91000FFFF28A9FFFF28A8FFFF0FAB6103767FFFFF761F02A0C53E3E67761F02C50628D2
:20E9200061041EA792A13E67761F02C5062661031EA73E677649E9058BBE0006B2BDAABDAD
:20E93000A2BDFE0882A4D1005ACB6F155CAD2901560303A107A3DC8809025CA483A9020843
:20E940007649E974064261068A4483467649E9745ACBD90192A254A166EAFE8882BE86BEB7
:20E950008BBE00065CA871A997A63B0185A9FF565DA985A4FF565CA992A5F60F1FA44FA6C1
:20E960006C02FF5C762096A65CA83B0185A9FF565DA985A4FF565CA992A5F60F1FA44FA6BC
:20E970006C02FF5D92A876205200A8ABC5A4610788A9DE815C857C87000EFFFE88A90FA612
:20E98000610F5300610D9DFF5CA876BFFFFE92859687000EFFFE92859687000CFFF8A9A4B1
:20E990000006761D1EBD874856050044A9A4564700448746A9A95665004407AB8742566503
:20E9A000004807ABA8ABFE847620020028ABFFFF28AAFFFF19010FAB60049A00D4006F0535
:20E9B000A9A492C4A9A4DC027649E4EF000697A69B00F60F1FA6762097A69B00F60F1FA607
:20E9C00092A87620761F02B5A83E0006761F02A0A83E00060006561F7622B9C028290068C7
:1AE9D000761A0049E792FF58C4A4610419017D8660FE00069A01000600068F
:20E9E000761BFFF0E20000BDE630060029425616761F01401A1800021A1800011A15000891
:20E9F000761F003356BF0821E28000BEFFF176177602761BFFF0E20000BDE6300600294246
:20EA000056167622761F01411A1800021A1800011A150008761F003356BF0821761AE28085
:20EA100000BE3B30FFF176177602761BFFF0A8BDC2BDE20000BDE6300600FE0229425616D2
:20EA2000761F014006241E42761F02851E00BEC80302FF5A761F02840200F61F561700A613
:20EA300092AB0EA91E3E923E761F0280961A761F0284FF2013880F3E690E761F01401A381E
:20EA400000021A3800011A350008761F003356BF08216F1D923E761F0280961B761F0285C4
:20EA500006001E02761F02DC1A250008761F02C21A260008761F01401A3800021A380001A8
:20EA60001A350008761F003356BF0821FE82E28000BEC4BE8ABEFFF176177602761BFFF05A
:20EA70000005ABBDA8BDA0BDC2BDC3BDE20000BDE20300BDE20301BDE20302BDE20303BD2B
:20EA8000E6300600FE06FF692942561602001E441E468F04801006C41E428F04809C06C489
:20EA90001E462901FF2080000F4260058F0480040EC41E4402010F4260047649985B6F3F20
:20EAA00002020F4260047649922F6F3902040F426004764992396F3302070F426004764911
:20EAB00092436F2D44466C04764997EF6F2802080F426011761F02BA9206600A761F01FC4E
:20EAC00046096D047648B3526F037648B3847649924D6F1502090F426004764992576F0F44
:20EAD00042466C04764997B96F0A45466C04764998256F0549466C03764997838F04805879
:20EAE0001AC40001761F003328210100FE86E2AF03BEE2AF02BEE2AF01BEE2AF00BEE280FD
:20EAF00000BEC5BEC4BE83BE8ABE87BE00033B30FFF176177602761BFFF00005ABBDA8BDC0
:20EB0000A0BDC2BDC3BDE20000BDE20300BDE20301BDE20302BDE20303BDE6300600FF69E8
:20EB1000294256167622761F0116CC04FFFC500296041A1B0004761A7622CC04FFFC500295
:20EB200096041A1B0004761A761F0282920E52016147761F011C9204521E691940056D17BB
:20EB3000761F011DCC07FF3F50409607761F0121CC07FF3F50409607761F02B2923C761F33
:20EB4000011D962D761F0121962B6F26761F02B2923C761F011C9CE2540469149205900183
:20EB500052016010761F011D2B2B761F01212B2D761F011D1807FF3F761F01211807FF3FA6
:20EB60006F0B7622761F011E1A1B0004761F01221A1B0004761A761F028256BF010E761F43
:20EB7000011D56BF0509761F012156BF0509761F02B21A000400761F02B21A010400761F06
:20EB800002B22B11761F02B22B25761F02C72B17761F02C6920052066109761F02E256BF0D
:20EB90001A069A01FF69764967A9761F02B22B39761F003328210800E2AF03BEE2AF02BE0A
:20EBA000E2AF01BEE2AF00BEE28000BEC5BEC4BE83BE8ABE87BE00033B30FFF17617760260
:20EBB000761BFFF00005ABBDAABDA2BDA8BDA0BDC2BDC3BDE20000BDE20300BDE20301BDED
:20EBC000E20302BDE20303BDE6300600FE08FF6929425616761F01D4280D801C761F02A910
:20EBD00092007649AC93761F02A9931895A99747761F010192479623761F01059623761F7C
:20EBE00001099623761F010D96237640E498761F024492005201690B761F02BA9206520253
:20EBF0006006761F0281923496486F05761F0281923396485200FFE00099761F01400620EE
:20EC00001E46761F02851E08030ABDA90F16770077007700E801DD18E68B0009E80EB850FB
:20EC1000E70000407700E68E0000761F0280E2130021761F028506081E0A761F0280922189
:20EC20009622961D920E960F92139614761F02850608761F02840336BDA90F1677007700DE
:20EC30007700E801DD18E68B0009E80EB850E70000407700E68E0000761F0281E2130020B8
:20EC4000761F02850608761F0284033ABDA90F16770077007700E801DD18E68B0009E80EF4
:20EC5000B850E70000407700E68E0000761F0281E2130021761F0284923E761F0280961CA8
:20EC6000761F028506080300BDA90F16770077007700E801DD18E68B0009E80EB850E7003A
:20EC700000407700E68E0000761F0281E2130022761F02DC1A1B0004761F02C21A260004E1
:20EC8000761F02DC1A1B0002761F02C21A2600047648F4A952016009761F02DC1A11004038
:20EC9000761F02C21A260002761F027D2D2A1202562F04282D311202562F042F3B012D38CE
:20ECA0001204FF4A9E3E9636761F027E2D01761F027D1205761F027EFF4A9E07761F027DC8
:20ECB000963F8F0003E82D28A8421236FF12007D00C9E8DB761F02831E12761F027D2D2F9A
:20ECC000A842123FFF12007D00C9E8DB761F02831E18761F027D2D1B1203562F04192D222D
:20ECD0001203562F0420761F02C692006107761F027D92199E2096276F05761F027D92209B
:20ECE0009627761F027F2D1A3B01761F027D1207761F027FFF4A9E2096192D22761F027D62
:20ECF0001207761F027FFF4A9E289621761F027E2D0E761F027D1206761F027EFF4A9E1483
:20ED0000960C2D1B761F02801232761F027E562F041A2D38761F027D1208761F027E562FC9
:20ED10000437761F027F2D3A761F02801233761F027F562F04392D02761F027D1209761F04
:20ED2000027F562F0401761F027D2D14761F02801235761F027D562F04122D0D761F028015
:20ED30001234761F027D562F040C2D0C761F0245303D761F02C5070E761F027DFF4A960CE2
:20ED4000520063022B0C920C9B0A00C9E952960B761F02802D061236562F0403761F027FA9
:20ED50002D2A761F02801237761F027F562F0429761F027E3B012D25761F02801239761F8A
:20ED6000027EFF4AFF5C96242D2E761F0280123A761F027EFF4AFF5C962D761F027F2D0D2B
:20ED7000761F027D1208761F027F562F040B2D14761F0280123A761F027F562F0412761FC1
:20ED8000027E2D17761F0280123B761F027E562F0415761F02819B08923400C9E9635200B0
:20ED9000606E761F027F2D39761F02801203761F028556010012761F02800A27761F027F0A
:20EDA0002D39761F02801203761F028556010016761F02800A29761F027F2D011229761FDA
:20EDB00002855601001A761F02800A2B761F027E2D1A1224761F02855601001E761F0280C5
:20EDC0000A2D761F027E2D37122D761F028556010022761F02800A2F761F027F2D0B1212ED
:20EDD000761F028556010026761F02800A31761F02850628761F028356010022761F027E46
:20EDE0000A1E2D371237761F02835601003A761F027E0A3B761F027F2D391239761F028457
:20EDF00056010026761F027F0A3D2D011201761F028456010002761F027F0A053B01761F7E
:20EE0000027D8528761F028356010002761F027D0A2D852F761F028356010006761F027DC9
:20EE10000A348536761F02835601000A761F027D0A3B853F761F02835601000E761F027EBD
:20EE20000A04761F0283061256010014761F027E0A08761F028306185601001A761F027E42
:20EE30000A0A761F027D8519761F02825601003A761F027D0A1E8520761F02825601003EC3
:20EE4000761F027D0A25761F027F8519761F028456010012761F027F0A1D8521761F028439
:20EE500056010016761F027F0A25761F027E850C761F02835601001E761F027E0A11761FF6
:20EE6000027D8512761F028256010036761F027D0A17850C761F028256010032761F027D5A
:20EE70000A10761F027F853A761F02845601002A761F027F0A3F761F02808506761F0284DB
:20EE800056010032761F02800A09761F027E8538761F02835601003E761F027E0A3D852E2F
:20EE9000761F028356010036761F027E0A33851B761F028356010026761F027E0A20852549
:20EEA000761F02835601002E761F027E0A2A761F027F8502761F028456010006761F027F3F
:20EEB0000A07852A761F02845601001E761F027F0A2F761F02802D031203761F02845601D5
:20EEC000002E761F02800A07761F027F2D291229761F02845601001A761F027F0A2D761FC7
:20EED000027E2D241224761F02835601002A761F027E0A282D2D122D761F028356010032FD
:20EEE000761F027E0A31761F02808523761F02855601000C761F02800A24761F027F2D0BF1
:20EEF000120B761F02845601000A761F027F0A102D121212761F02845601000E761F027F40
:20EF00000A17761F02868500560100020A04850C5601000E0A1085185601001A0A1C8524DA
:20EF1000560100260A288530560100320A34761F02878500560100020A04850C5601000EB6
:20EF20000A1085185601001A0A1C7640E498761F02810A3392335435FFE401662B33761F71
:20EF300002E09203761F02E09604761F02DA9200761F02DA9608761F028406261E28761F05
:20EF4000027F923D963E761F028402001E26761F027F2B3D761F028406021E04761F027F53
:20EF500092059606761F028402001E02761F027F2B05761F0284062E1E30761F028092079E
:20EF60009608761F028402001E2E761F02802B07761F0284061A1E1C761F027F922D962E33
:20EF7000761F028402001E1A761F027F2B2D761F0283062A1E2C761F027E92289629761F07
:20EF8000028302001E2A761F027E2B28761F028306321E34761F027E92319632761F0283DC
:20EF900002001E32761F027E2B31761F028306021E04761F027D922D962E761F02830200A7
:20EFA0001E02761F027D2B2D761F028306061E08761F027D92349635761F028302001E0694
:20EFB000761F027D2B34761F0283060A1E0C761F027D923B963C761F028302001E0A761FEE
:20EFC000027D2B3B761F0283060E1E10761F027E92049605761F028302001E0E761F027E4D
:20EFD0002B04761F028306141E16761F027E92089609761F028302001E14761F027E2B08A6
:20EFE000761F0283061A1E1C761F027E920A960B761F028302001E1A761F027E2B0A761F18
:20EFF0000283061E1E20761F027E92119612761F028302001E1E761F027E2B11761F0282F8
:20F00000063A1E3C761F027D921E961F761F028202001E3A761F027D2B1E761F0282063EB0
:20F01000761F02831E00761F027D92259626761F028202001E3E761F027D2B25761F02842B
:20F0200006121E14761F027F921D961E761F028402001E12761F027F2B1D761F028406162B
:20F030001E18761F027F92259626761F028402001E16761F027F2B25761F0284060A1E0CF5
:20F04000761F027F92109611761F028402001E0A761F027F2B10761F0284060E1E10761FC9
:20F05000027F92179618761F028402001E0E761F027F2B17761F02801B1508FC6918761FC6
:20F060000283063A1E3C761F027E923B963C761F028302001E3A761F027E2B3B761F02DC5B
:20F070001A250004761F02C21A260008761F02801B1008FC6918761F028306221E24761FBC
:20F08000027E921E961F761F028302001E22761F027E2B1E761F02DC1A250002761F02C2C4
:20F090001A260008761F0244920052036007761F02819236943396346F1652046007761FA7
:20F0A00002819237943396346F0E52066008761F0281923894339CFE96346F05761F02819D
:20F0B0009233963492355434620274343B012D348535761F02A91E42300000C9E8DB761F0E
:20F0C0000280963F761F02A99200761F0280543F6602743F923F963E7640E498761F01D401
:20F0D000CC002000FFCC520161FA761F002C9200761F027D9623761F002C9201761F027D33
:20F0E000961C761F002C9202761F028008A9F8009618761F002C9203761F027F9E37761FC5
:20F0F000028008A9F8009604761F002C9205761F027D960E761F002C9205761F027D961514
:20F10000761F002C9220761F027F08A9F800961B761F02529234521C600A761F002C922111
:20F11000761F027F08A9F80096236F04761F027F2B23761F002C9222761F028008A9F8005B
:20F120009616761F002D9202761F027E9E2308A9F800961C961D761F002D9203761F02807B
:20F130009E02761F027F08A9F800963B963C761F002D9204761F027F9E38761F027E08A9B3
:20F14000F80096269627761F002D9220761F027D962B761F002D9221761F027D9632761F0F
:20F15000002D9222761F027D08A9F8009639761F002D9223761F027E08A9F8009602761FD0
:20F16000002D9224761F027E08A9F800960F761F002D922E761F027E9618761F0282920752
:20F170006214761F002D920F761F0287960C761F028256BF0107761F01FC1A1500041A15BC
:20F1800000021A1300016F3F52026014761F002D920F761F02869600761F028256BF03077B
:20F19000761F01FC1A1500041A1300021A1300016F2A52046014761F002D920F761F02865A
:20F1A0009624761F028256BF0507761F01FC1A1300041A1500021A1300016F1552066013EA
:20F1B000761F002D920F761F0286960C761F028256BF0707761F01FC1A1300041A130002EF
:20F1C0001A130001761F027D922C942BFFA0962A923A9439FFA0963892339432FFA096311A
:20F1D000761F027E92039402FFA09601761F027D921D941CFFA0961B92249423FFA0962222
:20F1E000761F027E9210940FFFA0960E92199418FFA09617761F027D920F940EFFA0960D36
:20F1F00092169415FFA09614761F027F921C941BFFA0961A92249423FFA09622923C943B42
:20F20000FFA0963A761F028092059404FFA09606761F027F92049403FFA09602761F027E6F
:20F21000921D941CFFA0961B92279426FFA09625923A9439FFA096389230942FFFA0962E74
:20F22000761F027D2D2A761F02453025761F027D562F042A2D38761F0245302D761F027DB9
:20F23000562F04382D31761F02453027761F027D562F0431761F027E2D01761F0245302F20
:20F24000761F027E562F0401761F027D2D1B761F02453035761F027D562F041B2D22761FD6
:20F2500002453035761F027D562F0422761F027E2D0E761F02453039761F027E562F040EF2
:20F26000761F027F2D3A761F02463003761F027F562F043A761F02802D06761F02463004CD
:20F27000761F0280562F0406761F027E2D1B761F02463007761F027E562F041B2D25761FC7
:20F2800002463008761F027E562F0425761F027F2D02761F02463005761F027F562F040233
:20F29000761F027E2D38761F02463009761F027E562F04382D2E761F0246300A761F027E71
:20F2A000562F042E761F027D2D14761F0245303B761F027D562F0414761F02E2921F5201CD
:20F2B000600B761F02809206761F027E9E2E761F027F962A6F0A761F02809206761F027E30
:20F2C0009E25761F027F962A761F027E9238761F027F960D761F027E922E761F027F961468
:20F2D0002D1A761F02463001761F027F562F041A2D22761F02463001761F027F562F0422F2
:20F2E0007640E498761F027FE801CA889A00E2C801398F009740E80CE1F8E70000407640FD
:20F2F000DEAE761F0280E801CD589A00E2C801038F0097C0E808FA98E70000407640DEAE34
:20F300008F0097C08F409740A8428F0094C67640E139761F0253E2AF0010E84FC0007700C5
:20F31000E88FC0007700E68C0000761F0282E2130004761F0253E2AF0014E84FC0007700AE
:20F32000E88FC0007700E68C0000761F0282E2130005761F02C692005203FFE000F3761FEF
:20F330000282920060407649C800761F027D2DA93550540B69383B01761F027F8539FF56AC
:20F3400052FA6531761F02810A3F923F5214652E2B3F761F028256BF01009A007648F57B3F
:20F35000761F02DC1A110200761F02C21A260002761F0281923E520363030A3E6F17761F5C
:20F3600002871A3200019A1F764991529A01764967E5761F02DC1A110002761F02C21A267D
:20F3700000026F04761F02812B3F761F0281922E520368409212603A92176038761F02801B
:20F38000923F761F0281961856BF02192B1A761F01FCCC090002FFC052016009761F0244A2
:20F3900092006105761F01FC1A0D0002761F028156BF641256BF0117761F02DA56BF013F14
:20F3A000761F02DB9200520668112B00761F02E256BF25069A017649682D761F02DC1A1107
:20F3B0000002761F02C21A260002761F02812B166F0A921260080A1692165214690456BF12
:20F3C0001E162B1792196538921A5232602D761F0280923F761F0281541861049C015418D8
:20F3D000602356BF641256BF01170B192B1A08180005761F02A99200761F02815418680E88
:20F3E000761F02A99201761F02815418670D9218761F02A99CFB54016707761F02812B12A9
:20F3F0002B172B192B18761F02810A1A921A5232650356BF321A9212612256BF01150B1290
:20F40000761F02821A030001761F0280923F6113761F02A90E01761F0280883F0FA6610B0B
:20F41000761F02A99201761F0280883F9C010EA90FA6600B761F02812B126F072B156F0538
:20F42000761F02812B122B19761F01FC41096D0C761F02810A329232523269062B32761FE1
:20F4300001FC1A0B0002761F02C692005203610A5202FFE0011A761F02C692025207FFE072
:20F440000114761F02AA3B012D03761F02808504761F02AA3302FF5693AB55A96351761FFA
:20F4500002821A030002761F02AA930692A8761F02AAFFCE94A8FFA05402FFE100B7761F7A
:20F4600002810A2B922B5227FFE800B07622761F01021A1B0004761F01061A1B0004761F34
:20F47000010A1A1B0004761F010E1A1B0004761F010156BF0509761F010556BF0509761F4E
:20F48000010956BF0509761F010D56BF0509761A761F028256BF0106761F02812B2B761FB1
:20F4900002C60A34761F02E256BF2406761F02DC1A110002761F02C21A2600026F76761FE9
:20F4A0000244920D761F026F9C46540D67287622761F01021A1B0004761F01061A1B000451
:20F4B000761F010A1A1B0004761F010E1A1B0004761F010156BF0509761F010556BF05090E
:20F4C000761F010956BF0509761F010D56BF0509761A761F028256BF01066F47761F028210
:20F4D000920652016027761F010156BF0509761F010556BF0509761F010956BF0509761FDB
:20F4E000010D56BF05097622761F01021A170004761F01061A170004761F010A1A170004D0
:20F4F000761F010E1A170004761A761F02822B066F17761F0281921560137622761F010261
:20F500001A170004761F01061A170004761F010A1A170004761F010E1A170004761A761F12
:20F510000281922B61020B2B761F02808516761F0282FF5654176209761F02808518761FC3
:20F520000282FF5654176512761F02C60A3792375202FFE8028D56BF0237761F02821A035B
:20F53000000456BF0101FFEF0283761F02C692375202FFE8027D761F02808516761F028282
:20F54000FF565418FFE30274761F02808518761F0282FF565418FFE3026B2B01761F02C62C
:20F550002B37FFEF0265761F02C692005204FFE002467649C800761F02442DA93105920D6B
:20F56000761F027D9EAB540B670C761F02810A0B761F021F9218520565099A0574186F066A
:20F57000761F0281920B61020B0B3B01761F02808504761F02AAFF565404654A761F0282BB
:20F580001A03000877007622761F01021A1B0004761F01061A1B0004761F010A1A1B0004B8
:20F59000761F010E1A1B0004761F010156BF0509761F010556BF0509761F010956BF050944
:20F5A000761F010D56BF0509761A761F028256BF0106761F028156BF0129761F02BD922C57
:20F5B000761F0281542CFFE601AD2B2C761F02C60A34761F02E256BF2406761F02DC1A11C8
:20F5C0000002761F02C21A260002FFEF019B761F02808504761F02AAFF5654056247761F37
:20F5D000027D1B12196462421B1218386506761F02C692025202613A761F0244920D761F77
:20F5E000026F540D6833761F0281920B5214662E7649C7E152016006761F02C6920252028A
:20F5F0006125761F02E2CC000008FFC25201600A761F02E2921F6006761F02C692025209CE
:20F600006115761F02E2CC010008FFC25201FFE00121761F02E2921F5201FFE0011B761F04
:20F6100002C692025209FFE00115761F02821A03001077007622761F01021A1B0004761F73
:20F6200001061A1B0004761F010A1A1B0004761F010E1A1B0004761F010156BF0509761F85
:20F63000010556BF0509761F010956BF0509761F010D56BF0509761A761F028256BF010644
:20F64000761F02C6920161027700761F02C69202FFE100CF761F0101280005552BAC3B0114
:20F6500028020555761F0100E591180CFFFC761F01052800055585AC28020555761F01047F
:20F66000180CFFFC3100FF69761F0101282BFFFFD300D200D000D500282DFFFFE68C0008D3
:20F67000761F0105282BFFFF282DFFFF1809FFFC1809FFF3761F01011809FFFC1809FFF346
:20F68000761F01092800055528020555761F02AB1E2A761F0108180CFFFC761F010D2800B3
:20F69000055528020555761F010C180CFFFC761F0109282BFFFF282DFFFF761F010D282B82
:20F6A000FFFF282DFFFF1809FFFC1809FFF3761F01091809FFFC761F02A92B09761F02A95B
:20F6B0002B0A761F02A92B0B761F02AB1E1C761F02AB1E1E761F02AB1E20761F0109180955
:20F6C000FFF3761F02A92B0D761F02A93F0E761F02A93F0F761F01052B09761F02C62B024C
:20F6D000761F02A956BF010C761F02A92B39761F02AA56BF0236761F02AA56BF0237761F62
:20F6E00002AA2B0A761F021F2B19761F021F2B18761F021F2B1A761F02C42B26761F02AB4D
:20F6F000E203012C761F02ABA218761F02ABAA1A761F02ACA906761F02AB3A2E761F02AB08
:20F70000A022761F02A9E2130010761F02ACA908761F02AB1E28761F02AB1E26761F010D3D
:20F710002B09761F01012B09761F01092B09761F02812B28761F02C62B20761F02C61B324A
:20F7200001C26903283201C2761F02812B0B6F39761F0282920652016014761F010156BF63
:20F730000509761F010556BF0509761F010956BF0509761F010D56BF0509761F02822B061B
:20F7400077007622761F01021A170004761F01061A170004761F010A1A170004761F010E83
:20F750001A170004761A761F02819228600756BF0128761F02A956BF013E761F02812B1571
:20F760003B01761F02808516761F0282FF5654176209761F02808518761F0282FF565417CA
:20F770006513761F02C60A3792376141761F02821A030020761F02C656BF0237761F0282DE
:20F7800056BF01016F34761F02C692375202682F761F02808516761F0282FF565418632788
:20F79000761F02808518761F0282FF565418631F2B01761F02C62B376F1A77007622761F31
:20F7A00001021A170004761F01061A170004761F010A1A170004761F010E1A170004761A02
:20F7B000761F02812B15761F02822B06761F02C6920252086165761F02E6921D52026103A2
:20F7C00052006024761F01FC4E096D10761F02E6921E5201601B761F02801B3F010F6016FB
:20F7D000761F01FC1A0B40006F11761F02E6921E600D761F02801B3F01026104923F5244C8
:20F7E0006005761F01FC1A0D4000761F02C792165201600E761F02801B3F01636104923FD9
:20F7F00052A3602E761F01FC1A1200026F29761F02C692005204610B52036019761F0244C4
:20F8000092006115761F01FC40106C11761F0280923F52C0610352016013761F01FC1A129F
:20F810000002761F02C756BF01166F0A761F0280923F52016005761F01FC1A140002FF6909
:20F820007640E498761F02C692025207610376495473761F027D2D133B0131032D0B300036
:20F83000FF4781ABFF419613761F02C6920252076024761F027F2D3BFF6E761F0281330752
:20F84000761F02A916AC9602761F027F2D2A761F02813308761F02A916AC9603761F02809C
:20F850002D06761F02813309761F02A916AC9604FF697640DAE46F4C520261035209602447
:20F86000761F02802D06761F0281120A761F02A9FF469611761F027EFF6E2D1C761F0281FB
:20F870003307761F02AA16AC9621761F027E2D38761F02813307761F02AA16AC9622FF6995
:20F88000764958106F2552086023761F027F2D3BFF6E761F02813307761F02A916AC9602F9
:20F89000761F027F2D2A761F02813308761F02A916AC9603761F02802D06761F028133095F
:20F8A000761F02A916AC9604FF697649547C7640E498761F01FC4F096C08CC098000761F3B
:20F8B0000282FFCE5413600C761F01FC4E096C0ACC094000761F0282FFCD5414610356BFDA
:20F8C0000115761F02829215520160070A161B16060265032B162B15761F01FCCC0980006F
:20F8D000761F0282FFCE9613761F01FCCC094000761F0282FFCD9614761F0280923F7640B5
:20F8E000E1EB761F027E921A7640E3FA76491F5352006013761F0282921560208F400EF2E3
:20F8F000761F02858F01252FA042062AA844D578D41E7640E3566F12761F02829215600E1D
:20F900008F40338F761F02858F01252FA042062AA844D578D41E7640E3567640E498761F63
:20F9100001021A2A0001761F003356BF0421FE88E2AF03BEE2AF02BEE2AF01BEE2AF00BEC5
:20F92000E28000BEC5BEC4BE83BE8ABE82BE86BE87BE00033B30FFF176177602761BFFF06D
:20F930000005ABBDAABDA2BDA8BDA0BDC2BDC3BDE20000BDE20300BDE20301BDE20302BD3B
:20F94000E20303BDE6300600FE06FF69294256162B45761F01D4280D801C761F02BA92060F
:20F9500052026017761F024492006113761F028192336006761F01FC1A0D00086F0E9238A0
:20F960009C055433600A761F01FC1A0B00086F05761F01FC1A0B00087640E4987640E57BBB
:20F97000761F027EE801CA889A01E2C8011A8F009540E80CE1F8E70000407640DEAE761F98
:20F9800002812B13761F025592385201FFE0015C761F02802B10761F01400620761F0284F8
:20F990001E360338BDA90F16770077007700E801DD18E68B0009E80EB850E70000407700E4
:20F9A000E68E0000761F0280E213000D920D960E761F028406361E38761F02812B012B0259
:20F9B0002B0356BF011328A937CD761F0280540DFFE3013228A96F9B540DFFE5012D9A0096
:20F9C0006104761F02812B26761F02819234963B761F0280920D960C761F028306221E24CE
:20F9D000761F027E921E961F761F028302001E22761F027E2B1E761F02DC1A250002761F9A
:20F9E00002C21A2600087648F4C55205FFE000D6761F0101280005552BAC3B0128020555C8
:20F9F000761F0100E591180CFFFC761F01052800055585AC28020555761F0104180CFFFC41
:20FA00003100761F0101282BFFFFD300D200D000D500282DFFFFE68C0008761F0105282BC8
:20FA1000FFFF282DFFFF1809FFFC1809FFF3761F01011809FFFC1809FFF3761F01092800C9
:20FA2000055528020555761F02AB1E2A761F0108180CFFFC761F010D2800055528020555F8
:20FA3000761F010C180CFFFC761F0109282BFFFF282DFFFF761F010D282BFFFF282DFFFF6B
:20FA40001809FFFC1809FFF3761F01091809FFFC761F02A92B09761F02A92B0A761F02A993
:20FA50002B0B761F02AB1E1C761F02AB1E1E761F02AB1E20761F01091809FFF3761F02A9F4
:20FA60002B0D761F02A93F0E761F02A93F0F761F01052B09761F02C62B02761F02A956BF85
:20FA7000010C761F02A92B39761F02AA56BF0236761F02AA56BF0237761F02AA2B0A761F9D
:20FA8000021F2B19761F021F2B18761F021F2B1A761F02C42B26761F02ABE203012C761F78
:20FA900002ABA218761F02ABAA1A761F02ACA906761F02AB3A2E761F02ABA022761F02A909
:20FAA000E2130010761F02ACA908761F02AB1E28761F02AB1E26761F010D2B09761F0101D1
:20FAB0002B09761F01092B09761F02DC1A110010761F02C21A260002761F02C692005204A1
:20FAC000601D761F028192285201600C761F02C6922052016007761F02C6920152016102A9
:20FAD0007700761F02819229520160040A2C2B296F12922C61100B2C6F0E761F02812B2CB8
:20FAE0002B296F09761F02800A101B100900690328100900761F02459217FFE10154920CD0
:20FAF000FFE00151761F027EE801CA88E2C801378F0096409A01FF69E80CE1F8E700004037
:20FB00007640DEAE761F025992385201FFE00133761F02802B15761F01400620761F028415
:20FB10001E3A033CBDA90F16770077007700E801DD18E68B0009E80EB850E700004077005A
:20FB2000E68E0000761F0280E213001292129613761F02812B042B052B0628A937CD761FD4
:20FB300002805412650628A96F9B5412FFE4010B761F02819234963C761F02809212961120
:20FB4000761F0284063A1E3C761F0283063A1E3C761F027E923B963C761F028302001E3A14
:20FB5000761F027E2B3B761F028156BF0114761F02DC1A250004761F02C21A2600087648C3
:20FB6000F4C55206FFE000DF761F0101280005552BAC3B0128020555761F0100E591180CD6
:20FB7000FFFC761F01052800055585AC28020555761F0104180CFFFC3100761F0101282BD4
:20FB8000FFFFD300D200D000D500282DFFFFE68C0008761F0105282BFFFF282DFFFF1809F0
:20FB9000FFFC1809FFF3761F01011809FFFC1809FFF3761F01092800055528020555761F47
:20FBA00002AB1E2A761F0108180CFFFC761F010D2800055528020555761F010C180CFFFC29
:20FBB000761F0109282BFFFF282DFFFF761F010D282BFFFF282DFFFF1809FFFC1809FFF37C
:20FBC000761F01091809FFFC761F02A92B09761F02A92B0A761F02A92B0B761F02AB1E1C8F
:20FBD000761F02AB1E1E761F02AB1E20761F01091809FFF3761F02A92B0D761F02A93F0E60
:20FBE000761F02A93F0F761F01052B09761F02C62B02761F02A956BF010C761F02A92B3918
:20FBF000761F02AA56BF0236761F02AA56BF0237761F02AA2B0A761F021F2B19761F021FB2
:20FC00002B18761F021F2B1A761F02C42B26761F02ABE203012C761F02ABA218761F02AB68
:20FC1000AA1A761F02ACA906761F02AB3A2E761F02ABA022761F02A9E2130010761F02ACE8
:20FC2000A908761F02AB1E28761F02AB1E26761F010D2B09761F01012B09761F01092B0990
:20FC3000761F02DC1A114000761F02C21A2600026F09761F02800A151B15090069032815AB
:20FC40000900761F027EE801CD58E2C801248F0095C09A00FF69E808FA98E7000040764064
:20FC5000DEAE8F0095C08F409540A8428F0094DA7640E139761F027EE801CD589A00E2C862
:20FC6000012D8F0096C0E808FA98E70000407640DEAE8F0096C08F409640A8428F009500EE
:20FC70007640E139761F02E2921F52016024761F0254E2AF0002761F0253E2AF0108E710AA
:20FC800000407700E84FC000761F0285E2030038761F0254E2AF0006761F0253E2AF010C73
:20FC9000E71000407700E84FC000761F0285E203003A6F23761F0253E2AF001C761F025361
:20FCA000E2AF0108E71000407700E84FC000761F0285E2030038761F0253E2AF0020761F9C
:20FCB0000253E2AF010CE71000407700E84FC000761F0285E203003A761F01D4CC0020000B
:20FCC000FFCC520161FA761F002C9200761F027D9624761F002C9201761F027D961D761FDA
:20FCD000002C9202761F028008A9F8009619761F002C9203761F027F9E37761F028008A9DC
:20FCE000F8009605761F002C9205761F027D960F761F002C9205761F027D9616761F002C87
:20FCF0009220761F027F08A9F800961C761F02529234521C600A761F002C9221761F027FC0
:20FD000008A9F80096246F04761F027F2B24761F002C9222761F028008A9F8009617761F31
:20FD1000002D9202761F027F9E00761F027E08A9F8009639963A761F002D9202761F027F95
:20FD20009E0008A9F800960E960F761F002D9203761F027F9E0A08A9F80096039604761FAD
:20FD3000002D9204761F027E9E3608A9F800962F9630761F002D9204761F027E9E36761FFD
:20FD4000027F08A9F80096159616761F002D9220761F027D962C761F002D9221761F027D4F
:20FD50009633761F002D9221761F027D9632761F002D9222761F027D08A9F800963A761FE1
:20FD6000002D9223761F027E08A9F8009603761F002D9224761F027E08A9F8009610761FD9
:20FD7000002D922E761F027E9619761F0282920752016014761F002D920F761F028696181B
:20FD8000761F028256BF0207761F01FC1A1500041A1300021A1500016F3E52036014761FFD
:20FD9000002D920F761F02879618761F028256BF0407761F01FC1A1300041A1500021A155D
:20FDA00000016F2952056014761F002D920F761F02879600761F028256BF0607761F01FCFB
:20FDB0001A1300041A1300021A1500016F1452076412761F002D920F761F02869630761F76
:20FDC00002822B07761F01FC1A1500041A1500021A150001761F02C692005203610A520244
:20FDD000FFE000F4761F02C692025207FFE000EE761F02AA3B012D03761F02808505761F46
:20FDE00002AA3302FF5693AB55A96355761F02821A030040761F02AA930692A8761F02AA0E
:20FDF000FFCE94A8FFA05402FFE1008C761F02810A2B922B5227FFE800857622761F01026A
:20FE00001A1B0004761F01061A1B0004761F010A1A1B0004761F010E1A1B0004761F010187
:20FE100056BF0509761F010556BF0509761F010956BF0509761F010D56BF0509761A761F44
:20FE2000028256BF0106761F02812B2B761F02C60A34761F02E256BF24069A01FF6976499F
:20FE30006821761F02DC1A110002761F02C21A2600026F47761F0282920652016027761F18
:20FE4000010156BF0509761F010556BF0509761F010956BF0509761F010D56BF050976229F
:20FE5000761F01021A170004761F01061A170004761F010A1A170004761F010E1A17000446
:20FE6000761A761F02822B066F17761F0281921560137622761F01021A170004761F0106EF
:20FE70001A170004761F010A1A170004761F010E1A170004761A761F0281922B61020B2B91
:20FE80003B01761F02808517761F0282FF5654176209761F02808519761F0282FF565417A1
:20FE90006516761F02C60A3892385202FFE80269761F02821A030080761F02C656BF023866
:20FEA000761F028256BF0102FFEF025B761F02C692385202FFE80255761F02808517761FC5
:20FEB0000282FF565418FFE3024C761F02808519761F0282FF565418FFE302432B02761F45
:20FEC00002C62B38FFEF023D761F02C692005204FFE002213B01761F02808505761F02AA65
:20FED000FF565404654C761F02821A030100761F028156BF0129761F02BD922C761F0281FC
:20FEE000542CFFE601CB77007622761F01021A1B0004761F01061A1B0004761F010A1A1B47
:20FEF0000004761F010E1A1B0004761F010156BF0509761F010556BF0509761F010956BFE5
:20FF00000509761F010D56BF0509761A761F028256BF0106761F02812B2C761F02C60A343E
:20FF1000761F02E256BF2406761F02DC1A110002761F02C21A260002FFEF0190761F028048
:20FF20008505761F02AAFF5654056242761F027D1B121964623D1B1218386506761F02C602
:20FF3000920252026135761F0244920D761F026F540D682E7649C7E152016006761F02C63F
:20FF4000920252026125761F02E2CC000008FFC25201600A761F02E2921F6006761F02C67B
:20FF5000920252096115761F02E2CC010008FFC25201FFE0011E761F02E2921F5201FFE070
:20FF60000118761F02C692025209FFE00112761F02821A03020077007622761F01021A1B16
:20FF70000004761F01061A1B0004761F010A1A1B0004761F010E1A1B0004761F010156BF36
:20FF80000509761F010556BF0509761F010956BF0509761F010D56BF0509761A761F028264
:20FF900056BF0106761F02C6920161027700761F02C69202FFE100CF761F010128000555B2
:20FFA0002BAC3B0128020555761F0100E591180CFFFC761F01052800055585AC28020555AD
:20FFB000761F0104180CFFFC3100FF69761F0101282BFFFFD300D200D000D500282DFFFF5A
:20FFC000E68C0008761F0105282BFFFF282DFFFF1809FFFC1809FFF3761F01011809FFFC86
:20FFD0001809FFF3761F01092800055528020555761F02AB1E2A761F0108180CFFFC761F7D
:20FFE000010D2800055528020555761F010C180CFFFC761F0109282BFFFF282DFFFF761F54
:20FFF000010D282BFFFF282DFFFF1809FFFC1809FFF3761F01091809FFFC761F02A92B09E1
:02000004000AF0
:20000000761F02A92B0A761F02A92B0B761F02AB1E1C761F02AB1E1E761F02AB1E20761FE6
:2000100001091809FFF3761F02A92B0D761F02A93F0E761F02A93F0F761F01052B09761FBC
:2000200002C62B02761F02A956BF010C761F02A92B39761F02AA56BF0236761F02AA56BFE1
:200030000237761F02AA2B0A761F021F2B19761F021F2B18761F021F2B1A761F02C42B2667
:20004000761F02ABE203012C761F02ABA218761F02ABAA1A761F02ACA906761F02AB3A2EAE
:20005000761F02ABA022761F02A9E2130010761F02ACA908761F02AB1E28761F02AB1E2645
:20006000761F010D2B09761F01012B09761F01092B09761F02812B28761F02C62B20761F63
:2000700002C61B3201C26939283201C26F36761F0282920652016014761F010156BF050902
:20008000761F010556BF0509761F010956BF0509761F010D56BF0509761F02822B06770059
:200090007622761F01021A170004761F01061A170004761F010A1A170004761F010E1A1770
:2000A0000004761A761F02819228600756BF0128761F02A956BF013E3B01761F02808517B2
:2000B000761F0282FF5654176209761F02808519761F0282FF5654176513761F02C60A3847
:2000C0009238613E761F02821A030400761F02C656BF0238761F028256BF01026F31761F6B
:2000D00002C692385202682C761F02808517761F0282FF5654186324761F02808519761F38
:2000E0000282FF565418631C2B02761F02C62B386F1777007622761F01021A170004761F58
:2000F00001061A170004761F010A1A170004761F010E1A170004761A761F02822B06761F97
:2001000002C6920052046104761F02812B2AFF697640E498761F02C69200520361085202C2
:200110006060761F02C692025207605B3B01761F027F8539FF561BA90F78641C761F0282C1
:200120000A1E921E5232682B2B1E761F02E256BF23069A0176496815761F02DC1A11000259
:20013000761F02C21A260002761F02DB1A0B00026F16761F02822B1E7622761F01021A1733
:200140000004761F01061A170004761F010A1A170004761F010E1A170004761A3B01761FBB
:20015000027F8539761F02C4FF5654236416761F02E01B032AF86818761F02820A1F921F85
:20016000520568122B1F761F02E0280428A7761F02E0280328A76F08761F02822B1F6F0434
:20017000761F02822B1E761F02C6920052046104761F02C62B20761F02C692025202610510
:20018000761F02A956BF013E761F02459200FFE000A5761F02810A01761F02A99212761F3D
:2001900002815401673192023B019E0385A9FF561BA90190631E761F027F8529FF56523278
:2001A0006318761F02C692005204610352056011761F02829215600D761F02E11A2A040066
:2001B000761F02DC1A110008761F02C21A260002761F02812B01761F027E921A761F0281D1
:2001C000960396026F169202761F027E541A6306921A761F028196026F0C761F0281920365
:2001D000761F027E541A6505921A761F02819603761F02810A04761F02A99212761F0281A3
:2001E0005404673292053B019E0685A9FF561BA90190631E761F027F8529FF565232631826
:2001F000761F02C692005204610352056011761F02829215600D761F02DC1A110020761FFE
:2002000002C21A260002761F02E61A240004761F02812B04761F027E9237761F0281960640
:200210009605FFEF00D39205761F027E543763079237761F02819605FFEF00C8761F028187
:200220009206761F027E5437FFE500C09237761F02819606FFEF00BA761F028192015214AC
:20023000694F761F0280923E6119761F02A90E12761F0280883E0FA66111761F02A90E01E2
:20024000761F0280883E0FA66109761F02A90E13761F0280883E0FA66033761F02813B01C8
:2002500092029E0385A9FF561BA90190631E761F027F8529FF5652326318761F02C69200F9
:200260005204610352056011761F02829215600D761F02E11A2A8000761F02DC1A110008ED
:20027000761F02C21A260002761F02812B01761F027E921A761F0281960396026F19761F68
:2002800002810A019202761F027E541A6306921A761F028196026F0C761F02819203761F37
:20029000027E541A6505921A761F02819603761F02A99212761F02815404673192053B01DA
:2002A0009E0685A9FF561BA90190631E761F027F8529FF5652326318761F02C692005204E4
:2002B000610352056011761F02829215600D761F02DC1A110020761F02C21A260002761FE7
:2002C00002E61A240008761F02812B04761F027E9237761F0281960696056F170A04920551
:2002D000761F027E543763069237761F028196056F0C761F02819206761F027E5437650554
:2002E0009237761F02819606761F0281FF6992347640E60D76490595761F0280923F76409B
:2002F000E2CD761F027E92377640E44976491F535200600F8F400EF2761F02858F01252FBD
:20030000A042062EA844D578D41E7640E3AB6F0E8F40338F761F02858F01252FA042062E34
:20031000A844D578D41E7640E3AB7640E498761F0282921A64077640E4E2761F02822B1A22
:200320006F020A1A2B1B761F01FC4F096C06761F02821A1B00016F05761F0282181B00FE79
:20033000761F01FC4E096C06761F02821A1B00026F05761F0282181B00FD761F01FC401063
:200340006C06761F02821A1B00046F05761F0282181B00FB761F01FC41106C06761F0282B0
:200350001A1B00086F05761F0282181B00F7761F02C692006006761F02822B082B096F4114
:20036000761F02529234521C600428451B586F0328450DAC9245761F027D54366314761F03
:2003700002820A089208521465112B08761F02E256BF0306761F02B21A0000029A017649D8
:2003800066A16F04761F02822B08761F027D1B3F0DAC6514761F02820A0992095214651154
:200390002B09761F02E256BF0406761F02B21A0100029A01764966AD6F04761F02822B09EE
:2003A000761F01FC4E106C034F106D4E7622761F0116CC04FFFC500296041A1B0004761A00
:2003B0007622CC04FFFC500296041A1B0004761A761F011D56BF0509761F012156BF050965
:2003C000761F02B21A000200761F02B21A010200761F02B22B11761F02B22B25761F02C7D6
:2003D0002B17761F02C692005206611B761F01FC4E106D0A761F02E256BF16069A01FF69F4
:2003E000764967856F0B4F106D09761F02E256BF16069A01FF6976496785761F02C60A390B
:2003F000761F02B22B39761F01FC4318FFED00857622761F0116CC04FFFC500296041A1BB2
:200400000004761A7622CC04FFFC500296041A1B0004761A761F0282920E52016147761FE7
:20041000011C9204521E691940056D17761F011DCC07FF3F50409607761F0121CC07FF3FA5
:2004200050409607761F02B2923C761F011D962D761F0121962B6F26761F02B2923C761F49
:20043000011C9CE2540469149205900152016010761F011D2B2B761F01212B2D761F011D86
:200440001807FF3F761F01211807FF3F6F0B7622761F011E1A1B0004761F01221A1B00043B
:20045000761A761F028256BF010E761F011D56BF0509761F012156BF0509761F02B21A00AC
:200460000400761F02B21A010400761F02B22B11761F02B22B25761F02B22B39761F02C6E8
:20047000920052066109761F02E256BF1A069A01FF69764967A9761F0282920E5201600725
:200480000A0F920F520A69032B0F2B0E761F027D1B191E78620B1B200F3C62081B270F3C9F
:200490006205761F01FC4B096D3F761F02820A0A920A5219683C2B0A761F02B21A000100E2
:2004A000761F02B21A0101007622761F0116CC04FFFC500296041A1B0004761A7622CC04AB
:2004B000FFFC500296041A1B0004761A761F011D56BF0509761F012156BF0509761F02B283
:2004C0002B11761F02B22B25761F02C72B17761F02E256BF5706FF699A0176496A79761F82
:2004D00002B22B396F04761F02822B0A761F02C692035201602F761F02B2921152026103BB
:2004E00052016009FF697640D618761F01151809FFFC6F07761F0115CC09FFFC500196098C
:2004F000761F02B292255202610352016009FF697640D767761F01151809FFF36F07761F53
:200500000115CC09FFF350049609FF697640D8B86F0B52026009761F0282920E52016104B5
:20051000FF6976493887761F01061A2A0001761F003356BF0421FE86E2AF03BEE2AF02BEDB
:20052000E2AF01BEE2AF00BEE28000BEC5BEC4BE83BE8ABE82BE86BE87BE00033B30FFF147
:2005300076177602761BFFF00005ABBDA8BDA0BDC2BDC3BDE20000BDE20300BDE20301BD14
:20054000E20302BDE20303BDE6300600FF69294256167640E74D761F02812B132B14761FE3
:2005500002820A2040206C150A21922180A92901FF20EA600FA7630D2B217649B871520CAA
:200560006005761F021F0A106F04761F021F2B10761F029092286114761F02820A1C921C9F
:20057000521469112B1C761F02902B28761F02DD1A034000761F02C21A2600406F04761F18
:2005800002822B1C761F0281920D61032B0F6F05920F520B67020A0F920C61032B106F0596
:200590009210520B67020A10761F02C60A05920580A92901FF20EA600FA763032805EA6077
:2005A000761F003356BF0121E2AF03BEE2AF02BEE2AF01BEE2AF00BEE28000BEC5BEC4BED5
:2005B00083BE8ABE87BE00033B30FFF176177602FE023B01761F027D8519761F02B456016A
:2005C0000008761F027D8528761F02B45601000A761F02B5920C761F02B29624761F02B36F
:2005D00056BF010592056106761F02B4061C1E426F0302C81E42761F02B20A12921252042A
:2005E000FFE400C12B12761F02B40608761F02B2FF419613761F02B4060A761F02B2FF41AB
:2005F0009614761F02B402001E081E0A761F02B2920D9E13961592149E2496169211520158
:20060000600D92159617921696189217640492255202600856BF02116F05921596179216A7
:2006100096189215650492115201603A92175264650356BF64171B15FF3863142D173319B7
:20062000FF68A9A9761F02B410ACFF4A1E0C761F02B2331A761F02B4A9A910AC5601000E33
:200630006F0E2D171219761F02B4FF4A1E0C761F02B2121A761F02B45601000E0642FF3A5A
:200640000F0E63050642FF3A1E0E6F05060E630302001E0E060EFF4A070C1E106F2992186C
:200650005264650456BF64186F061B18FF9C63032818FF9C2D18121B761F02B4FF4A1E1220
:20066000761F02B2121C761F02B45601000E0642FF3A0F0E63050642FF3A1E0E6F05060E18
:20067000630302001E0E060EFF4A07121E1006420F1063031E106F050610630302001E1017
:2006800006101E14761F02B2850F761F02B40F146307761F02B2850F761F02B41E14761F6E
:2006900002B28522761F02B40F146308761F02B28522761F02B41E146F05061463030200B3
:2006A0001E14761F02B49214761F027D9E36761F02B2961D761F027D92366307761F02B4A2
:2006B0009214761F02B2961D761F02B21B1D01F46504281D01F46F061B1DFE0C6303281D0D
:2006C000FE0C2D1D121E761F02B4FF4B1E16761F02B2121F761F02B456010018FF2F080063
:2006D0000F1863031E186F078F0A3D70A8A90F186502A8180618FF4B07161E1A8F00400060
:2006E000A8A90F1A6303A81A6F05061A630302001E1A761F02B2FF695621000C761F02B4A5
:2006F0005644001A761F02B2FF4D9620520063022B201B15FF0663069220520D650356BFBD
:200700000D209220761F0115962BFE820006FE023B01761F027D8519761F02B45601001E5A
:20071000761F027D852F761F02B456010020761F02B59220761F02B29638761F02B356BFCB
:20072000010692066106761F02B406321E426F0302C81E42761F02B20A2692265204FFE4CA
:2007300000C12B26761F02B4061E761F02B2FF419627761F02B40620761F02B2FF4196282A
:20074000761F02B402001E1E1E20761F02B2920D9E27962992289E38962A92255201600D9F
:200750009229962B922A962C922B640492115202600856BF02256F059229962B922A962C61
:200760009229650492255201603A922B5264650356BF642B1B29FF3863142D2B332DFF6821
:20077000A9A9761F02B410ACFF4A1E22761F02B2332E761F02B4A9A910AC560100246F0E8C
:200780002D2B122D761F02B4FF4A1E22761F02B2122E761F02B4560100240642FF3A0F24EB
:2007900063050642FF3A1E246F050624630302001E240624FF4A07221E266F29922C5264EA
:2007A000650456BF642C6F061B2CFF9C6303282CFF9C2D2C122F761F02B4FF4A1E28761F76
:2007B00002B21230761F02B4560100240642FF3A0F2463050642FF3A1E246F05062463038A
:2007C00002001E240624FF4A07281E2606420F2663031E266F050626630302001E26062650
:2007D0001E2A761F02B28510761F02B40F2A6307761F02B28510761F02B41E2A761F02B23B
:2007E0008536761F02B40F2A6308761F02B28536761F02B41E2A6F05062A630302001E2A64
:2007F000761F02B4922A761F027D9E3F761F02B29631761F027D923F6307761F02B4922A8B
:20080000761F02B29631761F02B21B3101F46504283101F46F061B31FE0C63032831FE0CF3
:200810002D311232761F02B4FF4B1E2C761F02B21233761F02B45601002EFF2F08000F2E76
:2008200063031E2E6F078F0A3D70A8A90F2E6502A82E062EFF4B072C1E308F004000A8A960
:200830000F306303A8306F050630630302001E30761F02B2FF695621000C761F02B45644B2
:200840000030761F02B2FF4D9634520063022B341B29FF0663069234520D650356BF0D345E
:2008500028A904E29E34761F0115962DFE820006FE02761F02B292396025761F011D56BFAA
:200860000509761F012156BF0509761F02B22B3A283F03E8761F02B3280003E8761F02B2EA
:20087000923C761F011D9623761F01219623761F011D2B2B962D761F01212B2B962DFFEF34
:200880000096761F02B39203761F02B2543D6903963D6F09761F02B39204761F02B2543D98
:200890006702963D923F610E0B3F761F011D56BF0509761F012156BF0509761F02B22B3A24
:2008A0006F40761F02B3920061170B009202761F02B2963A7622761F011E1A170004761F67
:2008B00001221A170004761A761F011D2B09761F01212B096F26761F02B2923C9E3D543A59
:2008C000691D0A3E923E761F02B354016806761F02B22B3E083A00027622761F011E1A17FA
:2008D0000004761F01221A170004761A761F011D2B09761F01212B096F04923C9E3D963AC9
:2008E000761F02B2923C9E3D96419241543A6702963A883B0E3A0FA66125923C761F011DCE
:2008F0009623761F02B2923A761F011D962B761F02B2923C9E3A761F011D962D761F02B2F8
:20090000923C761F01219623761F02B2923A761F0121962B761F02B2923C9E3A761F012166
:20091000962D761F02B2923A963BFE82FF690006FE1088ADC5A5A046DE885DA6A84488AD13
:20092000DE8AF60124855CA6C554F60124842B4D02001E4C2B4E2B4F761F02B2CC020040C7
:20093000FFC5520160108A442BD48A44924796E48A4402001EF483448A4492DD94E496ED51
:20094000FFEF014202108F0003E80744A8422D478AA9124900C9E8DB560100C48A440AD450
:2009500092D48A4454CC670C92D4520AFFE7012CBE00021007448AA9C2C4FFEF01252BD404
:20096000924965052D4712491E4C6F0302001E4C9247964D9C0A964F8A4492E4964E0209A1
:2009700007448AA992C4FFE1009D020C07448AA992C45202601E020807448AA9834492C4BD
:200980008A4494C5FFA054E4650A020C07448AA92BC4020D07448AA92BC46F0B020C074420
:200990008AA956BF01C4020D07448AA956BF01C4020D07448AA992C4520160368A4492DCCB
:2009A000944854E46309924A52C86306021207448AA90AC46F052DDC350394E4964E0212D3
:2009B00007448AA992C45205694B021207448AA92BC4020C07448AA992C452016006020D1D
:2009C00007448AA92BC46F3C020C07448AA956BF02C4020907448AA92BC4020B07448AA995
:2009D00056BF01C46F2D020D07448AA992C460288A4492C4544D630783442DDC310392E57C
:2009E0009EAB964E834492C454E5641A020C07448AA992C46007020D07448AA956BF01C446
:2009F0006F0F020C07448AA956BF02C4020907448AA92BC4020B07448AA956BF01C4020E15
:200A000007448AA906C40F4C6374C44C020E07448AA9C2C4020A07441EA7924796C76F690E
:200A1000020B07448AA992C46127020A07448AA992C49CC4544765078A442DDC350394E48F
:200A2000964E6F4C020A07448AA992C49C3C544763098A4483442DDC92E531039EAB964EE2
:200A30006F3D020A07441EA792C7964E020B07448AA92BC46F338A44834492C454E5640FEE
:200A40008F01D4C0A8A90F4C62068A4492DD94E4964E6F248A4492E4964E6F20924F5447FF
:200A5000630592E59EDC964E6F1906F40F4C650C92EC544D650592DD94E4964E6F0F92E5B2
:200A60009EDC964E6F0B92EC544D640592E59EDC964E6F0492DD94E4964E8A44924D96ECD4
:200A70008A44064C1EF4BE00021007448AA9C2C48A4492C4544E6505C54492C796E46F03E2
:200A8000924E96E4FE900006FE02761F01FC921090015201FFE000DB761F02449200FFE149
:200A900000D6761F0253E801A6B0E2AF0114E84FC009E80DFCA8E7000040761F02ADE203B8
:200AA0000032E801EAEAE805EAE9E80978DAE80978D9E6960008E6970010E2030032E801F1
:200AB000C688E2AF0134E2AF0232E7200051E80DB8B8E6940001AD14650DE801C688E2AF1A
:200AC0000134E80DB8B8E71000407700E20300326F18E2AF0134E805C688E7200051E80DE2
:200AD000B8B8E6940001AD14630CE801C688E2AF0134E80DB8B8E72000087700E2030032EC
:200AE00006321E34E590E2030032761F0253E2AF0110E801EC18E84FC009E8089378E70085
:200AF0000040761F02ADE2030036E82627D0E83227D0E2030036E2AF0032E88FE001E2AF6A
:200B0000033AE71000C87700E203003A761F0281E2C80035761F02ADE2AF013AE6940001C1
:200B1000AD146412761F0281E2C800357700E7200008761F02ADE203003A761F02AB56BF57
:200B2000010256BF0103761F02BA920652026017761F02ADE2AF013A761F0281E2C80035DE
:200B3000E850F00977007700E2740008770077007700761F02ADE203003C6F16761F02AD95
:200B4000E2AF013A761F0281E2C80035E850F00977007700E2740008770077007700761F5B
:200B500002ADE203003C761F0280E2C8003F761F02ADE203003CE8121E00AD14651DE8B05D
:200B6000F0007700E203003C6F17761F02AA2B16761F0280E2C8003F761F02ADE203003C80
:200B7000761F0280E2C8003F761F02ADE203003AE590E2030036761F02C488233B01761F9B
:200B8000027F8539DEE4FF5693A655A9621A761F02BB92106116761F02AB920E65022B0E5F
:200B90002B102B11761F02E0923B65022B3B761F02AB920461062B049A049B0D7649E770F3
:200BA000761F02AB920460080A059205521D640456BF01042B05761F02ADE801E430E2AF5C
:200BB000013CE8082B40E7000040764953F3761F02E0E2C40204761F02ADE2AF0136E7202B
:200BC00000517700E7000040761F02ABE203003A761F025DE8022CE0E8020261E2AF0206F5
:200BD000E80AA000E80E6669E7000080761F02A9E7000008E2C80302E88FC0007700E720B4
:200BE00000187700E68C0000761F02ABE21300082B09761F02A9E2C80002761F02ABE2AFC2
:200BF000013AE72000087700E203003CE8063401E8023402E80F4001E80F4002E6960008CB
:200C0000E6970010E203003C3B01E6880000761F02A95621001FBFA90F12761F02AA564442
:200C100000A9FF46960A56030501540A630556030501960A6F0A9201FF5CFF84540A650560
:200C20009201FF5CFF84960A761F01FC9210900152016022761F02ADE801E430E2AF013CFA
:200C3000E8082B40E7000040764953F3761F02ABE2C80211761F02AAE2C8010AE7000080C1
:200C40007700E71000407700E68C0000761F02A9E213001E6F07761F02AA920A761F02A917
:200C5000961E761F02AA56030501761F02A9541E6309761F02AA56030501761F02A9961E7E
:200C60006F12761F02AA9201FF5C761F02A9FF84541E6509761F02AA9201FF5C761F02A9B2
:200C7000FF84961E921E9E04961C2D1C3B011222761F02ACFF461E00761F02AB1E2E0A0032
:200C80009200526465151B0B04006404280B04006F079E01523265040A0B920096011B006E
:200C90007530650828004E20920096016F03280B0334761F02ADE801E430E2AF013CE80898
:200CA0002B40E7000040764953F3761F02E0E2C401047700E70000403B01E6880000761F9E
:200CB00002AB5621000BBFA90F12564400A9FF49072E761F02AC1E02761F02A9562100078B
:200CC000761F02AC56440002761F02A9FF4B96239609761F02529234521C6016761F01FC2E
:200CD00041106C0E761F0280923F526061041B3F0120600D761F02AB56BF01066F08761FE8
:200CE00002AB2B066F04761F02AB2B06761F02A99209FFE400969C01960A921808A9FF370E
:200CF000540A6305921808A9FF37960A761F0282920152016106761F02829202520160081F
:200D0000761F02A9920A5214650356BF140A761F02A992189E0A761F0105962B56BF012DC5
:200D1000761F010156BF012B761F02A992189E0A08A9FF38761F0101962D761F02A9920A3B
:200D2000761F010D962B761F02A99218761F010D9CFF962D761F02A99218761F01099CFF40
:200D3000962B9AC8761F02A9940A761F0109962D761F02AA923761232B37761F010156BFA4
:200D40000109761F010556BF0809761F02AB92065201600B761F010956BF0109761F010DCF
:200D500056BF0909FFEF00FA761F010956BF0509761F010D56BF0509FFEF00F0761F010177
:200D600056BF0109761F010556BF0809761F02AB92065201600B761F010956BF0109761FA8
:200D7000010D56BF0809FFEF00D9761F010956BF0509761F010D56BF0509FFEF00CF761F8E
:200D8000027F1B3901F46521761F02AA0A3992395232652D2B3956BF013A2B3B0A3C923C70
:200D9000523C652556BF3C3C761F02E256BF2B069A0176496875761F02DC1A110002761F73
:200DA00002C21A2600026F131B39FE0C6310761F02AA923A610C0A3B923B521465082B3917
:200DB0002B3C2B3A2B3B9A0076496875761F02A99209FF5C960B9C01960A921808A9FF3716
:200DC000540A6305921808A9FF37960A761F0282920152016106761F02829202520160084E
:200DD000761F02A9920A5214650356BF140A761F02A99218761F01059CFF962B9AC8761F4E
:200DE00002A9940A761F0105962D761F02A9920A761F0101962B761F02A99218761F010197
:200DF0009CFF962D761F010D56BF012B761F02A992189E0A08A9FF38761F010D962D761F2C
:200E000002A992189E0A761F0109962B56BF012D761F02AA92375201612256BF0137761F70
:200E1000010156BF0909761F010556BF0109761F02AB92065201600A761F010956BF080983
:200E2000761F010D56BF01096F28761F010956BF0509761F010D56BF05096F1F761F0101AC
:200E300056BF0809761F010556BF0109761F02AB92065201600A761F010956BF0809761FD1
:200E4000010D56BF01096F09761F010956BF0509761F010D56BF0509FE820006E20304BD39
:200E5000E20305BDE20306BDFE0EE2030046964DA84406461EC4023A07448AA98344023E3E
:200E6000E2AF00C407448AA9E2AF01E502080744E2AF03C48AA9C444E2AF02C60240E322A0
:200E70008CC407448AA9E7000008020A0744E30715C48AA9E31401C4E70001497700E710FD
:200E800000408A44E20300F4020807448AA9C4C4020A07448AA9C2C48344020807448AA9FC
:200E9000C4F5C2C4024207448AA902440744E2AF00C48AA9834402460744E2AF02C48AA944
:200EA000E2AF01C5023E0744E2AF04C48AA9C444020E0744E2AF05C48AA9E30043D6C544CF
:200EB0000240E304CEC407448AA9E31202E702100744E30893C48AA9E7000171E710008069
:200EC000020CE31201C4E70000C90744E71000408AA9E20300C4020E07448AA9C4C4021014
:200ED00007448AA9C2C4020C07448AA9C4C4020E07448AA9C2C48A44834406D41EE58A4496
:200EE000834406C41ED5924D5201FFE001EC022607448AA90228E2AF00C407448AA9834406
:200EF000020CE2AF02C407448AA9E2AF01F50212E30041C4E70000890744E71000408AA957
:200F0000E20300C4022807448AA902260744E2AF00C48AA98344020C0744E2AF02C48AA9DB
:200F1000E2AF01F50216E30041C4E70000890744E72000088AA9E20300C4024A07448AA9CA
:200F200002120744E2AF01C48AA9021C0744E2AF02C48AA902480744E2AF00C48AA90214A3
:200F3000E2AF03C407448AA9E7000051021AE31201C4E70000C90744E71000408AA9E20373
:200F400000C4021A07448AA9C4C4021C07448AA9C2C4021207448AA9C4C4021407448AA9DB
:200F5000C2C4022007448AA9021A0744E2AF00C48AA9021E0744E2AF01C4E71000408AA941
:200F6000E20300C4021E07448AA9022A0744E2AF00C48AA9E802064EE8087EDE0224E2AFEA
:200F700001C40744E70000098AA90224E70000710744E2AF00C4E71000408AA9E20300C4FD
:200F8000023807448AA92BC4022407448AA9E8020648E8087ED8E2AF01C4E6940001AD14F6
:200F90006516022407448AA9E8020648E8087ED80224E2AF01C40744E72000088AA9E203B6
:200FA00000C4023807448AA956BF01C4022407448AA9E2AF00C47649BD47022807448AA977
:200FB000E20300C4022407448AA9E2AF00C47649BD52022607448AA9E20300C4021E0744F7
:200FC0008AA9E2AF00C4E81210C0AD14FFE5010B021E07448AA9E2AF00C4E8121430AD141C
:200FD000FFE30101020C8344C44407448AA9E2AF00F5E2AF01C60234E2AF02C407448AA9D9
:200FE000E7200008022A0744E30081C48AA9E7000008022CE2AF01C4E70000080744E86F0C
:200FF000E0008AA9E20300C4023007448AA9022C0744E2AF00C48AA9022EE2AF01C40744A3
:20100000E71000408AA9E20300C4022E07448AA9C4C4023007448AA9C2C4022207448AA9AF
:20101000022E0744E2AF00C48AA90232E2AF01C40744E71000408AA9E20300C40232074456
:201020008AA9E8020648E8087ED8E2AF01C4E27400087700022007448AA9E20300C4023653
:2010300007448AA902320744E2AF00C48AA9E8500000022A0744E2AF01C48AA9E7000008F4
:20104000E2AF01C4E70000087700E2030048023207448AA9022A0744E2AF00C48AA90232C2
:201050000744E2AF01C48AA9022A0744E30042C48AA9E7000010E2AF01C4E7000008770066
:20106000E203004AE2AF014AE2AF0048E71000407700E89020007700E801FC06E27400305E
:201070007700770077007700E203004C023AE2AF014CE2AF00480744E70000088AA9E2030E
:2010800000C4023A07448AA9023C0744E2AF00C4E86FE0008AA9E20300C4023EE2AF004AC6
:20109000E8D02000E2AF014CE85000000744E70000088AA9E20300C40240E2AF0148E2AF8F
:2010A000004AE7200008E2AF054CE8B020000744E70000288AA9E20300C4023607448AA951
:2010B000E2AF014A0242E2AF00C4E300444C0744E70000208AA9E20300C4024207448AA948
:2010C00002440744E2AF00C4E85000008AA9E20300C4024207448AA9C4C4024607448AA906
:2010D000C2C4FE8EE2AF06BEE2AF05BEE2AF04BE0006B2BDAABD5AADDA8808AD009C88AD27
:2010E000C5A5D108D008DECC5DA688ADC39AD10AA89AC59208A6FF68F64B24855CA6C5C29A
:2010F000F64B2484D00A8A92D00A839206C41ED5D012D15E92A0E2AF009A59A9D06493A07E
:20110000E2AF019A59A8D018E3004B92E80240A8E2AF029AE700009AD00AE7100089E80D2B
:201110006830E70000408A92E20300C4020AD00A07928AA9D00A02100792E2AF00C4D00AD5
:201120008AA902128392D00AC492E2AF01C4E2AF02C5D00AE2AF03D607928AA9E71000D29C
:20113000D00A020AE30041C4E70000890792E71000408AA9E20300C4D00A8A92D00A8392D0
:2011400006E41EF5D018D15E92A0E2AF009A59A9D06493A0E2AF019A59A8D012E2AF039280
:20115000D00AE3004A9AE700009AE80240A8E7200051E80D6830E70000408A92E20300E49A
:20116000020ED00AD10A0792C49AD00A8AA902100792E2AF03F6E2AF00C4D00A8AA90212FB
:201170008392D00AE2AF01C40792E2AF02E58AA9E71000D2D00A020EE30043C4E7000099B9
:201180000792E71000408AA9E20300C408ADFF6486BE8BBE0006FE0496412B422B432B44D5
:20119000761F028292155201FFE100D776491F5352006155761F024592196051761F02ABC2
:2011A00058418A303B01761F02E22D943009FF4D964208A902BC9643924208A9FD44964421
:2011B000761F027E9243541A64049244541A65201B2402EE631D1B24FD12651A761F028201
:2011C0002B23761F02E24300FFED00A7761F02820A2292225232FFE800A0761F02DC1A11D0
:2011D0000008761F02C21A260002FFEF0096761F02822B22761F02E2CC000008FFC2520111
:2011E000FFE0008B761F02820A231B230300FFE80084761F02E21800FFF76F7E761F027E0A
:2011F0001B1A01F463041B1AFE0C62071B1A0F6E62041B1AF092631A1B2402EE63171B2472
:20120000FD126514761F02829222526067030A226F19761F02DC1A110008761F02C21A266A
:201210000002761F02822B236F0D761F02822B221B23030067030A236F05761F02E2180096
:20122000FFF7761F028029010E0FFF469642524C630356BF4C42761F02829211761F027EC5
:20123000541A6306921A761F028296116F0C761F02829212761F027E541A6505921A761FF5
:2012400002829612761F028292119E121BA901906209761F027E9224529662041B24FF6A75
:20125000630B761F02822B10761F027E921A761F028296119612761F02820A109210544228
:20126000640B2B232B10761F02DC1A110008761F02C21A260002FE840006FE069641761F3D
:2012700002AB8A3058413B01761F02E22D94300CFF4D964208A902BC9643924208A9FD447A
:2012800096442B456F0192455201600C761F02822B259224521E67030A246F1256BF012818
:201290006F0F761F02822B24761F02A956030100761F0282542569030A256F022B28761F38
:2012A000027E8537FF5652C864068537FF561BA90FA06518761F027F8529FF561BA902A891
:2012B0006311761F02822B27761F02A99200761F0282FFC1542669030A266F0D56BF0129C3
:2012C0006F0A761F02822B269227520A67030A276F022B2992285201610492295201601CBA
:2012D000761F02E243016D211A010008761F02DC1A110020761F02C21A260002761F02E6BA
:2012E0001A240010761F02DC1A250020761F02C21A2600086F0A761F02E2CC010008FFC2A5
:2012F000520160031801FFF7FE860006FE047D447C431E42761F028292155201614B761F59
:2013000002E24C006D2D06480F426204064A0F426323761F02820A2C9243542C663B2B2C3B
:20131000761F02E24C006D361A001000761F02DC1A110008761F02C21A260002761F02DC77
:201320001A250010761F02C21A260008761F02E11A2A10006F1F761F02822B2C6F1B064221
:201330000F486515064A0F426512761F02820A2B9244542B660F2B2B761F02E2CC001000F1
:20134000FFCB520160071800EFFF6F04761F02822B2BFE840006FE047D447C431E42761F22
:2013500002E24C016D2D06480F426204064A0F426323761F02820A2E9243542E663A2B2EE5
:20136000761F02E24C016D351A011000761F02DC1A110020761F02C21A260002761F02E604
:201370001A240020761F02DC1A250020761F02C21A2600086F1E761F02822B2E6F1A0F48AD
:201380006515064A0F426512761F02820A2D9244542D660F2B2D761F02E2CC011000FFCB27
:20139000520160071801EFFF6F04761F02822B2DFE840006FE029641761F02810A1D921D4B
:2013A000520268462B1D2D41761F028512411E2829018F00B600761F02825603012F761F1A
:2013B0000285560100A43B010628FF471EC4761F0281923D761F0282542F661329018F0054
:2013C000B6005603012F560100A4761F02D80600761F028507C41E2A761F02822B2F6F1835
:2013D0005C2F29018F40B6005603012FDC01560100A5560301A48F00B600560100A4761F8E
:2013E000028506C407C51E2A761F02820A2FFE820006FE029641761F02810A1E921E520295
:2013F00068462B1E2D41761F028512411E2C29018F00B580761F028256030130761F028512
:20140000560100A43B01062CFF471EC4761F0281923D761F02825430661329018F00B58050
:2014100056030130560100A4761F02D60600761F028507C41E2E761F02822B306F185C300A
:2014200029018F40B58056030130DC01560100A5560301A48F00B580560100A4761F028542
:2014300006C407C51E2E761F02820A30FE820006761F01FCCC014000FFCD52016004761F2A
:2014400002820A1D761F02C692006004761F02822B1D761F0282921D52016609761F01FC11
:2014500042096D30761F02449200612C761F02821B1D75306903281D7530761F01FCCC01EF
:201460004000FFCD5201610342096D147649911F52256006761F02812B2E2B176F13761FC7
:2014700002810A2E922E5202690D56BF042E2B176F09761F0281921752016004922E61027B
:201480002B2E0006FE02761F02C392135201604E761F02E29206604A2901761F02C38F001F
:20149000AD8056030114560100A4C5C43E67761F023D58358F00800096942901761F02C35A
:2014A0008F00AD8056030115560100A4C5C43E67761F023D58358F0081F496942901761F8A
:2014B00002C38F00AD8056030116560100A4C5C43E67761F023D58358F0083E89694290153
:2014C000761F02C38F00AD8056030117560100A4C5C43E67761F023D58358F0085DC9694E1
:2014D0000A351B35018068022B35761F023D92146141921361079CFF9613603C92129613CC
:2014E0006F01761F02C39213520161252B419241520463218F00B1723B01A8A981418AA957
:2014F00092C496426114560301428F00AD80560100A4C5C43E67761F023D88A958178F00B5
:201500008000344101F4560100A47E940A419241520464E1761F023D0A17881780A60E163D
:201510000FA76008921696182B162B172B142B156F01FE820006761F01FC40106C0D761F5F
:2015200002C70E06761F01FC1EA69210900180A906A60FA7602E41106C0E761F02C70E09EC
:20153000761F01FC1EA6CC100002FFC080A906A60FA7601F4F096C0E761F02C70E07761FC4
:2015400001FC1EA6CC098000FFCE80A906A60FA760104E096C15761F02C70E08761F01FCCF
:201550001EA6CC094000FFCD80A906A60FA761081A030010761F02C856BF01036F2F761F0A
:2015600002C8920352016010761F02C70A0A1B0A078369242B0A761F01FC1A050010761F10
:2015700002C82B036F1B761F01FC40106D1341106D114F096D0F4E096D0D761F02C70A0B90
:201580001B0B0783690B2B0B761F01FC1A0300106F05761F02C72B0B2B0A761F01FC9210C1
:20159000761F02C790019606761F01FCCC098000761F02C7FFCE9607761F01FCCC0940005A
:2015A000761F02C7FFCD9608761F01FCCC100002761F02C7FFC096090006FE029641761FC5
:2015B00002C588142901FF20FFFF0FA661279241541466049C015414670A761F028192353A
:2015C000761F02C55414661A9241601828AC000A8F00B7003016560100A42D159A01FF66D5
:2015D00098FC9A012D16761F02C2FF669826761F02C52814FFFF56BFFF158817FF20FFFF92
:2015E0000FA661279241541766049C015417670A761F02819235761F02C55417661A924194
:2015F000601828AC000A8F00B7003019560100A42D189A01FF6698FC9A012D19761F02C2E8
:20160000FF669826761F02C52817FFFF56BFFF18881AFF20FFFF0FA661279241541A66043B
:201610009C01541A670A761F02819235761F02C5541A661A9241601828AC000A8F00B700A6
:20162000301C560100A42D1B9A01FF6698FC9A012D1C761F02C2FF669826761F02C5281A89
:20163000FFFF56BFFF1BFE8200067649B9827622761F17E0CC1EFF005014961E1A24000189
:201640001A200003761F17E61800FFFD1800FFFE761F17E0CC00F0FF1AA903009600761F5A
:2016500017E61A0000021A000001761F17ECCC00FFF0500A9600761AFF697649B996F60700
:201660007700FF6900067649B98C7622761F17F0CC1EFF005014961E1A2400011A200003D0
:20167000761F17F61800FFFD1800FFFE761F17F0CC00F0FF1AA903009600761F17F61A0020
:2016800000021A000001761F17FCCC00FFF0500A9600761AFF697649B996F6077700FF69F8
:2016900000067622761F17E0CC1EFF005014961E1820FFFC1824FFFE761AFF69000676220D
:2016A000761F17F0CC1EFF005014961E1820FFFC1824FFFE761AFF690006FE0276229A02EF
:2016B00028A85A5A8F0500241EC4FF698F05F80002C87640EA789641520061037640E744B8
:2016C0009A007640EC739641520061037640E7449A0128A85A5A8F0500241EC48F05FC00A4
:2016D00002C87640EA789641520061037640E7449A017640EC739641520061037640E7448C
:2016E000761AFE82FF690006FE0296417625FF69FE8200067625FF690006FE062B458F0000
:2016F000B746A8448F00B700A84206440F4268218A4292EC61170AF48A42834292EC54F585
:2017000066112BF428AC000A8F00B7003045560100A4761F02C29A011AFC00012D45FF66BD
:201710009826020A07421E420A4506440F4267E1FE860006190156C3FFFF00069A000006B3
:20172000AABD5AADDA84FE709645762229018F0700A856030B45560100A4D00CA8922BE2CD
:2017300002001EF202300FF269155CADDCE65DA406F2FF30D00C560100A506F2FF3007924B
:201740008AA906C41EC5020107F21EF202300FF266ED924552076006761F03B4921596EA0E
:201750006F05761F03B4921496EA92EA9C01560301A980A9BE00FF690E16C342C244764043
:20176000EBFAD00A1E925CEA761F03B4DC0180A4BE00560304160EA9C342C2447640EBFAD9
:20177000D0081E92D024CC920FFFD00A0EA90F92670528E201F8FFEF020C5CAD02161E4253
:20178000DCE602105CA47640ED23D0340F92610528E201F6FFEF01FD761F03B48A0E0202CF
:2017900018D4FFFD070E8AA99A009001CDC4FFFECAA896C48F000144A8A9070E8AA9CCC487
:2017A000FFF8500596C4D0080692D02A1E420E927640ECFC761F03B48F0001201EA6A8A96A
:2017B000070E8AA97EC4D0080692D02C1E4206927640ECFC761F03B48F0001221EA6A8A97A
:2017C000070E8AA9C2C4D0080692D0211E42929290FF0EA97640ECFC761F03B488A98F0066
:2017D0000110A8A9070E8AA992A693C43CA897C4D0080692D0231E42CC92FF00FFC70EA9E4
:2017E0007640ECFC761F03B48F0001141EA6A8A9070E8AA992A693C439A997C4D0080692C2
:2017F000D0251E42CC92FF00FFC70EA97640ECFC761F03B48F0001161EA6A8A9070E8AA9BD
:201800007EC4D0080692D0221E42CC92FF00FFC70EA97640ECFC761F03B48F00011A1EA692
:20181000A8A9070E8AA992A693C439A997C4D01FCC92FF008F000108FFC788A9A8A9070E12
:201820008AA992C438A696C4D01F8F000108CC9200FF88A9A8A9070E8AA992A693C43CA8C6
:2018300097C4D01E8F00010CCC92FF00FFC788A9A8A9070E8AA992C438A696C4D01E8F00BB
:20184000010CCC9200FF88A9A8A9070E8AA992A693C43CA897C4D0208F00010ECC920FFF8C
:2018500088A9A8A9070E8AA992A6CCA90FFFCDC4F000CAA896C4D0208F00010ECC92F000CA
:20186000FFCB80A9A8A9070E8AA9CCC40FFF88A956030CA7CAA696C4D0248F00010ACC924B
:20187000F000FFCB80A9A8A9070E8AA9CCC40FFF88A956030CA7CAA696C4D0218F000110A6
:20188000CC92FF00FFC788A9A8A9070E8AA992C438A696C4D0238F000112CC9200FF88A9AA
:20189000A8A9070E8AA992A693C43CA897C48F000134A8A9070E8AA9D0289292CCA90FFFD5
:2018A000CDC4F000CAA896C48F000135A8A9070E8AA9D0279292CCA901FFCDC4FE00CAA8EC
:2018B00096C48F000136A8A9070E8AA9D02B9292CCA90FFFCDC4F000CAA896C48F000137A9
:2018C000A8A9070E8AA9D02E9292CCA901FFCDC4FE00CAA896C48F000139A8A9070E8AA91B
:2018D00018C4FE00D0268F00013CA8A9070E8AA992929CFF907FCDC4FF80CAA896C48F008A
:2018E000013EA8A9070E8AA98F404500A0C40232070E8AA928C4AA55D032CC92FF00FFC70C
:2018F00088A90240070E8AA9CCA6000FCDC4FFF0CAA896C40243070E8AA9D02E9292CCA92C
:2019000001FFCDC4FE00CAA896C40242070E8AA9D0319292CCA901FFCDC4FE00CAA896C4EB
:201910000245070E8AA9D02F9292CCA901FFCDC4FE00CAA896C4BE000246070E8AA9C2C461
:201920000280070E8AA98F410104A0C40282070E8AA98F400103A0C40284070E8AA918C4F7
:20193000FFF80286070E8AA918C4FF80D030CC92FF00FFC788A90248070E8AA9CCA6001FFE
:20194000FF87CDC4E0FFCAA896C4D030CC9200FF88A90248070E8AA992A6901FCDC4FFE04E
:20195000CAA896C4D033CC92FF00FFC780A9024A070E8AA9CCC40FFF88A956030CA7CAA67D
:2019600096C4D033CC9200FF88A9024C070E8AA992A6901FCDC4FFE0CAA896C4D025CC9270
:2019700000FF88A90254070E8AA992A693C43CA897C40282070E8AA9A0C40280070E8AA9C1
:201980008F410104A0C40232070E8AA92BC48F000144761F03B4A8A9070E8AA9CCC4FFF863
:20199000500296C492E2FEF086BE0006FE0EA0461E44A8427622FF6906427640EB695200FD
:2019A000603006421E4806448AA9DC81A844616E8A52834806C40FC5610F8A4606481EC49F
:2019B0008A48834606C41ED58A52834606C41EE528A901F46F5C06489B0090FFFF5860038A
:2019C0007640E77E92536104020207521E52020207481E4806448AA9DC81A84460DA6F4667
:2019D00006421E4806521E4A56BF044B56BF024B06448AA9DC81A844613902001E4E0E4B9C
:2019E0000F4E6920064E074A8AA9064E88C407488AA980C406A60FA7610F8A4606481EC4F1
:2019F0008A4883460EC41ED58A4A83460EC41EE528A901F46F1C0201074E1E4E0E4B0F4E3A
:201A000066E206489B0090FFFF5860037640E77E925361040202074A1E4A020207481E4871
:201A100006448AA9DC81A84460C99A00FE8E0006FE041E44A84276228F05D20806C49B00E2
:201A20009003FF586107BE0206C49B0090030FA6600FC544BE6406A7FF3007A7FF5A020068
:201A3000F61F561700A6A9A9074409011E449244761F03B496168A42CCC40F00FFC79614BC
:201A40008F00015DA8A907428AA992C4900F961506421E0E8F000200A8A907428AA992C404
:201A5000FFC3CCA901C0FFC296108F000200A8A907428AA9CCC40380FFC3FFC296128F00EC
:201A60000201A8A907428AA9CCC40C00FFC3FFC296118F000201A8A907428AA9CCC4018060
:201A7000FFC3FFC296139A00FF69FE8400067622021A761F03B4070E8AA98F40FFFFA0C427
:201A80008F000144A8A9070E8AA9BE00CCC4FFF8500596C48F000152A8A9070E8AA9C2C4E4
:201A90008F000144A8A9070E8AA9CCC4FFF8500296C48F000144A8A9070E8AA9CCC4FFF8A2
:201AA000500596C48F000160A8A9070E8AA9C2C48F000144A8A9070E8AA9CCC4FFF8500222
:201AB00096C48F000144A8A9070E8AA9CCC4FFF8500596C48F000162A8A9070E8AA9C2C408
:201AC0008F000144A8A9070E8AA9CCC4FFF8500296C49A00FF690006FE10A04A1E48A84612
:201AD00076222B4B020019011E4E761F03B40220070E8AA906C41E508F000180A8A9070EFC
:201AE0008AA91AC400020220070E8AA928ABFFFF28AA0505A9C4FF697640EC4D5CADDC8E85
:201AF0000EA41E422B438A46834A06487640E9F6520061068A4A02011EF4284B01F40220AA
:201B0000C450761F03B4070E8AA9C2C4924BFE900006FE021E42FF2F02100F426605FF2F9C
:201B100002120F426628FF2F020E0F4266069A8028A801070F42661F28A9020028A8010754
:201B20000F42660528A902800F426615FF2C10710F42660728A9108028A801070F42660B65
:201B300028A9120028A801070F42660728A912800F4269039A016F029A00FE820006FE02D0
:201B4000964176228F000144761F03B4A8A9070E8AA9CCC4FFF8500596C48F000106A8A940
:201B5000070E8AA99241903FCDC4FFC0CAA896C48F00015AA8A9070E8AA9CCC4FFE0501518
:201B600096C48F000144A8A9070E8AA9CCC4FFF8500296C49A00FF69FE820006FE0A964302
:201B7000A8428F00FFFFA846A8482B495449691D8A429249F00158A90E9407461E46A34694
:201B800018AA00000EA8560100ABA946064607481E48A3480EA818AA0000560100ABA94885
:201B90000A499243544966E50648FF3FCA46CB45FE8A0006FE061E4202001E4456BF0145C8
:201BA00092455220661A28AC001F06425622FF5A0644FF30CAABCBAA1E440642FF301E42B4
:201BB000064A0F44660656410044020107421E420A459245522069EA06446104064C07424A
:201BC0001E420642FE860006FE029641762252026105520661035208601D0218761F03B4B1
:201BD000070E8AA91AC400010228070E8AA992C4900752076005FF697640EAD76F04FF69F7
:201BE0007640EC990218761F03B4070E8AA918C4FFFE9A00FF69FE820006FE028F082000E4
:201BF00006C41E428F08210006C41E428F08220006C41E428F08230006C41E428F0C200047
:201C000006C41E428F0C210006C41E428F0C220006C41E428F0C230006C41E42020176402C
:201C1000ECE2FE820006FE04964176222B42761F03B40228070E8AA992C4900796430228D4
:201C2000070E8AA918C4FFF80228070E8AA992C49007610428A901FA6F029A0096425200C4
:201C300060069241FF697640E7809642FE84FF6900067622021A761F03B4070E8AA98F40F7
:201C4000FFFFA0C48F000144A8A9070E8AA9BE00CCC4FFF8500596C48F000152A8A9070E79
:201C50008AA9C2C48F000144A8A9070E8AA9CCC4FFF8500296C49A00FF690006FE06964138
:201C6000A84476222B450644FF301E449241520860052845020092456F139A10FF69764073
:201C7000EB9F92417640EC24761F03B4C4440288070E8AA9C2C492417640EB9F9A00FE8654
:201C8000FF690006FE021E42761F03B40E161EAC56650042A942064261090642610A0201EC
:201C900056410042064260FC6F0428A901F46F029A00FE82FF690006FE041E427622FF6923
:201CA0008748290156440042FF451E447640E77E0644FE84000600000000000000000000BC
:201CB00000000000000000000000000000000000022A761F03B4070E8AA948C46C039A013E
:1C1CC0006F029A020006FE041E44A842064407428AA992487640EBCEFE84000610
:201CD000FFFF9F4B00000000FFFF9F4C00000000FFFF9F4D00000000FFFF9F4E000000004E
:201CE000FFFF9F4F00000000FFFF9F5000000000FFFF9F5100000000FFFF9F52000000002E
:201CF000FFFF9F5300000000FFFF9F5400000000FFFF9F5500000000FFFF9F56000000000E
:201D0000FFFF9F5700000000FFFF9F5800000000FFFF9F5900000000FFFF9F5A00000000ED
:201D1000FFFF9F5B00000000FFFF9F5C00000000FFFF9F5D00000000FFFF9F5E00000000CD
:201D2000FFFF9F5F00000000FFFF9F6000000000FFFF9F6100000000FFFF9F6200000000AD
:201D3000FFFF9F6300000000FFFF9F6400000000FFFF9F6500000000FFFF9F66000000008D
:201D4000FFFF9F6700000000FFFF9F6800000000FFFF9F6900000000FFFF9F6A000000006D
:201D5000FFFF9F6B00000000FFFF9F6C00000000FFFF9F6D00000000FFFF9F6E000000004D
:201D6000FFFF9F6F00000000FFFF9F7000000000FFFF9F7100000000FFFF9F72000000002D
:201D7000FFFF9F7300000000FFFF9F7400000000FFFF9F7500000000FFFF9F76000000000D
:201D8000FFFF9F7700000000FFFF9F7800000000FFFF9F7900000000FFFF9F7A00000000ED
:201D9000FFFF9F7B00000000FFFF9F7C00000000FFFF9F7D00000000FFFF9F7E00000000CD
:201DA000FFFF9F7F00000000FFFF9F8000000000FFFF9F8100000000FFFF9F8200000000AD
:201DB000FFFF9F8300000000FFFF9F8400000000FFFF9F8500000000FFFF9F86000000008D
:201DC000FFFF9F8700000000FFFF9F8800000000FFFF9F8900000000FFFF9F8A000000006D
:201DD000FFFF9F8B00000000FFFF9F8C00000000FFFF9F8D00000000FFFF9F8E000000004D
:201DE000FFFF9F8F00000000FFFF9F9000000000FFFF9F9100000000FFFF9F92000000002D
:201DF000FFFF9F9300000000FFFF9F9400000000FFFF9F9500000000FFFF9F96000000000D
:201E0000FFFF9F9700000000FFFF9F9800000000FFFF9F9900000000FFFF9F9E00000000E8
:201E1000FFFF9F9F00000000FFFF9FA000000000FFFF9FA100000000FFFF9FA200000000BC
:201E2000FFFF9FA300000000FFFF9FA400000000FFFF9FA500000000FFFF9FA6000000009C
:201E3000FFFF9FA700000000FFFF9FA800000000FFFF9FA900000000FFFF9FAA000000007C
:201E4000FFFF9FAB00000000FFFF9FAC00000000FFFF9FAD00000000FFFF9FAE000000005C
:201E5000FFFF9FAF00000000FFFF9FB000000000FFFF9FB100000000FFFF9FB2000000003C
:201E6000FFFF9FB300000000FFFF9FB400000000FFFF9FB500000000FFFF9FB6000000001C
:201E7000FFFF9FBB00000000FFFF9FBC00000000FFFF9FBD00000000FFFF9FBE00000000EC
:201E8000FFFF9FBF00000000FFFF9FC000000000FFFF9FC100000000FFFF9FC200000000CC
:201E9000FFFF9FC300000000FFFF9FC400000000FFFF9FC500000000FFFF9FC600000000AC
:201EA000FFFF9FC700000000FFFF9FC800000000FFFF9FC900000000FFFF9FCA000000008C
:201EB000FFFF9FCB00000000FFFF9FCC00000000FFFF9FCD00000000FFFF9FCE000000006C
:201EC000FFFF9FCF00000000FFFF9FD000000000FFFF9FD100000000FFFF9FD2000000004C
:201ED000FFFF9FD300000000FFFF9FD400000000FFFF9FD500000000FFFF9FD6000000002C
:201EE000FFFF9FD700000000FFFF9FD800000000FFFF9FD900000000FFFF9FDA000000000C
:201EF000FFFF9FDB00000000FFFF9FDC00000000FFFF9FDD00000000FFFF9FDE00000000EC
:201F0000FFFF9FDF00000000FFFF9FE000000000FFFF9FE100000000FFFF9FE200000000CB
:201F1000FFFF9FE300000000FFFF9FE400000000FFFF9FE500000000FFFF9FE600000000AB
:201F2000FFFF9FE700000000FFFF9FE800000000FFFF9FE900000000FFFF9FEA000000008B
:201F3000FFFF9FEB00000000FFFF9FEC00000000FFFF9FED00000000FFFF9FEE000000006B
:201F4000FFFF9FEF00000000FFFF9FF000000000FFFF9FF100000000FFFF9FF2000000004B
:201F5000FFFF9FF300000000FFFF9FF400000000FFFF9FF500000000FFFF9FF6000000002B
:201F6000FFFF9FF700000000FFFF9FF800000000FFFF9FF900000000FFFF9FFA000000000B
:201F7000FFFF9FFB00000000FFFF9FFC00000000FFFF9FFD00000000FFFF9FFE00000000EB
:201F8000FFFF9FFF00000000FFFFA00000000000FFFFA00100000000FFFFA00200000000C8
:201F9000FFFFA00300000000FFFFA00400000000FFFFA00500000000FFFFA00600000000A7
:201FA000FFFFA00700000000FFFFA00800000000FFFFA00900000000FFFFA00A0000000087
:201FB000FFFFA00B00000000FFFFA00C00000000FFFFA00D00000000FFFFA00E0000000067
:201FC000FFFFA00F00000000FFFFA01000000000FFFFA01100000000FFFFA0120000000047
:201FD000FFFFA01300000000FFFFA01400000000FFFFA01500000000FFFFA0160000000027
:201FE000FFFFA01700000000FFFFA01800000000FFFFA01900000000FFFFA01D0000000004
:201FF000FFFFA01E00000000FFFFA02100000000FFFFA02300000000FFFFA02400000000D3
:20200000FFFFA02500000000FFFFA032000013DFFFFFA033000013DFFFFFA0340000110194
:20201000FFFFA03500000CF4FFFFA036000002B0FFFFA03700000271FFFFA03800000470C5
:20202000FFFFA03900000470FFFFA03A00000470FFFFA03B00000470FFFFA03C0000001AC8
:20203000FFFFA03D00000014FFFFA04000000002FFFFA04100000000FFFFA0420000000002
:20204000FFFFA04300000000FFFFA04400000000FFFFA04500000000FFFFA04600000000F6
:20205000FFFFA047000000CFFFFFA0480000001FFFFFA04900000022FFFFA04A000001AE17
:20206000FFFFA04B00000000FFFFA04C00000000FFFFA04D00000000FFFFA04E00000000B6
:20207000FFFFA04F0000000AFFFFA0500000000AFFFFA0510000000AFFFFA0520000000078
:20208000FFFFA05300000000FFFFA05400000000FFFFA05500000000FFFFA0560000000A6C
:20209000FFFFA05700000000FFFFA05800000000FFFFA05900000000FFFFA05A0000000056
:2020A000FFFFA05B00000000FFFFA05C00000000FFFFA05D00000000FFFFA05E0000000036
:2020B000FFFFA05F00000000FFFFA06300000000FFFFA06400000000FFFFA065000000000D
:2020C000FFFFA06600000000FFFFA06700000000FFFFA06800000001FFFFA06900000000E9
:2020D000FFFFA06A00000000FFFFA06B00000000FFFFA06C00000000FFFFA06D00000000CA
:2020E000FFFFA06E00000000FFFFA07100000000FFFFA07200000000FFFFA07300000000A4
:2020F000FFFFA07400000000FFFFA07500000180FFFFA07600000100FFFFA0770000008080
:20210000FFFFA078000000C0FFFFA07900000060FFFFA07A00000120FFFFA07B0000000020
:20211000FFFFA07C00000000FFFFA07D0000002FFFFFA07E00000000FFFFA07F0000000012
:20212000FFFFA08000000000FFFFA08100000000FFFFA08200000000FFFFA0830000000021
:20213000FFFFA08600000000FFFFA08700000000FFFFA08800000000FFFFA08900000000F9
:20214000FFFFA08A00000000FFFFA08B00000000FFFFA08C00000000FFFFA08D00000000D9
:20215000FFFFA08E00000000FFFFA08F00000000FFFFA09000000000FFFFA09100000000B9
:20216000FFFFA09200000000FFFFA09300000000FFFFA09400000000FFFFA0950000000099
:20217000FFFFA09600000000FFFFA09700000000FFFFA09800000000FFFFA0990000000079
:20218000FFFFA09A00000000FFFFA09B00000000FFFFA09C00000000FFFFA09D0000000059
:20219000FFFFA09E00000000FFFFA09F00000000FFFFA0A000000000FFFFA0A10000000039
:2021A000FFFFA0A200000000FFFFA0A300000000FFFFA0A400000000FFFFA0A50000000019
:2021B000FFFFA0A600000000FFFFA0A700000000FFFFA0A800000000FFFFA0A900000000F9
:2021C000FFFFA0AA00000000FFFFA0AB00000000FFFFA0AC00000000FFFFA0AD00000000D9
:2021D000FFFFA0AE00000000FFFFA0AF00000000FFFFA0B000000000FFFEA0B200000000B9
:2021E0000000FFFEA0B4000000000000FFFEA0B6000000000000FFFEA0B8000000000000E6
:2021F000FFFEA0BA000000000000FFFEA0BC000000000000FFFEA0BE000000000000FFFEC7
:20220000A0C0000000000000FFFEA0C2000000000000FFFEA0C4000000000000FFFEA0C63B
:20221000000000000000FFFEA0C8000000000000FFFEA0CA000000000000FFFEA0CC000079
:2022200000000000FFFEA0CE000000000000FFFEA0D0000000000000FFFEA0D20000000057
:202230000000FFFEA0D4000000000000FFFEA0D6000000000000FFFEA0D800000000000035
:20224000FFFEA0DA000000000000FFFEA0DC000000000000FFFEA0DE000000000000FFFE16
:20225000A0E0000000000000FFFEA0E2000000000000FFFEA0E4000000000000FFFEA0E66B
:20226000000000000000FFFEA0E8000000000000FFFEA0EA000000000000FFFEA0EC0000C9
:2022700000000000FFFEA0EE000000000000FFFEA0F0000000000000FFFEA0F200000000A7
:202280000000FFFEA0F4000000000000FFFEA0F6000000000000FFFEA0F800000000000085
:20229000FFFEA0FA000000000000FFFEA0FC000000000000FFFEA0FE000000000000FFFE66
:2022A000A100000000000000FFFEA102000000000000FFFEA104000000000000FFFEA10697
:2022B000000000000000FFFEA108000000000000FFFEA10A000000000000FFFEA10C000016
:2022C00000000000FFFEA10E000000000000FFFEA110000000000000FFFEA11200000000F4
:2022D0000000FFFEA114000000000000FFFEA116000000000000FFFEA118000000000000D2
:2022E000FFFEA11A000000000000FFFEA11C000000000000FFFEA11E000000000000FFFEB3
:2022F000A120000000000000FFFEA122000000000000FFFEA124000000000000FFFEA126C7
:20230000000000000000FFFEA128000000000000FFFEA12A000000000000FFFEA12C000065
:2023100000000000FFFEA12E000000000000FFFEA130000000000000FFFEA1320000000043
:202320000000FFFEA134000000000000FFFEA136000000000000FFFEA13800000000000021
:20233000FFFEA13A000000000000FFFEA13C000000000000FFFEA144000000000000FFFEFC
:20234000A146000000000000FFFEA148000000000000FFFEA14A000000000000FFFEA14CDE
:20235000000000000000FFFEA14E000000000000FFFEA178000000000000FFFEA17A000053
:2023600000000000FFFEA17C000000000000FFFEA17E000000000000FFFFAC8900000000F4
:20237000FFFFAC8B00000000FFFFAC8C000004A4FFFFAC8D00000BB8FFFFAC8E0000000008
:20238000FFFFAC8F00000FA0FFFFAC90000007D0FFFFAC9100000000FFFFAC9200000000CD
:20239000FFFFAC9300000000FFFFAC9400000000FFFFAC9500000000FFFFAC960000000033
:2023A000FFFFAC9700000000FFFFAC9800000000FFFFAC99000013ABFFFFAC9A0000000A4B
:2023B000FFFFAC9B000007D0FFFFAC9C00000001FFFFAC9D00000000FFFFAC9E000000C853
:2023C000FFFFAC9F00000014FFFFACA100000FA0FFFFACA200000FA0FFFFACA300004268B4
:2023D000FFFFACA400000DACFFFFACA500000000FFFFACA600000000FFFFACA700000000F6
:2023E000FFFFACA800000000FFFFACA900000000FFFFACAA00000000FFFFACAB000000008F
:2023F000FFFFACAC00000000FFFFACAD000013ABFFFFACAE0000000AFFFFACAF000007D0D0
:20240000FFFFACB000000001FFFFACB100000000FFFFACB2000000C8FFFFACB30000001471
:20241000FFFFACB5000007D0FFFFACB6000007D0FFFFACB700004268FFFFACB800000DAC19
:20242000FFFFACB900000000FFFFACBA00000000FFFFACBB00000000FFFFACBC000000000A
:20243000FFFFACBD0000002BFFFFACBE00000000FFFFACBF000007D0FFFFACC000000320C5
:20244000FFFFACC1000000C8FFFFACC200000082FFFFACC300000057FFFFACC4000001B375
:20245000FFFFACC500000001FFFFACC600000001FFFFACC700000384FFFFACC8000004E23B
:20246000FFFFACC900000000FFFFACCA00000000FFFFACCB00000000FFFFACCC000000008A
:20247000FFFFACCD00000000FFFFACCE00000000FFFFACCF00000000FFFFACD0000000006A
:20248000FFFFACD100000000FFFFACD200000000FFFFACD300000000FFFFACD4000000004A
:20249000FFFFACD500000000FFFFACD600000000FFFFACD700000000FFFFACD8000000002A
:2024A000FFFFACD900000000FFFFACDA00000000FFFFACDB00000000FFFFACDC000000000A
:2024B000FFFFACDD00000000FFFFACDE00000000FFFFACDF00000000FFFFACE000000000EA
:2024C000FFFFACE100000000FFFFACE200000000FFFFACE300000000FFFFACE400000000CA
:2024D000FFFFACE500000000FFFFACE600000000FFFFACE700000000FFFFACE800000000AA
:2024E000FFFFACE900000000FFFFACEA00000000FFFEAD08000000000000FFFEAD0A00004F
:2024F00000000000FFFEAD0C000000000000FFFEAD0E000000000000FFFEAD1000000000A4
:202500000000FFFEAD12000000000000FFFEAD14000000000000FFFEAD1600000000000081
:20251000FFFEAD18000000000000FFFEAD1A000000000000FFFEAD1C00000FA00000FFFEB3
:20252000AD1E000000000000FFFEAD20000000000000FFFEAD22000000000000FFFEAD246C
:20253000000000000000FFFEAD26000000000000FFFEAD28000000000000FFFEAD2A000015
:2025400000000000FFFEAD2C000000000000FFFEAD2E000000000000FFFEAD3000000000F3
:202550000000FFFEAD32000007D00000FFFEAD36000000000000FFFEAD38000000000000F6
:20256000FFFEAD3A000000000000FFFEAD3C000000000000FFFEAD3E000000000000FFFEAC
:20257000AD40000000000000FFFEAD42000000000000FFFEAD44000000000000FFFEAD4694
:20258000000000000000FFFFAF5200000000FFFFAF5300000000FFFFAF5400000000FFFF3D
:20259000AF5500000000FFFFAF5600000000FFFFAF5700000000FFFFAF5800000000FFFF1D
:2025A000AF5900000000FFFFAF5A00000064FFFFAF6000000000FFFFAF6300000000FFFF8D
:2025B000AF6600000000FFFFAF6700000000FFFFAF6800000001FFFFAF690000000AFFFFAE
:2025C000AF6A00000000FFFFAF6B00000000FFFFAF6C00000002FFFFAF6E00000014FFFF82
:2025D000AF6F00000000FFFFAF7000000014FFFFAF7100000000FFFFAF7200000000FFFF61
:2025E000AF7300000000FFFFAF7400000001FFFFAF7500000000FFFFAF7600000000FFFF54
:2025F000AF7700000000FFFFAF7800003A98FFFFAF7B00000000FFFFAF7C00000000FFFF5F
:20260000AF7D00000000FFFFAF7E00000000FFFFAF7F00000000FFFFAF8000000000FFFF0C
:20261000AF8100000000FFFFAF8200000000FFFFAF8300000000FFFFAF8400000000FFFFEC
:20262000AF8500000000FFFFAF8600000000FFFFAF8700000000FFFFAF8800000000FFFFCC
:20263000AF8900000000FFFFAF8A00000000FFFFAF8B00000000FFFFAF8C00000000FFFFAC
:20264000AF8D00000000FFFFAF8E00000000FFFFAF90000001C2FFFFAF9100000000FFFFC7
:20265000AF9200000000FFFFAF9400000000FFFFAF9500000000FFFFAF9600000000FFFF65
:20266000AF9700000000FFFFAF9800000000FFFFAF9900000000FFFFAF9A00000000FFFF44
:20267000AF9B00000000FFFFAF9C00000000FFFFAF9D00000000FFFFAF9E00000000FFFF24
:20268000AF9F00000000FFFFAFA000000000FFFFAFA100000000FFFFAFA200000000FFFF04
:20269000AFA300000000FFFFAFA400000000FFFFAFA500000000FFFFAFA600000000FFFFE4
:2026A000AFA700000000FFFFAFA800000000FFFFAFA900000000FFFFAFAA00000000FFFFC4
:2026B000AFAB00000000FFFFAFAC00000000FFFFAFAD00000000FFFFAFAE00000000FFFFA4
:2026C000AFAF00000000FFFFAFB000000000FFFFAFB100000000FFFFAFB200000000FFFF84
:2026D000AFB300000000FFFFAFB400000000FFFFAFB500000000FFFFAFB600000000FFFF64
:2026E000AFB700000000FFFFAFB800000000FFFFAFB900000000FFFFAFBA00000000FFFF44
:2026F000AFBB00000000FFFFAFBC00000000FFFFAFBD00000000FFFFAFBE00000000FFFF24
:20270000AFBF00000000FFFFAFC000000000FFFFAFC100000000FFFFAFC200000000FFFF03
:20271000AFC300000000FFFFAFC400000000FFFFAFC500000000FFFFAFC600000000FFFFE3
:20272000AFC700000000FFFFAFC800000000FFFFAFC900000000FFFFAFCA00000000FFFFC3
:20273000AFCB00000000FFFFAFCC00000000FFFFAFCD00000000FFFFAFCE00000000FFFFA3
:20274000AFCF00000000FFFFAFD000000000FFFFAFD100000000FFFFAFD200000000FFFF83
:20275000AFD300000000FFFFAFD400000000FFFFAFD500000000FFFFAFD600000000FFFF63
:20276000AFD700000000FFFFAFD800000000FFFFAFD900000000FFFFAFDA00000000FFFE44
:20277000AFDC000000000000FFFEAFDE000000000000FFFEAFE0000000000000FFFEAFE21A
:20278000000000000000FFFEAFE4000000000000FFFEAFE6000000000000FFFFAA58000017
:202790000A2CFFFFAA5900000005FFFFAA720000021CFFFFAA7500000000FFFFAA7600007A
:2027A0000000FFFFAA7700000000FFFFAA7900000000FFFFAA7A00000000FFFFAA7B000094
:2027B0000000FFFFAA7E00000001FFFFAA7F0000012CFFFFAA810000001EFFFFAA8200001D
:2027C0000028FFFFAA830000001EFFFFAA8400000597FFFFAA85000002CCFFFFAA86000097
:2027D0000030FFFFAA870000002BFFFFAA88000000A0FFFFAA8A00000000FFFFAA8C000029
:2027E0000000FFFFAA8D00000000FFFFAA9700000018FFFFAA9900000001FFFFAA9A0000C9
:2027F0000000FFFFAA9B0000009EFFFFAA9C00000036FFFFAA9F00002328FFFFAAA700008D
:20280000000FFFFFAAA800000064FFFFAAAB00000000FFFFAAB3000000A4FFFFAAB4000047
:202810001388FFFFAAB500000000FFFFAAB600000002FFFFAAB700000002FFFFAAB900008E
:202820000000FFFFAABA00000000FFFFAABB00000000FFFFAABC00000000FFFFAABF000008
:202830000000FFFFAAC000000000FFFFAAC100000000FFFFAAC200000000FFFFAAC30000E2
:202840000000FFFFAAC400000001FFFFAAC500000000FFFFAAC600000000FFFFAAC70000C1
:202850000000FFFFAAC800000000FFFFAAC900000000FFFFAACA00000000FFFFAACB0000A2
:202860000000FFFFAACF00000000FFFFAAD200000000FFFFAAD300000000FFFFAAD4000070
:202870000000FFFFAAD700000000FFFEAB06000000000000FFFEAB08000000000000FFFE6E
:20288000AB1E000000000000FFFEAB20000000000000FFFEAB22000000000000FFFEAB2411
:20289000000000000000FFFEAB26000000000000FFFEAB28000000000000FFFEAB2A0000B8
:2028A00000000000FFFEAB2C000000000000FFFEAB2E000000000000FFFEAB300000000096
:2028B0000000FFFEAB34000000000000FFFEAB36000000000000FFFEAB380000000000006E
:2028C000FFFEAB3A000000000000FFFEAB3C000000000000FFFEAB3E000000000000FFFE4F
:2028D000AB40000000000000FFFEAB42000000000000FFFEAB44000000000000FFFEAB4639
:2028E000000000000000FFFEAB48000000000000FFFEAB4A000000000000FFFEAB4C000002
:2028F00000000000FFFEAB4E000000000000FFFEAB50000000000000FFFEAB520000800060
:20290000463BFFFEAB54000000000000FFFEAB56000000000000FFFEAB580000000000003C
:20291000FFFEAB5A00008000453BFFFEAB5C000000000000FFFEAB5E000000000000FFFE9E
:20292000AB60000000000000FFFEAB62000000000000FFFEAB64000000000000FFFEAB6668
:20293000000000000000FFFEAB68000000000000FFFEAB6A000000000000FFFEAB6C000051
:2029400000000000FFFEAB6E000000000000FFFEAB70000000000000FFFEAB72000000002F
:202950000000FFFEAB74000000000000FFFEAB76000000000000FFFEAB780000000000000D
:20296000FFFEAB7E000000000000FFFFB18A00000000FFFFB18D00000005FFFFB18E00007A
:202970000005FFFFB18F00000001FFFFB19000000000FFFFB19100000000FFFFB192000043
:202980000000FFFFB19500000000FFFFB19600000000FFFFB19700000000FFFFB198000021
:202990000000FFFFB19900000000FFFFB19A00000000FFFFB19B00000000FFFFB19C000001
:2029A0000000FFFFB19D00000000FFFFB19E00000000FFFFB19F00000000FFFFB1A00000E1
:2029B0000000FFFFB1A100000000FFFFB1A200000000FFFFB1A300000000FFFFB1A40000C1
:2029C0000000FFFFB1B200000000FFFFB1B300000000FFFFB1B400000000FFFFB1B500006D
:2029D0000000FFFFB1B600000000FFFFB1B700000000FFFFB1B800000000FFFFB1B900004D
:2029E0000000FFFFB1BA00000000FFFFB1BC00000000FFFFB1BD00000000FFFFB1BE00002A
:2029F0000000FFFFB1BF00000000FFFFB1C000000000FFFFB1C100000000FFFFB1C2000009
:202A00000000FFFFB1C300000000FFFFB1C400000000FFFFB1C500000000FFFFB1C60000E8
:202A10000000FFFFB1C700000000FFFFB1C800000000FFFFB1C900000000FFFFB1CA0000C8
:202A20000000FFFFB1CB00000000FFFFB1CC00000000FFFFB1CD00000000FFFFB1CE0000A8
:202A30000000FFFFB1CF00000000FFFFB1D000000000FFFFB1D100000000FFFFB1D2000088
:202A40000000FFFFB1D300000000FFFFB1D400000000FFFFB1D500000000FFFFB1D6000068
:202A50000000FFFFB1D700000000FFFFB1D800000000FFFFB1D9000003E8FFFFB1DA00005D
:202A600003E8FFFFB1DB00000005FFFFB1DC00000005FFFFB1DD00000032FFFFB1DE000001
:202A70000032FFFFB1DF0000012CFFFFB1E00000012CFFFFB1E1000001F4FFFFB1E2000087
:202A800001F4FFFFB1E300000000FFFFB1E400000000FFFFB1E500000000FFFFB1E60000F3
:202A90000000FFFFB1E700000000FFFFB1E800000000FFFFB1E900000000FFFFB1EA0000C8
:202AA0000000FFFFB1EB00000000FFFFB1EC00000000FFFFB1EE00000000FFFFB1EF0000A6
:202AB0000000FFFFB1F000000000FFFFB1F100000001FFFFB1F200000000FFFFB1F3000083
:202AC0000000FFFFB1F400000000FFFFB1F500000000FFFFB1F600000000FFFFB1F7000064
:202AD0000000FFFFB1F800000064FFFFB1F900000000FFFFB1FA00000000FFFFB1FB0000E0
:202AE0000000FFFFB1FC00000000FFFFB1FD00000000FFFFB1FE00000000FFFFB1FF000024
:202AF0000000FFFFB20000000000FFFFB20100000000FFFFB20200000000FFFFB203000000
:202B00000000FFFFB20400000000FFFFB20500000000FFFFB20600000000FFFEB20A0000DD
:202B100000000000FFFFB40700000047FFFFB4080000003CFFFFB40E00000082FFFFB40FAC
:202B20000000009BFFFFB41000000064FFFFB4110000044CFFFFB412000004A6FFFFB4138E
:202B3000000003CAFFFFB4140000047EFFFFB415000004A6FFFFB4160000041AFFFFB41750
:202B400000000294FFFFB418000002BCFFFFB41900000280FFFFB41A000002B2FFFFB41BBD
:202B5000000002BCFFFFB41C0000029EFFFFB41D0000029EFFFFB41E00000302FFFFB41F24
:202B6000000001F4FFFFB42000000042FFFFB42100000046FFFFB4220000003CFFFFB4234E
:202B700000000039FFFFB42400000046FFFFB42500000039FFFFB42600000042FFFFB427ED
:202B80000000004AFFFFB42800000040FFFFB42900000068FFFFB42A00000079FFFFB42B5C
:202B90000000006AFFFFB42C0000028AFFFFB42D000002EEFFFFB42E000001F4FFFFB42FCC
:202BA0000000029EFFFFB430000002D0FFFFB431000001F4FFFFB43200000000FFFFB43320
:202BB00000000000FFFFB43400000000FFFFB43500000000FFFFB43B00000000FFFFB44356
:202BC00000000000FFFFB44400000000FFFFB44500000000FFFFB44600000000FFFFB44717
:202BD00000000000FFFFB44800000000FFFFB44900000000FFFFB44A00000000FFFFB44BF7
:202BE00000000000FFFFB44C00000000FFFFB44D00000000FFFFB44E00000000FFFFB44FD7
:202BF00000000000FFFFB45000000000FFFFB45100000000FFFFB45200000000FFFFB453B7
:202C000000000000FFFFB45400000000FFFFB45500000000FFFFB45600000000FFFFB45796
:202C100000000000FFFFB45800000000FFFFB45900000000FFFFB45A00000000FFFFB45B76
:202C200000000000FFFFB45C00000000FFFFB45D00000000FFFFB45E00000000FFFFB45F56
:202C300000000000FFFFB46000000000FFFFB46100000000FFFFB46200000000FFFFB46336
:202C400000000000FFFFB46400000000FFFFB4650000015EFFFFB466000000F0FFFFB467C7
:202C500000000000FFFFB46800000000FFFFB46900000000FFFFB46A00000000FFFFB46BF6
:202C600000000000FFFFB46C00000000FFFFB46D00000000FFFFB46E00000000FFFFB46FD6
:202C700000000000FFFEB470000000000000FFFFB0D200000000FFFFB0D300000000FFFF24
:202C8000B0D40000000DFFFFB0D500000028FFFFB0D600000029FFFFB0D70000002AFFFF9E
:202C9000B0D800000000FFFFB0D900000000FFFFB0E000000000FFFFB10600000000FFFFD4
:202CA000B10B00000000FFFFB10C00000000FFFFB11000000006FFFFB11100000000FFFF1A
:202CB000B11200000000FFFFB11300000000FFFFB11400000000FFFFB11500000001FFFFF9
:202CC000B11600000000FFFFB11700000000FFFFB11800000000FFFFB11900000000FFFFDA
:202CD000B11A00000000FFFFB11B00000000FFFFB11C00000000FFFFB11D00000000FFFFBA
:202CE000B11E00000000FFFFB11F00000000FFFFB12000000000FFFFB12100000000FFFF9A
:202CF000B12200000000FFFFB12300000546FFFFB12400000000FFFFB12500000000FFFF2F
:202D0000B12600000000FFFFB12700000000FFFFB12800000000FFFFB12900000208FFFF4F
:202D1000B12A00000032FFFFB12B00000000FFFFB12C00000000FFFFB12D00000001FFFF06
:202D2000B12E00000000FFFFB12F00000000FFFFB13000000000FFFFB13100000000FFFF19
:202D3000B13200000000FFFFB13300000000FFFFB13400000000FFFFB13500000000FFFFF9
:202D4000B13600000000FFFFB13700000000FFFFB13800000000FFFFB139000004B0FFFF25
:202D5000B13A00000000FFFFB13E00000000FFFFB14000000000FFFFB14100000000FFFFAE
:202D6000B14200000000FFFFB14300000000FFFFB14400000000FFFFB14500000000FFFF89
:202D7000B14600000000FFFFB14700000000FFFFB14800000000FFFFB14900000000FFFF69
:202D8000B14A00000000FFFFB14B00000000FFFFB14C00000000FFFEB14E00000000000047
:202D9000FFFEB150000000000000FFFEB152000000000000FFFFB68400000000FFFFB685B4
:202DA00000000000FFFFB68600000000FFFFB68900000014FFFFB68A00000080FFFFB68F87
:202DB00000000008FFFFB69000000011FFFFB69100000000FFFFB69200000000FFFFB693D4
:202DC00000000000FFFFB69400000000FFFFB69500000000FFFFB69600000000FFFFB697CD
:202DD00000000000FFFFB69800000000FFFFB69900000000FFFFB69B00002EE0FFFFB69C9D
:202DE00000003A98FFFFB69D0000028AFFFFB69E0000F830FFFFB69F0000FB50FFFFB6A1B7
:202DF00000000000FFFFB6A200000000FFFFB6A300000000FFFFB6A400000000FFFFB6A565
:202E000000000000FFFFB6A700000000FFFFB6A900000000FFFFB6AD000000C8FFFFB6AE6F
:202E100000000000FFFFB6AF00000000FFFFB6B000000001FFFFB6B100000000FFFFB6B20F
:202E200000000000FFFFB6B300000000FFFFB6B400000000FFFFB6B500000000FFFFB6B6F0
:202E300000000000FFFFB6B700000000FFFFB6B800000000FFFFB6B900000000FFFFB6BAD0
:202E400000000000FFFFB6BB00000000FFFFB6BC00000000FFFFB6BE00000400FFFFB6BFAA
:202E500000000000FFFFB6C000000000FFFFB6C100000000FFFFB6C200000000FFFFB6C38C
:202E600000000000FFFFB6C400000000FFFFB6C500000000FFFFB6C600000000FFFFB6C76C
:202E700000000000FFFFB6C800000000FFFFB6C900000000FFFFB6CA00000000FFFFB6CB4C
:202E800000000000FFFFB6CD00000000FFFFB6CE00000000FFFFB6CF00000000FFFFB6D028
:202E900000000000FFFFB6D100000000FFFFB6D200000000FFFFB6D300000000FFFFB6D408
:202EA00000000000FFFFB6D500000000FFFEB6DA000000000000FFFEB6DC0000000000006D
:202EB000FFFFAE8300000000FFFFAE8500000002FFFFAE8600000000FFFFAE87000000003B
:202EC000FFFFAE9600000000FFFFAE9700000000FFFFAE9800000000FFFFAE9900000000E4
:202ED000FFFFAE9A00000000FFFFAE9B00000000FFFFAE9C00000000FFFFAE9D00000000C4
:202EE000FFFFAE9E00000000FFFFAE9F00000000FFFFAEA600000001FFFFAEA70000000097
:202EF000FFFFAEA800000000FFFFAEA900000000FFFFAEAA00000001FFFFAEAB000000016A
:202F0000FFFFAEAC00000001FFFFAEAD00000000FFFFAEAE00000001FFFFAEAF0000000049
:202F1000FFFFAEB000000000FFFFAEB100000000FFFFAEB20000000CFFFFAEB3000000001F
:202F2000FFFFAEB400000000FFFFAEB500000000FFFFAEB600000000FFFFAEB7000000000B
:202F3000FFFFAEB800000000FFFFAEB900000000FFFFAEBA00000000FFFFAEBB00000000EB
:202F4000FFFFAEBC00000000FFFFAEBD00000000FFFFAEBE00000000FFFFAEBF00000000CB
:202F5000FFFFAEC000000000FFFFAEC100000000FFFFAEC200000000FFFFAEC300000000AB
:202F6000FFFFAEC800000000FFFFAEC900000000FFFFAECF00000000FFFFAED00000000071
:202F7000FFFFAED100000000FFFFAED200000000FFFFAED400000000FFFFAED50000000045
:202F8000FFFFAED600000000FFFFAED700000000FFFFAED800000000FFFFAEDA0000000022
:202F9000FFFFAEDB00000000FFFEAEE0000000000000FFFEAEE4000000000000FFFEAEE6EF
:202FA000000000000000FF38AD80000043D100089E4800099E5700099ED200099ED60009AE
:202FB0009E7B00099E7F00099EB300099EC600099E5F00099E6300099EDA00099EDE0009DC
:202FC0009E6700099E5B00099EAB00099EAF00099E6B00099E6F00099E7300099E770009D9
:202FD0009E8300099E8700099F0200099F0600099E8B00099E8F00099F0A00099F0E000961
:202FE000464100094645000946490009464D00099E9B00099F1A00099F1E0009468D0009D3
:202FF0009F1600099E9700099EF600099EFC00099ECA00099ECE0009F4C50008F5000008E1
:203000009EF100099E4000099E440009AE3A0009AE3E0009803700099C3500095F8C0009D2
:203010005E9500095EC20009B62F0009B6330009B63700095ED200095EDA00095F1F0009A4
:20302000B63B00095EF500095EF900095F4100095F6600095F8800095F8400095F9000098F
:203030005F9400099C8C00095F2300095F8000095F4C00095F5000095EFD00095F0F000999
:203040005F1400095F3200099E4C000980770009807B0009807F00095EFF000980870009E5
:20305000805F0009B86D00095E710009805B0009C1180009C12600099EE20009C134000935
:20306000C18F0009C1A10009C15E0009C169000946990009469D0009AE940009FFFFB780DD
:2030700000000000FFFFB78100000000FFFEB782000000000000FFFEB7840000000000009C
:20308000FFFEB786000000000000FFFEB788000000000000FFFEB78A000000000000FFFE7F
:20309000B78C000000000000FFFEB78E000000000000FFFEB790000000000000FFFEB79211
:2030A000000000000000FFFEB794000000000000FFFEB796000000000000FFFEB798000032
:2030B00000000000FFFEB79A000000000000FFFEB79C000000000000FFFEB79E0000000010
:2030C0000000FFFEB7A0000000000000FFFEB7A2000000000000FFFEB7A4000000000000EE
:2030D000FFFEB7A6000000000000FFFCB7A800000000000000000000FFFCB7AC00000000CE
:2030E000000000000000FFFCB7B000000000000000000000FFFCB7B4000000000000000008
:2030F0000000FFFCB7B800000000000000000000FFFCB7BC00000000000000000000FFFCED
:20310000B7C000000000000000000000FFFCB7C400000000000000000000FFFCB7C8000048
:203110000000000000000000FFFFB88600000000FFFFB88700000000FFFFB88D00000000E3
:20312000FFFFB88F00000096FFFFB89A00000000FFFFB89B00000001FFFFB89C00000001BF
:20313000FFFFB89F00000000FFFFB8A000000000FFFFB8A100000000FFFFB8A20000000025
:20314000FFFFB8A300000000FFFFB8A400000000FFFFB8A500000000FFFFB8A600000008FD
:20315000FFFFB8A700000BB8FFFFB8A800000000FFFFB8A900000000FFFFB8AA0000000022
:20316000FFFFB8AB00000000FFFFB8AC00000001FFFFB8AD00000000FFFFB8AE00000000C4
:20317000FFFFB8AF00000000FFFFB8B000000000FFFFB8B100000000FFFFB8B200000000A5
:20318000FFFFB8B300000000FFFFB8B400000000FFFFB8B500000000FFFFB8B60000000085
:20319000FFFFB8B700000000FFFFB8B800000000FFFFB8B900000000FFFFB8BA0000000065
:2031A000FFFFB8BB00000000FFFFB8BC00000000FFFFB8BD00000000FFFFB8BE0000000045
:2031B000FFFEB8C0000000000000FFFEB8C2000000000000FFFFB98D00000800FFFFB98E82
:2031C00000000800FFFFB99700000000FFFFB99C00000800FFFFB99D00000000FFFFB99E95
:2031D00000000000FFFFB99F00000000FFFFB9A000000000FFFFB9A100000000FFFFB9A281
:2031E00000000000FFFFB9A300000000FFFFB9A400000000FFFFB9A500000000FFFFB9A661
:2031F00000000000FFFFB9A700000000FFFFB9A800000000FFFFB9A900000000FFFFB9AA41
:2032000000000000FFFFB9AB00000000FFFFB9AC00000000FFFFB9AD00000000FFFFB9AE20
:2032100000000000FFFFB9AF00000000FFFFB9B000000000FFFFB9B100000000FFFFB9B200
:2032200000000000FFFFB9B300000000FFFFB9B400000000FFFFB9B500000000FFFFB9B6E0
:2032300000000000FFFFB9B700000000FFFFB9B800000000FFFFB9B900000000FFFFB9BAC0
:2032400000000000FFFFB9BB00000000FFFFB9BC00000000FFFF87D100000800FFFF87D4D2
:203250000000000AFFFF87D500000000FFFF87D60000000BFFFF87D700000000FFFF87D8DB
:2032600000000000FFFF87D900000000FFFF87DA00000000FFFF87DB00000000FFFF87DCD0
:2032700000000000FFFF87DD00000000FFFF87DE00000000FFFF87DF00000000FFFF87E0B0
:2032800000000000FFFF87E100000000FFFF87E200000000FFFF87E600000000FFFF87E78A
:2032900000000000FFFF87E800000000FFFF87E900000000FFFF87EA00000000FFFF87EB64
:2032A00000000000FFFF87EC00000000FFFF87ED00000000FFFF87EE00000000FFFF87EF44
:2032B00000000000FFFF87F000000000FFFF87F100000000FFFF87F200000000FFFF87F324
:2032C00000000000FFFF87F400000000FFFF87F500000000FFFE87F6000000000000FFFF83
:2032D0008F5100000000FFFF8F5200000000FFFF8F5300000001FFFF8F5400000000FFFF5F
:2032E0008F5500000000FFFF8F5600000000FFFF8F5700000000FFFF8F5800000000FFFF40
:2032F0008F5B00000B00FFFF8F5D00000000FFFF8F5E00000000FFFF8F5F00000000FFFF0A
:203300008F6000000000FFFF8F6100000000FFFF8F6200000000FFFF8F6300000000FFFFF3
:203310008F6400000000FFFF8F6500000000FFFF8F6600000000FFFF8F6700000000FFFFD3
:203320008F6800000000FFFF8F6900000000FFFF8F6A00000000FFFF8F6B00000000FFFFB3
:203330008F6C00000000FFFF8F6D00000000FFFF8F6E00000000FFFF8F6F00000000FFFF93
:203340008F730000FFFFFFFF8F7400000000FFFF8F7500000000FFFFAE4900000000FFFF77
:20335000AE4A00000000FFFFAE4B00000000FFFFAE4C00000000FFFFAE4D00000000FFFF7F
:20336000AE4E00000000FFFFAE4F00000000FFFFAE5000000226FFFFAE5100000226FFFF0F
:20337000AE520000002AFFFFAE530000012CFFFFAE54000001F4FFFFAE5500000000FFFFF3
:20338000AE5600000000FFFFAE5700000000FFFFAE5800000000FFFFAE5900000000FFFF1F
:20339000AE5A00000000FFFFAE5B00000000FFFFAE5C00000000FFFFAE5D00000010FFFFEF
:2033A000AE5E00000001FFFFAE5F00000000FFFFAE6000000000FFFFAE6100000000FFFEDF
:2033B000AE62000000000000FFFFB38200000000FFFFB38300000000FFFFB3850000000050
:2033C000FFFFB38600000000FFFFB38700000000FFFFB38A00000000FFFFB38B0000000007
:2033D000FFFFB38D00000000FFFFB39100000000FFFFB39200000000FFFFB39400000000D5
:2033E000FFFFB39500000000FFFFB39600000000FFFFB39700000000FFFFB39800000000AF
:2033F000FFFFB39B00000000FFFFB39C00000000FFFFB39D00000000FFFFB3E30000000042
:20340000FFFFB3E400000000FFFFB3E500000001FFFFB3F600000000FFFFB3F70000000031
:20341000FFFFB85700000800FFFFB85800000800FFFFB85F00000000FFFFB8690000080035
:20342000FFFFB86A00000000FFFFB86B00000000FFFFB86C00000000FFFFB86D0000000006
:20343000FFFFB86E00000000FFFFB86F00000000FFFFB87000000000FFFFB87100000000E6
:20344000FFFFB87200000000FFFFB87300000000FFFFB87400000000FFFFB87500000000C6
:20345000FFFFB87600000000FFFFB87700000000FFFFB87800000000FFFFB87900000000A6
:20346000FFFFB87A00000000FFFF9BD700000001FFFF9BD900000000FFFF9BDA00000000C6
:20347000FFFF9BDB00000000FFFF9BDC00000000FFFF9BDD00000000FFFF9BDE0000021C48
:20348000FFFF9BDF0000021CFFFF9BE000000000FFFF9BE100000000FFFF9BE20000000028
:20349000FFFF9BE300000000FFFF9BE400000000FFFF9BE500000000FFFF9BE60000000026
:2034A000FFFF9BE700000000FFFFB80900000800FFFFB80A00000800FFFFB81D000000002A
:2034B000FFFFB82800000000FFFFB83900000000FFFFB83A00000000FFFFB83B000000004E
:2034C000FFFFB83D00000000FFFFB83E00000000FFFFB83F00000000FFFFB840000000001A
:2034D000FFFFB84100000000FFFFB84200000000FFFFB84300000000FFFFB84400000000FA
:2034E000FFFFB30600000000FFFFB30700000000FFFFB30800000000FFFFB309000005DC09
:2034F000FFFFB30A00000000FFFFB30B00000000FFFFB30C00000000FFFFB30D00000000CA
:20350000FFFFB30E00000000FFFFB30F00000000FFFFB31000000000FFFFB31100000000A9
:20351000FFFFB31200000000FFFFB31300000000FFFFB31400000000FFFFAD700000000133
:20352000FFFFAD7100000001FFFFAD7200000001FFFFAD7300000001FFFFAD740000000111
:20353000FFFFAD7500000001FFFFAD7600000000FFFFAD7700000001FFFFAD7B00000000F0
:20354000FFFFAD7C00000000FFFFAD7D00000000FFFFB0B000000000FFFFB0B1000000015E
:20355000FFFFB0B200000000FFFFB0B300000010FFFFB0B400000001FFFFB0B500000000C4
:20356000FFFFB0B600000000FFFFB0B700000000FFFFB0B800000000FFFFB1540000FFFF1B
:20357000FFFFB155000000FFFFFFB15600000000FFFFB1570000FFFFFFFFB158000000FF29
:20358000FFFFB15900000000FFFFB15A0000FFFFFFFFB15B000000FFFFFFB15C0000000008
:20359000FFFFA1E900000800FFFFA1EA00000800FFFFA1EC00000000FFFFA1ED00000000E3
:2035A000FFFFA1EE00000000FFFFA1EF00000000FFFFA1F000000000FFFFA1F100000000D1
:2035B000FFFFA41C00000000FFFFA41D00000000FFFFA41E00000000FFFFA41F00000000FD
:2035C000FFFFA42700000000FFFFA42800000000FFFF989100000800FFFF989200000800F9
:2035D000FFFF989300000800FFFF98A500000000FFFF98A600000000FFF0A42C000000FF75
:2035E000000000010000000200000001000000030000000100000002000000010000FFF0D1
:2035F000AA0B00000000102120423063408450A560C670E781089129A14AB16BC18CD1AD95
:20360000E1CEF1EFFFFFA43C00000000FFFFA43D00000000FFFFA43E00000000FFFFA43F9D
:2036100000000000FFFE94C0000000004248FFFE94C2000000004248FFFE94C4000000008D
:203620004248FFF59F35000000000000000000000000000000000000000000000000FFFF3A
:20363000B16400000001FFFEB166000000000000FFFEB168000000000000FFFF9F3300006A
:203640000000FFFF9F3400000000FFFCAA3C0000C37B0009C3A90009FFFCB16A0000C3D74C
:203650000009C4230009FFFCB17200000000000000000000FFFEA83E0000E9CA0009FFFEA7
:20366000AD7E0000E9CA0009FFFEB176000000000000FFFEB218000068000001FFFFB00061
:2036700000000000FFFFB16E00000000FFFF880000000000FFFFA1F400000000FFFFAF2A2D
:1836800000000000FFFFAFE800000000FFFFA2000000000000000000FD
:20369000A49C0009A49C0009A49C0009A49C0009A49C0009A49C0009A49C0009A49C0009D2
:2036A000A49C0009A49C0009A49C0009A49C0009A49C00099F3800099F4200099F4C0009DF
:2036B0009F5600099F6000099F6A00099F7400099F7E00099F8800099F9200099F9C0009F2
:2036C0009FA600099FB000099FBA00099FC400099FCE00099FD800099FE200099FEC000962
:2036D0009FF60009A0000009A00A0009A0140009A01E0009A0280009A0320009A03C0009CB
:2036E000A0460009A0500009A05A0009A0640009A06E0009A0780009A0820009A08C00093A
:2036F000A0960009A0A00009A0AA0009A0B40009A0BE0009A0C80009A0D20009A0DC0009AA
:20370000A0E60009A0F00009A0FA0009A1040009A10E0009A1180009A49C0009A49C000924
:20371000A1220009A12C0009A1360009A49C0009A49C0009A49C0009A49C0009A49C0009AA
:20372000A1400009A14A0009A1540009A15E0009A1680009A1720009A17C0009A186000921
:20373000A1900009A19A0009A1A40009A1AE0009A1B80009A1C20009A49C0009A49C0009F5
:20374000A1CC0009A1D60009A1E00009A1EA0009A1F40009A1FE0009A2080009A21200099F
:20375000A21C0009A2260009A2300009A23A0009A2440009A24E0009A2580009A262000909
:20376000A26C0009A2760009A2800009A28A0009A2940009A29E0009A2A80009A2B2000979
:20377000A2BC0009A2C60009A2D00009A2DA0009A2E40009A2EE0009A2F80009A3020009E8
:20378000A30C0009A3160009A3200009A49C0009A49C0009A32A0009A3340009A33E0009B1
:20379000A49C0009A49C0009A49C0009A49C0009A3480009A3520009A35C0009A3660009E9
:2037A000A3700009A37A0009A3840009A38E0009A49C0009A49C0009A49C0009A49C000939
:2037B000A3980009A3A20009A3AC0009A3B60009A49C0009A49C0009A49C0009A49C000989
:2037C000A49C0009A49C0009A49C0009A49C0009A49C0009A49C0009A49C0009A49C0009A1
:2037D000A3C00009A3CA0009A49C0009A49C0009A49C0009A49C0009A49C0009A49C000941
:2037E000A3D40009A3DE0009A49C0009A49C0009A49C0009A49C0009A49C0009A49C000909
:2037F000A49C0009A49C0009A49C0009A49C0009A49C0009A49C0009A49C0009A49C000971
:20380000A49C0009A49C0009A49C0009A49C0009A49C0009A49C0009A49C0009A49C000960
:20381000A49C0009A49C0009A49C0009A49C0009A49C0009A3FC0009A4060009A410000913
:20382000A41A0009A4240009A42E0009A4380009A4420009A49C0009A49C0009A49C000966
:20383000A49C0009A49C0009A49C0009A49C0009A49C0009A44C0009A4560009A460000902
:20384000A46A0009A4740009A47E0009A4880009A492000900000000000000000000000091
:2038500000000000FFFF007D007D007D007D25800000FFFFFFFF000201A402760000024064
:2038600000000228FFFF01E000CD00C800F0009601CC021C00000001FFFF00000248003CB4
:203870000078005A0000FFFF0000012C0000000001CC00140032000A000100000096001E69
:203880000050001E005F01EA022801EA0228000000010001FFFFFFFFFFFFFFFF08FC000033
:203890000000000003840096028AFFFFFFFF001E0000000000010001000000002710FFFF1E
:2038A000FFFF0000000000000000000000000001271000000000021C01FE005F0055000001
:2038B0000000FFFFFFFFFFFFFFFF08000000080000000800000008000000080000000800D0
:2038C0000000080000000800000008000000080000000800000008000000080000000800A8
:2038D00000000800000008000800080008000800080008000800080008000800FFFFFFFF7C
:2038E000FFFFFFFFFFFF0000000000000000000000120000000000000000000000000000BC
:2038F0000000000000000000000000000000000000000000000100000000000000000000B7
:203900000000000000000000000000780000003C00000000000000000000000000000001F2
:203910000000000100010000000000000000000000000000000000000000000000000A8CFF
:203920000384FFFFFFFFFFFFFFFFFFFFFFFFAAAA000000000000FFFF007D007D007D007DC6
:2039300025800000FFFFFFFF000201A402760000024000000228FFFF01E0012C012C015EB3
:2039400000DC01CC021C00000001FFFF00000248003C0078005A0000FFFF0000012C00001E
:20395000000001CC00140032000A0001000000DC001E0050001E005F01EA022801EA022848
:20396000000000010001FFFFFFFFFFFFFFFF08FC00000000000003840096028AFFFFFFFFA4
:20397000001E0000000000010001000000003A98FFFFFFFF00000000000000000000000049
:2039800000013A9800000000021C01FE005F005500000000FFFFFFFFFFFFFFFF0800000083
:203990000800000008000000080000000800000008000000080000000800000008000000D7
:2039A0000800000008000000080000000800000008000000080000000800080008000800B7
:2039B0000800080008000800080008000800FFFFFFFFFFFFFFFFFFFF0000000000000000C9
:2039C0000000001200000000000000000000000000000000000000000000000000000000D5
:2039D00000000000000000010000000000000000000000000000000000000000007800005E
:2039E000003C00000000000000000000000000000001000000010001000000000000000088
:2039F000000000000000000000000000000000000A8C0384FFFFFFFFFFFFFFFFFFFFFFFFA6
:203A0000AAAA00000FEB0FEA0FE90FE80FE70FE50FE40FE20FE10FDF0FDE0FDC0FDA0FD81C
:203A10000FD60FD40FD20FD00FCD0FCB0FC90FC60FC30FC00FBD0FBA0FB70FB40FB10FAD70
:203A20000FA90FA60FA20F9E0F990F950F900F8C0F870F820F7D0F770F720F6C0F660F601C
:203A30000F5A0F530F4D0F460F3F0F370F300F280F200F180F100F070EFE0EF50EEC0EE36B
:203A40000ED90ECF0EC50EBA0EAF0EA40E990E8D0E810E750E690E5C0E4F0E420E350E273E
:203A50000E190E0A0DFC0DED0DDE0DCE0DBE0DAE0D9E0D8D0D7C0D6B0D590D480D360D2354
:203A60000D110CFE0CEB0CD70CC40CB00C9B0C870C720C5D0C480C330C1D0C070BF10BDBE6
:203A70000BC50BAE0B970B800B690B510B390B210B090AF00AD70ABE0AA50A8C0A730A5964
:203A80000A400A260A0C09F309D909BF09A5098B09710956093C0923090A08F108D908C0AF
:203A900008A7088F0876085B08400824080907EE07D307B8079D07820768074D0734071B8F
:203AA000070306EA06D206BA06A2068A0673065C0645062E0617060105EB05D505BF05A982
:203AB0000594057F056A05550540052C0518050404F104DE04CB04B804A6049404820470D6
:203AC000045F044D043C042C041B040A03FA03EA03DA03CB03BC03AD039E038F0381037364
:203AD000036503570349033C032E004600350050004E00300031000D000000000000005081
:203AE000004500530054000D000000000000000000000050004800450043004B000D000055
:203AF00000000000000000510033000000000000000000000000000000000050005300434C
:203B000000490052000D0000000000000000004B00000000000000000000000000000000B2
:203B100000000050004600410055004C0054000D00000000000000500031000D000000002E
:203B20000000000000000000000000510032000D00000000000000000000000000000051A4
:203B3000004400000000000000000000000000000000005000460041004E002A000D0000D5
:203B4000000000000000004300480047002A000D000000000000000000000043004F004D7D
:203B5000004D0044002A000D00000000000000460035004D0050002A000D0000000000003E
:203B600000000F9C0F990F950F940F900F890F850F810F7C0F770F730F6E0F690F640F5EE8
:203B70000F580F520F4B0F440F3D0F360F2E0F260F1E0F150F0C0F030EF90EEF0EE40EDA61
:203B80000ECE0EC20EB50EA90E9B0E8D0E7F0E700E610E510E410E300E1E0E0C0DFA0DE615
:203B90000DD20DBE0DA90D930D7D0D660D4E0D360D190D040CEA0CCF0CB40C980C7C0C5F1B
:203BA0000C410C230C050BE60BC60BA60B850B640B420B200AFE0ADB0AB80A950A710A4D6E
:203BB0000A2A0A0509E109BC09970972094D0929090308DF08BA08950870084C0827080308
:203BC00007DF07BB079707740751072E070C06EA06C806A60685066406440624060505E6BB
:203BD00005C705A9058C056E05520535051904FE04E304C804AE0494047A0462044A043241
:203BE000041A040403ED03D703C103AC03980382036E0004000300040002000400030004B9
:203BF000000200040003000400020004000300040002000400030004000200040003000481
:203C0000000200040003000400020004000300040002000400030004000200040003000470
:203C1000000200040003000400020004000300040002000400030004000200040003000460
:203C200000020004000300040002000400030004000200006E09000843D300084557000827
:203C300054D40008725D0008573E0008562C000845CC000853F70008499200088607000863
:203C4000862E00088622000887B4000800070005000600020006000100070003000300028B
:143C500000070005000C00070004000300040002000400022E
:203C60009B1E00089B4000089B5300089B6900089B7700089B8400089B9100089B9E0008E8
:203C70009BAA00089BB000089BB600089BC800089BCE00089BDA00089BE900089BF80008BB
:203C80009C0500089C1200089C1F00089C2C00089C390008A5F600089C4600089C4C0008D8
:203C90009C5200089C6100089C6D0008A5F60008A5F60008A5F60008A5F60008A5F60008D9
:203CA000A5F600089C7900089C9500089CD00008A5F600089CFA00089D1600089D510008A5
:203CB0009E7D00089E9900089ED50008A5F60008A5F60008A5F60008A5F60008A5F60008E8
:203CC0009EFF00089F1B00089F630008A5F60008A5F60008A5F60008A5F60008A5F6000844
:203CD0009F8D00089FCF0008A00B0008A0C70008A5F60008A5F60008A5F60008A5F600087C
:203CE000A0EF0008A10B0008A5F60008A1510008A17B0008A1940008A1C80008A1F200086F
:203CF000A20B0008A23F0008A2690008A2820008A2B60008A2E00008A2F90008A32D000872
:203D0000A3570008A3700008A3AD0008A3D70008A3F00008A4240008A44E0008A467000834
:203D1000A4A40008A4CE0008A4E70008A51B0008A5450008A5F60008A55E0008A58600089B
:203D2000A5F60008A59C000896DA000896F500089AF800089AF80008906E00088F44000877
:203D30008F64000892E800088F8400089AF800088FAE000892FF00089799000890FF000894
:203D40009124000891490008917100089AF800089AF800089364000892D100089AF8000882
:203D500093A6000893C7000893F9000894130008942D00089AF800089AF800089444000890
:203D600094670008948000089497000894AE000894CE000894E70008950000089639000846
:203D70009650000895170008953A000895530008956C00089585000895DB00089614000875
:203D8000959E000895BB000896670008967E0008969500089AF800089AF800089AF800086E
:203D90009AF800088FD8000890090008904B0008902D00089AF800089AF8000897250008C9
:203DA0009AF800089AF80008976B00089782000892BA000891D9000891F0000892070008B4
:203DB000921E0008974800089AF800089AF8000897B4000897C0000897E5000897FC00084F
:203DC0009AF8000892350008926F00089286000892A3000898130008982A0008984C0008AB
:203DD00098680008987F000896AC000896C3000899CC000899B50008999E000899870008D7
:203DE0008D4300089AF800088D790008A6030008A6130008A61F0008A62B0008A637000846
:203DF000A6440008A6510008A65E0008A66B0008A6780008A6850008A6910008A6970008C0
:203E0000A69D0008A6A30008A6A90008A6B50008A6C10008A6CD0008A6D70008A6E200084D
:203E1000A6ED0008A6F80008A7030008A70E0008A7190008A7230008A7280008A72D000895
:203E2000A7320008A7370008A73C0008A84D0008A8590008A85F0008A8650008A86B00088B
:203E3000A8710008A8770008A87D0008A8830008A8890008A88F0008A8940008A8990008C5
:203E4000A89E0008A8A30008A8A80008A8AD0008A8B20008A8B70008A8BC0008A8C1000866
:203E5000A8CB0008A8D40008A8D90008A8DE0008A8E30008A8E80008A8ED0008A8F20008D2
:203E6000A8F70008A8FC0008A75C0008A7680008A7750008A7820008A78E0008A79A0008F2
:203E7000A7A60008A7B20008A7BE0008A7C80008A7D20008A7DC0008A7E60008A7F0000858
:203E8000A7FA0008A7FF0008A80A0008A80F0008A8140008A8190008A81E0008A823000824
:083E9000A8280008A82D000875
:00000001FF
