:020000040008F2
:0400000000481AD3C7
:02000200425664
:0200030030319A
:0200040048565C
:02000500303198
:20000800761BFFF0E20000BDE63006002942561676256F00761BFFF0E20000BDE630060081
:200018002942561676256F00761BFFF0E20000BDE63006002942561676256F00761BFFF04B
:20002800E20000BDE63006002942561676256F00761BFFF0E20000BDE6300600294256160A
:2000380076256F00761BFFF0E20000BDE63006002942561676256F00761BFFF0E20000BD63
:20004800E63006002942561676256F00761BFFF0E20000BDE63006002942561676256F007F
:20005800761BFFF0E20000BDE63006002942561676256F00761BFFF0E20000BDE630060031
:200068002942561676256F00761BFFF0E20000BDE63006002942561676256F00761BFFF0FB
:20007800E20000BDE63006002942561676256F00761BFFF0E20000BDE630060029425616BA
:2000880076256F00761BFFF0E20000BDE63006002942561676256F00761BFFF0E20000BD13
:20009800E63006002942561676256F00761BFFF0E20000BDE63006002942561676256F002F
:2000A800761BFFF0E20000BDE63006002942561676256F00761BFFF0E20000BDE6300600E1
:2000B8002942561676256F00761BFFF0E20000BDE63006002942561676256F00761BFFF0AB
:2000C800E20000BDE63006002942561676256F00761BFFF0E20000BDE6300600294256166A
:2000D80076256F00761BFFF0E20000BDE63006002942561676256F00761BFFF0E20000BDC3
:2000E800E63006002942561676256F00761BFFF0E20000BDE63006002942561676256F00DF
:2000F800761BFFF0E20000BDE63006002942561676256F00761BFFF0E20000BDE630060091
:200108002942561676256F00761BFFF0E20000BDE63006002942561676256F00761BFFF05A
:20011800E20000BDE63006002942561676256F00761BFFF0E20000BDE63006002942561619
:2001280076256F00761BFFF0E20000BDE63006002942561676256F00761BFFF0E20000BD72
:20013800E63006002942561676256F00761BFFF0E20000BDE63006002942561676256F008E
:20014800761BFFF0E20000BDE63006002942561676256F00761BFFF0E20000BDE630060040
:200158002942561676256F00761BFFF0E20000BDE63006002942561676256F00761BFFF00A
:20016800E20000BDE63006002942561676256F00761BFFF0E20000BDE630060029425616C9
:2001780076256F00761BFFF0E20000BDE63006002942561676256F00761BFFF0E20000BD22
:20018800E63006002942561676256F00761BFFF0E20000BDE63006002942561676256F003E
:20019800761BFFF0E20000BDE63006002942561676256F00761BFFF0E20000BDE6300600F0
:2001A8002942561676256F00761BFFF0E20000BDE63006002942561676256F00761BFFF0BA
:2001B800E20000BDE63006002942561676256F00761BFFF0E20000BDE63006002942561679
:2001C80076256F00761BFFF0E20000BDE63006002942561676256F00761BFFF0E20000BDD2
:2001D800E63006002942561676256F00761BFFF0E20000BDE63006002942561676256F00EE
:2001E800761BFFF0E20000BDE63006002942561676256F00761BFFF0E20000BDE6300600A0
:2001F8002942561676256F00761BFFF0E20000BDE63006002942561676256F00761BFFF06A
:20020800E20000BDE63006002942561676256F00761BFFF0E20000BDE63006002942561628
:2002180076256F00761BFFF0E20000BDE63006002942561676256F00761BFFF0E20000BD81
:20022800E63006002942561676256F00761BFFF0E20000BDE63006002942561676256F009D
:20023800761BFFF0E20000BDE63006002942561676256F00761BFFF0E20000BDE63006004F
:200248002942561676256F00761BFFF0E20000BDE63006002942561676256F00761BFFF019
:20025800E20000BDE63006002942561676256F00761BFFF0E20000BDE630060029425616D8
:2002680076256F00761BFFF0E20000BDE63006002942561676256F00761BFFF0E20000BD31
:20027800E63006002942561676256F00761BFFF0E20000BDE63006002942561676256F004D
:20028800761BFFF0E20000BDE63006002942561676256F00761BFFF0E20000BDE6300600FF
:200298002942561676256F00761BFFF0E20000BDE63006002942561676256F00761BFFF0C9
:2002A800E20000BDE63006002942561676256F00761BFFF0E20000BDE63006002942561688
:2002B80076256F00761BFFF0E20000BDE63006002942561676256F00761BFFF0E20000BDE1
:2002C800E63006002942561676256F00761BFFF0E20000BDE63006002942561676256F00FD
:2002D800761BFFF0E20000BDE63006002942561676256F00761BFFF0E20000BDE6300600AF
:2002E8002942561676256F00761BFFF0E20000BDE63006002942561676256F00761BFFF079
:2002F800E20000BDE63006002942561676256F00761BFFF0E20000BDE63006002942561638
:2003080076256F00761BFFF0E20000BDE63006002942561676256F00761BFFF0E20000BD90
:20031800E63006002942561676256F00761BFFF0E20000BDE63006002942561676256F00AC
:20032800761BFFF0E20000BDE63006002942561676256F00761BFFF0E20000BDE63006005E
:200338002942561676256F00761BFFF0E20000BDE63006002942561676256F00761BFFF028
:20034800E20000BDE63006002942561676256F00761BFFF0E20000BDE630060029425616E7
:2003580076256F00761BFFF0E20000BDE63006002942561676256F00761BFFF0E20000BD40
:20036800E63006002942561676256F00761BFFF0E20000BDE63006002942561676256F005C
:20037800761BFFF0E20000BDE63006002942561676256F00761BFFF0E20000BDE63006000E
:200388002942561676256F00761BFFF0E20000BDE63006002942561676256F00761BFFF0D8
:20039800E20000BDE63006002942561676256F00761BFFF0E20000BDE63006002942561697
:2003A80076256F00761BFFF0E20000BDE63006002942561676256F00761BFFF0E20000BDF0
:2003B800E63006002942561676256F00761BFFF0E20000BDE63006002942561676256F000C
:2003C800761BFFF0E20000BDE63006002942561676256F00761BFFF0E20000BDE6300600BE
:2003D8002942561676256F00761BFFF0E20000BDE63006002942561676256F00761BFFF088
:2003E800E20000BDE63006002942561676256F00761BFFF0E20000BDE63006002942561647
:2003F80076256F00761BFFF0E20000BDE63006002942561676256F00761BFFF0E20000BDA0
:20040800E63006002942561676256F00761BFFF0E20000BDE63006002942561676256F00BB
:20041800761BFFF0E20000BDE63006002942561676256F00761BFFF0E20000BDE63006006D
:200428002942561676256F00761BFFF0E20000BDE63006002942561676256F00761BFFF037
:20043800E20000BDE63006002942561676256F00761BFFF0E20000BDE630060029425616F6
:2004480076256F00761BFFF0E20000BDE63006002942561676256F00761BFFF0E20000BD4F
:20045800E63006002942561676256F00761BFFF0E20000BDE63006002942561676256F006B
:20046800761BFFF0E20000BDE63006002942561676256F00761BFFF0E20000BDE63006001D
:200478002942561676256F00761BFFF0E20000BDE63006002942561676256F00761BFFF0E7
:20048800E20000BDE63006002942561676256F00761BFFF0E20000BDE630060029425616A6
:2004980076256F00761BFFF0E20000BDE63006002942561676256F00761BFFF0E20000BDFF
:2004A800E63006002942561676256F00761BFFF0E20000BDE63006002942561676256F001B
:2004B800761BFFF0E20000BDE63006002942561676256F00761BFFF0E20000BDE6300600CD
:2004C8002942561676256F00761BFFF0E20000BDE63006002942561676256F00761BFFF097
:2004D800E20000BDE63006002942561676256F00761BFFF0E20000BDE63006002942561656
:2004E80076256F00761BFFF0E20000BDE63006002942561676256F00761BFFF0E20000BDAF
:2004F800E63006002942561676256F00761BFFF0E20000BDE63006002942561676256F00CB
:20050800761BFFF0E20000BDE63006002942561676256F00761BFFF0E20000BDE63006007C
:200518002942561676256F00761BFFF0E20000BDE63006002942561676256F00761BFFF046
:20052800E20000BDE63006002942561676256F00761BFFF0E20000BDE63006002942561605
:2005380076256F00761BFFF0E20000BDE63006002942561676256F00761BFFF0E20000BD5E
:20054800E63006002942561676256F00761BFFF0E20000BDE63006002942561676256F007A
:20055800761BFFF0E20000BDE63006002942561676256F00761BFFF0E20000BDE63006002C
:200568002942561676256F00761BFFF0E20000BDE63006002942561676256F00761BFFF0F6
:20057800E20000BDE630060029425616E28000BEFFF176177602761BFFF0E20000BDE63087
:2005880006002942561676256F00FE029641762252016009F5A97022CCA9FFFE5002F4A9B0
:2005980070226F07F5A9702218A9FFFCF4A97022761AFE82FF6900067622F5A97029CCA95E
:2005A800FFBF5028F4A97029F6457700761AFF69000676229A55F4A970259AAAF4A97025E8
:2005B800761AFF690006764807A13B1076260000762F0000FF6976480A3276480A0C76483F
:2005C8001AC076480658764806A0764806BE764806D49A017648058D764805B1764805A4D9
:2005D80076480A64E8021A40E8021FD18F008B3876480A79761F0030280440007622761FC8
:2005E80000348F081966A83E761F00358F008A03A80C8F081758A80E761F00378F081714DF
:2005F800A8048F081725A806761A76230109761F00331822FFFE1A2200401A220080183004
:20060800FFEF1830FFDF1A3200041A320008FF690006FE047C4397429641FE8400060006AD
:20061800FE0476220200761F01F01E3C761F01F11E3C761F01F21E3C761F01F31E3C761F0B
:2006280001F41E3C761F01F51E3C8F007C00A8422B43924352C0670F2901BE00901F5206CF
:2006380061065603014307428AA9C2C40A43924352C068F58F007F00A8422B439243521866
:20064800670C2901BE005603014307428AA9C2C40A439243521868F8761AFE84FF6900062C
:20065800764806187622761F01F01A0D0800761F01FC1A050800761F01F01A0B08001809CC
:20066800FF3F761F01F2180DFFBFCC08CFFF1AA910009608CC22CFFF1AA910009622180D4A
:20067800FF7F1A04C000CC083FFF1AA940009608CC223FFF1AA940009622180DFDFFCC0976
:20068800FFF350089609CC23FFF350049623180DFBFF1A050030CC09FFCF50209609CC236C
:20069800FFCF50109623761AFF69000600060006761F01C856BF071056BF03112B1256BF4C
:2006A800A21356BF031456BF2311761F01C856BF072056BF03211822FF00CC23FF0050A21C
:2006B800962356BF032456BF23210006761F01C8280AE040280B20442B0C761F01C8281AB0
:2006C800E040281B20442B1C761F01C8282AE040282B20442B2C0006761F01C856BF0700A6
:2006D80056BF030156BF03041A0400011A0400021802FF00CC03FF0050A2960356BF2301E3
:2006E800761F01C856BF071056BF031156BF03141A1400011A1400021812FF00CC13FF00AD
:2006F80050A2961356BF2311761F01C856BF072056BF03241A2400011A2400021822FF0070
:20070800CC23FF0050A2962356BF23210006FE027622761F01C09229900796419241506837
:200718009629761AFF69FE8200067622761F174C1A2200011A2200041A2200081A220010E7
:200728001A2200201A2300011A2300041A2400011A2400021A2600011A2600021A26000490
:200738001A2600081A2600101A2600201A2600401A2600801A2601001A2602001A260400A2
:200748001A2608001A2800011A2800021A2800041A2800081A2800101A2800201A2A000139
:200758001A2A00021A2A00041A2E00011A2E00021A3000011A3000021A3000041A30000829
:200768001A3200011A3200021A3200041A3400011A3400021A3600011A3600021A380001F1
:200778001A3800021A3900011A3A00011A3C00011A3C00021A3C00041A3C00081A3E0001A4
:200788001A3E00021A3E00041A3E00081A3E00101A3E00201A3E00401A3E0080761F174DF2
:200798001A0300011A0300021A030004761AFF6900067648070F8F481AE028A800008F00E1
:2007A800800028A90A6776481A497640898B7622FF69764815EE761F174C1A3C00011A3C1E
:2007B80000021A3C00041A3C00088F05D1B692C460098F007BDD761F1746A836A838A83A14
:2007C800A83C761F174C183CFFFE183CFFFD183CFFFB183CFFF7761A9A01D400D5019B2864
:2007D800FF69764808207648071D00067622761F1748CC08FFFC50029608F6FA7700F632F1
:2007E80077001A080010761AFF6900067622761F17481808FFF7F6FA7700F6327700180882
:2007F800FFFCF6FA7700F63277001A080010761AFF6900067622761F17481808FFEFF6FA26
:200808007700F6327700CC08FFFC50019608761AFF6900067622761F01C0CC25FF0050557B
:200818009625CC25FF0050AA9625761AFF690006FE207D527C519750964F56BF015F761FD2
:200828001748884F920890030EA90FA6601588509214907F0EA90FA6600F8851CC14030048
:20083800FFC70EA90FA6600888529222903F0EA90FA6FFE101C8884F920890030EA90FA624
:2008480061116F0A764807DE6F0D764807EE6F0A764808026F07924F61F9520161FA5202DF
:2008580061F2762288509214907F0EA90FA660088851CC140300FFC70EA90FA66123761F2D
:200868001744922C761F1748180EFFFDF67877001822FFC02B60926052056714761F174820
:20087800180EFFFEF614770056030851CA500EA91E1492169001520160FD0A60926052056B
:2008880068EE9252523F61089C01CD22FFC0903FCAA896226F06CD22FFC0903FCAA89622BC
:20089800761F01C09222965392299654922A965576222B2ACC25FF0050559625CC25FF00D4
:2008A80050AA962576083B3092BE96562B2256BF2829761F17441A2C0001761F17481A0E50
:2008B8000002F6147700FF69764808127622925F5201FFE001208F000800761F1748CC1614
:2008C8000002FFC052016016180EFFFDF6787700180EFFFEF614770056030851CA500EA958
:2008D8001E1492169001520160FD1A0E0002F6147700761F0030920C9657060A1E44920ED8
:2008E8009658920F9659761F174D923C9007965DCC3C0038FFC2965E761F00309214965AD1
:2008F80006121E469216965B9217965C761F00301A0C00103B01FF2FE0001E0A180EFF009E
:200908001A0C00201A0C80001A0C40006F16761F174DCC3CFFF85001963C6F15761F174D60
:20091800CC3CFFF85002963C6F0E761F174DCC3CFFF85003963C6F07924F61F1520161F6AF
:20092800520261E6761F00301A1480001A1440001A140010A8121816FF001A140020761F2B
:2009380000301A0C0010761F00301A140010761F00301A0C0020761F00301A1400201A14EA
:2009480080001814FFEF761F0030180CFFEF761F00304F146D05761F00304F0C6CF9761F6A
:2009580000301A0C0010761F00301A1400103B01FF2FE000761F003003081E489257960C0B
:2009680006441E0A9258960E9259960F925D761F174D9007CD3CFFF8CAA8963C925E900795
:20097800FF82CD3CFFC7CAA8963C925A761F0030961406461E12925B9616925C9617E2C41A
:2009880001517700E8020400E274000977007700E2C403507700E71000C87700E203004C74
:20099800761F17489222903F60039A016F059222903F560301A985A9BDA90F12770077002D
:2009A80077007700E68900007700E203004EE2840148E2AF034CE2AF024EE8022800E27450
:2009B8000008E27400997700770077007700E72000087700E203004A9B009A01E801EE602A
:2009C800E2AF014AE80E6668E6940001AD14620AE805EE60E80E6668E6940001AD14640226
:2009D8009A00520061029B01975F925F5201FFE1FEE6761F1744182CFFFE761F01C0CC259E
:2009E800FF0050559625CC25FF0050AA96251A540028925496299255962ACC53FFFE962235
:2009F80040566D02291041566D022920F6C87700761F17489252CD22FFC0903FCAA896229E
:200A0800761AFEA0FF690006FE068F082748A8428F000D00A844020607421E4202060744B2
:200A18001E4476222B45924552DD670D83448A42A0A9C4840902A8421E44C2C50A459245B2
:200A280052DD68F5761A761F00331A200001FF69FE8600063B10761F00331820FFFE2B2208
:200A38002B242B262B282B2A2B2C2B2E2B302B322B342B362B382B232B252B272B292B2B31
:200A48002B2D2B2F2B312B332B352B372B39FF690006FE04A044A84206440F42690C8A42E2
:200A58009284A8428A48C4A4DE01C24896C406440F4266F6FE8400068F000C00761F022C24
:200A6800A8380200761F003019011E022B062B071A0400101A0400200200761F022C1E3AA1
:200A78000006FE08E2030146E2030044A84206441EE48A4206461EF4E2AF0044E2AF0146F0
:200A8800E70000087700E68800007700E20300488A428AC4064819011ED48A428AC42BF429
:200A98008A428AC42BFC8A428AC41AE400108A428AC41AE400208A428AC418E4FBFF8A42C1
:200AA8008AC418E4F7FF8A428AC41AE440008A4202001ED4FE880006FE022B419241523C7D
:200AB800670677000A419241523C68FCFE82FF690006FE0496412B426F0B2B431B432EE0A2
:200AC800670677000A431B432EE068FC0A429241544266F4FE84FF69000676229A55F4A9EA
:200AD80070259AAAF4A97025761AFF690006FE068F084002A8428F084003A8448F08400091
:200AE800A84688C42901FF20FFFF0FA6610D8A4228A9463554C460088A4428A9504E54C45D
:200AF800600300484000FE86FF69000676480B0F76480B3D761F022C56BF010C76480E4929
:200B080076480B8476480B9F76480BE100060201761F022C1E1C2B0E2B0C2B0D2B119211E1
:200B1800528C670E58118F00C9002894FFFF58118F008A802B940A119211528C68F42B11FA
:200B280056BF051756BF05182B0F56BFFF1002001E1E8F080000A8228F00FFFFA8302B328B
:200B38002B338F084000A820000676480E8D761F022C580D8F008A809294520D6034761FD2
:200B4800022A9200524660289201523560259202525060229203524E601F9206520D601C31
:200B5800920452306015920552316012761F022C921776480E4F9A4176480E649A0D76486D
:200B68000E64761F022C921876480E4F6F13761F022C2B0D6F04761F022C2B0D761F022AC7
:200B78002B006FC4920D528B67C1920E61BF0A0D6FBD000602000006FE0A9A068F084000CB
:200B88007640870E96497640878E520260FD5DADFF2002008F084000DD885DA57640854AB9
:200B9800964952006103764088FEFE8A0006FE0C9A0228A85A5A8F0500241EC48F05F8008E
:200BA80002C876408496964B52006103764088FE9A00764086C3964B52006103764088FE54
:200BB8008F084000A84A8F0AFFFFA8A90F4A69208A4A9A067640870E964B7640878E5202CB
:200BC80060FD5DADFF2002008A4ADD885DA57640854A964B52006103764088FEFF200400CF
:200BD800074A1E4A8F0AFFFFA8A90F4A66E2FE8C0006B2BDFE06761F022C2B1176480E49A4
:200BE800761F022C2B0D76480E8D6F06761F022C2B0D76480E8D761F022A9200520568F7C7
:200BF800528C66F5761F022C56BF010D2B0C6F0976480E8D761F022C0A0D920D528C6708F0
:200C0800761F022A9200761F022C540D66F2761F01FC1A070800761F022C920D52056823FE
:200C18002B0F56BFFF100B0D761F022A560308029403761F022C0EA91E1E06225601001E38
:200C28002B118F008A806F0558119294F20F0A11920D541166FA58118F008A809294961086
:200C38000A0D6F0456BFFF0F2B10921776480E4F761F022C88100E0F0FA6FFE00181920DC3
:200C48005208602E761F022A9204525260299205524F60269206524160239A4176480E64A9
:200C5800761F022C28AC00180620562290FF76480E64761F022CCC2100FF76480E64761FFC
:200C6800022C29010620FF4790FF76480E64761F022CCC2000FF76480E64FFEF0154761F33
:200C7800022C920D520C603A761F022A92045243603592055252603292065243602F9A648F
:200C880076480E4F761F022A880728AC001806A6563B1EA62901250807A61EA756030809C1
:200C980088A906A70DA60D0A761F022C1E288F42C0008F084000A0A976480DD9761F022C73
:200CA8001E2A0F2860069A4176480E64FFEF011B9A4E76480E64FFEF0116761F022C920DB3
:200CB800520A6028761F022A9204524560239205524F602092065241601D560308072901D5
:200CC8009408761F022C25A91E228F080000A8A90F22660B8F0AFFFFA8A90F2268069A41B3
:200CD80076480E64FFEF00EF9A4E76480E64FFEF00EA761F022C920D52086049761F022AD9
:200CE8009204524560449205524F604192065246603E8F084000A8448F084001A8468A441D
:200CF80088C42901FF20FFFF0FA6601A8A4688C40FA660168F084002A8448F084003A84646
:200D08008A4488C40FA6600C8A4688C40FA6600802048F0840001E42A8A9764089078A44B5
:200D180088C42901FF20FFFF0FA6610C8A4688C40FA661089A4176480E649A0D76480E64EA
:200D28006F009A4E76480E64FFEF009D8F084000761F022CA8A90F1E662D8F084010A8A9B6
:200D38000F1E6928761F022A92085246600492095235610A920A52506004920B524E6104B5
:200D4800920552486013560308049405761F022D9628761F022A560308069407761F022DE0
:200D580096299A4176480E646F6D9A4E76480E646F698F084000A8A90F1E665D8F0AFFFF36
:200D6800A8A90F1E6858761F022A40016D50761F022C56BF04116F43761F022C5911581139
:200D78008F008A805603089CD80194940EA91E2458129A0193248F00C90094A096129794B0
:200D8800761F022A9201520269089A027401761F022C081100026F238F084000761F022C17
:200D9800A8A90F1E66068F084010A8A90F1E6608061E1E200E121E42061E7640894F761F55
:200DA800022A2B01761F022C921261098F00C90058122894FFFF0B12921260FB761F022AA9
:200DB800920160BB9A4176480E646F0C9A4E76480E646F089A4E76480E646F049A4E764827
:200DC8000E649A0D76480E64761F01FC1A0C00021A022000761F022C921876480E4FFFEF56
:200DD800FE0FFE0C1E44A842020019011E4802001E4606440F46695F290106421E4A8F08D8
:200DE8004000A8A90F4A600A761F022DCC28FF00FFC7964BC628964C6F2A8F084001A8A9A7
:200DF8000F4A600A761F022DCC29FF00FFC7964BC629964C6F1C8F084002A8A90F4A600674
:200E080056BF464B56BF354C6F128F084003A8A90F4A600656BF504B56BF4E4C6F088A4281
:200E180092C4FFC7964B92C490FF964C06488F082548B74B9B0090FFFF30560100A4064800
:200E2800FF4770C471CC1E48B74C9B0090FF8F082548FF30560100A40648FF4770C471CC2D
:200E38001E48020107421E42020107461E4606440F4666A406481CA9FFFF1CA8FFFFFE8CCE
:200E4800000676480AD5761F022E2B040006FE0496412B425442690E2B431B43271067062A
:200E580077000A431B43271068FC0A429241544266F4FE84FF690006FE029641761F022C24
:200E680002010F1C600A761F01C8CC0A1F00FFC760FB924196096F1802020F1C600A761F37
:200E780001C8CC1A1F00FFC760FB924196196F0C02030F1C6009761F01C8CC2A1F00FFC79C
:200E880060FB92419629FE820006FE022B410201761F022C0F1C6008761F01C8CC0B1F00BE
:200E9800FFC796416F1402020F1C6008761F01C8CC1B1F00FFC796416F0A02030F1C600772
:200EA800761F01C8CC2B1F00FFC7964192416039761F022C920C5201600376480E49761FEC
:200EB800022C920E600F02010F1C600402021E1C6F0902020F1C600402031E1C6F0302014E
:200EC8001E1C02010F1C6008761F01C8CC0B1F00FFC796416F1402020F1C6008761F01C8D1
:200ED800CC1B1F00FFC796416F0A02030F1C6007761F01C8CC2B1F00FFC79641924161C939
:200EE8000201761F022C0F1C6009580D761F01C88F008A80C60796946F1602020F1C600920
:200EF800580D761F01C88F008A80C61796946F0B02030F1C6008580D761F01C88F008A8009
:200F0800C6279694761F022C920E600A580D8F008A8092945246600456BF040E6F51920E3E
:200F18005204604E580D8F008A809294520D6033761F022A9200524660299201523560268B
:200F28009202525060239203524E60209206520D601D9204523060159205523160120201AB
:200F3800761F022C0F1C600456BF010E6F1902020F1C600456BF020E6F1356BF030E6F10BC
:200F4800761F022C2B0E2B0D6F0B761F022C2B0E2B0D6F06920D520769032B0E2B0D920EBD
:200F5800600F02010F1C600402021E1C6F0902020F1C600402031E1C6F0302011E1CFE82C1
:200F680000067622FF69764815EE761F174C1A3C00011A3C00021A3C00041A3C00088F05AF
:200F7800D1B692C460098F007BDD761F1746A836A838A83AA83C761F174C183CFFFE183C19
:200F8800FFFD183CFFFB183CFFF7761A9A00D400D5019B28FF697648106E76480F9800060F
:200F98007622761F174C1A2200011A2200041A2200081A2200101A2200201A2300011A23C5
:200FA80000041A2400011A2400021A2600011A2600021A2600041A2600081A2600101A2607
:200FB80000201A2600401A2600801A2601001A2602001A2604001A2608001A2800011A2825
:200FC80000021A2800041A2800081A2800101A2800201A2A00011A2A00021A2A00041A2EA8
:200FD80000011A2E00021A3000011A3000021A3000041A3000081A3200011A3200021A3290
:200FE80000041A3400011A3400021A3600011A3600021A3800011A3800021A3900011A3A54
:200FF80000011A3C00011A3C00021A3C00041A3C00081A3E00011A3E00021A3E00041A3E0A
:2010080000081A3E00101A3E00201A3E00401A3E0080761F174D1A0300011A0300021A031D
:201018000004761AFF69000676220200761F174C1E221E241E261E281E2A1E2E1E301E32E6
:201028001E341E361E381E3A1E3C1E3E761F174D1E02761AFF69000676229A0228A85A5ACF
:20103800761F14001E24761AFF69000676229A0128A85A5A761F14001E24761AFF6900060F
:2010480076229A0028A85A5A761F14001E24761AFF6900067622761F01C0CC25FF00505566
:201058009625CC25FF0050AA9625761AFF690006FE027622761F01C0922990079641924130
:2010680050689629761AFF69FE820006FE207D527C519750964F56BF015F761F1748884FAD
:20107800920890030EA90FA6601588509214907F0EA90FA6600F8851CC140300FFC70EA9A9
:201088000FA6600888529222903F0EA90FA6FFE101CA884F920890030EA90FA661116F0A5C
:201098007648136C6F0D7648137C6F0A764813906F07924F61F9520161FA520261F27622BA
:2010A800761F174888509214907F0EA90FA660088851CC140300FFC70EA90FA66123761FCC
:2010B8001744922C761F1748180EFFFDF67877001822FFC02B60926052056714761F1748C8
:2010C800180EFFFEF614770056030851CA500EA91E1492169001520160FD0A609260520513
:2010D80068EE9252523F61089C01CD22FFC0903FCAA896226F06CD22FFC0903FCAA8962264
:2010E800761F01C09222965392299654922A965576222B2ACC25FF0050559625CC25FF007C
:2010F80050AA962576083B3092BE96562B2256BF2829761F17441A2C0001761F17481A0EF8
:201108000002F6147700FF69764810527622925F5201FFE001208F000800761F1748CC1673
:201118000002FFC052016016180EFFFDF6787700180EFFFEF614770056030851CA500EA9FF
:201128001E1492169001520160FD1A0E0002F6147700761F0030920C9657060A1E44920E7F
:201138009658920F9659761F174D923C9007965DCC3C0038FFC2965E761F00309214965A78
:2011480006121E469216965B9217965C761F00301A0C00103B01FF2FE0001E0A180EFF0045
:201158001A0C00201A0C80001A0C40006F16761F174DCC3CFFF85001963C6F15761F174D08
:20116800CC3CFFF85002963C6F0E761F174DCC3CFFF85003963C6F07924F61F1520161F657
:20117800520261E6761F00301A1480001A1440001A140010A8121816FF001A140020761FD3
:2011880000301A0C0010761F00301A140010761F00301A0C0020761F00301A1400201A1492
:2011980080001814FFEF761F0030180CFFEF761F00304F146D05761F00304F0C6CF9761F12
:2011A80000301A0C0010761F00301A1400103B01FF2FE000761F003003081E489257960CB3
:2011B80006441E0A9258960E9259960F925D761F174D9007CD3CFFF8CAA8963C925E90073D
:2011C800FF82CD3CFFC7CAA8963C925A761F0030961406461E12925B9616925C9617E2C4C2
:2011D80001517700E8020400E274000977007700E2C403507700E71000C87700E203004C1C
:2011E800761F17489222903F60039A016F059222903F560301A985A9BDA90F1277007700D5
:2011F80077007700E68900007700E203004EE2840148E2AF034CE2AF024EE8022800E274F8
:201208000008E27400997700770077007700E72000087700E203004A9B009A01E801EE60D1
:20121800E2AF014AE80E6668E6940001AD14620AE805EE60E80E6668E6940001AD146402CD
:201228009A00520061029B01975F925F5201FFE1FEE6761F1744182CFFFE761F01C0CC2545
:20123800FF0050559625CC25FF0050AA96251A540028925496299255962ACC53FFFE9622DC
:2012480040566D02291041566D022920F6C87700761F17489252CD22FFC0903FCAA8962245
:20125800761AFEA0FF690006FE107D467C45974496432B482B49761F17488843920A9003BF
:201268000EA90FA6601F8844921E907F0EA90FA660198845CC1E0300FFC70EA90FA66012AD
:201278008846922490030EA90FA6FFE100CB6F0A764813A06F0D764813AA6F0A764813B647
:201288006F07924361F6520161F7520461F87622761F17481818FFFD761AF6787700761F88
:20129800174D923C9007964DCC3C0038FFC2964E761F00309214964A06121E429216964B59
:2012A8009217964C7622761F174DCC3CFFF85006963C183CFFC7761F00301A140010020ABA
:2012B8001E122B162B171814BFFF761F17481A240003761A6F347622761F17481818FFFE58
:2012C800F614770056030845CA440EA91E1E1A180001761A92209001520160FD76221A185E
:2012D8000002F6147700761F00301A1400201814FFEF2B471B4703E8670E761F00304F14EA
:2012E8006C061A14800056BF01496F050A471B4703E868F41A1400100A48761A92485205A8
:2012F8006703924961C99249600876220200761F17481E1E761A76252B4F6F197622181865
:20130800FFFDF67877001818FFFEF614770056030845CA440EA91E1E92209001520160FD9C
:201318001A180002F61477000A4F761A761F174841206C04924F520A68E276229246CD246A
:20132800FFFC9003CAA89624761F174D924D9007CD3CFFF8CAA8963C924E9007FF82CD3C37
:20133800FFC7CAA8963C924A761F0030961406421E12924B9616924C96171A140020761AD6
:20134800FE90FF69000676220200761F17C019011E10020019011E12020019011E1402009F
:2013580019011E160200761F17C119011E10020019011E12020019011E14020019011E1686
:20136800761A9A00FF6900067622761F1748CC08FFFC50029608F6FA7700F63277001A085A
:201378000010761AFF6900067622761F17481808FFF7F6FA7700F63277001808FFFCF6FA94
:201388007700F63277001A080010761AFF6900067622761F17481808FFEFF6FA7700F632D6
:201398007700CC08FFFC50019608761AFF6900067622761F17481808FFF7180AFFFC761AB3
:2013A800FF6900067622761F17481808FFEFCC0AFFFC5001960A761AFF6900067622761F30
:2013B8001748CC0AFFFC5002960A761AFF6900067622761F174D1836FFFC761A7621FF698C
:2013C80000067622761F174DCC36FFFC50019636761A7621FF6900067622761F174DCC362C
:2013D800FFFC50029636761F1748180EFFFD180EFFFE761A7621FF6900067622761F174D7D
:2013E8001A360003761AFF697648101C7622761F1748180EFFFD180EFFFE761A7621FF6950
:2013F8000006FE0476220200761F01F01E3C761F01F11E3C761F01F21E3C761F01F31E3CAD
:20140800761F01F41E3C761F01F51E3C8F007C00A8422B43924352C0670F2901BE00901FA4
:20141800520661065603014307428AA9C2C40A43924352C068F58F007F00A8422B4392438A
:201428005218670C2901BE005603014307428AA9C2C40A439243521868F8761AFE84FF69DA
:201438000006FE0E7C4B974A9649901F964C9249900F964D92499007964E29018F007C0082
:201448009249FFC4FF84560301A9560100A4A842924B520F666C924CFFC3560301A907427F
:2014580009061E44924CFFC3560301A9074209201E46924CFFC2560301A9074209281E4808
:201468007622FF6902038A44FF5A5603014D16A9563BFF55FF5A92ABC0C492AAC0CC020306
:20147800FF5A8A465603014D16A9563BFF55FF5A92ABC0C492AAC0CC0203FF5A924BFFC103
:2014880088A98A46A9A989A6FF5A5603014D16A9563BFF5A92AB98C492AA98CC0203894B07
:201498008A44FF5A5603014D16A9563BFF5A92AB98C492AA98CC0203FF5A8A485603024EAB
:2014A80016A9563BFF55FF5A92ABC0C492AAC0CC0203894A8A48FF5A5603024E16A9563BA2
:2014B800FF5A92AB98C492AA98CC761AFE8EFF690006FE187C5797569655901F0EA91E4E65
:2014C8009255900F0EA91E502D4E0201563B1E5229018F007C009255FFC4FF84560301A975
:2014D800560100A4A842020A07421E44020C07421E46021007421E48021207421E4A064EC3
:2014E800FF43FF30074209021E4C76228A440652FF55C0C4C1CC92565201601F8A440652B2
:2014F80098C499CC42576C068A4A065298C499CC6F068A4A0652FF55C0C4C1CC9257900597
:2015080061078A460652FF55C0C4C1CC6F238A46065298C499CC6F1E8A440652FF55C0C4C8
:20151800C1CC40576C078A460652FF55C0C4C1CC6F058A46065298C499CC41576C068A4856
:20152800065298C499CC6F068A480652FF55C0C4C1CC92579030FFC30EA91E54FF69020385
:201538008A4CFF5A5603015016A9563BFF55FF5A92ABC0C492AAC0CC0654610CA35456031D
:2015480001508A4C16A9563BFF5A92AB98C492AA98CC761AFE98FF690006FE0A974A96491E
:20155800901F0EA91E462D460201563B1E4829018F007C009249FFC4FF84560301A956018C
:2015680000A4A842023C07421E447622924A61068A44064898C499CC6F068A440648FF554F
:20157800C0C4C1CC761AFE8AFF690006FE0296417622761F01E49603761AFF69FE820006BC
:20158800FE0296417622761F01E49604761AFF69FE820006FE0296417622761F01E49605BE
:20159800761AFF69FE820006FE0296417622761F01E4960C761AFF69FE820006FE029641D5
:2015A8007622761F01E4960D761AFF69FE820006762228A9FFFF28A87FFF761F01F21E0C89
:2015B800761F01F302081E0C761F01F402201E0C3B01761F01F5FF29FFFF1E0C761AFF6971
:2015C800000676228F3FFC1C761F01F0A80C28A90E0028A8FC00761F01F11E0C28A943E7EE
:2015D80028A81EF0761F01F21E0C761F01F302081E0C761F01F402001E0C3B01761F01F529
:2015E800FF29FFFF1E0C761AFF690006FE02761F17400608290118A907009100FF479641FB
:2015F80052056004764815C96F0652066004764815B06F01FE820006FE049643FFC429010A
:201608008F007F00FF81560301A9560100A4A8429243901F2DA906C456221EA692A6900123
:201618009644FE840006FE0697469645FFC429018F007F00FF81560301A9560100A4A84231
:2016280002011EA69245901F2DA906A6563B1E449246600406441EE46F0306441ED4FE8626
:201638000006FE06A044A84206441E468A4609011E462BC48A46A8A909011E462BC48A4691
:20164800A8A909011E462BC48A46A8A909011E462BC48A46A8A909011E462BC48A46A8A9B7
:2016580009011E462BC48A46A8A909011E462BC48A46A8A909011E462BC48A46A8A90901EE
:201668001E4628C40A0A8A46A8A909011E462BC48A46A8A909011E4628C4018D8A46A8A956
:2016780009011E462BC4C54606A709011E46924296C783468AA50642DC01A84697C58A4667
:20168800A8A909011E4628C40A0A8A46A8A909011E462BC48A46A8A909011E462BC48A46B7
:20169800A8A909011E462BC48A46A8A909011E462BC48A46A8A909011E462BC48A46A8A967
:2016A80009011E462BC48A46A8A909011E462BC48A46A8A909011E462BC48A46A8A909019E
:2016B8001E462BC48A46A8A909011E462BC48A46A8A909011E462BC48A46A8A909011E4634
:2016C8002BC48A46A8A909011E462BC48A46A8A909011E462BC48A46A8A909011E462BC499
:2016D8008A46A8A909011E462BC48A46A8A909011E462BC48A46A8A909011E462BC48A46A8
:2016E800A8A909011E462BC4020107461E468A46FE860006761BFFF0E20000BDE6300600EB
:2016F80029425616761F003328210100E28000BEFFF176177602761BFFF0E20000BDE6309F
:20170800060029425616761F003328210100E28000BEFFF176177602761BFFF0E20000BD9E
:20171800E630060029425616761F003328210100E28000BEFFF176177602761BFFF0E20035
:2017280000BDE630060029425616761F003328210100E28000BEFFF176177602761BFFF04A
:20173800E20000BDE630060029425616761F003356BF8021E28000BEFFF176177602761BDB
:20174800FFF0E20000BDE630060029425616761F003356BF8021E28000BEFFF1761776026D
:20175800761BFFF00005ABBDA8BDA0BDC2BDC3BDE20000BDE20300BDE20301BDE20302BD3B
:20176800E20303BDE6300600FF6929425616761F022E0A041B04032068052B049A00764858
:201778001A329A0176481A2CE2AF03BEE2AF02BEE2AF01BEE2AF00BEE28000BEC5BEC4BEFF
:2017880083BE8ABE87BE00033B30FFF176177602761F022D921E900F6108921E900F58A944
:201798008F008B4092946F26921E90F0610ACC1E00F0FFC358A98F008B4092949C046F1A3B
:2017A800CC1E0F00610ACC1E0F00FFC758A98F008B4092949C086F0ECC1EF000610ACC1E2D
:2017B800F000FFCB58A98F008B4092949C0C6F029A0300063B10FF6976481790761F022D3E
:2017C800961F761F022D962028AC0006761F022D8F008A68301F560100A4761F022DA822DB
:2017D800003F2910FF6900068F008BC0761F022DA8260006761F022D2B1E761F022D2B207D
:2017E800761F022D2B1F0200761F022D1E22761F022D1E240006FE048F008A68A8422B43E6
:2017F8009243520467148A4202001EC48A422BD48A422BDC8A422BE48A4228ECFFFF02061C
:2018080007421E420A439243520468EEFE840006FE0296413B10761F022D8A2496EC8A24FD
:2018180092E496429241FF5ECE42601B761F022D9A012D20761F022DFF66FF5EC01E29105E
:20182800FF69764817C23B10761F022D8A2492E496429241C0E429109241FF5ECE426F0730
:201838009241C0E429109241FF5ECE42FE82FF690006FE023B10761F022D8A2492E49641A8
:201848002BE429109241FF69FE820006FE04974496433B1028AC00068F008A683043560151
:2018580000A4A8429A012D44FF6698E48A4292ECFF5ECEE461072D439A01761F022DFF6600
:20186800981E2910FE84FF690006764817DC764817E2764817F3000676481790761F022D22
:20187800961F962028AC00068F008A68301F560100A4A82206221E24764819560006FE0AD1
:20188800974A9649A842761F022D06261E480E4956010026834876481639A84628AC0006CC
:201898008F008A68304A560100A4A84406461EC48A442BD48A442BDC8A442BE49A01761F71
:2018A800022D2D4AFF66981EFE8A000676481790761F022D961F881F0E200FA6610D921F4A
:2018B800962028AC00068F008A68301F560100A4A82276481989000628AD91CEFF69561F74
:2018C8005616561AE61002002940761F00002902761B76481ADB52006142762228A9290830
:2018D80028A800080901611B76C8290829046F0F9B0024A9DF016C04290424A8DF011EA623
:2018E800F7A1248606A781A109011EA724A96303FF5C3B0459A9DF010009FFEC28A9FFFF8E
:2018F80028A8FFFF090161058F3FFFFF76481A08761A76481ADD28A9FFFF28A8FFFF0901FA
:20190800610E76FFFFFF6F06DF01C3BD1EA73E67C5BE24A9DF0124A8FF5860F776481AAE6E
:20191800764819E176480ADF764805BB7648186D28A9012C9B008F081A8176481887761FD2
:2019280002292B2B56BF0C2A28A901909B018F0819B676481887761F022956BF053156BFF2
:20193800643028A9012C9B028F081A6676481887761F022956BF073756BFC83628A9012CC8
:201948009B038F081A9A76481887761F022956BF0F3D56BF643C764818740006761F022D4F
:20195800C42406C696AD000787BEC5BEC4BE83BE8ABE82BE86BE000376017602761B760918
:201968000005AABDA2BDA8BDA0BDC2BDC3BDABBD0004761F022DC42492AD1EC6761F022DD4
:20197800C52206C796AD06221E24000787BEC5BEC4BE83BE8ABE82BE86BE00037601761789
:201988007602000700076FE6761BFFF0E20000BDE6300600FE0229425616F5410CE092415D
:2019980090FEFFC096421B410E0068030842008076256F00761BFFF0E20000BDE630060026
:2019A8002942561676256F00761BFFF0E20000BDE63006002942561676256F00FE02764864
:2019B80019D49A00764818109641761F01FC1A0A00021A04200028A903E876480E4F761F69
:2019C80001FC1A0C00021A02200076480E4976480AFE40416CE76FE6761F022E2B051A0586
:2019D80000010006761F022ECC050001000677006F00B2BD761F022D59A99236610D28AB27
:2019E800FFFF28AAFFFF28A9FFFF28A8FFFF0FAB6103767FFFFF761F022DC53E3E67761F62
:2019F800022D063A61041EA792A13E67761F022D063861031EA73E67764819DF8BBE000689
:201A0800B2BDAABDA2BDFE0882A4D1005ACB6F155CAD2901560303A107A3DC8809025CA49A
:201A180083A9020876481A49064261068A44834676481A495ACBD90192A254A166EAFE88F2
:201A280082BE86BE8BBE0006FE029641F4410CE1FE820006FE029641762252016009F5A983
:201A38007022CCA9FFFE5002F4A970226F07F5A9702218A9FFFCF4A97022761AFE82FF6900
:201A480000065200A8ABC5A4610788A9DE815C857C87000EFFFE88A90FA6610F5300610D6C
:201A58009DFF5CA876BFFFFE92859687000EFFFE92859687000CFFF8A9A40006FE02764815
:201A68001A7D9A0076481810964140416CFB761F022D0A3D923D520268F5761F01FC1A163B
:201A78000020761F022D2B3D6FED761F022D2B3C0006FE0276481A969A01764818109A01EB
:201A8800764818109A0076481810964140416CFB0201761F022D560100346FF5761F022D9F
:201A98002B300006FE0276481AA99A0076481810964140416CFB0201761F022D5601001CD3
:201AA8006FF59A017648181000060006020028ABFFFF28AAFFFF19010FAB60049A00D400E4
:201AB8006F05A9A492C4A9A4DC027648191A00067640898B764089B9764087AB000676258A
:201AC800FF690006761F022EA8000006761F022DA83E00060006561F7622B9C02829006828
:0C1AD800761A004818C49A0100060006A7
:201AE000AABD5AADDA84FE709645762229018F0700A856030B45560100A4D00CA8922BE20A
:201AF00002001EF202300FF269155CADDCE65DA406F2FF30D00C560100A506F2FF30079288
:201B00008AA906C41EC5020107F21EF202300FF266ED924552076006761F021E920B96EAEB
:201B10006F05761F021E920A96EA92EA9C01560301A980A9BE00FF690E0CC342C24476402A
:201B2000864AD00A1E925CEA761F021EDC0180A4BE005603040C0EA9C342C2447640864AE0
:201B3000D0081E92D024CC920FFFD00A0EA90F92670528E201F8FFEF020C5CAD02161E428F
:201B4000DCE602105CA476408799D0340F92610528E201F6FFEF01FD761F021E8A0402029C
:201B500018D4FFFD07048AA99A009001CDC4FFFECAA896C48F000144A8A907048AA9CCC4D7
:201B6000FFF8500596C4D0080692D02A1E420E9276408766761F021E8F0001201EA6A8A938
:201B700007048AA97EC4D0080692D02C1E42069276408766761F021E8F0001221EA6A8A952
:201B800007048AA9C2C4D0080692D0211E42929290FF0EA976408766761F021E88A98F003E
:201B90000110A8A907048AA992A693C43CA897C4D0080692D0231E42CC92FF00FFC70EA92A
:201BA00076408766761F021E8F0001141EA6A8A907048AA992A693C439A997C4D00806929A
:201BB000D0251E42CC92FF00FFC70EA976408766761F021E8F0001161EA6A8A907048AA995
:201BC0007EC4D0080692D0221E42CC92FF00FFC70EA976408766761F021E8F00011A1EA661
:201BD000A8A907048AA992A693C439A997C4D01FCC92FF008F000108FFC788A9A8A9070463
:201BE0008AA992C438A696C4D01F8F000108CC9200FF88A9A8A907048AA992A693C43CA80D
:201BF00097C4D01E8F00010CCC92FF00FFC788A9A8A907048AA992C438A696C4D01E8F0002
:201C0000010CCC9200FF88A9A8A907048AA992A693C43CA897C4D0208F00010ECC920FFFD2
:201C100088A9A8A907048AA992A6CCA90FFFCDC4F000CAA896C4D0208F00010ECC92F00010
:201C2000FFCB80A9A8A907048AA9CCC40FFF88A956030CA7CAA696C4D0248F00010ACC9291
:201C3000F000FFCB80A9A8A907048AA9CCC40FFF88A956030CA7CAA696C4D0218F000110EC
:201C4000CC92FF00FFC788A9A8A907048AA992C438A696C4D0238F000112CC9200FF88A9F0
:201C5000A8A907048AA992A693C43CA897C48F000134A8A907048AA9D0289292CCA90FFF25
:201C6000CDC4F000CAA896C48F000135A8A907048AA9D0279292CCA901FFCDC4FE00CAA832
:201C700096C48F000136A8A907048AA9D02B9292CCA90FFFCDC4F000CAA896C48F000137EF
:201C8000A8A907048AA9D02E9292CCA901FFCDC4FE00CAA896C48F000139A8A907048AA96B
:201C900018C4FE00D0268F00013CA8A907048AA992929CFF907FCDC4FF80CAA896C48F00D0
:201CA000013EA8A907048AA98F404500A0C4023207048AA928C4AA55D032CC92FF00FFC75C
:201CB00088A9024007048AA9CCA6000FCDC4FFF0CAA896C4024307048AA9D02E9292CCA97C
:201CC00001FFCDC4FE00CAA896C4024207048AA9D0319292CCA901FFCDC4FE00CAA896C432
:201CD000024507048AA9D02F9292CCA901FFCDC4FE00CAA896C4BE00024607048AA9C2C4B2
:201CE000028007048AA98F410104A0C4028207048AA98F400103A0C4028407048AA918C452
:201CF000FFF8028607048AA918C4FF80D030CC92FF00FFC788A9024807048AA9CCA6001F4F
:201D0000FF87CDC4E0FFCAA896C4D030CC9200FF88A9024807048AA992A6901FCDC4FFE094
:201D1000CAA896C4D033CC92FF00FFC780A9024A07048AA9CCC40FFF88A956030CA7CAA6C3
:201D200096C4D033CC9200FF88A9024C07048AA992A6901FCDC4FFE0CAA896C4D025CC92B6
:201D300000FF88A9025407048AA992A693C43CA897C4028207048AA9A0C4028007048AA91B
:201D40008F410104A0C4023207048AA92BC48F000144761F021EA8A907048AA9CCC4FFF84A
:201D5000500296C492E2FEF086BE0006FE2A97469645A044A84276222B47761F021E02901C
:201D600007041E4A02A007041E4C9206964D9208964E02001E501E521E541E561E5856034B
:201D7000014596599246965A06441E5C066E1E5E2B5F2B602B6102001E642B651E681E6ADF
:201D80000642FF301E42022807048AA992C49007520760059207964D9209964E5C4D06426D
:201D9000DC8189A41E50926F5202610A92596106884D0E5907500FA66903284701FD926F07
:201DA0005201610E5200610C925A61080650884E2901FF420D5A0FA66903284701FE926FBF
:201DB0005203600E92599007610B0E5A1EA69259FFC280A906A60FA76103284701FF8F0E8F
:201DC0000000A8A90F4266088F0F0000A8A90F426903284701FB8F0F0030A8A90F426608FE
:201DD0008F0F0038A8A90F426903284701FB8F0F0430A8A90F4266088F0F0438A8A90F4246
:201DE0006903284701FB8F0F0000A8A90F4266068F0F0020A8A90F42660B8F0F0400A8A99C
:201DF0000F42660E8F0F0420A8A90F426909926F52026004284702006F0356BF016F8F0781
:201E0000020192C4900F0EA91E6A02070F6A9247FFE000E89A10FF69764085EF9A027640DB
:201E10008674926F60128F000203761F021EA8A907048AA9CCC40020FFC452016006028FB0
:201E200007048AA91AC401000288C442761F021E07048AA9C2C4926F5202611C065029012A
:201E3000FF401E6892459CFF0EA907681E5206681E5806520F58680E835C0658074A8AA9EB
:201E40008885A05C7EC4020107581E5806520F5867F4028F761F021E07048AA9CCC4010030
:201E5000FFC75201FFE1008C926F5201FFE1008806502901FF421E54926F600A92599CFF0D
:201E60000EA907501E52FF4209011E566F040E5A07541E568F100000A8A90F42660E8F1F18
:201E7000FFFEA8A90F4268090642FF0F0020FF43FF1F02101E646F2B8F0F0000A8A90F42FE
:201E8000660E8F0F07FEA8A90F4268090642FF0F001EFF43FF1C10711E646F198F0F10000E
:201E9000A8A90F4266128F0F17FEA8A90F42680D064228AB120028AA0107FF0C00F1FF4309
:201EA000560100ABA9646F03284701FB924760372B6506541E5806560F5869318A6492C4C5
:201EB000965F0658600FC55E92C79660925FFFC788A98A4C56030860CAA696CC56BF016512
:201EC0006F1802010F5860158A5E9284FFC7A85E96619265520160088A4C56030860CA6167
:201ED00096CC2B656F068A4C5603085FCA6196CC020107581E5806560F5866D19A02764044
:201EE00085EF761F021E028F07048AA9CCC40100FFC752016006028F07048AA918C4FEFF32
:201EF0009247FF69FEAA0006FE0EA0461E44A8427622FF6906427640858752006030064271
:201F00001E4806448AA9DC81A844616E8A52834806C40FC5610F8A4606481EC48A48834676
:201F100006C41ED58A52834606C41EE528A901F46F5C06489B0090FFFF58600376408A651A
:201F200092536104020207521E52020207481E4806448AA9DC81A84460DA6F4606421E486E
:201F300006521E4A56BF044B56BF024B06448AA9DC81A844613902001E4E0E4B0F4E6920FE
:201F4000064E074A8AA9064E88C407488AA980C406A60FA7610F8A4606481EC48A488346D6
:201F50000EC41ED58A4A83460EC41EE528A901F46F1C0201074E1E4E0E4B0F4E66E20648D9
:201F60009B0090FFFF58600376408A65925361040202074A1E4A020207481E4806448AA99B
:201F7000DC81A84460C99A00FE8E0006FE041E44A84276228F05D20806C49B009003FF5810
:201F80006107BE0206C49B0090030FA6600FC544BE6406A7FF3007A7FF5A0200F61F56176B
:201F900000A6A9A9074409011E449244761F021E960C8A42CCC40F00FFC7960A8F00015D97
:201FA000A8A907428AA992C4900F960B06421E048F000200A8A907428AA992C4FFC3CCA969
:201FB00001C0FFC296068F000200A8A907428AA9CCC40380FFC3FFC296088F000201A8A97E
:201FC00007428AA9CCC40C00FFC3FFC296078F000201A8A907428AA9CCC40180FFC3FFC2D6
:201FD00096099A00FF69FE8400067622021A761F021E07048AA98F40FFFFA0C48F0001441C
:201FE000A8A907048AA9BE00CCC4FFF8500596C48F000152A8A907048AA9C2C48F00014493
:201FF000A8A907048AA9CCC4FFF8500296C48F000144A8A907048AA9CCC4FFF8500596C476
:202000008F000160A8A907048AA9C2C48F000144A8A907048AA9CCC4FFF8500296C48F0096
:202010000144A8A907048AA9CCC4FFF8500596C48F000162A8A907048AA9C2C48F000144CB
:20202000A8A907048AA9CCC4FFF8500296C49A00FF690006FE10A04A1E48A84676222B4B7C
:20203000020019011E4E761F021E022007048AA906C41E508F000180A8A907048AA91AC43E
:202040000002022007048AA928ABFFFF28AA0505A9C4FF697640869D5CADDC8E0EA41E423E
:202050002B438A46834A064876408414520061068A4A02011EF4284B01F40220C450761FF4
:20206000021E07048AA9C2C4924BFE900006FE021E42FF2F02100F426605FF2F02120F421C
:202070006628FF2F020E0F4266069A8028A801070F42661F28A9020028A801070F42660598
:2020800028A902800F426615FF2C10710F42660728A9108028A801070F42660B28A91200D9
:2020900028A801070F42660728A912800F4269039A016F029A00FE820006FE0EA04A1E48F2
:2020A000A84676222B4B761F021E022007048AA906C41E4E022007048AA928ABFFFF28AAD6
:2020B0000505A9C4FF697640869D06521E42925396438A46834A06487640841452006106F0
:2020C0008A4A02001EF4284B01F40220C44E761F021E07048AA9C2C4924BFE8E0006FE0294
:2020D000964176228F000144761F021EA8A907048AA9CCC4FFF8500596C48F000106A8A94C
:2020E00007048AA99241903FCDC4FFC0CAA896C48F00015AA8A907048AA9CCC4FFE0501597
:2020F00096C48F000144A8A907048AA9CCC4FFF8500296C49A00FF69FE820006FE0A964377
:20210000A8428F00FFFFA846A8482B495449691D8A429249F00158A90E9407461E46A346FE
:2021100018AA00000EA8560100ABA946064607481E48A3480EA818AA0000560100ABA948EF
:202120000A499243544966E50648FF3FCA46CB45FE8A0006FE061E4202001E4456BF014532
:2021300092455220661A28AC001F06425622FF5A0644FF30CAABCBAA1E440642FF301E421E
:20214000064A0F44660656410044020107421E420A459245522069EA06446104064C0742B4
:202150001E420642FE860006FE029641762252026105520661035208601D0218761F021EB2
:2021600007048AA91AC40001022807048AA992C4900752076005FF69764084F56F04FF69BD
:20217000764086E90218761F021E07048AA918C4FFFE9A00FF69FE820006FE028F08200005
:2021800006C41E428F08210006C41E428F08220006C41E428F08230006C41E428F0C2000B1
:2021900006C41E428F0C210006C41E428F0C220006C41E428F0C230006C41E420201764097
:2021A000874CFE820006FE04964176222B42761F021E022807048AA992C4900796430228DB
:2021B00007048AA918C4FFF8022807048AA992C49007610428A901FA6F029A009642520043
:2021C00060069241FF69764080009642FE84FF6900067622021A761F021E07048AA98F40EA
:2021D000FFFFA0C48F000144A8A907048AA9BE00CCC4FFF8500596C48F000152A8A90704F8
:2021E0008AA9C2C48F000144A8A907048AA9CCC4FFF8500296C49A00FF690006FE069641AD
:2021F000A84476222B450644FF301E449241520860052845020092456F139A10FF697640DE
:2022000085EF924176408674761F021EC444028807048AA9C2C49241764085EF9A00FE86A1
:20221000FF690006FE0AA04A1E48A8467622761F021E8F000180A8A907048AA91AC400022E
:20222000FF69064A1E4256BF0243834E8A460648764085BDFE8A0006FE021E42761F021EA2
:202230000E0C1EAC56650042A942064261090642610A020156410042064260FC6F0428A999
:2022400001F46F029A00FE82FF690006FE041E427622FF698748290156440042FF451E44B3
:2022500076408A650644FE840006FE0296417622FF699A10764085EF9241764085EF9A00B5
:20226000FE820006000000000000000000000000000000000000000000000000022A761F17
:20227000021E07048AA948C46C039A016F029A020006FE041E44A842064407428AA99248D9
:202280007640861EFE840006022A761F021E07048AA906C40006FE1202001E4E2B517622DB
:202290008F0500249A0228A85A5A1EC4FF698F05F80002C876408496965252006103764092
:2022A00088FE9A00764086C3965252006103764088FE9A068F0840007640870E96527640C5
:2022B000878E520260FD5DADFF2010008F084000DD8C5DA57640854A9652520061037640F4
:2022C00088FE2B51925152FF66098F00C800585196940A51925152FF69FB8F0840002B51E9
:2022D000A84E6F35BE008F40C800A0A9C2422B438A4E0D5183A99A089B007640827696520F
:2022E0007640878E520161FD92526103764088FE764087A41E505CAD2901761F022EDC8C2F
:2022F0000EA41E429251FFC08A4E560301A9070283A9020476408732965252006103764041
:2023000088FE020808510008074E1E4E8F0840FFA8A90F4E6903925261C69A068F08400099
:202310007640870E96527640878E520260FD5DADFF2010008F084000DD8C5DA57640854AFE
:20232000965252006103764088FE9A0128A85A5A8F0500241EC48F05FC0002C876408496E0
:20233000965252006103764088FE9A01764086C3965252006103764088FE9A068F0C2000E4
:202340007640870E96527640878E520260FD5DADFF2010008F0C2000DD8C5DA57640854AEA
:20235000965252006103764088FE761F17FC1800FFF08F0C20002B51A84E6F36BE008F4085
:20236000C800A0A9C24256BF01438A4E0D5183A99A089B007640827696527640878E52019C
:2023700061FD92526103764088FE764087A41E505CAD2901761F022EDC8C0EA41E429251C7
:20238000FFC08A4E560301A9070283A9020476408732965252006103764088FE02080851BC
:202390000008074E1E4E8F0C20FFA8A90F4E6903925261C59A068F0C20007640870E9652F8
:2023A0007640878E520260FD5DADFF2010008F0C2000DD8C5DA57640854A9652520061031F
:2023B000764088FE761F17FCCC00FFF0500A960028A85A5A8F0500249A001EC4761AFF69CE
:2023C000FE920006FE047640878E520260FD764087A41E42064261119A10764087759643B9
:2023D000764087A4FF586105764087A4FF5860FD92436103764088FEFE840006FE029641E6
:2023E0007625FF69FE8200067625FF690006FE121E4E02001E502B519A1876408775965297
:2023F0007640878E520260FD92526103764088FE064E2B511E506F2EBE008F408B68A0A929
:20240000C2422B438A500D5183A99A089B007640827696527640878E520161FD925261034F
:20241000764088FE5CADDC8C88A48F408B68A0A9C2420D518A5083A9020476408732965203
:2024200052006103764088FE02080851000807501E500656074E0F5066D0FE920006FE128E
:202430001E4E02001E502B51064E2B511E506F2EBE008F40C900A0A9C2422B438A500D5110
:2024400083A99A089B007640827696527640878E520161FD92526103764088FE5CADDC8C0C
:2024500088A48F40C900A0A9C2420D518A5083A9020476408732965252006103764088FEA8
:2024600002080851000807501E500656074E0F5066D0FE920006764810347622761F17E02A
:20247000CC1EFF005014961E1A2400011A200003761F17E61800FFFD1800FFFE761F17E088
:20248000CC00F0FF1AA903009600761F17E61A0000021A000001761F17ECCC00FFF0500AAF
:202490009600761AFF6976481048F6077700FF6900067648103E7622761F17F0CC1EFF007D
:2024A0005014961E1A2400011A200003761F17F61800FFFD1800FFFE761F17F0CC00F0FF66
:2024B0001AA903009600761F17F61A0000021A000001761F17FCCC00FFF0500A9600761AF4
:2024C000FF6976481048F6077700FF6900067622761F17E0CC1EFF005014961E1820FFFC44
:2024D0001824FFFE761AFF6900067622761F17F0CC1EFF005014961E1820FFFC1824FFFE14
:2024E000761AFF690006761BFFF00005ABBDA8BDA0BDC2BDC3BDE20000BDE20300BDE2030A
:2024F00001BDE20302BDE20303BDE6300600FF692942561676408A34761F003356BF0121F7
:20250000E2AF03BEE2AF02BEE2AF01BEE2AF00BEE28000BEC5BEC4BE83BE8ABE87BE000383
:202510003B30FFF176177602FE062B458F008A7AA8448F008A68A84206440F4268218A42FD
:2025200092D461170ADC8A42834292D454DD66112BDC28AC00068F008A683045560100A466
:20253000761F022D9A011AE400012D45FF66981E020607421E420A4506440F4267E1FE8639
:0E2540000006190156C3FFFF00069A000006B0
:202548000000000030967707612CEE0E51BA9909C419076DF48F706AA535E96395A39E64EB
:2025580088320EDBB8A479DCE91EE0D5D98897D24C2B09B67CBD7EB12D07E7B81D9190BF1B
:2025680010641DB720F26AB07148F3B941DE84BED47D1ADAE4EB6DDDB551F4D485C783D34B
:202578009856136CA8C0646BF97AFD62C9EC8A655C4F14016CD963063D63FA0F0DF58D087B
:2025880020C83B6E105E4C6941E4D5607172A267E4D13C03D4474B0485FDD20DB56BA50AAB
:20259800A8FA35B5986C42B2C9D6DBBBF940ACBC6CE332D85C7545DF0DCFDCD63D59ABD1DB
:2025A80030AC26D9003A51DE5180C8D76116BFD0F4B521B4C42356B39599CFBAA50FB8BD0B
:2025B800B89E280288085F05D9B2C60CE924B10B7C872F6F4C1158681DABC1612D3DB6663B
:2025C800419076DC710601DB20BC98D2102AEFD5858971B1B51F06B6E4A59FBFD433E8B8EB
:2025D800C9A27807F9340F00A88E96099818E10E0DBB7F6A3D2D086D6C9791645C01E6631B
:2025E80051F46B6B61621C6C30D88565004EF26295ED6C06A57B1B01F4C18208C457F50F4B
:2025F800D9C665B0E95012B7B8EA8BBE887CFCB91DDF62DD2D4915DA7CF38CD34C65FBD47B
:2026080061584DB251CE3AB50074A3BC30E2D4BBA5414ADF95D73DD8C46DA4D1F4FBD3D6AA
:20261800E96A4369D9FC346E8846AD67B8D0DA602D7344041DE533034C5FAA0A7CC9DD0DDA
:20262800713C500541AA27021010BE0B2086C90CB525576885B3206FD409B966E49FCE610A
:20263800F90E5EDEC99829D99822B0D0A8B4C7D73D1759B30D812EB45C3BB7BD6CADC0BA3A
:202648008320EDB8B3B69ABFE20C03B6D29A74B14739EAD577AF9DD2261504DB168373DC5A
:202658000B12E3633B8494646A3E0D6D5AA87A6ACF0BE40EFF9D9309AE270A009EB17D078A
:202668009344F00FA3D28708F2681E01C2FE6906575DF76267CB80653671196C06E76E6BBA
:202678001B76FED42BE089D37A5A10DA4ACC67DDDF6FF9B9EFF98EBEBE4317B78ED560B0EA
:20268800A3E8D6D6937EA1D1C2C438D8F2524FDF67F1D1BB5767A6BC06DD3FB5364B48B21A
:202698002BDAD80D1B4CAF0A4AF636037A604104EFC3DF60DF55A8678EEF316EBE7946694A
:2026A800B38CCB61831ABC66D2A0256FE23652687795CC0C4703BB0B16B92202262F55057A
:2026B8003BBEC5BA0B28B2BD5A922BB46A045CB3FFA7C2D7CF31B5D09E8B2CD9AE1D5BDEAA
:2026C800C2B09B64F226EC63A39C756A930A026D06A99C09363FEB0E67857207571305005A
:2026D8004A8295BF7A14E2B82BAE7BB11B380CB68E9B92D2BE0DE5D5EFB77CDCDF210BDB8A
:2026E800D2D486D3E242F1D4B3F868DD836E1FDA16CD81BE265BF6B977E16FB0477718B7BA
:2026F8005AE688086A70FF0F3BCA66060B5C11019EFF8F65AE69F862FFD3616BCF45166CEA
:20270800E278A00AD2EED70D83544E04B3C239032661A76716F7D060474D496977DB3E6E19
:202718006A4AAED15ADCD9D60B6640DF3BF037D8AE53A9BC9EC5DEBBCF7F47B2FFE930B549
:20272800F21CBDBDC28ACABA933053B3A3A624B43605BAD00693CDD7572954DE67BF23D979
:202738007A2EB3664AB8C4611B025D682B942A6FBE37B40B8EA1C30CDF1B5A05EF8D2D02A9
:20274800056C0008056C0008056C0008056C0008056C0008056C0008056C0008056C0008A9
:20275800056C0008056C0008056C0008056C0008056C00080008000800120008001C0008B6
:202768000026000800300008003A000800440008004E00080058000800620008006C0008C9
:202778000076000800800008008A000800940008009E000800A8000800B2000800BC000839
:2027880000C6000800D0000800DA000800E4000800EE000800F8000801020008010C0008A7
:202798000116000801200008012A000801340008013E00080148000801520008015C000811
:2027A8000166000801700008017A000801840008018E00080198000801A2000801AC000881
:2027B80001B6000801C0000801CA000801D4000801DE000801E80008056C0008056C0008FF
:2027C80001F2000801FC000802060008056C0008056C0008056C0008056C0008056C000884
:2027D80002100008021A000802240008022E00080238000802420008024C000802560008F9
:2027E80002600008026A000802740008027E00080288000802920008056C0008056C0008CD
:2027F800029C000802A6000802B0000802BA000802C4000802CE000802D8000802E2000879
:2028080002EC000802F6000803000008030A000803140008031E00080328000803320008E2
:20281800033C00080346000803500008035A000803640008036E0008037800080382000850
:20282800038C00080396000803A0000803AA000803B4000803BE000803C8000803D20008C0
:2028380003DC000803E6000803F00008056C0008056C000803FA000804040008040E00088C
:20284800056C0008056C0008056C0008056C00080418000804220008042C000804360008C0
:2028580004400008044A000804540008045E0008056C0008056C0008056C0008056C000810
:202868000468000804720008047C000804860008056C0008056C0008056C0008056C000860
:20287800056C0008056C0008056C0008056C0008056C0008056C0008056C0008056C000878
:2028880004900008049A0008056C0008056C0008056C0008056C0008056C0008056C000818
:2028980004A4000804AE0008056C0008056C0008056C0008056C0008056C0008056C0008E0
:2028A800056C0008056C0008056C0008056C0008056C0008056C0008056C0008056C000848
:2028B800056C0008056C0008056C0008056C0008056C0008056C0008056C0008056C000838
:2028C800056C0008056C0008056C0008056C0008056C000804CC000804D6000804E00008ED
:2028D80004EA000804F4000804FE00080508000805120008056C0008056C0008056C000841
:2028E800056C0008056C0008056C0008056C0008056C0008051C00080526000805300008DA
:2028F800053A000805440008054E00080558000805620008000000000000000000000000F9
:20290800FFFF8B5000000000FFFF8B5300000000FFFF8B5400000000FFFF8B55000000003F
:20291800FFFF8B5600000000FFFF8B5700000000FFFF8B5800000000FFFF8B59000000001D
:20292800FFFF8B5A00000000FFFF8B5B00000000FFFE8B5C000000000000FFFF8B12000049
:202938000000FFFE8B28000000000000FFFE8B2A000000000000FFFE8B2C0000C9000000A0
:20294800FFFE8B2E000000000000FFF08B40000000FF0000000100000002000000010000FC
:2029580000030000000100000002000000010000FFFF8B7600000001FFFE8B780000000058
:202968000000FFFE8B7A000000000000FFF88B680000FFFFFFFF4635504EFFFFFFFFFFFF54
:20297800FFFFFFFE8B72000000000000FFFE8B74000000000000FFFE8B7E00001AD2000851
:20298800FFFE8B8000001AD20008FFFE8B820000C8000000FFFF8B8400000000FFFF8B7D4E
:08299800000000000000000037
:044000000049F08201
:02400200463541
:02400300504E1D
:20401000FE062B442B45761F02C32B11FF20018F8F009300D5007649F08A9A00D50028A8F9
:2040200001048F0098C07649E1969A01D50028A801048F0099C47649E1969A02D50028A8B6
:2040300001048F009AC87649E196761F023C8F00FF00A83A761F02C82B19761F023C8F01FB
:204040000004A83C761F02C82B1A761F023C8F010108A83E761F02C82B1B28A93A9876497B
:20405000363A7649E179764912D976491347764914B27649219F52006004764959BE6F0302
:20406000764959E5761F02C42B2D8F084002A84228A9463554C46008922D6006761F02C67F
:2040700056BF010C6F04761F02C62B0C76491FED9CFF7649125B7649203A7649125176497B
:20408000AB3C764987F97649B081764880DF7649219B2DA93B01761F02C435B5FF11586152
:20409000FF469623764883E076488400764884187649C86A7648843D76497E7476491FAAAC
:2040A000761F02C496129A007649EDE696434043FFEC011C761F02C4923965050B399A00FF
:2040B000764971F6761F02C40A371B37012C6909923962079A01764971F6761F02C42B378B
:2040C00076487FCC761F02C456BF0115761F02BA922E52066011761F01009204761F02BAFA
:2040D000722F761F01149204761F02BA7230761F02BA56BF072E76491FAA761F02C48812E4
:2040E0000EA90FA6610A7649C86A76497E7476491FAA761F02C49612761F02C6920C600F52
:2040F000761F02C42B2E9A55764997B79A01764970479A019B017649EE276F079A00764915
:204100007047761F02C42B2D28A96ED6761F0242540360052B039A0176486E09761F0242B4
:20411000920052016011761F02C40A38923852C8690E9A00764870D3761F02422B00761F0D
:2041200002C42B386F04761F02C42B38761F02C3921861020B18761F02C4923261020B32DC
:20413000761F023D920161030B016F08761F023D920261042B027648843D761F02C4923388
:2041400061337648877052016040761F02C42B332B4492445203672528AC01048F0098C084
:204150003044D500560100A4924428A801047649E19628AC01048F00FF00290130445601CE
:2041600000A48F408F3A56030144560100A5A8C558448F00B2192B940A449244520368DD89
:20417000764887EB6F12761F02C3921961020B199A01764842029A0276484202761F02C45C
:204180009224521463020A24761F02C492175201600993450A451BA8096069052B452B173D
:204190006F022B450A011B01028A6603920060042B0176488418761F02C30A2E1B2E028A2F
:2041A00068042B2E764884007648845F7649D6FC761F02C4922B65020B2B764882DF764834
:2041B000B1697648B262761F02C49233600376488641761F02C49235520160070A36923617
:2041C00052A069032B362B3542436C14761F02C456BF642B761F024C0A00761F01FC1A0C17
:2041D0000004764913B6764913F1761F01FC1A0A000443436C12761F02C456BF642B761F2E
:2041E000024C0A00761F01FC1A0C0004764913B6761F01FC1A0A00044543FFECFEB6761FAD
:2041F00002C456BF642B761F024C0A00761F01FC1A0C0004764913B6761F01FC1A0A00045A
:20420000FFEFFEA3FE02964129018F008F3A56030141560100A492418AC47649E1E95841DD
:204210008F00B2229694584192945201601D8F00B21092945202FFE800E62B9428AC010442
:204220008F00FF0029013041560100A48F408F3A56030141560100A5A8C558418F00B219CB
:204230002B94FFEF00D08F00B2102B9458418F00B2191B940103681528AC01048F00FF0057
:2042400030412901560100A48F408F3A56030141560100A5A8C558418F00B2192B946FB556
:2042500092415201610352026067764925C428AC01048F00FF0088A93241A9A9560100A4A9
:2042600080C406A60FA7610930418F00FF00560100A492C4521F60508F00B219A8A90D41C4
:204270008AA90AC42901560301418F008F3A560100A40201560100C48F40B2195841304153
:204280008F00FF00560100A492957648886C5200FFE1FF7C761F02C39219FFE0FF7728ACE1
:2042900001048F00FF00304158418F40B219560100A4934192957648889428AC01048F009F
:2042A000FF0029013041560100A48F408F3A56030141560100A5A8C558418F00B2192B941B
:2042B000761F02C356BF0A18761F023D2B247648B263FFEFFF4B29018F008F3A5603014112
:2042C000560100A48AC492C4520D610B560301418F008F3A560100A48AC492C4520A602105
:2042D000761F02C4920B5202611C92417648432992417648430928AC01048F00FF0029019A
:2042E0003041560100A48F408F3A56030141560100A5A8C558418F00B2192B94FFEFFF1601
:2042F0008F00B219A8A90D418AA90AC4560301418F008F3A560100A40201560100C4FFEFBA
:20430000FF058F00B210A8A90D418AA90AC4FE820006B2BDFE029641520060192B429242D0
:2043100052376715584259428F00FF0092948F00B000969C584259428F009C0092948F0019
:20432000B037969C0A429242523768EDFE828BBE0006FE0496412B422B449242520E6768DF
:20433000761F02C49210544266099242520D61065209610456BF01446F022B4428AC0104FE
:204340008F00FF0030418F4A420D5842768A437E28AC000A560100A43042560100A59344BD
:2043500092967648704C5200613F9244612C58428F0A437E28AC0104589430418F00FF009E
:20436000560100A4D88156030894964358428F0A437E589430418F00FF00560100A492941B
:2043700072438F4A437E584230418F00FF00560100A492957648708688A90E430FA66103D4
:204380000A426F1329018F0A436256030142560100A49241C5C43E6792416042761F02C380
:204390002B2E2B0F6F3D0A429242520E689A92415201603276491FAA5204602E28AC01044F
:2043A0008F00FF003041560100A492C4527E6024304158418F00FF008F40B219560100A42C
:2043B0009295764981F528AC01048F00FF0029013041560100A48F408F3A5603014156010A
:2043C00000A5A8C558418F00B2192B94761F02C356BF05196F059241610376487016FE841B
:2043D00000069A000006FE04964356BF014428AC01048F009C003043560100A456BF28C47F
:2043E00032438F009C00A8A907AB0D441E42761F02D6921B8A427649D4000844000428ACCC
:2043F00001048F009C0058443043560100A49A0194A0964456BF20948F009C0058443043C7
:20440000560100A49A0194A0964456BF49948F009C0058443043560100A49A0194A0964428
:2044100056BF4E948F009C0058443043560100A49A0194A0964456BF56948F009C00324318
:20442000A8A907AB0D441E42761F01408A4206047649D4000844000428AC01048F009C0035
:2044300058443043560100A49A0194A0964456BF209432438F009C00A8A907AB0D441E429C
:20444000761F01418A4206047649D4000844000428AC01048F009C0058443043560100A4BE
:204450009A0194A0964456BF209432438F009C00A8A907AB0D441E42761F01418A420606D7
:204460007649D4000844000428AC01048F009C0058443043560100A49A0194A0964456BF8D
:20447000209432438F009C00A8A907AB0D441E42761F01418A4206087649D4000844000490
:2044800028AC01048F009C0058443043560100A49A0194A0964456BF20948F009C005844D5
:204490003043560100A49A0194A0964456BF54948F009C003243A8A907AB0D441E42761F0F
:2044A000014002641EA6A3208A420200F61F561700A692AB7649D4000844000428AC0104DF
:2044B0008F009C0058443043560100A49A0194A0964456BF209432438F009C00A8A907ABA2
:2044C0000D441E42761F014102641EA6A3008A420200F61F561700A692AB7649D400084475
:2044D000000428AC01048F009C0058443043560100A49A0194A0964456BF209432438F0044
:2044E0009C00A8A907AB0D441E42761F0141CC1600028A42FFC07649D4000844000428AC6F
:2044F00001048F009C0058443043560100A49A0194A0964456BF209432438F009C00A8A90F
:2045000007AB0D441E429A008A427649D4000844000428AC01048F009C0058443043560185
:2045100000A49A0194A0964456BF209432438F009C00A8A907AB0D441E429A008A427649FC
:20452000D4000844000428AC01048F009C0058443043560100A49A0194A0964456BF2094D7
:2045300032438F009C00A8A907AB0D441E42761F02C68A4292007649D4000844000428ACA5
:2045400001048F009C0058443043560100A49A0194A0964456BF20948F009C0030435601BA
:2045500000A4924393447649E278FE840006FE04964356BF014428AC01048F009C003043AE
:20456000560100A456BF28C458448F009C003043560100A49A0194A0964456BF41948F00E8
:204570009C0058443043560100A49A0194A0964456BF44948F009C0058443043560100A4BA
:204580009A0194A0964456BF44948F009C0058443043560100A49A0194A0964456BF5294AC
:204590008F009C0058443043560100A49A0194A0964456BF3D948F009C003243A8A907ABA4
:2045A0000D441E42764925C48A427649D3DF0844000328AC01048F009C00584430435601AC
:2045B00000A49A0194A0964456BF29948F009C0058443043560100A49A0194A0964456BFD9
:2045C00020948F009C003043560100A4924393447649E278FE840006FE06964356BF01440A
:2045D00028AC01048F009C003043560100A456BF28C432438F009C00A8A907AB0D441E4204
:2045E0007649497A8A427649D3DF0844000328AC01048F009C0058443043560100A49A0104
:2045F00094A0964456BF209432438F009C00A8A907AB0D441E429A238A427649D3DF08443A
:20460000000328AC01048F009C0058443043560100A49A0194A0964456BF209432438F0013
:204610009C00A8A907AB0D441E427649497E8A427649D3DF0844000328AC01048F009C0024
:2046200058443043560100A49A0194A0964456BF209432438F009C00A8A907AB0D441E42AA
:204630007649121B8A427649D3C50844000228AC01048F009C0058443043560100A49A0164
:2046400094A0964456BF209432438F009C00A8A907AB0D441E42764912138A427649D3DF0E
:204650000844000328AC01048F009C0058443043560100A49A0194A0964456BF2094324306
:204660008F009C00A8A907AB0D441E42764912178A427649D4000844000428AC01048F005C
:204670009C0058443043560100A49A0194A0964456BF209432438F009C00A8A907AB0D441E
:204680001E42761F02A98A4292197649D4000844000428AC01048F009C00584430435601B6
:2046900000A49A0194A0964456BF209432438F009C00A8A907AB0D441E427648F5CD8A4254
:2046A0007649D3C50844000228AC01048F009C0058443043560100A49A0194A0964456BF89
:2046B0002094761F02C692205201600D304358448F009C00560100A49A0194A0964456BF74
:2046C00031946F0C304358448F009C00560100A49A0194A0964456BF3094761F0281922811
:2046D0005201600D304358448F009C00560100A49A0194A0964456BF31946F0C30435844C8
:2046E0008F009C00560100A49A0194A0964456BF3094761F02C6921F5201600D3043584435
:2046F0008F009C00560100A49A0194A0964456BF31946F0C304358448F009C00560100A451
:204700009A0194A0964456BF3094761F02C692155201600D304358448F009C00560100A41E
:204710009A0194A0964456BF31946F0C304358448F009C00560100A49A0194A0964456BF98
:204720003094761F0281922A5201600D304358448F009C00560100A49A0194A0964456BF2E
:2047300031946F0C304358448F009C00560100A49A0194A0964456BF3094304358448F00D4
:204740009C00560100A49A0194A0964456BF2094761F02E248006C0D304358448F009C00DC
:20475000560100A49A0194A0964456BF31946F0C304358448F009C00560100A49A0194A04C
:20476000964456BF309445006C0D304358448F009C00560100A49A0194A0964456BF319410
:204770006F0C304358448F009C00560100A49A0194A0964456BF309444006C0D304358442B
:204780008F009C00560100A49A0194A0964456BF31946F0C304358448F009C00560100A4C0
:204790009A0194A0964456BF3094304358448F009C00560100A49A0194A0964456BF2094E0
:2047A000304358448F009C00560100A49A0194A0964456BF3094304358448F009C005601B1
:2047B00000A49A0194A0964456BF3094304358448F009C00560100A49A0194A0964456BFD0
:2047C00030948F009C0058443043560100A49A0194A0964456BF30948F009C005844304324
:2047D000560100A49A0194A0964456BF20948F009C003243A8A907AB0D441E42764949B749
:2047E0008A427649D3C50844000228AC01048F009C0058443043560100A49A0194A0964491
:2047F00056BF209432438F009C00A8A907AB0D441E42761F02C68A4292257649D3C5084409
:20480000000228AC01048F009C0058443043560100A49A0194A0964456BF209432438F0012
:204810009C00A8A907AB0D441E423B01761F02E28A428515FF567649D4000844000428AC11
:2048200001048F009C0058443043560100A49A0194A0964456BF2094761F02AA9B0A921F35
:2048300000C9F00996458F009C003243A8A907AB0D441E423B018A428545FF567649D400BD
:204840000844000428AC01048F009C0058443043560100A49A0194A0964456BF2094324313
:204850008F009C00A8A907AB0D441E423B01761F02E28A42850EFF567649D400084400041D
:2048600028AC01048F009C0058443043560100A49A0194A0964456BF20947649AF2B5201CC
:20487000600F28AC01048F009C0058443043560100A49A0194A0964456BF31946F0E28ACD7
:2048800001048F009C0058443043560100A49A0194A0964456BF3094761F02E2CC002000F7
:20489000FFCC5201600D304358448F009C00560100A49A0194A0964456BF31946F0C3043D7
:2048A00058448F009C00560100A49A0194A0964456BF3094CC000200FFC85201600D3043EC
:2048B00058448F009C00560100A49A0194A0964456BF31946F0C304358448F009C00560197
:2048C00000A49A0194A0964456BF3094304358448F009C00560100A49A0194A0964456BFBF
:2048D0002094CC000004FFC15201600D304358448F009C00560100A49A0194A0964456BFD1
:2048E00031946F0C304358448F009C00560100A49A0194A0964456BF3094304358448F0023
:2048F0009C00560100A49A0194A0964456BF2094304358448F009C00560100A49A0194A09B
:20490000964456BF4694304358448F009C00560100A49A0194A0964456BF3A94761F02BDB9
:20491000921E964532438F009C00A8A907AB0D441E4292458A427649D3DF0844000328AC71
:2049200001048F009C0058443043560100A49A0194A0964456BF2094304358448F009C0091
:20493000560100A49A0194A0964456BF44948F009C0058443043560100A49A0194A09644F8
:2049400056BF3A948F009C003243A8A907AB0D441E4256BF164592458A427649D3C508446A
:20495000000228AC01048F009C003243A8A907AB0D441E429A048A427649D3C50844000209
:2049600028AC01048F009C003243A8A907AB0D441E429A098A427649D3C50844000228AC22
:2049700001048F009C0058443043560100A49A0194A0964456BF2094304358448F009C0041
:20498000560100A49A0194A0964456BF0D948F009C003043560100A4924393447649E2785F
:20499000FE860006FE06964328AC01048F00FF023043560100A492C49CD096445204674030
:2049A000761F023D921860026F3B761F029956BF010096019C010EA91E422B45761F023D98
:2049B00092185445692228AC01F43B018F0080005D453244A8A98F00A640DD0207AB8145D0
:2049C0001EA7A8A981A58AA992C796C432448F008000A8A907AB81458AA90EC407421E42B9
:2049D0000A459218544566E3581892428F00A640D8029694931892439D037649E2DBFE860F
:2049E0000006FE029641FE820006FE029641FE820006FE029641FE820006FE029641FE8243
:2049F0000006FE029641FE820006FE029641FE820006FE029641FE820006FE0296412B4246
:204A000076491FAA5204FFE001FF28AC01048F009C0032418042A8A93B0107AB8AA99A0193
:204A100094A79642A8A981A78AA956BF28C49A017649851728AC010488A98F009C003B015F
:204A20003241D500A8A907AB81428AA99B0492A67649D5C40842000428AC01048F009C00B4
:204A30003B0180423241A8A907AB8AA99A0194A79642A8A981A78AA956BF20C49A01764912
:204A4000852328AC010488A98F009C003B013241D500A8A907AB81428AA99B0492A6764966
:204A5000D5C40842000428AC01048F009C003B0180423241A8A907AB8AA99A0194A7964206
:204A6000A8A981A78AA956BF20C49A017649852F28AC010488A98F009C003B013241D500CA
:204A7000A8A907AB81428AA99B0492A67649D5C40842000428AC01048F009C003B018042AE
:204A80003241A8A907AB8AA99A0194A79642A8A981A78AA956BF20C49A017649853B28AC2C
:204A9000010488A98F009C003B013241D500A8A907AB81428AA99B0492A67649D5C40842AF
:204AA000000428AC01048F009C003B0180423241A8A907AB8AA99A0194A79642A8A981A720
:204AB0008AA956BF20C49A017649854728AC010488A98F009C003B013241D500A8A907ABD8
:204AC00081428AA99B0492A67649D5C40842000428AC01048F009C003241A8A980423B019D
:204AD00007AB8AA99A0194A79642A8A981A78AA956BF20C49A017649855328AC010488A952
:204AE0008F009C003B013241D500A8A907AB81428AA99B0492A67649D5C40842000428ACBD
:204AF00001048F009C003B0180423241A8A907AB8AA99A0194A79642A8A981A78AA956BF60
:204B000020C49A017649855F28AC010488A98F009C003B013241D500A8A907AB81428AA9C1
:204B10009B0492A67649D5C40842000428AC01048F009C003B0180423241A8A907AB8AA95D
:204B20009A0194A79642A8A981A78AA956BF20C49A017649856B28AC010488A98F009C00A3
:204B30003B013241D500A8A907AB81428AA99B0492A67649D5C40842000428AC01048F0003
:204B40009C003B0180423241A8A907AB8AA99A0194A79642A8A981A78AA956BF20C49A0124
:204B50007649857728AC010488A98F009C003B013241D500A8A907AB81428AA99B0492A601
:204B60007649D5C40842000428AC01048F009C003241A8A980423B0107AB8AA99A0194A70E
:204B70009642A8A981A78AA956BF20C49A01764985B328AC010488A98F009C003B01324132
:204B8000D500A8A907AB81428AA99B0592A67649D5C40842000528AC01048F009C003B0188
:204B900080423241A8A907AB8AA99A0194A79642A8A981A78AA956BF20C49A01764985BFA9
:204BA00028AC010488A98F009C003B013241D500A8A907AB81428AA99B0592A67649D5C413
:204BB0000842000528AC01048F009C003B0180423241A8A907AB8AA99A0194A79642A8A9EC
:204BC00081A78AA956BF20C49A01764985CB28AC010488A98F009C003B013241D500A8A9CD
:204BD00007AB81428AA99B0592A67649D5C40842000528AC01048F009C003B018042324129
:204BE000A8A907AB8AA99A0194A79642A8A981A78AA956BF20C49A01764985D728AC01049D
:204BF00088A98F009C003B013241D500A8A907AB81428AA99B0592A67649D5C4084200054D
:204C0000FFEF023128AC01048F009C0032418042A8A93B0107AB8AA99A0194A79642A8A9C9
:204C100081A78AA956BF28C4761F02AED50032418F009C00A8A907AB81428AA99B04921036
:204C20007649D5C40842000428AC01048F009C003B0180423241A8A907AB8AA99A0194A74D
:204C30009642A8A981A78AA956BF20C4761F02AE8F009C00D5003241A8A907AB81428AA936
:204C40009B0492117649D5C40842000428AC01048F009C003B0180423241A8A907AB8AA9C1
:204C50009A0194A79642A8A981A78AA956BF20C4761F02AE8F009C00D5003241A8A907AB36
:204C600081428AA99B0492127649D5C40842000428AC01048F009C003B0180423241A8A98F
:204C700007AB8AA99A0194A79642A8A981A78AA956BF20C4761F02AE8F009C00D500324134
:204C8000A8A907AB81428AA99B0492137649D5C40842000428AC01048F009C003B0180422F
:204C90003241A8A907AB8AA99A0194A79642A8A981A78AA956BF20C4761F02AE8F009C0098
:204CA000D5003241A8A907AB81428AA99B0492147649D5C40842000428AC01048F009C00C4
:204CB0003B0180423241A8A907AB8AA99A0194A79642A8A981A78AA956BF20C4761F02AEA5
:204CC0008F009C00D5003241A8A907AB81428AA99B0492157649D5C40842000428AC0104A3
:204CD0008F009C003B0180423241A8A907AB8AA99A0194A79642A8A981A78AA956BF20C49F
:204CE000761F02AE8F009C00D5003241A8A907AB81428AA99B0492167649D5C40842000416
:204CF00028AC01048F009C003B0180423241A8A907AB8AA99A0194A79642A8A981A78AA99F
:204D000056BF20C4761F02AE8F009C00D5003241A8A907AB81428AA99B0492177649D5C449
:204D10000842000428AC01048F009C003241A8A980423B0107AB8AA99A0194A79642A8A98B
:204D200081A78AA956BF20C4761F02AED50032418F009C00A8A907AB81428AA99B04921825
:204D30007649D5C40842000428AC01048F009C003B0180423241A8A907AB8AA99A0194A73C
:204D40009642A8A981A78AA956BF20C4761F02AE8F009C00D5003241A8A907AB81428AA925
:204D50009B0492197649D5C40842000428AC01048F009C003B0180423241A8A907AB8AA9A8
:204D60009A0194A79642A8A981A78AA956BF20C4761F02AE8F009C00D5003241A8A907AB25
:204D700081428AA99B04921A7649D5C40842000428AC01048F009C003B0180423241A8A976
:204D800007AB8AA99A0194A79642A8A981A78AA956BF20C48F009C0032418042A8A907AB78
:204D90008AA99A0194A79642A8A981A78AA956BF20C4761F02AE8F009C00D5003241A8A974
:204DA00007AB81428AA99B04921B7649D5C40842000428AC01048F009C003B0180423241E4
:204DB000A8A907AB8AA99A0194A79642A8A981A78AA956BF20C4761F02AE8F009C00D50015
:204DC0003241A8A907AB81428AA99B04921C7649D5C40842000428AC01048F009C003B0134
:204DD00080423241A8A907AB8AA99A0194A79642A8A981A78AA956BF20C4761F02AE8F0031
:204DE0009C00D5003241A8A907AB81428AA99B04921D7649D5C40842000428AC01048F007A
:204DF0009C003B0180423241A8A907AB8AA99A0194A79642A8A981A78AA956BF20C4761F78
:204E000002AE8F009C00D5003241A8A907AB81428AA99B04921E7649D5C40842000428ACAD
:204E100001048F009C003B0180423241A8A907AB8AA99A0194A79642A8A981A78AA956BF3C
:204E200020C4761F02AE8F009C00D5003241A8A907AB81428AA99B04921F7649D5C40842EB
:204E3000000428AC01048F009C0032418042A8A93B0107AB8AA99A0194A79642A8A981A78C
:204E40008AA956BF0DC430418F009C00560100A4924193427649E278FE820006FE02964184
:204E50002B4276491FAA5204601428AC01048F009C0032418042A8A93B0107AB8AA99A013D
:204E600094A79642A8A981A78AA956BF28C46F6728AC01048F009C0032418042A8A93B01D6
:204E700007AB8AA99A0194A79642A8A981A78AA956BF28C4761F02E8D50032418F009C00F0
:204E8000A8A907AB81428AA99B0492047649D5C40842000428AC01048F009C003B0180423C
:204E90003241A8A907AB8AA99A0194A79642A8A981A78AA956BF20C4761F02E88F009C005C
:204EA000D5003241A8A907AB81428AA99B0492057649D5C40842000428AC01048F009C00D1
:204EB0003B0180423241A8A907AB8AA99A0194A79642A8A981A78AA956BF20C4761F02E869
:204EC0008F009C00D5003241A8A907AB81428AA99B0492067649D5C40842000428AC0104B0
:204ED0008F009C0032418042A8A93B0107AB8AA99A0194A79642A8A981A78AA956BF0DC4B0
:204EE00030418F009C00560100A4924193427649E278FE820006FE0296412B4276491FAA08
:204EF0005204FFE0029B28AC01048F009C0032418042A8A93B0107AB8AA99A0194A7964277
:204F0000A8A981A78AA956BF28C49A017649843F28AC010488A98F009C003B013241D5000E
:204F1000A8A907AB81428AA99B0592A67649D5C40842000528AC01048F009C003B01804207
:204F20003241A8A907AB8AA99A0194A79642A8A981A78AA956BF20C49A017649844B28AC78
:204F3000010488A98F009C003B013241D500A8A907AB81428AA99B0492A67649D5C408420A
:204F4000000428AC01048F009C003B0180423241A8A907AB8AA99A0194A79642A8A981A77B
:204F50008AA956BF20C49A017649846328AC010488A98F009C003B013241D500A8A907AB18
:204F600081428AA99B0492A67649D5C40842000428AC01048F009C003B0180423241A8A9F8
:204F700007AB8AA99A0194A79642A8A981A78AA956BF20C49A017649846F28AC010488A992
:204F80008F009C003B013241D500A8A907AB81428AA99B0492A67649D5C40842000428AC18
:204F900001048F009C003B0180423241A8A907AB8AA99A0194A79642A8A981A78AA956BFBB
:204FA00020C49A017649847B28AC010488A98F009C003B013241D500A8A907AB81428AA902
:204FB0009B0492A67649D5C40842000428AC01048F009C003241A8A980423B0107AB8AA9B9
:204FC0009A0194A79642A8A981A78AA956BF20C49A017649848728AC010488A98F009C00E4
:204FD0003B013241D500A8A907AB81428AA99B0492A67649D5C40842000428AC01048F005F
:204FE0009C003B0180423241A8A907AB8AA99A0194A79642A8A981A78AA956BF20C49A0180
:204FF0007649849328AC010488A98F009C003B013241D500A8A907AB81428AA99B0492A642
:205000007649D5C40842000428AC01048F009C003B0180423241A8A907AB8AA99A0194A769
:205010009642A8A981A78AA956BF20C49A017649849F28AC010488A98F009C003B013241A2
:20502000D500A8A907AB81428AA99B0492A67649D5C40842000428AC01048F009C003B01E5
:2050300080423241A8A907AB8AA99A0194A79642A8A981A78AA956BF20C49A01764984AB19
:2050400028AC010488A98F009C003B013241D500A8A907AB81428AA99B0492A67649D5C46F
:205050000842000428AC01048F009C003241A8A980423B0107AB8AA99A0194A79642A8A948
:2050600081A78AA956BF20C49A01764984B728AC010488A98F009C003B013241D500A8A93D
:2050700007AB81428AA99B0492A67649D5C40842000428AC01048F009C003B018042324186
:20508000A8A907AB8AA99A0194A79642A8A981A78AA956BF20C49A01764984C328AC01040D
:2050900088A98F009C003B013241D500A8A907AB81428AA99B0492A67649D5C408420004AA
:2050A00028AC01048F009C003B0180423241A8A907AB8AA99A0194A79642A8A981A78AA9EB
:2050B00056BF20C49A01764984CF28AC010488A98F009C003B013241D500A8A907AB8142BB
:2050C0008AA99B0492A67649D5C40842000428AC01048F009C003B0180423241A8A907ABA8
:2050D0008AA99A0194A79642A8A981A78AA956BF20C49A01764984DB28AC010488A98F00E8
:2050E0009C003B013241D500A8A907AB81428AA99B0492A67649D5C40842000428AC010441
:2050F0008F009C003241A8A980423B0107AB8AA99A0194A79642A8A981A78AA956BF20C47B
:205100009A01764984E728AC010488A98F009C003B013241D500A8A907AB81428AA99B0479
:2051100092A67649D5C40842000428AC01048F009C003B0180423241A8A907AB8AA99A015B
:2051200094A79642A8A981A78AA956BF20C49A01764984F328AC010488A98F009C003B0175
:205130003241D500A8A907AB81428AA99B0492A67649D5C40842000428AC01048F009C009D
:205140003B0180423241A8A907AB8AA99A0194A79642A8A981A78AA956BF20C49A017649FB
:2051500084FF28AC010488A98F009C003B013241D500A8A907AB81428AA99B0492A6764974
:20516000D5C40842000428AC01048F009C003B0180423241A8A907AB8AA99A0194A79642EF
:20517000A8A981A78AA956BF20C49A017649850B28AC010488A98F009C003B013241D500D7
:20518000A8A907AB81428AA99B0492A67649D5C408420004FFEF024428AC01048F009C0061
:2051900032418042A8A93B0107AB8AA99A0194A79642A8A981A78AA956BF28C4761F0291D5
:2051A000D50032418F009C00A8A907AB81428AA99B0492217649D5C40842000428AC0104B2
:2051B0008F009C003B0180423241A8A907AB8AA99A0194A79642A8A981A78AA956BF20C4BA
:2051C000761F02918F009C00D5003241A8A907AB81428AA99B0492227649D5C40842000442
:2051D00028AC01048F009C003B0180423241A8A907AB8AA99A0194A79642A8A981A78AA9BA
:2051E00056BF20C4761F02918F009C00D5003241A8A907AB81428AA99B0492237649D5C476
:2051F0000842000428AC01048F009C003B0180423241A8A907AB8AA99A0194A79642A8A9A7
:2052000081A78AA956BF20C4761F02918F009C00D5003241A8A907AB81428AA99B04922451
:205210007649D5C40842000428AC01048F009C003B0180423241A8A907AB8AA99A0194A757
:205220009642A8A981A78AA956BF20C4761F02918F009C00D5003241A8A907AB81428AA95D
:205230009B0492257649D5C40842000428AC01048F009C003B0180423241A8A907AB8AA9B7
:205240009A0194A79642A8A981A78AA956BF20C4761F02918F009C00D5003241A8A907AB5D
:2052500081428AA99B0492267649D5C40842000428AC01048F009C003B0180423241A8A985
:2052600007AB8AA99A0194A79642A8A981A78AA956BF20C4761F02918F009C00D50032415B
:20527000A8A907AB81428AA99B0492277649D5C40842000428AC01048F009C003B01804225
:205280003241A8A907AB8AA99A0194A79642A8A981A78AA956BF20C4761F02918F009C00BF
:20529000D5003241A8A907AB81428AA99B0492287649D5C40842000428AC01048F009C00BA
:2052A0003B0180423241A8A907AB8AA99A0194A79642A8A981A78AA956BF20C4761F0291CC
:2052B0008F009C00D5003241A8A907AB81428AA99B0492297649D5C40842000428AC010499
:2052C0008F009C003241A8A980423B0107AB8AA99A0194A79642A8A981A78AA956BF20C4A9
:2052D000761F0291D50032418F009C00A8A907AB81428AA99B04922A7649D5C40842000429
:2052E00028AC01048F009C003B0180423241A8A907AB8AA99A0194A79642A8A981A78AA9A9
:2052F00056BF20C4761F02918F009C00D5003241A8A907AB81428AA99B04922B7649D5C45D
:205300000842000428AC01048F009C003B0180423241A8A907AB8AA99A0194A79642A8A995
:2053100081A78AA956BF20C4761F02918F009C00D5003241A8A907AB81428AA99B04922C38
:205320007649D5C40842000428AC01048F009C003B0180423241A8A907AB8AA99A0194A746
:205330009642A8A981A78AA956BF20C4761F02918F009C00D5003241A8A907AB81428AA94C
:205340009B04922D7649D5C40842000428AC01048F009C003B0180423241A8A907AB8AA99E
:205350009A0194A79642A8A981A78AA956BF20C4761F02918F009C00D5003241A8A907AB4C
:2053600081428AA99B04923C7649D5C40842000428AC01048F009C003B0180423241A8A95E
:2053700007AB8AA99A0194A79642A8A981A78AA956BF20C4761F02918F009C00D50032414A
:20538000A8A907AB81428AA99B04923D7649D5C40842000428AC01048F009C003B018042FE
:205390003241A8A907AB8AA99A0194A79642A8A981A78AA956BF20C4761F02918F009C00AE
:2053A000D5003241A8A907AB81428AA99B04923E7649D5C40842000428AC01048F009C0093
:2053B0003B0180423241A8A907AB8AA99A0194A79642A8A981A78AA956BF20C4761F0291BB
:2053C0008F009C00D5003241A8A907AB81428AA99B04923F7649D5C40842000428AC010472
:2053D0008F009C0032418042A8A93B0107AB8AA99A0194A79642A8A981A78AA956BF0DC4AB
:2053E00030418F009C00560100A4924193427649E278FE820006FE029641FE820006FE0272
:2053F0009641FE820006FE029641FE820006FE02964156BF014228AC01048F009C0030413F
:20540000560100A456BF28C4761F024C3241D5008F009C00A8A907AB0D428AA99B04920084
:205410007649D5C40842000428AC01048F009C0058423041560100A49A0194A0964256BF10
:205420002094761F021F32418F009C00D500A8A907AB0D428AA99B05921F7649D5C4084217
:20543000000528AC01048F009C0058423041560100A49A0194A0964256BF2094761F021F27
:2054400032418F009C00D500A8A907AB0D428AA99B05921E7649D5C40842000528AC010484
:205450008F009C0058423041560100A49A0194A0964256BF2094761F02BB8F409C005C0D75
:2054600030415842560100A5DC309A0194A096427C95761F021F8F409C005C1C30415842BD
:20547000560100A5DC309A0194A096427C95761F02BB8F409C005C0C30415842560100A530
:20548000DC309A0194A096427C957649C3949B0A00C9F07328AC01048F009C009B3095A954
:20549000584288A83041560100A49A0194A096427E948F009C0058423041560100A49A0141
:2054A00094A0964256BF2094761F021F02321EA6A3368F009C00D5000200F61F561700A666
:2054B00088ABA8A9324107AB0D428AA99B0592A67649D5C40842000528AC01048F009C002E
:2054C00058423041560100A49A0194A0964256BF0D948F009C003041560100A4924193422A
:2054D0007649E278FE820006B2BDFE10964158418F00B2199294964D2B4C544C691528AC64
:2054E00001043041584C8F00FF00560100A4594C889430418F009C00560100A47E9C0A4C41
:2054F000924D544C66EF761F02C42B1528AC01048F009C003041560100A49241934D76494B
:20550000E278761F02C456BF011528AC01048F00FF023041560100A42DC4316428AC010477
:205510008F00FF033041560100A42DC4350A28AC01041E508F00FF04925094AB96503041FD
:20552000560100A4925094C408A9EB30964230418F00FF06560100A42DC4316428AC010433
:205530008F00FF073041560100A42DC4350A28AC01048F00FF081E50925094AB96503041D5
:20554000560100A4925094C408A9EB3096438F40FF0A30418F00FF0B560100A430415601CC
:2055500000A52DC5350A94C408A9FDF0964428AC010430418F00FF0E8F40FF0D560100A4D9
:205560003041560100A52DC5350A94C408A9FDF0964528AC010430418F00FF118F40FF10F5
:20557000560100A43041560100A52DC5350A94C408A9FDF0964628AC010430418F00FF14C4
:205580008F40FF13560100A43041560100A52DC5350A94C408A9FDF0964728AC0104304174
:205590008F00FF178F40FF16560100A43041560100A52DC5350A94C408A9FDF0964828AC31
:2055A000010430418F00FF19560100A492C49CD0964930418F00FF1B560100A492C49CD05B
:2055B000964A30418F00FF1D560100A428AC271033C428AC01048F00FF1E3041560100A4F1
:2055C00028AC03E812C428AC01048F00FF1F1E50925094AB96503041560100A42DC4316449
:2055D00092AB28AC01048F00FF20945027A93041560100A42DC4350A28AC01048F00FF2020
:2055E0001E50925094AB96503041560100A4925094C408A9DCB0964B96501B4201F466399B
:2055F0001B4301F466369249520469026F323B10761F023D2B179242761F023D96169243E5
:20560000761F023D9612761F023D9613761F02C89244960C9245960D9246960E9247960F46
:205610009248761F023D96159249761F023D9614924A761F023D961A924B761F023D961908
:20562000761F023D2B18761F02C456BF01352910FE90FF698BBE0006FE04964356BF0144FA
:2056300028AC01048F009C003043560100A456BF28C432438F009C00A8A907AB0D441E4293
:2056400076491EB98A427649D3C50844000228AC01048F009C0058443043560100A49A019A
:2056500094A0964456BF209432438F009C00A8A907AB0D441E42084400025844304356015B
:2056600000A49A0194A0964456BF20948F009C003243A8A907AB0D441E42084400045844D4
:205670003043560100A49A0194A0964456BF20948F009C003243A8A907AB0D441E42764927
:205680001EC43B0185A98A42FF567649D4000844000428AC01048F009C0058443043560150
:2056900000A49A0194A0964456BF209432438F009C00A8A907AB0D441E42084400045844A4
:2056A0003043560100A49A0194A0964456BF20948F009C003243A8A907AB0D441E427649F7
:2056B0001ED08A427649D4C00844000528AC01048F009C0058443043560100A49A0194A09F
:2056C000964456BF209432438F009C00A8A907AB0D441E4276491EDB8A427649D4780844F8
:2056D000000428AC01048F009C0058443043560100A49A0194A0964456BF209432438F0032
:2056E0009C00A8A907AB0D441E4276491EE68A427649D4C00844000528AC01048F009C0023
:2056F00058443043560100A49A0194A0964456BF209432438F009C00A8A907AB0D441E42CA
:2057000076491EF18A427649D4EA0844000528AC01048F009C0058443043560100A49A0178
:2057100094A0964456BF209432438F009C00A8A907AB0D441E4276491EFC8A427649D4C056
:205720000844000528AC01048F009C0058443043560100A49A0194A0964456BF2094304325
:205730008F009C00560100A4924393447649E278FE840006FE029641FE820006FE049641B0
:205740002B42761F02C42B1528AC01048F00FF013041560100A492C45253FFE008413041D9
:205750008F00FF02560100A492C45254FFE0083830418F00FF03560100A492C45244604109
:2057600030418F00FF04560100A492C45243603930418F00FF05560100A492C4524560312A
:2057700030418F00FF06560100A492C4523F602930418F009C00560100A456BF28C4764952
:205780007C9428AC010488A98F009C013041560100A492A67649D3C528AC01048F009C03C1
:205790003041560100A456BF0DC430418F009C00560100A49B0492417649E278FFEF07F39D
:2057A00030418F00FF03560100A492C45244603030418F00FF04560100A492C452436028FF
:2057B00030418F00FF05560100A492C45245602030418F00FF078F40FF06560100A4304127
:2057C000560100A52DC5350A94C408A9FDF09642640A5201620876497D7F924176486FE008
:2057D000FFEF07C1924176487016FFEF07BC30418F00FF03560100A492C45247604130413D
:2057E0008F00FF04560100A492C45257603930418F00FF05560100A492C452466031304195
:2057F0008F00FF06560100A492C4523F602930418F009C00560100A456BF28C4764870785C
:2058000028AC010488A98F009C013041560100A492A67649D3C528AC01048F009C033041DF
:20581000560100A456BF0DC430418F009C00560100A49B0492417649E278FFEF077430419B
:205820008F00FF03560100A492C45247603130418F00FF04560100A492C452576029304165
:205830008F00FF05560100A492C45246602130418F00FF078F40FF06560100A430415601BE
:2058400000A52DC5350A94C408A9FDF09642640B5263620992427648707C924176486FE0B7
:20585000FFEF0741924176487016FFEF073C30418F00FF03560100A492C45243603E3041C3
:205860008F00FF04560100A492C45248603630418F00FF05560100A492C45231602E30413E
:205870008F00FF06560100A492C4523F602630418F009C00560100A456BF28C4761F02C32A
:2058800030418F009C01560100A492147649D3C528AC01048F009C033041560100A456BFEB
:205890000DC430418F009C00560100A49B0492417649E278FFEF06F730418F00FF035601C1
:2058A00000A492C45243603230418F00FF04560100A492C45248602A30418F00FF055601F4
:2058B00000A492C45231602230418F00FF078F40FF06560100A43041560100A52DC5350A66
:2058C00094C408A9FDF09642640C5263620A9242761F02C39614924176486FE0FFEF06C3FA
:2058D000924176487016FFEF06BE30418F00FF03560100A492C45243603E30418F00FF0466
:2058E000560100A492C45248603630418F00FF05560100A492C45232602E30418F00FF06BB
:2058F000560100A492C4523F602630418F009C00560100A456BF28C4761F02C330418F003E
:205900009C01560100A492157649D3C528AC01048F009C033041560100A456BF0DC4304127
:205910008F009C00560100A49B0492417649E278FFEF067930418F00FF03560100A492C406
:205920005243603230418F00FF04560100A492C45248602A30418F00FF05560100A492C473
:205930005232602230418F00FF078F40FF06560100A43041560100A52DC5350A94C408A9D5
:20594000FDF09642640C5263620A9242761F02C39615924176486FE0FFEF0645924176486E
:205950007016FFEF064030418F00FF03560100A492C45243603E30418F00FF04560100A4F9
:2059600092C45248603630418F00FF05560100A492C45233602E30418F00FF06560100A439
:2059700092C4523F602630418F009C00560100A456BF28C4761F02C330418F009C015601C4
:2059800000A492167649D3C528AC01048F009C033041560100A456BF0DC430418F009C006F
:20599000560100A49B0492417649E278FFEF05FB30418F00FF03560100A492C45243603209
:2059A00030418F00FF04560100A492C45248602A30418F00FF05560100A492C45233602213
:2059B00030418F00FF078F40FF06560100A43041560100A52DC5350A94C408A9FDF0964296
:2059C000640C5263620A9242761F02C39616924176486FE0FFEF05C7924176487016FFEFBD
:2059D00005C230418F00FF03560100A492C45243603E30418F00FF04560100A492C452487C
:2059E000603630418F00FF05560100A492C45234602E30418F00FF06560100A492C4523FC1
:2059F000602630418F009C00560100A456BF28C4761F02C330418F009C01560100A49217DE
:205A00007649D3C528AC01048F009C033041560100A456BF0DC430418F009C00560100A43F
:205A10009B0492417649E278FFEF057D30418F00FF03560100A492C45243603230418F0001
:205A2000FF04560100A492C45248602A30418F00FF05560100A492C45234602230418F0091
:205A3000FF078F40FF06560100A43041560100A52DC5350A94C408A9FDF09642640C5263F0
:205A4000620A9242761F02C39617924176486FE0FFEF0549924176487016FFEF0544304124
:205A50008F00FF03560100A492C4524B603930418F00FF04560100A492C452566031304120
:205A60008F00FF05560100A492C4523F602930418F009C00560100A456BF28C47649643D30
:205A700028AC010488A98F009C013041560100A492A67649D3DF28AC01048F009C04304152
:205A8000560100A456BF0DC430418F009C00560100A49B0592417649E278FFEF050430419A
:205A90008F00FF03560100A492C4524B603930418F00FF04560100A492C4525660313041E0
:205AA0008F00FF05560100A42DC4316428AC01048F00FF063041560100A42DC4350A1E4467
:205AB00028AC01048F00FF07924494AB96443041560100A4924494C408A9EB309642964461
:205AC000640A52C76208764965C8924176486FE0FFEF04C9924176487016FFEF04C4304110
:205AD0008F00FF03560100A492C4524B603930418F00FF04560100A492C4525360313041A3
:205AE0008F00FF05560100A492C4523F602930418F009C00560100A456BF28C47649656F7D
:205AF00028AC010488A98F009C013041560100A492A67649D3DF28AC01048F009C043041D2
:205B0000560100A456BF0DC430418F009C00560100A49B0592417649E278FFEF048430419A
:205B10008F00FF03560100A492C4524B603A30418F00FF04560100A492C452536032304160
:205B20008F00FF05560100A42DC4316428AC01048F00FF063041560100A42DC4350A1E44E6
:205B300028AC01048F00FF07924494AB96443041560100A4924494C408A9EB3096429644E0
:205B4000520A640A523262087649665E924176486FE0FFEF0448924176487016FFEF0443A4
:205B500030418F00FF03560100A492C4524B603930418F00FF04560100A492C4524960312C
:205B600030418F00FF05560100A492C4523F602930418F009C00560100A456BF28C476495F
:205B7000645128AC010488A98F009C013041560100A492A67649D40028AC01048F009C05EA
:205B80003041560100A456BF0DC430418F009C00560100A49B0692417649E278FFEF04039A
:205B900030418F00FF03560100A492C4524B604930418F00FF04560100A492C452496041CC
:205BA00030418F00FF05560100A428AC03E833C428AC010430418F00FF06560100A42DC466
:205BB00035641E4428AC01048F00FF07924494AB96443041560100A42DC4310A92AB28ACD4
:205BC00001048F00FF08944427A93041560100A492AB94C427A908AB2FB03F429242521464
:205BD000640B1BA901F46208764965FA924176486FE0FFEF03B8924176487016FFEF03B3C1
:205BE00030418F00FF03560100A492C45256604830418F00FF04560100A492C45246604076
:205BF00030418F00FF05560100A428AC03E833C428AC010430418F00FF06560100A42DC416
:205C000035641E4428AC01048F00FF07924494AB96443041560100A42DC4310A92AB28AC83
:205C100001048F00FF08944427A93041560100A492AB94C427A908AB2FB03F4292421BA9B5
:205C200003E864091BA90C806206924176486FE0FFEF0369924176487016FFEF036430413D
:205C30008F00FF03560100A492C45243603830418F00FF04560100A492C452496030304155
:205C40008F00FF05560100A42DC4316428AC01048F00FF063041560100A42DC4350A1E44C5
:205C500028AC01048F00FF07924494AB96443041560100A4924494C408A9EB3096429644BF
:205C6000525A640852FA6206924176486FE0FFEF032A924176487016FFEF032530418F0030
:205C7000FF03560100A492C45243603830418F00FF04560100A492C45250603030418F000E
:205C8000FF05560100A42DC4316428AC01048F00FF063041560100A42DC4350A1E4428AC40
:205C900001048F00FF07924494AB96443041560100A4924494C408A9EB30964296445214ED
:205CA000640852C86206924176486FE0FFEF02EB924176487016FFEF02E630418F00FF034C
:205CB000560100A492C45244602730418F00FF04560100A492C4524E601F30418F00FF06EE
:205CC0008F40FF05560100A43041560100A52DC5350A94C408A9FDF0964252026408520573
:205CD0006206924176486FE0FFEF02BD924176487016FFEF02B830418F00FF03560100A403
:205CE00092C4524D602730418F00FF04560100A492C4524F601F30418F00FF068F40FF05DC
:205CF000560100A43041560100A52DC5350A94C408A9FDF0964252026408521A62069241C6
:205D000076486FE0FFEF028F924176487016FFEF028A30418F00FF03560100A492C452427F
:205D1000FFE0008C30418F00FF04560100A492C4524DFFE0008330418F00FF05560100A4B4
:205D200092C45253607A30418F00FF06560100A492C45245601030418F00FF07560100A430
:205D3000761F02B992C49CD0960C924176486FE0FFEF025930418F00FF06560100A492C420
:205D40005246601830418F00FF07560100A492C45243601030418F00FF08560100A4761F40
:205D500002B992C49CD0960D924176486FE0FFEF023A30418F00FF06560100A492C452530E
:205D6000601830418F00FF07560100A492C45243601030418F00FF08560100A4761F02B9FD
:205D700092C49CD0960E924176486FE0FFEF021B30418F00FF06560100A492C4525360184F
:205D800030418F00FF07560100A492C45244601030418F00FF08560100A4761F02B992C4FE
:205D90009CD0960F924176486FE0FFEF01FC924176487016FFEF01F730418F00FF035601C1
:205DA00000A492C45244602030418F00FF04560100A492C45243601830418F00FF05560117
:205DB00000A492C45249601030418F00FF06560100A4761F02D092C49CD096069241764878
:205DC0006FE0FFEF01D030418F00FF03560100A492C45244606F30418F00FF04560100A4FF
:205DD00092C45243606730418F00FF05560100A492C45256605F30418F00FF06560100A445
:205DE00092C4523F602630418F009C00560100A456BF28C4761F02AB30418F009C01560168
:205DF00000A4920A7649D3DF28AC01048F009C043041560100A456BF0DC430418F009C00EC
:205E0000560100A49B0592417649E278FFEF018B30418F00FF06560100A42DC4316428AC27
:205E100001048F00FF073041560100A42DC4350A1E4428AC01048F00FF08924494AB96447C
:205E20003041560100A4924494C408A9EB3096429644650B52C86209761F02AB960A9241A0
:205E300076486FE0FFEF015F924176487016FFEF015A30418F00FF03560100A492C452549E
:205E4000606830418F00FF04560100A492C45245606030418F00FF05560100A492C4523FE9
:205E50006026923C96428F009C003041560100A456BF28C430418F009C02560100A4924201
:205E60007649D3DF28AC01048F009C053041560100A456BF0DC430418F009C00560100A4BF
:205E70009B0692417649E278FFEF011D30418F00FF05560100A42DC4316428AC01048F008C
:205E8000FF063041560100A42DC4350A1E4428AC01048F00FF07924494AB964430415601DA
:205E900000A4924494C408A9EB3096429644640C5264630A3B10963C2910FF6992417648C0
:205EA0006FE0FFEF00F0924176487016FFEF00EB30418F00FF03560100A492C45254606903
:205EB00030418F00FF04560100A492C45243606130418F00FF05560100A492C4523F6026BC
:205EC000923B96428F009C003041560100A456BF28C430418F009C01560100A4924276495A
:205ED000D3DF28AC01048F009C043041560100A456BF0DC430418F009C00560100A49B056F
:205EE00092417649E278FFEF00AE30418F00FF05560100A42DC4316428AC01048F00FF0628
:205EF0003041560100A42DC4350A1E4428AC01048F00FF07924494AB96443041560100A4CB
:205F0000924494C408A9EB30964296441BA9FF38640C1BA9012C63093B10963B2910FF6950
:205F1000924176486FE06F7E9241764870166F7A30418F00FF03560100A492C45254606BE0
:205F200030418F00FF04560100A492C45241606330418F00FF05560100A492C4523F60274A
:205F3000923D761F02CC96098F009C003041560100A456BF28C430418F009C01560100A450
:205F400092427649D3DF28AC01048F009C043041560100A456BF0DC430418F009C005601AF
:205F500000A49B0592417649E2786F3C30418F00FF05560100A42DC4316428AC01048F0069
:205F6000FF063041560100A42DC4350A1E4428AC01048F00FF07924494AB964430415601F9
:205F700000A4924494C408A9EB3096429644640F1BA9012C630C3B109242761F02CC9609CD
:205F80002910FF69924176486FE06F0C9241764870166F089241764870166F04924176485C
:205F90007016761F02C456BF0115FE840006FE02964128AC01048F009C003041560100A416
:205FA00056BF28C48F009C013041560100A456BF50C48F009C023041560100A456BF49C464
:205FB0008F009C033041560100A456BF39C48F009C043041560100A456BF39C48F009C0548
:205FC0003041560100A456BF0DC4761F02C32B0056BF011F761F02C42B2456BF06108F0051
:205FD0009C003041560100A49B0692417649E278FE820006FE02964128AC01048F009C00BB
:205FE0003041560100A456BF28C48F009C013041560100A456BF50C48F009C02304156017E
:205FF00000A456BF49C48F009C033041560100A456BF39C48F009C043041560100A456BF6F
:2060000038C48F009C053041560100A456BF0DC4761F02C356BF010056BF011F761F02C402
:206010002B2456BF06108F009C003041560100A49B0692417649E278FE820006FE02964175
:2060200056BF014228AC01048F009C003041560100A456BF28C4761F02C23241D5008F0067
:206030009C00A8A907AB0D428AA99B04923B7649D5C40842000428AC01048F009C00761F84
:2060400002C23241D500A8A907AB0D428AA99B04923C7649D5C40842000428AC01048F0034
:206050009C00761F02C23241D500A8A907AB0D428AA99B04923D7649D5C40842000428AC86
:2060600001048F009C00761F02C23241D500A8A907AB0D428AA99B02923E7649D5C40842BB
:20607000000228AC01048F009C0058423041560100A49A0194A0964256BF0D948F009C007C
:206080003041560100A4924193427649E278FE820006FE02964156BF014228AC01048F00B6
:206090009C003041560100A456BF28C4764924ED28AC010488A98F009C003241D500A8A949
:2060A00007AB0D428AA99B0292A67649D5C408420002764924B528AC010488A98F009C0066
:2060B0003241D500A8A907AB0D428AA99B0492A67649D5C408420004764924C028AC01040A
:2060C00088A98F009C003241D500A8A907AB0D428AA99B0492A67649D5C40842000476495B
:2060D00024CB28AC010488A98F009C003241D500A8A907AB0D428AA99B0492A67649D5C490
:2060E00008420004764924D628AC010488A98F009C003241D500A8A907AB0D428AA99B04F8
:2060F00092A67649D5C408420004764924E128AC010488A98F009C003241D500A8A907AB6E
:206100000D428AA99B0492A67649D5C40842000428AC01048F009C0058423041560100A476
:206110009A0194A0964256BF0D9430418F009C00560100A4924193427649E278FE82000634
:20612000FE0296412B4228AC01048F009C0058423041560100A49A0194A0964256BF289499
:206130008F009C0058423041560100A49A0194A0964256BF56948F009C00584230415601EB
:2061400000A49A0194A0964256BF45948F009C0058423041560100A49A0194A0964256BF19
:2061500052948F009C0058423041560100A49A0194A0964256BF46948F009C00584230414C
:20616000560100A49A0194A0964256BF57948F009C0058423041560100A49A0194A09642A5
:2061700056BF3A94D5008F009C003241A8A907AB0D428AA99A009B047649D5C40842000455
:2061800028AC01048F009C003241D502A8A907AB0D428AA99A669B017649D5C408420004EA
:2061900028AC01048F009C0058423041560100A49A0194A0964256BF0D948F009C003041EC
:2061A000560100A4924193427649E278FE820006FE0296412B4228AC01048F009C005842BB
:2061B0003041560100A49A0194A0964256BF28948F009C0058423041560100A49A0194A0EB
:2061C000964256BF56948F009C0058423041560100A49A0194A0964256BF45948F009C00F7
:2061D00058423041560100A49A0194A0964256BF52948F009C0058423041560100A49A013B
:2061E00094A0964256BF46948F009C0058423041560100A49A0194A0964256BF57948F003D
:2061F0009C0058423041560100A49A0194A0964256BF32948F009C0058423041560100A43A
:206200009A0194A0964256BF3A94761F02C3BE64D5008F009C0032410E0BF60F1FA688A9F1
:20621000A8A907AB0D428AA99B0592A67649D5C40842000528AC01048F009C00584230415B
:20622000560100A49A0194A0964256BF2E94761F02C39B64920B00C9F0738F009C00D500C3
:2062300088A93241A8A907AB0D428AA99B0292A67649D5C40842000228AC01048F009C00A8
:2062400058423041560100A49A0194A0964256BF0D948F009C003041560100A4924193429C
:206250007649E278FE820006FE0496412B4228AC01048F009C0058423041560100A49A01A4
:2062600094A0964256BF28948F009C0058423041560100A49A0194A0964256BF52948F00DF
:206270009C0058423041560100A49A0194A0964256BF49947649CEB72DA93578964328AC5F
:2062800001048F009C00D5013241A8A907AB0D428AA99B0392437649D5C40842000528AC12
:2062900001048F009C0058423041560100A49A0194A0964256BF209432418F009C00D501D4
:2062A000A8A907AB0D428AA99A789B027649D5C40842000428AC01048F009C0058423041F5
:2062B000560100A49A0194A0964256BF20947649CEB728AC010488A98F009C003241D500A2
:2062C000A8A907AB0D428AA99B0292A67649D5C40842000276491FAA9B3028AC01048F0005
:2062D0009C0095A9584288A83041560100A49A0194A096427E94761F02C392005201600E38
:2062E0007649200E52786904284304B06F137649200E2DA9350A96436F0D7649200E523211
:2062F0006904284301F46F067649200E2DA9350A964328AC01048F009C003241A8A9D501D3
:2063000007AB0D428AA992439B037649D5C40842000528AC01048F009C00584230415601C9
:2063100000A49A0194A0964256BF209476491FD628AC010488A98F009C003241D501A8A9D6
:2063200007AB0D428AA99B0392A67649D5C40842000528AC01048F009C0058423041560146
:2063300000A49A0194A0964256BF209476491FED28AC010488A98F009C003241D501A8A99F
:2063400007AB0D428AA99B0392A67649D5C40842000528AC01048F009C0058423041560126
:2063500000A49A0194A0964256BF2094761F02BD32418F009C00D501A8A907AB0D428AA9CC
:206360009B0392057649D5C40842000528AC01048F009C0058423041560100A49A0194A068
:20637000964256BF20945D4332418F009C00DD32A8A907AB0D428AA992A59B03D501764930
:20638000D5C40842000528AC01048F009C0058423041560100A49A0194A0964256BF0D94AE
:2063900030418F009C00560100A4924193427649E278761F02C42B24FE840006FE0296418C
:2063A00028AC01048F00FF063041560100A49A059B027649D601761F02C3962128AC010448
:2063B0008F009C003041560100A456BF28C48F009C013041560100A456BF41C48F009C0256
:2063C0003041560100A456BF43C48F009C033041560100A456BF4BC48F009C043041560180
:2063D00000A456BF0DC48F009C003041560100A49B0592417649E278761F02C42B24FE82D6
:2063E0000006FE0296412B4228AC01048F009C0058423041560100A49A0194A0964256BF8D
:2063F00028947649CEA328AC010488A98F009C003241D501A8A907AB0D428AA99B0292A6C9
:206400007649D5C40842000428AC01048F009C0058423041560100A49A0194A0964256BF10
:2064100020947649121F28AC010488A98F009C003241D500A8A907AB0D428AA99B0392A6F0
:206420007649D5C40842000328AC01048F009C0058423041560100A49A0194A0964256BFF1
:2064300020948F009C0058423041560100A49A0194A0964256BF0D948F009C003041560117
:2064400000A4924193427649E278FE820006FE0496412B4228AC01048F00FF3330415601A9
:2064500000A492C4520DFFE0023930418F00FF03560100A49A039B017649D601761F02C393
:20646000962228AC01048F00FF093041560100A49A029B027649D601761F02C3962328ACD2
:2064700001048F00FF0F3041560100A49A039B017649D601761F02C3962428AC01048F00B3
:20648000FF153041560100A49A049B007649D601761F02C3962528AC01048F00FF1F3041A1
:20649000560100A49A049B007649D601761F02C3962628AC01048F00FF243041560100A415
:2064A0009A019B007649D601761F02C3962728AC01048F00FF263041560100A49A029B00C9
:2064B0007649D601761F02C396282B4328AC01048F00FF293041560100A49A019B007649BF
:2064C000D601520160031A43000128AC01048F00FF2A3041560100A49A019B007649D60108
:2064D000520160031A43000228AC01048F00FF2B3041560100A49A019B007649D60152017A
:2064E00060031A43000428AC01048F00FF2C3041560100A49A019B007649D6015201600357
:2064F0001A43000828AC01048F00FF2D3041560100A49A019B007649D601520160031A4348
:20650000001028AC01048F00FF2E3041560100A49A019B007649D601520160031A4300206B
:2065100028AC01048F00FF2F3041560100A49A019B007649D601520160031A43004028AC76
:2065200001048F00FF303041560100A49A019B007649D601520160031A4300809243761F63
:2065300002C3962A28AC01048F009C0058423041560100A49A0194A0964256BF28943041D3
:2065400058428F009C00560100A49A0194A0964256BF4794304158428F009C00560100A4B3
:206550009A0194A0964256BF53947649978428AC010488A98F009C003241D500A8A907AB2E
:206560000D428AA99B0292A67649D5C40842000228AC01048F009C0058423041560100A416
:206570009A0194A0964256BF2094761F02C492175201600E8F009C003241A8A9D50007AB60
:206580000D428AA99A009B027649D5C46F127648712B28AC010488A98F009C003241D50092
:20659000A8A907AB0D428AA99B0292A67649D5C40842000228AC01048F009C0058423041DE
:2065A000560100A49A0194A0964256BF20947649CEA328AC010488A98F009C003241D501C2
:2065B000A8A907AB0D428AA99B0392A67649D5C40842000528AC01048F009C0058423041BA
:2065C000560100A49A0194A0964256BF20947649200E761F021F27A99B0A922100C9F009C3
:2065D00094AB52786904284304B06F0F7649200E761F021F27A99B0A922100C9F0092DA935
:2065E00092AB72AC350A964328AC01048F009C003241A8A9D50007AB0D428AA992439B04E3
:2065F0007649D5C40842000428AC01048F009C0058423041560100A49A0194A0964256BF1F
:20660000209476491FD628AC010488A98F009C003241D500A8A907AB0D428AA99B0492A639
:206610007649D5C40842000428AC01048F009C0058423041560100A49A0194A0964256BFFE
:20662000209476491FED28AC010488A98F009C003241D500A8A907AB0D428AA99B0492A602
:206630007649D5C40842000428AC01048F009C0058423041560100A49A0194A0964256BFDE
:2066400020947649C39C28AC010488A98F009C003241D500A8A907AB0D428AA99B0192A692
:206650007649D5C40A4228AC01048F009C0058423041560100A49A0194A0964256BF20940C
:206660007649C39428AC010488A98F009C003241D500A8A907AB0D428AA99B0292A676496E
:20667000D5C40842000228AC01048F009C0058423041560100A49A0194A0964256BF0D94BE
:2066800030418F009C00560100A4924193427649E278761F02C42B24FE840006FE02964199
:206690002B4228AC01048F009C0058423041560100A49A0194A0964256BF2894761F02C69E
:2066A0009200600D304158428F009C00560100A49A0194A0964256BF50946F745202600D66
:2066B000304158428F009C00560100A49A0194A0964256BF53946F665206600D3041584251
:2066C0008F009C00560100A49A0194A0964256BF46946F58520460217648F59E5201600F4D
:2066D00028AC01048F009C0058423041560100A49A0194A0964256BF4C946F4428AC010478
:2066E0008F009C0058423041560100A49A0194A0964256BF53946F365203600D3041584254
:2066F0008F009C00560100A49A0194A0964256BF42946F285207600D304158428F009C003F
:20670000560100A49A0194A0964256BF44946F1A5205600D304158428F009C00560100A46C
:206710009A0194A0964256BF4C946F0C304158428F009C00560100A49A0194A0964256BF65
:206720005094304158428F009C00560100A49A0194A0964256BF0D9430418F009C005601F4
:2067300000A4924193427649E278FE820006FE0496412B4228AC01048F009C005842304109
:20674000560100A49A0194A0964256BF28942B43924352406710304158428F009C005601ED
:2067500000A49A0194A0964256BF30940A439243524068F276499780BE409B0090400FA603
:20676000600B28AC01048F009C013041560100A456BF31C46F0A28AC01048F009C01304144
:20677000560100A456BF30C476499784520E600B28AC01048F009C073041560100A456BFD4
:2067800031C46F0A28AC01048F009C073041560100A456BF30C47649CEBB5200610B28AC31
:2067900001048F009C083041560100A456BF31C46F0A28AC01048F009C083041560100A44A
:2067A00056BF30C476499780BE809B0090800FA6600B28AC01048F009C093041560100A478
:2067B00056BF31C46F0A28AC01048F009C093041560100A456BF30C47649978018A9040029
:2067C00091008F0004000FA4600B28AC01048F009C0A3041560100A456BF31C46F0A28ACA6
:2067D00001048F009C0A3041560100A456BF30C47649498A5200610B28AC01048F009C0D99
:2067E0003041560100A456BF31C46F0A28AC01048F009C0D3041560100A456BF30C4764965
:2067F00097804EA96D05764997804DA96C0B28AC01048F009C3E3041560100A456BF31C40E
:206800006F0A28AC01048F009C3E3041560100A456BF30C4304158428F009C00560100A417
:206810009A0194A0964256BF0D9430418F009C00560100A4924193427649E278FE8400062B
:20682000FE0296417649142E28A94E207649B5669A069B037649EE27924176486FE0FE82F5
:206830000006FE02964128AC01048F009C003041560100A456BF28C4761F02C6D5008F0039
:206840009C013041560100A49B01920C7649D5C428AC01048F009C023041560100A456BF16
:206850000DC48F009C003041560100A49B0392417649E278FE820006FE02964128AC010400
:206860008F00FF043041560100A49A029B007649D60196425214632A28AC01048F00FF0318
:206870003041560100A492C4522D60059242FF5C96426F0D30418F00FF03560100A492C48C
:20688000522B61059241764870166F133B109242761F0246720329109B02FF699A0676496E
:20689000EE27924176486FE06F04924176487016FE820006FE02964128AC01048F00FF04A1
:2068A0003041560100A49A029B007649D60196425206632628AC01048F00FF0330415601B4
:2068B00000A492C4522D60059242FF5C96426F0D30418F00FF03560100A492C4522B610531
:2068C0009241764870166F0F3B1029109A069B02FF697649EE27924176486FE06F04924100
:2068D00076487016FE820006FE029641FE820006FE029641FE820006FE0296412B4228AC0C
:2068E00001048F009C0058423041560100A49A0194A0964256BF28947649B4E728AC0104B7
:2068F00088A98F009C003241D501A8A907AB0D428AA99B0392A67649D5C40842000528AC0D
:2069000001048F009C0058423041560100A49A0194A0964256BF20947649DD1928AC010443
:2069100088A98F009C003241D501A8A907AB0D428AA99B0392A67649D5C40842000528ACEC
:2069200001048F009C0058423041560100A49A0194A0964256BF209432418F009C00D5013D
:20693000A8A907AB0D428AA99A009B037649D5C40842000528AC01048F009C0058423041D4
:20694000560100A49A0194A0964256BF0D948F009C003041560100A4924193427649E27887
:20695000FE820006FE029641FE820006FE0296412B4228AC01048F009C005842304156019A
:2069600000A49A0194A0964256BF289476491F5228AC010488A98F009C003241D500A8A9FD
:2069700007AB0D428AA99B0292A67649D5C40842000228AC01048F009C00584230415601F4
:2069800000A49A0194A0964256BF0D948F009C003041560100A4924193427649E278FE821E
:206990000006FE02964128AC01048F00FF033041560100A49A029B007649D601964252013C
:2069A00069059241764870166F117649261C88A90E420FA661089242764926159A069B0326
:2069B0007649EE27924176486FE0FE820006FE0296412B4228AC01048F009C00584230413A
:2069C000560100A49A0194A0964256BF28947649261C28AC010488A98F009C003241D500C6
:2069D000A8A907AB0D428AA99B0292A67649D5C40842000228AC01048F009C00584230419A
:2069E000560100A49A0194A0964256BF0D948F009C003041560100A4924193427649E278E7
:2069F000FE820006FE02964128AC01048F00FF033041560100A49A029B007649D6019642AF
:206A0000520169059241764870166F13764921B188A90E420FA6610A9242764921AA7649CD
:206A1000AB2A9A069B037649EE27924176486FE0FE820006FE0296412B4228AC01048F006D
:206A20009C0058423041560100A49A0194A0964256BF2894764921B128AC010488A98F0012
:206A30009C003241D500A8A907AB0D428AA99B0292A67649D5C40842000228AC01048F00FC
:206A40009C0058423041560100A49A0194A0964256BF0D948F009C003041560100A49241CD
:206A500093427649E278FE820006FE04964128AC01048F00FF033041560100A49A029B00CC
:206A60007649D6019642520469059241764870166F4B7649CEB7964376491FAA88A90E42ED
:206A70000FA66104924276491FA392425201600E2D43359276491FCF2D43358A76491FE52C
:206A80002D43356976491FAE6F26520060112D43359076491FCF2D43358876491FE52D43C2
:206A9000356976491FAE9A00764920546F1452036103520460102D43359076491FCF2D439B
:206AA000359076491FE52D43357876491FAE9A00764920549A069B037649EE2776486AF4AA
:206AB000924176486FE0FE840006FE0296412B4228AC01048F009C0058423041560100A410
:206AC0009A0194A0964256BF289476491FAA28AC010488A98F009C003241D500A8A907AB36
:206AD0000D428AA99B0292A67649D5C40842000228AC01048F009C0058423041560100A4A1
:206AE0009A0194A0964256BF0D948F009C003041560100A4924193427649E278FE8200065B
:206AF000FE029641FE820006761F02C32B1F761F02C4922452066515520A631356BF0B248C
:206B0000761F027056BF520056BF530156BF540256BF0D038F009C009A009B047649E27891
:206B10000006FE02964128AC01048F00FF063041560100A492C4520D61059241764870167D
:206B20006F16761F027056BF500056BF560156BF410256BF300356BF0D048F009C009A006D
:206B30009B057649E278924176486FE0FE820006FE02964128AC01048F00FF0C3041560114
:206B400000A492C4520D61059241764870166F2830418F00FF04560100A49A039B027649D1
:206B5000D6019642761F027056BF500056BF560156BF410256BF3103D5029B038F009C0459
:206B60007649D5C4761F027056BF0D0A9A009B0B8F009C007649E278924176486FE0FE82A6
:206B70000006FE029641761F02C4922C601C764923F91BA9040060057649240552006113DD
:206B800028A90400764923F19A00764923FD3B10761F02C502001E0E2910FF699A069B0221
:206B90007649EE27761F02C42B092B0A9A00764870F79A0076487105761F02C3920F60075E
:206BA0007648806B761F02C41A2C0001761F02C456BF0117924176486FE0FE820006FE029C
:206BB000964128AC01048F00FF0C3041560100A492C4520D61059241764870166F3E3041BF
:206BC0008F00FF04560100A49A039B027649D6019642761F02C4922C602D9242612B1BA9B6
:206BD000177066289242764870F77649CEA7761F02C4960976487101761F02C493A93B0166
:206BE00092099EA885A9FF561BA901C2620F761F02C3920F60077648808B761F02C41A2C6D
:206BF0000002924176486FE06F089241764870166F04924176487016FE820006B2BDFE0890
:206C0000964528AC01048F00FF0C3045560100A492C4520D6106924576487016FFEF00BAD7
:206C100030458F00FF04560100A49A039B027649D6019646761F02C4922CFFE000A892463E
:206C2000FFE100A51BA91770FFE600A1764871015200FFE5009C9246764871057649CEA7BC
:206C3000761F02C4960A3B019E0985A9FF565264640C7648710159A97648710F3B019EA1D2
:206C400085A9FF5652646306924576487016FFEF00817648710F761F02C493A93B01920A5B
:206C50009EA885A9FF561BA901C2626C7648710159A97648710F3B01761F02C49EA185A992
:206C6000FF5656030AA91EA6920A9E0985A9FF5685A91E4206A600C9EF9296477648710F8A
:206C7000761F02C43B012D0A56030AA9334703AB1E4492471BA905F463411BA9020C653EF1
:206C80008F070800A8A90F446539FF2BFF1F0F446335761F02C3920F6007764880B5761FF7
:206C900002C41A2C0004764923F95447600D8F002710A842064400C9EFA159A976492405B4
:206CA00093A155A961109247764923F18F002710A842064400C9EFA1764923FD9A069B0216
:206CB0007649EE273B100644761F02C51E0E2910FF69924576486FE06F0C924576487016B8
:206CC0006F089245764870166F04924576487016FE888BBE0006FE02964128AC01048F0080
:206CD000FF043041560100A49A029B007649D6019642520965059241764870166F2D5200C6
:206CE000612828AC01048F00FF033041560100A492C4522D60049242FF5C9642764923F91A
:206CF00093A9924294A8764923F1764923F91BA905F4650628A905F4764923F16F0A76498D
:206D000023F91BA9020C630528A9020C764923F1924176486FE0FE820006FE029641FE82AE
:206D10000006FE04964156BF024228AC01048F00FF003241A8A907AB0D428AA99A049B0093
:206D20007649D6019643764924AE0842000428AC01048F00FF003241A8A907AB0D428AA9A6
:206D30009A049B007649D6019643764924B90842000428AC01048F00FF003241A8A907ABD4
:206D40000D428AA99A049B007649D6019643764924C40842000428AC01048F00FF0032413A
:206D5000A8A907AB0D428AA99A029B007649D60196432D433564764924CF9A0E764924E5CD
:206D6000764880DF9A069B027649EE27924176486FE0FE840006FE04964156BF034228AC76
:206D700001048F00FF003241A8A907AB0D428AA99A029B007649D601964352146603520EA3
:206D800067059241764870166F679243764924E50842000228AC01048F00FF003241A8A986
:206D900007AB0D428AA99A049B007649D6019643764924AE0842000428AC01048F00FF00C1
:206DA0003241A8A907AB0D428AA99A049B007649D6019643764924B90842000428AC010470
:206DB0008F00FF003241A8A907AB0D428AA99A049B007649D6019643764924C408420004A0
:206DC00028AC01048F00FF003241A8A907AB0D428AA99A049B007649D6019643764924CFFA
:206DD0000842000428AC01048F00FF003241A8A907AB0D428AA99A049B007649D60196434E
:206DE000764924DA764880DF9A069B027649EE27924176486FE0FE840006FE0296417649AA
:206DF000142E3B10761F02C502001E0E2910FF699A069B027649EE27924176486FE0FE825A
:206E00000006FE029641FE820006FE029641FE820006FE029641761F02C42B157648EE1183
:206E10009A007648F6849A007648F61F9A007648F6239A007648F641761F01FC1A0D8000EA
:206E20001A1400011A1400021A0D40003B10FF697649EEFA76C8000076206F00FE02964118
:206E30002B4228AC01048F009C0058423041560100A49A0194A0964256BF28940842000207
:206E40008F009C0058423041560100A49A0194A0964256BF209476491EB928AC010488A9F1
:206E50008F009C003241D500A8A907AB0D428AA99B0292A67649D5C40842000228AC0104D8
:206E60008F009C0058423041560100A49A0194A0964256BF2094084200028F009C00584260
:206E70003041560100A49A0194A0964256BF2094084200048F009C0058423041560100A4A7
:206E80009A0194A0964256BF209476491EC428AC01043B0188A98F009C003241D50085A6FD
:206E9000FF5688A9A8A907AB0D428AA99B0492A67649D5C40842000428AC01048F009C0056
:206EA00058423041560100A49A0194A0964256BF2094084200048F009C0058423041560181
:206EB00000A49A0194A0964256BF209476491EE628AC010488A98F009C003241D501A8A91C
:206EC00007AB0D428AA99B0392A67649D5C40842000528AC01048F009C005842304156019B
:206ED00000A49A0194A0964256BF209476491EF128AC010488A98F009C003241D502A8A9F0
:206EE00007AB0D428AA99B0292A67649D5C40842000528AC01048F009C005842304156017C
:206EF00000A49A0194A0964256BF209476491EFC28AC010488A98F009C003241D501A8A9C6
:206F000007AB0D428AA99B0392A67649D5C40842000528AC01048F009C005842304156015A
:206F100000A49A0194A0964256BF209476491F0728AC010488A98F009C003241D502A8A998
:206F200007AB0D428AA99B0292A67649D5C40842000528AC01048F009C005842304156013B
:206F300000A49A0194A0964256BF209476491F1228AC010488A98F009C003241D501A8A96E
:206F400007AB0D428AA99B0392A67649D5C40842000528AC01048F009C005842304156011A
:206F500000A49A0194A0964256BF209476491EDB28AC010488A98F009C003241D501A8A986
:206F600007AB0D428AA99B0292A67649D5C40842000428AC01048F009C00584230415601FC
:206F700000A49A0194A0964256BF209476491F1D28AC010488A98F009C003241D500A8A924
:206F800007AB0D428AA99B0392A67649D5C40842000328AC01048F009C00584230415601DC
:206F900000A49A0194A0964256BF2094304158428F009C00560100A49A0194A0964256BFE0
:206FA0000D948F009C003041560100A4924193427649E278FE820006FE029641FE820006F5
:206FB0000006FE0296419A01764870D3924176486FE0FE820006FE029641761F02C42B2461
:206FC000FE820006FE029641761F02C3921F600456BF011F6F11761F02C4402C6C04182CB5
:206FD000FFFE6F0A412C6C04182CFFFD6F05422C6C03182CFFFB761F02C42B24FE8200064F
:206FE000FE02964128AC01048F009C003041560100A456BF28C48F009C013041560100A4B1
:206FF00056BF41C48F009C023041560100A456BF43C48F009C033041560100A456BF4BC4F4
:207000008F009C043041560100A456BF0DC4761F02C456BF01158F009C003041560100A4D2
:207010009B0592417649E278FE820006FE02964128AC01048F009C003041560100A456BFF2
:2070200028C48F009C013041560100A456BF4EC48F009C023041560100A456BF41C48F0063
:207030009C033041560100A456BF4BC48F009C043041560100A456BF0DC4761F02C456BF20
:2070400001158F009C003041560100A49B0592417649E278FE820006FE0697469645A044D1
:20705000A842520060039A006F225200611F52016007924652016004020207421E428342C9
:207060008A4488C50EC40FA6610892C4522A61039A006F0D9A016F0B0B45020107441E44A4
:20707000020107421E42924560E39A01FE860006761F02C392130006FE0296413B10761F59
:2070800002C396132910FF69FE820006FE0A9645A84206421E442B460B456F249246FFC7F2
:20709000FFC396475603044696468A4492C4FFC3704758A98F00AA0B9294F2469246FFC7E4
:2070A000FFC396475603044696468A4492C4900F704758A98F00AA0B9294F2460201074447
:2070B0001E4492450B45520060DA924690FF96499246FFC79648924952286105520D61036B
:2070C000520A60020A49924852286105520D6103520A60020A4856030848964692497246FA
:2070D0009246FE8A0006FE0296413B10761F02C496162910FF69FE820006761F02C49216E7
:2070E0000006FE0296413B10761F02C496252910FF69FE820006761F02C492250006761F7E
:2070F00002C4920E0006761F02C4920F0006FE0296413B10761F02C496072910FF69FE82D7
:207100000006761F02C492070006FE0296413B10761F02C496082910FF69FE820006761F98
:2071100002C492080006FE0296413B10761F02C3961D2910FF69FE820006761F02C3921D9A
:207120000006FE0296413B10761F02C3961E2910FF69FE820006761F02C3921E0006FE02E2
:207130009641761F02CC9609FE820006761F02CC92090006FE02964128AC01048F00FF039B
:207140003041560100A49A029B007649D6019642520368059241764870166F11764921BC29
:2071500088A90E420FA661089242764921B59A069B037649EE27924176486FE0FE8200069F
:20716000FE0296412B4228AC01048F009C0058423041560100A49A0194A0964256BF289449
:20717000764921BC28AC010488A98F009C003241D500A8A907AB0D428AA99B0292A67649CD
:20718000D5C40842000228AC01048F009C0058423041560100A49A0194A0964256BF0D94A3
:207190008F009C003041560100A4924193427649E278FE820006FE02964128AC01048F00C2
:2071A000FF053041560100A49A029B007649D6019642520268059241764870166F117649A3
:2071B00021FE88A90E420FA661089242764921F79A069B037649EE27924176486FE0FE82E4
:2071C0000006FE0296412B4228AC01048F009C0058423041560100A49A0194A0964256BF9F
:2071D0002894764921FE28AC010488A98F009C003241D500A8A907AB0D428AA99B0292A62E
:2071E0007649D5C40842000228AC01048F009C0058423041560100A49A0194A0964256BF25
:2071F0000D948F009C003041560100A4924193427649E278FE820006FE02964128AC010450
:207200008F00FF033041560100A49A029B007649D6019642520369059241764870166F1172
:2072100076491FE188A90E420FA66108924276491FDA9A069B037649EE27924176486FE082
:20722000FE820006FE0296412B4228AC01048F009C0058423041560100A49A0194A09642D3
:2072300056BF289476491FE128AC010488A98F009C003241D500A8A907AB0D428AA99B020F
:2072400092A67649D5C40842000228AC01048F009C0058423041560100A49A0194A09642A1
:2072500056BF0D948F009C003041560100A4924193427649E278FE820006B2BDFE04964142
:207260002B432B426F2128AC0037761F02C58F00B00058423000560100A4594228AC0104C4
:20727000889430418F009C00560100A47E9C584230418F009C00560100A49294520D600318
:2072800056BF01430A42924252376703924361DC761F02C592009C0190019600761F02C463
:207290002B1528AC01048F009C003041560100A4924193427649E278761F02C456BF0115E7
:2072A000FE848BBE0006FE0296413B10761F02C4960D2910FF69FE820006761F02C4920DBC
:2072B0000006FE0696432B4428AC01048F009C0058443043560100A49A0194A0964456BFA0
:2072C00028947649219B28AC010488A98F009C003243D501A8A907AB0D448AA99B0392A69A
:2072D0007649D5C40844000528AC01048F009C0058443043560100A49A0194A0964456BF29
:2072E00020947649219B3B0128AC0064761F02D685A91E42300200C9EF92964528AC0104C0
:2072F0008F009C00D5013243A8A907AB0D448AA99B0292457649D5C40844000428AC01048C
:207300008F009C0058443043560100A49A0194A0964456BF20947649219B28AC010488A941
:207310008F009C003243D501A8A907AB0D448AA99B0392A67649D5C40844000528AC010408
:207320008F009C0058443043560100A49A0194A0964456BF20947649219F52006004284504
:2073300001F46F032845025828AC01048F009C003243A8A9D50107AB0D448AA992459B02C5
:207340007649D5C40844000428AC01048F009C0058443043560100A49A0194A0964456BFB9
:2073500020947649219B3B0128AC0064761F02D685A91E42300200C9EF92964528AC01044F
:207360008F009C003243D501A8A907AB0D448AA99B0292457649D5C40844000428AC01041B
:207370008F009C0058443043560100A49A0194A0964456BF2094761F02D632438F009C0049
:20738000D500A8A907AB0D448AA99B0492027649D5C40844000428AC01048F009C00584416
:207390003043560100A49A0194A0964456BF2094761F02D632438F009C00D500A8A907AB18
:2073A0000D448AA99B0492017649D5C40844000428AC01048F009C0058443043560100A461
:2073B0009A0194A0964456BF20947649CEB72DA93578964528AC01048F009C003243D5015A
:2073C000A8A907AB0D448AA99B0292457649D5C40844000428AC01048F009C0058443043F7
:2073D000560100A49A0194A0964456BF20947649203A28AC010488A98F009C003243D50197
:2073E000A8A907AB0D448AA99B0292A67649D5C40844000428AC01048F009C005844304376
:2073F000560100A49A0194A0964456BF20947649CF9E28AC010488A98F009C003243D50164
:20740000A8A907AB0D448AA99B0292A67649D5C40844000428AC01048F009C005844304355
:20741000560100A49A0194A0964456BF209476491FD628AC010488A98F009C003243D501BB
:20742000A8A907AB0D448AA99B0292A67649D5C40844000428AC01048F009C005844304335
:20743000560100A49A0194A0964456BF209476491FED28AC010488A98F009C003243D50184
:20744000A8A907AB0D448AA99B0292A67649D5C40844000428AC01048F009C005844304315
:20745000560100A49A0194A0964456BF209476491FAA9B3028AC01048F009C0095A958447E
:2074600088A83043560100A49A0194A096447E94304358448F009C00560100A49A0194A0AF
:20747000964456BF20947649202F28AC010488A98F009C003243D500A8A907AB0D448AA945
:207480009B0292A67649D5C40844000228AC01048F009C0058443043560100A49A0194A094
:20749000964456BF20947649200E28AC010488A98F009C003243D500A8A907AB0D448AA946
:2074A0009B0392A67649D5C40844000328AC01048F009C0058443043560100A49A0194A072
:2074B000964456BF2094764921B19B3028AC01048F009C0095A9584488A83043560100A441
:2074C0009A0194A096447E94304358448F009C00560100A49A0194A0964456BF209476498B
:2074D00021BC9B3028AC01048F009C0095A9584488A83043560100A49A0194A096447E94BD
:2074E000304358448F009C00560100A49A0194A0964456BF209476491FE19B3028AC010482
:2074F0008F009C0095A9584488A83043560100A49A0194A096447E94304358448F009C00E4
:20750000560100A49A0194A0964456BF20948F009C0058443043560100A49A0194A0964420
:2075100056BF3C948F009C0058443043560100A49A0194A0964456BF20948F009C00D500CF
:207520003243A8A907AB0D448AA99A019B027649D5C40844000228AC01048F009C005844D1
:207530003043560100A49A0194A0964456BF2094304358448F009C00560100A49A0194A057
:20754000964456BF3094304358448F009C00560100A49A0194A0964456BF209476491F52A1
:207550009B3028AC01048F009C0095A9584488A83043560100A49A0194A096447E943043A6
:2075600058448F009C00560100A49A0194A0964456BF20947649204528AC010488A98F001A
:207570009C003243D501A8A907AB0D448AA99B0292A67649D5C40844000428AC01048F00A8
:207580009C0058443043560100A49A0194A0964456BF2094304358448F009C00560100A49E
:207590009A0194A0964456BF209476491F9F9B3028AC01048F009C0095A9584488A83043A0
:2075A000560100A49A0194A096447E94304358448F009C00560100A49A0194A0964456BF22
:2075B0000D948F009C003043560100A4924393447649E278761F02D02B02FE860006FE029E
:2075C0009641FE820006B2BDFE0496412B4228AC01048F009C0058423041560100A49A01F4
:2075D00094A0964256BF28947649AF4F28AC010488A98F009C003241D501A8A907AB0D4231
:2075E0008AA99B0392A67649D5C40842000528AC01048F009C0058423041560100A49A0136
:2075F00094A0964256BF20947649AF6728AC0104BE0A8F009C003241D5010EA9F60F1FA63B
:2076000088A9A8A907AB0D428AA99B0292A67649D5C40842000428AC01048F009C0058429B
:207610003041560100A49A0194A0964256BF2094761F02C69200520360087649B4879643FF
:207620007649B49F96446F1B520461055205610352066013761F01FCCC098000FFCE52018B
:20763000600C92109001520160087649B48796437649AF6796446F032B432B4428AC010436
:207640008F009C003241A8A9D50107AB0D428AA992439B037649D5C40842000528AC01043E
:207650008F009C0058423041560100A49A0194A0964256BF2094BE0A32418F009C00D5013D
:207660000E44F60F1FA688A9A8A907AB0D428AA99B0292A67649D5C40842000428AC0104E4
:207670008F009C0058423041560100A49A0194A0964256BF209476497C7459A976497C6409
:207680003B0185A9FF5693A155A9631776497C6428AC01043B0188A98F009C003241D50027
:2076900085A6FF5688A9A8A907AB0D428AA99B0492A67649D5C46F1276497C7428AC01046C
:2076A00088A98F009C003241D500A8A907AB0D428AA99B0492A67649D5C40842000428AC50
:2076B00001048F009C0058423041560100A49A0194A0964256BF209476497C6428AC01049C
:2076C0003B0188A98F009C003241D50085A6FF5688A9A8A907AB0D428AA99B0492A67649FE
:2076D000D5C40842000428AC01048F009C0058423041560100A49A0194A0964256BF209439
:2076E00076497C6028AC010488A98F009C003241D500A8A907AB0D428AA99B0392A6764958
:2076F000D5C40842000328AC01048F009C0058423041560100A49A0194A0964256BF20941A
:207700007649E79728AC0104BE0A8F009C003241D5000EA9F60F1FA688A9A8A907AB0D4214
:207710008AA99B0392A67649D5C40842000328AC01048F009C0058423041560100A49A0106
:2077200094A0964256BF20947649CEA728AC010488A98F009C003241D502A8A907AB0D426F
:207730008AA99B0292A67649D5C40842000528AC01048F009C0058423041560100A49A01E5
:2077400094A0964256BF2094761F021F32418F009C00D500A8A907AB0D428AA99B03922254
:207750007649D5C40842000328AC01048F009C0058423041560100A49A0194A0964256BFAE
:2077600020947649121F28AC010488A98F009C003241D500A8A907AB0D428AA99B0392A68D
:207770007649D5C40842000328AC01048F009C0058423041560100A49A0194A0964256BF8E
:207780002094764911FF28AC010488A98F009C003241D500A8A907AB0D428AA99B0492A68D
:207790007649D5C40842000428AC01048F009C0058423041560100A49A0194A0964256BF6D
:2077A0002094761F02C39B0A920300C9F00988A98F009C003241D500A8A907AB0D428AA996
:2077B0009B0492A67649D5C40842000428AC01048F009C0058423041560100A49A0194A063
:2077C000964256BF2094761F02C332418F009C00D501A8A907AB0D428AA99B0392077649BF
:2077D000D5C40842000528AC01048F009C0058423041560100A49A0194A0964256BF209437
:2077E000761F02C332418F009C00D502A8A907AB0D428AA99B0292027649D5C4084200055D
:2077F00028AC01048F009C0058423041560100A49A0194A0964256BF2094761F02C4324131
:207800008F009C00D500A8A907AB0D428AA99B0592067649D5C40842000528AC01048F009C
:207810009C0058423041560100A49A0194A0964256BF2094304158428F009C00560100A415
:207820009A0194A0964256BF3094761F02D08F409C005C0230415842560100A5DC309A01EA
:2078300094A096427C958F009C0058423041560100A49A0194A0964256BF3094761F01FCD8
:20784000921090015201600D304158428F009C00560100A49A0194A0964256BF31946F0C08
:20785000304158428F009C00560100A49A0194A0964256BF3094304158428F009C005601DA
:2078600000A49A0194A0964256BF30947648F5CD52026109761F02C39B0A920100C9F073E8
:207870005200610F28AC01048F009C0058423041560100A49A0194A0964256BF31946F0E2E
:2078800028AC01048F009C0058423041560100A49A0194A0964256BF3094761F02C39B0A5F
:20789000920100C9F0735200610D304158428F009C00560100A49A0194A0964256BF3194A7
:2078A0006F0C304158428F009C00560100A49A0194A0964256BF30947648F5CD5202601454
:2078B000761F02C692005204600F28AC01048F009C0058423041560100A49A0194A0964253
:2078C00056BF31946F0E28AC01048F009C0058423041560100A49A0194A0964256BF3094C7
:2078D000304158428F009C00560100A49A0194A0964256BF20943241D5008F009C00A8A933
:2078E00007AB0D428AA99A009B027649D5C40842000228AC01048F009C0058423041560113
:2078F00000A49A0194A0964256BF209432418F009C00D500A8A907AB0D428AA99A009B0235
:207900007649D5C40842000228AC01048F009C0058423041560100A49A0194A0964256BFFD
:207910002094761F02C332418F009C00D500A8A907AB0D428AA99B0592097649D5C4084274
:20792000000528AC01048F009C0058423041560100A49A0194A0964256BF20947648F5CD48
:2079300052026109761F02C39B0A920100C9F073520061167649C3949B0A00C9F0735203B6
:20794000600F28AC01048F009C0058423041560100A49A0194A0964256BF31946F0E28ACDC
:2079500001048F009C0058423041560100A49A0194A0964256BF30947648F59E9B3028AC71
:2079600001048F009C0095A9584288A83041560100A49A0194A096427E94584230418F0010
:207970009C00560100A4D88292949643761F02528F409C005C3658423041560100A5DC300E
:207980009A0194A096427C958F009C0058423041560100A49A0194A0964256BF0D948F0012
:207990009C003041560100A4924193427649E278FE848BBE0006FE0296412B4228AC010420
:2079A0008F009C0058423041560100A49A0194A0964256BF28948F009C0058423041560191
:2079B00000A49A0194A0964256BF3094761F02C692005206600D304158428F009C00560152
:2079C00000A49A0194A0964256BF31946F0C304158428F009C00560100A49A0194A096422F
:2079D00056BF309476499784521D600F28AC01048F009C0058423041560100A49A0194A02D
:2079E000964256BF31946F0E28AC01048F009C0058423041560100A49A0194A0964256BF92
:2079F000309476499784521F600F28AC01048F009C0058423041560100A49A0194A0964248
:207A000056BF31946F0E28AC01048F009C0058423041560100A49A0194A0964256BF309485
:207A1000764997845220600F28AC01048F009C0058423041560100A49A0194A0964256BFD5
:207A200031946F0E28AC01048F009C0058423041560100A49A0194A0964256BF30947649BB
:207A3000AFA75200610F28AC01048F009C0058423041560100A49A0194A0964256BF319493
:207A40006F0E28AC01048F009C0058423041560100A49A0194A0964256BF30947649978445
:207A50005226600F28AC01048F009C0058423041560100A49A0194A0964256BF31946F0E27
:207A600028AC01048F009C0058423041560100A49A0194A0964256BF30947649978452232D
:207A7000600F28AC01048F009C0058423041560100A49A0194A0964256BF31946F0E28ACAB
:207A800001048F009C0058423041560100A49A0194A0964256BF3094764997845223600F72
:207A900028AC01048F009C0058423041560100A49A0194A0964256BF31946F0E28AC0104F5
:207AA0008F009C0058423041560100A49A0194A0964256BF30947649498A5200610F28ACED
:207AB00001048F009C0058423041560100A49A0194A0964256BF31946F0E28AC01048F001A
:207AC0009C0058423041560100A49A0194A0964256BF30947649978018A9040091008F00C9
:207AD00004000FA4600F28AC01048F009C0058423041560100A49A0194A0964256BF3194E5
:207AE0006F0E28AC01048F009C0058423041560100A49A0194A0964256BF309476499784A5
:207AF000520E600F28AC01048F009C0058423041560100A49A0194A0964256BF31946F0E9F
:207B000028AC01048F009C0058423041560100A49A0194A0964256BF30947649CEBB520041
:207B1000610F28AC01048F009C0058423041560100A49A0194A0964256BF31946F0E28AC09
:207B200001048F009C0058423041560100A49A0194A0964256BF3094304158428F009C0059
:207B3000560100A49A0194A0964256BF30947649CED65200610F28AC01048F009C005842F7
:207B40003041560100A49A0194A0964256BF31946F0E28AC01048F009C0058423041560155
:207B500000A49A0194A0964256BF3094761F02D69234610D304158428F009C00560100A41F
:207B60009A0194A0964256BF31946F0C304158428F009C00560100A49A0194A0964256BF1C
:207B7000309476499784523061057649978047A96C0F28AC01048F009C00584230415601C8
:207B800000A49A0194A0964256BF31946F0E28AC01048F009C0058423041560100A49A019E
:207B900094A0964256BF3094764997804EA96D05764997804DA96C0F28AC01048F009C0066
:207BA00058423041560100A49A0194A0964256BF31946F0E28AC01048F009C0058423041B2
:207BB000560100A49A0194A0964256BF3094764997845224600F28AC01048F009C005842DD
:207BC0003041560100A49A0194A0964256BF31946F0E28AC01048F009C00584230415601D5
:207BD00000A49A0194A0964256BF3094764997845222600F28AC01048F009C0058423041A5
:207BE000560100A49A0194A0964256BF31946F0E28AC01048F009C0058423041560100A482
:207BF0009A0194A0964256BF3094764997845204600F28AC01048F009C00584230415601F0
:207C000000A49A0194A0964256BF31946F0E28AC01048F009C0058423041560100A49A011D
:207C100094A0964256BF309476499784524F600F28AC01048F009C0058423041560100A47B
:207C20009A0194A0964256BF31946F0E28AC01048F009C0058423041560100A49A0194A06D
:207C3000964256BF3094304158428F009C00560100A49A0194A0964256BF3094924252208C
:207C400069F3304158428F009C00560100A49A0194A0964256BF0D9430418F009C00560147
:207C500000A4924193427649E278FE820006FE029641FE820006FE029641FE820006FE026F
:207C60009641FE820006FE029641FE820006FE029641FE820006FE02964128AC01048F00AE
:207C7000FF023041560100A492C4526160059A01764926156F4E30418F00FF02560100A4CB
:207C800092C4526260059A01764921F76F4230418F00FF02560100A492C4524360059A016B
:207C9000764883A16F3630418F00FF02560100A492C4526A600676491F525200602A6F2935
:207CA00030418F00FF02560100A492C4526B60059A01764922656F1D30418F00FF0256018B
:207CB00000A492C4527560059A01764922026F1130418F00FF02560100A492C45276600511
:207CC0009A017649220D6F059241764870166F089A069B037649EE27924176486FE0FE82A7
:207CD0000006FE02964128AC01048F00FF023041560100A492C4526160059A0076492615E0
:207CE0006F4130418F00FF02560100A492C4526260059A00764921F76F3530418F00FF0253
:207CF000560100A492C4524360059A00764883A16F2930418F00FF02560100A492C4526B06
:207D000060059A00764922656F1D30418F00FF02560100A492C4527560059A007649220297
:207D10006F1130418F00FF02560100A492C4527660059A007649220D6F0592417648701641
:207D20006F089A069B037649EE27924176486FE0FE820006FE02964128AC01048F00FF0412
:207D30003041560100A49A029B017649D601964276491FAA5202681176491FAA5204660D7B
:207D40007649CEB72DA93582544268077649CEB72DA93569544269059241764870166F11FA
:207D500076491FB588A90E420FA66108924276491FAE9A069B037649EE27924176486FE08F
:207D6000FE820006FE02964128AC01048F00FF043041560100A49A029B017649D601964229
:207D7000520061117649CEB72DA935785442690B7649CEB72DA935915442670592417648EB
:207D800070166F117649204588A90E420FA6610892427649203E9A069B037649EE27924144
:207D900076486FE0FE820006FE029641FE820006FE029641FE820006FE029641FE82000629
:207DA000FE029641FE820006FE029641FE820006FE02964128AC01048F00FF0430415601FF
:207DB00000A49A029B017649D60196427649CEB7520160069242526E681852876616764944
:207DC000CEB752026007924252DC680F1BA9010E660C7649CEB75204600C92421BA901B84E
:207DD00068041BA9021C69059241764870166F157649203A88A90E420FA6610C92427649ED
:207DE00020337649203A764912519A069B037649EE27924176486FE0FE820006FE029641A6
:207DF00028AC01048F00FF043041560100A49A029B017649D601964276491FAA5202680BA7
:207E000076491FAA520466077649CEB72DA93578544269059241764870166F1B76491FD6F7
:207E100088A90E420FA6611276491FED544269059241764870166F0D924276491FCF9A0626
:207E20009B037649EE2776486AF4924176486FE0FE820006FE0296412B4228AC01048F00A2
:207E30009C0058423041560100A49A0194A0964256BF289476491FD628AC010488A98F00CB
:207E40009C003241D501A8A907AB0D428AA99B0292A67649D5C40842000428AC01048F00D5
:207E50009C0058423041560100A49A0194A0964256BF0D948F009C003041560100A49241A9
:207E600093427649E278FE820006FE02964128AC01048F00FF043041560100A49A029B01A8
:207E70007649D601964276491FAA5202680B76491FAA520466077649CEB72DA9357854428D
:207E800069059241764870166F1B76491FED88A90E420FA6611276491FD6544267059241D6
:207E9000764870166F0D924276491FE59A069B037649EE2776486AF4924176486FE0FE82ED
:207EA0000006FE0296412B4228AC01048F009C0058423041560100A49A0194A0964256BFB2
:207EB000289476491FED28AC010488A98F009C003241D501A8A907AB0D428AA99B0292A653
:207EC0007649D5C40842000428AC01048F009C0058423041560100A49A0194A0964256BF36
:207ED0000D948F009C003041560100A4924193427649E278FE820006FE02964128AC010463
:207EE0008F00FF043041560100A49A029B017649D60196427649CEB72DA935785442660714
:207EF0007649CEB72DA935A5544267059241764870166F0D924276491FB99A069B03764981
:207F0000EE2776486AF4924176486FE0FE820006FE0296412B4228AC01048F009C005842E8
:207F10003041560100A49A0194A0964256BF289476491FC028AC010488A98F009C00324127
:207F2000D501A8A907AB0D428AA99B0292A67649D5C40842000428AC01048F009C005842CD
:207F30003041560100A49A0194A0964256BF0D948F009C003041560100A49241934276496A
:207F4000E278FE820006FE029641FE820006FE029641FE820006FE029641FE820006FE022A
:207F50009641FE820006FE029641FE820006FE029641FE820006FE029641FE820006FE029D
:207F6000964128AC01048F00FF053041560100A49A029B007649D6019642522C680352363C
:207F700069059241764870166F177649203A88A92D42310A0EAB0FA6610C350A76492033C6
:207F80007649203A764912519A069B037649EE27924176486FE0FE820006FE0296412B42EA
:207F900028AC01048F009C0058423041560100A49A0194A0964256BF28947649203A28AC62
:207FA0000104BE0A8F009C003241D5000EA9F60F1FA688A9A8A907AB0D428AA99B0292A675
:207FB0007649D5C40842000228AC01048F009C0058423041560100A49A0194A0964256BF47
:207FC0000D948F009C003041560100A4924193427649E278FE820006761F01C8CC05008073
:207FD000FFC652016005761F02C50A046F04761F02C52B04761F01C8CC150080FFC65201D5
:207FE0006005761F02C50A056F04761F02C52B05761F01C8CC250080FFC652016005761FD1
:207FF00002C50A066F04761F02C52B069A007649E30A52006105761F02C50A016F04761F2D
:2080000002C52B019A017649E30A52006105761F02C50A026F04761F02C52B029A027649AF
:20801000E30A52006105761F02C50A036F04761F02C52B039204520A660492015264691423
:208020002B042B013B10761F01C81801FFDF1A0100208F0098C09A00D50028A80104FF6977
:208030007649E1962910761F02C59205520A66049202526469142B052B023B10761F01C83B
:208040001811FFDF1A1100208F0099C49A01D50028A80104FF697649E1962910761F02C56A
:208050009206520A66049203526469142B062B033B10761F01C81821FFDF1A2100208F00E1
:208060009AC89A0228A80104D500FF697649E1962910FF690006761F02C492245206651B2A
:20807000520A631956BF0B24761F027056BF420056BF540156BF410256BF300356BF0D0446
:20808000761F02C456BF01158F009C009A009B057649E2780006761F02C4922452066525E3
:20809000520A632356BF0B24761F027056BF420056BF540156BF410256BF31037648710111
:2080A0008F009C04D5029B037649D5C4761F027056BF0D0A761F02C456BF01159A009B0BCB
:2080B0008F009C007649E2780006761F02C4922452066525520A632356BF0B24761F027046
:2080C00056BF420056BF540156BF410256BF32037648710F8F009C04D5029B037649D5C403
:2080D000761F027056BF0D0A761F02C456BF01159A009B0B8F009C007649E2780006000647
:2080E000FE02964128AC01048F009C003041560100A456BF51C48F009C013041560100A477
:2080F00056BF31C48F009C023041560100A456BF0DC4761F02C456BF01158F009C003041C5
:20810000560100A49B0392417649E278FE820006FE02964128AC01048F009C0030415601B1
:2081100000A456BF4DC48F009C013041560100A456BF43C48F009C023041560100A456BF23
:2081200048C48F009C033041560100A456BF47C48F009C043041560100A456BF43C4764903
:20813000200E5278680456BF78426F047649200E964228AC01048F009C053041D50056011E
:2081400000A492429B037649D5C428AC01048F009C083041560100A456BF0DC4761F02C4F8
:2081500056BF011530418F009C00560100A49B0992417649E278FE820006FE02964128AC8C
:2081600001048F009C003041560100A456BF51C48F009C013041560100A456BF43C48F00F6
:208170009C023041560100A456BF48C48F009C033041560100A456BF47C48F009C0430416A
:20818000560100A456BF53C48F009C053041560100A456BF53C48F009C063041560100A453
:2081900056BF0DC4761F02C456BF01158F009C003041560100A49B0792417649E278FE82BE
:2081A0000006FE0496432B44761F02C42B01761F02C32B1056BF013D28AC01048F00FF0396
:2081B0003043560100A49A039B027649D60196449B0A00C9F06E761F02C3963028AC0104D2
:2081C0008F00FF0C3043560100A49A029B027649D601761F02C3963128AC01048F00FF2F11
:2081D0003043560100A49A039B007649D601761F02C3963328AC01048F00FF5630435601A9
:2081E00000A49A019B007649D601761F02C3963628AC01048F00FF5A3043560100A49A011F
:2081F0009B007649D601761F02C396349236520361035205602028AC01048F00FF4C30439C
:20820000560100A49A029B027649D6019644924463022B4492449B0A00C9F06E761F02C314
:2082100096328F0027102D31A842304400C9EF9296356F032B322B35FE840006FE02964161
:2082200028AC01048F00FF013041560100A49A029B007649D6019642761F02C3963928ACC8
:2082300001048F00FF043041560100A49A029B027649D6019642761F02C3963A28AC010481
:208240008F00FF0A3041560100A49A029B027649D6019642761F02C3963B28AC01048F00E0
:20825000FF103041560100A49A049B007649D6019642520064041BA92EE0650328422EE080
:208260009242761F02C3963CFE820006FE0296412B4276491FE15202600B761F02D1922498
:20827000610456BF0B426F1B56BF01426F1876491FE15200600A761F02D1922461032B4254
:208280006F0E56BF01426F0B76491FE15201610576491FE15203600356BF01429242FE82F4
:208290000006FE047649200E1BA9015E69079A3C7649200756BF01436F022B43764920244F
:2082A0001BA9015E690828A9015E7649201D56BF01436F022B4392435201600D761F02C5D5
:2082B0000A0792075228690A2B079A069B037649EE276F04761F02C52B07761F0252923423
:2082C000521C6005764926D0A8426F0652126004764926D3A8420642761F02900F2A610242
:2082D0001E2AFE840006FE029641FE820006FE029641FE820006FE029641FE820006B2BD38
:2082E000FE067649205B5201FFE00094761F02C4922F520160437649C3949B0A00C9F07381
:2082F0009646520360327649207128AC04B030A91E427649207C28AC04B030A91E44761FE7
:2083000002C50201560100127649206659A97649CEA3D98A93A155A9670A0642761F02C509
:208310000F12670D761F02C42B2F6F090644761F02C50F126704761F02C42B2F2901FF205B
:208320008000764997A06F13761F02C592085203600E761F02C42B2F6F0A0200761F02C500
:208330001E122901FF208000764997AB761F02C4922F600D761F02C59209520160089A005E
:208340007649208B9A069B057649EE27761F02C4922F761F02C596099246960802010710F8
:208350001EA68F0119401E10A8A90FA6601302001E10764920921BA908E8670C7649209280
:2083600093A99A0194A87649208B9A069B057649EE27764920872DA935189C189645764995
:20837000209254456827761F02C456BF012F6F220200761F02C51E101E122B097649C394DC
:208380009B0A00C9F073761F02C596082901FF208000764997AB761F02C42B2F7649209222
:20839000520061089A007649208B9A069B057649EE27FE868BBE00060006761F02C492270D
:2083A0000006FE029641761F02C49627FE820006FE022B427649200E5278680428412EE03B
:2083B0006F067649200E2DA9356496419241761F02C3543C61020A42923E5201600592423D
:2083C00061072B3E6F059242600356BF013E923F5201600E761F02C50A0A920A521E680F48
:2083D000761F02C32B3F761F02C52B0A6F089242600356BF013F761F02C52B0AFE8200061E
:2083E000761F02C356BF01002B012B022B032B042B052B1A2B062B1B2B1C2B072B082B098B
:2083F0002B0A2B0B56BF010C2B0D2B1D2B1E56BF011F9A00764871212B207648712F000649
:20840000761F02C32B2E56BF010F2B212B222B232B242B252B262B272B282B292B2A2B2B09
:208410002B2C56BF012D2B2F761F02C42B2C0006761F02C42B01761F02C356BF0110761F04
:2084200002C42B02761F02C32B302B312B322B332B342B352B3656BF01372B38761F02C452
:208430002B032B042B05761F02C32B392B3A2B3B2B3C2B3D2B3E2B3F0006761F023F2B006D
:208440002B012B022B032B042B052B062B072B082B092B0A2B0B2B0C2B0D2B0E2B0F2B10E4
:208450002B112B122B132B142B152B162B172B182B192B1A2B1B2B1C2B1D2B1E00067649A4
:20846000D8435201FFE000A87649D8B344A96C5E761F02C42B017649D887761F02C496026E
:208470007649D8579B0A00C9F06E761F02C396307649D877761F02C396317649D87B9B0A2C
:2084800000C9F06E761F02C396327649D883761F02C396337649D84B761F02C39038FFC291
:2084900096347649D873761F02C396357649D847761F02C396367649D8B7761F02C3963958
:2084A0007649D8A7761F02C3963A7649D8AB761F02C3963B7649D89F9B0A00C9F06E761F50
:2084B00002C3963C7649D84F761F02C496047649D8BB761F02C496057649D853761F02C4AD
:2084C0009603761F02C32B106F45761F02C32B2E7649D887761F02C396217649D857761F55
:2084D00002C396227649D877761F02C396237649D87B761F02C396247649D87F761F02C358
:2084E00096257649D847761F02C3962F7649D883761F02C396267649D84B761F02C3908048
:2084F000FFC696277649D84B761F02C39038FFC296287649D84F761F02C3962A7649D8BB15
:20850000761F02C3962B7649D853761F02C396292B0F2B0D761F02C3920F5201605E92101D
:20851000605C9230960792329608923596099233960A761F02C49202761F02C3960B761F84
:2085200002C49204761F02C3961B761F02C49205761F02C3961C761F02C49203761F02C38C
:2085300096062B1A761F02C4CC041FFF761F02C3961A761F02C44C046C05761F02C31A1A4D
:208540000002761F02C44D046C05761F02C31A1A1000761F02C44E046C05761F02C31A1AB2
:208550002000761F02C44F046C05761F02C31A1A4000761F02C492056105761F02C31A1A18
:208560008000761F02C3923396049232960592369620923496016F31922296079224960843
:20857000922596099226960A9221960B922A961B922B961C922996062B1ACC2A1FFF961AAD
:208580004C2A6C031A1A00024D2A6C031A1A10004E2A6C031A1A20004F2A6C031A1A4000FF
:20859000922B61031A1A80009226960492249605922F962092289601920F60069226960432
:2085A000922496056F032B042B051B22012C64032B2D6F0356BF012D1B30012C64032B377A
:2085B0006F0356BF013792376106922D610456BF010C6F022B0C920D6018930F9A00BE00BD
:2085C000530061029A0152006002BE01932F9A00530561029A01CEA66108922A6006922B69
:2085D000600456BF012C6F022B2C920D601C93109A00BE00530061029A0152006002BE0143
:2085E00093369A00530561029A01CEA6610C761F02C49204600892056006761F02C356BF1C
:2085F00001386F04761F02C32B3876495989520061097649598F520061059A00764871136A
:208600006F049A0176487113764886A60006FE02964128AC01048F00FF043041560100A46C
:20861000761F02C492C49CD0963E30418F00FF05560100A492C49CD0963F924176486FE0E3
:20862000FE820006FE029641761F02C456BF01312832032076486FE0FE820006FE02964154
:2086300028AC01048F00FF033041560100A4761F02C492C49CD09611924176486FE0FE8230
:208640000006FE022B41761F02C5920B600656BF010B56BF01416F0B7649226C761F02C5AE
:20865000880C0EA90FA6610356BF014192415201604C761F01C856BF071056BF0311761F35
:2086600001C856BF072056BF03217649226C52006116761F01C8CC12FF0050019612CC1393
:20867000FF0050459613761F01C8CC22FF0050019622CC23FF00504596236F15761F01C83B
:20868000CC12FF0050019612CC13FF0050459613761F01C8CC22FF0050019622CC23FF00A6
:2086900050459623761F01C856BF031456BF2311761F01C856BF032456BF23217649226C69
:2086A000761F02C5960C2B41FE820006B2BDFE042B43761F02B9412C6C5C761F02C6920077
:2086B0005203603B761F02B9CC2BFF00FFC75264601C76497C2C761F02BD880287A6564470
:2086C00000A98BA97649CEA33B0185A91E42B2A900C9EF929B1E9FA99743761F02B90622CB
:2086D0006565922272436F6276497C2C761F02BD880287A6564400A98BA97649CEA33B0131
:2086E00085A91E42B2A900C9EF92761F02B9932D9FA99D1E97436F4A761F02C4922652013B
:2086F000600B7649200E9643761F021F2D43350A942196436F3B761F02B9922D9C14964304
:20870000CC2BFF00FFC75264603156BF03436F2E7649200E9643761F021F2D43350A94217E
:20871000964376491FD659A97649CEA393A155A9661D761F02C692005202611676497C2CB4
:20872000761F02BD880287A6564400A98BA97649CEA33B0185A91E42B2A900C9EF929B0A73
:208730009FA997436F0356BF0A43924363022B431B4304B06503284304B07649D8435201C5
:208740006026761F02C39220520260217648712B5200611D764871365443670E761F02CCB4
:208750000A0A920A61092B0A7648713693A99A6494A87648712F764871365443690F761F78
:2087600002CC2B0A92437648712F6F08761F02CC2B0A28A901F47648712FFE848BBE0006BF
:20877000FE029A007649E30A520160039A006F3B761F023C9A018A3C7649E1E996415201C2
:20878000601D761F02C8921A610D761F02C42B15761F02C88F0100049A00931A7649E278F5
:208790006F04761F02C40A348F010004761F023CA83C761F02C82B1A6F0D761F02C42B3498
:2087A000761F02C80A1A0201761F023C5601003C6FD0761F02C41B34025868042B349A0124
:2087B0006F029A00FE820006FE029641761F02BA92266105761F02BA922A602B9241520114
:2087C000602876491FAA52036724764887EA28AC01048F0098C0D5003041560100A49A01DE
:2087D00028A801047649E1969A017649E8B9761F023C8F010004A83C761F02C82B1A761FFF
:2087E00002C42B3456BF01339A019B097649EE27FE82000600060006FE06A044A8422B4623
:2087F0002B459245520867138A442D459A01FF66CEC4610928AC000792AC9E452DA99A01A5
:20880000FF6698460A459245520868EFC542924696C7FE860006FE06A044A8422B462B45C5
:208810009245521067138A442D459A01FF66CEC4610928AC000F92AC9E452DA99A01FF667F
:2088200098460A459245521068EFC542924696C7FE860006FE089643A8422844FFFF284515
:2088300080052B4693A99DFF5200974361268A4292849646A8425DAD5CADDD86DC865DA525
:208840005CA4764887EC56030846F2442B4792475208670F4F446C065603014470459644BD
:208850006F045603014496440A479247520868F392430B43520060DC5CAD5DADDC84DD84B9
:208860005CA45DA57648880B9244FFC7964656030844CA46FE880006FE049643A8425208CD
:2088700067149A006F2056BF08446F1756BF08446F148342560308E594ECFF809C099644F0
:208880006F0C56BF08446F0992CC520361ED520661EE521061EF6FF69244544369039A0052
:208890006F029A01FE840006FE0697449643A8425208671D9A006F2956BF08459A087648C0
:2088A00088C66F1D56BF08459A0876488A026F178342560308E594ECFF809C0996459344A9
:2088B00076488A026F0C56BF08456F0992CC520361E4520661E8521061EC6FF692455443EE
:2088C00069039A006F029A01FE860006B2BDFE0897449643A842761F02C42B3759435843F5
:2088D0008342D982D8815603089D9494964792439CFE7648882A88470EA90FA661099A11DD
:2088E0008A42934476488C579A00FFEF011A83428A42560308D594DC9645560308E594ECB9
:2088F0009646528269089A0F934476488C579A00FFEF010792451BA9110068281BA9128FF5
:208900006725924694451BA9128F660F761F023D2B119A00764971F69A0193448A42764874
:208910008AB69A01FFEF00ED9A12934476488C57761F023D0A119211521E69052B119A0126
:20892000764971F69A00FFEF00DC1BA9210068171BA921D86714924694451BA921D8660835
:208930009A02934476488AB69A01FFEF00CA9A12934476488C579A00FFEF00C31BA91264BA
:2089400068171BA9128F6714924694451BA9128F66089A03934476488AB69A01FFEF00B188
:208950009A12934476488C579A00FFEF00AA1BA9F83168171BA9F8426714924694451BA957
:20896000F84266089A07934476488AB69A01FFEF00989A12934476488C579A00FFEF00917B
:208970001BA9F80068151BA9F8316712924694451BA9F83166079A00934476488AB69A0133
:208980006F7F9A12934476488C579A006F791BA9D00068151BA9D7D06712924694451BA9D9
:20899000D7D066079A04934476488AB69A016F689A12934476488C579A006F621BA9FD007E
:2089A00068151BA9FD186712924694451BA9FD1866079A05934476488AB69A016F519A1276
:2089B000934476488C579A006F4B1BA9010068151BA901016712924694451BA90101660776
:2089C0009A08934476488AB69A016F3A9A12934476488C579A006F341BA9600068151BA916
:2089D00060206712924694451BA9602066079A10934476488AB69A016F239A12934476483F
:2089E0008C579A006F1D1BA9410068151BA9417B6712924694451BA9417B66079A039344E1
:2089F00076488AB69A016F0C9A12934476488C579A006F069A02934476488C579A00FE88EC
:208A00008BBE0006B2BDFE0897449643A842594358438342D982D8815603089D9494964741
:208A100092439CFE7648882A88470EA90FA661099A118A42934476488C579A00FFEF0095B6
:208A200083428A42560308D594DC964592CC5206600456BF01466F05560308E594EC964698
:208A300092451BA9210068161BA921D86713924694451BA921D866088F488CD6924476480C
:208A40008BB79A016F719A12934476488C579A006F6B1BA9410068161BA9417B671392466C
:208A500094451BA9417B66088F489B16924476488BB79A016F599A12934476488C579A00C0
:208A60006F531BA9FD0068161BA9FD186713924694451BA9FD1866088F48A7559244764843
:208A70008BB79A016F419A12934476488C579A006F3B1BA9010068161BA901016713924696
:208A800094451BA9010166088F489AFC924476488BB79A016F299A12934476488C579A0095
:208A90006F231BA9600068161BA960206713924694451BA9602066088F48A5FC9244764865
:208AA0008BB79A016F119A12934476488C579A006F0B9A12934476488C579A1593448A42AB
:208AB00076488C579A00FE888BBE0006FE1097489647A84202001E441E462B4F8342560382
:208AC00008D594DC9649560308E594EC964A6F617648AE428F009040A844924908A9080067
:208AD000964E2B4F6F6B7648A9158F009300A844924908A9EF00964E2B4F6F6028AC0096B2
:208AE0008F009C033048560100A49249934A76488CA3924908A9DF00964E56BF014F6F4EBF
:208AF0008F008FC0A844924908A9AF00964E2B4F6F457648AE428F008F87A844924908A984
:208B000007CF964E2B4F3B10761F023D801B92C7961C29108F008F5CA844924908A9FF0032
:208B1000964E2B4F6F2B8F008FDFA844924908A9A000964E2B4F6F228F009080A8449249E3
:208B200008A9BF00964E2B4F6F199A00FFEF008F92475206620C520661C45200619A52010C
:208B300061A3520261AC520361E86FF0520761C2520861CA521061D86FE928AC0096C5425E
:208B40008F009C003048560100A492C796C48A42304876C09C01560100A792CC96C730487C
:208B50008F009C02560100A45603014A90FF96C4924F520161220E4E07441E448F009C0362
:208B60003048560100A4A8462B4C924A544C69158A4492C48A46FFC796C48A4492C48A461B
:208B700090FF96CC020207461E46020107441E440A4C924A544C66ED5603014A9C03964B46
:208B80008F009C003048FF69560100A4924B7648882A964D28AC0096584B8F009C003048EF
:208B9000560100A49A0194A0964B924DFFC796943048584B8F009C00560100A49A0194A03B
:208BA000964B924D90FF9694761F02C42B158F009C003048560100A49248934B7649E27832
:208BB000761F02C456BF01159A01FE900006FE0E9647A044A84202001E468342560308D5D8
:208BC00094DC964892CC5206600756BF0149020407421E466F08560308E594EC96490207F3
:208BD00007421E469249761F023D96312B4A544A691F83468A46560308C594CC964B0202C3
:208BE00007461E46C5449248934B3E67964C0A48761F023D9632520061078A429347764870
:208BF0008C579A006F630A4A9249544A66E328AC0096C5428F009C003047560100A492C799
:208C000096C48A42304776C09C01560100A792CC96C78A42304776C09C02560100A792D4B0
:208C100096C78A4276C09C033047560100A792DC96C78A4276C09C043047560100A792E479
:208C200096C78A4276C09C053047560100A792EC96C78F009C003047560100A49A067648E9
:208C3000882A964D28AC00968F009C063047560100A4924DFFC796C430478F009C07560183
:208C400000A4924D90FF96C4761F02C42B158F009C003047560100A49B0892477649E278DB
:208C5000761F02C456BF01159A01FE8E0006FE0697449643A84228AC0096C5428F009C0013
:208C60003044560100A492C796C483428F009C013044560100A49A8094CD96C476C09C02C9
:208C70003044560100A7924396C78F009C003044560100A49A037648882A964528AC009654
:208C80008F009C033044560100A49245FFC796C48F009C043044560100A4924590FF96C4E2
:208C9000761F02C42B158F009C003044560100A49B0592447649E278761F02C456BF01157A
:208CA0009A01FE860006FE0C97489647A8422B4906421E4402001E460847DF009247964A74
:208CB0003B016F1E924A52D863052B4C8F009100A8469E4C964B63022B4B854B07468AA9F2
:208CC00092C48A44FFC796C4854B07468AA992C48A4490FF96CC020207441E440A4A92480C
:208CD0009447544A66E09249FE8C0006FE04974296412B430841DF00FFEF0D5892421BA927
:208CE000270F6605764924AEFFEF0E1556BF1243FFEF0E1192421BA9270F6605764924B9E5
:208CF000FFEF0E0956BF1243FFEF0E0592421BA9270F6605764924C4FFEF0DFD56BF1243B2
:208D0000FFEF0DF992421BA9270F6605764924CFFFEF0DF156BF1243FFEF0DED92421BA99E
:208D1000270F6609764924DA9A069B027649EE27FFEF0DE156BF1243FFEF0DDD9242520E7E
:208D2000680C5214660A9242764924E59A069B027649EE27FFEF0DCF56BF1243FFEF0DCB42
:208D3000924252016009764914469A069B027649EE27FFEF0DC0761F023D922FFFE00DBB72
:208D400056BF1243FFEF0DB792421BA9060C68141BA909F46611764922F088420EA90FA692
:208D5000FFE10DA99242764922E99A069B027649EE27FFEF0DA056BF1243FFEF0D9C92424E
:208D60001BA9060C68141BA909F466117649234888420EA90FA6FFE10D8E92427649234197
:208D70009A069B027649EE27FFEF0D8556BF1243FFEF0D8192421BA9060C68141BA909F485
:208D800066117649230688420EA90FA6FFE10D739242764922FF9A069B027649EE27FFEF2B
:208D90000D6A56BF1243FFEF0D6692421BA9060C68141BA909F466117649235E88420EA962
:208DA0000FA6FFE10D589242764923579A069B027649EE27FFEF0D4F56BF1243FFEF0D4BA1
:208DB00092421BA9060C68141BA909F46611764923A088420EA90FA6FFE10D3D92427649D0
:208DC00023999A069B027649EE27FFEF0D3456BF1243FFEF0D3092421BA9060C68141BA918
:208DD00009F46611764923F988420EA90FA6FFE10D229242764923F19A069B027649EE2737
:208DE000FFEF0D1956BF1243FFEF0D1592421BA9060C68141BA909F46611764924268842B4
:208DF0000EA90FA6FFE10D0792427649241F9A069B027649EE27FFEF0CFE56BF1243FFEFCC
:208E00000CFA92421BA9060C68141BA909F466117649243C88420EA90FA6FFE10CEC9242ED
:208E1000764924359A069B027649EE27FFEF0CE356BF1243FFEF0CDF92421BA9060C6814D3
:208E20001BA909F46611764923ED88420EA90FA6FFE10CD19242764923E69A069B027649A0
:208E3000EE27FFEF0CC856BF1243FFEF0CC492421BA9060C68141BA909F46611764923CC17
:208E400088420EA90FA6FFE10CB69242764923C59A069B027649EE27FFEF0CAD56BF12439D
:208E5000FFEF0CA992421BA9060C68141BA909F46611764923E288420EA90FA6FFE10C9B80
:208E60009242764923DB9A069B027649EE27FFEF0C9256BF1243FFEF0C8E92421BA9060C28
:208E700068141BA909F466117649244788420EA90FA6FFE10C809242764924409A069B022E
:208E80007649EE27FFEF0C7756BF1243FFEF0C7392421BA9060C68141BA909F46611764999
:208E9000245288420EA90FA6FFE10C6592427649244B9A069B027649EE27FFEF0C5C56BF47
:208EA0001243FFEF0C5892421BA9060C68141BA909F466117649245D88420EA90FA6FFE157
:208EB0000C4A9242764924569A069B027649EE27FFEF0C4156BF1243FFEF0C3D92421BA9BA
:208EC000060C68141BA909F466117649246888420EA90FA6FFE10C2F9242764924619A0678
:208ED0009B027649EE27FFEF0C2656BF1243FFEF0C2292421BA9060C68141BA909F466110D
:208EE0007649247388420EA90FA6FFE10C1492427649246C9A069B027649EE27FFEF0C0BAD
:208EF00056BF1243FFEF0C0792421BA9060C68141BA909F466117649247E88420EA90FA602
:208F0000FFE10BF99242764924779A069B027649EE27FFEF0BF056BF1243FFEF0BEC924222
:208F10001BA9060C68141BA909F466117649248988420EA90FA6FFE10BDE92427649248213
:208F20009A069B027649EE27FFEF0BD556BF1243FFEF0BD192421BA9060C68141BA909F437
:208F30006611764924AA88420EA90FA6FFE10BC39242764924A39A069B027649EE27FFEFE0
:208F40000BBA56BF1243FFEF0BB67649CEB72DA93564544266177649CEB72DA93582544206
:208F5000681176491FB588420EA90FA6FFE10BA3924276491FAE9A069B037649EE27FFEFD1
:208F60000B9A56BF1243FFEF0B967649CEB72DA93578544266177649CEB72DA935A55442EF
:208F7000681176491FC088420EA90FA6FFE10B83924276491FB99A069B037649EE27FFEFBB
:208F80000B7A56BF1243FFEF0B7676491FAA5202681176491FAA5204660D7649CEB72DA9B3
:208F90003578544266077649CEB72DA935965442670556BF1243FFEF0B5E76491FD688A984
:208FA0000E420FA6FFE10B57924276491FCF76486AF49A069B037649EE27FFEF0B4C7649B7
:208FB0001FAA5202681176491FAA5204660D7649CEB72DA93596544268077649CEB72DA9B6
:208FC00035785442690556BF1243FFEF0B3476491FED88A90E420FA6FFE10B2D924276499D
:208FD0001FE576486AF49A069B037649EE27FFEF0B2292421BA90898682A1BA909606627B0
:208FE0007649219B88A90E420FA6FFE10B149242764921937649219B9BC8761F02E095A9E7
:208FF0009700761F02E0280106407649219B2DA93B01761F02C435B5FF115861FF4696234B
:209000009B039A067649EE27FFEF0AF556BF1243FFEF0AF192425201661E7649219F88A9A3
:209010000E420FA6FFE10AE79242764921A37649219F5200600628A94E207649B5666F054F
:2090200028A9411A7649B5669A069B037649EE27FFEF0AD156BF1243FFEF0ACD92425202F8
:209030006618761F02C692005204611352036111764921BC88A90E420FA6FFE10ABC9242D6
:20904000764921B59A069B037649EE27FFEF0AB356BF1243FFEF0AAF92425201661D764944
:2090500021B188A90E420FA6FFE10AA59242764921AA92425201600A764926CC1BA906A45B
:20906000660528A906A4764926C59A069B037649EE27FFEF0A9056BF1243FFEF0A8C924204
:209070005204FFE6008B76491FAA88A90E420FA6FFE10A81924276491FA37649CEB796447E
:2090800076491FAA520160152D44359276491FCF2D44358A76491FE52D44356976491FAE0D
:209090007649226C520061619A00764922656F5D76491FAA520060182D44359076491FCF7E
:2090A0002D44358876491FE52D44356976491FAE9A00764920547649226C520061469A0077
:2090B000764922656F4276491FAA520360182D44359076491FCF2D44359076491FE52D4407
:2090C000357876491FAE9A00764920547649226C5200602B9A01764922656F2776491FAA61
:2090D000520460182D44359076491FCF2D44359076491FE52D44357876491FAE9A007649D3
:2090E00020547649226C520060109A01764922656F0C76491FAA520260087649226C5200AE
:2090F00061049A007649226576486AF49A069B037649EE27FFEF09FF56BF1243FFEF09FB9B
:20910000761F02529234521C60042844015E6F055212600356BFF0449244544268137649D9
:20911000200E88A90E420FA6FFE109E592427649200776486AF49A069B037649EE27FFEF37
:2091200009DA56BF1243FFEF09D6761F02529234521C60042844015E6F055212600356BF79
:20913000F0449244544268137649201988A90E420FA6FFE109C092427649201276486AF44C
:209140009A069B037649EE27FFEF09B556BF1243FFEF09B1761F02529234521C6004284452
:20915000015E6F055212600356BFF0449242520A68169244544268137649202488A90E4203
:209160000FA6FFE1099892427649201D76486AF49A069B037649EE27FFEF098D56BF1243CD
:20917000FFEF0989761F02529234521C600456BFDC446F055212600356BF96449244544213
:2091800068117649202F88A90E420FA6FFE109739242764920289A069B037649EE27FFEFDB
:20919000096A56BF1243FFEF09669242520166117649261C88A90E420FA6FFE1095C924297
:2091A000764926159A069B037649EE27FFEF095356BF1243FFEF094F92425201661176494C
:2091B00025F088A90E420FA6FFE109459242764925E99A069B037649EE27FFEF093C56BF2B
:2091C0001243FFEF0938924252016611764925FB88A90E420FA6FFE1092E9242764925F495
:2091D0009A069B037649EE27FFEF092556BF1243FFEF09219242520166117649220988A916
:2091E0000E420FA6FFE109179242764922029A069B037649EE27FFEF090E56BF1243FFEF44
:2091F000090A9242520166117649221488A90E420FA6FFE1090092427649220D9A069B039A
:209200007649EE27FFEF08F756BF1243FFEF08F39242520166117649221F88A90E420FA666
:20921000FFE108E99242764922189A069B037649EE27FFEF08E056BF1243FFEF08DC9242A8
:20922000520166117649222A88A90E420FA6FFE108D29242764922239A069B037649EE277F
:20923000FFEF08C956BF1243FFEF08C59242520266347649227788A90E420FA6FFE108BB47
:20924000761F02C692005204FFE108B55203FFE108B2924260089A017649227B9A007649B1
:2092500022186F12520160089A007649227B9A01764922186F09520260079A007649227BD5
:209260009A00764922189242764922709A069B037649EE27FFEF088F56BF1243FFEF088BB4
:209270009242520166117649228288A90E420FA6FFE1088192427649227B9A069B03764911
:20928000EE27FFEF087856BF1243FFEF08741B4205DC681788422901FF20EA600FA6641133
:209290007649228D88420EA90FA6FFE108649242764922869A069B037649EE27FFEF085B30
:2092A00056BF1243FFEF08579242520166117649229888A90E420FA6FFE1084D92427649E2
:2092B00022919A069B037649EE27FFEF084456BF1243FFEF0840924252016611764921FE83
:2092C00088A90E420FA6FFE108369242764921F79A069B037649EE27FFEF082D56BF1243F0
:2092D000FFEF08299242520166117649218F88A90E420FA6FFE1081F9242764921889A0639
:2092E0009B037649EE27FFEF081656BF1243FFEF081292425202661176491FCB88A90E42B5
:2092F0000FA6FFE10808924276491FC49A069B037649EE27FFEF07FF56BF1243FFEF07FBE3
:209300009242611B520A61195214611752286115523C6113525A61115278610F5296610DA9
:2093100052B4610B52D2610952F0610788422901FF20FFFF0FA6601176491FF888A90E4205
:209320000FA6FFE107D8924276491FF19A069B037649EE27FFEF07CF56BF1243FFEF07CB16
:2093300092425202671176491F5D88A90E420FA6FFE107C1924276491F569A069B0376495F
:20934000EE27FFEF07B856BF1243FFEF07B4924252056718761F02C6920052046113520380
:20935000611176491F5288A90E420FA6FFE107A3924276491F4B9A069B037649EE27FFEF9E
:20936000079A56BF1243FFEF079692425202663C7649205088420EA90FA661309242764904
:2093700020497649CEB79644764920505200601D9A0376491FA3761F02529234521C600BB2
:209380009ADC764921049ADC764920289A00764920546F149A96764921049A96764920285B
:209390009A00764920546F0A9A0276491FA39A3C764921049A3C764920289A069B037649C6
:2093A000EE27FFEF075856BF1243FFEF075492425201661B76491FAA5203FFE1074C764921
:2093B0001FAA5204FFE107477649205B88A90E420FA6FFE107409242764920549A069B0374
:2093C0007649EE27FFEF073756BF1243FFEF07337649CEB7520160069242527D681852A0E9
:2093D00066167649CEB752026007924252FA680F1BA9013B660C7649CEB75204600C92421F
:2093E0001BA901E068041BA90258690556BF1243FFEF07117649206688A90E420FA6FFE105
:2093F000070A92427649205F9A069B037649EE27FFEF07019242520568141BA903846611C9
:209400007649207188A90E420FA6FFE106F492427649206A9A069B037649EE27FFEF06EBDE
:2094100056BF1243FFEF06E79242520568141BA9038466117649207C88A90E420FA6FFE11D
:2094200006DA9242764920759A069B037649EE27FFEF06D156BF1243FFEF06CD9242525AA2
:2094300066117649208788A90E420FA6FFE106C39242764920809A069B037649EE27FFEF2D
:2094400006BA56BF1243FFEF06B692425201660976491FAA5203610576491FAA520460051C
:20945000761F023D922F61117649209D88A90E420FA6FFE106A09242764920969A069B0336
:209460007649EE27FFEF069756BF1243FFEF0693924261141BA9270F6611764920A888A92A
:209470000E420FA6FFE106879242764920A19A069B037649EE27FFEF067E56BF1243FFEF3A
:20948000067A924252146611764920B388A90E420FA6FFE106709242764920AC9A069B03E0
:209490007649EE27FFEF066756BF1243FFEF0663924252146611764920BE88A90E420FA648
:2094A000FFE106599242764920B79A069B037649EE27FFEF065056BF1243FFEF064C764944
:2094B000CEB72DA9356E544266177649CEB72DA9358754426811764920C988A90E420FA6C8
:2094C000FFE106399242764920C29A069B037649EE27FFEF063056BF1243FFEF062C924264
:2094D0005214681352326611764920D488A90E420FA6FFE106209242764920CD9A069B03F3
:2094E0007649EE27FFEF061756BF1243FFEF06139242521E681352646611764920DF88A941
:2094F0000E420FA6FFE106079242764920D89A069B037649EE27FFEF05FE56BF1243FFEF84
:2095000005FA924252286611764920EA88A90E420FA6FFE105F09242764920E39A069B03DF
:209510007649EE27FFEF05E756BF1243FFEF05E3761F02529234521C600456BFDC446F0523
:209520005212600356BF96449244544268117649210B88A90E420FA6FFE105CD924276492A
:2095300021049A069B037649EE27FFEF05C456BF1243FFEF05C09242520A6813525A661142
:209540007649211688A90E420FA6FFE105B492427649210F9A069B037649EE27FFEF05ABD3
:2095500056BF1243FFEF05A7924252326813526466117649212188A90E420FA6FFE1059B40
:2095600092427649211A9A069B037649EE27FFEF059256BF1243FFEF058E9242520A6813F0
:20957000525A66117649212C88A90E420FA6FFE105829242764921259A069B037649EE2724
:20958000FFEF057956BF1243FFEF0575924252326813526466117649213788A90E420FA640
:20959000FFE105699242764921309A069B037649EE27FFEF056056BF1243FFEF055C1B420E
:2095A000019A68177649CEB72DA9358A544268117649215888A90E420FA6FFE1054C924236
:2095B000764921519A069B037649EE27FFEF054356BF1243FFEF053F7649CEB72DA93578BF
:2095C000544266177649CEB72DA93590544268117649216388A90E420FA6FFE1052C92422C
:2095D0007649215C9A069B037649EE27FFEF052356BF1243FFEF051F7649CEB7520160069E
:2095E0009242526E6818528766167649CEB752026007924252DC680F1BA9010E660C764986
:2095F000CEB75204600C92421BA9019A68041BA90228690556BF1243FFEF04FD764921429E
:2096000088A90E420FA6FFE104F692427649213B9242764920337649203A764912519A068A
:209610009B037649EE27FFEF04E6924261117649CEB72DA93578544266077649CEB72DA9C6
:2096200035905442670556BF1243FFEF04D47649214D88A90E420FA6FFE104CD924276498C
:20963000214692427649203E9A069B037649EE27FFEF04C1924252016611764920F588A95A
:209640000E420FA6FFE104B79242764920EE9A069B037649EE27FFEF04AE56BF1243FFEFBF
:2096500004AA9242520166117649210088A90E420FA6FFE104A09242764920F99A069B032A
:209660007649EE27FFEF049756BF1243FFEF04939242520166117649216E88A90E420FA67C
:20967000FFE104899242764921679A069B037649EE27FFEF048056BF1243FFEF047C924222
:20968000520166117649217988A90E420FA6FFE104729242764921729A069B037649EE27E3
:20969000FFEF046956BF1243FFEF04659242520166117649218488A90E420FA6FFE1045B27
:2096A00092427649217D9A069B037649EE27FFEF045256BF1243FFEF044E924252016611DB
:2096B000764922DA88A90E420FA6FFE104449242764922D39A069B037649EE27FFEF043BBA
:2096C00056BF1243FFEF0437924252016611764922E588A90E420FA6FFE1042D92427649B9
:2096D00022DE9A069B037649EE27FFEF042456BF1243FFEF042092421BA901F468141BA909
:2096E0006D60661176491F9488A90E420FA6FFE10412924276491F8D9A069B037649EE2737
:2096F000FFEF040956BF1243FFEF040592425201661176491F9F88A90E420FA6FFE103FBCF
:20970000924276491F989A069B037649EE27FFEF03F256BF1243FFEF03EE9242520168131F
:20971000521F6611764925C488420EA90FA6FFE103E29242764925BD9A069B037649EE2727
:20972000FFEF03D956BF1243FFEF03D5761F02529234521C60042844028A6F05521260037B
:20973000284401B8924454426811764921DD88420EA90FA6FFE103BF9242764921D69A0650
:209740009B037649EE27FFEF03B656BF1243FFEF03B2761F02529234521C600428443A9824
:209750006F0552126003284427109244544268117649223588420EA90FA6FFE1039C924297
:209760007649222E9A069B037649EE27FFEF039356BF1243FFEF038F1B42012C661176499A
:2097700021E888420EA90FA6FFE103859242764921E19A069B037649EE27FFEF037C56BF09
:209780001243FFEF0378924252016611764921F388420EA90FA6FFE1036E9242764921EC73
:209790009A069B037649EE27FFEF036556BF1243FFEF036192421BA901CC68141BA90230BE
:2097A00066117649200388420EA90FA6FFE10353924276491FFC9A069B037649EE27FFEF36
:2097B000034A56BF1243FFEF0346924252016606761F02B9960CFFEF033E56BF1243FFEF9F
:2097C000033A7649CEB72DA9356E544266177649CEB72DA93587544268117649224B8842A1
:2097D0000EA90FA6FFE103279242764922449A069B037649EE27FFEF031E761F023D922F54
:2097E000FFE0031956BF1243FFEF03159242520C66117649225688420EA90FA6FFE1030BFA
:2097F00092427649224F9A069B037649EE27FFEF030256BF1243FFEF02FE9242520166115A
:209800007649226188420EA90FA6FFE102F492427649225A9A069B037649EE27FFEF02EBFE
:2098100056BF1243FFEF02E71B4227106611764922A388420EA90FA6FFE102DD92427649E0
:20982000229C9A069B037649EE27FFEF02D456BF1243FFEF02D0924261117649CEB72DA90A
:209830003578544266077649CEB72DA935965442670556BF1243FFEF02BE764922AE88A9A9
:209840000E420FA6FFE102B79242764922A79A069B037649EE27FFEF02AE9242610B1BA95A
:20985000019A68041BA9024E690556BF1243FFEF02A2764922B988A90E420FA6FFE1029B26
:209860009242764922B29A069B037649EE27FFEF0292924252646611764922C488A90E42C6
:209870000FA6FFE102889242764922BD9A069B037649EE27FFEF027F56BF1243FFEF027BF1
:209880009242525F6611764922CF88A90E420FA6FFE102719242764922C89A069B03764919
:20989000EE27FFEF026856BF1243FFEF02641B42753066117649267F88420EA90FA6FFE19A
:2098A000025A9242764926789A069B037649EE27FFEF025156BF1243FFEF024D92425201FA
:2098B00066117649269588420EA90FA6FFE1024392427649268E9A069B037649EE27FFEF05
:2098C000023A56BF1243FFEF0236924252016611764926A088420EA90FA6FFE1022C924281
:2098D000764926999A069B037649EE27FFEF022356BF1243FFEF021F9242520166117649FF
:2098E00026AB88420EA90FA6FFE102159242764926A49A069B037649EE27FFEF020C56BFEA
:2098F0001243FFEF0208924252016611764926B688420EA90FA6FFE101FE9242764926AF55
:209900009A069B037649EE27FFEF01F556BF1243FFEF01F192421BA90A8C66141BA9099200
:209910006811764926C188A90E420FA6FFE101E39242764926BA9A069B037649EE27FFEFAB
:2099200001DA56BF1243FFEF01D6764921B15200600892421BA9038468041BA9079E690C69
:20993000764921B15201601892421BA906A468141BA9079E6611764926CC88A90E420FA636
:20994000FFE101B99242764926C59A069B037649EE27FFEF01B056BF1243FFEF01AC924265
:209950005264660D7649265E88420EA90FA6FFE101A2924276492657FFEF019D56BF1243CC
:20996000FFEF019992425264660D7649266988420EA90FA6FFE1018F924276492662FFEF65
:20997000018A56BF1243FFEF018692425201660D7649267488420EA90FA6FFE1017C924213
:209980007649266DFFEF017756BF1243FFEF01739242526466118842761F02BE0E190FA647
:20999000FFE101699242761F02459624761F02BE9619FFEF016056BF1243FFEF015C924227
:2099A000526466118842761F02BE0E1A0FA6FFE101529242761F02459623761F02BE961ADD
:2099B000FFEF014956BF1243FFEF01459242526466118842761F02BE0E1B0FA6FFE1013BA7
:2099C0009242761F02459622761F02BE961BFFEF013256BF1243FFEF012E924252016606DE
:2099D000761F02459621FFEF012656BF1243FFEF01229242520160097649142E9A069B0385
:2099E0007649EE27FFEF0117761F023D922FFFE0011256BF1243FFEF010E9242520166080A
:2099F000764883A1924276492539FFEF010456BF1243FFEF01007649CEB72DA935735442E0
:209A000066077649CEB72DA9359154426705761F023D922F610A9242761F02C49629924235
:209A10007649255DFFEF00E756BF1243FFEF00E3924252D26609761F02C4962A922A7649E8
:209A20002569FFEF00D856BF1243FFEF00D41B4203E866079242761F02E1962AFFEF00CB2C
:209A300056BF1243FFEF00C79241529662635296FFE1F2CA528362335283FFE1F3C4527556
:209A400062195275FFE1F36E5267620C5207FFE300A75200FFE1F8FD5201FFE1F8E3FFEF57
:209A500000AA526DFFE1F30D526FFFE1F340FFEF00A2527C620C527CFFE1F3C05279FFE101
:209A6000F3D8527BFFE1F3F0FFEF0095527DFFE1F3645281FFE1F37CFFEF008D5289621711
:209A70005289FFE1F4835286620B5286FFE1F42D5284FFE1F3F45285FFE1F40C6F7B52876F
:209A8000FFE1F43E5288FFE1F4566F745293620B5293FFE1F255528AFFE1F483528DFFE17D
:209A9000F49B6F685294FFE1F2575295FFE1F2606F6152C4622F52C4FFE1FEB352A262179D
:209AA00052A2FFE1FF5A529E620B529EFFE1FF335297FFE1F2655298FFE1F2726F4B529F21
:209AB000FFE1FF3D52A1FFE1F27D6F4452B6620B52B6FFE1F6DC52A3FFE1FF5C52AAFFE14A
:209AC000FC4E6F3852B8FFE1F6E952B9FFE1F6FD6F3152CD621752CDFFE1FE1052C9620B21
:209AD00052C9FFE1FDC652C5FFE1FEA152C6FFE1FE8B6F2052CBFFE1FDD352CCFFE1FDE763
:209AE0006F1952CEFFE1FE1152CFFFE1FE2552D0FFE1FE3D52D2FFE1FF3C6F0C560301A9B1
:209AF0005CA976CA445C06A7DC8E0DA41EA7C5C776209243FE840006FE04974296412B4345
:209B00000841FF006F0F92421BA9800069081BA9FFFF6605761F023D961B6F0656BF124365
:209B10006F03924161F19243FE840006B2BDFE0C974496432B450843BF00FFEF0AA8924424
:209B20005201601C764870DD88440EA90FA661049244764870D39244761F02429600761FFD
:209B300002DE9600761F02DE9601764914469A069B027649EE27FFEF0ABC56BF1245FFEF5B
:209B40000AB892445201660D764870EB88440EA90FA6FFE10AAE9244764870E1FFEF0AA938
:209B500056BF1245FFEF0AA5924452016610764870DD88440EA90FA661049244764870D3CE
:209B60009244761F02429602FFEF0A9356BF1245FFEF0A8F28A96ED6544460079244761FA1
:209B700002429603FFEF0A8556BF1245FFEF0A819244761F02409603761F023D90FF963B1C
:209B80009244FFC7963CFFEF0A749244761F02409604761F023D90FF96399244FFC7963A06
:209B9000FFEF0A679244761F02409605761F023D90FF96379244FFC79638FFEF0A5A92444C
:209BA00052066606761F02429607FFEF0A5256BF1245FFEF0A4E9244761F02429608FFEF34
:209BB0000A489244761F02429609FFEF0A4292445201600C761F0242960A761F02DE9600A2
:209BC000761F02DE9601FFEF0A3456BF1245FFEF0A309244761F0242960BFFEF0A2A924471
:209BD00052016606761F02C49617FFEF0A2256BF1245FFEF0A1E9244520160097649143B72
:209BE0009A069B027649EE27FFEF0A1356BF1245FFEF0A0F924452016609761F0242960EC1
:209BF000761F02C79631FFEF0A0456BF1245FFEF0A0092441BA93FFF6606761F0242960F0E
:209C0000FFEF09F756BF1245FFEF09F392441BA93FFF6606761F02429610FFEF09EA56BF47
:209C10001245FFEF09E692441BA93FFF6606761F02429611FFEF09DD56BF1245FFEF09D92C
:209C200092441BA93FFF6606761F02429612FFEF09D056BF1245FFEF09CC1B443FFF66075F
:209C30009244761F02429613FFEF09C356BF1245FFEF09BF1B443FFF66079244761F024227
:209C40009614FFEF09B656BF1245FFEF09B29244761F02429616FFEF09AC9244761F0242EB
:209C50009617FFEF09A6924452016609761F02429618761F023D962FFFEF099B56BF1245F4
:209C6000FFEF0997924452016606761F02429619FFEF098F56BF1245FFEF098B924452019C
:209C70006606761F0242961AFFEF098356BF1245FFEF097F924452016016764922F088A9E2
:209C8000FF2008000FA6FFE1097428A90800764922E99A00764922F49A069B037649EE2767
:209C9000FFEF096756BF1245FFEF09639244761F02B39E2C96461BA9FF06643052FA622E91
:209CA00092441BA907D0642A1BA913886227922C9646764922F02DA93B0136441EA692462A
:209CB000FFA080A95621004606A6AB4281A700C9EF9296471BA9060C640D1BA909F4620AB3
:209CC0009247764922E99A069B037649EE27FFEF093056BF1245FFEF092C56BF1245FFEFBF
:209CD000092892441BA9FFF8642352086221764922F093A9924494A8764922E9764922F094
:209CE0001BA909F4690628A909DC764922E96F0A764922F01BA9060C670528A9060C764986
:209CF00022E99A069B037649EE27FFEF090256BF1245FFEF08FE9244520160167649230657
:209D000088A9FF2008000FA6FFE108F328A90800764922FF9A007649230A9A069B0376491F
:209D1000EE27FFEF08E656BF1245FFEF08E29244761F02B39E2E96461BA9FF06643052FA8D
:209D2000622E92441BA907D0642A1BA913886227922E9646764923062DA93B0136441EA6D8
:209D30009246FFA080A95621004606A6AB4281A700C9EF9296471BA9060C640D1BA909F4C6
:209D4000620A9247764922FF9A069B037649EE27FFEF08AF56BF1245FFEF08AB56BF1245AE
:209D5000FFEF08A792441BA9FFF86423520862217649230693A9924494A8764922FF76498C
:209D600023061BA909F4690628A909DC764922FF6F0A764923061BA9060C670528A9060C6E
:209D7000764922FF9A069B037649EE27FFEF088156BF1245FFEF087D92445201601676492D
:209D8000234888A9FF2008000FA6FFE1087228A90800764923419A007649234C9A069B03EF
:209D90007649EE27FFEF086556BF1245FFEF08619244761F02B39E3496461BA9FE0C643091
:209DA0001BA901F4622D924452C8642A1BA90FA0622792349646764923482DA93B01364489
:209DB0001EA69246FFA080A95621004606A6AB4281A700C9EF9296471BA9060C640D1BA97F
:209DC00009F4620A9247764923419A069B037649EE27FFEF082E56BF1245FFEF082A56BF47
:209DD0001245FFEF082692441BA9FFF86423520862217649234893A9924494A87649234170
:209DE000764923481BA909F4690628A909DC764923416F0A764923481BA9060C670528A97A
:209DF000060C764923419A069B037649EE27FFEF080056BF1245FFEF07FC9244520160161A
:209E00007649235E88A9FF2008000FA6FFE107F128A90800764923579A00764923629A068D
:209E10009B037649EE27FFEF07E456BF1245FFEF07E09244761F02B39E3696461BA9FE0C08
:209E200064301BA901F4622D924452C8642A1BA907D06227923696467649235E2DA93B01AE
:209E300036441EA69246FFA080A95621004606A6AB4281A700C9EF9296471BA9060C640D48
:209E40001BA909F4620A9247764923579A069B037649EE27FFEF07AD56BF1245FFEF07A905
:209E500056BF1245FFEF07A592441BA9FFF86423520862217649235E93A9924494A87649AA
:209E600023577649235E1BA909F4690628A909DC764923576F0A7649235E1BA9060C67050E
:209E700028A9060C764923579A069B037649EE27FFEF077F56BF1245FFEF077B924452012B
:209E80006016764923A088A9FF2008000FA6FFE1077028A90800764923999A00764923A4F2
:209E90009A069B037649EE27FFEF076356BF1245FFEF075F9244761F02B39E3096461BA9FA
:209EA000FED464311BA9012C622E92441BA907D0642A1BA91770622792309646764923A0C7
:209EB0002DA93B0136441EA69246FFA080A95621004606A6AB4281A700C9EF9296471BA939
:209EC000060C640D1BA909F4620A9247764923999A069B037649EE27FFEF072B56BF1245E0
:209ED000FFEF072756BF1245FFEF072392441BA9FFF8642352086221764923A093A9924449
:209EE00094A876492399764923A01BA909F4690628A909DC764923996F0A764923A01BA909
:209EF000060C670528A9060C764923999A069B037649EE27FFEF06FD56BF1245FFEF06F91A
:209F0000924452016016764923CC88A9FF2008000FA6FFE106EE28A90800764923C59A00F9
:209F1000764923D09A069B037649EE27FFEF06E156BF1245FFEF06DD761F02529234521C3E
:209F2000600456BF03486F055212600356BF02482D48761F02B39244333C9EAB96461BA9D6
:209F3000FF06642F52FA622D924452C8642A1BA90DAC6227123C9646764923CC2DA93B0130
:209F400036441EA69246FFA080A95621004606A6AB4281A700C9EF9296471BA9060C640D37
:209F50001BA909F4620A9247764923C59A069B037649EE27FFEF069D56BF1245FFEF0699A8
:209F600056BF1245FFEF069592441BA9FFF8642352086221764923CC93A9924494A876493C
:209F700023C5764923CC1BA909F4690628A909DC764923C56F0A764923CC1BA9060C670545
:209F800028A9060C764923C59A069B037649EE27FFEF066F56BF1245FFEF066B761F02C49C
:209F9000922C603B924452016038764923F91BA908006005764924055200611328A9080004
:209FA000764923F19A00764923FD3B10761F02C502001E0E2910FF699A069B027649EE27CE
:209FB000761F02C42B09761F02C42B0A9A00764870F79A0076487105761F02C3920F600783
:209FC0007648806B761F02C41A2C0001761F02C456BF0117FFEF062D56BF1245FFEF062904
:209FD000761F02C4922C6035924461331BA917706630764923F91BA90800602B764924055E
:209FE000520060279244764870F77649CEA7761F02C4960976487101761F02C493A93B015C
:209FF00092099EA885A9FF561BA901C2620E761F02C3920FFFE005FD7648808B761F02C4F6
:20A000001A2C0002FFEF05F556BF1245FFEF05F156BF1245FFEF05ED761F02C4922CFFE07C
:20A0100000B59244FFE100B21BA91770FFE600AE764871015200FFE500A9764923F91BA987
:20A020000800FFE000A3764924055200FFE0009E9244764871057649CEA7761F02C4960AA6
:20A03000761F02C43B019E0985A9FF565264640C7648710159A97648710F3B019EA185A910
:20A04000FF565264630556BF1245FFEF05B27648710F761F02C493A93B01920A9EA885A95B
:20A05000FF561BA901C2626D7648710159A97648710F3B01761F02C49EA185A9FF56560323
:20A060000BA91EA6920A761F02C49E0985A9FF5685A91E4206A600C9EF92964B7648710FA4
:20A07000761F02C43B012D0A56030BA9324B03AB1E4A924B1BA909F467401BA9060C693DA1
:20A080008F070800A8A90F4A6538FF2BFF1F0F4A6334761F02C3920F6007764880B5761FB9
:20A0900002C41A2C0004764923F988A90E4B0FA6600D8F002710A842064A00C9EFA159A9BE
:20A0A0007649240593A155A96110924B764923F18F002710A842064A00C9EFA1764923FD2D
:20A0B0009A069B027649EE273B10064A761F02C51E0E2910FFEF053D56BF1245FFEF05395B
:20A0C00056BF1245FFEF053556BF1245FFEF053192441BA9FFF864215208621F764923F990
:20A0D00093A9924494A8764923F1764923F91BA909F4650728A909DC764923F1FFEF0519B2
:20A0E000764923F91BA9060CFFE3051328A9060C764923F1FFEF050D56BF1245FFEF050997
:20A0F0009244520160167649242688A9FF2008000FA6FFE104FE28A908007649241F9A0044
:20A100007649242A9A069B037649EE27FFEF04F156BF1245FFEF04ED7649CF92934495A9BD
:20A1100059A87649CF9693A195A9974692461BA9FF6A643552966233924452C864301BA958
:20A120000DAC622D7649CF9259A97649CF9694A1FF5C9646764924262DA93B0136441EA6CC
:20A130009246FFA080A95621004606A6AB4281A700C9EF9296471BA9060C640D1BA909F4C2
:20A14000620A92477649241F9A069B037649EE27FFEF04AF56BF1245FFEF04AB56BF124590
:20A15000FFEF04A792441BA9FFF86423520862217649242693A9924494A87649241F764949
:20A1600024261BA909F4690628A909DC7649241F6F0A764924261BA9060C670528A9060C06
:20A170007649241F9A069B037649EE27FFEF048156BF1245FFEF047D924452016013764912
:20A18000243C88A9FF2008000FA6FFE1047228A90800764924359A069B027649EE27FFEF0C
:20A19000046856BF1245FFEF04647649219B9E4496461BA9FF38642A52C862287649B48B1D
:20A1A00096467649243C2DA93B0136441EA69246FFA080A95621004606A6AB4281A700C96D
:20A1B000EF9296471BA9060C640D1BA909F4620A9247764924359A069B027649EE27FFEFCD
:20A1C000043856BF1245FFEF043456BF1245FFEF043092441BA9FFF864235208622176496F
:20A1D000243C93A9924494A8764924357649243C1BA909F4690628A909DC764924356F0A13
:20A1E0007649243C1BA9060C670528A905F4764924359A069B027649EE27FFEF040A56BFFA
:20A1F0001245FFEF04069244520160137649244788A9FF2008000FA6FFE103FB28A9080076
:20A20000764924409A069B027649EE27FFEF03F156BF1245FFEF03ED7649B4E79E449646C6
:20A210001BA9FF9C642A526462287649B4E79646764924472DA93B0136441EA69246FFA0DA
:20A2200080A95621004606A6AB4281A700C9EF9296471BA9060C640D1BA909F4620A924703
:20A23000764924409A069B027649EE27FFEF03C156BF1245FFEF03BD56BF1245FFEF03B9F8
:20A2400092441BA9FFF86423520862217649244793A9924494A876492440764924471BA980
:20A2500009F4690628A909DC764924406F0A764924471BA9060C670528A905F476492440D7
:20A260009A069B027649EE27FFEF039356BF1245FFEF038F9244520160137649245288A95B
:20A27000FF2008000FA6FFE1038428A908007649244B9A069B027649EE27FFEF037A56BFF3
:20A280001245FFEF03767649219B9E4496461BA9FF38642A52C862287649DD15964676494E
:20A2900024522DA93B0136441EA69246FFA080A95621004606A6AB4281A700C9EF929647A3
:20A2A0001BA9060C640D1BA909F4620A92477649244B9A069B027649EE27FFEF034A56BFC2
:20A2B0001245FFEF034656BF1245FFEF034292441BA9FFF86423520862217649245293A9FB
:20A2C000924494A87649244B764924521BA909F4690628A909DC7649244B6F0A7649245247
:20A2D0001BA9060C670528A905F47649244B9A069B027649EE27FFEF031C56BF1245FFEFBC
:20A2E00003189244520160137649245D88A9FF2008000FA6FFE1030D28A908007649245658
:20A2F0009A069B027649EE27FFEF030356BF1245FFEF02FF7649DD199E4496461BA9FF9C1C
:20A30000642A526462287649DD1996467649245D2DA93B0136441EA69246FFA080A9562137
:20A31000004606A6AB4281A700C9EF9296471BA9060C640D1BA909F4620A92477649245679
:20A320009A069B027649EE27FFEF02D356BF1245FFEF02CF56BF1245FFEF02CB92441BA95D
:20A33000FFF86423520862217649245D93A9924494A8764924567649245D1BA909F469067B
:20A3400028A909DC764924566F0A7649245D1BA9060C670528A905F4764924569A069B02D3
:20A350007649EE27FFEF02A556BF1245FFEF02A19244520160137649246888A9FF20080048
:20A360000FA6FFE1029628A90800764924619A069B027649EE27FFEF028C56BF1245FFEFAC
:20A3700002887649AF5393449FA9974692461BA9FF38643152C8622F92441BA907D0642B73
:20A380001BA90A2862287649AF539646764924682DA93B0136441EA69246FFA080A95621EE
:20A39000004606A6AB4281A700C9EF9296471BA9060C640D1BA909F4620A924776492461EE
:20A3A0009A069B027649EE27FFEF025356BF1245FFEF024F56BF1245FFEF024B92441BA95D
:20A3B000FFF86423520862217649246893A9924494A876492461764924681BA909F46906DA
:20A3C00028A909DC764924616F0A764924681BA9060C670528A905F4764924619A069B0232
:20A3D0007649EE27FFEF022556BF1245FFEF02219244520160137649247388A9FF200800BD
:20A3E0000FA6FFE1021628A908007649246C9A069B027649EE27FFEF020C56BF1245FFEF21
:20A3F00002087649AF579E4496461BA9FF9C642A526462287649AF579646764924732DA9C6
:20A400003B0136441EA69246FFA080A95621004606A6AB4281A700C9EF9296471BA9060CA7
:20A41000640D1BA909F4620A92477649246C9A069B027649EE27FFEF01DC56BF1245FFEF30
:20A4200001D856BF1245FFEF01D492441BA9FFF86423520862217649247393A9924494A87B
:20A430007649246C764924731BA909F4690628A909DC7649246C6F0A764924731BA9060C8D
:20A44000670528A905F47649246C9A069B027649EE27FFEF01AE56BF1245FFEF01AA9244EE
:20A45000520160137649247E88A9FF2008000FA6FFE1019F28A90800764924779A069B02C8
:20A460007649EE27FFEF019556BF1245FFEF019176498F4893449FA9974692461BA9FF3833
:20A47000643152C8622F92441BA907D0642B1BA90A28622876498F4896467649247E2DA963
:20A480003B0136441EA69246FFA080A95621004606A6AB4281A700C9EF9296471BA9060C27
:20A49000640D1BA909F4620A9247764924779A069B027649EE27FFEF015C56BF1245FFEF25
:20A4A000015856BF1245FFEF015492441BA9FFF86423520862217649247E93A9924494A8F0
:20A4B000764924777649247E1BA909F4690628A909DC764924776F0A7649247E1BA9060CE1
:20A4C000670528A905F4764924779A069B027649EE27FFEF012E56BF1245FFEF012A924463
:20A4D000520160137649248988A9FF2008000FA6FFE1011F28A90800764924829A069B02B2
:20A4E0007649EE27FFEF011556BF1245FFEF011176498F4C9E4496461BA9FF9C642A52641D
:20A4F000622876498F4C9646764924892DA93B0136441EA69246FFA080A95621004606A687
:20A50000AB4281A700C9EF9296471BA9060C640D1BA909F4620A9247764924829A069B0210
:20A510007649EE27FFEF00E556BF1245FFEF00E156BF1245FFEF00DD92441BA9FFF86423FA
:20A52000520862217649248993A9924494A876492482764924891BA909F4690628A909DCCD
:20A53000764924826F0A764924891BA9060C670528A905F4764924829A069B027649EE273F
:20A54000FFEF00B756BF1245FFEF00B39244520160137649249488A9FF2008000FA6FFE149
:20A5500000A828A908007649248D9A069B027649EE27FFEF009E56BF1245FFEF009A924493
:20A560001BA9FFF86422520862207649249493A9924494A87649248D764924941BA909F451
:20A57000690628A909DC7649248D6F0A764924941BA9060C670528A905F47649248D9A062A
:20A580009B027649EE276F7456BF12456F719244520160117649249F88A9FF2008000FA6F2
:20A59000616728A90800764924989A069B027649EE276F5E56BF12456F5B92441BA9FFF8EA
:20A5A0006422520862207649249F93A9924494A8764924987649249F1BA909F4690628A96B
:20A5B00009DC764924986F0A7649249F1BA9060C670528A905F4764924989A069B027649AD
:20A5C000EE276F3656BF12456F33884392A6523562105235FFE1F833522769155231FFE1CB
:20A5D000F7AD5232FFE1F7C65233FFE1F7FE6F205236FFE1F8405237FFE1F8789CBF52395E
:20A5E000690B6F1676CA4398290106A7560401A61EA7C5C77620560301A688A908A6FF7E2C
:20A5F00076CA43E806A70DA61EA7C5C776209245FF69FE8C8BBE0006FE04974296412B4361
:20A600000841A000FFEF014392425201660A761F023F961F9242761F023D9624FFEF014468
:20A6100056BF1243FFEF0140924252016606761F023F9620FFEF013856BF1243FFEF0134BE
:20A62000924252016606761F023F9621FFEF012C56BF1243FFEF0128924252016606761F36
:20A63000023F9622FFEF012056BF1243FFEF011C1B42025866079242761F023F9623FFEF18
:20A64000011356BF1243FFEF010F1B42025866079242761F023F9624FFEF010656BF124397
:20A65000FFEF01021B42020866079242761F023F9625FFEF00F956BF1243FFEF00F51B422F
:20A66000232866079242761F023F9626FFEF00EC56BF1243FFEF00E81B42232866079242B9
:20A67000761F023F9627FFEF00DF56BF1243FFEF00DB92421BA903E86606761F023F9628B4
:20A68000FFEF00D256BF1243FFEF00CE924252106606761F023F9629FFEF00C656BF12437F
:20A69000FFEF00C29242761F023F962AFFEF00BC9242761F023F962BFFEF00B69242761F6E
:20A6A000023F962CFFEF00B09242761F023F962DFFEF00AA924252016606761F023F962EC7
:20A6B000FFEF00A256BF1243FFEF009E924252016606761F023F962FFFEF009656BF1243E8
:20A6C000FFEF0092924252016606761F023F9630FFEF008A56BF1243FFEF0086924252014E
:20A6D0006605761F023F96316F7E56BF12436F7B1B42025866069242761F023F96326F73AA
:20A6E00056BF12436F701B42025866069242761F023F96336F6856BF12436F651B420208FF
:20A6F00066069242761F023F96346F5D56BF12436F5A1B42232866069242761F023F9635E2
:20A700006F5256BF12436F4F1B42232866069242761F023F96366F4756BF12436F4492421F
:20A710001BA903E86605761F023F96376F3C56BF12436F39924252106605761F023F96386A
:20A720006F3256BF12436F2F9242761F023F96396F2A9242761F023F963A6F259242761FE7
:20A73000023F963B6F209242761F023F963C6F1B9242761F023F963D6F169242761F023FB6
:20A74000963E6F1156BF02436F0E884192A6521F66FA76CA451E290106A7560401A61EA7BC
:20A75000C5C776209243FE840006FE04974296412B4308410300FFEF00DB924252016606A2
:20A76000761F023E9618FFEF00E056BF1243FFEF00DC92421BA907D06606761F023E9619F5
:20A77000FFEF00D356BF1243FFEF00CF92421BA907D06606761F023E961AFFEF00C656BFB8
:20A780001243FFEF00C2924252FF6606761F023E961BFFEF00BA56BF1243FFEF00B6924213
:20A7900052636606761F023E961CFFEF00AE56BF1243FFEF00AA924252636606761F023E99
:20A7A000961DFFEF00A256BF1243FFEF009E924252636606761F023E961EFFEF009656BF49
:20A7B0001243FFEF0092924252636606761F023E961FFFEF008A56BF1243FFEF008692420B
:20A7C00052636605761F023E96206F7E56BF12436F7B924252636605761F023E96216F742A
:20A7D00056BF12436F71924252636605761F023E96226F6A56BF12436F6792425263660591
:20A7E000761F023E96236F6056BF12436F5D924252636605761F023E96246F5656BF124314
:20A7F0006F53924252066605761F023E96256F4C56BF12436F499242761F023E96266F446B
:20A8000092421BA907D06605761F023E96276F3C56BF12436F399242761F023E96286F3405
:20A810009242761F023E96296F2F9242761F023E962A6F2A9242761F023E962B6F2592424E
:20A82000761F023E962C6F209242761F023E962D6F1B9242761F023E962E6F169242761FA1
:20A83000023E962F6F1156BF02436F0E884192A6521766FA76CA459C290106A7560401A6E9
:20A840001EA7C5C776209243FE840006FE04974296412B430841AF00FFEF00B99242520AC5
:20A850006606761F023F9600FFEF00BE56BF1243FFEF00BA9242761F023F9601FFEF00B46F
:20A860009242761F023F9602FFEF00AE9242761F023F9603FFEF00A89242761F023F9604DD
:20A87000FFEF00A29242761F023F9605FFEF009C9242761F023F9606FFEF00969242761F36
:20A88000023F9607FFEF00909242761F023F9608FFEF008A9242761F023F9609FFEF0084E1
:20A890009242761F023F960A6F7E9242761F023F960B6F799242761F023F960C6F7492423B
:20A8A000761F023F960D6F6F9242761F023F960E6F6A9242761F023F960F6F659242761F8E
:20A8B000023F96106F609242761F023F96116F5B9242761F023F96126F569242761F023FF6
:20A8C00096136F519242520A6605761F023F96146F4A56BF12436F47924252646605761F91
:20A8D000023F96156F0356BF12439242761F023F96166F399242761F023F96176F349242D4
:20A8E000761F023F96186F2F9242761F023F96196F2A9242761F023F961A6F259242761FED
:20A8F000023F961B6F209242761F023F961C6F1B9242761F023F961D6F169242761F023F55
:20A90000961E6F1156BF02436F0E884192A6521E66FA76CA455E290106A7560401A61EA7DB
:20A91000C5C776209243FE840006B2BDFE042B43761F02C69200761F024C96017649C3944A
:20A920009B0A00C9F073761F024C9638764958EE59A9764958F2560304A9CAA188A9761F4E
:20A9300002B256030839761F024CCAA69602761F0282921B761F024C9603761F02BA9206A3
:20A9400052026005761F024C2B046F05761F024C56BF0104761F023D5603083CCA3B761FB0
:20A95000024C9606761F023D5603083ACA39761F024C9607761F023D56030838CA37761F08
:20A96000024C9608761F02429207761F024C960976499788761F024C960A76499784761F27
:20A97000024C960B76496890761F024C960C76496894761F024C960D76496898761F024CB9
:20A98000960E7649689C761F024C960F764968A0761F024C961076496868761F024C96115F
:20A990007649686C761F024C961276496870761F024C961376496874761F024C961476497F
:20A9A0006878761F024C96157649687C761F024C961676496880761F024C96177649688415
:20A9B000761F024C961876496888761F024C96197649688C761F024C961A76495963761F5F
:20A9C000024C961C520A63022B1C76495967761F024C961D520A63022B1D2B1E2B1F7649FF
:20A9D000596B93A99A0594A89B0A00C9F009761F024C96207649596F93A99A0594A89B0A49
:20A9E00000C9F009761F024C96212B222B23764959759B6400C9F009761F024C9624520122
:20A9F00062051B24FFFF64022B24764959799B6400C9F009761F024C9625520162051B2504
:20AA0000FFFF64022B252B262B277649595B8F0003E8FF12007DA84200C9EF92761F024C4D
:20AA100096287649595F8F0003E8FF12007DA84200C9EF92761F024C9629761F0252923464
:20AA2000521C600976495995761F024C2DA93503962A6F0A5212600876495995761F024C0C
:20AA3000560301A9962A7648F5CD761F024C962B7649C3949B0A00C9F073761F024C962C93
:20AA4000764959A9761F024C962D761F02C79227761F024C962E7649CEA7761F024C9632F2
:20AA50007649CF9259A97649CF96761F024C94A1FF5C96331B33FFFB6406520562042B3397
:20AA60002B346F0D7649CEA3761F024C8F0027102D33A84230A900C9EF929634761F02B99B
:20AA7000CC2C0002761F024FFFC096387649205052006034761F02B9412C6C13CC2BFF0012
:20AA8000761F024CFFC79637761F02B9CC2F03FF2DA9761F024C350A08A9FE0C96356F0501
:20AA9000761F024C2B372B359233650456BF01366F09520063052B3856BF02366F032B38D0
:20AAA0002B36761F02B9CC2BFF00FFC752646019761F024C56BF03386F147649121F761FBF
:20AAB000024C96372B3592336504923896366F09520063052B3856BF04366F032B382B362D
:20AAC000761F021F9B05921F00C9F06E761F024C9639761F02BB2D08761F024C3505963A22
:20AAD000761F021F921E761F024C963B7649C3949B0A00C9F073761F024C963C764959A9EF
:20AAE000761F024C963D7649E797761F024C963E76495999761F024D96037649599D761F34
:20AAF000024D96057649A504761F024D960676494982761F024D96098F00A1807649496E41
:20AB0000761F024D96108F00A18C7649496E761F024D96118F00A1987649496E761F024DCC
:20AB1000960A8F00A1A47649496E761F024D960B8F00A1B07649496E761F024D960C8F004B
:20AB2000A1C07649496E761F024D960D8F00A1CC7649496E761F024D960E8F00A1D87649F6
:20AB3000496E761F024D960F7649AF53761F024D9613526463022B137649AF5B761F024D71
:20AB400096141B14FFFD6404520362022B147649AF67761F024D96157649AFE01EA60264E4
:20AB50001E4206A600C9EF92761F024D96167649AFE41EA602641E4206A600C9EF92761F98
:20AB6000024D96179216520162051B16FFFF64022B169217520162051B17FFFF64022B1766
:20AB7000761F027F9238761F024D96192B1876498F48761F024D9632526462022B32764997
:20AB80008F50761F024D9633520362051B33FFFD64022B3376498F5C761F024D9634764948
:20AB90008FB11EA602641E4206A600C9EF92761F024D963576498FB51EA602641E4206A6FD
:20ABA00000C9EF92761F024D9636761F027E9236761F024D96382B377649DD15761F024D15
:20ABB0009628526463022B287649DD19761F024D9629520362051B29FFFD64022B29761FB6
:20ABC00002C69200520360077649B49F761F024D962A6F205204600B761F02E2921F6007C8
:20ABD0007649AF67761F024D962A6F14761F02C692005204600C761F02E2921F52016007D4
:20ABE00076498F5C761F024D962A6F04761F024D2B2A7649AF7752016004761F024D2B159B
:20ABF00076498F6052016004761F024D2B347649B48B761F024D961D761F02C692025202C3
:20AC000060087649B4E7761F024DFF5C961E6F067649B4E7761F024D961E7649B49F761F71
:20AC1000024D961F76497C2C1EA602641E4206A600C9EF92761F024D962076497C4CFF5ABF
:20AC200002641EA6761F024D0200F61F561700A63F21761F02809202761F024D9623761F9F
:20AC3000027F9237761F024D962476497C649B6400C9F009761F024D962B76497C749B6469
:20AC400000C9F009761F024D962C76497C60761F024D962D761F027F920A761F024D962EF0
:20AC500076498FB952026044761F02E6921E5201603F7649DD41761F024D963C5264630218
:20AC60002B3C7649DD45761F024D963D520362051B3DFFFD64022B3D922A963E7649DD4982
:20AC70009B6400C9F009761F024D963F520063022B3F7649DD4D9B6400C9F009761F024E9A
:20AC80009600520063022B00761F024D923F542B6402962B761F024E9200761F024D542C06
:20AC90006402962C923D5429640C96296F0A761F024D2B3C2B3D2B3E2B3F761F024E2B00F2
:20ACA000761F024D922B63022B2B922C63022B2C922C542B6303922B962C76492050520219
:20ACB00061031A430001761F024C923361071A430002520063031A4300047648711D52009C
:20ACC00061031A4300087649597559A97649597994A165031A430010761F01FC40106D0929
:20ACD0004F096D074E096C0D76498FB9520160091A430020761F024D922961031A430040E8
:20ACE000761F02C6920052046011761F02E2921F600D1A430080761F024D921461071A43DB
:20ACF0000100520063031A430200761F01FC4E096C0D76498FB9520160091A430400761F11
:20AD0000024D923365031A430800761F01FC4E096C0D76498FB9520260091A431000761F2A
:20AD1000024D923D65031A4320009243761F024E96167649DD65761F024E569F3F1B7649C6
:20AD2000DD65761F024E3F1C7649DD6A761F024E569F3F1D7649DD6A761F024E3F1E76494E
:20AD3000DD6F761F024E569F3F237649DD6F761F024E3F247649DD74761F024E569F3F25DA
:20AD40007649DD74761F024E3F267649DD7E761F024E569F3F277649DD7E761F024E3F28D9
:20AD50007649DD83761F024E569F3F297649DD83761F024E3F2A7649DD88761F024E569F17
:20AD60003F2B7649DD88761F024E3F2C7649DD79761F024E569F3F2D7649DD79761F024EA0
:20AD70003F2E7649DD8D761F024E569F3F2F7649DD8D761F024E3F30761F02E69221761FA3
:20AD8000024E96067649122F761F024E9608761F023F923E761F024E96097649CFAA761F4D
:20AD9000024E960A76492669761F0251962456BF3225761F023D9220761F02519626761F98
:20ADA000023D9221761F02519627761F023D9222761F02519628761F023D9223761F02515D
:20ADB000962958248F0088009294962A58248F0088329294962B58248F0088649294962CC0
:20ADC00058248F0088969294962D58248F0088C89294962E58248F0088FA9294962F582428
:20ADD0008F00892C9294963058248F00895E9294963158248F0089909294963258248F0037
:20ADE00089C29294963358248F0089F4929496348F008A26929496358F008A58929496360E
:20ADF0008F008A8A929496378F008ABC929496388F008AEE929496398F008B209294963AB8
:20AE00008F008B529294963B8F008B849294963C8F008BB69294963D8F008BE89294963E74
:20AE10008F008C1A9294963F8F008C4C761F0252929496008F008C7E929496018F008CB0C5
:20AE2000929496028F008CE2929496038F008D14929496048F008D46929496058F008D78F1
:20AE3000929496068F008DAA929496078F008DDC929496088F008E0E92949609FE848BBE40
:20AE400000060006FE027649CEB79641761F024156BF1100761F0252560308419434761FE5
:20AE500002419601280203E8764925C4761F0241560308A99C049603764924B5761F0241C0
:20AE60009604764924C0761F02419605764924CB761F02419606764924D6761F02419607D2
:20AE7000764924E1761F02419608764924ED761F0241960956BF0A0A56BF660B761F02C338
:20AE8000920B761F0241960C280D03E8280E03E8280F03E8FE820006761F023D0A369236D6
:20AE9000523268472B360A379237523C68032B370A389238523C68032B380A3992395218C9
:20AEA00068032B390A3A923A521E600E923B520461075206610552096103520B600556BFF6
:20AEB000013A0A3B6F20923A521F6014923B5201610D5203610B5205610952076107520897
:20AEC0006105520A6103520C600556BF013A0A3B6F0A923A521C6007923B5202600456BF40
:20AED000013A0A3B923B520C690456BF013B0A3C0006B2BDFE04761F02C69200761F022096
:20AEE0009631764958EE59A9764958F2560304A9761F02B2CAA188A9D0318F0088325603ED
:20AEF0000839CAA696947649978859A976499784D0318F008864560308A9CAA196947649D3
:20AF00005963D0318F008896969476495967D0318F0088C896947649596B93A99A0594A87A
:20AF10009B0A00C9F009D0318F0088FA96947649596F93A99A0594A89B0A00C9F009D03178
:20AF20008F00892C96947649CEA793A99A0594A89B0A00C9F06ED0318F00895E969476492C
:20AF3000CF9259A97649CF96D0318F00899094A1FF5C96947649E79793A99A0594A89B0A1E
:20AF400000C9F06ED0318F0089C2969476495999D0318F0089F4969476494982D0312DA97C
:20AF50008F008A26350A96948F00A1A47649496E59A98F00A1987649496E93A155A9630713
:20AF60008F00A1987649496E2DA96F068F00A1A47649496E2DA9350AD0318F008A5896944D
:20AF7000761F023F76C08A8A923EDF3196C78F00A1D87649496ED0312DA98F008ABC350AFB
:20AF800096948F00A18C7649496E59A98F00A1807649496E93A155A963078F00A180764922
:20AF9000496E2DA96F068F00A18C7649496E2DA9350AD0318F008AEE96947649AF53D03164
:20AFA0008F008B2096947649AF57D0318F008B5296947649AF67D0318F008B849694764974
:20AFB000B48BD0318F008BB69694761F02C69202520260097649B4E7D031FF5C8F008BE8E1
:20AFC00096946F077649B4E7D0318F008BE896947649B49FD0318F008C1A96947649DD1527
:20AFD000D0318F008C4C96947649DD19D0318F008C7E9694761F024D76C08CB0922ADF3134
:20AFE00096C77649DD211EA602641E42DE3206A600C9EF92D0318F008CE2969476498F48E9
:20AFF000D0318F008D14969476498F4CD0318F008D46969476498F5CD0318F008D78969456
:20B00000761F01FC4E096C1976498FB9520161157649DD41D0318F008DAA96947649DD4543
:20B01000D0318F008DDC9694761F024D76C08E0E922ADF3196C76F0DD0318F008DAA2B941C
:20B02000D0318F008DDC2B94D0318F008E0E2B9476496868520060267649686C520060229F
:20B03000764968705200601E764968745200601A76496878520060167649687C5200601264
:20B04000764968805200600E764968845200600A76496888520060067649688C5200FFE1D6
:20B0500000AB76496868761F023D88250EA90FA660497649686C761F023D88260EA90FA68F
:20B06000604176496870761F023D88270EA90FA6603976496874761F023D88280EA90FA685
:20B07000603176496878761F023D88290EA90FA660297649687C761F023D882A0EA90FA681
:20B08000602176496880761F023D882B0EA90FA6601976496884761F023D882C0EA90FA67D
:20B09000601176496888761F023D882D0EA90FA660097649688C761F023D882E0EA90FA679
:20B0A000614C9220604A76496868761F023D96257649686C761F023D962676496870761F1A
:20B0B000023D962776496874761F023D962876496878761F023D96297649687C761F023DAE
:20B0C000962A76496880761F023D962B76496884761F023D962C76496888761F023D962DED
:20B0D0007649688C761F023D962E56BF091D56BF011F0A1E1B1E0001605D5603083CCA3BE4
:20B0E00096215603083ACA39962256030838CA37962356BF051E6F4E764926745201604AA5
:20B0F0009A007649266D761F023D2B1F2B202B1D2B1E6F40764926745201600A9A0076493C
:20B10000266D761F023D2B1F2B202B1D2B1E76496868761F023D96257649686C761F023D1D
:20B11000962676496870761F023D962776496874761F023D962876496878761F023D9629DC
:20B120007649687C761F023D962A76496880761F023D962B76496884761F023D962C76499C
:20B130006888761F023D962D7649688C761F023D962E761F023D921F6109921D0B1D520015
:20B14000600556BF01202B1D6F222B4392435231671E28AC00322B4492445225671430447F
:20B1500058438F008800560100A45943D801889430448F008800560100A47E9C0A449244DD
:20B16000522568EE0A439243523168E6FE848BBE0006FE02761F023D0E33761F023E8818B4
:20B170000FA6FFE100CB9218761F023D963360232B032B042B052B062B072B082B092B41D2
:20B1800092415208630C3B018F0087F8A8A981418AA92BC40A419241520864F7761F023DED
:20B190002B0A2B0B2B0C2B0D2B0E2B0F2B102B34FFEF00A45201FFE00097761F023E921ADC
:20B1A000761F023D96042B05761F023E921B761F023D96062B412B4292415208630D2D411B
:20B1B0009A01761F023DFF66CE0661020A420A419241520864F59242620456BF01426F0551
:20B1C0005208650356BF084292429607761F023E0E19761F023DF60F1F0796082B09761F7B
:20B1D000023E921C761F021F9638761F023E921D761F021F9639761F023E921E761F021FA9
:20B1E000963A761F023E921F761F021F963B761F023E9220761F021F963C761F023E9221DB
:20B1F000761F021F963D761F023E9222761F021F963E761F023E9223761F021F963F761FF9
:20B20000023D9208761F023E9E27964263032B426F07761F023D9208544263029642924285
:20B21000761F023D960A2B0B2B0C761F023E9224761F023D960D761F023E9225761F023DDB
:20B22000960E761F023E9226761F023D960F2B1056BF0103761F023E56BF0218761F023D38
:20B230002B346F0B520368090A341B34025868052B34761F023E2B18FE8200060006FE0604
:20B2400097449643A8422B456F168A429245944358A99294964692449E4558A99245944376
:20B25000939458A9979492448A429E4558A9934697940A4592449E439C01FFC0544566E6BA
:20B26000FE8600060006761F023F9224761F02B99632761F023F9223761F02B99631761F63
:20B27000023F9225761F02B99633761F023F9226761F02B99634761F023F9227761F02B926
:20B280009635761F023F921F761F02B9963B761F023F9221761F02B9963A761F023F922208
:20B29000761F02B99639761F023F9220761F02B996382B3C761F023F9B0A922800C9F06E16
:20B2A000761F02B996362B372B30761F023F9B0A922A00C9F009761F02B9963D761F023FC3
:20B2B000922B52036506761F02B956BF013E6F0C1B2BFFFD6306761F02B956BF023E6F041F
:20B2C000761F02B92B3E0006761F02BA922E520766099A007649EDE6761F02BA922E520740
:20B2D00069F97648B2E876499DC8761F02BA9206520260047648BCDA6FF7520160047648B0
:20B2E000BB9E6FF2520061022B067648BAD16FEC761F01009204761F02BA722F761F011442
:20B2F0009204761F02BA7230761F1C0F060C761F02BB1E2C922C9624922D96257648B35391
:20B3000076499DC80006FE022B419241520C673628AC00038F00948F3041560100A42BC4E5
:20B3100030418F009490560100A42BC430418F009491560100A42BC42B429242522B670ECD
:20B3200028AC002D584230418F00A200560100A42B940A429242522B68F658418F00AFEC58
:20B330002B9458418F00A1F42B9458418F00AF302B940A419241520C68CC761F02BA2B3C94
:20B340002B3D2B3E2B3F761F02BB2B002B012B022B03761F02BA2B29761F02BB2B0D2B0F45
:20B350002B10FE820006761F01FC1A0B0020761F02BA2B062B072B162B35761F02BB2B096A
:20B360003B10761F02C52B148F00B2C2761F02C5A81A761F02C5A81C761F02C52B15761F75
:20B3700002BB2B172910FF697648B3030006761F01FC1A0B0020761F02BA56BF0106761FCA
:20B3800002BB2B177648B3030006761F01FC1A0D0020761F02BA56BF02062B232B242B2500
:20B390002B077648B3039225761F0252960F761F02BB9224761F025296102B11761F0287C1
:20B3A00056BF0134761F02BB56BF01102B170006B2BDFE0228AC002D761F02BA76C0A200EA
:20B3B0003007560100A7761F02C2923B96C7761F02BA76C0A2013007560100A7761F02C20D
:20B3C000923C96C7761F02BA76C0A2023007560100A7761F02C2923D96C7761F02BA76C0D6
:20B3D000A2033007560100A7761F02C2923E96C776491F5252006004761F02BA2B31761FD5
:20B3E00002BC2B06CD06FFFE761F02BA92319001761F02BCCAA89606764921B1761F02BCA4
:20B3F0009003CD06FFF9FF80CAA89606764921BC761F02BC9003CD06FFE7FF82CAA8960688
:20B4000076492050761F02BC9007CD06FF1FFF84CAA896067649219F761F02BC9001CD065B
:20B41000FEFFFF87CAA896067649261C761F02BC9001CD06FDFFFF88CAA89606764921FE64
:20B42000761F02BC9001CD06F7FFFF8ACAA8960676491F52761F02BCCD061FFF88A85603CB
:20B430000DA9CAA69606764921F3761F02BC9001CD06EFFFFF8BCAA896062B077649CEB7B4
:20B440005204601476491FD6761F02BC08A9FE20930739A9970776491FED761F02BC08A963
:20B45000FE2093073CA897076F287649CEB75202601476491FD6761F02BC08A9FF069307A8
:20B4600039A9970776491FED761F02BC08A9FF0693073CA897076F1176491FD6761F02BCD5
:20B470009C88930739A9970776491FED761F02BC9C8893073CA897072B0876491F5D761F1D
:20B4800002BC9001CD08FFFECAA896087649221F761F02BC9001CD08FFFDFF80CAA8960837
:20B49000764922DA761F02BC9001CD08FFFBFF81CAA89608764922E5761F02BC9001CD081F
:20B4A000FFF7FF82CAA8960876492282761F02BC9001CD08FFEFFF83CAA89608764920F595
:20B4B000761F02BC9001CD08FFDFFF84CAA8960876492298761F02BC9001CD08FFBFFF85DE
:20B4C000CAA8960876492100761F02BC9001CD08FF7FFF86CAA896087649222A761F02BC52
:20B4D0009001CD08FEFFFF87CAA8960876492261761F02BC9001CD08FDFFFF88CAA89608D5
:20B4E0007649218F761F02BC9001CD08FBFFFF89CAA89608764926B6761F02BC9001CD083E
:20B4F000F7FFFF8ACAA896087649209D761F02BC9001CD08EFFFFF8BCAA896087649216EA2
:20B50000761F02BC9001CD08DFFFFF8CCAA896087649205B761F02BC9001CD08BFFFFF8DBC
:20B51000CAA89608764926AB761F02BCCD087FFF88A856030FA9CAA696082B09764922C4AD
:20B52000761F02BC907FCD09FF80CAA89609764922CF761F02BC907FCD09C07FFF86CAA825
:20B530009609764926A0761F02BC9001CD09BFFFFF8DCAA896092B0A764922AE761F02BCAB
:20B5400008A9FE70930A3CA8970A764922B9761F02BC08A9FE70930A39A9970A2B0B764989
:20B5500022A3BE64761F02BC0EA9F60F1FA6CCA901FFCD0BFE00CAA8960B7649212C761F21
:20B5600002BCCD0B01FF88A8560309A9CAA6960B2B0C76492137761F02BC907FCD0CFF80E1
:20B57000CAA8960C7649210B761F02BC930C917F88A8560307A9CAA6960C2B0D76492158FF
:20B58000761F02BC08A9FE70930D3CA8970D76492163761F02BC08A9FE70930D39A9970D36
:20B590002B0E7649202F761F02BCCCA901FFCD0EFE00CAA8960E76492116761F02BCCD0E79
:20B5A00001FF88A8560309A9CAA6960E2B0F76492121761F02BC907FCD0FFF80CAA8960F2D
:20B5B00076492142761F02BC08A9FE7090FFCD0F807FFF86CAA8960F2B107649214D761FE4
:20B5C00002BC08A9FE7093103CA8971076491FB5761F02BC08A9FE70931039A997102B11F3
:20B5D00076492003761F02BC08A9FE7093113CA89711764920C9761F02BC08A9FE70931119
:20B5E00039A997112B12764920EA761F02BC907FCD12FF80CAA89612764920DF761F02BCD0
:20B5F000907FCD12C07FFF86CAA8961276492184761F02BC9001CD12BFFFFF8DCAA89612E4
:20B6000076492179761F02BCCD127FFF88A856030FA9CAA696122B13764920D4761F02BC84
:20B61000907FCD13FF80CAA8961376492019761F02BC9313917F88A8560307A9CAA696133E
:20B620002B14764921DDBE0A761F02BC0EA9F60F1FA6907FCD14FF80CAA89614764926C141
:20B63000BE0A761F02BC0EA9F60F1FA69314917F88A8560307A9CAA696142B15764926CC63
:20B64000BE0A761F02BC0EA9F60F1FA693153CA8971576492235BE64761F02BC0EA9F60FCF
:20B650001FA6931539A997152B167649200E761F02BCCCA901FFCD16FE00CAA8961676492B
:20B66000219B9B6400C9F009761F02BCCD1601FF88A8560309A9CAA696162B177649228D10
:20B67000BE64761F02BC0EA9F60F1FA6CCA903FFCD17FC00CAA89617764920B3761F02BC69
:20B68000CD1703FF88A856030AA9CAA696172B1876492066761F02BC08A9FE20CD18FF805D
:20B69000907FCAA8961876492087761F02BC907FCD18C07FFF86CAA896182B197649207146
:20B6A000761F02BCCCA903FFCD19FC00CAA896192B1A764920A8761F02BCCCA97FFFCD1AC4
:20B6B0008000CAA8961A28AC002D761F02BA76C0A2163007560100A7761F02BC920696C71B
:20B6C000761F02BA76C0A2173007560100A7761F02BC920796C7761F02BA76C0A218300734
:20B6D000560100A7761F02BC920896C7761F02BA76C0A2193007560100A7761F02BC9209AD
:20B6E00096C7761F02BA76C0A21A3007560100A7761F02BC920A96C7761F02BA76C0A21BE5
:20B6F0003007560100A7761F02BC920B96C7761F02BA76C0A21C3007560100A7761F02BCEB
:20B70000920C96C7761F02BA76C0A21D3007560100A7761F02BC920D96C7761F02BA76C0DD
:20B71000A21E3007560100A7761F02BC920E96C7761F02BA76C0A21F3007560100A7761FC2
:20B7200002BC920F96C7761F02BA76C0A2203007560100A7761F02BC921096C7761F02BA2C
:20B7300076C0A2213007560100A7761F02BC921196C7761F02BA76C0A2223007560100A7F8
:20B74000761F02BC921296C7761F02BA76C0A2233007560100A7761F02BC921396C7761F2A
:20B7500002BA76C0A2243007560100A7761F02BC921496C7761F02BA76C0A22530075601BA
:20B7600000A7761F02BC921596C7761F02BA76C0A2263007560100A7761F02BC921696C7EF
:20B77000761F02BA76C0A2273007560100A7761F02BC921796C7761F02BA76C0A228300753
:20B78000560100A7761F02BC921896C7761F02BA76C0A2293007560100A7761F02BC9219CC
:20B7900096C7761F02BA76C0A22A3007560100A7761F02BC921A96C7761F02BA76C0A2042B
:20B7A0003007560100A7761F02C6920096C77649AF5328AC002D761F02BA88A98F00A2058E
:20B7B0003007560100A47EC476498F4828AC002D761F02BA88A98F00A2063007560100A483
:20B7C0007EC4761F02C69200613576499780BE409B0090400FA66008761F02BACC01FFFC2D
:20B7D000500296016F197649CED65201610A76499784520E6106761F026F921752016008BC
:20B7E000761F02BACC01FFFC500196016F05761F02BA1801FFFC7649CEE552006106761FAF
:20B7F00002BA1A0110006F0C761F02BA1801EFFF6F07761F02BA1801FFFC1801EFFF761F08
:20B8000002E2921F60057649AFA75201610A761F02E2921F5201604776498F84520160436F
:20B81000761F02C69200613F7649AF77520060057649AF8F5200610976498F605200601CB8
:20B8200076498F7852006018761F02BACC01FFF3500496017649AF7752006005761F02BB8F
:20B830001A1E00017649AF8F52006021761F02BB1A1E00026F1C761F02BACC01FFF3500870
:20B8400096017649AF7752006005761F02BB1A1E00047649AF8F5200600A761F02BB1A1EE4
:20B8500000086F05761F02BA1801FFF37648F59E52006009764921F352006005761F02BA19
:20B860001801FFF3761F02BACD01FFDF761F026292259001761F02BAFF84CAA89601761F0D
:20B8700002C692005203610352046006761F02BA1A0100106F05761F02BA1801FFEF52034C
:20B880006007761F01FC921090015201611D761F02C692005204601D761F01FCCC09400042
:20B89000FFCD52016006761F02E2921F5201610C761F01FCCC098000FFCE5201600A761F23
:20B8A00002E2921F6006761F02BA1A0100806F05761F02BA1801FF7FCD01DFFF761F02C73B
:20B8B00092039001761F02BAFF8CCAA89601CD01BFFF761F02D692069001761F02BAFF8D6E
:20B8C000CAA8960176498FC5761F02BACD017FFF88A856030FA9CAA69601761F026F921EB1
:20B8D000761F026F541F630396416F03921F96417649CEB7520460049A0574416F0A76491E
:20B8E000CEB7520260049A0374416F039A0274417649CEA354416709761F02BB9B0A920E2A
:20B8F00000C9F00954416406761F02BA1A0100406F05761F02BA1801FFBF7649B493761F94
:20B9000002BA9001CD01FEFFFF87CAA89601761F02E2921F60057649AFA75200610A761F8A
:20B9100002E2921F5201601476498F84520060107648F59E59A9764921F3761F02BACAA145
:20B92000CD01FDFF9001FF88CAA896016F0B7648F59E761F02BA9001CD01FDFFFF88CAA8AC
:20B930009601CD01FBFF761F02BD92239001761F02BAFF89CAA89601CD01F7FF761F02C4FD
:20B94000922F9001761F02BAFF8ACAA8960128AC002D76C0A2073007560100A7920196C7AD
:20B950007649CEA328AC002D761F02BA88A98F00A2083007560100A47EC47649978428ACC9
:20B96000002D761F02BA88A98F00A2093007560100A47EC476497C6028AC002D761F02BA7D
:20B9700088A98F00A20A3007560100A47EC476497C645200630C28AC002D761F02BA8F0096
:20B98000A20B3007560100A42BC46F0E76497C6428AC002D761F02BA88A98F00A20B3007C7
:20B99000560100A47EC476497C745200650F76497C7428AC002D761F02BA88A98F00A20C76
:20B9A0003007560100A47EC46F0B28AC002D761F02BA8F00A20C3007560100A42BC476492A
:20B9B000B48B28AC002D761F02BA88A98F00A20D3007560100A47EC47649B49F28AC002DF0
:20B9C000761F02BA88A98F00A20E3007560100A47EC47648711D761F02BA9001CD08FFFE32
:20B9D000CAA89608764872AD761F02BA9001CD08FFFDFF80CAA89608761F02BB9B0A920A95
:20B9E00000C9F07352006106761F02BA1A0800046F05761F02BA1808FFFB7649CF9259A9EA
:20B9F0007649CF969B0A94A1FF5C00C9F009964152006206761F02BA1808F0076F0A761F15
:20BA000002BACC4101FFCD08F007FF82CAA89608761F02B9422C6D19432C6D127648711D82
:20BA1000520060137648F5CD5202600A7648F5CD5202600B761F02C6923352016006761F64
:20BA200002BA18089FFF6F1D7649C3949B0A00C9F07352006009761F02BACC089FFF1AA9D8
:20BA3000200096086F0E7649C3949B0A00C9F073761F02BA9003CD089FFFFF8CCAA89608E2
:20BA40007649CEB752046007761F026F921E9CFB96416F06761F026F921E9CFD9641764967
:20BA5000CEA354416709761F02C39B0A920200C9F00954416406761F02BA1A0880006F05A5
:20BA6000761F02BA18087FFFCD08EFFF761F02B9923B9001761F02BAFF8BCAA8960828ACA7
:20BA7000002D76C0A20F3007560100A7920896C77649DD1928AC002D761F02BA88A98F00AF
:20BA8000A2103007560100A47EC47649121F28AC002D761F02BA88A98F00A211300756013D
:20BA900000A47EC4761F02C39B0A920300C9F009761F02BA88A98F00A2123007560100A463
:20BAA0007EC476C0A2133007560100A7761F02C4920696C7761F02BA8F40A2148F003A989D
:20BAB0003007761F02BB560100A5A3280200F61F561700A43FC5761F02BACD0BFFC0761F7D
:20BAC00002CF920B761F02BA903FCAA8960B76C0A2153007560100A7920B96C7FE828BBEE0
:20BAD0000006FE082B462B47761F02BA2B162B172B18761F01FC1A0B002076491F525200F7
:20BAE00060057648B385FFEF00B9761F02BA9206FFE000B47648B3A89A007649EDE6761FEE
:20BAF00002BA96047648BDAF761F02BA9206FFE000A57648CA43761F02BA40046CDF761F09
:20BB000001FC46096D2A2B4793460A461BA803E8670D761F02BA9216520160D07648B37721
:20BB1000761F02BA2B1FFFEF0089761F02BA9205520169C42B469A46764997B7761F02BAEC
:20BB20001A0300469A0176496F939A019B017649EE277648B2E86FB22B469A0076496F93F6
:20BB30000A47761F02BA921F520160071B4703E869512B472B1F6F4E761F02C69200520324
:20BB4000600492475201611E920052046004924752026118920052056004924752036112F6
:20BB500092005202600492475204610C9200520660049247520561069200601D92475206CA
:20BB6000601A761F02BB2B41932592242B42761F02BA5C079743D500761F02BB964493246C
:20BB70009A002B457648C4948F00AEF476499EF756BF0A47761F02BA92176007924752D24C
:20BB800069097648B3856F191B4704BA69032B472B1792185202FFE9FF521A0300479A47F9
:20BB9000764997B79A0176496F9F9A019B017649EE277648B3536F01FE880006FE062B41E5
:20BBA0002B432B44761F02BA2B19761F01FC1A0B002076491F52520060057648B385FFEF71
:20BBB0000129761F02BA92065201FFE001237648B3A89A007649EDE6761F02BA960476481E
:20BBC000BDAF761F02BA92065201FFE001137648CA43761F02BA40046CDD761F02BB92102D
:20BBD00061037648DC97761F02BA93190A191BA803E869139A46764997B7761F02BA1A031B
:20BBE00000469A0176496F939A019B017649EE277648B353FFEF00EE9A0076496F93761F08
:20BBF00002BA58078F00AF3056BF0194761F02BB2B082B1056BF014402001E2A2B1C2B1D0F
:20BC00002B429242520C677D2D429A013B01761F02BBFF6685A9CF23CE2291FFFF586169E3
:20BC100058428F00AF3056BF01940A089244613128AC002D76C0A2163042560100A792C730
:20BC20009645304276C0A207560100A792C7964676491F520EA91EA6CC45E000FFCC80A915
:20BC300006A60FA7601644466C1476491F525202691076491F525205610C2B44761F02BA61
:20BC400088070E420FA66005761F02BB56BF01107648F608520460317648F5CD5209602D68
:20BC50007648F60828AC002D8F00A20488A93242A9A9560100A480C406A60FA7601E76490D
:20BC60001F520EA91EA6CC45E000FFCC80A906A60FA7601328AC002D8F00A2103042560113
:20BC700000A4761F02BB0EC45601002A0A1C6F0558428F00AF302B940A429242520C68859F
:20BC8000761F02BB921C6109881CA32A0200F61F561700A63F1D6F0E28AC002D761F02BA74
:20BC900076C0A2103007560100A7761F02BB92C7961D761F01FCCC090040FFC552016025D6
:20BCA0000A4192415202600A761F02BA92355201FFE0FF017648B3856F2C5264FFE9FEFB36
:20BCB000761F02BA92195232670D1A0300479A47764997B79A0176496F9F9A019B017649D0
:20BCC000EE277648B3536F152B41761F02E2921B600D761F02BA920361090A43924352FA4A
:20BCD000FFE9FED92B03FFEFFED62B43FFEFFED3FE860006FE0A2B462B4776491F529649F4
:20BCE000761F01FC1A0D0020761F02BA56BF01415C07D50C9A00761F02BB2B422B43932401
:20BCF0002B442B457648C4948F00AEF476499F02761F02BA92065202FFE000B17648B3A8C8
:20BD00009A007649EDE6761F02BA96047648BDAF761F02BA92065202FFE000A17648CA435A
:20BD1000761F02BA40046CE57648DC9776491F525200612F761F01FCCC090040FFC552012C
:20BD200060172B4792460A46520A69289A47764997B7761F02BA1A0300479A0176496F9FFA
:20BD30009A019B017649EE277648B3536F772B46761F02E2921B600B761F02BA92036107EE
:20BD40000A4792475219690A2B036F082B476F062B462B47761F02BA2B03761F02BC56BF85
:20BD500001302B489248520C671358488F00A1F49294520160068F00AF3056BF01946F044F
:20BD60008F00AF302B940A489248520C68EF761F02C692007648F97F761F02BA2B33764922
:20BD70001F5252006120924960047648B3536F36761F01FC1A0D0020761F02BA56BF0C324A
:20BD80007648C5407648C59B7648C8097648C6C4761F02BA921E520160112B1E7648B385E7
:20BD9000FFEFFF68761F01FC1A0B002076499DC4761F02BA2B2D56BF013276491F52964947
:20BDA000761F02BA922DFFE0FF5592065202FFE0FF517648CA38FFEFFF4DFE8A0006FE0C93
:20BDB000284AFFFFFFEF06D9761F02BA2B198F00AF007648C509761F02BA920F5201FFE0B3
:20BDC0000124921260539210520FFFE006C19211520FFFE706BD9213520CFFE706B9520097
:20BDD000613228AC002D30138F00A2002D11761F02BB8830560100A4350358A97E9428ACE9
:20BDE000002D761F02BA8F00A20030132D11560100A435039C0158A9761F02BB9331979401
:20BDF00028AC002D761F02BA8F00A20030132D11560100A435039C0258A9761F02BB933246
:20BE000097946F059211520E60020A1D761F02BA9211520E600758138F00A1F456BF019403
:20BE10000A1B56BF0134FFEF06735201FFE006709210520F606B9211520F67689213520CF0
:20BE200067655200610588130E070FA6603C92065201603928AC002D801156BF0F413007CB
:20BE30008F00A20088072D117F42560100A435037E4358A928AC002D30072D1188948F001D
:20BE4000A200560100A435039C0128AC002D58A97E4430072D1188948F00A200560100A4EF
:20BE500035039C0258A97E45D50092945C07761F02BB964693249A007648C4CC8F00AEFAD6
:20BE600076499F02761F02BA2D11350358A9761F02BB88308F00A2007E94761F02BA2D11BE
:20BE700035039C0158A9761F02BB93319794761F02BA2D1135039C0258A9761F02BB93321E
:20BE80009794761F028756BF0134761F02BA92065201FFE005FD9211520EFFE005F928AC3E
:20BE9000002D8F00A2083007761F0288560100A43B019208761F02BB9EC485A9FF56960632
:20BEA000761F02BA30078F00A205560100A4761F02889205761F02BB9EC485A9FF56960442
:20BEB000761F02889207761F02BA9600761F02C69200520461035205601B761F02889204A3
:20BEC0005204610352056014761F02BA47006C1030078F00A20A560100A4761F0288920AA1
:20BED000761F02BB9EC485A9FF5696076F04761F02BB2B07761F028892047648F97F7648DE
:20BEE000DAFCFFEF05A59206606B921560122901761F02BB25300D311E481E2E06240F4816
:20BEF000FFE901A2761F02BA56BF0117FFEF019C5201FFE001996F037648B2E8761F02BBB6
:20BF000088250E300FA6600588240E310FA661F57649219B1BA9089860058F0003E8A84878
:20BF10006F0D7649219B1BA908FC60058F0007D0A8486F048F000BB8A848761F02BB0E3250
:20BF20000F486019882593242B41761F02BA2B429207D5027E435C07974496459A00764801
:20BF3000C4948F00AEF476499F02761F02BA0A18FFEF015A923228A803E800C9F07352004F
:20BF400060079A4D764997B79A0176496FE79A019B017649EE277648B353FFEF0145520180
:20BF5000FFE0009D9215520560079A019B0B7649EE27FFEF01395206601D761F02BB0E304E
:20BF6000761F02C688000FA6610F9200520461045205FFE00129761F02BB9230520461043B
:20BF70005205FFE001219A019B0A7649EE27FFEF011B520C600E0E07761F02BB88300FA69B
:20BF800061049230FFE001107648B353FFEF010C5219FFE001092B4B761F02BB9231964B0B
:20BF900090FF52646339761F02BA921452016034761F02D756BF01037649219B934B761F5D
:20BFA00002D791FF2DA8310AEAAB3F047648F608520361057648F6085204601576498FB92B
:20BFB000520260114C4B6C089A017649906C9A01764990806F119A007649906C9A007649B3
:20BFC00090806F0A4C4B6C059A01764990806F049A0076499080761F02BB1B32E890FFE58F
:20BFD00000C31B322EE0FFE300BF76491F520EA91EA6CC4B0F00FFC780A906A60FA7FFE091
:20BFE00000B3761F02BB923276496668761F02BB92307649667CFFEF00A79215520460182C
:20BFF0002901761F02BB25300D311E4806240F48680B0F4860057648B2E8FFEF0095764873
:20C00000B353FFEF00917648CA1DFFEF008D5202607356BF01499249520C674B28AC000333
:20C01000290130498F00948F560100A492C4601630498F009490560100A492C4600F30498F
:20C020008F009491560100A42BC4884AFF20FFFF0FA6602B9249964A6F2830498F00948FB6
:20C03000560100A488C4761F02BB0E300FA6601D30498F009490560100A488C40E310FA680
:20C04000601430498F009491560100A488C40E320FA6610F30498F009491560100A42BC47C
:20C05000761F02BA0A1A6F050A499249520C68BA884A2901FF20FFFF0FA6613528AC0003FE
:20C0600076C0948F304A560100A7761F02BB923096C7304A76C09490560100A7923196C78C
:20C07000304A76C09491560100A7923296C7761F02BA0A1A6F1852196016761F02BB9231CA
:20C08000964BFFC7900F610F76491F525200600B9A4B764997B79A0176496FCF9A019B013C
:20C090007649EE27761F02BA92155203601992065202FFE103E9761F02BB9232FFE103E461
:20C0A000290125300D311E480F24FFE003DD9232761F02BA960756BF0116FFEF03D5520273
:20C0B00060112901761F02BB25300D311E486F037648B2E8761F02BB06240F4861FAFFEFA4
:20C0C00003C3520E601B761F02BB88300E250FA6601188310E240FA6600D761F02BA0E07E9
:20C0D000761F02BB88320FA660057648B385FFEF03AB7648B353FFEF03A7520960219206C8
:20C0E0005202600C761F02BB9230764997B79A019B017649EE27FFEF039792145201FFE0F4
:20C0F0000393761F02BB9231FFE0038E9230764997B79A019B017649EE27FFEF038552076C
:20C10000600F761F02C69200520561045204FFE0037B9A019B077649EE27FFEF0375520881
:20C11000600D761F02C692005203FFE0036D9A019B087649EE27FFEF0367520A60079A0147
:20C120009B097649EE27FFEF035F520B60079A019B0D7649EE27FFEF0357520D60079A01B3
:20C130009B0C7649EE27FFEF034F520F603E92065202FFE10349761F02BB9230761F02BAB8
:20C14000960E761F02BB9231761F02BA960A922A600D920E900352016009761F02E11A2A61
:20C1500000049A019B037649EE27761F02BA920E9003962ACC0E000CFFC19626CC0E0040FE
:20C16000FFC5962BCC0E0010FFC39627CC0E0080FFC69639CC0A6000FFCC761F021F961B7B
:20C17000081B000AFFEF03105211602F92065202FFE1030A2901761F02BB2530AF311E22C5
:20C18000761F02BA9A013B012D07761F02BBFF6685A9CF23CE2291FFFF586012761F02BAD2
:20C1900092065201600D761F02BB0A0992095205FFE902EA2B097648B353FFEF02E5761FAA
:20C1A00002BB2B09FFEF02E05215601992065202FFE102DA761F02BB9230761F02B9962A12
:20C1B000761F02BB9231761F02B9962D761F02BB9232761F02B9962EFFEF02C65216601986
:20C1C00092065202FFE102C0761F02BB9230761F02B9962B761F02BB9231761F02B9962C85
:20C1D000761F02BB9232761F02B9962FFFEF02AC5217606792065202601992146017761F41
:20C1E00002BB56BF01129230761F02B99624761F02BB9231761F02B99627761F02BB923256
:20C1F000761F02B99628FFEF028F92145201FFE0028B0E07761F02BB88300FA6FFE0028404
:20C20000761F02B99231761F02B99324761F02B99E08761F02B93CA89724761F02B992320B
:20C21000761F02B99E08761F02B939A99724761F02B99234761F02B99627761F02B99235F1
:20C22000761F02B99628761F02BA80072B41761F02B9D5177F42882493279228761F02BA3E
:20C230007E435C07761F02BB9744964593249A007648C4948F00AEF476499F02FFEF024496
:20C240005218FFE000BB92065202601992146017761F02BB56BF02129230761F02B9962510
:20C25000761F02BB9231761F02B99626761F02BB9232761F02B99629FFEF02269214520179
:20C26000FFE002220E07761F02BB88300FA6FFE0021B761F02B99233761F02B99325761F39
:20C2700002B99E08761F02B93CA897259225761F02B93836761F02B99625CD26FFFE761F58
:20C2800002B9923C9001761F02B9CAA89626CD26FFFD761F02B9923B9001761F02B9FF809A
:20C29000CAA89626CD26FFFB761F02B992389001761F02B9FF81CAA89626CD26FFF7761F4C
:20C2A00002B9923A9001761F02B9FF82CAA89626CD26FFEF761F02B992399001761F02B98A
:20C2B000FF83CAA89626CD26FE1F761F02B99230900F761F02B9FF84CAA89626CC2607FF04
:20C2C00088A9761F02B956030B37761F02B9CAA69626761F02B9933D9D32761F02B918A8C7
:20C2D00003FFCC29FC00CBA99729CC2903FF88A9761F02B956030A3E761F02B9CAA696298F
:20C2E000761F02BA80072B41761F02B97F4293268825D518761F02BA5C077E43761F02BBCF
:20C2F0009744964593249A007648C4948F00AEF476499F02FFEF0188521B602892316108E8
:20C30000761F02BB923090015201FFE0017D761F02BB9230761F02BC961B761F02BB92319B
:20C31000761F02BC961C761F02BB9232761F02BC961D7648D48D761F02BA2B31761F02BCCD
:20C320002B1B2B1C2B1DFFEF015F521C60229231FFE0015A761F02BB9230761F02BC961ED2
:20C33000761F02BB9231761F02BC961F761F02BB9232761F02BC96207648D710761F02BABB
:20C340002B31761F02BC2B1E2B1F2B20FFEF013C521D60229231FFE00137761F02BB923046
:20C35000761F02BC9621761F02BB9231761F02BC9622761F02BB9232761F02BC96237648C3
:20C36000D7B2761F02BA2B31761F02BC2B212B222B23FFEF0119521E60229231FFE001149C
:20C37000761F02BB9230761F02BC9624761F02BB9231761F02BC9625761F02BB9232761FBE
:20C3800002BC96267648D83C761F02BA2B31761F02BC2B242B252B26FFEF00F6521F60228A
:20C390009231FFE000F1761F02BB9230761F02BC9627761F02BB9231761F02BC9628761F1B
:20C3A00002BB9232761F02BC96297648D8CA761F02BA2B31761F02BC2B272B282B29FFEFA3
:20C3B00000D3522060229231FFE000CE761F02BB9230761F02BC962A761F02BB9231761F65
:20C3C00002BC962B761F02BB9232761F02BC962C7648D984761F02BA2B31761F02BC2B2A43
:20C3D0002B2B2B2CFFEF00B0522160229231FFE000AB761F02BB9230761F02BC962D761F01
:20C3E00002BB9231761F02BC962E761F02BB9232761F02BC962F7648DA19761F02BA2B311A
:20C3F000761F02BC2B2D2B2E2B2FFFEF008D5210601C761F02BB88300E250FA66012883159
:20C400000E240FA6600E761F02BA0E07761F02BB88320FA66006761F02BA56BF01356F73BC
:20C41000761F02BA2B356F6F521260200E07761F02BB88300FA660679231526E66647649F2
:20C42000200E88A9761F02BB0E310FA6615C761F02D056BF0102761F02BB92317649200720
:20C430009A069B037649EE276F4E521360200E07761F02BB88300FA66046923152036643FD
:20C4400076491FE188A9761F02BB0E310FA6613B761F02D056BF0102761F02BB92317649B7
:20C450001FDA9A069B037649EE276F2D5214602B0E07761F02BB88300FA6602592315202C4
:20C46000610D520A610B52146109521E61075228610552326103523C60167649202F88A9D3
:20C47000761F02BB0E310FA6610E761F02D056BF0102761F02BB9231764920289A069B031E
:20C480007649EE27761F02BA92155208761F02BB2B302B312B328F00AF0076499ECA520059
:20C49000FFE0F924FE8C0006FE047D447C4397429641761F02BB1A3580001835BFFF183555
:20C4A000DFFF1AA90100CCA901FFCD35E00FFF83CAA89635FF200FFFA33418AB00FF18AA2D
:20C4B000FFF08942FF37CAABCBAA1E34924393343CA897345603084488A95603074794A63E
:20C4C000944818A97FFF963692499637924A9638924B9639FE840006FE047D447C43974294
:20C4D0009641761F02BB1A3B8000183BBFFF183BDFFF1AA90100CCA901FFCD3BE00FFF835A
:20C4E000CAA8963BFF200FFFA33A18AB00FF18AAFFF08942FF37CAABCBAA1E3A9243933A97
:20C4F0003CA8973A56030D4480A95603094793A995A788A85603054894A694491AA9800053
:20C50000963C924A963D924B963E924C963FFE840006FE0A5DADA848C548DD860EA58AA956
:20C51000F6052484924496494F496C14761F02BA56BF010FFFCC900396129244FFC8900FE3
:20C5200096109244FFC4900F96119244901F96136F0E761F02BA2B0FFFC7907F96159244EA
:20C53000FFC6900196149244907F96139243761F02BB96309242963192419632FE8A0006AC
:20C54000FE082B462B47761F02BA2B1A2B2D761F02BA92065202604E7648B3A89A007649A7
:20C55000EDE6761F02BA96047648BDAF761F02BA92065202603F7648CA43761F02BA4004A7
:20C560006CE79246602D7649219B1BA908986004284703E86F0B7649219B1BA908FC600445
:20C57000284707D06F0328470BB8761F02BB56BF0141932592242B42761F02BA5C079743AF
:20C58000D501761F02BB96449324924796459A007648C4948F00AEF476499F026F09520221
:20C590006604921A520B68047648C6066F030A466FAFFE880006FE082B4756BF0147924708
:20C5A000520C67098F00A1F458472B940A479247520C68FB2B47761F02BA921B961C2B1BD8
:20C5B0002B1D2B34761F02BA92065202604E7648B3A89A007649EDE6761F02BA96047648EB
:20C5C000BDAF761F02BA92065202603F7648CA43761F02BA40046CE79247521E6736FFC0BB
:20C5D000520160039234613140476D2D56BF0F419247FFC096422B439247FFC02DA9350333
:20C5E00058A98F00A200929496449247FFC02DA935039C0158A9929496459247FFC02DA956
:20C5F00035039C0258A9D50192945C07761F02BB932496469A007648C4CC8F00AEFA764932
:20C600009F026F010A476FAFFE880006FE082B469246520C675128AC000330468F009491A8
:20C61000560100A488C40E460FA6610730468F009491560100A42BC492469C019647520C8E
:20C62000673730478F00948F560100A4324688C4A9A98F00948F560100A480C406A60FA7CF
:20C63000602330478F009490560100A4324688C4A9A98F009490560100A480C406A60FA7D8
:20C64000601330478F00948F560100A42BC430478F009490560100A42BC430478F00949115
:20C65000560100A42BC40A479247520C68CB0A469246520C68B356BF0146761F02BA92063F
:20C66000520260619A007649EDE6761F02BA96047648BDAF761F02BA9206520260547648B5
:20C67000CA43761F02BA40046CE99246520C674728AC000330468F009491560100A492C47D
:20C68000603A30468F00948F560100A492C4600830468F009490560100A492C4612C761F83
:20C6900002BA56BF012D56BF014176C0948F2B423046560100A75C0792C7964376C094900B
:20C6A0003046560100A7761F02BBD503932492C79644924696459A007648C494304676C0E3
:20C6B0009491560100A7924696C78F00AEF476499F026F050A469246520C68BD0A4692463A
:20C6C000520C689CFE880006FE082B4856BF01469246520C670B8F00A1F4584692946102A4
:20C6D0000A480A469246520C68F956BF0146761F02BA92065202FFE000D37648B3A89A0013
:20C6E0007649EDE6761F02BA96047648BDAF761F02BA92065202FFE000C37648CA43761F54
:20C6F00002BA40046CE588480E1B0FA6611C56BF01415C072B42761F02BB2B439A00D50C4C
:20C7000093242B442B457648C4948F00AEF476499F02761F02BA2B1D56BF011E56BF012DCC
:20C71000FFEF009E9246520CFFE7009658468F00A1F49294605828AC00038F00949130462A
:20C72000560100A492C461382B4792475203670D92467648C7B058468F00A1F492946005A1
:20C730000A479247520368F592475203683728AC00038F0094913046560100A42BC43046DF
:20C740008F00948F560100A42BC430468F009490560100A42BC4761F02BA88250E460FA623
:20C7500060042B232B242B2558468F00AFEC9294520160146F1330468F009491560100A41C
:20C760002BC430468F00948F560100A42BC430468F009490560100A42BC458468F00AFECDD
:20C770002B946F3428AC00038F00948F3046560100A492C4602B30468F009490560100A448
:20C7800092C46024761F02BA56BF012D30468F009491560100A42BC458468F00A1F42B9496
:20C7900056BF01415C07D50C761F02BB2B429246932496439A002B442B457648C4948F00A9
:20C7A000AEF476499F020A466F060A469246520CFFE8FF6E9246520CFFE8FF2BFE88000605
:20C7B000FE0896472B48761F02BA2B34761F02BA92065202604D9A007649EDE6761F02BAFC
:20C7C00096047648BDAF761F02BA9206520260407648CA43761F02BA40046CE99248521EB9
:20C7D0006737FFC0520160039234613240486D2E56BF0F419248FFC0964292479643924858
:20C7E000FFC02DA9350358A98F00A200929496449248FFC02DA935039C0158A992949645F4
:20C7F0009248FFC02DA935039C0258A9D50192945C07761F02BB932496469A007648C4CCB7
:20C800008F00AEFA76499F026F010A486FB0FE880006FE082B46761F02BA9206520260748C
:20C810007648B3A89A007649EDE6761F02BA96047648BDAF761F02BA9206520260657648EE
:20C82000CA43761F02BA40046CE776491F525200615B924660067648D217520060020A46DC
:20C8300092465201603F7648C8859647520061395201601F761F02BA56BF01418820932174
:20C8400092225C072B42D50E761F02BB7E439744964593249A007648C4948F00AEF4764951
:20C850009F027648B353761F02BA56BF011F6F1A761F02BA56BF01418823932492255C0730
:20C860002B42D510761F02BB7E439744964593249A007648C4948F00AEF476499F026F0234
:20C870000A469246520260067648DA77520060020A469246520360047648CA1D6F035203B6
:20C8800066030A466F89FE880006FE0A761F02C6920096422B432B442B452B462B4756BF47
:20C89000014876491F525201691F56BF014876491F525205610576491F525202601F761F51
:20C8A00002C69200520661035207600456BF01446F157648F59E5200600456BF02446F0EE8
:20C8B00056BF03446F0B761F02C692005204610552036103520560022B4856BF01419241D8
:20C8C000520CFFE7010958418F00A1F492945201FFE000FD924760039241964792485201DF
:20C8D000FFE000F576491F525201696628AC002D76C0A2073041560100A7761F02BA92C729
:20C8E0009600304176C0A216560100A792C79649FFCC900752056107CC49E000FFCC5202D8
:20C8F000FFE000D530418F00A204560100A492C45206610930418F00A204560100A492C4C4
:20C90000520760129244600756BF014492419643FFEF00BD9246FFE000BA56BF01469241BE
:20C910009645FFEF00B449006D1492445202670756BF024492419643FFEF00A9924652025E
:20C92000FFE700A556BF024692419645FFEF009F92445203670756BF034492419643FFEF45
:20C93000009692465203FFE7009256BF034692419645FFEF008C28AC002D8F00A20430417F
:20C94000560100A4761F02C688000EC40FA6614830418F00A204560100A492C45203600615
:20C9500056BF0342924196436F7630418F00A204560100A492C45204610930418F00A2047F
:20C96000560100A492C45205601092425204614252036140304176C0A204560100A792C738
:20C970009642924196436F3692005206603330418F00A204560100A492C4612C9242520453
:20C9800061295205612752036125304176C0A204560100A792C79642924196436F1B304130
:20C9900076C0A207560100A7761F02BA92C7960049016D10FFC890015201600C9243600A4D
:20C9A000304176C0A204560100A792C79642924196439245601B30418F00A204560100A45C
:20C9B00092C45203611130418F00A204560100A492C45204610930418F00A204560100A4F2
:20C9C00092C452056003924196450A419241520CFFE8FEFB92476105924560039247964510
:20C9D0009243611728AC000376C0948F3043560100A7761F02BA92C79620304376C094902C
:20C9E000560100A792C79621924396229A016F3492456131761F02BA88250E450FA660157A
:20C9F00028AC00038F00948F3045560100A488230EC40FA6600A30458F009490560100A46F
:20CA000088240EC40FA661159245962528AC000376C0948F3045560100A792C796233045B1
:20CA100076C09490560100A792C796249A026F049A006F029A00FE8A0006FE06761F02BB03
:20CA20009325922456BF0141761F02BA2B425C07D504761F02BB97432B44932496459A0070
:20CA30007648C4948F00AEF476499F02FE8600067648CF1E520060077648CC03520060030F
:20CA40007648CD460006FE06761F02BA42046C399206520260361A3300017649EC1776496E
:20CA50001F52520061089A01D40FD5049B647649EAEF6F079A01D40FD5049BD27649EAEFDA
:20CA600028A97FFF7649EDE6520061FB7649EC2456BF0141761F02BA2B425C079A00D50869
:20CA70002B43761F02BB2B4493242B457648C4948F00AEF476499EEA9A019B087649EE27B0
:20CA8000761F02BA43046C3C92065202601E1A33000476491F5256BF0141761F02BA2B4256
:20CA90005C079A00D5072B43761F02BB2B4493242B457648C4948F00AEF476499EEA9A012E
:20CAA0009B077649EE276F1C1A33000476491F522B41761F02BA2B425C079A00D5072B4383
:20CAB000761F02BB2B4493242B457648C4948F00AEF476499EEA9A019B077649EE27761F4A
:20CAC00002BA44046C1A92065202601756BF01415C072B42761F02BB2B439A00D50A932452
:20CAD0002B442B457648C4948F00AEF476499EEA9A019B097649EE27761F02BA47046C1AA4
:20CAE00092065202601756BF01415C072B42761F02BB2B439A00D50D93242B442B4576481C
:20CAF000C4948F00AEF476499EEA9A019B0C7649EE27761F02BA46046C399206520260367E
:20CB00001A3300027649EC1776491F52520061089A01D40FD5049B647649EAEF6F079A011A
:20CB1000D40FD5049BB47649EAEF28A97FFF7649EDE6520061FB7649EC2456BF0141761F18
:20CB200002BA2B425C079A00D50B2B43761F02BB2B4493242B457648C4948F00AEF4764993
:20CB30009EEA9A019B0D7649EE27761F02BA4B046C1C92065202601956BF01415C072B4292
:20CB4000761F02BB2B439A00D50E93242B442B457648C4948F00AEF476499F027648B35397
:20CB5000761F02BA56BF011F48046C3A9206520260377649EC1776491F52520061089A0182
:20CB6000D40FD5049B667649EAEF6F079A01D40FD5049B967649EAEF28A97FFF7649EDE6E9
:20CB7000520061FB7649EC24761F02C656BF014192002B42761F02BAD50696435C07761F78
:20CB800002BB2B449A0093242B457648C4948F00AEF476499F029A019B0A7649EE27761F58
:20CB900002BA49046C1A92065202601756BF01415C072B42761F02BB2B439A00D505932481
:20CBA0002B442B457648C4948F00AEF476499F029A019B0B7649EE27761F02BA45046C34A0
:20CBB0009206520260187649978456BF0141761F02BA2B425C07D509761F02BB96432B4437
:20CBC0009A0093242B457648C4949A019B017649EE276F16764997842B41761F02BA2B42EA
:20CBD0005C07D509761F02BB96432B449A0093242B457648C4949A019B017649EE278F00F9
:20CBE000AEF476499F02761F02BA4C046C1576491F52520061119A48764997B79A017649D4
:20CBF0006FAB761F02BA1A0300489A019B017649EE277648B353761F02BA4D046C037648B7
:20CC0000DBE0FE860006FE062B422B432B442B45761F02BB2B18761F02C6920052036112C5
:20CC1000520461105205610E5206600976491F5252016905761F02BB48236C049A00FFEF10
:20CC20000125761F02BB2B1A2B41761F02BA92325441FFE900B858418F00A1F4929452014B
:20CC3000FFE000AA28AC002D76C0A2073041560100A792C79600304176C0A216560100A7C0
:20CC4000761F02BC92C7961B8F00A2043041560100A4761F02C688000EC40FA66117920060
:20CC50005204600930418F00A204560100A492C45205610C92005205602A30418F00A20431
:20CC6000560100A492C452046022761F02BA47006D034D006C0A761F02BCCC1BE000FFCCDB
:20CC70002DA99A01FF669844761F02BA47006D07CC002000FFCC520160020A42CC008000E2
:20CC8000FFCE52016004761F02BB0A1892416117761F02BA49006C1328AC002D8F00A20402
:20CC90003041560100A492C45202610830418F00A204560100A492C460020A4528AC002D5C
:20CCA0008F00A2043041560100A492C45203611130418F00A204560100A492C452046109FF
:20CCB00030418F00A204560100A492C452056007761F02BA47006C0356BF0143761F02C6F2
:20CCC00092005203600930418F00A204560100A492C45204610C92005204600D30418F00F5
:20CCD000A204560100A492C452036005761F02BB56BF011A0A41761F02BA92325441FFE637
:20CCE000FF4C9245600792426105761F02BB0A1F6F04761F02BB2B1F921A61030A196F0243
:20CCF0002B199219523269072B190A1B9A049B037649EE2776491F525201692D761F02BB5D
:20CD000048236D0D2B0F2B1F924361079A049B097649EE279A016F399A006F379242611788
:20CD10009244521C6103526060120A0F1B0F02BC6604921F521465092B0F2B1F9A049B0882
:20CD20007649EE279A016F219A006F1F2B0F2B1F9A006F1B92426114761F02BB0A0F1B0F46
:20CD300002BC6604921F521465092B0F2B1F9A049B087649EE279A016F089A006F06761FE7
:20CD400002BB2B0F2B1F9A00FE860006FE082B462B47761F02BB2B127648D1CD761F02BA49
:20CD500092065202FFE001CA7648B3A89A007649EDE6761F02BA96047648BDAF761F02BA82
:20CD600092065202FFE001BA7648CA43761F02BA40046CE54C0AFFEC016E2B469247520A26
:20CD7000FFE700E9761F02BB9211FFE0009F761F02B99231761F02B99324761F02B99E0851
:20CD8000761F02B93CA89724761F02B99232761F02B99E08761F02B939A99724761F02B95D
:20CD90009233761F02B99325761F02B99E08761F02B93CA897259225761F02B93836761FC6
:20CDA00002B99625CD26FFFE761F02B9923C9001761F02B9CAA89626CD26FFFD761F02B9A1
:20CDB000923B9001761F02B9FF80CAA89626CD26FFFB761F02B992389001761F02B9FF81A0
:20CDC000CAA89626CD26FFF7761F02B9923A9001761F02B9FF82CAA89626CD26FFEF761F1A
:20CDD00002B992399001761F02B9FF83CAA89626CD26FE1F761F02B99230900F761F02B91B
:20CDE000FF84CAA89626CC2607FF88A9761F02B956030B37761F02B9CAA69626761F02B9A2
:20CDF0009234761F02B99627761F02B99235761F02B99628761F02B9933D9D32761F02B9EC
:20CE000018A803FFCC29FC00CBA99729CC2903FF88A9761F02B956030A3E761F02B9CAA652
:20CE1000962956BF09476F469212611092475203670792125201600956BF03476F069212A0
:20CE20005202600356BF0A472B12924752036717921156BF0141761F02BA5C072B42761F3C
:20CE300002BBD517964393242B449A002B457648C4948F00AEF476499EF76F1C5206671734
:20CE4000921156BF0141761F02BA5C072B42761F02BBD518964393242B449A002B457648B1
:20CE5000C4948F00AEF476499EF76F04520AFFE800C59247520A605F761F02B99227761FD8
:20CE600002BB930800C9F06E761F02B996279228761F02BB930800C9F06E761F02B996284A
:20CE70009224761F02B9962A761F02B99225761F02B9962B761F02B99226761F02B9962CAA
:20CE8000761F02B99227761F02B9962D761F02B99228761F02B9962ECD2FFC00761F02B910
:20CE9000CC2903FF761F02B9CAA8962FCD2F03FF761F02B9CC29FC00FFC9761F02B9FF8925
:20CEA000CAA8962F56BF01412B42D515882A932D922E761F02BA5C077E43761F02BB9744B9
:20CEB000964593249A007648C4948F00AEF476499EF76F1D520A681B761F02B956BF014189
:20CEC000882B932C922F2B42761F02BA5C07D5167E43761F02BB9744964593249A0076483B
:20CED000C4948F00AEF476499EF76F470A47FFEFFE77761F02B92B2A2B2B2B2C2B2D2B2EF8
:20CEE000182FFC00182F03FF0A4692465205601A882A932D922E56BF0141761F02BA2B4266
:20CEF0005C07D515761F02BB7E439744964593249A007648C4948F00AEF476499EF7FFEF32
:20CF0000FE4F5208FFE0FE4C882B932C922F56BF0141761F02BA2B425C07D516761F02BB59
:20CF10007E439744964593249A007648C4948F00AEF476499EF76F01FE880006FE062B442F
:20CF20002B4502001E421A410100761F02BA2B262B27761F02C4922F761F02BA96282B2A4F
:20CF30002B2B2B2C2B362B372B382B392B3A2B3B2B0A2B0D761F02BB2B112B08761F021FFB
:20CF40002B1E761F021F2B1F761F021F2B1B761F02BB2B0D2B0C02001E262B132B151E2ABF
:20CF50002B1C2B1D2B43761F02BA92325443FFE9018858438F00A1F492945201FFE0013F50
:20CF6000761F02BB0A0828AC002D76C0A2073043560100A7761F02BA92C7960090035202D5
:20CF7000600856BF0226CC0DFFF35008960D6F0E920090035201600A92265202610756BF4E
:20CF80000126CC0DFFF35004960DCC00000CFFC15202600856BF022ACC0DFFFC5002960D4A
:20CF90006F0FCC00000CFFC15201600A922A5202610756BF012ACC0DFFFC5001960D4C00E2
:20CFA0006C0356BF012C46006C05761F02BB56BF010D761F02BA4A006C0556BF01271A0D24
:20CFB0000010761F02C40E2F761F02BA88280FA6600B922861054B006D072B286F054B00A7
:20CFC0006C0356BF012845006C0556BF012B1A0D0040304376C0A215560100A792C7960CED
:20CFD000761F02BB903F54136908761F02BA920C761F02BB903F961392437648DAFD58438A
:20CFE0008F00A1F42D43A3429294FF6688A9A9A991FF18AB000018AAFF00AFA691FFCAAB3C
:20CFF000CBAA1E4228AC002D76C0A2163043560100A7761F02BC92C7961BFFCC9007615A72
:20D00000CC1BE0009B018841FFCC9CFF2DA9FF6792A6FFC8903FCBA9913FFF98CCA681FFA7
:20D01000CBA99741761F02BACC000200FFC85201602428AC002D8F00A2043043560100A453
:20D0200092C45206611A30438F00A204560100A492C4611330438F00A204560100A492C461
:20D030005207610B761F02BCCC1BE0009B01FFCC9CFF2DA9FF67994428AC002D8F00A205AF
:20D040003043560100A41BC40384660930438F00A206560100A41BC40384690C761F02BABC
:20D05000CC004000FFCD761F02BB2DA99A01FF66981528AC002D8F00A2043043560100A46F
:20D0600092C45202611A30438F00A204560100A492C45206611230438F00A204560100A424
:20D0700092C4610B30438F00A204560100A492C45207610356BF014530438F00A2045601CE
:20D0800000A492C45207611130438F00A204560100A492C45206610930438F00A204560111
:20D0900000A492C4520260058F00AFEC2B946F098F00AFEC56BF01946F048F00AFEC2B943C
:20D0A00028AC002D76C0A2163043560100A792C796467648F6085204602C7648F5CD520962
:20D0B00060287648F60828AC002D8F00A20488A93243A9A9560100A480C406A60FA76019D4
:20D0C00076491F520EA91EA6CC46E000FFCC80A906A60FA7600E28AC002D8F00A21030433A
:20D0D000560100A4761F02BB0EC45601002A0A1C0A43761F02BA92325443FFE6FE7C761F8D
:20D0E00002BB921C6109881CA32A0200F61F561700A63F1D6F0E28AC002D761F02BA76C05F
:20D0F000A2103007560100A7761F02BB92C7961DCC417E00FFC8900E6136CC417E00FFC802
:20D1000090316111761F02C692005206610C9A4B764997B79A0176496FCF9A049B057649A1
:20D11000EE276F22CC417E00FFC8520E60049244520E61059A049B047649EE27CC417E000B
:20D12000FFC8520E610B761F02BB0A209220520A650B2B2056BF01176F07761F02BB2B20D7
:20D130002B176F022B17CC417E00FFC840A96C22CC417E00FFC8903E6111761F02C69200A0
:20D140005206610C9A4B764997B79A0176496FCF9A049B057649EE276F0DCC417E00FFC8A0
:20D15000520161089245520160059A049B047649EE279244520E6103520160041A410100B6
:20D160006F031841FEFF761F02BB92155203601776498FB952016013761F02BB0A1692163B
:20D17000520F69102B169A49764997B79A0176496FB79A049B057649EE276F04761F02BB3D
:20D180002B160642761F02BB1E2292449614761F02C40E2F761F02BA88280FA6610E92297C
:20D1900060059228761F02C4962F761F02BA1A0D020056BF01296F022B29CD0DFEFF761F56
:20D1A00002C4922F9001761F02BAFF87CAA8960D883A761F02BB0E080FA66007761F02BAD4
:20D1B0001A0D008056BF01397649C394520261057649C394520C600F761F02BACC0A0FF090
:20D1C00028AC3A98FFC3761F02BB30A91E260F2869021E289A00FE860006FE067649219BED
:20D1D000761F02D79E0496461BA901906504284601906F04520063022B4692469B0A00C9B5
:20D1E000F009761F02BA56030AA9CD0D03FFCAA8960D56BF01412B425C07920A930DD50FA1
:20D1F0009743761F02BB964493249A002B457648C4948F00AEF476499EF7761F02BB56BF56
:20D200000141932392222B42761F02BAD51197435C07761F02BB964493249A002B457648D6
:20D21000C4948F00AEF476499EF7FE860006FE082B472B482B469246520CFFE700F528AC56
:20D22000002D58468F00A1F492945201FFE000E730468F00A216560100A440C46C0556BF7E
:20D230000247FFEF00E130468F00A217560100A488C4761F02880E170FA6601730468F004C
:20D24000A216560100A4CCC41FFF88A9CC161FFF0EA90FA6600A30468F00A218560100A4AC
:20D2500088C40E180FA6610556BF0148FFEF00BC30468F00A219560100A488C40E190FA646
:20D26000601330468F00A21A560100A488C40E1A0FA6600A30468F00A21B560100A488C4E3
:20D270000E1B0FA6610556BF0248FFEF009D30468F00A21C560100A488C40E1C0FA6601314
:20D2800030468F00A21D560100A488C40E1D0FA6600A30468F00A21E560100A488C40E1E01
:20D290000FA6610456BF03486F7E30468F00A21F560100A488C40E1F0FA6601330468F00B0
:20D2A000A220560100A488C40E200FA6600A30468F00A221560100A488C40E210FA66104C0
:20D2B00056BF04486F6030468F00A222560100A488C40E220FA6601330468F00A2235601A5
:20D2C00000A488C40E230FA6600A30468F00A224560100A488C40E240FA6610456BF05484E
:20D2D0006F4230468F00A225560100A488C40E250FA6601330468F00A226560100A488C40B
:20D2E0000E260FA6600A30468F00A227560100A488C40E270FA6610456BF06486F2430460B
:20D2F0008F00A228560100A488C40E280FA6601330468F00A229560100A488C40E290FA61D
:20D30000600A30468F00A22A560100A488C40E2A0FA6610456BF07486F060A469246520CDA
:20D31000FFE8FF1192476123761F02BA2B319246612528AC002D8F00A2163046560100A4E5
:20D32000761F02BCCCC4FFFE961B76C0A2173046560100A792C7961C304676C0A218560131
:20D3300000A792C7961D7648D48D6F08924861032B466F049A00FFEF0150761F02BA9206B0
:20D34000520261049A00FFEF01489A007649EDE6761F02BA96047648BDAF761F02BA920619
:20D35000520261049A00FFEF01387648CA43761F02BA40046CE3FFEF011756BF014128AC63
:20D36000002D76C0A2162B423046560100A792C7964376C0A2173046560100A75C0792C760
:20D37000964476C0A2183046560100A7761F02BBD51B932492C796459A007648C4948F00F3
:20D38000AEF476499F02FFEF010656BF014128AC002D76C0A2192B423046560100A792C713
:20D39000964376C0A21A3046560100A75C0792C7964476C0A21B3046560100A7761F02BBEF
:20D3A000D51C932492C796459A007648C4948F00AEF476499F02FFEF00DE56BF014128AC59
:20D3B000002D76C0A21C2B423046560100A792C7964376C0A21D3046560100A75C0792C704
:20D3C000964476C0A21E3046560100A7761F02BBD51D932492C796459A007648C4948F009B
:20D3D000AEF476499F02FFEF00B656BF014128AC002D76C0A21F2B423046560100A792C70E
:20D3E000964376C0A2203046560100A75C0792C7964476C0A2213046560100A7761F02BB93
:20D3F000D51E932492C796459A007648C4948F00AEF476499F02FFEF008E56BF014128AC57
:20D40000002D76C0A2222B423046560100A792C7964376C0A2233046560100A75C0792C7A7
:20D41000964476C0A2243046560100A7761F02BBD51F932492C796459A007648C4948F0042
:20D42000AEF476499F026F6656BF014128AC002D76C0A2252B423046560100A792C79643AD
:20D4300076C0A2263046560100A75C0792C7964476C0A2273046560100A7761F02BBD5201A
:20D44000932492C796459A007648C4948F00AEF476499F026F3F56BF014128AC002D76C064
:20D45000A2282B423046560100A792C7964376C0A2293046560100A75C0792C7964476C09E
:20D46000A22A3046560100A7761F02BBD521932492C796459A007648C4948F00AEF4764999
:20D470009F026F1892485204620E5204FFE1FF5F5201FFE1FEE45202FFE1FF095203FFE1BA
:20D48000FF2E6F085205FFE1FF7A5206619E520761C39A016F01FE880006B2BDFE022B41F2
:20D4900056BF3242764921B1761F02BC0EA91EA6CC1B0006FFC080A906A60FA76119CC1BFC
:20D4A0000006FFC0764921AA7649AB3C764987F9764921B15200600628A90384764926C5ED
:20D4B0006F0528A906A4764926C556BF0141764921BC761F02BC0EA91EA6CC1B0018FFC242
:20D4C00080A906A60FA76108CC1B0018FFC2764921B556BF01417649219F761F02BC0EA923
:20D4D0001EA6CC1B0100FFC780A906A60FA76115CC1B0100FFC7764921A3761F02BC481BE2
:20D4E0006D0628A94E207649B5666F0528A9411A7649B56656BF01417649261C761F02BC7B
:20D4F0000EA91EA6CC1B0200FFC880A906A60FA76108CC1B0200FFC87649261556BF0141FC
:20D50000764921FE761F02BC0EA91EA6CC1B0800FFCA80A906A60FA76108CC1B0800FFCAFB
:20D51000764921F756BF0141764921F3761F02BC0EA91EA6CC1B1000FFCB80A906A60FA7E0
:20D520006108CC1B1000FFCB764921EC56BF014176492050761F02BC0EA91EA6CC1B00E0DA
:20D53000FFC480A906A60FA76118CC1B00E0FFC4764920497649CEB79642764920505200C5
:20D5400060059A0376491FA36F049A0276491FA376486AF456BF01417649CEB75202600449
:20D5500056BFFA426F067649CEB72DA93578964276491FD6761F02BC9E420EA91EA6CC1C0C
:20D56000FF00FFC780A906A60FA7610BCC1CFF00FFC7944276491FCF76486AF456BF01414C
:20D5700076491FED761F02BC9E420EA91EA6921C90FF80A906A60FA7610A921C90FF9442DC
:20D5800076491FE576486AF456BF014176491F5D761F02BC0EA91EA6921D900180A906A637
:20D590000FA76107CC1D000176491F5656BF01417649221F761F02BC0EA91EA6CC1D00022F
:20D5A000FFC080A906A60FA76108CC1D0002FFC07649221856BF0141764922DA761F02BCB0
:20D5B0000EA91EA6CC1D0004FFC180A906A60FA76108CC1D0004FFC1764922D356BF014187
:20D5C000764922E5761F02BC0EA91EA6CC1D0008FFC280A906A60FA76108CC1D0008FFC25F
:20D5D000764922DE56BF014176492282761F02BC0EA91EA6CC1D0010FFC380A906A60FA7AE
:20D5E0006108CC1D0010FFC37649227B56BF0141764920F5761F02BC0EA91EA6CC1D0020A9
:20D5F000FFC480A906A60FA76108CC1D0020FFC4764920EE56BF014176492298761F02BCA8
:20D600000EA91EA6CC1D0040FFC580A906A60FA76108CC1D0040FFC57649229156BF0141F8
:20D6100076492100761F02BC0EA91EA6CC1D0080FFC680A906A60FA76108CC1D0080FFC6FC
:20D62000764920F956BF01417649222A761F02BC0EA91EA6CC1D0100FFC780A906A60FA7A7
:20D630006108CC1D0100FFC77649222356BF014176492261761F02BC0EA91EA6CC1D02006B
:20D64000FFC880A906A60FA76108CC1D0200FFC87649225A56BF01417649218F761F02BC09
:20D650000EA91EA6CC1D0400FFC980A906A60FA76108CC1D0400FFC97649218856BF014122
:20D66000764926B6761F02BC0EA91EA6CC1D0800FFCA80A906A60FA76108CC1D0800FFCAD9
:20D67000764926AF56BF01417649209D761F02BC0EA91EA6CC1D1000FFCB80A906A60FA717
:20D680006108CC1D1000FFCB7649209656BF01417649216E761F02BC0EA91EA6CC1D20006D
:20D69000FFCC80A906A60FA76108CC1D2000FFCC7649216756BF01417649205B761F02BCBC
:20D6A0000EA91EA6CC1D4000FFCD80A906A60FA76108CC1D4000FFCD7649205456BF014187
:20D6B000764926AB761F02BC0EA91EA6CC1D8000FFCE80A906A60FA76108CC1D8000FFCE9C
:20D6C000764926A456BF0141764922825200610F7649221F5200600B76492277520061225B
:20D6D0009A007649227056BF01416F1C764922825200600F7649221F5200610B7649227733
:20D6E000520161109A017649227056BF01416F0A76492277520261069A027649227056BF95
:20D6F000014176491FD659A976491FED93A155A9670976491FED76491FCF76486AF456BF0C
:20D70000014192415201600A9A069B037649EE272B41761F02D056BF0102FE828BBE00066B
:20D71000FE022B4128420190764922C4761F02BC0EA91EA6921E907F80A906A60FA761076D
:20D72000CC1E007F764922BD56BF0141764922CF761F02BC0EA91EA6CC1E3F80FFC680A976
:20D7300006A60FA76108CC1E3F80FFC6764922C856BF0141764926A0761F02BC0EA91EA64D
:20D74000CC1E4000FFCD80A906A60FA76108CC1E4000FFCD7649269956BF0141764922AE85
:20D75000761F02BC9E420EA91EA6921F90FF80A906A60FA76108921F90FF9442764922A739
:20D7600056BF0141764922B9761F02BC9E420EA91EA6CC1FFF00FFC780A906A60FA7610965
:20D77000CC1FFF00FFC79442764922B256BF0141764922A3BE640EA9F60F1FA60EA91EA687
:20D78000761F02BCCC2001FF80A906A60FA76109CC2001FF2DA935647649229C56BF014126
:20D790007649212C761F02BC0EA91EA6CC20FE00FFC880A906A60FA76108CC20FE00FFC849
:20D7A0007649212556BF014192415201600A9A069B037649EE272B41761F02D056BF010280
:20D7B000FE820006FE022B412842019076492137761F02BC0EA91EA69221907F80A906A6F0
:20D7C0000FA76107CC21007F7649213056BF01417649210B761F02BC0EA91EA69221FFC627
:20D7D00018A901FF80A906A60FA761099221FFC6CCA901FF7649210456BF01417649215823
:20D7E000761F02BC9E420EA91EA6922290FF80A906A60FA76108922290FF944276492151FA
:20D7F00056BF014176492163761F02BC9E420EA91EA6CC22FF00FFC780A906A60FA7610929
:20D80000CC22FF00FFC794427649215C56BF01417649202F0EA91EA6761F02BCCC2301FF21
:20D8100080A906A60FA76107CC2301FF7649202856BF014176492116761F02BC0EA91EA6F4
:20D82000CC23FE00FFC880A906A60FA76108CC23FE00FFC87649210F56BF01419241520120
:20D83000600A9A069B037649EE272B41761F02D056BF0102FE820006FE022B412842019084
:20D8400076492121761F02BC0EA91EA69224907F80A906A60FA76107CC24007F7649211AD8
:20D8500056BF014176492142761F02BC9E420EA91EA6CC247F80FFC680A906A60FA76109E8
:20D86000CC247F80FFC694427649213B56BF01417649214D761F02BC9E420EA91EA692251A
:20D8700090FF80A906A60FA76108922590FF94427649214656BF014176491FB5761F02BC96
:20D880009E420EA91EA6CC25FF00FFC780A906A60FA76109CC25FF00FFC7944276491FAE6A
:20D8900056BF014176492003761F02BC9E420EA91EA6922690FF80A906A60FA7610892269E
:20D8A00090FF944276491FFC56BF0141764920C9761F02BC9E420EA91EA6CC26FF00FFC7C5
:20D8B00080A906A60FA76109CC26FF00FFC79442764920C256BF014192415201600A9A06AE
:20D8C0009B037649EE272B41761F02D056BF0102FE820006FE022B41764920EA761F02BCDD
:20D8D0000EA91EA69227907F80A906A60FA76107CC27007F764920E356BF0141764920DFB9
:20D8E000761F02BC0EA91EA6CC273F80FFC680A906A60FA76108CC273F80FFC6764920D8C1
:20D8F00056BF014176492184761F02BC0EA91EA6CC274000FFCD80A906A60FA76108CC27A9
:20D900004000FFCD7649217D56BF014176492179761F02BC0EA91EA6CC278000FFCE80A9B7
:20D9100006A60FA76108CC278000FFCE7649217256BF0141764920D4761F02BC0EA91EA6C2
:20D920009228907F80A906A60FA76107CC28007F764920CD56BF014176492019761F02BC6A
:20D930000EA91EA69228FFC618A901FF80A906A60FA761099228FFC6CCA901FF7649201242
:20D9400056BF0141764921DDBE0A761F02BC0EA9F60F1FA60EA91EA69229907F80A906A6FD
:20D950000FA761099229907F2DA9350A764921D656BF0141764926C1BE0A761F02BC0EA933
:20D96000F60F1FA60EA91EA69229FFC618A901FF80A906A60FA7610B9229FFC62DA918AC10
:20D9700001FF350A764926BA56BF014192415201600A9A069B037649EE272B41761F02D0ED
:20D9800056BF0102FE820006FE022B41764926CCBE0A761F02BC0EA9F60F1FA60EA91EA6B5
:20D99000922A90FF80A906A60FA76109922A90FF2DA9350A764926C556BF014176492235C0
:20D9A000BE64761F02BC0EA9F60F1FA60EA91EA6CC2AFF00FFC780A906A60FA7610ACC2A4F
:20D9B000FF00FFC72DA935647649222E56BF01417649200E0EA91EA6761F02BCCC2B01FF0B
:20D9C00080A906A60FA76107CC2B01FF7649200756BF01417649219B9B6400C9F009761F4F
:20D9D00002BCCD2BFE00FFD855A9610ACC2BFE00FFC82DA935647649219356BF014176498F
:20D9E000228DBE640EA9F60F1FA60EA91EA6761F02BCCC2C03FF80A906A60FA76109CC2C20
:20D9F00003FF2DA935647649228656BF0141764920B3761F02BC0EA91EA6CC2CFC00FFC9CC
:20DA000080A906A60FA76108CC2CFC00FFC9764920AC56BF014192415201600A9A069B03A6
:20DA10007649EE272B41761F02D056BF0102FE820006FE022B417649206608A9FE20761F9C
:20DA200002BC0EA91EA6922D907F80A906A60FA76109922D907F08A901E07649205F56BF37
:20DA3000014176492087761F02BC0EA91EA6CC2D3F80FFC680A906A60FA76108CC2D3F8037
:20DA4000FFC67649208056BF0141764920710EA91EA6761F02BCCC2E03FF80A906A60FA7A6
:20DA50006107CC2E03FF7649206A56BF0141764920A80EA91EA6761F02BCCC2F7FFF80A9BB
:20DA600006A60FA76107CC2F7FFF764920A156BF014192415201600A9A069B037649EE27EA
:20DA70002B41761F02D056BF0102FE820006FE02761F02C692005203610F5204610D520556
:20DA8000610B520061075206610576491F52520166039A006F7056BF01419241520C676AE4
:20DA900058418F00A1F4929452016060761F02C692005203601F28AC002D8F00A204304116
:20DAA000560100A492C45204610930418F00A204560100A492C452056049761F02BA423398
:20DAB0006D079A049B037649EE279A016F449A006F42520461035205601928AC002D8F001F
:20DAC000A2043041560100A492C45203602F761F02BA40336D0941336D079A049B067649DA
:20DAD000EE279A016F289A006F2628AC002D8F00A2043041560100A492C45204611130418F
:20DAE0008F00A204560100A492C45205610930418F00A204560100A492C4520360079A048E
:20DAF0009B047649EE279A016F060A419241520C68989A00FE8200060006FE18965628AC1B
:20DB0000002D76C0A20F3056560100A7761F02BA92C7960990015201600656BF01380A3A48
:20DB10001A0A0001CC090002FFC05201600556BF01371A0A0004CC090004FFC152016005BC
:20DB200056BF013B1A0A00089209761F021FFFC2CCA901FF721E76C0A21E3056560100A7D7
:20DB300092C7964D305676C0A21C560100A792C7964F305676C0A226560100A792C796452D
:20DB4000761F02BA9209900152016005CC4501FF96576F16761F02E2921F52016007924F48
:20DB5000FFC618A901FF96576F04CC4D01FF9657CC4501FF54576704CC4501FF96579257BB
:20DB6000761F021F721F761F02BACC096000FFCC52036108761F021F921B52036103520DD4
:20DB70006006761F021F56BF031B6F28761F02BACC096000FFCC52026108761F021F921B3E
:20DB800052026103520C6006761F021F56BF021B6F15761F02BACC096000FFCC5201610890
:20DB9000761F021F921B52016103520B6006761F021F56BF011B6F022B1B081B000A76490E
:20DBA000C3949B0A00C9F073761F02BA9003CD0A9FFFFF8CCAA8960ACC096000FFCC5202F3
:20DBB000601928AC002D8F00A2143056560100A4CC0A0FF0FFC354C4670D30568F00A21427
:20DBC000560100A4CD0AF00F92C490FFFF83CAA8960A4F096C05761F02BB56BF010C761F29
:20DBD00002BA4C0A6D0CCC091000FFCB520160071A0A10009256761F02BB9611FE98000690
:20DBE000E20304BDFE082B467649219B761F02D79E0496471BA901906504284701906F046F
:20DBF000520063022B4792479B0A00C9F00996477649B4870EA9BDA90F227649BF02E8021D
:20DC00001B11E809EB89E68B0022E700000877007700E27400807700770077007700E68CDF
:20DC100000007700E2130046761F02BA924793023CA8970276491F52761F02BA900FCD0217
:20DC2000F0FFFF87CAA89602761F02BB9218600576498FC552006109761F02BA1A021000B8
:20DC30009A01764990806F08761F02BA1802EFFF9A0076499080761F02E0923B764966B90F
:20DC4000761F02BA9206520260317649642556BF0141761F02BA2B42930288465C07D519E5
:20DC5000761F02BB7E439744932496459A007648C494761F02D756BF01037648F6085203EC
:20DC600061057648F6085204602476498FB952026020761F02BA4C026C059A017649906C67
:20DC70006F189A007649906C6F14764964252B41761F02BA2B42930288465C07D519761F7A
:20DC800002BB7E439744932496459A007648C4948F00AEF476499EEA76496425764966689C
:20DC900092467649667CFE88E2AF04BE00063B10FF697649BF02E801F661E84FC000E80EBC
:20DCA0006669E70000087700E68C000077007700BFA90F127649667229109A049B0DFF69C8
:20DCB0007649EE270006761F02BB921D0006FE029A007649EDE6964140416CFB7648EFBA21
:20DCC000761F02C72B03761F02C692005202610852036106520461045205FFE0016576493A
:20DCD0001F525201691376491F5252016915761F02BBCC237E00FFC8903052306107CC23D4
:20DCE0007E00FFC8900E520E60077648EF21761F02C7962D6F05761F02C756BF022D761FE0
:20DCF00002E2CC000200FFC852016005761F02C756BF022D761F02C70E2D761F02C68800C3
:20DD00000FA6FFE100F8761F02C7922D520260227648F59E52006109761F02BB48236D113B
:20DD100076491F525201690D761F02C6920052036103520460069A019B097649EE276F050F
:20DD20009A049B047649EE27761F02C72B3CFFEF01DF5206600B9A019B017649EE27761FDC
:20DD300002C72B332B3CFFEF01D352036033761F02C692005202600E7648F5E1520461247B
:20DD40007648F5E1520561209A019B077649EE276F1B5204610352056013761F02C71B01BE
:20DD50000BB867097649AF9B52016105761F02BA922A610A9A049B037649EE276F059A0424
:20DD60009B037649EE27761F02C72B332B3CFFEF019F764921E8761F02C72DA93532963453
:20DD7000543C69260A3C7648839D52006106761F02C79234963C6F1C761F026F9217520114
:20DD80006006761F02C79234963C6F12761F02C79234540266042B02963C6F0A761F02C6ED
:20DD9000920052026005761F02C79234963C761F02C6920052036037761F02C79200604FB8
:20DDA000761F02C6923F52016006761F02C79234543C69217648F59E5200611D7649CED6BA
:20DDB00052016119761F02BA92266015761F0262922552016110761F02BA922B5201610BC7
:20DDC000761F02C6923F5201602A761F02BD922652016025761F02C72B3C9A049B02764995
:20DDD000EE276F1D5204611B52056119761F02C79234543C66142B3C761F02C69200520217
:20DDE000600A7648F5E15203610A9A019B087649EE276F059A049B027649EE27761F02C772
:20DDF0002B339233962E923C96309234962FFFEF010F92005202602F7648711D5200602775
:20DE00007649AF4F52C8672376498F4452C8671F761F02C4920B601B761F02C4922B60176D
:20DE1000761F02C6423B6D13761F01FC920990015201600D761F02C70A331B332328690E6F
:20DE20002B339A019B0C7649EE276F08761F02C72B336F04761F02C72B33761F02C72B3C47
:20DE3000FFEF00D65206FFE000D3423B6D5F761F01FC92099001520160599A007648F93868
:20DE40009A007648F9429A007648F94C9A007648F9569A007648F986761F02C62B342B35F8
:20DE50009A00764870D37648711D520060227649AF4F52C8671E76498F4452C8671A761FD9
:20DE600002C4920B6016761F02C4922B6012761F02C70A331B330BB8695C2B339A00764917
:20DE700097B7764966C39A019B0C7649EE276F51764997845235614D764997845229614978
:20DE800076499784520E61457648F5E552016041761F02C72B339A00764997B7764966C3CB
:20DE90009A019B097649EE276F34761F02C6921E5201602C7648F5E5520160289A00764904
:20DEA00097B7764966C3764870EB5201601B9A007648F9389A007648F9429A007648F94C8C
:20DEB0009A007648F9569A007648F9869A00764870E102001901764997AB761F02C62B3452
:20DEC0002B359A019B097649EE27761F02C72B337649CEBB520160387648711D52006034AE
:20DED0007649AF4F52C8673076498F4452C8672C761F02C4920B6028761F02C4922B602469
:20DEE000761F02C6423B6D20764997845229610F7648F5E5520160189A00764997B776492D
:20DEF00066C39A019B0C7649EE276F0E7648F5ED5201600A9A00764997B7764966C39A01CF
:20DF00009B0C7649EE27761F02C72B3C761F02C692005204610352056017761F02E2921F20
:20DF10006005761F01FC4F096C095201FFE0FDA2761F01FC4E09FFEDFD9D761F02C756BF7A
:20DF20000103FFEFFD975203602A7648F59E52006119761F01FC4010FFEDFD8C761F02BAB7
:20DF3000CC010010FFC35201FFE0FD847649B4935201FFE0FD7F761F02C756BF0103FFEF66
:20DF4000FD79761F01FC921090015201FFE0FD729A019B0B7649EE27FFEFFD6C7648F59E28
:20DF50005200FFE0FD67761F01FC921090015201FFE0FD609A019B0B7649EE27FFEFFD5A6E
:20DF6000761F02C62B009A007648F6849A007648F61F9A007648F6417648F60C761F01FCF9
:20DF70001A0D80001A14000128A9FFFE7649EDE628A9FFFE7649EDE6761F02C692006004A8
:20DF80007648DFA36FFA520160047648E9596FF5520260047648E0176FF052066004764877
:20DF9000E71F6FEB520460047648E4246FE6520360047648E1446FE1520760047648E921CB
:20DFA0006FDC2B006FDAFE022B417649B4BB8F0008FC0EA90FA4610628A9FFFE7649EDE644
:20DFB0006FF59A007649EDE6964241426C087648EE8D761F02C656BF06006F5840426CF29A
:20DFC0009A197648EE6D964152016006761F02C656BF01006F4B761F02BA922E52016011E3
:20DFD000761F01009204761F02BA722F761F01149204761F02BA7230761F02BA56BF022E4A
:20DFE0009A0D7648EE4D96415200600A7648EE8D7648EE11761F02C656BF06006F2776482C
:20DFF000E96B96415200600A7648EE8D7648EE11761F02C656BF06006F1952026005761FE6
:20E0000002C62B006F1376499780BE409B0090400FA66006761F02C656BF013C6F04761F7A
:20E0100002C62B3C56BF02006F01FE820006FE02761F02D12B249A007648F6849A007648D3
:20E02000F61F9A007648F6419A00764959069A00764959109A007649591A761F01FC1A0D3D
:20E0300080001A1400011A1400021A0D400076491F525200612E761F01FC4F096C2A9A005F
:20E04000D40FD5019B647649EAEF28A97FFF7649EDE6520061FB9A00D40FD5019B647649D0
:20E05000EAEF28A97FFF7649EDE6520061FB9A00D40FD5019B647649EAEF28A97FFF764950
:20E06000EDE6520061FB761F01FC1A0D80006F05761F01FC1A0D80009A057648F8E79A055E
:20E070007648F8F1761F02C62B3E761F02C72B002B05761F02BA1801FFEF9A057648EE4D7A
:20E0800096415200600B7648EE8D7648EE11761F02C656BF0600FFEF00B69A007649EDE6AE
:20E09000964241426C0B7648EE8D7648EE11761F02C656BF0600FFEF00A649426C05761F0B
:20E0A00002C656BF020048426C69761F02C756BF0126761F027E2B23761F027F2B00761F4F
:20E0B00002C656BF043E761F02E2921F60049A047648F8E7761F02E2921F520160049A04E9
:20E0C0007648F8F156BF014192416006761F02C656BF06006F7752026006761F02C656BF7F
:20E0D00002006F707648EB47964152006006761F02C656BF06006F6652026006761F02C66C
:20E0E00056BF02006F5F761F02C72B267649A3463B0185A9FF5652FA62093B10FF697649FC
:20E0F000A346761F027E96232910FF697649A3623B0185A9FF5652FA62093B10FF6976490C
:20E10000A362761F027F96002910761F02C72B05761F02C656BF04006F3547426C27761FBC
:20E1100002C656BF033E56BF01419241600456BF06006F285202600456BF02006F23764872
:20E12000EDDB964152006006761F02C656BF06006F1952026006761F02C656BF02006F12D9
:20E13000761F02C656BF03006F0D4C426C06761F02C656BF07006F064042FFECFF50FFEF46
:20E14000FF4EFE82FF690006B2BDFE042B422B43761F02C62B3F761F01FC92109001520159
:20E15000600D761F02BA1A0100109A647649B55228A901F47649B53E6F0C761F02BA1801A5
:20E16000FFEF9A647649B55228A901F47649B53E761F02D12B24761F02C62B1B9A007648C3
:20E17000F9249A077648F684761F02AA930792A8761F02AAFFCE94A8FFA09601761F02AAC3
:20E18000930692A8761F02AAFFCE94A8FFA09602761F02812B1F761F02C7280001F476498F
:20E19000CF659A007649EDE6964141416C0B7648EE8D7648EE11761F02C656BF0600FFEFE3
:20E1A000028243416C0745416C05761F02C62B3F2B4246416C1D7648F5CD52076019764998
:20E1B000219B59A97649B48B08A1FED493A155A9670F761F02BA1A0100109A647649B55230
:20E1C00028A901F47649B53E9A007648F9244A416C5F76491F52520060227649EC17761FA1
:20E1D00002529234521C60089A01D40FD5019B557649EAEF6F079A01D40FD5019B3276490D
:20E1E000EAEF28A97FFF7649EDE6520061FB7649EC24761F01FC1A1200016F3A761F01FCEE
:20E1F00040106D36761F02BACC010010FFC35201602F7649B4935201602B761F02529234B7
:20E20000520560127649EC179A01D40FD5019B327649EAEF28A97FFF7649EDE6520061FB2B
:20E210007649EC246F117649EC179A01D40FD5019B027649EAEF28A97FFF7649EDE6520021
:20E2200061FB7649EC24761F01FC1A1200014B416C1F7649EC179A02D40FD5019B3C764930
:20E23000EAEF28A97FFF7649EDE6520061FB7649EC24761F01FC1A1400017648F59E520033
:20E240006007761F02C656BF0200FFEF01DC4841FFEC009F3B10761F02C656BF011B2910F3
:20E25000FF697649EC17761F025292345205610576491F52520060439A01D40FD5019B05FF
:20E260007649EAEF28A97FFF7649EDE6520061FB761F02E2921F600E761F01FC1A0B8000A8
:20E2700076498FB95201600C761F01FC1A0D40006F07761F01FC1A0B40001A0D80009A0021
:20E28000D40FD5019B967649EAEF28A97FFF7649EDE6520061FB9A00D40FD5019B9676492A
:20E29000EAEF28A97FFF7649EDE6520061FB9A007648F6849A007648F61F6F429A01D40F98
:20E2A000D5019B057649EAEF28A97FFF7649EDE6520061FB761F02E2921F600E761F01FC97
:20E2B0001A0B800076498FB95201600C761F01FC1A0D40006F07761F01FC1A0B40001A0D56
:20E2C00080009A00D40FD5019B967649EAEF28A97FFF7649EDE6520061FB9A00D40FD501C0
:20E2D0009B967649EAEF28A97FFF7649EDE6520061FB9A007648F6849A007648F61F7649D8
:20E2E000EC24761F02C656BF0400FFEF013C49416C1B7649EC179A04D40FD5019B007649E9
:20E2F000EAEF28A97FFF7649EDE6520061FB7649EC24761F01FC1A140001761F02C656BFA4
:20E300000200FFEF01204041FFECFE8D761F02C69201520261187649CEA32DA9020A1EA662
:20E31000761F025237350200F61F561700A69AC894AB59A97649E79793A155A968049A0254
:20E320007648F61F761F02C7920061020B007649AF9B5200610576498F8452006022761FB0
:20E3300001FC921090015201601C7649B49352016018761F02BA922A6014924252FA6703F2
:20E340000A426F13761F02BA920652026006761F02C656BF013F6F09761F02C62B3F6F05E7
:20E350002B42761F02C62B3F761F02BA44016D087648F5D5520061049A017648F9247648FB
:20E36000F5B1520160150A43924352FA69129A22764997B79A0176496DEF7648EE8D7648D0
:20E37000EE11761F02C656BF0600FFEF00AC2B43761F02AA9207761F02AA54016008761FA1
:20E3800002AA9206761F02AA540261253B10761F02AA9207761F02AA9601761F02AA920646
:20E39000761F02AA96022910761F0244920052066009761F02AA9207761F02AA9C039601DC
:20E3A0006F0A52056008761F02AA9207761F02AA9C079601FF69764926AB52006132764934
:20E3B0001F525200602E76497C4C1EA602640FA66915761F02C72B240201761F02C85601B2
:20E3C000000A8F015F90A8A90F0A672202001E0A761F02C756BF01256F1B76497C4C1EA629
:20E3D00002C80FA667150200761F02C81E0A761F02C70A249224520A680B2B242B256F0882
:20E3E0000200761F02C81E0A761F02C72B25761F02C792255201FFE0FDA60A239223523296
:20E3F00069022B239223520A67177648F5CD5207FFE1FD999A02D40FD5019B057649EAEFE9
:20E4000028A97FFF7649EDE6520061FB9A077648F684FFEFFD887648F5CD5200FFE1FD83EF
:20E410009A02D40FD5019B007649EAEF28A97FFF7649EDE6520061FB9A007648F684FFEF15
:20E42000FD72FE848BBE0006FE062B44761F024592199645761F02C62B15761F02E2921F00
:20E4300060049A047648F8E7761F02E2921F520160049A047648F8F19A007648F684761FA0
:20E4400002D156BF0124761F02C656BF011F2B202B32761F02BA1A010010761F02C72B016F
:20E45000761F02C62B33761F01FC1A0B00029A007649EDE6964341436C0D7648EE8D1843A2
:20E46000FFFD7648EE11761F02C656BF0600FFEF02B6764997802BAB28AA2000900018A8D7
:20E4700020000FAB60037648F0AE4B436C1D7649EC179A01D40FD5019B327649EAEF28A990
:20E480007FFF7649EDE6520061FB7649EC24761F01FC1A0D800076498FB952016005761F62
:20E4900001FC1A0D40004A436C6C761F02E2921F6005761F01FC4F096C0752016062761F0D
:20E4A00001FC4E096D5E7649B4935201605A761F025292345205610576491F525200601EBE
:20E4B0007649EC17761F02529234521C60089A01D40FD5019B377649EAEF6F079A01D40F53
:20E4C000D5019B787649EAEF28A97FFF7649EDE6520061FB7649EC246F1D7649EC17761F7A
:20E4D00002529234521C60089A01D40FD5019B377649EAEF6F079A01D40FD5019B787649E2
:20E4E000EAEF28A97FFF7649EDE6520061FB7649EC24761F02E2921F600E761F01FC1A0B96
:20E4F000800076498FB95201600C761F01FC1A0D40006F07761F01FC1A0B40001A0D8000B9
:20E5000043436D0745436D05761F02E29221615E43436C0345436D11761F02E2921F600394
:20E5100043436D0B5201600345436D075201604E761F02E29221614A43436C0845436C066F
:20E52000761F02C756BF01356F1F761F02E2921F600843436C06761F02C756BF02356F14ED
:20E530005201600845436C06761F02C756BF03356F0B52016009761F02E292216105761F0E
:20E5400002C756BF04357648F5CD520061079A007648F684761F02C62B3276491F5252005C
:20E55000611376491F525201690A761F02BB48236D069A049B047649EE276F089A049B034D
:20E560007649EE276F031A4300804743FFEC00C69A057648F8E79A057648F8F19A00764863
:20E57000F6849A007648F61F761F02C6CC3B0004FFC15201FFE000AE56BF01157649EC17AF
:20E5800076491F525200614776498FB952016005761F01FC1A0D4000761F01FC1A0D800060
:20E590009A00D40FD5019B3C7649EAEF28A97FFF7649EDE6520061FB761F0281923A761FA1
:20E5A00002819CEC54346409761F02819239761F02819CEC54346410761F02819A03D40F44
:20E5B000D50193397649EAEF28A97FFF7649EDE6520061FB6F41761F02819A03D40FD50164
:20E5C000933A7649EAEF28A97FFF7649EDE6520061FB6F3276498FB952016005761F01FC55
:20E5D0001A0D4000761F01FC1A0D8000761F02E2921F60097649AFD6520060127649AFD1B1
:20E5E0005200600E761F02E2921F5201601576498FA75200600576498FA25200610D9A0073
:20E5F000D40FD5019B327649EAEF28A97FFF7649EDE6520061FB7649EC249A017648F8DD61
:20E600007649219B2DA9BE0A3B0135B5C242FF4100C9EF927648F9607648F5D97649A2F534
:20E610007648F5D97649B5057648F5D97649B50F761F014102001E061E04761F0281922EDF
:20E6200061022B2E761F02C656BF0300FFEF00F756BF0200FFEF00F344436D034E436C6672
:20E630007648F59652056105761F02E2921F610A7648F59A5205615A761F02E2921F520153
:20E6400060557648F5CD52006051761F02C6921F5201604C761F02C71A360004761F02E24A
:20E65000921F6008761F01FCCC098000FFCE5201610D761F02E2921F52016035761F01FC78
:20E66000CC094000FFCD5201602E761F02E2921F5201610D764921BC52006109761F02E21C
:20E67000921F6009761F0245921961059A027648F6846F1C7648F59E520061059A097648BA
:20E68000F6846F14764920F552006109761F02E2921F60059A097648F6846F089A007648B4
:20E69000F6846F049A007648F68449436C07761F02C656BF0200FFEF00824043FFECFDB9A4
:20E6A000761F02C71B01753067020A018845761F02450E190FA661097648F5CD52006105A0
:20E6B0009A007648F6842B44761F024592199645924461097649AF9B5201602A76498F84AF
:20E6C0005201602656BF0144761F02C62B322B207648F5CD520060057648F5C95200610795
:20E6D0009A007648F6849A007648F61F7649AF9B5201603E76498F845201613A761F02C6D4
:20E6E000283201F3761F02C71A3600016F31761F02C61B3201F467030A326F2A56BF012069
:20E6F00092025202612552096123761F0281922A601F761F02C6921F5201601A9215520195
:20E700006117761F0281922852016012761F02E2921F60059A057648F6846F0A5201600850
:20E710009A067648F684761F02C71A360002761F02C656BF011FFFEFFD3CFE860006FE041C
:20E720002B422B43761F02D12B24761F02C62B1E9A007648F6849A007648F61F9A0076480A
:20E73000F6419A00764959069A00764959109A007649591A761F01FC1A1400011A1400025B
:20E7400076491F525200611A761F01FC4F096D034E096C149A02D40FD5019B3C7649EAEFC7
:20E7500028A97FFF7649EDE6520061FB761F01FC1A0D80001A0D40006F07761F01FC1A0D4B
:20E7600080001A0D400076499784523060087648F5B993A99A0194A87648F93876499784A6
:20E77000522660087648F5C193A99A0194A87648F94C76499784521E60087648F5C593A9B9
:20E780009A0194A87648F956764997845229600E7648F5BD93A99A0194A87648F942761FC1
:20E7900002C88F000BB8A8086F13764997845225600A761F02C60A358F000BB8761F02C813
:20E7A000A8086F068F0005DC761F02C8A808761F02C72B029A007649EDE6964141416C0A2F
:20E7B0001841FFFD764997845230600476499784964343416C0B45416C091841FFF7761FA7
:20E7C00001FC1A1400011A0D800049416C1F7648F5F85205671B761F02C80608601776482B
:20E7D000F5F893A99A0194A87648F986761F02C802001E08761F02C656BF02009A00764998
:20E7E00097B7764966C3FFEF013C4C416C0B0200761F02C81E08761F02C656BF0700FFEFC6
:20E7F000013040416CB8761F02C806086104020156410008924360057649978496436F1251
:20E800007649978488430EA90FA6610B924252C867030A426F072B429243764997B76F02A1
:20E810002B4292435230601A764922095201600E7648F5B95203660A761F02C656BF011E3D
:20E82000761F02C72B02FFEF00EA761F02C62B1E761F02C72B02FFEF00E25229601B761FE9
:20E8300002C72B02764922145201600F7648F5BD5203660B7649498A52006007761F02C63D
:20E8400056BF011EFFEF00CB761F02C62B1EFFEF00C6522F6017761F02C72B0276492214F9
:20E850005201600B7649498A52006007761F02C656BF011EFFEF00B3761F02C62B1EFFEFD9
:20E8600000AE52596017761F02C72B02764922145201600B764949DD52006007761F02C68F
:20E8700056BF011EFFEF009B761F02C62B1EFFEF009652046015761F02C72B027649978075
:20E88000BE409B0090400FA66107761F02C656BF011EFFEF0084761F02C62B1E6F7F520EFB
:20E890006011761F02C72B027649CEE552006006761F02C656BF011E6F71761F02C62B1E2B
:20E8A0006F6D522D6011761F02C72B027649495452006006761F02C656BF011E6F5F761FF9
:20E8B00002C62B1E6F5B5224600E761F02C72B02761F02C692345203670456BF011E6F4E2A
:20E8C0002B1E6F4C5225600B761F02C692355203670456BF011E6F422B1E6F405226600EAB
:20E8D0007648F5C152036706761F02C656BF011E6F35761F02C62B1E6F31521E600E7648DB
:20E8E000F5C552036706761F02C656BF011E6F26761F02C62B1E6F22521D600E7649E79F1D
:20E8F00052006006761F02C656BF011E6F17761F02C62B1E6F13521F600E7649E7A4520096
:20E900006006761F02C656BF011E6F08761F02C62B1E6F04761F02C72B027648F5F85205E3
:20E910006804761F02C62B1E764870EB5200FFE1FE93761F02C656BF011EFFEFFE8DFE846D
:20E920000006FE02761F02D12B249A007648F6849A007648F61F9A007648F6239A00764812
:20E93000F6417648EE11761F01FC1A0D80001A0D40001A1400011A1400023B101A0C020061
:20E940001A05080028A905DCFF697649363A761F01FC1A0320009A007649EDE696414041F4
:20E950006CFB761F02C70A3D1B3D03E869F52B3D6FF3FE029A007649EDE6964140416CFB45
:20E960007648F0C7520160F7761F02C656BF07006F01FE820006FE0A2B422B442B452B4644
:20E970002B472B482B493B10761F027F2B35761F027F2B37761F027F2B36761F027F2B3805
:20E98000761F027E2B36761F027E2B14761F027D2B3E761F027E2B0729109A00FF697649EF
:20E99000EDE6964142416C189245761F027F96359247761F027F96369246761F027F963788
:20E9A0009248761F027F96389249761F027E96369A02FFEF019A40416CE17648F59652044B
:20E9B00061057648F59A5204600456BF05436F0356BF194392420A42544369D07649A30048
:20E9C0003B0185A9FF5652FA65073B10761F02802B0229106F093B10FF697649A300761FD6
:20E9D000028096022910FF697649A31C3B0185A9FF5652FA65073B10761F027F2B0A2910A8
:20E9E0006F093B10FF697649A31C761F027F960A2910FF697649A3463B0185A9FF5652FA64
:20E9F00065073B10761F027E2B2329106F093B10FF697649A346761F027E96232910FF6972
:20EA00007649A3623B0185A9FF5652FA65073B10761F027F2B0029106F093B10FF6976490C
:20EA1000A362761F027F96002910FF697649A37E3B0185A9FF5652C8650F1A4400019A501E
:20EA2000764997B79A017649700B3B10761F027F2B2029106F0F184400FE3B10FF697649C5
:20EA3000A37E761F027F96202910FF699A007649700BFF697649A38C3B0185A9FF5652C835
:20EA400065101A4400029A50764997B73B10761F027F2B2829109A01FF697649700B6F133E
:20EA5000184400FD3B10FF697649A38C761F027F96282910FF6976496A9C520060049A0022
:20EA60007649700B7649A30E3B0185A9FF5652FA650F1A4400049A4F764997B79A017649BB
:20EA70006FFF3B10761F027F2B3729106F0E184400FB3B109A00FF6976496FFF7649A30E5E
:20EA8000761F027F96372910FF697649A3543B0185A9FF5652FA650F1A4400089A517649AD
:20EA900097B79A01764970183B10761F027F2B3829106F0E184400F73B109A00FF6976495D
:20EAA00070187649A354761F027F96382910FF697649A3703B0185A9FF5652FA650F1A44E4
:20EAB00000109A52764997B79A01764970233B10761F027E2B3629106F0E184400EF3B1043
:20EAC0009A00FF69764970237649A370761F027E96362910FF697649A39A3B0185A9FF56D3
:20EAD00052C865101A4400203B10761F027E2B1429109A4EFF69764997B79A0176496FF328
:20EAE0006F0E184400DF9A0076496FF33B10FF697649A39A761F027E96142910FF697649D5
:20EAF000A3A83B0185A9FF561BA901F465101A4400403B10761F027D2B3E29109A53FF69DA
:20EB0000764997B79A017649702F6F0F184400BF3B10FF697649A3A8761F027D963E291078
:20EB1000FF699A007649702F7649A3B63B0185A9FF561BA901F465101A4400803B10761FC2
:20EB2000027E2B0729109A53FF69764997B79A017649702F6F131844007F3B10FF697649C0
:20EB3000A3B6761F027E96072910FF6976496AAD520060049A007649702F924461039A00C1
:20EB40006F039A016F01FE8A00069A010006FE042B422B432B44761F02C72B289204601105
:20EB50009A007648F8DD28A908D67648F9609A007649A2F59A007649B5059A077648F684D6
:20EB60009A007649EDE6964141416C067648EE119A00FFEF00B443416C0645416C049A021D
:20EB7000FFEF00AD49416C049A02FFEF00A840416CE8761F02C7922861E47648F5D55201B1
:20EB8000611F0A441B4403E8671B761F02C7920560177649CF9E761F026F540D6611761FD0
:20EB900002C79204600D2B437649219B9B0A00C9F0099B0576495A0C7648F8DD6FC21B4461
:20EBA00003E867077649CF9E761F026F540D690E0A431B430001690A2B432B44761F02C798
:20EBB00056BF01049A007648F6847649B493520160A80A4292425203605C9A00D40FD50174
:20EBC0009B647649EAEF28A97FFF7649EDE6520061FB9A00D40FD5019B647649EAEF28A954
:20EBD0007FFF7649EDE6520061FB761F025292345205610576491F525200600E9A01D40F8D
:20EBE000D5019B507649EAEF28A97FFF7649EDE6520061FB6F1F761F028193359A03D40F3F
:20EBF000D5019DF17649EAEF28A97FFF7649EDE6520061FB9A007648F6849A01D40FD50154
:20EC00009B027649EAEF28A97FFF7649EDE6520061FB9A007648F6842B442B43761F02C723
:20EC100056BF0105761F01FC1A120001FFEFFF4A5235FFE8FF479A016F01FE840006761FF7
:20EC200002C692005201FFE101B75200601E9A007648F641761F02C72B17281903E856BF4F
:20EC3000051B56BF321D281F012C282101F42B18281A03E856BF051C56BF321E2820012C0E
:20EC4000282201F4FFEF0198761F02B2CC0007FF6106761F02B2CC0107FF6034761F02C65F
:20EC500092005206612F7648712B5200612B7648F5D15201614B9A017648F6417622761FB2
:20EC600001161A170004761A76221A170004761A761F02C72B17281903E856BF051B56BF45
:20EC7000321D281F012C282101F42B18281A03E856BF051C56BF321E2820012C282201F4C4
:20EC80006F259A007648F6419A007649591A76494B2A76494B3F761F02C72B17281903E83C
:20EC900056BF051B56BF321D281F012C282101F42B18281A03E856BF051C56BF321E2820C6
:20ECA000012C282201F4FFEF0137761F02B2CC0007FF600B761F02C6920052066106FF6926
:20ECB0007648F5D1520161159A00FF697649590676494B2A761F02C72B17281903E856BFC2
:20ECC000051B56BF321D281F012C282101F46F7A761F02C79217602B921B61030B1B6F14C9
:20ECD000764958EE52026005761F02C756BF0117764958EE52016108764958EE520261045C
:20ECE0009A0176495906761F02C70B19605B9A20764997B79A0176496DD79A007648F6412A
:20ECF000761F02C7281903E8FFEF00E652016027764958F65201600A761F02C7921D610391
:20ED00000B1D6F0B56BF02176F08764958F6520060049A017649591A761F02C70B21603200
:20ED10009A18764997B79A0176496D779A007648F641761F02C7282101F46F245202602252
:20ED2000764997845220610576499784521860049A00764997B79A0076496D779A0076493C
:20ED30006DD7761F02C7921F61030B1F6F0B56BF03179218520361049A0176495942764921
:20ED40004A58761F02B2CC0107FF600A761F02C69200520661057648F5D1520161149A00F8
:20ED50007649591076494B3F761F02C72B18281A05DC56BF051C56BF321E2820012C282214
:20ED600001F46F79761F02C79218602A921C61030B1C6F14764958F252026005761F02C748
:20ED700056BF0118764958F252016108764958F2520261049A0176495910761F02C70B1A88
:20ED8000605A9A20764997B79A0176496DD79A007648F641761F02C7281A03E86F4C52012C
:20ED90006027764958F65201600A761F02C7921E61030B1E6F0B56BF02186F08764958F64A
:20EDA000520060049A017649591A761F02C70B2260329A18764997B79A007648F6419A01CA
:20EDB00076496D77761F02C7282201F46F24520260227649978452206105764997845218A4
:20EDC00060049A00764997B79A0076496D779A0076496DD7761F02C7922061030B206F0B35
:20EDD00056BF03189217520361049A017649594276494A8B0006FE022B429A007649EDE668
:20EDE000964141416C057648EE119A006F2948416C039A026F2549416C039A026F2140418C
:20EDF0006CED76491F52520060197649B48B1BA905DC67080A429242520568E02B429A01D6
:20EE00006F0F2B429A23764997B79A0176496DFB9A019B017649EE276FD19A016F01FE82A5
:20EE100000063B10761F010156BF0509761F010556BF0509761F010956BF0509761F010DB4
:20EE200056BF0509761F01012800055528020555761F0100180CFFFC761F01052800055540
:20EE300028020555761F0104180CFFFC761F01092800055528020555761F0108180CFFFC23
:20EE4000761F010D2800055528020555761F010C180CFFFC2910FF690006FE0496412B435A
:20EE50002D41353296449A007649EDE6964241426C0B7648EE8D7648EE11761F02C656BF8D
:20EE600006009A006F0940426CEF0A439244544366EB9A016F01FE840006FE04964196434D
:20EE70002B44520061189A007649EDE6964240426C10761F01FC4F016D0A0A4492410A447E
:20EE8000FFC09C01544466049A016F062B440B43924360EA9A00FE84000676499780BE4032
:20EE90009B0090400FA6616A9A0176491EB27649978476491EBD76497C6476491EC87649D6
:20EEA000E79776491ED47649CEA376491EDF7649AF5376491EEA7649AF6776491EF5764949
:20EEB000B48776491F007649B49F76491F0B7649B4EB76491F167649497A76491F2D764990
:20EEC000497E76491F219A807648F974761F01FCCC098000FFCE520160059A087648F96AF8
:20EED0006F049A087648F974761F01FC92109001520160059A047648F96A6F049A047648D7
:20EEE000F974761F02C69200520360059A207648F96A6F049A207648F974761F02C69200DA
:20EEF000520460059A407648F96A6F049A407648F9749A069B067649EE2700067648711D6D
:20EF000052006114761F02C692005206610F5200610D5207610B764997802BAB28AA200050
:20EF1000900018A820000FAB60059A00764871216F08761F02C7923161049A017648712180
:20EF20000006FE0276491F525201690E761F02BB48236C087648F59E5200610456BF014141
:20EF30006F0B2B416F097648F59E5201600456BF01416F022B419241601B764921F35200B4
:20EF40006112761F02C70A3E923E5264690A56BF643E761F02C658088F0A439092946F69C1
:20EF50009A026F67761F02C72B3E9A026F62761F02C756BF643E764921BC5201601D761FE5
:20EF600002C756BF0329761F02C69206761F02C7962A88370E2A0FA661069238526460037E
:20EF700092299638922A9637761F02C658068F0A434192946F3E764921BC5200601F761FC2
:20EF800002C756BF0529922A6007761F02C69207761F02C7962A88370E2A0FA66106923851
:20EF90005264600392299638922A9637761F02C658078F0A438C92946F1C761F02C756BFEE
:20EFA0000629761F02C69206761F02C7962A88370E2A0FA661069238526460039229963890
:20EFB000922A9637761F02C658068F0A43219294FE820006761F02E2921F60057649AFA7B0
:20EFC0005201610E761F02E2921F5201600576498F8452016105761F02BA922A6124761FDB
:20EFD00002C61A0900011A0800011A0600011A0700017649AF9B52016005761F02C71A2C6A
:20EFE000000176498F8452016005761F02C71A2C0002761F02BA922A6110761F02C71A2CBE
:20EFF00000046F0B761F02C61809FFFE1808FFFE1806FFFE1807FFFE7649CED65201611F7E
:20F00000761F026F92175201611A761F02BA9226601676499780BE409B0090400FA6610F90
:20F01000761F02B9442C6D0B764997802BAB28AA2000900018A820000FAB603B761F02C6E8
:20F020001A0600021A070002761F02C72B2B7649CED652016006761F02C71A2B00016F3276
:20F03000761F026F921752016006761F02C71A2B00026F28761F02BA92266106761F02C74E
:20F040001A2B00046F1F76499780BE409B0090400FA66006761F02C71A2B00086F13761FBD
:20F0500002B9442C6C0F761F02C71A2B00106F0A761F02C72B2B761F02C61806FFFD180784
:20F06000FFFD761F02BA92276005761F02BD92236106761F02C61A0600046F05761F02C663
:20F070001806FFFB761F02E2920D52016006761F02C61809FFFD6F1476491FE15203600620
:20F08000761F02C61A0900026F0B7648711D761F02C69001CD09FFFDFF80CAA89609CD0605
:20F09000FFF7761F02BA92399001761F02C6FF82CAA89606761F0262922552016106761FD2
:20F0A00002BA922B52016006761F02C61A0600106F05761F02C61806FFEF0006761F02C651
:20F0B0009200520460112B322B207648F5CD520060057648F5C9520061079A007648F68400
:20F0C0009A007648F61F00069A0100060006B2BDFE02761F02C71B3F02EE67030A3F6F03DA
:20F0D00056BF8C3F0E3FBE32761F02C8F60F1FA69600761F02C79B32923F00C9F073761F87
:20F0E00002C8960192026015761F02BD2B1B761F02BD2B1C761F02BD2B1D761F02BE2B193C
:20F0F000761F02BE2B1A761F02BE2B1BFFEF00C05201601B761F02BD56BF051B761F02BD72
:20F1000056BF051C761F02BD56BF051D761F02BE56BF0519761F02BE56BF051A761F02BEC8
:20F1100056BF051BFFEF00A45202601B761F02BD56BF0A1B761F02BD56BF0A1C761F02BDD8
:20F1200056BF0A1D761F02BE56BF0A19761F02BE56BF0A1A761F02BE56BF0A1BFFEF008873
:20F130005203601A761F02BD56BF141B761F02BD56BF141C761F02BD56BF141D761F02BED0
:20F1400056BF1419761F02BE56BF141A761F02BE56BF141B6F6C5204601A761F02BD56BF28
:20F15000281B761F02BD56BF281C761F02BD56BF281D761F02BE56BF2819761F02BE56BFEC
:20F16000281A761F02BE56BF281B6F515205601A761F02BD56BF3C1B761F02BD56BF3C1C8E
:20F17000761F02BD56BF3C1D761F02BE56BF3C19761F02BE56BF3C1A761F02BE56BF3C1B7D
:20F180006F365206601A761F02BD56BF501B761F02BD56BF501C761F02BD56BF501D761FE4
:20F1900002BE56BF5019761F02BE56BF501A761F02BE56BF501B6F1B52076019761F02BDC8
:20F1A00056BF641B761F02BD56BF641C761F02BD56BF641D761F02BE56BF6419761F02BEAC
:20F1B00056BF641A761F02BE56BF641B761F02C89200520E60059201520A60020A0292021C
:20F1C000520769022B0292005203FFE800AC520FFFE700A95203600D9201520A600A761F24
:20F1D00001FC1A0B80001A1308001A1310006F0B920052046008920152236005761F01FC42
:20F1E0001A0D8000761F02C89200520560099201520A6006761F01FC1A0B40006F0B92005F
:20F1F00052066008920152236005761F01FC1A0D4000761F02C89200520760099201520A37
:20F200006006761F01FC1A1200016F0B920052086008920152236005761F01FC1A140001CD
:20F21000761F02C892005209600D9201520A600A761F01FC1A1200021A1508001A15100096
:20F220006F0B9200520A6008920152236005761F01FC1A140002761F02C89200520B600918
:20F230009201520A6006761F01FC1A0510006F0B9200520C6008920152236005761F01FCD7
:20F240001A031000761F02C89200520D60099201520A6006761F01FC1A0C01006F0B9200AE
:20F25000520E6008920152236005761F01FC1A0A0100761F02C89200520D60099201520A0A
:20F260006006761F01FC1A0A02006F1A9200520E6017920152236014761F01FC1A0C020048
:20F270006F0F761F01FC1A0D80001A0D40001A1400011A1400021A0310001A0A01002B4143
:20F2800058418F00B0B0929460287649CEB72DA935648BA97649CEA393A155A9660B7649BF
:20F29000CEB72DA9358C8BA97649CEA393A155A967398F00B0A5A8A90D418AA90AC492C432
:20F2A0005219683058418F00B0A52B9458418F00B0B056BF50946F267649CEB72DA9356446
:20F2B0008BA97649CEA393A155A9671C7649CEB72DA9358C8BA97649CEA393A155A9691239
:20F2C0008F00B0A5A8A90D418AA90AC492C45219680958418F00B0A52B9458418F00B0B0B4
:20F2D0002B9456BF014158418F00B0B09294601C7649A0B7520064057649A0B752C8652D4B
:20F2E0008F00B0A5A8A90D418AA90AC492C45219682458418F00B0A52B9458418F00B0B079
:20F2F00056BF51946F1A7649A0B7520064167649A0B752C863128F00B0A5A8A90D418AA93E
:20F300000AC492C45219680958418F00B0A52B9458418F00B0B02B9456BF024158418F00EA
:20F31000B0B09294601B76499F393B0185A9FF565264652C8F00B0A5A8A90D418AA90AC4BB
:20F3200092C45219682358418F00B0A52B9458418F00B0B056BF52946F1976499F393B0167
:20F3300085A9FF56526463128F00B0A5A8A90D418AA90AC492C45219680958418F00B0A5DC
:20F340002B9458418F00B0B02B9456BF034158418F00B0B09294601B76499F773B0185A9E6
:20F35000FF565264652C8F00B0A5A8A90D418AA90AC492C45219682358418F00B0A52B94F5
:20F3600058418F00B0B056BF53946F1976499F773B0185A9FF56526463128F00B0A5A8A98D
:20F370000D418AA90AC492C45219680958418F00B0A52B9458418F00B0B02B9456BF04411F
:20F3800058418F00B0B09294601C7649A07B520064057649A07B52C8652D8F00B0A5A8A9F3
:20F390000D418AA90AC492C45219682458418F00B0A52B9458418F00B0B056BF54946F1A77
:20F3A0007649A07B520064167649A07B52C863128F00B0A5A8A90D418AA90AC492C45219F9
:20F3B000680958418F00B0A52B9458418F00B0B02B9456BF054158418F00B0B092946018C8
:20F3C0007649AF6752C869298F00B0A5A8A90D418AA90AC492C45219682058418F00B0A562
:20F3D0002B9458418F00B0B056BF55946F167649AF6752C867128F00B0A5A8A90D418AA935
:20F3E0000AC492C45219680958418F00B0A52B9458418F00B0B02B9456BF064158418F0006
:20F3F000B0B09294601C7649497E520065057649497E522D652D8F00B0A5A8A90D418AA96C
:20F400000AC492C45219682458418F00B0A52B9458418F00B0B056BF56946F1A7649497EFF
:20F41000520065167649497E522D62128F00B0A5A8A90D418AA90AC492C452196809584147
:20F420008F00B0A52B9458418F00B0B02B9456BF074158418F00B0B09294601C7649497AD9
:20F43000520065057649497A522D652D8F00B0A5A8A90D418AA90AC492C452196824584103
:20F440008F00B0A52B9458418F00B0B056BF57946F1A7649497A520065167649497A522DA8
:20F4500062128F00B0A5A8A90D418AA90AC492C45219680958418F00B0A52B9458418F000E
:20F46000B0B02B9456BF084158418F00B0B092946018764997804DA96C298F00B0A5A8A953
:20F470000D418AA90AC492C45219682058418F00B0A52B9458418F00B0B056BF58946F169A
:20F48000764997804DA96D128F00B0A5A8A90D418AA90AC492C45219680958418F00B0A5EE
:20F490002B9458418F00B0B02B9456BF094158418F00B0B0929460187649978452556029C7
:20F4A0008F00B0A5A8A90D418AA90AC492C45219682058418F00B0A52B9458418F00B0B0BB
:20F4B00056BF59946F1676499784525561128F00B0A5A8A90D418AA90AC492C4521968090B
:20F4C00058418F00B0A52B9458418F00B0B02B9456BF0A4158418F00B0B09294601D76495F
:20F4D00097845200612E764997845255612A8F00B0A5A8A90D418AA90AC492C45219682146
:20F4E00058418F00B0A52B947649978458418F00B0B096946F1676499784520060128F0092
:20F4F000B0A5A8A90D418AA90AC492C45219680958418F00B0A52B9458418F00B0B02B9452
:20F500007648F5CD520861049A087648F6847648F5D1520261049A027648F6419A00FE82EA
:20F510008BBE0006761F01FC41106D1476497C5C5228690A761F02C80A0461202B049A01EC
:20F520007648F98D6F1B761F02C8920461170B046F1576497C5C5219670C761F02C80A051A
:20F530001B0501F4690B2B059A007648F98D6F06761F02C8920561020B057648F608520434
:20F5400061097648F6085203600876491F5252006104761F02C82B050006FE029641761FE0
:20F5500002C656BF0C059A007649EDE69642761F02C656030141540567F7FE8200067649B5
:20F56000CEA3761F027D2DA929013600761F02C7FF47963B7649AF5328AC016A2901761F9C
:20F5700002C730A9FF47963976498F4828AC016A2901761F02C730A9FF47963A28AC00366E
:20F580003039FF45543B6711303AFF45543B670D761F02C80A069206520A69082B06761F6C
:20F5900002C756BF01286F022B280006761F02C6920D0006761F02C6920E0006FE02761FF0
:20F5A00002C6CC3B0004FFC15201600456BF01416F022B419241FE820006761F02C6921075
:20F5B0000006761F02C692110006761F02C692130006761F02C692040006761F02C6921926
:20F5C0000006761F02C692160006761F02C692180006761F02C692010006761F02C6920226
:20F5D0000006761F02C692030006761F02C6921A0006761F02C692140006761F02C69221F5
:20F5E0000006761F02C6923D0006761F02C8060860039A016F029A0000068F0159B4761F25
:20F5F00002C8A8A90F0868039A016F029A000006761F02C692360006761F02C79229000668
:20F60000761F02C7922C0006761F02C792160006761F02C6920000063B10761F0111282B82
:20F61000053E2B00CC00FF3F50809600CC00FFCF501096001809FFFC2910FF690006FE02A9
:20F620009641FE820006FE0296413B10761F02C6960B5200600C761F0129CC09FFF35004B5
:20F630009609761F012D56BF05096F08761F01291809FFF3761F012D2B092910FE82FF69D4
:20F640000006FE0296413B10761F02C6960352006021761F011556BF0509761F011D56BF23
:20F650000509761F012156BF0509761F01152B2B282D04E29A00FF69764959069A007649FD
:20F6600059109A007649591A761F02C72B172B186F185202600B761F01152B09761F011D9A
:20F670002B09761F01212B096F0C761F01152B09761F011D56BF0509761F012156BF050951
:20F680002910FE82FF690006FE0296413B10761F02C69602520061055205610352066061A0
:20F69000761F02C72B27761F010556BF0509761F010156BF0509761F010D56BF0509761FD7
:20F6A000010956BF0509761F01012800055528020555761F0100180CFFFC761F0105280008
:20F6B000055528020555761F0104180CFFFC761F0101282BFFFF282DFFFF761F0105282B7A
:20F6C000FFFF282DFFFF761F01092800055528020555761F0108180CFFFC761F010D2800AC
:20F6D000055528020555761F010C180CFFFC761F0109282BFFFF282DFFFF761F010D282B42
:20F6E000FFFF282DFFFF761F02AA56BF0236761F02AA56BF0237FF6976495C32FFEF01EB0D
:20F6F0005202FFE0008FFF6976495C32761F02C756BF0127761F010128000555761F010534
:20F7000028000555761F0101282BFFFF761F0105282BFFFF761F0101282DFFFF761F01050E
:20F71000282DFFFF761F01012B02CC02FCFF1AA902009602CC02F3FF1AA904009602761FE8
:20F720000100180CFFFC761F01052B02CC02FCFF1AA902009602CC02F3FF1AA9040096029C
:20F73000761F0104180CFFFC761F010928000555761F010D28000555761F0109282BFFFFCA
:20F74000761F010D282BFFFF761F0109282DFFFF761F010D282DFFFF761F01092B02CC0233
:20F75000FCFF1AA901009602CC02F3FF1AA908009602761F0108180CFFFC761F010D2B0292
:20F76000CC02FCFF1AA901009602CC02F3FF1AA908009602761F010C180CFFFC761F0105E5
:20F7700056BF0109761F010156BF0109761F010D56BF0109761F010956BF0109FFEF015BDA
:20F7800052096071FF6976495C32761F02C456BF0126761F02C72B27761F01012B00CC00B3
:20F79000FFCF50109600CC00FF3F508096002B02CC02FCFF1AA901009602CC02F3FF1AA950
:20F7A00008009602CC07FF3F50409607761F01052B00CC00FFCF50209600CC00FF3F50406B
:20F7B00096002B02CC02FCFF1AA902009602CC02F3FF1AA9040096021807FF3F761F010935
:20F7C0002B00CC00FFCF50209600CC00FF3F504096002B02CC02FCFF1AA902009602CC020D
:20F7D000F3FF1AA9040096021807FF3F761F010D2B00CC00FFCF50109600CC00FF3F508033
:20F7E00096002B02CC02FCFF1AA901009602CC02F3FF1AA908009602CC07FF3F50409607C0
:20F7F000FFEF00E95208606CFF6976495C32761F02C72B27761F01012B00CC00FFCF5010DB
:20F800009600CC00FF3F508096002B02CC02FCFF1AA901009602CC02F3FF1AA9080096026D
:20F81000CC07FF3F50409607761F01052B00CC00FFCF50209600CC00FF3F504096002B02D7
:20F82000CC02FCFF1AA902009602CC02F3FF1AA9040096021807FF3F761F01092B00CC0090
:20F83000FFCF50209600CC00FF3F504096002B02CC02FCFF1AA902009602CC02F3FF1AA9DE
:20F84000040096021807FF3F761F010D2B00CC00FFCF50109600CC00FF3F508096002B02B4
:20F85000CC02FCFF1AA901009602CC02F3FF1AA908009602CC07FF3F504096076F7BFF69C0
:20F8600076495C32761F02C72B27761F01012B00CC00FFCF50109600CC00FF3F50809600C9
:20F870002B02CC02FCFF1AA901009602CC02F3FF1AA908009602CC07FF3F50409607761F30
:20F8800001052B00CC00FFCF50209600CC00FF3F504096002B02CC02FCFF1AA90200960214
:20F89000CC02F3FF1AA9040096021807FF3F761F01092B00CC00FFCF50209600CC00FF3F68
:20F8A000504096002B02CC02FCFF1AA902009602CC02F3FF1AA9040096021807FF3F761FBE
:20F8B000010D2B00CC00FFCF50109600CC00FF3F508096002B02CC02FCFF1AA901009602AD
:20F8C000CC02F3FF1AA908009602CC07FF3F50409607761F01021A170004761F01061A172D
:20F8D0000004761F010A1A170004761F010E1A1700042910FE82FF690006FE0296413B101D
:20F8E000761F02C6961A2910FF69FE820006FE0296413B10761F02C6960D2910FF69FE8291
:20F8F0000006FE0296413B10761F02C6960E2910FF69FE820006FE0296413B1052016006CD
:20F90000761F02C61A3B00046F0752006005761F02C6183BFFFB2910FE82FF690006FE0233
:20F9100096413B10761F02C698102910FF69FE820006FE0296413B10761F02C6FF5EC010DD
:20F920002910FF69FE820006FE0296413B10761F02C696112910FF69FE820006FE0296417C
:20F930003B10761F02C696132910FF69FE820006FE0296413B10761F02C696042910FF6985
:20F94000FE820006FE0296413B10761F02C696192910FF69FE820006FE0296413B10761F15
:20F9500002C696162910FF69FE820006FE0296413B10761F02C696182910FF69FE820006A8
:20F96000FE0296413B10761F02C696142910FF69FE820006FE0296413B10761F02C69821FF
:20F970002910FF69FE820006FE0296413B10761F02C6FF5EC0212910FF69FE820006FE026C
:20F980009641761F02C6963DFE820006FE029641761F02C69636FE820006FE0296413B1032
:20F99000761F02C796162910FF69FE820006B2BDFE067649E6BF76494ABF7649CC16764927
:20F9A00039E876493A059A007648F6237649AFD15200600D7649AFD6520060097649AFCB81
:20F9B00052006005761F01FC1A0510009A007649EDE6964340436CFB7648AE8C7648AED993
:20F9C000761F02BA922E52056011761F01009204761F02BA722F761F01149204761F02BA9F
:20F9D0007230761F02BA56BF062E7649A0359B007649E6C37649A0587649CC377649A0DF8D
:20F9E0008F00ACEB7649CF697649A0F48F00ACED7649CF697649A1098F00ACEF7649CF69EE
:20F9F0007649A11E8F00ACF17649CF697649A1978F00ACF37649CF697649A1AC8F00ACF5FE
:20FA00007649CF697649A1C18F00ACF77649CF697649A1D68F00ACF97649CF697649A1EBF9
:20FA10008F00ACFB7649CF697649A2008F00ACFD7649CF697649A2158F00AD007649CF6970
:20FA20007649A22A8F00AD027649CF69761F02C792175203680D8F00ACF3A8428F40ACEBB7
:20FA30008F00AD487640D9789A6476494C43761F02C792185203680D8F00ACF5A8428F4024
:20FA4000ACED8F00AD5C7640D9789A6476494C717648EC1F76494F5D761F02529234521CA3
:20FA5000600A7649A4FC59A97649A50C93A992A176494C9F76494F0676494F1D76494FD520
:20FA60009AFA764943D076494BA2764950C3764909E98F00A1807649A23F8F00A180764932
:20FA700012338F00A18C7649A23F8F00A18C764912338F00A1987649A23F8F00A198764926
:20FA800012338F00A1A47649A23F8F00A1A4764912338F00A1B07649A23F8F00A1B07649B6
:20FA900012338F00A1C07649A23F8F00A1C0764912338F00A1CC7649A23F8F00A1CC764936
:20FAA00012338F00A1D87649A23F8F00A1D8764912338F00A198764911F37648FD1B8F005D
:20FAB000A198764949E3761F02529234521C600C8F00A1A4764911F37648FD1B8F00A1A448
:20FAC000764949E36F068F00A1A49A00764949E38F00A1B0764911F37648FD1B8F00A1B014
:20FAD000764949E38F00A1C0764911F37648FD1B8F00A1C0764949E38F00A1CC764911F308
:20FAE0007648FD1B8F00A1CC764949E38F00A1D8764911F37648FD1B8F00A1D8764949E3B5
:20FAF000764949ED76494A1776494A2C761F02CF920460228F00A180764911F37648FD27D9
:20FB00008F00A180764949E3761F02529234521C600C8F00A18C764911F37648FD278F00D1
:20FB1000A18C764949E36F068F00A18C9A00764949E376494A027649BF467649C1629A9626
:20FB20007649CC6B764908FC9A967649CD2F28A901F49B017649CCCD9A967649E7247649AE
:20FB30005471764954B69A0A764954FB9A0A764955337649556B764955BE76495601764964
:20FB400056447649568776495733764957BB7649580176495877764958E9764910387649E9
:20FB5000105A7649107C764911AB764968657649CEB75204600776491FC09CF67649CF1703
:20FB60006F0676491FC09CFB7649CF177648711D520160257649CEB72DA9350A1E46764996
:20FB70001FD6724676491FC0934655A9690F7649CEB72DA9350A1E4676491FD693A9924656
:20FB800094A896467649CF0D6F0576491FC07649CF0D28A901F47649CC446F0876491FC05B
:20FB90007649CF0D9A967649CC449A96764906799A96764907237649073C7649CE247649C2
:20FBA00005DA76490FF87649CEBB5201600B0220764997A09A02764997C19A017649708E77
:20FBB0006F0E0220764997AB76499788520260049A00764997C19A007649708E7649CECAA0
:20FBC000520160089A03764997C19A017649709A6F0B76499788520360049A00764997C190
:20FBD0009A007649709A7649CEE5520160109A0E764997B79A0176496D0B761F02C6920007
:20FBE00061149A019B017649EE276F0F9A0076496D0B76499784520E6008761F02C69200A5
:20FBF00060049A00764997B79A3276493A909A3276493ADF9A3276493B7B76493BD39AFA4F
:20FC0000764940789A9676493E06764949DD520061109A59764997B79A0176497077FF2032
:20FC10000100764997A09A019B017649EE276F089A0076497077FF200100764997AB76493B
:20FC2000498A5201601E764949D1520061079A29764997B79A0176496E43764949D7520081
:20FC300061079A2F764997B79A0176496E8BFF200100764997A09A019B017649EE276F0B88
:20FC40009A0076496E439A0076496E8BFF200100764997AB761F02BE0A1C921C5219681615
:20FC50002B1C764903CF76490475764904D69A04764948E7764907B776493A0576490876A7
:20FC6000764909B0764908F66F0D520A600B7649055B764905A17648FE3E764902A8764966
:20FC700011AC76490793764907E976490853761F02C792046112761F02BE0A1D921D80A9DA
:20FC80002901FF20EA600FA7630B761F02C72B04761F02BE2B1D6F04761F02BE2B1D761FDE
:20FC90000281923E610E761F02BE0A1E1B1E2328690B761F02812B3E761F02BE2B1E6F048B
:20FCA000761F02BE2B1E9A057649ECA89644761F02BE92165444FFE7FD0B92449616FFEFE7
:20FCB000FD07FE0696412B4256BF874358428F0A42999294544166032B456F255843929412
:20FCC0005441681A56BF87456F1E92439442FFC09644584488410E940FA6600692449C01C6
:20FCD00096459CE26F12929454416904924496426F039244964392429C01544368E7924218
:20FCE0009C01964592459CE2FE860006FE0696412B4256BFD24358428F0A413A92945441D2
:20FCF00066032B456F25584392945441681A56BFD2456F1E92439442FFC09644584488414D
:20FD00000E940FA6600692449C0196459CE26F12929454416904924496426F0392449643E2
:20FD100092429C01544368E792429C01964592459CE2FE860006FE0296417648FCB1FE828F
:20FD20000006FE0296417648FCB1FE820006FE0296417648FCE6FE820006761F02C49214F7
:20FD3000FFE000A6761F02C692005201FFE100865200600D761F02BD2B1B2B1C2B1D2B1E55
:20FD40002B2F56BF013156BF01326F77761F02BE42116D104F116D0E761F02BD922D52026D
:20FD50006709764949B752036705764949BB5203680C761F02BD56BF641E56BF012F56BFD2
:20FD6000013156BF01326F59761F02BE41116D12761F02BD922D5202670D761F02BE4E118C
:20FD70006D09764949B752026705764949BB52026821761F02BD56BF641E761F02BE41114C
:20FD80006D0E761F02BD922D52026709764949B752026705764949BB52026805761F02BDBA
:20FD900056BF012F761F02BD56BF013156BF01326F24761F02BE40116D0D761F02BD922D65
:20FDA0006009764949B752006005764949BB5200610B761F02BD56BF321E2B2F56BF013189
:20FDB00056BF01326F0A761F02BD56BF1E1E56BF013156BF01322B2F76497C4C3B0185A9F3
:20FDC000FF561BA903E86304761F02BD2B1E761F02BD921E541D67090A1F921F5232690768
:20FDD0002B1F921E961D6F032B1F961D761F02BD921D6004961C961B6F159C04541C67062C
:20FDE0009A04741C921C961B6F0D921D9CFC541C6906081C0004921C961B6F04921D961C79
:20FDF000961B761F02C6920B60049A017648F623761F02BE56BF641956BF641A56BF641B64
:20FE0000921952646806761F0129282DC3506F0728AC01F41219761F0129962D761F02BEAB
:20FE1000921A52646806761F012D282BC3506F0728AC01F4121A761F012D962B761F02BE95
:20FE2000921B52646806761F012D282DC3506F0728AC01F4121B761F012D962D761F02BD80
:20FE3000921BBE1E9C0F0EA9F60F1FA69B0376491265761F02BD921B961A0006B2BDFE10F5
:20FE40002B472B482B492B4A2B4B2B4C2B4D2B4E2B4F2B507649691A5200600976496920BC
:20FE500052006005764969D85200610456BF3C496F022B49764969D25200610456BF3C4B58
:20FE60006F022B4B76496B835200610656BF3C4E56BF3C4A6F032B4E2B4A7649497E96423D
:20FE70005250651A761F02BE922C601676497C5C520F6905761F02BE0A2D6F04761F02BE0E
:20FE80000B2D922D527869072B2D56BF1E4C56BF012C6F022B4C9242525A650A761F02BEEC
:20FE9000922C600656BF012C56BF434D6F022B4D761F02529234521C6031761F02BE922C9D
:20FEA000520160079242524B63042B412B2C6F1C922C60069242524E62032B416F159242A1
:20FEB0005261620E56BF012C2D42357608A9DFE0FFA49641521E630856BF1E416F0556BFF1
:20FEC000012C56BF644192415264FFE5008B56BF012C56BF6441FFEF008552126042761F39
:20FED00002BE922C60069242525065032B416F31922C520160079242524B63042B412B2C31
:20FEE0006F28922C5201600992425250620656BF1E4156BF012C6F1D922C60069242525037
:20FEF00062032B416F1692425264620F56BF012C2D42357608A9DAAAFFA49C1E9641521E6C
:20FF0000630856BF1E416F0556BF012C56BF644192415264654656BF012C56BF64416F41B2
:20FF1000761F02BE922C60069242525065032B416F31922C520160079242524B63042B41B2
:20FF20002B2C6F28922C5201600992425250620656BF1E4156BF012C6F1D922C6006924241
:20FF3000525062032B416F1692425264620F56BF012C2D42357608A9DAAAFFA49C1E9641F9
:20FF4000521E630856BF1E416F0556BF012C56BF644192415264650556BF012C56BF6441F3
:20FF50009241544B6303924B9641544C6303924C9641544D6303924D96417649497A59A909
:20FF60007649498293A155A963057649498296466F047649497A9646761F02529234521C09
:20FF70006019764959952DA935031BA9041A620A76497C5C521E66067649596F1BA9070822
:20FF80006505761F02BE0A226F17761F02BE0A236F1376495995560301A91BA902D062053F
:20FF900076497C5C521E6905761F02BE0A226F04761F02BE0A23761F02529234521C6010D9
:20FFA000764959952DA935031BA904B06305761F02BE0A326F13761F02BE2B326F0F7649A4
:20FFB0005995560301A91BA904B06305761F02BE0A326F04761F02BE2B32923252786906AD
:20FFC00056BF783256BF32336F022B3392225214600556BF01302B222B239223521460043A
:20FFD0002B302B232B229230610656BF204756BF1E506F05FF5E61032B472B50761F0252E8
:20FFE0009234521C601A764959952DA935031BA90AF0620576497C5C52506908761F02BE74
:20FFF0000A249225613D0B256F3B761F02BE0A25922461360B246F345212601A7649599566
:020000040009F1
:20000000560301A91BA90780620576497C5C52506908761F02BE0A24922561220B256F2005
:20001000761F02BE0A259224611B0B246F1976495995560301A91BA90780620576497C5C6A
:2000200052506908761F02BE0A24922561090B256F07761F02BE0A25922461020B249224E1
:20003000520A680556BF01312B242B259225520A68042B312B252B249231611356BF3248C1
:20004000761F02529234521C600456BF324F6F0D5212600456BF504F6F0856BF504F6F05F2
:20005000FF5E61032B482B4F761F023F923E9643761F02529234521C6027761F02BE922FA9
:20006000520160079246522A63042B452B2F6F69922F60069246522C63032B456F6292466D
:200070005231620D2D46350E08A9FDB6964556BF012F521E635656BF1E456F5356BF644523
:2000800056BF012F6F4E52126027761F02BE922F520160079246522C63042B452B2F6F416C
:20009000922F60069246522E63032B456F3A92465234620D2D46350C08A9FDF6964556BF3D
:2000A000012F521E632E56BF1E456F2B56BF644556BF012F6F26761F02BE922F5201600795
:2000B0009246523263042B452B2F6F1B922F60069246523363032B456F149246523A620D69
:2000C0002D46350A08A9FE20964556BF012F521E630856BF1E456F0556BF644556BF012FB5
:2000D00092455447630392479645544963039249964554486303924896455264650556BFDF
:2000E000644556BF012F9245544A6303924A96451B4301F4650B9245521E630356BF1E4598
:2000F0009243944508A9FE0C9645761F02529234521C602F761F02BE922E520160071B43D3
:20010000012C63042B442B2E6F1C922E60061B43014A63032B446F151B4301AE620E2D43E3
:20011000352D08A9CD6AFFA5964456BF012E521E630856BF1E446F0556BF644456BF012EFC
:2001200092445264656756BF644456BF012E6F625212602D761F02BE922E520160071B4377
:20013000012C63042B442B2E6F1A922E60061B43012C63032B446F1392431BA90172620B49
:2001400008A9FEF2964456BF012E521E630856BF1E446F0556BF644456BF012E924452648D
:20015000653956BF644456BF012E6F34761F02BE922E52016009923308A9013654436904CB
:200160002B442B2E6F20922E6008923308A90136544369032B446F17923308A9017C5443D1
:20017000680E92439C1E9E3308A9FECA964456BF012E521E630856BF1E446F0556BF64447F
:2001800056BF012E92445264650556BF644456BF012E9244544E6303924E9644544F630383
:20019000924F9644545063039250964476491F5D5201601B9241523C650356BF3C41761FD5
:2001A00002529234521C60079244523C650956BF3C446F0692445232650356BF3244924550
:2001B0005223650356BF2345761F02BE9221521E63069245521E640356BF0128921F521EE7
:2001C00063069241521E640356BF01269220521E63069244521E640356BF0127922852014E
:2001D000600C92455246630356BF46450A2B922B521468032B2B2B2892265201600C924178
:2001E0005246630356BF46410A299229521468032B292B2692275201600C924452466303B5
:2001F00056BF46440A2A922A521468032B2A2B27924163022B4192415264650356BF644199
:20020000924463022B4492445264650356BF6444924563022B4592455264650356BF644524
:2002100092185201601C56BF644556BF644156BF644428AC01F4761F01291245962D761FE9
:20022000012D1241962B1244962D761F024556BF642456BF642356BF64226F57761F024511
:2002300092215201601492249645922396419222964428AC01F4761F01291245962D761F52
:20024000012D1241962B1244962D6F3F7648F6085201611628AC01F4761F01291245962D6D
:20025000761F012D1241962B1244962D9245761F0245962492419623924496226F26761FED
:2002600002BE92199645921A9641964428AC01F4761F01291245962D761F012D1241962B62
:200270001244962D761F02BE9219761F02459624761F02BE921A761F02459623761F02BED4
:20028000921B761F02459622761F02C6920B60167648F608520361057648F6085204600EB6
:200290009245620592416203924465089A017648F623761F01FC1A0A02009241761F02BE43
:2002A000961F9244962092459621FE908BBE0006761F01FC49086D05761F02BE2B376F090E
:2002B000761F02BE0A3792375278690356BF783792375278FFE80113761F01FCCC010100E7
:2002C000FFC75201600B761F02BD9213520160022B13761F02BE2B346F0D761F02BE0A34EB
:2002D0009234520868072B340A38761F02BD56BF0113761F01FCCC010200FFC85201600B7B
:2002E000761F02BD9215520160022B15761F02BE2B356F0D761F02BE0A35923552086807B9
:2002F0002B350A39761F02BD56BF0115761F01FCCC010400FFC95201600B761F02BD9217E6
:20030000520160022B17761F02BE2B366F0D761F02BE0A369236520868072B360A3A761F54
:2003100002BD56BF0117761F02BD921352016012761F02BE92385203681B2B38FF200400A6
:20032000764997A09A1A764997C19A01764971AE6F0FFF200400764997AB76499788521A97
:2003300060049A00764997C19A00764971AE761F02529234521C604A761F02BD921552010B
:200340006012761F02BE92395203681B2B39FF200400764997A09A1B764997C19A01764990
:2003500071BA6F0FFF200400764997AB76499788521B60049A00764997C19A00764971BADC
:20036000761F02BD921752016012761F02BE923A520368642B3AFF200400764997A09A1C45
:20037000764997C19A01764971C66F58FF200400764997AB76499788521C60049A007649D1
:2003800097C19A00764971C66F49761F02BD921552016012761F02BE92395203681B2B39A1
:20039000FF200400764997A09A1C764997C19A01764971C66F0FFF200400764997AB764975
:2003A0009788521C60049A00764997C19A00764971C6761F02BD921752016012761F02BEF4
:2003B000923A5203681B2B3AFF200400764997A09A1B764997C19A01764971BA6F0FFF201D
:2003C0000400764997AB76499788521B60049A00764997C19A00764971BA00060006FE0228
:2003D0002B4276497C5C9641761F02BE42116C0F9241D5088F00AFBB9B467649D39E520102
:2003E0006017761F02BE1811FFFB6F129241D5028F00AFBB9B507649D38952016009761F93
:2003F00002BE1A1100041A1100021A110001761F02BE41116C0F9241D5088F00AFBD9B320B
:200400007649D39E52016015761F02BE1811FFFD6F109241D5028F00AFBD9B3C7649D38954
:2004100052016007761F02BE1A1100021A110001761F02BE40116C0F9241D5088F00AFBC99
:200420009B147649D39E52016013761F02BE1811FFFE6F0E9241D5028F00AFBC9B1E764903
:20043000D38952016005761F02BE1A1100013B01761F02D68500FF569642761F02BE4F1107
:200440006C109242D5508F00AFBE28A8012C7649D39E52016014761F02BE18117FFF6F0FBD
:200450009242D5508F00AFBE28A8015E7649D38952016005761F02BE1A118000761F02C638
:200460009200520361115204610F761F02BE2B3B2B3C2B3D1811FFFB1811FFFE1811FFFD65
:200470002B3E18117FFFFE820006FE02761F02C692005204604E761F02C492265201600518
:200480007649BF4296416F047649C38C9641761F02BE43116C0F9241D5088F00AFBF9B07FA
:200490007649D39E52016013761F02BE1811FFF76F0E9241D5028F00AFBF9B0A7649D389FE
:2004A00052016005761F02BE1A110008761F02BE44116C0F9241D5088F00AFC09B0F7649C0
:2004B000D39E52016022761F02BE1811FFEF6F1D9241D5028F00AFC09B147649D389520129
:2004C0006014761F02BE1A1100101A1100086F0D761F02BE2B3F761F02BF2B00761F02BED4
:2004D0001811FFF71811FFEFFE820006FE02761F02C3920F52016008761F02BE1811FFDF3E
:2004E0001811BFFF6F49761F02C3920562032B416F059B0A00C9F0099641761F02BE45113E
:2004F0006C0F9241D5088F00AFC19B0F7649D39E52016013761F02BE1811FFDF6F0E924176
:20050000D5028F00AFC19B147649D38952016005761F02BE1A110020761F02BE4E116C0FB4
:200510009241D5088F00AFC29B287649D39E52016013761F02BE1811BFFF6F0E9241D502FF
:200520008F00AFC29B3C7649D38952016005761F02BE1A114000FE820006761F02C3920FD0
:2005300052016006761F02BE1811FFBF6F24761F02BE46116C11761F02C3D5088F00AFC3C2
:200540009B2D92047649D39E52016015761F02BE1811FFBF6F10761F02C3D5028F00AFC358
:200550009B3C92047649D38952016005761F02BE1A1100400006FE027649120F9641761F39
:2005600002BE47116C0F9241D5088F00AFC49B237649D39E52016013761F02BE1811FF7F86
:200570006F0E9241D5028F00AFC49B287649D38952016005761F02BE1A110080761F02BD58
:2005800092375201600F764911FFD5089B2D8F00AFC57649D39E52016013761F02BD2B37AD
:200590006F0F764911FFD5029B378F00AFC57649D38952016005761F02BD56BF0137FE825E
:2005A0000006FE027649AF4F9641761F02BE49116C109241D5088F00AFC628A80708764924
:2005B000D38952016014761F02BE1811FDFF6F0F9241D5028F00AFC628A806A47649D39EB8
:2005C00052016005761F02BE1A110200761F02C692005202610E5204610C5205610A520652
:2005D0006108761F02BF2B06761F02BE1811FDFFFE820006B2BDFE02761F02C69200520467
:2005E00061035205604E7648F5CD520261057648F5CD520960467649CEAB59A97649CEA36D
:2005F00093A155A969032B416F7E76491FED59A97649CEA3D98293A155A967087649C38CED
:200600005205670456BF64416F6E7649CEB7520160097649CEA32DA9350508A9FDC19641FB
:200610006F1A7649CEB75202600A7649CEA32DA9350508A9FB82FFC096416F0D7649CEB77B
:20062000520460097649CEA32DA9350508A9F704FFC196419241525F694656BF5F416F43DE
:200630007649CF9E9B0295A959A87649CEA393A155A969032B416F377649CEB75201600DBE
:200640007649CF9E59A97649CEA32DA992A174AC35059CF696416F227649CEB75202600ED9
:200650007649CF9E59A97649CEA32DA992A174AC35059CF6FFC096416F117649CEB7520487
:20066000600D7649CF9E59A97649CEA32DA992A174AC35059CF6FFC196419241526469032E
:2006700056BF64419241761F02BD9620FE828BBE0006B2BDFE0496417648F6085201FFE9C5
:2006800000A17649204552006006761F02BD282503E86F1276491FD6761F02BD9CFB962576
:2006900076492045761F02BD5425670676492045761F02BD962576492003761F02BD9625C8
:2006A0007649CEAB59A97649203A93A155A966057649203A96426F047649CEAB9642761F41
:2006B00002C39B0A920200C9F0099643761F026F920D544369029643761F02BD922360297F
:2006C000761F026F5D4193428F00AF67920D7649D39E520161057649CEBB52016037761FAD
:2006D00002BD56BF01232B27761F02BA92065202600B7649C3949B0A00C9F0735203600478
:2006E0009A0A7649C3BC761F02BF28070BB86F1E92435D4193258F00AF677649D389520105
:2006F0006004761F02BD2B23761F02BF920761030B076F0C7649C3949B0A00C9F0735203C8
:200700006005761F02BD2B232B27764921BC52026015761F02C6920052036010761F02BA16
:2007100092276005761F02BD92236106761F02BD56BF01266F062B266F04761F02BD2B26CD
:20072000FE848BBE0006FE0296417649CE98520160127649CEA3761F026F5D418F00AFC84D
:20073000930F7649D38952016006761F02BF2B087649CF08FE8200067649CEA3761F026F58
:20074000D419930E7649CE0C5201600A0240764997A09A04764997C19A01764970A6764999
:200750009780BE409B0090400FA66034761F02C6920061115206610F7649AF2B5200600B41
:200760009A04764997C19A01764970A69A019B017649EE277649CEA3761F026F540F681632
:20077000761F02BD0A1292125296681D2B120240764997AB9A00764970A6764997885204C5
:2007800060129A00764997C16F0E761F02BD2B126F0A761F02C69200610652066104761F07
:2007900002C62B3C0006764921BC5200600E7649CEBB5201611C7649CED6520161187649B2
:2007A000C394520D60146F13761F02BD92235201610E761F02BA922752016109761F02BDA7
:2007B000922361057649C394520D6001000676492214520160207648F5BD5200611F76486A
:2007C000F5BD5203661B764997809A00610F0201761F02BF560100208F02A300A8A90F202D
:2007D000660D9A007648F9426F090200761F02BF1E206F049A007648F9420006761F02BD95
:2007E0000A2A922A542968022B2A9228542A69010006B2BDFE02764922405200600F0200D2
:2007F000761F02BF1E261E28761F02BD2B2B8F020000A8A9764997AB6F54761F02BD922BA8
:20080000602D7649224B59A97649CEA393A155A966070201761F02BF560100266F05020002
:20081000761F02BF1E267649208788A9FF2841EB1EAC566500A6A942761F02BF06420F265B
:20082000663002001E26761F02BD56BF012B8F020000A8A9764997A06F240201761F02BF83
:2008300056010028764922568F02BF200EA9A8AC566500A9A942761F02BF06420F286905E5
:200840007649CED65200610D0200761F02BF1E28761F02BD2B2B8F020000A8A9764997AB4A
:20085000FE828BBE0006761F02C6920052046109761F02BD56BF272C761F02BF2B096F163F
:20086000761F02BD922C5227690C761F02BF0A0992095219690B761F02BD56BF272C6F0664
:2008700056BF272C761F02BF2B090006761F02C692005201617B7649AFD152006009764999
:20088000AFD6520060057649AFCB5200610D76498FA25200602E76498FA75200602A7649C3
:200890008F9C52006026761F02BD2B36761F02C49237523C6714761F023D92115206670F1E
:2008A000761F02BD0A351B35026C69212B35761F01FC4C016D1C1A0310006F19761F02BD8C
:2008B0002B35761F01FC4C016C121A0510006F0F761F02BD56BF01342B350A3661082B36B6
:2008C000761F01FC4C016C031A051000764959631BA904E26306764959671BA904E2641E62
:2008D000761F02BF920C5201600B0A0A920A521469072B0A2B0C761F01FC1A0C0100761F16
:2008E00002BF0A0B1B0B026C69112B0B761F01FC48086D0C1A0A01006F09761F02BF56BF7B
:2008F000010C761F01FC1A0C01000006761F02C69200520360010006B2BDFE02761F02C6A5
:2009000092005203603976491FAA5202613576491FAA5203613176491FAA5204612D76494B
:200910007C60523268147649CEB72DA935697649CF497649CEB72DA935737649CF3F76490E
:20092000CEB72DA9356E7649CF216F337649CEB72DA935D7FFC07649CF497649CEB72DA992
:2009300035EBFFC07649CF3F7649CEB72DA935737649CF216F1E76491FB57649CF497649D4
:20094000CEB72DA9350A1E4276491FB593A9924294A87649CF3F7649CEB72DA935051E423D
:2009500076491FB593A9924294A896427649CF2176491FB57649CF49764920C993A99A1425
:2009600094A87649CF3F764920C97649CF2176491FD6761F026F961E76491FED59A976491D
:20097000122F761F026F94A1961F761F02B9412C6C1D922B761F02B990FF94087649CF49E1
:20098000761F02B9922A761F02B990FF9408761F026F961E761F02B9CC2AFF00761F02B981
:20099000FFC79408761F026F961FFE828BBE0006FE069645A044A84292C4610F924554C4F9
:2009A000690C8A440AC48A441BC41C2069088A422BC48A442BC46F038A442BC4FE8600069B
:2009B0008F00B1B49A038F40AFCD764909989A038F00B1B68F40AFCE764909989A038F0080
:2009C000B1B58F40AFCF764909989A038F00B1B98F40AFD0764909989A038F00B1BA8F405A
:2009D000AFD1764909989A038F00B1848F40AFD2764909989A038F00B1968F40AFD3764993
:2009E00009989A038F00B1988F40AFD4764909980006B2BDAABDFE062845465056BF4E46A3
:2009F000761F02529234521C60182845458856BF4E46761F02C792176005761F02C79218FB
:200A00006107764959952DA9350396446F022B449244631B2B446F195212601728452E1820
:200A100056BF3546761F02C792176005761F02C79218610776495995560301A996446F025F
:200A20002B44924463022B447649CEA3BE642D4430A9C24200C9EF92761F02BE9608764901
:200A3000CF925AA97649CF9694A259A97649CEA3BE642DA130A9C24200C9EF92761F02BE4A
:200A4000FF5C96099E089607764921BC5202601C7649979452006109761F02E2921F6005B8
:200A50007649202F96436F3E76498FBD5200610A761F02E2921F520160057649210B964384
:200A60006F312B436F2F764997945200610D761F024592196109761F02E2921F60057649E1
:200A7000202F96436F1F764920F55200610D761F024592196009761F02E2921F60057649DE
:200A8000202F96436F0F76498FBD5200610A761F02E2921F520160057649210B96436F02D1
:200A90002B437649200E59A97649CEA3BE0A2DA936A1C24200C9EF92761F02BD963E761F39
:200AA00002B9412C6C1B76492050520060177649CEA3BE64761F02B92D2D30A9C24200C9ED
:200AB000EF92761F02BE9601761F02BD923E761F02BE5401632296016F20764920505200BF
:200AC00060167649CEA3761F02BD2DA93506543E63147649CEA3BE0A2DA99A3C36A9C2427B
:200AD00000C9EF92761F02BD963E6F07761F02BD923E761F02BE9601761F02BD923E9C64EA
:200AE000543D63049A64743D6F0A923E9CEC543D6504083D00146F03923E963D761F02BEC1
:200AF0009201761F02BD543D6302963D7649CEA3BE0A2D4330A9C24200C9EF92761F02BD53
:200B0000963C9C64543B63049A64743B6F0A923C9CEC543B6504083B00146F03923C963B31
:200B1000761F02E2921F520161207649AF4F1BA908FC68097649DD25761F02BD93459FA99C
:200B2000973F6F317649AF4FBE0A2D4630A9C242090500C9EF928BA97649DD25761F02BDC9
:200B300093A19FA9973F6F1F76498F441BA908FC68097649DD25761F02BD93459FA9973FEF
:200B40006F1276498F44BE0A2D4630A9C242090500C9EF928BA97649DD25761F02BD93A195
:200B50009FA9973F9245543F6502923F5200963F62029A00963F761F02E2921F52016012DC
:200B6000764921DD59A976498F44BE642DA936A1C24200C9EF92761F02BE08A9FED4960F8A
:200B70006F11764921DD59A97649AF4FBE642DA936A1C24200C9EF92761F02BE08A9FED474
:200B8000960F76492235761F02BE08A9FED4540F630876492235761F02BE08A9FED4960F61
:200B90009245540F6303960F6F04920F63022B0F761F02C492285201602D76492019761FCB
:200BA00002C4542A67117649201959A97649CEA3BE0A2DA936A1C24200C9EF92761F02BE37
:200BB000FF5C960B6F0F7649CEA3BE0A761F02C42DA9362AC24200C9EF92761F02BEFF5C24
:200BC000960B761F02D69201761F02BE9604FFEF0205761F02E2921F5201FFE0008E761F11
:200BD00002BD923B761F02BE960B7649228D88A906A619C81EA63B01761F02BE850B0FA6BD
:200BE000650A7649228D761F02BE08A9FF38960B63022B0B7649228D88A93B0185450FA645
:200BF000642E7649DD2159A97649228DEAA108A1FF38761F02BE92A1540B630C7649DD21A8
:200C00008BA97649228DEAA108A1FF38761F02BE790B7649228D3B0108A9FF3885A98BA9FA
:200C100076498FB51EA6B2A90FA66326761F02BE1B0DFFEC6321080D00146F1E7649DD2105
:200C2000761F02BE93459FA9550B63087649DD21761F02BE93459FA9970B76498FB51EA6D9
:200C30003B0185450FA66308761F02BE1B0DFFEC6303080D0014761F02BD923D761F02BE0F
:200C40009E08540B6308761F02BD923D761F02BE9E08960B761F02D69201761F02BE960476
:200C50009245540B6502920B5200960B62029A00960BFFEF0173764921BC52006109764840
:200C6000F59E52006105761F0245921961637649222A5200611F7649DD21761F02BE930F4D
:200C70009FA9970B761F02BD923B761F02BE540B6302960B7649AFE41EA63B01761F02BEF8
:200C8000850F0FA6630D1B0DFFEC630A080D00146F07761F02BD923B761F02BE960B761FD0
:200C900002BD923D761F02BE9E08540B6308761F02BD923D761F02BE9E08960B7649DD2175
:200CA000761F02BE93459FA9550B63087649DD21761F02BE93459FA9970B7649AFE41EA60A
:200CB0003B0185450FA66308761F02BE1B0DFFEC6303080D0014761F02BE2B049245540B4D
:200CC0006502920B5200960B62029A00960BFFEF0105764921BC5201FFE0009D7649222A14
:200CD000520061287649DD213B01761F02BE85A91EA68508810F761F02BF03A61E249224D5
:200CE000761F02BE9E08960B761F02D69201761F02BE96047649AFE41EA63B01761F02BEC2
:200CF000850F0FA663341B0DFFEC6331080D00146F2E761F02C792176005761F02C7921823
:200D000061157649DD213B01761F02BE1EA68508761F02BD813B761F02BF03A61E249224B7
:200D1000761F02BE9E08960B6F107649DD211EA63B01761F02BF924593A69EA885A91E24CF
:200D20009224761F02BE960B920896047649AFE41EA63B0185450FA66308761F02BE1B0D1A
:200D3000FFEC6303080D0014761F02BE920B6513761F02BD923D761F02BE9E08540B6308D7
:200D4000761F02BD923D761F02BE9E08960B920B63022B0B761F02BD923B761F02BE540BC7
:200D50006205761F02BD933B6F02930B761F02D69201761F02BEFF5C970B540B6406761F3B
:200D600002D69201FF5C6F02920B761F02BE960B6F64764921BC5202605D764997945200ED
:200D7000614C7649222A5200611F7649DD21761F02BE930F9FA9970B761F02BD923B761F85
:200D800002BE540B6302960B7649AFE41EA63B01761F02BE850F0FA6630D1B0DFFEC630A4E
:200D9000080D00146F07761F02BD923B761F02BE960B761F02BD923D761F02BE9E08540B10
:200DA0006308761F02BD923D761F02BE9E08960B7649AFE41EA63B0185450FA66308761F38
:200DB00002BE1B0DFFEC6303080D0014761F02BE920B63092B0B6F077649DD21761F02BEA5
:200DC000FF5C960B761F02D69201761F02BE96046F04761F02BE2B0B761F02D69202761F94
:200DD00002BD96389238761F02BE96007649201959A97649CEA3BE0A2DA936A1C24200C955
:200DE000EF92761F02BF1E22764959753B01761F02BF85A907228BA97649597988A93B0134
:200DF000761F02BFB2A981A61E22761F02D68501761F02BF0F226308761F02D68501761F5E
:200E000002BF1E226F050622630302001E22764920192DA9350A8BA97649CF925AA976496A
:200E1000CF9693A194A255A9630B761F02BE080300051B0307D0650D280307D06F0A9A05A1
:200E2000761F02BE74031B03FE0C62032803FE0C761F02BF9222761F02BE9E039602630227
:200E30002B02920BFF5C9605633D7648F5CD52026039761F02BE92059307FF5C9D1454A847
:200E400065049A0A740D6F1292059307FF5C9D9C54A86304080D00326F0992059307FF5C10
:200E50009DEC54A86303080D000A9307920508A8FED4FF5C54A86303080D004B1B0D03E895
:200E6000640428A903E86F02920D960D1B0DF7CC620328A9F7CC960D7205920565062B056B
:200E70006F04761F02BE2B0D9207761F02BD9E3B761F02BE9405960A65022B0A761F02D605
:200E80009201761F02BE54056205761F02D693016F029305761F02BE92459705FF5C540524
:200E900064049245FF5C6F029205960592045405620393046F029305920A9705540563021B
:200EA00092059605761F02D69201761F02BE54056205761F02D693016F029305761F02BD8D
:200EB000923F761F02BEFF5C970554056406761F02BD923FFF5C6F029205761F02BE9605CA
:200EC00092025405620393026F02930592009705FF5C540564049200FF5C6F029205960548
:200ED0007649B48B59A99AFA764946FCBE0A2DA930A1C24200C9EF92761F02BE960C540560
:200EE0006203930C6F029305FF5C970554056404920CFF5C6F02920596057648F60852047F
:200EF000FFE000F17648F5CD520261067648F5CD5209FFE000E87649B48B88A9761F02BEB1
:200F00003405373CC24200C9EF921EA6020A1E42DE0506A600C9EF929606761F0252923483
:200F1000521C6012761F02BE1B061D4C640428A91D4C6F02920696061B06D508620328A987
:200F2000D50896066F11761F02BE1B061388640428A913886F02920696061B06E37C620349
:200F300028A9E37C9606761F02E2921F520161075200600A761F024592196106761F02BEF1
:200F4000920665022B06761F02BE920665427649AF5328AC016A2901761F02BE30A9FF4A2C
:200F50009C05960E7649CF9E761F02BE540E69067649CF9E764966866F04920E7649668655
:200F60009A0076496693761F02BD2B3A92399C05761F02BE5406640B9206764966A6761FE4
:200F700002BE9206761F02BD96396F08761F02BD083900059239764966A67648F5CD52026B
:200F800060733B10761F02C656BF090229106F6C520063497649C39076496686761F02BD93
:200F90002B399A00764966A67649C3949B0A00C9F0735200600A7648F5CD52026022761FEA
:200FA00002C692335201601D761F02BD923A761F02BE9CFB5406620C9206FF5C7649669355
:200FB000761F02BE9206761F02BD963A6F119A05761F02BD743A923AFF5C764966936F0899
:200FC000761F02BD2B3A923AFF5C764966937648F5CD520960293B10761F02C656BF020254
:200FD00029106F229A00764966939A00764966A6761F02C656BF0202761F02BD2B3A2B39ED
:200FE0006F137649CEA3764966869A00764966939A00764966A6761F02C692006005761FF4
:200FF00002BD2B3A2B39FE86FF6986BE8BBE0006FE042B437649218F5201603276492050E7
:201000005201602E761F02BF0A151B150BB8682B2B159AFA761F023F9E3D96436314764960
:2010100020B32D438F0003E832A9A9A9FF331EA6A842A9A9FF3207A600C9EF92761F02BE27
:2010200096156F04761F02BE2B151B15FFE263042815FFE26F08921565062B156F04761F96
:2010300002BE2B15761F02BE92159614FE8400067648F608520061057648F6085202601A74
:20104000761F01FC4E116C13761F02BF0A169216526469102B169A017649706B9A587649AC
:2010500097B79A019B017649EE276F04761F02BF2B160006761F01FC4C106C034D106D14DC
:20106000761F02BF2B180A179217526469152B179A01764970539A56764997B79A019B0146
:201070007649EE276F09761F02BF2B170A181B1801F469022B180006B2BD7648F608520100
:20108000FFE90129761F01FC4F096C26761F02BF2B1A7649AF5359A97649DD153B019EA138
:2010900085A9FF561BA903846513761F02BF0A1992195219654E2B199A0176496F0F9A3BC7
:2010A000764997B79A019B017649EE276F42761F02BF2B196F3E761F02BF2B197648F608CA
:2010B000520061097648F608520260337648F5CD5207612F7649AF5359A97649DD153B01A8
:2010C0009EA185A9FF561BA901F463207649AF531BA90258691B761F01FC4E096D17764983
:2010D0001F5252006013761F02BF0A1A921A521965102B1A9A0176496F1B9A3C764997B7B8
:2010E0009A019B017649EE276F04761F02BF2B1A761F01FC4E096C2A76498FB95201602678
:2010F000761F02BF2B1C76498F4859A97649DD153B019EA185A9FF561BA903846513761FA4
:2011000002BF0A1B921B521965502B1B9A0176496F279A3D764997B79A019B017649EE27F7
:201110006F44761F02BF2B1B6F40761F02BF2B1B7648F608520061097648F6085202603508
:201120007648F5CD52076131761F01FC4E096D2A4F096D2876498F481BA9025869237649D8
:201130008F4859A97649DD153B019EA185A9FF561BA901F4631776491F5252006013761F5A
:2011400002BF0A1C921C521965102B1C9A0176496F339A3E764997B79A019B017649EE27E7
:201150006F04761F02BF2B1C761F01FC40106C26761F02BF2B1E7649B48B59A97649DD15AB
:201160003B019EA185A9FF561BA903846513761F02BF0A1D921D5219653D2B1D9A017649D3
:201170006F3F9A3F764997B79A019B017649EE276F31761F02BF2B1D6F2D761F02BF2B1D48
:201180007648F608520260267649B48B59A97649DD153B019EA185A9FF561BA901F46317D7
:201190007649B4E752326913761F02BF0A1E921E521965102B1E9A0176496F4B9A407649E1
:2011A00097B79A019B017649EE276F04761F02BF2B1E8BBE00060006764926A05200613700
:2011B0000201761F02BF072A1EA61E2AFF29278D0FA667061E2A761F02BE56BF0117761F2C
:2011C00002BE92175201600A761F023D923952096005761F02BE56BF0118761F02BE921808
:2011D0005201600C761F02BF0A1F921F527868062B1F761F02BE2B182B17761F02BE9218B5
:2011E000600E0200761F02BF1E2A6F090200761F02BF1E2A761F02BE2B172B180006761F54
:2011F00002BD92110006FE0E5DADA84EC54EDD8C0EA58AA9F60B24849243FE8E0006FE02F9
:201200002B413B10FF697649497E544165047649497E964129109241FF69FE820006761F3F
:2012100002CE923F0006761F02BD92190006761F02BD921A0006761F02BD92130006761F78
:2012200002BD92200006761F02BD92210006761F02BD92280006761F02BD922B0006761F6A
:2012300002BE92140006FE049643A842020907421EA7924396C7FE840006FE0296413B1078
:20124000761F02BD96132910FF69FE820006FE0296413B10761F02BD96212910FF69FE821C
:201250000006FE0296413B10761F02BD96242910FF69FE820006FE0296413B10761F02BDAB
:2012600096252910FF69FE820006FE02974296413B10761F02BD9628924296292910FF694B
:20127000FE820006FE0696432B442B458F009100A8422B456F055845929472440A45924391
:201280009CFF544566F98844761F02470E180FA660039A016F029A00FE860006FE089746C0
:201290009645A8422B478F009100A8442B476F0B804506A707421EA78A44584592C79694A1
:2012A0000A450A479246544766F4FE880006FE0897469645A8422B478F009200A8442B479C
:2012B0006F0B804506A707421EA78A44584592C796940A450A479246544766F4FE8800063D
:2012C000FE0897469645A8422B478F009100A8442B476F0B804506A707421EA78A44584511
:2012D00092C796940A450A479246544766F4FE880006FE062B432B4556BF03469A008F0019
:2012E000910028A801B27649E10152006013761F024788172901FF20AAAA0FA6600B9AD9C7
:2012F0007649127252016006FF202000764997AB6F4D0B4660E42B448F00910029016F0326
:201300000A430A44924452D9670758448894FF20AAAA0FA660F6761F0290062A1E428A420A
:2013100092459BD87649128E9227520160259220764924AE761F02909221764924B9761F35
:2013200002909222764924C4761F02909223764924CF761F02909224764924DA761F029071
:201330009225764923F1761F02909226764923FD761F02902B27761F01FC1A0C0004764961
:2013400013B6761F01FC1A0A0004FE860006FE062B432B4556BF034628A904008F0092004A
:2013500028A801B27649E10152006013761F024B88172901FF20AAAA0FA6600B9AD9764924
:20136000127252016006FF202000764997AB6F4D0B4660E32B448F00920029016F030A4327
:201370000A44924452D9670758448894FF20AAAA0FA660F6761F0290062A1E428A42924510
:201380009BD8764912A79227520160259220764924AE761F02909221764924B9761F0290F1
:201390009222764924C4761F02909223764924CF761F02909224764924DA761F02909225DC
:2013A000764923F1761F02909226764923FD761F02902B27761F01FC1A0C0004764913F1A4
:2013B000761F01FC1A0A0004FE860006FE062B4456BF0345761F02472B188F009100A842DE
:2013C0002B43924352D867085843929472180A43924352D868FA9A008F00910028A801B2FB
:2013D0007649E09B520060165CAD28A901B09B02DC845CA47649E1015200600C761F024736
:2013E00088180E440FA66006FF202000764997AB6F070B4560E1FF202000764997A0FE86E0
:2013F0000006FE062B4456BF0345761F024B2B188F009200A84228430400924352D86708FA
:201400005843929472180A43924352D868FA28A904008F00920028A801B27649E09B5200CE
:2014100060165CAD28A901B09B02DC845CA47649E1015200600C761F024B88180E440FA6D6
:201420006006FF202000764997AB6F070B4560E0FF202000764997A0FE860006FE042B43D1
:20143000761F0290062A1E429BD88A4292437649128EFE840006FE042B438F009100A84270
:201440009BD89243764912A7FE840006FE042B438F009200A8429BD89243764912C0FE846E
:201450000006FE0697449643A8427649DF859AA07649E02B7649E02196455201600576499B
:20146000DFAF9A016F4ECC43FF00FFC77649E02B7649E0219645520160057649DFAF9A01AD
:201470006F40CC4300FF7649E02B7649E0219645520160057649DFAF9A016F332B469244B1
:201480005446692140466D0A8A429246FFC058A99294FFC77649E02B6F098A429246FFC036
:2014900058A9CC9400FF7649E02B7649E0219645520160057649DFAF9A016F130A4692442F
:2014A000544666E17649DFAF761F029056BF012828A9BFFF7649EDE6520061FB9A006F01C0
:2014B000FE860006B2BDFE042B432B4476491F52520568069A0076491F4B56BF0143764974
:2014C0001F5D520169069A0076491F5656BF014376491F681BA901F469069A7D76491F61E3
:2014D00056BF014376491F731BA901F469069A7D76491F6C56BF014376491F7E1BA901F45B
:2014E00069069A7D76491F7756BF014376491F891BA901F469069A7D76491F8256BF014359
:2014F00076491F9F520169069A0076491F9856BF014376491FAA520469069A0276491FA3CA
:2015000056BF01437649CEB72DA935828BA976491FB593A155A9680B7649CEB72DA9356482
:201510008BA976491FB593A155A969097649CEB72DA9356976491FAE56BF01437649CEB76F
:201520002DA935A58BA976491FC093A155A9680B7649CEB72DA935788BA976491FC093A1B7
:2015300055A9690728A9027676491FB956BF014376491FCB520269069A0076491FC456BF37
:2015400001437649CEB72DA935968BA976491FD693A155A9680B7649CEB72DA935788BA9DA
:2015500076491FD693A155A969097649CEB72DA9359076491FCF56BF01437649CEB72DA924
:2015600035968BA976491FED93A155A9680B7649CEB72DA935788BA976491FED93A155A904
:2015700069097649CEB72DA9358876491FE556BF014376491FF888A92901FF20FFFF0FA6F3
:20158000630728A9FFFF76491FF156BF01437649CEB72DA9358C8BA97649200393A155A9C7
:20159000680B7649CEB72DA935738BA97649200393A155A9690728A901E076491FFC56BFAD
:2015A0000143761F025292345212604C7649200E52F069069ACD7649200756BF0143764925
:2015B000201952F069069AC87649201256BF01437649202452F0660576492024520A670609
:2015C0009AF07649201D56BF01437649202F529669069A967649202856BF01437649210B4C
:2015D000529669069A967649210456BF0143764921DD1BA901B8690728A901B8764921D64D
:2015E00056BF01437649228D88A92901FF20EA600FA6635828A927107649228656BF014328
:2015F0006F517649200E1BA9015E690728A9012C7649200756BF0143764920191BA9015E43
:20160000690728A9012C7649201256BF0143764920241BA9015E660576492024520A6707B4
:2016100028A9015E7649201D56BF01437649202F52DC69069ADC7649202856BF01437649F5
:20162000210B52DC69069ADC7649210456BF0143764921DD1BA9028A690728A9028A764995
:2016300021D656BF01437649228D88A92901FF20EA600FA6630728A93A987649228656BFDA
:2016400001437649CEB72DA935878BA97649203A93A155A9680B7649CEB72DA9356E8BA98D
:201650007649203A93A155A969097649CEB72DA935737649203356BF01437649CEB72DA976
:2016600035918BA97649204593A155A9680B7649CEB72DA935788BA97649204593A155A956
:2016700069097649CEB72DA935877649203E56BF014376492050520269069A0076492049E8
:2016800056BF01437649218F520169069A017649218856BF01437649205B520169069A00CE
:201690007649205456BF0143764920661BA902586606764920661BA901E0670728A902486C
:2016A0007649205F56BF0143764920711BA90384660576492071520567069A3C7649206A5A
:2016B00056BF01437649207C1BA9038466057649207C520567069A787649207556BF0143D2
:2016C00076492087525A69069A5A7649208056BF0143764920921BA9096069069A00764977
:2016D000208B56BF01437649209D520169069A007649209656BF0143764920A81BA9270FCF
:2016E0006605764920A85200600728A9012C764920A156BF0143764920B3521469069A0067
:2016F000764920AC56BF0143764920BE521469069A00764920B756BF0143764920C91BA98F
:20170000021C6606764920C91BA901B8670728A901CC764920C256BF0143764920D45232DD
:201710006605764920D4521467069A14764920CD56BF0143764920DF52646605764920DF78
:20172000521E67069A32764920D856BF0143764920EA522869069A0A764920E356BF01437F
:20173000764920F5520169069A01764920EE56BF014376492100520169069A00764920F92E
:2017400056BF014376492116525A660576492116520A67069A1E7649210F56BF01437649A5
:2017500021215264660576492121523267069A507649211A56BF01437649212C525A6605C4
:201760007649212C520A67069A1E7649212556BF01437649213752646605764921375232AB
:2017700067069A5F7649213056BF0143764921421BA902286606764921421BA9019A67071F
:2017800028A901EA7649213B56BF01437649214D1BA9024066067649214D1BA901E067073A
:2017900028A902287649214656BF0143764921581BA902286606764921581BA9019A670728
:2017A00028A901EA7649215156BF0143764921631BA902406606764921631BA901E06707D8
:2017B00028A902287649215C56BF01437649216E520169069A007649216756BF0143764980
:2017C0002179520169069A017649217256BF014376492184520169069A017649217D56BF34
:2017D00001437649219B1BA9096062067649219B1BA90898630728A908FC7649219356BFFF
:2017E00001437649219F520169069A00764921A356BF0143764921B1520169069A00764942
:2017F00021AA56BF0143764921BC520269069A00764921B556BF0143764921E81BA9012C15
:201800006605764921E8521E67069A1E764921E156BF0143764921F3520169069A007649F8
:2018100021EC56BF014376492209520169069A007649220256BF0143764922145201690619
:201820009A007649220D56BF01437649221F520169069A007649221856BF01437649222A0E
:20183000520169069A007649222356BF0143764922351BA93A98690728A93A987649222E11
:2018400056BF014376492240520169069A007649223956BF01437649224B1BA9021C6606C5
:201850007649224B1BA901B867069A007649224456BF014376492256520C69069A007649ED
:20186000224F56BF014376492261520169069A007649225A56BF01437649226C520169065D
:201870009A007649226556BF014376492087525A69069A1E7649208056BF014376492277D6
:201880005202690C9A00764922709A017649227B9A007649221856BF0143764922825201FB
:2018900069069A007649227B56BF014376492298520169069A007649229156BF014376491B
:2018A00022A31BA9271069069A007649229C56BF0143764922AE1BA902586606764922AEE1
:2018B0001BA901E0670728A9021C764922A756BF0143764922B91BA9024E6606764922B981
:2018C0001BA9019A670728A901FE764922B256BF0143764922C4526469069A5F764922BD1E
:2018D00056BF0143764922CF525F69069A55764922C856BF0143764922DA520169069A00C7
:2018E000764922D356BF0143764922E5520169069A00764922DE56BF0143764922F01BA90C
:2018F00009F46606764922F01BA9060C670728A90800764922E956BF0143764923061BA9B2
:2019000009F46606764923061BA9060C670728A90800764922FF56BF01437649231C1BA95E
:2019100009F466067649231C1BA9060C670728A908007649231556BF0143764923321BA90B
:2019200009F46606764923321BA9060C670728A908007649232B56BF0143764923481BA9B9
:2019300009F46606764923481BA9060C670728A908007649234156BF01437649235E1BA967
:2019400009F466067649235E1BA9060C670728A908007649235756BF0143764923741BA915
:2019500009F46606764923741BA9060C670728A908007649236D56BF01437649238A1BA9C3
:2019600009F466067649238A1BA9060C670728A908007649238356BF0143764923A01BA971
:2019700009F46606764923A01BA9060C670728A908007649239956BF0143764923B61BA91F
:2019800009F46606764923B61BA9060C670728A90800764923AF56BF0143764923CC1BA9CD
:2019900009F46606764923CC1BA9060C670728A90800764923C556BF0143764923E21BA97B
:2019A00009F46606764923E21BA9060C670728A90800764923DB56BF0143764923F91BA928
:2019B00009F46206764923F91BA9060C630728A90800764923F156BF0143764924101BA9DB
:2019C00009F46606764924101BA9060C670728A908007649240956BF0143764924261BA97C
:2019D00009F46606764924261BA9060C670728A908007649241F56BF01437649243C1BA92A
:2019E00009F466067649243C1BA9060C670728A908007649243556BF0143764924471BA9E3
:2019F00009F46606764924471BA9060C670728A908007649244056BF0143764924521BA9B2
:201A000009F46606764924521BA9060C670728A908007649244B56BF01437649245D1BA980
:201A100009F466067649245D1BA9060C670728A908007649245656BF0143764924681BA94F
:201A200009F46606764924681BA9060C670728A908007649246156BF0143764924731BA91E
:201A300009F46606764924731BA9060C670728A908007649246C56BF01437649247E1BA9ED
:201A400009F466067649247E1BA9060C670728A908007649247756BF0143764924891BA9BC
:201A500009F46606764924891BA9060C670728A908007649248256BF0143764924941BA98B
:201A600009F46606764924941BA9060C670728A908007649248D56BF01437649249F1BA95A
:201A700009F466067649249F1BA9060C670728A908007649249856BF0143764924AA1BA929
:201A800009F46606764924AA1BA9060C670728A90800764924A356BF0143764924ED52141E
:201A90006205764924ED520E63069A12764924E556BF01437649251D520165069A00764951
:201AA000251556BF014376492529520165069A007649252156BF01437649254152026506EC
:201AB0009A007649253956BF01437649254D520165069A007649254556BF014376492559BE
:201AC000520165069A007649255156BF0143764925C4521F6605764925C4520060069A01A1
:201AD000764925BD56BF0143764925E5520169069A00764925DE56BF01437649260652017E
:201AE00069069A00764925FF56BF0143764926111BA903E7660576492611521E67069A78AD
:201AF0007649260A56BF01437649261C520169069A007649260A56BF0143764925F05201C2
:201B000069069A00764925E956BF0143764925FB520169069A00764925F456BF014376496B
:201B10002627520F660576492627520060069A017649262056BF0143764926325201690606
:201B20009A007649262056BF01437649263D520169069A017649263656BF0143764926488D
:201B3000520169069A017649264156BF014376492653520169069A007649264C56BF01439B
:201B40007649265E526369069A007649265756BF014376492674520169069A007649266DE8
:201B500056BF01437649267F1BA9753069069A007649267856BF01437649268A520169065F
:201B60009A007649268356BF014376492695520169069A007649268E56BF0143764926A0E3
:201B7000520169069A007649269956BF0143764926AB520169069A00764926A456BF014354
:201B8000764926B6520169069A00764926AF56BF0143764926C11BA90A8C6606764926C14F
:201B90001BA90992670728A90A8C764926BA56BF0143764921B152006012764926CC1BA93F
:201BA000079E6606764926CC1BA90384671828A90384764926C556BF01436F11764926CC0D
:201BB0001BA9079E6606764926CC1BA906A4670728A906A4764926C556BF01437649219FB6
:201BC0005200610A7649219F520161069A00764921A356BF0143764923F91BA909F4620695
:201BD000764923F91BA9060C630728A90800764923F156BF0144764924ED520E640576497C
:201BE00024ED5214650C9A0E764924E5764924D62DA93564764924CF56BF01443B102910D5
:201BF000761F024688032901FF20FFFF0FA6600B3B10761F02C5A30EFF68A9A9FF3210AC08
:201C00001E0E2910761F02C58F002710FF69060EA84200C9EFA1764923FD56BF0144761FB0
:201C100002461B03060C68041B0309F469073B1028030800291056BF01441B07060C680494
:201C20001B0709F469073B1028070800291056BF01441B04060C68041B0409F469073B108C
:201C300028040800291056BF01441B06060C68041B0609F469073B1028060800291056BFD1
:201C40000144FF69764921BC520269069A00764921B556BF0143764921B1520169139A00F6
:201C5000764921AA764921B15200600628A90384764926C56F0528A906A4764926C556BFF1
:201C60000143764921B152006012764926CC1BA9079E6606764926CC1BA90384671828A9F9
:201C70000384764926C556BF01436F11764926CC1BA9079E6606764926CC1BA906A4670737
:201C800028A906A4764926C556BF01437649AB2A764987E7764926C11BA90A8C66067649DA
:201C900026C11BA90992670728A90A8C764926BA56BF014376491FE1520369069A02764943
:201CA0001FDA56BF014376491FAA520469069A0276491FA356BF014376491FCB52026906A3
:201CB0009A0076491FC456BF014376491FF85200613776491FF8520A613376491FF85214BD
:201CC000612F76491FF85228612B76491FF8523C612776491FF8525A612376491FF8527806
:201CD000611F76491FF85296611B76491FF852B4611776491FF852D2611376491FF852F060
:201CE000610F76491FF888A92901FF20FFFF0FA6610728A9FFFF76491FF156BF0143761F7D
:201CF00002529234521260147649202452F069069AF07649201D56BF01437649202F529659
:201D0000691B9A967649202856BF01436F15764920241BA9015E690728A9015E7649201D69
:201D100056BF01437649202F52DC69069ADC7649202856BF01437649261C5200610A76495C
:201D2000261C520161069A017649261556BF0143764922095200610A76492209520161066E
:201D30009A017649220256BF0143764922145200610A76492214520161069A017649220DD2
:201D400056BF0143764921FE5200610A764921FE520161069A00764921F756BF014376496E
:201D50001FC0761F02BD5404660976491FD659A976491FC093A155A96908761F02BD920498
:201D600076491FB956BF014376491FD659A976491FED93A155A9670776491FD676491FE5DB
:201D700056BF014376491F52520768069A0076491F4B56BF01437649226C520169069A003E
:201D80007649226556BF0143764923F95200600A28A90800764923F19A00764923FD56BFD3
:201D9000014476491F9F520169069A0176491F9856BF01437649219B1BA908986111764935
:201DA000219B1BA908FC610C7649219B1BA90960610728A908FC7649219356BF01437649C2
:201DB000205B5201661976491FAA520060057649205B5201611176491FAA52036005764987
:201DC000205B5201610976491FAA5204600A7649205B520160069A007649205456BF01436A
:201DD0007649CEB752046012764920661BA902626606764920661BA901E0672928A9024879
:201DE0007649205F56BF01436F227649CEB752026011764920661BA9013B660576492066BD
:201DF00052FA671528A901247649205F56BF01436F0E7649206652A0660576492066527D4B
:201E000067069A927649205F56BF0143764920711BA9038469069A3C7649206A56BF014310
:201E10007649207C1BA9038469069A787649207556BF01437649207C59A97649207193A1FD
:201E200055A967087649207CFFC07649206A56BF014376492087525A69069A1E76492080E1
:201E300056BF0143764925C452006105764925C4521F69069A01764925BD56BF01437649FD
:201E400021E81BA9012C69069A1E764921E156BF0143764921F3520169069A00764921EC4C
:201E500056BF014376492240520169069A007649223956BF014376492087525A69069A1EF0
:201E60007649208056BF014376492256520C69069A047649224F56BF01439A017649220201
:201E70009A017649220D761F02529234521C600628A9015E7649201D6F049AF07649201D21
:201E8000761F02452B219A017649218892445201600B761F01FC1A0C0004764913B6761FAA
:201E900001FC1A0A000492435201600B761F01FC1A0C0004764913B6761F01FC1A0A00047C
:201EA000FE848BBE0006761F024092010006FE029641761F02409601FE820006761F02403F
:201EB00092020006FE029641761F02409602FE820006761F024092080006FE029641761FC9
:201EC00002409608FE820006761F0240921F0006FE0296419241761F0240961FFE82000652
:201ED000761F0240920F0006FE029641761F0240960FFE820006761F0240920D0006FE021F
:201EE0009641761F0240960DFE820006761F024092160006FE029641761F02409616FE82AC
:201EF0000006761F024092180006FE029641761F02409618FE820006761F024092190006DB
:201F0000FE029641761F02409619FE820006761F0240921B0006FE029641761F0240961BF5
:201F1000FE820006761F0240921D0006FE029641761F0240961DFE820006761F024092153A
:201F20000006FE0296419241761F02409615FE820006761F024092120006FE0296419241BE
:201F3000761F02409612FE820006FE029641761F0290961EFE820006761F0290921E000677
:201F4000FE029641761F0290961FFE820006761F0290921F0006FE029641761F0244960022
:201F5000FE820006761F024492000006FE029641761F02449601FE820006761F024492013B
:201F60000006FE029641761F02449603FE820006761F024492030006FE029641761F024462
:201F70009604FE820006761F024492040006FE029641761F02449605FE820006761F02440C
:201F800092050006FE029641761F02449606FE820006761F024492060006FE029641761FEB
:201F900002449607FE820006761F024492070006FE029641761F02449608FE820006761FE3
:201FA000024492080006FE029641761F0244960BFE820006761F0244920B0006FE0296410D
:201FB000761F0244960CFE820006761F0244920C0006FE029641761F0244960DFE820006B4
:201FC000761F0244920D0006FE029641761F0244960EFE820006761F0244920E0006FE0224
:201FD0009641761F0244960FFE820006761F0244920F0006FE029641761F02449610FE82BA
:201FE0000006761F024492100006FE0296419241761F02449611FE820006761F0244921128
:201FF0000006FE029641761F02449612FE820006761F024492120006FE029641761F0244B4
:202000009613FE820006761F024492130006FE029641761F02449614FE820006761F02444E
:2020100092140006FE029641761F02449615FE820006761F024492150006FE029641761F2D
:2020200002449616FE820006761F024492160006FE029641761F02449617FE820006761F25
:20203000024492170006FE029641761F02449618FE820006761F024492180006FE02964153
:20204000761F02449619FE820006761F024492190006FE029641761F0244961AFE820006FC
:20205000761F0244921A0006FE029641761F0244961DFE820006761F0244921D0006FE0268
:202060009641761F0244961EFE820006761F0244921E0006FE029641761F0244961FFE82FC
:202070000006761F0244921F0006FE029641761F02449620FE820006761F02449220000637
:20208000FE029641761F02449621FE820006761F024492210006FE029641761F0244962253
:20209000FE820006761F024492220006FE029641761F02449624FE820006761F0244922492
:2020A0000006FE029641761F02449625FE820006761F024492250006FE029641761F0244DD
:2020B0009626FE820006761F024492260006FE029641761F02449627FE820006761F024465
:2020C00092270006FE029641761F02449628FE820006761F024492280006FE029641761F44
:2020D00002449629FE820006761F024492290006FE029641761F0244962AFE820006761F3C
:2020E0000244922A0006FE029641761F0244962BFE820006761F0244922B0006FE0296416A
:2020F000761F0244962CFE820006761F0244922C0006FE029641761F0244962DFE82000613
:20210000761F0244922D0006FE029641761F0244962EFE820006761F0244922E0006FE0282
:202110009641761F0244962FFE820006761F0244922F0006FE029641761F02449630FE8218
:202120000006761F024492300006FE029641761F02449631FE820006761F02449231000653
:20213000FE029641761F02449632FE820006761F024492320006FE029641761F024496336F
:20214000FE820006761F024492330006FE029641761F02449634FE820006761F02449234B0
:202150000006FE029641761F02449635FE820006761F024492350006FE029641761F02440C
:202160009636FE820006761F024492360006FE029641761F02449637FE820006761F024484
:2021700092370006FE029641761F02449638FE820006761F024492380006FE029641761F63
:2021800002449639FE820006761F024492390006FE029641761F0244961BFE820006761F7A
:202190000244921B0006FE0296419241761F0244963EFE820006761F0244923E0006761F11
:2021A0000244923F0006FE029641761F0244963FFE820006FE029641761F02459600FE822C
:2021B0000006761F024592000006FE029641761F02459601FE820006761F02459201000650
:2021C000FE029641761F02459602FE820006761F024592020006FE029641761F024596036C
:2021D000FE820006761F024592030006FE029641761F02459604FE820006761F02459204AD
:2021E0000006FE029641761F02459607FE820006761F024592070006FE029641761F0245D5
:2021F0009608FE820006761F024592080006FE029641761F02459609FE820006761F02457B
:2022000092090006FE029641761F0245960AFE820006761F0245920A0006FE029641761F5A
:202210000245960BFE820006761F0245920B0006FE029641761F0245960CFE820006761F51
:202220000245920C0006FE029641761F0245960DFE820006761F0245920D0006FE0296417F
:20223000761F0245960EFE820006761F0245920E0006FE029641761F02459611FE82000626
:20224000761F024592110006FE029641761F02459612FE820006761F024592120006FE0292
:202250009641761F02459613FE820006761F024592130006FE029641761F02459614FE8228
:202260000006761F024592140006FE029641761F02459615FE820006761F02459215000663
:20227000FE029641761F02459616FE820006761F024592160006FE029641761F024596177F
:20228000FE820006761F024592170006FE029641761F02459618FE820006761F02459218C0
:202290000006FE029641761F02459619FE820006761F024592190006FE029641761F024500
:2022A000961AFE820006761F0245921A0006FE029641761F0245961BFE820006761F024594
:2022B000921B0006FE029641761F0245961CFE820006761F0245921C0006FE029641761F74
:2022C0000245961DFE820006761F0245921D0006FE029641761F0245961EFE820006761F6B
:2022D0000245921E0006FE029641761F0245961FFE820006761F0245921F0006FE02964199
:2022E000761F02459620FE820006761F024592200006FE029641761F02459625FE8200063E
:2022F000761F024592250006FE029641761F02459626FE820006761F024592260006FE02A6
:202300009641761F02459627FE820006761F024592270006FE029641761F02459628FE823B
:202310000006761F024592280006FE029641761F02459629FE820006761F02459229000676
:20232000FE029641761F0245962AFE820006761F0245922A0006FE029641761F0245962B92
:20233000FE820006761F0245922B0006FE029641761F0245962CFE820006761F0245922CD3
:202340000006FE029641761F0245962DFE820006761F0245922D0006FE029641761F024527
:20235000962EFE820006761F0245922E0006FE029641761F0245962FFE820006761F0245A7
:20236000922F0006FE029641761F02459630FE820006761F024592300006FE029641761F87
:2023700002459631FE820006761F024592310006FE029641761F02459632FE820006761F7E
:20238000024592320006FE029641761F02459633FE820006761F024592330006FE029641AC
:20239000761F02459634FE820006761F024592340006FE029641761F02459635FE82000655
:2023A000761F024592350006FE029641761F02459636FE820006761F024592360006FE02C5
:2023B0009641761F02459637FE820006761F024592370006FE029641761F02459638FE825B
:2023C0000006761F024592380006FE029641761F02459639FE820006761F02459239000696
:2023D000FE029641761F0245963AFE820006761F0245923A0006FE029641761F0245963BB2
:2023E000FE820006761F0245923B0006FE029641761F0245963CFE820006761F0245923CF3
:2023F0000006FE0296419241761F0245963DFE820006761F0245923D0006FE02964192418D
:20240000761F0245963EFE820006761F0245923E0006FE029641761F0245963FFE820006C6
:20241000761F0245923F0006FE029641761F02469600FE820006761F024692000006FE02B4
:202420009641761F02469601FE820006761F024692010006FE029641761F02469602FE8289
:202430000006761F024692020006FE029641761F02469603FE820006761F024692030006C4
:20244000FE029641761F02469604FE820006761F024692040006FE029641761F02469605E0
:20245000FE820006761F024692050006FE029641761F02469606FE820006761F0246920621
:202460000006FE029641761F02469607FE820006761F024692070006FE029641761F02464F
:202470009608FE820006761F024692080006FE029641761F02469609FE820006761F0246F5
:2024800092090006FE029641761F0246960AFE820006761F0246920A0006FE029641761FD6
:202490000246960BFE820006761F0246920B0006FE029641761F0246960CFE820006761FCC
:2024A0000246920C0006FE029641761F0246960DFE820006761F0246920D0006FE029641FA
:2024B000761F02469613FE820006761F024692130006FE029641761F02469614FE82000694
:2024C000761F024692140006FE029641761F02469615FE820006761F024692150006FE0204
:2024D0009641761F02469616FE820006761F024692160006FE029641761F02469617FE829A
:2024E0000006761F024692170006FE0296419241761F02469618FE820006761F0246921808
:2024F0000006FE0296419241761F02469619FE820006761F024692190006FE0296419241D2
:20250000761F0246961AFE820006761F0246921A0006FE0296419241761F0246961BFE8261
:202510000006761F0246921B0006FE0296419241761F0246961CFE820006761F0246921CCB
:202520000006FE0296419241761F0246961DFE820006761F0246921D0006FE029641924199
:20253000761F0246961EFE820006761F0246921E0006FE0296419241761F0246961FFE8225
:202540000006761F0246921F0006FE0296419241761F02469620FE820006761F024692208F
:202550000006FE0296419241761F02469621FE820006761F024692210006FE029641924161
:20256000761F02469622FE820006761F024692220006FE0296419241761F02469623FE82E9
:202570000006761F024692230006FE0296419241761F02469624FE820006761F0246922453
:202580000006FE0296419241761F02469625FE820006761F024692250006FE029641924129
:20259000761F02469626FE820006761F024692260006FE0296419241761F02469627FE82AD
:2025A0000006761F024692270006FE0296419241761F02469628FE820006761F0246922817
:2025B0000006FE0296419241761F02469629FE820006761F024692290006FE029641761F2F
:2025C0000246962AFE820006761F0246922A0006FE029641761F0246962BFE820006761F3E
:2025D0000246922B0006FE029641761F0246962CFE820006761F0246922C0006FE0296416C
:2025E000761F02469633FE820006761F024692330006FE029641761F02469638FE820006FF
:2025F000761F024692380006FE029641761F02469639FE820006761F024692390006FE0267
:202600009641761F02469634FE820006761F024692340006FE029641761F02469635FE820E
:202610000006761F024692350006FE029641761F02469636FE820006761F02469236000649
:20262000FE029641761F0246963FFE820006761F0246923F0006FE029641761F024796008C
:20263000FE820006761F024792000006FE029641761F02479601FE820006761F024792014B
:202640000006FE029641761F02479602FE820006761F024792020006FE029641761F024774
:202650009603FE820006761F024792030006FE029641761F02479604FE820006761F02471F
:2026600092040006FE029641761F02479606FE820006761F024792060006FE029641761FFF
:2026700002479605FE820006761F024792050006FE029641761F02479609FE820006761FF6
:20268000024792090006FE029641761F0247960AFE820006761F0247920A0006FE0296411E
:20269000761F0247960BFE820006761F0247920B0006FE029641761F0247960CFE820006C7
:2026A000761F0247920C0006FE029641761F0247960DFE820006761F0247920D0006FE0237
:2026B0009641761F0247960EFE820006761F0247920E0006FE029641761F0247960FFE82CD
:2026C0000006761F0247920F0006FE029641761F02479610FE820006761F02479210000608
:2026D0008F0A406100068F0A3F880006764931823B1076260000762F0000FF6976493413D8
:2026E000764933ED7649EEF37649364976492C2D7649304976492767764929AF764930CB2F
:2026F0009A049B0176499DAD764935C97649362C76493445E8021A40E8021FD18F0094B878
:202700007649347F761F00302804400076228F00BC10761F0035A8208F00D592A80C8F0058
:20271000C98EA822761F00348F09EF42A83E761F00358F00BA40A8308F00BA75A8328F00BE
:20272000BA59A834761F00378F09E4F0A8048F09E522A806761F00368F09E554A8388F0965
:20273000E586A83A761F00378F00BACEA8088F00BB5BA834761A7623098D761F00331A2265
:2027400000401A2600011A2600021A2800011A2800021A2800041A3000101A3000201A32D9
:2027500000041A3200081A3200101A380004FF697649E3E1764959BE764936EC76495B287B
:202760007649BD95764966C376494ACB0006FE047622761F01D0CC01FFF050069601761F48
:2027700001D2CC01FFF050069601761F01D4CC01FFF050069601761F01D6CC01FFF050063C
:202780009601D4009B00FF699A007649E7B39A01D4009B007649E7B39A02D4009B007649AB
:20279000E7B39A03D4009B007649E7B3761F01D01A000004761F01D21A000004761F01D4B6
:2027A0001A000004761F01D61A000004761F01D01A000080761F01D21A000080761F01D405
:2027B0001A000080761F01D61A0000809A64764939D4761A7622761F01D018107FFF181142
:2027C000FFF8061218A97FFF18A8FFF81AA980001E12061418A8FFF818A97FFF51011E14ED
:2027D000061618A97FFF18A8FFF81AA9800051011E16061818A8FFF818A97FFF51021E1871
:2027E000061A18A97FFF18A8FFF81AA9800051021E1A761F01D218107FFF1811FFF80612AF
:2027F00018A97FFF18A8FFF81AA980001E12061418A8FFF818A97FFF51011E14061618A9EF
:202800007FFF18A8FFF81AA9800051011E16761F01D4061418A8FFF818A97FFF51011E14BC
:20281000061618A97FFF18A8FFF81AA9800051011E16061818A8FFF818A97FFF51021E1830
:202820008F078000A8A9982E92A8982F761F01D618107FFF1811FFF8061218A97FFF18A821
:20283000FFF81AA980001E12061418A8FFF818A97FFF51011E14061618A97FFF18A8FFF878
:202840001AA9800051011E16061818A8FFF818A97FFF51021E18062C18A8FFF818A97FFFEA
:2028500051071E2C56BF1341CC4101FF761F01D0CD10FE00CAA89610CC4101FFCD12FE000D
:20286000CAA89612CC4101FFCD14FE00CAA89614CC4101FFCD16FE00CAA89616CC4101FF1D
:20287000CD18FE00CAA89618CC4101FFCD1AFE00CAA8961ACC4101FF761F01D2CD10FE00E1
:20288000CAA89610CC4101FFCD12FE00CAA89612CC4101FFCD14FE00CAA89614CC4101FF07
:20289000CD16FE00CAA89616CC4101FF761F01D4CD14FE00CAA89614CC4101FFCD16FE00C9
:2028A000CAA89616CC4101FFCD18FE00CAA89618CC4101FFCD2EFE00CAA8962ECC4101FFA1
:2028B000761F01D6CD10FE00CAA89610CC4101FFCD12FE00CAA89612CC4101FFCD14FE00B9
:2028C000CAA89614CC4101FFCD16FE00CAA89616CC4101FFCD18FE00CAA89618CC4101FFB3
:2028D000CD2CFE00CAA8962C2B4256BF0F439243901F761F01D0FF83CD11FE0FCAA8961179
:2028E0009243901FFF83CD13FE0FCAA896139243901FFF83CD15FE0FCAA896159243901F34
:2028F000FF83CD17FE0FCAA896179243901FFF83CD19FE0FCAA896199243901FFF83CD1B2E
:20290000FE0FCAA8961B9243901F761F01D2FF83CD11FE0FCAA896119243901FFF83CD132F
:20291000FE0FCAA896139243901FFF83CD15FE0FCAA896159243901FFF83CD17FE0FCAA804
:2029200096179242761F01D4901FFF83CD15FE0FCAA896159242901FFF83CD17FE0FCAA807
:2029300096179242901FFF83CD19FE0FCAA896199242901FFF83CD2FFE0FCAA8962F9243A7
:20294000761F01D6901FFF83CD11FE0FCAA896119243901FFF83CD13FE0FCAA896139243F3
:20295000901FFF83CD15FE0FCAA896159243901FFF83CD17FE0FCAA896179243901FFF830E
:20296000CD19FE0FCAA896199243901FFF83CD2DFE0FCAA8962D761AFF69FE840006FE047F
:2029700076220200761F01F01E3C761F01F11E3C761F01F21E3C761F01F31E3C761F01F49D
:202980001E3C761F01F51E3C8F007C00A8422B43924352C0670F2901BE00901F52066106E2
:202990005603014307428AA9C2C40A43924352C068F58F007F00A8422B4392435218670CDF
:2029A0002901BE005603014307428AA9C2C40A439243521868F8761AFE84FF690006764965
:2029B000296F7622761F01F01A0C0001CC06FFFC500196061A0C0002CC06FFF35004960694
:2029C0001A0C0004CC06FFCF501096061A0C0008CC06FF3F504096061A0C0010CC06FCFFC4
:2029D0001AA9010096061A0C0020CC06F3FF1AA9040096061A0C0040CC06CFFF1AA9100041
:2029E00096061A0C0080CC063FFF1AA9400096061A0C0100CC07FFFC500196071A0C0400D9
:2029F000CC07FFCF501096071A0C0800CC07FF3F504096071A0C4000CC07CFFF1AA91000E3
:202A000096071A0C8000CC073FFF1AA9400096071A0D0001CC08FFFC50019608CC22FFFCF3
:202A1000500196221A0D0002CC08FFF350049608CC22FFF3500496221A0D0010761F01FC07
:202A20001A030010761F01F01A0B00101808FCFF1A0D0020CC08F3FF1AA904009608CC2233
:202A3000F3FF1AA9040096221A0D0040CC08CFFF1AA910009608CC22CFFF1AA91000962254
:202A40001A0D0080CC083FFF1AA940009608CC223FFF1AA940009622180DFEFF180BFEFFF3
:202A50001A0500031809FFFC180DFDFF180BFDFF1A05000C1809FFF3180DFBFF180BFBFF6E
:202A60001A0500301809FFCF1A0D0800761F01FC1A050800761F01F01A0B08001809FF3F1E
:202A70001A0D1000761F01FC1A051000761F01F01A0B10001809FCFF1A0D2000761F01FC9E
:202A80001A052000761F01F01A0B20001809F3FF180DBFFF180BBFFF1A0530001809CFFF17
:202A90001A0D8000180B7FFF1A05C00018093FFF761A7622761F01F11A0C0001761F01FC38
:202AA0001A0A0001761F01F11806FFFC1A0A00011A0C0002761F01FC1A0A0002761F01F1C5
:202AB0001806FFF31A0A00021A0C0004761F01FC1A0C0004761F01F11806FFCF1A0A00044F
:202AC000180CFFEF180AFFEF1A0203001806FCFF180CFFDF180AFFDF1A020C001806F3FF62
:202AD0001A0C0040761F01FC1A0C0040761F01F11A0A00401806CFFF1A0C0100761F01FCF8
:202AE0001A0C0100761F01F11807FFFC1A0A01001A0C0200761F01FC1A0C0200761F01F180
:202AF0001807FFF31A0A02001A0D0001180BFFFE1A0400031808FFFC180DFFFD761F01FC58
:202B00001A0B0002761F01F11A0B00021808FFF3180BFFFB180DFFFB180DFFF7761F01FCE5
:202B10001A0B0008761F01F11A0B00081808FF3F761F01E456BF3407761F01F1180BFFEF04
:202B2000180DFFEF1A040300180DFFDF761F01FC1A0D0020761F01F11808F3FF1A0B0020A7
:202B3000180DFFBF1808CFFF180BFFBF1A0D0800180BF7FF1A0500C01809FF3F180DBFFF6A
:202B4000761F01FC1A0D4000761F01F11A0B40001809CFFF180D7FFF761F01FC1A0D8000C5
:202B5000761F01F11A0B800018093FFF761A7622761F01F2180CFFFE761F01FC1A14000148
:202B6000761F01F21A0A00011806FFFC180CFFFD761F01FC1A140002761F01F21A0A0002FF
:202B70001806FFF3180CFFBF1A023000CC06CFFF1AA910009606CC20CFFF1AA910009620B5
:202B8000180CFF7FCC063FFF1AA940009606CC203FFF1AA940009620180CEFFF180AEFFFDF
:202B90001A0303001807FCFF180CDFFF180ADFFF1A030C001807F3FF1A0C4000180ABFFF69
:202BA0001A0330001807CFFF1A0C8000180A7FFF1A03C00018073FFF180DFFFE761F01FCA7
:202BB0001A150001761F01F21808FFFC1A0B0001180DFFFD761F01FC1A150002761F01F2A0
:202BC0001808FFF31A0B0002180DFFFB761F01FC1A150004761F01F21808FFCF1A0B000439
:202BD000180DFFBFCC08CFFF1AA910009608CC22CFFF1AA910009622180DFF7F1A04C00027
:202BE000CC083FFF1AA940009608CC223FFF1AA940009622180DFDFFCC09FFF3500896095C
:202BF000CC23FFF350049623180DFBFF1A050030CC09FFCF50209609CC23FFCF50109623E1
:202C00001A0D0800761F01FC1A150800761F01F21809FF3F1A0B08001A0D1000761F01FCDF
:202C10001A151000761F01F21809FCFF1A0B1000180DBFFF180BBFFF1A0530001809CFFF8A
:202C2000761F01F3180CFFF7180AFFF71A0200C01806FF3F761AFF690006FE022841087EB4
:202C3000761F02529234521C60042841087E6F0552126003284106FA7622761F174C1823A5
:202C4000FFFB761A7622761F01021A1B0004CC04FFFC50029604CC04FFF3500896041A17E5
:202C50000004761F01011A0700C0761A56BF050928230A2C56BF0221761F01002B0418009F
:202C6000E3FF1800FC7FCC00FFFC500296001800FFFB1800FFF7CC00FFCF50109600180068
:202C7000FFBF1A0020001808FFEF1808FFFC1808FFBF1808FFF3761F0101280005552802F0
:202C80000555282BFFFF282DFFFF761F01021826FFF3CC26FFFC500196261A240008CC243E
:202C9000FFF8500296241A2A00017622761F01061A1B0004CC04FFFC50029604CC04FFF3F6
:202CA000500896041A170004761F01051A0700C0761A56BF050928230A2C56BF0221761F70
:202CB00001042B041800E3FF1800FC7FCC00FFFC500296001A0000041800FFF71800FFCF82
:202CC0001800FFBF1A0020001808FFEF1808FFFC1808FFBF1808FFF3761F010528000555AE
:202CD00028020555282BFFFF282DFFFF761F01061826FFF3CC26FFFC500196261A240008B0
:202CE000CC24FFF8500196241A2A00017622761F010A1A1B0004CC04FFFC50029604CC04A5
:202CF000FFF3500896041A170004761F01091A0700C0761A56BF050928230A2C56BF0221BF
:202D0000761F01082B041800E3FF1800FC7FCC00FFFC500296001A0000041800FFF7180066
:202D1000FFCF1A0020001808FFEF1808FFFC1808FFBF1808FFF3761F010928000555280237
:202D20000555282BFFFF282DFFFF761F010A1826FFF3CC26FFFC500196261824FFF7CC24A9
:202D3000FFF8500296241A2A00017622761F010E1A1B0004CC04FFFC50029604CC04FFF34D
:202D4000500896041A170004761F010D1A0700C0761A56BF050928230A2C56BF0221761FC7
:202D5000010C2B041800E3FF1800FC7FCC00FFFC500296001A0000041800FFF71800FFCFD9
:202D60001A0020001808FFEF1808FFFC1808FFBF1808FFF3761F010D280005552802055557
:202D7000282BFFFF282DFFFF761F010E1826FFF3CC26FFFC500196261824FFF7CC24FFF8B8
:202D8000500296241A2A0001761F01121A170004761F01111A0700C056BF05091809FFFC3E
:202D9000282306832B21761F01102B041800E3FF1800FC7FCC00FFFC500296001800FFFBE0
:202DA0001800FFF7CC00FFCF501096001808FFEFCC08FFFC500196081808FFBFCC08FFF305
:202DB00050049608761F01112800055528020555CC00FFFC50029600CC00FFCF5010960025
:202DC000282B04B0282D04B0761F0110180CFFFC761F01121826FFF3CC26FFFC500196264C
:202DD0001824FFF7CC24FFF8500196241A2A00017622761F0115CC07FF3F50409607761A69
:202DE00056BF0509282304E256BF0221761F01142B041800E3FF1800FC7FCC00FFFC5002C8
:202DF00096001800FFFB1800FFF71A0000301A0020001808FFEFCC08FFFC5001960818089D
:202E0000FFBFCC08FFF350049608761F01152B00CC00FFCF50109600CC00FF3F5080960066
:202E10002B2B2B02CC02FCFF1AA902009602CC02F3FF1AA9040096022B2D761F0114180CB4
:202E2000FFFCCC0CFFF35008960C761F0115CC13C00050F09613CC11C00050F09611761F87
:202E300001161826FFF3CC26FFFC500196261824FFF7CC24FFF8500296241A2A000118249B
:202E4000F7FFCC24F8FF1AA903009624CC26FCFF1AA9010096261A2408007622761F01191B
:202E5000CC07FF3F50409607761A56BF0509282304E22B21761F01182B041800E3FF180005
:202E6000FC7FCC00FFFC500296001A0000041800FFF71800FFCF1A0020001808FFEFCC08FA
:202E7000FFFC500196081808FFBFCC08FFF350049608761F01192B00CC00FFCF5010960058
:202E8000CC00FF3F508096002B2B2B02CC02FCFF1AA901009602CC02F3FF1AA908009602F7
:202E90002B2D761F0118180CFFFCCC0CFFF35008960C761F0119CC13C00050F09613CC1125
:202EA000C00050F09611761F011A1826FFF3CC26FFFC500196261824FFF7CC24FFF8500226
:202EB00096241A2A00017622761F011ECC04FFFC50029604CC04FFF350089604761F011D99
:202EC000CC07FF3F50809607761A56BF0509924196232B21761F011C2B041800E3FF1800F6
:202ED000FC7FCC00FFFC500296001800FFFB1800FFF7CC00FFCF501096001A0020001808AE
:202EE000FFEF1808FFFC1808FFBFCC08FFF350049608761F011D2800055528020555282B27
:202EF000FFFF8F00FFFFA82C761F011C180CFFFCCC0CFFF35008960C761F011D2B132B11A1
:202F0000761F011E1826FFF3CC26FFFC500196261824FFF7CC24FFF8500196241A2A00016A
:202F1000761F011D2B00CC00FFFC50029600CC00FFCF501096002B2B2B02CC02FFF35008E9
:202F20009602CC02F3FF1AA9040096020E411E2C7622761F0122CC04FFFC50029604CC046A
:202F3000FFF350089604761F0121CC07FF3F50809607761A56BF0509924196232B21761F48
:202F400001202B041800E3FF1800FC7FCC00FFFC500296001800FFFB1800FFF71800FFCFDF
:202F50001A0020001808FFEFCC08FFFC500196081808FFBF1808FFF3761F01212800055532
:202F600028020555282BFFFFA82C761F0120180CFFFCCC0CFFF35008960C761F01212B131A
:202F70002B11761F01221826FFF3CC26FFFC500196261824FFF7CC24FFF8500196241A2ABB
:202F80000001761F01212B00CC00FFFC50029600CC00FFCF5010960002001E2A2B02CC02CA
:202F9000FFF350089602CC02F3FF1AA9040096029241962D761F01291A0700C056BF0509C7
:202FA0002823C3502B21761F01282B041800E3FF1800FC7F1800FFFC1800FFFB1800FFF7BA
:202FB000CC00FFCF501096001A0020001808FFEF1808FFFC1808FFBF1808FFF3761F01295F
:202FC00028000555CC02FCFF1AA901009602CC02FFFC50029602282BFFFF282DFFFF761F5E
:202FD0000128180CFFFC180CFFF3761F01291813C0001811C000761F012A1826FFF3CC260E
:202FE000FFFC500196261824FFF7CC24FFF8500196241A2A0001761F012D1A0700C056BFA7
:202FF00005092823C3502B21761F012C2B041800E3FF1800FC7F1800FFFC1A000004180042
:20300000FFF71800FFCF1A0020001808FFEF1808FFFC1808FFBF1808FFF3761F012DCC02F0
:20301000FCFF1AA901009602CC02FFFC50029602CC00FFCF50109600CC00FFFC5002960057
:20302000282BFFFF282DFFFF761F012C180CFFFC180CFFF3761F012D1813C0001811C0005E
:20303000761F012E1826FFF3CC26FFFC500196261824FFF7CC24FFF8500196241A2A000129
:203040007622761F174C1A230004761AFF69FE820006761F01402B162818FFFF1814FEFFA3
:203050001815FFEF1815FDFF1A150001CC15FF3F508096151815FFDF1815FFF91A140001F3
:203060001814FFFD1814C1FF761F01E456BF3506761F01402B362838FFFF1834FEFF183547
:20307000FFEF1835FDFF1A350001CC35FF3F508096351835FFDF1835FFF91A3400011834D4
:20308000FFFD1834C1FF761F01E456BF4D07761F01412B162818FFFF1814FEFF1815FFEFAB
:203090001815FDFF1A150001CC15FF3F508096151815FFDF1815FFF91A1400011814FFFDA6
:2030A0001814C1FF761F01E456BF3608761F01401A1500081A1401001A160002761F014013
:2030B0001A3500081A3401001A360002761F01411A1500081A1401001A160002761F0140C3
:2030C0001A150010761F01401A350010761F01411A1500100006761F01C856BF071056BFC1
:2030D0000311CC12FF0050019612CC13FF005045961356BF031456BF2311761F01C856BFF2
:2030E000072056BF0321CC22FF0050019622CC23FF005045962356BF032456BF23210006A3
:2030F000FE027622761F01C0922990079641924150689629761AFF69FE8200067622761FB4
:20310000174C1A2200011A2200041A2200081A2200101A2200201A2300011A2300041A2426
:2031100000011A2400021A2600011A2600021A2600041A2600081A2600101A2600201A265F
:2031200000401A2600801A2601001A2602001A2604001A2608001A2800011A2800021A28B7
:2031300000041A2800081A2800101A2800201A2A00011A2A00021A2A00041A2E00011A2E19
:2031400000021A3000011A3000021A3000041A3000081A3200011A3200021A3200041A34FD
:2031500000011A3400021A3600011A3600021A3800011A3800021A3900011A3A00011A3CC5
:2031600000011A3C00021A3C00041A3C00081A3E00011A3E00021A3E00041A3E00081A3E77
:2031700000101A3E00201A3E00401A3E0080761F174D1A0300011A0300021A030004761A60
:20318000FF690006764930F08F49F09828A800008F00BA4028A933007649F02B7640E6A609
:203190007622FF697649DAEE761F174C1A3C00011A3C00021A3C00041A3C00088F05D1B61E
:2031A00092C460098F007BDD761F1746A836A838A83AA83C761F174C183CFFFE183CFFFD5A
:2031B000183CFFFB183CFFF7761A9A01D400D5019B28FF6976493201764930FE00067622EA
:2031C000761F1748CC08FFFC50029608F6FA7700F63277001A080010761AFF69000676226E
:2031D000761F17481808FFF7F6FA7700F63277001808FFFCF6FA7700F63277001A0800107C
:2031E000761AFF6900067622761F17481808FFEFF6FA7700F6327700CC08FFFC5001960873
:2031F000761AFF6900067622761F01C0CC25FF0050559625CC25FF0050AA9625761AFF69E6
:203200000006FE207D527C519750964F56BF015F761F1748884F920890030EA90FA66015D4
:2032100088509214907F0EA90FA6600F8851CC140300FFC70EA90FA6600888529222903F83
:203220000EA90FA6FFE101C8884F920890030EA90FA661116F0A764931BF6F0D764931CF34
:203230006F0A764931E36F07924F61F9520161FA520261F2762288509214907F0EA90FA69B
:2032400060088851CC140300FFC70EA90FA66123761F1744922C761F1748180EFFFDF67862
:2032500077001822FFC02B60926052056714761F1748180EFFFEF614770056030851CA503B
:203260000EA91E1492169001520160FD0A609260520568EE9252523F61089C01CD22FFC04A
:20327000903FCAA896226F06CD22FFC0903FCAA89622761F01C09222965392299654922AD5
:20328000965576222B2ACC25FF0050559625CC25FF0050AA962576083B3092BE96562B22EF
:2032900056BF2829761F17441A2C0001761F17481A0E0002F6147700FF69764931F37622FF
:2032A000925F5201FFE001208F000800761F1748CC160002FFC052016016180EFFFDF67843
:2032B0007700180EFFFEF614770056030851CA500EA91E1492169001520160FD1A0E00021B
:2032C000F6147700761F0030920C9657060A1E44920E9658920F9659761F174D923C90072F
:2032D000965DCC3C0038FFC2965E761F00309214965A06121E469216965B9217965C761F56
:2032E00000301A0C00103B01FF2FE0001E0A180EFF001A0C00201A0C80001A0C40006F16FA
:2032F000761F174DCC3CFFF85001963C6F15761F174DCC3CFFF85002963C6F0E761F174D8D
:20330000CC3CFFF85003963C6F07924F61F1520161F6520261E6761F00301A1480001A14FA
:2033100040001A140010A8121816FF001A140020761F00301A0C0010761F00301A140010EC
:20332000761F00301A0C0020761F00301A1400201A1480001814FFEF761F0030180CFFEFD0
:20333000761F00304F146D05761F00304F0C6CF9761F00301A0C0010761F00301A14001060
:203340003B01FF2FE000761F003003081E489257960C06441E0A9258960E9259960F925DE3
:20335000761F174D9007CD3CFFF8CAA8963C925E9007FF82CD3CFFC7CAA8963C925A761FED
:203360000030961406461E12925B9616925C9617E2C401517700E8020400E2740009770090
:203370007700E2C403507700E71000C87700E203004C761F17489222903F60039A016F0506
:203380009222903F560301A985A9BDA90F127700770077007700E68900007700E203004EFD
:20339000E2840148E2AF034CE2AF024EE8022800E2740008E2740099770077007700770072
:2033A000E72000087700E203004A9B009A01E801EE60E2AF014AE80E6668E6940001AD140F
:2033B000620AE805EE60E80E6668E6940001AD1464029A00520061029B01975F925F5201CB
:2033C000FFE1FEE6761F1744182CFFFE761F01C0CC25FF0050559625CC25FF0050AA9625AD
:2033D0001A540028925496299255962ACC53FFFE962240566D02291041566D022920F6C8DC
:2033E0007700761F17489252CD22FFC0903FCAA89622761AFEA0FF690006FE068F0A3DC899
:2033F000A8428F000D00A844020607421E42020607441E4476222B45924552DD670D83449C
:203400008A42A0A9C4840902A8421E44C2C50A45924552DD68F5761A761F00331A2000012C
:20341000FF69FE8600063B10761F00331820FFFE2B222B242B262B282B2A2B2C2B2E2B30C2
:203420002B322B342B362B382B232B252B272B292B2B2B2D2B2F2B312B332B352B372B39E0
:20343000FF690006FE04A044A84206440F42690C8A429284A8428A48C4A4DE01C24896C4E5
:2034400006440F4266F6FE8400068F000C00761F0252A8380200761F003019011E022B0657
:203450002B071A0400101A0400200200761F02521E3A761F003019011E0A761F00300200AD
:2034600019011E12761F00302B0E2B0F761F00302B162B17761F00301A0C0010761F0030C2
:203470001A140010761F00301A0C0020761F00301A140020761F0030180CFFEF0006FE08FD
:20348000E2030146E2030044A84206441EE48A4206461EF4E2AF0044E2AF0146E7000008DB
:203490007700E68800007700E20300488A428AC4064819011ED48A428AC42BF48A428AC4CC
:2034A0002BFC8A428AC41AE400108A428AC41AE400208A428AC418E4FBFF8A428AC418E45F
:2034B000F7FF8A428AC41AE440008A4202001ED4FE880006FE0497449643A842762218C44E
:2034C0007FFF8A4218C4FFFE8A4218C4FEFF8A4218C4FFFD8A421AC402008A4218E4FFDF2E
:2034D0008A42CC430FFFCDF4F000CAA896F4021207428AA9CC440FFF88A9CDC4F00099A6A7
:2034E000021207428AA97EC4021907428AA956BF01C4021707428AA956BF01C402180742B7
:2034F0008AA9CCC4FE0F50A088A9021807428AA97EC4021607428AA9CCC4FE0F50A088A9A1
:20350000021607428AA97EC4021807428AA9CCC4C1FF88A91AA60E00021807428AA97EC418
:20351000021607428AA9CCC4C1FF88A91AA60E00021607428AA97EC4021807428AA91AC46E
:203520008000021607428AA91AC480008A42CCCCFFF8500496CC8A4218C4FFF38A4218C4C6
:20353000F3FF8A4218C4FFCF8A4218C4CFFF8A421AC48000761AFF69FE840006FE02A84209
:203540007622028407428AA9CCC4FFFC500288A9028407428AA97EC4028407428AA9CCC4ED
:20355000FFF3500888A9028407428AA97EC4028007428AA91AC40040028207428AA9CCC4F0
:20356000FFC7501088A9028207428AA97EC402C007428AA91AC4000F02D207428AA91AC459
:203570000008028007428AA91AC40080028207428AA9CCC4F1FF88A91AA604000282074295
:203580008AA97EC402C007428AA91AC40F0002D407428AA91AC4000802D207428AA91AC425
:20359000001002D407428AA91AC4001002C307428AA918C4FEFF02C307428AA918C4FDFF98
:2035A00002C407428AA918C4FEFF02C407428AA91AC40200029707428AA9CCC43FFF88A9BA
:2035B0001AA64000029707428AA97EC4029707428AA91AC40004029707428AA91AC40002B8
:2035C000029707428AA91AC40001761AFF69FE820006761F02529234521C601228A90B27E7
:2035D0008F005C8028A80362764934BA28A90B2728A803628F005CC0764934BA6F13521218
:2035E000601128A90BB18F005C8028A802DB764934BA28A90BB128A802DB8F005CC0764964
:2035F00034BA8F0040007649353E8F0041007649353E8F0042007649353E8F004300764936
:20360000353E7622761F0102CC173FFF1AA940009617761F010618173FFF761F010A18175E
:203610003FFF761F010ECC173FFF1AA940009617761A7622761F01E8CC00FFFC5001960093
:203620001A200001CC04FCFF1AA9010096041A220010761AFF6900067622761F01E456BFB5
:20363000630D761A761F01C11834FFF31A340001FF690006FE02964192410B415200610778
:20364000F678770092410B41520060FBFE82FF690006FE062B412B422B432B447622761FE4
:2036500001D2CC01FFF050069601D4009B00FF699A017649E7B3761F01D21A0000041A0073
:2036600000809A64764939D4761A7622761F01D218107FFF1811FFF8061218A97FFF18A893
:20367000FFF81AA980001E12061418A8FFF818A97FFF51011E14061618A97FFF18A8FFF82A
:203680001AA9800051011E1656BF1345CC4501FFCD10FE00CAA89610CC4501FFCD12FE0002
:20369000CAA89612CC4501FFCD14FE00CAA89614CC4501FFCD16FE00CAA896161811FE0FAE
:2036A0001813FE0F1815FE0F1817FE0F761AFF699A64764939D4761F01D256BF0F0DCC0035
:2036B0002000FFCC520161FC761F002C922396411BA9099968061BA90BBB67030A436F0A84
:2036C0001BA9059968061BA907BC67030A426F020A44924252646909761F025256BF1234DE
:2036D0009A047649CF536F17924352646909761F025256BF1C349A047649CF536F0C9244BA
:2036E000526469CA761F025256BF16349A047649CF536F01FE860006761F0252923452120D
:2036F000FFE000E0761F027D28020BC0761F027D28041388761F027D28050EA6761F027D0E
:2037000028030FAA761F027D280607E9761F027D280710E8761F028028321395761F027D2B
:2037100028081395761F027D28091395761F028028331395761F028028340FAA761F028077
:2037200028350FAA761F0280283607C8761F0280283707C8761F0280283807C8761F02808D
:20373000283907C8761F0280283A07C8761F028056BF1C3C761F028056BF1C3D761F0280E1
:20374000283B13FB761F025256BF5035761F02AA56BF0A03761F02AA28040666761F02AAF8
:2037500028050666761F02AA56BF9606761F02AA56BF9107761F02AA28080168761F0281EE
:203760002807012F761F028156BFB808761F028156BF64099A007649CF2B28A90168764917
:20377000CF35761F0281280A01EF761F02BD28002260761F02BD28010428761F02BD56BFEB
:203780006C02761F02BD28040276761F02BD2805026C761F02BD280301D6761F02BD2808FA
:20379000015E761F02BD28061220761F02BD28070BEA764926D3761F0290A82A761F02D670
:2037A00028011F40761F02D628022710761F02D6280301B8761F02E256BF960F761F02C4D4
:2037B00028290208761F02C456BF782A761F027D28000800761F027D56BFE101761F02D6D0
:2037C000281EF830761F02D6281FFB50761F0282281704DC761F02822818028CFFEF01BFAF
:2037D000521CFFE000E0761F027D28020BC0761F027D28041A0B761F027D28050EA6761FB4
:2037E000027D28030FAA761F027D280607E9761F027D28070B45761F028028321395761FF3
:2037F000027D28081395761F027D28091395761F028028331395761F028028340FAA761F9A
:20380000028028350FAA761F028028360BF7761F028028370BF7761F028028380BF7761F13
:20381000028028390BF7761F0280283A0BF7761F028056BF1C3C761F028056BF1C3D761F9A
:203820000280283B13FB761F025256BF5035761F02AA56BF0603761F02AA280403A8761F06
:2038300002AA280503A8761F02AA56BFDF06761F02AA56BFBE07761F02AA28080168761F2F
:2038400002812807012F761F028156BFB808761F028156BF99099A007649CF2B28A901683D
:203850007649CF35761F0281280A01EF761F02BD28002260761F02BD28010428761F02BD60
:2038600056BF6C02761F02BD28040276761F02BD2805026C761F02BD280301D6761F02BD34
:203870002808015E761F02BD28061220761F02BD28070BEA764926D0761F0290A82A761F3A
:2038800002D628012EE0761F02D628023A98761F02D62803028A761F02E256BF960F761FC4
:2038900002C428290208761F02C456BF782A761F027D28000800761F027D56BFE101761F01
:2038A00002D6281EF830761F02D6281FFB50761F028228170472761F028228180239FFEF73
:2038B00000DE761F027D28020BC0761F027D28041388761F027D28050EA6761F027D280302
:2038C0000FAA761F027D280607E9761F027D280710E8761F028028321395761F027D280865
:2038D0001395761F027D28091395761F028028331395761F028028340FAA761F0280283589
:2038E0000FAA761F0280283607C8761F0280283707C8761F0280283807C8761F02802839C8
:2038F00007C8761F0280283A07C8761F028056BF1C3C761F028056BF1C3D761F0280283B1E
:2039000013FB761F025256BF5035761F02AA56BF0A03761F02AA28040666761F02AA28056C
:203910000666761F02AA56BF9606761F02AA56BF9107761F02AA28080168761F028128072A
:20392000012F761F028156BFB808761F028156BF64099A007649CF2B28A901687649CF3580
:20393000761F0281280A01EF761F02BD28002260761F02BD28010428761F02BD56BF6C02BF
:20394000761F02BD28040276761F02BD2805026C761F02BD280301D6761F02BD2808015E47
:20395000761F02BD28061220761F02BD28070BEA764926D3761F0290A82A761F02D62801E4
:203960002580761F02D628022EE0761F02D628030208761F02E256BF960F761F02C428297C
:203970000208761F02C456BF782A761F027D28000800761F027D56BFE101761F02D6281E19
:20398000F830761F02D6281FFB50761F0282281705CC761F0282281802E67649CEB7761FBD
:2039900002B92DA9359696157649CEB7761F02B92DA9357896167649CEB7761F02B92DA9E3
:2039A000359696177649CEB7761F02B92DA9357896187649CEB7761F02B92DA935879619F5
:2039B0007649CEB7761F02B92DA93569961A761F02B9281B3A98761F02B9281C3A987649B5
:2039C000CEB7761F02B92DA9356496080006FE022B419241523C670677000A419241523CA2
:2039D00068FCFE82FF690006FE0496412B426F0B2B431B4361A8670677000A431B4361A858
:2039E00068FC0A429241544266F4FE84FF690006761F02CF1808FF7F1808FEFF1808FDFF27
:2039F0001808FBFF1808F7FF1808EFFF1808FFFD1808DFFF1808FFFB2B03761F02CE2B3F48
:203A0000761F02CF2B092B0A0006761F02529234521C602A761F02CE56BF8C0556BF69069B
:203A100056BF490156BF3F0256BF470756BF3C0828090302280A022676491F5D5201605F48
:203A2000761F02CE56BF820556BF5F0656BF430156BF390256BF410756BF3608280902C6B9
:203A3000280A01EA6F4C52126026761F02CE56BF8C0556BF690656BF4D0156BF3F0256BF57
:203A40004D0756BF3C0828090302280A022676491F5D52016034761F02CE56BF430156BF34
:203A5000350256BF430756BF32082809029E280A01C26F25761F02CE56BF8C0556BF690688
:203A600056BF4E0156BF3F0256BF500756BF3C0828090302280A022676491F5D5201600F3A
:203A7000761F02CE56BF490156BF3A0256BF4B0756BF3708280902D0280A01F4761F02CED7
:203A800056BF460356BF32040006FE029641761F02CE29012D413600FF4A963FFE820006C9
:203A9000FE0496417649120F9644761F02CF49086D10761F02CE5D418F00B3CE93017649E9
:203AA000D38952016014761F02CF1A0802006F0F761F02CE5D418F00B3CE93027649D39E03
:203AB00052016005761F02CF1808FDFF761F02CE92029401FFA096429CFB9643761F02CFE1
:203AC0004C086D0F92445D418F00B3CF93427649D38952016013761F02CF1A0810006F0EC6
:203AD00092445D418F00B3CF93437649D39E52016005761F02CF1808EFFFFE840006FE0495
:203AE0009641761F02CF47086D119200761F02CE5D418F00B3D093057649D389520160159A
:203AF000761F02CF1A0800806F109200761F02CE5D418F00B3D093067649D39E5201600507
:203B0000761F02CF1808FF7F761F02CE92069405FFA096429CFB9643761F02CF4A086D0FF0
:203B100092005D418F00B3D193427649D38952016013761F02CF1A0804006F0E92005D4163
:203B20008F00B3D193437649D39E52016005761F02CF1808FBFFFE840006FE049641761F3E
:203B300002CF48086D119201761F02CE5D418F00B3D293077649D38952016015761F02CF49
:203B40001A0801006F109201761F02CE5D418F00B3D293087649D39E52016005761F02CF30
:203B50001808FEFF761F02CE92089407FFA096429CFB9643761F02CF4B086D0F92015D4151
:203B60008F00B3D393427649D38952016013761F02CF1A0808006F0E92015D418F00B3D327
:203B700093437649D39E52016005761F02CF1808F7FFFE840006FE029641761F02CF4F08DF
:203B80006D13761F023F923E5D418F00B3D4761F02CE93097649D38952016017761F02CFFF
:203B90001A0880006F12761F023F923E5D418F00B3D4761F02CE930A7649D39E52016005AE
:203BA000761F02CF18087FFFFE820006FE029641761F02CF42086D10764911FF9B325D413D
:203BB0008F00B3D57649D38952016014761F02CF1A0800046F0F764911FF9B285D418F0033
:203BC000B3D57649D39E52016005761F02CF1808FFFBFE820006761F02CF42086C039A01B5
:203BD0006F029A000006761F02CF49086D0347086C063B101A03000129106F053B10180360
:203BE000FFFE29104A086D034C086C063B101A03000829106F053B101803FFF72910460807
:203BF0006D0745086D0544086D0343086C063B101A03000229106F053B101803FFFD291057
:203C0000FF690006FE029641FFEF01225D4192008F00B3DB9B877649D39E5201FFE001324A
:203C1000761F02CF56BF05092B1C2B1B2B1A2B192B182B172B16FFEF01255D4192008F005C
:203C2000B3DB9B917649D3895201600E761F02CF56BF06092B1C2B1B2B1A2B192B182B17C9
:203C30002B16FFEF010F761F02CF5D418F00B3DA9B7D92007649D39E5201FFE00103761F70
:203C400002CF56BF04092B1C2B1B2B1A2B192B182B172B16FFEF00F65D4192008F00B3DA65
:203C50009B877649D3895201600E761F02CF56BF05092B1C2B1B2B1A2B192B182B172B16F1
:203C6000FFEF00E0761F02CF5D418F00B3D99B7392007649D39E5201FFE000D4761F02CF1B
:203C700056BF03092B1C2B1B2B1A2B192B182B172B16FFEF00C75D4192008F00B3D99B7D1F
:203C80007649D3895201600E761F02CF56BF04092B1C2B1B2B1A2B192B182B172B16FFEFF6
:203C900000B1761F02CF5D418F00B3D89B6992007649D39E5201FFE000A5761F02CF56BF2D
:203CA00002092B1C2B1B2B1A2B192B182B172B16FFEF00985D4192008F00B3D89B73764980
:203CB000D3895201600E761F02CF56BF03092B1C2B1B2B1A2B192B182B172B16FFEF008204
:203CC000761F02CF5D418F00B3D79B5F92007649D39E52016076761F02CF56BF01092B1C16
:203CD0002B1B2B1A2B192B182B172B166F6A5D4192008F00B3D79B697649D3895201600D3E
:203CE000761F02CF56BF02092B1C2B1B2B1A2B192B182B172B166F55761F02CF5D418F000B
:203CF000B3D69B5592007649D39E5201604A761F02CF2B092B1C2B1B2B1A2B192B182B1747
:203D00002B166F3F5D4192008F00B3D69B5F7649D3895201600D761F02CF56BF01092B1CCB
:203D10002B1B2B1A2B192B182B172B166F2A761F02CF0A1C9241541C66242B1C2B1B2B1A3A
:203D20002B192B182B172B162B096F1B761F02CF92095203620C5203FFE1FF4F520061D3EE
:203D3000520161A65202FFE1FF776F0B5204FFE1FF155205FFE1FEE35206FFE1FEC96F0124
:203D4000FE820006FE0296417649120F9642FFEF00AA92425D418F00B3E09B4B7649D39E0C
:203D50005201FFE000B3761F02CF56BF030A2B212B202B1F2B1E2B1DFFEF00A892425D416C
:203D60008F00B3E09B557649D3895201600C761F02CF56BF040A2B212B202B1F2B1E2B1D5C
:203D7000FFEF009492425D418F00B3DF9B417649D39E5201FFE0008A761F02CF56BF020ACF
:203D80002B212B202B1F2B1E2B1D6F7F92425D418F00B3DF9B4B7649D3895201600B761FDC
:203D900002CF56BF030A2B212B202B1F2B1E2B1D6F6C92425D418F00B3DE9B377649D39E3F
:203DA00052016063761F02CF56BF010A2B212B202B1F2B1E2B1D6F5992425D418F00B3DE9B
:203DB0009B417649D3895201600B761F02CF56BF020A2B212B202B1F2B1E2B1D6F469242BC
:203DC0005D418F00B3DD9B2D7649D39E5201603D761F02CF2B0A2B212B202B1F2B1E2B1D31
:203DD0006F3492425D418F00B3DD9B377649D3895201600B761F02CF56BF010A2B212B20D7
:203DE0002B1F2B1E2B1D6F21761F02CF0A2192415421661B2B212B202B1F2B1E2B1D2B0A57
:203DF0006F14761F02CF920A520262085202618F520061D8520161B16F085203FFE1FF6031
:203E00005204FFE1FF486F01FE820006FE029641761F02C69200FFE1026B52016003FFEF78
:203E100002677649978042A86D148F00A1807649496E28A8FFEC5D418F00B3E27649D39E15
:203E2000520160198F040000A8A9764997A06F138F00A1807649496E28A8FFEE5D418F004A
:203E3000B3E27649D389520160068F040000A8A9764997AB7649978043A86D148F00A18C26
:203E40007649496E28A8FFEC5D418F00B3E37649D39E520160198F080000A8A9764997A094
:203E50006F138F00A18C7649496E28A8FFEE5D418F00B3E37649D389520160068F080000B3
:203E6000A8A9764997AB7649978044A86D148F00A1987649496E28A8FFEC5D418F00B3E4F0
:203E70007649D39E520160198F100000A8A9764997A06F138F00A1987649496E28A8FFEED3
:203E80005D418F00B3E47649D389520160068F100000A8A9764997AB7649978045A86D1455
:203E90008F00A1A47649496E28A8FFEC5D418F00B3E57649D39E520160198F200000A8A94C
:203EA000764997A06F138F00A1A47649496E28A8FFEE5D418F00B3E57649D38952016006EA
:203EB0008F200000A8A9764997AB761F02529234521C604F7649978046A86D138F00A1B001
:203EC0007649496E28A8FFEC5D418F00B3E67649D39E520160179A009B40764997A06F1205
:203ED0008F00A1B07649496E28A8FFEE5D418F00B3E67649D389520160059A009B407649F2
:203EE00097AB7649978047A86D138F00A1C07649496E28A8FFEC5D418F00B3E77649D39E23
:203EF000520160179A009B80764997A06F128F00A1C07649496E28A8FFEE5D418F00B3E7D2
:203F00007649D389520160059A009B80764997AB7649978048A86D138F00A1CC7649496E60
:203F100028A8FFEC5D418F00B3E87649D39E52016017FF2F0200764997A06F128F00A1CC71
:203F20007649496E28A8FFEE5D418F00B3E87649D38952016005FF2F0200764997AB7649C3
:203F3000978049A86D138F00A1D87649496E28A8FFEC5D418F00B3E97649D39E52016017ED
:203F4000FF2F0400764997A06F128F00A1D87649496E28A8FFEE5D418F00B3E97649D38999
:203F500052016005FF2F0400764997AB761F02CF2B0C7649978042A86C04761F02CF0A0C1D
:203F60007649978043A86C04761F02CF0A0C7649978044A86C04761F02CF0A0C7649978010
:203F700045A86C04761F02CF0A0C7649978046A86C04761F02CF0A0C7649978047A86C0473
:203F8000761F02CF0A0C7649978048A86C04761F02CF0A0C7649978049A86C04761F02CF56
:203F90000A0C764997804AA86D20764997809000910CFF58612E761F02CF920C52026706F8
:203FA000761F02C6920052026024FF2F0800764997A09A2D764997B79A019B017649EE272F
:203FB0009A0176496E736F15764997809000910CFF58600FFF2F0800764997AB7649978458
:203FC000522D60049A00764997B79A0076496E73764997804BA86D2076499780900091F0E0
:203FD000FF58612E761F02CF920C52026706761F02C6920052026024FF2F1000764997A02B
:203FE0009A2E764997B79A019B017649EE279A0176496E7F6F1576499780900091F0FF58D8
:203FF000600FFF2F1000764997AB76499784522E60049A00764997B79A0076496E7F764999
:2040000097804CA86D3A7649978048A86C19761F02CF920C52026706761F02C6920052029B
:20401000600FFF2F2000764997A09A0C764997B79A019B017649EE279A0176496CF37649A7
:20402000978049A86C54FF2F2000764997A09A0D764997B7761F02CF920C52026706761F66
:2040300002C69200520260059A019B017649EE279A0176496CFF6F3B76499780900018A8BD
:204040000300FF586017FF2F2000764997AB76499784520D610576499784520C60049A006B
:20405000764997B79A0076496CF39A0076496CFF6F1E7649978048A86D0C76499784520CC3
:2040600060049A00764997B79A0076496CF36F0F7649978049A86D0B76499784520D600423
:204070009A00764997B79A0076496CFFFE820006FE0A96412B422B43761F02CF2D00350AB3
:204080009646761F02CE2D3F350A964756BF0448761F023F923E96497649219B28AC08FC1E
:2040900074AC35079B0A00C9F009761F02CE28A8044C95A997147649219B28AC08FC74AC6C
:2040A00035079B0A00C9F009761F02CE28A8041A95A997167649219B93A928A908FC9EA84D
:2040B0009B0500C9F009761F02CE28A802B295A9971D7649219B93A928A908FC9EA89B0541
:2040C00000C9F009761F02CE28A8029E95A9971F7649219B28AC08FC74AC35079B0A00C938
:2040D000F009761F02CE28A8044C95A997117649219B28AC08FC74AC35079B0A00C9F00956
:2040E000761F02CE28A803CA95A997137649219B93A928A908FC9EA89B0500C9F009761F0D
:2040F00002CE28A8029495A9971A7649219B93A928A908FC9EA89B0500C9F009761F02CEF2
:2041000028A8028095A9971C7649219B28AC08FC74AC35079B0A00C9F009761F02CE28A811
:20411000044C95A997177649219B28AC08FC74AC35079B0A00C9F009761F02CE28A8041AEA
:2041200095A997197649219B93A928A908FC9EA89B0500C9F009761F02CE28A8027695A972
:2041300097207649219B93A928A908FC9EA89B0500C9F009761F02CE28A8029E95A99722B8
:204140007649219B93A928A908FC9EA89B0300C9F009761F02CE28A8029E95A997237649A1
:20415000219B93A928A908FC9EA89B0300C9F009761F02CE28A801F495A9972556BF054856
:204160007649219B1BA90960600356BF07487649219B1BA90898600356BF034876491F5DF3
:204170005200FFE000EE761F02529234521C6048761F02CE9211544665032B426F27924666
:204180001BA90514620A9E119B0A00C9F0092DA93560FFA596426F1A1BA9057862127649DC
:20419000219B9B0A08A9F83000C9F00927A99B05924608A9FAEC00C9F00994AB96426F06E6
:2041A0001BA90578650356BF3C46761F02CE921A544769042B43FFEF009E92471BA902D03D
:2041B000620792479E1AFFC09643FFEF00941BA902D0FFE5009056BF2843FFEF008C521273
:2041C0006044761F02CE9214544665032B426F2792461BA90514620A9E149B0A00C9F009F1
:2041D0002DA93560FFA596426F1A1BA9057862127649219B9B0A08A9F83000C9F00927A91F
:2041E0009B05924608A9FAEC00C9F00994AB96426F061BA90578650356BF3C46761F02CEBD
:2041F000921D544769032B436F5592471BA902EE620692479E1DFFC096436F4C1BA902EE37
:20420000654956BF28436F46761F02CE9217544665032B426F2792461BA90514620A9E17D2
:204210009B0A00C9F0092DA93560FFA596426F1A1BA9057862127649219B9B0A08A9F83009
:2042200000C9F00927A99B05924608A9FAEC00C9F00994AB96426F061BA90578650356BFD1
:204230003C46761F02CE9220544769032B436F1292471BA9030C62099247BE059E200EA9B7
:20424000F60F1FA696436F061BA9030C650356BF2843922354496603924963032B446F10A1
:204250001BA90302620892499E232DA93527FFC696446F061BA90302650356BF28447649C8
:204260001F5D5201FFE0012C761F02529234521C6064761F02CE92119C9C544665032B42D3
:204270006F2892461BA904B0620B9E119B0A9C6400C9F0092DA93560FFA596426F1A1BA990
:20428000051462127649219B9B0A08A9F83000C9F00927A99B05924608A9FB5000C9F009D0
:2042900094AB96426F061BA90514650356BF3C46761F02CE921A9CC4544769032B436F1041
:2042A00092471BA90294620792479E1A9C3CFFC096436F061BA90294650356BF28439223F5
:2042B0009CC4544969042B44FFEF00DA92491BA902C6620B92499E232DA9352708A90924CD
:2042C000FFC69644FFEF00CC1BA902C6FFE500C856BF2844FFEF00C452126060761F02CE91
:2042D00092149C9C544665032B426F2892461BA904B0620B9E149B0A9C6400C9F0092DA93E
:2042E0003560FFA596426F1A1BA9051462127649219B9B0A08A9F83000C9F00927A99B05A8
:2042F000924608A9FB5000C9F00994AB96426F061BA90514650356BF3C46761F02CE921D9C
:204300009C9C544769032B436F1092471BA9028A620792479E1D9C64FFC096436F061BA97A
:20431000028A650356BF284392239C9C544969032B446F7592491BA9029E620A92499E2389
:204320002DA9352708A90F3CFFC696446F681BA9029E656556BF28446F62761F02CE92174B
:204330009C9C544665032B426F2892461BA904B0620B9E179B0A9C6400C9F0092DA93560EB
:20434000FFA596426F1A1BA9051462127649219B9B0A08A9F83000C9F00927A99B05924604
:2043500008A9FB5000C9F00994AB96426F061BA90514650356BF3C46761F02CE92209CB0C4
:20436000544769032B436F1392471BA902BC620A9247BE059E209C500EA9F60F1FA69643DF
:204370006F061BA902BC650356BF284392239CB0544969032B446F1392491BA902B2620A94
:2043800092499E232DA9352708A90C30FFC696446F061BA902B2650356BF28447649CEA3BD
:204390001BA901E067127649CEA328A801E0BE0A9FA90EA8F60F1FA62DA912489645761FDE
:2043A00002CE56BF013C6F052B45761F02CE2B3C924554426905761F02CF960B6F05924201
:2043B000761F02CF960B9243540B6902960B9244540B6902960B920B523C690356BF3C0B72
:2043C000924260059243600392446106761F02CE56BF013B6F04761F02CE2B3BFE8A0006AD
:2043D000FE0496412B422B43761F023F923E9644761F02529234521C601B764959952DA97E
:2043E00035031BA90C4E6507761F02CF923460030A336F27764959952DA935031BA90C4EC0
:2043F0006320761F02CF9233611C0B336F1A76495995560301A91BA908706507761F02CFFD
:20440000923460030A336F0D76495995560301A91BA908706306761F02CF923361020B3399
:2044100028A90BB8761F02CF543360042B3356BF0134923461069235600402015601003A13
:204420008F015F90A8A90F3A601F56BF0135761F02529234521C600D764959952DA9350354
:204430001BA90C4E6511761F02CF282E01296F0C76495995560301A91BA908706505761F8C
:2044400002CF56BFCC2F761F02CF9235610402015641003A063A6009923561072B352B347E
:20445000282E015E56BFF02F76491F5D5200FFE000FE761F02CF923052016010761F02CEA9
:2044600092445D418F00B3EB933A7649D39E52016014761F02CF2B306F10761F02CE92445C
:204470005D418F00B3EB93387649D38952016005761F02CF56BF0130761F02529234521CFA
:20448000604A761F02CF9208900152016013761F02CE9328761F02CF5D418F00B3EA920138
:204490007649D39E52016017761F02CF1808FFFE6F12761F02CE9326761F02CF5D418F005D
:2044A000B3EA92017649D38952016005761F02CF1A080001761F02CF40086C0A2D0128A94D
:2044B000015E31199EAB08A9067296426F032842015E9230610C924408A9FD62560301A9A6
:2044C00028A8015E9FA99743FFEF00912843015EFFEF008D52126046761F02CF920890012C
:2044D00052016013761F02CE932B761F02CF5D418F00B3EA92017649D39E52016017761F91
:2044E00002CF1808FFFE6F12761F02CE9329761F02CF5D418F00B3EA92017649D3895201FB
:2044F0006005761F02CF1A080001761F02CF40086C092D019AF09BAB31039EAB95A9974209
:204500006F0356BFF0429230610A9244BEF008A9FD62560301A974A67E436F4856BFF04344
:204510006F45761F02CF9208900152016013761F02CE932E761F02CF5D418F00B3EA920197
:204520007649D39E52016017761F02CF1808FFFE6F12761F02CE932C761F02CF5D418F00C6
:20453000B3EA92017649D38952016005761F02CF1A080001761F02CF40086C092D019AF004
:2045400031059EAB08A9014596426F0356BFF0429230610A9244BEF008A9FD62560301A990
:2045500074A67E436F0356BFF04376491F5D5201FFE00155761F02529234521C6054761F8D
:2045600002CF923152016013761F02CE9328761F02CF5D418F00B3EC9DFA92017649D39E35
:2045700052016017761F02CF2B316F13761F02CE9326761F02CF5D418F00B3EC9DFA9201A3
:204580007649D38952016005761F02CF56BF0131761F02CF923252016013761F02CE933A79
:2045900092445D418F00B3ED9DC47649D39E5201FFE000B9761F02CF2B32FFEF00B4761FF2
:2045A00002CE933892445D418F00B3ED9DC47649D3895201FFE000A7761F02CF56BF0132BA
:2045B000FFEF00A152126050761F02CF923152016013761F02CE932B761F02CF5D418F00A3
:2045C000B3EC9DF692017649D39E52016017761F02CF2B316F13761F02CE9329761F02CF51
:2045D0005D418F00B3EC9DF692017649D38952016005761F02CF56BF0131761F02CF92322F
:2045E00052016011761F02CE933A92445D418F00B3ED9D9C7649D39E52016064761F02CF3C
:2045F0002B326F60761F02CE933892445D418F00B3ED9D9C7649D38952016054761F02CFEB
:2046000056BF01326F4F761F02CF923152016013761F02CE932E761F02CF5D418F00B3EC4D
:204610009DF892017649D39E52016017761F02CF2B316F13761F02CE932C761F02CF5D41FC
:204620008F00B3EC9DF892017649D38952016005761F02CF56BF0131761F02CF9232520127
:204630006011761F02CE933A92445D418F00B3ED9DB07649D39E52016015761F02CF2B321C
:204640006F11761F02CE933892445D418F00B3ED9DB07649D38952016005761F02CF56BF6C
:204650000132761F02529234521C601F761F02CF9231610A2D0128A9015E31199EAB08A945
:2046600005DC96426F032842015E9232610B924408A9FD9E560301A928A8015E9FA99743A0
:204670006F3D2843015E6F3A5212601D761F02CF923161092D019AF09B8D31039EAB95A9FC
:2046800097426F0356BFF0429232610A9244BEF008A9FDC6560301A974A67E436F1F56BFE0
:20469000F0436F1C761F02CF923161092D019AF031059EAB08A9011D96426F0356BFF04222
:2046A0009232610A9244BEF008A9FDB2560301A974A67E436F0356BFF0439243544263027F
:2046B0009642761F02529234521C6008761F02CF922E5442630996426F07761F02CF922FF0
:2046C0005442630296429242960D761F02529234521C601A761F02CF1B0D015E6504280D6E
:2046D000015E6F06920D52FA630356BFFA0D1B0D015E6306761F02CE56BF013D6F1C761FC1
:2046E00002CE2B3D6F18761F02CF920D52F0650456BFF00D6F0552B4630356BFB40D920DE4
:2046F00052F06306761F02CE56BF013D6F04761F02CE2B3DFE840006FE06964156BF454208
:2047000056BF454356BF4544761F025292345212600756BF2C4256BF2C4356BF2C445216F0
:20471000600756BF344256BF344356BF3444761F023F923E964576491F5D5200FFE000BAD7
:20472000761F02529234521C603B761F02CE923F5242650C2D3F9A4531059EAB08A9014AC0
:204730009642630656BF01426F0356BF45421B45029465102D4535289B6408A998E000C997
:20474000F0099B459FA997439243630656BF01436F0356BF4543761F02CF9200526D650D8F
:204750002D009A4531039EAB08A901479644FFE3008156BF01446F7D56BF45446F7A521259
:20476000603A761F02CE923F5245650C9CBBBE2C560302A974A67E429242630656BF0142AD
:204770006F0356BF2C421B45029E65102D4535289B6408A9975000C9F0099B2C9FA99743AE
:204780009243630656BF01436F0356BF2C43761F02CF92005273650C9C8DBE2C560301A948
:2047900074A67E449244634556BF01446F4256BF2C446F3F761F02CE923F523F65102D3FC9
:2047A000350F9B0A08A9FC4F00C9F0099B349FA997429242630656BF01426F0356BF3442D0
:2047B0001B45029E65102D45351A9B6408A9BBF400C9F0099B349FA997439243630656BF4E
:2047C00001436F0356BF3443761F02CF9200526E650E2D00356E9B3408A9D0BCFFA59FA9A4
:2047D00097449244630656BF01446F0356BF344476491F5D5201FFE000BA761F0252923480
:2047E000521C603B761F02CE923F523C650C2D3F9A4531059EAB08A9012C9642630656BF7D
:2047F00001426F0356BF45421B45025865102D4535289B6408A9A24000C9F0099B459FA9DE
:2048000097439243630656BF01436F0356BF4543761F02CF92005263650D2D009A453103B9
:204810009EAB08A901299644FFE3008156BF01446F7D56BF45446F7A5212603A761F02CEF7
:20482000923F523B650C9CC5BE2C560302A974A67E429242630656BF01426F0356BF2C42F6
:204830001B45023A65102D4535289B6408A9A6F000C9F0099B2C9FA997439243630656BF44
:2048400001436F0356BF2C43761F02CF92005269650C9C97BE2C560301A974A67E44924428
:20485000634556BF01446F4256BF2C446F3F761F02CE923F523765102D3F350F9B0A08A928
:20486000FCC700C9F0099B349FA997429242630656BF01426F0356BF34421B45024E65100C
:204870002D45351A9B6408A9C41400C9F0099B349FA997439243630656BF01436F0356BF0E
:204880003443761F02CF92005264650E2D00356E9B3408A9D508FFA59FA99744924463064D
:2048900056BF01446F0356BF344492435442630296429244544263029642761F02529234AF
:2048A000521C601792425245650456BF45426F055200620356BF0142924252456306761FB7
:2048B00002CE56BF013E6F32761F02CE2B3E6F2E521260179242522C650456BF2C426F052B
:2048C0005200620356BF01429242522C6306761F02CE56BF013E6F1A761F02CE2B3E6F1679
:2048D00092425234650456BF34426F055200620356BF0142924252346306761F02CE56BFBA
:2048E000013E6F04761F02CE2B3EFE860006FE0296416F60761F02C35D418F00B3F79B3C00
:2048F000920A7649D39E5201600A761F02BD56BF012D761F02CF2B382B362B37761F02C3A2
:204900005D418F00B3F79B41920A7649D3895201600B761F02BD56BF022D761F02CF2B380E
:204910002B372B366F40761F02C35D418F00B3F69B32920A7649D39E52016035761F02BD10
:204920002B2D761F02CF2B382B362B376F2C761F02C35D418F00B3F69B3C920A7649D3893A
:204930005201600B761F02BD56BF012D761F02CF2B382B362B376F17761F02CF0A38924185
:20494000543866112B382B362B37761F02BD2B2D6F0A761F02BD922D61DB520161B0520202
:20495000619A6F01FE82000676499780FF5A18AB000018AA0800FF2F10000FAB610C764976
:204960009780FF5A18AB000018AA0400FF2F08000FAB60039A016F029A000006FE0E5DAD29
:20497000A84EC54EDD8C0EA58AA9F60B24849242FE8E0006761F02CE923F0006761F02CF1E
:2049800092000006761F02CF92010006761F02CF92020006FE023B10761F02CF40036C041C
:2049900056BF01416F022B4129109241FF69FE820006FE023B10761F02CF43036C0456BF5D
:2049A00001416F022B4129109241FF69FE820006FE023B10761F02CF41036C0456BF014122
:2049B0006F022B4129109241FF69FE820006761F02CF92090006761F02CF920A0006761F6C
:2049C00002CFCC082000FFCC0006761F02CFCC080002FFC00006761F02CFCC080100FFC73F
:2049D0000006761F02CFCC080200FFC80006761F02CFCC080080FFC60006761F02CFCC08F9
:2049E0008000FFCE0006FE049643A842020A07421EA7924396C7FE840006FE022B41761FCA
:2049F0000286922E761F02865422650396416F03922296413B10761F02CE963F2910FE8252
:204A0000FF690006FE022B41761F02869216761F0286540A650396416F03920A96413B100D
:204A1000761F02CF96002910FE82FF690006FE022B41761F02879222761F02875416650335
:204A200096416F03921696413B10761F02CF96012910FE82FF690006FE022B41761F0287B5
:204A3000920A761F0286543A650396416F03923A96413B10761F02CF96022910FE82FF6961
:204A40000006FE0296419241761F02CE9601FE820006FE0296419241761F02CE9602FE82FD
:204A50000006FE029641761F02CE9600FE82000676495963761F02B296248F00AD48F613DD
:204A60002B84761F02B5280803B61B0803B66303280803B62B0A56BF190956BF0A0B761FFC
:204A700002B3342B00DA761F02B5562F070C9208540C6502960C920C960D02001E0E764923
:204A80005963761F02B596102B1156BF02142B1302001E18000676495967761F02B29638EF
:204A90008F00AD5CF6132B84761F02B5281C03B61B1C03B66303281C03B656BF011E56BFD1
:204AA000191D56BF0A1F761F02B3342D00DA761F02B5562F0720921C542065029620922014
:204AB000962102001E2276495967761F02B596242B2556BF02282B2702001E2C0006764976
:204AC0004B2A76494B3F76494A5876494A8B761F02B32B090006761F02529234521C602EF4
:204AD000761F02B2280F0FA08F000FA0761F02B4A81C761F02B228210FA028220FA02823C5
:204AE0004268281007D08F0007D0761F02B4A832761F02B2283507D0283607D0283721340C
:204AF00056BF2B3D283C087E761F02B356BF820256BF5703280401B36F2D5212602B761FED
:204B000002B2280F07D08F0007D0761F02B4A81C761F02B2282107D0282207D0282322C4A3
:204B1000281007D0761F02B4A832761F02B2282107D0283607D0283722C456BF243D283C94
:204B200006FA761F02B356BF6B0256BF47032804016500060200761F02B41E081E0A761F82
:204B300002B22B12761F02B41E0E1E181E101E1A761F02B22B20761F02B41E140006020048
:204B4000761F02B41E1E1E20761F02B256BF0126761F02B41E241E2E1E261E30761F02B257
:204B50002B34761F02B41E2A0006761F02B30A0F920F520A68142B0F1B10013967020A104F
:204B60001B100139690328100139761F02B2923C9E3D761F02B3541169020A119210761F94
:204B70000115962B28A904E2761F02B39E10761F0115962D761F02B2923C761F011D9623AE
:204B8000761F01219623761F02B39211761F011D962B761F02B2923C761F02B39E11761F9F
:204B9000011D962D761F02B39211761F0121962B761F02B2923C761F02B39E11761F0121F8
:204BA000962D0006761F02C69203520161070200761F02B41E34FFEF0097761F02C692026A
:204BB000520961045207FFE0008B761F02529234521C6043761F02C792176005761F02C7D8
:204BC00092186136761F02C6920252076019761F0285E801FC40E80230E1E2AF0238E80FD3
:204BD000AE18E7000080E80A0001E70000087700E6880000761F02B4E20300346F64761F05
:204BE00002BEE801FC40E80230E1E2C80205E80FAE18E7000080E80A0001E70000087700A7
:204BF000E6880000761F02B4E20300346F4C0200761F02B41E346F47761F02C79217600557
:204C0000761F02C792186136761F02C6920252076019761F0285E801FCB8E80230E1E2AFED
:204C10000238E80851E8E7000080E80A0001E70000087700E6880000761F02B4E20300348F
:204C20006F22761F02BEE801FCB8E80230E1E2C80205E80851E8E7000080E80A0001E700DB
:204C300000087700E6880000761F02B4E20300346F0A0200761F02B41E346F050200761FF0
:204C400002B41E340006FE02964176495963761F02B5930B95A9550C630D7649A56B52C812
:204C50006309761F02B592116005761F02B30A126F04761F02B32B129241541266112B1237
:204C6000764959632DA935DA562F0742761F02B5920854426503960C6F039242960CFE8218
:204C70000006FE02964176495967761F02B5931F95A95520630D7649A57352C86309761FB5
:204C800002B592256005761F02B30A136F04761F02B32B139241541366112B137649596771
:204C90002DA935DA562F0742761F02B5921C5442650396206F0392429620FE820006B2BDB2
:204CA000AABDFE0A97469645761F02B2920AFFE0023D2B04FFEF0258761F01FC1A1508008A
:204CB0001A151000761F02C82B162B172B180200761F02C51E321E341E36761F02C82B138F
:204CC0002B142B15761F02BF1E381E3A1E3C761F02B32B14761F02B256BF0104FFEF0234E7
:204CD000761F02B30A1492145219FFE9022D2B14761F02B256BF0204FFEF0226761F02B331
:204CE00092155208670E0A150E45761F02C556010032761F02BF0E4656010038FFEF0214AA
:204CF000761F02C529010632761F02C8FF429616761F02BF0638761F02C8FF429613761F28
:204D000002C502001E32761F02BF1E38761F02B32B15761F01FC1A1308001A151000761FA9
:204D100002B256BF0304FFEF01EF761F02B30A1492145219FFE901E8761F02B256BF040425
:204D2000761F02B32B14FFEF01DF761F02B392155208670E0A150E45761F02C55601003403
:204D3000761F02BF0E465601003AFFEF01CD761F02C529010634761F02C8FF429617761FCA
:204D400002BF063A761F02C8FF429614761F02C502001E34761F02BF1E3A761F02B32B1520
:204D5000761F01FC1A1508001A131000761F02B256BF0504FFEF01A8761F02B30A14921431
:204D60005219FFE901A1761F02B256BF0604761F02B32B14FFEF0198761F02B3921552087B
:204D7000670E0A150E45761F02C556010036761F02BF0E465601003CFFEF0186761F02C545
:204D800029010636761F02C8FF429618761F02BF063C761F02C8FF429615761F02C502001E
:204D90001E36761F02BF1E3C761F02B32B15761F01FC1A1508001A151000761F02B256BF0F
:204DA0000704FFEF01613B01761F02C8BE648513761F02C81E4287A60E16761F02C80113C0
:204DB000564400A900C9EF9296473B018514761F02C81E420E17761F02C80114564400A909
:204DC00000C9EF9296483B018515761F02C81E420E18761F02C80115564400A900C9EF92EE
:204DD0009649761F02B2924796069248960792499608761F02C83B0192139E1585A9FF56C0
:204DE00088A992139E1485A9FF5693A655A9626828A9F40028A8823C1E4402011E429248B5
:204DF0009E4785A9568F568F00C9F0481EA6A9A78C4802583447025803AB8C4827D803AB7F
:204E0000A0AB568F568FA9441E42A3A706A67649E5B8761F02B4A93C28ABF40028AA823C57
:204E10000201A944B2AB1E42063C568F568F00C9F0488F002A308BA9A9A2A8442B428F096F
:204E200027C02B41A8A956210048073C560500A9566300A900C9F0481EA602641E442B426C
:204E30002B4106A67649E5B8761F02B48F000258A9A6A8AC5605003CA9A75667003CA9A4EA
:204E4000A3A6565D00A7A944565400A4AAAB1E42B2A97649E5B8761F02B4A93E6F5A28A93C
:204E5000F40028A8823C1E4402011E4292499E4785A9568F568F00C9F0481EA6A9A78C4959
:204E6000025834472A3003ABA0AB568F568FA9441E42A3A706A67649E5B8761F02B4A93E6F
:204E700028ABF40028AA823C0201A9441E42562100495663003E5605003E00C9F0488F009B
:204E80000258A84483A9A9A62B422B41562100495663003E5605003E00C9F04876D07AC0A7
:204E90008F0927C0A9A28EA987A7A8A9073E560500A9566300A9565D00A2A944565400A04B
:204EA000A3A61E42A0A97649E5B8761F02B4A93C063C1E04063E1E068F0186A0A8A90F3C56
:204EB00062030F3E651C761F02B256BF0109761F02E256BF39069A0176496EF7761F02B272
:204EC0000A0B9A007648F641761F02B2920B520368121A0000801A0100806F0D761F02B27F
:204ED0002B099A0076496EF7761F02E29206523960022B06761F02B256BF01052B0A56BFF3
:204EE00008046F212B046F1F9204520462115204FFE1FE3D5200FFE1FDC15201FFE1FDE287
:204EF0005202FFE1FDED5203FFE1FE216FEC5205FFE1FE645206FFE1FE715207FFE1FEA5B9
:204F0000520860E1FE8A86BE8BBE0006764926B652006113761F02B30A1692165232680379
:204F10002B160A171B17070868082B17761F02B556BF011156BF01250006761F02C7921771
:204F200052036706761F02C7921852036813761F02B21A0300017649C3949B0A00C9F07389
:204F3000761F02B29007CD03FF8FFF83CAA896036F07761F02B21803FFFE1803FF8F000610
:204F4000FE022B41761F02B2CC030070FFC3520360057649CFAA96416F047649CFA6964154
:204F500076491FAA5203610776491FAA52026103284102489241FE820006FE042B432B44D1
:204F6000E590E203004276494F409B0495A99744764958EE52006205764958F252006551C0
:204F70002D44761F02B2350C960E761F0252923452126032764959953B0185A9BDA90F123F
:204F80007700770077007700E6890001E801C8EBE8500009E80A4A93E70000587700E890EB
:204F900050007700E2030042E8020A29E8220A00E80E1479E6970008E2030042E2C40044C9
:204FA000E2AF0142E70000087700E68E0000761F02B2E213000E764958FA9643761F02B2C4
:204FB000920E544369040843000A6F0296431B431D4C690328431D4C9243764959246F1403
:204FC000764959991BA90BB8650B764959991BA91388630676495999764959246F0528A97E
:204FD0000BB876495924FE840006B2BD7649200E2DA9761F02B49A6436A91E387649202487
:204FE00059A97649200E93A155A96709764920242DA9761F02B49A6436A91E38761F02B979
:204FF000412C6C13764920505200600F761F02B92D2D3B01350A761F02B485A90F3863116C
:20500000350A85A91E386F0D76492050520060098F001770761F02B4A8A90F386302A83829
:20501000761F02529234521C6019764959952DA9761F02B4351EFF14007D0F386331FF203F
:2050200007D00F38632D764959952DA9761F02B4351EFF14007D1E386F23764959953B0140
:20503000FF68761F02B4560301A9FF5AFF3210ACFF14007D0F386314FF2007D00F38631067
:20504000FF69764959953B01FF68761F02B4560301A9FF5AFF3210ACFF14007D1E3802FA22
:205050000F3865021E38761F02C792176005761F02C79218614E761F02C692005206614928
:20506000761F02C7921752036713761F02C792185203670E761F02B40638761F02B51E0095
:205070008F0003E8A8A90F006338A8006F36761F02B40638761F02B50F006124761F02B3AB
:2050800092180A18521969292B18761F02B40638761F02B50F00650D026456010000761F5C
:2050900002B40638761F02B50F0062171E006F150F006306FF2003E8564100006F0E1E00E2
:2050A0006F0C761F02B32B18761F02B51E006F050200761F02B51E00761F02B2CC03007016
:2050B000FFC360098F0003E8761F02B5A8A90F006302A800761F02B50600761F02B41E3691
:2050C000FF698BBE0006B2BDFE1802001E441E468F00015EA84AA84C2B571E541E562B580D
:2050D000764959AF1EA63B0102871EAC564400A6FF461E4E7649CF7F3B0185A91E506F0160
:2050E000064EFFE5009287505644004E1E48761F02C7921752036706761F02C7921852039B
:2050F00068767649CF9259A97649CF962DA9761F02B492A172AC350A9438761F02B3960D12
:20510000761F02529234521C6007764959952DA9350396586F0E521261035216600776498F
:205110005995560301A996586F04764959959658764959AF761F02B40F38601F761F02CF54
:205120002D0D350A9C1454586518761F02B30A0E920E61422B0E920D9B1400C9F009720CB1
:205130001B0C09C46504280C09C46F361B0CF63C6333280CF63C6F30761F02B32B0E761F50
:2051400002CF2D0D350A9C14545863069A14761F02B3740C6F10761F02B3920C5214650492
:205150009A14740C6F081B0CFFEC6304080C00146F022B0C1B0C09C46504280C09C46F0C78
:205160001B0CF63C6309280CF63C6F06761F02B32B0E2B0D2B0C5621000C761F02B4566514
:205170000050A93A6F0602001E48761F02B41E3A3B01761F02B3852C761F02B21E42342335
:2051800003E800C9EF92960F3B01761F02B3852E761F02B21E42343703E800C9EF9296100D
:205190009222540F6303960F6F06920F52C8630356BFC80F92365410630396106F0692100C
:2051A00052C8630356BFC810761F02B406340748073A1E48761F02529234521C601B7649B0
:2051B000CEA3761F02CF8F0004062D0D30A9A8AC564400A90F4863277649CEA3761F02CF4E
:2051C0008F0004062D0D30A9A8AC564400A91E486F1A7649CEA3761F02CF8F00043E2D0DFC
:2051D00030A9A8AC564400A90F48630D7649CEA3761F02CF8F00043E2D0D30A9A8AC564420
:2051E00000A91E48764958EE5200FFE101F5764958F25200FFE101F0761F02B32D2CFF683D
:2051F0003334A9A9FF3210AC1E542D2E3336A9A9FF3210AC1E560648035403561E52761F0D
:2052000002529234521CFFE000B202031E42FF690648FF3000C9EF921EA68F2625A0A8A952
:2052100007A60F5463390652651602051E42065200C9EF92761F02B35621002C0754AB42C1
:2052200000C9EF921EA6020A1E4206A600C9EF921E446F133B01761F02B3852C1E42064835
:205230000356FF04027100C9EF921EA6020A1E4206A600C9EF921E443B01852E1E42064820
:20524000035400C9EF921EA6020A1E4206A600C9EF921E466F6802031E42064800C9EF924F
:2052500007A40F5663390652651602051E42065200C9EF92761F02B35621002E0756AB427D
:2052600000C9EF921EA6020A1E4206A600C9EF921E466F133B01761F02B3852E1E420648F1
:205270000354FF04027100C9EF921EA6020A1E4206A600C9EF921E463B01852C1E420648E2
:20528000035600C9EF921EA6020A1E4206A600C9EF921E446F2802031E4206520748FF3011
:2052900000C9EF92761F02B35621002CAB4200C9EF921EA6020A1E4206A600C9EF921E4408
:2052A00002031E420652074800C9EF925621002EAB4200C9EF921EA6020A1E4206A600C917
:2052B000EF921E462B57FFEF00B38F2625A0A348FF6AA8A910AC0F54633B0652651702051F
:2052C0001E42FF69065200C9EF92761F02B35621002C0754AB4200C9EF921EA6020A1E42B5
:2052D00006A600C9EF921E446F143B01761F02B3852CFF691E4206480356FF04027100C9FE
:2052E000EF921EA6020A1E4206A600C9EF921E443B01852E1E420648035400C9EF921EA6A3
:2052F000020A1E4206A600C9EF921E466F60A8A910AC0F56633B0652651702051E42FF6956
:20530000065200C9EF92761F02B35621002E0756AB4200C9EF921EA6020A1E4206A600C9C3
:20531000EF921E466F143B01761F02B3852EFF691E4206480354FF04027100C9EF921EA6EB
:20532000020A1E4206A600C9EF921E463B01852C1E420648035600C9EF921EA6020A1E4239
:2053300006A600C9EF921E446F223B01761F02B3852CFF691E4206520748FF4000C9EF9245
:205340001EA6020A1E4206A600C9EF921E443B01852E1E4206520748FF4000C9EF921EA682
:20535000020A1E4206A600C9EF921E463B01852C761F02B41E42063A00C9EF921EA602147B
:205360001E4206A600C9EF9296572B573B01855707441E4A761F02B285220F4A6303852247
:205370001E4A761F02C792175203680602050F4A65071E4A6F0502500F4A65021E4A761F34
:2053800002B2850F0F4A6303850F1E4A764958FE88A9064A19320FA66509764958FE9B3224
:2053900095A90EA87649592E6F04064A7649592E761F02529234521C60099257FFA09657BF
:2053A0003B01855707461E4C6F053B01855707461E4C761F02B285360F4C630385361E4CF1
:2053B000761F02C792185203680602050F4C65071E4C6F0502500F4C65021E4C761F02B29F
:2053C00085100F4C630385101E4C7649590288A9064C19320FA6650A764959029B3295A947
:2053D0000EA876495938FFEF009B064C76495938FFEF0096764958EE520061443B01761F3B
:2053E00002B3852C1E42064800C9EF921EA6020A1E4206A600C9EF921E441E4A3B01761F8E
:2053F00002B285220F4A630385221E4A761F02C792175203680602050F4A65071E4A6F0502
:2054000002500F4A65021E4A761F02B2850F0F4A6303850F1E4A764958FE88A9064A193299
:205410000FA66509764958FE9B3295A90EA87649592E6F04064A7649592E02C8764959381A
:205420006F4E764958F25200614402C87649592E3B01761F02B3852E1E42064800C9EF926E
:205430001EA6020A1E4206A600C9EF921E461E4C3B01761F02B285360F4C630385361E4C42
:20544000761F02C792185203680602050F4C65071E4C6F0502500F4C65021E4C761F02B20E
:2054500085100F4C630385101E4C7649590288A9064C19320FA66509764959029B3295A9B7
:205460000EA8764959386F0B064C764959386F0702C87649592E02C876495938FE988BBE8B
:205470000006761F02B240006C20761F02B38F4003E88F00ACD928A81450922B7649D39EC8
:2054800052006134761F02B32B19761F02B21800FFFE9A0076496C70764997845201602651
:205490009A00764997B76F22761F02B3D50A8F00ACD928A814B4922B7649D389520061164E
:2054A000761F02B32B19761F02B21A0000019A0176496C709A01764997B79A007649590664
:2054B00076494B2A761F02C72B170006761F02B240016C20761F02B38F4003E88F00ACDAD3
:2054C00028A81450922D7649D39E52006134761F02B32B1A761F02B21801FFFE9A0076497B
:2054D0006C7B76499784520260269A00764997B76F22761F02B3D50A8F00ACDA28A814B413
:2054E000922D7649D38952006116761F02B32B1A761F02B21A0100019A0176496C7B9A0238
:2054F000764997B79A007649591076494B3F761F02C72B180006FE029641761F02B243007A
:205500006D1D76495963761F02B35D418F00ACDB93077649D39E52006125761F02B32B1B56
:20551000761F02B21A0000089A007649590676494B2A761F02C72B176F1576495963761FF0
:2055200002B38F4001F48F00ACDB93087649D38952006108761F02B32B1B761F02B218007A
:20553000FFF7FE820006FE029641761F02B243016D1D76495967761F02B35D418F00ACDC73
:2055400093077649D39E52006125761F02B32B1C761F02B21A0100089A007649591076492B
:205550004B3F761F02C72B186F1576495967761F02B38F4003E88F00ACDC93087649D3893C
:2055600052006108761F02B32B1C761F02B21801FFF7FE820006FE022B412B42761F02523F
:205570009234521C600628410FA0284211306F05284107D028420898761F02B241006C1EEC
:205580007649596B8F4003E88F00ACDD93417649D39E52006132761F02B32B1D761F02B2F2
:205590001800FFFD9A0076496C8776499784520360249A00764997B76F207649596BD50A50
:2055A0008F00ACDD93427649D38952006116761F02B32B1D761F02B21A0000029A017649C9
:2055B0006C879A03764997B79A007649590676494B2A761F02C72B17FE820006761F02B2E3
:2055C00041016C1F7649596F8F4003E828A807D08F00ACDE7649D39E52006133761F02B39D
:2055D0002B1E761F02B21801FFFD9A0076496C9376499784520460259A00764997B76F21D0
:2055E0007649596FD50A28A808988F00ACDE7649D38952006116761F02B32B1E761F02B2FC
:2055F0001A0100029A0176496C939A04764997B79A007649591076494B3F761F02C72B18CE
:205600000006761F02B242006D227649596BD50A28A8FE0C8F00ACDF7649D39E52006134FD
:20561000761F02B32B1F761F02B21A0000049A0176496C9F9A05764997B79A0076495906B6
:2056200076494B2A761F02C72B176F1E7649596B8F4003E828A8FFF68F00ACDF7649D389D2
:2056300052006112761F02B32B1F761F02B21800FFFB9A0076496C9F7649978452056004AD
:205640009A00764997B70006761F02B242016D227649596FD50A28A8FE0C8F00ACE0764968
:20565000D39E52006134761F02B32B20761F02B21A0100049A0176496CAB9A06764997B7C7
:205660009A007649591076494B3F761F02C72B176F1E7649596F8F4003E828A8FFF68F005D
:20567000ACE07649D38952006112761F02B32B20761F02B21801FFFB9A0076496CAB76498E
:205680009784520660049A00764997B70006761F02529234521C6055761F02B244006D2991
:20569000764959751BA9490C6206764959791BA92486651B761F02B30A21922152FAFFE911
:2056A0000093761F02B21A0000101A0100109A0176496CCF9A09764997B79A007648F641E5
:2056B000761F02B32B216F7F761F02B32B216F7B764959751BA942686406764959791BA91C
:2056C0002134631B761F02B30A221B2203E8696B761F02B21800FFEF1801FFEF9A007649D6
:2056D0006CCF761F02B32B22764997845209605B9A00764997B76F57761F02B32B226F5332
:2056E000761F02B244006D28764959751BA927886206764959791BA92788651A761F02B353
:2056F0000A21922152FA693F761F02B21A0000101A0100109A0176496CCF9A09764997B7E5
:205700009A007648F641761F02B32B216F2C761F02B32B216F28764959751BA923F06406CE
:20571000764959791BA923F0631B761F02B30A221B2203E86918761F02B21800FFEF18010C
:20572000FFEF9A0076496CCF761F02B32B2276499784520960089A00764997B76F04761F04
:2057300002B32B220006761F02B248006D2D7649A4FC1BA91D4C620B7649A5001BA90EA651
:2057400062067649A5041BA90EA6651A761F02B30A23922352326948761F02B21A000100BD
:205750001A0101009A017649705F9A57764997B79A007648F641761F02B32B236F35761F96
:2057600002B32B236F317649A4FC1BA91B5863297649A5001BA90DAC63247649A5041BA9D0
:205770000DAC631F761F02B30A241B2403E8691C0A09920952046318761F02B21800FEFFDA
:205780001801FEFF9A007649705F761F02B32B2476499784525760089A00764997B76F042D
:20579000761F02B32B24761F02B39209650D0201761F02B5560100028F02BF20A8A90F028F
:2057A0006607A8026F050200761F02B51E02761F02B392095204630F8F02BF20761F02B587
:2057B000A8A90F026608761F02B32B090200761F02B51E020006761F02B245006D2276493B
:2057C0004982761F02CE54076518761F02B30A259225523269362B25761F02B21A0000209B
:2057D0001A0100209A0176496CDB9A0A764997B79A007648F6416F25761F02B32B256F21DF
:2057E00076494982761F02CE54086318761F02B30A26922652326915761F02B21800FFDF70
:2057F0001801FFDF9A0076496CDB76499784520A60089A00764997B76F04761F02B32B26AF
:205800000006761F02B249006D24761F01FC4E106C034F106D1A761F02B30A279227523262
:20581000693F761F02B21A0002001A0102009A0176496D6B9A16764997B79A007648F641D0
:20582000761F02B32B276F2C761F02B32B276F28761F01FC4E106C214F106C1F761F02B34D
:205830000A281B2803E8691C0A0A920A52046318761F02B21800FDFF1801FDFF9A00764927
:205840006D6B761F02B32B2876499784521660089A00764997B76F04761F02B32B28761FDD
:2058500002B3920A650D0201761F02B5560100048F02BF20A8A90F046607A8046F05020068
:20586000761F02B51E04761F02B3920A5204630F8F02BF20761F02B5A8A90F046608761FE9
:2058700002B32B0A0200761F02B51E040006761F02B24A006D22761F01FC43186D1A761F8D
:2058800002B30A2992295232693D761F02B21A0004001A0104009A0176496D8F9A1A7649EC
:2058900097B79A007648F641761F02B32B296F2A761F02B32B296F26761F01FC43186C1F39
:2058A000761F02B30A2A1B2A03E8691C920B520463190A0B761F02B21800FBFF1801FBFFC3
:2058B0009A0076496D8F761F02B32B2A76499784521A60089A00764997B76F04761F02B3D2
:2058C0002B2A761F02B3920B650D0201761F02B5560100068F02BF20A8A90F066607A8067D
:2058D0006F050200761F02B51E06761F02B3920B5204630F8F02BF20761F02B5A8A90F0601
:2058E0006608761F02B32B0B0200761F02B51E060006764997804CA86C010006761F02B2BC
:2058F00092110006761F02B292250006761F02B292390006761F02B2920D0006761F02B496
:20590000921C0006761F02B492320006FE0296413B10761F02B296112910FF69FE82000685
:20591000FE0296413B10761F02B296252910FF69FE820006FE0296413B10761F02B29639F0
:205920002910FF69FE820006FE0296413B10761F02B2960D2910FF69FE820006FE021E42AB
:205930003B10761F02B41E1C2910FF69FE820006FE021E423B10761F02B41E322910FF6979
:20594000FE820006FE029641761F02B2960AFE820006761F02B2920D0006761F02B292139F
:205950000006761F0105922D0006761F01FCCC110800FFCA0006761F02B406040006761F9B
:2059600002B406060006761F02B3922B0006761F02B3922D0006761F02B392330006761F99
:2059700002B3923500069A000006761F02B392370006761F02B3923900069A000006761F8C
:2059800002B2CC0000010006761F02B2CC0000010006761F02B2CC000008FFC20006761FEB
:2059900002B2CC010008FFC20006761F02B3923B0006761F02B3922F0006761F02B392316C
:2059A0000006761F02B492140006761F02B292200006761F02B2CC030070FFC30006761F04
:2059B00002B406360006FE02E2030042E27100007700E27800007700FE82000628A90A2C90
:2059C00076496596761F02A92800018056BF8016281701009200FFC196129200FFC0960157
:2059D0002D003503FFC196139200FFC29CFF963C8F09CFAE761F02ABA8308F09D00FA838A3
:2059E00028A94E207649B566000628A90A2C76496596761F02A92800018056BF80162817F4
:2059F00001009200FFC196129200FFC096012D003503FFC196139200FFC29CFF963C8F098E
:205A0000CFAE761F02ABA8308F09D00FA83828A9411A7649B5660006FE069742964128AC04
:205A10002D4029013041FF4796433042FF47964492439E449645761F02E05403690D924411
:205A2000761F02E09404761F02E09603761F02E096089A006F0792439603761F02E096089F
:205A30009A01FE860006761F0280E2C8003F761F02ADE203003A0006FE022B41761F02AB1A
:205A40000A179217520A68082B17761F02AA1B38072963020A38761F02AA1B3807296503D7
:205A5000283807293B01761F0280853F761F02AB07308AA9761F02AA2D38761F02A912C427
:205A6000FF4D9623960956BF654192189E415409630492189E41960992419E185409650403
:205A700092419E18960956BF644192096457960A92189E0A761F0105962B56BF012D92417A
:205A8000761F0101962B761F02A992189E0A9E41761F0101962D761F02A9920A761F010D64
:205A9000962B761F02A99218761F010D9CFF962D761F02A9920A761F01099E41962B92415C
:205AA000761F02A9940A761F0109962D761F02AA923761132B37761F010556BF0809761F70
:205AB000010D56BF0909761F010156BF0109761F010956BF01096F6B761F010556BF080992
:205AC000761F010D56BF0809761F010156BF0109761F010956BF01096F5AFF5C960B960A24
:205AD0009218761F01059E41962B9241761F02A9940A761F0105962D761F02A9920A761F51
:205AE0000101962B761F02A99218761F01019CFF962D9241761F010D962B761F02A99218E3
:205AF0009E0A9E41761F010D962D761F02A992189E0A761F0109962B56BF012D761F02AA33
:205B000092375201611456BF0137761F010156BF0909761F010956BF0809761F010556BF74
:205B10000109761F010D56BF01096F11761F010156BF0809761F010956BF0809761F01050C
:205B200056BF0109761F010D56BF0109FE820006761F025292345202610F5203610D520571
:205B3000610B5206610952086107520D610552126103521C607C761F02A956BF3224282596
:205B40001E7B28261E5428273CF628281CF62B29282A100056BF072B8F001D40761F02ABDE
:205B5000A832A834761F02A9282C26B8282D06B5282E2ED1282F0D27283021AA2B0D2B098E
:205B60002B0A2B0BBE003B0185A6761F02AB1E2A1E1C1E1E1E201E281E26BE00761F02A9CF
:205B70007E0E7E0F761F02ACC206C208761F02A92807039C761F02E02B03761F02E02B04CE
:205B8000761F02A928A9021C9632963156BF06339A14961F761F02AA963D761F02A99AC8E0
:205B90009622761F02AA963E761F02A92B202B21761F02AA280007D02B092B0AE591761F9D
:205BA00002ABE68C0008E203012C761F02A9E2130010761F02AA280E0640280FF9C056BFA5
:205BB000B20B56BFC51056BF1D116F7C761F02A956BF322428251E7B28261E5428273CF62E
:205BC00028281CF62B29282A100056BF072B8F001D40761F02ABA832A834761F02A9282CEE
:205BD0002839282D0838282E2E04282F0875283025912B0D2B092B0A2B0BBE003B0185A659
:205BE000761F02AB1E2A1E1C1E1E1E201E281E26BE00761F02A97E0E7E0F761F02ACC206BB
:205BF000C208761F02A92807039C761F02E02B03761F02E02B04761F02A928A9021C96327B
:205C0000963156BF03339A30961F761F02AA963D761F02A928A901319622761F02AA963ECF
:205C1000761F02A92B202B21761F02AA280007D02B092B0AE591761F02ABE68C0008E203DD
:205C2000012C761F02A9E2130010761F02AA280E0640280FF9C056BFB40B56BFC51056BF72
:205C30001D110006761F02A956BF010C2B390200761F02AB1E181E1A761F02A92B0D2B09FC
:205C40002B0A2B0BBE003B01761F02AB85A61E2A1E1C1E1E1E201E281E26BE00761F02ACEB
:205C5000C208C20606A6C208761F02A9960F960E761F02AA56BF023656BF02372B0AE5911C
:205C6000761F02ABE68C0008E203012C761F02A9E2130010761F02AB02001E2E1E22761FAC
:205C700002AA56BF01192B1A761F021F2B19761F021F2B18761F021F2B1A761F02C42B265A
:205C8000761F02AA2B38761F02AB2B002B01280B0384761F02AA281F01F4761F02ACE590D8
:205C9000E203003CE203003EE2030022E2030024E2030026E2030028E203002AE203002C68
:205CA000E203002E761F02ADE203003E761F02ACE203001E761F02ADE2030004E20300060C
:205CB000E2030008E203000AE203000CE203000EE2030010E2030016E203001E761F02ABDF
:205CC0002B0F2B0E0006FE022B41761F021F9218761F02A99609761F02C492265201FFE05B
:205CD00000BD761F02A93B01341803CDFF499641540963029609FF5C540965049241FF5C90
:205CE0009609761F0280853F761F02AB07308AA9761F02A92D0912C4562F0142761F027E55
:205CF000921A634E924265022B428542761F02A9FF56960A92189E0A761F0105962B761F50
:205D000002A9920A761F010D962B761F02A99218761F01019CFF962B761F010956BF012B1B
:205D1000761F02AA9237610B2B37761F010556BF0509761F010D56BF05096F09761F010504
:205D200056BF0409761F010D56BF0409761F02AA9236610C2B36761F010156BF0509761F56
:205D3000010956BF0509FFEF009B761F010156BF0909761F010956BF0909FFEF00919242C6
:205D400063022B428542761F02A9FF56960A92189E0A761F0105962D761F02A9920A761F54
:205D5000010D962D761F02A99218761F01019CFF962B761F010956BF012B761F02AA92379B
:205D60005201610C56BF0137761F010556BF0509761F010D56BF05096F07761F010556BF6C
:205D7000010956BF0109761F02AA92365201610C56BF0136761F010156BF0509761F01097C
:205D800056BF05096F4C761F010156BF0609761F010956BF06096F433B01761F02A9560320
:205D90000918FF499641540963029609FF5C540965049241FF5C96098509FF5693189FA98E
:205DA000970A920A761F0105962D761F0101962D761F02A992189E0A761F010D962D761F61
:205DB00002A992189E0A761F0109962D761F0105CC09FFFC50019609761F0101CC09FFFCB2
:205DC00050019609761F010DCC09FFFC50019609761F0109CC09FFFC50019609FE8200068B
:205DD000E20304BDE20305BDE20306BDE20307BDFE0A2B452B472B482B49761F021F9218E4
:205DE000761F02A9960956BF6448341803D4562F054592189E489CFF5445630592189E4855
:205DF0009CFF96459245540963029609FF5C540965049245FF5C96093B01761F0280853FDC
:205E0000761F02AB07308AA9761F02A92D0912C4562F0146761F02C79227FFE00323761F0D
:205E100002E292236145761F02A99200761F0280FFC0543F6918761F02E28823B632761FD6
:205E20000280DE322DA6C342123F00C9EF929647761F02A99200FFC05447672E9200FFC06E
:205E300096476F2A761F02A99200FFC0761F028088A9853F761F02E2FF5A92239C32565D37
:205E400000A6BE3285A91EAC564400ABC24200C9EF92761F02A99300FFD095A997479200D1
:205E50009CFF5447670992009CFF96476F05761F0280923F9647761F027DE2C8010B761FEA
:205E600002ADE2AF0024E71000407700E2030024761F02A90A39923943A9FFEC00E12B399D
:205E7000E84F8000761F02ADE2AF0122E72000087700E2030026E590E2030024E2AF00269D
:205E8000E8160E40AD14FFE30081E2AF0124E80220C0E84F8009E80C0000E6940001AD1422
:205E9000653DE2AF002AE8121240AD14650CE801F4C8E2AF012AE80CCCD0E7000040770088
:205EA000E203002A06261E28E801EA00E2AF0126E80F5F70E7000009E2AF072AE71001C89E
:205EB0007700E203002AE2AF022EE2AF0130E8904812E6AF0009E6960008E6970010E20363
:205EC000002AE2AF0026E8503001E2AF062AE71001887700E203002C6F2B06261E28E801BA
:205ED000E500E2AF0126E80C8170E7000009E2AF072AE71001C87700E203002AE2AF022E77
:205EE000E2AF0130E8904812E6AF0009E6960008E6970010E203002AE2AF0026E850080158
:205EF000E2AF062AE71001887700E203002CE2AF0130E2AF022EE6AF0009E6960008E697A7
:205F00000010E203002C6F4BE801FB28E801EEB9E2AF0228E808F5C0E80851E9E3008326F4
:205F1000E70000597700E71000407700E203002606261E28E801E000E2AF0126E80CEA48E8
:205F2000E7000009E2AF072AE71001C87700E203002AE2AF022EE2AF0130E8904812E6AF7F
:205F30000009E6960008E6970010E203002AE2AF0026E84FE001E2AF062AE71001887700A1
:205F4000E203002CE2AF0130E2AF022EE6AF0009E6960008E6970010E203002C761F027DD9
:205F50001B0B0280651F761F02ADE2AF002AE8121240AD146517E801F4C8E2AF012AE80C28
:205F6000CCD0E70000407700E203002AE2AF012CE801F4C8E80CCCD0E70000407700E20362
:205F7000002C761F02ADE2AF002EE2AF012AE6940001AD146304761F02BE2B0D761F02ADB2
:205F80003B01E2AF002C8547761F02ABE688000007308AA9BFA60F12562100C4564400A621
:205F9000FF4DBDA90F127700770077007700E6890000761F02ACE6AF0000E20300300626BA
:205FA0001E2806241E26062C1E2E062A1E2C761F0280E2C80003761F02ACE2AF0130E72065
:205FB00000087700E8B020007700E2030024761F02459219614D761F02ACE801FBF1E801E4
:205FC000FFFAE8020023E80203F8E801FFACE2AF052EE80AB021E809096AE80961EBE80929
:205FD0000968E80FEC5CE30A4E2CE30CAF24E70001DBE3234E26E7000180E3164F28E700DC
:205FE00001E2E72000087700E71000807700E203002AE2C80145E2C80245E6AF0009E69640
:205FF0000008E6970010E203002AE8022CE0761F0255E80AA000E2AF0106E7000040770043
:20600000E68C0000761F02ABE21300136F41761F02ACE801FBF1E801FFFAE8020033E80213
:2060100003F8E801FF8CE2AF052EE80AB021E809096AE80A12DBE8090968E80E8A74E30AF4
:206020004E2CE30CAF24E70001DBE3234E26E7000180E3164F28E70001E2E72000087700BF
:20603000E71000807700E203002AE2C80145E2C80245E6AF0009E6960008E6970010E203DE
:20604000002A761F027E921A761F02AB9613E2C80013761F02ACE84FC001E2AF072AE710B9
:2060500001C87700E2030034E2C80145E2C80245E6AF0009E6960008E6970010E20300342E
:20606000E5A0AD146566E68C00007700E213004692465202630356BF02469246761F02A9E4
:20607000960A92189E0A761F0105962B56BF012D761F010156BF012B761F02A992189E0A15
:206080009E48761F0101962D761F02A9920A761F010D962B761F02A99218761F010D9CFF58
:20609000962D761F02A9920A761F01099CFF962B9248761F02A9940A761F0109962D761FA7
:2060A00002AA923761142B37761F010556BF0809761F010D56BF0909761F010156BF010953
:2060B000761F010956BF0109FFEF0349761F010556BF0809761F010D56BF0809761F0101B7
:2060C00056BF0109761F010956BF0109FFEF0337E68C00007700E21300461B46FFFE6503D1
:2060D0002846FFFE9246761F02A9FF5C960A92189CFF761F0105962B9248761F02A9940AD9
:2060E000761F0105962D761F02A9920A761F0101962B761F02A99218761F01019CFF962D2F
:2060F000761F010D56BF012B761F02A992189E0A9E48761F010D962D761F02A992189E0A3C
:20610000761F0109962B56BF012D761F02AA92375201611556BF0137761F010156BF0909FE
:20611000761F010956BF0809761F010556BF0109761F010D56BF0109FFEF02E1761F0101C6
:2061200056BF0809761F010956BF0809761F010556BF0109761F010D56BF0109FFEF02CF39
:20613000761F027D920B761F02AA7232761F02A90A39923943A9FFEC00942B397649C3908A
:20614000761F02AA9332FFB2EAA8971D2B322D1E31E52D1D3B01351B07ABFF47961D961E4F
:2061500085A9FF56521E650656BF9E1B56BF361C6F12851DFF565214650656BF801B56BF8E
:20616000281C6F09851DFF56520A630556BF6E1B56BF181C851D761F02AC1E0A761F02AA73
:206170005621001B761F02AC5644000AFF441E0E0610761F02AAFF3C1EA65621001C761FA9
:2061800002AC5644000A07A607121E1018A91FFF91001E120610FF4C1E10761F02ADE2AFB5
:20619000002EE8505C007700E68C00007700E21300491B493A98650328493A989AC8761FB7
:2061A00002AC944985A90F1063069AC8944985A91E106F050610630302001E10761F02AAA2
:2061B0001B1DFFEC63050200761F02AC1E10761F02AC0610070E1E0C920C761F02AA9620A4
:2061C00092495420630396206F061B20FF6A63032820FF6A2D3535038120FF419635761F49
:2061D00002AA9220962563022B25761F02E2921F6010761F02AA8521FF569621FF6E761F52
:2061E00002E22D1D761F02AA332116AC96246F0F761F02AA8522FF569622FF6E761F02E207
:2061F0002D1E761F02AA332216AC96242D251224562F0126761F027D920B6509761F0280C8
:206200008503761F02AAFF5696296F04761F02AA2B292D291227761F02AB9614761F02AADD
:206210009226761F02AB9E14761F02AA962592295264630456BF55286F275264640652C88C
:20622000630456BF50286F2052C864071B29012C630456BF4B286F181B29012C64071B294F
:206230000190630456BF46286F0F1B29019064071B2901F4630456BF41286F061B2901F449
:20624000640356BF3C28283303E82D25332816AC962A1B2A06D66504282A06D66F061B2A77
:20625000F2546303282AF254761F02AC061AFF3C1EA6761F02AA1233761F02AC07A6071CEF
:206260001E1A061A6407061A18A91FFF91001E1C6F06061A18A91FFF91001E1C061AFF4CE7
:206270001E1AFF22FE890F1A65021E1A761F02AA922A761F02AC941A761F02AA962C342C15
:20628000000DFF46962C96315202630356BF0231FF697649CEA3761F027D2DA93B0136002D
:20629000761F02ABFF47961552FA630356BFFA15761F02E2921F600B761F027E851A1E443A
:2062A000921A630E0644FF541E446F0A761F027E85371E44923763040644FF541E44FF20C8
:2062B00001F407441E44761F02AB8515761F02A9562100181E425644004400C9EF921E4497
:2062C0003B0192189CFD85A90F44630692189CFD85A91E446F0C92189CFD85A9FF540F44F0
:2062D000650692189CFD85A9FF541E449218761F02AA9CE2542C6309761F02A99218761F49
:2062E00002AA9CE2962C6F12021E761F02A9AE181EA6761F02AA852C0FA663089A1E761FE8
:2062F00002A99E18761F02AA962C761F02A99218761F02AA942C761F02AB9E449616761FDA
:2063000002A99218761F02AB9C9C54166309761F02A99218761F02AB9C9C96166F069216AB
:206310005202630356BF0216761F02A99218761F02AA9C9C54316308761F02A99218761FB4
:2063200002AA9C9C96319235525063098531761F02A9FF5693189FA9970A6F0A761F02AB43
:206330008516761F02A9FF5693189FA9970A761F0282920152016106761F02829202520123
:206340006008761F02A9920A5250650356BF500A761F02E2921F605B761F027E921A523256
:20635000652A761F010556BF0909761F010156BF0109761F010D56BF0909761F010956BFA8
:206360000109761F02A9920A761F0105962D761F0101962D761F02A992189E0A761F010D4A
:20637000962D761F02A992189E0A761F0109962DFFEF00851B1AFFCEFFE30081761F0105E3
:2063800056BF0109761F010156BF0909761F010D56BF0109761F010956BF0909761F02A958
:20639000920A761F0105962D761F0101962D761F02A992189E0A761F010D962D761F02A961
:2063A00092189E0A761F0109962D6F58761F027E923752326529761F010556BF0909761F1B
:2063B000010156BF0109761F010D56BF0909761F010956BF0109761F02A9920A761F0105AD
:2063C000962D761F0101962D761F02A992189E0A761F010D962D761F02A992189E0A761F81
:2063D0000109962D6F2B1B37FFCE6328761F010556BF0109761F010156BF0909761F010D81
:2063E00056BF0109761F010956BF0909761F02A9920A761F0105962D761F0101962D761F8F
:2063F00002A992189E0A761F010D962D761F02A992189E0A761F0109962DFE8AE2AF07BE58
:20640000E2AF06BEE2AF05BEE2AF04BE00060200761F02AC1E1A1E1C761F02AA281F01F446
:20641000761F02AC1E101E12761F02AA2B35E590761F02ADE2030024E2030026E203002850
:20642000E203002AE203002C0006761F02AB920E0006761F02A992180006761F02A9920587
:206430000006761F02A992070006761F02A992240006761F02A992330006761F02A9921F6F
:206440000006761F02AA920B0006761F02AA92090006761F02A992200006761F02A9922185
:206450000006761F02A992220006761F02AC920C0006761F02AA920C0006761F02A9920F7F
:206460000006761F02ACE2AF0020E68C000077007700BFA90F120006761F02ACE2AF001E41
:20647000E68C000077007700BFA90F120006761F02ACE2AF0022E68C000077007700BFA95F
:206480000F120006761F02AB06220006761F02AB92240006761F02A992290006761F02AB24
:20649000921C0006761F0285922A0006761F02AB921E0006761F02AC921A0006761F02AB2B
:2064A00092260006761F02AB92280006761F02A9920D0006761F02A992110006761F02AB0C
:2064B000921A00067649C3900006761F02AA921D0006761F02AC920E00069A000006761FEE
:2064C00002ACE2AF0030E68C000077007700BFA90F120006761F02802D03350F0006761F38
:2064D00002AB9213FFA00006761F02ABE2AF002CE68C000077007700BFA90F120006761F32
:2064E00002AA922C0006761F02ACE2AF002AE688000077007700BFA90F120006761F02A903
:2064F00092060006761F02ACE2AF0034E68C000077007700BFA90F120006761F02A9923DE8
:206500000006761F02ABE2AF003AE68C000077007700BFA90F120006761F02AB9207000698
:20651000761F025FE80229F8E2AF0106E80BE668E70000407700E68C000077007700BFA92B
:206520000F120006761F02AB06320006761F02A992020006761F02AC92100006761F02ADAB
:20653000E8023E18E2AF0132E80A8000E70000407700E68C000077007700BFA90F12000648
:20654000761F02A992030006761F02A992040006761F02AA92250006761F02A9921E000690
:20655000761F02AC06020006761F02ADE2AF0036E68C000077007700BFA90F120006761F4B
:2065600002A992180006761F02A9923E0006761F02A9923F0006761F02AA92000006761F25
:2065700002AA92170006761F02AB92100006761F02ADE2AF0016E68C000077007700BFA913
:206580000F120006761F02ADE2AF001EE68C000077007700BFA90F120006761F02ADE2AF1D
:2065900000220006761F02AB920F0006FE0296413B10761F02A996182910FF69FE820006A3
:2065A000FE0296413B10761F02A996052910FF69FE820006FE0296413B10761F02A99607B8
:2065B0002910FF69FE820006FE0296413B10761F02A996242910FF69FE820006FE0296418A
:2065C0003B10761F02A996332910FF69FE820006FE0296413B10761F02A9961F2910FF6988
:2065D000FE820006FE0296413B10761F02AA960B2910FF69FE820006FE0296413B10761F43
:2065E00002AA96092910FF69FE820006FE0296413B10761F02A996202910FF69FE820006EA
:2065F000FE0296413B10761F02A996212910FF69FE820006FE0296413B10761F02A9962231
:206600002910FF69FE820006FE021E423B10761F02AB1E222910FF69FE820006FE02964128
:206610003B10761F02A9963D2910FF69FE820006FE0296413B10761F02A996062910FF6946
:20662000FE820006FE021E423B10761F02AB1E322910FF69FE820006FE0296413B10761FB9
:2066300002D6960E2910FF69FE820006FE0296413B10761F02A996182910FF69FE82000670
:20664000FE0296413B10761F02A9963E2910FF69FE820006FE0296413B10761F02A9963FA6
:206650002910FF69FE820006FE0296413B10761F02AA96002910FF69FE820006FE0296410C
:206660003B10761F02AA96172910FF69FE820006FE0296413B10761F02AB960F2910FF6910
:20667000FE820006FE0296413B10761F02AB96102910FF69FE820006FE0296413B10761F9C
:2066800002AB96112910FF69FE820006FE0296413B10E2C80041761F02ADE20300222910EE
:20669000FF69FE820006FE0296413B10E801EE60E2C80141E80E6668E7000040761F02AD88
:2066A000E203002E2910FF69FE820006FE0296413B10E801EE60E2C80141E80E6668E700B0
:2066B0000040761F02ADE20300302910FF69FE820006FE0296413B10761F02AB960E2910C9
:2066C000FF69FE820006761F027C2B242B252B262B272B282B292B2A2B2B2B2C2B2D2B2E1D
:2066D0002B2F2B302B312B320006FE02764997801E42761F02E248006C089A05764997C115
:2066E0009A01764970B26F0B9A00764970B276499788520560049A00764997C1761F02E266
:2066F00044006C089A06764997C19A01764970BE6F0B9A00764970BE7649978852066004F8
:206700009A00764997C1761F02E24E006C089A07764997C19A01764970CA6F0B9A0076496E
:2067100070CA76499788520760049A00764997C1761F02E24F006C089A08764997C19A0153
:20672000764970D66F0B9A00764970D676499788520860049A00764997C1761F02E2420033
:206730006D0A761F02BB92176118761F02BA920652026013761F027C9235521469049A1453
:2067400074356F1D9A0D764997C19A017649711E761F027C2B356F13761F027C0A351B35C6
:206750000320690D2835032076499788520D60049A00764997C19A007649711E761F02E25D
:2067600048016C089A0F764997C19A017649712A6F0B9A007649712A76499788520F600496
:206770009A00764997C1761F02E244016C089A10764997C19A01764971366F0B9A00764991
:20678000713676499788521060049A00764997C1761F02E24E016C089A11764997C19A0164
:20679000764971436F0B9A007649714376499788521160049A00764997C1761F02E24F01D0
:2067A0006C089A12764997C19A017649714E6F0B9A007649714E76499788521260049A00B7
:2067B000764997C1761F02E242016C13761F027C9236520A69049A0A74366F1D9A1676498A
:2067C00097C19A017649717E761F027C2B366F13761F027C0A361B360320690D2836032064
:2067D00076499788521660049A00764997C19A007649717E47426C089A19764997C19A01A4
:2067E000764971A26F0B76499788521960049A00764997C19A00764971A2761F02CE923B51
:2067F0006013761F02CE923D600F761F02CE923E600B76499788521860049A00764997C176
:206800009A0076497196761F02CE923C5201610B76499788522260049A00764997C19A0025
:206810007649720E45426C089A02764997C19A017649708E6F0B76499788520260049A0079
:20682000764997C19A007649708E7649205052006023761F02B9412C6D1F761F027C0A344C
:206830001B340FA068179A23764997C19A017649721A7649226152006106FF2F40007649E9
:2068400097A06F05FF2F4000764997AB761F027C2B342B336F19761F027C2B347649978876
:20685000522360049A00764997C19A007649721A761F027C0A33923352FA68062B33FF2F5E
:206860004000764997ABFE820006764966D50006761F027C92240006761F027C92250006B2
:20687000761F027C92260006761F027C92270006761F027C92280006761F027C92290006BE
:20688000761F027C922A0006761F027C922B0006761F027C922C0006761F027C922D00069E
:20689000761F027C922E0006761F027C922F0006761F027C92300006761F027C923100067E
:2068A000761F027C92320006761F027CCC2400010006761F027CCC240002FFC00006761F92
:2068B000027CCC240004FFC10006761F027CCC240008FFC20006761F027CCC240010FFC3E9
:2068C0000006761F027CCC240020FFC40006761F027CCC240040FFC50006761F027CCC24B6
:2068D0000080FFC60006761F027CCC240100FFC70006761F027CCC2500010006761F027C6F
:2068E000CC250002FFC00006761F027CCC250004FFC10006761F027CCC250008FFC200063F
:2068F000761F027CCC250010FFC30006761F027CCC250020FFC40006761F027CCC2500407B
:20690000FFC50006761F027CCC250080FFC60006761F027CCC250100FFC70006761F027C7A
:20691000CC250200FFC80006761F027CCC250400FFC90006761F027CCC250800FFCA0006F6
:20692000761F027CCC251000FFCB0006761F027CCC252000FFCC0006761F027CCC2540003A
:20693000FFCD0006761F027CCC258000FFCE0006761F027CCC2600010006761F027CCC260D
:206940000002FFC00006761F027CCC260004FFC10006761F027CCC260008FFC20006761F38
:20695000027CCC260010FFC30006761F027CCC260020FFC40006761F027CCC260080FFC6A7
:206960000006761F027CCC260100FFC70006761F027CCC260200FFC80006761F027CCC2666
:206970000800FFCA0006761F027CCC261000FFCB0006761F027CCC262000FFCC0006761FC0
:20698000027CCC264000FFCD0006761F027CCC268000FFCE0006761F027CCC270001000610
:20699000761F027CCC270002FFC00006761F027CCC270004FFC10006761F027CCC2700083C
:2069A000FFC20006761F027CCC270010FFC30006761F027CCC270020FFC40006761F027C30
:2069B000CC270040FFC50006761F027CCC270080FFC60006761F027CCC270100FFC70006A6
:2069C000761F027CCC270200FFC80006761F027CCC270400FFC90006761F027CCC270800FC
:2069D000FFCA0006761F027CCC271000FFCB0006761F027CCC272000FFCC0006761F027CE8
:2069E000CC274000FFCD0006761F027CCC278000FFCE0006761F027CCC2800010006761F96
:2069F000027CCC280002FFC00006761F027CCC280004FFC10006761F027CCC280010FFC3A4
:206A00000006761F027CCC280020FFC40006761F027CCC280040FFC50006761F027CCC2868
:206A10000080FFC60006761F027CCC280100FFC70006761F027CCC280200FFC80006761FDC
:206A2000027CCC280400FFC90006761F027CCC280800FFCA0006761F027CCC281000FFCB53
:206A30000006761F027CCC282000FFCC0006761F027CCC284000FFCD0006761F027CCC2828
:206A40008000FFCE0006761F027CCC2900010006761F027CCC290002FFC00006761F027CF2
:206A5000CC290004FFC10006761F027CCC290008FFC20006761F027CCC290010FFC30006B0
:206A6000761F027CCC290020FFC40006761F027CCC290040FFC50006761F027CCC2900808B
:206A7000FFC60006761F027CCC290100FFC70006761F027CCC290200FFC80006761F027C7C
:206A8000CC290400FFC90006761F027CCC290800FFCA0006761F027CCC291000FFCB000668
:206A9000761F027CCC292000FFCC0006761F027CCC294000FFCD0006761F027CCC2980004B
:206AA000FFCE0006761F027CCC2A00010006761F027CCC2A0002FFC00006761F027CCC2A1A
:206AB0000004FFC10006761F027CCC2A0008FFC20006761F027CCC2A0010FFC30006761FAE
:206AC000027CCC2A0020FFC40006761F027CCC2A0040FFC50006761F027CCC2E0001000632
:206AD000761F027CCC2E0002FFC00006761F027CCC2E0004FFC10006761F027CCC2E0008E6
:206AE000FFC20006761F027CCC2E0010FFC30006761F027CCC2E0020FFC40006761F027CE1
:206AF000CC2E0040FFC50006761F027CCC2E0080FFC60006761F027CCC2E0100FFC7000650
:206B0000761F027CCC2E0200FFC80006761F027CCC2E0400FFC90006761F027CCC2E0800A5
:206B1000FFCA0006761F027CCC2E2000FFCC0006761F027CCC2E1000FFCB0006761F027C98
:206B2000CC2E4000FFCD0006761F027CCC2E8000FFCE0006761F027CCC2F00010006761F3F
:206B3000027CCC2F0002FFC00006761F027CCC2F0004FFC10006761F027CCC2F0008FFC256
:206B40000006761F027CCC2F0010FFC30006761F027CCC2F0020FFC40006761F027CCC2F44
:206B50000040FFC50006761F027CCC2F0080FFC60006761F027CCC2F0100FFC70006761F52
:206B6000027CCC2F0200FFC80006761F027CCC2F0400FFC90006761F027CCC2F0800FFCA0E
:206B70000006761F027CCC2F1000FFCB0006761F027CCC2F2000FFCC0006761F027CCC2F04
:206B80004000FFCD0006761F027CCC2F8000FFCE0006761F027CCC3000010006761F027C59
:206B9000CC300002FFC00006761F027CCC300004FFC10006761F027CCC300008FFC200066B
:206BA000761F027CCC300010FFC30006761F027CCC300020FFC40006761F027CCC300040A7
:206BB000FFC50006761F027CCC300080FFC60006761F027CCC300100FFC70006761F027CB2
:206BC000CC300200FFC80006761F027CCC300400FFC90006761F027CCC300800FFCA000623
:206BD000761F027CCC301000FFCB0006761F027CCC302000FFCC0006761F027CCC30400067
:206BE000FFCD0006761F027CCC308000FFCE0006761F027CCC3100010006761F027CCC313A
:206BF0000002FFC00006761F027CCC310004FFC10006761F027CCC310008FFC20006761F70
:206C0000027CCC310010FFC30006FE029641761F027C9001CD24FFFECAA89624FE82000606
:206C1000FE029641761F027C9001CD24FFFDFF80CAA89624FE820006FE029641761F027CE1
:206C20009001CD24FFFBFF81CAA89624FE820006FE029641761F027C9001CD24FFF7FF82C3
:206C3000CAA89624FE820006FE029641761F027C9001CD24FFEFFF83CAA89624FE82000604
:206C4000FE029641761F027C9001CD24FFDFFF84CAA89624FE820006FE029641761F027CCB
:206C50009001CD24FFBFFF85CAA89624FE820006FE029641761F027C9001CD24FF7FFF863F
:206C6000CAA89624FE820006FE029641761F027C9001CD24FEFFFF87CAA89624FE820006C1
:206C7000FE029641761F027C9001CD25FFFECAA89625FE820006FE029641761F027C90016C
:206C8000CD25FFFDFF80CAA89625FE820006FE029641761F027C9001CD25FFFBFF81CAA87B
:206C90009625FE820006FE029641761F027C9001CD25FFF7FF82CAA89625FE820006FE020C
:206CA0009641761F027C9001CD25FFEFFF83CAA89625FE820006FE029641761F027C9001C9
:206CB000CD25FFDFFF84CAA89625FE820006FE029641761F027C9001CD25FFBFFF85CAA89D
:206CC0009625FE820006FE029641761F027C9001CD25FF7FFF86CAA89625FE820006FE0250
:206CD0009641761F027C9001CD25FEFFFF87CAA89625FE820006FE029641761F027C900186
:206CE000CD25FDFFFF88CAA89625FE820006FE029641761F027C9001CD25FBFFFF89CAA80B
:206CF0009625FE820006FE029641761F027C9001CD25F7FFFF8ACAA89625FE820006FE02A4
:206D00009641761F027C9001CD25EFFFFF8BCAA89625FE820006FE029641761F027C900160
:206D1000CD25DFFFFF8CCAA89625FE820006FE029641761F027C9001CD25BFFFFF8DCAA82C
:206D20009625FE820006FE029641761F027CCC257FFF88A956030F41CAA69625FE8200062E
:206D3000FE029641761F027C9001CD26FFFECAA89626FE820006FE029641761F027C9001A9
:206D4000CD26FFFDFF80CAA89626FE820006FE029641761F027C9001CD26FFFBFF81CAA8B7
:206D50009626FE820006FE029641761F027C9001CD26FFF7FF82CAA89626FE820006FE0248
:206D60009641761F027C9001CD26FFEFFF83CAA89626FE820006FE029641761F027C900106
:206D7000CD26FFDFFF84CAA89626FE820006FE029641761F027C9001CD26FF7FFF86CAA818
:206D80009626FE820006FE029641761F027C9001CD26FEFFFF87CAA89626FE820006FE020C
:206D90009641761F027C9001CD26FDFFFF88CAA89626FE820006FE029641761F027C9001C3
:206DA000CD26FBFFFF89CAA89626FE820006FE029641761F027C9001CD26F7FFFF8ACAA84B
:206DB0009626FE820006FE029641761F027C9001CD26EFFFFF8BCAA89626FE820006FE02E7
:206DC0009641761F027C9001CD26DFFFFF8CCAA89626FE820006FE029641761F027C9001AD
:206DD000CD26BFFFFF8DCAA89626FE820006FE029641761F027CCC267FFF88A956030F417E
:206DE000CAA69626FE820006FE029641761F027C9001CD27FFFECAA89627FE820006FE02C0
:206DF0009641761F027C9001CD27FFFDFF80CAA89627FE820006FE029641761F027C900169
:206E0000CD27FFFBFF81CAA89627FE820006FE029641761F027C9001CD27FFF7FF82CAA8F7
:206E10009627FE820006FE029641761F027C9001CD27FFEFFF83CAA89627FE820006FE028B
:206E20009641761F027C9001CD27FFDFFF84CAA89627FE820006FE029641761F027C900152
:206E3000CD27FFBFFF85CAA89627FE820006FE029641761F027C9001CD27FF7FFF86CAA873
:206E40009627FE820006FE029641761F027C9001CD27FEFFFF87CAA89627FE820006FE0248
:206E50009641761F027C9001CD27FDFFFF88CAA89627FE820006FE029641761F027C900100
:206E6000CD27FBFFFF89CAA89627FE820006FE029641761F027C9001CD27F7FFFF8ACAA887
:206E70009627FE820006FE029641761F027C9001CD27EFFFFF8BCAA89627FE820006FE0223
:206E80009641761F027C9001CD27DFFFFF8CCAA89627FE820006FE029641761F027C9001EA
:206E9000CD27BFFFFF8DCAA89627FE820006FE029641761F027CCC277FFF88A956030F41BA
:206EA000CAA69627FE820006FE029641761F027C9001CD28FFFECAA89628FE820006FE02FC
:206EB0009641761F027C9001CD28FFFDFF80CAA89628FE820006FE029641761F027C9001A6
:206EC000CD28FFFBFF81CAA89628FE820006FE029641761F027C9001CD28FFEFFF83CAA83B
:206ED0009628FE820006FE029641761F027C9001CD28FFDFFF84CAA89628FE820006FE02D7
:206EE0009641761F027C9001CD28FFBFFF85CAA89628FE820006FE029641761F027C9001AF
:206EF000CD28FF7FFF86CAA89628FE820006FE029641761F027C9001CD28FEFFFF87CAA86F
:206F00009628FE820006FE029641761F027C9001CD28FDFFFF88CAA89628FE820006FE0284
:206F10009641761F027C9001CD28FBFFFF89CAA89628FE820006FE029641761F027C90013E
:206F2000CD28F7FFFF8ACAA89628FE820006FE029641761F027C9001CD28EFFFFF8BCAA8CD
:206F30009628FE820006FE029641761F027C9001CD28DFFFFF8CCAA89628FE820006FE026E
:206F40009641761F027C9001CD28BFFFFF8DCAA89628FE820006FE029641761F027CCC28E3
:206F50007FFF88A956030F41CAA69628FE820006FE029641761F027C9001CD29FFFECAA835
:206F60009629FE820006FE029641761F027C9001CD29FFFDFF80CAA89629FE820006FE0229
:206F70009641761F027C9001CD29FFFBFF81CAA89629FE820006FE029641761F027C9001E4
:206F8000CD29FFF7FF82CAA89629FE820006FE029641761F027C9001CD29FFEFFF83CAA87A
:206F90009629FE820006FE029641761F027C9001CD29FFDFFF84CAA89629FE820006FE0213
:206FA0009641761F027C9001CD29FFBFFF85CAA89629FE820006FE029641761F027C9001EC
:206FB000CD29FF7FFF86CAA89629FE820006FE029641761F027C9001CD29FEFFFF87CAA8AB
:206FC0009629FE820006FE029641761F027C9001CD29FDFFFF88CAA89629FE820006FE02C1
:206FD0009641761F027C9001CD29FBFFFF89CAA89629FE820006FE029641761F027C90017C
:206FE000CD29F7FFFF8ACAA89629FE820006FE029641761F027C9001CD29EFFFFF8BCAA80A
:206FF0009629FE820006FE029641761F027C9001CD29DFFFFF8CCAA89629FE820006FE02AB
:207000009641761F027C9001CD29BFFFFF8DCAA89629FE820006FE029641761F027CCC291F
:207010007FFF88A956030F41CAA69629FE820006FE029641761F027C9001CD2AFFFECAA872
:20702000962AFE820006FE029641761F027C9001CD2AFFFDFF80CAA8962AFE820006FE0265
:207030009641761F027C9001CD2AFFFBFF81CAA8962AFE820006FE029641761F027C900121
:20704000CD2AFFF7FF82CAA8962AFE820006FE029641761F027C9001CD2AFFEFFF83CAA8B6
:20705000962AFE820006FE029641761F027C9001CD2AFFDFFF84CAA8962AFE820006FE024F
:207060009641761F027C9001CD2AFFBFFF85CAA8962AFE820006FE029641761F027C900129
:20707000CD2AFF7FFF86CAA8962AFE820006FE029641761F027C9001CD2AFEFFFF87CAA8E7
:20708000962AFE820006FE029641761F027C9001CD2EFFFECAA8962EFE820006FE029641A4
:20709000761F027C9001CD2EFFFDFF80CAA8962EFE820006FE029641761F027C9001CD2E94
:2070A000FFFBFF81CAA8962EFE820006FE029641761F027C9001CD2EFFF7FF82CAA8962E77
:2070B000FE820006FE029641761F027C9001CD2EFFEFFF83CAA8962EFE820006FE029641C1
:2070C000761F027C9001CD2EFFDFFF84CAA8962EFE820006FE029641761F027C9001CD2E7E
:2070D000FFBFFF85CAA8962EFE820006FE029641761F027C9001CD2EFF7FFF86CAA8962EF3
:2070E000FE820006FE029641761F027C9001CD2EFEFFFF87CAA8962EFE820006FE0296417E
:2070F000761F027C9001CD2EFDFFFF88CAA8962EFE820006FE029641761F027C9001CD2E2C
:20710000FBFFFF89CAA8962EFE820006FE029641761F027C9001CD2EF7FFFF8ACAA8962E06
:20711000FE820006FE029641761F027C9001CD2EDFFFFF8CCAA8962EFE820006FE02964167
:20712000761F027C9001CD2EEFFFFF8BCAA8962EFE820006FE029641761F027C9001CD2E06
:20713000BFFFFF8DCAA8962EFE820006FE029641761F027CCC2E7FFF88A956030F41CAA68D
:20714000962EFE820006FE029641761F027C9001CD2FFFFECAA8962FFE820006FE029641DD
:20715000761F027C9001CD2FFFFDFF80CAA8962FFE820006FE029641761F027C9001CD2FD0
:20716000FFFBFF81CAA8962FFE820006FE029641761F027C9001CD2FFFF7FF82CAA8962FB3
:20717000FE820006FE029641761F027C9001CD2FFFEFFF83CAA8962FFE820006FE029641FE
:20718000761F027C9001CD2FFFDFFF84CAA8962FFE820006FE029641761F027C9001CD2FBA
:20719000FFBFFF85CAA8962FFE820006FE029641761F027C9001CD2FFF7FFF86CAA8962F2F
:2071A000FE820006FE029641761F027C9001CD2FFEFFFF87CAA8962FFE820006FE029641BB
:2071B000761F027C9001CD2FFDFFFF88CAA8962FFE820006FE029641761F027C9001CD2F68
:2071C000FBFFFF89CAA8962FFE820006FE029641761F027C9001CD2FF7FFFF8ACAA8962F43
:2071D000FE820006FE029641761F027C9001CD2FEFFFFF8BCAA8962FFE820006FE02964196
:2071E000761F027C9001CD2FDFFFFF8CCAA8962FFE820006FE029641761F027C9001CD2F52
:2071F000BFFFFF8DCAA8962FFE820006FE029641761F027CCC2F7FFF88A956030F41CAA6CB
:20720000962FFE820006FE029641761F027C9001CD30FFFECAA89630FE820006FE02964119
:20721000761F027C9001CD30FFFDFF80CAA89630FE820006FE029641761F027C9001CD300C
:20722000FFFBFF81CAA89630FE820006FE029641761F027C9001CD30FFF7FF82CAA89630EF
:20723000FE820006FE029641761F027C9001CD30FFEFFF83CAA89630FE820006FE0296413B
:20724000761F027C9001CD30FFDFFF84CAA89630FE820006FE029641761F027C9001CD30F6
:20725000FFBFFF85CAA89630FE820006FE029641761F027C9001CD30FF7FFF86CAA896306B
:20726000FE820006FE029641761F027C9001CD30FEFFFF87CAA89630FE820006FE029641F8
:20727000761F027C9001CD30FDFFFF88CAA89630FE820006FE029641761F027C9001CD30A4
:20728000FBFFFF89CAA89630FE820006FE029641761F027C9001CD30F7FFFF8ACAA896307F
:20729000FE820006FE029641761F027C9001CD30EFFFFF8BCAA89630FE820006FE029641D3
:2072A000761F027C9001CD30DFFFFF8CCAA89630FE820006FE029641761F027C9001CD308E
:2072B000BFFFFF8DCAA89630FE820006FE029641761F027CCC307FFF88A956030F41CAA608
:2072C0009630FE820006FE029641761F027C9001CD31FFFECAA89631FE820006FE02964156
:2072D000761F027C9001CD31FFFDFF80CAA89631FE820006FE029641761F027C9001CD3149
:2072E000FFFBFF81CAA89631FE820006FE029641761F027C9001CD31FFF7FF82CAA896312C
:2072F000FE820006FE029641761F027C9001CD31FFEFFF83CAA89631FE820006B2BDFE04DF
:207300007649B0817649DB399A197649B58E9AFA7649B5989A467649B5A29A197649B5AC8C
:20731000761F02D7280408989A007649EDE696434243FFEC01917649A0B77649B0D89A64C1
:207320007649B0EE7649A0A37649DB4C9A647649DB577649A1337649B0E37649A1477649CE
:20733000DBC47649B487764979EB7649A40C7649DBCB7649DD157649DBD828A903E876490F
:20734000DBE7761F02D6921B5C1D931C7649DC10761F02D6921B931C7649DC487649A3C4AC
:2073500076497CE928A903E876497BFA7649A3E876497CF37649B48B59A97649B4E793A9FB
:2073600092A17649778176497CFD7648F5127649B48B59A97649DD1D93A992A17649779038
:2073700076497D07761F02D6921B5C1D931C7649DCCA76497A357649A0CB7649DB6C9A6477
:207380007649DB777649A1837649DB8C9A327649DB977649A47D7649DBAC7649DD4159A9D1
:207390007649DD4593A992A17649DBB69A0A76497A849A0A76497B1E761F02D69231600848
:2073A0009A047649B406520160037649DB39761F02C69200603A76499F147649A30476490D
:2073B0009F397649A31276499F587649A32076499F777649A32E76499F967649A33C764983
:2073C0009FB57649A34A76499FD47649A35876499FF37649A3667649A0167649A37476499E
:2073D000A2007649A3827649A2157649A3907649A1EB7649A39E7649A1977649A3AC7649A0
:2073E000A1AC7649A3BA6F685203606676499F14761F01FC40106D17761F0284C52C3B0112
:2073F00028AC001D06A7FF41562207A7FF42FF341EA6761F02D75603050D07A6FF451EA6B3
:207400007E0D6F4A761F02D7BE640622761F0284032C0FA66509761F02D70622761F028452
:2074100019641E2C6F14761F02D728ABFF9C28AAFFFF0622761F0284032C0FAB6308026469
:20742000761F02D70722761F02841E2C761F02D75603010D9B0300C9F0093B0128AC001DEE
:20743000761F028488A9A32CA9A9FF41562207ABFF42FF341EA7761F02D75603050C07A7A6
:20744000FF451EA792A79EA6960C761F0284062C761F02D71E22761F02C792265201600937
:2074500076499FB57649A34A76499FF37649A3667649B4E79B057649B3925200610B9A26C8
:20746000764997B79A0176496E1F9A049B057649EE279A327649B36E5201600F9A2376491C
:2074700097B79A0176496DFB9A019B017649EE27761F02D71A0E00019A329BFA7649B41B5B
:2074800076497967764978217649796676497C34761F02D6D5035C1F931E7649B3C15201F1
:20749000600B9A2A764997B79A0176496E4F9A019B017649EE279A647649B3495201600B07
:2074A0009A31764997B79A0176496EA49A019B017649EE2741436C097649A2927649B30F10
:2074B0007649B41776497A614043FFECFE5F761F02BA922E52026011761F01009204761F36
:2074C00002BA722F761F01149204761F02BA7230761F02BA56BF032E761F02D70A09920969
:2074D000523269042B097649BBF67649A59D1BA908FC690B761F02D70A0A1B0A01F46908BD
:2074E0002B0A7649BD576F04761F02D72B0A7649A5A11BA908FC690B761F02D70A0B1B0B84
:2074F00001F469082B0B7649BD766F04761F02D72B0B764977B0761F02C69200520360222B
:20750000761F0262921F52026710761F026292205202670B9A0076497D2F9A0076497D3971
:207510009A0076497D616F2E76497C5C76497D2F76497C3476497D3976497C4C76497D617D
:207520006F21761F0262921B52026710761F0262921D5202670B9A0076497D2F9A0076497E
:207530007D399A0076497D616F0D7649DD3176497D2F7649DD2176497D397649DD257649E8
:207540007D61761F02C6920061095202610752076105761F01FC40106D109A0076497D4301
:207550009A0076497D6B9A0076497D399A0076497D619A0076497D2F7649756D7649771D9B
:20756000761F02D69204FFE1FDB1920561040B05FFEFFDAC2B04FFEFFDA976497C6052C85F
:207570006919761F02D656BF01381B254E2067020A251B244E2067020A241B214E20670221
:207580000A2188232901FF20EA600FA6655F0A236F5D76497C6052826918761F02D656BF9E
:2075900001381B244E2067020A241B214E2067020A2188232901FF20EA600FA665020A2399
:2075A000922561440B256F4276497C60526E6917761F02D656BF01381B214E2067020A21BA
:2075B00088232901FF20EA600FA665020A23922461020B249225612A0B256F2876497C6048
:2075C00052666916761F02D656BF013888232901FF20EA600FA665020A23922161020B21F0
:2075D000922461020B24922561110B256F0F761F02D6922361020B23922161020B219224D1
:2075E00061020B24922561020B259221610456BF013A6F022B3A7649979852C86205764943
:2075F000979C52C86518761F02D71B084E2067020A081B074E2067020A071B0675306702FE
:207600000A068F02BF20A8A90F20696C0201560100206F6876499798528C62057649979C1F
:20761000528C6517761F02D71B074E2067020A071B06753067020A068F02BF20A8A90F2059
:2076200069040201560100209208614C0B086F4A76499798527862057649979C52786516FA
:20763000761F02D71B06753067020A068F02BF20A8A90F20690402015601002092076102BA
:207640000B079208612F0B086F2D76499798526662057649979C526665158F02BF20761F09
:2076500002D7A8A90F206904020156010020920661020B06920761020B07920861130B089F
:207660006F11761F02D706206104020156410020920661020B06920761020B0792086102C0
:207670000B08761F02C69200613752016135761F02D69225521467181B2401F467151B2182
:207680001770671288232901FF20EA600FA6650C761F02D79208521467071B0703E8670432
:207690001B06753068199A30764997B7761F02D62B232B242B212B250200761F02D71E2068
:2076A0002B062B072B089A019B017649EE279A0176496E976F01761F02D692235232690F3C
:2076B0000280764997A09A19764997C19A01764971A2761F02D656BF013A6F1352056711FD
:2076C0000280764997AB761F02D62B3A76499788521960049A00764997C19A00764971A28B
:2076D0000232761F02D70F206714761F02E2921F520160089A14764997C19A017649716673
:2076E0006F1C9A0A764997C19A01764970EE6F1502050F20691276499788521461057649EE
:2076F0009788520A60049A00764997C19A00764971669A00764970EE7648F5B95200611DC7
:207700007648F5B95203661976499780BE809B0090800FA6610F761F02D70A1188112901F9
:20771000FF20EA600FA663092B119A007648F9386F04761F02D72B11000676496B835200E8
:207720006026764870DD52006022761F02D69216601E761F01FC40096D16761F02D60A1765
:2077300092175219683F2B1756BF01169A017648F8FB7649261C52016035761F02D656BF59
:20774000011A6F30761F02D62B176F2C761F01FC9209900152016015761F02D60A17921768
:20775000521968202B172B169A007648F8FB7649261C52016017761F02D656BF011A6F126F
:20776000761F02D62B1776496B8352006005764870DD520061079A007648F8FB761F02D679
:207770002B160006FE049744964302641EA62D4337440200F61F561700A6A9420642FE8408
:207780000006FE049744964302641EA62D4337440200F61F561700A6A9420642FE84000633
:20779000FE04974496438F0003E82D4302003744F61F561700A4A9420642FE840006FE02DB
:2077A0003B01761F0262852CFF5685A91E42761F0262062A0F42660306426F01FE820006DF
:2077B000761F02C6920052046103520560437649AF4F1BA90384682B7649AF4F1BA906A450
:2077C00067267649AF4F28AC06A4761F02D68F00064074AC02003702F61F561700A492028A
:2077D0009EAB961C7649AF4F28AC06A4761F02D68F00064074AC37010200F61F561700A4A1
:2077E00092019EAB961B56BF01346F0F761F02D69201961B9202961C2B3476499788521896
:2077F00060049A00764997C1761F02D69203961D6F2852036014761F02D69201961B92020A
:20780000961C2B3476499788521860049A00764997C1761F02D69203961D6F13761F02D656
:207810009201961B9202961C2B3476499788521860049A00764997C1761F02D69203961D5D
:207820000006B2BDAABDA2BDFE02761F02BA92065202615D761F01FC46096D59761F02D7FD
:2078300056BF01107649A29696427649A2965BA97649A2CC86A47649A2ED59A976497C3C2A
:207840005DA993A192A38AA27649B17B76497C2493427649B25A7649AF775200601A764933
:20785000AF8F52006016761F02BA922A52026111761F02C69200520460075204600A761F3E
:2078600002E2921F6006761F02D62B06FFEF009676498F605200FFE0009176498F78520063
:20787000FFE0008C761F02BA922A5202FFE10086764922825200FFE100817649221F52005E
:20788000607C761F02D656BF01066F777649AF77520060367649AF8F52006032761F02BA9E
:20789000922A5202612D761F02C692005204600752046026761F02E2921F6022761F02D798
:2078A00056BF02107649A29696427649A2965BA97649A29A86A47649A2E559A976497C3CF3
:2078B0005DA993A192A38AA27649B17B76497C2493427649B25A761F02D62B066F3E764929
:2078C0008F605200603476498F7852006030761F02BA922A5202612B764922825200612701
:2078D0007649221F52006023761F02D756BF03107649A29696427649A2965BA97649A2B34F
:2078E00086A47649A2E959A976497C3C5DA993A192A38AA27649B17B76497C249342764922
:2078F000B25A761F02D656BF01066F07761F02D756BF04107649B452761F02A99A32930072
:207900007649B273964176496596761F02C692005203600C761F02D688070E060FA6610A12
:2079100056BF010456BF32056F05761F02D62B042B0592069607761F02D756BF030F764928
:20792000B4935201603F761F02D69204603B7649AFB352006005761F02D69206610A764969
:207930008F6C5200602F761F02D692065201602A761F02D756BF040F7649AFB35200600D03
:20794000761F02D692066009761F02D756BF010F761F02E22B1F6F1276498F6C5200600E68
:20795000761F02D6920652016009761F02D756BF020F761F02E256BF011F761F02D7080F8F
:207960000003FE8282BE86BE8BBE00060006FE022B41761F02C69200520360507648F5D5C3
:207970005201610C7649219B9B0A00C9F0099B0576495A0C7648F8DD6F6D761F02D69231F1
:20798000610576491F525200611F7648F5CD5207610C761F02C6921B6008761F02C79225B2
:2079900060049A077648F6847649219B76497B9F964176497C945201604D9241D4019B025B
:2079A0007649B1036F4776497C94520160077649219BD4019B037649B1037648F5CD5207DB
:2079B0006139761F02C6921B6035761F02C7922560319A077648F6846F2D52026019761F01
:2079C00002C6920252076126761F02D62B319A007648F8DD28A90DAC7649A2F528A90DAC0B
:2079D0007649B50528A90DAC7649B50F6F13761F02D62B319A007648F8DD28A90DAC764950
:2079E000A2F528A90DAC7649B50528A90DAC7649B50FFE820006FE049643761F02C6920090
:2079F00052036103520460387648F5D5520061349243761F02D772130A12921252056934E5
:207A00000E13F60F1F1296131B1301F46703281301F47649219B761F02D788133B01560390
:207A10000AA9C24200C9EF9296447649219B761F02D788132DA91244C24200C9EF929644A3
:207A2000761F02D6923E9444FFA0963E761F02D72B132B126F09761F02D6283E0400761FF1
:207A300002D72B132B12FE840006FE047649CEA3761F027D3B012DA93600FF47964352FA61
:207A4000630356BFFA438543761F02A9FF681E4256030718FF5AFF3210ACFF6900C9EF922F
:207A500096441BA904B06504284404B06F061BA902586303284402589244764965AAFE8456
:207A60000006761F02C6920052036018761F02D6923F52016008761F02D70A00761F02D666
:207A70002B3F6F12761F02D79200610E0A1492145202690A0B002B146F07761F02D62B3F7A
:207A8000761F02D72B000006FE04964176491F525203610976491F525204610576491F5263
:207A900052066013761F02819238761F0281543B6209761F02819235761F02819E3B96426F
:207AA0006F0D923B96426F0A761F02D72B152B01761F02E21800FFFB6F70764921B1520005
:207AB0006009761F02819B0C923500C9F00996436F15761F02C6920052046009761F0281E2
:207AC0009B0C923500C9F00996436F08761F02819B2D923500C9F00996437649AFD1520152
:207AD00061057649AF835201600C761F02D72B15761F02E21800FFFB761F02D72B016F241A
:207AE000761F02D79201610F3B018542FF56544363080A159215544169172B152B016F14F1
:207AF0002B156F1288433B018542DE02FF5693A655A963090A159215544169062B1556BFF0
:207B000001016F022B15761F02C692005205610352046006761F02E21800FFFB6F0E761FAF
:207B100002E2CD00FFFB761F02D792019001761F02E2FF81CAA89600FE840006FE049641B6
:207B200076491F525203610976491F525204610576491F5252066013761F02819238761FF8
:207B30000281543C6209761F02819235761F02819E3C96426F0D923C96426F0A761F02D705
:207B40002B162B02761F02E21801FFFB6F57761F02819B0C923500C9F009964376498FA254
:207B50005201610576498F785201600C761F02D72B16761F02E21801FFFB761F02D72B0201
:207B60006F24761F02D79202610F3B018542FF56544363080A169216544169172B162B025B
:207B70006F142B166F1288433B018542DE05FF5693A655A963090A169216544169062B16FA
:207B800056BF01026F022B16761F02C692005205610352046006761F02E21801FFFB6F0EAC
:207B9000761F02E2CD01FFFB761F02D792029001761F02E2FF81CAA89601FE840006FE0277
:207BA0009641761F02D7920361059204540561029605761F02BA920652026046761F02C658
:207BB000920052036038761F02D7920361410A1792175208683D2B032B17761F02CF920B55
:207BC000761F02BB54136704921396426F05761F02CF920B9642761F02D7541863030B1852
:207BD0006F04541865020A182D189241310A9EAB540465040804000A6F039A0A7404924159
:207BE0005404630396046F141B0407D06311280407D06F0E761F02D72B032B1792415404B7
:207BF000610796046F05761F02D72B172B039205FE820006FE029641761F0262062C884139
:207C0000761F0262033EFF560FA66508761F0262062C761F02621E3E6F0DA33EFF68761FDA
:207C100002623B01A9A910AC072C761F0262FF411E3EFE82FF690006761F02D692090006E2
:207C2000761F02D6920A0006761F02D692100006761F02D692140006761F0262062C0006D6
:207C3000761F0262063E0006761F026206280006761F026206300006761F02D6920F00067B
:207C4000761F02D692110006761F02D692120006761F02D692130006761F0262062A0006B0
:207C5000761F0262062E0006761F02D7061C0006761F02D6921B0006761F0262920D00068D
:207C6000761F02D6922C0006761F02D692260006761F02D692270006761F02D6922A00064D
:207C7000761F02D6922B0006761F02D692280006761F02D692290006761F02D6920B000659
:207C8000761F02D6920C0006761F02D692000006761F02D6920D0006761F02D6920E0006A9
:207C9000761F02D6922F0006761F02D692300006FE0296413B10761F02D696092910FF699C
:207CA000FE820006FE0296413B10761F02D6960A2910FF69FE820006FE0296413B10761F31
:207CB00002D696102910FF69FE820006FE0296413B10761F02D6960F2910FF69FE820006B4
:207CC000FE0296413B10761F02D696112910FF69FE820006FE0296413B10761F02D6961210
:207CD0002910FF69FE820006FE0296413B10761F02D696132910FF69FE820006FE02964137
:207CE0003B10761F02D6924196142910FF69FE820006FE021E423B10761F02621E2C291001
:207CF000FF69FE820006FE021E423B10761F02621E282910FF69FE820006FE021E423B10CA
:207D0000761F02621E2A2910FF69FE820006FE021E423B10761F02621E2E2910FF69FE82EA
:207D10000006FE021E423B10761F02D71E1C2910FF69FE820006FE0296413B10761F02D644
:207D2000961B2910FF69FE820006FE0296413B10761F02D696202910FF69FE820006FE02FF
:207D300096413B10761F02D6962C2910FF69FE820006FE0296413B10761F02D69626291037
:207D4000FF69FE820006FE0296413B10761F02D696272910FF69FE820006FE0296413B10A0
:207D5000761F02D6962A2910FF69FE820006FE0296413B10761F02D6962B2910FF69FE824E
:207D60000006FE0296413B10761F02D696282910FF69FE820006FE0296413B10761F02D6FA
:207D700096292910FF69FE820006FE0296413B10761F02D6962F2910FF69FE820006FE0292
:207D800096413B10761F02D696302910FF69FE820006FE069641FFC7900F9644924190FFEB
:207D9000FFC396439241900F964292439442944496461846000F9246FF5E9C019645184518
:207DA000000F9245FE860006FE089645A8442B4756BF01466F055846929472470A469245A0
:207DB000544666FA27472BAA8F0100000200F61F561700A49647FF5E9C019647FE8800067E
:207DC000FE04A8422B4356BF02449244611D92C45230680B92C45239660856030443948448
:207DD0009CD0A84296436F0D92C45241680A92C4524666075603044394849CC9A842964352
:207DE0000B44924460E59243FE840006FE04A8422B4356BF04449244611D92C45230680B66
:207DF00092C4523966085603044394849CD0A84296436F0D92C45241680A92C4524666070B
:207E00005603044394849CC9A84296430B44924460E59243FE840006FE047C431E426F33F8
:207E10009242900F964452096904084400376F35084400306F3206422901FF43900F9644CC
:207E200052096904084400376F28084400306F2506422901FF47900F96445209690408440B
:207E300000376F1B084400306F1806422901FF4B900F964452096904084400376F0E084425
:207E400000306F0B9243520161CC520261D5520361E0520461EB6FC59244FE840006FE06CB
:207E50009643A84256BF044492445201690B0E435C4476497E0C523060050B4492445201BC
:207E600066F72B456F0A9E455CA90E4376497E0C58458A4296940A459244544566F58A42C2
:207E700058452B94FE860006FE02761F027C56BF28372B382B3956BF01419241520F663697
:207E80008F00AA2BA8A90D418AA91AC400028F00AA2BA8A90D418AA918C4FFFE8F00AA2B59
:207E9000A8A90D418AA918C4FFE38F00AA2BA8A90D418AA918C4FF1F8F00AA2BA8A90D410F
:207EA0008AA918C4FEFF8F00AA2BA8A90D418AA918C4FDFF8F00AA2BA8A90D418AA918C496
:207EB000FBFF0A419241520F69CCFE820006FE02761F027C9238964158388F00AA2B4894FA
:207EC0006C4CA8A90D388AA918C4FEFF8F00AA2BA8A90D388AA918C4FF1F58388F00AA2B2D
:207ED0004A946C0FA8A90D388AA918C4FFFE8F00AA2BA8A90D388AA918C4FFE30A386F25D6
:207EE000CC94001CFFC15202630C9294CDA9FFE3FFC190079C019007FF81CAA896946F15DA
:207EF000A8A90D388AA91AC400018F00AA2BA8A90D388AA918C4FFFD8F00AA2BA8A90D38CB
:207F00008AA918C4FFE30A388F00AA2BA8A90D388AA918C4FDFF6F5040946D1DA8A90D3876
:207F10008AA918C4FBFF8F00AA2BA8A90D388AA918C4FFFD8F00AA2BA8A90D388AA918C43A
:207F2000FFE38F00AA2BA8A90D388AA918C4FF1F0A386F32809492A7FFC490079C0190077A
:207F300088A9CDA7FF1F80A8560305A6CAA7969492A6520564215838CC94FF1F50A096946B
:207F4000A8A90D388AA918C4FFFE8F00AA2BA8A90D388AA918C4FFFD8F00AA2BA8A90D3880
:207F50008AA918C4FBFF8F00AA2BA8A90D388AA918C4FFE30A3888410E380FA6617192387B
:207F6000520F694A56BF0138923C963D2B3C923B61022B3B923A9C019642520F690F56BFD2
:207F700001420A39923952036909761F02B9182CFFFD761F027C56BF043956BF01419241BA
:207F8000520F66158F00AA2B584140946C0C2D419A01761F027CFF66983C88420E410FA699
:207F900060020A420A419241520F69EF761F027C0A3E883D0E3C0FA66006923C6104923EC4
:207FA0005202690A2B3E9242963A56BF013B520F690356BF013A58388F00AA2B41946D1831
:207FB000923B610D88380E3A0FA66007A8A90D388AA91AC400026F0C0A386F0A40946C072C
:207FC000A8A90D388AA91AC400026F020A389238520F669658388F00AA2B41946C91FE82D8
:207FD0000006FE062B437649CEB7761F02B92DA9359696327649CEB7761F02B92DA93596E7
:207FE00096317649CEB7761F02B92DA9356996332B342B352B3B56BF013A2B392B382B3C46
:207FF0002B362B372B3056BF01419241520FFFE200CE8F00AA2B3B01A8A981418AA940C42F
:20800000FFEC00B40A43761F02B956BF013B9241764985B39B6400C9F06E9642761F02B9BB
:208010005432630296325431630296319241764985BF9B6400C9F06E9642761F02B9543341
:20802000650296339241764985CB761F02B972341B3475306503283475309241764985D7ED
:20803000761F02B972351B357530650328357530924176498463761F02B9723692376054EC
:2080400092417649859B96449241764985A7964592446003924561489245611643446C06FB
:20805000761F02B956BF0E376F3F46446C06761F02B956BF05376F3845446C36761F02B9F9
:2080600056BF06376F3147446C06761F02B956BF01376F2A46446C06761F02B956BF023741
:208070006F2345446C06761F02B956BF03376F1C44446C06761F02B956BF04376F15434494
:208080006C06761F02B956BF09376F0E42446C06761F02B956BF0A376F0741446C05761FAD
:2080900002B956BF07372D418F00B5043506560100A447C46C04761F02B92B3A35068F00DC
:2080A000B504560100A446C46D05761F02B956BF013935068F00B504560100A445C46C05F9
:2080B000761F02B956BF01388F00AA2B3B01A8A981418AA94AC46C05761F02B956BF013C0B
:2080C0000A419241520FFFE5FF36761F02B9923B60022B3A924396307649CEB7761F02B9F5
:2080D0002DA93596543267097649CEB7761F02B92DA9359696326F107649CEB7761F02B9E9
:2080E0002DA93578543269087649CEB7761F02B92DA9357896327649CEB7761F02B92DA9BD
:2080F0003596543167097649CEB7761F02B92DA9359696316F107649CEB7761F02B92DA9CB
:208100003578543169087649CEB7761F02B92DA9357896317649CEB7761F02B92DA93587B8
:20811000543367097649CEB7761F02B92DA9358796336F107649CEB7761F02B92DA93569E2
:20812000543369087649CEB7761F02B92DA935699633923A61022B38924365069236934306
:2081300000C9F0099636FE860006FE0497449643A842761F027C923761030B376F0B9244A5
:20814000963776497EB792438A427649814B76497FD1FE840006FE089645A84256BF014872
:2081500006421E44761F027C9238964858388F00AA2BCC94001CFFC1963F2B478A4456BF50
:208160007EC48A4456BF32CC8A4456BF30D4020307448AA9924876497E4F8A4456BF32E413
:208170008A4456BF34EC8A4456BF36F4923F601056BF0247020707448AA99A0676497E4F8D
:20818000020807448AA99A0376497E4F6F225201601056BF0247020707448AA99A06764996
:208190007E4F020807448AA99A0276497E4F6F115202600F56BF0247020707448AA99A068A
:2081A00076497E4F020807448AA99A0176497E4F924776497D8988A9020907448AA992A6F4
:2081B00076497E4FCC470F00FFC788A9020A07448AA992A676497E4F924790FFFFC388A961
:2081C000020B07448AA992A676497E4FCC47000F88A9020C07448AA992A676497E4F020D9E
:2081D00007448AA9924876497E4F020E07448AA956BF32C456BF0F4692468A4476497DA422
:2081E00088A90E4607448AA992A676497E4F084600048A44584656BF0D940A469245934644
:2081F0008A447649E278FE880006FE089645A84206421E449245964792C4527E606992DC76
:208200005230686692DC523969026F6292E45232605F92EC5234605C92F4523661026F5828
:20821000020907448AA976497DE69647020307448AA976497DC09646FFC396468846761F6A
:20822000027C0E380FA6604488472901FF2080620FA660129A628A44934676498269761F1E
:20823000027C8F00AA2BA8A90D388AA91AC4010056BF04376F2D8847FF2080080FA660121B
:208240009A088A449346764983B0761F027C8F00AA2BA8A90D388AA91AC4010056BF043774
:208250006F178847FF20D0120FA660129A128A449346764983F2761F027C8F00AA2BA8A942
:208260000D388AA91AC4010056BF04376F01FE880006FE0697449643A8429C0D0EA9074210
:208270008AA976497DE6964592438A429C0D76497DA488450EA90FA6FFE0013256BF0D46E1
:208280000E4607428AA976497DE693A99244764985EF084600040E4607428AA976497DE663
:2082900093A99244764985FD084600040E4607428AA976497DC093A992447649861908469F
:2082A00000020E4607428AA976497DE693A9924476498627084600040E4607428AA976496B
:2082B0007DE693A9924476498635084600040E4607428AA976497DC093A992447649864307
:2082C000084600020E4607428AA976497DC093A9924476498651084600020E4607428AA9BA
:2082D00076497DE693A992447649865F084600040E4607428AA976497DE693A992447649A1
:2082E000866D084600040E4607428AA976497DE693A992447649867B084600040E46074286
:2082F0008AA976497DE693A9924476498689084600040E4607428AA976497DE608A9F555FA
:2083000093A9924476498697084600040E4607428AA976497DE608A9F55593A9924476495F
:2083100086A5084600040E4607428AA976497DE693A99244764986B3084600040E460742E5
:208320008AA976497DE608A9F55593A99244764986C1084600040E4607428AA976497DE691
:2083300093A99244764986CF084600040E4607428AA976497DE608A9F55593A992447649F7
:2083400086DD084600040E4607428AA976497DE608A9F55593A99244764986EB08460004E7
:208350000E4607428AA976497DE693A99244764986F9084600040E4607428AA976497DE687
:2083600008A9F55593A9924476498707084600040E4607428AA976497DE693A9924476498E
:208370008715084600040E4607428AA976497DE608A9F55593A99244764987230846000445
:208380000E4607428AA976497DE608A9F55593A9924476498731084600040E4607428AA945
:2083900076497DE693A992447649873F084600040E4607428AA976497DE608A9F55593A999
:2083A00092447649874D084600040E4607428AA976497DE693A992447649875BFE860006D3
:2083B000FE0697449643A8429C0D0EA907428AA976497DE6964592438A429C0D76497DA408
:2083C00088450EA90FA6602D56BF0D460E4607428AA976497DC093A9924476498769084694
:2083D00000020E4607428AA976497DC093A9924476498777084600020E4607428AA9764911
:2083E0007DC093A9924476498785084600020E4607428AA976497DC093A99244764987935C
:2083F000FE860006FE0697449643A8429C0D0EA907428AA976497DE6964592438A429C0D1E
:2084000076497DA488450EA90FA6603856BF0D460E4607428AA976497DE693A99244764980
:2084100087A1084600040E4607428AA976497DE693A99244764987AF084600040E460742EA
:208420008AA976497DE693A99244764987BD084600040E4607428AA976497DE693A992447C
:20843000764987CB084600040E4607428AA976497DC093A99244764987D9FE860006FE0242
:20844000964128AC001B8F00A8403041560100A492C4FE820006FE02964128AC001B8F0042
:20845000A8413041560100A492C4FE820006FE02964128AC001B8F00A8423041560100A430
:2084600092C4FE820006FE02964128AC001B8F00A8433041560100A492C4FE820006FE0298
:20847000964128AC001B8F00A8443041560100A492C4FE820006FE02964128AC001B8F000E
:20848000A8453041560100A492C4FE820006FE02964128AC001B8F00A8463041560100A4F8
:2084900092C4FE820006FE02964128AC001B8F00A8473041560100A492C4FE820006FE0264
:2084A000964128AC001B8F00A8483041560100A492C4FE820006FE02964128AC001B8F00DA
:2084B000A8493041560100A492C4FE820006FE02964128AC001B8F00A84A3041560100A4C0
:2084C00092C4FE820006FE02964128AC001B8F00A84B3041560100A492C4FE820006FE0230
:2084D000964128AC001B8F00A84C3041560100A492C4FE820006FE02964128AC001B8F00A6
:2084E000A84D3041560100A492C4FE820006FE02964128AC001B8F00A84E3041560100A488
:2084F00092C4FE820006FE02964128AC001B8F00A84F3041560100A492C4FE820006FE02FC
:20850000964128AC001B8F00A8503041560100A492C4FE820006FE02964128AC001B8F0071
:20851000A8513041560100A492C4FE820006FE02964128AC001B8F00A8523041560100A44F
:2085200092C4FE820006FE02964128AC001B8F00A8533041560100A492C4FE820006FE02C7
:20853000964128AC001B8F00A8543041560100A492C4FE820006FE02964128AC001B8F003D
:20854000A8553041560100A492C4FE820006FE02964128AC001B8F00A8563041560100A417
:2085500092C4FE820006FE02964128AC001B8F00A8573041560100A492C4FE820006FE0293
:20856000964128AC001B8F00A8583041560100A492C4FE820006FE02964128AC001B8F0009
:20857000A8593041560100A492C4FE820006FE02964128AC001B8F00A85A3041560100A4DF
:2085800092C4FE820006FE02964129018F00B90056030241560100A492C4FE820006FE0243
:20859000964129018F00B90156030241560100A492C4FE820006FE02964129018F00B902C3
:2085A00056030241560100A492C4FE820006FE02964129018F00B90356030241560100A465
:2085B00092C4FE820006FE02964128AC00068F00B5003041560100A492C4FE820006FE0292
:2085C000964128AC00068F00B5013041560100A492C4FE820006FE02964128AC00068F001D
:2085D000B5023041560100A492C4FE820006FE02964128AC00068F00B5033041560100A428
:2085E00092C4FE820006FE02964128AC00068F00B5043041560100A492C4FE820006FE025E
:2085F0009742964128AC001B76C0A8403041560100A7924296C7FE820006FE0297429641D8
:2086000028AC001B76C0A8413041560100A7924296C7FE820006FE029742964128AC001B87
:2086100076C0A8423041560100A7924296C7FE820006FE029742964128AC001B76C0A84344
:208620003041560100A7924296C7FE820006FE029742964128AC001B76C0A844304156018B
:2086300000A7924296C7FE820006FE029742964128AC001B76C0A8453041560100A79242C7
:2086400096C7FE820006FE029742964128AC001B76C0A8463041560100A7924296C7FE8254
:208650000006FE029742964128AC001B76C0A8473041560100A7924296C7FE820006FE021A
:208660009742964128AC001B76C0A8483041560100A7924296C7FE820006FE02974296415F
:2086700028AC001B76C0A8493041560100A7924296C7FE820006FE029742964128AC001B0F
:2086800076C0A84A3041560100A7924296C7FE820006FE029742964128AC001B76C0A84BC4
:208690003041560100A7924296C7FE820006FE029742964128AC001B76C0A84C3041560113
:2086A00000A7924296C7FE820006FE029742964128AC001B76C0A84D3041560100A792424F
:2086B00096C7FE820006FE029742964128AC001B76C0A84E3041560100A7924296C7FE82DC
:2086C0000006FE029742964128AC001B76C0A84F3041560100A7924296C7FE820006FE02A2
:2086D0009742964128AC001B76C0A8503041560100A7924296C7FE820006FE0297429641E7
:2086E00028AC001B76C0A8513041560100A7924296C7FE820006FE029742964128AC001B97
:2086F00076C0A8523041560100A7924296C7FE820006FE029742964128AC001B76C0A85344
:208700003041560100A7924296C7FE820006FE029742964128AC001B76C0A854304156019A
:2087100000A7924296C7FE820006FE029742964128AC001B76C0A8553041560100A79242D6
:2087200096C7FE820006FE029742964128AC001B76C0A8563041560100A7924296C7FE8263
:208730000006FE029742964128AC001B76C0A8573041560100A7924296C7FE820006FE0229
:208740009742964128AC001B76C0A8583041560100A7924296C7FE820006FE02974296416E
:2087500028AC001B76C0A8593041560100A7924296C7FE820006FE029742964128AC001B1E
:2087600076C0A85A3041560100A7924296C7FE820006FE0297429641290176C0B900560379
:208770000241560100A7924296C7FE820006FE0297429641290176C0B90156030241560134
:2087800000A7924296C7FE820006FE0297429641290176C0B90256030241560100A7924242
:2087900096C7FE820006FE0297429641290176C0B90356030241560100A7924296C7FE82CF
:2087A0000006FE029742964128AC000676C0B5003041560100A7924296C7FE820006FE0218
:2087B0009742964128AC000676C0B5013041560100A7924296C7FE820006FE02974296415D
:2087C00028AC000676C0B5023041560100A7924296C7FE820006FE029742964128AC000622
:2087D00076C0B5033041560100A7924296C7FE820006FE029742964128AC000676C0B504FC
:2087E0003041560100A7924296C7FE820006764921B152006008761F02E6280203842804AE
:2087F00003E86F07761F02E6280206A4280407080006764921B152006008761F02E6280284
:208800000384280403E86F07761F02E6280206A42804070828010AF028030A8C280519642A
:20881000280611942807189C2808125C28091518280A11F8280B14E6280C122A281A09E291
:20882000281B09B0761F02E21A0100011801FFFD1801FFF71801FFEF1801FFDF1A0100402A
:208830001801FF7F1801FEFF1801FDFF1A0104001801F7FF1801EFFF1801DFFF1A0100041B
:20884000761F02E62B192B172B172B0F2B002B102811FFFF2B142B152B160006FE0296415F
:20885000761F02E629012D41360DFF4A960FFE820006FE029641761F02E63B01920F9E006D
:2088600085A9FF5654416904920F96006F062D003503940FFFC19600FE820006FE0296410C
:20887000761F02E629012D41360EFF4A9612FE820006FE029641761F02E63B0192129E1333
:2088800085A9FF5654416904921296136F062D1335039412FFC19613FE820006B2BDFE0215
:208890009642761F02E240016C1C764926C159A9764926CCD9E493A99A64761F02E694A8A5
:2088A0008F00B9A693425DA99741920F93A17649D3715201601C761F02E21801FFFE6F175B
:2088B000764926C159A9764926CC761F02E65DA988428F00B9A693A1920F7E417649D35995
:2088C00052016005761F02E21A010001764926C1761F02E6540F670B0A2792275205681793
:2088D0002B27761F02E21A0101006F11764926C1761F02E69C9C540F690A0A2892285205AD
:2088E00068062B28761F02E21801FEFF764926CC761F02E6540F690E0A2992295205681B58
:2088F0002B291B0F01F46917761F02E21A0100106F12764926CC9B64761F02E695A9550F81
:20890000670A0A2A922A520568062B2A761F02E21801FFEFFE828BBE0006FE029641761F21
:2089100002E1921F6012761F02E65D418F00B9AB28A8012C920F7649D39E52016015761F08
:2089200002E156BF011F6F10761F02E65D418F00B9AC28A8014A920F7649D3895201600403
:20893000761F02E12B1FFE820006FE0297429641761F02E688420E140141FF560FA6650411
:20894000924196146F060E413B010D14FF409614FE820006FE0496435200610F28A9E100BB
:2089500028A805F58843761F02E6FF5A0200F61F561700A63F156F04761F02E62B15FE846C
:208960000006FE029641761F02E63B0192169E1585A9FF5654416904921596166F062D1676
:2089700035039415FFC19616FE820006FE029642761F02E246016C12761F02E696418F001B
:20898000B9AD5D08930792157649D37152016016761F02E21801FFBF6F11761F02E69641DB
:208990008F00B9AD5D06930592157649D35952016005761F02E21A010040761F02E69205A5
:2089A0005415670E0A2E922E520568162B2E1B0001F46912761F02E21A0140006F0D92073F
:2089B0005415690A0A2F922F520568062B2F761F02E21801BFFF761F02E692065415690E6D
:2089C0000A309230520568162B301B0001F46912761F02E21A0180006F0D92085415670ADC
:2089D0000A319231520568062B31761F02E218017FFFFE820006FE029642761F02E2470139
:2089E0006C12761F02E696418F00B9995D0C930B92157649D37152016016761F02E21801B8
:2089F000FF7F6F11761F02E696418F00B9995D0A930992157649D35952016005761F02E26E
:208A00001A010080FE820006FE029641761F02E60A1854186715761F02E21A0104001A0124
:208A100000011A0100401A0100801801FDFF761F02E62B192B0F2B002B162B142B18FE82D1
:208A20000006761F02E62B180006761F02E69210540F6703920F96109211540F6903920F24
:208A300096110006761F02E240016D0A4C016D083B10761F02E61817FFFE29106F073B1098
:208A4000761F02E61A1700012910761F02E24B016D083B10761F02E61817FEFF29106F0751
:208A50003B10761F02E61A1701002910761F02E240016D034C016C083B10761F02E61A17EF
:208A6000000129106F073B10761F02E61817FFFE2910761F02E24B016C083B10761F02E618
:208A70001A17010029106F073B10761F02E61817FEFF2910761F02E246016D0A3B10761FC1
:208A800002E61817FFFD1817FFFD29106F093B10761F02E61A1700021A1700022910761FEB
:208A900002E243016D083B10761F02E61817FFFB29106F073B10761F02E61A170004291053
:208AA000761F02E240016D1446016D1243016D104B016D0E49016D0C4C016D0A42016D08EE
:208AB0003B10761F02E61817FFF729106F3F3B10761F02E61A1700082910761F02E24001DE
:208AC0006C05761F02E61A230001761F02E246016C05761F02E61A230002761F02E24301C0
:208AD0006C05761F02E61A230004761F02E24B016C05761F02E61A230008761F02E249019C
:208AE0006C05761F02E61A230010761F02E24C016C05761F02E61A230020761F02E242016E
:208AF0006C05761F02E61A230040761F02E643176D0C761F02E243016D083B10761F02E6B1
:208B00001817FFF729106F133B10761F02E61A170008291043176C031A230080761F02E23C
:208B100043016C05761F02E61A230100761F02E247016C083B10761F02E61A1700802910EE
:208B20006F073B10761F02E61817FF7F2910FF690006B2BDFE0296412B427649B48759A9F4
:208B300076498F443B019EA185A9FF569642761F02C69200520460187648F0C452006014C8
:208B4000924252C865119241761F02E65432670A2B329A2C764997B79A019B017649EE272F
:208B50006F060A326F04761F02E62B32FE828BBE0006FE02964176498FA2520060347649CC
:208B60008FA75200603076498F9C5200602C761F02E2CC012000FFCC6013761F02E2921353
:208B70005D418F00B9B5761F02E293187649D39E5201601C761F02E21A0120006F17761F58
:208B800002E293185D41761F02E28F00B9B59D6492137649D38952016009761F02E2180123
:208B9000DFFF6F04761F02E62B35761F02E61B3305DC674D0A33761F02E2CC010200FFC8EB
:208BA000601B761F02E292135D418F00B9B4761F02E293187649D39E52016027761F02E2DB
:208BB0001A0102009A019B057649EE27761F02E61A2400016F1A761F02E293185D41761FDD
:208BC00002E28F00B9B49D6492137649D3895201600C76499780BE409B0090400FA66105DB
:208BD000761F02E21801FDFF761F02C6920052036012761F02C79200600E761F02E2490120
:208BE0006D0A761F02E6283305DC6F05761F02E21801FDFFFE820006FE021E42761F02E6E0
:208BF000FF68A33E3B01A9A910AC0742FF411E3EFF69FE820006FE0296410264761F02E646
:208C00002D411EA63712761F02E70200F61F561700A6A900FE820006B2BDAABD761F02E6AF
:208C10002B2576498FB95200603D761F02E6923761032B372B367649221F5200611276490D
:208C200022825200600E761F02E60A361B3601F4681A2B362B382B399A02764990626F1354
:208C30007649221F5200600F764922825200610B761F02E60A361B3601F468052B369A01D6
:208C40007649906276499788521360079A007649715A9A00764997C19A0076499087FFEF86
:208C500002C876498FB95202FFE002097648F6085204FFE000F5764922DA5200603E7649A5
:208C600059755AA97649597994A259A9764922A354A16406764922A3520AFFE6008E764965
:208C7000205052006109764922AE59A97649CEA393A155A96922764920505200600E761FB6
:208C800002B9412C6C0A764922C4761F02B9CD2BFF00FFD755A96711764920505200606CB1
:208C9000761F02B9412C6D68764922AE59A97649CEA393A155A96660761F02E62B3956BF83
:208CA00001257649DD411BA903846805761F01FC4E096C0576491F525200611276498FC19B
:208CB0005200600A761F01FC4E096D067649DD411BA90384672B76491F5252006127761F33
:208CC00002E656BF02250A381B381770680C2B3876491F52520060049A017649906C9A01A6
:208CD0007649908776499788521360089A007649715A9A00764997C16F049A007649715A97
:208CE000761F02E62B3CFFEF0152761F02E656BF03252B38921EFFE0014A0A3C923C5232C0
:208CF000FFE901452B3C9A017649715A9A13764997C1FFEF013C764959755AA9764959799A
:208D000094A259A9764922A3FFC054A166317649205052006109764922B959A97649CEA395
:208D100093A155A96625764920505200600E761F02B9412C6C0A764922CF761F02B9CD2B6C
:208D2000FF00FFD755A96814764920505200FFE0010E761F02B9412CFFED0109764922B928
:208D300059A97649CEA393A155A9FFE90100761F02E656BF04252B380A391B391770FFE8B3
:208D400000F62B3976491F52520060049A007649906C9A0076499087FFEF00E97648F6087B
:208D50005203FFE000D6764922E5520061099A007649906C9A0076499087FFEF00D876492D
:208D6000205052006109764922AE59A97649CEA393A155A96922764920505200600E761FC5
:208D700002B9412C6C0A764922C4761F02B9CD2BFF00FFD755A967117649205052006066C6
:208D8000761F02B9412C6D62764922AE59A97649CEA393A155A9665A761F02E656BF0525D8
:208D90002B397649DD411BA903846805761F01FC4E096C0576491F525200611276498FC16C
:208DA0005200600A761F01FC4E096D067649DD411BA90384672A76491F5252006126761F44
:208DB00002E656BF06250A381B381770680C2B3876491F52520060049A017649906C9A01B1
:208DC0007649908776499788521360089A007649715A9A00764997C16F049A007649715AA6
:208DD000761F02E62B3C6F62761F02E656BF07252B380A3C923C523269592B3C9A01764992
:208DE000715A9A13764997C16F517649205052006109764922B959A97649CEA393A155A93B
:208DF0006622764920505200600E761F02B9412C6C0A764922CF761F02B9CD2BFF00FFD7EC
:208E000055A968117649205052006030761F02B9412C6D2C764922B959A97649CEA393A174
:208E100055A96924761F02E656BF08252B380A391B391770681B2B3976491F5252006004AA
:208E20009A007649906C9A00764990876F0F761F02E656BF09259A007649906C9A00764981
:208E30009087761F02E62B382B39761F02E692375201610456BF01372B367649221F5200C9
:208E4000610576492282520060067649221F5200FFE000CF761F02E60A369236520AFFE8C9
:208E500000C82B369A00764990629A007649906C9A0076499087FFEF00BC9A0076499087AF
:208E60007649216E5200610F761F02E62B3B0A3A1B3A01F4FFE800892B3A9A01764990763C
:208E7000FFEF0083764921005200613E76498FBD5200603A76492050520061097649215886
:208E800059A97649CEA393A155A96622764920505200600E761F02B9412C6C0A7649212CB8
:208E9000761F02B9CD2BFF00FFD755A968117649205052006019761F02B9412C6D15764936
:208EA000215859A97649CEA393A155A9690D761F02E62B3B0A3A1B3A01F468462B3A9A0140
:208EB000764990766F417649210052006132764921005200613976492050520061097649F2
:208EC000216359A97649CEA393A155A96922764920505200600E761F02B9412C6C0A76493E
:208ED0002137761F02B9CD2BFF00FFD755A967117649205052006018761F02B9412C6D1460
:208EE0007649216359A97649CEA393A155A9660C761F02E62B3A0A3B1B3B01F468052B3B14
:208EF0009A0076499076761F02E692375202610456BF02372B367649221F520061057649DE
:208F00002282520060057649228252006011761F02E60A361B3601F4680B2B369A007649A0
:208F100090629A007649906C9A00764990767649216E5200601976498FBD520061097649FC
:208F2000210052006105764921795200600D764997945200610E764922985200610A7649A0
:208F3000218452006106761F02E656BF01216F04761F02E62B2186BE8BBE0006761F02E2C7
:208F4000CC010200FFC80006761F02E6920F0006761F02E692000006761F02E69212000615
:208F5000761F02E692130006761F02E692140006761F02E692150006761F02E6921600065B
:208F60003B10761F02E640176C0429109A016F0329109A00FF6900063B10761F02E64317B9
:208F70006C0429109A016F0329109A00FF6900063B10761F02E641176C0429109A016F0314
:208F800029109A00FF6900063B10761F02E643176C0429109A016F0329109A00FF69000677
:208F90003B10761F02E642176C0429109A016F0329109A00FF690006761F02E2CC0100085B
:208FA000FFC20006761F02E2CC0100010006761F02E2CC010040FFC50006761F02E692231B
:208FB0000006761F02E6063E0006761F02E706000006761F02E6921D0006761F02E6921FEA
:208FC0000006761F02E692200006761F02E692220006FE0296413B10761F02E696012910B0
:208FD000FF69FE820006FE0296413B10761F02E696022910FF69FE820006FE0296413B1013
:208FE000761F02E696032910FF69FE820006FE0296413B10761F02E696042910FF69FE82DA
:208FF0000006FE0296413B10761F02E696052910FF69FE820006FE0296413B10761F02E65B
:2090000096062910FF69FE820006FE0296413B10761F02E696072910FF69FE820006FE022A
:2090100096413B10761F02E696082910FF69FE820006FE0296413B10761F02E69609291065
:20902000FF69FE820006FE0296413B10761F02E6960A2910FF69FE820006FE0296413B10BA
:20903000761F02E6960B2910FF69FE820006FE0296413B10761F02E6960C2910FF69FE8279
:209040000006FE0296413B10761F02E6960D2910FF69FE820006FE029641761F02E29001C0
:20905000CD01FFF7FF82CAA89601FE820006FE029641761F02E29001CD01FFFECAA8960177
:20906000FE820006FE0296413B10761F02E6961D2910FF69FE820006FE0296413B10761F3A
:2090700002E6961E2910FF69FE820006FE0296413B10761F02E6961F2910FF69FE820006A2
:20908000FE029641761F02E69620FE820006FE0296413B10761F02E696222910FF69FE82C8
:209090000006FE029A01764997CB9A01764990769A007649EDE6964141416C457649A07B8E
:2090A0007649AB919A647649AB9C7649A15B7649ABB19A327649ABBC7649938E9A057649AB
:2090B000ABD17649A28A7649AC899A327649ACA09A057649ACB57649AD607649AD71764947
:2090C00093F47649A4357649AF317649AF537649AF40761F02C69200520460097648F5CD35
:2090D00052026005764991E076499256764991B5764994F7764995417649963476499667C7
:2090E0007649968642416C3D7649A08F7649884E9A64764988597649A16F7649886E9A32F8
:2090F000764988799A057649888E7649A28E7649894A9A32764989619A057649897676491A
:209100008A2176498A32764994107649A45976498BEC76498F4876498BFB761F02C692000A
:20911000520460097648F5CD52026005764991E076499256764991B57649951C764996B0F6
:2091200043416C0C7649A4A1764994769A057649948D764994C1764994E044416C089A010C
:209130007649B0767649AD71764991B545416C089A017649905776498A32764991B540411C
:20914000FFECFF58761F02BA922E52036011761F01009204761F02BA722F761F0114920498
:20915000761F02BA7230761F02BA56BF052E9A0A7649AD439A0A76498A047649AD71764993
:209160008A3276498C0C76499561764991B59A0A764994C5764994E07649AFA75201600566
:209170000210764997A06F0E0210764997AB76499788520E60049A00764997C19A0076499B
:209180007112761F02C692006106520761047648EEFE6F049A007648712176491FE152031D
:20919000610976491FE1520160097648711D520061057648F59E52016006761F02E256BF3E
:2091A000010D6F04761F02E22B0D764996FF764993F49A0A7649AE989A0A76498B59764934
:2091B000942C7648F55FFFEFFEE57649AFA7761F02E296025201600B920360099A019B03E1
:2091C0007649EE27761F02E11A2A0001761F02E29202960376498F84761F02E29604520120
:2091D000600B920560099A019B057649EE27761F02E61A240002761F02E292049605000698
:2091E000B2BDFE067649CEA39643761F02E2921F60057649AF4F96446F0476498F449644EE
:2091F0007649222A5200613D764921DD761F02E32DA936441E028843021B3B011EACC242CB
:2092000056440002FF4400C9EF921E02764921DD2DA9350A1E4692469CFB96467649AF5BBB
:20921000934655A9690E761F02E20A2A0E2A761F02E30F02652B9202761F02E2962A6F268E
:20922000764921DD2DA9350A8BA97649AF5B93A155A9671C761F02E2922A61180B2A6F1642
:2092300028AC0096761F02E330441E0288433B01021B1EACC24256440002FF4400C9EF928B
:209240001E029202761F02E2962A7649202F761F02E2960E922A540E6702960E2D0E761FFB
:2092500002AA35469634FE868BBE0006B2BDFE0A76491FC059A97649CEA393A155A9670555
:2092600076491FC096486F147649CEB72DA935648BA97649CEA393A155A969077649CEB7F2
:209270002DA9356496486F047649CEA396487649AF4F1BA90AF0690428490AF06F0C764983
:20928000AF4F1BA903846704284903846F047649AF4F96497649200E0EA91E46761F02C3B1
:209290009B0A920300C9F0093B0185A956410046761F02E20E0E0F4663030E0E1E46761F16
:2092A00002BD0E011EAC564400461E468F00FA00A8A90F466303A8466F06FF23FF830F46E1
:2092B00065021E4685491E42562100485644004600C9EF92761F02AB1E32020019640F326A
:2092C0006504020019641E327649B4E759A97649DD19761F02BD94A15403681A7649DD192E
:2092D000761F02BD93039FA934A803DE1E44020019640F4465070200761F02AB19641E32DE
:2092E0006F070644761F02AB0F3263021E327649AF4F88A98F0008FC761F02ABA8ACC2425B
:2092F0005644003200C9EF92761F02AB1E34020019140F346504020019141E34761F02C3FE
:20930000920363022B037649200E9647761F02C39B0A920300C9F0097447924763022B479A
:20931000761F02E2920E544765049247960A6F02960A0A2B76496563761F02E2540A630D93
:20932000922B5205640E2B2B7649656393A99A0194A8764966406F052B2B920A7649664087
:20933000FE8A8BBE0006761F02E2922C520160567649AF671BA90F3C684D7649AF671BA9D4
:2093400019C866487649AFA7520060447649AF671BA9157C6920761F02E20A2E922E520AF3
:2093500069187649219F5200601028A9411A7649B5669A01764921A39A069B037649EE2705
:20936000761F02BA56BF0131761F02E22B2E2B2C2B2D6F24761F02E20A2D922D520A6918F5
:209370007649219F5201601028A94E207649B5669A00764921A39A069B037649EE27761FBE
:2093800002BA56BF0131761F02E22B2D2B2C2B2E6F05761F02E22B2D2B2E0006761F02C846
:209390009220961F92219620761F02E1920A761F02C89621BE039220941F9421761F02E26F
:2093A0000EA9F60F1FA6960828AC00B53B013008FF4696090006761F02C8921D961C921E37
:2093B000961D761F02E69200761F02C8961EBE03921D941C941E761F02E20EA9F60F1FA6FC
:2093C000960B28AC00B53B01300BFF46960C0006FE0456BF05437649219F5201600356BF56
:2093D00006432D43761F02E28F000587360FA8AC8F0003E8566500A90200F61F561700A491
:2093E0003F107649AF4FBE16761F02E22D1032A9C242A9A9FF3203AB00C9EF923B01FF49F9
:2093F000FF5C9611FE8400067649CEA3761F027D2DA929013600761F02E2FF479612764933
:20940000AF5328AC016A2901761F02E230A9FF4796173B013417010DFF479C649615000610
:209410007649CEA3761F027D2DA929013600761F02E2FF47961376498F4828AC016A29015B
:20942000761F02E230A9FF4796183B013418010DFF479C6496160006FE022B417648839D0E
:2094300052006125761F02C692005204601B761F02E2CC002000FFCC600FCC012000FFCC2D
:20944000600B7649CEF45201600756BF01419A01764971D26F1056BF02419A00764971D2FF
:209450006F0A2B419A00764971D26F052B419A00764971D2761F02E2882F0E410FA6611456
:209460009241962F7648F5CD520261057648F5CD520960049A007648F6843B109241761F56
:2094700002C496282910FE82FF690006FE0496435200610F28A9E10028A805F58843761FB8
:2094800002E2FF5A0200F61F561700A63F196F04761F02E22B19FE840006FE029642761FE8
:2094900002E2921B6112924296418F400E748F00B8B028A81A9092197649D37152016020CA
:2094A000761F02E22B1B6F1C761F01FC46096D159242761F02E296418F400DAC8F00B8B05C
:2094B00028A81B5892197649D35952016009761F02E256BF011B6F04761F02E22B30FE8296
:2094C0000006761F02E22B1A0006FE029641761F01FC46096D0F76491F525200610B761F0B
:2094D00002E20A1A9241541A670A2B1956BF011B6F06761F02E22B1A2B1B2B19FE8200060A
:2094E00076491F5252006113761F02E2921B5201600E761F02C69200610A761F02BA92034F
:2094F000904860059A049B0C7649EE270006FE048F028000A8447649AF530EA91E420644DF
:2095000000C9EF921E448F000B513B01A8AC56440044FF4B1E44761F02E2921D6004924438
:20951000961D6F062D1D35070744FF42961D520063022B1DFE840006FE048F028000A844C8
:2095200076498F480EA91E42064400C9EF921E448F000B513B01A8AC56440044FF4B1E4483
:20953000761F02E2921E60049244961E6F062D1E35070744FF42961E520063022B1EFE8446
:209540000006761F02E2921F520160197649AF77520060107649AF8F5200600C761F02E234
:209550000A201B2005DC690D282005DC56BF01216F08761F02E22B202B216F032B202B214F
:209560000006B2BD764920F55200613976492050520061097649214259A97649CEA393A143
:2095700055A96622764920505200600E761F02B9412C6C0A76492116761F02B9CD2BFF00F6
:20958000FFD755A968117649205052006018761F02B9412C6D147649214259A97649CEA3F3
:2095900093A155A9690C761F02E20A311B3101F468452B319A01764997CB6F40764920F5D7
:2095A00052006132764920F55200613876492050520061097649214D59A97649CEA393A189
:2095B00055A96922764920505200600E761F02B9412C6C0A76492121761F02B9CD2BFF00A8
:2095C000FFD755A967117649205052006017761F02B9412C6D137649214D59A97649CEA3AB
:2095D00093A155A9660B761F02E20A321B3201F468052B329A00764997CB8BBE0006FE0609
:2095E0009645A044A84292C460088A4492C460058A4256BF01C46F438A44834292C454C521
:2095F00063158A4A92C49C1454456308C5428A4492C796C48A420BC46F328A422BC48A44B8
:209600002BC48A4C2BC49A016F2E8A4A92C49CCE5445651D8A4C0AC41BC400016511761F20
:2096100002E256BF01259A019B037649EE278A422BC48A442BC48A4C2BC49A016F14C542AC
:209620008A4492C796C48A420AC46F098A422BC48A442BC48A4C2BC49A016F05C54A924565
:2096300096C79A00FE860006FE047648F5CD5209601F761F02E29226520669030B266F1F89
:209640005206601D7649AF638F40B8B38F00B8B5A042A8448F40B8B48F00B8A4764995DF07
:209650005200610D761F02E256BF19266F08761F02E22B242B3456BF08262B353B10761F4C
:2096600002E2922496232910FF69FE840006761F02E29225611B92270A369C14543667091F
:209670007649AFA752006005761F02E22B362B257648F608520461057648F60852056006F3
:20968000761F02E22B362B256F010006B2BDFE042B432B447649AF5359A97649AF5B761FBB
:2096900002D688022DA936A1C24200C9EF9296437649AF5B761F02D688032DA99A6436A910
:2096A000C24200C9EF929644544363059243764997D56F049244764997D5FE848BBE00063E
:2096B000B2BDFE042B432B447649228D761F02D65402691476498F4859A976498F50761FD3
:2096C00002D63B012DA9880285ACFF562DA9C24230A100C9EF9296436F1876498F4859A9A3
:2096D00076498F503B012DA985ACFF562DA930A18BA97649228D28A8012C95A90EA81E42AA
:2096E000B2A900C9EF92964376498F50761F02D63B012DA9880385ACFF562DA9C24235644B
:2096F00000C9EF929644544363059243764997DD6F049244764997DDFE848BBE0006764923
:20970000AF4F1BA9012C670C761F02E248006C080A371B370BB869042B371800FEFF7649B9
:209710008F441BA9012C670C761F02E248016C080A381B380BB869042B381801FEFF7649CF
:20972000AF4F1BA9012C670C761F02E244006C080A391B390BB869042B391800FFEF7649A6
:209730008F441BA9012C670C761F02E244016C080A3A1B3A0BB869042B3A1801FFEF7649BC
:20974000AF4F1BA9012C670C761F02E24E006C080A3B1B3B0BB869042B3B1800BFFF7649A6
:209750008F441BA9012C670C761F02E24E016C080A3C1B3C0BB869042B3C1801BFFF7649BC
:20976000AF4F1BA9012C670C761F02E24F006C080A3D1B3D0BB869042B3D18007FFF7649BF
:209770008F441BA9012C670C761F02E24F016C080A3E1B3E0BB869042B3E18017FFF00068E
:20978000761F02E306000006761F02E292060006761F02E292070006761F02E292090006FA
:20979000761F02E392020006761F02E292220006761F02E292280006761F02E292290006FF
:2097A000FE021E423B10761F02E3980099012910FF69FE820006FE021E423B10761F02E306
:2097B000FF55C000C1012910FF69FE820006FE0296413B10761F02E296062910FF69FE8244
:2097C0000006FE0296413B10761F02E296072910FF69FE820006FE0296413B10761F02E289
:2097D00096222910FF69FE820006FE0296419241761F02E29628FE820006FE029641924189
:2097E000761F02E29629FE820006FE081E44A8421E4802001E46064C0F46691006460742D8
:2097F0008AA9834892C43CC5020107481E48020107461E46064C0F4666F2FE880006FE0807
:209800001E44A8421E4802001E46064C0F4669118A48C6C488A9064607428AA97EC4020175
:2098100007481E48020107461E46064C0F4666F1FE880006FE047C431E4276226F158F0574
:20982000D20ACCC4FFF388A956030243CAA696C46F168F05D20ACCC4FFCF88A9560304430D
:20983000CAA696C46F0CC4428F048000A8A90FA661E78F04A000A8A90FA661EC761AF6FA66
:209840007700F6327700FE84FF690006FE021E428A4218C4FFBEFE820006FE021E425CAD4E
:209850008342DC8606C5CAC4CBCC1EC5FE820006FE047C431E42025007428AA9924398C458
:20986000FE840006FE02020A8F0480001E42A8A97649B6CAFE820006FE0202038F048000B3
:209870001E42A8A97649B6CAFE820006FE0202058F0480001E42A8A97649B6CAFE820006D2
:20988000FE0202068F0480001E42A8A97649B6CAFE820006FE0202018F0480001E42A8A970
:209890007649B6CAFE820006FE0202028F0480001E42A8A97649B6CAFE820006FE02020460
:2098A0008F0480001E42A8A97649B6CAFE820006FE0202078F0480001E42A8A97649B6CA13
:2098B000FE820006FE0202088F0480001E42A8A97649B6CAFE820006FE0202098F04800061
:2098C0001E42A8A97649B6CAFE820006FE02020A8F0480001E42A8A97649B6CAFE8200067D
:2098D000FE0A8F048000A8A97649B6418F448000D400A0A97649981A28A9C20028A80BEB1C
:2098E0008F07A1201E42A844A0A9D4147649B654020E8F0480001E42A8A97649984D8F4480
:2098F0008000D401A0A97649985828A9800328A8C60FBE01B6008F000800D500C2421E44CB
:2099000076848000C34606A6A848D40156BF08497649B6F828A9078328A8C608BE02B60011
:209910008F000800D500C2421E4476848000C34606A6A848D40156BF08497649B6F828A9CD
:20992000800328A8C70FBE04B6008F000800D500C2421E4476848000C34606A6A848D401C0
:2099300056BF08497649B6F8BE0728A9078328A8C708B6008F000800C242D5001E44768403
:209940008000C34606A6A848D40156BF08497649B6F828A9078328A8C608BE08B6008F0036
:209950000800D500C2421E4476848000C34606A6A848D40156BF08497649B6F828A9800399
:2099600028A8C60FBE09B6008F000800D500C2421E4476848000C34606A6A848D40156BFEA
:2099700008497649B6F828A9078328A8C608BE0AB6008F000400D502C2421E447684800058
:20998000C34606A6A848D40156BF08497649B6F828A9800328A8C70FBE03B6008F00040076
:20999000D502C2421E4476848000C34606A6A848D40156BF08497649B6F828A9078328A888
:2099A000C708BE05B6008F000400D502C2421E4476848000C34606A6A848D40156BF084935
:2099B0007649B6F828A9078328A8C608BE06B6008F000400D502C2421E4476848000C34664
:2099C00006A6A848D40156BF08497649B6F88F048000A8A976499846FE8A0006FE0E1E4C3E
:2099D0001A4D80001A4D4000184DDFFF184DE00F18A90FFF9100A34EFF3718AB00FF18AA47
:2099E000FFF0CAABCBAA1E4E184EFF00020ABE001E42C54E0201D401D502C344C2467684C8
:2099F00080001E4806A656BF08497649B6F81A4D80001A4D4000184DDFFF184DE00F064C7B
:209A000018A90FFF9100A34E18AB00FFFF3718AAFFF0CAABCBAA1E4E184EFF000203BE00CE
:209A10001E42C54E0201D401D502C344C246768480001E4806A656BF08497649B6F81A4D3F
:209A200080001A4D4000184DDFFF184DE00F064C18A90FFF9100A34E18AB00FFFF3718AA0B
:209A3000FFF0CAABCBAA1E4E184EFF000205BE001E42C54E0201D401D502C344C24676847C
:209A400080001E4806A656BF08497649B6F81A4D80001A4D4000184DDFFF184DE00F064C2A
:209A500018A90FFF9100A34E18AB00FFFF3718AAFFF0CAABCBAA1E4E184EFF000206BE007B
:209A60001E42C54E0201D401D502C344C246768480001E4806A656BF08497649B6F8FE8ECA
:209A70000006FE021E427622761AFF69FE820006FE10A8508F048000A8A95CADBE0ADC8EB5
:209A8000C2425CA476499CDF5201601A8A50064E1EC48A505603084BCA4A96D48A50560374
:209A90000849CA4896DC8A5056030847CA4696E48A5056030845CA4496EC56BF084CFE90CE
:209AA0000006FE10A8508F048000A8A95CADBE03DC8EC2425CA476499CDF520160188A501F
:209AB000064E1EC48A505603084BCA4A96D48A5056030849CA4896DC8A5056030847CA46C2
:209AC00096E48A5056030845CA4496ECFE900006FE10A8508F048000A8A95CADBE05DC8EC8
:209AD000C2425CA476499CDF520160188A50064E1EC48A505603084BCA4A96D48A50560326
:209AE0000849CA4896DC8A5056030847CA4696E48A5056030845CA4496ECFE900006FE10D3
:209AF000A8508F048000A8A95CADBE06DC8EC2425CA476499CDF520160188A50064E1EC4AA
:209B00008A505603084BCA4A96D48A5056030849CA4896DC8A5056030847CA4696E48A5053
:209B100056030845CA4496ECFE900006FE1AA858CCCC8000CD597FFFFFCEFF8ECAA89659DC
:209B2000CCCC4000CD59BFFFFFCD9001FF8DCAA89659CCCC2000CD59DFFFFFCC9001FF8C7C
:209B3000CAA8965992CCCD59E00FFFC318A901FFCCA901FFFF83CAA896592901A35A06C475
:209B400018AB00FF18AAFFF0FF4718A90FFF9100FF37CAABCBAA1E5A92C4935A90FF3CA89E
:209B5000975A065A1E5656BF085492D4FFC7965392D4965292DCFFC7965192DC965092E477
:209B6000FFC7964F92E4964E92ECFFC7964D92EC964C02071E42C45602008F000800D50068
:209B7000C244768480001E4606A6A848D40156BF08497649B6F85CAD020776848000D50844
:209B8000DC931E425CA406A67649B7B0FE9A0006FE1AA858CCCC8000CD597FFFFFCEFF8E58
:209B9000CAA89659CCCC4000CD59BFFFFFCD9001FF8DCAA89659CCCC2000CD59DFFFFFCCC7
:209BA0009001FF8CCAA8965992CCCD59E00FFFC318A901FFCCA901FFFF83CAA896592901B0
:209BB000A35A06C418AB00FF18AAFFF0FF4718A90FFF9100FF37CAABCBAA1E5A92C4935ADA
:209BC00090FF3CA8975A065A1E5656BF085492D4FFC7965392D4965292DCFFC7965192DCF0
:209BD000965092E4FFC7964F92E4964E92ECFFC7964D92EC964C02081E42C45602008F0078
:209BE0000800D500C244768480001E4606A6A848D40156BF08497649B6F85CAD0208768453
:209BF0008000D508DC931E425CA406A67649B7B0FE9A0006FE1AA858CCCC8000CD597FFFE5
:209C0000FFCEFF8ECAA89659CCCC4000CD59BFFFFFCD9001FF8DCAA89659CCCC2000CD59A5
:209C1000DFFFFFCC9001FF8CCAA8965992CCCD59E00FFFC318A901FFCCA901FFFF83CAA8AF
:209C200096592901A35A06C418AB00FF18AAFFF0FF4718A90FFF9100FF37CAABCBAA1E5A93
:209C300092C4935A90FF3CA8975A065A1E5656BF085492D4FFC7965392D4965292DCFFC791
:209C4000965192DC965092E4FFC7964F92E4964E92ECFFC7964D92EC964C02091E42C45642
:209C500002008F000800D500C244768480001E4606A6A848D40156BF08497649B6F85CAD55
:209C6000020976848000D508DC931E425CA406A67649B7B0FE9A0006FE1C965BA858CD5912
:209C70007FFFCCCC8000FFCEFF8ECAA89659CCCC4000CD59BFFFFFCD9001FF8DCAA896597D
:209C8000CCCC2000CD59DFFFFFCC9001FF8CCAA8965992CCCD59E00FFFC318A901FFCCA955
:209C900001FFFF83CAA896592901A35A18AB00FF18AAFFF006C4FF4718A90FFF9100FF3791
:209CA000CAABCBAA1E5A935A92C490FF3CA8975A065A1E5656BF085492D4FFC7965392D4DB
:209CB000965292DCFFC7965192DC965092E4FFC7964F92E4964E92ECFFC7964D92EC964C3B
:209CC000020A1E42C45602008F000800D500C244768480001E4606A6A848D40156BF0849D5
:209CD0007649B6F85CAD020A76848000D508DC931E425CA406A67649B7B0FE9C0006FE0A52
:209CE000A8461E442B4AA34E92AB90FF27A9FF20012007448AA92BAA1AAA0033A9C42901F1
:209CF000FF200120074483A9CCC5800088A9FF2080000FA661F6FF20012C07448AA992C490
:209D0000964AFF20012807448AA906C41E48CC4A800088A9FF2080000FA660384E476C07B2
:209D10008A46064818A81FFF1EC46F0906488A4628AC001218A81FFF56221EC4924A900F26
:209D200088A90203C24207468AA9FF2001300744764997FF56BF0149A34E92AB90FF27A98D
:209D3000FF20012007448AA92BAA1AAA0004A9C42901FF200120074483A9CCC5800088A928
:209D4000FF2080000FA661F66F022B499249FE8A0006FE0C7D4BA8461E4402001E48A3508D
:209D500092AB90FF27A9FF20010007448AA92BAA1AAA0010A9C42901FF200100074483A9E2
:209D6000CCC5800088A9FF2080000FA661F6FF20010C07448AA90EC41E4802001E4A924BCD
:209D70005201600B8A4606C418A81FFFCA4ACB491AA8E0001E4A6F051A4AFFFF1A499FFF94
:209D800006489B00900F1E42020307468AA9FF2001100744764997E58A4692D461058F0372
:209D90000000A8486F0302001E48C44AFF20010807448AA9C2C4A3502BAA92AB90FF27A94B
:209DA000A9A9CA48CB47FF5AFF20010007448AA91AAA0084A9C4FE8C0006FE029742964141
:209DB000764998D00200764999CE761F02C52B148F00B2C2A81AA81C2B159242961692418D
:209DC00096172B18FE820006761F02C52B180006761F02C556BF01180006761F02C59218D2
:209DD0000006FE04A044A84206C41EC58A42834492D496D58A42834492DC96DD8A42834485
:209DE00092E496E58A42834492EC96EDFE8400067622FF6976499862761A761F02C5921807
:209DF0005201602B9215520A61148A1AFF6976499A78761F02C58F00B2F8A8A90F1A6005AC
:209E00008F00B2C2A81A6F0402065601001A0A1592185201601228AC000A8F00B700301798
:209E1000560100A42D169A01FF6698FC9A012D17761F02C5FF66981EFF6900067622FF699C
:209E20007649986C761A761F02C592185201602B9215520A61148A1AFF6976499AA1761FD8
:209E300002C58F00B2F8A8A90F1A60058F00B2C2A81A6F0402065601001A0A159218520166
:209E4000601228AC000A8F00B7003017560100A42D169A01FF6698FC9A012D17761F02C518
:209E5000FF66981EFF6900067622FF6976499876761A761F02C592185201602B9215520A25
:209E600061148A1AFF6976499AC8761F02C58F00B2F8A8A90F1A60058F00B2C2A81A6F0494
:209E700002065601001A0A1592185201601228AC000A8F00B7003017560100A42D169A0187
:209E8000FF6698FC9A012D17761F02C5FF66981EFF6900067622FF6976499880761A761F09
:209E900002C592185201602B9215520A61148A1AFF6976499AEF761F02C58F00B2F8A8A9B1
:209EA0000F1A60058F00B2C2A81A6F0402065601001A0A1592185201601228AC000A8F0068
:209EB000B7003017560100A42D169A01FF6698FC9A012D17761F02C5FF66981EFF690006FE
:209EC0007622FF697649988A761A761F02C52B14FF690006FE02A842761F02C592156003B8
:209ED0009A006F163B108A1C8342FF6976499DD10B158F00B2F8A8A90F1C60058F00B2C2CB
:209EE000A81C6F0402065601001C29109A01FE82FF690006FE02A842761F02C556BF01187A
:209EF00092185201600376499B16FE820006FE02A842761F02C592185201600376499B8874
:209F0000FE820006FE02A842761F02C592185201600376499BFAFE820006FE049643A84276
:209F100076499C6CFE840006FE042B433B10761F0284062A1E2C02001E2A761F027F923F61
:209F2000761F02809600761F027F2B3F29105200650D3B01761F02808500FF69761F02849C
:209F30001E42062C00C9EF9296439243FF69FE840006FE042B433B10761F028406321E3437
:209F400002001E32761F02809209960A2B0929105200650B3B01850A761F0284FF691E4280
:209F5000063400C9EF9296439243FF69FE840006FE042B433B10761F028406061E080200C5
:209F60001E06761F027F920796082B0729105200650B3B018508761F0284FF691E42060889
:209F700000C9EF9296439243FF69FE840006FE042B433B10761F0284061E1E2002001E1E73
:209F8000761F027F922F96302B2F29105200650B3B018530761F0284FF691E42062000C90C
:209F9000EF9296439243FF69FE840006FE042B433B10761F028406221E2402001E22761F7B
:209FA000027F923196322B3129105200650B3B018532761F0284FF691E42062400C9EF92F4
:209FB00096439243FF69FE840006FE042B433B10761F028306261E2802001E26761F027E51
:209FC000922096212B2029105200650B3B018521761F0283FF691E42062800C9EF929643BD
:209FD0009243FF69FE840006FE042B433B10761F0283062E1E3002001E2E761F027E922A36
:209FE000962B2B2A29105200650B3B01852B761F0283FF691E42063000C9EF929643924354
:209FF000FF69FE840006FE042B433B10761F0283063E761F02841E00761F028302001E3E97
:20A00000761F027E923D963E2B3D29105200650B3B01853E761F0284FF691E42060000C974
:20A01000EF9296439243FF69FE840006FE042B433B10761F028306361E3802001E36761FBF
:20A02000027E923396342B3329105200650B3B018534761F0283FF691E42063800C9EF9259
:20A0300096439243FF69FE840006FE042B433B10761F028206361E38761F027D92179618A1
:20A04000761F028202001E36761F027D2B1729109218650B3B018518761F0282FF691E422E
:20A05000063800C9EF9296439243FF69FE840006FE042B433B10761F028206321E34761FD7
:20A06000027D92109611761F028202001E32761F027D2B1029109211650B3B018511761FAB
:20A070000282FF691E42063400C9EF9296439243FF69FE840006FE042B43761F027E921F2C
:20A08000650C3B01851F761F02831E42062400C9EF927649D32496439243FE840006FE0493
:20A090002B43761F027E923C650C3B01853C761F02831E42063C00C9EF927649D32496435C
:20A0A0009243FE840006FE042B43761F027F9206650C3B018506761F02841E42060400C99F
:20A0B000EF927649D32496439243FE840006FE042B43761F027F923E650C3B01853E761FC8
:20A0C00002841E42062800C9EF927649D32496439243FE840006FE042B43761F027F92110D
:20A0D000650C3B018511761F02841E42060C00C9EF927649D32496439243FE840006FE0468
:20A0E0002B43761F027D922E650D3B01852E1E42922E761F0283FFA085A9070400C9EF9261
:20A0F00096439243FE840006FE042B43761F027D9235650D3B0185351E429235761F028326
:20A10000FFA085A9070800C9EF9296439243FE840006FE042B43761F027D921F650D3B0100
:20A11000851F1E42921F761F0282FFA085A9073C00C9EF9296439243FE840006FE042B4361
:20A12000761F027D9226650D3B0185261E429226761F0283FFA085A9070000C9EF929643D1
:20A130009243FE840006FE042B43761F02809208650C3B018508761F02841E42063000C9DD
:20A14000EF927649D32496439243FE840006FE042B43761F027F922E650C3B01852E761F57
:20A1500002841E42061C00C9EF927649D32496439243FE840006FE042B43761F027E922971
:20A16000650C3B018529761F02831E42062C00C9EF927649D32496439243FE840006FE04A0
:20A170002B43761F027E9232650C3B018532761F02831E42063400C9EF927649D324964397
:20A180009243FE840006FE042B43761F027F9218650C3B018518761F02841E42061000C98E
:20A19000EF927649D32496439243FE840006FE042B43761F027D923C650D3B01853C1E4221
:20A1A000923C761F0283FFA085A9070C00C9EF9296439243FE840006FE042B43761F027ED2
:20A1B0009205650D3B0185051E429205761F0283FFA085A9071000C9EF9296439243FE8451
:20A1C0000006FE042B43761F027E9209650D3B0185091E429209761F0283FFA085A907161E
:20A1D00000C9EF9296439243FE840006FE042B43761F027E920B650D3B01850B1E42920B92
:20A1E000761F0283FFA085A9071C00C9EF9296439243FE840006FE042B43761F027E9212AC
:20A1F000650D3B0185121E429212761F0283FFA085A9072000C9EF9296439243FE84000678
:20A20000FE042B43761F027F921E650D3B01851E1E42921E761F0284FFA085A9071400C9DB
:20A21000EF9296439243FE840006FE042B43761F027F9226650D3B0185261E429226761F33
:20A220000284FFA085A9071800C9EF9296439243FE840006FE042B43761F027D9211650D93
:20A230003B0185111E429211761F0282FFA085A9073400C9EF9296439243FE840006FE0694
:20A24000A8442B453B10834406D41EF58A44020807441EA792E496C78A4402001ED48A4458
:20A250002BE42910020807448AA992C4650D020807448AA93B0185C41E428A44FF6906F4B9
:20A2600000C9EF9296459245FF69FE860006FE042B433B10761F0285060C1E0E761F0280C4
:20A2700092249625761F028502001E0C761F02802B2429109225650B3B018525761F02854D
:20A28000FF691E42060E00C9EF9296439243FF69FE840006761F0280920C0006761F028028
:20A2900092110006761F0280921D0006761F028092220006761F028188202901FF20FDE87A
:20A2A0000FA6630A28A9FFFF9E20761F0285963156BF01306F069220761F028596312B3061
:20A2B0008F00A1700006761F028188212901FF20FDE80FA6630A28A9FFFF9E21761F02852D
:20A2C000963356BF01326F069221761F028596332B328F00A1720006761F0281882229016F
:20A2D000FF20FDE80FA6630A28A9FFFF9E22761F0285963556BF01346F069222761F028543
:20A2E00096352B348F00A1740006761F0280920F0006761F028092140006761F0280921C44
:20A2F0000006761F02E092040006FE0296413B10761F02E0924196042910FF69FE82000608
:20A30000761F028092010006FE0296413B10761F028096012910FF69FE820006761F02807F
:20A31000920B0006FE0296413B10761F0280960B2910FF69FE820006761F027F92090006D2
:20A32000FE0296413B10761F027F96092910FF69FE820006761F027F92330006FE02964167
:20A330003B10761F027F96332910FF69FE820006761F027F92340006FE0296413B10761F23
:20A34000027F96342910FF69FE820006761F027E92220006FE0296413B10761F027E9622CD
:20A350002910FF69FE820006761F027E922C0006FE0296413B10761F027E962C2910FF6953
:20A36000FE820006761F027E923F0006FE0296413B10761F027E963F2910FF69FE82000638
:20A37000761F027E92350006FE0296413B10761F027E96352910FF69FE820006761F027FAC
:20A38000921F0006FE0296413B10761F027F961F2910FF69FE820006761F027F922700061D
:20A39000FE0296413B10761F027F96272910FF69FE820006761F027E92130006FE029641FA
:20A3A0003B10761F027E96132910FF69FE820006761F027D923D0006FE0296413B10761FCD
:20A3B000027D963D2910FF69FE820006761F027E92060006FE0296413B10761F027E96068E
:20A3C0002910FF69FE820006FE0402001E443B10761F028506121E1002001E12761F0280FA
:20A3D000922796262B2729105200610A0E26761F02851E42FF69061000C9EF921E44026470
:20A3E0001E42FF69064400C9EF921E44FE840006FE0402001E443B10761F028506161E14FC
:20A3F00002001E16761F0280922996282B2929105200610A0E28761F02851E42FF69061409
:20A4000000C9EF921E4402641E42FF69064400C9EF921E44FE840006FE0402001E443B1033
:20A41000761F0285061A1E1802001E1A761F0280922B962A2B2B29105200610A0E2A761FD3
:20A4200002851E42FF69061800C9EF921E4402641E42FF69064400C9EF921E44064463032F
:20A4300002001E440644FE840006FE0402001E443B10761F0285061E1E1C02001E1E761FD8
:20A440000280922D962C2B2D29105200610A0E2C761F02851E42FF69061C00C9EF921E44BF
:20A4500002641E42FF69064400C9EF921E44FE840006FE0402001E443B10761F028506224B
:20A460001E2002001E22761F0280922F962E2B2F29105200610A0E2E761F02851E42FF6950
:20A47000062000C9EF921E4402641E42FF69064400C9EF921E44FE840006FE0402001E44E8
:20A480003B10761F028506261E2402001E26761F0280923196302B3129105200610A0E3071
:20A49000761F02851E42FF69062400C9EF921E4402641E42FF69064400C9EF921E44FE844C
:20A4A0000006761F0280921B0006761F0280923E0006761F0280923F0006761F027E921B2F
:20A4B0000006761F02ADE2AF003CE68C000077007700BFA90F120006761F027E921A0006BF
:20A4C000761F027F92010006761F027E92380006761F027E92370006761F027F9202000654
:20A4D000761F027D920D0006761F027D920B0006761F027D92140006761F027D921200067E
:20A4E000761F027F923A0006761F027F92390006761F027D922A0006761F027D92280006E3
:20A4F000761F027D92310006761F027D922F0006761F027D921B0006761F027D9219000608
:20A50000761F027D92200006761F027D92270006761F027D92220006761F027E921500060C
:20A51000761F027F922A0006761F027F92290006761F028092060006761F02809204000614
:20A52000761F02ADE2AF003EE68C000077007700BFA90F120006761F028092030006761FD2
:20A53000028292040006761F028292050006761F027E92250006761F027E92240006761FFD
:20A54000027E922E0006761F027E922D0006761F0281560308130006761F028156030814BC
:20A550000006761F0281560308240006761F0281560308250006761F028092179416FFA095
:20A560000006761F028092199418FFA00006761F027D92380006761F027D92360006761F67
:20A57000027E92010006761F027D923F0006761F027E920E0006761F027E920C0006761FBE
:20A58000027F92190006761F027F92210006761F0285E2AF0038E68C000077007700BFA90D
:20A590000F120006761F0285E2AF003AE68C000077007700BFA90F120006761F02809210F5
:20A5A0000006761F028092150006761BFFF0E20000BDE63006002942561676256F00761B24
:20A5B000FFF0E20000BDE63006002942561676256F00761BFFF0E20000BDE630060029425A
:20A5C000561676256F00761BFFF0E20000BDE63006002942561676256F00761BFFF0E20087
:20A5D00000BDE63006002942561676256F00761BFFF0E20000BDE630060029425616762504
:20A5E0006F00761BFFF0E20000BDE63006002942561676256F00761BFFF0E20000BDE6309B
:20A5F00006002942561676256F00761BFFF0E20000BDE63006002942561676256F00761BB7
:20A60000FFF0E20000BDE63006002942561676256F00761BFFF0E20000BDE6300600294209
:20A61000561676256F00761BFFF0E20000BDE63006002942561676256F00761BFFF0E20036
:20A6200000BDE63006002942561676256F00761BFFF0E20000BDE6300600294256167625B3
:20A630006F00761BFFF0E20000BDE63006002942561676256F00761BFFF0E20000BDE6304A
:20A6400006002942561676256F00761BFFF0E20000BDE63006002942561676256F00761B66
:20A65000FFF0E20000BDE63006002942561676256F00761BFFF0E20000BDE63006002942B9
:20A66000561676256F00761BFFF0E20000BDE63006002942561676256F00761BFFF0E200E6
:20A6700000BDE63006002942561676256F00761BFFF0E20000BDE630060029425616762563
:20A680006F00761BFFF0E20000BDE63006002942561676256F00761BFFF0E20000BDE630FA
:20A6900006002942561676256F00761BFFF0E20000BDE63006002942561676256F00761B16
:20A6A000FFF0E20000BDE63006002942561676256F00761BFFF0E20000BDE6300600294269
:20A6B000561676256F00761BFFF0E20000BDE63006002942561676256F00761BFFF0E20096
:20A6C00000BDE63006002942561676256F00761BFFF0E20000BDE630060029425616762513
:20A6D0006F00761BFFF0E20000BDE63006002942561676256F00761BFFF0E20000BDE630AA
:20A6E00006002942561676256F00761BFFF0E20000BDE63006002942561676256F00761BC6
:20A6F000FFF0E20000BDE63006002942561676256F00761BFFF0E20000BDE6300600294219
:20A70000561676256F00761BFFF0E20000BDE63006002942561676256F00761BFFF0E20045
:20A7100000BDE63006002942561676256F00761BFFF0E20000BDE6300600294256167625C2
:20A720006F00761BFFF0E20000BDE63006002942561676256F00761BFFF0E20000BDE63059
:20A7300006002942561676256F00761BFFF0E20000BDE63006002942561676256F00761B75
:20A74000FFF0E20000BDE63006002942561676256F00761BFFF0E20000BDE63006002942C8
:20A75000561676256F00761BFFF0E20000BDE63006002942561676256F00761BFFF0E200F5
:20A7600000BDE63006002942561676256F00761BFFF0E20000BDE630060029425616762572
:20A770006F00761BFFF0E20000BDE63006002942561676256F00761BFFF0E20000BDE63009
:20A7800006002942561676256F00761BFFF0E20000BDE63006002942561676256F00761B25
:20A79000FFF0E20000BDE63006002942561676256F00761BFFF0E20000BDE6300600294278
:20A7A000561676256F00761BFFF0E20000BDE63006002942561676256F00761BFFF0E200A5
:20A7B00000BDE63006002942561676256F00761BFFF0E20000BDE630060029425616762522
:20A7C0006F00761BFFF0E20000BDE63006002942561676256F00761BFFF0E20000BDE630B9
:20A7D00006002942561676256F00761BFFF0E20000BDE63006002942561676256F00761BD5
:20A7E000FFF0E20000BDE63006002942561676256F00761BFFF0E20000BDE6300600294228
:20A7F000561676256F00761BFFF0E20000BDE63006002942561676256F00761BFFF0E20055
:20A8000000BDE63006002942561676256F00761BFFF0E20000BDE6300600294256167625D1
:20A810006F00761BFFF0E20000BDE63006002942561676256F00761BFFF0E20000BDE63068
:20A8200006002942561676256F00761BFFF0E20000BDE63006002942561676256F00761B84
:20A83000FFF0E20000BDE63006002942561676256F00761BFFF0E20000BDE63006002942D7
:20A84000561676256F00761BFFF0E20000BDE63006002942561676256F00761BFFF0E20004
:20A8500000BDE63006002942561676256F00761BFFF0E20000BDE630060029425616762581
:20A860006F00761BFFF0E20000BDE63006002942561676256F00761BFFF0E20000BDE63018
:20A8700006002942561676256F00761BFFF0E20000BDE63006002942561676256F00761B34
:20A88000FFF0E20000BDE63006002942561676256F00761BFFF0E20000BDE6300600294287
:20A89000561676256F00761BFFF0E20000BDE63006002942561676256F00761BFFF0E200B4
:20A8A00000BDE63006002942561676256F00761BFFF0E20000BDE630060029425616762531
:20A8B0006F00761BFFF0E20000BDE63006002942561676256F00761BFFF0E20000BDE630C8
:20A8C00006002942561676256F00761BFFF0E20000BDE63006002942561676256F00761BE4
:20A8D000FFF0E20000BDE63006002942561676256F00761BFFF0E20000BDE6300600294237
:20A8E000561676256F00761BFFF0E20000BDE63006002942561676256F00761BFFF0E20064
:20A8F00000BDE63006002942561676256F00761BFFF0E20000BDE6300600294256167625E1
:20A900006F00761BFFF0E20000BDE63006002942561676256F00761BFFF0E20000BDE63077
:20A9100006002942561676256F00761BFFF0E20000BDE63006002942561676256F00761B93
:20A92000FFF0E20000BDE63006002942561676256F00761BFFF0E20000BDE63006002942E6
:20A93000561676256F00761BFFF0E20000BDE63006002942561676256F00761BFFF0E20013
:20A9400000BDE63006002942561676256F00761BFFF0E20000BDE630060029425616762590
:20A950006F00761BFFF0E20000BDE63006002942561676256F00761BFFF0E20000BDE63027
:20A9600006002942561676256F00761BFFF0E20000BDE63006002942561676256F00761B43
:20A97000FFF0E20000BDE63006002942561676256F00761BFFF0E20000BDE6300600294296
:20A98000561676256F00761BFFF0E20000BDE63006002942561676256F00761BFFF0E200C3
:20A9900000BDE63006002942561676256F00761BFFF0E20000BDE630060029425616762540
:20A9A0006F00761BFFF0E20000BDE63006002942561676256F00761BFFF0E20000BDE630D7
:20A9B00006002942561676256F00761BFFF0E20000BDE63006002942561676256F00761BF3
:20A9C000FFF0E20000BDE63006002942561676256F00761BFFF0E20000BDE6300600294246
:20A9D000561676256F00761BFFF0E20000BDE63006002942561676256F00761BFFF0E20073
:20A9E00000BDE63006002942561676256F00761BFFF0E20000BDE6300600294256167625F0
:20A9F0006F00761BFFF0E20000BDE63006002942561676256F00761BFFF0E20000BDE63087
:20AA000006002942561676256F00761BFFF0E20000BDE63006002942561676256F00761BA2
:20AA1000FFF0E20000BDE63006002942561676256F00761BFFF0E20000BDE63006002942F5
:20AA2000561676256F00761BFFF0E20000BDE63006002942561676256F00761BFFF0E20022
:20AA300000BDE63006002942561676256F00761BFFF0E20000BDE63006002942561676259F
:20AA40006F00761BFFF0E20000BDE63006002942561676256F00761BFFF0E20000BDE63036
:20AA500006002942561676256F00761BFFF0E20000BDE63006002942561676256F00761B52
:20AA6000FFF0E20000BDE63006002942561676256F00761BFFF0E20000BDE63006002942A5
:20AA7000561676256F00761BFFF0E20000BDE63006002942561676256F00761BFFF0E200D2
:20AA800000BDE63006002942561676256F00761BFFF0E20000BDE63006002942561676254F
:20AA90006F00761BFFF0E20000BDE63006002942561676256F00761BFFF0E20000BDE630E6
:20AAA00006002942561676256F00761BFFF0E20000BDE63006002942561676256F00761B02
:20AAB000FFF0E20000BDE63006002942561676256F00761BFFF0E20000BDE6300600294255
:20AAC000561676256F00761BFFF0E20000BDE63006002942561676256F00761BFFF0E20082
:20AAD00000BDE63006002942561676256F00761BFFF0E20000BDE6300600294256167625FF
:20AAE0006F00761BFFF0E20000BDE63006002942561676256F00761BFFF0E20000BDE63096
:20AAF00006002942561676256F00761BFFF0E20000BDE63006002942561676256F00761BB2
:20AB0000FFF0E20000BDE63006002942561676256F00761BFFF0E20000BDE6300600294204
:20AB1000561676256F00761BFFF0E20000BDE630060029425616E28000BEFFF17617760288
:20AB2000761BFFF0E20000BDE63006002942561676256F00764921B152006008761F02E136
:20AB3000280C0384280E03E86F07761F02E1280C06A4280E07080006764921B152006008C7
:20AB4000761F02E1280C0384280E03E86F07761F02E1280C06A4280E0708280B0A8C280D92
:20AB50000A28280F1964281011942811189C2812125C28131518281411F8281514E628166B
:20AB6000122A282509E2282609B0761F02E21A0000011800FFFD1800FFF71800FFEF180086
:20AB7000FFDF1A0000401800FF7F1800FEFF1800FDFF1A0004001800F7FF1800EFFF180084
:20AB8000DFFF1A000004761F02E12B282B202B1C2B192B0A2B1A281BFFFF2B212B222B2376
:20AB90000006FE029641761F02E129012D413617FF4A9619FE820006FE029641761F02E19E
:20ABA0003B0192199E0A85A9FF56544169049219960A6F062D0A35039419FFC1960AFE82C5
:20ABB0000006FE029641761F02E129012D413618FF4A961DFE820006FE029641761F02E179
:20ABC0003B01921D9E1E85A9FF5654416904921D961E6F062D1E3503941DFFC1961EFE8249
:20ABD0000006B2BDFE029642761F02E240006C1C764926C159A9764926CCD9E493A99A6487
:20ABE000761F02E194A88F00B86B93425DA99741921993A17649D3715201601C761F02E212
:20ABF0001800FFFE6F17764926C159A9764926CC761F02E15DA988428F00B86B93A1921978
:20AC00007E417649D35952016005761F02E21A000001764926C1761F02E15419670B0A2C0B
:20AC1000922C520568172B2C761F02E21A0001006F11764926C1761F02E19C9C5419690AEF
:20AC20000A2D922D520568062B2D761F02E21800FEFF764926CC761F02E15419690E0A2E2E
:20AC3000922E5205681B2B2E1B1901F46917761F02E21A0000106F12764926CC9B64761FFF
:20AC400002E195A95519670A0A2F922F520568062B2F761F02E21800FFEFFE828BBE00068D
:20AC5000FE029641761F02E1921F601092195D418F00B87028A8012C7649D39E5201601381
:20AC6000761F02E156BF011F6F0E92195D418F00B87128A8014A7649D38952016004761F27
:20AC700002E12B1FFE820006FE0297429641761F02E188420E210141FF560FA66504924168
:20AC800096216F060E413B010D21FF409621FE820006FE0496435200610F28A9E10028A834
:20AC900005F58843761F02E1FF5A0200F61F561700A63F226F04761F02E12B22FE840006C3
:20ACA000FE029641761F02E13B0192239E2285A9FF5654416904922296236F062D233503A5
:20ACB0009422FFC19623FE820006FE029642761F02E246006C12761F02E196418F00B872B2
:20ACC0005D12931192227649D37152016016761F02E21800FFBF6F11761F02E196418F0034
:20ACD000B8725D10930F92227649D35952016005761F02E21A000040761F02E1920F542272
:20ACE000670E0A339233520568162B331B0A01F46912761F02E21A0040006F0D92115422AD
:20ACF000690A0A349234520568062B34761F02E21800BFFF761F02E192105422690E0A3514
:20AD00009235520568162B351B0A01F46912761F02E21A0080006F0D92125422670A0A3648
:20AD10009236520568062B36761F02E218007FFFFE820006FE029642761F02E247006C128A
:20AD2000761F02E196418F00B8685D16931592227649D37152016016761F02E21800FF7F6B
:20AD30006F11761F02E196418F00B8685D14931392227649D35952016005761F02E21A0084
:20AD40000080FE820006FE029641761F02E10A2754276715761F02E21A0004001A000001C4
:20AD50001A0000401A0000801800FDFF761F02E12B282B192B0A2B232B212B27FE82000625
:20AD6000761F02E12B270006761F02E1921A541967039219961A921B541969039219961BCB
:20AD70000006761F02E240006D0A4C006D083B10761F02E1181CFFFE29106F073B10761F49
:20AD800002E11A1C00012910761F02E24B006D083B10761F02E1181CFEFF29106F073B1039
:20AD9000761F02E11A1C01002910761F02E240006D034C006C083B10761F02E11A200001D4
:20ADA00029106F073B10761F02E11820FFFE2910761F02E24B006C083B10761F02E11A207E
:20ADB000010029106F073B10761F02E11820FEFF2910761F02E246006D0A3B10761F02E1A9
:20ADC000181CFFFD1820FFFD29106F093B10761F02E11A1C00021A2000022910761F02E275
:20ADD00043006D083B10761F02E1181CFFFB29106F073B10761F02E11A1C00042910761F40
:20ADE00002E240006D1446006D1243006D104B006D0E49006D0C4C006D0A42006D083B10DC
:20ADF000761F02E1181CFFF729106F3F3B10761F02E11A1C00082910761F02E240006C0556
:20AE0000761F02E11A2A0001761F02E246006C05761F02E11A2A0002761F02E243006C055A
:20AE1000761F02E11A2A0004761F02E24B006C05761F02E11A2A0008761F02E249006C0536
:20AE2000761F02E11A2A0010761F02E24C006C05761F02E11A2A0020761F02E242006C0508
:20AE3000761F02E11A2A0040761F02E1431C6D0C761F02E243006D083B10761F02E118208A
:20AE4000FFF729106F133B10761F02E11A2000082910431C6C031A2A0080761F02E24300B5
:20AE50006C05761F02E11A2A0100761F02E247006C083B10761F02E11A20008029106F0754
:20AE60003B10761F02E11820FF7F2910FF690006B2BDFE0296412B427649B48759A9764944
:20AE7000AF4F3B019EA185A9FF569642761F02C69200520460187648F0C452006014924225
:20AE800052C865119241761F02E15437670A2B379A2C764997B79A019B017649EE276F0626
:20AE90000A376F04761F02E12B37FE828BBE0006FE0296417649AFD1520060347649AFD605
:20AEA000520060307649AFCB5200602C761F02E2CC002000FFCC6013761F02E292125D413B
:20AEB0008F00B87A761F02E293177649D39E5201601C761F02E21A0020006F17761F02E2ED
:20AEC00093175D41761F02E28F00B87A9D6492127649D38952016009761F02E21800DFFF05
:20AED0006F04761F02E12B3A761F02E11B3805DC674D0A38761F02E2CC000200FFC8601BE7
:20AEE000761F02E292125D418F00B879761F02E293177649D39E52016027761F02E21A0017
:20AEF00002009A019B037649EE27761F02E11A2A00026F1A761F02E293175D41761F02E2B2
:20AF00008F00B8799D6492127649D3895201600C76499780BE409B0090400FA66105761F03
:20AF100002E21800FDFF761F02C6920052036012761F02C79200600E761F02E249006D0ADC
:20AF2000761F02E1283805DC6F05761F02E21800FDFFFE820006761F02E2CC000200FFC8C3
:20AF30000006FE021E42761F02E1FF68A33C3B01A9A910AC0742FF411E3CFF69FE820006C2
:20AF4000FE0296410264761F02E11EA62D41371D0200F61F561700A6A93EFE820006761F8A
:20AF500002E192190006761F02E1920A0006761F02E1921D0006761F02E1921E0006761F43
:20AF600002E192210006761F02E192220006761F02E1922300063B10761F02E1401C6C0441
:20AF700029109A016F0329109A00FF6900063B10761F02E140206C0429109A016F03291028
:20AF80009A00FF6900063B10761F02E1411C6C0429109A016F0329109A00FF6900063B1047
:20AF9000761F02E141206C0429109A016F0329109A00FF6900063B10761F02E1431C6C043F
:20AFA00029109A016F0329109A00FF6900063B10761F02E143206C0429109A016F032910F5
:20AFB0009A00FF6900063B10761F02E143206C0429109A016F0329109A00FF6900063B1011
:20AFC000761F02E1421C6C0429109A016F0329109A00FF690006761F02E2CC000008FFC296
:20AFD0000006761F02E2CC0000010006761F02E2CC000040FFC50006761F02E1922A000686
:20AFE000761F02E1063C0006761F02E1063E0006FE0296413B10761F02E1960B2910FF69F3
:20AFF000FE820006FE0296413B10761F02E1960C2910FF69FE820006FE0296413B10761FA1
:20B0000002E1960D2910FF69FE820006FE0296413B10761F02E1960E2910FF69FE8200061E
:20B01000FE0296413B10761F02E1960F2910FF69FE820006FE0296413B10761F02E196107A
:20B020002910FF69FE820006FE0296413B10761F02E196112910FF69FE820006FE029641AA
:20B030003B10761F02E196122910FF69FE820006FE0296413B10761F02E196132910FF698A
:20B04000FE820006FE0296413B10761F02E196142910FF69FE820006FE0296413B10761F48
:20B0500002E196152910FF69FE820006FE0296413B10761F02E196162910FF69FE820006BE
:20B06000FE0296413B10761F02E196172910FF69FE820006FE029641761F02E29001CD00B4
:20B07000FFF7FF82CAA89600FE820006FE029641761F02E29001CD00FFFECAA89600FE8288
:20B080000006761F02E028090800280B01F456BF640C7649219B9BC8761F02E095A9970023
:20B0900028010640280F08FC7649219F52006008761F02E028104E2028144E206F07761FEB
:20B0A00002E02810411A2814411A28113C18281261A8280A0800281329401805FFFE18059F
:20B0B000FFFD1805FFFB1805FFF71805FFEF2B032B072B1A2B1E281FFFFF2B202B222B2336
:20B0C0002B212B2B2B2C2B2D2B2E2B2F2B302B312B322B332B342B352B362B372B388F0086
:20B0D0002940761F02E1A8060606FF541E080006FE029641761F02E029012D413609FF4AD8
:20B0E0009607FE820006FE029641761F02E029012D41360AFF4A9617FE820006FE029641B4
:20B0F000761F02E03B0192079E1A85A9FF56544169049207961A6F062D1A35039407FFC11F
:20B10000961AFE820006FE047C4397429641761F02E092419E0796445264640456BF6444E4
:20B110006F091BA9FF9C62062844FF9C923B65022B3B9244522863111BA9FFD8650E761FD8
:20B1200002BA920652026109761F02BB921060052B44761F02E02B3B761F02E02D3D334301
:20B130002D4412429EAB963AFFA0723B1B3B17706504283B17706F061B3BF0606303283BC1
:20B14000F060761F01FC921090015201600976496592761F02E0930895A997036F06761F74
:20B1500002E0923B94089603761F02BB9210610A761F02E0923B764966B99A049B0D764975
:20B16000EE279244761F02E0963D9B0128A942687649B16CFE840006FE0297429641761FDA
:20B1700002E05403670396036F059242540369029603FE820006FE067D4597449643A842F6
:20B1800092CC9646924454436609761F02E01805FFFE92439E4496296F0954436907761F7E
:20B1900002E01A0500019E43962992C461089246761F02E0962A1A0500026F279243FFC0E4
:20B1A00054466808761F02E01805FFFD9246962A6F1C761F02E01A0500029246544366095C
:20B1B0005444670592439E46962A6F0F2B2A6F0D9244544669049E46962A6F072B2A92468F
:20B1C0009E4396291A050001761F02BA92065202600456BF0C456F0356BF1245764921B139
:20B1D0005200600D761F02BA9206520260083B10761F02E01A05000429106F15761F02E0E2
:20B1E0009226542A68099227542968063B101A05000429106F089225542A67053B101805DD
:20B1F000FFFB291040056C0B41056C04924572146F0F9245FF697649B20A6F0A41056C06D4
:20B200009245FF697649B20A6F0392457414FE86FF690006FE08964702001E421E441E46A6
:20B21000761F02E088290E2901471EAC566500A688472901A9A75603022987A6566500A9EE
:20B22000A9A907A71EA6560301472DA9334706A60DAB1E420E298829804701471EAC566519
:20B2300000A6A9A65603012987A7566500A9565700A6A944560301472DA9362A1E46410533
:20B240006C0D06420F466604924772146F1206440F46690F924774146F0C06420F46660494
:20B25000924774146F0606440F46690392477214FE880006FE0297429641761F02E0924217
:20B2600054146609924194425414660C9241944296146F08924194145442660492429E417C
:20B270009614FE820006FE0697449643761F02E092129C645414670592129C6496146F0822
:20B2800092119C9C5414690492119C9C96142D143743A9A9FF321EA68F000A2CA9A9FF3031
:20B2900007A6FF5A0200F61F561700A4020A1EA6A9A90905FF5A0200F61F561700A63F3C42
:20B2A0008844364387A6883C566500A90200F61F561700A6A94288440200F61F561700A6E9
:20B2B0003F452D44924233459EAB96463B10923C761F02819635761F02E09B03FF69923CD1
:20B2C00000C9F06E761F02819637761F02E05603013C9B0300C9F06E761F02819636761F17
:20B2D00002E0923C761F0281FFC09638761F02E0923C761F0281FFC19639761F02E02D3C3D
:20B2E000761F02813503FFC1963A761F02E0923C761F0281FFC29CFF963D761F02A9923CD4
:20B2F000761F0281543D6702963D9245761F02E096219246962229109221FF69FE860006E6
:20B30000FE029641761F02E09222722392415423660474239A016F029A00FE820006FE041D
:20B3100096435200610F28A9E10028A805F58843761F02E0FF5A0200F61F561700A63F20E2
:20B320006F04761F02E02B20FE840006FE029641761F02E0723E0A3F923F520868192B3FF3
:20B33000923EFFA29642522364030B1D6F051BA9FFDD62020A1D921D5280650456BF801D75
:20B340006F061B1DFF806303281DFF802B3EFE820006FE0296417648F5D55201601A761FE7
:20B3500002C6920052036015761F02D692316011761F02E092015407690C761F02E10A00BC
:20B360009200544168042B009A016F079A006F05761F02E12B009A00FE820006FE02964156
:20B37000761F02C692005203610852026016761F02C6920252076011761F02E09200540727
:20B38000670C761F02E10A019201544168042B019A016F079A006F05761F02E12B019A009A
:20B39000FE820006FE0297429641761F02C69200520361085202601C761F02C692025207A0
:20B3A0006017761F02E0920B54076912920C5441670F1A050008761F02E10A0292025442AE
:20B3B0006805924296029A016F0B9A006F09761F02E12B02761F02E01805FFF79A00FE8234
:20B3C0000006FE047D447C439742964176491F5252006106761F02C6920052036106761F0C
:20B3D00002E12B039A006F311B41EC78630A761F02E043056D06761F02E12B039A016F25DE
:20B3E00092425441650E761F02E043056D0A761F02E10A039203520169172B039A016F1501
:20B3F00092435441650E761F02E043056D0A761F02E10A039244540367072B039A016F05CD
:20B40000761F02E12B039A00FE840006FE029641761F02E00A39543967082B202B072B1817
:20B410002B1A2B399A016F029A00FE820006761F02E02B390006FE0297429641761F0252CD
:20B4200092345208610D520D610B52126109761F02E12B04761F02E01805FFEF6F22761F96
:20B4300002E044056C1092075D428F00B84428A809C47649D39E52016014761F02E018056A
:20B44000FFEF6F0F92075D418F00B84428A809F67649D38952016005761F02E01A05001076
:20B45000FE820006FE027649B4AF761F02E0541467187649B4AF761F02E093149FA9974176
:20B460009241520869049A0874146F1F7649B4AF761F02E096143B101A05000429106F150C
:20B470007649B4AF761F02E09E14964152086904081400086F0A7649B4AF761F02E09614F3
:20B480003B101A0500042910FE82FF690006761F02E092070006761F02E0921A0006761F43
:20B4900002E0920300063B10761F02E042056C0429109A016F0329109A00FF690006761F8A
:20B4A00002E092200006761F02E092210006761F02E092290006761F02E0922A0006761FBC
:20B4B00002E092100006761F02E092120006761F02E092110006761F02E0920F0006761FFE
:20B4C00002E092000006761F02E092010006761F02E092140006761F02E0921B0006761F00
:20B4D00002E0921C0006761F02E0921D0006761F02E106060006761F02E106080006761FEF
:20B4E00002E0921E0006761F02E092130006761F02E092170006761F02E092150006761FB3
:20B4F00002E092160006761F02E0920B0006761F02E0920C0006761F02E0CC050010FFC35D
:20B500000006761F02E0923B0006FE0296413B10761F02E096032910FF69FE820006FE0282
:20B510009641761F02E09608FE820006FE0296413B10761F02E096092910FF69FE8200064A
:20B52000FE0296413B10761F02E0960F2910FF69FE820006FE0296413B10761F02E0960077
:20B530002910FF69FE820006FE0296413B10761F02E096012910FF69FE820006FE029641A6
:20B540003B10761F02E0960B2910FF69FE820006FE0296413B10761F02E0960D2910FF6984
:20B55000FE820006FE0296413B10761F02E0960C2910FF69FE820006FE0296413B10761F3C
:20B5600002E0960E2910FF69FE820006FE0296413B10761F02E096102910FF69FE820006B8
:20B57000FE0296413B10761F02E096142910FF69FE820006FE0296413B10761F02E0961210
:20B580002910FF69FE820006FE0296413B10761F02E096112910FF69FE820006FE02964146
:20B590003B10761F02E096242910FF69FE820006FE0296413B10761F02E096252910FF6903
:20B5A000FE820006FE0296413B10761F02E096262910FF69FE820006FE0296413B10761FD2
:20B5B00002E096272910FF69FE820006FE081E44A8421E4802001E46064C0F46691006462B
:20B5C00007428AA9834892C43CC5020107481E48020107461E46064C0F4666F2FE880006D6
:20B5D000FE081E44A8421E4802001E46064C0F46691729010646FF4007428AA9924690017C
:20B5E00093C48A48FF822DA9FF633DC4020107481E48020107461E46064C0F4666ECFE887D
:20B5F0000006FE081E44A8421E4802001E46064C0F46691B29010646FF41FF3007428AA98B
:20B600009246C4C49003FF822DA906A656221EA68A4892A63CC4020107481E4802010746E6
:20B610001E46064C0F4666E8FE880006FE081E44A8421E4802001E46064C0F4669118A4824
:20B62000C6C488A9064607428AA97EC4020107481E48020107461E46064C0F4666F1FE8855
:20B630000006FE021E42024007428AA956BF1AC4024007428AA992C4903F522560FAFE82AF
:20B640000006FE021E428A421AC4140106427649B6318A421AC4800002017640E78B8A42B6
:20B650001AC40040FE820006FE127C471E4656BF014B56BF024C0E471EAC56650058A9A6BA
:20B660000200A356F61F561700A63F4892479E4B9E4C9649FFC0520866059249FFC0964A97
:20B670006F0356BF084A92499E4A944C9CFF964D924A9CFF964E924A5204690456BF034F5F
:20B680006F03924E964F92489CFFFFC5965192489CFF903F9650924D9641924E9642924FDA
:20B6900096435D515C5006467649B698FE920006FE087D467C451E428A4292C496475041FE
:20B6A00096C4023F89451E4429015603064D9B0090C0984499435603084B18A90F00910039
:20B6B0009844994356030C4C18A9700091009844994325469000910F98449943C444020C2E
:20B6C00007428AA9C2C41847FFBF8A42924796C4FE880006FE021E428F008000A8A90F46AB
:20B6D00060048A4292E46F23FF200100074283A9CCC5800088A9A8A90FA661F7A34692ABC7
:20B6E00090FF27A9FF20010007428AA92BAA1AAA0008A9C42901FF200100074283A9CCC5F1
:20B6F000800088A9FF2080000FA661F6FE820006FE0C7D4C7C4B1E4202001E441E461E4830
:20B700001E4A2901FF200100074283A9CCC5800088A9FF2080000FA661F66F0CFF2F40002C
:20B710001E486F0CFF2F40001E488F001200A84A6F05924C61F4520361F6924B52016014DA
:20B72000BE0106569B0090010FA66005065418A81FFF1E46065218A81FFFCA48CB471AA8F0
:20B73000C0001E486F1BBE0106569B0090010FA66009065428AC0012563B900018A81FFCA8
:20B740001E46065228AC0012563B18A81FFC9000CB47CA481AA880001E480656900018A8D3
:20B750008000984699450656900018A8400098469945A35618AA4000065618AB00009B0040
:20B760009001CBAACAABA35618AB000018AA8000CAABCBAAFF5861031A4A1000924C6103F5
:20B7700052036005020F8957984A9949065641A96D031A4A008018A908009100984A994992
:20B78000065618A904009100984A99491A4300201A4300101A4300401A430080C446FF20A6
:20B79000010407428AA9C2C4C448FF20010807428AA9C2C4C44AFF20010C07428AA9C2C420
:20B7A000A3502BAA92AB90FF27A9A9A9CA44CB43FF5AFF20010007428AA9A9C4FE8C0006C5
:20B7B000FE0A7D49A8461E4402001E48A34E92AB90FF27A9FF20010007448AA92BAA1AAA2F
:20B7C0000010A9C42901FF200100074483A9CCC5800088A9FF2080000FA661F6FF20010C12
:20B7D00007448AA90EC41E489B00900F1E42FF2001108A4607447649B5B6924961058F03C1
:20B7E0000000A8486F0302001E48A34E92AB2BAA90FF27A9A9A9CA48CB47FF5AFF2001002E
:20B7F00007448AA91AAA0084A9C4FE8A0006FE0A7D49A8461E4402001E48A34E92AB90FF35
:20B8000027A9FF20010007448AA92BAA1AAA0010A9C42901FF200100074483A9CCC58000D2
:20B8100088A9FF2080000FA661F6FF20010C07448AA90EC41E489B00900F1E42FF20011090
:20B820008A4607447649B5D0924961058F030000A8486F0302001E48A34E92AB2BAA90FF7A
:20B8300027A9A9A9CA48CB47FF5AFF20010007448AA91AAA0084A9C4FE8A0006FE0A7D49AA
:20B84000A8461E4402001E48A34E92AB90FF27A9FF20010007448AA92BAA1AAA0010A9C4EF
:20B850002901FF200100074483A9CCC5800088A9FF2080000FA661F6FF20010C07448AA980
:20B860000EC41E489B00900F1E42FF2001108A4607447649B5F1924961058F030000A84883
:20B870006F0302001E48A34E92AB2BAA90FF27A9A9A9CA48CB47FF5AFF20010007448AA90F
:20B880001AAA0084A9C4FE8A0006FE0A7D49A8461E4402001E48A34E92AB90FF27A9FF2033
:20B89000010007448AA92BAA1AAA0010A9C42901FF200100074483A9CCC5800088A9FF20E1
:20B8A00080000FA661F6FF20010C07448AA90EC41E48FF20FFF0C04892A8C0479249900F49
:20B8B0000EA998489947C448FF20010C07448AA9C2C4A34E92AB90FF27A9FF2001000744CD
:20B8C0008AA92BAA1AAA0090A9C42901FF200100074483A9CCC5800088A9FF2080000FA648
:20B8D00061F6A34E92AB90FF27A9FF20010007448AA92BAA1AAA0010A9C42901FF20010076
:20B8E000074483A9CCC5800088A9FF2080000FA661F6FF20010C07448AA90EC41E489B0067
:20B8F000900F1E42FF2001108A4607447649B5B6924961058F030000A8486F0302001E4827
:20B90000A34E92AB2BAA90FF27A9A9A9CA48CB47FF5AFF20010007448AA91AAA0084A9C4A3
:20B91000FE8A0006FE021E42A34692AB90FF27A9FF20010007428AA92BAA1AAA0010A9C4F2
:20B920002901FF200100074283A9CCC5800088A9FF2080000FA661F6A34692AB90FF27A9D6
:20B93000FF20010007428AA92BAA1AAA0084A9C4FE820006FE08A8461E442B48A34C92AB56
:20B9400090FF27A9FF20012007448AA92BAA1AAA0033A9C42901FF200120074483A9CCC51F
:20B95000800088A9FF2080000FA661F6FF20012C07448AA992C49648CC48800088A9FF2099
:20B9600080000FA66025020F89481E42FF2001308A4607447649B61656BF0147A34C92AB4C
:20B9700090FF27A9FF20012007448AA92BAA1AAA0004A9C42901FF200120074483A9CCC51E
:20B98000800088A9FF2080000FA661F66F022B479247FE880006FE0AA048A8461E44064E6F
:20B990001E428A5006447649B93A964992496124FF20012807448AA906C44EA86C0E8A4652
:20B9A00056BF01C4FF20012807448AA906C48A4818A81FFF1EC46F108A462BC4FF20012805
:20B9B00007448AA928AC001206C48A48900018A81FFC56221EC49249FE8A0006FE067D4682
:20B9C0007C451E42924661049A009B806F02020051771E4429019245520260048D00012050
:20B9D0006F038D0001008A42CC94800088A9FF2080000FA661F1A34A92AB2BAA90FF27A976
:20B9E000A9A9CA44CB43FF5A92455202600428A901206F0328A901005CA9A8A907428AA9E9
:20B9F000A9C429019245520260048D0001206F038D0001008A42CC94800088A9FF208000E7
:20BA00000FA661F1FE860006FE021E422901FF200100074283A9CCC5800088A9FF20800095
:20BA10000FA661F6BE00FF20010807428AA9C2C4A34692AB90FF27A9FF20010007428AA901
:20BA20002BAA1AAA00A0A9C4FE820006FE021E422901FF200100074283A9CCC5800088A979
:20BA3000FF2080000FA661F6BE00FF20010807428AA9C2C4A34692AB90FF27A9FF200100BE
:20BA400007428AA92BAA1AAA00A0A9C4FE820006FE041E4202011E4402200F44682529014B
:20BA5000FF200100074283A9CCC5800088A9FF2080000FA661F6BE00FF20010807428AA9F2
:20BA6000C2C4A34492AB90FF27A9FF20010007428AA92BAA1AAA00A0A9C4020107441E44CB
:20BA700002200F4467DEFE840006FE02E2030042E27100007700E27800007700FE8200062C
:20BA8000FE02E2030042E27100007700E27900007700FE820006FE02A842E590E20300C455
:20BA90008A42E20300D48A42E20300E48A42E20300F4020807428AA9E20300C4020A074253
:20BAA0008AA9E20300C4020C07428AA9E20300C4020E07428AA9E20300C4021007428AA9B4
:20BAB000E20300C4021207428AA9E20300C4021407428AA9E20300C4021607428AA9E203E0
:20BAC00000C4021807428AA9E20300C4021A07428AA9E20300C4021C07428AA9E20300C4DF
:20BAD000021E07428AA9E20300C4022407428AA9E20300C4022807428AA9E20300C402264F
:20BAE00007428AA9E20300C4022E07428AA9E20300C4023007428AA9E20300C4022C0742FE
:20BAF0008AA9E20300C4FE820006FE08A842023607428AA90232E2AF00C407428AA9E850F3
:20BB00000000022AE2AF01C407428AA9E7000008E2AF01C4E70000087700E203004402321F
:20BB100007428AA9022A0742E2AF00C48AA902320742E2AF01C48AA9022AE30042C4074238
:20BB20008AA9E7000010E2AF01C4E70000087700E2030046E2AF0146E2AF0044E710004010
:20BB30007700E89020007700E801FC01E27400087700770077007700E2030048023AE2AF55
:20BB40000148E2AF00440742E70000088AA9E20300C4023A07428AA9023C0742E2AF00C41F
:20BB5000E86FE0008AA9E20300C4023EE2AF0046E8D02000E2AF0148E85000000742E70091
:20BB600000088AA9E20300C40240E2AF0144E2AF0046E72000080742E8B02000E2AF014808
:20BB7000E70000088AA9E20300C4023607428AA9E2AF014602420742E2AF00C4E70000088D
:20BB8000E2AF0148E70000088AA9E20300C4024207428AA902440742E2AF00C4E850000024
:20BB90008AA9E20300C4024207428AA9C4C4024607428AA9C2C4022E07428AA9E590E20321
:20BBA00000C4023007428AA9E20300C4FE880006FE0AE203034AE2030248E2030146E20364
:20BBB0000044A842C444022007428AA9C2C4E8020648E2AF01440232E8087ED8E7000008A4
:20BBC00007428AA9E20300C4E80206480222E2AF0144E8087ED80742E70000088AA9E20378
:20BBD00000C4E801FC01E2AF0046E27400087700022A07428AA9E20300C4C44E023607421B
:20BBE0008AA9C2C4C450023407428AA9C2C48A427649BAF5C448024A07428AA9C2C4C44A9E
:20BBF000024807428AA9C2C4FE8A0006FE047649AF671BA90ED8691A7649AF671BA91A2C78
:20BC000067157649AF670EA9BDA90F16770077007700E801E118E68B0009E80EB850E700EB
:20BC10000040761F0253E203000076498F5C1BA90ED8691A76498F5C1BA91A2C671576493F
:20BC20008F5C0EA9BDA90F16770077007700E801E118E68B0009E80EB850E7000040761F5C
:20BC30000253E20300027649B49F1BA90ED8691A7649B49F1BA91A2C67157649B49F0EA918
:20BC4000BDA90F16770077007700E801E118E68B0009E80EB850E7000040761F0253E203A4
:20BC50000004E801F800E8021AF2E2030042E8061AEB761F0253284440008F009840E802F8
:20BC600034B1E80D3AFAE80AC50B2843469CE2AF00007649BBA83B10761F0261063E761FD8
:20BC700002571E3E761F02620600761F02581E00761F0261063A761F02571E3A761F02627C
:20BC80000602761F02581E02761F02620604761F02581E04761F02620606761F02581E0661
:20BC90002910E801F800E8021AF2761F0253E2030042E8061AEBE80234B1FF698F009840E2
:20BCA00028444000E80D3AFAE80AC50B2843469CE2AF00027649BBA83B10761F0261063E64
:20BCB000761F025B1E3E761F02620600761F025C1E00761F0261063A761F025B1E3A761FFF
:20BCC00002620602761F025C1E02761F02620604761F025C1E04761F02620606761F025CD5
:20BCD0001E062910E801F800E8021AF2761F0253E2030042E8061AEBE80234B18F009840E6
:20BCE000FF6928444000E80D3AFAE80AC50B2843469CE2AF00047649BBA83B10761F0261FE
:20BCF000063E761F025D1E3E761F02620600761F025E1E00761F0261063A761F025D1E3A0A
:20BD0000761F02620602761F025E1E02761F02620604761F025E1E04761F02620606761F59
:20BD1000025E1E062910E801F800E8021AF2761F0253E2030042E8061AEBE80234B18F001D
:20BD20009840FF6928444000E80D3AFAE80AC50B2843469CE2AF00047649BBA83B10761F48
:20BD30000261063E761F025F1E3E761F02620600761F02601E00761F0261063A761F025FB8
:20BD40001E3A761F02620602761F02601E02761F02620604761F02601E04761F0262060652
:20BD5000761F02601E062910FF69FE840006FE048F0095407649BA8BE801F800E8061AEB51
:20BD6000E8021AF2E80234B1E20300428F009540E80AC50BE80D3AFA28444000E8021240A0
:20BD70002843469C7649BBA8FE840006FE048F0096407649BA8BE801F800E8061AEBE80293
:20BD80001AF2E80234B1E20300428F009640E80AC50BE80D3AFA28444000E80212402843FE
:20BD9000469C7649BBA8FE840006FE048F0095407649BA8B8F0095C07649BA8B8F00964050
:20BDA0007649BA8B8F0096C07649BA8B8F0097407649BA8B8F0097C07649BA8B8F009840DB
:20BDB0007649BA8BE801F800E8021AF2E8061AEBE20300428F009540E80234B1284440009F
:20BDC000E80D3AFAE80AC50BE80212402843469C7649BBA8E801F800E8021AF2E2030042CF
:20BDD000E8061AEBE80234B18F0095C028444000E80D3AFAE8021240E80AC50B2843469C8D
:20BDE0007649BBA8E801F800E8021AF2E2030042E8061AEBE80234B18F0096402844400050
:20BDF000E80D3AFAE8021240E80AC50B2843469C7649BBA8E801F800E8021AF2E20300429F
:20BE0000E8061AEBE80234B18F0096C028444000E80D3AFAE8021240E80AC50B2843469C5B
:20BE10007649BBA8E801F800E8021AF2E2030042E8061AEBE80234B18F009740284440001E
:20BE2000E80D3AFAE8021240E80AC50B2843469C7649BBA8E801F800E8021AF2E20300426E
:20BE3000E8061AEBE80234B18F0097C028444000E80D3AFAE8021240E80AC50B2843469C2A
:20BE40007649BBA8E801F800E8021AF2E2030042E8061AEBE80234B18F00984028444000ED
:20BE5000E80D3AFAE8021240E80AC50B2843469C7649BBA8761F0253E801FBE8E80F5448F3
:20BE6000E2030016E801DC28E80AED10E2030018E801FBE8E80F5448E203002AE801DC2893
:20BE7000E80AED10E203002CE801FBE8761F0254E80F5448E2030010E801DC28E80AED1097
:20BE8000E2030012FE840006761F0255E2AF0028E850B2007700E68C000077007700BFA955
:20BE90000F120006761F0255E2AF0026E850B2007700E68C000077007700BFA90F12000678
:20BEA000761F0255E2AF0024E850B2007700E68C000077007700BFA90F120006761F0255A5
:20BEB000E2AF0006E8511E807700E68C000077007700BFA90F120006761F0255E2AF000C15
:20BEC000E8511E807700E68C000077007700BFA90F120006761F0255E2AF0000E8511E80D1
:20BED0007700E68C000077007700BFA90F120006761F0255E2AF000CE8511E807700E68CA3
:20BEE000000077007700BFA90F120006761F0255E2AF001EE850B2007700E68C00007700E0
:20BEF0007700BFA90F120006761F0255E2AF0024E850B2007700E68C000077007700BFA962
:20BF00000F120006761F0253E2AF00100006761F0259E8022CE0E2AF0106E80AA000E70072
:20BF100000407700E68C000077007700BFA90F120006761F0259E8022CE0E2AF010CE80AF5
:20BF2000A000E70000407700E68C000077007700BFA90F120006761F021F2B122B1300069D
:20BF3000FE029641761F021F29012D413611FF4A9612FE820006FE029641761F021F9613D8
:20BF4000FE820006761F021F92130006B2BDFE02761F021FBE050E1FF60F1FA69641761FAF
:20BF500002BB2D08350554416903350596419241761F021F541E690B761F02BB920D5201E0
:20BF60006006761F021F56BF011C6F04761F021F2B1C761F02BA92065202FFE000FD761F55
:20BF7000021F921B6103520A60069A0A7649C3BCFFEF01017649C394520B61057649C394FC
:20BF8000520C60627649C394520B6014761F02BB920C610C761F021F0A281B2801F4690DA7
:20BF90002B289A0C7649C3BC6F08761F021F2B286F04761F021F2B28761F021F2B33921C9C
:20BFA000520160127649209D5200600E761F021F0A321B327530690B2B32283501F49A0DD2
:20BFB0007649C3BC6F04761F021F2B320200761F021F1E367649C394520C60217649CEB768
:20BFC000761F026F2DA93105921E9EAB59A97649CEA393A155A9690E761F021F0A2A1B2A4C
:20BFD00001F4FFE900A82B2A9A0B7649C3BCFFEF00A2761F021F2B2AFFEF009D761F021FB8
:20BFE0002B2AFFEF00987649C394520D60647649CEB7761F026F2DA93105921F9EAB59A9DB
:20BFF0007649CEA393A155A966147649CEB72DA935788BA97649CEA393A155A9660A761FF3
:20C0000002BA922752016015761F021F92296011761F021F0A331B3305DC690E2B339A0A66
:20C010007649C3BC7649C394761F021F96266F04761F021F2B337649CEB7761F026F2DA9A3
:20C020003103921F9EAB59A97649CEA393A155A969170201761F021F07361EA68F015F90B5
:20C030001E36A8A90FA6674602001E369A0A7649C3BC7649C394761F021F96266F3B02027B
:20C04000761F021F0F366704564100366F3302001E366F30761F021F2B322B332B2892358B
:20C0500061030B356F27283501F49226520C6103520260059A0C7649C3BC6F1C520D6103DF
:20C06000520360059A0D7649C3BC6F149A0B7649C3BC6F10761F021F921B7649C3BC7649DC
:20C07000C394761F021F9626283501F42B322B332B287649C394520D6108761F02BA92279F
:20C08000761F021F96296F08761F02BA92276004761F021F2B297649C394520A610C76499E
:20C09000C394520061087649C394761F021F96262B276F1E761F021F9226520C610752028F
:20C0A0006105520D61035203600C0A271B270BB8690F2B277649C394761F021F96266F0897
:20C0B0007649C394761F021F962602001E367649C3949B0A00C9F0739642520161035202C8
:20C0C0006012761F026F921E7649C3B2761F021F2B3156BF012B761F026F921E761F021F45
:20C0D000962C6F7E52036058761F02C4922F52016025761F021F1B3102EE6712761F026F2F
:20C0E000921F7649C3B2761F021F0A3156BF022B761F026F921F761F021F962C6F6176496A
:20C0F00020667649C3B2761F021F56BF032B76492066761F021F962C6F53761F021F2B31EC
:20C100007649C390761F026F541F6518761F021F9234520567030A346F432B347649C39079
:20C110009CFF7649C3B2761F021F56BF042B7649C390761F021F962C6F33921F7649C3B235
:20C12000761F021F56BF052B761F026F921F761F021F962C6F257648F5CD52026014761F64
:20C1300002C692335201600F7649CEAB7649C3B2761F021F56BF062B7649CEAB761F021F4A
:20C14000962C6F0E7649CEA37649C3B2761F021F56BF072B7649CEA3761F021F962CFE8217
:20C150008BBE0006761F021F922D0006761F021F922E0006761F021F922F0006761F021F56
:20C1600092300006B2BDFE062B432B44761F02C692005204FFE000857648F5CD52026105C4
:20C170007648F5CD5209607C76497C2CFF58633F761F02BD2800226076497C303B0185A9C5
:20C18000FF5696457649CEA3761F02BD2D4588A98F0003E837000200F61F561700A602006B
:20C19000F61F561700A43F4592457649BF303B10FF6976497C2C3B01761F021F85A9FF56D1
:20C1A000962F9245962D76497C303B01761F021F85A9FF56962E7649CEA3761F021F9630D0
:20C1B0002910FF699A007649BF3B6F2B76497C2C3B0185A9FF5696457649CEA3761F02BD5C
:20C1C000FFC02BAA8F0186A0274580A98800A8AC0200566500ABF61F561700A6A9A90DA70E
:20C1D0008BA97649CEA388A9B2AB0200F61F561700A63F4592457649BF3B9A007649BF30D7
:20C1E000764964821EA6FF20012C0FA665059A00764872A36F0F9A01764872A36F0B9A00FE
:20C1F0007649BF309A007649BF3B764872A376496407761F02C692005203604B76497C64A3
:20C200005200621E76497C34FF58651676497C34761F02BD880287A6566500A9A9A1764924
:20C21000CEA388A9761F021FB2AB0200F61F561700A63F216F1B761F021F2B216F177649FE
:20C220007C64761F02BD88023B0185A987A6566500A9A9A17649CEA388A9761F021FB2AB87
:20C230000200F61F561700A63F21761F02C39203761F021F9B0A9E2100C9F0099622761F4C
:20C2400002C39203612E9A03761F021F74226F29761F02C49226520160147649BF422DA904
:20C25000350A96217649BF429B0A27A9761F02C3920300C9F009761F021F9EAB96226F11BB
:20C26000761F021F2B21761F02C39B0A920300C9F00959A97649C38C761F021F94A19622B3
:20C27000761F02C42B06761F021F92226308FF5C761F02C49606761F021F2B221B220200B9
:20C280006503282201FF761F02C692005204FFE000D77648F5CD520261067648F5CD5209DB
:20C29000FFE000CE761F02C492265201605C761F021F2B197648839D52016030761F02C4A9
:20C2A000922A761F021F542469030A246F045424670296247649BF429E24964463070A1A02
:20C2B000761F02AA081F00056F20520565089A0A741A761F02AA9AC8741F6F1752026508FF
:20C2C0009A05741A761F02AA9A64741F6F0E0B1A9A05761F02AA741F6F08761F02AA281F4B
:20C2D00001F4761F021F2B1A761F02E2921F6104761F021F2B1A761F021F921A63032B1AC7
:20C2E0006F061B1A03E66503281A03E6761F02AA921F63032B1F6F791B1F75306576281F8D
:20C2F00075306F73761F021F2B1A7649C39059A97649CEA39EA19643622D7649C38C761F1E
:20C3000002E29E0E96446309761F021F0A19761F02AA081F00026F395205650A9A0A761F5D
:20C31000021F74199A32761F02AA741F6F2E5202650A9A05761F021F74199A19761F02AA89
:20C32000741F6F23761F021F0B19761F02AA0B1F6F1C520A6505761F021F2B196F12520570
:20C3300065069A0A761F021F74196F0B520265069A02761F021F74196F04761F021F0B1936
:20C340009A05761F02AA741F761F021F921963032B196F061B1901F46503281901F4761F8E
:20C3500002AA921F63032B1F6F10761F02AA9234761F02AA541F6309961F6F07761F021F39
:20C360002B192B1A2B242B25761F02C492265201600E761F021F8F0003E82D1A761F02A90A
:20C37000A842121800C9EF9296456F0D761F021F8F0003E82D19761F02A9A842121800C965
:20C38000EF9296453B109245761F021F96182910FF69FE868BBE0006761F021F92120006E7
:20C39000761F02A992320006761F021F92140006761F021F92160006761F021F921500065A
:20C3A000761F021F922B0006761F021F922C0006FE0296413B10761F021F96112910FF696A
:20C3B000FE820006FE0296413B10761F02A996322910FF69FE820006FE0296413B10761FDF
:20C3C000021F96142910FF69FE820006FE0296413B10761F021F96162910FF69FE820006C0
:20C3D000FE0296413B10761F021F96152910FF69FE8200067622FF697649DAEE761F174C24
:20C3E0001A3C00011A3C00021A3C00041A3C00088F05D1B692C460098F007BDD761F174623
:20C3F000A836A838A83AA83C761F174C183CFFFE183CFFFD183CFFFB183CFFF7761A9A004E
:20C40000D400D5019B28FF697649C4DF7649C40900067622761F174C1A2200011A22000446
:20C410001A2200081A2200101A2200201A2300011A2300041A2400011A2400021A260001E1
:20C420001A2600021A2600041A2600081A2600101A2600201A2600401A2600801A260100FD
:20C430001A2602001A2604001A2608001A2800011A2800021A2800041A2800081A280010B5
:20C440001A2800201A2A00011A2A00021A2A00041A2E00011A2E00021A3000011A3000027D
:20C450001A3000041A3000081A3200011A3200021A3200041A3400011A3400021A36000151
:20C460001A3600021A3800011A3800021A3900011A3A00011A3C00011A3C00021A3C000411
:20C470001A3C00081A3E00011A3E00021A3E00041A3E00081A3E00101A3E00201A3E004067
:20C480001A3E0080761F174D1A0300011A0300021A030004761AFF69000676220200761F40
:20C49000174C1E221E241E261E281E2A1E2E1E301E321E341E361E381E3A1E3C1E3E761F4C
:20C4A000174D1E02761AFF69000676229A0228A85A5A761F14001E24761AFF6900067622C1
:20C4B0009A0128A85A5A761F14001E24761AFF69000676229A0028A85A5A761F14001E24C3
:20C4C000761AFF6900067622761F01C0CC25FF0050559625CC25FF0050AA9625761AFF6983
:20C4D0000006FE027622761F01C0922990079641924150689629761AFF69FE820006FE2049
:20C4E0007D527C519750964F56BF015F761F1748884F920890030EA90FA660158850921408
:20C4F000907F0EA90FA6600F8851CC140300FFC70EA90FA6600888529222903F0EA90FA623
:20C50000FFE101CA884F920890030EA90FA661116F0A7649C7DD6F0D7649C7ED6F0A76498B
:20C51000C8016F07924F61F9520161FA520261F27622761F174888509214907F0EA90FA6B7
:20C5200060088851CC140300FFC70EA90FA66123761F1744922C761F1748180EFFFDF678EF
:20C5300077001822FFC02B60926052056714761F1748180EFFFEF614770056030851CA50C8
:20C540000EA91E1492169001520160FD0A609260520568EE9252523F61089C01CD22FFC0D7
:20C55000903FCAA896226F06CD22FFC0903FCAA89622761F01C09222965392299654922A62
:20C56000965576222B2ACC25FF0050559625CC25FF0050AA962576083B3092BE96562B227C
:20C5700056BF2829761F17441A2C0001761F17481A0E0002F6147700FF697649C4C3762229
:20C58000925F5201FFE001208F000800761F1748CC160002FFC052016016180EFFFDF678D0
:20C590007700180EFFFEF614770056030851CA500EA91E1492169001520160FD1A0E0002A8
:20C5A000F6147700761F0030920C9657060A1E44920E9658920F9659761F174D923C9007BC
:20C5B000965DCC3C0038FFC2965E761F00309214965A06121E469216965B9217965C761FE3
:20C5C00000301A0C00103B01FF2FE0001E0A180EFF001A0C00201A0C80001A0C40006F1687
:20C5D000761F174DCC3CFFF85001963C6F15761F174DCC3CFFF85002963C6F0E761F174D1A
:20C5E000CC3CFFF85003963C6F07924F61F1520161F6520261E6761F00301A1480001A1488
:20C5F00040001A140010A8121816FF001A140020761F00301A0C0010761F00301A1400107A
:20C60000761F00301A0C0020761F00301A1400201A1480001814FFEF761F0030180CFFEF5D
:20C61000761F00304F146D05761F00304F0C6CF9761F00301A0C0010761F00301A140010ED
:20C620003B01FF2FE000761F003003081E489257960C06441E0A9258960E9259960F925D70
:20C63000761F174D9007CD3CFFF8CAA8963C925E9007FF82CD3CFFC7CAA8963C925A761F7A
:20C640000030961406461E12925B9616925C9617E2C401517700E8020400E274000977001D
:20C650007700E2C403507700E71000C87700E203004C761F17489222903F60039A016F0593
:20C660009222903F560301A985A9BDA90F127700770077007700E68900007700E203004E8A
:20C67000E2840148E2AF034CE2AF024EE8022800E2740008E27400997700770077007700FF
:20C68000E72000087700E203004A9B009A01E801EE60E2AF014AE80E6668E6940001AD149C
:20C69000620AE805EE60E80E6668E6940001AD1464029A00520061029B01975F925F520158
:20C6A000FFE1FEE6761F1744182CFFFE761F01C0CC25FF0050559625CC25FF0050AA96253A
:20C6B0001A540028925496299255962ACC53FFFE962240566D02291041566D022920F6C869
:20C6C0007700761F17489252CD22FFC0903FCAA89622761AFEA0FF690006FE107D467C4536
:20C6D000974496432B482B49761F17488843920A90030EA90FA6601F8844921E907F0EA994
:20C6E0000FA660198845CC1E0300FFC70EA90FA660128846922490030EA90FA6FFE100CB80
:20C6F0006F0A7649C8116F0D7649C81B6F0A7649C8276F07924361F6520161F7520461F8D8
:20C700007622761F17481818FFFD761AF6787700761F174D923C9007964DCC3C0038FFC2AA
:20C71000964E761F00309214964A06121E429216964B9217964C7622761F174DCC3CFFF8BE
:20C720005006963C183CFFC7761F00301A140010020A1E122B162B171814BFFF761F174817
:20C730001A240003761A6F347622761F17481818FFFEF614770056030845CA440EA91E1E94
:20C740001A180001761A92209001520160FD76221A180002F6147700761F00301A140020C3
:20C750001814FFEF2B471B4703E8670E761F00304F146C061A14800056BF01496F050A470F
:20C760001B4703E868F41A1400100A48761A924852056703924961C9924960087622020073
:20C77000761F17481E1E761A76252B4F6F1976221818FFFDF67877001818FFFEF6147700F5
:20C7800056030845CA440EA91E1E92209001520160FD1A180002F61477000A4F761A761FCC
:20C79000174841206C04924F520A68E276229246CD24FFFC9003CAA89624761F174D924DDF
:20C7A0009007CD3CFFF8CAA8963C924E9007FF82CD3CFFC7CAA8963C924A761F0030961448
:20C7B00006421E12924B9616924C96171A140020761AFE90FF69000676220200761F17C0FD
:20C7C00019011E10020019011E12020019011E14020019011E160200761F17C119011E1070
:20C7D000020019011E12020019011E14020019011E16761A9A00FF6900067622761F17483B
:20C7E000CC08FFFC50029608F6FA7700F63277001A080010761AFF6900067622761F1748B8
:20C7F0001808FFF7F6FA7700F63277001808FFFCF6FA7700F63277001A080010761AFF69C2
:20C8000000067622761F17481808FFEFF6FA7700F6327700CC08FFFC50019608761AFF69BC
:20C8100000067622761F17481808FFF7180AFFFC761AFF6900067622761F17481808FFEFAB
:20C82000CC0AFFFC5001960A761AFF6900067622761F1748CC0AFFFC5002960A761AFF69F1
:20C8300000067622761F174D1836FFFC761A7621FF6900067622761F174DCC36FFFC500194
:20C840009636761A7621FF6900067622761F174DCC36FFFC50029636761F1748180EFFFDB5
:20C85000180EFFFE761A7621FF6900067622761F174D1A360003761AFF697649C48D76228C
:20C86000761F1748180EFFFD180EFFFE761A7621FF690006FE02761F02B92B0A2B0B2B09FB
:20C870002B419241520F66368F00AA1BA8A90D418AA91AC400028F00AA1BA8A90D418AA940
:20C8800018C4FFFE8F00AA1BA8A90D418AA918C4FFE38F00AA1BA8A90D418AA918C4FF1FBB
:20C890008F00AA1BA8A90D418AA918C4FEFF8F00AA1BA8A90D418AA918C4FDFF8F00AA1B37
:20C8A000A8A90D418AA918C4FBFF0A419241520F69CCFE820006FE0497449643A842761F61
:20C8B00002B9920A61030B0A6F2752006025761F02C392186021761F02C356BF0519924443
:20C8C000761F02B9960A7649C928761F02B9580B8F00AA1B2901CC94001CFFC18F00AA3CD6
:20C8D000560301A9560100A49243930BC5C48A423E677649CB11FE840006FE069643A842F3
:20C8E0005207684592CC5203604288C4761F02B90E0B0FA6603C92D496455C45DC0588A4E8
:20C8F0000E430FA6603492439CFE0EA907428AA97649CB04964492438A429CFE7648882AD9
:20C9000088440EA90FA66023761F02B9580B8F00AA1B2901CC94001CFFC18F00AF3C56031C
:20C9100001A9560100A4C5C4920B8A423E67761F02B98F00AA1BA8A90D0B8AA91AC40100AC
:20C9200056BF040A761F02C356BF0519FE860006FE02761F02B9920B9641580B8F00AA1B42
:20C9300048946C44A8A90D0B8AA918C4FEFF8F00AA1BA8A90D0B8AA918C4FF1F580B8F000A
:20C94000AA1B4A946C0FA8A90D0B8AA918C4FFFE8F00AA1BA8A90D0B8AA918C4FFE30A0B81
:20C950006F1DCC94001CFFC1620C9294CDA9FFE3FFC190079C019007FF81CAA896946F0EEF
:20C96000A8A90D0B8AA91AC400018F00AA1BA8A90D0B8AA918C4FFFD0A0B8F00AA1BA8A9BA
:20C970000D0B8AA918C4FDFF6F5040946D1DA8A90D0B8AA918C4FBFF8F00AA1BA8A90D0B38
:20C980008AA918C4FFFD8F00AA1BA8A90D0B8AA918C4FFE38F00AA1BA8A90D0B8AA918C412
:20C99000FF1F0A0B6F32809492A7FFC490079C01900788A9CDA7FF1F80A8560305A6CAA778
:20C9A000969492A652056421580BCC94FF1F50A09694A8A90D0B8AA918C4FFFE8F00AA1B75
:20C9B000A8A90D0B8AA918C4FFFD8F00AA1BA8A90D0B8AA918C4FBFF8F00AA1BA8A90D0B70
:20C9C0008AA918C4FFE30A0B88410E0B0FA66169920B520F69422B0B921F96202B1F921EB0
:20C9D00061022B1E921D9C019642520F690A2B4292090A0952036905182CFFFD56BF040963
:20C9E0002B419241520F66158F00AA1B584140946C0C2D419A01761F02B9FF66981F8842A4
:20C9F0000E410FA660020A420A419241520F69EF761F02B90A2188200E1F0FA66006921F82
:20CA000061049221520269092B219242961D56BF011E520F69022B1D580B8F00AA1B419491
:20CA10006D18921E610D880B0E1D0FA66007A8A90D0B8AA91AC400026F0C0A0B6F0A409430
:20CA20006C07A8A90D0B8AA91AC400026F020A0B920B520F669E580B8F00AA1B41946C99EE
:20CA3000FE820006FE0697449643A842C542924496C78A4256BF03CC8A4256BFF8D48A425B
:20CA40002BDC8A422BE48A4256BF10EC9A068A427648882A96458A42FFC796F48A429245A1
:20CA500090FF96FC761F02C42B159B0892438A427649E278761F02C456BF0115FE8600069D
:20CA6000FE0697449643A842C542924496C78A4256BF03CC8A4256BF13D48A422BDC8A42C3
:20CA70002BE48A4256BF20EC9A068A427648882A96458A42FFC796F48A42924590FF96FC13
:20CA8000761F02C42B159B0892438A427649E278761F02C456BF0115FE860006FE069645AF
:20CA9000A84229018F00AB8056030445560100A4A8448A4292D4FFC09646020307421E42B4
:20CAA0009245520F661492465210650356BF10468A427649CB048A4496C4020107441E4485
:20CAB000020207421E420B46924662F329018F00AB8056030445560100A492C45270600A38
:20CAC000560304458F00AB8B560100A492C4526563098F00AA1BA8A90D458AA91AC404006F
:20CAD0006F088F00AA1BA8A90D458AA918C4FBFFFE860006FE069645A84229018F00A440DF
:20CAE00056030545560100A4A8448A4292D4FFC09646020307421E429245520F66149246A7
:20CAF0005220650356BF20468A427649CB048A4496C4020107441E44020207421E420B46A1
:20CB0000924662F3FE860006FE04A842C54292C7964356030843964392CC72439243FE8452
:20CB10000006FE062B4502001E4276491FED761F02B9963276491FD6761F02B996317649BC
:20CB20001FB5761F02B996332B342B352B3B56BF013A2B392B382B3C2B362B372B302B43D9
:20CB30009243520FFFE200888F00AA1B3B01A8A981438AA940C46C6F0A45761F02B956BFDB
:20CB4000013B560305438F00A45C560100A49B0A92C400C9F009964454326302963254319F
:20CB5000630296313B018F00A45D56030543560100A49B0A92C400C9F009964454336502AC
:20CB600096333B018F00A45E56030543560100A492C47234921B54346703921B9634560318
:20CB700005438F00A45F560100A492C47235921C54356703921C9635560305438F00A44B9A
:20CB8000560100A492C47236923760095603054376C0A443560100A792C7963756030543E7
:20CB900076C0A442560100A792C7964640466C022B3A42466D0356BF013941466C0356BF8B
:20CBA0000138560305438F00A447560100A485C407421E428F00AA1BA8A981438AA94AC48A
:20CBB0006C05761F02B956BF013C0A439243520FFFE5FF7C0642761F02B91E22923B600467
:20CBC0002B3A02001E2292459630921554326704921596326F06921654326903921696328B
:20CBD000921754316704921796316F069218543169039218963192195433670492199633AA
:20CBE0006F06921A54336903921A9633923A61022B38924565069236934500C9F0099636AA
:20CBF000FE860006FE049643A842520867109A006F1C92D49C0596446F1256BF08446F0F9F
:20CC000056BF09446F0C56BF08446F0992CC520361F1520661F3521061F46FF69244544324
:20CC100069039A006F029A01FE840006761F026F2B0D2B0C1818FFFE1818FFFD1818FFFB72
:20CC20001818FFF71818FFEF1818FFDF1818FFBF1818FF7F1818FEFF1818FDFF761F02B264
:20CC30001A000008761F02B21A0100080006FE029641BE0A761F026F0E41F60F1FA6960DEF
:20CC400092419610FE820006FE029641761F026F921890015201600F920D93125D418F008A
:20CC50009BE07649D39E52016015761F026F1818FFFE6F1040186D0E920D93115D418F005C
:20CC60009BE07649D38952016005761F026F1A180001FE820006FE0496412B422B43764934
:20CC7000CEB752046013761F02C41B2901CC68091B2902446606922996429CD896436F2A0A
:20CC800028420208284301E06F257649CEB752026012761F02C4922952E668081B29012211
:20CC9000660596429CEC96436F152842010456BFF0436F10761F02C49229527368075291F9
:20CCA000660596429CF696436F0556BF824256BF7843761F026FCC180200FFC85201600F34
:20CCB000920D93435D418F009BE17649D39E52016013761F026F1818FDFF6F0E920D93422D
:20CCC0005D418F009BE17649D38952016005761F026F1A180200FE840006FE029742964166
:20CCD000761F02C6920052016959761F02B9412C6C32761F026F4A186D15764920D4761FB3
:20CCE00002B993A95D418F009BE2CC2BFF00FFC77649D39E5201601A761F026F1A1804009E
:20CCF0006F15764920D49B0A761F02B995A95D418F009BE2CC2BFF00FFC77649D3895201E6
:20CD00006005761F026F1818FBFF761F026F1818FFFD6F24761F026F41186D0F920D931399
:20CD10005D418F009BE27649D39E52016013761F026F1A1800026F0E920D93145D418F0039
:20CD20009BE27649D38952016005761F026F1818FFFD761F026F1818FBFFFE820006FE04B9
:20CD30009641764920039642764920DF9643761F02B9412C6C2A761F026F92176015764985
:20CD400020EA761F02B993A95D418F009BE4CC2BFF00FFC77649D39E52006139761F026FB3
:20CD500056BF01176F34761F02B9CC2BFF0093435D418F009BE4FFC77649D3895200612770
:20CD6000761F026F2B176F23761F026F9217601376491FB5761F026F93A95D418F009BE436
:20CD7000920D7649D39E52006112761F026F56BF01176F0D920D93425D418F009BE4764981
:20CD8000D38952006104761F026F2B17761F02B9412C6C44761F026FCC180800FFCA5201BD
:20CD9000601F764920DF761F02B993A95D418F009BE5CC2BFF00FFC77649D389520061295A
:20CDA000761F026F1818F7FF9A0076496D3B764997845212601E9A00764997B76F1A4B18F7
:20CDB0006D18764920EA761F02B993A95D418F009BE3CC2BFF00FFC77649D39E5200610936
:20CDC000761F02C492176005761F026F1A180800761F026F1818FFBF6F3E761F026FCC181F
:20CDD0000040FFC55201601D76492003761F026F93A95D418F009BE5920D7649D389520092
:20CDE0006126761F026F1818FFBF9A0076496D1776499784520F601B9A00764997B76F17F8
:20CDF00046186D15761F02C6920052036010761F026F5D418F009BE3920D93157649D39E67
:20CE000052006105761F026F1A180040761F026F1818F7FFFE840006FE047C4397429641BD
:20CE100092425441690C761F026F0A269243542666042B269A016F079A036F05761F026FBC
:20CE20002B269A00FE840006761F026FCC180002FFC05201610BCC180004FFC152016106B3
:20CE3000CC180008FFC2520160063B101A0C000129106F053B10180CFFFE2910CC18004094
:20CE4000FFC552016106CC180800FFCA520160063B101A0C000229106F053B10180CFFFD5B
:20CE50002910CC180010FFC3520160063B101A0C004029106F053B10180CFFBF29109218AC
:20CE60009001520160063B101A0C001029106F053B10180CFFEF2910CC180080FFC6520128
:20CE700060063B101A0C010029106F053B10180CFEFF2910CC180020FFC4520160063B10AD
:20CE80001A0C040029106F053B10180CFBFF2910CC180200FFC8520160063B101A0C100032
:20CE900029106F053B10180CEFFF2910FF690006761F026FCC180080FFC6520160039A0151
:20CEA0006F029A000006761F026F920D0006761F026F92100006761F026F92130006761FC2
:20CEB000026F920E0006761F026F920F0006761F026F92160006FE023B10761F026F400C4D
:20CEC0006C0456BF01416F022B4129109241FF69FE820006FE02761F026F4A186C0456BFC7
:20CED00001416F022B419241FE820006FE023B10761F026F410C6C0456BF01416F022B4188
:20CEE00029109241FF69FE820006FE023B10761F026F440C6C0456BF01416F022B412910BA
:20CEF0009241FF69FE820006FE023B10761F026F4C0C6C0456BF01416F022B412910924108
:20CF0000FF69FE820006761F026F1A1800800006761F026F1818FF7F0006FE0296413B1089
:20CF1000761F026F96112910FF69FE820006FE0296413B10761F026F96122910FF69FE823C
:20CF20000006FE0296413B10761F026F96132910FF69FE820006FE0296413B10761F026FCB
:20CF3000960E2910FF69FE820006FE0296413B10761F026F960F2910FF69FE820006FE0222
:20CF400096413B10761F026F96142910FF69FE820006FE0296413B10761F026F96152910CC
:20CF5000FF69FE820006FE0296413B10761F026F96162910FF69FE8200063B10761F026F87
:20CF60001818FFBF2910FF690006761F02822B000006FE069645A842C54296C78A422DCCE0
:20CF70003B01761F026F351F81C481271E449244901F96270644FF4496CCFE860006761F6C
:20CF800002B492030006761F02B3923E0006761F02B492010006761F02B49201761F02B314
:20CF9000943E0006761F02B3923D0006761F02B492000006761F02B3923D0006761F026F82
:20CFA00092150006761F028292000006761F026F921E0006761F026F921F00060000010C8D
:20CFB00002180324042F053B06460750085A09640A6D0B760C7C0D830E880F8D10901193B5
:20CFC000129413941492158F168B1785187D19741A691B5D1C4E1D3D1E2B1F161FFF20E7F9
:20CFD00021CB22AE238E246B2547261F26F527C9289929672A322AFA2BBF2C812D412DFD89
:20CFE0002EB52F6B301D30CC3178322232C533673405349F353635C9365836E4376C37F0F6
:20CFF000387138ED396539DA3A4B3AB73B203B843BE53C413C993CEE3D3D3D893DD13E14D6
:20D000003E533E8E3EC43EF63F243F4E3F733F943FB03FC83FDC3FEB3FF63FFD3FFF3FFDE2
:20D010003FF63FEB3FDC3FC83FB03F943F733F4E3F243EF63EC43E8E3E533E143DD13D8962
:20D020003D3D3CEE3C993C413BE53B843B203AB73A4B39DA396538ED387137F0376C36E4E7
:20D03000365835C93536349F3405336732C53222317830CC301D2F6B2EB52DFD2D412C8144
:20D040002BBF2AFA2A322967289927C926F5261F2547246B238E22AE21CB20E71FFF1F1603
:20D050001E2B1D3D1C4E1B5D1A691974187D1785168B158F149213941294119310900F8DE2
:20D060000E880D830C7C0B760A6D0964085A07500646053B042F03240218010C0000FEF4E5
:20D07000FDE8FCDCFBD1FAC5F9BAF8B0F7A6F69CF593F48AF384F27DF178F073EF70EE6D5C
:20D08000ED6CEC6CEB6DEA71E975E87BE783E68CE597E4A3E3B2E2C3E1D5E0EAE001DF19F9
:20D09000DE35DD52DC72DB95DAB9D9E1D90BD837D767D699D5CED506D441D37FD2BFD20348
:20D0A000D14BD095CFE3CF34CE88CDDECD3BCC99CBFBCB61CACACA37C9A8C91CC894C810BB
:20D0B000C78FC713C69BC626C5B5C549C4E0C47CC41BC3BFC367C312C2C3C277C22FC1ECBB
:20D0C000C1ADC172C13CC10AC0DCC0B2C08DC06CC050C038C024C015C00AC003C001C0038E
:20D0D000C00AC015C024C038C050C06CC08DC0B2C0DCC10AC13CC172C1ADC1ECC22FC277EE
:20D0E000C2C3C312C367C3BFC41BC47CC4E0C549C5B5C626C69BC713C78FC810C894C91C49
:20D0F000C9A8CA37CACACB61CBFBCC99CD3BCDDECE88CF34CFE3D095D14BD203D2BFD37FCC
:20D10000D441D506D5CED699D767D837D90BD9E1DAB9DB95DC72DD52DE35DF19E001E0EAEC
:20D11000E1D5E2C3E3B2E4A3E597E68CE783E87BE975EA71EB6DEC6CED6CEE6DEF70F073EE
:20D12000F178F27DF384F48AF593F69CF7A6F8B0F9BAFAC5FBD1FCDCFDE8FEF40000010CC9
:20D1300002180324042F053B06460750085A09640A6D0B760C7C0D830E880F8D1090119333
:20D14000129413941492158F168B1785187D19741A691B5D1C4E1D3D1E2B1F161FFF20E777
:20D1500021CB22AE238E246B2547261F26F527C9289929672A322AFA2BBF2C812D412DFD07
:20D160002EB52F6B301D30CC3178322232C533673405349F353635C9365836E4376C37F074
:20D17000387138ED396539DA3A4B3AB73B203B843BE53C413C993CEE3D3D3D893DD13E1454
:20D180003E533E8E3EC43EF63F243F4E3F733F943FB03FC83FDC3FEB3FF63FFD3FFF00009D
:20D19000013E027B03B904F60632076E08A909E40B1D0C550D8D0EC20FF7112A125B138A84
:20D1A00014B815E4170D183419591A7C1B9C1CB91DD41EEB200021122220232B2433253716
:20D1B00026382735282E29232A152B022BEB2CD02DB12E8D2F653038310731D13296335665
:20D1C000341134C73579362536CB376D380938A0393139BD3A433AC43B3F3BB43C243C8EDA
:20D1D0003CF23D503DA83DFA3E463E8D3ECD3F073F3B3F693F913FB33FCF3FE43FF43FFD44
:20D1E00040003FFD3FF43FE43FCF3FB33F913F693F3B3F073ECD3E8D3E463DFA3DA83D5022
:20D1F0003CF23C8E3C243BB43B3F3AC43A4339BD393138A03809376D36CB3625357934C7C1
:20D2000034113356329631D1310730382F652E8D2DB12CD02BEB2B022A152923282E27352D
:20D21000263825372433232B2220211220001EEB1DD41CB91B9C1A7C19591834170D15E413
:20D2200014B8138A125B112A0FF70EC20D8D0C550B1D09E408A9076E063204F603B9027B66
:20D23000013E0000FEC2FD85FC47FB0AF9CEF892F757F61CF4E3F3ABF273F13EF009EED69E
:20D24000EDA5EC76EB48EA1CE8F3E7CCE6A7E584E464E347E22CE115E000DEEEDDE0DCD58D
:20D25000DBCDDAC9D9C8D8CBD7D2D6DDD5EBD4FED415D330D24FD173D09BCFC8CEF9CE2F2A
:20D26000CD6ACCAACBEFCB39CA87C9DBC935C893C7F7C760C6CFC643C5BDC53CC4C1C44C5A
:20D27000C3DCC372C30EC2B0C258C206C1BAC173C133C0F9C0C5C097C06FC04DC031C01C64
:20D28000C00CC003C000C003C00CC01CC031C04DC06FC097C0C5C0F9C133C173C1BAC206A7
:20D29000C258C2B0C30EC372C3DCC44CC4C1C53CC5BDC643C6CFC760C7F7C893C935C9DBB5
:20D2A000CA87CB39CBEFCCAACD6ACE2FCEF9CFC8D09BD173D24FD330D415D4FED5EBD6DD56
:20D2B000D7D2D8CBD9C8DAC9DBCDDCD5DDE0DEEEE000E115E22CE347E464E584E6A7E7CCED
:20D2C000E8F3EA1CEB48EC76EDA5EED6F009F13EF273F3ABF4E3F61CF757F892F9CEFB0ACA
:20D2D000FC47FD85FEC20000013E027B03B904F60632076E08A909E40B1D0C550D8D0EC209
:20D2E0000FF7112A125B138A14B815E4170D183419591A7C1B9C1CB91DD41EEB20002112CD
:20D2F0002220232B2433253726382735282E29232A152B022BEB2CD02DB12E8D2F6530386C
:20D30000310731D132963356341134C73579362536CB376D380938A0393139BD3A433AC4A0
:20D310003B3F3BB43C243C8E3CF23D503DA83DFA3E463E8D3ECD3F073F3B3F693F913FB30F
:20D320003FCF3FE43FF43FFDFE061E42064260039A006F2E9A009B400F4268070642290160
:20D33000FF49093F1E446F11FF2F10000F42680706422901FF4B09FF1E446F07064229015F
:20D34000FF4DFF1003FF1E442B4592455205670F2901A3420200F61F56170044A9A9074486
:20D35000FF401E440A459245520568F49244FE860006FE067D4597449643A8429244544312
:20D3600068049245544369030AC46F022BC48A42924954C466042BC49A016F029A00FE86F7
:20D370000006FE067D4597449643A8429244544368049245544369032BC46F020AC48A4286
:20D38000924954C466042BC49A016F029A00FE860006FE067D4597449643A8429244544340
:20D3900063030AC46F022BC48A42924554C466042BC49A016F029A00FE860006FE067D45DF
:20D3A00097449643A8429244544365030AC46F022BC48A42924554C466042BC49A016F02AC
:20D3B0009A00FE860006FE02A84292C460039A016F0A3B100BC429108A4292C460039A010F
:20D3C0006F029A00FE82FF690006FE069643A842964456BF01455263690456BF63442B450A
:20D3D00092449B027649D53D8A4296C49B0192447649D53D8A4296CC9245FE860006FE06FD
:20D3E0009643A842964456BF01451BA903E76904284403E72B4592449B037649D53D8A4243
:20D3F00096C49B0292447649D53D8A4296CC9B0192447649D53D8A4296D49245FE86000677
:20D40000FE069643A84256BF014596441BA9270F69042844270F2B4592449B047649D53D51
:20D410008A4296C49B0392447649D53D8A4296CC9B0292447649D53D8A4296D49B01924477
:20D420007649D53D8A4296DC9245FE860006FE069643A84256BF014596449B047649D585C8
:20D430008A4296C49B0392447649D5858A4296CC9B0292447649D5858A4296D49B019244C7
:20D440007649D5858A4296DC9245FE860006FE08A8441E4256BF01471E468F01869FA8A9FB
:20D450000F466703A8462B4792469B057649D53D8A4496C49B0492467649D53D8A4496CCB4
:20D460009B0392467649D53D8A4496D49B0292467649D53D8A4496DC8A4456BF2EE49B0116
:20D4700092467649D53D8A4496EC9247FE880006FE069643A842964456BF01451BA903E794
:20D480006904284403E72B4592449B037649D53D8A4296C49B0292447649D53D8A4296CC7C
:20D490008A4256BF2ED49B0192447649D53D8A4296DC9245FE860006FE069643A842964416
:20D4A00056BF01451BA903E76904284403E72B4592449B037649D53D8A4296C48A4256BFE4
:20D4B0002ECC9B0292447649D53D8A4296D49B0192447649D53D8A4296DC9245FE86000606
:20D4C000FE069643A842964456BF01451BA9270F69042844270F2B4592449B047649D53D91
:20D4D0008A4296C49B0392447649D53D8A4296CC9B0292447649D53D8A4296D48A4256BF48
:20D4E0002EDC9B0192447649D53D8A4296E49245FE860006FE069643A842964456BF01453C
:20D4F0001BA9270F69042844270F2B4592449B047649D53D8A4296C49B0392447649D53DF2
:20D500008A4296CC8A4256BF2ED49B0292447649D53D8A4296DC9B0192447649D53D8A4269
:20D5100096E49245FE860006FE069643A84256BF014596449B057649D53D8A4296C49B04EE
:20D5200092447649D53D8A4296CC9B0392447649D53D8A4296D48A4256BF2EDC9B0292443D
:20D530007649D53D8A4296E49B0192447649D53D8A4296EC9245FE860006FE049742964120
:20D540006F3392419B0A00C9F0739B3095A997436F3ABE0A0E41F60F1FA69B0A00C9F07347
:20D550009B3095A997436F2FBE640E41F60F1FA69B0A00C9F0739B3095A997436F247680C2
:20D5600003E80E41F60F1FA69B0A00C9F0739B3095A997436F18768027100E41F60F1FA626
:20D570009C3096436F10924252036208520361DD520161C8520261CE6FC5520461E152052F
:20D5800061EB6FC09243FE840006FE04974296416F309241900F9644520A67049C309643AA
:20D590006F329C3796436F2FCC4100F0FFC39644520A67049C3096436F269C3796436F23B8
:20D5A000CC410F00FFC79644520A67049C3096436F1A9C3796436F17CC41F000FFCB9644E7
:20D5B000520A67049C3096436F0E9C3796436F0B9242520161CF520261D8520361E252047A
:20D5C00061EC6FC8FE840006FE087D4597449643A8429647924594449C019646924460039B
:20D5D0009245612E924460040A460A446F04924560020B4692466124884692449C010EA9AB
:20D5E0000FA660095C46A8A9074219018AA956BF2EC46F1392479B0A00C9F0735C469B30E4
:20D5F00095A988A8A8A9074219018AA97EC4BE0A0E47F60F1FA696470B46924660DEFE88D3
:20D600000006FE0897449643A8422B45924494439C01964692436005924460039A006F1A34
:20D61000924360040A460A436F04924460020B462B476F0C88470E430FA6610758472D45ED
:20D62000350A94949CD096450A479246544766F39245FE880006FE0497449643A842761F87
:20D6300002CC920D61030B0D6F099244960D92437649D7A892447649D66EFE840006FE028C
:20D640009742964152406711584192428F00B3409694761F02CC0A0892085203690556BF10
:20D65000010656BF04082B07761F02CD9224761F02CC9600761F02CD9225761F02CC960138
:20D66000761F02CD9223761F02CC9603761F02CD9227761F02CC9602FE820006FE02964120
:20D670007649D8435201600A761F02CC0A079207544168042B082B072B06FE820006FE0AD1
:20D680009647A044A84202001E46020307421E462B486F0F83468A46560308C594CC9649D8
:20D69000020207461E46C544924893493E670A489247544866F0FE8A0006B2BDFE08964566
:20D6A000A044A842594558458342D982D8815603089D9494964892459CFE7648882A884833
:20D6B0000EA90FA6602583448A44560308D594DCFFC09646560308E594EC96478A42884755
:20D6C00092D4FFC00EA90FA6601392461BA95300680F1BA95340670C924794461BA953400C
:20D6D000660792478F49D63F7649D67F6F01FE888BBE0006FE0A9649A044A84206421E484B
:20D6E00006441E468A4692C4523060156F1092D49C05964A528C690356BF8C4A8348924A1D
:20D6F0007649D69D6F0856BF084A6F0592CC521761EF6FFAFE8A0006FE027649D84352005C
:20D7000060132B419241524067098F00B34058412B940A419241524068FB761F02CC2B00DA
:20D710002B012B032B02761F02B9412C6C4776487136761F02CC96157648712B761F02CCD2
:20D720009616761F02B9922A761F02B990FF94082DA9761F02CC350A9617761F02B9CC2A4B
:20D73000FF00761F02B9FFC79408761F02CC2DA9350A96187649CEB7761F02CC96197649ED
:20D740001FAA761F02CC961A2B1B2B1C7649C39C761F02CC961D7649C394761F02CC961EFF
:20D7500056BFAA1F56BFBB2056BFCC2156BFDD2256BFEE2356BFFF246F3D76487136761FD1
:20D7600002CC961556BF96157648712B761F02CC961676491FD6761F02CC2DA9350A96172E
:20D7700076491FED761F02CC2DA9350A96187649CEB7761F02CC961976491FAA761F02CC67
:20D78000961A2B1B2B1C7649C39C761F02CC961D7649C394761F02CC961E56BFAA1F56BFF8
:20D79000BB2056BFCC2156BFDD2256BFEE2356BFFF24FE820006FE02964152406706584135
:20D7A0008F00B31592946F0328A9FFFFFE820006FE089645A84206421E446F0192457649AA
:20D7B000E30A5201FFE1008B2B4658468A449A0194A0964656BF309458468A449A0194A012
:20D7C000964656BF179458468A449A0194A0964656BF539458468A449A0194A096462894C7
:20D7D000530058468A449A0194A096462B9458468A449A0194A0964656BF409458468A44A4
:20D7E0009A0194A0964656BF549458468A449A0194A096462894540058468A449A0194A01F
:20D7F00096462B9458468A449A0194A0964656BF109458468A449A0194A0964656BF2094CE
:20D800002B479247521067177649D79B58469B018A44FFC795A09746969492477649D79B98
:20D8100058468A449B0195A0974696940A479247521068EB92468A427648882A9648584645
:20D820009B018A44FFC795A097469694924858469B018A4490FF95A097469694761F02C474
:20D830002B1592458A4493467649E278761F02C456BF0115761F02CC2B04FE880006761FC8
:20D8400002CC920C0006761F02CC92060006761F02CD92220006761F02CD92230006761F83
:20D8500002CD92240006761F02CD92260006761F02CD92280006761F02CD922B0006761F2B
:20D8600002CD92290006761F02CD922C0006761F02CD922A0006761F02CD922D0006761F0C
:20D8700002CD922E0006761F02CD922F0006761F02CD92300006761F02CD92310006761FEA
:20D8800002CD92320006761F02CD92330006761F02CD92090006761F02CD920D0006761F1D
:20D8900002CD920E0006761F02CD920F0006761F02CD92100006761F02CD92110006761F4A
:20D8A00002CD92140006761F02CD92150006761F02CD92160006761F02CD92170006761F22
:20D8B00002CD92180006761F02CD920C0006761F02CD92190006761F02CCCC010001000685
:20D8C000761F02CD92270006761F02CD921C0006761F02CCCC030038FFC20006761F02CC79
:20D8D000CC030004FFC10006761F02CCCC020100FFC70006761F02CCCC020200FFC80006A1
:20D8E000761F02CCCC020400FFC90006761F02CCCC020800FFCA0006761F02CCCC021000DC
:20D8F000FFCB0006FE029641761F02CC960CFE820006FE0476220200761F01F01E3C761FD5
:20D9000001F11E3C761F01F21E3C761F01F31E3C761F01F41E3C761F01F51E3C8F007C0022
:20D91000A8422B43924352C0670F2901BE00901F520661065603014307428AA9C2C40A4300
:20D92000924352C068F58F007F00A8422B4392435218670C2901BE005603014307428AA98A
:20D93000C2C40A439243521868F8761AFE84FF690006FE0E7C4B974A9649901F964C9249E6
:20D94000900F964D92499007964E29018F007C009249FFC4FF84560301A9560100A4A842B1
:20D95000924B520F666C924CFFC3560301A9074209061E44924CFFC3560301A90742092035
:20D960001E46924CFFC2560301A9074209281E487622FF6902038A44FF5A5603014D16A92F
:20D97000563BFF55FF5A92ABC0C492AAC0CC0203FF5A8A465603014D16A9563BFF55FF5AFE
:20D9800092ABC0C492AAC0CC0203FF5A924BFFC188A98A46A9A989A6FF5A5603014D16A9C2
:20D99000563BFF5A92AB98C492AA98CC0203894B8A44FF5A5603014D16A9563BFF5A92ABC7
:20D9A00098C492AA98CC0203FF5A8A485603024E16A9563BFF55FF5A92ABC0C492AAC0CC0C
:20D9B0000203894A8A48FF5A5603024E16A9563BFF5A92AB98C492AA98CC761AFE8EFF6945
:20D9C0000006FE187C5797569655901F0EA91E4E9255900F0EA91E502D4E0201563B1E5284
:20D9D00029018F007C009255FFC4FF84560301A9560100A4A842020A07421E44020C0742DF
:20D9E0001E46021007421E48021207421E4A064EFF43FF30074209021E4C76228A440652FC
:20D9F000FF55C0C4C1CC92565201601F8A44065298C499CC42576C068A4A065298C499CC19
:20DA00006F068A4A0652FF55C0C4C1CC9257900561078A460652FF55C0C4C1CC6F238A462B
:20DA1000065298C499CC6F1E8A440652FF55C0C4C1CC40576C078A460652FF55C0C4C1CC2E
:20DA20006F058A46065298C499CC41576C068A48065298C499CC6F068A480652FF55C0C41D
:20DA3000C1CC92579030FFC30EA91E54FF6902038A4CFF5A5603015016A9563BFF55FF5A72
:20DA400092ABC0C492AAC0CC0654610CA354560301508A4C16A9563BFF5A92AB98C492AA81
:20DA500098CC761AFE98FF690006FE0A974A9649901F0EA91E462D460201563B1E48290195
:20DA60008F007C009249FFC4FF84560301A9560100A4A842023C07421E447622924A6106CE
:20DA70008A44064898C499CC6F068A440648FF55C0C4C1CC761AFE8AFF690006FE02964166
:20DA80007622761F01E49603761AFF69FE820006FE0296417622761F01E49604761AFF69E2
:20DA9000FE820006FE0296417622761F01E49605761AFF69FE820006FE0296417622761FEA
:20DAA00001E4960C761AFF69FE820006FE0296417622761F01E4960D761AFF69FE82000657
:20DAB000762228A9FFFF28A87FFF761F01F21E0C761F01F302081E0C761F01F402201E0C5C
:20DAC0003B01761F01F5FF29FFFF1E0C761AFF69000676228F3FFC1C761F01F0A80C28A9A8
:20DAD0000E0028A8FC00761F01F11E0C28A943E728A81EF0761F01F21E0C761F01F302088D
:20DAE0001E0C761F01F402001E0C3B01761F01F5FF29FFFF1E0C761AFF690006FE02761F9C
:20DAF00017400608290118A907009100FF479641520560047649DAC96F0652066004764904
:20DB0000DAB06F01FE820006FE049643FFC429018F007F00FF81560301A9560100A4A84247
:20DB10009243901F2DA906C456221EA692A690019644FE840006FE0697469645FFC42901C1
:20DB20008F007F00FF81560301A9560100A4A84202011EA69245901F2DA906A6563B1E44AD
:20DB30009246600406441EE46F0306441ED4FE8600060200761F02621E281E301E2A1E2EF2
:20DB40002B0D1E381E361E3A1E3C2B1B2B1D2B1E2B102B0E2B0F0006FE029641761F0262D6
:20DB500029012D413611FF4A9614FE820006FE029641761F02623B0192149E1585A9FF5675
:20DB600054416904921496156F062D1535039414FFC19615FE820006FE0296412901761F34
:20DB7000026256030B41FF4A9618FE820006FE029641761F02623B0192189E0C85A9FF562C
:20DB8000544169049218960C6F062D0C35039418FFC1960CFE820006FE0296412901761F27
:20DB9000026256030B41FF4A9619FE820006FE029641761F02623B0192199E1A85A9FF56FC
:20DBA000544169049219961A6F062D1A35039419FFC1961AFE820006FE021E423B01761F40
:20DBB0000262FF3AFF4A1E32FE820006FE049744964302641E422D43124400C9EF92761F78
:20DBC00002621E34FE840006FE029641761F02629616FE820006FE021E42761F02623B0170
:20DBD0000E131EAC56440042FF4A1E36FE820006FE0296410264761F02621EA62D41371696
:20DBE0000200F61F561700A6A938FE820006FE029641761F026288410636033AFF560FA678
:20DBF000650406361E3A6F09A33AFF683B01A9A910AC0736FF411E3A88410638033CFF56A2
:20DC00000FA6650406381E3C6F09C43C290106A6FF3007A60738FF411E3CFE82FF6900065D
:20DC1000FE047C43974296412B443B01761F0262853AFF569644884128AC00643244020078
:20DC2000F61F561700A63F1B026488421EAC5665003C0200F61F561700A63F1D7649DD1936
:20DC300028AC00648843761F026232A90200F61F561700A63F1C921D541B6604921B961E8F
:20DC40006F02961E921C541E6902961EFE840006FE04974296412B433B01761F0262853AC4
:20DC5000FF569643761F02C692005204610352056046761F02E12D0A360A1EA628ABE64034
:20DC600028AA1F870200F61F561700A62DAB8841761F026202003743F61F561700A63F1075
:20DC7000761F02E12D0A360A1EA628AA1F8728ABE6400200F61F561700A60EAB1EAC0E4273
:20DC80001EA6761F02625665003C0200F61F561700A63F0E920E541066049210960F6F0233
:20DC9000960F76497C60761F0262540F690576497C6096446F07920F96446F0476497C60F6
:20DCA0009644764921FE52016020761F02629225610E9244D5058F0098A69B557649D39E1D
:20DCB00052006117761F02622B256F139244D5058F0098A69B647649D3895200610A761FD6
:20DCC000026256BF01256F05761F02622B262B25FE840006FE047C43974296412B443B01F3
:20DCD000761F02628528FF569644761F02D6283E04005621003E29010E44564400A9FF49CC
:20DCE000964428AC00648841761F026232440200F61F561700A63F1F026488421EAC56659D
:20DCF000002A0200F61F561700A63F207649B4E7BE643B01761F026285A987A6FF56884335
:20DD000085A9566500A90200F61F561700A63F219220541F6604921F960D6F02960D92213D
:20DD1000540D6902960DFE840006761F026292150006761F026292160006761F026292170D
:20DD20000006761F0262063A0006761F026206380006761F0262921B0006761F0262921D0D
:20DD30000006761F0262921E0006761F026292220006761F026292230006761F0262922408
:20DD40000006761F0262920C0006761F0262921A0006761F026292320006761F02629234F3
:20DD50000006FE0296413B10761F026296122910FF69FE820006FE0296413B10761F0262A8
:20DD600096132910FF69FE820006761F02DEA328062A0006761F02DEA32C062E0006761F4A
:20DD700002DEA33006320006761F02DEA33406360006761F02DEA33C063E0006761F02DF00
:20DD8000A30406060006761F02DFA308060A0006761F02DEA338063A0006761F02DFA300E4
:20DD900006020006B2BDAABDFE027648711D52006153764958EE5200651076495975520092
:20DDA000650C764959759B6400C9F0093B01761F02DE85A956010004761F02DE8F000E1048
:20DDB0000200A304F61F561700A4A902A8AC56440002564100040200565700285640002AB7
:20DDC000A9281E2A764958F252006510764959795200650C764959799B6400C9F0093B0178
:20DDD000761F02DE85A956010008761F02DE8F000E100200A308F61F561700A4A906A8AC39
:20DDE000564400065641000802005657002C5640002EA92C1E2E7649CF925AA97649CF96DD
:20DDF00094A2FF5C59A97649CEA38F0027102DA1A84230A900C9EF92761F02DE1E0A060A02
:20DE00006419060A5601000E8F000E10A30E0200F61F561700A4A90CA8AC5644000C564144
:20DE1000000E02005657003056400032A9301E326F19060AFF54560100128F000E10A3125E
:20DE20000200F61F561700A4A910A8AC564400105641001202005657003456400036A934CE
:20DE30001E36761F01FC4E096C2B76498FB95201602776498FB1FF58650D76498FB11EA692
:20DE400002641E4206A600C9EF92761F02DE5601001A761F02DE8F000E100200A31AF61F2A
:20DE5000561700A4A918A8AC564400185641001A02005657003C5640003EA93C1E3E761F94
:20DE600001FCCC098000FFCE5201604C7649AFE0FF5864247649AFE01EA602641E4206A6D3
:20DE700000C9EF92761F02DE560100228F000E10A3220200F61F561700A4A920A8AC564409
:20DE80000020564100220200761F02DF5657000456400006A9041E066F257649AFE03B01F5
:20DE900085A9FF569B6400C9F009761F02DE3B0185A9560100268F000E10A3260200F61F45
:20DEA000561700A4A924A8AC56440024564100260200761F02DF565700085640000AA90837
:20DEB0001E0A761F02DE9200612D02001E021E045633A9281E2A02001E061E085633A92C05
:20DEC0001E2E5633A9301E3202001E0C1E0E5633A9341E3602001E101E125633A93C1E3E08
:20DED00002001E181E1A5633761F02DFA9041E06761F02DE02001E201E222B00761F0242F9
:20DEE0002B0AFE8286BE8BBE0006B2BD761F02C6920052036105520561035204607D761F3E
:20DEF00001FC40106D094F096D074E096C4676498FB95201604276497C6452006528764941
:20DF00007C6459A97649DD4993A155A96215761F01FC4E096C1176498FB95202600D7649A4
:20DF1000DD499B6400C9F0093B01761F02DE85A9560100166F0C76497C649B6400C9F009E3
:20DF20003B01761F02DE85A956010016761F02DE8F000E100200A316F61F561700A4A914D5
:20DF3000A8AC56440014564100160200565700385640003AA9381E3A761F01FC4E096C2CB1
:20DF400076498FB9520260287649DD495200650C7649DD499B6400C9F0093B01761F02DEDF
:20DF500085A95601001E761F02DE8F000E100200A31EF61F561700A4A91CA8AC5644001C34
:20DF60005641001E761F02DF02005657000056400002A9001E02761F02DE920161150200E6
:20DF70001E141E165633A9381E3A761F02DF5633A9001E02761F02DE02001E1C1E1E2B0188
:20DF8000761F02422B0A8BBE0006764939C77622761F01F1180CFFFE761F01FC1A0A00016E
:20DF9000761F01F11806FFFC1A0A0001761A761F01FC1A0A00011A0A0002FF69764939C718
:20DFA000764939C7764939C7761F01FC1A0C0001764939C7761F01FC1A0C00020006762213
:20DFB000761F01F1180CFFFE761F01FC1A0A0001761F01F11806FFFC1A0A0001761AFF6935
:20DFC000764939C7761F01FC1A0C00011A0A0002764939C7761F01FC1A0A00010006FE0227
:20DFD00096417622761F01F1180CFFFE761F01FC1A0A0001761F01F11806FFFC1A0A00019E
:20DFE000761A761F01FC1A0C0002520061041A0A00016F031A0C0001FF69764939C7761FA6
:20DFF00001FC1A0A0002764939C7761F01FC1A0C0002FE820006FE027622761F01F11A0CAA
:20E0000000011806FFFC180AFFFE761A761F01FC1A0C0002FF69764939C7761F01FC1A0AA0
:20E010000002764939C7761F01FC9208900196411A0C0002520060039A006F029A01FE8298
:20E020000006FE02761F01FC1A0A00017649DFFB9641FE820006FE04964156BF80432B420F
:20E0300092425208670C9243CE417649DFCF9243FFC096430A429242520868F6FE84000611
:20E04000FE022B412B4292425208670B5603014196417649DFFB72410A429242520868F7B0
:20E050009241FE820006FE0697449643A8427649DF85CC437F00FFC650A07649E02B7649C6
:20E06000E0219645520160057649DFAF9A016F32CC4300FF7649E02B7649E02196455201BD
:20E0700060057649DFAF9A016F252B469244544669148A425846CC9400FF7649E02B7649FF
:20E08000E0219645520160057649DFAF9A016F120A469244544666EE7649DFAF2B461B4650
:20E0900013886707764939C70A461B46138868FB9A00FE860006FE0C97469645A84288455C
:20E0A0002901FF20FFFF0FA663039A026F599246944588A98F010000A8A90FA663039A031F
:20E0B0006F4F92459345FFC6FF869FA99748924860032B4B6F049A809E48964B924B5446F4
:20E0C00069039246964B92469E4BFFC6964A5603074A93469F4BEBA9964906421E44924B4E
:20E0D000610F934B92458A4476491451964852006027924B7245FFC00EA907441E44924ACF
:20E0E00061142B476F0F92458A449B807649145196485200601508450080024007441E4476
:20E0F0000A47924A544766F092496109934992458A44764914519648520060029A00FE8C52
:20E100000006FE0897449643A84288432901FF20FFFF0FA663039A026F6B9244944388A9D4
:20E110008F010000A8A90FA663039A036F617649DF859AA07649E02B7649E0219646520170
:20E1200060057649DFAF9A016F53CC43FF00FFC77649E02B7649E02196465201600576491F
:20E13000DFAF9A016F45CC4300FF7649E02B7649E0219646520160057649DFAF9A016F3837
:20E140007649DF859AA17649E02B7649E0219646520160057649DFAF9A016F2A2B4592447C
:20E15000544569207649E040964740456D0992458A42FFC058A95603084796946F08924553
:20E16000FFC00EA907428AA9924772C492449CFF544569049A007649DFCF0A459244544562
:20E1700066E29A017649DFCF7649DFAF9A00FE880006FE042B422B436F142B4192415209D2
:20E18000670B5603014396437649DFFB72430A419241520968F728A901FF544361062B4334
:20E1900092420A42520568EAFE840006FE0A7D4997489647A84229018F009F0C56030347A3
:20E1A000560100A4A8448344560303478F009BE8560100A4A8E58A4406E41E4692488342B9
:20E1B0008A467649ED6D8A442BC48A442BCC8A44924996F4FE8A0006FE0696452B462901A9
:20E1C0008F009F0C56030345560100A4A84206E41E4492457649E9495200601A9245764909
:20E1D000E8F892457649E9329646761F02C49233610A92456008924661069A019346764986
:20E1E000E8A36F0692469B028A447649ED80FE860006FE089647A84229018F009F0C56039C
:20E1F0000347560100A4A84606E41E443B10FF6983428A447649EDC8964829105202600308
:20E200009A016F029A00FE88FF690006FE04964329018F009F0C56030343560100A4A842A1
:20E210009243610352016024560303438F009F0C560100A4A84292437649E960520060573A
:20E2200092437649E90A8A4292CC60062BC492437649E8B96F4C8AD4924393C47649E8A314
:20E230008A420201560100D48A420BCC6F407649E9605200603C92437649E90A8A4292CCDB
:20E240006009761F02902B3C2BC492437649E8B96F2E761F0290923C600D8AD4924393C41A
:20E250007649E8A38A420201560100D48A420BCC6F1E923F5201600F9243933E7649E8A3B7
:20E26000761F02902B3F8A420201560100D48A420BCC6F0D8AD492C47649E2D0761F0290A8
:20E2700056BF013F9243933D7649E8A3FE840006FE0897469645A84252006005761F02814B
:20E2800056BF010C52016005761F028156BF010D29018F009F0C56030345560100A4A8447D
:20E2900092C4520160039A016F39761F02C492155201601B92468A427648708696475C4678
:20E2A000A8A9074219018AA99247FFC796C458468A42924790FF96945C46A8A907428AA913
:20E2B00056BF0DCC084600023B108A4406421ED48A44924696CC8A4456BF01C48A448AD4E1
:20E2C000FF69924593C47649E8A38A440201560100D48A440BCC29109A00FE88FF690006F6
:20E2D000FE029641761F0290FFC7963D924190FF963EFE820006FE0697469645A84229010B
:20E2E0008F009F0C56030345560100A4A84492C4520160039A016F1C3B10761F029056BFA3
:20E2F000013C06421ED48A44924696CC8A4456BF01C48A448AD4FF6992C47649E2D056BF77
:20E30000013F9245933D7649E8A329109A00FE86FF690006FE04964329018F009F0C56036F
:20E310000343560100A4A84292C4FE840006FE022B4192415218660677000A4192415218D0
:20E3200069FCFE82FF690006FE027649E3179A0A7649E4789A007649E4822B419241528141
:20E33000670B7649E3177649E3177649E3170A419241528168F77649E317FE820006B2BD32
:20E34000FE022B419241528167298F00B2408F40B2405841CC9401E0FFC4611CCC94001E41
:20E35000CD9401E0FFC0FFD455A965095941CD94FDFF929D9001FF88CAA8969458419294D4
:20E36000CDA9FE1FFFC4900F9CFF900FFF84CAA896940A419241528168DDFE828BBE00064A
:20E37000FE047C439742964158418F00B240CC9401E0FFC461059243610347436C25924171
:20E38000528167221843007F9242CD94FDFF9001FF88CAA89694584192429001CD94FFFE06
:20E39000CAA8969458419243900FFF84CD94FE1FCAA896945841CC43001EFFC0FF80CD94C2
:20E3A000FFE1CAA89694FE840006FE022B4192415281670C8F00B240A8A90D418AA918C4A5
:20E3B000FDFF0A419241528168F6FE820006FE022B4192415281671A8F00B240A8A90D41C9
:20E3C0008AA91AC402008F00B240A8A90D418AA918C4FE1F8F00B240A8A90D418AA918C4AF
:20E3D000FFE10A419241528168E8FE820006761F02CB1A0002001800FE1F1800FFE10006D5
:20E3E0000006FE022B4192415281671A8F00B240A8A90D418AA918C4FDFF8F00B240A8A987
:20E3F0000D418AA918C4FE1F8F00B240A8A90D418AA918C4FFE10A419241528168E8764984
:20E40000E3179A0A7649E4789A007649E4822B4192415281670B7649E3177649E3177649CF
:20E41000E3170A419241528168F77649E3177649E41EFE8200067649E41E00067649E31722
:20E420007649E3179A087649E4789A089B527649E4657649E3177649E3179A087649E478A0
:20E430009A089B307649E4657649E3177649E3179A087649E4789A089B0A7649E46576491A
:20E44000E3177649E3179A087649E4789A089B087649E4657649E3177649E3177649E317D4
:20E450009A087649E4789A089B027649E4657649E3177649E3179A087649E4789A089B0636
:20E460007649E4657649E3170006FE02974296415200610D7649E3177649E3177649E3173A
:20E470005603014296420B41924160F5FE820006FE0296415603044193A99A047649E465C7
:20E48000FE820006FE0296415603034193A99A057649E465FE820006761BFFF00005ABBD2C
:20E49000A8BDA0BDC2BDC3BDE20000BDE20300BDE20301BDE20302BDE20303BDE630060062
:20E4A000FF69294256169A007649E1BC761F003328210100E2AF03BEE2AF02BEE2AF01BE22
:20E4B000E2AF00BEE28000BEC5BEC4BE83BE8ABE87BE00033B30FFF176177602761BFFF027
:20E4C0000005ABBDA8BDA0BDC2BDC3BDE20000BDE20300BDE20301BDE20302BDE20303BDE1
:20E4D000E6300600FF69294256169A007649E206761F003328210100E2AF03BEE2AF02BEDB
:20E4E000E2AF01BEE2AF00BEE28000BEC5BEC4BE83BE8ABE87BE00033B30FFF17617760227
:20E4F000761BFFF00005ABBDA8BDA0BDC2BDC3BDE20000BDE20300BDE20301BDE20302BDD6
:20E50000E20303BDE6300600FF69294256169A017649E1BC761F003328210100E2AF03BEA0
:20E51000E2AF02BEE2AF01BEE2AF00BEE28000BEC5BEC4BE83BE8ABE87BE00033B30FFF1AA
:20E5200076177602761BFFF00005ABBDA8BDA0BDC2BDC3BDE20000BDE20300BDE20301BD44
:20E53000E20302BDE20303BDE6300600FF69294256169A017649E206761F003328210100D3
:20E54000E2AF03BEE2AF02BEE2AF01BEE2AF00BEE28000BEC5BEC4BE83BE8ABE87BE000383
:20E550003B30FFF176177602761BFFF00005ABBDA8BDA0BDC2BDC3BDE20000BDE20300BD5C
:20E56000E20301BDE20302BDE20303BDE6300600FF69294256169A027649E1BC761F003394
:20E5700056BF8021E2AF03BEE2AF02BEE2AF01BEE2AF00BEE28000BEC5BEC4BE83BE8ABEE5
:20E5800087BE00033B30FFF176177602761BFFF00005ABBDA8BDA0BDC2BDC3BDE20000BD86
:20E59000E20300BDE20301BDE20302BDE20303BDE6300600FF69294256169A027649E2063F
:20E5A000761F003356BF8021E2AF03BEE2AF02BEE2AF01BEE2AF00BEE28000BEC5BEC4BE76
:20E5B00083BE8ABE87BE00033B30FFF176177602D500A0BDA0BDA0BDA0BDA0BDA0BD804F48
:20E5C000F3A72902565E565E630256588AA9A9A5A3520650630256581E4AA94C0FA46003A9
:20E5D000A9A90FA5610F6613064A6113A0ABA8A97649E6890642A3444FA76C025658FE8CE3
:20E5E000000628AB00012BAA02006FF756336FF80200A8ABF61F5617004CA9A4A0ABF61F44
:20E5F0005617004CA8A96FE9D500A0BDA0BDA0BDA0BDA0BDA0BD80A82902565E565E630286
:20E6000056588AA9A9A5A3520650630256581E4AA94C0FA46003A9A90FA56112660E064ABD
:20E610006112A0ABA8A97649E6890646A3484FA76C025658FE8C0006A8A9A0AB6FF9563347
:20E62000FE8C00060200A8ABF61F5617004CA0ABF61F5617004CFF5A02006FEAD500A0BD28
:20E63000A0BDA0BDA0BDA0BDA0BD8AA9A9A50F506003A9A90F52610F6813065061130650F8
:20E640001E4A06521E4CA8A97649E6890642A344FE8C000628AB00012BAA02006FFA5633B5
:20E650006FF80200A8ABF61F56170052A9A4A0ABF61F56170052A8A96FECD500A0BDA0BD73
:20E66000A0BDA0BDA0BDA0BD8AA9A9A50F506003A9A90F526111680E0650611006501E4AC3
:20E6700006521E4CA8A97649E6890646A348FE8C0006A8A96FFD56336FFB0200A8ABF61F68
:20E6800056170052A0ABF61F56170052FF5A02006FEFD03F565E565E640E5635565221A501
:20E690005635565222A893A09FAC9FA597A02AA856A0D88156A08AA9A9A5064AFF531E4AD2
:20E6A000FF5A0648FF531E480F4C6003A9A90F4E680A0648565D004E5654004C1E48A94A7E
:20E6B0003B086F03064829080646FF531E460644FF531E44A8A9A0AB0008FFDE0006761FFA
:20E6C00002872B240006FE0297429641761F0287962492429625FE820006FE0296412B427B
:20E6D000761F02C692005203600428420C806F205204600428420C806F1B52026008764849
:20E6E000F5CD5202600428420C806F12761F02C7921752036106761F02C7921852036004A5
:20E6F00028420C806F05761F02872B2C6F2C761F028740326D1992245D418F00A1EC934235
:20E700007649D39E5200611F761F02871A3200019A1F764997B79A0176496DCB9A019B01FD
:20E710007649EE276F10934292245D418F00A1ED08A8012C7649D38952006105761F028782
:20E720001832FFFEFE820006FE029641761F028740326D4E9224D5018F00A1EE28A81F4011
:20E730007649D389520061109A1D764997B79A019B017649EE279A0176496DB3761F028784
:20E740001A3200016F1B761F02875D418F00A1EE28A8189C92247649D3895200610F9A1D3A
:20E75000764997B79A019B017649EE279A0176496DB3761F02871A320001761F01FC4508CD
:20E760006D35761F02870A3092305441692F2B309A1E764997B79A019B017649EE279A01EA
:20E7700076496DBF761F02871A3200016F1F761F01FC45086C07761F02870A31543167020C
:20E780009631761F02875D418F00A1EF28A8183892247649D39E520061099241761F028724
:20E79000543166041832FFFE2B31FE820006761F028792240006761F028792250006761F07
:20E7A0000287CC3200010006761F0287CC3200010006FE0296413B10761F02879629291070
:20E7B000FF69FE820006FE067C43974296417649E8698F0703AC0EC48F00FFFF0FA461130D
:20E7C0009242600656030241944396446F065603024194439C02964476C703AC3E679645E6
:20E7D000FFEF008D2B45FFEF008A761F01D09243CD01FF7F9001FF86CAA8960192456102E6
:20E7E000963B924260121801FFBF761F01D1063090001E30063290001E32063690001E3678
:20E7F000063890001E386F741A0100406F71761F01D29243CD01FF7F9001FF86CAA896011F
:20E8000092456102963B924260121801FFBF761F01D3063090001E30063290001E320636FF
:20E8100090001E36063890001E386F521A0100406F4F761F01D49243CD01FF7F9001FF8665
:20E82000CAA8960192456102963B924260121801FFBF761F01D5063090001E300632900060
:20E830001E32063690001E36063890001E386F301A0100406F2D761F01D69243CD01FF7F11
:20E840009001FF86CAA8960192456102963B924260121801FFBF761F01D7063090001E30F0
:20E85000063290001E32063690001E36063890001E386F0E1A0100406F0B9241FFE1FF77D1
:20E8600052016196520261B6520361D66F01FE860006FE0296416F2D8F0703B40EC48F003C
:20E87000FFFF0FA4612F76C703B43E676F2B8F0703B20EC48F00FFFF0FA4612476C703B240
:20E880003E676F208F0703B00EC48F00FFFF0FA4611976C703B03E676F158F0703AE0EC43D
:20E890008F00FFFF0FA4610E76C703AE3E676F0A520061D3520161DC520261E5520361EE59
:20E8A0006F01FE820006FE02974296415200600592427649E9776F0C520160059242764942
:20E8B000E9976F065202600492427649E9BEFE820006FE029641520060077649E982761F8C
:20E8C00002812B0C6F10520160077649E9A9761F02812B0D6F08520260067649E9D0761F66
:20E8D00002812B0EFE820006FE029641520060047649E9876F0A520160047649E9AE6F0530
:20E8E000520260037649E9D5FE820006FE029641520060047649E98C6F0A520160047649AE
:20E8F000E9B36F05520260037649E9DAFE820006FE029641520060047649E9916F0A5201A7
:20E9000060047649E9B86F05520260037649E9DFFE820006FE029641520060047649E99234
:20E910006F0A520160047649E9B96F05520260037649E9E0FE820006FE029742964152001B
:20E92000600592427649E9936F0C5201600592427649E9BA6F065202600492427649E9E170
:20E93000FE820006FE0296412B42520060057649E9E596426F0C520160057649EA0096422D
:20E940006F06520260047649EA1B96429242FE820006FE0296412B42520060057649E9EA07
:20E9500096426F0C520160057649EA0596426F06520260047649EA2096429242FE820006EE
:20E96000FE0296412B42520060057649E9F596426F0C520160057649EA1096426F0652029A
:20E9700060047649EA2B96429242FE820006FE029641761F01C81A04000193093CA89709A9
:20E98000FE820006761F01C81804FFFE0006761F01C81804FFFD0006761F01C81A0400027A
:20E99000000600060006FE029641FE820006FE029641761F02C492336005761F01C81A1410
:20E9A0000001761F01C8924193193CA89719FE820006761F01C81814FFFE0006761F01C874
:20E9B0001814FFFD0006761F01C81A140002000600060006FE029641FE820006FE02964145
:20E9C000761F02C492336005761F01C81A240001761F01C8924193293CA89729FE820006FE
:20E9D000761F01C81824FFFE0006761F01C81824FFFD0006761F01C81A2400020006000644
:20E9E0000006FE029641FE820006761F01C8CC0700FF0006761F01C8CC050040FFC55201F8
:20E9F00060039A006F029A010006761F01C8CC040080FFC6520160039A006F029A01000623
:20EA0000761F01C8CC1700FF0006761F01C8CC150040FFC5520160039A006F029A0100060B
:20EA1000761F01C8CC140080FFC6520160039A006F029A010006761F01C8CC2700FF0006AB
:20EA2000761F01C8CC250040FFC5520160039A006F029A010006761F01C8CC240080FFC68E
:20EA3000520160039A006F029A010006FE06A044A84206441E468A4609011E462BC48A46E7
:20EA4000A8A909011E462BC48A46A8A909011E462BC48A46A8A909011E462BC48A46A8A9EB
:20EA500009011E462BC48A46A8A909011E462BC48A46A8A909011E462BC48A46A8A9090122
:20EA60001E462BC48A46A8A909011E4628C40A0A8A46A8A909011E462BC48A46A8A909010B
:20EA70001E4628C4098D8A46A8A909011E462BC4C54606A709011E46924296C783468AA5D3
:20EA80000642DC01A84697C58A46A8A909011E4628C40A0A8A46A8A909011E462BC48A462A
:20EA9000A8A909011E462BC48A46A8A909011E462BC48A46A8A909011E462BC48A46A8A99B
:20EAA00009011E462BC48A46A8A909011E462BC48A46A8A909011E462BC48A46A8A90901D2
:20EAB0001E462BC48A46A8A909011E462BC48A46A8A909011E462BC48A46A8A909011E4668
:20EAC0002BC48A46A8A909011E462BC48A46A8A909011E462BC48A46A8A909011E462BC4CD
:20EAD0008A46A8A909011E462BC48A46A8A909011E462BC48A46A8A909011E462BC48A46DC
:20EAE000A8A909011E462BC48A46A8A909011E462BC4020107461E468A46FE860006FE06D8
:20EAF0007D447C43974296415200601D3B01761F02A985181EA628AC138832420200F61F30
:20EB0000561700A63F453B10761F02819234FF69761F0281944593359C0100C9F073964570
:20EB100029106F6D5201601F3B01761F02A985181EA628AC138832420200F61F561700A614
:20EB20003F45761F02819245933500C9F07396453B109235FF6993359E4500C9F073964567
:20EB300029106F4D520260273B01761F02A985181EA628AC138832420200F61F561700A60B
:20EB40003F453B10761F028192459434761F02819C020EA9F60F1F389C012DA91238EA457A
:20EB5000761F0281FF699245933500C9F073964529106F25520460213B10761F02819234B2
:20EB60009C01761F0281FF69560301A99438761F0281933500C9F009761F02812DA93338AE
:20EB70009238FFA094AB9645761F0281933500C9F073964529106F0392429645761F02C565
:20EB800088282901FF20FFFF0FA6600A3B1092459628924396299244962A29106F15882BE5
:20EB90000FA6600A3B109245962B9243962C9244962D29106F093B109245962E9243962F02
:20EBA000924496302910FE86FF690006764926D628A903E87649363A7649EC4028A901F437
:20EBB0009B008F08DCB77649EC5A761F02DC56BF0B0656BF280528A901F49B018F08DF6068
:20EBC0007649EC5A761F02DC2B1056BF280F28A901F49B028F0972FE7649EC5A761F02DC53
:20EBD00056BF011A56BF141928A901F48F0990919B037649EC5A761F02DC56BF022456BFCE
:20EBE000142328A901F49B048F08B2C47649EC5A761F02DC2B2E56BF0C2D28A901F49B05E7
:20EBF0008F08F9977649EC5A761F02DC56BF033856BF283728A901F49B068F084010764995
:20EC0000EC5A761F02DD56BF050256BF640128A901F49B078F09EECA7649EC5A761F02DD73
:20EC100056BF070C56BFC80B7649EC4700063B10761F02DC2B192B232B37761F02DD2B018A
:20EC20002B0B2910FF6900063B10761F02DC56BF011A56BF141956BF022456BF142356BF2B
:20EC3000033856BF2837761F02DD56BF050256BF640156BF070C56BFC80B2910FF69000654
:20EC40007649ED267649ED3D7649ED4E00067649ECDA761F02C5961F962028AC000A8F0040
:20EC5000B700301F560100A4A82206221E247649EF320006FE0A974A9649A842761F02C57B
:20EC600006261E4828AC000AC4488F00B702304A560100A4C2C476C0B704304A560100A76C
:20EC7000924996C70E495601002683488A427649EA36A84628AC000A8F00B700304A56011F
:20EC800000A4A84406461EC48A442BEC8A442BF48A442BFC9A01761F02C52D4AFF66981E66
:20EC9000FE8A00067649ECDA761F02C5961F881F0E200FA6610D921F962028AC000A8F0074
:20ECA000B700301F560100A4A8227649EF650006FE0496432B4428AC000A8F00B70230438D
:20ECB000560100A406C41E428A4292C4600E0A449244520A600B30438F00B702560100A4EE
:20ECC00092429EC49CF66F152B44020107421E428F00B7028F40B7043043560100A430431A
:20ECD000560100A50EC507C40F4260DF9A006F01FE840006761F02C5921E900F6108921EA4
:20ECE000900F58A98F00A42C92946F26921E90F0610ACC1E00F0FFC358A98F00A42C92949D
:20ECF0009C046F1ACC1E0F00610ACC1E0F00FFC758A98F00A42C92949C086F0ECC1EF00037
:20ED0000610ACC1EF000FFCB58A98F00A42C92949C0C6F029A0700063B10FF697649ECDA66
:20ED1000761F02C5961F761F02C5962028AC000A761F02C58F00B700301F560100A4761F61
:20ED200002C5A822003F2910FF690006FE022B411B410FA0630C3B018F00EF40A8A9814169
:20ED30008AA92BC40A411B410FA064F78F00EF40761F02C5A826FE820006761F02C52B1EDD
:20ED4000761F02C52B20761F02C52B1F0200761F02C51E22761F02C51E240006FE048F0093
:20ED5000B700A8422B439243520867168A4202001EC48A422BEC8A422BF48A422BFC02086D
:20ED600007428AA928C4FFFF020A07421E420A439243520868ECFE840006FE069645A0445D
:20ED7000A84206441EC48A4206441ED48A4206441EE48A422BF48A42924596FCFE860006A3
:20ED8000FE0497449643A842834288F50EFC0FA6602B924452016016C5C4924396C7834228
:20ED90008A420EFD07E419010FC4600406E41EC56F040201560100C48A42834206C41ED5A4
:20EDA0006F115202600F06E40FC560080EFD07E419011EA7924396C76F05C5C49243DF81B1
:20EDB00096C79A016F14C5C4924396C78A420AF483428A420EFD07E419010FC4600406E481
:20EDC0001EC56F040201560100C49A00FE840006FE04A044A84292F460039A026F168342FE
:20EDD000C5D58A4492C796C48A420BF483428A420EFD07E419010FD4600406E41ED56F0405
:20EDE0000201560100D49A00FE840006FE0296413B10761F02C5020807241EA7924196C71B
:20EDF0008A2492FC96429241FF5ECE42601B761F02C59A012D20761F02C5FF66FF5EC01EF4
:20EE00002910FF697649ED0C3B10761F02C58A2492FC96429241C0FC29109241FF5ECE42D6
:20EE10006F079241C0FC29109241FF5ECE42FE82FF690006FE023B10761F02C58A2492FC93
:20EE200096412BFC29109241FF69FE820006FE04974496433B1028AC000A8F00B700304342
:20EE3000560100A4A8429A012D44FF6698FC020807428AA992C48A42FF5ECEFC61072D4331
:20EE40009A01761F02C5FF66981E2910FE84FF69000628ADED40FF69561F5616561AE610C6
:20EE500002002940761F00002902761B7649F09152006142762228A9239828A8000A0901A9
:20EE6000611B76CA239829046F0F9B0024A9DF016C04290424A8DF011EA6F7A1248606A72C
:20EE700081A109011EA724A96303FF5C3B0459A9DF010009FFEC28A9FFFF28A8FFFF090147
:20EE800061058F3FFFFF7649EFE5761A7649F09328A9FFFF28A8FFFF0901610E76FFFFFF52
:20EE90006F06DF01C3BD1EA73E67C5BE24A9DF0124A8FF5860F77649F05C7649EFBE761F6D
:20EEA00002C6920052016014761F02B50A3D923D520468072B3D761F01FC1A0308006F1A62
:20EEB00052026018761F01FC1A0508006F13761F02B50A3D923D520A68072B3D761F01FC14
:20EEC0001A0308006F0752056005761F01FC1A0508000006FE029A007649EDE69641404198
:20EED0006CFB761F02BA922E52076011761F01009204761F02BA722F761F01149204761FED
:20EEE00002BA7230761F02BA56BF082E7649EE9F761F02B50B3C62E056BF0A3C7649DD926E
:20EEF0007649DEE56FD97640E6A67640E6D47640E71E0006FE0A76229A0228A85A5A8F0571
:20EF000000241EC4FF698F05F80002C87640EA8A9649520061037640E7559A007640EC85BB
:20EF10009649520061037640E7559A068F0840007640ECD096497640ED2A520260FD5DAD0A
:20EF2000FF2002008F084000DD885DA57640EB3E9649520061037640E755FE8A00067625E3
:20EF3000FF690006761F02C5C42406C696AD000787BEC5BEC4BE83BE8ABE82BE86BE00039F
:20EF400076017602761B76090005AABDA2BDA8BDA0BDC2BDC3BDABBD0004761F02C5C42476
:20EF500092AD1EC6761F02C5C52206C796AD06221E24000787BEC5BEC4BE83BE8ABE82BEA7
:20EF600086BE0003760176177602000700076FE6761BFFF0E20000BDE6300600FE022942C5
:20EF70005616F5410CE0924190FEFFC096421B410E0068030842008076256F00761BFFF0D2
:20EF8000E20000BDE63006002942561676256F00761BFFF0E20000BDE630060029425616C3
:20EF900076256F0029022904565FFF5A0642565F1E420200F61F5617004206AB563229026A
:20EFA000762029022904565FFF5A0642FF561E420200F61F56170042563229027620FF5AF0
:20EFB0000200F61F56170042A9A97620FF5A0200F61F56170042762077006F00B2BD761FF4
:20EFC00002C559A99238610D28ABFFFF28AAFFFF28A9FFFF28A8FFFF0FAB6103767FFFFFE1
:20EFD000761F02A0C53E3E67761F02C5063C61041EA792A13E67761F02C5063A61031EA7DD
:20EFE0003E677649EFBC8BBE0006B2BDAABDA2BDFE0882A4D1005ACB6F155CAD290156034C
:20EFF00003A107A3DC8809025CA483A902087649F02B064261068A4483467649F02B5ACBEF
:20F00000D90192A254A166EAFE8882BE86BE8BBE00065CA871A997A63B0185A9FF565DA924
:20F0100085A4FF565CA992A5F60F1FA44FA66C02FF5C762096A65CA83B0185A9FF565DA905
:20F0200085A4FF565CA992A5F60F1FA44FA66C02FF5D92A876205200A8ABC5A4610788A918
:20F03000DE815C857C87000EFFFE88A90FA6610F5300610D9DFF5CA876BFFFFE9285968755
:20F04000000EFFFE92859687000CFFF8A9A40006761D1EBD874856050044A9A45647004411
:20F050008746A9A95665004407AB87425665004807ABA8ABFE847620020028ABFFFF28AA42
:20F06000FFFF19010FAB60049A00D4006F05A9A492C4A9A4DC027649EBA6000697A69B007C
:20F07000F60F1FA6762097A69B00F60F1FA692A87620761F02B5A83E0006761F02A0A83E59
:20F0800000060006561F7622B9C028290068761A0049EE49FF58C4A4610419017D8660FE76
:08F0900000069A0100060006CB
:20F09800761BFFF0E20000BDE630060029425616761F01401A1800021A1800011A150008D2
:20F0A800761F003356BF0821E28000BEFFF176177602761BFFF0E20000BDE6300600294287
:20F0B80056167622761F01411A1800021A1800011A150008761F003356BF0821761AE280C7
:20F0C80000BE3B30FFF176177602761BFFF0A8BDC2BDE20000BDE6300600FE022942561614
:20F0D800761F014006241E42761F02851E00BEC80302FF5A761F02840200F61F561700A655
:20F0E80092AB0EA91E3E923E761F0280961A761F0284FF2013880F3E690E761F01401A3860
:20F0F80000021A3800011A350008761F003356BF08216F1D923E761F0280961B761F028506
:20F1080006001E02761F02DC1A250008761F02C51A1E0008761F01401A3800021A380001EE
:20F118001A350008761F003356BF0821FE82E28000BEC4BE8ABEFFF176177602761BFFF09B
:20F128000005ABBDA8BDA0BDC2BDC3BDE20000BDE20300BDE20301BDE20302BDE20303BD6C
:20F13800E6300600FE06FF692942561602001E441E468F04801006C41E428F04809C06C4CA
:20F148001E462901FF2080000F4260058F0480040EC41E4402010F42600476499EC06F3FF6
:20F1580002020F426004764998946F3902040F4260047649989E6F3302070F42600476497C
:20F1680098A86F2D44466C0476499E546F2802080F426011761F02BA9206600A761F01FCB8
:20F1780046096D047648B3536F037648B385764998B26F1502090F426004764998BC6F0FAD
:20F1880042466C0476499E1E6F0A45466C0476499E8A6F0549466C0376499DE88F04805878
:20F198001AC40001761F003328210100FE86E2AF03BEE2AF02BEE2AF01BEE2AF00BEE2803E
:20F1A80000BEC5BEC4BE83BE8ABE87BE00033B30FFF176177602761BFFF00005ABBDA8BD01
:20F1B800A0BDC2BDC3BDE20000BDE20300BDE20301BDE20302BDE20303BDE6300600FF692A
:20F1C800294256167622761F0116CC04FFFC500296041A1B0004761A7622CC04FFFC5002D7
:20F1D80096041A1B0004761A761F0282920E52016147761F011C9204521E691940056D17FD
:20F1E800761F011DCC07FF3F50409607761F0121CC07FF3F50409607761F02B2923C761F75
:20F1F800011D962D761F0121962B6F26761F02B2923C761F011C9CE25404691492059001C5
:20F2080052016010761F011D2B2B761F01212B2D761F011D1807FF3F761F01211807FF3FE7
:20F218006F0B7622761F011E1A1B0004761F01221A1B0004761A761F028256BF010E761F84
:20F22800011D56BF0509761F012156BF0509761F02B21A000400761F02B21A010400761F47
:20F2380002B22B11761F02B22B25761F02C72B17761F02C6920052066109761F02E256BF4E
:20F248001A069A01FF6976496D8F761F02B22B39761F003328210800E2AF03BEE2AF02BE5F
:20F25800E2AF01BEE2AF00BEE28000BEC5BEC4BE83BE8ABE87BE00033B30FFF176177602A1
:20F26800761BFFF00005ABBDAABDA2BDA8BDA0BDC2BDC3BDE20000BDE20300BDE20301BD2E
:20F27800E20302BDE20303BDE6300600FE08FF6929425616761F01D4280D801C761F02A951
:20F2880092007649B300761F02A9931895A99747761F010192479623761F01059623761F49
:20F2980001099623761F010D96237640E4A9761F024492005201690B761F02BA9206520283
:20F2A8006006761F0281923496486F05761F0281923396485200FFE00099761F014006202F
:20F2B8001E46761F02851E08030ABDA90F16770077007700E801DD18E68B0009E80EB8503D
:20F2C800E70000407700E68E0000761F0280E2130021761F028506081E0A761F02809221CB
:20F2D8009622961D920E960F92139614761F02850608761F02840336BDA90F167700770020
:20F2E8007700E801DD18E68B0009E80EB850E70000407700E68E0000761F0281E2130020FA
:20F2F800761F02850608761F0284033ABDA90F16770077007700E801DD18E68B0009E80E36
:20F30800B850E70000407700E68E0000761F0281E2130021761F0284923E761F0280961CE9
:20F31800761F028506080300BDA90F16770077007700E801DD18E68B0009E80EB850E7007B
:20F3280000407700E68E0000761F0281E2130022761F02DC1A1B0004761F02C51A1E000427
:20F33800761F02DC1A1B0002761F02C51A1E00047648F5B152016009761F02DC1A11004075
:20F34800761F02C51A1E0002761F027D2D2A1202562F04282D311202562F042F3B012D3814
:20F358001204FF4A9E3E9636761F027E2D01761F027D1205761F027EFF4A9E07761F027D09
:20F36800963F8F0003E82D28A8421236FF12007D00C9EF92761F02831E12761F027D2D2F1D
:20F37800A842123FFF12007D00C9EF92761F02831E18761F027D2D1B1203562F04192D22B0
:20F388001203562F0420761F02C692006107761F027D92199E2096276F05761F027D9220DC
:20F398009627761F027F2D1A3B01761F027D1207761F027FFF4A9E2096192D22761F027DA3
:20F3A8001207761F027FFF4A9E289621761F027E2D0E761F027D1206761F027EFF4A9E14C4
:20F3B800960C2D1B761F02801232761F027E562F041A2D38761F027D1208761F027E562F0B
:20F3C8000437761F027F2D3A761F02801233761F027F562F04392D02761F027D1209761F46
:20F3D800027F562F0401761F027D2D14761F02801235761F027D562F04122D0D761F028057
:20F3E8001234761F027D562F040C2D0C761F0245303D761F02C5070E761F027DFF4A960C24
:20F3F800520063022B0C920C9B0A00C9F009960B761F02802D061236562F0403761F027F2D
:20F408002D2A761F02801237761F027F562F0429761F027E3B012D25761F02801239761FCB
:20F41800027EFF4AFF5C96242D2E761F0280123A761F027EFF4AFF5C962D761F027F2D0D6C
:20F42800761F027D1208761F027F562F040B2D14761F0280123A761F027F562F0412761F02
:20F43800027E2D17761F0280123B761F027E562F0415761F02819B08923400C9F01A520033
:20F44800606E761F027F2D39761F02801203761F028556010012761F02800A27761F027F4B
:20F458002D39761F02801203761F028556010016761F02800A29761F027F2D011229761F1B
:20F4680002855601001A761F02800A2B761F027E2D1A1224761F02855601001E761F028006
:20F478000A2D761F027E2D37122D761F028556010022761F02800A2F761F027F2D0B12122E
:20F48800761F028556010026761F02800A31761F02850628761F028356010022761F027E87
:20F498000A1E2D371237761F02835601003A761F027E0A3B761F027F2D391239761F028498
:20F4A80056010026761F027F0A3D2D011201761F028456010002761F027F0A053B01761FBF
:20F4B800027D8528761F028356010002761F027D0A2D852F761F028356010006761F027D0B
:20F4C8000A348536761F02835601000A761F027D0A3B853F761F02835601000E761F027EFF
:20F4D8000A04761F0283061256010014761F027E0A08761F028306185601001A761F027E84
:20F4E8000A0A761F027D8519761F02825601003A761F027D0A1E8520761F02825601003E05
:20F4F800761F027D0A25761F027F8519761F028456010012761F027F0A1D8521761F02847B
:20F5080056010016761F027F0A25761F027E850C761F02835601001E761F027E0A11761F37
:20F51800027D8512761F028256010036761F027D0A17850C761F028256010032761F027D9B
:20F528000A10761F027F853A761F02845601002A761F027F0A3F761F02808506761F02841C
:20F5380056010032761F02800A09761F027E8538761F02835601003E761F027E0A3D852E70
:20F54800761F028356010036761F027E0A33851B761F028356010026761F027E0A2085258A
:20F55800761F02835601002E761F027E0A2A761F027F8502761F028456010006761F027F80
:20F568000A07852A761F02845601001E761F027F0A2F761F02802D031203761F0284560116
:20F57800002E761F02800A07761F027F2D291229761F02845601001A761F027F0A2D761F08
:20F58800027E2D241224761F02835601002A761F027E0A282D2D122D761F0283560100323E
:20F59800761F027E0A31761F02808523761F02855601000C761F02800A24761F027F2D0B32
:20F5A800120B761F02845601000A761F027F0A102D121212761F02845601000E761F027F81
:20F5B8000A17761F02868500560100020A04850C5601000E0A1085185601001A0A1C85241C
:20F5C800560100260A288530560100320A34761F02878500560100020A04850C5601000EF8
:20F5D8000A1085185601001A0A1C7640E4A9761F02810A3392335435FFE401662B33761FA2
:20F5E80002E09203761F02E09604761F02D69200761F02D69608761F028406261E28761F4F
:20F5F800027F923D963E761F028402001E26761F027F2B3D761F028406021E04761F027F95
:20F6080092059606761F028402001E02761F027F2B05761F0284062E1E30761F02809207DF
:20F618009608761F028402001E2E761F02802B07761F0284061A1E1C761F027F922D962E74
:20F62800761F028402001E1A761F027F2B2D761F0283062A1E2C761F027E92289629761F48
:20F63800028302001E2A761F027E2B28761F028306321E34761F027E92319632761F02831D
:20F6480002001E32761F027E2B31761F028306021E04761F027D922D962E761F02830200E8
:20F658001E02761F027D2B2D761F028306061E08761F027D92349635761F028302001E06D5
:20F66800761F027D2B34761F0283060A1E0C761F027D923B963C761F028302001E0A761F2F
:20F67800027D2B3B761F0283060E1E10761F027E92049605761F028302001E0E761F027E8E
:20F688002B04761F028306141E16761F027E92089609761F028302001E14761F027E2B08E7
:20F69800761F0283061A1E1C761F027E920A960B761F028302001E1A761F027E2B0A761F59
:20F6A8000283061E1E20761F027E92119612761F028302001E1E761F027E2B11761F028239
:20F6B800063A1E3C761F027D921E961F761F028202001E3A761F027D2B1E761F0282063EF2
:20F6C800761F02831E00761F027D92259626761F028202001E3E761F027D2B25761F02846D
:20F6D80006121E14761F027F921D961E761F028402001E12761F027F2B1D761F028406166D
:20F6E8001E18761F027F92259626761F028402001E16761F027F2B25761F0284060A1E0C37
:20F6F800761F027F92109611761F028402001E0A761F027F2B10761F0284060E1E10761F0B
:20F70800027F92179618761F028402001E0E761F027F2B17761F02801B1508FC6918761F07
:20F718000283063A1E3C761F027E923B963C761F028302001E3A761F027E2B3B761F02DC9C
:20F728001A250004761F02C51A1E0008761F02801B1008FC6918761F028306221E24761F02
:20F73800027E921E961F761F028302001E22761F027E2B1E761F02DC1A250002761F02C502
:20F748001A1E0008761F0244920052036007761F02819236943396346F1652046007761FF0
:20F7580002819237943396346F0E52066008761F0281923894339CFE96346F05761F0281DE
:20F768009233963492355434620274343B012D348535761F02A91E42300000C9EF92761F91
:20F778000280963F761F02A99200761F0280543F6602743F923F963E7640E4A9761F01D431
:20F78800CC002000FFCC520161FA761F002C9200761F027D9623761F002C9201761F027D74
:20F79800961C761F002C9202761F028008A9F8009618761F002C9203761F027F9E37761F06
:20F7A800028008A9F8009604761F002C9205761F027D960E761F002C9205761F027D961555
:20F7B800761F002C9220761F027F08A9F800961B761F02529234521C600A761F002C922153
:20F7C800761F027F08A9F80096236F04761F027F2B23761F002C9222761F028008A9F8009D
:20F7D8009616761F002D9202761F027E9E2308A9F800961C961D761F002D9203761F0280BD
:20F7E8009E02761F027F08A9F800963B963C761F002D9204761F027F9E38761F027E08A9F5
:20F7F800F80096269627761F002D9220761F027D962B761F002D9221761F027D9632761F51
:20F80800002D9222761F027D08A9F8009639761F002D9223761F027E08A9F8009602761F11
:20F81800002D9224761F027E08A9F800960F761F002D922E761F027E9618761F0282920793
:20F828006214761F002D920F761F0287960C761F028256BF0107761F01FC1A1500041A15FD
:20F8380000021A1300016F3F52026014761F002D920F761F02869600761F028256BF0307BC
:20F84800761F01FC1A1500041A1300021A1300016F2A52046014761F002D920F761F02869B
:20F858009624761F028256BF0507761F01FC1A1300041A1500021A1300016F15520660132B
:20F86800761F002D920F761F0286960C761F028256BF0707761F01FC1A1300041A13000230
:20F878001A130001761F027D922C942BFFA0962A923A9439FFA0963892339432FFA096315B
:20F88800761F027E92039402FFA09601761F027D921D941CFFA0961B92249423FFA0962263
:20F89800761F027E9210940FFFA0960E92199418FFA09617761F027D920F940EFFA0960D77
:20F8A80092169415FFA09614761F027F921C941BFFA0961A92249423FFA09622923C943B83
:20F8B800FFA0963A761F028092059404FFA09606761F027F92049403FFA09602761F027EB1
:20F8C800921D941CFFA0961B92279426FFA09625923A9439FFA096389230942FFFA0962EB6
:20F8D800761F027D2D2A761F02453025761F027D562F042A2D38761F0245302D761F027DFB
:20F8E800562F04382D31761F02453027761F027D562F0431761F027E2D01761F0245302F62
:20F8F800761F027E562F0401761F027D2D1B761F02453035761F027D562F041B2D22761F18
:20F9080002453035761F027D562F0422761F027E2D0E761F02453039761F027E562F040E33
:20F91800761F027F2D3A761F02463003761F027F562F043A761F02802D06761F024630040E
:20F92800761F0280562F0406761F027E2D1B761F02463007761F027E562F041B2D25761F08
:20F9380002463008761F027E562F0425761F027F2D02761F02463005761F027F562F040274
:20F94800761F027E2D38761F02463009761F027E562F04382D2E761F0246300A761F027EB2
:20F95800562F042E761F027D2D14761F0245303B761F027D562F0414761F02E2921F52010E
:20F96800600B761F02809206761F027E9E2E761F027F962A6F0A761F02809206761F027E71
:20F978009E25761F027F962A761F027E9238761F027F960D761F027E922E761F027F9614A9
:20F988002D1A761F02463001761F027F562F041A2D22761F02463001761F027F562F042233
:20F998007640E4A9761F027FE801CA889A00E2C801398F009740E80CE1F8E700004076402D
:20F9A800DEBF761F0280E801CD589A00E2C801038F0097C0E808FA98E70000407640DEBF53
:20F9B8008F0097C08F409740A8428F0094C67640E14A761F0253E2AF0010E84FC0007700F6
:20F9C800E88FC0007700E68C0000761F0282E2130004761F0253E2AF0014E84FC0007700F0
:20F9D800E88FC0007700E68C0000761F0282E2130005761F02C692005203FFE000F3761F31
:20F9E8000282920060407649CEB7761F027D2DA93550540B69383B01761F027F8539FF5631
:20F9F80052FA6531761F02810A3F923F5214652E2B3F761F028256BF01009A007648F68477
:20FA0800761F02DC1A110200761F02C51A1E0002761F0281923E520363030A3E6F17761FA2
:20FA180002871A3200019A1F764997B79A0176496DCB761F02DC1A110002761F02C51A1E6C
:20FA280000026F04761F02812B3F761F0281922E520368409212603A92176038761F02805C
:20FA3800923F761F0281961856BF02192B1A761F01FCCC090002FFC052016009761F0244E3
:20FA480092006105761F01FC1A0D0002761F028156BF641256BF0117761F02D656BF013F59
:20FA5800761F02D79200520668112B00761F02E256BF25069A0176496E13761F02DC1A1160
:20FA68000002761F02C51A1E0002761F02812B166F0A921260080A1692165214690456BF58
:20FA78001E162B1792196538921A5232602D761F0280923F761F0281541861049C01541819
:20FA8800602356BF641256BF01170B192B1A08180005761F02A99200761F02815418680EC9
:20FA9800761F02A99201761F02815418670D9218761F02A99CFB54016707761F02812B12EA
:20FAA8002B172B192B18761F02810A1A921A5232650356BF321A9212612256BF01150B12D1
:20FAB800761F02821A030001761F0280923F6113761F02A90E01761F0280883F0FA6610B4D
:20FAC800761F02A99201761F0280883F9C010EA90FA6600B761F02812B126F072B156F057A
:20FAD800761F02812B122B19761F01FC41096D0C761F02810A329232523269062B32761F23
:20FAE80001FC1A0B0002761F02C692005203610A5202FFE0011A761F02C692025207FFE0B4
:20FAF8000114761F02AA3B012D03761F02808504761F02AA3302FF5693AB55A96351761F3C
:20FB080002821A030002761F02AA930692A8761F02AAFFCE94A8FFA05402FFE100B7761FBB
:20FB180002810A2B922B5227FFE800B07622761F01021A1B0004761F01061A1B0004761F75
:20FB2800010A1A1B0004761F010E1A1B0004761F010156BF0509761F010556BF0509761F8F
:20FB3800010956BF0509761F010D56BF0509761A761F028256BF0106761F02812B2B761FF2
:20FB480002C60A34761F02E256BF2406761F02DC1A110002761F02C51A1E00026F76761F2F
:20FB58000244920D761F026F9C46540D67287622761F01021A1B0004761F01061A1B000492
:20FB6800761F010A1A1B0004761F010E1A1B0004761F010156BF0509761F010556BF05094F
:20FB7800761F010956BF0509761F010D56BF0509761A761F028256BF01066F47761F028251
:20FB8800920652016027761F010156BF0509761F010556BF0509761F010956BF0509761F1C
:20FB9800010D56BF05097622761F01021A170004761F01061A170004761F010A1A17000411
:20FBA800761F010E1A170004761A761F02822B066F17761F0281921560137622761F0102A2
:20FBB8001A170004761F01061A170004761F010A1A170004761F010E1A170004761A761F54
:20FBC8000281922B61020B2B761F02808516761F0282FF5654176209761F02808518761F05
:20FBD8000282FF5654176512761F02C60A3792375202FFE8028D56BF0237761F02821A039D
:20FBE800000456BF0101FFEF0283761F02C692375202FFE8027D761F02808516761F0282C4
:20FBF800FF565418FFE30274761F02808518761F0282FF565418FFE3026B2B01761F02C66E
:20FC08002B37FFEF0265761F02C692005204FFE002467649CEB7761F02442DA93105920DEF
:20FC1800761F027D9EAB540B670C761F02810A0B761F021F9218520565099A0574186F06AB
:20FC2800761F0281920B61020B0B3B01761F02808504761F02AAFF565404654A761F0282FC
:20FC38001A03000877007622761F01021A1B0004761F01061A1B0004761F010A1A1B0004F9
:20FC4800761F010E1A1B0004761F010156BF0509761F010556BF0509761F010956BF050985
:20FC5800761F010D56BF0509761A761F028256BF0106761F028156BF0129761F02BD922C98
:20FC6800761F0281542CFFE601AD2B2C761F02C60A34761F02E256BF2406761F02DC1A1109
:20FC78000002761F02C51A1E0002FFEF019B761F02808504761F02AAFF5654056247761F7D
:20FC8800027D1B12196462421B1218386506761F02C692025202613A761F0244920D761FB8
:20FC9800026F540D6833761F0281920B5214662E7649CE9852016006761F02C6920252020D
:20FCA8006125761F02E2CC000008FFC25201600A761F02E2921F6006761F02C6920252090F
:20FCB8006115761F02E2CC010008FFC25201FFE00121761F02E2921F5201FFE0011B761F46
:20FCC80002C692025209FFE00115761F02821A03001077007622761F01021A1B0004761FB5
:20FCD80001061A1B0004761F010A1A1B0004761F010E1A1B0004761F010156BF0509761FC7
:20FCE800010556BF0509761F010956BF0509761F010D56BF0509761A761F028256BF010686
:20FCF800761F02C6920161027700761F02C69202FFE100CF761F0101280005552BAC3B0156
:20FD080028020555761F0100E591180CFFFC761F01052800055585AC28020555761F0104C0
:20FD1800180CFFFC3100FF69761F0101282BFFFFD300D200D000D500282DFFFFE68C000814
:20FD2800761F0105282BFFFF282DFFFF1809FFFC1809FFF3761F01011809FFFC1809FFF387
:20FD3800761F01092800055528020555761F02AB1E2A761F0108180CFFFC761F010D2800F4
:20FD4800055528020555761F010C180CFFFC761F0109282BFFFF282DFFFF761F010D282BC3
:20FD5800FFFF282DFFFF1809FFFC1809FFF3761F01091809FFFC761F02A92B09761F02A99C
:20FD68002B0A761F02A92B0B761F02AB1E1C761F02AB1E1E761F02AB1E20761F0109180996
:20FD7800FFF3761F02A92B0D761F02A93F0E761F02A93F0F761F01052B09761F02C62B028D
:20FD8800761F02A956BF010C761F02A92B39761F02AA56BF0236761F02AA56BF0237761FA3
:20FD980002AA2B0A761F021F2B19761F021F2B18761F021F2B1A761F02C42B26761F02AB8E
:20FDA800E203012C761F02ABA218761F02ABAA1A761F02ACA906761F02AB3A2E761F02AB49
:20FDB800A022761F02A9E2130010761F02ACA908761F02AB1E28761F02AB1E26761F010D7F
:20FDC8002B09761F01012B09761F01092B09761F02812B28761F02C62B20761F02C61B328C
:20FDD80001C26903283201C2761F02812B0B6F39761F0282920652016014761F010156BFA5
:20FDE8000509761F010556BF0509761F010956BF0509761F010D56BF0509761F02822B065D
:20FDF80077007622761F01021A170004761F01061A170004761F010A1A170004761F010EC5
:20FE08001A170004761A761F02819228600756BF0128761F02A956BF013E761F02812B15B2
:20FE18003B01761F02808516761F0282FF5654176209761F02808518761F0282FF5654170B
:20FE28006513761F02C60A3792376141761F02821A030020761F02C656BF0237761F02821F
:20FE380056BF01016F34761F02C692375202682F761F02808516761F0282FF5654186327C9
:20FE4800761F02808518761F0282FF565418631F2B01761F02C62B376F1A77007622761F72
:20FE580001021A170004761F01061A170004761F010A1A170004761F010E1A170004761A43
:20FE6800761F02812B15761F02822B06761F02C6920252086165761F02E6921D52026103E3
:20FE780052006024761F01FC4E096D10761F02E6921E5201601B761F02801B3F010F60163C
:20FE8800761F01FC1A0B40006F11761F02E6921E600D761F02801B3F01026104923F524409
:20FE98006005761F01FC1A0D4000761F02C792165201600E761F02801B3F01636104923F1A
:20FEA80052A3602E761F01FC1A1200026F29761F02C692005204610B52036019761F024405
:20FEB80092006115761F01FC40106C11761F0280923F52C0610352016013761F01FC1A12E1
:20FEC8000002761F02C756BF01166F0A761F0280923F52016005761F01FC1A140002FF694B
:20FED8007640E4A9761F02C692025207610376495A33761F027D2D133B0131032D0B3000A1
:20FEE800FF4781ABFF419613761F02C6920252076024761F027F2D3BFF6E761F0281330794
:20FEF800761F02A916AC9602761F027F2D2A761F02813308761F02A916AC9603761F0280DE
:20FF08002D06761F02813309761F02A916AC9604FF697640DAE46F4C520261035209602488
:20FF1800761F02802D06761F0281120A761F02A9FF469611761F027EFF6E2D1C761F02813C
:20FF28003307761F02AA16AC9621761F027E2D38761F02813307761F02AA16AC9622FF69D6
:20FF380076495DD06F2552086023761F027F2D3BFF6E761F02813307761F02A916AC960275
:20FF4800761F027F2D2A761F02813308761F02A916AC9603761F02802D06761F02813309A0
:20FF5800761F02A916AC9604FF6976495A3C7640E4A9761F01FC4F096C08CC098000761FA5
:20FF68000282FFCE5413600C761F01FC4E096C0ACC094000761F0282FFCD5414610356BF1B
:20FF78000115761F02829215520160070A161B16060265032B162B15761F01FCCC098000B0
:20FF8800761F0282FFCE9613761F01FCCC094000761F0282FFCD9614761F0280923F7640F6
:20FF9800E1FC761F027E921A7640E40B764921B152006013761F0282921560208F400EF2A1
:20FFA800761F02858F01252FA042062AA844D578D41E7640E3676F12761F02829215600E4D
:20FFB8008F40338F761F02858F01252FA042062AA844D578D41E7640E3677640E4A9761F83
:20FFC80001021A2A0001761F003356BF0421FE88E2AF03BEE2AF02BEE2AF01BEE2AF00BE07
:20FFD800E28000BEC5BEC4BE83BE8ABE82BE86BE87BE00033B30FFF176177602761BFFF0AF
:20FFE8000005ABBDAABDA2BDA8BDA0BDC2BDC3BDE20000BDE20300BDE20301BDE20302BD7D
:10FFF800E20303BDE6300600FE06FF6929425616F5
:02000004000AF0
:200000002B45761F01D4280D801C761F02BA920652026017761F024492006113761F028188
:2000100092336006761F01FC1A0D00086F0E92389C055433600A761F01FC1A0B00086F05D8
:20002000761F01FC1A0B00087640E4A97640E58C761F027EE801CA889A01E2C8011A8F0058
:200030009540E80CE1F8E70000407640DEBF761F02812B13761F025592385201FFE0015CF9
:20004000761F02802B10761F01400620761F02841E360338BDA90F16770077007700E801CF
:20005000DD18E68B0009E80EB850E70000407700E68E0000761F0280E213000D920D960EB5
:20006000761F028406361E38761F02812B012B022B0356BF0113761F02DC1A250002761FC2
:2000700002C51A1E000828A937CD761F0280540DFFE3012A28A96F9B540DFFE501259A002F
:200080006104761F02812B26761F02819234963B761F0280920D960C761F028306221E2407
:20009000761F027E921E961F761F028302001E22761F027E2B1E7648F5CD5205FFE000D690
:2000A000761F0101280005552BAC3B0128020555761F0100E591180CFFFC761F01052800A2
:2000B000055585AC28020555761F0104180CFFFC3100761F0101282BFFFFD300D200D000DA
:2000C000D500282DFFFFE68C0008761F0105282BFFFF282DFFFF1809FFFC1809FFF3761F7B
:2000D00001011809FFFC1809FFF3761F01092800055528020555761F02AB1E2A761F010812
:2000E000180CFFFC761F010D2800055528020555761F010C180CFFFC761F0109282BFFFF87
:2000F000282DFFFF761F010D282BFFFF282DFFFF1809FFFC1809FFF3761F01091809FFFC6C
:20010000761F02A92B09761F02A92B0A761F02A92B0B761F02AB1E1C761F02AB1E1E761FF1
:2001100002AB1E20761F01091809FFF3761F02A92B0D761F02A93F0E761F02A93F0F761F0A
:2001200001052B09761F02C62B02761F02A956BF010C761F02A92B39761F02AA56BF023667
:20013000761F02AA56BF0237761F02AA2B0A761F021F2B19761F021F2B18761F021F2B1ABC
:20014000761F02C42B26761F02ABE203012C761F02ABA218761F02ABAA1A761F02ACA906AB
:20015000761F02AB3A2E761F02ABA022761F02A9E2130010761F02ACA908761F02AB1E2820
:20016000761F02AB1E26761F010D2B09761F01012B09761F01092B09761F02DC1A110010D6
:20017000761F02C51A1E0002761F02C692005204601D761F028192285201600C761F02C629
:20018000922052016007761F02C69201520161027700761F02819229520160040A2C2B29C2
:200190006F12922C61100B2C6F0E761F02812B2C2B296F09761F02800A101B1009006903DF
:2001A00028100900761F02459217FFE10154920CFFE00151761F027EE801CA88E2C8013743
:2001B0008F0096409A01FF69E80CE1F8E70000407640DEBF761F025992385201FFE0013360
:2001C000761F02802B15761F01400620761F02841E3A033CBDA90F16770077007700E80141
:2001D000DD18E68B0009E80EB850E70000407700E68E0000761F0280E21300129212961325
:2001E000761F02812B042B052B06761F02DC1A250004761F02C51A1E000828A937CD761F9B
:2001F00002805412650628A96F9B5412FFE40103761F02819234963C761F02809212961162
:20020000761F0284063A1E3C761F0283063A1E3C761F027E923B963C761F028302001E3A4D
:20021000761F027E2B3B761F028156BF01147648F5CD5206FFE000DF761F01012800055562
:200220002BAC3B0128020555761F0100E591180CFFFC761F01052800055585AC280205552A
:20023000761F0104180CFFFC3100761F0101282BFFFFD300D200D000D500282DFFFFE68CCD
:200240000008761F0105282BFFFF282DFFFF1809FFFC1809FFF3761F01011809FFFC180954
:20025000FFF3761F01092800055528020555761F02AB1E2A761F0108180CFFFC761F010D0D
:200260002800055528020555761F010C180CFFFC761F0109282BFFFF282DFFFF761F010DD1
:20027000282BFFFF282DFFFF1809FFFC1809FFF3761F01091809FFFC761F02A92B09761FD7
:2002800002A92B0A761F02A92B0B761F02AB1E1C761F02AB1E1E761F02AB1E20761F0109EF
:200290001809FFF3761F02A92B0D761F02A93F0E761F02A93F0F761F01052B09761F02C67C
:2002A0002B02761F02A956BF010C761F02A92B39761F02AA56BF0236761F02AA56BF0237EE
:2002B000761F02AA2B0A761F021F2B19761F021F2B18761F021F2B1A761F02C42B26761F89
:2002C00002ABE203012C761F02ABA218761F02ABAA1A761F02ACA906761F02AB3A2E761F2C
:2002D00002ABA022761F02A9E2130010761F02ACA908761F02AB1E28761F02AB1E26761FC3
:2002E000010D2B09761F01012B09761F01092B09761F02DC1A114000761F02C51A1E0002AA
:2002F0006F09761F02800A151B150900690328150900761F027EE801CD58E2C801248F00D4
:2003000095C09A00FF69E808FA98E70000407640DEBF8F0095C08F409540A8428F0094DA1B
:200310007640E14A761F027EE801CD589A00E2C8012D8F0096C0E808FA98E7000040764013
:20032000DEBF8F0096C08F409640A8428F0095007640E14A761F02E2921F52016024761F11
:200330000254E2AF0002761F0253E2AF0108E71000407700E84FC000761F0285E203003862
:20034000761F0254E2AF0006761F0253E2AF010CE71000407700E84FC000761F0285E203ED
:20035000003A6F23761F0253E2AF001C761F0253E2AF0108E71000407700E84FC000761F6C
:200360000285E2030038761F0253E2AF0020761F0253E2AF010CE71000407700E84FC00011
:20037000761F0285E203003A761F01D4CC002000FFCC520161FA761F002C9200761F027DFC
:200380009624761F002C9201761F027D961D761F002C9202761F028008A9F8009619761F2F
:20039000002C9203761F027F9E37761F028008A9F8009605761F002C9205761F027D960F35
:2003A000761F002C9205761F027D9616761F002C9220761F027F08A9F800961C761F025258
:2003B0009234521C600A761F002C9221761F027F08A9F80096246F04761F027F2B24761F35
:2003C000002C9222761F028008A9F8009617761F002D9202761F027F9E00761F027E08A900
:2003D000F8009639963A761F002D9202761F027F9E0008A9F800960E960F761F002D920323
:2003E000761F027F9E0A08A9F80096039604761F002D9204761F027E9E3608A9F800962FB4
:2003F0009630761F002D9204761F027E9E36761F027F08A9F80096159616761F002D92205C
:20040000761F027D962C761F002D9221761F027D9633761F002D9221761F027D9632761FCE
:20041000002D9222761F027D08A9F800963A761F002D9223761F027E08A9F8009603761FFB
:20042000002D9224761F027E08A9F8009610761F002D922E761F027E9619761F028292077D
:2004300052016014761F002D920F761F02869618761F028256BF0207761F01FC1A150004BB
:200440001A1300021A1500016F3E52036014761F002D920F761F02879618761F028256BF6A
:200450000407761F01FC1A1300041A1500021A1500016F2952056014761F002D920F761F02
:2004600002879600761F028256BF0607761F01FC1A1300041A1300021A1500016F14520724
:200470006412761F002D920F761F02869630761F02822B07761F01FC1A1500041A1500026F
:200480001A150001761F02C692005203610A5202FFE000F4761F02C692025207FFE000EE3F
:20049000761F02AA3B012D03761F02808505761F02AA3302FF5693AB55A96355761F028226
:2004A0001A030040761F02AA930692A8761F02AAFFCE94A8FFA05402FFE1008C761F028108
:2004B0000A2B922B5227FFE800857622761F01021A1B0004761F01061A1B0004761F010A77
:2004C0001A1B0004761F010E1A1B0004761F010156BF0509761F010556BF0509761F0109EF
:2004D00056BF0509761F010D56BF0509761A761F028256BF0106761F02812B2B761F02C693
:2004E0000A34761F02E256BF24069A01FF6976496E07761F02DC1A110002761F02C51A1E9B
:2004F00000026F47761F0282920652016027761F010156BF0509761F010556BF0509761F9C
:20050000010956BF0509761F010D56BF05097622761F01021A170004761F01061A170004B2
:20051000761F010A1A170004761F010E1A170004761A761F02822B066F17761F02819215FE
:2005200060137622761F01021A170004761F01061A170004761F010A1A170004761F010E99
:200530001A170004761A761F0281922B61020B2B3B01761F02808517761F0282FF565417B0
:200540006209761F02808519761F0282FF5654176516761F02C60A3892385202FFE8026918
:20055000761F02821A030080761F02C656BF0238761F028256BF0102FFEF025B761F02C650
:2005600092385202FFE80255761F02808517761F0282FF565418FFE3024C761F02808519AD
:20057000761F0282FF565418FFE302432B02761F02C62B38FFEF023D761F02C6920052040B
:20058000FFE002213B01761F02808505761F02AAFF565404654C761F02821A030100761F11
:20059000028156BF0129761F02BD922C761F0281542CFFE601CB77007622761F01021A1B52
:2005A0000004761F01061A1B0004761F010A1A1B0004761F010E1A1B0004761F010156BF00
:2005B0000509761F010556BF0509761F010956BF0509761F010D56BF0509761A761F02822E
:2005C00056BF0106761F02812B2C761F02C60A34761F02E256BF2406761F02DC1A1100029D
:2005D000761F02C51A1E0002FFEF0190761F02808505761F02AAFF5654056242761F027DAE
:2005E0001B121964623D1B1218386506761F02C6920252026135761F0244920D761F026F6F
:2005F000540D682E7649CE9852016006761F02C6920252026125761F02E2CC000008FFC23D
:200600005201600A761F02E2921F6006761F02C6920252096115761F02E2CC010008FFC2BC
:200610005201FFE0011E761F02E2921F5201FFE00118761F02C692025209FFE00112761F31
:2006200002821A03020077007622761F01021A1B0004761F01061A1B0004761F010A1A1B8D
:200630000004761F010E1A1B0004761F010156BF0509761F010556BF0509761F010956BF9D
:200640000509761F010D56BF0509761A761F028256BF0106761F02C6920161027700761FA2
:2006500002C69202FFE100CF761F0101280005552BAC3B0128020555761F0100E591180C9F
:20066000FFFC761F01052800055585AC28020555761F0104180CFFFC3100FF69761F0101C4
:20067000282BFFFFD300D200D000D500282DFFFFE68C0008761F0105282BFFFF282DFFFFC3
:200680001809FFFC1809FFF3761F01011809FFFC1809FFF3761F01092800055528020555C0
:20069000761F02AB1E2A761F0108180CFFFC761F010D2800055528020555761F010C180C94
:2006A000FFFC761F0109282BFFFF282DFFFF761F010D282BFFFF282DFFFF1809FFFC180978
:2006B000FFF3761F01091809FFFC761F02A92B09761F02A92B0A761F02A92B0B761F02ABDC
:2006C0001E1C761F02AB1E1E761F02AB1E20761F01091809FFF3761F02A92B0D761F02A978
:2006D0003F0E761F02A93F0F761F01052B09761F02C62B02761F02A956BF010C761F02A934
:2006E0002B39761F02AA56BF0236761F02AA56BF0237761F02AA2B0A761F021F2B19761F74
:2006F000021F2B18761F021F2B1A761F02C42B26761F02ABE203012C761F02ABA218761FFA
:2007000002ABAA1A761F02ACA906761F02AB3A2E761F02ABA022761F02A9E2130010761FEE
:2007100002ACA908761F02AB1E28761F02AB1E26761F010D2B09761F01012B09761F01091B
:200720002B09761F02812B28761F02C62B20761F02C61B3201C26939283201C26F36761F0C
:200730000282920652016014761F010156BF0509761F010556BF0509761F010956BF05098C
:20074000761F010D56BF0509761F02822B0677007622761F01021A170004761F01061A17E0
:200750000004761F010A1A170004761F010E1A170004761A761F02819228600756BF0128D0
:20076000761F02A956BF013E3B01761F02808517761F0282FF5654176209761F02808519FD
:20077000761F0282FF5654176513761F02C60A389238613E761F02821A030400761F02C679
:2007800056BF0238761F028256BF01026F31761F02C692385202682C761F02808517761FE2
:200790000282FF5654186324761F02808519761F0282FF565418631C2B02761F02C62B3882
:2007A0006F1777007622761F01021A170004761F01061A170004761F010A1A170004761F9C
:2007B000010E1A170004761A761F02822B06761F02C6920052046104761F02812B2AFF698C
:2007C0007640E4A9761F02C692005203610852026060761F02C692025207605B3B01761F3F
:2007D000027F8539FF561BA90F78641C761F02820A1E921E5232682B2B1E761F02E256BFCB
:2007E00023069A0176496DFB761F02DC1A110002761F02C51A1E0002761F02D71A0E000240
:2007F0006F16761F02822B1E7622761F01021A170004761F01061A170004761F010A1A17FB
:200800000004761F010E1A170004761A3B01761F027F8539761F02C4FF5654236416761F25
:2008100002E01B032AF86818761F02820A1F921F520568122B1F761F02E0280428A7761F11
:2008200002E0280328A76F08761F02822B1F6F04761F02822B1E761F02C692005204610483
:20083000761F02C62B20761F02C6920252026105761F02A956BF013E761F02459200FFE074
:2008400000A5761F02810A01761F02A99212761F02815401673192023B019E0385A9FF56F3
:200850001BA90190631E761F027F8529FF5652326318761F02C69200520461035205601129
:20086000761F02829215600D761F02E11A2A0400761F02DC1A110008761F02C51A1E00024F
:20087000761F02812B01761F027E921A761F0281960396026F169202761F027E541A630615
:20088000921A761F028196026F0C761F02819203761F027E541A6505921A761F028196038A
:20089000761F02810A04761F02A99212761F02815404673292053B019E0685A9FF561BA977
:2008A0000190631E761F027F8529FF5652326318761F02C692005204610352056011761F08
:2008B00002829215600D761F02DC1A110020761F02C51A1E0002761F02E61A240004761FE8
:2008C00002812B04761F027E9237761F028196069605FFEF00D39205761F027E54376307D7
:2008D0009237761F02819605FFEF00C8761F02819206761F027E5437FFE500C09237761F84
:2008E00002819606FFEF00BA761F028192015214694F761F0280923E6119761F02A90E12A7
:2008F000761F0280883E0FA66111761F02A90E01761F0280883E0FA66109761F02A90E1338
:20090000761F0280883E0FA66033761F02813B0192029E0385A9FF561BA90190631E761F3B
:20091000027F8529FF5652326318761F02C692005204610352056011761F02829215600DA6
:20092000761F02E11A2A8000761F02DC1A110008761F02C51A1E0002761F02812B01761F66
:20093000027E921A761F0281960396026F19761F02810A019202761F027E541A6306921A5B
:20094000761F028196026F0C761F02819203761F027E541A6505921A761F02819603761FE0
:2009500002A99212761F02815404673192053B019E0685A9FF561BA90190631E761F027F4A
:200960008529FF5652326318761F02C692005204610352056011761F02829215600D761F42
:2009700002DC1A110020761F02C51A1E0002761F02E61A240008761F02812B04761F027E89
:200980009237761F0281960696056F170A049205761F027E543763069237761F028196058F
:200990006F0C761F02819206761F027E543765059237761F02819606761F0281FF6992344F
:2009A0007640E61E764907DE761F0280923F7640E2DE761F027E92377640E45A764921B118
:2009B0005200600F8F400EF2761F02858F01252FA042062EA844D578D41E7640E3BC6F0E84
:2009C0008F40338F761F02858F01252FA042062EA844D578D41E7640E3BC7640E4A9761F18
:2009D0000282921A64077640E4F3761F02822B1A6F020A1A2B1B761F01FC4F096C06761FB5
:2009E00002821A1B00016F05761F0282181B00FE761F01FC4E096C06761F02821A1B0002D4
:2009F0006F05761F0282181B00FD761F01FC40106C06761F02821A1B00046F05761F0282F7
:200A0000181B00FB761F01FC41106C06761F02821A1B00086F05761F0282181B00F7761FB1
:200A100002C692006006761F02822B082B096F41761F02529234521C600428451B586F0303
:200A200028450DAC9245761F027D54366314761F02820A089208521465112B08761F02E257
:200A300056BF0306761F02B21A0000029A0176496C876F04761F02822B08761F027D1B3FA9
:200A40000DAC6514761F02820A099209521465112B09761F02E256BF0406761F02B21A0191
:200A500000029A0176496C936F04761F02822B09761F01FC4E106C034F106D4E7622761FC5
:200A60000116CC04FFFC500296041A1B0004761A7622CC04FFFC500296041A1B0004761AC7
:200A7000761F011D56BF0509761F012156BF0509761F02B21A000200761F02B21A010200EB
:200A8000761F02B22B11761F02B22B25761F02C72B17761F02C692005206611B761F01FC43
:200A90004E106D0A761F02E256BF16069A01FF6976496D6B6F0B4F106D09761F02E256BF50
:200AA00016069A01FF6976496D6B761F02C60A39761F02B22B39761F01FC4318FFED0085D5
:200AB0007622761F0116CC04FFFC500296041A1B0004761A7622CC04FFFC500296041A1BDE
:200AC0000004761A761F0282920E52016147761F011C9204521E691940056D17761F011D18
:200AD000CC07FF3F50409607761F0121CC07FF3F50409607761F02B2923C761F011D962D46
:200AE000761F0121962B6F26761F02B2923C761F011C9CE2540469149205900152016010E2
:200AF000761F011D2B2B761F01212B2D761F011D1807FF3F761F01211807FF3F6F0B762298
:200B0000761F011E1A1B0004761F01221A1B0004761A761F028256BF010E761F011D56BF62
:200B10000509761F012156BF0509761F02B21A000400761F02B21A010400761F02B22B1189
:200B2000761F02B22B25761F02B22B39761F02C6920052066109761F02E256BF1A069A0175
:200B3000FF6976496D8F761F0282920E520160070A0F920F520A69032B0F2B0E761F027D06
:200B40001B191E78620B1B200F3C62081B270F3C6205761F01FC4B096D3F761F02820A0ABB
:200B5000920A5219683C2B0A761F02B21A000100761F02B21A0101007622761F0116CC04C8
:200B6000FFFC500296041A1B0004761A7622CC04FFFC500296041A1B0004761A761F011DFA
:200B700056BF0509761F012156BF0509761F02B22B11761F02B22B25761F02C72B17761F15
:200B800002E256BF5706FF699A017649705F761F02B22B396F04761F02822B0A761F02C6A3
:200B900092035201602F761F02B292115202610352016009FF697640D618761F0115180996
:200BA000FFFC6F07761F0115CC09FFFC50019609761F02B292255202610352016009FF697D
:200BB0007640D767761F01151809FFF36F07761F0115CC09FFF350049609FF697640D8B8EA
:200BC0006F0B52026009761F0282920E52016104FF6976494B55761F01061A2A0001761F30
:200BD000003356BF0421FE86E2AF03BEE2AF02BEE2AF01BEE2AF00BEE28000BEC5BEC4BEAD
:200BE00083BE8ABE82BE86BE87BE00033B30FFF176177602761BFFF00005ABBDA8BDA0BD91
:200BF000C2BDC3BDE20000BDE20300BDE20301BDE20302BDE20303BDE6300600FF692942CA
:200C000056167640E75E761F02812B132B14761F02820A2040206C150A21922180A9290183
:200C1000FF20EA600FA7630D2B217649C394520C6005761F021F0A106F04761F021F2B10DC
:200C2000761F029092286114761F02820A1C921C521469112B1C761F02902B28761F02DD5C
:200C30001A034000761F02C51A1E00406F04761F02822B1C761F0281920D61032B0F6F05D7
:200C4000920F520B67020A0F920C61032B106F059210520B67020A10761F02C60A059205DE
:200C500080A92901FF20EA600FA763032805EA60761F003356BF0121E2AF03BEE2AF02BE93
:200C6000E2AF01BEE2AF00BEE28000BEC5BEC4BE83BE8ABE87BE00033B30FFF1761776027F
:200C7000FE023B01761F027D8519761F02B456010008761F027D8528761F02B45601000A5F
:200C8000761F02B5920C761F02B29624761F02B356BF010592056106761F02B4061C1E4237
:200C90006F0302C81E42761F02B20A1292125204FFE400C12B12761F02B40608761F02B2C6
:200CA000FF419613761F02B4060A761F02B2FF419614761F02B402001E081E0A761F02B2D9
:200CB000920D9E13961592149E24961692115201600D921596179216961892176404922540
:200CC0005202600856BF02116F0592159617921696189215650492115201603A9217526413
:200CD000650356BF64171B15FF3863142D173319FF68A9A9761F02B410ACFF4A1E0C761FD6
:200CE00002B2331A761F02B4A9A910AC5601000E6F0E2D171219761F02B4FF4A1E0C761FF6
:200CF00002B2121A761F02B45601000E0642FF3A0F0E63050642FF3A1E0E6F05060E6303B3
:200D000002001E0E060EFF4A070C1E106F2992185264650456BF64186F061B18FF9C63036C
:200D10002818FF9C2D18121B761F02B4FF4A1E12761F02B2121C761F02B45601000E064243
:200D2000FF3A0F0E63050642FF3A1E0E6F05060E630302001E0E060EFF4A07121E10064240
:200D30000F1063031E106F050610630302001E1006101E14761F02B2850F761F02B40F143D
:200D40006307761F02B2850F761F02B41E14761F02B28522761F02B40F146308761F02B2BD
:200D50008522761F02B41E146F050614630302001E14761F02B49214761F027D9E36761FC9
:200D600002B2961D761F027D92366307761F02B49214761F02B2961D761F02B21B1D01F463
:200D70006504281D01F46F061B1DFE0C6303281DFE0C2D1D121E761F02B4FF4B1E16761F7C
:200D800002B2121F761F02B456010018FF2F08000F1863031E186F078F0A3D70A8A90F1887
:200D90006502A8180618FF4B07161E1A8F004000A8A90F1A6303A81A6F05061A63030200F2
:200DA0001E1A761F02B2FF695621000C761F02B45644001A761F02B2FF4D962052006302C6
:200DB0002B201B15FF0663069220520D650356BF0D209220761F0115962BFE820006FE02DB
:200DC0003B01761F027D8519761F02B45601001E761F027D852F761F02B456010020761F46
:200DD00002B59220761F02B29638761F02B356BF010692066106761F02B406321E426F03C9
:200DE00002C81E42761F02B20A2692265204FFE400C12B26761F02B4061E761F02B2FF4155
:200DF0009627761F02B40620761F02B2FF419628761F02B402001E1E1E20761F02B2920DBF
:200E00009E27962992289E38962A92255201600D9229962B922A962C922B64049211520271
:200E1000600856BF02256F059229962B922A962C9229650492255201603A922B526465030D
:200E200056BF642B1B29FF3863142D2B332DFF68A9A9761F02B410ACFF4A1E22761F02B2D2
:200E3000332E761F02B4A9A910AC560100246F0E2D2B122D761F02B4FF4A1E22761F02B23C
:200E4000122E761F02B4560100240642FF3A0F2463050642FF3A1E246F05062463030200A7
:200E50001E240624FF4A07221E266F29922C5264650456BF642C6F061B2CFF9C6303282C35
:200E6000FF9C2D2C122F761F02B4FF4A1E28761F02B21230761F02B4560100240642FF3A91
:200E70000F2463050642FF3A1E246F050624630302001E240624FF4A07281E2606420F2659
:200E800063031E266F050626630302001E2606261E2A761F02B28510761F02B40F2A63071C
:200E9000761F02B28510761F02B41E2A761F02B28536761F02B40F2A6308761F02B28536DA
:200EA000761F02B41E2A6F05062A630302001E2A761F02B4922A761F027D9E3F761F02B20A
:200EB0009631761F027D923F6307761F02B4922A761F02B29631761F02B21B3101F4650402
:200EC000283101F46F061B31FE0C63032831FE0C2D311232761F02B4FF4B1E2C761F02B266
:200ED0001233761F02B45601002EFF2F08000F2E63031E2E6F078F0A3D70A8A90F2E650217
:200EE000A82E062EFF4B072C1E308F004000A8A90F306303A8306F050630630302001E3020
:200EF000761F02B2FF695621000C761F02B456440030761F02B2FF4D9634520063022B3424
:200F00001B29FF0663069234520D650356BF0D3428A904E29E34761F0115962DFE820006BF
:200F1000FE02761F02B292396025761F011D56BF0509761F012156BF0509761F02B22B3ACA
:200F2000283F03E8761F02B3280003E8761F02B2923C761F011D9623761F01219623761F7A
:200F3000011D2B2B962D761F01212B2B962DFFEF0096761F02B39203761F02B2543D6903F1
:200F4000963D6F09761F02B39204761F02B2543D6702963D923F610E0B3F761F011D56BFFE
:200F50000509761F012156BF0509761F02B22B3A6F40761F02B3920061170B009202761FB4
:200F600002B2963A7622761F011E1A170004761F01221A170004761A761F011D2B09761F73
:200F700001212B096F26761F02B2923C9E3D543A691D0A3E923E761F02B354016806761FB6
:200F800002B22B3E083A00027622761F011E1A170004761F01221A170004761A761F011D3F
:200F90002B09761F01212B096F04923C9E3D963A761F02B2923C9E3D96419241543A6702A3
:200FA000963A883B0E3A0FA66125923C761F011D9623761F02B2923A761F011D962B761FC3
:200FB00002B2923C9E3A761F011D962D761F02B2923C761F01219623761F02B2923A761F20
:200FC0000121962B761F02B2923C9E3A761F0121962D761F02B2923A963BFE82FF690006F1
:200FD000FE1088ADC5A5A046DE885DA6A84488ADDE8AF60124855CA6C554F60124842B4DAA
:200FE00002001E4C2B4E2B4F761F02B2CC020040FFC5520160108A442BD48A44924796E4C6
:200FF0008A4402001EF483448A4492DD94E496EDFFEF014202108F0003E80744A8422D479A
:201000008AA9124900C9EF92560100C48A440AD492D48A4454CC670C92D4520AFFE7012C95
:20101000BE00021007448AA9C2C4FFEF01252BD4924965052D4712491E4C6F0302001E4C7D
:201020009247964D9C0A964F8A4492E4964E020907448AA992C4FFE1009D020C07448AA959
:2010300092C45202601E020807448AA9834492C48A4494C5FFA054E4650A020C07448AA9DA
:201040002BC4020D07448AA92BC46F0B020C07448AA956BF01C4020D07448AA956BF01C4DE
:20105000020D07448AA992C4520160368A4492DC944854E46309924A52C86306021207443A
:201060008AA90AC46F052DDC350394E4964E021207448AA992C45205694B021207448AA9D9
:201070002BC4020C07448AA992C452016006020D07448AA92BC46F3C020C07448AA956BF0E
:2010800002C4020907448AA92BC4020B07448AA956BF01C46F2D020D07448AA992C46028A6
:201090008A4492C4544D630783442DDC310392E59EAB964E834492C454E5641A020C07443C
:2010A0008AA992C46007020D07448AA956BF01C46F0F020C07448AA956BF02C4020907449E
:2010B0008AA92BC4020B07448AA956BF01C4020E07448AA906C40F4C6374C44C020E0744A4
:2010C0008AA9C2C4020A07441EA7924796C76F69020B07448AA992C46127020A07448AA93A
:2010D00092C49CC4544765078A442DDC350394E4964E6F4C020A07448AA992C49C3C5447CA
:2010E00063098A4483442DDC92E531039EAB964E6F3D020A07441EA792C7964E020B0744B1
:2010F0008AA92BC46F338A44834492C454E5640F8F01D4C0A8A90F4C62068A4492DD94E498
:20110000964E6F248A4492E4964E6F20924F5447630592E59EDC964E6F1906F40F4C650C9A
:2011100092EC544D650592DD94E4964E6F0F92E59EDC964E6F0B92EC544D640592E59EDC25
:20112000964E6F0492DD94E4964E8A44924D96EC8A44064C1EF4BE00021007448AA9C2C458
:201130008A4492C4544E6505C54492C796E46F03924E96E4FE900006FE02761F01FC9210FF
:2011400090015201FFE000DB761F02449200FFE100D6761F0253E801A6B0E2AF0114E84FC8
:20115000C009E80DFCA8E7000040761F02ADE2030032E801EAEAE805EAE9E80978DAE809EA
:2011600078D9E6960008E6970010E2030032E801C688E2AF0134E2AF0232E7200051E80DE7
:20117000B8B8E6940001AD14650DE801C688E2AF0134E80DB8B8E71000407700E20300321A
:201180006F18E2AF0134E805C688E7200051E80DB8B8E6940001AD14630CE801C688E2AF97
:201190000134E80DB8B8E72000087700E203003206321E34E590E2030032761F0253E2AF77
:2011A0000110E801EC18E84FC009E8089378E7000040761F02ADE2030036E82627D0E83291
:2011B00027D0E2030036E2AF0032E88FE001E2AF033AE71000C87700E203003A761F0281B7
:2011C000E2C80035761F02ADE2AF013AE6940001AD146412761F0281E2C800357700E720F9
:2011D0000008761F02ADE203003A761F02AB56BF010256BF0103761F02BA9206520260176D
:2011E000761F02ADE2AF013A761F0281E2C80035E850F00977007700E2740008770077007D
:2011F0007700761F02ADE203003C6F16761F02ADE2AF013A761F0281E2C80035E850F00946
:2012000077007700E2740008770077007700761F02ADE203003C761F0280E2C8003F761F23
:2012100002ADE203003CE8121E00AD14651DE8B0F0007700E203003C6F17761F02AA2B166B
:20122000761F0280E2C8003F761F02ADE203003C761F0280E2C8003F761F02ADE203003AE6
:20123000E590E2030036761F02C488233B01761F027F8539DEE4FF5693A655A9621A761F99
:2012400002BB92106116761F02AB920E65022B0E2B102B11761F02E0923B65022B3B761F19
:2012500002AB920461062B049A049B0D7649EE27761F02AB920460080A059205521D6404CE
:2012600056BF01042B05761F02ADE801E430E2AF013CE8082B40E7000040764959B3761F33
:2012700002E0E2C40204761F02ADE2AF0136E72000517700E7000040761F02ABE203003A6D
:20128000761F025DE8022CE0E8020261E2AF0206E80AA000E80E6669E7000080761F02A980
:20129000E7000008E2C80302E88FC0007700E72000187700E68C0000761F02ABE2130008AB
:2012A000761F02D72D0C3506761F02ABFFA196091B0902BC6503280902BC1B09FD446303C7
:2012B0002809FD44761F02A9E2C80002761F02ABE2AF013AE72000087700E203003CE80221
:2012C0003402E8063401E80F4002E80F4001E6960008E6970010E203003C3B01761F02A996
:2012D000E68800005621001F761F02AABFA90F12564400A9FF46960A56030501540A6305E3
:2012E00056030501960A6F0A9201FF5CFF84540A65059201FF5CFF84960A761F01FC9210F8
:2012F000900152016022761F02ADE801E430E2AF013CE8082B40E7000040764959B3761F87
:2013000002ABE2C80211761F02AAE2C8010AE70000807700E71000407700E68C0000761FDA
:2013100002A9E213001E6F07761F02AA920A761F02A9961E761F02AA56030501761F02A9D8
:20132000541E6309761F02AA56030501761F02A9961E6F12761F02AA9201FF5C761F02A94B
:20133000FF84541E6509761F02AA9201FF5C761F02A9FF84961E921E9E04961C2D1C3B010B
:201340001222761F02ACFF461E00761F02AB1E2E0A009200526465151B0B04006404280B94
:2013500004006F079E01523265040A0B920096011B007530650828004E20920096016F03DB
:20136000280B0334761F02ADE801E430E2AF013CE8082B40E7000040764959B3761F02E030
:20137000E2C401047700E70000403B01E6880000761F02AB5621000BBFA90F12564400A9DA
:20138000FF49072E761F02AC1E02761F02A956210007761F02AC56440002761F02A9FF4B46
:2013900096239609761F02529234521C6016761F01FC41106C0E761F0280923F52606104F6
:2013A0001B3F0120600D761F02AB56BF01066F08761F02AB2B066F04761F02AB2B06761F82
:2013B00002A99209FFE400969C01960A921808A9FF37540A6305921808A9FF37960A761F04
:2013C0000282920152016106761F0282920252016008761F02A9920A5214650356BF140AF7
:2013D000761F02A992189E0A761F0105962B56BF012D761F010156BF012B761F02A992180A
:2013E0009E0A08A9FF38761F0101962D761F02A9920A761F010D962B761F02A99218761F44
:2013F000010D9CFF962D761F02A99218761F01099CFF962B9AC8761F02A9940A761F0109AD
:20140000962D761F02AA923761232B37761F010156BF0109761F010556BF0809761F02AB60
:2014100092065201600B761F010956BF0109761F010D56BF0909FFEF00FA761F010956BF42
:201420000509761F010D56BF0509FFEF00F0761F010156BF0109761F010556BF0809761FEE
:2014300002AB92065201600B761F010956BF0109761F010D56BF0809FFEF00D9761F0109AC
:2014400056BF0509761F010D56BF0509FFEF00CF761F027F1B3901F46521761F02AA0A397D
:2014500092395232652D2B3956BF013A2B3B0A3C923C523C652556BF3C3C761F02E256BF3A
:201460002B069A0176496E5B761F02DC1A110002761F02C51A1E00026F131B39FE0C63108F
:20147000761F02AA923A610C0A3B923B521465082B392B3C2B3A2B3B9A0076496E5B761FB0
:2014800002A99209FF5C960B9C01960A921808A9FF37540A6305921808A9FF37960A761FB0
:201490000282920152016106761F0282920252016008761F02A9920A5214650356BF140A26
:2014A000761F02A99218761F01059CFF962B9AC8761F02A9940A761F0105962D761F02A96D
:2014B000920A761F0101962B761F02A99218761F01019CFF962D761F010D56BF012B761FD0
:2014C00002A992189E0A08A9FF38761F010D962D761F02A992189E0A761F0109962B56BFBA
:2014D000012D761F02AA92375201612256BF0137761F010156BF0909761F010556BF010929
:2014E000761F02AB92065201600A761F010956BF0809761F010D56BF01096F28761F010998
:2014F00056BF0509761F010D56BF05096F1F761F010156BF0809761F010556BF0109761F59
:2015000002AB92065201600A761F010956BF0809761F010D56BF01096F09761F010956BF16
:201510000509761F010D56BF0509FE820006E20304BDE20305BDE20306BDFE0EE203004635
:20152000964DA84406461EC4023A07448AA98344023EE2AF00C407448AA9E2AF01E5020899
:201530000744E2AF03C48AA9C444E2AF02C60240E3228CC407448AA9E7000008020A074409
:20154000E30715C48AA9E31401C4E70001497700E71000408A44E20300F4020807448AA9CB
:20155000C4C4020A07448AA9C2C48344020807448AA9C4F5C2C4024207448AA90244074402
:20156000E2AF00C48AA9834402460744E2AF02C48AA9E2AF01C5023E0744E2AF04C48AA991
:20157000C444020E0744E2AF05C48AA9E30043D6C5440240E304CEC407448AA9E31202E74F
:2015800002100744E30893C48AA9E7000171E7100080020CE31201C4E70000C90744E710EF
:2015900000408AA9E20300C4020E07448AA9C4C4021007448AA9C2C4020C07448AA9C4C4DF
:2015A000020E07448AA9C2C48A44834406D41EE58A44834406C41ED5924D5201FFE001EC55
:2015B000022607448AA90228E2AF00C407448AA98344020CE2AF02C407448AA9E2AF01F547
:2015C0000212E30041C4E70000890744E71000408AA9E20300C4022807448AA90226074426
:2015D000E2AF00C48AA98344020C0744E2AF02C48AA9E2AF01F50216E30041C4E7000089D2
:2015E0000744E72000088AA9E20300C4024A07448AA902120744E2AF01C48AA9021C07449A
:2015F000E2AF02C48AA902480744E2AF00C48AA90214E2AF03C407448AA9E7000051021AF4
:20160000E31201C4E70000C90744E71000408AA9E20300C4021A07448AA9C4C4021C074477
:201610008AA9C2C4021207448AA9C4C4021407448AA9C2C4022007448AA9021A0744E2AF35
:2016200000C48AA9021E0744E2AF01C4E71000408AA9E20300C4021E07448AA9022A0744CA
:20163000E2AF00C48AA9E802064EE8087EDE0224E2AF01C40744E70000098AA90224E70091
:2016400000710744E2AF00C4E71000408AA9E20300C4023807448AA92BC4022407448AA91B
:20165000E8020648E8087ED8E2AF01C4E6940001AD146516022407448AA9E8020648E80823
:201660007ED80224E2AF01C40744E72000088AA9E20300C4023807448AA956BF01C40224AA
:2016700007448AA9E2AF00C47649BA75022807448AA9E20300C4022407448AA9E2AF00C44F
:201680007649BA80022607448AA9E20300C4021E07448AA9E2AF00C4E81210C0AD14FFE5A0
:20169000010B021E07448AA9E2AF00C4E8121430AD14FFE30101020C8344C44407448AA9FD
:2016A000E2AF00F5E2AF01C60234E2AF02C407448AA9E7200008022A0744E30081C48AA960
:2016B000E7000008022CE2AF01C4E70000080744E86FE0008AA9E20300C4023007448AA9AA
:2016C000022C0744E2AF00C48AA9022EE2AF01C40744E71000408AA9E20300C4022E0744AA
:2016D0008AA9C4C4023007448AA9C2C4022207448AA9022E0744E2AF00C48AA90232E2AF9F
:2016E00001C40744E71000408AA9E20300C4023207448AA9E8020648E8087ED8E2AF01C441
:2016F000E27400087700022007448AA9E20300C4023607448AA902320744E2AF00C48AA9FF
:20170000E8500000022A0744E2AF01C48AA9E7000008E2AF01C4E70000087700E2030048B9
:20171000023207448AA9022A0744E2AF00C48AA902320744E2AF01C48AA9022A0744E300A6
:2017200042C48AA9E7000010E2AF01C4E70000087700E203004AE2AF014AE2AF0048E710E2
:2017300000407700E89020007700E801FC06E27400307700770077007700E203004C023A19
:20174000E2AF014CE2AF00480744E70000088AA9E20300C4023A07448AA9023C0744E2AFE8
:2017500000C4E86FE0008AA9E20300C4023EE2AF004AE8D02000E2AF014CE850000007444E
:20176000E70000088AA9E20300C40240E2AF0148E2AF004AE7200008E2AF054CE8B02000FE
:201770000744E70000288AA9E20300C4023607448AA9E2AF014A0242E2AF00C4E300444C85
:201780000744E70000208AA9E20300C4024207448AA902440744E2AF00C4E85000008AA908
:20179000E20300C4024207448AA9C4C4024607448AA9C2C4FE8EE2AF06BEE2AF05BEE2AF34
:2017A00004BE0006B2BDAABD5AADDA8808AD009C88ADC5A5D108D008DECC5DA688ADC39A42
:2017B000D10AA89AC59208A6FF68F64B24855CA6C5C2F64B2484D00A8A92D00A839206C485
:2017C0001ED5D012D15E92A0E2AF009A59A9D06493A0E2AF019A59A8D018E3004B92E80280
:2017D00040A8E2AF029AE700009AD00AE7100089E80D6830E70000408A92E20300C4020A84
:2017E000D00A07928AA9D00A02100792E2AF00C4D00A8AA902128392D00AC492E2AF01C4AD
:2017F000E2AF02C5D00AE2AF03D607928AA9E71000D2D00A020AE30041C4E70000890792D1
:20180000E71000408AA9E20300C4D00A8A92D00A839206E41EF5D018D15E92A0E2AF009A5F
:2018100059A9D06493A0E2AF019A59A8D012E2AF0392D00AE3004A9AE700009AE80240A826
:20182000E7200051E80D6830E70000408A92E20300E4020ED00AD10A0792C49AD00A8AA9EE
:2018300002100792E2AF03F6E2AF00C4D00A8AA902128392D00AE2AF01C40792E2AF02E597
:201840008AA9E71000D2D00A020EE30043C4E70000990792E71000408AA9E20300C408ADD7
:20185000FF6486BE8BBE0006FE0496412B422B432B44761F028292155201FFE100D77649D6
:2018600021B152006155761F024592196051761F02AB58418A303B01761F02E22D94300912
:20187000FF4D964208A902BC9643924208A9FD449644761F027E9243541A64049244541A48
:2018800065201B2402EE631D1B24FD12651A761F02822B23761F02E24300FFED00A7761FFC
:2018900002820A2292225232FFE800A0761F02DC1A110008761F02C51A1E0002FFEF009609
:2018A000761F02822B22761F02E2CC000008FFC25201FFE0008B761F02820A231B23030070
:2018B000FFE80084761F02E21800FFF76F7E761F027E1B1A01F463041B1AFE0C62071B1AB6
:2018C0000F6E62041B1AF092631A1B2402EE63171B24FD126514761F028292225260670398
:2018D0000A226F19761F02DC1A110008761F02C51A1E0002761F02822B236F0D761F02820C
:2018E0002B221B23030067030A236F05761F02E21800FFF7761F028029010E0FFF4696424D
:2018F000524C630356BF4C42761F02829211761F027E541A6306921A761F028296116F0CA2
:20190000761F02829212761F027E541A6505921A761F02829612761F028292119E121BA980
:2019100001906209761F027E9224529662041B24FF6A630B761F02822B10761F027E921A77
:20192000761F028296119612761F02820A1092105442640B2B232B10761F02DC1A11000836
:20193000761F02C51A1E0002FE840006FE069641761F02AB8A3058413B01761F02E22D9493
:20194000300CFF4D964208A902BC9643924208A9FD4496442B456F0192455201600C761F34
:2019500002822B259224521E67030A246F1256BF01286F0F761F02822B24761F02A95603A7
:201960000100761F0282542569030A256F022B28761F027E8537FF5652C864068537FF56BA
:201970001BA90FA06518761F027F8529FF561BA902A86311761F02822B27761F02A992002F
:20198000761F0282FFC1542669030A266F0D56BF01296F0A761F02822B269227520A67033B
:201990000A276F022B2992285201610492295201601C761F02E243016D211A010008761F42
:2019A00002DC1A110020761F02C51A1E0002761F02E61A240010761F02DC1A250020761F36
:2019B00002C51A1E00086F0A761F02E2CC010008FFC2520160031801FFF7FE860006FE0437
:2019C0007D447C431E42761F028292155201614B761F02E24C006D2D06480F426204064AB4
:2019D0000F426323761F02820A2C9243542C663B2B2C761F02E24C006D361A001000761F5D
:2019E00002DC1A110008761F02C51A1E0002761F02DC1A250010761F02C51A1E0008761F4D
:2019F00002E11A2A10006F1F761F02822B2C6F1B06420F486515064A0F426512761F0282CE
:201A00000A2B9244542B660F2B2B761F02E2CC001000FFCB520160071800EFFF6F04761F8A
:201A100002822B2BFE840006FE047D447C431E42761F02E24C016D2D06480F426204064ABD
:201A20000F426323761F02820A2E9243542E663A2B2E761F02E24C016D351A011000761F06
:201A300002DC1A110020761F02C51A1E0002761F02E61A240020761F02DC1A250020761F95
:201A400002C51A1E00086F1E761F02822B2E6F1A0F486515064A0F426512761F02820A2DBE
:201A50009244542D660F2B2D761F02E2CC011000FFCB520160071801EFFF6F04761F0282E5
:201A60002B2DFE840006FE029641761F02810A1D921D520268462B1D2D41761F028512419A
:201A70001E2829018F00B680761F02825603012F761F0285560100A43B010628FF471EC4D6
:201A8000761F0281923D761F0282542F661329018F00B6805603012F560100A4761F02DA66
:201A90000600761F028507C41E2A761F02822B2F6F185C2F29018F40B6805603012FDC01E7
:201AA000560100A5560301A48F00B680560100A4761F028506C407C51E2A761F02820A2F20
:201AB000FE820006FE029641761F02810A1E921E520268462B1E2D41761F028512411E2C57
:201AC00029018F00B600761F028256030130761F0285560100A43B01062CFF471EC4761FB2
:201AD0000281923D761F02825430661329018F00B60056030130560100A4761F02D8060025
:201AE000761F028507C41E2E761F02822B306F185C3029018F40B60056030130DC015601BF
:201AF00000A5560301A48F00B600560100A4761F028506C407C51E2E761F02820A30FE8222
:201B00000006761F01FCCC014000FFCD52016004761F02820A1D761F02C692006004761F75
:201B100002822B1D761F0282921D52016609761F01FC42096D30761F02449200612C761F56
:201B200002821B1D75306903281D7530761F01FCCC014000FFCD5201610342096D14764941
:201B3000978452256006761F02812B2E2B176F13761F02810A2E922E5202690D56BF042E47
:201B40002B176F09761F0281921752016004922E61022B2E0006FE02761F02C3921352017F
:201B5000604E761F02E29206604A2901761F02C38F00AD8056030114560100A4C5C43E6735
:201B6000761F023D58358F00800096942901761F02C38F00AD8056030115560100A4C5C498
:201B70003E67761F023D58358F0081F496942901761F02C38F00AD8056030116560100A476
:201B8000C5C43E67761F023D58358F0083E896942901761F02C38F00AD805603011756018A
:201B900000A4C5C43E67761F023D58358F0085DC96940A351B35018068022B35761F023D3A
:201BA00092146141921361079CFF9613603C921296136F01761F02C39213520161252B41EF
:201BB0009241520463218F00B20C3B01A8A981418AA992C496426114560301428F00AD809E
:201BC000560100A4C5C43E67761F023D88A958178F008000344101F4560100A47E940A4197
:201BD0009241520464E1761F023D0A17881780A60E160FA76008921696182B162B172B1473
:201BE0002B156F01FE820006761F01FC40106C0D761F02C70E06761F01FC1EA69210900159
:201BF00080A906A60FA7602E41106C0E761F02C70E09761F01FC1EA6CC100002FFC080A960
:201C000006A60FA7601F4F096C0E761F02C70E07761F01FC1EA6CC098000FFCE80A906A651
:201C10000FA760104E096C15761F02C70E08761F01FC1EA6CC094000FFCD80A906A60FA780
:201C200061081A030010761F02C856BF01036F2F761F02C8920352016010761F02C70A0ACF
:201C30001B0A078369242B0A761F01FC1A050010761F02C82B036F1B761F01FC40106D13E9
:201C400041106D114F096D0F4E096D0D761F02C70A0B1B0B0783690B2B0B761F01FC1A0394
:201C500000106F05761F02C72B0B2B0A761F01FC9210761F02C790019606761F01FCCC0901
:201C60008000761F02C7FFCE9607761F01FCCC094000761F02C7FFCD9608761F01FCCC103F
:201C70000002761F02C7FFC096090006FE029641761F02C588282901FF20FFFF0FA6612729
:201C80009241542866049C015428670A761F02819235761F02C55428661A9241601828ACAB
:201C9000000A8F00B700302A560100A42D299A01FF6698FC9A012D2A761F02C5FF66981E3C
:201CA000761F02C52828FFFF56BFFF29882BFF20FFFF0FA661279241542B66049C01542B58
:201CB000670A761F02819235761F02C5542B661A9241601828AC000A8F00B700302D560146
:201CC00000A42D2C9A01FF6698FC9A012D2D761F02C5FF66981E761F02C5282BFFFF56BF45
:201CD000FF2C882EFF20FFFF0FA661279241542E66049C01542E670A761F02819235761FF6
:201CE00002C5542E661A9241601828AC000A8F00B7003030560100A42D2F9A01FF6698FC61
:201CF0009A012D30761F02C5FF66981E761F02C5282EFFFF56BFFF2FFE8200067649C4A5C4
:201D00007622761F17E0CC1EFF005014961E1A2400011A200003761F17E61800FFFD180064
:201D1000FFFE761F17E0CC00F0FF1AA903009600761F17E61A0000021A000001761F17ECB2
:201D2000CC00FFF0500A9600761AFF697649C4B9F6077700FF6900067649C4AF7622761F83
:201D300017F0CC1EFF005014961E1A2400011A200003761F17F61800FFFD1800FFFE761FAF
:201D400017F0CC00F0FF1AA903009600761F17F61A0000021A000001761F17FCCC00FFF029
:201D5000500A9600761AFF697649C4B9F6077700FF6900067622761F17E0CC1EFF005014FC
:201D6000961E1820FFFC1824FFFE761AFF6900067622761F17F0CC1EFF005014961E1820D8
:201D7000FFFC1824FFFE761AFF690006FE0276229A0228A85A5A8F0500241EC4FF698F05D3
:201D8000F80002C87640EA8A9641520061037640E7559A007640EC859641520061037640D4
:201D9000E7559A0128A85A5A8F0500241EC48F05FC0002C87640EA8A964152006103764077
:201DA000E7559A017640EC859641520061037640E755761AFE82FF690006FE0296417625B6
:201DB000FF69FE8200067625FF690006FE062B458F00B746A8448F00B700A84206440F4265
:201DC00068218A4292EC61170AF48A42834292EC54F566112BF428AC000A8F00B700304533
:201DD000560100A4761F02C59A011AFC00012D45FF66981E020A07421E420A4506440F42BE
:201DE00067E1FE860006190156C3FFFF00069A0000060000AABD5AADDA84FE70964576228D
:201DF00029018F0700A856030B45560100A4D00CA8922BE202001EF202300FF269155CADD8
:201E0000DCE65DA406F2FF30D00C560100A506F2FF3007928AA906C41EC5020107F21EF254
:201E100002300FF266ED924552076006761F03B4922796EA6F05761F03B4922696EA92EA9D
:201E20009C01560301A980A9BE00FF690E28C342C2447640EC0CD00A1E925CEA761F03B4A8
:201E3000DC0180A4BE00560304280EA9C342C2447640EC0CD0081E92D024CC920FFFD00A1C
:201E40000EA90F92670528E201F8FFEF020C5CAD02161E42DCE602105CA47640ED35D0348E
:201E50000F92610528E201F6FFEF01FD761F03B48A20020218D4FFFD07208AA99A00900117
:201E6000CDC4FFFECAA896C48F000144A8A907208AA9CCC4FFF8500596C4D0080692D02AE9
:201E70001E420E927640ED0E761F03B48F0001201EA6A8A907208AA97EC4D0080692D02C88
:201E80001E4206927640ED0E761F03B48F0001221EA6A8A907208AA9C2C4D0080692D02145
:201E90001E42929290FF0EA97640ED0E761F03B488A98F000110A8A907208AA992A693C460
:201EA0003CA897C4D0080692D0231E42CC92FF00FFC70EA97640ED0E761F03B48F000114A5
:201EB0001EA6A8A907208AA992A693C439A997C4D0080692D0251E42CC92FF00FFC70EA938
:201EC0007640ED0E761F03B48F0001161EA6A8A907208AA97EC4D0080692D0221E42CC928E
:201ED000FF00FFC70EA97640ED0E761F03B48F00011A1EA6A8A907208AA992A693C439A9EF
:201EE00097C4D01FCC92FF008F000108FFC788A9A8A907208AA992C438A696C4D01F8F00F5
:201EF0000108CC9200FF88A9A8A907208AA992A693C43CA897C4D01E8F00010CCC92FF00DB
:201F0000FFC788A9A8A907208AA992C438A696C4D01E8F00010CCC9200FF88A9A8A9072001
:201F10008AA992A693C43CA897C4D0208F00010ECC920FFF88A9A8A907208AA992A6CCA92D
:201F20000FFFCDC4F000CAA896C4D0208F00010ECC92F000FFCB80A9A8A907208AA9CCC43C
:201F30000FFF88A956030CA7CAA696C4D0248F00010ACC92F000FFCB80A9A8A907208AA902
:201F4000CCC40FFF88A956030CA7CAA696C4D0218F000110CC92FF00FFC788A9A8A907207F
:201F50008AA992C438A696C4D0238F000112CC9200FF88A9A8A907208AA992A693C43CA86F
:201F600097C48F000134A8A907208AA9D0289292CCA90FFFCDC4F000CAA896C48F000135E6
:201F7000A8A907208AA9D0279292CCA901FFCDC4FE00CAA896C48F000136A8A907208AA94A
:201F8000D02B9292CCA90FFFCDC4F000CAA896C48F000137A8A907208AA9D02E9292CCA949
:201F900001FFCDC4FE00CAA896C48F000139A8A907208AA918C4FE00D0268F00013CA8A975
:201FA00007208AA992929CFF907FCDC4FF80CAA896C48F00013EA8A907208AA98F40450090
:201FB000A0C4023207208AA928C4AA55D032CC92FF00FFC788A9024007208AA9CCA6000FC1
:201FC000CDC4FFF0CAA896C4024307208AA9D02E9292CCA901FFCDC4FE00CAA896C40242E0
:201FD00007208AA9D0319292CCA901FFCDC4FE00CAA896C4024507208AA9D02F9292CCA969
:201FE00001FFCDC4FE00CAA896C4BE00024607208AA9C2C4028007208AA98F410104A0C48B
:201FF000028207208AA98F400103A0C4028407208AA918C4FFF8028607208AA918C4FF80CC
:20200000D030CC92FF00FFC788A9024807208AA9CCA6001FFF87CDC4E0FFCAA896C4D03075
:20201000CC9200FF88A9024807208AA992A6901FCDC4FFE0CAA896C4D033CC92FF00FFC735
:2020200080A9024A07208AA9CCC40FFF88A956030CA7CAA696C4D033CC9200FF88A9024C4D
:2020300007208AA992A6901FCDC4FFE0CAA896C4D025CC9200FF88A9025407208AA992A6A8
:2020400093C43CA897C4028207208AA9A0C4028007208AA98F410104A0C4023207208AA905
:202050002BC48F000144761F03B4A8A907208AA9CCC4FFF8500296C492E2FEF086BE0006D7
:20206000FE0EA0461E44A8427622FF6906427640EB7B5200603006421E4806448AA9DC8154
:20207000A844616E8A52834806C40FC5610F8A4606481EC48A48834606C41ED58A528346E3
:2020800006C41EE528A901F46F5C06489B0090FFFF5860037640E78F9253610402020752DD
:202090001E52020207481E4806448AA9DC81A84460DA6F4606421E4806521E4A56BF044B80
:2020A00056BF024B06448AA9DC81A844613902001E4E0E4B0F4E6920064E074A8AA9064E85
:2020B00088C407488AA980C406A60FA7610F8A4606481EC48A4883460EC41ED58A4A83462F
:2020C0000EC41EE528A901F46F1C0201074E1E4E0E4B0F4E66E206489B0090FFFF586003E6
:2020D0007640E78F925361040202074A1E4A020207481E4806448AA9DC81A84460C99A007B
:2020E000FE8E0006FE041E44A84276228F05D20806C49B009003FF586107BE0206C49B001E
:2020F00090030FA6600FC544BE6406A7FF3007A7FF5A0200F61F561700A6A9A9074409013A
:202100001E449244761F03B496288A42CCC40F00FFC796268F00015DA8A907428AA992C480
:20211000900F962706421E208F000200A8A907428AA992C4FFC3CCA901C0FFC296228F0019
:202120000200A8A907428AA9CCC40380FFC3FFC296248F000201A8A907428AA9CCC40C0085
:20213000FFC3FFC296238F000201A8A907428AA9CCC40180FFC3FFC296259A00FF69FE8421
:2021400000067622021A761F03B407208AA98F40FFFFA0C48F000144A8A907208AA9BE00B1
:20215000CCC4FFF8500596C48F000152A8A907208AA9C2C48F000144A8A907208AA9CCC417
:20216000FFF8500296C48F000144A8A907208AA9CCC4FFF8500596C48F000160A8A907209F
:202170008AA9C2C48F000144A8A907208AA9CCC4FFF8500296C48F000144A8A907208AA965
:20218000CCC4FFF8500596C48F000162A8A907208AA9C2C48F000144A8A907208AA9CCC4D7
:20219000FFF8500296C49A00FF690006FE10A04A1E48A84676222B4B020019011E4E761F0D
:2021A00003B4022007208AA906C41E508F000180A8A907208AA91AC40002022007208AA99D
:2021B00028ABFFFF28AA0505A9C4FF697640EC5F5CADDC8E0EA41E422B438A46834A0648AE
:2021C0007640EA08520061068A4A02011EF4284B01F40220C450761F03B407208AA9C2C4EB
:2021D000924BFE900006FE021E42FF2F02100F426605FF2F02120F426628FF2F020E0F4272
:2021E00066069A8028A801070F42661F28A9020028A801070F42660528A902800F42661525
:2021F000FF2C10710F42660728A9108028A801070F42660B28A9120028A801070F426607F1
:2022000028A912800F4269039A016F029A00FE820006FE02964176228F000144761F03B4E3
:20221000A8A907208AA9CCC4FFF8500596C48F000106A8A907208AA99241903FCDC4FFC09A
:20222000CAA896C48F00015AA8A907208AA9CCC4FFE0501596C48F000144A8A907208AA990
:20223000CCC4FFF8500296C49A00FF69FE820006FE0A9643A8428F00FFFFA846A8482B4929
:202240005449691D8A429249F00158A90E9407461E46A34618AA00000EA8560100ABA9461D
:20225000064607481E48A3480EA818AA0000560100ABA9480A499243544966E50648FF3F7B
:20226000CA46CB45FE8A0006FE061E4202001E4456BF014592455220661A28AC001F064289
:202270005622FF5A0644FF30CAABCBAA1E440642FF301E42064A0F446606564100440201F4
:2022800007421E420A459245522069EA06446104064C07421E420642FE860006FE02964157
:20229000762252026105520661035208601D0218761F03B407208AA91AC400010228072059
:2022A0008AA992C4900752076005FF697640EAE96F04FF697640ECAB0218761F03B407209A
:2022B0008AA918C4FFFE9A00FF69FE820006FE028F08200006C41E428F08210006C41E42B7
:2022C0008F08220006C41E428F08230006C41E428F0C200006C41E428F0C210006C41E426C
:2022D0008F0C220006C41E428F0C230006C41E4202017640ECF4FE820006FE04964176228F
:2022E0002B42761F03B4022807208AA992C490079643022807208AA918C4FFF80228072033
:2022F0008AA992C49007610428A901FA6F029A009642520060069241FF697640E7929642A0
:20230000FE84FF6900067622021A761F03B407208AA98F40FFFFA0C48F000144A8A90720F6
:202310008AA9BE00CCC4FFF8500596C48F000152A8A907208AA9C2C48F000144A8A9072027
:202320008AA9CCC4FFF8500296C49A00FF690006FE069641A84476222B450644FF301E4485
:202330009241520860052845020092456F139A10FF697640EBB192417640EC36761F03B4D8
:20234000C444028807208AA9C2C492417640EBB19A00FE86FF690006FE021E42761F03B4AE
:202350000E281EAC56650042A942064261090642610A020156410042064260FC6F0428A95C
:2023600001F46F029A00FE82FF690006FE041E427622FF698748290156440042FF451E4492
:202370007640E78F0644FE840006000000000000000000000000000000000000000000004F
:2023800000000000022A761F03B407208AA948C46C039A016F029A020006FE041E44A842F4
:10239000064407428AA992487640EBE0FE84000694
:20239800FFFF9F4B00000000FFFF9F4C00000000FFFF9F4D00000000FFFF9F4E000000007F
:2023A800FFFF9F4F00000000FFFF9F5000000000FFFF9F5100000000FFFF9F52000000005F
:2023B800FFFF9F5300000000FFFF9F5400000000FFFF9F5500000000FFFF9F56000000003F
:2023C800FFFF9F5700000000FFFF9F5800000000FFFF9F5900000000FFFF9F5A000000001F
:2023D800FFFF9F5B00000000FFFF9F5C00000000FFFF9F5D00000000FFFF9F5E00000000FF
:2023E800FFFF9F5F00000000FFFF9F6000000000FFFF9F6100000000FFFF9F6200000000DF
:2023F800FFFF9F6300000000FFFF9F6400000000FFFF9F6500000000FFFF9F6600000000BF
:20240800FFFF9F6700000000FFFF9F6800000000FFFF9F6900000000FFFF9F6A000000009E
:20241800FFFF9F6B00000000FFFF9F6C00000000FFFF9F6D00000000FFFF9F6E000000007E
:20242800FFFF9F6F00000000FFFF9F7000000000FFFF9F7100000000FFFF9F72000000005E
:20243800FFFF9F7300000000FFFF9F7400000000FFFF9F7500000000FFFF9F76000000003E
:20244800FFFF9F7700000000FFFF9F7800000000FFFF9F7900000000FFFF9F7A000000001E
:20245800FFFF9F7B00000000FFFF9F7C00000000FFFF9F7D00000000FFFF9F7E00000000FE
:20246800FFFF9F7F00000000FFFF9F8000000000FFFF9F8100000000FFFF9F8200000000DE
:20247800FFFF9F8300000000FFFF9F8400000000FFFF9F8500000000FFFF9F8600000000BE
:20248800FFFF9F8700000000FFFF9F8800000000FFFF9F8900000000FFFF9F8A000000009E
:20249800FFFF9F8B00000000FFFF9F8C00000000FFFF9F8D00000000FFFF9F8E000000007E
:2024A800FFFF9F8F00000000FFFF9F9000000000FFFF9F9100000000FFFF9F92000000005E
:2024B800FFFF9F9300000000FFFF9F9400000000FFFF9F9500000000FFFF9F96000000003E
:2024C800FFFF9F9700000000FFFF9F9800000000FFFF9F9900000000FFFF9F9E000000001A
:2024D800FFFF9F9F00000000FFFF9FA000000000FFFF9FA100000000FFFF9FA200000000EE
:2024E800FFFF9FA300000000FFFF9FA400000000FFFF9FA500000000FFFF9FA600000000CE
:2024F800FFFF9FA700000000FFFF9FA800000000FFFF9FA900000000FFFF9FAA00000000AE
:20250800FFFF9FAB00000000FFFF9FAC00000000FFFF9FAD00000000FFFF9FAE000000008D
:20251800FFFF9FAF00000000FFFF9FB000000000FFFF9FB100000000FFFF9FB2000000006D
:20252800FFFF9FB300000000FFFF9FB400000000FFFF9FB500000000FFFF9FB6000000004D
:20253800FFFF9FBB00000000FFFF9FBC00000000FFFF9FBD00000000FFFF9FBE000000001D
:20254800FFFF9FBF00000000FFFF9FC000000000FFFF9FC100000000FFFF9FC200000000FD
:20255800FFFF9FC300000000FFFF9FC400000000FFFF9FC500000000FFFF9FC600000000DD
:20256800FFFF9FC700000000FFFF9FC800000000FFFF9FC900000000FFFF9FCA00000000BD
:20257800FFFF9FCB00000000FFFF9FCC00000000FFFF9FCD00000000FFFF9FCE000000009D
:20258800FFFF9FCF00000000FFFF9FD000000000FFFF9FD100000000FFFF9FD2000000007D
:20259800FFFF9FD300000000FFFF9FD400000000FFFF9FD500000000FFFF9FD6000000005D
:2025A800FFFF9FD700000000FFFF9FD800000000FFFF9FD900000000FFFF9FDA000000003D
:2025B800FFFF9FDB00000000FFFF9FDC00000000FFFF9FDD00000000FFFF9FDE000000001D
:2025C800FFFF9FDF00000000FFFF9FE000000000FFFF9FE100000000FFFF9FE200000000FD
:2025D800FFFF9FE300000000FFFF9FE400000000FFFF9FE500000000FFFF9FE600000000DD
:2025E800FFFF9FE700000000FFFF9FE800000000FFFF9FE900000000FFFF9FEA00000000BD
:2025F800FFFF9FEB00000000FFFF9FEC00000000FFFF9FED00000000FFFF9FEE000000009D
:20260800FFFF9FEF00000000FFFF9FF000000000FFFF9FF100000000FFFF9FF2000000007C
:20261800FFFF9FF300000000FFFF9FF400000000FFFF9FF500000000FFFF9FF6000000005C
:20262800FFFF9FF700000000FFFF9FF800000000FFFF9FF900000000FFFF9FFA000000003C
:20263800FFFF9FFB00000000FFFF9FFC00000000FFFF9FFD00000000FFFF9FFE000000001C
:20264800FFFF9FFF00000000FFFFA00000000000FFFFA00100000000FFFFA00200000000F9
:20265800FFFFA00300000000FFFFA00400000000FFFFA00500000000FFFFA00600000000D8
:20266800FFFFA00700000000FFFFA00800000000FFFFA00900000000FFFFA00A00000000B8
:20267800FFFFA00B00000000FFFFA00C00000000FFFFA00D00000000FFFFA00E0000000098
:20268800FFFFA00F00000000FFFFA01000000000FFFFA01100000000FFFFA0120000000078
:20269800FFFFA01300000000FFFFA01400000000FFFFA01500000000FFFFA0160000000058
:2026A800FFFFA01700000000FFFFA01800000000FFFFA01900000000FFFFA01D0000000035
:2026B800FFFFA01E00000000FFFFA02100000000FFFFA02300000000FFFFA0240000000004
:2026C800FFFFA02500000000FFFFA032000013DFFFFFA033000013DFFFFFA03400001101C6
:2026D800FFFFA03500000CF4FFFFA036000002B0FFFFA03700000271FFFFA03800000470F7
:2026E800FFFFA03900000470FFFFA03A00000470FFFFA03B00000470FFFFA03C0000001AFA
:2026F800FFFFA03D00000014FFFFA04000000002FFFFA04100000000FFFFA0420000000034
:20270800FFFFA04300000000FFFFA04400000000FFFFA04500000000FFFFA0460000000027
:20271800FFFFA047000000CFFFFFA0480000001FFFFFA04900000022FFFFA04A000001AE48
:20272800FFFFA04B00000000FFFFA04C00000000FFFFA04D00000000FFFFA04E00000000E7
:20273800FFFFA04F0000000AFFFFA0500000000AFFFFA0510000000AFFFFA05200000000A9
:20274800FFFFA05300000000FFFFA05400000000FFFFA05500000000FFFFA0560000000A9D
:20275800FFFFA05700000000FFFFA05800000000FFFFA05900000000FFFFA05A0000000087
:20276800FFFFA05B00000000FFFFA05C00000000FFFFA05D00000000FFFFA05E0000000067
:20277800FFFFA05F00000000FFFFA06300000000FFFFA06400000000FFFFA065000000003E
:20278800FFFFA06600000000FFFFA06700000000FFFFA06800000001FFFFA069000000001A
:20279800FFFFA06A00000000FFFFA06B00000000FFFFA06C00000000FFFFA06D00000000FB
:2027A800FFFFA06E00000000FFFFA07100000000FFFFA07200000000FFFFA07300000000D5
:2027B800FFFFA07400000000FFFFA07500000180FFFFA07600000100FFFFA07700000080B1
:2027C800FFFFA078000000C0FFFFA07900000060FFFFA07A00000120FFFFA07B0000000052
:2027D800FFFFA07C00000000FFFFA07D0000002FFFFFA07E00000000FFFFA07F0000000044
:2027E800FFFFA08000000000FFFFA08100000000FFFFA08200000000FFFFA0830000000053
:2027F800FFFFA08600000000FFFFA08700000000FFFFA08800000000FFFFA089000000002B
:20280800FFFFA08A00000000FFFFA08B00000000FFFFA08C00000000FFFFA08D000000000A
:20281800FFFFA08E00000000FFFFA08F00000000FFFFA09000000000FFFFA09100000000EA
:20282800FFFFA09200000000FFFFA09300000000FFFFA09400000000FFFFA09500000000CA
:20283800FFFFA09600000000FFFFA09700000000FFFFA09800000000FFFFA09900000000AA
:20284800FFFFA09A00000000FFFFA09B00000000FFFFA09C00000000FFFFA09D000000008A
:20285800FFFFA09E00000000FFFFA09F00000000FFFFA0A000000000FFFFA0A1000000006A
:20286800FFFFA0A200000000FFFFA0A300000000FFFFA0A400000000FFFFA0A5000000004A
:20287800FFFFA0A600000000FFFFA0A700000000FFFFA0A800000000FFFFA0A9000000002A
:20288800FFFFA0AA00000000FFFFA0AB00000000FFFFA0AC00000000FFFFA0AD000000000A
:20289800FFFFA0AE00000000FFFFA0AF00000000FFFFA0B000000000FFFEA0B200000000EA
:2028A8000000FFFEA0B4000000000000FFFEA0B6000000000000FFFEA0B800000000000017
:2028B800FFFEA0BA000000000000FFFEA0BC000000000000FFFEA0BE000000000000FFFEF8
:2028C800A0C0000000000000FFFEA0C2000000000000FFFEA0C4000000000000FFFEA0C66D
:2028D800000000000000FFFEA0C8000000000000FFFEA0CA000000000000FFFEA0CC0000AB
:2028E80000000000FFFEA0CE000000000000FFFEA0D0000000000000FFFEA0D20000000089
:2028F8000000FFFEA0D4000000000000FFFEA0D6000000000000FFFEA0D800000000000067
:20290800FFFEA0DA000000000000FFFEA0DC000000000000FFFEA0DE000000000000FFFE47
:20291800A0E0000000000000FFFEA0E2000000000000FFFEA0E4000000000000FFFEA0E69C
:20292800000000000000FFFEA0E8000000000000FFFEA0EA000000000000FFFEA0EC0000FA
:2029380000000000FFFEA0EE000000000000FFFEA0F0000000000000FFFEA0F200000000D8
:202948000000FFFEA0F4000000000000FFFEA0F6000000000000FFFEA0F8000000000000B6
:20295800FFFEA0FA000000000000FFFEA0FC000000000000FFFEA0FE000000000000FFFE97
:20296800A100000000000000FFFEA102000000000000FFFEA104000000000000FFFEA106C8
:20297800000000000000FFFEA108000000000000FFFEA10A000000000000FFFEA10C000047
:2029880000000000FFFEA10E000000000000FFFEA110000000000000FFFEA1120000000025
:202998000000FFFEA114000000000000FFFEA116000000000000FFFEA11800000000000003
:2029A800FFFEA11A000000000000FFFEA11C000000000000FFFEA11E000000000000FFFEE4
:2029B800A120000000000000FFFEA122000000000000FFFEA124000000000000FFFEA126F8
:2029C800000000000000FFFEA128000000000000FFFEA12A000000000000FFFEA12C000097
:2029D80000000000FFFEA12E000000000000FFFEA130000000000000FFFEA1320000000075
:2029E8000000FFFEA134000000000000FFFEA136000000000000FFFEA13800000000000053
:2029F800FFFEA13A000000000000FFFEA13C000000000000FFFEA144000000000000FFFE2E
:202A0800A146000000000000FFFEA148000000000000FFFEA14A000000000000FFFEA14C0F
:202A1800000000000000FFFEA14E000000000000FFFEA178000000000000FFFEA17A000084
:202A280000000000FFFEA17C000000000000FFFEA17E000000000000FFFFAF520000000059
:202A3800FFFFAF5300000000FFFFAF5400000000FFFFAF5500000000FFFFAF560000000078
:202A4800FFFFAF5700000000FFFFAF5800000000FFFFAF5900000000FFFFAF5A00000064F4
:202A5800FFFFAF6000000000FFFFAF6300000000FFFFAF6600000000FFFFAF67000000001A
:202A6800FFFFAF6800000001FFFFAF690000000AFFFFAF6A00000000FFFFAF6B00000000E9
:202A7800FFFFAF6C00000002FFFFAF6E00000014FFFFAF6F00000000FFFFAF7000000014A7
:202A8800FFFFAF7100000000FFFFAF7200000000FFFFAF7300000000FFFFAF7400000001AF
:202A9800FFFFAF7500000000FFFFAF7600000000FFFFAF7700000000FFFFAF7800003A98BE
:202AA800FFFFAF7B00000000FFFFAF7C00000000FFFFAF7D00000000FFFFAF7E0000000068
:202AB800FFFFAF7F00000000FFFFAF8000000000FFFFAF8100000000FFFFAF820000000048
:202AC800FFFFAF8300000000FFFFAF8400000000FFFFAF8500000000FFFFAF860000000028
:202AD800FFFFAF8700000000FFFFAF8800000000FFFFAF8900000000FFFFAF8A0000000008
:202AE800FFFFAF8B00000000FFFFAF8C00000000FFFFAF8D00000000FFFFAF8E00000000E8
:202AF800FFFFAF8F00000000FFFFAF9000000000FFFFAF92000001C2FFFFAF930000000003
:202B0800FFFFAF9400000000FFFFAF9600000000FFFFAF9700000000FFFFAF9800000000A0
:202B1800FFFFAF9900000000FFFFAF9A00000000FFFFAF9B00000000FFFFAF9C000000007F
:202B2800FFFFAF9D00000000FFFFAF9E00000000FFFFAF9F00000000FFFFAFA0000000005F
:202B3800FFFFAFA100000000FFFFAFA200000000FFFFAFA300000000FFFFAFA4000000003F
:202B4800FFFFAFA500000000FFFFAFA600000000FFFFAFA700000000FFFFAFA8000000001F
:202B5800FFFFAFA900000000FFFFAFAA00000000FFFFAFAB00000000FFFFAFAC00000000FF
:202B6800FFFFAFAD00000000FFFFAFAE00000000FFFFAFAF00000000FFFFAFB000000000DF
:202B7800FFFFAFB100000000FFFFAFB200000000FFFFAFB300000000FFFFAFB400000000BF
:202B8800FFFFAFB500000000FFFFAFB600000000FFFFAFB700000000FFFFAFB8000000009F
:202B9800FFFFAFB900000000FFFFAFBA00000000FFFFAFBB00000000FFFFAFBC000000007F
:202BA800FFFFAFBD00000000FFFFAFBE00000000FFFFAFBF00000000FFFFAFC0000000005F
:202BB800FFFFAFC100000000FFFFAFC200000000FFFFAFC300000000FFFFAFC4000000003F
:202BC800FFFFAFC500000000FFFFAFC600000000FFFFAFC700000000FFFFAFC8000000001F
:202BD800FFFFAFC900000000FFFFAFCA00000000FFFFAFCB00000000FFFFAFCC00000000FF
:202BE800FFFFAFCD00000000FFFFAFCE00000000FFFFAFCF00000000FFFFAFD000000000DF
:202BF800FFFFAFD100000000FFFFAFD200000000FFFFAFD300000000FFFFAFD400000000BF
:202C0800FFFFAFD500000000FFFFAFD600000000FFFFAFD700000000FFFFAFD8000000009E
:202C1800FFFFAFD900000000FFFFAFDA00000000FFFFAFDB00000000FFFFAFDC000000007E
:202C2800FFFFAFDD00000000FFFFAFDE00000000FFFFAFDF00000000FFFEAFE0000000005F
:202C38000000FFFEAFE2000000000000FFFEAFE4000000000000FFFEAFE6000000000000CC
:202C4800FFFEAFE8000000000000FFFEAFEA000000000000FFFFAC8900000000FFFFAC8BDA
:202C580000000000FFFFAC8C000004A4FFFFAC8D00000BB8FFFFAC8E00000000FFFFAC8F13
:202C680000000FA0FFFFAC90000007D0FFFFAC9100000000FFFFAC9200000000FFFFAC93D8
:202C780000000000FFFFAC9400000000FFFFAC9500000000FFFFAC9600000000FFFFAC973E
:202C880000000000FFFFAC9800000000FFFFAC99000013ABFFFFAC9A0000000AFFFFAC9B56
:202C9800000007D0FFFFAC9C00000001FFFFAC9D00000000FFFFAC9E000000C8FFFFAC9F5E
:202CA80000000014FFFFACA100000FA0FFFFACA200000FA0FFFFACA300004268FFFFACA4BE
:202CB80000000DACFFFFACA500000000FFFFACA600000000FFFFACA700000000FFFFACA801
:202CC80000000000FFFFACA900000000FFFFACAA00000000FFFFACAB00000000FFFFACAC9A
:202CD80000000000FFFFACAD000013ABFFFFACAE0000000AFFFFACAF000007D0FFFFACB0DB
:202CE80000000001FFFFACB100000000FFFFACB2000000C8FFFFACB300000014FFFFACB57C
:202CF800000007D0FFFFACB6000007D0FFFFACB700004268FFFFACB800000DACFFFFACB925
:202D080000000000FFFFACBA00000000FFFFACBB00000000FFFFACBC00000000FFFFACBD15
:202D18000000002BFFFFACBE00000000FFFFACBF000007D0FFFFACC000000320FFFFACC1D0
:202D2800000000C8FFFFACC200000082FFFFACC300000057FFFFACC4000001B3FFFFACC580
:202D380000000001FFFFACC600000001FFFFACC700000384FFFFACC8000004E2FFFFACC946
:202D480000000000FFFFACCA00000000FFFFACCB00000000FFFFACCC00000000FFFFACCD95
:202D580000000000FFFFACCE00000000FFFFACCF00000000FFFFACD000000000FFFFACD175
:202D680000000000FFFFACD200000000FFFFACD300000000FFFFACD400000000FFFFACD555
:202D780000000000FFFFACD600000000FFFFACD700000000FFFFACD800000000FFFFACD935
:202D880000000000FFFFACDA00000000FFFFACDB00000000FFFFACDC00000000FFFFACDD15
:202D980000000000FFFFACDE00000000FFFFACDF00000000FFFFACE000000000FFFFACE1F5
:202DA80000000000FFFFACE200000000FFFFACE300000000FFFFACE400000000FFFFACE5D5
:202DB80000000000FFFFACE600000000FFFFACE700000000FFFFACE800000000FFFFACE9B5
:202DC80000000000FFFFACEA00000000FFFEAD08000000000000FFFEAD0A000000000000F1
:202DD800FFFEAD0C000000000000FFFEAD0E000000000000FFFEAD10000000000000FFFEB6
:202DE800AD12000000000000FFFEAD14000000000000FFFEAD16000000000000FFFEAD18CC
:202DF800000000000000FFFEAD1A000000000000FFFEAD1C00000FA00000FFFEAD1E0000BA
:202E080000000000FFFEAD20000000000000FFFEAD22000000000000FFFEAD240000000046
:202E18000000FFFEAD26000000000000FFFEAD28000000000000FFFEAD2A00000000000024
:202E2800FFFEAD2C000000000000FFFEAD2E000000000000FFFEAD30000000000000FFFE05
:202E3800AD32000007D00000FFFEAD36000000000000FFFEAD38000000000000FFFEAD3A1E
:202E4800000000000000FFFEAD3C000000000000FFFEAD3E000000000000FFFEAD400000B2
:202E580000000000FFFEAD42000000000000FFFEAD44000000000000FFFEAD460000000090
:202E68000000FFFFAA5800000A2CFFFFAA5900000005FFFFAA720000021CFFFFAA750000B9
:202E78000000FFFFAA7600000000FFFFAA7700000000FFFFAA7900000000FFFFAA7A0000BA
:202E88000000FFFFAA7B00000000FFFFAA7E00000001FFFFAA7F0000012CFFFFAA81000063
:202E9800001EFFFFAA8200000028FFFFAA830000001EFFFFAA8400000597FFFFAA8500006C
:202EA80002CCFFFFAA8600000030FFFFAA870000002BFFFFAA88000000A0FFFFAA8A000082
:202EB8000000FFFFAA8C00000000FFFFAA8D00000000FFFFAA9700000018FFFFAA990000F9
:202EC8000001FFFFAA9A00000000FFFFAA9B0000009EFFFFAA9C00000036FFFFAA9F000005
:202ED8002328FFFFAAA70000000FFFFFAAA800000064FFFFAAAB00000000FFFFAAB30000CF
:202EE80000A4FFFFAAB400001388FFFFAAB500000000FFFFAAB600000002FFFFAAB7000013
:202EF8000002FFFFAAB900000000FFFFAABA00000000FFFFAABB00000000FFFFAABC00002E
:202F08000000FFFFAABF00000000FFFFAAC000000000FFFFAAC100000000FFFFAAC2000007
:202F18000000FFFFAAC300000000FFFFAAC400000001FFFFAAC500000000FFFFAAC60000E6
:202F28000000FFFFAAC700000000FFFFAAC800000000FFFFAAC900000000FFFFAACA0000C7
:202F38000000FFFFAACB00000000FFFFAACF00000000FFFFAAD100000000FFFFAAD200009C
:202F48000000FFFFAAD300000000FFFFAAD400000000FFFFAAD700000000FFFEAB06000045
:202F580000000000FFFEAB08000000000000FFFEAB1E000000000000FFFEAB20000000001B
:202F68000000FFFEAB22000000000000FFFEAB24000000000000FFFEAB26000000000000E5
:202F7800FFFEAB28000000000000FFFEAB2A000000000000FFFEAB2C000000000000FFFEC6
:202F8800AB2E000000000000FFFEAB30000000000000FFFEAB34000000000000FFFEAB36BE
:202F9800000000000000FFFEAB38000000000000FFFEAB3A000000000000FFFEAB3C000073
:202FA80000000000FFFEAB3E000000000000FFFEAB40000000000000FFFEAB420000000051
:202FB8000000FFFEAB44000000000000FFFEAB46000000000000FFFEAB480000000000002F
:202FC800FFFEAB4A000000000000FFFEAB4C000000000000FFFEAB4E000000000000FFFE10
:202FD800AB50000000000000FFFEAB5200008000463BFFFEAB54000000000000FFFEAB56E9
:202FE800000000000000FFFEAB58000000000000FFFEAB5A00008000453BFFFEAB5C0000C3
:202FF80000000000FFFEAB5E000000000000FFFEAB60000000000000FFFEAB6200000000A1
:203008000000FFFEAB64000000000000FFFEAB66000000000000FFFEAB680000000000007E
:20301800FFFEAB6A000000000000FFFEAB6C000000000000FFFEAB6E000000000000FFFE5F
:20302800AB70000000000000FFFEAB72000000000000FFFEAB74000000000000FFFEAB7619
:20303800000000000000FFFEAB78000000000000FFFEAB7E000000000000FFFFB18A0000F9
:203048000000FFFFB18D00000005FFFFB18E00000005FFFFB18F00000001FFFFB190000067
:203058000000FFFFB19100000000FFFFB19200000000FFFFB19500000000FFFFB19600004E
:203068000000FFFFB19700000000FFFFB19800000000FFFFB19900000000FFFFB19A00002A
:203078000000FFFFB19B00000000FFFFB19C00000000FFFFB19D00000000FFFFB19E00000A
:203088000000FFFFB19F00000000FFFFB1A000000000FFFFB1A100000000FFFFB1A20000EA
:203098000000FFFFB1A300000000FFFFB1A400000000FFFFB1B200000000FFFFB1B30000B0
:2030A8000000FFFFB1B400000000FFFFB1B500000000FFFFB1B600000000FFFFB1B7000076
:2030B8000000FFFFB1B800000000FFFFB1B900000000FFFFB1BA00000000FFFFB1BC000055
:2030C8000000FFFFB1BD00000000FFFFB1BE00000000FFFFB1BF00000000FFFFB1C0000032
:2030D8000000FFFFB1C100000000FFFFB1C200000000FFFFB1C300000000FFFFB1C4000012
:2030E8000000FFFFB1C500000000FFFFB1C600000000FFFFB1C700000000FFFFB1C80000F2
:2030F8000000FFFFB1C900000000FFFFB1CA00000000FFFFB1CB00000000FFFFB1CC0000D2
:203108000000FFFFB1CD00000000FFFFB1CE00000000FFFFB1CF00000000FFFFB1D00000B1
:203118000000FFFFB1D100000000FFFFB1D200000000FFFFB1D300000000FFFFB1D4000091
:203128000000FFFFB1D500000000FFFFB1D600000000FFFFB1D700000000FFFFB1D8000071
:203138000000FFFFB1D9000003E8FFFFB1DA000003E8FFFFB1DB00000005FFFFB1DC000076
:203148000005FFFFB1DD00000032FFFFB1DE00000032FFFFB1DF0000012CFFFFB1E000009B
:20315800012CFFFFB1E1000001F4FFFFB1E2000001F4FFFFB1E300000000FFFFB1E40000FA
:203168000000FFFFB1E500000000FFFFB1E600000000FFFFB1E700000000FFFFB1E80000F1
:203178000000FFFFB1E900000000FFFFB1EA00000000FFFFB1EB00000000FFFFB1EC0000D1
:203188000000FFFFB1EE00000000FFFFB1EF00000000FFFFB1F000000000FFFFB1F10000AD
:203198000001FFFFB1F200000000FFFFB1F300000000FFFFB1F400000000FFFFB1F500008C
:2031A8000000FFFFB1F600000000FFFFB1F700000000FFFFB1F800000064FFFFB1F9000009
:2031B8000000FFFFB1FA00000000FFFFB1FB00000000FFFFB1FC00000000FFFFB1FD00004D
:2031C8000000FFFFB1FE00000000FFFFB1FF00000000FFFFB20000000000FFFFB20100002B
:2031D8000000FFFFB20200000000FFFFB20300000000FFFFB20400000000FFFFB205000009
:2031E8000000FFFFB20600000000FFFEB20A000000000000FFFFB38700000047FFFFB388A0
:2031F8000000003CFFFFB38E00000082FFFFB38F0000009BFFFFB39000000064FFFFB391F8
:203208000000044CFFFFB392000004A6FFFFB393000003CAFFFFB3940000044CFFFFB3957D
:20321800000004A6FFFFB3960000041AFFFFB3970000044CFFFFB398000004A6FFFFB399B2
:203228000000041AFFFFB39A00000294FFFFB39B000002BCFFFFB39C00000280FFFFB39D60
:20323800000002B2FFFFB39E000002BCFFFFB39F0000029EFFFFB3A000000276FFFFB3A1AA
:203248000000030CFFFFB3A20000029EFFFFB3A30000029EFFFFB3A400000302FFFFB3A5C0
:20325800000001F4FFFFB3A600000042FFFFB3A700000046FFFFB3A80000003CFFFFB3A93B
:2032680000000039FFFFB3AA00000046FFFFB3AB00000039FFFFB3AC00000041FFFFB3ADDB
:203278000000004FFFFFB3AE00000035FFFFB3AF00000042FFFFB3B00000004AFFFFB3B1A4
:2032880000000040FFFFB3B200000068FFFFB3B300000079FFFFB3B40000006AFFFFB3B509
:203298000000028AFFFFB3B6000002EEFFFFB3B7000001F4FFFFB3B80000029EFFFFB3B963
:2032A800000002D0FFFFB3BA000001F4FFFFB3BB00000000FFFFB3BC00000000FFFFB3BD8D
:2032B80000000000FFFFB3BE00000000FFFFB3C400000000FFFFB3CC00000000FFFFB3CD17
:2032C80000000000FFFFB3CE00000000FFFFB3CF00000000FFFFB3D000000000FFFFB3D1E4
:2032D80000000000FFFFB3D200000000FFFFB3D300000000FFFFB3D400000000FFFFB3D5C4
:2032E80000000000FFFFB3D600000000FFFFB3D700000000FFFFB3D800000000FFFFB3D9A4
:2032F80000000000FFFFB3DA00000000FFFFB3DB00000000FFFFB3DC00000000FFFFB3DD84
:2033080000000000FFFFB3DE00000000FFFFB3DF00000000FFFFB3E000000000FFFFB3E163
:2033180000000000FFFFB3E200000000FFFFB3E300000000FFFFB3E400000000FFFFB3E543
:2033280000000000FFFFB3E600000000FFFFB3E700000000FFFFB3E800000000FFFFB3E923
:2033380000000000FFFFB3EA00000000FFFFB3EB00000000FFFFB3EC00000000FFFFB3ED03
:2033480000000000FFFFB3EE0000015EFFFFB3EF000000F0FFFFB3F000000000FFFFB3F194
:2033580000000000FFFFB3F200000000FFFFB3F300000000FFFFB3F400000000FFFFB3F5C3
:2033680000000000FFFFB3F600000000FFFFB3F700000000FFFFB3F800000000FFFEB3FAA3
:20337800000000000000FFFFB58400000000FFFFB58500000000FFFFB58600000000FFFF8F
:20338800B58900000014FFFFB58A00000080FFFFB58F00000008FFFFB59000000011FFFF7A
:20339800B59100000000FFFFB59200000000FFFFB59300000000FFFFB59400000000FFFFFF
:2033A800B59500000000FFFFB59600000000FFFFB59700000000FFFFB59800000000FFFFDF
:2033B800B59900000000FFFFB59B00002EE0FFFFB59C00003A98FFFFB59D0000028AFFFF50
:2033C800B59E0000F830FFFFB59F0000FB50FFFFB5A100000000FFFFB5A200000000FFFF26
:2033D800B5A300000000FFFFB5A400000000FFFFB5A500000000FFFFB5A700000000FFFF76
:2033E800B5A900000000FFFFB5AD000000C8FFFFB5AE00000000FFFFB5AF00000000FFFF7E
:2033F800B5B000000001FFFFB5B100000000FFFFB5B200000000FFFFB5B300000000FFFF22
:20340800B5B400000000FFFFB5B500000000FFFFB5B600000000FFFFB5B700000000FFFF02
:20341800B5B800000000FFFFB5B900000000FFFFB5BA00000000FFFFB5BB00000000FFFFE2
:20342800B5BC00000000FFFFB5BE00000400FFFFB5BF00000000FFFFB5C000000000FFFFBB
:20343800B5C100000000FFFFB5C200000000FFFFB5C300000000FFFFB5C400000000FFFF9E
:20344800B5C500000000FFFFB5C600000000FFFFB5C700000000FFFFB5C800000000FFFF7E
:20345800B5C900000000FFFFB5CA00000000FFFFB5CB00000000FFFFB5CC00000000FFFF5E
:20346800B5CD00000000FFFFB5CE00000000FFFFB5D000000000FFFFB5D100000000FFFF3C
:20347800B5D200000000FFFFB5D300000000FFFFB5D400000000FFFFB5D500000000FFFF1A
:20348800B5D600000000FFFFB5D700000000FFFFB5D800000000FFFEB5DE000000000000F4
:20349800FFFEB5E0000000000000FFFEB5E2000000000000FFFFB0D200000000FFFFB0D3ED
:2034A80000000000FFFFB0D40000000DFFFFB0D500000028FFFFB0D600000029FFFFB0D798
:2034B8000000002AFFFFB0D800000000FFFFB0D900000000FFFFB0E000000000FFFFB1067A
:2034C80000000000FFFFB10B00000000FFFFB10C00000000FFFFB11000000006FFFFB111EA
:2034D80000000000FFFFB11200000000FFFFB11300000000FFFFB11400000000FFFFB115CA
:2034E80000000001FFFFB11600000000FFFFB11700000000FFFFB11800000000FFFFB119A9
:2034F80000000000FFFFB11A00000000FFFFB11B00000000FFFFB11C00000000FFFFB11D8A
:2035080000000000FFFFB11E00000000FFFFB11F00000000FFFFB12000000000FFFFB12169
:2035180000000000FFFFB12200000000FFFFB12300000546FFFFB12400000000FFFFB125FE
:2035280000000000FFFFB12600000000FFFFB12700000000FFFFB12800000000FFFFB12929
:2035380000000208FFFFB12A00000032FFFFB12B00000000FFFFB12C00000000FFFFB12DCD
:2035480000000001FFFFB12E00000000FFFFB12F00000000FFFFB13000000000FFFFB131E8
:2035580000000000FFFFB13200000000FFFFB13300000000FFFFB13400000000FFFFB135C9
:2035680000000000FFFFB13600000000FFFFB13700000000FFFFB13800000000FFFFB139A9
:20357800000004B0FFFFB13A00000000FFFFB13E00000000FFFFB14000000000FFFFB141CA
:2035880000000000FFFFB14200000000FFFFB14300000000FFFFB14400000000FFFFB14559
:2035980000000000FFFFB14600000000FFFFB14700000000FFFFB14800000000FFFFB14939
:2035A80000000000FFFFB14A00000000FFFFB14B00000000FFFFB14C00000000FFFEB14E19
:2035B800000000000000FFFEB150000000000000FFFEB152000000000000FFFFAE830000C6
:2035C8000000FFFFAE8500000002FFFFAE8600000000FFFFAE8700000000FFFFAE96000009
:2035D8000000FFFFAE9700000000FFFFAE9800000000FFFFAE9900000000FFFFAE9A0000C1
:2035E8000000FFFFAE9B00000000FFFFAE9C00000000FFFFAE9D00000000FFFFAE9E0000A1
:2035F8000000FFFFAE9F00000000FFFFAEA600000001FFFFAEA700000000FFFFAEA800006E
:203608000000FFFFAEA900000000FFFFAEAA00000001FFFFAEAB00000001FFFFAEAC000046
:203618000001FFFFAEAD00000000FFFFAEAE00000001FFFFAEAF00000000FFFFAEB0000026
:203628000000FFFFAEB100000000FFFFAEB20000000CFFFFAEB300000000FFFFAEB40000FC
:203638000000FFFFAEB500000000FFFFAEB600000000FFFFAEB700000000FFFFAEB80000E8
:203648000000FFFFAEB900000000FFFFAEBA00000000FFFFAEBB00000000FFFFAEBC0000C8
:203658000000FFFFAEBD00000000FFFFAEBE00000000FFFFAEBF00000000FFFFAEC00000A8
:203668000000FFFFAEC100000000FFFFAEC200000000FFFFAEC300000000FFFFAEC8000084
:203678000000FFFFAEC900000000FFFFAECF00000000FFFFAED000000000FFFFAED1000049
:203688000000FFFFAED200000000FFFFAED400000000FFFFAED500000000FFFFAED6000021
:203698000000FFFFAED700000000FFFFAED800000000FFFFAED900000000FFFFAEDA000000
:2036A8000000FFFFAEDB00000000FFFFAEDC00000000FFFFAEDD00000000FFFFAEDF0000DF
:2036B8000000FFFFAEE000000000FFFEAEE6000000000000FFFEAEEA000000000000FFFE43
:2036C800AEEC000000000000FFFEAEEE000000000000FF38AD80000043D10008A4AD0009D5
:2036D800A4BC0009A5370009A53B0009A4E00009A4E40009A5180009A52B0009A4C400096D
:2036E800A4C80009A53F0009A5430009A4CC0009A4C00009A5100009A5140009A4D000098C
:2036F800A4D40009A4D80009A4DC0009A4E80009A4EC0009A5670009A56B0009A4F000092A
:20370800A4F40009A56F0009A573000959490009594D00095951000959550009A500000950
:20371800A57F0009A583000959950009A57B0009A4FC0009A55B0009A5610009A52F000975
:20372800A5330009F5CD0008F6080008A5560009A4A50009A4A90009B4A70009B4AB000958
:203738007C3C0009A29A0009654C00096455000964820009C1520009C1560009C15A0009A0
:2037480064920009649A000964DF0009C15E000964B5000964B9000965010009652600099C
:2037580065480009654400096550000965540009A2F1000964E3000965400009650C000955
:203768006510000964BD000964CF000964D4000964F20009A4B100097C7C00097C80000959
:203778007C84000964BF00097C8C00097C640009C3900009643100097C600009BE840009D8
:20378800BE920009A5470009BEA00009BEAE0009BEBC0009BECA0009BED80009BEE6000997
:20379800BEF40009B5010009FFFFB78000000000FFFFB78100000000FFFEB78200000000F6
:2037A8000000FFFEB784000000000000FFFEB786000000000000FFFEB78800000000000053
:2037B800FFFEB78A000000000000FFFEB78C000000000000FFFEB78E000000000000FFFE34
:2037C800B790000000000000FFFEB792000000000000FFFEB794000000000000FFFEB796C2
:2037D800000000000000FFFEB798000000000000FFFEB79A000000000000FFFEB79C0000E7
:2037E80000000000FFFEB79E000000000000FFFEB7A0000000000000FFFEB7A200000000C5
:2037F8000000FFFEB7A4000000000000FFFEB7A6000000000000FFFCB7A8000000000000A5
:2038080000000000FFFCB7AC00000000000000000000FFFCB7B000000000000000000000E0
:20381800FFFCB7B400000000000000000000FFFCB7B800000000000000000000FFFCB7BC52
:2038280000000000000000000000FFFCB7C000000000000000000000FFFCB7C40000000098
:20383800000000000000FFFCB7C800000000000000000000FFFFB88600000000FFFFB8877D
:2038480000000000FFFFB88D00000000FFFFB88F00000096FFFFB89A00000000FFFFB89BA1
:2038580000000001FFFFB89C00000001FFFFB89F00000000FFFFB8A000000000FFFFB8A1FA
:2038680000000000FFFFB8A200000000FFFFB8A300000000FFFFB8A400000000FFFFB8A5DA
:2038780000000000FFFFB8A600000008FFFFB8A700000BB8FFFFB8A800000000FFFFB8A9EF
:2038880000000000FFFFB8AA00000000FFFFB8AB00000000FFFFB8AC00000001FFFFB8AD99
:2038980000000000FFFFB8AE00000000FFFFB8AF00000000FFFFB8B000000000FFFFB8B17A
:2038A80000000000FFFFB8B200000000FFFFB8B300000000FFFFB8B400000000FFFFB8B55A
:2038B80000000000FFFFB8B600000000FFFFB8B700000000FFFFB8B800000000FFFFB8B93A
:2038C80000000000FFFFB8BA00000000FFFFB8BB00000000FFFFB8BC00000000FFFFB8BD1A
:2038D80000000000FFFFB8BE00000000FFFEB8C0000000000000FFFEB8C200000000000070
:2038E800FFFFB98D00000800FFFFB98E00000800FFFFB99700000000FFFFB99C000008007E
:2038F800FFFFB99D00000000FFFFB99E00000000FFFFB99F00000000FFFFB9A0000000005A
:20390800FFFFB9A100000000FFFFB9A200000000FFFFB9A300000000FFFFB9A40000000039
:20391800FFFFB9A500000000FFFFB9A600000000FFFFB9A700000000FFFFB9A80000000019
:20392800FFFFB9A900000000FFFFB9AA00000000FFFFB9AB00000000FFFFB9AC00000000F9
:20393800FFFFB9AD00000000FFFFB9AE00000000FFFFB9AF00000000FFFFB9B000000000D9
:20394800FFFFB9B100000000FFFFB9B200000000FFFFB9B300000000FFFFB9B400000000B9
:20395800FFFFB9B500000000FFFFB9B600000000FFFFB9B700000000FFFFB9B80000000099
:20396800FFFFB9B900000000FFFFB9BA00000000FFFFB9BB00000000FFFFB9BC0000000079
:20397800FFFF87D100000800FFFF87D40000000AFFFF87D500000000FFFF87D60000000BAE
:20398800FFFF87D700000000FFFF87D800000000FFFF87D900000000FFFF87DA00000000A9
:20399800FFFF87DB00000000FFFF87DC00000000FFFF87DD00000000FFFF87DE0000000089
:2039A800FFFF87DF00000000FFFF87E000000000FFFF87E100000000FFFF87E20000000069
:2039B800FFFF87E600000000FFFF87E700000000FFFF87E800000000FFFF87E9000000003D
:2039C800FFFF87EA00000000FFFF87EB00000000FFFF87EC00000000FFFF87ED000000001D
:2039D800FFFF87EE00000000FFFF87EF00000000FFFF87F000000000FFFF87F100000000FD
:2039E800FFFF87F200000000FFFF87F300000000FFFF87F400000000FFFF87F500000000DD
:2039F800FFFE87F6000000000000FFFF8F5100000000FFFF8F5200000000FFFF8F53000098
:203A08000001FFFF8F5400000000FFFF8F5500000000FFFF8F5600000000FFFF8F57000013
:203A18000000FFFF8F5800000000FFFF8F5B00000B00FFFF8F5D00000000FFFF8F5E0000E1
:203A28000000FFFF8F5F00000000FFFF8F6000000000FFFF8F6100000000FFFF8F620000C8
:203A38000000FFFF8F6300000000FFFF8F6400000000FFFF8F6500000000FFFF8F660000A8
:203A48000000FFFF8F6700000000FFFF8F6800000000FFFF8F6900000000FFFF8F6A000088
:203A58000000FFFF8F6B00000000FFFF8F6C00000000FFFF8F6D00000000FFFF8F6E000068
:203A68000000FFFF8F6F00000000FFFF8F730000FFFFFFFF8F7400000000FFFF8F75000041
:203A78000000FFFFAE4900000000FFFFAE4A00000000FFFFAE4B00000000FFFFAE4C000054
:203A88000000FFFFAE4D00000000FFFFAE4E00000000FFFFAE4F00000000FFFFAE50000034
:203A98000226FFFFAE5100000226FFFFAE520000002AFFFFAE530000012CFFFFAE5400006D
:203AA80001F4FFFFAE5500000000FFFFAE5600000000FFFFAE5700000000FFFFAE580000FF
:203AB8000000FFFFAE5900000000FFFFAE5A00000000FFFFAE5B00000000FFFFAE5C0000D4
:203AC8000000FFFFAE5D00000010FFFFAE5E00000001FFFFAE5F00000000FFFFAE600000A3
:203AD8000000FFFFAE6100000000FFFEAE62000000000000FFFFB40200000000FFFFB4034B
:203AE80000000000FFFFB40500000000FFFFB40600000000FFFFB40700000000FFFFB40ADA
:203AF80000000000FFFFB40B00000000FFFFB40D00000000FFFFB41100000000FFFFB412AB
:203B080000000000FFFFB41400000000FFFFB41500000000FFFFB41600000000FFFFB4177F
:203B180000000000FFFFB41800000000FFFFB41B00000000FFFFB41C00000000FFFFB41D59
:203B280000000000FFFFB46300000000FFFFB46400000000FFFFB46500000001FFFFB47612
:203B380000000000FFFFB47700000000FFFFB85700000800FFFFB85800000800FFFFB85F04
:203B480000000000FFFFB86900000800FFFFB86A00000000FFFFB86B00000000FFFFB86CD3
:203B580000000000FFFFB86D00000000FFFFB86E00000000FFFFB86F00000000FFFFB870BB
:203B680000000000FFFFB87100000000FFFFB87200000000FFFFB87300000000FFFFB8749B
:203B780000000000FFFFB87500000000FFFFB87600000000FFFFB87700000000FFFFB8787B
:203B880000000000FFFFB87900000000FFFFB87A00000000FFFF9BD700000001FFFF9BD9DB
:203B980000000000FFFF9BDA00000000FFFF9BDB00000000FFFF9BDC00000000FFFF9BDD3B
:203BA80000000000FFFF9BDE0000021CFFFF9BDF0000021CFFFF9BE000000000FFFF9BE1DF
:203BB80000000000FFFF9BE200000000FFFF9BE300000000FFFF9BE400000000FFFF9BE5FB
:203BC80000000000FFFF9BE600000000FFFF9BE700000000FFFFB80900000800FFFFB80A57
:203BD80000000800FFFFB81D00000000FFFFB82800000000FFFFB83900000000FFFFB83A35
:203BE80000000000FFFFB83B00000000FFFFB83D00000000FFFFB83E00000000FFFFB83FF0
:203BF80000000000FFFFB84000000000FFFFB84100000000FFFFB84200000000FFFFB843CF
:203C080000000000FFFFB84400000000FFFFB30600000000FFFFB30700000000FFFFB3087A
:203C180000000000FFFFB309000005DCFFFFB30A00000000FFFFB30B00000000FFFFB30CBD
:203C280000000000FFFFB30D00000000FFFFB30E00000000FFFFB30F00000000FFFFB3107E
:203C380000000000FFFFB31100000000FFFFB31200000000FFFFB31300000000FFFFB3145E
:203C480000000000FFFFAD7000000001FFFFAD7100000001FFFFAD7200000001FFFFAD73E7
:203C580000000001FFFFAD7400000001FFFFAD7500000001FFFFAD7600000000FFFFAD77C7
:203C680000000001FFFFAD7B00000000FFFFAD7C00000000FFFFAD7D00000000FFFF9F37F2
:203C780000000000FFFF9F3800000001FFFF9F3900000000FFFF9F3A00000010FFFF9F3BC1
:203C880000000001FFFF9F3C00000000FFFF9F3D00000000FFFF9F3E00000000FFFF9F3FB1
:203C980000000000FFFFB1680000FFFFFFFFB169000000FFFFFFB16A00000000FFFFB16BAD
:203CA8000000FFFFFFFFB16C000000FFFFFFB16D00000000FFFFB16E0000FFFFFFFFB16F8F
:203CB800000000FFFFFFB17000000000FFFFA1E900000800FFFFA1EA00000800FFFFA1EC22
:203CC80000000000FFFFA1ED00000000FFFFA1EE00000000FFFFA1EF00000000FFFFA1F0A6
:203CD80000000000FFFFA1F100000000FFFFA41C00000000FFFFA41D00000000FFFFA41EFF
:203CE80000000000FFFFA41F00000000FFFFA42700000000FFFFA42800000000FFFF989141
:203CF80000000800FFFF989200000800FFFF989300000800FFFF98A500000000FFFF98A6CC
:203D080000000000FFF0A42C000000FF0000000100000002000000010000000300000001D5
:203D180000000002000000010000FFF0AA0B00000000102120423063408450A560C670E788
:203D280081089129A14AB16BC18CD1ADE1CEF1EFFFFF9F3300000000FFFF9F340000000036
:203D3800FFFF9F3500000000FFFF9F3600000000FFFFA43C00000000FFFFA43D0000000009
:203D4800FFFFA43E00000000FFFFA43F00000000FFFE94C0000000004248FFFE94C200006C
:203D580000004248FFFE94C4000000004248FFF5B0A5000000000000000000000000000099
:203D680000000000000000000000FFFFB17800000001FFFEB17A000000000000FFFEB17CC1
:203D7800000000000000FFFCAA3C0000CA320009CA600009FFFCAF3C0000CA8E0009CADA27
:203D88000009FFFCB20C00000000000000000000FFFEA83E0000F0810009FFFEAD7E0000D4
:203D9800F0810009FFFEB210000000000000FFFEAFFE000068000001FFFFB0000000000011
:203DA800FFFFB0BB00000000FFFF880000000000FFFFA1F400000000FFFFAF30000000009C
:143DB800FFFFAFEC00000000FFFFA2000000000000000000BE
:203DC800AB090009AB090009AB090009AB090009AB090009AB090009AB090009AB090009F3
:203DD800AB090009AB090009AB090009AB090009AB090009A5A50009A5AF0009A5B9000903
:203DE800A5C30009A5CD0009A5D70009A5E10009A5EB0009A5F50009A5FF0009A60900091A
:203DF800A6130009A61D0009A6270009A6310009A63B0009A6450009A64F0009A659000983
:203E0800A6630009A66D0009A6770009A6810009A68B0009A6950009A69F0009A6A90009F2
:203E1800A6B30009A6BD0009A6C70009A6D10009A6DB0009A6E50009A6EF0009A6F9000962
:203E2800A7030009A70D0009A7170009A7210009A72B0009A7350009A73F0009A7490009CA
:203E3800A7530009A75D0009A7670009A7710009A77B0009A7850009AB090009AB09000948
:203E4800A78F0009A7990009A7A30009AB090009AB090009AB090009AB090009AB090009CE
:203E5800A7AD0009A7B70009A7C10009A7CB0009A7D50009A7DF0009A7E90009A7F300094A
:203E6800A7FD0009A8070009A8110009A81B0009A8250009A82F0009AB090009AB09000917
:203E7800A8390009A8430009A84D0009A8570009A8610009A86B0009A8750009A87F0009C2
:203E8800A8890009A8930009A89D0009A8A70009A8B10009A8BB0009A8C50009A8CF000932
:203E9800A8D90009A8E30009A8ED0009A8F70009A9010009A90B0009A9150009A91F00099E
:203EA800A9290009A9330009A93D0009A9470009A9510009A95B0009A9650009A96F00090A
:203EB800A9790009A9830009A98D0009AB090009AB090009A9970009A9A10009A9AB0009D8
:203EC800AB090009AB090009AB090009AB090009A9B50009A9BF0009A9C90009A9D300090E
:203ED800A9DD0009A9E70009A9F10009A9FB0009AB090009AB090009AB090009AB0900095E
:203EE800AA050009AA0F0009AA190009AA230009AB090009AB090009AB090009AB090009AA
:203EF800AB090009AB090009AB090009AB090009AB090009AB090009AB090009AB090009C2
:203F0800AA2D0009AA370009AB090009AB090009AB090009AB090009AB090009AB09000961
:203F1800AA410009AA4B0009AB090009AB090009AB090009AB090009AB090009AB09000929
:203F2800AB090009AB090009AB090009AB090009AB090009AB090009AB090009AB09000991
:203F3800AB090009AB090009AB090009AB090009AB090009AB090009AB090009AB09000981
:203F4800AB090009AB090009AB090009AB090009AB090009AA690009AA730009AA7D000936
:203F5800AA870009AA910009AA9B0009AAA50009AAAF0009AB090009AB090009AB0900098C
:203F6800AB090009AB090009AB090009AB090009AB090009AAB90009AAC30009AACD000926
:203F7800AAD70009AAE10009AAEB0009AAF50009AAFF000900000000000000000000000013
:203F880000000000FFFF007D007D007D007D25800000FFFFFFFF000201A402760000024025
:203F980000000228FFFF01E000CD00C800F0009601CC021C00000001FFFF00000248003C75
:203FA8000078005A0000FFFF0000012C0000000001CC00140032000A000100000096001E2A
:203FB8000050001E005F01EA022801EA0228000000010001FFFFFFFFFFFFFFFF08FC0000F4
:203FC8000000000003840096028AFFFFFFFF001E0000000000010001000000002710FFFFDF
:203FD800FFFF0000000000000000000000000001271000000000021C01FE005F00550000C2
:203FE8000000FFFFFFFFFFFFFFFF0800000008000000080000000800000008000000080091
:203FF800000008000000080000000800000008000000080000000800000008000000080069
:2040080000000800000008000800080008000800080008000800080008000800FFFFFFFF3C
:20401800FFFFFFFFFFFF00000000000000000000001200000000000000000000000000007C
:20402800000000000000000000000000000000000000000000010000000000000000000077
:204038000000000000000000000000780000003C00000000000000000000000000000001B3
:204048000000000100010000000000000000000000000000000000000000000000000A8CC0
:204058000384FFFFFFFFFFFFFFFFFFFFFFFFAAAA000000000000FFFF007D007D007D007D87
:2040680025800000FFFFFFFF000201A402760000024000000228FFFF01E0012C012C015E74
:2040780000DC01CC021C00000001FFFF00000248003C0078005A0000FFFF0000012C0000DF
:20408800000001CC00140032000A0001000000DC001E0050001E005F01EA022801EA022809
:20409800000000010001FFFFFFFFFFFFFFFF08FC00000000000003840096028AFFFFFFFF65
:2040A800001E0000000000010001000000003A98FFFFFFFF0000000000000000000000000A
:2040B80000013A9800000000021C01FE005F005500000000FFFFFFFFFFFFFFFF0800000044
:2040C800080000000800000008000000080000000800000008000000080000000800000098
:2040D800080000000800000008000000080000000800000008000000080008000800080078
:2040E8000800080008000800080008000800FFFFFFFFFFFFFFFFFFFF00000000000000008A
:2040F800000000120000000000000000000000000000000000000000000000000000000096
:2041080000000000000000010000000000000000000000000000000000000000007800001E
:20411800003C00000000000000000000000000000001000000010001000000000000000048
:20412800000000000000000000000000000000000A8C0384FFFFFFFFFFFFFFFFFFFFFFFF66
:20413800AAAA00000FEB0FEA0FE90FE80FE70FE50FE40FE20FE10FDF0FDE0FDC0FDA0FD8DD
:204148000FD60FD40FD20FD00FCD0FCB0FC90FC60FC30FC00FBD0FBA0FB70FB40FB10FAD31
:204158000FA90FA60FA20F9E0F990F950F900F8C0F870F820F7D0F770F720F6C0F660F60DD
:204168000F5A0F530F4D0F460F3F0F370F300F280F200F180F100F070EFE0EF50EEC0EE32C
:204178000ED90ECF0EC50EBA0EAF0EA40E990E8D0E810E750E690E5C0E4F0E420E350E27FF
:204188000E190E0A0DFC0DED0DDE0DCE0DBE0DAE0D9E0D8D0D7C0D6B0D590D480D360D2315
:204198000D110CFE0CEB0CD70CC40CB00C9B0C870C720C5D0C480C330C1D0C070BF10BDBA7
:2041A8000BC50BAE0B970B800B690B510B390B210B090AF00AD70ABE0AA50A8C0A730A5925
:2041B8000A400A260A0C09F309D909BF09A5098B09710956093C0923090A08F108D908C070
:2041C80008A7088F0876085B08400824080907EE07D307B8079D07820768074D0734071B50
:2041D800070306EA06D206BA06A2068A0673065C0645062E0617060105EB05D505BF05A943
:2041E8000594057F056A05550540052C0518050404F104DE04CB04B804A604940482047097
:2041F800045F044D043C042C041B040A03FA03EA03DA03CB03BC03AD039E038F0381037325
:20420800036503570349033C032E004600350050004E00300031000D000000000000005041
:20421800004500530054000D000000000000000000000050004800450043004B000D000015
:2042280000000000000000510033000000000000000000000000000000000050005300430C
:2042380000490052000D0000000000000000004B0000000000000000000000000000000073
:2042480000000050004600410055004C0054000D00000000000000500031000D00000000EF
:204258000000000000000000000000510032000D0000000000000000000000000000005165
:20426800004400000000000000000000000000000000005000460041004E002A000D000096
:20427800000000000000004300480047002A000D000000000000000000000043004F004D3E
:20428800004D0044002A000D00000000000000460035004D0050002A000D000000000000FF
:2042980000000F9C0F990F950F940F900F890F850F810F7C0F770F730F6E0F690F640F5EA9
:2042A8000F580F520F4B0F440F3D0F360F2E0F260F1E0F150F0C0F030EF90EEF0EE40EDA22
:2042B8000ECE0EC20EB50EA90E9B0E8D0E7F0E700E610E510E410E300E1E0E0C0DFA0DE6D6
:2042C8000DD20DBE0DA90D930D7D0D660D4E0D360D190D040CEA0CCF0CB40C980C7C0C5FDC
:2042D8000C410C230C050BE60BC60BA60B850B640B420B200AFE0ADB0AB80A950A710A4D2F
:2042E8000A2A0A0509E109BC09970972094D0929090308DF08BA08950870084C08270803C9
:2042F80007DF07BB079707740751072E070C06EA06C806A60685066406440624060505E67C
:2043080005C705A9058C056E05520535051904FE04E304C804AE0494047A0462044A043201
:20431800041A040403ED03D703C103AC03980382036E000400030004000200040003000479
:20432800000200040003000400020004000300040002000400030004000200040003000441
:20433800000200040003000400020004000300040002000400030004000200040003000431
:20434800000200040003000400020004000300040002000400030004000200040003000421
:2043580000020004000300040002000400030004000200006E09000843D3000845570008E8
:2043680054D40008725D0008573E0008562C000845CC000853F70008499200088607000824
:20437800862E00088622000887B4000800070005000600020006000100070003000300024C
:1443880000070005000C0007000400030004000200040002EF
:204398009B1F00089B4100089B5400089B6A00089B7800089B8500089B9200089B9F0008A1
:2043A8009BAB00089BB100089BB700089BC900089BCF00089BDB00089BEA00089BF9000874
:2043B8009C0600089C1300089C2000089C2D00089C3A0008A5F700089C4700089C4D000891
:2043C8009C5300089C6200089C6E0008A5F70008A5F70008A5F70008A5F70008A5F7000892
:2043D800A5F700089C7A00089C9600089CD10008A5F700089CFB00089D1700089D5200085E
:2043E8009E7E00089E9A00089ED60008A5F70008A5F70008A5F70008A5F70008A5F70008A1
:2043F8009F0000089F1C00089F640008A5F70008A5F70008A5F70008A5F70008A5F70008FC
:204408009F8E00089FD00008A00C0008A0C80008A5F70008A5F70008A5F70008A5F7000834
:20441800A0F00008A10C0008A5F70008A1520008A17C0008A1950008A1C90008A1F3000827
:20442800A20C0008A2400008A26A0008A2830008A2B70008A2E10008A2FA0008A32E00082A
:20443800A3580008A3710008A3AE0008A3D80008A3F10008A4250008A44F0008A4680008ED
:20444800A4A50008A4CF0008A4E80008A51C0008A5460008A5F70008A55F0008A587000854
:20445800A5F70008A59D000896DB000896F600089AF900089AF90008906F00088F45000830
:204468008F65000892E900088F8500089AF900088FAF000893000008979A0008910000084B
:2044780091250008914A0008917200089AF900089AF900089365000892D200089AF900083B
:2044880093A7000893C8000893FA000894140008942E00089AF900089AF900089445000849
:2044980094680008948100089498000894AF000894CF000894E8000895010008963A0008FF
:2044A8009651000895180008953B000895540008956D00089586000895DC0008961500082E
:2044B800959F000895BC000896680008967F0008969600089AF900089AF900089AF9000827
:2044C8009AF900088FD90008900A0008904C0008902E00089AF900089AF900089726000882
:2044D8009AF900089AF90008976C00089783000892BB000891DA000891F10008920800086D
:2044E800921F0008974900089AF900089AF9000897B5000897C1000897E6000897FD000808
:2044F8009AF9000892360008927000089287000892A4000898140008982B0008984D000864
:20450800986900089880000896AD000896C4000899CD000899B60008999F0008998800088F
:204518008D4400089AF900088D7A0008A6040008A6140008A6200008A62C0008A6380008FE
:20452800A6450008A6520008A65F0008A66C0008A6790008A6860008A6920008A698000878
:20453800A69E0008A6A40008A6AA0008A6B60008A6C20008A6CE0008A6D80008A6E3000806
:20454800A6EE0008A6F90008A7040008A70F0008A71A0008A7240008A7290008A72E00084E
:20455800A7330008A7380008A73D0008A84E0008A85A0008A8600008A8660008A86C000844
:20456800A8720008A8780008A87E0008A8840008A88A0008A8900008A8950008A89A00087E
:20457800A89F0008A8A40008A8A90008A8AE0008A8B30008A8B80008A8BD0008A8C200081F
:20458800A8CC0008A8D50008A8DA0008A8DF0008A8E40008A8E90008A8EE0008A8F300088B
:20459800A8F80008A8FD0008A75D0008A7690008A7760008A7830008A78F0008A79B0008AB
:2045A800A7A70008A7B30008A7BF0008A7C90008A7D30008A7DD0008A7E70008A7F1000811
:2045B800A7FB0008A8000008A80B0008A8100008A8150008A81A0008A81F0008A8240008DC
:0845C800A8290008A82E000834
:00000001FF
