:020000040030CA
:20000000FE0656BF14442B452B4592455203672428AC00648F009C803045D500560100A4B0
:2000100092459B647671137628AC00648F009DC029013045560100A48F409C4A5603014578
:20002000560100A5A8C558458F009C402B940A459245520368DE8F30FDCD761F02BFA82028
:20003000761F02BF8F30FE2EA81228A92EE07670CBB17671102C7670CE417670CE8576703D
:20004000CF607670D1757670D60A761F027096063B01020A1E42340600B5FF4100F11E43B3
:200050009604761F02FF2B2D7670D5EE761F02BD96387670D61988A98F001388A8A90FA607
:200060006004767108A76F03767108CB7670E1107670E4DD7670EFB87670F4E27670B3DE1C
:20007000767101439A0076711C64964340436C4E761F02DD920452056011761F01A0920490
:20008000761F02DD7203761F01A59204761F02DC723E761F02DD56BF06049A017670011E50
:200090009A027670021B9A029B288F00A26876710183761F0270922661180B44601656BF3C
:2000A00014448F00BE788F409C27767032A2761F027096285201600676711B7B76711BBB1F
:2000B0006F04520260022B26761F02C69200610E761F01BF1A0501007670D0BF761F01BF19
:2000C0001A030100761F02C62B0041436C12761F02FF9211600E761F02700A05761F01BF66
:2000D0001A0501007670CFB4761F01BF1A03010044436C12761F02FF9211600E761F027061
:2000E0000A05761F01BF1A0501007670CF61761F01BF1A03010042436C0F761F02FF9211BA
:2000F000600B761F01BF1A0501007670D00D761F01BF1A03010043436C0F761F02FF9211A0
:20010000600B761F01BF1A0501007670D066761F01BF1A0301004A436C0D761F02FF921131
:20011000600956BF0144761F027056BF012656BF01274643FFECFF58FFEFFF56FE029641A7
:200120008F009C3D8F409C3AA8A90D418AA9A0A90D4183A992417670319329018F009C4A01
:2001300056030141560100A492418AC4767113BA96425201601E58418F009C43929452021A
:20014000FFE800D32B9428AC00648F009DC029013041560100A48F409C4A560301415601C5
:2001500000A5A8C558418F009C402B94FFEF00BD58418F009C432B9458418F009C4092941F
:200160005263681528AC00648F009DC030412901560100A48F409C4A56030141560100A547
:20017000A8C558418F009C402B946FB87670D75B28AC00648F009DC088A93241A9A956018F
:2001800000A480C406A60FA7610930418F009DC0560100A492C4521F60418F009C40A8A92F
:200190000D418AA90AC42901560301418F009C4A560100A40201560100C48F409C40584169
:2001A00030418F009DC0560100A49295767050FC5200618428AC00648F009DC03041584129
:2001B0008F409C40560100A4924193957670512428AC00648F009DC029013041560100A479
:2001C0008F409C4A56030141560100A5A8C558418F009C402B94FFEFFF6229018F009C4AB5
:2001D00056030141560100A48AC492C4520D610B560301418F009C4A560100A48AC492C45B
:2001E000520A602192417670029E29018F009C4A56030141560100A48AC42BC428AC00641F
:2001F0008F009DC03041560100A48F409C4A56030141560100A5A8C558418F009C402B941B
:20020000FFEFFF2D8F009C40A8A90D418AA90AC4560301418F009C4A560100A40201560154
:2002100000C4FFEFFF1C8F009C43A8A90D418AA90AC4FE820006FE0296418F009C3D8F405F
:200220009C3AA8A90D418AA9A0A90D4183A992417670319329018F009C4A56030141560145
:2002300000A492418AC4767113BA96425201601C58418F009C439294520268432B9428ACCF
:2002400000648F009DC029013041560100A48F409C4A56030141560100A5A8C558418F00D7
:200250009C402B946F2E58418F009C432B9458418F009C4092945263681528AC00648F006D
:200260009DC030412901560100A48F409C4A56030141560100A5A8C558418F009C402B940F
:200270006FBAA8A90D418AA90AC42901560301418F009C4A560100A40201560100C46FAB38
:200280008F009C43A8A90D418AA90AC458418F009C439294520268118F009C409294610D57
:2002900028AC00648F009DC08F409C403041560100A49295767101A9FE820006FE029641FE
:2002A0002B429242520C672928AC00648F009DC0290130418F73119376B31192560100A4E3
:2002B00056030442560100A556030442560100A692C6767002D15200610C29018F3311A08A
:2002C00056030442560100A49241C5C43E676F080A429242520C68D9924176701481FE827F
:2002D0000006FE069645A044A842520060039A006F215200611E8A440EC48A4288C40FA63E
:2002E000610F0B458A4492C4522A60088A4258459294520D60039A016F0D9A006F0B0B456A
:2002F000020107441E44020107421E42924560E49A01FE860006FE0296412B4228AC00B486
:200300008F00A1003B013241A8A907AB81428AA90A4256BF41C4761F02F7D5018F00A1000B
:200310003241A8A907AB81428AA99B03923F767116320842000528AC00B48F00A1003B0180
:200320003241A8A907AB81428AA90A4256BF42C4761F02F8D5028F00A1003241A8A907ABDE
:2003300081428AA99B029207767116320842000528AC00B48F00A1003B013241A8A907AB99
:2003400081428AA90A4256BF43C4761F0301D5018F00A1003241A8A907AB81428AA99B0297
:20035000923D767116320842000428AC00B48F00A1003B013241A8A907AB81428AA90A4295
:2003600056BF44C4761F0302D5018F00A1003241A8A907AB81428AA99B03920176711632F4
:200370000842000528AC00B48F00A1003B013241A8A907AB81428AA90A4256BF45C4761FBF
:200380000301D5018F00A10085323241FF5688A9A8A907AB81428AA99B0392A676711632A5
:200390000842000528AC00B48F00A1003B013241A8A907AB81428AA90A4256BF20C4761FC4
:2003A0000302D5018F00A10085033241FF5688A9A8A907AB81428AA99B0392A676711632B3
:2003B0000842000528AC00B48F00A1003B013241A8A907AB81428AA90A4256BF46C4761F7E
:2003C0000303D5018F00A1003241A8A907AB81428AA99B039225767116320842000528ACFE
:2003D00000B48F00A1003B013241A8A907AB81428AA90A4256BF20C4761F02D1D5018F006F
:2003E000A1003241A8A907AB81428AA99B039203767116320842000528AC00B48F00A10087
:2003F0003B013241A8A907AB81428AA90A4256BF47C4761F0303D50132418F00A100A8A974
:2004000007AB81428AA99B039230767116320842000528AC00B48F00A1003B013241A8A99E
:2004100007AB81428AA90A4256BF48C4761F0303D5008F00A1003241853EFF5688A9A8A90A
:2004200007AB81428AA99B0492A6767116320842000428AC00B48F00A1003B013241A8A908
:2004300007AB81428AA90A4256BF49C4761F02FBD5018F00A1003241A8A907AB81428AA992
:200440009B03922A767116320842000528AC00B48F00A1003B013241A8A907AB81428AA964
:200450000A4256BF4AC4761F02FBD5008F00A1003241A8A907AB81428AA99B04923A7671C8
:2004600016320842000428AC00B48F00A1003B013241A8A907AB81428AA90A4256BF4BC416
:20047000761F02FBD5008F00A1003241A8A907AB81428AA99B04923C76711632084200047F
:2004800028AC00B48F00A1003B013241A8A907AB81428AA90A4256BF4CC4761F02FFD50020
:200490008F00A1003241A8A907AB81428AA99B029236767116320842000228AC00B48F00B9
:2004A000A1003B013241A8A907AB81428AA90A4256BF52C47670E4629B3028AC00B48F006E
:2004B000A1003B0195A9324188A8A8A907AB81428AA90A427EC47670E4269B3028AC00B4A4
:2004C0008F00A1003B0195A9324188A8A8A907AB81428AA90A427EC47670E4329B3028ACAD
:2004D00000B48F00A1003B0195A9324188A8A8A907AB81428AA90A427EC47670E43E9B30B1
:2004E00028AC00B48F00A1003B0195A9324188A8A8A907AB81428AA90A427EC47670F4B610
:2004F0009B3028AC00B48F00A1003B0195A9324188A8A8A907AB81428AA90A427EC4761F30
:2005000002FD8F00A1003241A8A907AB81428AA90A4292129C3096C4761F02FF8F00A10064
:200510003241A8A907AB81428AA90A4292099C3096C47670F9A39B3028AC00B48F00A1004D
:200520003B0195A9324188A8A8A907AB81428AA90A427EC4761F01BF8F00A1003241A8A9CE
:2005300007AB81428AA90A42CC088000FFCE9C3096C48F00A1003241A8A907AB81428AA9D4
:200540000A42CC084000FFCD9C3096C48F00A1003241A8A907AB81428AA90A4256BF30C458
:200550008F00A1003241A8A907AB81428AA9CC0820000A42FFCC9C3096C4761F02FF8F0099
:20056000A1003241A8A907AB81428AA992079C300A4296C476710B1E9B3028AC00B48F0071
:20057000A1003B0195A9324188A8A8A907AB81428AA90A427EC476710B749B3028AC00B46D
:200580008F00A1003B0195A9324188A8A8A907AB81428AA90A427EC47670E0D89B3028AC4A
:2005900000B48F00A1003B0195A9324188A8A8A907AB81428AA90A427EC47670E0DC9B3056
:2005A00028AC00B48F00A1003B0195A9324188A8A8A907AB81428AA90A427EC4761F02FF49
:2005B0008F00A1003241A8A907AB81428AA90A42922D9C3096C4761F02E98F00A10032413B
:2005C000A8A907AB81428AA90A42921F9C3096C4761F02708F00A1003241A8A907AB81428F
:2005D0008AA992290A429C3096C48F00A1003241A8A907AB81428AA90A4256BF4DC4761F08
:2005E00002FDD5008F00A1003241A8A907AB81428AA99B029229767116320842000228ACE4
:2005F00000B48F00A1003B013241A8A907AB81428AA90A4256BF20C48F00A1003241A8A926
:2006000007AB81428AA90A4256BF4CC4761F02FED5008F00A1003241A8A907AB81428AA9BB
:200610009B049208767116320842000428AC00B48F00A1003B013241A8A907AB81428AA9B4
:200620000A4256BF20C4761F02FDD5008F00A1003241A8A907AB81428AA99B04923A76711E
:2006300016320842000428AC00B48F00A1003B013241A8A907AB81428AA90A4256BF20C46F
:20064000761F02FDD50032418F00A100A8A907AB81428AA99B04923C7671163208420004AB
:2006500028AC00B48F00A1003B013241A8A907AB81428AA90A4256BF20C4761F02FDD5007C
:200660008F00A1003241A8A907AB81428AA99B049225767116320842000428AC00B48F00F4
:20067000A1003B013241A8A907AB81428AA90A4256BF20C4761F02FDD5008F00A1003241D0
:20068000A8A907AB81428AA99B049224767116320842000428AC00B48F00A1003B01324128
:20069000A8A907AB81428AA90A4256BF20C4761F02FDD5008F00A1003241A8A907AB81423A
:2006A0008AA99B04921F767116320842000428AC00B48F00A1003B013241A8A907AB81420D
:2006B0008AA90A4256BF20C48F00A1003241A8A907AB81428AA90A4256BF66C48F00A1005B
:2006C0003241A8A907AB81428AA90A4256BF74C4761F0270D5008F00A1003241A8A907AB93
:2006D00081428AA99B029201767116320842000228AC00B48F00A1003B013241A8A907ABFF
:2006E00081428AA90A4256BF20C48F00A1003241A8A907AB81428AA90A4256BF41C47670D7
:2006F000D7BD28AC00B488A98F00A1003B01D5003241A8A907AB81428AA99B0292A6767134
:2007000016320842000228AC00B48F00A1003B01761F02FFD5003241A8A907AB81428AA97A
:200710009B02922F767116320842000228AC00B48F00A1003B013241A8A907AB81428AA990
:200720000A4256BF0DC430418F00A100560100A49241934276711429FE820006FE029641C2
:200730002B4228AC00B48F00A1003B013241A8A907AB81428AA90A4256BF28C4761F02D127
:20074000D5008F00A1003241A8A907AB81428AA99B05922C767116320842000528AC00B4C4
:200750008F00A1003B013241A8A907AB81428AA90A4256BF54C48F00A1003241A8A907AB92
:2007600081428AA90A4256BF3AC4761F0270D5008F00A1003241A8A907AB81428AA99B040D
:20077000922B767116320842000428AC00B48F00A1003B013241A8A907AB81428AA90A4283
:2007800056BF20C4761F0270D5008F00A1003241A8A907AB81428AA99B0492207671163268
:200790000842000428AC00B48F00A1003B013241A8A907AB81428AA90A4256BF20C4761FC1
:2007A0000270D5008F00A1003241A8A907AB81428AA99B04921E767116320842000428ACB6
:2007B00000B48F00A1003B013241A8A907AB81428AA90A4256BF20C48F00A1003241A8A964
:2007C00007AB81428AA90A4256BF43C48F00A1003241A8A907AB81428AA90A4256BF3AC40E
:2007D000761F0270D5008F00A1003241A8A907AB81428AA99B04921F7671163208420004C4
:2007E00028AC00B48F00A1003B013241A8A907AB81428AA90A4256BF20C4761F0270D50078
:2007F0008F00A1003241A8A907AB81428AA99B039224767116320842000328AC00B48F0066
:20080000A1003B013241A8A907AB81428AA90A4256BF20C4761F0270D50032418F00A100CB
:20081000A8A907AB81428AA99B049225767116320842000428AC00B48F00A1003B01324195
:20082000A8A907AB81428AA90A4256BF20C48F00A1003241A8A907AB81428AA90A4256BF7D
:2008300054C48F00A1003241A8A907AB81428AA90A4256BF6AC48F00A1003241A8A907ABBF
:2008400081428AA90A4256BF3AC4761F02E9D5008F00A1003241A8A907AB81428AA99B04B3
:200850009205767116320842000428AC00B48F00A1003B013241A8A907AB81428AA90A42C8
:2008600056BF20C4761F02E9D5008F00A1003241A8A907AB81428AA99B0492067671163228
:200870000842000428AC00B48F00A1003B013241A8A907AB81428AA90A4256BF20C4761FE0
:2008800002E9D5008F00A1003241A8A907AB81428AA99B04920D767116320842000428AC6D
:2008900000B48F00A1003B013241A8A907AB81428AA90A4256BF20C4761F02E9D5008F0093
:2008A000A1003241A8A907AB81428AA99B04920E767116320842000428AC00B48F00A100B7
:2008B0003B013241A8A907AB81428AA90A4256BF20C4761F02E9D50032418F00A100A8A9F2
:2008C00007AB81428AA99B03920C767116320842000328AC00B48F00A1003B013241A8A900
:2008D00007AB81428AA90A4256BF20C48F00A1003241A8A907AB81428AA90A4256BF46C414
:2008E0008F00A1003241A8A907AB81428AA90A4256BF3AC4761F02E9D5008F00A100324105
:2008F000A8A907AB81428AA99B039215767116320842000328AC00B48F00A1003B013241C7
:20090000A8A907AB81428AA90A4256BF20C4761F02E9D5008F00A1003241A8A907AB8142DB
:200910008AA99B039208767116320842000328AC00B48F00A1003B013241A8A907AB8142B3
:200920008AA90A4256BF20C4761F02E9D5008F00A1003241A8A907AB81428AA99B03920915
:20093000767116320842000328AC00B48F00A1003B013241A8A907AB81428AA90A4256BF6A
:2009400020C4761F01A028A90EA6BE25D5009E098F00A10032410EA9F60F1FA688A9A8A9F3
:2009500007AB81428AA99B0392A6767116320842000328AC00B48F00A1003B013241A8A9D5
:2009600007AB81428AA90A4256BF20C48F00A1003241A8A907AB81428AA90A4256BF53C476
:200970008F00A1003241A8A907AB81428AA90A4256BF3AC4761F02EAD5008F00A100324173
:20098000A8A907AB81428AA99B03921F767116320842000328AC00B48F00A1003B0132412C
:20099000A8A907AB81428AA90A4256BF20C4761F02EAD5008F00A1003241A8A907AB81424A
:2009A0008AA99B039223767116320842000328AC00B48F00A1003B013241A8A907AB814208
:2009B0008AA90A4256BF20C4761F02EAD5008F00A1003241A8A907AB81428AA99B03922469
:2009C000767116320842000328AC00B48F00A1003B013241A8A907AB81428AA90A4256BFDA
:2009D00020C48F00A1003241A8A907AB81428AA90A4256BF50C48F00A1003241A8A907AB6C
:2009E00081428AA90A4256BF3AC4761F0270D5008F00A1003241A8A907AB81428AA99B038C
:2009F0009222767116320842000328AC00B48F00A1003B013241A8A907AB81428AA90A420B
:200A000056BF20C4761F0270D50032418F00A100A8A907AB81428AA99B03922376711632E3
:200A10000842000328AC00B48F00A1003B013241A8A907AB81428AA90A4256BF20C4761F3F
:200A20000270D5008F00A1003241A8A907AB81428AA99B039234767116320842000328AC1F
:200A300000B48F00A1003B013241A8A907AB81428AA90A4256BF20C4761F02E9D5008F00F1
:200A4000A1003241A8A907AB81428AA99B03921E767116320842000328AC00B48F00A10007
:200A50003B013241A8A907AB81428AA90A4256BF20C4761F02E9D5008F00A1003241A8A950
:200A600007AB81428AA99B03921C767116320842000328AC00B48F00A1003B013241A8A94E
:200A700007AB81428AA90A4256BF20C4761F02E9D5008F00A1003241A8A907AB81428AA988
:200A80009B04921B767116320842000428AC00B48F00A1003B013241A8A907AB81428AA92D
:200A90000A4256BF20C4761F02FBD5008F00A1003241A8A907AB81428AA99B0392127671D5
:200AA00016320842000328AC00B48F00A1003B013241A8A907AB81428AA90A4256BF25C4F7
:200AB0008F00A1003241A8A907AB81428AA90A4256BF43C48F00A1003241A8A907AB8142B9
:200AC0008AA90A4256BF20C4761F02FFD5008F00A1003241A8A907AB81428AA99B02920E5A
:200AD000767116320842000228AC00B48F00A1003B013241A8A907AB81428AA90A4256BFCA
:200AE00066C48F00A1003241A8A907AB81428AA90A4256BF74C48F00A1003241A8A907ABF1
:200AF00081428AA90A4256BF3AC4761F0270D5008F00A1003241A8A907AB81428AA99B027C
:200B00009201767116320842000228AC00B48F00A1003B013241A8A907AB81428AA90A421B
:200B100056BF20C48F00A1003241A8A907AB81428AA90A4256BF0DC48F00A1003041560106
:200B200000A49241934276711429FE820006FE10964158418F009C409294964D2B4C544CB6
:200B3000691628AC00648F009DC0584C3041560100A428AC00B4889430418F00A100560156
:200B400000A47E940A4C924D544C66EC28AC00B48F00A1003041560100A49241934D7671FA
:200B5000142928AC00648F009DC23041560100A42DC4316428AC00648F009DC33041560141
:200B600000A42DC4350A28AC00641E508F009DC4925094AB96503041560100A4925094C45E
:200B700008A9EB30964230418F009DC6560100A42DC4316428AC00648F009DC730415601EA
:200B800000A42DC4350A28AC00648F009DC81E50925094AB96503041560100A4925094C43A
:200B900008A9EB3096438F409DCA30418F009DCB560100A43041560100A52DC5350A94C411
:200BA00008A9FDF0964428AC006430418F009DCE8F409DCD560100A43041560100A52DC587
:200BB000350A94C408A9FDF0964528AC006430418F009DD18F409DD0560100A43041560170
:200BC00000A52DC5350A94C408A9FDF0964628AC006430418F009DD48F409DD3560100A48A
:200BD0003041560100A52DC5350A94C408A9FDF0964728AC006430418F009DD78F409DD6A6
:200BE000560100A43041560100A52DC5350A94C408A9FDF0964828AC006430418F009DD9DA
:200BF000560100A492C49CD0964930418F009DDB560100A492C49CD0964A30418F009DDDBA
:200C0000560100A428AC271033C428AC00648F009DDE3041560100A428AC03E812C428ACC0
:200C100000648F009DDF1E50925094AB96503041560100A42DC4316492AB28AC00648F00EA
:200C20009DE0945027A93041560100A42DC4350A28AC00648F009DE01E50925094AB96502E
:200C30003041560100A4925094C408A9DCB0964B96501B4201F466271B4301F46624924963
:200C4000520469026F203B10761F02702B079242960A9243961A96189244761F027196069F
:200C50009245960792469608924796099248761F027096099249960F924A960E924B960D22
:200C60002B082910FF69FE900006FE06964128AC00648F009DC23041560100A492C49CD0DD
:200C7000964252046740761F0270920860026F3B761F027C56BF010096019C010EA91E466A
:200C80002B43761F027092085443692228AC01F43B018F00A34032425D43A8A907AB8143D1
:200C90008AA9DD0288C48F009F00A8A981A58AA97EC432428F00A340A8A907AB81438AA9EC
:200CA0000EC407461E460A439208544366E358088F009F009246D8029694930892419D0372
:200CB00076711460FE860006FE0296412B4228AC00B48F00A1003B013241A8A907AB8142CE
:200CC0008AA90A4256BF28C4761F02AFD5008F00A1003241A8A907AB81428AA99B0492109C
:200CD000767116320842000428AC00B48F00A1003B013241A8A907AB81428AA90A4256BFC6
:200CE00020C4761F02AFD5008F00A1003241A8A907AB81428AA99B0492117671163208429E
:200CF000000428AC00B48F00A1003B013241A8A907AB81428AA90A4256BF20C4761F02AFF5
:200D0000D5008F00A1003241A8A907AB81428AA99B049212767116320842000428AC00B41A
:200D10008F00A1003B013241A8A907AB81428AA90A4256BF20C4761F02AFD5008F00A1005B
:200D20003241A8A907AB81428AA99B049213767116320842000428AC00B48F00A1003B0192
:200D30003241A8A907AB81428AA90A4256BF20C4761F02AFD5008F00A1003241A8A907AB31
:200D400081428AA99B049214767116320842000428AC00B48F00A1003B013241A8A907AB71
:200D500081428AA90A4256BF20C4761F02AFD5008F00A1003241A8A907AB81428AA99B04F2
:200D60009215767116320842000428AC00B48F00A1003B013241A8A907AB81428AA90A42A3
:200D700056BF20C4761F02AFD5008F00A1003241A8A907AB81428AA99B049216767116323D
:200D80000842000428AC00B48F00A1003B013241A8A907AB81428AA90A4256BF20C4761FCB
:200D900002AFD5008F00A1003241A8A907AB81428AA99B049217767116320842000428AC88
:200DA00000B48F00A1003B013241A8A907AB81428AA90A4256BF20C4761F02AFD5008F00B8
:200DB000A1003241A8A907AB81428AA99B049218767116320842000428AC00B48F00A10098
:200DC0003B013241A8A907AB81428AA90A4256BF20C4761F02AFD50032418F00A100A8A917
:200DD00007AB81428AA99B049219767116320842000428AC00B48F00A1003B013241A8A9DC
:200DE00007AB81428AA90A4256BF20C4761F02AFD5008F00A1003241A8A907AB81428AA94F
:200DF0009B04921A767116320842000428AC00B48F00A1003B013241A8A907AB81428AA9BB
:200E00000A4256BF20C48F00A1003241A8A907AB81428AA90A4256BF20C4761F02AFD50091
:200E10008F00A1003241A8A907AB81428AA99B04921B767116320842000428AC00B48F0046
:200E2000A1003B013241A8A907AB81428AA90A4256BF20C4761F02AFD5008F00A100324166
:200E3000A8A907AB81428AA99B04921C767116320842000428AC00B48F00A1003B01324178
:200E4000A8A907AB81428AA90A4256BF20C4761F02AFD5008F00A1003241A8A907AB8142D0
:200E50008AA99B04921D767116320842000428AC00B48F00A1003B013241A8A907AB814257
:200E60008AA90A4256BF20C4761F02AFD5008F00A1003241A8A907AB81428AA99B04921EF4
:200E7000767116320842000428AC00B48F00A1003B013241A8A907AB81428AA90A4256BF24
:200E800020C4761F02AFD5008F00A1003241A8A907AB81428AA99B04921F767116320842EE
:200E9000000428AC00B48F00A1003B013241A8A907AB81428AA90A4256BF0DC430418F00AC
:200EA000A100560100A49241934276711429FE820006FE0296412B4228AC00B48F00A10048
:200EB0003B013241A8A907AB81428AA90A4256BF28C4761F02AED5008F00A1003241A8A91F
:200EC00007AB81428AA99B049204767116320842000428AC00B48F00A1003B013241A8A900
:200ED00007AB81428AA90A4256BF20C4761F02AED5008F00A1003241A8A907AB81428AA95F
:200EE0009B049205767116320842000428AC00B48F00A1003B013241A8A907AB81428AA9DF
:200EF0000A4256BF20C4761F02AED5008F00A1003241A8A907AB81428AA99B0492067671C9
:200F000016320842000428AC00B48F00A1003B013241A8A907AB81428AA90A4256BF0DC4A9
:200F10008F00A1003041560100A49241934276711429FE820006FE0296412B4228AC00B407
:200F20008F00A1003B013241A8A907AB81428AA90A4256BF28C4761F02B3D5008F00A1003D
:200F30003241A8A907AB81428AA99B049229767116320842000428AC00B48F00A1003B016A
:200F40003241A8A907AB81428AA90A4256BF20C4761F02B3D5008F00A1003241A8A907AB1B
:200F500081428AA99B04922A767116320842000428AC00B48F00A1003B013241A8A907AB49
:200F600081428AA90A4256BF20C4761F02B3D5008F00A1003241A8A907AB81428AA99B04DC
:200F7000922B767116320842000428AC00B48F00A1003B013241A8A907AB81428AA90A427B
:200F800056BF20C4761F02B3D5008F00A1003241A8A907AB81428AA99B04922C7671163211
:200F90000842000428AC00B48F00A1003B013241A8A907AB81428AA90A4256BF20C4761FB9
:200FA00002B3D5008F00A1003241A8A907AB81428AA99B04922D767116320842000428AC5C
:200FB00000B48F00A1003B013241A8A907AB81428AA90A4256BF20C4761F02B3D5008F00A2
:200FC000A1003241A8A907AB81428AA99B04922E767116320842000428AC00B48F00A10070
:200FD0003B013241A8A907AB81428AA90A4256BF20C4761F02B3D5008F00A1003241A8A901
:200FE00007AB81428AA99B04922F767116320842000428AC00B48F00A1003B013241A8A9B4
:200FF00007AB81428AA90A4256BF20C4761F02B3D5008F00A1003241A8A907AB81428AA939
:201000009B049230767116320842000428AC00B48F00A1003B013241A8A907AB81428AA992
:201010000A4256BF20C4761F02B3D5008F00A1003241A8A907AB81428AA99B049231767177
:2010200016320842000428AC00B48F00A1003B013241A8A907AB81428AA90A4256BF20C475
:20103000761F02B3D50032418F00A100A8A907AB81428AA99B049232767116320842000405
:2010400028AC00B48F00A1003B013241A8A907AB81428AA90A4256BF20C4761F02B3D500CC
:201050008F00A1003241A8A907AB81428AA99B049233767116320842000428AC00B48F00EC
:20106000A1003B013241A8A907AB81428AA90A4256BF20C4761F02B3D5008F00A100324120
:20107000A8A907AB81428AA99B049234767116320842000428AC00B48F00A1003B0132411E
:20108000A8A907AB81428AA90A4256BF20C4761F02B3D5008F00A1003241A8A907AB81428A
:201090008AA99B049235767116320842000428AC00B48F00A1003B013241A8A907AB8142FD
:2010A0008AA90A4256BF20C4761F02B4D5008F00A1003241A8A907AB81428AA99B049204C7
:2010B000767116320842000428AC00B48F00A1003B013241A8A907AB81428AA90A4256BFE2
:2010C00020C4761F02B4D5008F00A1003241A8A907AB81428AA99B049205767116320842C1
:2010D000000428AC00B48F00A1003B013241A8A907AB81428AA90A4256BF20C4761F02B40C
:2010E000D5008F00A1003241A8A907AB81428AA99B049206767116320842000428AC00B443
:2010F0008F00A1003B013241A8A907AB81428AA90A4256BF20C4761F02B4D5008F00A10073
:201100003241A8A907AB81428AA99B049207767116320842000428AC00B48F00A1003B01BA
:201110003241A8A907AB81428AA90A4256BF0DC430418F00A100560100A4924193427671F6
:201120001429FE820006FE0296412B4228AC00B48F00A1003B013241A8A907AB81428AA948
:201130000A4256BF28C4761F02DDCC290002D500FFC08F00A10088A93241A8A907AB8142B9
:201140008AA99B0492A6767116320842000428AC00B48F00A1003B013241A8A907AB8142DB
:201150008AA90A4256BF20C4761F02DD9227D5008F00A10090FF324108A9019088A9A8A90F
:2011600007AB81428AA99B0492A6767116320842000428AC00B48F00A1003B013241A8A9BB
:2011700007AB81428AA90A4256BF20C4761F02DDCC27FF00D5008F00A100FFC7324108A91D
:20118000019088A9A8A907AB81428AA99B0492A6767116320842000428AC00B48F00A10088
:201190003B013241A8A907AB81428AA90A4256BF20C4761F02DD9228D5008F00A10090FF90
:2011A000324108A9019088A9A8A907AB81428AA99B0492A6767116320842000428AC00B474
:2011B0008F00A1003B013241A8A907AB81428AA90A4256BF20C4761F02DDD5008F00A10089
:2011C0003241A8A907AB81428AA99B04922A767116320842000428AC00B48F00A1003B01D7
:2011D0003241A8A907AB81428AA90A4256BF20C4761F02DDD5008F00A1003241A8A907AB5F
:2011E00081428AA99B04922B767116320842000428AC00B48F00A1003B013241A8A907ABB6
:2011F00081428AA90A4256BF20C4761F02DDCC28FF00D500FFC732418F00A10088A9A8A97D
:2012000007AB81428AA99B0492A6767116320842000428AC00B48F00A1003B013241A8A91A
:2012100007AB81428AA90A4256BF20C4761F02DD8F00A1003241A8A907AB81428AA90A4275
:20122000CC290004FFC19C3096C48F00A1003241A8A907AB81428AA9CC2900080A42FFC229
:201230009C3096C48F00A1003241A8A907AB81428AA9CC2900100A42FFC39C3096C48F0014
:20124000A1003241A8A907AB81428AA9922990010A429C3096C48F00A1003241A8A907AB1D
:2012500081428AA9CC2901E0FFC49C300A4296C48F00A1003241A8A907AB81428AA90A4295
:2012600056BF20C4D5008F00A100761F0301A8A9324107AB81428AA99B0492037671163208
:201270000842000428AC00B48F00A1003B013241A8A907AB81428AA90A4256BF20C4761FD6
:201280000301D5008F00A1003241A8A907AB81428AA99B049226767116320842000428AC31
:2012900000B48F00A1003B013241A8A907AB81428AA90A4256BF20C4761F0301D5008F0070
:2012A000A1003241A8A907AB81428AA99B049225767116320842000428AC00B48F00A10096
:2012B0003B013241A8A907AB81428AA90A4256BF0DC430418F00A100560100A49241934200
:2012C00076711429FE820006FE0296412B4228AC00B48F00A1003B013241A8A907AB8142F3
:2012D0008AA90A4256BF28C4761F02F9D5008F00A1003241A8A907AB81428AA99B02923816
:2012E000767116320842000228AC00B48F00A1003B013241A8A907AB81428AA90A4256BFB2
:2012F0002DC4761F02F9D5008F00A1003241A8A907AB81428AA99B0292397671163208420B
:20130000000228AC00B48F00A1003B013241A8A907AB81428AA90A4256BF2DC4761F02F989
:20131000D5008F00A1003241A8A907AB81428AA99B02923A767116320842000228AC00B4E0
:201320008F00A1003B013241A8A907AB81428AA90A4256BF2CC4761F02F9D5008F00A100EF
:201330003241A8A907AB81428AA99B02923C767116320842000228AC00B48F00A1003B0157
:201340003241A8A907AB81428AA90A4256BF3AC4761F02F9D5008F00A1003241A8A907ABB7
:2013500081428AA99B02923D767116320842000228AC00B48F00A1003B013241A8A907AB36
:2013600081428AA90A4256BF3AC4761F02F9D5008F00A1003241A8A907AB81428AA99B027A
:20137000923E767116320842000228AC00B48F00A1003B013241A8A907AB81428AA90A4266
:2013800056BF5FC4761F02F9D5008F00A1003241A8A907AB81428AA99B02923B767116327B
:201390000842000228AC00B48F00A1003B013241A8A907AB81428AA90A4256BF0DC48F00D0
:2013A000A1003041560100A49241934276711429FE820006FE04964156BF02422B4328AC5A
:2013B00000648F009DC03B013241A8A907AB81428AA99A029B007671166E761F02F9962A33
:2013C0000842000228AC00648F009DC03B013241A8A907AB81428AA99A029B007671166E53
:2013D000761F02F9962B0842000228AC00648F009DC03B013241A8A907AB81428AA99A02F8
:2013E0009B007671166E761F02F9962C0842000228AC00648F009DC03B013241A8A907AB73
:2013F00081428AA99A029B007671166E761F02F9962D0842000228AC00648F009DC03B0146
:201400003241A8A907AB81428AA99A029B007671166E761F02F9962E0842000228AC0064E6
:201410008F009DC03B013241A8A907AB81428AA99A029B007671166E761F02F9962F0842E7
:20142000000228AC00648F009DC03B013241A8A907AB81428AA99A029B007671166E761FA7
:2014300002F99630922A5263661952166817922B520C661452006112922C521F660F5200B4
:20144000610D922D5206660A922E52176607922F523B66049230523B69059241767014813E
:201450006F2F922C521E690E922B520461075206610552096103520B600592417670148131
:201460006F1F922A90039643922C521C6906922B5202600392436009922C521D690A922B0C
:2014700052026007924360059241767014816F089A059B0A76711CA29241767014B3FE84B7
:201480000006FE02964128AC00B48F00A1003041560100A456BF28C48F00A1013041560151
:2014900000A456BF4EC48F00A1023041560100A456BF41C48F00A1033041560100A456BF05
:2014A0004BC48F00A1043041560100A456BF0DC48F00A1003041560100A49B0592417671A1
:2014B0001429FE820006FE02964128AC00B48F00A1003041560100A456BF28C48F00A1012C
:2014C0003041560100A456BF41C48F00A1023041560100A456BF43C48F00A10330415601D1
:2014D00000A456BF4BC48F00A1043041560100A456BF0DC48F00A1003041560100A49B0572
:2014E000924176711429FE8200069A000006FE06964328AC00648F009DC13043560100A45F
:2014F00092C45253FFE01C5B30438F009DC2560100A492C45254FFE01C5230438F009DC384
:20150000560100A492C45247604230438F009DC4560100A492C45257603A30438F009DC5E4
:20151000560100A492C45246603230438F009DC6560100A492C4523F602A28AC00B48F0058
:20152000A1003043560100A456BF28C4761F0270D50030438F00A101560100A49B029200F1
:201530007671163228AC00B48F00A1033043560100A456BF0DC430438F00A100560100A4BF
:201540009B04924376711429FFEF1C0C30438F009DC3560100A492C45247603230438F00FD
:201550009DC4560100A492C45257602A30438F009DC5560100A492C45246602230438F00C5
:201560009DC78F409DC6560100A43043560100A52DC5350A94C408A9FDF09644640C526345
:20157000620A9244761F027096009243767014B3FFEF1BD8924376701481FFEF1BD330437A
:201580008F009DC3560100A492C45243604230438F009DC4560100A492C45248603A304379
:201590008F009DC5560100A492C45231603230438F009DC6560100A492C4523F602A28AC3F
:2015A00000B48F00A1003043560100A456BF28C4761F0270D50030438F00A101560100A45D
:2015B0009B02920B7671163228AC00B48F00A1033043560100A456BF0DC430438F00A10000
:2015C000560100A49B04924376711429FFEF1B8A30438F009DC3560100A492C4524360320B
:2015D00030438F009DC4560100A492C45248602A30438F009DC5560100A492C45231602269
:2015E00030438F009DC78F409DC6560100A43043560100A52DC5350A94C408A9FDF09644E8
:2015F000640C5263620A9244761F0270960B9243767014B3FFEF1B56924376701481FFEFAD
:201600001B5130438F009DC3560100A492C45243604230438F009DC4560100A492C4524826
:20161000603A30438F009DC5560100A492C45232603230438F009DC6560100A492C4523F0E
:20162000602A28AC00B48F00A1003043560100A456BF28C4761F0270D50030438F00A10179
:20163000560100A49B02920C7671163228AC00B48F00A1033043560100A456BF0DC43043B3
:201640008F00A100560100A49B04924376711429FFEF1B0830438F009DC3560100A492C403
:201650005243603230438F009DC4560100A492C45248602A30438F009DC5560100A492C4C6
:201660005232602230438F009DC78F409DC6560100A43043560100A52DC5350A94C408A928
:20167000FDF09644640C5263620A9244761F0270960C9243767014B3FFEF1AD4924376706A
:201680001481FFEF1ACF30438F009DC3560100A492C45243604230438F009DC4560100A496
:2016900092C45248603A30438F009DC5560100A492C45233603230438F009DC6560100A484
:2016A00092C4523F602A28AC00B48F00A1003043560100A456BF28C4761F0270D500304343
:2016B0008F00A101560100A49B0292027671163228AC00B48F00A1033043560100A456BF50
:2016C0000DC430438F00A100560100A49B04924376711429FFEF1A8630438F009DC35601BC
:2016D00000A492C45243603230438F009DC4560100A492C45248602A30438F009DC5560146
:2016E00000A492C45233602230438F009DC78F409DC6560100A43043560100A52DC5350AB6
:2016F00094C408A9FDF09644640C5263620A9244761F027096029243767014B3FFEF1A5228
:20170000924376701481FFEF1A4D30438F009DC3560100A492C45243604230438F009DC4D7
:20171000560100A492C45248603A30438F009DC5560100A492C45234603230438F009DC602
:20172000560100A492C4523F602A28AC00B48F00A1003043560100A456BF28C4761F02700F
:20173000D50030438F00A101560100A49B0292037671163228AC00B48F00A103304356013F
:2017400000A456BF0DC430438F00A100560100A49B04924376711429FFEF1A0430438F00BB
:201750009DC3560100A492C45243603230438F009DC4560100A492C45248602A30438F00C7
:201760009DC5560100A492C45234602230438F009DC78F409DC6560100A43043560100A5AC
:201770002DC5350A94C408A9FDF09644640C5263620A9244761F027096039243767014B3CF
:20178000FFEF19D0924376701481FFEF19CB30438F009DC3560100A492C45249603E3043F1
:201790008F009DC4560100A492C45243603630438F009DC5560100A492C45254602E304371
:2017A0008F009DC6560100A492C49CD0964430438F009DC8560100A49A039B007671166E9B
:2017B00096459244610352016006924564041BA901F46506924376701481FFEF1993924428
:2017C000761F02FF96029245761F02FF96039243767014B3FFEF198630438F009DC356010D
:2017D00000A492C45246607730438F009DC4560100A492C4524C606F30438F009DC55601B4
:2017E00000A492C45242606730438F009DC6560100A492C45249605F30438F009DC75601C7
:2017F00000A492C45241605730438F009DC8560100A492C45253604F30438F009DC95601CA
:2018000000A492C4523F602A28AC00B48F00A1003043560100A456BF28C4761F0303D5001C
:2018100030438F00A101560100A49B0492227671163228AC00B48F00A1053043560100A46C
:2018200056BF0DC430438F00A100560100A49B06924376711429FFEF192530438F009DC9F6
:20183000560100A49A049B007671166E96441BA907D0620C3B10761F030396222910FF69D7
:201840009243767014B3FFEF190D924376701481FFEF190830438F009DC3560100A492C4E0
:201850005242607A30438F009DC4560100A492C45255607230438F009DC5560100A492C428
:201860005253606A30438F009DC6560100A492C45252606230438F009DC7560100A492C426
:201870005245605A30438F009DC8560100A492C45246605230438F009DC9560100A492C44C
:20188000523F602A28AC00B48F00A1003043560100A456BF28C4761F02BDD50030438F00DB
:20189000A101560100A49B0492267671163228AC00B48F00A1053043560100A456BF0DC404
:2018A00030438F00A100560100A49B06924376711429FFEF18A730438F009DC9560100A4E0
:2018B0009A049B007671166E96441BA90BB8640F1BA91194620C3B10761F02BD9626291035
:2018C000FF699243767014B3FFEF188C924376701481FFEF188730438F009DC3560100A452
:2018D00092C45250607A30438F009DC4560100A492C45256607230438F009DC5560100A499
:2018E00092C45256606A30438F009DC6560100A492C45252606230438F009DC7560100A4A3
:2018F00092C45245605A30438F009DC8560100A492C45246605230438F009DC9560100A4CC
:2019000092C4523F602A28AC00B48F00A1003043560100A456BF28C4761F02F5D50030435B
:201910008F00A101560100A49B0492207671163228AC00B48F00A1053043560100A456BFCB
:201920000DC430438F00A100560100A49B06924376711429FFEF182630438F009DC95601B3
:2019300000A49A049B007671166E96441BA905DC640F1BA91194620C3B10761F02F59620F9
:201940002910FF699243767014B3FFEF180B924376701481FFEF180630438F009DC356013E
:2019500000A492C4524D602E30438F009DC4560100A492C45250602630438F009DC55601B9
:2019600000A492C45250601E30438F009DC6560100A492C45254601630438F009DC75601BE
:2019700000A492C452316006761F02F556BF01116F04761F02F52B119243767014B3FFEF16
:2019800017D130438F009DC3560100A492C45249603630438F009DC4560100A492C4524E27
:20199000602E30438F009DC5560100A492C45256602630438F009DC6560100A492C452447A
:2019A000601E30438F009DC7560100A492C45243601630438F009DC8560100A492C45231AC
:2019B0006006761F02FD56BF01206F04761F02FD2B209243767014B3FFEF179430438F0078
:2019C0009DC3560100A492C45250FFE0008230438F009DC4560100A492C4525660793043AB
:2019D0008F009DC5560100A492C45242607130438F009DC6560100A492C4525360693043B9
:2019E0008F009DC7560100A492C45254606130438F009DC8560100A492C4524B60593043BB
:2019F0008F009DC9560100A492C45250605130438F009DCA560100A492C4523F602A28AC95
:201A000000B48F00A1003043560100A456BF28C4761F02F6D50030438F00A101560100A472
:201A10009B04920B7671163228AC00B48F00A1053043560100A456BF0DC430438F00A10097
:201A2000560100A49B06924376711429FFEF172A30438F009DCA560100A49A049B0076715E
:201A3000166E9644520A640F1BA901F4620C3B10761F02F6960B2910FF699243767014B3A6
:201A4000FFEF1710924376701481FFEF170B30438F009DC3560100A492C45250FFE000815C
:201A500030438F009DC4560100A492C45256607830438F009DC5560100A492C45242607029
:201A600030438F009DC6560100A492C45253606830438F009DC7560100A492C45254606026
:201A700030438F009DC8560100A492C4524B605830438F009DC9560100A492C45249605045
:201A800030438F009DCA560100A492C4523F602A28AC00B48F00A1003043560100A456BF36
:201A900028C4761F02F6D50030438F00A101560100A49B03920D7671163228AC00B48F00C6
:201AA000A1043043560100A456BF0DC430438F00A100560100A49B05924376711429FFEF08
:201AB00016A130438F009DCA560100A49A039B007671166E96445202640E5250620C3B105D
:201AC000761F02F6960D2910FF699243767014B3FFEF1688924376701481FFEF16833043DD
:201AD0008F009DC3560100A492C45244607830438F009DC4560100A492C4524360703043BC
:201AE0008F009DC5560100A492C45244606830438F009DC6560100A492C4524360603043C8
:201AF0008F009DC7560100A492C4524B605830438F009DC8560100A492C4524960503043C7
:201B00008F009DC9560100A492C4523F602A28AC00B48F00A1003043560100A456BF28C43D
:201B1000761F02BDD50030438F00A101560100A49B0392317671163228AC00B48F00A104A1
:201B20003043560100A456BF0DC430438F00A100560100A49B05924376711429FFEF1622F4
:201B300030438F009DC9560100A49A039B007671166E96445202640E52C8620C3B10761F87
:201B400002BD96312910FF699243767014B3FFEF1609924376701481FFEF160430438F0075
:201B50009DC3560100A492C45244607930438F009DC4560100A492C45243607130438F0039
:201B60009DC5560100A492C45244606930438F009DC6560100A492C45243606130438F0045
:201B70009DC7560100A492C4524B605930438F009DC8560100A492C45250605130438F003D
:201B80009DC9560100A492C4523F602A28AC00B48F00A1003043560100A456BF28C4761FB7
:201B900002BDD50030438F00A101560100A49B04922C7671163228AC00B48F00A105304346
:201BA000560100A456BF0DC430438F00A100560100A49B06924376711429FFEF15A33043F3
:201BB0008F009DC9560100A49A049B007671166E96445264640F1BA907D0620C3B10761F95
:201BC00002BD962C2910FF699243767014B3FFEF1589924376701481FFEF158430438F00FC
:201BD0009DC3560100A492C45246607030438F009DC4560100A492C45242606830438F00CA
:201BE0009DC5560100A492C45249606030438F009DC6560100A492C4524B605830438F00CA
:201BF0009DC7560100A492C45249605030438F009DC8560100A492C4523F602A28AC00B47A
:201C00008F00A1003043560100A456BF28C4761F02BED50030438F00A101560100A49B02BF
:201C100092367671163228AC00B48F00A1033043560100A456BF0DC430438F00A1005601B4
:201C200000A49B04924376711429FFEF152B30438F009DC8560100A49A029B007671166E36
:201C300096445202640E5246620C3B10761F02BE96362910FF699243767014B3FFEF15124A
:201C4000924376701481FFEF150D30438F009DC3560100A492C45246607030438F009DC4A6
:201C5000560100A492C45242606830438F009DC5560100A492C45249606030438F009DC652
:201C6000560100A492C4524B605830438F009DC7560100A492C45256605030438F009DC848
:201C7000560100A492C4523F602A28AC00B48F00A1003043560100A456BF28C4761F02BE6C
:201C8000D50030438F00A101560100A49B02921A7671163228AC00B48F00A10330435601D3
:201C900000A456BF0DC430438F00A100560100A49B04924376711429FFEF14B430438F00BC
:201CA0009DC8560100A49A029B007671166E96445202640E5232620C3B10761F02BE961A40
:201CB0002910FF699243767014B3FFEF149B924376701481FFEF149630438F009DC35601B3
:201CC00000A492C45249607130438F009DC4560100A492C4524E606930438F009DC55601C6
:201CD00000A492C45256606130438F009DC6560100A492C4524B605930438F009DC75601C8
:201CE00000A492C45249605130438F009DC8560100A492C4523F602A28AC00B48F00A10013
:201CF0003043560100A456BF28C4761F02BED50030438F00A101560100A49B049230767154
:201D0000163228AC00B48F00A1053043560100A456BF0DC430438F00A100560100A49B062B
:201D1000924376711429FFEF143D30438F009DC8560100A49A049B007671166E964452C881
:201D2000640F1BA903E8620C3B10761F02BE96302910FF699243767014B3FFEF1423924390
:201D300076701481FFEF141E30438F009DC3560100A492C45249607030438F009DC4560120
:201D400000A492C4524E606830438F009DC5560100A492C45256606030438F009DC6560148
:201D500000A492C4524B605830438F009DC7560100A492C45256605030438F009DC8560157
:201D600000A492C4523F602A28AC00B48F00A1003043560100A456BF28C4761F02BED500FD
:201D700030438F00A101560100A49B02922E7671163228AC00B48F00A1033043560100A4FF
:201D800056BF0DC430438F00A100560100A49B04924376711429FFEF13C530438F009DC8FA
:201D9000560100A49A029B007671166E96445202640E5232620C3B10761F02BE962E291067
:201DA000FF699243767014B3FFEF13AC924376701481FFEF13A730438F009DC3560100A437
:201DB00092C45246607730438F009DC4560100A492C45242606F30438F009DC5560100A4D8
:201DC00092C45249606730438F009DC6560100A492C45249605F30438F009DC7560100A4DA
:201DD00092C4524C605730438F009DC8560100A492C4523F602F28AC00B48F00A100304345
:201DE000560100A456BF28C4761F02BD9B64923300F11EBF88A9D5008F00A1013043560100
:201DF00000A49B0292A67671163228AC00B48F00A1033043560100A456BF0DC430438F001A
:201E0000A100560100A49B04924376711429FFEF134930438F009DC8560100A49A029B00AB
:201E10007671166E9644520065105214620E3B102D44761F02BD356496332910FF699243E8
:201E2000767014B3FFEF132E924376701481FFEF132930438F009DC3560100A492C45249FE
:201E3000607330438F009DC4560100A492C4524E606B30438F009DC5560100A492C4525643
:201E4000606330438F009DC6560100A492C45249605B30438F009DC7560100A492C4524268
:201E5000605330438F009DC8560100A492C4523F602C28AC00B48F00A1003043560100A4C4
:201E600056BF28C4761F02CE883BD50030438F00A101DE64560100A49B0392A6767116327E
:201E700028AC00B48F00A1043043560100A456BF0DC430438F00A100560100A49B0592432F
:201E800076711429FFEF12CE30438F009DC8560100A49A039B007671166E96445200640FAC
:201E900052C8620D3B109C9C761F02CE963B2910FF699243767014B3FFEF12B4924376705E
:201EA0001481FFEF12AF30438F009DC3560100A492C45249607630438F009DC4560100A45C
:201EB00092C4524E606E30438F009DC5560100A492C45256606630438F009DC6560100A4CB
:201EC00092C45256605E30438F009DC7560100A492C45242605630438F009DC8560100A4E3
:201ED00092C4523F602D28AC00B48F00A1003043560100A456BF28C4761F02CE9AC8D500BB
:201EE000942F88A98F00A1013043560100A49B0392A67671163228AC00B48F00A10430431B
:201EF000560100A456BF0DC430438F00A100560100A49B05924376711429FFEF12533043F4
:201F00008F009DC8560100A49A039B007671166E9644520064111BA90190620E3B1008A9CD
:201F1000FF38761F02CE962F2910FF699243767014B3FFEF1237924376701481FFEF123274
:201F200030438F009DC3560100A492C45242607130438F009DC4560100A492C45241606979
:201F300030438F009DC5560100A492C45254606130438F009DC6560100A492C4524B605969
:201F400030438F009DC7560100A492C45256605130438F009DC8560100A492C4523F602A9E
:201F500028AC00B48F00A1003043560100A456BF28C4761F02BDD50030438F00A101560126
:201F600000A49B0492227671163228AC00B48F00A1053043560100A456BF0DC430438F0028
:201F7000A100560100A49B06924376711429FFEF11D930438F009DC8560100A49A049B00A8
:201F80007671166E964452C8640F1BA90FA0620C3B10761F02BD96222910FF6992437670DB
:201F900014B3FFEF11BF924376701481FFEF11BA30438F009DC3560100A492C4524460708A
:201FA00030438F009DC4560100A492C45243606830438F009DC5560100A492C45249606000
:201FB00030438F009DC6560100A492C4524B605830438F009DC7560100A492C452506050FD
:201FC00030438F009DC8560100A492C4523F602A28AC00B48F00A1003043560100A456BFF3
:201FD00028C4761F02BDD50030438F00A101560100A49B0292097671163228AC00B48F00BF
:201FE000A1053043560100A456BF0DC430438F00A100560100A49B06924376711429FFEFC1
:201FF000116130438F009DC8560100A49A029B007671166E96445200650E5263620C3B104E
:20200000761F02BD96092910FF699243767014B3FFEF1148924376701481FFEF114330435E
:202010008F009DC3560100A492C45244607130438F009DC4560100A492C452436069304384
:202020008F009DC5560100A492C45249606130438F009DC6560100A492C4524B6059304383
:202030008F009DC7560100A492C45249605130438F009DC8560100A492C4523F602A28AC59
:2020400000B48F00A1003043560100A456BF28C4761F02BDD50030438F00A101560100A465
:202050009B03920A7671163228AC00B48F00A1053043560100A456BF0DC430438F00A10053
:20206000560100A49B06924376711429FFEF10EA30438F009DC8560100A49A039B00767162
:20207000166E96445200650F1BA903E7620C3B10761F02BD960A2910FF699243767014B3AE
:20208000FFEF10D0924376701481FFEF10CB30438F009DC3560100A492C4524260473043F8
:202090008F009DC4560100A492C45255603F30438F009DC5560100A492C452536037304345
:2020A0008F009DC6560100A492C45253602F30438F009DC7560100A492C4524F6027304357
:2020B0008F009DC8560100A492C45246601F30438F009DC9560100A492C45254601730436B
:2020C0008F009DCA560100A492C452316006761F01BF1A0200016F05761F01BF1A04000176
:2020D0009243767014B3FFEF107D30438F009DC3560100A492C45241605730438F009DC493
:2020E000560100A492C45243604F30438F009DC5560100A492C45242604730438F009DC6F6
:2020F000560100A492C45255603F30438F009DC7560100A492C45253603730438F009DC8DF
:20210000560100A492C45253602F30438F009DC9560100A492C4524F602730438F009DCAF0
:20211000560100A492C45246601F30438F009DCB560100A492C45254601730438F009DCC04
:20212000560100A492C452316006761F01BF1A0C10006F05761F01BF1A0A10009243767022
:2021300014B3FFEF101F30438F009DC3560100A492C45247605F30438F009DC4560100A442
:2021400092C45245605730438F009DC5560100A492C4524E604F30438F009DC6560100A477
:2021500092C45242604730438F009DC7560100A492C45255603F30438F009DC8560100A47F
:2021600092C45253603730438F009DC9560100A492C45253602F30438F009DCA560100A47C
:2021700092C4524F602730438F009DCB560100A492C45246601F30438F009DCC560100A499
:2021800092C45254601730438F009DCD560100A492C452316006761F01BF1A0580006F05BE
:20219000761F01BF1A0380009243767014B3FFEF0FB930438F009DC3560100A492C45242BE
:2021A000603630438F009DC4560100A492C45255602E30438F009DC5560100A492C4525346
:2021B000602630438F009DC6560100A492C45253601E30438F009DC7560100A492C4525057
:2021C000601630438F009DC8560100A492C45253600E30438F009DC9560100A492C4523182
:2021D00061019243767014B3FFEF0F7C30438F009DC3560100A492C45242603F30438F00AA
:2021E0009DC4560100A492C45241603730438F009DC5560100A492C45254602F30438F0017
:2021F0009DC6560100A492C45253602730438F009DC7560100A492C45250601F30438F0015
:202200009DC8560100A492C45253601730438F009DC9560100A492C452316006761F01BFF5
:202210001A0A00806F05761F01BF1A0C00809243767014B3FFEF0F3630438F009DC356012D
:2022200000A492C45246607530438F009DC4560100A492C45241606D30438F009DC5560168
:2022300000A492C4524E606530438F009DC6560100A492C45250605D30438F009DC756015D
:2022400000A492C45257605530438F009DC8560100A492C4524D604D30438F009DC9560163
:2022500000A492C4523F602A28AC00B48F00A1003043560100A456BF28C4761F02E9D500DD
:2022600030438F00A101560100A49B03920A7671163228AC00B48F00A1053043560100A42B
:2022700056BF0DC430438F00A100560100A49B06924376711429FFEF0ED530438F009DC9F7
:20228000560100A49A039B007671166E96445200640B52656209761F02E9960A9243767008
:2022900014B3FFEF0EBF924376701481FFEF0EBA30438F009DC3560100A492C4524CFFE076
:2022A000008430438F009DC4560100A492C4524C607B30438F009DC5560100A492C4524323
:2022B000607330438F009DC6560100A492C45250606B30438F009DC7560100A492C45257B8
:2022C000606330438F009DC8560100A492C4524D605B30438F009DC9560100A492C4523FDF
:2022D000602A28AC00B48F00A1003043560100A456BF28C4761F0270D50030438F00A101BD
:2022E000560100A49B03921C7671163228AC00B48F00A1053043560100A456BF0DC43043E4
:2022F0008F00A100560100A49B06924376711429FFEF0E5830438F009DC9560100A49A03B5
:202300009B007671166E964452006419522E62179244761F0270961C3B1002642D1DFF6923
:202310001E42361C00F11E43761F02CF962F2910FF699243767014B3FFEF0E349243767070
:202320001481FFEF0E2F30438F009DC3560100A492C4524CFFE0009430438F009DC456015F
:2023300000A492C4524CFFE0008B30438F009DC5560100A492C45243FFE0008230438F00DE
:202340009DC6560100A492C45250607930438F009DC7560100A492C45252607130438F0020
:202350009DC8560100A492C45244606930438F009DC9560100A492C4523F602A28AC00B4FC
:202360008F00A1003043560100A456BF28C4761F0270D50030438F00A101560100A49B03A5
:20237000921B7671163228AC00B48F00A1053043560100A456BF0DC430438F00A100560166
:2023800000A49B06924376711429FFEF0DCB30438F009DC9560100A49A039B007671166E33
:20239000964452C864271BA903206224761F02FF920760209244761F0270961B3B108F0B1F
:2023A00071B0881B0200FF69A8ABF61F561700A63F1D02642D1D1E42361C00F11E43761FCF
:2023B00002CF962F29109243FF69767014B3FFEF0D99924376701481FFEF0D9430438F00DF
:2023C0009DC3560100A492C4524C603830438F009DC4560100A492C4524C603030438F0032
:2023D0009DC5560100A492C45243602830438F009DC6560100A492C452316015761F02FFD9
:2023E000920760163B1056BF0107761F02702D1DFF69121C9B6400F11F74761F02CF962FD1
:2023F00029106F063B10761F02FF2B0729109243FF69767014B3FFEF0D5530438F009DC337
:20240000560100A492C45247606F30438F009DC4560100A492C45252606730438F009DC580
:20241000560100A492C45249605F30438F009DC6560100A492C45244605730438F009DC798
:20242000560100A492C45253601A30438F009DC8560100A492C45243601230438F009DC905
:20243000560100A492C45252600A30438F009DCA560100A492C4523161326F3130438F00BB
:202440009DC7560100A492C4524C601330438F009DC8560100A492C452316006761F01BFC0
:202450001A0A80006F1C761F01BF1A0C80006F1730438F009DC7560100A492C4524E600AFB
:2024600030438F009DC8560100A492C4523161076F06924376701481FFEF0CE4924376705B
:2024700014B3FFEF0CDF30438F009DC3560100A492C45252604530438F009DC4560100A452
:2024800092C45245603D30438F009DC5560100A492C45255603530438F009DC6560100A461
:2024900092C45253602D30438F009DC7560100A492C45245602530438F009DC8560100A46F
:2024A00092C4524C601330438F009DC9560100A492C452316006761F01BF1A0A40006F0BE0
:2024B000761F01BF1A0C40006F06924376701481FFEF0C989243767014B3FFEF0C93304378
:2024C0008F009DC3560100A492C4524F606F30438F009DC4560100A492C4525060673043BC
:2024D0008F009DC5560100A492C452316006761F01BF1A0A20006F5530438F009DC55601A9
:2024E00000A492C452306006761F01BF1A0C20006F4830438F009DC5560100A492C452544D
:2024F000603B30438F009DC6560100A492C45257603330438F009DC7560100A492C45249ED
:20250000602B30438F009DC8560100A492C4524E602330438F009DC9560100A492C45253F7
:20251000601B30438F009DCA560100A492C452316006761F01BF1A0A01006F1330438F008F
:202520009DCA560100A492C45230600B761F01BF1A0C01006F06924376701481FFEF0C2299
:202530009243767014B3FFEF0C1D30438F009DC3560100A492C45249603D30438F009DC4A4
:20254000560100A492C4524E603530438F009DC5560100A492C45256602D30438F009DC6A6
:20255000560100A492C45250602530438F009DC7560100A492C45257601D30438F009DC8AF
:20256000560100A492C4524D601530438F009DC9560100A492C4523160059A0176710AC405
:202570006F049A0076710AC49243767014B3FFEF0BD930438F009DC3560100A492C45250E0
:20258000602F30438F009DC4560100A492C45256602730438F009DC5560100A492C452457D
:20259000601F30438F009DC6560100A492C45231600A761F0270922A600D3B1056BF012A4E
:2025A00029106F08761F0270922A61043B102B2A29109243FF69767014B3FFEF0BA3304371
:2025B0008F009DC3560100A492C45250FFE0008830438F009DC4560100A492C45256607F87
:2025C00030438F009DC5560100A492C45231607730438F009DC6560100A492C45250606FC5
:2025D00030438F009DC7560100A492C45257606730438F009DC8560100A492C4524D605FAE
:2025E00030438F009DC9560100A492C4523F602A28AC00B48F00A1003043560100A456BFCC
:2025F00028C4761F0270D50030438F00A101560100A49B0392197671163228AC00B48F00D5
:20260000A1053043560100A456BF0DC430438F00A100560100A49B06924376711429FFEF9A
:202610000B4130438F009DC9560100A49A039B007671166E96445200641D5250621B3B1041
:202620009244761F0270961928AC0F410264FF691E42301900F11E4328A80F41761F01A1CA
:202630009FA997092910FF699243767014B3FFEF0B19924376701481FFEF0B1430438F000E
:202640009DC3560100A492C45250603D30438F009DC4560100A492C45256603530438F0097
:202650009DC5560100A492C45231602D30438F009DC6560100A492C45245602530438F00D3
:202660009DC7560100A492C45231600F3B10761F01A12B0BCC0BFFCF5020960BCC0BFF3F30
:202670005040960B29106F093B10761F01A1280B0555180FFFFC29109243FF69767014B314
:20268000FFEF0AD030438F009DC3560100A492C45250FFE0008830438F009DC4560100A458
:2026900092C45256607F30438F009DC5560100A492C45232607730438F009DC6560100A4DD
:2026A00092C45250606F30438F009DC7560100A492C45257606730438F009DC8560100A4CA
:2026B00092C4524D605F30438F009DC9560100A492C4523F602A28AC00B48F00A100304357
:2026C000560100A456BF28C4761F0270D50030438F00A101560100A49B0392127671163212
:2026D00028AC00B48F00A1053043560100A456BF0DC430438F00A100560100A49B069243C5
:2026E00076711429FFEF0A6E30438F009DC9560100A49A039B007671166E96445200641D9D
:2026F0005250621B3B109244761F0270961228AC0F410264FF691E42301200F11E4328A825
:202700000F41761F01A19FA9970A2910FF699243767014B3FFEF0A46924376701481FFEFAA
:202710000A4130438F009DC3560100A492C45250604230438F009DC4560100A492C452560B
:20272000603A30438F009DC5560100A492C45232603230438F009DC6560100A492C45245E7
:20273000602A30438F009DC7560100A492C4523160113B10761F01A12B0CCC0CFCFF1AA905
:202740000200960CCC0CF3FF1AA90400960C29106F0C3B10761F02702B2C761F01A1280CDA
:202750000555180FFFFC29109243FF69767014B3FFEF09F830438F009DC3560100A492C428
:202760005244FFE0009D30438F009DC4560100A492C45243FFE0009430438F009DC55601D0
:2027700000A492C45242FFE0008B30438F009DC6560100A492C45253FFE0008230438F0093
:202780009DC7560100A492C45254607930438F009DC8560100A492C45250607130438F00D8
:202790009DC9560100A492C45257606930438F009DCA560100A492C4524D606130438F00E4
:2027A0009DCB560100A492C4523F602A28AC00B48F00A1003043560100A456BF28C4761F89
:2027B0000270D50030438F00A101560100A49B0392147671163228AC00B48F00A105304380
:2027C000560100A456BF0DC430438F00A100560100A49B06924376711429FFEF09833043F3
:2027D0008F009DCB560100A49A039B007671166E96445200641F5250621D761F02709215D6
:2027E00061193B109244961428AC0F410264FF691E42301400F11E4328A80F41761F01A452
:2027F0009FA997092910FF699243767014B3FFEF0959924376701481FFEF095430438F00D1
:202800009DC3560100A492C45244606430438F009DC4560100A492C45243605C30438F00A6
:202810009DC5560100A492C45242605430438F009DC6560100A492C45253604C30438F00A4
:202820009DC7560100A492C45254604430438F009DC8560100A492C45245603C30438F00AC
:202830009DC9560100A492C45231601F761F027092156016921760143B1056BF01152B14D9
:20284000761F01A42B0BCC0BFFCF5020960BCC0BFF3F5040960B28090F4129106F159243F9
:2028500076701481FFEF08FE761F02709215610C3B102B15761F01A4280B0555180FFFFC6A
:202860002809FFFF29109243FF69767014B3FFEF08E930438F009DC3560100A492C45244DE
:20287000FFE0009D30438F009DC4560100A492C45243FFE0009430438F009DC5560100A4B1
:2028800092C45242FFE0008B30438F009DC6560100A492C45255FFE0008230438F009DC7C0
:20289000560100A492C4524B607930438F009DC8560100A492C45250607130438F009DC9CE
:2028A000560100A492C45257606930438F009DCA560100A492C4524D606130438F009DCBD1
:2028B000560100A492C4523F602A28AC00B48F00A1003043560100A456BF28C4761F02706E
:2028C000D50030438F00A101560100A49B0392167671163228AC00B48F00A1053043560188
:2028D00000A456BF0DC430438F00A100560100A49B06924376711429FFEF087430438F00BA
:2028E0009DCB560100A49A039B007671166E96445200641F5264621D761F027092176119C4
:2028F0003B109244961628AC0F410264FF691E42301600F11E4328A80F41761F01A49FA96F
:20290000970A2910FF699243767014B3FFEF084A924376701481FFEF084530438F009DC3C6
:20291000560100A492C45244606730438F009DC4560100A492C45243605F30438F009DC58D
:20292000560100A492C45242605730438F009DC6560100A492C45255604F30438F009DC789
:20293000560100A492C4524B604730438F009DC8560100A492C45245603F30438F009DC99C
:20294000560100A492C452316022761F027092156019921760173B102B1556BF01172B16E1
:20295000761F01A42B0CCC0CFCFF1AA90200960CCC0CF3FF1AA90400960C280A0F412910CE
:202960006F15924376701481FFEF07EC761F02709217610C3B102B17761F01A4280C055530
:20297000180FFFFC280AFFFF29109243FF69767014B3FFEF07D730438F009DC3560100A4A9
:2029800092C45243603030438F009DC4560100A492C4524F602830438F009DC5560100A480
:2029900092C4524E602030438F009DC6560100A492C45246601830438F009DC7560100A48A
:2029A00092C45249601030438F009DC8560100A492C45247600876704AF29243767014B359
:2029B000FFEF07A030438F009DC3560100A492C45245602830438F009DC4560100A492C4EC
:2029C000524E602030438F009DC5560100A492C45254601830438F009DC6560100A492C44E
:2029D0005245601030438F009DC7560100A492C45252600876704AF79243767014B3FFEF86
:2029E000077130438F009DC3560100A492C45245601830438F009DC4560100A492C4525344
:2029F000601030438F009DC5560100A492C45243600876704AFC9243767014B3FFEF0752B0
:202A000030438F009DC3560100A492C45255601030438F009DC4560100A492C4525060082E
:202A100076704B019243767014B3FFEF073B30438F009DC3560100A492C452446020304386
:202A20008F009DC4560100A492C4524F601830438F009DC5560100A492C4525760103043FB
:202A30008F009DC6560100A492C4524E600876704B069243767014B3FFEF071430438F0077
:202A40009DC3560100A492C4524C602630438F009DC4560100A492C4524F601E30438F00CC
:202A50009DC5560100A492C4524E601630438F009DC6560100A492C452316006761F02FF68
:202A600056BF012D6F04761F02FF2B2D9243767014B3FFEF06E730438F009DC3560100A4F8
:202A700092C45245602230438F009DC4560100A492C45257601A30438F009DC5560100A4A1
:202A800092C45250601230438F009DC6560100A492C45231600A761F01BF1A0301009243E1
:202A9000767014B3FFEF06BE30438F009DC3560100A492C45245602230438F009DC4560141
:202AA00000A492C45257601A30438F009DC5560100A492C45250601230438F009DC6560174
:202AB00000A492C45230600A761F01BF1A0501009243767014B3FFEF069530438F009DC33E
:202AC000560100A492C45242602230438F009DC4560100A492C45255601A30438F009DC556
:202AD000560100A492C4525A601230438F009DC6560100A492C45231600A761F01BF1A0263
:202AE00000029243767014B3FFEF066C30438F009DC3560100A492C45242602230438F0027
:202AF0009DC4560100A492C45255601A30438F009DC5560100A492C4525A601230438F001E
:202B00009DC6560100A492C45230600A761F01BF1A0400029243767014B3FFEF0643304374
:202B10008F009DC3560100A492C45250604630438F009DC4560100A492C45256603E3043B0
:202B20008F009DC5560100A492C45250603630438F009DC6560100A492C45241602E3043D1
:202B30008F009DC7560100A492C45252602630438F009DC8560100A492C45241601E3043DB
:202B40008F009DC9560100A492C45245601630438F009DCA560100A492C452316006761FEA
:202B500002F556BF01126F04761F02F52B129243767014B3FFEF05F630438F009DC35601E6
:202B600000A492C45250606F30438F009DC4560100A492C45256606730438F009DC556010C
:202B700000A492C4524B605F30438F009DC6560100A492C45256605730438F009DC756011D
:202B800000A492C4524E604F30438F009DC8560100A492C45231604730438F009DC956014B
:202B900000A492C4523F602A28AC00B48F00A1003043560100A456BF28C4761F02F4D50089
:202BA00030438F00A101560100A49B04921A7671163228AC00B48F00A1063043560100A4D0
:202BB00056BF0DC430438F00A100560100A49B07924376711429FFEF059530438F009DC9F6
:202BC000560100A49A049B007671166E96443B10761F02F4961A2910FF699243767014B3D3
:202BD000FFEF058030438F009DC3560100A492C45250606F30438F009DC4560100A492C49A
:202BE0005256606730438F009DC5560100A492C4524B605F30438F009DC6560100A492C49F
:202BF0005256605730438F009DC7560100A492C4524E604F30438F009DC8560100A492C4A8
:202C00005232604730438F009DC9560100A492C4523F602A28AC00B48F00A1003043560133
:202C100000A456BF28C4761F02F4D50030438F00A101560100A49B04921C7671163228ACB0
:202C200000B48F00A1063043560100A456BF0DC430438F00A100560100A49B07924376715A
:202C30001429FFEF051F30438F009DC9560100A49A049B007671166E96443B10761F02F47E
:202C4000961C2910FF699243767014B3FFEF050A30438F009DC3560100A492C45250606F7E
:202C500030438F009DC4560100A492C45256606730438F009DC5560100A492C4524B605F30
:202C600030438F009DC6560100A492C45256605730438F009DC7560100A492C45244604F43
:202C700030438F009DC8560100A492C45231604730438F009DC9560100A492C4523F602A8E
:202C800028AC00B48F00A1003043560100A456BF28C4761F02F4D50030438F00A1015601B2
:202C900000A49B04922A7671163228AC00B48F00A1063043560100A456BF0DC430438F00E2
:202CA000A100560100A49B07924376711429FFEF04A930438F009DC9560100A49A049B00A6
:202CB0007671166E96443B10761F02F4962A2910FF699243767014B3FFEF049430438F007E
:202CC0009DC3560100A492C45250607430438F009DC4560100A492C45256606C30438F00A3
:202CD0009DC5560100A492C4524B606430438F009DC6560100A492C45256605C30438F00B4
:202CE0009DC7560100A492C45244605430438F009DC8560100A492C45232604C30438F00EB
:202CF0009DC9560100A492C4523F602A28AC00B48F00A1003043560100A456BF28C4761F36
:202D000002F4D50030438F00A101560100A49B0492297671163228AC00B48F00A10630438F
:202D1000560100A456BF0DC430438F00A100560100A49B07924376711429FFEF04333043F1
:202D20008F009DC9560100A49A049B007671166E96443B10761F02F49629761F02F408A954
:202D30002000962A2910FF699243767014B3FFEF041930438F009DC3560100A492C4525020
:202D4000605B30438F009DC4560100A492C45256605330438F009DC5560100A492C4524B57
:202D5000604B30438F009DC6560100A492C45243604330438F009DC7560100A492C4524E73
:202D6000603B30438F009DC8560100A492C45231603330438F009DC9560100A492C4523FA0
:202D7000FFE003E028AC00B48F00A1003043560100A456BF28C4761F02F4D50030438F00F8
:202D8000A101560100A49B0492247671163228AC00B48F00A1063043560100A456BF0DC400
:202D900030438F00A100560100A49B07924376711429FFEF03B730438F009DC3560100A4E5
:202DA00092C45250607830438F009DC4560100A492C45256607030438F009DC5560100A4B8
:202DB00092C4524B606830438F009DC6560100A492C45243606030438F009DC7560100A4DC
:202DC00092C4524E605830438F009DC8560100A492C45232605030438F009DC9560100A4F6
:202DD00092C4523F602A28AC00B48F00A1003043560100A456BF28C4761F02F4D500304378
:202DE0008F00A101560100A49B0492237671163228AC00B48F00A1063043560100A456BFE3
:202DF0000DC430438F00A100560100A49B07924376711429FFEF035630438F009DC95601B3
:202E000000A49A049B007671166E96443B10761F02F49623761F02F49224761F02F494237E
:202E1000761F02F4962E2910FF699243767014B3FFEF033830438F009DC3560100A492C454
:202E20005250607430438F009DC4560100A492C45256606C30438F009DC5560100A492C43F
:202E3000524B606430438F009DC6560100A492C45243605C30438F009DC7560100A492C463
:202E40005244605430438F009DC8560100A492C45231604C30438F009DC9560100A492C488
:202E5000523F602A28AC00B48F00A1003043560100A456BF28C4761F02F4D50030438F00BE
:202E6000A101560100A49B04922D7671163228AC00B48F00A1063043560100A456BF0DC416
:202E700030438F00A100560100A49B07924376711429FFEF02D730438F009DC9560100A4DF
:202E80009A049B007671166E96443B10761F02F4962D761F02F408A9E000962C2910FF699C
:202E90009243767014B3FFEF02BD30438F009DC3560100A492C45250607430438F009DC467
:202EA000560100A492C45256606C30438F009DC5560100A492C4524B606430438F009DC6D2
:202EB000560100A492C45243605C30438F009DC7560100A492C45244605430438F009DC8F8
:202EC000560100A492C45232604C30438F009DC9560100A492C4523F602A28AC00B48F0086
:202ED000A1003043560100A456BF28C4761F02F4D50030438F00A101560100A49B04922C76
:202EE0007671163228AC00B48F00A1063043560100A456BF0DC430438F00A100560100A4F3
:202EF0009B07924376711429FFEF025C30438F009DC9560100A49A049B007671166E9644FA
:202F00003B10761F02F4962C761F02F408A92000962D2910FF699243767014B3FFEF0242A5
:202F100030438F009DC3560100A492C45250607530438F009DC4560100A492C45256606D4E
:202F200030438F009DC5560100A492C4524B606530438F009DC6560100A492C45243605D72
:202F300030438F009DC7560100A492C4524E605530438F009DC8560100A492C45230604D8E
:202F400030438F009DC9560100A492C4523F602A28AC00B48F00A1003043560100A456BF62
:202F500028C4761F02F4D50030438F00A101560100A49B04922E7671163228AC00B48F00D1
:202F6000A1063043560100A456BF0DC430438F00A100560100A49B07924376711429FFEF2F
:202F700001E130438F009DC9560100A49A049B007671166E96443B10761F02F4962E761F4F
:202F800002F49E24761F02F496232910FF699243767014B3FFEF01C630438F009DC35601A4
:202F900000A492C45250606F30438F009DC4560100A492C45256606730438F009DC55601D8
:202FA00000A492C4524B605F30438F009DC6560100A492C45256605730438F009DC75601E9
:202FB00000A492C45249604F30438F009DC8560100A492C4524E604730438F009DC95601FF
:202FC00000A492C4523F602A28AC00B48F00A1003043560100A456BF28C4761F02F4D50055
:202FD00030438F00A101560100A49B04922B7671163228AC00B48F00A1063043560100A48B
:202FE00056BF0DC430438F00A100560100A49B07924376711429FFEF016530438F009DC9F6
:202FF000560100A49A049B007671166E96443B10761F02F4962B2910FF699243767014B38E
:20300000FFEF015030438F009DC3560100A492C45254606730438F009DC4560100A492C49D
:203010005245605F30438F009DC5560100A492C45253605730438F009DC6560100A492C483
:203020005254604F30438F009DC7560100A492C45230604730438F009DC8560100A492C4A3
:20303000523F602A28AC00B48F00A1003043560100A456BF28C4761F02D1D50030438F00FF
:20304000A101560100A49B0492247671163228AC00B48F00A1063043560100A456BF0DC43D
:2030500030438F00A100560100A49B07924376711429FFEF00F730438F009DC8560100A4E0
:203060009A049B007671166E96443B10761F02D196242910FF699243767014B3FFEF00E272
:2030700030438F009DC3560100A492C45254606630438F009DC4560100A492C45245605E18
:2030800030438F009DC5560100A492C45253605630438F009DC6560100A492C45254604E16
:2030900030438F009DC7560100A492C45231604630438F009DC8560100A492C4523F602A6D
:2030A00028AC00B48F00A1003043560100A456BF28C4761F02D1D50030438F00A1015601B1
:2030B00000A49B0492237671163228AC00B48F00A1063043560100A456BF0DC430438F00C5
:2030C000A100560100A49B07924376711429FFEF008930438F009DC8560100A49A049B00A7
:2030D0007671166E96443B10761F02D196232910FF699243767014B36F7430438F009DC3C7
:2030E000560100A492C45254606530438F009DC4560100A492C45245605D30438F009DC5A8
:2030F000560100A492C45253605530438F009DC6560100A492C45254604D30438F009DC7A6
:20310000560100A492C45232604530438F009DC8560100A492C4523F602928AC00B48F004C
:20311000A1003043560100A456BF28C4761F02D1D50030438F00A101560100A49B04921C66
:203120007671163228AC00B48F00A1063043560100A456BF0DC430438F00A100560100A4B0
:203130009B079243767114296F1C30438F009DC8560100A49A049B007671166E96443B102E
:20314000761F02D1961C2910FF699243767014B36F089243767014816F04924376701481A8
:20315000FE860006FE029641761F01BF1A0400011A0C10001A0C80001A0C02009A01767005
:20316000D836761F01BF1A0C40001A0C01001A0C2000761F02FF2B07761F02FF2B30761FCB
:2031700002CF2B2B761F02CF2B2A761F02FF2B359A007670DB7F9A007670DBD99A007671D8
:203180000AC49A0076710B222B421B42138867050A421B42138868FD3B1076F3800076206F
:20319000FF69FE820006FE06A046A844964176711743520160048A460AC46F038A462BC4BD
:2031A00092417671148F520061048A440AC46F038A442BC48A4692C4520A66058A4492C41F
:2031B00052C8691C8A462BC48A442BC43B109B00FF6992417671175C9B0192417671175CA0
:2031C00028AC00648F009C80D5003041560100A49B649241767113762910FF69FE8600065E
:2031D000FE0A9643A84206421E482B446F249244FFC7FFC396455603044496448A4892C488
:2031E000FFC3704558A98F009C509294F2449244FFC7FFC396455603044496448A4892C4A4
:2031F000900F704558A98F009C509294F244020107481E4892430B43520060DA924490FFC7
:20320000964A9244FFC79649924A52286105520D6103520A60020A4A924952286105520DA8
:203210006103520A60020A49560308499644924A72449244FE8A0006FE08A044A8420200D9
:203220001E462B476F12C5465CC406A7FF321EA6DCB006A7FF3007A60DA41E468A420AC4A6
:20323000020107441E440A478A4492C4522C61049247520668E98A420AC48F00FFFFA8A97C
:203240000F46670428A9FFFF6F029246FE880006FE04A044A8428A4492C461078A427671FB
:2032500006508A442BC46F128A420AF492F4523B690D8A422BF48A420AEC92EC523B690650
:203260008A422BEC8A42767106508A4292C4521667338A4456BF01C4761F02700A36923687
:20327000520369282B369235520A69122B358A422BC48A422BCC8A422BD48A422BDC8A4211
:203280002BE48A422BEC8A422BF49A026F1A0A35761F02F956BF162A56BF012B56BF012C85
:2032900056BF062D2B2E2B2F2B309A059B0A76711CA29A006F06761F02702B352B369A016D
:2032A000FE840006FE04A044A8428A4492C4610D8A428F40BE6A020776711EFF8A442BC497
:2032B000761F02702B376F198A420AF492F4523B69118A422BF48A420AEC92EC523B690A8B
:2032C0008A422BEC8A420AE492E4521769038A422BE4761F02700A371B37151869042B3795
:2032D0009A026F029A01FE840006FE0256BF1942767033609A0076711C64964140416CFB05
:2032E000761F02DD920452066011761F01A09204761F02DD7203761F01A59204761F02DC02
:2032F000723E761F02DD56BF070476704B0B761F02FF921160047670349F6F037671112658
:2033000076704AE576703443761F02FF922A610376703360761F01BF44086C054E016C033C
:203310001A054000761F02FF922A520361095205610752066105520261037670505A0A421C
:203320009242523269B82B426FB6761F01BF44086D144E016D12761F02E39202600E92057F
:203330000A055205642D56BF010256BF0100761F01BF1A0340006F24761F01BF44086D13F2
:203340004E016D11761F02E39202610D92050A05521E64162B0256BF0100761F01BF1A03DF
:2033500040006F0E761F01BF44086C0A4E016C08761F02E32B05761F01BF1A054000000662
:20336000761F02FF922D6126761F01BF44086D184E016D16761F02E30A179217521E653B25
:203370002B17761F02FF2B2D761F02E356BF0116761F01BF1A03400076709A716F2C4408DD
:203380006C2A761F02E32B17761F01BF1A0540006F22761F01BF44086D154E016D13761F0F
:2033900002E30A179217520565162B17761F02FF56BF012D761F01BF1A0340001A0A00802B
:2033A0006F0A44086C08761F02E32B17761F01BF1A05400000067670D74D52006153761FB9
:2033B00002FF922A520460089A019B01D403D500767034086F4D761F02E3400C6C089A1AD3
:2033C0009B01D419D500767034086F42410C6D07420C6D05430C6D03440C6C089A029B0180
:2033D000D401D500767034086F33761F02D1402C6C089A059B01D401D500767034086F2889
:2033E0004C2C6C089A0A9B03D401D501767034086F1F412C6C107670D6CF5203610C761F79
:2033F00002DD41296D089A0A9B01D401D500767034086F0E9A009B00D400D5007670340876
:203400006F079A009B00D400D500767034080006FE047D447C4397429641761F02E3922DC5
:2034100061030B2D6F0A9241962D9242962C9243962F9244962E2B29922C6120761F01BF3F
:2034200041006C10761F02E30A299229542F681A2B29761F01BF1A040002761F02E30B2CE8
:203430006F11761F02E30A299229542E680B2B29761F01BF1A0200026F05761F01BF1A04F1
:203440000002FE840006761F02FF922A600C761F01BF1A1200101A1200201A0B10001A0BED
:2034500020006F4D761F02FDCC21000CFFC15201601976710B7452026015761F02EA921D08
:2034600052026106761F02E3923052036206761F01BF1A1200106F0E761F01BF1A140010F7
:203470006F09761F01BF1A140010761F02E356BF0330761F02FF922A5205610352026006A8
:20348000761F01BF1A1200206F05761F01BF1A140020520360041A0B10006F031A0D1000DD
:20349000520460041A0B20006F031A0D2000761F02E30A309230520A64022B300006761F36
:2034A00002E392335201600376711180767110E7761F02E39232521467050A32767110F91A
:2034B0006F27761F02E4920061118F00B90076704FE8761F02E31B150BB863030A156F1809
:2034C0002B15761F02E42B006F137670351576703632761F02E3920C900152016006761F0F
:2034D00002E42B0156BF0100761F02E32B15761F02E3420C6D09440C6D07430C6D05410CEA
:2034E0006D03400C6C032B1C2B157670D73F52006008761F02E31B1C025867060A1C6F0453
:2034F000761F02E32B1C1B1C02586704767111196F03767111267670D74D520060069A3FC3
:203500009B01D400767110A5761F02E30A339233520568062B337671108B7671105500062C
:20351000761F02E32B0D2B1300066F759A3E9B01D400767110A576710B1E5203602A9A4014
:203520009B01D400767110A5761F02FF9207610F76710B745202600B9A469B01D400767184
:2035300010A59A4C9B01D400767110A5761F02FDCC210030FFC3520260079A419B01D4005B
:20354000767110A56F069A439B01D400767110A5761F01BF4D086C0C9A429B01D40076711C
:2035500010A59A3D9B01D400767110A56F479A429B00D400767110A59A3D9B00D4007671F9
:2035600010A56F3C761F02FF920660069A469B01D400767110A59A409B01D400767110A585
:20357000761F01BF4D086C2A9A419B01D400767110A56F249A3E9B01D400767110A59A42C1
:203580009B01D400767110A59A3D9B01D400767110A56F14761F02FF922A5203620A520351
:2035900061D25200610B52016109520261E46F06520461045205FFE1FF7B761F02F71B3F0B
:2035A000025869107670E456520160079A3E9B01D402767110A56F069A3E9B01D4007671D4
:2035B00010A57670E0D8520060057670E0DC5200613E9A4E9B01D400767110A59A4D9B01E7
:2035C000D400767110A5761F02FF922A5203610576710B1E520360069A479B01D40076716B
:2035D00010A5761F02FF9207612276710B745202601E9A459B01D400767110A5761F02FFBB
:2035E000922A5203610576710B1E5203600B761F03029203640C9A4C9B01D400767110A5F3
:2035F0006F069A4C9B01D400767110A5761F02F592186105761F02F5921A6015761F02FF75
:20360000922A5201600B761F02FF920961079A4F9B01D402767110A56F069A4F9B01D400D2
:20361000767110A5761F02DD41296C069A699B01D400767110A57670D6CF520360069A6857
:203620009B01D400767110A5761F02E49202520C6105520D610376703D3B76703BCB7670B8
:203630003BE90006FE02761F02E492029641761F02E3CC0C0004FFC1520160032B416F269D
:20364000CC0C0010FFC35201600F0A419241520E64032B416F1B761F02DD41296D17520B64
:2036500060150A416F13CC0C0008FFC25201600E0B419241630456BF0D416F08761F02DDE2
:2036600041296D04520B60020B419241761F02E4960229018F33148C56030202560100A49A
:20367000C5C43E672901761F02E48F33148E56030202560100A4C5C43E67761F02E492026E
:20368000611D761F02E3420C6D09440C6D07430C6D05410C6D03400C6C022B1E7670D7313B
:203690005200610F761F02E30A1E1B1E025864092B1E761F02E42B026F04761F02E32B1E8F
:2036A000FE820006FE02761F02F7BE0A0E3FF60F1FA69641520A67022B411B4103E769035D
:2036B000284103E79A009B035C41D500767049AE9A009B01D400767110A59A539B01D4001D
:2036C000767110A5FE820006FE02761F02F8BE0A0E07F60F1FA696411BA903E76907BE0AD5
:2036D0000E41F60F1FA696416F0A520A67032B416F069A5B9B01D400767110A59A009B0391
:2036E0005C41D500767049AE9A009B01D400767110A59A079B01D400767110A5FE820006A2
:2036F000FE02761F0301923D96411BA903E76907BE0A0E41F60F1FA696416F0A520A670366
:203700002B416F069A5B9B01D400767110A59A009B035C41D500767049AE9A019B01D40035
:20371000767110A59A539B01D400767110A5FE820006FE02761F03029B0A920100F11EBFDE
:2037200096419B03D5009A005C41767049AE9A019B01D400767110A59A059B01D40076718E
:2037300010A5FE820006FE02761F02FF92076109761F03029B0A920300F11EBF96416F02BB
:203740002B4192416304FF5C96416F022B415C419A059B03D500767049AE9A359B01D400E9
:20375000767110A59A399B01D400767110A5FE820006FE022B41761F02FBBE0A0E29F60F56
:203760001FA69641D5009B039A055C41767049AE9A349B01D400767110A59A339B01D4000A
:20377000767110A5FE820006FE02761F02FBBE0A0E28F60F1FA696411BA903E76907BE0A00
:203780000E41F60F1FA696416F04520A67022B41924161069A2B9B01D400767110A59A05EB
:203790009B035C41D500767049AE9A3B9B01D400767110A59A349B01D400767110A5FE82F1
:2037A0000006FE02761F02FB921296419B03D5009A055C41767049AE9A369B01D400767143
:2037B00010A59A3A9B01D400767110A5FE820006FE02761F02FC9212964163022B413B01C3
:2037C0008F01869F85410FA4650D924128A803E800F11EBF96419B01D4009A37767110A539
:2037D0006F2592411BA9270F65109B6400F11EBF96419B01D4009A37767110A59A2B9B0121
:2037E000D400767110A56F121BA903E7650F9B0A00F11EBF96419B01D4009A37767110A58F
:2037F0009A239B01D400767110A55C419A059B03D500767049AE9A369B01D400767110A588
:203800009A389B01D400767110A5FE820006FE02761F02FB923C964188418F01869FA8A93E
:203810000FA6630D768003E80E41F60F1FA69641D4009B019A37767110A56F2792411BA998
:20382000270F6911BE640E41F60F1FA69641D4009B019A37767110A59A2B9B01D4007671CD
:2038300010A56F131BA903E76910BE0A0E41F60F1FA69641D4009B019A37767110A59A23C8
:203840009B01D400767110A59A059B035C41D500767049AE9A369B01D400767110A59A3921
:203850009B01D400767110A59A339B01D400767110A5FE820006FE02761F02F5BE0A0E2962
:20386000F60F1FA69641523C67022B419A009B035C41D500767049AE9A029B01D4007671CA
:2038700010A59A539B01D400767110A5FE820006FE02761F02F5922596411BA9270F691176
:20388000BE640E41F60F1FA69641D4009B019A03767110A59A5B9B01D400767110A56F13EA
:203890001BA903E76910BE0A0E41F60F1FA69641D4009B019A03767110A59A639B01D40023
:2038A000767110A59A009B035C41D500767049AE9A049B01D400767110A59A029B01D4002F
:2038B000767110A5FE820006FE02761F02DDCC28FF00FFC796411BA903E76903284103E765
:2038C0009A009B035C41D500767049AE9A019B01D400767110A59A069B01D400767110A50E
:2038D000FE8200069A079B00D40DD50276704A8A761F02F99A019B02D5005C38767049F450
:2038E000761F02F99A039B02D5005C39767049F4761F02F99A059B02D5005C3A767049F417
:2038F00000069A079B00D41DD50276704A8A761F02F99A019B02D5005C3C767049F4761F07
:2039000002F99A039B02D5005C3D767049F4761F02F99A059B02D5005C3E767049F400067D
:203910000006FE022B42761F02E3921896419241600E2B180A1B761F02DDCC2901E0FFC473
:2039200096425263697756BF63426F7452016016761F02DD40296D05761F02AD922A6109FB
:20393000761F02E356BF01180A1B56BF32426F620A41761F02E32B1B6F5D52026012761F1E
:2039400002DD43296C09761F02E356BF02180A1B56BF33426F4F0A41761F02E32B1B6F4ACD
:2039500052036012761F02DD44296C09761F02E356BF03180A1B56BF34426F3C0A41761F55
:2039600002E32B1B6F3752046012761F02DD42296C09761F02E356BF04180A1B56BF3542FE
:203970006F290A41761F02E32B1B6F245205601D761F02DDCC29F800FFCA6112761F02E316
:2039800056BF05180A1B761F02DDCC29F800FFCA9C3596425241690E56BF41426F0B0A4196
:20399000761F02E32B1B6F060A419241520668022B41761F02E3921B521469032B1B0A410C
:2039A00088410E180FA6FFE0FF74921860089A079B05D40CD50076704A8A6F079A079B0598
:2039B000D40BD50076704A8A5C429A069B02D500767049AE9A359B01D400767110A5FE82A1
:2039C0000006FE045CAD8F7315DB0203DC835CA476711EFF5CAD9A009B03D500DC835CA407
:2039D0007670497EFE8400069A039B02D402D500767049AE9A059B03D401D500767049AE1C
:2039E0000006FE02964129018F00ABCB56030441560100A492C496421BA903E76903284270
:2039F00003E79A009B035C42D500767049AE9A019B01D400767110A5FE820006FE02964141
:203A000028AC00288F00ACCB3041560100A492C496421BA903E76903284203E79A059B035F
:203A10005C42D500767049AE9A359B01D400767110A59A3A9B01D400767110A5FE82000605
:203A2000FE02964128AC00288F00ACC63041560100A49B0A92C400F11EBF96421BA903E7F7
:203A30006907BE0A0E42F60F1FA696426F0A520A67032B426F069A5B9B01D400767110A52A
:203A40009A009B035C42D500767049AE9A019B01D400767110A59A539B01D400767110A53E
:203A5000FE820006FE02964128AC00288F00ACC73041560100A492C4964264241BA9270FDF
:203A60006504284203E76F0E1BA903E765069B0A00F11EBF96426F069A2B9B01D400767117
:203A700010A55C429A059B03D500767049AE9242520A63309A079B06D400D50076704A8A8C
:203A80006F29FF5C96421BA903E7650456BF63426F0D526365069B0A00F11EBF96426F062E
:203A90009A2B9B01D400767110A55C429A059B03D500767049AE9242520A63079A079B06DC
:203AA000D400D50076704A8A9A1D9B01D400767110A59A359B01D400767110A59A399B0196
:203AB000D400767110A5FE820006FE02964128AC00288F00ACE03041560100A49B6492C451
:203AC00000F11EBF96421BA903E76907BE0A0E42F60F1FA696426F0A520A67032B426F0647
:203AD0009A5B9B01D400767110A59A009B035C42D500767049AE9A019B01D400767110A5A6
:203AE0009A539B01D400767110A5FE820006FE02964128AC00288F00ACE23041560100A4EB
:203AF0009B6492C400F11EBF96421BA903E76907BE0A0E42F60F1FA696426F0A520A6703A4
:203B00002B426F069A2B9B01D400767110A59A059B035C42D500767049AE9A359B01D40026
:203B1000767110A59A339B01D400767110A5FE820006FE02964128AC00288F00ACE4304137
:203B2000560100A492C49642640C5263650356BF63425C429A009B03D500767049AE6F120C
:203B3000FF5C96425263650356BF63425C429A009B03D500767049AE9A659B01D40076718D
:203B400010A59A019B01D400767110A5FE820006FE02964128AC00288F00ACE630415601C7
:203B500000A492C49642640C5263650356BF63425C429A059B03D500767049AE6F12FF5CD3
:203B600096425263650356BF63425C429A059B03D500767049AE9A1D9B01D400767110A546
:203B70009A359B01D400767110A5FE820006FE02964128AC00288F00ACC33041560100A497
:203B800092C496425263650356BF63425C429A019B02D500767049AE9A079B00D40FD500A4
:203B900076704A8A9A019B01D400767110A5FE820006FE02964128AC00288F00ACC23041ED
:203BA000560100A492C4964218420FFFD5009B07CC42000F5CA99A0776704A8A9242FFA30A
:203BB00096429B06D500CC42000F5CA99A0776704A8A9242FFA396429B05D500CC42000F4A
:203BC0005CA99A0776704A8A9A359B01D400767110A5FE820006761F01BF4D086C11761F68
:203BD00002D1402C6C079A3C9B01D402767110A56F109A3C9B01D400767110A56F0A761FD0
:203BE00002FF922D61069A3C9B01D400767110A50006FE02761F02FF920B612076710B749C
:203BF0005202601C9A449B01D402767110A59A4B9B01D402767110A59A4A9B01D4027671C9
:203C000010A59A499B01D402767110A59A489B01D402767110A5FFEF012E761F02D1432C1A
:203C1000FFED0124761F02DD41296C06CC28FF00FFC796416F05761F02EA921B96415200D8
:203C200063032B416F055264650356BF6441761F02D1412C6C0F7670D6CF5203610B761F35
:203C300002DD41296D079A449B01D402767110A56F069A449B01D400767110A5761F02FDD8
:203C4000CC21000CFFC15201607F761F02E30A249224521469169A4B9B01D400767110A545
:203C50009A4A9B01D400767110A59A499B01D400767110A59A489B01D400767110A56F45D3
:203C6000520F69169A4B9B01D400767110A59A4A9B01D400767110A59A499B01D400767149
:203C700010A59A489B00D400767110A56F2E520A69169A4B9B01D400767110A59A4A9B01A9
:203C8000D400767110A59A499B00D400767110A59A489B00D400767110A56F17520569157E
:203C90009A4B9B01D400767110A59A4A9B00D400767110A59A499B00D400767110A59A4864
:203CA0009B00D400767110A5761F02E392245219FFE800919241521963042B24FFEF008B79
:203CB0005232630556BF0524FFEF0085524B630456BF0A246F7F5264630456BF0F246F7AD4
:203CC00056BF14246F77924152196319761F02E32B249A4B9B01D400767110A59A4A9B00BE
:203CD000D400767110A59A499B00D400767110A59A489B00D400767110A56F5C5232631ABD
:203CE000761F02E356BF05249A4B9B01D400767110A59A4A9B01D400767110A59A499B00AD
:203CF000D400767110A59A489B00D400767110A56F41524B631A761F02E356BF0A249A4BEB
:203D00009B01D400767110A59A4A9B01D400767110A59A499B01D400767110A59A489B003B
:203D1000D400767110A56F2652646306761F02E356BF0F246F05761F02E356BF14249A4B8D
:203D20009B01D400767110A59A4A9B01D400767110A59A499B01D400767110A59A489B011A
:203D3000D400767110A56F069A449B01D402767110A5FE820006FE022B42761F02E392267D
:203D400096419241606F7670D5EE52006165761F02E32B260A207670D5EE5201602C761F17
:203D500002DD92105202600D9A0B9B01D400767110A59A119B1CD40076704997FFEF00F77F
:203D60005201600D9A0B9B01D400767110A59A1C9B15D40076704997FFEF00E99A0B9B01BA
:203D7000D400767110A59A179B0ED40076704997FFEF00DD7670D5EE5202600D9A0B9B0159
:203D8000D400767110A59A199B01D40076704997FFEF00CD7670D5EE5203600D9A0B9B0163
:203D9000D400767110A59A199B02D40076704997FFEF00BD7670D5EE5204FFE000B89A0BD3
:203DA0009B01D400767110A59A199B03D40076704997FFEF00AC0A41761F02E32B20FFEF74
:203DB00000A652016027761F02FD921B611E761F02E356BF01260A209A189B01D4027671C8
:203DC00010A59A0B9B01D402767110A59A079B03D40FD50276704A8A9A079B04D41DD502C0
:203DD00076704A8AFFEF00830A41761F02E32B206F7D761F02FF922A520461049241520278
:203DE0006018922A520460109241520269052B41761F02E32B20761F02E356BF02260A2022
:203DF00076703F0E6F630A41761F02E32B206F5E52036012761F02D14C2C6C09761F02E33B
:203E000056BF03260A2056BF01426F500A41761F02E32B206F4B52046012761F02D1402CBD
:203E10006C09761F02E356BF04260A2056BF02426F3D0A41761F02E32B206F385205601AAD
:203E2000761F02D1412C6C117670D6CF5203610D761F02DD41296D09761F02E356BF0526D4
:203E30000A2056BF03426F220A41761F02E32B206F1D52066016761F02DD40296D05761F0F
:203E400002AD922A6109761F02E356BF06260A2056BF32426F0B0A41761F02E32B206F0620
:203E50000A419241520768022B41761F02E39220521469032B200A4188410E260FA6FFE0E0
:203E6000FEE2924261189A189B01D402767110A59A0B9B01D402767110A59B0A924200F138
:203E70001F79B60A88A9D4020E42F60F1FA793A676704997FE820006FE042B412B422B43EA
:203E8000761F02D1402C6C0456BF02416F334C2C6C0456BF01416F2E412C6C0C7670D6CF98
:203E900052036108761F02DD41296D0456BF03416F21761F02DD40296D05761F02AD922ACD
:203EA000610456BF32416F16761F02DD43296C0456BF33416F0F44296C0456BF34416F0A59
:203EB00042296C0456BF35416F0541296C0356BF5041761F02FD921B61199A189B01D402BA
:203EC000767110A59A0B9B01D402767110A59A079B03D40FD50276704A8A9A079B04D41DAF
:203ED000D50276704A8A9A016F38924161357670D5EE5200600456BF02446F022B445C445C
:203EE0009A189B01767110A59A0B9B015C44767110A5BE0A0E41F60F1FA696422D42924160
:203EF000310A9EAB96439241523268085D449A079B03D40B76704A8A6F075C425D449A03C3
:203F00009B01767049AE5C435D449A049B01767049AE9A016F029A00FE840006FE04761F0C
:203F10000270920196412B422B4361219A199B01D400767110A59A0B9B01D400767110A5E8
:203F2000BE0A0E41F60F1FA696422D429241310A9EAB96439B01D5009A035C42767049AEA0
:203F30009A049B01D5005C43767049AEFE840006FE08A044A8425CAD02038F7315DEDC8724
:203F40005CA476711EFF8A4292C4610492C45201600556BF01C42B486F0C56BF0248761F0C
:203F500002E3CC0C0002FFC05201600356BFFFC45CAD9A059B035D48DC875CA47670497E4A
:203F6000FE880006FE06A044A8427670D67B9B0A00F11F7496468A4292C4600B56BF01C440
:203F70002B45761F02E3924696388A442BC46F1E92C4520160032B456F1956BF024592C4A1
:203F80005202691456BF01C48A4492C4610F761F02E3923896462D46350A7670D671761F4E
:203F900002E31A0E00028A442BC48A44761F02E392C494469638620756BF963892389E4605
:203FA00096C46F085296650656BF013892389E4696C49A399B01D400767110A5761F02E32E
:203FB0009A059B035D455C38767049AEFE860006FE06A044A8427670D6C19B0A00F11EBF55
:203FC00096468A4292C4600B56BF01C42B45761F02E3924696238A442BC46F1E92C4520130
:203FD00060032B456F1956BF024592C45202691456BF01C48A4492C4610F761F02E3922356
:203FE00096462D46350A7670D6B7761F02E31A0E00028A442BC48A44761F02E392C49446E7
:203FF0009623620756BF962392239E4696C46F085296650656BF012392239E4696C49A3905
:204000009B01D400767110A5761F02E39A059B035D455C23767049AEFE860006FE10A04463
:20401000A8425CAD02098F73158FDC8D5CA476711EFF7670D6EB964F8A4292C4600B56BF51
:2040200001C42B4E761F02E3924F96278A442BC46F2092C4520160032B4E6F1B56BF024E6A
:2040300092C45202691656BF01C48A4492C46111761F02E39227964F7670D6E1761F02E3A8
:204040001A0E0002761F02DD56BF01078A442BC48A44761F02E392C4944F9627630756BF2B
:20405000022792279E4F96C46F07520265052B2792279E4F96C42D275CAD31035D4EDC8DFC
:204060000EA407AB8AA99A059B037670497EFE900006FE12A044A8425CAD020C8F73156DB2
:20407000DC905CA476711EFF7670D6F996528A4292C4600B56BF01C42B51761F02E39252E2
:2040800096198A442BC46F1C92C4520160032B516F1756BF025192C45202691256BF01C4B4
:204090008A4492C4610D761F02E3921996527670D6EF761F02E31A0E00028A442BC48A4497
:2040A000761F02E392C494529619620756BF031992199E5296C46F085203650656BF0119A6
:2040B00092199E5296C42D195CAD31035D51DC900EA407AB8AA99A059B037670497EFE924D
:2040C0000006FE0CA044A8425CAD02068F7315B7DC8A5CA476711EFF7670D707964C8A4247
:2040D00092C4600B56BF01C42B4B761F02E3924C96368A442BC46F1C92C4520160032B4BD1
:2040E0006F1756BF024B92C45202691256BF01C48A4492C4610D761F02E39236964C76703D
:2040F000D6FD761F02E31A0E00028A442BC48A44761F02E392C4944C9636630756BF01367C
:2041000092369E4C96C46F07520165052B3692369E4C96C42D365CAD31035D4BDC8A0EA493
:2041100007AB8AA99A059B037670497EFE8C0006FE0CA044A8425CAD02068F7315BDDC8A0D
:204120005CA476711EFF7670D715964C8A4292C4600B56BF01C42B4B761F02E3924C9635C7
:204130008A442BC46F1C92C4520160032B4B6F1756BF024B92C45202691256BF01C48A44F0
:2041400092C4610D761F02E39235964C7670D70B761F02E31A0E00028A442BC48A44761FEC
:2041500002E392C4944C9635630756BF013592359E4C96C46F07520165052B3592359E4C65
:2041600096C42D355CAD31035D4BDC8A0EA407AB8AA99A059B037670497EFE8C0006FE0C1D
:20417000A044A8425CAD02068F7315C3DC8A5CA476711EFF7670D723964C8A4292C4600BBD
:2041800056BF01C42B4B761F02E3924C96288A442BC46F1C92C4520160032B4B6F1756BF54
:20419000024B92C45202691256BF01C48A4492C4610D761F02E39228964C7670D719761FB0
:2041A00002E31A0E00028A442BC48A44761F02E392C4944C9628630756BF012892289E4CAB
:2041B00096C46F07520165052B2892289E4C96C42D285CAD31035D4BDC8A0EA407AB8AA9DA
:2041C0009A059B037670497EFE8C0006FE0CA044A8425CAD02068F7315C9DC8A5CA476714F
:2041D0001EFF7670D731964C8A4292C4600B56BF01C42B4B761F02E3924C96378A442BC423
:2041E0006F1C92C4520160032B4B6F1756BF024B92C45202691256BF01C48A4492C4610D39
:2041F000761F02E39237964C7670D727761F02E31A0E00028A442BC48A44761F02E392C4A7
:20420000944C9637630756BF013792379E4C96C46F07520165052B3792379E4C96C42D3727
:204210005CAD31035D4BDC8A0EA407AB8AA99A059B037670497EFE8C0006FE0CA044A8425A
:204220005CAD02068F7315CFDC8A5CA476711EFF7670D73F964C8A4292C4600B56BF01C4D8
:204230002B4B761F02E3924C961F8A442BC46F1C92C4520160032B4B6F1756BF024B92C4E3
:204240005202691256BF01C48A4492C4610D761F02E3921F964C7670D735761F02E31A0E82
:2042500000028A442BC48A44761F02E392C4944C961F630756BF011F921F9E4C96C46F0752
:20426000520165052B1F921F9E4C96C42D1F5CAD31035D4BDC8A0EA407AB8AA99A059B03D7
:204270007670497EFE8C0006FE0CA044A8425CAD02068F7315D5DC8A5CA476711EFF7670CC
:20428000D74D964C8A4292C4600B56BF01C42B4B761F02E3924C96218A442BC46F1C92C48E
:20429000520160032B4B6F1756BF024B92C45202691256BF01C48A4492C4610D761F02E3EF
:2042A0009221964C7670D743761F02E31A0E00028A442BC48A44761F02E392C4944C9621D3
:2042B000630756BF012192219E4C96C46F07520165052B2192219E4C96C42D215CAD310355
:2042C0005D4BDC8A0EA407AB8AA99A059B037670497EFE8C0006FE12A044A8425CAD020CCA
:2042D0008F731561DC905CA476711EFF7670D6CF96528A4292C4600B56BF01C42B51761FFB
:2042E00002E3925296318A442BC46F2092C4520160032B516F1B56BF025192C4520269163F
:2042F00056BF01C48A4492C46111761F02E3923196527670D6C5761F02E31A0E0002761F5F
:2043000002DD56BF01078A442BC48A44761F02E392C494529631630756BF033192319E5233
:2043100096C46F07520365052B3192319E5296C42D315CAD31035D51DC900EA407AB8AA949
:204320009A059B037670497EFE920006FE0CA044A8425CAD02068F73159FDC8A5CA4767111
:204330001EFF7670D6DD964C8A4292C4600B56BF01C42B4B761F02E3924C962A8A442BC423
:204340006F2092C4520160032B4B6F1B56BF024B92C45202691656BF01C48A4492C46111C7
:20435000761F02E3922A964C7670D6D3761F02E31A0E0002761F02DD56BF01078A442BC4B4
:204360008A44761F02E392C4944C962A630756BF012A922A9E4C96C46F07520165052B2ACD
:20437000922A9E4C96C42D2A5CAD31035D4BDC8A0EA407AB8AA99A059B037670497EFE8C80
:204380000006FE10A044A8425CAD02098F731586DC8D5CA476711EFF7670D60A1BA90898F3
:2043900060032B4F6F0B7670D60A1BA908FC600456BF014F6F0356BF024F8A4292C4600BFA
:2043A00056BF01C42B4E761F02E3924F962B8A442BC46F2F92C4520160032B4E6F2A56BF00
:2043B000024E92C45202692556BF01C48A4492C46120761F02E3922B964F600628A90898F3
:2043C0007670D6006F0C5201600628A908FC7670D6006F0528A909607670D600761F02E378
:2043D0001A0E0002761F02DD56BF01078A442BC48A44761F02E392C4944F962B630756BF94
:2043E000022B922B9E4F96C46F07520265052B2B922B9E4F96C49A339B01D400767110A525
:2043F0005CAD761F02E32D2B5D4EDC8D31030EA407AB8AA99A059B037670497EFE90000675
:20440000FE0CA044A8425CAD02068F7315A5DC8A5CA476711EFF7670D61988A98F0013885D
:20441000A8A90FA660032B4C6F0356BF014C8A4292C4600B56BF01C42B4B761F02E3924CA3
:2044200096348A442BC46F3092C4520160032B4B6F2B56BF024B92C45202692656BF01C4C5
:204430008A4492C46121761F02E39234964C600A28A913887670D60E28A94E207670F95D89
:204440006F0928A917707670D60E28A9411B7670F95D761F02E31A0E0002761F02DD56BF2C
:2044500001078A442BC48A44761F02E392C4944C9634630756BF013492349E4C96C46F070B
:20446000520165052B3492349E4C96C49A3B9B01D400767110A55CAD761F02E32D345D4BA9
:20447000DC8A31030EA407AB8AA99A059B037670497EFE8C0006FE06A044A8427670D627CC
:2044800096468A4292C4600B56BF01C42B45761F02E39246961D8A442BC46F2192C452016E
:2044900060032B456F1C56BF024592C45202691756BF01C48A4492C46112761F02E3921D8E
:2044A000964692467670D61D761F02E31A0E0002761F02DD56BF01078A442BC47670D6CFF2
:2044B000520061057670D6CF520160038A442BC48A44761F02E392C49446961D1B1D01A42E
:2044C0006307281D021C921D9E4696C46F091B1D021C6506281D01A4921D9E4696C49A3345
:2044D0009B01D400767110A59A2B9B015C45767110A5761F02E39A059B035D455C1D76706A
:2044E00049AEFE860006FE06A044A8427670D65F96468A4292C4600B56BF01C42B45761F06
:2044F00002E39246961A8A442BC46F2192C4520160032B456F1C56BF024592C45202691765
:2045000056BF01C48A4492C46112761F02E3921A964692467670D655761F02E31A0E00029B
:20451000761F02DD56BF01078A442BC47670D6CF520061057670D6CF520160038A442BC4FC
:204520008A44761F02E392C49446961A1B1A01E06307281A0258921A9E4696C46F091B1AA0
:2045300002586506281A01E0921A9E4696C49A339B01D400767110A59A2B9B015C457671D7
:2045400010A5761F02E39A059B035D455C1A767049AEFE860006FE06A044A8427670D66D75
:2045500096468A4292C4600B56BF01C42B45761F02E3924696228A442BC46F2192C4520198
:2045600060032B456F1C56BF024592C45202691756BF01C48A4492C46112761F02E39222B8
:20457000964692467670D663761F02E31A0E0002761F02DD56BF01078A442BC47670D6CFDB
:20458000520061057670D6CF520160038A442BC48A44761F02E392C4944696221B2201E017
:2045900063072822025892229E4696C46F091B2202586506282201E092229E4696C49A33A7
:2045A0009B01D400767110A59A2B9B015C45767110A5761F02E39A059B035D455C22767094
:2045B00049AEFE860006FE06A044A8427670D68996468A4292C4600B56BF01C42B45761F0B
:2045C00002E3924696258A442BC46F2192C4520160032B456F1C56BF024592C45202691789
:2045D00056BF01C48A4492C46112761F02E39225964692467670D67F761F02E31A0E000296
:2045E000761F02DD56BF01078A442BC48A44761F02E392C4944696251B2501B8630728258A
:2045F000021C92259E4696C46F091B25021C6506282501B892259E4696C49A339B01D4001F
:20460000767110A59A2B9B015C45767110A5761F02E39A059B035D455C25767049AEFE8625
:204610000006FE0AA044A8425CAD02038F7315E1DC875CA476711EFF7670D69796498A4243
:2046200092C4600B56BF01C42B48761F02E3924996048A442BC46F2192C4520160032B48B1
:204630006F1C56BF024892C45202691756BF01C48A4492C46112761F02E39204964992491B
:204640007670D68D761F02E31A0E0002761F02DD56BF01078A442BC48A44761F02E392C481
:20465000944996041B0401E063072804025992049E4996C46F091B0402596506280401E0A1
:2046600092049E4996C41B040259600A5CAD9A059B035D48DC875CA47670497E6F139A3335
:204670009B01D400767110A59A2B9B015C48767110A5761F02E39A059B035D485C047670DB
:2046800049AEFE8A0006FE0CA044A8425CAD02068F7315ABDC8A5CA476711EFF7670D7695A
:20469000964C8A4292C4600B56BF01C42B4B761F02E3924C96098A442BC46F1C92C4520163
:2046A00060032B4B6F1756BF024B92C45202691256BF01C48A4492C4610D761F02E3920993
:2046B000964C7670D75F761F02E31A0E00028A442BC48A44761F02E392C4944C9609630704
:2046C00056BF010992099E4C96C46F07520165052B0992099E4C96C42D095CAD31035D4B7B
:2046D000DC8A0EA407AB8AA99A059B037670497EFE8C0006FE0CA044A8425CAD02068F7368
:2046E00015B1DC8A5CA476711EFF7670D777964C8A4292C4600B56BF01C42B4B761F02E31D
:2046F000924C960A8A442BC46F1C92C4520160032B4B6F1756BF024B92C45202691256BF40
:2047000001C48A4492C4610D761F02E3920A964C7670D76D761F02E31A0E00028A442BC4BF
:204710008A44761F02E392C4944C960A630756BF010A920A9E4C96C46F07520165052B0A99
:20472000920A9E4C96C42D0A5CAD31035D4BDC8A0EA407AB8AA99A059B037670497EFE8C0C
:204730000006FE06A044A842761F02F9922A964692C4600B56BF01C42B45761F02E392460C
:2047400096078A442BC46F1D92C4520160032B456F1856BF024592C45202691356BF01C414
:204750008A4492C4610E761F02E392079646761F02F99246962A761F02E31A0E00042BC40A
:20476000761F0270922960048A442BC46F168A44761F02E392C4944696075216630756BFD5
:20477000630792079E4696C46F085263650656BF160792079E4696C4761F02E39A059B0391
:204780005D455C07767049AEFE860006FE06A044A842761F02F9922B964692C4600B56BFDC
:2047900001C42B45761F02E3924696088A442BC46F1D92C4520160032B456F1856BF02453C
:2047A00092C45202691356BF01C48A4492C4610E761F02E392089646761F02F99246962B4D
:2047B000761F02E31A0E00042BC4761F0270922960048A442BC46F158A44761F02E392C44F
:2047C00094469608620756BF0C0892089E4696C46F08520C650656BF010892089E4696C4C1
:2047D000761F02E39A059B035D455C08767049AEFE860006FE06A044A842761F02F9922C85
:2047E000964692C4600B56BF01C42B45761F02E39246960B8A442BC46F1D92C4520160038A
:2047F0002B456F1856BF024592C45202691356BF01C48A4492C4610E761F02E3920B9646D0
:20480000761F02F99246962C761F02E31A0E00042BC4761F0270922960048A442BC46F1572
:204810008A44761F02E392C49446960B620756BF1F0B920B9E4696C46F08521F650656BF84
:20482000010B920B9E4696C4761F02E39A059B035D455C0B767049AEFE860006FE06A04482
:20483000A842761F02F9922E964692C4600B56BF01C42B45761F02E3924696118A442BC491
:204840006F1D92C4520160032B456F1856BF024592C45202691356BF01C48A4492C4610EDA
:20485000761F02E392119646761F02F99246962E761F02E31A0E00042BC4761F02709229CC
:2048600060048A442BC46F148A44761F02E392C494469611630756BF171192119E4696C4ED
:204870006F07521765052B1192119E4696C4761F02E39A059B035D455C11767049AEFE869B
:204880000006FE06A044A842761F02F9922F964692C4600B56BF01C42B45761F02E39246B6
:2048900096128A442BC46F1D92C4520160032B456F1856BF024592C45202691356BF01C4B8
:2048A0008A4492C4610E761F02E392129646761F02F99246962F761F02E31A0E00042BC4A9
:2048B000761F0270922960048A442BC46F148A44761F02E392C494469612630756BF3B1296
:2048C00092129E4696C46F07523B65052B1292129E4696C4761F02E39A059B035D455C12A3
:2048D000767049AEFE860006FE06A044A842761F02F99230964692C4600B56BF01C42B4556
:2048E000761F02E39246960F8A442BC46F1D92C4520160032B456F1856BF024592C452026F
:2048F000691356BF01C48A4492C4610E761F02E3920F9646761F02F992469630761F02E320
:204900001A0E00042BC4761F0270922960048A442BC46F148A44761F02E392C49446960FF9
:20491000630756BF3B0F920F9E4696C46F07523B65052B0F920F9E4696C4761F02E39A0540
:204920009B035D455C0F767049AEFE860006FE16A044A8425CAD020F8F731552DC935CA491
:2049300076711EFF7670D5EE96558A4292C4600B56BF01C42B54761F02E3925596108A4414
:204940002BC46F1C92C4520160032B546F1756BF025492C45202691256BF01C48A4492C43E
:20495000610D761F02E3921096557670D5E4761F02E31A0E00018A442BC48A44761F02E38B
:2049600092C494559610630756BF041092109E5596C46F07520465052B1092109E5596C470
:204970002D105CAD31035D54DC930EA407AB8AA99A059B037670497EFE960006FE067D45AC
:20498000A84497429641924261118A4492C45224660A834493410A419A075C85A0445D453D
:2049900076704A8A0B42924260F1FE860006FE047C4397429641522467079A079B035C4120
:2049A0005D4376704A8A9242522467079A079B045C425D4376704A8AFE840006FE067D4460
:2049B0007C43974296412B4692425203600456BF64426F085202600456BF0A426F0356BFA8
:2049C00001422D42350A93A9924300F11F799643924261290E43F60F1F42964593429243D9
:2049D00000F11F7996439245600E92425201610B9246600993419A07D4245D440A4176700D
:2049E0004A8A6F0A93419A075C455D440A4176704A8A56BF0146BE0A0E42F60F1FA6964298
:2049F000520060D9FE860006FE067D447C439742964192425203600456BF64426F0852024B
:204A0000600456BF0A426F0356BF01422D42350A93A9924300F11F799643924261180E4348
:204A1000F60F1F4296459342924300F11F79964393415C455D449A070A4176704A8ABE0AB5
:204A20000E42F60F1FA69642520060EAFE860006FE087D451E447C412B4702050F44600546
:204A30008F002710A8446F1602040F4460058F0003E8A8446F0F02030F44600402641E4409
:204A40006F0902020F446004020A1E446F0302011E44C54406A7FF321EA606A7FF3007A6AA
:204A50001EA7A34C0200F61F561700A71E4C02000F44612FA34CF61F561700443F460200DC
:204A6000A34CF61F561700441E4C9246600E02010F44610B9247600993419A07D4245D45BE
:204A70000A4176704A8A6F0A93419A075C465D450A4176704A8A56BF0147020A1EA6A344D6
:204A80000200F61F561700A6A94402000F4460D3FE880006FE067D447C43974296412D4149
:204A90001242964258438F3314EB9294964558428F331454CD4500010A4292945C447671AD
:204AA00010A558428F331454CD4500020A42FFD092945C44767110A558428F331454CD4516
:204AB00000040A42FFD192945C44767110A558428F331454CD4500080A42FFD292945C44A3
:204AC000767110A558428F331454CD4500100A42FFD392945C44767110A558428F33145410
:204AD000CD4500200A42FFD492945C44767110A558428F331454CD4500400A42FFD59294B7
:204AE0005C44767110A5FE860006761F02E3180CFFFE180CFFFD180CFFFB180CFFF7180CD9
:204AF000FFEF0006761F02E31A0C00010006761F02E31A0C00020006761F02E31A0C0004BF
:204B00000006761F02E31A0C00080006761F02E31A0C00100006761F01BF47106C14761F6A
:204B100002E3923B52FF67020A3B923B5219601476704AF292395214680456BF01146F0CC4
:204B20002B146F0A761F02E3923B61055219670376704AF72B3B761F01BF48106C06761FFA
:204B300002E356BF013C6F08761F02E3923C610376704AFC2B3C761F01BF49106C08761FC1
:204B400002E392395232670A0A396F08761F02E39239610376704B012B39761F01BF46100C
:204B50006C08761F02E3923A5232670A0A3A6F08761F02E3923A610376704B062B3A00068F
:204B6000FE02A842FE820006FE04A8422B44761F02E3920D61035201600456BF02436F026B
:204B70002B43CC0C0002FFC0520160030A0D6F3BCC0C0004FFC15201600A920D61035201F8
:204B8000600456BF01446F2F0B0D6F2DCC0C0008FFC252016013920D61035201600D761F46
:204B900002E49203600456BF1C036F020B03761F02E32B0D6F180B136F16CC0C0010FFC3ED
:204BA00052016011920D61035201600C761F02E40A039203521D68022B03761F02E32B0D99
:204BB0006F020A13420E6D28920D52026125761F02F99238761F02F9962A761F02F99239F4
:204BC000761F02F9962B761F02F9923A761F02F9962C761F02F9923C761F02F9962E761F8F
:204BD00002F9923D761F02F9962F761F02F9923E761F02F996309A0B9B01D400767110A53F
:204BE0009A139B01D400767110A52901761F02E48F00B9405D4356030303560100A49A0338
:204BF0009B027670497E2901761F02E48F00B942D50056030303560100A49A009B037670DF
:204C0000497E2901761F02E48F00B94656030303560100A48F40B8D3C5C48F00B8CD3E67A4
:204C1000761F02E3920D52FF61041B150BB8640356BF014492446123400E6C07180EFFFEC3
:204C20009A059B0476711CA2761F02E3410E6C07180EFFFD9A059B0176711CA2761F02E3D9
:204C3000420E6C0B180EFFFB761F0270922961059A059B0A76711CA28A420BC4FE84000649
:204C4000FE0802001E445CAD8F7315E40203DC875CA476711EFF761F02F98F0003E802006E
:204C5000A30EF61F561700A4A9448F01869FA8A90F446702A8440644D403D5001E42020575
:204C600076704A289A029B01D400767110A59A379B01D400767110A59A389B01D40076712E
:204C700010A55CAD9A009B03D500DC875CA47670497EFE880006FE0802001E445CAD8F7348
:204C800015E70203DC875CA476711EFF761F02F98F0003E80200A30CF61F561700A4A944DE
:204C90008F01869FA8A90F446702A8440644D403D5001E42020576704A289A029B01D40095
:204CA000767110A59A379B01D400767110A59A389B01D400767110A55CAD9A009B03D50087
:204CB000DC875CA47670497EFE880006FE0802001E445CAD8F7315EA0203DC875CA4767185
:204CC0001EFF761F02F98F0003E80200A310F61F561700A4A9448F01869FA8A90F44670223
:204CD000A8440644D403D5001E42020576704A289A029B01D400767110A59A379B01D4003A
:204CE000767110A59A389B01D400767110A55CAD9A009B03D500DC875CA47670497EFE888E
:204CF0000006FE0C02001E482B462B455CAD8F7315ED0203DC8B5CA476711EFF761F02F93E
:204D00008F0003E8A844A32606282B422B4176711512A9481E468F01869FA8442B422B4180
:204D1000A348064600F11EF352006504A8482B462B450648D403D5001E42020576704A2805
:204D20009A029B01D400767110A59A379B01D400767110A59A389B01D400767110A55CAD07
:204D30009A009B03D500DC8B5CA47670497EFE8C0006FE0802001E445CAD8F7315F0020333
:204D4000DC875CA476711EFF761F02F98F0003E80200A31EF61F561700A4A9448F01869F57
:204D5000A8A90F446702A8440644D403D5001E42020576704A289A369B01D400767110A5B9
:204D60009A379B01D400767110A59A389B01D400767110A55CAD9A009B03D500DC875CA4FF
:204D70007670497EFE880006FE0802001E445CAD8F7315F30203DC875CA476711EFF761F6C
:204D800002F98F0003E80200A31AF61F561700A4A9448F01869FA8A90F446702A8440644D4
:204D9000D403D5001E42020576704A289A369B01D400767110A59A379B01D400767110A5DF
:204DA0009A389B01D400767110A55CAD9A009B03D500DC875CA47670497EFE880006FE085D
:204DB00002001E445CAD8F7315F60203DC875CA476711EFF761F02F98F0003E80200A31836
:204DC000F61F561700A4A9448F01869FA8A90F446702A8440644D403D5001E4202057670CF
:204DD0004A289A369B01D400767110A59A379B01D400767110A59A389B01D400767110A5BA
:204DE0005CAD9A009B03D500DC875CA47670497EFE880006FE0C02001E482B462B455CADA5
:204DF0008F7315F90203DC8B5CA476711EFF761F02F98F0003E8A844A32206242B422B4165
:204E000076711512A9481E468F01869FA8442B422B41A348064600F11EF352006504A848D1
:204E10002B462B450648D403D5001E42020576704A289A369B01D400767110A59A379B019F
:204E2000D400767110A59A389B01D400767110A55CAD9A009B03D500DC8B5CA47670497EFA
:204E3000FE8C0006FE04A842761F02E492039643761F02E3CC0C0004FFC1520160030BC462
:204E40006F15CC0C0010FFC3520160030A436F0ECC0C0008FFC2520160030B436F07CC0CB1
:204E50000002FFC0520160020BC49243520864032B436F055200630356BF07439243761F04
:204E600002E4960329018F33154256030103560100A4C5C43E67FE840006FE04A8422B4308
:204E7000761F02E3CC0C0004FFC1520160030BC46F15CC0C0010FFC3520160030A436F0ED9
:204E8000CC0C0008FFC2520160030B436F07CC0C0002FFC0520160020BC49243651F761FEC
:204E900002E4920360040A032B046F3492045204670D0A04761F02E39214602C761F02E4AF
:204EA0009204520260270A046F259203521068032B036F020A032B046F1D5200631B761FB1
:204EB00002E49203600656BF100356BF04046F129204610D0B04761F02E39214600B761F08
:204EC00002E49204520260060B046F040B0356BF0404761F02AD92296006761F02E42B03E1
:204ED0002B046F2992436314761F02E4920361108F00AB6B6F0A5803D88140946D1C9CFF64
:204EE000960360032B036F17520060F66F14761F02E4920361108F00AB6B6F0B5803D88183
:204EF00040946D099C019603521069032B036F03521069F592036012767038B476703911EB
:204F00009A079B03D40AD50076704A8A9A079B04D415D50076704A8A6F2229018F33152E6D
:204F100056030204560100A492039CFFC5C43E672901761F02E48F33153056030204560167
:204F200000A492039CFFC5C43E67761F02E45C039A039B02D500DC81767049AEFE840006C4
:204F3000FE02284103209A639B01D400767110A59A009B03D5005C41767049AE9A009B010F
:204F4000D400767110A59A039B01D400767110A59A539B01D400767110A59A059B01D40030
:204F5000767110A5FE820006FE02284103209A239B01D400767110A59A059B03D5005C411B
:204F6000767049AE9A349B01D400767110A59A379B01D400767110A59A389B01D400767174
:204F700010A5FE820006FE02284101E09A5B9B01D400767110A59A009B03D5005C4176700B
:204F800049AE9A019B01D400767110A59A539B01D400767110A5FE820006FE0256BF964108
:204F90009A059B03D5005C41767049AE9A359B01D400767110A59A399B01D400767110A5BB
:204FA000FE820006FE04A842761F02E492039643761F02E3CC0C0004FFC1520160030BC4FB
:204FB0006F15CC0C0010FFC3520160030A436F0ECC0C0008FFC2520160030B436F07CC0C40
:204FC0000002FFC0520160020BC49243520364032B436F055200630356BF02439243761F9D
:204FD00002E4960329018F33157A56030203560100A4C5C43E672901761F02E48F33157C48
:204FE00056030203560100A4C5C43E67FE840006FE04A84292C452016060761F02E492013F
:204FF0009643761F02E3CC0C0004FFC1520160032BC46F1CCC0C0010FFC3520160030A43D5
:205000006F15CC0C0008FFC2520160030B436F0ECC0C0002FFC05201600956BF02C4761F25
:2050100002E42B032B04767035109243520464032B436F055200630356BF03439243761F21
:2050200002E496019C0196439B01D4009A0B767110A59B0A924300F11EBF5CA99B01D5000E
:205030009A03767049AE9B0A924300F11ED05CA99B01D5009A04767049AE28AC0006761F2D
:2050400002E48F00B906D5003001560100A49A059B037670497E6F0D28AC0006761F02E460
:205050008F00B90A3001560100A4C5C48A423E67FE840006761F02D41B240258670C761F34
:2050600002E30A011B0104B0680956BF011676709A716F04761F02E32B01761F03012D3DC6
:205070003507761F02D454246707761F01BF40006C031A0400010006FE06A044A8422B4627
:205080002B459245520867138A442D459A01FF66CEC4610928AC000792AC9E452DA99A014C
:20509000FF6698460A459245520868EF8A42924696C4FE860006FE06A044A8422B462B45AB
:2050A0009245521067138A442D459A01FF66CEC4610928AC000F92AC9E452DA99A01FF6627
:2050B00098460A459245521068EF8A42924696C4FE860006FE089643A8422844FFFF2845FB
:2050C00080052B4693A99DFF5200974361268A4292849646A8425DAD5CADDD86DC865DA5CD
:2050D0005CA47670507C56030846F2442B4792475208670F4F446C065603014470459644E4
:2050E0006F045603014496440A479247520868F392430B43520060DC5CAD5DADDC84DD8461
:2050F0005CA45DA57670509B9244FFC7964656030844CA46FE880006FE049643A8425208F5
:2051000067149A006F2056BF08446F1756BF08446F148342560308E594ECFF809C09964497
:205110006F0C56BF08446F0992CC520361ED520661EE521061EF6FF69244544369039A00F9
:205120006F029A01FE840006FE069745A84496419245520867209A006F2C56BF0846924115
:205130009B087670515A6F1F56BF084692419B08767052506F188344560308E594ECFF80A9
:205140009C09964692419346767052506F0C56BF08466F0992CC520361E1520661E652104E
:2051500061EB6FF69246544569039A006F029A01FE860006B2BDFE089745A84496415845D0
:2051600059458344D881D9825603089D9494964892459CFE767050BA88480EA90FA661090B
:2051700092418A449B11767054989A00FFEF00D783448A44560308D594DC9646560308E544
:2051800094EC96475252690892419B03767054989A00FFEF00C492461BA9110068171BA91E
:20519000119A6714924794461BA9119A660892419B01767053119A01FFEF00B192419B12D6
:2051A000767054989A00FFEF00AA1BA9210068171BA9216B6714924794461BA9216B66084B
:2051B00092419B02767053119A01FFEF009892419B12767054989A00FFEF00911BA9410094
:2051C00068151BA9410F6712924794461BA9410F660792419B03767053119A016F7F92417A
:2051D0009B12767054989A006F791BA9510068151BA9516E6712924794461BA9516E66078D
:2051E00092419B06767053119A016F6892419B12767054989A006F621BA9600068151BA95D
:2051F000600F6712924794461BA9600F660792419B08767053119A016F5192419B127670E3
:2052000054989A006F4B1BA9610068151BA9616E6712924794461BA9616E660792419B0778
:20521000767053119A016F3A92419B12767054989A006F341BA9810068151BA9815D671284
:20522000924794461BA9815D660792419B09767053119A016F2392419B12767054989A00D2
:205230006F1D1BA9F80068151BA9F8106712924794461BA9F810660792419B0076705311B0
:205240009A016F0C92419B12767054989A006F0692419B02767054989A00FE888BBE000626
:20525000B2BDFE089745A8449641584559458344D881D9825603089D9494964892459CFEFF
:20526000767050BA88480EA90FA6610992418A449B11767054989A00FFEF00A283448A44BA
:20527000560308D594DC964692CC5206600456BF01476F05560308E594EC96479247525291
:20528000690892419B03767054989A00FFEF008892461BA92100681E1BA9216B671B92475C
:2052900094461BA9216B660C761F02FF56BF052F92418F705516767054049A016F70761FF9
:2052A00002FF56BF062F92419B12767054989A006F661BA9310068161BA9314167139247E6
:2052B00094461BA93141660892418F705CDD767054049A016F5492419B12767054989A00CD
:2052C0006F4E1BA9113068161BA911396713924794461BA91139660892418F70650A7670B0
:2052D00054049A016F3C92419B12767054989A006F361BA9600068161BA9600F6713924767
:2052E00094461BA9600F660892418F706590767054049A016F2492419B12767054989A0014
:2052F0006F1E1BA9280068161BA928016713924794461BA92801660892418F7066467670CE
:2053000054049A016F0C92419B12767054989A006F0692419B12767054989A00FE888BBE03
:205310000006FE129745A844964102001E481E4A2B518344560308D594DC964B560308E5E8
:2053200094EC964C6F5F767069088F00B564A848924B08A9080096502B516F697670665CD6
:205330008F00B640A848924B08A9EF0096502B516F5E7670694128AC00B48F00A103304180
:20534000560100A4924B934C767054DD924B08A9DF00965056BF01516F4A767068F68F0039
:20535000B546A848924B08A9BF0096502B516F3F8F00B280A848924B08A9AF0096502B51A5
:205360006F368F00B300A848924B08A99F0096502B516F2D76706AC58F00B555A848924BB0
:2053700008A9A00096502B516F228F00B200A848924B08A97F0096502B516F199A00FFEF29
:20538000008392455206620C520661D35200619C520161A5520261AE520361C06FF0520728
:2053900061D1520861D8520961E16FE928AC00B483448F00A1003041560100A492C596C4A7
:2053A000834430418F00A101560100A492CD96C430418F00A102560100A45603014C90FFFD
:2053B00096C49251520161220E5007481E488F00A1033041560100A4A84A2B4E924C544E2D
:2053C00069158A4892C48A4AFFC796C48A4892C48A4A90FF96CC0202074A1E4A0201074837
:2053D0001E480A4E924C544E66ED5603014C9C03964D8F00A1003041560100A4924D7670A3
:2053E00050BA964F28AC00B4584D8F00A1003041560100A40A4D924FFFC79694584D3041B7
:2053F0008F00A100560100A40A4D924F90FF96948F00A1003041560100A49241934D76714B
:2054000014299A01FE920006FE0EA046A844964102001E488344560308D594DC964992CC57
:205410005206600756BF014A020407441E486F08560308E594EC964A020707441E482B4B59
:20542000924A544B691D83488A48560308C594CC964C020207481E48C5469249934C3E6743
:20543000964D0A495200610892418A44934D767054989A006F5C0A4B924A544B66E528ACC4
:2054400000B483448F00A1003041560100A492C596C4834430418F00A101560100A492CDC1
:2054500096C4834430418F00A102560100A492D596C483448F00A1033041560100A492DDE7
:2054600096C483448F00A1043041560100A492E596C483448F00A1053041560100A492EDB3
:2054700096C48F00A1003041560100A49A06767050BA964E28AC00B48F00A106304156012C
:2054800000A4924EFFC796C430418F00A107560100A4924E90FF96C48F00A1003041560104
:2054900000A49B089241767114299A01FE8E0006FE069745A844964128AC00B483448F0010
:2054A000A1003041560100A492C596C48F00A10183443041560100A49A8094CD96C48F0066
:2054B000A1023041560100A4924596C48F00A1003041560100A49A03767050BA964628ACC3
:2054C00000B48F00A1033041560100A49246FFC796C48F00A1043041560100A4924690FF7A
:2054D00096C48F00A1003041560100A49B059241767114299A01FE860006FE0C974496434C
:2054E000A8422B4506421E4A02001E4C0843DF00924396463B016F249246521F63062B4867
:2054F0008F00B580A84C6F0656BF1F488F00B5C0A84C9E48964763022B478547074C8AA90F
:2055000092C48A4AFFC796C48547074C8AA992C48A4A90FF96CC0202074A1E4A0A469244F1
:205510009443544666DA9245FE8C0006B2BDFE04974296412B430841DF00FFEF076F1B42EB
:20552000270F660692427670D590FFEF07B456BF1243FFEF07B01B42270F66069242767039
:20553000D59EFFEF07A856BF1243FFEF07A41B42270F660692427670D5ACFFEF079C56BF68
:205540001243FFEF07981B42270F660692427670D5BAFFEF079056BF1243FFEF078C1B4254
:20555000270F660A92427670D5C89A059B0476711CA2FFEF078056BF1243FFEF077C924237
:20556000520A680C5214660A92427670D5D69A059B0476711CA2FFEF076E56BF1243FFEF82
:20557000076A92421BA9060C68141BA909F466117670D55388420EA90FA6FFE1075C9242F1
:205580007670D5499A059B0476711CA2FFEF075356BF1243FFEF074F92421BA9060C681408
:205590001BA909F466117670D56188420EA90FA6FFE1074192427670D5579A059B0476713E
:2055A0001CA2FFEF073856BF1243FFEF073492421BA9060C68141BA909F466117670D56FE5
:2055B00088420EA90FA6FFE1072692427670D5659A059B0476711CA2FFEF071D56BF124345
:2055C000FFEF071992421BA9060C68141BA909F466117670D57E88420EA90FA6FFE1070BFE
:2055D00092427670D5739A059B0476711CA2FFEF070256BF1243FFEF06FE92421BA901A446
:2055E000683C1BA9021C66397670D6CF520061357670D6CF520161317670D62788420EA93F
:2055F0000FA6FFE106E8761F02DD56BF010792427670D61D7670D68959A97670D62793A17C
:2056000055A967057670D6277670D67F7670D6899B2895A959A87670D69754A1670876701E
:20561000D68993A99A2894A87670D68D9A059B0176711CA2FFEF06BF56BF1243FFEF06BBEC
:205620009242525A66489B0500F11F79520060437670D6CF5200613F7670D6CF5201613B27
:205630007670D64388420EA90FA6FFE106A492427670D6397670D6A559A97670D64393A13C
:2056400055A967057670D6437670D69B7670D6A59B0595A959A87670D6B354A16712767087
:20565000D6B39B0595A9536469059A647670D6A96F087670D6A593A99A0594A87670D6A9F7
:20566000761F02DD56BF01079A059B0176711CA2FFEF067156BF1243FFEF066D92421BA9F1
:2056700001E0680C1BA9025866097670D6CF520061057670D6CF5201600556BF1243FFEF5A
:20568000065A7670D65F88A90E420FA6FFE10653761F02DD56BF010792427670D6559A050B
:205690009B0176711CA2FFEF064692421BA901E0680C1BA9025866097670D6CF52006105C2
:2056A0007670D6CF5201600556BF1243FFEF06337670D66D88A90E420FA6FFE1062C761F10
:2056B00002DD56BF010792427670D6639A059B0176711CA2FFEF061F28A908985442610987
:2056C00028A908FC5442610528A90960544260157670D60A88A90E420FA6FFE1060C761F31
:2056D00002DD56BF010792427670D6009A059B0176711CA2FFEF05FF56BF1243FFEF05FB04
:2056E00092425201663C5200601B7670D61988A98F001388A8A90FA66113761F02DD56BFE1
:2056F000010728A913887670D60E28A94E207670F95D9A059B0176711CA2FFEF05DC92425E
:205700005201FFE005D87670D61988A98F001770A8A90FA6FFE105CF761F02DD56BF010713
:2057100028A917707670D60E28A9411B7670F95D9A059B0176711CA2FFEF05BD56BF1243F4
:20572000FFEF05B99242520266157670D6EB88A90E420FA6FFE105AF761F02DD56BF010718
:2057300092427670D6E19A059B0176711CA2FFEF05A256BF1243FFEF059E924252016615D6
:205740007670D6DD88A90E420FA6FFE10594761F02DD56BF010792427670D6D39A059B01D2
:2057500076711CA2FFEF058756BF1243FFEF05839242520366117670D6F988A90E420FA6AF
:20576000FFE1057992427670D6EF9A059B0176711CA2FFEF057056BF1243FFEF056C92426C
:20577000520366157670D6CF88A90E420FA6FFE10562761F02DD56BF010792427670D6C55B
:205780009A059B0176711CA2FFEF055556BF1243FFEF05519242529666137670D67B88A996
:205790002D42350A0EA90FA6FFE10545350A7670D6719A059B0176711CA2FFEF053C56BF25
:2057A0001243FFEF05389242529666137670D6C188A92D42350A0EA90FA6FFE1052C350A1C
:2057B0007670D6B79A059B0176711CA2FFEF052356BF1243FFEF051F924252016611767070
:2057C000D74D88A90E420FA6FFE1051592427670D7439A059B0176711CA2FFEF050C56BFAD
:2057D0001243FFEF05089242520166117670D71588A90E420FA6FFE104FE92427670D70B45
:2057E0009A059B0176711CA2FFEF04F556BF1243FFEF04F19242520166117670D72388A9E6
:2057F0000E420FA6FFE104E792427670D7199A059B0176711CA2FFEF04DE56BF1243FFEF17
:2058000004DA9242520166117670D73F88A90E420FA6FFE104D092427670D7359A059B0125
:2058100076711CA2FFEF04C756BF1243FFEF04C39242520166117670D73188A90E420FA639
:20582000FFE104B992427670D7279A059B0176711CA2FFEF04B056BF1243FFEF04AC9242B5
:20583000520166117670D70788A90E420FA6FFE104A292427670D6FD9A059B0176711CA2A1
:20584000FFEF049956BF1243FFEF0495CC42FF00FFC79644526366035216670556BF1243C3
:20585000FFEF0489761F02F99631924290FF9644520C66035200600556BF1243FFEF047BD4
:205860009632FFEF0478CC42FF00FFC79644521F66035200600556BF1243FFEF046C761F5B
:2058700002F99633924290FF96445217690556BF1243FFEF04609635FFEF045DCC42FF005D
:20588000FFC79644523B690556BF1243FFEF0453761F02F99636924290FF9644523B69052A
:2058900056BF1243FFEF04479637923190039644923152636635521668339232520C66308A
:2058A0005200612E9233521F662B520061299234520666269235521766239236523B662026
:2058B0009237523B661D9233521E690A9232520461175206611552096113520B6111923394
:2058C000521C6906923252026003924460099233521D690A9232520260079244600556BFBB
:2058D0001243FFEF04089231761F02F9962A761F02F99232761F02F9962B761F02F992335C
:2058E000761F02F9962C761F02F99234761F02F9962D761F02F99235761F02F9962E761F6D
:2058F00002F99236761F02F9962F761F02F99237761F02F996309B0A9A0576711CA2FFEFFA
:2059000003DA92425206690556BF1243FFEF03D3761F02F9963492319003964492315263E0
:205910006635521668339232520C66305200612E9233521F662B52006129923452066626F3
:205920009235521766239236523B66209237523B661D9233521E690A923252046117520668
:20593000611552096113520B61119233521C6906923252026003924460099233521D690A40
:205940009232520260079244600556BF1243FFEF03929231761F02F9962A761F02F9923239
:20595000761F02F9962B761F02F99233761F02F9962C761F02F99234761F02F9962D761F01
:2059600002F99235761F02F9962E761F02F99236761F02F9962F761F02F99237761F02F97B
:2059700096309B0A9A0576711CA2FFEF0364CC42FF00FFC7964452636606761F02F9922AF9
:205980005444670556BF1243FFEF03559244761F02FA960E924290FF9644520C66035200F2
:20599000600556BF1243FFEF0346960FFFEF0343CC42FF00FFC79644521F660352006005DA
:2059A00056BF1243FFEF0337761F02FA9610924290FF96445217690556BF1243FFEF032B84
:2059B0009612FFEF03289242520166117670D77788A90E420FA6FFE1031E92427670D76D0F
:2059C0009A059B0176711CA2FFEF031556BF1243FFEF03119242520166117670D76988A980
:2059D0000E420FA6FFE1030792427670D75F9A059B0176711CA2FFEF02FE56BF1243FFEFB2
:2059E00002FACC42FF00FFC796445217690556BF1243FFEF02F0924290FF9644523B6905A5
:2059F00056BF1243FFEF02E77670D79388A90E420FA6FFE102E092427670D7899A059B01B9
:205A000076711CA2FFEF02D7CC42FF00FFC796445217690556BF1243FFEF02CD924290FF0C
:205A10009644523B690556BF1243FFEF02C47670D7A188A90E420FA6FFE102BD9242767096
:205A2000D7979A059B0176711CA2FFEF02B4924296441BA903DE690B88448F00FFFFA8A903
:205A30000FA6610556BF1243FFEF02A57670D7AF88A90E440FA6FFE1029E92447670D7A5E0
:205A40009A059B0176711CA2FFEF0295761F02FF56BF072F924296441BA9021C66181BA92E
:205A500001A468157670D7BD88A90E420FA6FFE1028292427670D7B3761F02FF56BF082FDA
:205A60009A059B0176711CA2FFEF027556BF124356BF092FFFEF026F924296441BA903E86E
:205A7000690556BF1243FFEF02667670D7CB88A90E420FA6FFE1025F92427670D7C19A05F8
:205A80009B0176711CA2FFEF025692421BA901B868041BA9021C690556BF1243FFEF024BCD
:205A90007670D68988A90E420FA6612A761F02DD56BF010792427670D67F7670D62759A96B
:205AA0007670D68993A155A969057670D6897670D61D7670D6899B2895A959A87670D69749
:205AB00054A167087670D68993A99A2894A87670D68D9A059B0176711CA2FFEF021C56BFA9
:205AC0001243FFEF0218924252056808525F66069B0500F11F795200610556BF1243FFEF78
:205AD000020A7670D6A588A90E420FA6613492427670D69B7670D6A559A97670D64393A1BD
:205AE00055A967057670D6A57670D6397670D6A59B0595A959A87670D6B354A167127670E3
:205AF000D6A59B0595A9536469059A647670D6A96F087670D6A593A99A0594A87670D6A961
:205B0000761F02DD56BF01079A059B0176711CA2FFEF01D156BF1243FFEF01CD9242520503
:205B100067117670D5EE88A90E420FA6FFE101C392427670D5E49A059B0476711CA2FFEF36
:205B200001BA56BF1243FFEF01B692421BA901E068041BA90259690556BF1243FFEF01AB25
:205B30007670D69788A90E420FA66128761F02DD56BF010792427670D68D7670D6899B288D
:205B400095A959A87670D69754A167067670D6979CD87670D67F7670D62759A97670D68925
:205B500093A155A969057670D6897670D61D9A059B0176711CA2FFEF017E56BF1243FFEFD2
:205B6000017A9242520A6808526466069B0500F11F795200610556BF1243FFEF016C76705C
:205B7000D6B388A90E420FA6613092427670D6A97670D6A59B0595A959A87670D6B354A1E8
:205B8000670E7670D6B3520566059A007670D69B6F067670D6B39CFB7670D69B7670D6A53B
:205B900059A97670D64393A155A967057670D6A57670D639761F02DD56BF01079A059B0134
:205BA00076711CA2FFEF013756BF1243FFEF01339242520166117670D78588A90E420FA678
:205BB000FFE1012992427670D77B9A059B0176711CA2FFEF012056BF1243FFEF011C924287
:205BC00052016813521F66117670D75B88420EA90FA6FFE1011092427670D7519A059B01B3
:205BD00076711CA2FFEF010756BF1243FFEF010392425201600B761F02F956BF0100761FF1
:205BE00002F956BF0101FFEF00F656BF1243FFEF00F292425201600D761F02DD56BF010740
:205BF0007670D0F39A059B0176711CA2FFEF00E356BF1243FFEF00DF92421BA9060C6814DE
:205C00001BA909F466117670D7D988420EA90FA6FFE100D192427670D7CF9A059B0476714A
:205C10001CA2FFEF00C856BF1243FFEF00C492421BA9060C68141BA909F466117670D7E7E2
:205C200088420EA90FA6FFE100B692427670D7DD9A059B0476711CA2FFEF00AD56BF124342
:205C3000FFEF00A97670D80688420EA90FA66114924252026711761F02FF922A5202610C9B
:205C40005205610A92427670D7FB9A059B0176711CA2FFEF009056BF1243FFEF008C1B4257
:205C500001F466107670D81588420EA90FA6FFE1008292427670D80A9A059B0176711CA2E2
:205C60006F7956BF12436F767670D82488420EA90FA6610C92425202670992427670D81925
:205C70009A059B0176711CA26F6556BF12436F621B422EE0660F7670D83288420EA90FA61F
:205C8000615992427670D8289A059B0176711CA26F5156BF12436F4E92415211621A5211B4
:205C9000FFE1F8BF5208620E5208FFE1F8AE5205FFE1F8875206FFE1F8905207FFE1F89973
:205CA0006F39520DFFE1F8CF5210FFE1F8BA6F325215620B5215FFE1F9175213FFE1F8DE5B
:205CB0005214FFE1F8F66F2693A99DE15328690693A99DAA530F69106F1D9CE1560301A9FD
:205CC00088A976F3167E06A70DA61EA724A9DF0124A81EA776209CAA560301A988A976F3BA
:205CD00016D006A70DA61EA724A9DF0124A81EA776209243FE848BBE0006FE0A9744964373
:205CE0002B450843CF00FFEF08141B44270F660692447670D590FFEF081C56BF1245FFEF82
:205CF00008181B44270F660692447670D59EFFEF081056BF1245FFEF080C1B44270F6606CF
:205D000092447670D5ACFFEF080456BF1245FFEF08001B44270F660692447670D5BAFFEFB0
:205D100007F856BF1245FFEF07F41B44270F660A92447670D5C89A059B0476711CA2FFEFF0
:205D200007E856BF1245FFEF07E49244520A680C5214660A92447670D5D69A059B04767127
:205D30001CA2FFEF07D656BF1245FFEF07D256BF0245FFEF07CE56BF0245FFEF07CA56BF48
:205D40000245FFEF07C656BF0245FFEF07C292445201660F761F02FF9600761F02FF922A12
:205D50005204FFE107B6761F02FF2B00FFEF07B156BF1245FFEF07AD924452016013761F9A
:205D600002DD56BF01077670D0E87670D0F39A059B0476711CA29A059B0176711CA2FFEF2F
:205D7000079856BF1245FFEF07949244520166079244761F02FD961BFFEF078B56BF1245E2
:205D8000FFEF078792445201601D7670D5371BA9080060057670D545FF58610C28A9080021
:205D90007670D52D02007670D53B9A059B0476711CA2761F02D52B042B052B022B03FFEF1C
:205DA000076856BF1245FFEF0764924461231BA9177066207670D5371BA90800601B767065
:205DB000D545FF5860179244761F02D59605761F02D19220761F02D596043B019E0585A9E1
:205DC000FF561BA901C2FFE5074456BF1245FFEF074056BF1245FFEF073C924461731BA90C
:205DD00017706670761F02D59205656C9203606A7670D5371BA9080060657670D545FF5849
:205DE00060619244761F02D59603761F02D19220761F02D596023B019E0485A9FF565264D2
:205DF000640E92039E0585A9FF565264640892029E0385A9FF561BA901C2650556BF12452F
:205E0000FFEF070792029E0485A9FF5685A91E4292039E0585A9FF5656030BA900F11E4325
:205E100096482D483B01330256030B0303AB1E4A92481BA909F463221BA9060C651F8F0E1A
:205E20001000A8A90F4A651AFF2CFF1F0F4A63167670D537544860067670D5450F4AFFE1E1
:205E300006D892487670D52D064A7670D53B9A059B0476711CA2FFEF06CC56BF1245FFEF6F
:205E400006C856BF1245FFEF06C492441BA9FFF864265208622402007670D53B7670D5376B
:205E500093A9924494A87670D52D7670D5371BA909F4650628A909F47670D52D6F0A7670C9
:205E6000D5371BA9060C630528A9060C7670D52D9A059B0476711CA2FFEF069B56BF12452F
:205E7000FFEF0697924452016615761F02FF96045200FFE1068E761F02FF922A52046004E1
:205E80005200FFE106869A009B0576711CA2FFEF068056BF1245FFEF067C56BF1245FFEFBB
:205E9000067892445201600D761F02DD56BF01077670D0F39A059B0176711CA2FFEF066967
:205EA00056BF1245FFEF066592441BA901A4680A1BA9025866079244761F02FD9615FFEFDE
:205EB000065856BF1245FFEF06541B44011D66079244761F02FD9614FFEF064B56BF124517
:205EC000FFEF06479244520160117670D5531BA90800FFE1063E28A908007670D5499A0573
:205ED0009B0476711CA2FFEF063456BF1245FFEF06307670D60A9E4496467670D60A761FD7
:205EE00003039E2596477670D5531BA90800603392461BA9FF38642F52C8622D92471BA9E3
:205EF000FF38642952C86227761F0303922596463B01854629011E4256030B441EA6924628
:205F0000FFA080A93B0106A681A700F11E4396471BA9060C640C1BA909F462097670D54904
:205F10009A059B0476711CA2FFEF05F356BF1245FFEF05EF56BF1245FFEF05EB92441BA976
:205F2000FFF86423520862217670D55393A9924494A87670D5497670D5531BA909F465066C
:205F300028A909DC7670D5496F0A7670D5531BA9060C630528A9060C7670D5499A059B04AD
:205F400076711CA2FFEF05C556BF1245FFEF05C19244520160117670D58C1BA90800FFE137
:205F500005B828A908007670D5829A059B0476711CA2FFEF05AE56BF1245FFEF05AA9244FB
:205F6000761F02F79E3F96467670D58C1BA90800603492461BA9FF38643052C8622E92444C
:205F70001BA907D0642A1BA90A286227761F02F7923F96463B01854629011E4256030B44F5
:205F80001EA69246FFA080A93B0106A681A700F11E4396471BA9060C640C1BA909F46209EC
:205F90007670D5829A059B0476711CA2FFEF057156BF1245FFEF056D56BF1245FFEF0569D9
:205FA00092441BA9FFF86423520862217670D58C93A9924494A87670D5827670D58C1BA90F
:205FB00009F4650628A909DC7670D5826F0A7670D58C1BA9060C630528A9060C7670D58258
:205FC0009A059B0476711CA2FFEF054356BF1245FFEF053F9244520160117670D5611BA990
:205FD0000800FFE1053628A908007670D5579A059B0476711CA2FFEF052C56BF1245FFEF47
:205FE00005289244761F03039E3096467670D5611BA90800603092461BA9FFE2642C521E64
:205FF000622A924452326427761F0303923096463B01854629011E4256030B441EA6924612
:20600000FFA080A93B0106A681A700F11E4396471BA9060C640C1BA909F462097670D557F5
:206010009A059B0476711CA2FFEF04F356BF1245FFEF04EF56BF1245FFEF04EB92441BA978
:20602000FFF86423520862217670D56193A9924494A87670D5577670D5611BA909F4650641
:2060300028A909DC7670D5576F0A7670D5611BA9060C630528A9060C7670D5579A059B0482
:2060400076711CA2FFEF04C556BF1245FFEF04C19244520160117670D56F1BA90800FFE155
:2060500004B828A908007670D5659A059B0476711CA2FFEF04AE56BF1245FFEF04AA92441A
:20606000761F02FB9E2A96467670D56F1BA90800603092461BA9FFE2642C521E622A924485
:2060700052326427761F02FB922A96463B01854629011E4256030B441EA69246FFA080A93A
:206080003B0106A681A700F11E4396471BA9060C640C1BA909F462097670D5659A059B04F1
:2060900076711CA2FFEF047556BF1245FFEF047156BF1245FFEF046D92441BA9FFF8642332
:2060A000520862217670D56F93A9924494A87670D5657670D56F1BA909F4650628A909DC5F
:2060B0007670D5656F0A7670D56F1BA9060C630528A9060C7670D5659A059B0476711CA2E9
:2060C000FFEF044756BF1245FFEF04439244520160117670D57E1BA90800FFE1043A28A958
:2060D00008007670D5739A059B0476711CA2FFEF043056BF1245FFEF042C9244761F02FB83
:2060E0009E2496467670D57E1BA90800603092461BA9FFE2642C521E622A9244523264277F
:2060F000761F02FB922496463B01854629011E4256030B441EA69246FFA080A93B0106A6E7
:2061000081A700F11E4396471BA9060C640C1BA909F462097670D5739A059B0476711CA2A5
:20611000FFEF03F756BF1245FFEF03F356BF1245FFEF03EF92441BA9FFF8642352086221F6
:206120007670D57E93A9924494A87670D5737670D57E1BA909F4650628A909DC7670D57361
:206130006F0A7670D57E1BA9060C630528A9060C7670D5739A059B0476711CA2FFEF03C9B1
:2061400056BF1245FFEF03C59244520160117670D4F11BA90800FFE103BC28A908007670AE
:20615000D4E79A059B0476711CA2FFEF03B256BF1245FFEF03AE9244761F02F59E299646DE
:206160007670D4F11BA90800603492461BA9FF6A64305296622E92441BA907D0642A1BA940
:2061700013886227761F02F5922996463B01854629011E4256030B441EA69246FFA080A92B
:206180003B0106A681A700F11E4396471BA9060C640C1BA909F462097670D4E79A059B046F
:2061900076711CA2FFEF037556BF1245FFEF037156BF1245FFEF036D92441BA9FFF8642334
:2061A000520862217670D4F193A9924494A87670D4E77670D4F11BA909F4650628A909DCDB
:2061B0007670D4E76F0A7670D4F11BA9060C630528A9060C7670D4E79A059B0476711CA265
:2061C000FFEF034756BF1245FFEF03439244520160117670D4FF1BA90800FFE1033A28A9DA
:2061D00008007670D4F59A059B0476711CA2FFEF033056BF1245FFEF032C9244761F02F509
:2061E0009E2C96467670D4FF1BA90800603192461BA9FED4642D1BA9012C622A1B4401F413
:2061F0006427761F02F5922C96463B01854629011E4256030B441EA69246FFA080A93B0105
:2062000006A681A700F11E4396471BA9060C640C1BA909F462097670D4F59A059B04767135
:206210001CA2FFEF02F656BF1245FFEF02F256BF1245FFEF02EE92441BA9FFF864235208C0
:2062200062217670D4FF93A9924494A87670D4F57670D4FF1BA909F4650628A909DC7670A4
:20623000D4F56F0A7670D4FF1BA9060C630528A9060C7670D4F59A059B0476711CA2FFEFB2
:2062400002C856BF1245FFEF02C49244520160117670D50D1BA90800FFE102BB28A90800B0
:206250007670D5039A059B0476711CA2FFEF02B156BF1245FFEF02AD9244761F02F59E2AB9
:2062600096467670D50D1BA90800603492461BA9FF6A64305296622E92441BA907D0642A0A
:206270001BA913886227761F02F5922A96463B01854629011E4256030B441EA69246FFA08E
:2062800080A93B0106A681A700F11E4396471BA9060C640C1BA909F462097670D5039A05C7
:206290009B0476711CA2FFEF027456BF1245FFEF027056BF1245FFEF026C92441BA9FFF821
:2062A0006423520862217670D50D93A9924494A87670D5037670D50D1BA909F4650628A9E1
:2062B00009DC7670D5036F0A7670D50D1BA9060C630528A9060C7670D5039A059B047671E6
:2062C0001CA2FFEF024656BF1245FFEF02429244520160117670D5291BA90800FFE10239C7
:2062D00028A908007670D51F9A059B0476711CA2FFEF022F56BF1245FFEF022B9244761F07
:2062E00002D49E2496467670D5291BA90800603492461BA9FF6A64305296622E92441BA93B
:2062F00007D0642A1BA913886227761F02D4922496463B01854629011E4256030B441EA647
:206300009246FFA080A93B0106A681A700F11E4396471BA9060C640C1BA909F46209767046
:20631000D51F9A059B0476711CA2FFEF01F256BF1245FFEF01EE56BF1245FFEF01EA924451
:206320001BA9FFF86423520862217670D52993A9924494A87670D51F7670D5291BA909F48D
:20633000650628A909DC7670D51F6F0A7670D5291BA9060C630528A9060C7670D51F9A055B
:206340009B0476711CA2FFEF01C456BF1245FFEF01C09244520160117670D5FC1BA908000E
:20635000FFE101B728A908007670D5F29A059B0476711CA2FFEF01AD56BF1245FFEF01A98C
:206360009244761F03029E0296467670D5FC1BA90800603492461BA9FF6A64305296622E09
:2063700092441BA907D0642A1BA913886227761F0302920296463B01854629011E42560332
:206380000B441EA69246FFA080A93B0106A681A700F11E4396471BA9060C640C1BA909F404
:2063900062097670D5F29A059B0476711CA2FFEF017056BF1245FFEF016C56BF1245FFEF72
:2063A000016892441BA9FFF86423520862217670D5FC93A9924494A87670D5F27670D5FC16
:2063B0001BA909F4650628A909DC7670D5F26F0A7670D5FC1BA9060C630528A9060C767007
:2063C000D5F29A059B0476711CA2FFEF014256BF1245FFEF013E1B44271067079244761FDA
:2063D00002FD9616FFEF013556BF1245FFEF01311B441F4066079244761F02FD9618FFEF21
:2063E000012856BF1245FFEF0124924461071BA905DC690A1BA9119467079244761F02F566
:2063F0009608FFEF011656BF1245FFEF01129244520A6606761F02CF9634FFEF010A56BFA1
:206400001245FFEF01069244520160117670D7D91BA90800FFE100FD28A908007670D7CFF2
:206410009A059B0476711CA2FFEF00F356BF1245FFEF00EF9244761F02F79E059646767096
:20642000D7D91BA9080060323B018546FF5652C8622D92441BA907D064291BA90A286226CD
:20643000761F02F792059646854629011E4256030B441EA69246FFA080A93B0106A681A7DA
:2064400000F11E4396471BA9060C640C1BA909F462097670D7CF9A059B0476711CA2FFEF3E
:2064500000B856BF1245FFEF00B456BF1245FFEF00B092441BA9FFF8642352086221767081
:20646000D7D993A9924494A87670D7CF7670D7D91BA909F4650628A909DC7670D7CF6F0A15
:206470007670D7D91BA9060C630528A9060C7670D7CF9A059B0476711CA2FFEF008A56BF59
:206480001245FFEF008692445201600F7670D7E71BA90800617D28A908007670D7DD9A0539
:206490009B0476711CA26F7456BF12456F719244761F02F79E1F96467670D7E71BA908000C
:2064A000602C3B018546FF56521E6227924452326424761F02F7921F9646854629011E42A9
:2064B00056030B441EA69246FFA080A93B0106A681A700F11E4396471BA9060C640B1BA978
:2064C00009F462087670D7DD9A059B0476711CA26F3F56BF12456F3C56BF12456F39924429
:2064D0001BA9FFF86422520862207670D7E793A9924494A87670D7DD7670D7E71BA909F49E
:2064E000650628A909DC7670D7DD6F0A7670D7E71BA9060C630528A9060C7670D7DD9A056A
:2064F0009B0476711CA26F1456BF12456F1192435240660E560301A988A976F315FC06A7A3
:206500000DA61EA724A9DF0124A81EA776209245FE8A0006FE04974296412B430841EED0A3
:206510006F679242901F61069242761F02D996306F7556BF12436F729242520F6705761F3C
:2065200002D996316F6B56BF12436F68924252646605761F02D996326F6156BF12436F5E6A
:2065300092421BA902586605761F02D996336F5656BF12436F5392421BA901A468081BA953
:2065400002586605761F02D996346F4856BF12436F4592421BA901A468081BA9021C66056D
:20655000761F02D996356F3A56BF12436F3792421BA975306605761F02D996366F2F56BFA0
:2065600012436F2C92421BA975306605761F02D996376F2456BF12436F2192425210670517
:20657000761F02D996386F1A56BF12436F1792415204620C520461C0520061945201619DAE
:20658000520261A5520361AD6F09520561C3520661CF520761D8520861E19243FE84000638
:20659000FE04974296412B430841A000FFEF009D924252016606761F02AD9614FFEF00A543
:2065A00056BF1243FFEF00A1924252016606761F02AD9613FFEF009956BF1243FFEF0095EE
:2065B000924252016606761F02AD9611FFEF008D56BF1243FFEF0089924252016606761FC9
:2065C00002AD9612FFEF008156BF12436F7D92421BA901E068041BA90258690456BF1243C5
:2065D0006F739242761F02AD96046F6E92421BA901E068041BA90258690456BF12436F648D
:2065E0009242761F02AD96076F5F92421BA901A468091BA9021C66069242761F02AD960668
:2065F0006F5356BF12436F501B42753066069242761F02AD96016F4856BF12436F451B4251
:20660000753066069242761F02AD96006F3D56BF12436F3A92421BA903E86605761F02ADCA
:2066100096036F3256BF12436F2F9242761F02AD96026F2A9242520F6605761F02AD960D58
:206620006F2356BF12436F209242761F02AD960C6F1B924252016605761F02AD96056F1497
:2066300056BF12436F119241520D660E560301A988A976F316F006A70DA61EA724A9DF0145
:2066400024A81EA776209243FE840006FE04974296412B430841D8006F0B92425201660569
:20665000761F02D596016F0656BF12436F03924161F59243FE840006FE042B43761F0270D9
:206660009205761F02D99600761F02FF922A761F02D99601761F02EA921D761F02D99602EC
:20667000761F02FE920A761F02D99604761F02FE060A761F02D99705761F02D1062C761FEF
:2066800002D99706761F02D1922C761F02D99607761F02FF922A52046008761F02709201A5
:20669000761F02D996036F0952006107761F02D59200761F02D99603761F02D19220761FF9
:2066A00002D99608761F02FF92076106761F0302920396436F022B4392439B0A00F11EBF9C
:2066B000761F02D996098F0003E8761F02D1A8422D43122000F11E43761F02D9960A761F56
:2066C00002EA921B761F02D9960B761F03039225761F02D9960C761F03039230761F02D9DF
:2066D000960D761F0303922F761F02D9960E761F03039236761F02D9960F761F030302641E
:2066E0002D301EA6761F030302003725761F02D9F61F561700A63F10761F02FB9229761FB7
:2066F00002D99611761F02FB922A761F02D99612761F02FB9228761F02D996132B14761F69
:2067000002FB923A761F02D99615761F02FB923C761F02D99616761F02F7923F761F02D94A
:206710009617761F02F70E3F761F02FD1E4202641EAC5644003600F11E43761F02D996187D
:20672000761F02F89207761F02D996192B1A761F02FD9236761F02D9961B2B1C2B1D761F2C
:2067300002FB923A761F02D9961E761F02FB063A761F02FB0F3C6306923C761F02D9961F51
:206740006F07761F02FB923A761F02D9961F761F02FB9212761F02D996209B0A761F02EABE
:20675000921300F11EBF761F02D99621761F02EA9B0A921500F11EBF761F02D99622761F37
:2067600002EA9B0A921800F11EBF761F02D99623761F02D49224761F02D996242B2556BF37
:206770000127761F02F59229761F02D99626761F02D19220761F02D99628761F02F59B0AF5
:20678000922C00F11F74761F02D99629761F02F59225761F02D9962A761F02EA921D761F50
:2067900002D9962C2B2D761F02FB9224761F02D9962E761F03029202761F02D9962F761F80
:2067A00002F928AC0030A3260628761F02D9565B3F39761F02F928AC00200628A326761F3A
:2067B00002D9565B3F3A761F02F90628A326761F02D9569F3F3B761F02F99226761F02D9A6
:2067C000963C761F02F90610761F02D9973D761F02F99210761F02D9963E761F02F9060CE5
:2067D000761F02D9973F761F02F9920C761F02DA9600761F02F9060E761F02DA9701761FEC
:2067E00002F9920E761F02DA9602761F02F9061C761F02DA9703761F02F9921C761F02DA89
:2067F0009604761F02F90620761F02DA9705761F02F99220761F02DA9606761F02F9061631
:20680000761F02DA9707761F02F99216761F02DA9608761F02F928AC0030A3220624761F0A
:2068100002DA565B3F09761F02F928AC00200624A322761F02DA565B3F0A761F02F90624FB
:20682000A322761F02DA569F3F0B761F02F99222761F02DA960C761F02F90618761F02DA6D
:20683000970D761F02F99218761F02DA960E761F02F9061A761F02DA970F761F02F9921A52
:20684000761F02DA9610761F02F9061E761F02DA9711761F02F9921E761F02DA9612761F66
:2068500002F90608761F02DA9713761F02F99208761F02DA9614761F02F9060A761F02DAAE
:206860009715761F02F9920A761F02DA9616761F02F90606761F02DA9717761F02F9920640
:20687000761F02DA9618761F02F5922A761F02DA9619761F02F59B0A922B00F11F74761F7A
:2068800002DA961A761F02F59224761F02DA961B3B01761F02FD0636761F02DAFF4F961D8A
:20689000761F02FD9236761F02DA961E761F02FD0638761F02DAFF4F961F761F02FD9238C3
:2068A000761F02DA9620761F02FD922E761F02DA9621761F02FD922F761F02DA9622761F22
:2068B00002BD92386108761F02DD9210761F02DA96236F04761F02DA2B23761F02CF922C40
:2068C000761F02DA96247670E74F52006108761F02DA2B252B262B272B286F22761F02F7E0
:2068D0009205761F02DA9625761F02F7921F761F02DA9626761F02F79212761F02DA962719
:2068E000761F02F702642D1F761F02F71EA637050200761F02DAF61F561700A63F287670E2
:2068F000D806761F02DA962DFE840006761F02D52B062B072B082B092B0A2B0B2B0C2B0DDE
:206900002B0E2B0F2B102B112B122B132B140006761F02D556BF50242825440E282603E800
:206910007670D75B761F02D5560308A99C0196277670D59A761F02D596287670D5A8761F08
:2069200002D596297670D5B6761F02D5962A7670D5C4761F02D5962B7670D5D2761F02D57F
:20693000962C7670D5E0761F02D5962D2B2E282F07D12B30283103E8283203E9283303E808
:206940000006FE047670D4F1761F02D696007670D4FF761F02D696017670D529761F02D673
:2069500096027670D58C761F02D696037670D5FC761F02D696047670D59A761F02D6960527
:206960007670D5A8761F02D696067670D5B6761F02D696077670D5C4761F02D696087670C0
:20697000D537761F02D696097670D5458F002710A84200F11E52761F02D6960A7670D553C3
:20698000761F02D6960D7670D5458F002710A84200F11E43761F02D6960E7670D5E0761FA4
:2069900002D696107670D5D2761F02D696117670D561761F02D696137670D56F761F02D6FF
:2069A00096147670D57E761F02D696157670D57E761F02D6961556BF64197670D627761F81
:2069B00002D796007670D65F761F02D796037670D66D761F02D796047670D60A761F02D7D1
:2069C00096097670D61988A98F001388A8A90FA66005761F02D72B0A6F05761F02D756BFE3
:2069D000010A7670D6EB761F02D7960B7670D6DD761F02D7960C7670D6F9761F02D7960D77
:2069E0007670D6CF761F02D7960E7670D67BBE0A761F02D70EA9F60F1FA6960F7670D67B30
:2069F000BE0A761F02D70EA9F60F1FA696107670D6C19B0A00F11EBF761F02D7961176703F
:206A0000D74D761F02D796127670D715761F02D796147670D723761F02D796157670D73F5D
:206A1000761F02D796167670D707761F02D796187670D643761F02D79619761F02F99238F6
:206A200096435603084394399643761F02D7961A761F02F9923A964356030843943C964393
:206A3000761F02D7961B761F02F9923D964356030843943E9643761F02D7961C761F02F9F0
:206A4000923B761F02D7961D761F02FA920E964356030843940F9643761F02D7961E761F67
:206A500002FA921096435603084394129643761F02D7961F7670D6A5761F02D796207670FE
:206A6000D6B3761F02D796217670D777761F02D796227670D769761F02D796237670D79371
:206A7000761F02D796247670D7A1761F02D796257670D7AF761F02D796267670D7BD761FB2
:206A800002D796277670D7CB761F02D796287670D689761F02D796377670D5EE761F02D715
:206A900096387670D731761F02D796397670D697761F02D7963A7670D785761F02D7963CDA
:206AA0007670D75B761F02D7963D7670D7D9761F02D896017670D7E7761F02D89602767050
:206AB000D806761F02D896037670D815761F02D896047670D824761F02D896057670D83228
:206AC000761F02D89606FE840006761F02DDCC290002761F02D5FFC09615761F02DDCC2979
:206AD0000004761F02D5FFC19616761F02DDCC290008761F02D5FFC29617761F02DDCC2916
:206AE0000010761F02D5FFC39618761F02DD922790FF761F02D508A901909619761F02DD1D
:206AF000CC27FF00FFC7761F02D508A90190961A761F02DD922890FF761F02D508A9019005
:206B0000961B761F02DD922A761F02D5961C761F02DD922B761F02D5961D761F02DDCC28BE
:206B1000FF00FFC7761F02D52DA9350A961E761F02AD9202761F02D5961F761F02DDCC2909
:206B200001E0761F02D5FFC49620761F02DDCC29F800761F02D5FFCA9621761F02DD922913
:206B30009001761F02D596220006761F02DD9204520767099A0076711C64761F02DD9204AC
:206B4000520768F976706B597670B573761F02DD921052026004767070B16FF752016004D1
:206B500076706FE86FF2520061022B1076706F096FEC761F01A09204761F02DD7203761F94
:206B600001A59204761F02DC723E923E5001761F02DD9622CC0307FF962376706BB47670F0
:206B7000B5730006FE022B419241520C673628AC00038F00B7C03041560100A42BC43041F4
:206B80008F00B7C1560100A42BC430418F00B7C2560100A42BC42B429242520B670E28ACBA
:206B9000000C584230418F00B800560100A42B940A429242520B68F658418F00B79E2B94B6
:206BA00058418F00B7922B9458418F00B7862B940A419241520C68CC761F02DC2B3C761F62
:206BB00002DD2B12FE820006761F01BF1A122000761F02DD2B102B0F761F02DC2B082B3593
:206BC0002B2A3B10761F02F12B008F00BC80761F02F1A810761F02F1A80E761F02F12B0165
:206BD0002910FF6976706B720006761F01BF1A122000761F02DD56BF011076706B72000637
:206BE000761F01BF1A142000761F02DD56BF0210761F02DC2B0B2B0D2B0C761F02DD2B0F91
:206BF00076706B729223761F02DF9600761F02DD9222761F02DF96012B02761F02DE56BF15
:206C00000112761F02DD56BF0112767085620006FE04761F02DD9207CD11FFFE9001CAA805
:206C100096117670D60A1BA908986006761F02DD1811FFF16F137670D60A1BA908FC600828
:206C2000761F02DDCC11FFF1500296116F07761F02DDCC11FFF1500496117670D61988A962
:206C30008F001388A8A90FA66006761F02DD1811FFEF6F05761F02DD1A1100107670D6CF75
:206C4000761F02DD9007CD11FF1FFF84CAA896117670D6EB761F02DD9003CD11FCFFFF8784
:206C5000CAA896117670D5EE761F02DD9007CD11C7FFFF8ACAA896117670D6DD761F02DD04
:206C60009001CD11FBFFFF89CAA8961118113FFF28AC000C8F00B800300F560100A492119F
:206C700096C47670D66D761F02DD08A9FE7093183CA897187670D65F761F02DD08A9FE7002
:206C8000931839A9971828AC000C8F00B801300F560100A4921896C47670D627761F02DDFB
:206C900008A9FE70931B3CA8971B7670D635761F02DD08A9FE70931B39A9971B28AC000CDB
:206CA0008F00B802300F560100A4921B96C47670D689761F02DD08A9FE70931A3CA8971A30
:206CB0007670D697761F02DD08A9FE70931A39A9971A28AC000C8F00B803300F560100A43A
:206CC000921A96C47670D643761F02DD931D3CA8971D7670D651761F02DD931D39A9971D2C
:206CD00028AC000C8F00B804300F560100A4921D96C47670D6A5761F02DD93143CA897142B
:206CE0007670D6B3761F02DD931439A9971428AC000C8F00B805300F560100A4921496C417
:206CF000CD13FFF0761F02FF922A900F761F02DDCAA89613761F03011B3D03E86909761F52
:206D000002DDCC13C00F1AA93E8096136F0E761F02DDCD13C00F761F0301CC3D03FFFF83F6
:206D1000761F02DDCAA89613300F8F00B806560100A4921396C4761F02DC2B267670F4862A
:206D200052006106761F02DC1A2600016F05761F02DC1826FFFE7670F47652016006761F26
:206D300002DC1A2600026F05761F02DC1826FFFD7670F47E52016006761F02DC1A268000BE
:206D40006F05761F02DC18267FFF7670F47252006106761F02DC1A2620006F05761F02DCD1
:206D50001826DFFF7670E45652016028761F02FF922A61247670E4265200600C7670E4328B
:206D600052006008761F02DCCC26FFF3500496266F197670E42652006108761F02DCCC265A
:206D7000FFF3500896266F0E7670E4325200610A761F02DC1A26000C6F05761F02DC1826E3
:206D8000FFF37670E74F52016028761F02FF922A61247670E71F5200600C7670E72B52003F
:206D90006008761F02DCCC1EFFFC5001961E6F197670E71F52006108761F02DCCC1EFFFC97
:206DA0005002961E6F0E7670E72B5200610A761F02DC1A1E00036F05761F02DC181EFFFCD5
:206DB000761F02DCCD26FFDF761F02FB92069001761F02DCFF84CAA89626761F02FF922A4E
:206DC0005205610352026011761F02FF92176005761F01BF4F086D0752016007761F01BF60
:206DD0004E086C034D086D0C761F02FF922A5205610E5202610C761F01BF4D086C08761F84
:206DE00002DC1A2600801826FEFF6F12761F02DC1826FF7F761F02FF92356106761F02DCD3
:206DF0001A2601006F05761F02DC1826FEFF761F03019226761F0301542563049CFB9644E5
:206E00006F0492259CFB96449244761F0301543D6905761F02E992046106761F02DC1A2639
:206E100000406F05761F02DC1826FFBF7670F9A3761F02DC9001CD26FDFFFF88CAA8962615
:206E2000CD26FBFF761F02FF922D9001761F02DCFF89CAA89626CD26F7FF761F030192340E
:206E30009001761F02DCFF8ACAA89626761F02FD92126006761F02DC1A2640006F05761FED
:206E400002DC1826BFFF28AC000C761F02DD8F00B807300F560100A4761F02DC922696C4F7
:206E5000761F02DD8F00B808300F560100A42BC4761F03039B0A922500F11F74964352FA96
:206E60006508761F02DDCC16FF0050FA96166F07761F02DD924393163CA89716761F02FBCF
:206E7000921252FA6509761F02DD921690FF1AA9FA0096166F0A761F02DD9216761F02FB69
:206E80003812761F02DD9616300F8F00B809560100A4921696C4761F02DC2B1C761F02E9C2
:206E9000921F52016006761F02DC1A1C00016F05761F02DC181CFFFECD1CFFFD761F02EA50
:206EA00092149001761F02DCFF80CAA8961C7670D67B761F03022D010EA91E42356400F1E5
:206EB0001E43761F02DC90FFCD1CFC03FF81CAA8961CCD1CF3FF761F02EA921D9003761FA0
:206EC00002DCFF89CAA8961C56BF044392435203630356BF0343761F03019225761F0301F8
:206ED0009E43543D6805761F02E992046106761F02DC1A1C10006F05761F02DC181CEFFF84
:206EE000761F02E992026106761F02DC1A1C80006F05761F02DC181C7FFF181CDFFFCD1C5A
:206EF000BFFF761F02AD92299001761F02DCFF8DCAA8961C28AC000C8F00B80A761F02DD6C
:206F0000300F560100A4761F02DC921C96C4FE840006FE082B462B47761F02DC2B082B0773
:206F10002B01761F01BF1A122000761F02BD92386009761F02FF9211600576706BE0FFEF50
:206F200000C7761F02DD9210FFE000C276706C089A0076711C64761F02DD961E7670718277
:206F3000761F02DD9210FFE000B376707BAC761F02DD401E6CDB761F02FF9211610C2B475B
:206F40002B46761F02DC2B012B082B072B127670B56F6FCC7670B573761F01BF4C106D28E6
:206F50002B4793460A461BA803E8670D761F02DC9208520160BB76706BD5761F02DC2B1213
:206F6000FFEF0086761F02DD9220520169AF2B46761F027056BF2801761F02DD1A1F0001A8
:206F70009A009B0276711CA276706B596F9F2B460A47761F02DC9212520160071B4703E88D
:206F800069532B472B126F50761F02FF922A52036004924752016124922A520560049247BB
:206F90005202611E922A52026004924752036118922A52066004924752046112922A5201CA
:206FA000600492475205610C922A52046004924752066106922A60199247520760162B4179
:206FB000761F02DD2B4292239B00D5005C2296439222964492232B45767076528F00B77845
:206FC0007670B6B856BF0A47761F02DC92076007924752D2690976706BE06F191B4704BA3C
:206FD00069032B472B0792015202FFE9FF40761F02DD1A1F0002761F027056BF29019A00F4
:206FE0009B0276711CA276706BB46F01FE880006FE062B412B432B44761F02DC2B2E2B000A
:206FF000761F01BF1A122000761F02BD9238600576706BE0FFEF00B5761F02DD9210520120
:20700000FFE000AF76706C089A0076711C64761F02DD961E76707182761F02DD921052011D
:20701000FFE0009F76707BAC761F02DD401E6CDD761F02DC922E610893440A441BA8010035
:2070200069032B2E2B4493000A001BA803E86910761F027056BF2801761F02DD1A1F000165
:207030009A009B0276711CA276706BB46F79761F02DD580F8F00B78656BF0194761F02DCB3
:207040002B2B761F02DD2B1256BF01432B429242520C6738761F02DC2D429A01CD250FFF15
:20705000FF66CEA8612758428F00B78656BF01940A2B9243612328AC000C8F00B800304286
:20706000560100A492C496457670D5EECD453800FFDA55A960137670D5EE5202650F2B43C8
:20707000761F02DD880F0E420FA6600856BF01126F0558428F00B7862B940A429242520C49
:2070800068CA761F01BFCC101000FFCB520160250A4192415202600A761F02DC9235520172
:20709000FFE0FF6476706BE06F1B5264FFE9FF5E761F02DC92005232670D761F02DD1A1F3E
:2070A0000002761F027056BF29019A009B0276711CA276706BB46F042B41FFEFFF47FE8610
:2070B0000006FE0A2B462B47761F02BD92389649761F01BF1A142000761F02DD9B00D50C3F
:2070C00056BF01415C2292232B422B432B442B45767076528F00B7787670B6C3761F02DD2D
:2070D00092105202FFE000AE76706C089A0076711C64761F02DD961E76707182761F02DD4D
:2070E00092105202FFE0009E76707BAC761F02DD401E6CE5761F02BD9238612D761F01BFEC
:2070F000CC101000FFCB520160152B4792460A46520A6926761F027056BF2901761F02DDC3
:207100001A1F00029A009B0276711CA276706BB46F782B46761F02F79233600B761F02DDC9
:20711000921F61070A4792475219690A2B1F6F082B476F062B462B47761F02DD2B1F761F60
:2071200002DE56BF01062B489248520C671358488F00B7929294520160068F00B78656BFF6
:2071300001946F048F00B7862B940A489248520C68EF761F02FF922A7670855B761F02DD3F
:207140002B05761F02BD923861209249600476706BB46F37761F01BF1A142000761F02DD5F
:2071500056BF0C09767076EE76707731767079A576707856761F02DC9210520160112B1051
:2071600076706BE0FFEFFF6C761F01BF1A1220007670B56F761F02DD2B0256BF0109761F85
:2071700002BD92389649761F02DD9202FFE0FF5892105202FFE0FF5476707B9FFFEFFF50F4
:20718000FE8A0006FE0A284AFFFF761F02FF9211611C761F02DD9210FFE104C452026011B0
:2071900056BF01412B4292239B005C22D51C2B432B442B45767076528F00B7787670B6AD5A
:2071A00076706BB4FFEF04AE761F02DD411EFFEC04A9FFEF04A0761F02BD9238FFE1049B90
:2071B000761F02DC2B008F00B780767076B7761F02DC92205201FFE00114922860559222B9
:2071C0005204FFE0048392215204FFE7047F9205520CFFE7047B5200613228AC000C8F00D3
:2071D000B80030052D21560100A4350358A9761F02DD9324979428AC000C761F02DC8F00F8
:2071E000B80030052D21560100A435039C0158A9761F02DD9325979428AC000C761F02DCD9
:2071F0008F00B80030052D21560100A435039C0258A9761F02DD932697946F05922152030F
:2072000060020A0E761F02DC92215203600758058F00B79256BF01940A0F761F02DD56BF91
:207210000106FFEF04335201FFE0043092225204607F92215204677C9205520C67795200D0
:207220006109761F02DD0E0F761F02DC88050FA6604C761F02DD921052016047761F02DC6F
:2072300056BF0441922128AC000C761F02DD8F00B8009642920F9643300F761F02DC2D2144
:20724000560100A4350358A9761F02DD28AC000C929496448F00B800300F761F02DC2D215F
:20725000560100A435039C0158A9761F02DD28AC000C929496458F00B800300F761F02DCFF
:207260002D21560100A435039C0258A9761F02DDD5009B0092945C229646922376707682F7
:207270008F00B7727670B6C3761F02DC2D21350358A9761F02DD8F00B80093249794761FBB
:2072800002DC2D2135039C0158A9761F02DD93259794761F02DC2D2135039C0258A9761F68
:2072900002DD93269794761F02DE56BF0112761F02DD92105201FFE003A9761F02DC922164
:2072A0005203FFE003A3761F02E09206761F02DC961BCC1B000F7670855B761F02DC921BE5
:2072B000FFC318A903FF963728AC000C761F02DD8F00B806300F560100A4761F02DC92C4C8
:2072C000961B3B01931B9237FFD318A803FF9EA885A9FF56963776708504FFEF0377761FB4
:2072D00002DD9210604A761F02DC920660112901761F02DD25240D251E4806220F48FFE713
:2072E000010D761F02DC56BF0107FFEF01075201FFE001046F0376706B59761F02DD882388
:2072F0000E240FA6600588220E250FA661F5922660182B4192232B429B005C22D5029643C3
:2073000092229644920F96459223767076528F00B7787670B6C3761F02DC0A01FFEF00DE99
:20731000761F027056BF2C019A009B0276711CA276706BB4FFEF00D252016043761F02DC0A
:207320009206520560079A009B0976711CA2FFEF00C55206601D761F02DD0E24761F02FF50
:20733000882A0FA6610F922A520561045202FFE000B5761F02DD9224520561045202FFE0ED
:2073400000AD9A009B0876711CA2FFEF00A7520FFFE100A4520C600E761F02DD88240E0F1B
:207350000FA661049224FFE0009976706BB4FFEF0095521CFFE0009256BF012EFFEF008EAE
:20736000761F02DC9206520460152901761F02DD25240D251E4806220F4866090F4860040F
:2073700076706B596F7A76706BB46F7776707B886F745202607256BF01499249520C674B43
:2073800028AC000330498F00B7C0560100A492C4601730498F00B7C1560100A492C460108E
:2073900030498F00B7C2560100A42BC4884A8F00FFFFA8A90FA6602B9249964A6F283049B7
:2073A0008F00B7C0560100A488C4761F02DD0E240FA6601D30498F00B7C1560100A488C4E1
:2073B0000E250FA6601430498F00B7C2560100A488C40E260FA6610F30498F00B7C2560168
:2073C00000A42BC4761F02DC0A026F050A499249520C68B9884A8F00FFFFA8A90FA6611D97
:2073D00028AC00038F00B7C0304A560100A4761F02DD922496C4304A8F00B7C1560100A44B
:2073E000922596C4304A8F00B7C2560100A4922696C4761F02DC0A02761F02DC920652030E
:2073F0006019761F02DD92105202FFE1024B9226FFE10248290125240D251E480F22FFE070
:2074000002419226960F761F02DC56BF0108FFEF0239520260112901761F02DD25240D2534
:207410001E486F0376706B59761F02DD06220F4861FAFFEF0227520E6017761F02DD88247E
:207420000E230FA6600D88250E220FA6600988260E0F0FA6600576706BE0FFEF02137670FF
:207430006BB4FFEF020F52096029761F02DD92105202600B9224761F027096019B059A04D3
:2074400076711CA2FFEF01FE761F02DC92045201FFE001F8761F02DD9225600B9224761F85
:20745000027096019B029A0076711CA2FFEF01EA5201FFE001E7FFEF01E55207600F761F13
:2074600002FF922A520261045205FFE001DB9A009B0676711CA2FFEF01D55208600D761F84
:2074700002FF922A5203FFE001CD9A009B0776711CA2FFEF01C7520A60079A009B057671C2
:207480001CA2FFEF01BF520BFFE101BC520DFFE101B952106062761F02DD92105202FFE11F
:2074900001B19224761F02DC9623761F02DD9225761F02DC96149217900360099223900313
:2074A000520160059A009B0376711CA2761F02DC92239617761F02FD56BF01197670D60AD9
:2074B000761F02DCCD233E00FFD8761F02FD2DA8310AEAAB3F1A761F02DD9226761F02DC13
:2074C0009625761F02DD9A012D0F761F02DCFF66CD250FFFCEA86010761F02DD921052017F
:2074D000600B761F02DC0A2A922A520569082B2A76706BB46F04761F02DC2B2A761F02DCFE
:2074E0004E14FFED015F761F02DD2B272B282B292B2A2B2BFFEF01565218600F761F02DD34
:2074F00092105202FFE1014E922496279225962A9226962BFFEF01465219600D761F02DD73
:2075000092105202FFE1013E9224962892259629FFEF0138521A6056761F02DD92105202B9
:20751000600F761F02DC56BF0118761F02DD9224962C9225962F92269630FFEF0123761FBE
:2075200002DC92045201FFE0011D761F02DD88240E0F0FA6FFE00116761F02AD921F761F15
:2075300002DD08A9FE70932C3CA8972C761F02AD9320761F02DD08A8FE70922C38A8962CEE
:20754000761F02AD9222761F02DD962F761F02AD9223761F02DD96302B41920FD51A9642F3
:207550005C229B00922C9643922F9644923096459223767076528F00B7787670B6C3FFEFC5
:2075600000E1521BFFE00090761F02DD92105202600D761F02DC56BF0218761F02DD9224AB
:20757000962D9225962EFFEF00CD761F02DC92045201FFE000C7761F02DD88240E0F0FA60E
:20758000FFE000C0761F02AD9221761F02DD08A9FE70932D3CA8972D922D761F02AD3824FB
:20759000761F02DD962DCD2EFFFE761F02AD922A9001761F02DDCAA8962ECD2EFFFD761FE5
:2075A00002AD92299001761F02DDFF80CAA8962ECD2EFFFB761F02AD92269001761F02DDB1
:2075B000FF81CAA8962ECD2EFFF7761F02AD92289001761F02DDFF82CAA8962ECD2EFFEF71
:2075C000761F02AD92279001761F02DDFF83CAA8962ECD2EFE1F761F02AD921E900F761FB1
:2075D00002DDFF84CAA8962ECC2E07FF88A9761F02AD56030B25761F02DDCAA6962E2B41F1
:2075E000920FD51B96429B005C22922D9643922E964492232B45767076528F00B778767060
:2075F000B6C36F4F52116011761F02DD9207610592249001520160459224961592259617F9
:207600009226960D2B076F3D52126023761F02DD9207610592159001520160339224960E5F
:207610009225761F02DC961A761F02DD9226761F02DC961976708318761F02DD2B072B15CB
:207620002B172B0D2B0E761F02DC2B1A2B196F1952136017761F02DD88240E230FA6600EC3
:2076300088250E220FA6600A88260E0F0FA66006761F02DC56BF01356F04761F02DC2B3554
:20764000761F02DC92065208761F02DD2B242B252B268F00B7807670B65E5200FFE0FB5D18
:20765000FE8A0006FE047D447C4397429641761F02DD1A3980001839BFFF1839DFFF1AA912
:207660000400CCA907FFCD39E003FF81CAA8963992429003CD39FFFCCAA896399243963895
:207670005603084488A95603074794A6944818A97FFF963A9249963B924A963C924B963D4E
:20768000FE840006FE047D447C4397429641761F02DD1A3380001833BFFF1833DFFF1AA9FA
:207690000400CCA907FFCD33E003FF81CAA8963392429003CD33FFFCCAA896339243963283
:2076A00056030D4480A95603094793A995A788A85603054894A694491AA980009634924A00
:2076B0009635924B9636924C9637FE840006FE0AA8425CAD02068342DC885CA476711EFFE3
:2076C000924696494F496C14761F02DC56BF0120FFCC900396289246FFC8900F9622924648
:2076D000FFC4900F96219246901F96056F0E761F02DC2B20FFC7907F96069246FFC6900185
:2076E00096049246907F96059245761F02DD96249244962592439626FE8A0006FE062B4644
:2076F000761F02DC2B02761F02DD2B02761F02DD9210520260359A0076711C64761F02DDC5
:20770000961E76707182761F02DD92105202602876707BAC761F02DD401E6CE9924660146A
:2077100056BF014192232B429B005C22D50196439222964492232B45767076528F00B778F9
:207720007670B6C36F0B52026606761F02DC9202520B68047670779A6F030A466FC8FE866C
:207730000006FE082B4756BF01479247520C67098F00B79258472B940A479247520C68FB96
:207740002B47761F02DC920F96032B0F2B0E761F02DD2B06761F02DD92105202604A9A0044
:2077500076711C64761F02DD961E76707182761F02DD92105202603D76707BAC761F02DD29
:20776000401E6CE9924752086734FFC0520160039206612F40476D2B56BF04419247FFC0DA
:2077700096422B439247FFC02DA9350358A98F00B800929496449247FFC02DA935039C0182
:2077800058A9929496459247FFC02DA935039C0258A99B00D50192945C2296469223767016
:2077900076828F00B7727670B6C36F010A476FB3FE880006FE082B469246520C675128AC22
:2077A000000330468F00B7C2560100A488C40E460FA6610730468F00B7C2560100A42BC428
:2077B00092469C019647520C673730478F00B7C0560100A4324688C4A9A98F00B7C0560180
:2077C00000A480C406A60FA7602330478F00B7C1560100A4324688C4A9A98F00B7C15601EF
:2077D00000A480C406A60FA7601330478F00B7C0560100A42BC430478F00B7C1560100A4FC
:2077E0002BC430478F00B7C2560100A42BC40A479247520C68CB0A469246520C68B356BFC0
:2077F0000146761F02DD92105202605F9A0076711C64761F02DD961E76707182761F02DD93
:2078000092105202605276707BAC761F02DD401E6CE99246520C674528AC000330468F00CE
:20781000B7C2560100A492C4603830468F00B7C0560100A492C4600830468F00B7C15601ED
:2078200000A492C4612A761F02DD56BF010256BF01418F00B7C02B423046560100A492C4A6
:2078300096438F00B7C13046560100A4D5039B0092C45C22964492469645922376707652B0
:2078400030468F00B7C2560100A4924696C48F00B7787670B6C36F050A469246520C68BF3F
:207850000A469246520C689EFE880006FE082B4756BF01469246520C670B8F00B79258460E
:20786000929461020A470A469246520C68F956BF0146761F02DD92105202FFE000DF9A0029
:2078700076711C64761F02DD961E76707182761F02DD92105202FFE000D176707BAC761FD4
:2078800002DD401E6CE78847761F02DC0E0F0FA6611E56BF0141761F02DD2B429B00D50C11
:2078900092235C222B432B442B45767076528F00B7787670B6C3761F02DC2B0E56BF0110BB
:2078A000761F02DD56BF0102FFEF00A89246520CFFE700A058468F00B7929294606428ACB6
:2078B00000038F00B7C23046560100A492C461442B4892485203670D92467670794E584608
:2078C0008F00B792929460050A489248520368F592485203684328AC00038F00B7C2304638
:2078D000560100A42BC430468F00B7C0560100A42BC430468F00B7C1560100A42BC4761F4C
:2078E00002DC880C0E460FA660042B0B2B0D2B0C58468F00B79E929452016020761F027082
:2078F00056BF2801761F02DD1A1F00019A049B0576711CA26F1330468F00B7C2560100A4AE
:207900002BC430468F00B7C0560100A42BC430468F00B7C1560100A42BC458468F00B79E29
:207910002B946F3228AC00038F00B7C03046560100A492C4602930468F00B7C1560100A452
:2079200092C46022761F02DD56BF010230468F00B7C2560100A42BC458468F00B7922B9446
:2079300056BF0141D50C9B002B425C229246964392232B442B45767076528F00B7787670E2
:20794000B6C30A466F060A469246520CFFE8FF649246520CFFE8FF1FFE880006FE0896476F
:207950002B48761F02DD2B06761F02DD92105202604B9A0076711C64761F02DD961E7670DB
:207960007182761F02DD92105202603E76707BAC761F02DD401E6CE9924852086735FFC049
:20797000520160039206613040486D2C56BF04419248FFC09642924796439248FFC02DA90B
:20798000350358A98F00B800929496449248FFC02DA935039C0158A9929496459248FFC088
:207990002DA935039C0258A99B00D50192945C2296469223767076828F00B7727670B6C38F
:2079A0006F010A486FB2FE880006FE082B46761F02DD9210520260729A0076711C64761F0F
:2079B00002DD961E76707182761F02DD92105202606576707BAC761F02DD401E6CE9761F53
:2079C00002BD9238615B924660067670820D520060020A4692465201603F76707A1F964785
:2079D000520061395201601F56BF0141761F02DC2B42921196439B00D50E920A9644920997
:2079E000761F02DD5C2296459223767076528F00B7787670B6C376706BB4761F02DC56BFAD
:2079F00001126F1A56BF0141761F02DC2B42920B96439B00D513920D9644920C761F02DD20
:207A00005C2296459223767076528F00B7787670B6C36F020A46924652026006767084943C
:207A1000520060020A4692465203600476707B886F03520366030A466F8BFE880006FE0ACA
:207A20002B422B432B442B452B462B4756BF0148761F02BD92385201651956BF01485202AA
:207A30006024761F02FF922A520461035200600456BF01446F1A761F02FF922D600456BF3F
:207A400002446F1356BF03446F10761F02FF922A52056005761F01BF4D086D0552036103A0
:207A5000520260032B486F0156BF01419241520CFFE700DD28AC000C58418F00B7929294BA
:207A60005201FFE000CF924760039241964792485201FFE000C730418F00B806560100A48D
:207A7000761F02DC92C4961B761F02BD92385201655130418F00B807560100A4761F02DC28
:207A800092C4962730418F00B800560100A492C49649FFCA90075202FFE000A4921B900F68
:207A900052046104921B900F60129244600756BF014492419643FFEF00959246FFE000924E
:207AA00056BF014692419645FFEF008C4A276D1292445202670756BF024492419643FFEFC5
:207AB000008192465202677D56BF0246924196456F7892445203670656BF03449241964393
:207AC0006F7092465203676D56BF0346924196456F68761F02DC921B761F02FF882A900FDC
:207AD0000EA90FA66136761F02DC921B900F5203600656BF0342924196436F58921B900F00
:207AE00052056105921B900F5202600C92425205613652036134921B900F96429241964341
:207AF0006F2E761F02FF922A52046029761F02DC921B900F61249242520561215202611FE3
:207B00005203611D921B900F9642924196436F1730418F00B807560100A4761F02DC92C4B9
:207B100096274A266D0CFFC990015201600892436006921B900F9642924196439245601148
:207B2000761F02DC921B900F52036109921B900F52056105921B900F52026003924196450D
:207B30000A419241520CFFE8FF299247610592456003924796459243611728AC00038F00CA
:207B4000B7C03043560100A4761F02DC92C4961130438F00B7C1560100A492C4960A924390
:207B500096099A016F3492456131761F02DC880C0E450FA6601528AC00038F00B7C03045F9
:207B6000560100A4880B0EC40FA6600A30458F00B7C1560100A4880D0EC40FA661159245A6
:207B7000960C28AC00038F00B7C03045560100A492C4960B30458F00B7C1560100A492C442
:207B8000960D9A026F049A006F029A00FE8A0006FE06761F02DD56BF014192232B429B0074
:207B9000D5045C2296439222964492232B45767076528F00B7787670B6C3FE8600067670B7
:207BA0007F7A520061026F0876707D1D520061026F0376707E340006FE06761F02DD421E83
:207BB0006C2C921052026029761F02BD92386125761F02DD1A05000176711AD69A019B64F5
:207BC000D40FD50476711A5476711AE156BF0141761F02DD2B429B00D50892235C222B4361
:207BD0002B442B45767076528F00B7787670B6AD9A009B0776711CA2761F02DD431E6C20BF
:207BE00092105202601D761F02BD92386119761F02DD1A05000456BF01412B429B00D507A8
:207BF00092235C222B432B442B45767076528F00B7787670B6AD9A009B0676711CA2761FCB
:207C000002DD441E6C1892105202601556BF01412B4292239B005C22D50A2B432B442B4576
:207C1000767076528F00B7787670B6AD9A009B0576711CA2761F02DD471E6C149210520271
:207C2000601156BF01412B4292239B005C22D50D2B432B442B45767076528F00B7787670C0
:207C3000B6AD761F02DD461E6C2C921052026029761F02BD92386125761F02DD1A050002A9
:207C400076711AD69A019B64D40FD50476711A5476711AE156BF0141761F02DD2B429B00ED
:207C5000D50B92235C222B432B442B45767076528F00B7787670B6AD9A009B0A76711CA21B
:207C6000761F02DD4B1E6C1A92105202601756BF01412B4292239B005C22D50E2B432B44E2
:207C70002B45767076528F00B7787670B6C376706BB4761F02DC56BF0112761F02DD481E3F
:207C80006C2B921052026028761F02BD9238612076711AD69A019B66D40FD50476711A54AC
:207C900076711AE156BF0141761F02FF2B42922A9B00D506761F02DD96435C222B44922377
:207CA0002B45767076528F00B7787670B6C39A009B0876711CA2761F02DD491E6C1E9210A0
:207CB0005202601B761F02BD9238611356BF0141761F02DD2B429B00D50592235C222B4305
:207CC0002B442B45767076528F00B7787670B6C39A009B0976711CA2761F02DD451E6C369E
:207CD00092105202601B761F02BD92386112761F027056BF014192012B42761F02DD9B0025
:207CE000D50996435C222B4492232B45767076529A009B0276711CA26F15761F02BD92388F
:207CF0006111761F02702B4192012B42761F02DD9B00D50996435C222B4492232B457670D1
:207D000076528F00B7787670B6A2761F02DD4C1E6C13761F02BD9238610F761F027056BF98
:207D10002A01761F02DD1A1F00049A009B0276711CA276706BB4FE860006FE062B422B432D
:207D20002B442B45761F02FF922A5203610852056106520261049A00FFEF01062B41761F4D
:207D300002DD92095441FFE9009D3B0158418F00B79292945201FFE0008E28AC000C8F009D
:207D4000B8073041560100A4761F02DC92C4962730418F00B800560100A4761F02DD92C4F5
:207D5000961530418F00B806560100A4761F02DC92C4961B30418F00B809560100A492C423
:207D6000961DCC270200FFC852016044761F02FF922A52036017761F02DC921B900F52036B
:207D70006011761F03039B0A922500F11F74761F02DC93A9921D90FF9EA885A9FF565203FC
:207D80006412761F02FF922A5205610352026022761F02DC921B900F52056105921B900FC2
:207D90005202601847276D0348276C0A761F02DDCC153800FFCA2DA99A01FF669845761FA6
:207DA00002DC47276D07CC270100FFC7520160020A429241610D761F02DC4A276C09921B01
:207DB000900F52016104921B900F60020A43761F02DC921B900F52036109921B900F520540
:207DC0006105921B900F5202600547276C0356BF01440A41761F02DD92095441FFE6FF68C6
:207DD00092436005924261030A0C6F022B0C761F02BD923852016535761F02DC4C256D0FF8
:207DE0002B3C761F02DD2B0C924461079A049B0976711CA29A016F479A006F459242611B5D
:207DF0009245521C60180A3C1B3C02BC6606761F02DD920C5214650D761F02DC2B3C761F96
:207E000002DD2B0C9A049B0876711CA29A016F2B9A006F292B3C761F02DD2B0C9A006F23C1
:207E10009242611A761F02DC0A3C1B3C02BC6606761F02DD920C5214650D761F02DC2B3C05
:207E2000761F02DD2B0C9A049B0876711CA29A016F0A9A006F08761F02DC2B3C761F02DD3E
:207E30002B0C9A00FE860006FE062B46761F02DC2B18767081D7761F02DD92105202FFE025
:207E400001399A0076711C64761F02DD961E76707182761F02DD92105202FFE0012B76708B
:207E50007BAC761F02DD401E6CE7761F02DC4E14FFEC01189246520AFFE700C59216FFE087
:207E60000082761F02AD921F761F02DD08A9FE70932C3CA8972C761F02AD9320761F02DD27
:207E700008A8FE70922C38A8962C761F02AD9221761F02DD08A9FE70932D3CA8972D922DC3
:207E8000761F02AD3824761F02DD962DCD2EFFFE761F02AD922A9001761F02DDCAA8962ED8
:207E9000CD2EFFFD761F02AD92299001761F02DDFF80CAA8962ECD2EFFFB761F02AD922631
:207EA0009001761F02DDFF81CAA8962ECD2EFFF7761F02AD92289001761F02DDFF82CAA820
:207EB000962ECD2EFFEF761F02AD92279001761F02DDFF83CAA8962ECD2EFE1F761F02ADEF
:207EC000921E900F761F02DDFF84CAA8962ECC2E07FF88A9761F02AD56030B25761F02DDB4
:207ED000CAA6962E761F02AD9222761F02DD962F761F02AD9223761F02DD963056BF094696
:207EE0006F419218611092465203670792185201600956BF03466F0692185202600356BF6D
:207EF0000A462B18924652036715921656BF0141761F02DD2B429B00D51A5C2296432B4406
:207F000092232B45767076528F00B7787670B6B86F1952066715921656BF0141761F02DDAD
:207F10002B429B00D51B5C2296432B4492232B45767076528F00B7787670B6B86F03520AE0
:207F200068589246520A6033761F02DD922F761F02DC932B00F11F74761F02DD962F9230D5
:207F3000761F02DC932B00F11F74761F02DD9630922C9627922D9628922E9629922F962A4A
:207F40009230962B56BF01412B42D5189B005C2292279643922A9644922B96459223767079
:207F500076528F00B7787670B6B86F18520A681656BF0141761F02DD2B4292289B00D5195B
:207F60005C2296439229964492232B45767076528F00B7787670B6B86F0C0A46FFEFFECDAC
:207F7000761F02DD2B272B282B292B2A2B2B6F01FE860006FE102B462B472B4902001E4C0E
:207F80002B4D2B4E2B4F2B501A501000761F02DD2B00761F02DC2B142B172B242B162B2B08
:207F90002B392B2D2B29761F02DD2B082B4892095448FFE9011A58488F00B792929452017C
:207FA000FFE00109761F02DC0A2B28AC000C8F00B8073048560100A492C496279001520198
:207FB00060031A170004CC270002FFC0520160031A170008CC278000FFCE520160031A174F
:207FC0004000CC27000CFFC152026406CC17FFFC500296176F0ECC27000CFFC1520160090F
:207FD0009217900352026105CC17FFFC50019617921ECD1FFFFC9003CAA8961F9003520287
:207FE0006406CC24FFFC500296246F0D921F9003520160099224900352026105CC24FFFCB6
:207FF00050019624921B900F600356BF0147CC27000CFFC1520260041A4600016F07CC2719
:20800000000CFFC160031A4600024D276C031A17001046276C05761F02DD56BF0108761FA6
:2080100002DCCC274000FFCD520160031A1701004B276C0356BF014F45276C09761F02DDF0
:2080200056BF0100761F02DC1A170080924876708505761F02DCCC270080FFC65201601648
:208030000A4928AC000C8F00B8093048560100A492C4961DFFC790FF0EA9074C1E4CCC2775
:208040001000FFCB520160020A4D885058488F00B7922D48CCA60FFF9394FF67CBA918A834
:208050000FFFCCA6F000CBA9975028AC000C8F00B8003048560100A4761F02DD92C4961536
:2080600030488F00B806560100A4761F02DC92C4961B761F02DDCC153800FFCA2DA99A01FF
:20807000FF66984E761F02DCCC270400FFC952016012921B900F5204610E921B900F610BE5
:20808000761F02DDCC1538009B01FFCA9C082DA9FF67994E28AC000C8F00B806304856012B
:2080900000A4761F02DC92C4961B900F52066109921B900F52056105921B900F5203600641
:2080A0008F00B79E56BF01946F088F00B79E2B946F048F00B79E2B940A48761F02DD9209A1
:2080B0005448FFE6FEEA761F02DCCC140002FFC05201600D761F02EA921D6009761F02DC67
:2080C000922961059229761F02EA961D761F02DCCD14F3FF761F02EA921D9003761F02DC14
:2080D000FF89CAA89614CC14FC0388A90E39F60F1F2B90FFFF81CAA69614924E901C611020
:2080E000414E6C0E761F02FF922A52046109761F027056BF2E019A049B0576711CA2924E57
:2080F00090FF521C6109924E90FF52026105924E90FF520160041A5020006F031850DFFF78
:20810000924E90FF521C601A92476018761F02DD920B600E9246520360030A0A6F022B0AEE
:20811000920A5204680F2B0A56BF010B6F0B9246520361082B0A2B0B6F05761F02DD2B0AF8
:208120002B0B761F02DCCC177FFF88A9761F02DD56030F0B761F02DCCAA69617924EFFC7E7
:20813000964E521C610552026103520160041A5010006F031850EFFF92509625CD17FFDF67
:20814000924F9001FF84CAA89617924D616988490E4D0FA6601D761F027056BF0A0156BFC8
:2081500001412B42761F02DD9B00D50956BF0A4392235C222B442B45767076528F00B77893
:208160007670B6C39A009B0276711CA26F6E92499E4D88A9A34C0200F61F561700A63F4E4A
:20817000924E526E691D761F027056BF0A0156BF01412B42761F02DD9B00D50956BF0A438F
:2081800092235C222B442B45767076528F00B7787670B6C39A009B0276711CA26F4656BF5C
:208190000141761F02DD2B429B00D50992235C2256BF0A4356BF01442B45767076528F0097
:2081A000B7787670B6C3761F02DCCC261000FFCB5201602B9A009B0276711CA26F26922FE2
:2081B00061222B2F4D506D1D761F027056BF280156BF01412B42761F02DD9B00D50956BFA0
:2081C000284392235C222B442B45767076528F00B7787670B6C39A009B0276711CA26F0507
:2081D0009A006F049A006F029A01FE900006FE067670D60A761F02FD9E1A96461BA9012C65
:2081E00065042846012C6F04520063022B4692469B0A00F11EBF761F02DC901FFF88CD1708
:2081F000C1FFCAA8961756BF01412B42D5109B009643921496449225761F02DD96455C226F
:208200009223767076528F00B7787670B6B8761F02FD56BF0119FE860006FE082B472B48B1
:208210002B469246520C675528AC000C58468F00B79292945201604930468F00B80056015F
:2082200000A440C46C0456BF01476F4330468F00B800560100A4CCC407FF88A9761F02E021
:20823000CC0007FF0EA90FA6602E30468F00B801560100A488C40E010FA6602530468F000F
:20824000B802560100A488C40E020FA6601C30468F00B803560100A488C40E030FA660139C
:2082500030468F00B804560100A488C40E040FA6600A30468F00B805560100A488C40E05B9
:208260000FA6610356BF01480A469246520C68AF924752016038761F02DD2B079246613A0D
:2082700028AC000C8F00B8003046560100A4CCC4FFFE961530468F00B801560100A492C40F
:20828000961730468F00B802560100A492C4960D30468F00B803560100A492C4960E304653
:208290008F00B804560100A4761F02DC92C4961A30468F00B805560100A492C49619767067
:2082A00083186F089248520160032B466F039A006F6E761F02DD9210520261039A006F6784
:2082B0009A0076711C64761F02DD961E76707182761F02DD9210520261039A006F58767097
:2082C0007BAC761F02DD401E6CE5924760039248612856BF014128AC000C8F00B8002B42CA
:2082D0003046560100A492C496438F00B8013046560100A492C496448F00B80230465601EF
:2082E00000A4D5119B0092C45C2296459223767076528F00B7787670B6C32B472B486FBA1C
:2082F00056BF014128AC000C8F00B8032B423046560100A492C496438F00B80430465601C8
:2083000000A492C496448F00B8053046560100A4D5129B0092C45C22964592237670765238
:208310008F00B7787670B6C39A016F01FE880006FE022B41761F02DDCC15000EFFC0600D9E
:208320007670D60A1BA90898610828A908987670D60056BF01416F26761F02DDCC15000E2E
:20833000FFC05201600D7670D60A1BA908FC610828A908FC7670D60056BF01416F13761FB8
:2083400002DDCC15000EFFC05202600C7670D60A1BA90960610728A909607670D60056BF6A
:208350000141761F02DD44156D147670D61988A98F001388A8A90FA6610C28A91388767088
:20836000D60E28A94E207670F95D56BF01416F1A761F02DDCC150010FFC3520160137670EB
:20837000D61988A98F001770A8A90FA6610B28A917707670D60E28A9411B7670F95D56BFA5
:2083800001417670D6CF761F02DDCD1500E0FFD455A96108CC1500E0FFC47670D6C556BF86
:2083900001417670D6EB761F02DDCD150300FFD755A96108CC150300FFC77670D6E156BFF2
:2083A00001417670D6DD761F02DDCD150400FFD955A96108CC150400FFC97670D6D356BFF8
:2083B00001417670D66D08A9FE70761F02DD0EA91EA6921790FF80A906A60FA7610992175E
:2083C00090FF08A901907670D66356BF01417670D65F08A9FE70761F02DD0EA91EA6CC174A
:2083D000FF00FFC780A906A60FA7610ACC17FF00FFC708A901907670D65556BF014176709A
:2083E000D62708A9FE70761F02DD0EA91EA6920D90FF80A906A60FA76109920D90FF08A970
:2083F00001907670D61D56BF01417670D63508A9FE70761F02DD0EA91EA6CC0DFF00FFC70F
:2084000080A906A60FA7610ACC0DFF00FFC708A901907670D62B56BF01417670D68908A952
:20841000FE70761F02DD0EA91EA6920E90FF80A906A60FA76109920E90FF08A90190767074
:20842000D67F56BF01417670D69708A9FE70761F02DD0EA91EA6CC0EFF00FFC780A906A6BB
:208430000FA7610ACC0EFF00FFC708A901907670D68D56BF01417670D643761F02DC0EA961
:208440001EA6921A90FF80A906A60FA76107CC1A00FF7670D63956BF01417670D651761F57
:2084500002DC0EA91EA6CC1AFF00FFC780A906A60FA76108CC1AFF00FFC77670D64756BF51
:2084600001417670D6A5761F02DC0EA91EA6921990FF80A906A60FA76107CC1900FF767074
:20847000D69B56BF01417670D6B3761F02DC0EA91EA6CC19FF00FFC780A906A60FA7610829
:20848000CC19FF00FFC77670D6A956BF01419241520160099A059B0176711CA2761F02DC94
:2084900056BF0231FE820006FE02761F02FF922A5203610752056105520261039A006F630E
:2084A00056BF01419241520C675D28AC000C58418F00B79292945201605130418F00B80637
:2084B000560100A4761F02DC92C4961B761F02FF922A52036017761F02DC921B900F520503
:2084C0006105921B900F52026039761F02DD42056D079A049B0376711CA29A016F349A0015
:2084D0006F325205610352026015761F02DC921B900F52036023761F02DD40056D0941055B
:2084E0006D079A049B0276711CA29A016F1C9A006F1A761F02DC921B900F52056109921BB2
:2084F000900F52026105921B900F520360079A049B0476711CA29A016F060A419241520C9D
:2085000068A79A00FE8200060006FE02964128AC000C8F00B80A3041560100A4761F02DC3F
:2085100092C496159001520160031A140001CC150002FFC0520160031A140002CC1510005B
:20852000FFCB520160031A141000CC158000FFCE520160031A148000CC152000FFCC5201CC
:2085300060031A142000CC1503FCFFC17239CC150C00FFC95201610492295201600456BF3B
:2085400001296F0DCC150C00FFC95202610492295202600456BF02296F022B294E146D0AB6
:20855000CC154000FFCD520160051A14400092419616FE820006FE029641761F02DC9630E3
:20856000FE820006761F02DC922E6016761F02FD921261057670F4865200600E761F02DC9B
:208570004D256C0D7670D5EE52016509761F02DC56BF012F6F04761F02DC2B2E0006761F04
:2085800001BF1A0C80001A0C2000761F02FF2B07761F01BF1A040001761F02CF2B2B761FA2
:2085900002CF2B2A761F02FF2B35761F02CF2B29761F02CF2B279A007670DB7F9A007670E3
:2085A000DBD99A0076710AC49A0076710B22761F02FF922A6004767085CF6FFA52016004FA
:2085B000767086C66FF55205600476708EBC6FF052026004767093056FEB5203600476709C
:2085C00094C66FE652046004767097D56FE152066004767099F26FDC56BF012A6FD9FE0290
:2085D00056BF9641761F01BF1A0A02001A0C8000761F02CF2B2B761F02CF2B27761F01BFB5
:2085E0001A0C2000761F02FF2B07761F01BF1A0400011A0C10009A017670D836761F02CFCE
:2085F0002B2A761F02FF2B352B309A007670DB7F9A007670DBD99A0076710AC49A007671E7
:208600000B223B10761F02CE2B0D761F02CE2B15761F02CE2B3C761F02CE2B37761F02CFA7
:208610002B0D761F02CF2B1429109A00FF6976711C64761F02FF962C402C6CF8761F02DD2F
:2086200092046011761F01A09204761F02DD7203761F01A59204761F02DC723E761F02DD16
:2086300056BF01040B4160E2761F02CE920E52C8630A1B0EFF3865073B10761F02CE960DD7
:2086400029106F0A761F027056BF1601761F02FF56BF042A6F79761F02CE921252C8630AE4
:208650001B12FF3865073B10761F02CE961529106F0A761F027056BF1701761F02FF56BF4E
:20866000042A6F62761F02CE923F52C8630A1B3FFF3865073B10761F02CE963C29106F0A0D
:20867000761F027056BF1801761F02FF56BF042A6F4B761F02CE923452C8630A1B34FF38EA
:2086800065073B10761F02CE963729106F0A761F027056BF1901761F02FF56BF042A6F348D
:20869000761F02CF920E52C8630A1B0EFF3865073B10761F02CF960D29106F0A761F027064
:2086A00056BF1A01761F02FF56BF042A6F1D3B01761F02CF8510FF5652C863083B10921027
:2086B000761F02CF961429106F0A761F027056BF2F01761F02FF56BF042A6F06761F02FFB8
:2086C00056BF012A6F01FF69FE820006FE0256BFFA41761F02FF2B077670E46252016013F2
:2086D0007670E75B5201600F761F02FD9212610B761F01BF1A0200011A0A10009A007670D6
:2086E000D8366F0A761F01BF1A0400011A0C10009A017670D836761F02FF2B302B069A00FE
:2086F00076710AC49A0076710B22761F02CF922A6130761F02CF922B6005761F02CF9227AD
:208700006121761F02BD9238611776711AD69A009B64D40FD50076711A549A009B64D40F48
:20871000D50076711A549A009B64D40FD50076711A5476711AE1761F02CF2B2B761F02CF75
:208720002B27761F02CF2B2A761F02CF2B296F07761F02CF2B2B761F02CF2B27761F02FFF2
:208730002B35761F02CE2B3B761F02FF9234600476709A716F022B34761F02FF922A5204D5
:2087400061269A0076711C64761F02FF962C422C6C0456BF042A6F1B402C6CF4924161038B
:208750000B416FF056BF01369204610456BF012A6F0E76708768761F02FF962A5201600775
:2087600076708780761F02FF962A6F01FE820006FE022B419A0076711C64761F02FF962CFB
:20877000422C6C069A0076710B229A046F08402C6CF29A0076710B229A016F01FE8200063D
:20878000FE042B412B422B439A0076711C64761F02FF962C422C6C049A04FFEF0186432CD7
:208790006C0356BF01414B2C6C0356BF0143402C6CEC7670F4B65200FFE100987670E4627A
:2087A00052006003924161077670E75B52006055924360537670D8065200600C7670E75B68
:2087B0005200600892436006761F02FF56BF01176F157670E4625200600792416005761FBB
:2087C00002FF2B176F0B7670E75B5200600792436005761F02FF56BF0117761F02FD412900
:2087D0006D0542296D0343296C0D0A429242523265AC761F02FF56BF033676708915FFEF4C
:2087E0000134761F02FF922D6111761F02DC4C256C0D0A42924252326598761F02FF56BFD4
:2087F000043676708D06FFEF0120761F02FF56BF05369A01FFEF0119761F02FF920B611872
:208800007670F4DA52006114761F02FD40296C09761F02FF56BF0F3676708C87FFEF01058E
:20881000761F02FF56BF10369A01FFEF00FE761F02FD92126013761F02FF9209600F922DC6
:20882000610D761F02BD92386009761F02FF56BF063676708BC7FFEF00E8761F02FF56BFA3
:208830000E369A01FFEF00E17670E46252006003924161097670E75B5200FFE000869243A8
:20884000FFE000837670D8065200600C7670E75B5200600892436006761F02FF56BF011754
:208850006F157670E4625200600792416005761F02FF2B176F0B7670E75B5200600792435F
:208860006005761F02FF56BF0117761F02FF922D6105761F02DC4C256D12761F02FD4029B5
:208870006D0E41296D0C42296D0A43296D08761F02FF56BF07369A01FFEF00977670D6EB18
:208880005202602B761F02FF922D6127761F02DC4C256C237670F4C25200601F761F02FFA6
:20889000920B601B7670F4DE52006117761F02FB92066013761F02DD9200600F761F02DCA9
:2088A00092305205610A52026108761F02FF56BF083676708B0E6F68761F02DC92305203AE
:2088B0006007761F02FF56BF18369A016F5D0A4292425232FFE5FECA761F02FF56BF0936A7
:2088C000767089156F517670F49652006009761F02FF922D6105761F02DC4C256D1C761F6C
:2088D00002FD92126107761F02FF56BF1E369A016F3B761F02FD40296C08761F02FF56BF1D
:2088E0001F3676708C876F30761F02FF56BF20369A016F2A7670F4DE5200601F761F02FD39
:2088F00092126107761F02FF56BF21369A016F1C761F02FF9209FFE0FE89922DFFE1FE867A
:20890000761F02BD9238FFE0FE81761F02FF56BF223676708BC76F08761F02FF56BF233625
:2089100076708B0E6F01FE840006FE08284107D056BFFA4256BF32432B452B462B472B48E9
:20892000761F01BF1A0400011A0C10009A017670D8367670F4B6520060049A0376710B2207
:208930009A0076711C64761F02FF962C422C6C0E761F01BF1A040001761F02FF2B309A00E7
:2089400076710B229A04FFEF014292176003432C6D05520160104B2C6C0E761F01BF1A0420
:208950000001761F02FF2B309A0076710B229A01FFEF012D452C6C0E761F01BF1A04000151
:20896000761F02FF2B309A0076710B229A01FFEF011E462C6C0E761F01BF1A040001761FBB
:2089700002FF2B309A0076710B229A01FFEF010F402C6CB77670F4B652006007924660052F
:2089800092475201FFE00081761F01BF1A04000156BF324376710B74520061049A007671AF
:208990000B22761F02FF92176006761F02F7923F96446F05761F02F7920596441BA902BCC7
:2089A0006703284402BC28AC00B529013044FF4608A9FC189644761F02D4542466520B4230
:2089B000FFE000B8761F02FF2B0776711AD69A009B64D40FD50076711A549A009B64D40F4F
:2089C000D50076711A54761F02BD923861089A019B02D40FD50076711A546F079A019B32C3
:2089D000D40FD50076711A54761F02FF92176009761F02CF2B27761F02CF56BF012B6F08FC
:2089E000761F02CF2B2B761F02CF56BF0127924661119A009B64D40FD50076711A549A008E
:2089F0009B64D40FD50076711A54761F02FF56BF010776711AE12B472B489A05FFEF0087CD
:208A000056BFFA426F6676710B745203610756BF32439A0376710B226F5C924361030B4380
:208A10006F58761F03012D3D35079644761F02D454246629761F01BF1A04000156BF964392
:208A200056BF0145761F03029202761F02D408A9012C542466093507761F0302930208A862
:208A3000012C54A867369A0076710B22761F02FF56BF010756BF01461B4101F4672A284158
:208A400001F46F27761F01BF1A02000192476020761F03011B3D01CC69041B4103E86718CF
:208A5000761F02FF92176006761F02F81B05070867085201600D761F02F71B140708680838
:208A60000A489248520A680556BF01476F022B480B41FFE0FEC7761F02FF92076008924562
:208A70006106761F027056BF1D016F05761F027056BF0301761F01BF1A0400019A007671BC
:208A80000B222B472B489A046F01FE880006FE04284103E856BF324256BF3243761F01BF6C
:208A90001A04000176710B74520361079A0076710B229A0376710B229A0076711C64761F8F
:208AA00002FF962C422C6C072B309A0076710B229A046F6392176003432C6D0552016009F0
:208AB0004B2C6C072B309A0076710B229A0A6F55452C6C072B309A0076710B229A016F4D07
:208AC000462C6C072B309A0076710B229A036F45402C6CD3761F02CE922E61099A0076719C
:208AD0000AC49A0076710B229A056F37924361030B436F2C9AC8761F02D49424761F02BDCA
:208AE00054286822924261030B426F20761F03029202761F02D408A9012C5424660C761F66
:208AF00003012D3D3507761F0302930208A8012C54A8670C9A0076710B22761F02FF56BFE8
:208B000001079A056F0A56BF32420B4160969A0076710B229A056F01FE840006FE042842B9
:208B100007D056BF32432B449A0376710B22761F02FF92146110761F03011B3D01E0670BD3
:208B2000761F02FD921261079A0076710B229A01FFEF009D761F02FF2B149A0076711C64EB
:208B3000761F02FF962C422C6C0B761F01BF1A0400019A0076710B229A04FFEF0088452C41
:208B40006C0A761F01BF1A0400019A0076710B229A016F7C402C6CE27670F4965200600516
:208B50007670F4DE5200600A761F01BF1A0400019A0076710B229A016F69761F02FF9207CD
:208B60006114924361030B436F4776710B74520060059A0176710B226F3F76710B7452020F
:208B7000603B76708C126F52924361030B436F34761F03012D3D35079641761F02D45424E2
:208B80006627761F01BF1A04000156BF964356BF0144761F03029202761F02D408A9012C15
:208B9000542466093507761F0302930208A8012C54A867129A0076710B22761F02FF56BFC8
:208BA00001071B4201F46708284201F46F05761F01BF1A0200010B426081761F02FF92074A
:208BB000600392446106761F027056BF1D016F05761F027056BF0301761F01BF1A040001C3
:208BC0009A0076710B229A046F01FE840006FE02284101F4761F01BF1A040001761F02FFE9
:208BD00056BF010656BF01309A0076711C64761F02FF962C422C6C0A761F01BF1A04000172
:208BE0009A0076710B229A046F2C452C6C0A761F01BF1A0400019A0076710B229A016F215A
:208BF000402C6CE3761F02FD921252016105761F02FF922D60039A016F14761F02FD9204B9
:208C0000761F02D45424660476708C126F0A0B4160CC761F02FF56BF01092B309A016F0177
:208C1000FE820006FE0256BFFA41761F02CF922A6013761F02BD9238600F76711AD69A01DA
:208C20009B50D40FD50076711A5476711AE1761F02CF56BF012A76711AD69A019B02D40FC2
:208C3000D50076711A5476711AE176710B1E5202610A9A0276710AC4761F03032B04761F99
:208C400003032B079A0076711C64761F02FF962C422C6C099A0076710AC49A0076710B22A3
:208C50009A046F34402C6CEF7670F4DE5200600D761F02FF920660099A0076710AC49A0005
:208C600076710B229A016F22761F02FD9211761F03039CFE542567039A036F180B4160D3C2
:208C70009A0076710AC49A0076710B22761F02FF920661062B3056BF01099A016F07761F32
:208C8000027056BF04019A046F01FE820006FE02284101F456BF3242761F01BF1A04000159
:208C9000761F02FF56BF01309A0376710B229A0076711C64761F02FF962C422C6C0A761F65
:208CA00001BF1A0400019A0076710B229A046F5D452C6C0A761F01BF1A0400019A007671E1
:208CB0000B229A016F52402C6CE3761F02FD9212520161057670F4DA520060069A00767182
:208CC0000B229A016F42761F02FF9207610A924261030B426F2E9A0276710B229A066F356B
:208CD000924261030B426F25761F02FD9204761F02D45424661E761F03029202761F02D441
:208CE00008A9012C5424660C761F03012D3D3507761F0302930208A8012C54A8670A56BFDF
:208CF00096429A0076710B22761F02FF56BF01070B41609E761F02FF56BF01092B309A0037
:208D000076710B229A016F01FE820006FE04284103E856BFFA42761F01BF1A0400019A00F9
:208D100076711C64761F02FF962C422C6C039A046F7492176003432C6D05520160054B2C0A
:208D20006C039A016F6A452C6C039A016F66402C6CE752016006761F02F7920596436F0516
:208D3000761F02F7923F96431BA902BC6703284302BC28AC00B529013043FF4608A9FC18A6
:208D40009643761F02D4542466390B42603976711AD69A009B64D40FD50076711A549A00BB
:208D50009B64D40FD50076711A54761F02BD923861089A019B02D40FD50076711A546F07B5
:208D60009A019B32D40FD50076711A5476711AE1761F02FF92176009761F02CF2B27761FA7
:208D700002CF56BF012B6F08761F02CF2B2B761F02CF56BF01279A026F1056BFFA420B4143
:208D8000608F761F02FF922A52046105761F027056BF03019A046F01FE840006FE0A5CAD0F
:208D90008F7315980207DC885CA476711EFF2B497670D7AF761F02FF960C761F02F9923C2D
:208DA0009644923D96437670D793761F02FAFFC790FF96197670D793761F02FA90FF961A2C
:208DB0007670D7A1761F02FAFFC790FF96047670D7A1761F02FA90FF96057670D793761FC7
:208DC00002FAFFC790FF960B7670D793761F02FA90FF960C7670D793520060087670D7A127
:208DD000520060049A00FFEF00E77670D6CF5203600D761F02AD92146106761F02AD9203E7
:208DE00096416F049A00FFEF00D7761F02FA0E04761F02FA88190FA6601A88190E440FA61E
:208DF000602D761F02FA88040E440FA660279243761F02FA541A6808761F02FA5405660493
:208E000056BF01496F1B9A00FFEF00B6924454196812761F02FA5404660E88040E440FA67E
:208E100060079243540569049A00FFEF00A556BF01496F049A00FFEF009F92495201FFE00D
:208E2000009A761F02FF920C6127880C8F00FFFFA8A90FA6610F761F02FA2D0B313C2D449E
:208E3000353C9443EAAB92AB9E0C761F02FF540C67137670D6CF520361077670D7BD761F97
:208E40000301543D67097670D6CF520360227670D7CB5441681E7670D6CF5203610C7670D5
:208E5000D7BD761F0301543D6806761F02FF56BF012E6F0D7670D6CF520360097670D7CBAF
:208E600054416805761F02FF56BF01319A006F53761F02FF880C8F00FFFFA8A90FA6610F8A
:208E7000761F02FA2D0B313C2D44353C9443EAAB92AB9E0C761F02FF540C673C7670D6CF53
:208E80005203611D761F02FF922E5201600E7670D7BD9B28761F030195A9553D670E761F38
:208E900002FF2B2E9A016F277670D7BD761F0301543D67039A016F1F9A006F1D761F02FF44
:208EA00092315201600F7670D7CB9B6495A9554168041B4103DE690C761F02FF2B319A0127
:208EB0006F0A7670D7CB544167039A016F049A006F029249FE8A0006FE0856BFFA4156BFB5
:208EC000FA42284301F4284475302B452B46761F02FF92176009761F02CF2B27761F02CF3E
:208ED00056BF012B6F08761F02CF2B2B761F02CF56BF0127761F02FF2B062B132B129A008F
:208EE00076711C64761F02FF962C422C6C0E2B309A0076710AC49A0076710B22761F02FFDD
:208EF00056BF042AFFEF0411452C6C0556BF012AFFEF040B761F01BF48086C1A76708D8ED1
:208F000052006105761F02BD9238611276711AD69A019B50D40FD50076711A5476711AE1BC
:208F1000761F02CF2B29761F02CF56BF0131761F02FF492C6C12761F02BD92386008761F36
:208F200002CF2B2A761F02CF2B296F07761F02FF56BF012AFFEF03D9761F02FF482C6C4C79
:208F3000761F02CF922A6112761F02FF92176005761F02CF922B610A761F02FF92175201C8
:208F4000603B761F02CF92276037761F02FF92356133761F02BD9238610C76711AD69A01D2
:208F50009B02D40FD50076711A5476711AE16F0B76711AD69A019B50D40FD50076711A5491
:208F600076711AE1761F02CF56BF012A761F02FF92176009761F02CF2B27761F02CF56BF8E
:208F7000012B6F0A52016008761F02CF2B2B761F02CF56BF0127761F02FF92176003432C11
:208F80006D05520160104B2C6C0E761F02BD923861069A049B0376711CA26F05761F02FF3B
:208F90001A2C0040761F02FF462CFFEC00DE9A0076710AC4761F02CF922A5201606D7670F3
:208FA000F496520060697670F4DE52006165761F02FF920761612B30761F02CF2B2B761F9F
:208FB00001BF1A0A1000761F02FF921752016004761F02CF2B279A007670D83676710B740B
:208FC000520261049A0276710B22761F02BD9238612476711AD69A029B00D40FD5007671D8
:208FD0001A549A009B14D40FD50076711A549A029B00D40FD50076711A549A009B14D40F4D
:208FE000D50076711A549A029B00D40FD50076711A5476711AE16F1A7670D6DD5200610C40
:208FF00076711AD69A009B32D40FD50076711A5476711AE16F0B76711AD69A009B50D40F7B
:20900000D50076711A5476711AE1761F02FF56BF032AFFEF02FA761F02CF922A5201605558
:209010007670F4B6520060057670F4DE5200604D761F02FF92076049761F02FD921260458D
:20902000761F02BD92386041761F02FF56BF013076710B74520061049A0076710B22761F35
:2090300002FF56BF0106761F02CF2B2B761F01BF1A0A1000761F02FF921752016004761F33
:2090400002CF2B279A007670D8367670D6DD5200610C76711AD69A009B32D40FD50076712A
:209050001A5476711AE16F0B76711AD69A009B64D40FD50076711A5476711AE1761F02FF41
:2090600056BF032AFFEF02A1761F02FF2B309A0076710AC49A0076710B22761F02FF56BF84
:20907000012AFFEF0292402CFFECFE6B924461020B449217FFE00096922D6157761F02DCE3
:209080004C256C53761F02BD9238600E761F01BF4D086C05761F02FF2B356F5D761F02FFA1
:2090900056BF01356F58761F01BF4D086C074F086C05761F02FF2B356F4E4D086C0E4F08F0
:2090A0006D0C761F02FF0A0A920A5203654456BF030A56BF01356F3F761F02FF2B35761F4D
:2090B00001BF4F086C0C761F02CF2B2B761F02FF2B0A761F01BF1A0C10006F2D761F02FFCD
:2090C0000A0A920A520365272B0A76711AD69A019B50D40FD50076711A5476711AE1761FE9
:2090D00002CF56BF012A6F17761F01BF4D086C0D4F086C0B761F02BD92386107761F02FFDC
:2090E00056BF012AFFEF0221761F02CF2B2A761F02FF2B35761F01BF4D08FFEC00B34F08CF
:2090F000FFEC00B0761F02BD9238FFE000AB76708D8E5201FFE000A6761F02CF9229600BB8
:2091000076711AD69A019B50D40FD50076711A5476711AE1761F02CF56BF0129FFEF0092DE
:209110005201FFE0008F922D6156761F02DC4C256C52761F02BD9238600E761F01BF4D0830
:209120006C05761F02FF2B356F5C761F02FF56BF01356F57761F01BF4D086C074E086C0572
:20913000761F02FF2B356F4D4D086C0E4E086D0C761F02FF0A0A920A5203654356BF030A6A
:2091400056BF01356F3E761F02FF2B35761F01BF4E086C0B761F02CF2B27761F02FF2B0A7C
:209150009A017670D8366F2D761F02FF0A0A920A520365272B0A76711AD69A019B50D40F38
:20916000D50076711A5476711AE1761F02CF56BF012A6F17761F01BF4D086C0D4E086C0BC7
:20917000761F02BD92386107761F02FF56BF012AFFEF018B761F02CF2B2A761F02FF2B3558
:20918000761F01BF4D086C1D4E086C1B761F02BD9238601776708D8E52016013761F02CFFD
:209190009229600B76711AD69A019B50D40FD50076711A5476711AE1761F02CF56BF0129A8
:2091A000761F02FF922D6105761F02DC4C256D13761F02FD40296D0F41296D0D42296D0B50
:2091B00043296D090B436009761F02FF56BF012AFFEF014B284301F4761F02FF92176005F2
:2091C0007670E4625200602C761F02FF9217520160057670E75B520060237670D6EB520296
:2091D000602C7670F4C252006028761F02FF922D6124761F02DC4C256C20761F02FF920B00
:2091E000601C7670F4DE52006118761F02FB92066014761F02DC47176D109244600E761FAB
:2091F00002BD923861069A049B0376711CA26F059A009B0676711CA2761F02CE922E6012A3
:20920000761F02FF92176005761F02CF922B610A761F02FF921752016024761F02CF9227E7
:209210006020761F02FF56BF143656BFFA4156BFFA422B462B3076710B1E520061049A00FB
:2092200076710AC476710B74520061049A0076710B22761F02CE922E520160312B2E6F2FAE
:20923000761F02FD41296D1342296D1143296D0F761F02FF56BF153656BFFA4176710B1E79
:209240005200611D9A0076710AC46F1992416107761F02FF56BF16360B416F11761F02FFD3
:2092500056BF173676710B1E520361099A0376710AC4761F02FF2B3056BFFA42761F02FDA5
:2092600092126018761F02FF9207600B76710B1E52036107761F02FF2B3056BFFA426F0FAB
:20927000924261030B426F0B761F02FF56BF01306F06761F02FF2B3056BFFA42761F02FFB6
:20928000920761247670F4B652006105761F02FF920B611C7670F4DA52006118761F02FFA3
:209290009230600576710B1E5203601076710B74520261090A469246521969052B469A0290
:2092A00076710B222B45FFEFFC3C2B4676710B74520061049A0076710B227670F4B65200E6
:2092B0006105761F02FF920B613B761F02FF9207602976710B1E520360257670F4DA5200C1
:2092C0006121761F02FF2B3056BFFA4276708A87964752056122520360069A009B0676713F
:2092D0001CA26F1B520A60069A009B0376711CA26F149A0076710AC4761F02FF9247962A96
:2092E0006F23761F02FF920761087670F4B652006104761F02FF2B072B45FFEFFBF2920751
:2092F00061022B07761F02FD9212610B0A45924552FAFFE9FBE6761F02FF56BF022A6F04A0
:209300002B45FFEFFBDEFE880006761F02FF2B3076710B1E520061049A0076710AC476719C
:209310000B74520061049A0076710B22761F01BF1A0C10009A017670D836761F02FF2B136B
:209320002B129A0076711C64761F02FF962C422C6C0556BF042AFFEF019A452C6C0556BFF5
:20933000012AFFEF019492176003432C6D05520160074B2C6C0556BF012AFFEF0188492CB4
:209340006C12761F02BD92386008761F02CF2B2A761F02CF2B296F07761F02FF56BF012A48
:20935000FFEF0175761F02FF482C6C4A92356148761F02CF922A6112761F02FF9217600530
:20936000761F02CF922B610A761F02FF921752016037761F02CF92276033761F02BD923866
:20937000610C76711AD69A019B02D40FD50076711A5476711AE16F0B76711AD69A019B509B
:20938000D40FD50076711A5476711AE1761F02CF56BF012A761F02FF92176009761F02CF2A
:209390002B27761F02CF56BF012B6F0A52016008761F02CF2B2B761F02CF56BF0127761F9C
:2093A00002FF462C6C0556BF012AFFEF0120402CFFECFF79922D6105761F02DC4C256D072E
:2093B000761F02FF56BF012AFFEF01117670F4B6520060057670F4DA5200600D761F02FD79
:2093C00092126005761F02FF92096105761F02FF920B610876708915761F02FF962AFFEF89
:2093D00000F6761F01BF48086C1A76708D8E52006105761F02BD9238611276711AD69A01A0
:2093E0009B50D40FD50076711A5476711AE1761F02CF2B29761F02CF56BF0131761F02FF96
:2093F00092176078761F02BD9238600E761F01BF4D086C05761F02FF2B356F46761F02FFF4
:2094000056BF01356F41761F01BF4D086C074F086C05761F02FF2B356F374D086C0E4F08AA
:209410006D0C761F02FF0A0A920A5203652D56BF030A56BF01356F28761F02FF2B35761F07
:2094200001BF4F086C0C761F02CF2B2B761F02FF2B0A761F01BF1A0C10006F16761F02FF70
:209430000A0A920A520365102B0A76711AD69A019B50D40FD50076711A5476711AE1761F8C
:2094400002CF56BF012A761F01BF4D08FFECFEDB4F08FFECFED8761F02BD9238FFE0FED3A7
:2094500076708D8E5201FFE0FECE761F02CF9229600B76711AD69A019B50D40FD500767175
:209460001A5476711AE1761F02CF56BF0129FFEFFEBA5201FFE0FEB7761F02BD92386010DC
:20947000761F01BF4D086C06761F02FF2B35FFEFFEAA761F02FF56BF0135FFEFFEA4761F2E
:2094800001BF4D086C084E086C06761F02FF2B35FFEFFE994D086C104E086D0E761F02FFC8
:209490000A0A920A5203FFE5FE8E56BF030A56BF0135FFEFFE88761F02FF2B35761F01BF1B
:2094A0004E086C0C761F02CF2B27761F02FF2B0A9A017670D836FFEFFE76761F02FF0A0AC0
:2094B000920A5203FFE5FE6F2B0A76711AD69A019B50D40FD50076711A5476711AE1761F44
:2094C00002CF56BF012AFFEFFE5E0006FE042B4156BFFA4256BFFA43761F01BF1A0A100091
:2094D0009A007670D83676710B1E520261049A0276710AC4761F02E9410F6D031A0F000269
:2094E000761F02FF9206600876710B74520261049A0276710B227670F4D29A0076711C645A
:2094F000761F02FF962C422C6C0E2B309A0076710AC49A0076710B22761F02FF56BF042AEB
:20950000FFEF02D3452C6C099206610356BF010956BF012AFFEF02C9482C6C17761F02CF31
:20951000922A60137670F9A35201600F76711AD69A019B50D40FD50076711A5476711AE17C
:20952000761F02CF56BF012A761F02FF492C6C0C761F02CF2B2A761F02FF922D600556BF78
:20953000012AFFEF02A2472CFFEC00FD9217607A92066110761F02D49224761F02F808A916
:2095400003E854046707761F02FF56BF012AFFEF028C76711AD6761F02BD923861209A01F7
:209550009B02D40FD50076711A54761F02FF2B309A0076710AC49A0076710B22761F02FFCD
:209560002B079A009B32D40FD50076711A549A019B02D40FD50076711A546F299A009B64CF
:20957000D40FD50076711A549A009B64D40FD50076711A549A029B00D40FD50076711A54E4
:20958000761F02FF2B309A0076710AC49A0076710B22761F02FF2B07761F02CF56BF022B6D
:209590009A029B32D40FD50076711A54761F02CF56BF012B761F02FF920660119A009B6466
:2095A000D40FD50076711A549A009B64D40FD50076711A54761F02FF56BF010776711AE163
:2095B0006F7B5201607992066110761F02D49224761F02F708A903E854116707761F02FFC8
:2095C00056BF012AFFEF021176711AD6761F02BD923861209A019B02D40FD50076711A548F
:2095D000761F02FF2B309A0076710AC49A0076710B22761F02FF2B079A009B32D40FD500A6
:2095E00076711A549A019B02D40FD50076711A546F299A009B64D40FD50076711A549A00F9
:2095F0009B64D40FD50076711A549A029B00D40FD50076711A54761F02FF2B309A00767199
:209600000AC49A0076710B22761F02FF2B07761F02CF56BF02279A029B32D40FD50076715A
:209610001A54761F02CF56BF0127761F02FF920660119A009B64D40FD50076711A549A004A
:209620009B64D40FD50076711A54761F02FF56BF010776711AE1761F02FF56BF052AFFEFC1
:2096300001A4432C6C022B41402CFFECFEB8761F01BF4D086C05761F02FF2B356F0D7670AC
:20964000F9A352016006761F02FF56BF01356F04761F02FF2B35761F01BF48086C1A76705A
:209650008D8E52006105761F02BD9238611276711AD69A019B50D40FD50076711A54767145
:209660001AE1761F02CF2B29761F02CF56BF0131761F02FF92186106921A61030B1A6F023B
:209670002B18761F01BF4D08FFEC00A67670F9A35201FFE000A1761F02FF9218FFE0009C4C
:209680007670E46252006005761F02FF9219610C7670E75B5200FFE0008F761F02FF921910
:209690005201FFE000897670D8065200600D7670E75B52006009761F02FF921952016004A1
:2096A00056BF01176F167670E46252006007761F02FF921960032B176F0C7670E75B520038
:2096B0006008761F02FF92195201600356BF0117761F02FF9206600B7670F4DE5200600704
:2096C00092415232690656BFFA416F0356BFFA43924152FA67030A416F797670D6EB5202F9
:2096D0006019761F02FF920660157670F4C252006011761F02FB9206600D761F02DC471797
:2096E0006D09761F02FF920B60057670F4DE5200605D761F02FF920661209217600A761F3E
:2096F00002D49224761F02F808A903E85404680F761F02FF921752016010761F02D49224B1
:20970000761F02F708A903E854116707761F02FF56BF012AFFEF00C9761F02BD923861063A
:209710009A049B0276711CA26F319A009B0776711CA26F2C761F02CF2B2B761F02CF2B27C9
:209720002B417670F49652006109761F02FF920660059A049B0476711CA27670F4DE520012
:209730006013761F02FF9206600F0B436105761F02BD9238600B56BF0143761F02FF56BFC8
:20974000012AFFEF009256BFFA43761F02FF922D611B761F02DC4C256C17761F02FF9206A6
:209750006105761F02BD9238600F761F02FF92066116920B60097670F4B652006010767023
:20976000F4DA5200610C9A0076710AC49A0076710B22761F02FF56BF012A6F66761F02FD20
:209770009212600A924261030B426F17761F02FF56BF01306F12761F02FF2B3056BFFA4221
:209780009206610B56BF01099A0076710AC4761F02FF56BF012A6F48761F02FF9206601527
:209790007670F4CE520060117670F4DA5200610D7670F4DE5200610976710B745202610C3F
:2097A0009A0276710B226F0876710B74520061049A0076710B22761F02CF922AFFE1FD3F79
:2097B0007670F9A35201FFE0FD3A761F02BD9238FFE0FD3576708D8E5201FFE0FD30761F8A
:2097C00002CF9229600B76711AD69A019B50D40FD50076711A5476711AE1761F02CF56BFCB
:2097D0000129FFEFFD1CFE840006FE062B422B432B442B452B46761F02FF2B07761F01BF74
:2097E0001A0400011A0C10009A017670D836761F02FF2B309A0076710AC49A0076710B2297
:2097F000761F02709201964152096004761F02FF0A2052016004761F02FF0A1B520760043A
:20980000761F02FF0A1D52086004761F02FF0A27520A6004761F02FF0A2952216004761F11
:2098100002FF0A3252226004761F02FF0A2152236004761F02FF0A2352126109521361072B
:209820005214610552206103521F6004761F02FF0A0E761F02CF922A6150761F02FF9217F1
:209830006023761F02CF922B6142761F02BD9238611776711AD69A009B64D40FD50076712A
:209840001A549A009B64D40FD50076711A549A009B64D40FD50076711A5476711AE1761FD7
:2098500002CF2B2B6F2452016022761F02CF9227611E761F02BD9238611776711AD69A00C4
:209860009B64D40FD50076711A549A009B64D40FD50076711A549A009B64D40FD5007671FE
:209870001A5476711AE1761F02CF2B27761F02CF2B2A761F02CF2B29761F02CF2B2B761F0A
:2098800002CF2B27761F02FF2B35422C6C05761F027092019641761F02FF402CFFEC015A17
:2098900092416006761F0270920196416F118841761F02700E010FA6610A1B4201F46703D3
:2098A0000A426F062B42924196016F022B429241520A60117670D7155201600A761F02FF6D
:2098B00092295203670556BF0143FFEF00F52B43FFEF00F25205600C761F02CF923C600536
:2098C00056BF0143FFEF00E82B43FFEF00E552126109521361075214610552206103521F6A
:2098D000602C761F02FF1B10012C69237670D7235200FFE100D1761F02D1452CFFED00CCFE
:2098E000462CFFED00C9482CFFED00C6402DFFED00C34E2CFFED00C0761F02FF920E52034E
:2098F000FFE700BA56BF014356BF010FFFEF00B42B432B0FFFEF00B052016012761F02FFF7
:20990000921B5203670A761F02D41B241194670556BF0143FFEF00A02B43FFEF009D5210D7
:209910006018761F02F492286011761F02F4920D600D761F02F492166009761F02F49215A4
:20992000600556BF0143FFEF00872B43FFEF0084520B600A7670F4725200600456BF0143F2
:209930006F7A2B436F785209600B761F02FF92205203670456BF01436F6E2B436F6C520733
:20994000600B761F02FF921D5203670456BF01436F622B436F605208600B761F02FF92271C
:209950005203670456BF01436F562B436F545211600F761F02D14C2C6D080A451B450BB84F
:20996000694A56BF01436F472B452B436F44520F6103520D6012761F02F49214600C761FCC
:2099700002F592196008761F02F5921E600456BF01436F312B436F2F521C600A761F02F7C2
:20998000923C600456BF01436F262B436F245221600B761F02FF92325203670456BF014355
:209990006F1A2B436F185222600B761F02FF92215203670456BF01436F0E2B436F0C52231D
:2099A000600A761F02FF92235203670456BF01436F022B43924152286807761F02BD923820
:2099B000600356BF014392436005761F02FF92006122761F02FF9201611E0A441B4401F4AC
:2099C000691A761F01BF4D086C0A4F086D034E086C06761F02FF56BF022A6F05761F02FF74
:2099D00056BF012A761F02702B01761F02FF2B002B106F170A461B4603E86603922D600955
:2099E000284602EE924360059200600376709A719A0076711C64761F02FF962CFFEFFE970D
:2099F000FE860006FE0256BF324156BFFA42761F02FF2B35761F01BF1A0A10009A007670F5
:209A0000D8369A0076711C64761F02FF962C422C6C0C9A0076710AC49A0076710B22761F67
:209A100002FF56BF042A6F5C452C6C0456BF012A6F57402C6CE77670F4B652006105761FA4
:209A200002FF920B61057670F4DA52006006761F02FF56BF012A6F447670E4625200610549
:209A30007670E75B520060080B426008761F02FF56BF012A6F3556BFFA42761F02FD4029B7
:209A40006C16761F02FF922D52016016761F02DC4C256C127670F4965200600E7670F4DE1C
:209A50005200610A761F02FF920B6006761F02FF56BF012A6F15761F02FD9212600A9241D1
:209A600061030B416F9F761F02FF56BF01306F9A56BF3241761F02FF56BF012A6F01FE82F5
:209A70000006FE04284101F42B422B432B44761F02FF2B11761F02E392166167761F02FFD4
:209A80002B309A0076710AC49A0076710B22761F02FF2B07761F01BF1A0400011A0C1000FC
:209A90009A017670D836761F02FF2B302B069A0076710AC49A0076710B22761F02CF922AE6
:209AA000612F761F02CF922B6005761F02CF92276121761F02BD9238611776711AD69A00E6
:209AB0009B64D40FD50076711A549A009B64D40FD50076711A549A009B64D40FD5007671AC
:209AC0001A5476711AE1761F02CF2B2B761F02CF2B27761F02CF2B2A761F02CF2B29761FB8
:209AD00002CF2B2B761F02CF2B27761F02FF2B35761F02CE2B3B761F02FF2B11761F01BFAF
:209AE0001A0C02001A0C00809A0076711C64761F02FF962C422C6C0E922A5204610B56BFC4
:209AF000042A761F01BF1A0C0080761F02FF2B116F64402C6CEA924261130B4192416009F6
:209B0000761F01BF1A0C0080761F02FF2B116F5552FA60DB761F01BF1A0A00806FD6922D30
:209B100061117670F4A65200600D761F02FF922A52046039920F6137761F0270920152110D
:209B20006132761F02F51B290320672D761F02F71B3F03206728761F01BF48016C24761FAE
:209B300002D5920160200A43924352FA69151BA90DAC6606761F02D41B24032067A6761FE7
:209B400002D41B240320670456BF01426F9E761F02FF2B116F1252C86998761F02FF56BFE4
:209B500001116F930A449244523266039243608D761F02FF2B116F01FE840006761F02FFAE
:209B600092175201601D7670E426520060147670E43252006010761F02FF0A131B1305DC36
:209B7000692A7670D80652016026761F02FF56BF01126F21761F02FF2B132B126F1C7670D5
:209B8000E71F520060147670E72B52006010761F02FF0A131B1305DC690E7670D8065200F0
:209B9000600A761F02FF56BF01126F05761F02FF2B132B120006FE0656BFFA422B432B44D0
:209BA00056BFFA4576709E399A0076711C64964140416CFB761F02DD920452036011761F6F
:209BB00001A09204761F02DD7203761F01A59204761F02DC723E761F02DD56BF0504767009
:209BC000E9AF7670F00B7670ED437670F0127670E9429B007670F0197670E9679B007670BC
:209BD000F0277670EA489B007671190D28A913EC9B328F001450D505767119177670E98CC2
:209BE0007670F06B761F03010E27761F030188080FA661260B45602492086011761F030179
:209BF0002B0D761F03012B17761F03012B10761F03012B11761F03012B0E6F0D761F0301B2
:209C00002B2F761F03012B39761F03012B16761F03012B3A56BFFA45761F03019627767184
:209C100019BC5200610E761F02FF922A52046109761F027056BF01019A009B0276711CA292
:209C200028A909C49BFA7671194B52006006761F02CE922452036409761F027056BF0201F2
:209C30009A009B0276711CA228A902589BFA7670F0727670F4725200610E761F02FF922AD1
:209C400052046109761F027056BF0B019A009B0276711CA228A93A987670A9F37670A2B6DD
:209C500028A975307670F3D528A905DC7670F3FF9A967670F0969A0A7670F27628A9015492
:209C60009B967670F386924265030B426F1D9A967670F2F37670F4B65200600D7670F49685
:209C7000520060097670F4A6520060057670F48E52006106761F01BF1A0A08006F05761F37
:209C800001BF1A0C08009A327670F3AA76709E327670A0F57670A1FE7670A2487670A52452
:209C90007670ED677670A7B0761F02EA96187670ED8C7670A7B6761F02EA96127670EDABC5
:209CA0007670A7BC761F02EA96137670EDCA7670A7C2761F02EA961576709E5476709FBC00
:209CB0007670A55B93430A431BA802EE69047670A66A2B437670A3EC7670A44C92440A4498
:209CC000520AFFE9FEE37670C1142B44FFEFFEDEFE0602001E447670A90E761F0301923209
:209CD00052326525761F03029E0396455232650456BF32456F061BA9FFCE63032845FFCE31
:209CE000761F02EAC4343B01761F02E906A6FF3403A6814581311E449244901F9631064437
:209CF000FF441E44761F02EA1E346F08761F02E92B310200761F02EA1E347670F486520002
:209D0000610D761F02FD56BF32090200761F02EA1E32761F02E92B326F77761F02EAC432E4
:209D10003B01761F030106A6FF3403A60D3D761F02E981321E449244901F96320644FF441D
:209D20001E44761F02EA1E32761F02FF920B6106761F02FD56BF32096F2A761F02FF922A87
:209D300052056016761F02FD921261127670D6C1761F02FD96097670D67B761F02FD5409C3
:209D4000670C7670D67B761F02FD96096F067670D67B761F02FD9609761F02DD41296C07F6
:209D5000922A761F02FD540963029609761F02E9920261079200761F02FD5409630296093F
:209D6000761F02EA8F0C350006321E42A8A900F11E431E443B01761F02FD85090F446503DC
:209D700092449609761F02E92D1A020A1E42359600F11E431E443B01761F02FD85090F44FB
:209D8000650392449609761F02EA9234761F02FD7209560303099B0700F11EBF96451BA91C
:209D90000E10650328450E10761F02FD9222544561053B10924596222910FF69FE86000656
:209DA000FE04761F02FD280C0B22761F02FD921B611E761F02FF922A52056019761F02FD36
:209DB0002D14350A761F02FD540C6303350A960C761F02E92D1A020A1E42359600F11E4388
:209DC0009643761F02FD540C6302960C761F02FD5603030C9B0700F11EBF96431BA90E1088
:209DD000650328430E10761F02FD9223544361053B10924396232910FF69FE840006767054
:209DE000F432761F02FF922A52056005761F02FD921B6115761F02FF922A52066110761FC8
:209DF00002DD44296C035201600A7670F4DE5200600D761F02FF922A52016108761F02E9D6
:209E0000410F6C0A180FFFFD6F07761F02E9410F6D031A0F0002761F03019230601D7670BA
:209E1000F4DA52006119761F02FF922A5205610D5206610B52036010761F02FD921261055A
:209E2000761F02BD92386108761F02E9400F6D0A1A0F00016F07761F02E9400F6C03180F50
:209E3000FFFE000676709CC876709DA076709DDF0006761F02E9280B02D0282E023A2826D5
:209E400003022824025828250366282C02D0282D03B6282B028A28290564282A050A282724
:209E50000352282802BC0006761F02D1482C6C14761F02EA92158F4001F48F00BA6F761FF4
:209E600002E993287671161D52006123761F02D1182CFEFF6F1E761F02EA9215D5328F0058
:209E7000BA6F761F02E99327767116085200600D761F02E928A804ECD5328F00BA80920DFC
:209E80007671160852006105761F02D11A2C0100761F02D14E2C6C14761F02EA92188F40FA
:209E900001F48F00BA70761F02E993247671161D52006123761F02D1182CFFBF6F1E761F51
:209EA00002EA9218D5328F00BA70761F02E99326767116085200600D761F02E928A8047E7D
:209EB000D5328F00BA8692057671160852006105761F02D11A2C0040761F02D1402D6C1425
:209EC000761F02EA92138F4001F48F00BA76761F02E9932A7671161D52006117761F02D150
:209ED000182DFFFE6F12761F02EA9213D5328F00BA76761F02E993297671160852006105CA
:209EE000761F02D11A2D0001761F02D14B2C6C16761F02EA9215520A640D761F02E90A339F
:209EF0001B3301F4691E2B33761F02D1182CF7FF6F18761F02E92B336F14761F02EA921578
:209F0000620D761F02E90A331B3301F4690A2B33761F02D11A2C08006F04761F02E92B33FA
:209F1000761F02D14F2C6C12761F02EA9218520A640B0A021B0201F469182B02761F02D1A6
:209F2000182C7FFF6F122B026F10761F02EA9218620B0A021B0201F469082B02761F02D176
:209F30001A2C80006F022B02761F02D1412D6C12761F02EA9213520A640B0A031B0301F448
:209F400069182B03761F02D1182DFFFD6F122B036F10761F02EA9213620B0A031B0301F4C8
:209F500069082B03761F02D11A2D00026F022B03761F02D1452C6D03492C6C0F761F02FF33
:209F6000922A5204610A761F027056BF12019A009B0276711CA26F50761F02D1482C6D034E
:209F70004B2C6C0F761F02FF922A5204610A761F027056BF14019A009B0276711CA26F3C14
:209F8000761F02D1462C6D034A2C6C0F761F02FF922A5204610A761F027056BF13019A00A9
:209F90009B0276711CA26F28761F02D14E2C6D034F2C6C0F761F02FF922A5204610A761FE8
:209FA000027056BF1F019A009B0276711CA26F14761F02D1402D6D03412D6C0E761F02FFD8
:209FB000922A52046109761F027056BF20019A009B0276711CA20006FE0A56BF644556BF1B
:209FC000644656BF64473B01761F02E9850D761F02EA5601003A761F02E98505761F02EA2C
:209FD0005601003E851256010036851356010038761F027092069648761F02EA0A049204EF
:209FE0005232FFE500F77670D6DD52006006761F02F89214964A6F03284A06A43B01761F3D
:209FF00002EA85041E42063A00F11E439643761F027096321BA90492620856BF6445761F2B
:20A000000270920696486F221BA904EC65052B45924A96486F1B28A904EC8F0004703B01F5
:20A010009E43A8AC85A98F0003E8566500A90200F61F561700A43F458F4004EC924A9343D2
:20A020008F0004707670A0DA96489245761F027096223B01761F02EA85041E42063E00F16E
:20A030001E439644761F0270962F1BA9047E65052B45924A96486F261BA90433652328A946
:20A04000047E8F0005353B019E44A8AC85A98F0003E8566500A90200F61F561700A43F468A
:20A050008F40047E924A93448F0005357670A0DA9649924654456302964592495448630257
:20A0600096489246761F027096233B01761F02EA85041E42063800F11E439644761F027053
:20A0700096301BA9056465052B45924A96486F261BA9050A652328A905648F0004573B01F9
:20A080009E44A8AC85A98F0003E8566500A90200F61F561700A43F468F400564924A9344E6
:20A090008F0004577670A0DA9649924654456302964592495448630296489246761F02703D
:20A0A00096343B01761F02EA85041E42063C00F11E439644761F027096331BA904EC6503D6
:20A0B0002B476F151BA90492651228A904EC8F0004703B019E44A8AC85A98F0003E8566530
:20A0C00000A90200F61F561700A43F479247761F02E9961E9245961C961A9248961B020056
:20A0D000761F02EA1E3A1E3E1E361E381E3C2B04FE8A0006FE087D467C45974496438F01AC
:20A0E00086A0761F02703B01A84292469E442DA9920633459E4385A91EAC564400AB00F15E
:20A0F0001E4394439647FE880006FE0276710B7452006113761F02BD920C520361097670EC
:20A10000E0D8520060057670E0DC52006106761F02EA56BF01146F04761F02EA2B14761F02
:20A1100002DD92105202FFE0008E761F02DC41146C68761F02E9283F0BB8761F02EA921D77
:20A1200052016105761F02FF920B6135761F02EA56BF011D761F02DCCC141000FFCB520169
:20A130006016CC1403FCFFC152146311761F02FF920B600D0201761F02EA5641002C062C07
:20A14000626F56BF021D28050BB86F6A8F007530761F02EAA8A90F2C6563761F02E90A3B63
:20A15000923B5232655D2B3B0201761F02EA5601002C6F56761F02EA921D5202601C761F15
:20A1600003019225761F03019CD8543D690F761F02DC4F146D0B761F02EA0B05604156BF79
:20A17000011D8F007530A82C6F3B761F02EA28050BB86F3656BF011D8F007530A82C6F300F
:20A180008F007530761F02EAA8A90F2C650D761F02E90A3B923B523265072B3B0201761F8C
:20A1900002EA5601002C761F02EA28050BB8921D6117761F02E90B3F6013761F02EA2B1DA2
:20A1A0006F0F761F02EA9214610A761F02DCCC140C00761F02EAFFC9961D6F022B1D761FE6
:20A1B00002E9923A600F7670F48E5200610B761F02EA921D5202600656BF011D8F007530F2
:20A1C000A82C7670F48E761F02E9963A7670F4B652006007761F02E9923965070B396F053B
:20A1D000761F02E9283901F42B039239610E284101E0761F03019225544163029641761F31
:20A1E00002E956BF01036F0F761F02EA921D52026006761F0301922596416F05761F0301BF
:20A1F00092269641761F02BD922F544161053B109241962F2910FF69FE820006FE067670BC
:20A20000D627761F030193259FA99743761F0302920365097670D627761F0301933D9FA99D
:20A2100097446F087670D627761F0301933D9FA997443B0185431E422D44356400F11E43AD
:20A220009645761F02EAC42A3B01761F02E906A6FF3703A68145813C761F02EA1E2AC62A51
:20A230009646062AFF471E2A761F02E99246963C761F02EA062A63032B1B6F0902640F2AD6
:20A24000630456BF641B6F03922A961BFE860006FE027670ECB37670D8837670ECD7767045
:20A25000D88E9A057670D8CD9A057670D9437670E0777670ECFB7670D8997670ED1F767084
:20A26000D8A07670EC537670D8A77670EC807670D8B37670DF0C7670DF489A0A7670DFDCF6
:20A270003B10761F02F592219641761F02F5922396422910FF69934292417670D9B99241C0
:20A2800093427670DCBA761F02F59218610A761F02F5921A6106761F02FD56BF01126F04FE
:20A29000761F02FD2B12761F02FF9209611B761F02FD9212610C761F02E90A3E1B3E01F475
:20A2A00065142B3E761F02FF2B096F0F761F02E90A3E1B3E0BB865092B3E761F02FF2B09EF
:20A2B0006F04761F02E92B3EFE820006B2BDFE022B417670D6CF520061097670D6CF5201AC
:20A2C00061057670D6CF52026005761F03012B086F05761F030156BF01087670D6CF520000
:20A2D00061057670D6CF520160437670D62788A98F0001A4A8A90FA6610728A901A4767075
:20A2E000D61D56BF01417670D66D88A98F00021CA8A90FA6610728A9021C7670D66356BF7C
:20A2F00001417670D6CF520060107670D65F88A98F000234A8A90FA6612928A90234767031
:20A30000D65556BF01416F227670D6CF5201601E7670D65F88A98F000248A8A90FA661162C
:20A3100028A902487670D65556BF01416F0F7670D65F59A97670D66D93A155A96707767060
:20A32000D65F7670D66356BF0141924161059A059B0176711CA2761F02FF922A520360183A
:20A330007670D6CF520061057670D6CF52016010761F02FB921252326406761F0301280394
:20A3400001A46F10761F0301280301AE6F0B7670D627761F030196037670D643761F03013F
:20A35000960C761F02DD41296C4D9228761F030190FF08A901905403650A761F02DD92289C
:20A3600090FF761F030108A901909603761F02DD922790FF761F030108A901909626761FF2
:20A3700002DDCC27FF00FFC7761F030108A901909625761F03011B03021C65042803021C19
:20A380006F061B0301A46303280301A4761F03011B2602586504282602586F061B2601E073
:20A390006303282601E0761F03011B2502586504282502586F111B2501E0630E282501E095
:20A3A0006F0B7670D65F761F030196267670D66D761F03019625761F03019203761F03016F
:20A3B0009C149615761F03019203761F03019C289604761F0301920C761F03019C02960504
:20A3C000761F0301920C761F03019C049602761F030192055264650356BF6405761F030110
:20A3D00092025264650356BF64027670D689761F030196017670D697761F03019600767063
:20A3E000D6A5761F030196067670D6B3761F0301960BFE828BBE0006761F02DD92105202CB
:20A3F00060477670D6CF52036005761F02DD43296C07761F02E92B3D2B382B1F6F3E761F37
:20A4000002E9921F600E7670F4B65200612B761F02E99238602756BF011F2B3D2B376F2263
:20A410007670F4B6520060133B01761F03028503FF56521E640C761F02E90A37923752FA6E
:20A4200069092B372B1F28383A986F04761F02E92B370A3D1B3D3A9869052B3D2B1F283886
:20A430003A98761F02E9923861080B386F06761F02E92B3D2B382B1F921F52016105761F3B
:20A4400002DC40146C06761F02FF56BF010B6F04761F02FF2B0B0006761F02EA0A0D920D25
:20A45000523268292B0D761F02FF0A1C761F02FF0A1E761F02FF0A1F761F02FF0A26761F0B
:20A4600002FF0A28761F02FF0A22761F02FF0A24761F02FF0A25761F02FF0A0D761F02FF1B
:20A47000920F6009761F02FF0A101B101518690328101518761F02FF9220610D5203670B6C
:20A48000761F02FF1B1C070869092B1C761F02FF2B206F04761F02FF2B1C761F02FF921BB3
:20A49000610D5203670B761F02FF1B1E070869092B1E761F02FF2B1B6F04761F02FF2B1EB0
:20A4A000761F02FF921D610D5203670B761F02FF1B1F070869092B1F761F02FF2B1D6F0436
:20A4B000761F02FF2B1F761F02FF9227610D5203670B761F02FF1B26070869092B26761FEA
:20A4C00002FF2B276F04761F02FF2B26761F02FF9229610B761F02FF1B28070869092B2865
:20A4D000761F02FF0B296F04761F02FF2B28761F02FF9232610D5203670B761F02FF1B22E4
:20A4E000070869092B22761F02FF0B326F04761F02FF2B22761F02FF9221610D5203670BE7
:20A4F000761F02FF1B24070869092B24761F02FF0B216F04761F02FF2B24761F02FF922342
:20A50000610D5203670B761F02FF1B25070869092B25761F02FF0B236F04761F02FF2B2542
:20A51000761F02FF920E610D5203670B761F02FF1B0D155469092B0D761F02FF0B0E6F04CD
:20A52000761F02FF2B0D0006FE02761F02F592299C641BA911F8690592299C6496416F0EB6
:20A53000761F02F592186108761F02F5921A6104284111946F03284112C01B4113EC650351
:20A54000284113EC9AC8944196421BA914506503284214503B109241761F02CE54306102BC
:20A5500096309242761F02CE542C6102962C2910FF69FE820006FE02761F02EA9215761F63
:20A560000270962B761F02EA9218761F02709620761F02EA9212761F02709621761F02EA5C
:20A570009213761F0270961E3B01761F0301853B761F0270FF56961F761F03039230761FD3
:20A5800002709624761F02F5922C761F02709625761F02F5922B761F027054256902962594
:20A590007670A8D7761F02E996057670A8FE761F02E9960D761F02EA92189641921308A924
:20A5A000FE709642761F02CF92345203600328410320924254416502964192411BA901C2E4
:20A5B0006506761F01BF1A0A00086F081BA9015E6305761F01BF1A0C0008761F02EA9215F2
:20A5C0009641761F02CF9234520360032841032092411BA901C26506761F01BF1A0A0020D6
:20A5D0006F081BA9015E6305761F01BF1A0C0020FE820006FE062B432B44761F02EA92153F
:20A5E000761F0270962B761F02EA9218761F02709620761F02EA9212761F02709621761F33
:20A5F00002EA9213761F0270961E3B01761F0301853B761F0270FF56961F761F03039230FC
:20A60000761F02709624761F02F5922C761F02709625761F02F5922B761F02705425690239
:20A6100096257670A8EB96457670A8EB761F02E996067670A8FE96467670A8FE761F02E912
:20A62000960D92465445650296451B45027C65128F0001F4A842344502BC00F11E4309056A
:20A630001EA6020A1E4206A600F11E439CC696446F022B4492449608544365029643761FE0
:20A6400002EA1B13025865128F000258341302BCA84200F11E4309051EA6020A1E4206A6FB
:20A6500000F11E439CD896446F022B449244761F02E99609544365029643924352646504AA
:20A6600056BF64436F05521E630356BF1E439243FE8600067670A710761F02EA921F52A03E
:20A67000651B761F02E90A19921952036418761F027092015214611352136111521F610FFF
:20A680005212610D5220610B56BF12019A009B0276711CA26F04761F02E92B19761F02EA4E
:20A69000922452D2651B761F02E90A13921352036418761F027092015214611352136111F2
:20A6A000521F610F5212610D5220610B56BF1F019A009B0276711CA26F04761F02E92B13C7
:20A6B000761F02EA1B220834651B761F02E90A11921152036418761F02709201521461138D
:20A6C00052136111521F610F5212610D5220610B56BF20019A009B0276711CA26F04761FF8
:20A6D00002E92B110006FE0A9747A046A84496418A5092C496498A4692C4964A8A4492C475
:20A6E0006104924152FA63032B486F059EC4964863022B4892475201600A3B018549074E7C
:20A6F0008AA99248944A9EC4964A6F039248724A924A63022B4A3B0188488549074E8AA9FD
:20A700007EC48A44924196C48A46924A96C48A500AC48A50925154C462022BC4FE8A000698
:20A71000761F02EA920E520F60042B0E56BF010B920B7670A729761F02EA920B7670A73FAC
:20A72000761F02EA920B7670A755761F02EA0A0E0006FE0696468F00BAC0761F02EA8F4041
:20A73000BAA3A84292158F00BAA8A84456BF0F458F00BA9693467670A6D3FE860006FE0630
:20A7400096468F00BB00761F02EA8F40BAA4A84292188F00BAA1A84456BF0F458F00BAA564
:20A7500093467670A6D3FE860006FE0696468F00BAED761F02EA8F40BAA2A84292138F0047
:20A76000BA9EA84456BF0F458F00BAA693467670A6D3FE860006FE06761F02EA2841026229
:20A7700092153B012B42761F0303D4009643853E284403E8761F0303FF565D309B1E284574
:20A78000FE1B7670A785FE860006B2BDFE087D447C43974296413B012D421241FF49944342
:20A7900096452D4D1244FF49944E96462D50124FFF49945196479246544565029645924784
:20A7A000544565029645924563022B459245FE888BBE0006FE0296417670A7C8FE820006B4
:20A7B000FE0296417670A7C8FE820006FE0296417670A86AFE820006FE0296417670A81904
:20A7C000FE820006FE0296417670A7C8FE820006B2BDFE0696412B4256BF7D4358428F3359
:20A7D00012E99294544166032B456F40584392945441681A284504E26F3992439442FFC0EE
:20A7E0009644584488410E940FA66006924496452D45350A6F2C929454416904924496428A
:20A7F0006F039244964392429C01544368E79242527D6719594258428F7312E9929DD80174
:20A800009E949645584228AC000A884592949E4132A90200F61F561700A63F452D42350AAA
:20A8100072456F042D42350A96459245FE868BBE0006B2BDFE0696412B4256BF964358428C
:20A820008F3312529294544166032B456F40584392945441681A284505DC6F399243944236
:20A83000FFC09644584488410E940FA66006924496452D45350A6F2C929454416904924452
:20A8400096426F039244964392429C01544368E7924252966719594258428F731252929DA2
:20A85000D8019E949645584228AC000A884592949E4132A90200F61F561700A63F452D42C0
:20A86000350A72456F042D42350A96459245FE868BBE0006B2BDFE0696412B4256BF7D43B0
:20A8700058428F3313679294544166032B456F40584392945441681A284504E26F39924307
:20A880009442FFC09644584488410E940FA66006924496452D45350A6F2C92945441690402
:20A89000924496426F039244964392429C01544368E79242527D6719594258428F731367AE
:20A8A000929DD8019E949645584228AC000A884592949E4132A90200F61F561700A63F45B0
:20A8B0002D42350A72456F042D42350A96459245FE868BBE0006FE087D467C45974496433F
:20A8C0008F002710A8422D44304300F11E439647924B5264600792479B0A9C0500F11EBFCE
:20A8D00096479245944794469647FE880006FE023B01761F0301853B8F40014056BF0A4191
:20A8E000761F02EAFF565C1893A928A9057C7670A8BBFE820006FE023B01761F0301853B1C
:20A8F000D5FA56BF0A41761F02EAFF565C1893A928A91E4A7670A8BBFE820006FE02761FF6
:20A900000303933028A91CC7D5DC56BF0A41761F02EA5C157670A8BBFE820006FE02761F53
:20A9100002E992036058761F02BD922F761F03019C04543D6905761F02CE921C614C761F4D
:20A9200002CE2B1C761F02EA2B0C0A0A920A520AFFE5009E9211526463020A11761F02E961
:20A9300056BF01029201529665133B018501761F02EA1E42063000F11E43761F02E996209B
:20A94000761F02EA02001E30761F02E92B019220526463069CF6761F02EA960A6F059CECFA
:20A95000761F02EA960A9A0A761F02E974009200761F02EA540A6505920A761F02E99600A1
:20A96000520A6305761F02E956BF0A00761F02EA2B0A6F5D761F02EA920A65070A109210AD
:20A97000523265032B100B0A761F02E992026145761F02EA921165100A081B083A986503C9
:20A980002B080B1192115205650756BF05112B088F00AFC8A82E761F02E992036111761FAC
:20A9900002EA2B0C2B1102001E2E2B08761F02E92B027670D67B761F02E996006F28761FA1
:20A9A00002EA062E650502015641002E6F200A0C1B0C01F4651C2B0C7670D67B761F02E915
:20A9B000540069040800000A6F122B027670D67B761F02E996006F0B761F02EA2B0C2B114B
:20A9C0002B087670D67B761F02E99600761F02EA062E6506761F02E956BF01046F04761F35
:20A9D00002E92B043B01761F03028501761F02EA56010030761F02E90A011B0101F46512D6
:20A9E0008501761F02EA1E42063000F11E43761F02E99620761F02EA02001E30761F02E9E1
:20A9F0002B01FE820006FE029641761F02EA0A099209544169052B09761F02CE2B24FE8224
:20AA00000006FE34761F0180060C1E681A68000106681E0CFEB40006FE34761F0180060C23
:20AA10001E681A68000806681E0CFEB40006FE34761F0180060C1E681A68002006681E0CAC
:20AA2000FEB40006FE34761F0180060C1E681A68004006681E0CFEB40006FE34761F018024
:20AA300006081E6C1A6C0002066C1E08FEB40006FE34761F018006081E6C1A6C0004066CBA
:20AA40001E08FEB40006FE34761F018006081E6C1A6C0010066C1E08FEB40006FE34761F8B
:20AA5000018006081E6C1A6C0080066C1E08FEB40006FE34761F018006081E6C1A6C010010
:20AA6000066C1E08FEB40006FE34761F018006081E6C1A6C0200066C1E08FEB40006FE349C
:20AA7000761F018006081E6C1A6C0400066C1E08FEB40006FE3476220200761F0180190142
:20AA80001E24020019011E2602001E201A2000021A2000011820FBFF1A20000402081E2A9B
:20AA90001E2C0200761F01841E0A1E121E221E3A761F01851E021E0A761F01841E021E1A7B
:20AAA0001E2A1E32761F018019011E08020019011E0C020019011E1E020019011E22061494
:20AAB0001E601A60100006601E14761A6F0306181E5C445C6CFD762206161E5ECC5EFFF8F2
:20AAC0005003965ECC5EFF875070965ECC5DFF00500E965D065E1E1606141E6018607FFF2C
:20AAD0001860BFFF1860DFFF1860EFFF1860F7FF1860FBFF1860FDFF1860FEFF1A600080B1
:20AAE0001860FFBF1860FFDF1860FFE006601E14761A6F0306181E5CCC5C0010FFC35201F4
:20AAF00061FA762202001E00761AFF69FEB40006FE361E427622761F018006001E76187619
:20AB0000FFFE1876FFF71876FFDF1876FFBF06761E00761A761F01841A0180001A014000C2
:20AB10001801DFFF1801E00392429003CD01FFFCCAA896012B001A1980001A194000181977
:20AB2000DFFF1819E00392429003CD19FFFCCAA896192B181A2980001A2940001829DFFF12
:20AB30001829E00392429003CD29FFFCCAA896292B281A3180001A3140001831DFFF18313F
:20AB4000E00392429003CD31FFFCCAA896312B307622761F01811A0180001A0160001A013E
:20AB50001FFF2800FFFF1A0780001A0760001A071FFF2806FFFF761F01801A1380001A1324
:20AB600060001A131FFF2812FFFF761A762206021E741A7400011A7400081A7400201A74CF
:20AB7000004006741E0206281E4E1A4E00011A4E00081A4E00201A4E0040064E1E280600A8
:20AB80001E761A7600011A7600081A7600201A76004006761E00761AFF69FEB60006FE022C
:20AB90001E427622761F01811E06761AFF69FE820006FE02A842761F0184920496D48A4224
:20ABA000920596DC8A42920696E48A42920796ECFE820006FE02A842761F0184921C96D425
:20ABB0008A42921D96DC8A42921E96E48A42921F96ECFE820006FE02A842761F0184922C5B
:20ABC00096D48A42922D96DC8A42922E96E48A42922F96ECFE820006FE02A842761F01846F
:20ABD000923496D48A42923596DC8A42923696E48A42923796ECFE820006FE36A8427622CF
:20ABE000761F018006001E761876FFFD06761E0006141E621A62010006621E14761A761FAB
:20ABF0000184CCCC8000CD097FFFFFCEFF8ECAA89609CCCC4000CD09BFFFFFCDFF8DCAA8B3
:20AC00009609CCCC2000CD09DFFFFFCCFF8CCAA8960992CCFFC1CD09E003CCA907FFFF81F0
:20AC1000CAA8960992CC9003CD09FFFCCAA8960992C49608CC0AFFF05008960A7622761F62
:20AC2000018006021E741874FFFD06741E0206001E761A76000206761E00761A761F018467
:20AC300092D4960C92DC960D92E4960E92EC960F7622761F018006141E621862FEFF066287
:20AC40001E1406041E721A72000206721E04761AFF69FEB60006FE36A8427622761F018082
:20AC500006001E761876FFFB06761E0006141E621A62010006621E14761A761F0184CCCC35
:20AC60008000CD117FFFFFCEFF8ECAA89611CCCC4000CD11BFFFFFCDFF8DCAA89611CCCC08
:20AC70002000CD11DFFFFFCCFF8CCAA8961192CCFFC1CD11E003CCA907FFFF81CAA8961186
:20AC800092CC9003CD11FFFCCAA8961192C49610CC12FFF0500896127622761F0180060252
:20AC90001E741874FFFB06741E0206001E761A76000406761E00761A761F018492D4961470
:20ACA00092DC961592E4961692EC96177622761F018006141E621862FEFF06621E140604CB
:20ACB0001E721A72000406721E04761AFF69FEB60006FE36A8427622761F018006001E76B2
:20ACC0001876FFEF06761E0006141E621A62010006621E14761A761F0184CCCC8000CD21FD
:20ACD0007FFFFFCEFF8ECAA89621CCCC4000CD21BFFFFFCDFF8DCAA89621CCCC2000CD21B8
:20ACE000DFFFFFCCFF8CCAA8962192CCFFC1CD21E003CCA907FFFF81CAA8962192CC9003F3
:20ACF000CD21FFFCCAA8962192C49620CC22FFF0500896227622761F018006021E74187465
:20AD0000FFEF06741E0206001E761A76001006761E00761A761F018492D4962492DC9625E4
:20AD100092E4962692EC96277622761F018006141E621862FEFF06621E1406041E721A7237
:20AD2000001006721E04761AFF69FEB60006FE36A8427622761F018006001E761876FF7F45
:20AD300006761E0006141E621A62010006621E14761A761F0184CCCC8000CD397FFFFFCEA5
:20AD4000FF8ECAA89639CCCC4000CD39BFFFFFCDFF8DCAA89639CCCC2000CD39DFFFFFCC89
:20AD5000FF8CCAA8963992CCFFC1CD39E003CCA907FFFF81CAA8963992CC9003CD39FFFCE2
:20AD6000CAA8963992C49638CC3AFFF05008963A7622761F018006021E741874FF7F067485
:20AD70001E0206001E761A76008006761E00761A761F018492D4963C92DC963D92E4963EF2
:20AD800092EC963F7622761F018006141E621862FEFF06621E1406041E721A7200800672E9
:20AD90001E04761AFF69FEB60006FE36A8427622761F018006001E761876FEFF06761E0044
:20ADA00006141E621A62010006621E14761A761F0185CCCC8000CD017FFFFFCEFF8ECAA807
:20ADB0009601CCCC4000CD01BFFFFFCDFF8DCAA89601CCCC2000CD01DFFFFFCCFF8CCAA8FB
:20ADC000960192CCFFC1CD01E003CCA907FFFF81CAA8960192CC9003CD01FFFCCAA8960146
:20ADD00092C49600CC02FFF0500896027622761F018006021E741874FEFF06741E02060059
:20ADE0001E761A76010006761E00761A761F018592D4960492DC960592E4960692EC9607B3
:20ADF0007622761F018006141E621862FEFF06621E1406041E721A72010006721E04761A99
:20AE0000FF69FEB60006FE36A8427622761F018006001E761876FDFF06761E0006141E62EC
:20AE10001A62010006621E14761A761F0185CCCC8000CD097FFFFFCEFF8ECAA89609CCCCF1
:20AE20004000CD09BFFFFFCDFF8DCAA89609CCCC2000CD09DFFFFFCCFF8CCAA8960992CCA4
:20AE3000FFC1CD09E003CCA907FFFF81CAA8960992CC9003CD09FFFCCAA8960992C49608B6
:20AE4000CC0AFFF05008960A7622761F018006021E741874FDFF06741E0206001E761A76A1
:20AE5000020006761E00761A761F018592D4960C92DC960D92E4960E92EC960F7622761F18
:20AE6000018006141E621862FEFF06621E1406041E721A72020006721E04761AFF69FEB638
:20AE70000006FE389643A8427622761F018006001E781878FBFF06781E0006141E641A6439
:20AE8000010006641E14761A761F0185CCCC8000CD117FFFFFCEFF8ECAA89611CD11BFFFE7
:20AE9000CCCC4000FFCDFF8DCAA89611CCCC2000CD11DFFFFFCCFF8CCAA8961192CCCD113A
:20AEA000E003FFC1CCA907FFFF81CAA8961192CCCD11FFFC9003CAA8961192C49610924327
:20AEB000900FCD12FFF0CAA896127622761F018006021E761876FBFF06761E0206001E78F1
:20AEC0001A78040006781E00761A761F018592D4961492DC961592E4961692EC9617762287
:20AED000761F018006141E641864FEFF06641E1406041E741A74040006741E04761AFF69D9
:20AEE000FEB80006FE34761F0188060C1E681A68000106681E0CFEB40006FE34761F01888B
:20AEF000060C1E681A68000806681E0CFEB40006FE34761F0188060C1E681A6800200668D8
:20AF00001E0CFEB40006FE34761F0188060C1E681A68004006681E0CFEB40006FE34761F8E
:20AF1000018806081E6C1A6C0002066C1E08FEB40006FE34761F018806081E6C1A6C0004B6
:20AF2000066C1E08FEB40006FE34761F018806081E6C1A6C0010066C1E08FEB40006FE34C1
:20AF3000761F018806081E6C1A6C0080066C1E08FEB40006FE34761F018806081E6C1A6C87
:20AF40000100066C1E08FEB40006FE34761F018806081E6C1A6C0200066C1E08FEB40006E0
:20AF5000FE34761F018806081E6C1A6C0400066C1E08FEB40006FE3476220200761F018835
:20AF600019011E24020019011E2602001E201A2000021A2000011820FBFF1A2000040208E4
:20AF70001E2A1E2C0200761F018C1E0A1E121E221E3A761F018D1E021E0A761F018C1E026E
:20AF80001E1A1E2A1E32761F018819011E08020019011E0C020019011E1E020019011E2289
:20AF900006141E601A60100006601E14761A6F0306181E5C445C6CFD762206161E5ECC5EEA
:20AFA000FFF85003965ECC5EFF875070965ECC5DFF00500E965D065E1E1606141E601860CE
:20AFB0007FFF1860BFFF1860DFFF1860EFFF1860F7FF1860FBFF1860FDFF1860FEFF1A60CE
:20AFC00000801860FFBF1860FFDF1860FFE006601E14761A6F0306181E5CCC5C0010FFC3E2
:20AFD000520161FA762202001E00761AFF69FEB40006FE361E427622761F018806001E7667
:20AFE0001876FFFE1876FFF71876FFDF1876FFBF06761E00761A761F018C1A0180001A0188
:20AFF00040001801DFFF1801E00392429003CD01FFFCCAA896012B001A1980001A19400084
:20B000001819DFFF1819E00392429003CD19FFFCCAA896192B181A2980001A2940001829DA
:20B01000DFFF1829E00392429003CD29FFFCCAA896292B281A3180001A3140001831DFFFC5
:20B020001831E00392429003CD31FFFCCAA896312B307622761F01811A0180001A0160002B
:20B030001A011FFF2800FFFF1A0780001A0760001A071FFF2806FFFF761F01881A13800049
:20B040001A1360001A131FFF2812FFFF761A762206021E741A7400011A7400081A7400204B
:20B050001A74004006741E0206281E4E1A4E00011A4E00081A4E00201A4E0040064E1E283B
:20B0600006001E761A7600011A7600081A7600201A76004006761E00761AFF69FEB6000641
:20B07000FE021E427622761F01811E06761AFF69FE820006FE02A842761F018C920496D403
:20B080008A42920596DC8A42920696E48A42920796ECFE820006FE02A842761F018C921CD6
:20B0900096D48A42921D96DC8A42921E96E48A42921F96ECFE820006FE02A842761F018CC2
:20B0A000922C96D48A42922D96DC8A42922E96E48A42922F96ECFE820006FE02A842761F51
:20B0B000018C923496D48A42923596DC8A42923696E48A42923796ECFE820006FE36A842F5
:20B0C0007622761F018806001E761876FFFD06761E0006141E621A62010006621E14761ABB
:20B0D000761F018CCCCC8000CD097FFFFFCEFF8ECAA89609CCCC4000CD09BFFFFFCDFF8DA3
:20B0E000CAA89609CCCC2000CD09DFFFFFCCFF8CCAA8960992CCFFC1CD09E003CCA907FF1A
:20B0F000FF81CAA8960992CC9003CD09FFFCCAA8960992C49608CC0AFFF05008960A762293
:20B10000761F018806021E741874FFFD06741E0206001E761A76000206761E00761A761F6A
:20B11000018C92D4960C92DC960D92E4960E92EC960F7622761F018806141E621862FEFF75
:20B1200006621E1406041E721A72000206721E04761AFF69FEB60006FE36A8427622761FB6
:20B13000018806001E761876FFFB06761E0006141E621A62010006621E14761A761F018C57
:20B14000CCCC8000CD117FFFFFCEFF8ECAA89611CCCC4000CD11BFFFFFCDFF8DCAA8961123
:20B15000CCCC2000CD11DFFFFFCCFF8CCAA8961192CCFFC1CD11E003CCA907FFFF81CAA8B0
:20B16000961192CC9003CD11FFFCCAA8961192C49610CC12FFF0500896127622761F0188C6
:20B1700006021E741874FFFB06741E0206001E761A76000406761E00761A761F018C92D425
:20B18000961492DC961592E4961692EC96177622761F018806141E621862FEFF06621E143E
:20B1900006041E721A72000406721E04761AFF69FEB60006FE36A8427622761F018806004F
:20B1A0001E761876FFEF06761E0006141E621A62010006621E14761A761F018CCCCC80006A
:20B1B000CD217FFFFFCEFF8ECAA89621CCCC4000CD21BFFFFFCDFF8DCAA89621CCCC2000D3
:20B1C000CD21DFFFFFCCFF8CCAA8962192CCFFC1CD21E003CCA907FFFF81CAA8962192CCB3
:20B1D0009003CD21FFFCCAA8962192C49620CC22FFF0500896227622761F018806021E7471
:20B1E0001874FFEF06741E0206001E761A76001006761E00761A761F018C92D4962492DC27
:20B1F000962592E4962692EC96277622761F018806141E621862FEFF06621E1406041E721C
:20B200001A72001006721E04761AFF69FEB60006FE36A8427622761F018806001E7618764A
:20B21000FF7F06761E0006141E621A62010006621E14761A761F018CCCCC8000CD397FFF07
:20B22000FFCEFF8ECAA89639CCCC4000CD39BFFFFFCDFF8DCAA89639CCCC2000CD39DFFFA2
:20B23000FFCCFF8CCAA8963992CCFFC1CD39E003CCA907FFFF81CAA8963992CC9003CD392D
:20B24000FFFCCAA8963992C49638CC3AFFF05008963A7622761F018806021E741874FF7F17
:20B2500006741E0206001E761A76008006761E00761A761F018C92D4963C92DC963D92E45F
:20B26000963E92EC963F7622761F018806141E621862FEFF06621E1406041E721A720080A0
:20B2700006721E04761AFF69FEB60006FE36A8427622761F018806001E761876FEFF0676FD
:20B280001E0006141E621A62010006621E14761A761F018DCCCC8000CD017FFFFFCEFF8E6E
:20B29000CAA89601CCCC4000CD01BFFFFFCDFF8DCAA89601CCCC2000CD01DFFFFFCCFF8C16
:20B2A000CAA8960192CCFFC1CD01E003CCA907FFFF81CAA8960192CC9003CD01FFFCCAA886
:20B2B000960192C49600CC02FFF0500896027622761F018806021E741874FEFF06741E02DB
:20B2C00006001E761A76010006761E00761A761F018D92D4960492DC960592E4960692EC5D
:20B2D00096077622761F018806141E621862FEFF06621E1406041E721A72010006721E049F
:20B2E000761AFF69FEB60006FE36A8427622761F018806001E761876FDFF06761E000614F0
:20B2F0001E621A62010006621E14761A761F018DCCCC8000CD097FFFFFCEFF8ECAA896091D
:20B30000CCCC4000CD09BFFFFFCDFF8DCAA89609CCCC2000CD09DFFFFFCCFF8CCAA8960985
:20B3100092CCFFC1CD09E003CCA907FFFF81CAA8960992CC9003CD09FFFCCAA8960992C411
:20B320009608CC0AFFF05008960A7622761F018806021E741874FDFF06741E0206001E76A6
:20B330001A76020006761E00761A761F018D92D4960C92DC960D92E4960E92EC960F762230
:20B34000761F018806141E621862FEFF06621E1406041E721A72020006721E04761AFF696A
:20B35000FEB60006FE389643A8427622761F018806001E781878FBFF06781E0006141E6416
:20B360001A64010006641E14761A761F018DCCCC8000CD117FFFFFCEFF8ECAA89611CD113A
:20B37000BFFFCCCC4000FFCDFF8DCAA89611CCCC2000CD11DFFFFFCCFF8CCAA8961192CC75
:20B38000CD11E003FFC1CCA907FFFF81CAA8961192CCCD11FFFC9003CAA8961192C4961039
:20B390009243900FCD12FFF0CAA896127622761F018806021E761876FBFF06761E020600C5
:20B3A0001E781A78040006781E00761A761F018D92D4961492DC961592E4961692EC96179C
:20B3B0007622761F018806141E641864FEFF06641E1406041E741A74040006741E04761ABC
:20B3C000FF69FEB80006FE02974296417670AA7A02007670AAF8761F02F12B008F00BC8087
:20B3D000A810A80E2B0192429609924196082B05FE820006761F02F12B050006761F02F1E3
:20B3E00056BF01050006761F02F192050006FE04A044A84206C48A441EC48A4292D48A44BD
:20B3F00096D48A4292DC8A4496DC8A4292E48A4496E48A4292EC8A4496ECFE840006762215
:20B40000FF697670AA01761A761F02F192055201602B9201520A61148A10FF697670AB9916
:20B41000761F02F18F00BCB6A8A90F1060058F00BC80A8106F040206560100100A019205B7
:20B420005201601228AC00068F00BC0C3008560100A42D099A01FF6698E49A012D08761FCC
:20B4300002F0FF669802FF6900067622FF697670AA0C761A761F02F192055201602B9201E1
:20B44000520A61148A10FF697670ABAA761F02F18F00BCB6A8A90F1060058F00BC80A810FD
:20B450006F040206560100100A0192055201601228AC00068F00BC0C3008560100A42D09F9
:20B460009A01FF6698E49A012D08761F02F0FF669802FF6900067622FF697670AA17761A55
:20B47000761F02F192055201602B9201520A61148A10FF697670ABBB761F02F18F00BCB684
:20B48000A8A90F1060058F00BC80A8106F040206560100100A0192055201601228AC000631
:20B490008F00BC0C3008560100A42D099A01FF6698E49A012D08761F02F0FF669802FF69A2
:20B4A00000067622FF697670AA22761A761F02F192055201602B9201520A61148A10FF69E1
:20B4B0007670ABCC761F02F18F00BCB6A8A90F1060058F00BC80A8106F040206560100105C
:20B4C0000A0192055201601228AC00068F00BC0C3008560100A42D099A01FF6698E49A0154
:20B4D0002D08761F02F0FF669802FF6900067622FF697670AA2D761A761F02F12B00FF69CB
:20B4E0000006FE02A842761F02F1920160039A006F163B108A0E8342FF697670B3E70B0123
:20B4F0008F00BCB6A8A90F0E60058F00BC80A80E6F0402065601000E29109A01FF69FE824B
:20B500000006FE02A842761F02F19200520160039A016F0E3B10920552016008FF69767068
:20B51000ABDD761F02F156BF010029109A00FF69FE820006FE02A842761F02F192055201D8
:20B5200060037670AC4BFE820006FE02A842761F02F19205520160037670ACB9FE820006B5
:20B53000FE02A842761F02F19205520160037670AD27FE820006FE02A842761F02F19205F3
:20B54000520160037670AD95FE820006FE02A842761F02F19205520160037670AE03FE82B1
:20B550000006FE049643A8427670AE71FE840006FE02974296417670AF5B02007670AFD973
:20B56000761F02F12B068F00BCC0A80AA80C2B0792429604924196022B03FE820006761F4D
:20B5700002F12B030006761F02F156BF01030006761F02F1920300067622FF697670AEE254
:20B58000761A761F02F192035201602B9207520A61148A10FF697670B07A761F02F18F008D
:20B59000BCF6A8A90F0A60058F00BCC0A80A6F0402065601000A0A0792035201601228AC42
:20B5A00000068F00BC0C3002560100A42D049A01FF6698E49A012D02761F02F0FF66980204
:20B5B000FF6900067622FF697670AEED761A761F02F192035201602B9207520A61148A0A03
:20B5C000FF697670B08B761F02F18F00BCF6A8A90F0A60058F00BCC0A80A6F0402065601BB
:20B5D000000A0A0792035201601228AC00068F00BC0C3002560100A42D049A01FF6698E4DB
:20B5E0009A012D02761F02F0FF669802FF6900067622FF697670AEF8761A761F02F1920354
:20B5F0005201602B9207520A61148A0AFF697670B09C761F02F18F00BCF6A8A90F0A60052D
:20B600008F00BCC0A80A6F0402065601000A0A0792035201601228AC00068F00BC0C3002C3
:20B61000560100A42D049A01FF6698E49A012D02761F02F0FF669802FF6900067622FF69B4
:20B620007670AF03761A761F02F192035201602B9207520A61148A0AFF697670B0AD761FA9
:20B6300002F18F00BCF6A8A90F0A60058F00BCC0A80A6F0402065601000A0A079203520165
:20B64000601228AC00068F00BC0C3002560100A42D049A01FF6698E49A012D02761F02F01C
:20B65000FF669802FF6900067622FF697670AF0E761A761F02F12B06FF690006FE02A84229
:20B66000761F02F1920760039A006F163B108A0C8342FF697670B3E70B078F00BCF6A8A9F5
:20B670000F0C60058F00BCC0A80C6F0402065601000C29109A01FF69FE820006FE02A842F1
:20B68000761F02F19206520160039A016F0E3B10920352016008FF697670ABDD761F02F1C3
:20B6900056BF010629109A00FF69FE820006FE02A842761F02F19203520160037670B12C3D
:20B6A000FE820006FE02A842761F02F19203520160037670B19AFE820006FE02A842761F11
:20B6B00002F19203520160037670B208FE820006FE02A842761F02F1920352016003767073
:20B6C000B276FE820006FE02A842761F02F19203520160037670B2E4FE820006FE04964322
:20B6D000A8427670B352FE840006FE067670F4E29A787670F6B49A787670F69C28A907D069
:20B6E0007670F6BE9AFA7670F6C89AC87670F6D29A0076711C6496454245FFEC00D676705E
:20B6F000EA927670F5007670EAE67670F52C7670EAAA7670F9C47670EB247670F9D9767076
:20B70000EA6B7670F5417670FD6B7670EBA4BE00C242C2447670F5567670E9EB7670F9AFB4
:20B710007670EF537670F515761F0303922F7670F9EE7670EB74BE00C242C2447670FA3CAF
:20B720007670FA9A7670FABA7670FAE07670B851761F027092067670BFFD761F02FD9611CA
:20B7300076710B1E5202610576710B1E52016012761F02FD9B03D40192117670F711761F2D
:20B7400002FD922061299A009B0FD4017670F7F16F23020A28AC00B5761F02FD3B011E4270
:20B750003011FF4100F11E43761F027096047670F967761F027092047670F9857670F83907
:20B760003B10761F02BD2B34761F02BD2B39761F03032B212910FF697670EF6B521465156B
:20B7700076710B1E5202610576710B1E5203600D761F02FF922A6109761F027056BF05013F
:20B780009A009B0276711CA27670EF76520A651576710B1E5202610576710B1E5203600D10
:20B79000761F02FF922A6109761F027056BF06019A009B0276711CA27670B9337670BA4B21
:20B7A0007670BD5E9A057670FC899A0A7670F8459A967670F876761F030328A8F97E8F3F83
:20B7B000FBA9D50392367670F8BB52006109761F027056BF2B019A009B0276711CA27670D6
:20B7C000FCB77670BF264045FFECFF24761F02DD920452016011761F01A09204761F02DD4A
:20B7D0007203761F01A59204761F02DC723E761F02DD56BF02047670FBC57670B80E767029
:20B7E000B83B7670BF569AFA7670C0D8FFEFFF02FE04761F02D49B0A922400F11F74964335
:20B7F00052FA630356BFFA433B01761F02FD85431E425603071000F11E4396441BA907D006
:20B800006504284407D06F061BA903E66303284403E6924476710BA3FE8400067670D5EE03
:20B81000761F02BD54386127761F02FF922A520161035204601A3B10FF697670D5EE761FE6
:20B8200002BD96382910FF697670D61988A98F001388A8A90FA66004767108A76F03767151
:20B8300008CB7670F4E26F07520061059A009B0576711CA200067670D60A761F027054062F
:20B840006110761F02FF922A520361077670D60A761F027096066F059A009B0576711CA2AC
:20B850000006D00200F11F53761F02DD921052026124761F01BF4C106D20761F02FF922A1E
:20B86000611C7670EF5396427670EF535AA97670EF3A82A47670EF5B59A97670F6A65DA931
:20B8700093A192A28AA37670F56D7670F69893427670F644FFEF008A7670E4265200605305
:20B880007670E4325200604F761F02DC9217900352026149761F02FF922A6145520561034B
:20B8900052026009520561035202603D761F02FF921760397670EF5396427670EF535AA92C
:20B8A0007670EF2182A47670EF5759A97670F6A65DA993A192A28AA37670F56D7670F69865
:20B8B00093427670F6447670D806520060187670E71F520060147670E72B52006010761FF4
:20B8C00002DC922490035202610A761F02FF922A6106761F02FF56BF01196F37761F02FFC8
:20B8D0002B196F337670E71F5200602D7670E72B52006029761F02DC922490035202612340
:20B8E000761F02FF922A611F7670EF5396427670EF535AA97670EE4F82A47670EE4B59A9E1
:20B8F0007670F6A65DA993A192A28AA37670F56D7670F69893427670F644761F02FF56BFBF
:20B9000001196F037670F6DC761F02AC9A4B932D7670F65D96417670C10A761F02FF922AE8
:20B9100052036012761F02FF0E19761F02FD88340FA66110761F02FF56BF0118761F02FFC3
:20B9200056BF321A6F07761F02FF2B18761F02FF2B1A761F02FF9219761F02FD9634D0020B
:20B9300000F11F6C0006FE042B412B42761F02FD92126011761F02F5922A761F02F55429A0
:20B9400067059AC8942996416F069AC8761F02F5942A9641761F02FF92175201601976709C
:20B95000E74F5200602C761F02FF922A5203612752066125761F02F79205964228AC00BF26
:20B9600029013042FF469BC895A997426F187670E45652006014761F02FF922A5203610FE8
:20B970005206610D761F02F7923F964228AC00BF29013042FF469BC895A997429241544263
:20B980006703924296417670E456520061067670F486520061022B41761F02FD2D17350328
:20B99000761F0301943D761F02FD941D96179003961D9217FFA1961792179643761F02BD29
:20B9A000922F544367029643761F02FF920B6105761F02BD922F96432D43761F02AC350777
:20B9B0009BC8943995A99743924154436703924396417670D60A1BA90898600428430E7434
:20B9C0006F0B7670D60A1BA908FC600428430ED86F0328430F3C92435441690396416F0660
:20B9D0001B411194690328411194761F02FD9204964476710B745200601876710B1E520046
:20B9E00060147670E0D8520061057670E0D85201600C7670E0DC520061057670E0DC5201D1
:20B9F0006004924196446F189241544467049A0A74446F129C9C54446906924108A9FFA684
:20BA000096446F0A92419CF6544469040844000A6F03924196443B109244761F02FD9604A5
:20BA10001B0410CC6503280410CC9204761F02BD9626761F02BD96281B2810CC650328281C
:20BA200010CC761F02FF922A520560099AC8761F02BD9428761F02F596346F13761F02FF38
:20BA300092066108761F02BD9226761F02F596346F089AC8761F02BD9426761F02F5963456
:20BA4000761F02F4961B2910FF69FE840006FE022B41FE820006FE082B442B472B43761FA5
:20BA500002FD92126105761F02DC48176C347670D6F9520261117670D6F95200610D761FD6
:20BA6000030192136009761F02FF920B6005761F02DD42296C1B7670D67B761F02FE0EA933
:20BA70001E087670D6C13B01761F02FE85A90F0863097670D6C13B01761F02FE85A91E08EF
:20BA80006F3F0264560100086F3B0200761F02FE1E086F367670D6F9520261157670D6F9F3
:20BA9000520061117670D6F95201610D761F030192136009761F02FF920B6005761F02DDA9
:20BAA00042296C1A7670D67B761F02FE0EA91E087670D6C13B01761F02FE85A90F086308EE
:20BAB0007670D6C13B01761F02FE85A91E080264560100086F050200761F02FE1E08761F49
:20BAC000030192136009761F02FF920B6005761F02DD42296C070264761F02FE0F086502F1
:20BAD0001E08761F02FEC50806A7FF361EA63B0106A7FF3207A6FF461E08761F02FF9217B7
:20BAE00052016032761F02F792059647761F02FF96167670D824520061057670D81552005E
:20BAF00060060200761F02FD1E3A6F34761F03010E3D761F02FE1EAC564400081E46767010
:20BB0000D81534A927100F4663067670D81534A927101E460E471E42064600F11E43761F33
:20BB100002FD1E3A6F17761F02F7923F9647761F02FF9616761F03010E471E420E3D761F8C
:20BB200002FE1EAC5644000800F11E43761F02FD1E3A1B4706A46904924796276F0328278B
:20BB300006A4761F02E902645621001C1E42761F02FC5644000800F11E431E463B01761FB6
:20BB400002FD85271E4202641EAC5644004600F11E4396263B0185260F3A630385261E3A23
:20BB50008F000212A8A90F3A6302A83A063A630302001E3A761F01BF4D086C12A8A9761F43
:20BB600002FB012A761F02FE1E020602630302001E020602761F02FD0F3A63021E3A761F21
:20BB700002FD921B612585180F46650D761F02F70E3F1E425644004600F11E43761F02FD1E
:20BB80001E3C6F0C761F02F70E3F761F02FD2D181E42356400F11E431E3C3B0185260F3C45
:20BB9000630385261E3C063CFF541E3A6F4B7670D7695200610B7670E473520060073B016D
:20BBA000761F02FD85261E3C6F3D761F01BF4D086C357670D6EB520060057670F4B65200B5
:20BBB000612D026C761F02FC1EAC5644000E1E46761F02FC02641EAC564400080F46630BE8
:20BBC0000E471E425644000800F11E43761F02FD1E3C6F090E471E42064600F11E43761F6E
:20BBD00002FD1E3C063C630302001E3C3B0185260F3C630885261E3C6F050200761F02FD4C
:20BBE0001E3C8F0007123B01A8AC5644003CFF461E3C5644003AFF461E3A8F001618A8A9BF
:20BBF0000F3C6303A83C6F0502140F3C65021E3CA8A90F3A6303A83A6F08063CFF540F3AD3
:20BC00006504063CFF541E3A761F02FF922A5205603676710B1E52036032761F02FD1B25C4
:20BC1000161863030A256F03282516188A3C3B018524DC850FA46304082400056F0E020589
:20BC2000073C1EA656210024ABA90FA665049A0574246F03923C96249224FF5C85A90F3A37
:20BC300065059224FF5C85A91E3A85250F3A6504923A961F6F0B9225961F6F08761F02FD25
:20BC400056BF142556BF14242B1F761F01BF4D086C041A4300016F031843FFFE761F02FD29
:20BC5000921261061843FF7F1843FEFF6F1F761F02F59218600C1A4300807670E0D852009B
:20BC600061041A4301006F031843FEFF761F02F5921A600C1A4302007670E0DC52006104DB
:20BC70001A4304006F031843FBFF761F01BF4F086C06CC43FF9F502096436F031843FF9F0D
:20BC8000761F02FF922A5203601C1843FF9FCC43FFE750109643761F02FD921E600F761F12
:20BC9000030292036406CC43FFF9500296436F7ACC43FFF9500496436F751843FFF96F7229
:20BCA0005202600ACC43FF9F502096431843FFE71843FFF96F675205605476710B1E5203F6
:20BCB0006040761F02FB063A6306CC43FFE7500896436F05CC43FFE750109643761F01BF7C
:20BCC0004D086C15761F02FB063A761F03030F3E6309924452016006CC43FF9F50409643C3
:20BCD0006F15CC43FF9F502096436F10761F0303063E640392446006CC43FF9F50209643E3
:20BCE0006F05CC43FF9F504096437670F48652006006CC43FFF9500296436F031843FFF9AB
:20BCF0007670D6F95203601ECC430018FFC252016019761F0301921360151843FFE76F1283
:20BD00005206600ACC43FFF9500296431843FFE71843FF9F6F071843FFF91843FFE7184390
:20BD1000FF9F761F02FDCC430006CD30FFF9FFC0FF80CAA89630CC430018FFC2CD30FFE796
:20BD2000FF82CAA89630CC430060FFC4CD30FF9FFF84CAA8963092439001CD30FFFECAA8F0
:20BD30009630CC430080FFC6FF86CD30FF7FCAA89630CC430100FFC7FF87CD30FEFFCAA8D9
:20BD40009630CC430200FFC8FF88CD30FDFFCAA89630CC430400FFC9FF89CD30FBFFCAA8C1
:20BD50009630CD30C7FF761F02DD920F9007761F02FDFF8ACAA89630FE880006FE04761F26
:20BD600001BF4D086C0456BF01416F022B41761F02FF922A520660062B422B4356BF0144C5
:20BD70006F65520360232B4256BF024376710B74520261077670F486520061032B446F56D4
:20BD80007670E0D8520060057670E0DC5200610B761F03029203640456BF01446F4756BF32
:20BD900002446F4456BF02446F415202600656BF01422B432B446F3A5205603556BF0142B3
:20BDA00076710B1E520360177670E0D8520060057670E0DC5200610C761F0303063E6205AB
:20BDB00076710B745202610456BF02436F0556BF01436F022B4376710B745202601276713B
:20BDC0000B1E520361097670E0D8520060057670E0DC5200610456BF01446F082B446F0618
:20BDD0002B446F042B442B422B439241601292435201600792425202600456BF01426F09F7
:20BDE00092435202600692425201600356BF0143761F02FF922A52046007761F01BF4F0816
:20BDF0006C0356BF01427670E0D852006106761F02FD1A2100016F05761F02FD1821FFFE07
:20BE00007670E0DC52006106761F02FD1A2100026F05761F02FD1821FFFD9244CD21FFF303
:20BE10009003FF81CAA896219243CD21FFCF9003FF83CAA8962192429003CD21FF3FFF85F0
:20BE2000CAA8962192419001CD21FEFFFF87CAA896217670F48652006106761F02FE180A0B
:20BE30007FFF6F05761F02FE1A0A80007670E45652006106761F02FE180ABFFF6F05761F70
:20BE400002FE1A0A4000761F02FD92126106761F02FE180ADFFF6F05761F02FE1A0A2000FD
:20BE5000CD0AEFFF761F02FF922D9001761F02FEFF8BCAA8960ACD0AF3FF761F02FDCC21AC
:20BE6000000CFFC1761F02FEFF89CAA8960A761F02FF9217601C761F02FECD0AFCFF761F10
:20BE700002FDCC2100C0FFC5761F02FEFF87CAA8960ACD0AFFCF761F02FDCC210030FFC3FD
:20BE8000761F02FEFF83CAA8960A6F17761F02FE180AFCFF761F02FDCC210030FFC352027A
:20BE90006008761F02FECC0AFFCF5020960A6F05761F02FE180AFFCFCD0AFF7F761F02FDFF
:20BEA00092219001761F02FEFF86CAA8960ACD0AFFFD761F02FDCC210002FFC0761F02FE68
:20BEB000FF80CAA8960ACD0AFFBF761F02FDCC210100FFC7761F02FEFF85CAA8960A1A0AB5
:20BEC0000001761F01BFCC080100FFC7761F02FE9001CD0BFFFECAA8960B7670E74F5200F5
:20BED0006106761F02FE180BFFFD6F05761F02FE1A0B0002761F02FF922A5205600F761F5A
:20BEE00002FF92175201600A7670D82452016006761F02FE1A0B00046F05761F02FE180B56
:20BEF000FFFB761F02FF922A52026014761F02FF921752016008761F02FECC0BFFE7501072
:20BF0000960B6F23761F02FECC0BFFE75008960B6F1C5205601692416114761F02FF9217C4
:20BF100052016008761F02FECC0BFFE75010960B6F0C761F02FECC0BFFE75008960B6F05C9
:20BF2000761F02FE180BFFE7FE840006761F01BF4D086C0A4F086C08761F02FC0612761FB0
:20BF300002FE1E066F050200761F02FE1E06761F01BF4F086C0C76710B1E52036008761F18
:20BF400003030636761F02FE564100068F007530761F02FEA8A90F066303A8066F073B0178
:20BF5000FF24F8AD0F0665021E060006761F02FD9212600E761F02FF9209600A7670F4DA6E
:20BF600052006106761F02FD1A2900016F05761F02FD1829FFFE921B610B92126005761F33
:20BF700002FF920961157670F4DE520060117670D769520061127670E4735200600E761FA7
:20BF800002FD9212600A761F02FF92096006761F02FD1A2900046F05761F02FD1829FFFBDF
:20BF90007670F4DA5200612A7670F4B65200601D761F02DD42296D1D761F03019213601981
:20BFA0007670D6F9520261157670D6F9520061117670D6F952016009761F02FD921261057A
:20BFB000761F02DC48176C05761F02FF920B6106761F02FD1A2900026F05761F02FD182972
:20BFC000FFFD761F02FF922D6122761F02DC4C256C1E761F02FD9212601A761F02FF92093C
:20BFD00060167670D6EB5200600D7670F4B6520060097670F4DA5200600A7670F4DE5200B0
:20BFE0006006761F02FD1A2900086F05761F02FD1829FFF7761F02FF92175201600E7670D7
:20BFF000D8245200600A761F02FF922A52056005761F02FD1829FFFD0006FE0696432B4448
:20C000002B45761F02FD92196105921A541C6102961C761F02DD92105202FFE0008C761F70
:20C0100002FF922A52036074761F02FD9219FFE1008F761F03010E3D761F02FE56010004A8
:20C02000761F02FC0600761F02FE56010000761F02FD0A2A922A5208647A3B01852A761F3F
:20C0300002FE1E42060000F11E43964402001E04761F02FD2B2A761F02FE1E00761F02FD0A
:20C040002B1928451F4092459C3254446408761F02E9921B761F02FD541A63049A0A741A5F
:20C050006F0E92449C3254456408761F02E9921B761F02FD541A6503081A000A9243541AA4
:20C060006303961A6F447670D6DD5200600F761F02F89214761F02FD541A6908761F02F866
:20C070009214761F02FD961A6F327670D6DD5201602E761F02F89222761F02FD541A6927D6
:20C08000761F02F89222761F02FD961A6F200200761F02FE1E04761F02FD2B2A761F02FE53
:20C090001E00761F02FD2B199243541A6110961A6F0E0200761F02FE1E04761F02FD2B2A17
:20C0A000761F02FE1E00761F02FD2B19761F02FF922A52036028761F02FF92066124761F7E
:20C0B00002BD92386020761F02D4922496451BA903E86303284503E8344500A23B01FF4761
:20C0C0009645761F02FD5433630396336F020A33921C5433630296339243543363029633A0
:20C0D00092336F05761F02FD921C9633FE860006FE029641761F01BF4D086D24761F02DCFD
:20C0E00092305205611F5202611D5203611B761F02FF922A52046116761F02D128A803E8C2
:20C0F0005D418F00BF759203767116085200610D761F027056BF1B019A009B0276711CA261
:20C100006F04761F02FD2B35FE820006761F02FD92100006FE0296413B10761F02FD96109A
:20C110002910FF69FE820006761F02FD2B2D2B32761F02F592186007761F02F59225761F2A
:20C1200002FD722D761F02F5921A6007761F02F59224761F02FD722D761F02FC9212761F81
:20C1300003039E36761F02FD9631761F02FB9232761F03039E38761F02FD962C761F02FB0B
:20C14000922E761F03049E00761F02FD962B3B01922C9431942B85A91E3606366306923623
:20C15000963202001E366F0602500F36650302001E36761F02FF922A5205FFE000847670F5
:20C16000F4865200600576710B745200601E761F02FD2B2E9212610B2B2F761F02FB063A2F
:20C17000761F02FD1E381E36FFEF00B53B01761F0303853E761F02FDFF569432962F0E2F83
:20C1800007361E38FFEF00A7761F02FD921261262B2F3B01761F0303853EFF565264630D49
:20C19000761F02FD2B2E761F02FB063A761F02FD1E381E36FFEF008F761F02FD922F761F2B
:20C1A00003039E3E761F02FD962E761F0303063E761F02FD07361E386F7D761F0303063E74
:20C1B0006512761F02FD0E2DBE64761F0303033EFF560FA663083B01853E761F02FDFF56CE
:20C1C000962F6F05761F02FD922D962F922F761F03039E3E761F02FD962E9232722F3B01DD
:20C1D0000E2FAE2E07361E38761F0303063E6352761F02FD0636604E922F962E02001E38B4
:20C1E0006F4952036020761F02FD2B312B2C2B2B02001E36761F02FB063A761F02FD1E3803
:20C1F0007670F48652006107761F02FD2B2E9238962F6F30761F02FD922D962F922F9E384B
:20C20000962E6F285206600F761F02FD2B312B2C2B2B02001E36922D962F922F962E0200FE
:20C210001E386F185202600D761F02FD2B2E2B2F761F02FB063A761F02FD1E381E366F0AA0
:20C22000761F02FD2B2F2B2E2B312B2C2B2B02001E38761F02FF92175201600C761F02FFC2
:20C23000922A52026103520560050200761F02FD1E360006FE027670CBC03B107626000076
:20C24000762F00009A0AFF697670C2CD7670C7418F0080008F721985A8428F32000076708B
:20C25000CCEB7640996A7670C7617670C96D7670C2F17670C30E7670CA2E9A059B067670E0
:20C26000B3C39A049B017670B5587670CA497670CCFE9A0028A843FA8F00AB101E429A0087
:20C2700028A843167670CD37761F0030280440017622761F00358F0080C9A8248F0085B39C
:20C28000A826761F00348F311E1DA83E761F00358F310BEDA8308F008000A832761F003717
:20C290008F310C89A8048F310CA2A806761F00368F310CBBA8388F310CD4A83A761F0037F1
:20C2A0008F310CF0A80A8F310D8FA80E761F00358F008BB4A80C761A7623098D761F00332B
:20C2B0001A2200401A2200081A2600041A2600081A2800011A2800021A3000101A300020D7
:20C2C0001A3200041A3200081A3200201A3200802821098DFF69FE820006FE029641761F49
:20C2D00001C043116C0276250E411EA69221900F80A906A60FA7611376221A1100409241F6
:20C2E000CD21FFF0900FCAA89621761A762256BF6829761A76221811FFBF761AFF69FE8244
:20C2F0000006761F01C456BFE01828A90FA07670CBB1761F01C4CC18FFE1500C961828008F
:20C3000020102801010056BF0F0228033210280476542805BA982806FEDC00067622761F80
:20C3100001BE180CFFFE761F01BF1A040001761F01BE1806FFFC1A0A0001180CFFFD180CE3
:20C32000FFFBCC06FFCF50109606180CFFF7CC06FF3F504096061A0C0010CC06FCFF1AA94B
:20C33000010096061A0C0020CC06F3FF1AA9040096061A0C0040CC06CFFF1AA9100096066E
:20C340001A0C0080CC063FFF1AA9400096061A0C0100CC07FFFC500196071A0C0200CC07AA
:20C35000FFF3500496071A0C0400CC07FFCF501096071A0C0800CC07FF3F50409607180C92
:20C36000EFFF180CDFFF180CBFFF180C7FFF180DFFFE180DFFFD180DFFFB180DFFF7180DA7
:20C37000FFEF180DFFDF180DFFBF180DFF7F180DFEFF180DFDFF180DFBFF180DF7FF180D94
:20C38000EFFF180DDFFF180DBFFF180D7FFF181CFFFE181CFFFD181CFFFB181CFFF7181C39
:20C39000FFEF181CFFDF181CFFBF181CFF7F181CFEFF181CFDFF181CFBFF181CF7FF181CFC
:20C3A000EFFF181CDFFF181CBFFF181C7FFF181DFFFE181DFFFD181DFFFB181DFFF7181DE7
:20C3B000FFEF181DFFDF181DFFBF181DFF7F181DFEFF181DFDFF181DFBFF181DF7FF181DD4
:20C3C000EFFF181DDFFF181DBFFF181D7FFF182CFFFE182CFFFD182CFFFB182CFFF7182C79
:20C3D000FFEF182CFFDF182CFFBF182CFF7F182CFEFF182CFDFF182CFBFF182CF7FF182C3C
:20C3E000EFFF182CDFFF182CBFFF182C7FFF182DFFFE182DFFFD182DFFFB182DFFF7182D27
:20C3F000FFEF182DFFDF182DFFBF182DFF7F180CFFFD761F01BF1A040002761F01BE18064F
:20C40000FFF31A0A00021A0C10001807FCFF180AEFFF1A0C2000761F01BF1A042000761F36
:20C4100001BE1807F3FF1A0A20001A0C4000761F01BF1A044000761F01BE1807CFFF1A0A7A
:20C4200040001A0C8000761F01BF1A048000761F01BE18073FFF1A0A8000180DFFEF761F26
:20C4300001BF1A050010761F01BE1808FCFF1A0B0010180DFFDF761F01BF1A050020761F2D
:20C4400001BE1808F3FF1A0B0020180DFFBF761F01BF1A050040761F01BE1808CFFF1A0BC8
:20C450000040180DFF7F761F01BF1A050080761F01BE18083FFF1A0B0080180DFEFF761FE7
:20C4600001BF1A030100761F01BE1809FFFC1A0B01001A0D08001809FF3F180BF7FF180D7C
:20C47000EFFF761F01BF1A051000761F01BE1809FCFF1A0B1000180DDFFF761F01BF1A051E
:20C480002000761F01BE1809F3FF1A0B2000180D7FFF761F01BF1A058000761F01BE1809C4
:20C490003FFF1A0B8000181CFFFE761F01BF1A0A0001761F01BE1816FFFC1A1A0001181C18
:20C4A000FFFD761F01BF1A0A0002761F01BE1816FFF31A1A0002181CFFEF1816FCFF181ADE
:20C4B000FFEF1A1C04001817FFCFCC13FFCF50109613181AFBFF181CFFF7761F01BF1A0CC0
:20C4C0000008761F01BE1816FF3F1A1A0008181CFFDF761F01BF1A0C0020761F01BE181629
:20C4D000F3FF1A1A0020180DBFFF761F01BF1A054000761F01BE1809CFFF1A0B4000181C93
:20C4E000FFBF761F01BF1A0A0040761F01BE1816CFFF1A1A0040181CFF7F761F01BF1A0CD4
:20C4F0000080761F01BE18163FFF1A1A0080181CFEFF761F01BF1A0C0100761F01BE181708
:20C50000FFFC1A1A0100181CFDFF761F01BF1A0C0200761F01BE1817FFF31A1A0200181C5F
:20C51000F7FF761F01BF1A0C0800761F01BE1817FF3F1A1A0800181CEFFF761F01BF1A0CF8
:20C520001000761F01BE1817FCFF1A1A1000181CDFFF761F01BF1A0C2000761F01BE1817F9
:20C53000F3FF1A1A2000181CBFFF761F01BF1A0C4000761F01BE1817CFFF1A1A4000181CFF
:20C540007FFF761F01BF1A0C8000761F01BE18173FFF1A1A80001A1D00011818FFFC181B57
:20C55000FFFE1A1D00021818FFF3181BFFFD181DFFFB761F01BF1A0D0004761F01BE181811
:20C56000FFCF1A1B0004181DFFF7761F01BF1A0D0008761F01BE1818FF3F1A1B0008181DD1
:20C57000FFEF761F01BF1A0B0010761F01BE1818FCFF1A1B0010181DFFDF1818F3FF181B07
:20C58000FFDF181DFFBF761F01BF1A0D0040761F01BE1818CFFF1A1B0040181DFF7F761FFF
:20C5900001BF1A0B0080761F01BE18183FFF1A1B0080181DFEFF761F01BF1A0D0100761F6B
:20C5A00001BE1819FFFC1A1B0100181DFDFF1819FFF3181BFDFF181DFBFF761F01BF1A0D2C
:20C5B0000400761F01BE1819FFCF1A1B0400181DF7FF761F01BF1A0D0800761F01BE1819A7
:20C5C000FF3F1A1B0800181DEFFF761F01BF1A0D1000761F01BE1819FCFF1A1B1000181D37
:20C5D000DFFF761F01BF1A0D2000761F01BE1819F3FF1A1B2000182CFFFE761F01BF1A1441
:20C5E0000001761F01BE1826FFFC1A2A0001182CFFFD761F01BF1A140002761F01BE182611
:20C5F000FFF31A2A0002182CFFFB761F01BF1A140004761F01BE1826FFCF1A2A0004182C42
:20C60000FFF7761F01BF1A140008761F01BE1826FF3F1A2A0008182CFFEF761F01BF1A14C8
:20C610000010761F01BE1826FCFF1A2A0010182CFFDF761F01BF1A140020761F01BE1826C2
:20C62000F3FF1A2A0020182CFFBF1826CFFF182AFFBF182CFF7F18263FFF182AFF7F182C54
:20C63000FEFF1827FFFC182AFEFF182CFDFF1827FFF3182AFDFF182CFBFF1827FFCF182A38
:20C64000FBFF182CF7FF761F01BF1A120800761F01BE1827FF3F1A2A0800182CEFFF18278F
:20C65000FCFF182AEFFF182CDFFF761F01BF1A122000761F01BE1827F3FF1A2A2000182CAF
:20C66000BFFF761F01BF1A124000761F01BE1827CFFF1A2A4000182C7FFF761F01BF1A1213
:20C670008000761F01BE18273FFF1A2A8000182DFFFE761F01BF1A150001761F01BE18283A
:20C68000FFFC1A2B0001182DFFFD761F01BF1A150002761F01BE1828FFF31A2B0002182D80
:20C69000FFFB761F01BF1A150004761F01BE1828FFCF1A2B0004182DFFF7761F01BF1A159E
:20C6A0000008761F01BE1828FF3F1A2B0008182DFFEF761F01BF1A150010761F01BE1828F8
:20C6B000FCFF1A2B0010182DFFDF761F01BF1A150020761F01BE1828F3FF1A2B0020182D23
:20C6C000FFBF761F01BF1A150040761F01BE1828CFFF1A2B0040182DFF7F761F01BF1A15AA
:20C6D0000080761F01BE18283FFF1A2B0080181CFFFBCC12FFCF50109612CC16FFCF501041
:20C6E0009616180DFDFFCC05FFF350049605CC09FFF350049609180DFBFF1805FFCFCC0922
:20C6F000FFCF50109609180DFFFECC08FFFC50029608180DFFFD1A04000CCC08FFF3500813
:20C700009608180DFFFBCC08FFCF50209608180DFFF71A0400C0CC08FF3F50809608181DFE
:20C710007FFF1A15C000CC193FFF1AA940009619181DBFFFCC19CFFF1AA910009619761A0F
:20C72000FF6900063B10761F00331820FFFE2B222B242B262B282B2A2B2C2B2E2B302B3246
:20C730002B342B362B382B232B252B272B292B2B2B2D2B2F2B312B332B352B372B39FF6932
:20C740000006FE068F330FCAA8448F000D00A84676222B4192415280630D8A44C484A844A3
:20C750008A46A8A909021E46C2C40A419241528064F5761A761F00331A200001FF69FE86EB
:20C7600000067622761F01C0181CFFFB761A7622761F01A0CC14FFFC50029614CC14FFF390
:20C7700050089614761A28050EA62B032B041800E3FF1800FC7FCC00FFFC50029600180085
:20C78000FFFB1800FFF71A0000301807FFEF1807FFFC1807FFBF1807FFF3280B0555280C71
:20C7900005552809FFFF280AFFFF180FFFFCCC0FFFF35008960F281101C2281001C2181ABB
:20C7A000FFF3CC1AFFFC5001961ACC19FFF8500296191A1C00012B0BCC0BFFCF5020960BA5
:20C7B000CC0BFF3F5040960B28090EA62B0CCC0CFCFF1AA90200960CCC0CF3FF1AA904003C
:20C7C000960C280A0EA67622761F01A1CC14FFFC50029614CC14FFF350089614761A28059A
:20C7D0000F412B032B041800E3FF1800FC7FCC00FFFC500296001800FFFB1800FFF71A0026
:20C7E00000301807FFEF1807FFFC1807FFBF1807FFF3280B0555280C05552809FFFF280A78
:20C7F000FFFF180FFFFCCC0FFFF35008960F281101C2281001C2181AFFF3CC1AFFFC5001F2
:20C80000961ACC19FFF8500196191A1C00011A190800CC19F8FF1AA901009619CC1AF3FFF3
:20C810001AA90400961ACC1AFCFF1AA90100961A7622761F01A2CC14FFFC50029614CC14B5
:20C82000FFF3500896141A0D00C0761A28050F412B032B041800E3FF1800FC7FCC00FFFC5F
:20C83000500296001800FFFB1800FFF71A0000301807FFEF1807FFFC1807FFBF1807FFF381
:20C84000280B0555280C05552809FFFF280AFFFF180FFFFCCC0FFFF35008960F281101C276
:20C85000281001C2181AFFF3CC1AFFFC5001961A1A190008CC19FFF8500296191A1C000178
:20C860001A190800CC19F8FF1AA902009619CC1AF3FF1AA90400961ACC1AFCFF1AA9010039
:20C87000961A7622761F01A3CC14FFFC50029614CC14FFF3500896141A0D00C0761A2805D8
:20C880000F412B032B041800E3FF1800FC7FCC00FFFC500296001800FFFB1800FFF71A0075
:20C8900000301807FFEF1807FFFC1807FFBF1807FFF3280B0555280C05552809FFFF280AC7
:20C8A000FFFF180FFFFCCC0FFFF35008960F281101C2281001C2181AFFF3CC1AFFFC500141
:20C8B000961A1A190008CC19FFF8500196191A1C00011A190800CC19F8FF1AA901009619E0
:20C8C000CC1AF3FF1AA90400961ACC1AFCFF1AA90100961A7622761F01A4CC14FFFC5002B5
:20C8D0009614CC14FFF350089614761A28050F412B032B041800E3FF1800FC7FCC00FFFC0C
:20C8E000500296001800FFFB1800FFF71A0000301807FFEF1807FFFC1807FFBF1807FFF3D1
:20C8F000280B0555280C05552809FFFF280AFFFF180FFFFCCC0FFFF35008960F281101C2C6
:20C90000281001C2181AFFF3CC1AFFFC5001961ACC19FFF8500296191A1C00017622761FD5
:20C9100001A5CC14FFFC50029614CC14FFF350089614761A280507832B032B041800E3FF18
:20C920001800FC7FCC00FFFC500296001800FFFB1800FFF71A0000301807FFEF1807FFFC24
:20C930001807FFBFCC07FFF350049607280B0555280C05552809FFFF280AFFFF180FFFFCB8
:20C94000CC0FFFF35008960F281101C2281001C2181AFFF3CC1AFFFC5001961ACC19FFF834
:20C95000500296191A1C00012B0BCC0BFFCF5010960BCC0BFF3F5040960B280907832B0C7B
:20C96000CC0CFCFF1AA90100960CCC0CF3FF1AA90400960C2B0AFF690006761F01A82B1629
:20C970002818FFFF1814FEFF1815FFEF1815FDFF1A1500011A1500C01815FFDF1815FFF9AD
:20C980001A1400011814FFFD1814C1FF761F01A82B362838FFFF1834FEFF1835FFEF183586
:20C99000FDFF1A3500011A3500C01835FFDF1835FFF91A3400011834FFFD1834C1FF761F84
:20C9A00001A92B162818FFFF1814FEFF1815FFEF1815FDFF1A1500011A1500C01815FFDFB7
:20C9B0001815FFF91A1400011814FFFD1814C1FF761F01A92B362838FFFF1834FEFF18356B
:20C9C000FFEF1835FDFF1A3500011A3500C01835FFDF1835FFF91A3400011834FFFD18346E
:20C9D000C1FF761F01AA2B162818FFFF1814FEFF1815FFEF1815FDFF1A1500011A1500C03C
:20C9E0001815FFDF1815FFF91A1400011814FFFD1814C1FF761F01A81A1500081A14010020
:20C9F0001A160002761F01A81A3500081A3401001A360002761F01A91A1500081A1401001A
:20CA00001A160002761F01A91A3500081A3401001A360002761F01AA1A1500081A14010007
:20CA10001A160002761F01A81A150010761F01A81A350010761F01A91A150010761F01A9FD
:20CA20001A350010761F01AA1A1500107622761F01C01A1C0004761AFF690006761F01DD7F
:20CA300056BF071056BF03112B1256BFF31356BF031456BF2311761F01DD56BF073056BFF0
:20CA400003312B3256BFF33356BF033456BF2331000600067622761F01BFCC20FFE0500A37
:20CA500096208F00806B761F0035A806761F01C11830FFF31A300001761AFF6900067622AC
:20CA6000761F01801A141000CC180010FFC3520160FC1A2A00081A2C00081A142000CC1732
:20CA7000FF0050099617CC16FFF850029616CC16FF87505096161814EFFFCC180010FFC346
:20CA8000520161FC9216900761FECC160078FFC261FA0200761F01841E021E0A1E121E1A06
:20CA90001E221E2A1E321E3A761F01851E021E0A1E121E1A1E221E2A1E321E3A761F01863F
:20CAA0001E021E0A1E121E1A1E221E2A1E321E3A761F01871E021E0A1E121E1A1E221E2A41
:20CAB0001E321E3A761F018019011E08020019011E0C020019011E1E020019011E2202006C
:20CAC0001E00FF690006FE268F000B00A86428A94E207670CBB128A94E207670CBB128A9ED
:20CAD0004E207670CBB128A94E207670CBB128A901387670CBB12B6592655210630F3B01D2
:20CAE0005CADDCA05CA456030165560100A402001EC40A659265521064F42B619261522002
:20CAF000672E3B01761F01C41A012000F66E7700CC190004FFC1520161FCF66E77002B6521
:20CB00009265521063145CADDCA05CA456030165560100A48565076483A992C5FFC30EA9B5
:20CB1000560100C40A659265521064EE761F01C41A0140000A619261522068D528A9013804
:20CB2000FF697670CBB12B6592655210630F3B015CADDCA05CA456030165560100A4020053
:20CB30001EC40A659265521064F42B6192615220672C3B01761F01C41A012000CC190004A5
:20CB4000FFC1520161FCF66E77002B659265521063145CADDCA05CA456030165560100A4EB
:20CB50008565076483A992C5FFC30EA9560100C40A659265521064EE761F01C41A0140008A
:20CB60000A619261522068D728A90138FF697670CBB12B6592655210630F3B015CADDCA0B6
:20CB70005CA456030165560100A402001EC40A659265521064F42B61926152206731761FC9
:20CB800001C41A012000CC190004FFC1520161FCF66E77002B659265521063153B015CADBB
:20CB9000DCA05CA456030165560100A48565076483A992C5FFC30EA9560100C40A6592657D
:20CBA000521064EE761F01C41A01400028A90271FF697670CBB10A619261522068D1FEA651
:20CBB0000006FE02964192410B4152006107F696770092410B41520060FBFF69FE820006F2
:20CBC0007670CBC57670CBD200067622761F01C056BF6829761AFF690006FE029742964114
:20CBD000FE8200067622761F01C02B1A56BF041B1A1C0008181CFFEF181CFEFF1A1C04008D
:20CBE0001A1C08001A1C00201A1C40001A1C80001A1D01001A1D02001A1D04001A1D08008A
:20CBF0001A1D10001A1D20001A1D00011A1D00021A1D00041A1D00081A1D00101A1D0020FE
:20CC0000181DBFFF181D7FFF1A1C0004761AFF6900067622761F01C0181CFFFB761A761FF5
:20CC100001A01800FFCF761F01A11800FFCF761F01A21800FFCF761F01A31800FFCF761F8E
:20CC200001A41800FFCF761F01A51800FFCF761F01A01A000004761F01A11A000004761F0A
:20CC300001A21A000004761F01A31A000004761F01A41A000004761F01A51A000004761F86
:20CC400001A02B03761F01A12B03761F01A22B03761F01A32B03761F01A42B03761F01A530
:20CC50002B037622761F01A0CC14FFFC50029614CC14FFF350089614761A280512502B03D0
:20CC60002B041800E3FF1800FC7FCC00FFFC500296001800FFFB1800FFF71A0000301807C0
:20CC7000FFEF1807FFFC1807FFBF1807FFF3280B0555280C05552809FFFF180FFFFCCC0F67
:20CC8000FFF35008960F56BFA01156BFA010181AFFF3CC1AFFFC5001961A1A190008CC19F4
:20CC9000FFF8500196191A1C0001761F01A128051FFF1800FFFCCC19FFF8500196191A19B2
:20CCA0000008CC1AFFFC5002961A761F01A22805C34F1800FFFCCC19FFF8500196191A19F0
:20CCB00000081A1A0003761F01A328051FFF1800FFFCCC19FFF8500196191A190008CC1A91
:20CCC000FFFC5001961A761F01A42805C34F1800FFFCCC19FFF8500196191A190008CC1ACF
:20CCD000FFFC5001961A761F01A528051FFF1800FFFCCC19FFF8500196191A190008CC1AB2
:20CCE000FFFC5001961A7622761F01C01A1C0004761AFF690006FE04A044A84206440F42A7
:20CCF000690C8A429284A8428A48C4A4DE01C24896C406440F4266F6FE8400068F000C004C
:20CD0000761F02ACA8100200761F003019011E022B062B071A0400101A0400200200761FB1
:20CD100002AC1E128F000C08A8208F000C10A818761F003019011E0A761F00300200190167
:20CD20001E12761F00301A0C0010761F00301A140010761F00301A0C0020761F00301A14C7
:20CD30000020761F02AC02001E221E1A0006FE081E46A8441EE48A44064C1EF4064C1E42C4
:20CD4000064676711CC276711E961E488A448AC41ED48A448AC42BF48A448AC42BFC8A4467
:20CD50008AC41AE400108A448AC41AE400208A448AC41AE404008A448AC41AE408008A441F
:20CD60008AC41AE440008A4402001ED4FE880006761F01A91A3502001A3504008F0124F84A
:20CD7000A8248F00927CA82656BFFF381A3500100006FE0696412B422B438F00B186A84651
:20CD80002B436F055843929472420A4392419CFF544366F98842761F02C60E230FA660031B
:20CD90009A016F029A00FE860006FE0696412B422B438F00B1C0A8462B436F05584392940C
:20CDA00072420A4392419CFF544366F98842761F02C70E260FA660039A016F029A00FE8670
:20CDB0000006FE0696412B422B438F00B280A8462B436F055843929472420A4392419CFFE6
:20CDC000544366F98842761F02CB0E2D0FA660039A016F029A00FE860006FE0696412B4266
:20CDD0002B438F00B300A8462B436F055843929472420A4392419CFF544366F98842761F3E
:20CDE00002CD0E2D0FA660039A016F029A00FE860006FE0897449643A8422B458F00B18607
:20CDF000A8482B456F088A42584392948A4896940A430A459244544566F7FE880006FE08C9
:20CE000097449643A8422B458F00B1C0A8482B456F088A42584392948A4896940A430A4508
:20CE10009244544566F7FE880006FE0897449643A8422B458F00B280A8482B456F088A4232
:20CE2000584392948A4896940A430A459244544566F7FE880006FE0897449643A8422B452D
:20CE30008F00B300A8482B456F088A42584392948A4896940A430A459244544566F7FE8852
:20CE40000006FE062B4156BF03459A009B3C8F00B18676710FB652006011761F02C6882252
:20CE50008F00AAAAA8A90FA660099A1E7670CD79520160041A0400016F270B4560E756BF74
:20CE6000034528A903009B3C8F00B18676710FB652006011761F02C688228F00AAAAA8A94F
:20CE70000FA660099A1E7670CD79520160041A0400026F0A0B4560E68F331510A844924114
:20CE80009B1D7670CDE9FE860006FE062B4156BF034528A901009B4E8F00B1C076710FB680
:20CE900052006013761F02C788258F00AAAAA8A90FA6600B9A277670CD9552016006761F07
:20CEA00002C61A0400046F290B4560E456BF034528A904009B4E8F00B1C076710FB6520043
:20CEB0006013761F02C788258F00AAAAA8A90FA6600B9A277670CD9552016006761F02C671
:20CEC0001A0400086F0A0B4560E48F3314C4A84492419B267670CDFFFE860006FE062B4159
:20CED00056BF034528A905009BDC8F00B28076710FB652006013761F02CB882C8F00AAAA6D
:20CEE000A8A90FA6600B9A6E7670CDB152016006761F02C61A0400106F290B4560E456BFD0
:20CEF000034528A905DC9BDC8F00B28076710FB652006013761F02CB882C8F00AAAAA8A935
:20CF00000FA6600B9A6E7670CDB152016006761F02C61A0400206F0A0B4560E48F3313E669
:20CF1000A84492419B6D7670CE15FE860006FE062B4156BF034528A906B89BDC8F00B300D2
:20CF200076710FB652006013761F02CD882C8F00AAAAA8A90FA6600B9A6E7670CDCD520139
:20CF30006006761F02C61A0400406F290B4560E456BF034528A907949BDC8F00B30076712B
:20CF40000FB652006013761F02CD882C8F00AAAAA8A90FA6600B9A6E7670CDCD520160069A
:20CF5000761F02C61A0400806F0A0B4560E48F3313E6A84492419B6D7670CE2BFE860006CE
:20CF60000006FE062B4256BF0345761F02C62B238F00B186A8442B419241521D67085841CA
:20CF7000929472230A419241521D68FA9A009B3C8F00B18676710F50520060335CAD9A3AB8
:20CF80009B02DC825CA476710FB65200602A761F02C688230E420FA660241A03000156BF4A
:20CF9000034528A903009B3C8F00B18676710F50520060145CAD28A9033A9B02DC825CA4AA
:20CFA00076710FB65200600A761F02C688230E420FA660041A0300026F060B4560E36F03FF
:20CFB0000B4560C5FE860006FE062B4256BF0345761F02C72B268F00B1C0A8442B419241BA
:20CFC000522667085841929472260A419241522668FA28A901009B4E8F00B1C076710F501A
:20CFD000520060385CAD28A9014C9B02DC825CA476710FB65200602E761F02C788260E424D
:20CFE0000FA66028761F02C61A03000456BF034528A904009B4E8F00B1C076710F505200C3
:20CFF00060165CAD28A9044C9B02DC825CA476710FB65200600C761F02C788260E420FA60B
:20D000006006761F02C61A0300086F060B4560E16F030B4560BFFE860006FE062B4256BF31
:20D010000345761F02CB2B2D8F00B280A8442B419241526D670858419294722D0A41924168
:20D02000526D68FA28A905009BDC8F00B28076710F50520060385CAD28A905DA9B02DC82DD
:20D030005CA476710FB65200602E761F02CB882D0E420FA66028761F02C61A03001056BF11
:20D04000034528A905DC9BDC8F00B28076710F50520060165CAD28A906B69B02DC825CA4FF
:20D0500076710FB65200600C761F02CB882D0E420FA66006761F02C61A0300206F060B4575
:20D0600060E16F030B4560BFFE860006FE062B4256BF0345761F02CD2B2D8F00B300A8444C
:20D070002B419241526D670858419294722D0A419241526D68FA28A906B89BDC8F00B3004E
:20D0800076710F50520060385CAD28A907929B02DC825CA476710FB65200602E761F02CD02
:20D09000882D0E420FA66028761F02C61A03004056BF034528A907949BDC8F00B30076711B
:20D0A0000F50520060165CAD28A9086E9B02DC825CA476710FB65200600C761F02CD882D7B
:20D0B0000E420FA66006761F02C61A0300806F060B4560E16F030B4560BFFE860006FE0686
:20D0C0002B412B4256BF0345761F02C80E001E442D4135068F00B20008A9080028AC0003D1
:20D0D00088A93041560100A49B0692A65CC476710F50520060050A4156BF03456F020B4544
:20D0E000924560020A419241521F69E3FE860006FE042B418F331510A8449B1D92417670E0
:20D0F000CDE9FE840006FE042B418F3314C4A8449B2692417670CDFFFE840006FE042B41B2
:20D100008F3313E6A8449B6D92417670CE15FE840006FE042B418F3313E6A8449B6D92414C
:20D110007670CE2BFE840006FE06A8449742964176710E489AA076710EE076710ED6964506
:20D120005201600576710E6E9A016F4ECC41FF00FFC776710EE076710ED696455201600577
:20D1300076710E6E9A016F40CC4100FF76710EE076710ED696455201600576710E6E9A01F5
:20D140006F332B4692425446692140466D0A8A449246FFC058A99294FFC776710EE06F0928
:20D150008A449246FFC058A9CC9400FF76710EE076710ED696455201600576710E6E9A01C9
:20D160006F130A469242544666E176710E6E761F02C656BF010128A9FDFF76711C645200CB
:20D1700061FB9A006F01FE860006B2BDFE022B412B427670D4F11BA909F462067670D4F1E8
:20D180001BA9060C630728A908007670D4E756BF01427670D4FF1BA909F462067670D4FFE2
:20D190001BA9060C630728A908007670D4F556BF01427670D50D1BA909F462067670D50DA6
:20D1A0001BA9060C630728A908007670D50356BF01427670D51B1BA909F462067670D51B6B
:20D1B0001BA9060C630728A908007670D51156BF01427670D5291BA909F462067670D52931
:20D1C0001BA9060C630728A908007670D51F56BF01427670D5371BA909F462067670D537F7
:20D1D0001BA9060C630728A908007670D52D56BF01427670D5451EA68F0E1000A8A90FA66F
:20D1E00064097670D5451EA63B01FF2CFF1F0FA6650602007670D53B56BF01427670D553FB
:20D1F0001BA909F462067670D5531BA9060C630728A908007670D54956BF01427670D56157
:20D200001BA909F462067670D5611BA9060C630728A908007670D55756BF01427670D56F1C
:20D210001BA909F462067670D56F1BA9060C630728A908007670D56556BF01427670D58CD3
:20D220001BA909F462067670D58C1BA9060C630728A908007670D58256BF01427670D5FC19
:20D230001BA909F462067670D5FC1BA9060C630728A908007670D5F256BF01427670D60A1A
:20D240001BA9089861117670D60A1BA908FC610C7670D60A1BA90960610728A908FC7670E7
:20D25000D60056BF01417670D61988A98F001388A8A90FA6610F7670D61988A98F001770CF
:20D26000A8A90FA6610728A913887670D60E56BF01417670D65F1BA9025866067670D65FF3
:20D270001BA901E0670728A902347670D65556BF01417670D66D1BA9025866067670D66D40
:20D280001BA901E0670728A9021C7670D66356BF01417670D65F59A97670D66D93A155A99E
:20D2900067077670D65F7670D66356BF01417670D67B1BA905DC66057670D67B520A670737
:20D2A00028A902587670D67156BF01417670D6891BA901B868067670D6891BA9021C6907F8
:20D2B00028A901CC7670D67F56BF01417670D6971BA901E068067670D6971BA902596907E6
:20D2C00028A9021C7670D68D56BF01417670D6271BA901A468067670D6271BA9021C6907D0
:20D2D00028A901A47670D61D56BF01417670D6351BA901B868067670D6351BA9025869073D
:20D2E00028A901CC7670D62B56BF01417670D6A55205680C7670D6A5525F66087670D6A545
:20D2F0009B0500F11F7952006108761FCC5392237670D69B56BF01417670D6B3520A680CE4
:20D300007670D6B3526466087670D6B39B0500F11F7952006108761FCC5392247670D6A958
:20D3100056BF01417670D643525A66087670D6439B0500F11F7952006108761FCC53922143
:20D320007670D63956BF01417670D651520A680C7670D651526466087670D6519B0500F1F5
:20D330001F7952006108761FCC5392227670D64756BF01417670D5E0520A64057670D5E0CD
:20D34000521465069A0E7670D5D656BF01427670D6C1520A64067670D6C11BA905DC65079A
:20D3500028A9012C7670D6B756BF01417670D6CF520064057670D6CF520365069A007670E4
:20D36000D6C556BF01417670D6DD520064057670D6DD520165069A007670D6D356BF014190
:20D370007670D5EE520462057670D5EE520063069A007670D5E456BF01427670D6EB520049
:20D3800064057670D6EB520265069A007670D6E156BF01417670D6F9520064057670D6F90B
:20D39000520365069A007670D6EF56BF01417670D707520064057670D707520165069A0086
:20D3A0007670D6FD56BF01417670D715520064057670D715520165069A007670D70B56BFC9
:20D3B00001417670D723520064057670D723520165069A007670D71956BF01417670D7312D
:20D3C000520064057670D731520165069A017670D72756BF01417670D73F52006405767073
:20D3D000D73F520165069A017670D73556BF01417670D74D520064057670D74D52016506F8
:20D3E0009A017670D74356BF01417670D75B520065057670D75B521F65069A017670D751CA
:20D3F00056BF01417670D769520064057670D769520165069A007670D75F56BF014176700E
:20D40000D777520064057670D777520165069A007670D76D56BF01417670D78552006405F9
:20D410007670D785520165069A017670D77B56BF01417670D793FFC790FF52176606767072
:20D42000D79390FF523B69069A007670D78956BF01417670D7A1FFC790FF52176606767052
:20D43000D7A190FF523B69069A007670D79756BF01417670D7BD1BA901A468067670D7BDC9
:20D440001BA9021C690728A901A47670D7B356BF01417670D7CB1BA903B669069AFA76704F
:20D45000D7C156BF01417670D7D91BA909F462067670D7D91BA9060C630728A90800767079
:20D46000D7CF56BF01427670D7E71BA909F462067670D7E71BA9060C630728A9080076703E
:20D47000D7DD56BF01427670D7F21BA909F462067670D7F21BA9060C630728A9080076700A
:20D48000D7EB56BF01427670D7FA1BA909F462067670D7FA1BA9060C630728A908007670DC
:20D49000D7F356BF01427670D806520064057670D806520165069A017670D7FB56BF0141AF
:20D4A0007670D815520564067670D8151BA901F465069A507670D80A56BF01417670D824F6
:20D4B000520064057670D824520165069A007670D81956BF01417670D832520064067670A7
:20D4C000D8321BA92EE0650728A91F407670D82856BF014192415201600B761F01BF1A0592
:20D4D00001007670CFB4761F01BF1A03010092425201600B761F01BF1A0501007670CF6142
:20D4E000761F01BF1A030100FE828BBE0006FE0296413B10761F02C696062910FF69FE82AE
:20D4F0000006761F02C692060006FE0296413B10761F02C696072910FF69FE820006761F43
:20D5000002C692070006FE0296413B10761F02C696192910FF69FE820006761F02C6921947
:20D510000006FE0296413B10761F02C6961A2910FF69FE820006761F02C6921A0006FE0290
:20D5200096413B10761F02C696082910FF69FE820006761F02C692080006FE0296413B1088
:20D53000761F02C696092910FF69FE820006761F02C692090006FE021E423B10761F02C6B2
:20D540001E0A2910FF69FE820006761F02C6060A0006FE0296413B10761F02C6960C2910AF
:20D55000FF69FE820006761F02C6920C0006FE0296413B10761F02C6960D2910FF69FE8289
:20D560000006761F02C6920D0006FE0296413B10761F02C6960E2910FF69FE820006761FC4
:20D5700002C6920E0006FE0296413B10761F02C69241960F2910FF69FE820006761F02C6B2
:20D58000920F0006FE0296413B10761F02C696102910FF69FE820006761F02C69210000693
:20D59000FE0296413B10761F02C696112910FF69FE820006761F02C692110006FE02964151
:20D5A0003B10761F02C696122910FF69FE820006761F02C692120006FE0296413B10761F36
:20D5B00002C696132910FF69FE820006761F02C692130006FE0296413B10761F02C6961492
:20D5C0002910FF69FE820006761F02C692140006FE0296413B10761F02C696152910FF6950
:20D5D000FE820006761F02C692150006FE0296413B10761F02C696162910FF69FE82000659
:20D5E000761F02C692160006FE0296413B10761F02C696172910FF69FE820006761F02C670
:20D5F00092170006FE0296413B10761F02C696182910FF69FE820006761F02C6921800060B
:20D60000FE0296413B10761F02C796002910FF69FE820006761F02C792000006FE02964100
:20D610003B10761F02C7924196012910FF69FE820006761F02C792010006FE0296413B10A7
:20D62000761F02C796022910FF69FE820006761F02C792020006FE0296413B10761F02C755
:20D6300096032910FF69FE820006761F02C792030006FE0296413B10761F02C7961D2910B5
:20D64000FF69FE820006761F02C7921D0006FE0296413B10761F02C7961E2910FF69FE8274
:20D650000006761F02C7921E0006FE0296413B10761F02C796042910FF69FE820006761FCA
:20D6600002C792040006FE0296413B10761F02C796052910FF69FE820006761F02C792050E
:20D670000006FE0296413B10761F02C796062910FF69FE820006761F02C792060006FE0255
:20D6800096413B10761F02C796072910FF69FE820006761F02C792070006FE0296413B1027
:20D69000761F02C796082910FF69FE820006761F02C792080006FE0296413B10761F02C7D9
:20D6A000961F2910FF69FE820006761F02C7921F0006FE0296413B10761F02C7962029100A
:20D6B000FF69FE820006761F02C792200006FE0296413B10761F02C796092910FF69FE8216
:20D6C0000006761F02C792090006FE0296413B10761F02C7960A2910FF69FE820006761F69
:20D6D00002C7920A0006FE0296413B10761F02C7960B2910FF69FE820006761F02C7920B8C
:20D6E0000006FE0296413B10761F02C7960C2910FF69FE820006761F02C7920C0006FE02D9
:20D6F00096413B10761F02C7960D2910FF69FE820006761F02C7920D0006FE0296413B10AB
:20D70000761F02C7960E2910FF69FE820006761F02C7920E0006FE0296413B10761F02C75C
:20D71000960F2910FF69FE820006761F02C7920F0006FE0296413B10761F02C796102910C9
:20D72000FF69FE820006761F02C792100006FE0296413B10761F02C796112910FF69FE82AD
:20D730000006761F02C792110006FE0296413B10761F02C796122910FF69FE820006761FE8
:20D7400002C792120006FE0296413B10761F02C796132910FF69FE820006761F02C7921303
:20D750000006FE0296413B10761F02C796142910FF69FE820006761F02C792140006FE0258
:20D7600096413B10761F02C796152910FF69FE820006761F02C792150006FE0296413B102A
:20D77000761F02C796162910FF69FE820006761F02C792160006FE0296413B10761F02C7DC
:20D7800096172910FF69FE820006761F02C792170006FE0296413B10761F02C79618291041
:20D79000FF69FE820006761F02C792180006FE0296413B10761F02C796192910FF69FE822D
:20D7A0000006761F02C792190006FE0296413B10761F02C7961A2910FF69FE820006761F68
:20D7B00002C7921A0006FE0296413B10761F02C7961B2910FF69FE820006761F02C7921B7B
:20D7C0000006FE0296413B10761F02C7961C2910FF69FE820006761F02C7921C0006FE02D8
:20D7D00096413B10761F02C6961B2910FF69FE820006761F02C6921B0006FE0296413B10B0
:20D7E000761F02C6961C2910FF69FE820006761F02C6921C0006FE0296413B102910FF691F
:20D7F000FE8200060006FE0296413B102910FF69FE8200060006FE0296413B10761F02C7BE
:20D80000924196212910FF69FE820006761F02C792210006FE0296413B10761F02C79241ED
:20D8100096222910FF69FE820006761F02C792220006FE0296413B10761F02C792419623F5
:20D820002910FF69FE820006761F02C792230006FE0296413B10761F02C796242910FF69CD
:20D83000FE820006761F02C792240006FE02964152016006761F01BF1A0580006F05761FAB
:20D8400001BF1A038000FE820006761F01BFCC084000FFCD520160039A016F029A0000064E
:20D85000FE04974296412B43761F02C89200521F690356BF0100761F02F992399643560327
:20D860000843943A964328AC00038F00B200761F02C83000560100A4924196C430008F0028
:20D87000B201560100A4924296C48F00B2023000560100A4924396C40A00761F02C656BFA3
:20D880000100FE840006FE029641761F02F596291B29030C67022B29FE820006FE02964170
:20D89000761F02F5962A1B2A030C67022B2AFE820006FE029641761F02F5962CFE820006E9
:20D8A000FE029641761F02F5962BFE820006FE029641761F02F59625921D9C9C54296902D1
:20D8B0002B25FE820006FE029641761F02F59624921D9C9C542A69022B24FE820006FE02C0
:20D8C0009641761F02F59628FE820006FE029641761F02F59627FE820006FE029641761F8F
:20D8D00002F59226616F761F02F492356112761F02F5931B5D418F00BD4F922908A8FF38DF
:20D8E0007671161D52006114761F02F42B356F10761F02F55D418F00BD4F9229931B7671C8
:20D8F000160852006105761F02F456BF0135761F02F4923760132D41761F02F5350A8F00DD
:20D90000BD365DA9931D92297671161D52006115761F02F456BF01376F10761F02F5931D2E
:20D910005D418F00BD3692299D647671160852006104761F02F42B37761F02F49235610EB1
:20D92000761F02FF922A52046109761F027056BF0D019A009B0276711CA2761F02F492357D
:20D93000600392376106761F02F556BF01186F04761F02F52B18761F02F49235761F02F56A
:20D940009619FE820006FE029641761F02F59226616F761F02F4923A6112761F02F5931BA3
:20D950005D418F00BD39922A08A8FE0C7671161D52006114761F02F42B3A6F10761F02F542
:20D960005D418F00BD39922A931B7671160852006105761F02F456BF013A761F02F4923035
:20D9700060132D41761F02F5350A8F00BD385DA9931D922A7671161D52006115761F02F488
:20D9800056BF01306F10761F02F5931D5D418F00BD38922A9D647671160852006104761F56
:20D9900002F42B30761F02F4923A610E761F02FF922A52046109761F027056BF0D019A008A
:20D9A0009B0276711CA2761F02F4923A600392306106761F02F556BF011A6F04761F02F587
:20D9B0002B1A761F02F4923A761F02F5961EFE820006FE04974296415202687E761F02F57D
:20D9C0009211FFE10087761F02F40B2F606156BF322F761F02F59208602A9320761F02D473
:20D9D0009A005C247670DABC9643761F02F5922C523267121B2207A0630FBE1E0E29F60F13
:20D9E0001FA693299FA997449244544363029643761F02F62B1E9AC8761F02F594435429C0
:20D9F0006718922908A9FF3896436F139220964392089C0A544363049A0A74436F0A924328
:20DA00009C0A540863040843000A6F0392089643921C54436704921C96436F069217544377
:20DA1000690392179643921B9CCE54436705921B9CCE96436F08921D9C3254436904921D57
:20DA20009C3296433B109243962029106F22761F02F50E25761F02F656010034761F02F53C
:20DA3000920961179242520268140E24761F02F6560100346F0E761F02F456BF322F020055
:20DA4000761F02F61E341E3056BF0A1A2B1E2B24761F02F5920961049220961F6F6B924227
:20DA50005202685B92116166761F02F40B31604D56BF3231761F02F5931F9A01FF69761F73
:20DA600002D45C247670DABC9643761F02F5922B523267121B2F07A0630FBE1E0E2AF60F39
:20DA70001FA6932A9FA997449244544363029643761F02F62B1F9AC8761F02F59443542A2C
:20DA80006705922A08A9FF389643921C54436704921C96436F0692175443690392179643C3
:20DA9000921B9CCE54436705921B9CCE96436F08921D9C3254436904921D9C3296433B10D3
:20DAA0009243961F29106F16761F02F50E24761F02F6560100366F0E761F02F456BF3231C6
:20DAB0000200761F02F61E361E3256BF0A1B2B1F2B25FF69FE840006FE047C4397429641EE
:20DAC0009242964458418F00BD9E92948F00BDA49694584192945201602729018F00BDB016
:20DAD00056030141560100A4C4C4560301418F00BDB4560100A406A60FC4670A8F00BD9AAC
:20DAE000929472448F00BD9E56BF01946F328F00BD9A939492A8FFCE94A8FFA074448F00DF
:20DAF000BD9E2B946F2629018F00BDB056030141560100A4C4C4560301418F00BDB4560131
:20DB000000A406A60FC467098F00BD9A929474448F00BD9E2B946F0D8F00BD9A939492A842
:20DB1000FFCE94A8FFA072448F00BD9E56BF019492449C645443690992431BA905DC69053C
:20DB20009C9C964458412B94560301418F00BDB4560100A4C4C4560301418F00BDB056016F
:20DB300000A4C2C4560301418F00BDB4560100A402001EC458418F00BDA492948F00BD9E98
:20DB40005494610A8F00BD9A939492A8FFCE94A8FFA096946F088F00BD9AA8A90D418AA92A
:20DB500008C4000558418F00BD9A92945264650456BF64946F0692945214630356BF1494EF
:20DB6000761F02F5921C54446704921C96446F0692175444690392179644921B9CCE54448C
:20DB70006705921B9CCE96446F08921D9C3254446904921D9C3296449244FE840006FE028A
:20DB800096415200610352016019761F02CF1A3500017622761F01A1CC14FFFC50029614D0
:20DB90001A180004761A280B0555180FFFFC2809FFFFFF697670DC6C6F37761F02F5922156
:20DBA000610352016031761F01A12B0BCC0BFFCF5020960BCC0BFF3F5040960B924152028D
:20DBB000601D761F02F5922C52C86709BE1E0E29F60F1FA693299FA997206F039229962089
:20DBC00092175420690392179620921D9C325420690B921D9C3296206F07761F02D492242E
:20DBD000761F02F596349241761F02F59621FE820006FE029641520061035201600C761F62
:20DBE00001A1280C0555180FFFFC280AFFFF7670DC946F3E761F02F5922361035201603810
:20DBF000761F01A12B0CCC0CFCFF1AA90200960CCC0CF3FF1AA90400960C92415202602291
:20DC0000761F02F5920961049220961F6F0E922B52C86709BE1E0E2AF60F1FA6932A9FA96A
:20DC1000971F6F03922A961F9217541F69039217961F921D9C32541F690B921D9C32961FDF
:20DC20006F07761F02D49224761F02F4961B9241761F02F59623FE820006761F02F4281AA6
:20DC30001FE3281C1F77282A296E2829096E282B1000282D2A1C282C0A1B282E0BD3282450
:20DC4000023D28230996761F02F656BF100B56BF050D280F07D0761F02F456BF102156BFC3
:20DC50000520282207D0282701F42826019056BF500756BF780656BF320856BF280A9227FD
:20DC600096099226960B920796019206960092089604920A96030006761F02F62B072B09EC
:20DC700002001E1C761F02F52B2D761F02F62808FF9C2B0A2B002B032B022B042B132B10B9
:20DC80002B112B122B0C761F02F52B22761F02F61E2656BF010E280F07D0761F02F42B132F
:20DC90002B052B022B120006761F02F52B302B320200761F02F61E22761F02F52B2E283183
:20DCA000FF9C2B362B3C2B382B372B392B3B2B3A761F02F42B1E2B1D2B1F761F02F52B2FC1
:20DCB000761F02F61E20761F02F456BF0118282207D00006FE0A97449643761F02F50B0155
:20DCC000FFE0016E56BF05010264761F02E92D1E1E42761F02F5120B00F11E43761F02F6C2
:20DCD0001E28761F02E902642D1E1E4228A9C35030A900F11E43761F02F61E2A761F02FDE5
:20DCE000921B610F3B01761F02FD8516761F02F60F286307761F02FD8516761F02F61E286C
:20DCF0000278761F02F60F2865021E28A328FF68A9A9FF3210AC1E489228761F02F59E2549
:20DD00009E2496499243FFE100AE9244FFE100AB92096120C44828AC001F3B01761F02F6BA
:20DD100006A6562207A6FF401E181E160618630402001E186F05062A0F1863021E1806163A
:20DD2000630402001E166F7B062A0F1663781E166F76761F02F60628761F02F588253B01E3
:20DD3000FF40FF12007D0FA663259249650E28AC000A30251EA65603014980A9761F02F62B
:20DD400006A681A71E186F0A28AC000A06483224761F02F603AB190A1E18062A0F1863026E
:20DD50001E18064803181E16062A0F1663481E166F46761F02F60628761F02F58824FF40C5
:20DD6000FF12007D0FA663259249650E28AC000A30241EA65603014980A9761F02F606A68F
:20DD700081A71E166F0A28AC000A06483225761F02F603AB190A1E16062A0F1663021E16BB
:20DD8000064803161E18062A0F1863191E186F179249FFA085A90D25761F02F6FF5AFF3266
:20DD900010AC1E189249761F02F5FFA085A90D24761F02F6FF5AFF3210AC1E160618630490
:20DDA00002001E186F05062A0F1863021E180616630402001E166F2A062A0F1663271E1660
:20DDB0006F259243610E761F02F6062A0F4863031E186F0306481E188F001388A8166F1668
:20DDC0009244610E8F001388761F02F6A818062A0F4863031E166F0A06481E166F078F0066
:20DDD0001388761F02F6A818A816761F02F5921D54296904921D96456F03922996453B019A
:20DDE0008545FF69761F02F61E4202641EAC56440018FF153D0900F11E43761F02F4963322
:20DDF0003B01761F02F685451E4256440018FF053D0900F11E43761F02F496321B3207D05B
:20DE00006503283207D0761F02F5921D542A6904921D96456F03922A96453B01761F02F6E7
:20DE100085451E4256440016FF153D0900F11E43761F02F496343B01761F02F685451E4224
:20DE200056440016FF053D0900F11E43761F02F596021B0207D06503280207D0761F02F688
:20DE3000920F9645020A1E42061800F11E43761F02F58825FF12007D0FA663049A0A74453A
:20DE40006F34020A761F02F61E42061800F11E43761F02F58825FF12004B0FA663049A0566
:20DE500074456F23020A761F02F61E42061800F11E43761F02F5882509C80FA663049A023C
:20DE600074456F13020A761F02F61E42061800F11E43761F02F588250FA664041B2C07D08A
:20DE700069030B456F020A45761F02F492335445630396456F059232544565029645924502
:20DE80001BA907D06504284507D06F04520063022B453B109245761F02F6960F2910761F7E
:20DE900002F492229645020AFF69761F02F61E42061600F11E43761F02F58824FF12007D58
:20DEA0000FA663049A0A74456F34020A761F02F61E42061600F11E43761F02F58824FF1296
:20DEB000004B0FA663049A0574456F23020A761F02F61E42061600F11E43761F02F5882462
:20DEC00009C80FA663049A0274456F13020A761F02F61E42061600F11E43761F02F58824DF
:20DED0000FA664041B2B07D069030B456F020A45761F02F492345445630396456F07761F46
:20DEE00002F5920254456502964592451BA907D06504284507D06F04520063022B453B10B8
:20DEF0009245761F02F496222910020AFF69761F02F61E42061800F11E43761F02F5960EBE
:20DF0000761F02F6020A1E42061600F11E43761F02F5960DFE8A0006761F02F49216601535
:20DF1000761F02F51B290320670E1B2C01F4690B0A0392035219651B2B03761F02F456BF7E
:20DF200001166F152B036F13761F02F51B2903E866041B2C0190670A0A03920352FA6507CE
:20DF30002B03761F02F42B166F022B03761F02F49216610E761F02FF922A52046109761FEF
:20DF4000027056BF0E019A009B0276711CA20006761F02F492156015761F02F51B2A0320AE
:20DF5000670E1B2B01F4690B0A0592055219651B2B05761F02F456BF01156F152B056F13E0
:20DF6000761F02F51B2A03E866041B2B0190670A0A05920552FA65072B05761F02F42B15DA
:20DF70006F022B05761F02F49215610E761F02FF922A52046109761F027056BF0E019A0078
:20DF80009B0276711CA20006761F02F49214603C761F02FD40216C06761F02F51B292328EA
:20DF90006910761F02F51B2507D0690B0A049204521965082B04761F02F456BF01146F0210
:20DFA0002B04761F02FD41216C06761F02F51B2A23286910761F02F51B2407D0690B0A1005
:20DFB0009210521965082B10761F02F456BF01146F022B10761F02F49214611E761F02F5FF
:20DFC0002B042B106F19761F02F51B29213467131B2A213467101B2503E8670D1B2503E8D5
:20DFD000670A0A049204523265072B04761F02F42B146F022B040006FE0496417670D78572
:20DFE0005200FFE10083761F02F59209600956BF01099A007670DB7F9A007670DBD9921805
:20DFF0006103921A600B922A5429660592299E2A96426F059E2996426F022B427670E0D808
:20E00000520268117670E0DC5202680D761F02F5922B542C6605922C9E2B96436F059E2CF6
:20E0100096436F022B43761F02F4923D60105D41924228A8012C8F00BD3C76711608520020
:20E020006112761F02F456BF013D6F0D5D4192429B648F00BD3C7671161D52006104761FB4
:20E0300002F42B3D761F02F4923F600F5D4192439BC88F00BD3B7671160852006112761FEB
:20E0400002F456BF013F6F0D5D4192439B648F00BD3B7671161D52006104761F02F42B3F3A
:20E05000761F02F4923D6003923F6120761F02FF922A5204611B761F027056BF24019A00A2
:20E060009B0276711CA26F12761F02F5920961082B099A007670DB7F9A007670DBD9761F76
:20E0700002F42B3D2B3F2B3C2B3BFE8400067670E0D85202682F761F02F6920F761F02F530
:20E080009C64542C67248F001388761F02F6A8A9072A8AA928AC000A761F02F530250FA497
:20E090006516761F02F40A3E923E52FA69132B3E761F02FF922A5204610D761F027056BFEF
:20E0A0000F019A009B0276711CA26F04761F02F42B3E7670E0DC5202682B761F02F4922245
:20E0B000761F02F59C64542B67228F001388761F02F6A8A9072A8AA928AC000A761F02F5E6
:20E0C00030240FA465140A00920052FA69112B00761F02FF922A5204610B761F027056BF03
:20E0D0000F019A009B0276711CA26F022B000006761F02F592210006761F02F59223000616
:20E0E000761F02F692070006761F02F592300006761F02F692080006761F02F5923100061E
:20E0F000761F02F6920F0006761F02F492220006761F02F5923F0006761F02F5923D0006D3
:20E10000761F02F692010006761F02F5923E0006761F02F592220006761F02F5922F0006DE
:20E11000761F02F828230AF0282206A428250A8C282407087670D58C761F02F8960C280B3E
:20E120000800280E080028130AF02814038428100A8C280F03E82812196428110FA0761F7D
:20E1300002F72806189C28041068761F02F89212961F9211961E761F02F79206761F02F85C
:20E140009621761F02F79204761F02F896200006761F02F81A0A00011A0A0008180AFFDFB9
:20E150001A0A00101A0A00400006FE029641761F02F7963FFE820006FE029641761F02F7EC
:20E16000963EFE820006FE029641761F02F89600FE820006FE029641761F02F8961DFE822A
:20E170000006FE029641761F02F8961CFE820006FE029641761F02F89617FE820006FE0450
:20E1800096435200610F28A9E10028A805F58843761F02F8FF5A0200F61F561700A63F0745
:20E190006F04761F02F82B07FE840006FE0496435200610F28A9E10028A805F58843761F3A
:20E1A00002F8FF5A0200F61F561700A63F1B6F04761F02F82B1BFE840006FE04964352008B
:20E1B000610F28A9E10028A805F58843761F02F8FF5A0200F61F561700A63F1A6F04761F25
:20E1C00002F82B1AFE840006761F02F82B160006761F02F82B190006761F02F82B180006F1
:20E1D000FE029641761F02F80A16541667101A0A00011A0A0040180AFFDF1A0A00082B16D2
:20E1E000761F02F72B3F761F02F82B07FE820006FE029641761F02F80A195419670E1A0A51
:20E1F00000021A0A00801A0A00202B19761F02F72B3E761F02F82B1BFE820006FE029641B8
:20E20000761F02F80A185418670A1A0A00041A0A01001A0A00202B182B002B1AFE820006A6
:20E21000FE029642761F02F840096C149641761F02F7923F8F00BDE7761F02F893255D248D
:20E22000767115F052016018761F02F81809FFFE6F139641761F02F7923F8F00BDE7761FFA
:20E2300002F893235D22767115D852016005761F02F81A0900017670D6DD5200602D761F53
:20E2400002F8400A6C159242761F02F796418F00BDE8923F761F02F893105D0F767115F031
:20E2500052016026761F02F8180AFFFE6F219242761F02F796418F00BDE8923F761F02F8CA
:20E2600093135D14767115D852016012761F02F81A0A00016F0D761F02F89209CD0AFFFEC0
:20E270009001CAA8960A761F02F792279628FE820006FE029642761F02F841096C14964158
:20E28000761F02F7923E8F00BDE4761F02F893255D24767115F052016018761F02F81809C1
:20E29000FFFD6F139641761F02F7923E8F00BDE4761F02F893235D22767115D8520160053B
:20E2A000761F02F81A090002761F02F8CC090002CD0AFFFDFFC0FF80CAA8960AFE8200069B
:20E2B000FE029642761F02F842096C10964193255D248F00BDE39200767115F0520160149C
:20E2C000761F02F81809FFFB6F0F964193235D228F00BDE39200767115D852016005761F28
:20E2D00002F81A090004761F02F8CC090004CD0AFFFBFFC1FF81CAA8960AFE820006FE02FC
:20E2E0009642761F02F843096C10964193215D208F00BDE69207767115F052016014761FD4
:20E2F00002F81809FFF76F0F9641931F5D1E8F00BDE69207767115D852016005761F02F895
:20E300001A090008761F02F8CC090008CD0AFFBFFFC2FF85CAA8960AFE820006FE0296421C
:20E31000761F02F844096C10964193215D208F00BDE5921B767115F052016014761F02F86D
:20E320001809FFEF6F0F9641931F5D1E8F00BDE5921B767115D852016005761F02F81A0930
:20E330000010761F02F8CC090010CD0AFF7FFFC3FF86CAA8960AFE820006FE029642761FA8
:20E3400002F845096C10964193215D208F00BDE9921A767115F052016014761F02F81809AD
:20E35000FFDF6F0F9641931F5D1E8F00BDE9921A767115D852016005761F02F81A0900200E
:20E36000761F02F8CC090020CD0AFEFFFFC4FF87CAA8960AFE820006FE049641761F02BD37
:20E3700092385203610352046013761F02AC9228761F02D1541B6209761F02AC922D761F6B
:20E3800002D19E1B96426F09921B96426F06761F02F72B2F2B3A6F49761F02AC922CFFA002
:20E3900096437670E426520161057670E43252016006761F02F72B2F2B3A6F1E761F02F7CE
:20E3A000923A610D9243544269080A2F922F544169132B2F2B3A6F102B2F6F0E92439C05B1
:20E3B000544267090A2F922F544169062B2F56BF013A6F022B2F761F02FF922A52026103CA
:20E3C00052056006761F02F8180AFFDF6F0E761F02F8CD0AFFDF761F02F7923A9001761FB0
:20E3D00002F8FF84CAA8960AFE840006761F02F8400A6D05410A6D03420A6C041A0D00012C
:20E3E0006F03180DFFFE460A6D05470A6D03480A6C041A0A00106F03180AFFEF440A6C04D0
:20E3F0001A0D00026F03180DFFFD430A6C041A0D00046F03180DFFFB450A6C041A0D0010E2
:20E400006F03180DFFEF400A6D0B410A6D09420A6D07440A6D05430A6D03450A6C041A0DD1
:20E4100000086F03180DFFF740096D0B41096D0942096D0743096D0544096D0345096C04DE
:20E420001A0D00206F03180DFFDF00063B10761F02F8400D6C0429109A016F0329109A006A
:20E43000FF6900063B10761F02F8410D6C0429109A016F0329109A00FF6900063B10761F5F
:20E4400002F8420D6C0429109A016F0329109A00FF6900063B10761F02F8440D6C042910A8
:20E450009A016F0329109A00FF6900063B10761F02F8430D6C0429109A016F0329109A00AB
:20E46000FF6900063B10761F02F8430D6D06761F02DC92179003610429109A016F032910FE
:20E470009A00FF6900063B10761F02F8450D6C0429109A016F0329109A00FF690006761FCC
:20E4800002F81A0A00080006761F02F8180AFFF70006761F02F89238963792399638761F4F
:20E4900002F7923F761F02F89639BE039238943794390EA9F60F1FA6960528AC00B5290152
:20E4A0003005FF4696040006761F02F89232963192339632761F02F7923E761F02F89633E5
:20E4B000BE039232943194330EA9F60F1FA6960628AC00B529013006FF4696010006761FBE
:20E4C00002F8922C962B922D962C9200962DBE03922C942B942D0EA9F60F1FA6960328AC00
:20E4D00000B529013003FF4696020006FE028F00BE0AA84292C4FE820006761F02F7281D47
:20E4E0000AF0280F0384280E0A8C280903E87670D7D9761F02F7960C2836196428350FA0CF
:20E4F0002838189C28371068923696089235960B9238960A923796100006761F02F71A01CB
:20E5000000011A0100081801FFDF1A0100101A0100400006FE029641761F02F79605FE82D4
:20E510000006FE029641761F02F7961FFE820006FE0496435200610F28A9E10028A805F52C
:20E520008843761F02F7FF5A0200F61F561700A63F126F04761F02F72B12FE840006FE02E8
:20E5300096410E41761F02F81E26FE820006761F02F72B200006FE029641761F02F70A20DE
:20E5400092205441690D1A0100011A0100401801FFDF1A0100082B202B052B1F2B12FE82EB
:20E550000006FE029642761F02F740076C109641930E5D098F00BDEE9205767115F052018E
:20E560006014761F02F71807FFFE6F0F9641931D5D0F8F00BDEE9205767115D852016005AF
:20E57000761F02F71A070001761F02F79207CD01FFFE9001CAA89601FE820006FE029642F1
:20E58000761F02F741076C109641930E5D098F00BDF19222767115F052016014761F02F719
:20E590001807FFFD6F0F9641931D5D0F8F00BDF19222767115D852016005761F02F71A07B3
:20E5A0000002761F02F7CC070002CD01FFFDFFC0FF80CAA89601FE820006FE029642761FF2
:20E5B00002F742076C109641930E5D098F00BDF0921C767115F052016014761F02F7180765
:20E5C000FFFB6F0F9641931D5D0F8F00BDF0921C767115D852016005761F02F71A070004A7
:20E5D000761F02F7CC070004CD01FFFBFFC1FF81CAA89601FE820006FE029642761F02F7C9
:20E5E00043076C109641930A5D108F00BDEB9212767115F052016014761F02F71807FFF743
:20E5F0006F0F964193085D0B8F00BDEB9212767115D852016005761F02F71A070008761F00
:20E6000002F7CC070008CD01FFBFFFC2FF85CAA89601FE820006FE029642761F02F7440715
:20E610006C109641930A5D108F00BDEA9213767115F052016014761F02F71807FFEF6F0FE6
:20E62000964193085D0B8F00BDEA9213767115D852016005761F02F71A070010761F02F74C
:20E63000CC070010CD01FF7FFFC3FF86CAA89601FE820006FE029642761F02F745076C1097
:20E640009641930A5D108F00BDED9219767115F052016014761F02F71807FFDF6F0F964162
:20E6500093085D0B8F00BDED9219767115D852016005761F02F71A070020761F02F7CC0707
:20E660000020CD01FEFFFFC4FF87CAA89601FE820006FE049641761F02BD92385203610327
:20E6700052046013761F02AC9228761F02D1541E6209761F02AC922D761F02D19E1E964281
:20E680006F09921E96426F06761F02F72B2C2B3A6F45761F02AC922CFFA096437670E71FA2
:20E69000520161057670E72B52016006761F02F72B2C2B3A6F1E761F02F7923A610D92438C
:20E6A000544269080A2C922C544169132B2C2B3A6F102B2C6F0E92439C05544267090A2C8D
:20E6B000922C544169062B2C56BF013A6F022B2C761F02FF922A5202610352056006761FBD
:20E6C00002F71801FFDF6F0A761F02F7923ACD01FFDF9001FF84CAA89601FE840006761F91
:20E6D00002F740016D0541016D0342016C041A0300016F031803FFFE46016D0547016D0300
:20E6E00048016C041A0100106F031801FFEF44016C041A0300026F031803FFFD43016C04AC
:20E6F0001A0300046F031803FFFB45016C041A0300106F031803FFEF40016D0B41016D0993
:20E7000042016D0744016D0543016D0345016C041A0300086F031803FFF740076D0B410772
:20E710006D0942076D0743076D0544076D0345076C041A0300206F031803FFDF00063B108A
:20E72000761F02F740036C0429109A016F0329109A00FF6900063B10761F02F741036C0484
:20E7300029109A016F0329109A00FF6900063B10761F02F742036C0429109A016F03291035
:20E740009A00FF6900063B10761F02F744036C0429109A016F0329109A00FF6900063B104F
:20E75000761F02F743036C0429109A016F0329109A00FF6900063B10761F02F743036D064C
:20E76000761F02DC92249003610429109A016F0329109A00FF6900063B10761F02F74503D0
:20E770006C0429109A016F0329109A00FF690006761F02F71A0100080006761F02F7180134
:20E78000FFF70006761F02F8922F962E9230962F761F02F79205761F02F89630BE03922FE6
:20E79000942E94300EA9761F02F7F60F1FA6961428AC00B529013014FF4696110006761FAC
:20E7A00002F89235963492369635761F02F79222761F02F89636BE039235943494360EA9CD
:20E7B000761F02F7F60F1FA6961628AC00B529013016FF4696150006761F02F8922996284E
:20E7C000922A9629761F02F7921C761F02F8962ABE0392299428942A0EA9761F02F7F60FF3
:20E7D0001FA6961828AC00B529013018FF4696170006FE028F00BDC1A84292C4FE820006F0
:20E7E000FE0496435200610F28A9E10028A805F58843761F02F7FF5A0200F61F561700A624
:20E7F0003F326F04761F02F72B32FE840006FE029642761F02F792336112924228A81A90C6
:20E800008F400E748F00BE1596419232767115F052016024761F02F72B336F20761F01BF17
:20E810004C106D19761F02FF921160159242761F02F728A81B588F400DAC8F00BE159641F2
:20E820009232767115D852016009761F02F756BF01336F04761F02F82B15FE820006761F50
:20E8300002F72B340006FE029641761F01BF4C106D13761F02BD9238610F761F02FF92119B
:20E84000600B761F02F70A3492415434670A2B3256BF01336F06761F02F72B342B332B32F2
:20E85000FE820006761F02BD92386116761F02FF92116012761F02F792335201600D761F3A
:20E8600002FF922A6109761F02DD421F6D059A049B0C76711CA20006FE029642761F02F7D4
:20E870002B3D761F02BD92386035761F02F7923C6112924228A81B588F400DAC8F00BDFBB8
:20E8800096419232767115D852016028761F02F72B3C6F24924228A81A908F400E748F0078
:20E89000BDFB96419232767115F052016017761F02F756BF013C761F02FF922A5204610E68
:20E8A000761F027056BF1C019A009B0276711CA26F05761F02F72B3C2B3BFE820006FE02EE
:20E8B0009641761F02F70A3D923D544169042B3D2B3B2B3CFE820006FE047C43974296419F
:20E8C00052016105520161035201600A9A0076710B229A0076710AC4761F02D00A2C28A9A0
:20E8D0000190761F02D0542C60062B2C761F01BF1A0C0200FE840006FE04761F01A90600A7
:20E8E0001E4202001E44761F003006001E448F0124F8761F02D156210017564400A4034400
:20E8F0001E3ABE960638073AFF5A761F02D00200F61F561700A63F29761F02D106441E3883
:20E900002B17761F02D01B2937CE683B1B296F9B69026F3792299628761F02D106421E2696
:20E91000761F02D20620761F02D11E3E761F02D202001E20761F02CF9206960A2B06761F87
:20E9200002D1063C761F02D21E00761F02D102001E3C761F02CF921296072B12761F02D12B
:20E9300056BF011D761F02BE9215761F02D1961E761F02F01A1C0020761F02F01A020004F8
:20E94000FE840006FE042B433B10761F02D206061E1E02001E06761F02CE9211960B2B11B8
:20E950002910520065113B01850BFF69761F02D21E42061E00F11E43761F02CE960E340EE8
:20E9600001D5562F05439243FF69FE840006FE042B433B10761F02D206221E2602001E225D
:20E97000761F02CE921996132B192910520065113B018513FF69761F02D21E42062600F167
:20E980001E43761F02CE9612341201D5562F05439243FF69FE840006FE042B433B10761F0B
:20E9900002D206241E2802001E24761F02CE920296042B0229105200650F3B018504FF69F3
:20E9A000761F02D21E42062800F11E439643344300AD562F05439243FF69FE840006B2BD10
:20E9B000FE042B433B10761F02D206141E1202001E14761F02CE920196052B01291052005B
:20E9C00065263B018505FF69761F02D21E42061200F11E439643761F02D1344307DB562F2C
:20E9D00005207670D5458BA97670D537761F02D12DA93B01122007A1FF4A962052006302D2
:20E9E0002B2092209B0A00F11EBF96439243FF69FE848BBE0006FE0602001E441E46761F5F
:20E9F00002CE9231652D3B018531761F02D21E42061C00F11E431E44761F02CE3B018531FA
:20EA0000761F02D21E42061A00F11E431E468746564400461E460F44640402001E446F10A8
:20EA100006440346767115A30EA91E448F0007D23B01A8AC56440044FF4985A91E44924417
:20EA2000761F02D19603761F01BF4D086C1D761F02FF922A52036006761F03030E251E4465
:20EA30006F15761F01BF4F086C06761F02F70E3F1E446F0C7670D84552016008761F02F720
:20EA40000E051E446F0302001E449244FE860006FE042B433B10761F02D306321E2E020060
:20EA50001E32761F02CE922796292B2729105200650F3B018529FF69761F02D31E42062ED8
:20EA600000F11E4396433443061F562F05439243FF69FE840006FE042B433B10761F02D318
:20EA70000630761F02D41E18761F02D302001E30761F02CE9233962D2B3329105200650FAB
:20EA80003B01852DFF69761F02D41E42061800F11E4396433443026F562F05439243FF691A
:20EA9000FE840006FE042B43761F02CF920265103B018502761F02D21E42063C00F11E43DF
:20EAA000767115A39643344307D2562F05439243FE840006FE042B43761F02CF9203651084
:20EAB0003B018503761F02D21E42063E00F11E43767115A39643344302D7562F0543761FF9
:20EAC00002FF922A60203B10761F02D30602761F02D21E30761F02D302001E02761F02CE94
:20EAD000923696352B3629105200650D3B018535FF69761F02D21E42063000F11E43761FF1
:20EAE00002CE96349243FF69FE840006FE042B43761F02CF920165103B018501761F02D2AE
:20EAF0001E42063200F11E43767115A39643344302BF562F0543761F02FF922A60223B1080
:20EB0000761F02D2062A1E2C02001E2A761F02D19205761F02CE963E761F02D12B052910BF
:20EB10005200650F3B01761F02CE853EFF69761F02D21E42062C00F11E43761F02CE963FCC
:20EB20009243FF69FE840006FE042B43761F02CE923965103B018539761F02D21E420634FE
:20EB300000F11E43767115A39643344302D7562F0543761F02FF922A601C3B10761F02D25C
:20EB400006381E0A02001E38761F02CF920F960C2B0F29105200650D3B01850CFF69761F4D
:20EB500002D21E42060A00F11E43761F02CF960E9243FF69FE840006FE042B43761F02CF6A
:20EB6000920465103B018504761F02D21E42060E00F11E43767115A39643344307D2562F49
:20EB700005439243FE840006FE0402001E443B10761F02D406001E0202001E00761F02CE19
:20EB8000921D961B2B1D29105200651B3B01851BFF69761F02D41E42060200F11E431E44F7
:20EB90008F0002D7A8AC3B0102641E4256440044FF4900F11E431E440644630302001E44B9
:20EBA0000644FF69FE840006FE0402001E443B10761F02D3063E1E3A02001E3E761F02CEA1
:20EBB000922696252B262910520065173B018525FF69761F02D31E42063A00F11E431E446E
:20EBC0008F00055EA8AC3B0102641E4256440044FF4900F11E431E440644FF69FE840006D9
:20EBD000FE042B43761F02CF920A610F0E0A761F02D11E42063E00F11E43767115A3964355
:20EBE000344307D2562F05439243FE840006FE042B43761F02CF9207610F0E07761F02D23E
:20EBF0001E42060000F11E43767115A39643344302C4562F0543761F02FF922A601C3B10B2
:20EC0000761F02D206081E0C02001E08761F02CF921396112B1329105200650D3B0185116C
:20EC1000FF69761F02D21E42060C00F11E43761F02CF96109243FF69FE840006FE0402007A
:20EC20001E443B10761F02D206041E0202001E04761F02CF9209761F02CE9610761F02CFFE
:20EC30002B0929105200611C761F02CE0E10FF69761F02D21E42060200F11E431E448F0089
:20EC400002C43B01A8AC02641E4256440044FF4900F11E431E440644630302001E44064460
:20EC5000FF69FE840006FE0402001E443B10761F02D3063C1E3602001E3C761F02CE92238D
:20EC6000961F2B23291052006118881F761F02D30200A336F61F561700A6A9448F0003E812
:20EC7000FF690223A8421EAC5644004400F11E433B01FF4485A91E449244FF69FE8400063E
:20EC8000FE0402001E443B10761F02D306341E3802001E34761F02CE922B761F02D0960A4C
:20EC9000761F02CE2B2B29105200611A761F02D0880A0200761F02D3A338F61F561700A63B
:20ECA000A9448F0003E8FF690223A8421EAC5644004400F11E433B01FF4485A91E44924497
:20ECB000FF69FE840006FE022B413B10761F02D4060A1E0402001E0A761F02D0920D961228
:20ECC0002B0D2910520061108812761F02D40200FF69A304F61F561700A63F4128AC05E485
:20ECD0003041562F05419241FF69FE820006FE022B413B10761F02D406061E1002001E06A5
:20ECE000761F02CF923F963A2B3F291052006110883A761F02D40200FF69A310F61F5617DB
:20ECF00000A63F4128AC05E43041562F05419241FF69FE820006FE022B413B10761F02D402
:20ED000006141E1202001E14761F02D0920796062B072910520061108806761F02D40200B0
:20ED1000FF69A312F61F561700A63F4128AC030D3041562F05419241FF69FE820006FE023D
:20ED20002B413B10761F02D406161E0802001E16761F02D0921196102B1129105200611051
:20ED30008810761F02D40200FF69A308F61F561700A63F4128AC030D3041562F0541924110
:20ED4000FF69FE820006FE022B413B10761F02D306061E0402001E06761F02D0922B962670
:20ED50002B2B2910520061108826761F02D30200FF69A304F61F561700A63F4128AC061F87
:20ED60003041562F05419241FF69FE820006FE022B413B10761F02D4061A1E0C02001E1AF0
:20ED7000761F02CF923B761F02D09604761F02CF2B3B29105200610D761F02D08804020095
:20ED8000FF69761F02D4A30CF61F561700A63F419241FF69FE820006FE022B413B10761F3C
:20ED900002D306121E1002001E12761F02D0920196002B0129105200610B8800761F02D371
:20EDA0000200FF69A310F61F561700A63F419241FF69FE820006FE022B413B10761F02D3AC
:20EDB00006141E1802001E14761F02D0922196242B2129105200610B8824761F02D3020090
:20EDC000FF69A318F61F561700A63F419241FF69FE820006FE022B413B10761F02D306166A
:20EDD0001E2602001E16761F02D0922396202B2329105200610B8820761F02D30200FF6916
:20EDE000A326F61F561700A63F419241FF69FE820006761F02D0923F0006761F02D0923E6C
:20EDF0000006761F02D192010006761F02D192000006761F02D092340006761F02D092319F
:20EE00000006761F02D092300006761F02D092350006761F02D0923A0006761F02D0923D1A
:20EE10000006761F02D092380006761F02D092370006761F02D0923C0006761F02D0923902
:20EE20000006761F02D1920F0006761F02D192140006761F02D192110006761F02D192029C
:20EE30000006761F02D1920E0006761F02D1920A0006761F02D13B01340E07D2FF49000697
:20EE4000761F02D13B01340A02C4FF490006761F02D092280006761F02D0921E0006761FE3
:20EE500002D088148F00FDE8A8A90FA6630A28A9FFFF9E14761F02D3962556BF01246F06F8
:20EE60009214761F02D396252B248F00B4E40006761F02D192090006761F02D1920D000635
:20EE7000761F02D1920B0006761F02D1920C0006761F02D192150006761F02D19210000646
:20EE8000761F02D192130006761F02D192120006761F02D03B01343F02BFFF490006761F93
:20EE900002D03B01343E02BFFF490006761F02D13B01340102BFFF490006761F02D13B0147
:20EEA000340007D2FF490006761F02D03B01343402D7FF490006761F02D03B01343102D7E4
:20EEB000FF490006761F02D03B01343007D2FF490006761F02D03B01343501D5FF49000696
:20EEC000761F02D03B01343A01D5FF490006761F02D03B01343D00ADFF490006761F02D087
:20EED0003B01343800C9FF490006761F02D03B01343707D2FF490006761F02D03B01343C1B
:20EEE000061FFF490006761F02D03B013439026FFF490006761F02D13B01340F030DFF4991
:20EEF0000006761F02D13B013414030DFF490006761F02D13B01341105E4FF490006761FFD
:20EF000002D13B01340205E4FF490006761F02D13B013415030DFF490006761F02D13B0186
:20EF10003410030DFF490006761F02D13B013413061FFF490006761F02D0921800069A0030
:20EF20000006761F02D088178F00FDE8A8A90FA6630A28A9FFFF9E17761F02D3960B56BF3A
:20EF3000010A6F069217761F02D3960B2B0A8F00B4CA0006761F02D088168F00FDE8A8A97B
:20EF40000FA6630A28A9FFFF9E16761F02D3960F56BF010E6F069216761F02D3960F2B0E74
:20EF50008F00B4CE0006761F02D0921D0006761F02D092190006761F02D092270006761F9B
:20EF600002D3061E0006761F02D3061A0006761F02D3062C0006FE023B10761F02CF923DE0
:20EF700096412B3D2910FF69FE820006FE023B10761F02D0920E96412B0E2910FF69FE8298
:20EF80000006761F02D0921B0006761F02CF9233520A671B761F02D1921A6104761F02CF69
:20EF90000A33761F02D03B01343F1B76FF4985A9FF5652C8640D761F02CF0A379237520362
:20EFA000680756BF012C6F042B332B342B370006761F02F692050006761F02F692060006B3
:20EFB000761F02F692080006761F02F6920A00067670D627761F030196037670D635761F4A
:20EFC0000301960A92039C1496159C1496047670D643761F0301960C7670D651761F030173
:20EFD00096077670D66D761F03019CFB541567077670D66D761F03019CFB96157670D66D27
:20EFE000761F03019CFB540467077670D66D761F03019CFB9604920C9C029605920C9C0413
:20EFF000960292055264650356BF640592025264650356BF64027670D689761F0301960194
:20F000007670D697761F030196007670D537761F030196310006FE029641761F0301963DD3
:20F01000FE820006FE029641761F03029602FE820006FE0297429641761F0301963E9242DA
:20F02000963F943E2DA935079632FE820006FE0297429641761F0301963B9242963C761F74
:20F0300002FF922A600B761F0301923C943B2DA9761F0302350796036F0B761F0301923C3C
:20F04000943B2DA9761F030235079C3F9603520063032B016F1F761F02FF922A5205600E38
:20F05000761F02E9400F6C06761F0302920396016F11761F03022B016F0D761F02E9400F08
:20F060006C06761F0302920396016F04761F03022B01FE820006FE029641761F0302960092
:20F07000FE820006FE0297429641761F0301922E610F93415D42923D8F00C06A9DEC767116
:20F08000161D52006112761F03012B2E6F0E5D42923D93418F00C06A767116085200610551
:20F09000761F030156BF012EFE820006FE069641284201CC284301D492439C28964456BF23
:20F0A00005452B46761F03019208FFE000DB9214611A0B19600456BFC8192B14284201D48B
:20F0B0009203544265029642761F02DD9210520261039A287442761F0301922F610656BFBA
:20F0C00001166F0392039642761F02FF922A5205610752026105761F02FF922D60069242E0
:20F0D000761F0301960A6F0F761F030192259CFC960A9200540A6302960A1B0A01E0630380
:20F0E000280A01E0922F600F93425D41923D8F00C0697671161D5200611C761F030156BF3C
:20F0F000012F6F17930A5D41923D8F00C069767116085200600A761F02EA921D52026105DD
:20F10000761F030192366105761F03012B292B2F761F0301922F6105921861050B186F037C
:20F11000281801F4921660199218601792429CEC96461BA901A46703284601A45D41923DDD
:20F1200093468F00C05C7671161D52006124761F030156BF01166F1F920A9CF896461BA937
:20F1300001A46703284601B85D41923D93468F00C05C767116085200600A761F02EA921DA7
:20F1400052026105761F0301922F6005761F03012B1C2B16761F03019233602F9213601211
:20F150009303923D8F400BB88F00C0627671161D5200FFE10107761F030156BF0113FFEFF3
:20F1600001019303923D8F4075308F00C0629D08767116085200600B761F02EA921D520218
:20F170006106761F03019236FFE100EC761F03012B292B13FFEF00E62B292B13FFEF00E28A
:20F18000921461230B19600456BFC8192B1456BF0545920C544565029645761F02DD92109A
:20F19000520261039A027445761F030193435D418F00C06B923D7671161D52006108761F52
:20F1A000030156BF010E6F03920C9645761F02FF922A5205610752026105761F02FF922D1C
:20F1B00060089245761F03019607924396446F0D761F0301920C9C059607920B54076302CD
:20F1C000960792439C289644920D601A761F02DD41296C16CC28FF0093455D418F00C06D81
:20F1D000FFC77671161D52006005761F030192096123761F03012B2D56BF010D6F1D761F9B
:20F1E00002DDCC28FF005D418F00C06D761F0301FFC79307767116085200600A761F02EAA8
:20F1F000921D52026105761F030192366105761F03012B2D2B0D920D6105921861050B186E
:20F200006F03281801F492106028761F02DD41296C24761F030192186020920C5205630391
:20F210002B466F039CFB9646761F02DDCC28FF005D4193468F00C05BFFC77671161D5200CE
:20F220006105761F0301920D6005761F03019209612656BF01106F23761F0301920C964645
:20F23000761F02DD41296C17CC28FF005D4193468F00C05BFFC7767116085200600C761F2B
:20F2400002EA921D52026107761F030192366003920D6005761F03012B1B2B10920E611163
:20F2500056BF010D56BF011093445D41923D8F00C06B7671160852006104761F03012B0EC9
:20F26000761F0301920D6003922F610456BF01386F022B3892386108921660039210610466
:20F2700056BF01286F022B28FE860006FE029641761F02FF922A520161035203600F5203F9
:20F280006005761F02E9400F6D09761F02FF920660057670F4B652006109761F03012B37EA
:20F290002B3A2B112B1D2B1A6F5D761F03019208601F2B1A923A600F93155D41923D8F008E
:20F2A000C05D7671161D52006143761F030156BF013A6F3E93045D41923D8F00C05D7671F4
:20F2B000160852006135761F03012B3A6F312B1D92116017761F02DD41296C13CC28FF00E8
:20F2C000761F03015D418F00C05A9305FFC77671161D5200611D761F030156BF01116F18BF
:20F2D000761F02DDCC28FF005D418F00C05A761F0301FFC793027671160852006005761F2B
:20F2E00002DD41296D05761F03012B1A2B11761F0301923A60039211610456BF01376F02AB
:20F2F0002B37FE820006FE029641761F0301920860389239601393015D41923D8F00C06482
:20F300007671161D52006106761F03012B2456BF0139761F03012B216F621B00025865044F
:20F31000284203E86F03920096425D41923D93428F00C064767116085200600B761F02EA74
:20F32000921D52026106761F03011B2101F46847761F0301923860432B242B392B216F3F37
:20F330009217601B761F02DDCC28FF005D418F00C064761F0301FFC793067671161D52007D
:20F340006005761F030192096106761F03012B2456BF01172B216F23761F02DDCC28FF0053
:20F350005D418F00C064761F0301FFC7930B767116085200600D761F02EA921D520261089E
:20F36000761F0301923660041B2101F46808761F0301923860042B242B172B21923061065A
:20F370001B2101F467040A216F022B2192346008921760039239610956BF01346F06921722
:20F380006004923960022B34FE820006FE0297429641761F03019233600F5D42923D934138
:20F390008F00C05F7671161D52006113761F030156BF01336F0E93415D42923D8F00C05F80
:20F3A0009D287671160852006104761F03012B33FE820006FE029641761F030192306112AA
:20F3B000761F02BD932F5D418F00C05E761F0301923D7671161D52006117761F03012B309C
:20F3C0006F13761F02BD932F5D418F00C05E761F03019D05923D7671160852006105761FEE
:20F3D000030156BF0130FE820006FE029641761F030192366112761F02DDCC28FF009B633D
:20F3E000D5058F00C063FFC77671161D52006116761F03012B366F12761F02DDCC28FF00F6
:20F3F0005D419B638F00C063FFC77671160852006105761F030156BF0136FE820006FE02C1
:20F400009641761F02DD41296C28761F030192096013761F02DDCC28FF005D419B018F00CC
:20F41000C060FFC77671161D5200611B761F030156BF01096F16761F02DDCC28FF009B01CE
:20F42000D5328F00C060FFC77671160852006109761F03012B096F05761F03012B202B0936
:20F43000FE820006761F030192336005761F02DC42176C05761F02FF920B610E761F02DD20
:20F4400041296D06761F0301920852016105761F02DD43296C05761F03012B126F05761FB3
:20F45000030156BF011292336015761F02DC42176D11761F03019238600D761F02DC43174F
:20F460006D09761F030192136005761F02DD44296C05761F03012B0F6F05761F030156BF2C
:20F47000010F0006761F0301922E0006761F0301923861039A016F029A000006761F0301FB
:20F48000922861039A016F029A000006761F030192330006761F030192130006761F030161
:20F49000923461039A016F029A000006761F030192386009761F02DC43176D05761F02DD07
:20F4A00044296C039A016F029A000006761F030192286009761F02DC4E176D05761F02DD4A
:20F4B00044296C039A016F029A000006761F030192336005761F02DC42176C039A016F02AA
:20F4C0009A000006761F030192346005761F02DC45176C039A016F029A000006761F030145
:20F4D00092350006761F03012B350006761F030192370006761F030192120006761F03010C
:20F4E000920F00067670D61988A98F001388A8A90FA6600C761F0303280C4E2028094E20E7
:20F4F000280D3A4D280B66CB6F0B761F0303280C411B2809411B280D3A4D280B66CB000684
:20F50000FE029641761F03039625FE820006FE029641761F03039623FE820006FE029641B0
:20F51000761F03039624FE820006FE0496435200610F28A9E10028A805F58843761F030381
:20F52000FF5A0200F61F561700A63F2F6F04761F03032B2FFE840006FE029641761F030378
:20F530009630FE820006FE029641761F0303962DFE820006FE029641761F0303962EFE82FE
:20F540000006FE029641761F03039634FE820006FE029641761F03039628FE820006FE022D
:20F550009641761F03039626FE820006FE021E42761F03031E3606461E38761F030406480C
:20F560001E00761F030306380736761F03040700761F03031E3EFE820006FE087D46974592
:20F57000A844964192CC9647924554416609761F03031816FFFE92419E4596326F09544151
:20F580006907761F03031A1600019E41963292C461089247761F0303962C1A1600026F27CB
:20F590009241FFC054476808761F03031816FFFD9247962C6F1C761F03031A16000292472D
:20F5A000544166095445670592419E47962C6F0F2B2C6F0D9245544769049E47962C6F077B
:20F5B0002B2C92479E4196321A160001761F02DD92105202600456BF0C466F0356BF12461F
:20F5C000761F03039212542C681092105432680D42166D130A1792175205690F2B173B1059
:20F5D0001A16000429106F092B179211542C67053B101816FFFB291040166C0B41166C0425
:20F5E000924672096F0F9246FF697670F5F46F0A41166C069246FF697670F5F46F03924690
:20F5F0007409FF69FE880006FE08964102001E441E461E48761F030388320E3201411EACDE
:20F60000566500A688412901A9A75603023287A6566500A9A9A907A71EA6560301412DA9F3
:20F61000334106A60DAB1E440E328832804101411EAC566500A6A9A65603013287A75665B4
:20F6200000A9565700A6A946560301412DA9362C1E4841166C0D06440F486604924172097D
:20F630006F1206460F48690F924174096F0C06440F486604924174096F0606460F48690374
:20F6400092417209FE880006FE0297429641761F0303924254096609924194425409660C6D
:20F650009241944296096F08924194095442660492429E419609FE820006FE0497429641E1
:20F66000761F0303920B9C6454096705920B9C6496096F08920D9C9C54096904920D9C9C5E
:20F67000960988422D4102003709F61F561700A63F432D4233432D4112099EAB96443B10DB
:20F68000924396279244962929109227FF69FE840006FE029641761F0303922972319241BE
:20F690005431660474319A016F029A00FE820006761F0303922A0006FE0296413B10761F86
:20F6A0000303962A2910FF69FE820006761F0303922B0006FE0296413B10761F0303962B81
:20F6B0002910FF69FE820006FE0296413B10761F0303960A2910FF69FE820006FE029641B8
:20F6C0003B10761F030396112910FF69FE820006FE0296413B10761F030396122910FF6970
:20F6D000FE820006FE0296413B10761F030396102910FF69FE820006FE027670F959761F3D
:20F6E0000303540967187670F959761F030393099FA997419241520869049A0874096F1F52
:20F6F0007670F959761F030396093B101A16000429106F157670F959761F03039E099641FB
:20F7000052086904080900086F0A7670F959761F030396093B101A1600042910FF69FE827E
:20F710000006FE087C4597449643761F03039207960892439E2596465232640456BF324699
:20F720006F061BA9FFCE62032846FFCE9246522863121BA9FFD8650F761F01BF4D086C0B2C
:20F73000761F02DD921052026106761F02DD921260022B46761F03032D1933452D461244DB
:20F740009EAB9647720892469619761F02BD92386179761F01BF4D086C753B103B01761FE3
:20F7500002CF8516FF69761F02D31E42062000F11E4328AC001B8F0007D23B011EA6FF43EA
:20F760005622A8AC07A6FF44564400A9FF499B0A00F11EBF761F02CF96182910761F02DD0E
:20F7700092105201600F761F02CF921852A0650456BFA0186F141B18FF6063112818FF60B5
:20F780006F0E761F02CF92185250650456BF50186F061B18FFB063032818FFB09A78761F01
:20F7900002FB9E129647520A630456BF0A476F055264650356BF64470264761F02CFFF6920
:20F7A0001E422D47121800F11E43964752A0650456BFA0476F061BA9FF6063032847FF60F9
:20F7B0009247FFA19647600A9218650456BF01476F05520063032847FFFF9247761F0303FC
:20F7C0007208761F02FF9206610E761F03031B082C30650428082C306F129208621056BF61
:20F7D00001086F0D761F03031B08317D65042808317D6F059208620356BF01083B1092086B
:20F7E00096072910FF69FE880006FE047C4397429641FE840006FE047C4397429641FE8453
:20F7F0000006FE087C4597449643761F0303920E520463090A0E3B018534761F030456017B
:20F8000000026F293B01850E761F03041E42060200F11E43964702001E02761F03032B0E56
:20F8100092439E479646521464030A1C6F051BA9FFEC62020B1C1B1C012C6404281C012C64
:20F820006F061B1CFED46203281CFED43B10921C96032910FF69FE880006FE047C43974276
:20F830009641FE840006FE047C4397429641FE840006761F03032B0E0200761F03041E02CE
:20F84000761F03032B1C2B030006FE0296412B42761F02FF922A5203602576710B1E5202BE
:20F85000610576710B1E5201601D761F030328A80AF05D418F00C0D892257671160852001A
:20F86000610356BF014292426110761F03032B18761F027056BF08019A009B0276711CA2A8
:20F870006F04761F03032B18FE820006FE0296412B42761F02FF922A52036039761F02FF87
:20F8800092066110761F030328A803845D418F00C0D492257671161D5200611256BF0142BE
:20F890006F0F761F030328A806405D418F00C0D492257671161D5200610356BF01429242B5
:20F8A0006119761F03032B14761F02FF920661069A009B0576711CA26F0D761F027056BFE8
:20F8B00007019A009B0276711CA26F04761F03032B14FE820006FE047D447C43974296414F
:20F8C000761F01BF4D086C0B761F02FF922A52036006761F0270920152096006761F030304
:20F8D0002B159A006F19924254416506761F03032B159A016F1192435441650A761F030378
:20F8E0000A159244541567072B159A016F05761F03032B159A00FE840006FE047D447C436E
:20F8F00097429641761F01BF4D086C0F761F02BD9238610B761F02FF922A52036006761FF7
:20F900000270920152096006761F03032B209A006F19924254416506761F03032B209A01C4
:20F910006F1192435441650A761F03030A209244542067072B209A016F05761F03032B20C1
:20F920009A00FE840006FE047D447C4397429641761F01BF4D086C0F761F02BD9238610BC4
:20F93000761F02FF922A52036006761F0270920152096006761F03032B1F9A006F19924274
:20F9400054416506761F03032B1F9A016F1192435441650A761F03030A1F9244541F670753
:20F950002B1F9A016F05761F03032B1F9A00FE840006761F0303920C0006FE0296413B10D6
:20F96000761F0303960C2910FF69FE820006FE0296413B10761F030396042910FF69FE82AB
:20F970000006FE0296413B10761F030396022910FF69FE820006FE0296413B10761F030338
:20F98000960F2910FF69FE820006FE0296413B10761F030396072910FF69FE820006FE021A
:20F9900096413B10761F030396052910FF69FE820006FE0296413B10761F0303960129104B
:20F9A000FF69FE8200063B10761F030342166C0429109A016F0329109A00FF690006FE0224
:20F9B0009641761F02FB9629FE820006FE029641761F02FB962CFE820006FE029641761F6C
:20F9C00002FB962DFE820006FE029641761F02FB962AFE820006FE029641761F02FB962B08
:20F9D000FE820006FE029641761F02FB9623FE820006FE029641761F02FB9624FE82000640
:20F9E000FE029641761F02FB9621FE820006FE029641761F02FB9622FE820006FE029641E3
:20F9F000761F01BF4D086C25761F02FF922A520360069241761F02FB96286F1E761F01BFAA
:20FA00004F086C08761F02F89207761F02FB96286F137670D84552016008761F02F7921231
:20FA1000761F02FB96286F08761F02FB2B286F04761F02FB2B28FE820006761F02FB2B256A
:20FA20000006FE029641761F02FB0A25542567132B292B282B122B152B1C2B142B102B1B0A
:20FA300002001E3A761F02FC1E12761F02FB1E3C1E3E2B25FE820006FE061E42761F01BFC2
:20FA40004D086C17761F02FC1E120612630302001E12064A761F02FB1E3206326303020089
:20FA50001E32064C1E2E062E630C02001E2E6F090200761F02FC1E12761F02FB1E321E2E4C
:20FA60000632761F02FC0712761F02FB072E761F02FC1E00761F02FB3B015621000E761F42
:20FA700002FC56440012FF491E12761F02FB0632761F02FC0712761F02FB072E1E3A761F2A
:20FA800002FCC41A06A6FF3403A6070007101E449B00901F1E460644FF441E441E1A064661
:20FA90001E10061A761F02FB1E34761F02FC1E0EFE860006761F01BF4D086C170264761FB3
:20FAA00002FB1EA62D2A37290200F61F561700A6A93E761F02FC0612761F02FB0F3E6502CC
:20FAB0001E3E063E1E3C6F060200761F02FB1E3E1E3C0006FE04761F01BF4F086C1D761FAB
:20FAC00002F7BE640E3F761F02FB1E4287A6063C761F03030336564400A900F11E4396431B
:20FAD00052006305761F02FB2B276F099243761F02FB96276F04761F02FB2B27FE840006FD
:20FAE000FE02761F01BF4F086D057670D8455201600D8F0001B828AC0064761F02FBA84229
:20FAF000302A00F11E4396006F04761F02FB2B0092009602761F02FC06081E42761F02FBC7
:20FB000002641EAC5644003A00F11E439615761F02FC060A1E425644001200F11E43761F4E
:20FB100002FB9610761F02FC0604761F02FB1E425644003C00F11E43961C761F02FC06161A
:20FB2000761F02FB1E425644003E00F11E43961B921C54156304921596126F029612921B65
:20FB300054106304921096146F02961454126502961292129605761F02FF922A52026103C5
:20FB400052056007761F02FB9200541265029612761F02FF922A52036006761F02FB920518
:20FB500096036F4B5205610352026044761F02FF9217520160207670D60A761F02FB2DA94F
:20FB60001205761F02F78805C24200F11E43761F02FB96177670D60A761F02FB2DA9121767
:20FB7000761F02F78805C24200F11E43761F02FB96176F1E7670D60A761F02FB2DA91205F3
:20FB8000761F02F7883FC24200F11E43761F02FB96177670D60A761F02FB2DA91217761F8F
:20FB900002F7933F00F11F74761F02FB961796036F04761F02FB2B037670D7075200612064
:20FBA000761F02FB9206610E92039B55D5058F00BEC97671161D52006117761F02FB2B0690
:20FBB0006F1392039B64D5058F00BEC9767116085200610A761F02FB56BF01066F05761FB6
:20FBC00002FB2B062B09FE820006761F02FB921252C865141B011B5867020A011B071B58DC
:20FBD00067020A071B0D1B5867020A0D1B0C1B5867020A0C56BF0A196F5E5296651392016F
:20FBE00061020B011B071B5867020A071B0D1B5867020A0D1B0C1B5867020A0C56BF0A191B
:20FBF0006F4A52786512920161020B01920761020B071B0D1B5867020A0D1B0C1B586702CD
:20FC00000A0C56BF0A196F3752696511920161020B01920761020B07920D61020B0D1B0C6E
:20FC10001B5867020A0C56BF0A196F25921961030B196F1592015214690356BF1401920737
:20FC2000523C690356BF3C07920D523C690356BF3C0D920C523C690356BF3C0C9201610290
:20FC30000B01920761020B07920D61020B0D920C61020B0C761F02FF922A5202611D5205ED
:20FC4000611B761F02FB9201521467071B07022667041B0C041A692D761F027056BF0A0178
:20FC5000761F02FB2B012B072B0D2B0C9A009B0276711CA26F1E761F02FB920152146704D6
:20FC60001B0D041A680F761F027056BF0A01761F02FB2B012B072B0D2B0C9A009B02767123
:20FC70001CA2761F02FB1B0C17706903280C1770761F02FB920C52326906761F02D11A2C7E
:20FC800000016F0752056705761F02D1182CFFFE0006FE0296412B42761F02FF922A520390
:20FC90006022761F03031B2501F4670E761F02FB922A52C869090A089208544169082B08CE
:20FCA00056BF01426F04761F02FB2B089242610E2B08761F027056BF09019A009B027671FA
:20FCB0001CA26F04761F02FB2B08FE82000676710B1E52026035761F01BF4D086C31761FE3
:20FCC00002BD9238612D761F02FB922A523268152D2A35055424670F0A0B920B520A6823A6
:20FCD0002B0B761F027056BF2D019A009B0276711CA26F192B0B6F179C285424670F0A0BAD
:20FCE000920B520A68102B0B761F027056BF2D019A009B0276711CA26F062B0B6F04761F84
:20FCF00002FB2B0B000676710B1E52026035761F01BF4D086C31761F02BD9238612D761F3A
:20FD000002FB922B523268152D2B35055421670F0A0A920A520A68232B0A761F027056BFC3
:20FD10002D019A049B0576711CA26F192B0A6F179C285421670F0A0A920A520A68102B0A17
:20FD2000761F027056BF2D019A049B0576711CA26F062B0A6F04761F02FB2B0A00067671C5
:20FD30000B1E52026035761F01BF4D086C31761F02BD9238612D761F02FB92235232681566
:20FD40002D2335055422670F0A1E921E520A68232B1E761F027056BF2D019A049B057671B6
:20FD50001CA26F192B1E6F179C285422670F0A1E921E520A68102B1E761F027056BF2D018F
:20FD60009A049B0576711CA26F062B1E6F04761F02FB2B1E0006FE04761F02FF922A5203E5
:20FD70006055761F03039225761F02FB721F0A209220520569510E1FF60F1F20961F1B1FFC
:20FD800001F46703281F01F47670D60A1BA908FC6314761F02FB881F8F23F0000200A8AB93
:20FD9000F61F561700A63F430E1F1E42344308FC00F11E4396436F187670D60A761F02FB97
:20FDA000881F3B0156030AA9C24200F11E4396437670D60A761F02FB881F2DA91243C242F7
:20FDB00000F11E4396431BA90A00650428430A006F061BA90400630328430400920E9443D3
:20FDC000FFA0960E2B1F2B206F07761F02FB280E04002B1F2B20FE8400060000010C0218C5
:20FDD0000324042F053B06460750085A09640A6D0B760C7C0D830E880F8D109011931294DB
:20FDE00013941492158F168B1785187D19741A691B5D1C4E1D3D1E2B1F161FFF20E721CB65
:20FDF00022AE238E246B2547261F26F527C9289929672A322AFA2BBF2C812D412DFD2EB544
:20FE00002F6B301D30CC3178322232C533673405349F353635C9365836E4376C37F03871E1
:20FE100038ED396539DA3A4B3AB73B203B843BE53C413C993CEE3D3D3D893DD13E143E539F
:20FE20003E8E3EC43EF63F243F4E3F733F943FB03FC83FDC3FEB3FF63FFD3FFF3FFD3FF6F0
:20FE30003FEB3FDC3FC83FB03F943F733F4E3F243EF63EC43E8E3E533E143DD13D893D3DCF
:20FE40003CEE3C993C413BE53B843B203AB73A4B39DA396538ED387137F0376C36E4365885
:20FE500035C93536349F3405336732C53222317830CC301D2F6B2EB52DFD2D412C812BBF9A
:20FE60002AFA2A322967289927C926F5261F2547246B238E22AE21CB20E71FFF1F161E2B56
:20FE70001D3D1C4E1B5D1A691974187D1785168B158F149213941294119310900F8D0E8847
:20FE80000D830C7C0B760A6D0964085A07500646053B042F03240218010C0000FEF4FDE848
:20FE9000FCDCFBD1FAC5F9BAF8B0F7A6F69CF593F48AF384F27DF178F073EF70EE6DED6C9A
:20FEA000EC6CEB6DEA71E975E87BE783E68CE597E4A3E3B2E2C3E1D5E0EAE001DF19DE35F1
:20FEB000DD52DC72DB95DAB9D9E1D90BD837D767D699D5CED506D441D37FD2BFD203D14BF1
:20FEC000D095CFE3CF34CE88CDDECD3BCC99CBFBCB61CACACA37C9A8C91CC894C810C78F33
:20FED000C713C69BC626C5B5C549C4E0C47CC41BC3BFC367C312C2C3C277C22FC1ECC1AD55
:20FEE000C172C13CC10AC0DCC0B2C08DC06CC050C038C024C015C00AC003C001C003C00AE4
:20FEF000C015C024C038C050C06CC08DC0B2C0DCC10AC13CC172C1ADC1ECC22FC277C2C3E5
:20FF0000C312C367C3BFC41BC47CC4E0C549C5B5C626C69BC713C78FC810C894C91CC9A80E
:20FF1000CA37CACACB61CBFBCC99CD3BCDDECE88CF34CFE3D095D14BD203D2BFD37FD441D9
:20FF2000D506D5CED699D767D837D90BD9E1DAB9DB95DC72DD52DE35DF19E001E0EAE1D5FD
:20FF3000E2C3E3B2E4A3E597E68CE783E87BE975EA71EB6DEC6CED6CEE6DEF70F073F178ED
:20FF4000F27DF384F48AF593F69CF7A6F8B0F9BAFAC5FBD1FCDCFDE8FEF40000010C0218CA
:20FF50000324042F053B06460750085A09640A6D0B760C7C0D830E880F8D10901193129459
:20FF600013941492158F168B1785187D19741A691B5D1C4E1D3D1E2B1F161FFF20E721CBE3
:20FF700022AE238E246B2547261F26F527C9289929672A322AFA2BBF2C812D412DFD2EB5C2
:20FF80002F6B301D30CC3178322232C533673405349F353635C9365836E4376C37F0387160
:20FF900038ED396539DA3A4B3AB73B203B843BE53C413C993CEE3D3D3D893DD13E143E531E
:20FFA0003E8E3EC43EF63F243F4E3F733F943FB03FC83FDC3FEB3FF63FFD3FFF0000013EA1
:20FFB000027B03B904F60632076E08A909E40B1D0C550D8D0EC20FF7112A125B138A14B8A9
:20FFC00015E4170D183419591A7C1B9C1CB91DD41EEB200021122220232B24332537263836
:20FFD0002735282E29232A152B022BEB2CD02DB12E8D2F653038310731D132963356341130
:20FFE00034C73579362536CB376D380938A0393139BD3A433AC43B3F3BB43C243C8E3CF2A3
:20FFF0003D503DA83DFA3E463E8D3ECD3F073F3B3F693F913FB33FCF3FE43FF43FFD4000E4
:020000040031C9
:200000003FFD3FF43FE43FCF3FB33F913F693F3B3F073ECD3E8D3E463DFA3DA83D503CF2E5
:200010003C8E3C243BB43B3F3AC43A4339BD393138A03809376D36CB3625357934C734115B
:200020003356329631D1310730382F652E8D2DB12CD02BEB2B022A152923282E27352638C6
:2000300025372433232B2220211220001EEB1DD41CB91B9C1A7C19591834170D15E414B857
:20004000138A125B112A0FF70EC20D8D0C550B1D09E408A9076E063204F603B9027B013EA5
:200050000000FEC2FD85FC47FB0AF9CEF892F757F61CF4E3F3ABF273F13EF009EED6EDA5FD
:20006000EC76EB48EA1CE8F3E7CCE6A7E584E464E347E22CE115E000DEEEDDE0DCD5DBCD29
:20007000DAC9D9C8D8CBD7D2D6DDD5EBD4FED415D330D24FD173D09BCFC8CEF9CE2FCD6A4D
:20008000CCAACBEFCB39CA87C9DBC935C893C7F7C760C6CFC643C5BDC53CC4C1C44CC3DCA4
:20009000C372C30EC2B0C258C206C1BAC173C133C0F9C0C5C097C06FC04DC031C01CC00CE9
:2000A000C003C000C003C00CC01CC031C04DC06FC097C0C5C0F9C133C173C1BAC206C2580B
:2000B000C2B0C30EC372C3DCC44CC4C1C53CC5BDC643C6CFC760C7F7C893C935C9DBCA8730
:2000C000CB39CBEFCCAACD6ACE2FCEF9CFC8D09BD173D24FD330D415D4FED5EBD6DDD7D2B0
:2000D000D8CBD9C8DAC9DBCDDCD5DDE0DEEEE000E115E22CE347E464E584E6A7E7CCE8F36D
:2000E000EA1CEB48EC76EDA5EED6F009F13EF273F3ABF4E3F61CF757F892F9CEFB0AFC4714
:2000F000FD85FEC20000013E027B03B904F60632076E08A909E40B1D0C550D8D0EC20FF7F8
:20010000112A125B138A14B815E4170D183419591A7C1B9C1CB91DD41EEB20002112222042
:20011000232B2433253726382735282E29232A152B022BEB2CD02DB12E8D2F653038310727
:2001200031D132963356341134C73579362536CB376D380938A0393139BD3A433AC43B3F10
:200130003BB43C243C8E3CF23D503DA83DFA3E463E8D3ECD3F073F3B3F693F913FB33FCF2D
:200140003FE43FF43FFDFE02761F02AD2B0F2B102B419241520F66368F00AB6BA8A90D41D4
:200150008AA91AC400028F00AB6BA8A90D418AA918C4FFFE8F00AB6BA8A90D418AA918C4D9
:20016000FFE38F00AB6BA8A90D418AA918C4FF1F8F00AB6BA8A90D418AA918C4FEFF8F004D
:20017000AB6BA8A90D418AA918C4FDFF8F00AB6BA8A90D418AA918C4FBFF0A419241520FE3
:2001800069CCFE820006FE069745A8449641761F02AD920F61030B0F6F1B9245960F7671B1
:2001900001F1761F02AD58108F00AB6B2901CC94001CFFC18F00AB56560301A9560100A418
:2001A00092419310C5C48A443E6776710422FE860006FE069643A842520767026F4192CC9F
:2001B0005203603E88C4761F02AD0E100FA6603892D496455C45DC0588A40E430FA66030BC
:2001C00092439CFE0EA907428AA976710416964492438A429CFE767050BA88440EA90FA63F
:2001D000601F761F02AD58108F00AB6B2901CC94001CFFC18F00AB5A560301A9560100A447
:2001E0009210C5C48A423E67761F02AD8F00AB6BA8A90D108AA91AC4010056BF040FFE864E
:2001F0000006FE02761F02AD9210964158108F00AB6B48946C47A8A90D108AA918C4FEFF16
:200200008F00AB6BA8A90D108AA918C4FF1F58108F00AB6B4A946C0FA8A90D108AA918C4BB
:20021000FFFE8F00AB6BA8A90D108AA918C4FFE30A106F20CC94001CFFC1620FA8A90D1009
:200220008AA992C4CDA9FFE3FFC190079C019007FF81CAA896C46F0EA8A90D108AA91AC40A
:2002300000018F00AB6BA8A90D108AA918C4FFFD0A108F00AB6BA8A90D108AA918C4FDFF57
:200240006F5940946D1DA8A90D108AA918C4FBFF8F00AB6BA8A90D108AA918C4FFFD8F0054
:20025000AB6BA8A90D108AA918C4FFE38F00AB6BA8A90D108AA918C4FF1F0A106F3BA8A9C4
:200260000D108AA980C492A7FFC490079C01900788A9CDA7FF1F80A8560305A6CAA796C469
:2002700092A6520568278F00AB6BA8A90D108AA9CCC4FF1F50A096C48F00AB6BA8A90D10FF
:200280008AA918C4FFFE8F00AB6BA8A90D108AA918C4FFFD8F00AB6BA8A90D108AA918C412
:20029000FBFF8F00AB6BA8A90D108AA918C4FFE30A1088410E100FA661659210520F693B2D
:2002A0002B10920E9642520F680356BF1042920B960A2B0B2B419241520F661E8F00AB6B1C
:2002B000584140946C082D419A01761F02ADFF66980B6F0E8842761F02AD0E0E0FA6600834
:2002C000924254416705520F6703924196420A419241520F69E60A08880A0E0B0FA660062D
:2002D000920B61049208520368062B089242960E56BF010958108F00AB6B41946D1E4094A4
:2002E0006C07A8A90D108AA91AC400026F169209611388100E0E0FA66104920E5210600A3C
:2002F0002B099210960EA8A90D108AA91AC400026F040A106F020A1058108F00AB6B4194F9
:200300006C9DFE820006FE069745A8449641924596C48A4456BF03CC8A4456BFF8D48A444B
:200310002BDC8A442BE48A4456BF10EC9A068A44767050BA96468A44FFC796F48A4492460C
:2003200090FF96FC9B0892418A4476711429FE860006FE069745A8449641924596C48A4408
:2003300056BF03CC8A4456BF23D48A4456BF41DC8A442BE48A4456BF04EC9A068A447670EB
:2003400050BA96468A44FFC796F48A44924690FF96FC9B0892418A4476711429FE860006E0
:20035000FE069745A8449641924596C48A4456BF03CC8A4456BF13D48A442BDC8A442BE48B
:200360008A4456BF28EC9A068A44767050BA96468A44FFC796F48A44924690FF96FC9B08C4
:2003700092418A4476711429FE860006FE089643A84229018F00ABC056030443560100A496
:20038000A8468A4292D4FFC09647020307421E429243520F661492475210650356BF104734
:200390008A42767104168A4696C4020107461E46020207421E420B47924762F329018F00BC
:2003A000ABC056030443560100A492C45270600A560304438F00ABCB560100A492C4526508
:2003B00063098F00AB6BA8A90D438AA91AC404006F088F00AB6BA8A90D438AA918C4FBFFA0
:2003C000FE880006FE089643A84229018F00AB8056030243560100A4A8468A4292D4FFC06C
:2003D0009647020307421E429243520F661492475204650356BF04478A42767104168A463E
:2003E00096C4020107461E46020207421E420B47924762F3FE880006FE089643A84228AC99
:2003F00000288F00ACC03043560100A4A8468A4292D4FFC09647020307421E429243520FBC
:20040000661492475228650356BF28478A42767104168A4696C4020107461E46020207422B
:200410001E420B47924762F3FE880006FE04A84292C4964356030843964392CC72439243E0
:20042000FE840006761F02AD28200258281F0258282101A42B222B232B2956BF01282B2740
:200430002B262B2A2B242B252B1E761F0301920852016046761F02AD9214611E56BF01294A
:20044000920796209204961F920696219201962292009623921196289212962792139626FA
:200450009B0A920300F11F749624920D961E920C96259205962A1B20025865042820025871
:200460006F061B2001E06303282001E01B1F02586504281F02586F061B1F01E06303281F81
:2004700001E01B21021C65042821021C6F061B2101A46303282101A4922861022B26000643
:20048000FE022B4192415223630677000A419241522364FCFF69FE820006767104807622E4
:20049000761F01BE181DFEFF1819FFFC761F01BF1A0B0100761F01BE1A1B0100761A761F70
:2004A00001BF1A0B01001A0B0080FF697671048076710480767104801A0D01007671048075
:2004B0001A0D008000067622761F01BE181DFEFF1819FFFC761F01BF1A0B0100761F01BE66
:2004C0001A1B0100761AFF6976710480761F01BF1A0D01001A0B0080767104801A0B0100D0
:2004D0000006FE0296417622761F01BE181DFEFF1819FFFC761F01BF1A0B0100761F01BE16
:2004E0001A1B0100761A761F01BF1A0D0080520061041A0B01006F031A0D0100FF69767174
:2004F00004801A0B0080767104801A0D0080FE820006FE027622761F01BE1A1D01001819D6
:20050000FFFC181BFEFF761A761F01BF1A0D0080FF69767104801A0B008076710480CC096C
:200510000100FFC796411A0D0080520060039A006F029A01FE820006FE02761F01BF1A0B2B
:200520000100767104F99641FE820006FE04964156BF80432B4292425208670C9243CE41D6
:20053000767104D19243FFC096430A429242520868F6FE840006FE022B412B42924252081B
:20054000670B560301419641767104F972410A429242520868F79241FE820006FE04974213
:2005500096412B440A449244520366277671048D9AA2767105267671051C964352016004E1
:20056000767104B36FF09241767105267671051C964352016004767104B36FE59242767154
:2005700005267671051C964352016004767104B36FDA767104B36F01FE840006FE04964152
:200580002B430A439243520366307671048D9AA2767105267671051C96425201600476719C
:2005900004B36FF09241767105267671051C964252016004767104B36FE57671048D9AA312
:2005A000767105267671051C964252016004767104B36FD87671053B96449A01767104D155
:2005B000767104B392446F039A006F01FE840006FE04A8429A009B007671054E9A019B0022
:2005C0007671054E8A4292849643A8429B0A00F11F79B60A88A90E43F60F1FA7560304A9FB
:2005D00094A696439A0893437671054E8A4292849643A8429B0A00F11F79B60A88A90E4331
:2005E000F60F1FA7560304A994A696439A0793437671054E8A4292849643A8429B0A00F12B
:2005F0001F79B60A88A90E43F60F1FA7560304A994A696439A0593437671054E8A4292849C
:200600009643A8429B0A00F11F79B60A88A90E43F60F1FA7560304A994A696439A0693434D
:200610007671054E8A4292849643A8429B0A00F11F79B60A88A90E43F60F1FA7560304A9AA
:2006200094A696439A0493437671054E8A4292849643A8429B0A00F11F79B60A88A90E43E4
:20063000F60F1FA7560304A994A696439A0393437671054E8A4292849643A8429B0A00F1DE
:200640001F79B60A88A90E43F60F1FA7560304A994A696439A0293437671054EFE840006A8
:20065000FE04A8429A087671057E9643FFC32DA9310A9243900F94AB96435263690356BF24
:2006600063438A42A8A909011E42924396C49A077671057E901F9643FFC32DA9310A9243E3
:20067000900F94AB9643520C66035200600356BF01438A42A8A909011E42924396C49A0589
:200680007671057E903F9643FFC32DA9310A9243900F94AB9643521F66035200600356BF45
:2006900001438A42A8A909011E42924396C49A067671057E90079643FFC32DA9310A92432E
:2006A000900F94AB9643520669022B438A42A8A909011E42924396C49A047671057E903FC5
:2006B0009643FFC32DA9310A9243900F94AB9643521769022B438A42A8A909011E42924354
:2006C00096C49A037671057E907F9643FFC32DA9310A9243900F94AB9643523B69022B430C
:2006D0008A42A8A909011E42924396C49A027671057E907F9643FFC32DA9310A9243900F1F
:2006E00094AB9643523B69022B438A42A8A909011E42924396C4FE840006FE042B422B4361
:2006F0006F162B4192415209670B560301439643767104F972430A419241520968F728A9A1
:2007000001FF544360039A016F072B4392420A42520568E89A00FE840006FE027670E14868
:200710007670E4FD9A0076711C64964141416C1A7670E1C47670EB5C7670E1557670EF1B5E
:200720007670E17F7670E4899A037670E2109A037670E2DF9A037670E36C7670E3D676710F
:20073000079B45416C227670E5377670EBD07670E50A7670EE477670E5187670E782767048
:20074000EBE77670E5117670EC1E7670E52F9A037670E5519A037670E5DC9A037670E66932
:200750007670E6CF767107BC44416C0F7670EF817670E7E09A0A7670E7F77670E82F7670F6
:20076000E8529A967670E86C40416CAD9A0A7670E8337670E8529A967670E8AF9A05767044
:20077000E1D09A057670E53B7670E3D67671079B7670E6CF767107BC767108EF76710834A5
:20078000767107D576710959761F02DD92045202608A761F01A09204761F02DD7203761FBB
:2007900001A59204761F02DC723E761F02DD56BF0304FFEFFF797670E462761F02AC963AB5
:2007A00052016008923760069A009B0376711CA26F0F923A5201600C761F02FF922A5205C0
:2007B0006103520260059A009B0376711CA2761F02AC923A963700067670E75B761F02ACE2
:2007C00096385201600E92316108761F02FF922A52056103520260059A009B0B76711CA2B3
:2007D000761F02AC9238963100067670F4D6761F02D19001CD2CFFFDFF80CAA8962C7670F8
:2007E000F4C2761F02D19001CD2CFFFBFF81CAA8962C7670F486761F02D19001CD2CFFF75B
:2007F000FF82CAA8962C7670F496761F02D19001CD2CFFEFFF83CAA8962C76710863761F47
:2008000002D19001CD2DFFFBFF81CAA8962D76710885761F02D19001CD2DFFBFFF85CAA8B0
:20081000962D761F02DD41296D0F761F030192085201600A761F02FF922A6106761F02D19A
:200820001A2D00086F05761F02D1182DFFF7412C6D07422C6D05432C6D03442C6C05761F3C
:2008300002FF56BF01140006761F02AC923461030B346F297670D5EE5201651F761F02FF1D
:200840009211601B761F02DC4D256D06761F02D11A2D00106F05761F02D1182DFFEFCD2D5A
:20085000FFDF761F02DCCC178000FFCE761F02D1FF84CAA8962D6F07761F02D1182DFFEFD6
:20086000182DFFDF0006761F02F71B3F02586918761F02AC922F61040B2F9A006F167670E4
:20087000D5EE5200650A761F02D1452D6C039A006F0C7670E4626F097670E4566F06761FB8
:2008800002AC56BF322F9A000006761F02F71B0502586918761F02AC923061040B309A00CC
:200890006F167670D5EE5200650A761F02D1452D6C039A006F0C7670E75B6F097670E74F3F
:2008A0006F06761F02AC56BF32309A0000063B10761F02AC56BF402C56BF802956BFC0289F
:2008B000282B0100282A0140282D018056BF602E283603008F30FDCD761F02BFA820761F2B
:2008C00002BF8F30FE2EA812761F02FD28100F412910FF6900063B10761F02AC56BF402CE0
:2008D00056BF802956BFC028282B0100282A0140282D018056BF602E283603008F30FDCD03
:2008E000761F02BFA820761F02BF8F30FE2EA812761F02FD28100F412910FF690006761F87
:2008F00002AC923552016065761F02DD921052026060761F02FF922A5201605B761F02F842
:200900001B070FA069561B07196467531B07157C6925761F02AC0A339233520A691D7670A0
:20091000D61988A98F001770A8A90FA66111761F02CF56BF012028A9411B7670F95D28A943
:2009200017707670D60E9A059B0176711CA2761F02AC2B332B352B326F2C1B07157C66254F
:20093000761F02AC0A329232520A691D7670D61988A98F001388A8A90FA66111761F02CF74
:2009400056BF012028A94E207670F95D28A913887670D60E9A059B0176711CA2761F02AC8D
:200950002B322B352B336F05761F02AC2B322B330006FE04761F02FF922A5205602E7671D4
:200960000B1E5203602A761F03010E3D1E42761F03030200195E1EAC5644003E00F11E4323
:200970009643520063032B436F061BA903E86503284303E88F0003E8A8422D4335C800F1C4
:200980001E439643761F02AC543965030A396F08543963060B396F04761F02AC2B39FE8455
:2009900000060200761F02BF1E021E00761F02BD2B1D761F02BF1E161E0C1E081E0A1E06E9
:2009A000761F02BD2B07761F02BF1E10761F02BD56BF02050006FE02761F03012D3D350778
:2009B0009C6496417670EF14544164147622761F01A4CC14FFFC50029614CC14FFF3500887
:2009C00096141A180004761A761F02BD56BF01076F177622761F01A4CC14FFFC5002961407
:2009D0001A14000C1A180004761A761F02D19216761F02BD540765030A076F029607920728
:2009E000525A630456BF01416F11761F02D19216761F02BD9CE954076307761F02D192164F
:2009F0009CE996416F0392079641761F02D19216761F01A49609761F02D19216761F01A476
:200A00009E41960AFF69FE820006FE027622761F01A41A140003CC14FFF3500896141A1860
:200A10000004761AFF69761F02D1560301169B6400F11EBF9641525A630356BF5A419216E4
:200A2000761F01A49E419609761F02D19216761F01A4960AFE820006761F02BE56BF0F1AFB
:200A3000281B1DB328181D8C28393CF628371CF62B22283A100056BF013856BF2836283BC3
:200A40002A1C282F0A1B761F02BD28202C39282304F5281E2743761F02BE2B1C9A009623F0
:200A500096219619961F962096229A00962A96289627962B96299626961C0006761F02BDE0
:200A600056BF0124761F02BE2B1D2B1C9A009622962396219619961F96209A00962A962864
:200A70009627962B96299626961C02001E3E761F02BD2B1F2B032B1A2B16761F02BE2B1E6D
:200A800056BF02130006761F02FF92175201601228AC00BF761F02F73B013005761F02D128
:200A9000FF469C6454066516761F02BE56BF01036F1128AC00BF761F02F73B01303F761FDD
:200AA00002D1FF469C6454066505761F02BE56BF0103761F03011B3D01CC6605761F02BE6E
:200AB00056BF0203761F02BD56BFCD0F9A00761F02BE961C962A96289627962B96299626AF
:200AC000761F02BD2B0B0006FE0296413B1052006027761F01A2280B0555280C0555180F11
:200AD000FFFC2809FFFF280AFFFF761F01A3280B0555280C0555180FFFFC2809FFFF280AD5
:200AE000FFFF7622761F01A21A180004761F01A31A180004761AFF6976710A5E6F28761F10
:200AF00002BD920C6024761F01A22B0BCC0BFFCF5020960BCC0BFF3F5040960B1A0F00036F
:200B0000761F01A32B0BCC0BFFCF5020960BCC0BFF3F5040960B1A0F0003924152036007AF
:200B1000761F02D49224761F02BD96289241761F02BD960C2910FF69FE820006761F02BD4E
:200B2000920C0006FE0296413B105200601D7622761F01A4CC14FFFC50029614CC14FFF3A5
:200B3000500896141A180004761A280B0555280C0555180FFFFC2809FFFF280AFFFFFF69D9
:200B4000767109916F2C761F02BD922C961C9231962D920D6019761F01A42B0BCC0BFFCF02
:200B50005020960BCC0BFF3F5040960B2B0CCC0CFCFF1AA90200960CCC0CF3FF1AA904002C
:200B6000960C180FFFFC761F02BD920D52026007761F02D49224761F02BD96269241960D5C
:200B70002910FF69FE820006761F02BD920D0006761F02BE920F0006761F02BD3B01343A4B
:200B80000CB2FF4D0006761F030392030006761F02BE92140006761F02BE92100006761F7C
:200B900002BE92110006761F02BE92350006761F02BF92140006761F02BE923C0006761FFA
:200BA00002BF92040006FE0296413B10761F02BE96162910FF69FE820006761F02BE921691
:200BB0000006761F02BE920D0006761F02BD92060006761F02BF92080006761F02BF92064F
:200BC0000006761F02BD92070006761F02BD92280006761F02BD921F0006761F02BE9221F5
:200BD0000006761F02BD920B0006761F02BD92030006761F02BE92250006761F02BE9224FC
:200BE0000006761F02BE920A0006761F02BE920C0006761F02BD92040006761BABBDA0BDB9
:200BF000C2BDC3BDFE02FF6929425616761F01A806041E42761F02D31E28BE96032AFF5A75
:200C0000761F02D00200F61F561700A63F159215961C1B1C37CE68041B1C6F9B690E761FA1
:200C100001A81A1800021A1800011A150008761F003356BF08216F1B961B761F02D30628A4
:200C20001E2C1E2A761F02F01A1C0010761F02F01A020004761F01A81A1800021A18000109
:200C30001A150008761F003356BF0821FE82C5BEC4BE83BE87BE76177602761B29425616EF
:200C4000761F01A91A1800021A1800011A150008761F003356BF082176177602761B2942B0
:200C50005616761F003356BF022176177602761B0005FF69ABBDA8BDA0BDC2BDC3BD294281
:200C600056169A007671139C761F003328210100C5BEC4BE83BE8ABE87BE000376177602EB
:200C7000761B0005FF69ABBDA8BDA0BDC2BDC3BD294256169A00767113D7761F00332821EA
:200C80000100C5BEC4BE83BE8ABE87BE000376177602761B0005FF69ABBDA8BDA0BDC2BDD1
:200C9000C3BD294256169A017671139C761F003328210100C5BEC4BE83BE8ABE87BE0003D4
:200CA00076177602761B0005FF69ABBDA8BDA0BDC2BDC3BD294256169A01767113D7761F30
:200CB000003328210100C5BEC4BE83BE8ABE87BE000376177602761B0005FF69ABBDA8BD01
:200CC000A0BDC2BDC3BD294256169A027671139C761F003356BF8021C5BEC4BE83BE8ABEA3
:200CD00087BE000376177602761B0005FF69ABBDA8BDA0BDC2BDC3BD29425616761F02CF53
:200CE0002B369A02767113D7761F003356BF8021C5BEC4BE83BE8ABE87BE000376177602CD
:200CF000761B0005FF69ABBDA8BDA0BDC2BDC3BD29425616761F0180CC228000FFCE520142
:200D000060079222901F520160037670B4D7761F0180CC228000FFCE520160079222901F74
:200D1000520260037670AA38761F0180CC228000FFCE520160079222901F52046003767037
:200D2000AA43761F0180CC228000FFCE520160079222901F520760037670AA4E761F0180A8
:200D3000CC228000FFCE520160079222901F520860037670AA59761F0180CC228000FFCE54
:200D4000520160079222901F520960037670AA64761F0180CC228000FFCE52016007922205
:200D5000901F520660037670B4A1761F0180CC228000FFCE520160079222901F52056003B6
:200D60007670B46B761F0180CC228000FFCE520160079222901F520360037670B435761FE4
:200D70000180CC228000FFCE520160069222901F60037670B3FF0200761F018019011E0C34
:200D8000020019011E08761F003328210100C5BEC4BE83BE8ABE87BE000376177602761B93
:200D90000005FF69ABBDA8BDA0BDC2BDC3BD29425616761F0188CC228000FFCE52016007C3
:200DA0009222901F520160037670B654761F0188CC228000FFCE520160079222901F520260
:200DB00060037670AF19761F0188CC228000FFCE520160079222901F520460037670AF242A
:200DC000761F0188CC228000FFCE520160079222901F520760037670AF2F761F0188CC2211
:200DD0008000FFCE520160149222901F52086010761F02DD9210600A761F01BF4C106D0420
:200DE00076706BB46F0376706BE07670AF3A761F0188CC228000FFCE520160079222901F06
:200DF000520960037670AF45761F0188CC228000FFCE520160079222901F52066003767034
:200E0000B61E761F0188CC228000FFCE520160079222901F520560037670B5E8761F01882D
:200E1000CC228000FFCE520160079222901F520360037670B5B2761F0188CC228000FFCE0C
:200E2000520160069222901F60037670B57C0200761F018819011E0C020019011E08761FE1
:200E3000003328210100C5BEC4BE83BE8ABE87BE000376177602FE022B419241522363062D
:200E400077000A419241522364FCFF69FE82000676710E3B7622761F01BE181CFFFE1816BF
:200E5000FFFC761F01BF1A0A0001761F01BE1A1A0001761A761F01BF1A0A00011A0A000254
:200E6000FF6976710E3B76710E3B76710E3B1A0C000176710E3B1A0C000200067622761FC8
:200E700001BE181CFFFE1816FFFC761F01BF1A0A0001761F01BE1A1A0001761AFF69767167
:200E80000E3B761F01BF1A0C00011A0A000276710E3B1A0A00010006FE0296417622761F08
:200E900001BE181CFFFE1816FFFC761F01BF1A0A0001761F01BE1A1A0001761A761F01BF41
:200EA0001A0C0002520061041A0A00016F031A0C0001FF6976710E3B1A0A000276710E3BA7
:200EB0001A0C0002FE820006FE027622761F01BE1A1C00011816FFFC181AFFFE761A761FD4
:200EC00001BF1A0C0002FF6976710E3B1A0A000276710E3B9208900196411A0C00025200C0
:200ED00060039A006F029A01FE820006FE02761F01BF1A0A000176710EB49641FE820006F3
:200EE000FE04964156BF80432B4292425208670C9243CE4176710E8C9243FFC096430A4215
:200EF0009242520868F6FE840006FE022B412B4292425208670B56030141964176710EB43A
:200F000072410A429242520868F79241FE820006FE06A8449742964176710E48CC417F0083
:200F1000FFC650A076710EE076710ED696455201600576710E6E9A016F32CC4100FF767147
:200F20000EE076710ED696455201600576710E6E9A016F252B469242544669148A4458460B
:200F3000CC9400FF76710EE076710ED696455201600576710E6E9A016F120A4692425446D2
:200F400066EE76710E6E2B461B461388670776710E3B0A461B46138868FB9A00FE860006FC
:200F5000FE0CA8449742964188418F00FFFFA8A90FA663039A026F599242944188A98F014B
:200F60000000A8A90FA663039A036F4F92419341FFC6FF869FA99748924860032B4B6F046C
:200F70009A809E48964B924B544269039242964B92429E4BFFC6964A5603074A93429F4B21
:200F8000EBA9964906441E46924B610F934B92418A467670D114964852006027924B724150
:200F9000FFC00EA907461E46924A61142B476F0F92419B808A467670D114964852006015AB
:200FA00008410080024007461E460A47924A544766F092496109934992418A467670D114C8
:200FB0009648520060029A00FE8C0006FE08A8449742964188418F00FFFFA8A90FA6630301
:200FC0009A026F699242944188A9A8A90FA663039A036F6176710E489AA076710EE07671B7
:200FD0000ED696465201600576710E6E9A016F53CC41FF00FFC776710EE076710ED696467B
:200FE0005201600576710E6E9A016F45CC4100FF76710EE076710ED6964652016005767160
:200FF0000E6E9A016F3876710E489AA176710EE076710ED696465201600576710E6E9A0179
:201000006F2A2B4592425445692076710EF5964740456D0992458A44FFC058A95603084702
:2010100096946F089245FFC00EA907448AA9924772C492429CFF544569049A0076710E8CB5
:201020000A459242544566E29A0176710E8C76710E6E9A00FE880006FE042B422B436F14A7
:201030002B4192415209670B56030143964376710EB472430A419241520968F728A901FF17
:20104000544361062B4392420A42520568EAFE840006FE022B419241520866050A419241B1
:20105000520869FDFF69FE820006FE02761F01BF1A140002767110499A0A767112139A00C3
:201060007671121D2B4192415281671E8F00BB80761F01BF1A140008767110495841CC9435
:201070000200FFC8520160041A1200046F031A140004767110491A120008767110490A410D
:201080009241528168E6761F01BF1A12000276711049FE820006761F02EDCC0001E0FFC41F
:20109000650C9200CDA9FE1FFFC4900F9CFF900FFF84CAA896006F0749006C05CC00FE1F6A
:2010A000502096001800FDFF0006FE047C43974296415281673B924352026005761F02ED18
:2010B0001A00020052FF60108F00BB80A8A90D418AA918C4FDFF8F00BB80A8A90D418AA933
:2010C00018C4FE1F6F2352026007761F02EDCC0001E0FFC46103924360198F00BB80A8A909
:2010D0000D418AA992429001FF88CDC4FDFFCAA896C48F00BB80A8A90D418AA99243900F2A
:2010E000FF84CDC4FE1FCAA896C4FE840006FE022B4192415281670C8F00BB80A8A90D417D
:2010F0008AA918C4FDFF0A419241528168F6FE820006FE022B4192415281671A8F00BB80A3
:20110000A8A90D418AA91AC402008F00BB80A8A90D418AA918C4FE1F8F00BB80A8A90D411F
:201110008AA918C4FFE10A419241528168E8FE820006761F01BF1A120001761F02F01A00E6
:2011200002001800FE1F1800FFE10006761F01BF1A1400010006FE022B4192415281671A5D
:201130008F00BB80A8A90D418AA918C4FDFF8F00BB80A8A90D418AA918C4FE1F8F00BB80CC
:20114000A8A90D418AA918C4FFE10A419241528168E8761F01BF1A140002767110499A0A57
:20115000767112139A007671121D2B4192415281671E8F00BB80761F01BF1A1400087671F0
:2011600010495841CC940200FFC8520160041A1200046F031A140004767110491A12000855
:20117000767110490A419241528168E6761F01BF1A1200027671104976711183FE8200061C
:20118000767111830006761F01BF1A120008767110491A140002767110499A0876711213E7
:201190009A089B52767111F2761F01BF1A120002767110491A140002767110499A0876710A
:2011A00012139A089B30767111F2761F01BF1A120002767110491A140002767110499A08DE
:2011B000767112139A089B0A767111F2761F01BF1A120002767110491A14000276711049AF
:2011C0009A08767112139A089B08767111F2761F01BF1A12000276711049767110491A1401
:2011D0000002767110499A08767112139A089B02767111F2761F01BF1A1200027671104923
:2011E0001A140002767110499A08767112139A089B06767111F2761F01BF1A12000276713A
:2011F00010490006FE02974296415200611B761F01BF1A14000876711049924290806104EE
:201200001A1200046F031A140004767110491A120008767110495603014296420B419241B3
:2012100060E7FE820006FE0296415603044193A99A04767111F2FE820006FE029641560302
:20122000034193A99A05767111F2FE820006761B2942561676256F00761B294256167625AA
:201230006F00761B2942561676256F00761B2942561676256F00761B2942561676256F00D9
:20124000761B2942561676256F00761B2942561676256F00761B2942561676256F00761BA7
:201250002942561676256F00761B2942561676256F00761B2942561676256F00761B2942BD
:20126000561676256F00761B2942561676256F00761B2942561676256F00761B29425616AC
:2012700076256F00761B2942561676256F00761B2942561676256F00761B2942561676256D
:201280006F00761B2942561676256F00761B2942561676256F00761B2942561676256F0089
:20129000761B2942561676256F00761B2942561676256F00761B2942561676256F00761B57
:2012A0002942561676256F00761B2942561676256F00761B2942561676256F00761B29426D
:2012B000561676256F00761B2942561676256F00761B2942561676256F00761B294256165C
:2012C00076256F00761B2942561676256F00761B2942561676256F00761B2942561676251D
:2012D0006F00761B2942561676256F00761B2942561676256F00761B2942561676256F0039
:2012E000761B2942561676256F00761B2942561676256F00761B2942561676256F00761B07
:2012F0002942561676256F00761B2942561676256F00761B2942561676256F00761B29421D
:20130000561676256F00761B2942561676256F00761B2942561676256F00761B294256160B
:2013100076256F00761B2942561676256F00761B2942561676256F00761B294256167625CC
:201320006F00761B2942561676256F00761B2942561676256F00761B2942561676256F00E8
:20133000761B2942561676256F00761B2942561676256F00761B2942561676256F00761BB6
:201340002942561676256F00761B2942561676256F00761B2942561676256F00761B2942CC
:20135000561676256F00761B2942561676256F00761B2942561676256F00761B29425616BB
:2013600076256F00761B2942561676256F00761B2942561676177602761B29425616762581
:201370006F00761B2942561676256F00FE0A7D469745A844964129018F00BFA85603034155
:20138000560100A4A8488348560303418F00BF90560100A4A8E58A4806E41E4A92458A4AC5
:20139000834476711BF38A482BC48A482BCC8A48924696F4FE8A0006FE06964129018F00A1
:2013A000BFA856030341560100A4A84406E41E469241767117995200600C92417671181AE0
:2013B00092417671178296429B028A4676711C06FE860006FE0AA844964129018F00BFA807
:2013C00056030341560100A4A84A06E41E463B10FF6983448A4676711C4896472910520236
:2013D00060039A016F029A00FF69FE8A0006FE04964129018F00BFA856030341560100A46D
:2013E000A8449241767117B05200604292417671182C8A4492CC600C924152016004761FD7
:2013F00002FE2B0F2BC49241767117E46F31761F02FE920F610492415201610D8AD49241FF
:2014000093C4767117C78A440201560100D48A440BCC6F1E920C5201600F9241930D7671C8
:2014100017C7761F02FE2B0C8A440201560100D48A440BCC6F0D8AD492C476711455761F5C
:2014200002FE56BF010C9241930E767117C7FE840006FE089745A844964129018F00BFA804
:2014300056030341560100A4A84892C4520160039A016F193B1006441ED48A48924596CC53
:201440008A4856BF01C48A488AD4FF69924193C4767117C78A480201560100D48A480BCCB0
:2014500029109A00FF69FE880006FE029641761F02FEFFC7960E924190FF960DFE82000654
:20146000FE089745A844964129018F00BFA856030341560100A4A84892C4520160039A0178
:201470006F1C3B10761F02FE56BF010F06441ED48A48924596CC8A4856BF01C48A488AD4A9
:20148000FF6992C47671145556BF010C9241930E767117C729109A00FF69FE880006FE041A
:20149000964129018F00BFA856030341560100A4A84492C4FE840006D500A0BDA0BDA0BDF7
:2014A000A0BDA0BDA0BD804FF3A72902565E565E630256588AA9A9A5A35206506302565827
:2014B0001E4AA94C0FA46003A9A90FA5610F6613064A6113A0ABA8A97671156D0642A344C2
:2014C0004FA76C025658FE8C000628AB00012BAA02006FF756336FF80200A8ABF61F561792
:2014D000004CA9A4A0ABF61F5617004CA8A96FE9D500A0BDA0BDA0BDA0BDA0BDA0BD80A876
:2014E0002902565E565E630256588AA9A9A5A3520650630256581E4AA94C0FA46003A9A9A2
:2014F0000FA56112660E064A6112A0ABA8A97671156D0646A3484FA76C025658FE8C0006A0
:20150000A8A9A0AB6FF95633FE8C00060200A8ABF61F5617004CA0ABF61F5617004CFF5A19
:2015100002006FEAD500A0BDA0BDA0BDA0BDA0BDA0BD8AA9A9A50F506003A9A90F52610FF7
:2015200068130650611306501E4A06521E4CA8A97671156D0642A344FE8C000628AB000199
:201530002BAA02006FFA56336FF80200A8ABF61F56170052A9A4A0ABF61F56170052A8A985
:201540006FECD500A0BDA0BDA0BDA0BDA0BDA0BD8AA9A9A50F506003A9A90F526111680E4F
:201550000650611006501E4A06521E4CA8A97671156D0646A348FE8C0006A8A96FFD56336D
:201560006FFB0200A8ABF61F56170052A0ABF61F56170052FF5A02006FEFD03F565E565E89
:20157000640E5635565221A55635565222A893A09FAC9FA597A02AA856A0D88156A08AA9B0
:20158000A9A5064AFF531E4AFF5A0648FF531E480F4C6003A9A90F4E680A0648565D004E66
:201590005654004C1E48A94A3B086F03064829080646FF531E460644FF531E44A8A9A0AB1C
:2015A0000008FFDE0006FE061E42064260039A006F2E9A009B400F42680706422901FF490B
:2015B000093F1E466F11FF2F10000F42680706422901FF4B09FF1E466F0706422901FF4D95
:2015C000FF1003FF1E462B4392435205670F2901A3420200F61F56170046A9A90746FF40CF
:2015D0001E460A439243520568F49246FE860006FE06A8467D439742964192425441680429
:2015E0009243544169030AC46F022BC48A46924954C466042BC49A016F029A00FE8600069B
:2015F000FE06A8467D43974296419242544168049243544169032BC46F020AC48A469249F5
:2016000054C466042BC49A016F029A00FE860006FE06A8467D4397429641924254416703F4
:201610000AC46F022BC48A46924354C466042BC49A016F029A00FE860006FE06A8467D4394
:20162000974296419242544169030AC46F022BC48A46924354C466042BC49A016F029A003B
:20163000FE860006FE08A8467D43974296419648924394429C01964792426004924360023A
:201640006F2C924260040A470A426F04924360020B4792476122884792429C010EA90FA616
:2016500060080E47074619018AA956BF2EC46F1292489B0A00F11F799B3095A988A80E4705
:20166000074619018AA97EC4BE0A0E48F60F1FA696480B47924760E0FE880006FE08A844DF
:20167000974296412B45924294419C01964692416005924260039A006F1A924160040A46FF
:201680000A416F04924260020B462B476F0C88470E410FA6610758472D45350A94949CD0F9
:2016900096450A479246544766F39245FE880006761F01C1CC1700FF0006761F01C1CC1568
:2016A0000040FFC5520160039A006F029A010006761F01C1CC140080FFC6520160039A00F8
:2016B0006F029A010006FE029641761F01C11A1400019619FE820006761F01C11814FFFEF6
:2016C0000006761F01C11814FFFD0006761F01C11A140002000600060006FE029641FE828F
:2016D0000006761F01DDCC1700FF0006761F01DDCC150040FFC5520160039A006F029A01E5
:2016E0000006761F01DDCC140080FFC6520160039A006F029A010006FE029641761F01DDA0
:2016F0001A1400019619FE820006761F01DD1814FFFE0006761F01DD1814FFFD0006761F9E
:2017000001DD1A140002000600060006FE029641FE820006761F01DDCC3700FF0006761F3C
:2017100001DDCC350040FFC5520160039A006F029A010006761F01DDCC340080FFC6520169
:2017200060039A006F029A010006FE029641761F01DD1A3400019639FE820006761F01DD39
:201730001834FFFE0006761F01DD1834FFFD0006761F01DD1A340002000600060006FE02B4
:201740009641FE820006FE02964152006007761F01C1CC150080FFC66F0E52016007761F53
:2017500001DDCC150080FFC66F06761F01DDCC350080FFC6FE820006FE02974296415200BF
:20176000600B761F01C19242CD11FFDF9001FF84CAA896116F165201600B761F01DD924260
:20177000CD11FFDF9001FF84CAA896116F0A761F01DD9242CD31FFDF9001FF84CAA8963187
:20178000FE820006FE0296412B42520060057671169896426F0C52016005767116D1964282
:201790006F06520260047671170A96429242FE820006FE0296412B42520060057671169D3D
:2017A00096426F0C52016005767116D696426F06520260047671170F96429242FE82000607
:2017B000FE0296412B4252006005767116A896426F0C52016005767116E196426F065202EF
:2017C00060047671171A96429242FE820006FE0297429641520060059242767116B36F13EE
:2017D000520160059242767116EC6F0D5202600B761F02CF2B36761F01BF1A0B00409242F4
:2017E00076711725FE820006FE02964152006004767116BC6F0A52016004767116F56F0564
:2017F000520260037671172EFE820006FE02964152006004767116C16F0A5201600476710E
:2018000016FA6F055202600376711733FE820006FE02964152006004767116C66F0A5201BA
:201810006004767116FF6F055202600376711738FE820006FE02964152006004767116CB1C
:201820006F0A52016004767117046F05520260037671173DFE820006FE02964152006004FD
:20183000767116CC6F0A52016004767117056F05520260037671173EFE820006FE029742D6
:201840009641520060059242767116CD6F0C520160059242767117066F0652026004924250
:201850007671173FFE820006FE06A044A84206441E468A4609011E462BC48A46A8A90901DD
:201860001E462BC48A46A8A909011E462BC48A46A8A909011E462BC48A46A8A909011E468A
:201870002BC48A46A8A909011E462BC48A46A8A909011E462BC48A46A8A909011E462BC4EF
:201880008A46A8A909011E4628C40A0A8A46A8A909011E462BC48A46A8A909011E4628C4C0
:20189000018D8A46A8A909011E462BC48A46A8A909011E46924296C48A46A8A909011E46E0
:2018A000064297C48A46A8A909011E4628C40A0A8A46A8A909011E462BC48A46A8A909014D
:2018B0001E462BC48A46A8A909011E462BC48A46A8A909011E462BC48A46A8A909011E463A
:2018C0002BC48A46A8A909011E462BC48A46A8A909011E462BC48A46A8A909011E462BC49F
:2018D0008A46A8A909011E462BC48A46A8A909011E462BC48A46A8A909011E462BC48A46AE
:2018E000A8A909011E462BC48A46A8A909011E462BC48A46A8A909011E462BC48A46A8A91D
:2018F00009011E462BC48A46A8A909011E462BC48A46A8A909011E462BC48A46A8A9090154
:201900001E462BC48A46A8A909011E462BC4020107461E468A46FE860006FE029742964138
:20191000761F02D4962492429620FE820006FE047D447C4397429641761F02D4921F601CB8
:201920005D42922493418F00B523767116085200600C761F02D45D4493438F00B521922457
:201930007671160852006116761F02D456BF011F2B232B216F0F93415D4292248F00B52381
:2019400008A8FF387671161D52006104761F02D42B1FFE840006FE0497429641761F02FF4A
:2019500092066118761F02FF922A52036013761F02D45D4228A803E88F00B5229224767184
:20196000161D520061059A009B0576711CA29A006F52761F03012D3D350708A9FC185441A9
:201970006705350708A9FC189641761F02FF921752016006761F02F7920596436F05761F14
:2019800002F7923F96431BA9032067032843032028AC00B529013043FF4608A9FC189643BC
:20199000761F03012D3D350708A9FC1854416705350708A9FC1896419243544167029641B0
:2019A000761F02FF922A5205610352036010761F02D45D4293418F00B52292247671161D41
:2019B000520061039A016F079A006F05761F02D42B229A00FE840006761F02D4921F000646
:2019C000761F02D4921C0006FE067D447C43974296415200601D3B01761F02FD85101EA6BC
:2019D00028AC1D4C32420200F61F561700A63F453B10761F02BEFF699215761F02AC9445CD
:2019E000932D9C0100F11F79964529106F525201601F3B01761F02FD85101EA628AC1D4CF4
:2019F00032420200F61F561700A63F45761F02AC9245932D00F11F7996453B10FF69922D05
:201A0000932D9E4500F11F79964529106F325202602E3B01761F02FD85101EA628AC1D4C9D
:201A100032420200F61F561700A63F45761F02AC9245932800F11F7996453B10761F02BEBB
:201A20009215761F02AC94459C020EA9F60F1F289C012DA91228EA45761F02ACFF699245E4
:201A3000932D00F11F79964529106F0392429645761F02D488288F00FFFFA8A90FA6600A00
:201A40003B10924596289243962A9244962929106F093B10924596269243962792449625CA
:201A50002910FF69FE860006FE047D447C4397429641767119C42D439A01FF66FF5E7671A1
:201A60001C64520061F9FE8400067670C23A76710A2C7670DC2D76711D1C28A9012C9B000B
:201A70008F30857F76711D36761F02F02B0F56BF280E28A9012C9B018F30B6D576711D362F
:201A8000761F02F056BF011556BF14148F31070D28A9012C9B0276711D36761F02F056BF12
:201A9000031B56BF281A28A9012C9B038F309B9B76711D36761F02F056BF072156BF2820D5
:201AA00028A9012C9B058F30000076711D36761F02F056BF0B2D56BF642C28A9012C9B0479
:201AB0008F306B3576711D36761F02F056BF0D2756BF102628A9012C9B068F3032D5767116
:201AC0001D36761F02F056BF0F3356BFC83276711D2300067622761F01BE180CFBFF180770
:201AD000FFCF1A0A0400761AFF6900063B10761F02F02B142B1A2B202B2C2B322910FF690C
:201AE00000063B10761F02F056BF011556BF141456BF031B56BF281A56BF072156BF282082
:201AF00056BF0B2D56BF642C56BF0F3356BFC8322910FF690006761F02F09202900F6108B4
:201B00009202900F58A98F00B36E92946F26920290F0610ACC0200F0FFC358A98F00B36E76
:201B100092949C046F1ACC020F00610ACC020F00FFC758A98F00B36E92949C086F0ECC02B5
:201B2000F000610ACC02F000FFCB58A98F00B36E92949C0C6F029A0600063B10FF69767192
:201B30001AFB761F02F09604761F02F0960328AC0006761F02F08F00BC0C3004560100A458
:201B4000761F02F0A806003F2910FF6900068F00E000761F02F0A80A0006761F02F02B0208
:201B5000761F02F02B03761F02F02B040200761F02F01E06761F02F01E080006FE048F0019
:201B6000BC0CA8442B419241520767148A4402001EC48A442BD48A442BDC8A442BE48A449F
:201B700028ECFFFF020607441E440A419241520768EEFE8400067670D77752006131761F8C
:201B800002FD9212602D761F02F592186008761F02F50E25761F02F956010012761F02F533
:201B9000921A6008761F02F50E24761F02F956010012761F02F98F000E100200A312F61F61
:201BA000561700A4A914A8AC564400145641001202005657002656400028A9261E28761F6F
:201BB00002F99200610802001E141E125633A9261E282B0000067670D77752006129761F47
:201BC00002FF922A520361055202610352056020761F02CF922A611C761F02FB063A761FF8
:201BD00002F9560100028F000E100200A302F61F561700A4A904A8AC5644000456410002EF
:201BE00002005657002256400024A9221E24761F02F99201610802001E041E025633A92229
:201BF0001E242B010006FE069645A044A84206441EC48A4206441ED48A4206441EE48A429C
:201C00002BF48A42924596FCFE860006FE0497449643A84288F40EFC0FA66027924452015B
:201C100060148AC4924396C483428A420EFD07E40FC4600406E41EC46F040201560100C4A8
:201C20008A4206C41ED46F0F5202600D06E40FC4600658FC8AE4924396946F058AC4924362
:201C3000DC8196C49A016F138AC4924396C48A420AF483428A420EFD07E40FC4600406E4D1
:201C40001EC46F040201560100C49A00FE840006FE04A044A84292F460039A026F148AD4B9
:201C500092C48A4496C48A420BF483428A420EFD07E40FD4600406E41ED46F0402015601B4
:201C600000D49A00FE840006FE0296413B10761F02F08A0896EC8A0892E496429241FF5EA1
:201C7000CE42601B761F02F09A012D03761F02F0FF66FF5EC0022910FF6976711B2D3B1051
:201C8000761F02F08A0892E496429241C0E429109241FF5ECE426F079241C0E429109241F4
:201C9000FF5ECE42FF69FE820006FE023B10761F02F08A0892E496412BE429109241FF69A5
:201CA000FE820006FE04974296413B1028AC00068F00BC0C3041560100A4A8449A012D420E
:201CB000FF6698E483448A4492EDFF5ECEE461072D419A01761F02F0FF6698022910FF6978
:201CC000FE8400063ABDB2BDAABDA2BDFE022901FF5861455CA8917F08A800801E4293A44E
:201CD000FFD65CA8064E613B5DA8917F08A8008059A858A993A5FFD65DA893A471A518A8C5
:201CE000010097A618A400FF18A500FFDCFF92A494A596A7642F08A9FF0162272D4236A096
:201CF00037A1FF4F07ABFF5A2D4136A007AB37A105AB09406304FF4008A70001FF5A93A7F3
:201D0000651908A8FF016311A9A9FF46917F5BA85AA925A695A7FF960CA295A3FE8282BE32
:201D100086BE8BBE8EBE000693A6FF9608A87F7F6FF6FF2000006FF376711B4776711B4DDA
:201D200076711B5E000676711AFB761F02F09604960328AC00068F00BC0C3004560100A427
:201D3000A80606061E0876711E0D0006FE0A97449643A842761F02F0060A1E4A0E4356014E
:201D4000000A834A76711854A84828AC00068F00BC0C3044560100A4A84606481EC48A46DB
:201D50002BD48A462BDC8A462BE49A01761F02F02D44FF669802FE8A000676711AFB761F0D
:201D600002F0960488040E030FA6610D9204960328AC00068F00BC0C3004560100A4A806DA
:201D700076711E40000628AD0400FF69561F5616561A2940761F00002902761B76711F882E
:201D800052006142762228A9000028A800330901611B76F3000029046F0F9B0024A9DF0100
:201D90006C04290424A8DF011EA6F7A1248606A781A109011EA724A96303FF5C3B0459A977
:201DA000DF010009FFEC28A9FFFF28A8FFFF090161058F3FFFFF76711DC7761A76711F8A8B
:201DB00028A9FFFF28A8FFFF0901610E76FFFFFF6F06DF01C3BD1EA73E67C5BE24A9DF011B
:201DC00024A8FF5860F776711F3676711E6FB2BDAABDFE0486A488CAD1006F392901560389
:201DD00003A107A209028AA992C461039A026F029A00B60093CC56B001A794A7611F520136
:201DE00061155202610B5203602106E41E4206F41E4406D476711F1C6F1806E41E4206F46A
:201DF0001E4406D476711F1C6F1006E41E4206F41E4406D476711F1C6F0806E41E4206F499
:201E00001E4406D476711F1C88CAD90192A654A166C6FE8486BE8BBE0006761F02F0C40877
:201E100006C696AD000787BEC5BEC4BE83BE8ABE82BE86BE000376017602761B760900053E
:201E2000AABDA2BDA8BDA0BDC2BDC3BDABBD0004761F02F0C40892AD1EC6761F02F0C506E7
:201E300006C796AD06061E08000787BEC5BEC4BE83BE8ABE82BE86BE000376017617760273
:201E4000000700076FE629022904565FFF5A0642565F1E420200F61F5617004206AB56325D
:201E50002902762029022904565FFF5A0642FF561E420200F61F561700425632290276203F
:201E6000FF5A0200F61F56170042A9A97620FF5A0200F61F56170042762077006F00B2BD51
:201E7000761F02D459A9922C610D28ABFFFF28AAFFFF28A9FFFF28A8FFFF0FAB6103767F68
:201E8000FFFF761F02ACC53C3E67761F02D4C53006A7610392A13E67761F02D4062E61030F
:201E90001EA73E6776711E6D8BBE00062902FF58611B5CA8917F08A80080FF362FA893A482
:201EA000FFD65CA891FF08A8FF81640F08A8FFE2620F6106FF5D2DA893AA56226F0293AA19
:201EB00048A46C02FF540006FF200000000628A87FFF28A9FFFF48A46CF7090100065CA8BA
:201EC00071A997A63B0185A9FF565DA985A4FF565CA992A5F60F1FA44FA66C02FF5C762010
:201ED00096A65CA83B0185A9FF565DA985A4FF565CA992A5F60F1FA44FA66C02FF5D92A872
:201EE000762028ACFFFF0F426009A9A90F4456B100AC56B601AC92AC762056B100AC56B220
:201EF00001AC92AC762028ACFFFF0F426003A9A90F4456B100AC56B601AC92AC7620520094
:201F0000A8ABC5A4610788A9DE815C857C87000EFFFE88A90FA6610F5300610D9DFF5CA867
:201F100076BFFFFE92859687000EFFFE92859687000CFFF8A9A400061EA78A440646520085
:201F200061049CFFF7A924845300611027462BAA565700A7A9A72484DF0128A9FFFEF7A9B9
:201F3000248408AA0001FFD0EDF6000628ABFFFF28AAFFFF28A9FFFF28A8FFFF0FAB600422
:201F4000BE00D4006F098AA928A9FFFF88C428A8FFFF09028AA992A676711A650006B2BD0A
:201F5000AABDA2BD7620B2BDAABDA2BD27AD565700A03FAD7620B2BDAABDA2BD5AAD27AD2D
:201F6000565700A03FADAAAB565D00A6A9A2762082BE86BE8BBE762027AD565D00A03FAD23
:201F700082BE86BE8BBE762097A69B00F60F1FA6762097A69B00F60F1FA692A87620761FAF
:161F800002ACA83E0006761F02ACA83C000600069A0100060006D7
:020000040032C8
:20000000761BABBDA0BDC2BDC3BDFE02FF6929425616761F01A806241E42761F02D11E2AD4
:20001000BE960336FF5A761F02D00200F61F561700A63F13761F02CE2B162B0C2B17761F53
:2000200002D01B1337CE68041B136F9B690E761F01A81A3800021A3800011A350008761FCF
:20003000003356BF08216F3192139618761F02D1062A1E281E36761F02D206101E0E02006D
:200040001E10761F02CF920596042B05761F02D156BF011A761F02BE9215761F02D1961BFE
:20005000761F02F01A1C0002761F02F01A020004761F01A81A3800021A3800011A350008EE
:20006000761F003356BF0821FE82C5BEC4BE83BE87BE76177602761BABBDA0BDC2BDC3BD15
:20007000FE02FF692942561602001E42761F003006001E42761F02D11E3ABE960338FF5AFC
:20008000761F02D00200F61F561700A63F2992299628761F02D1063A1E261E38761F02D243
:200090000620761F02D11E3E761F02D202001E20761F02CF9206960A2B06761F02D1063C44
:2000A000761F02D21E00761F02D102001E3C761F02CF921296072B12761F02D156BF011D76
:2000B000761F02BE9215761F02D1961E761F02F01A1C0020761F02F01A020004761F0033CC
:2000C00056BF0121FE82C5BEC4BE83BE87BE76177602761B0005ABBDA8BDA0BDC2BDC3BD1A
:2000D000FE06FF69294256162B41761F02BD92385201650B761F02DD921052026006761F1B
:2000E00002BE921596456F05761F02BE920F964552056064761F01A906001E44761F02D44C
:2000F0001E0E761F02D3BE96031CFF5A761F02D00200F61F561700A63F1A761F02D4060E25
:20010000761F02D31E1C761F02D0921A961D92189619761F02D4060E761F02D31E1A761F66
:2001100002D10628761F02D31E1E761F02D092159627761F02D4060E761F02D3032C761FB0
:2001200002D0FF5A0200F61F561700A63F16761F02D4060E761F02D10328761F02D0FF5A43
:200130000200F61F561700A63F17761F02D4060E761F02D10326761F02D0FF5A0200F61F48
:20014000561700A63F149228961E761F02F01A160004761F02F01A020002761F02BE0A0FFD
:20015000920F761F02AC542D6404761F02BE2B0F761F02BD92385203600B761F02AC922B55
:20016000761F02BE940F761F02BE96156F135204600B761F02AC9229761F02BE940F761FB9
:2001700002BE96156F07761F02BE920F761F02BE9615761F02AC922D761F02BE5415620274
:2001800074159215605F761F03039207761F03039604761F02D306221E20761F02CF92152A
:200190009616761F02D302001E22761F02CF2B15761F02D2063A1E3C02001E3A761F02CE8F
:2001A000923D761F02CF9602761F02CE2B3D761F02D206181E1C02001E18761F02CE9214A1
:2001B00096312B14761F02D206161E1A02001E16761F02D30600761F02D21E3E761F02D397
:2001C00002001E00761F02CF920096032B00761F02D2062E1E3202001E2E761F02CE923AD7
:2001D000761F02CF9601761F02CE2B3A761F02D206361E3402001E36761F02CE92389639FD
:2001E0002B383B01761F02BE8515761F02BF07208AA9761F02BD92C4963A761F02FF922AF5
:2001F0006029761F02D0853F761F02D25601002A761F02D10A05761F02D08534761F02D350
:2002000056010002761F02CE0A36761F02D08531761F02D256010038761F02CF0A0F761FB7
:2002100002D1850A761F02D256010008761F02CF0A13761F02D18515761F02D45601001449
:20022000761F02D00A07761F02D18510761F02D456010016761F02D00A11853A761F02D2C7
:2002300056010022761F02CE0A19761F02D0853D761F02D256010024761F02CE0A02761F9A
:2002400002D18511761F02D45601000A761F02D00A0D761F02D18502761F02D45601000634
:20025000761F02CF0A3F761F02D08538761F02D256010014761F02CE0A01761F02D1850E7C
:200260005621000E761F02D2564400A956010020761F02CF0A06761F02D1850A5621000AE8
:20027000564400A95601003C761F02CF0A12761F02D1850A5621000E761F02D2564400A9EE
:2002800056010004761F02CF0A09761F02D1851556210011761F02D3564400A95601003CC0
:20029000761F02CE0A23761F02D1851056210002761F02D3564400A956010034761F02CEA9
:2002A0000A2B761F01C4CC190004FFC1520161FA9208761F02D1FFC39615761F01C49209F4
:2002B000761F02D1FFC39610761F01C4920A761F02CEFFC39415761F02D008A9F800963AB8
:2002C000761F01C4920B761F02D0FFC3963D761F01C4920C761F02D1FFC39602761F01C417
:2002D000920D761F02D1FFC39611761F01C4920EFFC3761F02D008A9F8009630761F01C4B2
:2002E000920FFFC3761F02D008A9F8009637761F01C49210FFC3761F02D108A9F800960059
:2002F000761F01C49211761F02D0FFC39638761F01C49212761F02CEFFC39E3C761F02D094
:2003000008A9F800963E761F01C49213761F02CFFFC3940D761F02D008A9F8009631761F2C
:2003100001C49214761F02CEFFC39E37761F02D008A9F8009633761F01C49215761F02D124
:20032000FFC3960F761F01C49216761F02D1FFC39614761F01C49217761F02CEFFC3940DB5
:20033000761F02D008A9F8009632761F01BF1A1500021A150004761F01C41A014000761FD2
:2003400001A21A1C0004761F02C62D07761F02D11215562F0415761F02C62D1A761F02D1F6
:200350001210562F0410761F02C62D06761F02D11211562F0411761F02C62D19761F02D112
:200360001202562F0402761F02C62D10761F02D01230562F0430761F02C62D0C761F02D1E4
:200370001200562F0400761F02D0343807DB761F02D1562F0508761F02C63B012D09761FBF
:2003800002D11208761F02C6070AFF4A9B0A00F11EBF761F02D19608520063022B089201C3
:20039000761F02D0943E761F02CEFFA0943B761F02D0963F761F02C63B012D0D761F02D0CB
:2003A000123FFF4A963FFF5C963F2D31761F02C6300F761F02D0562F043192369433FFA055
:2003B0009634761F02C62D0E761F02D01234FF4A9634FF5C9634761F02C62D07761F02D1ED
:2003C000120F562F040F761F02C62D1A761F02D11214562F0414761F02D0343007D2761F5C
:2003D00002CF562F0524761F02D19211761F02F4960E761F02D19202761F02F5960A761F97
:2003E00002D1920F761F02F4960C761F02D19214761F02F49611761F02D12D15761F02F4E7
:2003F0003507940C761F02F4FFC2960F761F02D12D10761F02F435079411761F02F4FFC2C3
:200400009610761F02D0923AFF5C963A761F02FF922A5203602C761F02CE9228761F02D11E
:200410005407651F761F02CE9222602A761F02D00A039203761F02AC542E6922761F02D08A
:2004200028039600761F02CE56BF01220A24761F02F01A100020761F02F01A0200016F103C
:20043000761F02D09203610C0B036F0A761F02D0920361030B036F04761F02CE2B22761F94
:2004400002D01B3F05B162041B3FFA4F6308761F02CF0A3C0A3D56BF01416F05761F02CF22
:200450002B3C2B41761F02BD920C614192416013761F02CE92216106761F02BD920C520319
:20046000610A761F02CE9222610C761F02BD920C52026007761F02D1921F612C2B1F6F2A55
:20047000761F02D1921F6026761F02BD920C52036019761F02FF92176006761F02D1921A54
:200480005201610B761F02FF921752016013761F02D1921D5201600E56BF011F76710A8317
:200490006F09761F02D156BF011F6F04761F02D12B1F761F02FF922A612852036114761FD8
:2004A00002CF923C520365212B3C761F027056BF0501761F02F01A100004761F02F01A02E1
:2004B00000016F13761F02CF923C5205650E2B3C761F027056BF0501761F02F01A1000046D
:2004C000761F02F01A020001761F02BD920C6109761F02D1921F6105761F02709201611092
:2004D0007622761F01A21A180004761F01A31A180004761A761F02CF56BF021E6F1B761F4D
:2004E00002CF921E650D0B1E7622761F01A21A180004761F01A31A180004761A6F0B7622C9
:2004F000761F01A21A170004761F01A31A170004761A761F01BF4B016D1C761F01A5CC0B45
:20050000FFCF5010960BCC0CF3FF1AA90400960C761F02FF2B07761F027056BF2101761F3E
:2005100002F01A100004761F02F01A0200016F06761F02D0920B65020B0B761F01BF4C0070
:200520006D16761F02D00A0C920C5202641556BF020C761F027056BF2201761F02F01A103D
:200530000004761F02F01A0200016F06761F02D0920C65020B0C761F02CE923252C163026A
:200540000A32923252C1641F761F01BF40096D16761F02D00A0992095202641556BF0209E2
:20055000761F027056BF2301761F02F01A100004761F02F01A0200016F06761F02D092097B
:2005600065020B09761F01BF1A0B0004761F02BD920C5202600BFF6976408C80761F02AC64
:20057000922D761F02CF96196F265203600CFF697640919C761F02CF923452016009767028
:20058000EF856F0652016004FF6976408E70761F02CF921965105D198F00B0003B01A8A9D7
:20059000DD8181A58AA92BC4761F02BE2B32761F02CF0B19761F01BF1A0D0004761F02D181
:2005A0002B1A2B1D761F01A21A1C0001761F003356BF0421FE86C5BEC4BE83BE8ABE87BEE6
:2005B000000376177602761B0005ABBDA8BDA0BDC2BDC3BDFE0CFF6929425616761F02DDA7
:2005C00092105202601D761F02BD92386119761F02CF9217761F02BE540F620D761F02AC97
:2005D0009428761F02BE540F6506761F01BF1A0C00406F0A761F01BF1A0A00406F05761F36
:2005E00001BF1A0A0040761F02AC922D7670F689761F02FD931095A9974B761F01A2924B04
:2005F0009605761F01A39605761F02D19216761F01A19605761F01A49605761F01BF4F0819
:200600006D08761F02D1340007D2562F05046F07761F02CF9224761F02D196043B01761FFD
:2006100002D08535761F02D256010006761F02CE0A11761F02D18509761F02D45601001A26
:20062000761F02CF0A3B761F02D0853C761F02D356010032761F02CE0A27761F02D185135E
:20063000761F02D356010006761F02D00A2B8539761F02D356010030761F02CE0A33761F61
:2006400002D1850C761F02D356010016761F02D00A23761F02D1850B761F02D356010014FE
:20065000761F02D00A218537761F02D256010016761F02D02D371237761F02D2560100187A
:20066000761F02CE0A14761F02D02D301230761F02D256010010761F02CF0A05761F02D144
:200670002D001200761F02D25601003A761F02CE0A3D761F02D02D3F123F761F02D25601A1
:20068000002E761F02CE0A3A761F02D02D341234761F02D356010000761F02CF0A00761FAF
:2006900002D02D311231761F02D256010036761F02CE0A38761F02D02D34761F02D11204F4
:2006A000761F02D456010000761F02CE0A1D761F02D02D3F761F02D11200761F02D35601DE
:2006B000003E761F02CE0A26761F02D12D00761F02BD1234761F02D356010022761F02CFDF
:2006C0000A15761F01C4CC190004FFC1520161FA9208761F02D1FFC39609761F01C49209F2
:2006D000761F02D0FFC3963C761F01C4920A761F02D1FFC39613761F01C4920B761F02CEEA
:2006E000FFC39E2F761F02D008A9F8009639761F01C4920C761F02D1FFC3960C761F01C46E
:2006F000920D761F02D1FFC3960B761F01C4920EFFC3761F02D108A9F800960E761F01C4B5
:20070000920F761F02CFFFC39414761F02D108A9F800960A761F01C49217761F02CEFFC38D
:20071000940D761F02D008A9F800963B761F01C49212761F02CEFFC39E3C761F02D108A92F
:20072000F8009601761F01C49214761F02CEFFC39E37761F02D008A9F8009636761F01BFFD
:200730001A1300021A130004761F01C41A014000761F01A31A1C0004761F02C62D08761FFA
:2007400002D0123C562F043C343C061F761F02D1562F0507761F02C62D18761F02D11213F7
:20075000562F0413761F02D0923B9432FFA0FF5C9635761F02D1340E07D2761F02CF562FC0
:200760000522761F02CE9230761F02D1540764041B071194650E761F02CF0A3E923E5202F4
:20077000650E56BF023E761F02CE56BF01216F07761F02CF2B3E761F02CE2B21761F02CEAA
:20078000922C761F02D1540764041B071194650E761F02D00A0F920F5202650E56BF020F28
:20079000761F02CE56BF01206F07761F02D02B0F761F02CE2B20761F02FF922A6005761F9B
:2007A00002D02B1F6F1F761F02D01B35044465130A1F921F52C065162B1F761F027056BF4B
:2007B0000C01761F02F01A100004761F02F01A0200016F081B35FBBC630456BF011F6F0238
:2007C0002B1F761F02BD920D52026103520160068F00AF4D76408F1E6F0A52036004767164
:2007D00009AB6F055204600376710A05761F02F8920D90036036761F02CF92216129761FA3
:2007E00002F892049641761F02D08F00B38092348F40B388761F02CF96429224A844761F24
:2007F00002BD8F00B396933AA8468F00B38CA8488F00B397A84A8F00B38A76409703761F5D
:2008000002CE9B00D4009200764097AE6F0A761F02F8CC0A0008FFC252016003180AFFF797
:20081000761F01BF4A086C060201761F02D11E326F0B761F02D1063261077670E8DC761F33
:2008200002D102001E32761F02F7920390036028761F02F792119641761F02D08F00B3980C
:2008300092348F40B383761F02CF96429222A844761F02BD8F00B396933AA8468F00B38C4A
:20084000A8488F00B397A84A8F00B389764097D2761F02CE9B00D400921876409839761F59
:2008500002F41B0C0F5D691D761F02FF922A6119761F02D00A22922252C065192B22761FF4
:2008600002F456BF0128761F027056BF1001761F02F01A100004761F02F01A0200016F0748
:20087000761F02D02B22761F02F42B28761F02F41B110F5D691D761F02FF922A6119761FCC
:2008800002D00A08920852C065192B08761F02F456BF010D761F027056BF1001761F02F0B5
:200890001A100004761F02F01A0200016F07761F02D02B08761F02F42B0D761F02D11B0818
:2008A00002586209761F02BD922F761F02D19C285408630E761F02D00A029202520A650B92
:2008B00056BF0A02761F02CE56BF011C6F04761F02D02B02761F030192356128761F02CF1A
:2008C00092386124761F02FF922A5203601F761F02CF2B38761F02FD921261117670E46204
:2008D0005200610D9A0076710AC4761F02F01A100020761F02F01A0200016F08761F02FD79
:2008E000921261049A0076710AC4761F02FF922A52036033761F02FF9206602F761F030110
:2008F0009235602B7670EF141BA90A646406761F02D11B08017C631E7670EE9D3B0185A9AD
:20090000FF5652FA6417761F02D00A059205521465142B05761F030156BF0135761F02CF55
:2009100056BF0138761F02FF2B079A0076710B226F04761F02D02B05761F02D00A2E182E14
:2009200000073B01761F02D185075601002E761F02D0922E6027761F02D1062EFF429606D4
:2009300002001E2E920665118506761F02FDFF681E4256030710FF5AFF3210ACFF6900F156
:200940001E43761F02BE9616761F02BE1B1607D06404281607D06F061B1603E86203281627
:2009500003E8761F02F592186014761F02FF92306110761F02709201600C761F02F5921DE8
:20096000761F02F554296605761F02F492146109761F02F59221610D9A007670DB7F6F0969
:20097000761F02F59221520261049A027670DB7F761F02F5921A6014761F02FF923061101E
:20098000761F02709201600C761F02F5921D761F02F5542A6605761F02F492146109761F71
:2009900002F59223610D9A007670DBD96F09761F02F59223520261049A027670DBD9761FBC
:2009A00002F59221610852016106761F027056BF012A6F04761F02702B2A761F02F5922313
:2009B000610852016106761F027056BF012C6F04761F02702B2C761F0270922A6005761F2D
:2009C0000270922C6109761F02F59221761F02F59323764096AF761F0270922A6014761F35
:2009D00002CF1A3500017622761F01A1CC14FFFC500296141A180004761A761F02CF56BFFF
:2009E000021B6F5F761F02CF921B650F0B1B1A3500017622761F01A1CC14FFFC5002961469
:2009F0001A180004761A6F4D761F02CE92216012761F02D09222620E761F02709201600A4C
:200A0000761F02F59234761F02D108A901F454076326761F02F63B0134080006FF429608A8
:200A1000761F02F6960A761F02F634130006FF429613761F02F69610761F02F69611761FD9
:200A200002CF1A3500017622761F01A1CC14FFFC500296141A180004761A6F13761F02CF41
:200A30001835FFFE7622761F01A11A140003761F02CF92356005761F01A11A170004761ACE
:200A4000761F0270922C6014761F02CF1A3500027622761F01A1CC14FFF3500896141A18D1
:200A50000004761A761F02CF56BF021D6F5F761F02CF921D650F0B1D1A3500027622761F5B
:200A600001A1CC14FFF3500896141A180004761A6F4D761F02CE92216012761F02D09208F3
:200A7000620E761F02709201600A761F02F4921B761F02D108A901F454076326761F02F53C
:200A80003B0134310006FF429631761F02F59636761F02F5343B0006FF42963B761F02F5B0
:200A9000963A761F02F4961E761F02CF1A3500027622761F01A1CC14FFF3500896141A18AB
:200AA0000004761A6F13761F02CF1835FFFD7622761F01A11A14000C761F02CF92356005D6
:200AB000761F01A11A170004761A761F02FF92076105761F027092016121761F01A5CC0B67
:200AC000FFCF5010960BCC0CF3FF1AA90400960C761F02CF281A064056BF0132761F0270D7
:200AD000921D761F01A596092B0A96058F000384761F02D1A830FFEF0084761F02CF921AD3
:200AE00065270B1A1B1A03206514761F01A5CC0BFFCF5010960BCC0CF3FF1AA90400960C60
:200AF000761F02CF1B1A0322601B56BF01326F181B1A03206015761F01A5CC0BFFCF5020BF
:200B0000960BCC0CF3FF1AA90800960C6F09761F02D192196005761F02CF283203758F0046
:200B10000783761F02D1A8A90F30692E761F02CF0A2D922D523264072B2D0201761F02D19E
:200B200056010030761F02D19230761F01A59605FF690217761F02D11EAC56650030A934B3
:200B300002641EA60200F61F561700A6A93492309E34761F01A59609761F02D19234761F43
:200B400001A5960A6F1D761F02700E1D761F02D11E30761F0270921D761F01A59605761FBA
:200B500002CF2832037528A907839E32761F01A59609761F02CF9232761F01A5960A761F43
:200B600001BF41096D04761F02D00A0E761F02FF922A5205602D761F02CE92206016761F23
:200B700002D0920E52056211761F02CF923C5202630C923D52056209761F02D0921F520235
:200B8000620492225205650B761F02CE0A1E921E520265122B1E56BF022E6F0E761F02CEFC
:200B90002B1E922E5202600856BF012E6F05761F02CE2B1E2B2E761F02BEFF6992157640A7
:200BA00098F67640985F761F01A31A1C0001761F003356BF0421FE8CC5BEC4BE83BE8ABE70
:200BB00087BE000376177602761B0005FF69ABBDA8BDA0BDC2BDC3BD29425616761F02D172
:200BC0000A177640993E761F02C692016114761F02D192210A21522865112B21761F02C623
:200BD0002B01761F02F01A2E0200761F02F01A0200206F04761F02D12B21761F02BD923800
:200BE0006012761F02CF922B5202611E52006106761F01BF1A0A80006F17761F01BF1A0CDA
:200BF00080006F12761F02CF922B6108761F01BF4F086D0A1A0A80006F07761F01BF4F086F
:200C00006C031A0C8000761F02CF922A6106761F01BF1A0A20006F05761F01BF1A0C20008E
:200C1000761F02CF92296108761F01BF1A0440001A0A01006F05761F01BF1A0C0100761FDD
:200C200002BD92386012761F02CF92275202611E52006106761F01BF1A0A40006F17761F3A
:200C300001BF1A0C40006F12761F02CF92276108761F01BF4E086D0A1A0A40006F07761FE4
:200C400001BF4E086C031A0C4000761F02D41B2409C4690F761F02FF922A52056103520259
:200C50006008761F01BF1A0A10009A007670D836761F02CF0A3692365214640756BF143667
:200C6000761F01BF1A0D0040761F02D00A2D1B2D271065022B2D1B2D23286207761F01BF8B
:200C70001A0240001A022000761F003356BF0121C5BEC4BE83BE8ABE87BE000376177602F2
:200C8000FE04761F02D1020A3B012D001E4228A9FA4030A9FF49090500F11E43761F02BE34
:200C90009610761F02D0020A3B011E42343F57E0FF49090500F11E43761F02BE963C761F81
:200CA00002D0020A3B011E4234345AE0FF49090500F11E43761F02BE9635761F02F8430A74
:200CB0006C53761F02F743016C4F761F02BE9205960B923C96053B01920B9E0585A9761FA3
:200CC00002BDFF56963F52C86509923E6007761F02BE1B0503E865020A02761F02BE9202B0
:200CD00052036414761F03039B0A920700F11EBF761F02BE560303A9960656BFC8002B0290
:200CE000761F02BD56BF013E6F10761F02BD923E5201600B761F02BE92156007761F02BD34
:200CF000923D761F02BE7206761F03039207761F02BE540662099606761F02BD2B3E761F0C
:200D000002BE2800012C761F02BD2D3A3B01761F03031204761F0303FF4D9403761F02BE43
:200D100096149E1096111B110C80650428110C806F061B11F38063032811F380921196433C
:200D2000761F02AC922D761F02BE94159CF89644761F02AC922D5444620274448F00B00050
:200D3000A8A981448AA9761F02BE924394C42DA912178F00B000FF471EA6A8A981448AA947
:200D40007EC48F00B000A8A981158AA92D3233342DC4123307AB562F0731922D54316303E3
:200D500096316F05922C5431650296319231963272112D2E1211FF468135761F02BF1E14C8
:200D6000761F02BD92386130761F01BF4D086C2C020A761F02D01E4234315AE0FF490905BA
:200D700000F11E43761F02BD963B9236943BFFA09637923B96369237761F02BE9E35761FCA
:200D800002BD963C9239943CFFA09634923C96393B01FF6E2D32333416AC96358535761FD6
:200D900002BF56010014761F02BD8512761F02BF0F146308761F02BD8512761F02BF1E14D5
:200DA0006F12761F02BD9212FF5C761F02BF85A90F146509761F02BD9212FF5C761F02BFA1
:200DB00085A91E140614761F02BEFF6956210000AE3C564400A9FF468110761F02BF1E04FA
:200DC0008F003E80A8A90F046302A804FF27FF830F0465021E04761F02BE56210016761F96
:200DD00002BF56440004761F02BE562F030D761F02FD9210761F02BE9CFF540D6308761F33
:200DE00002FD9210761F02BE9CFF960D9A01761F02FD9E10761F02BE540D65089A01761F8F
:200DF00002FD9E10761F02BE960D920D62059213603F920D603D960E761F02FD9210761F49
:200E000002BE9CFE540E6309761F02FD9210761F02BE9CFE960E6F05920E620356BF010E44
:200E1000761F02FD9210761F02BE9E0E761F01A29609761F02FD9210761F01A39CFF96090B
:200E2000761F02BE921361092B13761F01A3180EFFFC180EFFF36F43761F01A3CC0EFFFCDE
:200E30005001960ECC0EFFF35008960E6F38920DFF5C960E761F02FD9210761F02BE9CFE7B
:200E4000540E6309761F02FD9210761F02BE9CFE960E6F05920E620356BF010E920E761F29
:200E500001A29609761F01A356BF0109761F02BE92135201610A56BF0113761F01A3180EA8
:200E6000FFFC180EFFF36F0B761F01A3CC0EFFFC5002960ECC0EFFF35004960EFE84000695
:200E7000761F0303280428A7761F02BE2816056B761F02BD2D3A761F03031204761F02BE08
:200E8000562F01142D161214562F030D761F02FD9210761F02BE9CFF540D6308761F02FD34
:200E90009210761F02BE9CFF960D9A01761F02FD9E10761F02BE540D65089A01761F02FDDE
:200EA0009E10761F02BE960D920D62059213603F920D603D960E761F02FD9210761F02BED7
:200EB0009CFE540E6309761F02FD9210761F02BE9CFE960E6F05920E620356BF010E761FBF
:200EC00002FD9210761F02BE9E0E761F01A29609761F02FD9210761F01A39CFF9609761F5B
:200ED00002BE921361092B13761F01A3180EFFFC180EFFF36F43761F01A3CC0EFFFC500172
:200EE000960ECC0EFFF35008960E6F38920DFF5C960E761F02FD9210761F02BE9CFE540EBA
:200EF0006309761F02FD9210761F02BE9CFE960E6F05920E620356BF010E920E761F01A238
:200F00009609761F01A356BF0109761F02BE92135201610A56BF0113761F01A3180EFFFC9F
:200F1000180EFFF36F0B761F01A3CC0EFFFC5002960ECC0EFFF35004960E0006FE06A84273
:200F20003B01761F02D18507761F02BF56010002761F02D18508761F02BF56010000761F9B
:200F300002E9400F6C06761F02FD85221E446F0302A01E44761F02E9410F6C06761F02FD0C
:200F400085231E466F0302A01E46761F02BD0A1D921D5208FFE401002B1D761F02BF0602FF
:200F5000761F02BDFF429618761F02BF0600761F02BDFF429619761F02BF02001E021E0008
:200F6000761F02BD92269E189608761F02FD921B6118761F02BD920C520360139219761F5D
:200F700002FD9E15761F02BD9606520A650456BF0A066F1D1B06FFF6631A2806FFF66F170D
:200F8000761F02BD92199E2F9606520A650B5219650356BF190692069CF72DA91206960661
:200F90006F061B06FFD863032806FFD82D221206FF46960692C45201600C9208960B63046A
:200FA00056BF02C46F4656BF010B56BF01066F41920C5203613A9208960B9226761F02D4C8
:200FB00008A9012C542467099AC8761F02BD9426761F02F554296612761F02D49224761FB4
:200FC00002BD08A9012C542668091B08FE0C630D761F02F51B2910CC6708761F02BD9230BB
:200FD000961C922B962D6F15761F02BD922C541C63049A02741C6F02961C9231542D630369
:200FE0000B2D6F07962D6F05922C961C9231962D92076307920B540663049206960B6F11FC
:200FF000761F02FD921B610D761F02BD920C5203600892076506920B540665039206960BE7
:20100000761F02BD920B5264650456BF640B6F061B0BFF9C6303280BFF9C2D1C120B761FD7
:2010100002BFFF471E1C761F02BD2D2D120B761F02BF560100160646FF370F166305064696
:20102000FF371E166F0A0644FF37FF540F1665050644FF37FF541E160616FF47071C1E08B9
:201030000644FF540F0865050644FF541E086F0506460F0863021E0806081E068F000E107E
:20104000A8A90F066303A8066F06FF24FF1F0F0665021E06761F02D08F0001D55603033563
:20105000A8AC761F02BF564400A9FF499406761F02BD96145250650456BF50146F061B148B
:20106000FFB063032814FFB02D09FF6E3314761F02BF16AC1E0E761F02BD2D0A1214761FFC
:2010700002BF56010010761F02E9400F6C07761F02D1560308161E446F0302001E44761F4A
:2010800002E9410F6C07761F02D12D1635C01E466F0302001E460644761F02BFFF540F10B4
:2010900065050644FF541E106F0506460F1063021E100610FF47940E761F02BD9607064460
:2010A000FF471E440646FF471E460644FF541EA656210007ABA90FA663059244FF5C960774
:2010B0006F0685070F466503924696079207620752006072761F02E9410F6C6E761F02BDC9
:2010C00092056011761F02D0921F620D761F02CE92216009761F02E9410F6C05761F0270B8
:2010D00092016127761F02BD2B057622761F01A4CC14FFFC50029614CC14FFF350089614E4
:2010E0001A180004761A761F02CE92216005761F02D0921F651A761F02BF0616650406161F
:2010F000FF401E16061065110610FF401E106F0D7622761F01A41A140003CC14FFF35008B5
:2011000096141A180004761A761F02BD9207525A630456BF01076F10761F02D19216761F1E
:2011100002BD9CE954076308761F02D19216761F02BD9CE99607761F02D19216761F02BDCB
:201120009E07761F01A49609761F02D19216761F01A4960A6F6F761F02BD920552016011BA
:20113000761F02D0921F620D761F02D092026209761F02E9400F6C05761F0270920161284F
:20114000761F02BD56BF01057622761F01A4CC14FFFC50029614CC14FFF3500896141A1871
:201150000004761A761F02D092026005761F02D0921F651A761F02BF061663040616FF40C0
:201160001E16061063110610FF401E106F0D7622761F01A4CC14FFFC500296141A14000CCF
:201170001A180004761A761F02BD1B07FFA665042807FFFF6F109A17761F02D19E16761F07
:2011800002BD540765089A17761F02D19E16761F02BD9607761F02D19216761F01A4960921
:20119000761F02BD9207761F02D19416761F01A4960AFF69FE860006FE0A02001E442B4598
:2011A000761F02FD92109CF696462B472B482B493B01761F02D18507761F02BE5601003E18
:2011B0000A1D921D43A9FFEC00D6063E761F02BDFF42961F761F02BE02001E3E761F02BD07
:2011C00092289E1F761F02BE96202B1D1B20012C65032820012C1B20FED463032820FED473
:2011D0002D1AFF6E332016AC9620761F02BD9224520160062B24761F02BE9220961F761F1D
:2011E00002BE2D23FF6912372D2133392D20564100AB121B101F331803AB81221E449221D8
:2011F00096230644562F0221CC441FFF96229220961F8521761F02FDAE1F761F02BDFF434A
:20120000960B761F02FD9225761F02BE08A902585421630A761F02FD9225761F02BE08A94F
:20121000025896216F1228A9FDA8761F02FD9E24761F02BE5421650928A9FDA8761F02FD1E
:201220009E24761F02BE9621761F02FD9225761F02BE08A902585423630A761F02FD922506
:20123000761F02BE08A9025896236F1228A9FDA8761F02FD9E24761F02BE5423650928A92D
:20124000FDA8761F02FD9E24761F02BE962392219619761F02FD9225761F02BE54196303B0
:2012500096196F10761F02FD9224761F02BEFF5C54196508761F02FD9224761F02BEFF5C82
:2012600096199219761F02BD9603761F02FF921752016006761F02F7920596486F05761F23
:2012700002F7923F9648761F02BE9203610E28AC00BF3048761F02D1FF469BC895A95506A9
:201280006204761F02BE2B03761F02BE920461020B04920361062D03761F02BD35C89603F2
:201290008F310B74A8A96009761F02FF92306005761F02BE56BF3204761F02BD9203630C90
:2012A000761F02D11B06125C6407761F02BD34030096FF469603761F02BD1B03011B6506D4
:2012B000920F52CD69030B0F6F081B03FEE56305920F52E767020A0F761F02FF921752010A
:2012C000600A761F02CF92229647761F02F7921196496F09761F02CF92249647761F02F89D
:2012D000920496490E491E4256030E4700F11E439645761F02BD2D031245562F0145761FBC
:2012E00002BE2D3A1245562F03251B2513886503282513881B25EC7863032825EC78761F48
:2012F00002D03B01343F1B76761F02BEFF49FF5C96242D38922533249EAB962B960A52C8E3
:20130000650456BFC82B6F061B2BFF386303282BFF382D36122B562F072B5603012B9E29D7
:2013100096262D27332F2D2A123B2D26761F02BD1320761F02BE2D2B560100AB761F02BDCA
:201320001223761F02BE1029761F02BD331E761F02BE03AB811C1E44562F022ACC441FFF64
:20133000961C92289627922A9628922B9629761F02FD9210761F02BE9CF6542A6308761FE3
:2013400002FD9210761F02BE9CF6962A9A0A761F02FD9E10761F02BE542A65089A0A761FE6
:2013500002FD9E10761F02BE962A2D47761F02BD300F562F0745761F02BE9204761F02D190
:201360009406761F02FD0EA92D101E42124500F11E43761F02BE932A761F02BD9FA99704F9
:20137000761F02FD9210761F02BD9CF654046308761F02FD9210761F02BD9CF696049A0A24
:20138000761F02FD9E10761F02BD540465089A0A761F02FD9E10761F02BD96049204761FF3
:2013900002BE960C640792136044761F02BD92046040FF5C761F02BE960E761F02FD921013
:2013A000761F02BE9CF6540E6309761F02FD9210761F02BE9CF6960E6F05920E620356BF29
:2013B000010E761F02FD9210761F02BE9E0E761F01A29609761F02FD9210761F01A39CFFF6
:2013C0009609761F02BE921361092B13761F01A3180EFFFC180EFFF36F46761F01A3CC0E92
:2013D000FFFC5001960ECC0EFFF35008960E6F3B761F02BD9204761F02BE960E761F02FD24
:2013E0009210761F02BE9CF6540E6309761F02FD9210761F02BE9CF6960E6F05920E62035C
:2013F00056BF010E920E761F01A29609761F01A356BF0109761F02BE92135201610A56BF1D
:201400000113761F01A3180EFFFC180EFFF36F0B761F01A3CC0EFFFC5002960ECC0EFFF3FC
:201410005004960EFE8A0006FE04964102001E4428AC05E4761F02F43B01300E761F02F6AA
:20142000FF4985A95601001C761F02D18507761F02F656010026761F02F5922D0A2D5207EA
:20143000FFE000862B2D761F02F6061C761F02F5FF429633761F02F602001E1C0626761F10
:2014400002F5FF429635761F02F602001E269241761F02F59E35761F02F696051B05012C0F
:2014500065032805012C1B05FED463032805FED456BF640BFF6E2D0B330516AC9605761F10
:2014600002F592339E20761F02F696061B06012C65032806012C1B06FED463032806FED45F
:2014700056BF190B2D0B330616AC960654056504920596076F029607920E52016004920760
:2014800096092B0E2D0A761F02F41229761F02F6FF692D08761F02F4332A761F02F62D07A4
:20149000761F02F4564100AB121A761F02F61009761F02F4331C761F02F603AB81001E44A5
:2014A000562F0208CC441FFF9600920796091B0809C46503280809C4761F02F49225761F75
:2014B00002F65408650296089208960A761F02F42D2B761F02F61208761F02F5562F033FAC
:2014C000761F02F6920F761F02F5543F6302963F761F02F49225761F02F5543F6502963FE8
:2014D00028AC030D761F02F4300F761F02F6562F0501761F02F5923F761F02F69E01960215
:2014E000FF6E2D0D330216AC9602560301029E0496032D10FF69761F02F4332C761F02F603
:2014F0002D13761F02F4122D761F02F62D03761F02F4132E761F02F62D02560100AB761FF6
:2015000002F41224761F02F61004761F02F43323761F02F603AB81121E44562F0213CC4443
:201510001FFF96129211961092029604761F02D19216761F02F608A9FED454136309761FF6
:2015200002D19216761F02F608A9FED49613921363022B1392139611960C761F02F59622FD
:20153000525A630456BF01226F10761F02D19216761F02F59CA654226308761F02D1921602
:20154000761F02F59CA69622761F02D19216761F02F59E22761F01A19609FE840006FE0449
:20155000964102001E44761F02F592096109761F02F69208761F02F59631FFEF00B428ACBF
:2015600005E43B01300A761F02F6FF4985A956010022761F02D18507761F02F65601002098
:20157000761F02F5922E0A2E5207FFE0009C2B2E761F02F60622761F02F4FF429617761FE7
:2015800002F602001E220620761F02F4FF429619761F02F602001E209241761F02F49E198E
:20159000761F02F696051B05012C65032805012C1B05FED463032805FED4761F02F456BF0D
:2015A0006421FF6E2D21761F02F6330516AC9605761F02F49217761F02F59E1F761F02F6BF
:2015B00096061B06012C65032806012C1B06FED463032806FED4761F02F456BF10212D21F6
:2015C000761F02F6330616AC9606540565069205761F02F596306F04761F02F59630761FE0
:2015D00002F4921852016008761F02F592309632761F02F42B18761F02F52D36761F02F442
:2015E0001229FF69761F02F52D31761F02F4332A761F02F52D30761F02F4564100AB121A94
:2015F000761F02F51032761F02F4331C761F02F503AB813C1E44562F0231CC441FFF963C22
:20160000923096321B3109C46503283109C4761F02F49225761F02F5543165029631923155
:201610009636761F02F42D2B761F02F51231562F033D761F02F49222761F02F5543D6302B6
:20162000963D761F02F49225761F02F5543D6502963D28AC030D761F02F43010761F02F503
:20163000562F053E923D9E3E96373B01FF6E761F02F42D20761F02F5333716AC96375603FB
:2016400001379E3996382D3AFF69761F02F4332C761F02F52D3B761F02F4122D761F02F5AA
:201650002D38761F02F4132E761F02F52D37560100AB761F02F41224761F02F51039761F2C
:2016600002F4332303AB811D1E44761F02F5562F023B761F02F4CC441FFF961D921E761F71
:2016700002F5963A92379639761F02D19216761F02F508A9FED4543B6309761F02D19216D1
:20168000761F02F508A9FED4963B923B63022B3B923B761F02F4961E961F761F02F5962FC0
:20169000525A630456BF012F6F10761F02D19216761F02F59CA6542F6308761F02D1921687
:2016A000761F02F59CA6962F761F02D19216761F02F59E2F761F01A1960AFE840006FE04CD
:2016B000974296415202670492425202684B3B01761F02D18515761F02F65601002E761FEB
:2016C00002D18510761F02F65601002C761F02F592140A1452076017761F02F6062E761F1C
:2016D00002F5FF429613761F02F6062C761F02F5FF429615761F02F602001E2E1E2C761F28
:2016E00002F52B14920961059234964396446F0E921554136306923496439C6496446F0658
:2016F00092349C6496439234964492415202680492437640941492425202680492447640B5
:20170000954FFE840006FE0AA046A844974296417670D6DD5200613A2D423B01124DFF4DF7
:20171000964708A902BC9648924708A9FD44964992485441640492495441650B924E1BA98A
:20172000015E63071BA9FEA2650456BF014A6F022B4A924A5201600D8A462BC48A4492C44E
:20173000521E67030AC46F798A5056BF01C46F758A442BC48A46761F02AC923654C4690355
:201740000AC46F6B8A502BC46F6892411BA901F463041BA9FE0C62071BA90F6E62041BA9AC
:20175000F0926316924E1BA9015E63121BA9FEA2650F8A44761F02AC922E54C469030AC40B
:201760006F138A5056BF01C48A462BC46F0D8A442BC48A46761F02AC923654C469030AC40E
:201770006F038A502BC4761F02D029010E18FF469647524C630356BF4C478A5492C45441D0
:201780006304924196C46F078A5692C454416503924196C483548A5692C59EC41BA901901A
:201790006207924E524662041BA9FFBA630A8A522BC48A54924196C48A56924196C46F0DA9
:2017A0008A520AC492C4544765088A5056BF01C48A462BC48A522BC4FE8A0006FE047C4394
:2017B00097429641520161055201610352016010761F02F8430A6D151A0A0008761F02F025
:2017C0001A100008761F02F01A0200016F0A761F02F8CC0A0008FFC252016003180AFFF7BE
:2017D000FE840006FE08A046A844974296413B0185A9FF561BA901F464068541FF561BA928
:2017E0000F6E6513854CFF561BA9015E630E761F02AC922E54C469030AC46F128A4E56BF77
:2017F00001C48A462BC46F0C2BC48A46761F02AC923654C469030AC46F038A4E2BC4761FF0
:2018000002D029010E28FF469647524C630356BF4C478A5292C454416304924196C46F07F7
:201810008A5492C454416503924196C483528A5492C59EC41BA9019062063B01854CFF56CF
:201820005246650A8A502BC48A52924196C48A54924196C46F0D8A500AC492C45447650842
:201830008A4E56BF01C48A462BC48A502BC4FE880006FE047C4397429641520161079242D2
:2018400052016104924352016010761F02F743016D151A010008761F02F01A100800761F73
:2018500002F01A0200016F0A761F02F7CC010008FFC2520160031801FFF7FE840006FE027F
:20186000761F0270920052016049761F02FF922A520560442901761F02708F3310CA560360
:20187000010B560100A4C5C43E67761F027058138F00A340969429018F3310CA5603010CE9
:20188000560100A4C5C43E67761F027058138F00A534969429018F3310CA560301025601A2
:2018900000A4C5C43E67761F027058138F00A728969429018F3310CA56030103560100A44E
:2018A000C5C43E67761F027058138F00A91C96940A131B13018068022B13761F0270920FEE
:2018B00060039A006F42921861099CFF96186004921A96186F039A006F38920060252B4119
:2018C0009241520463218F009C463B01A8A981418AA992C496426114560301428F3310CA8D
:2018D000560100A4C5C43E67761F027088A958078F00A340344101F4560100A47E940A4104
:2018E0009241520464E1761F02700A075C0788A40E0A0FA66009920A96082B0A2B072B0FC2
:2018F0002B099A016F029A00FE820006FE029641761F02D488288F00FFFFA8A90FA6611C76
:2019000088280E410FA6601828AC00068F00BC0C3029560100A42D2A9A01FF6698E49A01A8
:201910002D29761F02F0FF669802761F02D42828FFFF56BFFF2A88268F00FFFFA8A90FA6A3
:20192000611C88260E410FA6601828AC00068F00BC0C3025560100A42D279A01FF6698E4AF
:201930009A012D25761F02F0FF669802761F02D42826FFFF56BFFF27FE820006FE062B4538
:201940008F00BC30A8448F00BC0CA84206440F4268208A4292D461160ADC8A4292D454DCCB
:2019500066112BDC28AC00068F00BC0C3045560100A4761F02F09A011AE400012D45FF6660
:201960009802020607421E420A4506440F4267E2FE8600067622761F002A1A000001CC061B
:20197000F0FF1AA903009606CC06FFF050039606CC07FFE0500596071A0401FF1A0501FF75
:0A198000761AF6077700FF690006EB
:020000040033C7
:20000000FFFFB38000000001FFFFB38300000000FFFFB38600000000FFFFB387000000000B
:20001000FFFFB38800000000FFFFB38900000000FFFFB38A00000000FFFFB38C00000000E5
:20002000FFFFB38D00000000FFFFB39500000000FFFFB39600000000FFFFB39700000000AD
:20003000FFFFB39800000001FFFFB39A00000000FFFFB39C00000000FFFFB39E000000007F
:20004000FFFFB3A000000000FFFFB3A100000000FFFFB3A200000000FFFFB3A40000000055
:20005000FFFFB3A8000009C4FFFFB3AA00000000FFFFB3AC00001388FFFFB3AE00000000B8
:20006000FFFFB3AF00000000FFFFB3B0000012C0FFFFB3B200000000FFFFB3B70000000022
:20007000FFFFB3BB00000000FFFFB3BC00000000FFFFB3C800000000FFFFB3CB00000000A2
:20008000FFFFB3CD00000000FFFFB3D400000000FFFFB3D500000000FFFFB3D60000000050
:20009000FFFFB3D700000005FFFFB3D800000000FFFFB3D900000000FFFFB3DA0000000223
:2000A000FFFFB3DB00000002FFFFB3DC00000002FFFFB3DD00000002FFFFB3DE0000000202
:2000B000FFFFB3DF00000002FFFFB3E000000000FFFFB3E100000001FFFFB3E200000000E7
:2000C000FFFFB3E300000000FFFFB3E400000000FFFFB3E500000000FFFFB3E600000000CA
:2000D000FFFFB3E700000000FFFFB3E800000002FFFFB3E900000000FFFFB3EA00000000A8
:2000E000FFFFB3EB00000000FFFFB3EC00000000FFFFB3ED00000000FFFFB3EE000000008A
:2000F000FFFFB3EF00000000FFFFB3F000000002FFFFB3F100000000FFFFB3F20000000068
:20010000FFFFB3F300000000FFFFB3F400000000FFFFB3F500000000FFFFB3F60000000049
:20011000FFFFB3F700000000FFFFB3F800000000FFFFB3F900000000FFFFB3FC0000000027
:20012000FFFFB3FD00000000FFFFB3FE00000000FFFFB40200000000FFFFB40300000000F9
:20013000FFFFB40500000000FFFFB40800000000FFFFB40900000000FFFFB40B00000000C6
:20014000FFFFB40C00000000FFFFB40E00000000FFFFB40F00000000FFFFB413000000009B
:20015000FFFFB41800000000FFFFB41900000000FFFFB41A00000000FFFFB41E000000005E
:20016000FFFFB41F00000000FFFFB42200000000FFFFB42800000000FFFFB4290000000025
:20017000FFFFB42C00000000FFFFB42D00000000FFFFB42E00000000FFFFB45600000F417A
:20018000FFFFB45700000000FFFFB45800001B58FFFFB45900000001FFFFB45A00000000C1
:20019000FFFFB45B00000000FFFFB45C00000000FFFFB45D00000000FFFFB45E0000000015
:2001A000FFFFB45F00000000FFFFB46000000000FFFFB46100000000FFFFB46200000000F5
:2001B000FFFFB46300000000FFFFB46400000000FFFEB466000000000000FFFEB4680000D4
:2001C00000000000FFFEB46A000000000000FFFEB46E000000000000FFFEB470000003843D
:2001D0000000FFFEB472000000000000FFFEB474000000000000FFFEB476000000000000A0
:2001E000FFFEB478000000000000FFFEB47A000000000000FFFEB4DA000000000000FFFE23
:2001F000B4DC000000000000FFFEB4DE000000000000FFFEB4E0000000000000FFFEB4E2AC
:20020000000000000000FFFEB50E000000000000FFFFB8C000000000FFFFB8C10000000031
:20021000FFFFB8C200000000FFFFB8C400000000FFFFB8C500000000FFFFB8C700000000E4
:20022000FFFFB8C800000000FFFFB8C900000000FFFFB8CA00000000FFFFB8CB00000000C0
:20023000FFFFB8CF00000000FFFFB8D000000000FFFFB8D100000000FFFFB8D20000000094
:20024000FFFFB8D400000000FFFFB8D500000000FFFFB8D600000000FFFFB8D7000000056B
:20025000FFFFB8D800000000FFFFB8D900000000FFFFB8DA00000000FFFFB8DB0000000050
:20026000FFFFB8DC00000000FFFFB8DD00000000FFFFB8DE00000000FFFFB8DF0000000030
:20027000FFFFB8E000000000FFFFB8E100000000FFFFB8E200000000FFFFB8E30000000010
:20028000FFFFB8E400000000FFFFB8E500000000FFFFB8E600000000FFFFB8E700000000F0
:20029000FFFFB8E800000000FFFFB8E900000000FFFFB8EA00000000FFFFB8EB00000000D0
:2002A000FFFFB8EC00000000FFFFB8ED00000000FFFFB8EE00000000FFFFB8EF00000000B0
:2002B000FFFFB8F000000000FFFFB8F100000000FFFFB8F200000000FFFFB8F30000000090
:2002C000FFFFB8F400000000FFFFB8F500000000FFFFB8F600000000FFFFB8F70000000070
:2002D000FFFFB8F800000000FFFFB8F900000000FFFFB8FA00000000FFFFB8FB0000000050
:2002E000FFFFB8FC00000000FFE8B9060000001C000E001D00004B640030000E001C000D49
:2002F00000004E320030000B0016001C00004E6D003000120017000F00004FA20030FF18A6
:20030000B94000000000000000240024002400003F3800300000000100180019001F000080
:20031000438100300000000200180019000F000044000030000000030024000A000C0000E6
:20032000432600300000000400180019001C0000400E003000000005000C0011001C000017
:200330004069003000000006000B000C000C00003F62003000000007000C0011000C0000AA
:200340003FB8003000000008000B000A001D000042CB0030000000090024000C001F0000A7
:2003500044E3003000010000000F0015001F0000454B003000010001000B000C001F0000FA
:20036000447B003000010002000B001E001F000045B3003000010003000B000B001F0000E2
:2003700046110030000100040015000B0019000040C100300001000500180015001B000029
:2003800041180030000100060018001D001B0000416F0030000100070024000B0015000051
:20039000421D003000010008000B000F0019000041C6003000010009000B000E001900000F
:2003A0004274003000020000000F0019001000004683003000020001000E001C000D0000EA
:2003B00046DA0030000200020022000E000A000047310030000200030016001800170000AD
:2003C0004786003000020004000D000A0022000047DA00300002000500110018001E000042
:2003D000482E00300002000600160012001700004881003000020007001C000E000C0000E8
:2003E00048D40030000200080019000A0015000049270030FFFFBA40000005DCFFFFBA41FD
:2003F00000000000FFFFBA4200000000FFFFBA4300000000FFFFBA4400000000FFFFBA4AFA
:2004000000000065FFFFBA4B000002D0FFFFBA4F00000000FFFFBA50000007D0FFFFBA54B0
:2004100000000000FFFFBA5600000000FFFFBA5700000000FFFFBA5800000000FFFFBA5A8D
:2004200000000064FFFFBA5B000008FCFFFFBA5C00000064FFFFBA5D00000064FFFFBA5E3A
:2004300000000064FFFFBA5F00000000FFFFBA6000000000FFFFBA6100000000FFFFBA62E6
:2004400000000000FFFFBA6300000000FFFFBA6400000226FFFFBA6500000366FFFFBA6699
:20045000000002BCFFFFBA6700000352FFFFBA68000002BCFFFFBA6900000564FFFFBA6AD0
:200460000000050AFFFFBA6B000001C2FFFFBA6C000002D0FFFFBA6D00000258FFFFBA6EEC
:200470000000023AFFFFBA6F00000000FFFFBA7000000000FFFFBA7100000000FFFFBA728E
:2004800000000000FFFFBA7300000000FFFFBA7600000000FFFFBA7700000000FFFFBA78A4
:2004900000000000FFFFBA79000001F4FFFFBA7A00000000FFFFBA7B00000000FFFFBA7D8C
:2004A00000000000FFFFBA7E00000000FFFFBA7F00000BB8FFFFBA8000000000FFFFBA829A
:2004B00000000000FFFFBA8300000000FFFFBA8400000000FFFFBA8500000BB8FFFFBA8677
:2004C00000000000FFFFBA8800000000FFFFBA8A00000000FFFFBA8B00000000FFFFBA8C13
:2004D00000000000FFFFBA8D00000000FFFFBA8E00000000FFFFBA9000000000FFFFBA91F0
:2004E00000000000FFFFBA9200000000FFFFBA9300000000FFFFBA9400000000FFFFBA95CE
:2004F00000000000FFFFBA9800000000FFFFBA9A00000001FFFFBA9B00000000FFFFBA9CA2
:2005000000000032FFFFBA9D00000000FFFEBAAC000075300000FFFEBAAE000000000000E7
:20051000FFFEBAB0000000000000FFFEBAB2000000000000FFFEBAB4000000000000FFFE93
:20052000BAB6000000000000FFFEBAB8000000000000FFFEBABA000000000000FFFEBABCF8
:20053000000000000000FFFEBABE000000000000FFFFBAC000000000FFFFBACF0000000037
:20054000FFFFBADE00000000FFFFBAED00000000FFFFBB0000000000FFFFAF400000003288
:20055000FFFFAF4100000000FFFFAF4200000032FFFFAF4400000000FFFFAF450000000297
:20056000FFFFAF4600000000FFFFAF4700000000FFFFAF4800000000FFFFAF490000001297
:20057000FFFFAF4A00000032FFFFAF4B00000000FFFFAF4C00000000FFFFAF4D0000000057
:20058000FFFFAF4E00000100FFFFAF4F000000CDFFFFAF5000000100FFFFAF51000001F4A5
:20059000FFFFAF5200000B40FFFFAF5300000000FFFFAF5400000000FFFFAF5500000030CE
:2005A000FFFFAF5600000000FFFFAF5700000000FFFFAF5800000000FFFFAF590000000029
:2005B000FFFFAF5A00000000FFFFAF5B00000004FFFFAF5C00000104FFFFAF5D0000000000
:2005C000FFFFAF62000005C5FFFFAF6500000032FFFFAF6600000ED8FFFFAF6700000005EC
:2005D000FFFFAF6800000ED8FFFFAF6900000000FFFFAF6A000007D0FFFFAF6B00000032C2
:2005E000FFFFAF6C00000104FFFFAF6D00000005FFFFAF6E00000104FFFFAF6F0000021C64
:2005F000FFFFAF70000004B0FFFFAF7100000005FFFFAF7200000018FFFFAF73000000C8D8
:20060000FFFFAF7800000000FFFFAF7A00000000FFFFAF7D00000064FFFFAF7E00000000D5
:20061000FFFFAF7F00000000FFFFAF800000012CFFFFAF8200000000FFFFAF8500000000E3
:20062000FFFFAF8600000000FFFFAF8800000000FFFFAF8900000000FFFFAF8B00000000E4
:20063000FFFFAF8F00000000FFFFAF9200000000FFFFAF960000056BFFFFAF9700000064D4
:20064000FFFFAF9E00000000FFFFAFAC0000FD80FFFFAFAD00000280FFFFAFAE0000003012
:20065000FFFFAFB00000012CFFFFAFB30000001DFFFFAFB4000000C5FFFEAFC000000000F1
:200660000000FFFEAFC2000000000000FFFEAFC6000000000000FFFEAFC800000000000026
:20067000FFFEAFCA000000000000FFFEAFCC000000000000FFFEAFCE000000000000FFFE05
:20068000AFD0000000000000FFFEAFD6000000000000FFFEAFD8000000000000FFFEAFDA4F
:20069000000000000000FFFEAFDC000000000000FFFEAFDE000000000000FFFFBD0D000070
:2006A0000000FFFFBD1400000000FFFFBD1500000000FFFFBD1600000000FFFFBD180000F7
:2006B0000001FFFFBD1B00000E10FFFFBD2200000000FFFFBD250000FF9CFFFFBD280000FA
:2006C0000000FFFFBD2F00000032FFFFBD3000000001FFFFBD3100000032FFFFBD35000004
:2006D0000000FFFFBD3600000000FFFFBD3700000001FFFFBD3800000000FFFFBD3900003F
:2006E0000000FFFFBD3A00000000FFFFBD3B00000000FFFFBD3C00000000FFFFBD3D000020
:2006F0000000FFFFBD3E00000000FFFFBD3F00000000FFFFBD4000000000FFFFBD41000000
:200700000005FFFFBD4300000000FFFFBD4400000000FFFFBD4500000000FFFFBD460000D6
:200710000040FFFFBD4700000080FFFFBD4800000000FFFFBD4900000000FFFFBD4B0000FA
:200720002710FFFFBD4D00000000FFFFBD4E00000000FFFFBD4F00000000FFFFBD5000005C
:200730000000FFFFBD5100000001FFFFBD5200000000FFFFBD5300000000FFFFBD54000072
:200740000000FFFFBD5500000000FFFFBD57000003B6FFFFBD5800000001FFFFBD59000096
:200750000000FFFFBD5A00000001FFFFBD5B00001388FFFFBD5C000010CCFFFFBD5D0000B7
:200760000384FFFFBD5E00000000FFFFBD6100000000FFFFBD6300000000FFFFBD6600007E
:200770000001FFFFBD7400000E10FFFFBD8E00000001FFFFBD8F00000000FFFFBD94000038
:2007800003CAFFFEBD9A0000000A000AFFFEBD9C000000000000FFFFBD9E00000000FFFE78
:20079000BDA2000000000000FFFFBDA400000000FFFEBDA8000003E80000FFFEBDAA0000DA
:2007A00003E80000FFFEBDAC000000000000FFFEBDAE000000000000FFFEBDB00000000016
:2007B0000000FFFEBDB4000000000000FFFFC0400000021CFFFFC041000001CCFFFFC042D3
:2007C00000000004FFFFC043000001A4FFFFC044000001CCFFFFC04500000002FFFFC04697
:2007D0000000000AFFFFC0470000000AFFFFC04800000000FFFFC04900000000FFFFC04ADB
:2007E000000001CCFFFFC04B0000001EFFFFC04C00000000FFFFC04D00000000FFFFC04EE4
:2007F00000000000FFFFC04F00000000FFFFC05000000000FFFFC05100000000FFFFC052AF
:2008000000000000FFFFC05300000000FFFFC05400000001FFFFC055000001B8FFFFC056D4
:2008100000000000FFFFC05700000000FFFFC05800000000FFFFC059000000C8FFFFC05AA6
:2008200000000000FFFFC05B00000000FFFFC05C00000000FFFFC05D00000000FFFFC05E4E
:2008300000000000FFFFC05F00000000FFFFC06000000000FFFFC06100000000FFFFC0622E
:2008400000000000FFFFC06300000000FFFFC06400000000FFFFC0650000021CFFFFC066F0
:200850000000021CFFFFC06700000000FFFFC06800000000FFFFC06900000000FFFFC06AD0
:2008600000000000FFFFC06B00000000FFFFC06C00000000FFFFC06D00000000FFFFC06ECE
:2008700000000000FFFFC06F00000000FFFFC07000000000FFFFC07100000800FFFFC073A5
:2008800000000000FFFFC07400000000FFFFC07500000000FFFFC07600000000FFFFC0778A
:2008900000000000FFFFC07800000000FFFFC07900000000FFFFC07A00000000FFFFB700EE
:2008A00000000000FFFFB70100000000FFFFB70200000000FFFFB70300000000FFFFB70757
:2008B00000000000FFFFB70800000000FFFFB70E00000000FFFFB70F00000000FFFFB7101F
:2008C00000000000FFFFB71200000000FFFFB71300000000FFFFB71600000000FFFFB718F1
:2008D00000000000FFFFB72900000000FFFFB72A00000000FFFFB72B00000000FFFFB72D89
:2008E00000000000FFFFB72E00000000FFFFB72F00000000FFFFB73000000000FFFFB73166
:2008F00000000000FFFFB73200000000FFFFB73300000000FFFFB73400000000FFFFB73546
:2009000000000000FFFFB73600000000FFFFB73800000000FFFFB73900000000FFFFB73C20
:2009100000000000FFFFB73D00000000FFFFB73E00000000FFFFB73F00000000FFFFB740F9
:2009200000000001FFFFB74100000000FFFFB74200000000FFFFB74300000000FFFFB744D8
:2009300000000000FFFFB74500000000FFFFB74600000000FFFFB74700000000FFFFB748B9
:2009400000000000FFFFB7490000000CFFFFB74A00000000FFFFB74B00000000FFFFB74C8D
:2009500000000000FFFFB74F00000000FFFFB75000000000FFFFB75200000000FFFFB75969
:2009600000000000FFFFB75C00000000FFFFB75F00000000FFFFB76000000002FFFFB78600
:2009700000000000FFFFB79200000000FFFFB79E00000000FFFFB80000000000FFFFBFC09A
:2009800000000000FFFFBFC100000001FFFFBFC200000000FFFFBFC300000002FFFFBFC456
:2009900000000000FFFFBFC500000000FFFFBFC600000000FFFFBFC700000000FFFFBFC839
:2009A00000001388FFFFBFC900000000FFFFBFCA00000000FFFFBFCB00000000FFFFBFCC7E
:2009B0000000FFFFFFFFBFCD00000000FFFFBFCE00000000FFFFBFCF00000001FFFFBFD0FA
:2009C00000000000FFFFBFD100000000FFFFBFD200000000FFFFBFD300000000FFFFBFD4D9
:2009D00000000000FFFFBFD500000001FFFFBFD600000000FFFFBFD700000000FFFFBFD8B8
:2009E00000000000FFFFBFD900000000FFFFBFDA00000000FFFFBFDB00000000FFFFBFDC99
:2009F00000000000FFFFBFDD00000000FFFFBFDE00000000FFFFBFDF00000000FFFFBFE079
:200A000000000000FFFFBFE100000000FFFFBFE200000000FFFFBFE300000000FFFFBFE458
:200A100000000000FFFFBFE500000000FFFFBFE600000000FFFFBFE700000000FFFFBFE838
:200A200000000000FFFFBFE900000000FFFFBFEA00000000FFFFBFEB00000001FFFFBFED16
:200A300000000000FFFFBFEE00000000FFFFBFEF00000000FFFFBFF000000000FFFFBFF1F4
:200A400000000000FFFFBFF200000000FFFFBFF300000000FFFFBFF400000001FFFFBFF5D3
:200A500000000000FFFFBFF600000000FFFFC00000000000FFFFBDC000000000FFFFBDC21D
:200A600000000800FFFFBDC800001450FFFFBDC9000003E8FFFFBDCA000013ECFFFFBDCB0E
:200A70000000128EFFFFBDCC00000800FFFFBDCD00000800FFFFBDCE00000A8CFFFFBDCFFE
:200A800000000384FFFFBDD0000012F2FFFFBDDD00000AF0FFFFBDE300000000FFFFBDE471
:200A900000000000FFFFBDE500000000FFFFBDE600000000FFFFBDE700000000FFFFBDE8C0
:200AA00000000000FFFFBDE900000000FFFFBDEA00000000FFFFBDEB00000000FFFFBDECA0
:200AB00000000000FFFFBDED00000000FFFFBDEE00000000FFFFBDEF00000000FFFFBDF080
:200AC00000000000FFFFBDF100000000FFFFBDF300000001FFFFBDF400000000FFFFBDF958
:200AD00000000001FFFFBDFA00000000FFFFBDFB00000000FFFFBDFC00000000FFFFBDFD2B
:200AE00000000000FFFFBE0800000000FFFFBE0B00000800FFFFBE0C00000800FFFFBE0EC9
:200AF00000000800FFFFBE1500000000FFFFBE1E0000128EFFFFBE1F00001450FFFFBE2078
:200B0000000012F2FFFFBE21000013ECFFFFBE22000005DCFFFFBE2300000A50FFFFBE241D
:200B100000000640FFFFBE25000009ECFFFEBE26000000000000FFFFBE2800000000FFFFE6
:200B2000BE2B00000000FFFFBE2E00000000FFFFBE3100000000FFFFBE3400000000FFFF07
:200B3000BE3700000000FFFFBF4100000000FFFFBF4500000000FFFFBF46000001F4FFFFBA
:200B4000BF4700000000FFFFBF4800000000FFFFBF4900000000FFFFBF4A00000000FFFF7F
:200B5000BF4B000000C8FFFFBF4C00000000FFFFBF4D0000FFFFFFFFBF4E00000000FFFF99
:200B6000BF4F00000000FFFFBF5000000F41FFFFBF5100000000FFFFBF5200000001FFFFEE
:200B7000BF5300000000FFFFBF540000003CFFFFBF55000001E0FFFFBF56000007D0FFFF2B
:200B8000BF5700000000FFFFBF5800000BB8FFFFBF5900000000FFFFBF5A00000000FFFF3C
:200B9000BF5B00000000FFFFBF5C00000000FFFFBF5D00000000FFFFBF5E00000000FFFFDF
:200BA000BF5F00000000FFFFBF6000000001FFFFBF6200000000FFFFBF6300000000FFFFBC
:200BB000BF6400000000FFFFBF6500000000FFFFBF6600000000FFFFBF67000006A4FFFFF1
:200BC000BF6800000000FFFFBF6A00000000FFFFBF7300000000FFFFBF7400000000FFFF68
:200BD000BF7500000000FFFEBF7A000000000000FFFEBF7C000000000000FFFEBF7E000029
:200BE00000000000FFFEBF80000000000000FFFEBF82000000000000FFFEBF84000000003B
:200BF0000000FFFEBF86000000000000FFFEBF88000000000000FFFF9C0000000000FFFFC7
:200C00009C0100000000FFFF9C0200000058FFFF9C0300000057FFFF9C04000028A7FFFFE4
:200C10009C0500000000FFFF9C06000008FCFFFF9C0700000000FFFF9C0800000000FFFF3E
:200C20009C0900000000FFFF9C0A00000000FFFF9C0B00000028FFFF9C0C00000061FFFF99
:200C30009C0F00000000FFFF9C1000000000FFFF9C1100000000FFFF9C1200000000FFFFFA
:200C40009C1300000000FFFF9C1400000000FFFF9C1500000000FFFF9C1600000000FFFFDA
:200C50009C1700000000FFFF9C1800000001FFFF9C1900000000FFFF9C1A00000000FFFFB9
:200C60009C1B000001C2FFFF9C1C0000002EFFFF9C1D00000783FFFF9C2600000000FFFF17
:200C70009C2700000000FFFF9C2800000000FFFF9C2900000000FFFF9C2A00000000FFFF5A
:200C80009C2C00000000FFFF9C2D00000000FFFF9C2E00000001FFFF9C3500000000FFFF2F
:200C90009C3600000000FFFF9C3700000000FFFF9C4300000000FFFC9C46000000000000E7
:200CA00000000000FFF09C5000000000102120423063408450A560C670E781089129A14ACF
:200CB000B16BC18CD1ADE1CEF1EFFFFFBE4000000000FFFFBE4100000000FFFEBE420000B8
:200CC00000000000FFFEBE44000000000000FFFEBE46000000000000FFFEBE480000000011
:200CD0000000FFFEBE4A000000000000FFFEBE4C000000000000FFFEBE4E000000000000EF
:200CE000FFFEBE50000000000000FFFEBE52000000000000FFFEBE54000000000000FFFED0
:200CF000BE56000000000000FFFEBE58000000000000FFFEBE5A000000000000FFFEBE5C91
:200D0000000000000000FFFEBE5E000000000000FFFEBE60000000000000FFFCBE62000084
:200D10000000000000000000FFFCBE6600000000000000000000FFF9BE6A0000001600016D
:200D200000010006000000000000FFF9BE7100000016000100010006000000000000FFFF69
:200D3000BE7800000000FFFFBE8000000000FFFFBE8700000000FFFFBE8E00000000FFFFA6
:200D4000BE9500000000FFFFBEC100000000FFFFBEC600000000FFFFBEC700000000FFFFC0
:200D5000BEC800000000FFFFBEC900000000FFFFBECA00000000FFFFBECB00000000FFFF6D
:200D6000BECC00000000FFFFBECD00000000FFFFBECE00000400FFFFBED900000000FFFF3F
:200D7000BEDD00001F40FFFFBEDE00000000FFFFBEDF00000000FFFFBEE000000000FFFE9B
:200D8000BEF4000000000000FFFEBEF6000000000000FFFEBF02000000000000FFFEBF0472
:200D900000001F400000FFFEBF06000000000000FFFEBF0800001F400000FFFEBF0A000039
:200DA0001F400000FFFEBF0C000000000000FFFEBF0E000000000000FFFEBF100000000076
:200DB0000000FFFEBF14000000000000FFFEBF1600001F400000FFFEBF180000000000004E
:200DC000FFFEBF1A000000000000FFFFC0C2000028A7FFFFC0C300000000FFFFC0C40000EB
:200DD00028A7FFFFC0CA00000019FFFFC0CE00000000FFFFC0CF000028A7FFFFC0D000001D
:200DE0000019FFFFC0D1000000FAFFFFC0D20000004BFFFFC0D400000000FFFFC0D5000051
:200DF0000000FFFFC0D700000000FFFFC0D800000000FFFFC0D900000000FFFFC0DA000089
:200E00000000FFFFC0DB00000000FFFFC0DC00000000FFFFC0DD00000000FFFFC0DE000068
:200E10000000FFFFC0DF00000000FFFFC0E000000000FFFFC0E100000000FFFFC0E2000048
:200E20000280FFFFC0E700000F41FFFFC0EA00000011FFFFC0EB00000008FFFFC0F3000020
:200E30000078FFFEC0FA000000000000FFFEC0FC000000000000FFFEC102000000000000FA
:200E4000FFFFAB4000000B22FFFFAB41000005DCFFFFAB4200000000FFFFAB4300000000DA
:200E5000FFFFAB440000021CFFFFAB4500000000FFFFAB46000001A4FFFFAB470000021CE7
:200E6000FFFFAB4800000000FFFFAB4900000001FFFFAB4A00000000FFFFAB4B00000000A7
:200E7000FFFFAB4C00000000FFFFAB4D00000000FFFFAB4E00000010FFFFAB4F0000000078
:200E8000FFFFAB5000000000FFFFAB5100000000FFFFAB5200000000FFFFAB530000000068
:200E9000FFFFAB5400000000FFFCAB5600000303003103500031FFFCAB5A000003760031E4
:200EA00003EC0031FFFFC14000000000FFFFC14500000000FFFFC14700000155FFFFC148AC
:200EB0000000024FFFFFC1490000000AFFFFC14A00000006FFFFC14B00000006FFFFC14C95
:200EC0000000024FFFFFC14D0000040AFFFFC14E000006EEFFFEC164000000000000FFFE87
:200ED000C166000000000000FFFEC168000000000000FFFEC16A000000000000FFFEC16C63
:200EE000000000000000FFFEC16E000000000000FFFEC170000000000000FFFEC172000068
:200EF00000000000FFFEC17C000000000000FFFEC17E000000000000FFFFAB28000000C0DB
:200F0000FFFFAB2900000080FFFFAB2A00000140FFFFAB2B00000100FFFFAB2C0000004081
:200F1000FFFFAB2D00000180FFFFAB2E00000060FFFFAB2F00000064FFFFAB3000000064BA
:200F2000FFFFAB3100000000FFFFAB3200000000FFFFAB3300000000FFFFAB3400000096AD
:200F3000FFFFAB3500000001FFFFAB3600000300FFFFAB3700000000FFFFAB38000000001F
:200F4000FFFFAB3900000000FFFFAB3A00000000FFFFB52500000000FFFFB5260000FFFF1D
:200F5000FFFFB527000000FFFFFFB5280000FFFFFFFFB52900000000FFFFB52A000000FF17
:200F6000FFFFB18000000000FFFFB18100000000FFFFB18200000000FFFFB18300000000AF
:200F7000FFFFB18400000000FFF0B36E000000FF0000000100000002000000010000000318
:200F80000000000100000002000000010000FFFFB54200000000FFFFB54300000000FFFF64
:200F9000B54400000000FFFFB54500000000FFFFBF8C00000000FFFFBF8D00000000FFFFBF
:200FA000BF8E00000000FFFFBF8F00000000FFFFB52C00000001FFFEB52E000000000000D8
:200FB000FFFEB530000000000000FFFEAB3C00001F870031FFFEAB3E00001F870031FFFFC9
:120FC000B51C00000000FFFFAB3B00000000000000006A
:200FCA00136C0031136C0031136C0031136C0031136C0031136C0031136C0031136C003187
:200FDA00136C0031136C0031136C0031136C0031136C003112270031122C0031123100313A
:200FEA0012360031123B00311240003112450031124A0031124F0031125400311259003193
:200FFA00125E00311263003112680031126D00311272003112770031127C00311281003143
:20100A0012860031128B0031137100311290003112950031129A0031129F003112A4003129
:20101A0012A9003112AE003112B3003112B8003112BD003112C20031137100311371003179
:20102A0012C7003112CC003112D1003112D6003112DB003112E000311371003113710031B5
:20103A0012E5003112EA003112EF003112F400311371003113710031137100311371003104
:20104A0012F9003112FE0031137100311371003113710031137100311371003113710031CB
:20105A001303003113080031130D00311312003113170031131C00311321003113260031B2
:20106A001371003113710031137100311371003113710031137100311371003113710031BE
:20107A00132B00311330003113710031137100311371003113710031137100311371003135
:20108A0013350031133A0031133F00311344003113490031134E00311353003113580031F2
:20109A0013710031137100311371003113710031137100311371003113710031137100318E
:2010AA0013710031137100311371003113710031137100311371003113710031137100317E
:2010BA00135D00311362003113710031137100311371003113710031137100311371003191
:2010CA00EE290030EE210030EE780030EE110030EE800030EE050030EE090030EE1900309C
:2010DA00EDF50030EDE90030EE150030EDF90030EDFD0030EE010030EE010030EE310030EE
:2010EA00EE350030EE740030EE700030EE680030EE1D0030EDED0030EDF10030EE0D00306F
:2010FA00EE2D0030EE250030EE7C0030EEF80030EEEA0030EF060030EECE0030EF1400304C
:20110A00EEB90030EEC00030EEDC0030EE9D0030EE880030EED50030EEA40030EEAB003037
:20111A00EEB20030EEB20030EEE30030EE390030EE400030EE8F0030EE960030EEC7003019
:20112A00EEFF0030EEF10030EF0D0030E0D80030E0E00030E0E80030E0F00030E0F8003075
:20113A00E1000030E1080030E0DC0030E0E40030E0EC0030E0F40030E0FC0030E10400306A
:20114A00E10C003014E500300BC500310BC900310BCD00310BD100310BD500310BD90031FD
:20115A000BDD00310BE100310BE500310BE9003114E5003014E500300B7800310B7C00313B
:20116A000B8300310B8700310B8B00310B8F00310B9300310B9700310B9B00310B9F0031FD
:20117A000BAD00310BB100310BD100310BB50031C10600300BB900310BBD00310BC100319F
:20118A00EFA80030EFAC0030EFB00030EFB40030000300510031000D00000000000000007F
:20119A0000000000000000000000000002FB0030000300510032000D000000000000000075
:2011AA00000000000000000000000000072E0030000300520054000D00000000000000000A
:2011BA0000000000000000000000000012C4003000050051004200420053000D00000000D5
:2011CA000000000000000000000000000CB4003000050051004200520053000D00000000CB
:2011DA000000000000000000000000000EA9003000050051004200540053000D00000000C2
:2011EA000000000000000000000000000F1B003000050051004200440053000D000000004F
:2011FA0000000000000000000000000011230030001100570054002A00000000000000008B
:20120A0000000000000000000000000013AA00300002005100330000000000000000000051
:20121A000000000000000000000000000B27003000020051004400000000000000000000BB
:20122A000000000000000000000000000C65003000010054000000000000000000000000AE
:20123A0000000000000000000000000014E70030000C004900560045004D00480056004945
:20124A000041005000310031000D0000315200300D7F0D680D500D370D1E0D040CE90CCE24
:20125A000CB30C970C780C5D0C3F0C210C030BE40BC40BA40B840B630B420B210AFF0ADDCB
:20126A000ABB0A990A760A530A300A0D09E909C609A3097F095C0938091508F108CE08AB93
:20127A00088708640842081F07FC07DA07B80796077407530732071106F006D006B0069169
:20128A00067206530634061605F805DA05BD05A105840568054D0532051704FD04E304C989
:20129A0004B00498047F0467045004390422040C03F603E103CC03B803A30390037D036AA2
:2012AA0003570345033303220311030002F002E002D102C102B202A402960288027A026D3F
:2012BA00026002530247023B022F02240218020D020201F801EE01E401DA01D001C701BD54
:2012CA0001B401AC01A3019A0193018B0183017B0174016C0165015E015701500149014365
:2012DA00013C01360130012B0124011F01190114010E0109010400FF00FA00F500F00DCFD7
:2012EA000DB60D9D0D830D690D4D0D310D140CF70CD80CB80C990C790C570C350C130BEF26
:2012FA000BCC0BA70B820B5C0B360B0F0AE80AC10A990A700A480A1E09F509CC09A20978A9
:20130A00094E092408FA08D008A6087C08530829080007D607AD0785075C0734070C06E5E6
:20131A0006BE069C0672064C0628060305DF05BC0599057605550534051304F304D404B55B
:20132A0004970479045C04400425040903EF03D503BC03A3038B0373035C03460330031B85
:20133A00030602F202DE02CB02B802A6029402820271026102510241023202240215020787
:20134A0001F901EC01DF01D301C701BB01B001A5019A018F0185017B01710168015F01564E
:20135A00014D0145013C0134012D0125011D0116010F0108010100FB00F50F7E0F770F7047
:20136A000F690F620F5A0F520F490F400F370F2E0F240F1A0F0F0F040EF80EED0EE00ED428
:20137A000EC70EB90EAB0E9D0E8E0E7F0E6F0E5F0E4E0E3D0E2B0E190E060DF30DE00DCB60
:20138A000DB70DA20D8C0D760D5F0D480D300D180D000CE70CCD0CB30C990C7E0C620C460A
:20139A000C2A0C0E0BF10BD30BB60B980B790B5A0B3B0B1C0AFD0ADD0ABD0A9C0A7C0A5B09
:2013AA000A3A0A1909F809D709B60994097309510930090E08ED08CC08AA0889086808478E
:2013BA000826080507E507C407A40784076407450726070606E806C906AB068D066F06522C
:2013CA000635061905FC05E005C505A9058F0574055A05400527050E04F504DD04C504AD07
:2013DA000496047F04690453043E0428041303FF03EB03D703C300000000000000000000FD
:2013EA000000000000000000000000000000000000000000000000000000000000000000E3
:2013FA000000000000000000000000000000000000000000000000000000000000000000D3
:20140A000000000000000000000000000000000000000000000000000000000000000000C2
:20141A000000000000000000000000000000000000000000000000000000000000000000B2
:20142A000000000000000000000000000000000000000000000000000000000000000000A2
:20143A00000000000000000000000000000000000000000000000000000000000000000092
:20144A0000000000000000000000000000000000AAAA0000006000610062006700660064DA
:20145A00006500580059005A005F005E005C005D005000510052005700560054005500083B
:20146A00000C000E000F000A0009000D00100014001600170012001100150020002100222D
:20147A00001F001E001C001D00280029002A0027002600240025003000310032002F002EDB
:20148A00002C002D36A200303759003036C4003037590030385B00303759003038780030D4
:20149A003759003036F0003037590030371900303759003036F000303774003036F0003095
:2014AA0037A1003036F000303807003036F0003037B8003036F000303733003038B40030D4
:2014BA003911003038D200303910003038F100303910003008FC138801A401CC0234021CAE
:2014CA00025801CC021C012C0000000000000000000000000000000100010001000100008C
:2014DA000001000000000000FFFF01A400FA0000000A000A001E0001005000001F40AAAA1E
:2014EA000000003F0006005B004F0066006D007D0007007F006F0077007C0039005E0079AB
:2014FA000071003D00760030001E0070003800540037003F007300670070006D0078003E81
:20150A000062001C0064006E005B00000800080008000800000000000800080008000800D6
:20151A000800000000000000000000000012000008000800080008000800FFFFFFFFFFFF75
:20152A00FFFFFFFFAAAA000039E1003039FE00303A2000303A5200303AB500303AE70030EA
:20153A003B1900303B4800303B7700303B9900304C4000304C7B00304CB600304CF1003022
:20154A004D3900304D7400304DAF00304DEA0030001C001200100019000A001500030019B5
:20155A000001000300190002000300190003000A00100016000F0015000D001E001C000E8A
:20156A0000150012000B000C001E001D000C001C0018001C0017001E0018001C001800000B
:20157A004F3000304F5400304F7300304F8D003039C1003039D40030000200020000000264
:20158A0000030000000200040000001E001C000B001C001E000B001C000B001E0000000069
:20159A0000000000000000000000000A00190015001E0019001C0024000500000024000653
:2015AA000000000D0012001C000E0017000A000D0012001C000E0017000A000D0012001C12
:2015BA00000E0017000A000D0012001C000E0017000A000D0012001C000E0017000A000D01
:2015CA000012001C000E0017000A000D0012001C000E0017000A000D0012001C000E0017DA
:2015DA00000A001F000E001B000E001C000C000F001E0015000D000A0022001600180017A9
:2015EA000022000E000A001D0018001D000D000A00220016001800170022000E000A001D80
:0415FA000018001DB8
:2015FC005CE500305CF100305CFD00305D0900305D1500305D2500305D3700305D3B0030E2
:20160C005D3F00305D4300305D4700305D5C00305D7500305D8200305DA500305DCD0030C8
:20161C005E4500305E7200305E8D00305E9100305EA400305EB500305EC200305ED9003075
:20162C005F1E00305F4800305F5F00305FA000305FCA00305FE10030601E003060480030AE
:20163C00605F0030609C003060C6003060DD0030611A003061440030615B0030619C003017
:20164C0061C6003061DD0030621B003062C7003062DE0030631F00306349003063600030C2
:20165C0063A1003063CB003063D8003063E5003062450030625C0030629D00306507003069
:20166C00650700306507003063F7003064030030641A003064590030648300306497003028
:20167C0064CF003055DD00305CD900305CD90030566E0030569500305CD900305CD90030E6
:20168C005CD900305CD9003056BC003056E0003057220030573D003057580030576F00308A
:20169C00578A00305CD9003057A3003057BC00305CD9003057D3003057EA00305801003092
:2016AC005CD90030582F0030562000305846003058630030587E0030590100305977003013
:2016BC00599800305AC300305B61003059B3003059CA003059E100305A0400305A2700307C
:2016CC005A4600305A6C00305A8500305B0E0030581800305B2500305CD900305BA80030A8
:2016DC005BBF00305CD900305BD800305BE900305BFC00305C1700305C3200305C4F0030A5
:2016EC005C6400305C7800306598003065A4003065B0003065BC003065C7003065D6003027
:2016FC0065E5003065F4003065FF0030660A003066150030661A00306624003066290030C3
:207EFE00561F8D007029762228C00068761A9A00D55028A403AFF7A496858F40040028A4BF
:207F0E0003FFF7A496858F40800028A43FFFF7A496858F40C00028A43FFFF7A4968558A93C
:127F1E005DA95CA92BBD28BD0A0B7600761300711D7364
:027FFE0002255A
:020000040033C7
:20800000561F8D007029762228C00068761A9A00D55028A403AFF7A496858F40040028A4BB
:2080100003FFF7A496858F40800028A43FFFF7A496858F40C00028A43FFFF7A4968558A939
:128020005DA95CA92BBD28BD0A0B7600761300738ECB96
:168080003B108F337FFE1BC40225ED0476F37EFE762000738000FB
:2081000000000030800000008000003080000000000000318000000080000031800000009D
:20811000000000328000000080000032800000000000003380000000800000338000000085
:2081200000800040002000100008000400020001FE121E46A044A8428A56764084AE964D53
:208130005200EC03FFEF009E284D03E70642074619011E48C4428F300000A8A90FA6660DB0
:20814000C4488F33FFFFA8A90FA668070642FF0F00601E4A2B4E6F16C4428F380400A8A9A0
:208150000FA6660EC4488F3807FFA8A90FA668080642FF0A0E011E4A56BF104E6F039A0C44
:208160006F707640821976229A03F4A90A8D761A02011E5006460F50685C5C4E064AFF6994
:2081700076408290964B2B519251522D6728BE00761F030706000FA6EC03C5003E678A449A
:20818000924B1CA9FFFFCEC456B01F4DED188A4492C4544BEC148A44924BFF5ECAC4964CFB
:208190005D4E5C4C064A764082CE5C4E064A76408290964B0A519251522D68DA8A4492C460
:2081A000544BEC1C1B4D03E756B11E4D8A56924B96DCC5448A5692C796D4924EED088356CB
:2081B0008F300000A8A9074A1EC56F1383568F380400A8A9074A1EC56F0C020156010044A7
:2081C000074A1E4A020107501E5006460F5067A6FF697640820C1B4D03E7ED022B4D924D22
:2081D000FE920006FE06A84496418A44764084AE96465200EC03FFEF0095284603E718412B
:2081E00000FF9241ED049A14FFEF008C7640821976229A03F4A90A8D761A56BF07450E4596
:2081F0008F008000FF31560100A48344FF699A808AC4764083E79646520056B01846ED05FA
:2082000093450B455300EDEC9246ED5D2B4592455207665958458F0080209294CE41EC4D4F
:208210000E458F0080008F408002FF31560100A40E45FF31560100A58AC492C583447640CF
:20822000847B96465200ED130E458F0080008F408002FF31560100A40E45FF31560100A5B4
:208230008AC492C583447640838D96465200ED140E458F0080008F408002FF31560100A4EF
:208240000E45FF31560100A58AC492C58344764083E796466F120E458F0080008F40800203
:20825000FF31560100A40E45FF31560100A58AC492C58344764083E79246ED050A459245E8
:20826000520769A99246EC0A0E458F008000FF31560100A406C48A441EC47640820C9246A2
:20827000FE860006FE087C431E42764084F496477640850D964606427640825D96459A03BB
:20828000F4A90A919A0AF4A90A8C9A009B027640850092431AA90A0BF4A90A90FF201999A8
:208290007640850092431AA9020BF4A90A90FF2233337640850058458F000A9C9294964423
:2082A00092431AA90A0BF4A90A909A009B017640850028A90A0FF4A90A90FF2019997640C1
:2082B0008500761A924676408511F44770779244FE880006FE087D447C431E42764084F4DD
:2082C00096477640850D964606427640825D9A04F4A90A919A06F4A90A8B9A0BF4A90A8943
:2082D0009A03F4A90A8CF4430A8A9A009B027640850092441AA90A0BF4A90A902B45924357
:2082E000544568099A009B02764085000A459243544567F992441AA9020BF4A90A90FF2FDA
:2082F00015187640850092441AA90A0BF4A90A909A009B287640850028A90A0FF4A90A9068
:20830000FF20199976408500761A924676408511F4477077FE88000676227640823E9A0047
:20831000F4A90A81F5A90A90F004F4A90A90761A000676229A00F4A90A827640823E28A98A
:20832000AA55F4A90A8128A90E0DF4A90A909A009B0376408500761F03070600BE000FA668
:20833000EC03C5003E6728A90A0FF4A90A9028A94CCC9B0376408500761A00069A00F4A924
:208340000A91F4A90A94F4A90A98F4A90A99F4A90A9AF4A90A9BF4A90A92F4A90A89F4A93F
:208350000A8AF4A90A8BF4A90A8C9A0AF4A90A8828A90C0CF4A90A900006FE021E42762223
:2083600028A90A0FF4A90A908F000A9429010642FF4196C406429003FE82000676229A0010
:20837000F4A90A9128A90A0FF4A90A909A00F4A90A89F4A90A8AF4A90A8BF4A90A8CFF2015
:20838000199976408500761A000628A9FFFFF4A90A98F4A90A99F4A90A9AF4A90A9B000683
:20839000FE087C431E42764084F496477640850D964606427640825D964492431AA90A0B15
:2083A000F4A90A909A01F4A90A919A04F4A90A89FF2019997640850092431AA9020BF4A997
:2083B0000A9028A966669B017640850058448F000A9C9294964592431AA90A0BF4A90A90E9
:2083C0009A009B01764085007640826E924676408511F44770779245FE880006FE087D4416
:2083D0007C431E42764084F496477640850D964606427640825D96457640828558458F009E
:2083E0000A989243969492441AA90A0BF4A90A909A02F4A90A919A09F4A90A899A06F4A913
:2083F0000A8BFF2019997640850092441AA9020BF4A90A909A009B047640850092441AA9E2
:208400000A0BF4A90A909A009B01764085007640826E924676408511F4477077FE88000627
:20841000FE087C431E42764084F496477640850D964606427640825D964592431AA90A0B93
:20842000F4A90A909A05F4A90A91FF2019997640850092431AA9020BF4A90A909A009B0809
:208430007640850058458F000A9C9294964492431AA90A0BF4A90A90FF201999764085002F
:208440007640826E924676408511F44770779244FE880006FE087D447C431E42764084F4BA
:2084500096477640850D964606427640825D96457640828558458F000A98924396949244F3
:208460001AA90A0BF4A90A909A06F4A90A91F4A90A8BF4A90A899A00F4A90A8C9A009B0AA7
:208470007640850092441AA9020BF4A90A90FF2F03E87640850092441AA90A0BF4A90A909B
:208480009A009B01764085007640826E924676408511F4477077FE880006FE10A046964326
:20849000A842C4428F300000A8A90FA66611884306428F33FFFF0DA619011EA6A8A90FA636
:2084A00068070642FF0F00601E502B4D6F039A0C6F3D56BF16492B482B4B2B4A2B4C06504E
:2084B0005C4D764081729647BE00761F030706000FA6EC03C5003E671B47FFFFEC161B4A45
:2084C000138856B71649671806505C485D4D764081BA0A4B0A4A9248520A670B924B520FF2
:2084D00068082B4B0A486F050A4C020107501E509243544C66D57640826E9243544CED0505
:2084E0001B47FFFFED022B499249FE900006FE10A0469643A842284B03E7C4428F30000071
:2084F000A8A90FA6660DC4428F33FFFFA8A90FA668070642FF0F00601E4E2B4F6F039A0C04
:208500006F3856BF014856BF174A2B491B4907D06621064E5C4F764083109647BE00761F32
:20851000030706000FA6EC03C5003E679247EC08FF5E5D4F5CA9064E7640834A6F072B4A90
:208520000201074E1E4E0A486F050A491B4907D069E1924AEC061B4907D056B6174B6604F8
:208530009243544867D1924B5217EC022B4B924BFE900006FE0CA8467D431E42284B03E7F2
:208540002849000192435449682D2B4A924A522D671B5C4F0642764082909647761F030719
:208550000600BE000FA6EC03C5003E679247EC0CFF5E96485C485D4F0642764082CE0A4A3B
:20856000924A522D68E79247EC06924FED04284B00156F08064209011E420A49924354493E
:2085700067D5924B5215EC051BA903E7ED022B4B924BFE8C0006FE0CA0489645A844C44439
:208580008F300000A8A90FA66610884506448F33FFFF0DA619011EA6A8A90FA6680606447A
:20859000FF0F00601E4C6F039A0C6F1756BF4041064C5D458A487640843A56BF80418F40E0
:2085A00004008A48064C7640843A2B415D458A48064C7640843A9649FE8C0006AABD86A479
:2085B000764084ECAAA9EC0802008AA21EC48AA22BD48AA22BDC8F3FFFB91BC4FFFEEC037F
:2085C0009A0E6F14F5A9088252FAEC0A52EFED068F38009092C452EFEC039A0D6F07F5A93A
:2085D0000A88EC039A006F029A0A86BE0006B2BDAABD8BA486A9F5A9707718A9FFFEF4A9FD
:2085E00070777640850D764084ECAAC18F320000A8A9764085006FFA7622F5A9702950687E
:2085F000F4A97029761A0006FE02F5417077F5A9707718A9FFFEF4A970779241FE82000662
:20860000761F030787A956630002193456C40006FF43190156C2FFFF000676083B3092BEB2
:18861000000696BD76000006E8020030E80B3330000628A9021000061E
:20861C00FE0E02001E442B4556BF314B28AA303028AB3030A94E2B452B45924552506709A8
:20862C0058458F00C0402B940A459245525068F97640851996491BA90210EC027625FF6920
:20863C0076408514E2030048E8020030E80B3330E2AF0148E6940001AD14EC027625761FFE
:20864C0003002B02761F03012B00761F03002B012B00761F03009200ED04761F03012B004C
:20865C008F00C040FF6976738B0A9645761F03009201EC05920096452B012B009245ECEA21
:20866C00761F030192005253ED7392015244ED709202525FED6D9207523AED6A924B5233BB
:20867C00686756BF344B8F00C04892459CF776738ABB5201EDCF761F0301920F5230ED2272
:20868C0092458F00C0479CF95DA9064476738A0F5201EDC0761F030128AC00180E03563BD3
:20869C001E4E29012504984E994D56030805984E994D0E06984E994D5C4B064E76738ADBD8
:2086AC006FA95234ED1D8F00C04776738A011E44761F030128AC00180E03563B1E4E2901DD
:2086BC002504984E994D56030805984E994D0E06984E994D5C4B064E76738ADB6F8B5231D1
:2086CC00ED890E0328AC0018563B1E4E29012504984E994D56030805984E994D0E06984ED3
:2086DC00994D5C4B064E76738ADBFFEFFF7492005249ED2592015256ED2292025245ED1F2E
:2086EC009203524DED1C92045248ED1992055256ED1692065249ED1392075241ED109208C3
:2086FC005250ED0D92095231ED0A920A5234ED075C4B064E76738ADBFFEFFF4D92005249E7
:20870C00ED3592015256ED3292025245ED2F9203524DED2C92045248ED2992055256ED26A5
:20871C0092065249ED2392075241ED2092085250ED1D92095231ED1A920A5233ED179A286F
:20872C0076738BBF9A4176738BBF9A4376738BBF9A4B76738BBF9A0D76738BBF9AC876739F
:20873C008BCE76738C0AFFEFFF1692005249ED3592015256ED3292025245ED2F9203524D1E
:20874C00ED2C92045248ED2992055256ED2692065249ED2392075241ED2092085250ED1D9A
:20875C0092095231ED1A920A5232ED179A2876738BBF9A4176738BBF9A4376738BBF9A4BBC
:20876C0076738BBF9A0D76738BBF9AC876738BCE76738C1CFFEFFEDF92005249ED359201FE
:20877C005256ED3292025245ED2F9203524DED2C92045248ED2992055256ED2692065249B7
:20878C00ED2392075241ED2092085250ED1D92095231ED1A920A5231ED179A2876738BBF01
:20879C009A4176738BBF9A4376738BBF9A4B76738BBF9A0D76738BBF9AC876738BCE767320
:2087AC008C1CFFEFFEA89200523AED2292015265ED1F92025266ED1C92035268ED19924B67
:2087BC0052316816761F03002B029A028F00C006764080D29AFC8F00C006764080D256BFD6
:2087CC00324B5C4B064E76738ADBFFEFFE849200523AED1592015263ED1292025273ED0F9B
:2087DC0092035274ED0C924B5232680956BF334B5C4B064E76738ADBFFEFFE6D92005253EB
:2087EC00ED3F92015255ED3C9202524DED399A5376738BBF9A5576738BBF9A4D76738BBF29
:2087FC00761F0300CC02F000FFCB964A767389F876738BBF761F0300CC020F00FFC7964AA5
:20880C00767389F876738BBF761F0300CC0200F0FFC3964A767389F876738BBF761F030082
:20881C009202900F964A767389F876738BBF9A0D76738BBF9A0A76738BCEFFEFFE2C920022
:20882C005253ED1E92015256ED1B56BF364B5C4B064E76738ADB9A0F76738BCE9A0F7673DD
:20883C008BCE9A0F76738BCE9A0F76738BCE7622761F01C056BF2829761A77006FFF924B47
:20884C005232FFE8FE085C4B064E76738ADBFFEFFE02FE02964176256F00FE82FF69000695
:18885C0076256F00FF6900060201761F0300560100047700FF690006B1
:20886800FE047622761F01C056BF6829761A76222B1A56BF041B1A1C04001A1C08001A1C0B
:208878000020761ACC110008FFC25201EC169221900F520AEC1376221A110040CC21FFF0A9
:20888800500A9621761A921190015201EDFD76221811FFBF761A6F0276257622761F01BEB7
:20889800180DFFFBCC08FFCF50209608180DFFF71A0400C0CC08FF3F50809608761AFF6980
:2088A80076738C1C767388D796435200EC03764087558F0080008F73861CA8428F3381004B
:2088B800767389D28F00851C8F738868A8428F33861C767389D228AA01DF28ABF9DB761FBA
:2088C8000307A902761F03078F008760A800761F030002001E047640851CFE840006FE0283
:2088D8007622761FCE3D923B761F002B9620761FCE3D923C761F002B9621761FCE3D923DB1
:2088E800761F002B9622761FCE3D923E761F002B9623761FCE3D923F761F002B9624761F8F
:2088F800CE3E9200761F002B9625761FCE3E9201761F002B9626761FCE3E9202761F002BA2
:208908009627761A761FCFFF9238964192399641923A9641923B9641923C9641923D9641CA
:20891800923E9641923F9641761F002B402FEE039A006F029A0AFE82FF690006FE06964158
:208928005222690376256F005220683F7622560301412BAA28AB000108A9FFC12DA9A9A9B7
:20893800563BFF5A02011E4692419CF0FF802DA90646563B1E469246CAAB96469345CBAA63
:2089480097450646FF551E441E46761F01BE0644C016C1172BAA28AB000192419CE02DA9B3
:20895800A9A9563BFF5A92AB93AACA0A27A9CB0B2FA8A91A8F006FCEFF692D410201563BFF
:20896800764084D7761A6F64521068337622560301412BAA28AB000108A9FFE12DA9A9A9E9
:20897800563BFF5A02011E4692419CF0FF802DA90646563B1E469246CAAB96469345CBAA23
:2089880097450646FF551E441E46761F01BE0644C008C1092D410201563B980A990B8F0086
:208998006FC6FF690201563B764084D7761A6F307622560301412BAA28AB00019C012DA9FF
:2089A800A9A9563BFF5A02011E46560301412DA90646563B1E469246CAAB96469245CAAAE6
:2089B80096450646FF551E441E46761F01BE0644C006C1072D410201563B980A990B761A5A
:2089C8008F006FC6FF690201563B764084D7FE86FF690006B2BDFE04A044A842C44206443D
:2089D8000FA6690D8A429284A8428A4AC4A4DE01C24A96C4C44206440FA666F5FE848BBEDC
:2089E8000006FE02964152FFEC0A9A3A76738BBF924176738BBF9A0D76738BBFFE820006DE
:2089F800FE029641520969039C376F029C30FE820006FE04A8428A42DC0976738B900EA9D3
:208A08001E440644FF3F1E440644FE840006FE387D47A8461E442B772B778A46DC0176730C
:208A18008B7C96758A46DC0376738B900EA91E4A064A07441E4C2B766F1292769C0988A955
:208A280006460DA68AA976738B9058775CAD9B01DCB495A097779694087600045603017536
:208A3800547666EC8F338000A8A90F4C691A8F300000A8A90F4C661592758F00C0065DAD45
:208A4800FFC0A842DDB40EA98A4C764080285DADDDB48A4C9275FFC076738A9B96786F0324
:208A580056BF01789278FEB80006FE367D45A8441E422B752B758A44DC0176738B7C967384
:208A68008A44DC0376738B900EA91E48064807421E4A2B746F1292749C0988A906440DA628
:208A78008AA976738B9058755CAD9B01DCB295A0977596940874000456030173547466ECD5
:208A88008F3F4000A8A90F4A690A92735DAD8A4AFFC0DDB276738A9B96766F0356BF01765A
:208A98009276FEB60006FE069645A044A842761F0300920296466F0D8A4292C472468A4423
:208AA8009284A8448A425484A842EC039A006F0A93450B455300EDF19246761F03009602BB
:208AB8009A01FE860006FE069643A8422B449243FFC096432B442B466F0B8A4276738B7CC0
:208AC8009645020256010042924572440A469243544666F4184400FF9244ED039A016F0243
:208AD8009A00FE860006FE041E447C419A0A76738BCE9A5376738BBF9A5476738BBF92413F
:208AE80076738BBF9A5F76738BBF28AC00180644562276738BBF064491FF92A876738BBFE7
:208AF80029010644FF4790FF76738BBFCC4400FF76738BBF9A0D76738BBF9A0A76738BCEE0
:208B0800FE840006FE08A8422B442B4502001E482B452B442B451E489244ED36761F01DD6D
:208B1800CC150080FFC65201ED051811FFDF1A110020CC150040FFC55201ED1892179643C1
:208B280058459A0194A096458A42924396949245525AED022B459243520DED0656BF0144B8
:208B38008A4258452B9402001E48020107481E488F0A0000A8A90F48670502001E4856BFAB
:208B480001449244ECCC9245FE880006FE069645A044A8426F0A8A449284A8448A4254843D
:208B5800A842EC039A006F0693450B455300EDF49A01FE860006FE02964152306805523943
:208B680066039CD06F10524168065246660408A9FFC96F09526168065266660408A9FFA909
:208B78006F029A23FE820006FE04A8428A429284A84276738B6396435603044396438A427C
:208B88009284A84276738B6372439243FE840006FE04A8428A4276738B7C964356030843BF
:208B980096438A42DC0276738B7C72439243FE840006FE04A8428A4276738B7C0EA91E4477
:208BA8000644FF371E448A42DC0276738B7C0EA907441E440644FF371E448A42DC04767356
:208BB8008B7C0EA907441E440644FE840006FE029641761F01DDCC140080FFC6ECFB924137
:208BC80096199A0176738BCEFE820006FE02964193419CFF53009641EC0D2B421B4201F453
:208BD80067050A421B4201F468FD93410B415300EDF5FE820006761F01C156BF071056BF9B
:208BE80003112B1256BF3D132B1456BF23110006761F01C156BF071056BF03112B1256BF2B
:208BF8007A132B1456BF23110006761F01C156BF071056BF03112B1256BFF3132B1456BFEA
:208C080023110006761F01C156BF0710761F01DD56BF0311761F01C156BF031256BFD0137A
:208C18002B1456BF23110006761F01DD56BF071056BF03112B1256BFF3132B1456BF231106
:208C28000006761F01DD56BF071056BF03112B1256BF3D132B1456BF23110006FE34762264
:208C380028AAFFFF28ABFFFF761F0180A924A92602001E201A2000021A2000011820FBFFE0
:208C48001A20000402081E2A1E2C0200761F01841E0A1E121E221E3A761F01851E021E0AC3
:208C5800761F01841E021E1A1E2A1E32761F0180A908A90CA91EA92206141E601A601000C2
:208C680006601E14761A6F0306181E5CCC5C0010FFC3ECFB762206161E5ECC5EFFF8500335
:208C7800965ECC5EFF875070965ECC5DFF00500E965D065E1E1606141E6018607FFF18606D
:208C8800BFFF1860DFFF1860EFFF1860F7FF1860FBFF1860FDFF1860FEFF1A600080186017
:208C9800FFBF1860FFDF1860FFE006601E14761A6F0306181E5CCC5C0010FFC35201ECFAEC
:208CA800762202001E00761AFEB4FF690006FE361E427622761F018006001E761876FFFEDD
:208CB80006761E00761A761F01841A0180001A0140001801DFFF1801E00392429003CD013A
:208CC800FFFCCAA896012B001A1980001A1940001819DFFF1819E00392429003CD19FFFCCC
:208CD800CAA896192B181A2980001A2940001829DFFF1829E00392429003CD29FFFCCAA8C5
:208CE80096292B281A3180001A3140001831DFFF1831E00392429003CD31FFFCCAA8963118
:208CF8002B307622761F01811A0180001A0160001A011FFF2800FFFF1A0780001A076000BB
:208D08001A071FFF2806FFFF761F01801A1380001A1360001A131FFF2812FFFF761A7622E5
:208D180006021E741A74000106741E0206281E4E1A4E0001064E1E2806001E761A760001B0
:208D280006761E00761AFEB6FF690006FE34761F0180060C1E681A68000106681E0CFEB432
:208D38000006B2BDFE0A7D447C43974296411A4980001849BFFF1849DFFF1849E003184988
:208D4800FFFC2B4A560308419442964856030843944496475603084F9450964656030851CA
:208D5800945296455CADDC8A76738D61FE8A8BBE0006FE36A8427622761F018006001E76B7
:208D68001876FDFF06761E0006141E621A62010006621E14761A8A42761F0185CD097FFF4B
:208D7800CCCC8000FFCEFF8ECAA896098A42CD09BFFFCCCC4000FFCDFF8DCAA896098A42EB
:208D8800CD09DFFFCCCC2000FFCCFF8CCAA896098A42CD09E00392CCFFC1CCA907FFFF815A
:208D9800CAA896098A42CD09FFFC92CC9003CAA896098A4292C49608CC0AFFF05008960A8E
:208DA8007622761F018006021E741874FDFF06741E0206001E761A76020006761E00761AEB
:208DB8008A42761F018592D4960C8A4292DC960D8A4292E4960E8A4292EC960F7622761FCD
:208DC800018006141E621862FEFF06621E1406041E721A72020006721E04761AFEB6FF69F1
:208DD8000006FE06A044A842761F01849204FFC796458A4458C49A0194A096C48A4292459C
:208DE80096949245520DED039A016F6EC60496458A4458C49A0194A096C48A42924596941E
:208DF8009245520DED039A016F5F9205FFC796458A4458C49A0194A096C48A4292459694B4
:208E08009245520DED039A016F4FC60596458A4458C49A0194A096C48A429245969492456E
:208E1800520DED039A016F409206FFC796458A4458C49A0194A096C48A42924596949245B1
:208E2800520DED039A016F30C60696458A4458C49A0194A096C48A42924596949245520DE4
:208E3800ED039A016F219207FFC796458A4458C49A0194A096C48A42924596949245520DAF
:208E4800ED039A016F11C60796458A4458C49A0194A096C48A42924596949245520DED0351
:208E58009A016F029A00FE860006761BFFF00005A8BDA0BDC2BDC3BDABBDE20000BDE20398
:208E680000BDE20301BDE20302BDE20303BDE6300600FF6929425616761F0180CC22800062
:208E7800FFCE5201ED079222901F5209ED0376738EC0761F0180CC228000FFCE5201ED1A36
:208E88009222901FED177622FF6976738D2E761A8F00C0408F40C000FF6976738DD9520008
:208E9800EC09761F030056BF010158008F00C0402B9428AAFFFF28ABFFFF761F0180A90C04
:208EA800A908761F003328210100E2AF03BEE2AF02BEE2AF01BEE2AF00BEE28000BE87BE40
:208EB800C5BEC4BE83BE8ABE0003FFF176177602FE34761F018006081E6C1A6C0200066C3A
:208EC8001E08FEB4000628AD0400FF69561F5616561AE61002002940761F00002902761B68
:208ED800762228A9901528A800330901611B76F3901529046F0F9B0024A9DF016C04290445
:208EE80024A8DF011EA6F7A1248606A781A109011EA724A96303FF5C3B0459A9DF01000962
:208EF800FFEC761A28A9FFFF28A8FFFF0901610E76FFFFFF6F06DF01C3BD1EA73E67C5BE94
:208F080024A9DF0124A8FF5860F776738F3376738F505CA871A997A63B0185A9FF565DA98F
:208F180085A4FF565CA992A5F60F1FA44FA66C02FF5C762096A65CA83B0185A9FF565DA95E
:208F280085A4FF565CA992A5F60F1FA44FA66C02FF5D92A8762028A9FFFF28AAFFFF28ABA6
:208F3800FFFF28A8FFFF0FABED04D400BE006F0B27A928A9FFFF2FA9A9A488C428A9FFFFB7
:208F480009028AA992A676738868000677006F00761F0307B2BDC50659A93E67761F0307AF
:208F5800C50A06A7EC0392A13E67761F03070608EC031EA73E6776738F4E8BBE0006761F06
:208F6800CFFF92389239923A923B923C923D923E923F0006761F0307A8040006761F0307B9
:168F7800A80600060006FFFFFFFFFFFFFFFF20228335000080486F
:208F830000400023005100570045003100520054005900550049006100730064002A0066E8
:208F9300006700780068006A006B0033006C006C005500490034004F0050007B0026002A5B
:208FA300005F005300440046003500470048004A004B004C00610073006400370066006791
:208FB3000068006A006B006C005A003600580043005600420039004E004D007A003000783C
:208FC300006300760062006E006D006C006B006A00680067006800790077006500690071D1
:208FD300006F0066006A006600320038003300660065007700750069003200380033003946
:208FE30000300034006D0063007A006E0063006A006B00610067006F005300460059006988
:208FF3000074005200500039003600340031006E007600780061004D004B003C003E0000A5
:2090030000000056006F006C00740072006F006E0069006300200049006E00690066006E79
:0490130000690000F0
:20901500FFFFC00000000000FFFFC00100000000FFFFC00200000000FFE0C00A00008000D5
:209025000033FFFF0033000000337FFF003380000032FFFF0032000000327FFF003280009F
:209035000031FFFF0031000000317FFF003180000030FFFF0030000000307FFF0030FFFF21
:20904500C04000000000FFFEC1C0000000000000FFFEC1C2000000000000FFFEC1C400008B
:209055008F7A0033FFFEC1C600008F7A0033FFFEC1C8000000000000FFFEC1CA00000000F1
:0690650000000000000005
:20E10000FE0EA04697449643A84202001E481E4A2B4D3B012B4B6F2A934B92A8FFA08A4259
:20E11000FFCD94A8FFA185A9560100A40EC41E4A56BF034C6F09BE0A0200A34AF61F5617CF
:20E1200000A6A94A0B4C924B9B0400F38F22544C64F3BE0A0200A34AF61F561700A60930C0
:20E130001E4A064A07481E480A4B9243544B66D52B4B924B520863623B015603014B8F3349
:20E14000900485A9560100A40EC407481E4A6F1A0E44074A1E4A6F220E445641004A6F1E94
:20E150000E44074A1E4A92449C940EA9074A1E4A6F1588440200A34AF61F561700A6A94AD4
:20E160006F0D924B9B0400F38F225200ECE25201ECE45202ECE65203ECEDCC4A007F964DF4
:20E17000404BEF10934B92A83B018A46FFCE94A8FFA085A9560100A492C490FF0EA91E4A0C
:20E180006F0F934B92A83B018A46FFCE94A8FFA085A9560100A492C4FFC70EA91E4A854DFF
:20E190008F338F83560100A40EC40F4AEC039A006F060A4B924B520864A09A01FE8E0006BA
:04F100004956454DDA
:20FF8000000000000000000000000000000000000000000000000000000000000000000061
:20FF9000000000000000000000000000000000000000000000000000000000000000000051
:20FFA000000000000000000000000000000000000000000000000000000000000000000041
:20FFB000000000000000000000000000000000000000000000000000000000000000000031
:20FFC000000000000000000000000000000000000000000000000000000000000000000021
:20FFD000000000000000000000000000000000000000000000000000000000000000000011
:20FFE000000000000000000000000000000000000000000000000000000000000000000001
:0CFFF00000000000000000000000000005
:04FFF6000073808094
:10FFF800FFFFFFFFFFFFFFFF20228335000080483F
:00000001FF
