TMS320C2000 Assembler PC v6.1.0 Fri Feb 14 09:23:40 2020

Tools Copyright (c) 1996-2012 Texas Instruments Incorporated
F:/Work/Code Area/Combis/Bootloader/Example_Flash2806x_API21_Combi/Example_Flash2806x_API21_Combi/Example_Flash2806x_API/Debug/Driver.asm PAGE    1

       1              ;***************************************************************
       2              ;* TMS320C2000 C/C++ Codegen                         PC v6.1.0 *
       3              ;* Date/Time created: Fri Feb 14 09:23:40 2020                 *
       4              ;***************************************************************
       5                      .compiler_opts --hll_source=on --mem_model:code=flat --mem_model:data=large --object_format=coff --si
       6        0002  FP      .set    XAR2
       7              
       8              $C$DW$CU        .dwtag  DW_TAG_compile_unit
       9                      .dwattr $C$DW$CU, DW_AT_name("../Driver.c")
      10                      .dwattr $C$DW$CU, DW_AT_producer("TMS320C2000 C/C++ Codegen PC v6.1.0 Copyright (c) 1996-2012 Texas I
      11                      .dwattr $C$DW$CU, DW_AT_TI_version(0x01)
      12                      .dwattr $C$DW$CU, DW_AT_comp_dir("F:\Work\Code Area\Combis\Bootloader\Example_Flash2806x_API21_Combi\
      13              $C$DW$1 .dwtag  DW_TAG_variable, DW_AT_name("SciaRegs")
      14                      .dwattr $C$DW$1, DW_AT_TI_symbol_name("_SciaRegs")
      15                      .dwattr $C$DW$1, DW_AT_type(*$C$DW$T$111)
      16                      .dwattr $C$DW$1, DW_AT_declaration
      17                      .dwattr $C$DW$1, DW_AT_external
      18              $C$DW$2 .dwtag  DW_TAG_variable, DW_AT_name("ScibRegs")
      19                      .dwattr $C$DW$2, DW_AT_TI_symbol_name("_ScibRegs")
      20                      .dwattr $C$DW$2, DW_AT_type(*$C$DW$T$111)
      21                      .dwattr $C$DW$2, DW_AT_declaration
      22                      .dwattr $C$DW$2, DW_AT_external
      23              $C$DW$3 .dwtag  DW_TAG_variable, DW_AT_name("GpioDataRegs")
      24                      .dwattr $C$DW$3, DW_AT_TI_symbol_name("_GpioDataRegs")
      25                      .dwattr $C$DW$3, DW_AT_type(*$C$DW$T$103)
      26                      .dwattr $C$DW$3, DW_AT_declaration
      27                      .dwattr $C$DW$3, DW_AT_external
      28              $C$DW$4 .dwtag  DW_TAG_variable, DW_AT_name("SysCtrlRegs")
      29                      .dwattr $C$DW$4, DW_AT_TI_symbol_name("_SysCtrlRegs")
      30                      .dwattr $C$DW$4, DW_AT_type(*$C$DW$T$112)
      31                      .dwattr $C$DW$4, DW_AT_declaration
      32                      .dwattr $C$DW$4, DW_AT_external
      33              $C$DW$5 .dwtag  DW_TAG_variable, DW_AT_name("GpioCtrlRegs")
      34                      .dwattr $C$DW$5, DW_AT_TI_symbol_name("_GpioCtrlRegs")
      35                      .dwattr $C$DW$5, DW_AT_type(*$C$DW$T$102)
      36                      .dwattr $C$DW$5, DW_AT_declaration
      37                      .dwattr $C$DW$5, DW_AT_external
      38              ;       C:\ti\ccsv5\tools\compiler\c2000_6.1.0\bin\ac2000.exe -@C:\\Users\\ADMINI~1\\AppData\\Local\\Temp\\09
      39 00000000               .sect   ".text"
      40                      .global _InitGPIO
      41              
      42              $C$DW$6 .dwtag  DW_TAG_subprogram, DW_AT_name("InitGPIO")
      43                      .dwattr $C$DW$6, DW_AT_low_pc(_InitGPIO)
      44                      .dwattr $C$DW$6, DW_AT_high_pc(0x00)
      45                      .dwattr $C$DW$6, DW_AT_TI_symbol_name("_InitGPIO")
      46                      .dwattr $C$DW$6, DW_AT_external
      47                      .dwattr $C$DW$6, DW_AT_TI_begin_file("../Driver.c")
      48                      .dwattr $C$DW$6, DW_AT_TI_begin_line(0x22)
      49                      .dwattr $C$DW$6, DW_AT_TI_begin_column(0x06)
      50                      .dwattr $C$DW$6, DW_AT_TI_max_frame_size(-2)
      51                      .dwpsn  file "../Driver.c",line 35,column 1,is_stmt,address _InitGPIO
      52              
      53                      .dwfde $C$DW$CIE, _InitGPIO
      54              ;----------------------------------------------------------------------
      55              ;  34 | void InitGPIO(void)                                                    
TMS320C2000 Assembler PC v6.1.0 Fri Feb 14 09:23:40 2020

Tools Copyright (c) 1996-2012 Texas Instruments Incorporated
F:/Work/Code Area/Combis/Bootloader/Example_Flash2806x_API21_Combi/Example_Flash2806x_API21_Combi/Example_Flash2806x_API/Debug/Driver.asm PAGE    2

      56              ;----------------------------------------------------------------------
      57              
      58              ;***************************************************************
      59              ;* FNAME: _InitGPIO                     FR SIZE:   0           *
      60              ;*                                                             *
      61              ;* FUNCTION ENVIRONMENT                                        *
      62              ;*                                                             *
      63              ;* FUNCTION PROPERTIES                                         *
      64              ;*                            0 Parameter,  0 Auto,  0 SOE     *
      65              ;***************************************************************
      66              
      67 00000000       _InitGPIO:
      68                      .dwcfi  cfa_offset, -2
      69                      .dwcfi  save_reg_to_mem, 26, 0
      70                      .dwcfi  save_reg_to_reg, 78, 26
      71                      .dwpsn  file "../Driver.c",line 36,column 4,is_stmt
      72              ;----------------------------------------------------------------------
      73              ;  36 | EALLOW;                                                                
      74              ;----------------------------------------------------------------------
      75 00000000 7622   EALLOW
      76                      .dwpsn  file "../Driver.c",line 38,column 2,is_stmt
      77              ;----------------------------------------------------------------------
      78              ;  38 | GpioCtrlRegs.GPAPUD.bit.GPIO23 = 0;   // Enable pullup on GPIO23       
      79              ;----------------------------------------------------------------------
      80 00000001 761F!         MOVW      DP,#_GpioCtrlRegs+13  ; [CPU_U] 
         00000002 0000 
      81 00000003 180D!         AND       @_GpioCtrlRegs+13,#0xff7f ; [CPU_] |38| 
         00000004 FF7F 
      82                      .dwpsn  file "../Driver.c",line 39,column 2,is_stmt
      83              ;----------------------------------------------------------------------
      84              ;  39 | GpioCtrlRegs.GPAQSEL2.bit.GPIO23 = 3; // Asynch input                  
      85              ;----------------------------------------------------------------------
      86 00000005 1A04!         OR        @_GpioCtrlRegs+4,#0xc000 ; [CPU_] |39| 
         00000006 C000 
      87                      .dwpsn  file "../Driver.c",line 40,column 2,is_stmt
      88              ;----------------------------------------------------------------------
      89              ;  40 | GpioCtrlRegs.GPAMUX2.bit.GPIO23 = 3;  // GPIO23 = SCIRXDB              
      90              ;----------------------------------------------------------------------
      91 00000007 1A08!         OR        @_GpioCtrlRegs+8,#0xc000 ; [CPU_] |40| 
         00000008 C000 
      92                      .dwpsn  file "../Driver.c",line 41,column 2,is_stmt
      93              ;----------------------------------------------------------------------
      94              ;  41 | GpioCtrlRegs.GPAPUD.bit.GPIO22 = 0;   // Enable pullup on GPIO22
      95              ;     |                                                                        
      96              ;----------------------------------------------------------------------
      97 00000009 180D!         AND       @_GpioCtrlRegs+13,#0xffbf ; [CPU_] |41| 
         0000000a FFBF 
      98                      .dwpsn  file "../Driver.c",line 42,column 2,is_stmt
      99              ;----------------------------------------------------------------------
     100              ;  42 | GpioCtrlRegs.GPAMUX2.bit.GPIO22 = 3;  // GPIO22 = SCITXDB              
     101              ;  43 | //GPIO28 to SCIRXDA and make GPIO29 as SCITXDA                         
     102              ;----------------------------------------------------------------------
     103 0000000b 1A08!         OR        @_GpioCtrlRegs+8,#0x3000 ; [CPU_] |42| 
         0000000c 3000 
     104                      .dwpsn  file "../Driver.c",line 44,column 2,is_stmt
TMS320C2000 Assembler PC v6.1.0 Fri Feb 14 09:23:40 2020

Tools Copyright (c) 1996-2012 Texas Instruments Incorporated
F:/Work/Code Area/Combis/Bootloader/Example_Flash2806x_API21_Combi/Example_Flash2806x_API21_Combi/Example_Flash2806x_API/Debug/Driver.asm PAGE    3

     105              ;----------------------------------------------------------------------
     106              ;  44 | GpioCtrlRegs.GPAPUD.bit.GPIO28 = 1;   // Enable pullup on GPIO28       
     107              ;----------------------------------------------------------------------
     108 0000000d 1A0D!         OR        @_GpioCtrlRegs+13,#0x1000 ; [CPU_] |44| 
         0000000e 1000 
     109                      .dwpsn  file "../Driver.c",line 45,column 2,is_stmt
     110              ;----------------------------------------------------------------------
     111              ;  45 | GpioCtrlRegs.GPAQSEL2.bit.GPIO28 = 3; // Asynch input                  
     112              ;----------------------------------------------------------------------
     113 0000000f 1A05!         OR        @_GpioCtrlRegs+5,#0x0300 ; [CPU_] |45| 
         00000010 0300 
     114                      .dwpsn  file "../Driver.c",line 46,column 2,is_stmt
     115              ;----------------------------------------------------------------------
     116              ;  46 | GpioCtrlRegs.GPAMUX2.bit.GPIO28 = 1;  // GPIO28 = SCIRXDA              
     117              ;----------------------------------------------------------------------
     118 00000011 CC09!         AND       AL,@_GpioCtrlRegs+9,#0xfcff ; [CPU_] |46| 
         00000012 FCFF 
     119 00000013 1AA9          OR        AL,#0x0100            ; [CPU_] |46| 
         00000014 0100 
     120 00000015 9609!         MOV       @_GpioCtrlRegs+9,AL   ; [CPU_] |46| 
     121                      .dwpsn  file "../Driver.c",line 47,column 2,is_stmt
     122              ;----------------------------------------------------------------------
     123              ;  47 | GpioCtrlRegs.GPAPUD.bit.GPIO29 = 1;   // Enable pullup on GPIO29
     124              ;     |                                                                        
     125              ;----------------------------------------------------------------------
     126 00000016 1A0D!         OR        @_GpioCtrlRegs+13,#0x2000 ; [CPU_] |47| 
         00000017 2000 
     127                      .dwpsn  file "../Driver.c",line 48,column 2,is_stmt
     128              ;----------------------------------------------------------------------
     129              ;  48 | GpioCtrlRegs.GPAMUX2.bit.GPIO29 = 1;  // GPIO29 = SCITXDA              
     130              ;----------------------------------------------------------------------
     131 00000018 CC09!         AND       AL,@_GpioCtrlRegs+9,#0xf3ff ; [CPU_] |48| 
         00000019 F3FF 
     132 0000001a 1AA9          OR        AL,#0x0400            ; [CPU_] |48| 
         0000001b 0400 
     133 0000001c 9609!         MOV       @_GpioCtrlRegs+9,AL   ; [CPU_] |48| 
     134                      .dwpsn  file "../Driver.c",line 50,column 2,is_stmt
     135              ;----------------------------------------------------------------------
     136              ;  50 | GpioCtrlRegs.GPBPUD.bit.GPIO44 = 0;  // Disable pullup on GPIO44     //
     137              ;     | DRY_C                                                                  
     138              ;----------------------------------------------------------------------
     139 0000001d 181C!         AND       @_GpioCtrlRegs+28,#0xefff ; [CPU_] |50| 
         0000001e EFFF 
     140                      .dwpsn  file "../Driver.c",line 51,column 2,is_stmt
     141              ;----------------------------------------------------------------------
     142              ;  51 | GpioDataRegs.GPBCLEAR.bit.GPIO44 = 1; // Load output latch to High     
     143              ;----------------------------------------------------------------------
     144 0000001f 761F!         MOVW      DP,#_GpioDataRegs+12  ; [CPU_U] 
         00000020 0000 
     145 00000021 1A0C!         OR        @_GpioDataRegs+12,#0x1000 ; [CPU_] |51| 
         00000022 1000 
     146                      .dwpsn  file "../Driver.c",line 52,column 2,is_stmt
     147              ;----------------------------------------------------------------------
     148              ;  52 | GpioCtrlRegs.GPBMUX1.bit.GPIO44 = 0; // GPIO44 = I/O                   
     149              ;----------------------------------------------------------------------
TMS320C2000 Assembler PC v6.1.0 Fri Feb 14 09:23:40 2020

Tools Copyright (c) 1996-2012 Texas Instruments Incorporated
F:/Work/Code Area/Combis/Bootloader/Example_Flash2806x_API21_Combi/Example_Flash2806x_API21_Combi/Example_Flash2806x_API/Debug/Driver.asm PAGE    4

     150 00000023 761F!         MOVW      DP,#_GpioCtrlRegs+23  ; [CPU_U] 
         00000024 0000 
     151 00000025 1817!         AND       @_GpioCtrlRegs+23,#0xfcff ; [CPU_] |52| 
         00000026 FCFF 
     152                      .dwpsn  file "../Driver.c",line 53,column 2,is_stmt
     153              ;----------------------------------------------------------------------
     154              ;  53 | GpioCtrlRegs.GPBDIR.bit.GPIO44 = 1;  // GPIO44 = output                
     155              ;----------------------------------------------------------------------
     156 00000027 1A1A!         OR        @_GpioCtrlRegs+26,#0x1000 ; [CPU_] |53| 
         00000028 1000 
     157                      .dwpsn  file "../Driver.c",line 55,column 5,is_stmt
     158              ;----------------------------------------------------------------------
     159              ;  55 | EDIS;                                                                  
     160              ;----------------------------------------------------------------------
     161 00000029 761A   EDIS
     162                      .dwpsn  file "../Driver.c",line 56,column 1,is_stmt
     163 0000002a FF69          SPM       #0                    ; [CPU_] 
     164              $C$DW$7 .dwtag  DW_TAG_TI_branch
     165                      .dwattr $C$DW$7, DW_AT_low_pc(0x00)
     166                      .dwattr $C$DW$7, DW_AT_TI_return
     167 0000002b 0006          LRETR     ; [CPU_] 
     168                      ; return occurs ; [] 
     169                      .dwattr $C$DW$6, DW_AT_TI_end_file("../Driver.c")
     170                      .dwattr $C$DW$6, DW_AT_TI_end_line(0x38)
     171                      .dwattr $C$DW$6, DW_AT_TI_end_column(0x01)
     172                      .dwendentry
     173                      .dwendtag $C$DW$6
     174              
     175 0000002c               .sect   ".text"
     176                      .global _sInitSCI2400
     177              
     178              $C$DW$8 .dwtag  DW_TAG_subprogram, DW_AT_name("sInitSCI2400")
     179                      .dwattr $C$DW$8, DW_AT_low_pc(_sInitSCI2400)
     180                      .dwattr $C$DW$8, DW_AT_high_pc(0x00)
     181                      .dwattr $C$DW$8, DW_AT_TI_symbol_name("_sInitSCI2400")
     182                      .dwattr $C$DW$8, DW_AT_external
     183                      .dwattr $C$DW$8, DW_AT_TI_begin_file("../Driver.c")
     184                      .dwattr $C$DW$8, DW_AT_TI_begin_line(0x39)
     185                      .dwattr $C$DW$8, DW_AT_TI_begin_column(0x06)
     186                      .dwattr $C$DW$8, DW_AT_TI_max_frame_size(-2)
     187                      .dwpsn  file "../Driver.c",line 58,column 1,is_stmt,address _sInitSCI2400
     188              
     189                      .dwfde $C$DW$CIE, _sInitSCI2400
     190              ;----------------------------------------------------------------------
     191              ;  57 | void sInitSCI2400(void)                                                
     192              ;----------------------------------------------------------------------
     193              
     194              ;***************************************************************
     195              ;* FNAME: _sInitSCI2400                 FR SIZE:   0           *
     196              ;*                                                             *
     197              ;* FUNCTION ENVIRONMENT                                        *
     198              ;*                                                             *
     199              ;* FUNCTION PROPERTIES                                         *
     200              ;*                            0 Parameter,  0 Auto,  0 SOE     *
     201              ;***************************************************************
TMS320C2000 Assembler PC v6.1.0 Fri Feb 14 09:23:40 2020

Tools Copyright (c) 1996-2012 Texas Instruments Incorporated
F:/Work/Code Area/Combis/Bootloader/Example_Flash2806x_API21_Combi/Example_Flash2806x_API21_Combi/Example_Flash2806x_API/Debug/Driver.asm PAGE    5

     202              
     203 0000002c       _sInitSCI2400:
     204                      .dwcfi  cfa_offset, -2
     205                      .dwcfi  save_reg_to_mem, 26, 0
     206                      .dwcfi  save_reg_to_reg, 78, 26
     207                      .dwpsn  file "../Driver.c",line 59,column 5,is_stmt
     208              ;----------------------------------------------------------------------
     209              ;  59 | EALLOW;                                                                
     210              ;  60 |     // Enable transmit and receive                                     
     211              ;----------------------------------------------------------------------
     212 0000002c 7622   EALLOW
     213                      .dwpsn  file "../Driver.c",line 61,column 2,is_stmt
     214              ;----------------------------------------------------------------------
     215              ;  61 | SciaRegs.SCICCR.all=0x07;                                              
     216              ;----------------------------------------------------------------------
     217 0000002d 761F!         MOVW      DP,#_SciaRegs         ; [CPU_U] 
         0000002e 0000 
     218 0000002f 56BF!         MOVB      @_SciaRegs,#7,UNC     ; [CPU_] |61| 
         00000030 0700 
     219                      .dwpsn  file "../Driver.c",line 62,column 2,is_stmt
     220              ;----------------------------------------------------------------------
     221              ;  62 | SciaRegs.SCICTL1.all=0x03;                                             
     222              ;  64 | //38400bps                                                             
     223              ;  65 | //      SciaRegs.SCIHBAUD = 0x00;                                      
     224              ;  66 | //      SciaRegs.SCILBAUD = 0x50;                                      
     225              ;  67 | //      19200 baud rate                                                
     226              ;  68 | //      SciaRegs.SCIHBAUD = 0x00;                                      
     227              ;  69 | //      SciaRegs.SCILBAUD = 0xA1;                                      
     228              ;  70 | //  9600 baud rate                                                     
     229              ;  71 | //George 150112 SciaRegs.SCIHBAUD = 0x00;                              
     230              ;  72 | //George 150112 SciaRegs.SCILBAUD = 0x91;                              
     231              ;  74 | //2400                                                                 
     232              ;----------------------------------------------------------------------
     233 00000031 56BF!         MOVB      @_SciaRegs+1,#3,UNC   ; [CPU_] |62| 
         00000032 0301 
     234                      .dwpsn  file "../Driver.c",line 75,column 2,is_stmt
     235              ;----------------------------------------------------------------------
     236              ;  75 | SciaRegs.SCIHBAUD = 0x02;                                              
     237              ;----------------------------------------------------------------------
     238 00000033 56BF!         MOVB      @_SciaRegs+2,#2,UNC   ; [CPU_] |75| 
         00000034 0202 
     239                      .dwpsn  file "../Driver.c",line 76,column 2,is_stmt
     240              ;----------------------------------------------------------------------
     241              ;  76 | SciaRegs.SCILBAUD = 0x49;//George 150105 0x84->0x49                    
     242              ;  78 | //4800                                                                 
     243              ;  79 | //      SciaRegs.SCIHBAUD = 0x02;                                      
     244              ;  80 | //      SciaRegs.SCILBAUD = 0x8A;                                      
     245              ;  81 | //2400                                                                 
     246              ;  82 | //      SciaRegs.SCIHBAUD = 0x05;                                      
     247              ;  83 | //      SciaRegs.SCILBAUD = 0x14;                                      
     248              ;  84 | // Enable Receive interrupt and transmit interrupt                     
     249              ;----------------------------------------------------------------------
     250 00000035 56BF!         MOVB      @_SciaRegs+3,#73,UNC  ; [CPU_] |76| 
         00000036 4903 
     251                      .dwpsn  file "../Driver.c",line 85,column 2,is_stmt
TMS320C2000 Assembler PC v6.1.0 Fri Feb 14 09:23:40 2020

Tools Copyright (c) 1996-2012 Texas Instruments Incorporated
F:/Work/Code Area/Combis/Bootloader/Example_Flash2806x_API21_Combi/Example_Flash2806x_API21_Combi/Example_Flash2806x_API/Debug/Driver.asm PAGE    6

     252              ;----------------------------------------------------------------------
     253              ;  85 | SciaRegs.SCICTL2.all=0x00;                                             
     254              ;----------------------------------------------------------------------
     255 00000037 2B04!         MOV       @_SciaRegs+4,#0       ; [CPU_] |85| 
     256                      .dwpsn  file "../Driver.c",line 86,column 2,is_stmt
     257              ;----------------------------------------------------------------------
     258              ;  86 | SciaRegs.SCICTL1.all = 0x23;                                           
     259              ;  87 | //      SciaRegs.SCICTL1.all =0x0003;     // Relinquish SCI from Reset 
     260              ;  88 | //  One stop bit, no parity, 8-bit character length                    
     261              ;----------------------------------------------------------------------
     262 00000038 56BF!         MOVB      @_SciaRegs+1,#35,UNC  ; [CPU_] |86| 
         00000039 2301 
     263                      .dwpsn  file "../Driver.c",line 89,column 2,is_stmt
     264              ;----------------------------------------------------------------------
     265              ;  89 | ScibRegs.SCICCR.all = 0x07;                                            
     266              ;  90 | // Enable transmit and receive                                         
     267              ;----------------------------------------------------------------------
     268 0000003a 761F!         MOVW      DP,#_ScibRegs         ; [CPU_U] 
         0000003b 0000 
     269 0000003c 56BF!         MOVB      @_ScibRegs,#7,UNC     ; [CPU_] |89| 
         0000003d 0700 
     270                      .dwpsn  file "../Driver.c",line 91,column 2,is_stmt
     271              ;----------------------------------------------------------------------
     272              ;  91 | ScibRegs.SCICTL1.all = 0x03;                                           
     273              ;  92 | //2400bps                                                              
     274              ;----------------------------------------------------------------------
     275 0000003e 56BF!         MOVB      @_ScibRegs+1,#3,UNC   ; [CPU_] |91| 
         0000003f 0301 
     276                      .dwpsn  file "../Driver.c",line 93,column 2,is_stmt
     277              ;----------------------------------------------------------------------
     278              ;  93 | ScibRegs.SCIHBAUD = 0x02;                                              
     279              ;----------------------------------------------------------------------
     280 00000040 56BF!         MOVB      @_ScibRegs+2,#2,UNC   ; [CPU_] |93| 
         00000041 0202 
     281                      .dwpsn  file "../Driver.c",line 94,column 2,is_stmt
     282              ;----------------------------------------------------------------------
     283              ;  94 | ScibRegs.SCILBAUD = 0x49;                                              
     284              ;  95 | // Enable Receive interrupt and transmit interrupt                     
     285              ;----------------------------------------------------------------------
     286 00000042 56BF!         MOVB      @_ScibRegs+3,#73,UNC  ; [CPU_] |94| 
         00000043 4903 
     287                      .dwpsn  file "../Driver.c",line 96,column 2,is_stmt
     288              ;----------------------------------------------------------------------
     289              ;  96 | ScibRegs.SCICTL2.all = 0x00;                                           
     290              ;----------------------------------------------------------------------
     291 00000044 2B04!         MOV       @_ScibRegs+4,#0       ; [CPU_] |96| 
     292                      .dwpsn  file "../Driver.c",line 97,column 2,is_stmt
     293              ;----------------------------------------------------------------------
     294              ;  97 | ScibRegs.SCICTL1.all = 0x0023;     // Relinquish SCI from Reset        
     295              ;----------------------------------------------------------------------
     296 00000045 56BF!         MOVB      @_ScibRegs+1,#35,UNC  ; [CPU_] |97| 
         00000046 2301 
     297                      .dwpsn  file "../Driver.c",line 98,column 2,is_stmt
     298              ;----------------------------------------------------------------------
     299              ;  98 | EDIS;                                                                  
TMS320C2000 Assembler PC v6.1.0 Fri Feb 14 09:23:40 2020

Tools Copyright (c) 1996-2012 Texas Instruments Incorporated
F:/Work/Code Area/Combis/Bootloader/Example_Flash2806x_API21_Combi/Example_Flash2806x_API21_Combi/Example_Flash2806x_API/Debug/Driver.asm PAGE    7

     300              ;----------------------------------------------------------------------
     301 00000047 761A   EDIS
     302                      .dwpsn  file "../Driver.c",line 99,column 1,is_stmt
     303 00000048 FF69          SPM       #0                    ; [CPU_] 
     304              $C$DW$9 .dwtag  DW_TAG_TI_branch
     305                      .dwattr $C$DW$9, DW_AT_low_pc(0x00)
     306                      .dwattr $C$DW$9, DW_AT_TI_return
     307 00000049 0006          LRETR     ; [CPU_] 
     308                      ; return occurs ; [] 
     309                      .dwattr $C$DW$8, DW_AT_TI_end_file("../Driver.c")
     310                      .dwattr $C$DW$8, DW_AT_TI_end_line(0x63)
     311                      .dwattr $C$DW$8, DW_AT_TI_end_column(0x01)
     312                      .dwendentry
     313                      .dwendtag $C$DW$8
     314              
     315 0000004a               .sect   ".text"
     316                      .global _sInitSCI9600
     317              
     318              $C$DW$10        .dwtag  DW_TAG_subprogram, DW_AT_name("sInitSCI9600")
     319                      .dwattr $C$DW$10, DW_AT_low_pc(_sInitSCI9600)
     320                      .dwattr $C$DW$10, DW_AT_high_pc(0x00)
     321                      .dwattr $C$DW$10, DW_AT_TI_symbol_name("_sInitSCI9600")
     322                      .dwattr $C$DW$10, DW_AT_external
     323                      .dwattr $C$DW$10, DW_AT_TI_begin_file("../Driver.c")
     324                      .dwattr $C$DW$10, DW_AT_TI_begin_line(0x65)
     325                      .dwattr $C$DW$10, DW_AT_TI_begin_column(0x06)
     326                      .dwattr $C$DW$10, DW_AT_TI_max_frame_size(-2)
     327                      .dwpsn  file "../Driver.c",line 102,column 1,is_stmt,address _sInitSCI9600
     328              
     329                      .dwfde $C$DW$CIE, _sInitSCI9600
     330              ;----------------------------------------------------------------------
     331              ; 101 | void sInitSCI9600(void)                                                
     332              ;----------------------------------------------------------------------
     333              
     334              ;***************************************************************
     335              ;* FNAME: _sInitSCI9600                 FR SIZE:   0           *
     336              ;*                                                             *
     337              ;* FUNCTION ENVIRONMENT                                        *
     338              ;*                                                             *
     339              ;* FUNCTION PROPERTIES                                         *
     340              ;*                            0 Parameter,  0 Auto,  0 SOE     *
     341              ;***************************************************************
     342              
     343 0000004a       _sInitSCI9600:
     344                      .dwcfi  cfa_offset, -2
     345                      .dwcfi  save_reg_to_mem, 26, 0
     346                      .dwcfi  save_reg_to_reg, 78, 26
     347                      .dwpsn  file "../Driver.c",line 103,column 5,is_stmt
     348              ;----------------------------------------------------------------------
     349              ; 103 | EALLOW;                                                                
     350              ; 104 |     // Enable transmit and receive                                     
     351              ;----------------------------------------------------------------------
     352 0000004a 7622   EALLOW
     353                      .dwpsn  file "../Driver.c",line 105,column 2,is_stmt
     354              ;----------------------------------------------------------------------
TMS320C2000 Assembler PC v6.1.0 Fri Feb 14 09:23:40 2020

Tools Copyright (c) 1996-2012 Texas Instruments Incorporated
F:/Work/Code Area/Combis/Bootloader/Example_Flash2806x_API21_Combi/Example_Flash2806x_API21_Combi/Example_Flash2806x_API/Debug/Driver.asm PAGE    8

     355              ; 105 | SciaRegs.SCICCR.all=0x07;                                              
     356              ;----------------------------------------------------------------------
     357 0000004b 761F!         MOVW      DP,#_SciaRegs         ; [CPU_U] 
         0000004c 0000 
     358 0000004d 56BF!         MOVB      @_SciaRegs,#7,UNC     ; [CPU_] |105| 
         0000004e 0700 
     359                      .dwpsn  file "../Driver.c",line 106,column 2,is_stmt
     360              ;----------------------------------------------------------------------
     361              ; 106 | SciaRegs.SCICTL1.all=0x03;                                             
     362              ; 108 | //2400                                                                 
     363              ;----------------------------------------------------------------------
     364 0000004f 56BF!         MOVB      @_SciaRegs+1,#3,UNC   ; [CPU_] |106| 
         00000050 0301 
     365                      .dwpsn  file "../Driver.c",line 109,column 2,is_stmt
     366              ;----------------------------------------------------------------------
     367              ; 109 | SciaRegs.SCIHBAUD = 0x02;                                              
     368              ;----------------------------------------------------------------------
     369 00000051 56BF!         MOVB      @_SciaRegs+2,#2,UNC   ; [CPU_] |109| 
         00000052 0202 
     370                      .dwpsn  file "../Driver.c",line 110,column 2,is_stmt
     371              ;----------------------------------------------------------------------
     372              ; 110 | SciaRegs.SCILBAUD = 0x49;//George 150105 0x84->0x49                    
     373              ; 113 | // Enable Receive interrupt and transmit interrupt                     
     374              ;----------------------------------------------------------------------
     375 00000053 56BF!         MOVB      @_SciaRegs+3,#73,UNC  ; [CPU_] |110| 
         00000054 4903 
     376                      .dwpsn  file "../Driver.c",line 114,column 2,is_stmt
     377              ;----------------------------------------------------------------------
     378              ; 114 | SciaRegs.SCICTL2.all=0x00;                                             
     379              ;----------------------------------------------------------------------
     380 00000055 2B04!         MOV       @_SciaRegs+4,#0       ; [CPU_] |114| 
     381                      .dwpsn  file "../Driver.c",line 115,column 2,is_stmt
     382              ;----------------------------------------------------------------------
     383              ; 115 | SciaRegs.SCICTL1.all = 0x23;                                           
     384              ; 116 | //      SciaRegs.SCICTL1.all =0x0003;     // Relinquish SCI from Reset 
     385              ; 117 | //  One stop bit, no parity, 8-bit character length                    
     386              ;----------------------------------------------------------------------
     387 00000056 56BF!         MOVB      @_SciaRegs+1,#35,UNC  ; [CPU_] |115| 
         00000057 2301 
     388                      .dwpsn  file "../Driver.c",line 118,column 2,is_stmt
     389              ;----------------------------------------------------------------------
     390              ; 118 | ScibRegs.SCICCR.all = 0x07;                                            
     391              ; 119 | // Enable transmit and receive                                         
     392              ;----------------------------------------------------------------------
     393 00000058 761F!         MOVW      DP,#_ScibRegs         ; [CPU_U] 
         00000059 0000 
     394 0000005a 56BF!         MOVB      @_ScibRegs,#7,UNC     ; [CPU_] |118| 
         0000005b 0700 
     395                      .dwpsn  file "../Driver.c",line 120,column 2,is_stmt
     396              ;----------------------------------------------------------------------
     397              ; 120 | ScibRegs.SCICTL1.all = 0x03;                                           
     398              ; 121 | //9600bps                                                              
     399              ;----------------------------------------------------------------------
     400 0000005c 56BF!         MOVB      @_ScibRegs+1,#3,UNC   ; [CPU_] |120| 
         0000005d 0301 
TMS320C2000 Assembler PC v6.1.0 Fri Feb 14 09:23:40 2020

Tools Copyright (c) 1996-2012 Texas Instruments Incorporated
F:/Work/Code Area/Combis/Bootloader/Example_Flash2806x_API21_Combi/Example_Flash2806x_API21_Combi/Example_Flash2806x_API/Debug/Driver.asm PAGE    9

     401                      .dwpsn  file "../Driver.c",line 122,column 2,is_stmt
     402              ;----------------------------------------------------------------------
     403              ; 122 | ScibRegs.SCIHBAUD = 0x00;                                              
     404              ;----------------------------------------------------------------------
     405 0000005e 2B02!         MOV       @_ScibRegs+2,#0       ; [CPU_] |122| 
     406                      .dwpsn  file "../Driver.c",line 123,column 2,is_stmt
     407              ;----------------------------------------------------------------------
     408              ; 123 | ScibRegs.SCILBAUD = 0x91;                                              
     409              ;----------------------------------------------------------------------
     410 0000005f 56BF!         MOVB      @_ScibRegs+3,#145,UNC ; [CPU_] |123| 
         00000060 9103 
     411                      .dwpsn  file "../Driver.c",line 125,column 2,is_stmt
     412              ;----------------------------------------------------------------------
     413              ; 125 | ScibRegs.SCICTL2.all = 0x00;                                           
     414              ;----------------------------------------------------------------------
     415 00000061 2B04!         MOV       @_ScibRegs+4,#0       ; [CPU_] |125| 
     416                      .dwpsn  file "../Driver.c",line 126,column 2,is_stmt
     417              ;----------------------------------------------------------------------
     418              ; 126 | ScibRegs.SCICTL1.all = 0x0023;     // Relinquish SCI from Reset        
     419              ;----------------------------------------------------------------------
     420 00000062 56BF!         MOVB      @_ScibRegs+1,#35,UNC  ; [CPU_] |126| 
         00000063 2301 
     421                      .dwpsn  file "../Driver.c",line 127,column 2,is_stmt
     422              ;----------------------------------------------------------------------
     423              ; 127 | EDIS;                                                                  
     424              ;----------------------------------------------------------------------
     425 00000064 761A   EDIS
     426                      .dwpsn  file "../Driver.c",line 128,column 1,is_stmt
     427 00000065 FF69          SPM       #0                    ; [CPU_] 
     428              $C$DW$11        .dwtag  DW_TAG_TI_branch
     429                      .dwattr $C$DW$11, DW_AT_low_pc(0x00)
     430                      .dwattr $C$DW$11, DW_AT_TI_return
     431 00000066 0006          LRETR     ; [CPU_] 
     432                      ; return occurs ; [] 
     433                      .dwattr $C$DW$10, DW_AT_TI_end_file("../Driver.c")
     434                      .dwattr $C$DW$10, DW_AT_TI_end_line(0x80)
     435                      .dwattr $C$DW$10, DW_AT_TI_end_column(0x01)
     436                      .dwendentry
     437                      .dwendtag $C$DW$10
     438              
     439 00000067               .sect   ".text"
     440                      .global _sTxChar
     441              
     442              $C$DW$12        .dwtag  DW_TAG_subprogram, DW_AT_name("sTxChar")
     443                      .dwattr $C$DW$12, DW_AT_low_pc(_sTxChar)
     444                      .dwattr $C$DW$12, DW_AT_high_pc(0x00)
     445                      .dwattr $C$DW$12, DW_AT_TI_symbol_name("_sTxChar")
     446                      .dwattr $C$DW$12, DW_AT_external
     447                      .dwattr $C$DW$12, DW_AT_TI_begin_file("../Driver.c")
     448                      .dwattr $C$DW$12, DW_AT_TI_begin_line(0x82)
     449                      .dwattr $C$DW$12, DW_AT_TI_begin_column(0x06)
     450                      .dwattr $C$DW$12, DW_AT_TI_max_frame_size(-4)
     451                      .dwpsn  file "../Driver.c",line 131,column 1,is_stmt,address _sTxChar
     452              
     453                      .dwfde $C$DW$CIE, _sTxChar
TMS320C2000 Assembler PC v6.1.0 Fri Feb 14 09:23:40 2020

Tools Copyright (c) 1996-2012 Texas Instruments Incorporated
F:/Work/Code Area/Combis/Bootloader/Example_Flash2806x_API21_Combi/Example_Flash2806x_API21_Combi/Example_Flash2806x_API/Debug/Driver.asm PAGE   10

     454              $C$DW$13        .dwtag  DW_TAG_formal_parameter, DW_AT_name("ch")
     455                      .dwattr $C$DW$13, DW_AT_TI_symbol_name("_ch")
     456                      .dwattr $C$DW$13, DW_AT_type(*$C$DW$T$6)
     457                      .dwattr $C$DW$13, DW_AT_location[DW_OP_reg0]
     458              ;----------------------------------------------------------------------
     459              ; 130 | void sTxChar(unsigned char ch)                                         
     460              ;----------------------------------------------------------------------
     461              
     462              ;***************************************************************
     463              ;* FNAME: _sTxChar                      FR SIZE:   2           *
     464              ;*                                                             *
     465              ;* FUNCTION ENVIRONMENT                                        *
     466              ;*                                                             *
     467              ;* FUNCTION PROPERTIES                                         *
     468              ;*                            0 Parameter,  1 Auto,  0 SOE     *
     469              ;***************************************************************
     470              
     471 00000067       _sTxChar:
     472                      .dwcfi  cfa_offset, -2
     473                      .dwcfi  save_reg_to_mem, 26, 0
     474                      .dwcfi  save_reg_to_reg, 78, 26
     475 00000067 FE02          ADDB      SP,#2                 ; [CPU_U] 
     476                      .dwcfi  cfa_offset, -4
     477              $C$DW$14        .dwtag  DW_TAG_variable, DW_AT_name("ch")
     478                      .dwattr $C$DW$14, DW_AT_TI_symbol_name("_ch")
     479                      .dwattr $C$DW$14, DW_AT_type(*$C$DW$T$6)
     480                      .dwattr $C$DW$14, DW_AT_location[DW_OP_breg20 -1]
     481              ;----------------------------------------------------------------------
     482              ; 132 | //      while(SCIA_TX_RDY_STATUS==0);                                  
     483              ; 133 | //              SciaRegs.SCITXBUF = ch;                                
     484              ;----------------------------------------------------------------------
     485 00000068 9641          MOV       *-SP[1],AL            ; [CPU_] |131| 
     486                      .dwpsn  file "../Driver.c",line 134,column 2,is_stmt
     487              ;----------------------------------------------------------------------
     488              ; 134 | while(ScibRegs.SCICTL2.bit.TXRDY==0);                                  
     489              ;----------------------------------------------------------------------
     490 00000069       $C$L1:    
     491 00000069       $C$DW$L$_sTxChar$2$B:
     492                      .dwpsn  file "../Driver.c",line 134,column 8,is_stmt
     493 00000069 761F!         MOVW      DP,#_ScibRegs+4       ; [CPU_U] 
         0000006a 0000 
     494 0000006b 4704!         TBIT      @_ScibRegs+4,#7       ; [CPU_] |134| 
     495 0000006c EFFD          BF        $C$L1,NTC             ; [CPU_] |134| 
     496                      ; branchcc occurs ; [] |134| 
     497 0000006d       $C$DW$L$_sTxChar$2$E:
     498                      .dwpsn  file "../Driver.c",line 135,column 2,is_stmt
     499              ;----------------------------------------------------------------------
     500              ; 135 | ScibRegs.SCITXBUF = ch;                                                
     501              ;----------------------------------------------------------------------
     502 0000006d 9609!         MOV       @_ScibRegs+9,AL       ; [CPU_] |135| 
     503                      .dwpsn  file "../Driver.c",line 136,column 2,is_stmt
     504              ;----------------------------------------------------------------------
     505              ; 136 | sDelay_us(1);                                                          
     506              ;----------------------------------------------------------------------
     507 0000006e 9A01          MOVB      AL,#1                 ; [CPU_] |136| 
TMS320C2000 Assembler PC v6.1.0 Fri Feb 14 09:23:40 2020

Tools Copyright (c) 1996-2012 Texas Instruments Incorporated
F:/Work/Code Area/Combis/Bootloader/Example_Flash2806x_API21_Combi/Example_Flash2806x_API21_Combi/Example_Flash2806x_API/Debug/Driver.asm PAGE   11

     508              $C$DW$15        .dwtag  DW_TAG_TI_branch
     509                      .dwattr $C$DW$15, DW_AT_low_pc(0x00)
     510                      .dwattr $C$DW$15, DW_AT_name("_sDelay_us")
     511                      .dwattr $C$DW$15, DW_AT_TI_call
     512 0000006f 7640'         LCR       #_sDelay_us           ; [CPU_] |136| 
         00000070 00C4 
     513                      ; call occurs [#_sDelay_us] ; [] |136| 
     514                      .dwpsn  file "../Driver.c",line 137,column 1,is_stmt
     515 00000071 FE82          SUBB      SP,#2                 ; [CPU_U] 
     516                      .dwcfi  cfa_offset, -2
     517              $C$DW$16        .dwtag  DW_TAG_TI_branch
     518                      .dwattr $C$DW$16, DW_AT_low_pc(0x00)
     519                      .dwattr $C$DW$16, DW_AT_TI_return
     520 00000072 0006          LRETR     ; [CPU_] 
     521                      ; return occurs ; [] 
     522              
     523              $C$DW$17        .dwtag  DW_TAG_TI_loop
     524                      .dwattr $C$DW$17, DW_AT_name("F:/Work/Code Area/Combis/Bootloader/Example_Flash2806x_API21_Combi/Exam
     525                      .dwattr $C$DW$17, DW_AT_TI_begin_file("../Driver.c")
     526                      .dwattr $C$DW$17, DW_AT_TI_begin_line(0x86)
     527                      .dwattr $C$DW$17, DW_AT_TI_end_line(0x86)
     528              $C$DW$18        .dwtag  DW_TAG_TI_loop_range
     529                      .dwattr $C$DW$18, DW_AT_low_pc($C$DW$L$_sTxChar$2$B)
     530                      .dwattr $C$DW$18, DW_AT_high_pc($C$DW$L$_sTxChar$2$E)
     531                      .dwendtag $C$DW$17
     532              
     533                      .dwattr $C$DW$12, DW_AT_TI_end_file("../Driver.c")
     534                      .dwattr $C$DW$12, DW_AT_TI_end_line(0x89)
     535                      .dwattr $C$DW$12, DW_AT_TI_end_column(0x01)
     536                      .dwendentry
     537                      .dwendtag $C$DW$12
     538              
     539 00000073               .sect   ".text"
     540                      .global _sTxMultipleChar
     541              
     542              $C$DW$19        .dwtag  DW_TAG_subprogram, DW_AT_name("sTxMultipleChar")
     543                      .dwattr $C$DW$19, DW_AT_low_pc(_sTxMultipleChar)
     544                      .dwattr $C$DW$19, DW_AT_high_pc(0x00)
     545                      .dwattr $C$DW$19, DW_AT_TI_symbol_name("_sTxMultipleChar")
     546                      .dwattr $C$DW$19, DW_AT_external
     547                      .dwattr $C$DW$19, DW_AT_TI_begin_file("../Driver.c")
     548                      .dwattr $C$DW$19, DW_AT_TI_begin_line(0x8b)
     549                      .dwattr $C$DW$19, DW_AT_TI_begin_column(0x06)
     550                      .dwattr $C$DW$19, DW_AT_TI_max_frame_size(-6)
     551                      .dwpsn  file "../Driver.c",line 140,column 1,is_stmt,address _sTxMultipleChar
     552              
     553                      .dwfde $C$DW$CIE, _sTxMultipleChar
     554              $C$DW$20        .dwtag  DW_TAG_formal_parameter, DW_AT_name("buffer")
     555                      .dwattr $C$DW$20, DW_AT_TI_symbol_name("_buffer")
     556                      .dwattr $C$DW$20, DW_AT_type(*$C$DW$T$119)
     557                      .dwattr $C$DW$20, DW_AT_location[DW_OP_reg12]
     558              $C$DW$21        .dwtag  DW_TAG_formal_parameter, DW_AT_name("length")
     559                      .dwattr $C$DW$21, DW_AT_TI_symbol_name("_length")
     560                      .dwattr $C$DW$21, DW_AT_type(*$C$DW$T$120)
     561                      .dwattr $C$DW$21, DW_AT_location[DW_OP_reg0]
TMS320C2000 Assembler PC v6.1.0 Fri Feb 14 09:23:40 2020

Tools Copyright (c) 1996-2012 Texas Instruments Incorporated
F:/Work/Code Area/Combis/Bootloader/Example_Flash2806x_API21_Combi/Example_Flash2806x_API21_Combi/Example_Flash2806x_API/Debug/Driver.asm PAGE   12

     562              ;----------------------------------------------------------------------
     563              ; 139 | void sTxMultipleChar(unsigned char *buffer,int16 length)               
     564              ;----------------------------------------------------------------------
     565              
     566              ;***************************************************************
     567              ;* FNAME: _sTxMultipleChar              FR SIZE:   4           *
     568              ;*                                                             *
     569              ;* FUNCTION ENVIRONMENT                                        *
     570              ;*                                                             *
     571              ;* FUNCTION PROPERTIES                                         *
     572              ;*                            0 Parameter,  4 Auto,  0 SOE     *
     573              ;***************************************************************
     574              
     575 00000073       _sTxMultipleChar:
     576                      .dwcfi  cfa_offset, -2
     577                      .dwcfi  save_reg_to_mem, 26, 0
     578                      .dwcfi  save_reg_to_reg, 78, 26
     579 00000073 FE04          ADDB      SP,#4                 ; [CPU_U] 
     580                      .dwcfi  cfa_offset, -6
     581              $C$DW$22        .dwtag  DW_TAG_variable, DW_AT_name("buffer")
     582                      .dwattr $C$DW$22, DW_AT_TI_symbol_name("_buffer")
     583                      .dwattr $C$DW$22, DW_AT_type(*$C$DW$T$119)
     584                      .dwattr $C$DW$22, DW_AT_location[DW_OP_breg20 -2]
     585              $C$DW$23        .dwtag  DW_TAG_variable, DW_AT_name("length")
     586                      .dwattr $C$DW$23, DW_AT_TI_symbol_name("_length")
     587                      .dwattr $C$DW$23, DW_AT_type(*$C$DW$T$120)
     588                      .dwattr $C$DW$23, DW_AT_location[DW_OP_breg20 -3]
     589              $C$DW$24        .dwtag  DW_TAG_variable, DW_AT_name("n")
     590                      .dwattr $C$DW$24, DW_AT_TI_symbol_name("_n")
     591                      .dwattr $C$DW$24, DW_AT_type(*$C$DW$T$120)
     592                      .dwattr $C$DW$24, DW_AT_location[DW_OP_breg20 -4]
     593              ;----------------------------------------------------------------------
     594              ; 141 | int16 n;                                                               
     595              ;----------------------------------------------------------------------
     596 00000074 9643          MOV       *-SP[3],AL            ; [CPU_] |140| 
     597 00000075 A842          MOVL      *-SP[2],XAR4          ; [CPU_] |140| 
     598                      .dwpsn  file "../Driver.c",line 142,column 6,is_stmt
     599              ;----------------------------------------------------------------------
     600              ; 142 | for(n=0;n<length;n++)                                                  
     601              ;----------------------------------------------------------------------
     602 00000076 2B44          MOV       *-SP[4],#0            ; [CPU_] |142| 
     603                      .dwpsn  file "../Driver.c",line 142,column 10,is_stmt
     604 00000077 5444          CMP       AL,*-SP[4]            ; [CPU_] |142| 
     605 00000078 650D          B         $C$L3,LEQ             ; [CPU_] |142| 
     606                      ; branchcc occurs ; [] |142| 
     607 00000079       $C$L2:    
     608 00000079       $C$DW$L$_sTxMultipleChar$2$B:
     609                      .dwpsn  file "../Driver.c",line 144,column 3,is_stmt
     610              ;----------------------------------------------------------------------
     611              ; 144 | sTxChar(buffer[n]);                                                    
     612              ;----------------------------------------------------------------------
     613 00000079 8A42          MOVL      XAR4,*-SP[2]          ; [CPU_] |144| 
     614 0000007a 3B01          SETC      SXM                   ; [CPU_] 
     615 0000007b 8544          MOV       ACC,*-SP[4]           ; [CPU_] |144| 
     616 0000007c 5601          ADDL      XAR4,ACC              ; [CPU_] |144| 
TMS320C2000 Assembler PC v6.1.0 Fri Feb 14 09:23:40 2020

Tools Copyright (c) 1996-2012 Texas Instruments Incorporated
F:/Work/Code Area/Combis/Bootloader/Example_Flash2806x_API21_Combi/Example_Flash2806x_API21_Combi/Example_Flash2806x_API/Debug/Driver.asm PAGE   13

         0000007d 00A4 
     617 0000007e 92C4          MOV       AL,*+XAR4[0]          ; [CPU_] |144| 
     618              $C$DW$25        .dwtag  DW_TAG_TI_branch
     619                      .dwattr $C$DW$25, DW_AT_low_pc(0x00)
     620                      .dwattr $C$DW$25, DW_AT_name("_sTxChar")
     621                      .dwattr $C$DW$25, DW_AT_TI_call
     622 0000007f 7640'         LCR       #_sTxChar             ; [CPU_] |144| 
         00000080 0067 
     623                      ; call occurs [#_sTxChar] ; [] |144| 
     624                      .dwpsn  file "../Driver.c",line 142,column 19,is_stmt
     625 00000081 0A44          INC       *-SP[4]               ; [CPU_] |142| 
     626                      .dwpsn  file "../Driver.c",line 142,column 10,is_stmt
     627 00000082 9243          MOV       AL,*-SP[3]            ; [CPU_] |142| 
     628 00000083 5444          CMP       AL,*-SP[4]            ; [CPU_] |142| 
     629 00000084 62F5          B         $C$L2,GT              ; [CPU_] |142| 
     630                      ; branchcc occurs ; [] |142| 
     631 00000085       $C$DW$L$_sTxMultipleChar$2$E:
     632                      .dwpsn  file "../Driver.c",line 146,column 1,is_stmt
     633 00000085       $C$L3:    
     634 00000085 FE84          SUBB      SP,#4                 ; [CPU_U] 
     635                      .dwcfi  cfa_offset, -2
     636              $C$DW$26        .dwtag  DW_TAG_TI_branch
     637                      .dwattr $C$DW$26, DW_AT_low_pc(0x00)
     638                      .dwattr $C$DW$26, DW_AT_TI_return
     639 00000086 0006          LRETR     ; [CPU_] 
     640                      ; return occurs ; [] 
     641              
     642              $C$DW$27        .dwtag  DW_TAG_TI_loop
     643                      .dwattr $C$DW$27, DW_AT_name("F:/Work/Code Area/Combis/Bootloader/Example_Flash2806x_API21_Combi/Exam
     644                      .dwattr $C$DW$27, DW_AT_TI_begin_file("../Driver.c")
     645                      .dwattr $C$DW$27, DW_AT_TI_begin_line(0x8e)
     646                      .dwattr $C$DW$27, DW_AT_TI_end_line(0x91)
     647              $C$DW$28        .dwtag  DW_TAG_TI_loop_range
     648                      .dwattr $C$DW$28, DW_AT_low_pc($C$DW$L$_sTxMultipleChar$2$B)
     649                      .dwattr $C$DW$28, DW_AT_high_pc($C$DW$L$_sTxMultipleChar$2$E)
     650                      .dwendtag $C$DW$27
     651              
     652                      .dwattr $C$DW$19, DW_AT_TI_end_file("../Driver.c")
     653                      .dwattr $C$DW$19, DW_AT_TI_end_line(0x92)
     654                      .dwattr $C$DW$19, DW_AT_TI_end_column(0x01)
     655                      .dwendentry
     656                      .dwendtag $C$DW$19
     657              
     658 00000087               .sect   ".text"
     659                      .global _InitSysCtrl
     660              
     661              $C$DW$29        .dwtag  DW_TAG_subprogram, DW_AT_name("InitSysCtrl")
     662                      .dwattr $C$DW$29, DW_AT_low_pc(_InitSysCtrl)
     663                      .dwattr $C$DW$29, DW_AT_high_pc(0x00)
     664                      .dwattr $C$DW$29, DW_AT_TI_symbol_name("_InitSysCtrl")
     665                      .dwattr $C$DW$29, DW_AT_external
     666                      .dwattr $C$DW$29, DW_AT_TI_begin_file("../Driver.c")
     667                      .dwattr $C$DW$29, DW_AT_TI_begin_line(0x95)
     668                      .dwattr $C$DW$29, DW_AT_TI_begin_column(0x06)
     669                      .dwattr $C$DW$29, DW_AT_TI_max_frame_size(-2)
TMS320C2000 Assembler PC v6.1.0 Fri Feb 14 09:23:40 2020

Tools Copyright (c) 1996-2012 Texas Instruments Incorporated
F:/Work/Code Area/Combis/Bootloader/Example_Flash2806x_API21_Combi/Example_Flash2806x_API21_Combi/Example_Flash2806x_API/Debug/Driver.asm PAGE   14

     670                      .dwpsn  file "../Driver.c",line 150,column 1,is_stmt,address _InitSysCtrl
     671              
     672                      .dwfde $C$DW$CIE, _InitSysCtrl
     673              ;----------------------------------------------------------------------
     674              ; 149 | void InitSysCtrl(void)                                                 
     675              ;----------------------------------------------------------------------
     676              
     677              ;***************************************************************
     678              ;* FNAME: _InitSysCtrl                  FR SIZE:   0           *
     679              ;*                                                             *
     680              ;* FUNCTION ENVIRONMENT                                        *
     681              ;*                                                             *
     682              ;* FUNCTION PROPERTIES                                         *
     683              ;*                            0 Parameter,  0 Auto,  0 SOE     *
     684              ;***************************************************************
     685              
     686 00000087       _InitSysCtrl:
     687              ;----------------------------------------------------------------------
     688              ; 151 | // Disable the watchdog                                                
     689              ;----------------------------------------------------------------------
     690                      .dwcfi  cfa_offset, -2
     691                      .dwcfi  save_reg_to_mem, 26, 0
     692                      .dwcfi  save_reg_to_reg, 78, 26
     693                      .dwpsn  file "../Driver.c",line 152,column 4,is_stmt
     694              ;----------------------------------------------------------------------
     695              ; 152 | DisableDog();                                                          
     696              ; 153 | // Initialize the PLL control: PLLCR and CLKINDIV                      
     697              ; 154 | // DSP28_PLLCR and DSP28_CLKINDIV are defined in DSP280x_Examples.h    
     698              ; 155 | //InitPll(10,2);                                                       
     699              ;----------------------------------------------------------------------
     700              $C$DW$30        .dwtag  DW_TAG_TI_branch
     701                      .dwattr $C$DW$30, DW_AT_low_pc(0x00)
     702                      .dwattr $C$DW$30, DW_AT_name("_DisableDog")
     703                      .dwattr $C$DW$30, DW_AT_TI_call
     704 00000087 7640'         LCR       #_DisableDog          ; [CPU_] |152| 
         00000088 008C 
     705                      ; call occurs [#_DisableDog] ; [] |152| 
     706                      .dwpsn  file "../Driver.c",line 156,column 4,is_stmt
     707              ;----------------------------------------------------------------------
     708              ; 156 | InitPeripheralClocks();                                                
     709              ; 157 | // Initialize the peripheral clocks                                    
     710              ;----------------------------------------------------------------------
     711              $C$DW$31        .dwtag  DW_TAG_TI_branch
     712                      .dwattr $C$DW$31, DW_AT_low_pc(0x00)
     713                      .dwattr $C$DW$31, DW_AT_name("_InitPeripheralClocks")
     714                      .dwattr $C$DW$31, DW_AT_TI_call
     715 00000089 7640'         LCR       #_InitPeripheralClocks ; [CPU_] |156| 
         0000008a 0094 
     716                      ; call occurs [#_InitPeripheralClocks] ; [] |156| 
     717                      .dwpsn  file "../Driver.c",line 158,column 1,is_stmt
     718              $C$DW$32        .dwtag  DW_TAG_TI_branch
     719                      .dwattr $C$DW$32, DW_AT_low_pc(0x00)
     720                      .dwattr $C$DW$32, DW_AT_TI_return
     721 0000008b 0006          LRETR     ; [CPU_] 
     722                      ; return occurs ; [] 
TMS320C2000 Assembler PC v6.1.0 Fri Feb 14 09:23:40 2020

Tools Copyright (c) 1996-2012 Texas Instruments Incorporated
F:/Work/Code Area/Combis/Bootloader/Example_Flash2806x_API21_Combi/Example_Flash2806x_API21_Combi/Example_Flash2806x_API/Debug/Driver.asm PAGE   15

     723                      .dwattr $C$DW$29, DW_AT_TI_end_file("../Driver.c")
     724                      .dwattr $C$DW$29, DW_AT_TI_end_line(0x9e)
     725                      .dwattr $C$DW$29, DW_AT_TI_end_column(0x01)
     726                      .dwendentry
     727                      .dwendtag $C$DW$29
     728              
     729 0000008c               .sect   ".text"
     730                      .global _DisableDog
     731              
     732              $C$DW$33        .dwtag  DW_TAG_subprogram, DW_AT_name("DisableDog")
     733                      .dwattr $C$DW$33, DW_AT_low_pc(_DisableDog)
     734                      .dwattr $C$DW$33, DW_AT_high_pc(0x00)
     735                      .dwattr $C$DW$33, DW_AT_TI_symbol_name("_DisableDog")
     736                      .dwattr $C$DW$33, DW_AT_external
     737                      .dwattr $C$DW$33, DW_AT_TI_begin_file("../Driver.c")
     738                      .dwattr $C$DW$33, DW_AT_TI_begin_line(0xa0)
     739                      .dwattr $C$DW$33, DW_AT_TI_begin_column(0x06)
     740                      .dwattr $C$DW$33, DW_AT_TI_max_frame_size(-2)
     741                      .dwpsn  file "../Driver.c",line 161,column 1,is_stmt,address _DisableDog
     742              
     743                      .dwfde $C$DW$CIE, _DisableDog
     744              ;----------------------------------------------------------------------
     745              ; 160 | void DisableDog(void)                                                  
     746              ;----------------------------------------------------------------------
     747              
     748              ;***************************************************************
     749              ;* FNAME: _DisableDog                   FR SIZE:   0           *
     750              ;*                                                             *
     751              ;* FUNCTION ENVIRONMENT                                        *
     752              ;*                                                             *
     753              ;* FUNCTION PROPERTIES                                         *
     754              ;*                            0 Parameter,  0 Auto,  0 SOE     *
     755              ;***************************************************************
     756              
     757 0000008c       _DisableDog:
     758                      .dwcfi  cfa_offset, -2
     759                      .dwcfi  save_reg_to_mem, 26, 0
     760                      .dwcfi  save_reg_to_reg, 78, 26
     761                      .dwpsn  file "../Driver.c",line 162,column 5,is_stmt
     762              ;----------------------------------------------------------------------
     763              ; 162 | EALLOW;                                                                
     764              ;----------------------------------------------------------------------
     765 0000008c 7622   EALLOW
     766                      .dwpsn  file "../Driver.c",line 163,column 5,is_stmt
     767              ;----------------------------------------------------------------------
     768              ; 163 | SysCtrlRegs.WDCR= 0x0068;                                              
     769              ;----------------------------------------------------------------------
     770 0000008d 761F!         MOVW      DP,#_SysCtrlRegs+25   ; [CPU_U] 
         0000008e 0000 
     771 0000008f 56BF!         MOVB      @_SysCtrlRegs+25,#104,UNC ; [CPU_] |163| 
         00000090 6819 
     772                      .dwpsn  file "../Driver.c",line 164,column 5,is_stmt
     773              ;----------------------------------------------------------------------
     774              ; 164 | EDIS;                                                                  
     775              ;----------------------------------------------------------------------
TMS320C2000 Assembler PC v6.1.0 Fri Feb 14 09:23:40 2020

Tools Copyright (c) 1996-2012 Texas Instruments Incorporated
F:/Work/Code Area/Combis/Bootloader/Example_Flash2806x_API21_Combi/Example_Flash2806x_API21_Combi/Example_Flash2806x_API/Debug/Driver.asm PAGE   16

     776 00000091 761A   EDIS
     777                      .dwpsn  file "../Driver.c",line 165,column 1,is_stmt
     778 00000092 FF69          SPM       #0                    ; [CPU_] 
     779              $C$DW$34        .dwtag  DW_TAG_TI_branch
     780                      .dwattr $C$DW$34, DW_AT_low_pc(0x00)
     781                      .dwattr $C$DW$34, DW_AT_TI_return
     782 00000093 0006          LRETR     ; [CPU_] 
     783                      ; return occurs ; [] 
     784                      .dwattr $C$DW$33, DW_AT_TI_end_file("../Driver.c")
     785                      .dwattr $C$DW$33, DW_AT_TI_end_line(0xa5)
     786                      .dwattr $C$DW$33, DW_AT_TI_end_column(0x01)
     787                      .dwendentry
     788                      .dwendtag $C$DW$33
     789              
     790 00000094               .sect   ".text"
     791                      .global _InitPeripheralClocks
     792              
     793              $C$DW$35        .dwtag  DW_TAG_subprogram, DW_AT_name("InitPeripheralClocks")
     794                      .dwattr $C$DW$35, DW_AT_low_pc(_InitPeripheralClocks)
     795                      .dwattr $C$DW$35, DW_AT_high_pc(0x00)
     796                      .dwattr $C$DW$35, DW_AT_TI_symbol_name("_InitPeripheralClocks")
     797                      .dwattr $C$DW$35, DW_AT_external
     798                      .dwattr $C$DW$35, DW_AT_TI_begin_file("../Driver.c")
     799                      .dwattr $C$DW$35, DW_AT_TI_begin_line(0xa7)
     800                      .dwattr $C$DW$35, DW_AT_TI_begin_column(0x06)
     801                      .dwattr $C$DW$35, DW_AT_TI_max_frame_size(-2)
     802                      .dwpsn  file "../Driver.c",line 168,column 1,is_stmt,address _InitPeripheralClocks
     803              
     804                      .dwfde $C$DW$CIE, _InitPeripheralClocks
     805              ;----------------------------------------------------------------------
     806              ; 167 | void InitPeripheralClocks(void)                                        
     807              ;----------------------------------------------------------------------
     808              
     809              ;***************************************************************
     810              ;* FNAME: _InitPeripheralClocks         FR SIZE:   0           *
     811              ;*                                                             *
     812              ;* FUNCTION ENVIRONMENT                                        *
     813              ;*                                                             *
     814              ;* FUNCTION PROPERTIES                                         *
     815              ;*                            0 Parameter,  0 Auto,  0 SOE     *
     816              ;***************************************************************
     817              
     818 00000094       _InitPeripheralClocks:
     819                      .dwcfi  cfa_offset, -2
     820                      .dwcfi  save_reg_to_mem, 26, 0
     821                      .dwcfi  save_reg_to_reg, 78, 26
     822                      .dwpsn  file "../Driver.c",line 169,column 4,is_stmt
     823              ;----------------------------------------------------------------------
     824              ; 169 | EALLOW;                                                                
     825              ; 171 | // HISPCP/LOSPCP prescale register settings, normally it will be set to
     826              ;     |  default values                                                        
     827              ; 172 | // SysCtrlRegs.HISPCP.all = 0x0001;                                    
     828              ;----------------------------------------------------------------------
     829 00000094 7622   EALLOW
     830                      .dwpsn  file "../Driver.c",line 173,column 4,is_stmt
TMS320C2000 Assembler PC v6.1.0 Fri Feb 14 09:23:40 2020

Tools Copyright (c) 1996-2012 Texas Instruments Incorporated
F:/Work/Code Area/Combis/Bootloader/Example_Flash2806x_API21_Combi/Example_Flash2806x_API21_Combi/Example_Flash2806x_API/Debug/Driver.asm PAGE   17

     831              ;----------------------------------------------------------------------
     832              ; 173 | SysCtrlRegs.LOSPCP.all = 0x0002;                                       
     833              ; 175 | // XCLKOUT to SYSCLKOUT ratio.  By default XCLKOUT = 1/4 SYSCLKOUT     
     834              ;----------------------------------------------------------------------
     835 00000095 761F!         MOVW      DP,#_SysCtrlRegs+11   ; [CPU_U] 
         00000096 0000 
     836 00000097 56BF!         MOVB      @_SysCtrlRegs+11,#2,UNC ; [CPU_] |173| 
         00000098 020B 
     837                      .dwpsn  file "../Driver.c",line 176,column 4,is_stmt
     838              ;----------------------------------------------------------------------
     839              ; 176 | SysCtrlRegs.XCLK.bit.XCLKOUTDIV=2;                                     
     840              ;----------------------------------------------------------------------
     841 00000099 CC00!         AND       AL,@_SysCtrlRegs,#0xfffc ; [CPU_] |176| 
         0000009a FFFC 
     842 0000009b 5002          ORB       AL,#0x02              ; [CPU_] |176| 
     843 0000009c 9600!         MOV       @_SysCtrlRegs,AL      ; [CPU_] |176| 
     844                      .dwpsn  file "../Driver.c",line 178,column 4,is_stmt
     845              ;----------------------------------------------------------------------
     846              ; 178 | SysCtrlRegs.PCLKCR0.bit.SCIAENCLK = 1;   // SCI-A                      
     847              ;----------------------------------------------------------------------
     848 0000009d 1A0C!         OR        @_SysCtrlRegs+12,#0x0400 ; [CPU_] |178| 
         0000009e 0400 
     849                      .dwpsn  file "../Driver.c",line 179,column 4,is_stmt
     850              ;----------------------------------------------------------------------
     851              ; 179 | SysCtrlRegs.PCLKCR0.bit.SCIBENCLK = 1;   // SCI-B                      
     852              ;----------------------------------------------------------------------
     853 0000009f 1A0C!         OR        @_SysCtrlRegs+12,#0x0800 ; [CPU_] |179| 
         000000a0 0800 
     854                      .dwpsn  file "../Driver.c",line 181,column 4,is_stmt
     855              ;----------------------------------------------------------------------
     856              ; 181 | SysCtrlRegs.PCLKCR0.bit.TBCLKSYNC = 1;       // Enable TBCLK within the
     857              ;     |  ePWM                                                                  
     858              ;----------------------------------------------------------------------
     859 000000a1 1A0C!         OR        @_SysCtrlRegs+12,#0x0004 ; [CPU_] |181| 
         000000a2 0004 
     860                      .dwpsn  file "../Driver.c",line 183,column 4,is_stmt
     861              ;----------------------------------------------------------------------
     862              ; 183 | EDIS;                                                                  
     863              ;----------------------------------------------------------------------
     864 000000a3 761A   EDIS
     865                      .dwpsn  file "../Driver.c",line 185,column 4,is_stmt
     866              ;----------------------------------------------------------------------
     867              ; 185 | EALLOW;                                                                
     868              ; 187 | //      GpioCtrlRegs.GPAPUD.bit.GPIO28 = 0;    // Enable pull-up for GP
     869              ;     | IO28 (SCIRXDA)                                                         
     870              ; 188 | //      GpioCtrlRegs.GPAPUD.bit.GPIO29 = 0;        // Enable pull-up fo
     871              ;     | r GPIO29 (SCITXDA)                                                     
     872              ; 189 | //      GpioCtrlRegs.GPAQSEL2.bit.GPIO28 = 3;  // Asynch input GPIO28 (
     873              ;     | SCIRXDA)                                                               
     874              ; 191 | // This specifies which of the possible GPIO pins will be SCI functiona
     875              ;     | l pins.                                                                
     876              ; 192 | //      GpioCtrlRegs.GPAMUX2.bit.GPIO28 = 1;   // Configure GPIO28 for
     877              ;     | SCIRXDA operation                                                      
     878              ; 193 | //      GpioCtrlRegs.GPAMUX2.bit.GPIO29 = 1;   // Configure GPIO29 for
     879              ;     | SCITXDA operation                                                      
TMS320C2000 Assembler PC v6.1.0 Fri Feb 14 09:23:40 2020

Tools Copyright (c) 1996-2012 Texas Instruments Incorporated
F:/Work/Code Area/Combis/Bootloader/Example_Flash2806x_API21_Combi/Example_Flash2806x_API21_Combi/Example_Flash2806x_API/Debug/Driver.asm PAGE   18

     880              ; 195 |      //GPIO22 to SCITXDB and make GPIO23 as SCIRXDB                    
     881              ;----------------------------------------------------------------------
     882 000000a4 7622   EALLOW
     883                      .dwpsn  file "../Driver.c",line 196,column 2,is_stmt
     884              ;----------------------------------------------------------------------
     885              ; 196 | GpioCtrlRegs.GPAPUD.bit.GPIO23 = 0;   // Enable pullup on GPIO23       
     886              ;----------------------------------------------------------------------
     887 000000a5 761F!         MOVW      DP,#_GpioCtrlRegs+13  ; [CPU_U] 
         000000a6 0000 
     888 000000a7 180D!         AND       @_GpioCtrlRegs+13,#0xff7f ; [CPU_] |196| 
         000000a8 FF7F 
     889                      .dwpsn  file "../Driver.c",line 197,column 2,is_stmt
     890              ;----------------------------------------------------------------------
     891              ; 197 | GpioCtrlRegs.GPAQSEL2.bit.GPIO23 = 3; // Asynch input                  
     892              ;----------------------------------------------------------------------
     893 000000a9 1A04!         OR        @_GpioCtrlRegs+4,#0xc000 ; [CPU_] |197| 
         000000aa C000 
     894                      .dwpsn  file "../Driver.c",line 198,column 2,is_stmt
     895              ;----------------------------------------------------------------------
     896              ; 198 | GpioCtrlRegs.GPAMUX2.bit.GPIO23 = 3;  // GPIO23 = SCIRXDB              
     897              ;----------------------------------------------------------------------
     898 000000ab 1A08!         OR        @_GpioCtrlRegs+8,#0xc000 ; [CPU_] |198| 
         000000ac C000 
     899                      .dwpsn  file "../Driver.c",line 199,column 2,is_stmt
     900              ;----------------------------------------------------------------------
     901              ; 199 | GpioCtrlRegs.GPAPUD.bit.GPIO22 = 0;   // Enable pullup on GPIO22
     902              ;     |                                                                        
     903              ;----------------------------------------------------------------------
     904 000000ad 180D!         AND       @_GpioCtrlRegs+13,#0xffbf ; [CPU_] |199| 
         000000ae FFBF 
     905                      .dwpsn  file "../Driver.c",line 200,column 2,is_stmt
     906              ;----------------------------------------------------------------------
     907              ; 200 | GpioCtrlRegs.GPAMUX2.bit.GPIO22 = 3;  // GPIO22 = SCITXDB              
     908              ; 201 | //GPIO28 to SCIRXDA and make GPIO29 as SCITXDA                         
     909              ;----------------------------------------------------------------------
     910 000000af 1A08!         OR        @_GpioCtrlRegs+8,#0x3000 ; [CPU_] |200| 
         000000b0 3000 
     911                      .dwpsn  file "../Driver.c",line 202,column 2,is_stmt
     912              ;----------------------------------------------------------------------
     913              ; 202 | GpioCtrlRegs.GPAPUD.bit.GPIO28 = 1;   // Enable pullup on GPIO28       
     914              ;----------------------------------------------------------------------
     915 000000b1 1A0D!         OR        @_GpioCtrlRegs+13,#0x1000 ; [CPU_] |202| 
         000000b2 1000 
     916                      .dwpsn  file "../Driver.c",line 203,column 2,is_stmt
     917              ;----------------------------------------------------------------------
     918              ; 203 | GpioCtrlRegs.GPAQSEL2.bit.GPIO28 = 3; // Asynch input                  
     919              ;----------------------------------------------------------------------
     920 000000b3 1A05!         OR        @_GpioCtrlRegs+5,#0x0300 ; [CPU_] |203| 
         000000b4 0300 
     921                      .dwpsn  file "../Driver.c",line 204,column 2,is_stmt
     922              ;----------------------------------------------------------------------
     923              ; 204 | GpioCtrlRegs.GPAMUX2.bit.GPIO28 = 1;  // GPIO28 = SCIRXDA              
     924              ;----------------------------------------------------------------------
     925 000000b5 CC09!         AND       AL,@_GpioCtrlRegs+9,#0xfcff ; [CPU_] |204| 
         000000b6 FCFF 
TMS320C2000 Assembler PC v6.1.0 Fri Feb 14 09:23:40 2020

Tools Copyright (c) 1996-2012 Texas Instruments Incorporated
F:/Work/Code Area/Combis/Bootloader/Example_Flash2806x_API21_Combi/Example_Flash2806x_API21_Combi/Example_Flash2806x_API/Debug/Driver.asm PAGE   19

     926 000000b7 1AA9          OR        AL,#0x0100            ; [CPU_] |204| 
         000000b8 0100 
     927 000000b9 9609!         MOV       @_GpioCtrlRegs+9,AL   ; [CPU_] |204| 
     928                      .dwpsn  file "../Driver.c",line 205,column 2,is_stmt
     929              ;----------------------------------------------------------------------
     930              ; 205 | GpioCtrlRegs.GPAPUD.bit.GPIO29 = 1;   // Enable pullup on GPIO29
     931              ;     |                                                                        
     932              ;----------------------------------------------------------------------
     933 000000ba 1A0D!         OR        @_GpioCtrlRegs+13,#0x2000 ; [CPU_] |205| 
         000000bb 2000 
     934                      .dwpsn  file "../Driver.c",line 206,column 2,is_stmt
     935              ;----------------------------------------------------------------------
     936              ; 206 | GpioCtrlRegs.GPAMUX2.bit.GPIO29 = 1;  // GPIO29 = SCITXDA              
     937              ;----------------------------------------------------------------------
     938 000000bc CC09!         AND       AL,@_GpioCtrlRegs+9,#0xf3ff ; [CPU_] |206| 
         000000bd F3FF 
     939 000000be 1AA9          OR        AL,#0x0400            ; [CPU_] |206| 
         000000bf 0400 
     940 000000c0 9609!         MOV       @_GpioCtrlRegs+9,AL   ; [CPU_] |206| 
     941                      .dwpsn  file "../Driver.c",line 208,column 3,is_stmt
     942              ;----------------------------------------------------------------------
     943              ; 208 | EDIS;                                                                  
     944              ;----------------------------------------------------------------------
     945 000000c1 761A   EDIS
     946                      .dwpsn  file "../Driver.c",line 210,column 1,is_stmt
     947 000000c2 FF69          SPM       #0                    ; [CPU_] 
     948              $C$DW$36        .dwtag  DW_TAG_TI_branch
     949                      .dwattr $C$DW$36, DW_AT_low_pc(0x00)
     950                      .dwattr $C$DW$36, DW_AT_TI_return
     951 000000c3 0006          LRETR     ; [CPU_] 
     952                      ; return occurs ; [] 
     953                      .dwattr $C$DW$35, DW_AT_TI_end_file("../Driver.c")
     954                      .dwattr $C$DW$35, DW_AT_TI_end_line(0xd2)
     955                      .dwattr $C$DW$35, DW_AT_TI_end_column(0x01)
     956                      .dwendentry
     957                      .dwendtag $C$DW$35
     958              
     959 000000c4               .sect   ".text"
     960                      .global _sDelay_us
     961              
     962              $C$DW$37        .dwtag  DW_TAG_subprogram, DW_AT_name("sDelay_us")
     963                      .dwattr $C$DW$37, DW_AT_low_pc(_sDelay_us)
     964                      .dwattr $C$DW$37, DW_AT_high_pc(0x00)
     965                      .dwattr $C$DW$37, DW_AT_TI_symbol_name("_sDelay_us")
     966                      .dwattr $C$DW$37, DW_AT_external
     967                      .dwattr $C$DW$37, DW_AT_TI_begin_file("../Driver.c")
     968                      .dwattr $C$DW$37, DW_AT_TI_begin_line(0xd4)
     969                      .dwattr $C$DW$37, DW_AT_TI_begin_column(0x06)
     970                      .dwattr $C$DW$37, DW_AT_TI_max_frame_size(-4)
     971                      .dwpsn  file "../Driver.c",line 213,column 1,is_stmt,address _sDelay_us
     972              
     973                      .dwfde $C$DW$CIE, _sDelay_us
     974              $C$DW$38        .dwtag  DW_TAG_formal_parameter, DW_AT_name("wDelayTime")
     975                      .dwattr $C$DW$38, DW_AT_TI_symbol_name("_wDelayTime")
     976                      .dwattr $C$DW$38, DW_AT_type(*$C$DW$T$19)
TMS320C2000 Assembler PC v6.1.0 Fri Feb 14 09:23:40 2020

Tools Copyright (c) 1996-2012 Texas Instruments Incorporated
F:/Work/Code Area/Combis/Bootloader/Example_Flash2806x_API21_Combi/Example_Flash2806x_API21_Combi/Example_Flash2806x_API/Debug/Driver.asm PAGE   20

     977                      .dwattr $C$DW$38, DW_AT_location[DW_OP_reg0]
     978              ;----------------------------------------------------------------------
     979              ; 212 | void sDelay_us(Uint16 wDelayTime) //536us                              
     980              ;----------------------------------------------------------------------
     981              
     982              ;***************************************************************
     983              ;* FNAME: _sDelay_us                    FR SIZE:   2           *
     984              ;*                                                             *
     985              ;* FUNCTION ENVIRONMENT                                        *
     986              ;*                                                             *
     987              ;* FUNCTION PROPERTIES                                         *
     988              ;*                            0 Parameter,  2 Auto,  0 SOE     *
     989              ;***************************************************************
     990              
     991 000000c4       _sDelay_us:
     992                      .dwcfi  cfa_offset, -2
     993                      .dwcfi  save_reg_to_mem, 26, 0
     994                      .dwcfi  save_reg_to_reg, 78, 26
     995 000000c4 FE02          ADDB      SP,#2                 ; [CPU_U] 
     996                      .dwcfi  cfa_offset, -4
     997              $C$DW$39        .dwtag  DW_TAG_variable, DW_AT_name("wDelayTime")
     998                      .dwattr $C$DW$39, DW_AT_TI_symbol_name("_wDelayTime")
     999                      .dwattr $C$DW$39, DW_AT_type(*$C$DW$T$19)
    1000                      .dwattr $C$DW$39, DW_AT_location[DW_OP_breg20 -1]
    1001              $C$DW$40        .dwtag  DW_TAG_variable, DW_AT_name("bCn")
    1002                      .dwattr $C$DW$40, DW_AT_TI_symbol_name("_bCn")
    1003                      .dwattr $C$DW$40, DW_AT_type(*$C$DW$T$19)
    1004                      .dwattr $C$DW$40, DW_AT_location[DW_OP_breg20 -2]
    1005              ;----------------------------------------------------------------------
    1006              ; 214 | Uint16 bCn;                                                            
    1007              ;----------------------------------------------------------------------
    1008 000000c5 9641          MOV       *-SP[1],AL            ; [CPU_] |213| 
    1009                      .dwpsn  file "../Driver.c",line 215,column 2,is_stmt
    1010              ;----------------------------------------------------------------------
    1011              ; 215 | while(wDelayTime--)                                                    
    1012              ;----------------------------------------------------------------------
    1013 000000c6 9CFF          ADDB      AL,#-1                ; [CPU_] |215| 
    1014 000000c7 9341          MOV       AH,*-SP[1]            ; [CPU_] |215| 
    1015 000000c8 5300          CMPB      AH,#0                 ; [CPU_] |215| 
    1016 000000c9 9641          MOV       *-SP[1],AL            ; [CPU_] |215| 
    1017 000000ca EC0D          BF        $C$L7,EQ              ; [CPU_] |215| 
    1018                      ; branchcc occurs ; [] |215| 
    1019 000000cb       $C$L4:    
    1020 000000cb       $C$DW$L$_sDelay_us$2$B:
    1021                      .dwpsn  file "../Driver.c",line 217,column 7,is_stmt
    1022              ;----------------------------------------------------------------------
    1023              ; 217 | for(bCn=0;bCn<500;bCn++);                                              
    1024              ;----------------------------------------------------------------------
    1025 000000cb 2B42          MOV       *-SP[2],#0            ; [CPU_] |217| 
    1026                      .dwpsn  file "../Driver.c",line 217,column 13,is_stmt
    1027 000000cc 1B42          CMP       *-SP[2],#500          ; [CPU_] |217| 
         000000cd 01F4 
    1028 000000ce 6705          B         $C$L6,HIS             ; [CPU_] |217| 
    1029                      ; branchcc occurs ; [] |217| 
    1030 000000cf       $C$DW$L$_sDelay_us$2$E:
TMS320C2000 Assembler PC v6.1.0 Fri Feb 14 09:23:40 2020

Tools Copyright (c) 1996-2012 Texas Instruments Incorporated
F:/Work/Code Area/Combis/Bootloader/Example_Flash2806x_API21_Combi/Example_Flash2806x_API21_Combi/Example_Flash2806x_API/Debug/Driver.asm PAGE   21

    1031 000000cf       $C$L5:    
    1032 000000cf       $C$DW$L$_sDelay_us$3$B:
    1033                      .dwpsn  file "../Driver.c",line 217,column 21,is_stmt
    1034 000000cf 0A42          INC       *-SP[2]               ; [CPU_] |217| 
    1035                      .dwpsn  file "../Driver.c",line 217,column 13,is_stmt
    1036 000000d0 1B42          CMP       *-SP[2],#500          ; [CPU_] |217| 
         000000d1 01F4 
    1037 000000d2 68FD          B         $C$L5,LO              ; [CPU_] |217| 
    1038                      ; branchcc occurs ; [] |217| 
    1039 000000d3       $C$DW$L$_sDelay_us$3$E:
    1040 000000d3       $C$L6:    
    1041 000000d3       $C$DW$L$_sDelay_us$4$B:
    1042                      .dwpsn  file "../Driver.c",line 218,column 2,is_stmt
    1043 000000d3 9341          MOV       AH,*-SP[1]            ; [CPU_] |218| 
    1044 000000d4 0B41          DEC       *-SP[1]               ; [CPU_] |218| 
    1045 000000d5 5300          CMPB      AH,#0                 ; [CPU_] |218| 
    1046 000000d6 EDF5          BF        $C$L4,NEQ             ; [CPU_] |218| 
    1047                      ; branchcc occurs ; [] |218| 
    1048 000000d7       $C$DW$L$_sDelay_us$4$E:
    1049                      .dwpsn  file "../Driver.c",line 220,column 1,is_stmt
    1050 000000d7       $C$L7:    
    1051 000000d7 FE82          SUBB      SP,#2                 ; [CPU_U] 
    1052                      .dwcfi  cfa_offset, -2
    1053              $C$DW$41        .dwtag  DW_TAG_TI_branch
    1054                      .dwattr $C$DW$41, DW_AT_low_pc(0x00)
    1055                      .dwattr $C$DW$41, DW_AT_TI_return
    1056 000000d8 0006          LRETR     ; [CPU_] 
    1057                      ; return occurs ; [] 
    1058              
    1059              $C$DW$42        .dwtag  DW_TAG_TI_loop
    1060                      .dwattr $C$DW$42, DW_AT_name("F:/Work/Code Area/Combis/Bootloader/Example_Flash2806x_API21_Combi/Exam
    1061                      .dwattr $C$DW$42, DW_AT_TI_begin_file("../Driver.c")
    1062                      .dwattr $C$DW$42, DW_AT_TI_begin_line(0xd7)
    1063                      .dwattr $C$DW$42, DW_AT_TI_end_line(0xda)
    1064              $C$DW$43        .dwtag  DW_TAG_TI_loop_range
    1065                      .dwattr $C$DW$43, DW_AT_low_pc($C$DW$L$_sDelay_us$2$B)
    1066                      .dwattr $C$DW$43, DW_AT_high_pc($C$DW$L$_sDelay_us$2$E)
    1067              $C$DW$44        .dwtag  DW_TAG_TI_loop_range
    1068                      .dwattr $C$DW$44, DW_AT_low_pc($C$DW$L$_sDelay_us$4$B)
    1069                      .dwattr $C$DW$44, DW_AT_high_pc($C$DW$L$_sDelay_us$4$E)
    1070              
    1071              $C$DW$45        .dwtag  DW_TAG_TI_loop
    1072                      .dwattr $C$DW$45, DW_AT_name("F:/Work/Code Area/Combis/Bootloader/Example_Flash2806x_API21_Combi/Exam
    1073                      .dwattr $C$DW$45, DW_AT_TI_begin_file("../Driver.c")
    1074                      .dwattr $C$DW$45, DW_AT_TI_begin_line(0xd9)
    1075                      .dwattr $C$DW$45, DW_AT_TI_end_line(0xd9)
    1076              $C$DW$46        .dwtag  DW_TAG_TI_loop_range
    1077                      .dwattr $C$DW$46, DW_AT_low_pc($C$DW$L$_sDelay_us$3$B)
    1078                      .dwattr $C$DW$46, DW_AT_high_pc($C$DW$L$_sDelay_us$3$E)
    1079                      .dwendtag $C$DW$45
    1080              
    1081                      .dwendtag $C$DW$42
    1082              
    1083                      .dwattr $C$DW$37, DW_AT_TI_end_file("../Driver.c")
    1084                      .dwattr $C$DW$37, DW_AT_TI_end_line(0xdc)
TMS320C2000 Assembler PC v6.1.0 Fri Feb 14 09:23:40 2020

Tools Copyright (c) 1996-2012 Texas Instruments Incorporated
F:/Work/Code Area/Combis/Bootloader/Example_Flash2806x_API21_Combi/Example_Flash2806x_API21_Combi/Example_Flash2806x_API/Debug/Driver.asm PAGE   22

    1085                      .dwattr $C$DW$37, DW_AT_TI_end_column(0x01)
    1086                      .dwendentry
    1087                      .dwendtag $C$DW$37
    1088              
    1089              ;**************************************************************
    1090              ;* UNDEFINED EXTERNAL REFERENCES                              *
    1091              ;**************************************************************
    1092                      .global _SciaRegs
    1093                      .global _ScibRegs
    1094                      .global _GpioDataRegs
    1095                      .global _SysCtrlRegs
    1096                      .global _GpioCtrlRegs
    1097              
    1098              ;***************************************************************
    1099              ;* TYPE INFORMATION                                            *
    1100              ;***************************************************************
    1101              
    1102              $C$DW$T$20      .dwtag  DW_TAG_structure_type
    1103                      .dwattr $C$DW$T$20, DW_AT_name("AIODAT_BITS")
    1104                      .dwattr $C$DW$T$20, DW_AT_byte_size(0x02)
    1105              $C$DW$47        .dwtag  DW_TAG_member
    1106                      .dwattr $C$DW$47, DW_AT_type(*$C$DW$T$19)
    1107                      .dwattr $C$DW$47, DW_AT_name("rsvd1")
    1108                      .dwattr $C$DW$47, DW_AT_TI_symbol_name("_rsvd1")
    1109                      .dwattr $C$DW$47, DW_AT_bit_offset(0x0f), DW_AT_bit_size(0x01)
    1110                      .dwattr $C$DW$47, DW_AT_data_member_location[DW_OP_plus_uconst 0x0]
    1111                      .dwattr $C$DW$47, DW_AT_accessibility(DW_ACCESS_public)
    1112              $C$DW$48        .dwtag  DW_TAG_member
    1113                      .dwattr $C$DW$48, DW_AT_type(*$C$DW$T$19)
    1114                      .dwattr $C$DW$48, DW_AT_name("rsvd2")
    1115                      .dwattr $C$DW$48, DW_AT_TI_symbol_name("_rsvd2")
    1116                      .dwattr $C$DW$48, DW_AT_bit_offset(0x0e), DW_AT_bit_size(0x01)
    1117                      .dwattr $C$DW$48, DW_AT_data_member_location[DW_OP_plus_uconst 0x0]
    1118                      .dwattr $C$DW$48, DW_AT_accessibility(DW_ACCESS_public)
    1119              $C$DW$49        .dwtag  DW_TAG_member
    1120                      .dwattr $C$DW$49, DW_AT_type(*$C$DW$T$19)
    1121                      .dwattr $C$DW$49, DW_AT_name("AIO2")
    1122                      .dwattr $C$DW$49, DW_AT_TI_symbol_name("_AIO2")
    1123                      .dwattr $C$DW$49, DW_AT_bit_offset(0x0d), DW_AT_bit_size(0x01)
    1124                      .dwattr $C$DW$49, DW_AT_data_member_location[DW_OP_plus_uconst 0x0]
    1125                      .dwattr $C$DW$49, DW_AT_accessibility(DW_ACCESS_public)
    1126              $C$DW$50        .dwtag  DW_TAG_member
    1127                      .dwattr $C$DW$50, DW_AT_type(*$C$DW$T$19)
    1128                      .dwattr $C$DW$50, DW_AT_name("rsvd3")
    1129                      .dwattr $C$DW$50, DW_AT_TI_symbol_name("_rsvd3")
    1130                      .dwattr $C$DW$50, DW_AT_bit_offset(0x0c), DW_AT_bit_size(0x01)
    1131                      .dwattr $C$DW$50, DW_AT_data_member_location[DW_OP_plus_uconst 0x0]
    1132                      .dwattr $C$DW$50, DW_AT_accessibility(DW_ACCESS_public)
    1133              $C$DW$51        .dwtag  DW_TAG_member
    1134                      .dwattr $C$DW$51, DW_AT_type(*$C$DW$T$19)
    1135                      .dwattr $C$DW$51, DW_AT_name("AIO4")
    1136                      .dwattr $C$DW$51, DW_AT_TI_symbol_name("_AIO4")
    1137                      .dwattr $C$DW$51, DW_AT_bit_offset(0x0b), DW_AT_bit_size(0x01)
    1138                      .dwattr $C$DW$51, DW_AT_data_member_location[DW_OP_plus_uconst 0x0]
    1139                      .dwattr $C$DW$51, DW_AT_accessibility(DW_ACCESS_public)
TMS320C2000 Assembler PC v6.1.0 Fri Feb 14 09:23:40 2020

Tools Copyright (c) 1996-2012 Texas Instruments Incorporated
F:/Work/Code Area/Combis/Bootloader/Example_Flash2806x_API21_Combi/Example_Flash2806x_API21_Combi/Example_Flash2806x_API/Debug/Driver.asm PAGE   23

    1140              $C$DW$52        .dwtag  DW_TAG_member
    1141                      .dwattr $C$DW$52, DW_AT_type(*$C$DW$T$19)
    1142                      .dwattr $C$DW$52, DW_AT_name("rsvd4")
    1143                      .dwattr $C$DW$52, DW_AT_TI_symbol_name("_rsvd4")
    1144                      .dwattr $C$DW$52, DW_AT_bit_offset(0x0a), DW_AT_bit_size(0x01)
    1145                      .dwattr $C$DW$52, DW_AT_data_member_location[DW_OP_plus_uconst 0x0]
    1146                      .dwattr $C$DW$52, DW_AT_accessibility(DW_ACCESS_public)
    1147              $C$DW$53        .dwtag  DW_TAG_member
    1148                      .dwattr $C$DW$53, DW_AT_type(*$C$DW$T$19)
    1149                      .dwattr $C$DW$53, DW_AT_name("AIO6")
    1150                      .dwattr $C$DW$53, DW_AT_TI_symbol_name("_AIO6")
    1151                      .dwattr $C$DW$53, DW_AT_bit_offset(0x09), DW_AT_bit_size(0x01)
    1152                      .dwattr $C$DW$53, DW_AT_data_member_location[DW_OP_plus_uconst 0x0]
    1153                      .dwattr $C$DW$53, DW_AT_accessibility(DW_ACCESS_public)
    1154              $C$DW$54        .dwtag  DW_TAG_member
    1155                      .dwattr $C$DW$54, DW_AT_type(*$C$DW$T$19)
    1156                      .dwattr $C$DW$54, DW_AT_name("rsvd5")
    1157                      .dwattr $C$DW$54, DW_AT_TI_symbol_name("_rsvd5")
    1158                      .dwattr $C$DW$54, DW_AT_bit_offset(0x08), DW_AT_bit_size(0x01)
    1159                      .dwattr $C$DW$54, DW_AT_data_member_location[DW_OP_plus_uconst 0x0]
    1160                      .dwattr $C$DW$54, DW_AT_accessibility(DW_ACCESS_public)
    1161              $C$DW$55        .dwtag  DW_TAG_member
    1162                      .dwattr $C$DW$55, DW_AT_type(*$C$DW$T$19)
    1163                      .dwattr $C$DW$55, DW_AT_name("rsvd6")
    1164                      .dwattr $C$DW$55, DW_AT_TI_symbol_name("_rsvd6")
    1165                      .dwattr $C$DW$55, DW_AT_bit_offset(0x07), DW_AT_bit_size(0x01)
    1166                      .dwattr $C$DW$55, DW_AT_data_member_location[DW_OP_plus_uconst 0x0]
    1167                      .dwattr $C$DW$55, DW_AT_accessibility(DW_ACCESS_public)
    1168              $C$DW$56        .dwtag  DW_TAG_member
    1169                      .dwattr $C$DW$56, DW_AT_type(*$C$DW$T$19)
    1170                      .dwattr $C$DW$56, DW_AT_name("rsvd7")
    1171                      .dwattr $C$DW$56, DW_AT_TI_symbol_name("_rsvd7")
    1172                      .dwattr $C$DW$56, DW_AT_bit_offset(0x06), DW_AT_bit_size(0x01)
    1173                      .dwattr $C$DW$56, DW_AT_data_member_location[DW_OP_plus_uconst 0x0]
    1174                      .dwattr $C$DW$56, DW_AT_accessibility(DW_ACCESS_public)
    1175              $C$DW$57        .dwtag  DW_TAG_member
    1176                      .dwattr $C$DW$57, DW_AT_type(*$C$DW$T$19)
    1177                      .dwattr $C$DW$57, DW_AT_name("AIO10")
    1178                      .dwattr $C$DW$57, DW_AT_TI_symbol_name("_AIO10")
    1179                      .dwattr $C$DW$57, DW_AT_bit_offset(0x05), DW_AT_bit_size(0x01)
    1180                      .dwattr $C$DW$57, DW_AT_data_member_location[DW_OP_plus_uconst 0x0]
    1181                      .dwattr $C$DW$57, DW_AT_accessibility(DW_ACCESS_public)
    1182              $C$DW$58        .dwtag  DW_TAG_member
    1183                      .dwattr $C$DW$58, DW_AT_type(*$C$DW$T$19)
    1184                      .dwattr $C$DW$58, DW_AT_name("rsvd8")
    1185                      .dwattr $C$DW$58, DW_AT_TI_symbol_name("_rsvd8")
    1186                      .dwattr $C$DW$58, DW_AT_bit_offset(0x04), DW_AT_bit_size(0x01)
    1187                      .dwattr $C$DW$58, DW_AT_data_member_location[DW_OP_plus_uconst 0x0]
    1188                      .dwattr $C$DW$58, DW_AT_accessibility(DW_ACCESS_public)
    1189              $C$DW$59        .dwtag  DW_TAG_member
    1190                      .dwattr $C$DW$59, DW_AT_type(*$C$DW$T$19)
    1191                      .dwattr $C$DW$59, DW_AT_name("AIO12")
    1192                      .dwattr $C$DW$59, DW_AT_TI_symbol_name("_AIO12")
    1193                      .dwattr $C$DW$59, DW_AT_bit_offset(0x03), DW_AT_bit_size(0x01)
    1194                      .dwattr $C$DW$59, DW_AT_data_member_location[DW_OP_plus_uconst 0x0]
TMS320C2000 Assembler PC v6.1.0 Fri Feb 14 09:23:40 2020

Tools Copyright (c) 1996-2012 Texas Instruments Incorporated
F:/Work/Code Area/Combis/Bootloader/Example_Flash2806x_API21_Combi/Example_Flash2806x_API21_Combi/Example_Flash2806x_API/Debug/Driver.asm PAGE   24

    1195                      .dwattr $C$DW$59, DW_AT_accessibility(DW_ACCESS_public)
    1196              $C$DW$60        .dwtag  DW_TAG_member
    1197                      .dwattr $C$DW$60, DW_AT_type(*$C$DW$T$19)
    1198                      .dwattr $C$DW$60, DW_AT_name("rsvd9")
    1199                      .dwattr $C$DW$60, DW_AT_TI_symbol_name("_rsvd9")
    1200                      .dwattr $C$DW$60, DW_AT_bit_offset(0x02), DW_AT_bit_size(0x01)
    1201                      .dwattr $C$DW$60, DW_AT_data_member_location[DW_OP_plus_uconst 0x0]
    1202                      .dwattr $C$DW$60, DW_AT_accessibility(DW_ACCESS_public)
    1203              $C$DW$61        .dwtag  DW_TAG_member
    1204                      .dwattr $C$DW$61, DW_AT_type(*$C$DW$T$19)
    1205                      .dwattr $C$DW$61, DW_AT_name("AIO14")
    1206                      .dwattr $C$DW$61, DW_AT_TI_symbol_name("_AIO14")
    1207                      .dwattr $C$DW$61, DW_AT_bit_offset(0x01), DW_AT_bit_size(0x01)
    1208                      .dwattr $C$DW$61, DW_AT_data_member_location[DW_OP_plus_uconst 0x0]
    1209                      .dwattr $C$DW$61, DW_AT_accessibility(DW_ACCESS_public)
    1210              $C$DW$62        .dwtag  DW_TAG_member
    1211                      .dwattr $C$DW$62, DW_AT_type(*$C$DW$T$19)
    1212                      .dwattr $C$DW$62, DW_AT_name("rsvd10")
    1213                      .dwattr $C$DW$62, DW_AT_TI_symbol_name("_rsvd10")
    1214                      .dwattr $C$DW$62, DW_AT_bit_offset(0x00), DW_AT_bit_size(0x01)
    1215                      .dwattr $C$DW$62, DW_AT_data_member_location[DW_OP_plus_uconst 0x0]
    1216                      .dwattr $C$DW$62, DW_AT_accessibility(DW_ACCESS_public)
    1217              $C$DW$63        .dwtag  DW_TAG_member
    1218                      .dwattr $C$DW$63, DW_AT_type(*$C$DW$T$19)
    1219                      .dwattr $C$DW$63, DW_AT_name("rsvd11")
    1220                      .dwattr $C$DW$63, DW_AT_TI_symbol_name("_rsvd11")
    1221                      .dwattr $C$DW$63, DW_AT_bit_offset(0x00), DW_AT_bit_size(0x10)
    1222                      .dwattr $C$DW$63, DW_AT_data_member_location[DW_OP_plus_uconst 0x1]
    1223                      .dwattr $C$DW$63, DW_AT_accessibility(DW_ACCESS_public)
    1224                      .dwendtag $C$DW$T$20
    1225              
    1226              
    1227              $C$DW$T$22      .dwtag  DW_TAG_union_type
    1228                      .dwattr $C$DW$T$22, DW_AT_name("AIODAT_REG")
    1229                      .dwattr $C$DW$T$22, DW_AT_byte_size(0x02)
    1230              $C$DW$64        .dwtag  DW_TAG_member
    1231                      .dwattr $C$DW$64, DW_AT_type(*$C$DW$T$21)
    1232                      .dwattr $C$DW$64, DW_AT_name("all")
    1233                      .dwattr $C$DW$64, DW_AT_TI_symbol_name("_all")
    1234                      .dwattr $C$DW$64, DW_AT_data_member_location[DW_OP_plus_uconst 0x0]
    1235                      .dwattr $C$DW$64, DW_AT_accessibility(DW_ACCESS_public)
    1236              $C$DW$65        .dwtag  DW_TAG_member
    1237                      .dwattr $C$DW$65, DW_AT_type(*$C$DW$T$20)
    1238                      .dwattr $C$DW$65, DW_AT_name("bit")
    1239                      .dwattr $C$DW$65, DW_AT_TI_symbol_name("_bit")
    1240                      .dwattr $C$DW$65, DW_AT_data_member_location[DW_OP_plus_uconst 0x0]
    1241                      .dwattr $C$DW$65, DW_AT_accessibility(DW_ACCESS_public)
    1242                      .dwendtag $C$DW$T$22
    1243              
    1244              
    1245              $C$DW$T$23      .dwtag  DW_TAG_structure_type
    1246                      .dwattr $C$DW$T$23, DW_AT_name("AIO_BITS")
    1247                      .dwattr $C$DW$T$23, DW_AT_byte_size(0x02)
    1248              $C$DW$66        .dwtag  DW_TAG_member
    1249                      .dwattr $C$DW$66, DW_AT_type(*$C$DW$T$19)
TMS320C2000 Assembler PC v6.1.0 Fri Feb 14 09:23:40 2020

Tools Copyright (c) 1996-2012 Texas Instruments Incorporated
F:/Work/Code Area/Combis/Bootloader/Example_Flash2806x_API21_Combi/Example_Flash2806x_API21_Combi/Example_Flash2806x_API/Debug/Driver.asm PAGE   25

    1250                      .dwattr $C$DW$66, DW_AT_name("rsvd1")
    1251                      .dwattr $C$DW$66, DW_AT_TI_symbol_name("_rsvd1")
    1252                      .dwattr $C$DW$66, DW_AT_bit_offset(0x0e), DW_AT_bit_size(0x02)
    1253                      .dwattr $C$DW$66, DW_AT_data_member_location[DW_OP_plus_uconst 0x0]
    1254                      .dwattr $C$DW$66, DW_AT_accessibility(DW_ACCESS_public)
    1255              $C$DW$67        .dwtag  DW_TAG_member
    1256                      .dwattr $C$DW$67, DW_AT_type(*$C$DW$T$19)
    1257                      .dwattr $C$DW$67, DW_AT_name("rsvd2")
    1258                      .dwattr $C$DW$67, DW_AT_TI_symbol_name("_rsvd2")
    1259                      .dwattr $C$DW$67, DW_AT_bit_offset(0x0c), DW_AT_bit_size(0x02)
    1260                      .dwattr $C$DW$67, DW_AT_data_member_location[DW_OP_plus_uconst 0x0]
    1261                      .dwattr $C$DW$67, DW_AT_accessibility(DW_ACCESS_public)
    1262              $C$DW$68        .dwtag  DW_TAG_member
    1263                      .dwattr $C$DW$68, DW_AT_type(*$C$DW$T$19)
    1264                      .dwattr $C$DW$68, DW_AT_name("AIO2")
    1265                      .dwattr $C$DW$68, DW_AT_TI_symbol_name("_AIO2")
    1266                      .dwattr $C$DW$68, DW_AT_bit_offset(0x0a), DW_AT_bit_size(0x02)
    1267                      .dwattr $C$DW$68, DW_AT_data_member_location[DW_OP_plus_uconst 0x0]
    1268                      .dwattr $C$DW$68, DW_AT_accessibility(DW_ACCESS_public)
    1269              $C$DW$69        .dwtag  DW_TAG_member
    1270                      .dwattr $C$DW$69, DW_AT_type(*$C$DW$T$19)
    1271                      .dwattr $C$DW$69, DW_AT_name("rsvd3")
    1272                      .dwattr $C$DW$69, DW_AT_TI_symbol_name("_rsvd3")
    1273                      .dwattr $C$DW$69, DW_AT_bit_offset(0x08), DW_AT_bit_size(0x02)
    1274                      .dwattr $C$DW$69, DW_AT_data_member_location[DW_OP_plus_uconst 0x0]
    1275                      .dwattr $C$DW$69, DW_AT_accessibility(DW_ACCESS_public)
    1276              $C$DW$70        .dwtag  DW_TAG_member
    1277                      .dwattr $C$DW$70, DW_AT_type(*$C$DW$T$19)
    1278                      .dwattr $C$DW$70, DW_AT_name("AIO4")
    1279                      .dwattr $C$DW$70, DW_AT_TI_symbol_name("_AIO4")
    1280                      .dwattr $C$DW$70, DW_AT_bit_offset(0x06), DW_AT_bit_size(0x02)
    1281                      .dwattr $C$DW$70, DW_AT_data_member_location[DW_OP_plus_uconst 0x0]
    1282                      .dwattr $C$DW$70, DW_AT_accessibility(DW_ACCESS_public)
    1283              $C$DW$71        .dwtag  DW_TAG_member
    1284                      .dwattr $C$DW$71, DW_AT_type(*$C$DW$T$19)
    1285                      .dwattr $C$DW$71, DW_AT_name("rsvd4")
    1286                      .dwattr $C$DW$71, DW_AT_TI_symbol_name("_rsvd4")
    1287                      .dwattr $C$DW$71, DW_AT_bit_offset(0x04), DW_AT_bit_size(0x02)
    1288                      .dwattr $C$DW$71, DW_AT_data_member_location[DW_OP_plus_uconst 0x0]
    1289                      .dwattr $C$DW$71, DW_AT_accessibility(DW_ACCESS_public)
    1290              $C$DW$72        .dwtag  DW_TAG_member
    1291                      .dwattr $C$DW$72, DW_AT_type(*$C$DW$T$19)
    1292                      .dwattr $C$DW$72, DW_AT_name("AIO6")
    1293                      .dwattr $C$DW$72, DW_AT_TI_symbol_name("_AIO6")
    1294                      .dwattr $C$DW$72, DW_AT_bit_offset(0x02), DW_AT_bit_size(0x02)
    1295                      .dwattr $C$DW$72, DW_AT_data_member_location[DW_OP_plus_uconst 0x0]
    1296                      .dwattr $C$DW$72, DW_AT_accessibility(DW_ACCESS_public)
    1297              $C$DW$73        .dwtag  DW_TAG_member
    1298                      .dwattr $C$DW$73, DW_AT_type(*$C$DW$T$19)
    1299                      .dwattr $C$DW$73, DW_AT_name("rsvd5")
    1300                      .dwattr $C$DW$73, DW_AT_TI_symbol_name("_rsvd5")
    1301                      .dwattr $C$DW$73, DW_AT_bit_offset(0x00), DW_AT_bit_size(0x02)
    1302                      .dwattr $C$DW$73, DW_AT_data_member_location[DW_OP_plus_uconst 0x0]
    1303                      .dwattr $C$DW$73, DW_AT_accessibility(DW_ACCESS_public)
    1304              $C$DW$74        .dwtag  DW_TAG_member
TMS320C2000 Assembler PC v6.1.0 Fri Feb 14 09:23:40 2020

Tools Copyright (c) 1996-2012 Texas Instruments Incorporated
F:/Work/Code Area/Combis/Bootloader/Example_Flash2806x_API21_Combi/Example_Flash2806x_API21_Combi/Example_Flash2806x_API/Debug/Driver.asm PAGE   26

    1305                      .dwattr $C$DW$74, DW_AT_type(*$C$DW$T$19)
    1306                      .dwattr $C$DW$74, DW_AT_name("rsvd6")
    1307                      .dwattr $C$DW$74, DW_AT_TI_symbol_name("_rsvd6")
    1308                      .dwattr $C$DW$74, DW_AT_bit_offset(0x0e), DW_AT_bit_size(0x02)
    1309                      .dwattr $C$DW$74, DW_AT_data_member_location[DW_OP_plus_uconst 0x1]
    1310                      .dwattr $C$DW$74, DW_AT_accessibility(DW_ACCESS_public)
    1311              $C$DW$75        .dwtag  DW_TAG_member
    1312                      .dwattr $C$DW$75, DW_AT_type(*$C$DW$T$19)
    1313                      .dwattr $C$DW$75, DW_AT_name("rsvd7")
    1314                      .dwattr $C$DW$75, DW_AT_TI_symbol_name("_rsvd7")
    1315                      .dwattr $C$DW$75, DW_AT_bit_offset(0x0c), DW_AT_bit_size(0x02)
    1316                      .dwattr $C$DW$75, DW_AT_data_member_location[DW_OP_plus_uconst 0x1]
    1317                      .dwattr $C$DW$75, DW_AT_accessibility(DW_ACCESS_public)
    1318              $C$DW$76        .dwtag  DW_TAG_member
    1319                      .dwattr $C$DW$76, DW_AT_type(*$C$DW$T$19)
    1320                      .dwattr $C$DW$76, DW_AT_name("AIO10")
    1321                      .dwattr $C$DW$76, DW_AT_TI_symbol_name("_AIO10")
    1322                      .dwattr $C$DW$76, DW_AT_bit_offset(0x0a), DW_AT_bit_size(0x02)
    1323                      .dwattr $C$DW$76, DW_AT_data_member_location[DW_OP_plus_uconst 0x1]
    1324                      .dwattr $C$DW$76, DW_AT_accessibility(DW_ACCESS_public)
    1325              $C$DW$77        .dwtag  DW_TAG_member
    1326                      .dwattr $C$DW$77, DW_AT_type(*$C$DW$T$19)
    1327                      .dwattr $C$DW$77, DW_AT_name("rsvd8")
    1328                      .dwattr $C$DW$77, DW_AT_TI_symbol_name("_rsvd8")
    1329                      .dwattr $C$DW$77, DW_AT_bit_offset(0x08), DW_AT_bit_size(0x02)
    1330                      .dwattr $C$DW$77, DW_AT_data_member_location[DW_OP_plus_uconst 0x1]
    1331                      .dwattr $C$DW$77, DW_AT_accessibility(DW_ACCESS_public)
    1332              $C$DW$78        .dwtag  DW_TAG_member
    1333                      .dwattr $C$DW$78, DW_AT_type(*$C$DW$T$19)
    1334                      .dwattr $C$DW$78, DW_AT_name("AIO12")
    1335                      .dwattr $C$DW$78, DW_AT_TI_symbol_name("_AIO12")
    1336                      .dwattr $C$DW$78, DW_AT_bit_offset(0x06), DW_AT_bit_size(0x02)
    1337                      .dwattr $C$DW$78, DW_AT_data_member_location[DW_OP_plus_uconst 0x1]
    1338                      .dwattr $C$DW$78, DW_AT_accessibility(DW_ACCESS_public)
    1339              $C$DW$79        .dwtag  DW_TAG_member
    1340                      .dwattr $C$DW$79, DW_AT_type(*$C$DW$T$19)
    1341                      .dwattr $C$DW$79, DW_AT_name("rsvd9")
    1342                      .dwattr $C$DW$79, DW_AT_TI_symbol_name("_rsvd9")
    1343                      .dwattr $C$DW$79, DW_AT_bit_offset(0x04), DW_AT_bit_size(0x02)
    1344                      .dwattr $C$DW$79, DW_AT_data_member_location[DW_OP_plus_uconst 0x1]
    1345                      .dwattr $C$DW$79, DW_AT_accessibility(DW_ACCESS_public)
    1346              $C$DW$80        .dwtag  DW_TAG_member
    1347                      .dwattr $C$DW$80, DW_AT_type(*$C$DW$T$19)
    1348                      .dwattr $C$DW$80, DW_AT_name("AIO14")
    1349                      .dwattr $C$DW$80, DW_AT_TI_symbol_name("_AIO14")
    1350                      .dwattr $C$DW$80, DW_AT_bit_offset(0x02), DW_AT_bit_size(0x02)
    1351                      .dwattr $C$DW$80, DW_AT_data_member_location[DW_OP_plus_uconst 0x1]
    1352                      .dwattr $C$DW$80, DW_AT_accessibility(DW_ACCESS_public)
    1353              $C$DW$81        .dwtag  DW_TAG_member
    1354                      .dwattr $C$DW$81, DW_AT_type(*$C$DW$T$19)
    1355                      .dwattr $C$DW$81, DW_AT_name("rsvd10")
    1356                      .dwattr $C$DW$81, DW_AT_TI_symbol_name("_rsvd10")
    1357                      .dwattr $C$DW$81, DW_AT_bit_offset(0x00), DW_AT_bit_size(0x02)
    1358                      .dwattr $C$DW$81, DW_AT_data_member_location[DW_OP_plus_uconst 0x1]
    1359                      .dwattr $C$DW$81, DW_AT_accessibility(DW_ACCESS_public)
TMS320C2000 Assembler PC v6.1.0 Fri Feb 14 09:23:40 2020

Tools Copyright (c) 1996-2012 Texas Instruments Incorporated
F:/Work/Code Area/Combis/Bootloader/Example_Flash2806x_API21_Combi/Example_Flash2806x_API21_Combi/Example_Flash2806x_API/Debug/Driver.asm PAGE   27

    1360                      .dwendtag $C$DW$T$23
    1361              
    1362              
    1363              $C$DW$T$24      .dwtag  DW_TAG_union_type
    1364                      .dwattr $C$DW$T$24, DW_AT_name("AIO_REG")
    1365                      .dwattr $C$DW$T$24, DW_AT_byte_size(0x02)
    1366              $C$DW$82        .dwtag  DW_TAG_member
    1367                      .dwattr $C$DW$82, DW_AT_type(*$C$DW$T$21)
    1368                      .dwattr $C$DW$82, DW_AT_name("all")
    1369                      .dwattr $C$DW$82, DW_AT_TI_symbol_name("_all")
    1370                      .dwattr $C$DW$82, DW_AT_data_member_location[DW_OP_plus_uconst 0x0]
    1371                      .dwattr $C$DW$82, DW_AT_accessibility(DW_ACCESS_public)
    1372              $C$DW$83        .dwtag  DW_TAG_member
    1373                      .dwattr $C$DW$83, DW_AT_type(*$C$DW$T$23)
    1374                      .dwattr $C$DW$83, DW_AT_name("bit")
    1375                      .dwattr $C$DW$83, DW_AT_TI_symbol_name("_bit")
    1376                      .dwattr $C$DW$83, DW_AT_data_member_location[DW_OP_plus_uconst 0x0]
    1377                      .dwattr $C$DW$83, DW_AT_accessibility(DW_ACCESS_public)
    1378                      .dwendtag $C$DW$T$24
    1379              
    1380              
    1381              $C$DW$T$25      .dwtag  DW_TAG_structure_type
    1382                      .dwattr $C$DW$T$25, DW_AT_name("CLKCTL_BITS")
    1383                      .dwattr $C$DW$T$25, DW_AT_byte_size(0x01)
    1384              $C$DW$84        .dwtag  DW_TAG_member
    1385                      .dwattr $C$DW$84, DW_AT_type(*$C$DW$T$19)
    1386                      .dwattr $C$DW$84, DW_AT_name("OSCCLKSRCSEL")
    1387                      .dwattr $C$DW$84, DW_AT_TI_symbol_name("_OSCCLKSRCSEL")
    1388                      .dwattr $C$DW$84, DW_AT_bit_offset(0x0f), DW_AT_bit_size(0x01)
    1389                      .dwattr $C$DW$84, DW_AT_data_member_location[DW_OP_plus_uconst 0x0]
    1390                      .dwattr $C$DW$84, DW_AT_accessibility(DW_ACCESS_public)
    1391              $C$DW$85        .dwtag  DW_TAG_member
    1392                      .dwattr $C$DW$85, DW_AT_type(*$C$DW$T$19)
    1393                      .dwattr $C$DW$85, DW_AT_name("OSCCLKSRC2SEL")
    1394                      .dwattr $C$DW$85, DW_AT_TI_symbol_name("_OSCCLKSRC2SEL")
    1395                      .dwattr $C$DW$85, DW_AT_bit_offset(0x0e), DW_AT_bit_size(0x01)
    1396                      .dwattr $C$DW$85, DW_AT_data_member_location[DW_OP_plus_uconst 0x0]
    1397                      .dwattr $C$DW$85, DW_AT_accessibility(DW_ACCESS_public)
    1398              $C$DW$86        .dwtag  DW_TAG_member
    1399                      .dwattr $C$DW$86, DW_AT_type(*$C$DW$T$19)
    1400                      .dwattr $C$DW$86, DW_AT_name("WDCLKSRCSEL")
    1401                      .dwattr $C$DW$86, DW_AT_TI_symbol_name("_WDCLKSRCSEL")
    1402                      .dwattr $C$DW$86, DW_AT_bit_offset(0x0d), DW_AT_bit_size(0x01)
    1403                      .dwattr $C$DW$86, DW_AT_data_member_location[DW_OP_plus_uconst 0x0]
    1404                      .dwattr $C$DW$86, DW_AT_accessibility(DW_ACCESS_public)
    1405              $C$DW$87        .dwtag  DW_TAG_member
    1406                      .dwattr $C$DW$87, DW_AT_type(*$C$DW$T$19)
    1407                      .dwattr $C$DW$87, DW_AT_name("TMR2CLKSRCSEL")
    1408                      .dwattr $C$DW$87, DW_AT_TI_symbol_name("_TMR2CLKSRCSEL")
    1409                      .dwattr $C$DW$87, DW_AT_bit_offset(0x0b), DW_AT_bit_size(0x02)
    1410                      .dwattr $C$DW$87, DW_AT_data_member_location[DW_OP_plus_uconst 0x0]
    1411                      .dwattr $C$DW$87, DW_AT_accessibility(DW_ACCESS_public)
    1412              $C$DW$88        .dwtag  DW_TAG_member
    1413                      .dwattr $C$DW$88, DW_AT_type(*$C$DW$T$19)
    1414                      .dwattr $C$DW$88, DW_AT_name("TMR2CLKPRESCALE")
TMS320C2000 Assembler PC v6.1.0 Fri Feb 14 09:23:40 2020

Tools Copyright (c) 1996-2012 Texas Instruments Incorporated
F:/Work/Code Area/Combis/Bootloader/Example_Flash2806x_API21_Combi/Example_Flash2806x_API21_Combi/Example_Flash2806x_API/Debug/Driver.asm PAGE   28

    1415                      .dwattr $C$DW$88, DW_AT_TI_symbol_name("_TMR2CLKPRESCALE")
    1416                      .dwattr $C$DW$88, DW_AT_bit_offset(0x08), DW_AT_bit_size(0x03)
    1417                      .dwattr $C$DW$88, DW_AT_data_member_location[DW_OP_plus_uconst 0x0]
    1418                      .dwattr $C$DW$88, DW_AT_accessibility(DW_ACCESS_public)
    1419              $C$DW$89        .dwtag  DW_TAG_member
    1420                      .dwattr $C$DW$89, DW_AT_type(*$C$DW$T$19)
    1421                      .dwattr $C$DW$89, DW_AT_name("INTOSC1OFF")
    1422                      .dwattr $C$DW$89, DW_AT_TI_symbol_name("_INTOSC1OFF")
    1423                      .dwattr $C$DW$89, DW_AT_bit_offset(0x07), DW_AT_bit_size(0x01)
    1424                      .dwattr $C$DW$89, DW_AT_data_member_location[DW_OP_plus_uconst 0x0]
    1425                      .dwattr $C$DW$89, DW_AT_accessibility(DW_ACCESS_public)
    1426              $C$DW$90        .dwtag  DW_TAG_member
    1427                      .dwattr $C$DW$90, DW_AT_type(*$C$DW$T$19)
    1428                      .dwattr $C$DW$90, DW_AT_name("INTOSC1HALTI")
    1429                      .dwattr $C$DW$90, DW_AT_TI_symbol_name("_INTOSC1HALTI")
    1430                      .dwattr $C$DW$90, DW_AT_bit_offset(0x06), DW_AT_bit_size(0x01)
    1431                      .dwattr $C$DW$90, DW_AT_data_member_location[DW_OP_plus_uconst 0x0]
    1432                      .dwattr $C$DW$90, DW_AT_accessibility(DW_ACCESS_public)
    1433              $C$DW$91        .dwtag  DW_TAG_member
    1434                      .dwattr $C$DW$91, DW_AT_type(*$C$DW$T$19)
    1435                      .dwattr $C$DW$91, DW_AT_name("INTOSC2OFF")
    1436                      .dwattr $C$DW$91, DW_AT_TI_symbol_name("_INTOSC2OFF")
    1437                      .dwattr $C$DW$91, DW_AT_bit_offset(0x05), DW_AT_bit_size(0x01)
    1438                      .dwattr $C$DW$91, DW_AT_data_member_location[DW_OP_plus_uconst 0x0]
    1439                      .dwattr $C$DW$91, DW_AT_accessibility(DW_ACCESS_public)
    1440              $C$DW$92        .dwtag  DW_TAG_member
    1441                      .dwattr $C$DW$92, DW_AT_type(*$C$DW$T$19)
    1442                      .dwattr $C$DW$92, DW_AT_name("INTOSC2HALTI")
    1443                      .dwattr $C$DW$92, DW_AT_TI_symbol_name("_INTOSC2HALTI")
    1444                      .dwattr $C$DW$92, DW_AT_bit_offset(0x04), DW_AT_bit_size(0x01)
    1445                      .dwattr $C$DW$92, DW_AT_data_member_location[DW_OP_plus_uconst 0x0]
    1446                      .dwattr $C$DW$92, DW_AT_accessibility(DW_ACCESS_public)
    1447              $C$DW$93        .dwtag  DW_TAG_member
    1448                      .dwattr $C$DW$93, DW_AT_type(*$C$DW$T$19)
    1449                      .dwattr $C$DW$93, DW_AT_name("WDHALTI")
    1450                      .dwattr $C$DW$93, DW_AT_TI_symbol_name("_WDHALTI")
    1451                      .dwattr $C$DW$93, DW_AT_bit_offset(0x03), DW_AT_bit_size(0x01)
    1452                      .dwattr $C$DW$93, DW_AT_data_member_location[DW_OP_plus_uconst 0x0]
    1453                      .dwattr $C$DW$93, DW_AT_accessibility(DW_ACCESS_public)
    1454              $C$DW$94        .dwtag  DW_TAG_member
    1455                      .dwattr $C$DW$94, DW_AT_type(*$C$DW$T$19)
    1456                      .dwattr $C$DW$94, DW_AT_name("XCLKINOFF")
    1457                      .dwattr $C$DW$94, DW_AT_TI_symbol_name("_XCLKINOFF")
    1458                      .dwattr $C$DW$94, DW_AT_bit_offset(0x02), DW_AT_bit_size(0x01)
    1459                      .dwattr $C$DW$94, DW_AT_data_member_location[DW_OP_plus_uconst 0x0]
    1460                      .dwattr $C$DW$94, DW_AT_accessibility(DW_ACCESS_public)
    1461              $C$DW$95        .dwtag  DW_TAG_member
    1462                      .dwattr $C$DW$95, DW_AT_type(*$C$DW$T$19)
    1463                      .dwattr $C$DW$95, DW_AT_name("XTALOSCOFF")
    1464                      .dwattr $C$DW$95, DW_AT_TI_symbol_name("_XTALOSCOFF")
    1465                      .dwattr $C$DW$95, DW_AT_bit_offset(0x01), DW_AT_bit_size(0x01)
    1466                      .dwattr $C$DW$95, DW_AT_data_member_location[DW_OP_plus_uconst 0x0]
    1467                      .dwattr $C$DW$95, DW_AT_accessibility(DW_ACCESS_public)
    1468              $C$DW$96        .dwtag  DW_TAG_member
    1469                      .dwattr $C$DW$96, DW_AT_type(*$C$DW$T$19)
TMS320C2000 Assembler PC v6.1.0 Fri Feb 14 09:23:40 2020

Tools Copyright (c) 1996-2012 Texas Instruments Incorporated
F:/Work/Code Area/Combis/Bootloader/Example_Flash2806x_API21_Combi/Example_Flash2806x_API21_Combi/Example_Flash2806x_API/Debug/Driver.asm PAGE   29

    1470                      .dwattr $C$DW$96, DW_AT_name("NMIRESETSEL")
    1471                      .dwattr $C$DW$96, DW_AT_TI_symbol_name("_NMIRESETSEL")
    1472                      .dwattr $C$DW$96, DW_AT_bit_offset(0x00), DW_AT_bit_size(0x01)
    1473                      .dwattr $C$DW$96, DW_AT_data_member_location[DW_OP_plus_uconst 0x0]
    1474                      .dwattr $C$DW$96, DW_AT_accessibility(DW_ACCESS_public)
    1475                      .dwendtag $C$DW$T$25
    1476              
    1477              
    1478              $C$DW$T$26      .dwtag  DW_TAG_union_type
    1479                      .dwattr $C$DW$T$26, DW_AT_name("CLKCTL_REG")
    1480                      .dwattr $C$DW$T$26, DW_AT_byte_size(0x01)
    1481              $C$DW$97        .dwtag  DW_TAG_member
    1482                      .dwattr $C$DW$97, DW_AT_type(*$C$DW$T$19)
    1483                      .dwattr $C$DW$97, DW_AT_name("all")
    1484                      .dwattr $C$DW$97, DW_AT_TI_symbol_name("_all")
    1485                      .dwattr $C$DW$97, DW_AT_data_member_location[DW_OP_plus_uconst 0x0]
    1486                      .dwattr $C$DW$97, DW_AT_accessibility(DW_ACCESS_public)
    1487              $C$DW$98        .dwtag  DW_TAG_member
    1488                      .dwattr $C$DW$98, DW_AT_type(*$C$DW$T$25)
    1489                      .dwattr $C$DW$98, DW_AT_name("bit")
    1490                      .dwattr $C$DW$98, DW_AT_TI_symbol_name("_bit")
    1491                      .dwattr $C$DW$98, DW_AT_data_member_location[DW_OP_plus_uconst 0x0]
    1492                      .dwattr $C$DW$98, DW_AT_accessibility(DW_ACCESS_public)
    1493                      .dwendtag $C$DW$T$26
    1494              
    1495              
    1496              $C$DW$T$27      .dwtag  DW_TAG_structure_type
    1497                      .dwattr $C$DW$T$27, DW_AT_name("EPWMCFG_BITS")
    1498                      .dwattr $C$DW$T$27, DW_AT_byte_size(0x01)
    1499              $C$DW$99        .dwtag  DW_TAG_member
    1500                      .dwattr $C$DW$99, DW_AT_type(*$C$DW$T$19)
    1501                      .dwattr $C$DW$99, DW_AT_name("CONFIG")
    1502                      .dwattr $C$DW$99, DW_AT_TI_symbol_name("_CONFIG")
    1503                      .dwattr $C$DW$99, DW_AT_bit_offset(0x0f), DW_AT_bit_size(0x01)
    1504                      .dwattr $C$DW$99, DW_AT_data_member_location[DW_OP_plus_uconst 0x0]
    1505                      .dwattr $C$DW$99, DW_AT_accessibility(DW_ACCESS_public)
    1506              $C$DW$100       .dwtag  DW_TAG_member
    1507                      .dwattr $C$DW$100, DW_AT_type(*$C$DW$T$19)
    1508                      .dwattr $C$DW$100, DW_AT_name("rsvd1")
    1509                      .dwattr $C$DW$100, DW_AT_TI_symbol_name("_rsvd1")
    1510                      .dwattr $C$DW$100, DW_AT_bit_offset(0x00), DW_AT_bit_size(0x0f)
    1511                      .dwattr $C$DW$100, DW_AT_data_member_location[DW_OP_plus_uconst 0x0]
    1512                      .dwattr $C$DW$100, DW_AT_accessibility(DW_ACCESS_public)
    1513                      .dwendtag $C$DW$T$27
    1514              
    1515              
    1516              $C$DW$T$28      .dwtag  DW_TAG_union_type
    1517                      .dwattr $C$DW$T$28, DW_AT_name("EPWMCFG_REG")
    1518                      .dwattr $C$DW$T$28, DW_AT_byte_size(0x01)
    1519              $C$DW$101       .dwtag  DW_TAG_member
    1520                      .dwattr $C$DW$101, DW_AT_type(*$C$DW$T$19)
    1521                      .dwattr $C$DW$101, DW_AT_name("all")
    1522                      .dwattr $C$DW$101, DW_AT_TI_symbol_name("_all")
    1523                      .dwattr $C$DW$101, DW_AT_data_member_location[DW_OP_plus_uconst 0x0]
    1524                      .dwattr $C$DW$101, DW_AT_accessibility(DW_ACCESS_public)
TMS320C2000 Assembler PC v6.1.0 Fri Feb 14 09:23:40 2020

Tools Copyright (c) 1996-2012 Texas Instruments Incorporated
F:/Work/Code Area/Combis/Bootloader/Example_Flash2806x_API21_Combi/Example_Flash2806x_API21_Combi/Example_Flash2806x_API/Debug/Driver.asm PAGE   30

    1525              $C$DW$102       .dwtag  DW_TAG_member
    1526                      .dwattr $C$DW$102, DW_AT_type(*$C$DW$T$27)
    1527                      .dwattr $C$DW$102, DW_AT_name("bit")
    1528                      .dwattr $C$DW$102, DW_AT_TI_symbol_name("_bit")
    1529                      .dwattr $C$DW$102, DW_AT_data_member_location[DW_OP_plus_uconst 0x0]
    1530                      .dwattr $C$DW$102, DW_AT_accessibility(DW_ACCESS_public)
    1531                      .dwendtag $C$DW$T$28
    1532              
    1533              
    1534              $C$DW$T$29      .dwtag  DW_TAG_structure_type
    1535                      .dwattr $C$DW$T$29, DW_AT_name("GPA1_BITS")
    1536                      .dwattr $C$DW$T$29, DW_AT_byte_size(0x02)
    1537              $C$DW$103       .dwtag  DW_TAG_member
    1538                      .dwattr $C$DW$103, DW_AT_type(*$C$DW$T$19)
    1539                      .dwattr $C$DW$103, DW_AT_name("GPIO0")
    1540                      .dwattr $C$DW$103, DW_AT_TI_symbol_name("_GPIO0")
    1541                      .dwattr $C$DW$103, DW_AT_bit_offset(0x0e), DW_AT_bit_size(0x02)
    1542                      .dwattr $C$DW$103, DW_AT_data_member_location[DW_OP_plus_uconst 0x0]
    1543                      .dwattr $C$DW$103, DW_AT_accessibility(DW_ACCESS_public)
    1544              $C$DW$104       .dwtag  DW_TAG_member
    1545                      .dwattr $C$DW$104, DW_AT_type(*$C$DW$T$19)
    1546                      .dwattr $C$DW$104, DW_AT_name("GPIO1")
    1547                      .dwattr $C$DW$104, DW_AT_TI_symbol_name("_GPIO1")
    1548                      .dwattr $C$DW$104, DW_AT_bit_offset(0x0c), DW_AT_bit_size(0x02)
    1549                      .dwattr $C$DW$104, DW_AT_data_member_location[DW_OP_plus_uconst 0x0]
    1550                      .dwattr $C$DW$104, DW_AT_accessibility(DW_ACCESS_public)
    1551              $C$DW$105       .dwtag  DW_TAG_member
    1552                      .dwattr $C$DW$105, DW_AT_type(*$C$DW$T$19)
    1553                      .dwattr $C$DW$105, DW_AT_name("GPIO2")
    1554                      .dwattr $C$DW$105, DW_AT_TI_symbol_name("_GPIO2")
    1555                      .dwattr $C$DW$105, DW_AT_bit_offset(0x0a), DW_AT_bit_size(0x02)
    1556                      .dwattr $C$DW$105, DW_AT_data_member_location[DW_OP_plus_uconst 0x0]
    1557                      .dwattr $C$DW$105, DW_AT_accessibility(DW_ACCESS_public)
    1558              $C$DW$106       .dwtag  DW_TAG_member
    1559                      .dwattr $C$DW$106, DW_AT_type(*$C$DW$T$19)
    1560                      .dwattr $C$DW$106, DW_AT_name("GPIO3")
    1561                      .dwattr $C$DW$106, DW_AT_TI_symbol_name("_GPIO3")
    1562                      .dwattr $C$DW$106, DW_AT_bit_offset(0x08), DW_AT_bit_size(0x02)
    1563                      .dwattr $C$DW$106, DW_AT_data_member_location[DW_OP_plus_uconst 0x0]
    1564                      .dwattr $C$DW$106, DW_AT_accessibility(DW_ACCESS_public)
    1565              $C$DW$107       .dwtag  DW_TAG_member
    1566                      .dwattr $C$DW$107, DW_AT_type(*$C$DW$T$19)
    1567                      .dwattr $C$DW$107, DW_AT_name("GPIO4")
    1568                      .dwattr $C$DW$107, DW_AT_TI_symbol_name("_GPIO4")
    1569                      .dwattr $C$DW$107, DW_AT_bit_offset(0x06), DW_AT_bit_size(0x02)
    1570                      .dwattr $C$DW$107, DW_AT_data_member_location[DW_OP_plus_uconst 0x0]
    1571                      .dwattr $C$DW$107, DW_AT_accessibility(DW_ACCESS_public)
    1572              $C$DW$108       .dwtag  DW_TAG_member
    1573                      .dwattr $C$DW$108, DW_AT_type(*$C$DW$T$19)
    1574                      .dwattr $C$DW$108, DW_AT_name("GPIO5")
    1575                      .dwattr $C$DW$108, DW_AT_TI_symbol_name("_GPIO5")
    1576                      .dwattr $C$DW$108, DW_AT_bit_offset(0x04), DW_AT_bit_size(0x02)
    1577                      .dwattr $C$DW$108, DW_AT_data_member_location[DW_OP_plus_uconst 0x0]
    1578                      .dwattr $C$DW$108, DW_AT_accessibility(DW_ACCESS_public)
    1579              $C$DW$109       .dwtag  DW_TAG_member
TMS320C2000 Assembler PC v6.1.0 Fri Feb 14 09:23:40 2020

Tools Copyright (c) 1996-2012 Texas Instruments Incorporated
F:/Work/Code Area/Combis/Bootloader/Example_Flash2806x_API21_Combi/Example_Flash2806x_API21_Combi/Example_Flash2806x_API/Debug/Driver.asm PAGE   31

    1580                      .dwattr $C$DW$109, DW_AT_type(*$C$DW$T$19)
    1581                      .dwattr $C$DW$109, DW_AT_name("GPIO6")
    1582                      .dwattr $C$DW$109, DW_AT_TI_symbol_name("_GPIO6")
    1583                      .dwattr $C$DW$109, DW_AT_bit_offset(0x02), DW_AT_bit_size(0x02)
    1584                      .dwattr $C$DW$109, DW_AT_data_member_location[DW_OP_plus_uconst 0x0]
    1585                      .dwattr $C$DW$109, DW_AT_accessibility(DW_ACCESS_public)
    1586              $C$DW$110       .dwtag  DW_TAG_member
    1587                      .dwattr $C$DW$110, DW_AT_type(*$C$DW$T$19)
    1588                      .dwattr $C$DW$110, DW_AT_name("GPIO7")
    1589                      .dwattr $C$DW$110, DW_AT_TI_symbol_name("_GPIO7")
    1590                      .dwattr $C$DW$110, DW_AT_bit_offset(0x00), DW_AT_bit_size(0x02)
    1591                      .dwattr $C$DW$110, DW_AT_data_member_location[DW_OP_plus_uconst 0x0]
    1592                      .dwattr $C$DW$110, DW_AT_accessibility(DW_ACCESS_public)
    1593              $C$DW$111       .dwtag  DW_TAG_member
    1594                      .dwattr $C$DW$111, DW_AT_type(*$C$DW$T$19)
    1595                      .dwattr $C$DW$111, DW_AT_name("GPIO8")
    1596                      .dwattr $C$DW$111, DW_AT_TI_symbol_name("_GPIO8")
    1597                      .dwattr $C$DW$111, DW_AT_bit_offset(0x0e), DW_AT_bit_size(0x02)
    1598                      .dwattr $C$DW$111, DW_AT_data_member_location[DW_OP_plus_uconst 0x1]
    1599                      .dwattr $C$DW$111, DW_AT_accessibility(DW_ACCESS_public)
    1600              $C$DW$112       .dwtag  DW_TAG_member
    1601                      .dwattr $C$DW$112, DW_AT_type(*$C$DW$T$19)
    1602                      .dwattr $C$DW$112, DW_AT_name("GPIO9")
    1603                      .dwattr $C$DW$112, DW_AT_TI_symbol_name("_GPIO9")
    1604                      .dwattr $C$DW$112, DW_AT_bit_offset(0x0c), DW_AT_bit_size(0x02)
    1605                      .dwattr $C$DW$112, DW_AT_data_member_location[DW_OP_plus_uconst 0x1]
    1606                      .dwattr $C$DW$112, DW_AT_accessibility(DW_ACCESS_public)
    1607              $C$DW$113       .dwtag  DW_TAG_member
    1608                      .dwattr $C$DW$113, DW_AT_type(*$C$DW$T$19)
    1609                      .dwattr $C$DW$113, DW_AT_name("GPIO10")
    1610                      .dwattr $C$DW$113, DW_AT_TI_symbol_name("_GPIO10")
    1611                      .dwattr $C$DW$113, DW_AT_bit_offset(0x0a), DW_AT_bit_size(0x02)
    1612                      .dwattr $C$DW$113, DW_AT_data_member_location[DW_OP_plus_uconst 0x1]
    1613                      .dwattr $C$DW$113, DW_AT_accessibility(DW_ACCESS_public)
    1614              $C$DW$114       .dwtag  DW_TAG_member
    1615                      .dwattr $C$DW$114, DW_AT_type(*$C$DW$T$19)
    1616                      .dwattr $C$DW$114, DW_AT_name("GPIO11")
    1617                      .dwattr $C$DW$114, DW_AT_TI_symbol_name("_GPIO11")
    1618                      .dwattr $C$DW$114, DW_AT_bit_offset(0x08), DW_AT_bit_size(0x02)
    1619                      .dwattr $C$DW$114, DW_AT_data_member_location[DW_OP_plus_uconst 0x1]
    1620                      .dwattr $C$DW$114, DW_AT_accessibility(DW_ACCESS_public)
    1621              $C$DW$115       .dwtag  DW_TAG_member
    1622                      .dwattr $C$DW$115, DW_AT_type(*$C$DW$T$19)
    1623                      .dwattr $C$DW$115, DW_AT_name("GPIO12")
    1624                      .dwattr $C$DW$115, DW_AT_TI_symbol_name("_GPIO12")
    1625                      .dwattr $C$DW$115, DW_AT_bit_offset(0x06), DW_AT_bit_size(0x02)
    1626                      .dwattr $C$DW$115, DW_AT_data_member_location[DW_OP_plus_uconst 0x1]
    1627                      .dwattr $C$DW$115, DW_AT_accessibility(DW_ACCESS_public)
    1628              $C$DW$116       .dwtag  DW_TAG_member
    1629                      .dwattr $C$DW$116, DW_AT_type(*$C$DW$T$19)
    1630                      .dwattr $C$DW$116, DW_AT_name("GPIO13")
    1631                      .dwattr $C$DW$116, DW_AT_TI_symbol_name("_GPIO13")
    1632                      .dwattr $C$DW$116, DW_AT_bit_offset(0x04), DW_AT_bit_size(0x02)
    1633                      .dwattr $C$DW$116, DW_AT_data_member_location[DW_OP_plus_uconst 0x1]
    1634                      .dwattr $C$DW$116, DW_AT_accessibility(DW_ACCESS_public)
TMS320C2000 Assembler PC v6.1.0 Fri Feb 14 09:23:40 2020

Tools Copyright (c) 1996-2012 Texas Instruments Incorporated
F:/Work/Code Area/Combis/Bootloader/Example_Flash2806x_API21_Combi/Example_Flash2806x_API21_Combi/Example_Flash2806x_API/Debug/Driver.asm PAGE   32

    1635              $C$DW$117       .dwtag  DW_TAG_member
    1636                      .dwattr $C$DW$117, DW_AT_type(*$C$DW$T$19)
    1637                      .dwattr $C$DW$117, DW_AT_name("GPIO14")
    1638                      .dwattr $C$DW$117, DW_AT_TI_symbol_name("_GPIO14")
    1639                      .dwattr $C$DW$117, DW_AT_bit_offset(0x02), DW_AT_bit_size(0x02)
    1640                      .dwattr $C$DW$117, DW_AT_data_member_location[DW_OP_plus_uconst 0x1]
    1641                      .dwattr $C$DW$117, DW_AT_accessibility(DW_ACCESS_public)
    1642              $C$DW$118       .dwtag  DW_TAG_member
    1643                      .dwattr $C$DW$118, DW_AT_type(*$C$DW$T$19)
    1644                      .dwattr $C$DW$118, DW_AT_name("GPIO15")
    1645                      .dwattr $C$DW$118, DW_AT_TI_symbol_name("_GPIO15")
    1646                      .dwattr $C$DW$118, DW_AT_bit_offset(0x00), DW_AT_bit_size(0x02)
    1647                      .dwattr $C$DW$118, DW_AT_data_member_location[DW_OP_plus_uconst 0x1]
    1648                      .dwattr $C$DW$118, DW_AT_accessibility(DW_ACCESS_public)
    1649                      .dwendtag $C$DW$T$29
    1650              
    1651              
    1652              $C$DW$T$30      .dwtag  DW_TAG_union_type
    1653                      .dwattr $C$DW$T$30, DW_AT_name("GPA1_REG")
    1654                      .dwattr $C$DW$T$30, DW_AT_byte_size(0x02)
    1655              $C$DW$119       .dwtag  DW_TAG_member
    1656                      .dwattr $C$DW$119, DW_AT_type(*$C$DW$T$21)
    1657                      .dwattr $C$DW$119, DW_AT_name("all")
    1658                      .dwattr $C$DW$119, DW_AT_TI_symbol_name("_all")
    1659                      .dwattr $C$DW$119, DW_AT_data_member_location[DW_OP_plus_uconst 0x0]
    1660                      .dwattr $C$DW$119, DW_AT_accessibility(DW_ACCESS_public)
    1661              $C$DW$120       .dwtag  DW_TAG_member
    1662                      .dwattr $C$DW$120, DW_AT_type(*$C$DW$T$29)
    1663                      .dwattr $C$DW$120, DW_AT_name("bit")
    1664                      .dwattr $C$DW$120, DW_AT_TI_symbol_name("_bit")
    1665                      .dwattr $C$DW$120, DW_AT_data_member_location[DW_OP_plus_uconst 0x0]
    1666                      .dwattr $C$DW$120, DW_AT_accessibility(DW_ACCESS_public)
    1667                      .dwendtag $C$DW$T$30
    1668              
    1669              
    1670              $C$DW$T$31      .dwtag  DW_TAG_structure_type
    1671                      .dwattr $C$DW$T$31, DW_AT_name("GPA2_BITS")
    1672                      .dwattr $C$DW$T$31, DW_AT_byte_size(0x02)
    1673              $C$DW$121       .dwtag  DW_TAG_member
    1674                      .dwattr $C$DW$121, DW_AT_type(*$C$DW$T$19)
    1675                      .dwattr $C$DW$121, DW_AT_name("GPIO16")
    1676                      .dwattr $C$DW$121, DW_AT_TI_symbol_name("_GPIO16")
    1677                      .dwattr $C$DW$121, DW_AT_bit_offset(0x0e), DW_AT_bit_size(0x02)
    1678                      .dwattr $C$DW$121, DW_AT_data_member_location[DW_OP_plus_uconst 0x0]
    1679                      .dwattr $C$DW$121, DW_AT_accessibility(DW_ACCESS_public)
    1680              $C$DW$122       .dwtag  DW_TAG_member
    1681                      .dwattr $C$DW$122, DW_AT_type(*$C$DW$T$19)
    1682                      .dwattr $C$DW$122, DW_AT_name("GPIO17")
    1683                      .dwattr $C$DW$122, DW_AT_TI_symbol_name("_GPIO17")
    1684                      .dwattr $C$DW$122, DW_AT_bit_offset(0x0c), DW_AT_bit_size(0x02)
    1685                      .dwattr $C$DW$122, DW_AT_data_member_location[DW_OP_plus_uconst 0x0]
    1686                      .dwattr $C$DW$122, DW_AT_accessibility(DW_ACCESS_public)
    1687              $C$DW$123       .dwtag  DW_TAG_member
    1688                      .dwattr $C$DW$123, DW_AT_type(*$C$DW$T$19)
    1689                      .dwattr $C$DW$123, DW_AT_name("GPIO18")
TMS320C2000 Assembler PC v6.1.0 Fri Feb 14 09:23:40 2020

Tools Copyright (c) 1996-2012 Texas Instruments Incorporated
F:/Work/Code Area/Combis/Bootloader/Example_Flash2806x_API21_Combi/Example_Flash2806x_API21_Combi/Example_Flash2806x_API/Debug/Driver.asm PAGE   33

    1690                      .dwattr $C$DW$123, DW_AT_TI_symbol_name("_GPIO18")
    1691                      .dwattr $C$DW$123, DW_AT_bit_offset(0x0a), DW_AT_bit_size(0x02)
    1692                      .dwattr $C$DW$123, DW_AT_data_member_location[DW_OP_plus_uconst 0x0]
    1693                      .dwattr $C$DW$123, DW_AT_accessibility(DW_ACCESS_public)
    1694              $C$DW$124       .dwtag  DW_TAG_member
    1695                      .dwattr $C$DW$124, DW_AT_type(*$C$DW$T$19)
    1696                      .dwattr $C$DW$124, DW_AT_name("GPIO19")
    1697                      .dwattr $C$DW$124, DW_AT_TI_symbol_name("_GPIO19")
    1698                      .dwattr $C$DW$124, DW_AT_bit_offset(0x08), DW_AT_bit_size(0x02)
    1699                      .dwattr $C$DW$124, DW_AT_data_member_location[DW_OP_plus_uconst 0x0]
    1700                      .dwattr $C$DW$124, DW_AT_accessibility(DW_ACCESS_public)
    1701              $C$DW$125       .dwtag  DW_TAG_member
    1702                      .dwattr $C$DW$125, DW_AT_type(*$C$DW$T$19)
    1703                      .dwattr $C$DW$125, DW_AT_name("GPIO20")
    1704                      .dwattr $C$DW$125, DW_AT_TI_symbol_name("_GPIO20")
    1705                      .dwattr $C$DW$125, DW_AT_bit_offset(0x06), DW_AT_bit_size(0x02)
    1706                      .dwattr $C$DW$125, DW_AT_data_member_location[DW_OP_plus_uconst 0x0]
    1707                      .dwattr $C$DW$125, DW_AT_accessibility(DW_ACCESS_public)
    1708              $C$DW$126       .dwtag  DW_TAG_member
    1709                      .dwattr $C$DW$126, DW_AT_type(*$C$DW$T$19)
    1710                      .dwattr $C$DW$126, DW_AT_name("GPIO21")
    1711                      .dwattr $C$DW$126, DW_AT_TI_symbol_name("_GPIO21")
    1712                      .dwattr $C$DW$126, DW_AT_bit_offset(0x04), DW_AT_bit_size(0x02)
    1713                      .dwattr $C$DW$126, DW_AT_data_member_location[DW_OP_plus_uconst 0x0]
    1714                      .dwattr $C$DW$126, DW_AT_accessibility(DW_ACCESS_public)
    1715              $C$DW$127       .dwtag  DW_TAG_member
    1716                      .dwattr $C$DW$127, DW_AT_type(*$C$DW$T$19)
    1717                      .dwattr $C$DW$127, DW_AT_name("GPIO22")
    1718                      .dwattr $C$DW$127, DW_AT_TI_symbol_name("_GPIO22")
    1719                      .dwattr $C$DW$127, DW_AT_bit_offset(0x02), DW_AT_bit_size(0x02)
    1720                      .dwattr $C$DW$127, DW_AT_data_member_location[DW_OP_plus_uconst 0x0]
    1721                      .dwattr $C$DW$127, DW_AT_accessibility(DW_ACCESS_public)
    1722              $C$DW$128       .dwtag  DW_TAG_member
    1723                      .dwattr $C$DW$128, DW_AT_type(*$C$DW$T$19)
    1724                      .dwattr $C$DW$128, DW_AT_name("GPIO23")
    1725                      .dwattr $C$DW$128, DW_AT_TI_symbol_name("_GPIO23")
    1726                      .dwattr $C$DW$128, DW_AT_bit_offset(0x00), DW_AT_bit_size(0x02)
    1727                      .dwattr $C$DW$128, DW_AT_data_member_location[DW_OP_plus_uconst 0x0]
    1728                      .dwattr $C$DW$128, DW_AT_accessibility(DW_ACCESS_public)
    1729              $C$DW$129       .dwtag  DW_TAG_member
    1730                      .dwattr $C$DW$129, DW_AT_type(*$C$DW$T$19)
    1731                      .dwattr $C$DW$129, DW_AT_name("GPIO24")
    1732                      .dwattr $C$DW$129, DW_AT_TI_symbol_name("_GPIO24")
    1733                      .dwattr $C$DW$129, DW_AT_bit_offset(0x0e), DW_AT_bit_size(0x02)
    1734                      .dwattr $C$DW$129, DW_AT_data_member_location[DW_OP_plus_uconst 0x1]
    1735                      .dwattr $C$DW$129, DW_AT_accessibility(DW_ACCESS_public)
    1736              $C$DW$130       .dwtag  DW_TAG_member
    1737                      .dwattr $C$DW$130, DW_AT_type(*$C$DW$T$19)
    1738                      .dwattr $C$DW$130, DW_AT_name("GPIO25")
    1739                      .dwattr $C$DW$130, DW_AT_TI_symbol_name("_GPIO25")
    1740                      .dwattr $C$DW$130, DW_AT_bit_offset(0x0c), DW_AT_bit_size(0x02)
    1741                      .dwattr $C$DW$130, DW_AT_data_member_location[DW_OP_plus_uconst 0x1]
    1742                      .dwattr $C$DW$130, DW_AT_accessibility(DW_ACCESS_public)
    1743              $C$DW$131       .dwtag  DW_TAG_member
    1744                      .dwattr $C$DW$131, DW_AT_type(*$C$DW$T$19)
TMS320C2000 Assembler PC v6.1.0 Fri Feb 14 09:23:40 2020

Tools Copyright (c) 1996-2012 Texas Instruments Incorporated
F:/Work/Code Area/Combis/Bootloader/Example_Flash2806x_API21_Combi/Example_Flash2806x_API21_Combi/Example_Flash2806x_API/Debug/Driver.asm PAGE   34

    1745                      .dwattr $C$DW$131, DW_AT_name("GPIO26")
    1746                      .dwattr $C$DW$131, DW_AT_TI_symbol_name("_GPIO26")
    1747                      .dwattr $C$DW$131, DW_AT_bit_offset(0x0a), DW_AT_bit_size(0x02)
    1748                      .dwattr $C$DW$131, DW_AT_data_member_location[DW_OP_plus_uconst 0x1]
    1749                      .dwattr $C$DW$131, DW_AT_accessibility(DW_ACCESS_public)
    1750              $C$DW$132       .dwtag  DW_TAG_member
    1751                      .dwattr $C$DW$132, DW_AT_type(*$C$DW$T$19)
    1752                      .dwattr $C$DW$132, DW_AT_name("GPIO27")
    1753                      .dwattr $C$DW$132, DW_AT_TI_symbol_name("_GPIO27")
    1754                      .dwattr $C$DW$132, DW_AT_bit_offset(0x08), DW_AT_bit_size(0x02)
    1755                      .dwattr $C$DW$132, DW_AT_data_member_location[DW_OP_plus_uconst 0x1]
    1756                      .dwattr $C$DW$132, DW_AT_accessibility(DW_ACCESS_public)
    1757              $C$DW$133       .dwtag  DW_TAG_member
    1758                      .dwattr $C$DW$133, DW_AT_type(*$C$DW$T$19)
    1759                      .dwattr $C$DW$133, DW_AT_name("GPIO28")
    1760                      .dwattr $C$DW$133, DW_AT_TI_symbol_name("_GPIO28")
    1761                      .dwattr $C$DW$133, DW_AT_bit_offset(0x06), DW_AT_bit_size(0x02)
    1762                      .dwattr $C$DW$133, DW_AT_data_member_location[DW_OP_plus_uconst 0x1]
    1763                      .dwattr $C$DW$133, DW_AT_accessibility(DW_ACCESS_public)
    1764              $C$DW$134       .dwtag  DW_TAG_member
    1765                      .dwattr $C$DW$134, DW_AT_type(*$C$DW$T$19)
    1766                      .dwattr $C$DW$134, DW_AT_name("GPIO29")
    1767                      .dwattr $C$DW$134, DW_AT_TI_symbol_name("_GPIO29")
    1768                      .dwattr $C$DW$134, DW_AT_bit_offset(0x04), DW_AT_bit_size(0x02)
    1769                      .dwattr $C$DW$134, DW_AT_data_member_location[DW_OP_plus_uconst 0x1]
    1770                      .dwattr $C$DW$134, DW_AT_accessibility(DW_ACCESS_public)
    1771              $C$DW$135       .dwtag  DW_TAG_member
    1772                      .dwattr $C$DW$135, DW_AT_type(*$C$DW$T$19)
    1773                      .dwattr $C$DW$135, DW_AT_name("GPIO30")
    1774                      .dwattr $C$DW$135, DW_AT_TI_symbol_name("_GPIO30")
    1775                      .dwattr $C$DW$135, DW_AT_bit_offset(0x02), DW_AT_bit_size(0x02)
    1776                      .dwattr $C$DW$135, DW_AT_data_member_location[DW_OP_plus_uconst 0x1]
    1777                      .dwattr $C$DW$135, DW_AT_accessibility(DW_ACCESS_public)
    1778              $C$DW$136       .dwtag  DW_TAG_member
    1779                      .dwattr $C$DW$136, DW_AT_type(*$C$DW$T$19)
    1780                      .dwattr $C$DW$136, DW_AT_name("GPIO31")
    1781                      .dwattr $C$DW$136, DW_AT_TI_symbol_name("_GPIO31")
    1782                      .dwattr $C$DW$136, DW_AT_bit_offset(0x00), DW_AT_bit_size(0x02)
    1783                      .dwattr $C$DW$136, DW_AT_data_member_location[DW_OP_plus_uconst 0x1]
    1784                      .dwattr $C$DW$136, DW_AT_accessibility(DW_ACCESS_public)
    1785                      .dwendtag $C$DW$T$31
    1786              
    1787              
    1788              $C$DW$T$32      .dwtag  DW_TAG_union_type
    1789                      .dwattr $C$DW$T$32, DW_AT_name("GPA2_REG")
    1790                      .dwattr $C$DW$T$32, DW_AT_byte_size(0x02)
    1791              $C$DW$137       .dwtag  DW_TAG_member
    1792                      .dwattr $C$DW$137, DW_AT_type(*$C$DW$T$21)
    1793                      .dwattr $C$DW$137, DW_AT_name("all")
    1794                      .dwattr $C$DW$137, DW_AT_TI_symbol_name("_all")
    1795                      .dwattr $C$DW$137, DW_AT_data_member_location[DW_OP_plus_uconst 0x0]
    1796                      .dwattr $C$DW$137, DW_AT_accessibility(DW_ACCESS_public)
    1797              $C$DW$138       .dwtag  DW_TAG_member
    1798                      .dwattr $C$DW$138, DW_AT_type(*$C$DW$T$31)
    1799                      .dwattr $C$DW$138, DW_AT_name("bit")
TMS320C2000 Assembler PC v6.1.0 Fri Feb 14 09:23:40 2020

Tools Copyright (c) 1996-2012 Texas Instruments Incorporated
F:/Work/Code Area/Combis/Bootloader/Example_Flash2806x_API21_Combi/Example_Flash2806x_API21_Combi/Example_Flash2806x_API/Debug/Driver.asm PAGE   35

    1800                      .dwattr $C$DW$138, DW_AT_TI_symbol_name("_bit")
    1801                      .dwattr $C$DW$138, DW_AT_data_member_location[DW_OP_plus_uconst 0x0]
    1802                      .dwattr $C$DW$138, DW_AT_accessibility(DW_ACCESS_public)
    1803                      .dwendtag $C$DW$T$32
    1804              
    1805              
    1806              $C$DW$T$33      .dwtag  DW_TAG_structure_type
    1807                      .dwattr $C$DW$T$33, DW_AT_name("GPACTRL_BITS")
    1808                      .dwattr $C$DW$T$33, DW_AT_byte_size(0x02)
    1809              $C$DW$139       .dwtag  DW_TAG_member
    1810                      .dwattr $C$DW$139, DW_AT_type(*$C$DW$T$19)
    1811                      .dwattr $C$DW$139, DW_AT_name("QUALPRD0")
    1812                      .dwattr $C$DW$139, DW_AT_TI_symbol_name("_QUALPRD0")
    1813                      .dwattr $C$DW$139, DW_AT_bit_offset(0x08), DW_AT_bit_size(0x08)
    1814                      .dwattr $C$DW$139, DW_AT_data_member_location[DW_OP_plus_uconst 0x0]
    1815                      .dwattr $C$DW$139, DW_AT_accessibility(DW_ACCESS_public)
    1816              $C$DW$140       .dwtag  DW_TAG_member
    1817                      .dwattr $C$DW$140, DW_AT_type(*$C$DW$T$19)
    1818                      .dwattr $C$DW$140, DW_AT_name("QUALPRD1")
    1819                      .dwattr $C$DW$140, DW_AT_TI_symbol_name("_QUALPRD1")
    1820                      .dwattr $C$DW$140, DW_AT_bit_offset(0x00), DW_AT_bit_size(0x08)
    1821                      .dwattr $C$DW$140, DW_AT_data_member_location[DW_OP_plus_uconst 0x0]
    1822                      .dwattr $C$DW$140, DW_AT_accessibility(DW_ACCESS_public)
    1823              $C$DW$141       .dwtag  DW_TAG_member
    1824                      .dwattr $C$DW$141, DW_AT_type(*$C$DW$T$19)
    1825                      .dwattr $C$DW$141, DW_AT_name("QUALPRD2")
    1826                      .dwattr $C$DW$141, DW_AT_TI_symbol_name("_QUALPRD2")
    1827                      .dwattr $C$DW$141, DW_AT_bit_offset(0x08), DW_AT_bit_size(0x08)
    1828                      .dwattr $C$DW$141, DW_AT_data_member_location[DW_OP_plus_uconst 0x1]
    1829                      .dwattr $C$DW$141, DW_AT_accessibility(DW_ACCESS_public)
    1830              $C$DW$142       .dwtag  DW_TAG_member
    1831                      .dwattr $C$DW$142, DW_AT_type(*$C$DW$T$19)
    1832                      .dwattr $C$DW$142, DW_AT_name("QUALPRD3")
    1833                      .dwattr $C$DW$142, DW_AT_TI_symbol_name("_QUALPRD3")
    1834                      .dwattr $C$DW$142, DW_AT_bit_offset(0x00), DW_AT_bit_size(0x08)
    1835                      .dwattr $C$DW$142, DW_AT_data_member_location[DW_OP_plus_uconst 0x1]
    1836                      .dwattr $C$DW$142, DW_AT_accessibility(DW_ACCESS_public)
    1837                      .dwendtag $C$DW$T$33
    1838              
    1839              
    1840              $C$DW$T$34      .dwtag  DW_TAG_union_type
    1841                      .dwattr $C$DW$T$34, DW_AT_name("GPACTRL_REG")
    1842                      .dwattr $C$DW$T$34, DW_AT_byte_size(0x02)
    1843              $C$DW$143       .dwtag  DW_TAG_member
    1844                      .dwattr $C$DW$143, DW_AT_type(*$C$DW$T$21)
    1845                      .dwattr $C$DW$143, DW_AT_name("all")
    1846                      .dwattr $C$DW$143, DW_AT_TI_symbol_name("_all")
    1847                      .dwattr $C$DW$143, DW_AT_data_member_location[DW_OP_plus_uconst 0x0]
    1848                      .dwattr $C$DW$143, DW_AT_accessibility(DW_ACCESS_public)
    1849              $C$DW$144       .dwtag  DW_TAG_member
    1850                      .dwattr $C$DW$144, DW_AT_type(*$C$DW$T$33)
    1851                      .dwattr $C$DW$144, DW_AT_name("bit")
    1852                      .dwattr $C$DW$144, DW_AT_TI_symbol_name("_bit")
    1853                      .dwattr $C$DW$144, DW_AT_data_member_location[DW_OP_plus_uconst 0x0]
    1854                      .dwattr $C$DW$144, DW_AT_accessibility(DW_ACCESS_public)
TMS320C2000 Assembler PC v6.1.0 Fri Feb 14 09:23:40 2020

Tools Copyright (c) 1996-2012 Texas Instruments Incorporated
F:/Work/Code Area/Combis/Bootloader/Example_Flash2806x_API21_Combi/Example_Flash2806x_API21_Combi/Example_Flash2806x_API/Debug/Driver.asm PAGE   36

    1855                      .dwendtag $C$DW$T$34
    1856              
    1857              
    1858              $C$DW$T$35      .dwtag  DW_TAG_structure_type
    1859                      .dwattr $C$DW$T$35, DW_AT_name("GPADAT_BITS")
    1860                      .dwattr $C$DW$T$35, DW_AT_byte_size(0x02)
    1861              $C$DW$145       .dwtag  DW_TAG_member
    1862                      .dwattr $C$DW$145, DW_AT_type(*$C$DW$T$19)
    1863                      .dwattr $C$DW$145, DW_AT_name("GPIO0")
    1864                      .dwattr $C$DW$145, DW_AT_TI_symbol_name("_GPIO0")
    1865                      .dwattr $C$DW$145, DW_AT_bit_offset(0x0f), DW_AT_bit_size(0x01)
    1866                      .dwattr $C$DW$145, DW_AT_data_member_location[DW_OP_plus_uconst 0x0]
    1867                      .dwattr $C$DW$145, DW_AT_accessibility(DW_ACCESS_public)
    1868              $C$DW$146       .dwtag  DW_TAG_member
    1869                      .dwattr $C$DW$146, DW_AT_type(*$C$DW$T$19)
    1870                      .dwattr $C$DW$146, DW_AT_name("GPIO1")
    1871                      .dwattr $C$DW$146, DW_AT_TI_symbol_name("_GPIO1")
    1872                      .dwattr $C$DW$146, DW_AT_bit_offset(0x0e), DW_AT_bit_size(0x01)
    1873                      .dwattr $C$DW$146, DW_AT_data_member_location[DW_OP_plus_uconst 0x0]
    1874                      .dwattr $C$DW$146, DW_AT_accessibility(DW_ACCESS_public)
    1875              $C$DW$147       .dwtag  DW_TAG_member
    1876                      .dwattr $C$DW$147, DW_AT_type(*$C$DW$T$19)
    1877                      .dwattr $C$DW$147, DW_AT_name("GPIO2")
    1878                      .dwattr $C$DW$147, DW_AT_TI_symbol_name("_GPIO2")
    1879                      .dwattr $C$DW$147, DW_AT_bit_offset(0x0d), DW_AT_bit_size(0x01)
    1880                      .dwattr $C$DW$147, DW_AT_data_member_location[DW_OP_plus_uconst 0x0]
    1881                      .dwattr $C$DW$147, DW_AT_accessibility(DW_ACCESS_public)
    1882              $C$DW$148       .dwtag  DW_TAG_member
    1883                      .dwattr $C$DW$148, DW_AT_type(*$C$DW$T$19)
    1884                      .dwattr $C$DW$148, DW_AT_name("GPIO3")
    1885                      .dwattr $C$DW$148, DW_AT_TI_symbol_name("_GPIO3")
    1886                      .dwattr $C$DW$148, DW_AT_bit_offset(0x0c), DW_AT_bit_size(0x01)
    1887                      .dwattr $C$DW$148, DW_AT_data_member_location[DW_OP_plus_uconst 0x0]
    1888                      .dwattr $C$DW$148, DW_AT_accessibility(DW_ACCESS_public)
    1889              $C$DW$149       .dwtag  DW_TAG_member
    1890                      .dwattr $C$DW$149, DW_AT_type(*$C$DW$T$19)
    1891                      .dwattr $C$DW$149, DW_AT_name("GPIO4")
    1892                      .dwattr $C$DW$149, DW_AT_TI_symbol_name("_GPIO4")
    1893                      .dwattr $C$DW$149, DW_AT_bit_offset(0x0b), DW_AT_bit_size(0x01)
    1894                      .dwattr $C$DW$149, DW_AT_data_member_location[DW_OP_plus_uconst 0x0]
    1895                      .dwattr $C$DW$149, DW_AT_accessibility(DW_ACCESS_public)
    1896              $C$DW$150       .dwtag  DW_TAG_member
    1897                      .dwattr $C$DW$150, DW_AT_type(*$C$DW$T$19)
    1898                      .dwattr $C$DW$150, DW_AT_name("GPIO5")
    1899                      .dwattr $C$DW$150, DW_AT_TI_symbol_name("_GPIO5")
    1900                      .dwattr $C$DW$150, DW_AT_bit_offset(0x0a), DW_AT_bit_size(0x01)
    1901                      .dwattr $C$DW$150, DW_AT_data_member_location[DW_OP_plus_uconst 0x0]
    1902                      .dwattr $C$DW$150, DW_AT_accessibility(DW_ACCESS_public)
    1903              $C$DW$151       .dwtag  DW_TAG_member
    1904                      .dwattr $C$DW$151, DW_AT_type(*$C$DW$T$19)
    1905                      .dwattr $C$DW$151, DW_AT_name("GPIO6")
    1906                      .dwattr $C$DW$151, DW_AT_TI_symbol_name("_GPIO6")
    1907                      .dwattr $C$DW$151, DW_AT_bit_offset(0x09), DW_AT_bit_size(0x01)
    1908                      .dwattr $C$DW$151, DW_AT_data_member_location[DW_OP_plus_uconst 0x0]
    1909                      .dwattr $C$DW$151, DW_AT_accessibility(DW_ACCESS_public)
TMS320C2000 Assembler PC v6.1.0 Fri Feb 14 09:23:40 2020

Tools Copyright (c) 1996-2012 Texas Instruments Incorporated
F:/Work/Code Area/Combis/Bootloader/Example_Flash2806x_API21_Combi/Example_Flash2806x_API21_Combi/Example_Flash2806x_API/Debug/Driver.asm PAGE   37

    1910              $C$DW$152       .dwtag  DW_TAG_member
    1911                      .dwattr $C$DW$152, DW_AT_type(*$C$DW$T$19)
    1912                      .dwattr $C$DW$152, DW_AT_name("GPIO7")
    1913                      .dwattr $C$DW$152, DW_AT_TI_symbol_name("_GPIO7")
    1914                      .dwattr $C$DW$152, DW_AT_bit_offset(0x08), DW_AT_bit_size(0x01)
    1915                      .dwattr $C$DW$152, DW_AT_data_member_location[DW_OP_plus_uconst 0x0]
    1916                      .dwattr $C$DW$152, DW_AT_accessibility(DW_ACCESS_public)
    1917              $C$DW$153       .dwtag  DW_TAG_member
    1918                      .dwattr $C$DW$153, DW_AT_type(*$C$DW$T$19)
    1919                      .dwattr $C$DW$153, DW_AT_name("GPIO8")
    1920                      .dwattr $C$DW$153, DW_AT_TI_symbol_name("_GPIO8")
    1921                      .dwattr $C$DW$153, DW_AT_bit_offset(0x07), DW_AT_bit_size(0x01)
    1922                      .dwattr $C$DW$153, DW_AT_data_member_location[DW_OP_plus_uconst 0x0]
    1923                      .dwattr $C$DW$153, DW_AT_accessibility(DW_ACCESS_public)
    1924              $C$DW$154       .dwtag  DW_TAG_member
    1925                      .dwattr $C$DW$154, DW_AT_type(*$C$DW$T$19)
    1926                      .dwattr $C$DW$154, DW_AT_name("GPIO9")
    1927                      .dwattr $C$DW$154, DW_AT_TI_symbol_name("_GPIO9")
    1928                      .dwattr $C$DW$154, DW_AT_bit_offset(0x06), DW_AT_bit_size(0x01)
    1929                      .dwattr $C$DW$154, DW_AT_data_member_location[DW_OP_plus_uconst 0x0]
    1930                      .dwattr $C$DW$154, DW_AT_accessibility(DW_ACCESS_public)
    1931              $C$DW$155       .dwtag  DW_TAG_member
    1932                      .dwattr $C$DW$155, DW_AT_type(*$C$DW$T$19)
    1933                      .dwattr $C$DW$155, DW_AT_name("GPIO10")
    1934                      .dwattr $C$DW$155, DW_AT_TI_symbol_name("_GPIO10")
    1935                      .dwattr $C$DW$155, DW_AT_bit_offset(0x05), DW_AT_bit_size(0x01)
    1936                      .dwattr $C$DW$155, DW_AT_data_member_location[DW_OP_plus_uconst 0x0]
    1937                      .dwattr $C$DW$155, DW_AT_accessibility(DW_ACCESS_public)
    1938              $C$DW$156       .dwtag  DW_TAG_member
    1939                      .dwattr $C$DW$156, DW_AT_type(*$C$DW$T$19)
    1940                      .dwattr $C$DW$156, DW_AT_name("GPIO11")
    1941                      .dwattr $C$DW$156, DW_AT_TI_symbol_name("_GPIO11")
    1942                      .dwattr $C$DW$156, DW_AT_bit_offset(0x04), DW_AT_bit_size(0x01)
    1943                      .dwattr $C$DW$156, DW_AT_data_member_location[DW_OP_plus_uconst 0x0]
    1944                      .dwattr $C$DW$156, DW_AT_accessibility(DW_ACCESS_public)
    1945              $C$DW$157       .dwtag  DW_TAG_member
    1946                      .dwattr $C$DW$157, DW_AT_type(*$C$DW$T$19)
    1947                      .dwattr $C$DW$157, DW_AT_name("GPIO12")
    1948                      .dwattr $C$DW$157, DW_AT_TI_symbol_name("_GPIO12")
    1949                      .dwattr $C$DW$157, DW_AT_bit_offset(0x03), DW_AT_bit_size(0x01)
    1950                      .dwattr $C$DW$157, DW_AT_data_member_location[DW_OP_plus_uconst 0x0]
    1951                      .dwattr $C$DW$157, DW_AT_accessibility(DW_ACCESS_public)
    1952              $C$DW$158       .dwtag  DW_TAG_member
    1953                      .dwattr $C$DW$158, DW_AT_type(*$C$DW$T$19)
    1954                      .dwattr $C$DW$158, DW_AT_name("GPIO13")
    1955                      .dwattr $C$DW$158, DW_AT_TI_symbol_name("_GPIO13")
    1956                      .dwattr $C$DW$158, DW_AT_bit_offset(0x02), DW_AT_bit_size(0x01)
    1957                      .dwattr $C$DW$158, DW_AT_data_member_location[DW_OP_plus_uconst 0x0]
    1958                      .dwattr $C$DW$158, DW_AT_accessibility(DW_ACCESS_public)
    1959              $C$DW$159       .dwtag  DW_TAG_member
    1960                      .dwattr $C$DW$159, DW_AT_type(*$C$DW$T$19)
    1961                      .dwattr $C$DW$159, DW_AT_name("GPIO14")
    1962                      .dwattr $C$DW$159, DW_AT_TI_symbol_name("_GPIO14")
    1963                      .dwattr $C$DW$159, DW_AT_bit_offset(0x01), DW_AT_bit_size(0x01)
    1964                      .dwattr $C$DW$159, DW_AT_data_member_location[DW_OP_plus_uconst 0x0]
TMS320C2000 Assembler PC v6.1.0 Fri Feb 14 09:23:40 2020

Tools Copyright (c) 1996-2012 Texas Instruments Incorporated
F:/Work/Code Area/Combis/Bootloader/Example_Flash2806x_API21_Combi/Example_Flash2806x_API21_Combi/Example_Flash2806x_API/Debug/Driver.asm PAGE   38

    1965                      .dwattr $C$DW$159, DW_AT_accessibility(DW_ACCESS_public)
    1966              $C$DW$160       .dwtag  DW_TAG_member
    1967                      .dwattr $C$DW$160, DW_AT_type(*$C$DW$T$19)
    1968                      .dwattr $C$DW$160, DW_AT_name("GPIO15")
    1969                      .dwattr $C$DW$160, DW_AT_TI_symbol_name("_GPIO15")
    1970                      .dwattr $C$DW$160, DW_AT_bit_offset(0x00), DW_AT_bit_size(0x01)
    1971                      .dwattr $C$DW$160, DW_AT_data_member_location[DW_OP_plus_uconst 0x0]
    1972                      .dwattr $C$DW$160, DW_AT_accessibility(DW_ACCESS_public)
    1973              $C$DW$161       .dwtag  DW_TAG_member
    1974                      .dwattr $C$DW$161, DW_AT_type(*$C$DW$T$19)
    1975                      .dwattr $C$DW$161, DW_AT_name("GPIO16")
    1976                      .dwattr $C$DW$161, DW_AT_TI_symbol_name("_GPIO16")
    1977                      .dwattr $C$DW$161, DW_AT_bit_offset(0x0f), DW_AT_bit_size(0x01)
    1978                      .dwattr $C$DW$161, DW_AT_data_member_location[DW_OP_plus_uconst 0x1]
    1979                      .dwattr $C$DW$161, DW_AT_accessibility(DW_ACCESS_public)
    1980              $C$DW$162       .dwtag  DW_TAG_member
    1981                      .dwattr $C$DW$162, DW_AT_type(*$C$DW$T$19)
    1982                      .dwattr $C$DW$162, DW_AT_name("GPIO17")
    1983                      .dwattr $C$DW$162, DW_AT_TI_symbol_name("_GPIO17")
    1984                      .dwattr $C$DW$162, DW_AT_bit_offset(0x0e), DW_AT_bit_size(0x01)
    1985                      .dwattr $C$DW$162, DW_AT_data_member_location[DW_OP_plus_uconst 0x1]
    1986                      .dwattr $C$DW$162, DW_AT_accessibility(DW_ACCESS_public)
    1987              $C$DW$163       .dwtag  DW_TAG_member
    1988                      .dwattr $C$DW$163, DW_AT_type(*$C$DW$T$19)
    1989                      .dwattr $C$DW$163, DW_AT_name("GPIO18")
    1990                      .dwattr $C$DW$163, DW_AT_TI_symbol_name("_GPIO18")
    1991                      .dwattr $C$DW$163, DW_AT_bit_offset(0x0d), DW_AT_bit_size(0x01)
    1992                      .dwattr $C$DW$163, DW_AT_data_member_location[DW_OP_plus_uconst 0x1]
    1993                      .dwattr $C$DW$163, DW_AT_accessibility(DW_ACCESS_public)
    1994              $C$DW$164       .dwtag  DW_TAG_member
    1995                      .dwattr $C$DW$164, DW_AT_type(*$C$DW$T$19)
    1996                      .dwattr $C$DW$164, DW_AT_name("GPIO19")
    1997                      .dwattr $C$DW$164, DW_AT_TI_symbol_name("_GPIO19")
    1998                      .dwattr $C$DW$164, DW_AT_bit_offset(0x0c), DW_AT_bit_size(0x01)
    1999                      .dwattr $C$DW$164, DW_AT_data_member_location[DW_OP_plus_uconst 0x1]
    2000                      .dwattr $C$DW$164, DW_AT_accessibility(DW_ACCESS_public)
    2001              $C$DW$165       .dwtag  DW_TAG_member
    2002                      .dwattr $C$DW$165, DW_AT_type(*$C$DW$T$19)
    2003                      .dwattr $C$DW$165, DW_AT_name("GPIO20")
    2004                      .dwattr $C$DW$165, DW_AT_TI_symbol_name("_GPIO20")
    2005                      .dwattr $C$DW$165, DW_AT_bit_offset(0x0b), DW_AT_bit_size(0x01)
    2006                      .dwattr $C$DW$165, DW_AT_data_member_location[DW_OP_plus_uconst 0x1]
    2007                      .dwattr $C$DW$165, DW_AT_accessibility(DW_ACCESS_public)
    2008              $C$DW$166       .dwtag  DW_TAG_member
    2009                      .dwattr $C$DW$166, DW_AT_type(*$C$DW$T$19)
    2010                      .dwattr $C$DW$166, DW_AT_name("GPIO21")
    2011                      .dwattr $C$DW$166, DW_AT_TI_symbol_name("_GPIO21")
    2012                      .dwattr $C$DW$166, DW_AT_bit_offset(0x0a), DW_AT_bit_size(0x01)
    2013                      .dwattr $C$DW$166, DW_AT_data_member_location[DW_OP_plus_uconst 0x1]
    2014                      .dwattr $C$DW$166, DW_AT_accessibility(DW_ACCESS_public)
    2015              $C$DW$167       .dwtag  DW_TAG_member
    2016                      .dwattr $C$DW$167, DW_AT_type(*$C$DW$T$19)
    2017                      .dwattr $C$DW$167, DW_AT_name("GPIO22")
    2018                      .dwattr $C$DW$167, DW_AT_TI_symbol_name("_GPIO22")
    2019                      .dwattr $C$DW$167, DW_AT_bit_offset(0x09), DW_AT_bit_size(0x01)
TMS320C2000 Assembler PC v6.1.0 Fri Feb 14 09:23:40 2020

Tools Copyright (c) 1996-2012 Texas Instruments Incorporated
F:/Work/Code Area/Combis/Bootloader/Example_Flash2806x_API21_Combi/Example_Flash2806x_API21_Combi/Example_Flash2806x_API/Debug/Driver.asm PAGE   39

    2020                      .dwattr $C$DW$167, DW_AT_data_member_location[DW_OP_plus_uconst 0x1]
    2021                      .dwattr $C$DW$167, DW_AT_accessibility(DW_ACCESS_public)
    2022              $C$DW$168       .dwtag  DW_TAG_member
    2023                      .dwattr $C$DW$168, DW_AT_type(*$C$DW$T$19)
    2024                      .dwattr $C$DW$168, DW_AT_name("GPIO23")
    2025                      .dwattr $C$DW$168, DW_AT_TI_symbol_name("_GPIO23")
    2026                      .dwattr $C$DW$168, DW_AT_bit_offset(0x08), DW_AT_bit_size(0x01)
    2027                      .dwattr $C$DW$168, DW_AT_data_member_location[DW_OP_plus_uconst 0x1]
    2028                      .dwattr $C$DW$168, DW_AT_accessibility(DW_ACCESS_public)
    2029              $C$DW$169       .dwtag  DW_TAG_member
    2030                      .dwattr $C$DW$169, DW_AT_type(*$C$DW$T$19)
    2031                      .dwattr $C$DW$169, DW_AT_name("GPIO24")
    2032                      .dwattr $C$DW$169, DW_AT_TI_symbol_name("_GPIO24")
    2033                      .dwattr $C$DW$169, DW_AT_bit_offset(0x07), DW_AT_bit_size(0x01)
    2034                      .dwattr $C$DW$169, DW_AT_data_member_location[DW_OP_plus_uconst 0x1]
    2035                      .dwattr $C$DW$169, DW_AT_accessibility(DW_ACCESS_public)
    2036              $C$DW$170       .dwtag  DW_TAG_member
    2037                      .dwattr $C$DW$170, DW_AT_type(*$C$DW$T$19)
    2038                      .dwattr $C$DW$170, DW_AT_name("GPIO25")
    2039                      .dwattr $C$DW$170, DW_AT_TI_symbol_name("_GPIO25")
    2040                      .dwattr $C$DW$170, DW_AT_bit_offset(0x06), DW_AT_bit_size(0x01)
    2041                      .dwattr $C$DW$170, DW_AT_data_member_location[DW_OP_plus_uconst 0x1]
    2042                      .dwattr $C$DW$170, DW_AT_accessibility(DW_ACCESS_public)
    2043              $C$DW$171       .dwtag  DW_TAG_member
    2044                      .dwattr $C$DW$171, DW_AT_type(*$C$DW$T$19)
    2045                      .dwattr $C$DW$171, DW_AT_name("GPIO26")
    2046                      .dwattr $C$DW$171, DW_AT_TI_symbol_name("_GPIO26")
    2047                      .dwattr $C$DW$171, DW_AT_bit_offset(0x05), DW_AT_bit_size(0x01)
    2048                      .dwattr $C$DW$171, DW_AT_data_member_location[DW_OP_plus_uconst 0x1]
    2049                      .dwattr $C$DW$171, DW_AT_accessibility(DW_ACCESS_public)
    2050              $C$DW$172       .dwtag  DW_TAG_member
    2051                      .dwattr $C$DW$172, DW_AT_type(*$C$DW$T$19)
    2052                      .dwattr $C$DW$172, DW_AT_name("GPIO27")
    2053                      .dwattr $C$DW$172, DW_AT_TI_symbol_name("_GPIO27")
    2054                      .dwattr $C$DW$172, DW_AT_bit_offset(0x04), DW_AT_bit_size(0x01)
    2055                      .dwattr $C$DW$172, DW_AT_data_member_location[DW_OP_plus_uconst 0x1]
    2056                      .dwattr $C$DW$172, DW_AT_accessibility(DW_ACCESS_public)
    2057              $C$DW$173       .dwtag  DW_TAG_member
    2058                      .dwattr $C$DW$173, DW_AT_type(*$C$DW$T$19)
    2059                      .dwattr $C$DW$173, DW_AT_name("GPIO28")
    2060                      .dwattr $C$DW$173, DW_AT_TI_symbol_name("_GPIO28")
    2061                      .dwattr $C$DW$173, DW_AT_bit_offset(0x03), DW_AT_bit_size(0x01)
    2062                      .dwattr $C$DW$173, DW_AT_data_member_location[DW_OP_plus_uconst 0x1]
    2063                      .dwattr $C$DW$173, DW_AT_accessibility(DW_ACCESS_public)
    2064              $C$DW$174       .dwtag  DW_TAG_member
    2065                      .dwattr $C$DW$174, DW_AT_type(*$C$DW$T$19)
    2066                      .dwattr $C$DW$174, DW_AT_name("GPIO29")
    2067                      .dwattr $C$DW$174, DW_AT_TI_symbol_name("_GPIO29")
    2068                      .dwattr $C$DW$174, DW_AT_bit_offset(0x02), DW_AT_bit_size(0x01)
    2069                      .dwattr $C$DW$174, DW_AT_data_member_location[DW_OP_plus_uconst 0x1]
    2070                      .dwattr $C$DW$174, DW_AT_accessibility(DW_ACCESS_public)
    2071              $C$DW$175       .dwtag  DW_TAG_member
    2072                      .dwattr $C$DW$175, DW_AT_type(*$C$DW$T$19)
    2073                      .dwattr $C$DW$175, DW_AT_name("GPIO30")
    2074                      .dwattr $C$DW$175, DW_AT_TI_symbol_name("_GPIO30")
TMS320C2000 Assembler PC v6.1.0 Fri Feb 14 09:23:40 2020

Tools Copyright (c) 1996-2012 Texas Instruments Incorporated
F:/Work/Code Area/Combis/Bootloader/Example_Flash2806x_API21_Combi/Example_Flash2806x_API21_Combi/Example_Flash2806x_API/Debug/Driver.asm PAGE   40

    2075                      .dwattr $C$DW$175, DW_AT_bit_offset(0x01), DW_AT_bit_size(0x01)
    2076                      .dwattr $C$DW$175, DW_AT_data_member_location[DW_OP_plus_uconst 0x1]
    2077                      .dwattr $C$DW$175, DW_AT_accessibility(DW_ACCESS_public)
    2078              $C$DW$176       .dwtag  DW_TAG_member
    2079                      .dwattr $C$DW$176, DW_AT_type(*$C$DW$T$19)
    2080                      .dwattr $C$DW$176, DW_AT_name("GPIO31")
    2081                      .dwattr $C$DW$176, DW_AT_TI_symbol_name("_GPIO31")
    2082                      .dwattr $C$DW$176, DW_AT_bit_offset(0x00), DW_AT_bit_size(0x01)
    2083                      .dwattr $C$DW$176, DW_AT_data_member_location[DW_OP_plus_uconst 0x1]
    2084                      .dwattr $C$DW$176, DW_AT_accessibility(DW_ACCESS_public)
    2085                      .dwendtag $C$DW$T$35
    2086              
    2087              
    2088              $C$DW$T$36      .dwtag  DW_TAG_union_type
    2089                      .dwattr $C$DW$T$36, DW_AT_name("GPADAT_REG")
    2090                      .dwattr $C$DW$T$36, DW_AT_byte_size(0x02)
    2091              $C$DW$177       .dwtag  DW_TAG_member
    2092                      .dwattr $C$DW$177, DW_AT_type(*$C$DW$T$21)
    2093                      .dwattr $C$DW$177, DW_AT_name("all")
    2094                      .dwattr $C$DW$177, DW_AT_TI_symbol_name("_all")
    2095                      .dwattr $C$DW$177, DW_AT_data_member_location[DW_OP_plus_uconst 0x0]
    2096                      .dwattr $C$DW$177, DW_AT_accessibility(DW_ACCESS_public)
    2097              $C$DW$178       .dwtag  DW_TAG_member
    2098                      .dwattr $C$DW$178, DW_AT_type(*$C$DW$T$35)
    2099                      .dwattr $C$DW$178, DW_AT_name("bit")
    2100                      .dwattr $C$DW$178, DW_AT_TI_symbol_name("_bit")
    2101                      .dwattr $C$DW$178, DW_AT_data_member_location[DW_OP_plus_uconst 0x0]
    2102                      .dwattr $C$DW$178, DW_AT_accessibility(DW_ACCESS_public)
    2103                      .dwendtag $C$DW$T$36
    2104              
    2105              
    2106              $C$DW$T$37      .dwtag  DW_TAG_structure_type
    2107                      .dwattr $C$DW$T$37, DW_AT_name("GPB1_BITS")
    2108                      .dwattr $C$DW$T$37, DW_AT_byte_size(0x02)
    2109              $C$DW$179       .dwtag  DW_TAG_member
    2110                      .dwattr $C$DW$179, DW_AT_type(*$C$DW$T$19)
    2111                      .dwattr $C$DW$179, DW_AT_name("GPIO32")
    2112                      .dwattr $C$DW$179, DW_AT_TI_symbol_name("_GPIO32")
    2113                      .dwattr $C$DW$179, DW_AT_bit_offset(0x0e), DW_AT_bit_size(0x02)
    2114                      .dwattr $C$DW$179, DW_AT_data_member_location[DW_OP_plus_uconst 0x0]
    2115                      .dwattr $C$DW$179, DW_AT_accessibility(DW_ACCESS_public)
    2116              $C$DW$180       .dwtag  DW_TAG_member
    2117                      .dwattr $C$DW$180, DW_AT_type(*$C$DW$T$19)
    2118                      .dwattr $C$DW$180, DW_AT_name("GPIO33")
    2119                      .dwattr $C$DW$180, DW_AT_TI_symbol_name("_GPIO33")
    2120                      .dwattr $C$DW$180, DW_AT_bit_offset(0x0c), DW_AT_bit_size(0x02)
    2121                      .dwattr $C$DW$180, DW_AT_data_member_location[DW_OP_plus_uconst 0x0]
    2122                      .dwattr $C$DW$180, DW_AT_accessibility(DW_ACCESS_public)
    2123              $C$DW$181       .dwtag  DW_TAG_member
    2124                      .dwattr $C$DW$181, DW_AT_type(*$C$DW$T$19)
    2125                      .dwattr $C$DW$181, DW_AT_name("GPIO34")
    2126                      .dwattr $C$DW$181, DW_AT_TI_symbol_name("_GPIO34")
    2127                      .dwattr $C$DW$181, DW_AT_bit_offset(0x0a), DW_AT_bit_size(0x02)
    2128                      .dwattr $C$DW$181, DW_AT_data_member_location[DW_OP_plus_uconst 0x0]
    2129                      .dwattr $C$DW$181, DW_AT_accessibility(DW_ACCESS_public)
TMS320C2000 Assembler PC v6.1.0 Fri Feb 14 09:23:40 2020

Tools Copyright (c) 1996-2012 Texas Instruments Incorporated
F:/Work/Code Area/Combis/Bootloader/Example_Flash2806x_API21_Combi/Example_Flash2806x_API21_Combi/Example_Flash2806x_API/Debug/Driver.asm PAGE   41

    2130              $C$DW$182       .dwtag  DW_TAG_member
    2131                      .dwattr $C$DW$182, DW_AT_type(*$C$DW$T$19)
    2132                      .dwattr $C$DW$182, DW_AT_name("GPIO35")
    2133                      .dwattr $C$DW$182, DW_AT_TI_symbol_name("_GPIO35")
    2134                      .dwattr $C$DW$182, DW_AT_bit_offset(0x08), DW_AT_bit_size(0x02)
    2135                      .dwattr $C$DW$182, DW_AT_data_member_location[DW_OP_plus_uconst 0x0]
    2136                      .dwattr $C$DW$182, DW_AT_accessibility(DW_ACCESS_public)
    2137              $C$DW$183       .dwtag  DW_TAG_member
    2138                      .dwattr $C$DW$183, DW_AT_type(*$C$DW$T$19)
    2139                      .dwattr $C$DW$183, DW_AT_name("GPIO36")
    2140                      .dwattr $C$DW$183, DW_AT_TI_symbol_name("_GPIO36")
    2141                      .dwattr $C$DW$183, DW_AT_bit_offset(0x06), DW_AT_bit_size(0x02)
    2142                      .dwattr $C$DW$183, DW_AT_data_member_location[DW_OP_plus_uconst 0x0]
    2143                      .dwattr $C$DW$183, DW_AT_accessibility(DW_ACCESS_public)
    2144              $C$DW$184       .dwtag  DW_TAG_member
    2145                      .dwattr $C$DW$184, DW_AT_type(*$C$DW$T$19)
    2146                      .dwattr $C$DW$184, DW_AT_name("GPIO37")
    2147                      .dwattr $C$DW$184, DW_AT_TI_symbol_name("_GPIO37")
    2148                      .dwattr $C$DW$184, DW_AT_bit_offset(0x04), DW_AT_bit_size(0x02)
    2149                      .dwattr $C$DW$184, DW_AT_data_member_location[DW_OP_plus_uconst 0x0]
    2150                      .dwattr $C$DW$184, DW_AT_accessibility(DW_ACCESS_public)
    2151              $C$DW$185       .dwtag  DW_TAG_member
    2152                      .dwattr $C$DW$185, DW_AT_type(*$C$DW$T$19)
    2153                      .dwattr $C$DW$185, DW_AT_name("GPIO38")
    2154                      .dwattr $C$DW$185, DW_AT_TI_symbol_name("_GPIO38")
    2155                      .dwattr $C$DW$185, DW_AT_bit_offset(0x02), DW_AT_bit_size(0x02)
    2156                      .dwattr $C$DW$185, DW_AT_data_member_location[DW_OP_plus_uconst 0x0]
    2157                      .dwattr $C$DW$185, DW_AT_accessibility(DW_ACCESS_public)
    2158              $C$DW$186       .dwtag  DW_TAG_member
    2159                      .dwattr $C$DW$186, DW_AT_type(*$C$DW$T$19)
    2160                      .dwattr $C$DW$186, DW_AT_name("GPIO39")
    2161                      .dwattr $C$DW$186, DW_AT_TI_symbol_name("_GPIO39")
    2162                      .dwattr $C$DW$186, DW_AT_bit_offset(0x00), DW_AT_bit_size(0x02)
    2163                      .dwattr $C$DW$186, DW_AT_data_member_location[DW_OP_plus_uconst 0x0]
    2164                      .dwattr $C$DW$186, DW_AT_accessibility(DW_ACCESS_public)
    2165              $C$DW$187       .dwtag  DW_TAG_member
    2166                      .dwattr $C$DW$187, DW_AT_type(*$C$DW$T$19)
    2167                      .dwattr $C$DW$187, DW_AT_name("GPIO40")
    2168                      .dwattr $C$DW$187, DW_AT_TI_symbol_name("_GPIO40")
    2169                      .dwattr $C$DW$187, DW_AT_bit_offset(0x0e), DW_AT_bit_size(0x02)
    2170                      .dwattr $C$DW$187, DW_AT_data_member_location[DW_OP_plus_uconst 0x1]
    2171                      .dwattr $C$DW$187, DW_AT_accessibility(DW_ACCESS_public)
    2172              $C$DW$188       .dwtag  DW_TAG_member
    2173                      .dwattr $C$DW$188, DW_AT_type(*$C$DW$T$19)
    2174                      .dwattr $C$DW$188, DW_AT_name("GPIO41")
    2175                      .dwattr $C$DW$188, DW_AT_TI_symbol_name("_GPIO41")
    2176                      .dwattr $C$DW$188, DW_AT_bit_offset(0x0c), DW_AT_bit_size(0x02)
    2177                      .dwattr $C$DW$188, DW_AT_data_member_location[DW_OP_plus_uconst 0x1]
    2178                      .dwattr $C$DW$188, DW_AT_accessibility(DW_ACCESS_public)
    2179              $C$DW$189       .dwtag  DW_TAG_member
    2180                      .dwattr $C$DW$189, DW_AT_type(*$C$DW$T$19)
    2181                      .dwattr $C$DW$189, DW_AT_name("GPIO42")
    2182                      .dwattr $C$DW$189, DW_AT_TI_symbol_name("_GPIO42")
    2183                      .dwattr $C$DW$189, DW_AT_bit_offset(0x0a), DW_AT_bit_size(0x02)
    2184                      .dwattr $C$DW$189, DW_AT_data_member_location[DW_OP_plus_uconst 0x1]
TMS320C2000 Assembler PC v6.1.0 Fri Feb 14 09:23:40 2020

Tools Copyright (c) 1996-2012 Texas Instruments Incorporated
F:/Work/Code Area/Combis/Bootloader/Example_Flash2806x_API21_Combi/Example_Flash2806x_API21_Combi/Example_Flash2806x_API/Debug/Driver.asm PAGE   42

    2185                      .dwattr $C$DW$189, DW_AT_accessibility(DW_ACCESS_public)
    2186              $C$DW$190       .dwtag  DW_TAG_member
    2187                      .dwattr $C$DW$190, DW_AT_type(*$C$DW$T$19)
    2188                      .dwattr $C$DW$190, DW_AT_name("GPIO43")
    2189                      .dwattr $C$DW$190, DW_AT_TI_symbol_name("_GPIO43")
    2190                      .dwattr $C$DW$190, DW_AT_bit_offset(0x08), DW_AT_bit_size(0x02)
    2191                      .dwattr $C$DW$190, DW_AT_data_member_location[DW_OP_plus_uconst 0x1]
    2192                      .dwattr $C$DW$190, DW_AT_accessibility(DW_ACCESS_public)
    2193              $C$DW$191       .dwtag  DW_TAG_member
    2194                      .dwattr $C$DW$191, DW_AT_type(*$C$DW$T$19)
    2195                      .dwattr $C$DW$191, DW_AT_name("GPIO44")
    2196                      .dwattr $C$DW$191, DW_AT_TI_symbol_name("_GPIO44")
    2197                      .dwattr $C$DW$191, DW_AT_bit_offset(0x06), DW_AT_bit_size(0x02)
    2198                      .dwattr $C$DW$191, DW_AT_data_member_location[DW_OP_plus_uconst 0x1]
    2199                      .dwattr $C$DW$191, DW_AT_accessibility(DW_ACCESS_public)
    2200              $C$DW$192       .dwtag  DW_TAG_member
    2201                      .dwattr $C$DW$192, DW_AT_type(*$C$DW$T$19)
    2202                      .dwattr $C$DW$192, DW_AT_name("rsvd1")
    2203                      .dwattr $C$DW$192, DW_AT_TI_symbol_name("_rsvd1")
    2204                      .dwattr $C$DW$192, DW_AT_bit_offset(0x00), DW_AT_bit_size(0x06)
    2205                      .dwattr $C$DW$192, DW_AT_data_member_location[DW_OP_plus_uconst 0x1]
    2206                      .dwattr $C$DW$192, DW_AT_accessibility(DW_ACCESS_public)
    2207                      .dwendtag $C$DW$T$37
    2208              
    2209              
    2210              $C$DW$T$38      .dwtag  DW_TAG_union_type
    2211                      .dwattr $C$DW$T$38, DW_AT_name("GPB1_REG")
    2212                      .dwattr $C$DW$T$38, DW_AT_byte_size(0x02)
    2213              $C$DW$193       .dwtag  DW_TAG_member
    2214                      .dwattr $C$DW$193, DW_AT_type(*$C$DW$T$21)
    2215                      .dwattr $C$DW$193, DW_AT_name("all")
    2216                      .dwattr $C$DW$193, DW_AT_TI_symbol_name("_all")
    2217                      .dwattr $C$DW$193, DW_AT_data_member_location[DW_OP_plus_uconst 0x0]
    2218                      .dwattr $C$DW$193, DW_AT_accessibility(DW_ACCESS_public)
    2219              $C$DW$194       .dwtag  DW_TAG_member
    2220                      .dwattr $C$DW$194, DW_AT_type(*$C$DW$T$37)
    2221                      .dwattr $C$DW$194, DW_AT_name("bit")
    2222                      .dwattr $C$DW$194, DW_AT_TI_symbol_name("_bit")
    2223                      .dwattr $C$DW$194, DW_AT_data_member_location[DW_OP_plus_uconst 0x0]
    2224                      .dwattr $C$DW$194, DW_AT_accessibility(DW_ACCESS_public)
    2225                      .dwendtag $C$DW$T$38
    2226              
    2227              
    2228              $C$DW$T$39      .dwtag  DW_TAG_structure_type
    2229                      .dwattr $C$DW$T$39, DW_AT_name("GPB2_BITS")
    2230                      .dwattr $C$DW$T$39, DW_AT_byte_size(0x02)
    2231              $C$DW$195       .dwtag  DW_TAG_member
    2232                      .dwattr $C$DW$195, DW_AT_type(*$C$DW$T$19)
    2233                      .dwattr $C$DW$195, DW_AT_name("rsvd1")
    2234                      .dwattr $C$DW$195, DW_AT_TI_symbol_name("_rsvd1")
    2235                      .dwattr $C$DW$195, DW_AT_bit_offset(0x0c), DW_AT_bit_size(0x04)
    2236                      .dwattr $C$DW$195, DW_AT_data_member_location[DW_OP_plus_uconst 0x0]
    2237                      .dwattr $C$DW$195, DW_AT_accessibility(DW_ACCESS_public)
    2238              $C$DW$196       .dwtag  DW_TAG_member
    2239                      .dwattr $C$DW$196, DW_AT_type(*$C$DW$T$19)
TMS320C2000 Assembler PC v6.1.0 Fri Feb 14 09:23:40 2020

Tools Copyright (c) 1996-2012 Texas Instruments Incorporated
F:/Work/Code Area/Combis/Bootloader/Example_Flash2806x_API21_Combi/Example_Flash2806x_API21_Combi/Example_Flash2806x_API/Debug/Driver.asm PAGE   43

    2240                      .dwattr $C$DW$196, DW_AT_name("GPIO50")
    2241                      .dwattr $C$DW$196, DW_AT_TI_symbol_name("_GPIO50")
    2242                      .dwattr $C$DW$196, DW_AT_bit_offset(0x0a), DW_AT_bit_size(0x02)
    2243                      .dwattr $C$DW$196, DW_AT_data_member_location[DW_OP_plus_uconst 0x0]
    2244                      .dwattr $C$DW$196, DW_AT_accessibility(DW_ACCESS_public)
    2245              $C$DW$197       .dwtag  DW_TAG_member
    2246                      .dwattr $C$DW$197, DW_AT_type(*$C$DW$T$19)
    2247                      .dwattr $C$DW$197, DW_AT_name("GPIO51")
    2248                      .dwattr $C$DW$197, DW_AT_TI_symbol_name("_GPIO51")
    2249                      .dwattr $C$DW$197, DW_AT_bit_offset(0x08), DW_AT_bit_size(0x02)
    2250                      .dwattr $C$DW$197, DW_AT_data_member_location[DW_OP_plus_uconst 0x0]
    2251                      .dwattr $C$DW$197, DW_AT_accessibility(DW_ACCESS_public)
    2252              $C$DW$198       .dwtag  DW_TAG_member
    2253                      .dwattr $C$DW$198, DW_AT_type(*$C$DW$T$19)
    2254                      .dwattr $C$DW$198, DW_AT_name("GPIO52")
    2255                      .dwattr $C$DW$198, DW_AT_TI_symbol_name("_GPIO52")
    2256                      .dwattr $C$DW$198, DW_AT_bit_offset(0x06), DW_AT_bit_size(0x02)
    2257                      .dwattr $C$DW$198, DW_AT_data_member_location[DW_OP_plus_uconst 0x0]
    2258                      .dwattr $C$DW$198, DW_AT_accessibility(DW_ACCESS_public)
    2259              $C$DW$199       .dwtag  DW_TAG_member
    2260                      .dwattr $C$DW$199, DW_AT_type(*$C$DW$T$19)
    2261                      .dwattr $C$DW$199, DW_AT_name("GPIO53")
    2262                      .dwattr $C$DW$199, DW_AT_TI_symbol_name("_GPIO53")
    2263                      .dwattr $C$DW$199, DW_AT_bit_offset(0x04), DW_AT_bit_size(0x02)
    2264                      .dwattr $C$DW$199, DW_AT_data_member_location[DW_OP_plus_uconst 0x0]
    2265                      .dwattr $C$DW$199, DW_AT_accessibility(DW_ACCESS_public)
    2266              $C$DW$200       .dwtag  DW_TAG_member
    2267                      .dwattr $C$DW$200, DW_AT_type(*$C$DW$T$19)
    2268                      .dwattr $C$DW$200, DW_AT_name("GPIO54")
    2269                      .dwattr $C$DW$200, DW_AT_TI_symbol_name("_GPIO54")
    2270                      .dwattr $C$DW$200, DW_AT_bit_offset(0x02), DW_AT_bit_size(0x02)
    2271                      .dwattr $C$DW$200, DW_AT_data_member_location[DW_OP_plus_uconst 0x0]
    2272                      .dwattr $C$DW$200, DW_AT_accessibility(DW_ACCESS_public)
    2273              $C$DW$201       .dwtag  DW_TAG_member
    2274                      .dwattr $C$DW$201, DW_AT_type(*$C$DW$T$19)
    2275                      .dwattr $C$DW$201, DW_AT_name("GPIO55")
    2276                      .dwattr $C$DW$201, DW_AT_TI_symbol_name("_GPIO55")
    2277                      .dwattr $C$DW$201, DW_AT_bit_offset(0x00), DW_AT_bit_size(0x02)
    2278                      .dwattr $C$DW$201, DW_AT_data_member_location[DW_OP_plus_uconst 0x0]
    2279                      .dwattr $C$DW$201, DW_AT_accessibility(DW_ACCESS_public)
    2280              $C$DW$202       .dwtag  DW_TAG_member
    2281                      .dwattr $C$DW$202, DW_AT_type(*$C$DW$T$19)
    2282                      .dwattr $C$DW$202, DW_AT_name("GPIO56")
    2283                      .dwattr $C$DW$202, DW_AT_TI_symbol_name("_GPIO56")
    2284                      .dwattr $C$DW$202, DW_AT_bit_offset(0x0e), DW_AT_bit_size(0x02)
    2285                      .dwattr $C$DW$202, DW_AT_data_member_location[DW_OP_plus_uconst 0x1]
    2286                      .dwattr $C$DW$202, DW_AT_accessibility(DW_ACCESS_public)
    2287              $C$DW$203       .dwtag  DW_TAG_member
    2288                      .dwattr $C$DW$203, DW_AT_type(*$C$DW$T$19)
    2289                      .dwattr $C$DW$203, DW_AT_name("GPIO57")
    2290                      .dwattr $C$DW$203, DW_AT_TI_symbol_name("_GPIO57")
    2291                      .dwattr $C$DW$203, DW_AT_bit_offset(0x0c), DW_AT_bit_size(0x02)
    2292                      .dwattr $C$DW$203, DW_AT_data_member_location[DW_OP_plus_uconst 0x1]
    2293                      .dwattr $C$DW$203, DW_AT_accessibility(DW_ACCESS_public)
    2294              $C$DW$204       .dwtag  DW_TAG_member
TMS320C2000 Assembler PC v6.1.0 Fri Feb 14 09:23:40 2020

Tools Copyright (c) 1996-2012 Texas Instruments Incorporated
F:/Work/Code Area/Combis/Bootloader/Example_Flash2806x_API21_Combi/Example_Flash2806x_API21_Combi/Example_Flash2806x_API/Debug/Driver.asm PAGE   44

    2295                      .dwattr $C$DW$204, DW_AT_type(*$C$DW$T$19)
    2296                      .dwattr $C$DW$204, DW_AT_name("GPIO58")
    2297                      .dwattr $C$DW$204, DW_AT_TI_symbol_name("_GPIO58")
    2298                      .dwattr $C$DW$204, DW_AT_bit_offset(0x0a), DW_AT_bit_size(0x02)
    2299                      .dwattr $C$DW$204, DW_AT_data_member_location[DW_OP_plus_uconst 0x1]
    2300                      .dwattr $C$DW$204, DW_AT_accessibility(DW_ACCESS_public)
    2301              $C$DW$205       .dwtag  DW_TAG_member
    2302                      .dwattr $C$DW$205, DW_AT_type(*$C$DW$T$19)
    2303                      .dwattr $C$DW$205, DW_AT_name("rsvd2")
    2304                      .dwattr $C$DW$205, DW_AT_TI_symbol_name("_rsvd2")
    2305                      .dwattr $C$DW$205, DW_AT_bit_offset(0x00), DW_AT_bit_size(0x0a)
    2306                      .dwattr $C$DW$205, DW_AT_data_member_location[DW_OP_plus_uconst 0x1]
    2307                      .dwattr $C$DW$205, DW_AT_accessibility(DW_ACCESS_public)
    2308                      .dwendtag $C$DW$T$39
    2309              
    2310              
    2311              $C$DW$T$40      .dwtag  DW_TAG_union_type
    2312                      .dwattr $C$DW$T$40, DW_AT_name("GPB2_REG")
    2313                      .dwattr $C$DW$T$40, DW_AT_byte_size(0x02)
    2314              $C$DW$206       .dwtag  DW_TAG_member
    2315                      .dwattr $C$DW$206, DW_AT_type(*$C$DW$T$21)
    2316                      .dwattr $C$DW$206, DW_AT_name("all")
    2317                      .dwattr $C$DW$206, DW_AT_TI_symbol_name("_all")
    2318                      .dwattr $C$DW$206, DW_AT_data_member_location[DW_OP_plus_uconst 0x0]
    2319                      .dwattr $C$DW$206, DW_AT_accessibility(DW_ACCESS_public)
    2320              $C$DW$207       .dwtag  DW_TAG_member
    2321                      .dwattr $C$DW$207, DW_AT_type(*$C$DW$T$39)
    2322                      .dwattr $C$DW$207, DW_AT_name("bit")
    2323                      .dwattr $C$DW$207, DW_AT_TI_symbol_name("_bit")
    2324                      .dwattr $C$DW$207, DW_AT_data_member_location[DW_OP_plus_uconst 0x0]
    2325                      .dwattr $C$DW$207, DW_AT_accessibility(DW_ACCESS_public)
    2326                      .dwendtag $C$DW$T$40
    2327              
    2328              
    2329              $C$DW$T$41      .dwtag  DW_TAG_structure_type
    2330                      .dwattr $C$DW$T$41, DW_AT_name("GPBCTRL_BITS")
    2331                      .dwattr $C$DW$T$41, DW_AT_byte_size(0x02)
    2332              $C$DW$208       .dwtag  DW_TAG_member
    2333                      .dwattr $C$DW$208, DW_AT_type(*$C$DW$T$19)
    2334                      .dwattr $C$DW$208, DW_AT_name("QUALPRD0")
    2335                      .dwattr $C$DW$208, DW_AT_TI_symbol_name("_QUALPRD0")
    2336                      .dwattr $C$DW$208, DW_AT_bit_offset(0x08), DW_AT_bit_size(0x08)
    2337                      .dwattr $C$DW$208, DW_AT_data_member_location[DW_OP_plus_uconst 0x0]
    2338                      .dwattr $C$DW$208, DW_AT_accessibility(DW_ACCESS_public)
    2339              $C$DW$209       .dwtag  DW_TAG_member
    2340                      .dwattr $C$DW$209, DW_AT_type(*$C$DW$T$19)
    2341                      .dwattr $C$DW$209, DW_AT_name("QUALPRD1")
    2342                      .dwattr $C$DW$209, DW_AT_TI_symbol_name("_QUALPRD1")
    2343                      .dwattr $C$DW$209, DW_AT_bit_offset(0x00), DW_AT_bit_size(0x08)
    2344                      .dwattr $C$DW$209, DW_AT_data_member_location[DW_OP_plus_uconst 0x0]
    2345                      .dwattr $C$DW$209, DW_AT_accessibility(DW_ACCESS_public)
    2346              $C$DW$210       .dwtag  DW_TAG_member
    2347                      .dwattr $C$DW$210, DW_AT_type(*$C$DW$T$19)
    2348                      .dwattr $C$DW$210, DW_AT_name("QUALPRD2")
    2349                      .dwattr $C$DW$210, DW_AT_TI_symbol_name("_QUALPRD2")
TMS320C2000 Assembler PC v6.1.0 Fri Feb 14 09:23:40 2020

Tools Copyright (c) 1996-2012 Texas Instruments Incorporated
F:/Work/Code Area/Combis/Bootloader/Example_Flash2806x_API21_Combi/Example_Flash2806x_API21_Combi/Example_Flash2806x_API/Debug/Driver.asm PAGE   45

    2350                      .dwattr $C$DW$210, DW_AT_bit_offset(0x08), DW_AT_bit_size(0x08)
    2351                      .dwattr $C$DW$210, DW_AT_data_member_location[DW_OP_plus_uconst 0x1]
    2352                      .dwattr $C$DW$210, DW_AT_accessibility(DW_ACCESS_public)
    2353              $C$DW$211       .dwtag  DW_TAG_member
    2354                      .dwattr $C$DW$211, DW_AT_type(*$C$DW$T$19)
    2355                      .dwattr $C$DW$211, DW_AT_name("QUALPRD3")
    2356                      .dwattr $C$DW$211, DW_AT_TI_symbol_name("_QUALPRD3")
    2357                      .dwattr $C$DW$211, DW_AT_bit_offset(0x00), DW_AT_bit_size(0x08)
    2358                      .dwattr $C$DW$211, DW_AT_data_member_location[DW_OP_plus_uconst 0x1]
    2359                      .dwattr $C$DW$211, DW_AT_accessibility(DW_ACCESS_public)
    2360                      .dwendtag $C$DW$T$41
    2361              
    2362              
    2363              $C$DW$T$42      .dwtag  DW_TAG_union_type
    2364                      .dwattr $C$DW$T$42, DW_AT_name("GPBCTRL_REG")
    2365                      .dwattr $C$DW$T$42, DW_AT_byte_size(0x02)
    2366              $C$DW$212       .dwtag  DW_TAG_member
    2367                      .dwattr $C$DW$212, DW_AT_type(*$C$DW$T$21)
    2368                      .dwattr $C$DW$212, DW_AT_name("all")
    2369                      .dwattr $C$DW$212, DW_AT_TI_symbol_name("_all")
    2370                      .dwattr $C$DW$212, DW_AT_data_member_location[DW_OP_plus_uconst 0x0]
    2371                      .dwattr $C$DW$212, DW_AT_accessibility(DW_ACCESS_public)
    2372              $C$DW$213       .dwtag  DW_TAG_member
    2373                      .dwattr $C$DW$213, DW_AT_type(*$C$DW$T$41)
    2374                      .dwattr $C$DW$213, DW_AT_name("bit")
    2375                      .dwattr $C$DW$213, DW_AT_TI_symbol_name("_bit")
    2376                      .dwattr $C$DW$213, DW_AT_data_member_location[DW_OP_plus_uconst 0x0]
    2377                      .dwattr $C$DW$213, DW_AT_accessibility(DW_ACCESS_public)
    2378                      .dwendtag $C$DW$T$42
    2379              
    2380              
    2381              $C$DW$T$43      .dwtag  DW_TAG_structure_type
    2382                      .dwattr $C$DW$T$43, DW_AT_name("GPBDAT_BITS")
    2383                      .dwattr $C$DW$T$43, DW_AT_byte_size(0x02)
    2384              $C$DW$214       .dwtag  DW_TAG_member
    2385                      .dwattr $C$DW$214, DW_AT_type(*$C$DW$T$19)
    2386                      .dwattr $C$DW$214, DW_AT_name("GPIO32")
    2387                      .dwattr $C$DW$214, DW_AT_TI_symbol_name("_GPIO32")
    2388                      .dwattr $C$DW$214, DW_AT_bit_offset(0x0f), DW_AT_bit_size(0x01)
    2389                      .dwattr $C$DW$214, DW_AT_data_member_location[DW_OP_plus_uconst 0x0]
    2390                      .dwattr $C$DW$214, DW_AT_accessibility(DW_ACCESS_public)
    2391              $C$DW$215       .dwtag  DW_TAG_member
    2392                      .dwattr $C$DW$215, DW_AT_type(*$C$DW$T$19)
    2393                      .dwattr $C$DW$215, DW_AT_name("GPIO33")
    2394                      .dwattr $C$DW$215, DW_AT_TI_symbol_name("_GPIO33")
    2395                      .dwattr $C$DW$215, DW_AT_bit_offset(0x0e), DW_AT_bit_size(0x01)
    2396                      .dwattr $C$DW$215, DW_AT_data_member_location[DW_OP_plus_uconst 0x0]
    2397                      .dwattr $C$DW$215, DW_AT_accessibility(DW_ACCESS_public)
    2398              $C$DW$216       .dwtag  DW_TAG_member
    2399                      .dwattr $C$DW$216, DW_AT_type(*$C$DW$T$19)
    2400                      .dwattr $C$DW$216, DW_AT_name("GPIO34")
    2401                      .dwattr $C$DW$216, DW_AT_TI_symbol_name("_GPIO34")
    2402                      .dwattr $C$DW$216, DW_AT_bit_offset(0x0d), DW_AT_bit_size(0x01)
    2403                      .dwattr $C$DW$216, DW_AT_data_member_location[DW_OP_plus_uconst 0x0]
    2404                      .dwattr $C$DW$216, DW_AT_accessibility(DW_ACCESS_public)
TMS320C2000 Assembler PC v6.1.0 Fri Feb 14 09:23:40 2020

Tools Copyright (c) 1996-2012 Texas Instruments Incorporated
F:/Work/Code Area/Combis/Bootloader/Example_Flash2806x_API21_Combi/Example_Flash2806x_API21_Combi/Example_Flash2806x_API/Debug/Driver.asm PAGE   46

    2405              $C$DW$217       .dwtag  DW_TAG_member
    2406                      .dwattr $C$DW$217, DW_AT_type(*$C$DW$T$19)
    2407                      .dwattr $C$DW$217, DW_AT_name("GPIO35")
    2408                      .dwattr $C$DW$217, DW_AT_TI_symbol_name("_GPIO35")
    2409                      .dwattr $C$DW$217, DW_AT_bit_offset(0x0c), DW_AT_bit_size(0x01)
    2410                      .dwattr $C$DW$217, DW_AT_data_member_location[DW_OP_plus_uconst 0x0]
    2411                      .dwattr $C$DW$217, DW_AT_accessibility(DW_ACCESS_public)
    2412              $C$DW$218       .dwtag  DW_TAG_member
    2413                      .dwattr $C$DW$218, DW_AT_type(*$C$DW$T$19)
    2414                      .dwattr $C$DW$218, DW_AT_name("GPIO36")
    2415                      .dwattr $C$DW$218, DW_AT_TI_symbol_name("_GPIO36")
    2416                      .dwattr $C$DW$218, DW_AT_bit_offset(0x0b), DW_AT_bit_size(0x01)
    2417                      .dwattr $C$DW$218, DW_AT_data_member_location[DW_OP_plus_uconst 0x0]
    2418                      .dwattr $C$DW$218, DW_AT_accessibility(DW_ACCESS_public)
    2419              $C$DW$219       .dwtag  DW_TAG_member
    2420                      .dwattr $C$DW$219, DW_AT_type(*$C$DW$T$19)
    2421                      .dwattr $C$DW$219, DW_AT_name("GPIO37")
    2422                      .dwattr $C$DW$219, DW_AT_TI_symbol_name("_GPIO37")
    2423                      .dwattr $C$DW$219, DW_AT_bit_offset(0x0a), DW_AT_bit_size(0x01)
    2424                      .dwattr $C$DW$219, DW_AT_data_member_location[DW_OP_plus_uconst 0x0]
    2425                      .dwattr $C$DW$219, DW_AT_accessibility(DW_ACCESS_public)
    2426              $C$DW$220       .dwtag  DW_TAG_member
    2427                      .dwattr $C$DW$220, DW_AT_type(*$C$DW$T$19)
    2428                      .dwattr $C$DW$220, DW_AT_name("GPIO38")
    2429                      .dwattr $C$DW$220, DW_AT_TI_symbol_name("_GPIO38")
    2430                      .dwattr $C$DW$220, DW_AT_bit_offset(0x09), DW_AT_bit_size(0x01)
    2431                      .dwattr $C$DW$220, DW_AT_data_member_location[DW_OP_plus_uconst 0x0]
    2432                      .dwattr $C$DW$220, DW_AT_accessibility(DW_ACCESS_public)
    2433              $C$DW$221       .dwtag  DW_TAG_member
    2434                      .dwattr $C$DW$221, DW_AT_type(*$C$DW$T$19)
    2435                      .dwattr $C$DW$221, DW_AT_name("GPIO39")
    2436                      .dwattr $C$DW$221, DW_AT_TI_symbol_name("_GPIO39")
    2437                      .dwattr $C$DW$221, DW_AT_bit_offset(0x08), DW_AT_bit_size(0x01)
    2438                      .dwattr $C$DW$221, DW_AT_data_member_location[DW_OP_plus_uconst 0x0]
    2439                      .dwattr $C$DW$221, DW_AT_accessibility(DW_ACCESS_public)
    2440              $C$DW$222       .dwtag  DW_TAG_member
    2441                      .dwattr $C$DW$222, DW_AT_type(*$C$DW$T$19)
    2442                      .dwattr $C$DW$222, DW_AT_name("GPIO40")
    2443                      .dwattr $C$DW$222, DW_AT_TI_symbol_name("_GPIO40")
    2444                      .dwattr $C$DW$222, DW_AT_bit_offset(0x07), DW_AT_bit_size(0x01)
    2445                      .dwattr $C$DW$222, DW_AT_data_member_location[DW_OP_plus_uconst 0x0]
    2446                      .dwattr $C$DW$222, DW_AT_accessibility(DW_ACCESS_public)
    2447              $C$DW$223       .dwtag  DW_TAG_member
    2448                      .dwattr $C$DW$223, DW_AT_type(*$C$DW$T$19)
    2449                      .dwattr $C$DW$223, DW_AT_name("GPIO41")
    2450                      .dwattr $C$DW$223, DW_AT_TI_symbol_name("_GPIO41")
    2451                      .dwattr $C$DW$223, DW_AT_bit_offset(0x06), DW_AT_bit_size(0x01)
    2452                      .dwattr $C$DW$223, DW_AT_data_member_location[DW_OP_plus_uconst 0x0]
    2453                      .dwattr $C$DW$223, DW_AT_accessibility(DW_ACCESS_public)
    2454              $C$DW$224       .dwtag  DW_TAG_member
    2455                      .dwattr $C$DW$224, DW_AT_type(*$C$DW$T$19)
    2456                      .dwattr $C$DW$224, DW_AT_name("GPIO42")
    2457                      .dwattr $C$DW$224, DW_AT_TI_symbol_name("_GPIO42")
    2458                      .dwattr $C$DW$224, DW_AT_bit_offset(0x05), DW_AT_bit_size(0x01)
    2459                      .dwattr $C$DW$224, DW_AT_data_member_location[DW_OP_plus_uconst 0x0]
TMS320C2000 Assembler PC v6.1.0 Fri Feb 14 09:23:40 2020

Tools Copyright (c) 1996-2012 Texas Instruments Incorporated
F:/Work/Code Area/Combis/Bootloader/Example_Flash2806x_API21_Combi/Example_Flash2806x_API21_Combi/Example_Flash2806x_API/Debug/Driver.asm PAGE   47

    2460                      .dwattr $C$DW$224, DW_AT_accessibility(DW_ACCESS_public)
    2461              $C$DW$225       .dwtag  DW_TAG_member
    2462                      .dwattr $C$DW$225, DW_AT_type(*$C$DW$T$19)
    2463                      .dwattr $C$DW$225, DW_AT_name("GPIO43")
    2464                      .dwattr $C$DW$225, DW_AT_TI_symbol_name("_GPIO43")
    2465                      .dwattr $C$DW$225, DW_AT_bit_offset(0x04), DW_AT_bit_size(0x01)
    2466                      .dwattr $C$DW$225, DW_AT_data_member_location[DW_OP_plus_uconst 0x0]
    2467                      .dwattr $C$DW$225, DW_AT_accessibility(DW_ACCESS_public)
    2468              $C$DW$226       .dwtag  DW_TAG_member
    2469                      .dwattr $C$DW$226, DW_AT_type(*$C$DW$T$19)
    2470                      .dwattr $C$DW$226, DW_AT_name("GPIO44")
    2471                      .dwattr $C$DW$226, DW_AT_TI_symbol_name("_GPIO44")
    2472                      .dwattr $C$DW$226, DW_AT_bit_offset(0x03), DW_AT_bit_size(0x01)
    2473                      .dwattr $C$DW$226, DW_AT_data_member_location[DW_OP_plus_uconst 0x0]
    2474                      .dwattr $C$DW$226, DW_AT_accessibility(DW_ACCESS_public)
    2475              $C$DW$227       .dwtag  DW_TAG_member
    2476                      .dwattr $C$DW$227, DW_AT_type(*$C$DW$T$19)
    2477                      .dwattr $C$DW$227, DW_AT_name("rsvd1")
    2478                      .dwattr $C$DW$227, DW_AT_TI_symbol_name("_rsvd1")
    2479                      .dwattr $C$DW$227, DW_AT_bit_offset(0x00), DW_AT_bit_size(0x03)
    2480                      .dwattr $C$DW$227, DW_AT_data_member_location[DW_OP_plus_uconst 0x0]
    2481                      .dwattr $C$DW$227, DW_AT_accessibility(DW_ACCESS_public)
    2482              $C$DW$228       .dwtag  DW_TAG_member
    2483                      .dwattr $C$DW$228, DW_AT_type(*$C$DW$T$19)
    2484                      .dwattr $C$DW$228, DW_AT_name("rsvd2")
    2485                      .dwattr $C$DW$228, DW_AT_TI_symbol_name("_rsvd2")
    2486                      .dwattr $C$DW$228, DW_AT_bit_offset(0x0e), DW_AT_bit_size(0x02)
    2487                      .dwattr $C$DW$228, DW_AT_data_member_location[DW_OP_plus_uconst 0x1]
    2488                      .dwattr $C$DW$228, DW_AT_accessibility(DW_ACCESS_public)
    2489              $C$DW$229       .dwtag  DW_TAG_member
    2490                      .dwattr $C$DW$229, DW_AT_type(*$C$DW$T$19)
    2491                      .dwattr $C$DW$229, DW_AT_name("GPIO50")
    2492                      .dwattr $C$DW$229, DW_AT_TI_symbol_name("_GPIO50")
    2493                      .dwattr $C$DW$229, DW_AT_bit_offset(0x0d), DW_AT_bit_size(0x01)
    2494                      .dwattr $C$DW$229, DW_AT_data_member_location[DW_OP_plus_uconst 0x1]
    2495                      .dwattr $C$DW$229, DW_AT_accessibility(DW_ACCESS_public)
    2496              $C$DW$230       .dwtag  DW_TAG_member
    2497                      .dwattr $C$DW$230, DW_AT_type(*$C$DW$T$19)
    2498                      .dwattr $C$DW$230, DW_AT_name("GPIO51")
    2499                      .dwattr $C$DW$230, DW_AT_TI_symbol_name("_GPIO51")
    2500                      .dwattr $C$DW$230, DW_AT_bit_offset(0x0c), DW_AT_bit_size(0x01)
    2501                      .dwattr $C$DW$230, DW_AT_data_member_location[DW_OP_plus_uconst 0x1]
    2502                      .dwattr $C$DW$230, DW_AT_accessibility(DW_ACCESS_public)
    2503              $C$DW$231       .dwtag  DW_TAG_member
    2504                      .dwattr $C$DW$231, DW_AT_type(*$C$DW$T$19)
    2505                      .dwattr $C$DW$231, DW_AT_name("GPIO52")
    2506                      .dwattr $C$DW$231, DW_AT_TI_symbol_name("_GPIO52")
    2507                      .dwattr $C$DW$231, DW_AT_bit_offset(0x0b), DW_AT_bit_size(0x01)
    2508                      .dwattr $C$DW$231, DW_AT_data_member_location[DW_OP_plus_uconst 0x1]
    2509                      .dwattr $C$DW$231, DW_AT_accessibility(DW_ACCESS_public)
    2510              $C$DW$232       .dwtag  DW_TAG_member
    2511                      .dwattr $C$DW$232, DW_AT_type(*$C$DW$T$19)
    2512                      .dwattr $C$DW$232, DW_AT_name("GPIO53")
    2513                      .dwattr $C$DW$232, DW_AT_TI_symbol_name("_GPIO53")
    2514                      .dwattr $C$DW$232, DW_AT_bit_offset(0x0a), DW_AT_bit_size(0x01)
TMS320C2000 Assembler PC v6.1.0 Fri Feb 14 09:23:40 2020

Tools Copyright (c) 1996-2012 Texas Instruments Incorporated
F:/Work/Code Area/Combis/Bootloader/Example_Flash2806x_API21_Combi/Example_Flash2806x_API21_Combi/Example_Flash2806x_API/Debug/Driver.asm PAGE   48

    2515                      .dwattr $C$DW$232, DW_AT_data_member_location[DW_OP_plus_uconst 0x1]
    2516                      .dwattr $C$DW$232, DW_AT_accessibility(DW_ACCESS_public)
    2517              $C$DW$233       .dwtag  DW_TAG_member
    2518                      .dwattr $C$DW$233, DW_AT_type(*$C$DW$T$19)
    2519                      .dwattr $C$DW$233, DW_AT_name("GPIO54")
    2520                      .dwattr $C$DW$233, DW_AT_TI_symbol_name("_GPIO54")
    2521                      .dwattr $C$DW$233, DW_AT_bit_offset(0x09), DW_AT_bit_size(0x01)
    2522                      .dwattr $C$DW$233, DW_AT_data_member_location[DW_OP_plus_uconst 0x1]
    2523                      .dwattr $C$DW$233, DW_AT_accessibility(DW_ACCESS_public)
    2524              $C$DW$234       .dwtag  DW_TAG_member
    2525                      .dwattr $C$DW$234, DW_AT_type(*$C$DW$T$19)
    2526                      .dwattr $C$DW$234, DW_AT_name("GPIO55")
    2527                      .dwattr $C$DW$234, DW_AT_TI_symbol_name("_GPIO55")
    2528                      .dwattr $C$DW$234, DW_AT_bit_offset(0x08), DW_AT_bit_size(0x01)
    2529                      .dwattr $C$DW$234, DW_AT_data_member_location[DW_OP_plus_uconst 0x1]
    2530                      .dwattr $C$DW$234, DW_AT_accessibility(DW_ACCESS_public)
    2531              $C$DW$235       .dwtag  DW_TAG_member
    2532                      .dwattr $C$DW$235, DW_AT_type(*$C$DW$T$19)
    2533                      .dwattr $C$DW$235, DW_AT_name("GPIO56")
    2534                      .dwattr $C$DW$235, DW_AT_TI_symbol_name("_GPIO56")
    2535                      .dwattr $C$DW$235, DW_AT_bit_offset(0x07), DW_AT_bit_size(0x01)
    2536                      .dwattr $C$DW$235, DW_AT_data_member_location[DW_OP_plus_uconst 0x1]
    2537                      .dwattr $C$DW$235, DW_AT_accessibility(DW_ACCESS_public)
    2538              $C$DW$236       .dwtag  DW_TAG_member
    2539                      .dwattr $C$DW$236, DW_AT_type(*$C$DW$T$19)
    2540                      .dwattr $C$DW$236, DW_AT_name("GPIO57")
    2541                      .dwattr $C$DW$236, DW_AT_TI_symbol_name("_GPIO57")
    2542                      .dwattr $C$DW$236, DW_AT_bit_offset(0x06), DW_AT_bit_size(0x01)
    2543                      .dwattr $C$DW$236, DW_AT_data_member_location[DW_OP_plus_uconst 0x1]
    2544                      .dwattr $C$DW$236, DW_AT_accessibility(DW_ACCESS_public)
    2545              $C$DW$237       .dwtag  DW_TAG_member
    2546                      .dwattr $C$DW$237, DW_AT_type(*$C$DW$T$19)
    2547                      .dwattr $C$DW$237, DW_AT_name("GPIO58")
    2548                      .dwattr $C$DW$237, DW_AT_TI_symbol_name("_GPIO58")
    2549                      .dwattr $C$DW$237, DW_AT_bit_offset(0x05), DW_AT_bit_size(0x01)
    2550                      .dwattr $C$DW$237, DW_AT_data_member_location[DW_OP_plus_uconst 0x1]
    2551                      .dwattr $C$DW$237, DW_AT_accessibility(DW_ACCESS_public)
    2552              $C$DW$238       .dwtag  DW_TAG_member
    2553                      .dwattr $C$DW$238, DW_AT_type(*$C$DW$T$19)
    2554                      .dwattr $C$DW$238, DW_AT_name("rsvd3")
    2555                      .dwattr $C$DW$238, DW_AT_TI_symbol_name("_rsvd3")
    2556                      .dwattr $C$DW$238, DW_AT_bit_offset(0x00), DW_AT_bit_size(0x05)
    2557                      .dwattr $C$DW$238, DW_AT_data_member_location[DW_OP_plus_uconst 0x1]
    2558                      .dwattr $C$DW$238, DW_AT_accessibility(DW_ACCESS_public)
    2559                      .dwendtag $C$DW$T$43
    2560              
    2561              
    2562              $C$DW$T$44      .dwtag  DW_TAG_union_type
    2563                      .dwattr $C$DW$T$44, DW_AT_name("GPBDAT_REG")
    2564                      .dwattr $C$DW$T$44, DW_AT_byte_size(0x02)
    2565              $C$DW$239       .dwtag  DW_TAG_member
    2566                      .dwattr $C$DW$239, DW_AT_type(*$C$DW$T$21)
    2567                      .dwattr $C$DW$239, DW_AT_name("all")
    2568                      .dwattr $C$DW$239, DW_AT_TI_symbol_name("_all")
    2569                      .dwattr $C$DW$239, DW_AT_data_member_location[DW_OP_plus_uconst 0x0]
TMS320C2000 Assembler PC v6.1.0 Fri Feb 14 09:23:40 2020

Tools Copyright (c) 1996-2012 Texas Instruments Incorporated
F:/Work/Code Area/Combis/Bootloader/Example_Flash2806x_API21_Combi/Example_Flash2806x_API21_Combi/Example_Flash2806x_API/Debug/Driver.asm PAGE   49

    2570                      .dwattr $C$DW$239, DW_AT_accessibility(DW_ACCESS_public)
    2571              $C$DW$240       .dwtag  DW_TAG_member
    2572                      .dwattr $C$DW$240, DW_AT_type(*$C$DW$T$43)
    2573                      .dwattr $C$DW$240, DW_AT_name("bit")
    2574                      .dwattr $C$DW$240, DW_AT_TI_symbol_name("_bit")
    2575                      .dwattr $C$DW$240, DW_AT_data_member_location[DW_OP_plus_uconst 0x0]
    2576                      .dwattr $C$DW$240, DW_AT_accessibility(DW_ACCESS_public)
    2577                      .dwendtag $C$DW$T$44
    2578              
    2579              
    2580              $C$DW$T$48      .dwtag  DW_TAG_structure_type
    2581                      .dwattr $C$DW$T$48, DW_AT_name("GPIO_CTRL_REGS")
    2582                      .dwattr $C$DW$T$48, DW_AT_byte_size(0x40)
    2583              $C$DW$241       .dwtag  DW_TAG_member
    2584                      .dwattr $C$DW$241, DW_AT_type(*$C$DW$T$34)
    2585                      .dwattr $C$DW$241, DW_AT_name("GPACTRL")
    2586                      .dwattr $C$DW$241, DW_AT_TI_symbol_name("_GPACTRL")
    2587                      .dwattr $C$DW$241, DW_AT_data_member_location[DW_OP_plus_uconst 0x0]
    2588                      .dwattr $C$DW$241, DW_AT_accessibility(DW_ACCESS_public)
    2589              $C$DW$242       .dwtag  DW_TAG_member
    2590                      .dwattr $C$DW$242, DW_AT_type(*$C$DW$T$30)
    2591                      .dwattr $C$DW$242, DW_AT_name("GPAQSEL1")
    2592                      .dwattr $C$DW$242, DW_AT_TI_symbol_name("_GPAQSEL1")
    2593                      .dwattr $C$DW$242, DW_AT_data_member_location[DW_OP_plus_uconst 0x2]
    2594                      .dwattr $C$DW$242, DW_AT_accessibility(DW_ACCESS_public)
    2595              $C$DW$243       .dwtag  DW_TAG_member
    2596                      .dwattr $C$DW$243, DW_AT_type(*$C$DW$T$32)
    2597                      .dwattr $C$DW$243, DW_AT_name("GPAQSEL2")
    2598                      .dwattr $C$DW$243, DW_AT_TI_symbol_name("_GPAQSEL2")
    2599                      .dwattr $C$DW$243, DW_AT_data_member_location[DW_OP_plus_uconst 0x4]
    2600                      .dwattr $C$DW$243, DW_AT_accessibility(DW_ACCESS_public)
    2601              $C$DW$244       .dwtag  DW_TAG_member
    2602                      .dwattr $C$DW$244, DW_AT_type(*$C$DW$T$30)
    2603                      .dwattr $C$DW$244, DW_AT_name("GPAMUX1")
    2604                      .dwattr $C$DW$244, DW_AT_TI_symbol_name("_GPAMUX1")
    2605                      .dwattr $C$DW$244, DW_AT_data_member_location[DW_OP_plus_uconst 0x6]
    2606                      .dwattr $C$DW$244, DW_AT_accessibility(DW_ACCESS_public)
    2607              $C$DW$245       .dwtag  DW_TAG_member
    2608                      .dwattr $C$DW$245, DW_AT_type(*$C$DW$T$32)
    2609                      .dwattr $C$DW$245, DW_AT_name("GPAMUX2")
    2610                      .dwattr $C$DW$245, DW_AT_TI_symbol_name("_GPAMUX2")
    2611                      .dwattr $C$DW$245, DW_AT_data_member_location[DW_OP_plus_uconst 0x8]
    2612                      .dwattr $C$DW$245, DW_AT_accessibility(DW_ACCESS_public)
    2613              $C$DW$246       .dwtag  DW_TAG_member
    2614                      .dwattr $C$DW$246, DW_AT_type(*$C$DW$T$36)
    2615                      .dwattr $C$DW$246, DW_AT_name("GPADIR")
    2616                      .dwattr $C$DW$246, DW_AT_TI_symbol_name("_GPADIR")
    2617                      .dwattr $C$DW$246, DW_AT_data_member_location[DW_OP_plus_uconst 0xa]
    2618                      .dwattr $C$DW$246, DW_AT_accessibility(DW_ACCESS_public)
    2619              $C$DW$247       .dwtag  DW_TAG_member
    2620                      .dwattr $C$DW$247, DW_AT_type(*$C$DW$T$36)
    2621                      .dwattr $C$DW$247, DW_AT_name("GPAPUD")
    2622                      .dwattr $C$DW$247, DW_AT_TI_symbol_name("_GPAPUD")
    2623                      .dwattr $C$DW$247, DW_AT_data_member_location[DW_OP_plus_uconst 0xc]
    2624                      .dwattr $C$DW$247, DW_AT_accessibility(DW_ACCESS_public)
TMS320C2000 Assembler PC v6.1.0 Fri Feb 14 09:23:40 2020

Tools Copyright (c) 1996-2012 Texas Instruments Incorporated
F:/Work/Code Area/Combis/Bootloader/Example_Flash2806x_API21_Combi/Example_Flash2806x_API21_Combi/Example_Flash2806x_API/Debug/Driver.asm PAGE   50

    2625              $C$DW$248       .dwtag  DW_TAG_member
    2626                      .dwattr $C$DW$248, DW_AT_type(*$C$DW$T$45)
    2627                      .dwattr $C$DW$248, DW_AT_name("rsvd1")
    2628                      .dwattr $C$DW$248, DW_AT_TI_symbol_name("_rsvd1")
    2629                      .dwattr $C$DW$248, DW_AT_data_member_location[DW_OP_plus_uconst 0xe]
    2630                      .dwattr $C$DW$248, DW_AT_accessibility(DW_ACCESS_public)
    2631              $C$DW$249       .dwtag  DW_TAG_member
    2632                      .dwattr $C$DW$249, DW_AT_type(*$C$DW$T$42)
    2633                      .dwattr $C$DW$249, DW_AT_name("GPBCTRL")
    2634                      .dwattr $C$DW$249, DW_AT_TI_symbol_name("_GPBCTRL")
    2635                      .dwattr $C$DW$249, DW_AT_data_member_location[DW_OP_plus_uconst 0x10]
    2636                      .dwattr $C$DW$249, DW_AT_accessibility(DW_ACCESS_public)
    2637              $C$DW$250       .dwtag  DW_TAG_member
    2638                      .dwattr $C$DW$250, DW_AT_type(*$C$DW$T$38)
    2639                      .dwattr $C$DW$250, DW_AT_name("GPBQSEL1")
    2640                      .dwattr $C$DW$250, DW_AT_TI_symbol_name("_GPBQSEL1")
    2641                      .dwattr $C$DW$250, DW_AT_data_member_location[DW_OP_plus_uconst 0x12]
    2642                      .dwattr $C$DW$250, DW_AT_accessibility(DW_ACCESS_public)
    2643              $C$DW$251       .dwtag  DW_TAG_member
    2644                      .dwattr $C$DW$251, DW_AT_type(*$C$DW$T$40)
    2645                      .dwattr $C$DW$251, DW_AT_name("GPBQSEL2")
    2646                      .dwattr $C$DW$251, DW_AT_TI_symbol_name("_GPBQSEL2")
    2647                      .dwattr $C$DW$251, DW_AT_data_member_location[DW_OP_plus_uconst 0x14]
    2648                      .dwattr $C$DW$251, DW_AT_accessibility(DW_ACCESS_public)
    2649              $C$DW$252       .dwtag  DW_TAG_member
    2650                      .dwattr $C$DW$252, DW_AT_type(*$C$DW$T$38)
    2651                      .dwattr $C$DW$252, DW_AT_name("GPBMUX1")
    2652                      .dwattr $C$DW$252, DW_AT_TI_symbol_name("_GPBMUX1")
    2653                      .dwattr $C$DW$252, DW_AT_data_member_location[DW_OP_plus_uconst 0x16]
    2654                      .dwattr $C$DW$252, DW_AT_accessibility(DW_ACCESS_public)
    2655              $C$DW$253       .dwtag  DW_TAG_member
    2656                      .dwattr $C$DW$253, DW_AT_type(*$C$DW$T$40)
    2657                      .dwattr $C$DW$253, DW_AT_name("GPBMUX2")
    2658                      .dwattr $C$DW$253, DW_AT_TI_symbol_name("_GPBMUX2")
    2659                      .dwattr $C$DW$253, DW_AT_data_member_location[DW_OP_plus_uconst 0x18]
    2660                      .dwattr $C$DW$253, DW_AT_accessibility(DW_ACCESS_public)
    2661              $C$DW$254       .dwtag  DW_TAG_member
    2662                      .dwattr $C$DW$254, DW_AT_type(*$C$DW$T$44)
    2663                      .dwattr $C$DW$254, DW_AT_name("GPBDIR")
    2664                      .dwattr $C$DW$254, DW_AT_TI_symbol_name("_GPBDIR")
    2665                      .dwattr $C$DW$254, DW_AT_data_member_location[DW_OP_plus_uconst 0x1a]
    2666                      .dwattr $C$DW$254, DW_AT_accessibility(DW_ACCESS_public)
    2667              $C$DW$255       .dwtag  DW_TAG_member
    2668                      .dwattr $C$DW$255, DW_AT_type(*$C$DW$T$44)
    2669                      .dwattr $C$DW$255, DW_AT_name("GPBPUD")
    2670                      .dwattr $C$DW$255, DW_AT_TI_symbol_name("_GPBPUD")
    2671                      .dwattr $C$DW$255, DW_AT_data_member_location[DW_OP_plus_uconst 0x1c]
    2672                      .dwattr $C$DW$255, DW_AT_accessibility(DW_ACCESS_public)
    2673              $C$DW$256       .dwtag  DW_TAG_member
    2674                      .dwattr $C$DW$256, DW_AT_type(*$C$DW$T$46)
    2675                      .dwattr $C$DW$256, DW_AT_name("rsvd2")
    2676                      .dwattr $C$DW$256, DW_AT_TI_symbol_name("_rsvd2")
    2677                      .dwattr $C$DW$256, DW_AT_data_member_location[DW_OP_plus_uconst 0x1e]
    2678                      .dwattr $C$DW$256, DW_AT_accessibility(DW_ACCESS_public)
    2679              $C$DW$257       .dwtag  DW_TAG_member
TMS320C2000 Assembler PC v6.1.0 Fri Feb 14 09:23:40 2020

Tools Copyright (c) 1996-2012 Texas Instruments Incorporated
F:/Work/Code Area/Combis/Bootloader/Example_Flash2806x_API21_Combi/Example_Flash2806x_API21_Combi/Example_Flash2806x_API/Debug/Driver.asm PAGE   51

    2680                      .dwattr $C$DW$257, DW_AT_type(*$C$DW$T$24)
    2681                      .dwattr $C$DW$257, DW_AT_name("AIOMUX1")
    2682                      .dwattr $C$DW$257, DW_AT_TI_symbol_name("_AIOMUX1")
    2683                      .dwattr $C$DW$257, DW_AT_data_member_location[DW_OP_plus_uconst 0x36]
    2684                      .dwattr $C$DW$257, DW_AT_accessibility(DW_ACCESS_public)
    2685              $C$DW$258       .dwtag  DW_TAG_member
    2686                      .dwattr $C$DW$258, DW_AT_type(*$C$DW$T$45)
    2687                      .dwattr $C$DW$258, DW_AT_name("rsvd3")
    2688                      .dwattr $C$DW$258, DW_AT_TI_symbol_name("_rsvd3")
    2689                      .dwattr $C$DW$258, DW_AT_data_member_location[DW_OP_plus_uconst 0x38]
    2690                      .dwattr $C$DW$258, DW_AT_accessibility(DW_ACCESS_public)
    2691              $C$DW$259       .dwtag  DW_TAG_member
    2692                      .dwattr $C$DW$259, DW_AT_type(*$C$DW$T$22)
    2693                      .dwattr $C$DW$259, DW_AT_name("AIODIR")
    2694                      .dwattr $C$DW$259, DW_AT_TI_symbol_name("_AIODIR")
    2695                      .dwattr $C$DW$259, DW_AT_data_member_location[DW_OP_plus_uconst 0x3a]
    2696                      .dwattr $C$DW$259, DW_AT_accessibility(DW_ACCESS_public)
    2697              $C$DW$260       .dwtag  DW_TAG_member
    2698                      .dwattr $C$DW$260, DW_AT_type(*$C$DW$T$47)
    2699                      .dwattr $C$DW$260, DW_AT_name("rsvd4")
    2700                      .dwattr $C$DW$260, DW_AT_TI_symbol_name("_rsvd4")
    2701                      .dwattr $C$DW$260, DW_AT_data_member_location[DW_OP_plus_uconst 0x3c]
    2702                      .dwattr $C$DW$260, DW_AT_accessibility(DW_ACCESS_public)
    2703                      .dwendtag $C$DW$T$48
    2704              
    2705              $C$DW$261       .dwtag  DW_TAG_TI_far_type
    2706                      .dwattr $C$DW$261, DW_AT_type(*$C$DW$T$48)
    2707              $C$DW$T$102     .dwtag  DW_TAG_volatile_type
    2708                      .dwattr $C$DW$T$102, DW_AT_type(*$C$DW$261)
    2709              
    2710              $C$DW$T$50      .dwtag  DW_TAG_structure_type
    2711                      .dwattr $C$DW$T$50, DW_AT_name("GPIO_DATA_REGS")
    2712                      .dwattr $C$DW$T$50, DW_AT_byte_size(0x20)
    2713              $C$DW$262       .dwtag  DW_TAG_member
    2714                      .dwattr $C$DW$262, DW_AT_type(*$C$DW$T$36)
    2715                      .dwattr $C$DW$262, DW_AT_name("GPADAT")
    2716                      .dwattr $C$DW$262, DW_AT_TI_symbol_name("_GPADAT")
    2717                      .dwattr $C$DW$262, DW_AT_data_member_location[DW_OP_plus_uconst 0x0]
    2718                      .dwattr $C$DW$262, DW_AT_accessibility(DW_ACCESS_public)
    2719              $C$DW$263       .dwtag  DW_TAG_member
    2720                      .dwattr $C$DW$263, DW_AT_type(*$C$DW$T$36)
    2721                      .dwattr $C$DW$263, DW_AT_name("GPASET")
    2722                      .dwattr $C$DW$263, DW_AT_TI_symbol_name("_GPASET")
    2723                      .dwattr $C$DW$263, DW_AT_data_member_location[DW_OP_plus_uconst 0x2]
    2724                      .dwattr $C$DW$263, DW_AT_accessibility(DW_ACCESS_public)
    2725              $C$DW$264       .dwtag  DW_TAG_member
    2726                      .dwattr $C$DW$264, DW_AT_type(*$C$DW$T$36)
    2727                      .dwattr $C$DW$264, DW_AT_name("GPACLEAR")
    2728                      .dwattr $C$DW$264, DW_AT_TI_symbol_name("_GPACLEAR")
    2729                      .dwattr $C$DW$264, DW_AT_data_member_location[DW_OP_plus_uconst 0x4]
    2730                      .dwattr $C$DW$264, DW_AT_accessibility(DW_ACCESS_public)
    2731              $C$DW$265       .dwtag  DW_TAG_member
    2732                      .dwattr $C$DW$265, DW_AT_type(*$C$DW$T$36)
    2733                      .dwattr $C$DW$265, DW_AT_name("GPATOGGLE")
    2734                      .dwattr $C$DW$265, DW_AT_TI_symbol_name("_GPATOGGLE")
TMS320C2000 Assembler PC v6.1.0 Fri Feb 14 09:23:40 2020

Tools Copyright (c) 1996-2012 Texas Instruments Incorporated
F:/Work/Code Area/Combis/Bootloader/Example_Flash2806x_API21_Combi/Example_Flash2806x_API21_Combi/Example_Flash2806x_API/Debug/Driver.asm PAGE   52

    2735                      .dwattr $C$DW$265, DW_AT_data_member_location[DW_OP_plus_uconst 0x6]
    2736                      .dwattr $C$DW$265, DW_AT_accessibility(DW_ACCESS_public)
    2737              $C$DW$266       .dwtag  DW_TAG_member
    2738                      .dwattr $C$DW$266, DW_AT_type(*$C$DW$T$44)
    2739                      .dwattr $C$DW$266, DW_AT_name("GPBDAT")
    2740                      .dwattr $C$DW$266, DW_AT_TI_symbol_name("_GPBDAT")
    2741                      .dwattr $C$DW$266, DW_AT_data_member_location[DW_OP_plus_uconst 0x8]
    2742                      .dwattr $C$DW$266, DW_AT_accessibility(DW_ACCESS_public)
    2743              $C$DW$267       .dwtag  DW_TAG_member
    2744                      .dwattr $C$DW$267, DW_AT_type(*$C$DW$T$44)
    2745                      .dwattr $C$DW$267, DW_AT_name("GPBSET")
    2746                      .dwattr $C$DW$267, DW_AT_TI_symbol_name("_GPBSET")
    2747                      .dwattr $C$DW$267, DW_AT_data_member_location[DW_OP_plus_uconst 0xa]
    2748                      .dwattr $C$DW$267, DW_AT_accessibility(DW_ACCESS_public)
    2749              $C$DW$268       .dwtag  DW_TAG_member
    2750                      .dwattr $C$DW$268, DW_AT_type(*$C$DW$T$44)
    2751                      .dwattr $C$DW$268, DW_AT_name("GPBCLEAR")
    2752                      .dwattr $C$DW$268, DW_AT_TI_symbol_name("_GPBCLEAR")
    2753                      .dwattr $C$DW$268, DW_AT_data_member_location[DW_OP_plus_uconst 0xc]
    2754                      .dwattr $C$DW$268, DW_AT_accessibility(DW_ACCESS_public)
    2755              $C$DW$269       .dwtag  DW_TAG_member
    2756                      .dwattr $C$DW$269, DW_AT_type(*$C$DW$T$44)
    2757                      .dwattr $C$DW$269, DW_AT_name("GPBTOGGLE")
    2758                      .dwattr $C$DW$269, DW_AT_TI_symbol_name("_GPBTOGGLE")
    2759                      .dwattr $C$DW$269, DW_AT_data_member_location[DW_OP_plus_uconst 0xe]
    2760                      .dwattr $C$DW$269, DW_AT_accessibility(DW_ACCESS_public)
    2761              $C$DW$270       .dwtag  DW_TAG_member
    2762                      .dwattr $C$DW$270, DW_AT_type(*$C$DW$T$49)
    2763                      .dwattr $C$DW$270, DW_AT_name("rsvd1")
    2764                      .dwattr $C$DW$270, DW_AT_TI_symbol_name("_rsvd1")
    2765                      .dwattr $C$DW$270, DW_AT_data_member_location[DW_OP_plus_uconst 0x10]
    2766                      .dwattr $C$DW$270, DW_AT_accessibility(DW_ACCESS_public)
    2767              $C$DW$271       .dwtag  DW_TAG_member
    2768                      .dwattr $C$DW$271, DW_AT_type(*$C$DW$T$22)
    2769                      .dwattr $C$DW$271, DW_AT_name("AIODAT")
    2770                      .dwattr $C$DW$271, DW_AT_TI_symbol_name("_AIODAT")
    2771                      .dwattr $C$DW$271, DW_AT_data_member_location[DW_OP_plus_uconst 0x18]
    2772                      .dwattr $C$DW$271, DW_AT_accessibility(DW_ACCESS_public)
    2773              $C$DW$272       .dwtag  DW_TAG_member
    2774                      .dwattr $C$DW$272, DW_AT_type(*$C$DW$T$22)
    2775                      .dwattr $C$DW$272, DW_AT_name("AIOSET")
    2776                      .dwattr $C$DW$272, DW_AT_TI_symbol_name("_AIOSET")
    2777                      .dwattr $C$DW$272, DW_AT_data_member_location[DW_OP_plus_uconst 0x1a]
    2778                      .dwattr $C$DW$272, DW_AT_accessibility(DW_ACCESS_public)
    2779              $C$DW$273       .dwtag  DW_TAG_member
    2780                      .dwattr $C$DW$273, DW_AT_type(*$C$DW$T$22)
    2781                      .dwattr $C$DW$273, DW_AT_name("AIOCLEAR")
    2782                      .dwattr $C$DW$273, DW_AT_TI_symbol_name("_AIOCLEAR")
    2783                      .dwattr $C$DW$273, DW_AT_data_member_location[DW_OP_plus_uconst 0x1c]
    2784                      .dwattr $C$DW$273, DW_AT_accessibility(DW_ACCESS_public)
    2785              $C$DW$274       .dwtag  DW_TAG_member
    2786                      .dwattr $C$DW$274, DW_AT_type(*$C$DW$T$22)
    2787                      .dwattr $C$DW$274, DW_AT_name("AIOTOGGLE")
    2788                      .dwattr $C$DW$274, DW_AT_TI_symbol_name("_AIOTOGGLE")
    2789                      .dwattr $C$DW$274, DW_AT_data_member_location[DW_OP_plus_uconst 0x1e]
TMS320C2000 Assembler PC v6.1.0 Fri Feb 14 09:23:40 2020

Tools Copyright (c) 1996-2012 Texas Instruments Incorporated
F:/Work/Code Area/Combis/Bootloader/Example_Flash2806x_API21_Combi/Example_Flash2806x_API21_Combi/Example_Flash2806x_API/Debug/Driver.asm PAGE   53

    2790                      .dwattr $C$DW$274, DW_AT_accessibility(DW_ACCESS_public)
    2791                      .dwendtag $C$DW$T$50
    2792              
    2793              $C$DW$275       .dwtag  DW_TAG_TI_far_type
    2794                      .dwattr $C$DW$275, DW_AT_type(*$C$DW$T$50)
    2795              $C$DW$T$103     .dwtag  DW_TAG_volatile_type
    2796                      .dwattr $C$DW$T$103, DW_AT_type(*$C$DW$275)
    2797              
    2798              $C$DW$T$51      .dwtag  DW_TAG_structure_type
    2799                      .dwattr $C$DW$T$51, DW_AT_name("INTOSC1TRIM_BITS")
    2800                      .dwattr $C$DW$T$51, DW_AT_byte_size(0x01)
    2801              $C$DW$276       .dwtag  DW_TAG_member
    2802                      .dwattr $C$DW$276, DW_AT_type(*$C$DW$T$19)
    2803                      .dwattr $C$DW$276, DW_AT_name("COARSETRIM")
    2804                      .dwattr $C$DW$276, DW_AT_TI_symbol_name("_COARSETRIM")
    2805                      .dwattr $C$DW$276, DW_AT_bit_offset(0x08), DW_AT_bit_size(0x08)
    2806                      .dwattr $C$DW$276, DW_AT_data_member_location[DW_OP_plus_uconst 0x0]
    2807                      .dwattr $C$DW$276, DW_AT_accessibility(DW_ACCESS_public)
    2808              $C$DW$277       .dwtag  DW_TAG_member
    2809                      .dwattr $C$DW$277, DW_AT_type(*$C$DW$T$19)
    2810                      .dwattr $C$DW$277, DW_AT_name("rsvd1")
    2811                      .dwattr $C$DW$277, DW_AT_TI_symbol_name("_rsvd1")
    2812                      .dwattr $C$DW$277, DW_AT_bit_offset(0x07), DW_AT_bit_size(0x01)
    2813                      .dwattr $C$DW$277, DW_AT_data_member_location[DW_OP_plus_uconst 0x0]
    2814                      .dwattr $C$DW$277, DW_AT_accessibility(DW_ACCESS_public)
    2815              $C$DW$278       .dwtag  DW_TAG_member
    2816                      .dwattr $C$DW$278, DW_AT_type(*$C$DW$T$19)
    2817                      .dwattr $C$DW$278, DW_AT_name("FINETRIM")
    2818                      .dwattr $C$DW$278, DW_AT_TI_symbol_name("_FINETRIM")
    2819                      .dwattr $C$DW$278, DW_AT_bit_offset(0x01), DW_AT_bit_size(0x06)
    2820                      .dwattr $C$DW$278, DW_AT_data_member_location[DW_OP_plus_uconst 0x0]
    2821                      .dwattr $C$DW$278, DW_AT_accessibility(DW_ACCESS_public)
    2822              $C$DW$279       .dwtag  DW_TAG_member
    2823                      .dwattr $C$DW$279, DW_AT_type(*$C$DW$T$19)
    2824                      .dwattr $C$DW$279, DW_AT_name("rsvd2")
    2825                      .dwattr $C$DW$279, DW_AT_TI_symbol_name("_rsvd2")
    2826                      .dwattr $C$DW$279, DW_AT_bit_offset(0x00), DW_AT_bit_size(0x01)
    2827                      .dwattr $C$DW$279, DW_AT_data_member_location[DW_OP_plus_uconst 0x0]
    2828                      .dwattr $C$DW$279, DW_AT_accessibility(DW_ACCESS_public)
    2829                      .dwendtag $C$DW$T$51
    2830              
    2831              
    2832              $C$DW$T$52      .dwtag  DW_TAG_union_type
    2833                      .dwattr $C$DW$T$52, DW_AT_name("INTOSC1TRIM_REG")
    2834                      .dwattr $C$DW$T$52, DW_AT_byte_size(0x01)
    2835              $C$DW$280       .dwtag  DW_TAG_member
    2836                      .dwattr $C$DW$280, DW_AT_type(*$C$DW$T$19)
    2837                      .dwattr $C$DW$280, DW_AT_name("all")
    2838                      .dwattr $C$DW$280, DW_AT_TI_symbol_name("_all")
    2839                      .dwattr $C$DW$280, DW_AT_data_member_location[DW_OP_plus_uconst 0x0]
    2840                      .dwattr $C$DW$280, DW_AT_accessibility(DW_ACCESS_public)
    2841              $C$DW$281       .dwtag  DW_TAG_member
    2842                      .dwattr $C$DW$281, DW_AT_type(*$C$DW$T$51)
    2843                      .dwattr $C$DW$281, DW_AT_name("bit")
    2844                      .dwattr $C$DW$281, DW_AT_TI_symbol_name("_bit")
TMS320C2000 Assembler PC v6.1.0 Fri Feb 14 09:23:40 2020

Tools Copyright (c) 1996-2012 Texas Instruments Incorporated
F:/Work/Code Area/Combis/Bootloader/Example_Flash2806x_API21_Combi/Example_Flash2806x_API21_Combi/Example_Flash2806x_API/Debug/Driver.asm PAGE   54

    2845                      .dwattr $C$DW$281, DW_AT_data_member_location[DW_OP_plus_uconst 0x0]
    2846                      .dwattr $C$DW$281, DW_AT_accessibility(DW_ACCESS_public)
    2847                      .dwendtag $C$DW$T$52
    2848              
    2849              
    2850              $C$DW$T$53      .dwtag  DW_TAG_structure_type
    2851                      .dwattr $C$DW$T$53, DW_AT_name("INTOSC2TRIM_BITS")
    2852                      .dwattr $C$DW$T$53, DW_AT_byte_size(0x01)
    2853              $C$DW$282       .dwtag  DW_TAG_member
    2854                      .dwattr $C$DW$282, DW_AT_type(*$C$DW$T$19)
    2855                      .dwattr $C$DW$282, DW_AT_name("COARSETRIM")
    2856                      .dwattr $C$DW$282, DW_AT_TI_symbol_name("_COARSETRIM")
    2857                      .dwattr $C$DW$282, DW_AT_bit_offset(0x08), DW_AT_bit_size(0x08)
    2858                      .dwattr $C$DW$282, DW_AT_data_member_location[DW_OP_plus_uconst 0x0]
    2859                      .dwattr $C$DW$282, DW_AT_accessibility(DW_ACCESS_public)
    2860              $C$DW$283       .dwtag  DW_TAG_member
    2861                      .dwattr $C$DW$283, DW_AT_type(*$C$DW$T$19)
    2862                      .dwattr $C$DW$283, DW_AT_name("rsvd1")
    2863                      .dwattr $C$DW$283, DW_AT_TI_symbol_name("_rsvd1")
    2864                      .dwattr $C$DW$283, DW_AT_bit_offset(0x07), DW_AT_bit_size(0x01)
    2865                      .dwattr $C$DW$283, DW_AT_data_member_location[DW_OP_plus_uconst 0x0]
    2866                      .dwattr $C$DW$283, DW_AT_accessibility(DW_ACCESS_public)
    2867              $C$DW$284       .dwtag  DW_TAG_member
    2868                      .dwattr $C$DW$284, DW_AT_type(*$C$DW$T$19)
    2869                      .dwattr $C$DW$284, DW_AT_name("FINETRIM")
    2870                      .dwattr $C$DW$284, DW_AT_TI_symbol_name("_FINETRIM")
    2871                      .dwattr $C$DW$284, DW_AT_bit_offset(0x01), DW_AT_bit_size(0x06)
    2872                      .dwattr $C$DW$284, DW_AT_data_member_location[DW_OP_plus_uconst 0x0]
    2873                      .dwattr $C$DW$284, DW_AT_accessibility(DW_ACCESS_public)
    2874              $C$DW$285       .dwtag  DW_TAG_member
    2875                      .dwattr $C$DW$285, DW_AT_type(*$C$DW$T$19)
    2876                      .dwattr $C$DW$285, DW_AT_name("rsvd2")
    2877                      .dwattr $C$DW$285, DW_AT_TI_symbol_name("_rsvd2")
    2878                      .dwattr $C$DW$285, DW_AT_bit_offset(0x00), DW_AT_bit_size(0x01)
    2879                      .dwattr $C$DW$285, DW_AT_data_member_location[DW_OP_plus_uconst 0x0]
    2880                      .dwattr $C$DW$285, DW_AT_accessibility(DW_ACCESS_public)
    2881                      .dwendtag $C$DW$T$53
    2882              
    2883              
    2884              $C$DW$T$54      .dwtag  DW_TAG_union_type
    2885                      .dwattr $C$DW$T$54, DW_AT_name("INTOSC2TRIM_REG")
    2886                      .dwattr $C$DW$T$54, DW_AT_byte_size(0x01)
    2887              $C$DW$286       .dwtag  DW_TAG_member
    2888                      .dwattr $C$DW$286, DW_AT_type(*$C$DW$T$19)
    2889                      .dwattr $C$DW$286, DW_AT_name("all")
    2890                      .dwattr $C$DW$286, DW_AT_TI_symbol_name("_all")
    2891                      .dwattr $C$DW$286, DW_AT_data_member_location[DW_OP_plus_uconst 0x0]
    2892                      .dwattr $C$DW$286, DW_AT_accessibility(DW_ACCESS_public)
    2893              $C$DW$287       .dwtag  DW_TAG_member
    2894                      .dwattr $C$DW$287, DW_AT_type(*$C$DW$T$53)
    2895                      .dwattr $C$DW$287, DW_AT_name("bit")
    2896                      .dwattr $C$DW$287, DW_AT_TI_symbol_name("_bit")
    2897                      .dwattr $C$DW$287, DW_AT_data_member_location[DW_OP_plus_uconst 0x0]
    2898                      .dwattr $C$DW$287, DW_AT_accessibility(DW_ACCESS_public)
    2899                      .dwendtag $C$DW$T$54
TMS320C2000 Assembler PC v6.1.0 Fri Feb 14 09:23:40 2020

Tools Copyright (c) 1996-2012 Texas Instruments Incorporated
F:/Work/Code Area/Combis/Bootloader/Example_Flash2806x_API21_Combi/Example_Flash2806x_API21_Combi/Example_Flash2806x_API/Debug/Driver.asm PAGE   55

    2900              
    2901              
    2902              $C$DW$T$55      .dwtag  DW_TAG_structure_type
    2903                      .dwattr $C$DW$T$55, DW_AT_name("LOSPCP_BITS")
    2904                      .dwattr $C$DW$T$55, DW_AT_byte_size(0x01)
    2905              $C$DW$288       .dwtag  DW_TAG_member
    2906                      .dwattr $C$DW$288, DW_AT_type(*$C$DW$T$19)
    2907                      .dwattr $C$DW$288, DW_AT_name("LSPCLK")
    2908                      .dwattr $C$DW$288, DW_AT_TI_symbol_name("_LSPCLK")
    2909                      .dwattr $C$DW$288, DW_AT_bit_offset(0x0d), DW_AT_bit_size(0x03)
    2910                      .dwattr $C$DW$288, DW_AT_data_member_location[DW_OP_plus_uconst 0x0]
    2911                      .dwattr $C$DW$288, DW_AT_accessibility(DW_ACCESS_public)
    2912              $C$DW$289       .dwtag  DW_TAG_member
    2913                      .dwattr $C$DW$289, DW_AT_type(*$C$DW$T$19)
    2914                      .dwattr $C$DW$289, DW_AT_name("rsvd1")
    2915                      .dwattr $C$DW$289, DW_AT_TI_symbol_name("_rsvd1")
    2916                      .dwattr $C$DW$289, DW_AT_bit_offset(0x00), DW_AT_bit_size(0x0d)
    2917                      .dwattr $C$DW$289, DW_AT_data_member_location[DW_OP_plus_uconst 0x0]
    2918                      .dwattr $C$DW$289, DW_AT_accessibility(DW_ACCESS_public)
    2919                      .dwendtag $C$DW$T$55
    2920              
    2921              
    2922              $C$DW$T$56      .dwtag  DW_TAG_union_type
    2923                      .dwattr $C$DW$T$56, DW_AT_name("LOSPCP_REG")
    2924                      .dwattr $C$DW$T$56, DW_AT_byte_size(0x01)
    2925              $C$DW$290       .dwtag  DW_TAG_member
    2926                      .dwattr $C$DW$290, DW_AT_type(*$C$DW$T$19)
    2927                      .dwattr $C$DW$290, DW_AT_name("all")
    2928                      .dwattr $C$DW$290, DW_AT_TI_symbol_name("_all")
    2929                      .dwattr $C$DW$290, DW_AT_data_member_location[DW_OP_plus_uconst 0x0]
    2930                      .dwattr $C$DW$290, DW_AT_accessibility(DW_ACCESS_public)
    2931              $C$DW$291       .dwtag  DW_TAG_member
    2932                      .dwattr $C$DW$291, DW_AT_type(*$C$DW$T$55)
    2933                      .dwattr $C$DW$291, DW_AT_name("bit")
    2934                      .dwattr $C$DW$291, DW_AT_TI_symbol_name("_bit")
    2935                      .dwattr $C$DW$291, DW_AT_data_member_location[DW_OP_plus_uconst 0x0]
    2936                      .dwattr $C$DW$291, DW_AT_accessibility(DW_ACCESS_public)
    2937                      .dwendtag $C$DW$T$56
    2938              
    2939              
    2940              $C$DW$T$57      .dwtag  DW_TAG_structure_type
    2941                      .dwattr $C$DW$T$57, DW_AT_name("LPMCR0_BITS")
    2942                      .dwattr $C$DW$T$57, DW_AT_byte_size(0x01)
    2943              $C$DW$292       .dwtag  DW_TAG_member
    2944                      .dwattr $C$DW$292, DW_AT_type(*$C$DW$T$19)
    2945                      .dwattr $C$DW$292, DW_AT_name("LPM")
    2946                      .dwattr $C$DW$292, DW_AT_TI_symbol_name("_LPM")
    2947                      .dwattr $C$DW$292, DW_AT_bit_offset(0x0e), DW_AT_bit_size(0x02)
    2948                      .dwattr $C$DW$292, DW_AT_data_member_location[DW_OP_plus_uconst 0x0]
    2949                      .dwattr $C$DW$292, DW_AT_accessibility(DW_ACCESS_public)
    2950              $C$DW$293       .dwtag  DW_TAG_member
    2951                      .dwattr $C$DW$293, DW_AT_type(*$C$DW$T$19)
    2952                      .dwattr $C$DW$293, DW_AT_name("QUALSTDBY")
    2953                      .dwattr $C$DW$293, DW_AT_TI_symbol_name("_QUALSTDBY")
    2954                      .dwattr $C$DW$293, DW_AT_bit_offset(0x08), DW_AT_bit_size(0x06)
TMS320C2000 Assembler PC v6.1.0 Fri Feb 14 09:23:40 2020

Tools Copyright (c) 1996-2012 Texas Instruments Incorporated
F:/Work/Code Area/Combis/Bootloader/Example_Flash2806x_API21_Combi/Example_Flash2806x_API21_Combi/Example_Flash2806x_API/Debug/Driver.asm PAGE   56

    2955                      .dwattr $C$DW$293, DW_AT_data_member_location[DW_OP_plus_uconst 0x0]
    2956                      .dwattr $C$DW$293, DW_AT_accessibility(DW_ACCESS_public)
    2957              $C$DW$294       .dwtag  DW_TAG_member
    2958                      .dwattr $C$DW$294, DW_AT_type(*$C$DW$T$19)
    2959                      .dwattr $C$DW$294, DW_AT_name("rsvd1")
    2960                      .dwattr $C$DW$294, DW_AT_TI_symbol_name("_rsvd1")
    2961                      .dwattr $C$DW$294, DW_AT_bit_offset(0x01), DW_AT_bit_size(0x07)
    2962                      .dwattr $C$DW$294, DW_AT_data_member_location[DW_OP_plus_uconst 0x0]
    2963                      .dwattr $C$DW$294, DW_AT_accessibility(DW_ACCESS_public)
    2964              $C$DW$295       .dwtag  DW_TAG_member
    2965                      .dwattr $C$DW$295, DW_AT_type(*$C$DW$T$19)
    2966                      .dwattr $C$DW$295, DW_AT_name("WDINTE")
    2967                      .dwattr $C$DW$295, DW_AT_TI_symbol_name("_WDINTE")
    2968                      .dwattr $C$DW$295, DW_AT_bit_offset(0x00), DW_AT_bit_size(0x01)
    2969                      .dwattr $C$DW$295, DW_AT_data_member_location[DW_OP_plus_uconst 0x0]
    2970                      .dwattr $C$DW$295, DW_AT_accessibility(DW_ACCESS_public)
    2971                      .dwendtag $C$DW$T$57
    2972              
    2973              
    2974              $C$DW$T$58      .dwtag  DW_TAG_union_type
    2975                      .dwattr $C$DW$T$58, DW_AT_name("LPMCR0_REG")
    2976                      .dwattr $C$DW$T$58, DW_AT_byte_size(0x01)
    2977              $C$DW$296       .dwtag  DW_TAG_member
    2978                      .dwattr $C$DW$296, DW_AT_type(*$C$DW$T$19)
    2979                      .dwattr $C$DW$296, DW_AT_name("all")
    2980                      .dwattr $C$DW$296, DW_AT_TI_symbol_name("_all")
    2981                      .dwattr $C$DW$296, DW_AT_data_member_location[DW_OP_plus_uconst 0x0]
    2982                      .dwattr $C$DW$296, DW_AT_accessibility(DW_ACCESS_public)
    2983              $C$DW$297       .dwtag  DW_TAG_member
    2984                      .dwattr $C$DW$297, DW_AT_type(*$C$DW$T$57)
    2985                      .dwattr $C$DW$297, DW_AT_name("bit")
    2986                      .dwattr $C$DW$297, DW_AT_TI_symbol_name("_bit")
    2987                      .dwattr $C$DW$297, DW_AT_data_member_location[DW_OP_plus_uconst 0x0]
    2988                      .dwattr $C$DW$297, DW_AT_accessibility(DW_ACCESS_public)
    2989                      .dwendtag $C$DW$T$58
    2990              
    2991              
    2992              $C$DW$T$59      .dwtag  DW_TAG_structure_type
    2993                      .dwattr $C$DW$T$59, DW_AT_name("PCLKCR0_BITS")
    2994                      .dwattr $C$DW$T$59, DW_AT_byte_size(0x01)
    2995              $C$DW$298       .dwtag  DW_TAG_member
    2996                      .dwattr $C$DW$298, DW_AT_type(*$C$DW$T$19)
    2997                      .dwattr $C$DW$298, DW_AT_name("HRPWMENCLK")
    2998                      .dwattr $C$DW$298, DW_AT_TI_symbol_name("_HRPWMENCLK")
    2999                      .dwattr $C$DW$298, DW_AT_bit_offset(0x0f), DW_AT_bit_size(0x01)
    3000                      .dwattr $C$DW$298, DW_AT_data_member_location[DW_OP_plus_uconst 0x0]
    3001                      .dwattr $C$DW$298, DW_AT_accessibility(DW_ACCESS_public)
    3002              $C$DW$299       .dwtag  DW_TAG_member
    3003                      .dwattr $C$DW$299, DW_AT_type(*$C$DW$T$19)
    3004                      .dwattr $C$DW$299, DW_AT_name("rsvd1")
    3005                      .dwattr $C$DW$299, DW_AT_TI_symbol_name("_rsvd1")
    3006                      .dwattr $C$DW$299, DW_AT_bit_offset(0x0e), DW_AT_bit_size(0x01)
    3007                      .dwattr $C$DW$299, DW_AT_data_member_location[DW_OP_plus_uconst 0x0]
    3008                      .dwattr $C$DW$299, DW_AT_accessibility(DW_ACCESS_public)
    3009              $C$DW$300       .dwtag  DW_TAG_member
TMS320C2000 Assembler PC v6.1.0 Fri Feb 14 09:23:40 2020

Tools Copyright (c) 1996-2012 Texas Instruments Incorporated
F:/Work/Code Area/Combis/Bootloader/Example_Flash2806x_API21_Combi/Example_Flash2806x_API21_Combi/Example_Flash2806x_API/Debug/Driver.asm PAGE   57

    3010                      .dwattr $C$DW$300, DW_AT_type(*$C$DW$T$19)
    3011                      .dwattr $C$DW$300, DW_AT_name("TBCLKSYNC")
    3012                      .dwattr $C$DW$300, DW_AT_TI_symbol_name("_TBCLKSYNC")
    3013                      .dwattr $C$DW$300, DW_AT_bit_offset(0x0d), DW_AT_bit_size(0x01)
    3014                      .dwattr $C$DW$300, DW_AT_data_member_location[DW_OP_plus_uconst 0x0]
    3015                      .dwattr $C$DW$300, DW_AT_accessibility(DW_ACCESS_public)
    3016              $C$DW$301       .dwtag  DW_TAG_member
    3017                      .dwattr $C$DW$301, DW_AT_type(*$C$DW$T$19)
    3018                      .dwattr $C$DW$301, DW_AT_name("ADCENCLK")
    3019                      .dwattr $C$DW$301, DW_AT_TI_symbol_name("_ADCENCLK")
    3020                      .dwattr $C$DW$301, DW_AT_bit_offset(0x0c), DW_AT_bit_size(0x01)
    3021                      .dwattr $C$DW$301, DW_AT_data_member_location[DW_OP_plus_uconst 0x0]
    3022                      .dwattr $C$DW$301, DW_AT_accessibility(DW_ACCESS_public)
    3023              $C$DW$302       .dwtag  DW_TAG_member
    3024                      .dwattr $C$DW$302, DW_AT_type(*$C$DW$T$19)
    3025                      .dwattr $C$DW$302, DW_AT_name("I2CAENCLK")
    3026                      .dwattr $C$DW$302, DW_AT_TI_symbol_name("_I2CAENCLK")
    3027                      .dwattr $C$DW$302, DW_AT_bit_offset(0x0b), DW_AT_bit_size(0x01)
    3028                      .dwattr $C$DW$302, DW_AT_data_member_location[DW_OP_plus_uconst 0x0]
    3029                      .dwattr $C$DW$302, DW_AT_accessibility(DW_ACCESS_public)
    3030              $C$DW$303       .dwtag  DW_TAG_member
    3031                      .dwattr $C$DW$303, DW_AT_type(*$C$DW$T$19)
    3032                      .dwattr $C$DW$303, DW_AT_name("rsvd2")
    3033                      .dwattr $C$DW$303, DW_AT_TI_symbol_name("_rsvd2")
    3034                      .dwattr $C$DW$303, DW_AT_bit_offset(0x0a), DW_AT_bit_size(0x01)
    3035                      .dwattr $C$DW$303, DW_AT_data_member_location[DW_OP_plus_uconst 0x0]
    3036                      .dwattr $C$DW$303, DW_AT_accessibility(DW_ACCESS_public)
    3037              $C$DW$304       .dwtag  DW_TAG_member
    3038                      .dwattr $C$DW$304, DW_AT_type(*$C$DW$T$19)
    3039                      .dwattr $C$DW$304, DW_AT_name("rsvd3")
    3040                      .dwattr $C$DW$304, DW_AT_TI_symbol_name("_rsvd3")
    3041                      .dwattr $C$DW$304, DW_AT_bit_offset(0x08), DW_AT_bit_size(0x02)
    3042                      .dwattr $C$DW$304, DW_AT_data_member_location[DW_OP_plus_uconst 0x0]
    3043                      .dwattr $C$DW$304, DW_AT_accessibility(DW_ACCESS_public)
    3044              $C$DW$305       .dwtag  DW_TAG_member
    3045                      .dwattr $C$DW$305, DW_AT_type(*$C$DW$T$19)
    3046                      .dwattr $C$DW$305, DW_AT_name("SPIAENCLK")
    3047                      .dwattr $C$DW$305, DW_AT_TI_symbol_name("_SPIAENCLK")
    3048                      .dwattr $C$DW$305, DW_AT_bit_offset(0x07), DW_AT_bit_size(0x01)
    3049                      .dwattr $C$DW$305, DW_AT_data_member_location[DW_OP_plus_uconst 0x0]
    3050                      .dwattr $C$DW$305, DW_AT_accessibility(DW_ACCESS_public)
    3051              $C$DW$306       .dwtag  DW_TAG_member
    3052                      .dwattr $C$DW$306, DW_AT_type(*$C$DW$T$19)
    3053                      .dwattr $C$DW$306, DW_AT_name("SPIBENCLK")
    3054                      .dwattr $C$DW$306, DW_AT_TI_symbol_name("_SPIBENCLK")
    3055                      .dwattr $C$DW$306, DW_AT_bit_offset(0x06), DW_AT_bit_size(0x01)
    3056                      .dwattr $C$DW$306, DW_AT_data_member_location[DW_OP_plus_uconst 0x0]
    3057                      .dwattr $C$DW$306, DW_AT_accessibility(DW_ACCESS_public)
    3058              $C$DW$307       .dwtag  DW_TAG_member
    3059                      .dwattr $C$DW$307, DW_AT_type(*$C$DW$T$19)
    3060                      .dwattr $C$DW$307, DW_AT_name("SCIAENCLK")
    3061                      .dwattr $C$DW$307, DW_AT_TI_symbol_name("_SCIAENCLK")
    3062                      .dwattr $C$DW$307, DW_AT_bit_offset(0x05), DW_AT_bit_size(0x01)
    3063                      .dwattr $C$DW$307, DW_AT_data_member_location[DW_OP_plus_uconst 0x0]
    3064                      .dwattr $C$DW$307, DW_AT_accessibility(DW_ACCESS_public)
TMS320C2000 Assembler PC v6.1.0 Fri Feb 14 09:23:40 2020

Tools Copyright (c) 1996-2012 Texas Instruments Incorporated
F:/Work/Code Area/Combis/Bootloader/Example_Flash2806x_API21_Combi/Example_Flash2806x_API21_Combi/Example_Flash2806x_API/Debug/Driver.asm PAGE   58

    3065              $C$DW$308       .dwtag  DW_TAG_member
    3066                      .dwattr $C$DW$308, DW_AT_type(*$C$DW$T$19)
    3067                      .dwattr $C$DW$308, DW_AT_name("SCIBENCLK")
    3068                      .dwattr $C$DW$308, DW_AT_TI_symbol_name("_SCIBENCLK")
    3069                      .dwattr $C$DW$308, DW_AT_bit_offset(0x04), DW_AT_bit_size(0x01)
    3070                      .dwattr $C$DW$308, DW_AT_data_member_location[DW_OP_plus_uconst 0x0]
    3071                      .dwattr $C$DW$308, DW_AT_accessibility(DW_ACCESS_public)
    3072              $C$DW$309       .dwtag  DW_TAG_member
    3073                      .dwattr $C$DW$309, DW_AT_type(*$C$DW$T$19)
    3074                      .dwattr $C$DW$309, DW_AT_name("MCBSPAENCLK")
    3075                      .dwattr $C$DW$309, DW_AT_TI_symbol_name("_MCBSPAENCLK")
    3076                      .dwattr $C$DW$309, DW_AT_bit_offset(0x03), DW_AT_bit_size(0x01)
    3077                      .dwattr $C$DW$309, DW_AT_data_member_location[DW_OP_plus_uconst 0x0]
    3078                      .dwattr $C$DW$309, DW_AT_accessibility(DW_ACCESS_public)
    3079              $C$DW$310       .dwtag  DW_TAG_member
    3080                      .dwattr $C$DW$310, DW_AT_type(*$C$DW$T$19)
    3081                      .dwattr $C$DW$310, DW_AT_name("rsvd4")
    3082                      .dwattr $C$DW$310, DW_AT_TI_symbol_name("_rsvd4")
    3083                      .dwattr $C$DW$310, DW_AT_bit_offset(0x02), DW_AT_bit_size(0x01)
    3084                      .dwattr $C$DW$310, DW_AT_data_member_location[DW_OP_plus_uconst 0x0]
    3085                      .dwattr $C$DW$310, DW_AT_accessibility(DW_ACCESS_public)
    3086              $C$DW$311       .dwtag  DW_TAG_member
    3087                      .dwattr $C$DW$311, DW_AT_type(*$C$DW$T$19)
    3088                      .dwattr $C$DW$311, DW_AT_name("ECANAENCLK")
    3089                      .dwattr $C$DW$311, DW_AT_TI_symbol_name("_ECANAENCLK")
    3090                      .dwattr $C$DW$311, DW_AT_bit_offset(0x01), DW_AT_bit_size(0x01)
    3091                      .dwattr $C$DW$311, DW_AT_data_member_location[DW_OP_plus_uconst 0x0]
    3092                      .dwattr $C$DW$311, DW_AT_accessibility(DW_ACCESS_public)
    3093              $C$DW$312       .dwtag  DW_TAG_member
    3094                      .dwattr $C$DW$312, DW_AT_type(*$C$DW$T$19)
    3095                      .dwattr $C$DW$312, DW_AT_name("rsvd5")
    3096                      .dwattr $C$DW$312, DW_AT_TI_symbol_name("_rsvd5")
    3097                      .dwattr $C$DW$312, DW_AT_bit_offset(0x00), DW_AT_bit_size(0x01)
    3098                      .dwattr $C$DW$312, DW_AT_data_member_location[DW_OP_plus_uconst 0x0]
    3099                      .dwattr $C$DW$312, DW_AT_accessibility(DW_ACCESS_public)
    3100                      .dwendtag $C$DW$T$59
    3101              
    3102              
    3103              $C$DW$T$60      .dwtag  DW_TAG_union_type
    3104                      .dwattr $C$DW$T$60, DW_AT_name("PCLKCR0_REG")
    3105                      .dwattr $C$DW$T$60, DW_AT_byte_size(0x01)
    3106              $C$DW$313       .dwtag  DW_TAG_member
    3107                      .dwattr $C$DW$313, DW_AT_type(*$C$DW$T$19)
    3108                      .dwattr $C$DW$313, DW_AT_name("all")
    3109                      .dwattr $C$DW$313, DW_AT_TI_symbol_name("_all")
    3110                      .dwattr $C$DW$313, DW_AT_data_member_location[DW_OP_plus_uconst 0x0]
    3111                      .dwattr $C$DW$313, DW_AT_accessibility(DW_ACCESS_public)
    3112              $C$DW$314       .dwtag  DW_TAG_member
    3113                      .dwattr $C$DW$314, DW_AT_type(*$C$DW$T$59)
    3114                      .dwattr $C$DW$314, DW_AT_name("bit")
    3115                      .dwattr $C$DW$314, DW_AT_TI_symbol_name("_bit")
    3116                      .dwattr $C$DW$314, DW_AT_data_member_location[DW_OP_plus_uconst 0x0]
    3117                      .dwattr $C$DW$314, DW_AT_accessibility(DW_ACCESS_public)
    3118                      .dwendtag $C$DW$T$60
    3119              
TMS320C2000 Assembler PC v6.1.0 Fri Feb 14 09:23:40 2020

Tools Copyright (c) 1996-2012 Texas Instruments Incorporated
F:/Work/Code Area/Combis/Bootloader/Example_Flash2806x_API21_Combi/Example_Flash2806x_API21_Combi/Example_Flash2806x_API/Debug/Driver.asm PAGE   59

    3120              
    3121              $C$DW$T$61      .dwtag  DW_TAG_structure_type
    3122                      .dwattr $C$DW$T$61, DW_AT_name("PCLKCR1_BITS")
    3123                      .dwattr $C$DW$T$61, DW_AT_byte_size(0x01)
    3124              $C$DW$315       .dwtag  DW_TAG_member
    3125                      .dwattr $C$DW$315, DW_AT_type(*$C$DW$T$19)
    3126                      .dwattr $C$DW$315, DW_AT_name("EPWM1ENCLK")
    3127                      .dwattr $C$DW$315, DW_AT_TI_symbol_name("_EPWM1ENCLK")
    3128                      .dwattr $C$DW$315, DW_AT_bit_offset(0x0f), DW_AT_bit_size(0x01)
    3129                      .dwattr $C$DW$315, DW_AT_data_member_location[DW_OP_plus_uconst 0x0]
    3130                      .dwattr $C$DW$315, DW_AT_accessibility(DW_ACCESS_public)
    3131              $C$DW$316       .dwtag  DW_TAG_member
    3132                      .dwattr $C$DW$316, DW_AT_type(*$C$DW$T$19)
    3133                      .dwattr $C$DW$316, DW_AT_name("EPWM2ENCLK")
    3134                      .dwattr $C$DW$316, DW_AT_TI_symbol_name("_EPWM2ENCLK")
    3135                      .dwattr $C$DW$316, DW_AT_bit_offset(0x0e), DW_AT_bit_size(0x01)
    3136                      .dwattr $C$DW$316, DW_AT_data_member_location[DW_OP_plus_uconst 0x0]
    3137                      .dwattr $C$DW$316, DW_AT_accessibility(DW_ACCESS_public)
    3138              $C$DW$317       .dwtag  DW_TAG_member
    3139                      .dwattr $C$DW$317, DW_AT_type(*$C$DW$T$19)
    3140                      .dwattr $C$DW$317, DW_AT_name("EPWM3ENCLK")
    3141                      .dwattr $C$DW$317, DW_AT_TI_symbol_name("_EPWM3ENCLK")
    3142                      .dwattr $C$DW$317, DW_AT_bit_offset(0x0d), DW_AT_bit_size(0x01)
    3143                      .dwattr $C$DW$317, DW_AT_data_member_location[DW_OP_plus_uconst 0x0]
    3144                      .dwattr $C$DW$317, DW_AT_accessibility(DW_ACCESS_public)
    3145              $C$DW$318       .dwtag  DW_TAG_member
    3146                      .dwattr $C$DW$318, DW_AT_type(*$C$DW$T$19)
    3147                      .dwattr $C$DW$318, DW_AT_name("EPWM4ENCLK")
    3148                      .dwattr $C$DW$318, DW_AT_TI_symbol_name("_EPWM4ENCLK")
    3149                      .dwattr $C$DW$318, DW_AT_bit_offset(0x0c), DW_AT_bit_size(0x01)
    3150                      .dwattr $C$DW$318, DW_AT_data_member_location[DW_OP_plus_uconst 0x0]
    3151                      .dwattr $C$DW$318, DW_AT_accessibility(DW_ACCESS_public)
    3152              $C$DW$319       .dwtag  DW_TAG_member
    3153                      .dwattr $C$DW$319, DW_AT_type(*$C$DW$T$19)
    3154                      .dwattr $C$DW$319, DW_AT_name("EPWM5ENCLK")
    3155                      .dwattr $C$DW$319, DW_AT_TI_symbol_name("_EPWM5ENCLK")
    3156                      .dwattr $C$DW$319, DW_AT_bit_offset(0x0b), DW_AT_bit_size(0x01)
    3157                      .dwattr $C$DW$319, DW_AT_data_member_location[DW_OP_plus_uconst 0x0]
    3158                      .dwattr $C$DW$319, DW_AT_accessibility(DW_ACCESS_public)
    3159              $C$DW$320       .dwtag  DW_TAG_member
    3160                      .dwattr $C$DW$320, DW_AT_type(*$C$DW$T$19)
    3161                      .dwattr $C$DW$320, DW_AT_name("EPWM6ENCLK")
    3162                      .dwattr $C$DW$320, DW_AT_TI_symbol_name("_EPWM6ENCLK")
    3163                      .dwattr $C$DW$320, DW_AT_bit_offset(0x0a), DW_AT_bit_size(0x01)
    3164                      .dwattr $C$DW$320, DW_AT_data_member_location[DW_OP_plus_uconst 0x0]
    3165                      .dwattr $C$DW$320, DW_AT_accessibility(DW_ACCESS_public)
    3166              $C$DW$321       .dwtag  DW_TAG_member
    3167                      .dwattr $C$DW$321, DW_AT_type(*$C$DW$T$19)
    3168                      .dwattr $C$DW$321, DW_AT_name("EPWM7ENCLK")
    3169                      .dwattr $C$DW$321, DW_AT_TI_symbol_name("_EPWM7ENCLK")
    3170                      .dwattr $C$DW$321, DW_AT_bit_offset(0x09), DW_AT_bit_size(0x01)
    3171                      .dwattr $C$DW$321, DW_AT_data_member_location[DW_OP_plus_uconst 0x0]
    3172                      .dwattr $C$DW$321, DW_AT_accessibility(DW_ACCESS_public)
    3173              $C$DW$322       .dwtag  DW_TAG_member
    3174                      .dwattr $C$DW$322, DW_AT_type(*$C$DW$T$19)
TMS320C2000 Assembler PC v6.1.0 Fri Feb 14 09:23:40 2020

Tools Copyright (c) 1996-2012 Texas Instruments Incorporated
F:/Work/Code Area/Combis/Bootloader/Example_Flash2806x_API21_Combi/Example_Flash2806x_API21_Combi/Example_Flash2806x_API/Debug/Driver.asm PAGE   60

    3175                      .dwattr $C$DW$322, DW_AT_name("EPWM8ENCLK")
    3176                      .dwattr $C$DW$322, DW_AT_TI_symbol_name("_EPWM8ENCLK")
    3177                      .dwattr $C$DW$322, DW_AT_bit_offset(0x08), DW_AT_bit_size(0x01)
    3178                      .dwattr $C$DW$322, DW_AT_data_member_location[DW_OP_plus_uconst 0x0]
    3179                      .dwattr $C$DW$322, DW_AT_accessibility(DW_ACCESS_public)
    3180              $C$DW$323       .dwtag  DW_TAG_member
    3181                      .dwattr $C$DW$323, DW_AT_type(*$C$DW$T$19)
    3182                      .dwattr $C$DW$323, DW_AT_name("ECAP1ENCLK")
    3183                      .dwattr $C$DW$323, DW_AT_TI_symbol_name("_ECAP1ENCLK")
    3184                      .dwattr $C$DW$323, DW_AT_bit_offset(0x07), DW_AT_bit_size(0x01)
    3185                      .dwattr $C$DW$323, DW_AT_data_member_location[DW_OP_plus_uconst 0x0]
    3186                      .dwattr $C$DW$323, DW_AT_accessibility(DW_ACCESS_public)
    3187              $C$DW$324       .dwtag  DW_TAG_member
    3188                      .dwattr $C$DW$324, DW_AT_type(*$C$DW$T$19)
    3189                      .dwattr $C$DW$324, DW_AT_name("ECAP2ENCLK")
    3190                      .dwattr $C$DW$324, DW_AT_TI_symbol_name("_ECAP2ENCLK")
    3191                      .dwattr $C$DW$324, DW_AT_bit_offset(0x06), DW_AT_bit_size(0x01)
    3192                      .dwattr $C$DW$324, DW_AT_data_member_location[DW_OP_plus_uconst 0x0]
    3193                      .dwattr $C$DW$324, DW_AT_accessibility(DW_ACCESS_public)
    3194              $C$DW$325       .dwtag  DW_TAG_member
    3195                      .dwattr $C$DW$325, DW_AT_type(*$C$DW$T$19)
    3196                      .dwattr $C$DW$325, DW_AT_name("ECAP3ENCLK")
    3197                      .dwattr $C$DW$325, DW_AT_TI_symbol_name("_ECAP3ENCLK")
    3198                      .dwattr $C$DW$325, DW_AT_bit_offset(0x05), DW_AT_bit_size(0x01)
    3199                      .dwattr $C$DW$325, DW_AT_data_member_location[DW_OP_plus_uconst 0x0]
    3200                      .dwattr $C$DW$325, DW_AT_accessibility(DW_ACCESS_public)
    3201              $C$DW$326       .dwtag  DW_TAG_member
    3202                      .dwattr $C$DW$326, DW_AT_type(*$C$DW$T$19)
    3203                      .dwattr $C$DW$326, DW_AT_name("rsvd1")
    3204                      .dwattr $C$DW$326, DW_AT_TI_symbol_name("_rsvd1")
    3205                      .dwattr $C$DW$326, DW_AT_bit_offset(0x02), DW_AT_bit_size(0x03)
    3206                      .dwattr $C$DW$326, DW_AT_data_member_location[DW_OP_plus_uconst 0x0]
    3207                      .dwattr $C$DW$326, DW_AT_accessibility(DW_ACCESS_public)
    3208              $C$DW$327       .dwtag  DW_TAG_member
    3209                      .dwattr $C$DW$327, DW_AT_type(*$C$DW$T$19)
    3210                      .dwattr $C$DW$327, DW_AT_name("EQEP1ENCLK")
    3211                      .dwattr $C$DW$327, DW_AT_TI_symbol_name("_EQEP1ENCLK")
    3212                      .dwattr $C$DW$327, DW_AT_bit_offset(0x01), DW_AT_bit_size(0x01)
    3213                      .dwattr $C$DW$327, DW_AT_data_member_location[DW_OP_plus_uconst 0x0]
    3214                      .dwattr $C$DW$327, DW_AT_accessibility(DW_ACCESS_public)
    3215              $C$DW$328       .dwtag  DW_TAG_member
    3216                      .dwattr $C$DW$328, DW_AT_type(*$C$DW$T$19)
    3217                      .dwattr $C$DW$328, DW_AT_name("EQEP2ENCLK")
    3218                      .dwattr $C$DW$328, DW_AT_TI_symbol_name("_EQEP2ENCLK")
    3219                      .dwattr $C$DW$328, DW_AT_bit_offset(0x00), DW_AT_bit_size(0x01)
    3220                      .dwattr $C$DW$328, DW_AT_data_member_location[DW_OP_plus_uconst 0x0]
    3221                      .dwattr $C$DW$328, DW_AT_accessibility(DW_ACCESS_public)
    3222                      .dwendtag $C$DW$T$61
    3223              
    3224              
    3225              $C$DW$T$62      .dwtag  DW_TAG_union_type
    3226                      .dwattr $C$DW$T$62, DW_AT_name("PCLKCR1_REG")
    3227                      .dwattr $C$DW$T$62, DW_AT_byte_size(0x01)
    3228              $C$DW$329       .dwtag  DW_TAG_member
    3229                      .dwattr $C$DW$329, DW_AT_type(*$C$DW$T$19)
TMS320C2000 Assembler PC v6.1.0 Fri Feb 14 09:23:40 2020

Tools Copyright (c) 1996-2012 Texas Instruments Incorporated
F:/Work/Code Area/Combis/Bootloader/Example_Flash2806x_API21_Combi/Example_Flash2806x_API21_Combi/Example_Flash2806x_API/Debug/Driver.asm PAGE   61

    3230                      .dwattr $C$DW$329, DW_AT_name("all")
    3231                      .dwattr $C$DW$329, DW_AT_TI_symbol_name("_all")
    3232                      .dwattr $C$DW$329, DW_AT_data_member_location[DW_OP_plus_uconst 0x0]
    3233                      .dwattr $C$DW$329, DW_AT_accessibility(DW_ACCESS_public)
    3234              $C$DW$330       .dwtag  DW_TAG_member
    3235                      .dwattr $C$DW$330, DW_AT_type(*$C$DW$T$61)
    3236                      .dwattr $C$DW$330, DW_AT_name("bit")
    3237                      .dwattr $C$DW$330, DW_AT_TI_symbol_name("_bit")
    3238                      .dwattr $C$DW$330, DW_AT_data_member_location[DW_OP_plus_uconst 0x0]
    3239                      .dwattr $C$DW$330, DW_AT_accessibility(DW_ACCESS_public)
    3240                      .dwendtag $C$DW$T$62
    3241              
    3242              
    3243              $C$DW$T$63      .dwtag  DW_TAG_structure_type
    3244                      .dwattr $C$DW$T$63, DW_AT_name("PCLKCR3_BITS")
    3245                      .dwattr $C$DW$T$63, DW_AT_byte_size(0x01)
    3246              $C$DW$331       .dwtag  DW_TAG_member
    3247                      .dwattr $C$DW$331, DW_AT_type(*$C$DW$T$19)
    3248                      .dwattr $C$DW$331, DW_AT_name("COMP1ENCLK")
    3249                      .dwattr $C$DW$331, DW_AT_TI_symbol_name("_COMP1ENCLK")
    3250                      .dwattr $C$DW$331, DW_AT_bit_offset(0x0f), DW_AT_bit_size(0x01)
    3251                      .dwattr $C$DW$331, DW_AT_data_member_location[DW_OP_plus_uconst 0x0]
    3252                      .dwattr $C$DW$331, DW_AT_accessibility(DW_ACCESS_public)
    3253              $C$DW$332       .dwtag  DW_TAG_member
    3254                      .dwattr $C$DW$332, DW_AT_type(*$C$DW$T$19)
    3255                      .dwattr $C$DW$332, DW_AT_name("COMP2ENCLK")
    3256                      .dwattr $C$DW$332, DW_AT_TI_symbol_name("_COMP2ENCLK")
    3257                      .dwattr $C$DW$332, DW_AT_bit_offset(0x0e), DW_AT_bit_size(0x01)
    3258                      .dwattr $C$DW$332, DW_AT_data_member_location[DW_OP_plus_uconst 0x0]
    3259                      .dwattr $C$DW$332, DW_AT_accessibility(DW_ACCESS_public)
    3260              $C$DW$333       .dwtag  DW_TAG_member
    3261                      .dwattr $C$DW$333, DW_AT_type(*$C$DW$T$19)
    3262                      .dwattr $C$DW$333, DW_AT_name("COMP3ENCLK")
    3263                      .dwattr $C$DW$333, DW_AT_TI_symbol_name("_COMP3ENCLK")
    3264                      .dwattr $C$DW$333, DW_AT_bit_offset(0x0d), DW_AT_bit_size(0x01)
    3265                      .dwattr $C$DW$333, DW_AT_data_member_location[DW_OP_plus_uconst 0x0]
    3266                      .dwattr $C$DW$333, DW_AT_accessibility(DW_ACCESS_public)
    3267              $C$DW$334       .dwtag  DW_TAG_member
    3268                      .dwattr $C$DW$334, DW_AT_type(*$C$DW$T$19)
    3269                      .dwattr $C$DW$334, DW_AT_name("rsvd1")
    3270                      .dwattr $C$DW$334, DW_AT_TI_symbol_name("_rsvd1")
    3271                      .dwattr $C$DW$334, DW_AT_bit_offset(0x08), DW_AT_bit_size(0x05)
    3272                      .dwattr $C$DW$334, DW_AT_data_member_location[DW_OP_plus_uconst 0x0]
    3273                      .dwattr $C$DW$334, DW_AT_accessibility(DW_ACCESS_public)
    3274              $C$DW$335       .dwtag  DW_TAG_member
    3275                      .dwattr $C$DW$335, DW_AT_type(*$C$DW$T$19)
    3276                      .dwattr $C$DW$335, DW_AT_name("CPUTIMER0ENCLK")
    3277                      .dwattr $C$DW$335, DW_AT_TI_symbol_name("_CPUTIMER0ENCLK")
    3278                      .dwattr $C$DW$335, DW_AT_bit_offset(0x07), DW_AT_bit_size(0x01)
    3279                      .dwattr $C$DW$335, DW_AT_data_member_location[DW_OP_plus_uconst 0x0]
    3280                      .dwattr $C$DW$335, DW_AT_accessibility(DW_ACCESS_public)
    3281              $C$DW$336       .dwtag  DW_TAG_member
    3282                      .dwattr $C$DW$336, DW_AT_type(*$C$DW$T$19)
    3283                      .dwattr $C$DW$336, DW_AT_name("CPUTIMER1ENCLK")
    3284                      .dwattr $C$DW$336, DW_AT_TI_symbol_name("_CPUTIMER1ENCLK")
TMS320C2000 Assembler PC v6.1.0 Fri Feb 14 09:23:40 2020

Tools Copyright (c) 1996-2012 Texas Instruments Incorporated
F:/Work/Code Area/Combis/Bootloader/Example_Flash2806x_API21_Combi/Example_Flash2806x_API21_Combi/Example_Flash2806x_API/Debug/Driver.asm PAGE   62

    3285                      .dwattr $C$DW$336, DW_AT_bit_offset(0x06), DW_AT_bit_size(0x01)
    3286                      .dwattr $C$DW$336, DW_AT_data_member_location[DW_OP_plus_uconst 0x0]
    3287                      .dwattr $C$DW$336, DW_AT_accessibility(DW_ACCESS_public)
    3288              $C$DW$337       .dwtag  DW_TAG_member
    3289                      .dwattr $C$DW$337, DW_AT_type(*$C$DW$T$19)
    3290                      .dwattr $C$DW$337, DW_AT_name("CPUTIMER2ENCLK")
    3291                      .dwattr $C$DW$337, DW_AT_TI_symbol_name("_CPUTIMER2ENCLK")
    3292                      .dwattr $C$DW$337, DW_AT_bit_offset(0x05), DW_AT_bit_size(0x01)
    3293                      .dwattr $C$DW$337, DW_AT_data_member_location[DW_OP_plus_uconst 0x0]
    3294                      .dwattr $C$DW$337, DW_AT_accessibility(DW_ACCESS_public)
    3295              $C$DW$338       .dwtag  DW_TAG_member
    3296                      .dwattr $C$DW$338, DW_AT_type(*$C$DW$T$19)
    3297                      .dwattr $C$DW$338, DW_AT_name("DMAENCLK")
    3298                      .dwattr $C$DW$338, DW_AT_TI_symbol_name("_DMAENCLK")
    3299                      .dwattr $C$DW$338, DW_AT_bit_offset(0x04), DW_AT_bit_size(0x01)
    3300                      .dwattr $C$DW$338, DW_AT_data_member_location[DW_OP_plus_uconst 0x0]
    3301                      .dwattr $C$DW$338, DW_AT_accessibility(DW_ACCESS_public)
    3302              $C$DW$339       .dwtag  DW_TAG_member
    3303                      .dwattr $C$DW$339, DW_AT_type(*$C$DW$T$19)
    3304                      .dwattr $C$DW$339, DW_AT_name("rsvd2")
    3305                      .dwattr $C$DW$339, DW_AT_TI_symbol_name("_rsvd2")
    3306                      .dwattr $C$DW$339, DW_AT_bit_offset(0x03), DW_AT_bit_size(0x01)
    3307                      .dwattr $C$DW$339, DW_AT_data_member_location[DW_OP_plus_uconst 0x0]
    3308                      .dwattr $C$DW$339, DW_AT_accessibility(DW_ACCESS_public)
    3309              $C$DW$340       .dwtag  DW_TAG_member
    3310                      .dwattr $C$DW$340, DW_AT_type(*$C$DW$T$19)
    3311                      .dwattr $C$DW$340, DW_AT_name("GPIOINENCLK")
    3312                      .dwattr $C$DW$340, DW_AT_TI_symbol_name("_GPIOINENCLK")
    3313                      .dwattr $C$DW$340, DW_AT_bit_offset(0x02), DW_AT_bit_size(0x01)
    3314                      .dwattr $C$DW$340, DW_AT_data_member_location[DW_OP_plus_uconst 0x0]
    3315                      .dwattr $C$DW$340, DW_AT_accessibility(DW_ACCESS_public)
    3316              $C$DW$341       .dwtag  DW_TAG_member
    3317                      .dwattr $C$DW$341, DW_AT_type(*$C$DW$T$19)
    3318                      .dwattr $C$DW$341, DW_AT_name("CLA1ENCLK")
    3319                      .dwattr $C$DW$341, DW_AT_TI_symbol_name("_CLA1ENCLK")
    3320                      .dwattr $C$DW$341, DW_AT_bit_offset(0x01), DW_AT_bit_size(0x01)
    3321                      .dwattr $C$DW$341, DW_AT_data_member_location[DW_OP_plus_uconst 0x0]
    3322                      .dwattr $C$DW$341, DW_AT_accessibility(DW_ACCESS_public)
    3323              $C$DW$342       .dwtag  DW_TAG_member
    3324                      .dwattr $C$DW$342, DW_AT_type(*$C$DW$T$19)
    3325                      .dwattr $C$DW$342, DW_AT_name("rsvd3")
    3326                      .dwattr $C$DW$342, DW_AT_TI_symbol_name("_rsvd3")
    3327                      .dwattr $C$DW$342, DW_AT_bit_offset(0x00), DW_AT_bit_size(0x01)
    3328                      .dwattr $C$DW$342, DW_AT_data_member_location[DW_OP_plus_uconst 0x0]
    3329                      .dwattr $C$DW$342, DW_AT_accessibility(DW_ACCESS_public)
    3330                      .dwendtag $C$DW$T$63
    3331              
    3332              
    3333              $C$DW$T$64      .dwtag  DW_TAG_union_type
    3334                      .dwattr $C$DW$T$64, DW_AT_name("PCLKCR3_REG")
    3335                      .dwattr $C$DW$T$64, DW_AT_byte_size(0x01)
    3336              $C$DW$343       .dwtag  DW_TAG_member
    3337                      .dwattr $C$DW$343, DW_AT_type(*$C$DW$T$19)
    3338                      .dwattr $C$DW$343, DW_AT_name("all")
    3339                      .dwattr $C$DW$343, DW_AT_TI_symbol_name("_all")
TMS320C2000 Assembler PC v6.1.0 Fri Feb 14 09:23:40 2020

Tools Copyright (c) 1996-2012 Texas Instruments Incorporated
F:/Work/Code Area/Combis/Bootloader/Example_Flash2806x_API21_Combi/Example_Flash2806x_API21_Combi/Example_Flash2806x_API/Debug/Driver.asm PAGE   63

    3340                      .dwattr $C$DW$343, DW_AT_data_member_location[DW_OP_plus_uconst 0x0]
    3341                      .dwattr $C$DW$343, DW_AT_accessibility(DW_ACCESS_public)
    3342              $C$DW$344       .dwtag  DW_TAG_member
    3343                      .dwattr $C$DW$344, DW_AT_type(*$C$DW$T$63)
    3344                      .dwattr $C$DW$344, DW_AT_name("bit")
    3345                      .dwattr $C$DW$344, DW_AT_TI_symbol_name("_bit")
    3346                      .dwattr $C$DW$344, DW_AT_data_member_location[DW_OP_plus_uconst 0x0]
    3347                      .dwattr $C$DW$344, DW_AT_accessibility(DW_ACCESS_public)
    3348                      .dwendtag $C$DW$T$64
    3349              
    3350              
    3351              $C$DW$T$65      .dwtag  DW_TAG_structure_type
    3352                      .dwattr $C$DW$T$65, DW_AT_name("PLLCR_BITS")
    3353                      .dwattr $C$DW$T$65, DW_AT_byte_size(0x01)
    3354              $C$DW$345       .dwtag  DW_TAG_member
    3355                      .dwattr $C$DW$345, DW_AT_type(*$C$DW$T$19)
    3356                      .dwattr $C$DW$345, DW_AT_name("DIV")
    3357                      .dwattr $C$DW$345, DW_AT_TI_symbol_name("_DIV")
    3358                      .dwattr $C$DW$345, DW_AT_bit_offset(0x0b), DW_AT_bit_size(0x05)
    3359                      .dwattr $C$DW$345, DW_AT_data_member_location[DW_OP_plus_uconst 0x0]
    3360                      .dwattr $C$DW$345, DW_AT_accessibility(DW_ACCESS_public)
    3361              $C$DW$346       .dwtag  DW_TAG_member
    3362                      .dwattr $C$DW$346, DW_AT_type(*$C$DW$T$19)
    3363                      .dwattr $C$DW$346, DW_AT_name("rsvd1")
    3364                      .dwattr $C$DW$346, DW_AT_TI_symbol_name("_rsvd1")
    3365                      .dwattr $C$DW$346, DW_AT_bit_offset(0x00), DW_AT_bit_size(0x0b)
    3366                      .dwattr $C$DW$346, DW_AT_data_member_location[DW_OP_plus_uconst 0x0]
    3367                      .dwattr $C$DW$346, DW_AT_accessibility(DW_ACCESS_public)
    3368                      .dwendtag $C$DW$T$65
    3369              
    3370              
    3371              $C$DW$T$66      .dwtag  DW_TAG_union_type
    3372                      .dwattr $C$DW$T$66, DW_AT_name("PLLCR_REG")
    3373                      .dwattr $C$DW$T$66, DW_AT_byte_size(0x01)
    3374              $C$DW$347       .dwtag  DW_TAG_member
    3375                      .dwattr $C$DW$347, DW_AT_type(*$C$DW$T$19)
    3376                      .dwattr $C$DW$347, DW_AT_name("all")
    3377                      .dwattr $C$DW$347, DW_AT_TI_symbol_name("_all")
    3378                      .dwattr $C$DW$347, DW_AT_data_member_location[DW_OP_plus_uconst 0x0]
    3379                      .dwattr $C$DW$347, DW_AT_accessibility(DW_ACCESS_public)
    3380              $C$DW$348       .dwtag  DW_TAG_member
    3381                      .dwattr $C$DW$348, DW_AT_type(*$C$DW$T$65)
    3382                      .dwattr $C$DW$348, DW_AT_name("bit")
    3383                      .dwattr $C$DW$348, DW_AT_TI_symbol_name("_bit")
    3384                      .dwattr $C$DW$348, DW_AT_data_member_location[DW_OP_plus_uconst 0x0]
    3385                      .dwattr $C$DW$348, DW_AT_accessibility(DW_ACCESS_public)
    3386                      .dwendtag $C$DW$T$66
    3387              
    3388              
    3389              $C$DW$T$67      .dwtag  DW_TAG_structure_type
    3390                      .dwattr $C$DW$T$67, DW_AT_name("PLLSTS_BITS")
    3391                      .dwattr $C$DW$T$67, DW_AT_byte_size(0x01)
    3392              $C$DW$349       .dwtag  DW_TAG_member
    3393                      .dwattr $C$DW$349, DW_AT_type(*$C$DW$T$19)
    3394                      .dwattr $C$DW$349, DW_AT_name("PLLLOCKS")
TMS320C2000 Assembler PC v6.1.0 Fri Feb 14 09:23:40 2020

Tools Copyright (c) 1996-2012 Texas Instruments Incorporated
F:/Work/Code Area/Combis/Bootloader/Example_Flash2806x_API21_Combi/Example_Flash2806x_API21_Combi/Example_Flash2806x_API/Debug/Driver.asm PAGE   64

    3395                      .dwattr $C$DW$349, DW_AT_TI_symbol_name("_PLLLOCKS")
    3396                      .dwattr $C$DW$349, DW_AT_bit_offset(0x0f), DW_AT_bit_size(0x01)
    3397                      .dwattr $C$DW$349, DW_AT_data_member_location[DW_OP_plus_uconst 0x0]
    3398                      .dwattr $C$DW$349, DW_AT_accessibility(DW_ACCESS_public)
    3399              $C$DW$350       .dwtag  DW_TAG_member
    3400                      .dwattr $C$DW$350, DW_AT_type(*$C$DW$T$19)
    3401                      .dwattr $C$DW$350, DW_AT_name("rsvd1")
    3402                      .dwattr $C$DW$350, DW_AT_TI_symbol_name("_rsvd1")
    3403                      .dwattr $C$DW$350, DW_AT_bit_offset(0x0e), DW_AT_bit_size(0x01)
    3404                      .dwattr $C$DW$350, DW_AT_data_member_location[DW_OP_plus_uconst 0x0]
    3405                      .dwattr $C$DW$350, DW_AT_accessibility(DW_ACCESS_public)
    3406              $C$DW$351       .dwtag  DW_TAG_member
    3407                      .dwattr $C$DW$351, DW_AT_type(*$C$DW$T$19)
    3408                      .dwattr $C$DW$351, DW_AT_name("PLLOFF")
    3409                      .dwattr $C$DW$351, DW_AT_TI_symbol_name("_PLLOFF")
    3410                      .dwattr $C$DW$351, DW_AT_bit_offset(0x0d), DW_AT_bit_size(0x01)
    3411                      .dwattr $C$DW$351, DW_AT_data_member_location[DW_OP_plus_uconst 0x0]
    3412                      .dwattr $C$DW$351, DW_AT_accessibility(DW_ACCESS_public)
    3413              $C$DW$352       .dwtag  DW_TAG_member
    3414                      .dwattr $C$DW$352, DW_AT_type(*$C$DW$T$19)
    3415                      .dwattr $C$DW$352, DW_AT_name("MCLKSTS")
    3416                      .dwattr $C$DW$352, DW_AT_TI_symbol_name("_MCLKSTS")
    3417                      .dwattr $C$DW$352, DW_AT_bit_offset(0x0c), DW_AT_bit_size(0x01)
    3418                      .dwattr $C$DW$352, DW_AT_data_member_location[DW_OP_plus_uconst 0x0]
    3419                      .dwattr $C$DW$352, DW_AT_accessibility(DW_ACCESS_public)
    3420              $C$DW$353       .dwtag  DW_TAG_member
    3421                      .dwattr $C$DW$353, DW_AT_type(*$C$DW$T$19)
    3422                      .dwattr $C$DW$353, DW_AT_name("MCLKCLR")
    3423                      .dwattr $C$DW$353, DW_AT_TI_symbol_name("_MCLKCLR")
    3424                      .dwattr $C$DW$353, DW_AT_bit_offset(0x0b), DW_AT_bit_size(0x01)
    3425                      .dwattr $C$DW$353, DW_AT_data_member_location[DW_OP_plus_uconst 0x0]
    3426                      .dwattr $C$DW$353, DW_AT_accessibility(DW_ACCESS_public)
    3427              $C$DW$354       .dwtag  DW_TAG_member
    3428                      .dwattr $C$DW$354, DW_AT_type(*$C$DW$T$19)
    3429                      .dwattr $C$DW$354, DW_AT_name("OSCOFF")
    3430                      .dwattr $C$DW$354, DW_AT_TI_symbol_name("_OSCOFF")
    3431                      .dwattr $C$DW$354, DW_AT_bit_offset(0x0a), DW_AT_bit_size(0x01)
    3432                      .dwattr $C$DW$354, DW_AT_data_member_location[DW_OP_plus_uconst 0x0]
    3433                      .dwattr $C$DW$354, DW_AT_accessibility(DW_ACCESS_public)
    3434              $C$DW$355       .dwtag  DW_TAG_member
    3435                      .dwattr $C$DW$355, DW_AT_type(*$C$DW$T$19)
    3436                      .dwattr $C$DW$355, DW_AT_name("MCLKOFF")
    3437                      .dwattr $C$DW$355, DW_AT_TI_symbol_name("_MCLKOFF")
    3438                      .dwattr $C$DW$355, DW_AT_bit_offset(0x09), DW_AT_bit_size(0x01)
    3439                      .dwattr $C$DW$355, DW_AT_data_member_location[DW_OP_plus_uconst 0x0]
    3440                      .dwattr $C$DW$355, DW_AT_accessibility(DW_ACCESS_public)
    3441              $C$DW$356       .dwtag  DW_TAG_member
    3442                      .dwattr $C$DW$356, DW_AT_type(*$C$DW$T$19)
    3443                      .dwattr $C$DW$356, DW_AT_name("DIVSEL")
    3444                      .dwattr $C$DW$356, DW_AT_TI_symbol_name("_DIVSEL")
    3445                      .dwattr $C$DW$356, DW_AT_bit_offset(0x07), DW_AT_bit_size(0x02)
    3446                      .dwattr $C$DW$356, DW_AT_data_member_location[DW_OP_plus_uconst 0x0]
    3447                      .dwattr $C$DW$356, DW_AT_accessibility(DW_ACCESS_public)
    3448              $C$DW$357       .dwtag  DW_TAG_member
    3449                      .dwattr $C$DW$357, DW_AT_type(*$C$DW$T$19)
TMS320C2000 Assembler PC v6.1.0 Fri Feb 14 09:23:40 2020

Tools Copyright (c) 1996-2012 Texas Instruments Incorporated
F:/Work/Code Area/Combis/Bootloader/Example_Flash2806x_API21_Combi/Example_Flash2806x_API21_Combi/Example_Flash2806x_API/Debug/Driver.asm PAGE   65

    3450                      .dwattr $C$DW$357, DW_AT_name("rsvd2")
    3451                      .dwattr $C$DW$357, DW_AT_TI_symbol_name("_rsvd2")
    3452                      .dwattr $C$DW$357, DW_AT_bit_offset(0x01), DW_AT_bit_size(0x06)
    3453                      .dwattr $C$DW$357, DW_AT_data_member_location[DW_OP_plus_uconst 0x0]
    3454                      .dwattr $C$DW$357, DW_AT_accessibility(DW_ACCESS_public)
    3455              $C$DW$358       .dwtag  DW_TAG_member
    3456                      .dwattr $C$DW$358, DW_AT_type(*$C$DW$T$19)
    3457                      .dwattr $C$DW$358, DW_AT_name("NORMRDYE")
    3458                      .dwattr $C$DW$358, DW_AT_TI_symbol_name("_NORMRDYE")
    3459                      .dwattr $C$DW$358, DW_AT_bit_offset(0x00), DW_AT_bit_size(0x01)
    3460                      .dwattr $C$DW$358, DW_AT_data_member_location[DW_OP_plus_uconst 0x0]
    3461                      .dwattr $C$DW$358, DW_AT_accessibility(DW_ACCESS_public)
    3462                      .dwendtag $C$DW$T$67
    3463              
    3464              
    3465              $C$DW$T$68      .dwtag  DW_TAG_union_type
    3466                      .dwattr $C$DW$T$68, DW_AT_name("PLLSTS_REG")
    3467                      .dwattr $C$DW$T$68, DW_AT_byte_size(0x01)
    3468              $C$DW$359       .dwtag  DW_TAG_member
    3469                      .dwattr $C$DW$359, DW_AT_type(*$C$DW$T$19)
    3470                      .dwattr $C$DW$359, DW_AT_name("all")
    3471                      .dwattr $C$DW$359, DW_AT_TI_symbol_name("_all")
    3472                      .dwattr $C$DW$359, DW_AT_data_member_location[DW_OP_plus_uconst 0x0]
    3473                      .dwattr $C$DW$359, DW_AT_accessibility(DW_ACCESS_public)
    3474              $C$DW$360       .dwtag  DW_TAG_member
    3475                      .dwattr $C$DW$360, DW_AT_type(*$C$DW$T$67)
    3476                      .dwattr $C$DW$360, DW_AT_name("bit")
    3477                      .dwattr $C$DW$360, DW_AT_TI_symbol_name("_bit")
    3478                      .dwattr $C$DW$360, DW_AT_data_member_location[DW_OP_plus_uconst 0x0]
    3479                      .dwattr $C$DW$360, DW_AT_accessibility(DW_ACCESS_public)
    3480                      .dwendtag $C$DW$T$68
    3481              
    3482              
    3483              $C$DW$T$69      .dwtag  DW_TAG_structure_type
    3484                      .dwattr $C$DW$T$69, DW_AT_name("SCICCR_BITS")
    3485                      .dwattr $C$DW$T$69, DW_AT_byte_size(0x01)
    3486              $C$DW$361       .dwtag  DW_TAG_member
    3487                      .dwattr $C$DW$361, DW_AT_type(*$C$DW$T$19)
    3488                      .dwattr $C$DW$361, DW_AT_name("SCICHAR")
    3489                      .dwattr $C$DW$361, DW_AT_TI_symbol_name("_SCICHAR")
    3490                      .dwattr $C$DW$361, DW_AT_bit_offset(0x0d), DW_AT_bit_size(0x03)
    3491                      .dwattr $C$DW$361, DW_AT_data_member_location[DW_OP_plus_uconst 0x0]
    3492                      .dwattr $C$DW$361, DW_AT_accessibility(DW_ACCESS_public)
    3493              $C$DW$362       .dwtag  DW_TAG_member
    3494                      .dwattr $C$DW$362, DW_AT_type(*$C$DW$T$19)
    3495                      .dwattr $C$DW$362, DW_AT_name("ADDRIDLE_MODE")
    3496                      .dwattr $C$DW$362, DW_AT_TI_symbol_name("_ADDRIDLE_MODE")
    3497                      .dwattr $C$DW$362, DW_AT_bit_offset(0x0c), DW_AT_bit_size(0x01)
    3498                      .dwattr $C$DW$362, DW_AT_data_member_location[DW_OP_plus_uconst 0x0]
    3499                      .dwattr $C$DW$362, DW_AT_accessibility(DW_ACCESS_public)
    3500              $C$DW$363       .dwtag  DW_TAG_member
    3501                      .dwattr $C$DW$363, DW_AT_type(*$C$DW$T$19)
    3502                      .dwattr $C$DW$363, DW_AT_name("LOOPBKENA")
    3503                      .dwattr $C$DW$363, DW_AT_TI_symbol_name("_LOOPBKENA")
    3504                      .dwattr $C$DW$363, DW_AT_bit_offset(0x0b), DW_AT_bit_size(0x01)
TMS320C2000 Assembler PC v6.1.0 Fri Feb 14 09:23:40 2020

Tools Copyright (c) 1996-2012 Texas Instruments Incorporated
F:/Work/Code Area/Combis/Bootloader/Example_Flash2806x_API21_Combi/Example_Flash2806x_API21_Combi/Example_Flash2806x_API/Debug/Driver.asm PAGE   66

    3505                      .dwattr $C$DW$363, DW_AT_data_member_location[DW_OP_plus_uconst 0x0]
    3506                      .dwattr $C$DW$363, DW_AT_accessibility(DW_ACCESS_public)
    3507              $C$DW$364       .dwtag  DW_TAG_member
    3508                      .dwattr $C$DW$364, DW_AT_type(*$C$DW$T$19)
    3509                      .dwattr $C$DW$364, DW_AT_name("PARITYENA")
    3510                      .dwattr $C$DW$364, DW_AT_TI_symbol_name("_PARITYENA")
    3511                      .dwattr $C$DW$364, DW_AT_bit_offset(0x0a), DW_AT_bit_size(0x01)
    3512                      .dwattr $C$DW$364, DW_AT_data_member_location[DW_OP_plus_uconst 0x0]
    3513                      .dwattr $C$DW$364, DW_AT_accessibility(DW_ACCESS_public)
    3514              $C$DW$365       .dwtag  DW_TAG_member
    3515                      .dwattr $C$DW$365, DW_AT_type(*$C$DW$T$19)
    3516                      .dwattr $C$DW$365, DW_AT_name("PARITY")
    3517                      .dwattr $C$DW$365, DW_AT_TI_symbol_name("_PARITY")
    3518                      .dwattr $C$DW$365, DW_AT_bit_offset(0x09), DW_AT_bit_size(0x01)
    3519                      .dwattr $C$DW$365, DW_AT_data_member_location[DW_OP_plus_uconst 0x0]
    3520                      .dwattr $C$DW$365, DW_AT_accessibility(DW_ACCESS_public)
    3521              $C$DW$366       .dwtag  DW_TAG_member
    3522                      .dwattr $C$DW$366, DW_AT_type(*$C$DW$T$19)
    3523                      .dwattr $C$DW$366, DW_AT_name("STOPBITS")
    3524                      .dwattr $C$DW$366, DW_AT_TI_symbol_name("_STOPBITS")
    3525                      .dwattr $C$DW$366, DW_AT_bit_offset(0x08), DW_AT_bit_size(0x01)
    3526                      .dwattr $C$DW$366, DW_AT_data_member_location[DW_OP_plus_uconst 0x0]
    3527                      .dwattr $C$DW$366, DW_AT_accessibility(DW_ACCESS_public)
    3528              $C$DW$367       .dwtag  DW_TAG_member
    3529                      .dwattr $C$DW$367, DW_AT_type(*$C$DW$T$19)
    3530                      .dwattr $C$DW$367, DW_AT_name("rsvd1")
    3531                      .dwattr $C$DW$367, DW_AT_TI_symbol_name("_rsvd1")
    3532                      .dwattr $C$DW$367, DW_AT_bit_offset(0x00), DW_AT_bit_size(0x08)
    3533                      .dwattr $C$DW$367, DW_AT_data_member_location[DW_OP_plus_uconst 0x0]
    3534                      .dwattr $C$DW$367, DW_AT_accessibility(DW_ACCESS_public)
    3535                      .dwendtag $C$DW$T$69
    3536              
    3537              
    3538              $C$DW$T$70      .dwtag  DW_TAG_union_type
    3539                      .dwattr $C$DW$T$70, DW_AT_name("SCICCR_REG")
    3540                      .dwattr $C$DW$T$70, DW_AT_byte_size(0x01)
    3541              $C$DW$368       .dwtag  DW_TAG_member
    3542                      .dwattr $C$DW$368, DW_AT_type(*$C$DW$T$19)
    3543                      .dwattr $C$DW$368, DW_AT_name("all")
    3544                      .dwattr $C$DW$368, DW_AT_TI_symbol_name("_all")
    3545                      .dwattr $C$DW$368, DW_AT_data_member_location[DW_OP_plus_uconst 0x0]
    3546                      .dwattr $C$DW$368, DW_AT_accessibility(DW_ACCESS_public)
    3547              $C$DW$369       .dwtag  DW_TAG_member
    3548                      .dwattr $C$DW$369, DW_AT_type(*$C$DW$T$69)
    3549                      .dwattr $C$DW$369, DW_AT_name("bit")
    3550                      .dwattr $C$DW$369, DW_AT_TI_symbol_name("_bit")
    3551                      .dwattr $C$DW$369, DW_AT_data_member_location[DW_OP_plus_uconst 0x0]
    3552                      .dwattr $C$DW$369, DW_AT_accessibility(DW_ACCESS_public)
    3553                      .dwendtag $C$DW$T$70
    3554              
    3555              
    3556              $C$DW$T$71      .dwtag  DW_TAG_structure_type
    3557                      .dwattr $C$DW$T$71, DW_AT_name("SCICTL1_BITS")
    3558                      .dwattr $C$DW$T$71, DW_AT_byte_size(0x01)
    3559              $C$DW$370       .dwtag  DW_TAG_member
TMS320C2000 Assembler PC v6.1.0 Fri Feb 14 09:23:40 2020

Tools Copyright (c) 1996-2012 Texas Instruments Incorporated
F:/Work/Code Area/Combis/Bootloader/Example_Flash2806x_API21_Combi/Example_Flash2806x_API21_Combi/Example_Flash2806x_API/Debug/Driver.asm PAGE   67

    3560                      .dwattr $C$DW$370, DW_AT_type(*$C$DW$T$19)
    3561                      .dwattr $C$DW$370, DW_AT_name("RXENA")
    3562                      .dwattr $C$DW$370, DW_AT_TI_symbol_name("_RXENA")
    3563                      .dwattr $C$DW$370, DW_AT_bit_offset(0x0f), DW_AT_bit_size(0x01)
    3564                      .dwattr $C$DW$370, DW_AT_data_member_location[DW_OP_plus_uconst 0x0]
    3565                      .dwattr $C$DW$370, DW_AT_accessibility(DW_ACCESS_public)
    3566              $C$DW$371       .dwtag  DW_TAG_member
    3567                      .dwattr $C$DW$371, DW_AT_type(*$C$DW$T$19)
    3568                      .dwattr $C$DW$371, DW_AT_name("TXENA")
    3569                      .dwattr $C$DW$371, DW_AT_TI_symbol_name("_TXENA")
    3570                      .dwattr $C$DW$371, DW_AT_bit_offset(0x0e), DW_AT_bit_size(0x01)
    3571                      .dwattr $C$DW$371, DW_AT_data_member_location[DW_OP_plus_uconst 0x0]
    3572                      .dwattr $C$DW$371, DW_AT_accessibility(DW_ACCESS_public)
    3573              $C$DW$372       .dwtag  DW_TAG_member
    3574                      .dwattr $C$DW$372, DW_AT_type(*$C$DW$T$19)
    3575                      .dwattr $C$DW$372, DW_AT_name("SLEEP")
    3576                      .dwattr $C$DW$372, DW_AT_TI_symbol_name("_SLEEP")
    3577                      .dwattr $C$DW$372, DW_AT_bit_offset(0x0d), DW_AT_bit_size(0x01)
    3578                      .dwattr $C$DW$372, DW_AT_data_member_location[DW_OP_plus_uconst 0x0]
    3579                      .dwattr $C$DW$372, DW_AT_accessibility(DW_ACCESS_public)
    3580              $C$DW$373       .dwtag  DW_TAG_member
    3581                      .dwattr $C$DW$373, DW_AT_type(*$C$DW$T$19)
    3582                      .dwattr $C$DW$373, DW_AT_name("TXWAKE")
    3583                      .dwattr $C$DW$373, DW_AT_TI_symbol_name("_TXWAKE")
    3584                      .dwattr $C$DW$373, DW_AT_bit_offset(0x0c), DW_AT_bit_size(0x01)
    3585                      .dwattr $C$DW$373, DW_AT_data_member_location[DW_OP_plus_uconst 0x0]
    3586                      .dwattr $C$DW$373, DW_AT_accessibility(DW_ACCESS_public)
    3587              $C$DW$374       .dwtag  DW_TAG_member
    3588                      .dwattr $C$DW$374, DW_AT_type(*$C$DW$T$19)
    3589                      .dwattr $C$DW$374, DW_AT_name("rsvd1")
    3590                      .dwattr $C$DW$374, DW_AT_TI_symbol_name("_rsvd1")
    3591                      .dwattr $C$DW$374, DW_AT_bit_offset(0x0b), DW_AT_bit_size(0x01)
    3592                      .dwattr $C$DW$374, DW_AT_data_member_location[DW_OP_plus_uconst 0x0]
    3593                      .dwattr $C$DW$374, DW_AT_accessibility(DW_ACCESS_public)
    3594              $C$DW$375       .dwtag  DW_TAG_member
    3595                      .dwattr $C$DW$375, DW_AT_type(*$C$DW$T$19)
    3596                      .dwattr $C$DW$375, DW_AT_name("SWRESET")
    3597                      .dwattr $C$DW$375, DW_AT_TI_symbol_name("_SWRESET")
    3598                      .dwattr $C$DW$375, DW_AT_bit_offset(0x0a), DW_AT_bit_size(0x01)
    3599                      .dwattr $C$DW$375, DW_AT_data_member_location[DW_OP_plus_uconst 0x0]
    3600                      .dwattr $C$DW$375, DW_AT_accessibility(DW_ACCESS_public)
    3601              $C$DW$376       .dwtag  DW_TAG_member
    3602                      .dwattr $C$DW$376, DW_AT_type(*$C$DW$T$19)
    3603                      .dwattr $C$DW$376, DW_AT_name("RXERRINTENA")
    3604                      .dwattr $C$DW$376, DW_AT_TI_symbol_name("_RXERRINTENA")
    3605                      .dwattr $C$DW$376, DW_AT_bit_offset(0x09), DW_AT_bit_size(0x01)
    3606                      .dwattr $C$DW$376, DW_AT_data_member_location[DW_OP_plus_uconst 0x0]
    3607                      .dwattr $C$DW$376, DW_AT_accessibility(DW_ACCESS_public)
    3608              $C$DW$377       .dwtag  DW_TAG_member
    3609                      .dwattr $C$DW$377, DW_AT_type(*$C$DW$T$19)
    3610                      .dwattr $C$DW$377, DW_AT_name("rsvd2")
    3611                      .dwattr $C$DW$377, DW_AT_TI_symbol_name("_rsvd2")
    3612                      .dwattr $C$DW$377, DW_AT_bit_offset(0x00), DW_AT_bit_size(0x09)
    3613                      .dwattr $C$DW$377, DW_AT_data_member_location[DW_OP_plus_uconst 0x0]
    3614                      .dwattr $C$DW$377, DW_AT_accessibility(DW_ACCESS_public)
TMS320C2000 Assembler PC v6.1.0 Fri Feb 14 09:23:40 2020

Tools Copyright (c) 1996-2012 Texas Instruments Incorporated
F:/Work/Code Area/Combis/Bootloader/Example_Flash2806x_API21_Combi/Example_Flash2806x_API21_Combi/Example_Flash2806x_API/Debug/Driver.asm PAGE   68

    3615                      .dwendtag $C$DW$T$71
    3616              
    3617              
    3618              $C$DW$T$72      .dwtag  DW_TAG_union_type
    3619                      .dwattr $C$DW$T$72, DW_AT_name("SCICTL1_REG")
    3620                      .dwattr $C$DW$T$72, DW_AT_byte_size(0x01)
    3621              $C$DW$378       .dwtag  DW_TAG_member
    3622                      .dwattr $C$DW$378, DW_AT_type(*$C$DW$T$19)
    3623                      .dwattr $C$DW$378, DW_AT_name("all")
    3624                      .dwattr $C$DW$378, DW_AT_TI_symbol_name("_all")
    3625                      .dwattr $C$DW$378, DW_AT_data_member_location[DW_OP_plus_uconst 0x0]
    3626                      .dwattr $C$DW$378, DW_AT_accessibility(DW_ACCESS_public)
    3627              $C$DW$379       .dwtag  DW_TAG_member
    3628                      .dwattr $C$DW$379, DW_AT_type(*$C$DW$T$71)
    3629                      .dwattr $C$DW$379, DW_AT_name("bit")
    3630                      .dwattr $C$DW$379, DW_AT_TI_symbol_name("_bit")
    3631                      .dwattr $C$DW$379, DW_AT_data_member_location[DW_OP_plus_uconst 0x0]
    3632                      .dwattr $C$DW$379, DW_AT_accessibility(DW_ACCESS_public)
    3633                      .dwendtag $C$DW$T$72
    3634              
    3635              
    3636              $C$DW$T$73      .dwtag  DW_TAG_structure_type
    3637                      .dwattr $C$DW$T$73, DW_AT_name("SCICTL2_BITS")
    3638                      .dwattr $C$DW$T$73, DW_AT_byte_size(0x01)
    3639              $C$DW$380       .dwtag  DW_TAG_member
    3640                      .dwattr $C$DW$380, DW_AT_type(*$C$DW$T$19)
    3641                      .dwattr $C$DW$380, DW_AT_name("TXINTENA")
    3642                      .dwattr $C$DW$380, DW_AT_TI_symbol_name("_TXINTENA")
    3643                      .dwattr $C$DW$380, DW_AT_bit_offset(0x0f), DW_AT_bit_size(0x01)
    3644                      .dwattr $C$DW$380, DW_AT_data_member_location[DW_OP_plus_uconst 0x0]
    3645                      .dwattr $C$DW$380, DW_AT_accessibility(DW_ACCESS_public)
    3646              $C$DW$381       .dwtag  DW_TAG_member
    3647                      .dwattr $C$DW$381, DW_AT_type(*$C$DW$T$19)
    3648                      .dwattr $C$DW$381, DW_AT_name("RXBKINTENA")
    3649                      .dwattr $C$DW$381, DW_AT_TI_symbol_name("_RXBKINTENA")
    3650                      .dwattr $C$DW$381, DW_AT_bit_offset(0x0e), DW_AT_bit_size(0x01)
    3651                      .dwattr $C$DW$381, DW_AT_data_member_location[DW_OP_plus_uconst 0x0]
    3652                      .dwattr $C$DW$381, DW_AT_accessibility(DW_ACCESS_public)
    3653              $C$DW$382       .dwtag  DW_TAG_member
    3654                      .dwattr $C$DW$382, DW_AT_type(*$C$DW$T$19)
    3655                      .dwattr $C$DW$382, DW_AT_name("rsvd1")
    3656                      .dwattr $C$DW$382, DW_AT_TI_symbol_name("_rsvd1")
    3657                      .dwattr $C$DW$382, DW_AT_bit_offset(0x0a), DW_AT_bit_size(0x04)
    3658                      .dwattr $C$DW$382, DW_AT_data_member_location[DW_OP_plus_uconst 0x0]
    3659                      .dwattr $C$DW$382, DW_AT_accessibility(DW_ACCESS_public)
    3660              $C$DW$383       .dwtag  DW_TAG_member
    3661                      .dwattr $C$DW$383, DW_AT_type(*$C$DW$T$19)
    3662                      .dwattr $C$DW$383, DW_AT_name("TXEMPTY")
    3663                      .dwattr $C$DW$383, DW_AT_TI_symbol_name("_TXEMPTY")
    3664                      .dwattr $C$DW$383, DW_AT_bit_offset(0x09), DW_AT_bit_size(0x01)
    3665                      .dwattr $C$DW$383, DW_AT_data_member_location[DW_OP_plus_uconst 0x0]
    3666                      .dwattr $C$DW$383, DW_AT_accessibility(DW_ACCESS_public)
    3667              $C$DW$384       .dwtag  DW_TAG_member
    3668                      .dwattr $C$DW$384, DW_AT_type(*$C$DW$T$19)
    3669                      .dwattr $C$DW$384, DW_AT_name("TXRDY")
TMS320C2000 Assembler PC v6.1.0 Fri Feb 14 09:23:40 2020

Tools Copyright (c) 1996-2012 Texas Instruments Incorporated
F:/Work/Code Area/Combis/Bootloader/Example_Flash2806x_API21_Combi/Example_Flash2806x_API21_Combi/Example_Flash2806x_API/Debug/Driver.asm PAGE   69

    3670                      .dwattr $C$DW$384, DW_AT_TI_symbol_name("_TXRDY")
    3671                      .dwattr $C$DW$384, DW_AT_bit_offset(0x08), DW_AT_bit_size(0x01)
    3672                      .dwattr $C$DW$384, DW_AT_data_member_location[DW_OP_plus_uconst 0x0]
    3673                      .dwattr $C$DW$384, DW_AT_accessibility(DW_ACCESS_public)
    3674              $C$DW$385       .dwtag  DW_TAG_member
    3675                      .dwattr $C$DW$385, DW_AT_type(*$C$DW$T$19)
    3676                      .dwattr $C$DW$385, DW_AT_name("rsvd2")
    3677                      .dwattr $C$DW$385, DW_AT_TI_symbol_name("_rsvd2")
    3678                      .dwattr $C$DW$385, DW_AT_bit_offset(0x00), DW_AT_bit_size(0x08)
    3679                      .dwattr $C$DW$385, DW_AT_data_member_location[DW_OP_plus_uconst 0x0]
    3680                      .dwattr $C$DW$385, DW_AT_accessibility(DW_ACCESS_public)
    3681                      .dwendtag $C$DW$T$73
    3682              
    3683              
    3684              $C$DW$T$74      .dwtag  DW_TAG_union_type
    3685                      .dwattr $C$DW$T$74, DW_AT_name("SCICTL2_REG")
    3686                      .dwattr $C$DW$T$74, DW_AT_byte_size(0x01)
    3687              $C$DW$386       .dwtag  DW_TAG_member
    3688                      .dwattr $C$DW$386, DW_AT_type(*$C$DW$T$19)
    3689                      .dwattr $C$DW$386, DW_AT_name("all")
    3690                      .dwattr $C$DW$386, DW_AT_TI_symbol_name("_all")
    3691                      .dwattr $C$DW$386, DW_AT_data_member_location[DW_OP_plus_uconst 0x0]
    3692                      .dwattr $C$DW$386, DW_AT_accessibility(DW_ACCESS_public)
    3693              $C$DW$387       .dwtag  DW_TAG_member
    3694                      .dwattr $C$DW$387, DW_AT_type(*$C$DW$T$73)
    3695                      .dwattr $C$DW$387, DW_AT_name("bit")
    3696                      .dwattr $C$DW$387, DW_AT_TI_symbol_name("_bit")
    3697                      .dwattr $C$DW$387, DW_AT_data_member_location[DW_OP_plus_uconst 0x0]
    3698                      .dwattr $C$DW$387, DW_AT_accessibility(DW_ACCESS_public)
    3699                      .dwendtag $C$DW$T$74
    3700              
    3701              
    3702              $C$DW$T$75      .dwtag  DW_TAG_structure_type
    3703                      .dwattr $C$DW$T$75, DW_AT_name("SCIFFCT_BITS")
    3704                      .dwattr $C$DW$T$75, DW_AT_byte_size(0x01)
    3705              $C$DW$388       .dwtag  DW_TAG_member
    3706                      .dwattr $C$DW$388, DW_AT_type(*$C$DW$T$19)
    3707                      .dwattr $C$DW$388, DW_AT_name("FFTXDLY")
    3708                      .dwattr $C$DW$388, DW_AT_TI_symbol_name("_FFTXDLY")
    3709                      .dwattr $C$DW$388, DW_AT_bit_offset(0x08), DW_AT_bit_size(0x08)
    3710                      .dwattr $C$DW$388, DW_AT_data_member_location[DW_OP_plus_uconst 0x0]
    3711                      .dwattr $C$DW$388, DW_AT_accessibility(DW_ACCESS_public)
    3712              $C$DW$389       .dwtag  DW_TAG_member
    3713                      .dwattr $C$DW$389, DW_AT_type(*$C$DW$T$19)
    3714                      .dwattr $C$DW$389, DW_AT_name("rsvd1")
    3715                      .dwattr $C$DW$389, DW_AT_TI_symbol_name("_rsvd1")
    3716                      .dwattr $C$DW$389, DW_AT_bit_offset(0x03), DW_AT_bit_size(0x05)
    3717                      .dwattr $C$DW$389, DW_AT_data_member_location[DW_OP_plus_uconst 0x0]
    3718                      .dwattr $C$DW$389, DW_AT_accessibility(DW_ACCESS_public)
    3719              $C$DW$390       .dwtag  DW_TAG_member
    3720                      .dwattr $C$DW$390, DW_AT_type(*$C$DW$T$19)
    3721                      .dwattr $C$DW$390, DW_AT_name("CDC")
    3722                      .dwattr $C$DW$390, DW_AT_TI_symbol_name("_CDC")
    3723                      .dwattr $C$DW$390, DW_AT_bit_offset(0x02), DW_AT_bit_size(0x01)
    3724                      .dwattr $C$DW$390, DW_AT_data_member_location[DW_OP_plus_uconst 0x0]
TMS320C2000 Assembler PC v6.1.0 Fri Feb 14 09:23:40 2020

Tools Copyright (c) 1996-2012 Texas Instruments Incorporated
F:/Work/Code Area/Combis/Bootloader/Example_Flash2806x_API21_Combi/Example_Flash2806x_API21_Combi/Example_Flash2806x_API/Debug/Driver.asm PAGE   70

    3725                      .dwattr $C$DW$390, DW_AT_accessibility(DW_ACCESS_public)
    3726              $C$DW$391       .dwtag  DW_TAG_member
    3727                      .dwattr $C$DW$391, DW_AT_type(*$C$DW$T$19)
    3728                      .dwattr $C$DW$391, DW_AT_name("ABDCLR")
    3729                      .dwattr $C$DW$391, DW_AT_TI_symbol_name("_ABDCLR")
    3730                      .dwattr $C$DW$391, DW_AT_bit_offset(0x01), DW_AT_bit_size(0x01)
    3731                      .dwattr $C$DW$391, DW_AT_data_member_location[DW_OP_plus_uconst 0x0]
    3732                      .dwattr $C$DW$391, DW_AT_accessibility(DW_ACCESS_public)
    3733              $C$DW$392       .dwtag  DW_TAG_member
    3734                      .dwattr $C$DW$392, DW_AT_type(*$C$DW$T$19)
    3735                      .dwattr $C$DW$392, DW_AT_name("ABD")
    3736                      .dwattr $C$DW$392, DW_AT_TI_symbol_name("_ABD")
    3737                      .dwattr $C$DW$392, DW_AT_bit_offset(0x00), DW_AT_bit_size(0x01)
    3738                      .dwattr $C$DW$392, DW_AT_data_member_location[DW_OP_plus_uconst 0x0]
    3739                      .dwattr $C$DW$392, DW_AT_accessibility(DW_ACCESS_public)
    3740                      .dwendtag $C$DW$T$75
    3741              
    3742              
    3743              $C$DW$T$76      .dwtag  DW_TAG_union_type
    3744                      .dwattr $C$DW$T$76, DW_AT_name("SCIFFCT_REG")
    3745                      .dwattr $C$DW$T$76, DW_AT_byte_size(0x01)
    3746              $C$DW$393       .dwtag  DW_TAG_member
    3747                      .dwattr $C$DW$393, DW_AT_type(*$C$DW$T$19)
    3748                      .dwattr $C$DW$393, DW_AT_name("all")
    3749                      .dwattr $C$DW$393, DW_AT_TI_symbol_name("_all")
    3750                      .dwattr $C$DW$393, DW_AT_data_member_location[DW_OP_plus_uconst 0x0]
    3751                      .dwattr $C$DW$393, DW_AT_accessibility(DW_ACCESS_public)
    3752              $C$DW$394       .dwtag  DW_TAG_member
    3753                      .dwattr $C$DW$394, DW_AT_type(*$C$DW$T$75)
    3754                      .dwattr $C$DW$394, DW_AT_name("bit")
    3755                      .dwattr $C$DW$394, DW_AT_TI_symbol_name("_bit")
    3756                      .dwattr $C$DW$394, DW_AT_data_member_location[DW_OP_plus_uconst 0x0]
    3757                      .dwattr $C$DW$394, DW_AT_accessibility(DW_ACCESS_public)
    3758                      .dwendtag $C$DW$T$76
    3759              
    3760              
    3761              $C$DW$T$77      .dwtag  DW_TAG_structure_type
    3762                      .dwattr $C$DW$T$77, DW_AT_name("SCIFFRX_BITS")
    3763                      .dwattr $C$DW$T$77, DW_AT_byte_size(0x01)
    3764              $C$DW$395       .dwtag  DW_TAG_member
    3765                      .dwattr $C$DW$395, DW_AT_type(*$C$DW$T$19)
    3766                      .dwattr $C$DW$395, DW_AT_name("RXFFIL")
    3767                      .dwattr $C$DW$395, DW_AT_TI_symbol_name("_RXFFIL")
    3768                      .dwattr $C$DW$395, DW_AT_bit_offset(0x0b), DW_AT_bit_size(0x05)
    3769                      .dwattr $C$DW$395, DW_AT_data_member_location[DW_OP_plus_uconst 0x0]
    3770                      .dwattr $C$DW$395, DW_AT_accessibility(DW_ACCESS_public)
    3771              $C$DW$396       .dwtag  DW_TAG_member
    3772                      .dwattr $C$DW$396, DW_AT_type(*$C$DW$T$19)
    3773                      .dwattr $C$DW$396, DW_AT_name("RXFFIENA")
    3774                      .dwattr $C$DW$396, DW_AT_TI_symbol_name("_RXFFIENA")
    3775                      .dwattr $C$DW$396, DW_AT_bit_offset(0x0a), DW_AT_bit_size(0x01)
    3776                      .dwattr $C$DW$396, DW_AT_data_member_location[DW_OP_plus_uconst 0x0]
    3777                      .dwattr $C$DW$396, DW_AT_accessibility(DW_ACCESS_public)
    3778              $C$DW$397       .dwtag  DW_TAG_member
    3779                      .dwattr $C$DW$397, DW_AT_type(*$C$DW$T$19)
TMS320C2000 Assembler PC v6.1.0 Fri Feb 14 09:23:40 2020

Tools Copyright (c) 1996-2012 Texas Instruments Incorporated
F:/Work/Code Area/Combis/Bootloader/Example_Flash2806x_API21_Combi/Example_Flash2806x_API21_Combi/Example_Flash2806x_API/Debug/Driver.asm PAGE   71

    3780                      .dwattr $C$DW$397, DW_AT_name("RXFFINTCLR")
    3781                      .dwattr $C$DW$397, DW_AT_TI_symbol_name("_RXFFINTCLR")
    3782                      .dwattr $C$DW$397, DW_AT_bit_offset(0x09), DW_AT_bit_size(0x01)
    3783                      .dwattr $C$DW$397, DW_AT_data_member_location[DW_OP_plus_uconst 0x0]
    3784                      .dwattr $C$DW$397, DW_AT_accessibility(DW_ACCESS_public)
    3785              $C$DW$398       .dwtag  DW_TAG_member
    3786                      .dwattr $C$DW$398, DW_AT_type(*$C$DW$T$19)
    3787                      .dwattr $C$DW$398, DW_AT_name("RXFFINT")
    3788                      .dwattr $C$DW$398, DW_AT_TI_symbol_name("_RXFFINT")
    3789                      .dwattr $C$DW$398, DW_AT_bit_offset(0x08), DW_AT_bit_size(0x01)
    3790                      .dwattr $C$DW$398, DW_AT_data_member_location[DW_OP_plus_uconst 0x0]
    3791                      .dwattr $C$DW$398, DW_AT_accessibility(DW_ACCESS_public)
    3792              $C$DW$399       .dwtag  DW_TAG_member
    3793                      .dwattr $C$DW$399, DW_AT_type(*$C$DW$T$19)
    3794                      .dwattr $C$DW$399, DW_AT_name("RXFFST")
    3795                      .dwattr $C$DW$399, DW_AT_TI_symbol_name("_RXFFST")
    3796                      .dwattr $C$DW$399, DW_AT_bit_offset(0x03), DW_AT_bit_size(0x05)
    3797                      .dwattr $C$DW$399, DW_AT_data_member_location[DW_OP_plus_uconst 0x0]
    3798                      .dwattr $C$DW$399, DW_AT_accessibility(DW_ACCESS_public)
    3799              $C$DW$400       .dwtag  DW_TAG_member
    3800                      .dwattr $C$DW$400, DW_AT_type(*$C$DW$T$19)
    3801                      .dwattr $C$DW$400, DW_AT_name("RXFIFORESET")
    3802                      .dwattr $C$DW$400, DW_AT_TI_symbol_name("_RXFIFORESET")
    3803                      .dwattr $C$DW$400, DW_AT_bit_offset(0x02), DW_AT_bit_size(0x01)
    3804                      .dwattr $C$DW$400, DW_AT_data_member_location[DW_OP_plus_uconst 0x0]
    3805                      .dwattr $C$DW$400, DW_AT_accessibility(DW_ACCESS_public)
    3806              $C$DW$401       .dwtag  DW_TAG_member
    3807                      .dwattr $C$DW$401, DW_AT_type(*$C$DW$T$19)
    3808                      .dwattr $C$DW$401, DW_AT_name("RXFFOVRCLR")
    3809                      .dwattr $C$DW$401, DW_AT_TI_symbol_name("_RXFFOVRCLR")
    3810                      .dwattr $C$DW$401, DW_AT_bit_offset(0x01), DW_AT_bit_size(0x01)
    3811                      .dwattr $C$DW$401, DW_AT_data_member_location[DW_OP_plus_uconst 0x0]
    3812                      .dwattr $C$DW$401, DW_AT_accessibility(DW_ACCESS_public)
    3813              $C$DW$402       .dwtag  DW_TAG_member
    3814                      .dwattr $C$DW$402, DW_AT_type(*$C$DW$T$19)
    3815                      .dwattr $C$DW$402, DW_AT_name("RXFFOVF")
    3816                      .dwattr $C$DW$402, DW_AT_TI_symbol_name("_RXFFOVF")
    3817                      .dwattr $C$DW$402, DW_AT_bit_offset(0x00), DW_AT_bit_size(0x01)
    3818                      .dwattr $C$DW$402, DW_AT_data_member_location[DW_OP_plus_uconst 0x0]
    3819                      .dwattr $C$DW$402, DW_AT_accessibility(DW_ACCESS_public)
    3820                      .dwendtag $C$DW$T$77
    3821              
    3822              
    3823              $C$DW$T$78      .dwtag  DW_TAG_union_type
    3824                      .dwattr $C$DW$T$78, DW_AT_name("SCIFFRX_REG")
    3825                      .dwattr $C$DW$T$78, DW_AT_byte_size(0x01)
    3826              $C$DW$403       .dwtag  DW_TAG_member
    3827                      .dwattr $C$DW$403, DW_AT_type(*$C$DW$T$19)
    3828                      .dwattr $C$DW$403, DW_AT_name("all")
    3829                      .dwattr $C$DW$403, DW_AT_TI_symbol_name("_all")
    3830                      .dwattr $C$DW$403, DW_AT_data_member_location[DW_OP_plus_uconst 0x0]
    3831                      .dwattr $C$DW$403, DW_AT_accessibility(DW_ACCESS_public)
    3832              $C$DW$404       .dwtag  DW_TAG_member
    3833                      .dwattr $C$DW$404, DW_AT_type(*$C$DW$T$77)
    3834                      .dwattr $C$DW$404, DW_AT_name("bit")
TMS320C2000 Assembler PC v6.1.0 Fri Feb 14 09:23:40 2020

Tools Copyright (c) 1996-2012 Texas Instruments Incorporated
F:/Work/Code Area/Combis/Bootloader/Example_Flash2806x_API21_Combi/Example_Flash2806x_API21_Combi/Example_Flash2806x_API/Debug/Driver.asm PAGE   72

    3835                      .dwattr $C$DW$404, DW_AT_TI_symbol_name("_bit")
    3836                      .dwattr $C$DW$404, DW_AT_data_member_location[DW_OP_plus_uconst 0x0]
    3837                      .dwattr $C$DW$404, DW_AT_accessibility(DW_ACCESS_public)
    3838                      .dwendtag $C$DW$T$78
    3839              
    3840              
    3841              $C$DW$T$79      .dwtag  DW_TAG_structure_type
    3842                      .dwattr $C$DW$T$79, DW_AT_name("SCIFFTX_BITS")
    3843                      .dwattr $C$DW$T$79, DW_AT_byte_size(0x01)
    3844              $C$DW$405       .dwtag  DW_TAG_member
    3845                      .dwattr $C$DW$405, DW_AT_type(*$C$DW$T$19)
    3846                      .dwattr $C$DW$405, DW_AT_name("TXFFIL")
    3847                      .dwattr $C$DW$405, DW_AT_TI_symbol_name("_TXFFIL")
    3848                      .dwattr $C$DW$405, DW_AT_bit_offset(0x0b), DW_AT_bit_size(0x05)
    3849                      .dwattr $C$DW$405, DW_AT_data_member_location[DW_OP_plus_uconst 0x0]
    3850                      .dwattr $C$DW$405, DW_AT_accessibility(DW_ACCESS_public)
    3851              $C$DW$406       .dwtag  DW_TAG_member
    3852                      .dwattr $C$DW$406, DW_AT_type(*$C$DW$T$19)
    3853                      .dwattr $C$DW$406, DW_AT_name("TXFFIENA")
    3854                      .dwattr $C$DW$406, DW_AT_TI_symbol_name("_TXFFIENA")
    3855                      .dwattr $C$DW$406, DW_AT_bit_offset(0x0a), DW_AT_bit_size(0x01)
    3856                      .dwattr $C$DW$406, DW_AT_data_member_location[DW_OP_plus_uconst 0x0]
    3857                      .dwattr $C$DW$406, DW_AT_accessibility(DW_ACCESS_public)
    3858              $C$DW$407       .dwtag  DW_TAG_member
    3859                      .dwattr $C$DW$407, DW_AT_type(*$C$DW$T$19)
    3860                      .dwattr $C$DW$407, DW_AT_name("TXFFINTCLR")
    3861                      .dwattr $C$DW$407, DW_AT_TI_symbol_name("_TXFFINTCLR")
    3862                      .dwattr $C$DW$407, DW_AT_bit_offset(0x09), DW_AT_bit_size(0x01)
    3863                      .dwattr $C$DW$407, DW_AT_data_member_location[DW_OP_plus_uconst 0x0]
    3864                      .dwattr $C$DW$407, DW_AT_accessibility(DW_ACCESS_public)
    3865              $C$DW$408       .dwtag  DW_TAG_member
    3866                      .dwattr $C$DW$408, DW_AT_type(*$C$DW$T$19)
    3867                      .dwattr $C$DW$408, DW_AT_name("TXFFINT")
    3868                      .dwattr $C$DW$408, DW_AT_TI_symbol_name("_TXFFINT")
    3869                      .dwattr $C$DW$408, DW_AT_bit_offset(0x08), DW_AT_bit_size(0x01)
    3870                      .dwattr $C$DW$408, DW_AT_data_member_location[DW_OP_plus_uconst 0x0]
    3871                      .dwattr $C$DW$408, DW_AT_accessibility(DW_ACCESS_public)
    3872              $C$DW$409       .dwtag  DW_TAG_member
    3873                      .dwattr $C$DW$409, DW_AT_type(*$C$DW$T$19)
    3874                      .dwattr $C$DW$409, DW_AT_name("TXFFST")
    3875                      .dwattr $C$DW$409, DW_AT_TI_symbol_name("_TXFFST")
    3876                      .dwattr $C$DW$409, DW_AT_bit_offset(0x03), DW_AT_bit_size(0x05)
    3877                      .dwattr $C$DW$409, DW_AT_data_member_location[DW_OP_plus_uconst 0x0]
    3878                      .dwattr $C$DW$409, DW_AT_accessibility(DW_ACCESS_public)
    3879              $C$DW$410       .dwtag  DW_TAG_member
    3880                      .dwattr $C$DW$410, DW_AT_type(*$C$DW$T$19)
    3881                      .dwattr $C$DW$410, DW_AT_name("TXFIFOXRESET")
    3882                      .dwattr $C$DW$410, DW_AT_TI_symbol_name("_TXFIFOXRESET")
    3883                      .dwattr $C$DW$410, DW_AT_bit_offset(0x02), DW_AT_bit_size(0x01)
    3884                      .dwattr $C$DW$410, DW_AT_data_member_location[DW_OP_plus_uconst 0x0]
    3885                      .dwattr $C$DW$410, DW_AT_accessibility(DW_ACCESS_public)
    3886              $C$DW$411       .dwtag  DW_TAG_member
    3887                      .dwattr $C$DW$411, DW_AT_type(*$C$DW$T$19)
    3888                      .dwattr $C$DW$411, DW_AT_name("SCIFFENA")
    3889                      .dwattr $C$DW$411, DW_AT_TI_symbol_name("_SCIFFENA")
TMS320C2000 Assembler PC v6.1.0 Fri Feb 14 09:23:40 2020

Tools Copyright (c) 1996-2012 Texas Instruments Incorporated
F:/Work/Code Area/Combis/Bootloader/Example_Flash2806x_API21_Combi/Example_Flash2806x_API21_Combi/Example_Flash2806x_API/Debug/Driver.asm PAGE   73

    3890                      .dwattr $C$DW$411, DW_AT_bit_offset(0x01), DW_AT_bit_size(0x01)
    3891                      .dwattr $C$DW$411, DW_AT_data_member_location[DW_OP_plus_uconst 0x0]
    3892                      .dwattr $C$DW$411, DW_AT_accessibility(DW_ACCESS_public)
    3893              $C$DW$412       .dwtag  DW_TAG_member
    3894                      .dwattr $C$DW$412, DW_AT_type(*$C$DW$T$19)
    3895                      .dwattr $C$DW$412, DW_AT_name("SCIRST")
    3896                      .dwattr $C$DW$412, DW_AT_TI_symbol_name("_SCIRST")
    3897                      .dwattr $C$DW$412, DW_AT_bit_offset(0x00), DW_AT_bit_size(0x01)
    3898                      .dwattr $C$DW$412, DW_AT_data_member_location[DW_OP_plus_uconst 0x0]
    3899                      .dwattr $C$DW$412, DW_AT_accessibility(DW_ACCESS_public)
    3900                      .dwendtag $C$DW$T$79
    3901              
    3902              
    3903              $C$DW$T$80      .dwtag  DW_TAG_union_type
    3904                      .dwattr $C$DW$T$80, DW_AT_name("SCIFFTX_REG")
    3905                      .dwattr $C$DW$T$80, DW_AT_byte_size(0x01)
    3906              $C$DW$413       .dwtag  DW_TAG_member
    3907                      .dwattr $C$DW$413, DW_AT_type(*$C$DW$T$19)
    3908                      .dwattr $C$DW$413, DW_AT_name("all")
    3909                      .dwattr $C$DW$413, DW_AT_TI_symbol_name("_all")
    3910                      .dwattr $C$DW$413, DW_AT_data_member_location[DW_OP_plus_uconst 0x0]
    3911                      .dwattr $C$DW$413, DW_AT_accessibility(DW_ACCESS_public)
    3912              $C$DW$414       .dwtag  DW_TAG_member
    3913                      .dwattr $C$DW$414, DW_AT_type(*$C$DW$T$79)
    3914                      .dwattr $C$DW$414, DW_AT_name("bit")
    3915                      .dwattr $C$DW$414, DW_AT_TI_symbol_name("_bit")
    3916                      .dwattr $C$DW$414, DW_AT_data_member_location[DW_OP_plus_uconst 0x0]
    3917                      .dwattr $C$DW$414, DW_AT_accessibility(DW_ACCESS_public)
    3918                      .dwendtag $C$DW$T$80
    3919              
    3920              
    3921              $C$DW$T$81      .dwtag  DW_TAG_structure_type
    3922                      .dwattr $C$DW$T$81, DW_AT_name("SCIPRI_BITS")
    3923                      .dwattr $C$DW$T$81, DW_AT_byte_size(0x01)
    3924              $C$DW$415       .dwtag  DW_TAG_member
    3925                      .dwattr $C$DW$415, DW_AT_type(*$C$DW$T$19)
    3926                      .dwattr $C$DW$415, DW_AT_name("rsvd1")
    3927                      .dwattr $C$DW$415, DW_AT_TI_symbol_name("_rsvd1")
    3928                      .dwattr $C$DW$415, DW_AT_bit_offset(0x0d), DW_AT_bit_size(0x03)
    3929                      .dwattr $C$DW$415, DW_AT_data_member_location[DW_OP_plus_uconst 0x0]
    3930                      .dwattr $C$DW$415, DW_AT_accessibility(DW_ACCESS_public)
    3931              $C$DW$416       .dwtag  DW_TAG_member
    3932                      .dwattr $C$DW$416, DW_AT_type(*$C$DW$T$19)
    3933                      .dwattr $C$DW$416, DW_AT_name("FREE")
    3934                      .dwattr $C$DW$416, DW_AT_TI_symbol_name("_FREE")
    3935                      .dwattr $C$DW$416, DW_AT_bit_offset(0x0c), DW_AT_bit_size(0x01)
    3936                      .dwattr $C$DW$416, DW_AT_data_member_location[DW_OP_plus_uconst 0x0]
    3937                      .dwattr $C$DW$416, DW_AT_accessibility(DW_ACCESS_public)
    3938              $C$DW$417       .dwtag  DW_TAG_member
    3939                      .dwattr $C$DW$417, DW_AT_type(*$C$DW$T$19)
    3940                      .dwattr $C$DW$417, DW_AT_name("SOFT")
    3941                      .dwattr $C$DW$417, DW_AT_TI_symbol_name("_SOFT")
    3942                      .dwattr $C$DW$417, DW_AT_bit_offset(0x0b), DW_AT_bit_size(0x01)
    3943                      .dwattr $C$DW$417, DW_AT_data_member_location[DW_OP_plus_uconst 0x0]
    3944                      .dwattr $C$DW$417, DW_AT_accessibility(DW_ACCESS_public)
TMS320C2000 Assembler PC v6.1.0 Fri Feb 14 09:23:40 2020

Tools Copyright (c) 1996-2012 Texas Instruments Incorporated
F:/Work/Code Area/Combis/Bootloader/Example_Flash2806x_API21_Combi/Example_Flash2806x_API21_Combi/Example_Flash2806x_API/Debug/Driver.asm PAGE   74

    3945              $C$DW$418       .dwtag  DW_TAG_member
    3946                      .dwattr $C$DW$418, DW_AT_type(*$C$DW$T$19)
    3947                      .dwattr $C$DW$418, DW_AT_name("rsvd2")
    3948                      .dwattr $C$DW$418, DW_AT_TI_symbol_name("_rsvd2")
    3949                      .dwattr $C$DW$418, DW_AT_bit_offset(0x08), DW_AT_bit_size(0x03)
    3950                      .dwattr $C$DW$418, DW_AT_data_member_location[DW_OP_plus_uconst 0x0]
    3951                      .dwattr $C$DW$418, DW_AT_accessibility(DW_ACCESS_public)
    3952              $C$DW$419       .dwtag  DW_TAG_member
    3953                      .dwattr $C$DW$419, DW_AT_type(*$C$DW$T$19)
    3954                      .dwattr $C$DW$419, DW_AT_name("rsvd3")
    3955                      .dwattr $C$DW$419, DW_AT_TI_symbol_name("_rsvd3")
    3956                      .dwattr $C$DW$419, DW_AT_bit_offset(0x00), DW_AT_bit_size(0x08)
    3957                      .dwattr $C$DW$419, DW_AT_data_member_location[DW_OP_plus_uconst 0x0]
    3958                      .dwattr $C$DW$419, DW_AT_accessibility(DW_ACCESS_public)
    3959                      .dwendtag $C$DW$T$81
    3960              
    3961              
    3962              $C$DW$T$82      .dwtag  DW_TAG_union_type
    3963                      .dwattr $C$DW$T$82, DW_AT_name("SCIPRI_REG")
    3964                      .dwattr $C$DW$T$82, DW_AT_byte_size(0x01)
    3965              $C$DW$420       .dwtag  DW_TAG_member
    3966                      .dwattr $C$DW$420, DW_AT_type(*$C$DW$T$19)
    3967                      .dwattr $C$DW$420, DW_AT_name("all")
    3968                      .dwattr $C$DW$420, DW_AT_TI_symbol_name("_all")
    3969                      .dwattr $C$DW$420, DW_AT_data_member_location[DW_OP_plus_uconst 0x0]
    3970                      .dwattr $C$DW$420, DW_AT_accessibility(DW_ACCESS_public)
    3971              $C$DW$421       .dwtag  DW_TAG_member
    3972                      .dwattr $C$DW$421, DW_AT_type(*$C$DW$T$81)
    3973                      .dwattr $C$DW$421, DW_AT_name("bit")
    3974                      .dwattr $C$DW$421, DW_AT_TI_symbol_name("_bit")
    3975                      .dwattr $C$DW$421, DW_AT_data_member_location[DW_OP_plus_uconst 0x0]
    3976                      .dwattr $C$DW$421, DW_AT_accessibility(DW_ACCESS_public)
    3977                      .dwendtag $C$DW$T$82
    3978              
    3979              
    3980              $C$DW$T$83      .dwtag  DW_TAG_structure_type
    3981                      .dwattr $C$DW$T$83, DW_AT_name("SCIRXBUF_BITS")
    3982                      .dwattr $C$DW$T$83, DW_AT_byte_size(0x01)
    3983              $C$DW$422       .dwtag  DW_TAG_member
    3984                      .dwattr $C$DW$422, DW_AT_type(*$C$DW$T$19)
    3985                      .dwattr $C$DW$422, DW_AT_name("RXDT")
    3986                      .dwattr $C$DW$422, DW_AT_TI_symbol_name("_RXDT")
    3987                      .dwattr $C$DW$422, DW_AT_bit_offset(0x08), DW_AT_bit_size(0x08)
    3988                      .dwattr $C$DW$422, DW_AT_data_member_location[DW_OP_plus_uconst 0x0]
    3989                      .dwattr $C$DW$422, DW_AT_accessibility(DW_ACCESS_public)
    3990              $C$DW$423       .dwtag  DW_TAG_member
    3991                      .dwattr $C$DW$423, DW_AT_type(*$C$DW$T$19)
    3992                      .dwattr $C$DW$423, DW_AT_name("rsvd1")
    3993                      .dwattr $C$DW$423, DW_AT_TI_symbol_name("_rsvd1")
    3994                      .dwattr $C$DW$423, DW_AT_bit_offset(0x02), DW_AT_bit_size(0x06)
    3995                      .dwattr $C$DW$423, DW_AT_data_member_location[DW_OP_plus_uconst 0x0]
    3996                      .dwattr $C$DW$423, DW_AT_accessibility(DW_ACCESS_public)
    3997              $C$DW$424       .dwtag  DW_TAG_member
    3998                      .dwattr $C$DW$424, DW_AT_type(*$C$DW$T$19)
    3999                      .dwattr $C$DW$424, DW_AT_name("SCIFFPE")
TMS320C2000 Assembler PC v6.1.0 Fri Feb 14 09:23:40 2020

Tools Copyright (c) 1996-2012 Texas Instruments Incorporated
F:/Work/Code Area/Combis/Bootloader/Example_Flash2806x_API21_Combi/Example_Flash2806x_API21_Combi/Example_Flash2806x_API/Debug/Driver.asm PAGE   75

    4000                      .dwattr $C$DW$424, DW_AT_TI_symbol_name("_SCIFFPE")
    4001                      .dwattr $C$DW$424, DW_AT_bit_offset(0x01), DW_AT_bit_size(0x01)
    4002                      .dwattr $C$DW$424, DW_AT_data_member_location[DW_OP_plus_uconst 0x0]
    4003                      .dwattr $C$DW$424, DW_AT_accessibility(DW_ACCESS_public)
    4004              $C$DW$425       .dwtag  DW_TAG_member
    4005                      .dwattr $C$DW$425, DW_AT_type(*$C$DW$T$19)
    4006                      .dwattr $C$DW$425, DW_AT_name("SCIFFFE")
    4007                      .dwattr $C$DW$425, DW_AT_TI_symbol_name("_SCIFFFE")
    4008                      .dwattr $C$DW$425, DW_AT_bit_offset(0x00), DW_AT_bit_size(0x01)
    4009                      .dwattr $C$DW$425, DW_AT_data_member_location[DW_OP_plus_uconst 0x0]
    4010                      .dwattr $C$DW$425, DW_AT_accessibility(DW_ACCESS_public)
    4011                      .dwendtag $C$DW$T$83
    4012              
    4013              
    4014              $C$DW$T$84      .dwtag  DW_TAG_union_type
    4015                      .dwattr $C$DW$T$84, DW_AT_name("SCIRXBUF_REG")
    4016                      .dwattr $C$DW$T$84, DW_AT_byte_size(0x01)
    4017              $C$DW$426       .dwtag  DW_TAG_member
    4018                      .dwattr $C$DW$426, DW_AT_type(*$C$DW$T$19)
    4019                      .dwattr $C$DW$426, DW_AT_name("all")
    4020                      .dwattr $C$DW$426, DW_AT_TI_symbol_name("_all")
    4021                      .dwattr $C$DW$426, DW_AT_data_member_location[DW_OP_plus_uconst 0x0]
    4022                      .dwattr $C$DW$426, DW_AT_accessibility(DW_ACCESS_public)
    4023              $C$DW$427       .dwtag  DW_TAG_member
    4024                      .dwattr $C$DW$427, DW_AT_type(*$C$DW$T$83)
    4025                      .dwattr $C$DW$427, DW_AT_name("bit")
    4026                      .dwattr $C$DW$427, DW_AT_TI_symbol_name("_bit")
    4027                      .dwattr $C$DW$427, DW_AT_data_member_location[DW_OP_plus_uconst 0x0]
    4028                      .dwattr $C$DW$427, DW_AT_accessibility(DW_ACCESS_public)
    4029                      .dwendtag $C$DW$T$84
    4030              
    4031              
    4032              $C$DW$T$85      .dwtag  DW_TAG_structure_type
    4033                      .dwattr $C$DW$T$85, DW_AT_name("SCIRXST_BITS")
    4034                      .dwattr $C$DW$T$85, DW_AT_byte_size(0x01)
    4035              $C$DW$428       .dwtag  DW_TAG_member
    4036                      .dwattr $C$DW$428, DW_AT_type(*$C$DW$T$19)
    4037                      .dwattr $C$DW$428, DW_AT_name("rsvd1")
    4038                      .dwattr $C$DW$428, DW_AT_TI_symbol_name("_rsvd1")
    4039                      .dwattr $C$DW$428, DW_AT_bit_offset(0x0f), DW_AT_bit_size(0x01)
    4040                      .dwattr $C$DW$428, DW_AT_data_member_location[DW_OP_plus_uconst 0x0]
    4041                      .dwattr $C$DW$428, DW_AT_accessibility(DW_ACCESS_public)
    4042              $C$DW$429       .dwtag  DW_TAG_member
    4043                      .dwattr $C$DW$429, DW_AT_type(*$C$DW$T$19)
    4044                      .dwattr $C$DW$429, DW_AT_name("RXWAKE")
    4045                      .dwattr $C$DW$429, DW_AT_TI_symbol_name("_RXWAKE")
    4046                      .dwattr $C$DW$429, DW_AT_bit_offset(0x0e), DW_AT_bit_size(0x01)
    4047                      .dwattr $C$DW$429, DW_AT_data_member_location[DW_OP_plus_uconst 0x0]
    4048                      .dwattr $C$DW$429, DW_AT_accessibility(DW_ACCESS_public)
    4049              $C$DW$430       .dwtag  DW_TAG_member
    4050                      .dwattr $C$DW$430, DW_AT_type(*$C$DW$T$19)
    4051                      .dwattr $C$DW$430, DW_AT_name("PE")
    4052                      .dwattr $C$DW$430, DW_AT_TI_symbol_name("_PE")
    4053                      .dwattr $C$DW$430, DW_AT_bit_offset(0x0d), DW_AT_bit_size(0x01)
    4054                      .dwattr $C$DW$430, DW_AT_data_member_location[DW_OP_plus_uconst 0x0]
TMS320C2000 Assembler PC v6.1.0 Fri Feb 14 09:23:40 2020

Tools Copyright (c) 1996-2012 Texas Instruments Incorporated
F:/Work/Code Area/Combis/Bootloader/Example_Flash2806x_API21_Combi/Example_Flash2806x_API21_Combi/Example_Flash2806x_API/Debug/Driver.asm PAGE   76

    4055                      .dwattr $C$DW$430, DW_AT_accessibility(DW_ACCESS_public)
    4056              $C$DW$431       .dwtag  DW_TAG_member
    4057                      .dwattr $C$DW$431, DW_AT_type(*$C$DW$T$19)
    4058                      .dwattr $C$DW$431, DW_AT_name("OE")
    4059                      .dwattr $C$DW$431, DW_AT_TI_symbol_name("_OE")
    4060                      .dwattr $C$DW$431, DW_AT_bit_offset(0x0c), DW_AT_bit_size(0x01)
    4061                      .dwattr $C$DW$431, DW_AT_data_member_location[DW_OP_plus_uconst 0x0]
    4062                      .dwattr $C$DW$431, DW_AT_accessibility(DW_ACCESS_public)
    4063              $C$DW$432       .dwtag  DW_TAG_member
    4064                      .dwattr $C$DW$432, DW_AT_type(*$C$DW$T$19)
    4065                      .dwattr $C$DW$432, DW_AT_name("FE")
    4066                      .dwattr $C$DW$432, DW_AT_TI_symbol_name("_FE")
    4067                      .dwattr $C$DW$432, DW_AT_bit_offset(0x0b), DW_AT_bit_size(0x01)
    4068                      .dwattr $C$DW$432, DW_AT_data_member_location[DW_OP_plus_uconst 0x0]
    4069                      .dwattr $C$DW$432, DW_AT_accessibility(DW_ACCESS_public)
    4070              $C$DW$433       .dwtag  DW_TAG_member
    4071                      .dwattr $C$DW$433, DW_AT_type(*$C$DW$T$19)
    4072                      .dwattr $C$DW$433, DW_AT_name("BRKDT")
    4073                      .dwattr $C$DW$433, DW_AT_TI_symbol_name("_BRKDT")
    4074                      .dwattr $C$DW$433, DW_AT_bit_offset(0x0a), DW_AT_bit_size(0x01)
    4075                      .dwattr $C$DW$433, DW_AT_data_member_location[DW_OP_plus_uconst 0x0]
    4076                      .dwattr $C$DW$433, DW_AT_accessibility(DW_ACCESS_public)
    4077              $C$DW$434       .dwtag  DW_TAG_member
    4078                      .dwattr $C$DW$434, DW_AT_type(*$C$DW$T$19)
    4079                      .dwattr $C$DW$434, DW_AT_name("RXRDY")
    4080                      .dwattr $C$DW$434, DW_AT_TI_symbol_name("_RXRDY")
    4081                      .dwattr $C$DW$434, DW_AT_bit_offset(0x09), DW_AT_bit_size(0x01)
    4082                      .dwattr $C$DW$434, DW_AT_data_member_location[DW_OP_plus_uconst 0x0]
    4083                      .dwattr $C$DW$434, DW_AT_accessibility(DW_ACCESS_public)
    4084              $C$DW$435       .dwtag  DW_TAG_member
    4085                      .dwattr $C$DW$435, DW_AT_type(*$C$DW$T$19)
    4086                      .dwattr $C$DW$435, DW_AT_name("RXERROR")
    4087                      .dwattr $C$DW$435, DW_AT_TI_symbol_name("_RXERROR")
    4088                      .dwattr $C$DW$435, DW_AT_bit_offset(0x08), DW_AT_bit_size(0x01)
    4089                      .dwattr $C$DW$435, DW_AT_data_member_location[DW_OP_plus_uconst 0x0]
    4090                      .dwattr $C$DW$435, DW_AT_accessibility(DW_ACCESS_public)
    4091              $C$DW$436       .dwtag  DW_TAG_member
    4092                      .dwattr $C$DW$436, DW_AT_type(*$C$DW$T$19)
    4093                      .dwattr $C$DW$436, DW_AT_name("rsvd2")
    4094                      .dwattr $C$DW$436, DW_AT_TI_symbol_name("_rsvd2")
    4095                      .dwattr $C$DW$436, DW_AT_bit_offset(0x00), DW_AT_bit_size(0x08)
    4096                      .dwattr $C$DW$436, DW_AT_data_member_location[DW_OP_plus_uconst 0x0]
    4097                      .dwattr $C$DW$436, DW_AT_accessibility(DW_ACCESS_public)
    4098                      .dwendtag $C$DW$T$85
    4099              
    4100              
    4101              $C$DW$T$86      .dwtag  DW_TAG_union_type
    4102                      .dwattr $C$DW$T$86, DW_AT_name("SCIRXST_REG")
    4103                      .dwattr $C$DW$T$86, DW_AT_byte_size(0x01)
    4104              $C$DW$437       .dwtag  DW_TAG_member
    4105                      .dwattr $C$DW$437, DW_AT_type(*$C$DW$T$19)
    4106                      .dwattr $C$DW$437, DW_AT_name("all")
    4107                      .dwattr $C$DW$437, DW_AT_TI_symbol_name("_all")
    4108                      .dwattr $C$DW$437, DW_AT_data_member_location[DW_OP_plus_uconst 0x0]
    4109                      .dwattr $C$DW$437, DW_AT_accessibility(DW_ACCESS_public)
TMS320C2000 Assembler PC v6.1.0 Fri Feb 14 09:23:40 2020

Tools Copyright (c) 1996-2012 Texas Instruments Incorporated
F:/Work/Code Area/Combis/Bootloader/Example_Flash2806x_API21_Combi/Example_Flash2806x_API21_Combi/Example_Flash2806x_API/Debug/Driver.asm PAGE   77

    4110              $C$DW$438       .dwtag  DW_TAG_member
    4111                      .dwattr $C$DW$438, DW_AT_type(*$C$DW$T$85)
    4112                      .dwattr $C$DW$438, DW_AT_name("bit")
    4113                      .dwattr $C$DW$438, DW_AT_TI_symbol_name("_bit")
    4114                      .dwattr $C$DW$438, DW_AT_data_member_location[DW_OP_plus_uconst 0x0]
    4115                      .dwattr $C$DW$438, DW_AT_accessibility(DW_ACCESS_public)
    4116                      .dwendtag $C$DW$T$86
    4117              
    4118              
    4119              $C$DW$T$87      .dwtag  DW_TAG_structure_type
    4120                      .dwattr $C$DW$T$87, DW_AT_name("SCI_REGS")
    4121                      .dwattr $C$DW$T$87, DW_AT_byte_size(0x10)
    4122              $C$DW$439       .dwtag  DW_TAG_member
    4123                      .dwattr $C$DW$439, DW_AT_type(*$C$DW$T$70)
    4124                      .dwattr $C$DW$439, DW_AT_name("SCICCR")
    4125                      .dwattr $C$DW$439, DW_AT_TI_symbol_name("_SCICCR")
    4126                      .dwattr $C$DW$439, DW_AT_data_member_location[DW_OP_plus_uconst 0x0]
    4127                      .dwattr $C$DW$439, DW_AT_accessibility(DW_ACCESS_public)
    4128              $C$DW$440       .dwtag  DW_TAG_member
    4129                      .dwattr $C$DW$440, DW_AT_type(*$C$DW$T$72)
    4130                      .dwattr $C$DW$440, DW_AT_name("SCICTL1")
    4131                      .dwattr $C$DW$440, DW_AT_TI_symbol_name("_SCICTL1")
    4132                      .dwattr $C$DW$440, DW_AT_data_member_location[DW_OP_plus_uconst 0x1]
    4133                      .dwattr $C$DW$440, DW_AT_accessibility(DW_ACCESS_public)
    4134              $C$DW$441       .dwtag  DW_TAG_member
    4135                      .dwattr $C$DW$441, DW_AT_type(*$C$DW$T$19)
    4136                      .dwattr $C$DW$441, DW_AT_name("SCIHBAUD")
    4137                      .dwattr $C$DW$441, DW_AT_TI_symbol_name("_SCIHBAUD")
    4138                      .dwattr $C$DW$441, DW_AT_data_member_location[DW_OP_plus_uconst 0x2]
    4139                      .dwattr $C$DW$441, DW_AT_accessibility(DW_ACCESS_public)
    4140              $C$DW$442       .dwtag  DW_TAG_member
    4141                      .dwattr $C$DW$442, DW_AT_type(*$C$DW$T$19)
    4142                      .dwattr $C$DW$442, DW_AT_name("SCILBAUD")
    4143                      .dwattr $C$DW$442, DW_AT_TI_symbol_name("_SCILBAUD")
    4144                      .dwattr $C$DW$442, DW_AT_data_member_location[DW_OP_plus_uconst 0x3]
    4145                      .dwattr $C$DW$442, DW_AT_accessibility(DW_ACCESS_public)
    4146              $C$DW$443       .dwtag  DW_TAG_member
    4147                      .dwattr $C$DW$443, DW_AT_type(*$C$DW$T$74)
    4148                      .dwattr $C$DW$443, DW_AT_name("SCICTL2")
    4149                      .dwattr $C$DW$443, DW_AT_TI_symbol_name("_SCICTL2")
    4150                      .dwattr $C$DW$443, DW_AT_data_member_location[DW_OP_plus_uconst 0x4]
    4151                      .dwattr $C$DW$443, DW_AT_accessibility(DW_ACCESS_public)
    4152              $C$DW$444       .dwtag  DW_TAG_member
    4153                      .dwattr $C$DW$444, DW_AT_type(*$C$DW$T$86)
    4154                      .dwattr $C$DW$444, DW_AT_name("SCIRXST")
    4155                      .dwattr $C$DW$444, DW_AT_TI_symbol_name("_SCIRXST")
    4156                      .dwattr $C$DW$444, DW_AT_data_member_location[DW_OP_plus_uconst 0x5]
    4157                      .dwattr $C$DW$444, DW_AT_accessibility(DW_ACCESS_public)
    4158              $C$DW$445       .dwtag  DW_TAG_member
    4159                      .dwattr $C$DW$445, DW_AT_type(*$C$DW$T$19)
    4160                      .dwattr $C$DW$445, DW_AT_name("SCIRXEMU")
    4161                      .dwattr $C$DW$445, DW_AT_TI_symbol_name("_SCIRXEMU")
    4162                      .dwattr $C$DW$445, DW_AT_data_member_location[DW_OP_plus_uconst 0x6]
    4163                      .dwattr $C$DW$445, DW_AT_accessibility(DW_ACCESS_public)
    4164              $C$DW$446       .dwtag  DW_TAG_member
TMS320C2000 Assembler PC v6.1.0 Fri Feb 14 09:23:40 2020

Tools Copyright (c) 1996-2012 Texas Instruments Incorporated
F:/Work/Code Area/Combis/Bootloader/Example_Flash2806x_API21_Combi/Example_Flash2806x_API21_Combi/Example_Flash2806x_API/Debug/Driver.asm PAGE   78

    4165                      .dwattr $C$DW$446, DW_AT_type(*$C$DW$T$84)
    4166                      .dwattr $C$DW$446, DW_AT_name("SCIRXBUF")
    4167                      .dwattr $C$DW$446, DW_AT_TI_symbol_name("_SCIRXBUF")
    4168                      .dwattr $C$DW$446, DW_AT_data_member_location[DW_OP_plus_uconst 0x7]
    4169                      .dwattr $C$DW$446, DW_AT_accessibility(DW_ACCESS_public)
    4170              $C$DW$447       .dwtag  DW_TAG_member
    4171                      .dwattr $C$DW$447, DW_AT_type(*$C$DW$T$19)
    4172                      .dwattr $C$DW$447, DW_AT_name("rsvd1")
    4173                      .dwattr $C$DW$447, DW_AT_TI_symbol_name("_rsvd1")
    4174                      .dwattr $C$DW$447, DW_AT_data_member_location[DW_OP_plus_uconst 0x8]
    4175                      .dwattr $C$DW$447, DW_AT_accessibility(DW_ACCESS_public)
    4176              $C$DW$448       .dwtag  DW_TAG_member
    4177                      .dwattr $C$DW$448, DW_AT_type(*$C$DW$T$19)
    4178                      .dwattr $C$DW$448, DW_AT_name("SCITXBUF")
    4179                      .dwattr $C$DW$448, DW_AT_TI_symbol_name("_SCITXBUF")
    4180                      .dwattr $C$DW$448, DW_AT_data_member_location[DW_OP_plus_uconst 0x9]
    4181                      .dwattr $C$DW$448, DW_AT_accessibility(DW_ACCESS_public)
    4182              $C$DW$449       .dwtag  DW_TAG_member
    4183                      .dwattr $C$DW$449, DW_AT_type(*$C$DW$T$80)
    4184                      .dwattr $C$DW$449, DW_AT_name("SCIFFTX")
    4185                      .dwattr $C$DW$449, DW_AT_TI_symbol_name("_SCIFFTX")
    4186                      .dwattr $C$DW$449, DW_AT_data_member_location[DW_OP_plus_uconst 0xa]
    4187                      .dwattr $C$DW$449, DW_AT_accessibility(DW_ACCESS_public)
    4188              $C$DW$450       .dwtag  DW_TAG_member
    4189                      .dwattr $C$DW$450, DW_AT_type(*$C$DW$T$78)
    4190                      .dwattr $C$DW$450, DW_AT_name("SCIFFRX")
    4191                      .dwattr $C$DW$450, DW_AT_TI_symbol_name("_SCIFFRX")
    4192                      .dwattr $C$DW$450, DW_AT_data_member_location[DW_OP_plus_uconst 0xb]
    4193                      .dwattr $C$DW$450, DW_AT_accessibility(DW_ACCESS_public)
    4194              $C$DW$451       .dwtag  DW_TAG_member
    4195                      .dwattr $C$DW$451, DW_AT_type(*$C$DW$T$76)
    4196                      .dwattr $C$DW$451, DW_AT_name("SCIFFCT")
    4197                      .dwattr $C$DW$451, DW_AT_TI_symbol_name("_SCIFFCT")
    4198                      .dwattr $C$DW$451, DW_AT_data_member_location[DW_OP_plus_uconst 0xc]
    4199                      .dwattr $C$DW$451, DW_AT_accessibility(DW_ACCESS_public)
    4200              $C$DW$452       .dwtag  DW_TAG_member
    4201                      .dwattr $C$DW$452, DW_AT_type(*$C$DW$T$19)
    4202                      .dwattr $C$DW$452, DW_AT_name("rsvd2")
    4203                      .dwattr $C$DW$452, DW_AT_TI_symbol_name("_rsvd2")
    4204                      .dwattr $C$DW$452, DW_AT_data_member_location[DW_OP_plus_uconst 0xd]
    4205                      .dwattr $C$DW$452, DW_AT_accessibility(DW_ACCESS_public)
    4206              $C$DW$453       .dwtag  DW_TAG_member
    4207                      .dwattr $C$DW$453, DW_AT_type(*$C$DW$T$19)
    4208                      .dwattr $C$DW$453, DW_AT_name("rsvd3")
    4209                      .dwattr $C$DW$453, DW_AT_TI_symbol_name("_rsvd3")
    4210                      .dwattr $C$DW$453, DW_AT_data_member_location[DW_OP_plus_uconst 0xe]
    4211                      .dwattr $C$DW$453, DW_AT_accessibility(DW_ACCESS_public)
    4212              $C$DW$454       .dwtag  DW_TAG_member
    4213                      .dwattr $C$DW$454, DW_AT_type(*$C$DW$T$82)
    4214                      .dwattr $C$DW$454, DW_AT_name("SCIPRI")
    4215                      .dwattr $C$DW$454, DW_AT_TI_symbol_name("_SCIPRI")
    4216                      .dwattr $C$DW$454, DW_AT_data_member_location[DW_OP_plus_uconst 0xf]
    4217                      .dwattr $C$DW$454, DW_AT_accessibility(DW_ACCESS_public)
    4218                      .dwendtag $C$DW$T$87
    4219              
TMS320C2000 Assembler PC v6.1.0 Fri Feb 14 09:23:40 2020

Tools Copyright (c) 1996-2012 Texas Instruments Incorporated
F:/Work/Code Area/Combis/Bootloader/Example_Flash2806x_API21_Combi/Example_Flash2806x_API21_Combi/Example_Flash2806x_API/Debug/Driver.asm PAGE   79

    4220              $C$DW$455       .dwtag  DW_TAG_TI_far_type
    4221                      .dwattr $C$DW$455, DW_AT_type(*$C$DW$T$87)
    4222              $C$DW$T$111     .dwtag  DW_TAG_volatile_type
    4223                      .dwattr $C$DW$T$111, DW_AT_type(*$C$DW$455)
    4224              
    4225              $C$DW$T$91      .dwtag  DW_TAG_structure_type
    4226                      .dwattr $C$DW$T$91, DW_AT_name("SYS_CTRL_REGS")
    4227                      .dwattr $C$DW$T$91, DW_AT_byte_size(0x30)
    4228              $C$DW$456       .dwtag  DW_TAG_member
    4229                      .dwattr $C$DW$456, DW_AT_type(*$C$DW$T$93)
    4230                      .dwattr $C$DW$456, DW_AT_name("XCLK")
    4231                      .dwattr $C$DW$456, DW_AT_TI_symbol_name("_XCLK")
    4232                      .dwattr $C$DW$456, DW_AT_data_member_location[DW_OP_plus_uconst 0x0]
    4233                      .dwattr $C$DW$456, DW_AT_accessibility(DW_ACCESS_public)
    4234              $C$DW$457       .dwtag  DW_TAG_member
    4235                      .dwattr $C$DW$457, DW_AT_type(*$C$DW$T$68)
    4236                      .dwattr $C$DW$457, DW_AT_name("PLLSTS")
    4237                      .dwattr $C$DW$457, DW_AT_TI_symbol_name("_PLLSTS")
    4238                      .dwattr $C$DW$457, DW_AT_data_member_location[DW_OP_plus_uconst 0x1]
    4239                      .dwattr $C$DW$457, DW_AT_accessibility(DW_ACCESS_public)
    4240              $C$DW$458       .dwtag  DW_TAG_member
    4241                      .dwattr $C$DW$458, DW_AT_type(*$C$DW$T$26)
    4242                      .dwattr $C$DW$458, DW_AT_name("CLKCTL")
    4243                      .dwattr $C$DW$458, DW_AT_TI_symbol_name("_CLKCTL")
    4244                      .dwattr $C$DW$458, DW_AT_data_member_location[DW_OP_plus_uconst 0x2]
    4245                      .dwattr $C$DW$458, DW_AT_accessibility(DW_ACCESS_public)
    4246              $C$DW$459       .dwtag  DW_TAG_member
    4247                      .dwattr $C$DW$459, DW_AT_type(*$C$DW$T$19)
    4248                      .dwattr $C$DW$459, DW_AT_name("PLLLOCKPRD")
    4249                      .dwattr $C$DW$459, DW_AT_TI_symbol_name("_PLLLOCKPRD")
    4250                      .dwattr $C$DW$459, DW_AT_data_member_location[DW_OP_plus_uconst 0x3]
    4251                      .dwattr $C$DW$459, DW_AT_accessibility(DW_ACCESS_public)
    4252              $C$DW$460       .dwtag  DW_TAG_member
    4253                      .dwattr $C$DW$460, DW_AT_type(*$C$DW$T$52)
    4254                      .dwattr $C$DW$460, DW_AT_name("INTOSC1TRIM")
    4255                      .dwattr $C$DW$460, DW_AT_TI_symbol_name("_INTOSC1TRIM")
    4256                      .dwattr $C$DW$460, DW_AT_data_member_location[DW_OP_plus_uconst 0x4]
    4257                      .dwattr $C$DW$460, DW_AT_accessibility(DW_ACCESS_public)
    4258              $C$DW$461       .dwtag  DW_TAG_member
    4259                      .dwattr $C$DW$461, DW_AT_type(*$C$DW$T$19)
    4260                      .dwattr $C$DW$461, DW_AT_name("rsvd1")
    4261                      .dwattr $C$DW$461, DW_AT_TI_symbol_name("_rsvd1")
    4262                      .dwattr $C$DW$461, DW_AT_data_member_location[DW_OP_plus_uconst 0x5]
    4263                      .dwattr $C$DW$461, DW_AT_accessibility(DW_ACCESS_public)
    4264              $C$DW$462       .dwtag  DW_TAG_member
    4265                      .dwattr $C$DW$462, DW_AT_type(*$C$DW$T$54)
    4266                      .dwattr $C$DW$462, DW_AT_name("INTOSC2TRIM")
    4267                      .dwattr $C$DW$462, DW_AT_TI_symbol_name("_INTOSC2TRIM")
    4268                      .dwattr $C$DW$462, DW_AT_data_member_location[DW_OP_plus_uconst 0x6]
    4269                      .dwattr $C$DW$462, DW_AT_accessibility(DW_ACCESS_public)
    4270              $C$DW$463       .dwtag  DW_TAG_member
    4271                      .dwattr $C$DW$463, DW_AT_type(*$C$DW$T$47)
    4272                      .dwattr $C$DW$463, DW_AT_name("rsvd2")
    4273                      .dwattr $C$DW$463, DW_AT_TI_symbol_name("_rsvd2")
    4274                      .dwattr $C$DW$463, DW_AT_data_member_location[DW_OP_plus_uconst 0x7]
TMS320C2000 Assembler PC v6.1.0 Fri Feb 14 09:23:40 2020

Tools Copyright (c) 1996-2012 Texas Instruments Incorporated
F:/Work/Code Area/Combis/Bootloader/Example_Flash2806x_API21_Combi/Example_Flash2806x_API21_Combi/Example_Flash2806x_API/Debug/Driver.asm PAGE   80

    4275                      .dwattr $C$DW$463, DW_AT_accessibility(DW_ACCESS_public)
    4276              $C$DW$464       .dwtag  DW_TAG_member
    4277                      .dwattr $C$DW$464, DW_AT_type(*$C$DW$T$56)
    4278                      .dwattr $C$DW$464, DW_AT_name("LOSPCP")
    4279                      .dwattr $C$DW$464, DW_AT_TI_symbol_name("_LOSPCP")
    4280                      .dwattr $C$DW$464, DW_AT_data_member_location[DW_OP_plus_uconst 0xb]
    4281                      .dwattr $C$DW$464, DW_AT_accessibility(DW_ACCESS_public)
    4282              $C$DW$465       .dwtag  DW_TAG_member
    4283                      .dwattr $C$DW$465, DW_AT_type(*$C$DW$T$60)
    4284                      .dwattr $C$DW$465, DW_AT_name("PCLKCR0")
    4285                      .dwattr $C$DW$465, DW_AT_TI_symbol_name("_PCLKCR0")
    4286                      .dwattr $C$DW$465, DW_AT_data_member_location[DW_OP_plus_uconst 0xc]
    4287                      .dwattr $C$DW$465, DW_AT_accessibility(DW_ACCESS_public)
    4288              $C$DW$466       .dwtag  DW_TAG_member
    4289                      .dwattr $C$DW$466, DW_AT_type(*$C$DW$T$62)
    4290                      .dwattr $C$DW$466, DW_AT_name("PCLKCR1")
    4291                      .dwattr $C$DW$466, DW_AT_TI_symbol_name("_PCLKCR1")
    4292                      .dwattr $C$DW$466, DW_AT_data_member_location[DW_OP_plus_uconst 0xd]
    4293                      .dwattr $C$DW$466, DW_AT_accessibility(DW_ACCESS_public)
    4294              $C$DW$467       .dwtag  DW_TAG_member
    4295                      .dwattr $C$DW$467, DW_AT_type(*$C$DW$T$58)
    4296                      .dwattr $C$DW$467, DW_AT_name("LPMCR0")
    4297                      .dwattr $C$DW$467, DW_AT_TI_symbol_name("_LPMCR0")
    4298                      .dwattr $C$DW$467, DW_AT_data_member_location[DW_OP_plus_uconst 0xe]
    4299                      .dwattr $C$DW$467, DW_AT_accessibility(DW_ACCESS_public)
    4300              $C$DW$468       .dwtag  DW_TAG_member
    4301                      .dwattr $C$DW$468, DW_AT_type(*$C$DW$T$19)
    4302                      .dwattr $C$DW$468, DW_AT_name("rsvd4")
    4303                      .dwattr $C$DW$468, DW_AT_TI_symbol_name("_rsvd4")
    4304                      .dwattr $C$DW$468, DW_AT_data_member_location[DW_OP_plus_uconst 0xf]
    4305                      .dwattr $C$DW$468, DW_AT_accessibility(DW_ACCESS_public)
    4306              $C$DW$469       .dwtag  DW_TAG_member
    4307                      .dwattr $C$DW$469, DW_AT_type(*$C$DW$T$64)
    4308                      .dwattr $C$DW$469, DW_AT_name("PCLKCR3")
    4309                      .dwattr $C$DW$469, DW_AT_TI_symbol_name("_PCLKCR3")
    4310                      .dwattr $C$DW$469, DW_AT_data_member_location[DW_OP_plus_uconst 0x10]
    4311                      .dwattr $C$DW$469, DW_AT_accessibility(DW_ACCESS_public)
    4312              $C$DW$470       .dwtag  DW_TAG_member
    4313                      .dwattr $C$DW$470, DW_AT_type(*$C$DW$T$66)
    4314                      .dwattr $C$DW$470, DW_AT_name("PLLCR")
    4315                      .dwattr $C$DW$470, DW_AT_TI_symbol_name("_PLLCR")
    4316                      .dwattr $C$DW$470, DW_AT_data_member_location[DW_OP_plus_uconst 0x11]
    4317                      .dwattr $C$DW$470, DW_AT_accessibility(DW_ACCESS_public)
    4318              $C$DW$471       .dwtag  DW_TAG_member
    4319                      .dwattr $C$DW$471, DW_AT_type(*$C$DW$T$19)
    4320                      .dwattr $C$DW$471, DW_AT_name("SCSR")
    4321                      .dwattr $C$DW$471, DW_AT_TI_symbol_name("_SCSR")
    4322                      .dwattr $C$DW$471, DW_AT_data_member_location[DW_OP_plus_uconst 0x12]
    4323                      .dwattr $C$DW$471, DW_AT_accessibility(DW_ACCESS_public)
    4324              $C$DW$472       .dwtag  DW_TAG_member
    4325                      .dwattr $C$DW$472, DW_AT_type(*$C$DW$T$19)
    4326                      .dwattr $C$DW$472, DW_AT_name("WDCNTR")
    4327                      .dwattr $C$DW$472, DW_AT_TI_symbol_name("_WDCNTR")
    4328                      .dwattr $C$DW$472, DW_AT_data_member_location[DW_OP_plus_uconst 0x13]
    4329                      .dwattr $C$DW$472, DW_AT_accessibility(DW_ACCESS_public)
TMS320C2000 Assembler PC v6.1.0 Fri Feb 14 09:23:40 2020

Tools Copyright (c) 1996-2012 Texas Instruments Incorporated
F:/Work/Code Area/Combis/Bootloader/Example_Flash2806x_API21_Combi/Example_Flash2806x_API21_Combi/Example_Flash2806x_API/Debug/Driver.asm PAGE   81

    4330              $C$DW$473       .dwtag  DW_TAG_member
    4331                      .dwattr $C$DW$473, DW_AT_type(*$C$DW$T$19)
    4332                      .dwattr $C$DW$473, DW_AT_name("rsvd5")
    4333                      .dwattr $C$DW$473, DW_AT_TI_symbol_name("_rsvd5")
    4334                      .dwattr $C$DW$473, DW_AT_data_member_location[DW_OP_plus_uconst 0x14]
    4335                      .dwattr $C$DW$473, DW_AT_accessibility(DW_ACCESS_public)
    4336              $C$DW$474       .dwtag  DW_TAG_member
    4337                      .dwattr $C$DW$474, DW_AT_type(*$C$DW$T$19)
    4338                      .dwattr $C$DW$474, DW_AT_name("WDKEY")
    4339                      .dwattr $C$DW$474, DW_AT_TI_symbol_name("_WDKEY")
    4340                      .dwattr $C$DW$474, DW_AT_data_member_location[DW_OP_plus_uconst 0x15]
    4341                      .dwattr $C$DW$474, DW_AT_accessibility(DW_ACCESS_public)
    4342              $C$DW$475       .dwtag  DW_TAG_member
    4343                      .dwattr $C$DW$475, DW_AT_type(*$C$DW$T$88)
    4344                      .dwattr $C$DW$475, DW_AT_name("rsvd6")
    4345                      .dwattr $C$DW$475, DW_AT_TI_symbol_name("_rsvd6")
    4346                      .dwattr $C$DW$475, DW_AT_data_member_location[DW_OP_plus_uconst 0x16]
    4347                      .dwattr $C$DW$475, DW_AT_accessibility(DW_ACCESS_public)
    4348              $C$DW$476       .dwtag  DW_TAG_member
    4349                      .dwattr $C$DW$476, DW_AT_type(*$C$DW$T$19)
    4350                      .dwattr $C$DW$476, DW_AT_name("WDCR")
    4351                      .dwattr $C$DW$476, DW_AT_TI_symbol_name("_WDCR")
    4352                      .dwattr $C$DW$476, DW_AT_data_member_location[DW_OP_plus_uconst 0x19]
    4353                      .dwattr $C$DW$476, DW_AT_accessibility(DW_ACCESS_public)
    4354              $C$DW$477       .dwtag  DW_TAG_member
    4355                      .dwattr $C$DW$477, DW_AT_type(*$C$DW$T$89)
    4356                      .dwattr $C$DW$477, DW_AT_name("rsvd7")
    4357                      .dwattr $C$DW$477, DW_AT_TI_symbol_name("_rsvd7")
    4358                      .dwattr $C$DW$477, DW_AT_data_member_location[DW_OP_plus_uconst 0x1a]
    4359                      .dwattr $C$DW$477, DW_AT_accessibility(DW_ACCESS_public)
    4360              $C$DW$478       .dwtag  DW_TAG_member
    4361                      .dwattr $C$DW$478, DW_AT_type(*$C$DW$T$28)
    4362                      .dwattr $C$DW$478, DW_AT_name("EPWMCFG")
    4363                      .dwattr $C$DW$478, DW_AT_TI_symbol_name("_EPWMCFG")
    4364                      .dwattr $C$DW$478, DW_AT_data_member_location[DW_OP_plus_uconst 0x2a]
    4365                      .dwattr $C$DW$478, DW_AT_accessibility(DW_ACCESS_public)
    4366              $C$DW$479       .dwtag  DW_TAG_member
    4367                      .dwattr $C$DW$479, DW_AT_type(*$C$DW$T$90)
    4368                      .dwattr $C$DW$479, DW_AT_name("rsvd12")
    4369                      .dwattr $C$DW$479, DW_AT_TI_symbol_name("_rsvd12")
    4370                      .dwattr $C$DW$479, DW_AT_data_member_location[DW_OP_plus_uconst 0x2b]
    4371                      .dwattr $C$DW$479, DW_AT_accessibility(DW_ACCESS_public)
    4372                      .dwendtag $C$DW$T$91
    4373              
    4374              $C$DW$480       .dwtag  DW_TAG_TI_far_type
    4375                      .dwattr $C$DW$480, DW_AT_type(*$C$DW$T$91)
    4376              $C$DW$T$112     .dwtag  DW_TAG_volatile_type
    4377                      .dwattr $C$DW$T$112, DW_AT_type(*$C$DW$480)
    4378              
    4379              $C$DW$T$92      .dwtag  DW_TAG_structure_type
    4380                      .dwattr $C$DW$T$92, DW_AT_name("XCLK_BITS")
    4381                      .dwattr $C$DW$T$92, DW_AT_byte_size(0x01)
    4382              $C$DW$481       .dwtag  DW_TAG_member
    4383                      .dwattr $C$DW$481, DW_AT_type(*$C$DW$T$19)
    4384                      .dwattr $C$DW$481, DW_AT_name("XCLKOUTDIV")
TMS320C2000 Assembler PC v6.1.0 Fri Feb 14 09:23:40 2020

Tools Copyright (c) 1996-2012 Texas Instruments Incorporated
F:/Work/Code Area/Combis/Bootloader/Example_Flash2806x_API21_Combi/Example_Flash2806x_API21_Combi/Example_Flash2806x_API/Debug/Driver.asm PAGE   82

    4385                      .dwattr $C$DW$481, DW_AT_TI_symbol_name("_XCLKOUTDIV")
    4386                      .dwattr $C$DW$481, DW_AT_bit_offset(0x0e), DW_AT_bit_size(0x02)
    4387                      .dwattr $C$DW$481, DW_AT_data_member_location[DW_OP_plus_uconst 0x0]
    4388                      .dwattr $C$DW$481, DW_AT_accessibility(DW_ACCESS_public)
    4389              $C$DW$482       .dwtag  DW_TAG_member
    4390                      .dwattr $C$DW$482, DW_AT_type(*$C$DW$T$19)
    4391                      .dwattr $C$DW$482, DW_AT_name("rsvd1")
    4392                      .dwattr $C$DW$482, DW_AT_TI_symbol_name("_rsvd1")
    4393                      .dwattr $C$DW$482, DW_AT_bit_offset(0x0a), DW_AT_bit_size(0x04)
    4394                      .dwattr $C$DW$482, DW_AT_data_member_location[DW_OP_plus_uconst 0x0]
    4395                      .dwattr $C$DW$482, DW_AT_accessibility(DW_ACCESS_public)
    4396              $C$DW$483       .dwtag  DW_TAG_member
    4397                      .dwattr $C$DW$483, DW_AT_type(*$C$DW$T$19)
    4398                      .dwattr $C$DW$483, DW_AT_name("XCLKINSEL")
    4399                      .dwattr $C$DW$483, DW_AT_TI_symbol_name("_XCLKINSEL")
    4400                      .dwattr $C$DW$483, DW_AT_bit_offset(0x09), DW_AT_bit_size(0x01)
    4401                      .dwattr $C$DW$483, DW_AT_data_member_location[DW_OP_plus_uconst 0x0]
    4402                      .dwattr $C$DW$483, DW_AT_accessibility(DW_ACCESS_public)
    4403              $C$DW$484       .dwtag  DW_TAG_member
    4404                      .dwattr $C$DW$484, DW_AT_type(*$C$DW$T$19)
    4405                      .dwattr $C$DW$484, DW_AT_name("rsvd2")
    4406                      .dwattr $C$DW$484, DW_AT_TI_symbol_name("_rsvd2")
    4407                      .dwattr $C$DW$484, DW_AT_bit_offset(0x00), DW_AT_bit_size(0x09)
    4408                      .dwattr $C$DW$484, DW_AT_data_member_location[DW_OP_plus_uconst 0x0]
    4409                      .dwattr $C$DW$484, DW_AT_accessibility(DW_ACCESS_public)
    4410                      .dwendtag $C$DW$T$92
    4411              
    4412              
    4413              $C$DW$T$93      .dwtag  DW_TAG_union_type
    4414                      .dwattr $C$DW$T$93, DW_AT_name("XCLK_REG")
    4415                      .dwattr $C$DW$T$93, DW_AT_byte_size(0x01)
    4416              $C$DW$485       .dwtag  DW_TAG_member
    4417                      .dwattr $C$DW$485, DW_AT_type(*$C$DW$T$19)
    4418                      .dwattr $C$DW$485, DW_AT_name("all")
    4419                      .dwattr $C$DW$485, DW_AT_TI_symbol_name("_all")
    4420                      .dwattr $C$DW$485, DW_AT_data_member_location[DW_OP_plus_uconst 0x0]
    4421                      .dwattr $C$DW$485, DW_AT_accessibility(DW_ACCESS_public)
    4422              $C$DW$486       .dwtag  DW_TAG_member
    4423                      .dwattr $C$DW$486, DW_AT_type(*$C$DW$T$92)
    4424                      .dwattr $C$DW$486, DW_AT_name("bit")
    4425                      .dwattr $C$DW$486, DW_AT_TI_symbol_name("_bit")
    4426                      .dwattr $C$DW$486, DW_AT_data_member_location[DW_OP_plus_uconst 0x0]
    4427                      .dwattr $C$DW$486, DW_AT_accessibility(DW_ACCESS_public)
    4428                      .dwendtag $C$DW$T$93
    4429              
    4430              $C$DW$T$4       .dwtag  DW_TAG_base_type
    4431                      .dwattr $C$DW$T$4, DW_AT_encoding(DW_ATE_boolean)
    4432                      .dwattr $C$DW$T$4, DW_AT_name("bool")
    4433                      .dwattr $C$DW$T$4, DW_AT_byte_size(0x01)
    4434              $C$DW$T$5       .dwtag  DW_TAG_base_type
    4435                      .dwattr $C$DW$T$5, DW_AT_encoding(DW_ATE_signed_char)
    4436                      .dwattr $C$DW$T$5, DW_AT_name("signed char")
    4437                      .dwattr $C$DW$T$5, DW_AT_byte_size(0x01)
    4438              $C$DW$T$6       .dwtag  DW_TAG_base_type
    4439                      .dwattr $C$DW$T$6, DW_AT_encoding(DW_ATE_unsigned_char)
TMS320C2000 Assembler PC v6.1.0 Fri Feb 14 09:23:40 2020

Tools Copyright (c) 1996-2012 Texas Instruments Incorporated
F:/Work/Code Area/Combis/Bootloader/Example_Flash2806x_API21_Combi/Example_Flash2806x_API21_Combi/Example_Flash2806x_API/Debug/Driver.asm PAGE   83

    4440                      .dwattr $C$DW$T$6, DW_AT_name("unsigned char")
    4441                      .dwattr $C$DW$T$6, DW_AT_byte_size(0x01)
    4442              $C$DW$T$119     .dwtag  DW_TAG_pointer_type
    4443                      .dwattr $C$DW$T$119, DW_AT_type(*$C$DW$T$6)
    4444                      .dwattr $C$DW$T$119, DW_AT_address_class(0x16)
    4445              $C$DW$T$7       .dwtag  DW_TAG_base_type
    4446                      .dwattr $C$DW$T$7, DW_AT_encoding(DW_ATE_signed_char)
    4447                      .dwattr $C$DW$T$7, DW_AT_name("wchar_t")
    4448                      .dwattr $C$DW$T$7, DW_AT_byte_size(0x01)
    4449              $C$DW$T$8       .dwtag  DW_TAG_base_type
    4450                      .dwattr $C$DW$T$8, DW_AT_encoding(DW_ATE_signed)
    4451                      .dwattr $C$DW$T$8, DW_AT_name("short")
    4452                      .dwattr $C$DW$T$8, DW_AT_byte_size(0x01)
    4453              $C$DW$T$9       .dwtag  DW_TAG_base_type
    4454                      .dwattr $C$DW$T$9, DW_AT_encoding(DW_ATE_unsigned)
    4455                      .dwattr $C$DW$T$9, DW_AT_name("unsigned short")
    4456                      .dwattr $C$DW$T$9, DW_AT_byte_size(0x01)
    4457              $C$DW$T$10      .dwtag  DW_TAG_base_type
    4458                      .dwattr $C$DW$T$10, DW_AT_encoding(DW_ATE_signed)
    4459                      .dwattr $C$DW$T$10, DW_AT_name("int")
    4460                      .dwattr $C$DW$T$10, DW_AT_byte_size(0x01)
    4461              $C$DW$T$120     .dwtag  DW_TAG_typedef, DW_AT_name("int16")
    4462                      .dwattr $C$DW$T$120, DW_AT_type(*$C$DW$T$10)
    4463                      .dwattr $C$DW$T$120, DW_AT_language(DW_LANG_C)
    4464              $C$DW$T$11      .dwtag  DW_TAG_base_type
    4465                      .dwattr $C$DW$T$11, DW_AT_encoding(DW_ATE_unsigned)
    4466                      .dwattr $C$DW$T$11, DW_AT_name("unsigned int")
    4467                      .dwattr $C$DW$T$11, DW_AT_byte_size(0x01)
    4468              $C$DW$T$19      .dwtag  DW_TAG_typedef, DW_AT_name("Uint16")
    4469                      .dwattr $C$DW$T$19, DW_AT_type(*$C$DW$T$11)
    4470                      .dwattr $C$DW$T$19, DW_AT_language(DW_LANG_C)
    4471              
    4472              $C$DW$T$45      .dwtag  DW_TAG_array_type
    4473                      .dwattr $C$DW$T$45, DW_AT_type(*$C$DW$T$19)
    4474                      .dwattr $C$DW$T$45, DW_AT_language(DW_LANG_C)
    4475                      .dwattr $C$DW$T$45, DW_AT_byte_size(0x02)
    4476              $C$DW$487       .dwtag  DW_TAG_subrange_type
    4477                      .dwattr $C$DW$487, DW_AT_upper_bound(0x01)
    4478                      .dwendtag $C$DW$T$45
    4479              
    4480              
    4481              $C$DW$T$46      .dwtag  DW_TAG_array_type
    4482                      .dwattr $C$DW$T$46, DW_AT_type(*$C$DW$T$19)
    4483                      .dwattr $C$DW$T$46, DW_AT_language(DW_LANG_C)
    4484                      .dwattr $C$DW$T$46, DW_AT_byte_size(0x18)
    4485              $C$DW$488       .dwtag  DW_TAG_subrange_type
    4486                      .dwattr $C$DW$488, DW_AT_upper_bound(0x17)
    4487                      .dwendtag $C$DW$T$46
    4488              
    4489              
    4490              $C$DW$T$47      .dwtag  DW_TAG_array_type
    4491                      .dwattr $C$DW$T$47, DW_AT_type(*$C$DW$T$19)
    4492                      .dwattr $C$DW$T$47, DW_AT_language(DW_LANG_C)
    4493                      .dwattr $C$DW$T$47, DW_AT_byte_size(0x04)
    4494              $C$DW$489       .dwtag  DW_TAG_subrange_type
TMS320C2000 Assembler PC v6.1.0 Fri Feb 14 09:23:40 2020

Tools Copyright (c) 1996-2012 Texas Instruments Incorporated
F:/Work/Code Area/Combis/Bootloader/Example_Flash2806x_API21_Combi/Example_Flash2806x_API21_Combi/Example_Flash2806x_API/Debug/Driver.asm PAGE   84

    4495                      .dwattr $C$DW$489, DW_AT_upper_bound(0x03)
    4496                      .dwendtag $C$DW$T$47
    4497              
    4498              
    4499              $C$DW$T$49      .dwtag  DW_TAG_array_type
    4500                      .dwattr $C$DW$T$49, DW_AT_type(*$C$DW$T$19)
    4501                      .dwattr $C$DW$T$49, DW_AT_language(DW_LANG_C)
    4502                      .dwattr $C$DW$T$49, DW_AT_byte_size(0x08)
    4503              $C$DW$490       .dwtag  DW_TAG_subrange_type
    4504                      .dwattr $C$DW$490, DW_AT_upper_bound(0x07)
    4505                      .dwendtag $C$DW$T$49
    4506              
    4507              
    4508              $C$DW$T$88      .dwtag  DW_TAG_array_type
    4509                      .dwattr $C$DW$T$88, DW_AT_type(*$C$DW$T$19)
    4510                      .dwattr $C$DW$T$88, DW_AT_language(DW_LANG_C)
    4511                      .dwattr $C$DW$T$88, DW_AT_byte_size(0x03)
    4512              $C$DW$491       .dwtag  DW_TAG_subrange_type
    4513                      .dwattr $C$DW$491, DW_AT_upper_bound(0x02)
    4514                      .dwendtag $C$DW$T$88
    4515              
    4516              
    4517              $C$DW$T$89      .dwtag  DW_TAG_array_type
    4518                      .dwattr $C$DW$T$89, DW_AT_type(*$C$DW$T$19)
    4519                      .dwattr $C$DW$T$89, DW_AT_language(DW_LANG_C)
    4520                      .dwattr $C$DW$T$89, DW_AT_byte_size(0x10)
    4521              $C$DW$492       .dwtag  DW_TAG_subrange_type
    4522                      .dwattr $C$DW$492, DW_AT_upper_bound(0x0f)
    4523                      .dwendtag $C$DW$T$89
    4524              
    4525              
    4526              $C$DW$T$90      .dwtag  DW_TAG_array_type
    4527                      .dwattr $C$DW$T$90, DW_AT_type(*$C$DW$T$19)
    4528                      .dwattr $C$DW$T$90, DW_AT_language(DW_LANG_C)
    4529                      .dwattr $C$DW$T$90, DW_AT_byte_size(0x05)
    4530              $C$DW$493       .dwtag  DW_TAG_subrange_type
    4531                      .dwattr $C$DW$493, DW_AT_upper_bound(0x04)
    4532                      .dwendtag $C$DW$T$90
    4533              
    4534              $C$DW$T$12      .dwtag  DW_TAG_base_type
    4535                      .dwattr $C$DW$T$12, DW_AT_encoding(DW_ATE_signed)
    4536                      .dwattr $C$DW$T$12, DW_AT_name("long")
    4537                      .dwattr $C$DW$T$12, DW_AT_byte_size(0x02)
    4538              $C$DW$T$13      .dwtag  DW_TAG_base_type
    4539                      .dwattr $C$DW$T$13, DW_AT_encoding(DW_ATE_unsigned)
    4540                      .dwattr $C$DW$T$13, DW_AT_name("unsigned long")
    4541                      .dwattr $C$DW$T$13, DW_AT_byte_size(0x02)
    4542              $C$DW$T$21      .dwtag  DW_TAG_typedef, DW_AT_name("Uint32")
    4543                      .dwattr $C$DW$T$21, DW_AT_type(*$C$DW$T$13)
    4544                      .dwattr $C$DW$T$21, DW_AT_language(DW_LANG_C)
    4545              $C$DW$T$14      .dwtag  DW_TAG_base_type
    4546                      .dwattr $C$DW$T$14, DW_AT_encoding(DW_ATE_signed)
    4547                      .dwattr $C$DW$T$14, DW_AT_name("long long")
    4548                      .dwattr $C$DW$T$14, DW_AT_byte_size(0x04)
    4549              $C$DW$T$15      .dwtag  DW_TAG_base_type
TMS320C2000 Assembler PC v6.1.0 Fri Feb 14 09:23:40 2020

Tools Copyright (c) 1996-2012 Texas Instruments Incorporated
F:/Work/Code Area/Combis/Bootloader/Example_Flash2806x_API21_Combi/Example_Flash2806x_API21_Combi/Example_Flash2806x_API/Debug/Driver.asm PAGE   85

    4550                      .dwattr $C$DW$T$15, DW_AT_encoding(DW_ATE_unsigned)
    4551                      .dwattr $C$DW$T$15, DW_AT_name("unsigned long long")
    4552                      .dwattr $C$DW$T$15, DW_AT_byte_size(0x04)
    4553              $C$DW$T$16      .dwtag  DW_TAG_base_type
    4554                      .dwattr $C$DW$T$16, DW_AT_encoding(DW_ATE_float)
    4555                      .dwattr $C$DW$T$16, DW_AT_name("float")
    4556                      .dwattr $C$DW$T$16, DW_AT_byte_size(0x02)
    4557              $C$DW$T$17      .dwtag  DW_TAG_base_type
    4558                      .dwattr $C$DW$T$17, DW_AT_encoding(DW_ATE_float)
    4559                      .dwattr $C$DW$T$17, DW_AT_name("double")
    4560                      .dwattr $C$DW$T$17, DW_AT_byte_size(0x02)
    4561              $C$DW$T$18      .dwtag  DW_TAG_base_type
    4562                      .dwattr $C$DW$T$18, DW_AT_encoding(DW_ATE_float)
    4563                      .dwattr $C$DW$T$18, DW_AT_name("long double")
    4564                      .dwattr $C$DW$T$18, DW_AT_byte_size(0x04)
    4565                      .dwattr $C$DW$CU, DW_AT_language(DW_LANG_C)
    4566              
    4567              ;***************************************************************
    4568              ;* DWARF CIE ENTRIES                                           *
    4569              ;***************************************************************
    4570              
    4571              $C$DW$CIE       .dwcie 78
    4572                      .dwcfi  cfa_register, 20
    4573                      .dwcfi  cfa_offset, 0
    4574                      .dwcfi  undefined, 0
    4575                      .dwcfi  undefined, 1
    4576                      .dwcfi  undefined, 2
    4577                      .dwcfi  undefined, 3
    4578                      .dwcfi  undefined, 22
    4579                      .dwcfi  undefined, 37
    4580                      .dwcfi  undefined, 36
    4581                      .dwcfi  undefined, 23
    4582                      .dwcfi  undefined, 30
    4583                      .dwcfi  undefined, 31
    4584                      .dwcfi  undefined, 32
    4585                      .dwcfi  undefined, 38
    4586                      .dwcfi  undefined, 75
    4587                      .dwcfi  undefined, 24
    4588                      .dwcfi  undefined, 33
    4589                      .dwcfi  undefined, 35
    4590                      .dwcfi  undefined, 34
    4591                      .dwcfi  undefined, 76
    4592                      .dwcfi  undefined, 21
    4593                      .dwcfi  undefined, 20
    4594                      .dwcfi  same_value, 28
    4595                      .dwcfi  undefined, 29
    4596                      .dwcfi  undefined, 25
    4597                      .dwcfi  undefined, 77
    4598                      .dwcfi  undefined, 4
    4599                      .dwcfi  same_value, 6
    4600                      .dwcfi  same_value, 8
    4601                      .dwcfi  same_value, 10
    4602                      .dwcfi  undefined, 12
    4603                      .dwcfi  undefined, 14
    4604                      .dwcfi  undefined, 16
TMS320C2000 Assembler PC v6.1.0 Fri Feb 14 09:23:40 2020

Tools Copyright (c) 1996-2012 Texas Instruments Incorporated
F:/Work/Code Area/Combis/Bootloader/Example_Flash2806x_API21_Combi/Example_Flash2806x_API21_Combi/Example_Flash2806x_API/Debug/Driver.asm PAGE   86

    4605                      .dwcfi  undefined, 17
    4606                      .dwcfi  undefined, 18
    4607                      .dwcfi  undefined, 19
    4608                      .dwcfi  undefined, 5
    4609                      .dwcfi  same_value, 7
    4610                      .dwcfi  same_value, 9
    4611                      .dwcfi  same_value, 11
    4612                      .dwcfi  undefined, 13
    4613                      .dwcfi  undefined, 15
    4614                      .dwcfi  undefined, 78
    4615                      .dwendentry
    4616              
    4617              ;***************************************************************
    4618              ;* DWARF REGISTER MAP                                          *
    4619              ;***************************************************************
    4620              
    4621              $C$DW$494       .dwtag  DW_TAG_TI_assign_register, DW_AT_name("AL")
    4622                      .dwattr $C$DW$494, DW_AT_location[DW_OP_reg0]
    4623              $C$DW$495       .dwtag  DW_TAG_TI_assign_register, DW_AT_name("AH")
    4624                      .dwattr $C$DW$495, DW_AT_location[DW_OP_reg1]
    4625              $C$DW$496       .dwtag  DW_TAG_TI_assign_register, DW_AT_name("PL")
    4626                      .dwattr $C$DW$496, DW_AT_location[DW_OP_reg2]
    4627              $C$DW$497       .dwtag  DW_TAG_TI_assign_register, DW_AT_name("PH")
    4628                      .dwattr $C$DW$497, DW_AT_location[DW_OP_reg3]
    4629              $C$DW$498       .dwtag  DW_TAG_TI_assign_register, DW_AT_name("T")
    4630                      .dwattr $C$DW$498, DW_AT_location[DW_OP_reg22]
    4631              $C$DW$499       .dwtag  DW_TAG_TI_assign_register, DW_AT_name("IER")
    4632                      .dwattr $C$DW$499, DW_AT_location[DW_OP_regx 0x25]
    4633              $C$DW$500       .dwtag  DW_TAG_TI_assign_register, DW_AT_name("IFR")
    4634                      .dwattr $C$DW$500, DW_AT_location[DW_OP_regx 0x24]
    4635              $C$DW$501       .dwtag  DW_TAG_TI_assign_register, DW_AT_name("ST0")
    4636                      .dwattr $C$DW$501, DW_AT_location[DW_OP_reg23]
    4637              $C$DW$502       .dwtag  DW_TAG_TI_assign_register, DW_AT_name("SXM")
    4638                      .dwattr $C$DW$502, DW_AT_location[DW_OP_reg30]
    4639              $C$DW$503       .dwtag  DW_TAG_TI_assign_register, DW_AT_name("PM")
    4640                      .dwattr $C$DW$503, DW_AT_location[DW_OP_reg31]
    4641              $C$DW$504       .dwtag  DW_TAG_TI_assign_register, DW_AT_name("OVM")
    4642                      .dwattr $C$DW$504, DW_AT_location[DW_OP_regx 0x20]
    4643              $C$DW$505       .dwtag  DW_TAG_TI_assign_register, DW_AT_name("V")
    4644                      .dwattr $C$DW$505, DW_AT_location[DW_OP_regx 0x26]
    4645              $C$DW$506       .dwtag  DW_TAG_TI_assign_register, DW_AT_name("ST1")
    4646                      .dwattr $C$DW$506, DW_AT_location[DW_OP_reg24]
    4647              $C$DW$507       .dwtag  DW_TAG_TI_assign_register, DW_AT_name("PAGE0")
    4648                      .dwattr $C$DW$507, DW_AT_location[DW_OP_regx 0x21]
    4649              $C$DW$508       .dwtag  DW_TAG_TI_assign_register, DW_AT_name("INTM")
    4650                      .dwattr $C$DW$508, DW_AT_location[DW_OP_regx 0x23]
    4651              $C$DW$509       .dwtag  DW_TAG_TI_assign_register, DW_AT_name("AMODE")
    4652                      .dwattr $C$DW$509, DW_AT_location[DW_OP_regx 0x22]
    4653              $C$DW$510       .dwtag  DW_TAG_TI_assign_register, DW_AT_name("PSEUDOH")
    4654                      .dwattr $C$DW$510, DW_AT_location[DW_OP_regx 0x4c]
    4655              $C$DW$511       .dwtag  DW_TAG_TI_assign_register, DW_AT_name("XT")
    4656                      .dwattr $C$DW$511, DW_AT_location[DW_OP_reg21]
    4657              $C$DW$512       .dwtag  DW_TAG_TI_assign_register, DW_AT_name("SP")
    4658                      .dwattr $C$DW$512, DW_AT_location[DW_OP_reg20]
    4659              $C$DW$513       .dwtag  DW_TAG_TI_assign_register, DW_AT_name("FP")
TMS320C2000 Assembler PC v6.1.0 Fri Feb 14 09:23:40 2020

Tools Copyright (c) 1996-2012 Texas Instruments Incorporated
F:/Work/Code Area/Combis/Bootloader/Example_Flash2806x_API21_Combi/Example_Flash2806x_API21_Combi/Example_Flash2806x_API/Debug/Driver.asm PAGE   87

    4660                      .dwattr $C$DW$513, DW_AT_location[DW_OP_reg28]
    4661              $C$DW$514       .dwtag  DW_TAG_TI_assign_register, DW_AT_name("DP")
    4662                      .dwattr $C$DW$514, DW_AT_location[DW_OP_reg29]
    4663              $C$DW$515       .dwtag  DW_TAG_TI_assign_register, DW_AT_name("PC")
    4664                      .dwattr $C$DW$515, DW_AT_location[DW_OP_reg25]
    4665              $C$DW$516       .dwtag  DW_TAG_TI_assign_register, DW_AT_name("VOL")
    4666                      .dwattr $C$DW$516, DW_AT_location[DW_OP_regx 0x4d]
    4667              $C$DW$517       .dwtag  DW_TAG_TI_assign_register, DW_AT_name("AR0")
    4668                      .dwattr $C$DW$517, DW_AT_location[DW_OP_reg4]
    4669              $C$DW$518       .dwtag  DW_TAG_TI_assign_register, DW_AT_name("AR1")
    4670                      .dwattr $C$DW$518, DW_AT_location[DW_OP_reg6]
    4671              $C$DW$519       .dwtag  DW_TAG_TI_assign_register, DW_AT_name("AR2")
    4672                      .dwattr $C$DW$519, DW_AT_location[DW_OP_reg8]
    4673              $C$DW$520       .dwtag  DW_TAG_TI_assign_register, DW_AT_name("AR3")
    4674                      .dwattr $C$DW$520, DW_AT_location[DW_OP_reg10]
    4675              $C$DW$521       .dwtag  DW_TAG_TI_assign_register, DW_AT_name("AR4")
    4676                      .dwattr $C$DW$521, DW_AT_location[DW_OP_reg12]
    4677              $C$DW$522       .dwtag  DW_TAG_TI_assign_register, DW_AT_name("AR5")
    4678                      .dwattr $C$DW$522, DW_AT_location[DW_OP_reg14]
    4679              $C$DW$523       .dwtag  DW_TAG_TI_assign_register, DW_AT_name("AR6")
    4680                      .dwattr $C$DW$523, DW_AT_location[DW_OP_reg16]
    4681              $C$DW$524       .dwtag  DW_TAG_TI_assign_register, DW_AT_name("XAR6")
    4682                      .dwattr $C$DW$524, DW_AT_location[DW_OP_reg17]
    4683              $C$DW$525       .dwtag  DW_TAG_TI_assign_register, DW_AT_name("AR7")
    4684                      .dwattr $C$DW$525, DW_AT_location[DW_OP_reg18]
    4685              $C$DW$526       .dwtag  DW_TAG_TI_assign_register, DW_AT_name("XAR7")
    4686                      .dwattr $C$DW$526, DW_AT_location[DW_OP_reg19]
    4687              $C$DW$527       .dwtag  DW_TAG_TI_assign_register, DW_AT_name("XAR0")
    4688                      .dwattr $C$DW$527, DW_AT_location[DW_OP_reg5]
    4689              $C$DW$528       .dwtag  DW_TAG_TI_assign_register, DW_AT_name("XAR1")
    4690                      .dwattr $C$DW$528, DW_AT_location[DW_OP_reg7]
    4691              $C$DW$529       .dwtag  DW_TAG_TI_assign_register, DW_AT_name("XAR2")
    4692                      .dwattr $C$DW$529, DW_AT_location[DW_OP_reg9]
    4693              $C$DW$530       .dwtag  DW_TAG_TI_assign_register, DW_AT_name("XAR3")
    4694                      .dwattr $C$DW$530, DW_AT_location[DW_OP_reg11]
    4695              $C$DW$531       .dwtag  DW_TAG_TI_assign_register, DW_AT_name("XAR4")
    4696                      .dwattr $C$DW$531, DW_AT_location[DW_OP_reg13]
    4697              $C$DW$532       .dwtag  DW_TAG_TI_assign_register, DW_AT_name("XAR5")
    4698                      .dwattr $C$DW$532, DW_AT_location[DW_OP_reg15]
    4699              $C$DW$533       .dwtag  DW_TAG_TI_assign_register, DW_AT_name("CIE_RETA")
    4700                      .dwattr $C$DW$533, DW_AT_location[DW_OP_regx 0x4e]
    4701                      .dwendtag $C$DW$CU
    4702              

No Assembly Errors, No Assembly Warnings
