TMS320C2000 Assembler PC v6.1.0 Fri Feb 14 09:23:40 2020

Tools Copyright (c) 1996-2012 Texas Instruments Incorporated
F:/Work/Code Area/Combis/Bootloader/Example_Flash2806x_API21_Combi/Example_Flash2806x_API21_Combi/Example_Flash2806x_API/Debug/Example_Flash2806x_API.asm PAGE    1

       1              ;***************************************************************
       2              ;* TMS320C2000 C/C++ Codegen                         PC v6.1.0 *
       3              ;* Date/Time created: Fri Feb 14 09:23:40 2020                 *
       4              ;***************************************************************
       5                      .compiler_opts --hll_source=on --mem_model:code=flat --mem_model:data=large --object_format=coff --si
       6        0002  FP      .set    XAR2
       7              
       8              $C$DW$CU        .dwtag  DW_TAG_compile_unit
       9                      .dwattr $C$DW$CU, DW_AT_name("../Example_Flash2806x_API.c")
      10                      .dwattr $C$DW$CU, DW_AT_producer("TMS320C2000 C/C++ Codegen PC v6.1.0 Copyright (c) 1996-2012 Texas I
      11                      .dwattr $C$DW$CU, DW_AT_TI_version(0x01)
      12                      .dwattr $C$DW$CU, DW_AT_comp_dir("F:\Work\Code Area\Combis\Bootloader\Example_Flash2806x_API21_Combi\
      13              ;**************************************************************
      14              ;* CINIT RECORDS                                              *
      15              ;**************************************************************
      16 00000000               .sect   ".cinit"
      17                      .align  1
      18 00000000 FFFE          .field          -2,16
      19 00000001 0006-         .field          _dwAbsoluteAddress+0,32
         00000002 0000 
      20 00000003 0000          .field  0,32                    ; _dwAbsoluteAddress @ 0
         00000004 0000 
      21              
      22 00000005               .sect   ".cinit"
      23                      .align  1
      24 00000005 FFFE          .field          -2,16
      25 00000006 0008-         .field          _dwBaseAddress+0,32
         00000007 0000 
      26 00000008 0000          .field  0,32                    ; _dwBaseAddress @ 0
         00000009 0000 
      27              
      28 0000000a               .sect   ".cinit"
      29                      .align  1
      30 0000000a FFFE          .field          -2,16
      31 0000000b 000A-         .field          _dwOffsetAddress+0,32
         0000000c 0000 
      32 0000000d 0000          .field  0,32                    ; _dwOffsetAddress @ 0
         0000000e 0000 
      33              
      34 0000000f               .sect   ".cinit"
      35                      .align  1
      36 0000000f FFE0          .field          -$C$IR_1,16
      37 00000010 0040-         .field          _Sector+0,32
         00000011 0000 
      38 00000012 8000          .field  4096000,32                      ; _Sector[0]._StartAddr @ 0
         00000013 003E 
      39 00000014 9FFF          .field  4104191,32                      ; _Sector[0]._EndAddr @ 32
         00000015 003E 
      40 00000016 A000          .field  4104192,32                      ; _Sector[1]._StartAddr @ 64
         00000017 003E 
      41 00000018 BFFF          .field  4112383,32                      ; _Sector[1]._EndAddr @ 96
         00000019 003E 
      42 0000001a C000          .field  4112384,32                      ; _Sector[2]._StartAddr @ 128
         0000001b 003E 
      43 0000001c DFFF          .field  4120575,32                      ; _Sector[2]._EndAddr @ 160
TMS320C2000 Assembler PC v6.1.0 Fri Feb 14 09:23:40 2020

Tools Copyright (c) 1996-2012 Texas Instruments Incorporated
F:/Work/Code Area/Combis/Bootloader/Example_Flash2806x_API21_Combi/Example_Flash2806x_API21_Combi/Example_Flash2806x_API/Debug/Example_Flash2806x_API.asm PAGE    2

         0000001d 003E 
      44 0000001e E000          .field  4120576,32                      ; _Sector[3]._StartAddr @ 192
         0000001f 003E 
      45 00000020 FFFF          .field  4128767,32                      ; _Sector[3]._EndAddr @ 224
         00000021 003E 
      46 00000022 0000          .field  4128768,32                      ; _Sector[4]._StartAddr @ 256
         00000023 003F 
      47 00000024 1FFF          .field  4136959,32                      ; _Sector[4]._EndAddr @ 288
         00000025 003F 
      48 00000026 2000          .field  4136960,32                      ; _Sector[5]._StartAddr @ 320
         00000027 003F 
      49 00000028 3FFF          .field  4145151,32                      ; _Sector[5]._EndAddr @ 352
         00000029 003F 
      50 0000002a 4000          .field  4145152,32                      ; _Sector[6]._StartAddr @ 384
         0000002b 003F 
      51 0000002c 5FFF          .field  4153343,32                      ; _Sector[6]._EndAddr @ 416
         0000002d 003F 
      52 0000002e 6000          .field  4153344,32                      ; _Sector[7]._StartAddr @ 448
         0000002f 003F 
      53 00000030 7FFF          .field  4161535,32                      ; _Sector[7]._EndAddr @ 480
         00000031 003F 
      54        0020  $C$IR_1:        .set    32
      55              
      56              
      57              $C$DW$1 .dwtag  DW_TAG_subprogram, DW_AT_name("sInitSCI2400")
      58                      .dwattr $C$DW$1, DW_AT_TI_symbol_name("_sInitSCI2400")
      59                      .dwattr $C$DW$1, DW_AT_declaration
      60                      .dwattr $C$DW$1, DW_AT_external
      61              
      62              $C$DW$2 .dwtag  DW_TAG_subprogram, DW_AT_name("sInitSCI9600")
      63                      .dwattr $C$DW$2, DW_AT_TI_symbol_name("_sInitSCI9600")
      64                      .dwattr $C$DW$2, DW_AT_declaration
      65                      .dwattr $C$DW$2, DW_AT_external
      66              
      67              $C$DW$3 .dwtag  DW_TAG_subprogram, DW_AT_name("Flash2806x_ToggleTest")
      68                      .dwattr $C$DW$3, DW_AT_TI_symbol_name("_Flash2806x_ToggleTest")
      69                      .dwattr $C$DW$3, DW_AT_declaration
      70                      .dwattr $C$DW$3, DW_AT_external
      71              $C$DW$4 .dwtag  DW_TAG_formal_parameter
      72                      .dwattr $C$DW$4, DW_AT_type(*$C$DW$T$138)
      73              $C$DW$5 .dwtag  DW_TAG_formal_parameter
      74                      .dwattr $C$DW$5, DW_AT_type(*$C$DW$T$19)
      75                      .dwendtag $C$DW$3
      76              
      77              
      78              $C$DW$6 .dwtag  DW_TAG_subprogram, DW_AT_name("InitGPIO")
      79                      .dwattr $C$DW$6, DW_AT_TI_symbol_name("_InitGPIO")
      80                      .dwattr $C$DW$6, DW_AT_declaration
      81                      .dwattr $C$DW$6, DW_AT_external
      82              
      83              $C$DW$7 .dwtag  DW_TAG_subprogram, DW_AT_name("sTxChar")
      84                      .dwattr $C$DW$7, DW_AT_TI_symbol_name("_sTxChar")
      85                      .dwattr $C$DW$7, DW_AT_declaration
      86                      .dwattr $C$DW$7, DW_AT_external
      87              $C$DW$8 .dwtag  DW_TAG_formal_parameter
TMS320C2000 Assembler PC v6.1.0 Fri Feb 14 09:23:40 2020

Tools Copyright (c) 1996-2012 Texas Instruments Incorporated
F:/Work/Code Area/Combis/Bootloader/Example_Flash2806x_API21_Combi/Example_Flash2806x_API21_Combi/Example_Flash2806x_API/Debug/Example_Flash2806x_API.asm PAGE    3

      88                      .dwattr $C$DW$8, DW_AT_type(*$C$DW$T$6)
      89                      .dwendtag $C$DW$7
      90              
      91              
      92              $C$DW$9 .dwtag  DW_TAG_subprogram, DW_AT_name("sDelay_us")
      93                      .dwattr $C$DW$9, DW_AT_TI_symbol_name("_sDelay_us")
      94                      .dwattr $C$DW$9, DW_AT_declaration
      95                      .dwattr $C$DW$9, DW_AT_external
      96              $C$DW$10        .dwtag  DW_TAG_formal_parameter
      97                      .dwattr $C$DW$10, DW_AT_type(*$C$DW$T$11)
      98                      .dwendtag $C$DW$9
      99              
     100              $C$DW$11        .dwtag  DW_TAG_variable, DW_AT_name("PRG_key4")
     101                      .dwattr $C$DW$11, DW_AT_TI_symbol_name("_PRG_key4")
     102                      .dwattr $C$DW$11, DW_AT_type(*$C$DW$T$20)
     103                      .dwattr $C$DW$11, DW_AT_declaration
     104                      .dwattr $C$DW$11, DW_AT_external
     105              $C$DW$12        .dwtag  DW_TAG_variable, DW_AT_name("PRG_key1")
     106                      .dwattr $C$DW$12, DW_AT_TI_symbol_name("_PRG_key1")
     107                      .dwattr $C$DW$12, DW_AT_type(*$C$DW$T$20)
     108                      .dwattr $C$DW$12, DW_AT_declaration
     109                      .dwattr $C$DW$12, DW_AT_external
     110              $C$DW$13        .dwtag  DW_TAG_variable, DW_AT_name("PRG_key2")
     111                      .dwattr $C$DW$13, DW_AT_TI_symbol_name("_PRG_key2")
     112                      .dwattr $C$DW$13, DW_AT_type(*$C$DW$T$20)
     113                      .dwattr $C$DW$13, DW_AT_declaration
     114                      .dwattr $C$DW$13, DW_AT_external
     115              $C$DW$14        .dwtag  DW_TAG_variable, DW_AT_name("RamfuncsLoadEnd")
     116                      .dwattr $C$DW$14, DW_AT_TI_symbol_name("_RamfuncsLoadEnd")
     117                      .dwattr $C$DW$14, DW_AT_type(*$C$DW$T$20)
     118                      .dwattr $C$DW$14, DW_AT_declaration
     119                      .dwattr $C$DW$14, DW_AT_external
     120              $C$DW$15        .dwtag  DW_TAG_variable, DW_AT_name("RamfuncsLoadStart")
     121                      .dwattr $C$DW$15, DW_AT_TI_symbol_name("_RamfuncsLoadStart")
     122                      .dwattr $C$DW$15, DW_AT_type(*$C$DW$T$20)
     123                      .dwattr $C$DW$15, DW_AT_declaration
     124                      .dwattr $C$DW$15, DW_AT_external
     125              $C$DW$16        .dwtag  DW_TAG_variable, DW_AT_name("PRG_key0")
     126                      .dwattr $C$DW$16, DW_AT_TI_symbol_name("_PRG_key0")
     127                      .dwattr $C$DW$16, DW_AT_type(*$C$DW$T$20)
     128                      .dwattr $C$DW$16, DW_AT_declaration
     129                      .dwattr $C$DW$16, DW_AT_external
     130              $C$DW$17        .dwtag  DW_TAG_variable, DW_AT_name("RamfuncsRunStart")
     131                      .dwattr $C$DW$17, DW_AT_TI_symbol_name("_RamfuncsRunStart")
     132                      .dwattr $C$DW$17, DW_AT_type(*$C$DW$T$20)
     133                      .dwattr $C$DW$17, DW_AT_declaration
     134                      .dwattr $C$DW$17, DW_AT_external
     135                      .global _bIapK
     136 00000000       _bIapK: .usect  ".ebss",1,1,0
     137              $C$DW$18        .dwtag  DW_TAG_variable, DW_AT_name("bIapK")
     138                      .dwattr $C$DW$18, DW_AT_TI_symbol_name("_bIapK")
     139                      .dwattr $C$DW$18, DW_AT_location[DW_OP_addr _bIapK]
     140                      .dwattr $C$DW$18, DW_AT_type(*$C$DW$T$6)
     141                      .dwattr $C$DW$18, DW_AT_external
     142                      .global _bFlashSTEP
TMS320C2000 Assembler PC v6.1.0 Fri Feb 14 09:23:40 2020

Tools Copyright (c) 1996-2012 Texas Instruments Incorporated
F:/Work/Code Area/Combis/Bootloader/Example_Flash2806x_API21_Combi/Example_Flash2806x_API21_Combi/Example_Flash2806x_API/Debug/Example_Flash2806x_API.asm PAGE    4

     143 00000001       _bFlashSTEP:    .usect  ".ebss",1,1,0
     144              $C$DW$19        .dwtag  DW_TAG_variable, DW_AT_name("bFlashSTEP")
     145                      .dwattr $C$DW$19, DW_AT_TI_symbol_name("_bFlashSTEP")
     146                      .dwattr $C$DW$19, DW_AT_location[DW_OP_addr _bFlashSTEP]
     147                      .dwattr $C$DW$19, DW_AT_type(*$C$DW$T$6)
     148                      .dwattr $C$DW$19, DW_AT_external
     149                      .global _bIapCheckSum
     150 00000002       _bIapCheckSum:  .usect  ".ebss",1,1,0
     151              $C$DW$20        .dwtag  DW_TAG_variable, DW_AT_name("bIapCheckSum")
     152                      .dwattr $C$DW$20, DW_AT_TI_symbol_name("_bIapCheckSum")
     153                      .dwattr $C$DW$20, DW_AT_location[DW_OP_addr _bIapCheckSum]
     154                      .dwattr $C$DW$20, DW_AT_type(*$C$DW$T$6)
     155                      .dwattr $C$DW$20, DW_AT_external
     156                      .global _bIapSciData
     157 00000003       _bIapSciData:   .usect  ".ebss",1,1,0
     158              $C$DW$21        .dwtag  DW_TAG_variable, DW_AT_name("bIapSciData")
     159                      .dwattr $C$DW$21, DW_AT_TI_symbol_name("_bIapSciData")
     160                      .dwattr $C$DW$21, DW_AT_location[DW_OP_addr _bIapSciData]
     161                      .dwattr $C$DW$21, DW_AT_type(*$C$DW$T$6)
     162                      .dwattr $C$DW$21, DW_AT_external
     163              $C$DW$22        .dwtag  DW_TAG_variable, DW_AT_name("PRG_key5")
     164                      .dwattr $C$DW$22, DW_AT_TI_symbol_name("_PRG_key5")
     165                      .dwattr $C$DW$22, DW_AT_type(*$C$DW$T$20)
     166                      .dwattr $C$DW$22, DW_AT_declaration
     167                      .dwattr $C$DW$22, DW_AT_external
     168              $C$DW$23        .dwtag  DW_TAG_variable, DW_AT_name("PRG_key3")
     169                      .dwattr $C$DW$23, DW_AT_TI_symbol_name("_PRG_key3")
     170                      .dwattr $C$DW$23, DW_AT_type(*$C$DW$T$20)
     171                      .dwattr $C$DW$23, DW_AT_declaration
     172                      .dwattr $C$DW$23, DW_AT_external
     173              $C$DW$24        .dwtag  DW_TAG_variable, DW_AT_name("PRG_key7")
     174                      .dwattr $C$DW$24, DW_AT_TI_symbol_name("_PRG_key7")
     175                      .dwattr $C$DW$24, DW_AT_type(*$C$DW$T$20)
     176                      .dwattr $C$DW$24, DW_AT_declaration
     177                      .dwattr $C$DW$24, DW_AT_external
     178              
     179              $C$DW$25        .dwtag  DW_TAG_subprogram, DW_AT_name("Flash2806x_Verify")
     180                      .dwattr $C$DW$25, DW_AT_TI_symbol_name("_Flash2806x_Verify")
     181                      .dwattr $C$DW$25, DW_AT_type(*$C$DW$T$20)
     182                      .dwattr $C$DW$25, DW_AT_declaration
     183                      .dwattr $C$DW$25, DW_AT_external
     184              $C$DW$26        .dwtag  DW_TAG_formal_parameter
     185                      .dwattr $C$DW$26, DW_AT_type(*$C$DW$T$150)
     186              $C$DW$27        .dwtag  DW_TAG_formal_parameter
     187                      .dwattr $C$DW$27, DW_AT_type(*$C$DW$T$150)
     188              $C$DW$28        .dwtag  DW_TAG_formal_parameter
     189                      .dwattr $C$DW$28, DW_AT_type(*$C$DW$T$19)
     190              $C$DW$29        .dwtag  DW_TAG_formal_parameter
     191                      .dwattr $C$DW$29, DW_AT_type(*$C$DW$T$106)
     192                      .dwendtag $C$DW$25
     193              
     194              
     195              $C$DW$30        .dwtag  DW_TAG_subprogram, DW_AT_name("Flash2806x_APIVersionHex")
     196                      .dwattr $C$DW$30, DW_AT_TI_symbol_name("_Flash2806x_APIVersionHex")
     197                      .dwattr $C$DW$30, DW_AT_type(*$C$DW$T$20)
TMS320C2000 Assembler PC v6.1.0 Fri Feb 14 09:23:40 2020

Tools Copyright (c) 1996-2012 Texas Instruments Incorporated
F:/Work/Code Area/Combis/Bootloader/Example_Flash2806x_API21_Combi/Example_Flash2806x_API21_Combi/Example_Flash2806x_API/Debug/Example_Flash2806x_API.asm PAGE    5

     198                      .dwattr $C$DW$30, DW_AT_declaration
     199                      .dwattr $C$DW$30, DW_AT_external
     200              
     201              $C$DW$31        .dwtag  DW_TAG_subprogram, DW_AT_name("Flash2806x_Erase")
     202                      .dwattr $C$DW$31, DW_AT_TI_symbol_name("_Flash2806x_Erase")
     203                      .dwattr $C$DW$31, DW_AT_type(*$C$DW$T$20)
     204                      .dwattr $C$DW$31, DW_AT_declaration
     205                      .dwattr $C$DW$31, DW_AT_external
     206              $C$DW$32        .dwtag  DW_TAG_formal_parameter
     207                      .dwattr $C$DW$32, DW_AT_type(*$C$DW$T$20)
     208              $C$DW$33        .dwtag  DW_TAG_formal_parameter
     209                      .dwattr $C$DW$33, DW_AT_type(*$C$DW$T$106)
     210                      .dwendtag $C$DW$31
     211              
     212              
     213              $C$DW$34        .dwtag  DW_TAG_subprogram, DW_AT_name("Flash2806x_Program")
     214                      .dwattr $C$DW$34, DW_AT_TI_symbol_name("_Flash2806x_Program")
     215                      .dwattr $C$DW$34, DW_AT_type(*$C$DW$T$20)
     216                      .dwattr $C$DW$34, DW_AT_declaration
     217                      .dwattr $C$DW$34, DW_AT_external
     218              $C$DW$35        .dwtag  DW_TAG_formal_parameter
     219                      .dwattr $C$DW$35, DW_AT_type(*$C$DW$T$150)
     220              $C$DW$36        .dwtag  DW_TAG_formal_parameter
     221                      .dwattr $C$DW$36, DW_AT_type(*$C$DW$T$150)
     222              $C$DW$37        .dwtag  DW_TAG_formal_parameter
     223                      .dwattr $C$DW$37, DW_AT_type(*$C$DW$T$19)
     224              $C$DW$38        .dwtag  DW_TAG_formal_parameter
     225                      .dwattr $C$DW$38, DW_AT_type(*$C$DW$T$106)
     226                      .dwendtag $C$DW$34
     227              
     228                      .global _EmuBMode
     229 00000000       _EmuBMode:      .usect  "EmuBModeVar",1,0,0
     230              $C$DW$39        .dwtag  DW_TAG_variable, DW_AT_name("EmuBMode")
     231                      .dwattr $C$DW$39, DW_AT_TI_symbol_name("_EmuBMode")
     232                      .dwattr $C$DW$39, DW_AT_location[DW_OP_addr _EmuBMode]
     233                      .dwattr $C$DW$39, DW_AT_type(*$C$DW$T$11)
     234                      .dwattr $C$DW$39, DW_AT_external
     235                      .global _bIapReceiveIndex
     236 00000004       _bIapReceiveIndex:      .usect  ".ebss",1,1,0
     237              $C$DW$40        .dwtag  DW_TAG_variable, DW_AT_name("bIapReceiveIndex")
     238                      .dwattr $C$DW$40, DW_AT_TI_symbol_name("_bIapReceiveIndex")
     239                      .dwattr $C$DW$40, DW_AT_location[DW_OP_addr _bIapReceiveIndex]
     240                      .dwattr $C$DW$40, DW_AT_type(*$C$DW$T$6)
     241                      .dwattr $C$DW$40, DW_AT_external
     242              $C$DW$41        .dwtag  DW_TAG_variable, DW_AT_name("PRG_key6")
     243                      .dwattr $C$DW$41, DW_AT_TI_symbol_name("_PRG_key6")
     244                      .dwattr $C$DW$41, DW_AT_type(*$C$DW$T$20)
     245                      .dwattr $C$DW$41, DW_AT_declaration
     246                      .dwattr $C$DW$41, DW_AT_external
     247                      .global _EmuKey
     248 00000000       _EmuKey:        .usect  "EmuKeyVar",1,0,0
     249              $C$DW$42        .dwtag  DW_TAG_variable, DW_AT_name("EmuKey")
     250                      .dwattr $C$DW$42, DW_AT_TI_symbol_name("_EmuKey")
     251                      .dwattr $C$DW$42, DW_AT_location[DW_OP_addr _EmuKey]
     252                      .dwattr $C$DW$42, DW_AT_type(*$C$DW$T$11)
TMS320C2000 Assembler PC v6.1.0 Fri Feb 14 09:23:40 2020

Tools Copyright (c) 1996-2012 Texas Instruments Incorporated
F:/Work/Code Area/Combis/Bootloader/Example_Flash2806x_API21_Combi/Example_Flash2806x_API21_Combi/Example_Flash2806x_API/Debug/Example_Flash2806x_API.asm PAGE    6

     253                      .dwattr $C$DW$42, DW_AT_external
     254                      .global _dwAbsoluteAddress
     255 00000006       _dwAbsoluteAddress:     .usect  ".ebss",2,1,1
     256              $C$DW$43        .dwtag  DW_TAG_variable, DW_AT_name("dwAbsoluteAddress")
     257                      .dwattr $C$DW$43, DW_AT_TI_symbol_name("_dwAbsoluteAddress")
     258                      .dwattr $C$DW$43, DW_AT_location[DW_OP_addr _dwAbsoluteAddress]
     259                      .dwattr $C$DW$43, DW_AT_type(*$C$DW$T$13)
     260                      .dwattr $C$DW$43, DW_AT_external
     261                      .global _dwBaseAddress
     262 00000008       _dwBaseAddress: .usect  ".ebss",2,1,1
     263              $C$DW$44        .dwtag  DW_TAG_variable, DW_AT_name("dwBaseAddress")
     264                      .dwattr $C$DW$44, DW_AT_TI_symbol_name("_dwBaseAddress")
     265                      .dwattr $C$DW$44, DW_AT_location[DW_OP_addr _dwBaseAddress]
     266                      .dwattr $C$DW$44, DW_AT_type(*$C$DW$T$13)
     267                      .dwattr $C$DW$44, DW_AT_external
     268                      .global _dwOffsetAddress
     269 0000000a       _dwOffsetAddress:       .usect  ".ebss",2,1,1
     270              $C$DW$45        .dwtag  DW_TAG_variable, DW_AT_name("dwOffsetAddress")
     271                      .dwattr $C$DW$45, DW_AT_TI_symbol_name("_dwOffsetAddress")
     272                      .dwattr $C$DW$45, DW_AT_location[DW_OP_addr _dwOffsetAddress]
     273                      .dwattr $C$DW$45, DW_AT_type(*$C$DW$T$13)
     274                      .dwattr $C$DW$45, DW_AT_external
     275                      .global _Flash_CallbackPtr
     276 00000000       _Flash_CallbackPtr:     .usect  "FlashCallbackVar",2,1,1
     277              $C$DW$46        .dwtag  DW_TAG_variable, DW_AT_name("Flash_CallbackPtr")
     278                      .dwattr $C$DW$46, DW_AT_TI_symbol_name("_Flash_CallbackPtr")
     279                      .dwattr $C$DW$46, DW_AT_location[DW_OP_addr _Flash_CallbackPtr]
     280                      .dwattr $C$DW$46, DW_AT_type(*$C$DW$T$142)
     281                      .dwattr $C$DW$46, DW_AT_external
     282                      .global _MyCallbackCounter
     283 0000000c       _MyCallbackCounter:     .usect  ".ebss",2,1,1
     284              $C$DW$47        .dwtag  DW_TAG_variable, DW_AT_name("MyCallbackCounter")
     285                      .dwattr $C$DW$47, DW_AT_TI_symbol_name("_MyCallbackCounter")
     286                      .dwattr $C$DW$47, DW_AT_location[DW_OP_addr _MyCallbackCounter]
     287                      .dwattr $C$DW$47, DW_AT_type(*$C$DW$T$13)
     288                      .dwattr $C$DW$47, DW_AT_external
     289                      .global _Flash_CPUScaleFactor
     290 00000000       _Flash_CPUScaleFactor:  .usect  "FlashScalingVar",2,1,1
     291              $C$DW$48        .dwtag  DW_TAG_variable, DW_AT_name("Flash_CPUScaleFactor")
     292                      .dwattr $C$DW$48, DW_AT_TI_symbol_name("_Flash_CPUScaleFactor")
     293                      .dwattr $C$DW$48, DW_AT_location[DW_OP_addr _Flash_CPUScaleFactor]
     294                      .dwattr $C$DW$48, DW_AT_type(*$C$DW$T$13)
     295                      .dwattr $C$DW$48, DW_AT_external
     296                      .global _FlashStatus
     297 0000000e       _FlashStatus:   .usect  ".ebss",4,1,1
     298              $C$DW$49        .dwtag  DW_TAG_variable, DW_AT_name("FlashStatus")
     299                      .dwattr $C$DW$49, DW_AT_TI_symbol_name("_FlashStatus")
     300                      .dwattr $C$DW$49, DW_AT_location[DW_OP_addr _FlashStatus]
     301                      .dwattr $C$DW$49, DW_AT_type(*$C$DW$T$105)
     302                      .dwattr $C$DW$49, DW_AT_external
     303              $C$DW$50        .dwtag  DW_TAG_variable, DW_AT_name("CsmPwl")
     304                      .dwattr $C$DW$50, DW_AT_TI_symbol_name("_CsmPwl")
     305                      .dwattr $C$DW$50, DW_AT_type(*$C$DW$T$113)
     306                      .dwattr $C$DW$50, DW_AT_declaration
     307                      .dwattr $C$DW$50, DW_AT_external
TMS320C2000 Assembler PC v6.1.0 Fri Feb 14 09:23:40 2020

Tools Copyright (c) 1996-2012 Texas Instruments Incorporated
F:/Work/Code Area/Combis/Bootloader/Example_Flash2806x_API21_Combi/Example_Flash2806x_API21_Combi/Example_Flash2806x_API/Debug/Example_Flash2806x_API.asm PAGE    7

     308              $C$DW$51        .dwtag  DW_TAG_variable, DW_AT_name("ScibRegs")
     309                      .dwattr $C$DW$51, DW_AT_TI_symbol_name("_ScibRegs")
     310                      .dwattr $C$DW$51, DW_AT_type(*$C$DW$T$133)
     311                      .dwattr $C$DW$51, DW_AT_declaration
     312                      .dwattr $C$DW$51, DW_AT_external
     313              $C$DW$52        .dwtag  DW_TAG_variable, DW_AT_name("CsmRegs")
     314                      .dwattr $C$DW$52, DW_AT_TI_symbol_name("_CsmRegs")
     315                      .dwattr $C$DW$52, DW_AT_type(*$C$DW$T$114)
     316                      .dwattr $C$DW$52, DW_AT_declaration
     317                      .dwattr $C$DW$52, DW_AT_external
     318                      .global _wDataBuffer
     319 00000012       _wDataBuffer:   .usect  ".ebss",20,1,0
     320              $C$DW$53        .dwtag  DW_TAG_variable, DW_AT_name("wDataBuffer")
     321                      .dwattr $C$DW$53, DW_AT_TI_symbol_name("_wDataBuffer")
     322                      .dwattr $C$DW$53, DW_AT_location[DW_OP_addr _wDataBuffer]
     323                      .dwattr $C$DW$53, DW_AT_type(*$C$DW$T$170)
     324                      .dwattr $C$DW$53, DW_AT_external
     325                      .global _Sector
     326 00000040       _Sector:        .usect  ".ebss",32,1,1
     327              $C$DW$54        .dwtag  DW_TAG_variable, DW_AT_name("Sector")
     328                      .dwattr $C$DW$54, DW_AT_TI_symbol_name("_Sector")
     329                      .dwattr $C$DW$54, DW_AT_location[DW_OP_addr _Sector]
     330                      .dwattr $C$DW$54, DW_AT_type(*$C$DW$T$108)
     331                      .dwattr $C$DW$54, DW_AT_external
     332              $C$DW$55        .dwtag  DW_TAG_variable, DW_AT_name("GpioDataRegs")
     333                      .dwattr $C$DW$55, DW_AT_TI_symbol_name("_GpioDataRegs")
     334                      .dwattr $C$DW$55, DW_AT_type(*$C$DW$T$122)
     335                      .dwattr $C$DW$55, DW_AT_declaration
     336                      .dwattr $C$DW$55, DW_AT_external
     337                      .global _pData
     338 00000080       _pData: .usect  ".ebss",38,1,0
     339              $C$DW$56        .dwtag  DW_TAG_variable, DW_AT_name("pData")
     340                      .dwattr $C$DW$56, DW_AT_TI_symbol_name("_pData")
     341                      .dwattr $C$DW$56, DW_AT_location[DW_OP_addr _pData]
     342                      .dwattr $C$DW$56, DW_AT_type(*$C$DW$T$27)
     343                      .dwattr $C$DW$56, DW_AT_external
     344              $C$DW$57        .dwtag  DW_TAG_variable, DW_AT_name("SysCtrlRegs")
     345                      .dwattr $C$DW$57, DW_AT_TI_symbol_name("_SysCtrlRegs")
     346                      .dwattr $C$DW$57, DW_AT_type(*$C$DW$T$134)
     347                      .dwattr $C$DW$57, DW_AT_declaration
     348                      .dwattr $C$DW$57, DW_AT_external
     349              $C$DW$58        .dwtag  DW_TAG_variable, DW_AT_name("GpioCtrlRegs")
     350                      .dwattr $C$DW$58, DW_AT_TI_symbol_name("_GpioCtrlRegs")
     351                      .dwattr $C$DW$58, DW_AT_type(*$C$DW$T$121)
     352                      .dwattr $C$DW$58, DW_AT_declaration
     353                      .dwattr $C$DW$58, DW_AT_external
     354                      .global _Buffer
     355 000000c0       _Buffer:        .usect  ".ebss",256,1,0
     356              $C$DW$59        .dwtag  DW_TAG_variable, DW_AT_name("Buffer")
     357                      .dwattr $C$DW$59, DW_AT_TI_symbol_name("_Buffer")
     358                      .dwattr $C$DW$59, DW_AT_location[DW_OP_addr _Buffer]
     359                      .dwattr $C$DW$59, DW_AT_type(*$C$DW$T$171)
     360                      .dwattr $C$DW$59, DW_AT_external
     361              ;       C:\ti\ccsv5\tools\compiler\c2000_6.1.0\bin\ac2000.exe -@C:\\Users\\ADMINI~1\\AppData\\Local\\Temp\\11
     362 00000000               .sect   ".text"
TMS320C2000 Assembler PC v6.1.0 Fri Feb 14 09:23:40 2020

Tools Copyright (c) 1996-2012 Texas Instruments Incorporated
F:/Work/Code Area/Combis/Bootloader/Example_Flash2806x_API21_Combi/Example_Flash2806x_API21_Combi/Example_Flash2806x_API/Debug/Example_Flash2806x_API.asm PAGE    8

     363                      .global _main
     364              
     365              $C$DW$60        .dwtag  DW_TAG_subprogram, DW_AT_name("main")
     366                      .dwattr $C$DW$60, DW_AT_low_pc(_main)
     367                      .dwattr $C$DW$60, DW_AT_high_pc(0x00)
     368                      .dwattr $C$DW$60, DW_AT_TI_symbol_name("_main")
     369                      .dwattr $C$DW$60, DW_AT_external
     370                      .dwattr $C$DW$60, DW_AT_TI_begin_file("../Example_Flash2806x_API.c")
     371                      .dwattr $C$DW$60, DW_AT_TI_begin_line(0x9c)
     372                      .dwattr $C$DW$60, DW_AT_TI_begin_column(0x06)
     373                      .dwattr $C$DW$60, DW_AT_TI_max_frame_size(-6)
     374                      .dwpsn  file "../Example_Flash2806x_API.c",line 157,column 1,is_stmt,address _main
     375              
     376                      .dwfde $C$DW$CIE, _main
     377              ;----------------------------------------------------------------------
     378              ; 156 | void main( void )                                                      
     379              ;----------------------------------------------------------------------
     380              
     381              ;***************************************************************
     382              ;* FNAME: _main                         FR SIZE:   4           *
     383              ;*                                                             *
     384              ;* FUNCTION ENVIRONMENT                                        *
     385              ;*                                                             *
     386              ;* FUNCTION PROPERTIES                                         *
     387              ;*                            2 Parameter,  1 Auto,  0 SOE     *
     388              ;***************************************************************
     389              
     390 00000000       _main:
     391              ;----------------------------------------------------------------------
     392              ; 189 | Uint16 Status;                                                         
     393              ;----------------------------------------------------------------------
     394                      .dwcfi  cfa_offset, -2
     395                      .dwcfi  save_reg_to_mem, 26, 0
     396                      .dwcfi  save_reg_to_reg, 78, 26
     397 00000000 FE04          ADDB      SP,#4                 ; [CPU_U] 
     398                      .dwcfi  cfa_offset, -6
     399              $C$DW$61        .dwtag  DW_TAG_variable, DW_AT_name("Status")
     400                      .dwattr $C$DW$61, DW_AT_TI_symbol_name("_Status")
     401                      .dwattr $C$DW$61, DW_AT_type(*$C$DW$T$11)
     402                      .dwattr $C$DW$61, DW_AT_location[DW_OP_breg20 -3]
     403                      .dwpsn  file "../Example_Flash2806x_API.c",line 191,column 5,is_stmt
     404              ;----------------------------------------------------------------------
     405              ; 191 | GpioDataRegs.GPATOGGLE.bit.GPIO12 = 1;                                 
     406              ;----------------------------------------------------------------------
     407 00000001 761F!         MOVW      DP,#_GpioDataRegs+6   ; [CPU_U] 
         00000002 0000 
     408 00000003 1A06!         OR        @_GpioDataRegs+6,#0x1000 ; [CPU_] |191| 
         00000004 1000 
     409                      .dwpsn  file "../Example_Flash2806x_API.c",line 207,column 5,is_stmt
     410              ;----------------------------------------------------------------------
     411              ; 207 | EALLOW;                                                                
     412              ;----------------------------------------------------------------------
     413 00000005 7622   EALLOW
     414                      .dwpsn  file "../Example_Flash2806x_API.c",line 208,column 5,is_stmt
     415              ;----------------------------------------------------------------------
TMS320C2000 Assembler PC v6.1.0 Fri Feb 14 09:23:40 2020

Tools Copyright (c) 1996-2012 Texas Instruments Incorporated
F:/Work/Code Area/Combis/Bootloader/Example_Flash2806x_API21_Combi/Example_Flash2806x_API21_Combi/Example_Flash2806x_API/Debug/Example_Flash2806x_API.asm PAGE    9

     416              ; 208 | SysCtrlRegs.WDCR= 0x0068;                                              
     417              ;----------------------------------------------------------------------
     418 00000006 761F!         MOVW      DP,#_SysCtrlRegs+25   ; [CPU_U] 
         00000007 0000 
     419 00000008 56BF!         MOVB      @_SysCtrlRegs+25,#104,UNC ; [CPU_] |208| 
         00000009 6819 
     420                      .dwpsn  file "../Example_Flash2806x_API.c",line 209,column 5,is_stmt
     421              ;----------------------------------------------------------------------
     422              ; 209 | EDIS;                                                                  
     423              ; 212 | // Run the device calibration routine to trim the internal             
     424              ; 213 | // oscillators to 10Mhz.                                               
     425              ;----------------------------------------------------------------------
     426 0000000a 761A   EDIS
     427                      .dwpsn  file "../Example_Flash2806x_API.c",line 214,column 5,is_stmt
     428              ;----------------------------------------------------------------------
     429              ; 214 | EALLOW;                                                                
     430              ;----------------------------------------------------------------------
     431 0000000b 7622   EALLOW
     432                      .dwpsn  file "../Example_Flash2806x_API.c",line 215,column 5,is_stmt
     433              ;----------------------------------------------------------------------
     434              ; 215 | SysCtrlRegs.PCLKCR0.bit.ADCENCLK = 1;                                  
     435              ;----------------------------------------------------------------------
     436 0000000c 1A0C!         OR        @_SysCtrlRegs+12,#0x0008 ; [CPU_] |215| 
         0000000d 0008 
     437                      .dwpsn  file "../Example_Flash2806x_API.c",line 216,column 5,is_stmt
     438              ;----------------------------------------------------------------------
     439              ; 216 | (*Device_cal)();                                                       
     440              ;----------------------------------------------------------------------
     441 0000000e 76FD          MOVL      XAR7,#4029568         ; [CPU_U] |216| 
         0000000f 7C80 
     442 00000010 FF69          SPM       #0                    ; [CPU_] 
     443              $C$DW$62        .dwtag  DW_TAG_TI_branch
     444                      .dwattr $C$DW$62, DW_AT_low_pc(0x00)
     445                      .dwattr $C$DW$62, DW_AT_TI_call
     446                      .dwattr $C$DW$62, DW_AT_TI_indirect
     447 00000011 3E67          LCR       *XAR7                 ; [CPU_] |216| 
     448                      ; call occurs [XAR7] ; [] |216| 
     449                      .dwpsn  file "../Example_Flash2806x_API.c",line 217,column 5,is_stmt
     450              ;----------------------------------------------------------------------
     451              ; 217 | SysCtrlRegs.PCLKCR0.bit.ADCENCLK = 0;                                  
     452              ;----------------------------------------------------------------------
     453 00000012 761F!         MOVW      DP,#_SysCtrlRegs+12   ; [CPU_U] 
         00000013 0000 
     454 00000014 180C!         AND       @_SysCtrlRegs+12,#0xfff7 ; [CPU_] |217| 
         00000015 FFF7 
     455                      .dwpsn  file "../Example_Flash2806x_API.c",line 218,column 5,is_stmt
     456              ;----------------------------------------------------------------------
     457              ; 218 | EDIS;                                                                  
     458              ;----------------------------------------------------------------------
     459 00000016 761A   EDIS
     460                      .dwpsn  file "../Example_Flash2806x_API.c",line 220,column 5,is_stmt
     461              ;----------------------------------------------------------------------
     462              ; 220 | EALLOW;                                                                
     463              ;----------------------------------------------------------------------
     464 00000017 7622   EALLOW
TMS320C2000 Assembler PC v6.1.0 Fri Feb 14 09:23:40 2020

Tools Copyright (c) 1996-2012 Texas Instruments Incorporated
F:/Work/Code Area/Combis/Bootloader/Example_Flash2806x_API21_Combi/Example_Flash2806x_API21_Combi/Example_Flash2806x_API/Debug/Example_Flash2806x_API.asm PAGE   10

     465                      .dwpsn  file "../Example_Flash2806x_API.c",line 221,column 5,is_stmt
     466              ;----------------------------------------------------------------------
     467              ; 221 | SysCtrlRegs.CLKCTL.bit.XTALOSCOFF = 0;     // Turn on XTALOSC          
     468              ;----------------------------------------------------------------------
     469 00000018 1802!         AND       @_SysCtrlRegs+2,#0xbfff ; [CPU_] |221| 
         00000019 BFFF 
     470                      .dwpsn  file "../Example_Flash2806x_API.c",line 222,column 5,is_stmt
     471              ;----------------------------------------------------------------------
     472              ; 222 | SysCtrlRegs.CLKCTL.bit.XCLKINOFF = 1;      // Turn off XCLKIN          
     473              ;----------------------------------------------------------------------
     474 0000001a 1A02!         OR        @_SysCtrlRegs+2,#0x2000 ; [CPU_] |222| 
         0000001b 2000 
     475                      .dwpsn  file "../Example_Flash2806x_API.c",line 223,column 5,is_stmt
     476              ;----------------------------------------------------------------------
     477              ; 223 | SysCtrlRegs.CLKCTL.bit.OSCCLKSRC2SEL = 0;  // Switch to external clock 
     478              ;----------------------------------------------------------------------
     479 0000001c 1802!         AND       @_SysCtrlRegs+2,#0xfffd ; [CPU_] |223| 
         0000001d FFFD 
     480                      .dwpsn  file "../Example_Flash2806x_API.c",line 224,column 5,is_stmt
     481              ;----------------------------------------------------------------------
     482              ; 224 | SysCtrlRegs.CLKCTL.bit.OSCCLKSRCSEL = 1;   // Switch from INTOSC1 to IN
     483              ;     | TOSC2/ext clk                                                          
     484              ;----------------------------------------------------------------------
     485 0000001e 1A02!         OR        @_SysCtrlRegs+2,#0x0001 ; [CPU_] |224| 
         0000001f 0001 
     486                      .dwpsn  file "../Example_Flash2806x_API.c",line 225,column 5,is_stmt
     487              ;----------------------------------------------------------------------
     488              ; 225 | SysCtrlRegs.CLKCTL.bit.WDCLKSRCSEL = 0;    // Clock Watchdog off of INT
     489              ;     | OSC1 always                                                            
     490              ;----------------------------------------------------------------------
     491 00000020 1802!         AND       @_SysCtrlRegs+2,#0xfffb ; [CPU_] |225| 
         00000021 FFFB 
     492                      .dwpsn  file "../Example_Flash2806x_API.c",line 226,column 5,is_stmt
     493              ;----------------------------------------------------------------------
     494              ; 226 | SysCtrlRegs.CLKCTL.bit.INTOSC2OFF = 1;     // Turn off INTOSC2         
     495              ;----------------------------------------------------------------------
     496 00000022 1A02!         OR        @_SysCtrlRegs+2,#0x0400 ; [CPU_] |226| 
         00000023 0400 
     497                      .dwpsn  file "../Example_Flash2806x_API.c",line 227,column 5,is_stmt
     498              ;----------------------------------------------------------------------
     499              ; 227 | SysCtrlRegs.CLKCTL.bit.INTOSC1OFF = 0;     // Leave INTOSC1 on         
     500              ;----------------------------------------------------------------------
     501 00000024 1802!         AND       @_SysCtrlRegs+2,#0xfeff ; [CPU_] |227| 
         00000025 FEFF 
     502                      .dwpsn  file "../Example_Flash2806x_API.c",line 228,column 5,is_stmt
     503              ;----------------------------------------------------------------------
     504              ; 228 | EDIS;                                                                  
     505              ;----------------------------------------------------------------------
     506 00000026 761A   EDIS
     507                      .dwpsn  file "../Example_Flash2806x_API.c",line 230,column 5,is_stmt
     508              ;----------------------------------------------------------------------
     509              ; 230 | if (SysCtrlRegs.PLLSTS.bit.MCLKSTS != 0)                               
     510              ;----------------------------------------------------------------------
     511 00000027 4301!         TBIT      @_SysCtrlRegs+1,#3    ; [CPU_] |230| 
     512 00000028 EF06          BF        $C$L1,NTC             ; [CPU_] |230| 
TMS320C2000 Assembler PC v6.1.0 Fri Feb 14 09:23:40 2020

Tools Copyright (c) 1996-2012 Texas Instruments Incorporated
F:/Work/Code Area/Combis/Bootloader/Example_Flash2806x_API21_Combi/Example_Flash2806x_API21_Combi/Example_Flash2806x_API/Debug/Example_Flash2806x_API.asm PAGE   11

     513                      ; branchcc occurs ; [] |230| 
     514                      .dwpsn  file "../Example_Flash2806x_API.c",line 232,column 9,is_stmt
     515              ;----------------------------------------------------------------------
     516              ; 232 | EALLOW;                                                                
     517              ; 233 | // OSCCLKSRC1 failure detected. PLL running in limp mode.              
     518              ; 234 | // Re-enable missing clock logic.                                      
     519              ;----------------------------------------------------------------------
     520 00000029 7622   EALLOW
     521                      .dwpsn  file "../Example_Flash2806x_API.c",line 235,column 9,is_stmt
     522              ;----------------------------------------------------------------------
     523              ; 235 | SysCtrlRegs.PLLSTS.bit.MCLKCLR = 1;                                    
     524              ;----------------------------------------------------------------------
     525 0000002a 1A01!         OR        @_SysCtrlRegs+1,#0x0010 ; [CPU_] |235| 
         0000002b 0010 
     526                      .dwpsn  file "../Example_Flash2806x_API.c",line 236,column 9,is_stmt
     527              ;----------------------------------------------------------------------
     528              ; 236 | EDIS;                                                                  
     529              ; 237 | // Replace this line with a call to an appropriate                     
     530              ; 238 | // SystemShutdown(); function.                                         
     531              ;----------------------------------------------------------------------
     532 0000002c 761A   EDIS
     533                      .dwpsn  file "../Example_Flash2806x_API.c",line 239,column 7,is_stmt
     534              ;----------------------------------------------------------------------
     535              ; 239 | __asm("        ESTOP0");     // Uncomment for debugging purposes       
     536              ; 242 | // DIVSEL MUST be 0 before PLLCR can be changed from                   
     537              ; 243 | // 0x0000. It is set to 0 by an external reset XRSn                    
     538              ;----------------------------------------------------------------------
     539 0000002d 7625          ESTOP0
     540 0000002e       $C$L1:    
     541                      .dwpsn  file "../Example_Flash2806x_API.c",line 244,column 5,is_stmt
     542              ;----------------------------------------------------------------------
     543              ; 244 | if (SysCtrlRegs.PLLSTS.bit.DIVSEL != 0)                                
     544              ;----------------------------------------------------------------------
     545 0000002e CC01!         AND       AL,@_SysCtrlRegs+1,#0x0180 ; [CPU_] |244| 
         0000002f 0180 
     546 00000030 FFC6          LSR       AL,7                  ; [CPU_] |244| 
     547 00000031 EC05          BF        $C$L2,EQ              ; [CPU_] |244| 
     548                      ; branchcc occurs ; [] |244| 
     549                      .dwpsn  file "../Example_Flash2806x_API.c",line 246,column 9,is_stmt
     550              ;----------------------------------------------------------------------
     551              ; 246 | EALLOW;                                                                
     552              ;----------------------------------------------------------------------
     553 00000032 7622   EALLOW
     554                      .dwpsn  file "../Example_Flash2806x_API.c",line 247,column 9,is_stmt
     555              ;----------------------------------------------------------------------
     556              ; 247 | SysCtrlRegs.PLLSTS.bit.DIVSEL = 0;                                     
     557              ;----------------------------------------------------------------------
     558 00000033 1801!         AND       @_SysCtrlRegs+1,#0xfe7f ; [CPU_] |247| 
         00000034 FE7F 
     559                      .dwpsn  file "../Example_Flash2806x_API.c",line 248,column 10,is_stmt
     560              ;----------------------------------------------------------------------
     561              ; 248 | EDIS;                                                                  
     562              ; 249 | }  //George 150112                                                     
     563              ;----------------------------------------------------------------------
     564 00000035 761A   EDIS
TMS320C2000 Assembler PC v6.1.0 Fri Feb 14 09:23:40 2020

Tools Copyright (c) 1996-2012 Texas Instruments Incorporated
F:/Work/Code Area/Combis/Bootloader/Example_Flash2806x_API21_Combi/Example_Flash2806x_API21_Combi/Example_Flash2806x_API/Debug/Example_Flash2806x_API.asm PAGE   12

     565 00000036       $C$L2:    
     566                      .dwpsn  file "../Example_Flash2806x_API.c",line 252,column 5,is_stmt
     567              ;----------------------------------------------------------------------
     568              ; 252 | if (SysCtrlRegs.PLLCR.bit.DIV != 9)                                    
     569              ;----------------------------------------------------------------------
     570 00000036 9211!         MOV       AL,@_SysCtrlRegs+17   ; [CPU_] |252| 
     571 00000037 901F          ANDB      AL,#0x1f              ; [CPU_] |252| 
     572 00000038 5209          CMPB      AL,#9                 ; [CPU_] |252| 
     573 00000039 EC15          BF        $C$L4,EQ              ; [CPU_] |252| 
     574                      ; branchcc occurs ; [] |252| 
     575                      .dwpsn  file "../Example_Flash2806x_API.c",line 254,column 7,is_stmt
     576              ;----------------------------------------------------------------------
     577              ; 254 | EALLOW;                                                                
     578              ; 255 | // Before setting PLLCR turn off missing clock detect logic            
     579              ;----------------------------------------------------------------------
     580 0000003a 7622   EALLOW
     581                      .dwpsn  file "../Example_Flash2806x_API.c",line 256,column 7,is_stmt
     582              ;----------------------------------------------------------------------
     583              ; 256 | SysCtrlRegs.PLLSTS.bit.MCLKOFF = 1;                                    
     584              ;----------------------------------------------------------------------
     585 0000003b 1A01!         OR        @_SysCtrlRegs+1,#0x0040 ; [CPU_] |256| 
         0000003c 0040 
     586                      .dwpsn  file "../Example_Flash2806x_API.c",line 257,column 7,is_stmt
     587              ;----------------------------------------------------------------------
     588              ; 257 | SysCtrlRegs.PLLCR.bit.DIV = 9;                                         
     589              ;----------------------------------------------------------------------
     590 0000003d CC11!         AND       AL,@_SysCtrlRegs+17,#0xffe0 ; [CPU_] |257| 
         0000003e FFE0 
     591 0000003f 5009          ORB       AL,#0x09              ; [CPU_] |257| 
     592 00000040 9611!         MOV       @_SysCtrlRegs+17,AL   ; [CPU_] |257| 
     593                      .dwpsn  file "../Example_Flash2806x_API.c",line 258,column 7,is_stmt
     594              ;----------------------------------------------------------------------
     595              ; 258 | EDIS;                                                                  
     596              ; 260 | // Optional: Wait for PLL to lock.                                     
     597              ; 261 | // During this time the CPU will switch to OSCCLK/2 until              
     598              ; 262 | // the PLL is stable.  Once the PLL is stable the CPU will             
     599              ; 263 | // switch to the new PLL value.                                        
     600              ; 264 | //                                                                     
     601              ; 265 | // This time-to-lock is monitored by a PLL lock counter.               
     602              ; 266 | //                                                                     
     603              ; 267 | // Code is not required to sit and wait for the PLL to lock.           
     604              ; 268 | // However, if the code does anything that is timing critical,         
     605              ; 269 | // and requires the correct clock be locked, then it is best to        
     606              ; 270 | // wait until this switching has completed.                            
     607              ; 272 | // Wait for the PLL lock bit to be set.                                
     608              ; 274 | // The watchdog should be disabled before this loop, or fed within     
     609              ; 275 | // the loop via ServiceDog().                                          
     610              ; 277 | // Uncomment to disable the watchdog                                   
     611              ;----------------------------------------------------------------------
     612 00000041 761A   EDIS
     613                      .dwpsn  file "../Example_Flash2806x_API.c",line 278,column 7,is_stmt
     614              ;----------------------------------------------------------------------
     615              ; 278 | EALLOW;                                                                
     616              ; 279 | // Disable watchdog module                                             
     617              ;----------------------------------------------------------------------
TMS320C2000 Assembler PC v6.1.0 Fri Feb 14 09:23:40 2020

Tools Copyright (c) 1996-2012 Texas Instruments Incorporated
F:/Work/Code Area/Combis/Bootloader/Example_Flash2806x_API21_Combi/Example_Flash2806x_API21_Combi/Example_Flash2806x_API/Debug/Example_Flash2806x_API.asm PAGE   13

     618 00000042 7622   EALLOW
     619                      .dwpsn  file "../Example_Flash2806x_API.c",line 280,column 7,is_stmt
     620              ;----------------------------------------------------------------------
     621              ; 280 | SysCtrlRegs.WDCR = 0x0068;                                             
     622              ;----------------------------------------------------------------------
     623 00000043 56BF!         MOVB      @_SysCtrlRegs+25,#104,UNC ; [CPU_] |280| 
         00000044 6819 
     624                      .dwpsn  file "../Example_Flash2806x_API.c",line 281,column 7,is_stmt
     625              ;----------------------------------------------------------------------
     626              ; 281 | EDIS;                                                                  
     627              ;----------------------------------------------------------------------
     628 00000045 761A   EDIS
     629                      .dwpsn  file "../Example_Flash2806x_API.c",line 283,column 7,is_stmt
     630              ;----------------------------------------------------------------------
     631              ; 283 | while(SysCtrlRegs.PLLSTS.bit.PLLLOCKS != 1)                            
     632              ;----------------------------------------------------------------------
     633 00000046       $C$L3:    
     634 00000046       $C$DW$L$_main$7$B:
     635                      .dwpsn  file "../Example_Flash2806x_API.c",line 283,column 13,is_stmt
     636              ;----------------------------------------------------------------------
     637              ; 285 | // Uncomment to service the watchdog                                   
     638              ; 286 | // ServiceDog();                                                       
     639              ;----------------------------------------------------------------------
     640 00000046 9201!         MOV       AL,@_SysCtrlRegs+1    ; [CPU_] |283| 
     641 00000047 9001          ANDB      AL,#0x01              ; [CPU_] |283| 
     642 00000048 5201          CMPB      AL,#1                 ; [CPU_] |283| 
     643 00000049 EDFD          BF        $C$L3,NEQ             ; [CPU_] |283| 
     644                      ; branchcc occurs ; [] |283| 
     645 0000004a       $C$DW$L$_main$7$E:
     646                      .dwpsn  file "../Example_Flash2806x_API.c",line 289,column 7,is_stmt
     647              ;----------------------------------------------------------------------
     648              ; 289 | EALLOW;                                                                
     649              ;----------------------------------------------------------------------
     650 0000004a 7622   EALLOW
     651                      .dwpsn  file "../Example_Flash2806x_API.c",line 290,column 7,is_stmt
     652              ;----------------------------------------------------------------------
     653              ; 290 | SysCtrlRegs.PLLSTS.bit.MCLKOFF = 0;                                    
     654              ;----------------------------------------------------------------------
     655 0000004b 1801!         AND       @_SysCtrlRegs+1,#0xffbf ; [CPU_] |290| 
         0000004c FFBF 
     656                      .dwpsn  file "../Example_Flash2806x_API.c",line 291,column 7,is_stmt
     657              ;----------------------------------------------------------------------
     658              ; 291 | EDIS;                                                                  
     659              ;----------------------------------------------------------------------
     660 0000004d 761A   EDIS
     661 0000004e       $C$L4:    
     662                      .dwpsn  file "../Example_Flash2806x_API.c",line 293,column 5,is_stmt
     663              ;----------------------------------------------------------------------
     664              ; 293 | EALLOW;                                                                
     665              ;----------------------------------------------------------------------
     666 0000004e 7622   EALLOW
     667                      .dwpsn  file "../Example_Flash2806x_API.c",line 294,column 5,is_stmt
     668              ;----------------------------------------------------------------------
     669              ; 294 | SysCtrlRegs.PLLSTS.bit.DIVSEL = 3;                                     
     670              ;----------------------------------------------------------------------
TMS320C2000 Assembler PC v6.1.0 Fri Feb 14 09:23:40 2020

Tools Copyright (c) 1996-2012 Texas Instruments Incorporated
F:/Work/Code Area/Combis/Bootloader/Example_Flash2806x_API21_Combi/Example_Flash2806x_API21_Combi/Example_Flash2806x_API/Debug/Example_Flash2806x_API.asm PAGE   14

     671 0000004f 1A01!         OR        @_SysCtrlRegs+1,#0x0180 ; [CPU_] |294| 
         00000050 0180 
     672                      .dwpsn  file "../Example_Flash2806x_API.c",line 295,column 5,is_stmt
     673              ;----------------------------------------------------------------------
     674              ; 295 | EDIS;                                                                  
     675              ; 297 | // Initialize the peripheral clocks                                    
     676              ; 298 | //  SysCtrlRegs.HISPCP.all = 0x0000;   //SYSCLKOUT/1 (ADC,)            
     677              ;----------------------------------------------------------------------
     678 00000051 761A   EDIS
     679                      .dwpsn  file "../Example_Flash2806x_API.c",line 299,column 5,is_stmt
     680              ;----------------------------------------------------------------------
     681              ; 299 | EALLOW;                                                                
     682              ;----------------------------------------------------------------------
     683 00000052 7622   EALLOW
     684                      .dwpsn  file "../Example_Flash2806x_API.c",line 300,column 5,is_stmt
     685              ;----------------------------------------------------------------------
     686              ; 300 | SysCtrlRegs.LOSPCP.all = 0x0004;   //SYSCLKOUT/8 (SCI,SPI )            
     687              ;----------------------------------------------------------------------
     688 00000053 56BF!         MOVB      @_SysCtrlRegs+11,#4,UNC ; [CPU_] |300| 
         00000054 040B 
     689                      .dwpsn  file "../Example_Flash2806x_API.c",line 302,column 5,is_stmt
     690              ;----------------------------------------------------------------------
     691              ; 302 | SysCtrlRegs.XCLK.bit.XCLKOUTDIV=2; //XCLKOUT = SYSCLKOUT               
     692              ;----------------------------------------------------------------------
     693 00000055 CC00!         AND       AL,@_SysCtrlRegs,#0xfffc ; [CPU_] |302| 
         00000056 FFFC 
     694 00000057 5002          ORB       AL,#0x02              ; [CPU_] |302| 
     695 00000058 9600!         MOV       @_SysCtrlRegs,AL      ; [CPU_] |302| 
     696                      .dwpsn  file "../Example_Flash2806x_API.c",line 304,column 5,is_stmt
     697              ;----------------------------------------------------------------------
     698              ; 304 | SysCtrlRegs.PCLKCR0.bit.SCIAENCLK = 1;     // SCI-A                    
     699              ;----------------------------------------------------------------------
     700 00000059 1A0C!         OR        @_SysCtrlRegs+12,#0x0400 ; [CPU_] |304| 
         0000005a 0400 
     701                      .dwpsn  file "../Example_Flash2806x_API.c",line 305,column 5,is_stmt
     702              ;----------------------------------------------------------------------
     703              ; 305 | SysCtrlRegs.PCLKCR0.bit.SCIBENCLK = 1;     // SCI-B                    
     704              ;----------------------------------------------------------------------
     705 0000005b 1A0C!         OR        @_SysCtrlRegs+12,#0x0800 ; [CPU_] |305| 
         0000005c 0800 
     706                      .dwpsn  file "../Example_Flash2806x_API.c",line 307,column 5,is_stmt
     707              ;----------------------------------------------------------------------
     708              ; 307 | SysCtrlRegs.PCLKCR0.bit.TBCLKSYNC = 1;                                 
     709              ;----------------------------------------------------------------------
     710 0000005d 1A0C!         OR        @_SysCtrlRegs+12,#0x0004 ; [CPU_] |307| 
         0000005e 0004 
     711                      .dwpsn  file "../Example_Flash2806x_API.c",line 308,column 5,is_stmt
     712              ;----------------------------------------------------------------------
     713              ; 308 | EDIS;                                                                  
     714              ; 309 | //DINT;                                                                
     715              ;----------------------------------------------------------------------
     716 0000005f 761A   EDIS
     717                      .dwpsn  file "../Example_Flash2806x_API.c",line 311,column 5,is_stmt
     718              ;----------------------------------------------------------------------
     719              ; 311 | InitGPIO();                                                            
TMS320C2000 Assembler PC v6.1.0 Fri Feb 14 09:23:40 2020

Tools Copyright (c) 1996-2012 Texas Instruments Incorporated
F:/Work/Code Area/Combis/Bootloader/Example_Flash2806x_API21_Combi/Example_Flash2806x_API21_Combi/Example_Flash2806x_API/Debug/Example_Flash2806x_API.asm PAGE   15

     720              ;----------------------------------------------------------------------
     721 00000060 FF69          SPM       #0                    ; [CPU_] 
     722              $C$DW$63        .dwtag  DW_TAG_TI_branch
     723                      .dwattr $C$DW$63, DW_AT_low_pc(0x00)
     724                      .dwattr $C$DW$63, DW_AT_name("_InitGPIO")
     725                      .dwattr $C$DW$63, DW_AT_TI_call
     726 00000061 7640!         LCR       #_InitGPIO            ; [CPU_] |311| 
         00000062 0000 
     727                      ; call occurs [#_InitGPIO] ; [] |311| 
     728                      .dwpsn  file "../Example_Flash2806x_API.c",line 313,column 5,is_stmt
     729              ;----------------------------------------------------------------------
     730              ; 313 | sInitSCI2400();                                                        
     731              ;----------------------------------------------------------------------
     732              $C$DW$64        .dwtag  DW_TAG_TI_branch
     733                      .dwattr $C$DW$64, DW_AT_low_pc(0x00)
     734                      .dwattr $C$DW$64, DW_AT_name("_sInitSCI2400")
     735                      .dwattr $C$DW$64, DW_AT_TI_call
     736 00000063 7640!         LCR       #_sInitSCI2400        ; [CPU_] |313| 
         00000064 0000 
     737                      ; call occurs [#_sInitSCI2400] ; [] |313| 
     738                      .dwpsn  file "../Example_Flash2806x_API.c",line 374,column 4,is_stmt
     739              ;----------------------------------------------------------------------
     740              ; 374 | Status = Example_CsmUnlock();                                          
     741              ;----------------------------------------------------------------------
     742              $C$DW$65        .dwtag  DW_TAG_TI_branch
     743                      .dwattr $C$DW$65, DW_AT_low_pc(0x00)
     744                      .dwattr $C$DW$65, DW_AT_name("_Example_CsmUnlock")
     745                      .dwattr $C$DW$65, DW_AT_TI_call
     746 00000065 7640'         LCR       #_Example_CsmUnlock   ; [CPU_] |374| 
         00000066 029A 
     747                      ; call occurs [#_Example_CsmUnlock] ; [] |374| 
     748 00000067 9643          MOV       *-SP[3],AL            ; [CPU_] |374| 
     749                      .dwpsn  file "../Example_Flash2806x_API.c",line 375,column 4,is_stmt
     750              ;----------------------------------------------------------------------
     751              ; 375 | if(Status != STATUS_SUCCESS)                                           
     752              ;----------------------------------------------------------------------
     753 00000068 5200          CMPB      AL,#0                 ; [CPU_] |375| 
     754 00000069 EC03          BF        $C$L5,EQ              ; [CPU_] |375| 
     755                      ; branchcc occurs ; [] |375| 
     756                      .dwpsn  file "../Example_Flash2806x_API.c",line 377,column 8,is_stmt
     757              ;----------------------------------------------------------------------
     758              ; 377 | Example_Error(Status);                                                 
     759              ; 393 | // For Piccolo, we dont need to copy the API from Flash as it is       
     760              ; 394 | // present in BOOT ROM                                                 
     761              ; 398 | //   // Copy the Flash API functions to SARAM                          
     762              ; 399 | //   Example_MemCopy(&Flash28_API_LoadStart, &Flash28_API_LoadEnd, &Fla
     763              ;     | sh28_API_RunStart);                                                    
     764              ; 401 | // We must also copy required user interface functions to RAM.         
     765              ;----------------------------------------------------------------------
     766              $C$DW$66        .dwtag  DW_TAG_TI_branch
     767                      .dwattr $C$DW$66, DW_AT_low_pc(0x00)
     768                      .dwattr $C$DW$66, DW_AT_name("_Example_Error")
     769                      .dwattr $C$DW$66, DW_AT_TI_call
     770 0000006a 7640+         LCR       #_Example_Error       ; [CPU_] |377| 
         0000006b 00FF 
TMS320C2000 Assembler PC v6.1.0 Fri Feb 14 09:23:40 2020

Tools Copyright (c) 1996-2012 Texas Instruments Incorporated
F:/Work/Code Area/Combis/Bootloader/Example_Flash2806x_API21_Combi/Example_Flash2806x_API21_Combi/Example_Flash2806x_API/Debug/Example_Flash2806x_API.asm PAGE   16

     771                      ; call occurs [#_Example_Error] ; [] |377| 
     772 0000006c       $C$L5:    
     773                      .dwpsn  file "../Example_Flash2806x_API.c",line 402,column 5,is_stmt
     774              ;----------------------------------------------------------------------
     775              ; 402 | Example_MemCopy(&RamfuncsLoadStart, &RamfuncsLoadEnd, &RamfuncsRunStart
     776              ;     | );                                                                     
     777              ;----------------------------------------------------------------------
     778 0000006c 8F00!         MOVL      XAR4,#_RamfuncsRunStart ; [CPU_U] |402| 
         0000006d 0000 
     779 0000006e 8F40!         MOVL      XAR5,#_RamfuncsLoadEnd ; [CPU_U] |402| 
         0000006f 0000 
     780 00000070 A842          MOVL      *-SP[2],XAR4          ; [CPU_] |402| 
     781 00000071 8F00!         MOVL      XAR4,#_RamfuncsLoadStart ; [CPU_U] |402| 
         00000072 0000 
     782              $C$DW$67        .dwtag  DW_TAG_TI_branch
     783                      .dwattr $C$DW$67, DW_AT_low_pc(0x00)
     784                      .dwattr $C$DW$67, DW_AT_name("_Example_MemCopy")
     785                      .dwattr $C$DW$67, DW_AT_TI_call
     786 00000073 7640'         LCR       #_Example_MemCopy     ; [CPU_] |402| 
         00000074 0395 
     787                      ; call occurs [#_Example_MemCopy] ; [] |402| 
     788                      .dwpsn  file "../Example_Flash2806x_API.c",line 421,column 4,is_stmt
     789              ;----------------------------------------------------------------------
     790              ; 421 | EALLOW;                                                                
     791              ;----------------------------------------------------------------------
     792 00000075 7622   EALLOW
     793                      .dwpsn  file "../Example_Flash2806x_API.c",line 422,column 4,is_stmt
     794              ;----------------------------------------------------------------------
     795              ; 422 | Flash_CPUScaleFactor = SCALE_FACTOR;                                   
     796              ;----------------------------------------------------------------------
     797 00000076 9ABC          MOV       AL,#188               ; [CPU_] |422| 
     798 00000077 28A8          MOV       AH,#288               ; [CPU_] |422| 
         00000078 0120 
     799 00000079 761F-         MOVW      DP,#_Flash_CPUScaleFactor ; [CPU_U] 
         0000007a 0000 
     800 0000007b 1E00-         MOVL      @_Flash_CPUScaleFactor,ACC ; [CPU_] |422| 
     801                      .dwpsn  file "../Example_Flash2806x_API.c",line 423,column 4,is_stmt
     802              ;----------------------------------------------------------------------
     803              ; 423 | EDIS;                                                                  
     804              ;----------------------------------------------------------------------
     805 0000007c 761A   EDIS
     806                      .dwpsn  file "../Example_Flash2806x_API.c",line 435,column 4,is_stmt
     807              ;----------------------------------------------------------------------
     808              ; 435 | EALLOW;                                                                
     809              ;----------------------------------------------------------------------
     810 0000007d 7622   EALLOW
     811                      .dwpsn  file "../Example_Flash2806x_API.c",line 436,column 4,is_stmt
     812              ;----------------------------------------------------------------------
     813              ; 436 | Flash_CallbackPtr = &MyCallbackFunction;                               
     814              ;----------------------------------------------------------------------
     815 0000007e 761F-         MOVW      DP,#_Flash_CallbackPtr ; [CPU_U] 
         0000007f 0000 
     816 00000080 8F00+         MOVL      XAR4,#_MyCallbackFunction ; [CPU_U] |436| 
         00000081 010A 
     817 00000082 A800-         MOVL      @_Flash_CallbackPtr,XAR4 ; [CPU_] |436| 
TMS320C2000 Assembler PC v6.1.0 Fri Feb 14 09:23:40 2020

Tools Copyright (c) 1996-2012 Texas Instruments Incorporated
F:/Work/Code Area/Combis/Bootloader/Example_Flash2806x_API21_Combi/Example_Flash2806x_API21_Combi/Example_Flash2806x_API/Debug/Example_Flash2806x_API.asm PAGE   17

     818                      .dwpsn  file "../Example_Flash2806x_API.c",line 437,column 4,is_stmt
     819              ;----------------------------------------------------------------------
     820              ; 437 | EDIS;                                                                  
     821              ;----------------------------------------------------------------------
     822 00000083 761A   EDIS
     823                      .dwpsn  file "../Example_Flash2806x_API.c",line 439,column 4,is_stmt
     824              ;----------------------------------------------------------------------
     825              ; 439 | MyCallbackCounter = 0; // Increment this counter in the callback functi
     826              ;     | on                                                                     
     827              ; 442 | // Jump to SARAM and call the Flash API functions                      
     828              ; 443 | //  Example_CallFlashAPI();                                            
     829              ;----------------------------------------------------------------------
     830 00000084 761F-         MOVW      DP,#_MyCallbackCounter ; [CPU_U] 
         00000085 0000 
     831 00000086 0200          MOVB      ACC,#0                ; [CPU_] |439| 
     832 00000087 1E0C-         MOVL      @_MyCallbackCounter,ACC ; [CPU_] |439| 
     833                      .dwpsn  file "../Example_Flash2806x_API.c",line 444,column 3,is_stmt
     834              ;----------------------------------------------------------------------
     835              ; 444 | sUpDataFlash();                                                        
     836              ;----------------------------------------------------------------------
     837 00000088 FF69          SPM       #0                    ; [CPU_] 
     838              $C$DW$68        .dwtag  DW_TAG_TI_branch
     839                      .dwattr $C$DW$68, DW_AT_low_pc(0x00)
     840                      .dwattr $C$DW$68, DW_AT_name("_sUpDataFlash")
     841                      .dwattr $C$DW$68, DW_AT_TI_call
     842 00000089 7640+         LCR       #_sUpDataFlash        ; [CPU_] |444| 
         0000008a 0000 
     843                      ; call occurs [#_sUpDataFlash] ; [] |444| 
     844                      .dwpsn  file "../Example_Flash2806x_API.c",line 445,column 1,is_stmt
     845 0000008b FE84          SUBB      SP,#4                 ; [CPU_U] 
     846                      .dwcfi  cfa_offset, -2
     847              $C$DW$69        .dwtag  DW_TAG_TI_branch
     848                      .dwattr $C$DW$69, DW_AT_low_pc(0x00)
     849                      .dwattr $C$DW$69, DW_AT_TI_return
     850 0000008c 0006          LRETR     ; [CPU_] 
     851                      ; return occurs ; [] 
     852              
     853              $C$DW$70        .dwtag  DW_TAG_TI_loop
     854                      .dwattr $C$DW$70, DW_AT_name("F:/Work/Code Area/Combis/Bootloader/Example_Flash2806x_API21_Combi/Exam
     855                      .dwattr $C$DW$70, DW_AT_TI_begin_file("../Example_Flash2806x_API.c")
     856                      .dwattr $C$DW$70, DW_AT_TI_begin_line(0x11b)
     857                      .dwattr $C$DW$70, DW_AT_TI_end_line(0x11f)
     858              $C$DW$71        .dwtag  DW_TAG_TI_loop_range
     859                      .dwattr $C$DW$71, DW_AT_low_pc($C$DW$L$_main$7$B)
     860                      .dwattr $C$DW$71, DW_AT_high_pc($C$DW$L$_main$7$E)
     861                      .dwendtag $C$DW$70
     862              
     863                      .dwattr $C$DW$60, DW_AT_TI_end_file("../Example_Flash2806x_API.c")
     864                      .dwattr $C$DW$60, DW_AT_TI_end_line(0x1bd)
     865                      .dwattr $C$DW$60, DW_AT_TI_end_column(0x01)
     866                      .dwendentry
     867                      .dwendtag $C$DW$60
     868              
     869 00000000               .sect   "ramfuncs"
     870                      .global _sUpDataFlash
TMS320C2000 Assembler PC v6.1.0 Fri Feb 14 09:23:40 2020

Tools Copyright (c) 1996-2012 Texas Instruments Incorporated
F:/Work/Code Area/Combis/Bootloader/Example_Flash2806x_API21_Combi/Example_Flash2806x_API21_Combi/Example_Flash2806x_API/Debug/Example_Flash2806x_API.asm PAGE   18

     871              
     872              $C$DW$72        .dwtag  DW_TAG_subprogram, DW_AT_name("sUpDataFlash")
     873                      .dwattr $C$DW$72, DW_AT_low_pc(_sUpDataFlash)
     874                      .dwattr $C$DW$72, DW_AT_high_pc(0x00)
     875                      .dwattr $C$DW$72, DW_AT_TI_symbol_name("_sUpDataFlash")
     876                      .dwattr $C$DW$72, DW_AT_external
     877                      .dwattr $C$DW$72, DW_AT_TI_begin_file("../Example_Flash2806x_API.c")
     878                      .dwattr $C$DW$72, DW_AT_TI_begin_line(0x1cd)
     879                      .dwattr $C$DW$72, DW_AT_TI_begin_column(0x06)
     880                      .dwattr $C$DW$72, DW_AT_TI_max_frame_size(-4)
     881                      .dwpsn  file "../Example_Flash2806x_API.c",line 462,column 1,is_stmt,address _sUpDataFlash
     882              
     883                      .dwfde $C$DW$CIE, _sUpDataFlash
     884              ;----------------------------------------------------------------------
     885              ; 461 | void sUpDataFlash(void)                                                
     886              ;----------------------------------------------------------------------
     887              
     888              ;***************************************************************
     889              ;* FNAME: _sUpDataFlash                 FR SIZE:   2           *
     890              ;*                                                             *
     891              ;* FUNCTION ENVIRONMENT                                        *
     892              ;*                                                             *
     893              ;* FUNCTION PROPERTIES                                         *
     894              ;*                            0 Parameter,  1 Auto,  0 SOE     *
     895              ;***************************************************************
     896              
     897 00000000       _sUpDataFlash:
     898              ;----------------------------------------------------------------------
     899              ; 464 | //  float32 Version;        // Version of the API in floating point    
     900              ; 465 | Uint16  VersionHex;     // Version of the API in decimal encoded hex   
     901              ;----------------------------------------------------------------------
     902                      .dwcfi  cfa_offset, -2
     903                      .dwcfi  save_reg_to_mem, 26, 0
     904                      .dwcfi  save_reg_to_reg, 78, 26
     905 00000000 FE02          ADDB      SP,#2                 ; [CPU_U] 
     906                      .dwcfi  cfa_offset, -4
     907              $C$DW$73        .dwtag  DW_TAG_variable, DW_AT_name("VersionHex")
     908                      .dwattr $C$DW$73, DW_AT_TI_symbol_name("_VersionHex")
     909                      .dwattr $C$DW$73, DW_AT_type(*$C$DW$T$11)
     910                      .dwattr $C$DW$73, DW_AT_location[DW_OP_breg20 -1]
     911                      .dwpsn  file "../Example_Flash2806x_API.c",line 467,column 3,is_stmt
     912              ;----------------------------------------------------------------------
     913              ; 467 | bFlashSTEP=1;                                                          
     914              ; 468 | //Uint32  dwPackCnt=808464432;                                         
     915              ;----------------------------------------------------------------------
     916 00000001 761F-         MOVW      DP,#_bFlashSTEP       ; [CPU_U] 
         00000002 0000 
     917 00000003 56BF-         MOVB      @_bFlashSTEP,#1,UNC   ; [CPU_] |467| 
         00000004 0101 
     918                      .dwpsn  file "../Example_Flash2806x_API.c",line 469,column 3,is_stmt
     919              ;----------------------------------------------------------------------
     920              ; 469 | bIapReceiveIndex = 0;     //150424                                     
     921              ;----------------------------------------------------------------------
     922 00000005 2B04-         MOV       @_bIapReceiveIndex,#0 ; [CPU_] |469| 
     923                      .dwpsn  file "../Example_Flash2806x_API.c",line 471,column 3,is_stmt
TMS320C2000 Assembler PC v6.1.0 Fri Feb 14 09:23:40 2020

Tools Copyright (c) 1996-2012 Texas Instruments Incorporated
F:/Work/Code Area/Combis/Bootloader/Example_Flash2806x_API21_Combi/Example_Flash2806x_API21_Combi/Example_Flash2806x_API/Debug/Example_Flash2806x_API.asm PAGE   19

     924              ;----------------------------------------------------------------------
     925              ; 471 | VersionHex = Flash_APIVersionHex();                                    
     926              ;----------------------------------------------------------------------
     927              $C$DW$74        .dwtag  DW_TAG_TI_branch
     928                      .dwattr $C$DW$74, DW_AT_low_pc(0x00)
     929                      .dwattr $C$DW$74, DW_AT_name("_Flash2806x_APIVersionHex")
     930                      .dwattr $C$DW$74, DW_AT_TI_call
     931 00000006 7640!         LCR       #_Flash2806x_APIVersionHex ; [CPU_] |471| 
         00000007 0000 
     932                      ; call occurs [#_Flash2806x_APIVersionHex] ; [] |471| 
     933 00000008 9641          MOV       *-SP[1],AL            ; [CPU_] |471| 
     934                      .dwpsn  file "../Example_Flash2806x_API.c",line 472,column 3,is_stmt
     935              ;----------------------------------------------------------------------
     936              ; 472 | if(VersionHex != 0x0100)                                               
     937              ;----------------------------------------------------------------------
     938 00000009 1BA9          CMP       AL,#256               ; [CPU_] |472| 
         0000000a 0100 
     939 0000000b EC01          BF        $C$L6,EQ              ; [CPU_] |472| 
     940                      ; branchcc occurs ; [] |472| 
     941                      .dwpsn  file "../Example_Flash2806x_API.c",line 474,column 5,is_stmt
     942              ;----------------------------------------------------------------------
     943              ; 474 | asm("ESTOP0");                                                         
     944              ;----------------------------------------------------------------------
     945 0000000c       ESTOP0
     946 0000000c       $C$L6:    
     947                      .dwpsn  file "../Example_Flash2806x_API.c",line 477,column 9,is_stmt
     948              ;----------------------------------------------------------------------
     949              ; 477 | while(1)                                                               
     950              ;----------------------------------------------------------------------
     951 0000000c       $C$L7:    
     952 0000000c       $C$DW$L$_sUpDataFlash$4$B:
     953                      .dwpsn  file "../Example_Flash2806x_API.c",line 479,column 5,is_stmt
     954              ;----------------------------------------------------------------------
     955              ; 479 | bIapSciData = sIapGetRxData();                                         
     956              ;----------------------------------------------------------------------
     957 0000000c FF69          SPM       #0                    ; [CPU_] 
     958              $C$DW$75        .dwtag  DW_TAG_TI_branch
     959                      .dwattr $C$DW$75, DW_AT_low_pc(0x00)
     960                      .dwattr $C$DW$75, DW_AT_name("_sIapGetRxData")
     961                      .dwattr $C$DW$75, DW_AT_TI_call
     962 0000000d 7640'         LCR       #_sIapGetRxData       ; [CPU_] |479| 
         0000000e 0104 
     963                      ; call occurs [#_sIapGetRxData] ; [] |479| 
     964 0000000f 761F-         MOVW      DP,#_bIapSciData      ; [CPU_U] 
         00000010 0000 
     965 00000011 9603-         MOV       @_bIapSciData,AL      ; [CPU_] |479| 
     966                      .dwpsn  file "../Example_Flash2806x_API.c",line 481,column 5,is_stmt
     967              ;----------------------------------------------------------------------
     968              ; 481 | if(bIapReceiveIndex !=0 || bIapSciData != 0)                           
     969              ;----------------------------------------------------------------------
     970 00000012 9204-         MOV       AL,@_bIapReceiveIndex ; [CPU_] |481| 
     971 00000013 ED03          BF        $C$L8,NEQ             ; [CPU_] |481| 
     972                      ; branchcc occurs ; [] |481| 
     973 00000014       $C$DW$L$_sUpDataFlash$4$E:
     974 00000014       $C$DW$L$_sUpDataFlash$5$B:
TMS320C2000 Assembler PC v6.1.0 Fri Feb 14 09:23:40 2020

Tools Copyright (c) 1996-2012 Texas Instruments Incorporated
F:/Work/Code Area/Combis/Bootloader/Example_Flash2806x_API21_Combi/Example_Flash2806x_API21_Combi/Example_Flash2806x_API/Debug/Example_Flash2806x_API.asm PAGE   20

     975 00000014 9203-         MOV       AL,@_bIapSciData      ; [CPU_] |481| 
     976 00000015 ECF7          BF        $C$L7,EQ              ; [CPU_] |481| 
     977                      ; branchcc occurs ; [] |481| 
     978 00000016       $C$DW$L$_sUpDataFlash$5$E:
     979 00000016       $C$L8:    
     980 00000016       $C$DW$L$_sUpDataFlash$6$B:
     981                      .dwpsn  file "../Example_Flash2806x_API.c",line 483,column 7,is_stmt
     982              ;----------------------------------------------------------------------
     983              ; 483 | pData.SciDataBuf[bIapReceiveIndex] = bIapSciData;                      
     984              ;----------------------------------------------------------------------
     985 00000016 5804-         MOVZ      AR0,@_bIapReceiveIndex ; [CPU_] |483| 
     986 00000017 8F00-         MOVL      XAR4,#_pData          ; [CPU_U] |483| 
         00000018 0080 
     987 00000019 9203-         MOV       AL,@_bIapSciData      ; [CPU_] |483| 
     988 0000001a 9694          MOV       *+XAR4[AR0],AL        ; [CPU_] |483| 
     989                      .dwpsn  file "../Example_Flash2806x_API.c",line 484,column 7,is_stmt
     990              ;----------------------------------------------------------------------
     991              ; 484 | bIapReceiveIndex++;                                                    
     992              ;----------------------------------------------------------------------
     993 0000001b 0A04-         INC       @_bIapReceiveIndex    ; [CPU_] |484| 
     994                      .dwpsn  file "../Example_Flash2806x_API.c",line 486,column 7,is_stmt
     995              ;----------------------------------------------------------------------
     996              ; 486 | if(bFlashSTEP >=4)                                                     
     997              ;----------------------------------------------------------------------
     998 0000001c 9201-         MOV       AL,@_bFlashSTEP       ; [CPU_] |486| 
     999 0000001d 5204          CMPB      AL,#4                 ; [CPU_] |486| 
    1000 0000001e 6808          B         $C$L9,LO              ; [CPU_] |486| 
    1001                      ; branchcc occurs ; [] |486| 
    1002 0000001f       $C$DW$L$_sUpDataFlash$6$E:
    1003 0000001f       $C$DW$L$_sUpDataFlash$7$B:
    1004                      .dwpsn  file "../Example_Flash2806x_API.c",line 488,column 9,is_stmt
    1005              ;----------------------------------------------------------------------
    1006              ; 488 | pData.DataPackets.SciDatalength --;                                    
    1007              ;----------------------------------------------------------------------
    1008 0000001f 761F-         MOVW      DP,#_pData            ; [CPU_U] 
         00000020 0002 
    1009 00000021 0B00-         DEC       @_pData               ; [CPU_] |488| 
    1010                      .dwpsn  file "../Example_Flash2806x_API.c",line 489,column 9,is_stmt
    1011              ;----------------------------------------------------------------------
    1012              ; 489 | bIapCheckSum ^= bIapSciData;                                           
    1013              ;----------------------------------------------------------------------
    1014 00000022 761F-         MOVW      DP,#_bIapSciData      ; [CPU_U] 
         00000023 0000 
    1015 00000024 9203-         MOV       AL,@_bIapSciData      ; [CPU_] |489| 
    1016 00000025 F202-         XOR       @_bIapCheckSum,AL     ; [CPU_] |489| 
    1017 00000026       $C$DW$L$_sUpDataFlash$7$E:
    1018 00000026       $C$L9:    
    1019 00000026       $C$DW$L$_sUpDataFlash$8$B:
    1020                      .dwpsn  file "../Example_Flash2806x_API.c",line 492,column 7,is_stmt
    1021              ;----------------------------------------------------------------------
    1022              ; 492 | if((bIapSciData == 0x0D)&&(bFlashSTEP <4))                             
    1023              ;----------------------------------------------------------------------
    1024 00000026 9203-         MOV       AL,@_bIapSciData      ; [CPU_] |492| 
    1025 00000027 520D          CMPB      AL,#13                ; [CPU_] |492| 
    1026 00000028 ED7F          BF        $C$L13,NEQ            ; [CPU_] |492| 
TMS320C2000 Assembler PC v6.1.0 Fri Feb 14 09:23:40 2020

Tools Copyright (c) 1996-2012 Texas Instruments Incorporated
F:/Work/Code Area/Combis/Bootloader/Example_Flash2806x_API21_Combi/Example_Flash2806x_API21_Combi/Example_Flash2806x_API/Debug/Example_Flash2806x_API.asm PAGE   21

    1027                      ; branchcc occurs ; [] |492| 
    1028 00000029       $C$DW$L$_sUpDataFlash$8$E:
    1029 00000029       $C$DW$L$_sUpDataFlash$9$B:
    1030 00000029 9201-         MOV       AL,@_bFlashSTEP       ; [CPU_] |492| 
    1031 0000002a 5204          CMPB      AL,#4                 ; [CPU_] |492| 
    1032 0000002b 677C          B         $C$L13,HIS            ; [CPU_] |492| 
    1033                      ; branchcc occurs ; [] |492| 
    1034 0000002c       $C$DW$L$_sUpDataFlash$9$E:
    1035 0000002c       $C$DW$L$_sUpDataFlash$10$B:
    1036                      .dwpsn  file "../Example_Flash2806x_API.c",line 494,column 9,is_stmt
    1037              ;----------------------------------------------------------------------
    1038              ; 494 | bIapReceiveIndex = 0;                                                  
    1039              ;----------------------------------------------------------------------
    1040 0000002c 2B04-         MOV       @_bIapReceiveIndex,#0 ; [CPU_] |494| 
    1041                      .dwpsn  file "../Example_Flash2806x_API.c",line 496,column 9,is_stmt
    1042              ;----------------------------------------------------------------------
    1043              ; 496 | if((pData.SciDataBuf[0]=='C')&&(pData.SciDataBuf[1]=='O')&&(pData.SciDa
    1044              ;     | taBuf[2]=='M')                                                         
    1045              ; 497 | &&(pData.SciDataBuf[3]=='B')&&(pData.SciDataBuf[4]=='I')&&(pData.SciDat
    1046              ;     | aBuf[5]=='S'))                                                         
    1047              ;----------------------------------------------------------------------
    1048 0000002d 761F-         MOVW      DP,#_pData            ; [CPU_U] 
         0000002e 0002 
    1049 0000002f 9200-         MOV       AL,@_pData            ; [CPU_] |496| 
    1050 00000030 5243          CMPB      AL,#67                ; [CPU_] |496| 
    1051 00000031 ED34          BF        $C$L10,NEQ            ; [CPU_] |496| 
    1052                      ; branchcc occurs ; [] |496| 
    1053 00000032       $C$DW$L$_sUpDataFlash$10$E:
    1054 00000032       $C$DW$L$_sUpDataFlash$11$B:
    1055 00000032 9201-         MOV       AL,@_pData+1          ; [CPU_] |496| 
    1056 00000033 524F          CMPB      AL,#79                ; [CPU_] |496| 
    1057 00000034 ED31          BF        $C$L10,NEQ            ; [CPU_] |496| 
    1058                      ; branchcc occurs ; [] |496| 
    1059 00000035       $C$DW$L$_sUpDataFlash$11$E:
    1060 00000035       $C$DW$L$_sUpDataFlash$12$B:
    1061 00000035 9202-         MOV       AL,@_pData+2          ; [CPU_] |496| 
    1062 00000036 524D          CMPB      AL,#77                ; [CPU_] |496| 
    1063 00000037 ED2E          BF        $C$L10,NEQ            ; [CPU_] |496| 
    1064                      ; branchcc occurs ; [] |496| 
    1065 00000038       $C$DW$L$_sUpDataFlash$12$E:
    1066 00000038       $C$DW$L$_sUpDataFlash$13$B:
    1067 00000038 9203-         MOV       AL,@_pData+3          ; [CPU_] |496| 
    1068 00000039 5242          CMPB      AL,#66                ; [CPU_] |496| 
    1069 0000003a ED2B          BF        $C$L10,NEQ            ; [CPU_] |496| 
    1070                      ; branchcc occurs ; [] |496| 
    1071 0000003b       $C$DW$L$_sUpDataFlash$13$E:
    1072 0000003b       $C$DW$L$_sUpDataFlash$14$B:
    1073 0000003b 9204-         MOV       AL,@_pData+4          ; [CPU_] |496| 
    1074 0000003c 5249          CMPB      AL,#73                ; [CPU_] |496| 
    1075 0000003d ED28          BF        $C$L10,NEQ            ; [CPU_] |496| 
    1076                      ; branchcc occurs ; [] |496| 
    1077 0000003e       $C$DW$L$_sUpDataFlash$14$E:
    1078 0000003e       $C$DW$L$_sUpDataFlash$15$B:
    1079 0000003e 9205-         MOV       AL,@_pData+5          ; [CPU_] |496| 
    1080 0000003f 5253          CMPB      AL,#83                ; [CPU_] |496| 
TMS320C2000 Assembler PC v6.1.0 Fri Feb 14 09:23:40 2020

Tools Copyright (c) 1996-2012 Texas Instruments Incorporated
F:/Work/Code Area/Combis/Bootloader/Example_Flash2806x_API21_Combi/Example_Flash2806x_API21_Combi/Example_Flash2806x_API/Debug/Example_Flash2806x_API.asm PAGE   22

    1081 00000040 ED25          BF        $C$L10,NEQ            ; [CPU_] |496| 
    1082                      ; branchcc occurs ; [] |496| 
    1083 00000041       $C$DW$L$_sUpDataFlash$15$E:
    1084 00000041       $C$DW$L$_sUpDataFlash$16$B:
    1085                      .dwpsn  file "../Example_Flash2806x_API.c",line 499,column 11,is_stmt
    1086              ;----------------------------------------------------------------------
    1087              ; 499 | sDelay_us(20);                                                         
    1088              ;----------------------------------------------------------------------
    1089 00000041 9A14          MOVB      AL,#20                ; [CPU_] |499| 
    1090              $C$DW$76        .dwtag  DW_TAG_TI_branch
    1091                      .dwattr $C$DW$76, DW_AT_low_pc(0x00)
    1092                      .dwattr $C$DW$76, DW_AT_name("_sDelay_us")
    1093                      .dwattr $C$DW$76, DW_AT_TI_call
    1094 00000042 7640!         LCR       #_sDelay_us           ; [CPU_] |499| 
         00000043 0000 
    1095                      ; call occurs [#_sDelay_us] ; [] |499| 
    1096                      .dwpsn  file "../Example_Flash2806x_API.c",line 500,column 11,is_stmt
    1097              ;----------------------------------------------------------------------
    1098              ; 500 | sTxChar('A');                                                          
    1099              ;----------------------------------------------------------------------
    1100 00000044 9A41          MOVB      AL,#65                ; [CPU_] |500| 
    1101              $C$DW$77        .dwtag  DW_TAG_TI_branch
    1102                      .dwattr $C$DW$77, DW_AT_low_pc(0x00)
    1103                      .dwattr $C$DW$77, DW_AT_name("_sTxChar")
    1104                      .dwattr $C$DW$77, DW_AT_TI_call
    1105 00000045 7640!         LCR       #_sTxChar             ; [CPU_] |500| 
         00000046 0000 
    1106                      ; call occurs [#_sTxChar] ; [] |500| 
    1107                      .dwpsn  file "../Example_Flash2806x_API.c",line 501,column 11,is_stmt
    1108              ;----------------------------------------------------------------------
    1109              ; 501 | sTxChar('K');                                                          
    1110              ;----------------------------------------------------------------------
    1111 00000047 9A4B          MOVB      AL,#75                ; [CPU_] |501| 
    1112              $C$DW$78        .dwtag  DW_TAG_TI_branch
    1113                      .dwattr $C$DW$78, DW_AT_low_pc(0x00)
    1114                      .dwattr $C$DW$78, DW_AT_name("_sTxChar")
    1115                      .dwattr $C$DW$78, DW_AT_TI_call
    1116 00000048 7640!         LCR       #_sTxChar             ; [CPU_] |501| 
         00000049 0000 
    1117                      ; call occurs [#_sTxChar] ; [] |501| 
    1118                      .dwpsn  file "../Example_Flash2806x_API.c",line 502,column 11,is_stmt
    1119              ;----------------------------------------------------------------------
    1120              ; 502 | sTxChar('1');                                                          
    1121              ;----------------------------------------------------------------------
    1122 0000004a 9A31          MOVB      AL,#49                ; [CPU_] |502| 
    1123              $C$DW$79        .dwtag  DW_TAG_TI_branch
    1124                      .dwattr $C$DW$79, DW_AT_low_pc(0x00)
    1125                      .dwattr $C$DW$79, DW_AT_name("_sTxChar")
    1126                      .dwattr $C$DW$79, DW_AT_TI_call
    1127 0000004b 7640!         LCR       #_sTxChar             ; [CPU_] |502| 
         0000004c 0000 
    1128                      ; call occurs [#_sTxChar] ; [] |502| 
    1129                      .dwpsn  file "../Example_Flash2806x_API.c",line 503,column 11,is_stmt
    1130              ;----------------------------------------------------------------------
    1131              ; 503 | sTxChar('\r');                                                         
TMS320C2000 Assembler PC v6.1.0 Fri Feb 14 09:23:40 2020

Tools Copyright (c) 1996-2012 Texas Instruments Incorporated
F:/Work/Code Area/Combis/Bootloader/Example_Flash2806x_API21_Combi/Example_Flash2806x_API21_Combi/Example_Flash2806x_API/Debug/Example_Flash2806x_API.asm PAGE   23

    1132              ;----------------------------------------------------------------------
    1133 0000004d 9A0D          MOVB      AL,#13                ; [CPU_] |503| 
    1134              $C$DW$80        .dwtag  DW_TAG_TI_branch
    1135                      .dwattr $C$DW$80, DW_AT_low_pc(0x00)
    1136                      .dwattr $C$DW$80, DW_AT_name("_sTxChar")
    1137                      .dwattr $C$DW$80, DW_AT_TI_call
    1138 0000004e 7640!         LCR       #_sTxChar             ; [CPU_] |503| 
         0000004f 0000 
    1139                      ; call occurs [#_sTxChar] ; [] |503| 
    1140                      .dwpsn  file "../Example_Flash2806x_API.c",line 504,column 11,is_stmt
    1141              ;----------------------------------------------------------------------
    1142              ; 504 | sDelay_us(20);                                                         
    1143              ;----------------------------------------------------------------------
    1144 00000050 9A14          MOVB      AL,#20                ; [CPU_] |504| 
    1145              $C$DW$81        .dwtag  DW_TAG_TI_branch
    1146                      .dwattr $C$DW$81, DW_AT_low_pc(0x00)
    1147                      .dwattr $C$DW$81, DW_AT_name("_sDelay_us")
    1148                      .dwattr $C$DW$81, DW_AT_TI_call
    1149 00000051 7640!         LCR       #_sDelay_us           ; [CPU_] |504| 
         00000052 0000 
    1150                      ; call occurs [#_sDelay_us] ; [] |504| 
    1151                      .dwpsn  file "../Example_Flash2806x_API.c",line 505,column 11,is_stmt
    1152              ;----------------------------------------------------------------------
    1153              ; 505 | Flash_Erase(SECTORB,&FlashStatus);                                     
    1154              ;----------------------------------------------------------------------
    1155 00000053 9A02          MOVB      AL,#2                 ; [CPU_] |505| 
    1156 00000054 8F00-         MOVL      XAR4,#_FlashStatus    ; [CPU_U] |505| 
         00000055 000E 
    1157              $C$DW$82        .dwtag  DW_TAG_TI_branch
    1158                      .dwattr $C$DW$82, DW_AT_low_pc(0x00)
    1159                      .dwattr $C$DW$82, DW_AT_name("_Flash2806x_Erase")
    1160                      .dwattr $C$DW$82, DW_AT_TI_call
    1161 00000056 7640!         LCR       #_Flash2806x_Erase    ; [CPU_] |505| 
         00000057 0000 
    1162                      ; call occurs [#_Flash2806x_Erase] ; [] |505| 
    1163                      .dwpsn  file "../Example_Flash2806x_API.c",line 506,column 11,is_stmt
    1164              ;----------------------------------------------------------------------
    1165              ; 506 | Flash_Erase(SECTORC|SECTORD|SECTORE|SECTORF|SECTORG|SECTORH,&FlashStatu
    1166              ;     | s);//                                                                  
    1167              ; 507 | //GpioDataRegs.GPBTOGGLE.bit.GPIO44 = 1;                               
    1168              ;----------------------------------------------------------------------
    1169 00000058 9AFC          MOVB      AL,#252               ; [CPU_] |506| 
    1170 00000059 8F00-         MOVL      XAR4,#_FlashStatus    ; [CPU_U] |506| 
         0000005a 000E 
    1171              $C$DW$83        .dwtag  DW_TAG_TI_branch
    1172                      .dwattr $C$DW$83, DW_AT_low_pc(0x00)
    1173                      .dwattr $C$DW$83, DW_AT_name("_Flash2806x_Erase")
    1174                      .dwattr $C$DW$83, DW_AT_TI_call
    1175 0000005b 7640!         LCR       #_Flash2806x_Erase    ; [CPU_] |506| 
         0000005c 0000 
    1176                      ; call occurs [#_Flash2806x_Erase] ; [] |506| 
    1177                      .dwpsn  file "../Example_Flash2806x_API.c",line 508,column 11,is_stmt
    1178              ;----------------------------------------------------------------------
    1179              ; 508 | bFlashSTEP = 3;                                                        
    1180              ;----------------------------------------------------------------------
TMS320C2000 Assembler PC v6.1.0 Fri Feb 14 09:23:40 2020

Tools Copyright (c) 1996-2012 Texas Instruments Incorporated
F:/Work/Code Area/Combis/Bootloader/Example_Flash2806x_API21_Combi/Example_Flash2806x_API21_Combi/Example_Flash2806x_API/Debug/Example_Flash2806x_API.asm PAGE   24

    1181 0000005d 761F-         MOVW      DP,#_bFlashSTEP       ; [CPU_U] 
         0000005e 0000 
    1182 0000005f 56BF-         MOVB      @_bFlashSTEP,#3,UNC   ; [CPU_] |508| 
         00000060 0301 
    1183                      .dwpsn  file "../Example_Flash2806x_API.c",line 509,column 11,is_stmt
    1184              ;----------------------------------------------------------------------
    1185              ; 509 | sDelay_us(10);                                                         
    1186              ;----------------------------------------------------------------------
    1187 00000061 9A0A          MOVB      AL,#10                ; [CPU_] |509| 
    1188              $C$DW$84        .dwtag  DW_TAG_TI_branch
    1189                      .dwattr $C$DW$84, DW_AT_low_pc(0x00)
    1190                      .dwattr $C$DW$84, DW_AT_name("_sDelay_us")
    1191                      .dwattr $C$DW$84, DW_AT_TI_call
    1192 00000062 7640!         LCR       #_sDelay_us           ; [CPU_] |509| 
         00000063 0000 
    1193                      ; call occurs [#_sDelay_us] ; [] |509| 
    1194                      .dwpsn  file "../Example_Flash2806x_API.c",line 510,column 9,is_stmt
    1195 00000064 6F3E          B         $C$L12,UNC            ; [CPU_] |510| 
    1196                      ; branch occurs ; [] |510| 
    1197 00000065       $C$DW$L$_sUpDataFlash$16$E:
    1198 00000065       $C$L10:    
    1199 00000065       $C$DW$L$_sUpDataFlash$17$B:
    1200                      .dwpsn  file "../Example_Flash2806x_API.c",line 511,column 14,is_stmt
    1201              ;----------------------------------------------------------------------
    1202              ; 511 | else if((pData.SciDataBuf[0]==':')&&(pData.SciDataBuf[1]=='E')&&(pData.
    1203              ;     | SciDataBuf[2]=='F')                                                    
    1204              ; 512 | &&(pData.SciDataBuf[3]=='H'))                                          
    1205              ;----------------------------------------------------------------------
    1206 00000065 9200-         MOV       AL,@_pData            ; [CPU_] |511| 
    1207 00000066 523A          CMPB      AL,#58                ; [CPU_] |511| 
    1208 00000067 ED1A          BF        $C$L11,NEQ            ; [CPU_] |511| 
    1209                      ; branchcc occurs ; [] |511| 
    1210 00000068       $C$DW$L$_sUpDataFlash$17$E:
    1211 00000068       $C$DW$L$_sUpDataFlash$18$B:
    1212 00000068 9201-         MOV       AL,@_pData+1          ; [CPU_] |511| 
    1213 00000069 5245          CMPB      AL,#69                ; [CPU_] |511| 
    1214 0000006a ED17          BF        $C$L11,NEQ            ; [CPU_] |511| 
    1215                      ; branchcc occurs ; [] |511| 
    1216 0000006b       $C$DW$L$_sUpDataFlash$18$E:
    1217 0000006b       $C$DW$L$_sUpDataFlash$19$B:
    1218 0000006b 9202-         MOV       AL,@_pData+2          ; [CPU_] |511| 
    1219 0000006c 5246          CMPB      AL,#70                ; [CPU_] |511| 
    1220 0000006d ED14          BF        $C$L11,NEQ            ; [CPU_] |511| 
    1221                      ; branchcc occurs ; [] |511| 
    1222 0000006e       $C$DW$L$_sUpDataFlash$19$E:
    1223 0000006e       $C$DW$L$_sUpDataFlash$20$B:
    1224 0000006e 9203-         MOV       AL,@_pData+3          ; [CPU_] |511| 
    1225 0000006f 5248          CMPB      AL,#72                ; [CPU_] |511| 
    1226 00000070 ED11          BF        $C$L11,NEQ            ; [CPU_] |511| 
    1227                      ; branchcc occurs ; [] |511| 
    1228 00000071       $C$DW$L$_sUpDataFlash$20$E:
    1229 00000071       $C$DW$L$_sUpDataFlash$21$B:
    1230                      .dwpsn  file "../Example_Flash2806x_API.c",line 514,column 11,is_stmt
    1231              ;----------------------------------------------------------------------
    1232              ; 514 | sTxChar('A');                                                          
TMS320C2000 Assembler PC v6.1.0 Fri Feb 14 09:23:40 2020

Tools Copyright (c) 1996-2012 Texas Instruments Incorporated
F:/Work/Code Area/Combis/Bootloader/Example_Flash2806x_API21_Combi/Example_Flash2806x_API21_Combi/Example_Flash2806x_API/Debug/Example_Flash2806x_API.asm PAGE   25

    1233              ;----------------------------------------------------------------------
    1234 00000071 9A41          MOVB      AL,#65                ; [CPU_] |514| 
    1235              $C$DW$85        .dwtag  DW_TAG_TI_branch
    1236                      .dwattr $C$DW$85, DW_AT_low_pc(0x00)
    1237                      .dwattr $C$DW$85, DW_AT_name("_sTxChar")
    1238                      .dwattr $C$DW$85, DW_AT_TI_call
    1239 00000072 7640!         LCR       #_sTxChar             ; [CPU_] |514| 
         00000073 0000 
    1240                      ; call occurs [#_sTxChar] ; [] |514| 
    1241                      .dwpsn  file "../Example_Flash2806x_API.c",line 515,column 11,is_stmt
    1242              ;----------------------------------------------------------------------
    1243              ; 515 | sTxChar('K');                                                          
    1244              ;----------------------------------------------------------------------
    1245 00000074 9A4B          MOVB      AL,#75                ; [CPU_] |515| 
    1246              $C$DW$86        .dwtag  DW_TAG_TI_branch
    1247                      .dwattr $C$DW$86, DW_AT_low_pc(0x00)
    1248                      .dwattr $C$DW$86, DW_AT_name("_sTxChar")
    1249                      .dwattr $C$DW$86, DW_AT_TI_call
    1250 00000075 7640!         LCR       #_sTxChar             ; [CPU_] |515| 
         00000076 0000 
    1251                      ; call occurs [#_sTxChar] ; [] |515| 
    1252                      .dwpsn  file "../Example_Flash2806x_API.c",line 516,column 11,is_stmt
    1253              ;----------------------------------------------------------------------
    1254              ; 516 | sTxChar('2');                                                          
    1255              ;----------------------------------------------------------------------
    1256 00000077 9A32          MOVB      AL,#50                ; [CPU_] |516| 
    1257              $C$DW$87        .dwtag  DW_TAG_TI_branch
    1258                      .dwattr $C$DW$87, DW_AT_low_pc(0x00)
    1259                      .dwattr $C$DW$87, DW_AT_name("_sTxChar")
    1260                      .dwattr $C$DW$87, DW_AT_TI_call
    1261 00000078 7640!         LCR       #_sTxChar             ; [CPU_] |516| 
         00000079 0000 
    1262                      ; call occurs [#_sTxChar] ; [] |516| 
    1263                      .dwpsn  file "../Example_Flash2806x_API.c",line 517,column 11,is_stmt
    1264              ;----------------------------------------------------------------------
    1265              ; 517 | sTxChar('\r');                                                         
    1266              ;----------------------------------------------------------------------
    1267 0000007a 9A0D          MOVB      AL,#13                ; [CPU_] |517| 
    1268              $C$DW$88        .dwtag  DW_TAG_TI_branch
    1269                      .dwattr $C$DW$88, DW_AT_low_pc(0x00)
    1270                      .dwattr $C$DW$88, DW_AT_name("_sTxChar")
    1271                      .dwattr $C$DW$88, DW_AT_TI_call
    1272 0000007b 7640!         LCR       #_sTxChar             ; [CPU_] |517| 
         0000007c 0000 
    1273                      ; call occurs [#_sTxChar] ; [] |517| 
    1274                      .dwpsn  file "../Example_Flash2806x_API.c",line 518,column 11,is_stmt
    1275              ;----------------------------------------------------------------------
    1276              ; 518 | sDelay_us(10);                                                         
    1277              ;----------------------------------------------------------------------
    1278 0000007d 9A0A          MOVB      AL,#10                ; [CPU_] |518| 
    1279              $C$DW$89        .dwtag  DW_TAG_TI_branch
    1280                      .dwattr $C$DW$89, DW_AT_low_pc(0x00)
    1281                      .dwattr $C$DW$89, DW_AT_name("_sDelay_us")
    1282                      .dwattr $C$DW$89, DW_AT_TI_call
    1283 0000007e 7640!         LCR       #_sDelay_us           ; [CPU_] |518| 
TMS320C2000 Assembler PC v6.1.0 Fri Feb 14 09:23:40 2020

Tools Copyright (c) 1996-2012 Texas Instruments Incorporated
F:/Work/Code Area/Combis/Bootloader/Example_Flash2806x_API21_Combi/Example_Flash2806x_API21_Combi/Example_Flash2806x_API/Debug/Example_Flash2806x_API.asm PAGE   26

         0000007f 0000 
    1284                      ; call occurs [#_sDelay_us] ; [] |518| 
    1285                      .dwpsn  file "../Example_Flash2806x_API.c",line 519,column 9,is_stmt
    1286 00000080 6F22          B         $C$L12,UNC            ; [CPU_] |519| 
    1287                      ; branch occurs ; [] |519| 
    1288 00000081       $C$DW$L$_sUpDataFlash$21$E:
    1289 00000081       $C$L11:    
    1290 00000081       $C$DW$L$_sUpDataFlash$22$B:
    1291                      .dwpsn  file "../Example_Flash2806x_API.c",line 520,column 14,is_stmt
    1292              ;----------------------------------------------------------------------
    1293              ; 520 | else if((pData.SciDataBuf[0]=='B')&&(pData.SciDataBuf[1]=='S')&&(pData.
    1294              ;     | SciDataBuf[2]=='W'))                                                   
    1295              ;----------------------------------------------------------------------
    1296 00000081 9200-         MOV       AL,@_pData            ; [CPU_] |520| 
    1297 00000082 5242          CMPB      AL,#66                ; [CPU_] |520| 
    1298 00000083 ED1F          BF        $C$L12,NEQ            ; [CPU_] |520| 
    1299                      ; branchcc occurs ; [] |520| 
    1300 00000084       $C$DW$L$_sUpDataFlash$22$E:
    1301 00000084       $C$DW$L$_sUpDataFlash$23$B:
    1302 00000084 9201-         MOV       AL,@_pData+1          ; [CPU_] |520| 
    1303 00000085 5253          CMPB      AL,#83                ; [CPU_] |520| 
    1304 00000086 ED1C          BF        $C$L12,NEQ            ; [CPU_] |520| 
    1305                      ; branchcc occurs ; [] |520| 
    1306 00000087       $C$DW$L$_sUpDataFlash$23$E:
    1307 00000087       $C$DW$L$_sUpDataFlash$24$B:
    1308 00000087 9202-         MOV       AL,@_pData+2          ; [CPU_] |520| 
    1309 00000088 5257          CMPB      AL,#87                ; [CPU_] |520| 
    1310 00000089 ED19          BF        $C$L12,NEQ            ; [CPU_] |520| 
    1311                      ; branchcc occurs ; [] |520| 
    1312 0000008a       $C$DW$L$_sUpDataFlash$24$E:
    1313 0000008a       $C$DW$L$_sUpDataFlash$25$B:
    1314                      .dwpsn  file "../Example_Flash2806x_API.c",line 522,column 11,is_stmt
    1315              ;----------------------------------------------------------------------
    1316              ; 522 | sDelay_us(50);                                                         
    1317              ;----------------------------------------------------------------------
    1318 0000008a 9A32          MOVB      AL,#50                ; [CPU_] |522| 
    1319              $C$DW$90        .dwtag  DW_TAG_TI_branch
    1320                      .dwattr $C$DW$90, DW_AT_low_pc(0x00)
    1321                      .dwattr $C$DW$90, DW_AT_name("_sDelay_us")
    1322                      .dwattr $C$DW$90, DW_AT_TI_call
    1323 0000008b 7640!         LCR       #_sDelay_us           ; [CPU_] |522| 
         0000008c 0000 
    1324                      ; call occurs [#_sDelay_us] ; [] |522| 
    1325                      .dwpsn  file "../Example_Flash2806x_API.c",line 523,column 11,is_stmt
    1326              ;----------------------------------------------------------------------
    1327              ; 523 | sTxChar('B');                                                          
    1328              ;----------------------------------------------------------------------
    1329 0000008d 9A42          MOVB      AL,#66                ; [CPU_] |523| 
    1330              $C$DW$91        .dwtag  DW_TAG_TI_branch
    1331                      .dwattr $C$DW$91, DW_AT_low_pc(0x00)
    1332                      .dwattr $C$DW$91, DW_AT_name("_sTxChar")
    1333                      .dwattr $C$DW$91, DW_AT_TI_call
    1334 0000008e 7640!         LCR       #_sTxChar             ; [CPU_] |523| 
         0000008f 0000 
    1335                      ; call occurs [#_sTxChar] ; [] |523| 
TMS320C2000 Assembler PC v6.1.0 Fri Feb 14 09:23:40 2020

Tools Copyright (c) 1996-2012 Texas Instruments Incorporated
F:/Work/Code Area/Combis/Bootloader/Example_Flash2806x_API21_Combi/Example_Flash2806x_API21_Combi/Example_Flash2806x_API/Debug/Example_Flash2806x_API.asm PAGE   27

    1336                      .dwpsn  file "../Example_Flash2806x_API.c",line 524,column 11,is_stmt
    1337              ;----------------------------------------------------------------------
    1338              ; 524 | sTxChar('S');                                                          
    1339              ;----------------------------------------------------------------------
    1340 00000090 9A53          MOVB      AL,#83                ; [CPU_] |524| 
    1341              $C$DW$92        .dwtag  DW_TAG_TI_branch
    1342                      .dwattr $C$DW$92, DW_AT_low_pc(0x00)
    1343                      .dwattr $C$DW$92, DW_AT_name("_sTxChar")
    1344                      .dwattr $C$DW$92, DW_AT_TI_call
    1345 00000091 7640!         LCR       #_sTxChar             ; [CPU_] |524| 
         00000092 0000 
    1346                      ; call occurs [#_sTxChar] ; [] |524| 
    1347                      .dwpsn  file "../Example_Flash2806x_API.c",line 525,column 11,is_stmt
    1348              ;----------------------------------------------------------------------
    1349              ; 525 | sTxChar('H');                                                          
    1350              ;----------------------------------------------------------------------
    1351 00000093 9A48          MOVB      AL,#72                ; [CPU_] |525| 
    1352              $C$DW$93        .dwtag  DW_TAG_TI_branch
    1353                      .dwattr $C$DW$93, DW_AT_low_pc(0x00)
    1354                      .dwattr $C$DW$93, DW_AT_name("_sTxChar")
    1355                      .dwattr $C$DW$93, DW_AT_TI_call
    1356 00000094 7640!         LCR       #_sTxChar             ; [CPU_] |525| 
         00000095 0000 
    1357                      ; call occurs [#_sTxChar] ; [] |525| 
    1358                      .dwpsn  file "../Example_Flash2806x_API.c",line 526,column 11,is_stmt
    1359              ;----------------------------------------------------------------------
    1360              ; 526 | sTxChar('\r');                                                         
    1361              ;----------------------------------------------------------------------
    1362 00000096 9A0D          MOVB      AL,#13                ; [CPU_] |526| 
    1363              $C$DW$94        .dwtag  DW_TAG_TI_branch
    1364                      .dwattr $C$DW$94, DW_AT_low_pc(0x00)
    1365                      .dwattr $C$DW$94, DW_AT_name("_sTxChar")
    1366                      .dwattr $C$DW$94, DW_AT_TI_call
    1367 00000097 7640!         LCR       #_sTxChar             ; [CPU_] |526| 
         00000098 0000 
    1368                      ; call occurs [#_sTxChar] ; [] |526| 
    1369                      .dwpsn  file "../Example_Flash2806x_API.c",line 527,column 11,is_stmt
    1370              ;----------------------------------------------------------------------
    1371              ; 527 | bFlashSTEP = 4;                                                        
    1372              ;----------------------------------------------------------------------
    1373 00000099 761F-         MOVW      DP,#_bFlashSTEP       ; [CPU_U] 
         0000009a 0000 
    1374 0000009b 56BF-         MOVB      @_bFlashSTEP,#4,UNC   ; [CPU_] |527| 
         0000009c 0401 
    1375                      .dwpsn  file "../Example_Flash2806x_API.c",line 528,column 11,is_stmt
    1376              ;----------------------------------------------------------------------
    1377              ; 528 | sDelay_us(100);                                                        
    1378              ;----------------------------------------------------------------------
    1379 0000009d 9A64          MOVB      AL,#100               ; [CPU_] |528| 
    1380              $C$DW$95        .dwtag  DW_TAG_TI_branch
    1381                      .dwattr $C$DW$95, DW_AT_low_pc(0x00)
    1382                      .dwattr $C$DW$95, DW_AT_name("_sDelay_us")
    1383                      .dwattr $C$DW$95, DW_AT_TI_call
    1384 0000009e 7640!         LCR       #_sDelay_us           ; [CPU_] |528| 
         0000009f 0000 
TMS320C2000 Assembler PC v6.1.0 Fri Feb 14 09:23:40 2020

Tools Copyright (c) 1996-2012 Texas Instruments Incorporated
F:/Work/Code Area/Combis/Bootloader/Example_Flash2806x_API21_Combi/Example_Flash2806x_API21_Combi/Example_Flash2806x_API/Debug/Example_Flash2806x_API.asm PAGE   28

    1385                      ; call occurs [#_sDelay_us] ; [] |528| 
    1386                      .dwpsn  file "../Example_Flash2806x_API.c",line 530,column 11,is_stmt
    1387              ;----------------------------------------------------------------------
    1388              ; 530 | sInitSCI9600();                                                        
    1389              ;----------------------------------------------------------------------
    1390              $C$DW$96        .dwtag  DW_TAG_TI_branch
    1391                      .dwattr $C$DW$96, DW_AT_low_pc(0x00)
    1392                      .dwattr $C$DW$96, DW_AT_name("_sInitSCI9600")
    1393                      .dwattr $C$DW$96, DW_AT_TI_call
    1394 000000a0 7640!         LCR       #_sInitSCI9600        ; [CPU_] |530| 
         000000a1 0000 
    1395                      ; call occurs [#_sInitSCI9600] ; [] |530| 
    1396 000000a2       $C$DW$L$_sUpDataFlash$25$E:
    1397 000000a2       $C$L12:    
    1398 000000a2       $C$DW$L$_sUpDataFlash$26$B:
    1399                      .dwpsn  file "../Example_Flash2806x_API.c",line 533,column 9,is_stmt
    1400              ;----------------------------------------------------------------------
    1401              ; 533 | bIapCheckSum = 0;                                                      
    1402              ;----------------------------------------------------------------------
    1403 000000a2 761F-         MOVW      DP,#_bIapCheckSum     ; [CPU_U] 
         000000a3 0000 
    1404 000000a4 2B02-         MOV       @_bIapCheckSum,#0     ; [CPU_] |533| 
    1405                      .dwpsn  file "../Example_Flash2806x_API.c",line 534,column 7,is_stmt
    1406 000000a5 FFEF          B         $C$L7,UNC             ; [CPU_] |534| 
         000000a6 FF67 
    1407                      ; branch occurs ; [] |534| 
    1408 000000a7       $C$DW$L$_sUpDataFlash$26$E:
    1409 000000a7       $C$L13:    
    1410 000000a7       $C$DW$L$_sUpDataFlash$27$B:
    1411                      .dwpsn  file "../Example_Flash2806x_API.c",line 535,column 13,is_stmt
    1412              ;----------------------------------------------------------------------
    1413              ; 535 | else  if( (pData.DataPackets.SciDatalength == 0) && (bFlashSTEP >=4))  
    1414              ;----------------------------------------------------------------------
    1415 000000a7 761F-         MOVW      DP,#_pData            ; [CPU_U] 
         000000a8 0002 
    1416 000000a9 9200-         MOV       AL,@_pData            ; [CPU_] |535| 
    1417 000000aa 56C0          BF        $C$L7,NEQ             ; [CPU_] |535| 
         000000ab FF62 
    1418                      ; branchcc occurs ; [] |535| 
    1419 000000ac       $C$DW$L$_sUpDataFlash$27$E:
    1420 000000ac       $C$DW$L$_sUpDataFlash$28$B:
    1421 000000ac 761F-         MOVW      DP,#_bFlashSTEP       ; [CPU_U] 
         000000ad 0000 
    1422 000000ae 9201-         MOV       AL,@_bFlashSTEP       ; [CPU_] |535| 
    1423 000000af 5204          CMPB      AL,#4                 ; [CPU_] |535| 
    1424 000000b0 FFE8          B         $C$L7,LO              ; [CPU_] |535| 
         000000b1 FF5C 
    1425                      ; branchcc occurs ; [] |535| 
    1426 000000b2       $C$DW$L$_sUpDataFlash$28$E:
    1427 000000b2       $C$DW$L$_sUpDataFlash$29$B:
    1428                      .dwpsn  file "../Example_Flash2806x_API.c",line 537,column 9,is_stmt
    1429              ;----------------------------------------------------------------------
    1430              ; 537 | bIapReceiveIndex = 0;                                                  
    1431              ;----------------------------------------------------------------------
    1432 000000b2 2B04-         MOV       @_bIapReceiveIndex,#0 ; [CPU_] |537| 
TMS320C2000 Assembler PC v6.1.0 Fri Feb 14 09:23:40 2020

Tools Copyright (c) 1996-2012 Texas Instruments Incorporated
F:/Work/Code Area/Combis/Bootloader/Example_Flash2806x_API21_Combi/Example_Flash2806x_API21_Combi/Example_Flash2806x_API/Debug/Example_Flash2806x_API.asm PAGE   29

    1433                      .dwpsn  file "../Example_Flash2806x_API.c",line 539,column 9,is_stmt
    1434              ;----------------------------------------------------------------------
    1435              ; 539 | if(pData.DataPackets.DataLength== cEofLength)                          
    1436              ;----------------------------------------------------------------------
    1437 000000b3 761F-         MOVW      DP,#_pData+1          ; [CPU_U] 
         000000b4 0002 
    1438 000000b5 9201-         MOV       AL,@_pData+1          ; [CPU_] |539| 
    1439 000000b6 5203          CMPB      AL,#3                 ; [CPU_] |539| 
    1440 000000b7 ED0D          BF        $C$L14,NEQ            ; [CPU_] |539| 
    1441                      ; branchcc occurs ; [] |539| 
    1442 000000b8       $C$DW$L$_sUpDataFlash$29$E:
    1443 000000b8       $C$DW$L$_sUpDataFlash$30$B:
    1444                      .dwpsn  file "../Example_Flash2806x_API.c",line 541,column 11,is_stmt
    1445              ;----------------------------------------------------------------------
    1446              ; 541 | if(pData.SciDataBuf[4] == 'E'&&pData.SciDataBuf[5] == 'N'&&pData.SciDat
    1447              ;     | aBuf[6] == 'D')                                                        
    1448              ; 543 | //asm("    MOVL XAR7, #0x3F3000");                                     
    1449              ;----------------------------------------------------------------------
    1450 000000b8 9204-         MOV       AL,@_pData+4          ; [CPU_] |541| 
    1451 000000b9 5245          CMPB      AL,#69                ; [CPU_] |541| 
    1452 000000ba ED0A          BF        $C$L14,NEQ            ; [CPU_] |541| 
    1453                      ; branchcc occurs ; [] |541| 
    1454 000000bb       $C$DW$L$_sUpDataFlash$30$E:
    1455 000000bb       $C$DW$L$_sUpDataFlash$31$B:
    1456 000000bb 9205-         MOV       AL,@_pData+5          ; [CPU_] |541| 
    1457 000000bc 524E          CMPB      AL,#78                ; [CPU_] |541| 
    1458 000000bd ED07          BF        $C$L14,NEQ            ; [CPU_] |541| 
    1459                      ; branchcc occurs ; [] |541| 
    1460 000000be       $C$DW$L$_sUpDataFlash$31$E:
    1461 000000be       $C$DW$L$_sUpDataFlash$32$B:
    1462 000000be 9206-         MOV       AL,@_pData+6          ; [CPU_] |541| 
    1463 000000bf 5244          CMPB      AL,#68                ; [CPU_] |541| 
    1464 000000c0 ED04          BF        $C$L14,NEQ            ; [CPU_] |541| 
    1465                      ; branchcc occurs ; [] |541| 
    1466 000000c1       $C$DW$L$_sUpDataFlash$32$E:
    1467 000000c1       $C$DW$L$_sUpDataFlash$33$B:
    1468                      .dwpsn  file "../Example_Flash2806x_API.c",line 544,column 11,is_stmt
    1469              ;----------------------------------------------------------------------
    1470              ; 544 | asm("    MOVL XAR7, #0x3F7FF6");                                       
    1471              ;----------------------------------------------------------------------
    1472 000000c1 76FF      MOVL XAR7, #0x3F7FF6
         000000c2 7FF6 
    1473                      .dwpsn  file "../Example_Flash2806x_API.c",line 545,column 11,is_stmt
    1474              ;----------------------------------------------------------------------
    1475              ; 545 | asm("    LB *XAR7");                                                   
    1476              ;----------------------------------------------------------------------
    1477 000000c3 7620      LB *XAR7
    1478 000000c4       $C$DW$L$_sUpDataFlash$33$E:
    1479 000000c4       $C$L14:    
    1480 000000c4       $C$DW$L$_sUpDataFlash$34$B:
    1481                      .dwpsn  file "../Example_Flash2806x_API.c",line 549,column 9,is_stmt
    1482              ;----------------------------------------------------------------------
    1483              ; 549 | if(bIapCheckSum == 0)                                                  
    1484              ;----------------------------------------------------------------------
    1485 000000c4 761F-         MOVW      DP,#_bIapCheckSum     ; [CPU_U] 
TMS320C2000 Assembler PC v6.1.0 Fri Feb 14 09:23:40 2020

Tools Copyright (c) 1996-2012 Texas Instruments Incorporated
F:/Work/Code Area/Combis/Bootloader/Example_Flash2806x_API21_Combi/Example_Flash2806x_API21_Combi/Example_Flash2806x_API/Debug/Example_Flash2806x_API.asm PAGE   30

         000000c5 0000 
    1486 000000c6 9202-         MOV       AL,@_bIapCheckSum     ; [CPU_] |549| 
    1487 000000c7 ED30          BF        $C$L18,NEQ            ; [CPU_] |549| 
    1488                      ; branchcc occurs ; [] |549| 
    1489 000000c8       $C$DW$L$_sUpDataFlash$34$E:
    1490 000000c8       $C$DW$L$_sUpDataFlash$35$B:
    1491                      .dwpsn  file "../Example_Flash2806x_API.c",line 551,column 11,is_stmt
    1492              ;----------------------------------------------------------------------
    1493              ; 551 | if(pData.DataPackets.DataAddrMode == 0x04)        //DataAddrMode =0x04,
    1494              ;     |  Get base address                                                      
    1495              ;----------------------------------------------------------------------
    1496 000000c8 761F-         MOVW      DP,#_pData+4          ; [CPU_U] 
         000000c9 0002 
    1497 000000ca 9204-         MOV       AL,@_pData+4          ; [CPU_] |551| 
    1498 000000cb 5204          CMPB      AL,#4                 ; [CPU_] |551| 
    1499 000000cc ED1E          BF        $C$L16,NEQ            ; [CPU_] |551| 
    1500                      ; branchcc occurs ; [] |551| 
    1501 000000cd       $C$DW$L$_sUpDataFlash$35$E:
    1502 000000cd       $C$DW$L$_sUpDataFlash$36$B:
    1503                      .dwpsn  file "../Example_Flash2806x_API.c",line 553,column 13,is_stmt
    1504              ;----------------------------------------------------------------------
    1505              ; 553 | if( pData.DataPackets.DataBuffer[0] == 0)                              
    1506              ;----------------------------------------------------------------------
    1507 000000cd 9205-         MOV       AL,@_pData+5          ; [CPU_] |553| 
    1508 000000ce 56C0          BF        $C$L7,NEQ             ; [CPU_] |553| 
         000000cf FF3E 
    1509                      ; branchcc occurs ; [] |553| 
    1510 000000d0       $C$DW$L$_sUpDataFlash$36$E:
    1511 000000d0       $C$DW$L$_sUpDataFlash$37$B:
    1512                      .dwpsn  file "../Example_Flash2806x_API.c",line 555,column 15,is_stmt
    1513              ;----------------------------------------------------------------------
    1514              ; 555 | if( pData.DataPackets.DataBuffer[1] == 0x3E)                           
    1515              ;----------------------------------------------------------------------
    1516 000000d0 9206-         MOV       AL,@_pData+6          ; [CPU_] |555| 
    1517 000000d1 523E          CMPB      AL,#62                ; [CPU_] |555| 
    1518 000000d2 ED0B          BF        $C$L15,NEQ            ; [CPU_] |555| 
    1519                      ; branchcc occurs ; [] |555| 
    1520 000000d3       $C$DW$L$_sUpDataFlash$37$E:
    1521 000000d3       $C$DW$L$_sUpDataFlash$38$B:
    1522                      .dwpsn  file "../Example_Flash2806x_API.c",line 557,column 19,is_stmt
    1523              ;----------------------------------------------------------------------
    1524              ; 557 | dwBaseAddress = 0x3E0000;                                              
    1525              ;----------------------------------------------------------------------
    1526 000000d3 8F3E          MOVL      XAR4,#4063232         ; [CPU_U] |557| 
         000000d4 0000 
    1527 000000d5 761F-         MOVW      DP,#_dwBaseAddress    ; [CPU_U] 
         000000d6 0000 
    1528 000000d7 A808-         MOVL      @_dwBaseAddress,XAR4  ; [CPU_] |557| 
    1529                      .dwpsn  file "../Example_Flash2806x_API.c",line 558,column 19,is_stmt
    1530              ;----------------------------------------------------------------------
    1531              ; 558 | sAckPrc();                                                             
    1532              ;----------------------------------------------------------------------
    1533 000000d8 FF69          SPM       #0                    ; [CPU_] 
    1534              $C$DW$97        .dwtag  DW_TAG_TI_branch
    1535                      .dwattr $C$DW$97, DW_AT_low_pc(0x00)
TMS320C2000 Assembler PC v6.1.0 Fri Feb 14 09:23:40 2020

Tools Copyright (c) 1996-2012 Texas Instruments Incorporated
F:/Work/Code Area/Combis/Bootloader/Example_Flash2806x_API21_Combi/Example_Flash2806x_API21_Combi/Example_Flash2806x_API/Debug/Example_Flash2806x_API.asm PAGE   31

    1536                      .dwattr $C$DW$97, DW_AT_name("_sAckPrc")
    1537                      .dwattr $C$DW$97, DW_AT_TI_call
    1538 000000d9 7640'         LCR       #_sAckPrc             ; [CPU_] |558| 
         000000da 0136 
    1539                      ; call occurs [#_sAckPrc] ; [] |558| 
    1540                      .dwpsn  file "../Example_Flash2806x_API.c",line 559,column 15,is_stmt
    1541 000000db FFEF          B         $C$L7,UNC             ; [CPU_] |559| 
         000000dc FF31 
    1542                      ; branch occurs ; [] |559| 
    1543 000000dd       $C$DW$L$_sUpDataFlash$38$E:
    1544 000000dd       $C$L15:    
    1545 000000dd       $C$DW$L$_sUpDataFlash$39$B:
    1546                      .dwpsn  file "../Example_Flash2806x_API.c",line 560,column 20,is_stmt
    1547              ;----------------------------------------------------------------------
    1548              ; 560 | else if( pData.DataPackets.DataBuffer[1] == 0x3F)                      
    1549              ;----------------------------------------------------------------------
    1550 000000dd 523F          CMPB      AL,#63                ; [CPU_] |560| 
    1551 000000de 56C0          BF        $C$L7,NEQ             ; [CPU_] |560| 
         000000df FF2E 
    1552                      ; branchcc occurs ; [] |560| 
    1553 000000e0       $C$DW$L$_sUpDataFlash$39$E:
    1554 000000e0       $C$DW$L$_sUpDataFlash$40$B:
    1555                      .dwpsn  file "../Example_Flash2806x_API.c",line 562,column 19,is_stmt
    1556              ;----------------------------------------------------------------------
    1557              ; 562 | dwBaseAddress = 0x3F0000;                                              
    1558              ;----------------------------------------------------------------------
    1559 000000e0 8F3F          MOVL      XAR4,#4128768         ; [CPU_U] |562| 
         000000e1 0000 
    1560 000000e2 761F-         MOVW      DP,#_dwBaseAddress    ; [CPU_U] 
         000000e3 0000 
    1561 000000e4 A808-         MOVL      @_dwBaseAddress,XAR4  ; [CPU_] |562| 
    1562                      .dwpsn  file "../Example_Flash2806x_API.c",line 563,column 19,is_stmt
    1563              ;----------------------------------------------------------------------
    1564              ; 563 | sAckPrc();                                                             
    1565              ;----------------------------------------------------------------------
    1566 000000e5 FF69          SPM       #0                    ; [CPU_] 
    1567              $C$DW$98        .dwtag  DW_TAG_TI_branch
    1568                      .dwattr $C$DW$98, DW_AT_low_pc(0x00)
    1569                      .dwattr $C$DW$98, DW_AT_name("_sAckPrc")
    1570                      .dwattr $C$DW$98, DW_AT_TI_call
    1571 000000e6 7640'         LCR       #_sAckPrc             ; [CPU_] |563| 
         000000e7 0136 
    1572                      ; call occurs [#_sAckPrc] ; [] |563| 
    1573                      .dwpsn  file "../Example_Flash2806x_API.c",line 567,column 11,is_stmt
    1574              ;----------------------------------------------------------------------
    1575              ; 568 | else                //DataAddrMode =0x04, Get offset address and data  
    1576              ;----------------------------------------------------------------------
    1577 000000e8 FFEF          B         $C$L7,UNC             ; [CPU_] |567| 
         000000e9 FF24 
    1578                      ; branch occurs ; [] |567| 
    1579 000000ea       $C$DW$L$_sUpDataFlash$40$E:
    1580 000000ea       $C$L16:    
    1581 000000ea       $C$DW$L$_sUpDataFlash$41$B:
    1582                      .dwpsn  file "../Example_Flash2806x_API.c",line 570,column 13,is_stmt
    1583              ;----------------------------------------------------------------------
TMS320C2000 Assembler PC v6.1.0 Fri Feb 14 09:23:40 2020

Tools Copyright (c) 1996-2012 Texas Instruments Incorporated
F:/Work/Code Area/Combis/Bootloader/Example_Flash2806x_API21_Combi/Example_Flash2806x_API21_Combi/Example_Flash2806x_API/Debug/Example_Flash2806x_API.asm PAGE   32

    1584              ; 570 | if(1==sWriteDataToFlash())                                             
    1585              ;----------------------------------------------------------------------
    1586 000000ea FF69          SPM       #0                    ; [CPU_] 
    1587              $C$DW$99        .dwtag  DW_TAG_TI_branch
    1588                      .dwattr $C$DW$99, DW_AT_low_pc(0x00)
    1589                      .dwattr $C$DW$99, DW_AT_name("_sWriteDataToFlash")
    1590                      .dwattr $C$DW$99, DW_AT_TI_call
    1591 000000eb 7640'         LCR       #_sWriteDataToFlash   ; [CPU_] |570| 
         000000ec 008D 
    1592                      ; call occurs [#_sWriteDataToFlash] ; [] |570| 
    1593 000000ed 5201          CMPB      AL,#1                 ; [CPU_] |570| 
    1594 000000ee ED05          BF        $C$L17,NEQ            ; [CPU_] |570| 
    1595                      ; branchcc occurs ; [] |570| 
    1596 000000ef       $C$DW$L$_sUpDataFlash$41$E:
    1597 000000ef       $C$DW$L$_sUpDataFlash$42$B:
    1598                      .dwpsn  file "../Example_Flash2806x_API.c",line 572,column 15,is_stmt
    1599              ;----------------------------------------------------------------------
    1600              ; 572 | sAckPrc();                                                             
    1601              ;----------------------------------------------------------------------
    1602              $C$DW$100       .dwtag  DW_TAG_TI_branch
    1603                      .dwattr $C$DW$100, DW_AT_low_pc(0x00)
    1604                      .dwattr $C$DW$100, DW_AT_name("_sAckPrc")
    1605                      .dwattr $C$DW$100, DW_AT_TI_call
    1606 000000ef 7640'         LCR       #_sAckPrc             ; [CPU_] |572| 
         000000f0 0136 
    1607                      ; call occurs [#_sAckPrc] ; [] |572| 
    1608                      .dwpsn  file "../Example_Flash2806x_API.c",line 573,column 13,is_stmt
    1609              ;----------------------------------------------------------------------
    1610              ; 574 | else                                                                   
    1611              ;----------------------------------------------------------------------
    1612 000000f1 FFEF          B         $C$L7,UNC             ; [CPU_] |573| 
         000000f2 FF1B 
    1613                      ; branch occurs ; [] |573| 
    1614 000000f3       $C$DW$L$_sUpDataFlash$42$E:
    1615 000000f3       $C$L17:    
    1616 000000f3       $C$DW$L$_sUpDataFlash$43$B:
    1617                      .dwpsn  file "../Example_Flash2806x_API.c",line 576,column 15,is_stmt
    1618              ;----------------------------------------------------------------------
    1619              ; 576 | sNakPrc();                                                             
    1620              ;----------------------------------------------------------------------
    1621              $C$DW$101       .dwtag  DW_TAG_TI_branch
    1622                      .dwattr $C$DW$101, DW_AT_low_pc(0x00)
    1623                      .dwattr $C$DW$101, DW_AT_name("_sNakPrc")
    1624                      .dwattr $C$DW$101, DW_AT_TI_call
    1625 000000f3 7640'         LCR       #_sNakPrc             ; [CPU_] |576| 
         000000f4 012C 
    1626                      ; call occurs [#_sNakPrc] ; [] |576| 
    1627                      .dwpsn  file "../Example_Flash2806x_API.c",line 579,column 9,is_stmt
    1628              ;----------------------------------------------------------------------
    1629              ; 580 | else                                                                   
    1630              ;----------------------------------------------------------------------
    1631 000000f5 FFEF          B         $C$L7,UNC             ; [CPU_] |579| 
         000000f6 FF17 
    1632                      ; branch occurs ; [] |579| 
    1633 000000f7       $C$DW$L$_sUpDataFlash$43$E:
TMS320C2000 Assembler PC v6.1.0 Fri Feb 14 09:23:40 2020

Tools Copyright (c) 1996-2012 Texas Instruments Incorporated
F:/Work/Code Area/Combis/Bootloader/Example_Flash2806x_API21_Combi/Example_Flash2806x_API21_Combi/Example_Flash2806x_API/Debug/Example_Flash2806x_API.asm PAGE   33

    1634 000000f7       $C$L18:    
    1635 000000f7       $C$DW$L$_sUpDataFlash$44$B:
    1636                      .dwpsn  file "../Example_Flash2806x_API.c",line 582,column 11,is_stmt
    1637              ;----------------------------------------------------------------------
    1638              ; 582 | sNakPrc();                                                             
    1639              ;----------------------------------------------------------------------
    1640 000000f7 FF69          SPM       #0                    ; [CPU_] 
    1641              $C$DW$102       .dwtag  DW_TAG_TI_branch
    1642                      .dwattr $C$DW$102, DW_AT_low_pc(0x00)
    1643                      .dwattr $C$DW$102, DW_AT_name("_sNakPrc")
    1644                      .dwattr $C$DW$102, DW_AT_TI_call
    1645 000000f8 7640'         LCR       #_sNakPrc             ; [CPU_] |582| 
         000000f9 012C 
    1646                      ; call occurs [#_sNakPrc] ; [] |582| 
    1647                      .dwpsn  file "../Example_Flash2806x_API.c",line 583,column 11,is_stmt
    1648              ;----------------------------------------------------------------------
    1649              ; 583 | bIapCheckSum = 0;                                                      
    1650              ;----------------------------------------------------------------------
    1651 000000fa 761F-         MOVW      DP,#_bIapCheckSum     ; [CPU_U] 
         000000fb 0000 
    1652 000000fc 2B02-         MOV       @_bIapCheckSum,#0     ; [CPU_] |583| 
    1653                      .dwpsn  file "../Example_Flash2806x_API.c",line 477,column 9,is_stmt
    1654 000000fd FFEF          B         $C$L7,UNC             ; [CPU_] |477| 
         000000fe FF0F 
    1655                      ; branch occurs ; [] |477| 
    1656 000000ff       $C$DW$L$_sUpDataFlash$44$E:
    1657                      .dwcfi  cfa_offset, -2
    1658              
    1659              $C$DW$103       .dwtag  DW_TAG_TI_loop
    1660                      .dwattr $C$DW$103, DW_AT_name("F:/Work/Code Area/Combis/Bootloader/Example_Flash2806x_API21_Combi/Exa
    1661                      .dwattr $C$DW$103, DW_AT_TI_begin_file("../Example_Flash2806x_API.c")
    1662                      .dwattr $C$DW$103, DW_AT_TI_begin_line(0x1dd)
    1663                      .dwattr $C$DW$103, DW_AT_TI_end_line(0x24b)
    1664              $C$DW$104       .dwtag  DW_TAG_TI_loop_range
    1665                      .dwattr $C$DW$104, DW_AT_low_pc($C$DW$L$_sUpDataFlash$4$B)
    1666                      .dwattr $C$DW$104, DW_AT_high_pc($C$DW$L$_sUpDataFlash$4$E)
    1667              $C$DW$105       .dwtag  DW_TAG_TI_loop_range
    1668                      .dwattr $C$DW$105, DW_AT_low_pc($C$DW$L$_sUpDataFlash$41$B)
    1669                      .dwattr $C$DW$105, DW_AT_high_pc($C$DW$L$_sUpDataFlash$41$E)
    1670              $C$DW$106       .dwtag  DW_TAG_TI_loop_range
    1671                      .dwattr $C$DW$106, DW_AT_low_pc($C$DW$L$_sUpDataFlash$37$B)
    1672                      .dwattr $C$DW$106, DW_AT_high_pc($C$DW$L$_sUpDataFlash$37$E)
    1673              $C$DW$107       .dwtag  DW_TAG_TI_loop_range
    1674                      .dwattr $C$DW$107, DW_AT_low_pc($C$DW$L$_sUpDataFlash$29$B)
    1675                      .dwattr $C$DW$107, DW_AT_high_pc($C$DW$L$_sUpDataFlash$29$E)
    1676              $C$DW$108       .dwtag  DW_TAG_TI_loop_range
    1677                      .dwattr $C$DW$108, DW_AT_low_pc($C$DW$L$_sUpDataFlash$30$B)
    1678                      .dwattr $C$DW$108, DW_AT_high_pc($C$DW$L$_sUpDataFlash$30$E)
    1679              $C$DW$109       .dwtag  DW_TAG_TI_loop_range
    1680                      .dwattr $C$DW$109, DW_AT_low_pc($C$DW$L$_sUpDataFlash$31$B)
    1681                      .dwattr $C$DW$109, DW_AT_high_pc($C$DW$L$_sUpDataFlash$31$E)
    1682              $C$DW$110       .dwtag  DW_TAG_TI_loop_range
    1683                      .dwattr $C$DW$110, DW_AT_low_pc($C$DW$L$_sUpDataFlash$32$B)
    1684                      .dwattr $C$DW$110, DW_AT_high_pc($C$DW$L$_sUpDataFlash$32$E)
    1685              $C$DW$111       .dwtag  DW_TAG_TI_loop_range
TMS320C2000 Assembler PC v6.1.0 Fri Feb 14 09:23:40 2020

Tools Copyright (c) 1996-2012 Texas Instruments Incorporated
F:/Work/Code Area/Combis/Bootloader/Example_Flash2806x_API21_Combi/Example_Flash2806x_API21_Combi/Example_Flash2806x_API/Debug/Example_Flash2806x_API.asm PAGE   34

    1686                      .dwattr $C$DW$111, DW_AT_low_pc($C$DW$L$_sUpDataFlash$33$B)
    1687                      .dwattr $C$DW$111, DW_AT_high_pc($C$DW$L$_sUpDataFlash$33$E)
    1688              $C$DW$112       .dwtag  DW_TAG_TI_loop_range
    1689                      .dwattr $C$DW$112, DW_AT_low_pc($C$DW$L$_sUpDataFlash$34$B)
    1690                      .dwattr $C$DW$112, DW_AT_high_pc($C$DW$L$_sUpDataFlash$34$E)
    1691              $C$DW$113       .dwtag  DW_TAG_TI_loop_range
    1692                      .dwattr $C$DW$113, DW_AT_low_pc($C$DW$L$_sUpDataFlash$35$B)
    1693                      .dwattr $C$DW$113, DW_AT_high_pc($C$DW$L$_sUpDataFlash$35$E)
    1694              $C$DW$114       .dwtag  DW_TAG_TI_loop_range
    1695                      .dwattr $C$DW$114, DW_AT_low_pc($C$DW$L$_sUpDataFlash$17$B)
    1696                      .dwattr $C$DW$114, DW_AT_high_pc($C$DW$L$_sUpDataFlash$17$E)
    1697              $C$DW$115       .dwtag  DW_TAG_TI_loop_range
    1698                      .dwattr $C$DW$115, DW_AT_low_pc($C$DW$L$_sUpDataFlash$18$B)
    1699                      .dwattr $C$DW$115, DW_AT_high_pc($C$DW$L$_sUpDataFlash$18$E)
    1700              $C$DW$116       .dwtag  DW_TAG_TI_loop_range
    1701                      .dwattr $C$DW$116, DW_AT_low_pc($C$DW$L$_sUpDataFlash$19$B)
    1702                      .dwattr $C$DW$116, DW_AT_high_pc($C$DW$L$_sUpDataFlash$19$E)
    1703              $C$DW$117       .dwtag  DW_TAG_TI_loop_range
    1704                      .dwattr $C$DW$117, DW_AT_low_pc($C$DW$L$_sUpDataFlash$20$B)
    1705                      .dwattr $C$DW$117, DW_AT_high_pc($C$DW$L$_sUpDataFlash$20$E)
    1706              $C$DW$118       .dwtag  DW_TAG_TI_loop_range
    1707                      .dwattr $C$DW$118, DW_AT_low_pc($C$DW$L$_sUpDataFlash$6$B)
    1708                      .dwattr $C$DW$118, DW_AT_high_pc($C$DW$L$_sUpDataFlash$6$E)
    1709              $C$DW$119       .dwtag  DW_TAG_TI_loop_range
    1710                      .dwattr $C$DW$119, DW_AT_low_pc($C$DW$L$_sUpDataFlash$7$B)
    1711                      .dwattr $C$DW$119, DW_AT_high_pc($C$DW$L$_sUpDataFlash$7$E)
    1712              $C$DW$120       .dwtag  DW_TAG_TI_loop_range
    1713                      .dwattr $C$DW$120, DW_AT_low_pc($C$DW$L$_sUpDataFlash$8$B)
    1714                      .dwattr $C$DW$120, DW_AT_high_pc($C$DW$L$_sUpDataFlash$8$E)
    1715              $C$DW$121       .dwtag  DW_TAG_TI_loop_range
    1716                      .dwattr $C$DW$121, DW_AT_low_pc($C$DW$L$_sUpDataFlash$9$B)
    1717                      .dwattr $C$DW$121, DW_AT_high_pc($C$DW$L$_sUpDataFlash$9$E)
    1718              $C$DW$122       .dwtag  DW_TAG_TI_loop_range
    1719                      .dwattr $C$DW$122, DW_AT_low_pc($C$DW$L$_sUpDataFlash$10$B)
    1720                      .dwattr $C$DW$122, DW_AT_high_pc($C$DW$L$_sUpDataFlash$10$E)
    1721              $C$DW$123       .dwtag  DW_TAG_TI_loop_range
    1722                      .dwattr $C$DW$123, DW_AT_low_pc($C$DW$L$_sUpDataFlash$11$B)
    1723                      .dwattr $C$DW$123, DW_AT_high_pc($C$DW$L$_sUpDataFlash$11$E)
    1724              $C$DW$124       .dwtag  DW_TAG_TI_loop_range
    1725                      .dwattr $C$DW$124, DW_AT_low_pc($C$DW$L$_sUpDataFlash$12$B)
    1726                      .dwattr $C$DW$124, DW_AT_high_pc($C$DW$L$_sUpDataFlash$12$E)
    1727              $C$DW$125       .dwtag  DW_TAG_TI_loop_range
    1728                      .dwattr $C$DW$125, DW_AT_low_pc($C$DW$L$_sUpDataFlash$13$B)
    1729                      .dwattr $C$DW$125, DW_AT_high_pc($C$DW$L$_sUpDataFlash$13$E)
    1730              $C$DW$126       .dwtag  DW_TAG_TI_loop_range
    1731                      .dwattr $C$DW$126, DW_AT_low_pc($C$DW$L$_sUpDataFlash$14$B)
    1732                      .dwattr $C$DW$126, DW_AT_high_pc($C$DW$L$_sUpDataFlash$14$E)
    1733              $C$DW$127       .dwtag  DW_TAG_TI_loop_range
    1734                      .dwattr $C$DW$127, DW_AT_low_pc($C$DW$L$_sUpDataFlash$15$B)
    1735                      .dwattr $C$DW$127, DW_AT_high_pc($C$DW$L$_sUpDataFlash$15$E)
    1736              $C$DW$128       .dwtag  DW_TAG_TI_loop_range
    1737                      .dwattr $C$DW$128, DW_AT_low_pc($C$DW$L$_sUpDataFlash$16$B)
    1738                      .dwattr $C$DW$128, DW_AT_high_pc($C$DW$L$_sUpDataFlash$16$E)
    1739              $C$DW$129       .dwtag  DW_TAG_TI_loop_range
    1740                      .dwattr $C$DW$129, DW_AT_low_pc($C$DW$L$_sUpDataFlash$21$B)
TMS320C2000 Assembler PC v6.1.0 Fri Feb 14 09:23:40 2020

Tools Copyright (c) 1996-2012 Texas Instruments Incorporated
F:/Work/Code Area/Combis/Bootloader/Example_Flash2806x_API21_Combi/Example_Flash2806x_API21_Combi/Example_Flash2806x_API/Debug/Example_Flash2806x_API.asm PAGE   35

    1741                      .dwattr $C$DW$129, DW_AT_high_pc($C$DW$L$_sUpDataFlash$21$E)
    1742              $C$DW$130       .dwtag  DW_TAG_TI_loop_range
    1743                      .dwattr $C$DW$130, DW_AT_low_pc($C$DW$L$_sUpDataFlash$22$B)
    1744                      .dwattr $C$DW$130, DW_AT_high_pc($C$DW$L$_sUpDataFlash$22$E)
    1745              $C$DW$131       .dwtag  DW_TAG_TI_loop_range
    1746                      .dwattr $C$DW$131, DW_AT_low_pc($C$DW$L$_sUpDataFlash$23$B)
    1747                      .dwattr $C$DW$131, DW_AT_high_pc($C$DW$L$_sUpDataFlash$23$E)
    1748              $C$DW$132       .dwtag  DW_TAG_TI_loop_range
    1749                      .dwattr $C$DW$132, DW_AT_low_pc($C$DW$L$_sUpDataFlash$24$B)
    1750                      .dwattr $C$DW$132, DW_AT_high_pc($C$DW$L$_sUpDataFlash$24$E)
    1751              $C$DW$133       .dwtag  DW_TAG_TI_loop_range
    1752                      .dwattr $C$DW$133, DW_AT_low_pc($C$DW$L$_sUpDataFlash$25$B)
    1753                      .dwattr $C$DW$133, DW_AT_high_pc($C$DW$L$_sUpDataFlash$25$E)
    1754              $C$DW$134       .dwtag  DW_TAG_TI_loop_range
    1755                      .dwattr $C$DW$134, DW_AT_low_pc($C$DW$L$_sUpDataFlash$44$B)
    1756                      .dwattr $C$DW$134, DW_AT_high_pc($C$DW$L$_sUpDataFlash$44$E)
    1757              $C$DW$135       .dwtag  DW_TAG_TI_loop_range
    1758                      .dwattr $C$DW$135, DW_AT_low_pc($C$DW$L$_sUpDataFlash$43$B)
    1759                      .dwattr $C$DW$135, DW_AT_high_pc($C$DW$L$_sUpDataFlash$43$E)
    1760              $C$DW$136       .dwtag  DW_TAG_TI_loop_range
    1761                      .dwattr $C$DW$136, DW_AT_low_pc($C$DW$L$_sUpDataFlash$42$B)
    1762                      .dwattr $C$DW$136, DW_AT_high_pc($C$DW$L$_sUpDataFlash$42$E)
    1763              $C$DW$137       .dwtag  DW_TAG_TI_loop_range
    1764                      .dwattr $C$DW$137, DW_AT_low_pc($C$DW$L$_sUpDataFlash$40$B)
    1765                      .dwattr $C$DW$137, DW_AT_high_pc($C$DW$L$_sUpDataFlash$40$E)
    1766              $C$DW$138       .dwtag  DW_TAG_TI_loop_range
    1767                      .dwattr $C$DW$138, DW_AT_low_pc($C$DW$L$_sUpDataFlash$39$B)
    1768                      .dwattr $C$DW$138, DW_AT_high_pc($C$DW$L$_sUpDataFlash$39$E)
    1769              $C$DW$139       .dwtag  DW_TAG_TI_loop_range
    1770                      .dwattr $C$DW$139, DW_AT_low_pc($C$DW$L$_sUpDataFlash$38$B)
    1771                      .dwattr $C$DW$139, DW_AT_high_pc($C$DW$L$_sUpDataFlash$38$E)
    1772              $C$DW$140       .dwtag  DW_TAG_TI_loop_range
    1773                      .dwattr $C$DW$140, DW_AT_low_pc($C$DW$L$_sUpDataFlash$36$B)
    1774                      .dwattr $C$DW$140, DW_AT_high_pc($C$DW$L$_sUpDataFlash$36$E)
    1775              $C$DW$141       .dwtag  DW_TAG_TI_loop_range
    1776                      .dwattr $C$DW$141, DW_AT_low_pc($C$DW$L$_sUpDataFlash$28$B)
    1777                      .dwattr $C$DW$141, DW_AT_high_pc($C$DW$L$_sUpDataFlash$28$E)
    1778              $C$DW$142       .dwtag  DW_TAG_TI_loop_range
    1779                      .dwattr $C$DW$142, DW_AT_low_pc($C$DW$L$_sUpDataFlash$27$B)
    1780                      .dwattr $C$DW$142, DW_AT_high_pc($C$DW$L$_sUpDataFlash$27$E)
    1781              $C$DW$143       .dwtag  DW_TAG_TI_loop_range
    1782                      .dwattr $C$DW$143, DW_AT_low_pc($C$DW$L$_sUpDataFlash$26$B)
    1783                      .dwattr $C$DW$143, DW_AT_high_pc($C$DW$L$_sUpDataFlash$26$E)
    1784              $C$DW$144       .dwtag  DW_TAG_TI_loop_range
    1785                      .dwattr $C$DW$144, DW_AT_low_pc($C$DW$L$_sUpDataFlash$5$B)
    1786                      .dwattr $C$DW$144, DW_AT_high_pc($C$DW$L$_sUpDataFlash$5$E)
    1787                      .dwendtag $C$DW$103
    1788              
    1789                      .dwattr $C$DW$72, DW_AT_TI_end_file("../Example_Flash2806x_API.c")
    1790                      .dwattr $C$DW$72, DW_AT_TI_end_line(0x24c)
    1791                      .dwattr $C$DW$72, DW_AT_TI_end_column(0x01)
    1792                      .dwendentry
    1793                      .dwendtag $C$DW$72
    1794              
    1795 0000008d               .sect   ".text"
TMS320C2000 Assembler PC v6.1.0 Fri Feb 14 09:23:40 2020

Tools Copyright (c) 1996-2012 Texas Instruments Incorporated
F:/Work/Code Area/Combis/Bootloader/Example_Flash2806x_API21_Combi/Example_Flash2806x_API21_Combi/Example_Flash2806x_API/Debug/Example_Flash2806x_API.asm PAGE   36

    1796                      .global _sWriteDataToFlash
    1797              
    1798              $C$DW$145       .dwtag  DW_TAG_subprogram, DW_AT_name("sWriteDataToFlash")
    1799                      .dwattr $C$DW$145, DW_AT_low_pc(_sWriteDataToFlash)
    1800                      .dwattr $C$DW$145, DW_AT_high_pc(0x00)
    1801                      .dwattr $C$DW$145, DW_AT_TI_symbol_name("_sWriteDataToFlash")
    1802                      .dwattr $C$DW$145, DW_AT_external
    1803                      .dwattr $C$DW$145, DW_AT_type(*$C$DW$T$6)
    1804                      .dwattr $C$DW$145, DW_AT_TI_begin_file("../Example_Flash2806x_API.c")
    1805                      .dwattr $C$DW$145, DW_AT_TI_begin_line(0x24f)
    1806                      .dwattr $C$DW$145, DW_AT_TI_begin_column(0x07)
    1807                      .dwattr $C$DW$145, DW_AT_TI_max_frame_size(-12)
    1808                      .dwpsn  file "../Example_Flash2806x_API.c",line 592,column 1,is_stmt,address _sWriteDataToFlash
    1809              
    1810                      .dwfde $C$DW$CIE, _sWriteDataToFlash
    1811              ;----------------------------------------------------------------------
    1812              ; 591 | Uint8 sWriteDataToFlash(void)                                          
    1813              ;----------------------------------------------------------------------
    1814              
    1815              ;***************************************************************
    1816              ;* FNAME: _sWriteDataToFlash            FR SIZE:  10           *
    1817              ;*                                                             *
    1818              ;* FUNCTION ENVIRONMENT                                        *
    1819              ;*                                                             *
    1820              ;* FUNCTION PROPERTIES                                         *
    1821              ;*                            2 Parameter,  8 Auto,  0 SOE     *
    1822              ;***************************************************************
    1823              
    1824 0000008d       _sWriteDataToFlash:
    1825              ;----------------------------------------------------------------------
    1826              ; 593 | Uint8  bDataLength,bCnt,bDataHigh,bDataLow;                            
    1827              ; 594 | Uint16  *sourceAdress;                                                 
    1828              ; 595 | Uint16  wDataTemp;                                                     
    1829              ; 596 | Uint8  bVerify;                                                        
    1830              ;----------------------------------------------------------------------
    1831                      .dwcfi  cfa_offset, -2
    1832                      .dwcfi  save_reg_to_mem, 26, 0
    1833                      .dwcfi  save_reg_to_reg, 78, 26
    1834 0000008d FE0A          ADDB      SP,#10                ; [CPU_U] 
    1835                      .dwcfi  cfa_offset, -12
    1836              $C$DW$146       .dwtag  DW_TAG_variable, DW_AT_name("bDataLength")
    1837                      .dwattr $C$DW$146, DW_AT_TI_symbol_name("_bDataLength")
    1838                      .dwattr $C$DW$146, DW_AT_type(*$C$DW$T$6)
    1839                      .dwattr $C$DW$146, DW_AT_location[DW_OP_breg20 -3]
    1840              $C$DW$147       .dwtag  DW_TAG_variable, DW_AT_name("bCnt")
    1841                      .dwattr $C$DW$147, DW_AT_TI_symbol_name("_bCnt")
    1842                      .dwattr $C$DW$147, DW_AT_type(*$C$DW$T$6)
    1843                      .dwattr $C$DW$147, DW_AT_location[DW_OP_breg20 -4]
    1844              $C$DW$148       .dwtag  DW_TAG_variable, DW_AT_name("bDataHigh")
    1845                      .dwattr $C$DW$148, DW_AT_TI_symbol_name("_bDataHigh")
    1846                      .dwattr $C$DW$148, DW_AT_type(*$C$DW$T$6)
    1847                      .dwattr $C$DW$148, DW_AT_location[DW_OP_breg20 -5]
    1848              $C$DW$149       .dwtag  DW_TAG_variable, DW_AT_name("bDataLow")
    1849                      .dwattr $C$DW$149, DW_AT_TI_symbol_name("_bDataLow")
    1850                      .dwattr $C$DW$149, DW_AT_type(*$C$DW$T$6)
TMS320C2000 Assembler PC v6.1.0 Fri Feb 14 09:23:40 2020

Tools Copyright (c) 1996-2012 Texas Instruments Incorporated
F:/Work/Code Area/Combis/Bootloader/Example_Flash2806x_API21_Combi/Example_Flash2806x_API21_Combi/Example_Flash2806x_API/Debug/Example_Flash2806x_API.asm PAGE   37

    1851                      .dwattr $C$DW$149, DW_AT_location[DW_OP_breg20 -6]
    1852              $C$DW$150       .dwtag  DW_TAG_variable, DW_AT_name("sourceAdress")
    1853                      .dwattr $C$DW$150, DW_AT_TI_symbol_name("_sourceAdress")
    1854                      .dwattr $C$DW$150, DW_AT_type(*$C$DW$T$22)
    1855                      .dwattr $C$DW$150, DW_AT_location[DW_OP_breg20 -8]
    1856              $C$DW$151       .dwtag  DW_TAG_variable, DW_AT_name("wDataTemp")
    1857                      .dwattr $C$DW$151, DW_AT_TI_symbol_name("_wDataTemp")
    1858                      .dwattr $C$DW$151, DW_AT_type(*$C$DW$T$11)
    1859                      .dwattr $C$DW$151, DW_AT_location[DW_OP_breg20 -9]
    1860              $C$DW$152       .dwtag  DW_TAG_variable, DW_AT_name("bVerify")
    1861                      .dwattr $C$DW$152, DW_AT_TI_symbol_name("_bVerify")
    1862                      .dwattr $C$DW$152, DW_AT_type(*$C$DW$T$6)
    1863                      .dwattr $C$DW$152, DW_AT_location[DW_OP_breg20 -10]
    1864                      .dwpsn  file "../Example_Flash2806x_API.c",line 598,column 3,is_stmt
    1865              ;----------------------------------------------------------------------
    1866              ; 598 | bDataLength = pData.DataPackets.DataLength;                            
    1867              ;----------------------------------------------------------------------
    1868 0000008e 761F-         MOVW      DP,#_pData+1          ; [CPU_U] 
         0000008f 0002 
    1869 00000090 9201-         MOV       AL,@_pData+1          ; [CPU_] |598| 
    1870 00000091 9643          MOV       *-SP[3],AL            ; [CPU_] |598| 
    1871                      .dwpsn  file "../Example_Flash2806x_API.c",line 600,column 3,is_stmt
    1872              ;----------------------------------------------------------------------
    1873              ; 600 | if(bDataLength > 32 )                                                  
    1874              ;----------------------------------------------------------------------
    1875 00000092 5220          CMPB      AL,#32                ; [CPU_] |600| 
    1876                      .dwpsn  file "../Example_Flash2806x_API.c",line 602,column 5,is_stmt
    1877              ;----------------------------------------------------------------------
    1878              ; 602 | bDataLength = 32;                                                      
    1879              ;----------------------------------------------------------------------
    1880 00000093 56B6          MOVB      *-SP[3],#32,HI        ; [CPU_] |602| 
         00000094 2043 
    1881                      .dwpsn  file "../Example_Flash2806x_API.c",line 605,column 7,is_stmt
    1882              ;----------------------------------------------------------------------
    1883              ; 605 | for(bCnt=0;bCnt<(bDataLength/2);bCnt++)                                
    1884              ;----------------------------------------------------------------------
    1885 00000095 2B44          MOV       *-SP[4],#0            ; [CPU_] |605| 
    1886 00000096 6F17          B         $C$L20,UNC            ; [CPU_] |605| 
    1887                      ; branch occurs ; [] |605| 
    1888 00000097       $C$L19:    
    1889 00000097       $C$DW$L$_sWriteDataToFlash$2$B:
    1890                      .dwpsn  file "../Example_Flash2806x_API.c",line 607,column 5,is_stmt
    1891              ;----------------------------------------------------------------------
    1892              ; 607 | bDataHigh = pData.DataPackets.DataBuffer[2*bCnt];                      
    1893              ;----------------------------------------------------------------------
    1894 00000097 5603          MOV       ACC,*-SP[4] << #1     ; [CPU_] |607| 
         00000098 0144 
    1895 00000099 8F00-         MOVL      XAR4,#_pData+5        ; [CPU_U] |607| 
         0000009a 0085 
    1896 0000009b 58A9          MOVZ      AR0,AL                ; [CPU_] |607| 
    1897 0000009c 9294          MOV       AL,*+XAR4[AR0]        ; [CPU_] |607| 
    1898 0000009d 9645          MOV       *-SP[5],AL            ; [CPU_] |607| 
    1899                      .dwpsn  file "../Example_Flash2806x_API.c",line 608,column 5,is_stmt
    1900              ;----------------------------------------------------------------------
    1901              ; 608 | bDataLow =pData.DataPackets.DataBuffer[2*bCnt+1];                      
TMS320C2000 Assembler PC v6.1.0 Fri Feb 14 09:23:40 2020

Tools Copyright (c) 1996-2012 Texas Instruments Incorporated
F:/Work/Code Area/Combis/Bootloader/Example_Flash2806x_API21_Combi/Example_Flash2806x_API21_Combi/Example_Flash2806x_API/Debug/Example_Flash2806x_API.asm PAGE   38

    1902              ;----------------------------------------------------------------------
    1903 0000009e 5603          MOV       ACC,*-SP[4] << #1     ; [CPU_] |608| 
         0000009f 0144 
    1904 000000a0 9C01          ADDB      AL,#1                 ; [CPU_] |608| 
    1905 000000a1 58A9          MOVZ      AR0,AL                ; [CPU_] |608| 
    1906 000000a2 9294          MOV       AL,*+XAR4[AR0]        ; [CPU_] |608| 
    1907 000000a3 9646          MOV       *-SP[6],AL            ; [CPU_] |608| 
    1908                      .dwpsn  file "../Example_Flash2806x_API.c",line 609,column 5,is_stmt
    1909              ;----------------------------------------------------------------------
    1910              ; 609 | wDataTemp = bDataHigh * (Uint16)256 + bDataLow;                        
    1911              ;----------------------------------------------------------------------
    1912 000000a4 5603          MOV       ACC,*-SP[5] << #8     ; [CPU_] |609| 
         000000a5 0845 
    1913 000000a6 9446          ADD       AL,*-SP[6]            ; [CPU_] |609| 
    1914 000000a7 9649          MOV       *-SP[9],AL            ; [CPU_] |609| 
    1915                      .dwpsn  file "../Example_Flash2806x_API.c",line 610,column 5,is_stmt
    1916              ;----------------------------------------------------------------------
    1917              ; 610 | wDataBuffer[bCnt] = wDataTemp;      //(Uint32)bDataHigh << 8 + bDataLow
    1918              ;     | ;                                                                      
    1919              ;----------------------------------------------------------------------
    1920 000000a8 5844          MOVZ      AR0,*-SP[4]           ; [CPU_] |610| 
    1921 000000a9 8F00-         MOVL      XAR4,#_wDataBuffer    ; [CPU_U] |610| 
         000000aa 0012 
    1922 000000ab 9694          MOV       *+XAR4[AR0],AL        ; [CPU_] |610| 
    1923                      .dwpsn  file "../Example_Flash2806x_API.c",line 605,column 35,is_stmt
    1924 000000ac 0A44          INC       *-SP[4]               ; [CPU_] |605| 
    1925 000000ad       $C$DW$L$_sWriteDataToFlash$2$E:
    1926 000000ad       $C$L20:    
    1927 000000ad       $C$DW$L$_sWriteDataToFlash$3$B:
    1928                      .dwpsn  file "../Example_Flash2806x_API.c",line 605,column 14,is_stmt
    1929 000000ad 9243          MOV       AL,*-SP[3]            ; [CPU_] |605| 
    1930 000000ae FFC0          LSR       AL,1                  ; [CPU_] |605| 
    1931 000000af 5444          CMP       AL,*-SP[4]            ; [CPU_] |605| 
    1932 000000b0 66E7          B         $C$L19,HI             ; [CPU_] |605| 
    1933                      ; branchcc occurs ; [] |605| 
    1934 000000b1       $C$DW$L$_sWriteDataToFlash$3$E:
    1935                      .dwpsn  file "../Example_Flash2806x_API.c",line 613,column 5,is_stmt
    1936              ;----------------------------------------------------------------------
    1937              ; 613 | bDataHigh = pData.DataPackets.DataAddrH;                               
    1938              ;----------------------------------------------------------------------
    1939 000000b1 761F-         MOVW      DP,#_pData+2          ; [CPU_U] 
         000000b2 0002 
    1940 000000b3 9202-         MOV       AL,@_pData+2          ; [CPU_] |613| 
    1941 000000b4 9645          MOV       *-SP[5],AL            ; [CPU_] |613| 
    1942                      .dwpsn  file "../Example_Flash2806x_API.c",line 614,column 5,is_stmt
    1943              ;----------------------------------------------------------------------
    1944              ; 614 | bDataLow = pData.DataPackets.DataAddrL;                                
    1945              ;----------------------------------------------------------------------
    1946 000000b5 9203-         MOV       AL,@_pData+3          ; [CPU_] |614| 
    1947 000000b6 9646          MOV       *-SP[6],AL            ; [CPU_] |614| 
    1948                      .dwpsn  file "../Example_Flash2806x_API.c",line 615,column 5,is_stmt
    1949              ;----------------------------------------------------------------------
    1950              ; 615 | wDataTemp = bDataHigh * (Uint16)256 + bDataLow;                        
    1951              ;----------------------------------------------------------------------
    1952 000000b7 5603          MOV       ACC,*-SP[5] << #8     ; [CPU_] |615| 
TMS320C2000 Assembler PC v6.1.0 Fri Feb 14 09:23:40 2020

Tools Copyright (c) 1996-2012 Texas Instruments Incorporated
F:/Work/Code Area/Combis/Bootloader/Example_Flash2806x_API21_Combi/Example_Flash2806x_API21_Combi/Example_Flash2806x_API/Debug/Example_Flash2806x_API.asm PAGE   39

         000000b8 0845 
    1953 000000b9 9446          ADD       AL,*-SP[6]            ; [CPU_] |615| 
    1954 000000ba 9649          MOV       *-SP[9],AL            ; [CPU_] |615| 
    1955                      .dwpsn  file "../Example_Flash2806x_API.c",line 616,column 5,is_stmt
    1956              ;----------------------------------------------------------------------
    1957              ; 616 | dwOffsetAddress = wDataTemp;                                           
    1958              ;----------------------------------------------------------------------
    1959 000000bb 761F-         MOVW      DP,#_dwOffsetAddress  ; [CPU_U] 
         000000bc 0000 
    1960 000000bd 0E49          MOVU      ACC,*-SP[9]           ; [CPU_] |616| 
    1961 000000be 1E0A-         MOVL      @_dwOffsetAddress,ACC ; [CPU_] |616| 
    1962                      .dwpsn  file "../Example_Flash2806x_API.c",line 617,column 5,is_stmt
    1963              ;----------------------------------------------------------------------
    1964              ; 617 | dwAbsoluteAddress = dwBaseAddress + dwOffsetAddress;                   
    1965              ;----------------------------------------------------------------------
    1966 000000bf 060A-         MOVL      ACC,@_dwOffsetAddress ; [CPU_] |617| 
    1967 000000c0 0708-         ADDL      ACC,@_dwBaseAddress   ; [CPU_] |617| 
    1968 000000c1 1E06-         MOVL      @_dwAbsoluteAddress,ACC ; [CPU_] |617| 
    1969                      .dwpsn  file "../Example_Flash2806x_API.c",line 618,column 5,is_stmt
    1970              ;----------------------------------------------------------------------
    1971              ; 618 | sourceAdress = (Uint16 *)dwAbsoluteAddress;                            
    1972              ;----------------------------------------------------------------------
    1973 000000c2 0606-         MOVL      ACC,@_dwAbsoluteAddress ; [CPU_] |618| 
    1974 000000c3 1E48          MOVL      *-SP[8],ACC           ; [CPU_] |618| 
    1975                      .dwpsn  file "../Example_Flash2806x_API.c",line 621,column 3,is_stmt
    1976              ;----------------------------------------------------------------------
    1977              ; 621 | if( (dwAbsoluteAddress<0x3F6000) && ((dwBaseAddress== 0x3E0000)||(dwBas
    1978              ;     | eAddress== 0x3F0000)) )  //20150428                                    
    1979              ;----------------------------------------------------------------------
    1980 000000c4 8F3F          MOVL      XAR4,#4153344         ; [CPU_U] |621| 
         000000c5 6000 
    1981 000000c6 A8A9          MOVL      ACC,XAR4              ; [CPU_] |621| 
    1982 000000c7 0F06-         CMPL      ACC,@_dwAbsoluteAddress ; [CPU_] |621| 
    1983 000000c8 6922          B         $C$L22,LOS            ; [CPU_] |621| 
    1984                      ; branchcc occurs ; [] |621| 
    1985 000000c9 8F3E          MOVL      XAR4,#4063232         ; [CPU_U] |621| 
         000000ca 0000 
    1986 000000cb A8A9          MOVL      ACC,XAR4              ; [CPU_] |621| 
    1987 000000cc 0F08-         CMPL      ACC,@_dwBaseAddress   ; [CPU_] |621| 
    1988 000000cd EC06          BF        $C$L21,EQ             ; [CPU_] |621| 
    1989                      ; branchcc occurs ; [] |621| 
    1990 000000ce 8F3F          MOVL      XAR4,#4128768         ; [CPU_U] |621| 
         000000cf 0000 
    1991 000000d0 A8A9          MOVL      ACC,XAR4              ; [CPU_] |621| 
    1992 000000d1 0F08-         CMPL      ACC,@_dwBaseAddress   ; [CPU_] |621| 
    1993 000000d2 ED18          BF        $C$L22,NEQ            ; [CPU_] |621| 
    1994                      ; branchcc occurs ; [] |621| 
    1995 000000d3       $C$L21:    
    1996                      .dwpsn  file "../Example_Flash2806x_API.c",line 623,column 5,is_stmt
    1997              ;----------------------------------------------------------------------
    1998              ; 623 | Flash_Program(sourceAdress,wDataBuffer,bDataLength/2,&FlashStatus);    
    1999              ;----------------------------------------------------------------------
    2000 000000d3 8F00-         MOVL      XAR4,#_FlashStatus    ; [CPU_U] |623| 
         000000d4 000E 
    2001 000000d5 A842          MOVL      *-SP[2],XAR4          ; [CPU_] |623| 
TMS320C2000 Assembler PC v6.1.0 Fri Feb 14 09:23:40 2020

Tools Copyright (c) 1996-2012 Texas Instruments Incorporated
F:/Work/Code Area/Combis/Bootloader/Example_Flash2806x_API21_Combi/Example_Flash2806x_API21_Combi/Example_Flash2806x_API/Debug/Example_Flash2806x_API.asm PAGE   40

    2002 000000d6 8F40-         MOVL      XAR5,#_wDataBuffer    ; [CPU_U] |623| 
         000000d7 0012 
    2003 000000d8 9243          MOV       AL,*-SP[3]            ; [CPU_] |623| 
    2004 000000d9 FFC0          LSR       AL,1                  ; [CPU_] |623| 
    2005 000000da 8A48          MOVL      XAR4,*-SP[8]          ; [CPU_] |623| 
    2006 000000db 0EA9          MOVU      ACC,AL                ; [CPU_] |623| 
    2007              $C$DW$153       .dwtag  DW_TAG_TI_branch
    2008                      .dwattr $C$DW$153, DW_AT_low_pc(0x00)
    2009                      .dwattr $C$DW$153, DW_AT_name("_Flash2806x_Program")
    2010                      .dwattr $C$DW$153, DW_AT_TI_call
    2011 000000dc 7640!         LCR       #_Flash2806x_Program  ; [CPU_] |623| 
         000000dd 0000 
    2012                      ; call occurs [#_Flash2806x_Program] ; [] |623| 
    2013                      .dwpsn  file "../Example_Flash2806x_API.c",line 624,column 5,is_stmt
    2014              ;----------------------------------------------------------------------
    2015              ; 624 | bVerify = sbFlash_Veirfy(sourceAdress,wDataBuffer,bDataLength/2);      
    2016              ;----------------------------------------------------------------------
    2017 000000de 8F40-         MOVL      XAR5,#_wDataBuffer    ; [CPU_U] |624| 
         000000df 0012 
    2018 000000e0 9243          MOV       AL,*-SP[3]            ; [CPU_] |624| 
    2019 000000e1 8A48          MOVL      XAR4,*-SP[8]          ; [CPU_] |624| 
    2020 000000e2 FFC0          LSR       AL,1                  ; [CPU_] |624| 
    2021              $C$DW$154       .dwtag  DW_TAG_TI_branch
    2022                      .dwattr $C$DW$154, DW_AT_low_pc(0x00)
    2023                      .dwattr $C$DW$154, DW_AT_name("_sbFlash_Veirfy")
    2024                      .dwattr $C$DW$154, DW_AT_TI_call
    2025 000000e3 7640'         LCR       #_sbFlash_Veirfy      ; [CPU_] |624| 
         000000e4 00EF 
    2026                      ; call occurs [#_sbFlash_Veirfy] ; [] |624| 
    2027 000000e5 964A          MOV       *-SP[10],AL           ; [CPU_] |624| 
    2028                      .dwpsn  file "../Example_Flash2806x_API.c",line 626,column 5,is_stmt
    2029              ;----------------------------------------------------------------------
    2030              ; 626 | sDelay_us(10);                                                         
    2031              ;----------------------------------------------------------------------
    2032 000000e6 9A0A          MOVB      AL,#10                ; [CPU_] |626| 
    2033              $C$DW$155       .dwtag  DW_TAG_TI_branch
    2034                      .dwattr $C$DW$155, DW_AT_low_pc(0x00)
    2035                      .dwattr $C$DW$155, DW_AT_name("_sDelay_us")
    2036                      .dwattr $C$DW$155, DW_AT_TI_call
    2037 000000e7 7640!         LCR       #_sDelay_us           ; [CPU_] |626| 
         000000e8 0000 
    2038                      ; call occurs [#_sDelay_us] ; [] |626| 
    2039                      .dwpsn  file "../Example_Flash2806x_API.c",line 628,column 3,is_stmt
    2040              ;----------------------------------------------------------------------
    2041              ; 629 | else                                                                   
    2042              ;----------------------------------------------------------------------
    2043 000000e9 6F03          B         $C$L23,UNC            ; [CPU_] |628| 
    2044                      ; branch occurs ; [] |628| 
    2045 000000ea       $C$L22:    
    2046                      .dwpsn  file "../Example_Flash2806x_API.c",line 630,column 5,is_stmt
    2047              ;----------------------------------------------------------------------
    2048              ; 630 | bVerify = 1;                                                           
    2049              ;----------------------------------------------------------------------
    2050 000000ea 56BF          MOVB      *-SP[10],#1,UNC       ; [CPU_] |630| 
         000000eb 014A 
TMS320C2000 Assembler PC v6.1.0 Fri Feb 14 09:23:40 2020

Tools Copyright (c) 1996-2012 Texas Instruments Incorporated
F:/Work/Code Area/Combis/Bootloader/Example_Flash2806x_API21_Combi/Example_Flash2806x_API21_Combi/Example_Flash2806x_API/Debug/Example_Flash2806x_API.asm PAGE   41

    2051 000000ec       $C$L23:    
    2052                      .dwpsn  file "../Example_Flash2806x_API.c",line 631,column 3,is_stmt
    2053              ;----------------------------------------------------------------------
    2054              ; 631 | return bVerify;                                                        
    2055              ;----------------------------------------------------------------------
    2056 000000ec 924A          MOV       AL,*-SP[10]           ; [CPU_] |631| 
    2057                      .dwpsn  file "../Example_Flash2806x_API.c",line 632,column 1,is_stmt
    2058 000000ed FE8A          SUBB      SP,#10                ; [CPU_U] 
    2059                      .dwcfi  cfa_offset, -2
    2060              $C$DW$156       .dwtag  DW_TAG_TI_branch
    2061                      .dwattr $C$DW$156, DW_AT_low_pc(0x00)
    2062                      .dwattr $C$DW$156, DW_AT_TI_return
    2063 000000ee 0006          LRETR     ; [CPU_] 
    2064                      ; return occurs ; [] 
    2065              
    2066              $C$DW$157       .dwtag  DW_TAG_TI_loop
    2067                      .dwattr $C$DW$157, DW_AT_name("F:/Work/Code Area/Combis/Bootloader/Example_Flash2806x_API21_Combi/Exa
    2068                      .dwattr $C$DW$157, DW_AT_TI_begin_file("../Example_Flash2806x_API.c")
    2069                      .dwattr $C$DW$157, DW_AT_TI_begin_line(0x25d)
    2070                      .dwattr $C$DW$157, DW_AT_TI_end_line(0x262)
    2071              $C$DW$158       .dwtag  DW_TAG_TI_loop_range
    2072                      .dwattr $C$DW$158, DW_AT_low_pc($C$DW$L$_sWriteDataToFlash$3$B)
    2073                      .dwattr $C$DW$158, DW_AT_high_pc($C$DW$L$_sWriteDataToFlash$3$E)
    2074              $C$DW$159       .dwtag  DW_TAG_TI_loop_range
    2075                      .dwattr $C$DW$159, DW_AT_low_pc($C$DW$L$_sWriteDataToFlash$2$B)
    2076                      .dwattr $C$DW$159, DW_AT_high_pc($C$DW$L$_sWriteDataToFlash$2$E)
    2077                      .dwendtag $C$DW$157
    2078              
    2079                      .dwattr $C$DW$145, DW_AT_TI_end_file("../Example_Flash2806x_API.c")
    2080                      .dwattr $C$DW$145, DW_AT_TI_end_line(0x278)
    2081                      .dwattr $C$DW$145, DW_AT_TI_end_column(0x01)
    2082                      .dwendentry
    2083                      .dwendtag $C$DW$145
    2084              
    2085 000000ef               .sect   ".text"
    2086                      .global _sbFlash_Veirfy
    2087              
    2088              $C$DW$160       .dwtag  DW_TAG_subprogram, DW_AT_name("sbFlash_Veirfy")
    2089                      .dwattr $C$DW$160, DW_AT_low_pc(_sbFlash_Veirfy)
    2090                      .dwattr $C$DW$160, DW_AT_high_pc(0x00)
    2091                      .dwattr $C$DW$160, DW_AT_TI_symbol_name("_sbFlash_Veirfy")
    2092                      .dwattr $C$DW$160, DW_AT_external
    2093                      .dwattr $C$DW$160, DW_AT_type(*$C$DW$T$6)
    2094                      .dwattr $C$DW$160, DW_AT_TI_begin_file("../Example_Flash2806x_API.c")
    2095                      .dwattr $C$DW$160, DW_AT_TI_begin_line(0x27b)
    2096                      .dwattr $C$DW$160, DW_AT_TI_begin_column(0x07)
    2097                      .dwattr $C$DW$160, DW_AT_TI_max_frame_size(-8)
    2098                      .dwpsn  file "../Example_Flash2806x_API.c",line 636,column 1,is_stmt,address _sbFlash_Veirfy
    2099              
    2100                      .dwfde $C$DW$CIE, _sbFlash_Veirfy
    2101              $C$DW$161       .dwtag  DW_TAG_formal_parameter, DW_AT_name("address")
    2102                      .dwattr $C$DW$161, DW_AT_TI_symbol_name("_address")
    2103                      .dwattr $C$DW$161, DW_AT_type(*$C$DW$T$22)
    2104                      .dwattr $C$DW$161, DW_AT_location[DW_OP_reg12]
    2105              $C$DW$162       .dwtag  DW_TAG_formal_parameter, DW_AT_name("databuffer")
TMS320C2000 Assembler PC v6.1.0 Fri Feb 14 09:23:40 2020

Tools Copyright (c) 1996-2012 Texas Instruments Incorporated
F:/Work/Code Area/Combis/Bootloader/Example_Flash2806x_API21_Combi/Example_Flash2806x_API21_Combi/Example_Flash2806x_API/Debug/Example_Flash2806x_API.asm PAGE   42

    2106                      .dwattr $C$DW$162, DW_AT_TI_symbol_name("_databuffer")
    2107                      .dwattr $C$DW$162, DW_AT_type(*$C$DW$T$22)
    2108                      .dwattr $C$DW$162, DW_AT_location[DW_OP_reg14]
    2109              $C$DW$163       .dwtag  DW_TAG_formal_parameter, DW_AT_name("length")
    2110                      .dwattr $C$DW$163, DW_AT_TI_symbol_name("_length")
    2111                      .dwattr $C$DW$163, DW_AT_type(*$C$DW$T$6)
    2112                      .dwattr $C$DW$163, DW_AT_location[DW_OP_reg0]
    2113              ;----------------------------------------------------------------------
    2114              ; 635 | Uint8 sbFlash_Veirfy(Uint16 *address,Uint16 *databuffer,Uint8 length)  
    2115              ;----------------------------------------------------------------------
    2116              
    2117              ;***************************************************************
    2118              ;* FNAME: _sbFlash_Veirfy               FR SIZE:   6           *
    2119              ;*                                                             *
    2120              ;* FUNCTION ENVIRONMENT                                        *
    2121              ;*                                                             *
    2122              ;* FUNCTION PROPERTIES                                         *
    2123              ;*                            0 Parameter,  5 Auto,  0 SOE     *
    2124              ;***************************************************************
    2125              
    2126 000000ef       _sbFlash_Veirfy:
    2127                      .dwcfi  cfa_offset, -2
    2128                      .dwcfi  save_reg_to_mem, 26, 0
    2129                      .dwcfi  save_reg_to_reg, 78, 26
    2130 000000ef FE06          ADDB      SP,#6                 ; [CPU_U] 
    2131                      .dwcfi  cfa_offset, -8
    2132              $C$DW$164       .dwtag  DW_TAG_variable, DW_AT_name("address")
    2133                      .dwattr $C$DW$164, DW_AT_TI_symbol_name("_address")
    2134                      .dwattr $C$DW$164, DW_AT_type(*$C$DW$T$22)
    2135                      .dwattr $C$DW$164, DW_AT_location[DW_OP_breg20 -2]
    2136              $C$DW$165       .dwtag  DW_TAG_variable, DW_AT_name("databuffer")
    2137                      .dwattr $C$DW$165, DW_AT_TI_symbol_name("_databuffer")
    2138                      .dwattr $C$DW$165, DW_AT_type(*$C$DW$T$22)
    2139                      .dwattr $C$DW$165, DW_AT_location[DW_OP_breg20 -4]
    2140              $C$DW$166       .dwtag  DW_TAG_variable, DW_AT_name("length")
    2141                      .dwattr $C$DW$166, DW_AT_TI_symbol_name("_length")
    2142                      .dwattr $C$DW$166, DW_AT_type(*$C$DW$T$6)
    2143                      .dwattr $C$DW$166, DW_AT_location[DW_OP_breg20 -5]
    2144 000000f0 9645          MOV       *-SP[5],AL            ; [CPU_] |636| 
    2145 000000f1 A044          MOVL      *-SP[4],XAR5          ; [CPU_] |636| 
    2146 000000f2 A842          MOVL      *-SP[2],XAR4          ; [CPU_] |636| 
    2147                      .dwpsn  file "../Example_Flash2806x_API.c",line 637,column 3,is_stmt
    2148              ;----------------------------------------------------------------------
    2149              ; 637 | while(length--)                                                        
    2150              ; 639 |   //wSumChk+=*address;                                                 
    2151              ;----------------------------------------------------------------------
    2152 000000f3 6F0A          B         $C$L25,UNC            ; [CPU_] |637| 
    2153                      ; branch occurs ; [] |637| 
    2154 000000f4       $C$L24:    
    2155 000000f4       $C$DW$L$_sbFlash_Veirfy$2$B:
    2156                      .dwpsn  file "../Example_Flash2806x_API.c",line 640,column 5,is_stmt
    2157              ;----------------------------------------------------------------------
    2158              ; 640 | if(*address++!=*databuffer++)                                          
    2159              ;----------------------------------------------------------------------
    2160 000000f4 8A44          MOVL      XAR4,*-SP[4]          ; [CPU_] |640| 
TMS320C2000 Assembler PC v6.1.0 Fri Feb 14 09:23:40 2020

Tools Copyright (c) 1996-2012 Texas Instruments Incorporated
F:/Work/Code Area/Combis/Bootloader/Example_Flash2806x_API21_Combi/Example_Flash2806x_API21_Combi/Example_Flash2806x_API/Debug/Example_Flash2806x_API.asm PAGE   43

    2161 000000f5 9284          MOV       AL,*XAR4++            ; [CPU_] |640| 
    2162 000000f6 A844          MOVL      *-SP[4],XAR4          ; [CPU_] |640| 
    2163 000000f7 8A42          MOVL      XAR4,*-SP[2]          ; [CPU_] |640| 
    2164 000000f8 5484          CMP       AL,*XAR4++            ; [CPU_] |640| 
    2165 000000f9 A842          MOVL      *-SP[2],XAR4          ; [CPU_] |640| 
    2166 000000fa EC03          BF        $C$L25,EQ             ; [CPU_] |640| 
    2167                      ; branchcc occurs ; [] |640| 
    2168 000000fb       $C$DW$L$_sbFlash_Veirfy$2$E:
    2169                      .dwpsn  file "../Example_Flash2806x_API.c",line 641,column 7,is_stmt
    2170              ;----------------------------------------------------------------------
    2171              ; 641 | return 0;                                                              
    2172              ;----------------------------------------------------------------------
    2173 000000fb 9A00          MOVB      AL,#0                 ; [CPU_] |641| 
    2174 000000fc 6F06          B         $C$L26,UNC            ; [CPU_] |641| 
    2175                      ; branch occurs ; [] |641| 
    2176 000000fd       $C$L25:    
    2177 000000fd       $C$DW$L$_sbFlash_Veirfy$4$B:
    2178                      .dwpsn  file "../Example_Flash2806x_API.c",line 642,column 3,is_stmt
    2179 000000fd 9345          MOV       AH,*-SP[5]            ; [CPU_] |642| 
    2180 000000fe 0B45          DEC       *-SP[5]               ; [CPU_] |642| 
    2181 000000ff 5300          CMPB      AH,#0                 ; [CPU_] |642| 
    2182 00000100 EDF4          BF        $C$L24,NEQ            ; [CPU_] |642| 
    2183                      ; branchcc occurs ; [] |642| 
    2184 00000101       $C$DW$L$_sbFlash_Veirfy$4$E:
    2185                      .dwpsn  file "../Example_Flash2806x_API.c",line 643,column 3,is_stmt
    2186              ;----------------------------------------------------------------------
    2187              ; 643 | return 1;                                                              
    2188              ;----------------------------------------------------------------------
    2189 00000101 9A01          MOVB      AL,#1                 ; [CPU_] |643| 
    2190 00000102       $C$L26:    
    2191                      .dwpsn  file "../Example_Flash2806x_API.c",line 644,column 1,is_stmt
    2192 00000102 FE86          SUBB      SP,#6                 ; [CPU_U] 
    2193                      .dwcfi  cfa_offset, -2
    2194              $C$DW$167       .dwtag  DW_TAG_TI_branch
    2195                      .dwattr $C$DW$167, DW_AT_low_pc(0x00)
    2196                      .dwattr $C$DW$167, DW_AT_TI_return
    2197 00000103 0006          LRETR     ; [CPU_] 
    2198                      ; return occurs ; [] 
    2199              
    2200              $C$DW$168       .dwtag  DW_TAG_TI_loop
    2201                      .dwattr $C$DW$168, DW_AT_name("F:/Work/Code Area/Combis/Bootloader/Example_Flash2806x_API21_Combi/Exa
    2202                      .dwattr $C$DW$168, DW_AT_TI_begin_file("../Example_Flash2806x_API.c")
    2203                      .dwattr $C$DW$168, DW_AT_TI_begin_line(0x27d)
    2204                      .dwattr $C$DW$168, DW_AT_TI_end_line(0x282)
    2205              $C$DW$169       .dwtag  DW_TAG_TI_loop_range
    2206                      .dwattr $C$DW$169, DW_AT_low_pc($C$DW$L$_sbFlash_Veirfy$4$B)
    2207                      .dwattr $C$DW$169, DW_AT_high_pc($C$DW$L$_sbFlash_Veirfy$4$E)
    2208              $C$DW$170       .dwtag  DW_TAG_TI_loop_range
    2209                      .dwattr $C$DW$170, DW_AT_low_pc($C$DW$L$_sbFlash_Veirfy$2$B)
    2210                      .dwattr $C$DW$170, DW_AT_high_pc($C$DW$L$_sbFlash_Veirfy$2$E)
    2211                      .dwendtag $C$DW$168
    2212              
    2213                      .dwattr $C$DW$160, DW_AT_TI_end_file("../Example_Flash2806x_API.c")
    2214                      .dwattr $C$DW$160, DW_AT_TI_end_line(0x284)
    2215                      .dwattr $C$DW$160, DW_AT_TI_end_column(0x01)
TMS320C2000 Assembler PC v6.1.0 Fri Feb 14 09:23:40 2020

Tools Copyright (c) 1996-2012 Texas Instruments Incorporated
F:/Work/Code Area/Combis/Bootloader/Example_Flash2806x_API21_Combi/Example_Flash2806x_API21_Combi/Example_Flash2806x_API/Debug/Example_Flash2806x_API.asm PAGE   44

    2216                      .dwendentry
    2217                      .dwendtag $C$DW$160
    2218              
    2219 00000104               .sect   ".text"
    2220                      .global _sIapGetRxData
    2221              
    2222              $C$DW$171       .dwtag  DW_TAG_subprogram, DW_AT_name("sIapGetRxData")
    2223                      .dwattr $C$DW$171, DW_AT_low_pc(_sIapGetRxData)
    2224                      .dwattr $C$DW$171, DW_AT_high_pc(0x00)
    2225                      .dwattr $C$DW$171, DW_AT_TI_symbol_name("_sIapGetRxData")
    2226                      .dwattr $C$DW$171, DW_AT_external
    2227                      .dwattr $C$DW$171, DW_AT_type(*$C$DW$T$6)
    2228                      .dwattr $C$DW$171, DW_AT_TI_begin_file("../Example_Flash2806x_API.c")
    2229                      .dwattr $C$DW$171, DW_AT_TI_begin_line(0x28c)
    2230                      .dwattr $C$DW$171, DW_AT_TI_begin_column(0x09)
    2231                      .dwattr $C$DW$171, DW_AT_TI_max_frame_size(-8)
    2232                      .dwpsn  file "../Example_Flash2806x_API.c",line 653,column 1,is_stmt,address _sIapGetRxData
    2233              
    2234                      .dwfde $C$DW$CIE, _sIapGetRxData
    2235              ;----------------------------------------------------------------------
    2236              ; 652 | Uint8   sIapGetRxData(void)                                            
    2237              ;----------------------------------------------------------------------
    2238              
    2239              ;***************************************************************
    2240              ;* FNAME: _sIapGetRxData                FR SIZE:   6           *
    2241              ;*                                                             *
    2242              ;* FUNCTION ENVIRONMENT                                        *
    2243              ;*                                                             *
    2244              ;* FUNCTION PROPERTIES                                         *
    2245              ;*                            0 Parameter,  5 Auto,  0 SOE     *
    2246              ;***************************************************************
    2247              
    2248 00000104       _sIapGetRxData:
    2249                      .dwcfi  cfa_offset, -2
    2250                      .dwcfi  save_reg_to_mem, 26, 0
    2251                      .dwcfi  save_reg_to_reg, 78, 26
    2252 00000104 FE06          ADDB      SP,#6                 ; [CPU_U] 
    2253                      .dwcfi  cfa_offset, -8
    2254              $C$DW$172       .dwtag  DW_TAG_variable, DW_AT_name("bTimer1")
    2255                      .dwattr $C$DW$172, DW_AT_TI_symbol_name("_bTimer1")
    2256                      .dwattr $C$DW$172, DW_AT_type(*$C$DW$T$13)
    2257                      .dwattr $C$DW$172, DW_AT_location[DW_OP_breg20 -2]
    2258              $C$DW$173       .dwtag  DW_TAG_variable, DW_AT_name("bTimer2")
    2259                      .dwattr $C$DW$173, DW_AT_TI_symbol_name("_bTimer2")
    2260                      .dwattr $C$DW$173, DW_AT_type(*$C$DW$T$13)
    2261                      .dwattr $C$DW$173, DW_AT_location[DW_OP_breg20 -4]
    2262              $C$DW$174       .dwtag  DW_TAG_variable, DW_AT_name("bTemp")
    2263                      .dwattr $C$DW$174, DW_AT_TI_symbol_name("_bTemp")
    2264                      .dwattr $C$DW$174, DW_AT_type(*$C$DW$T$6)
    2265                      .dwattr $C$DW$174, DW_AT_location[DW_OP_breg20 -5]
    2266                      .dwpsn  file "../Example_Flash2806x_API.c",line 654,column 11,is_stmt
    2267              ;----------------------------------------------------------------------
    2268              ; 654 | Uint32  bTimer1=0, bTimer2=0;                                          
    2269              ;----------------------------------------------------------------------
    2270 00000105 0200          MOVB      ACC,#0                ; [CPU_] |654| 
TMS320C2000 Assembler PC v6.1.0 Fri Feb 14 09:23:40 2020

Tools Copyright (c) 1996-2012 Texas Instruments Incorporated
F:/Work/Code Area/Combis/Bootloader/Example_Flash2806x_API21_Combi/Example_Flash2806x_API21_Combi/Example_Flash2806x_API/Debug/Example_Flash2806x_API.asm PAGE   45

    2271 00000106 1E42          MOVL      *-SP[2],ACC           ; [CPU_] |654| 
    2272                      .dwpsn  file "../Example_Flash2806x_API.c",line 654,column 22,is_stmt
    2273              ;----------------------------------------------------------------------
    2274              ; 655 | Uint8   bTemp;                                                         
    2275              ; 657 | //GpioDataRegs.GPBSET.bit.GPIO44 = 1;                                  
    2276              ;----------------------------------------------------------------------
    2277 00000107 1E44          MOVL      *-SP[4],ACC           ; [CPU_] |654| 
    2278                      .dwpsn  file "../Example_Flash2806x_API.c",line 658,column 3,is_stmt
    2279              ;----------------------------------------------------------------------
    2280              ; 658 | while(ScibRegs.SCIRXST.bit.RXRDY==0)                                   
    2281              ;----------------------------------------------------------------------
    2282 00000108 8F0B          MOVL      XAR4,#720896          ; [CPU_U] |662| 
         00000109 0000 
    2283 0000010a 6F19          B         $C$L28,UNC            ; [CPU_] |658| 
    2284                      ; branch occurs ; [] |658| 
    2285 0000010b       $C$L27:    
    2286 0000010b       $C$DW$L$_sIapGetRxData$2$B:
    2287                      .dwpsn  file "../Example_Flash2806x_API.c",line 660,column 5,is_stmt
    2288              ;----------------------------------------------------------------------
    2289              ; 660 | if(bFlashSTEP >=4)                                                     
    2290              ;----------------------------------------------------------------------
    2291 0000010b 761F-         MOVW      DP,#_bFlashSTEP       ; [CPU_U] 
         0000010c 0000 
    2292 0000010d 9201-         MOV       AL,@_bFlashSTEP       ; [CPU_] |660| 
    2293 0000010e 5204          CMPB      AL,#4                 ; [CPU_] |660| 
    2294 0000010f 6814          B         $C$L28,LO             ; [CPU_] |660| 
    2295                      ; branchcc occurs ; [] |660| 
    2296 00000110       $C$DW$L$_sIapGetRxData$2$E:
    2297 00000110       $C$DW$L$_sIapGetRxData$3$B:
    2298                      .dwpsn  file "../Example_Flash2806x_API.c",line 662,column 7,is_stmt
    2299              ;----------------------------------------------------------------------
    2300              ; 662 | if(bTimer1++ > 0x0B0000)                                               
    2301              ;----------------------------------------------------------------------
    2302 00000110 C442          MOVL      XAR6,*-SP[2]          ; [CPU_] |662| 
    2303 00000111 06A6          MOVL      ACC,XAR6              ; [CPU_] |662| 
    2304 00000112 0901          ADDB      ACC,#1                ; [CPU_U] |662| 
    2305 00000113 1E42          MOVL      *-SP[2],ACC           ; [CPU_] |662| 
    2306 00000114 A8A9          MOVL      ACC,XAR4              ; [CPU_] |662| 
    2307 00000115 0FA6          CMPL      ACC,XAR6              ; [CPU_] |662| 
    2308 00000116 670D          B         $C$L28,HIS            ; [CPU_] |662| 
    2309                      ; branchcc occurs ; [] |662| 
    2310 00000117       $C$DW$L$_sIapGetRxData$3$E:
    2311 00000117       $C$DW$L$_sIapGetRxData$4$B:
    2312                      .dwpsn  file "../Example_Flash2806x_API.c",line 664,column 9,is_stmt
    2313              ;----------------------------------------------------------------------
    2314              ; 664 | bTimer1=0;                                                             
    2315              ; 665 | //GpioDataRegs.GPBTOGGLE.bit.GPIO44 = 1;                               
    2316              ;----------------------------------------------------------------------
    2317 00000117 0200          MOVB      ACC,#0                ; [CPU_] |664| 
    2318 00000118 1E42          MOVL      *-SP[2],ACC           ; [CPU_] |664| 
    2319                      .dwpsn  file "../Example_Flash2806x_API.c",line 666,column 9,is_stmt
    2320              ;----------------------------------------------------------------------
    2321              ; 666 | if(bTimer2++ > 6)//20->6                                               
    2322              ;----------------------------------------------------------------------
    2323 00000119 C444          MOVL      XAR6,*-SP[4]          ; [CPU_] |666| 
TMS320C2000 Assembler PC v6.1.0 Fri Feb 14 09:23:40 2020

Tools Copyright (c) 1996-2012 Texas Instruments Incorporated
F:/Work/Code Area/Combis/Bootloader/Example_Flash2806x_API21_Combi/Example_Flash2806x_API21_Combi/Example_Flash2806x_API/Debug/Example_Flash2806x_API.asm PAGE   46

    2324 0000011a 06A6          MOVL      ACC,XAR6              ; [CPU_] |666| 
    2325 0000011b 0901          ADDB      ACC,#1                ; [CPU_U] |666| 
    2326 0000011c 1E44          MOVL      *-SP[4],ACC           ; [CPU_] |666| 
    2327 0000011d 0206          MOVB      ACC,#6                ; [CPU_] |666| 
    2328 0000011e 0FA6          CMPL      ACC,XAR6              ; [CPU_] |666| 
    2329 0000011f 6704          B         $C$L28,HIS            ; [CPU_] |666| 
    2330                      ; branchcc occurs ; [] |666| 
    2331 00000120       $C$DW$L$_sIapGetRxData$4$E:
    2332 00000120       $C$DW$L$_sIapGetRxData$5$B:
    2333                      .dwpsn  file "../Example_Flash2806x_API.c",line 668,column 11,is_stmt
    2334              ;----------------------------------------------------------------------
    2335              ; 668 | asm("    MOVL XAR7, #0x3F7FF6");                                       
    2336              ;----------------------------------------------------------------------
    2337 00000120 76FF      MOVL XAR7, #0x3F7FF6
         00000121 7FF6 
    2338                      .dwpsn  file "../Example_Flash2806x_API.c",line 669,column 11,is_stmt
    2339              ;----------------------------------------------------------------------
    2340              ; 669 | asm("    LB *XAR7");                                                   
    2341              ; 673 | };                                                                     
    2342              ; 675 | //GpioDataRegs.GPBSET.bit.GPIO44 = 1;                                  
    2343              ;----------------------------------------------------------------------
    2344 00000122 7620      LB *XAR7
    2345 00000123       $C$DW$L$_sIapGetRxData$5$E:
    2346 00000123       $C$L28:    
    2347 00000123       $C$DW$L$_sIapGetRxData$6$B:
    2348                      .dwpsn  file "../Example_Flash2806x_API.c",line 658,column 9,is_stmt
    2349 00000123 761F!         MOVW      DP,#_ScibRegs+5       ; [CPU_U] 
         00000124 0000 
    2350 00000125 4605!         TBIT      @_ScibRegs+5,#6       ; [CPU_] |658| 
    2351 00000126 EFE5          BF        $C$L27,NTC            ; [CPU_] |658| 
    2352                      ; branchcc occurs ; [] |658| 
    2353 00000127       $C$DW$L$_sIapGetRxData$6$E:
    2354                      .dwpsn  file "../Example_Flash2806x_API.c",line 677,column 3,is_stmt
    2355              ;----------------------------------------------------------------------
    2356              ; 677 | bTemp = ScibRegs.SCIRXBUF.all;                                         
    2357              ;----------------------------------------------------------------------
    2358 00000127 9207!         MOV       AL,@_ScibRegs+7       ; [CPU_] |677| 
    2359 00000128 9645          MOV       *-SP[5],AL            ; [CPU_] |677| 
    2360                      .dwpsn  file "../Example_Flash2806x_API.c",line 679,column 3,is_stmt
    2361              ;----------------------------------------------------------------------
    2362              ; 679 | return bTemp;                                                          
    2363              ;----------------------------------------------------------------------
    2364                      .dwpsn  file "../Example_Flash2806x_API.c",line 680,column 1,is_stmt
    2365 00000129 FE86          SUBB      SP,#6                 ; [CPU_U] 
    2366                      .dwcfi  cfa_offset, -2
    2367 0000012a FF69          SPM       #0                    ; [CPU_] 
    2368              $C$DW$175       .dwtag  DW_TAG_TI_branch
    2369                      .dwattr $C$DW$175, DW_AT_low_pc(0x00)
    2370                      .dwattr $C$DW$175, DW_AT_TI_return
    2371 0000012b 0006          LRETR     ; [CPU_] 
    2372                      ; return occurs ; [] 
    2373              
    2374              $C$DW$176       .dwtag  DW_TAG_TI_loop
    2375                      .dwattr $C$DW$176, DW_AT_name("F:/Work/Code Area/Combis/Bootloader/Example_Flash2806x_API21_Combi/Exa
    2376                      .dwattr $C$DW$176, DW_AT_TI_begin_file("../Example_Flash2806x_API.c")
TMS320C2000 Assembler PC v6.1.0 Fri Feb 14 09:23:40 2020

Tools Copyright (c) 1996-2012 Texas Instruments Incorporated
F:/Work/Code Area/Combis/Bootloader/Example_Flash2806x_API21_Combi/Example_Flash2806x_API21_Combi/Example_Flash2806x_API/Debug/Example_Flash2806x_API.asm PAGE   47

    2377                      .dwattr $C$DW$176, DW_AT_TI_begin_line(0x292)
    2378                      .dwattr $C$DW$176, DW_AT_TI_end_line(0x29d)
    2379              $C$DW$177       .dwtag  DW_TAG_TI_loop_range
    2380                      .dwattr $C$DW$177, DW_AT_low_pc($C$DW$L$_sIapGetRxData$6$B)
    2381                      .dwattr $C$DW$177, DW_AT_high_pc($C$DW$L$_sIapGetRxData$6$E)
    2382              $C$DW$178       .dwtag  DW_TAG_TI_loop_range
    2383                      .dwattr $C$DW$178, DW_AT_low_pc($C$DW$L$_sIapGetRxData$5$B)
    2384                      .dwattr $C$DW$178, DW_AT_high_pc($C$DW$L$_sIapGetRxData$5$E)
    2385              $C$DW$179       .dwtag  DW_TAG_TI_loop_range
    2386                      .dwattr $C$DW$179, DW_AT_low_pc($C$DW$L$_sIapGetRxData$4$B)
    2387                      .dwattr $C$DW$179, DW_AT_high_pc($C$DW$L$_sIapGetRxData$4$E)
    2388              $C$DW$180       .dwtag  DW_TAG_TI_loop_range
    2389                      .dwattr $C$DW$180, DW_AT_low_pc($C$DW$L$_sIapGetRxData$3$B)
    2390                      .dwattr $C$DW$180, DW_AT_high_pc($C$DW$L$_sIapGetRxData$3$E)
    2391              $C$DW$181       .dwtag  DW_TAG_TI_loop_range
    2392                      .dwattr $C$DW$181, DW_AT_low_pc($C$DW$L$_sIapGetRxData$2$B)
    2393                      .dwattr $C$DW$181, DW_AT_high_pc($C$DW$L$_sIapGetRxData$2$E)
    2394                      .dwendtag $C$DW$176
    2395              
    2396                      .dwattr $C$DW$171, DW_AT_TI_end_file("../Example_Flash2806x_API.c")
    2397                      .dwattr $C$DW$171, DW_AT_TI_end_line(0x2a8)
    2398                      .dwattr $C$DW$171, DW_AT_TI_end_column(0x01)
    2399                      .dwendentry
    2400                      .dwendtag $C$DW$171
    2401              
    2402 0000012c               .sect   ".text"
    2403                      .global _sNakPrc
    2404              
    2405              $C$DW$182       .dwtag  DW_TAG_subprogram, DW_AT_name("sNakPrc")
    2406                      .dwattr $C$DW$182, DW_AT_low_pc(_sNakPrc)
    2407                      .dwattr $C$DW$182, DW_AT_high_pc(0x00)
    2408                      .dwattr $C$DW$182, DW_AT_TI_symbol_name("_sNakPrc")
    2409                      .dwattr $C$DW$182, DW_AT_external
    2410                      .dwattr $C$DW$182, DW_AT_TI_begin_file("../Example_Flash2806x_API.c")
    2411                      .dwattr $C$DW$182, DW_AT_TI_begin_line(0x2b1)
    2412                      .dwattr $C$DW$182, DW_AT_TI_begin_column(0x06)
    2413                      .dwattr $C$DW$182, DW_AT_TI_max_frame_size(-2)
    2414                      .dwpsn  file "../Example_Flash2806x_API.c",line 690,column 1,is_stmt,address _sNakPrc
    2415              
    2416                      .dwfde $C$DW$CIE, _sNakPrc
    2417              ;----------------------------------------------------------------------
    2418              ; 689 | void sNakPrc(void)                                                     
    2419              ;----------------------------------------------------------------------
    2420              
    2421              ;***************************************************************
    2422              ;* FNAME: _sNakPrc                      FR SIZE:   0           *
    2423              ;*                                                             *
    2424              ;* FUNCTION ENVIRONMENT                                        *
    2425              ;*                                                             *
    2426              ;* FUNCTION PROPERTIES                                         *
    2427              ;*                            0 Parameter,  0 Auto,  0 SOE     *
    2428              ;***************************************************************
    2429              
    2430 0000012c       _sNakPrc:
    2431                      .dwcfi  cfa_offset, -2
TMS320C2000 Assembler PC v6.1.0 Fri Feb 14 09:23:40 2020

Tools Copyright (c) 1996-2012 Texas Instruments Incorporated
F:/Work/Code Area/Combis/Bootloader/Example_Flash2806x_API21_Combi/Example_Flash2806x_API21_Combi/Example_Flash2806x_API/Debug/Example_Flash2806x_API.asm PAGE   48

    2432                      .dwcfi  save_reg_to_mem, 26, 0
    2433                      .dwcfi  save_reg_to_reg, 78, 26
    2434                      .dwpsn  file "../Example_Flash2806x_API.c",line 691,column 5,is_stmt
    2435              ;----------------------------------------------------------------------
    2436              ; 691 | sTxChar('N');                                                          
    2437              ;----------------------------------------------------------------------
    2438 0000012c 9A4E          MOVB      AL,#78                ; [CPU_] |691| 
    2439              $C$DW$183       .dwtag  DW_TAG_TI_branch
    2440                      .dwattr $C$DW$183, DW_AT_low_pc(0x00)
    2441                      .dwattr $C$DW$183, DW_AT_name("_sTxChar")
    2442                      .dwattr $C$DW$183, DW_AT_TI_call
    2443 0000012d 7640!         LCR       #_sTxChar             ; [CPU_] |691| 
         0000012e 0000 
    2444                      ; call occurs [#_sTxChar] ; [] |691| 
    2445                      .dwpsn  file "../Example_Flash2806x_API.c",line 692,column 5,is_stmt
    2446              ;----------------------------------------------------------------------
    2447              ; 692 | sTxChar(0x0D);                                                         
    2448              ;----------------------------------------------------------------------
    2449 0000012f 9A0D          MOVB      AL,#13                ; [CPU_] |692| 
    2450              $C$DW$184       .dwtag  DW_TAG_TI_branch
    2451                      .dwattr $C$DW$184, DW_AT_low_pc(0x00)
    2452                      .dwattr $C$DW$184, DW_AT_name("_sTxChar")
    2453                      .dwattr $C$DW$184, DW_AT_TI_call
    2454 00000130 7640!         LCR       #_sTxChar             ; [CPU_] |692| 
         00000131 0000 
    2455                      ; call occurs [#_sTxChar] ; [] |692| 
    2456                      .dwpsn  file "../Example_Flash2806x_API.c",line 693,column 5,is_stmt
    2457              ;----------------------------------------------------------------------
    2458              ; 693 | sDelay_us(10);                                                         
    2459              ;----------------------------------------------------------------------
    2460 00000132 9A0A          MOVB      AL,#10                ; [CPU_] |693| 
    2461              $C$DW$185       .dwtag  DW_TAG_TI_branch
    2462                      .dwattr $C$DW$185, DW_AT_low_pc(0x00)
    2463                      .dwattr $C$DW$185, DW_AT_name("_sDelay_us")
    2464                      .dwattr $C$DW$185, DW_AT_TI_call
    2465 00000133 7640!         LCR       #_sDelay_us           ; [CPU_] |693| 
         00000134 0000 
    2466                      ; call occurs [#_sDelay_us] ; [] |693| 
    2467                      .dwpsn  file "../Example_Flash2806x_API.c",line 694,column 1,is_stmt
    2468              $C$DW$186       .dwtag  DW_TAG_TI_branch
    2469                      .dwattr $C$DW$186, DW_AT_low_pc(0x00)
    2470                      .dwattr $C$DW$186, DW_AT_TI_return
    2471 00000135 0006          LRETR     ; [CPU_] 
    2472                      ; return occurs ; [] 
    2473                      .dwattr $C$DW$182, DW_AT_TI_end_file("../Example_Flash2806x_API.c")
    2474                      .dwattr $C$DW$182, DW_AT_TI_end_line(0x2b6)
    2475                      .dwattr $C$DW$182, DW_AT_TI_end_column(0x01)
    2476                      .dwendentry
    2477                      .dwendtag $C$DW$182
    2478              
    2479 00000136               .sect   ".text"
    2480                      .global _sAckPrc
    2481              
    2482              $C$DW$187       .dwtag  DW_TAG_subprogram, DW_AT_name("sAckPrc")
    2483                      .dwattr $C$DW$187, DW_AT_low_pc(_sAckPrc)
TMS320C2000 Assembler PC v6.1.0 Fri Feb 14 09:23:40 2020

Tools Copyright (c) 1996-2012 Texas Instruments Incorporated
F:/Work/Code Area/Combis/Bootloader/Example_Flash2806x_API21_Combi/Example_Flash2806x_API21_Combi/Example_Flash2806x_API/Debug/Example_Flash2806x_API.asm PAGE   49

    2484                      .dwattr $C$DW$187, DW_AT_high_pc(0x00)
    2485                      .dwattr $C$DW$187, DW_AT_TI_symbol_name("_sAckPrc")
    2486                      .dwattr $C$DW$187, DW_AT_external
    2487                      .dwattr $C$DW$187, DW_AT_TI_begin_file("../Example_Flash2806x_API.c")
    2488                      .dwattr $C$DW$187, DW_AT_TI_begin_line(0x2be)
    2489                      .dwattr $C$DW$187, DW_AT_TI_begin_column(0x06)
    2490                      .dwattr $C$DW$187, DW_AT_TI_max_frame_size(-2)
    2491                      .dwpsn  file "../Example_Flash2806x_API.c",line 703,column 1,is_stmt,address _sAckPrc
    2492              
    2493                      .dwfde $C$DW$CIE, _sAckPrc
    2494              ;----------------------------------------------------------------------
    2495              ; 702 | void sAckPrc(void)                                                     
    2496              ;----------------------------------------------------------------------
    2497              
    2498              ;***************************************************************
    2499              ;* FNAME: _sAckPrc                      FR SIZE:   0           *
    2500              ;*                                                             *
    2501              ;* FUNCTION ENVIRONMENT                                        *
    2502              ;*                                                             *
    2503              ;* FUNCTION PROPERTIES                                         *
    2504              ;*                            0 Parameter,  0 Auto,  0 SOE     *
    2505              ;***************************************************************
    2506              
    2507 00000136       _sAckPrc:
    2508                      .dwcfi  cfa_offset, -2
    2509                      .dwcfi  save_reg_to_mem, 26, 0
    2510                      .dwcfi  save_reg_to_reg, 78, 26
    2511                      .dwpsn  file "../Example_Flash2806x_API.c",line 704,column 5,is_stmt
    2512              ;----------------------------------------------------------------------
    2513              ; 704 | sTxChar('Y');                                                          
    2514              ;----------------------------------------------------------------------
    2515 00000136 9A59          MOVB      AL,#89                ; [CPU_] |704| 
    2516              $C$DW$188       .dwtag  DW_TAG_TI_branch
    2517                      .dwattr $C$DW$188, DW_AT_low_pc(0x00)
    2518                      .dwattr $C$DW$188, DW_AT_name("_sTxChar")
    2519                      .dwattr $C$DW$188, DW_AT_TI_call
    2520 00000137 7640!         LCR       #_sTxChar             ; [CPU_] |704| 
         00000138 0000 
    2521                      ; call occurs [#_sTxChar] ; [] |704| 
    2522                      .dwpsn  file "../Example_Flash2806x_API.c",line 705,column 5,is_stmt
    2523              ;----------------------------------------------------------------------
    2524              ; 705 | sTxChar(0x0D);                                                         
    2525              ;----------------------------------------------------------------------
    2526 00000139 9A0D          MOVB      AL,#13                ; [CPU_] |705| 
    2527              $C$DW$189       .dwtag  DW_TAG_TI_branch
    2528                      .dwattr $C$DW$189, DW_AT_low_pc(0x00)
    2529                      .dwattr $C$DW$189, DW_AT_name("_sTxChar")
    2530                      .dwattr $C$DW$189, DW_AT_TI_call
    2531 0000013a 7640!         LCR       #_sTxChar             ; [CPU_] |705| 
         0000013b 0000 
    2532                      ; call occurs [#_sTxChar] ; [] |705| 
    2533                      .dwpsn  file "../Example_Flash2806x_API.c",line 706,column 5,is_stmt
    2534              ;----------------------------------------------------------------------
    2535              ; 706 | sDelay_us(10);                                                         
    2536              ;----------------------------------------------------------------------
TMS320C2000 Assembler PC v6.1.0 Fri Feb 14 09:23:40 2020

Tools Copyright (c) 1996-2012 Texas Instruments Incorporated
F:/Work/Code Area/Combis/Bootloader/Example_Flash2806x_API21_Combi/Example_Flash2806x_API21_Combi/Example_Flash2806x_API/Debug/Example_Flash2806x_API.asm PAGE   50

    2537 0000013c 9A0A          MOVB      AL,#10                ; [CPU_] |706| 
    2538              $C$DW$190       .dwtag  DW_TAG_TI_branch
    2539                      .dwattr $C$DW$190, DW_AT_low_pc(0x00)
    2540                      .dwattr $C$DW$190, DW_AT_name("_sDelay_us")
    2541                      .dwattr $C$DW$190, DW_AT_TI_call
    2542 0000013d 7640!         LCR       #_sDelay_us           ; [CPU_] |706| 
         0000013e 0000 
    2543                      ; call occurs [#_sDelay_us] ; [] |706| 
    2544                      .dwpsn  file "../Example_Flash2806x_API.c",line 707,column 1,is_stmt
    2545              $C$DW$191       .dwtag  DW_TAG_TI_branch
    2546                      .dwattr $C$DW$191, DW_AT_low_pc(0x00)
    2547                      .dwattr $C$DW$191, DW_AT_TI_return
    2548 0000013f 0006          LRETR     ; [CPU_] 
    2549                      ; return occurs ; [] 
    2550                      .dwattr $C$DW$187, DW_AT_TI_end_file("../Example_Flash2806x_API.c")
    2551                      .dwattr $C$DW$187, DW_AT_TI_end_line(0x2c3)
    2552                      .dwattr $C$DW$187, DW_AT_TI_end_column(0x01)
    2553                      .dwendentry
    2554                      .dwendtag $C$DW$187
    2555              
    2556 00000140               .sect   ".text"
    2557                      .global _Example_CallFlashAPI
    2558              
    2559              $C$DW$192       .dwtag  DW_TAG_subprogram, DW_AT_name("Example_CallFlashAPI")
    2560                      .dwattr $C$DW$192, DW_AT_low_pc(_Example_CallFlashAPI)
    2561                      .dwattr $C$DW$192, DW_AT_high_pc(0x00)
    2562                      .dwattr $C$DW$192, DW_AT_TI_symbol_name("_Example_CallFlashAPI")
    2563                      .dwattr $C$DW$192, DW_AT_external
    2564                      .dwattr $C$DW$192, DW_AT_TI_begin_file("../Example_Flash2806x_API.c")
    2565                      .dwattr $C$DW$192, DW_AT_TI_begin_line(0x2c6)
    2566                      .dwattr $C$DW$192, DW_AT_TI_begin_column(0x06)
    2567                      .dwattr $C$DW$192, DW_AT_TI_max_frame_size(-12)
    2568                      .dwpsn  file "../Example_Flash2806x_API.c",line 711,column 1,is_stmt,address _Example_CallFlashAPI
    2569              
    2570                      .dwfde $C$DW$CIE, _Example_CallFlashAPI
    2571              ;----------------------------------------------------------------------
    2572              ; 710 | void Example_CallFlashAPI(void)                                        
    2573              ;----------------------------------------------------------------------
    2574              
    2575              ;***************************************************************
    2576              ;* FNAME: _Example_CallFlashAPI         FR SIZE:  10           *
    2577              ;*                                                             *
    2578              ;* FUNCTION ENVIRONMENT                                        *
    2579              ;*                                                             *
    2580              ;* FUNCTION PROPERTIES                                         *
    2581              ;*                            2 Parameter,  7 Auto,  0 SOE     *
    2582              ;***************************************************************
    2583              
    2584 00000140       _Example_CallFlashAPI:
    2585              ;----------------------------------------------------------------------
    2586              ; 712 | Uint16  i;                                                             
    2587              ; 713 | Uint16  Status;                                                        
    2588              ; 714 | Uint16  *Flash_ptr;     // Pointer to a location in flash              
    2589              ; 715 | Uint32  Length;         // Number of 16-bit values to be programmed    
    2590              ; 716 | Uint16  VersionHex;     // Version of the API in decimal encoded hex   
TMS320C2000 Assembler PC v6.1.0 Fri Feb 14 09:23:40 2020

Tools Copyright (c) 1996-2012 Texas Instruments Incorporated
F:/Work/Code Area/Combis/Bootloader/Example_Flash2806x_API21_Combi/Example_Flash2806x_API21_Combi/Example_Flash2806x_API/Debug/Example_Flash2806x_API.asm PAGE   51

    2591              ; 737 | // Example: Toggle GPIO0                                               
    2592              ; 738 | // Example_ToggleTest(0);                                              
    2593              ; 740 | // Example: Toggle GPIO10                                              
    2594              ; 741 | // Example_ToggleTest(10);                                             
    2595              ; 743 | // Example: Toggle GPIO15                                              
    2596              ; 744 | // Example_ToggleTest(15);                                             
    2597              ; 746 | // Example: Toggle GPIO31                                              
    2598              ; 747 | // Example_ToggleTest(31);                                             
    2599              ; 749 | // Example: Toggle GPIO34                                              
    2600              ; 750 | // Example_ToggleTest(34);                                             
    2601              ;----------------------------------------------------------------------
    2602                      .dwcfi  cfa_offset, -2
    2603                      .dwcfi  save_reg_to_mem, 26, 0
    2604                      .dwcfi  save_reg_to_reg, 78, 26
    2605 00000140 FE0A          ADDB      SP,#10                ; [CPU_U] 
    2606                      .dwcfi  cfa_offset, -12
    2607              $C$DW$193       .dwtag  DW_TAG_variable, DW_AT_name("i")
    2608                      .dwattr $C$DW$193, DW_AT_TI_symbol_name("_i")
    2609                      .dwattr $C$DW$193, DW_AT_type(*$C$DW$T$11)
    2610                      .dwattr $C$DW$193, DW_AT_location[DW_OP_breg20 -3]
    2611              $C$DW$194       .dwtag  DW_TAG_variable, DW_AT_name("Status")
    2612                      .dwattr $C$DW$194, DW_AT_TI_symbol_name("_Status")
    2613                      .dwattr $C$DW$194, DW_AT_type(*$C$DW$T$11)
    2614                      .dwattr $C$DW$194, DW_AT_location[DW_OP_breg20 -4]
    2615              $C$DW$195       .dwtag  DW_TAG_variable, DW_AT_name("Flash_ptr")
    2616                      .dwattr $C$DW$195, DW_AT_TI_symbol_name("_Flash_ptr")
    2617                      .dwattr $C$DW$195, DW_AT_type(*$C$DW$T$22)
    2618                      .dwattr $C$DW$195, DW_AT_location[DW_OP_breg20 -6]
    2619              $C$DW$196       .dwtag  DW_TAG_variable, DW_AT_name("Length")
    2620                      .dwattr $C$DW$196, DW_AT_TI_symbol_name("_Length")
    2621                      .dwattr $C$DW$196, DW_AT_type(*$C$DW$T$13)
    2622                      .dwattr $C$DW$196, DW_AT_location[DW_OP_breg20 -8]
    2623              $C$DW$197       .dwtag  DW_TAG_variable, DW_AT_name("VersionHex")
    2624                      .dwattr $C$DW$197, DW_AT_TI_symbol_name("_VersionHex")
    2625                      .dwattr $C$DW$197, DW_AT_type(*$C$DW$T$11)
    2626                      .dwattr $C$DW$197, DW_AT_location[DW_OP_breg20 -9]
    2627                      .dwpsn  file "../Example_Flash2806x_API.c",line 758,column 4,is_stmt
    2628              ;----------------------------------------------------------------------
    2629              ; 758 | VersionHex = Flash_APIVersionHex();                                    
    2630              ;----------------------------------------------------------------------
    2631              $C$DW$198       .dwtag  DW_TAG_TI_branch
    2632                      .dwattr $C$DW$198, DW_AT_low_pc(0x00)
    2633                      .dwattr $C$DW$198, DW_AT_name("_Flash2806x_APIVersionHex")
    2634                      .dwattr $C$DW$198, DW_AT_TI_call
    2635 00000141 7640!         LCR       #_Flash2806x_APIVersionHex ; [CPU_] |758| 
         00000142 0000 
    2636                      ; call occurs [#_Flash2806x_APIVersionHex] ; [] |758| 
    2637 00000143 9649          MOV       *-SP[9],AL            ; [CPU_] |758| 
    2638                      .dwpsn  file "../Example_Flash2806x_API.c",line 759,column 4,is_stmt
    2639              ;----------------------------------------------------------------------
    2640              ; 759 | if(VersionHex != 0x0100)                                               
    2641              ; 761 |     // Unexpected API version                                          
    2642              ; 762 |     // Make a decision based on this info.                             
    2643              ;----------------------------------------------------------------------
    2644 00000144 1BA9          CMP       AL,#256               ; [CPU_] |759| 
TMS320C2000 Assembler PC v6.1.0 Fri Feb 14 09:23:40 2020

Tools Copyright (c) 1996-2012 Texas Instruments Incorporated
F:/Work/Code Area/Combis/Bootloader/Example_Flash2806x_API21_Combi/Example_Flash2806x_API21_Combi/Example_Flash2806x_API/Debug/Example_Flash2806x_API.asm PAGE   52

         00000145 0100 
    2645 00000146 EC02          BF        $C$L29,EQ             ; [CPU_] |759| 
    2646                      ; branchcc occurs ; [] |759| 
    2647                      .dwpsn  file "../Example_Flash2806x_API.c",line 763,column 8,is_stmt
    2648              ;----------------------------------------------------------------------
    2649              ; 763 | asm("    ESTOP0");                                                     
    2650              ; 771 | // Example: Erase Sector B - Sector H                                  
    2651              ; 772 | // Sectors A has example code so leave them unerased                   
    2652              ; 774 | // SECTORA-SECTORH are defined in Flash2806x_API_Library.h             
    2653              ;----------------------------------------------------------------------
    2654 00000147 7625      ESTOP0
    2655 00000148       $C$L29:    
    2656                      .dwpsn  file "../Example_Flash2806x_API.c",line 775,column 4,is_stmt
    2657              ;----------------------------------------------------------------------
    2658              ; 775 | Status = Flash_Erase((SECTORB|SECTORC|SECTORD|SECTORE|SECTORF|SECTORG|S
    2659              ;     | ECTORH),&FlashStatus);                                                 
    2660              ;----------------------------------------------------------------------
    2661 00000148 9AFE          MOVB      AL,#254               ; [CPU_] |775| 
    2662 00000149 8F00-         MOVL      XAR4,#_FlashStatus    ; [CPU_U] |775| 
         0000014a 000E 
    2663 0000014b FF69          SPM       #0                    ; [CPU_] 
    2664              $C$DW$199       .dwtag  DW_TAG_TI_branch
    2665                      .dwattr $C$DW$199, DW_AT_low_pc(0x00)
    2666                      .dwattr $C$DW$199, DW_AT_name("_Flash2806x_Erase")
    2667                      .dwattr $C$DW$199, DW_AT_TI_call
    2668 0000014c 7640!         LCR       #_Flash2806x_Erase    ; [CPU_] |775| 
         0000014d 0000 
    2669                      ; call occurs [#_Flash2806x_Erase] ; [] |775| 
    2670 0000014e 9644          MOV       *-SP[4],AL            ; [CPU_] |775| 
    2671                      .dwpsn  file "../Example_Flash2806x_API.c",line 776,column 4,is_stmt
    2672              ;----------------------------------------------------------------------
    2673              ; 776 | if(Status != STATUS_SUCCESS)                                           
    2674              ;----------------------------------------------------------------------
    2675 0000014f 5200          CMPB      AL,#0                 ; [CPU_] |776| 
    2676 00000150 EC03          BF        $C$L30,EQ             ; [CPU_] |776| 
    2677                      ; branchcc occurs ; [] |776| 
    2678                      .dwpsn  file "../Example_Flash2806x_API.c",line 778,column 8,is_stmt
    2679              ;----------------------------------------------------------------------
    2680              ; 778 | Example_Error(Status);                                                 
    2681              ; 787 | // A buffer can be supplied to the program function.  Each word is     
    2682              ; 788 | // programmed until the whole buffer is programmed or a problem is     
    2683              ; 789 | // found.  If the buffer goes outside of the range of OTP or Flash     
    2684              ; 790 | // then nothing is done and an error is returned.                      
    2685              ; 793 | // Example: Program 0x400 values in Flash SectorG                      
    2686              ; 795 | // In this case just fill a buffer with data to program into the flash.
    2687              ;     |                                                                        
    2688              ;----------------------------------------------------------------------
    2689              $C$DW$200       .dwtag  DW_TAG_TI_branch
    2690                      .dwattr $C$DW$200, DW_AT_low_pc(0x00)
    2691                      .dwattr $C$DW$200, DW_AT_name("_Example_Error")
    2692                      .dwattr $C$DW$200, DW_AT_TI_call
    2693 00000151 7640+         LCR       #_Example_Error       ; [CPU_] |778| 
         00000152 00FF 
    2694                      ; call occurs [#_Example_Error] ; [] |778| 
    2695 00000153       $C$L30:    
TMS320C2000 Assembler PC v6.1.0 Fri Feb 14 09:23:40 2020

Tools Copyright (c) 1996-2012 Texas Instruments Incorporated
F:/Work/Code Area/Combis/Bootloader/Example_Flash2806x_API21_Combi/Example_Flash2806x_API21_Combi/Example_Flash2806x_API/Debug/Example_Flash2806x_API.asm PAGE   53

    2696                      .dwpsn  file "../Example_Flash2806x_API.c",line 796,column 9,is_stmt
    2697              ;----------------------------------------------------------------------
    2698              ; 796 | for(i=0;i<WORDS_IN_FLASH_BUFFER;i++)                                   
    2699              ;----------------------------------------------------------------------
    2700 00000153 2B43          MOV       *-SP[3],#0            ; [CPU_] |796| 
    2701                      .dwpsn  file "../Example_Flash2806x_API.c",line 796,column 13,is_stmt
    2702 00000154 9243          MOV       AL,*-SP[3]            ; [CPU_] |796| 
    2703 00000155 1BA9          CMP       AL,#256               ; [CPU_] |796| 
         00000156 0100 
    2704 00000157 670C          B         $C$L32,HIS            ; [CPU_] |796| 
    2705                      ; branchcc occurs ; [] |796| 
    2706 00000158       $C$L31:    
    2707 00000158       $C$DW$L$_Example_CallFlashAPI$6$B:
    2708                      .dwpsn  file "../Example_Flash2806x_API.c",line 798,column 9,is_stmt
    2709              ;----------------------------------------------------------------------
    2710              ; 798 | Buffer[i] = 0x100+i;                                                   
    2711              ;----------------------------------------------------------------------
    2712 00000158 5843          MOVZ      AR0,*-SP[3]           ; [CPU_] |798| 
    2713 00000159 8F00-         MOVL      XAR4,#_Buffer         ; [CPU_U] |798| 
         0000015a 00C0 
    2714 0000015b 08A9          ADD       AL,#256               ; [CPU_] |798| 
         0000015c 0100 
    2715 0000015d 9694          MOV       *+XAR4[AR0],AL        ; [CPU_] |798| 
    2716                      .dwpsn  file "../Example_Flash2806x_API.c",line 796,column 37,is_stmt
    2717 0000015e 0A43          INC       *-SP[3]               ; [CPU_] |796| 
    2718                      .dwpsn  file "../Example_Flash2806x_API.c",line 796,column 13,is_stmt
    2719 0000015f 9243          MOV       AL,*-SP[3]            ; [CPU_] |796| 
    2720 00000160 1BA9          CMP       AL,#256               ; [CPU_] |796| 
         00000161 0100 
    2721 00000162 68F6          B         $C$L31,LO             ; [CPU_] |796| 
    2722                      ; branchcc occurs ; [] |796| 
    2723 00000163       $C$DW$L$_Example_CallFlashAPI$6$E:
    2724 00000163       $C$L32:    
    2725                      .dwpsn  file "../Example_Flash2806x_API.c",line 801,column 5,is_stmt
    2726              ;----------------------------------------------------------------------
    2727              ; 801 | Flash_ptr = Sector[1].StartAddr;                                       
    2728              ;----------------------------------------------------------------------
    2729 00000163 761F-         MOVW      DP,#_Sector+4         ; [CPU_U] 
         00000164 0001 
    2730 00000165 0604-         MOVL      ACC,@_Sector+4        ; [CPU_] |801| 
    2731 00000166 1E46          MOVL      *-SP[6],ACC           ; [CPU_] |801| 
    2732                      .dwpsn  file "../Example_Flash2806x_API.c",line 802,column 5,is_stmt
    2733              ;----------------------------------------------------------------------
    2734              ; 802 | Length = 0x400;                                                        
    2735              ;----------------------------------------------------------------------
    2736 00000167 8F00          MOVL      XAR4,#1024            ; [CPU_U] |802| 
         00000168 0400 
    2737 00000169 A848          MOVL      *-SP[8],XAR4          ; [CPU_] |802| 
    2738                      .dwpsn  file "../Example_Flash2806x_API.c",line 803,column 5,is_stmt
    2739              ;----------------------------------------------------------------------
    2740              ; 803 | Status = Flash_Program(Flash_ptr,Buffer,Length,&FlashStatus);          
    2741              ;----------------------------------------------------------------------
    2742 0000016a 8F40-         MOVL      XAR5,#_Buffer         ; [CPU_U] |803| 
         0000016b 00C0 
    2743 0000016c 8F00-         MOVL      XAR4,#_FlashStatus    ; [CPU_U] |803| 
TMS320C2000 Assembler PC v6.1.0 Fri Feb 14 09:23:40 2020

Tools Copyright (c) 1996-2012 Texas Instruments Incorporated
F:/Work/Code Area/Combis/Bootloader/Example_Flash2806x_API21_Combi/Example_Flash2806x_API21_Combi/Example_Flash2806x_API/Debug/Example_Flash2806x_API.asm PAGE   54

         0000016d 000E 
    2744 0000016e A842          MOVL      *-SP[2],XAR4          ; [CPU_] |803| 
    2745 0000016f 8A46          MOVL      XAR4,*-SP[6]          ; [CPU_] |803| 
    2746 00000170 0648          MOVL      ACC,*-SP[8]           ; [CPU_] |803| 
    2747              $C$DW$201       .dwtag  DW_TAG_TI_branch
    2748                      .dwattr $C$DW$201, DW_AT_low_pc(0x00)
    2749                      .dwattr $C$DW$201, DW_AT_name("_Flash2806x_Program")
    2750                      .dwattr $C$DW$201, DW_AT_TI_call
    2751 00000171 7640!         LCR       #_Flash2806x_Program  ; [CPU_] |803| 
         00000172 0000 
    2752                      ; call occurs [#_Flash2806x_Program] ; [] |803| 
    2753 00000173 9644          MOV       *-SP[4],AL            ; [CPU_] |803| 
    2754                      .dwpsn  file "../Example_Flash2806x_API.c",line 804,column 5,is_stmt
    2755              ;----------------------------------------------------------------------
    2756              ; 804 | if(Status != STATUS_SUCCESS)                                           
    2757              ;----------------------------------------------------------------------
    2758 00000174 5200          CMPB      AL,#0                 ; [CPU_] |804| 
    2759 00000175 EC03          BF        $C$L33,EQ             ; [CPU_] |804| 
    2760                      ; branchcc occurs ; [] |804| 
    2761                      .dwpsn  file "../Example_Flash2806x_API.c",line 806,column 9,is_stmt
    2762              ;----------------------------------------------------------------------
    2763              ; 806 | Example_Error(Status);                                                 
    2764              ; 811 | // Verify the values programmed.  The Program step itself does a verify
    2765              ; 812 | // as it goes.  This verify is a 2nd verification that can be done.
    2766              ;     |                                                                        
    2767              ;----------------------------------------------------------------------
    2768              $C$DW$202       .dwtag  DW_TAG_TI_branch
    2769                      .dwattr $C$DW$202, DW_AT_low_pc(0x00)
    2770                      .dwattr $C$DW$202, DW_AT_name("_Example_Error")
    2771                      .dwattr $C$DW$202, DW_AT_TI_call
    2772 00000176 7640+         LCR       #_Example_Error       ; [CPU_] |806| 
         00000177 00FF 
    2773                      ; call occurs [#_Example_Error] ; [] |806| 
    2774 00000178       $C$L33:    
    2775                      .dwpsn  file "../Example_Flash2806x_API.c",line 813,column 5,is_stmt
    2776              ;----------------------------------------------------------------------
    2777              ; 813 | Status = Flash_Verify(Flash_ptr,Buffer,Length,&FlashStatus);           
    2778              ;----------------------------------------------------------------------
    2779 00000178 8F00-         MOVL      XAR4,#_FlashStatus    ; [CPU_U] |813| 
         00000179 000E 
    2780 0000017a 8F40-         MOVL      XAR5,#_Buffer         ; [CPU_U] |813| 
         0000017b 00C0 
    2781 0000017c A842          MOVL      *-SP[2],XAR4          ; [CPU_] |813| 
    2782 0000017d 0648          MOVL      ACC,*-SP[8]           ; [CPU_] |813| 
    2783 0000017e 8A46          MOVL      XAR4,*-SP[6]          ; [CPU_] |813| 
    2784              $C$DW$203       .dwtag  DW_TAG_TI_branch
    2785                      .dwattr $C$DW$203, DW_AT_low_pc(0x00)
    2786                      .dwattr $C$DW$203, DW_AT_name("_Flash2806x_Verify")
    2787                      .dwattr $C$DW$203, DW_AT_TI_call
    2788 0000017f 7640!         LCR       #_Flash2806x_Verify   ; [CPU_] |813| 
         00000180 0000 
    2789                      ; call occurs [#_Flash2806x_Verify] ; [] |813| 
    2790 00000181 9644          MOV       *-SP[4],AL            ; [CPU_] |813| 
    2791                      .dwpsn  file "../Example_Flash2806x_API.c",line 814,column 5,is_stmt
    2792              ;----------------------------------------------------------------------
TMS320C2000 Assembler PC v6.1.0 Fri Feb 14 09:23:40 2020

Tools Copyright (c) 1996-2012 Texas Instruments Incorporated
F:/Work/Code Area/Combis/Bootloader/Example_Flash2806x_API21_Combi/Example_Flash2806x_API21_Combi/Example_Flash2806x_API/Debug/Example_Flash2806x_API.asm PAGE   55

    2793              ; 814 | if(Status != STATUS_SUCCESS)                                           
    2794              ;----------------------------------------------------------------------
    2795 00000182 5200          CMPB      AL,#0                 ; [CPU_] |814| 
    2796 00000183 EC03          BF        $C$L34,EQ             ; [CPU_] |814| 
    2797                      ; branchcc occurs ; [] |814| 
    2798                      .dwpsn  file "../Example_Flash2806x_API.c",line 816,column 9,is_stmt
    2799              ;----------------------------------------------------------------------
    2800              ; 816 | Example_Error(Status);                                                 
    2801              ; 819 | // --------------                                                      
    2802              ; 821 | // Example: Program 0x199 values in Flash SectorG                      
    2803              ;----------------------------------------------------------------------
    2804              $C$DW$204       .dwtag  DW_TAG_TI_branch
    2805                      .dwattr $C$DW$204, DW_AT_low_pc(0x00)
    2806                      .dwattr $C$DW$204, DW_AT_name("_Example_Error")
    2807                      .dwattr $C$DW$204, DW_AT_TI_call
    2808 00000184 7640+         LCR       #_Example_Error       ; [CPU_] |816| 
         00000185 00FF 
    2809                      ; call occurs [#_Example_Error] ; [] |816| 
    2810 00000186       $C$L34:    
    2811                      .dwpsn  file "../Example_Flash2806x_API.c",line 823,column 9,is_stmt
    2812              ;----------------------------------------------------------------------
    2813              ; 823 | for(i=0;i<WORDS_IN_FLASH_BUFFER;i++)                                   
    2814              ;----------------------------------------------------------------------
    2815 00000186 2B43          MOV       *-SP[3],#0            ; [CPU_] |823| 
    2816                      .dwpsn  file "../Example_Flash2806x_API.c",line 823,column 13,is_stmt
    2817 00000187 9243          MOV       AL,*-SP[3]            ; [CPU_] |823| 
    2818 00000188 1BA9          CMP       AL,#256               ; [CPU_] |823| 
         00000189 0100 
    2819 0000018a 670C          B         $C$L36,HIS            ; [CPU_] |823| 
    2820                      ; branchcc occurs ; [] |823| 
    2821 0000018b       $C$L35:    
    2822 0000018b       $C$DW$L$_Example_CallFlashAPI$12$B:
    2823                      .dwpsn  file "../Example_Flash2806x_API.c",line 825,column 9,is_stmt
    2824              ;----------------------------------------------------------------------
    2825              ; 825 | Buffer[i] = 0x4500+i;                                                  
    2826              ;----------------------------------------------------------------------
    2827 0000018b 5843          MOVZ      AR0,*-SP[3]           ; [CPU_] |825| 
    2828 0000018c 8F00-         MOVL      XAR4,#_Buffer         ; [CPU_U] |825| 
         0000018d 00C0 
    2829 0000018e 08A9          ADD       AL,#17664             ; [CPU_] |825| 
         0000018f 4500 
    2830 00000190 9694          MOV       *+XAR4[AR0],AL        ; [CPU_] |825| 
    2831                      .dwpsn  file "../Example_Flash2806x_API.c",line 823,column 37,is_stmt
    2832 00000191 0A43          INC       *-SP[3]               ; [CPU_] |823| 
    2833                      .dwpsn  file "../Example_Flash2806x_API.c",line 823,column 13,is_stmt
    2834 00000192 9243          MOV       AL,*-SP[3]            ; [CPU_] |823| 
    2835 00000193 1BA9          CMP       AL,#256               ; [CPU_] |823| 
         00000194 0100 
    2836 00000195 68F6          B         $C$L35,LO             ; [CPU_] |823| 
    2837                      ; branchcc occurs ; [] |823| 
    2838 00000196       $C$DW$L$_Example_CallFlashAPI$12$E:
    2839 00000196       $C$L36:    
    2840                      .dwpsn  file "../Example_Flash2806x_API.c",line 828,column 5,is_stmt
    2841              ;----------------------------------------------------------------------
    2842              ; 828 | Flash_ptr = (Uint16 *)Sector[1].StartAddr+0x450;                       
TMS320C2000 Assembler PC v6.1.0 Fri Feb 14 09:23:40 2020

Tools Copyright (c) 1996-2012 Texas Instruments Incorporated
F:/Work/Code Area/Combis/Bootloader/Example_Flash2806x_API21_Combi/Example_Flash2806x_API21_Combi/Example_Flash2806x_API/Debug/Example_Flash2806x_API.asm PAGE   56

    2843              ;----------------------------------------------------------------------
    2844 00000196 761F-         MOVW      DP,#_Sector+4         ; [CPU_U] 
         00000197 0001 
    2845 00000198 8F00          MOVL      XAR4,#1104            ; [CPU_U] |828| 
         00000199 0450 
    2846 0000019a 0604-         MOVL      ACC,@_Sector+4        ; [CPU_] |828| 
    2847 0000019b 5601          ADDL      XAR4,ACC              ; [CPU_] |828| 
         0000019c 00A4 
    2848 0000019d A846          MOVL      *-SP[6],XAR4          ; [CPU_] |828| 
    2849                      .dwpsn  file "../Example_Flash2806x_API.c",line 829,column 5,is_stmt
    2850              ;----------------------------------------------------------------------
    2851              ; 829 | Length = 0x199;                                                        
    2852              ;----------------------------------------------------------------------
    2853 0000019e 8F00          MOVL      XAR4,#409             ; [CPU_U] |829| 
         0000019f 0199 
    2854 000001a0 A848          MOVL      *-SP[8],XAR4          ; [CPU_] |829| 
    2855                      .dwpsn  file "../Example_Flash2806x_API.c",line 830,column 5,is_stmt
    2856              ;----------------------------------------------------------------------
    2857              ; 830 | Status = Flash_Program(Flash_ptr,Buffer,Length,&FlashStatus);          
    2858              ;----------------------------------------------------------------------
    2859 000001a1 8F40-         MOVL      XAR5,#_Buffer         ; [CPU_U] |830| 
         000001a2 00C0 
    2860 000001a3 8F00-         MOVL      XAR4,#_FlashStatus    ; [CPU_U] |830| 
         000001a4 000E 
    2861 000001a5 A842          MOVL      *-SP[2],XAR4          ; [CPU_] |830| 
    2862 000001a6 8A46          MOVL      XAR4,*-SP[6]          ; [CPU_] |830| 
    2863 000001a7 0648          MOVL      ACC,*-SP[8]           ; [CPU_] |830| 
    2864              $C$DW$205       .dwtag  DW_TAG_TI_branch
    2865                      .dwattr $C$DW$205, DW_AT_low_pc(0x00)
    2866                      .dwattr $C$DW$205, DW_AT_name("_Flash2806x_Program")
    2867                      .dwattr $C$DW$205, DW_AT_TI_call
    2868 000001a8 7640!         LCR       #_Flash2806x_Program  ; [CPU_] |830| 
         000001a9 0000 
    2869                      ; call occurs [#_Flash2806x_Program] ; [] |830| 
    2870 000001aa 9644          MOV       *-SP[4],AL            ; [CPU_] |830| 
    2871                      .dwpsn  file "../Example_Flash2806x_API.c",line 831,column 5,is_stmt
    2872              ;----------------------------------------------------------------------
    2873              ; 831 | if(Status != STATUS_SUCCESS)                                           
    2874              ;----------------------------------------------------------------------
    2875 000001ab 5200          CMPB      AL,#0                 ; [CPU_] |831| 
    2876 000001ac EC03          BF        $C$L37,EQ             ; [CPU_] |831| 
    2877                      ; branchcc occurs ; [] |831| 
    2878                      .dwpsn  file "../Example_Flash2806x_API.c",line 833,column 9,is_stmt
    2879              ;----------------------------------------------------------------------
    2880              ; 833 | Example_Error(Status);                                                 
    2881              ; 836 | // Verify the values programmed.  The Program step itself does a verify
    2882              ; 837 | // as it goes.  This verify is a 2nd verification that can be done.
    2883              ;     |                                                                        
    2884              ;----------------------------------------------------------------------
    2885              $C$DW$206       .dwtag  DW_TAG_TI_branch
    2886                      .dwattr $C$DW$206, DW_AT_low_pc(0x00)
    2887                      .dwattr $C$DW$206, DW_AT_name("_Example_Error")
    2888                      .dwattr $C$DW$206, DW_AT_TI_call
    2889 000001ad 7640+         LCR       #_Example_Error       ; [CPU_] |833| 
         000001ae 00FF 
TMS320C2000 Assembler PC v6.1.0 Fri Feb 14 09:23:40 2020

Tools Copyright (c) 1996-2012 Texas Instruments Incorporated
F:/Work/Code Area/Combis/Bootloader/Example_Flash2806x_API21_Combi/Example_Flash2806x_API21_Combi/Example_Flash2806x_API/Debug/Example_Flash2806x_API.asm PAGE   57

    2890                      ; call occurs [#_Example_Error] ; [] |833| 
    2891 000001af       $C$L37:    
    2892                      .dwpsn  file "../Example_Flash2806x_API.c",line 838,column 5,is_stmt
    2893              ;----------------------------------------------------------------------
    2894              ; 838 | Status = Flash_Verify(Flash_ptr,Buffer,Length,&FlashStatus);           
    2895              ;----------------------------------------------------------------------
    2896 000001af 8F00-         MOVL      XAR4,#_FlashStatus    ; [CPU_U] |838| 
         000001b0 000E 
    2897 000001b1 8F40-         MOVL      XAR5,#_Buffer         ; [CPU_U] |838| 
         000001b2 00C0 
    2898 000001b3 A842          MOVL      *-SP[2],XAR4          ; [CPU_] |838| 
    2899 000001b4 0648          MOVL      ACC,*-SP[8]           ; [CPU_] |838| 
    2900 000001b5 8A46          MOVL      XAR4,*-SP[6]          ; [CPU_] |838| 
    2901              $C$DW$207       .dwtag  DW_TAG_TI_branch
    2902                      .dwattr $C$DW$207, DW_AT_low_pc(0x00)
    2903                      .dwattr $C$DW$207, DW_AT_name("_Flash2806x_Verify")
    2904                      .dwattr $C$DW$207, DW_AT_TI_call
    2905 000001b6 7640!         LCR       #_Flash2806x_Verify   ; [CPU_] |838| 
         000001b7 0000 
    2906                      ; call occurs [#_Flash2806x_Verify] ; [] |838| 
    2907 000001b8 9644          MOV       *-SP[4],AL            ; [CPU_] |838| 
    2908                      .dwpsn  file "../Example_Flash2806x_API.c",line 839,column 5,is_stmt
    2909              ;----------------------------------------------------------------------
    2910              ; 839 | if(Status != STATUS_SUCCESS)                                           
    2911              ;----------------------------------------------------------------------
    2912 000001b9 5200          CMPB      AL,#0                 ; [CPU_] |839| 
    2913 000001ba EC03          BF        $C$L38,EQ             ; [CPU_] |839| 
    2914                      ; branchcc occurs ; [] |839| 
    2915                      .dwpsn  file "../Example_Flash2806x_API.c",line 841,column 9,is_stmt
    2916              ;----------------------------------------------------------------------
    2917              ; 841 | Example_Error(Status);                                                 
    2918              ; 845 | // --------------                                                      
    2919              ; 846 | // You can program a single bit in a memory location and then go back t
    2920              ;     | o                                                                      
    2921              ; 847 | // program another bit in the same memory location.                    
    2922              ; 849 | // Example: Program bit 0 in location in Flash SectorF.                
    2923              ; 850 | // That is program the value 0xFFFE                                    
    2924              ;----------------------------------------------------------------------
    2925              $C$DW$208       .dwtag  DW_TAG_TI_branch
    2926                      .dwattr $C$DW$208, DW_AT_low_pc(0x00)
    2927                      .dwattr $C$DW$208, DW_AT_name("_Example_Error")
    2928                      .dwattr $C$DW$208, DW_AT_TI_call
    2929 000001bb 7640+         LCR       #_Example_Error       ; [CPU_] |841| 
         000001bc 00FF 
    2930                      ; call occurs [#_Example_Error] ; [] |841| 
    2931 000001bd       $C$L38:    
    2932                      .dwpsn  file "../Example_Flash2806x_API.c",line 851,column 4,is_stmt
    2933              ;----------------------------------------------------------------------
    2934              ; 851 | Flash_ptr = Sector[2].StartAddr;                                       
    2935              ;----------------------------------------------------------------------
    2936 000001bd 761F-         MOVW      DP,#_Sector+8         ; [CPU_U] 
         000001be 0001 
    2937 000001bf 0608-         MOVL      ACC,@_Sector+8        ; [CPU_] |851| 
    2938 000001c0 1E46          MOVL      *-SP[6],ACC           ; [CPU_] |851| 
    2939                      .dwpsn  file "../Example_Flash2806x_API.c",line 852,column 4,is_stmt
TMS320C2000 Assembler PC v6.1.0 Fri Feb 14 09:23:40 2020

Tools Copyright (c) 1996-2012 Texas Instruments Incorporated
F:/Work/Code Area/Combis/Bootloader/Example_Flash2806x_API21_Combi/Example_Flash2806x_API21_Combi/Example_Flash2806x_API/Debug/Example_Flash2806x_API.asm PAGE   58

    2940              ;----------------------------------------------------------------------
    2941              ; 852 | i = 0xFFFE;                                                            
    2942              ;----------------------------------------------------------------------
    2943 000001c1 2843          MOV       *-SP[3],#65534        ; [CPU_] |852| 
         000001c2 FFFE 
    2944                      .dwpsn  file "../Example_Flash2806x_API.c",line 853,column 4,is_stmt
    2945              ;----------------------------------------------------------------------
    2946              ; 853 | Length = 1;                                                            
    2947              ;----------------------------------------------------------------------
    2948 000001c3 0201          MOVB      ACC,#1                ; [CPU_] |853| 
    2949 000001c4 1E48          MOVL      *-SP[8],ACC           ; [CPU_] |853| 
    2950                      .dwpsn  file "../Example_Flash2806x_API.c",line 854,column 4,is_stmt
    2951              ;----------------------------------------------------------------------
    2952              ; 854 | Status = Flash_Program(Flash_ptr,&i,Length,&FlashStatus);              
    2953              ;----------------------------------------------------------------------
    2954 000001c5 5DAD          MOVZ      AR5,SP                ; [CPU_U] |854| 
    2955 000001c6 8F00-         MOVL      XAR4,#_FlashStatus    ; [CPU_U] |854| 
         000001c7 000E 
    2956 000001c8 DD83          SUBB      XAR5,#3               ; [CPU_U] |854| 
    2957 000001c9 A842          MOVL      *-SP[2],XAR4          ; [CPU_] |854| 
    2958 000001ca 8A46          MOVL      XAR4,*-SP[6]          ; [CPU_] |854| 
    2959 000001cb 0648          MOVL      ACC,*-SP[8]           ; [CPU_] |854| 
    2960              $C$DW$209       .dwtag  DW_TAG_TI_branch
    2961                      .dwattr $C$DW$209, DW_AT_low_pc(0x00)
    2962                      .dwattr $C$DW$209, DW_AT_name("_Flash2806x_Program")
    2963                      .dwattr $C$DW$209, DW_AT_TI_call
    2964 000001cc 7640!         LCR       #_Flash2806x_Program  ; [CPU_] |854| 
         000001cd 0000 
    2965                      ; call occurs [#_Flash2806x_Program] ; [] |854| 
    2966 000001ce 9644          MOV       *-SP[4],AL            ; [CPU_] |854| 
    2967                      .dwpsn  file "../Example_Flash2806x_API.c",line 855,column 4,is_stmt
    2968              ;----------------------------------------------------------------------
    2969              ; 855 | if(Status != STATUS_SUCCESS)                                           
    2970              ;----------------------------------------------------------------------
    2971 000001cf 5200          CMPB      AL,#0                 ; [CPU_] |855| 
    2972 000001d0 EC03          BF        $C$L39,EQ             ; [CPU_] |855| 
    2973                      ; branchcc occurs ; [] |855| 
    2974                      .dwpsn  file "../Example_Flash2806x_API.c",line 857,column 8,is_stmt
    2975              ;----------------------------------------------------------------------
    2976              ; 857 | Example_Error(Status);                                                 
    2977              ; 860 | // Example: Program bit 1 in the same location. Remember               
    2978              ; 861 | // that bit 0 was already programmed so the value will be 0xFFFC       
    2979              ; 862 | // (bit 0 and bit 1 will both be 0)                                    
    2980              ;----------------------------------------------------------------------
    2981              $C$DW$210       .dwtag  DW_TAG_TI_branch
    2982                      .dwattr $C$DW$210, DW_AT_low_pc(0x00)
    2983                      .dwattr $C$DW$210, DW_AT_name("_Example_Error")
    2984                      .dwattr $C$DW$210, DW_AT_TI_call
    2985 000001d1 7640+         LCR       #_Example_Error       ; [CPU_] |857| 
         000001d2 00FF 
    2986                      ; call occurs [#_Example_Error] ; [] |857| 
    2987 000001d3       $C$L39:    
    2988                      .dwpsn  file "../Example_Flash2806x_API.c",line 864,column 4,is_stmt
    2989              ;----------------------------------------------------------------------
    2990              ; 864 | i = 0xFFFC;                                                            
TMS320C2000 Assembler PC v6.1.0 Fri Feb 14 09:23:40 2020

Tools Copyright (c) 1996-2012 Texas Instruments Incorporated
F:/Work/Code Area/Combis/Bootloader/Example_Flash2806x_API21_Combi/Example_Flash2806x_API21_Combi/Example_Flash2806x_API/Debug/Example_Flash2806x_API.asm PAGE   59

    2991              ;----------------------------------------------------------------------
    2992 000001d3 2843          MOV       *-SP[3],#65532        ; [CPU_] |864| 
         000001d4 FFFC 
    2993                      .dwpsn  file "../Example_Flash2806x_API.c",line 865,column 4,is_stmt
    2994              ;----------------------------------------------------------------------
    2995              ; 865 | Length = 1;                                                            
    2996              ;----------------------------------------------------------------------
    2997 000001d5 0201          MOVB      ACC,#1                ; [CPU_] |865| 
    2998 000001d6 1E48          MOVL      *-SP[8],ACC           ; [CPU_] |865| 
    2999                      .dwpsn  file "../Example_Flash2806x_API.c",line 866,column 4,is_stmt
    3000              ;----------------------------------------------------------------------
    3001              ; 866 | Status = Flash_Program(Flash_ptr,&i,Length,&FlashStatus);              
    3002              ;----------------------------------------------------------------------
    3003 000001d7 5DAD          MOVZ      AR5,SP                ; [CPU_U] |866| 
    3004 000001d8 8F00-         MOVL      XAR4,#_FlashStatus    ; [CPU_U] |866| 
         000001d9 000E 
    3005 000001da DD83          SUBB      XAR5,#3               ; [CPU_U] |866| 
    3006 000001db A842          MOVL      *-SP[2],XAR4          ; [CPU_] |866| 
    3007 000001dc 8A46          MOVL      XAR4,*-SP[6]          ; [CPU_] |866| 
    3008 000001dd 0648          MOVL      ACC,*-SP[8]           ; [CPU_] |866| 
    3009              $C$DW$211       .dwtag  DW_TAG_TI_branch
    3010                      .dwattr $C$DW$211, DW_AT_low_pc(0x00)
    3011                      .dwattr $C$DW$211, DW_AT_name("_Flash2806x_Program")
    3012                      .dwattr $C$DW$211, DW_AT_TI_call
    3013 000001de 7640!         LCR       #_Flash2806x_Program  ; [CPU_] |866| 
         000001df 0000 
    3014                      ; call occurs [#_Flash2806x_Program] ; [] |866| 
    3015 000001e0 9644          MOV       *-SP[4],AL            ; [CPU_] |866| 
    3016                      .dwpsn  file "../Example_Flash2806x_API.c",line 867,column 4,is_stmt
    3017              ;----------------------------------------------------------------------
    3018              ; 867 | if(Status != STATUS_SUCCESS)                                           
    3019              ;----------------------------------------------------------------------
    3020 000001e1 5200          CMPB      AL,#0                 ; [CPU_] |867| 
    3021 000001e2 EC03          BF        $C$L40,EQ             ; [CPU_] |867| 
    3022                      ; branchcc occurs ; [] |867| 
    3023                      .dwpsn  file "../Example_Flash2806x_API.c",line 869,column 8,is_stmt
    3024              ;----------------------------------------------------------------------
    3025              ; 869 | Example_Error(Status);                                                 
    3026              ; 873 | // Verify the value.  This first verify should fail.                   
    3027              ;----------------------------------------------------------------------
    3028              $C$DW$212       .dwtag  DW_TAG_TI_branch
    3029                      .dwattr $C$DW$212, DW_AT_low_pc(0x00)
    3030                      .dwattr $C$DW$212, DW_AT_name("_Example_Error")
    3031                      .dwattr $C$DW$212, DW_AT_TI_call
    3032 000001e3 7640+         LCR       #_Example_Error       ; [CPU_] |869| 
         000001e4 00FF 
    3033                      ; call occurs [#_Example_Error] ; [] |869| 
    3034 000001e5       $C$L40:    
    3035                      .dwpsn  file "../Example_Flash2806x_API.c",line 874,column 5,is_stmt
    3036              ;----------------------------------------------------------------------
    3037              ; 874 | i = 0xFFFE;                                                            
    3038              ;----------------------------------------------------------------------
    3039 000001e5 2843          MOV       *-SP[3],#65534        ; [CPU_] |874| 
         000001e6 FFFE 
    3040                      .dwpsn  file "../Example_Flash2806x_API.c",line 875,column 5,is_stmt
TMS320C2000 Assembler PC v6.1.0 Fri Feb 14 09:23:40 2020

Tools Copyright (c) 1996-2012 Texas Instruments Incorporated
F:/Work/Code Area/Combis/Bootloader/Example_Flash2806x_API21_Combi/Example_Flash2806x_API21_Combi/Example_Flash2806x_API/Debug/Example_Flash2806x_API.asm PAGE   60

    3041              ;----------------------------------------------------------------------
    3042              ; 875 | Status = Flash_Verify(Flash_ptr,&i,Length,&FlashStatus);               
    3043              ;----------------------------------------------------------------------
    3044 000001e7 8F00-         MOVL      XAR4,#_FlashStatus    ; [CPU_U] |875| 
         000001e8 000E 
    3045 000001e9 5DAD          MOVZ      AR5,SP                ; [CPU_U] |875| 
    3046 000001ea A842          MOVL      *-SP[2],XAR4          ; [CPU_] |875| 
    3047 000001eb DD83          SUBB      XAR5,#3               ; [CPU_U] |875| 
    3048 000001ec 0648          MOVL      ACC,*-SP[8]           ; [CPU_] |875| 
    3049 000001ed 8A46          MOVL      XAR4,*-SP[6]          ; [CPU_] |875| 
    3050              $C$DW$213       .dwtag  DW_TAG_TI_branch
    3051                      .dwattr $C$DW$213, DW_AT_low_pc(0x00)
    3052                      .dwattr $C$DW$213, DW_AT_name("_Flash2806x_Verify")
    3053                      .dwattr $C$DW$213, DW_AT_TI_call
    3054 000001ee 7640!         LCR       #_Flash2806x_Verify   ; [CPU_] |875| 
         000001ef 0000 
    3055                      ; call occurs [#_Flash2806x_Verify] ; [] |875| 
    3056 000001f0 9644          MOV       *-SP[4],AL            ; [CPU_] |875| 
    3057                      .dwpsn  file "../Example_Flash2806x_API.c",line 876,column 5,is_stmt
    3058              ;----------------------------------------------------------------------
    3059              ; 876 | if(Status != STATUS_FAIL_VERIFY)                                       
    3060              ;----------------------------------------------------------------------
    3061 000001f1 5228          CMPB      AL,#40                ; [CPU_] |876| 
    3062 000001f2 EC03          BF        $C$L41,EQ             ; [CPU_] |876| 
    3063                      ; branchcc occurs ; [] |876| 
    3064                      .dwpsn  file "../Example_Flash2806x_API.c",line 878,column 9,is_stmt
    3065              ;----------------------------------------------------------------------
    3066              ; 878 | Example_Error(Status);                                                 
    3067              ; 881 | // This is the correct value and will pass.                            
    3068              ;----------------------------------------------------------------------
    3069              $C$DW$214       .dwtag  DW_TAG_TI_branch
    3070                      .dwattr $C$DW$214, DW_AT_low_pc(0x00)
    3071                      .dwattr $C$DW$214, DW_AT_name("_Example_Error")
    3072                      .dwattr $C$DW$214, DW_AT_TI_call
    3073 000001f3 7640+         LCR       #_Example_Error       ; [CPU_] |878| 
         000001f4 00FF 
    3074                      ; call occurs [#_Example_Error] ; [] |878| 
    3075 000001f5       $C$L41:    
    3076                      .dwpsn  file "../Example_Flash2806x_API.c",line 882,column 5,is_stmt
    3077              ;----------------------------------------------------------------------
    3078              ; 882 | i = 0xFFFC;                                                            
    3079              ;----------------------------------------------------------------------
    3080 000001f5 2843          MOV       *-SP[3],#65532        ; [CPU_] |882| 
         000001f6 FFFC 
    3081                      .dwpsn  file "../Example_Flash2806x_API.c",line 883,column 5,is_stmt
    3082              ;----------------------------------------------------------------------
    3083              ; 883 | Status = Flash_Verify(Flash_ptr,&i,Length,&FlashStatus);               
    3084              ;----------------------------------------------------------------------
    3085 000001f7 8F00-         MOVL      XAR4,#_FlashStatus    ; [CPU_U] |883| 
         000001f8 000E 
    3086 000001f9 5DAD          MOVZ      AR5,SP                ; [CPU_U] |883| 
    3087 000001fa A842          MOVL      *-SP[2],XAR4          ; [CPU_] |883| 
    3088 000001fb DD83          SUBB      XAR5,#3               ; [CPU_U] |883| 
    3089 000001fc 0648          MOVL      ACC,*-SP[8]           ; [CPU_] |883| 
    3090 000001fd 8A46          MOVL      XAR4,*-SP[6]          ; [CPU_] |883| 
TMS320C2000 Assembler PC v6.1.0 Fri Feb 14 09:23:40 2020

Tools Copyright (c) 1996-2012 Texas Instruments Incorporated
F:/Work/Code Area/Combis/Bootloader/Example_Flash2806x_API21_Combi/Example_Flash2806x_API21_Combi/Example_Flash2806x_API/Debug/Example_Flash2806x_API.asm PAGE   61

    3091              $C$DW$215       .dwtag  DW_TAG_TI_branch
    3092                      .dwattr $C$DW$215, DW_AT_low_pc(0x00)
    3093                      .dwattr $C$DW$215, DW_AT_name("_Flash2806x_Verify")
    3094                      .dwattr $C$DW$215, DW_AT_TI_call
    3095 000001fe 7640!         LCR       #_Flash2806x_Verify   ; [CPU_] |883| 
         000001ff 0000 
    3096                      ; call occurs [#_Flash2806x_Verify] ; [] |883| 
    3097 00000200 9644          MOV       *-SP[4],AL            ; [CPU_] |883| 
    3098                      .dwpsn  file "../Example_Flash2806x_API.c",line 884,column 5,is_stmt
    3099              ;----------------------------------------------------------------------
    3100              ; 884 | if(Status != STATUS_SUCCESS)                                           
    3101              ;----------------------------------------------------------------------
    3102 00000201 5200          CMPB      AL,#0                 ; [CPU_] |884| 
    3103 00000202 EC03          BF        $C$L42,EQ             ; [CPU_] |884| 
    3104                      ; branchcc occurs ; [] |884| 
    3105                      .dwpsn  file "../Example_Flash2806x_API.c",line 886,column 9,is_stmt
    3106              ;----------------------------------------------------------------------
    3107              ; 886 | Example_Error(Status);                                                 
    3108              ; 889 | // --------------                                                      
    3109              ; 890 | // If a bit has already been programmed, it cannot be brought back to a
    3110              ;     |  1 by                                                                  
    3111              ; 891 | // the program function.  The only way to bring a bit back to a 1 is by
    3112              ;     |  erasing                                                               
    3113              ; 892 | // the entire sector that the bit belongs to.  This example shows the e
    3114              ;     | rror                                                                   
    3115              ; 893 | // that program will return if a bit is specified as a 1 when it has al
    3116              ;     | ready                                                                  
    3117              ; 894 | // been programmed to 0.                                               
    3118              ; 896 | // Example: Program a single 16-bit value 0x0002, in Flash Sector B    
    3119              ;----------------------------------------------------------------------
    3120              $C$DW$216       .dwtag  DW_TAG_TI_branch
    3121                      .dwattr $C$DW$216, DW_AT_low_pc(0x00)
    3122                      .dwattr $C$DW$216, DW_AT_name("_Example_Error")
    3123                      .dwattr $C$DW$216, DW_AT_TI_call
    3124 00000203 7640+         LCR       #_Example_Error       ; [CPU_] |886| 
         00000204 00FF 
    3125                      ; call occurs [#_Example_Error] ; [] |886| 
    3126 00000205       $C$L42:    
    3127                      .dwpsn  file "../Example_Flash2806x_API.c",line 897,column 4,is_stmt
    3128              ;----------------------------------------------------------------------
    3129              ; 897 | Flash_ptr = Sector[2].StartAddr+1;                                     
    3130              ;----------------------------------------------------------------------
    3131 00000205 761F-         MOVW      DP,#_Sector+8         ; [CPU_U] 
         00000206 0001 
    3132 00000207 0608-         MOVL      ACC,@_Sector+8        ; [CPU_] |897| 
    3133 00000208 0901          ADDB      ACC,#1                ; [CPU_U] |897| 
    3134 00000209 1E46          MOVL      *-SP[6],ACC           ; [CPU_] |897| 
    3135                      .dwpsn  file "../Example_Flash2806x_API.c",line 898,column 4,is_stmt
    3136              ;----------------------------------------------------------------------
    3137              ; 898 | i = 0x0002;                                                            
    3138              ;----------------------------------------------------------------------
    3139 0000020a 56BF          MOVB      *-SP[3],#2,UNC        ; [CPU_] |898| 
         0000020b 0243 
    3140                      .dwpsn  file "../Example_Flash2806x_API.c",line 899,column 4,is_stmt
    3141              ;----------------------------------------------------------------------
TMS320C2000 Assembler PC v6.1.0 Fri Feb 14 09:23:40 2020

Tools Copyright (c) 1996-2012 Texas Instruments Incorporated
F:/Work/Code Area/Combis/Bootloader/Example_Flash2806x_API21_Combi/Example_Flash2806x_API21_Combi/Example_Flash2806x_API/Debug/Example_Flash2806x_API.asm PAGE   62

    3142              ; 899 | Length = 1;                                                            
    3143              ;----------------------------------------------------------------------
    3144 0000020c 0201          MOVB      ACC,#1                ; [CPU_] |899| 
    3145 0000020d 1E48          MOVL      *-SP[8],ACC           ; [CPU_] |899| 
    3146                      .dwpsn  file "../Example_Flash2806x_API.c",line 900,column 4,is_stmt
    3147              ;----------------------------------------------------------------------
    3148              ; 900 | Status = Flash_Program(Flash_ptr,&i,Length,&FlashStatus);              
    3149              ;----------------------------------------------------------------------
    3150 0000020e 5DAD          MOVZ      AR5,SP                ; [CPU_U] |900| 
    3151 0000020f 8F00-         MOVL      XAR4,#_FlashStatus    ; [CPU_U] |900| 
         00000210 000E 
    3152 00000211 DD83          SUBB      XAR5,#3               ; [CPU_U] |900| 
    3153 00000212 A842          MOVL      *-SP[2],XAR4          ; [CPU_] |900| 
    3154 00000213 8A46          MOVL      XAR4,*-SP[6]          ; [CPU_] |900| 
    3155 00000214 0648          MOVL      ACC,*-SP[8]           ; [CPU_] |900| 
    3156              $C$DW$217       .dwtag  DW_TAG_TI_branch
    3157                      .dwattr $C$DW$217, DW_AT_low_pc(0x00)
    3158                      .dwattr $C$DW$217, DW_AT_name("_Flash2806x_Program")
    3159                      .dwattr $C$DW$217, DW_AT_TI_call
    3160 00000215 7640!         LCR       #_Flash2806x_Program  ; [CPU_] |900| 
         00000216 0000 
    3161                      ; call occurs [#_Flash2806x_Program] ; [] |900| 
    3162 00000217 9644          MOV       *-SP[4],AL            ; [CPU_] |900| 
    3163                      .dwpsn  file "../Example_Flash2806x_API.c",line 901,column 4,is_stmt
    3164              ;----------------------------------------------------------------------
    3165              ; 901 | if(Status != STATUS_SUCCESS)                                           
    3166              ;----------------------------------------------------------------------
    3167 00000218 5200          CMPB      AL,#0                 ; [CPU_] |901| 
    3168 00000219 EC03          BF        $C$L43,EQ             ; [CPU_] |901| 
    3169                      ; branchcc occurs ; [] |901| 
    3170                      .dwpsn  file "../Example_Flash2806x_API.c",line 903,column 8,is_stmt
    3171              ;----------------------------------------------------------------------
    3172              ; 903 | Example_Error(Status);                                                 
    3173              ; 906 | // Example: This will return an error!!  Can't program 0x0001          
    3174              ; 907 | // because bit 0 in the the location was previously programmed         
    3175              ; 908 | // to zero!                                                            
    3176              ;----------------------------------------------------------------------
    3177              $C$DW$218       .dwtag  DW_TAG_TI_branch
    3178                      .dwattr $C$DW$218, DW_AT_low_pc(0x00)
    3179                      .dwattr $C$DW$218, DW_AT_name("_Example_Error")
    3180                      .dwattr $C$DW$218, DW_AT_TI_call
    3181 0000021a 7640+         LCR       #_Example_Error       ; [CPU_] |903| 
         0000021b 00FF 
    3182                      ; call occurs [#_Example_Error] ; [] |903| 
    3183 0000021c       $C$L43:    
    3184                      .dwpsn  file "../Example_Flash2806x_API.c",line 910,column 4,is_stmt
    3185              ;----------------------------------------------------------------------
    3186              ; 910 | i = 0x0001;                                                            
    3187              ;----------------------------------------------------------------------
    3188 0000021c 56BF          MOVB      *-SP[3],#1,UNC        ; [CPU_] |910| 
         0000021d 0143 
    3189                      .dwpsn  file "../Example_Flash2806x_API.c",line 911,column 4,is_stmt
    3190              ;----------------------------------------------------------------------
    3191              ; 911 | Length = 1;                                                            
    3192              ;----------------------------------------------------------------------
TMS320C2000 Assembler PC v6.1.0 Fri Feb 14 09:23:40 2020

Tools Copyright (c) 1996-2012 Texas Instruments Incorporated
F:/Work/Code Area/Combis/Bootloader/Example_Flash2806x_API21_Combi/Example_Flash2806x_API21_Combi/Example_Flash2806x_API/Debug/Example_Flash2806x_API.asm PAGE   63

    3193 0000021e 0201          MOVB      ACC,#1                ; [CPU_] |911| 
    3194 0000021f 1E48          MOVL      *-SP[8],ACC           ; [CPU_] |911| 
    3195                      .dwpsn  file "../Example_Flash2806x_API.c",line 912,column 4,is_stmt
    3196              ;----------------------------------------------------------------------
    3197              ; 912 | Status = Flash_Program(Flash_ptr,&i,Length,&FlashStatus);              
    3198              ; 913 | // This should return a STATUS_FAIL_ZERO_BIT_ERROR                     
    3199              ;----------------------------------------------------------------------
    3200 00000220 5DAD          MOVZ      AR5,SP                ; [CPU_U] |912| 
    3201 00000221 8F00-         MOVL      XAR4,#_FlashStatus    ; [CPU_U] |912| 
         00000222 000E 
    3202 00000223 DD83          SUBB      XAR5,#3               ; [CPU_U] |912| 
    3203 00000224 A842          MOVL      *-SP[2],XAR4          ; [CPU_] |912| 
    3204 00000225 8A46          MOVL      XAR4,*-SP[6]          ; [CPU_] |912| 
    3205 00000226 0648          MOVL      ACC,*-SP[8]           ; [CPU_] |912| 
    3206              $C$DW$219       .dwtag  DW_TAG_TI_branch
    3207                      .dwattr $C$DW$219, DW_AT_low_pc(0x00)
    3208                      .dwattr $C$DW$219, DW_AT_name("_Flash2806x_Program")
    3209                      .dwattr $C$DW$219, DW_AT_TI_call
    3210 00000227 7640!         LCR       #_Flash2806x_Program  ; [CPU_] |912| 
         00000228 0000 
    3211                      ; call occurs [#_Flash2806x_Program] ; [] |912| 
    3212 00000229 9644          MOV       *-SP[4],AL            ; [CPU_] |912| 
    3213                      .dwpsn  file "../Example_Flash2806x_API.c",line 914,column 4,is_stmt
    3214              ;----------------------------------------------------------------------
    3215              ; 914 | if(Status != STATUS_FAIL_ZERO_BIT_ERROR)                               
    3216              ;----------------------------------------------------------------------
    3217 0000022a 521F          CMPB      AL,#31                ; [CPU_] |914| 
    3218 0000022b EC03          BF        $C$L44,EQ             ; [CPU_] |914| 
    3219                      ; branchcc occurs ; [] |914| 
    3220                      .dwpsn  file "../Example_Flash2806x_API.c",line 916,column 8,is_stmt
    3221              ;----------------------------------------------------------------------
    3222              ; 916 | Example_Error(Status);                                                 
    3223              ; 919 | // --------------                                                      
    3224              ; 921 | // Example: This will return an error!!  The location specified        
    3225              ; 922 | // is outside of the Flash and OTP!                                    
    3226              ;----------------------------------------------------------------------
    3227              $C$DW$220       .dwtag  DW_TAG_TI_branch
    3228                      .dwattr $C$DW$220, DW_AT_low_pc(0x00)
    3229                      .dwattr $C$DW$220, DW_AT_name("_Example_Error")
    3230                      .dwattr $C$DW$220, DW_AT_TI_call
    3231 0000022c 7640+         LCR       #_Example_Error       ; [CPU_] |916| 
         0000022d 00FF 
    3232                      ; call occurs [#_Example_Error] ; [] |916| 
    3233 0000022e       $C$L44:    
    3234                      .dwpsn  file "../Example_Flash2806x_API.c",line 923,column 4,is_stmt
    3235              ;----------------------------------------------------------------------
    3236              ; 923 | Flash_ptr = (Uint16 *)0x00340000;                                      
    3237              ;----------------------------------------------------------------------
    3238 0000022e 8F34          MOVL      XAR4,#3407872         ; [CPU_U] |923| 
         0000022f 0000 
    3239 00000230 A846          MOVL      *-SP[6],XAR4          ; [CPU_] |923| 
    3240                      .dwpsn  file "../Example_Flash2806x_API.c",line 924,column 4,is_stmt
    3241              ;----------------------------------------------------------------------
    3242              ; 924 | i = 0x0001;                                                            
    3243              ;----------------------------------------------------------------------
TMS320C2000 Assembler PC v6.1.0 Fri Feb 14 09:23:40 2020

Tools Copyright (c) 1996-2012 Texas Instruments Incorporated
F:/Work/Code Area/Combis/Bootloader/Example_Flash2806x_API21_Combi/Example_Flash2806x_API21_Combi/Example_Flash2806x_API/Debug/Example_Flash2806x_API.asm PAGE   64

    3244 00000231 56BF          MOVB      *-SP[3],#1,UNC        ; [CPU_] |924| 
         00000232 0143 
    3245                      .dwpsn  file "../Example_Flash2806x_API.c",line 925,column 4,is_stmt
    3246              ;----------------------------------------------------------------------
    3247              ; 925 | Length = 1;                                                            
    3248              ;----------------------------------------------------------------------
    3249 00000233 0201          MOVB      ACC,#1                ; [CPU_] |925| 
    3250 00000234 1E48          MOVL      *-SP[8],ACC           ; [CPU_] |925| 
    3251                      .dwpsn  file "../Example_Flash2806x_API.c",line 926,column 4,is_stmt
    3252              ;----------------------------------------------------------------------
    3253              ; 926 | Status = Flash_Program(Flash_ptr,&i,Length,&FlashStatus);              
    3254              ; 927 | // This should return a STATUS_FAIL_ADDR_INVALID error                 
    3255              ;----------------------------------------------------------------------
    3256 00000235 5DAD          MOVZ      AR5,SP                ; [CPU_U] |926| 
    3257 00000236 8F00-         MOVL      XAR4,#_FlashStatus    ; [CPU_U] |926| 
         00000237 000E 
    3258 00000238 DD83          SUBB      XAR5,#3               ; [CPU_U] |926| 
    3259 00000239 A842          MOVL      *-SP[2],XAR4          ; [CPU_] |926| 
    3260 0000023a 8A46          MOVL      XAR4,*-SP[6]          ; [CPU_] |926| 
    3261 0000023b 0648          MOVL      ACC,*-SP[8]           ; [CPU_] |926| 
    3262              $C$DW$221       .dwtag  DW_TAG_TI_branch
    3263                      .dwattr $C$DW$221, DW_AT_low_pc(0x00)
    3264                      .dwattr $C$DW$221, DW_AT_name("_Flash2806x_Program")
    3265                      .dwattr $C$DW$221, DW_AT_TI_call
    3266 0000023c 7640!         LCR       #_Flash2806x_Program  ; [CPU_] |926| 
         0000023d 0000 
    3267                      ; call occurs [#_Flash2806x_Program] ; [] |926| 
    3268 0000023e 9644          MOV       *-SP[4],AL            ; [CPU_] |926| 
    3269                      .dwpsn  file "../Example_Flash2806x_API.c",line 928,column 4,is_stmt
    3270              ;----------------------------------------------------------------------
    3271              ; 928 | if(Status != STATUS_FAIL_ADDR_INVALID)                                 
    3272              ;----------------------------------------------------------------------
    3273 0000023f 520C          CMPB      AL,#12                ; [CPU_] |928| 
    3274 00000240 EC03          BF        $C$L45,EQ             ; [CPU_] |928| 
    3275                      ; branchcc occurs ; [] |928| 
    3276                      .dwpsn  file "../Example_Flash2806x_API.c",line 930,column 8,is_stmt
    3277              ;----------------------------------------------------------------------
    3278              ; 930 | Example_Error(Status);                                                 
    3279              ; 933 | // --------------                                                      
    3280              ; 935 | // Example: This will return an error!!  Can't program 1               
    3281              ; 936 | // because bit 0 in the the location was previously programmed         
    3282              ; 937 | // to zero!                                                            
    3283              ;----------------------------------------------------------------------
    3284              $C$DW$222       .dwtag  DW_TAG_TI_branch
    3285                      .dwattr $C$DW$222, DW_AT_low_pc(0x00)
    3286                      .dwattr $C$DW$222, DW_AT_name("_Example_Error")
    3287                      .dwattr $C$DW$222, DW_AT_TI_call
    3288 00000241 7640+         LCR       #_Example_Error       ; [CPU_] |930| 
         00000242 00FF 
    3289                      ; call occurs [#_Example_Error] ; [] |930| 
    3290 00000243       $C$L45:    
    3291                      .dwpsn  file "../Example_Flash2806x_API.c",line 938,column 9,is_stmt
    3292              ;----------------------------------------------------------------------
    3293              ; 938 | for(i=0;i<WORDS_IN_FLASH_BUFFER;i++)                                   
    3294              ;----------------------------------------------------------------------
TMS320C2000 Assembler PC v6.1.0 Fri Feb 14 09:23:40 2020

Tools Copyright (c) 1996-2012 Texas Instruments Incorporated
F:/Work/Code Area/Combis/Bootloader/Example_Flash2806x_API21_Combi/Example_Flash2806x_API21_Combi/Example_Flash2806x_API/Debug/Example_Flash2806x_API.asm PAGE   65

    3295 00000243 2B43          MOV       *-SP[3],#0            ; [CPU_] |938| 
    3296                      .dwpsn  file "../Example_Flash2806x_API.c",line 938,column 13,is_stmt
    3297 00000244 1B43          CMP       *-SP[3],#256          ; [CPU_] |938| 
         00000245 0100 
    3298 00000246 670A          B         $C$L47,HIS            ; [CPU_] |938| 
    3299                      ; branchcc occurs ; [] |938| 
    3300 00000247       $C$L46:    
    3301 00000247       $C$DW$L$_Example_CallFlashAPI$32$B:
    3302                      .dwpsn  file "../Example_Flash2806x_API.c",line 940,column 9,is_stmt
    3303              ;----------------------------------------------------------------------
    3304              ; 940 | Buffer[i] = 0xFFFF;                                                    
    3305              ;----------------------------------------------------------------------
    3306 00000247 5843          MOVZ      AR0,*-SP[3]           ; [CPU_] |940| 
    3307 00000248 8F00-         MOVL      XAR4,#_Buffer         ; [CPU_U] |940| 
         00000249 00C0 
    3308 0000024a 2894          MOV       *+XAR4[AR0],#65535    ; [CPU_] |940| 
         0000024b FFFF 
    3309                      .dwpsn  file "../Example_Flash2806x_API.c",line 938,column 37,is_stmt
    3310 0000024c 0A43          INC       *-SP[3]               ; [CPU_] |938| 
    3311                      .dwpsn  file "../Example_Flash2806x_API.c",line 938,column 13,is_stmt
    3312 0000024d 1B43          CMP       *-SP[3],#256          ; [CPU_] |938| 
         0000024e 0100 
    3313 0000024f 68F8          B         $C$L46,LO             ; [CPU_] |938| 
    3314                      ; branchcc occurs ; [] |938| 
    3315 00000250       $C$DW$L$_Example_CallFlashAPI$32$E:
    3316 00000250       $C$L47:    
    3317                      .dwpsn  file "../Example_Flash2806x_API.c",line 943,column 5,is_stmt
    3318              ;----------------------------------------------------------------------
    3319              ; 943 | Flash_ptr = Sector[0].EndAddr;                                         
    3320              ;----------------------------------------------------------------------
    3321 00000250 761F-         MOVW      DP,#_Sector+2         ; [CPU_U] 
         00000251 0001 
    3322 00000252 0602-         MOVL      ACC,@_Sector+2        ; [CPU_] |943| 
    3323 00000253 1E46          MOVL      *-SP[6],ACC           ; [CPU_] |943| 
    3324                      .dwpsn  file "../Example_Flash2806x_API.c",line 944,column 5,is_stmt
    3325              ;----------------------------------------------------------------------
    3326              ; 944 | Length = 13;                                                           
    3327              ;----------------------------------------------------------------------
    3328 00000254 020D          MOVB      ACC,#13               ; [CPU_] |944| 
    3329 00000255 1E48          MOVL      *-SP[8],ACC           ; [CPU_] |944| 
    3330                      .dwpsn  file "../Example_Flash2806x_API.c",line 945,column 5,is_stmt
    3331              ;----------------------------------------------------------------------
    3332              ; 945 | Status = Flash_Program(Flash_ptr,Buffer,Length,&FlashStatus);          
    3333              ;----------------------------------------------------------------------
    3334 00000256 8F00-         MOVL      XAR4,#_FlashStatus    ; [CPU_U] |945| 
         00000257 000E 
    3335 00000258 8F40-         MOVL      XAR5,#_Buffer         ; [CPU_U] |945| 
         00000259 00C0 
    3336 0000025a A842          MOVL      *-SP[2],XAR4          ; [CPU_] |945| 
    3337 0000025b 8A46          MOVL      XAR4,*-SP[6]          ; [CPU_] |945| 
    3338 0000025c 0648          MOVL      ACC,*-SP[8]           ; [CPU_] |945| 
    3339              $C$DW$223       .dwtag  DW_TAG_TI_branch
    3340                      .dwattr $C$DW$223, DW_AT_low_pc(0x00)
    3341                      .dwattr $C$DW$223, DW_AT_name("_Flash2806x_Program")
    3342                      .dwattr $C$DW$223, DW_AT_TI_call
TMS320C2000 Assembler PC v6.1.0 Fri Feb 14 09:23:40 2020

Tools Copyright (c) 1996-2012 Texas Instruments Incorporated
F:/Work/Code Area/Combis/Bootloader/Example_Flash2806x_API21_Combi/Example_Flash2806x_API21_Combi/Example_Flash2806x_API/Debug/Example_Flash2806x_API.asm PAGE   66

    3343 0000025d 7640!         LCR       #_Flash2806x_Program  ; [CPU_] |945| 
         0000025e 0000 
    3344                      ; call occurs [#_Flash2806x_Program] ; [] |945| 
    3345 0000025f 9644          MOV       *-SP[4],AL            ; [CPU_] |945| 
    3346                      .dwpsn  file "../Example_Flash2806x_API.c",line 946,column 5,is_stmt
    3347              ;----------------------------------------------------------------------
    3348              ; 946 | if(Status != STATUS_FAIL_ZERO_BIT_ERROR)//STATUS_FAIL_ADDR_INVALID)    
    3349              ;----------------------------------------------------------------------
    3350 00000260 521F          CMPB      AL,#31                ; [CPU_] |946| 
    3351 00000261 EC03          BF        $C$L48,EQ             ; [CPU_] |946| 
    3352                      ; branchcc occurs ; [] |946| 
    3353                      .dwpsn  file "../Example_Flash2806x_API.c",line 948,column 9,is_stmt
    3354              ;----------------------------------------------------------------------
    3355              ; 948 | Example_Error(Status);                                                 
    3356              ; 957 | // Example: Erase Sector G                                             
    3357              ; 958 | // SECTORG is defined in Flash2806x_API_Library.h                      
    3358              ;----------------------------------------------------------------------
    3359              $C$DW$224       .dwtag  DW_TAG_TI_branch
    3360                      .dwattr $C$DW$224, DW_AT_low_pc(0x00)
    3361                      .dwattr $C$DW$224, DW_AT_name("_Example_Error")
    3362                      .dwattr $C$DW$224, DW_AT_TI_call
    3363 00000262 7640+         LCR       #_Example_Error       ; [CPU_] |948| 
         00000263 00FF 
    3364                      ; call occurs [#_Example_Error] ; [] |948| 
    3365 00000264       $C$L48:    
    3366                      .dwpsn  file "../Example_Flash2806x_API.c",line 959,column 4,is_stmt
    3367              ;----------------------------------------------------------------------
    3368              ; 959 | Status = Flash_Erase(SECTORG,&FlashStatus);                            
    3369              ;----------------------------------------------------------------------
    3370 00000264 9A40          MOVB      AL,#64                ; [CPU_] |959| 
    3371 00000265 8F00-         MOVL      XAR4,#_FlashStatus    ; [CPU_U] |959| 
         00000266 000E 
    3372              $C$DW$225       .dwtag  DW_TAG_TI_branch
    3373                      .dwattr $C$DW$225, DW_AT_low_pc(0x00)
    3374                      .dwattr $C$DW$225, DW_AT_name("_Flash2806x_Erase")
    3375                      .dwattr $C$DW$225, DW_AT_TI_call
    3376 00000267 7640!         LCR       #_Flash2806x_Erase    ; [CPU_] |959| 
         00000268 0000 
    3377                      ; call occurs [#_Flash2806x_Erase] ; [] |959| 
    3378 00000269 9644          MOV       *-SP[4],AL            ; [CPU_] |959| 
    3379                      .dwpsn  file "../Example_Flash2806x_API.c",line 960,column 4,is_stmt
    3380              ;----------------------------------------------------------------------
    3381              ; 960 | if(Status != STATUS_SUCCESS)                                           
    3382              ;----------------------------------------------------------------------
    3383 0000026a 5200          CMPB      AL,#0                 ; [CPU_] |960| 
    3384 0000026b EC03          BF        $C$L49,EQ             ; [CPU_] |960| 
    3385                      ; branchcc occurs ; [] |960| 
    3386                      .dwpsn  file "../Example_Flash2806x_API.c",line 962,column 8,is_stmt
    3387              ;----------------------------------------------------------------------
    3388              ; 962 | Example_Error(Status);                                                 
    3389              ; 965 | // Example: Erase Sector F                                             
    3390              ; 966 | // SECTORF is defined in Flash2806x_API_Library.h                      
    3391              ;----------------------------------------------------------------------
    3392              $C$DW$226       .dwtag  DW_TAG_TI_branch
    3393                      .dwattr $C$DW$226, DW_AT_low_pc(0x00)
TMS320C2000 Assembler PC v6.1.0 Fri Feb 14 09:23:40 2020

Tools Copyright (c) 1996-2012 Texas Instruments Incorporated
F:/Work/Code Area/Combis/Bootloader/Example_Flash2806x_API21_Combi/Example_Flash2806x_API21_Combi/Example_Flash2806x_API/Debug/Example_Flash2806x_API.asm PAGE   67

    3394                      .dwattr $C$DW$226, DW_AT_name("_Example_Error")
    3395                      .dwattr $C$DW$226, DW_AT_TI_call
    3396 0000026c 7640+         LCR       #_Example_Error       ; [CPU_] |962| 
         0000026d 00FF 
    3397                      ; call occurs [#_Example_Error] ; [] |962| 
    3398 0000026e       $C$L49:    
    3399                      .dwpsn  file "../Example_Flash2806x_API.c",line 967,column 4,is_stmt
    3400              ;----------------------------------------------------------------------
    3401              ; 967 | Status = Flash_Erase((SECTORF),&FlashStatus);                          
    3402              ;----------------------------------------------------------------------
    3403 0000026e 9A20          MOVB      AL,#32                ; [CPU_] |967| 
    3404 0000026f 8F00-         MOVL      XAR4,#_FlashStatus    ; [CPU_U] |967| 
         00000270 000E 
    3405              $C$DW$227       .dwtag  DW_TAG_TI_branch
    3406                      .dwattr $C$DW$227, DW_AT_low_pc(0x00)
    3407                      .dwattr $C$DW$227, DW_AT_name("_Flash2806x_Erase")
    3408                      .dwattr $C$DW$227, DW_AT_TI_call
    3409 00000271 7640!         LCR       #_Flash2806x_Erase    ; [CPU_] |967| 
         00000272 0000 
    3410                      ; call occurs [#_Flash2806x_Erase] ; [] |967| 
    3411 00000273 9644          MOV       *-SP[4],AL            ; [CPU_] |967| 
    3412                      .dwpsn  file "../Example_Flash2806x_API.c",line 968,column 4,is_stmt
    3413              ;----------------------------------------------------------------------
    3414              ; 968 | if(Status != STATUS_SUCCESS)                                           
    3415              ;----------------------------------------------------------------------
    3416 00000274 5200          CMPB      AL,#0                 ; [CPU_] |968| 
    3417 00000275 EC03          BF        $C$L50,EQ             ; [CPU_] |968| 
    3418                      ; branchcc occurs ; [] |968| 
    3419                      .dwpsn  file "../Example_Flash2806x_API.c",line 970,column 8,is_stmt
    3420              ;----------------------------------------------------------------------
    3421              ; 970 | Example_Error(Status);                                                 
    3422              ; 973 | // Example: Erase Sector D                                             
    3423              ; 974 | // SECTORD is defined in Flash2806x_API_Library.h                      
    3424              ;----------------------------------------------------------------------
    3425              $C$DW$228       .dwtag  DW_TAG_TI_branch
    3426                      .dwattr $C$DW$228, DW_AT_low_pc(0x00)
    3427                      .dwattr $C$DW$228, DW_AT_name("_Example_Error")
    3428                      .dwattr $C$DW$228, DW_AT_TI_call
    3429 00000276 7640+         LCR       #_Example_Error       ; [CPU_] |970| 
         00000277 00FF 
    3430                      ; call occurs [#_Example_Error] ; [] |970| 
    3431 00000278       $C$L50:    
    3432                      .dwpsn  file "../Example_Flash2806x_API.c",line 975,column 4,is_stmt
    3433              ;----------------------------------------------------------------------
    3434              ; 975 | Status = Flash_Erase((SECTORD),&FlashStatus);                          
    3435              ;----------------------------------------------------------------------
    3436 00000278 9A08          MOVB      AL,#8                 ; [CPU_] |975| 
    3437 00000279 8F00-         MOVL      XAR4,#_FlashStatus    ; [CPU_U] |975| 
         0000027a 000E 
    3438              $C$DW$229       .dwtag  DW_TAG_TI_branch
    3439                      .dwattr $C$DW$229, DW_AT_low_pc(0x00)
    3440                      .dwattr $C$DW$229, DW_AT_name("_Flash2806x_Erase")
    3441                      .dwattr $C$DW$229, DW_AT_TI_call
    3442 0000027b 7640!         LCR       #_Flash2806x_Erase    ; [CPU_] |975| 
         0000027c 0000 
TMS320C2000 Assembler PC v6.1.0 Fri Feb 14 09:23:40 2020

Tools Copyright (c) 1996-2012 Texas Instruments Incorporated
F:/Work/Code Area/Combis/Bootloader/Example_Flash2806x_API21_Combi/Example_Flash2806x_API21_Combi/Example_Flash2806x_API/Debug/Example_Flash2806x_API.asm PAGE   68

    3443                      ; call occurs [#_Flash2806x_Erase] ; [] |975| 
    3444 0000027d 9644          MOV       *-SP[4],AL            ; [CPU_] |975| 
    3445                      .dwpsn  file "../Example_Flash2806x_API.c",line 976,column 4,is_stmt
    3446              ;----------------------------------------------------------------------
    3447              ; 976 | if(Status != STATUS_SUCCESS)                                           
    3448              ;----------------------------------------------------------------------
    3449 0000027e 5200          CMPB      AL,#0                 ; [CPU_] |976| 
    3450 0000027f EC03          BF        $C$L51,EQ             ; [CPU_] |976| 
    3451                      ; branchcc occurs ; [] |976| 
    3452                      .dwpsn  file "../Example_Flash2806x_API.c",line 978,column 8,is_stmt
    3453              ;----------------------------------------------------------------------
    3454              ; 978 | Example_Error(Status);                                                 
    3455              ; 981 | // Example: Erase Sector C                                             
    3456              ; 982 | // SECTORC is defined in Flash2806x_API_Library.h                      
    3457              ;----------------------------------------------------------------------
    3458              $C$DW$230       .dwtag  DW_TAG_TI_branch
    3459                      .dwattr $C$DW$230, DW_AT_low_pc(0x00)
    3460                      .dwattr $C$DW$230, DW_AT_name("_Example_Error")
    3461                      .dwattr $C$DW$230, DW_AT_TI_call
    3462 00000280 7640+         LCR       #_Example_Error       ; [CPU_] |978| 
         00000281 00FF 
    3463                      ; call occurs [#_Example_Error] ; [] |978| 
    3464 00000282       $C$L51:    
    3465                      .dwpsn  file "../Example_Flash2806x_API.c",line 983,column 4,is_stmt
    3466              ;----------------------------------------------------------------------
    3467              ; 983 | Status = Flash_Erase((SECTORC),&FlashStatus);                          
    3468              ;----------------------------------------------------------------------
    3469 00000282 9A04          MOVB      AL,#4                 ; [CPU_] |983| 
    3470 00000283 8F00-         MOVL      XAR4,#_FlashStatus    ; [CPU_U] |983| 
         00000284 000E 
    3471              $C$DW$231       .dwtag  DW_TAG_TI_branch
    3472                      .dwattr $C$DW$231, DW_AT_low_pc(0x00)
    3473                      .dwattr $C$DW$231, DW_AT_name("_Flash2806x_Erase")
    3474                      .dwattr $C$DW$231, DW_AT_TI_call
    3475 00000285 7640!         LCR       #_Flash2806x_Erase    ; [CPU_] |983| 
         00000286 0000 
    3476                      ; call occurs [#_Flash2806x_Erase] ; [] |983| 
    3477 00000287 9644          MOV       *-SP[4],AL            ; [CPU_] |983| 
    3478                      .dwpsn  file "../Example_Flash2806x_API.c",line 984,column 4,is_stmt
    3479              ;----------------------------------------------------------------------
    3480              ; 984 | if(Status != STATUS_SUCCESS)                                           
    3481              ;----------------------------------------------------------------------
    3482 00000288 5200          CMPB      AL,#0                 ; [CPU_] |984| 
    3483 00000289 EC03          BF        $C$L52,EQ             ; [CPU_] |984| 
    3484                      ; branchcc occurs ; [] |984| 
    3485                      .dwpsn  file "../Example_Flash2806x_API.c",line 986,column 8,is_stmt
    3486              ;----------------------------------------------------------------------
    3487              ; 986 | Example_Error(Status);                                                 
    3488              ; 990 | // Example: This will return an error. No valid sector is specified.   
    3489              ;----------------------------------------------------------------------
    3490              $C$DW$232       .dwtag  DW_TAG_TI_branch
    3491                      .dwattr $C$DW$232, DW_AT_low_pc(0x00)
    3492                      .dwattr $C$DW$232, DW_AT_name("_Example_Error")
    3493                      .dwattr $C$DW$232, DW_AT_TI_call
    3494 0000028a 7640+         LCR       #_Example_Error       ; [CPU_] |986| 
TMS320C2000 Assembler PC v6.1.0 Fri Feb 14 09:23:40 2020

Tools Copyright (c) 1996-2012 Texas Instruments Incorporated
F:/Work/Code Area/Combis/Bootloader/Example_Flash2806x_API21_Combi/Example_Flash2806x_API21_Combi/Example_Flash2806x_API/Debug/Example_Flash2806x_API.asm PAGE   69

         0000028b 00FF 
    3495                      ; call occurs [#_Example_Error] ; [] |986| 
    3496 0000028c       $C$L52:    
    3497                      .dwpsn  file "../Example_Flash2806x_API.c",line 991,column 4,is_stmt
    3498              ;----------------------------------------------------------------------
    3499              ; 991 | Status = Flash_Erase(0,&FlashStatus);                                  
    3500              ; 992 | // Should return STATUS_FAIL_NO_SECTOR_SPECIFIED                       
    3501              ;----------------------------------------------------------------------
    3502 0000028c 9A00          MOVB      AL,#0                 ; [CPU_] |991| 
    3503 0000028d 8F00-         MOVL      XAR4,#_FlashStatus    ; [CPU_U] |991| 
         0000028e 000E 
    3504              $C$DW$233       .dwtag  DW_TAG_TI_branch
    3505                      .dwattr $C$DW$233, DW_AT_low_pc(0x00)
    3506                      .dwattr $C$DW$233, DW_AT_name("_Flash2806x_Erase")
    3507                      .dwattr $C$DW$233, DW_AT_TI_call
    3508 0000028f 7640!         LCR       #_Flash2806x_Erase    ; [CPU_] |991| 
         00000290 0000 
    3509                      ; call occurs [#_Flash2806x_Erase] ; [] |991| 
    3510 00000291 9644          MOV       *-SP[4],AL            ; [CPU_] |991| 
    3511                      .dwpsn  file "../Example_Flash2806x_API.c",line 993,column 4,is_stmt
    3512              ;----------------------------------------------------------------------
    3513              ; 993 | if(Status != STATUS_FAIL_NO_SECTOR_SPECIFIED)                          
    3514              ;----------------------------------------------------------------------
    3515 00000292 5214          CMPB      AL,#20                ; [CPU_] |993| 
    3516 00000293 EC03          BF        $C$L53,EQ             ; [CPU_] |993| 
    3517                      ; branchcc occurs ; [] |993| 
    3518                      .dwpsn  file "../Example_Flash2806x_API.c",line 995,column 8,is_stmt
    3519              ;----------------------------------------------------------------------
    3520              ; 995 | Example_Error(Status);                                                 
    3521              ;----------------------------------------------------------------------
    3522              $C$DW$234       .dwtag  DW_TAG_TI_branch
    3523                      .dwattr $C$DW$234, DW_AT_low_pc(0x00)
    3524                      .dwattr $C$DW$234, DW_AT_name("_Example_Error")
    3525                      .dwattr $C$DW$234, DW_AT_TI_call
    3526 00000294 7640+         LCR       #_Example_Error       ; [CPU_] |995| 
         00000295 00FF 
    3527                      ; call occurs [#_Example_Error] ; [] |995| 
    3528 00000296       $C$L53:    
    3529                      .dwpsn  file "../Example_Flash2806x_API.c",line 998,column 4,is_stmt
    3530              ;----------------------------------------------------------------------
    3531              ; 998 | Example_Done();                                                        
    3532              ;----------------------------------------------------------------------
    3533              $C$DW$235       .dwtag  DW_TAG_TI_branch
    3534                      .dwattr $C$DW$235, DW_AT_low_pc(0x00)
    3535                      .dwattr $C$DW$235, DW_AT_name("_Example_Done")
    3536                      .dwattr $C$DW$235, DW_AT_TI_call
    3537 00000296 7640+         LCR       #_Example_Done        ; [CPU_] |998| 
         00000297 0106 
    3538                      ; call occurs [#_Example_Done] ; [] |998| 
    3539                      .dwpsn  file "../Example_Flash2806x_API.c",line 1000,column 1,is_stmt
    3540 00000298 FE8A          SUBB      SP,#10                ; [CPU_U] 
    3541                      .dwcfi  cfa_offset, -2
    3542              $C$DW$236       .dwtag  DW_TAG_TI_branch
    3543                      .dwattr $C$DW$236, DW_AT_low_pc(0x00)
    3544                      .dwattr $C$DW$236, DW_AT_TI_return
TMS320C2000 Assembler PC v6.1.0 Fri Feb 14 09:23:40 2020

Tools Copyright (c) 1996-2012 Texas Instruments Incorporated
F:/Work/Code Area/Combis/Bootloader/Example_Flash2806x_API21_Combi/Example_Flash2806x_API21_Combi/Example_Flash2806x_API/Debug/Example_Flash2806x_API.asm PAGE   70

    3545 00000299 0006          LRETR     ; [CPU_] 
    3546                      ; return occurs ; [] 
    3547              
    3548              $C$DW$237       .dwtag  DW_TAG_TI_loop
    3549                      .dwattr $C$DW$237, DW_AT_name("F:/Work/Code Area/Combis/Bootloader/Example_Flash2806x_API21_Combi/Exa
    3550                      .dwattr $C$DW$237, DW_AT_TI_begin_file("../Example_Flash2806x_API.c")
    3551                      .dwattr $C$DW$237, DW_AT_TI_begin_line(0x3aa)
    3552                      .dwattr $C$DW$237, DW_AT_TI_end_line(0x3ad)
    3553              $C$DW$238       .dwtag  DW_TAG_TI_loop_range
    3554                      .dwattr $C$DW$238, DW_AT_low_pc($C$DW$L$_Example_CallFlashAPI$32$B)
    3555                      .dwattr $C$DW$238, DW_AT_high_pc($C$DW$L$_Example_CallFlashAPI$32$E)
    3556                      .dwendtag $C$DW$237
    3557              
    3558              
    3559              $C$DW$239       .dwtag  DW_TAG_TI_loop
    3560                      .dwattr $C$DW$239, DW_AT_name("F:/Work/Code Area/Combis/Bootloader/Example_Flash2806x_API21_Combi/Exa
    3561                      .dwattr $C$DW$239, DW_AT_TI_begin_file("../Example_Flash2806x_API.c")
    3562                      .dwattr $C$DW$239, DW_AT_TI_begin_line(0x337)
    3563                      .dwattr $C$DW$239, DW_AT_TI_end_line(0x33a)
    3564              $C$DW$240       .dwtag  DW_TAG_TI_loop_range
    3565                      .dwattr $C$DW$240, DW_AT_low_pc($C$DW$L$_Example_CallFlashAPI$12$B)
    3566                      .dwattr $C$DW$240, DW_AT_high_pc($C$DW$L$_Example_CallFlashAPI$12$E)
    3567                      .dwendtag $C$DW$239
    3568              
    3569              
    3570              $C$DW$241       .dwtag  DW_TAG_TI_loop
    3571                      .dwattr $C$DW$241, DW_AT_name("F:/Work/Code Area/Combis/Bootloader/Example_Flash2806x_API21_Combi/Exa
    3572                      .dwattr $C$DW$241, DW_AT_TI_begin_file("../Example_Flash2806x_API.c")
    3573                      .dwattr $C$DW$241, DW_AT_TI_begin_line(0x31c)
    3574                      .dwattr $C$DW$241, DW_AT_TI_end_line(0x31f)
    3575              $C$DW$242       .dwtag  DW_TAG_TI_loop_range
    3576                      .dwattr $C$DW$242, DW_AT_low_pc($C$DW$L$_Example_CallFlashAPI$6$B)
    3577                      .dwattr $C$DW$242, DW_AT_high_pc($C$DW$L$_Example_CallFlashAPI$6$E)
    3578                      .dwendtag $C$DW$241
    3579              
    3580                      .dwattr $C$DW$192, DW_AT_TI_end_file("../Example_Flash2806x_API.c")
    3581                      .dwattr $C$DW$192, DW_AT_TI_end_line(0x3e8)
    3582                      .dwattr $C$DW$192, DW_AT_TI_end_column(0x01)
    3583                      .dwendentry
    3584                      .dwendtag $C$DW$192
    3585              
    3586 0000029a               .sect   ".text"
    3587                      .global _Example_CsmUnlock
    3588              
    3589              $C$DW$243       .dwtag  DW_TAG_subprogram, DW_AT_name("Example_CsmUnlock")
    3590                      .dwattr $C$DW$243, DW_AT_low_pc(_Example_CsmUnlock)
    3591                      .dwattr $C$DW$243, DW_AT_high_pc(0x00)
    3592                      .dwattr $C$DW$243, DW_AT_TI_symbol_name("_Example_CsmUnlock")
    3593                      .dwattr $C$DW$243, DW_AT_external
    3594                      .dwattr $C$DW$243, DW_AT_type(*$C$DW$T$11)
    3595                      .dwattr $C$DW$243, DW_AT_TI_begin_file("../Example_Flash2806x_API.c")
    3596                      .dwattr $C$DW$243, DW_AT_TI_begin_line(0x3fa)
    3597                      .dwattr $C$DW$243, DW_AT_TI_begin_column(0x08)
    3598                      .dwattr $C$DW$243, DW_AT_TI_max_frame_size(-4)
    3599                      .dwpsn  file "../Example_Flash2806x_API.c",line 1019,column 1,is_stmt,address _Example_CsmUnlock
TMS320C2000 Assembler PC v6.1.0 Fri Feb 14 09:23:40 2020

Tools Copyright (c) 1996-2012 Texas Instruments Incorporated
F:/Work/Code Area/Combis/Bootloader/Example_Flash2806x_API21_Combi/Example_Flash2806x_API21_Combi/Example_Flash2806x_API/Debug/Example_Flash2806x_API.asm PAGE   71

    3600              
    3601                      .dwfde $C$DW$CIE, _Example_CsmUnlock
    3602              ;----------------------------------------------------------------------
    3603              ; 1018 | Uint16 Example_CsmUnlock()                                             
    3604              ;----------------------------------------------------------------------
    3605              
    3606              ;***************************************************************
    3607              ;* FNAME: _Example_CsmUnlock            FR SIZE:   2           *
    3608              ;*                                                             *
    3609              ;* FUNCTION ENVIRONMENT                                        *
    3610              ;*                                                             *
    3611              ;* FUNCTION PROPERTIES                                         *
    3612              ;*                            0 Parameter,  1 Auto,  0 SOE     *
    3613              ;***************************************************************
    3614              
    3615 0000029a       _Example_CsmUnlock:
    3616              ;----------------------------------------------------------------------
    3617              ; 1020 | volatile Uint16 temp;                                                  
    3618              ; 1022 | // Load the key registers with the current password                    
    3619              ; 1023 | // These are defined in Example_Flash2806x_CsmKeys.asm                 
    3620              ;----------------------------------------------------------------------
    3621                      .dwcfi  cfa_offset, -2
    3622                      .dwcfi  save_reg_to_mem, 26, 0
    3623                      .dwcfi  save_reg_to_reg, 78, 26
    3624 0000029a FE02          ADDB      SP,#2                 ; [CPU_U] 
    3625                      .dwcfi  cfa_offset, -4
    3626              $C$DW$244       .dwtag  DW_TAG_variable, DW_AT_name("temp")
    3627                      .dwattr $C$DW$244, DW_AT_TI_symbol_name("_temp")
    3628                      .dwattr $C$DW$244, DW_AT_type(*$C$DW$T$172)
    3629                      .dwattr $C$DW$244, DW_AT_location[DW_OP_breg20 -1]
    3630                      .dwpsn  file "../Example_Flash2806x_API.c",line 1025,column 5,is_stmt
    3631              ;----------------------------------------------------------------------
    3632              ; 1025 | EALLOW;                                                                
    3633              ;----------------------------------------------------------------------
    3634 0000029b 7622   EALLOW
    3635                      .dwpsn  file "../Example_Flash2806x_API.c",line 1026,column 5,is_stmt
    3636              ;----------------------------------------------------------------------
    3637              ; 1026 | CsmRegs.KEY0 = PRG_key0;                                               
    3638              ;----------------------------------------------------------------------
    3639 0000029c 761F!         MOVW      DP,#_PRG_key0         ; [CPU_U] 
         0000029d 0000 
    3640 0000029e 9200!         MOV       AL,@_PRG_key0         ; [CPU_] |1026| 
    3641 0000029f 761F!         MOVW      DP,#_CsmRegs          ; [CPU_U] 
         000002a0 0000 
    3642 000002a1 9600!         MOV       @_CsmRegs,AL          ; [CPU_] |1026| 
    3643                      .dwpsn  file "../Example_Flash2806x_API.c",line 1027,column 5,is_stmt
    3644              ;----------------------------------------------------------------------
    3645              ; 1027 | CsmRegs.KEY1 = PRG_key1;                                               
    3646              ;----------------------------------------------------------------------
    3647 000002a2 761F!         MOVW      DP,#_PRG_key1         ; [CPU_U] 
         000002a3 0000 
    3648 000002a4 9200!         MOV       AL,@_PRG_key1         ; [CPU_] |1027| 
    3649 000002a5 761F!         MOVW      DP,#_CsmRegs+1        ; [CPU_U] 
         000002a6 0000 
    3650 000002a7 9601!         MOV       @_CsmRegs+1,AL        ; [CPU_] |1027| 
TMS320C2000 Assembler PC v6.1.0 Fri Feb 14 09:23:40 2020

Tools Copyright (c) 1996-2012 Texas Instruments Incorporated
F:/Work/Code Area/Combis/Bootloader/Example_Flash2806x_API21_Combi/Example_Flash2806x_API21_Combi/Example_Flash2806x_API/Debug/Example_Flash2806x_API.asm PAGE   72

    3651                      .dwpsn  file "../Example_Flash2806x_API.c",line 1028,column 5,is_stmt
    3652              ;----------------------------------------------------------------------
    3653              ; 1028 | CsmRegs.KEY2 = PRG_key2;                                               
    3654              ;----------------------------------------------------------------------
    3655 000002a8 761F!         MOVW      DP,#_PRG_key2         ; [CPU_U] 
         000002a9 0000 
    3656 000002aa 9200!         MOV       AL,@_PRG_key2         ; [CPU_] |1028| 
    3657 000002ab 761F!         MOVW      DP,#_CsmRegs+2        ; [CPU_U] 
         000002ac 0000 
    3658 000002ad 9602!         MOV       @_CsmRegs+2,AL        ; [CPU_] |1028| 
    3659                      .dwpsn  file "../Example_Flash2806x_API.c",line 1029,column 5,is_stmt
    3660              ;----------------------------------------------------------------------
    3661              ; 1029 | CsmRegs.KEY3 = PRG_key3;                                               
    3662              ;----------------------------------------------------------------------
    3663 000002ae 761F!         MOVW      DP,#_PRG_key3         ; [CPU_U] 
         000002af 0000 
    3664 000002b0 9200!         MOV       AL,@_PRG_key3         ; [CPU_] |1029| 
    3665 000002b1 761F!         MOVW      DP,#_CsmRegs+3        ; [CPU_U] 
         000002b2 0000 
    3666 000002b3 9603!         MOV       @_CsmRegs+3,AL        ; [CPU_] |1029| 
    3667                      .dwpsn  file "../Example_Flash2806x_API.c",line 1030,column 5,is_stmt
    3668              ;----------------------------------------------------------------------
    3669              ; 1030 | CsmRegs.KEY4 = PRG_key4;                                               
    3670              ;----------------------------------------------------------------------
    3671 000002b4 761F!         MOVW      DP,#_PRG_key4         ; [CPU_U] 
         000002b5 0000 
    3672 000002b6 9200!         MOV       AL,@_PRG_key4         ; [CPU_] |1030| 
    3673 000002b7 761F!         MOVW      DP,#_CsmRegs+4        ; [CPU_U] 
         000002b8 0000 
    3674 000002b9 9604!         MOV       @_CsmRegs+4,AL        ; [CPU_] |1030| 
    3675                      .dwpsn  file "../Example_Flash2806x_API.c",line 1031,column 5,is_stmt
    3676              ;----------------------------------------------------------------------
    3677              ; 1031 | CsmRegs.KEY5 = PRG_key5;                                               
    3678              ;----------------------------------------------------------------------
    3679 000002ba 761F!         MOVW      DP,#_PRG_key5         ; [CPU_U] 
         000002bb 0000 
    3680 000002bc 9200!         MOV       AL,@_PRG_key5         ; [CPU_] |1031| 
    3681 000002bd 761F!         MOVW      DP,#_CsmRegs+5        ; [CPU_U] 
         000002be 0000 
    3682 000002bf 9605!         MOV       @_CsmRegs+5,AL        ; [CPU_] |1031| 
    3683                      .dwpsn  file "../Example_Flash2806x_API.c",line 1032,column 5,is_stmt
    3684              ;----------------------------------------------------------------------
    3685              ; 1032 | CsmRegs.KEY6 = PRG_key6;                                               
    3686              ;----------------------------------------------------------------------
    3687 000002c0 761F!         MOVW      DP,#_PRG_key6         ; [CPU_U] 
         000002c1 0000 
    3688 000002c2 9200!         MOV       AL,@_PRG_key6         ; [CPU_] |1032| 
    3689 000002c3 761F!         MOVW      DP,#_CsmRegs+6        ; [CPU_U] 
         000002c4 0000 
    3690 000002c5 9606!         MOV       @_CsmRegs+6,AL        ; [CPU_] |1032| 
    3691                      .dwpsn  file "../Example_Flash2806x_API.c",line 1033,column 5,is_stmt
    3692              ;----------------------------------------------------------------------
    3693              ; 1033 | CsmRegs.KEY7 = PRG_key7;                                               
    3694              ;----------------------------------------------------------------------
    3695 000002c6 761F!         MOVW      DP,#_PRG_key7         ; [CPU_U] 
TMS320C2000 Assembler PC v6.1.0 Fri Feb 14 09:23:40 2020

Tools Copyright (c) 1996-2012 Texas Instruments Incorporated
F:/Work/Code Area/Combis/Bootloader/Example_Flash2806x_API21_Combi/Example_Flash2806x_API21_Combi/Example_Flash2806x_API/Debug/Example_Flash2806x_API.asm PAGE   73

         000002c7 0000 
    3696 000002c8 9200!         MOV       AL,@_PRG_key7         ; [CPU_] |1033| 
    3697 000002c9 761F!         MOVW      DP,#_CsmRegs+7        ; [CPU_U] 
         000002ca 0000 
    3698 000002cb 9607!         MOV       @_CsmRegs+7,AL        ; [CPU_] |1033| 
    3699                      .dwpsn  file "../Example_Flash2806x_API.c",line 1034,column 5,is_stmt
    3700              ;----------------------------------------------------------------------
    3701              ; 1034 | EDIS;                                                                  
    3702              ; 1036 | // Perform a dummy read of the password locations                      
    3703              ; 1037 | // if they match the key values, the CSM will unlock                   
    3704              ;----------------------------------------------------------------------
    3705 000002cc 761A   EDIS
    3706                      .dwpsn  file "../Example_Flash2806x_API.c",line 1039,column 5,is_stmt
    3707              ;----------------------------------------------------------------------
    3708              ; 1039 | temp = CsmPwl.PSWD0;                                                   
    3709              ;----------------------------------------------------------------------
    3710 000002cd 761F!         MOVW      DP,#_CsmPwl           ; [CPU_U] 
         000002ce 0000 
    3711 000002cf 9200!         MOV       AL,@_CsmPwl           ; [CPU_] |1039| 
    3712 000002d0 9641          MOV       *-SP[1],AL            ; [CPU_] |1039| 
    3713                      .dwpsn  file "../Example_Flash2806x_API.c",line 1040,column 5,is_stmt
    3714              ;----------------------------------------------------------------------
    3715              ; 1040 | temp = CsmPwl.PSWD1;                                                   
    3716              ;----------------------------------------------------------------------
    3717 000002d1 9201!         MOV       AL,@_CsmPwl+1         ; [CPU_] |1040| 
    3718 000002d2 9641          MOV       *-SP[1],AL            ; [CPU_] |1040| 
    3719                      .dwpsn  file "../Example_Flash2806x_API.c",line 1041,column 5,is_stmt
    3720              ;----------------------------------------------------------------------
    3721              ; 1041 | temp = CsmPwl.PSWD2;                                                   
    3722              ;----------------------------------------------------------------------
    3723 000002d3 9202!         MOV       AL,@_CsmPwl+2         ; [CPU_] |1041| 
    3724 000002d4 9641          MOV       *-SP[1],AL            ; [CPU_] |1041| 
    3725                      .dwpsn  file "../Example_Flash2806x_API.c",line 1042,column 5,is_stmt
    3726              ;----------------------------------------------------------------------
    3727              ; 1042 | temp = CsmPwl.PSWD3;                                                   
    3728              ;----------------------------------------------------------------------
    3729 000002d5 9203!         MOV       AL,@_CsmPwl+3         ; [CPU_] |1042| 
    3730 000002d6 9641          MOV       *-SP[1],AL            ; [CPU_] |1042| 
    3731                      .dwpsn  file "../Example_Flash2806x_API.c",line 1043,column 5,is_stmt
    3732              ;----------------------------------------------------------------------
    3733              ; 1043 | temp = CsmPwl.PSWD4;                                                   
    3734              ;----------------------------------------------------------------------
    3735 000002d7 9204!         MOV       AL,@_CsmPwl+4         ; [CPU_] |1043| 
    3736 000002d8 9641          MOV       *-SP[1],AL            ; [CPU_] |1043| 
    3737                      .dwpsn  file "../Example_Flash2806x_API.c",line 1044,column 5,is_stmt
    3738              ;----------------------------------------------------------------------
    3739              ; 1044 | temp = CsmPwl.PSWD5;                                                   
    3740              ;----------------------------------------------------------------------
    3741 000002d9 9205!         MOV       AL,@_CsmPwl+5         ; [CPU_] |1044| 
    3742 000002da 9641          MOV       *-SP[1],AL            ; [CPU_] |1044| 
    3743                      .dwpsn  file "../Example_Flash2806x_API.c",line 1045,column 5,is_stmt
    3744              ;----------------------------------------------------------------------
    3745              ; 1045 | temp = CsmPwl.PSWD6;                                                   
    3746              ;----------------------------------------------------------------------
    3747 000002db 9206!         MOV       AL,@_CsmPwl+6         ; [CPU_] |1045| 
TMS320C2000 Assembler PC v6.1.0 Fri Feb 14 09:23:40 2020

Tools Copyright (c) 1996-2012 Texas Instruments Incorporated
F:/Work/Code Area/Combis/Bootloader/Example_Flash2806x_API21_Combi/Example_Flash2806x_API21_Combi/Example_Flash2806x_API/Debug/Example_Flash2806x_API.asm PAGE   74

    3748 000002dc 9641          MOV       *-SP[1],AL            ; [CPU_] |1045| 
    3749                      .dwpsn  file "../Example_Flash2806x_API.c",line 1046,column 5,is_stmt
    3750              ;----------------------------------------------------------------------
    3751              ; 1046 | temp = CsmPwl.PSWD7;                                                   
    3752              ; 1048 | // If the CSM unlocked, return succes, otherwise return                
    3753              ; 1049 | // failure.                                                            
    3754              ;----------------------------------------------------------------------
    3755 000002dd 9207!         MOV       AL,@_CsmPwl+7         ; [CPU_] |1046| 
    3756 000002de 9641          MOV       *-SP[1],AL            ; [CPU_] |1046| 
    3757                      .dwpsn  file "../Example_Flash2806x_API.c",line 1050,column 5,is_stmt
    3758              ;----------------------------------------------------------------------
    3759              ; 1050 | if ( (CsmRegs.CSMSCR.all & 0x0001) == 0) return STATUS_SUCCESS;        
    3760              ;----------------------------------------------------------------------
    3761 000002df 761F!         MOVW      DP,#_CsmRegs+15       ; [CPU_U] 
         000002e0 0000 
    3762 000002e1 400F!         TBIT      @_CsmRegs+15,#0       ; [CPU_] |1050| 
    3763 000002e2 EE03          BF        $C$L54,TC             ; [CPU_] |1050| 
    3764                      ; branchcc occurs ; [] |1050| 
    3765                      .dwpsn  file "../Example_Flash2806x_API.c",line 1050,column 46,is_stmt
    3766 000002e3 9A00          MOVB      AL,#0                 ; [CPU_] |1050| 
    3767 000002e4 6F02          B         $C$L55,UNC            ; [CPU_] |1050| 
    3768                      ; branch occurs ; [] |1050| 
    3769 000002e5       $C$L54:    
    3770                      .dwpsn  file "../Example_Flash2806x_API.c",line 1051,column 10,is_stmt
    3771              ;----------------------------------------------------------------------
    3772              ; 1051 | else return STATUS_FAIL_CSM_LOCKED;                                    
    3773              ;----------------------------------------------------------------------
    3774 000002e5 9A0A          MOVB      AL,#10                ; [CPU_] |1051| 
    3775 000002e6       $C$L55:    
    3776                      .dwpsn  file "../Example_Flash2806x_API.c",line 1053,column 1,is_stmt
    3777 000002e6 FE82          SUBB      SP,#2                 ; [CPU_U] 
    3778                      .dwcfi  cfa_offset, -2
    3779 000002e7 FF69          SPM       #0                    ; [CPU_] 
    3780              $C$DW$245       .dwtag  DW_TAG_TI_branch
    3781                      .dwattr $C$DW$245, DW_AT_low_pc(0x00)
    3782                      .dwattr $C$DW$245, DW_AT_TI_return
    3783 000002e8 0006          LRETR     ; [CPU_] 
    3784                      ; return occurs ; [] 
    3785                      .dwattr $C$DW$243, DW_AT_TI_end_file("../Example_Flash2806x_API.c")
    3786                      .dwattr $C$DW$243, DW_AT_TI_end_line(0x41d)
    3787                      .dwattr $C$DW$243, DW_AT_TI_end_column(0x01)
    3788                      .dwendentry
    3789                      .dwendtag $C$DW$243
    3790              
    3791 000002e9               .sect   ".text"
    3792                      .global _Example_ToggleTest
    3793              
    3794              $C$DW$246       .dwtag  DW_TAG_subprogram, DW_AT_name("Example_ToggleTest")
    3795                      .dwattr $C$DW$246, DW_AT_low_pc(_Example_ToggleTest)
    3796                      .dwattr $C$DW$246, DW_AT_high_pc(0x00)
    3797                      .dwattr $C$DW$246, DW_AT_TI_symbol_name("_Example_ToggleTest")
    3798                      .dwattr $C$DW$246, DW_AT_external
    3799                      .dwattr $C$DW$246, DW_AT_TI_begin_file("../Example_Flash2806x_API.c")
    3800                      .dwattr $C$DW$246, DW_AT_TI_begin_line(0x42e)
    3801                      .dwattr $C$DW$246, DW_AT_TI_begin_column(0x06)
TMS320C2000 Assembler PC v6.1.0 Fri Feb 14 09:23:40 2020

Tools Copyright (c) 1996-2012 Texas Instruments Incorporated
F:/Work/Code Area/Combis/Bootloader/Example_Flash2806x_API21_Combi/Example_Flash2806x_API21_Combi/Example_Flash2806x_API/Debug/Example_Flash2806x_API.asm PAGE   75

    3802                      .dwattr $C$DW$246, DW_AT_TI_max_frame_size(-8)
    3803                      .dwpsn  file "../Example_Flash2806x_API.c",line 1071,column 1,is_stmt,address _Example_ToggleTest
    3804              
    3805                      .dwfde $C$DW$CIE, _Example_ToggleTest
    3806              $C$DW$247       .dwtag  DW_TAG_formal_parameter, DW_AT_name("PinNumber")
    3807                      .dwattr $C$DW$247, DW_AT_TI_symbol_name("_PinNumber")
    3808                      .dwattr $C$DW$247, DW_AT_type(*$C$DW$T$11)
    3809                      .dwattr $C$DW$247, DW_AT_location[DW_OP_reg0]
    3810              ;----------------------------------------------------------------------
    3811              ; 1070 | void Example_ToggleTest(Uint16 PinNumber)                              
    3812              ;----------------------------------------------------------------------
    3813              
    3814              ;***************************************************************
    3815              ;* FNAME: _Example_ToggleTest           FR SIZE:   6           *
    3816              ;*                                                             *
    3817              ;* FUNCTION ENVIRONMENT                                        *
    3818              ;*                                                             *
    3819              ;* FUNCTION PROPERTIES                                         *
    3820              ;*                            0 Parameter,  6 Auto,  0 SOE     *
    3821              ;***************************************************************
    3822              
    3823 000002e9       _Example_ToggleTest:
    3824                      .dwcfi  cfa_offset, -2
    3825                      .dwcfi  save_reg_to_mem, 26, 0
    3826                      .dwcfi  save_reg_to_reg, 78, 26
    3827 000002e9 FE06          ADDB      SP,#6                 ; [CPU_U] 
    3828                      .dwcfi  cfa_offset, -8
    3829              $C$DW$248       .dwtag  DW_TAG_variable, DW_AT_name("PinNumber")
    3830                      .dwattr $C$DW$248, DW_AT_TI_symbol_name("_PinNumber")
    3831                      .dwattr $C$DW$248, DW_AT_type(*$C$DW$T$11)
    3832                      .dwattr $C$DW$248, DW_AT_location[DW_OP_breg20 -1]
    3833              $C$DW$249       .dwtag  DW_TAG_variable, DW_AT_name("mask")
    3834                      .dwattr $C$DW$249, DW_AT_TI_symbol_name("_mask")
    3835                      .dwattr $C$DW$249, DW_AT_type(*$C$DW$T$13)
    3836                      .dwattr $C$DW$249, DW_AT_location[DW_OP_breg20 -4]
    3837              ;----------------------------------------------------------------------
    3838              ; 1072 | Uint32 mask;                                                           
    3839              ; 1074 | // Before calling the Toggle Test, we must setup                       
    3840              ; 1075 | // the MUX and DIR registers.                                          
    3841              ;----------------------------------------------------------------------
    3842 000002ea 9641          MOV       *-SP[1],AL            ; [CPU_] |1071| 
    3843                      .dwpsn  file "../Example_Flash2806x_API.c",line 1077,column 8,is_stmt
    3844              ;----------------------------------------------------------------------
    3845              ; 1077 | if(PinNumber > (Uint16)47)                                             
    3846              ;----------------------------------------------------------------------
    3847 000002eb 522F          CMPB      AL,#47                ; [CPU_] |1077| 
    3848 000002ec 6903          B         $C$L57,LOS            ; [CPU_] |1077| 
    3849                      ; branchcc occurs ; [] |1077| 
    3850                      .dwpsn  file "../Example_Flash2806x_API.c",line 1079,column 12,is_stmt
    3851              ;----------------------------------------------------------------------
    3852              ; 1079 | asm("    ESTOP0");  // Stop here. Invalid option.                      
    3853              ;----------------------------------------------------------------------
    3854 000002ed 7625      ESTOP0
    3855 000002ee       $C$L56:    
    3856 000002ee       $C$DW$L$_Example_ToggleTest$3$B:
TMS320C2000 Assembler PC v6.1.0 Fri Feb 14 09:23:40 2020

Tools Copyright (c) 1996-2012 Texas Instruments Incorporated
F:/Work/Code Area/Combis/Bootloader/Example_Flash2806x_API21_Combi/Example_Flash2806x_API21_Combi/Example_Flash2806x_API/Debug/Example_Flash2806x_API.asm PAGE   76

    3857                      .dwpsn  file "../Example_Flash2806x_API.c",line 1080,column 12,is_stmt
    3858              ;----------------------------------------------------------------------
    3859              ; 1080 | for(;;);                                                               
    3860              ; 1083 | // Pins GPIO32-GPIO47                                                  
    3861              ;----------------------------------------------------------------------
    3862 000002ee 6F00          B         $C$L56,UNC            ; [CPU_] |1080| 
    3863                      ; branch occurs ; [] |1080| 
    3864 000002ef       $C$DW$L$_Example_ToggleTest$3$E:
    3865 000002ef       $C$L57:    
    3866                      .dwpsn  file "../Example_Flash2806x_API.c",line 1084,column 13,is_stmt
    3867              ;----------------------------------------------------------------------
    3868              ; 1084 | else if(PinNumber >= 32)                                               
    3869              ;----------------------------------------------------------------------
    3870 000002ef 5220          CMPB      AL,#32                ; [CPU_] |1084| 
    3871 000002f0 683F          B         $C$L58,LO             ; [CPU_] |1084| 
    3872                      ; branchcc occurs ; [] |1084| 
    3873                      .dwpsn  file "../Example_Flash2806x_API.c",line 1086,column 12,is_stmt
    3874              ;----------------------------------------------------------------------
    3875              ; 1086 | EALLOW;                                                                
    3876              ;----------------------------------------------------------------------
    3877 000002f1 7622   EALLOW
    3878                      .dwpsn  file "../Example_Flash2806x_API.c",line 1087,column 12,is_stmt
    3879              ;----------------------------------------------------------------------
    3880              ; 1087 | mask = ~( ((Uint32)1 << (PinNumber-32)*2) | ((Uint32)1 << (PinNumber-32
    3881              ;     | )*2+1) );                                                              
    3882              ;----------------------------------------------------------------------
    3883 000002f2 5603          MOV       ACC,*-SP[1] << #1     ; [CPU_] |1087| 
         000002f3 0141 
    3884 000002f4 28AB          MOV       PL,#1                 ; [CPU_] |1087| 
         000002f5 0001 
    3885 000002f6 2BAA          MOV       PH,#0                 ; [CPU_] |1087| 
    3886 000002f7 2DA9          MOV       T,AL                  ; [CPU_] |1087| 
    3887 000002f8 08AC          ADD       T,#65473              ; [CPU_] |1087| 
         000002f9 FFC1 
    3888 000002fa A9A9          MOVL      ACC,P                 ; [CPU_] |1087| 
    3889 000002fb 563B          LSLL      ACC,T                 ; [CPU_] |1087| 
    3890 000002fc FF5A          MOVL      P,ACC                 ; [CPU_] |1087| 
    3891 000002fd 0201          MOVB      ACC,#1                ; [CPU_] |1087| 
    3892 000002fe 1E46          MOVL      *-SP[6],ACC           ; [CPU_] |1087| 
    3893 000002ff 9241          MOV       AL,*-SP[1]            ; [CPU_] |1087| 
    3894 00000300 9CE0          ADDB      AL,#-32               ; [CPU_] |1087| 
    3895 00000301 FF80          LSL       AL,1                  ; [CPU_] |1087| 
    3896 00000302 2DA9          MOV       T,AL                  ; [CPU_] |1087| 
    3897 00000303 0646          MOVL      ACC,*-SP[6]           ; [CPU_] |1087| 
    3898 00000304 563B          LSLL      ACC,T                 ; [CPU_] |1087| 
    3899 00000305 1E46          MOVL      *-SP[6],ACC           ; [CPU_] |1087| 
    3900 00000306 9246          MOV       AL,*-SP[6]            ; [CPU_] |1087| 
    3901 00000307 CAAB          OR        AL,PL                 ; [CPU_] |1087| 
    3902 00000308 9646          MOV       *-SP[6],AL            ; [CPU_] |1087| 
    3903 00000309 9345          MOV       AH,*-SP[5]            ; [CPU_] |1087| 
    3904 0000030a CBAA          OR        AH,PH                 ; [CPU_] |1087| 
    3905 0000030b 9745          MOV       *-SP[5],AH            ; [CPU_] |1087| 
    3906 0000030c 0646          MOVL      ACC,*-SP[6]           ; [CPU_] |1087| 
    3907 0000030d FF55          NOT       ACC                   ; [CPU_] |1087| 
    3908 0000030e 1E44          MOVL      *-SP[4],ACC           ; [CPU_] |1087| 
TMS320C2000 Assembler PC v6.1.0 Fri Feb 14 09:23:40 2020

Tools Copyright (c) 1996-2012 Texas Instruments Incorporated
F:/Work/Code Area/Combis/Bootloader/Example_Flash2806x_API21_Combi/Example_Flash2806x_API21_Combi/Example_Flash2806x_API/Debug/Example_Flash2806x_API.asm PAGE   77

    3909 0000030f 1E46          MOVL      *-SP[6],ACC           ; [CPU_] |1087| 
    3910                      .dwpsn  file "../Example_Flash2806x_API.c",line 1088,column 12,is_stmt
    3911              ;----------------------------------------------------------------------
    3912              ; 1088 | GpioCtrlRegs.GPBMUX1.all &= mask;                                      
    3913              ;----------------------------------------------------------------------
    3914 00000310 761F!         MOVW      DP,#_GpioCtrlRegs+22  ; [CPU_U] 
         00000311 0000 
    3915 00000312 0644          MOVL      ACC,*-SP[4]           ; [CPU_] |1088| 
    3916 00000313 C016!         AND       @_GpioCtrlRegs+22,AL  ; [CPU_] |1088| 
    3917 00000314 C117!         AND       @_GpioCtrlRegs+23,AH  ; [CPU_] |1088| 
    3918                      .dwpsn  file "../Example_Flash2806x_API.c",line 1089,column 12,is_stmt
    3919              ;----------------------------------------------------------------------
    3920              ; 1089 | GpioCtrlRegs.GPBDIR.all = GpioCtrlRegs.GPBDIR.all | ((Uint32)1 << (PinN
    3921              ;     | umber-32) );                                                           
    3922              ;----------------------------------------------------------------------
    3923 00000315 9241          MOV       AL,*-SP[1]            ; [CPU_] |1089| 
    3924 00000316 28AB          MOV       PL,#1                 ; [CPU_] |1089| 
         00000317 0001 
    3925 00000318 2BAA          MOV       PH,#0                 ; [CPU_] |1089| 
    3926 00000319 9CE0          ADDB      AL,#-32               ; [CPU_] |1089| 
    3927 0000031a 2DA9          MOV       T,AL                  ; [CPU_] |1089| 
    3928 0000031b A9A9          MOVL      ACC,P                 ; [CPU_] |1089| 
    3929 0000031c 563B          LSLL      ACC,T                 ; [CPU_] |1089| 
    3930 0000031d FF5A          MOVL      P,ACC                 ; [CPU_] |1089| 
    3931 0000031e 92AB          MOV       AL,PL                 ; [CPU_] |1089| 
    3932 0000031f 981A!         OR        @_GpioCtrlRegs+26,AL  ; [CPU_] |1089| 
    3933 00000320 92AA          MOV       AL,PH                 ; [CPU_] |1089| 
    3934 00000321 981B!         OR        @_GpioCtrlRegs+27,AL  ; [CPU_] |1089| 
    3935                      .dwpsn  file "../Example_Flash2806x_API.c",line 1090,column 12,is_stmt
    3936              ;----------------------------------------------------------------------
    3937              ; 1090 | Flash_ToggleTest(&GpioDataRegs.GPBTOGGLE.all, ((Uint32)1 << (PinNumber-
    3938              ;     | 32)) );                                                                
    3939              ;----------------------------------------------------------------------
    3940 00000322 BE01          MOVB      XAR6,#1               ; [CPU_] |1090| 
    3941 00000323 9241          MOV       AL,*-SP[1]            ; [CPU_] |1090| 
    3942 00000324 8F00!         MOVL      XAR4,#_GpioDataRegs+14 ; [CPU_U] |1090| 
         00000325 000E 
    3943 00000326 FF69          SPM       #0                    ; [CPU_] 
    3944 00000327 9CE0          ADDB      AL,#-32               ; [CPU_] |1090| 
    3945 00000328 2DA9          MOV       T,AL                  ; [CPU_] |1090| 
    3946 00000329 06A6          MOVL      ACC,XAR6              ; [CPU_] |1090| 
    3947 0000032a 563B          LSLL      ACC,T                 ; [CPU_] |1090| 
    3948              $C$DW$250       .dwtag  DW_TAG_TI_branch
    3949                      .dwattr $C$DW$250, DW_AT_low_pc(0x00)
    3950                      .dwattr $C$DW$250, DW_AT_name("_Flash2806x_ToggleTest")
    3951                      .dwattr $C$DW$250, DW_AT_TI_call
    3952 0000032b 7640!         LCR       #_Flash2806x_ToggleTest ; [CPU_] |1090| 
         0000032c 0000 
    3953                      ; call occurs [#_Flash2806x_ToggleTest] ; [] |1090| 
    3954                      .dwpsn  file "../Example_Flash2806x_API.c",line 1091,column 12,is_stmt
    3955              ;----------------------------------------------------------------------
    3956              ; 1091 | EDIS;                                                                  
    3957              ;----------------------------------------------------------------------
    3958 0000032d 761A   EDIS
    3959                      .dwpsn  file "../Example_Flash2806x_API.c",line 1092,column 8,is_stmt
TMS320C2000 Assembler PC v6.1.0 Fri Feb 14 09:23:40 2020

Tools Copyright (c) 1996-2012 Texas Instruments Incorporated
F:/Work/Code Area/Combis/Bootloader/Example_Flash2806x_API21_Combi/Example_Flash2806x_API21_Combi/Example_Flash2806x_API/Debug/Example_Flash2806x_API.asm PAGE   78

    3960              ;----------------------------------------------------------------------
    3961              ; 1094 | // Pins GPIO16-GPIO31                                                  
    3962              ;----------------------------------------------------------------------
    3963 0000032e 6F64          B         $C$L60,UNC            ; [CPU_] |1092| 
    3964                      ; branch occurs ; [] |1092| 
    3965 0000032f       $C$L58:    
    3966                      .dwpsn  file "../Example_Flash2806x_API.c",line 1095,column 13,is_stmt
    3967              ;----------------------------------------------------------------------
    3968              ; 1095 | else if(PinNumber >= 16)                                               
    3969              ;----------------------------------------------------------------------
    3970 0000032f 5210          CMPB      AL,#16                ; [CPU_] |1095| 
    3971 00000330 6833          B         $C$L59,LO             ; [CPU_] |1095| 
    3972                      ; branchcc occurs ; [] |1095| 
    3973                      .dwpsn  file "../Example_Flash2806x_API.c",line 1097,column 12,is_stmt
    3974              ;----------------------------------------------------------------------
    3975              ; 1097 | EALLOW;                                                                
    3976              ;----------------------------------------------------------------------
    3977 00000331 7622   EALLOW
    3978                      .dwpsn  file "../Example_Flash2806x_API.c",line 1098,column 12,is_stmt
    3979              ;----------------------------------------------------------------------
    3980              ; 1098 | mask = ~( ((Uint32)1 << (PinNumber-16)*2) | ((Uint32)1 << (PinNumber-16
    3981              ;     | )*2+1) );                                                              
    3982              ;----------------------------------------------------------------------
    3983 00000332 5603          MOV       ACC,*-SP[1] << #1     ; [CPU_] |1098| 
         00000333 0141 
    3984 00000334 28AB          MOV       PL,#1                 ; [CPU_] |1098| 
         00000335 0001 
    3985 00000336 2BAA          MOV       PH,#0                 ; [CPU_] |1098| 
    3986 00000337 2DA9          MOV       T,AL                  ; [CPU_] |1098| 
    3987 00000338 08AC          ADD       T,#65505              ; [CPU_] |1098| 
         00000339 FFE1 
    3988 0000033a A9A9          MOVL      ACC,P                 ; [CPU_] |1098| 
    3989 0000033b 563B          LSLL      ACC,T                 ; [CPU_] |1098| 
    3990 0000033c FF5A          MOVL      P,ACC                 ; [CPU_] |1098| 
    3991 0000033d 0201          MOVB      ACC,#1                ; [CPU_] |1098| 
    3992 0000033e 1E46          MOVL      *-SP[6],ACC           ; [CPU_] |1098| 
    3993 0000033f 9241          MOV       AL,*-SP[1]            ; [CPU_] |1098| 
    3994 00000340 9CF0          ADDB      AL,#-16               ; [CPU_] |1098| 
    3995 00000341 FF80          LSL       AL,1                  ; [CPU_] |1098| 
    3996 00000342 2DA9          MOV       T,AL                  ; [CPU_] |1098| 
    3997 00000343 0646          MOVL      ACC,*-SP[6]           ; [CPU_] |1098| 
    3998 00000344 563B          LSLL      ACC,T                 ; [CPU_] |1098| 
    3999 00000345 1E46          MOVL      *-SP[6],ACC           ; [CPU_] |1098| 
    4000 00000346 9246          MOV       AL,*-SP[6]            ; [CPU_] |1098| 
    4001 00000347 CAAB          OR        AL,PL                 ; [CPU_] |1098| 
    4002 00000348 9646          MOV       *-SP[6],AL            ; [CPU_] |1098| 
    4003 00000349 9345          MOV       AH,*-SP[5]            ; [CPU_] |1098| 
    4004 0000034a CBAA          OR        AH,PH                 ; [CPU_] |1098| 
    4005 0000034b 9745          MOV       *-SP[5],AH            ; [CPU_] |1098| 
    4006 0000034c 0646          MOVL      ACC,*-SP[6]           ; [CPU_] |1098| 
    4007 0000034d FF55          NOT       ACC                   ; [CPU_] |1098| 
    4008 0000034e 1E44          MOVL      *-SP[4],ACC           ; [CPU_] |1098| 
    4009 0000034f 1E46          MOVL      *-SP[6],ACC           ; [CPU_] |1098| 
    4010                      .dwpsn  file "../Example_Flash2806x_API.c",line 1099,column 12,is_stmt
    4011              ;----------------------------------------------------------------------
TMS320C2000 Assembler PC v6.1.0 Fri Feb 14 09:23:40 2020

Tools Copyright (c) 1996-2012 Texas Instruments Incorporated
F:/Work/Code Area/Combis/Bootloader/Example_Flash2806x_API21_Combi/Example_Flash2806x_API21_Combi/Example_Flash2806x_API/Debug/Example_Flash2806x_API.asm PAGE   79

    4012              ; 1099 | GpioCtrlRegs.GPAMUX2.all &= mask;                                      
    4013              ;----------------------------------------------------------------------
    4014 00000350 761F!         MOVW      DP,#_GpioCtrlRegs+8   ; [CPU_U] 
         00000351 0000 
    4015 00000352 0644          MOVL      ACC,*-SP[4]           ; [CPU_] |1099| 
    4016 00000353 C008!         AND       @_GpioCtrlRegs+8,AL   ; [CPU_] |1099| 
    4017 00000354 C109!         AND       @_GpioCtrlRegs+9,AH   ; [CPU_] |1099| 
    4018                      .dwpsn  file "../Example_Flash2806x_API.c",line 1100,column 12,is_stmt
    4019              ;----------------------------------------------------------------------
    4020              ; 1100 | GpioCtrlRegs.GPADIR.all = GpioCtrlRegs.GPADIR.all | ((Uint32)1 << PinNu
    4021              ;     | mber);                                                                 
    4022              ;----------------------------------------------------------------------
    4023 00000355 2D41          MOV       T,*-SP[1]             ; [CPU_] |1100| 
    4024 00000356 0201          MOVB      ACC,#1                ; [CPU_] |1100| 
    4025 00000357 563B          LSLL      ACC,T                 ; [CPU_] |1100| 
    4026 00000358 980A!         OR        @_GpioCtrlRegs+10,AL  ; [CPU_] |1100| 
    4027 00000359 990B!         OR        @_GpioCtrlRegs+11,AH  ; [CPU_] |1100| 
    4028                      .dwpsn  file "../Example_Flash2806x_API.c",line 1101,column 12,is_stmt
    4029              ;----------------------------------------------------------------------
    4030              ; 1101 | Flash_ToggleTest(&GpioDataRegs.GPATOGGLE.all, ((Uint32)1 << PinNumber)
    4031              ;     | );                                                                     
    4032              ;----------------------------------------------------------------------
    4033 0000035a 8F00!         MOVL      XAR4,#_GpioDataRegs+6 ; [CPU_U] |1101| 
         0000035b 0006 
    4034 0000035c FF69          SPM       #0                    ; [CPU_] 
    4035 0000035d 0201          MOVB      ACC,#1                ; [CPU_] |1101| 
    4036 0000035e 563B          LSLL      ACC,T                 ; [CPU_] |1101| 
    4037              $C$DW$251       .dwtag  DW_TAG_TI_branch
    4038                      .dwattr $C$DW$251, DW_AT_low_pc(0x00)
    4039                      .dwattr $C$DW$251, DW_AT_name("_Flash2806x_ToggleTest")
    4040                      .dwattr $C$DW$251, DW_AT_TI_call
    4041 0000035f 7640!         LCR       #_Flash2806x_ToggleTest ; [CPU_] |1101| 
         00000360 0000 
    4042                      ; call occurs [#_Flash2806x_ToggleTest] ; [] |1101| 
    4043                      .dwpsn  file "../Example_Flash2806x_API.c",line 1102,column 12,is_stmt
    4044              ;----------------------------------------------------------------------
    4045              ; 1102 | EDIS;                                                                  
    4046              ;----------------------------------------------------------------------
    4047 00000361 761A   EDIS
    4048                      .dwpsn  file "../Example_Flash2806x_API.c",line 1103,column 8,is_stmt
    4049              ;----------------------------------------------------------------------
    4050              ; 1105 | // Pins GPIO0-GPIO15                                                   
    4051              ; 1106 | else                                                                   
    4052              ;----------------------------------------------------------------------
    4053 00000362 6F30          B         $C$L60,UNC            ; [CPU_] |1103| 
    4054                      ; branch occurs ; [] |1103| 
    4055 00000363       $C$L59:    
    4056                      .dwpsn  file "../Example_Flash2806x_API.c",line 1108,column 12,is_stmt
    4057              ;----------------------------------------------------------------------
    4058              ; 1108 | EALLOW;                                                                
    4059              ;----------------------------------------------------------------------
    4060 00000363 7622   EALLOW
    4061                      .dwpsn  file "../Example_Flash2806x_API.c",line 1109,column 12,is_stmt
    4062              ;----------------------------------------------------------------------
    4063              ; 1109 | mask = ~( ((Uint32)1 << PinNumber*2) | ((Uint32)1 << PinNumber*2+1 )); 
TMS320C2000 Assembler PC v6.1.0 Fri Feb 14 09:23:40 2020

Tools Copyright (c) 1996-2012 Texas Instruments Incorporated
F:/Work/Code Area/Combis/Bootloader/Example_Flash2806x_API21_Combi/Example_Flash2806x_API21_Combi/Example_Flash2806x_API/Debug/Example_Flash2806x_API.asm PAGE   80

    4064              ;----------------------------------------------------------------------
    4065 00000364 5603          MOV       ACC,*-SP[1] << #1     ; [CPU_] |1109| 
         00000365 0141 
    4066 00000366 28AB          MOV       PL,#1                 ; [CPU_] |1109| 
         00000367 0001 
    4067 00000368 2BAA          MOV       PH,#0                 ; [CPU_] |1109| 
    4068 00000369 9C01          ADDB      AL,#1                 ; [CPU_] |1109| 
    4069 0000036a 2DA9          MOV       T,AL                  ; [CPU_] |1109| 
    4070 0000036b A9A9          MOVL      ACC,P                 ; [CPU_] |1109| 
    4071 0000036c 563B          LSLL      ACC,T                 ; [CPU_] |1109| 
    4072 0000036d FF5A          MOVL      P,ACC                 ; [CPU_] |1109| 
    4073 0000036e 0201          MOVB      ACC,#1                ; [CPU_] |1109| 
    4074 0000036f 1E46          MOVL      *-SP[6],ACC           ; [CPU_] |1109| 
    4075 00000370 5603          MOV       ACC,*-SP[1] << #1     ; [CPU_] |1109| 
         00000371 0141 
    4076 00000372 2DA9          MOV       T,AL                  ; [CPU_] |1109| 
    4077 00000373 0646          MOVL      ACC,*-SP[6]           ; [CPU_] |1109| 
    4078 00000374 563B          LSLL      ACC,T                 ; [CPU_] |1109| 
    4079 00000375 1E46          MOVL      *-SP[6],ACC           ; [CPU_] |1109| 
    4080 00000376 9246          MOV       AL,*-SP[6]            ; [CPU_] |1109| 
    4081 00000377 CAAB          OR        AL,PL                 ; [CPU_] |1109| 
    4082 00000378 9646          MOV       *-SP[6],AL            ; [CPU_] |1109| 
    4083 00000379 9245          MOV       AL,*-SP[5]            ; [CPU_] |1109| 
    4084 0000037a CAAA          OR        AL,PH                 ; [CPU_] |1109| 
    4085 0000037b 9645          MOV       *-SP[5],AL            ; [CPU_] |1109| 
    4086 0000037c 0646          MOVL      ACC,*-SP[6]           ; [CPU_] |1109| 
    4087 0000037d FF55          NOT       ACC                   ; [CPU_] |1109| 
    4088 0000037e 1E44          MOVL      *-SP[4],ACC           ; [CPU_] |1109| 
    4089 0000037f 1E46          MOVL      *-SP[6],ACC           ; [CPU_] |1109| 
    4090                      .dwpsn  file "../Example_Flash2806x_API.c",line 1110,column 12,is_stmt
    4091              ;----------------------------------------------------------------------
    4092              ; 1110 | GpioCtrlRegs.GPAMUX1.all &= mask;                                      
    4093              ;----------------------------------------------------------------------
    4094 00000380 761F!         MOVW      DP,#_GpioCtrlRegs+6   ; [CPU_U] 
         00000381 0000 
    4095 00000382 0644          MOVL      ACC,*-SP[4]           ; [CPU_] |1110| 
    4096 00000383 C006!         AND       @_GpioCtrlRegs+6,AL   ; [CPU_] |1110| 
    4097 00000384 C107!         AND       @_GpioCtrlRegs+7,AH   ; [CPU_] |1110| 
    4098                      .dwpsn  file "../Example_Flash2806x_API.c",line 1111,column 12,is_stmt
    4099              ;----------------------------------------------------------------------
    4100              ; 1111 | GpioCtrlRegs.GPADIR.all = GpioCtrlRegs.GPADIR.all | ((Uint32)1 << PinNu
    4101              ;     | mber);                                                                 
    4102              ;----------------------------------------------------------------------
    4103 00000385 2D41          MOV       T,*-SP[1]             ; [CPU_] |1111| 
    4104 00000386 0201          MOVB      ACC,#1                ; [CPU_] |1111| 
    4105 00000387 563B          LSLL      ACC,T                 ; [CPU_] |1111| 
    4106 00000388 980A!         OR        @_GpioCtrlRegs+10,AL  ; [CPU_] |1111| 
    4107 00000389 990B!         OR        @_GpioCtrlRegs+11,AH  ; [CPU_] |1111| 
    4108                      .dwpsn  file "../Example_Flash2806x_API.c",line 1112,column 12,is_stmt
    4109              ;----------------------------------------------------------------------
    4110              ; 1112 | EDIS;                                                                  
    4111              ;----------------------------------------------------------------------
    4112 0000038a 761A   EDIS
    4113                      .dwpsn  file "../Example_Flash2806x_API.c",line 1113,column 12,is_stmt
    4114              ;----------------------------------------------------------------------
TMS320C2000 Assembler PC v6.1.0 Fri Feb 14 09:23:40 2020

Tools Copyright (c) 1996-2012 Texas Instruments Incorporated
F:/Work/Code Area/Combis/Bootloader/Example_Flash2806x_API21_Combi/Example_Flash2806x_API21_Combi/Example_Flash2806x_API/Debug/Example_Flash2806x_API.asm PAGE   81

    4115              ; 1113 | Flash_ToggleTest(&GpioDataRegs.GPATOGGLE.all, ((Uint32)1 << PinNumber)
    4116              ;     | );                                                                     
    4117              ;----------------------------------------------------------------------
    4118 0000038b 8F00!         MOVL      XAR4,#_GpioDataRegs+6 ; [CPU_U] |1113| 
         0000038c 0006 
    4119 0000038d FF69          SPM       #0                    ; [CPU_] 
    4120 0000038e 0201          MOVB      ACC,#1                ; [CPU_] |1113| 
    4121 0000038f 563B          LSLL      ACC,T                 ; [CPU_] |1113| 
    4122              $C$DW$252       .dwtag  DW_TAG_TI_branch
    4123                      .dwattr $C$DW$252, DW_AT_low_pc(0x00)
    4124                      .dwattr $C$DW$252, DW_AT_name("_Flash2806x_ToggleTest")
    4125                      .dwattr $C$DW$252, DW_AT_TI_call
    4126 00000390 7640!         LCR       #_Flash2806x_ToggleTest ; [CPU_] |1113| 
         00000391 0000 
    4127                      ; call occurs [#_Flash2806x_ToggleTest] ; [] |1113| 
    4128                      .dwpsn  file "../Example_Flash2806x_API.c",line 1116,column 1,is_stmt
    4129 00000392       $C$L60:    
    4130 00000392 FE86          SUBB      SP,#6                 ; [CPU_U] 
    4131                      .dwcfi  cfa_offset, -2
    4132 00000393 FF69          SPM       #0                    ; [CPU_] 
    4133              $C$DW$253       .dwtag  DW_TAG_TI_branch
    4134                      .dwattr $C$DW$253, DW_AT_low_pc(0x00)
    4135                      .dwattr $C$DW$253, DW_AT_TI_return
    4136 00000394 0006          LRETR     ; [CPU_] 
    4137                      ; return occurs ; [] 
    4138              
    4139              $C$DW$254       .dwtag  DW_TAG_TI_loop
    4140                      .dwattr $C$DW$254, DW_AT_name("F:/Work/Code Area/Combis/Bootloader/Example_Flash2806x_API21_Combi/Exa
    4141                      .dwattr $C$DW$254, DW_AT_TI_begin_file("../Example_Flash2806x_API.c")
    4142                      .dwattr $C$DW$254, DW_AT_TI_begin_line(0x438)
    4143                      .dwattr $C$DW$254, DW_AT_TI_end_line(0x438)
    4144              $C$DW$255       .dwtag  DW_TAG_TI_loop_range
    4145                      .dwattr $C$DW$255, DW_AT_low_pc($C$DW$L$_Example_ToggleTest$3$B)
    4146                      .dwattr $C$DW$255, DW_AT_high_pc($C$DW$L$_Example_ToggleTest$3$E)
    4147                      .dwendtag $C$DW$254
    4148              
    4149                      .dwattr $C$DW$246, DW_AT_TI_end_file("../Example_Flash2806x_API.c")
    4150                      .dwattr $C$DW$246, DW_AT_TI_end_line(0x45c)
    4151                      .dwattr $C$DW$246, DW_AT_TI_end_column(0x01)
    4152                      .dwendentry
    4153                      .dwendtag $C$DW$246
    4154              
    4155 00000395               .sect   ".text"
    4156                      .global _Example_MemCopy
    4157              
    4158              $C$DW$256       .dwtag  DW_TAG_subprogram, DW_AT_name("Example_MemCopy")
    4159                      .dwattr $C$DW$256, DW_AT_low_pc(_Example_MemCopy)
    4160                      .dwattr $C$DW$256, DW_AT_high_pc(0x00)
    4161                      .dwattr $C$DW$256, DW_AT_TI_symbol_name("_Example_MemCopy")
    4162                      .dwattr $C$DW$256, DW_AT_external
    4163                      .dwattr $C$DW$256, DW_AT_TI_begin_file("../Example_Flash2806x_API.c")
    4164                      .dwattr $C$DW$256, DW_AT_TI_begin_line(0x463)
    4165                      .dwattr $C$DW$256, DW_AT_TI_begin_column(0x06)
    4166                      .dwattr $C$DW$256, DW_AT_TI_max_frame_size(-6)
    4167                      .dwpsn  file "../Example_Flash2806x_API.c",line 1124,column 1,is_stmt,address _Example_MemCopy
TMS320C2000 Assembler PC v6.1.0 Fri Feb 14 09:23:40 2020

Tools Copyright (c) 1996-2012 Texas Instruments Incorporated
F:/Work/Code Area/Combis/Bootloader/Example_Flash2806x_API21_Combi/Example_Flash2806x_API21_Combi/Example_Flash2806x_API/Debug/Example_Flash2806x_API.asm PAGE   82

    4168              
    4169                      .dwfde $C$DW$CIE, _Example_MemCopy
    4170              $C$DW$257       .dwtag  DW_TAG_formal_parameter, DW_AT_name("SourceAddr")
    4171                      .dwattr $C$DW$257, DW_AT_TI_symbol_name("_SourceAddr")
    4172                      .dwattr $C$DW$257, DW_AT_type(*$C$DW$T$22)
    4173                      .dwattr $C$DW$257, DW_AT_location[DW_OP_reg12]
    4174              $C$DW$258       .dwtag  DW_TAG_formal_parameter, DW_AT_name("SourceEndAddr")
    4175                      .dwattr $C$DW$258, DW_AT_TI_symbol_name("_SourceEndAddr")
    4176                      .dwattr $C$DW$258, DW_AT_type(*$C$DW$T$22)
    4177                      .dwattr $C$DW$258, DW_AT_location[DW_OP_reg14]
    4178              $C$DW$259       .dwtag  DW_TAG_formal_parameter, DW_AT_name("DestAddr")
    4179                      .dwattr $C$DW$259, DW_AT_TI_symbol_name("_DestAddr")
    4180                      .dwattr $C$DW$259, DW_AT_type(*$C$DW$T$22)
    4181                      .dwattr $C$DW$259, DW_AT_location[DW_OP_breg20 -8]
    4182              ;----------------------------------------------------------------------
    4183              ; 1123 | void Example_MemCopy(Uint16 *SourceAddr, Uint16* SourceEndAddr, Uint16*
    4184              ;     |  DestAddr)                                                             
    4185              ;----------------------------------------------------------------------
    4186              
    4187              ;***************************************************************
    4188              ;* FNAME: _Example_MemCopy              FR SIZE:   4           *
    4189              ;*                                                             *
    4190              ;* FUNCTION ENVIRONMENT                                        *
    4191              ;*                                                             *
    4192              ;* FUNCTION PROPERTIES                                         *
    4193              ;*                            0 Parameter,  4 Auto,  0 SOE     *
    4194              ;***************************************************************
    4195              
    4196 00000395       _Example_MemCopy:
    4197                      .dwcfi  cfa_offset, -2
    4198                      .dwcfi  save_reg_to_mem, 26, 0
    4199                      .dwcfi  save_reg_to_reg, 78, 26
    4200 00000395 FE04          ADDB      SP,#4                 ; [CPU_U] 
    4201                      .dwcfi  cfa_offset, -6
    4202              $C$DW$260       .dwtag  DW_TAG_variable, DW_AT_name("SourceAddr")
    4203                      .dwattr $C$DW$260, DW_AT_TI_symbol_name("_SourceAddr")
    4204                      .dwattr $C$DW$260, DW_AT_type(*$C$DW$T$22)
    4205                      .dwattr $C$DW$260, DW_AT_location[DW_OP_breg20 -2]
    4206              $C$DW$261       .dwtag  DW_TAG_variable, DW_AT_name("SourceEndAddr")
    4207                      .dwattr $C$DW$261, DW_AT_TI_symbol_name("_SourceEndAddr")
    4208                      .dwattr $C$DW$261, DW_AT_type(*$C$DW$T$22)
    4209                      .dwattr $C$DW$261, DW_AT_location[DW_OP_breg20 -4]
    4210 00000396 A044          MOVL      *-SP[4],XAR5          ; [CPU_] |1124| 
    4211 00000397 A842          MOVL      *-SP[2],XAR4          ; [CPU_] |1124| 
    4212                      .dwpsn  file "../Example_Flash2806x_API.c",line 1125,column 11,is_stmt
    4213              ;----------------------------------------------------------------------
    4214              ; 1125 | while(SourceAddr < SourceEndAddr)                                      
    4215              ;----------------------------------------------------------------------
    4216 00000398 C442          MOVL      XAR6,*-SP[2]          ; [CPU_] |1125| 
    4217 00000399 0644          MOVL      ACC,*-SP[4]           ; [CPU_] |1125| 
    4218 0000039a 0FA6          CMPL      ACC,XAR6              ; [CPU_] |1125| 
    4219 0000039b 690D          B         $C$L62,LOS            ; [CPU_] |1125| 
    4220                      ; branchcc occurs ; [] |1125| 
    4221 0000039c       $C$L61:    
    4222 0000039c       $C$DW$L$_Example_MemCopy$2$B:
TMS320C2000 Assembler PC v6.1.0 Fri Feb 14 09:23:40 2020

Tools Copyright (c) 1996-2012 Texas Instruments Incorporated
F:/Work/Code Area/Combis/Bootloader/Example_Flash2806x_API21_Combi/Example_Flash2806x_API21_Combi/Example_Flash2806x_API/Debug/Example_Flash2806x_API.asm PAGE   83

    4223                      .dwpsn  file "../Example_Flash2806x_API.c",line 1127,column 8,is_stmt
    4224              ;----------------------------------------------------------------------
    4225              ; 1127 | *DestAddr++ = *SourceAddr++;                                           
    4226              ;----------------------------------------------------------------------
    4227 0000039c 8A42          MOVL      XAR4,*-SP[2]          ; [CPU_] |1127| 
    4228 0000039d 9284          MOV       AL,*XAR4++            ; [CPU_] |1127| 
    4229 0000039e A842          MOVL      *-SP[2],XAR4          ; [CPU_] |1127| 
    4230 0000039f 8A48          MOVL      XAR4,*-SP[8]          ; [CPU_] |1127| 
    4231 000003a0 C4A4          MOVL      XAR6,XAR4             ; [CPU_] |1127| 
    4232 000003a1 DE01          ADDB      XAR6,#1               ; [CPU_U] |1127| 
    4233 000003a2 C248          MOVL      *-SP[8],XAR6          ; [CPU_] |1127| 
    4234 000003a3 96C4          MOV       *+XAR4[0],AL          ; [CPU_] |1127| 
    4235                      .dwpsn  file "../Example_Flash2806x_API.c",line 1125,column 11,is_stmt
    4236 000003a4 C442          MOVL      XAR6,*-SP[2]          ; [CPU_] |1125| 
    4237 000003a5 0644          MOVL      ACC,*-SP[4]           ; [CPU_] |1125| 
    4238 000003a6 0FA6          CMPL      ACC,XAR6              ; [CPU_] |1125| 
    4239 000003a7 66F5          B         $C$L61,HI             ; [CPU_] |1125| 
    4240                      ; branchcc occurs ; [] |1125| 
    4241 000003a8       $C$DW$L$_Example_MemCopy$2$E:
    4242                      .dwpsn  file "../Example_Flash2806x_API.c",line 1129,column 5,is_stmt
    4243              ;----------------------------------------------------------------------
    4244              ; 1129 | return;                                                                
    4245              ;----------------------------------------------------------------------
    4246 000003a8       $C$L62:    
    4247                      .dwpsn  file "../Example_Flash2806x_API.c",line 1130,column 1,is_stmt
    4248 000003a8 FE84          SUBB      SP,#4                 ; [CPU_U] 
    4249                      .dwcfi  cfa_offset, -2
    4250              $C$DW$262       .dwtag  DW_TAG_TI_branch
    4251                      .dwattr $C$DW$262, DW_AT_low_pc(0x00)
    4252                      .dwattr $C$DW$262, DW_AT_TI_return
    4253 000003a9 0006          LRETR     ; [CPU_] 
    4254                      ; return occurs ; [] 
    4255              
    4256              $C$DW$263       .dwtag  DW_TAG_TI_loop
    4257                      .dwattr $C$DW$263, DW_AT_name("F:/Work/Code Area/Combis/Bootloader/Example_Flash2806x_API21_Combi/Exa
    4258                      .dwattr $C$DW$263, DW_AT_TI_begin_file("../Example_Flash2806x_API.c")
    4259                      .dwattr $C$DW$263, DW_AT_TI_begin_line(0x465)
    4260                      .dwattr $C$DW$263, DW_AT_TI_end_line(0x468)
    4261              $C$DW$264       .dwtag  DW_TAG_TI_loop_range
    4262                      .dwattr $C$DW$264, DW_AT_low_pc($C$DW$L$_Example_MemCopy$2$B)
    4263                      .dwattr $C$DW$264, DW_AT_high_pc($C$DW$L$_Example_MemCopy$2$E)
    4264                      .dwendtag $C$DW$263
    4265              
    4266                      .dwattr $C$DW$256, DW_AT_TI_end_file("../Example_Flash2806x_API.c")
    4267                      .dwattr $C$DW$256, DW_AT_TI_end_line(0x46a)
    4268                      .dwattr $C$DW$256, DW_AT_TI_end_column(0x01)
    4269                      .dwendentry
    4270                      .dwendtag $C$DW$256
    4271              
    4272 000000ff               .sect   "ramfuncs"
    4273                      .global _Example_Error
    4274              
    4275              $C$DW$265       .dwtag  DW_TAG_subprogram, DW_AT_name("Example_Error")
    4276                      .dwattr $C$DW$265, DW_AT_low_pc(_Example_Error)
    4277                      .dwattr $C$DW$265, DW_AT_high_pc(0x00)
TMS320C2000 Assembler PC v6.1.0 Fri Feb 14 09:23:40 2020

Tools Copyright (c) 1996-2012 Texas Instruments Incorporated
F:/Work/Code Area/Combis/Bootloader/Example_Flash2806x_API21_Combi/Example_Flash2806x_API21_Combi/Example_Flash2806x_API/Debug/Example_Flash2806x_API.asm PAGE   84

    4278                      .dwattr $C$DW$265, DW_AT_TI_symbol_name("_Example_Error")
    4279                      .dwattr $C$DW$265, DW_AT_external
    4280                      .dwattr $C$DW$265, DW_AT_TI_begin_file("../Example_Flash2806x_API.c")
    4281                      .dwattr $C$DW$265, DW_AT_TI_begin_line(0x471)
    4282                      .dwattr $C$DW$265, DW_AT_TI_begin_column(0x06)
    4283                      .dwattr $C$DW$265, DW_AT_TI_max_frame_size(-4)
    4284                      .dwpsn  file "../Example_Flash2806x_API.c",line 1138,column 1,is_stmt,address _Example_Error
    4285              
    4286                      .dwfde $C$DW$CIE, _Example_Error
    4287              $C$DW$266       .dwtag  DW_TAG_formal_parameter, DW_AT_name("Status")
    4288                      .dwattr $C$DW$266, DW_AT_TI_symbol_name("_Status")
    4289                      .dwattr $C$DW$266, DW_AT_type(*$C$DW$T$11)
    4290                      .dwattr $C$DW$266, DW_AT_location[DW_OP_reg0]
    4291              ;----------------------------------------------------------------------
    4292              ; 1137 | void Example_Error(Uint16 Status)                                      
    4293              ;----------------------------------------------------------------------
    4294              
    4295              ;***************************************************************
    4296              ;* FNAME: _Example_Error                FR SIZE:   2           *
    4297              ;*                                                             *
    4298              ;* FUNCTION ENVIRONMENT                                        *
    4299              ;*                                                             *
    4300              ;* FUNCTION PROPERTIES                                         *
    4301              ;*                            0 Parameter,  1 Auto,  0 SOE     *
    4302              ;***************************************************************
    4303              
    4304 000000ff       _Example_Error:
    4305                      .dwcfi  cfa_offset, -2
    4306                      .dwcfi  save_reg_to_mem, 26, 0
    4307                      .dwcfi  save_reg_to_reg, 78, 26
    4308 000000ff FE02          ADDB      SP,#2                 ; [CPU_U] 
    4309                      .dwcfi  cfa_offset, -4
    4310              $C$DW$267       .dwtag  DW_TAG_variable, DW_AT_name("Status")
    4311                      .dwattr $C$DW$267, DW_AT_TI_symbol_name("_Status")
    4312                      .dwattr $C$DW$267, DW_AT_type(*$C$DW$T$11)
    4313                      .dwattr $C$DW$267, DW_AT_location[DW_OP_breg20 -1]
    4314              ;----------------------------------------------------------------------
    4315              ; 1139 | //  Error code will be in the AL register.                             
    4316              ;----------------------------------------------------------------------
    4317 00000100 9641          MOV       *-SP[1],AL            ; [CPU_] |1138| 
    4318                      .dwpsn  file "../Example_Flash2806x_API.c",line 1140,column 5,is_stmt
    4319              ;----------------------------------------------------------------------
    4320              ; 1140 | asm("    ESTOP0");                                                     
    4321              ;----------------------------------------------------------------------
    4322 00000101 7625      ESTOP0
    4323                      .dwpsn  file "../Example_Flash2806x_API.c",line 1141,column 5,is_stmt
    4324              ;----------------------------------------------------------------------
    4325              ; 1141 | asm("    SB 0, UNC");                                                  
    4326              ;----------------------------------------------------------------------
    4327 00000102 6F00      SB 0, UNC
    4328                      .dwpsn  file "../Example_Flash2806x_API.c",line 1142,column 1,is_stmt
    4329 00000103 FE82          SUBB      SP,#2                 ; [CPU_U] 
    4330                      .dwcfi  cfa_offset, -2
    4331 00000104 FF69          SPM       #0                    ; [CPU_] 
    4332              $C$DW$268       .dwtag  DW_TAG_TI_branch
TMS320C2000 Assembler PC v6.1.0 Fri Feb 14 09:23:40 2020

Tools Copyright (c) 1996-2012 Texas Instruments Incorporated
F:/Work/Code Area/Combis/Bootloader/Example_Flash2806x_API21_Combi/Example_Flash2806x_API21_Combi/Example_Flash2806x_API/Debug/Example_Flash2806x_API.asm PAGE   85

    4333                      .dwattr $C$DW$268, DW_AT_low_pc(0x00)
    4334                      .dwattr $C$DW$268, DW_AT_TI_return
    4335 00000105 0006          LRETR     ; [CPU_] 
    4336                      ; return occurs ; [] 
    4337                      .dwattr $C$DW$265, DW_AT_TI_end_file("../Example_Flash2806x_API.c")
    4338                      .dwattr $C$DW$265, DW_AT_TI_end_line(0x476)
    4339                      .dwattr $C$DW$265, DW_AT_TI_end_column(0x01)
    4340                      .dwendentry
    4341                      .dwendtag $C$DW$265
    4342              
    4343 00000106               .sect   "ramfuncs"
    4344                      .global _Example_Done
    4345              
    4346              $C$DW$269       .dwtag  DW_TAG_subprogram, DW_AT_name("Example_Done")
    4347                      .dwattr $C$DW$269, DW_AT_low_pc(_Example_Done)
    4348                      .dwattr $C$DW$269, DW_AT_high_pc(0x00)
    4349                      .dwattr $C$DW$269, DW_AT_TI_symbol_name("_Example_Done")
    4350                      .dwattr $C$DW$269, DW_AT_external
    4351                      .dwattr $C$DW$269, DW_AT_TI_begin_file("../Example_Flash2806x_API.c")
    4352                      .dwattr $C$DW$269, DW_AT_TI_begin_line(0x47d)
    4353                      .dwattr $C$DW$269, DW_AT_TI_begin_column(0x06)
    4354                      .dwattr $C$DW$269, DW_AT_TI_max_frame_size(-2)
    4355                      .dwpsn  file "../Example_Flash2806x_API.c",line 1150,column 1,is_stmt,address _Example_Done
    4356              
    4357                      .dwfde $C$DW$CIE, _Example_Done
    4358              ;----------------------------------------------------------------------
    4359              ; 1149 | void Example_Done(void)                                                
    4360              ;----------------------------------------------------------------------
    4361              
    4362              ;***************************************************************
    4363              ;* FNAME: _Example_Done                 FR SIZE:   0           *
    4364              ;*                                                             *
    4365              ;* FUNCTION ENVIRONMENT                                        *
    4366              ;*                                                             *
    4367              ;* FUNCTION PROPERTIES                                         *
    4368              ;*                            0 Parameter,  0 Auto,  0 SOE     *
    4369              ;***************************************************************
    4370              
    4371 00000106       _Example_Done:
    4372                      .dwcfi  cfa_offset, -2
    4373                      .dwcfi  save_reg_to_mem, 26, 0
    4374                      .dwcfi  save_reg_to_reg, 78, 26
    4375                      .dwpsn  file "../Example_Flash2806x_API.c",line 1152,column 5,is_stmt
    4376              ;----------------------------------------------------------------------
    4377              ; 1152 | asm("    ESTOP0");                                                     
    4378              ;----------------------------------------------------------------------
    4379 00000106 7625      ESTOP0
    4380                      .dwpsn  file "../Example_Flash2806x_API.c",line 1153,column 5,is_stmt
    4381              ;----------------------------------------------------------------------
    4382              ; 1153 | asm("    SB 0, UNC");                                                  
    4383              ;----------------------------------------------------------------------
    4384 00000107 6F00      SB 0, UNC
    4385                      .dwpsn  file "../Example_Flash2806x_API.c",line 1154,column 1,is_stmt
    4386 00000108 FF69          SPM       #0                    ; [CPU_] 
    4387              $C$DW$270       .dwtag  DW_TAG_TI_branch
TMS320C2000 Assembler PC v6.1.0 Fri Feb 14 09:23:40 2020

Tools Copyright (c) 1996-2012 Texas Instruments Incorporated
F:/Work/Code Area/Combis/Bootloader/Example_Flash2806x_API21_Combi/Example_Flash2806x_API21_Combi/Example_Flash2806x_API/Debug/Example_Flash2806x_API.asm PAGE   86

    4388                      .dwattr $C$DW$270, DW_AT_low_pc(0x00)
    4389                      .dwattr $C$DW$270, DW_AT_TI_return
    4390 00000109 0006          LRETR     ; [CPU_] 
    4391                      ; return occurs ; [] 
    4392                      .dwattr $C$DW$269, DW_AT_TI_end_file("../Example_Flash2806x_API.c")
    4393                      .dwattr $C$DW$269, DW_AT_TI_end_line(0x482)
    4394                      .dwattr $C$DW$269, DW_AT_TI_end_column(0x01)
    4395                      .dwendentry
    4396                      .dwendtag $C$DW$269
    4397              
    4398 0000010a               .sect   "ramfuncs"
    4399                      .global _MyCallbackFunction
    4400              
    4401              $C$DW$271       .dwtag  DW_TAG_subprogram, DW_AT_name("MyCallbackFunction")
    4402                      .dwattr $C$DW$271, DW_AT_low_pc(_MyCallbackFunction)
    4403                      .dwattr $C$DW$271, DW_AT_high_pc(0x00)
    4404                      .dwattr $C$DW$271, DW_AT_TI_symbol_name("_MyCallbackFunction")
    4405                      .dwattr $C$DW$271, DW_AT_external
    4406                      .dwattr $C$DW$271, DW_AT_TI_begin_file("../Example_Flash2806x_API.c")
    4407                      .dwattr $C$DW$271, DW_AT_TI_begin_line(0x489)
    4408                      .dwattr $C$DW$271, DW_AT_TI_begin_column(0x06)
    4409                      .dwattr $C$DW$271, DW_AT_TI_max_frame_size(-2)
    4410                      .dwpsn  file "../Example_Flash2806x_API.c",line 1162,column 1,is_stmt,address _MyCallbackFunction
    4411              
    4412                      .dwfde $C$DW$CIE, _MyCallbackFunction
    4413              ;----------------------------------------------------------------------
    4414              ; 1161 | void MyCallbackFunction(void)                                          
    4415              ;----------------------------------------------------------------------
    4416              
    4417              ;***************************************************************
    4418              ;* FNAME: _MyCallbackFunction           FR SIZE:   0           *
    4419              ;*                                                             *
    4420              ;* FUNCTION ENVIRONMENT                                        *
    4421              ;*                                                             *
    4422              ;* FUNCTION PROPERTIES                                         *
    4423              ;*                            0 Parameter,  0 Auto,  0 SOE     *
    4424              ;***************************************************************
    4425              
    4426 0000010a       _MyCallbackFunction:
    4427              ;----------------------------------------------------------------------
    4428              ; 1163 | // Toggle pin, service external watchdog etc                           
    4429              ;----------------------------------------------------------------------
    4430                      .dwcfi  cfa_offset, -2
    4431                      .dwcfi  save_reg_to_mem, 26, 0
    4432                      .dwcfi  save_reg_to_reg, 78, 26
    4433                      .dwpsn  file "../Example_Flash2806x_API.c",line 1164,column 5,is_stmt
    4434              ;----------------------------------------------------------------------
    4435              ; 1164 | MyCallbackCounter++;                                                   
    4436              ;----------------------------------------------------------------------
    4437 0000010a 0201          MOVB      ACC,#1                ; [CPU_] |1164| 
    4438 0000010b 761F-         MOVW      DP,#_MyCallbackCounter ; [CPU_U] 
         0000010c 0000 
    4439 0000010d 5601-         ADDL      @_MyCallbackCounter,ACC ; [CPU_] |1164| 
         0000010e 000C 
    4440                      .dwpsn  file "../Example_Flash2806x_API.c",line 1165,column 5,is_stmt
TMS320C2000 Assembler PC v6.1.0 Fri Feb 14 09:23:40 2020

Tools Copyright (c) 1996-2012 Texas Instruments Incorporated
F:/Work/Code Area/Combis/Bootloader/Example_Flash2806x_API21_Combi/Example_Flash2806x_API21_Combi/Example_Flash2806x_API/Debug/Example_Flash2806x_API.asm PAGE   87

    4441              ;----------------------------------------------------------------------
    4442              ; 1165 | asm("    NOP");                                                        
    4443              ;----------------------------------------------------------------------
    4444 0000010f 7700      NOP
    4445                      .dwpsn  file "../Example_Flash2806x_API.c",line 1166,column 1,is_stmt
    4446 00000110 FF69          SPM       #0                    ; [CPU_] 
    4447              $C$DW$272       .dwtag  DW_TAG_TI_branch
    4448                      .dwattr $C$DW$272, DW_AT_low_pc(0x00)
    4449                      .dwattr $C$DW$272, DW_AT_TI_return
    4450 00000111 0006          LRETR     ; [CPU_] 
    4451                      ; return occurs ; [] 
    4452                      .dwattr $C$DW$271, DW_AT_TI_end_file("../Example_Flash2806x_API.c")
    4453                      .dwattr $C$DW$271, DW_AT_TI_end_line(0x48e)
    4454                      .dwattr $C$DW$271, DW_AT_TI_end_column(0x01)
    4455                      .dwendentry
    4456                      .dwendtag $C$DW$271
    4457              
    4458              ;**************************************************************
    4459              ;* UNDEFINED EXTERNAL REFERENCES                              *
    4460              ;**************************************************************
    4461                      .global _sInitSCI2400
    4462                      .global _sInitSCI9600
    4463                      .global _Flash2806x_ToggleTest
    4464                      .global _InitGPIO
    4465                      .global _sTxChar
    4466                      .global _sDelay_us
    4467                      .global _PRG_key4
    4468                      .global _PRG_key1
    4469                      .global _PRG_key2
    4470                      .global _RamfuncsLoadEnd
    4471                      .global _RamfuncsLoadStart
    4472                      .global _PRG_key0
    4473                      .global _RamfuncsRunStart
    4474                      .global _PRG_key5
    4475                      .global _PRG_key3
    4476                      .global _PRG_key7
    4477                      .global _Flash2806x_Verify
    4478                      .global _Flash2806x_APIVersionHex
    4479                      .global _Flash2806x_Erase
    4480                      .global _Flash2806x_Program
    4481                      .global _PRG_key6
    4482                      .global _CsmPwl
    4483                      .global _ScibRegs
    4484                      .global _CsmRegs
    4485                      .global _GpioDataRegs
    4486                      .global _SysCtrlRegs
    4487                      .global _GpioCtrlRegs
    4488              
    4489              ;***************************************************************
    4490              ;* TYPE INFORMATION                                            *
    4491              ;***************************************************************
    4492              
    4493              $C$DW$T$21      .dwtag  DW_TAG_structure_type
    4494                      .dwattr $C$DW$T$21, DW_AT_byte_size(0x04)
    4495              $C$DW$273       .dwtag  DW_TAG_member
TMS320C2000 Assembler PC v6.1.0 Fri Feb 14 09:23:40 2020

Tools Copyright (c) 1996-2012 Texas Instruments Incorporated
F:/Work/Code Area/Combis/Bootloader/Example_Flash2806x_API21_Combi/Example_Flash2806x_API21_Combi/Example_Flash2806x_API/Debug/Example_Flash2806x_API.asm PAGE   88

    4496                      .dwattr $C$DW$273, DW_AT_type(*$C$DW$T$19)
    4497                      .dwattr $C$DW$273, DW_AT_name("FirstFailAddr")
    4498                      .dwattr $C$DW$273, DW_AT_TI_symbol_name("_FirstFailAddr")
    4499                      .dwattr $C$DW$273, DW_AT_data_member_location[DW_OP_plus_uconst 0x0]
    4500                      .dwattr $C$DW$273, DW_AT_accessibility(DW_ACCESS_public)
    4501              $C$DW$274       .dwtag  DW_TAG_member
    4502                      .dwattr $C$DW$274, DW_AT_type(*$C$DW$T$20)
    4503                      .dwattr $C$DW$274, DW_AT_name("ExpectedData")
    4504                      .dwattr $C$DW$274, DW_AT_TI_symbol_name("_ExpectedData")
    4505                      .dwattr $C$DW$274, DW_AT_data_member_location[DW_OP_plus_uconst 0x2]
    4506                      .dwattr $C$DW$274, DW_AT_accessibility(DW_ACCESS_public)
    4507              $C$DW$275       .dwtag  DW_TAG_member
    4508                      .dwattr $C$DW$275, DW_AT_type(*$C$DW$T$20)
    4509                      .dwattr $C$DW$275, DW_AT_name("ActualData")
    4510                      .dwattr $C$DW$275, DW_AT_TI_symbol_name("_ActualData")
    4511                      .dwattr $C$DW$275, DW_AT_data_member_location[DW_OP_plus_uconst 0x3]
    4512                      .dwattr $C$DW$275, DW_AT_accessibility(DW_ACCESS_public)
    4513                      .dwendtag $C$DW$T$21
    4514              
    4515              $C$DW$T$105     .dwtag  DW_TAG_typedef, DW_AT_name("FLASH_ST")
    4516                      .dwattr $C$DW$T$105, DW_AT_type(*$C$DW$T$21)
    4517                      .dwattr $C$DW$T$105, DW_AT_language(DW_LANG_C)
    4518              $C$DW$T$106     .dwtag  DW_TAG_pointer_type
    4519                      .dwattr $C$DW$T$106, DW_AT_type(*$C$DW$T$105)
    4520                      .dwattr $C$DW$T$106, DW_AT_address_class(0x16)
    4521              
    4522              $C$DW$T$23      .dwtag  DW_TAG_structure_type
    4523                      .dwattr $C$DW$T$23, DW_AT_byte_size(0x04)
    4524              $C$DW$276       .dwtag  DW_TAG_member
    4525                      .dwattr $C$DW$276, DW_AT_type(*$C$DW$T$22)
    4526                      .dwattr $C$DW$276, DW_AT_name("StartAddr")
    4527                      .dwattr $C$DW$276, DW_AT_TI_symbol_name("_StartAddr")
    4528                      .dwattr $C$DW$276, DW_AT_data_member_location[DW_OP_plus_uconst 0x0]
    4529                      .dwattr $C$DW$276, DW_AT_accessibility(DW_ACCESS_public)
    4530              $C$DW$277       .dwtag  DW_TAG_member
    4531                      .dwattr $C$DW$277, DW_AT_type(*$C$DW$T$22)
    4532                      .dwattr $C$DW$277, DW_AT_name("EndAddr")
    4533                      .dwattr $C$DW$277, DW_AT_TI_symbol_name("_EndAddr")
    4534                      .dwattr $C$DW$277, DW_AT_data_member_location[DW_OP_plus_uconst 0x2]
    4535                      .dwattr $C$DW$277, DW_AT_accessibility(DW_ACCESS_public)
    4536                      .dwendtag $C$DW$T$23
    4537              
    4538              $C$DW$T$107     .dwtag  DW_TAG_typedef, DW_AT_name("SECTOR")
    4539                      .dwattr $C$DW$T$107, DW_AT_type(*$C$DW$T$23)
    4540                      .dwattr $C$DW$T$107, DW_AT_language(DW_LANG_C)
    4541              
    4542              $C$DW$T$108     .dwtag  DW_TAG_array_type
    4543                      .dwattr $C$DW$T$108, DW_AT_type(*$C$DW$T$107)
    4544                      .dwattr $C$DW$T$108, DW_AT_language(DW_LANG_C)
    4545                      .dwattr $C$DW$T$108, DW_AT_byte_size(0x20)
    4546              $C$DW$278       .dwtag  DW_TAG_subrange_type
    4547                      .dwattr $C$DW$278, DW_AT_upper_bound(0x07)
    4548                      .dwendtag $C$DW$T$108
    4549              
    4550              
TMS320C2000 Assembler PC v6.1.0 Fri Feb 14 09:23:40 2020

Tools Copyright (c) 1996-2012 Texas Instruments Incorporated
F:/Work/Code Area/Combis/Bootloader/Example_Flash2806x_API21_Combi/Example_Flash2806x_API21_Combi/Example_Flash2806x_API/Debug/Example_Flash2806x_API.asm PAGE   89

    4551              $C$DW$T$25      .dwtag  DW_TAG_structure_type
    4552                      .dwattr $C$DW$T$25, DW_AT_byte_size(0x26)
    4553              $C$DW$279       .dwtag  DW_TAG_member
    4554                      .dwattr $C$DW$279, DW_AT_type(*$C$DW$T$6)
    4555                      .dwattr $C$DW$279, DW_AT_name("SciDatalength")
    4556                      .dwattr $C$DW$279, DW_AT_TI_symbol_name("_SciDatalength")
    4557                      .dwattr $C$DW$279, DW_AT_data_member_location[DW_OP_plus_uconst 0x0]
    4558                      .dwattr $C$DW$279, DW_AT_accessibility(DW_ACCESS_public)
    4559              $C$DW$280       .dwtag  DW_TAG_member
    4560                      .dwattr $C$DW$280, DW_AT_type(*$C$DW$T$6)
    4561                      .dwattr $C$DW$280, DW_AT_name("DataLength")
    4562                      .dwattr $C$DW$280, DW_AT_TI_symbol_name("_DataLength")
    4563                      .dwattr $C$DW$280, DW_AT_data_member_location[DW_OP_plus_uconst 0x1]
    4564                      .dwattr $C$DW$280, DW_AT_accessibility(DW_ACCESS_public)
    4565              $C$DW$281       .dwtag  DW_TAG_member
    4566                      .dwattr $C$DW$281, DW_AT_type(*$C$DW$T$6)
    4567                      .dwattr $C$DW$281, DW_AT_name("DataAddrH")
    4568                      .dwattr $C$DW$281, DW_AT_TI_symbol_name("_DataAddrH")
    4569                      .dwattr $C$DW$281, DW_AT_data_member_location[DW_OP_plus_uconst 0x2]
    4570                      .dwattr $C$DW$281, DW_AT_accessibility(DW_ACCESS_public)
    4571              $C$DW$282       .dwtag  DW_TAG_member
    4572                      .dwattr $C$DW$282, DW_AT_type(*$C$DW$T$6)
    4573                      .dwattr $C$DW$282, DW_AT_name("DataAddrL")
    4574                      .dwattr $C$DW$282, DW_AT_TI_symbol_name("_DataAddrL")
    4575                      .dwattr $C$DW$282, DW_AT_data_member_location[DW_OP_plus_uconst 0x3]
    4576                      .dwattr $C$DW$282, DW_AT_accessibility(DW_ACCESS_public)
    4577              $C$DW$283       .dwtag  DW_TAG_member
    4578                      .dwattr $C$DW$283, DW_AT_type(*$C$DW$T$6)
    4579                      .dwattr $C$DW$283, DW_AT_name("DataAddrMode")
    4580                      .dwattr $C$DW$283, DW_AT_TI_symbol_name("_DataAddrMode")
    4581                      .dwattr $C$DW$283, DW_AT_data_member_location[DW_OP_plus_uconst 0x4]
    4582                      .dwattr $C$DW$283, DW_AT_accessibility(DW_ACCESS_public)
    4583              $C$DW$284       .dwtag  DW_TAG_member
    4584                      .dwattr $C$DW$284, DW_AT_type(*$C$DW$T$24)
    4585                      .dwattr $C$DW$284, DW_AT_name("DataBuffer")
    4586                      .dwattr $C$DW$284, DW_AT_TI_symbol_name("_DataBuffer")
    4587                      .dwattr $C$DW$284, DW_AT_data_member_location[DW_OP_plus_uconst 0x5]
    4588                      .dwattr $C$DW$284, DW_AT_accessibility(DW_ACCESS_public)
    4589              $C$DW$285       .dwtag  DW_TAG_member
    4590                      .dwattr $C$DW$285, DW_AT_type(*$C$DW$T$6)
    4591                      .dwattr $C$DW$285, DW_AT_name("DataCheckSum")
    4592                      .dwattr $C$DW$285, DW_AT_TI_symbol_name("_DataCheckSum")
    4593                      .dwattr $C$DW$285, DW_AT_data_member_location[DW_OP_plus_uconst 0x25]
    4594                      .dwattr $C$DW$285, DW_AT_accessibility(DW_ACCESS_public)
    4595                      .dwendtag $C$DW$T$25
    4596              
    4597              
    4598              $C$DW$T$27      .dwtag  DW_TAG_union_type
    4599                      .dwattr $C$DW$T$27, DW_AT_byte_size(0x26)
    4600              $C$DW$286       .dwtag  DW_TAG_member
    4601                      .dwattr $C$DW$286, DW_AT_type(*$C$DW$T$26)
    4602                      .dwattr $C$DW$286, DW_AT_name("SciDataBuf")
    4603                      .dwattr $C$DW$286, DW_AT_TI_symbol_name("_SciDataBuf")
    4604                      .dwattr $C$DW$286, DW_AT_data_member_location[DW_OP_plus_uconst 0x0]
    4605                      .dwattr $C$DW$286, DW_AT_accessibility(DW_ACCESS_public)
TMS320C2000 Assembler PC v6.1.0 Fri Feb 14 09:23:40 2020

Tools Copyright (c) 1996-2012 Texas Instruments Incorporated
F:/Work/Code Area/Combis/Bootloader/Example_Flash2806x_API21_Combi/Example_Flash2806x_API21_Combi/Example_Flash2806x_API/Debug/Example_Flash2806x_API.asm PAGE   90

    4606              $C$DW$287       .dwtag  DW_TAG_member
    4607                      .dwattr $C$DW$287, DW_AT_type(*$C$DW$T$25)
    4608                      .dwattr $C$DW$287, DW_AT_name("DataPackets")
    4609                      .dwattr $C$DW$287, DW_AT_TI_symbol_name("_DataPackets")
    4610                      .dwattr $C$DW$287, DW_AT_data_member_location[DW_OP_plus_uconst 0x0]
    4611                      .dwattr $C$DW$287, DW_AT_accessibility(DW_ACCESS_public)
    4612                      .dwendtag $C$DW$T$27
    4613              
    4614              
    4615              $C$DW$T$28      .dwtag  DW_TAG_structure_type
    4616                      .dwattr $C$DW$T$28, DW_AT_name("AIODAT_BITS")
    4617                      .dwattr $C$DW$T$28, DW_AT_byte_size(0x02)
    4618              $C$DW$288       .dwtag  DW_TAG_member
    4619                      .dwattr $C$DW$288, DW_AT_type(*$C$DW$T$20)
    4620                      .dwattr $C$DW$288, DW_AT_name("rsvd1")
    4621                      .dwattr $C$DW$288, DW_AT_TI_symbol_name("_rsvd1")
    4622                      .dwattr $C$DW$288, DW_AT_bit_offset(0x0f), DW_AT_bit_size(0x01)
    4623                      .dwattr $C$DW$288, DW_AT_data_member_location[DW_OP_plus_uconst 0x0]
    4624                      .dwattr $C$DW$288, DW_AT_accessibility(DW_ACCESS_public)
    4625              $C$DW$289       .dwtag  DW_TAG_member
    4626                      .dwattr $C$DW$289, DW_AT_type(*$C$DW$T$20)
    4627                      .dwattr $C$DW$289, DW_AT_name("rsvd2")
    4628                      .dwattr $C$DW$289, DW_AT_TI_symbol_name("_rsvd2")
    4629                      .dwattr $C$DW$289, DW_AT_bit_offset(0x0e), DW_AT_bit_size(0x01)
    4630                      .dwattr $C$DW$289, DW_AT_data_member_location[DW_OP_plus_uconst 0x0]
    4631                      .dwattr $C$DW$289, DW_AT_accessibility(DW_ACCESS_public)
    4632              $C$DW$290       .dwtag  DW_TAG_member
    4633                      .dwattr $C$DW$290, DW_AT_type(*$C$DW$T$20)
    4634                      .dwattr $C$DW$290, DW_AT_name("AIO2")
    4635                      .dwattr $C$DW$290, DW_AT_TI_symbol_name("_AIO2")
    4636                      .dwattr $C$DW$290, DW_AT_bit_offset(0x0d), DW_AT_bit_size(0x01)
    4637                      .dwattr $C$DW$290, DW_AT_data_member_location[DW_OP_plus_uconst 0x0]
    4638                      .dwattr $C$DW$290, DW_AT_accessibility(DW_ACCESS_public)
    4639              $C$DW$291       .dwtag  DW_TAG_member
    4640                      .dwattr $C$DW$291, DW_AT_type(*$C$DW$T$20)
    4641                      .dwattr $C$DW$291, DW_AT_name("rsvd3")
    4642                      .dwattr $C$DW$291, DW_AT_TI_symbol_name("_rsvd3")
    4643                      .dwattr $C$DW$291, DW_AT_bit_offset(0x0c), DW_AT_bit_size(0x01)
    4644                      .dwattr $C$DW$291, DW_AT_data_member_location[DW_OP_plus_uconst 0x0]
    4645                      .dwattr $C$DW$291, DW_AT_accessibility(DW_ACCESS_public)
    4646              $C$DW$292       .dwtag  DW_TAG_member
    4647                      .dwattr $C$DW$292, DW_AT_type(*$C$DW$T$20)
    4648                      .dwattr $C$DW$292, DW_AT_name("AIO4")
    4649                      .dwattr $C$DW$292, DW_AT_TI_symbol_name("_AIO4")
    4650                      .dwattr $C$DW$292, DW_AT_bit_offset(0x0b), DW_AT_bit_size(0x01)
    4651                      .dwattr $C$DW$292, DW_AT_data_member_location[DW_OP_plus_uconst 0x0]
    4652                      .dwattr $C$DW$292, DW_AT_accessibility(DW_ACCESS_public)
    4653              $C$DW$293       .dwtag  DW_TAG_member
    4654                      .dwattr $C$DW$293, DW_AT_type(*$C$DW$T$20)
    4655                      .dwattr $C$DW$293, DW_AT_name("rsvd4")
    4656                      .dwattr $C$DW$293, DW_AT_TI_symbol_name("_rsvd4")
    4657                      .dwattr $C$DW$293, DW_AT_bit_offset(0x0a), DW_AT_bit_size(0x01)
    4658                      .dwattr $C$DW$293, DW_AT_data_member_location[DW_OP_plus_uconst 0x0]
    4659                      .dwattr $C$DW$293, DW_AT_accessibility(DW_ACCESS_public)
    4660              $C$DW$294       .dwtag  DW_TAG_member
TMS320C2000 Assembler PC v6.1.0 Fri Feb 14 09:23:40 2020

Tools Copyright (c) 1996-2012 Texas Instruments Incorporated
F:/Work/Code Area/Combis/Bootloader/Example_Flash2806x_API21_Combi/Example_Flash2806x_API21_Combi/Example_Flash2806x_API/Debug/Example_Flash2806x_API.asm PAGE   91

    4661                      .dwattr $C$DW$294, DW_AT_type(*$C$DW$T$20)
    4662                      .dwattr $C$DW$294, DW_AT_name("AIO6")
    4663                      .dwattr $C$DW$294, DW_AT_TI_symbol_name("_AIO6")
    4664                      .dwattr $C$DW$294, DW_AT_bit_offset(0x09), DW_AT_bit_size(0x01)
    4665                      .dwattr $C$DW$294, DW_AT_data_member_location[DW_OP_plus_uconst 0x0]
    4666                      .dwattr $C$DW$294, DW_AT_accessibility(DW_ACCESS_public)
    4667              $C$DW$295       .dwtag  DW_TAG_member
    4668                      .dwattr $C$DW$295, DW_AT_type(*$C$DW$T$20)
    4669                      .dwattr $C$DW$295, DW_AT_name("rsvd5")
    4670                      .dwattr $C$DW$295, DW_AT_TI_symbol_name("_rsvd5")
    4671                      .dwattr $C$DW$295, DW_AT_bit_offset(0x08), DW_AT_bit_size(0x01)
    4672                      .dwattr $C$DW$295, DW_AT_data_member_location[DW_OP_plus_uconst 0x0]
    4673                      .dwattr $C$DW$295, DW_AT_accessibility(DW_ACCESS_public)
    4674              $C$DW$296       .dwtag  DW_TAG_member
    4675                      .dwattr $C$DW$296, DW_AT_type(*$C$DW$T$20)
    4676                      .dwattr $C$DW$296, DW_AT_name("rsvd6")
    4677                      .dwattr $C$DW$296, DW_AT_TI_symbol_name("_rsvd6")
    4678                      .dwattr $C$DW$296, DW_AT_bit_offset(0x07), DW_AT_bit_size(0x01)
    4679                      .dwattr $C$DW$296, DW_AT_data_member_location[DW_OP_plus_uconst 0x0]
    4680                      .dwattr $C$DW$296, DW_AT_accessibility(DW_ACCESS_public)
    4681              $C$DW$297       .dwtag  DW_TAG_member
    4682                      .dwattr $C$DW$297, DW_AT_type(*$C$DW$T$20)
    4683                      .dwattr $C$DW$297, DW_AT_name("rsvd7")
    4684                      .dwattr $C$DW$297, DW_AT_TI_symbol_name("_rsvd7")
    4685                      .dwattr $C$DW$297, DW_AT_bit_offset(0x06), DW_AT_bit_size(0x01)
    4686                      .dwattr $C$DW$297, DW_AT_data_member_location[DW_OP_plus_uconst 0x0]
    4687                      .dwattr $C$DW$297, DW_AT_accessibility(DW_ACCESS_public)
    4688              $C$DW$298       .dwtag  DW_TAG_member
    4689                      .dwattr $C$DW$298, DW_AT_type(*$C$DW$T$20)
    4690                      .dwattr $C$DW$298, DW_AT_name("AIO10")
    4691                      .dwattr $C$DW$298, DW_AT_TI_symbol_name("_AIO10")
    4692                      .dwattr $C$DW$298, DW_AT_bit_offset(0x05), DW_AT_bit_size(0x01)
    4693                      .dwattr $C$DW$298, DW_AT_data_member_location[DW_OP_plus_uconst 0x0]
    4694                      .dwattr $C$DW$298, DW_AT_accessibility(DW_ACCESS_public)
    4695              $C$DW$299       .dwtag  DW_TAG_member
    4696                      .dwattr $C$DW$299, DW_AT_type(*$C$DW$T$20)
    4697                      .dwattr $C$DW$299, DW_AT_name("rsvd8")
    4698                      .dwattr $C$DW$299, DW_AT_TI_symbol_name("_rsvd8")
    4699                      .dwattr $C$DW$299, DW_AT_bit_offset(0x04), DW_AT_bit_size(0x01)
    4700                      .dwattr $C$DW$299, DW_AT_data_member_location[DW_OP_plus_uconst 0x0]
    4701                      .dwattr $C$DW$299, DW_AT_accessibility(DW_ACCESS_public)
    4702              $C$DW$300       .dwtag  DW_TAG_member
    4703                      .dwattr $C$DW$300, DW_AT_type(*$C$DW$T$20)
    4704                      .dwattr $C$DW$300, DW_AT_name("AIO12")
    4705                      .dwattr $C$DW$300, DW_AT_TI_symbol_name("_AIO12")
    4706                      .dwattr $C$DW$300, DW_AT_bit_offset(0x03), DW_AT_bit_size(0x01)
    4707                      .dwattr $C$DW$300, DW_AT_data_member_location[DW_OP_plus_uconst 0x0]
    4708                      .dwattr $C$DW$300, DW_AT_accessibility(DW_ACCESS_public)
    4709              $C$DW$301       .dwtag  DW_TAG_member
    4710                      .dwattr $C$DW$301, DW_AT_type(*$C$DW$T$20)
    4711                      .dwattr $C$DW$301, DW_AT_name("rsvd9")
    4712                      .dwattr $C$DW$301, DW_AT_TI_symbol_name("_rsvd9")
    4713                      .dwattr $C$DW$301, DW_AT_bit_offset(0x02), DW_AT_bit_size(0x01)
    4714                      .dwattr $C$DW$301, DW_AT_data_member_location[DW_OP_plus_uconst 0x0]
    4715                      .dwattr $C$DW$301, DW_AT_accessibility(DW_ACCESS_public)
TMS320C2000 Assembler PC v6.1.0 Fri Feb 14 09:23:40 2020

Tools Copyright (c) 1996-2012 Texas Instruments Incorporated
F:/Work/Code Area/Combis/Bootloader/Example_Flash2806x_API21_Combi/Example_Flash2806x_API21_Combi/Example_Flash2806x_API/Debug/Example_Flash2806x_API.asm PAGE   92

    4716              $C$DW$302       .dwtag  DW_TAG_member
    4717                      .dwattr $C$DW$302, DW_AT_type(*$C$DW$T$20)
    4718                      .dwattr $C$DW$302, DW_AT_name("AIO14")
    4719                      .dwattr $C$DW$302, DW_AT_TI_symbol_name("_AIO14")
    4720                      .dwattr $C$DW$302, DW_AT_bit_offset(0x01), DW_AT_bit_size(0x01)
    4721                      .dwattr $C$DW$302, DW_AT_data_member_location[DW_OP_plus_uconst 0x0]
    4722                      .dwattr $C$DW$302, DW_AT_accessibility(DW_ACCESS_public)
    4723              $C$DW$303       .dwtag  DW_TAG_member
    4724                      .dwattr $C$DW$303, DW_AT_type(*$C$DW$T$20)
    4725                      .dwattr $C$DW$303, DW_AT_name("rsvd10")
    4726                      .dwattr $C$DW$303, DW_AT_TI_symbol_name("_rsvd10")
    4727                      .dwattr $C$DW$303, DW_AT_bit_offset(0x00), DW_AT_bit_size(0x01)
    4728                      .dwattr $C$DW$303, DW_AT_data_member_location[DW_OP_plus_uconst 0x0]
    4729                      .dwattr $C$DW$303, DW_AT_accessibility(DW_ACCESS_public)
    4730              $C$DW$304       .dwtag  DW_TAG_member
    4731                      .dwattr $C$DW$304, DW_AT_type(*$C$DW$T$20)
    4732                      .dwattr $C$DW$304, DW_AT_name("rsvd11")
    4733                      .dwattr $C$DW$304, DW_AT_TI_symbol_name("_rsvd11")
    4734                      .dwattr $C$DW$304, DW_AT_bit_offset(0x00), DW_AT_bit_size(0x10)
    4735                      .dwattr $C$DW$304, DW_AT_data_member_location[DW_OP_plus_uconst 0x1]
    4736                      .dwattr $C$DW$304, DW_AT_accessibility(DW_ACCESS_public)
    4737                      .dwendtag $C$DW$T$28
    4738              
    4739              
    4740              $C$DW$T$29      .dwtag  DW_TAG_union_type
    4741                      .dwattr $C$DW$T$29, DW_AT_name("AIODAT_REG")
    4742                      .dwattr $C$DW$T$29, DW_AT_byte_size(0x02)
    4743              $C$DW$305       .dwtag  DW_TAG_member
    4744                      .dwattr $C$DW$305, DW_AT_type(*$C$DW$T$19)
    4745                      .dwattr $C$DW$305, DW_AT_name("all")
    4746                      .dwattr $C$DW$305, DW_AT_TI_symbol_name("_all")
    4747                      .dwattr $C$DW$305, DW_AT_data_member_location[DW_OP_plus_uconst 0x0]
    4748                      .dwattr $C$DW$305, DW_AT_accessibility(DW_ACCESS_public)
    4749              $C$DW$306       .dwtag  DW_TAG_member
    4750                      .dwattr $C$DW$306, DW_AT_type(*$C$DW$T$28)
    4751                      .dwattr $C$DW$306, DW_AT_name("bit")
    4752                      .dwattr $C$DW$306, DW_AT_TI_symbol_name("_bit")
    4753                      .dwattr $C$DW$306, DW_AT_data_member_location[DW_OP_plus_uconst 0x0]
    4754                      .dwattr $C$DW$306, DW_AT_accessibility(DW_ACCESS_public)
    4755                      .dwendtag $C$DW$T$29
    4756              
    4757              
    4758              $C$DW$T$30      .dwtag  DW_TAG_structure_type
    4759                      .dwattr $C$DW$T$30, DW_AT_name("AIO_BITS")
    4760                      .dwattr $C$DW$T$30, DW_AT_byte_size(0x02)
    4761              $C$DW$307       .dwtag  DW_TAG_member
    4762                      .dwattr $C$DW$307, DW_AT_type(*$C$DW$T$20)
    4763                      .dwattr $C$DW$307, DW_AT_name("rsvd1")
    4764                      .dwattr $C$DW$307, DW_AT_TI_symbol_name("_rsvd1")
    4765                      .dwattr $C$DW$307, DW_AT_bit_offset(0x0e), DW_AT_bit_size(0x02)
    4766                      .dwattr $C$DW$307, DW_AT_data_member_location[DW_OP_plus_uconst 0x0]
    4767                      .dwattr $C$DW$307, DW_AT_accessibility(DW_ACCESS_public)
    4768              $C$DW$308       .dwtag  DW_TAG_member
    4769                      .dwattr $C$DW$308, DW_AT_type(*$C$DW$T$20)
    4770                      .dwattr $C$DW$308, DW_AT_name("rsvd2")
TMS320C2000 Assembler PC v6.1.0 Fri Feb 14 09:23:40 2020

Tools Copyright (c) 1996-2012 Texas Instruments Incorporated
F:/Work/Code Area/Combis/Bootloader/Example_Flash2806x_API21_Combi/Example_Flash2806x_API21_Combi/Example_Flash2806x_API/Debug/Example_Flash2806x_API.asm PAGE   93

    4771                      .dwattr $C$DW$308, DW_AT_TI_symbol_name("_rsvd2")
    4772                      .dwattr $C$DW$308, DW_AT_bit_offset(0x0c), DW_AT_bit_size(0x02)
    4773                      .dwattr $C$DW$308, DW_AT_data_member_location[DW_OP_plus_uconst 0x0]
    4774                      .dwattr $C$DW$308, DW_AT_accessibility(DW_ACCESS_public)
    4775              $C$DW$309       .dwtag  DW_TAG_member
    4776                      .dwattr $C$DW$309, DW_AT_type(*$C$DW$T$20)
    4777                      .dwattr $C$DW$309, DW_AT_name("AIO2")
    4778                      .dwattr $C$DW$309, DW_AT_TI_symbol_name("_AIO2")
    4779                      .dwattr $C$DW$309, DW_AT_bit_offset(0x0a), DW_AT_bit_size(0x02)
    4780                      .dwattr $C$DW$309, DW_AT_data_member_location[DW_OP_plus_uconst 0x0]
    4781                      .dwattr $C$DW$309, DW_AT_accessibility(DW_ACCESS_public)
    4782              $C$DW$310       .dwtag  DW_TAG_member
    4783                      .dwattr $C$DW$310, DW_AT_type(*$C$DW$T$20)
    4784                      .dwattr $C$DW$310, DW_AT_name("rsvd3")
    4785                      .dwattr $C$DW$310, DW_AT_TI_symbol_name("_rsvd3")
    4786                      .dwattr $C$DW$310, DW_AT_bit_offset(0x08), DW_AT_bit_size(0x02)
    4787                      .dwattr $C$DW$310, DW_AT_data_member_location[DW_OP_plus_uconst 0x0]
    4788                      .dwattr $C$DW$310, DW_AT_accessibility(DW_ACCESS_public)
    4789              $C$DW$311       .dwtag  DW_TAG_member
    4790                      .dwattr $C$DW$311, DW_AT_type(*$C$DW$T$20)
    4791                      .dwattr $C$DW$311, DW_AT_name("AIO4")
    4792                      .dwattr $C$DW$311, DW_AT_TI_symbol_name("_AIO4")
    4793                      .dwattr $C$DW$311, DW_AT_bit_offset(0x06), DW_AT_bit_size(0x02)
    4794                      .dwattr $C$DW$311, DW_AT_data_member_location[DW_OP_plus_uconst 0x0]
    4795                      .dwattr $C$DW$311, DW_AT_accessibility(DW_ACCESS_public)
    4796              $C$DW$312       .dwtag  DW_TAG_member
    4797                      .dwattr $C$DW$312, DW_AT_type(*$C$DW$T$20)
    4798                      .dwattr $C$DW$312, DW_AT_name("rsvd4")
    4799                      .dwattr $C$DW$312, DW_AT_TI_symbol_name("_rsvd4")
    4800                      .dwattr $C$DW$312, DW_AT_bit_offset(0x04), DW_AT_bit_size(0x02)
    4801                      .dwattr $C$DW$312, DW_AT_data_member_location[DW_OP_plus_uconst 0x0]
    4802                      .dwattr $C$DW$312, DW_AT_accessibility(DW_ACCESS_public)
    4803              $C$DW$313       .dwtag  DW_TAG_member
    4804                      .dwattr $C$DW$313, DW_AT_type(*$C$DW$T$20)
    4805                      .dwattr $C$DW$313, DW_AT_name("AIO6")
    4806                      .dwattr $C$DW$313, DW_AT_TI_symbol_name("_AIO6")
    4807                      .dwattr $C$DW$313, DW_AT_bit_offset(0x02), DW_AT_bit_size(0x02)
    4808                      .dwattr $C$DW$313, DW_AT_data_member_location[DW_OP_plus_uconst 0x0]
    4809                      .dwattr $C$DW$313, DW_AT_accessibility(DW_ACCESS_public)
    4810              $C$DW$314       .dwtag  DW_TAG_member
    4811                      .dwattr $C$DW$314, DW_AT_type(*$C$DW$T$20)
    4812                      .dwattr $C$DW$314, DW_AT_name("rsvd5")
    4813                      .dwattr $C$DW$314, DW_AT_TI_symbol_name("_rsvd5")
    4814                      .dwattr $C$DW$314, DW_AT_bit_offset(0x00), DW_AT_bit_size(0x02)
    4815                      .dwattr $C$DW$314, DW_AT_data_member_location[DW_OP_plus_uconst 0x0]
    4816                      .dwattr $C$DW$314, DW_AT_accessibility(DW_ACCESS_public)
    4817              $C$DW$315       .dwtag  DW_TAG_member
    4818                      .dwattr $C$DW$315, DW_AT_type(*$C$DW$T$20)
    4819                      .dwattr $C$DW$315, DW_AT_name("rsvd6")
    4820                      .dwattr $C$DW$315, DW_AT_TI_symbol_name("_rsvd6")
    4821                      .dwattr $C$DW$315, DW_AT_bit_offset(0x0e), DW_AT_bit_size(0x02)
    4822                      .dwattr $C$DW$315, DW_AT_data_member_location[DW_OP_plus_uconst 0x1]
    4823                      .dwattr $C$DW$315, DW_AT_accessibility(DW_ACCESS_public)
    4824              $C$DW$316       .dwtag  DW_TAG_member
    4825                      .dwattr $C$DW$316, DW_AT_type(*$C$DW$T$20)
TMS320C2000 Assembler PC v6.1.0 Fri Feb 14 09:23:40 2020

Tools Copyright (c) 1996-2012 Texas Instruments Incorporated
F:/Work/Code Area/Combis/Bootloader/Example_Flash2806x_API21_Combi/Example_Flash2806x_API21_Combi/Example_Flash2806x_API/Debug/Example_Flash2806x_API.asm PAGE   94

    4826                      .dwattr $C$DW$316, DW_AT_name("rsvd7")
    4827                      .dwattr $C$DW$316, DW_AT_TI_symbol_name("_rsvd7")
    4828                      .dwattr $C$DW$316, DW_AT_bit_offset(0x0c), DW_AT_bit_size(0x02)
    4829                      .dwattr $C$DW$316, DW_AT_data_member_location[DW_OP_plus_uconst 0x1]
    4830                      .dwattr $C$DW$316, DW_AT_accessibility(DW_ACCESS_public)
    4831              $C$DW$317       .dwtag  DW_TAG_member
    4832                      .dwattr $C$DW$317, DW_AT_type(*$C$DW$T$20)
    4833                      .dwattr $C$DW$317, DW_AT_name("AIO10")
    4834                      .dwattr $C$DW$317, DW_AT_TI_symbol_name("_AIO10")
    4835                      .dwattr $C$DW$317, DW_AT_bit_offset(0x0a), DW_AT_bit_size(0x02)
    4836                      .dwattr $C$DW$317, DW_AT_data_member_location[DW_OP_plus_uconst 0x1]
    4837                      .dwattr $C$DW$317, DW_AT_accessibility(DW_ACCESS_public)
    4838              $C$DW$318       .dwtag  DW_TAG_member
    4839                      .dwattr $C$DW$318, DW_AT_type(*$C$DW$T$20)
    4840                      .dwattr $C$DW$318, DW_AT_name("rsvd8")
    4841                      .dwattr $C$DW$318, DW_AT_TI_symbol_name("_rsvd8")
    4842                      .dwattr $C$DW$318, DW_AT_bit_offset(0x08), DW_AT_bit_size(0x02)
    4843                      .dwattr $C$DW$318, DW_AT_data_member_location[DW_OP_plus_uconst 0x1]
    4844                      .dwattr $C$DW$318, DW_AT_accessibility(DW_ACCESS_public)
    4845              $C$DW$319       .dwtag  DW_TAG_member
    4846                      .dwattr $C$DW$319, DW_AT_type(*$C$DW$T$20)
    4847                      .dwattr $C$DW$319, DW_AT_name("AIO12")
    4848                      .dwattr $C$DW$319, DW_AT_TI_symbol_name("_AIO12")
    4849                      .dwattr $C$DW$319, DW_AT_bit_offset(0x06), DW_AT_bit_size(0x02)
    4850                      .dwattr $C$DW$319, DW_AT_data_member_location[DW_OP_plus_uconst 0x1]
    4851                      .dwattr $C$DW$319, DW_AT_accessibility(DW_ACCESS_public)
    4852              $C$DW$320       .dwtag  DW_TAG_member
    4853                      .dwattr $C$DW$320, DW_AT_type(*$C$DW$T$20)
    4854                      .dwattr $C$DW$320, DW_AT_name("rsvd9")
    4855                      .dwattr $C$DW$320, DW_AT_TI_symbol_name("_rsvd9")
    4856                      .dwattr $C$DW$320, DW_AT_bit_offset(0x04), DW_AT_bit_size(0x02)
    4857                      .dwattr $C$DW$320, DW_AT_data_member_location[DW_OP_plus_uconst 0x1]
    4858                      .dwattr $C$DW$320, DW_AT_accessibility(DW_ACCESS_public)
    4859              $C$DW$321       .dwtag  DW_TAG_member
    4860                      .dwattr $C$DW$321, DW_AT_type(*$C$DW$T$20)
    4861                      .dwattr $C$DW$321, DW_AT_name("AIO14")
    4862                      .dwattr $C$DW$321, DW_AT_TI_symbol_name("_AIO14")
    4863                      .dwattr $C$DW$321, DW_AT_bit_offset(0x02), DW_AT_bit_size(0x02)
    4864                      .dwattr $C$DW$321, DW_AT_data_member_location[DW_OP_plus_uconst 0x1]
    4865                      .dwattr $C$DW$321, DW_AT_accessibility(DW_ACCESS_public)
    4866              $C$DW$322       .dwtag  DW_TAG_member
    4867                      .dwattr $C$DW$322, DW_AT_type(*$C$DW$T$20)
    4868                      .dwattr $C$DW$322, DW_AT_name("rsvd10")
    4869                      .dwattr $C$DW$322, DW_AT_TI_symbol_name("_rsvd10")
    4870                      .dwattr $C$DW$322, DW_AT_bit_offset(0x00), DW_AT_bit_size(0x02)
    4871                      .dwattr $C$DW$322, DW_AT_data_member_location[DW_OP_plus_uconst 0x1]
    4872                      .dwattr $C$DW$322, DW_AT_accessibility(DW_ACCESS_public)
    4873                      .dwendtag $C$DW$T$30
    4874              
    4875              
    4876              $C$DW$T$31      .dwtag  DW_TAG_union_type
    4877                      .dwattr $C$DW$T$31, DW_AT_name("AIO_REG")
    4878                      .dwattr $C$DW$T$31, DW_AT_byte_size(0x02)
    4879              $C$DW$323       .dwtag  DW_TAG_member
    4880                      .dwattr $C$DW$323, DW_AT_type(*$C$DW$T$19)
TMS320C2000 Assembler PC v6.1.0 Fri Feb 14 09:23:40 2020

Tools Copyright (c) 1996-2012 Texas Instruments Incorporated
F:/Work/Code Area/Combis/Bootloader/Example_Flash2806x_API21_Combi/Example_Flash2806x_API21_Combi/Example_Flash2806x_API/Debug/Example_Flash2806x_API.asm PAGE   95

    4881                      .dwattr $C$DW$323, DW_AT_name("all")
    4882                      .dwattr $C$DW$323, DW_AT_TI_symbol_name("_all")
    4883                      .dwattr $C$DW$323, DW_AT_data_member_location[DW_OP_plus_uconst 0x0]
    4884                      .dwattr $C$DW$323, DW_AT_accessibility(DW_ACCESS_public)
    4885              $C$DW$324       .dwtag  DW_TAG_member
    4886                      .dwattr $C$DW$324, DW_AT_type(*$C$DW$T$30)
    4887                      .dwattr $C$DW$324, DW_AT_name("bit")
    4888                      .dwattr $C$DW$324, DW_AT_TI_symbol_name("_bit")
    4889                      .dwattr $C$DW$324, DW_AT_data_member_location[DW_OP_plus_uconst 0x0]
    4890                      .dwattr $C$DW$324, DW_AT_accessibility(DW_ACCESS_public)
    4891                      .dwendtag $C$DW$T$31
    4892              
    4893              
    4894              $C$DW$T$32      .dwtag  DW_TAG_structure_type
    4895                      .dwattr $C$DW$T$32, DW_AT_name("CLKCTL_BITS")
    4896                      .dwattr $C$DW$T$32, DW_AT_byte_size(0x01)
    4897              $C$DW$325       .dwtag  DW_TAG_member
    4898                      .dwattr $C$DW$325, DW_AT_type(*$C$DW$T$20)
    4899                      .dwattr $C$DW$325, DW_AT_name("OSCCLKSRCSEL")
    4900                      .dwattr $C$DW$325, DW_AT_TI_symbol_name("_OSCCLKSRCSEL")
    4901                      .dwattr $C$DW$325, DW_AT_bit_offset(0x0f), DW_AT_bit_size(0x01)
    4902                      .dwattr $C$DW$325, DW_AT_data_member_location[DW_OP_plus_uconst 0x0]
    4903                      .dwattr $C$DW$325, DW_AT_accessibility(DW_ACCESS_public)
    4904              $C$DW$326       .dwtag  DW_TAG_member
    4905                      .dwattr $C$DW$326, DW_AT_type(*$C$DW$T$20)
    4906                      .dwattr $C$DW$326, DW_AT_name("OSCCLKSRC2SEL")
    4907                      .dwattr $C$DW$326, DW_AT_TI_symbol_name("_OSCCLKSRC2SEL")
    4908                      .dwattr $C$DW$326, DW_AT_bit_offset(0x0e), DW_AT_bit_size(0x01)
    4909                      .dwattr $C$DW$326, DW_AT_data_member_location[DW_OP_plus_uconst 0x0]
    4910                      .dwattr $C$DW$326, DW_AT_accessibility(DW_ACCESS_public)
    4911              $C$DW$327       .dwtag  DW_TAG_member
    4912                      .dwattr $C$DW$327, DW_AT_type(*$C$DW$T$20)
    4913                      .dwattr $C$DW$327, DW_AT_name("WDCLKSRCSEL")
    4914                      .dwattr $C$DW$327, DW_AT_TI_symbol_name("_WDCLKSRCSEL")
    4915                      .dwattr $C$DW$327, DW_AT_bit_offset(0x0d), DW_AT_bit_size(0x01)
    4916                      .dwattr $C$DW$327, DW_AT_data_member_location[DW_OP_plus_uconst 0x0]
    4917                      .dwattr $C$DW$327, DW_AT_accessibility(DW_ACCESS_public)
    4918              $C$DW$328       .dwtag  DW_TAG_member
    4919                      .dwattr $C$DW$328, DW_AT_type(*$C$DW$T$20)
    4920                      .dwattr $C$DW$328, DW_AT_name("TMR2CLKSRCSEL")
    4921                      .dwattr $C$DW$328, DW_AT_TI_symbol_name("_TMR2CLKSRCSEL")
    4922                      .dwattr $C$DW$328, DW_AT_bit_offset(0x0b), DW_AT_bit_size(0x02)
    4923                      .dwattr $C$DW$328, DW_AT_data_member_location[DW_OP_plus_uconst 0x0]
    4924                      .dwattr $C$DW$328, DW_AT_accessibility(DW_ACCESS_public)
    4925              $C$DW$329       .dwtag  DW_TAG_member
    4926                      .dwattr $C$DW$329, DW_AT_type(*$C$DW$T$20)
    4927                      .dwattr $C$DW$329, DW_AT_name("TMR2CLKPRESCALE")
    4928                      .dwattr $C$DW$329, DW_AT_TI_symbol_name("_TMR2CLKPRESCALE")
    4929                      .dwattr $C$DW$329, DW_AT_bit_offset(0x08), DW_AT_bit_size(0x03)
    4930                      .dwattr $C$DW$329, DW_AT_data_member_location[DW_OP_plus_uconst 0x0]
    4931                      .dwattr $C$DW$329, DW_AT_accessibility(DW_ACCESS_public)
    4932              $C$DW$330       .dwtag  DW_TAG_member
    4933                      .dwattr $C$DW$330, DW_AT_type(*$C$DW$T$20)
    4934                      .dwattr $C$DW$330, DW_AT_name("INTOSC1OFF")
    4935                      .dwattr $C$DW$330, DW_AT_TI_symbol_name("_INTOSC1OFF")
TMS320C2000 Assembler PC v6.1.0 Fri Feb 14 09:23:40 2020

Tools Copyright (c) 1996-2012 Texas Instruments Incorporated
F:/Work/Code Area/Combis/Bootloader/Example_Flash2806x_API21_Combi/Example_Flash2806x_API21_Combi/Example_Flash2806x_API/Debug/Example_Flash2806x_API.asm PAGE   96

    4936                      .dwattr $C$DW$330, DW_AT_bit_offset(0x07), DW_AT_bit_size(0x01)
    4937                      .dwattr $C$DW$330, DW_AT_data_member_location[DW_OP_plus_uconst 0x0]
    4938                      .dwattr $C$DW$330, DW_AT_accessibility(DW_ACCESS_public)
    4939              $C$DW$331       .dwtag  DW_TAG_member
    4940                      .dwattr $C$DW$331, DW_AT_type(*$C$DW$T$20)
    4941                      .dwattr $C$DW$331, DW_AT_name("INTOSC1HALTI")
    4942                      .dwattr $C$DW$331, DW_AT_TI_symbol_name("_INTOSC1HALTI")
    4943                      .dwattr $C$DW$331, DW_AT_bit_offset(0x06), DW_AT_bit_size(0x01)
    4944                      .dwattr $C$DW$331, DW_AT_data_member_location[DW_OP_plus_uconst 0x0]
    4945                      .dwattr $C$DW$331, DW_AT_accessibility(DW_ACCESS_public)
    4946              $C$DW$332       .dwtag  DW_TAG_member
    4947                      .dwattr $C$DW$332, DW_AT_type(*$C$DW$T$20)
    4948                      .dwattr $C$DW$332, DW_AT_name("INTOSC2OFF")
    4949                      .dwattr $C$DW$332, DW_AT_TI_symbol_name("_INTOSC2OFF")
    4950                      .dwattr $C$DW$332, DW_AT_bit_offset(0x05), DW_AT_bit_size(0x01)
    4951                      .dwattr $C$DW$332, DW_AT_data_member_location[DW_OP_plus_uconst 0x0]
    4952                      .dwattr $C$DW$332, DW_AT_accessibility(DW_ACCESS_public)
    4953              $C$DW$333       .dwtag  DW_TAG_member
    4954                      .dwattr $C$DW$333, DW_AT_type(*$C$DW$T$20)
    4955                      .dwattr $C$DW$333, DW_AT_name("INTOSC2HALTI")
    4956                      .dwattr $C$DW$333, DW_AT_TI_symbol_name("_INTOSC2HALTI")
    4957                      .dwattr $C$DW$333, DW_AT_bit_offset(0x04), DW_AT_bit_size(0x01)
    4958                      .dwattr $C$DW$333, DW_AT_data_member_location[DW_OP_plus_uconst 0x0]
    4959                      .dwattr $C$DW$333, DW_AT_accessibility(DW_ACCESS_public)
    4960              $C$DW$334       .dwtag  DW_TAG_member
    4961                      .dwattr $C$DW$334, DW_AT_type(*$C$DW$T$20)
    4962                      .dwattr $C$DW$334, DW_AT_name("WDHALTI")
    4963                      .dwattr $C$DW$334, DW_AT_TI_symbol_name("_WDHALTI")
    4964                      .dwattr $C$DW$334, DW_AT_bit_offset(0x03), DW_AT_bit_size(0x01)
    4965                      .dwattr $C$DW$334, DW_AT_data_member_location[DW_OP_plus_uconst 0x0]
    4966                      .dwattr $C$DW$334, DW_AT_accessibility(DW_ACCESS_public)
    4967              $C$DW$335       .dwtag  DW_TAG_member
    4968                      .dwattr $C$DW$335, DW_AT_type(*$C$DW$T$20)
    4969                      .dwattr $C$DW$335, DW_AT_name("XCLKINOFF")
    4970                      .dwattr $C$DW$335, DW_AT_TI_symbol_name("_XCLKINOFF")
    4971                      .dwattr $C$DW$335, DW_AT_bit_offset(0x02), DW_AT_bit_size(0x01)
    4972                      .dwattr $C$DW$335, DW_AT_data_member_location[DW_OP_plus_uconst 0x0]
    4973                      .dwattr $C$DW$335, DW_AT_accessibility(DW_ACCESS_public)
    4974              $C$DW$336       .dwtag  DW_TAG_member
    4975                      .dwattr $C$DW$336, DW_AT_type(*$C$DW$T$20)
    4976                      .dwattr $C$DW$336, DW_AT_name("XTALOSCOFF")
    4977                      .dwattr $C$DW$336, DW_AT_TI_symbol_name("_XTALOSCOFF")
    4978                      .dwattr $C$DW$336, DW_AT_bit_offset(0x01), DW_AT_bit_size(0x01)
    4979                      .dwattr $C$DW$336, DW_AT_data_member_location[DW_OP_plus_uconst 0x0]
    4980                      .dwattr $C$DW$336, DW_AT_accessibility(DW_ACCESS_public)
    4981              $C$DW$337       .dwtag  DW_TAG_member
    4982                      .dwattr $C$DW$337, DW_AT_type(*$C$DW$T$20)
    4983                      .dwattr $C$DW$337, DW_AT_name("NMIRESETSEL")
    4984                      .dwattr $C$DW$337, DW_AT_TI_symbol_name("_NMIRESETSEL")
    4985                      .dwattr $C$DW$337, DW_AT_bit_offset(0x00), DW_AT_bit_size(0x01)
    4986                      .dwattr $C$DW$337, DW_AT_data_member_location[DW_OP_plus_uconst 0x0]
    4987                      .dwattr $C$DW$337, DW_AT_accessibility(DW_ACCESS_public)
    4988                      .dwendtag $C$DW$T$32
    4989              
    4990              
TMS320C2000 Assembler PC v6.1.0 Fri Feb 14 09:23:40 2020

Tools Copyright (c) 1996-2012 Texas Instruments Incorporated
F:/Work/Code Area/Combis/Bootloader/Example_Flash2806x_API21_Combi/Example_Flash2806x_API21_Combi/Example_Flash2806x_API/Debug/Example_Flash2806x_API.asm PAGE   97

    4991              $C$DW$T$33      .dwtag  DW_TAG_union_type
    4992                      .dwattr $C$DW$T$33, DW_AT_name("CLKCTL_REG")
    4993                      .dwattr $C$DW$T$33, DW_AT_byte_size(0x01)
    4994              $C$DW$338       .dwtag  DW_TAG_member
    4995                      .dwattr $C$DW$338, DW_AT_type(*$C$DW$T$20)
    4996                      .dwattr $C$DW$338, DW_AT_name("all")
    4997                      .dwattr $C$DW$338, DW_AT_TI_symbol_name("_all")
    4998                      .dwattr $C$DW$338, DW_AT_data_member_location[DW_OP_plus_uconst 0x0]
    4999                      .dwattr $C$DW$338, DW_AT_accessibility(DW_ACCESS_public)
    5000              $C$DW$339       .dwtag  DW_TAG_member
    5001                      .dwattr $C$DW$339, DW_AT_type(*$C$DW$T$32)
    5002                      .dwattr $C$DW$339, DW_AT_name("bit")
    5003                      .dwattr $C$DW$339, DW_AT_TI_symbol_name("_bit")
    5004                      .dwattr $C$DW$339, DW_AT_data_member_location[DW_OP_plus_uconst 0x0]
    5005                      .dwattr $C$DW$339, DW_AT_accessibility(DW_ACCESS_public)
    5006                      .dwendtag $C$DW$T$33
    5007              
    5008              
    5009              $C$DW$T$34      .dwtag  DW_TAG_structure_type
    5010                      .dwattr $C$DW$T$34, DW_AT_name("CSMSCR_BITS")
    5011                      .dwattr $C$DW$T$34, DW_AT_byte_size(0x01)
    5012              $C$DW$340       .dwtag  DW_TAG_member
    5013                      .dwattr $C$DW$340, DW_AT_type(*$C$DW$T$20)
    5014                      .dwattr $C$DW$340, DW_AT_name("SECURE")
    5015                      .dwattr $C$DW$340, DW_AT_TI_symbol_name("_SECURE")
    5016                      .dwattr $C$DW$340, DW_AT_bit_offset(0x0f), DW_AT_bit_size(0x01)
    5017                      .dwattr $C$DW$340, DW_AT_data_member_location[DW_OP_plus_uconst 0x0]
    5018                      .dwattr $C$DW$340, DW_AT_accessibility(DW_ACCESS_public)
    5019              $C$DW$341       .dwtag  DW_TAG_member
    5020                      .dwattr $C$DW$341, DW_AT_type(*$C$DW$T$20)
    5021                      .dwattr $C$DW$341, DW_AT_name("rsvd1")
    5022                      .dwattr $C$DW$341, DW_AT_TI_symbol_name("_rsvd1")
    5023                      .dwattr $C$DW$341, DW_AT_bit_offset(0x01), DW_AT_bit_size(0x0e)
    5024                      .dwattr $C$DW$341, DW_AT_data_member_location[DW_OP_plus_uconst 0x0]
    5025                      .dwattr $C$DW$341, DW_AT_accessibility(DW_ACCESS_public)
    5026              $C$DW$342       .dwtag  DW_TAG_member
    5027                      .dwattr $C$DW$342, DW_AT_type(*$C$DW$T$20)
    5028                      .dwattr $C$DW$342, DW_AT_name("FORCESEC")
    5029                      .dwattr $C$DW$342, DW_AT_TI_symbol_name("_FORCESEC")
    5030                      .dwattr $C$DW$342, DW_AT_bit_offset(0x00), DW_AT_bit_size(0x01)
    5031                      .dwattr $C$DW$342, DW_AT_data_member_location[DW_OP_plus_uconst 0x0]
    5032                      .dwattr $C$DW$342, DW_AT_accessibility(DW_ACCESS_public)
    5033                      .dwendtag $C$DW$T$34
    5034              
    5035              
    5036              $C$DW$T$35      .dwtag  DW_TAG_union_type
    5037                      .dwattr $C$DW$T$35, DW_AT_name("CSMSCR_REG")
    5038                      .dwattr $C$DW$T$35, DW_AT_byte_size(0x01)
    5039              $C$DW$343       .dwtag  DW_TAG_member
    5040                      .dwattr $C$DW$343, DW_AT_type(*$C$DW$T$20)
    5041                      .dwattr $C$DW$343, DW_AT_name("all")
    5042                      .dwattr $C$DW$343, DW_AT_TI_symbol_name("_all")
    5043                      .dwattr $C$DW$343, DW_AT_data_member_location[DW_OP_plus_uconst 0x0]
    5044                      .dwattr $C$DW$343, DW_AT_accessibility(DW_ACCESS_public)
    5045              $C$DW$344       .dwtag  DW_TAG_member
TMS320C2000 Assembler PC v6.1.0 Fri Feb 14 09:23:40 2020

Tools Copyright (c) 1996-2012 Texas Instruments Incorporated
F:/Work/Code Area/Combis/Bootloader/Example_Flash2806x_API21_Combi/Example_Flash2806x_API21_Combi/Example_Flash2806x_API/Debug/Example_Flash2806x_API.asm PAGE   98

    5046                      .dwattr $C$DW$344, DW_AT_type(*$C$DW$T$34)
    5047                      .dwattr $C$DW$344, DW_AT_name("bit")
    5048                      .dwattr $C$DW$344, DW_AT_TI_symbol_name("_bit")
    5049                      .dwattr $C$DW$344, DW_AT_data_member_location[DW_OP_plus_uconst 0x0]
    5050                      .dwattr $C$DW$344, DW_AT_accessibility(DW_ACCESS_public)
    5051                      .dwendtag $C$DW$T$35
    5052              
    5053              
    5054              $C$DW$T$36      .dwtag  DW_TAG_structure_type
    5055                      .dwattr $C$DW$T$36, DW_AT_name("CSM_PWL")
    5056                      .dwattr $C$DW$T$36, DW_AT_byte_size(0x08)
    5057              $C$DW$345       .dwtag  DW_TAG_member
    5058                      .dwattr $C$DW$345, DW_AT_type(*$C$DW$T$20)
    5059                      .dwattr $C$DW$345, DW_AT_name("PSWD0")
    5060                      .dwattr $C$DW$345, DW_AT_TI_symbol_name("_PSWD0")
    5061                      .dwattr $C$DW$345, DW_AT_data_member_location[DW_OP_plus_uconst 0x0]
    5062                      .dwattr $C$DW$345, DW_AT_accessibility(DW_ACCESS_public)
    5063              $C$DW$346       .dwtag  DW_TAG_member
    5064                      .dwattr $C$DW$346, DW_AT_type(*$C$DW$T$20)
    5065                      .dwattr $C$DW$346, DW_AT_name("PSWD1")
    5066                      .dwattr $C$DW$346, DW_AT_TI_symbol_name("_PSWD1")
    5067                      .dwattr $C$DW$346, DW_AT_data_member_location[DW_OP_plus_uconst 0x1]
    5068                      .dwattr $C$DW$346, DW_AT_accessibility(DW_ACCESS_public)
    5069              $C$DW$347       .dwtag  DW_TAG_member
    5070                      .dwattr $C$DW$347, DW_AT_type(*$C$DW$T$20)
    5071                      .dwattr $C$DW$347, DW_AT_name("PSWD2")
    5072                      .dwattr $C$DW$347, DW_AT_TI_symbol_name("_PSWD2")
    5073                      .dwattr $C$DW$347, DW_AT_data_member_location[DW_OP_plus_uconst 0x2]
    5074                      .dwattr $C$DW$347, DW_AT_accessibility(DW_ACCESS_public)
    5075              $C$DW$348       .dwtag  DW_TAG_member
    5076                      .dwattr $C$DW$348, DW_AT_type(*$C$DW$T$20)
    5077                      .dwattr $C$DW$348, DW_AT_name("PSWD3")
    5078                      .dwattr $C$DW$348, DW_AT_TI_symbol_name("_PSWD3")
    5079                      .dwattr $C$DW$348, DW_AT_data_member_location[DW_OP_plus_uconst 0x3]
    5080                      .dwattr $C$DW$348, DW_AT_accessibility(DW_ACCESS_public)
    5081              $C$DW$349       .dwtag  DW_TAG_member
    5082                      .dwattr $C$DW$349, DW_AT_type(*$C$DW$T$20)
    5083                      .dwattr $C$DW$349, DW_AT_name("PSWD4")
    5084                      .dwattr $C$DW$349, DW_AT_TI_symbol_name("_PSWD4")
    5085                      .dwattr $C$DW$349, DW_AT_data_member_location[DW_OP_plus_uconst 0x4]
    5086                      .dwattr $C$DW$349, DW_AT_accessibility(DW_ACCESS_public)
    5087              $C$DW$350       .dwtag  DW_TAG_member
    5088                      .dwattr $C$DW$350, DW_AT_type(*$C$DW$T$20)
    5089                      .dwattr $C$DW$350, DW_AT_name("PSWD5")
    5090                      .dwattr $C$DW$350, DW_AT_TI_symbol_name("_PSWD5")
    5091                      .dwattr $C$DW$350, DW_AT_data_member_location[DW_OP_plus_uconst 0x5]
    5092                      .dwattr $C$DW$350, DW_AT_accessibility(DW_ACCESS_public)
    5093              $C$DW$351       .dwtag  DW_TAG_member
    5094                      .dwattr $C$DW$351, DW_AT_type(*$C$DW$T$20)
    5095                      .dwattr $C$DW$351, DW_AT_name("PSWD6")
    5096                      .dwattr $C$DW$351, DW_AT_TI_symbol_name("_PSWD6")
    5097                      .dwattr $C$DW$351, DW_AT_data_member_location[DW_OP_plus_uconst 0x6]
    5098                      .dwattr $C$DW$351, DW_AT_accessibility(DW_ACCESS_public)
    5099              $C$DW$352       .dwtag  DW_TAG_member
    5100                      .dwattr $C$DW$352, DW_AT_type(*$C$DW$T$20)
TMS320C2000 Assembler PC v6.1.0 Fri Feb 14 09:23:40 2020

Tools Copyright (c) 1996-2012 Texas Instruments Incorporated
F:/Work/Code Area/Combis/Bootloader/Example_Flash2806x_API21_Combi/Example_Flash2806x_API21_Combi/Example_Flash2806x_API/Debug/Example_Flash2806x_API.asm PAGE   99

    5101                      .dwattr $C$DW$352, DW_AT_name("PSWD7")
    5102                      .dwattr $C$DW$352, DW_AT_TI_symbol_name("_PSWD7")
    5103                      .dwattr $C$DW$352, DW_AT_data_member_location[DW_OP_plus_uconst 0x7]
    5104                      .dwattr $C$DW$352, DW_AT_accessibility(DW_ACCESS_public)
    5105                      .dwendtag $C$DW$T$36
    5106              
    5107              $C$DW$353       .dwtag  DW_TAG_TI_far_type
    5108                      .dwattr $C$DW$353, DW_AT_type(*$C$DW$T$36)
    5109              $C$DW$T$113     .dwtag  DW_TAG_volatile_type
    5110                      .dwattr $C$DW$T$113, DW_AT_type(*$C$DW$353)
    5111              
    5112              $C$DW$T$37      .dwtag  DW_TAG_structure_type
    5113                      .dwattr $C$DW$T$37, DW_AT_name("CSM_REGS")
    5114                      .dwattr $C$DW$T$37, DW_AT_byte_size(0x10)
    5115              $C$DW$354       .dwtag  DW_TAG_member
    5116                      .dwattr $C$DW$354, DW_AT_type(*$C$DW$T$20)
    5117                      .dwattr $C$DW$354, DW_AT_name("KEY0")
    5118                      .dwattr $C$DW$354, DW_AT_TI_symbol_name("_KEY0")
    5119                      .dwattr $C$DW$354, DW_AT_data_member_location[DW_OP_plus_uconst 0x0]
    5120                      .dwattr $C$DW$354, DW_AT_accessibility(DW_ACCESS_public)
    5121              $C$DW$355       .dwtag  DW_TAG_member
    5122                      .dwattr $C$DW$355, DW_AT_type(*$C$DW$T$20)
    5123                      .dwattr $C$DW$355, DW_AT_name("KEY1")
    5124                      .dwattr $C$DW$355, DW_AT_TI_symbol_name("_KEY1")
    5125                      .dwattr $C$DW$355, DW_AT_data_member_location[DW_OP_plus_uconst 0x1]
    5126                      .dwattr $C$DW$355, DW_AT_accessibility(DW_ACCESS_public)
    5127              $C$DW$356       .dwtag  DW_TAG_member
    5128                      .dwattr $C$DW$356, DW_AT_type(*$C$DW$T$20)
    5129                      .dwattr $C$DW$356, DW_AT_name("KEY2")
    5130                      .dwattr $C$DW$356, DW_AT_TI_symbol_name("_KEY2")
    5131                      .dwattr $C$DW$356, DW_AT_data_member_location[DW_OP_plus_uconst 0x2]
    5132                      .dwattr $C$DW$356, DW_AT_accessibility(DW_ACCESS_public)
    5133              $C$DW$357       .dwtag  DW_TAG_member
    5134                      .dwattr $C$DW$357, DW_AT_type(*$C$DW$T$20)
    5135                      .dwattr $C$DW$357, DW_AT_name("KEY3")
    5136                      .dwattr $C$DW$357, DW_AT_TI_symbol_name("_KEY3")
    5137                      .dwattr $C$DW$357, DW_AT_data_member_location[DW_OP_plus_uconst 0x3]
    5138                      .dwattr $C$DW$357, DW_AT_accessibility(DW_ACCESS_public)
    5139              $C$DW$358       .dwtag  DW_TAG_member
    5140                      .dwattr $C$DW$358, DW_AT_type(*$C$DW$T$20)
    5141                      .dwattr $C$DW$358, DW_AT_name("KEY4")
    5142                      .dwattr $C$DW$358, DW_AT_TI_symbol_name("_KEY4")
    5143                      .dwattr $C$DW$358, DW_AT_data_member_location[DW_OP_plus_uconst 0x4]
    5144                      .dwattr $C$DW$358, DW_AT_accessibility(DW_ACCESS_public)
    5145              $C$DW$359       .dwtag  DW_TAG_member
    5146                      .dwattr $C$DW$359, DW_AT_type(*$C$DW$T$20)
    5147                      .dwattr $C$DW$359, DW_AT_name("KEY5")
    5148                      .dwattr $C$DW$359, DW_AT_TI_symbol_name("_KEY5")
    5149                      .dwattr $C$DW$359, DW_AT_data_member_location[DW_OP_plus_uconst 0x5]
    5150                      .dwattr $C$DW$359, DW_AT_accessibility(DW_ACCESS_public)
    5151              $C$DW$360       .dwtag  DW_TAG_member
    5152                      .dwattr $C$DW$360, DW_AT_type(*$C$DW$T$20)
    5153                      .dwattr $C$DW$360, DW_AT_name("KEY6")
    5154                      .dwattr $C$DW$360, DW_AT_TI_symbol_name("_KEY6")
    5155                      .dwattr $C$DW$360, DW_AT_data_member_location[DW_OP_plus_uconst 0x6]
TMS320C2000 Assembler PC v6.1.0 Fri Feb 14 09:23:40 2020

Tools Copyright (c) 1996-2012 Texas Instruments Incorporated
F:/Work/Code Area/Combis/Bootloader/Example_Flash2806x_API21_Combi/Example_Flash2806x_API21_Combi/Example_Flash2806x_API/Debug/Example_Flash2806x_API.asm PAGE  100

    5156                      .dwattr $C$DW$360, DW_AT_accessibility(DW_ACCESS_public)
    5157              $C$DW$361       .dwtag  DW_TAG_member
    5158                      .dwattr $C$DW$361, DW_AT_type(*$C$DW$T$20)
    5159                      .dwattr $C$DW$361, DW_AT_name("KEY7")
    5160                      .dwattr $C$DW$361, DW_AT_TI_symbol_name("_KEY7")
    5161                      .dwattr $C$DW$361, DW_AT_data_member_location[DW_OP_plus_uconst 0x7]
    5162                      .dwattr $C$DW$361, DW_AT_accessibility(DW_ACCESS_public)
    5163              $C$DW$362       .dwtag  DW_TAG_member
    5164                      .dwattr $C$DW$362, DW_AT_type(*$C$DW$T$20)
    5165                      .dwattr $C$DW$362, DW_AT_name("rsvd1")
    5166                      .dwattr $C$DW$362, DW_AT_TI_symbol_name("_rsvd1")
    5167                      .dwattr $C$DW$362, DW_AT_data_member_location[DW_OP_plus_uconst 0x8]
    5168                      .dwattr $C$DW$362, DW_AT_accessibility(DW_ACCESS_public)
    5169              $C$DW$363       .dwtag  DW_TAG_member
    5170                      .dwattr $C$DW$363, DW_AT_type(*$C$DW$T$20)
    5171                      .dwattr $C$DW$363, DW_AT_name("rsvd2")
    5172                      .dwattr $C$DW$363, DW_AT_TI_symbol_name("_rsvd2")
    5173                      .dwattr $C$DW$363, DW_AT_data_member_location[DW_OP_plus_uconst 0x9]
    5174                      .dwattr $C$DW$363, DW_AT_accessibility(DW_ACCESS_public)
    5175              $C$DW$364       .dwtag  DW_TAG_member
    5176                      .dwattr $C$DW$364, DW_AT_type(*$C$DW$T$20)
    5177                      .dwattr $C$DW$364, DW_AT_name("rsvd3")
    5178                      .dwattr $C$DW$364, DW_AT_TI_symbol_name("_rsvd3")
    5179                      .dwattr $C$DW$364, DW_AT_data_member_location[DW_OP_plus_uconst 0xa]
    5180                      .dwattr $C$DW$364, DW_AT_accessibility(DW_ACCESS_public)
    5181              $C$DW$365       .dwtag  DW_TAG_member
    5182                      .dwattr $C$DW$365, DW_AT_type(*$C$DW$T$20)
    5183                      .dwattr $C$DW$365, DW_AT_name("rsvd4")
    5184                      .dwattr $C$DW$365, DW_AT_TI_symbol_name("_rsvd4")
    5185                      .dwattr $C$DW$365, DW_AT_data_member_location[DW_OP_plus_uconst 0xb]
    5186                      .dwattr $C$DW$365, DW_AT_accessibility(DW_ACCESS_public)
    5187              $C$DW$366       .dwtag  DW_TAG_member
    5188                      .dwattr $C$DW$366, DW_AT_type(*$C$DW$T$20)
    5189                      .dwattr $C$DW$366, DW_AT_name("rsvd5")
    5190                      .dwattr $C$DW$366, DW_AT_TI_symbol_name("_rsvd5")
    5191                      .dwattr $C$DW$366, DW_AT_data_member_location[DW_OP_plus_uconst 0xc]
    5192                      .dwattr $C$DW$366, DW_AT_accessibility(DW_ACCESS_public)
    5193              $C$DW$367       .dwtag  DW_TAG_member
    5194                      .dwattr $C$DW$367, DW_AT_type(*$C$DW$T$20)
    5195                      .dwattr $C$DW$367, DW_AT_name("rsvd6")
    5196                      .dwattr $C$DW$367, DW_AT_TI_symbol_name("_rsvd6")
    5197                      .dwattr $C$DW$367, DW_AT_data_member_location[DW_OP_plus_uconst 0xd]
    5198                      .dwattr $C$DW$367, DW_AT_accessibility(DW_ACCESS_public)
    5199              $C$DW$368       .dwtag  DW_TAG_member
    5200                      .dwattr $C$DW$368, DW_AT_type(*$C$DW$T$20)
    5201                      .dwattr $C$DW$368, DW_AT_name("rsvd7")
    5202                      .dwattr $C$DW$368, DW_AT_TI_symbol_name("_rsvd7")
    5203                      .dwattr $C$DW$368, DW_AT_data_member_location[DW_OP_plus_uconst 0xe]
    5204                      .dwattr $C$DW$368, DW_AT_accessibility(DW_ACCESS_public)
    5205              $C$DW$369       .dwtag  DW_TAG_member
    5206                      .dwattr $C$DW$369, DW_AT_type(*$C$DW$T$35)
    5207                      .dwattr $C$DW$369, DW_AT_name("CSMSCR")
    5208                      .dwattr $C$DW$369, DW_AT_TI_symbol_name("_CSMSCR")
    5209                      .dwattr $C$DW$369, DW_AT_data_member_location[DW_OP_plus_uconst 0xf]
    5210                      .dwattr $C$DW$369, DW_AT_accessibility(DW_ACCESS_public)
TMS320C2000 Assembler PC v6.1.0 Fri Feb 14 09:23:40 2020

Tools Copyright (c) 1996-2012 Texas Instruments Incorporated
F:/Work/Code Area/Combis/Bootloader/Example_Flash2806x_API21_Combi/Example_Flash2806x_API21_Combi/Example_Flash2806x_API/Debug/Example_Flash2806x_API.asm PAGE  101

    5211                      .dwendtag $C$DW$T$37
    5212              
    5213              $C$DW$370       .dwtag  DW_TAG_TI_far_type
    5214                      .dwattr $C$DW$370, DW_AT_type(*$C$DW$T$37)
    5215              $C$DW$T$114     .dwtag  DW_TAG_volatile_type
    5216                      .dwattr $C$DW$T$114, DW_AT_type(*$C$DW$370)
    5217              
    5218              $C$DW$T$38      .dwtag  DW_TAG_structure_type
    5219                      .dwattr $C$DW$T$38, DW_AT_name("EPWMCFG_BITS")
    5220                      .dwattr $C$DW$T$38, DW_AT_byte_size(0x01)
    5221              $C$DW$371       .dwtag  DW_TAG_member
    5222                      .dwattr $C$DW$371, DW_AT_type(*$C$DW$T$20)
    5223                      .dwattr $C$DW$371, DW_AT_name("CONFIG")
    5224                      .dwattr $C$DW$371, DW_AT_TI_symbol_name("_CONFIG")
    5225                      .dwattr $C$DW$371, DW_AT_bit_offset(0x0f), DW_AT_bit_size(0x01)
    5226                      .dwattr $C$DW$371, DW_AT_data_member_location[DW_OP_plus_uconst 0x0]
    5227                      .dwattr $C$DW$371, DW_AT_accessibility(DW_ACCESS_public)
    5228              $C$DW$372       .dwtag  DW_TAG_member
    5229                      .dwattr $C$DW$372, DW_AT_type(*$C$DW$T$20)
    5230                      .dwattr $C$DW$372, DW_AT_name("rsvd1")
    5231                      .dwattr $C$DW$372, DW_AT_TI_symbol_name("_rsvd1")
    5232                      .dwattr $C$DW$372, DW_AT_bit_offset(0x00), DW_AT_bit_size(0x0f)
    5233                      .dwattr $C$DW$372, DW_AT_data_member_location[DW_OP_plus_uconst 0x0]
    5234                      .dwattr $C$DW$372, DW_AT_accessibility(DW_ACCESS_public)
    5235                      .dwendtag $C$DW$T$38
    5236              
    5237              
    5238              $C$DW$T$39      .dwtag  DW_TAG_union_type
    5239                      .dwattr $C$DW$T$39, DW_AT_name("EPWMCFG_REG")
    5240                      .dwattr $C$DW$T$39, DW_AT_byte_size(0x01)
    5241              $C$DW$373       .dwtag  DW_TAG_member
    5242                      .dwattr $C$DW$373, DW_AT_type(*$C$DW$T$20)
    5243                      .dwattr $C$DW$373, DW_AT_name("all")
    5244                      .dwattr $C$DW$373, DW_AT_TI_symbol_name("_all")
    5245                      .dwattr $C$DW$373, DW_AT_data_member_location[DW_OP_plus_uconst 0x0]
    5246                      .dwattr $C$DW$373, DW_AT_accessibility(DW_ACCESS_public)
    5247              $C$DW$374       .dwtag  DW_TAG_member
    5248                      .dwattr $C$DW$374, DW_AT_type(*$C$DW$T$38)
    5249                      .dwattr $C$DW$374, DW_AT_name("bit")
    5250                      .dwattr $C$DW$374, DW_AT_TI_symbol_name("_bit")
    5251                      .dwattr $C$DW$374, DW_AT_data_member_location[DW_OP_plus_uconst 0x0]
    5252                      .dwattr $C$DW$374, DW_AT_accessibility(DW_ACCESS_public)
    5253                      .dwendtag $C$DW$T$39
    5254              
    5255              
    5256              $C$DW$T$40      .dwtag  DW_TAG_structure_type
    5257                      .dwattr $C$DW$T$40, DW_AT_name("GPA1_BITS")
    5258                      .dwattr $C$DW$T$40, DW_AT_byte_size(0x02)
    5259              $C$DW$375       .dwtag  DW_TAG_member
    5260                      .dwattr $C$DW$375, DW_AT_type(*$C$DW$T$20)
    5261                      .dwattr $C$DW$375, DW_AT_name("GPIO0")
    5262                      .dwattr $C$DW$375, DW_AT_TI_symbol_name("_GPIO0")
    5263                      .dwattr $C$DW$375, DW_AT_bit_offset(0x0e), DW_AT_bit_size(0x02)
    5264                      .dwattr $C$DW$375, DW_AT_data_member_location[DW_OP_plus_uconst 0x0]
    5265                      .dwattr $C$DW$375, DW_AT_accessibility(DW_ACCESS_public)
TMS320C2000 Assembler PC v6.1.0 Fri Feb 14 09:23:40 2020

Tools Copyright (c) 1996-2012 Texas Instruments Incorporated
F:/Work/Code Area/Combis/Bootloader/Example_Flash2806x_API21_Combi/Example_Flash2806x_API21_Combi/Example_Flash2806x_API/Debug/Example_Flash2806x_API.asm PAGE  102

    5266              $C$DW$376       .dwtag  DW_TAG_member
    5267                      .dwattr $C$DW$376, DW_AT_type(*$C$DW$T$20)
    5268                      .dwattr $C$DW$376, DW_AT_name("GPIO1")
    5269                      .dwattr $C$DW$376, DW_AT_TI_symbol_name("_GPIO1")
    5270                      .dwattr $C$DW$376, DW_AT_bit_offset(0x0c), DW_AT_bit_size(0x02)
    5271                      .dwattr $C$DW$376, DW_AT_data_member_location[DW_OP_plus_uconst 0x0]
    5272                      .dwattr $C$DW$376, DW_AT_accessibility(DW_ACCESS_public)
    5273              $C$DW$377       .dwtag  DW_TAG_member
    5274                      .dwattr $C$DW$377, DW_AT_type(*$C$DW$T$20)
    5275                      .dwattr $C$DW$377, DW_AT_name("GPIO2")
    5276                      .dwattr $C$DW$377, DW_AT_TI_symbol_name("_GPIO2")
    5277                      .dwattr $C$DW$377, DW_AT_bit_offset(0x0a), DW_AT_bit_size(0x02)
    5278                      .dwattr $C$DW$377, DW_AT_data_member_location[DW_OP_plus_uconst 0x0]
    5279                      .dwattr $C$DW$377, DW_AT_accessibility(DW_ACCESS_public)
    5280              $C$DW$378       .dwtag  DW_TAG_member
    5281                      .dwattr $C$DW$378, DW_AT_type(*$C$DW$T$20)
    5282                      .dwattr $C$DW$378, DW_AT_name("GPIO3")
    5283                      .dwattr $C$DW$378, DW_AT_TI_symbol_name("_GPIO3")
    5284                      .dwattr $C$DW$378, DW_AT_bit_offset(0x08), DW_AT_bit_size(0x02)
    5285                      .dwattr $C$DW$378, DW_AT_data_member_location[DW_OP_plus_uconst 0x0]
    5286                      .dwattr $C$DW$378, DW_AT_accessibility(DW_ACCESS_public)
    5287              $C$DW$379       .dwtag  DW_TAG_member
    5288                      .dwattr $C$DW$379, DW_AT_type(*$C$DW$T$20)
    5289                      .dwattr $C$DW$379, DW_AT_name("GPIO4")
    5290                      .dwattr $C$DW$379, DW_AT_TI_symbol_name("_GPIO4")
    5291                      .dwattr $C$DW$379, DW_AT_bit_offset(0x06), DW_AT_bit_size(0x02)
    5292                      .dwattr $C$DW$379, DW_AT_data_member_location[DW_OP_plus_uconst 0x0]
    5293                      .dwattr $C$DW$379, DW_AT_accessibility(DW_ACCESS_public)
    5294              $C$DW$380       .dwtag  DW_TAG_member
    5295                      .dwattr $C$DW$380, DW_AT_type(*$C$DW$T$20)
    5296                      .dwattr $C$DW$380, DW_AT_name("GPIO5")
    5297                      .dwattr $C$DW$380, DW_AT_TI_symbol_name("_GPIO5")
    5298                      .dwattr $C$DW$380, DW_AT_bit_offset(0x04), DW_AT_bit_size(0x02)
    5299                      .dwattr $C$DW$380, DW_AT_data_member_location[DW_OP_plus_uconst 0x0]
    5300                      .dwattr $C$DW$380, DW_AT_accessibility(DW_ACCESS_public)
    5301              $C$DW$381       .dwtag  DW_TAG_member
    5302                      .dwattr $C$DW$381, DW_AT_type(*$C$DW$T$20)
    5303                      .dwattr $C$DW$381, DW_AT_name("GPIO6")
    5304                      .dwattr $C$DW$381, DW_AT_TI_symbol_name("_GPIO6")
    5305                      .dwattr $C$DW$381, DW_AT_bit_offset(0x02), DW_AT_bit_size(0x02)
    5306                      .dwattr $C$DW$381, DW_AT_data_member_location[DW_OP_plus_uconst 0x0]
    5307                      .dwattr $C$DW$381, DW_AT_accessibility(DW_ACCESS_public)
    5308              $C$DW$382       .dwtag  DW_TAG_member
    5309                      .dwattr $C$DW$382, DW_AT_type(*$C$DW$T$20)
    5310                      .dwattr $C$DW$382, DW_AT_name("GPIO7")
    5311                      .dwattr $C$DW$382, DW_AT_TI_symbol_name("_GPIO7")
    5312                      .dwattr $C$DW$382, DW_AT_bit_offset(0x00), DW_AT_bit_size(0x02)
    5313                      .dwattr $C$DW$382, DW_AT_data_member_location[DW_OP_plus_uconst 0x0]
    5314                      .dwattr $C$DW$382, DW_AT_accessibility(DW_ACCESS_public)
    5315              $C$DW$383       .dwtag  DW_TAG_member
    5316                      .dwattr $C$DW$383, DW_AT_type(*$C$DW$T$20)
    5317                      .dwattr $C$DW$383, DW_AT_name("GPIO8")
    5318                      .dwattr $C$DW$383, DW_AT_TI_symbol_name("_GPIO8")
    5319                      .dwattr $C$DW$383, DW_AT_bit_offset(0x0e), DW_AT_bit_size(0x02)
    5320                      .dwattr $C$DW$383, DW_AT_data_member_location[DW_OP_plus_uconst 0x1]
TMS320C2000 Assembler PC v6.1.0 Fri Feb 14 09:23:40 2020

Tools Copyright (c) 1996-2012 Texas Instruments Incorporated
F:/Work/Code Area/Combis/Bootloader/Example_Flash2806x_API21_Combi/Example_Flash2806x_API21_Combi/Example_Flash2806x_API/Debug/Example_Flash2806x_API.asm PAGE  103

    5321                      .dwattr $C$DW$383, DW_AT_accessibility(DW_ACCESS_public)
    5322              $C$DW$384       .dwtag  DW_TAG_member
    5323                      .dwattr $C$DW$384, DW_AT_type(*$C$DW$T$20)
    5324                      .dwattr $C$DW$384, DW_AT_name("GPIO9")
    5325                      .dwattr $C$DW$384, DW_AT_TI_symbol_name("_GPIO9")
    5326                      .dwattr $C$DW$384, DW_AT_bit_offset(0x0c), DW_AT_bit_size(0x02)
    5327                      .dwattr $C$DW$384, DW_AT_data_member_location[DW_OP_plus_uconst 0x1]
    5328                      .dwattr $C$DW$384, DW_AT_accessibility(DW_ACCESS_public)
    5329              $C$DW$385       .dwtag  DW_TAG_member
    5330                      .dwattr $C$DW$385, DW_AT_type(*$C$DW$T$20)
    5331                      .dwattr $C$DW$385, DW_AT_name("GPIO10")
    5332                      .dwattr $C$DW$385, DW_AT_TI_symbol_name("_GPIO10")
    5333                      .dwattr $C$DW$385, DW_AT_bit_offset(0x0a), DW_AT_bit_size(0x02)
    5334                      .dwattr $C$DW$385, DW_AT_data_member_location[DW_OP_plus_uconst 0x1]
    5335                      .dwattr $C$DW$385, DW_AT_accessibility(DW_ACCESS_public)
    5336              $C$DW$386       .dwtag  DW_TAG_member
    5337                      .dwattr $C$DW$386, DW_AT_type(*$C$DW$T$20)
    5338                      .dwattr $C$DW$386, DW_AT_name("GPIO11")
    5339                      .dwattr $C$DW$386, DW_AT_TI_symbol_name("_GPIO11")
    5340                      .dwattr $C$DW$386, DW_AT_bit_offset(0x08), DW_AT_bit_size(0x02)
    5341                      .dwattr $C$DW$386, DW_AT_data_member_location[DW_OP_plus_uconst 0x1]
    5342                      .dwattr $C$DW$386, DW_AT_accessibility(DW_ACCESS_public)
    5343              $C$DW$387       .dwtag  DW_TAG_member
    5344                      .dwattr $C$DW$387, DW_AT_type(*$C$DW$T$20)
    5345                      .dwattr $C$DW$387, DW_AT_name("GPIO12")
    5346                      .dwattr $C$DW$387, DW_AT_TI_symbol_name("_GPIO12")
    5347                      .dwattr $C$DW$387, DW_AT_bit_offset(0x06), DW_AT_bit_size(0x02)
    5348                      .dwattr $C$DW$387, DW_AT_data_member_location[DW_OP_plus_uconst 0x1]
    5349                      .dwattr $C$DW$387, DW_AT_accessibility(DW_ACCESS_public)
    5350              $C$DW$388       .dwtag  DW_TAG_member
    5351                      .dwattr $C$DW$388, DW_AT_type(*$C$DW$T$20)
    5352                      .dwattr $C$DW$388, DW_AT_name("GPIO13")
    5353                      .dwattr $C$DW$388, DW_AT_TI_symbol_name("_GPIO13")
    5354                      .dwattr $C$DW$388, DW_AT_bit_offset(0x04), DW_AT_bit_size(0x02)
    5355                      .dwattr $C$DW$388, DW_AT_data_member_location[DW_OP_plus_uconst 0x1]
    5356                      .dwattr $C$DW$388, DW_AT_accessibility(DW_ACCESS_public)
    5357              $C$DW$389       .dwtag  DW_TAG_member
    5358                      .dwattr $C$DW$389, DW_AT_type(*$C$DW$T$20)
    5359                      .dwattr $C$DW$389, DW_AT_name("GPIO14")
    5360                      .dwattr $C$DW$389, DW_AT_TI_symbol_name("_GPIO14")
    5361                      .dwattr $C$DW$389, DW_AT_bit_offset(0x02), DW_AT_bit_size(0x02)
    5362                      .dwattr $C$DW$389, DW_AT_data_member_location[DW_OP_plus_uconst 0x1]
    5363                      .dwattr $C$DW$389, DW_AT_accessibility(DW_ACCESS_public)
    5364              $C$DW$390       .dwtag  DW_TAG_member
    5365                      .dwattr $C$DW$390, DW_AT_type(*$C$DW$T$20)
    5366                      .dwattr $C$DW$390, DW_AT_name("GPIO15")
    5367                      .dwattr $C$DW$390, DW_AT_TI_symbol_name("_GPIO15")
    5368                      .dwattr $C$DW$390, DW_AT_bit_offset(0x00), DW_AT_bit_size(0x02)
    5369                      .dwattr $C$DW$390, DW_AT_data_member_location[DW_OP_plus_uconst 0x1]
    5370                      .dwattr $C$DW$390, DW_AT_accessibility(DW_ACCESS_public)
    5371                      .dwendtag $C$DW$T$40
    5372              
    5373              
    5374              $C$DW$T$41      .dwtag  DW_TAG_union_type
    5375                      .dwattr $C$DW$T$41, DW_AT_name("GPA1_REG")
TMS320C2000 Assembler PC v6.1.0 Fri Feb 14 09:23:40 2020

Tools Copyright (c) 1996-2012 Texas Instruments Incorporated
F:/Work/Code Area/Combis/Bootloader/Example_Flash2806x_API21_Combi/Example_Flash2806x_API21_Combi/Example_Flash2806x_API/Debug/Example_Flash2806x_API.asm PAGE  104

    5376                      .dwattr $C$DW$T$41, DW_AT_byte_size(0x02)
    5377              $C$DW$391       .dwtag  DW_TAG_member
    5378                      .dwattr $C$DW$391, DW_AT_type(*$C$DW$T$19)
    5379                      .dwattr $C$DW$391, DW_AT_name("all")
    5380                      .dwattr $C$DW$391, DW_AT_TI_symbol_name("_all")
    5381                      .dwattr $C$DW$391, DW_AT_data_member_location[DW_OP_plus_uconst 0x0]
    5382                      .dwattr $C$DW$391, DW_AT_accessibility(DW_ACCESS_public)
    5383              $C$DW$392       .dwtag  DW_TAG_member
    5384                      .dwattr $C$DW$392, DW_AT_type(*$C$DW$T$40)
    5385                      .dwattr $C$DW$392, DW_AT_name("bit")
    5386                      .dwattr $C$DW$392, DW_AT_TI_symbol_name("_bit")
    5387                      .dwattr $C$DW$392, DW_AT_data_member_location[DW_OP_plus_uconst 0x0]
    5388                      .dwattr $C$DW$392, DW_AT_accessibility(DW_ACCESS_public)
    5389                      .dwendtag $C$DW$T$41
    5390              
    5391              
    5392              $C$DW$T$42      .dwtag  DW_TAG_structure_type
    5393                      .dwattr $C$DW$T$42, DW_AT_name("GPA2_BITS")
    5394                      .dwattr $C$DW$T$42, DW_AT_byte_size(0x02)
    5395              $C$DW$393       .dwtag  DW_TAG_member
    5396                      .dwattr $C$DW$393, DW_AT_type(*$C$DW$T$20)
    5397                      .dwattr $C$DW$393, DW_AT_name("GPIO16")
    5398                      .dwattr $C$DW$393, DW_AT_TI_symbol_name("_GPIO16")
    5399                      .dwattr $C$DW$393, DW_AT_bit_offset(0x0e), DW_AT_bit_size(0x02)
    5400                      .dwattr $C$DW$393, DW_AT_data_member_location[DW_OP_plus_uconst 0x0]
    5401                      .dwattr $C$DW$393, DW_AT_accessibility(DW_ACCESS_public)
    5402              $C$DW$394       .dwtag  DW_TAG_member
    5403                      .dwattr $C$DW$394, DW_AT_type(*$C$DW$T$20)
    5404                      .dwattr $C$DW$394, DW_AT_name("GPIO17")
    5405                      .dwattr $C$DW$394, DW_AT_TI_symbol_name("_GPIO17")
    5406                      .dwattr $C$DW$394, DW_AT_bit_offset(0x0c), DW_AT_bit_size(0x02)
    5407                      .dwattr $C$DW$394, DW_AT_data_member_location[DW_OP_plus_uconst 0x0]
    5408                      .dwattr $C$DW$394, DW_AT_accessibility(DW_ACCESS_public)
    5409              $C$DW$395       .dwtag  DW_TAG_member
    5410                      .dwattr $C$DW$395, DW_AT_type(*$C$DW$T$20)
    5411                      .dwattr $C$DW$395, DW_AT_name("GPIO18")
    5412                      .dwattr $C$DW$395, DW_AT_TI_symbol_name("_GPIO18")
    5413                      .dwattr $C$DW$395, DW_AT_bit_offset(0x0a), DW_AT_bit_size(0x02)
    5414                      .dwattr $C$DW$395, DW_AT_data_member_location[DW_OP_plus_uconst 0x0]
    5415                      .dwattr $C$DW$395, DW_AT_accessibility(DW_ACCESS_public)
    5416              $C$DW$396       .dwtag  DW_TAG_member
    5417                      .dwattr $C$DW$396, DW_AT_type(*$C$DW$T$20)
    5418                      .dwattr $C$DW$396, DW_AT_name("GPIO19")
    5419                      .dwattr $C$DW$396, DW_AT_TI_symbol_name("_GPIO19")
    5420                      .dwattr $C$DW$396, DW_AT_bit_offset(0x08), DW_AT_bit_size(0x02)
    5421                      .dwattr $C$DW$396, DW_AT_data_member_location[DW_OP_plus_uconst 0x0]
    5422                      .dwattr $C$DW$396, DW_AT_accessibility(DW_ACCESS_public)
    5423              $C$DW$397       .dwtag  DW_TAG_member
    5424                      .dwattr $C$DW$397, DW_AT_type(*$C$DW$T$20)
    5425                      .dwattr $C$DW$397, DW_AT_name("GPIO20")
    5426                      .dwattr $C$DW$397, DW_AT_TI_symbol_name("_GPIO20")
    5427                      .dwattr $C$DW$397, DW_AT_bit_offset(0x06), DW_AT_bit_size(0x02)
    5428                      .dwattr $C$DW$397, DW_AT_data_member_location[DW_OP_plus_uconst 0x0]
    5429                      .dwattr $C$DW$397, DW_AT_accessibility(DW_ACCESS_public)
    5430              $C$DW$398       .dwtag  DW_TAG_member
TMS320C2000 Assembler PC v6.1.0 Fri Feb 14 09:23:40 2020

Tools Copyright (c) 1996-2012 Texas Instruments Incorporated
F:/Work/Code Area/Combis/Bootloader/Example_Flash2806x_API21_Combi/Example_Flash2806x_API21_Combi/Example_Flash2806x_API/Debug/Example_Flash2806x_API.asm PAGE  105

    5431                      .dwattr $C$DW$398, DW_AT_type(*$C$DW$T$20)
    5432                      .dwattr $C$DW$398, DW_AT_name("GPIO21")
    5433                      .dwattr $C$DW$398, DW_AT_TI_symbol_name("_GPIO21")
    5434                      .dwattr $C$DW$398, DW_AT_bit_offset(0x04), DW_AT_bit_size(0x02)
    5435                      .dwattr $C$DW$398, DW_AT_data_member_location[DW_OP_plus_uconst 0x0]
    5436                      .dwattr $C$DW$398, DW_AT_accessibility(DW_ACCESS_public)
    5437              $C$DW$399       .dwtag  DW_TAG_member
    5438                      .dwattr $C$DW$399, DW_AT_type(*$C$DW$T$20)
    5439                      .dwattr $C$DW$399, DW_AT_name("GPIO22")
    5440                      .dwattr $C$DW$399, DW_AT_TI_symbol_name("_GPIO22")
    5441                      .dwattr $C$DW$399, DW_AT_bit_offset(0x02), DW_AT_bit_size(0x02)
    5442                      .dwattr $C$DW$399, DW_AT_data_member_location[DW_OP_plus_uconst 0x0]
    5443                      .dwattr $C$DW$399, DW_AT_accessibility(DW_ACCESS_public)
    5444              $C$DW$400       .dwtag  DW_TAG_member
    5445                      .dwattr $C$DW$400, DW_AT_type(*$C$DW$T$20)
    5446                      .dwattr $C$DW$400, DW_AT_name("GPIO23")
    5447                      .dwattr $C$DW$400, DW_AT_TI_symbol_name("_GPIO23")
    5448                      .dwattr $C$DW$400, DW_AT_bit_offset(0x00), DW_AT_bit_size(0x02)
    5449                      .dwattr $C$DW$400, DW_AT_data_member_location[DW_OP_plus_uconst 0x0]
    5450                      .dwattr $C$DW$400, DW_AT_accessibility(DW_ACCESS_public)
    5451              $C$DW$401       .dwtag  DW_TAG_member
    5452                      .dwattr $C$DW$401, DW_AT_type(*$C$DW$T$20)
    5453                      .dwattr $C$DW$401, DW_AT_name("GPIO24")
    5454                      .dwattr $C$DW$401, DW_AT_TI_symbol_name("_GPIO24")
    5455                      .dwattr $C$DW$401, DW_AT_bit_offset(0x0e), DW_AT_bit_size(0x02)
    5456                      .dwattr $C$DW$401, DW_AT_data_member_location[DW_OP_plus_uconst 0x1]
    5457                      .dwattr $C$DW$401, DW_AT_accessibility(DW_ACCESS_public)
    5458              $C$DW$402       .dwtag  DW_TAG_member
    5459                      .dwattr $C$DW$402, DW_AT_type(*$C$DW$T$20)
    5460                      .dwattr $C$DW$402, DW_AT_name("GPIO25")
    5461                      .dwattr $C$DW$402, DW_AT_TI_symbol_name("_GPIO25")
    5462                      .dwattr $C$DW$402, DW_AT_bit_offset(0x0c), DW_AT_bit_size(0x02)
    5463                      .dwattr $C$DW$402, DW_AT_data_member_location[DW_OP_plus_uconst 0x1]
    5464                      .dwattr $C$DW$402, DW_AT_accessibility(DW_ACCESS_public)
    5465              $C$DW$403       .dwtag  DW_TAG_member
    5466                      .dwattr $C$DW$403, DW_AT_type(*$C$DW$T$20)
    5467                      .dwattr $C$DW$403, DW_AT_name("GPIO26")
    5468                      .dwattr $C$DW$403, DW_AT_TI_symbol_name("_GPIO26")
    5469                      .dwattr $C$DW$403, DW_AT_bit_offset(0x0a), DW_AT_bit_size(0x02)
    5470                      .dwattr $C$DW$403, DW_AT_data_member_location[DW_OP_plus_uconst 0x1]
    5471                      .dwattr $C$DW$403, DW_AT_accessibility(DW_ACCESS_public)
    5472              $C$DW$404       .dwtag  DW_TAG_member
    5473                      .dwattr $C$DW$404, DW_AT_type(*$C$DW$T$20)
    5474                      .dwattr $C$DW$404, DW_AT_name("GPIO27")
    5475                      .dwattr $C$DW$404, DW_AT_TI_symbol_name("_GPIO27")
    5476                      .dwattr $C$DW$404, DW_AT_bit_offset(0x08), DW_AT_bit_size(0x02)
    5477                      .dwattr $C$DW$404, DW_AT_data_member_location[DW_OP_plus_uconst 0x1]
    5478                      .dwattr $C$DW$404, DW_AT_accessibility(DW_ACCESS_public)
    5479              $C$DW$405       .dwtag  DW_TAG_member
    5480                      .dwattr $C$DW$405, DW_AT_type(*$C$DW$T$20)
    5481                      .dwattr $C$DW$405, DW_AT_name("GPIO28")
    5482                      .dwattr $C$DW$405, DW_AT_TI_symbol_name("_GPIO28")
    5483                      .dwattr $C$DW$405, DW_AT_bit_offset(0x06), DW_AT_bit_size(0x02)
    5484                      .dwattr $C$DW$405, DW_AT_data_member_location[DW_OP_plus_uconst 0x1]
    5485                      .dwattr $C$DW$405, DW_AT_accessibility(DW_ACCESS_public)
TMS320C2000 Assembler PC v6.1.0 Fri Feb 14 09:23:40 2020

Tools Copyright (c) 1996-2012 Texas Instruments Incorporated
F:/Work/Code Area/Combis/Bootloader/Example_Flash2806x_API21_Combi/Example_Flash2806x_API21_Combi/Example_Flash2806x_API/Debug/Example_Flash2806x_API.asm PAGE  106

    5486              $C$DW$406       .dwtag  DW_TAG_member
    5487                      .dwattr $C$DW$406, DW_AT_type(*$C$DW$T$20)
    5488                      .dwattr $C$DW$406, DW_AT_name("GPIO29")
    5489                      .dwattr $C$DW$406, DW_AT_TI_symbol_name("_GPIO29")
    5490                      .dwattr $C$DW$406, DW_AT_bit_offset(0x04), DW_AT_bit_size(0x02)
    5491                      .dwattr $C$DW$406, DW_AT_data_member_location[DW_OP_plus_uconst 0x1]
    5492                      .dwattr $C$DW$406, DW_AT_accessibility(DW_ACCESS_public)
    5493              $C$DW$407       .dwtag  DW_TAG_member
    5494                      .dwattr $C$DW$407, DW_AT_type(*$C$DW$T$20)
    5495                      .dwattr $C$DW$407, DW_AT_name("GPIO30")
    5496                      .dwattr $C$DW$407, DW_AT_TI_symbol_name("_GPIO30")
    5497                      .dwattr $C$DW$407, DW_AT_bit_offset(0x02), DW_AT_bit_size(0x02)
    5498                      .dwattr $C$DW$407, DW_AT_data_member_location[DW_OP_plus_uconst 0x1]
    5499                      .dwattr $C$DW$407, DW_AT_accessibility(DW_ACCESS_public)
    5500              $C$DW$408       .dwtag  DW_TAG_member
    5501                      .dwattr $C$DW$408, DW_AT_type(*$C$DW$T$20)
    5502                      .dwattr $C$DW$408, DW_AT_name("GPIO31")
    5503                      .dwattr $C$DW$408, DW_AT_TI_symbol_name("_GPIO31")
    5504                      .dwattr $C$DW$408, DW_AT_bit_offset(0x00), DW_AT_bit_size(0x02)
    5505                      .dwattr $C$DW$408, DW_AT_data_member_location[DW_OP_plus_uconst 0x1]
    5506                      .dwattr $C$DW$408, DW_AT_accessibility(DW_ACCESS_public)
    5507                      .dwendtag $C$DW$T$42
    5508              
    5509              
    5510              $C$DW$T$43      .dwtag  DW_TAG_union_type
    5511                      .dwattr $C$DW$T$43, DW_AT_name("GPA2_REG")
    5512                      .dwattr $C$DW$T$43, DW_AT_byte_size(0x02)
    5513              $C$DW$409       .dwtag  DW_TAG_member
    5514                      .dwattr $C$DW$409, DW_AT_type(*$C$DW$T$19)
    5515                      .dwattr $C$DW$409, DW_AT_name("all")
    5516                      .dwattr $C$DW$409, DW_AT_TI_symbol_name("_all")
    5517                      .dwattr $C$DW$409, DW_AT_data_member_location[DW_OP_plus_uconst 0x0]
    5518                      .dwattr $C$DW$409, DW_AT_accessibility(DW_ACCESS_public)
    5519              $C$DW$410       .dwtag  DW_TAG_member
    5520                      .dwattr $C$DW$410, DW_AT_type(*$C$DW$T$42)
    5521                      .dwattr $C$DW$410, DW_AT_name("bit")
    5522                      .dwattr $C$DW$410, DW_AT_TI_symbol_name("_bit")
    5523                      .dwattr $C$DW$410, DW_AT_data_member_location[DW_OP_plus_uconst 0x0]
    5524                      .dwattr $C$DW$410, DW_AT_accessibility(DW_ACCESS_public)
    5525                      .dwendtag $C$DW$T$43
    5526              
    5527              
    5528              $C$DW$T$44      .dwtag  DW_TAG_structure_type
    5529                      .dwattr $C$DW$T$44, DW_AT_name("GPACTRL_BITS")
    5530                      .dwattr $C$DW$T$44, DW_AT_byte_size(0x02)
    5531              $C$DW$411       .dwtag  DW_TAG_member
    5532                      .dwattr $C$DW$411, DW_AT_type(*$C$DW$T$20)
    5533                      .dwattr $C$DW$411, DW_AT_name("QUALPRD0")
    5534                      .dwattr $C$DW$411, DW_AT_TI_symbol_name("_QUALPRD0")
    5535                      .dwattr $C$DW$411, DW_AT_bit_offset(0x08), DW_AT_bit_size(0x08)
    5536                      .dwattr $C$DW$411, DW_AT_data_member_location[DW_OP_plus_uconst 0x0]
    5537                      .dwattr $C$DW$411, DW_AT_accessibility(DW_ACCESS_public)
    5538              $C$DW$412       .dwtag  DW_TAG_member
    5539                      .dwattr $C$DW$412, DW_AT_type(*$C$DW$T$20)
    5540                      .dwattr $C$DW$412, DW_AT_name("QUALPRD1")
TMS320C2000 Assembler PC v6.1.0 Fri Feb 14 09:23:40 2020

Tools Copyright (c) 1996-2012 Texas Instruments Incorporated
F:/Work/Code Area/Combis/Bootloader/Example_Flash2806x_API21_Combi/Example_Flash2806x_API21_Combi/Example_Flash2806x_API/Debug/Example_Flash2806x_API.asm PAGE  107

    5541                      .dwattr $C$DW$412, DW_AT_TI_symbol_name("_QUALPRD1")
    5542                      .dwattr $C$DW$412, DW_AT_bit_offset(0x00), DW_AT_bit_size(0x08)
    5543                      .dwattr $C$DW$412, DW_AT_data_member_location[DW_OP_plus_uconst 0x0]
    5544                      .dwattr $C$DW$412, DW_AT_accessibility(DW_ACCESS_public)
    5545              $C$DW$413       .dwtag  DW_TAG_member
    5546                      .dwattr $C$DW$413, DW_AT_type(*$C$DW$T$20)
    5547                      .dwattr $C$DW$413, DW_AT_name("QUALPRD2")
    5548                      .dwattr $C$DW$413, DW_AT_TI_symbol_name("_QUALPRD2")
    5549                      .dwattr $C$DW$413, DW_AT_bit_offset(0x08), DW_AT_bit_size(0x08)
    5550                      .dwattr $C$DW$413, DW_AT_data_member_location[DW_OP_plus_uconst 0x1]
    5551                      .dwattr $C$DW$413, DW_AT_accessibility(DW_ACCESS_public)
    5552              $C$DW$414       .dwtag  DW_TAG_member
    5553                      .dwattr $C$DW$414, DW_AT_type(*$C$DW$T$20)
    5554                      .dwattr $C$DW$414, DW_AT_name("QUALPRD3")
    5555                      .dwattr $C$DW$414, DW_AT_TI_symbol_name("_QUALPRD3")
    5556                      .dwattr $C$DW$414, DW_AT_bit_offset(0x00), DW_AT_bit_size(0x08)
    5557                      .dwattr $C$DW$414, DW_AT_data_member_location[DW_OP_plus_uconst 0x1]
    5558                      .dwattr $C$DW$414, DW_AT_accessibility(DW_ACCESS_public)
    5559                      .dwendtag $C$DW$T$44
    5560              
    5561              
    5562              $C$DW$T$45      .dwtag  DW_TAG_union_type
    5563                      .dwattr $C$DW$T$45, DW_AT_name("GPACTRL_REG")
    5564                      .dwattr $C$DW$T$45, DW_AT_byte_size(0x02)
    5565              $C$DW$415       .dwtag  DW_TAG_member
    5566                      .dwattr $C$DW$415, DW_AT_type(*$C$DW$T$19)
    5567                      .dwattr $C$DW$415, DW_AT_name("all")
    5568                      .dwattr $C$DW$415, DW_AT_TI_symbol_name("_all")
    5569                      .dwattr $C$DW$415, DW_AT_data_member_location[DW_OP_plus_uconst 0x0]
    5570                      .dwattr $C$DW$415, DW_AT_accessibility(DW_ACCESS_public)
    5571              $C$DW$416       .dwtag  DW_TAG_member
    5572                      .dwattr $C$DW$416, DW_AT_type(*$C$DW$T$44)
    5573                      .dwattr $C$DW$416, DW_AT_name("bit")
    5574                      .dwattr $C$DW$416, DW_AT_TI_symbol_name("_bit")
    5575                      .dwattr $C$DW$416, DW_AT_data_member_location[DW_OP_plus_uconst 0x0]
    5576                      .dwattr $C$DW$416, DW_AT_accessibility(DW_ACCESS_public)
    5577                      .dwendtag $C$DW$T$45
    5578              
    5579              
    5580              $C$DW$T$46      .dwtag  DW_TAG_structure_type
    5581                      .dwattr $C$DW$T$46, DW_AT_name("GPADAT_BITS")
    5582                      .dwattr $C$DW$T$46, DW_AT_byte_size(0x02)
    5583              $C$DW$417       .dwtag  DW_TAG_member
    5584                      .dwattr $C$DW$417, DW_AT_type(*$C$DW$T$20)
    5585                      .dwattr $C$DW$417, DW_AT_name("GPIO0")
    5586                      .dwattr $C$DW$417, DW_AT_TI_symbol_name("_GPIO0")
    5587                      .dwattr $C$DW$417, DW_AT_bit_offset(0x0f), DW_AT_bit_size(0x01)
    5588                      .dwattr $C$DW$417, DW_AT_data_member_location[DW_OP_plus_uconst 0x0]
    5589                      .dwattr $C$DW$417, DW_AT_accessibility(DW_ACCESS_public)
    5590              $C$DW$418       .dwtag  DW_TAG_member
    5591                      .dwattr $C$DW$418, DW_AT_type(*$C$DW$T$20)
    5592                      .dwattr $C$DW$418, DW_AT_name("GPIO1")
    5593                      .dwattr $C$DW$418, DW_AT_TI_symbol_name("_GPIO1")
    5594                      .dwattr $C$DW$418, DW_AT_bit_offset(0x0e), DW_AT_bit_size(0x01)
    5595                      .dwattr $C$DW$418, DW_AT_data_member_location[DW_OP_plus_uconst 0x0]
TMS320C2000 Assembler PC v6.1.0 Fri Feb 14 09:23:40 2020

Tools Copyright (c) 1996-2012 Texas Instruments Incorporated
F:/Work/Code Area/Combis/Bootloader/Example_Flash2806x_API21_Combi/Example_Flash2806x_API21_Combi/Example_Flash2806x_API/Debug/Example_Flash2806x_API.asm PAGE  108

    5596                      .dwattr $C$DW$418, DW_AT_accessibility(DW_ACCESS_public)
    5597              $C$DW$419       .dwtag  DW_TAG_member
    5598                      .dwattr $C$DW$419, DW_AT_type(*$C$DW$T$20)
    5599                      .dwattr $C$DW$419, DW_AT_name("GPIO2")
    5600                      .dwattr $C$DW$419, DW_AT_TI_symbol_name("_GPIO2")
    5601                      .dwattr $C$DW$419, DW_AT_bit_offset(0x0d), DW_AT_bit_size(0x01)
    5602                      .dwattr $C$DW$419, DW_AT_data_member_location[DW_OP_plus_uconst 0x0]
    5603                      .dwattr $C$DW$419, DW_AT_accessibility(DW_ACCESS_public)
    5604              $C$DW$420       .dwtag  DW_TAG_member
    5605                      .dwattr $C$DW$420, DW_AT_type(*$C$DW$T$20)
    5606                      .dwattr $C$DW$420, DW_AT_name("GPIO3")
    5607                      .dwattr $C$DW$420, DW_AT_TI_symbol_name("_GPIO3")
    5608                      .dwattr $C$DW$420, DW_AT_bit_offset(0x0c), DW_AT_bit_size(0x01)
    5609                      .dwattr $C$DW$420, DW_AT_data_member_location[DW_OP_plus_uconst 0x0]
    5610                      .dwattr $C$DW$420, DW_AT_accessibility(DW_ACCESS_public)
    5611              $C$DW$421       .dwtag  DW_TAG_member
    5612                      .dwattr $C$DW$421, DW_AT_type(*$C$DW$T$20)
    5613                      .dwattr $C$DW$421, DW_AT_name("GPIO4")
    5614                      .dwattr $C$DW$421, DW_AT_TI_symbol_name("_GPIO4")
    5615                      .dwattr $C$DW$421, DW_AT_bit_offset(0x0b), DW_AT_bit_size(0x01)
    5616                      .dwattr $C$DW$421, DW_AT_data_member_location[DW_OP_plus_uconst 0x0]
    5617                      .dwattr $C$DW$421, DW_AT_accessibility(DW_ACCESS_public)
    5618              $C$DW$422       .dwtag  DW_TAG_member
    5619                      .dwattr $C$DW$422, DW_AT_type(*$C$DW$T$20)
    5620                      .dwattr $C$DW$422, DW_AT_name("GPIO5")
    5621                      .dwattr $C$DW$422, DW_AT_TI_symbol_name("_GPIO5")
    5622                      .dwattr $C$DW$422, DW_AT_bit_offset(0x0a), DW_AT_bit_size(0x01)
    5623                      .dwattr $C$DW$422, DW_AT_data_member_location[DW_OP_plus_uconst 0x0]
    5624                      .dwattr $C$DW$422, DW_AT_accessibility(DW_ACCESS_public)
    5625              $C$DW$423       .dwtag  DW_TAG_member
    5626                      .dwattr $C$DW$423, DW_AT_type(*$C$DW$T$20)
    5627                      .dwattr $C$DW$423, DW_AT_name("GPIO6")
    5628                      .dwattr $C$DW$423, DW_AT_TI_symbol_name("_GPIO6")
    5629                      .dwattr $C$DW$423, DW_AT_bit_offset(0x09), DW_AT_bit_size(0x01)
    5630                      .dwattr $C$DW$423, DW_AT_data_member_location[DW_OP_plus_uconst 0x0]
    5631                      .dwattr $C$DW$423, DW_AT_accessibility(DW_ACCESS_public)
    5632              $C$DW$424       .dwtag  DW_TAG_member
    5633                      .dwattr $C$DW$424, DW_AT_type(*$C$DW$T$20)
    5634                      .dwattr $C$DW$424, DW_AT_name("GPIO7")
    5635                      .dwattr $C$DW$424, DW_AT_TI_symbol_name("_GPIO7")
    5636                      .dwattr $C$DW$424, DW_AT_bit_offset(0x08), DW_AT_bit_size(0x01)
    5637                      .dwattr $C$DW$424, DW_AT_data_member_location[DW_OP_plus_uconst 0x0]
    5638                      .dwattr $C$DW$424, DW_AT_accessibility(DW_ACCESS_public)
    5639              $C$DW$425       .dwtag  DW_TAG_member
    5640                      .dwattr $C$DW$425, DW_AT_type(*$C$DW$T$20)
    5641                      .dwattr $C$DW$425, DW_AT_name("GPIO8")
    5642                      .dwattr $C$DW$425, DW_AT_TI_symbol_name("_GPIO8")
    5643                      .dwattr $C$DW$425, DW_AT_bit_offset(0x07), DW_AT_bit_size(0x01)
    5644                      .dwattr $C$DW$425, DW_AT_data_member_location[DW_OP_plus_uconst 0x0]
    5645                      .dwattr $C$DW$425, DW_AT_accessibility(DW_ACCESS_public)
    5646              $C$DW$426       .dwtag  DW_TAG_member
    5647                      .dwattr $C$DW$426, DW_AT_type(*$C$DW$T$20)
    5648                      .dwattr $C$DW$426, DW_AT_name("GPIO9")
    5649                      .dwattr $C$DW$426, DW_AT_TI_symbol_name("_GPIO9")
    5650                      .dwattr $C$DW$426, DW_AT_bit_offset(0x06), DW_AT_bit_size(0x01)
TMS320C2000 Assembler PC v6.1.0 Fri Feb 14 09:23:40 2020

Tools Copyright (c) 1996-2012 Texas Instruments Incorporated
F:/Work/Code Area/Combis/Bootloader/Example_Flash2806x_API21_Combi/Example_Flash2806x_API21_Combi/Example_Flash2806x_API/Debug/Example_Flash2806x_API.asm PAGE  109

    5651                      .dwattr $C$DW$426, DW_AT_data_member_location[DW_OP_plus_uconst 0x0]
    5652                      .dwattr $C$DW$426, DW_AT_accessibility(DW_ACCESS_public)
    5653              $C$DW$427       .dwtag  DW_TAG_member
    5654                      .dwattr $C$DW$427, DW_AT_type(*$C$DW$T$20)
    5655                      .dwattr $C$DW$427, DW_AT_name("GPIO10")
    5656                      .dwattr $C$DW$427, DW_AT_TI_symbol_name("_GPIO10")
    5657                      .dwattr $C$DW$427, DW_AT_bit_offset(0x05), DW_AT_bit_size(0x01)
    5658                      .dwattr $C$DW$427, DW_AT_data_member_location[DW_OP_plus_uconst 0x0]
    5659                      .dwattr $C$DW$427, DW_AT_accessibility(DW_ACCESS_public)
    5660              $C$DW$428       .dwtag  DW_TAG_member
    5661                      .dwattr $C$DW$428, DW_AT_type(*$C$DW$T$20)
    5662                      .dwattr $C$DW$428, DW_AT_name("GPIO11")
    5663                      .dwattr $C$DW$428, DW_AT_TI_symbol_name("_GPIO11")
    5664                      .dwattr $C$DW$428, DW_AT_bit_offset(0x04), DW_AT_bit_size(0x01)
    5665                      .dwattr $C$DW$428, DW_AT_data_member_location[DW_OP_plus_uconst 0x0]
    5666                      .dwattr $C$DW$428, DW_AT_accessibility(DW_ACCESS_public)
    5667              $C$DW$429       .dwtag  DW_TAG_member
    5668                      .dwattr $C$DW$429, DW_AT_type(*$C$DW$T$20)
    5669                      .dwattr $C$DW$429, DW_AT_name("GPIO12")
    5670                      .dwattr $C$DW$429, DW_AT_TI_symbol_name("_GPIO12")
    5671                      .dwattr $C$DW$429, DW_AT_bit_offset(0x03), DW_AT_bit_size(0x01)
    5672                      .dwattr $C$DW$429, DW_AT_data_member_location[DW_OP_plus_uconst 0x0]
    5673                      .dwattr $C$DW$429, DW_AT_accessibility(DW_ACCESS_public)
    5674              $C$DW$430       .dwtag  DW_TAG_member
    5675                      .dwattr $C$DW$430, DW_AT_type(*$C$DW$T$20)
    5676                      .dwattr $C$DW$430, DW_AT_name("GPIO13")
    5677                      .dwattr $C$DW$430, DW_AT_TI_symbol_name("_GPIO13")
    5678                      .dwattr $C$DW$430, DW_AT_bit_offset(0x02), DW_AT_bit_size(0x01)
    5679                      .dwattr $C$DW$430, DW_AT_data_member_location[DW_OP_plus_uconst 0x0]
    5680                      .dwattr $C$DW$430, DW_AT_accessibility(DW_ACCESS_public)
    5681              $C$DW$431       .dwtag  DW_TAG_member
    5682                      .dwattr $C$DW$431, DW_AT_type(*$C$DW$T$20)
    5683                      .dwattr $C$DW$431, DW_AT_name("GPIO14")
    5684                      .dwattr $C$DW$431, DW_AT_TI_symbol_name("_GPIO14")
    5685                      .dwattr $C$DW$431, DW_AT_bit_offset(0x01), DW_AT_bit_size(0x01)
    5686                      .dwattr $C$DW$431, DW_AT_data_member_location[DW_OP_plus_uconst 0x0]
    5687                      .dwattr $C$DW$431, DW_AT_accessibility(DW_ACCESS_public)
    5688              $C$DW$432       .dwtag  DW_TAG_member
    5689                      .dwattr $C$DW$432, DW_AT_type(*$C$DW$T$20)
    5690                      .dwattr $C$DW$432, DW_AT_name("GPIO15")
    5691                      .dwattr $C$DW$432, DW_AT_TI_symbol_name("_GPIO15")
    5692                      .dwattr $C$DW$432, DW_AT_bit_offset(0x00), DW_AT_bit_size(0x01)
    5693                      .dwattr $C$DW$432, DW_AT_data_member_location[DW_OP_plus_uconst 0x0]
    5694                      .dwattr $C$DW$432, DW_AT_accessibility(DW_ACCESS_public)
    5695              $C$DW$433       .dwtag  DW_TAG_member
    5696                      .dwattr $C$DW$433, DW_AT_type(*$C$DW$T$20)
    5697                      .dwattr $C$DW$433, DW_AT_name("GPIO16")
    5698                      .dwattr $C$DW$433, DW_AT_TI_symbol_name("_GPIO16")
    5699                      .dwattr $C$DW$433, DW_AT_bit_offset(0x0f), DW_AT_bit_size(0x01)
    5700                      .dwattr $C$DW$433, DW_AT_data_member_location[DW_OP_plus_uconst 0x1]
    5701                      .dwattr $C$DW$433, DW_AT_accessibility(DW_ACCESS_public)
    5702              $C$DW$434       .dwtag  DW_TAG_member
    5703                      .dwattr $C$DW$434, DW_AT_type(*$C$DW$T$20)
    5704                      .dwattr $C$DW$434, DW_AT_name("GPIO17")
    5705                      .dwattr $C$DW$434, DW_AT_TI_symbol_name("_GPIO17")
TMS320C2000 Assembler PC v6.1.0 Fri Feb 14 09:23:40 2020

Tools Copyright (c) 1996-2012 Texas Instruments Incorporated
F:/Work/Code Area/Combis/Bootloader/Example_Flash2806x_API21_Combi/Example_Flash2806x_API21_Combi/Example_Flash2806x_API/Debug/Example_Flash2806x_API.asm PAGE  110

    5706                      .dwattr $C$DW$434, DW_AT_bit_offset(0x0e), DW_AT_bit_size(0x01)
    5707                      .dwattr $C$DW$434, DW_AT_data_member_location[DW_OP_plus_uconst 0x1]
    5708                      .dwattr $C$DW$434, DW_AT_accessibility(DW_ACCESS_public)
    5709              $C$DW$435       .dwtag  DW_TAG_member
    5710                      .dwattr $C$DW$435, DW_AT_type(*$C$DW$T$20)
    5711                      .dwattr $C$DW$435, DW_AT_name("GPIO18")
    5712                      .dwattr $C$DW$435, DW_AT_TI_symbol_name("_GPIO18")
    5713                      .dwattr $C$DW$435, DW_AT_bit_offset(0x0d), DW_AT_bit_size(0x01)
    5714                      .dwattr $C$DW$435, DW_AT_data_member_location[DW_OP_plus_uconst 0x1]
    5715                      .dwattr $C$DW$435, DW_AT_accessibility(DW_ACCESS_public)
    5716              $C$DW$436       .dwtag  DW_TAG_member
    5717                      .dwattr $C$DW$436, DW_AT_type(*$C$DW$T$20)
    5718                      .dwattr $C$DW$436, DW_AT_name("GPIO19")
    5719                      .dwattr $C$DW$436, DW_AT_TI_symbol_name("_GPIO19")
    5720                      .dwattr $C$DW$436, DW_AT_bit_offset(0x0c), DW_AT_bit_size(0x01)
    5721                      .dwattr $C$DW$436, DW_AT_data_member_location[DW_OP_plus_uconst 0x1]
    5722                      .dwattr $C$DW$436, DW_AT_accessibility(DW_ACCESS_public)
    5723              $C$DW$437       .dwtag  DW_TAG_member
    5724                      .dwattr $C$DW$437, DW_AT_type(*$C$DW$T$20)
    5725                      .dwattr $C$DW$437, DW_AT_name("GPIO20")
    5726                      .dwattr $C$DW$437, DW_AT_TI_symbol_name("_GPIO20")
    5727                      .dwattr $C$DW$437, DW_AT_bit_offset(0x0b), DW_AT_bit_size(0x01)
    5728                      .dwattr $C$DW$437, DW_AT_data_member_location[DW_OP_plus_uconst 0x1]
    5729                      .dwattr $C$DW$437, DW_AT_accessibility(DW_ACCESS_public)
    5730              $C$DW$438       .dwtag  DW_TAG_member
    5731                      .dwattr $C$DW$438, DW_AT_type(*$C$DW$T$20)
    5732                      .dwattr $C$DW$438, DW_AT_name("GPIO21")
    5733                      .dwattr $C$DW$438, DW_AT_TI_symbol_name("_GPIO21")
    5734                      .dwattr $C$DW$438, DW_AT_bit_offset(0x0a), DW_AT_bit_size(0x01)
    5735                      .dwattr $C$DW$438, DW_AT_data_member_location[DW_OP_plus_uconst 0x1]
    5736                      .dwattr $C$DW$438, DW_AT_accessibility(DW_ACCESS_public)
    5737              $C$DW$439       .dwtag  DW_TAG_member
    5738                      .dwattr $C$DW$439, DW_AT_type(*$C$DW$T$20)
    5739                      .dwattr $C$DW$439, DW_AT_name("GPIO22")
    5740                      .dwattr $C$DW$439, DW_AT_TI_symbol_name("_GPIO22")
    5741                      .dwattr $C$DW$439, DW_AT_bit_offset(0x09), DW_AT_bit_size(0x01)
    5742                      .dwattr $C$DW$439, DW_AT_data_member_location[DW_OP_plus_uconst 0x1]
    5743                      .dwattr $C$DW$439, DW_AT_accessibility(DW_ACCESS_public)
    5744              $C$DW$440       .dwtag  DW_TAG_member
    5745                      .dwattr $C$DW$440, DW_AT_type(*$C$DW$T$20)
    5746                      .dwattr $C$DW$440, DW_AT_name("GPIO23")
    5747                      .dwattr $C$DW$440, DW_AT_TI_symbol_name("_GPIO23")
    5748                      .dwattr $C$DW$440, DW_AT_bit_offset(0x08), DW_AT_bit_size(0x01)
    5749                      .dwattr $C$DW$440, DW_AT_data_member_location[DW_OP_plus_uconst 0x1]
    5750                      .dwattr $C$DW$440, DW_AT_accessibility(DW_ACCESS_public)
    5751              $C$DW$441       .dwtag  DW_TAG_member
    5752                      .dwattr $C$DW$441, DW_AT_type(*$C$DW$T$20)
    5753                      .dwattr $C$DW$441, DW_AT_name("GPIO24")
    5754                      .dwattr $C$DW$441, DW_AT_TI_symbol_name("_GPIO24")
    5755                      .dwattr $C$DW$441, DW_AT_bit_offset(0x07), DW_AT_bit_size(0x01)
    5756                      .dwattr $C$DW$441, DW_AT_data_member_location[DW_OP_plus_uconst 0x1]
    5757                      .dwattr $C$DW$441, DW_AT_accessibility(DW_ACCESS_public)
    5758              $C$DW$442       .dwtag  DW_TAG_member
    5759                      .dwattr $C$DW$442, DW_AT_type(*$C$DW$T$20)
    5760                      .dwattr $C$DW$442, DW_AT_name("GPIO25")
TMS320C2000 Assembler PC v6.1.0 Fri Feb 14 09:23:40 2020

Tools Copyright (c) 1996-2012 Texas Instruments Incorporated
F:/Work/Code Area/Combis/Bootloader/Example_Flash2806x_API21_Combi/Example_Flash2806x_API21_Combi/Example_Flash2806x_API/Debug/Example_Flash2806x_API.asm PAGE  111

    5761                      .dwattr $C$DW$442, DW_AT_TI_symbol_name("_GPIO25")
    5762                      .dwattr $C$DW$442, DW_AT_bit_offset(0x06), DW_AT_bit_size(0x01)
    5763                      .dwattr $C$DW$442, DW_AT_data_member_location[DW_OP_plus_uconst 0x1]
    5764                      .dwattr $C$DW$442, DW_AT_accessibility(DW_ACCESS_public)
    5765              $C$DW$443       .dwtag  DW_TAG_member
    5766                      .dwattr $C$DW$443, DW_AT_type(*$C$DW$T$20)
    5767                      .dwattr $C$DW$443, DW_AT_name("GPIO26")
    5768                      .dwattr $C$DW$443, DW_AT_TI_symbol_name("_GPIO26")
    5769                      .dwattr $C$DW$443, DW_AT_bit_offset(0x05), DW_AT_bit_size(0x01)
    5770                      .dwattr $C$DW$443, DW_AT_data_member_location[DW_OP_plus_uconst 0x1]
    5771                      .dwattr $C$DW$443, DW_AT_accessibility(DW_ACCESS_public)
    5772              $C$DW$444       .dwtag  DW_TAG_member
    5773                      .dwattr $C$DW$444, DW_AT_type(*$C$DW$T$20)
    5774                      .dwattr $C$DW$444, DW_AT_name("GPIO27")
    5775                      .dwattr $C$DW$444, DW_AT_TI_symbol_name("_GPIO27")
    5776                      .dwattr $C$DW$444, DW_AT_bit_offset(0x04), DW_AT_bit_size(0x01)
    5777                      .dwattr $C$DW$444, DW_AT_data_member_location[DW_OP_plus_uconst 0x1]
    5778                      .dwattr $C$DW$444, DW_AT_accessibility(DW_ACCESS_public)
    5779              $C$DW$445       .dwtag  DW_TAG_member
    5780                      .dwattr $C$DW$445, DW_AT_type(*$C$DW$T$20)
    5781                      .dwattr $C$DW$445, DW_AT_name("GPIO28")
    5782                      .dwattr $C$DW$445, DW_AT_TI_symbol_name("_GPIO28")
    5783                      .dwattr $C$DW$445, DW_AT_bit_offset(0x03), DW_AT_bit_size(0x01)
    5784                      .dwattr $C$DW$445, DW_AT_data_member_location[DW_OP_plus_uconst 0x1]
    5785                      .dwattr $C$DW$445, DW_AT_accessibility(DW_ACCESS_public)
    5786              $C$DW$446       .dwtag  DW_TAG_member
    5787                      .dwattr $C$DW$446, DW_AT_type(*$C$DW$T$20)
    5788                      .dwattr $C$DW$446, DW_AT_name("GPIO29")
    5789                      .dwattr $C$DW$446, DW_AT_TI_symbol_name("_GPIO29")
    5790                      .dwattr $C$DW$446, DW_AT_bit_offset(0x02), DW_AT_bit_size(0x01)
    5791                      .dwattr $C$DW$446, DW_AT_data_member_location[DW_OP_plus_uconst 0x1]
    5792                      .dwattr $C$DW$446, DW_AT_accessibility(DW_ACCESS_public)
    5793              $C$DW$447       .dwtag  DW_TAG_member
    5794                      .dwattr $C$DW$447, DW_AT_type(*$C$DW$T$20)
    5795                      .dwattr $C$DW$447, DW_AT_name("GPIO30")
    5796                      .dwattr $C$DW$447, DW_AT_TI_symbol_name("_GPIO30")
    5797                      .dwattr $C$DW$447, DW_AT_bit_offset(0x01), DW_AT_bit_size(0x01)
    5798                      .dwattr $C$DW$447, DW_AT_data_member_location[DW_OP_plus_uconst 0x1]
    5799                      .dwattr $C$DW$447, DW_AT_accessibility(DW_ACCESS_public)
    5800              $C$DW$448       .dwtag  DW_TAG_member
    5801                      .dwattr $C$DW$448, DW_AT_type(*$C$DW$T$20)
    5802                      .dwattr $C$DW$448, DW_AT_name("GPIO31")
    5803                      .dwattr $C$DW$448, DW_AT_TI_symbol_name("_GPIO31")
    5804                      .dwattr $C$DW$448, DW_AT_bit_offset(0x00), DW_AT_bit_size(0x01)
    5805                      .dwattr $C$DW$448, DW_AT_data_member_location[DW_OP_plus_uconst 0x1]
    5806                      .dwattr $C$DW$448, DW_AT_accessibility(DW_ACCESS_public)
    5807                      .dwendtag $C$DW$T$46
    5808              
    5809              
    5810              $C$DW$T$47      .dwtag  DW_TAG_union_type
    5811                      .dwattr $C$DW$T$47, DW_AT_name("GPADAT_REG")
    5812                      .dwattr $C$DW$T$47, DW_AT_byte_size(0x02)
    5813              $C$DW$449       .dwtag  DW_TAG_member
    5814                      .dwattr $C$DW$449, DW_AT_type(*$C$DW$T$19)
    5815                      .dwattr $C$DW$449, DW_AT_name("all")
TMS320C2000 Assembler PC v6.1.0 Fri Feb 14 09:23:40 2020

Tools Copyright (c) 1996-2012 Texas Instruments Incorporated
F:/Work/Code Area/Combis/Bootloader/Example_Flash2806x_API21_Combi/Example_Flash2806x_API21_Combi/Example_Flash2806x_API/Debug/Example_Flash2806x_API.asm PAGE  112

    5816                      .dwattr $C$DW$449, DW_AT_TI_symbol_name("_all")
    5817                      .dwattr $C$DW$449, DW_AT_data_member_location[DW_OP_plus_uconst 0x0]
    5818                      .dwattr $C$DW$449, DW_AT_accessibility(DW_ACCESS_public)
    5819              $C$DW$450       .dwtag  DW_TAG_member
    5820                      .dwattr $C$DW$450, DW_AT_type(*$C$DW$T$46)
    5821                      .dwattr $C$DW$450, DW_AT_name("bit")
    5822                      .dwattr $C$DW$450, DW_AT_TI_symbol_name("_bit")
    5823                      .dwattr $C$DW$450, DW_AT_data_member_location[DW_OP_plus_uconst 0x0]
    5824                      .dwattr $C$DW$450, DW_AT_accessibility(DW_ACCESS_public)
    5825                      .dwendtag $C$DW$T$47
    5826              
    5827              
    5828              $C$DW$T$48      .dwtag  DW_TAG_structure_type
    5829                      .dwattr $C$DW$T$48, DW_AT_name("GPB1_BITS")
    5830                      .dwattr $C$DW$T$48, DW_AT_byte_size(0x02)
    5831              $C$DW$451       .dwtag  DW_TAG_member
    5832                      .dwattr $C$DW$451, DW_AT_type(*$C$DW$T$20)
    5833                      .dwattr $C$DW$451, DW_AT_name("GPIO32")
    5834                      .dwattr $C$DW$451, DW_AT_TI_symbol_name("_GPIO32")
    5835                      .dwattr $C$DW$451, DW_AT_bit_offset(0x0e), DW_AT_bit_size(0x02)
    5836                      .dwattr $C$DW$451, DW_AT_data_member_location[DW_OP_plus_uconst 0x0]
    5837                      .dwattr $C$DW$451, DW_AT_accessibility(DW_ACCESS_public)
    5838              $C$DW$452       .dwtag  DW_TAG_member
    5839                      .dwattr $C$DW$452, DW_AT_type(*$C$DW$T$20)
    5840                      .dwattr $C$DW$452, DW_AT_name("GPIO33")
    5841                      .dwattr $C$DW$452, DW_AT_TI_symbol_name("_GPIO33")
    5842                      .dwattr $C$DW$452, DW_AT_bit_offset(0x0c), DW_AT_bit_size(0x02)
    5843                      .dwattr $C$DW$452, DW_AT_data_member_location[DW_OP_plus_uconst 0x0]
    5844                      .dwattr $C$DW$452, DW_AT_accessibility(DW_ACCESS_public)
    5845              $C$DW$453       .dwtag  DW_TAG_member
    5846                      .dwattr $C$DW$453, DW_AT_type(*$C$DW$T$20)
    5847                      .dwattr $C$DW$453, DW_AT_name("GPIO34")
    5848                      .dwattr $C$DW$453, DW_AT_TI_symbol_name("_GPIO34")
    5849                      .dwattr $C$DW$453, DW_AT_bit_offset(0x0a), DW_AT_bit_size(0x02)
    5850                      .dwattr $C$DW$453, DW_AT_data_member_location[DW_OP_plus_uconst 0x0]
    5851                      .dwattr $C$DW$453, DW_AT_accessibility(DW_ACCESS_public)
    5852              $C$DW$454       .dwtag  DW_TAG_member
    5853                      .dwattr $C$DW$454, DW_AT_type(*$C$DW$T$20)
    5854                      .dwattr $C$DW$454, DW_AT_name("GPIO35")
    5855                      .dwattr $C$DW$454, DW_AT_TI_symbol_name("_GPIO35")
    5856                      .dwattr $C$DW$454, DW_AT_bit_offset(0x08), DW_AT_bit_size(0x02)
    5857                      .dwattr $C$DW$454, DW_AT_data_member_location[DW_OP_plus_uconst 0x0]
    5858                      .dwattr $C$DW$454, DW_AT_accessibility(DW_ACCESS_public)
    5859              $C$DW$455       .dwtag  DW_TAG_member
    5860                      .dwattr $C$DW$455, DW_AT_type(*$C$DW$T$20)
    5861                      .dwattr $C$DW$455, DW_AT_name("GPIO36")
    5862                      .dwattr $C$DW$455, DW_AT_TI_symbol_name("_GPIO36")
    5863                      .dwattr $C$DW$455, DW_AT_bit_offset(0x06), DW_AT_bit_size(0x02)
    5864                      .dwattr $C$DW$455, DW_AT_data_member_location[DW_OP_plus_uconst 0x0]
    5865                      .dwattr $C$DW$455, DW_AT_accessibility(DW_ACCESS_public)
    5866              $C$DW$456       .dwtag  DW_TAG_member
    5867                      .dwattr $C$DW$456, DW_AT_type(*$C$DW$T$20)
    5868                      .dwattr $C$DW$456, DW_AT_name("GPIO37")
    5869                      .dwattr $C$DW$456, DW_AT_TI_symbol_name("_GPIO37")
    5870                      .dwattr $C$DW$456, DW_AT_bit_offset(0x04), DW_AT_bit_size(0x02)
TMS320C2000 Assembler PC v6.1.0 Fri Feb 14 09:23:40 2020

Tools Copyright (c) 1996-2012 Texas Instruments Incorporated
F:/Work/Code Area/Combis/Bootloader/Example_Flash2806x_API21_Combi/Example_Flash2806x_API21_Combi/Example_Flash2806x_API/Debug/Example_Flash2806x_API.asm PAGE  113

    5871                      .dwattr $C$DW$456, DW_AT_data_member_location[DW_OP_plus_uconst 0x0]
    5872                      .dwattr $C$DW$456, DW_AT_accessibility(DW_ACCESS_public)
    5873              $C$DW$457       .dwtag  DW_TAG_member
    5874                      .dwattr $C$DW$457, DW_AT_type(*$C$DW$T$20)
    5875                      .dwattr $C$DW$457, DW_AT_name("GPIO38")
    5876                      .dwattr $C$DW$457, DW_AT_TI_symbol_name("_GPIO38")
    5877                      .dwattr $C$DW$457, DW_AT_bit_offset(0x02), DW_AT_bit_size(0x02)
    5878                      .dwattr $C$DW$457, DW_AT_data_member_location[DW_OP_plus_uconst 0x0]
    5879                      .dwattr $C$DW$457, DW_AT_accessibility(DW_ACCESS_public)
    5880              $C$DW$458       .dwtag  DW_TAG_member
    5881                      .dwattr $C$DW$458, DW_AT_type(*$C$DW$T$20)
    5882                      .dwattr $C$DW$458, DW_AT_name("GPIO39")
    5883                      .dwattr $C$DW$458, DW_AT_TI_symbol_name("_GPIO39")
    5884                      .dwattr $C$DW$458, DW_AT_bit_offset(0x00), DW_AT_bit_size(0x02)
    5885                      .dwattr $C$DW$458, DW_AT_data_member_location[DW_OP_plus_uconst 0x0]
    5886                      .dwattr $C$DW$458, DW_AT_accessibility(DW_ACCESS_public)
    5887              $C$DW$459       .dwtag  DW_TAG_member
    5888                      .dwattr $C$DW$459, DW_AT_type(*$C$DW$T$20)
    5889                      .dwattr $C$DW$459, DW_AT_name("GPIO40")
    5890                      .dwattr $C$DW$459, DW_AT_TI_symbol_name("_GPIO40")
    5891                      .dwattr $C$DW$459, DW_AT_bit_offset(0x0e), DW_AT_bit_size(0x02)
    5892                      .dwattr $C$DW$459, DW_AT_data_member_location[DW_OP_plus_uconst 0x1]
    5893                      .dwattr $C$DW$459, DW_AT_accessibility(DW_ACCESS_public)
    5894              $C$DW$460       .dwtag  DW_TAG_member
    5895                      .dwattr $C$DW$460, DW_AT_type(*$C$DW$T$20)
    5896                      .dwattr $C$DW$460, DW_AT_name("GPIO41")
    5897                      .dwattr $C$DW$460, DW_AT_TI_symbol_name("_GPIO41")
    5898                      .dwattr $C$DW$460, DW_AT_bit_offset(0x0c), DW_AT_bit_size(0x02)
    5899                      .dwattr $C$DW$460, DW_AT_data_member_location[DW_OP_plus_uconst 0x1]
    5900                      .dwattr $C$DW$460, DW_AT_accessibility(DW_ACCESS_public)
    5901              $C$DW$461       .dwtag  DW_TAG_member
    5902                      .dwattr $C$DW$461, DW_AT_type(*$C$DW$T$20)
    5903                      .dwattr $C$DW$461, DW_AT_name("GPIO42")
    5904                      .dwattr $C$DW$461, DW_AT_TI_symbol_name("_GPIO42")
    5905                      .dwattr $C$DW$461, DW_AT_bit_offset(0x0a), DW_AT_bit_size(0x02)
    5906                      .dwattr $C$DW$461, DW_AT_data_member_location[DW_OP_plus_uconst 0x1]
    5907                      .dwattr $C$DW$461, DW_AT_accessibility(DW_ACCESS_public)
    5908              $C$DW$462       .dwtag  DW_TAG_member
    5909                      .dwattr $C$DW$462, DW_AT_type(*$C$DW$T$20)
    5910                      .dwattr $C$DW$462, DW_AT_name("GPIO43")
    5911                      .dwattr $C$DW$462, DW_AT_TI_symbol_name("_GPIO43")
    5912                      .dwattr $C$DW$462, DW_AT_bit_offset(0x08), DW_AT_bit_size(0x02)
    5913                      .dwattr $C$DW$462, DW_AT_data_member_location[DW_OP_plus_uconst 0x1]
    5914                      .dwattr $C$DW$462, DW_AT_accessibility(DW_ACCESS_public)
    5915              $C$DW$463       .dwtag  DW_TAG_member
    5916                      .dwattr $C$DW$463, DW_AT_type(*$C$DW$T$20)
    5917                      .dwattr $C$DW$463, DW_AT_name("GPIO44")
    5918                      .dwattr $C$DW$463, DW_AT_TI_symbol_name("_GPIO44")
    5919                      .dwattr $C$DW$463, DW_AT_bit_offset(0x06), DW_AT_bit_size(0x02)
    5920                      .dwattr $C$DW$463, DW_AT_data_member_location[DW_OP_plus_uconst 0x1]
    5921                      .dwattr $C$DW$463, DW_AT_accessibility(DW_ACCESS_public)
    5922              $C$DW$464       .dwtag  DW_TAG_member
    5923                      .dwattr $C$DW$464, DW_AT_type(*$C$DW$T$20)
    5924                      .dwattr $C$DW$464, DW_AT_name("rsvd1")
    5925                      .dwattr $C$DW$464, DW_AT_TI_symbol_name("_rsvd1")
TMS320C2000 Assembler PC v6.1.0 Fri Feb 14 09:23:40 2020

Tools Copyright (c) 1996-2012 Texas Instruments Incorporated
F:/Work/Code Area/Combis/Bootloader/Example_Flash2806x_API21_Combi/Example_Flash2806x_API21_Combi/Example_Flash2806x_API/Debug/Example_Flash2806x_API.asm PAGE  114

    5926                      .dwattr $C$DW$464, DW_AT_bit_offset(0x00), DW_AT_bit_size(0x06)
    5927                      .dwattr $C$DW$464, DW_AT_data_member_location[DW_OP_plus_uconst 0x1]
    5928                      .dwattr $C$DW$464, DW_AT_accessibility(DW_ACCESS_public)
    5929                      .dwendtag $C$DW$T$48
    5930              
    5931              
    5932              $C$DW$T$49      .dwtag  DW_TAG_union_type
    5933                      .dwattr $C$DW$T$49, DW_AT_name("GPB1_REG")
    5934                      .dwattr $C$DW$T$49, DW_AT_byte_size(0x02)
    5935              $C$DW$465       .dwtag  DW_TAG_member
    5936                      .dwattr $C$DW$465, DW_AT_type(*$C$DW$T$19)
    5937                      .dwattr $C$DW$465, DW_AT_name("all")
    5938                      .dwattr $C$DW$465, DW_AT_TI_symbol_name("_all")
    5939                      .dwattr $C$DW$465, DW_AT_data_member_location[DW_OP_plus_uconst 0x0]
    5940                      .dwattr $C$DW$465, DW_AT_accessibility(DW_ACCESS_public)
    5941              $C$DW$466       .dwtag  DW_TAG_member
    5942                      .dwattr $C$DW$466, DW_AT_type(*$C$DW$T$48)
    5943                      .dwattr $C$DW$466, DW_AT_name("bit")
    5944                      .dwattr $C$DW$466, DW_AT_TI_symbol_name("_bit")
    5945                      .dwattr $C$DW$466, DW_AT_data_member_location[DW_OP_plus_uconst 0x0]
    5946                      .dwattr $C$DW$466, DW_AT_accessibility(DW_ACCESS_public)
    5947                      .dwendtag $C$DW$T$49
    5948              
    5949              
    5950              $C$DW$T$50      .dwtag  DW_TAG_structure_type
    5951                      .dwattr $C$DW$T$50, DW_AT_name("GPB2_BITS")
    5952                      .dwattr $C$DW$T$50, DW_AT_byte_size(0x02)
    5953              $C$DW$467       .dwtag  DW_TAG_member
    5954                      .dwattr $C$DW$467, DW_AT_type(*$C$DW$T$20)
    5955                      .dwattr $C$DW$467, DW_AT_name("rsvd1")
    5956                      .dwattr $C$DW$467, DW_AT_TI_symbol_name("_rsvd1")
    5957                      .dwattr $C$DW$467, DW_AT_bit_offset(0x0c), DW_AT_bit_size(0x04)
    5958                      .dwattr $C$DW$467, DW_AT_data_member_location[DW_OP_plus_uconst 0x0]
    5959                      .dwattr $C$DW$467, DW_AT_accessibility(DW_ACCESS_public)
    5960              $C$DW$468       .dwtag  DW_TAG_member
    5961                      .dwattr $C$DW$468, DW_AT_type(*$C$DW$T$20)
    5962                      .dwattr $C$DW$468, DW_AT_name("GPIO50")
    5963                      .dwattr $C$DW$468, DW_AT_TI_symbol_name("_GPIO50")
    5964                      .dwattr $C$DW$468, DW_AT_bit_offset(0x0a), DW_AT_bit_size(0x02)
    5965                      .dwattr $C$DW$468, DW_AT_data_member_location[DW_OP_plus_uconst 0x0]
    5966                      .dwattr $C$DW$468, DW_AT_accessibility(DW_ACCESS_public)
    5967              $C$DW$469       .dwtag  DW_TAG_member
    5968                      .dwattr $C$DW$469, DW_AT_type(*$C$DW$T$20)
    5969                      .dwattr $C$DW$469, DW_AT_name("GPIO51")
    5970                      .dwattr $C$DW$469, DW_AT_TI_symbol_name("_GPIO51")
    5971                      .dwattr $C$DW$469, DW_AT_bit_offset(0x08), DW_AT_bit_size(0x02)
    5972                      .dwattr $C$DW$469, DW_AT_data_member_location[DW_OP_plus_uconst 0x0]
    5973                      .dwattr $C$DW$469, DW_AT_accessibility(DW_ACCESS_public)
    5974              $C$DW$470       .dwtag  DW_TAG_member
    5975                      .dwattr $C$DW$470, DW_AT_type(*$C$DW$T$20)
    5976                      .dwattr $C$DW$470, DW_AT_name("GPIO52")
    5977                      .dwattr $C$DW$470, DW_AT_TI_symbol_name("_GPIO52")
    5978                      .dwattr $C$DW$470, DW_AT_bit_offset(0x06), DW_AT_bit_size(0x02)
    5979                      .dwattr $C$DW$470, DW_AT_data_member_location[DW_OP_plus_uconst 0x0]
    5980                      .dwattr $C$DW$470, DW_AT_accessibility(DW_ACCESS_public)
TMS320C2000 Assembler PC v6.1.0 Fri Feb 14 09:23:40 2020

Tools Copyright (c) 1996-2012 Texas Instruments Incorporated
F:/Work/Code Area/Combis/Bootloader/Example_Flash2806x_API21_Combi/Example_Flash2806x_API21_Combi/Example_Flash2806x_API/Debug/Example_Flash2806x_API.asm PAGE  115

    5981              $C$DW$471       .dwtag  DW_TAG_member
    5982                      .dwattr $C$DW$471, DW_AT_type(*$C$DW$T$20)
    5983                      .dwattr $C$DW$471, DW_AT_name("GPIO53")
    5984                      .dwattr $C$DW$471, DW_AT_TI_symbol_name("_GPIO53")
    5985                      .dwattr $C$DW$471, DW_AT_bit_offset(0x04), DW_AT_bit_size(0x02)
    5986                      .dwattr $C$DW$471, DW_AT_data_member_location[DW_OP_plus_uconst 0x0]
    5987                      .dwattr $C$DW$471, DW_AT_accessibility(DW_ACCESS_public)
    5988              $C$DW$472       .dwtag  DW_TAG_member
    5989                      .dwattr $C$DW$472, DW_AT_type(*$C$DW$T$20)
    5990                      .dwattr $C$DW$472, DW_AT_name("GPIO54")
    5991                      .dwattr $C$DW$472, DW_AT_TI_symbol_name("_GPIO54")
    5992                      .dwattr $C$DW$472, DW_AT_bit_offset(0x02), DW_AT_bit_size(0x02)
    5993                      .dwattr $C$DW$472, DW_AT_data_member_location[DW_OP_plus_uconst 0x0]
    5994                      .dwattr $C$DW$472, DW_AT_accessibility(DW_ACCESS_public)
    5995              $C$DW$473       .dwtag  DW_TAG_member
    5996                      .dwattr $C$DW$473, DW_AT_type(*$C$DW$T$20)
    5997                      .dwattr $C$DW$473, DW_AT_name("GPIO55")
    5998                      .dwattr $C$DW$473, DW_AT_TI_symbol_name("_GPIO55")
    5999                      .dwattr $C$DW$473, DW_AT_bit_offset(0x00), DW_AT_bit_size(0x02)
    6000                      .dwattr $C$DW$473, DW_AT_data_member_location[DW_OP_plus_uconst 0x0]
    6001                      .dwattr $C$DW$473, DW_AT_accessibility(DW_ACCESS_public)
    6002              $C$DW$474       .dwtag  DW_TAG_member
    6003                      .dwattr $C$DW$474, DW_AT_type(*$C$DW$T$20)
    6004                      .dwattr $C$DW$474, DW_AT_name("GPIO56")
    6005                      .dwattr $C$DW$474, DW_AT_TI_symbol_name("_GPIO56")
    6006                      .dwattr $C$DW$474, DW_AT_bit_offset(0x0e), DW_AT_bit_size(0x02)
    6007                      .dwattr $C$DW$474, DW_AT_data_member_location[DW_OP_plus_uconst 0x1]
    6008                      .dwattr $C$DW$474, DW_AT_accessibility(DW_ACCESS_public)
    6009              $C$DW$475       .dwtag  DW_TAG_member
    6010                      .dwattr $C$DW$475, DW_AT_type(*$C$DW$T$20)
    6011                      .dwattr $C$DW$475, DW_AT_name("GPIO57")
    6012                      .dwattr $C$DW$475, DW_AT_TI_symbol_name("_GPIO57")
    6013                      .dwattr $C$DW$475, DW_AT_bit_offset(0x0c), DW_AT_bit_size(0x02)
    6014                      .dwattr $C$DW$475, DW_AT_data_member_location[DW_OP_plus_uconst 0x1]
    6015                      .dwattr $C$DW$475, DW_AT_accessibility(DW_ACCESS_public)
    6016              $C$DW$476       .dwtag  DW_TAG_member
    6017                      .dwattr $C$DW$476, DW_AT_type(*$C$DW$T$20)
    6018                      .dwattr $C$DW$476, DW_AT_name("GPIO58")
    6019                      .dwattr $C$DW$476, DW_AT_TI_symbol_name("_GPIO58")
    6020                      .dwattr $C$DW$476, DW_AT_bit_offset(0x0a), DW_AT_bit_size(0x02)
    6021                      .dwattr $C$DW$476, DW_AT_data_member_location[DW_OP_plus_uconst 0x1]
    6022                      .dwattr $C$DW$476, DW_AT_accessibility(DW_ACCESS_public)
    6023              $C$DW$477       .dwtag  DW_TAG_member
    6024                      .dwattr $C$DW$477, DW_AT_type(*$C$DW$T$20)
    6025                      .dwattr $C$DW$477, DW_AT_name("rsvd2")
    6026                      .dwattr $C$DW$477, DW_AT_TI_symbol_name("_rsvd2")
    6027                      .dwattr $C$DW$477, DW_AT_bit_offset(0x00), DW_AT_bit_size(0x0a)
    6028                      .dwattr $C$DW$477, DW_AT_data_member_location[DW_OP_plus_uconst 0x1]
    6029                      .dwattr $C$DW$477, DW_AT_accessibility(DW_ACCESS_public)
    6030                      .dwendtag $C$DW$T$50
    6031              
    6032              
    6033              $C$DW$T$51      .dwtag  DW_TAG_union_type
    6034                      .dwattr $C$DW$T$51, DW_AT_name("GPB2_REG")
    6035                      .dwattr $C$DW$T$51, DW_AT_byte_size(0x02)
TMS320C2000 Assembler PC v6.1.0 Fri Feb 14 09:23:40 2020

Tools Copyright (c) 1996-2012 Texas Instruments Incorporated
F:/Work/Code Area/Combis/Bootloader/Example_Flash2806x_API21_Combi/Example_Flash2806x_API21_Combi/Example_Flash2806x_API/Debug/Example_Flash2806x_API.asm PAGE  116

    6036              $C$DW$478       .dwtag  DW_TAG_member
    6037                      .dwattr $C$DW$478, DW_AT_type(*$C$DW$T$19)
    6038                      .dwattr $C$DW$478, DW_AT_name("all")
    6039                      .dwattr $C$DW$478, DW_AT_TI_symbol_name("_all")
    6040                      .dwattr $C$DW$478, DW_AT_data_member_location[DW_OP_plus_uconst 0x0]
    6041                      .dwattr $C$DW$478, DW_AT_accessibility(DW_ACCESS_public)
    6042              $C$DW$479       .dwtag  DW_TAG_member
    6043                      .dwattr $C$DW$479, DW_AT_type(*$C$DW$T$50)
    6044                      .dwattr $C$DW$479, DW_AT_name("bit")
    6045                      .dwattr $C$DW$479, DW_AT_TI_symbol_name("_bit")
    6046                      .dwattr $C$DW$479, DW_AT_data_member_location[DW_OP_plus_uconst 0x0]
    6047                      .dwattr $C$DW$479, DW_AT_accessibility(DW_ACCESS_public)
    6048                      .dwendtag $C$DW$T$51
    6049              
    6050              
    6051              $C$DW$T$52      .dwtag  DW_TAG_structure_type
    6052                      .dwattr $C$DW$T$52, DW_AT_name("GPBCTRL_BITS")
    6053                      .dwattr $C$DW$T$52, DW_AT_byte_size(0x02)
    6054              $C$DW$480       .dwtag  DW_TAG_member
    6055                      .dwattr $C$DW$480, DW_AT_type(*$C$DW$T$20)
    6056                      .dwattr $C$DW$480, DW_AT_name("QUALPRD0")
    6057                      .dwattr $C$DW$480, DW_AT_TI_symbol_name("_QUALPRD0")
    6058                      .dwattr $C$DW$480, DW_AT_bit_offset(0x08), DW_AT_bit_size(0x08)
    6059                      .dwattr $C$DW$480, DW_AT_data_member_location[DW_OP_plus_uconst 0x0]
    6060                      .dwattr $C$DW$480, DW_AT_accessibility(DW_ACCESS_public)
    6061              $C$DW$481       .dwtag  DW_TAG_member
    6062                      .dwattr $C$DW$481, DW_AT_type(*$C$DW$T$20)
    6063                      .dwattr $C$DW$481, DW_AT_name("QUALPRD1")
    6064                      .dwattr $C$DW$481, DW_AT_TI_symbol_name("_QUALPRD1")
    6065                      .dwattr $C$DW$481, DW_AT_bit_offset(0x00), DW_AT_bit_size(0x08)
    6066                      .dwattr $C$DW$481, DW_AT_data_member_location[DW_OP_plus_uconst 0x0]
    6067                      .dwattr $C$DW$481, DW_AT_accessibility(DW_ACCESS_public)
    6068              $C$DW$482       .dwtag  DW_TAG_member
    6069                      .dwattr $C$DW$482, DW_AT_type(*$C$DW$T$20)
    6070                      .dwattr $C$DW$482, DW_AT_name("QUALPRD2")
    6071                      .dwattr $C$DW$482, DW_AT_TI_symbol_name("_QUALPRD2")
    6072                      .dwattr $C$DW$482, DW_AT_bit_offset(0x08), DW_AT_bit_size(0x08)
    6073                      .dwattr $C$DW$482, DW_AT_data_member_location[DW_OP_plus_uconst 0x1]
    6074                      .dwattr $C$DW$482, DW_AT_accessibility(DW_ACCESS_public)
    6075              $C$DW$483       .dwtag  DW_TAG_member
    6076                      .dwattr $C$DW$483, DW_AT_type(*$C$DW$T$20)
    6077                      .dwattr $C$DW$483, DW_AT_name("QUALPRD3")
    6078                      .dwattr $C$DW$483, DW_AT_TI_symbol_name("_QUALPRD3")
    6079                      .dwattr $C$DW$483, DW_AT_bit_offset(0x00), DW_AT_bit_size(0x08)
    6080                      .dwattr $C$DW$483, DW_AT_data_member_location[DW_OP_plus_uconst 0x1]
    6081                      .dwattr $C$DW$483, DW_AT_accessibility(DW_ACCESS_public)
    6082                      .dwendtag $C$DW$T$52
    6083              
    6084              
    6085              $C$DW$T$53      .dwtag  DW_TAG_union_type
    6086                      .dwattr $C$DW$T$53, DW_AT_name("GPBCTRL_REG")
    6087                      .dwattr $C$DW$T$53, DW_AT_byte_size(0x02)
    6088              $C$DW$484       .dwtag  DW_TAG_member
    6089                      .dwattr $C$DW$484, DW_AT_type(*$C$DW$T$19)
    6090                      .dwattr $C$DW$484, DW_AT_name("all")
TMS320C2000 Assembler PC v6.1.0 Fri Feb 14 09:23:40 2020

Tools Copyright (c) 1996-2012 Texas Instruments Incorporated
F:/Work/Code Area/Combis/Bootloader/Example_Flash2806x_API21_Combi/Example_Flash2806x_API21_Combi/Example_Flash2806x_API/Debug/Example_Flash2806x_API.asm PAGE  117

    6091                      .dwattr $C$DW$484, DW_AT_TI_symbol_name("_all")
    6092                      .dwattr $C$DW$484, DW_AT_data_member_location[DW_OP_plus_uconst 0x0]
    6093                      .dwattr $C$DW$484, DW_AT_accessibility(DW_ACCESS_public)
    6094              $C$DW$485       .dwtag  DW_TAG_member
    6095                      .dwattr $C$DW$485, DW_AT_type(*$C$DW$T$52)
    6096                      .dwattr $C$DW$485, DW_AT_name("bit")
    6097                      .dwattr $C$DW$485, DW_AT_TI_symbol_name("_bit")
    6098                      .dwattr $C$DW$485, DW_AT_data_member_location[DW_OP_plus_uconst 0x0]
    6099                      .dwattr $C$DW$485, DW_AT_accessibility(DW_ACCESS_public)
    6100                      .dwendtag $C$DW$T$53
    6101              
    6102              
    6103              $C$DW$T$54      .dwtag  DW_TAG_structure_type
    6104                      .dwattr $C$DW$T$54, DW_AT_name("GPBDAT_BITS")
    6105                      .dwattr $C$DW$T$54, DW_AT_byte_size(0x02)
    6106              $C$DW$486       .dwtag  DW_TAG_member
    6107                      .dwattr $C$DW$486, DW_AT_type(*$C$DW$T$20)
    6108                      .dwattr $C$DW$486, DW_AT_name("GPIO32")
    6109                      .dwattr $C$DW$486, DW_AT_TI_symbol_name("_GPIO32")
    6110                      .dwattr $C$DW$486, DW_AT_bit_offset(0x0f), DW_AT_bit_size(0x01)
    6111                      .dwattr $C$DW$486, DW_AT_data_member_location[DW_OP_plus_uconst 0x0]
    6112                      .dwattr $C$DW$486, DW_AT_accessibility(DW_ACCESS_public)
    6113              $C$DW$487       .dwtag  DW_TAG_member
    6114                      .dwattr $C$DW$487, DW_AT_type(*$C$DW$T$20)
    6115                      .dwattr $C$DW$487, DW_AT_name("GPIO33")
    6116                      .dwattr $C$DW$487, DW_AT_TI_symbol_name("_GPIO33")
    6117                      .dwattr $C$DW$487, DW_AT_bit_offset(0x0e), DW_AT_bit_size(0x01)
    6118                      .dwattr $C$DW$487, DW_AT_data_member_location[DW_OP_plus_uconst 0x0]
    6119                      .dwattr $C$DW$487, DW_AT_accessibility(DW_ACCESS_public)
    6120              $C$DW$488       .dwtag  DW_TAG_member
    6121                      .dwattr $C$DW$488, DW_AT_type(*$C$DW$T$20)
    6122                      .dwattr $C$DW$488, DW_AT_name("GPIO34")
    6123                      .dwattr $C$DW$488, DW_AT_TI_symbol_name("_GPIO34")
    6124                      .dwattr $C$DW$488, DW_AT_bit_offset(0x0d), DW_AT_bit_size(0x01)
    6125                      .dwattr $C$DW$488, DW_AT_data_member_location[DW_OP_plus_uconst 0x0]
    6126                      .dwattr $C$DW$488, DW_AT_accessibility(DW_ACCESS_public)
    6127              $C$DW$489       .dwtag  DW_TAG_member
    6128                      .dwattr $C$DW$489, DW_AT_type(*$C$DW$T$20)
    6129                      .dwattr $C$DW$489, DW_AT_name("GPIO35")
    6130                      .dwattr $C$DW$489, DW_AT_TI_symbol_name("_GPIO35")
    6131                      .dwattr $C$DW$489, DW_AT_bit_offset(0x0c), DW_AT_bit_size(0x01)
    6132                      .dwattr $C$DW$489, DW_AT_data_member_location[DW_OP_plus_uconst 0x0]
    6133                      .dwattr $C$DW$489, DW_AT_accessibility(DW_ACCESS_public)
    6134              $C$DW$490       .dwtag  DW_TAG_member
    6135                      .dwattr $C$DW$490, DW_AT_type(*$C$DW$T$20)
    6136                      .dwattr $C$DW$490, DW_AT_name("GPIO36")
    6137                      .dwattr $C$DW$490, DW_AT_TI_symbol_name("_GPIO36")
    6138                      .dwattr $C$DW$490, DW_AT_bit_offset(0x0b), DW_AT_bit_size(0x01)
    6139                      .dwattr $C$DW$490, DW_AT_data_member_location[DW_OP_plus_uconst 0x0]
    6140                      .dwattr $C$DW$490, DW_AT_accessibility(DW_ACCESS_public)
    6141              $C$DW$491       .dwtag  DW_TAG_member
    6142                      .dwattr $C$DW$491, DW_AT_type(*$C$DW$T$20)
    6143                      .dwattr $C$DW$491, DW_AT_name("GPIO37")
    6144                      .dwattr $C$DW$491, DW_AT_TI_symbol_name("_GPIO37")
    6145                      .dwattr $C$DW$491, DW_AT_bit_offset(0x0a), DW_AT_bit_size(0x01)
TMS320C2000 Assembler PC v6.1.0 Fri Feb 14 09:23:40 2020

Tools Copyright (c) 1996-2012 Texas Instruments Incorporated
F:/Work/Code Area/Combis/Bootloader/Example_Flash2806x_API21_Combi/Example_Flash2806x_API21_Combi/Example_Flash2806x_API/Debug/Example_Flash2806x_API.asm PAGE  118

    6146                      .dwattr $C$DW$491, DW_AT_data_member_location[DW_OP_plus_uconst 0x0]
    6147                      .dwattr $C$DW$491, DW_AT_accessibility(DW_ACCESS_public)
    6148              $C$DW$492       .dwtag  DW_TAG_member
    6149                      .dwattr $C$DW$492, DW_AT_type(*$C$DW$T$20)
    6150                      .dwattr $C$DW$492, DW_AT_name("GPIO38")
    6151                      .dwattr $C$DW$492, DW_AT_TI_symbol_name("_GPIO38")
    6152                      .dwattr $C$DW$492, DW_AT_bit_offset(0x09), DW_AT_bit_size(0x01)
    6153                      .dwattr $C$DW$492, DW_AT_data_member_location[DW_OP_plus_uconst 0x0]
    6154                      .dwattr $C$DW$492, DW_AT_accessibility(DW_ACCESS_public)
    6155              $C$DW$493       .dwtag  DW_TAG_member
    6156                      .dwattr $C$DW$493, DW_AT_type(*$C$DW$T$20)
    6157                      .dwattr $C$DW$493, DW_AT_name("GPIO39")
    6158                      .dwattr $C$DW$493, DW_AT_TI_symbol_name("_GPIO39")
    6159                      .dwattr $C$DW$493, DW_AT_bit_offset(0x08), DW_AT_bit_size(0x01)
    6160                      .dwattr $C$DW$493, DW_AT_data_member_location[DW_OP_plus_uconst 0x0]
    6161                      .dwattr $C$DW$493, DW_AT_accessibility(DW_ACCESS_public)
    6162              $C$DW$494       .dwtag  DW_TAG_member
    6163                      .dwattr $C$DW$494, DW_AT_type(*$C$DW$T$20)
    6164                      .dwattr $C$DW$494, DW_AT_name("GPIO40")
    6165                      .dwattr $C$DW$494, DW_AT_TI_symbol_name("_GPIO40")
    6166                      .dwattr $C$DW$494, DW_AT_bit_offset(0x07), DW_AT_bit_size(0x01)
    6167                      .dwattr $C$DW$494, DW_AT_data_member_location[DW_OP_plus_uconst 0x0]
    6168                      .dwattr $C$DW$494, DW_AT_accessibility(DW_ACCESS_public)
    6169              $C$DW$495       .dwtag  DW_TAG_member
    6170                      .dwattr $C$DW$495, DW_AT_type(*$C$DW$T$20)
    6171                      .dwattr $C$DW$495, DW_AT_name("GPIO41")
    6172                      .dwattr $C$DW$495, DW_AT_TI_symbol_name("_GPIO41")
    6173                      .dwattr $C$DW$495, DW_AT_bit_offset(0x06), DW_AT_bit_size(0x01)
    6174                      .dwattr $C$DW$495, DW_AT_data_member_location[DW_OP_plus_uconst 0x0]
    6175                      .dwattr $C$DW$495, DW_AT_accessibility(DW_ACCESS_public)
    6176              $C$DW$496       .dwtag  DW_TAG_member
    6177                      .dwattr $C$DW$496, DW_AT_type(*$C$DW$T$20)
    6178                      .dwattr $C$DW$496, DW_AT_name("GPIO42")
    6179                      .dwattr $C$DW$496, DW_AT_TI_symbol_name("_GPIO42")
    6180                      .dwattr $C$DW$496, DW_AT_bit_offset(0x05), DW_AT_bit_size(0x01)
    6181                      .dwattr $C$DW$496, DW_AT_data_member_location[DW_OP_plus_uconst 0x0]
    6182                      .dwattr $C$DW$496, DW_AT_accessibility(DW_ACCESS_public)
    6183              $C$DW$497       .dwtag  DW_TAG_member
    6184                      .dwattr $C$DW$497, DW_AT_type(*$C$DW$T$20)
    6185                      .dwattr $C$DW$497, DW_AT_name("GPIO43")
    6186                      .dwattr $C$DW$497, DW_AT_TI_symbol_name("_GPIO43")
    6187                      .dwattr $C$DW$497, DW_AT_bit_offset(0x04), DW_AT_bit_size(0x01)
    6188                      .dwattr $C$DW$497, DW_AT_data_member_location[DW_OP_plus_uconst 0x0]
    6189                      .dwattr $C$DW$497, DW_AT_accessibility(DW_ACCESS_public)
    6190              $C$DW$498       .dwtag  DW_TAG_member
    6191                      .dwattr $C$DW$498, DW_AT_type(*$C$DW$T$20)
    6192                      .dwattr $C$DW$498, DW_AT_name("GPIO44")
    6193                      .dwattr $C$DW$498, DW_AT_TI_symbol_name("_GPIO44")
    6194                      .dwattr $C$DW$498, DW_AT_bit_offset(0x03), DW_AT_bit_size(0x01)
    6195                      .dwattr $C$DW$498, DW_AT_data_member_location[DW_OP_plus_uconst 0x0]
    6196                      .dwattr $C$DW$498, DW_AT_accessibility(DW_ACCESS_public)
    6197              $C$DW$499       .dwtag  DW_TAG_member
    6198                      .dwattr $C$DW$499, DW_AT_type(*$C$DW$T$20)
    6199                      .dwattr $C$DW$499, DW_AT_name("rsvd1")
    6200                      .dwattr $C$DW$499, DW_AT_TI_symbol_name("_rsvd1")
TMS320C2000 Assembler PC v6.1.0 Fri Feb 14 09:23:40 2020

Tools Copyright (c) 1996-2012 Texas Instruments Incorporated
F:/Work/Code Area/Combis/Bootloader/Example_Flash2806x_API21_Combi/Example_Flash2806x_API21_Combi/Example_Flash2806x_API/Debug/Example_Flash2806x_API.asm PAGE  119

    6201                      .dwattr $C$DW$499, DW_AT_bit_offset(0x00), DW_AT_bit_size(0x03)
    6202                      .dwattr $C$DW$499, DW_AT_data_member_location[DW_OP_plus_uconst 0x0]
    6203                      .dwattr $C$DW$499, DW_AT_accessibility(DW_ACCESS_public)
    6204              $C$DW$500       .dwtag  DW_TAG_member
    6205                      .dwattr $C$DW$500, DW_AT_type(*$C$DW$T$20)
    6206                      .dwattr $C$DW$500, DW_AT_name("rsvd2")
    6207                      .dwattr $C$DW$500, DW_AT_TI_symbol_name("_rsvd2")
    6208                      .dwattr $C$DW$500, DW_AT_bit_offset(0x0e), DW_AT_bit_size(0x02)
    6209                      .dwattr $C$DW$500, DW_AT_data_member_location[DW_OP_plus_uconst 0x1]
    6210                      .dwattr $C$DW$500, DW_AT_accessibility(DW_ACCESS_public)
    6211              $C$DW$501       .dwtag  DW_TAG_member
    6212                      .dwattr $C$DW$501, DW_AT_type(*$C$DW$T$20)
    6213                      .dwattr $C$DW$501, DW_AT_name("GPIO50")
    6214                      .dwattr $C$DW$501, DW_AT_TI_symbol_name("_GPIO50")
    6215                      .dwattr $C$DW$501, DW_AT_bit_offset(0x0d), DW_AT_bit_size(0x01)
    6216                      .dwattr $C$DW$501, DW_AT_data_member_location[DW_OP_plus_uconst 0x1]
    6217                      .dwattr $C$DW$501, DW_AT_accessibility(DW_ACCESS_public)
    6218              $C$DW$502       .dwtag  DW_TAG_member
    6219                      .dwattr $C$DW$502, DW_AT_type(*$C$DW$T$20)
    6220                      .dwattr $C$DW$502, DW_AT_name("GPIO51")
    6221                      .dwattr $C$DW$502, DW_AT_TI_symbol_name("_GPIO51")
    6222                      .dwattr $C$DW$502, DW_AT_bit_offset(0x0c), DW_AT_bit_size(0x01)
    6223                      .dwattr $C$DW$502, DW_AT_data_member_location[DW_OP_plus_uconst 0x1]
    6224                      .dwattr $C$DW$502, DW_AT_accessibility(DW_ACCESS_public)
    6225              $C$DW$503       .dwtag  DW_TAG_member
    6226                      .dwattr $C$DW$503, DW_AT_type(*$C$DW$T$20)
    6227                      .dwattr $C$DW$503, DW_AT_name("GPIO52")
    6228                      .dwattr $C$DW$503, DW_AT_TI_symbol_name("_GPIO52")
    6229                      .dwattr $C$DW$503, DW_AT_bit_offset(0x0b), DW_AT_bit_size(0x01)
    6230                      .dwattr $C$DW$503, DW_AT_data_member_location[DW_OP_plus_uconst 0x1]
    6231                      .dwattr $C$DW$503, DW_AT_accessibility(DW_ACCESS_public)
    6232              $C$DW$504       .dwtag  DW_TAG_member
    6233                      .dwattr $C$DW$504, DW_AT_type(*$C$DW$T$20)
    6234                      .dwattr $C$DW$504, DW_AT_name("GPIO53")
    6235                      .dwattr $C$DW$504, DW_AT_TI_symbol_name("_GPIO53")
    6236                      .dwattr $C$DW$504, DW_AT_bit_offset(0x0a), DW_AT_bit_size(0x01)
    6237                      .dwattr $C$DW$504, DW_AT_data_member_location[DW_OP_plus_uconst 0x1]
    6238                      .dwattr $C$DW$504, DW_AT_accessibility(DW_ACCESS_public)
    6239              $C$DW$505       .dwtag  DW_TAG_member
    6240                      .dwattr $C$DW$505, DW_AT_type(*$C$DW$T$20)
    6241                      .dwattr $C$DW$505, DW_AT_name("GPIO54")
    6242                      .dwattr $C$DW$505, DW_AT_TI_symbol_name("_GPIO54")
    6243                      .dwattr $C$DW$505, DW_AT_bit_offset(0x09), DW_AT_bit_size(0x01)
    6244                      .dwattr $C$DW$505, DW_AT_data_member_location[DW_OP_plus_uconst 0x1]
    6245                      .dwattr $C$DW$505, DW_AT_accessibility(DW_ACCESS_public)
    6246              $C$DW$506       .dwtag  DW_TAG_member
    6247                      .dwattr $C$DW$506, DW_AT_type(*$C$DW$T$20)
    6248                      .dwattr $C$DW$506, DW_AT_name("GPIO55")
    6249                      .dwattr $C$DW$506, DW_AT_TI_symbol_name("_GPIO55")
    6250                      .dwattr $C$DW$506, DW_AT_bit_offset(0x08), DW_AT_bit_size(0x01)
    6251                      .dwattr $C$DW$506, DW_AT_data_member_location[DW_OP_plus_uconst 0x1]
    6252                      .dwattr $C$DW$506, DW_AT_accessibility(DW_ACCESS_public)
    6253              $C$DW$507       .dwtag  DW_TAG_member
    6254                      .dwattr $C$DW$507, DW_AT_type(*$C$DW$T$20)
    6255                      .dwattr $C$DW$507, DW_AT_name("GPIO56")
TMS320C2000 Assembler PC v6.1.0 Fri Feb 14 09:23:40 2020

Tools Copyright (c) 1996-2012 Texas Instruments Incorporated
F:/Work/Code Area/Combis/Bootloader/Example_Flash2806x_API21_Combi/Example_Flash2806x_API21_Combi/Example_Flash2806x_API/Debug/Example_Flash2806x_API.asm PAGE  120

    6256                      .dwattr $C$DW$507, DW_AT_TI_symbol_name("_GPIO56")
    6257                      .dwattr $C$DW$507, DW_AT_bit_offset(0x07), DW_AT_bit_size(0x01)
    6258                      .dwattr $C$DW$507, DW_AT_data_member_location[DW_OP_plus_uconst 0x1]
    6259                      .dwattr $C$DW$507, DW_AT_accessibility(DW_ACCESS_public)
    6260              $C$DW$508       .dwtag  DW_TAG_member
    6261                      .dwattr $C$DW$508, DW_AT_type(*$C$DW$T$20)
    6262                      .dwattr $C$DW$508, DW_AT_name("GPIO57")
    6263                      .dwattr $C$DW$508, DW_AT_TI_symbol_name("_GPIO57")
    6264                      .dwattr $C$DW$508, DW_AT_bit_offset(0x06), DW_AT_bit_size(0x01)
    6265                      .dwattr $C$DW$508, DW_AT_data_member_location[DW_OP_plus_uconst 0x1]
    6266                      .dwattr $C$DW$508, DW_AT_accessibility(DW_ACCESS_public)
    6267              $C$DW$509       .dwtag  DW_TAG_member
    6268                      .dwattr $C$DW$509, DW_AT_type(*$C$DW$T$20)
    6269                      .dwattr $C$DW$509, DW_AT_name("GPIO58")
    6270                      .dwattr $C$DW$509, DW_AT_TI_symbol_name("_GPIO58")
    6271                      .dwattr $C$DW$509, DW_AT_bit_offset(0x05), DW_AT_bit_size(0x01)
    6272                      .dwattr $C$DW$509, DW_AT_data_member_location[DW_OP_plus_uconst 0x1]
    6273                      .dwattr $C$DW$509, DW_AT_accessibility(DW_ACCESS_public)
    6274              $C$DW$510       .dwtag  DW_TAG_member
    6275                      .dwattr $C$DW$510, DW_AT_type(*$C$DW$T$20)
    6276                      .dwattr $C$DW$510, DW_AT_name("rsvd3")
    6277                      .dwattr $C$DW$510, DW_AT_TI_symbol_name("_rsvd3")
    6278                      .dwattr $C$DW$510, DW_AT_bit_offset(0x00), DW_AT_bit_size(0x05)
    6279                      .dwattr $C$DW$510, DW_AT_data_member_location[DW_OP_plus_uconst 0x1]
    6280                      .dwattr $C$DW$510, DW_AT_accessibility(DW_ACCESS_public)
    6281                      .dwendtag $C$DW$T$54
    6282              
    6283              
    6284              $C$DW$T$55      .dwtag  DW_TAG_union_type
    6285                      .dwattr $C$DW$T$55, DW_AT_name("GPBDAT_REG")
    6286                      .dwattr $C$DW$T$55, DW_AT_byte_size(0x02)
    6287              $C$DW$511       .dwtag  DW_TAG_member
    6288                      .dwattr $C$DW$511, DW_AT_type(*$C$DW$T$19)
    6289                      .dwattr $C$DW$511, DW_AT_name("all")
    6290                      .dwattr $C$DW$511, DW_AT_TI_symbol_name("_all")
    6291                      .dwattr $C$DW$511, DW_AT_data_member_location[DW_OP_plus_uconst 0x0]
    6292                      .dwattr $C$DW$511, DW_AT_accessibility(DW_ACCESS_public)
    6293              $C$DW$512       .dwtag  DW_TAG_member
    6294                      .dwattr $C$DW$512, DW_AT_type(*$C$DW$T$54)
    6295                      .dwattr $C$DW$512, DW_AT_name("bit")
    6296                      .dwattr $C$DW$512, DW_AT_TI_symbol_name("_bit")
    6297                      .dwattr $C$DW$512, DW_AT_data_member_location[DW_OP_plus_uconst 0x0]
    6298                      .dwattr $C$DW$512, DW_AT_accessibility(DW_ACCESS_public)
    6299                      .dwendtag $C$DW$T$55
    6300              
    6301              
    6302              $C$DW$T$59      .dwtag  DW_TAG_structure_type
    6303                      .dwattr $C$DW$T$59, DW_AT_name("GPIO_CTRL_REGS")
    6304                      .dwattr $C$DW$T$59, DW_AT_byte_size(0x40)
    6305              $C$DW$513       .dwtag  DW_TAG_member
    6306                      .dwattr $C$DW$513, DW_AT_type(*$C$DW$T$45)
    6307                      .dwattr $C$DW$513, DW_AT_name("GPACTRL")
    6308                      .dwattr $C$DW$513, DW_AT_TI_symbol_name("_GPACTRL")
    6309                      .dwattr $C$DW$513, DW_AT_data_member_location[DW_OP_plus_uconst 0x0]
    6310                      .dwattr $C$DW$513, DW_AT_accessibility(DW_ACCESS_public)
TMS320C2000 Assembler PC v6.1.0 Fri Feb 14 09:23:40 2020

Tools Copyright (c) 1996-2012 Texas Instruments Incorporated
F:/Work/Code Area/Combis/Bootloader/Example_Flash2806x_API21_Combi/Example_Flash2806x_API21_Combi/Example_Flash2806x_API/Debug/Example_Flash2806x_API.asm PAGE  121

    6311              $C$DW$514       .dwtag  DW_TAG_member
    6312                      .dwattr $C$DW$514, DW_AT_type(*$C$DW$T$41)
    6313                      .dwattr $C$DW$514, DW_AT_name("GPAQSEL1")
    6314                      .dwattr $C$DW$514, DW_AT_TI_symbol_name("_GPAQSEL1")
    6315                      .dwattr $C$DW$514, DW_AT_data_member_location[DW_OP_plus_uconst 0x2]
    6316                      .dwattr $C$DW$514, DW_AT_accessibility(DW_ACCESS_public)
    6317              $C$DW$515       .dwtag  DW_TAG_member
    6318                      .dwattr $C$DW$515, DW_AT_type(*$C$DW$T$43)
    6319                      .dwattr $C$DW$515, DW_AT_name("GPAQSEL2")
    6320                      .dwattr $C$DW$515, DW_AT_TI_symbol_name("_GPAQSEL2")
    6321                      .dwattr $C$DW$515, DW_AT_data_member_location[DW_OP_plus_uconst 0x4]
    6322                      .dwattr $C$DW$515, DW_AT_accessibility(DW_ACCESS_public)
    6323              $C$DW$516       .dwtag  DW_TAG_member
    6324                      .dwattr $C$DW$516, DW_AT_type(*$C$DW$T$41)
    6325                      .dwattr $C$DW$516, DW_AT_name("GPAMUX1")
    6326                      .dwattr $C$DW$516, DW_AT_TI_symbol_name("_GPAMUX1")
    6327                      .dwattr $C$DW$516, DW_AT_data_member_location[DW_OP_plus_uconst 0x6]
    6328                      .dwattr $C$DW$516, DW_AT_accessibility(DW_ACCESS_public)
    6329              $C$DW$517       .dwtag  DW_TAG_member
    6330                      .dwattr $C$DW$517, DW_AT_type(*$C$DW$T$43)
    6331                      .dwattr $C$DW$517, DW_AT_name("GPAMUX2")
    6332                      .dwattr $C$DW$517, DW_AT_TI_symbol_name("_GPAMUX2")
    6333                      .dwattr $C$DW$517, DW_AT_data_member_location[DW_OP_plus_uconst 0x8]
    6334                      .dwattr $C$DW$517, DW_AT_accessibility(DW_ACCESS_public)
    6335              $C$DW$518       .dwtag  DW_TAG_member
    6336                      .dwattr $C$DW$518, DW_AT_type(*$C$DW$T$47)
    6337                      .dwattr $C$DW$518, DW_AT_name("GPADIR")
    6338                      .dwattr $C$DW$518, DW_AT_TI_symbol_name("_GPADIR")
    6339                      .dwattr $C$DW$518, DW_AT_data_member_location[DW_OP_plus_uconst 0xa]
    6340                      .dwattr $C$DW$518, DW_AT_accessibility(DW_ACCESS_public)
    6341              $C$DW$519       .dwtag  DW_TAG_member
    6342                      .dwattr $C$DW$519, DW_AT_type(*$C$DW$T$47)
    6343                      .dwattr $C$DW$519, DW_AT_name("GPAPUD")
    6344                      .dwattr $C$DW$519, DW_AT_TI_symbol_name("_GPAPUD")
    6345                      .dwattr $C$DW$519, DW_AT_data_member_location[DW_OP_plus_uconst 0xc]
    6346                      .dwattr $C$DW$519, DW_AT_accessibility(DW_ACCESS_public)
    6347              $C$DW$520       .dwtag  DW_TAG_member
    6348                      .dwattr $C$DW$520, DW_AT_type(*$C$DW$T$56)
    6349                      .dwattr $C$DW$520, DW_AT_name("rsvd1")
    6350                      .dwattr $C$DW$520, DW_AT_TI_symbol_name("_rsvd1")
    6351                      .dwattr $C$DW$520, DW_AT_data_member_location[DW_OP_plus_uconst 0xe]
    6352                      .dwattr $C$DW$520, DW_AT_accessibility(DW_ACCESS_public)
    6353              $C$DW$521       .dwtag  DW_TAG_member
    6354                      .dwattr $C$DW$521, DW_AT_type(*$C$DW$T$53)
    6355                      .dwattr $C$DW$521, DW_AT_name("GPBCTRL")
    6356                      .dwattr $C$DW$521, DW_AT_TI_symbol_name("_GPBCTRL")
    6357                      .dwattr $C$DW$521, DW_AT_data_member_location[DW_OP_plus_uconst 0x10]
    6358                      .dwattr $C$DW$521, DW_AT_accessibility(DW_ACCESS_public)
    6359              $C$DW$522       .dwtag  DW_TAG_member
    6360                      .dwattr $C$DW$522, DW_AT_type(*$C$DW$T$49)
    6361                      .dwattr $C$DW$522, DW_AT_name("GPBQSEL1")
    6362                      .dwattr $C$DW$522, DW_AT_TI_symbol_name("_GPBQSEL1")
    6363                      .dwattr $C$DW$522, DW_AT_data_member_location[DW_OP_plus_uconst 0x12]
    6364                      .dwattr $C$DW$522, DW_AT_accessibility(DW_ACCESS_public)
    6365              $C$DW$523       .dwtag  DW_TAG_member
TMS320C2000 Assembler PC v6.1.0 Fri Feb 14 09:23:40 2020

Tools Copyright (c) 1996-2012 Texas Instruments Incorporated
F:/Work/Code Area/Combis/Bootloader/Example_Flash2806x_API21_Combi/Example_Flash2806x_API21_Combi/Example_Flash2806x_API/Debug/Example_Flash2806x_API.asm PAGE  122

    6366                      .dwattr $C$DW$523, DW_AT_type(*$C$DW$T$51)
    6367                      .dwattr $C$DW$523, DW_AT_name("GPBQSEL2")
    6368                      .dwattr $C$DW$523, DW_AT_TI_symbol_name("_GPBQSEL2")
    6369                      .dwattr $C$DW$523, DW_AT_data_member_location[DW_OP_plus_uconst 0x14]
    6370                      .dwattr $C$DW$523, DW_AT_accessibility(DW_ACCESS_public)
    6371              $C$DW$524       .dwtag  DW_TAG_member
    6372                      .dwattr $C$DW$524, DW_AT_type(*$C$DW$T$49)
    6373                      .dwattr $C$DW$524, DW_AT_name("GPBMUX1")
    6374                      .dwattr $C$DW$524, DW_AT_TI_symbol_name("_GPBMUX1")
    6375                      .dwattr $C$DW$524, DW_AT_data_member_location[DW_OP_plus_uconst 0x16]
    6376                      .dwattr $C$DW$524, DW_AT_accessibility(DW_ACCESS_public)
    6377              $C$DW$525       .dwtag  DW_TAG_member
    6378                      .dwattr $C$DW$525, DW_AT_type(*$C$DW$T$51)
    6379                      .dwattr $C$DW$525, DW_AT_name("GPBMUX2")
    6380                      .dwattr $C$DW$525, DW_AT_TI_symbol_name("_GPBMUX2")
    6381                      .dwattr $C$DW$525, DW_AT_data_member_location[DW_OP_plus_uconst 0x18]
    6382                      .dwattr $C$DW$525, DW_AT_accessibility(DW_ACCESS_public)
    6383              $C$DW$526       .dwtag  DW_TAG_member
    6384                      .dwattr $C$DW$526, DW_AT_type(*$C$DW$T$55)
    6385                      .dwattr $C$DW$526, DW_AT_name("GPBDIR")
    6386                      .dwattr $C$DW$526, DW_AT_TI_symbol_name("_GPBDIR")
    6387                      .dwattr $C$DW$526, DW_AT_data_member_location[DW_OP_plus_uconst 0x1a]
    6388                      .dwattr $C$DW$526, DW_AT_accessibility(DW_ACCESS_public)
    6389              $C$DW$527       .dwtag  DW_TAG_member
    6390                      .dwattr $C$DW$527, DW_AT_type(*$C$DW$T$55)
    6391                      .dwattr $C$DW$527, DW_AT_name("GPBPUD")
    6392                      .dwattr $C$DW$527, DW_AT_TI_symbol_name("_GPBPUD")
    6393                      .dwattr $C$DW$527, DW_AT_data_member_location[DW_OP_plus_uconst 0x1c]
    6394                      .dwattr $C$DW$527, DW_AT_accessibility(DW_ACCESS_public)
    6395              $C$DW$528       .dwtag  DW_TAG_member
    6396                      .dwattr $C$DW$528, DW_AT_type(*$C$DW$T$57)
    6397                      .dwattr $C$DW$528, DW_AT_name("rsvd2")
    6398                      .dwattr $C$DW$528, DW_AT_TI_symbol_name("_rsvd2")
    6399                      .dwattr $C$DW$528, DW_AT_data_member_location[DW_OP_plus_uconst 0x1e]
    6400                      .dwattr $C$DW$528, DW_AT_accessibility(DW_ACCESS_public)
    6401              $C$DW$529       .dwtag  DW_TAG_member
    6402                      .dwattr $C$DW$529, DW_AT_type(*$C$DW$T$31)
    6403                      .dwattr $C$DW$529, DW_AT_name("AIOMUX1")
    6404                      .dwattr $C$DW$529, DW_AT_TI_symbol_name("_AIOMUX1")
    6405                      .dwattr $C$DW$529, DW_AT_data_member_location[DW_OP_plus_uconst 0x36]
    6406                      .dwattr $C$DW$529, DW_AT_accessibility(DW_ACCESS_public)
    6407              $C$DW$530       .dwtag  DW_TAG_member
    6408                      .dwattr $C$DW$530, DW_AT_type(*$C$DW$T$56)
    6409                      .dwattr $C$DW$530, DW_AT_name("rsvd3")
    6410                      .dwattr $C$DW$530, DW_AT_TI_symbol_name("_rsvd3")
    6411                      .dwattr $C$DW$530, DW_AT_data_member_location[DW_OP_plus_uconst 0x38]
    6412                      .dwattr $C$DW$530, DW_AT_accessibility(DW_ACCESS_public)
    6413              $C$DW$531       .dwtag  DW_TAG_member
    6414                      .dwattr $C$DW$531, DW_AT_type(*$C$DW$T$29)
    6415                      .dwattr $C$DW$531, DW_AT_name("AIODIR")
    6416                      .dwattr $C$DW$531, DW_AT_TI_symbol_name("_AIODIR")
    6417                      .dwattr $C$DW$531, DW_AT_data_member_location[DW_OP_plus_uconst 0x3a]
    6418                      .dwattr $C$DW$531, DW_AT_accessibility(DW_ACCESS_public)
    6419              $C$DW$532       .dwtag  DW_TAG_member
    6420                      .dwattr $C$DW$532, DW_AT_type(*$C$DW$T$58)
TMS320C2000 Assembler PC v6.1.0 Fri Feb 14 09:23:40 2020

Tools Copyright (c) 1996-2012 Texas Instruments Incorporated
F:/Work/Code Area/Combis/Bootloader/Example_Flash2806x_API21_Combi/Example_Flash2806x_API21_Combi/Example_Flash2806x_API/Debug/Example_Flash2806x_API.asm PAGE  123

    6421                      .dwattr $C$DW$532, DW_AT_name("rsvd4")
    6422                      .dwattr $C$DW$532, DW_AT_TI_symbol_name("_rsvd4")
    6423                      .dwattr $C$DW$532, DW_AT_data_member_location[DW_OP_plus_uconst 0x3c]
    6424                      .dwattr $C$DW$532, DW_AT_accessibility(DW_ACCESS_public)
    6425                      .dwendtag $C$DW$T$59
    6426              
    6427              $C$DW$533       .dwtag  DW_TAG_TI_far_type
    6428                      .dwattr $C$DW$533, DW_AT_type(*$C$DW$T$59)
    6429              $C$DW$T$121     .dwtag  DW_TAG_volatile_type
    6430                      .dwattr $C$DW$T$121, DW_AT_type(*$C$DW$533)
    6431              
    6432              $C$DW$T$61      .dwtag  DW_TAG_structure_type
    6433                      .dwattr $C$DW$T$61, DW_AT_name("GPIO_DATA_REGS")
    6434                      .dwattr $C$DW$T$61, DW_AT_byte_size(0x20)
    6435              $C$DW$534       .dwtag  DW_TAG_member
    6436                      .dwattr $C$DW$534, DW_AT_type(*$C$DW$T$47)
    6437                      .dwattr $C$DW$534, DW_AT_name("GPADAT")
    6438                      .dwattr $C$DW$534, DW_AT_TI_symbol_name("_GPADAT")
    6439                      .dwattr $C$DW$534, DW_AT_data_member_location[DW_OP_plus_uconst 0x0]
    6440                      .dwattr $C$DW$534, DW_AT_accessibility(DW_ACCESS_public)
    6441              $C$DW$535       .dwtag  DW_TAG_member
    6442                      .dwattr $C$DW$535, DW_AT_type(*$C$DW$T$47)
    6443                      .dwattr $C$DW$535, DW_AT_name("GPASET")
    6444                      .dwattr $C$DW$535, DW_AT_TI_symbol_name("_GPASET")
    6445                      .dwattr $C$DW$535, DW_AT_data_member_location[DW_OP_plus_uconst 0x2]
    6446                      .dwattr $C$DW$535, DW_AT_accessibility(DW_ACCESS_public)
    6447              $C$DW$536       .dwtag  DW_TAG_member
    6448                      .dwattr $C$DW$536, DW_AT_type(*$C$DW$T$47)
    6449                      .dwattr $C$DW$536, DW_AT_name("GPACLEAR")
    6450                      .dwattr $C$DW$536, DW_AT_TI_symbol_name("_GPACLEAR")
    6451                      .dwattr $C$DW$536, DW_AT_data_member_location[DW_OP_plus_uconst 0x4]
    6452                      .dwattr $C$DW$536, DW_AT_accessibility(DW_ACCESS_public)
    6453              $C$DW$537       .dwtag  DW_TAG_member
    6454                      .dwattr $C$DW$537, DW_AT_type(*$C$DW$T$47)
    6455                      .dwattr $C$DW$537, DW_AT_name("GPATOGGLE")
    6456                      .dwattr $C$DW$537, DW_AT_TI_symbol_name("_GPATOGGLE")
    6457                      .dwattr $C$DW$537, DW_AT_data_member_location[DW_OP_plus_uconst 0x6]
    6458                      .dwattr $C$DW$537, DW_AT_accessibility(DW_ACCESS_public)
    6459              $C$DW$538       .dwtag  DW_TAG_member
    6460                      .dwattr $C$DW$538, DW_AT_type(*$C$DW$T$55)
    6461                      .dwattr $C$DW$538, DW_AT_name("GPBDAT")
    6462                      .dwattr $C$DW$538, DW_AT_TI_symbol_name("_GPBDAT")
    6463                      .dwattr $C$DW$538, DW_AT_data_member_location[DW_OP_plus_uconst 0x8]
    6464                      .dwattr $C$DW$538, DW_AT_accessibility(DW_ACCESS_public)
    6465              $C$DW$539       .dwtag  DW_TAG_member
    6466                      .dwattr $C$DW$539, DW_AT_type(*$C$DW$T$55)
    6467                      .dwattr $C$DW$539, DW_AT_name("GPBSET")
    6468                      .dwattr $C$DW$539, DW_AT_TI_symbol_name("_GPBSET")
    6469                      .dwattr $C$DW$539, DW_AT_data_member_location[DW_OP_plus_uconst 0xa]
    6470                      .dwattr $C$DW$539, DW_AT_accessibility(DW_ACCESS_public)
    6471              $C$DW$540       .dwtag  DW_TAG_member
    6472                      .dwattr $C$DW$540, DW_AT_type(*$C$DW$T$55)
    6473                      .dwattr $C$DW$540, DW_AT_name("GPBCLEAR")
    6474                      .dwattr $C$DW$540, DW_AT_TI_symbol_name("_GPBCLEAR")
    6475                      .dwattr $C$DW$540, DW_AT_data_member_location[DW_OP_plus_uconst 0xc]
TMS320C2000 Assembler PC v6.1.0 Fri Feb 14 09:23:40 2020

Tools Copyright (c) 1996-2012 Texas Instruments Incorporated
F:/Work/Code Area/Combis/Bootloader/Example_Flash2806x_API21_Combi/Example_Flash2806x_API21_Combi/Example_Flash2806x_API/Debug/Example_Flash2806x_API.asm PAGE  124

    6476                      .dwattr $C$DW$540, DW_AT_accessibility(DW_ACCESS_public)
    6477              $C$DW$541       .dwtag  DW_TAG_member
    6478                      .dwattr $C$DW$541, DW_AT_type(*$C$DW$T$55)
    6479                      .dwattr $C$DW$541, DW_AT_name("GPBTOGGLE")
    6480                      .dwattr $C$DW$541, DW_AT_TI_symbol_name("_GPBTOGGLE")
    6481                      .dwattr $C$DW$541, DW_AT_data_member_location[DW_OP_plus_uconst 0xe]
    6482                      .dwattr $C$DW$541, DW_AT_accessibility(DW_ACCESS_public)
    6483              $C$DW$542       .dwtag  DW_TAG_member
    6484                      .dwattr $C$DW$542, DW_AT_type(*$C$DW$T$60)
    6485                      .dwattr $C$DW$542, DW_AT_name("rsvd1")
    6486                      .dwattr $C$DW$542, DW_AT_TI_symbol_name("_rsvd1")
    6487                      .dwattr $C$DW$542, DW_AT_data_member_location[DW_OP_plus_uconst 0x10]
    6488                      .dwattr $C$DW$542, DW_AT_accessibility(DW_ACCESS_public)
    6489              $C$DW$543       .dwtag  DW_TAG_member
    6490                      .dwattr $C$DW$543, DW_AT_type(*$C$DW$T$29)
    6491                      .dwattr $C$DW$543, DW_AT_name("AIODAT")
    6492                      .dwattr $C$DW$543, DW_AT_TI_symbol_name("_AIODAT")
    6493                      .dwattr $C$DW$543, DW_AT_data_member_location[DW_OP_plus_uconst 0x18]
    6494                      .dwattr $C$DW$543, DW_AT_accessibility(DW_ACCESS_public)
    6495              $C$DW$544       .dwtag  DW_TAG_member
    6496                      .dwattr $C$DW$544, DW_AT_type(*$C$DW$T$29)
    6497                      .dwattr $C$DW$544, DW_AT_name("AIOSET")
    6498                      .dwattr $C$DW$544, DW_AT_TI_symbol_name("_AIOSET")
    6499                      .dwattr $C$DW$544, DW_AT_data_member_location[DW_OP_plus_uconst 0x1a]
    6500                      .dwattr $C$DW$544, DW_AT_accessibility(DW_ACCESS_public)
    6501              $C$DW$545       .dwtag  DW_TAG_member
    6502                      .dwattr $C$DW$545, DW_AT_type(*$C$DW$T$29)
    6503                      .dwattr $C$DW$545, DW_AT_name("AIOCLEAR")
    6504                      .dwattr $C$DW$545, DW_AT_TI_symbol_name("_AIOCLEAR")
    6505                      .dwattr $C$DW$545, DW_AT_data_member_location[DW_OP_plus_uconst 0x1c]
    6506                      .dwattr $C$DW$545, DW_AT_accessibility(DW_ACCESS_public)
    6507              $C$DW$546       .dwtag  DW_TAG_member
    6508                      .dwattr $C$DW$546, DW_AT_type(*$C$DW$T$29)
    6509                      .dwattr $C$DW$546, DW_AT_name("AIOTOGGLE")
    6510                      .dwattr $C$DW$546, DW_AT_TI_symbol_name("_AIOTOGGLE")
    6511                      .dwattr $C$DW$546, DW_AT_data_member_location[DW_OP_plus_uconst 0x1e]
    6512                      .dwattr $C$DW$546, DW_AT_accessibility(DW_ACCESS_public)
    6513                      .dwendtag $C$DW$T$61
    6514              
    6515              $C$DW$547       .dwtag  DW_TAG_TI_far_type
    6516                      .dwattr $C$DW$547, DW_AT_type(*$C$DW$T$61)
    6517              $C$DW$T$122     .dwtag  DW_TAG_volatile_type
    6518                      .dwattr $C$DW$T$122, DW_AT_type(*$C$DW$547)
    6519              
    6520              $C$DW$T$62      .dwtag  DW_TAG_structure_type
    6521                      .dwattr $C$DW$T$62, DW_AT_name("INTOSC1TRIM_BITS")
    6522                      .dwattr $C$DW$T$62, DW_AT_byte_size(0x01)
    6523              $C$DW$548       .dwtag  DW_TAG_member
    6524                      .dwattr $C$DW$548, DW_AT_type(*$C$DW$T$20)
    6525                      .dwattr $C$DW$548, DW_AT_name("COARSETRIM")
    6526                      .dwattr $C$DW$548, DW_AT_TI_symbol_name("_COARSETRIM")
    6527                      .dwattr $C$DW$548, DW_AT_bit_offset(0x08), DW_AT_bit_size(0x08)
    6528                      .dwattr $C$DW$548, DW_AT_data_member_location[DW_OP_plus_uconst 0x0]
    6529                      .dwattr $C$DW$548, DW_AT_accessibility(DW_ACCESS_public)
    6530              $C$DW$549       .dwtag  DW_TAG_member
TMS320C2000 Assembler PC v6.1.0 Fri Feb 14 09:23:40 2020

Tools Copyright (c) 1996-2012 Texas Instruments Incorporated
F:/Work/Code Area/Combis/Bootloader/Example_Flash2806x_API21_Combi/Example_Flash2806x_API21_Combi/Example_Flash2806x_API/Debug/Example_Flash2806x_API.asm PAGE  125

    6531                      .dwattr $C$DW$549, DW_AT_type(*$C$DW$T$20)
    6532                      .dwattr $C$DW$549, DW_AT_name("rsvd1")
    6533                      .dwattr $C$DW$549, DW_AT_TI_symbol_name("_rsvd1")
    6534                      .dwattr $C$DW$549, DW_AT_bit_offset(0x07), DW_AT_bit_size(0x01)
    6535                      .dwattr $C$DW$549, DW_AT_data_member_location[DW_OP_plus_uconst 0x0]
    6536                      .dwattr $C$DW$549, DW_AT_accessibility(DW_ACCESS_public)
    6537              $C$DW$550       .dwtag  DW_TAG_member
    6538                      .dwattr $C$DW$550, DW_AT_type(*$C$DW$T$20)
    6539                      .dwattr $C$DW$550, DW_AT_name("FINETRIM")
    6540                      .dwattr $C$DW$550, DW_AT_TI_symbol_name("_FINETRIM")
    6541                      .dwattr $C$DW$550, DW_AT_bit_offset(0x01), DW_AT_bit_size(0x06)
    6542                      .dwattr $C$DW$550, DW_AT_data_member_location[DW_OP_plus_uconst 0x0]
    6543                      .dwattr $C$DW$550, DW_AT_accessibility(DW_ACCESS_public)
    6544              $C$DW$551       .dwtag  DW_TAG_member
    6545                      .dwattr $C$DW$551, DW_AT_type(*$C$DW$T$20)
    6546                      .dwattr $C$DW$551, DW_AT_name("rsvd2")
    6547                      .dwattr $C$DW$551, DW_AT_TI_symbol_name("_rsvd2")
    6548                      .dwattr $C$DW$551, DW_AT_bit_offset(0x00), DW_AT_bit_size(0x01)
    6549                      .dwattr $C$DW$551, DW_AT_data_member_location[DW_OP_plus_uconst 0x0]
    6550                      .dwattr $C$DW$551, DW_AT_accessibility(DW_ACCESS_public)
    6551                      .dwendtag $C$DW$T$62
    6552              
    6553              
    6554              $C$DW$T$63      .dwtag  DW_TAG_union_type
    6555                      .dwattr $C$DW$T$63, DW_AT_name("INTOSC1TRIM_REG")
    6556                      .dwattr $C$DW$T$63, DW_AT_byte_size(0x01)
    6557              $C$DW$552       .dwtag  DW_TAG_member
    6558                      .dwattr $C$DW$552, DW_AT_type(*$C$DW$T$20)
    6559                      .dwattr $C$DW$552, DW_AT_name("all")
    6560                      .dwattr $C$DW$552, DW_AT_TI_symbol_name("_all")
    6561                      .dwattr $C$DW$552, DW_AT_data_member_location[DW_OP_plus_uconst 0x0]
    6562                      .dwattr $C$DW$552, DW_AT_accessibility(DW_ACCESS_public)
    6563              $C$DW$553       .dwtag  DW_TAG_member
    6564                      .dwattr $C$DW$553, DW_AT_type(*$C$DW$T$62)
    6565                      .dwattr $C$DW$553, DW_AT_name("bit")
    6566                      .dwattr $C$DW$553, DW_AT_TI_symbol_name("_bit")
    6567                      .dwattr $C$DW$553, DW_AT_data_member_location[DW_OP_plus_uconst 0x0]
    6568                      .dwattr $C$DW$553, DW_AT_accessibility(DW_ACCESS_public)
    6569                      .dwendtag $C$DW$T$63
    6570              
    6571              
    6572              $C$DW$T$64      .dwtag  DW_TAG_structure_type
    6573                      .dwattr $C$DW$T$64, DW_AT_name("INTOSC2TRIM_BITS")
    6574                      .dwattr $C$DW$T$64, DW_AT_byte_size(0x01)
    6575              $C$DW$554       .dwtag  DW_TAG_member
    6576                      .dwattr $C$DW$554, DW_AT_type(*$C$DW$T$20)
    6577                      .dwattr $C$DW$554, DW_AT_name("COARSETRIM")
    6578                      .dwattr $C$DW$554, DW_AT_TI_symbol_name("_COARSETRIM")
    6579                      .dwattr $C$DW$554, DW_AT_bit_offset(0x08), DW_AT_bit_size(0x08)
    6580                      .dwattr $C$DW$554, DW_AT_data_member_location[DW_OP_plus_uconst 0x0]
    6581                      .dwattr $C$DW$554, DW_AT_accessibility(DW_ACCESS_public)
    6582              $C$DW$555       .dwtag  DW_TAG_member
    6583                      .dwattr $C$DW$555, DW_AT_type(*$C$DW$T$20)
    6584                      .dwattr $C$DW$555, DW_AT_name("rsvd1")
    6585                      .dwattr $C$DW$555, DW_AT_TI_symbol_name("_rsvd1")
TMS320C2000 Assembler PC v6.1.0 Fri Feb 14 09:23:40 2020

Tools Copyright (c) 1996-2012 Texas Instruments Incorporated
F:/Work/Code Area/Combis/Bootloader/Example_Flash2806x_API21_Combi/Example_Flash2806x_API21_Combi/Example_Flash2806x_API/Debug/Example_Flash2806x_API.asm PAGE  126

    6586                      .dwattr $C$DW$555, DW_AT_bit_offset(0x07), DW_AT_bit_size(0x01)
    6587                      .dwattr $C$DW$555, DW_AT_data_member_location[DW_OP_plus_uconst 0x0]
    6588                      .dwattr $C$DW$555, DW_AT_accessibility(DW_ACCESS_public)
    6589              $C$DW$556       .dwtag  DW_TAG_member
    6590                      .dwattr $C$DW$556, DW_AT_type(*$C$DW$T$20)
    6591                      .dwattr $C$DW$556, DW_AT_name("FINETRIM")
    6592                      .dwattr $C$DW$556, DW_AT_TI_symbol_name("_FINETRIM")
    6593                      .dwattr $C$DW$556, DW_AT_bit_offset(0x01), DW_AT_bit_size(0x06)
    6594                      .dwattr $C$DW$556, DW_AT_data_member_location[DW_OP_plus_uconst 0x0]
    6595                      .dwattr $C$DW$556, DW_AT_accessibility(DW_ACCESS_public)
    6596              $C$DW$557       .dwtag  DW_TAG_member
    6597                      .dwattr $C$DW$557, DW_AT_type(*$C$DW$T$20)
    6598                      .dwattr $C$DW$557, DW_AT_name("rsvd2")
    6599                      .dwattr $C$DW$557, DW_AT_TI_symbol_name("_rsvd2")
    6600                      .dwattr $C$DW$557, DW_AT_bit_offset(0x00), DW_AT_bit_size(0x01)
    6601                      .dwattr $C$DW$557, DW_AT_data_member_location[DW_OP_plus_uconst 0x0]
    6602                      .dwattr $C$DW$557, DW_AT_accessibility(DW_ACCESS_public)
    6603                      .dwendtag $C$DW$T$64
    6604              
    6605              
    6606              $C$DW$T$65      .dwtag  DW_TAG_union_type
    6607                      .dwattr $C$DW$T$65, DW_AT_name("INTOSC2TRIM_REG")
    6608                      .dwattr $C$DW$T$65, DW_AT_byte_size(0x01)
    6609              $C$DW$558       .dwtag  DW_TAG_member
    6610                      .dwattr $C$DW$558, DW_AT_type(*$C$DW$T$20)
    6611                      .dwattr $C$DW$558, DW_AT_name("all")
    6612                      .dwattr $C$DW$558, DW_AT_TI_symbol_name("_all")
    6613                      .dwattr $C$DW$558, DW_AT_data_member_location[DW_OP_plus_uconst 0x0]
    6614                      .dwattr $C$DW$558, DW_AT_accessibility(DW_ACCESS_public)
    6615              $C$DW$559       .dwtag  DW_TAG_member
    6616                      .dwattr $C$DW$559, DW_AT_type(*$C$DW$T$64)
    6617                      .dwattr $C$DW$559, DW_AT_name("bit")
    6618                      .dwattr $C$DW$559, DW_AT_TI_symbol_name("_bit")
    6619                      .dwattr $C$DW$559, DW_AT_data_member_location[DW_OP_plus_uconst 0x0]
    6620                      .dwattr $C$DW$559, DW_AT_accessibility(DW_ACCESS_public)
    6621                      .dwendtag $C$DW$T$65
    6622              
    6623              
    6624              $C$DW$T$66      .dwtag  DW_TAG_structure_type
    6625                      .dwattr $C$DW$T$66, DW_AT_name("LOSPCP_BITS")
    6626                      .dwattr $C$DW$T$66, DW_AT_byte_size(0x01)
    6627              $C$DW$560       .dwtag  DW_TAG_member
    6628                      .dwattr $C$DW$560, DW_AT_type(*$C$DW$T$20)
    6629                      .dwattr $C$DW$560, DW_AT_name("LSPCLK")
    6630                      .dwattr $C$DW$560, DW_AT_TI_symbol_name("_LSPCLK")
    6631                      .dwattr $C$DW$560, DW_AT_bit_offset(0x0d), DW_AT_bit_size(0x03)
    6632                      .dwattr $C$DW$560, DW_AT_data_member_location[DW_OP_plus_uconst 0x0]
    6633                      .dwattr $C$DW$560, DW_AT_accessibility(DW_ACCESS_public)
    6634              $C$DW$561       .dwtag  DW_TAG_member
    6635                      .dwattr $C$DW$561, DW_AT_type(*$C$DW$T$20)
    6636                      .dwattr $C$DW$561, DW_AT_name("rsvd1")
    6637                      .dwattr $C$DW$561, DW_AT_TI_symbol_name("_rsvd1")
    6638                      .dwattr $C$DW$561, DW_AT_bit_offset(0x00), DW_AT_bit_size(0x0d)
    6639                      .dwattr $C$DW$561, DW_AT_data_member_location[DW_OP_plus_uconst 0x0]
    6640                      .dwattr $C$DW$561, DW_AT_accessibility(DW_ACCESS_public)
TMS320C2000 Assembler PC v6.1.0 Fri Feb 14 09:23:40 2020

Tools Copyright (c) 1996-2012 Texas Instruments Incorporated
F:/Work/Code Area/Combis/Bootloader/Example_Flash2806x_API21_Combi/Example_Flash2806x_API21_Combi/Example_Flash2806x_API/Debug/Example_Flash2806x_API.asm PAGE  127

    6641                      .dwendtag $C$DW$T$66
    6642              
    6643              
    6644              $C$DW$T$67      .dwtag  DW_TAG_union_type
    6645                      .dwattr $C$DW$T$67, DW_AT_name("LOSPCP_REG")
    6646                      .dwattr $C$DW$T$67, DW_AT_byte_size(0x01)
    6647              $C$DW$562       .dwtag  DW_TAG_member
    6648                      .dwattr $C$DW$562, DW_AT_type(*$C$DW$T$20)
    6649                      .dwattr $C$DW$562, DW_AT_name("all")
    6650                      .dwattr $C$DW$562, DW_AT_TI_symbol_name("_all")
    6651                      .dwattr $C$DW$562, DW_AT_data_member_location[DW_OP_plus_uconst 0x0]
    6652                      .dwattr $C$DW$562, DW_AT_accessibility(DW_ACCESS_public)
    6653              $C$DW$563       .dwtag  DW_TAG_member
    6654                      .dwattr $C$DW$563, DW_AT_type(*$C$DW$T$66)
    6655                      .dwattr $C$DW$563, DW_AT_name("bit")
    6656                      .dwattr $C$DW$563, DW_AT_TI_symbol_name("_bit")
    6657                      .dwattr $C$DW$563, DW_AT_data_member_location[DW_OP_plus_uconst 0x0]
    6658                      .dwattr $C$DW$563, DW_AT_accessibility(DW_ACCESS_public)
    6659                      .dwendtag $C$DW$T$67
    6660              
    6661              
    6662              $C$DW$T$68      .dwtag  DW_TAG_structure_type
    6663                      .dwattr $C$DW$T$68, DW_AT_name("LPMCR0_BITS")
    6664                      .dwattr $C$DW$T$68, DW_AT_byte_size(0x01)
    6665              $C$DW$564       .dwtag  DW_TAG_member
    6666                      .dwattr $C$DW$564, DW_AT_type(*$C$DW$T$20)
    6667                      .dwattr $C$DW$564, DW_AT_name("LPM")
    6668                      .dwattr $C$DW$564, DW_AT_TI_symbol_name("_LPM")
    6669                      .dwattr $C$DW$564, DW_AT_bit_offset(0x0e), DW_AT_bit_size(0x02)
    6670                      .dwattr $C$DW$564, DW_AT_data_member_location[DW_OP_plus_uconst 0x0]
    6671                      .dwattr $C$DW$564, DW_AT_accessibility(DW_ACCESS_public)
    6672              $C$DW$565       .dwtag  DW_TAG_member
    6673                      .dwattr $C$DW$565, DW_AT_type(*$C$DW$T$20)
    6674                      .dwattr $C$DW$565, DW_AT_name("QUALSTDBY")
    6675                      .dwattr $C$DW$565, DW_AT_TI_symbol_name("_QUALSTDBY")
    6676                      .dwattr $C$DW$565, DW_AT_bit_offset(0x08), DW_AT_bit_size(0x06)
    6677                      .dwattr $C$DW$565, DW_AT_data_member_location[DW_OP_plus_uconst 0x0]
    6678                      .dwattr $C$DW$565, DW_AT_accessibility(DW_ACCESS_public)
    6679              $C$DW$566       .dwtag  DW_TAG_member
    6680                      .dwattr $C$DW$566, DW_AT_type(*$C$DW$T$20)
    6681                      .dwattr $C$DW$566, DW_AT_name("rsvd1")
    6682                      .dwattr $C$DW$566, DW_AT_TI_symbol_name("_rsvd1")
    6683                      .dwattr $C$DW$566, DW_AT_bit_offset(0x01), DW_AT_bit_size(0x07)
    6684                      .dwattr $C$DW$566, DW_AT_data_member_location[DW_OP_plus_uconst 0x0]
    6685                      .dwattr $C$DW$566, DW_AT_accessibility(DW_ACCESS_public)
    6686              $C$DW$567       .dwtag  DW_TAG_member
    6687                      .dwattr $C$DW$567, DW_AT_type(*$C$DW$T$20)
    6688                      .dwattr $C$DW$567, DW_AT_name("WDINTE")
    6689                      .dwattr $C$DW$567, DW_AT_TI_symbol_name("_WDINTE")
    6690                      .dwattr $C$DW$567, DW_AT_bit_offset(0x00), DW_AT_bit_size(0x01)
    6691                      .dwattr $C$DW$567, DW_AT_data_member_location[DW_OP_plus_uconst 0x0]
    6692                      .dwattr $C$DW$567, DW_AT_accessibility(DW_ACCESS_public)
    6693                      .dwendtag $C$DW$T$68
    6694              
    6695              
TMS320C2000 Assembler PC v6.1.0 Fri Feb 14 09:23:40 2020

Tools Copyright (c) 1996-2012 Texas Instruments Incorporated
F:/Work/Code Area/Combis/Bootloader/Example_Flash2806x_API21_Combi/Example_Flash2806x_API21_Combi/Example_Flash2806x_API/Debug/Example_Flash2806x_API.asm PAGE  128

    6696              $C$DW$T$69      .dwtag  DW_TAG_union_type
    6697                      .dwattr $C$DW$T$69, DW_AT_name("LPMCR0_REG")
    6698                      .dwattr $C$DW$T$69, DW_AT_byte_size(0x01)
    6699              $C$DW$568       .dwtag  DW_TAG_member
    6700                      .dwattr $C$DW$568, DW_AT_type(*$C$DW$T$20)
    6701                      .dwattr $C$DW$568, DW_AT_name("all")
    6702                      .dwattr $C$DW$568, DW_AT_TI_symbol_name("_all")
    6703                      .dwattr $C$DW$568, DW_AT_data_member_location[DW_OP_plus_uconst 0x0]
    6704                      .dwattr $C$DW$568, DW_AT_accessibility(DW_ACCESS_public)
    6705              $C$DW$569       .dwtag  DW_TAG_member
    6706                      .dwattr $C$DW$569, DW_AT_type(*$C$DW$T$68)
    6707                      .dwattr $C$DW$569, DW_AT_name("bit")
    6708                      .dwattr $C$DW$569, DW_AT_TI_symbol_name("_bit")
    6709                      .dwattr $C$DW$569, DW_AT_data_member_location[DW_OP_plus_uconst 0x0]
    6710                      .dwattr $C$DW$569, DW_AT_accessibility(DW_ACCESS_public)
    6711                      .dwendtag $C$DW$T$69
    6712              
    6713              
    6714              $C$DW$T$70      .dwtag  DW_TAG_structure_type
    6715                      .dwattr $C$DW$T$70, DW_AT_name("PCLKCR0_BITS")
    6716                      .dwattr $C$DW$T$70, DW_AT_byte_size(0x01)
    6717              $C$DW$570       .dwtag  DW_TAG_member
    6718                      .dwattr $C$DW$570, DW_AT_type(*$C$DW$T$20)
    6719                      .dwattr $C$DW$570, DW_AT_name("HRPWMENCLK")
    6720                      .dwattr $C$DW$570, DW_AT_TI_symbol_name("_HRPWMENCLK")
    6721                      .dwattr $C$DW$570, DW_AT_bit_offset(0x0f), DW_AT_bit_size(0x01)
    6722                      .dwattr $C$DW$570, DW_AT_data_member_location[DW_OP_plus_uconst 0x0]
    6723                      .dwattr $C$DW$570, DW_AT_accessibility(DW_ACCESS_public)
    6724              $C$DW$571       .dwtag  DW_TAG_member
    6725                      .dwattr $C$DW$571, DW_AT_type(*$C$DW$T$20)
    6726                      .dwattr $C$DW$571, DW_AT_name("rsvd1")
    6727                      .dwattr $C$DW$571, DW_AT_TI_symbol_name("_rsvd1")
    6728                      .dwattr $C$DW$571, DW_AT_bit_offset(0x0e), DW_AT_bit_size(0x01)
    6729                      .dwattr $C$DW$571, DW_AT_data_member_location[DW_OP_plus_uconst 0x0]
    6730                      .dwattr $C$DW$571, DW_AT_accessibility(DW_ACCESS_public)
    6731              $C$DW$572       .dwtag  DW_TAG_member
    6732                      .dwattr $C$DW$572, DW_AT_type(*$C$DW$T$20)
    6733                      .dwattr $C$DW$572, DW_AT_name("TBCLKSYNC")
    6734                      .dwattr $C$DW$572, DW_AT_TI_symbol_name("_TBCLKSYNC")
    6735                      .dwattr $C$DW$572, DW_AT_bit_offset(0x0d), DW_AT_bit_size(0x01)
    6736                      .dwattr $C$DW$572, DW_AT_data_member_location[DW_OP_plus_uconst 0x0]
    6737                      .dwattr $C$DW$572, DW_AT_accessibility(DW_ACCESS_public)
    6738              $C$DW$573       .dwtag  DW_TAG_member
    6739                      .dwattr $C$DW$573, DW_AT_type(*$C$DW$T$20)
    6740                      .dwattr $C$DW$573, DW_AT_name("ADCENCLK")
    6741                      .dwattr $C$DW$573, DW_AT_TI_symbol_name("_ADCENCLK")
    6742                      .dwattr $C$DW$573, DW_AT_bit_offset(0x0c), DW_AT_bit_size(0x01)
    6743                      .dwattr $C$DW$573, DW_AT_data_member_location[DW_OP_plus_uconst 0x0]
    6744                      .dwattr $C$DW$573, DW_AT_accessibility(DW_ACCESS_public)
    6745              $C$DW$574       .dwtag  DW_TAG_member
    6746                      .dwattr $C$DW$574, DW_AT_type(*$C$DW$T$20)
    6747                      .dwattr $C$DW$574, DW_AT_name("I2CAENCLK")
    6748                      .dwattr $C$DW$574, DW_AT_TI_symbol_name("_I2CAENCLK")
    6749                      .dwattr $C$DW$574, DW_AT_bit_offset(0x0b), DW_AT_bit_size(0x01)
    6750                      .dwattr $C$DW$574, DW_AT_data_member_location[DW_OP_plus_uconst 0x0]
TMS320C2000 Assembler PC v6.1.0 Fri Feb 14 09:23:40 2020

Tools Copyright (c) 1996-2012 Texas Instruments Incorporated
F:/Work/Code Area/Combis/Bootloader/Example_Flash2806x_API21_Combi/Example_Flash2806x_API21_Combi/Example_Flash2806x_API/Debug/Example_Flash2806x_API.asm PAGE  129

    6751                      .dwattr $C$DW$574, DW_AT_accessibility(DW_ACCESS_public)
    6752              $C$DW$575       .dwtag  DW_TAG_member
    6753                      .dwattr $C$DW$575, DW_AT_type(*$C$DW$T$20)
    6754                      .dwattr $C$DW$575, DW_AT_name("rsvd2")
    6755                      .dwattr $C$DW$575, DW_AT_TI_symbol_name("_rsvd2")
    6756                      .dwattr $C$DW$575, DW_AT_bit_offset(0x0a), DW_AT_bit_size(0x01)
    6757                      .dwattr $C$DW$575, DW_AT_data_member_location[DW_OP_plus_uconst 0x0]
    6758                      .dwattr $C$DW$575, DW_AT_accessibility(DW_ACCESS_public)
    6759              $C$DW$576       .dwtag  DW_TAG_member
    6760                      .dwattr $C$DW$576, DW_AT_type(*$C$DW$T$20)
    6761                      .dwattr $C$DW$576, DW_AT_name("rsvd3")
    6762                      .dwattr $C$DW$576, DW_AT_TI_symbol_name("_rsvd3")
    6763                      .dwattr $C$DW$576, DW_AT_bit_offset(0x08), DW_AT_bit_size(0x02)
    6764                      .dwattr $C$DW$576, DW_AT_data_member_location[DW_OP_plus_uconst 0x0]
    6765                      .dwattr $C$DW$576, DW_AT_accessibility(DW_ACCESS_public)
    6766              $C$DW$577       .dwtag  DW_TAG_member
    6767                      .dwattr $C$DW$577, DW_AT_type(*$C$DW$T$20)
    6768                      .dwattr $C$DW$577, DW_AT_name("SPIAENCLK")
    6769                      .dwattr $C$DW$577, DW_AT_TI_symbol_name("_SPIAENCLK")
    6770                      .dwattr $C$DW$577, DW_AT_bit_offset(0x07), DW_AT_bit_size(0x01)
    6771                      .dwattr $C$DW$577, DW_AT_data_member_location[DW_OP_plus_uconst 0x0]
    6772                      .dwattr $C$DW$577, DW_AT_accessibility(DW_ACCESS_public)
    6773              $C$DW$578       .dwtag  DW_TAG_member
    6774                      .dwattr $C$DW$578, DW_AT_type(*$C$DW$T$20)
    6775                      .dwattr $C$DW$578, DW_AT_name("SPIBENCLK")
    6776                      .dwattr $C$DW$578, DW_AT_TI_symbol_name("_SPIBENCLK")
    6777                      .dwattr $C$DW$578, DW_AT_bit_offset(0x06), DW_AT_bit_size(0x01)
    6778                      .dwattr $C$DW$578, DW_AT_data_member_location[DW_OP_plus_uconst 0x0]
    6779                      .dwattr $C$DW$578, DW_AT_accessibility(DW_ACCESS_public)
    6780              $C$DW$579       .dwtag  DW_TAG_member
    6781                      .dwattr $C$DW$579, DW_AT_type(*$C$DW$T$20)
    6782                      .dwattr $C$DW$579, DW_AT_name("SCIAENCLK")
    6783                      .dwattr $C$DW$579, DW_AT_TI_symbol_name("_SCIAENCLK")
    6784                      .dwattr $C$DW$579, DW_AT_bit_offset(0x05), DW_AT_bit_size(0x01)
    6785                      .dwattr $C$DW$579, DW_AT_data_member_location[DW_OP_plus_uconst 0x0]
    6786                      .dwattr $C$DW$579, DW_AT_accessibility(DW_ACCESS_public)
    6787              $C$DW$580       .dwtag  DW_TAG_member
    6788                      .dwattr $C$DW$580, DW_AT_type(*$C$DW$T$20)
    6789                      .dwattr $C$DW$580, DW_AT_name("SCIBENCLK")
    6790                      .dwattr $C$DW$580, DW_AT_TI_symbol_name("_SCIBENCLK")
    6791                      .dwattr $C$DW$580, DW_AT_bit_offset(0x04), DW_AT_bit_size(0x01)
    6792                      .dwattr $C$DW$580, DW_AT_data_member_location[DW_OP_plus_uconst 0x0]
    6793                      .dwattr $C$DW$580, DW_AT_accessibility(DW_ACCESS_public)
    6794              $C$DW$581       .dwtag  DW_TAG_member
    6795                      .dwattr $C$DW$581, DW_AT_type(*$C$DW$T$20)
    6796                      .dwattr $C$DW$581, DW_AT_name("MCBSPAENCLK")
    6797                      .dwattr $C$DW$581, DW_AT_TI_symbol_name("_MCBSPAENCLK")
    6798                      .dwattr $C$DW$581, DW_AT_bit_offset(0x03), DW_AT_bit_size(0x01)
    6799                      .dwattr $C$DW$581, DW_AT_data_member_location[DW_OP_plus_uconst 0x0]
    6800                      .dwattr $C$DW$581, DW_AT_accessibility(DW_ACCESS_public)
    6801              $C$DW$582       .dwtag  DW_TAG_member
    6802                      .dwattr $C$DW$582, DW_AT_type(*$C$DW$T$20)
    6803                      .dwattr $C$DW$582, DW_AT_name("rsvd4")
    6804                      .dwattr $C$DW$582, DW_AT_TI_symbol_name("_rsvd4")
    6805                      .dwattr $C$DW$582, DW_AT_bit_offset(0x02), DW_AT_bit_size(0x01)
TMS320C2000 Assembler PC v6.1.0 Fri Feb 14 09:23:40 2020

Tools Copyright (c) 1996-2012 Texas Instruments Incorporated
F:/Work/Code Area/Combis/Bootloader/Example_Flash2806x_API21_Combi/Example_Flash2806x_API21_Combi/Example_Flash2806x_API/Debug/Example_Flash2806x_API.asm PAGE  130

    6806                      .dwattr $C$DW$582, DW_AT_data_member_location[DW_OP_plus_uconst 0x0]
    6807                      .dwattr $C$DW$582, DW_AT_accessibility(DW_ACCESS_public)
    6808              $C$DW$583       .dwtag  DW_TAG_member
    6809                      .dwattr $C$DW$583, DW_AT_type(*$C$DW$T$20)
    6810                      .dwattr $C$DW$583, DW_AT_name("ECANAENCLK")
    6811                      .dwattr $C$DW$583, DW_AT_TI_symbol_name("_ECANAENCLK")
    6812                      .dwattr $C$DW$583, DW_AT_bit_offset(0x01), DW_AT_bit_size(0x01)
    6813                      .dwattr $C$DW$583, DW_AT_data_member_location[DW_OP_plus_uconst 0x0]
    6814                      .dwattr $C$DW$583, DW_AT_accessibility(DW_ACCESS_public)
    6815              $C$DW$584       .dwtag  DW_TAG_member
    6816                      .dwattr $C$DW$584, DW_AT_type(*$C$DW$T$20)
    6817                      .dwattr $C$DW$584, DW_AT_name("rsvd5")
    6818                      .dwattr $C$DW$584, DW_AT_TI_symbol_name("_rsvd5")
    6819                      .dwattr $C$DW$584, DW_AT_bit_offset(0x00), DW_AT_bit_size(0x01)
    6820                      .dwattr $C$DW$584, DW_AT_data_member_location[DW_OP_plus_uconst 0x0]
    6821                      .dwattr $C$DW$584, DW_AT_accessibility(DW_ACCESS_public)
    6822                      .dwendtag $C$DW$T$70
    6823              
    6824              
    6825              $C$DW$T$71      .dwtag  DW_TAG_union_type
    6826                      .dwattr $C$DW$T$71, DW_AT_name("PCLKCR0_REG")
    6827                      .dwattr $C$DW$T$71, DW_AT_byte_size(0x01)
    6828              $C$DW$585       .dwtag  DW_TAG_member
    6829                      .dwattr $C$DW$585, DW_AT_type(*$C$DW$T$20)
    6830                      .dwattr $C$DW$585, DW_AT_name("all")
    6831                      .dwattr $C$DW$585, DW_AT_TI_symbol_name("_all")
    6832                      .dwattr $C$DW$585, DW_AT_data_member_location[DW_OP_plus_uconst 0x0]
    6833                      .dwattr $C$DW$585, DW_AT_accessibility(DW_ACCESS_public)
    6834              $C$DW$586       .dwtag  DW_TAG_member
    6835                      .dwattr $C$DW$586, DW_AT_type(*$C$DW$T$70)
    6836                      .dwattr $C$DW$586, DW_AT_name("bit")
    6837                      .dwattr $C$DW$586, DW_AT_TI_symbol_name("_bit")
    6838                      .dwattr $C$DW$586, DW_AT_data_member_location[DW_OP_plus_uconst 0x0]
    6839                      .dwattr $C$DW$586, DW_AT_accessibility(DW_ACCESS_public)
    6840                      .dwendtag $C$DW$T$71
    6841              
    6842              
    6843              $C$DW$T$72      .dwtag  DW_TAG_structure_type
    6844                      .dwattr $C$DW$T$72, DW_AT_name("PCLKCR1_BITS")
    6845                      .dwattr $C$DW$T$72, DW_AT_byte_size(0x01)
    6846              $C$DW$587       .dwtag  DW_TAG_member
    6847                      .dwattr $C$DW$587, DW_AT_type(*$C$DW$T$20)
    6848                      .dwattr $C$DW$587, DW_AT_name("EPWM1ENCLK")
    6849                      .dwattr $C$DW$587, DW_AT_TI_symbol_name("_EPWM1ENCLK")
    6850                      .dwattr $C$DW$587, DW_AT_bit_offset(0x0f), DW_AT_bit_size(0x01)
    6851                      .dwattr $C$DW$587, DW_AT_data_member_location[DW_OP_plus_uconst 0x0]
    6852                      .dwattr $C$DW$587, DW_AT_accessibility(DW_ACCESS_public)
    6853              $C$DW$588       .dwtag  DW_TAG_member
    6854                      .dwattr $C$DW$588, DW_AT_type(*$C$DW$T$20)
    6855                      .dwattr $C$DW$588, DW_AT_name("EPWM2ENCLK")
    6856                      .dwattr $C$DW$588, DW_AT_TI_symbol_name("_EPWM2ENCLK")
    6857                      .dwattr $C$DW$588, DW_AT_bit_offset(0x0e), DW_AT_bit_size(0x01)
    6858                      .dwattr $C$DW$588, DW_AT_data_member_location[DW_OP_plus_uconst 0x0]
    6859                      .dwattr $C$DW$588, DW_AT_accessibility(DW_ACCESS_public)
    6860              $C$DW$589       .dwtag  DW_TAG_member
TMS320C2000 Assembler PC v6.1.0 Fri Feb 14 09:23:40 2020

Tools Copyright (c) 1996-2012 Texas Instruments Incorporated
F:/Work/Code Area/Combis/Bootloader/Example_Flash2806x_API21_Combi/Example_Flash2806x_API21_Combi/Example_Flash2806x_API/Debug/Example_Flash2806x_API.asm PAGE  131

    6861                      .dwattr $C$DW$589, DW_AT_type(*$C$DW$T$20)
    6862                      .dwattr $C$DW$589, DW_AT_name("EPWM3ENCLK")
    6863                      .dwattr $C$DW$589, DW_AT_TI_symbol_name("_EPWM3ENCLK")
    6864                      .dwattr $C$DW$589, DW_AT_bit_offset(0x0d), DW_AT_bit_size(0x01)
    6865                      .dwattr $C$DW$589, DW_AT_data_member_location[DW_OP_plus_uconst 0x0]
    6866                      .dwattr $C$DW$589, DW_AT_accessibility(DW_ACCESS_public)
    6867              $C$DW$590       .dwtag  DW_TAG_member
    6868                      .dwattr $C$DW$590, DW_AT_type(*$C$DW$T$20)
    6869                      .dwattr $C$DW$590, DW_AT_name("EPWM4ENCLK")
    6870                      .dwattr $C$DW$590, DW_AT_TI_symbol_name("_EPWM4ENCLK")
    6871                      .dwattr $C$DW$590, DW_AT_bit_offset(0x0c), DW_AT_bit_size(0x01)
    6872                      .dwattr $C$DW$590, DW_AT_data_member_location[DW_OP_plus_uconst 0x0]
    6873                      .dwattr $C$DW$590, DW_AT_accessibility(DW_ACCESS_public)
    6874              $C$DW$591       .dwtag  DW_TAG_member
    6875                      .dwattr $C$DW$591, DW_AT_type(*$C$DW$T$20)
    6876                      .dwattr $C$DW$591, DW_AT_name("EPWM5ENCLK")
    6877                      .dwattr $C$DW$591, DW_AT_TI_symbol_name("_EPWM5ENCLK")
    6878                      .dwattr $C$DW$591, DW_AT_bit_offset(0x0b), DW_AT_bit_size(0x01)
    6879                      .dwattr $C$DW$591, DW_AT_data_member_location[DW_OP_plus_uconst 0x0]
    6880                      .dwattr $C$DW$591, DW_AT_accessibility(DW_ACCESS_public)
    6881              $C$DW$592       .dwtag  DW_TAG_member
    6882                      .dwattr $C$DW$592, DW_AT_type(*$C$DW$T$20)
    6883                      .dwattr $C$DW$592, DW_AT_name("EPWM6ENCLK")
    6884                      .dwattr $C$DW$592, DW_AT_TI_symbol_name("_EPWM6ENCLK")
    6885                      .dwattr $C$DW$592, DW_AT_bit_offset(0x0a), DW_AT_bit_size(0x01)
    6886                      .dwattr $C$DW$592, DW_AT_data_member_location[DW_OP_plus_uconst 0x0]
    6887                      .dwattr $C$DW$592, DW_AT_accessibility(DW_ACCESS_public)
    6888              $C$DW$593       .dwtag  DW_TAG_member
    6889                      .dwattr $C$DW$593, DW_AT_type(*$C$DW$T$20)
    6890                      .dwattr $C$DW$593, DW_AT_name("EPWM7ENCLK")
    6891                      .dwattr $C$DW$593, DW_AT_TI_symbol_name("_EPWM7ENCLK")
    6892                      .dwattr $C$DW$593, DW_AT_bit_offset(0x09), DW_AT_bit_size(0x01)
    6893                      .dwattr $C$DW$593, DW_AT_data_member_location[DW_OP_plus_uconst 0x0]
    6894                      .dwattr $C$DW$593, DW_AT_accessibility(DW_ACCESS_public)
    6895              $C$DW$594       .dwtag  DW_TAG_member
    6896                      .dwattr $C$DW$594, DW_AT_type(*$C$DW$T$20)
    6897                      .dwattr $C$DW$594, DW_AT_name("EPWM8ENCLK")
    6898                      .dwattr $C$DW$594, DW_AT_TI_symbol_name("_EPWM8ENCLK")
    6899                      .dwattr $C$DW$594, DW_AT_bit_offset(0x08), DW_AT_bit_size(0x01)
    6900                      .dwattr $C$DW$594, DW_AT_data_member_location[DW_OP_plus_uconst 0x0]
    6901                      .dwattr $C$DW$594, DW_AT_accessibility(DW_ACCESS_public)
    6902              $C$DW$595       .dwtag  DW_TAG_member
    6903                      .dwattr $C$DW$595, DW_AT_type(*$C$DW$T$20)
    6904                      .dwattr $C$DW$595, DW_AT_name("ECAP1ENCLK")
    6905                      .dwattr $C$DW$595, DW_AT_TI_symbol_name("_ECAP1ENCLK")
    6906                      .dwattr $C$DW$595, DW_AT_bit_offset(0x07), DW_AT_bit_size(0x01)
    6907                      .dwattr $C$DW$595, DW_AT_data_member_location[DW_OP_plus_uconst 0x0]
    6908                      .dwattr $C$DW$595, DW_AT_accessibility(DW_ACCESS_public)
    6909              $C$DW$596       .dwtag  DW_TAG_member
    6910                      .dwattr $C$DW$596, DW_AT_type(*$C$DW$T$20)
    6911                      .dwattr $C$DW$596, DW_AT_name("ECAP2ENCLK")
    6912                      .dwattr $C$DW$596, DW_AT_TI_symbol_name("_ECAP2ENCLK")
    6913                      .dwattr $C$DW$596, DW_AT_bit_offset(0x06), DW_AT_bit_size(0x01)
    6914                      .dwattr $C$DW$596, DW_AT_data_member_location[DW_OP_plus_uconst 0x0]
    6915                      .dwattr $C$DW$596, DW_AT_accessibility(DW_ACCESS_public)
TMS320C2000 Assembler PC v6.1.0 Fri Feb 14 09:23:40 2020

Tools Copyright (c) 1996-2012 Texas Instruments Incorporated
F:/Work/Code Area/Combis/Bootloader/Example_Flash2806x_API21_Combi/Example_Flash2806x_API21_Combi/Example_Flash2806x_API/Debug/Example_Flash2806x_API.asm PAGE  132

    6916              $C$DW$597       .dwtag  DW_TAG_member
    6917                      .dwattr $C$DW$597, DW_AT_type(*$C$DW$T$20)
    6918                      .dwattr $C$DW$597, DW_AT_name("ECAP3ENCLK")
    6919                      .dwattr $C$DW$597, DW_AT_TI_symbol_name("_ECAP3ENCLK")
    6920                      .dwattr $C$DW$597, DW_AT_bit_offset(0x05), DW_AT_bit_size(0x01)
    6921                      .dwattr $C$DW$597, DW_AT_data_member_location[DW_OP_plus_uconst 0x0]
    6922                      .dwattr $C$DW$597, DW_AT_accessibility(DW_ACCESS_public)
    6923              $C$DW$598       .dwtag  DW_TAG_member
    6924                      .dwattr $C$DW$598, DW_AT_type(*$C$DW$T$20)
    6925                      .dwattr $C$DW$598, DW_AT_name("rsvd1")
    6926                      .dwattr $C$DW$598, DW_AT_TI_symbol_name("_rsvd1")
    6927                      .dwattr $C$DW$598, DW_AT_bit_offset(0x02), DW_AT_bit_size(0x03)
    6928                      .dwattr $C$DW$598, DW_AT_data_member_location[DW_OP_plus_uconst 0x0]
    6929                      .dwattr $C$DW$598, DW_AT_accessibility(DW_ACCESS_public)
    6930              $C$DW$599       .dwtag  DW_TAG_member
    6931                      .dwattr $C$DW$599, DW_AT_type(*$C$DW$T$20)
    6932                      .dwattr $C$DW$599, DW_AT_name("EQEP1ENCLK")
    6933                      .dwattr $C$DW$599, DW_AT_TI_symbol_name("_EQEP1ENCLK")
    6934                      .dwattr $C$DW$599, DW_AT_bit_offset(0x01), DW_AT_bit_size(0x01)
    6935                      .dwattr $C$DW$599, DW_AT_data_member_location[DW_OP_plus_uconst 0x0]
    6936                      .dwattr $C$DW$599, DW_AT_accessibility(DW_ACCESS_public)
    6937              $C$DW$600       .dwtag  DW_TAG_member
    6938                      .dwattr $C$DW$600, DW_AT_type(*$C$DW$T$20)
    6939                      .dwattr $C$DW$600, DW_AT_name("EQEP2ENCLK")
    6940                      .dwattr $C$DW$600, DW_AT_TI_symbol_name("_EQEP2ENCLK")
    6941                      .dwattr $C$DW$600, DW_AT_bit_offset(0x00), DW_AT_bit_size(0x01)
    6942                      .dwattr $C$DW$600, DW_AT_data_member_location[DW_OP_plus_uconst 0x0]
    6943                      .dwattr $C$DW$600, DW_AT_accessibility(DW_ACCESS_public)
    6944                      .dwendtag $C$DW$T$72
    6945              
    6946              
    6947              $C$DW$T$73      .dwtag  DW_TAG_union_type
    6948                      .dwattr $C$DW$T$73, DW_AT_name("PCLKCR1_REG")
    6949                      .dwattr $C$DW$T$73, DW_AT_byte_size(0x01)
    6950              $C$DW$601       .dwtag  DW_TAG_member
    6951                      .dwattr $C$DW$601, DW_AT_type(*$C$DW$T$20)
    6952                      .dwattr $C$DW$601, DW_AT_name("all")
    6953                      .dwattr $C$DW$601, DW_AT_TI_symbol_name("_all")
    6954                      .dwattr $C$DW$601, DW_AT_data_member_location[DW_OP_plus_uconst 0x0]
    6955                      .dwattr $C$DW$601, DW_AT_accessibility(DW_ACCESS_public)
    6956              $C$DW$602       .dwtag  DW_TAG_member
    6957                      .dwattr $C$DW$602, DW_AT_type(*$C$DW$T$72)
    6958                      .dwattr $C$DW$602, DW_AT_name("bit")
    6959                      .dwattr $C$DW$602, DW_AT_TI_symbol_name("_bit")
    6960                      .dwattr $C$DW$602, DW_AT_data_member_location[DW_OP_plus_uconst 0x0]
    6961                      .dwattr $C$DW$602, DW_AT_accessibility(DW_ACCESS_public)
    6962                      .dwendtag $C$DW$T$73
    6963              
    6964              
    6965              $C$DW$T$74      .dwtag  DW_TAG_structure_type
    6966                      .dwattr $C$DW$T$74, DW_AT_name("PCLKCR3_BITS")
    6967                      .dwattr $C$DW$T$74, DW_AT_byte_size(0x01)
    6968              $C$DW$603       .dwtag  DW_TAG_member
    6969                      .dwattr $C$DW$603, DW_AT_type(*$C$DW$T$20)
    6970                      .dwattr $C$DW$603, DW_AT_name("COMP1ENCLK")
TMS320C2000 Assembler PC v6.1.0 Fri Feb 14 09:23:40 2020

Tools Copyright (c) 1996-2012 Texas Instruments Incorporated
F:/Work/Code Area/Combis/Bootloader/Example_Flash2806x_API21_Combi/Example_Flash2806x_API21_Combi/Example_Flash2806x_API/Debug/Example_Flash2806x_API.asm PAGE  133

    6971                      .dwattr $C$DW$603, DW_AT_TI_symbol_name("_COMP1ENCLK")
    6972                      .dwattr $C$DW$603, DW_AT_bit_offset(0x0f), DW_AT_bit_size(0x01)
    6973                      .dwattr $C$DW$603, DW_AT_data_member_location[DW_OP_plus_uconst 0x0]
    6974                      .dwattr $C$DW$603, DW_AT_accessibility(DW_ACCESS_public)
    6975              $C$DW$604       .dwtag  DW_TAG_member
    6976                      .dwattr $C$DW$604, DW_AT_type(*$C$DW$T$20)
    6977                      .dwattr $C$DW$604, DW_AT_name("COMP2ENCLK")
    6978                      .dwattr $C$DW$604, DW_AT_TI_symbol_name("_COMP2ENCLK")
    6979                      .dwattr $C$DW$604, DW_AT_bit_offset(0x0e), DW_AT_bit_size(0x01)
    6980                      .dwattr $C$DW$604, DW_AT_data_member_location[DW_OP_plus_uconst 0x0]
    6981                      .dwattr $C$DW$604, DW_AT_accessibility(DW_ACCESS_public)
    6982              $C$DW$605       .dwtag  DW_TAG_member
    6983                      .dwattr $C$DW$605, DW_AT_type(*$C$DW$T$20)
    6984                      .dwattr $C$DW$605, DW_AT_name("COMP3ENCLK")
    6985                      .dwattr $C$DW$605, DW_AT_TI_symbol_name("_COMP3ENCLK")
    6986                      .dwattr $C$DW$605, DW_AT_bit_offset(0x0d), DW_AT_bit_size(0x01)
    6987                      .dwattr $C$DW$605, DW_AT_data_member_location[DW_OP_plus_uconst 0x0]
    6988                      .dwattr $C$DW$605, DW_AT_accessibility(DW_ACCESS_public)
    6989              $C$DW$606       .dwtag  DW_TAG_member
    6990                      .dwattr $C$DW$606, DW_AT_type(*$C$DW$T$20)
    6991                      .dwattr $C$DW$606, DW_AT_name("rsvd1")
    6992                      .dwattr $C$DW$606, DW_AT_TI_symbol_name("_rsvd1")
    6993                      .dwattr $C$DW$606, DW_AT_bit_offset(0x08), DW_AT_bit_size(0x05)
    6994                      .dwattr $C$DW$606, DW_AT_data_member_location[DW_OP_plus_uconst 0x0]
    6995                      .dwattr $C$DW$606, DW_AT_accessibility(DW_ACCESS_public)
    6996              $C$DW$607       .dwtag  DW_TAG_member
    6997                      .dwattr $C$DW$607, DW_AT_type(*$C$DW$T$20)
    6998                      .dwattr $C$DW$607, DW_AT_name("CPUTIMER0ENCLK")
    6999                      .dwattr $C$DW$607, DW_AT_TI_symbol_name("_CPUTIMER0ENCLK")
    7000                      .dwattr $C$DW$607, DW_AT_bit_offset(0x07), DW_AT_bit_size(0x01)
    7001                      .dwattr $C$DW$607, DW_AT_data_member_location[DW_OP_plus_uconst 0x0]
    7002                      .dwattr $C$DW$607, DW_AT_accessibility(DW_ACCESS_public)
    7003              $C$DW$608       .dwtag  DW_TAG_member
    7004                      .dwattr $C$DW$608, DW_AT_type(*$C$DW$T$20)
    7005                      .dwattr $C$DW$608, DW_AT_name("CPUTIMER1ENCLK")
    7006                      .dwattr $C$DW$608, DW_AT_TI_symbol_name("_CPUTIMER1ENCLK")
    7007                      .dwattr $C$DW$608, DW_AT_bit_offset(0x06), DW_AT_bit_size(0x01)
    7008                      .dwattr $C$DW$608, DW_AT_data_member_location[DW_OP_plus_uconst 0x0]
    7009                      .dwattr $C$DW$608, DW_AT_accessibility(DW_ACCESS_public)
    7010              $C$DW$609       .dwtag  DW_TAG_member
    7011                      .dwattr $C$DW$609, DW_AT_type(*$C$DW$T$20)
    7012                      .dwattr $C$DW$609, DW_AT_name("CPUTIMER2ENCLK")
    7013                      .dwattr $C$DW$609, DW_AT_TI_symbol_name("_CPUTIMER2ENCLK")
    7014                      .dwattr $C$DW$609, DW_AT_bit_offset(0x05), DW_AT_bit_size(0x01)
    7015                      .dwattr $C$DW$609, DW_AT_data_member_location[DW_OP_plus_uconst 0x0]
    7016                      .dwattr $C$DW$609, DW_AT_accessibility(DW_ACCESS_public)
    7017              $C$DW$610       .dwtag  DW_TAG_member
    7018                      .dwattr $C$DW$610, DW_AT_type(*$C$DW$T$20)
    7019                      .dwattr $C$DW$610, DW_AT_name("DMAENCLK")
    7020                      .dwattr $C$DW$610, DW_AT_TI_symbol_name("_DMAENCLK")
    7021                      .dwattr $C$DW$610, DW_AT_bit_offset(0x04), DW_AT_bit_size(0x01)
    7022                      .dwattr $C$DW$610, DW_AT_data_member_location[DW_OP_plus_uconst 0x0]
    7023                      .dwattr $C$DW$610, DW_AT_accessibility(DW_ACCESS_public)
    7024              $C$DW$611       .dwtag  DW_TAG_member
    7025                      .dwattr $C$DW$611, DW_AT_type(*$C$DW$T$20)
TMS320C2000 Assembler PC v6.1.0 Fri Feb 14 09:23:40 2020

Tools Copyright (c) 1996-2012 Texas Instruments Incorporated
F:/Work/Code Area/Combis/Bootloader/Example_Flash2806x_API21_Combi/Example_Flash2806x_API21_Combi/Example_Flash2806x_API/Debug/Example_Flash2806x_API.asm PAGE  134

    7026                      .dwattr $C$DW$611, DW_AT_name("rsvd2")
    7027                      .dwattr $C$DW$611, DW_AT_TI_symbol_name("_rsvd2")
    7028                      .dwattr $C$DW$611, DW_AT_bit_offset(0x03), DW_AT_bit_size(0x01)
    7029                      .dwattr $C$DW$611, DW_AT_data_member_location[DW_OP_plus_uconst 0x0]
    7030                      .dwattr $C$DW$611, DW_AT_accessibility(DW_ACCESS_public)
    7031              $C$DW$612       .dwtag  DW_TAG_member
    7032                      .dwattr $C$DW$612, DW_AT_type(*$C$DW$T$20)
    7033                      .dwattr $C$DW$612, DW_AT_name("GPIOINENCLK")
    7034                      .dwattr $C$DW$612, DW_AT_TI_symbol_name("_GPIOINENCLK")
    7035                      .dwattr $C$DW$612, DW_AT_bit_offset(0x02), DW_AT_bit_size(0x01)
    7036                      .dwattr $C$DW$612, DW_AT_data_member_location[DW_OP_plus_uconst 0x0]
    7037                      .dwattr $C$DW$612, DW_AT_accessibility(DW_ACCESS_public)
    7038              $C$DW$613       .dwtag  DW_TAG_member
    7039                      .dwattr $C$DW$613, DW_AT_type(*$C$DW$T$20)
    7040                      .dwattr $C$DW$613, DW_AT_name("CLA1ENCLK")
    7041                      .dwattr $C$DW$613, DW_AT_TI_symbol_name("_CLA1ENCLK")
    7042                      .dwattr $C$DW$613, DW_AT_bit_offset(0x01), DW_AT_bit_size(0x01)
    7043                      .dwattr $C$DW$613, DW_AT_data_member_location[DW_OP_plus_uconst 0x0]
    7044                      .dwattr $C$DW$613, DW_AT_accessibility(DW_ACCESS_public)
    7045              $C$DW$614       .dwtag  DW_TAG_member
    7046                      .dwattr $C$DW$614, DW_AT_type(*$C$DW$T$20)
    7047                      .dwattr $C$DW$614, DW_AT_name("rsvd3")
    7048                      .dwattr $C$DW$614, DW_AT_TI_symbol_name("_rsvd3")
    7049                      .dwattr $C$DW$614, DW_AT_bit_offset(0x00), DW_AT_bit_size(0x01)
    7050                      .dwattr $C$DW$614, DW_AT_data_member_location[DW_OP_plus_uconst 0x0]
    7051                      .dwattr $C$DW$614, DW_AT_accessibility(DW_ACCESS_public)
    7052                      .dwendtag $C$DW$T$74
    7053              
    7054              
    7055              $C$DW$T$75      .dwtag  DW_TAG_union_type
    7056                      .dwattr $C$DW$T$75, DW_AT_name("PCLKCR3_REG")
    7057                      .dwattr $C$DW$T$75, DW_AT_byte_size(0x01)
    7058              $C$DW$615       .dwtag  DW_TAG_member
    7059                      .dwattr $C$DW$615, DW_AT_type(*$C$DW$T$20)
    7060                      .dwattr $C$DW$615, DW_AT_name("all")
    7061                      .dwattr $C$DW$615, DW_AT_TI_symbol_name("_all")
    7062                      .dwattr $C$DW$615, DW_AT_data_member_location[DW_OP_plus_uconst 0x0]
    7063                      .dwattr $C$DW$615, DW_AT_accessibility(DW_ACCESS_public)
    7064              $C$DW$616       .dwtag  DW_TAG_member
    7065                      .dwattr $C$DW$616, DW_AT_type(*$C$DW$T$74)
    7066                      .dwattr $C$DW$616, DW_AT_name("bit")
    7067                      .dwattr $C$DW$616, DW_AT_TI_symbol_name("_bit")
    7068                      .dwattr $C$DW$616, DW_AT_data_member_location[DW_OP_plus_uconst 0x0]
    7069                      .dwattr $C$DW$616, DW_AT_accessibility(DW_ACCESS_public)
    7070                      .dwendtag $C$DW$T$75
    7071              
    7072              
    7073              $C$DW$T$76      .dwtag  DW_TAG_structure_type
    7074                      .dwattr $C$DW$T$76, DW_AT_name("PLLCR_BITS")
    7075                      .dwattr $C$DW$T$76, DW_AT_byte_size(0x01)
    7076              $C$DW$617       .dwtag  DW_TAG_member
    7077                      .dwattr $C$DW$617, DW_AT_type(*$C$DW$T$20)
    7078                      .dwattr $C$DW$617, DW_AT_name("DIV")
    7079                      .dwattr $C$DW$617, DW_AT_TI_symbol_name("_DIV")
    7080                      .dwattr $C$DW$617, DW_AT_bit_offset(0x0b), DW_AT_bit_size(0x05)
TMS320C2000 Assembler PC v6.1.0 Fri Feb 14 09:23:40 2020

Tools Copyright (c) 1996-2012 Texas Instruments Incorporated
F:/Work/Code Area/Combis/Bootloader/Example_Flash2806x_API21_Combi/Example_Flash2806x_API21_Combi/Example_Flash2806x_API/Debug/Example_Flash2806x_API.asm PAGE  135

    7081                      .dwattr $C$DW$617, DW_AT_data_member_location[DW_OP_plus_uconst 0x0]
    7082                      .dwattr $C$DW$617, DW_AT_accessibility(DW_ACCESS_public)
    7083              $C$DW$618       .dwtag  DW_TAG_member
    7084                      .dwattr $C$DW$618, DW_AT_type(*$C$DW$T$20)
    7085                      .dwattr $C$DW$618, DW_AT_name("rsvd1")
    7086                      .dwattr $C$DW$618, DW_AT_TI_symbol_name("_rsvd1")
    7087                      .dwattr $C$DW$618, DW_AT_bit_offset(0x00), DW_AT_bit_size(0x0b)
    7088                      .dwattr $C$DW$618, DW_AT_data_member_location[DW_OP_plus_uconst 0x0]
    7089                      .dwattr $C$DW$618, DW_AT_accessibility(DW_ACCESS_public)
    7090                      .dwendtag $C$DW$T$76
    7091              
    7092              
    7093              $C$DW$T$77      .dwtag  DW_TAG_union_type
    7094                      .dwattr $C$DW$T$77, DW_AT_name("PLLCR_REG")
    7095                      .dwattr $C$DW$T$77, DW_AT_byte_size(0x01)
    7096              $C$DW$619       .dwtag  DW_TAG_member
    7097                      .dwattr $C$DW$619, DW_AT_type(*$C$DW$T$20)
    7098                      .dwattr $C$DW$619, DW_AT_name("all")
    7099                      .dwattr $C$DW$619, DW_AT_TI_symbol_name("_all")
    7100                      .dwattr $C$DW$619, DW_AT_data_member_location[DW_OP_plus_uconst 0x0]
    7101                      .dwattr $C$DW$619, DW_AT_accessibility(DW_ACCESS_public)
    7102              $C$DW$620       .dwtag  DW_TAG_member
    7103                      .dwattr $C$DW$620, DW_AT_type(*$C$DW$T$76)
    7104                      .dwattr $C$DW$620, DW_AT_name("bit")
    7105                      .dwattr $C$DW$620, DW_AT_TI_symbol_name("_bit")
    7106                      .dwattr $C$DW$620, DW_AT_data_member_location[DW_OP_plus_uconst 0x0]
    7107                      .dwattr $C$DW$620, DW_AT_accessibility(DW_ACCESS_public)
    7108                      .dwendtag $C$DW$T$77
    7109              
    7110              
    7111              $C$DW$T$78      .dwtag  DW_TAG_structure_type
    7112                      .dwattr $C$DW$T$78, DW_AT_name("PLLSTS_BITS")
    7113                      .dwattr $C$DW$T$78, DW_AT_byte_size(0x01)
    7114              $C$DW$621       .dwtag  DW_TAG_member
    7115                      .dwattr $C$DW$621, DW_AT_type(*$C$DW$T$20)
    7116                      .dwattr $C$DW$621, DW_AT_name("PLLLOCKS")
    7117                      .dwattr $C$DW$621, DW_AT_TI_symbol_name("_PLLLOCKS")
    7118                      .dwattr $C$DW$621, DW_AT_bit_offset(0x0f), DW_AT_bit_size(0x01)
    7119                      .dwattr $C$DW$621, DW_AT_data_member_location[DW_OP_plus_uconst 0x0]
    7120                      .dwattr $C$DW$621, DW_AT_accessibility(DW_ACCESS_public)
    7121              $C$DW$622       .dwtag  DW_TAG_member
    7122                      .dwattr $C$DW$622, DW_AT_type(*$C$DW$T$20)
    7123                      .dwattr $C$DW$622, DW_AT_name("rsvd1")
    7124                      .dwattr $C$DW$622, DW_AT_TI_symbol_name("_rsvd1")
    7125                      .dwattr $C$DW$622, DW_AT_bit_offset(0x0e), DW_AT_bit_size(0x01)
    7126                      .dwattr $C$DW$622, DW_AT_data_member_location[DW_OP_plus_uconst 0x0]
    7127                      .dwattr $C$DW$622, DW_AT_accessibility(DW_ACCESS_public)
    7128              $C$DW$623       .dwtag  DW_TAG_member
    7129                      .dwattr $C$DW$623, DW_AT_type(*$C$DW$T$20)
    7130                      .dwattr $C$DW$623, DW_AT_name("PLLOFF")
    7131                      .dwattr $C$DW$623, DW_AT_TI_symbol_name("_PLLOFF")
    7132                      .dwattr $C$DW$623, DW_AT_bit_offset(0x0d), DW_AT_bit_size(0x01)
    7133                      .dwattr $C$DW$623, DW_AT_data_member_location[DW_OP_plus_uconst 0x0]
    7134                      .dwattr $C$DW$623, DW_AT_accessibility(DW_ACCESS_public)
    7135              $C$DW$624       .dwtag  DW_TAG_member
TMS320C2000 Assembler PC v6.1.0 Fri Feb 14 09:23:40 2020

Tools Copyright (c) 1996-2012 Texas Instruments Incorporated
F:/Work/Code Area/Combis/Bootloader/Example_Flash2806x_API21_Combi/Example_Flash2806x_API21_Combi/Example_Flash2806x_API/Debug/Example_Flash2806x_API.asm PAGE  136

    7136                      .dwattr $C$DW$624, DW_AT_type(*$C$DW$T$20)
    7137                      .dwattr $C$DW$624, DW_AT_name("MCLKSTS")
    7138                      .dwattr $C$DW$624, DW_AT_TI_symbol_name("_MCLKSTS")
    7139                      .dwattr $C$DW$624, DW_AT_bit_offset(0x0c), DW_AT_bit_size(0x01)
    7140                      .dwattr $C$DW$624, DW_AT_data_member_location[DW_OP_plus_uconst 0x0]
    7141                      .dwattr $C$DW$624, DW_AT_accessibility(DW_ACCESS_public)
    7142              $C$DW$625       .dwtag  DW_TAG_member
    7143                      .dwattr $C$DW$625, DW_AT_type(*$C$DW$T$20)
    7144                      .dwattr $C$DW$625, DW_AT_name("MCLKCLR")
    7145                      .dwattr $C$DW$625, DW_AT_TI_symbol_name("_MCLKCLR")
    7146                      .dwattr $C$DW$625, DW_AT_bit_offset(0x0b), DW_AT_bit_size(0x01)
    7147                      .dwattr $C$DW$625, DW_AT_data_member_location[DW_OP_plus_uconst 0x0]
    7148                      .dwattr $C$DW$625, DW_AT_accessibility(DW_ACCESS_public)
    7149              $C$DW$626       .dwtag  DW_TAG_member
    7150                      .dwattr $C$DW$626, DW_AT_type(*$C$DW$T$20)
    7151                      .dwattr $C$DW$626, DW_AT_name("OSCOFF")
    7152                      .dwattr $C$DW$626, DW_AT_TI_symbol_name("_OSCOFF")
    7153                      .dwattr $C$DW$626, DW_AT_bit_offset(0x0a), DW_AT_bit_size(0x01)
    7154                      .dwattr $C$DW$626, DW_AT_data_member_location[DW_OP_plus_uconst 0x0]
    7155                      .dwattr $C$DW$626, DW_AT_accessibility(DW_ACCESS_public)
    7156              $C$DW$627       .dwtag  DW_TAG_member
    7157                      .dwattr $C$DW$627, DW_AT_type(*$C$DW$T$20)
    7158                      .dwattr $C$DW$627, DW_AT_name("MCLKOFF")
    7159                      .dwattr $C$DW$627, DW_AT_TI_symbol_name("_MCLKOFF")
    7160                      .dwattr $C$DW$627, DW_AT_bit_offset(0x09), DW_AT_bit_size(0x01)
    7161                      .dwattr $C$DW$627, DW_AT_data_member_location[DW_OP_plus_uconst 0x0]
    7162                      .dwattr $C$DW$627, DW_AT_accessibility(DW_ACCESS_public)
    7163              $C$DW$628       .dwtag  DW_TAG_member
    7164                      .dwattr $C$DW$628, DW_AT_type(*$C$DW$T$20)
    7165                      .dwattr $C$DW$628, DW_AT_name("DIVSEL")
    7166                      .dwattr $C$DW$628, DW_AT_TI_symbol_name("_DIVSEL")
    7167                      .dwattr $C$DW$628, DW_AT_bit_offset(0x07), DW_AT_bit_size(0x02)
    7168                      .dwattr $C$DW$628, DW_AT_data_member_location[DW_OP_plus_uconst 0x0]
    7169                      .dwattr $C$DW$628, DW_AT_accessibility(DW_ACCESS_public)
    7170              $C$DW$629       .dwtag  DW_TAG_member
    7171                      .dwattr $C$DW$629, DW_AT_type(*$C$DW$T$20)
    7172                      .dwattr $C$DW$629, DW_AT_name("rsvd2")
    7173                      .dwattr $C$DW$629, DW_AT_TI_symbol_name("_rsvd2")
    7174                      .dwattr $C$DW$629, DW_AT_bit_offset(0x01), DW_AT_bit_size(0x06)
    7175                      .dwattr $C$DW$629, DW_AT_data_member_location[DW_OP_plus_uconst 0x0]
    7176                      .dwattr $C$DW$629, DW_AT_accessibility(DW_ACCESS_public)
    7177              $C$DW$630       .dwtag  DW_TAG_member
    7178                      .dwattr $C$DW$630, DW_AT_type(*$C$DW$T$20)
    7179                      .dwattr $C$DW$630, DW_AT_name("NORMRDYE")
    7180                      .dwattr $C$DW$630, DW_AT_TI_symbol_name("_NORMRDYE")
    7181                      .dwattr $C$DW$630, DW_AT_bit_offset(0x00), DW_AT_bit_size(0x01)
    7182                      .dwattr $C$DW$630, DW_AT_data_member_location[DW_OP_plus_uconst 0x0]
    7183                      .dwattr $C$DW$630, DW_AT_accessibility(DW_ACCESS_public)
    7184                      .dwendtag $C$DW$T$78
    7185              
    7186              
    7187              $C$DW$T$79      .dwtag  DW_TAG_union_type
    7188                      .dwattr $C$DW$T$79, DW_AT_name("PLLSTS_REG")
    7189                      .dwattr $C$DW$T$79, DW_AT_byte_size(0x01)
    7190              $C$DW$631       .dwtag  DW_TAG_member
TMS320C2000 Assembler PC v6.1.0 Fri Feb 14 09:23:40 2020

Tools Copyright (c) 1996-2012 Texas Instruments Incorporated
F:/Work/Code Area/Combis/Bootloader/Example_Flash2806x_API21_Combi/Example_Flash2806x_API21_Combi/Example_Flash2806x_API/Debug/Example_Flash2806x_API.asm PAGE  137

    7191                      .dwattr $C$DW$631, DW_AT_type(*$C$DW$T$20)
    7192                      .dwattr $C$DW$631, DW_AT_name("all")
    7193                      .dwattr $C$DW$631, DW_AT_TI_symbol_name("_all")
    7194                      .dwattr $C$DW$631, DW_AT_data_member_location[DW_OP_plus_uconst 0x0]
    7195                      .dwattr $C$DW$631, DW_AT_accessibility(DW_ACCESS_public)
    7196              $C$DW$632       .dwtag  DW_TAG_member
    7197                      .dwattr $C$DW$632, DW_AT_type(*$C$DW$T$78)
    7198                      .dwattr $C$DW$632, DW_AT_name("bit")
    7199                      .dwattr $C$DW$632, DW_AT_TI_symbol_name("_bit")
    7200                      .dwattr $C$DW$632, DW_AT_data_member_location[DW_OP_plus_uconst 0x0]
    7201                      .dwattr $C$DW$632, DW_AT_accessibility(DW_ACCESS_public)
    7202                      .dwendtag $C$DW$T$79
    7203              
    7204              
    7205              $C$DW$T$80      .dwtag  DW_TAG_structure_type
    7206                      .dwattr $C$DW$T$80, DW_AT_name("SCICCR_BITS")
    7207                      .dwattr $C$DW$T$80, DW_AT_byte_size(0x01)
    7208              $C$DW$633       .dwtag  DW_TAG_member
    7209                      .dwattr $C$DW$633, DW_AT_type(*$C$DW$T$20)
    7210                      .dwattr $C$DW$633, DW_AT_name("SCICHAR")
    7211                      .dwattr $C$DW$633, DW_AT_TI_symbol_name("_SCICHAR")
    7212                      .dwattr $C$DW$633, DW_AT_bit_offset(0x0d), DW_AT_bit_size(0x03)
    7213                      .dwattr $C$DW$633, DW_AT_data_member_location[DW_OP_plus_uconst 0x0]
    7214                      .dwattr $C$DW$633, DW_AT_accessibility(DW_ACCESS_public)
    7215              $C$DW$634       .dwtag  DW_TAG_member
    7216                      .dwattr $C$DW$634, DW_AT_type(*$C$DW$T$20)
    7217                      .dwattr $C$DW$634, DW_AT_name("ADDRIDLE_MODE")
    7218                      .dwattr $C$DW$634, DW_AT_TI_symbol_name("_ADDRIDLE_MODE")
    7219                      .dwattr $C$DW$634, DW_AT_bit_offset(0x0c), DW_AT_bit_size(0x01)
    7220                      .dwattr $C$DW$634, DW_AT_data_member_location[DW_OP_plus_uconst 0x0]
    7221                      .dwattr $C$DW$634, DW_AT_accessibility(DW_ACCESS_public)
    7222              $C$DW$635       .dwtag  DW_TAG_member
    7223                      .dwattr $C$DW$635, DW_AT_type(*$C$DW$T$20)
    7224                      .dwattr $C$DW$635, DW_AT_name("LOOPBKENA")
    7225                      .dwattr $C$DW$635, DW_AT_TI_symbol_name("_LOOPBKENA")
    7226                      .dwattr $C$DW$635, DW_AT_bit_offset(0x0b), DW_AT_bit_size(0x01)
    7227                      .dwattr $C$DW$635, DW_AT_data_member_location[DW_OP_plus_uconst 0x0]
    7228                      .dwattr $C$DW$635, DW_AT_accessibility(DW_ACCESS_public)
    7229              $C$DW$636       .dwtag  DW_TAG_member
    7230                      .dwattr $C$DW$636, DW_AT_type(*$C$DW$T$20)
    7231                      .dwattr $C$DW$636, DW_AT_name("PARITYENA")
    7232                      .dwattr $C$DW$636, DW_AT_TI_symbol_name("_PARITYENA")
    7233                      .dwattr $C$DW$636, DW_AT_bit_offset(0x0a), DW_AT_bit_size(0x01)
    7234                      .dwattr $C$DW$636, DW_AT_data_member_location[DW_OP_plus_uconst 0x0]
    7235                      .dwattr $C$DW$636, DW_AT_accessibility(DW_ACCESS_public)
    7236              $C$DW$637       .dwtag  DW_TAG_member
    7237                      .dwattr $C$DW$637, DW_AT_type(*$C$DW$T$20)
    7238                      .dwattr $C$DW$637, DW_AT_name("PARITY")
    7239                      .dwattr $C$DW$637, DW_AT_TI_symbol_name("_PARITY")
    7240                      .dwattr $C$DW$637, DW_AT_bit_offset(0x09), DW_AT_bit_size(0x01)
    7241                      .dwattr $C$DW$637, DW_AT_data_member_location[DW_OP_plus_uconst 0x0]
    7242                      .dwattr $C$DW$637, DW_AT_accessibility(DW_ACCESS_public)
    7243              $C$DW$638       .dwtag  DW_TAG_member
    7244                      .dwattr $C$DW$638, DW_AT_type(*$C$DW$T$20)
    7245                      .dwattr $C$DW$638, DW_AT_name("STOPBITS")
TMS320C2000 Assembler PC v6.1.0 Fri Feb 14 09:23:40 2020

Tools Copyright (c) 1996-2012 Texas Instruments Incorporated
F:/Work/Code Area/Combis/Bootloader/Example_Flash2806x_API21_Combi/Example_Flash2806x_API21_Combi/Example_Flash2806x_API/Debug/Example_Flash2806x_API.asm PAGE  138

    7246                      .dwattr $C$DW$638, DW_AT_TI_symbol_name("_STOPBITS")
    7247                      .dwattr $C$DW$638, DW_AT_bit_offset(0x08), DW_AT_bit_size(0x01)
    7248                      .dwattr $C$DW$638, DW_AT_data_member_location[DW_OP_plus_uconst 0x0]
    7249                      .dwattr $C$DW$638, DW_AT_accessibility(DW_ACCESS_public)
    7250              $C$DW$639       .dwtag  DW_TAG_member
    7251                      .dwattr $C$DW$639, DW_AT_type(*$C$DW$T$20)
    7252                      .dwattr $C$DW$639, DW_AT_name("rsvd1")
    7253                      .dwattr $C$DW$639, DW_AT_TI_symbol_name("_rsvd1")
    7254                      .dwattr $C$DW$639, DW_AT_bit_offset(0x00), DW_AT_bit_size(0x08)
    7255                      .dwattr $C$DW$639, DW_AT_data_member_location[DW_OP_plus_uconst 0x0]
    7256                      .dwattr $C$DW$639, DW_AT_accessibility(DW_ACCESS_public)
    7257                      .dwendtag $C$DW$T$80
    7258              
    7259              
    7260              $C$DW$T$81      .dwtag  DW_TAG_union_type
    7261                      .dwattr $C$DW$T$81, DW_AT_name("SCICCR_REG")
    7262                      .dwattr $C$DW$T$81, DW_AT_byte_size(0x01)
    7263              $C$DW$640       .dwtag  DW_TAG_member
    7264                      .dwattr $C$DW$640, DW_AT_type(*$C$DW$T$20)
    7265                      .dwattr $C$DW$640, DW_AT_name("all")
    7266                      .dwattr $C$DW$640, DW_AT_TI_symbol_name("_all")
    7267                      .dwattr $C$DW$640, DW_AT_data_member_location[DW_OP_plus_uconst 0x0]
    7268                      .dwattr $C$DW$640, DW_AT_accessibility(DW_ACCESS_public)
    7269              $C$DW$641       .dwtag  DW_TAG_member
    7270                      .dwattr $C$DW$641, DW_AT_type(*$C$DW$T$80)
    7271                      .dwattr $C$DW$641, DW_AT_name("bit")
    7272                      .dwattr $C$DW$641, DW_AT_TI_symbol_name("_bit")
    7273                      .dwattr $C$DW$641, DW_AT_data_member_location[DW_OP_plus_uconst 0x0]
    7274                      .dwattr $C$DW$641, DW_AT_accessibility(DW_ACCESS_public)
    7275                      .dwendtag $C$DW$T$81
    7276              
    7277              
    7278              $C$DW$T$82      .dwtag  DW_TAG_structure_type
    7279                      .dwattr $C$DW$T$82, DW_AT_name("SCICTL1_BITS")
    7280                      .dwattr $C$DW$T$82, DW_AT_byte_size(0x01)
    7281              $C$DW$642       .dwtag  DW_TAG_member
    7282                      .dwattr $C$DW$642, DW_AT_type(*$C$DW$T$20)
    7283                      .dwattr $C$DW$642, DW_AT_name("RXENA")
    7284                      .dwattr $C$DW$642, DW_AT_TI_symbol_name("_RXENA")
    7285                      .dwattr $C$DW$642, DW_AT_bit_offset(0x0f), DW_AT_bit_size(0x01)
    7286                      .dwattr $C$DW$642, DW_AT_data_member_location[DW_OP_plus_uconst 0x0]
    7287                      .dwattr $C$DW$642, DW_AT_accessibility(DW_ACCESS_public)
    7288              $C$DW$643       .dwtag  DW_TAG_member
    7289                      .dwattr $C$DW$643, DW_AT_type(*$C$DW$T$20)
    7290                      .dwattr $C$DW$643, DW_AT_name("TXENA")
    7291                      .dwattr $C$DW$643, DW_AT_TI_symbol_name("_TXENA")
    7292                      .dwattr $C$DW$643, DW_AT_bit_offset(0x0e), DW_AT_bit_size(0x01)
    7293                      .dwattr $C$DW$643, DW_AT_data_member_location[DW_OP_plus_uconst 0x0]
    7294                      .dwattr $C$DW$643, DW_AT_accessibility(DW_ACCESS_public)
    7295              $C$DW$644       .dwtag  DW_TAG_member
    7296                      .dwattr $C$DW$644, DW_AT_type(*$C$DW$T$20)
    7297                      .dwattr $C$DW$644, DW_AT_name("SLEEP")
    7298                      .dwattr $C$DW$644, DW_AT_TI_symbol_name("_SLEEP")
    7299                      .dwattr $C$DW$644, DW_AT_bit_offset(0x0d), DW_AT_bit_size(0x01)
    7300                      .dwattr $C$DW$644, DW_AT_data_member_location[DW_OP_plus_uconst 0x0]
TMS320C2000 Assembler PC v6.1.0 Fri Feb 14 09:23:40 2020

Tools Copyright (c) 1996-2012 Texas Instruments Incorporated
F:/Work/Code Area/Combis/Bootloader/Example_Flash2806x_API21_Combi/Example_Flash2806x_API21_Combi/Example_Flash2806x_API/Debug/Example_Flash2806x_API.asm PAGE  139

    7301                      .dwattr $C$DW$644, DW_AT_accessibility(DW_ACCESS_public)
    7302              $C$DW$645       .dwtag  DW_TAG_member
    7303                      .dwattr $C$DW$645, DW_AT_type(*$C$DW$T$20)
    7304                      .dwattr $C$DW$645, DW_AT_name("TXWAKE")
    7305                      .dwattr $C$DW$645, DW_AT_TI_symbol_name("_TXWAKE")
    7306                      .dwattr $C$DW$645, DW_AT_bit_offset(0x0c), DW_AT_bit_size(0x01)
    7307                      .dwattr $C$DW$645, DW_AT_data_member_location[DW_OP_plus_uconst 0x0]
    7308                      .dwattr $C$DW$645, DW_AT_accessibility(DW_ACCESS_public)
    7309              $C$DW$646       .dwtag  DW_TAG_member
    7310                      .dwattr $C$DW$646, DW_AT_type(*$C$DW$T$20)
    7311                      .dwattr $C$DW$646, DW_AT_name("rsvd1")
    7312                      .dwattr $C$DW$646, DW_AT_TI_symbol_name("_rsvd1")
    7313                      .dwattr $C$DW$646, DW_AT_bit_offset(0x0b), DW_AT_bit_size(0x01)
    7314                      .dwattr $C$DW$646, DW_AT_data_member_location[DW_OP_plus_uconst 0x0]
    7315                      .dwattr $C$DW$646, DW_AT_accessibility(DW_ACCESS_public)
    7316              $C$DW$647       .dwtag  DW_TAG_member
    7317                      .dwattr $C$DW$647, DW_AT_type(*$C$DW$T$20)
    7318                      .dwattr $C$DW$647, DW_AT_name("SWRESET")
    7319                      .dwattr $C$DW$647, DW_AT_TI_symbol_name("_SWRESET")
    7320                      .dwattr $C$DW$647, DW_AT_bit_offset(0x0a), DW_AT_bit_size(0x01)
    7321                      .dwattr $C$DW$647, DW_AT_data_member_location[DW_OP_plus_uconst 0x0]
    7322                      .dwattr $C$DW$647, DW_AT_accessibility(DW_ACCESS_public)
    7323              $C$DW$648       .dwtag  DW_TAG_member
    7324                      .dwattr $C$DW$648, DW_AT_type(*$C$DW$T$20)
    7325                      .dwattr $C$DW$648, DW_AT_name("RXERRINTENA")
    7326                      .dwattr $C$DW$648, DW_AT_TI_symbol_name("_RXERRINTENA")
    7327                      .dwattr $C$DW$648, DW_AT_bit_offset(0x09), DW_AT_bit_size(0x01)
    7328                      .dwattr $C$DW$648, DW_AT_data_member_location[DW_OP_plus_uconst 0x0]
    7329                      .dwattr $C$DW$648, DW_AT_accessibility(DW_ACCESS_public)
    7330              $C$DW$649       .dwtag  DW_TAG_member
    7331                      .dwattr $C$DW$649, DW_AT_type(*$C$DW$T$20)
    7332                      .dwattr $C$DW$649, DW_AT_name("rsvd2")
    7333                      .dwattr $C$DW$649, DW_AT_TI_symbol_name("_rsvd2")
    7334                      .dwattr $C$DW$649, DW_AT_bit_offset(0x00), DW_AT_bit_size(0x09)
    7335                      .dwattr $C$DW$649, DW_AT_data_member_location[DW_OP_plus_uconst 0x0]
    7336                      .dwattr $C$DW$649, DW_AT_accessibility(DW_ACCESS_public)
    7337                      .dwendtag $C$DW$T$82
    7338              
    7339              
    7340              $C$DW$T$83      .dwtag  DW_TAG_union_type
    7341                      .dwattr $C$DW$T$83, DW_AT_name("SCICTL1_REG")
    7342                      .dwattr $C$DW$T$83, DW_AT_byte_size(0x01)
    7343              $C$DW$650       .dwtag  DW_TAG_member
    7344                      .dwattr $C$DW$650, DW_AT_type(*$C$DW$T$20)
    7345                      .dwattr $C$DW$650, DW_AT_name("all")
    7346                      .dwattr $C$DW$650, DW_AT_TI_symbol_name("_all")
    7347                      .dwattr $C$DW$650, DW_AT_data_member_location[DW_OP_plus_uconst 0x0]
    7348                      .dwattr $C$DW$650, DW_AT_accessibility(DW_ACCESS_public)
    7349              $C$DW$651       .dwtag  DW_TAG_member
    7350                      .dwattr $C$DW$651, DW_AT_type(*$C$DW$T$82)
    7351                      .dwattr $C$DW$651, DW_AT_name("bit")
    7352                      .dwattr $C$DW$651, DW_AT_TI_symbol_name("_bit")
    7353                      .dwattr $C$DW$651, DW_AT_data_member_location[DW_OP_plus_uconst 0x0]
    7354                      .dwattr $C$DW$651, DW_AT_accessibility(DW_ACCESS_public)
    7355                      .dwendtag $C$DW$T$83
TMS320C2000 Assembler PC v6.1.0 Fri Feb 14 09:23:40 2020

Tools Copyright (c) 1996-2012 Texas Instruments Incorporated
F:/Work/Code Area/Combis/Bootloader/Example_Flash2806x_API21_Combi/Example_Flash2806x_API21_Combi/Example_Flash2806x_API/Debug/Example_Flash2806x_API.asm PAGE  140

    7356              
    7357              
    7358              $C$DW$T$84      .dwtag  DW_TAG_structure_type
    7359                      .dwattr $C$DW$T$84, DW_AT_name("SCICTL2_BITS")
    7360                      .dwattr $C$DW$T$84, DW_AT_byte_size(0x01)
    7361              $C$DW$652       .dwtag  DW_TAG_member
    7362                      .dwattr $C$DW$652, DW_AT_type(*$C$DW$T$20)
    7363                      .dwattr $C$DW$652, DW_AT_name("TXINTENA")
    7364                      .dwattr $C$DW$652, DW_AT_TI_symbol_name("_TXINTENA")
    7365                      .dwattr $C$DW$652, DW_AT_bit_offset(0x0f), DW_AT_bit_size(0x01)
    7366                      .dwattr $C$DW$652, DW_AT_data_member_location[DW_OP_plus_uconst 0x0]
    7367                      .dwattr $C$DW$652, DW_AT_accessibility(DW_ACCESS_public)
    7368              $C$DW$653       .dwtag  DW_TAG_member
    7369                      .dwattr $C$DW$653, DW_AT_type(*$C$DW$T$20)
    7370                      .dwattr $C$DW$653, DW_AT_name("RXBKINTENA")
    7371                      .dwattr $C$DW$653, DW_AT_TI_symbol_name("_RXBKINTENA")
    7372                      .dwattr $C$DW$653, DW_AT_bit_offset(0x0e), DW_AT_bit_size(0x01)
    7373                      .dwattr $C$DW$653, DW_AT_data_member_location[DW_OP_plus_uconst 0x0]
    7374                      .dwattr $C$DW$653, DW_AT_accessibility(DW_ACCESS_public)
    7375              $C$DW$654       .dwtag  DW_TAG_member
    7376                      .dwattr $C$DW$654, DW_AT_type(*$C$DW$T$20)
    7377                      .dwattr $C$DW$654, DW_AT_name("rsvd1")
    7378                      .dwattr $C$DW$654, DW_AT_TI_symbol_name("_rsvd1")
    7379                      .dwattr $C$DW$654, DW_AT_bit_offset(0x0a), DW_AT_bit_size(0x04)
    7380                      .dwattr $C$DW$654, DW_AT_data_member_location[DW_OP_plus_uconst 0x0]
    7381                      .dwattr $C$DW$654, DW_AT_accessibility(DW_ACCESS_public)
    7382              $C$DW$655       .dwtag  DW_TAG_member
    7383                      .dwattr $C$DW$655, DW_AT_type(*$C$DW$T$20)
    7384                      .dwattr $C$DW$655, DW_AT_name("TXEMPTY")
    7385                      .dwattr $C$DW$655, DW_AT_TI_symbol_name("_TXEMPTY")
    7386                      .dwattr $C$DW$655, DW_AT_bit_offset(0x09), DW_AT_bit_size(0x01)
    7387                      .dwattr $C$DW$655, DW_AT_data_member_location[DW_OP_plus_uconst 0x0]
    7388                      .dwattr $C$DW$655, DW_AT_accessibility(DW_ACCESS_public)
    7389              $C$DW$656       .dwtag  DW_TAG_member
    7390                      .dwattr $C$DW$656, DW_AT_type(*$C$DW$T$20)
    7391                      .dwattr $C$DW$656, DW_AT_name("TXRDY")
    7392                      .dwattr $C$DW$656, DW_AT_TI_symbol_name("_TXRDY")
    7393                      .dwattr $C$DW$656, DW_AT_bit_offset(0x08), DW_AT_bit_size(0x01)
    7394                      .dwattr $C$DW$656, DW_AT_data_member_location[DW_OP_plus_uconst 0x0]
    7395                      .dwattr $C$DW$656, DW_AT_accessibility(DW_ACCESS_public)
    7396              $C$DW$657       .dwtag  DW_TAG_member
    7397                      .dwattr $C$DW$657, DW_AT_type(*$C$DW$T$20)
    7398                      .dwattr $C$DW$657, DW_AT_name("rsvd2")
    7399                      .dwattr $C$DW$657, DW_AT_TI_symbol_name("_rsvd2")
    7400                      .dwattr $C$DW$657, DW_AT_bit_offset(0x00), DW_AT_bit_size(0x08)
    7401                      .dwattr $C$DW$657, DW_AT_data_member_location[DW_OP_plus_uconst 0x0]
    7402                      .dwattr $C$DW$657, DW_AT_accessibility(DW_ACCESS_public)
    7403                      .dwendtag $C$DW$T$84
    7404              
    7405              
    7406              $C$DW$T$85      .dwtag  DW_TAG_union_type
    7407                      .dwattr $C$DW$T$85, DW_AT_name("SCICTL2_REG")
    7408                      .dwattr $C$DW$T$85, DW_AT_byte_size(0x01)
    7409              $C$DW$658       .dwtag  DW_TAG_member
    7410                      .dwattr $C$DW$658, DW_AT_type(*$C$DW$T$20)
TMS320C2000 Assembler PC v6.1.0 Fri Feb 14 09:23:40 2020

Tools Copyright (c) 1996-2012 Texas Instruments Incorporated
F:/Work/Code Area/Combis/Bootloader/Example_Flash2806x_API21_Combi/Example_Flash2806x_API21_Combi/Example_Flash2806x_API/Debug/Example_Flash2806x_API.asm PAGE  141

    7411                      .dwattr $C$DW$658, DW_AT_name("all")
    7412                      .dwattr $C$DW$658, DW_AT_TI_symbol_name("_all")
    7413                      .dwattr $C$DW$658, DW_AT_data_member_location[DW_OP_plus_uconst 0x0]
    7414                      .dwattr $C$DW$658, DW_AT_accessibility(DW_ACCESS_public)
    7415              $C$DW$659       .dwtag  DW_TAG_member
    7416                      .dwattr $C$DW$659, DW_AT_type(*$C$DW$T$84)
    7417                      .dwattr $C$DW$659, DW_AT_name("bit")
    7418                      .dwattr $C$DW$659, DW_AT_TI_symbol_name("_bit")
    7419                      .dwattr $C$DW$659, DW_AT_data_member_location[DW_OP_plus_uconst 0x0]
    7420                      .dwattr $C$DW$659, DW_AT_accessibility(DW_ACCESS_public)
    7421                      .dwendtag $C$DW$T$85
    7422              
    7423              
    7424              $C$DW$T$86      .dwtag  DW_TAG_structure_type
    7425                      .dwattr $C$DW$T$86, DW_AT_name("SCIFFCT_BITS")
    7426                      .dwattr $C$DW$T$86, DW_AT_byte_size(0x01)
    7427              $C$DW$660       .dwtag  DW_TAG_member
    7428                      .dwattr $C$DW$660, DW_AT_type(*$C$DW$T$20)
    7429                      .dwattr $C$DW$660, DW_AT_name("FFTXDLY")
    7430                      .dwattr $C$DW$660, DW_AT_TI_symbol_name("_FFTXDLY")
    7431                      .dwattr $C$DW$660, DW_AT_bit_offset(0x08), DW_AT_bit_size(0x08)
    7432                      .dwattr $C$DW$660, DW_AT_data_member_location[DW_OP_plus_uconst 0x0]
    7433                      .dwattr $C$DW$660, DW_AT_accessibility(DW_ACCESS_public)
    7434              $C$DW$661       .dwtag  DW_TAG_member
    7435                      .dwattr $C$DW$661, DW_AT_type(*$C$DW$T$20)
    7436                      .dwattr $C$DW$661, DW_AT_name("rsvd1")
    7437                      .dwattr $C$DW$661, DW_AT_TI_symbol_name("_rsvd1")
    7438                      .dwattr $C$DW$661, DW_AT_bit_offset(0x03), DW_AT_bit_size(0x05)
    7439                      .dwattr $C$DW$661, DW_AT_data_member_location[DW_OP_plus_uconst 0x0]
    7440                      .dwattr $C$DW$661, DW_AT_accessibility(DW_ACCESS_public)
    7441              $C$DW$662       .dwtag  DW_TAG_member
    7442                      .dwattr $C$DW$662, DW_AT_type(*$C$DW$T$20)
    7443                      .dwattr $C$DW$662, DW_AT_name("CDC")
    7444                      .dwattr $C$DW$662, DW_AT_TI_symbol_name("_CDC")
    7445                      .dwattr $C$DW$662, DW_AT_bit_offset(0x02), DW_AT_bit_size(0x01)
    7446                      .dwattr $C$DW$662, DW_AT_data_member_location[DW_OP_plus_uconst 0x0]
    7447                      .dwattr $C$DW$662, DW_AT_accessibility(DW_ACCESS_public)
    7448              $C$DW$663       .dwtag  DW_TAG_member
    7449                      .dwattr $C$DW$663, DW_AT_type(*$C$DW$T$20)
    7450                      .dwattr $C$DW$663, DW_AT_name("ABDCLR")
    7451                      .dwattr $C$DW$663, DW_AT_TI_symbol_name("_ABDCLR")
    7452                      .dwattr $C$DW$663, DW_AT_bit_offset(0x01), DW_AT_bit_size(0x01)
    7453                      .dwattr $C$DW$663, DW_AT_data_member_location[DW_OP_plus_uconst 0x0]
    7454                      .dwattr $C$DW$663, DW_AT_accessibility(DW_ACCESS_public)
    7455              $C$DW$664       .dwtag  DW_TAG_member
    7456                      .dwattr $C$DW$664, DW_AT_type(*$C$DW$T$20)
    7457                      .dwattr $C$DW$664, DW_AT_name("ABD")
    7458                      .dwattr $C$DW$664, DW_AT_TI_symbol_name("_ABD")
    7459                      .dwattr $C$DW$664, DW_AT_bit_offset(0x00), DW_AT_bit_size(0x01)
    7460                      .dwattr $C$DW$664, DW_AT_data_member_location[DW_OP_plus_uconst 0x0]
    7461                      .dwattr $C$DW$664, DW_AT_accessibility(DW_ACCESS_public)
    7462                      .dwendtag $C$DW$T$86
    7463              
    7464              
    7465              $C$DW$T$87      .dwtag  DW_TAG_union_type
TMS320C2000 Assembler PC v6.1.0 Fri Feb 14 09:23:40 2020

Tools Copyright (c) 1996-2012 Texas Instruments Incorporated
F:/Work/Code Area/Combis/Bootloader/Example_Flash2806x_API21_Combi/Example_Flash2806x_API21_Combi/Example_Flash2806x_API/Debug/Example_Flash2806x_API.asm PAGE  142

    7466                      .dwattr $C$DW$T$87, DW_AT_name("SCIFFCT_REG")
    7467                      .dwattr $C$DW$T$87, DW_AT_byte_size(0x01)
    7468              $C$DW$665       .dwtag  DW_TAG_member
    7469                      .dwattr $C$DW$665, DW_AT_type(*$C$DW$T$20)
    7470                      .dwattr $C$DW$665, DW_AT_name("all")
    7471                      .dwattr $C$DW$665, DW_AT_TI_symbol_name("_all")
    7472                      .dwattr $C$DW$665, DW_AT_data_member_location[DW_OP_plus_uconst 0x0]
    7473                      .dwattr $C$DW$665, DW_AT_accessibility(DW_ACCESS_public)
    7474              $C$DW$666       .dwtag  DW_TAG_member
    7475                      .dwattr $C$DW$666, DW_AT_type(*$C$DW$T$86)
    7476                      .dwattr $C$DW$666, DW_AT_name("bit")
    7477                      .dwattr $C$DW$666, DW_AT_TI_symbol_name("_bit")
    7478                      .dwattr $C$DW$666, DW_AT_data_member_location[DW_OP_plus_uconst 0x0]
    7479                      .dwattr $C$DW$666, DW_AT_accessibility(DW_ACCESS_public)
    7480                      .dwendtag $C$DW$T$87
    7481              
    7482              
    7483              $C$DW$T$88      .dwtag  DW_TAG_structure_type
    7484                      .dwattr $C$DW$T$88, DW_AT_name("SCIFFRX_BITS")
    7485                      .dwattr $C$DW$T$88, DW_AT_byte_size(0x01)
    7486              $C$DW$667       .dwtag  DW_TAG_member
    7487                      .dwattr $C$DW$667, DW_AT_type(*$C$DW$T$20)
    7488                      .dwattr $C$DW$667, DW_AT_name("RXFFIL")
    7489                      .dwattr $C$DW$667, DW_AT_TI_symbol_name("_RXFFIL")
    7490                      .dwattr $C$DW$667, DW_AT_bit_offset(0x0b), DW_AT_bit_size(0x05)
    7491                      .dwattr $C$DW$667, DW_AT_data_member_location[DW_OP_plus_uconst 0x0]
    7492                      .dwattr $C$DW$667, DW_AT_accessibility(DW_ACCESS_public)
    7493              $C$DW$668       .dwtag  DW_TAG_member
    7494                      .dwattr $C$DW$668, DW_AT_type(*$C$DW$T$20)
    7495                      .dwattr $C$DW$668, DW_AT_name("RXFFIENA")
    7496                      .dwattr $C$DW$668, DW_AT_TI_symbol_name("_RXFFIENA")
    7497                      .dwattr $C$DW$668, DW_AT_bit_offset(0x0a), DW_AT_bit_size(0x01)
    7498                      .dwattr $C$DW$668, DW_AT_data_member_location[DW_OP_plus_uconst 0x0]
    7499                      .dwattr $C$DW$668, DW_AT_accessibility(DW_ACCESS_public)
    7500              $C$DW$669       .dwtag  DW_TAG_member
    7501                      .dwattr $C$DW$669, DW_AT_type(*$C$DW$T$20)
    7502                      .dwattr $C$DW$669, DW_AT_name("RXFFINTCLR")
    7503                      .dwattr $C$DW$669, DW_AT_TI_symbol_name("_RXFFINTCLR")
    7504                      .dwattr $C$DW$669, DW_AT_bit_offset(0x09), DW_AT_bit_size(0x01)
    7505                      .dwattr $C$DW$669, DW_AT_data_member_location[DW_OP_plus_uconst 0x0]
    7506                      .dwattr $C$DW$669, DW_AT_accessibility(DW_ACCESS_public)
    7507              $C$DW$670       .dwtag  DW_TAG_member
    7508                      .dwattr $C$DW$670, DW_AT_type(*$C$DW$T$20)
    7509                      .dwattr $C$DW$670, DW_AT_name("RXFFINT")
    7510                      .dwattr $C$DW$670, DW_AT_TI_symbol_name("_RXFFINT")
    7511                      .dwattr $C$DW$670, DW_AT_bit_offset(0x08), DW_AT_bit_size(0x01)
    7512                      .dwattr $C$DW$670, DW_AT_data_member_location[DW_OP_plus_uconst 0x0]
    7513                      .dwattr $C$DW$670, DW_AT_accessibility(DW_ACCESS_public)
    7514              $C$DW$671       .dwtag  DW_TAG_member
    7515                      .dwattr $C$DW$671, DW_AT_type(*$C$DW$T$20)
    7516                      .dwattr $C$DW$671, DW_AT_name("RXFFST")
    7517                      .dwattr $C$DW$671, DW_AT_TI_symbol_name("_RXFFST")
    7518                      .dwattr $C$DW$671, DW_AT_bit_offset(0x03), DW_AT_bit_size(0x05)
    7519                      .dwattr $C$DW$671, DW_AT_data_member_location[DW_OP_plus_uconst 0x0]
    7520                      .dwattr $C$DW$671, DW_AT_accessibility(DW_ACCESS_public)
TMS320C2000 Assembler PC v6.1.0 Fri Feb 14 09:23:40 2020

Tools Copyright (c) 1996-2012 Texas Instruments Incorporated
F:/Work/Code Area/Combis/Bootloader/Example_Flash2806x_API21_Combi/Example_Flash2806x_API21_Combi/Example_Flash2806x_API/Debug/Example_Flash2806x_API.asm PAGE  143

    7521              $C$DW$672       .dwtag  DW_TAG_member
    7522                      .dwattr $C$DW$672, DW_AT_type(*$C$DW$T$20)
    7523                      .dwattr $C$DW$672, DW_AT_name("RXFIFORESET")
    7524                      .dwattr $C$DW$672, DW_AT_TI_symbol_name("_RXFIFORESET")
    7525                      .dwattr $C$DW$672, DW_AT_bit_offset(0x02), DW_AT_bit_size(0x01)
    7526                      .dwattr $C$DW$672, DW_AT_data_member_location[DW_OP_plus_uconst 0x0]
    7527                      .dwattr $C$DW$672, DW_AT_accessibility(DW_ACCESS_public)
    7528              $C$DW$673       .dwtag  DW_TAG_member
    7529                      .dwattr $C$DW$673, DW_AT_type(*$C$DW$T$20)
    7530                      .dwattr $C$DW$673, DW_AT_name("RXFFOVRCLR")
    7531                      .dwattr $C$DW$673, DW_AT_TI_symbol_name("_RXFFOVRCLR")
    7532                      .dwattr $C$DW$673, DW_AT_bit_offset(0x01), DW_AT_bit_size(0x01)
    7533                      .dwattr $C$DW$673, DW_AT_data_member_location[DW_OP_plus_uconst 0x0]
    7534                      .dwattr $C$DW$673, DW_AT_accessibility(DW_ACCESS_public)
    7535              $C$DW$674       .dwtag  DW_TAG_member
    7536                      .dwattr $C$DW$674, DW_AT_type(*$C$DW$T$20)
    7537                      .dwattr $C$DW$674, DW_AT_name("RXFFOVF")
    7538                      .dwattr $C$DW$674, DW_AT_TI_symbol_name("_RXFFOVF")
    7539                      .dwattr $C$DW$674, DW_AT_bit_offset(0x00), DW_AT_bit_size(0x01)
    7540                      .dwattr $C$DW$674, DW_AT_data_member_location[DW_OP_plus_uconst 0x0]
    7541                      .dwattr $C$DW$674, DW_AT_accessibility(DW_ACCESS_public)
    7542                      .dwendtag $C$DW$T$88
    7543              
    7544              
    7545              $C$DW$T$89      .dwtag  DW_TAG_union_type
    7546                      .dwattr $C$DW$T$89, DW_AT_name("SCIFFRX_REG")
    7547                      .dwattr $C$DW$T$89, DW_AT_byte_size(0x01)
    7548              $C$DW$675       .dwtag  DW_TAG_member
    7549                      .dwattr $C$DW$675, DW_AT_type(*$C$DW$T$20)
    7550                      .dwattr $C$DW$675, DW_AT_name("all")
    7551                      .dwattr $C$DW$675, DW_AT_TI_symbol_name("_all")
    7552                      .dwattr $C$DW$675, DW_AT_data_member_location[DW_OP_plus_uconst 0x0]
    7553                      .dwattr $C$DW$675, DW_AT_accessibility(DW_ACCESS_public)
    7554              $C$DW$676       .dwtag  DW_TAG_member
    7555                      .dwattr $C$DW$676, DW_AT_type(*$C$DW$T$88)
    7556                      .dwattr $C$DW$676, DW_AT_name("bit")
    7557                      .dwattr $C$DW$676, DW_AT_TI_symbol_name("_bit")
    7558                      .dwattr $C$DW$676, DW_AT_data_member_location[DW_OP_plus_uconst 0x0]
    7559                      .dwattr $C$DW$676, DW_AT_accessibility(DW_ACCESS_public)
    7560                      .dwendtag $C$DW$T$89
    7561              
    7562              
    7563              $C$DW$T$90      .dwtag  DW_TAG_structure_type
    7564                      .dwattr $C$DW$T$90, DW_AT_name("SCIFFTX_BITS")
    7565                      .dwattr $C$DW$T$90, DW_AT_byte_size(0x01)
    7566              $C$DW$677       .dwtag  DW_TAG_member
    7567                      .dwattr $C$DW$677, DW_AT_type(*$C$DW$T$20)
    7568                      .dwattr $C$DW$677, DW_AT_name("TXFFIL")
    7569                      .dwattr $C$DW$677, DW_AT_TI_symbol_name("_TXFFIL")
    7570                      .dwattr $C$DW$677, DW_AT_bit_offset(0x0b), DW_AT_bit_size(0x05)
    7571                      .dwattr $C$DW$677, DW_AT_data_member_location[DW_OP_plus_uconst 0x0]
    7572                      .dwattr $C$DW$677, DW_AT_accessibility(DW_ACCESS_public)
    7573              $C$DW$678       .dwtag  DW_TAG_member
    7574                      .dwattr $C$DW$678, DW_AT_type(*$C$DW$T$20)
    7575                      .dwattr $C$DW$678, DW_AT_name("TXFFIENA")
TMS320C2000 Assembler PC v6.1.0 Fri Feb 14 09:23:40 2020

Tools Copyright (c) 1996-2012 Texas Instruments Incorporated
F:/Work/Code Area/Combis/Bootloader/Example_Flash2806x_API21_Combi/Example_Flash2806x_API21_Combi/Example_Flash2806x_API/Debug/Example_Flash2806x_API.asm PAGE  144

    7576                      .dwattr $C$DW$678, DW_AT_TI_symbol_name("_TXFFIENA")
    7577                      .dwattr $C$DW$678, DW_AT_bit_offset(0x0a), DW_AT_bit_size(0x01)
    7578                      .dwattr $C$DW$678, DW_AT_data_member_location[DW_OP_plus_uconst 0x0]
    7579                      .dwattr $C$DW$678, DW_AT_accessibility(DW_ACCESS_public)
    7580              $C$DW$679       .dwtag  DW_TAG_member
    7581                      .dwattr $C$DW$679, DW_AT_type(*$C$DW$T$20)
    7582                      .dwattr $C$DW$679, DW_AT_name("TXFFINTCLR")
    7583                      .dwattr $C$DW$679, DW_AT_TI_symbol_name("_TXFFINTCLR")
    7584                      .dwattr $C$DW$679, DW_AT_bit_offset(0x09), DW_AT_bit_size(0x01)
    7585                      .dwattr $C$DW$679, DW_AT_data_member_location[DW_OP_plus_uconst 0x0]
    7586                      .dwattr $C$DW$679, DW_AT_accessibility(DW_ACCESS_public)
    7587              $C$DW$680       .dwtag  DW_TAG_member
    7588                      .dwattr $C$DW$680, DW_AT_type(*$C$DW$T$20)
    7589                      .dwattr $C$DW$680, DW_AT_name("TXFFINT")
    7590                      .dwattr $C$DW$680, DW_AT_TI_symbol_name("_TXFFINT")
    7591                      .dwattr $C$DW$680, DW_AT_bit_offset(0x08), DW_AT_bit_size(0x01)
    7592                      .dwattr $C$DW$680, DW_AT_data_member_location[DW_OP_plus_uconst 0x0]
    7593                      .dwattr $C$DW$680, DW_AT_accessibility(DW_ACCESS_public)
    7594              $C$DW$681       .dwtag  DW_TAG_member
    7595                      .dwattr $C$DW$681, DW_AT_type(*$C$DW$T$20)
    7596                      .dwattr $C$DW$681, DW_AT_name("TXFFST")
    7597                      .dwattr $C$DW$681, DW_AT_TI_symbol_name("_TXFFST")
    7598                      .dwattr $C$DW$681, DW_AT_bit_offset(0x03), DW_AT_bit_size(0x05)
    7599                      .dwattr $C$DW$681, DW_AT_data_member_location[DW_OP_plus_uconst 0x0]
    7600                      .dwattr $C$DW$681, DW_AT_accessibility(DW_ACCESS_public)
    7601              $C$DW$682       .dwtag  DW_TAG_member
    7602                      .dwattr $C$DW$682, DW_AT_type(*$C$DW$T$20)
    7603                      .dwattr $C$DW$682, DW_AT_name("TXFIFOXRESET")
    7604                      .dwattr $C$DW$682, DW_AT_TI_symbol_name("_TXFIFOXRESET")
    7605                      .dwattr $C$DW$682, DW_AT_bit_offset(0x02), DW_AT_bit_size(0x01)
    7606                      .dwattr $C$DW$682, DW_AT_data_member_location[DW_OP_plus_uconst 0x0]
    7607                      .dwattr $C$DW$682, DW_AT_accessibility(DW_ACCESS_public)
    7608              $C$DW$683       .dwtag  DW_TAG_member
    7609                      .dwattr $C$DW$683, DW_AT_type(*$C$DW$T$20)
    7610                      .dwattr $C$DW$683, DW_AT_name("SCIFFENA")
    7611                      .dwattr $C$DW$683, DW_AT_TI_symbol_name("_SCIFFENA")
    7612                      .dwattr $C$DW$683, DW_AT_bit_offset(0x01), DW_AT_bit_size(0x01)
    7613                      .dwattr $C$DW$683, DW_AT_data_member_location[DW_OP_plus_uconst 0x0]
    7614                      .dwattr $C$DW$683, DW_AT_accessibility(DW_ACCESS_public)
    7615              $C$DW$684       .dwtag  DW_TAG_member
    7616                      .dwattr $C$DW$684, DW_AT_type(*$C$DW$T$20)
    7617                      .dwattr $C$DW$684, DW_AT_name("SCIRST")
    7618                      .dwattr $C$DW$684, DW_AT_TI_symbol_name("_SCIRST")
    7619                      .dwattr $C$DW$684, DW_AT_bit_offset(0x00), DW_AT_bit_size(0x01)
    7620                      .dwattr $C$DW$684, DW_AT_data_member_location[DW_OP_plus_uconst 0x0]
    7621                      .dwattr $C$DW$684, DW_AT_accessibility(DW_ACCESS_public)
    7622                      .dwendtag $C$DW$T$90
    7623              
    7624              
    7625              $C$DW$T$91      .dwtag  DW_TAG_union_type
    7626                      .dwattr $C$DW$T$91, DW_AT_name("SCIFFTX_REG")
    7627                      .dwattr $C$DW$T$91, DW_AT_byte_size(0x01)
    7628              $C$DW$685       .dwtag  DW_TAG_member
    7629                      .dwattr $C$DW$685, DW_AT_type(*$C$DW$T$20)
    7630                      .dwattr $C$DW$685, DW_AT_name("all")
TMS320C2000 Assembler PC v6.1.0 Fri Feb 14 09:23:40 2020

Tools Copyright (c) 1996-2012 Texas Instruments Incorporated
F:/Work/Code Area/Combis/Bootloader/Example_Flash2806x_API21_Combi/Example_Flash2806x_API21_Combi/Example_Flash2806x_API/Debug/Example_Flash2806x_API.asm PAGE  145

    7631                      .dwattr $C$DW$685, DW_AT_TI_symbol_name("_all")
    7632                      .dwattr $C$DW$685, DW_AT_data_member_location[DW_OP_plus_uconst 0x0]
    7633                      .dwattr $C$DW$685, DW_AT_accessibility(DW_ACCESS_public)
    7634              $C$DW$686       .dwtag  DW_TAG_member
    7635                      .dwattr $C$DW$686, DW_AT_type(*$C$DW$T$90)
    7636                      .dwattr $C$DW$686, DW_AT_name("bit")
    7637                      .dwattr $C$DW$686, DW_AT_TI_symbol_name("_bit")
    7638                      .dwattr $C$DW$686, DW_AT_data_member_location[DW_OP_plus_uconst 0x0]
    7639                      .dwattr $C$DW$686, DW_AT_accessibility(DW_ACCESS_public)
    7640                      .dwendtag $C$DW$T$91
    7641              
    7642              
    7643              $C$DW$T$92      .dwtag  DW_TAG_structure_type
    7644                      .dwattr $C$DW$T$92, DW_AT_name("SCIPRI_BITS")
    7645                      .dwattr $C$DW$T$92, DW_AT_byte_size(0x01)
    7646              $C$DW$687       .dwtag  DW_TAG_member
    7647                      .dwattr $C$DW$687, DW_AT_type(*$C$DW$T$20)
    7648                      .dwattr $C$DW$687, DW_AT_name("rsvd1")
    7649                      .dwattr $C$DW$687, DW_AT_TI_symbol_name("_rsvd1")
    7650                      .dwattr $C$DW$687, DW_AT_bit_offset(0x0d), DW_AT_bit_size(0x03)
    7651                      .dwattr $C$DW$687, DW_AT_data_member_location[DW_OP_plus_uconst 0x0]
    7652                      .dwattr $C$DW$687, DW_AT_accessibility(DW_ACCESS_public)
    7653              $C$DW$688       .dwtag  DW_TAG_member
    7654                      .dwattr $C$DW$688, DW_AT_type(*$C$DW$T$20)
    7655                      .dwattr $C$DW$688, DW_AT_name("FREE")
    7656                      .dwattr $C$DW$688, DW_AT_TI_symbol_name("_FREE")
    7657                      .dwattr $C$DW$688, DW_AT_bit_offset(0x0c), DW_AT_bit_size(0x01)
    7658                      .dwattr $C$DW$688, DW_AT_data_member_location[DW_OP_plus_uconst 0x0]
    7659                      .dwattr $C$DW$688, DW_AT_accessibility(DW_ACCESS_public)
    7660              $C$DW$689       .dwtag  DW_TAG_member
    7661                      .dwattr $C$DW$689, DW_AT_type(*$C$DW$T$20)
    7662                      .dwattr $C$DW$689, DW_AT_name("SOFT")
    7663                      .dwattr $C$DW$689, DW_AT_TI_symbol_name("_SOFT")
    7664                      .dwattr $C$DW$689, DW_AT_bit_offset(0x0b), DW_AT_bit_size(0x01)
    7665                      .dwattr $C$DW$689, DW_AT_data_member_location[DW_OP_plus_uconst 0x0]
    7666                      .dwattr $C$DW$689, DW_AT_accessibility(DW_ACCESS_public)
    7667              $C$DW$690       .dwtag  DW_TAG_member
    7668                      .dwattr $C$DW$690, DW_AT_type(*$C$DW$T$20)
    7669                      .dwattr $C$DW$690, DW_AT_name("rsvd2")
    7670                      .dwattr $C$DW$690, DW_AT_TI_symbol_name("_rsvd2")
    7671                      .dwattr $C$DW$690, DW_AT_bit_offset(0x08), DW_AT_bit_size(0x03)
    7672                      .dwattr $C$DW$690, DW_AT_data_member_location[DW_OP_plus_uconst 0x0]
    7673                      .dwattr $C$DW$690, DW_AT_accessibility(DW_ACCESS_public)
    7674              $C$DW$691       .dwtag  DW_TAG_member
    7675                      .dwattr $C$DW$691, DW_AT_type(*$C$DW$T$20)
    7676                      .dwattr $C$DW$691, DW_AT_name("rsvd3")
    7677                      .dwattr $C$DW$691, DW_AT_TI_symbol_name("_rsvd3")
    7678                      .dwattr $C$DW$691, DW_AT_bit_offset(0x00), DW_AT_bit_size(0x08)
    7679                      .dwattr $C$DW$691, DW_AT_data_member_location[DW_OP_plus_uconst 0x0]
    7680                      .dwattr $C$DW$691, DW_AT_accessibility(DW_ACCESS_public)
    7681                      .dwendtag $C$DW$T$92
    7682              
    7683              
    7684              $C$DW$T$93      .dwtag  DW_TAG_union_type
    7685                      .dwattr $C$DW$T$93, DW_AT_name("SCIPRI_REG")
TMS320C2000 Assembler PC v6.1.0 Fri Feb 14 09:23:40 2020

Tools Copyright (c) 1996-2012 Texas Instruments Incorporated
F:/Work/Code Area/Combis/Bootloader/Example_Flash2806x_API21_Combi/Example_Flash2806x_API21_Combi/Example_Flash2806x_API/Debug/Example_Flash2806x_API.asm PAGE  146

    7686                      .dwattr $C$DW$T$93, DW_AT_byte_size(0x01)
    7687              $C$DW$692       .dwtag  DW_TAG_member
    7688                      .dwattr $C$DW$692, DW_AT_type(*$C$DW$T$20)
    7689                      .dwattr $C$DW$692, DW_AT_name("all")
    7690                      .dwattr $C$DW$692, DW_AT_TI_symbol_name("_all")
    7691                      .dwattr $C$DW$692, DW_AT_data_member_location[DW_OP_plus_uconst 0x0]
    7692                      .dwattr $C$DW$692, DW_AT_accessibility(DW_ACCESS_public)
    7693              $C$DW$693       .dwtag  DW_TAG_member
    7694                      .dwattr $C$DW$693, DW_AT_type(*$C$DW$T$92)
    7695                      .dwattr $C$DW$693, DW_AT_name("bit")
    7696                      .dwattr $C$DW$693, DW_AT_TI_symbol_name("_bit")
    7697                      .dwattr $C$DW$693, DW_AT_data_member_location[DW_OP_plus_uconst 0x0]
    7698                      .dwattr $C$DW$693, DW_AT_accessibility(DW_ACCESS_public)
    7699                      .dwendtag $C$DW$T$93
    7700              
    7701              
    7702              $C$DW$T$94      .dwtag  DW_TAG_structure_type
    7703                      .dwattr $C$DW$T$94, DW_AT_name("SCIRXBUF_BITS")
    7704                      .dwattr $C$DW$T$94, DW_AT_byte_size(0x01)
    7705              $C$DW$694       .dwtag  DW_TAG_member
    7706                      .dwattr $C$DW$694, DW_AT_type(*$C$DW$T$20)
    7707                      .dwattr $C$DW$694, DW_AT_name("RXDT")
    7708                      .dwattr $C$DW$694, DW_AT_TI_symbol_name("_RXDT")
    7709                      .dwattr $C$DW$694, DW_AT_bit_offset(0x08), DW_AT_bit_size(0x08)
    7710                      .dwattr $C$DW$694, DW_AT_data_member_location[DW_OP_plus_uconst 0x0]
    7711                      .dwattr $C$DW$694, DW_AT_accessibility(DW_ACCESS_public)
    7712              $C$DW$695       .dwtag  DW_TAG_member
    7713                      .dwattr $C$DW$695, DW_AT_type(*$C$DW$T$20)
    7714                      .dwattr $C$DW$695, DW_AT_name("rsvd1")
    7715                      .dwattr $C$DW$695, DW_AT_TI_symbol_name("_rsvd1")
    7716                      .dwattr $C$DW$695, DW_AT_bit_offset(0x02), DW_AT_bit_size(0x06)
    7717                      .dwattr $C$DW$695, DW_AT_data_member_location[DW_OP_plus_uconst 0x0]
    7718                      .dwattr $C$DW$695, DW_AT_accessibility(DW_ACCESS_public)
    7719              $C$DW$696       .dwtag  DW_TAG_member
    7720                      .dwattr $C$DW$696, DW_AT_type(*$C$DW$T$20)
    7721                      .dwattr $C$DW$696, DW_AT_name("SCIFFPE")
    7722                      .dwattr $C$DW$696, DW_AT_TI_symbol_name("_SCIFFPE")
    7723                      .dwattr $C$DW$696, DW_AT_bit_offset(0x01), DW_AT_bit_size(0x01)
    7724                      .dwattr $C$DW$696, DW_AT_data_member_location[DW_OP_plus_uconst 0x0]
    7725                      .dwattr $C$DW$696, DW_AT_accessibility(DW_ACCESS_public)
    7726              $C$DW$697       .dwtag  DW_TAG_member
    7727                      .dwattr $C$DW$697, DW_AT_type(*$C$DW$T$20)
    7728                      .dwattr $C$DW$697, DW_AT_name("SCIFFFE")
    7729                      .dwattr $C$DW$697, DW_AT_TI_symbol_name("_SCIFFFE")
    7730                      .dwattr $C$DW$697, DW_AT_bit_offset(0x00), DW_AT_bit_size(0x01)
    7731                      .dwattr $C$DW$697, DW_AT_data_member_location[DW_OP_plus_uconst 0x0]
    7732                      .dwattr $C$DW$697, DW_AT_accessibility(DW_ACCESS_public)
    7733                      .dwendtag $C$DW$T$94
    7734              
    7735              
    7736              $C$DW$T$95      .dwtag  DW_TAG_union_type
    7737                      .dwattr $C$DW$T$95, DW_AT_name("SCIRXBUF_REG")
    7738                      .dwattr $C$DW$T$95, DW_AT_byte_size(0x01)
    7739              $C$DW$698       .dwtag  DW_TAG_member
    7740                      .dwattr $C$DW$698, DW_AT_type(*$C$DW$T$20)
TMS320C2000 Assembler PC v6.1.0 Fri Feb 14 09:23:40 2020

Tools Copyright (c) 1996-2012 Texas Instruments Incorporated
F:/Work/Code Area/Combis/Bootloader/Example_Flash2806x_API21_Combi/Example_Flash2806x_API21_Combi/Example_Flash2806x_API/Debug/Example_Flash2806x_API.asm PAGE  147

    7741                      .dwattr $C$DW$698, DW_AT_name("all")
    7742                      .dwattr $C$DW$698, DW_AT_TI_symbol_name("_all")
    7743                      .dwattr $C$DW$698, DW_AT_data_member_location[DW_OP_plus_uconst 0x0]
    7744                      .dwattr $C$DW$698, DW_AT_accessibility(DW_ACCESS_public)
    7745              $C$DW$699       .dwtag  DW_TAG_member
    7746                      .dwattr $C$DW$699, DW_AT_type(*$C$DW$T$94)
    7747                      .dwattr $C$DW$699, DW_AT_name("bit")
    7748                      .dwattr $C$DW$699, DW_AT_TI_symbol_name("_bit")
    7749                      .dwattr $C$DW$699, DW_AT_data_member_location[DW_OP_plus_uconst 0x0]
    7750                      .dwattr $C$DW$699, DW_AT_accessibility(DW_ACCESS_public)
    7751                      .dwendtag $C$DW$T$95
    7752              
    7753              
    7754              $C$DW$T$96      .dwtag  DW_TAG_structure_type
    7755                      .dwattr $C$DW$T$96, DW_AT_name("SCIRXST_BITS")
    7756                      .dwattr $C$DW$T$96, DW_AT_byte_size(0x01)
    7757              $C$DW$700       .dwtag  DW_TAG_member
    7758                      .dwattr $C$DW$700, DW_AT_type(*$C$DW$T$20)
    7759                      .dwattr $C$DW$700, DW_AT_name("rsvd1")
    7760                      .dwattr $C$DW$700, DW_AT_TI_symbol_name("_rsvd1")
    7761                      .dwattr $C$DW$700, DW_AT_bit_offset(0x0f), DW_AT_bit_size(0x01)
    7762                      .dwattr $C$DW$700, DW_AT_data_member_location[DW_OP_plus_uconst 0x0]
    7763                      .dwattr $C$DW$700, DW_AT_accessibility(DW_ACCESS_public)
    7764              $C$DW$701       .dwtag  DW_TAG_member
    7765                      .dwattr $C$DW$701, DW_AT_type(*$C$DW$T$20)
    7766                      .dwattr $C$DW$701, DW_AT_name("RXWAKE")
    7767                      .dwattr $C$DW$701, DW_AT_TI_symbol_name("_RXWAKE")
    7768                      .dwattr $C$DW$701, DW_AT_bit_offset(0x0e), DW_AT_bit_size(0x01)
    7769                      .dwattr $C$DW$701, DW_AT_data_member_location[DW_OP_plus_uconst 0x0]
    7770                      .dwattr $C$DW$701, DW_AT_accessibility(DW_ACCESS_public)
    7771              $C$DW$702       .dwtag  DW_TAG_member
    7772                      .dwattr $C$DW$702, DW_AT_type(*$C$DW$T$20)
    7773                      .dwattr $C$DW$702, DW_AT_name("PE")
    7774                      .dwattr $C$DW$702, DW_AT_TI_symbol_name("_PE")
    7775                      .dwattr $C$DW$702, DW_AT_bit_offset(0x0d), DW_AT_bit_size(0x01)
    7776                      .dwattr $C$DW$702, DW_AT_data_member_location[DW_OP_plus_uconst 0x0]
    7777                      .dwattr $C$DW$702, DW_AT_accessibility(DW_ACCESS_public)
    7778              $C$DW$703       .dwtag  DW_TAG_member
    7779                      .dwattr $C$DW$703, DW_AT_type(*$C$DW$T$20)
    7780                      .dwattr $C$DW$703, DW_AT_name("OE")
    7781                      .dwattr $C$DW$703, DW_AT_TI_symbol_name("_OE")
    7782                      .dwattr $C$DW$703, DW_AT_bit_offset(0x0c), DW_AT_bit_size(0x01)
    7783                      .dwattr $C$DW$703, DW_AT_data_member_location[DW_OP_plus_uconst 0x0]
    7784                      .dwattr $C$DW$703, DW_AT_accessibility(DW_ACCESS_public)
    7785              $C$DW$704       .dwtag  DW_TAG_member
    7786                      .dwattr $C$DW$704, DW_AT_type(*$C$DW$T$20)
    7787                      .dwattr $C$DW$704, DW_AT_name("FE")
    7788                      .dwattr $C$DW$704, DW_AT_TI_symbol_name("_FE")
    7789                      .dwattr $C$DW$704, DW_AT_bit_offset(0x0b), DW_AT_bit_size(0x01)
    7790                      .dwattr $C$DW$704, DW_AT_data_member_location[DW_OP_plus_uconst 0x0]
    7791                      .dwattr $C$DW$704, DW_AT_accessibility(DW_ACCESS_public)
    7792              $C$DW$705       .dwtag  DW_TAG_member
    7793                      .dwattr $C$DW$705, DW_AT_type(*$C$DW$T$20)
    7794                      .dwattr $C$DW$705, DW_AT_name("BRKDT")
    7795                      .dwattr $C$DW$705, DW_AT_TI_symbol_name("_BRKDT")
TMS320C2000 Assembler PC v6.1.0 Fri Feb 14 09:23:40 2020

Tools Copyright (c) 1996-2012 Texas Instruments Incorporated
F:/Work/Code Area/Combis/Bootloader/Example_Flash2806x_API21_Combi/Example_Flash2806x_API21_Combi/Example_Flash2806x_API/Debug/Example_Flash2806x_API.asm PAGE  148

    7796                      .dwattr $C$DW$705, DW_AT_bit_offset(0x0a), DW_AT_bit_size(0x01)
    7797                      .dwattr $C$DW$705, DW_AT_data_member_location[DW_OP_plus_uconst 0x0]
    7798                      .dwattr $C$DW$705, DW_AT_accessibility(DW_ACCESS_public)
    7799              $C$DW$706       .dwtag  DW_TAG_member
    7800                      .dwattr $C$DW$706, DW_AT_type(*$C$DW$T$20)
    7801                      .dwattr $C$DW$706, DW_AT_name("RXRDY")
    7802                      .dwattr $C$DW$706, DW_AT_TI_symbol_name("_RXRDY")
    7803                      .dwattr $C$DW$706, DW_AT_bit_offset(0x09), DW_AT_bit_size(0x01)
    7804                      .dwattr $C$DW$706, DW_AT_data_member_location[DW_OP_plus_uconst 0x0]
    7805                      .dwattr $C$DW$706, DW_AT_accessibility(DW_ACCESS_public)
    7806              $C$DW$707       .dwtag  DW_TAG_member
    7807                      .dwattr $C$DW$707, DW_AT_type(*$C$DW$T$20)
    7808                      .dwattr $C$DW$707, DW_AT_name("RXERROR")
    7809                      .dwattr $C$DW$707, DW_AT_TI_symbol_name("_RXERROR")
    7810                      .dwattr $C$DW$707, DW_AT_bit_offset(0x08), DW_AT_bit_size(0x01)
    7811                      .dwattr $C$DW$707, DW_AT_data_member_location[DW_OP_plus_uconst 0x0]
    7812                      .dwattr $C$DW$707, DW_AT_accessibility(DW_ACCESS_public)
    7813              $C$DW$708       .dwtag  DW_TAG_member
    7814                      .dwattr $C$DW$708, DW_AT_type(*$C$DW$T$20)
    7815                      .dwattr $C$DW$708, DW_AT_name("rsvd2")
    7816                      .dwattr $C$DW$708, DW_AT_TI_symbol_name("_rsvd2")
    7817                      .dwattr $C$DW$708, DW_AT_bit_offset(0x00), DW_AT_bit_size(0x08)
    7818                      .dwattr $C$DW$708, DW_AT_data_member_location[DW_OP_plus_uconst 0x0]
    7819                      .dwattr $C$DW$708, DW_AT_accessibility(DW_ACCESS_public)
    7820                      .dwendtag $C$DW$T$96
    7821              
    7822              
    7823              $C$DW$T$97      .dwtag  DW_TAG_union_type
    7824                      .dwattr $C$DW$T$97, DW_AT_name("SCIRXST_REG")
    7825                      .dwattr $C$DW$T$97, DW_AT_byte_size(0x01)
    7826              $C$DW$709       .dwtag  DW_TAG_member
    7827                      .dwattr $C$DW$709, DW_AT_type(*$C$DW$T$20)
    7828                      .dwattr $C$DW$709, DW_AT_name("all")
    7829                      .dwattr $C$DW$709, DW_AT_TI_symbol_name("_all")
    7830                      .dwattr $C$DW$709, DW_AT_data_member_location[DW_OP_plus_uconst 0x0]
    7831                      .dwattr $C$DW$709, DW_AT_accessibility(DW_ACCESS_public)
    7832              $C$DW$710       .dwtag  DW_TAG_member
    7833                      .dwattr $C$DW$710, DW_AT_type(*$C$DW$T$96)
    7834                      .dwattr $C$DW$710, DW_AT_name("bit")
    7835                      .dwattr $C$DW$710, DW_AT_TI_symbol_name("_bit")
    7836                      .dwattr $C$DW$710, DW_AT_data_member_location[DW_OP_plus_uconst 0x0]
    7837                      .dwattr $C$DW$710, DW_AT_accessibility(DW_ACCESS_public)
    7838                      .dwendtag $C$DW$T$97
    7839              
    7840              
    7841              $C$DW$T$98      .dwtag  DW_TAG_structure_type
    7842                      .dwattr $C$DW$T$98, DW_AT_name("SCI_REGS")
    7843                      .dwattr $C$DW$T$98, DW_AT_byte_size(0x10)
    7844              $C$DW$711       .dwtag  DW_TAG_member
    7845                      .dwattr $C$DW$711, DW_AT_type(*$C$DW$T$81)
    7846                      .dwattr $C$DW$711, DW_AT_name("SCICCR")
    7847                      .dwattr $C$DW$711, DW_AT_TI_symbol_name("_SCICCR")
    7848                      .dwattr $C$DW$711, DW_AT_data_member_location[DW_OP_plus_uconst 0x0]
    7849                      .dwattr $C$DW$711, DW_AT_accessibility(DW_ACCESS_public)
    7850              $C$DW$712       .dwtag  DW_TAG_member
TMS320C2000 Assembler PC v6.1.0 Fri Feb 14 09:23:40 2020

Tools Copyright (c) 1996-2012 Texas Instruments Incorporated
F:/Work/Code Area/Combis/Bootloader/Example_Flash2806x_API21_Combi/Example_Flash2806x_API21_Combi/Example_Flash2806x_API/Debug/Example_Flash2806x_API.asm PAGE  149

    7851                      .dwattr $C$DW$712, DW_AT_type(*$C$DW$T$83)
    7852                      .dwattr $C$DW$712, DW_AT_name("SCICTL1")
    7853                      .dwattr $C$DW$712, DW_AT_TI_symbol_name("_SCICTL1")
    7854                      .dwattr $C$DW$712, DW_AT_data_member_location[DW_OP_plus_uconst 0x1]
    7855                      .dwattr $C$DW$712, DW_AT_accessibility(DW_ACCESS_public)
    7856              $C$DW$713       .dwtag  DW_TAG_member
    7857                      .dwattr $C$DW$713, DW_AT_type(*$C$DW$T$20)
    7858                      .dwattr $C$DW$713, DW_AT_name("SCIHBAUD")
    7859                      .dwattr $C$DW$713, DW_AT_TI_symbol_name("_SCIHBAUD")
    7860                      .dwattr $C$DW$713, DW_AT_data_member_location[DW_OP_plus_uconst 0x2]
    7861                      .dwattr $C$DW$713, DW_AT_accessibility(DW_ACCESS_public)
    7862              $C$DW$714       .dwtag  DW_TAG_member
    7863                      .dwattr $C$DW$714, DW_AT_type(*$C$DW$T$20)
    7864                      .dwattr $C$DW$714, DW_AT_name("SCILBAUD")
    7865                      .dwattr $C$DW$714, DW_AT_TI_symbol_name("_SCILBAUD")
    7866                      .dwattr $C$DW$714, DW_AT_data_member_location[DW_OP_plus_uconst 0x3]
    7867                      .dwattr $C$DW$714, DW_AT_accessibility(DW_ACCESS_public)
    7868              $C$DW$715       .dwtag  DW_TAG_member
    7869                      .dwattr $C$DW$715, DW_AT_type(*$C$DW$T$85)
    7870                      .dwattr $C$DW$715, DW_AT_name("SCICTL2")
    7871                      .dwattr $C$DW$715, DW_AT_TI_symbol_name("_SCICTL2")
    7872                      .dwattr $C$DW$715, DW_AT_data_member_location[DW_OP_plus_uconst 0x4]
    7873                      .dwattr $C$DW$715, DW_AT_accessibility(DW_ACCESS_public)
    7874              $C$DW$716       .dwtag  DW_TAG_member
    7875                      .dwattr $C$DW$716, DW_AT_type(*$C$DW$T$97)
    7876                      .dwattr $C$DW$716, DW_AT_name("SCIRXST")
    7877                      .dwattr $C$DW$716, DW_AT_TI_symbol_name("_SCIRXST")
    7878                      .dwattr $C$DW$716, DW_AT_data_member_location[DW_OP_plus_uconst 0x5]
    7879                      .dwattr $C$DW$716, DW_AT_accessibility(DW_ACCESS_public)
    7880              $C$DW$717       .dwtag  DW_TAG_member
    7881                      .dwattr $C$DW$717, DW_AT_type(*$C$DW$T$20)
    7882                      .dwattr $C$DW$717, DW_AT_name("SCIRXEMU")
    7883                      .dwattr $C$DW$717, DW_AT_TI_symbol_name("_SCIRXEMU")
    7884                      .dwattr $C$DW$717, DW_AT_data_member_location[DW_OP_plus_uconst 0x6]
    7885                      .dwattr $C$DW$717, DW_AT_accessibility(DW_ACCESS_public)
    7886              $C$DW$718       .dwtag  DW_TAG_member
    7887                      .dwattr $C$DW$718, DW_AT_type(*$C$DW$T$95)
    7888                      .dwattr $C$DW$718, DW_AT_name("SCIRXBUF")
    7889                      .dwattr $C$DW$718, DW_AT_TI_symbol_name("_SCIRXBUF")
    7890                      .dwattr $C$DW$718, DW_AT_data_member_location[DW_OP_plus_uconst 0x7]
    7891                      .dwattr $C$DW$718, DW_AT_accessibility(DW_ACCESS_public)
    7892              $C$DW$719       .dwtag  DW_TAG_member
    7893                      .dwattr $C$DW$719, DW_AT_type(*$C$DW$T$20)
    7894                      .dwattr $C$DW$719, DW_AT_name("rsvd1")
    7895                      .dwattr $C$DW$719, DW_AT_TI_symbol_name("_rsvd1")
    7896                      .dwattr $C$DW$719, DW_AT_data_member_location[DW_OP_plus_uconst 0x8]
    7897                      .dwattr $C$DW$719, DW_AT_accessibility(DW_ACCESS_public)
    7898              $C$DW$720       .dwtag  DW_TAG_member
    7899                      .dwattr $C$DW$720, DW_AT_type(*$C$DW$T$20)
    7900                      .dwattr $C$DW$720, DW_AT_name("SCITXBUF")
    7901                      .dwattr $C$DW$720, DW_AT_TI_symbol_name("_SCITXBUF")
    7902                      .dwattr $C$DW$720, DW_AT_data_member_location[DW_OP_plus_uconst 0x9]
    7903                      .dwattr $C$DW$720, DW_AT_accessibility(DW_ACCESS_public)
    7904              $C$DW$721       .dwtag  DW_TAG_member
    7905                      .dwattr $C$DW$721, DW_AT_type(*$C$DW$T$91)
TMS320C2000 Assembler PC v6.1.0 Fri Feb 14 09:23:40 2020

Tools Copyright (c) 1996-2012 Texas Instruments Incorporated
F:/Work/Code Area/Combis/Bootloader/Example_Flash2806x_API21_Combi/Example_Flash2806x_API21_Combi/Example_Flash2806x_API/Debug/Example_Flash2806x_API.asm PAGE  150

    7906                      .dwattr $C$DW$721, DW_AT_name("SCIFFTX")
    7907                      .dwattr $C$DW$721, DW_AT_TI_symbol_name("_SCIFFTX")
    7908                      .dwattr $C$DW$721, DW_AT_data_member_location[DW_OP_plus_uconst 0xa]
    7909                      .dwattr $C$DW$721, DW_AT_accessibility(DW_ACCESS_public)
    7910              $C$DW$722       .dwtag  DW_TAG_member
    7911                      .dwattr $C$DW$722, DW_AT_type(*$C$DW$T$89)
    7912                      .dwattr $C$DW$722, DW_AT_name("SCIFFRX")
    7913                      .dwattr $C$DW$722, DW_AT_TI_symbol_name("_SCIFFRX")
    7914                      .dwattr $C$DW$722, DW_AT_data_member_location[DW_OP_plus_uconst 0xb]
    7915                      .dwattr $C$DW$722, DW_AT_accessibility(DW_ACCESS_public)
    7916              $C$DW$723       .dwtag  DW_TAG_member
    7917                      .dwattr $C$DW$723, DW_AT_type(*$C$DW$T$87)
    7918                      .dwattr $C$DW$723, DW_AT_name("SCIFFCT")
    7919                      .dwattr $C$DW$723, DW_AT_TI_symbol_name("_SCIFFCT")
    7920                      .dwattr $C$DW$723, DW_AT_data_member_location[DW_OP_plus_uconst 0xc]
    7921                      .dwattr $C$DW$723, DW_AT_accessibility(DW_ACCESS_public)
    7922              $C$DW$724       .dwtag  DW_TAG_member
    7923                      .dwattr $C$DW$724, DW_AT_type(*$C$DW$T$20)
    7924                      .dwattr $C$DW$724, DW_AT_name("rsvd2")
    7925                      .dwattr $C$DW$724, DW_AT_TI_symbol_name("_rsvd2")
    7926                      .dwattr $C$DW$724, DW_AT_data_member_location[DW_OP_plus_uconst 0xd]
    7927                      .dwattr $C$DW$724, DW_AT_accessibility(DW_ACCESS_public)
    7928              $C$DW$725       .dwtag  DW_TAG_member
    7929                      .dwattr $C$DW$725, DW_AT_type(*$C$DW$T$20)
    7930                      .dwattr $C$DW$725, DW_AT_name("rsvd3")
    7931                      .dwattr $C$DW$725, DW_AT_TI_symbol_name("_rsvd3")
    7932                      .dwattr $C$DW$725, DW_AT_data_member_location[DW_OP_plus_uconst 0xe]
    7933                      .dwattr $C$DW$725, DW_AT_accessibility(DW_ACCESS_public)
    7934              $C$DW$726       .dwtag  DW_TAG_member
    7935                      .dwattr $C$DW$726, DW_AT_type(*$C$DW$T$93)
    7936                      .dwattr $C$DW$726, DW_AT_name("SCIPRI")
    7937                      .dwattr $C$DW$726, DW_AT_TI_symbol_name("_SCIPRI")
    7938                      .dwattr $C$DW$726, DW_AT_data_member_location[DW_OP_plus_uconst 0xf]
    7939                      .dwattr $C$DW$726, DW_AT_accessibility(DW_ACCESS_public)
    7940                      .dwendtag $C$DW$T$98
    7941              
    7942              $C$DW$727       .dwtag  DW_TAG_TI_far_type
    7943                      .dwattr $C$DW$727, DW_AT_type(*$C$DW$T$98)
    7944              $C$DW$T$133     .dwtag  DW_TAG_volatile_type
    7945                      .dwattr $C$DW$T$133, DW_AT_type(*$C$DW$727)
    7946              
    7947              $C$DW$T$102     .dwtag  DW_TAG_structure_type
    7948                      .dwattr $C$DW$T$102, DW_AT_name("SYS_CTRL_REGS")
    7949                      .dwattr $C$DW$T$102, DW_AT_byte_size(0x30)
    7950              $C$DW$728       .dwtag  DW_TAG_member
    7951                      .dwattr $C$DW$728, DW_AT_type(*$C$DW$T$104)
    7952                      .dwattr $C$DW$728, DW_AT_name("XCLK")
    7953                      .dwattr $C$DW$728, DW_AT_TI_symbol_name("_XCLK")
    7954                      .dwattr $C$DW$728, DW_AT_data_member_location[DW_OP_plus_uconst 0x0]
    7955                      .dwattr $C$DW$728, DW_AT_accessibility(DW_ACCESS_public)
    7956              $C$DW$729       .dwtag  DW_TAG_member
    7957                      .dwattr $C$DW$729, DW_AT_type(*$C$DW$T$79)
    7958                      .dwattr $C$DW$729, DW_AT_name("PLLSTS")
    7959                      .dwattr $C$DW$729, DW_AT_TI_symbol_name("_PLLSTS")
    7960                      .dwattr $C$DW$729, DW_AT_data_member_location[DW_OP_plus_uconst 0x1]
TMS320C2000 Assembler PC v6.1.0 Fri Feb 14 09:23:40 2020

Tools Copyright (c) 1996-2012 Texas Instruments Incorporated
F:/Work/Code Area/Combis/Bootloader/Example_Flash2806x_API21_Combi/Example_Flash2806x_API21_Combi/Example_Flash2806x_API/Debug/Example_Flash2806x_API.asm PAGE  151

    7961                      .dwattr $C$DW$729, DW_AT_accessibility(DW_ACCESS_public)
    7962              $C$DW$730       .dwtag  DW_TAG_member
    7963                      .dwattr $C$DW$730, DW_AT_type(*$C$DW$T$33)
    7964                      .dwattr $C$DW$730, DW_AT_name("CLKCTL")
    7965                      .dwattr $C$DW$730, DW_AT_TI_symbol_name("_CLKCTL")
    7966                      .dwattr $C$DW$730, DW_AT_data_member_location[DW_OP_plus_uconst 0x2]
    7967                      .dwattr $C$DW$730, DW_AT_accessibility(DW_ACCESS_public)
    7968              $C$DW$731       .dwtag  DW_TAG_member
    7969                      .dwattr $C$DW$731, DW_AT_type(*$C$DW$T$20)
    7970                      .dwattr $C$DW$731, DW_AT_name("PLLLOCKPRD")
    7971                      .dwattr $C$DW$731, DW_AT_TI_symbol_name("_PLLLOCKPRD")
    7972                      .dwattr $C$DW$731, DW_AT_data_member_location[DW_OP_plus_uconst 0x3]
    7973                      .dwattr $C$DW$731, DW_AT_accessibility(DW_ACCESS_public)
    7974              $C$DW$732       .dwtag  DW_TAG_member
    7975                      .dwattr $C$DW$732, DW_AT_type(*$C$DW$T$63)
    7976                      .dwattr $C$DW$732, DW_AT_name("INTOSC1TRIM")
    7977                      .dwattr $C$DW$732, DW_AT_TI_symbol_name("_INTOSC1TRIM")
    7978                      .dwattr $C$DW$732, DW_AT_data_member_location[DW_OP_plus_uconst 0x4]
    7979                      .dwattr $C$DW$732, DW_AT_accessibility(DW_ACCESS_public)
    7980              $C$DW$733       .dwtag  DW_TAG_member
    7981                      .dwattr $C$DW$733, DW_AT_type(*$C$DW$T$20)
    7982                      .dwattr $C$DW$733, DW_AT_name("rsvd1")
    7983                      .dwattr $C$DW$733, DW_AT_TI_symbol_name("_rsvd1")
    7984                      .dwattr $C$DW$733, DW_AT_data_member_location[DW_OP_plus_uconst 0x5]
    7985                      .dwattr $C$DW$733, DW_AT_accessibility(DW_ACCESS_public)
    7986              $C$DW$734       .dwtag  DW_TAG_member
    7987                      .dwattr $C$DW$734, DW_AT_type(*$C$DW$T$65)
    7988                      .dwattr $C$DW$734, DW_AT_name("INTOSC2TRIM")
    7989                      .dwattr $C$DW$734, DW_AT_TI_symbol_name("_INTOSC2TRIM")
    7990                      .dwattr $C$DW$734, DW_AT_data_member_location[DW_OP_plus_uconst 0x6]
    7991                      .dwattr $C$DW$734, DW_AT_accessibility(DW_ACCESS_public)
    7992              $C$DW$735       .dwtag  DW_TAG_member
    7993                      .dwattr $C$DW$735, DW_AT_type(*$C$DW$T$58)
    7994                      .dwattr $C$DW$735, DW_AT_name("rsvd2")
    7995                      .dwattr $C$DW$735, DW_AT_TI_symbol_name("_rsvd2")
    7996                      .dwattr $C$DW$735, DW_AT_data_member_location[DW_OP_plus_uconst 0x7]
    7997                      .dwattr $C$DW$735, DW_AT_accessibility(DW_ACCESS_public)
    7998              $C$DW$736       .dwtag  DW_TAG_member
    7999                      .dwattr $C$DW$736, DW_AT_type(*$C$DW$T$67)
    8000                      .dwattr $C$DW$736, DW_AT_name("LOSPCP")
    8001                      .dwattr $C$DW$736, DW_AT_TI_symbol_name("_LOSPCP")
    8002                      .dwattr $C$DW$736, DW_AT_data_member_location[DW_OP_plus_uconst 0xb]
    8003                      .dwattr $C$DW$736, DW_AT_accessibility(DW_ACCESS_public)
    8004              $C$DW$737       .dwtag  DW_TAG_member
    8005                      .dwattr $C$DW$737, DW_AT_type(*$C$DW$T$71)
    8006                      .dwattr $C$DW$737, DW_AT_name("PCLKCR0")
    8007                      .dwattr $C$DW$737, DW_AT_TI_symbol_name("_PCLKCR0")
    8008                      .dwattr $C$DW$737, DW_AT_data_member_location[DW_OP_plus_uconst 0xc]
    8009                      .dwattr $C$DW$737, DW_AT_accessibility(DW_ACCESS_public)
    8010              $C$DW$738       .dwtag  DW_TAG_member
    8011                      .dwattr $C$DW$738, DW_AT_type(*$C$DW$T$73)
    8012                      .dwattr $C$DW$738, DW_AT_name("PCLKCR1")
    8013                      .dwattr $C$DW$738, DW_AT_TI_symbol_name("_PCLKCR1")
    8014                      .dwattr $C$DW$738, DW_AT_data_member_location[DW_OP_plus_uconst 0xd]
    8015                      .dwattr $C$DW$738, DW_AT_accessibility(DW_ACCESS_public)
TMS320C2000 Assembler PC v6.1.0 Fri Feb 14 09:23:40 2020

Tools Copyright (c) 1996-2012 Texas Instruments Incorporated
F:/Work/Code Area/Combis/Bootloader/Example_Flash2806x_API21_Combi/Example_Flash2806x_API21_Combi/Example_Flash2806x_API/Debug/Example_Flash2806x_API.asm PAGE  152

    8016              $C$DW$739       .dwtag  DW_TAG_member
    8017                      .dwattr $C$DW$739, DW_AT_type(*$C$DW$T$69)
    8018                      .dwattr $C$DW$739, DW_AT_name("LPMCR0")
    8019                      .dwattr $C$DW$739, DW_AT_TI_symbol_name("_LPMCR0")
    8020                      .dwattr $C$DW$739, DW_AT_data_member_location[DW_OP_plus_uconst 0xe]
    8021                      .dwattr $C$DW$739, DW_AT_accessibility(DW_ACCESS_public)
    8022              $C$DW$740       .dwtag  DW_TAG_member
    8023                      .dwattr $C$DW$740, DW_AT_type(*$C$DW$T$20)
    8024                      .dwattr $C$DW$740, DW_AT_name("rsvd4")
    8025                      .dwattr $C$DW$740, DW_AT_TI_symbol_name("_rsvd4")
    8026                      .dwattr $C$DW$740, DW_AT_data_member_location[DW_OP_plus_uconst 0xf]
    8027                      .dwattr $C$DW$740, DW_AT_accessibility(DW_ACCESS_public)
    8028              $C$DW$741       .dwtag  DW_TAG_member
    8029                      .dwattr $C$DW$741, DW_AT_type(*$C$DW$T$75)
    8030                      .dwattr $C$DW$741, DW_AT_name("PCLKCR3")
    8031                      .dwattr $C$DW$741, DW_AT_TI_symbol_name("_PCLKCR3")
    8032                      .dwattr $C$DW$741, DW_AT_data_member_location[DW_OP_plus_uconst 0x10]
    8033                      .dwattr $C$DW$741, DW_AT_accessibility(DW_ACCESS_public)
    8034              $C$DW$742       .dwtag  DW_TAG_member
    8035                      .dwattr $C$DW$742, DW_AT_type(*$C$DW$T$77)
    8036                      .dwattr $C$DW$742, DW_AT_name("PLLCR")
    8037                      .dwattr $C$DW$742, DW_AT_TI_symbol_name("_PLLCR")
    8038                      .dwattr $C$DW$742, DW_AT_data_member_location[DW_OP_plus_uconst 0x11]
    8039                      .dwattr $C$DW$742, DW_AT_accessibility(DW_ACCESS_public)
    8040              $C$DW$743       .dwtag  DW_TAG_member
    8041                      .dwattr $C$DW$743, DW_AT_type(*$C$DW$T$20)
    8042                      .dwattr $C$DW$743, DW_AT_name("SCSR")
    8043                      .dwattr $C$DW$743, DW_AT_TI_symbol_name("_SCSR")
    8044                      .dwattr $C$DW$743, DW_AT_data_member_location[DW_OP_plus_uconst 0x12]
    8045                      .dwattr $C$DW$743, DW_AT_accessibility(DW_ACCESS_public)
    8046              $C$DW$744       .dwtag  DW_TAG_member
    8047                      .dwattr $C$DW$744, DW_AT_type(*$C$DW$T$20)
    8048                      .dwattr $C$DW$744, DW_AT_name("WDCNTR")
    8049                      .dwattr $C$DW$744, DW_AT_TI_symbol_name("_WDCNTR")
    8050                      .dwattr $C$DW$744, DW_AT_data_member_location[DW_OP_plus_uconst 0x13]
    8051                      .dwattr $C$DW$744, DW_AT_accessibility(DW_ACCESS_public)
    8052              $C$DW$745       .dwtag  DW_TAG_member
    8053                      .dwattr $C$DW$745, DW_AT_type(*$C$DW$T$20)
    8054                      .dwattr $C$DW$745, DW_AT_name("rsvd5")
    8055                      .dwattr $C$DW$745, DW_AT_TI_symbol_name("_rsvd5")
    8056                      .dwattr $C$DW$745, DW_AT_data_member_location[DW_OP_plus_uconst 0x14]
    8057                      .dwattr $C$DW$745, DW_AT_accessibility(DW_ACCESS_public)
    8058              $C$DW$746       .dwtag  DW_TAG_member
    8059                      .dwattr $C$DW$746, DW_AT_type(*$C$DW$T$20)
    8060                      .dwattr $C$DW$746, DW_AT_name("WDKEY")
    8061                      .dwattr $C$DW$746, DW_AT_TI_symbol_name("_WDKEY")
    8062                      .dwattr $C$DW$746, DW_AT_data_member_location[DW_OP_plus_uconst 0x15]
    8063                      .dwattr $C$DW$746, DW_AT_accessibility(DW_ACCESS_public)
    8064              $C$DW$747       .dwtag  DW_TAG_member
    8065                      .dwattr $C$DW$747, DW_AT_type(*$C$DW$T$99)
    8066                      .dwattr $C$DW$747, DW_AT_name("rsvd6")
    8067                      .dwattr $C$DW$747, DW_AT_TI_symbol_name("_rsvd6")
    8068                      .dwattr $C$DW$747, DW_AT_data_member_location[DW_OP_plus_uconst 0x16]
    8069                      .dwattr $C$DW$747, DW_AT_accessibility(DW_ACCESS_public)
    8070              $C$DW$748       .dwtag  DW_TAG_member
TMS320C2000 Assembler PC v6.1.0 Fri Feb 14 09:23:40 2020

Tools Copyright (c) 1996-2012 Texas Instruments Incorporated
F:/Work/Code Area/Combis/Bootloader/Example_Flash2806x_API21_Combi/Example_Flash2806x_API21_Combi/Example_Flash2806x_API/Debug/Example_Flash2806x_API.asm PAGE  153

    8071                      .dwattr $C$DW$748, DW_AT_type(*$C$DW$T$20)
    8072                      .dwattr $C$DW$748, DW_AT_name("WDCR")
    8073                      .dwattr $C$DW$748, DW_AT_TI_symbol_name("_WDCR")
    8074                      .dwattr $C$DW$748, DW_AT_data_member_location[DW_OP_plus_uconst 0x19]
    8075                      .dwattr $C$DW$748, DW_AT_accessibility(DW_ACCESS_public)
    8076              $C$DW$749       .dwtag  DW_TAG_member
    8077                      .dwattr $C$DW$749, DW_AT_type(*$C$DW$T$100)
    8078                      .dwattr $C$DW$749, DW_AT_name("rsvd7")
    8079                      .dwattr $C$DW$749, DW_AT_TI_symbol_name("_rsvd7")
    8080                      .dwattr $C$DW$749, DW_AT_data_member_location[DW_OP_plus_uconst 0x1a]
    8081                      .dwattr $C$DW$749, DW_AT_accessibility(DW_ACCESS_public)
    8082              $C$DW$750       .dwtag  DW_TAG_member
    8083                      .dwattr $C$DW$750, DW_AT_type(*$C$DW$T$39)
    8084                      .dwattr $C$DW$750, DW_AT_name("EPWMCFG")
    8085                      .dwattr $C$DW$750, DW_AT_TI_symbol_name("_EPWMCFG")
    8086                      .dwattr $C$DW$750, DW_AT_data_member_location[DW_OP_plus_uconst 0x2a]
    8087                      .dwattr $C$DW$750, DW_AT_accessibility(DW_ACCESS_public)
    8088              $C$DW$751       .dwtag  DW_TAG_member
    8089                      .dwattr $C$DW$751, DW_AT_type(*$C$DW$T$101)
    8090                      .dwattr $C$DW$751, DW_AT_name("rsvd12")
    8091                      .dwattr $C$DW$751, DW_AT_TI_symbol_name("_rsvd12")
    8092                      .dwattr $C$DW$751, DW_AT_data_member_location[DW_OP_plus_uconst 0x2b]
    8093                      .dwattr $C$DW$751, DW_AT_accessibility(DW_ACCESS_public)
    8094                      .dwendtag $C$DW$T$102
    8095              
    8096              $C$DW$752       .dwtag  DW_TAG_TI_far_type
    8097                      .dwattr $C$DW$752, DW_AT_type(*$C$DW$T$102)
    8098              $C$DW$T$134     .dwtag  DW_TAG_volatile_type
    8099                      .dwattr $C$DW$T$134, DW_AT_type(*$C$DW$752)
    8100              
    8101              $C$DW$T$103     .dwtag  DW_TAG_structure_type
    8102                      .dwattr $C$DW$T$103, DW_AT_name("XCLK_BITS")
    8103                      .dwattr $C$DW$T$103, DW_AT_byte_size(0x01)
    8104              $C$DW$753       .dwtag  DW_TAG_member
    8105                      .dwattr $C$DW$753, DW_AT_type(*$C$DW$T$20)
    8106                      .dwattr $C$DW$753, DW_AT_name("XCLKOUTDIV")
    8107                      .dwattr $C$DW$753, DW_AT_TI_symbol_name("_XCLKOUTDIV")
    8108                      .dwattr $C$DW$753, DW_AT_bit_offset(0x0e), DW_AT_bit_size(0x02)
    8109                      .dwattr $C$DW$753, DW_AT_data_member_location[DW_OP_plus_uconst 0x0]
    8110                      .dwattr $C$DW$753, DW_AT_accessibility(DW_ACCESS_public)
    8111              $C$DW$754       .dwtag  DW_TAG_member
    8112                      .dwattr $C$DW$754, DW_AT_type(*$C$DW$T$20)
    8113                      .dwattr $C$DW$754, DW_AT_name("rsvd1")
    8114                      .dwattr $C$DW$754, DW_AT_TI_symbol_name("_rsvd1")
    8115                      .dwattr $C$DW$754, DW_AT_bit_offset(0x0a), DW_AT_bit_size(0x04)
    8116                      .dwattr $C$DW$754, DW_AT_data_member_location[DW_OP_plus_uconst 0x0]
    8117                      .dwattr $C$DW$754, DW_AT_accessibility(DW_ACCESS_public)
    8118              $C$DW$755       .dwtag  DW_TAG_member
    8119                      .dwattr $C$DW$755, DW_AT_type(*$C$DW$T$20)
    8120                      .dwattr $C$DW$755, DW_AT_name("XCLKINSEL")
    8121                      .dwattr $C$DW$755, DW_AT_TI_symbol_name("_XCLKINSEL")
    8122                      .dwattr $C$DW$755, DW_AT_bit_offset(0x09), DW_AT_bit_size(0x01)
    8123                      .dwattr $C$DW$755, DW_AT_data_member_location[DW_OP_plus_uconst 0x0]
    8124                      .dwattr $C$DW$755, DW_AT_accessibility(DW_ACCESS_public)
    8125              $C$DW$756       .dwtag  DW_TAG_member
TMS320C2000 Assembler PC v6.1.0 Fri Feb 14 09:23:40 2020

Tools Copyright (c) 1996-2012 Texas Instruments Incorporated
F:/Work/Code Area/Combis/Bootloader/Example_Flash2806x_API21_Combi/Example_Flash2806x_API21_Combi/Example_Flash2806x_API/Debug/Example_Flash2806x_API.asm PAGE  154

    8126                      .dwattr $C$DW$756, DW_AT_type(*$C$DW$T$20)
    8127                      .dwattr $C$DW$756, DW_AT_name("rsvd2")
    8128                      .dwattr $C$DW$756, DW_AT_TI_symbol_name("_rsvd2")
    8129                      .dwattr $C$DW$756, DW_AT_bit_offset(0x00), DW_AT_bit_size(0x09)
    8130                      .dwattr $C$DW$756, DW_AT_data_member_location[DW_OP_plus_uconst 0x0]
    8131                      .dwattr $C$DW$756, DW_AT_accessibility(DW_ACCESS_public)
    8132                      .dwendtag $C$DW$T$103
    8133              
    8134              
    8135              $C$DW$T$104     .dwtag  DW_TAG_union_type
    8136                      .dwattr $C$DW$T$104, DW_AT_name("XCLK_REG")
    8137                      .dwattr $C$DW$T$104, DW_AT_byte_size(0x01)
    8138              $C$DW$757       .dwtag  DW_TAG_member
    8139                      .dwattr $C$DW$757, DW_AT_type(*$C$DW$T$20)
    8140                      .dwattr $C$DW$757, DW_AT_name("all")
    8141                      .dwattr $C$DW$757, DW_AT_TI_symbol_name("_all")
    8142                      .dwattr $C$DW$757, DW_AT_data_member_location[DW_OP_plus_uconst 0x0]
    8143                      .dwattr $C$DW$757, DW_AT_accessibility(DW_ACCESS_public)
    8144              $C$DW$758       .dwtag  DW_TAG_member
    8145                      .dwattr $C$DW$758, DW_AT_type(*$C$DW$T$103)
    8146                      .dwattr $C$DW$758, DW_AT_name("bit")
    8147                      .dwattr $C$DW$758, DW_AT_TI_symbol_name("_bit")
    8148                      .dwattr $C$DW$758, DW_AT_data_member_location[DW_OP_plus_uconst 0x0]
    8149                      .dwattr $C$DW$758, DW_AT_accessibility(DW_ACCESS_public)
    8150                      .dwendtag $C$DW$T$104
    8151              
    8152              
    8153              $C$DW$T$141     .dwtag  DW_TAG_subroutine_type
    8154                      .dwattr $C$DW$T$141, DW_AT_language(DW_LANG_C)
    8155              $C$DW$T$142     .dwtag  DW_TAG_pointer_type
    8156                      .dwattr $C$DW$T$142, DW_AT_type(*$C$DW$T$141)
    8157                      .dwattr $C$DW$T$142, DW_AT_address_class(0x16)
    8158              $C$DW$T$4       .dwtag  DW_TAG_base_type
    8159                      .dwattr $C$DW$T$4, DW_AT_encoding(DW_ATE_boolean)
    8160                      .dwattr $C$DW$T$4, DW_AT_name("bool")
    8161                      .dwattr $C$DW$T$4, DW_AT_byte_size(0x01)
    8162              $C$DW$T$5       .dwtag  DW_TAG_base_type
    8163                      .dwattr $C$DW$T$5, DW_AT_encoding(DW_ATE_signed_char)
    8164                      .dwattr $C$DW$T$5, DW_AT_name("signed char")
    8165                      .dwattr $C$DW$T$5, DW_AT_byte_size(0x01)
    8166              $C$DW$T$6       .dwtag  DW_TAG_base_type
    8167                      .dwattr $C$DW$T$6, DW_AT_encoding(DW_ATE_unsigned_char)
    8168                      .dwattr $C$DW$T$6, DW_AT_name("unsigned char")
    8169                      .dwattr $C$DW$T$6, DW_AT_byte_size(0x01)
    8170              
    8171              $C$DW$T$24      .dwtag  DW_TAG_array_type
    8172                      .dwattr $C$DW$T$24, DW_AT_type(*$C$DW$T$6)
    8173                      .dwattr $C$DW$T$24, DW_AT_language(DW_LANG_C)
    8174                      .dwattr $C$DW$T$24, DW_AT_byte_size(0x20)
    8175              $C$DW$759       .dwtag  DW_TAG_subrange_type
    8176                      .dwattr $C$DW$759, DW_AT_upper_bound(0x1f)
    8177                      .dwendtag $C$DW$T$24
    8178              
    8179              
    8180              $C$DW$T$26      .dwtag  DW_TAG_array_type
TMS320C2000 Assembler PC v6.1.0 Fri Feb 14 09:23:40 2020

Tools Copyright (c) 1996-2012 Texas Instruments Incorporated
F:/Work/Code Area/Combis/Bootloader/Example_Flash2806x_API21_Combi/Example_Flash2806x_API21_Combi/Example_Flash2806x_API/Debug/Example_Flash2806x_API.asm PAGE  155

    8181                      .dwattr $C$DW$T$26, DW_AT_type(*$C$DW$T$6)
    8182                      .dwattr $C$DW$T$26, DW_AT_language(DW_LANG_C)
    8183                      .dwattr $C$DW$T$26, DW_AT_byte_size(0x26)
    8184              $C$DW$760       .dwtag  DW_TAG_subrange_type
    8185                      .dwattr $C$DW$760, DW_AT_upper_bound(0x25)
    8186                      .dwendtag $C$DW$T$26
    8187              
    8188              $C$DW$T$7       .dwtag  DW_TAG_base_type
    8189                      .dwattr $C$DW$T$7, DW_AT_encoding(DW_ATE_signed_char)
    8190                      .dwattr $C$DW$T$7, DW_AT_name("wchar_t")
    8191                      .dwattr $C$DW$T$7, DW_AT_byte_size(0x01)
    8192              $C$DW$T$8       .dwtag  DW_TAG_base_type
    8193                      .dwattr $C$DW$T$8, DW_AT_encoding(DW_ATE_signed)
    8194                      .dwattr $C$DW$T$8, DW_AT_name("short")
    8195                      .dwattr $C$DW$T$8, DW_AT_byte_size(0x01)
    8196              $C$DW$T$9       .dwtag  DW_TAG_base_type
    8197                      .dwattr $C$DW$T$9, DW_AT_encoding(DW_ATE_unsigned)
    8198                      .dwattr $C$DW$T$9, DW_AT_name("unsigned short")
    8199                      .dwattr $C$DW$T$9, DW_AT_byte_size(0x01)
    8200              $C$DW$T$10      .dwtag  DW_TAG_base_type
    8201                      .dwattr $C$DW$T$10, DW_AT_encoding(DW_ATE_signed)
    8202                      .dwattr $C$DW$T$10, DW_AT_name("int")
    8203                      .dwattr $C$DW$T$10, DW_AT_byte_size(0x01)
    8204              $C$DW$T$11      .dwtag  DW_TAG_base_type
    8205                      .dwattr $C$DW$T$11, DW_AT_encoding(DW_ATE_unsigned)
    8206                      .dwattr $C$DW$T$11, DW_AT_name("unsigned int")
    8207                      .dwattr $C$DW$T$11, DW_AT_byte_size(0x01)
    8208              $C$DW$T$20      .dwtag  DW_TAG_typedef, DW_AT_name("Uint16")
    8209                      .dwattr $C$DW$T$20, DW_AT_type(*$C$DW$T$11)
    8210                      .dwattr $C$DW$T$20, DW_AT_language(DW_LANG_C)
    8211              
    8212              $C$DW$T$56      .dwtag  DW_TAG_array_type
    8213                      .dwattr $C$DW$T$56, DW_AT_type(*$C$DW$T$20)
    8214                      .dwattr $C$DW$T$56, DW_AT_language(DW_LANG_C)
    8215                      .dwattr $C$DW$T$56, DW_AT_byte_size(0x02)
    8216              $C$DW$761       .dwtag  DW_TAG_subrange_type
    8217                      .dwattr $C$DW$761, DW_AT_upper_bound(0x01)
    8218                      .dwendtag $C$DW$T$56
    8219              
    8220              
    8221              $C$DW$T$57      .dwtag  DW_TAG_array_type
    8222                      .dwattr $C$DW$T$57, DW_AT_type(*$C$DW$T$20)
    8223                      .dwattr $C$DW$T$57, DW_AT_language(DW_LANG_C)
    8224                      .dwattr $C$DW$T$57, DW_AT_byte_size(0x18)
    8225              $C$DW$762       .dwtag  DW_TAG_subrange_type
    8226                      .dwattr $C$DW$762, DW_AT_upper_bound(0x17)
    8227                      .dwendtag $C$DW$T$57
    8228              
    8229              
    8230              $C$DW$T$58      .dwtag  DW_TAG_array_type
    8231                      .dwattr $C$DW$T$58, DW_AT_type(*$C$DW$T$20)
    8232                      .dwattr $C$DW$T$58, DW_AT_language(DW_LANG_C)
    8233                      .dwattr $C$DW$T$58, DW_AT_byte_size(0x04)
    8234              $C$DW$763       .dwtag  DW_TAG_subrange_type
    8235                      .dwattr $C$DW$763, DW_AT_upper_bound(0x03)
TMS320C2000 Assembler PC v6.1.0 Fri Feb 14 09:23:40 2020

Tools Copyright (c) 1996-2012 Texas Instruments Incorporated
F:/Work/Code Area/Combis/Bootloader/Example_Flash2806x_API21_Combi/Example_Flash2806x_API21_Combi/Example_Flash2806x_API/Debug/Example_Flash2806x_API.asm PAGE  156

    8236                      .dwendtag $C$DW$T$58
    8237              
    8238              
    8239              $C$DW$T$60      .dwtag  DW_TAG_array_type
    8240                      .dwattr $C$DW$T$60, DW_AT_type(*$C$DW$T$20)
    8241                      .dwattr $C$DW$T$60, DW_AT_language(DW_LANG_C)
    8242                      .dwattr $C$DW$T$60, DW_AT_byte_size(0x08)
    8243              $C$DW$764       .dwtag  DW_TAG_subrange_type
    8244                      .dwattr $C$DW$764, DW_AT_upper_bound(0x07)
    8245                      .dwendtag $C$DW$T$60
    8246              
    8247              
    8248              $C$DW$T$99      .dwtag  DW_TAG_array_type
    8249                      .dwattr $C$DW$T$99, DW_AT_type(*$C$DW$T$20)
    8250                      .dwattr $C$DW$T$99, DW_AT_language(DW_LANG_C)
    8251                      .dwattr $C$DW$T$99, DW_AT_byte_size(0x03)
    8252              $C$DW$765       .dwtag  DW_TAG_subrange_type
    8253                      .dwattr $C$DW$765, DW_AT_upper_bound(0x02)
    8254                      .dwendtag $C$DW$T$99
    8255              
    8256              
    8257              $C$DW$T$100     .dwtag  DW_TAG_array_type
    8258                      .dwattr $C$DW$T$100, DW_AT_type(*$C$DW$T$20)
    8259                      .dwattr $C$DW$T$100, DW_AT_language(DW_LANG_C)
    8260                      .dwattr $C$DW$T$100, DW_AT_byte_size(0x10)
    8261              $C$DW$766       .dwtag  DW_TAG_subrange_type
    8262                      .dwattr $C$DW$766, DW_AT_upper_bound(0x0f)
    8263                      .dwendtag $C$DW$T$100
    8264              
    8265              
    8266              $C$DW$T$101     .dwtag  DW_TAG_array_type
    8267                      .dwattr $C$DW$T$101, DW_AT_type(*$C$DW$T$20)
    8268                      .dwattr $C$DW$T$101, DW_AT_language(DW_LANG_C)
    8269                      .dwattr $C$DW$T$101, DW_AT_byte_size(0x05)
    8270              $C$DW$767       .dwtag  DW_TAG_subrange_type
    8271                      .dwattr $C$DW$767, DW_AT_upper_bound(0x04)
    8272                      .dwendtag $C$DW$T$101
    8273              
    8274              $C$DW$T$150     .dwtag  DW_TAG_pointer_type
    8275                      .dwattr $C$DW$T$150, DW_AT_type(*$C$DW$T$20)
    8276                      .dwattr $C$DW$T$150, DW_AT_address_class(0x16)
    8277              $C$DW$T$22      .dwtag  DW_TAG_pointer_type
    8278                      .dwattr $C$DW$T$22, DW_AT_type(*$C$DW$T$11)
    8279                      .dwattr $C$DW$T$22, DW_AT_address_class(0x16)
    8280              
    8281              $C$DW$T$170     .dwtag  DW_TAG_array_type
    8282                      .dwattr $C$DW$T$170, DW_AT_type(*$C$DW$T$11)
    8283                      .dwattr $C$DW$T$170, DW_AT_language(DW_LANG_C)
    8284                      .dwattr $C$DW$T$170, DW_AT_byte_size(0x14)
    8285              $C$DW$768       .dwtag  DW_TAG_subrange_type
    8286                      .dwattr $C$DW$768, DW_AT_upper_bound(0x13)
    8287                      .dwendtag $C$DW$T$170
    8288              
    8289              
    8290              $C$DW$T$171     .dwtag  DW_TAG_array_type
TMS320C2000 Assembler PC v6.1.0 Fri Feb 14 09:23:40 2020

Tools Copyright (c) 1996-2012 Texas Instruments Incorporated
F:/Work/Code Area/Combis/Bootloader/Example_Flash2806x_API21_Combi/Example_Flash2806x_API21_Combi/Example_Flash2806x_API/Debug/Example_Flash2806x_API.asm PAGE  157

    8291                      .dwattr $C$DW$T$171, DW_AT_type(*$C$DW$T$11)
    8292                      .dwattr $C$DW$T$171, DW_AT_language(DW_LANG_C)
    8293                      .dwattr $C$DW$T$171, DW_AT_byte_size(0x100)
    8294              $C$DW$769       .dwtag  DW_TAG_subrange_type
    8295                      .dwattr $C$DW$769, DW_AT_upper_bound(0xff)
    8296                      .dwendtag $C$DW$T$171
    8297              
    8298              $C$DW$770       .dwtag  DW_TAG_TI_far_type
    8299                      .dwattr $C$DW$770, DW_AT_type(*$C$DW$T$11)
    8300              $C$DW$T$172     .dwtag  DW_TAG_volatile_type
    8301                      .dwattr $C$DW$T$172, DW_AT_type(*$C$DW$770)
    8302              $C$DW$T$12      .dwtag  DW_TAG_base_type
    8303                      .dwattr $C$DW$T$12, DW_AT_encoding(DW_ATE_signed)
    8304                      .dwattr $C$DW$T$12, DW_AT_name("long")
    8305                      .dwattr $C$DW$T$12, DW_AT_byte_size(0x02)
    8306              $C$DW$T$13      .dwtag  DW_TAG_base_type
    8307                      .dwattr $C$DW$T$13, DW_AT_encoding(DW_ATE_unsigned)
    8308                      .dwattr $C$DW$T$13, DW_AT_name("unsigned long")
    8309                      .dwattr $C$DW$T$13, DW_AT_byte_size(0x02)
    8310              $C$DW$T$19      .dwtag  DW_TAG_typedef, DW_AT_name("Uint32")
    8311                      .dwattr $C$DW$T$19, DW_AT_type(*$C$DW$T$13)
    8312                      .dwattr $C$DW$T$19, DW_AT_language(DW_LANG_C)
    8313              $C$DW$771       .dwtag  DW_TAG_TI_far_type
    8314                      .dwattr $C$DW$771, DW_AT_type(*$C$DW$T$19)
    8315              $C$DW$T$137     .dwtag  DW_TAG_volatile_type
    8316                      .dwattr $C$DW$T$137, DW_AT_type(*$C$DW$771)
    8317              $C$DW$T$138     .dwtag  DW_TAG_pointer_type
    8318                      .dwattr $C$DW$T$138, DW_AT_type(*$C$DW$T$137)
    8319                      .dwattr $C$DW$T$138, DW_AT_address_class(0x16)
    8320              $C$DW$T$14      .dwtag  DW_TAG_base_type
    8321                      .dwattr $C$DW$T$14, DW_AT_encoding(DW_ATE_signed)
    8322                      .dwattr $C$DW$T$14, DW_AT_name("long long")
    8323                      .dwattr $C$DW$T$14, DW_AT_byte_size(0x04)
    8324              $C$DW$T$15      .dwtag  DW_TAG_base_type
    8325                      .dwattr $C$DW$T$15, DW_AT_encoding(DW_ATE_unsigned)
    8326                      .dwattr $C$DW$T$15, DW_AT_name("unsigned long long")
    8327                      .dwattr $C$DW$T$15, DW_AT_byte_size(0x04)
    8328              $C$DW$T$16      .dwtag  DW_TAG_base_type
    8329                      .dwattr $C$DW$T$16, DW_AT_encoding(DW_ATE_float)
    8330                      .dwattr $C$DW$T$16, DW_AT_name("float")
    8331                      .dwattr $C$DW$T$16, DW_AT_byte_size(0x02)
    8332              $C$DW$T$17      .dwtag  DW_TAG_base_type
    8333                      .dwattr $C$DW$T$17, DW_AT_encoding(DW_ATE_float)
    8334                      .dwattr $C$DW$T$17, DW_AT_name("double")
    8335                      .dwattr $C$DW$T$17, DW_AT_byte_size(0x02)
    8336              $C$DW$T$18      .dwtag  DW_TAG_base_type
    8337                      .dwattr $C$DW$T$18, DW_AT_encoding(DW_ATE_float)
    8338                      .dwattr $C$DW$T$18, DW_AT_name("long double")
    8339                      .dwattr $C$DW$T$18, DW_AT_byte_size(0x04)
    8340                      .dwattr $C$DW$CU, DW_AT_language(DW_LANG_C)
    8341              
    8342              ;***************************************************************
    8343              ;* DWARF CIE ENTRIES                                           *
    8344              ;***************************************************************
    8345              
TMS320C2000 Assembler PC v6.1.0 Fri Feb 14 09:23:40 2020

Tools Copyright (c) 1996-2012 Texas Instruments Incorporated
F:/Work/Code Area/Combis/Bootloader/Example_Flash2806x_API21_Combi/Example_Flash2806x_API21_Combi/Example_Flash2806x_API/Debug/Example_Flash2806x_API.asm PAGE  158

    8346              $C$DW$CIE       .dwcie 78
    8347                      .dwcfi  cfa_register, 20
    8348                      .dwcfi  cfa_offset, 0
    8349                      .dwcfi  undefined, 0
    8350                      .dwcfi  undefined, 1
    8351                      .dwcfi  undefined, 2
    8352                      .dwcfi  undefined, 3
    8353                      .dwcfi  undefined, 22
    8354                      .dwcfi  undefined, 37
    8355                      .dwcfi  undefined, 36
    8356                      .dwcfi  undefined, 23
    8357                      .dwcfi  undefined, 30
    8358                      .dwcfi  undefined, 31
    8359                      .dwcfi  undefined, 32
    8360                      .dwcfi  undefined, 38
    8361                      .dwcfi  undefined, 75
    8362                      .dwcfi  undefined, 24
    8363                      .dwcfi  undefined, 33
    8364                      .dwcfi  undefined, 35
    8365                      .dwcfi  undefined, 34
    8366                      .dwcfi  undefined, 76
    8367                      .dwcfi  undefined, 21
    8368                      .dwcfi  undefined, 20
    8369                      .dwcfi  same_value, 28
    8370                      .dwcfi  undefined, 29
    8371                      .dwcfi  undefined, 25
    8372                      .dwcfi  undefined, 77
    8373                      .dwcfi  undefined, 4
    8374                      .dwcfi  same_value, 6
    8375                      .dwcfi  same_value, 8
    8376                      .dwcfi  same_value, 10
    8377                      .dwcfi  undefined, 12
    8378                      .dwcfi  undefined, 14
    8379                      .dwcfi  undefined, 16
    8380                      .dwcfi  undefined, 17
    8381                      .dwcfi  undefined, 18
    8382                      .dwcfi  undefined, 19
    8383                      .dwcfi  undefined, 5
    8384                      .dwcfi  same_value, 7
    8385                      .dwcfi  same_value, 9
    8386                      .dwcfi  same_value, 11
    8387                      .dwcfi  undefined, 13
    8388                      .dwcfi  undefined, 15
    8389                      .dwcfi  undefined, 78
    8390                      .dwendentry
    8391              
    8392              ;***************************************************************
    8393              ;* DWARF REGISTER MAP                                          *
    8394              ;***************************************************************
    8395              
    8396              $C$DW$772       .dwtag  DW_TAG_TI_assign_register, DW_AT_name("AL")
    8397                      .dwattr $C$DW$772, DW_AT_location[DW_OP_reg0]
    8398              $C$DW$773       .dwtag  DW_TAG_TI_assign_register, DW_AT_name("AH")
    8399                      .dwattr $C$DW$773, DW_AT_location[DW_OP_reg1]
    8400              $C$DW$774       .dwtag  DW_TAG_TI_assign_register, DW_AT_name("PL")
TMS320C2000 Assembler PC v6.1.0 Fri Feb 14 09:23:40 2020

Tools Copyright (c) 1996-2012 Texas Instruments Incorporated
F:/Work/Code Area/Combis/Bootloader/Example_Flash2806x_API21_Combi/Example_Flash2806x_API21_Combi/Example_Flash2806x_API/Debug/Example_Flash2806x_API.asm PAGE  159

    8401                      .dwattr $C$DW$774, DW_AT_location[DW_OP_reg2]
    8402              $C$DW$775       .dwtag  DW_TAG_TI_assign_register, DW_AT_name("PH")
    8403                      .dwattr $C$DW$775, DW_AT_location[DW_OP_reg3]
    8404              $C$DW$776       .dwtag  DW_TAG_TI_assign_register, DW_AT_name("T")
    8405                      .dwattr $C$DW$776, DW_AT_location[DW_OP_reg22]
    8406              $C$DW$777       .dwtag  DW_TAG_TI_assign_register, DW_AT_name("IER")
    8407                      .dwattr $C$DW$777, DW_AT_location[DW_OP_regx 0x25]
    8408              $C$DW$778       .dwtag  DW_TAG_TI_assign_register, DW_AT_name("IFR")
    8409                      .dwattr $C$DW$778, DW_AT_location[DW_OP_regx 0x24]
    8410              $C$DW$779       .dwtag  DW_TAG_TI_assign_register, DW_AT_name("ST0")
    8411                      .dwattr $C$DW$779, DW_AT_location[DW_OP_reg23]
    8412              $C$DW$780       .dwtag  DW_TAG_TI_assign_register, DW_AT_name("SXM")
    8413                      .dwattr $C$DW$780, DW_AT_location[DW_OP_reg30]
    8414              $C$DW$781       .dwtag  DW_TAG_TI_assign_register, DW_AT_name("PM")
    8415                      .dwattr $C$DW$781, DW_AT_location[DW_OP_reg31]
    8416              $C$DW$782       .dwtag  DW_TAG_TI_assign_register, DW_AT_name("OVM")
    8417                      .dwattr $C$DW$782, DW_AT_location[DW_OP_regx 0x20]
    8418              $C$DW$783       .dwtag  DW_TAG_TI_assign_register, DW_AT_name("V")
    8419                      .dwattr $C$DW$783, DW_AT_location[DW_OP_regx 0x26]
    8420              $C$DW$784       .dwtag  DW_TAG_TI_assign_register, DW_AT_name("ST1")
    8421                      .dwattr $C$DW$784, DW_AT_location[DW_OP_reg24]
    8422              $C$DW$785       .dwtag  DW_TAG_TI_assign_register, DW_AT_name("PAGE0")
    8423                      .dwattr $C$DW$785, DW_AT_location[DW_OP_regx 0x21]
    8424              $C$DW$786       .dwtag  DW_TAG_TI_assign_register, DW_AT_name("INTM")
    8425                      .dwattr $C$DW$786, DW_AT_location[DW_OP_regx 0x23]
    8426              $C$DW$787       .dwtag  DW_TAG_TI_assign_register, DW_AT_name("AMODE")
    8427                      .dwattr $C$DW$787, DW_AT_location[DW_OP_regx 0x22]
    8428              $C$DW$788       .dwtag  DW_TAG_TI_assign_register, DW_AT_name("PSEUDOH")
    8429                      .dwattr $C$DW$788, DW_AT_location[DW_OP_regx 0x4c]
    8430              $C$DW$789       .dwtag  DW_TAG_TI_assign_register, DW_AT_name("XT")
    8431                      .dwattr $C$DW$789, DW_AT_location[DW_OP_reg21]
    8432              $C$DW$790       .dwtag  DW_TAG_TI_assign_register, DW_AT_name("SP")
    8433                      .dwattr $C$DW$790, DW_AT_location[DW_OP_reg20]
    8434              $C$DW$791       .dwtag  DW_TAG_TI_assign_register, DW_AT_name("FP")
    8435                      .dwattr $C$DW$791, DW_AT_location[DW_OP_reg28]
    8436              $C$DW$792       .dwtag  DW_TAG_TI_assign_register, DW_AT_name("DP")
    8437                      .dwattr $C$DW$792, DW_AT_location[DW_OP_reg29]
    8438              $C$DW$793       .dwtag  DW_TAG_TI_assign_register, DW_AT_name("PC")
    8439                      .dwattr $C$DW$793, DW_AT_location[DW_OP_reg25]
    8440              $C$DW$794       .dwtag  DW_TAG_TI_assign_register, DW_AT_name("VOL")
    8441                      .dwattr $C$DW$794, DW_AT_location[DW_OP_regx 0x4d]
    8442              $C$DW$795       .dwtag  DW_TAG_TI_assign_register, DW_AT_name("AR0")
    8443                      .dwattr $C$DW$795, DW_AT_location[DW_OP_reg4]
    8444              $C$DW$796       .dwtag  DW_TAG_TI_assign_register, DW_AT_name("AR1")
    8445                      .dwattr $C$DW$796, DW_AT_location[DW_OP_reg6]
    8446              $C$DW$797       .dwtag  DW_TAG_TI_assign_register, DW_AT_name("AR2")
    8447                      .dwattr $C$DW$797, DW_AT_location[DW_OP_reg8]
    8448              $C$DW$798       .dwtag  DW_TAG_TI_assign_register, DW_AT_name("AR3")
    8449                      .dwattr $C$DW$798, DW_AT_location[DW_OP_reg10]
    8450              $C$DW$799       .dwtag  DW_TAG_TI_assign_register, DW_AT_name("AR4")
    8451                      .dwattr $C$DW$799, DW_AT_location[DW_OP_reg12]
    8452              $C$DW$800       .dwtag  DW_TAG_TI_assign_register, DW_AT_name("AR5")
    8453                      .dwattr $C$DW$800, DW_AT_location[DW_OP_reg14]
    8454              $C$DW$801       .dwtag  DW_TAG_TI_assign_register, DW_AT_name("AR6")
    8455                      .dwattr $C$DW$801, DW_AT_location[DW_OP_reg16]
TMS320C2000 Assembler PC v6.1.0 Fri Feb 14 09:23:40 2020

Tools Copyright (c) 1996-2012 Texas Instruments Incorporated
F:/Work/Code Area/Combis/Bootloader/Example_Flash2806x_API21_Combi/Example_Flash2806x_API21_Combi/Example_Flash2806x_API/Debug/Example_Flash2806x_API.asm PAGE  160

    8456              $C$DW$802       .dwtag  DW_TAG_TI_assign_register, DW_AT_name("XAR6")
    8457                      .dwattr $C$DW$802, DW_AT_location[DW_OP_reg17]
    8458              $C$DW$803       .dwtag  DW_TAG_TI_assign_register, DW_AT_name("AR7")
    8459                      .dwattr $C$DW$803, DW_AT_location[DW_OP_reg18]
    8460              $C$DW$804       .dwtag  DW_TAG_TI_assign_register, DW_AT_name("XAR7")
    8461                      .dwattr $C$DW$804, DW_AT_location[DW_OP_reg19]
    8462              $C$DW$805       .dwtag  DW_TAG_TI_assign_register, DW_AT_name("XAR0")
    8463                      .dwattr $C$DW$805, DW_AT_location[DW_OP_reg5]
    8464              $C$DW$806       .dwtag  DW_TAG_TI_assign_register, DW_AT_name("XAR1")
    8465                      .dwattr $C$DW$806, DW_AT_location[DW_OP_reg7]
    8466              $C$DW$807       .dwtag  DW_TAG_TI_assign_register, DW_AT_name("XAR2")
    8467                      .dwattr $C$DW$807, DW_AT_location[DW_OP_reg9]
    8468              $C$DW$808       .dwtag  DW_TAG_TI_assign_register, DW_AT_name("XAR3")
    8469                      .dwattr $C$DW$808, DW_AT_location[DW_OP_reg11]
    8470              $C$DW$809       .dwtag  DW_TAG_TI_assign_register, DW_AT_name("XAR4")
    8471                      .dwattr $C$DW$809, DW_AT_location[DW_OP_reg13]
    8472              $C$DW$810       .dwtag  DW_TAG_TI_assign_register, DW_AT_name("XAR5")
    8473                      .dwattr $C$DW$810, DW_AT_location[DW_OP_reg15]
    8474              $C$DW$811       .dwtag  DW_TAG_TI_assign_register, DW_AT_name("CIE_RETA")
    8475                      .dwattr $C$DW$811, DW_AT_location[DW_OP_regx 0x4e]
    8476                      .dwendtag $C$DW$CU
    8477              

No Assembly Errors, No Assembly Warnings
