:02000004003EBC
:208000009A000006761F024792040006761F0248921D0006761F024892280006761F024834
:2080100092240006761F024892260006761F024792220006761F0248920D0006761F0248FC
:20802000920F0006761F024792180006C5A452005CA9EC149CFF88A992A45201ED045301B1
:20803000ED02DF0292C554C7ED07DD01DF01DC81000EFFF46F05522AEC039A0000069A01C4
:208040000006761F0247922D0006B2BD9B782DA959A98F00048636A8560100A49A059B02EF
:20805000767F1692761F02472DA18F40940096169A9637A9A0A907AB8AA956BF28C4A0A930
:2080600056BF41CC07AB56BF43D456BF4BDC56BF0DE48AA99B0592AC767F2311761F0247A6
:208070002B338BBE00062DA99A968F40940037A9761F0248A0A907AB8AA956BF28C456BFD7
:2080800041CCA0A956BF43D407AB56BF4BDC56BF0DE456BF012A8AA99B0592AC767F2311F0
:2080900000062DA99A968F40940037A9761F0248A0A907AB8AA956BF28C456BF4ECCA0A9FB
:2080A00056BF41D407AB56BF4BDC56BF0DE456BF012A8AA99B0592AC767F23110006B2BDB3
:2080B000AABDA2BD761F02489B782DA959A98F0004832B2A36A8560100A493C45344ED49B8
:2080C00092CC9CBD88A9ED4592D45256ED2492DC523FED219A968DC0940037A9761F02567C
:2080D000A2A9A9A607AB86A956BF28C2920A56B32BCA6304FF5C56BF2DCAA2AB565700A60E
:2080E000A9A4A9A3DC02767F17F256BF0DEA92A19B066F7F92A6ED1D92D45256ED1A2DE4D5
:2080F000350A94EC2DA9350A94F408A9EB30FFE400981BA90190FFE2009493DC532DED0225
:20810000FF5C3B10761F0256960A2910FF696F745356ED1792CC5253ED142DD4350A94DC47
:208110002DA9350A94E42DA9350A94EC08A92FB064771BA91F406274761F025696076F5C74
:20812000534BED0692CC5249EC5B5250EC465346ED1392CC5244ED102DD4350A94DC2DA98A
:20813000350A94E408A9EB30645B52646259761F025696046F415343ED5692CC9CB4ED537E
:2081400093D4533FEC0F5200ED4E2DD4350A94DC08A9FDF0644552646243761F02559629A1
:208150006F2B9A968DC0940037A9761F0255A2A907AB86A956BF28C2A2A907AB8AA982A912
:20816000DC019229767F17F292A19B0556BF0DE28AA3767F23116F272DD4350A94DC2DA920
:20817000350A94E408A9EB30641B1BA901906218761F0256961A92A1767E80736F142DD4E3
:20818000350A94DC2DA9350A94E408A9EB3064081BA903206205761F0256960B6FED92A100
:20819000767E809182BE86BE8BBE00062DA99A788F000480761F024836A9560100A492E4CD
:2081A0009CD0960592EC9CD0960392AC767E807300063B10761F024796042910FF690006A0
:2081B000B2BDAABDA2BDFE029B962DA98D40940037A89641A9A2B2A907AB8AA9B2A907A2CD
:2081C00056BF4DC456BF43CC090456BF48D482A956BF47DC56BF43C3767ED9A652786705F0
:2081D000767ED9A688A96F02BE78B2A9D50007A28AA98BA99B0392A6DC05767F187856BFB3
:2081E0000DE3761F02489B0956BF012A8AA19241767F2311FE8282BE86BE8BBE00063B1007
:2081F000761F0248961D2910FF6900063B10761F024896282910FF6900063B10761F02477E
:2082000096222910FF6900063B10761F0248960D2910FF6900063B10761F0248960F291083
:20821000FF6900063B10761F024796182910FF690006761F0247962D0006761F024756BFC8
:2082200001252B262B022B032B0A2B0B2B062B052B072B082B1A2B0956BF01012B002B0451
:208230002B1856BF01190006761F02472B0D56BF01152B162B172B1F2B1D2B1E2B1B2B1C8A
:208240002B102B0E2B0F56BF010C761F02482B200006761F02482B0656BF0107761F024713
:208250002B132B142B112B12761F02482B132B142B1256BF01102B112B182B192B172B1514
:208260002B162B092B0A0006767ED8EF5201ED7E767ED9A6520AEC50767ED9A65214EC4CB9
:20827000767ED9A6521EEC48767ED9A65228EC44767ED9A65232EC40767ED9A6523CEC3C6E
:20828000767ED9A65246EC38767ED9A65250EC34767ED9A6525AEC30767ED9A65264EC2CFE
:20829000767ED9A6526EEC28767ED9A65278EC24767ED9A65282EC20767ED9A6528CEC1C8E
:2082A000767ED9A65296EC18767ED9A652A0EC14767ED9A652AAEC10767ED9A652B4EC0C1E
:2082B000767ED9A652BEEC08767ED9A652C8EC049A3C767EDAE9767ED9A2520AEC24767E5E
:2082C000D9A25214EC20767ED9A2521EEC1C767ED9A25228EC18767ED9A25232EC14767EF6
:2082D000D9A2523CEC109A3C767EDAE5761F02470A3F923F5228690A9A059B032B3F767F7F
:2082E00026DE6F04761F02472B3F767ED8EF5201EC12767F18B65204EC0B767F18B652028C
:2082F000EC04767EDDAC6F17767EDDA96F14767EDDA66F11767F18B65204EC0B767F18B6B4
:208300005202EC04767EDDA06F06767EDD9D6F03767EDD9A761F0266C40CA8A90FA6564877
:20831000000C0006761F01C14715EE05761F02472B376F04761F02470A37761F01DD4715F4
:20832000EE05761F02472B386F04761F02470A389A00767F23D95200ED05761F02472B3B63
:208330006F04761F02470A3B9A01767F23D95200ED05761F02472B396F04761F02470A39F1
:208340009237520A6604923B526469132B372B3B3B10761F01C19A008F0005809B78D5008F
:20835000FF691811FFDF1A110020767F23E12910761F02479238520A6604923952646913B6
:208360002B382B393B10761F01DD8F0005F89A019B78D500FF691811FFDF1A110020767FBA
:2083700023E12910FF690006B2BD761F0247923352066523520A632156BF0B338D409400BC
:2083800056BF42C156BF54C956BF41D156BF32D9767E801A9B03D5028AA1DC04767F1878B9
:20839000761F0248D00A9A009B0B56BF012A8AA156BF0D91767F23118BBE0006B2BD761F3A
:2083A0000247923352066523520A632156BF0B338D40940056BF42C156BF54C956BF41D1CA
:2083B00056BF31D9767E801E9B03D5028AA1DC04767F1878761F0248D00A9A009B0B56BFE9
:2083C000012A8AA156BF0D91767F23118BBE0006761F0247923352066519520A631756BFB8
:2083D0000B338F009400761F02489A009B0556BF42C456BF54CC56BF41D456BF30DC56BF63
:2083E0000DE456BF012A767F23110006761F024792332B1952066513520A631156BF0B3343
:2083F0008F0094009A009B0456BF52C456BF53CC56BF54D456BF0DDC767F23110006B2BDD9
:208400005200ED148F409280D000BE36A0A976C004800DA08AA9929776C0940096C492970B
:20841000D137969CD801000EFFF38BBE0006767ED9A652786707767ED9A62DA9356493A921
:208420006F0328A82EE09A00761F0248551556B001A993095301EC05520056B101096F04A2
:208430005200EC022B09930A5301EC05520056B1010A6F0A761F02470A3E923E521E680724
:20844000761F02482B0A761F02472B3E00062DA99A968F40940037A9761F0248A0A907AB98
:208450008AA956BF51C456BF31CCA0A956BF0DD407AB56BF012A8AA99B0392AC767F231134
:2084600000062DA99A968F40940037A9761F0248A0A907AB8AA956BF51C456BF43CCA0A909
:2084700056BF48D407AB56BF47DC56BF53E456BF53EC56BF0DF456BF012A8AA99B0792ACC8
:20848000767F23110006767F022A761F02485400EC1F92005201ED1692165201EC07767E84
:20849000D8FB5201ED109A006F06767ED8FB5200ED0A9A01767EDB899A059B03767F26DE61
:2084A0006F022B16767F022A761F02489600000688A9B600DE821BA6FFFFEC1C8F409240BF
:2084B00093A72784FFD758A893ABF3A093A0FFD358A8560304A7709580A993A792ABFFDB98
:2084C000900F58A8F2A0560304A7709580A9000EFFE9CDA700FF92A788A8FFC75328EC0535
:2084D000530DEC03530AED039D0188A85228EC05520DEC03520AED029C01560308A994A63D
:2084E0000006B2BD2DA99A788D40048036A9560100A18AA19A029B00DC01767F1692761F86
:2084F00002489B0296188AA19A02DC04767F1692761F02489B0296198AA19A02DC0A767FC6
:208500001692D910761F02489B0096178AA19A04767F1692520064041BA92EE0650328A978
:208510002EE0761F024896158BBE0006B2BDFE022DA9761F02489A788D40048036A92B06CD
:208520002B0756BF0116560100A18AA19A039B02DC03767F16929B0A00FF29178AA1DC0C0D
:20853000761F02479B0296139A02767F1692761F02479B0096148AA19A03DC2F767F16923B
:20854000761F02479B0096128AA19A01DC56767F1692761F02489B0096128AA19A01DC5A47
:20855000767F1692761F0248961392125203EC035205ED1DD94C9A029B028AA1767F169277
:2085600027A9520063022BAB9B0A92AB00FF2917761F02478F0027102D149611A84230AB2C
:2085700000FF2816761F024896146F07761F02472B11761F02482B14FE828BBE0006B2BD39
:20858000AABDA2BD9B962DA959A98DC0940037A8A2A907AB86A9A2A956BF28C207AB82A9F9
:20859000767F0CF09B03D5018AA3DC01767F187856BF20F2767F1E959B03D5018AA3DC0784
:2085A000767F1878D00C56BF2092767EEC509B03D5018AA3DC0D767F1878D0129B1392A191
:2085B0008AA356BF0D92767F231182BE86BE8BBE0006B2BDAABD9B782DA95AA98F000484F5
:2085C00036A8560100A49A029B01767F169259A95200EC0D767F18B62DA9357854A16907F5
:2085D000767F18B62DA9359154A16811767ED96293A155A9EC0892A1767EDB4D9A059B03DD
:2085E000767F26DE92A2767E80736F0492A2767E809186BE8BBE0006B2BDAABD9B782DA969
:2085F0005AA98F00048436A8560100A49A029B01767F169259A9767ED9EA52026821767E19
:20860000D9EA5203661D767F18B62DA9358254A16817767F18B62DA9356954A16611767E64
:20861000D93393A155A9EC0892A1767EDBC19A059B03767F26DE92A2767E80736F0492A25D
:20862000767E809186BE8BBE0006B2BDAABDA2BDFE029B962DA98D40940096418AA136A825
:2086300082A9560100A4B2A907A356BF28C4761F0276090186A956BF30C292215206ED03B6
:208640009A316F029A3096CA767EFE35520C56B030D256B131D2767EFE35521756B030DA7D
:2086500056B131DA767EFE35520B56B030E256B131E2767F107E520056B130EA56B031EA2B
:20866000767EFE35520F56B030F256B131F2767EFE35521856B030FA56B131FA767EFE3506
:20867000520E56B008A056B108A056B0309256B13192767EFA56520056B109A056B009A0A6
:2086800056B1309256B03192767EFE394AA956BC0AA056BC309256BD0AA056BD3192767E13
:20869000FE35521156B00BA056B10BA056B0309256B13192767F18F3520056B10CA056B034
:2086A0000CA056B1309256B03192D00D56BF3092767F18D85200761F027856B10EA056B0C7
:2086B0000EA056B1309256B03192D00F9215EC039A316F029A309692767EFE35520DEC094C
:2086C000767EFE3947A956BC10A056BC3092EF04D01056BF3192767EFE394EA9EE09767E31
:2086D000FE394DA956BC11A056BC3092EF04D01156BF3192767EFE35521556B012A056B1CD
:2086E00012A056B0309256B13192767EFE35521656B013A056B113A056B0309256B13192A2
:2086F000767EFE35521956B014A056B114A056B0309256B13192767EFE35521756B015A086
:2087000056B115A056B0309256B13192767EFE35521B56B016A056B116A056B0309256B12F
:208710003192767EFE35521C56B017A056B117A056B019A456B119A456B0309256B131925D
:2087200092A4522056B601A666049A219EA488A9DE81A2A90DA483A1DC01560100A556BFD9
:2087300030C5000EFFF8A2A90DA483A1DC01560100A5B2A956BF0DC507A38BA993A492410C
:208740008AA1767F2311FE8282BE86BE8BBE0006B2BDAABDA2BDFE029B962DA98DC0940055
:2087500037A89642A2A907AB86A9A2A956BF28C207AB82A9767F101D9B03D5018AA3DC015F
:20876000767F187856BF20F2767F102DBE0AD5010EA98AA3F60F1FA6DC079B02767F1878CA
:20877000DA0B761F027656BF20C292215203EC165204EC055205EC035206ED0D761F01BFC2
:208780004401EF094301EF07767F0CDC9641767F102D6F092B41D1006F07767F0CDC96419D
:20879000767F0D2C59A98AA392419B03D501DC0C767F1878BE0A0EA18AA3D50156BF20F217
:2087A000F60F1FA6DC129B02767F1878D00B56BF2092767EEC6859A9767EEC5C3B0185A94D
:2087B000FF5693A155A96404767EEC686F06767EEC5C3B0185A9FF568AA39B04D500DC176E
:2087C000767F1878D01056BF2092767EEC5C3B018AA3D50085A9DC1CFF569B04767F187854
:2087D000D01556BF2092767EEC6C9B03D5008AA3DC21767F1878D01956BF2092767F292B76
:2087E000BE0A8AA3D5000EA9DC25F60F1FA69B03767F1878D01D56BF2092767F18D49B02D8
:2087F000D5028AA3DC29767F1878D023761F02729B03D5008AA356BF2092922FDC2F767FB7
:208800001878D02756BF2092767EE3FC9B03D5008AA3DC33767F1878D02B56BF2092767E4D
:20881000E3D29B04D5008AA3DC37767F1878D030761F02479B0A56BF2092920300FF288CC8
:208820009B04D5008AA3DC3C767F1878D035761F02479B03D5018AA356BF20929205DC41FB
:20883000767F1878D03B761F02479B02D5028AA356BF20929202DC47767F1878D041761F70
:2088400002489B05D5008AA356BF2092920EDC4D767F1878D047761F027156BF2092922C73
:20885000D0489C3056BF3092761F01BFD0499692D04A56BF3092430156BC4BA056BC3092B1
:2088600056BD4BA056BD3192D04C56BF3092767EBBF85202EC0D761F02479B0A922600FF03
:20887000291C520056B14DA056B13092EC0A761F0247D04D9B0A922656BF319200FF291C2A
:208880005200D04EEC039A316F029A309692767EBBF85202ED0A761F02769221520456B13C
:208890004FA056B13192EC04D04F56BF3092D0508AA39A009B02D50056BF2092DC5C767FDC
:2088A0001878D0539A009B02D5008AA356BF2092DC5F767F1878D056761F02479B05D500CC
:2088B0008AA356BF20929208DC62767F1878D05C56BF2092767EBBF85202EC09761F024796
:2088C0009B0A922600FF291C5200EC0C767EF63D9B0A00FF291C520356B15DA056B131927A
:2088D000EC04D05D56BF3092767EBBBE9B30D05E761F027595A98AA39792923ED05F9C30C3
:2088E0009B6C9692D06056BF0D929242767F2311FE8282BE86BE8BBE0006B2BDAABDA2BDE0
:2088F000FE029B962DA959A98DC0940037A8A2A907AB86A9A2A956BF28C207AB82A9767E58
:20890000D8F39B03D5018AA3DC01767F187856BF20F2767ED8F33B0128AC0064761F027820
:2089100085A91E42302600FF2816D5018AA3DC079B02767F1878D00B56BF2092767ED8F3BD
:208920009B03D5018AA3DC0C767F1878DA1156BF20C2767ED9925200ED0428A901F46F036D
:2089300028A902588AA39B02D501DC12767F187856BF20EA767ED8F33B0128AC0064761F02
:20894000027885A91E42302600FF28168AA3D501DC179B02767F1878D00A761F02789B04DC
:20895000D5008AA356BF20929226DC1C767F1878D00F761F02789B04D5008AA356BF2092B3
:208960009229DC21767F1878D01456BF2092767F18B62DA98AA3D5013578DC269B02767F32
:208970001878D01956BF2092767ED9469B02D5018AA3DC2B767F1878D01E56BF2092767FBE
:2089800018BA8AA39B02D501DC30767F1878D02356BF2092767ED8DB9B02D5018AA3DC35C2
:20899000767F1878D02856BF2092767ED8D79B02D5018AA3DC3A767F1878D02D56BF2092E1
:2089A000767ED9EA9B30D02E95A99792D02F56BF2092767ED9AA9B02D5008AA3DC41767FE2
:2089B0001878D03256BF2092767ED9A69B03D5008AA3DC44767F1878D03656BF2092767ED5
:2089C000D99A9B30D03795A99792D03856BF2092767ED98E9B30D03995A99792D03A56BF67
:2089D0002092767ED9DA9B30D03B8AA395A9D5009792DC509A01D03C9B0256BF2092D03DAB
:2089E00056BF3192D03E56BF2092767F1878D04156BF2092D04256BF3092D04356BF2092AA
:2089F000767ED8B79B30D04495A99792D04556BF2092767ED9629B02D5018AA3DC57767FCB
:208A00001878D04A56BF2092767ED95A9B30D04B95A99792D04C56BF2092767ED95E9B3098
:208A1000D04D95A98AA3979292A1D04E9B6056BF0D92767F2311761F02712B2CFE8282BE4D
:208A200086BE8BBE0006B2BDAABDA2BD9B782DA95BA98F00048336A8560100A49A029B005B
:208A3000767F16925AA952036644767F18B659A9767ED9EA93A255A9EC0492A2767EDB39AC
:208A400092A25201EC205200EC0E5203ED282DA135905AA9767EDB5D92A2767EDB592DA1E1
:208A500035786F0B2DA13590767EDB5D2DA13588767EDB592DA13569767EDBC19A00767EE3
:208A6000DBB96F0D2DA13592767EDB5D2DA1358A767EDB592DA13569767EDBC19A059B0337
:208A7000767F26DE767E83E692A3767E80736F0492A3767E809182BE86BE8BBE0006B2BD85
:208A8000AABDA2BD9B962DA959A98DC0940037A8A2A907AB86A9A2A956BF28C207AB82A9F4
:208A9000767ED9EA9B02D5008AA3DC01767F18789B0492A156BF0DDA8AA3767F231182BEAA
:208AA00086BE8BBE0006B2BDAABDA2BD9B962DA959A98DC0940037A8A2A907AB86A9A2A9AE
:208AB00056BF28C207AB82A9767F18D09B02D5018AA3DC01767F187856BF20EA767EE3FCF9
:208AC0009B03D5008AA3DC06767F1878D0099B0B92A156BF20928AA3D00A56BF0D92767F66
:208AD000231182BE86BE8BBE0006B2BDAABDA2BD9B962DA959A98DC0940037A8A2A907AB84
:208AE00086A9A2A956BF28C207AB82A9767ED9CA9B02D5008AA3DC01767F187856BF20DA79
:208AF000767ED9CE9B02D5008AA3DC04767F187856BF20F2767ED9D29B02D5008AA3DC077F
:208B0000767F1878D00956BF2092767ED9FE9B04D5008AA3DC0A767F1878D00E56BF2092B4
:208B1000767ED9B23B01D5008AA385A9FF56DC0F9B04767F1878D01356BF2092767ED9BEC1
:208B20003B018AA385A9D500FF56DC149B04767F1878D01856BF2092767ED9B69B03D501BA
:208B30008AA3DC19767F1878D01E56BF2092767ED9BA9B02D5028AA3DC1F767F1878D0242D
:208B400056BF2092767ED9C29B03D5018AA3DC25767F1878D02A56BF2092767ED9C69B02A7
:208B5000D5028AA3DC2B767F1878D03056BF2092767ED9969B03D5018AA3DC31767F187818
:208B6000D03656BF2092767ED9EE9B02D5018AA3DC37767F1878D03B56BF2092767ED99EF8
:208B70009B03D5008AA3DC3C767F1878D03F56BF2092767ED9729B03D5008AA3DC40767FE2
:208B80001878D0439B4492A18AA356BF0D92767F231182BE86BE8BBE0006B2BD59A9767EDE
:208B9000DC07767EDBF23B10761F024802001E322910FF699A059B02767F26DE92A1767EA8
:208BA00080738BBE00060006B2BDAABDA2BDFE048F0004809B782DA95AA9D00C83A436A856
:208BB0001EA6560100A59295520D56C000BAA8A907A609048AA99A039B02767F1692761FE5
:208BC000024893A9922056C000AC530056C100A91BA81770FFE600A5767E801E5200FFE5EC
:208BD00000A092A8767E8204767F18D4761F02483B01960C9E0B85A9FF5680A95264FFE4A5
:208BE0000090767E801E93A9767E801A3B019EA885A9FF565264FFE40084767E801A3B019D
:208BF00093A9920C9EA885A9FF561BA901C26278767E801E93A9767E801A3B019EA885A955
:208C0000FF5656030AA91EA692A785A91E4206A600FF281659A9767E801A3B012DA156038C
:208C10000AA9330C03AB82A91BA105F463591BA1020C65568F070800A8A90FA36551FF2B02
:208C2000FF1F0FA3634D761F02479215ED07767E8374761F02481A200004767ED8D393A160
:208C300055A9ED198F002710A2A9A84200FF28259643767ED96A934355A9ED0D8F00271035
:208C4000A2A9A84200FF28169643767ED966934355A9EC1C92A1767EDB518F002710A2A956
:208C5000A84200FF2825767EDB498F002710A2A9A84200FF2816767EDB4528A95555767EFB
:208C6000DB419A059B02767F26DE3B10761F0248A2322910FF6992A2767E80736F0492A242
:208C7000767E8091FE8482BE86BE8BBE0006B2BD8F0004809B782DA959A9D00C83A436A83C
:208C80001EA6560100A59295520DED32A8A907A609048AA99A039B02767F1692761F02487B
:208C90009320ED265200EC241BA917706621767E820B767F18D4761F0248960B767E801E56
:208CA0003B0193A9920B9EA885A9FF561BA901C2620F761F02479215ED07767E839E761FBB
:208CB00002481A20000292A1767E80736F0492A1767E80918BBE0006B2BD761F024859A9BA
:208CC0009220ED23767ED8D31BA90400ED09767ED96A5200ED05767ED9665200EC1628A9A2
:208CD0000400767EDB519A00767EDB499A00767EDB453B10761F024802001E322910FF69E3
:208CE0009A059B02767F26DE761F02489A002B0B2B0C767E820B9A00767E8204761F0247E6
:208CF0009215ED07767E83C8761F02481A200001761F024892A156BF011E767E80738BBEFA
:208D00000006B2BDAABD8F0004809B782DA959A9D00C83A436A81EA6560100A59295520D52
:208D1000ED25A8A907A609048AA99A039B02767F16928D80940056BF50C29B03D5028AA2B3
:208D200056BF56CADC0456BF41D256BF31DA767F1878D00A9A009B0B8AA256BF0D92767F62
:208D3000231192A1767E80736F0492A1767E809186BE8BBE0006B2BD9B782DA959A98F00AE
:208D4000048636A8560100A492C4520DED158F00940056BF50C49A009B0556BF56CC56BF27
:208D500041D456BF30DC56BF0DE4767F231192A1767E80736F0492A1767E80918BBE00068A
:208D6000B2BDAABDA2BD9B962DA959A98DC0940037A8A2A907AB86A9A2A956BF28C207ABCD
:208D700082A9767EFA398AA3DC01767F17F29A0056BF20E28AA3DC05767F17F2D00856BFDF
:208D80002092767EFA358AA3DC09767F17F2D00C56BF2092767EE3F48AA3DC0D767F180D50
:208D9000D00F56BF2092767EE3EC8AA3DC10767F17F2D01356BF2092767EE3F08AA3DC14B5
:208DA000767F17D2761F0276D0188AA3923856BF2092DC19767F17D2D01D56BF2092767EA7
:208DB000BBF88AA3DC1E767F180DDA20761F027656BF20C292375201ED039A316F029A309F
:208DC00096CA761F026192165201ED039A316F029A3096D2761F027692085201ED039A312D
:208DD0006F029A3096DA761F0276920E5201ED039A316F029A3096E2761F0260922252016C
:208DE000ED039A316F029A3096EA767EFA498AA3DC26767F180DD008761F02768AA356BF56
:208DF0002092922EDC29767F180DD00B3B01761F027E8AA356BF2092850FDC2CFF56767FCC
:208E000017D2D01056BF2092767F136E761F0277520156B011A056B111A056B0309256B1AD
:208E10003192D0124D31EF039A316F029A309692D0134931EF039A316F029A309692D0149E
:208E20009B358AA392A156BF0D92767F231182BE86BE8BBE0006B2BDAABDA2BD9B962DA916
:208E300059A98DC0940037A8A2A907AB86A9A2A956BF28C207AB82A9767ED9CE8AA3DC0168
:208E4000767F180D56BF20DA767ED9D28AA3DC04767F180D56BF20F2767ED9FE8AA3DC0721
:208E5000767F17D2D00B56BF2092767ED9B23B018AA385A9DC0CFF56767F17D2D01056BF5C
:208E60002092767ED9BE3B018AA385A9DC11FF56767F17D2D01556BF2092767ED9E28AA376
:208E7000DC16767F1787D01B56BF2092767ED9EE8AA3DC1C767F174DD02056BF2092767EC7
:208E8000D9B68AA3DC21767F1787D02656BF2092767ED9BA8AA3DC27767F172BD02C56BFCA
:208E90002092767ED9C28AA3DC2D767F1787D0329B3392A18AA356BF2092767F231182BE58
:208EA00086BE8BBE0006761F02479219EC12761F02484020EE0B4120EE064220EF0C182076
:208EB000FFFB6F091820FFFD6F061820FFFE6F0356BF0119761F02472B330006761F024791
:208EC0002B3300060006B2BDAABDA2BD9B782DA959A98DC00480D0338AA336A81EA656010E
:208ED00000A49294520D56C00130A2A907A68AA982A99A039B01DC03767F1692761F024729
:208EE0009B0296178AA39A02DC09767F1692761F02479B01961F8AA39A03DC0F767F16925C
:208EF000761F02479B00961D8AA39A04DC15767F1692761F02479B00961E8AA39A04DC1FEA
:208F0000767F1692761F02479B00961B8AA39A01DC24767F1692761F02479B00961C8AA3CD
:208F10009A02DC26767F1692761F02479B0096108AA39A01DC29767F16928AA3DC2A5201F7
:208F200056B000A256B101A29B009A01767F16925201ED0492A250025AA98AA39A019B00DC
:208F3000DC2B767F16925201ED0492A250045AA98AA39A019B00DC2C767F16925201ED0462
:208F400092A250085AA98AA39A019B00DC2D767F16925201ED0492A250105AA98AA39A01D6
:208F50009B00DC2E767F16925201ED0492A250205AA98AA39A019B00DC2F767F1692520176
:208F6000ED0492A250405AA9DB309A019B008AA3767F16925201ED0492A250805AA9761F4E
:208F700002479A962DA18DC094007A0E37A9A2A907AB86A956BF28C2A2A956BF47CA07AB03
:208F800056BF53D282A9767EFE359B02D5008AA3DC03767F1878DA05761F024856BF20C28D
:208F9000921E5201EC04767E80226F029A008AA39B02D500DC06767F187856BF20DA767F23
:208FA00018D09B03D5018AA3DC09767F1878D00956BF2092767ED9A6761F02729B0A27A92D
:208FB000923300FF288C94AB5278660F767ED9A6761F02729B0A27A9923300FF288C2DA96C
:208FC00092AB72AC350A6F0328A904B08AA39B04D500DC0F767F1878D00E56BF2092767E56
:208FD000D8DB9B04D5008AA3DC14767F1878D01356BF2092767ED8D79B04D5008AA3DC19D5
:208FE000767F1878D01856BF2092767EF6559B01D5008AA3DC1E767F1878D01A56BF209230
:208FF000767EF63D9B02D5008AA3DC20767F1878D01D9B2392A18AA356BF0D92767F231132
:20900000761F02472B3382BE86BE8BBE0006B2BDAABDA2BDFE029B962DA98DC0940037A845
:209010009641A9A1A2A907A186A956BF28C256BF52CA56BF49D2767F18B62DA9D501357881
:2090200088A9A2A907A18AA982A99B03DC0392A6767F1878D0089A789B02D5018AA356BFD5
:209030002092DC09767F1878D00D56BF2092767F18B69B02D5008AA3DC0E767F1878767E9B
:20904000D9EADA109B30761F024795A997C292255201EC08767ED9A6523269088D4001F4FB
:209050006F0D767ED9A652786607767ED9A62DA9350A59A96F038D4004B08AA39B03D501BC
:2090600092A1DC11767F187856BF20F2767ED8DB9B03D5018AA3DC17767F1878D00C56BF73
:209070002092767ED8D79B03D5018AA3DC1D767F1878D012761F027A9B03D5018AA356BFC3
:2090800020929230DC23767F1878D0189A329B03D5018AA356BF209294A1DC29767F1878FD
:20909000D01E9B2F56BF0D928AA39241767F2311761F02472B33FE8282BE86BE8BBE00069C
:2090A0002DA99A968F40940037A9761F0247A0A907AB8AA956BF28C456BF50CCA0A956BFCB
:2090B00049D407AB56BF39DC56BF38E456BF0DEC56BF012556BF01192B338AA9761F02488E
:2090C0009B0692AC56BF0425767F231100062DA99A968F40940037A9761F0247A0A907AB22
:2090D0008AA956BF28C456BF50CCA0A956BF49D407AB56BF39DC56BF39E456BF0DEC2B2534
:2090E00056BF01192B338AA9761F02489B0692AC56BF0425767F23110006AABD9B962DA917
:2090F00058A98F009400D500BE36D20037A893A2ED1928AC0037761F024776C09280303AEC
:209100000DA5560100A7A9A92DC70DA5C5A4560100A7DD0193AC21C7530D56B101A2000E23
:20911000FFE8761F0247A8A91C3AFFFF183A000107AB761F02488AA92B2A92A093A5767F0A
:209120002311761F024856BF012A86BE0006B2BDAABDA2BD9B962DA959A98DC0940037A894
:20913000A2A907AB86A956BF28C2A2A956BF41CA07AB56BF44D282A956BF44DA56BF52E205
:2091400056BF3DEA767ED8FF8AA3DC06767F17F2D0099B0B92A156BF29928AA3D00A56BF5D
:209150002092767F231182BE86BE8BBE0006B2BD761F027659A992215204EC469A962DA19A
:20916000761F02488F40940037A92B2AA0A907AB8AA956BF41C4A0A956BF4BCC07AB56BFF4
:2091700030D456BF0DDC8AA99B0492AC767F231192A1767F23D95200EDFC761F024856BF51
:20918000012A767EC08B9A00767EBBFC9A00767EC3029A00767EC303770077008F406FC08D
:20919000761F01BF8AA5DC051AC400108AA5DC0C1AC408001A0500083B101AE5004076FF49
:2091A000610076206F0492A1767E80918BBEFF690006B2BDAABDA2BDFE048DC00480964177
:2091B0008DBF4F008D7F57499A782D4137A9A2A9A94407AB2BAA1EAC9B0092AA761F0248B9
:2091C00054256804522156B001A827C1ABA483A292AB767E80265200EC2D5300EC1BC44488
:2091D00080AB8AA3DF8106A60DA7560100A4560308C496428AA306A60DAB560100A492420F
:2091E00094C49642ABA492AB767E84A8934255A9ED110EAA8F3F5536FF30560100A49241B4
:2091F000C5C43E679241ED11761F02472B0D2B156F0C92AAD901DA0A9C012FA9522268BD87
:209200009241EC03767E8091FE8482BE86BE8BBE0006B2BDAABDA2BDFE0C761F024896413D
:20921000922C5201ED020A0492410EA98D4092388F00923688411E4692410EA9FF3056017B
:2092200000A1A8A98AC10DA686A99241767F23C596C2AA44520156C100968F00922D884102
:20923000A8A98D8004808F0092340DA61E4AA8A90DA61E4C8A4A2BC48A4C92C45277676ED1
:2092400092415201ED10767ED9F65200EC07761F0238D07892155492EC44767ED8FFD078FC
:209250005492EC278AC192C4520DEC03520AED1B761F0248922C5202EC16C54682A206A7E3
:20926000FF321EA606A7FF3603A6560100A3922C5201EC049241767E91A99241767E83FF29
:20927000A2C16F458A4C02010AC4560100C16F41761F02488F00923A82A202010A35A848C8
:20928000DB78560100C492358AA3767EAC255200EC30761F02488AA39235767EAC486F18F7
:20929000761F02488F00923A82A202010A35A848DB78560100C492358AA3767F13785200FA
:2092A000EC18761F02488AA39235767F14718A48761F0248A2C42B356F0C92412D410EA973
:2092B0001E469A7837A9AAA907AB1EC18A4C2BC48AC19241767F23C58A44520196C456C013
:2092C000FF7B88418F00922DA8A90DA682A992C3520268112BC392418F0004802D410EA9B3
:2092D0001E469A7836A9560100A4A8C158418F0092342B94761F0248922C520256C000BB56
:2092E0008F009234A8A90DA686A988C292A656C100AE80418F00922FA8A90DA78AA90AC488
:2092F0001BC40001FFE900A72BC492418F0004805201ED6BD07892945253ED56D0799294AA
:209300009CBDED52D07A93945343ED1AD07B93945341ED16D07C93945343ED12D07D939422
:209310005331ED0ED07E93945336ED0A93C45323ED0793CC5346ED0493D45348EC205200BF
:20932000ED33D07A92945243ED2FD07B92945241ED2BD07C92945243ED27D07D92945234BC
:20933000ED23D07E92945238ED1F92C45223ED1C92CC5246ED1992D45248ED168D400480DF
:209340008D8092349A0156BF0DD956BF04C22B2A93C2767F2311D978761F024856BF012A86
:20935000B23A2BCA6F47D07992945203ED0ED07C92945245ED0AD07D9294524FED06D07E52
:209360009294524656B10127A346A9A9FF321EA7A9A9FF3603A71EA7A8A907A71E449241A5
:20937000ED15A8A907A78AA992C45223ED0F92CC5246ED0C92D45248ED0992EC520D56B119
:209380000DDC56B104A656B104C292418A442B2A93A6FF5E9001767F2311761F024856BF2C
:20939000012A06441EC12BC26F0558418F00922F2B940AC3FE8C82BE86BE8BBE0006761FA1
:2093A00002489B0092075201ED07761F02479215520156B101A8761F024792119700941D97
:2093B0009B0A9603921F567200149602921000FF291C761F024827A99B0A921300FF291C17
:2093C00093AB55A9670392136F04761F02479210761F0247962692155201ED15761F0248DA
:2093D0009207ED11761F02479213960592119607761F02489214761F024796082B099212AF
:2093E000961A6F0D761F024792179605921D9607921E9608921B961A921696099215EC034B
:2093F0009A006F02920E96069215ED06921B960A921D960B6F032B0A2B0B9A001B17012C09
:2094000056B401A91B13012C960C630C761F0248520156BF0110ED09761F024756BF0101E9
:209410006F07761F02482B10761F02472B019315BE01ED2F93255301ED15470EEE13920E1B
:20942000930E90209110CBA9ED0D920E930E90089104CBA9ED07920E930E90029101CBA91D
:20943000EC17930E9180CB25ED14920E930E90209110CBA9ED0E920E930E90089104CBA993
:20944000ED08920E930E90029101CBA9ED02BE0092A69B00F001960F761F02489212520350
:2094500056B101A897119211761F0247CA0FED039A006F029A01767E81A90006761F0247B2
:20946000923CEC08767ED9F6761F0247543DED04000656BF013C761F01DD56BF071056BFFB
:209470000311767ED9F6761F01DD520056B1021256B14913EC042B1256BF911356BF0314B0
:2094800056BF2311767ED9F6761F0247963D0006B2BDAABDA2BDFE029A009B78D5008D4085
:2094900005808AA1767F23E1D9789A019B78D5008AA1767F23E18F0004808F409238768079
:2094A000923428A92EE0A8C52BC6DC78A8D52BCE767ED523767F1DDA767EDD24767EDCC280
:2094B000767EDC78767EDC43767EDDAF9A00767EDAD1767ED9925200ED04767EF37F6F030E
:2094C000767EF35E767ED8EF761F02475425EC06767ED8EF761F02479625761F02489A0076
:2094D0008F3F7F702B01761F02761BC4AAAA56B101A98F3F7F719613761F02769A001BC4B5
:2094E000BBBB56B101A99614767ED8D79CFF767EE43A767ED946767EE433767F12C5767F6C
:2094F0000F97767ED8F32DA93B01761F024735B5FF115861FF469635767E821D767E823407
:20950000767E8249767F14622B412B42D100D3009A00767F26B25AA940A256CC00DD767E65
:209510008264767E8312761F024856BF012A761F02769213ED0C761F02489A1E2B02767E4A
:20952000FE579A019B01767F26DE6F04761F02482B01761F02479219EC05761F024892201D
:20953000EC2B761F02479215761F0248CA2CED24761F024792335206651F520A631D921993
:20954000EC12761F02484020EE0B4120EE064220EF0C767E83746F09767E839E6F06767E42
:2095500083C86F03767E83E6761F02479A0056BF0B33767E83FF767ED9F65200EC078F0009
:2095600094969A019B14767F1645767ED9F65200ED35767ED8FB5201EC05767F022A520171
:20957000ED2D0A42761F0248924256BF01085214682A2B42767F022A5200ED0D767E841743
:20958000761F02489209ED0492A1ED056F12920ACAA1EC0A92A15203670C5202EC059A01E2
:20959000767E84476F0F9A01767E8461D1016F0B9A01767E81B0D1026F06761F02482B426A
:2095A0002B08D100767E84839A00767E92099A01767E9209761F02479233521463020A33AE
:2095B000761F0248921E5201ED0993A39A0194A85BA91BA8096069032B1ED3000A061B06CD
:2095C000028A66039208ED042B06767E8249761F02470A0D1B0D028A68042B0D767E823424
:2095D000767E939F761F024892275201ED090A419241520A69053B1076FF7FF67620761F2C
:2095E0000247923065020B30767EBA76767EBB7F767E945E42A2EF0C761F024756BF643020
:2095F000761F026F0A00767EDCEF767EDC8D43A2EF0A761F024756BF6430761F026F0A00BA
:20960000767EDC8D45A256CCFF05761F024756BF6430761F026F0A00767EDC0FFFEFFEFA84
:2096100000060006B2BDAABDA2BD9B962DA959A98DC0940037A8761F0272A2A907AB86A9FB
:20962000A2A956BF28C207AB8AA982A9DC019224767F17D2761F024756BF0DEA8AA3922F87
:20963000DC06767F180DD0089B0992A18AA356BF0D92767F231182BE86BE8BBE0006B2BD23
:20964000FE088F7F58425CAD0207DC87767F28AED000BE1F8F0004808F409A00A8A980958D
:209650000DA0D17883A9D8017F9D000EFFF7D000BE0580ADA8A9DF870DA08097D17883A92F
:20966000D8017F9D000EFFF7D1008F40074076FF7180DC783E67520156B101A192A1FE88F6
:209670008BBE0006761F027192080006761F027192060006B2BDAABDA2BDFE022DA959A831
:2096800080A476BF572412A18DFF557A5CA59C017D4159A958A106A6D8810DA786A9CDC21A
:2096900000019293767F20389A0158A1CDC200025C4194A0FFD059A99293767F20389A0173
:2096A00058A1CDC200045C4194A0FFD159A99293767F20389A0158A1CDC200085C4194A00D
:2096B000FFD259A99293767F20389A0158A1CDC200105C4194A0FFD359A99293767F20380B
:2096C0009A0158A1CDC200205C4194A0FFD459A99293767F203858A1CDC200405C41FFD5F6
:2096D0009293767F2038FE8282BE86BE8BBE0006B2BDAABDA2BDFE0253035BA55AA459A92A
:2096E0002B41ED04284200646F075302ED039A0A6F029A0196422D42350A93A992A200FFDF
:2096F000291C5AA99242EC2E88420EA2F60F1FA65CA9934292A200FF291C5AA992A4ED1058
:2097000092425201EC0D9241ED0B93A19A01D4245DA394A859A99A07767E967A6F0B93A106
:209710009A015DA394A859A99A07767E967A284100019242BE0A0EA9F60F1FA6964252000A
:20972000EDD4FE8282BE86BE8BBE0006B2BD767EFE39761F0271FF5A922B56C100E9A9A90B
:20973000D000EC3D92AB47A9EF05D001761F027278004AA9EF068F009C8056BF0294D80196
:2097400048A9EE0493AA40A8EF068F009C8056BF0394D80145A9EF068F009C8056BF0494A1
:20975000D80193AA41A8EF068F009C8056BF0694D80142A8EF068F009C8056BF0794D801BF
:209760004FA9EF068F009C8056BF0B94D80143A8EF068F009C8056BF0894D801761F0278A0
:209770009215EC068F009C8056BF0594D801761F02479200ED56761F02479215ED24761F30
:20978000024792255201ED4D761F02474506EF068F009C8056BF5394D8014406EF068F00D0
:209790009C8056BF5494D8014306EF068F009C8056BF5594D8014106EF2D8F009C8056BFE4
:2097A00057946F2E761F02489207ED2B761F024792255201ED26761F02474506EF068F00E9
:2097B0009C8056BF5394D8014406EF068F009C8056BF5494D8014306EF068F009C8056BFEA
:2097C0005594D8014106EF068F009C8056BF5794D8014006EF068F009C8056BF5894D80147
:2097D000761F02389237EC2F9238EC068F009C8056BF3294D8019236EC068F009C8056BF31
:2097E0003394D8019235EC068F009C8056BF3494D8019234EC068F009C8056BF3594D80195
:2097F0009233EC119B358F009C8088A095A99A01979494A658A9A8A90DA68AA992C4524195
:2098000056B641C492A0EC0F761F02718F009C80540A66042B0A92C46F04580A0A0A9294F5
:2098100096056F04761F02712B052B2B9205761F026D9607EC28761F02719A189B01D40224
:2098200056BF0107767F20389A0B9B01D402767F2038761F0271BE0A0E05D502F60F1FA6D6
:209830002DA99B01310A92055CAC9EAB59A99A03767E96D89A049B01D5025CA1767E96D812
:209840009A016F05761F02719A002B078BBE0006B2BD767EFE39767EEC6C761F027659A9E1
:2098500092215203EC035204ED64761F01BF4301EF60767EFE3947A9EE3992A15219682901
:2098600052326820524B68129A739B01D400767F20389A749B01D400767F20389A759B0185
:20987000D400767F20389A766F159A739B01D400767F20389A749B01D400767F20389A757F
:209880006F099A739B01D400767F20389A746F029A739B01D400767F20389A3C9B01D400F7
:20989000767F20389A72D4006F219A709B01D402767F20389A3C9B01D402767F20389A7291
:2098A0009B01D402767F20389A739B01D402767F20389A749B01D402767F20389A759B01A5
:2098B000D402767F20389A76D4029B01767F20388BBE0006B2BDAABD8D7F58555AC192A279
:2098C000EC0DB2A90DA209018BA992899B01D400767F2038DA8192A2EDF986BE8BBE000667
:2098D000B2BD767EFE3946A956CD00DE761F02389237ED05767EE3FC59A96F02593292A160
:2098E0006405526456B264A16F02D100767EFE355210EC07767EFE3945A9EE03D4006F022F
:2098F000D4029A449B01767F2038767EBBF85202EC09761F02479B0A922600FF291C5200FA
:20990000EC69761F0248920E761F0238CA36ED62761F02710A0392035214662F520F661BCE
:20991000520A660C5205FFE900A49A4B9B01D400767F20389A4A9B006F089A4B9B01D40099
:20992000767F20389A4A9B01D400767F20389A499B006F0D9A4B9B01D400767F20389A4AB9
:209930009B01D400767F20389A499B01D400767F20389A489B006F129A4B9B01D400767F72
:2099400020389A4A9B01D400767F20389A499B01D400767F20389A489B01D400767F2038CF
:20995000761F027192035219686392A1521963039A006F0E523263039A056F0A524B630304
:209960009A0A6F06526463039A0F6F029A1496036F4F761F027192A12B03521964355232A2
:209970006426524B64139A4B9B01D400767F20389A4A9B01D400767F20389A499B01D400A3
:20998000767F20389A489B016F309A4B9B01D400767F20389A4A9B01D400767F20389A4937
:209990009B01D400767F20389A486F1E9A4B9B01D400767F20389A4A9B01D400767F203848
:2099A0009A499B006FEF767EFE355210EC049A4B9B016F039A4B9B00D400767F20389A4ADA
:2099B0009B006FEC9A449B00D400767F20388BBE0006761F02709321921A97199617932041
:2099C000921F9706962A9325921C970596159322922E970C96149300970393019702761F1B
:2099D00002719316761F02709707761F02718813761F02707E0B761F02718814761F0270D8
:2099E0007E16761F02718819761F02707E09761F0271881A761F02707E08761F02718817BE
:2099F000761F02707E0D761F0271880E761F02707E0A761F02718815761F02707E04761FD5
:209A00000271880F761F02707E29761F0271880C761F02707E30761F0271880D761F027099
:209A10007E27761F02718812761F02707E26761F02718818761F02707E2B761F027188104C
:209A2000761F02707E28761F02718811761F02707E2F761F02718824761F02707E32761F24
:209A300002718825761F02707E2D761F027188225303761F02707E2CED04761F02712B2344
:209A4000761F02719323761F02709731761F02719328761F0270971E761F02719329761FA1
:209A50000270971D761F02719326761F02709724761F0271931D761F0270971B5200EC039B
:209A60005203ED039A006F02923A761F02719620761F02709238963B923D9639923C963E2A
:209A700092369635761F02719220ED06761F02702B332B340006761F027092349633000630
:209A8000761F02711A1F0001761F02702B1156BF64120006761F027196080006761F0271FC
:209A900096060006B2BD761F02711A1F0003181FFFFE761F02702B182B0F2B0E56BFC81281
:209AA000767ED98E761F02709617961A767ED9A6BE0A761F02700EA9F60F1FA69CFF962AC9
:209AB000961F767ED99A761F02709615961C767ED9EA761F02709614962E767ED9DE761FAA
:209AC000027096199621767ED8C71BA9FFFFEC21767ED8C752146915767ED8C7523C690942
:209AD000767ED8C7BE1E0EA9F60F1FA69C036F12767ED8C7BE140EA9F60F1FA69C026F0A69
:209AE000767ED8C7BE0A0EA9F60F1FA69C016F029A00761F027096069620767ED986761FA1
:209AF000027096059625767ED982761F0270960C9622767ED8F3BE6408A9F768761F0270E6
:209B00000EA9F60F1FA696039600767ED992761F027096029601767ED9DA761F02709607B5
:209B1000761F02719616767ED9E6761F02709604761F02719615767ED9F2761F0270960B13
:209B2000761F02719613767ED9AE761F02709616761F02719614767ED98A761F0270960997
:209B3000761F02719619767ED94659A9767F18B65204EC39767F18B65202EC1A92A1526EFB
:209B400056C100855271EC7D5273EC765276EC6F5278EC68527BEC61527DEC5A5280EC5395
:209B50005282EC4C5285EC455287EC3E6F6F92A152DCEC6C52E1EC6552E6EC5E52EBEC57C1
:209B600052F0EC5052F5EC4952FAEC4252FFEC3B1BA10104EC331BA10109EC2B1BA1010E71
:209B7000EC236F4A1BA101B8EC511BA101C2EC491BA101CCEC411BA101D6EC391BA101E09C
:209B8000EC311BA101EAEC291BA101F4EC211BA101FEEC191BA10208EC111BA10212EC09E6
:209B90001BA1021CED33761F027056BF0A086F31761F027056BF09086F2C761F027056BF09
:209BA00008086F27761F027056BF07086F22761F027056BF06086F1D761F027056BF050864
:209BB0006F18761F027056BF04086F13761F027056BF03086F0E761F027056BF02086F0922
:209BC000761F027056BF01086F04761F02702B089208761F0271961A767ED9CA761F0270C3
:209BD000960D761F02719617767ED9D6761F0270960A761F0271960E767F18B65204EC28FA
:209BE000767F18B65202EC11767ED8DB761F02709C889629767ED8D7761F02709C8896302C
:209BF000767ED9339C976F26767ED8DB9BFA761F02709EA89629767ED8D79BFA761F027006
:209C00009EA89630767ED9339BD29EA86F13767ED8DB761F027008A9FE209629767ED8D724
:209C1000761F027008A9FE209630767ED93308A9FE5C761F0270962F9229761F0271960F59
:209C2000761F02709230761F0271960C761F0270922F761F02719611767ED8B7761F0270B0
:209C30009627761F0271960D767ED9A2BE0A761F02700EA9F60F1FA69CFF9626761F02718E
:209C40009612767ED9AA5202EC09BE0A0EA9761F0270F60F1FA6962B6F05761F027056BFFB
:209C50000E2B922B761F02719618767ED9F6761F02709628761F02719610767ED962520091
:209C6000EC6C767F18B65204EC62767F18B65202EC52767ED9625200EC605278EC47527B39
:209C7000EC40527DEC395280EC325282EC2B5285EC245287EC1D528AEC16528CEC0F528F78
:209C8000EC085291ED4A761F027056BF0B326F48761F027056BF0A326F43761F027056BF80
:209C900009326F3E761F027056BF08326F39761F027056BF07326F34761F027056BF063282
:209CA0006F2F761F027056BF05326F2A761F027056BF04326F25761F027056BF03326F2054
:209CB000761F027056BF02326F1B761F027056BF01326F16767ED9629BEBBE059EA80EA971
:209CC000761F0270F60F1FA696326F0A767ED962BE0A08A9FE2A6FF4761F02702B32923217
:209CD000761F02719624767ED95A761F0270962D761F02719625767ED95E761F0270962C0A
:209CE000761F02719622767ED8EB761F02709631761F02719623767ED956761F0270961E80
:209CF000761F02719628767F18B65204EC13767F18B65202EC09767ED9522DA9350D08A982
:209D0000FA7AFFC46F0F767ED9529BDCBE059EA86F06767ED952BE0A08A9FE480EA9F60FE0
:209D10001FA6761F0270961D761F02719629767ED94E5201EC2B5203EC245207EC1D520F40
:209D2000EC16521EEC0F523CEC08525AED0B761F027056BF06246F1D761F027056BF052479
:209D30006F18761F027056BF04246F13761F027056BF03246F0E761F027056BF02246F094C
:209D4000761F027056BF01246F04761F02702B249224761F02719626767ED94A761F027061
:209D5000520056B1031BEC07767ED94A761F02709CFF961B921B761F0271961D761F0270B0
:209D60009214EC035203ED039A006F03767ED92B761F02719620761F0270963A767ED91B88
:209D7000761F0270963B9638767ED91F761F02709639963D767ED923761F0270963E963CFB
:209D8000767ED927761F0270963596368BBE0006761F0254923F521056C100AD5208EC209A
:209D90005204EC1E5202EC0F767E9676520156C000A49A00767E9A8E761F027056BF05110F
:209DA000FFEF009B761F02702B12761F0271181FFFFE2B2A761F02702B11FFEF008E761FF1
:209DB000027056BF64125208761F0271282A0258EC40761F0270921156B10E1192119CFF4E
:209DC00052049611ED12761F024792155201ED0D761F024892075201ED08767ED8FB5200DC
:209DD000ED04761F02700B11761F027092115203ED12761F024792155201ED0D761F0248B0
:209DE00092075201ED08767ED8FB5200ED04761F02700B11761F02709211520BED4D761F7F
:209DF000024792155201ED48761F02700B116F44761F02700A119211520BED09761F02470F
:209E000092155201ED04761F02700A11761F027092115203ED12761F024792155201ED0D65
:209E1000761F024892075201ED08767ED8FB5200ED04761F02700A11761F02709211520446
:209E2000ED12761F024792155201ED0D761F024892075201ED08767ED8FB5200ED04761FF2
:209E300002700A11761F02709211520E6805FFEFFF73767E9A92761F02542B3F0006761F9E
:209E4000027692215203EC0E5205D400EC055204EC035206ED12761F01BF4401EF0E4301F5
:209E5000EF0C767F0CDC761F027CBE0A9E249C050EA9F60F1FA65CA99A009B03D500767E55
:209E600096D89A6B9B01D400767F20389A6D9B01D400767F20389A349B01D400767F203863
:209E70009A539B01D400767F20380006B2BD520A59A964211BA92710630F1BA903E8641C34
:209E80009B0A00FF288C59A99B01D4009A37767F20389A236F0B9B6400FF288C59A99B0153
:209E9000D4009A37767F20389A2B9B01D400767F20386F02D1009A059B03D5005CA1767EF9
:209EA00096D89A369B01D400767F20389A389B01D400767F20388BBE0006761F027C922400
:209EB0009C051BA927106707BE0A0EA9F60F1FA65CA96F038F0003E79A009B03D500767E4E
:209EC00096D89A6A9B01D400767F20389A6E9B01D400767F20389A349B01D400767F203803
:209ED0009A539B01D400767F203800069A079B01D41ED500767E967A9A079B02D402D500D1
:209EE000767E967A761F024728A803E8920900FF291CD5009B035CA99A05767E96D8000667
:209EF0009A079B00D41FD500767E967A9A079B01D40ED500767E967A9A079B02D41BD50050
:209F0000767E967A9A059B03D46FD500767E96D80006B2BD767F18D059A91BA103E7660B1B
:209F1000520A68079A5B9B01D400767F20386F08D1006F06BE0A0EA1F60F1FA659A99A001A
:209F20009B03D5005CA1767E96D89A019B01D400767F20389A539B01D400767F20388BBE04
:209F30000006761F02489A059B03D5005C0E767E96D89A359B01D400767F20389A399B0153
:209F4000D400767F20380006B2BD767EEC5C59A9767EEC6893A155A96404767EEC5C6F039D
:209F5000767EEC6859A91BA1270F66101BA103E7691CBE0A0EA1D400F60F1FA659A99B0161
:209F60009A37767F20389A236F0CBE640EA1D400F60F1FA659A99B019A37767F20389A2B9B
:209F70009B01D400767F20389A059B03D5005CA1767E96D89A369B01D400767F20389A3943
:209F80009B01D400767F20389A339B01D400767F20388BBE0006767EEC6C9B03D5005CA967
:209F90009A05767E96D89A369B01D400767F20389A3A9B01D400767F20380006B2BD761F88
:209FA000027692215203EC105205EC055204EC035206ED18761F01BF4401EF144301EF1259
:209FB000767F102D6F03767F0D2C9B05BE0A95A90EA8F60F1FA659A91BA103E76605520A2A
:209FC0006708D1006F0DBE0A0EA1F60F1FA659A95200EC069A2B9B01D400767F20389A051D
:209FD0009B03D5005CA1767E96D89A3B9B01D400767F20389A349B01D400767F20388BBE39
:209FE0000006761F027692215203EC0E5205D400EC055204EC035206ED10761F01BF4401FC
:209FF000EF0C4301EF0A767F0CDC9B05BE0A95A90EA8F60F1FA65CA99A059B03D500767E0B
:20A0000096D89A349B01D400767F20389A339B01D400767F20380006B2BD761F0247590809
:20A010001BA1270F66101BA103E7691CBE0A0EA1D400F60F1FA659A99B019A03767F203800
:20A020009A636F0CBE640EA1D400F60F1FA659A99B019A03767F20389A5B9B01D400767F57
:20A0300020389A009B03D5005CA1767E96D89A049B01D400767F20389A029B01D400767FF0
:20A0400020388BBE0006761F0247922F5201EC05761F02725C2F6F04767EF6515CA99A0095
:20A050009B03D500767E96D89A019B01D400767F20389A059B01D400767F20380006761FCC
:20A0600002479B0A920500FF288C9B03D5005CA99A00767E96D89A029B01D400767F2038DB
:20A070009A539B01D400767F20380006B2BD767F102DBE0A0EA9F60F1FA659A91BA103E78E
:20A08000660B520A68079A5B9B01D400767F20386F08D1006F06BE0A0EA1F60F1FA659A9D2
:20A090009A009B03D5005CA1767E96D89A009B01D400767F20389A079B01D400767F20388F
:20A0A0008BBE0006767F10219B05BE0A95A90EA8F60F1FA65CA9520A68071BA403E769051E
:20A0B0008F0003E76F02D4009A009B03D500767E96D89A009B01D400767F20389A539B0183
:20A0C000D400767F20380006B2BDAABDA2BD767ED99A761F0270541556B100A1EC0792150B
:20A0D000767EDADD767F119FD101767ED9DA761F02705407EC059207767EDB25D101767E01
:20A0E000D98E761F02705417EC059217767EDACDD101761F0270922A521456B7132A2D2AB6
:20A0F000350A9C0A5AA9767ED9A654A2EC0792A2767EDAE9767E83E6D101767ED986761F0A
:20A1000002705405EC059205767EDAC5D101767ED982761F0270540CEC05920C767EDAC1B3
:20A11000D101761F027092035201ED048D8009606F038D800898767ED8F354A2EC1B92A2F8
:20A12000767EDB81767ED8F39BC8761F027C95A99738761F027C283F0640767ED8F32DA938
:20A13000D1013B01761F024735B5FF115861FF469635767ED992761F02705402EC10920214
:20A14000767EDAD5761F02709202ED0428A946506F0328A93A98767F0E12D101767ED9E6BA
:20A15000761F02705404EC059204767EDB35D101767ED9F2761F0270540BEC05920B767E8C
:20A16000DB61D101767ED9AE761F02705416EC059216767EDAF1D101767ED98A761F02705D
:20A170005409EC059209767EDAC9D101767ED9CA761F0270540DEC05920D767EDB15D10138
:20A18000767ED9D6761F0270540AEC05920A767EDB21D101767F18B65204EC50767F18B650
:20A190005202EC25761F0270920856B16EA2520156B171A2520256B173A2520356B176A241
:20A1A000520456B178A2520556B17BA2520656B17DA2520756B180A2520856B182A25209CD
:20A1B00056B185A2520A56B187A26F56761F0270920856B1DCA2520156B1E1A2520256B1B2
:20A1C000E6A2520356B1EBA2520456B1F0A2520556B1F5A2520656B1FAA2520756B1FFA22E
:20A1D0005208ED038D8001045209ED038D800109520AED328D80010E6F2F761F02709208DB
:20A1E000ED038D8001B85201ED038D8001C25202ED038D8001CC5203ED038D8001D65204F9
:20A1F000ED038D8001E05205ED038D8001EA5206ED038D8001F45207ED038D8001FE520839
:20A20000ED038D8002085209ED038D800212520AED038D80021C767ED94654A2EC0992A222
:20A21000767EDBD1767ED946767EE433D101767F18B65202EC07767F18B62DA935785AA94B
:20A220006F02D2FA767ED8DB761F02709EA25429EC08922994A2767EDB5D767E83E6D10136
:20A23000767ED8D7761F02709EA25430EC08923094A2767EDB59767E83E6D101767ED8DBB6
:20A240005BA9767ED8D793A355A9670E767ED8D7767EDB5D767ED8DB761F02709EA2962932
:20A25000767E83E6D101767F18B62DA9761F0270356993A9922F94A85AA9767ED93354A24F
:20A26000EC0592A2767EDBC1D101767ED9EA5203ED05767ED8DB767EDB59767F18B6767ED3
:20A27000D9EA761F02705414EC759214767EDB39767ED9EA5201EC49767ED9EA5200EC2633
:20A28000767ED9EA5203ED63767F18B62DA9359059A9767EDB5D92A1767EDB59767F18B6B8
:20A290002DA93578767EDBC1767F18B62DA9357D767EDBD1767ED946767EE433767F18B6CF
:20A2A0002DA9358C767EDB4D6F42767F18B62DA93590767EDB5D767F18B62DA93588767E66
:20A2B000DB59767F18B62DA93569767EDBC1767F18B62DA93573767EDBD1767ED946767EAB
:20A2C000E433767F18B66F1F767F18B62DA93592767EDB5D767F18B62DA9358A767EDB590A
:20A2D000767F18B62DA93569767EDBC1767F18B62DA93573767EDBD1767ED946767EE433A8
:20A2E000767F18B62DA93587767EDB4D767E83E6D101767ED9DE761F02705419EC05921903
:20A2F000767EDB29D101761F02709206EC12520366052D06350A9CF66F0A520566052D06B5
:20A3000035149CD86F042D06351E9CA65AA96F038D80FFFF767ED8C754A2EC0592A2767E23
:20A31000DB2DD101767ED8B7761F02705427EC059A00767EDAD1D101761F0270922B520D2F
:20A3200056B70C2B2D2B350A5AA9767ED9AA54A2EC0592A2767EDAEDD101767ED9F6761FC8
:20A3300002705428EC059228767EDB65D101761F02709232EC4D767F18B65204EC3F767F31
:20A3400018B65202EC30761F027092325201EC295202EC255203EC215204EC1D5205EC190A
:20A350005206EC155207EC115208EC0D5209EC09520AEC05520BED2CD2916F2BD28F6F29E2
:20A36000D28C6F27D28A6F25D2876F23D2856F21D2826F1FD2806F1DD27D6F1BD27B6F19B9
:20A37000D2786F17761F02709232520C67112D329AEB310594AB5AA96F0C761F02709232BA
:20A38000520C67062D32350A08A901D66FF5D200767ED96254A2EC0592A2767EDB4DD1015E
:20A39000767ED95A761F0270542DEC05922D767EDA9DD101767ED95E761F0270542CEC056E
:20A3A000922C767EDAA5D101767ED92B761F02715420EC059220767EDBB9D101767ED91B41
:20A3B000761F0270543BEC05923B767EDBA9D101767ED91F761F02705439EC059239767EBF
:20A3C000DBADD101767ED923761F0270543EEC05923E767EDBB1D101767ED927761F02708C
:20A3D0005435EC059235767EDBB5D101767ED8EB761F02705431EC059231767EDB79D101C5
:20A3E000767ED956761F0270541EEC05921E767EDBE1D101767F18B65204EC64767F18B672
:20A3F0005202EC2F761F0270921DEC295201EC255202EC215203EC1D5204EC195205EC153D
:20A400005206EC115207EC0D5208EC095209EC05520AED0DD2876F7ED2856F7CD2826F7ADF
:20A41000D2806F78D27D6F76D27B6F74D2786F72D2766F70D2736F6ED2716F6CD26E6F6AE4
:20A42000761F0270921DEC2C5201EC285202EC245203EC205204EC1C5205EC185206EC1411
:20A430005207EC105208EC0B5209EC06520AED108D80010E6F4F8D8001096F4C8D80010402
:20A440006F49D2FF6F47D2FA6F45D2F56F43D2F06F41D2EB6F3FD2E66F3DD2E16F3BD2DC78
:20A450006F39761F0270921DEC335201EC2E5202EC295203EC245204EC1F5205EC1A52061E
:20A46000EC155207EC105208EC0B5209EC06520AED138D80021C6F1E8D8002126F1B8D801C
:20A4700002086F188D8001FE6F158D8001F46F128D8001EA6F0F8D8001E06F0C8D8001D665
:20A480006F098D8001CC6F068D8001C26F038D8001B8767ED95254A2EC0592A2767EDBDD07
:20A49000D101761F02709224EC195201EC155202EC115203EC0D5204EC095205EC0552063A
:20A4A000ED05D25A6F0CD23C6F0AD21E6F08D20F6F06D2076F04D2036F02D201767ED94E3F
:20A4B00054A2EC0592A2767EDBD9D101767ED9EA767ED942767ED933767ED9335AA9767E3A
:20A4C000D95293A255A96906767ED933767EDBDDD101761F02705A1B767ED94ADA0154A2CD
:20A4D000ED0592A15201EC056F0C92A2767EDBD59A059B03767F26DE761F027156BF012C30
:20A4E00082BE86BE8BBE0006B2BD761F0271411F56CC024D761F0270920FED61761F025460
:20A4F000923F5208EC485204EC265202EC14520156C0023D761F0270920E520256C102373E
:20A500009218EC09521456C1023256BF010F56BF010E6F2B761F02702B12761F0271181F85
:20A51000FFFD761F02702B182B0E2B0F767EA0C4FFEF021D761F02709218520169030B187A
:20A520006F0356BF1218767ED8DF5202EC07761F027092185212ED020B18761F02711A1F10
:20A530000001761F02702B0E28136C4856BFC812FFEF01FD761F02700A18767ED8DF5202D8
:20A54000EC07761F027092185212ED020A18761F02709218521356B701186FE4920E520160
:20A5500056C001E5761F0254923F5208EC225204EC195220EC155201EC0B520256C001D771
:20A56000761F027028136C4856BF020E6FAF761F027056BF020E2B0F767E99B96FC8520469
:20A57000ED10761F02709213EC0C0B132B376F09761F02701B13D89067040A1356BF0137C0
:20A58000761F0270921856BFC812520F56C101A9520956C1019F520356C10197520456C176
:20A59000018F520156C1017D520256C10175521456C1019D520556C1010B521056C100FE46
:20A5A000521156C100F1520856C100DF520C56C100D4520D56C100C9520E56C100BE520BC6
:20A5B00056C100B35206EC735207EC45520AEC11521256C0017C92137031761F0271900151
:20A5C00096239216520356C001722B23FFEF016F92145202EC035203ED289213942F08A924
:20A5D00093B859A96416767F18B65204ED0492A15264620F767F18B65202ED0492A1523281
:20A5E0006208767F18B65201ED0B92A1521A640828A96C48761F0270D1009E2F9613761F70
:20A5F00002717911FFEF0143922F761F02719611FFEF013D92145202ED289213943008A957
:20A6000093B859A96416767F18B65204ED0492A15282620F767F18B65202ED0492A1524222
:20A610006308767F18B65201ED0B92A15222640828A96C48761F0270D1009E309613761F35
:20A620000271790CFFEF011392306F3992145202EC035203ED279213942908A993B859A904
:20A630006416767F18B65204ED0492A15282620F767F18B65202ED0492A152426308767FDF
:20A6400018B65201ED0B92A15222640828A96C48761F0270D1009E299613761F0271790F71
:20A650006F059229761F0271960F761F02709214520356C000DC761F0271920F761F027169
:20A66000960CFFEF00D492137009761F027190019619FFEF00CC9213700B761F027190019D
:20A670009613FFEF00C492137028761F027190019610FFEF00BC92137004761F0271900197
:20A680009615FFEF00B492139407761F02719003961656C000AC56BF0116761F02700A13D4
:20A69000FFEF00A592139B0C943200FF291C761F02719624FFEF009B92139B0B940800FF90
:20A6A000291C761F0271961AFFEF009192139B0D942B00FF291C761F02719618761F027011
:20A6B0009337ED2F761F027B93025378EC7F5350EC1D533CEC135332EC0952056877761F48
:20A6C00002719A0856BF04186F185206686F761F02719A0756BF05186F1052076867761F67
:20A6D00002719A0656BF06186F085209685F761F02719A0456BF0818761F027074136F565D
:20A6E000761F027B93025378EC515350EC1A533CEC115332EC0852056849761F02700813D3
:20A6F00000086F1552066842761F0270081300076F0E5207683B761F0270081300066F077C
:20A7000052096834761F027008130004761F02712B186F2C92137002900196016F27767E6D
:20A71000BBBE5200ED08761F027092137003900196006F1C761F027092036FFB9213941445
:20A720009003962E6F13921370159001961C6F0E92139B14942A00FF291C961F6F07921330
:20A730009B03941700FF291C961A761F02542B3F8BBE0006B2BDAABD767EFE3559A95200D7
:20A74000EC209A199B01D400767F20389A0B9B01D400767F2038BE0A0EA1D500F60F1FA605
:20A750005AA99B019A035CA2767E96D892A12DA29B01D500310A9EAB5CA99A04767E96D851
:20A7600086BE8BBE0006761F027692215206EC065200EC06767E97266F03767EA73A761F6B
:20A7700002710A009200520A68042B0056BF012B00069A079B01D41ED502767E967A9A07D5
:20A780009B02D401D502767E967A9A039B01D400D502767E96D89A049B01D401D502767E4C
:20A7900096D89A059B02D40BD502767E96D80006767F202C767F218B761F02710B1B0006CB
:20A7A000B2BD767F18B62DA9761F0275350C28AC01F4333D94AB08A903E81BA92740ED0315
:20A7B00028A90418BE0A0EA9D500F60F1FA65CA99B039A00767E96D8761F02710A02920237
:20A7C000521468122B020A01BE0B8F009DCF761F027158019294ED060A019201520C6802BD
:20A7D0002B01000EFFF658018D409DCFBE0B8091D0009B009291EC029D01D801000EFFFCD2
:20A7E00092A7ED1A767EFE355200ED0E9A079B03D418D500767E967A9A079B04D414D500A4
:20A7F000767E967A6F1F9A189B01D400767F2038767EFE356F0E530256B702A456B800A4EA
:20A800009A199B01767F2038761F0271580192919B6400FF291CD5005CA99B029A03767ECD
:20A8100096D89A059B03D46FD500767E96D88BBE0006761F02479B0A920700FF288C9B0347
:20A82000D5005CA99A00767E96D89A059B01D400767F20389A019B01D400767F2038000688
:20A83000B2BD767F18D059A91BA103E7660B520A68079A2B9B01D400767F20386F08D1000E
:20A840006F06BE0A0EA1F60F1FA659A99A059B03D5005CA1767E96D89A339B01D400767F9D
:20A8500020389A359B01D400767F20388BBE0006767E80415200EC1C767EBBF85209EC03B5
:20A860009B006F029B01761F02715504EC1A92045201EC069A01767E9A8A9A016F059A0092
:20A87000767E9A8A9A00767E9A8E97040006761F02719A002B04767E9A8A9A00767E9A8EBA
:20A880000006B2BDAABDA2BDFE0282A497415AC359A992A2EC11DB0192C35224660A93A1E4
:20A890009A015C835D4194A859A99A07767E967ADA8192A2EDF2FE8282BE86BE8BBE0006EC
:20A8A000B2BDAABD767EA4E4761F0271411F56CC02A4761F02709218EC0E920EEC0C520180
:20A8B000EC07520256B100A156B100A26F06D100D2026F03D102D200921856C10282520F19
:20A8C00056C10264520956C10245520356C1022B520456C10211520156C101F8520256C15B
:20A8D00001D9521456C101BB520556C10195521056C10157521156C1012F520856C1011450
:20A8E000520C56C100F9520D56C100DE520E56C100C3520B56C100A85206EC6E5207EC4BFE
:20A8F000520AEC255212EC0B9A038F3F526E93A1767EA8819A0593A2FFEF024B8F3F52A431
:20A900009A0393A1767EA881761F02718F3F5832922390010EA9FF31560100A49A0593A2ED
:20A91000767EA8818F3F5369FFEF02288F3F528C9A0393A1767EA8819A0093A18F3F534996
:20A92000767EA881767F18B65204EC0F767F18B65202EC06761F02715C11DC696F519AD2F7
:20A93000761F027194116F45761F02715C1108A401A46F468F3F52839A0393A1767EA8819A
:20A940009A0093A18F3F533D767EA881767F18B65204EC0E767F18B65202EC05761F02718B
:20A950005C0C6F219AFA761F0271940C6F22761F02715C0C6F238F3F52809A0393A1767EBB
:20A96000A8819A0093A18F3F5339767EA881767F18B65204EC10767F18B65202EC06761FB6
:20A9700002715C0FDC786F0C9AFA761F0271940F5CA96F06761F02715C0F08A401E09A05C2
:20A980009B035DA2767E96D89A2B9B015CA2767F20389A339B01D400767F20389A35D400DF
:20A99000FFEF00F88F3F528F9A0393A1767EA881761F02718F3F5822921990010EA9FF31B1
:20A9A000560100A49A0593A2767EA8818F3F534DFFEF01948F3F52989A0393A1767EA88114
:20A9B000761F02718F3F5822921390010EA9FF31560100A49A0593A2767EA8818F3F5359B4
:20A9C000FFEF017C8F3F52959A0393A1767EA881761F02718F3F581A921090010EA9FF3107
:20A9D000560100A49A0593A2767EA8818F3F5355FFEF01648F3F52929A0393A1767EA88112
:20A9E000761F02718F3F5822921590010EA9FF31560100A49A0593A2767EA8818F3F53518A
:20A9F000FFEF014C8F3F52869A0393A1767EA881761F02718F3F57EE921690030EA9FF313B
:20AA0000560100A49A0593A2767EA8818F3F5341FFEF01348F3F52A19A0393A1767EA88116
:20AA10009A0093A18F3F5365767EA881767F18B65204EC0F767F18B65202EC048F3F55E691
:20AA20006F038F3F5616761F02719B0C92246F25761F02719B0C8F3F564692246F308F3F35
:20AA3000529E9A0393A1767EA8819A0093A18F3F5361767EA881767F18B65204EC1A767FA7
:20AA400018B65202EC048F3F56766F038F3F56A2761F02719B0B921A00FF291C0EA9FF318D
:20AA5000560100A49A0593A2767EA881FFEFFF2E761F02719B0B8F3F56CE921A00FF291C4F
:20AA60000EA9FF31560100A49A0593A2767EA881FFEFFF218F3F527D9A0393A1767EA8816A
:20AA7000761F02719B0D921800FF291C8F3F55B20EA9FF31560100A49A0593A2767EA88180
:20AA80009A0093A18F3F5335767EA8819A395CA29B01767F2038FFEF00C08F3F52AA9A03A6
:20AA900093A1767EA881761F02719B14921200FF291C8F3F57CA0EA9FF31560100A49A0546
:20AAA00093A2767EA8819A009B008F3F58126FDD8F3F52749A0393A1767EA881761F027002
:20AAB0008F3F582A920190010EA9FF31560100A49A0593A2767EA8819A0093A18F3F532927
:20AAC000767EA8819A3B6FC48F3F52719A0393A1767EA881761F02708F3F583A9200900148
:20AAD0000EA9FF31560100A49A0593A2767EA8819A336FAE8F3F527A9A0393A1767EA88121
:20AAE000761F02708F3F57DE922E90030EA9FF31560100A49A0593A2767EA8818F3F5331D4
:20AAF0006F4C8F3F52779A0393A1767EA881761F02708F3F580A921C90010EA9FF31560152
:20AB000000A49A0593A2767EA8818F3F532D6F358F3F52899A0393A1767EA8819A0093A149
:20AB10008F3F5345767EA881761F02709B14921F00FF291C8F3F52D10EA9FF31560100A424
:20AB20009A0593A2FFEFFF628F3F529B9A0393A1767EA881761F02709B03921A00FF291CB4
:20AB30008F3F57FE0EA9FF31560100A49A0593A2767EA8818F3F535D9A0093A16F0B9A03AC
:20AB40008F3F526E9B02767EA8819A059B008F3F5849767EA8819A139B01D400767F20387D
:20AB50009A0B9B01D400767F203886BE8BBE0006767F20DB767F2182767EA858921BED1EBC
:20AB6000411FEE15767F3E63761F027692215201EC0B5206ED06761F024892015201EC10C6
:20AB7000767F3E006F0D767EA7A06F0A761F024756BF6430767EA8A06F03767EA798761F65
:20AB800002709212EC139CFF9612ED10761F0271411FEF03767EA0C4761F0271181FFFFD73
:20AB9000761F02702B182B0E2B0F761F0271922AED05761F02702B116F020B2A761F027141
:20ABA0000A0B920B520568062B0B767F2065767F20B20006FE062B45A044A8422B46924517
:20ABB000520867138A442D459A01FF66CEC4EC0928AC000792AC9E452DA99A01FF6698463A
:20ABC0000A459245520868EF8A42924696C4FE860006FE062B45A044A8422B46924552102A
:20ABD00067138A442D459A01FF66CEC4EC0928AC000F92AC9E452DA99A01FF6698460A451D
:20ABE0009245521068EF8A42924696C4FE860006FE0896439CFFA8422844FFFF284580057D
:20ABF0002B46934353009643EC238A4292845DADDD869646A8425CADDC86767EABAA5603A1
:20AC000008462B47F24492475208670E4F44EF055603014470456F035603014496440A4781
:20AC10009247520868F493430B435300EDDF5CAD5DADDC84DD84767EABC99244FFC796469E
:20AC200056030844CA46FE880006FE0452089643A842670E6F1983428A42560308E594EC60
:20AC3000FF809C0996446F0D56BF08446F0A8A4292CC5203ECFA5206ECF85210ECED6FF570
:20AC40009244544369039A006F029A01FE840006FE0452089643A842671C6F2756BF084454
:20AC50008A429A08767EAC796F1D56BF08449A086F0983428A42560308E594ECFF809C09DB
:20AC600096448A42767EACF86F0D56BF08446F0A8A4292CC5203ECE35206ECE85210ECEA8E
:20AC70006FF59244544369039A006F029A01FE840006B2BDFE069643A842594383429CFF27
:20AC800058A9D9825603089D949496468A4292439CFE767EABE85446EC039A116F638342C9
:20AC90008A42560308D5834294DC8A429644560308E594EC964592441BA91100680B1BA944
:20ACA00011396708924594441BA9113966489A016F411BA92100680B1BA921916708924511
:20ACB00094441BA92191663B9A026F341BA94100680B1BA9410F6708924594441BA9410F98
:20ACC000662E9A036F271BA9F800680B1BA9F8106708924594441BA9F81066219A006F1A1E
:20ACD0001BA9D000680B1BA9D7D06708924594441BA9D7D066149A046F0D1BA9FD0068119B
:20ACE0001BA9FD18670E924594441BA9FD1866079A058A42767EAD579A016F089A126F027F
:20ACF0009A028A42767EAEC99A00FE868BBE0006B2BDFE069643A842594383429CFF58A9D1
:20AD0000D9825603089D949496468A4292439CFE767EABE85446EC039A116F4383428A429D
:20AD1000560308D594DC8A42964492CC520656B10145EC0783428A42560308E594EC9645AF
:20AD200092441BA9210068101BA92191670D924594441BA9219166248F7EAF5E8A42767E6D
:20AD3000AE2D9A016F221BA93100680C1BA931286709924594441BA9312866128F7EB3F70B
:20AD40006FEE1BA9FD00680C1BA9FD186709924594441BA9FD1866048F7EB7AE6FE09A12B9
:20AD50008A42767EAEC99A00FE868BBE0006FE109643A84202002B4F834256BF01501E4663
:20AD60001E48560308D5834294DC8A429649560308E594EC964A6F3C767EBA2B8F009B689B
:20AD7000924908A908006F2D767EB8678F009BC0924908A9EF006F2528AC00968F009403F7
:20AD80003050560100A49249934A767EAF16924956BF014F08A9DF006F16767EB9DF8F0057
:20AD90009B59924908A9BF006F0C92498F00A00008A930006F0692498F009B8008A9030050
:20ADA000A8462B4F964E6F159A00FFEF008692435203620A5203ECE25200ECBF5201ECC5FB
:20ADB0005202ECCB6FF25204ECE15205ECE56FED28AC009683428F0094003050560100A4A3
:20ADC00092C596C483428F0094013050560100A492CD96C48F0094023050560100A45603AC
:20ADD000014A90FF96C4924F5201EC220E4E560100468F00940330502B4C560100A4924A00
:20ADE000A848544C69158A4692C48A48FFC796C48A4692C48A4890FF96CC020256010048A1
:20ADF000020156010046924A0A4C544C66ED5603014A8F0094009C03964B3050560100A4BC
:20AE0000924B767EABE8761F024828AC0096584B8F009400964D0A4B30502B2A560100A4B7
:20AE1000924DFFC796948F009400584B3050560100A40A4B924D90FF96948F009400305082
:20AE2000560100A49250934B767F2311761F02489A0156BF012AFE900006FE0EA044A84206
:20AE30008342020056BF014D1E46560308D594DC8A42964792CC5206ED06064256BF0148D6
:20AE400009046F0983428A42560308E594EC9648064209071E462B4992485449691B834644
:20AE50008A46560308C594CC964A020256010046C5449247934A3E670A47964B5200EC0631
:20AE60008A42767EAEC99A006F630A499248544966E728AC009683428F009400304D5601F2
:20AE700000A492C596C483428F009401304D560100A492CD96C483428F009402304D560195
:20AE800000A492D596C483428F009403304D560100A492DD96C483428F009404304D560161
:20AE900000A492E596C483428F009405304D560100A492ED96C48F009400304D560100A454
:20AEA0009A06767EABE8761F024828AC00968F009406964C304D560100A4924CFFC796C4A1
:20AEB0008F009407304D560100A4924C90FF96C48F0094002B2A304D560100A49B08924DA7
:20AEC000767F2311761F02489A0156BF012AFE8E0006FE06A84228AC0096964356BF014571
:20AED00083428F0094003045560100A492C596C48F00940183423045560100A49A8094CD85
:20AEE00096C48F0094023045560100A4924396C48F0094003045560100A49A03767EABE87D
:20AEF000761F024828AC00968F00940396443045560100A49244FFC796C48F0094043045F7
:20AF0000560100A4924490FF96C48F0094002B2A3045560100A49B059245767F2311761F5A
:20AF100002489A0156BF012AFE860006FE0C97449643A8423B0106422B450843DF001E4A44
:20AF200002001E4C924396466F339246521F63052B488F0099986F13526B630656BF1F484A
:20AF30008F009AC06F0C528B630656BF6B488F009A006F0556BF8B488F0099929E48A84C76
:20AF4000964763022B478A4C8547560100A492C48A4AFFC796C48A4C8547560100A492C463
:20AF50008A4A90FF96CC02025601004A0A4692449443544666CB9245FE8C0006FE0496416F
:20AF600097422B430841DF00FFEF045D92421BA9270FFFE60452767EDA95FFEF048792425A
:20AF70001BA9270FFFE60449767EDA91FFEF047E92421BA9270FFFE60440767EDA8DFFEF86
:20AF8000047592421BA9270FFFE60437767EDA89FFEF046C92421BA9270FFFE6042E767EBC
:20AF9000DA85FFEF00829242520EFFE804265214FFE604239242767EDB116F7692421BA9EA
:20AFA000060CFFE8041A1BA909F4FFE60416767ED913544256C1044A9242767EDBA16F64C8
:20AFB00092421BA9060CFFE804081BA909F4FFE60404767ED917544256C104389242767EA1
:20AFC000DBA56F5292421BA9060CFFE803F61BA909F4FFE603F2767ED8F7544256C1042671
:20AFD0009242767EDB856F4092421BA9060CFFE803E41BA909F4FFE603E0767ED8E7544240
:20AFE00056C104149242767EDB756F2E92425201FFE603D3767ED8EF544256C10407924244
:20AFF000767EDB7D6F21924256C103C75202FFE603C4767ED8DF544256C103F89242767E95
:20B00000DB6D6F1292421BA9060CFFE803B61BA909F4FFE603B2767ED90F544256C103E650
:20B010009242767EDB9D9A059B02FFEF0377767ED9EA5202FFE803A1767ED9EA5203FFE6B5
:20B02000039C767F18B62DA935695442FFE60395767F18B62DA935825442FFE8038E767ED5
:20B03000D933544256C103C29242767EDBC1FFEF0353767F18B62DA935785442FFE6037D99
:20B04000767F18B62DA935A55442FFE80376767ED8CB544256C103AA9242767EDB3DFFEFC8
:20B05000033B767ED9EA5202FFE80367767ED9EA5203FFE60362767F18B62DA93578544214
:20B06000FFE6035B767F18B62DA9359D54426706767ED8E3520156C10350767F18B628AC1C
:20B07000013B12A9FFC054426706767ED8E3520056C10343767ED8D75442FFE6033E767E56
:20B08000D8DB544256C103729242767EDB5DFFEF00CB767ED9EA5202FFE8032F767ED9EA47
:20B090005203FFE6032A767F18B62DA935785442FFE60323767F18B62DA9359D54426706E4
:20B0A000767ED8E3520156C10318767F18B628AC013B12A9FFC054426706767ED8E352000B
:20B0B00056C1030B767ED8DB5442FFE80306767ED8D7544256C1033A9242767EDB59FFEFB7
:20B0C000009392421BA90898EC081BA908FCEC051BA9096056C002F1767ED8F3544256C156
:20B0D00003259242767EDB81FFEF02B692425201FFE602E3767ED992544256C10317924283
:20B0E000767EDAD5FFEF02A892425202FFE602D5767ED98E544256C103099242767EDACDAE
:20B0F000FFEF029A92425201FFE602C7767ED99A544256C102FB9242767EDADD767F119FAC
:20B10000FFEF028A92425203FFE602B7767ED9DA544256C102EB9242767EDB25FFEF027C79
:20B1100092425203FFE602A9767ED9EA544256C102DD9242767EDB39767F18B69644767EB6
:20B12000D9EA5201ED0E2D443592767EDB5D2D44358A767EDB592D443569767EDBC16F2311
:20B13000767ED9EA5200ED0C2D443590767EDB5D2D443588767EDB592D4435696F0F767EC4
:20B14000D9EA5203ED102D443590767EDB5D2D443590767EDB592D443578767EDBC19A00D2
:20B15000767EDBB9767E83E6FFEF0236924252C8FFE60263767ED9A6544256C1029792420F
:20B16000767EDAE96FF0761F027B9202527856B17844EC0E525056B15044EC0A523C56B1C4
:20B170003C44EC06523256B1324456B0284492445442FFE80242767ED9AA544256C10276A7
:20B180009242767EDAEDFFEF020792425201FFE60234767ED9E6544256C102689242767E55
:20B19000DB35FFEF01F992425201FFE60226767ED97E544256C1025A9242767EDABDFFEFD2
:20B1A00001EB92425201FFE60218767ED986544256C1024C9242767EDAC5FFEF01DD924228
:20B1B0005201FFE6020A767ED982544256C1023E9242767EDAC1FFEF01CF92425201FFE6D2
:20B1C00001FC767ED9F2544256C102309242767EDB61FFEF01C192425201FFE601EE767E31
:20B1D000D9AE544256C102229242767EDAF1FFEF01B392425201FFE601E0767ED98A5442F8
:20B1E00056C102149242767EDAC9FFEF01A592425201FFE601D2767ED9CA544256C10206F8
:20B1F0009242767EDB15FFEF019792425202FFE601C4767ED9DE544256C101F89242767E16
:20B20000DB29FFEF01899242EC19520AEC175214EC155228EC13523CEC11525AEC0F52789E
:20B21000EC0D5296EC0B52B4EC0952D2EC0752F0EC051BA9FFFF56C001A0767ED8C754425F
:20B2200056C101D49242767EDB2DFFEF016592425201FFE60192767ED9D6544256C101C648
:20B230009242767EDB21FFEF015792425201FFE60184767ED9EA520056C1017F767ED9EA0C
:20B24000520356C1017A767ED92B544256C101AE9242767EDBB9FFEF013F767F18B6520113
:20B25000ED089242527DFFE8016852A0FFE60165767F18B65202ED09924252FAFFE8015D47
:20B260001BA9013BFFE60159767F18B65204ED0A92421BA901E0FFE801501BA90262FFE6C1
:20B27000014C767ED91B544256C101809242767EDBA9FFEF011192425205FFE8013E1BA9FA
:20B280000384FFE6013A767ED91F544256C1016E9242767EDBADFFEF00FF92425205FFE8B0
:20B29000012C1BA90384FFE60128767ED923544256C1015C9242767EDBB1FFEF00ED92421B
:20B2A000525AFFE6011A767ED927544256C1014E9242767EDBB5FFEF00DF767F18B65201B7
:20B2B000ED089242526EFFE801085287FFE60105767F18B65202ED09924252DCFFE800FD4E
:20B2C0001BA9010EFFE600F9767F18B65204ED0A92421BA901B8FFE800F01BA9021CFFE6BE
:20B2D00000EC767ED946544256C101209242767EDBD1767ED946767EE433FFEF00AD924290
:20B2E0005205FFE700DA767ED8B7544256C1010E9242767EDAD1FFEF009F92425201FFE6EC
:20B2F00000CC767ED9F6544256C101009242767EDB65FFEF00919242EC0F767F18B62DA912
:20B3000035785442FFE600B9767F18B62DA935915442FFE800B2767ED962544256C100E6FC
:20B310009242767EDB4D6F7792425201FFE600A5767ED95A544256C100D99242767EDA9DAA
:20B320006F6A92425201FFE60098767ED95E544256C100CC9242767EDAA56F5D92425201B2
:20B33000FFE8008B521FFFE60088767ED8FF544256C100BC9242767EDB8D6F4D1B42012C03
:20B34000667B767ED903544256C100B09242767EDB916F4192425201666F767ED8DF520200
:20B35000ED6B767ED9DA5203ED079242520156B1124356C1009B767ED8EB544256C1009666
:20B360009242767EDB796F27767ED9EA52026854767ED9EA52036650767F18B62DA9356E56
:20B370005442664A767F18B62DA9358254426844767ED9425442EC799242767EDBCD6F0BF1
:20B38000924252016639767ED9565442EC6E9242767EDBE19A059B03767F26DE6F66767F50
:20B3900018B62DA9356E54426627767F18B62DA9358754426821767ED9525442EC569242F4
:20B3A000767EDBDD6FE89242EC17525A6615767ED94E5442EC4A9242767EDBD96FDC92420A
:20B3B000EC0B520C6609767ED94A5442EC3E9242767EDBD56FD056BF12436F3756BF0243C1
:20B3C0006F3492415208620E520856C1FBBC520556C1FB9E520656C1FBA4520756C1FBAADB
:20B3D0006FEE93A99DF35333690693A99DAA530D690F6FE59CF376FF585AFF8088A906A77D
:20B3E0000DA61EA724A9DF0124A81EA776209CAA76FF58C2FF8088A906A70DA61EA724A98A
:20B3F000DF0124A81EA776209243FE840006B2BDFE0A964397442B450843CF00FFEF039C97
:20B4000092441BA9270FFFE60391767EDA95FFEF03A392441BA9270FFFE60388767EDA914D
:20B41000FFEF039A92441BA9270FFFE6037F767EDA8DFFEF039192441BA9270FFFE603764F
:20B42000767EDA89FFEF038892441BA9270FFFE6036D767EDA85FFEF02929244520EFFE825
:20B4300003655214FFE603629244767EDB11FFEF02869244520156C00359767EDC07767E52
:20B44000DBF23B10761F024802001E322910FF69FFEF027592445202FFE60348767E8219B4
:20B45000FFEF035A761F0248922056C0033F9244520156C0033B767ED8D31BA90400ED09CE
:20B46000767ED96A5200ED05767ED9665200EC1628A90400767EDB519A00767EDB499A0089
:20B47000767EDB453B10761F024802001E322910FF699A059B02767F26DE761F02482B0B41
:20B480009A00761F02482B0C767E820B9A00767E8204761F02479215ED07767E83C8761F1A
:20B4900002481A200001761F024856BF011EFFEF0313761F0248922056C002F8924456C172
:20B4A00002F51BA91770FFE602F1767ED8D31BA9040056C002EB767ED96A520056C002E681
:20B4B000767ED966520056C002E19244767E820B767F18D4761F0248960B767E801E761F1F
:20B4C000024893A93B01920B9EA885A9FF561BA901C2FFE202CB761F0247921556C002DC96
:20B4D000767E839E761F02481A200002FFEF02D4761F0248922056C002B9924456C102B661
:20B4E0001BA91770FFE602B2767E801E5200FFE502AD767ED8D31BA9040056C002A7767ED7
:20B4F000D96A520056C002A2767ED966520056C0029D9244767E8204767F18D4761F0248A3
:20B500003B01960C761F02489E0B85A9FF565264FFE4028C767E801E59A9767E801A3B01BD
:20B510009EA185A9FF565264FFE40280767E801A761F024893A93B01920C9EA885A9FF56F2
:20B520001BA901C2FFE20084767E801E59A9767E801A3B01761F02489EA185A9FF565603C7
:20B530000AA91EA6920C761F02489E0B85A9FF5685A91E4206A600FF28169648767E801AF8
:20B54000761F02483B012D0C56030AA9324803AB1E4A92481BA905F4FFE702481BA9020C62
:20B55000FFE902448F070800A8A90F4AFFE5023EFF2BFF1F0F4AFFE30239761F02479215FE
:20B56000ED07767E8374761F02481A200004767ED8D35448ED198F002710A842064A00FF8F
:20B57000282559A9767ED96A93A155A9ED0D8F002710A842064A00FF281659A9767ED96697
:20B5800093A155A9EC1C9248767EDB518F002710A842064A00FF2825767EDB498F0027104D
:20B59000A842064A00FF2816767EDB4528A95555767EDB419A059B02767F26DE3B10064AB5
:20B5A000761F02481E322910FFEF020656BF1245FFEF020292441BA9FFF8FFE401E7520819
:20B5B000FFE201E4767ED8D393A9924494A8767EDB51767ED8D31BA905F4650428A905F419
:20B5C0006F09767ED8D31BA9020CFFE301E528A9020C767EDB51FFEF01DF92445201FFE6DF
:20B5D00001C5767E8006544456C101D69244767E81EFFFEF01D19244761F02485201562A13
:20B5E000091E6F279244520156C001B0767EDBF2767E83E69A059B03FFEF00D3767F18B6BF
:20B5F0002DA935735444FFE601A1767F18B62DA935915444FFE8019A9244761F02479631AA
:20B60000FFEF01AA9244761F02475264562A093256B61245FFEF01A09244520156C00186B4
:20B61000767ED9131BA9080056C1019628A908006F5C767ED8F39E449646767F0CE459A9B8
:20B62000767ED8F39EA19647767ED9131BA9080056C0016C92461BA9FF38FFE4016752C8C8
:20B63000FFE2016492471BA9FF38FFE4015F52C8FFE2015C767F0CE43B01964685461E421D
:20B64000884406A6FF3A1EA69246FFA080A906A681A700FF281696471BA9060CFFE40146E7
:20B650001BA909F4FFE2014292476F1F92441BA9FFF8FFE4013B5208FFE20138767ED9138A
:20B6600093A9924494A8767EDBA1767ED9131BA909F4690428A909DC6F08767ED9131BA92D
:20B67000060C674C28A905F4767EDBA16F479244520156C0011B767ED9071BA9080056C1F3
:20B68000012B28A908006F38767F102193449FA99746767ED9071BA9080056C00107924646
:20B690001BA9FF38FFE4010252C8FFE200FF92441BA907D0FFE400FA1BA90A28FFE200F6A4
:20B6A000767F10213B01964685461E42884406A6FF3A1EA69246FFA080A906A681A700FF39
:20B6B000281696471BA9060CFFE400E01BA909F4FFE200DC9247767EDB959A059B02767FDA
:20B6C00026DEFFEF00E992441BA9FFF8FFE400CE5208FFE200CB767ED90793A9924494A825
:20B6D000767EDB95767ED9071BA909F4690428A909DC6FE2767ED9071BA9060C67DF28A92C
:20B6E00005F46FDA9244520156C000B0767ED9171BA9080056C100C028A90800767EDBA545
:20B6F0006FCD92441BA9FFF8FFE400A05208FFE2009D767ED91793A9924494A8767EDBA56C
:20B70000767ED9171BA909F4690428A909DC6FE7767ED9171BA9060C67B128A905F46FDF21
:20B710009244520156C00082767ED8F71BA9080056C1009228A90800767EDB856F9F92440F
:20B720001BA9FFF8647252086270767ED8F793A9924494A8767EDB85767ED8F71BA909F463
:20B73000690428A909DC6FE9767ED8F71BA9060C678528A905F46FE192445201ED56767E7F
:20B74000D8E71BA90800EC6728A90800767EDB75FFEFFF7592441BA9FFF86447520862454F
:20B75000767ED8E793A9924494A8767EDB75767ED8E71BA909F4690428A909DC6FE8767EB2
:20B76000D8E71BA9060CFFE7FF5A28A905F46FDF92445201ED2A767ED90F1BA90800EC3BCE
:20B7700028A908006F1E92441BA9FFF8641E5208621C767ED90F93A9924494A8767EDB9DD2
:20B78000767ED90F1BA909F4690428A909DC6F09767ED90F1BA9060CFFE7FF3128A905F4DF
:20B79000767EDB9DFFEFFF2B56BF12456F1456BF02456F119243522766FB560301A976FF23
:20B7A00058DE88A906A70DA61EA724A9DF0124A81EA776209245FE8A8BBE0006FE049641A2
:20B7B00097422B4308410300FFEF00A09242761F026E5201562A09006F569242761F026E05
:20B7C0001BA907D0562A09016F4E9242761F026E1BA907D0562A09026F469242761F026EFA
:20B7D00052FF562A09036F3F9242761F026E5263562A09046F389242761F026E5263562AFE
:20B7E00009056F319242761F026E5263562A09066F2A9242761F026E5263562A09076F2335
:20B7F0009242761F026E5263562A09086F1C9242761F026E5263562A09096F159242761F82
:20B80000026E5263562A090A6F0E9242761F026E5263562A090B6F079242761F026E5263CD
:20B81000562A090C56B612436F509242761F026E5206562A090D6FF79242761F026E960EB9
:20B820006F449242761F026E1BA907D0562A090F6FEA9242761F026E96106F379242761F62
:20B83000026E96116F329242761F026E96126F2D9242761F026E96136F289242761F026E31
:20B8400096146F239242761F026E96156F1E9242761F026E96166F199242761F026E961708
:20B850006F1456BF02436F119241521766FB560301A976FF592E88A906A70DA61EA724A9BC
:20B86000DF0124A81EA776209243FE840006B2BDFE04761F027692212B43761F026F960128
:20B87000767EF63D9B0A00FF291C761F026F96022B042B05767EFE39761F026F9706767EE9
:20B88000FE39761F026F9607761F027692215206ED04767EFE356F065200EC07761F026DE0
:20B890009207761F026F9603767F18D4761F026F9608761F0247922F5201ED0D767EF651B4
:20B8A000761F026F960902642D091E42300800FF28166F1B761F0248920E5201690EFF5C44
:20B8B000761F026F9609761F024802642D0E1E42761F026F36086FEC761F0272922F761FF5
:20B8C000026F9609767EECFB761F026F960A767EE3FC761F026F960B767F0CE4761F026F72
:20B8D000960C767F0CF0761F026F960D767F0D2C761F026F960E767EECEF761F026F960FCA
:20B8E000767EECF3761F026F9610767F0CE4761F026F9611767F1E95761F026F96122B13A3
:20B8F000767EEC90761F026F9614767F1EC8761F026F9615767F1ECC761F026F9616767F06
:20B900001021761F026F9617767EEC50761F026F9618767F102D761F026F96192B1A2B1BED
:20B910002B1C2B1D767EEC5C761F026F961E767EEC5C59A9767EEC6893A155A96304767E7F
:20B92000EC686F03767EEC5C761F026F961F767EEC6C761F026F9620767EFA35761F026F19
:20B930009621767EFA39761F026F96222B23767F292B761F026F96242B25761F0247920044
:20B94000ED23761F02479215ED0E761F02479225761F026F520156B10127EC19520056B1DC
:20B9500002276F15761F02489207ED11761F02479225761F026F520156B10327EC0852004F
:20B9600056B104276F04761F026F2B27761F02479205761F026F9626761F02479202761F8C
:20B97000026F9628761F02479207761F026F9629761F02479208761F026F962A761F024730
:20B98000921A761F026F962B761F02479226761F026F962C761F02479206761F026F962D97
:20B990002B2E2B2F761F02389237EC031A4300019238EC031A4300029234EC031A430004D1
:20B9A0009236EC031A4300089235EC031A4300109243761F026F9630761F0238922C761F85
:20B9B000026F9631761F02389232761F026F9632761F0238922D761F026F9633761F0238B2
:20B9C000922E761F026F9634761F0238922F761F026F9635761F02389230761F026F963613
:20B9D000761F02389231761F026F9637761F02389233761F026FFE8496388BBE0006767EC5
:20B9E000D9CA761F026D9619767ED9CE761F026D961A767ED9D2761F026D961B767ED9FE83
:20B9F000761F026D961C767ED9B2761F026D961D767ED9BE761F026D961E767ED9E2761FC4
:20BA0000026D961F767ED9EE761F026D9620767ED9B6761F026D9621767ED9BA761F026DC4
:20BA10009622767ED9C2761F026D9623767ED9C6761F026D9624767ED996761F026D96259F
:20BA2000767ED99E761F026D9626767ED972761F026D96270006FE02767F18B6761F026D0E
:20BA30009B1056BF102895A9761F0275974156030841943D761F026D9629282A03E8767E75
:20BA4000D8FF761F026D560308A99C01962B767ED8A7761F026D962C767ED8A3761F026DF7
:20BA5000962D767ED89F761F026D962E767ED89B761F026D962F767ED897761F026D963083
:20BA6000767ED8C3761F026D96312B3256BF6F33761F02479209761F026D9634FE82283534
:20BA700003E8283603E8283703E80006FE02761F026D9208761F026E540056C100DB9200B7
:20BA8000761F026D9608ED222B412B0E2B0D2B0F2B102B032B022B0C92415208630C3B0139
:20BA90008F009B518541560100A42BC40A419241520864F6761F026D2B042B002B012B0ADA
:20BAA0002B092B0B2B05FFEF00B2520156C000A6761F026E9202761F026D2B412B0F2B428D
:20BAB000960D761F026E9203761F026D961092415208630D2D419A01761F026DFF66CE10A2
:20BAC000EC020A420A419241520864F5924256B501426504520856B2084292429603761F22
:20BAD000026E0E01761F026D2B0CF60F1F039602761F026E9204761F026D9611761F026E92
:20BAE0009205761F026D9612761F026E9206761F026D9613761F026E9207761F026D96146D
:20BAF000761F026E9208761F026D9615761F026E9209761F026D9616761F026E920A761F62
:20BB0000026D9617761F026E920B761F026D96189202761F026E9E0F964263032B426F074E
:20BB1000761F026D92025442562A0442761F026D92422B002B019604761F026E2B413B01AB
:20BB20008F0007D0920C761F026D960A761F026E920D761F026D9609761F026E920E761FDC
:20BB3000026D960B2B0585410FA4670E3B018F00A0008541560100A42BC40A418F0007D0FB
:20BB400085410FA468F4761F026D56BF010E761F026E56BF02006F0A5203680B0A061B065A
:20BB500002586807761F026E2B00761F026D2B06FE820006FE0697449643A8422B456F1888
:20BB60008A429245944358A9929496468A4292449E4558A993948A429245944358A99794F5
:20BB700092448A429E4558A9924696940A4592449E439C01FFC0544566E4FE860006FE045C
:20BB8000761F026D920E5202ED38920596432B412B4292029CFF96449203544169291B441B
:20BB900007D06803284407CF924454438F00A000562A084392435442562A084293439242CB
:20BBA0009DFF767EBB5A8F00A00092439344767EBB5A8F00A00092429344767EBB5A920285
:20BBB0000A417242724372449203544166D92B0E761F026E56BF0300FE840006761F0276B7
:20BBC000CC200004FFC10006767EBBBE5200ED15767ED9DA5201EC05767ED9DA5203ED0713
:20BBD000761F027658238F3F584D6F21761F0276581C8F3F58576F1B767ED98E5201ED04A3
:20BBE0008F3F576B6F0B767ED98E5200ED05767EE3F85200EC078F3F578B761F0276581F54
:20BBF0006F06761F0276581B8F3F585192940006761F0276923400063B10761F027652001A
:20BC0000963456C100B7520556C100B45202EC795209EC2AFF69767EF5D7D00B8F00680046
:20BC1000761F01A02B94D00BCC94FFEF5020D00B960BDC0FCC0BFF7F5040960B761F01A162
:20BC20001AC400038F0068402B94D00BCC94FFEF5020DC0F960BCC0BFF7F5040960B1AC4A4
:20BC30000003FFEF00C4FF69767EF5D7761F0247D0098F40680056BF012F8F0068402895F0
:20BC4000FFFFC4A5D00A761F01A02895FFFFD009DE0F2894FFFFD00A2894FFFFD00B2B9503
:20BC5000D00BCC95FFEF5020D00B960BCC0BFF7FDD0E5040960B761F01A118C6FFFCC4A4D5
:20BC60002B94D00BDE0FCC94FFEF5020D00C960BCC0BFF7F5040960B2B94D00CCC94FEFF84
:20BC70001AA90200DC0E960CCC0CF7FF1AA90400960C18C6FFFC18C5FFFC18C4FFFC6F76BF
:20BC8000FF69767EF5D7D00B8F0068008F40684028940555761F01A0D00B28950555D0091C
:20BC90002894FFFFD0092895FFFFD00C2B94D00CCC94FEFF1AA90200D00CDC0F960CCC0C6C
:20BCA000F7FF1AA90400960C761F01A118C4FFFC2B95D00CCC95FEFF1AA90200DD0F960CCA
:20BCB000CC0CF7FF1AA90400960C18C5FFFC6F3E8F406800D00B8AA528950555D00CDC0F99
:20BCC00028950555761F01A1D00B18C4FFFCFF698F006840C4A428940555DE0FD00C2894C2
:20BCD0000555D00918C6FFFC2895FFFFD00A2895FFFFD009DD0E2894FFFFD00A2894FFFFE6
:20BCE000DC0E18C4FFFC180EFFF3761F01A018C5FFFC180EFFF3761F025656BF020C761FA0
:20BCF000025656BF0208767EF5D72910FF690006B2BD761F02761B2A3A9867020A2ABE3236
:20BD00000E2AF60F1FA627A996259B32922A00FF291C93AB96265302681753786715520062
:20BD1000EC135219ED228F406FC08AA5761F01BFDC041AC404008AA5DC0C1AC40200DD0D75
:20BD20001A0408006F108F406FC08AA5761F01BFDC021AC404008AA5DC0ADD0B1AC402003F
:20BD30001A0208001AC500805302680C5309670A5200EC085219ED0A761F01BF1A0D0200B4
:20BD40006F05761F01BF1A0B02005300EC128F006FC0D0084894EE0D761F01BF4408EE099D
:20BD50004BCCEE074308EE05DC0D1AC400106F05761F01BF1A0B00105303683A53096738C1
:20BD60005205EC10521EED1E761F027A2B05761F027A2B01761F027A2B00761F027A2B24DB
:20BD70006F11761F027A56BF1E05761F027A56BF1E01761F027A56BF1E00761F027A56BF3B
:20BD80000124520AEC045223ED226F15761F027A56BF1E05761F027A56BF1E01761F027A8B
:20BD900056BF1E00761F027A56BF012B6F10761F027A2B24761F027A2B05761F027A2B01B1
:20BDA000761F027A2B00761F027A2B2B5303684B530967495303ED03520FEC125304ED03DF
:20BDB0005228EC095306ED03520FEC0A5307ED0C5228ED0A761F01BF1A0500106F05761F13
:20BDC00001BF1A0300105303ED03520AEC125304ED035223EC095306ED03520AEC0A530730
:20BDD000ED0C5223ED0A761F01BF1A0C08006F05761F01BF1A0A08005303ED035214EC0ED0
:20BDE0005304ED03522DEC185306ED035214EC065307ED16522DED146F0F761F01BF1A030B
:20BDF00000086F0E8F006FC083A4DD05DC0C1AC500101AC40800761F01BF1A050008761F19
:20BE00000277920FED1E767F18B62DA935648BA9767F18D093A155A9660B767F18B62DA97E
:20BE1000358C8BA9767F18D093A155A96726761F02770A0492045219682056BF500F6F1CDD
:20BE2000767F18B62DA935648BA9767F18D093A155A96713767F18B62DA9358C8BA9767F90
:20BE300018D093A155A96909761F02770A049204521968032B0F2B04761F02779210ED12C6
:20BE4000767F06F952006405767F06F952C8651A761F02770A0592055219681456BF511095
:20BE50006F10767F06F95200640D767F06F952C86309761F02770A059205521968032B105D
:20BE60002B05761F02779211ED11767F06313B0185A9FF5652646519761F02770A0692060E
:20BE70005219681356BF52116F0F767F06313B0185A9FF5652646309761F02770A06920613
:20BE8000521968032B112B06761F02779212ED11767F06133B0185A9FF5652646519761F19
:20BE900002770A0792075219681356BF53126F0F767F06133B0185A9FF5652646309761F0D
:20BEA00002770A079207521968032B122B07761F02779213ED12767F06A452006405767F19
:20BEB00006A452C8651A761F02770A0892085219681456BF54136F10767F06A45200640D31
:20BEC000767F06A452C86309761F02770A089208521968032B132B08761F02779214ED0E8D
:20BED000767F102D52C86916761F02770A0992095219681056BF55146F0C767F102D52C8A3
:20BEE0006709761F02770A099209521968032B142B09761F02779215ED12767EFA355200A4
:20BEF000EC05767EFA35522D691A761F02770A0A920A5219681456BF56156F10767EFA3555
:20BF00005200EC0D767EFA35522D6609761F02770A0A920A521968032B152B0A761F0277AE
:20BF10009216ED12767EFA395200EC05767EFA39522D691A761F02770A0B920B5219681430
:20BF200056BF57166F10767EFA395200EC0D767EFA39522D6609761F02770A0B920B52194E
:20BF300068032B162B0B761F02779217ED0E767EFE394DA9EF16761F02770A0C920C52190A
:20BF4000681056BF58176F0C767EFE394DA9EE09761F02770A0C920C521968032B172B0C41
:20BF5000761F02779218ED0E767EFE35521EED16761F02770A0D920D5219681056BF591857
:20BF60006F0C767EFE35521EEC09761F02770A0D920D521968032B182B0D761F02779219EC
:20BF7000ED16767EFE355200EC1E767EFE35521EEC1A761F02770A0E920E521968142B0EA8
:20BF8000767EFE35761F027796196F0D767EFE355200ED09761F02770A0E920E5219680336
:20BF90002B0E2B19761F0277921AED11767F06B73B0185A9FF5652646519761F02770A0F90
:20BFA000920F5219681356BF5A1A6F0F767F06B73B0185A9FF5652646309761F02770A0F39
:20BFB000920F521968032B1A2B0F761F02769225520A680952786707767EBBF85208EC0ABB
:20BFC0009A086F06767EBBF85200EC049A00767EBBFC9B01767EBBBE5200ED0492255205C2
:20BFD00067051B2A177056B800A892A88BBE0006761F027692215204ED05767ED9DA5200D9
:20BFE000EC0C767E80025201ED08761F027692215206EC039A016F029A00767E8212000650
:20BFF000761F0276920D0006761F027692110006761F0276921900063B10FF5E761F027656
:20C00000C0322910FF6900063B10761F027698322910FF690006761F027692320006767EF3
:20C01000D9CA5201ED78767EFE3946A9EE74767EFE35767EDB19761F02769221767EDB1D7E
:20C02000767EEC68767EDAF9767EEC5C767EDAF5767EECEF767EDB05767F292B767EDB3106
:20C03000767F18D0767EDB55767F1021767EDAFD767F102D767EDB01767F0CDC767EDB0947
:20C04000767F0D2C767EDB0D767F0CE8767EDAD9767EE3D2767EDAE1761F0276922C5201D0
:20C05000EC059A80767EBFFC6F049A80767EC004761F01BF4401EE059A08767EBFFC6F0480
:20C060009A08767EC004761F01BF4301EE059A04767EBFFC6F049A04767EC00492215203BC
:20C07000EC059A20767EBFFC6F049A20767EC00492215204EC059A40767EBFFC6F049A40A1
:20C08000767EC004767EC00B767EDAA19A059B03767F26DE00063B10761F01A0280B055570
:20C09000280C0555180FFFFC761F01A1280B0555280C0555180FFFFC2910FF690006761F30
:20C0A0000276921A0006B2BDAABDA2BDFE023B10761F027692035A055B022B032B052B02ED
:20C0B000964292012B0196412910D1009A00FF69767F26B242A9EF0B761F027692429603CA
:20C0C0007A057B02924196019A026F5141A9EF04767EC08B6F2840A9EFEA767EC09F520480
:20C0D000EC039B196F029B0588A19A0194A659A955A667DD767F07913B0185A9FF5652645B
:20C0E000620F767F07F33B0185A9FF5652646208767F07BE3B0185A9FF56526465109A1CA7
:20C0F000767EFE573B10761F027692427A057B0296039241960129109A006F193B10FF69AE
:20C10000767F0791761F02769605767F07A1761F02769603767F07F3761F02769602767F1E
:20C1100007BE761F0276960129109A01FE8282BE86BE8BBEFF690006AABD2DA93532520021
:20C1200056B101A2562A00A2DA819A00767F26B241A9EF0B767EC00F767EC08B9A00761F5C
:20C13000027656BF06216F0640A9EFF0000AFFEF9A0186BE0006B2BDAABDA2BD5BA9520096
:20C140005AA3EC1BD1009A00767F26B240A9EF13767EE3CE5214640D767EE3CE524F63098A
:20C1500092A3D902FFC09C0154A166049A016F06D100DA8192A2EDE89A0082BE86BE8BBE58
:20C160000006B2BDD1006F099A0E767EFE579A019B01767F26DED1009A00767F26B288A977
:20C1700041A6EF05767EC08B9A006F19CCA60100CDA60200CBA9EC039A026F1140A6EFED4A
:20C18000767ED8B75200ED0A767F0CE41BA905DC67DCD90192A1520568E09A018BBE000670
:20C190003B10761F0276960F2910FF6900063B10761F0276960D2910FF690006761F02763C
:20C1A000920F0006B2BDAABDA2BD761F02769224ED119A00767EC19028A908D6767EC19708
:20C1B0009A00767F090C9A00767F0DD39A07767EBBFCD200D100D3006F34761F01BF1A0A7E
:20C1C0000800767ED8B75200ED049A019B3C6F039A019B02D40FD501767F23FA28A97FFF5B
:20C1D000767F26B25200ECFB9A00767EBBFC761F027656BF013A770077007700761F01BFED
:20C1E0001A0300107700D3006F0B767ED8F39B0A00FF288C9B05767EF2B7767EC190D100E4
:20C1F0009A00FF69767F26B288A941A6EF05767EC08B9A006F40CCA60008CDA60200CBA969
:20C20000EC039A026F3840A6EFEC767EC19E5201EC11DB011BA303E8670D923AED0B767FD6
:20C2100018BA761F025454336605761F02769224ECCD1BA303E86707767F18BA761F02541A
:20C220005433690ED90192A15201690A761F02769A0056BF0124767EBBFCD100D300767F08
:20C230000DBA5201EDBEDA0192A25203EC875207EDB89A0182BE86BE8BBE0006761F0276D9
:20C24000920600068F0159B4761F0277BE00A8A90F0256B701A692A60006761F02769217CD
:20C250000006761F0276920A0006761F027692040006761F0276920C0006761F0277BE00F3
:20C26000060256B101A692A60006761F0276920B00069A010006767F10545201EC0C761F40
:20C2700002761823FFFE181CFFFE181FFFFE181BFFFE6F0B761F02761A2300011A1C00016D
:20C280001A1F00011A1B0001767F18D85201EC15761F0254923E5201EC10767EFE3946A9D1
:20C29000EE0C761F02389235ED08761F0276181FFFFD181BFFFD6F07761F02761A1F0002DC
:20C2A0001A1B0002181FFFFB761F027A5603020F761F02769007981F761F027E9210520136
:20C2B000EC17767ED9DA5203EC0E761F02761823FFFD767E8002761F0276560301A9900318
:20C2C00098236F0A761F02761A2300026F05761F02761823FFFD181FFFF7767E8002761FEE
:20C2D00002769001FF82981F761F027592155201EC06761F0276181FFFEF0006761F0276D0
:20C2E0001A1F00100006761F027692215204ED0E2B382B37767EBBF85200ED05767EBFF883
:20C2F0005200EC049A00767EBBFC00069A00767F26B240A9EFFC767EBCF85201EDF856BF71
:20C300000721000600063B10761F027652009618ED06761F01A3280B05556F138F0068C09F
:20C31000D00B761F01A32B94D00BCC94FFDF5010960BDC0FCC0BFFFE5002960B18C4FFFC97
:20C320002910FF690006B2BDAABD9A00767EBBFC9A00767EC303767EC08B770077008D40ED
:20C330006FC0761F01BF8AA1DC051AC400108AA1DC0C1AC408001A05000877008AA1DC0DC4
:20C340001AC402001AE104001A0C02001A0408001A0D00801A0C0400761F02762B362B2F17
:20C350003B10761F01BF1A040040FF6928A90467767ED5238D801B571AD1100028A9046789
:20C36000767ED523000AFFFC76FF7FF6762086BE8BBEFF6900063B10761F02769604291026
:20C37000FF690006B2BDAABDA2BDFE02761F02762B1E761F01BF4301EE13761F02761822D3
:20C38000FFEF761F02559206767F0E3C28A9012C767F0E2E9A019B0A767F26DE6F0C761F74
:20C3900002769A641A220010767F0E3C28A901F4767F0E2E761F02769A002B10767EC36B91
:20C3A0009A07767EBBFCD200D300761F0255930492A8761F0255FFCE94A8FFA09628761FE8
:20C3B0000255932992A8761F0255FFCE94A8FFA09625761F02612B14761F0276282B01F445
:20C3C0006F5D40A1EF5B761F027692195202EC05767F292B767F18D0761F0276922BEC028B
:20C3D0000B2B767F10545200ED12761F01BF4301EF0E767F0DBA5201ED0A92A2761F027690
:20C3E00052FA56B7011E6707DA016F05761F0276D2002B1E4422EE08767EC19E5200EC04EF
:20C3F0009A01767EC36B767EC2555201ED0ADB0192A352FA69079A16767EFE57FFEF00CE99
:20C40000D300761F02559204761F02555428ED08761F02559229761F02555425EC0F3B1018
:20C41000761F02559204761F02559628761F02559229761F0255962529109A00FF69767F62
:20C4200026B259A941A156CD00A943A1EF05761F0276D2002B1E46A1EF1D767EBBF8520781
:20C43000ED19767ED8F308A9FED49641767F0CE4934155A9670F761F02769A641A22001049
:20C44000767F0E3C28A901F4767F0E2E9A00767EC36B4AA1EF19761F01BF4301EE15767F66
:20C4500024E09A019B6ED40FD501767F23FA28A97FFF767F26B25200ECFB767F24F0761F66
:20C4600001BF1A0300084BA1EF19767F24E09A029B00D40FD501767F23FA28A97FFF767FA4
:20C4700026B25200ECFB767F24F0761F01BF1A050008767EBBBE5200EC1A48A1EE1D49A173
:20C4800056CCFF41767F24E09A029B00D40FD501767F23FA28A97FFF767F26B25200ECFBEA
:20C49000767F24F0761F01BF1A050008761F027656BF02216F3A3B10761F027656BF01109B
:20C4A0002910FF69767F24E0761F01BF9A019B3CD40FD5011A0A0800767F23FA28A97FFFD5
:20C4B000767F26B25200ECFB8D406FC09A008AA1DC031AC40010767EBBFC767F24F0D90A41
:20C4C000761F01BF1AC108001A0300107700761F027656BF04216F09767EC00F767EC08BBF
:20C4D000761F027656BF0621FE8282BE86BE8BBEFF6900063B10761F0276961A2910FF699F
:20C4E0000006B2BDAABDA2BDFE06761F02769A042B0E767EC4DA9A00767EBBFCD200D3009D
:20C4F000761F027656BF01082B372B381A2200102B272B3F2B44FFEF00E944A1EF17767E0F
:20C50000C09F5205EC13767EBBF85200ED0F92085201ED0C761F0247922EEC055201ED06B6
:20C510009A096F029A02767EBBFC49A156CD011F40A156CC00CB761F02761B277530670258
:20C520000A27761F02389234ED64767E80025201ED05767ED9DA5201EC0D767ED9DA52033A
:20C53000EC09767ED9AA5200EC05761F02389236EC50767EF63D9B0A00FF291C5200ED36E4
:20C54000761F0276923FED152B43767F18BA59A9767F18D093A155A9690ADA011BA20BB8E7
:20C550006922761F027656BF013F6F25D2006F1B9234D200284300015202EC10D300767FD2
:20C5600018B62DA935031E46767F18BA7246767F18D0934655A966076F1EDB011BA3AFC83D
:20C5700069022B3F9243EC076F19761F0276D200D3002B3F761F02762B382B37767EBBF8F1
:20C580005200ED05767EBFF85200EC2A9A006F24D200D300761F02762B3F761F02761B389B
:20C5900001F4681D923456BF01375202EC195209EC17761F02609222ED13761F02769208F5
:20C5A0005201ED0E920E5201EC0B761F026192165201ED069A05767EBBFC6F020A38767E6C
:20C5B000D8DB59A9767ED8D793A155A96704767ED8D759A9767ED91B93A155A96704767E58
:20C5C000D91B59A9767F18D09B0595A155A9680C767ED8DB761F025454336917761F02769A
:20C5D00056BF01086F0E924452FA680D761F02769234EC049A00767EBBFC761F02762B08D1
:20C5E0002B446F039C0196449A00767F26B259A941A156CD00D24BA1EF19761F01BF430116
:20C5F000EF15767F24E09A019B82D40FD501767F23FA28A97FFF767F26B25200ECFB767F61
:20C6000024F0761F01BF1A0500084AA1EF1D761F01BF4301EE19767F0DBA5201ED15767FED
:20C6100024E09A019B6ED40FD501767F23FA28A97FFF767F26B25200ECFB767F24F0761FA4
:20C6200001BF1A03000843A1EF0492A1508059A947A156CCFED49A05767EC4DA9A00767E9E
:20C63000BBFC761F02764220EE07761F027656BF0221FFEF008A8F006FC056BF010E83A409
:20C64000DD05DC0C1AC500101AC40800767F24E09A009B1ED40FD501767F23FA28A97FFFD5
:20C65000767F26B25200ECFB767F0785761F025754046610761F02559A03D40FD501932E84
:20C66000767F23FA28A97FFF767F26B25200ECFB6F0F761F02559A03D40FD501932D767FDE
:20C6700023FA28A97FFF767F26B25200ECFB767F10605201ED23767F10291BA9189C691E43
:20C68000767F101D1BA909C469199A039B00D40FD501767F23FA28A97FFF767F26B25200F4
:20C69000ECFB767F0D14767F0E19761F02569A32933D767F0CB4767EF311767F24F09A0197
:20C6A000767EC190767ED8F32DA9BE0A3B0135B5C242FF4100FF2816767EC197767EBFF042
:20C6B000767F090C767EBFF0767F0DD3761F027656BF03216F09767EC00F767EC08B761F93
:20C6C000027656BF0621FE8682BE86BE8BBE00063B10761F0276960A2910FF6900063B1065
:20C6D000761F027696172910FF690006B2BDAABDA2BD761F02769A002B07767EBBFC7700B9
:20C6E00077008F006FC0761F01BFFF6983A4DD05DC0C1AC500101AC408001A050008767E67
:20C6F000FE35520DED08767EC25193A99A0194A8767EC6C8767EFE355212EC048F0005DC1C
:20C700006F0A767EC24D93A99A0194A8767EC6CF8F015F90761F0277A802D300D100761F91
:20C7100002762B286F7740A2EF75761F02770602EC0402015641000292A1EC0F767EFE351B
:20C7200054A1EC0792A352C8680692A1767EFE57D3006F06DB016F04767EFE3559A992A1E5
:20C73000520DEC345212EC1F521BEC155211EC0B5220ED4D761F02762B28767EFBF15200F5
:20C74000ED216F38761F02762B28767F18EA5200ED196F30761F02762B28767EFE3946A95C
:20C75000EE116F28761F02762B28767ED9825201ED09767EC24D52036605767EFA565200E2
:20C76000EC19761F02762B076F25767ED9865201ED05767EC25152036918767F10545200C1
:20C77000ED10767ED903761F02762DA9353254286606761F027656BF01076F0C0A286F0A5A
:20C78000761F02762B076F0356BF0107761F02762B289A00767F26B25AA941A2EF0A767E31
:20C79000FE3518A2FFFD520DED04767EFE3559A943A2EF108F006FC0761F01BF83A418A24F
:20C7A000FFF7DD05DC0C1AC500081A0500101AC4080049A2EE094CA256CCFF67761F027658
:20C7B00056BF07216F05761F027656BF02210200761F02771E0282BE86BE8BBE00069A00D6
:20C7C000767EBBFC770077008F006FC0761F01BF9A05FF6983A4DD05DC0C1AC500101AC4E8
:20C7D00008001A050008767EC4DA2B1D2B2B1822FF4F2B3A9A00767F26B241A9EE3649A996
:20C7E000EE2F48A9EE1A47A9EE084CA9EFF4761F027656BF07210006761F027656BF031DD3
:20C7F000767EC1615200EC255202EC1A7700761F027656BF03210006761F02769A0456BFD3
:20C80000041D767EC4DA767EC1A25200EC125202EC07761F02762B3A56BF04210006761F30
:20C81000027656BF02210006767EC00F767EC08B761F027656BF062100066F0528A9FFFEBF
:20C82000767F26B2767F0D041BA908FCEDF89A00767F26B241A9EE2E40A9EFFA9A19767E92
:20C83000C13B5201EC229A03767EC11C5200EC18767EC0A35200EC145202EC10767EFE39A3
:20C8400046A9EE05761F02762B296F05761F027656BF012956BF022100062B210006767E51
:20C85000C00F767EC08B6F08761F027656BF01210006767EC00F761F027656BF06210006E7
:20C86000761F02769A002B21767EBBFC770077008F006FC0761F01BFFF6928A9FFFE83A4BC
:20C87000DD05DC0C1AC500101AC408001A050008767F26B228A9FFFE767F26B26F12767E05
:20C88000C3236F0F767EC3726F0C767EC4E16F09767EC6D66F06767EC7BF6F03767EC2F6E2
:20C89000761F02769221EC0E5201ECF95202ECF45206ECEF5204ECEA5203ECE55207ECE0B8
:20C8A0002B21767EC81D6FED3B10761F027698062910FF6900063B105201EC085200ED0A7F
:20C8B000761F02761820FFFB6F05761F02761A2000042910FF6900063B10761F0276960CC9
:20C8C0002910FF6900063B10761F0276960B2910FF6900063B10761F027696112910FF6971
:20C8D0000006B2BDAABDD200D100FFEF013C5206EC525203EC4D767ED9032DA935325AA96A
:20C8E00054A16916767E80415200ED11761F0254923E5201EC0C92A2761F0276542869068D
:20C8F00092215202EC04D9016F032B2859A2761F027692215203EC0592A254A169216F254A
:20C90000922BED23921E5201ED0492A254A16918767EBBBE5200EC14767F18D85201EC10B9
:20C91000761F027592155201EC0B761F0276921E5201ED0B761F027A920B5201ED069A0173
:20C920009B08767F26DED100D200FFEF00EC9A019B076F039A019B01D200FFEF00E19221A4
:20C930005204EC415205EC3F767EBBBE5200ED09761F01BF4301EF059A019B0B767F26DE66
:20C94000761F02769221520256C000CC761F024792005201ED25767F101D52C86721761FB3
:20C9500002764722EE1D761F02479230761F0248CA2CED16761F02764220EF0A767F18D816
:20C960005201EC06761F0254923E5201ED09DA0192A252FAFFE900A6D200FFEF009FD20054
:20C97000FFEF00A0767ED8DF5202ED16767ED8EB5200ED12767EBBBE5200ED09761F01BF05
:20C980004301EF059A019B0BFFEF008A767EBBBE520156C00087761F01BF430156CD00820B
:20C990009A019B0A6F7C5206ED7D4220EE359A00767EC6C89A00767EC6CF9A00767E81EFD8
:20C9A000761F024792005201ED0D767F101D52C86709761F0248922CED05761F02479230DF
:20C9B000EC15767EFE355213EC33767EFE355212EC2F767EFE355211EC2B767EC25D52010E
:20C9C000ED279A00767EFE576F1F9A00767EFE579A019B0C6F1B92075201EC05767E8006CC
:20C9D0005201ED16767EC25D5201ED129A00767EFE57767E80065201ED079A00767EC6C8CC
:20C9E0009A00767EC6CF9A019B09767F26DE767F18F35201ED26761F024792005201ED21A5
:20C9F000767F101D52C8671D761F0248922CED19761F02479230ED15767EFE355212ED06A4
:20CA0000767EC2425201EC066F0C767EC25D5201ED089A00767EFE579A019B0C767F26DEE5
:20CA1000D1009A00767F26B240A9EFFC767EC26B92215202EC085203EC065204EC045205FA
:20CA200056C0FF73767EBBC4761F02774931761F027656BD02A9542156C1FF03520256C0B0
:20CA3000FEA89A019B096FDB3B10FF5E761F0276C0062910FF690006761F0275923D520266
:20CA400056C10578520356C1044A520556C10312520656C10272520856C1013A520D56C100
:20CA5000009E521256C006A2761F0261280A1025761F026128081025761F026128060CF622
:20CA6000761F026128070CF4761F0261280E0192761F0261280F057C28A90154761F026100
:20CA7000280D0248761F0261280B057C761F0261280C0470761F026156BF1C05761F0260B6
:20CA800056BF1C3E761F027556BF8C3C761F025556BF0E26761F0255282B04F9761F0255E1
:20CA9000282C048F761F025556BF5829761F025556BF2D04761F025528060168761F026170
:20CAA00056BF1720761F026156BF171D767F192928A90168767F1930761F0261281E01EF0C
:20CAB000761F027A283523E4761F027A28340428761F027A56BF6C36761F027A28370276A8
:20CAC000761F027A2830026C761F027A283801D6761F027B56BF5002761F027A282F122024
:20CAD000761F027A28310BEA767EDDA3761F0266A810767EDDA6761F027828291F40761FF3
:20CAE000027828262710761F024756BF5032761F0261281C07ABFFEF0267761F0261280A53
:20CAF0001025761F026128081025761F026128060CF6761F026128070CF4761F0261280E17
:20CB00000192761F0261280F033928A90154761F0261280D0248761F0261280B0339761F7E
:20CB10000261280C0470761F026156BF1805761F026056BF183E761F027556BF8C3C761FF0
:20CB2000025556BF1926761F0255282B0555761F0255282C04F2761F025556BF3229761F8A
:20CB3000025556BF2D04761F02552806014A761F026156BF1B20761F026156BF1B1D767F61
:20CB4000192928A90168767F1930761F0261281E01EF761F027A28352451761F027A28349D
:20CB50000428761F027A56BF6C36761F027A28370276761F027A2830026C761F027A2838A1
:20CB6000014A761F027B56BF3C02761F027A282F1220761F027A28310BEA767EDDA3761F03
:20CB70000266A810767EDDA6761F027828291770761F027828261D4C761F024756BF3C3200
:20CB8000761F0261281C06BAFFEF01CE767F18B6520456C1009D761F0261280A1025761F1B
:20CB9000026128081025761F026128060CF6761F026128070CF4761F0261280E0192761F18
:20CBA0000261280F02949AAA761F0261280D0248761F0261280B0294761F0261280C047029
:20CBB000761F026156BF1A05761F026056BF143E761F027556BF8C3C761F025556BF1F26AC
:20CBC000761F0255282B04D8761F0255282C03FF761F025556BF2829761F025556BF23047E
:20CBD000761F025556BFE606761F026156BF2820761F026156BF281D767F19299AB4767F37
:20CBE0001930761F0261281E01EF761F027A28352451761F027A28340428761F027A56BF1C
:20CBF0006C36761F027A2837013B761F027A28300136761F027A2838012C761F027B56BF72
:20CC00003202761F027A282F1220761F027A28310BEA767EDDA3761F0266A810767EDDA944
:20CC1000761F027828290FA0761F027828261388761F024728310104761F0261281C0F086E
:20CC2000761F024756BF4632FFEF04C5761F0261280A1025761F026128081025761F02611E
:20CC300028060CF6761F026128070CF4761F0261280E0192761F0261280F029428A90154E1
:20CC4000761F0261280D0248761F0261280B0294761F0261280C0470761F026156BF1A05D0
:20CC5000761F026056BF143E761F027556BF8C3C761F025556BF1F26761F0255282B05D023
:20CC6000761F0255282C04D8761F025556BF2829761F025556BF2804761F025556BFE6062C
:20CC7000761F026156BF2820761F026156BF281D767F192928A90168767F1930761F026156
:20CC8000281E01EF761F027A28352451761F027A28340428761F027A56BF6C36761F027A09
:20CC900028370276761F027A2830026C761F027A2838012C761F027B56BF3202761F027ACC
:20CCA000282F1220761F027A28310BEA767EDDA3761F0266A810767EDDA6761F027828298C
:20CCB0000FA0761F027828261388761F0261281C077EFFEF0095761F0261280A1025761F85
:20CCC000026128081025761F026128060CF6761F026128070CF4761F0261280E0192761FE7
:20CCD0000261280F029428A90154761F0261280D0248761F0261280B0294761F0261280C8A
:20CCE0000470761F026156BF1A05761F026056BF143E761F027556BF8C3C761F025556BF4C
:20CCF0001F26761F0255282B05D0761F0255282C03FF761F025556BF2829761F025556BF36
:20CD00002804761F025556BFB406761F026156BF2820761F026156BF281D767F192928A97D
:20CD10000168767F1930761F0261281E01EF761F027A28352451761F027A28340428761F1D
:20CD2000027A56BF6C36761F027A28370276761F027A2830026C761F027A2838012C761FCE
:20CD3000027B56BF2802761F027A282F1220761F027A28310BEA767EDDA3761F0266A81005
:20CD4000767EDDA6761F027828290C80761F027828260FA0761F0261281C07A4761F02479F
:20CD500056BF3232761F024728310208FFEF0393767F18B6520456C10095761F0261280A96
:20CD60001025761F026128081025761F026128060CF6761F026128070CF4761F0261280EA4
:20CD70000192761F0261280F02949AAA761F0261280D0248761F0261280B0294761F0261D7
:20CD8000280C0470761F026156BF1A05761F026056BF143E761F027556BF8C3C761F02558C
:20CD900056BF1F26761F0255282B04D8761F0255282C03A2761F025556BF2329761F0255F0
:20CDA00056BF1904761F025556BFA006761F026156BF2820761F026156BF281D767F1929BC
:20CDB0009AB4767F1930761F0261281E01EF761F027A28352451761F027A28340428761F98
:20CDC000027A56BF6C36761F027A2837013B761F027A28300136761F027A2838012C761FA1
:20CDD000027B56BF2802761F027A282F1220761F027A28310BEA767EDDA3761F0266A81065
:20CDE000767EDDA9761F024728310104761F024756BF4632761F0261281C0F47FFEF0095FD
:20CDF000761F0261280A1025761F026128081025761F026128060CF6761F026128070CF418
:20CE0000761F0261280E0192761F0261280F029428A90154761F0261280D0248761F0261F7
:20CE1000280B0294761F0261280C0470761F026156BF1A05761F026056BF143E761F027503
:20CE200056BF8C3C761F025556BF1F26761F0255282B05D0761F0255282C03FF761F02558D
:20CE300056BF2829761F025556BF2104761F025556BFA006761F026156BF2820761F026162
:20CE400056BF281D767F192928A90168767F1930761F0261281E01EF761F027A28352451B8
:20CE5000761F027A28340428761F027A56BF6C36761F027A28370276761F027A2830026CA2
:20CE6000761F027A2838012C761F027B56BF2802761F027A282F1220761F027A28310BEACA
:20CE7000767EDDA3761F0266A810767EDDA6761F024728310208761F024756BF3232761FD5
:20CE80000261281C07A4761F027828290AF0761F027828260DACFFEF025E767F18B652016C
:20CE900056C10091761F0261280A1025761F026128081025761F026128060CF6761F0261FE
:20CEA00028070CF4761F0261280E0192761F0261280F01EF9AAA761F0261280D0248761F13
:20CEB0000261280B01EF761F0261280C0470761F026156BF1A05761F026056BF143E761F1D
:20CEC000027556BF8C3C761F025556BF2926761F0255282B047C761F0255282C03D8761F3F
:20CED000025556BF1C29761F025556BF1704761F025556BF7806761F026156BF2820761F0C
:20CEE000026156BF281D767F19299AB4767F1930761F0261281E01EF761F027A28352451A1
:20CEF000761F027A28340428761F027A56BF6C36761F027A2837013B761F027A2830013675
:20CF0000761F027A2838012C761F027B56BF2802761F027A282F1220761F027A28310BEA29
:20CF1000767EDDA3761F0266A810767EDDA9761F024728310104761F0261281C0F47FFEFA2
:20CF2000008F761F0261280A1025761F026128081025761F026128060CF6761F0261280757
:20CF30000CF4761F0261280E0192761F0261280F01EF9A55761F0261280D0248761F0261A3
:20CF4000280B01EF761F0261280C0470761F026156BF1A05761F026056BF143E761F027578
:20CF500056BF8C3C761F025556BF2926761F0255282B0334761F0255282C02B9761F025537
:20CF600056BF1429761F025556BF0F04761F025556BF7806761F026156BF2820761F02617F
:20CF700056BF281D767F19299A5A767F1930761F0261281E01EF761F027A28352451761F38
:20CF8000027A28340428761F027A56BF6C36761F027A56BFA037761F027A56BF9B30761F42
:20CF9000027A2838012C761F027B56BF2802761F027A282F1220761F027A28310BEA767E3A
:20CFA000DDA3761F0266A810767EDDAC761F024756BF8231761F0261281C1E8E761F027822
:20CFB000282907D0761F0278282609C4FFEFFC6A767F18B6520156C10095761F0261280ACF
:20CFC0001025761F026128081025761F026128060CF6761F026128070CF4761F0261280E42
:20CFD0000192761F0261280F01EF9AAA761F0261280D0248761F0261280B01EF761F0261C1
:20CFE000280C0470761F026156BF1A05761F026056BF143E761F027556BF8C3C761F02552A
:20CFF00056BF2926761F0255282B047C761F0255282C03D8761F025556BF1C29761F0255B1
:20D0000056BF1704761F025556BF6406761F026156BF2820761F026156BF281D767F192997
:20D010009AB4767F1930761F0261281E01EF761F027A28352451761F027A28340428761F35
:20D02000027A56BF6C36761F027A2837013B761F027A28300136761F027A2838012C761F3E
:20D03000027B56BF2802761F027A282F1220761F027A28310BEA767EDDA3761F0266A81002
:20D04000767EDDA9761F024728310104761F024756BF3C32761F0261281C0F47FFEF0093A6
:20D05000761F0261280A1025761F026128081025761F026128060CF6761F026128070CF4B5
:20D06000761F0261280E0192761F0261280F01EF9A55761F0261280D0248761F0261280B3F
:20D0700001EF761F0261280C0470761F026156BF1A05761F026056BF143E761F027556BF65
:20D080008C3C761F025556BF2926761F0255282B02E2761F0255282C0290761F025556BF82
:20D090001229761F025556BF0F04761F025556BF6406761F026156BF2820761F026156BF64
:20D0A000281D767F19299A5A767F1930761F0261281E01EF761F027A28352451761F027AA0
:20D0B00028340428761F027A56BF6C36761F027A56BFA037761F027A56BF9B30761F027A11
:20D0C0002838012C761F027B56BF2802761F027A282F1220761F027A28310BEA767EDDA305
:20D0D000761F0266A810767EDDAC761F024756BF8231761F024756BF4632761F0261281CC1
:20D0E0001E8E761F027828290640761F0278282607D0761F0266A80C761F027E56BF961524
:20D0F000761F026156BFE11A761F026156BFCF1F767F18B6761F02382DA93596960D767F52
:20D1000018B6761F02382DA935789610767F18B6761F02382DA93596960F767F18B6761F19
:20D1100002382DA935789614767F18B6761F02382DA935879609767F18B6761F02382DA96D
:20D1200035699608761F0238280B1F40761F0238280A1F40767F18B6761F02382DA93587CE
:20D130009605767F18B6761F02382DA93587960E767F18B6761F02382DA935699600761F4B
:20D14000027B9202761F02389603761F02479232761F02389602767F18B62DA93564761F86
:20D150000238960C0006AABDA2BD9B002BAB2BAABE00D400D500D0002BACB600D300D20068
:20D16000761F01C456BF801A4D00EEFF761F002C92071BA9013668381BA902E968311BA96B
:20D17000041F682A1BA9055568251BA9068B681E1BA9087C68191BA90A2E68141BA90B64F0
:20D18000680F1BA90D55680A1BA90F456803D8016F1C92AC9C012DA96F18DA016F16DD0123
:20D190006F14DF016F12DC016F1092AB9C0127A96F0C9D016F0A92A39C015BA96F0692AA7C
:20D1A0009C012FA96F02DE015364665392A35264664B92AB5264664292AA5264663A92A639
:20D1B0005264663292A45264662A92A55264662292A05264661A92AC5264661192A2526463
:20D1C000660992A75264699D761F027556BF123D6F0A761F027556BF0D3D6F05761F027517
:20D1D00056BF083D9A046F2A761F027556BF063D6FFA761F027556BF053D6FF5761F02750E
:20D1E00056BF083D6F0F761F027556BF053D6F0A761F027556BF033D6F05761F027556BF85
:20D1F000023D9A026F0B761F027556BF033D6F05761F027556BF023D9A01767F190D82BE9F
:20D2000086BE0006B2BD7622D0198D40701056BF6891761A3B1076260000762F00007622C5
:20D2100076FD7C80FF698AA1DC0C1AC400083E67761F01C0181CFFF7761A762218D1BFFF3A
:20D220001A1220001812FFFD1A1200011812FFFB1A1204001812FEFF761A43C9EF067622AB
:20D230001A110010761A7625CC110180EC0576221811FE7F761A8F007010D0119294901F96
:20D240005209EC1376221ACC0040CC21FFE050099621761A762256BF6829761A4011EFFF3D
:20D2500076221811FFBF761A762283A4DD011AC50180761A7622D00B56BF049483A4CCC44B
:20D26000FFFEDD0D500296C41AC5000183A41A1D0002DD0C1A1D00041A1D00081A1D001031
:20D270001A1D0020181DFFBF181DFF7F18C5FFFE83A4DD091A1C0004DC10181DBFFF181D6C
:20D280007FFF1A1D01001A1D02001A1D04001AC501001A1902001819FBFF1819F7FF1A1CC7
:20D29000000818C4FFFE1820FFFD1820FFFB1820FEFF1820FDFF1820FBFF1820F7FF182036
:20D2A000BFFF18207FFF181CFFEF181CFEFF181CFDFF1A1C04001A1C0800181CEFFF1A1CA7
:20D2B00040001A1C0004761A8BBEFF6900063B10761F00331820FFFE2B222B24FF692B2600
:20D2C0002B282B2A2B2C2B2E2B302B322B342B362B382B232B252B272B292B2B2B2D2B2FCF
:20D2D0002B312B332B352B372B39000676228F7F50548F000D00BE7F06851E84000EFFFEFD
:20D2E000761AFF69761F00331A2000010006A0A9C4440FA4690B03A4190183A99284DD8154
:20D2F0009686020019010FA5EDFA00067622761F01C0181CFFFB761A76228F006800D01426
:20D30000761F01A083A4CC94FFFE5002DD0D9614CC14FFFB500896141AC500C0761A83A43B
:20D31000280509242B03DD0F2B0418C4E3FF18C4FC7FCCC4FFFE500296C418C4FFFB18C45A
:20D32000FFF71AC4003018FCFFEF1807FFFC1807FFBF1807FFF3280B0555280C0555280993
:20D33000FFFF280AFFFF18C5FFFC83A4DD1ACC0FFFFB5008960F56BFB41156BFB41018C557
:20D34000FFF383A4DD19DC1CCC1AFFFC5001961A1AC50008CC19FFF8500296191AC4000141
:20D3500076228F006840D01483A4761F01A1DD0DCC94FFFE50029614CC14FFFB500896148D
:20D360001AC500C0761A83A4D019DD0F280509242B032B0418C4E3FF18C4FC7FCCC4FFFE29
:20D37000500296C418C4FFFB18C4FFF71AC4003018FCFFEF1807FFFC1807FFBF1807FFF331
:20D38000280B0555280C05552809FFFF280AFFFF18C5FFFC83A4DD1ACC0FFFFB5008960F4B
:20D3900056BFB41156BFB41018C5FFF3CC1AFFFC5001961ACC94FFF85001DC1C9619761F35
:20D3A00001A21AC400018F00688083A4DD0F280511932B032B0418C4E3FF18C4FC7F18C442
:20D3B000FFFC18C4FFFB18C4FFF71AC4003018FCFFEF1807FFBF1807FFFC1807FFF3280B6F
:20D3C0000AAA280C0AAA2809FFFF280AFFFF18C5FFFC83A4DD1A18C5FFF383A4DD19DC1C78
:20D3D000CC1AFFFC5001961A18C5FFF7CC19FFF850029619761F01A31AC400018F0068C0DC
:20D3E00083A4DD0F280511932B032B0418C4E3FF18C4FC7F18C4FFFC18C4FFFB18C4FFF758
:20D3F0001AC4003018FCFFEF1807FFBF1807FFFC1807FFF3280B0555280C05552809FFFFBB
:20D40000280AFFFF18C5FFFC83A4DD1A18C5FFF383A4DD19DC1CCC1AFFFC5001961A18C543
:20D41000FFF7CC19FFF8500296191AC400017622D0148F006900761F01A4CC94FFFE5002ED
:20D420009614761A83A4DD0F280509242B032B0418C4E3FF18C4FC7FCCC4FFFE500296C49A
:20D4300018C4FFFB18C4FFF71AC4003018FCFFEF1807FFFC1807FFBF1807FFF3280B05558F
:20D44000280C05552809FFFF280AFFFF18C5FFFC83A4DD1A18C5FFF383A4DD19DC1CCC1A1F
:20D45000FFFC5001961A1AC50008CC19FFF850019619761F01A51AC400018F00694083A484
:20D46000DD0F2805AFC72B032B0418C4E3FF18C4FC7F18C4FFFC18C4FFFB18C4FFF71AC44E
:20D47000003018FCFFEF1807FFBF1807FFFC1807FFF3280B0555280C05552809FFFF280AE6
:20D48000AFC718C5FFFC83A4DD1A18C5FFF383A4DD19DC1CCC1AFFFC5001961A1AC5000873
:20D49000CC19FFF8500296191AC400017622761F01C01A1C0004761AFF690006761F01A85C
:20D4A0008F006A002B1683A42818FFFFDD1418C5FEFF83A4DD1518C5FFEF8F406A20181598
:20D4B000FDFFC4A51A150001DE141A1500C0DC161815FFDF1815FFF91A1400011814FFFD6D
:20D4C0001814C1FF761F01A82B362838FFFF18C6FEFFC4A5DE1518C6FFEFDD1676806A40CD
:20D4D000C5A6DF141835FDFF1A3500011A3500C01835FFDF1835FFF91A3400011834FFFD2F
:20D4E0001834C1FF761F01A92B162818FFFF18C7FEFFC5A6DF15DE1618C7FFEF1815FDFF3D
:20D4F0001A1500011A1500C01815FFDF1815FFF91A1400011814FFFD1814C1FF761F01A84C
:20D500001A1500081A140100761F01A81AC400021A3500081A340100761F01A91AC50002C1
:20D510001A1500081A140100761F01A81AC600021A150010761F01A81A350010761F01A95A
:20D520001A1500100006FE0296410B416F04F66477000B411B41FFFFEDFBFE82FF690006C3
:20D530007622761F01C076FD7C80FF691A1C00083E67761A76228F0071001AC400401AC40F
:20D5400000201AC400801AC4400018C4FFF7761AFF6928A915B3767ED5237622761F01C4EE
:20D550001ACC00011801FFFB761AFF69767ED5237622D02183A4DD101AC5800083A4DD20BD
:20D5600018C5FC3FCC94FC7F5040D0229621CC94FC3F5080D0239622CC94FCFF50C0D0240A
:20D570009623CC94FC3F1AA90100D0259624CC94FC7F1AA90140D0269625CC94FC3F1AA9E6
:20D580000180D0279626CC94FDFF1AA901C0D0289627CC94FE3F1AA90200D0299628CC9449
:20D59000FE7F1AA90240D02A9629CC94FE3F1AA90280D02B962ACC94FEFF1AA902C0D02CC5
:20D5A000962BCC94FF3F1AA90300D02D962CCC94FF7F1AA90340D02E962DCC94FFBF1AA901
:20D5B0000380DC2F962E1AC403C0CC20FFC050069620CC21FFC050069621CC22FFC05006F5
:20D5C0009622CC23FFC050069623CC24FFC050069624CC25FFC050069625CC26FFC050064F
:20D5D0009626CC27FFC050069627CC28FFC050069628CC29FFC050069629CC2AFFC050061F
:20D5E000962ACC2BFFC05006962BCC2CFFC05006962CCC2DFFC05006962DCC2EFFC05006EF
:20D5F000962ECC2FFFC05006962F182007FF182107FF182207FF182307FF182407FF182505
:20D6000007FF182607FF182707FF182807FF182907FF182A07FF182B07FF182C07FF182DCE
:20D6100007FF182E07FF182F07FF761AFF69000676228F006F8083A4761F01BEDD0C1AC504
:20D620000001CCF4FFFC8F406FC05001C4A596061A0C0002CC06FFF7DE04500496061A0CF2
:20D630000004D009CC06FFDF501096061A0C0008CC06FF7F504096061A0C0010CC06FDFFA3
:20D640001AA9010096061A0C0020CC06F7FF1AA9040096061A0C0040CC06DFFF1AA9100010
:20D6500096061A0C00801AC60080C4A4DE0A1AC60080C4A418063FFFDE0D1A0C0100CCFCCA
:20D66000FFFC500196071A0C0200CC07FFF7500496071A0C0400761F01BF1A040400761FA9
:20D6700001BE1A0A04001807FFCF1A0C0800761F01BF1A040800761F01BE1A0A080018077E
:20D68000FF3F1A0C1000761F01BF1A041000761F01BE1A0A10001807FCFF180CDFFF761F5A
:20D6900001BF1A042000761F01BE1A0A20001807F3FF180CBFFF761F01BF1A044000761FA9
:20D6A00001BE1A0A40001807CFFF180C7FFF18DC3FFFCC073FFF1AA9400096071AC60001F4
:20D6B000C4A4DE0B1AED00011AC60001C4A4DE0818C6FFFC1A0D0002761F01BF1A0500025A
:20D6C000761F01BE1808FFF31A0B00021A0D0004761F01BF1A050004761F01BE1A0B00049D
:20D6D0001808FFCF1A0D0008761F01BF1A050008761F01BE1A0B00081808FF3F1A0D00108B
:20D6E000761F01BF1A050010761F01BE1A0B00101808FCFF1A0D0020761F01BF1A05002027
:20D6F000761F01BE1A0B00201808F3FF180DFFBF1A083000180DFF7F1AE4C0001A08C000F7
:20D70000180DFEFF18ECFFFCCC94FFFC500196091A0D0200761F01BF1A050200761F01BEAA
:20D710001A0B02001809FFF31A0D04001809FFCF180BFBFF1A0D08001809FF3F180BF7FFE1
:20D72000180DEFFF1A050300CC09FDFF1AA901009609180DDFFFCC09F7FF1AA9040096094C
:20D73000761A7622C4A4DE1C1AC60001C4A5DE0A1AC60001C4A4DE1618C6FFFCC4A4DE1AA7
:20D740001AC60001C4A4DE171A1C0002761F01BF1A0A0002761F01BE1816FFF31A1A00022E
:20D750001A1C00041816FFCF181AFFFB1A1C00081816FF3F181AFFF71A1C00101816FCFF16
:20D76000181AFFEF1A1C00201816F3FF181AFFDF1A1C008018163FFF181AFF7F1A1C0100FA
:20D77000181AFEFF18C6FFFCC4A5DE0C181CFDFF1AC60200C4A4DE1D1A1A02001817FFF372
:20D780001A1C0400761F01BF1A0C0400761F01BE1A1A04001817FFCF181CF7FF761F01BFC8
:20D790001A0C0800761F01BE1A1A08001817FF3F181CEFFF761F01BF1A0A1000761F01BE4F
:20D7A0001817FCFF1A1A10001AC60004C4A5DE0DDD0B1AC60004C4A4DE1818C6FFCFC4A485
:20D7B000DE1BDC191AC600041A1D0008761F01BF1A0D0008761F01BE1818FF3F1A1B0008C5
:20D7C0001A1D0010761F01BF1A0D0010761F01BE1818FCFF1A1B00101A1D0040181BFFBF4A
:20D7D0001818CFFF1A1D00801AC5008018183FFF1A1B00801A1D0200761F01BF1A0B02004D
:20D7E000761F01BE18C4FFF31A1B02001A1D0400761F01BF1A0B0400761F01BE1819FFCFC4
:20D7F0001A1B0400761AFF690006761F01C156BF071056BF031156BF021256BF491356BF87
:20D80000031456BF2311761F01DD56BF071056BF031156BF021256BF491356BF031456BF05
:20D8100023110006FE02767ED2023B1076260000762F0000FF69767ED2B7767ED2D68F005A
:20D8200080008F7F4C45A8428F3F4000767ED2E776408C28767ED2F6767ED49E767ED5309F
:20D83000767ED618767ED7F5767F214F76228F008351761F0035A8208F00806DA8288F0069
:20D840008000A82A761F00348F3F27F0A83E761F00358F3F1B4AA8308F3F1AC6A834761FEE
:20D8500000378F3F1B31A8008F3F1B18A8028F3F1AFFA8048F3F1AE6A8068F3F1C9BA80ACE
:20D86000761A7623018C8F000CE0761F003383A4FF69DD061AC500011A26002083A41A2696
:20D870000010DD081AC5000183A41A280004DD10DC121AC500011AC400011A3200021A3222
:20D8800000041A3200081A320020767EF37F767ED153767ECA3C767EF45AFE820006761FEF
:20D89000026B96060006761F026B96050006761F026692290006761F026692200006761FBE
:20D8A0000266921F0006761F0266921E0006761F0266921D0006761F0266921C0006761F9E
:20D8B0000266921A0006761F0266921B0006761F026B92380006761F026B92060006761F87
:20D8C000026B92050006761F026692280006761F026B921B0006761F026B92010006761F9C
:20D8D000026692270006761F026692210006761F026B92040006761F026B92030006761F8B
:20D8E000026692310006761F026692300006761F0266922D0006761F026B923F0006761F02
:20D8F0000266922F0006761F026B92090006761F0266922C0006761F026B92220006761F34
:20D90000026B923D0006761F026B923E0006761F0266922A0006761F0266922E0006761FD6
:20D91000026692320006761F026692250006761F0266922B0006761F026B921E0006761FFE
:20D92000026B921F0006761F026B92200006761F026B92210006761F026B921D0006761F02
:20D93000026692120006761F026B92000006761F02669218000628A908000006761F0266A2
:20D9400092190006761F026C92000006761F026B92370006761F026C92040006761F026C08
:20D9500092030006761F026C92020006761F026C92010006761F026B923B0006761F026B0C
:20D96000923C0006761F026B923A0006761F026692260006761F026692220006761F026690
:20D9700092230006761F026B92360006761F026692000006761F026692040006761F026BDC
:20D9800092130006761F026B92150006761F026B92140006761F026B92180006761F026BCB
:20D99000920B0006761F026B920A0006761F026B92340006761F026B920C0006761F026BBA
:20D9A00092350006761F026B92100006761F026B920F0006761F026B92110006761F026B9A
:20D9B00092170006761F026B922C0006761F026B92300006761F026B92310006761F026B4B
:20D9C000922D0006761F026B92320006761F026B92330006761F026B92190006761F026B34
:20D9D00092290006761F026B922A0006761F026B921C0006761F026B920D0006761F026B53
:20D9E000921A0006761F026B922E0006761F026B92120006761F026B920E0006761F026B57
:20D9F000922F0006761F026B92160006761F026B92390006761F026692240006761F026B12
:20DA0000922B000688A99B009CFFEC09D000DE828F0099929594D801000EFFFE9A00761FC1
:20DA10000266551756B101A9000688A99B009CFFEC09D000DE828F009AC09594D801000EE6
:20DA2000FFFE9A00761F026C550B56B101A9000688A99B009CFFEC09D000DE828F009998E9
:20DA30009594D801000EFFFE9A00761F0266553656B101A90006B2BDAABDA2BD5AA859A9B7
:20DA400082A4767F1D4D92A1FFC6907E50A8767F1CE4767F1D795201EC21CCA100FF767F02
:20DA50001CE4767F1D795201EC1992A2EC1E9CFFD1005AA940A1EE0792A1FFC058A9929338
:20DA6000FFC76F0692A1FFC058A9CC9300FF767F1CE4767F1D795201ED05767F1D299A017F
:20DA70006F11D901000AFFE8767F1D29761F026656BF010128A9BFFF767F26B25200ECFB67
:20DA80009A0082BE86BE8BBE0006761F026696290006761F026696200006761F0266961FEC
:20DA90000006761F0266961E0006761F0266961D0006761F026696230006761F026B963B74
:20DAA0000006761F026B96360006761F026B963C0006761F026696000006761F0266960482
:20DAB0000006761F0266961C0006761F0266961A0006761F0266961B0006761F026B961389
:20DAC0000006761F026B96150006761F026B96140006761F026B96180006761F026B960B82
:20DAD0000006761F026B96380006761F026B960A0006761F026B96340006761F026B960C3C
:20DAE0000006761F026B96350006761F026B96100006761F026B960F0006761F026B961149
:20DAF0000006761F026B96170006761F026B962C0006761F026B962B0006761F026B963000
:20DB00000006761F026B96310006761F026B962D0006761F026B96320006761F026B9633CA
:20DB10000006761F026696280006761F026B96190006761F026B96290006761F026B962AEE
:20DB20000006761F026B961C0006761F026B960D0006761F026B961A0006761F026B961B0F
:20DB30000006761F026B962E0006761F026B96120006761F026B960E0006761F026B96010E
:20DB40000006761F026696270006761F026696260006761F026696220006761F026B963AB3
:20DB50000006761F026696210006761F026B962F0006761F026B96040006761F026B9603EB
:20DB60000006761F026B96160006761F026B96390006761F026696240006761F0266963193
:20DB70000006761F026696300006761F0266962D0006761F026B963F0006761F0266962F61
:20DB80000006761F026B96090006761F0266962C0006761F026B96220006761F026B963D7E
:20DB90000006761F026B963E0006761F0266962A0006761F0266962E0006761F0266963244
:20DBA0000006761F026696250006761F0266962B0006761F026B961E0006761F026B961F6A
:20DBB0000006761F026B96200006761F026B96210006761F026B961D0006761F0266961272
:20DBC0000006761F026B96000006761F026696180006761F026696190006761F026C9600A5
:20DBD0000006761F026B96370006761F026C96040006761F026C96030006761F026C96027A
:20DBE0000006761F026C9601000658A992A8EC0A9CFF8F409AC088A992949695D801000E21
:20DBF000FFFD0006761F02669A009B4B8A0C767EDBE5000658A992A8EC0A9CFF8F4099987A
:20DC000088A992949695D801000EFFFD0006761F02669A009B1E8A10767EDBFA0006B2BD71
:20DC1000AABDFE02D0009A00BE048D8099922B412BEA949296EAD801000EFFFDD1039B0CA4
:20DC200028A901168AA2767F1D805200ED125CAD9B0228A90120DC81767F1DF55200ED09A9
:20DC3000924154EAED06FF202000767F00A46F08D98192A1EDE5FF202000767EFE4FFE8222
:20DC400086BE8BBE0006B2BDD1039B0C8F00999228A90116767F1DF55200ED0B9A06767EC0
:20DC5000DA025201ED06FF202000767F00A46F0DD98192A1EDEBFF202000767EFE4F9A00BF
:20DC6000767EDBBD767EDC0F8BBE0006B2BDD1039AD69B408F009A00767F1D805200ED035F
:20DC70009A016F05D98192A1EDF49A008BBE0006B2BDD1039AD69B408F009A00767F1DF570
:20DC80005200EC0AD98192A1EDF6FF202000767EFE4F767EDC668BBE0006B2BDAABDFE02F1
:20DC9000D04B8D809AC0BE4A2B412B92D0009A009492D14BD801969A000EFFFCD1039A3E57
:20DCA0009B988AA2767F1D805200ED125CAD9AD49B02DC81767F1DF55200ED0AD04B924173
:20DCB0005492ED06FF202000767F00A46F08D98192A1EDE6FF202000767EFE4FFE8286BE88
:20DCC0008BBE0006B2BDAABDD1038D809AC09A3E9B988AA2767F1DF55200ED0FD04A1B9291
:20DCD000AAAAED0B9A4C767EDA155201ED06FF202000767F00A46F11D98192A1EDE9FF20FF
:20DCE0002000767EFE4F761F02669A009B4B8A0C767EDBE5767EDC8D86BE8BBE0006B2BD9D
:20DCF000AABDFE02D01E8D809998BE1D2B412B92D0009A009492D11ED801969A000EFFFCEC
:20DD0000D1039A009B3E8AA2767F1D805200ED125CAD9A3C9B02DC81767F1DF55200ED0A84
:20DD1000D01E92415492ED06FF202000767F00A46F08D98192A1EDE6FF202000767EFE4F2A
:20DD2000FE8286BE8BBE0006B2BDAABDA2BDD100D2038DC099989A009B3E8AA3767F1DF5D0
:20DD30005200ED0FD01D1B93AAAAED0B9A1F767EDA285201ED06FF202000767F00A46F570B
:20DD4000DA8192A2EDE9BE1E1BC3AAAAEC05D901DB01000EFFFB92A15210EC185211EC06B3
:20DD5000FF202000767EFE4F6F238F00999D761F026692C4960292CC960992D4960892DC82
:20DD6000960592E4960692EC6F108F00999D761F026692C4960292CC960992D4960892DCDA
:20DD7000960592EC960692F4960756BF010B761F02669A009B1E8A10767EDBFA920B5201F7
:20DD8000ED149202767EDA959209767EDA919208767EDA8D9205767EDA899206767EDB51F6
:20DD90009207767EDB492B0B767EDCEF82BE86BE8BBE00068F3F54E900068F3F549D000624
:20DDA0008F3F545100068F3F57AB00068F3F540500068F3F53B900068F3F536D0006B2BD04
:20DDB000AABDFE02D100D200767ED8E35200EC09767ED8E35201EC059A00767EDB71D201B3
:20DDC000767ED8DF5201EC09767ED8DF5202EC059A02767EDB6DD201767ED9925200EC090F
:20DDD000767ED9925201EC059A00767EDAD5D101767ED8D31BA905F46206767ED8D31BA95A
:20DDE000020C630628A90400767EDB51D201767ED9661BA9FFE26405767ED966521E650596
:20DDF0009A00767EDB45D201767ED96A1BA988006406767ED96A1BA9780065059A00767E3A
:20DE0000DB49D201767ED8C3520E6405767ED8C35214650B9A0E767EDB11767ED89B2DA989
:20DE10003564767EDA89D201767ED8CF1BA95555ED2F3B10FF69767ED9663B01761F024809
:20DE200085A91E32767ED96A8F002710A8AC3B0188A9761F02485644003281A61E3229104B
:20DE30008F04B000A8A90F326405FF2CFFB50F3265409A00FF69767EDB459A00767EDB4907
:20DE40003B10761F024802001E3229106F313B10FF69767ED96A3B01761F024885A91E32EA
:20DE50002910761F02661B25FFFFED0B3B10FF32761F02481EA60632FF3007A61E3229108A
:20DE6000FF6928A95555767EDB418F002710761F02480632A84200FF2816767EDB45761F02
:20DE70000248A842063200FF2825767EDB49D201761F026692251BA9060C68041BA909F438
:20DE800069063B10282508002910D201922A1BA9060C68041BA909F469063B10282A080094
:20DE90002910D201922B1BA9060C68041BA909F469063B10282B08002910D201922C1BA903
:20DEA000060C68041BA909F469063B10282C08002910D201922D1BA9060C68041BA909F43F
:20DEB00069063B10282D08002910D20192321BA9060C68041BA909F469063B10283208004C
:20DEC0002910D201FF69767ED8EF520169059A01767EDB7DD201767ED98E520269059A00E1
:20DED000767EDACDD101767ED99A520169059A00767EDADDD101767ED9DA520369059A0280
:20DEE000767EDB25D101767ED9EA520369059A02767EDB39D101767ED9DE520269059A0065
:20DEF000767EDB29D101767ED8C75200EC33767ED8C7520AEC2F767ED8C75214EC2B767E36
:20DF0000D8C75228EC27767ED8C7523CEC23767ED8C7525AEC1F767ED8C75278EC1B767E03
:20DF1000D8C75296EC17767ED8C752B4EC13767ED8C752D2EC0F767ED8C752F0EC0B767E5D
:20DF2000D8C71BA9FFFFEC0628A9FFFF767EDB2DD101767ED9A6520AEC51767ED9A652140C
:20DF3000EC4D767ED9A6521EEC49767ED9A65228EC45767ED9A65232EC41767ED9A6523C3D
:20DF4000EC3D767ED9A65246EC39767ED9A65250EC35767ED9A6525AEC31767ED9A65264CD
:20DF5000EC2D767ED9A6526EEC29767ED9A65278EC25767ED9A65282EC21767ED9A6528C5D
:20DF6000EC1D767ED9A65296EC19767ED9A652A0EC15767ED9A652AAEC11767ED9A652B4ED
:20DF7000EC0D767ED9A652BEEC09767ED9A652C8EC059A3C767EDAE9D101767ED8EF520135
:20DF8000EC17767ED9A2520AEC47767ED9A25214EC43767ED9A2521EEC3F767ED9A2522889
:20DF9000EC3B767ED9A25232EC379A326F32767ED9A2520AEC31767ED9A25214EC2D767EFD
:20DFA000D9A2521EEC29767ED9A25228EC25767ED9A25232EC21767ED9A2523CEC1D767E6D
:20DFB000D9A25246EC19767ED9A25250EC15767ED9A2525AEC11767ED9A25264EC0D767EFD
:20DFC000D9A2526EEC09767ED9A25278EC059A3C767EDAE5D101767ED9AA5200EC35767EAE
:20DFD000D9AA520AEC31767ED9AA5214EC2D767ED9AA521EEC29767ED9AA5228EC25767E4D
:20DFE000D9AA5232EC21767ED9AA523CEC1D767ED9AA5246EC19767ED9AA5250EC15767EDD
:20DFF000D9AA525AEC11767ED9AA5264EC0D767ED9AA526EEC09767ED9AA5278EC059A14B3
:20E00000767EDAEDD101761F027B92025278EC1B5250EC14523CEC0D5232EC06767ED9AAE6
:20E01000522866156F18767ED9AA523266106F13767ED9AA523C660B6F0E767ED9AA525075
:20E0200066066F09767ED9AA527869059A14767EDAEDD101767ED9A652C869059A3C767E4D
:20E03000DAE9D101767ED9E65200EC09767ED9E65201EC059A01767EDB35D101767ED97E8E
:20E04000520269059A00767EDABDD101767ED9865200EC09767ED9865201EC059A01767E47
:20E05000DAC5D101767ED9825200EC09767ED9825201EC059A01767EDAC1D101767ED9F25B
:20E060005200EC09767ED9F25201EC059A01767EDB61D101767ED9AE5200EC09767ED9AE7C
:20E070005201EC059A01767EDAF1D101767ED98A5200EC09767ED98A5201EC059A00767E59
:20E08000DAC9D101767ED9CA5200EC09767ED9CA5201EC059A01767EDB15D101767F18B63E
:20E09000520456C1010E767F18B65202EC7F767ED946526E6805767ED946528769059A73CB
:20E0A000767EDBD1D101767ED8DB52996605767ED8DB5278670B767ED9EA5201ED039A92E8
:20E0B0006F029A90767EDB5DD101767ED8D752996605767ED8D75278670B767ED9EA5201D5
:20E0C000ED039A8A6F029A88767EDB5DD101767ED9335282660D767ED93352696809767E34
:20E0D000D9EA52026709767ED9335269EC059A69767EDBC1D101767ED9625200EC0D767E2A
:20E0E000D96252916605767ED962527867059A87767EDB4DD101767ED9EA5202680E767EAE
:20E0F000D9425200EC12767ED9425287660A767ED942526968066F09767ED9425273EC05D8
:20E100009A73767EDBCDD101767ED952520056C1012E767ED95252876606767ED952526E8A
:20E11000FFE701259A78FFEF011F767ED94652DC6806767ED9461BA9010E69059AE6767E4C
:20E12000DBD1D101767ED8DB1BA9013B6605767ED8DB52FA670D767ED9EA5201ED0428A91C
:20E1300001246F0328A90120767EDB5DD101767ED8D71BA9013B6605767ED8D752FA670DD7
:20E14000767ED9EA5201ED0428A901146F0328A90110767EDB59D101767ED9331BA90104C7
:20E15000660D767ED93352D26809767ED9EA52026709767ED93352D2EC059AD2767EDBC11B
:20E16000D101767ED9625200EC0F767ED9621BA901226605767ED96252F0670628A9010E12
:20E17000767EDB4DD101767ED9EA5202680F767ED9425200EC13767ED9421BA9010E660A6D
:20E18000767ED94252D268066F09767ED94252E6EC059AE6767EDBCDD101767ED9525200CF
:20E1900056C100A5767ED9521BA9010E6606767ED95252DCFFE7009B9AF0FFEF0095767E86
:20E1A000D9461BA901B86806767ED9461BA9021C690628A901CC767EDBD1D101767ED8DB3A
:20E1B0001BA902626606767ED8DB1BA901E0670D767ED9EA5201ED0428A902486F0328A9A2
:20E1C0000240767EDB5DD101767ED8D71BA902626606767ED8D71BA901E0670D767ED9EA55
:20E1D0005201ED0428A902286F0328A90220767EDB59D101767ED9331BA90208660F767E5A
:20E1E000D9331BA901A4680A767ED9EA5202670B767ED9331BA901A4EC0628A901A4767EF6
:20E1F000DBC1D101767ED9625200EC10767ED9621BA902446606767ED9621BA901E067063E
:20E2000028A9021C767EDB4DD101767ED9EA52026810767ED9425200EC16767ED9421BA968
:20E21000021C660C767ED9421BA901A468076F0B767ED9421BA901CCEC0628A901CC767ED9
:20E22000DBCDD101767ED9525200EC10767ED9521BA9021C6606767ED9521BA901B8670681
:20E2300028A901E0767EDBDDD101767ED8CB761F027A54376608767ED8DB93A9767ED8CB83
:20E2400055A96907761F027A9237767EDB3DD101767ED8DB93A9767ED8D755A96706767EB3
:20E25000D8DB767EDB59D101767ED8B7520568059A00767EDAD1D101767ED9F6520169052B
:20E260009A00767EDB65D101767ED8D35200ED0928A90400767EDB519A00767EDB49D2019D
:20E27000767ED96E5200EC09767ED96E5201EC059A00767EDA99D201767ED9FA5200EC09AB
:20E28000767ED9FA5201EC059A00767EDB69D201767ED95A520169059A00767EDA9DD1010F
:20E29000767ED95E520169059A01767EDAA5D101767ED8F31BA90898EC10767ED8F31BA900
:20E2A00008FCEC0B767ED8F31BA90960EC0628A90898767EDB81D101767ED92B5201661130
:20E2B000767ED9EA5200ED05767ED92B5201EC09767ED9EA5203ED09767ED92B5201ED05D4
:20E2C0009A00767EDBB9D101767F18B65204EC1B767F18B65202EC0B767ED91B52A06605D7
:20E2D000767ED91B527D671E9A926F19767ED91B1BA9013B6605767ED91B52FA671328A96C
:20E2E00001246F0D767ED91B1BA902626606767ED91B1BA901E0670628A90248767EDBA974
:20E2F000D101767ED91F1BA9038469059A3C767EDBADD101767ED9231BA9038469059A78B8
:20E30000767EDBB1D101767ED92393A9767ED91F55A96707767ED923FFC0767EDBADD1012A
:20E31000767ED927525A69059A1E767EDBB5D101767ED8FB520169059A00767EDB89D10185
:20E32000767ED8FF5200EC05767ED8FF521F69059A01767EDB8DD101767ED9031BA9012C9B
:20E3300069059A1E767EDB91D101767ED8EB520169059A00767EDB79D101767ED8DF52014B
:20E34000ED059A01767EDB79D101767ED956520169059A00767EDBE1D101767ED94E525A4F
:20E3500069059A1E767EDBD9D101767ED94A520C69059A04767EDBD5D101767ED92F1BA956
:20E36000096069049A00767EDBBD92A25201ED03767EDCEF92A15201ED03767EDC8DFE8218
:20E3700086BE8BBE000658A992A8EC0A9CFF8F409A0088A992949695D801000EFFFD00065A
:20E380008F3F515488A954C4671FD0B35494691AB6009AB36F1093A995A7FFD058A893A64B
:20E390005594ED049A0194A000065594680392A06F0580A09B0195A727A854AB66ED92AB6E
:20E3A00000069AB400069A0000068F3F520888A954C4671FD0655494691AB6009A656F1098
:20E3B00093A995A7FFD058A893A65594ED049A0194A000065594680392A06F0580A09B0168
:20E3C00095A727A854AB66ED92AB00069A6600069A000006761F027A92150006761F027A28
:20E3D00092140006B2BD3B10FF69767EFA3959A9767EFA3554A16904767EFA3559A9291053
:20E3E00092A18BBEFF690006761F027B92310006761F027A92130006761F027A92040006EF
:20E3F000761F027A92030006761F027A921C0006761F027B92010006761F027A9202000646
:20E40000761F027A92160006761F027A920700063B10761F027A96152910FF6900063B1094
:20E41000761F027A96142910FF6900063B10761F027A96132910FF6900063B10761F027A82
:20E42000961C2910FF6900063B10761F027A96072910FF6900063B10761F027A963F973EDD
:20E430002910FF6900063B10761F027A96112910FF6900063B10761F027A960C2910FF69DC
:20E440000006761F024792155201EC20761F027A4626EE11761F02479B3CD5028F009E900D
:20E45000920A767F16C95201ED15761F027A1A2600400006761F02479B2DD5088F009E9010
:20E46000920A767F16B95201ED05761F027A1826FFBF0006B2BD761F024792155201EC4A67
:20E47000761F0247920B65069B0A00FF288C59A96F02D100761F027A4526EE0F9B14D5020B
:20E480008F009E8892A1767F16C95201ED13761F027A1A2600206F0E9B0FD5088F009E8843
:20E4900092A1767F16B95201ED05761F027A1826FFDF761F027A4E26EE0F9B32D5028F004E
:20E4A0009E8992A1767F16C95201ED18761F027A1A2640006F139B28D5088F009E8992A13A
:20E4B000767F16B95201ED0A761F027A1826BFFF6F05761F027A1826BFDF8BBE0006767E8D
:20E4C000E3E4761F027A4726EE0E9B28D5028F009E8D767F16C95201ED12761F027A1A2630
:20E4D00000806F0D9B23D5088F009E8D767F16B95201ED05761F027A1826FF7F761F027AF4
:20E4E00092255201EC0F767EE3D29B37D5028F009E86767F16C9761F027A520156B10125AD
:20E4F0000006767EE3D29B2DD5088F009E86767F16B95201ED04761F027A2B250006B2BD27
:20E50000767EEC80761F027A59A94226EE0E9B50D5058F009EA7767F16C95201ED12761FD0
:20E51000027A1A2600076F0D9B46D5148F009EA7767F16B95201ED05761F027A1826FFFBBC
:20E52000761F027A4126EE0F9B3CD5058F009EA392A1767F16C95201ED13761F027A1A263A
:20E5300000036F0E9B32D5148F009EA392A1767F16B95201ED05761F027A1826FFFD761FA9
:20E54000027A4026EE0F9B1ED5058F009EAD92A1767F16C95201ED13761F027A1A260001C3
:20E550006F0E9B14D5148F009EAD92A1767F16B95201ED05761F027A1826FFFE3B01761F63
:20E560000278850B761F027AFF564F26EE0FD5C88F009EB228A8015E767F16C95201ED13E7
:20E57000761F027A1A2680006F0ED5C88F009EB228A8012C767F16B95201ED05761F027AAA
:20E5800018267FFF761F027692215203EC0B761F027A1826FFF82B2D2B232B3218267FFFAE
:20E590002B278BBE0006767F101D761F027A4926EE0FD5028F009E9A28A806A4767F16B94F
:20E5A0005201ED13761F027A1A2602006F0ED5088F009E9A28A80708767F16C95201ED059C
:20E5B000761F027A1826FDFF761F027692215202EC0C5204EC0A5205EC085206EC06761F7E
:20E5C000027A1826FDFF2B1A0006761F027692215204ED0F761F027A923A520269070A205D
:20E5D0009220521956B6023A000656BF023A6F05761F027A56BF043A2B200006B2BD761F42
:20E5E000027692215204ED49761F0247922F5201ED04767EF6516F03767EF641761F027A98
:20E5F00059A94326EE0E9B0AD5028F009E9B767F16C95201ED12761F027A1A2600086F0D65
:20E600009B07D5088F009E9B767F16B95201ED05761F027A1826FFF7761F027A4426EE0FED
:20E610009B14D5028F009E8A92A1767F16C95201ED1A761F027A1A2600186F159B0FD508D8
:20E620008F009E8A92A1767F16B95201ED0C761F027A1826FFEF6F07761F027A2B1B182698
:20E63000FFE72B0A8BBE0006761F027A923F0006761F0248922956C000EA761F027692211E
:20E640005201EC6D5200EC5B767F0DC65200ED51761F027ACC2600049326FFC1FFDECBA94C
:20E65000ED3D923D5203673A767EFA4952026736767EFA5E52026732761F027A4126EE2ACA
:20E66000923D52026727767EFA495200ED23767EFA5E5200ED1F761F027A92269001CA3D45
:20E67000ED0F767EFA495200ED0B767EFA5E5200ED07761F027A2B392B242B2B6F09761F54
:20E68000027A56BF323956BF012456BF012B2B3C6F26761F027A2B3C6F05761F027A56BFF5
:20E69000013C56BF643956BF012456BF012B6F17761F027A2B392B242B2B6F11761F027ACF
:20E6A00056BF1E0556BF1E0156BF1E0056BF1E392B3C56BF012456BF012B6F0A761F027AE3
:20E6B0009239540067050A3B923B5232690492392B3B9600761F02489205EC0B761F0248A9
:20E6C0009203EC555201EC2D5202EC245203EC1D761F027A92245201ED06922B5201EC2A03
:20E6D0005200EC0E9224ED49922B5201ED46761F02762B36761F027656BF012F6F44761FA7
:20E6E000027656BF01366F3C761F027A56BF64006F05761F027A56BF320056BF013C6F068E
:20E6F000761F027A56BF1E002B3C56BF012456BF012B761F027656BF012F761F027A0A2E49
:20E70000761F01BF4301EE08761F027A922E520356B7032E6F07761F027A922E520956B757
:20E71000092E761F027656B701366F10761F027A2B002B3C2B242B2B761F02762B36761F97
:20E7200002762B2F761F027A2B2E761F027A923CED088F006FC049CCEF1C1AEC02006F195B
:20E73000761F01BF4901EE15767F24E09A019B34D40FD504767F23FA28A97FFF767F26B2DA
:20E740005200ECFB767F24F0761F01BF1A030200761F027A920054016812540169209224FD
:20E750005201ED08922B5201ED05761F02769236EC17761F027A0801000A6F0F767F0DC61D
:20E760005200ED039A056F029A01761F027A0A29542966069A0A7401920196052B29761F4F
:20E7700002769218ED049A01767EC303761F027A9205526467072D05761F01A3352D9609E9
:20E780006F05761F01A328091193761F027ABE1E92059C0F0EA9F60F1FA69B03767EE42BA6
:20E79000920596030006761F027692365201ED0A761F027A4A26EE061A2604000A1E1826F5
:20E7A000F7FF5200ED0A761F027A4B26EE061A2608000A1E1826FBFF761F0276922F5201DB
:20E7B000ED0A761F027A4C26EE061A2610000A191826DFFF5200ED0A761F027A4D26EE068B
:20E7C0001A2620000A191826EFFF0006761F02769236ED09767EFE394AA9EE1D761F027A7F
:20E7D0002B1C6F19761F027A921C5201EC0B921E520867100A2892285210680D56BF011CDB
:20E7E0006F09921E520A69060A289228520568032B1C2B28761F027A2B1E761F0276922FB6
:20E7F000ED09767EFE394AA9EE27761F027A2B186F23761F027A92185201EC0F92195208EC
:20E800006718761F027B0A03920352106815761F027A56BF01186F0D9219520A690A761F1C
:20E81000027B0A03920352056807761F027A2B18761F027B2B03761F027A921C2B19520119
:20E82000EC0492185201ED16FF200400767EFE4F761F027692215204EC115203EC0F5205CA
:20E83000EC0D9A13767EFE579A019B01767F26DE0006FF200400767F00A40006767ED98E86
:20E840005200ED0A767F18F35201EC16767F18D85201ED096F11761F027A920F5201EC0C6F
:20E850005200EC05767EF63D520DED0A761F01BF1A0C04000006761F01BF1A0A04000006E0
:20E86000B2BDFE02761F027692215203ED31767ED9EA5202EC2D767ED9EA5203EC29767EBD
:20E87000EC6C52326714767F18B62DA935D7FFC0767F1914767F18B62DA935EBFFC0767F3E
:20E88000193E767F18B62DA935736F2D767F18B62DA93569767F1914767F18B62DA93573AA
:20E89000767F193E767F18B62DA9356E6F1C767ED933767F1914767F18B62DA9350A1E42FB
:20E8A000767ED93393A9924294A8767F193E767F18B62DA935051E42767ED93393A992427D
:20E8B00094A89642767F1937767ED8DB761F027A962A767ED8D7761F027A962C761F023832
:20E8C0009237EC33592F767F18BA93A155A9690492A1767F1914761F0238922D761F027A6E
:20E8D000542A562A042A761F0238922E761F027A542C562A042C767F18B62DA9350A1E42F4
:20E8E000767F18BA93A9924294A8767F193E767F18B62DA935051E42767F18BA93A99242AF
:20E8F00094A89642767F1937FE828BBE0006B2BDAABD5AA9767ED9625200EC13767ED8DBE0
:20E90000761F027A9CFB960C767ED962761F027A540C670B767ED962761F027A960C6F0545
:20E91000761F027A280C03E8767F18C659A9767ED94693A155A96904767F18C66F03767EF7
:20E92000D94627A9761F02479B0A920200FF288C761F0254543367029233761F027A930FCB
:20E93000ED20761F02548F009EB393AB5DA29233767F16B95201EC05767F18F35201ED277E
:20E94000761F027A56BF010F2B33767EF63D9B0A00FF291C5203ED1B9A0A767EF6676F173B
:20E95000930C8F009EB35DA2767F16C95201ED04761F027A2B0F767EF63D9B0A00FF291CB6
:20E960005203ED05761F027A2B0F2B33767ED98E5202ED0B761F027692215203ED06761F63
:20E97000027A920F960B6F04761F027A2B0B86BE8BBE0006B2BD59A9767F18CA5201ED12E2
:20E98000767F18D0761F02545DA18F009E97933C767F16C95201ED06761F027A2B17767FBC
:20E9900019528BBE0006767F18D0761F0254D419932C767F18FB5201ED040240767EFE4F6A
:20E9A000767EFE3946A9EE0B761F02769221EC335206EC31761F02762B290006761F02767C
:20E9B0009221EC0E5206EC0C767F136E5200ED089A1B767EFE579A019B01767F26DE767F6A
:20E9C00018D0761F0254543C6813761F027A0A1D921D529668102B1D0240767F00A4767EFB
:20E9D000FE35521BED089A00767EFE570006761F027A2B1D0006B2BD761F027692215204C5
:20E9E000EC035205ED09767EBBF85202EC40767EBBF85209EC3C767F18BA9B0295A959A8E7
:20E9F000767F18D093A155A9666F767F18B65201EC21767F18B65202EC11767F18B65204D3
:20EA0000ED23767F18BA59A9767F18D02DA992A174AC35059CF6FFC16F17767F18BA59A93C
:20EA1000767F18D02DA992A174AC35059CF6FFC06F0B767F18BA59A9767F18D02DA992A12C
:20EA200074AC35059CF65264663D6F3F767F18C659A9767F18D093A155A96636767ED8D7C0
:20EA30009CFE59A9767F18D093A155A96705767EF64152056827767F18B65201EC19767F8E
:20EA400018B65202EC0D767F18B65204ED17767F18D02DA9350508A9F704FFC16F0F767FB2
:20EA500018D02DA9350508A9FB82FFC06F07767F18D02DA9350508A9FDC1525F69069A5FD6
:20EA60006F049A646F029A00761F027A96028BBE0006767ED9825201ED10767EC24D52002E
:20EA7000EC0F767EC24D5203660B767EFE39761F027B02001E0800069A00767EC6CF00062E
:20EA8000767F104F5200ED23767F106C5200ED1F767F10315200ED1B761F027A9221EC0BA6
:20EA90000A1F921F521469072B1F2B21761F01BF1A050001761F027A0A221B22026C691347
:20EAA0002B228F006FC040CCEE0E6F0B761F027A8F006FC02B1F56BF01212B2240CCEE032F
:20EAB0001ADC00010006B2BD767ED9565200EC42761F027B9201ED29767ED95259A9767F66
:20EAC00018D093A155A969060200761F027B1E046F060201761F027B56010004767ED94E77
:20EAD000761F027B88A9FF2841EB1EAC564400A60F04662D02008F08000056BF01011E040E
:20EAE000A8A9767EFE4F6F23020156010006767ED94A8F02BF20761F027B0EA9A8AC564454
:20EAF00000A90F066905767F18D85200EC1002006F050200761F027B1E04761F027B8F0852
:20EB000000001E062B01A8A9767F00A48BBE0006B2BDAABDFE02767F1AB3767EFB9A767E57
:20EB1000FB259A00767EC303D100D200767F104F5200ED14767F106C5200ED10767F103131
:20EB20005200ED0C761F01BF1A0500016F07DA011BA2EA6069032B24D2009A00767F26B2C9
:20EB300040A9EFFC767F0803767F1ABC767F070C767EE416767F05AD767EE408767F05CFE0
:20EB4000767EE40F767EE3E8767EE3A5767EFB6B761F027B9214ED07767EE3CA767EE38095
:20EB5000767EFB64767EF891767EF6969A96767F19C8767EE8609A96767F19579A0A9B013E
:20EB6000767F1A3B767F18B65204EC05767ED8CB9CFB6F04767ED8CB9CF6767F1922767E53
:20EB700080025201ED21767F18B62DA9350A1E42767ED8DB7242767ED8CB934255A966043B
:20EB8000767ED8CB6F0C767F18B62DA9350A1E42767ED8DB93A9924294A89642767F191B37
:20EB900028A901F46F06767ED8CB767F191B9A96767F1A1C9A96767EE8F79A96767EE97A85
:20EBA000767EE993767F1A65767EE9DB767F18F35201EC050220767F00A46F040220767E31
:20EBB000FE4F767F18EA5201EC0D767EFE355211ED14761F02769221ED109A00767EFE578A
:20EBC0006F0C9A11767EFE57761F02769221EC059A019B01767F26DE9A32767EFADC9A3283
:20EBD000767EFA96767EFB729A96767EFD689A96767EFC579AFA767EFCDE9A96767EFBA31C
:20EBE000767EFA565201EC06FF200100767F00A46F0C9A12767EFE57FF200100767EFE4F02
:20EBF0009A019B01767F26DE767EFBF15201ED089A20767EFE579A019B01767F26DED901A0
:20EC000092A15219670C520AED17767EE4FF767EE4BF767EE593767EE6386F0E767EE5DE63
:20EC1000767EE46A767EE441767EEA69767EFB25767EEA80D100767EE83E767EEAB3767E60
:20EC2000E5C5761F0276922456C0FF03FFEFFF06761F027B0A00761F027A923E761F027B4D
:20EC3000540066022B00761F027A923F761F027B54006606761F01BF1A0400400006761FDB
:20EC400001BF1A0200400006761F027892330006761F027892010006761F02789204000665
:20EC5000761F027892160006761F027992040006761F027892370006761F027992030006B2
:20EC6000761F027992020006761F027892380006761F027992010006761F02789235000686
:20EC7000761F027892250006761F0278920E0006761F027892210006761F02789210000684
:20EC8000761F027592110006761F0278920C0006761F027892080006761F027892070006AF
:20EC9000761F027892300006761F027892090006761F0278920A0006761F0278920B00067A
:20ECA000761F027892060006761F0278920200062DA88F0003E837A90200F61F561700A4A7
:20ECB000A9A90006761F027906120006761F027906140006761F0279060E0006761F027954
:20ECC0000610000688A852003B0188A656B400A987A6BE6485A9566500A90200F61F561714
:20ECD00000A6A9A900063B01761F02758536761F0275FF5685A90F2E6702062E0006761F1F
:20ECE0000275062C0006761F027506300006761F027906060006761F027906080006761F42
:20ECF000027506360006761F0275062E0006761F0279060A0006761F027506340006761FFE
:20ED0000027892000006761F027892050006761F027892030006761F0278922EED15761F25
:20ED100001BF4708EE28761F02780A2F922F521968259A012B2F56BF012E767EC8AB9A2063
:20ED2000767F02C16F10761F01BF4708EF14761F02780A2F922F521968119A002B2F2B2EBB
:20ED3000767EC8AB767ED9E6761F0278520156B101320006761F02782B2F00063B10761FB8
:20ED4000027896332910FF6900063B10761F027896012910FF6900063B10761F027896043D
:20ED50002910FF6900063B10761F027896162910FF6900063B10761F02751E2C2910FF690D
:20ED600000063B10761F02751E302910FF6900063B10761F027996042910FF6900063B105A
:20ED7000761F027896372910FF6900063B10761F027996032910FF6900063B10761F02790A
:20ED800096022910FF6900063B10761F027896382910FF6900063B10761F0279960129103A
:20ED9000FF6900063B10761F027896352910FF690006761F0278962500063B10761F0278FF
:20EDA000960E2910FF6900063B10761F02791E122910FF6900063B10761F02791E0629101E
:20EDB000FF6900063B10761F02791E142910FF690006761F0278962100063B10761F02787B
:20EDC00096102910FF6900063B10761F02791E0E2910FF6900063B10761F02791E082910FE
:20EDD000FF6900063B10761F02791E102910FF6900063B10761F02751E362910FF69000633
:20EDE0003B10761F02751E2E2910FF6900063B10761F0278962D2910FF6900063B10761F25
:20EDF00002791E0A2910FF6900063B10761F027896002910FF6900063B10761F0278960C26
:20EE00002910FF6900063B10761F027896082910FF6900063B10761F027896302910FF69EB
:20EE100000063B10761F027896052910FF6900063B10761F027896032910FF6900062DA9D0
:20EE20003B10761F01A28F006880D00B2B0B311ACC94FFEF5020960BDC0FCC0BFF7F50404D
:20EE3000960B28A90A289EAB18C4FFFC9609761F027821022910FF6900063B10761F02752F
:20EE40001E342910FF690006761F027693215303EC07761F0278541B2B1EED1B6F1B761FC1
:20EE500002780A1E931E530868152B1E761F027B93A92D153114761F02789FAB88A8971B1E
:20EE600054A664079BC895A654A865049BC89EA8961B921B0006761F027692215203EC1507
:20EE70005202ED06761F027692345207EC30761F02789A002B39767EC1909A00767F090CFD
:20EE80009A00767F0DD30006767EC19E5201ED15767EBBF85207EC08761F02769210ED04C1
:20EE90009A07767EBBFC767ED8F3767EEE44D4019B03767F0E4F0006767ED8F39B0A00FF03
:20EEA000288C9B05767EF2B7767EC190000688A992A893A654A8562B08A90006767EEC78E6
:20EEB00088A9767EEC7093A992A6767EEEA793A9767EEC6C767EEEA793A953C866405396CD
:20EEC00066305364662492145201EC101B2A041A6903282A041A1B3D02266903283D0226AE
:20EED000923E521456B6143E6F0E922A52342B1456B6342A923D523456B6343D923E52042E
:20EEE00056B6043E922AEC090B2A6F071B2A4E2056BF011467020A2A923DEC0D0B3D6F0B64
:20EEF0001B3D4E2056BF011467020A3D1B2A4E2067020A2A923EEC110B3E6F0F1B3E4E20B7
:20EF000056BF011467020A3E1B3D4E2067020A3D1B2A4E2067020A2A9B00922A56B001A84A
:20EF10009722761F02769221EC23761F0278923E521467121B3D0226670F1B2A041A660CD0
:20EF20001B3D01F467041B2A03E86912761F02761A2240006F0D9A0D767EFE57761F02786A
:20EF30009A019B012B3D2B2A2B3E767F26DE761F0278922A5232660E520567130280767F60
:20EF400000A4761F02782B22761F02761822BFFF6F080280767EFE4F761F027856BF01222B
:20EF5000767EC2515200EC17767EC25152036613767EFE3947A9EE0C761F02780A1A1B1AF3
:20EF6000EA6069099A002B1A767EC6C80006761F02782B1A0006B2BDFE02761F027659A996
:20EF700092215203EC035204ED31767EC19E5200EC2D761F027892A10A1F7220921F520553
:20EF8000692B0E20F60F1F1F96201BA901F46703282001F4767ED8F3761F027888203B01A4
:20EF900056030AA9C24200FF281659A9767ED8F3761F027888202DA112A9C24200FF2816D2
:20EFA000933A95A9FFB0973A6F05761F0278283A04002B202B1FFE828BBE0006FE02767F84
:20EFB00018D0761F02612DA93B01361C761F0257FF4752FA56B4FAA985A91E423400050009
:20EFC00000FF28161BA904B062071BA90258630628A902586F0328A904B0767EF30AFE82F9
:20EFD0000006B2BDAABDA2BD767F10725200ED1E767F108A5200ED1A767F077D5AA9767FB9
:20EFE000077D59A9767F082382A4767F07BA93A9767EEC488AA35DA992A1767F0F35767E98
:20EFF000EC4C93A2767F0EDC6F03767F0FFF761F02569A32933D767F0CB4767EF31182BECA
:20F0000086BE8BBE0006761F027692215203ED11761F027892235201EC0A9224EC0E0A1D66
:20F01000921D5202690A0B242B1D00060A246F04761F02782B242B230006761F02769221DA
:20F020005204EC035205ED30767F101D1BA90384682B767F101D1BA906A46726767F101DD8
:20F0300028AC06A4761F02788F00064074AC02003726F61F561700A492269EAB9628767F05
:20F04000101D28AC06A4761F02788F00064074AC56BF011502003729F61F561700A4922993
:20F050009EAB96330006761F027892299633922696282B150006B2BDAABDA2BD767F0F9769
:20F06000767F1FBD9A19767F0DCC9AFA767F0DE89A46767F0DE19A19767F0DEF9A00767FCA
:20F0700026B259A942A156CC00D9767F06F9767F0EAD9A00767F0E9B767F073F767EEE0AC5
:20F08000767F072C767F0EB5767F0677767F1EF6767F0651767EED53767F0CDC767EEF6B6A
:20F09000767F06E6767F0EED767F06D3767F1FC6767F08ED767EEDD2767F08AF767EEDB20B
:20F0A000767F08CE767EEDD9767EECBE1EA6767EECB607A6767EEE3D767F086D767EED615B
:20F0B000767F0D005AA9767F1E9593A992A2767EECC2767EEDCB767F0D005BA9767F0CE4EA
:20F0C0009EA35AA9767F1EB193A992A2767EECC2767EEDAB767EECEB1EA6767EECE707A687
:20F0D000767EEDE0767F0CE45AA9767F1E9993A992A2767EECA8767EED5A761F02789233C4
:20F0E0009328767F1FCA767EECBE88A9767EECEB93A992A6767F1FF6767EEDB9767EECB62F
:20F0F00088A9767EECE793A992A6767F1FF6767EED99767EEFAE761F02789239ED089A0412
:20F10000767F0DA45201ED03767F1FBD761F02769221ED15767F0631767F092C767F06130F
:20F11000767F091A767F0688767F0921767F05EF767F0913767F06B7767F0928767F1EB987
:20F120009B05767F0D7B5200EC089A0F767EFE579A019B01767F26DE9A32767F0D5E5201CB
:20F13000ED089A0E767EFE579A019B01767F26DE9A64767F0D3C5201ED089A18767EFE572A
:20F140009A019B01767F26DE9A329BFA767F0E6B767EEE6B767EEFD141A1EF09767F07C217
:20F15000767F0FE9767F0EF9767EF00340A156CCFF17767EF01D761F027692215203EC1E96
:20F16000761F0275920752026836761F0275920652026831767F1E91767EED92767F1EC875
:20F17000767EED76767F1ECC767EED8B767F1ED8767EEDBD767F1ED06F2B761F0275921326
:20F1800052026819761F0275921452026814767EEC80767EED92767EECFB767EED76767E1F
:20F19000ECF3767EED8B767EECBE767EEDBD767EECB66F0E9A00767EED929A00767EED76C7
:20F1A0009A00767EED8B9A00767EEDBD9A00767EED9D761F027692215203EC05761F01BF9E
:20F1B0004301EE0A761F02752B03761F02752B05761F02752B02761F0276CC21FFFDEC086A
:20F1C00092215207EC05761F01BF4301EE169A00767EED689A00767EED7D9A00767EED76C9
:20F1D0009A00767EED8B9A00767EED929A00767EEDBD9A00767EED9D767EEEAE767EED0B40
:20F1E000FFEFFE8E761F025692030006761F025692020006761F025592030006761F025513
:20F1F00092120006761F0256921C0006761F025592100006761F025692240006761F025789
:20F2000092070006761F025692300006761F025792060006761F0256922E0006761F02576D
:20F2100006300006761F025692250006761F025792360006761F025592220006761F027887
:20F2200092060006761F0257920000069A000006761F025592090006761F0256922D0006CB
:20F23000761F025692130006761F0255921E0006761F025692060006761F02559202000673
:20F24000761F025792000006761F025592330006761F025706220006761F02569239000697
:20F25000761F0257921A0006761F0257061E0006761F0255921D0006761F0257923400068B
:20F26000761F0255921F0006761F025792240006761F025892040006761F0257921200061E
:20F27000761F0255923E0006761F025592190006761F025892060006761F025792160006F6
:20F28000761F0257921C0006761F0256921D0006761F0256922B0006761F025592210006D5
:20F29000761F025592310006761F0255921A0006761F0256922C0006761F025592270006AF
:20F2A000761F025592340006761F025592320006761F025692100006761F0257923800068D
:20F2B000767EF6450006761F0258060A000688A828AC2D40290130A9761F027CFF4780A90E
:20F2C00030A6FF4793A79FA9550F690A761F027C931A95A9761F027C9A00970F00069A01C7
:20F2D0007F0F00063B10761F025596032910FF6900063B10761F025596102910FF6900068F
:20F2E0003B10761F025796062910FF6900063B10761F0256962E2910FF6900063B10761F0F
:20F2F000027896062910FF6900063B10761F025796002910FF6900063B10761F0256962DD0
:20F300002910FF6900063B10761F025696132910FF6900063B10761F0255961E2910FF6932
:20F3100000063B10761F025796002910FF6900063B10761F025596332910FF6900063B106F
:20F32000761F02571E222910FF6900063B10761F02571E1E2910FF6900063B10761F0256A4
:20F33000962B2910FF6900063B10761F025596212910FF6900063B10761F02559631291089
:20F34000FF6900063B10761F0256962C2910FF6900063B10761F025596272910FF69000603
:20F350003B10761F025596342910FF6900063B10761F025596322910FF69000628A909274E
:20F36000767EF3118F3F0933761F0256283D0180761F025556BF602D28A93A98761F025799
:20F3700056BFC004761F0255282E0120761F0258A8028F3F0994A808767F0E12000628A9A1
:20F380000927767EF3118F3F0933761F0256283D0180761F025556BF602D28A94650761FDE
:20F39000025756BFC004761F0255282E0120761F0258A8028F3F0994A808767F0E120006F9
:20F3A000761F02560A059205520A68061B1E076C2B0563020A1E1B1E076C6503281E076CBA
:20F3B0003B01761F0260853D761F02588A02761F0256560100A42DC4121EFF4D962F9628F5
:20F3C000761F025793009DFE761F025655A9562B042892A8FF5C93A95528562B02289228C6
:20F3D0006340FF5C8F006840D00996299627761F01A0969456BF0109761F025793009DFFF7
:20F3E00055A96213761F02569208ED0DD00E761F01A1CC94FFFC5001960ECC0EFFFB500888
:20F3F000960E6F0D2B086F05761F025656BF0208761F01A1180EFFFC180EFFF3761F0256CD
:20F40000920C5201ED0B761F01A0CC0EFFFE5002960ECC0EFFF750046F4456BF010C6F4454
:20F41000932897278F006840D009761F025792009EA8969492009CFF761F01A09609761FCC
:20F42000025792009CFF54A86215761F025692085201ED0DD00E761F01A1CC94FFFE50023B
:20F43000960ECC0EFFF75004960E6F0E56BF01086F05761F025656BF0208761F01A1180ED8
:20F44000FFFC180EFFF3761F0256920CED0C761F01A0CC0EFFFC5001960ECC0EFFFB5008E9
:20F45000960E00062B0C761F01A0180EFFFC180EFFF30006761F0275923D5202EC265203B0
:20F46000EC245205EC225206EC205208EC1E520DEC1C5212EC1A761F02562833283928327B
:20F47000083828342E042836087528352591761F025556BF0321761F0256282E012C761F96
:20F48000025556BFB4106F19761F0256283326B8283206B528342ED128360D27283521AA64
:20F49000761F025556BF0621761F0256282E0112761F025556BFB210761F02568F001D4042
:20F4A00056BF322B282A1E7B28311E5428383CF628371CF62B39283B100056BF073A9A005A
:20F4B0003B01761F0257A822A820761F02569629962796289A00761F0255961F761F025730
:20F4C00085A91E261E24761F02581E04761F02571E181E161E1C02001E2E1E28761F025555
:20F4D000281E039C961D9620761F027C9A00961A761F027C960F761F02552824021C282318
:20F4E000021C761F025756BF1706761F02569A002B2D2B2C761F0255282707D02B032B012C
:20F4F00028130640282AF9C056BFC50B56BF1D0A9602960056BF403200060006761F027285
:20F500008824761F02567E28761F0247922F5201EC2D761F02579200FFA03B01761F025659
:20F510008F006840D00A54A68F406800562A0428FF5C5428562A02288528761F0257FF567C
:20F520009300761F02569FA997279794D00A761F01A19795D00ECC94FFFCD00E5001960ED1
:20F53000CC95FFFC5001FFEF00A0761F02573B01340003CD761F0256FF4954A6562A042877
:20F54000FF5C5428562A0228761F0260853D761F02588A02761F0256560100A42DC41228E3
:20F55000761F0261FF4D9328643D5200761F025656B400A98F006840D00A9627761F02574D
:20F5600093009FA992009794761F01A09CFF9609761F025692085201ED0BD00E761F01A19C
:20F57000CC94FFFC5001960E180EFFF36F0D56BF0108761F01A1CC0EFFFC5001960ECC0E9E
:20F58000FFF75004960E761F0256920C5201ED07761F01A0CC0EFFFE50026F4256BF010C79
:20F590006F3A5200761F025656B200A98F006840D00985A9FF569627761F025793009FA9A9
:20F5A00092009794761F01A09CFF9609761F02569208ED05DC0E18C4FFFC6F082B08761FA5
:20F5B00001A1CC0EFFFC5001960E761F01A1CC0EFFF75004960E761F0256920CED0B761FB8
:20F5C00001A0CC0EFFFC5001960ECC0EFFFB50086F0B2B0C761F01A0CC0EFFFC5001960EE3
:20F5D000CC0EFFF75004761F01A0960E0006761F025556BF01172B1A0200761F02573B018D
:20F5E0001E14761F02581E06761F02569A009629962796289A00761F0255961F761F0257DC
:20F5F00085A91E261E24761F02581E04761F02571E181E161E1C02001E2E1E28761F025524
:20F60000961D9620761F025656BF020C56BF02089A00761F02552B0196029600761F025784
:20F6100002001E301E1E761F025656BF01192B16761F02722B20761F02722B24761F02723C
:20F620002B1F761F02472B2F761F02562B1E00060200761F02571E121E0E761F0256282685
:20F630000320761F02571E361E3A761F02552B370006761F027292290006761F0272922B19
:20F640000006761F027292270006761F025592240006761F027292250006761F02729226AD
:20F650000006761F027292280006761F0272922C00063B10761F0272962C2910FF69000641
:20F660003B10761F027296292910FF6900063B10761F0272962B2910FF6900063B10761F34
:20F670000272962D2910FF6900063B10761F025596242910FF6900063B10761F02729625F5
:20F680002910FF6900063B10761F027296262910FF690006761F0272962800062DA9761FD4
:20F6900002722901362DFF4A96270006B2BDFE02761F027692215204ED61767EBBF852027F
:20F6A000EC05767EBBF85209ED59767EECEFFF58622A767EECEF3B0185A9FF5659A9767FDA
:20F6B00018D0FFC0761F027A8F0186A080A9A8AC88350EA1566500A90200F61F561700A655
:20F6C000A9A90DA78BA9767F18D088A9B2AB0200F61F561700A692AB767EF68A9A00767E1C
:20F6D000F68E6F1F767EECEF3B0185A9FF5659A9767F18D0761F027A2DA10EA98F0003E88B
:20F6E0001EA637350200F61F561700A60200F61F561700A492AB767EF68E9A00767EF68AC5
:20F6F000767EF2541EA6FF20012C0FA662039A016F029A00767E81F66F0C9A00767EF68EF8
:20F700009A00767EF68A9A00767E81F6767EF628761F027692215203EC24761F0247922F00
:20F710005201EC0F761F02722B339B0A761F0247920300FF288C93A9767EF64194A86F4502
:20F72000767EF6512DA9350A9633767EF6519B0A27A9761F0247920300FF288C9EAB6F35ED
:20F73000767EEC5C5200620C767EECFBFF586205761F02722B336F1A767EECFB6F05767EF1
:20F74000EC5C3B0185A9761F027A883687A6566500A9A9A1767F18D0761F027288A9B2ABD9
:20F750000200F61F561700A63F33761F024792039B0A761F02729E3300FF288C962F761FFE
:20F7600002479303EC059CFD761F0272962F761F024852002B0E6409761F02721B2F020026
:20F77000650E282F01FF6F0B761F0272922F761F0248FF5C960E761F02722B2F761F02761D
:20F780009221520456C000EB767EBBF85202EC06767EBBF8520956C000E2761F0247922FD9
:20F790005201EC60761F02722B1F767EF64559A9767F18D09EA16513520A624052066404E4
:20F7A00028A9FFF66F085202650428A9FFFE6F0328A9FFFF761F027272206F26767EF641E5
:20F7B000761F027E9E1164195206631152026209761F02729A050B20761F025674266F1490
:20F7C0009A05761F027274209A416FF79A0A761F027274209A786FF1761F02720A20761F31
:20F7D000025608260005761F0272922064071B2001F46507282001F46F04761F02722B20C8
:20F7E000761F02569226640B761F02559236761F02565426562A0426FFEF00872B26FFEF7C
:20F7F0000084761F02722B20767E80415201EC52767EF6519B0395A955316607767EF65196
:20F800005431671C0B316F1A767EF6515205690F767EF651520A6909767EF651521E6903F1
:20F810009A056F079A196F059A646F0328A901F40A30543066032B300A31761F0247923207
:20F82000761F0272543168059231ED042B316F029631767F18D0761F024793319FA9620A52
:20F83000767EF6519E3164315206632C520265266F275306640428A9FFF66F085302650401
:20F8400028A9FFFE6F0328A9FFFF761F027272206F1D761F02479232761F027254316605D7
:20F850005431562A08316F020A31767EF6519E31640C52066307520262030B1F6F079A057A
:20F860006F029A0A741F6F020A1F921F640C1B1F03B6650A281F03B66F07761F02722B20F9
:20F870002B312B302B1F761F0247922F5201ED08761F02572D00761F0272121F6F07761F30
:20F8800002572D00761F027212208F0003E8A84200FF28163B1096242910FE828BBEFF6997
:20F890000006B2BDAABD767E80025201ED09767ED9A652786605767ED9A659A96F02D178E6
:20F8A000767E80025201ED05767EBBF85202EC0A767E80025201EC04767ED9AA6F150EA139
:20F8B0006F14767ED9AA93A195A95AA8767ED9A693A255A96607767ED9AA93A195A90EA818
:20F8C0006F04767ED9A60EA9BE05F60F1FA6761F0272520256B802A9542F650B767F18D018
:20F8D000761F027A542C761F027256B6013966022B39767EF6555200ED10767F18B6761F86
:20F8E000027A2DA93103922A9EAB59A9767F18D093A155A967146F17767EF6555201ED17D5
:20F8F000767F18B6761F027A2DA93103922C9EAB59A9767F18D093A155A96805761F02728C
:20F900002B326F05761F027256BF0132761F02389234ED1D9236ED12767E80025200ED1793
:20F91000767EBBF85202ED0A767EBBF85202ED0F761F0276923F5201ED0A9A0A767EF667D1
:20F920009A00767EF6592B2EFFEF00A3767EF63D520CEC7E767EF63D520DEC52767EF63D26
:20F93000520BEC450A2E922E9CFF52FA672E767F18D059A9767F18B62DA9D5648F009C9E3B
:20F94000357D93A992A1767F16C95201EC12767F18D059A9767F18B62DA9D5648F009CA1E4
:20F95000357D93A992A1767F16B95200EC716F0E761F02729A0B2B382B3B767EF667767ECA
:20F96000D9DE5202EC0E6F0F2B2E761F02729A0B2B382B3B767EF667767ED9DE5201EC03F6
:20F970009A006F029A01767EF6596F5292325201ED4F767EF6555200ED469A0C6F26767F86
:20F9800018B6761F027A2DA9310A922C9EAB59A9767F18D093A155A9660F767F18B62DA951
:20F9900035788BA9767F18D093A155A96605761F02722B3B6F2D761F02720A3B923B523252
:20F9A00069272B3B2B2E9A0A767EF6676F212B3B767ED8C71BA9FFFFED06761F02729239F1
:20F9B0005201EC0C767ED8C71BA9FFFFEC0E767ED8C7761F0272543767080A381B3805DC91
:20F9C00069072B389A0D6FE1761F02722B38767EF63D9B0A00FF291C5201EC305202EC2E04
:20F9D0005203EC18767EBBF85202ED09761F0276923F5201ED04767F18C66F23767F18D069
:20F9E0009CFF767EF675767EF645761F025696096F1A767EF645761F027A542C650D761F02
:20F9F00002729222520568062B22767EF6459CFF6F080A226F08922C6F04761F027A922ADB
:20FA0000767EF675761F02720A239223521969162B23767F18D0761F02565409660B3B1081
:20FA1000FF69767F18D09B05761F025695A997096F043B10080900052910FF69767EF64582
:20FA2000761F0256540963093B10FF69767EF645761F02569609291086BE8BBEFF6900066E
:20FA3000761F02722B272B280006761F027B921A0006761F027B92310006761F027BCC186D
:20FA40000004FFC10006761F027BCC182000FFCC0006761F027B921900063B10761F027BD5
:20FA5000CC130008FFC22910FF6900063B10761F027BCC1300012910FF690006761F027B51
:20FA600092170006761F027BCC180002FFC000063B10761F027BCC130002FFC02910FF697C
:20FA70000006B2BD761F027B59A94218EE10767EE3D29B325DA18F009ECE767F16C95201FF
:20FA8000ED14761F027B1A1800046F0F767EE3D29B285DA18F009ECE767F16B95201ED0531
:20FA9000761F027B1818FFFB8BBE0006B2BD761F027B59A94718EE0F921A93388F009ECD7B
:20FAA0005DA1767F16C95201ED13761F027B1A1800806F0E921A93398F009ECD5DA1767F7B
:20FAB00016B95201ED05761F027B1818FF7F761F027B93399538FFD088A89DFB4A18EE0FC1
:20FAC000921A8F009ECF93A65DA1767F16C95201ED12761F027B1A1804006F0D921A8F0022
:20FAD0009ECF5DA1767F16B95201ED05761F027B1818FBFF8BBE0006B2BDAABD5AA9767E4A
:20FAE000E3E4761F027B59A94918EE0E93358F009ED65DA2767F16C95201ED12761F027BCC
:20FAF0001A1802006F0D93348F009ED65DA2767F16B95201ED05761F027B1818FDFF761FA1
:20FB0000027B93349535FFD088A89DFB4C18EE0F8F009ECA92A193A65DA2767F16C9520156
:20FB1000ED12761F027B1A1810006F0D8F009ECA92A15DA2767F16B95201ED05761F027BC2
:20FB20001818EFFF86BE8BBE0006767EFE39761F027B42A856BCA03856BC823956BC822F73
:20FB300056BC9B2C56BC642D56BC8C3256BCA03356BC823056BD823856BD643956BD642F9D
:20FB400056BD7D2C56BD462D56BD6E3256BD823356BD6430767EFE39761F027B41A856BC09
:20FB5000553556BC373456BC4B3656BC553756BC372E56BD413556BD233456BD373656BD60
:20FB6000413756BD232E00063B10761F027B961A2910FF6900063B10761F027B9631291092
:20FB7000FF690006761F027B9218FFC0CA18FFC0CA1847A9EE053B101813FFFE6F043B10F5
:20FB80001A13000129104AA9EE053B101813FFF76F043B101A1300082910FFC0CA1843A9F3
:20FB9000EE053B101813FFFD6F043B101A13000229100006761F027B1818C0792B132B31AF
:20FBA0002B192B170006B2BD59A9767EFE3941A8EE12761F027B9B028F009EDE5DA1921AD0
:20FBB000767F16B95201ED178F020000A8A9767EFE4F6F11761F027B9B058F009EDE5DA1BC
:20FBC000921A767F16C95201ED068F020000A8A9767F00A4767EFE3942A8EE12761F027BBD
:20FBD0009B028F009EDB5DA19231767F16B95201ED178F040000A8A9767EFE4F6F11761F5A
:20FBE000027B9B058F009EDB5DA19231767F16C95201ED068F040000A8A9767F00A48BBE3F
:20FBF0000006767EFE3941A8EF07767EFE3942A8EF039A0100069A000006B2BD761F027A1D
:20FC000059A9923DEC355201EC175202ED4F761F02479B3C8F009EDF5DA1921A767F16B9DD
:20FC10005201ED0A761F027A56BF013D761F027B2B202B222B1F761F02479B468F009EDF67
:20FC20005DA1921A767F16C95201EC0D761F02479B328F009EE25DA1921A767F16B952017F
:20FC3000ED256F17761F027A56BF023D6F1A761F02479B3C8F009EE25DA1921A767F16C9EC
:20FC40005201EC0B761F027B92A10A205420660E761F027A2B3D6F05761F027A56BF013DB2
:20FC5000761F027B2B202B222B1F8BBE0006B2BDAABD59A9767EE3E4761F027B5AA9921700
:20FC6000520262085202EC2C5200EC5A5201EC406F735203EC0D5204ED6F9B4B8F009EE866
:20FC700092A25DA1767F16B95201EC2D6F659B558F009EE892A25DA1767F16C95201EC0BE9
:20FC80009B418F009EE792A25DA1767F16B95201EC326F52761F027B56BF04176F489B4B6D
:20FC90008F009EE792A25DA1767F16C95201EC0B9B378F009EEA92A25DA1767F16B95201BE
:20FCA000EC326F3A761F027B56BF03176F309B418F009EEA92A25DA1767F16C95201EC0B5A
:20FCB0009B2D8F009EE992A25DA1767F16B95201ED236F15761F027B56BF02176F189B37E0
:20FCC0008F009EE992A25DA1767F16C95201EC0B761F027B92A10A1D541D660E761F027B5B
:20FCD0002B176F05761F027B56BF01172B1D2B282B272B2A2B2986BE8BBE0006B2BDAABD20
:20FCE000A2BD761F02765BA992215203ED77761F0275923D5212EC19761F027B4D18EE0B74
:20FCF000921A932F8F009EDC5DA3767F16C95201EC196F2A921A932D8F009EDC5DA3767F4E
:20FD000016B95201EC1D6F20761F027B4D18EE0F921A93328F009EDC5DA3767F16C9520114
:20FD1000ED13761F027B1A1820006F0E921A93308F009EDC5DA3767F16B95201ED05761FDC
:20FD2000027B1818DFFF761F027B9232541A56B600A26604921A9E325AA9767EE3E4761F0D
:20FD3000027B59A94118EE0E93368F009EE15DA3767F16C95201ED12761F027B1A1800029C
:20FD40006F0D932E8F009EE15DA3767F16B95201ED05761F027B1818FFFD92A1761F027BCC
:20FD5000543668069E3654A2562A061566027A159215520A56B60A156F08761F027B2B1C41
:20FD60002B211818DFFD2B1582BE86BE8BBE0006B2BD761F027B59A992195203620D5203D1
:20FD7000EC53520056C1009F520156C100825202EC65FFEF00B65204EC2D5205EC0F5206DE
:20FD800056C000AF921A9B878F009EE35DA1767F16B95201EC34FFEF00A4921A9B918F0092
:20FD90009EE35DA1767F16C95201EC0E761F027B9B7D8F009EE65DA1921A767F16B95201B5
:20FDA000EC38FFEF008E761F027B56BF0619FFEF0081921A9B878F009EE65DA1767F16C93B
:20FDB0005201EC0D761F027B9B738F009EE55DA1921A767F16B95201EC366F72761F027BDF
:20FDC00056BF05196F66921A9B7D8F009EE55DA1767F16C95201EC0D761F027B9B698F0082
:20FDD0009EEB5DA1921A767F16B95201EC366F58761F027B56BF04196F4C921A9B738F0098
:20FDE0009EEB5DA1767F16C95201EC0D761F027B9B5F8F009ECB5DA1921A767F16B9520197
:20FDF000EC346F3E761F027B56BF03196F32921A9B698F009ECB5DA1767F16C95201EC0D7C
:20FE0000761F027B9B558F009ECC5DA1921A767F16B95201ED256F15761F027B56BF02194E
:20FE10006F18921A9B5F8F009ECC5DA1767F16C95201EC0B761F027B92A10A24542466102F
:20FE2000761F027B2B196F05761F027B56BF01192B242B232B262B252B2B2B0B2B0C8BBE6D
:20FE30000006761F027E92000006761F027E92020006761F027E06180006767F107E761FFF
:20FE4000027E52019604ED079203ED059A019B03767F26DE761F027E9204960300063B10F3
:20FE5000761F027E981899192910FF6900063B10761F027E96022910FF690006FE02767FE0
:20FE600010218F02800088A9761F027EA8AB02008F000B51A8ACF61F561700A6564400ABF9
:20FE70002D093B01FF4BFF5A35071EA69209EC05A9A907A6FF426F0292AB5200960963028D
:20FE80002B09FE8200068F009F9A761F027E92CCBE0396C43B0192D4961B761F0277922837
:20FE9000761F027E961C921B941A941C0EA9F60F1FA62DA996019AB536A9FF469600000683
:20FEA000767F18D0761F02612DA92901361C761F027EFF479612767F102128AC016A290189
:20FEB000761F027E30A9FF473B0196083408010DFF479C64960F0006B2BDAABDA2BDFE06B0
:20FEC000761F027B9202527856B178A1EC0E525056B150A1EC0A523C56B13CA1EC06523220
:20FED00056B132A156B028A1767F101D5AA9767F0DC65200ED171BA206A467121BA2038402
:20FEE000691192A18F00032008A2FC7C9CF6A8422DA912A200FF28169C0A96456F0579458B
:20FEF0006F032845000A761F0275923D5212EC18761F027B922F761F027B541A6732761F45
:20FF0000027B922C761F027B541A6929761F027B9E2F0EA9761F027B1E42922C6F17761FB3
:20FF1000027B9232761F027B541A671B761F027B9233761F027B541A6912761F027B9E32DA
:20FF20000EA9761F027B1E429233761F027B2DA19E1A30A900FF28165AA96F04D2006F026C
:20FF30005AA1767EE3E4761F027B54366917761F027B543767119337761F027B2DA19F364B
:20FF400088A8761F027BC24293379FA930A800FF281696446F042B446F027944767ED9A6D7
:20FF5000761F023827A99237EC0892309B0A00FF288C54AB562A04AB761F02479203650B0A
:20FF60009B0A00FF288C93A992AB9EA8964363042B436F023F43767F0CF05BA9767F1E952C
:20FF7000761F027A94A35438670E761F027E0A062B059206520A681292A12B065407650E33
:20FF80000A076F0C761F027E0A052B069205520A680592072B0565020B079245791154A188
:20FF9000562A081192A2541167027A1192445411562A081192435411562A08119207541186
:20FFA000562A0811767ED9AA761F027E54116706767ED9AA761F027E9611761F0238923482
:20FFB000EC07761F027E9211520A56B80A11761F027E2D11FE863541761F0255963682BEBC
:20FFC00086BE8BBE0006B2BDAABDFE02767ED8CB59A9767F18D093A155A96813767F18B6D2
:20FFD0002DA935648BA9767F18D093A155A96604767F18D06F08767F18B62DA935646F03FD
:20FFE000767ED8CB59A9767F101D1BA90AF0660D767F101D1BA903846805767F101D5AA916
:20FFF0006F068D8003846F038D800AF0767ED9A6761F02479B0A27A9920300FF288C3B0125
:02000004003FBB
:200000002BAA761F027E85A9564100ABA9A60E110FA6630327112BAA761F027A0E348F000E
:20001000FA001EAC564400AB1EA6FF5AA8A90FA66407FF23FF830FAB564802AB6F02A8ABCC
:2000200085A2A9AC1E4285A1564400A900FF2816761F02571EA61E22020019640FA66504AF
:20003000020019641E22767F0CF059A9767F1E95761F027A94A15438681A767F1E95761FC5
:20004000027A93389FA934A803DE1EA6020019640FA6620806A6761F02570F226308C222D8
:200050006F060200761F025719641E22767F101D8F0008FC761F02570EA9A8AC1E425644C6
:20006000002200FF2816761F02571EA61E20020019140FA66504020019141E20761F024799
:20007000920363022B03767ED9A6761F02479B0A27A9920300FF288C93AB9FA927A892ABA8
:2000800063022BAB92AB761F027E54116404921196176F023F170A0D767EF2A0761F027E3D
:200090005417630B920D5205640C2B0D767EF2A093A99A0194A86F032B0D9217767EF350B6
:2000A000FE8286BE8BBE00063B10FF55761F027EC018C1192910FF690006761F027E920E6B
:2000B0005201ED4B767F102D1BA90F3C6842767F102D1BA919C8663D767F107E5200ED3945
:2000C000767F102D1BA9157C661C761F027E0A0C920C520A6914767ED9925201ED0C28A9F9
:2000D0004650767F0E129A00767EDAD59A059B03767F26DE761F027E2B0C2B0E2B0A000632
:2000E000761F027E0A0A920A520A6916767ED9925200ED0C28A93A98767F0E129A01767E6F
:2000F000DAD59A059B03767F26DE761F027E2B0E761F027E2B0A2B0C0006B2BD767E804112
:200100005200EC12761F027692215204ED0D761F02774D31EE07767F18E1520156B101A114
:20011000EC04D1026F02D10092A1761F027E540BEC12790B767EBBF85202EC05767EBBF80E
:200120005209ED049A00767EBBFC3B10761F0247792E29108BBE0006B2BDAABDA2BD9A0007
:20013000767F26B259A941A1EF73767F06A4767F11559A00767F111F767EFE839A05767FDA
:200140001131767F07B6767F13349A00767F12FE9A05767F1310767F116A767F1242767E6C
:20015000FEA0767F0D005AA9767F1E9593A992A2767EECC2767F1EF2767F0D005BA9767F32
:2001600010219EA35AA9767F1EB193A992A2767EECC2767F1EEE767F084B767F1EC4767F1F
:20017000088D767F1EC0767F1ED886A9767F1ED007A2767F1EFE767F202886A9767F2024AB
:2001800007A2767F1EEA9A00767F1F34761F02789233761F02789328767F1F13761F027803
:200190009233761F02789328767F1F52761F027692215204ED09767EBBF85202ED05767E6D
:2001A000FEBC767EFFC3767EFE3D767EFE5E44A1EF0B9A01767F109E9A01767F1096767F08
:2001B0001242767EFE3D40A156CCFF7B9A0A767F116E767F1242767EFE3D767F107E5201C9
:2001C000EC050210767F00A46F040210767EFE4F761F02769221EC065207EC04767EBFD837
:2001D0006F049A00767E8212767ED9DA5203EC09767ED9DA5201ED0D767E80025200EC09D8
:2001E000767EBBBE5201EC05761F027E2B106F05761F027E56BF0110767F00AD767EFEA01B
:2001F0009A0A767F11C4767F00FDFFEFFF3AB2BDFE02767ED9925201EC0428AC00056F030C
:2002000028AC0006761F027E8F0005873615A8AC8F0003E8566500A90200F61F561700A42F
:2002100059AB3F16767F101DBE162DA132A9A9A9C242FF3203AB00FF28163B01761F027E13
:20022000FF49FF5CFE8296148BBE0006761F0254923F00069A00761F0265933D56B101A9C9
:200230000006761F01BF1A0404000006761F01BF1A0204000006520088448043EC1453007C
:20024000EC0F92A5ED1292C49C0193A996C492A754A8660992A654A866032BC40006767FB9
:2002500002310006767F02360006761F01BF1A0D00800006761F01BF1A0B008000065200CE
:2002600088448043EC145300EC0F92A5ED1292C49C0193A996C492A754A8660992A654A80A
:2002700066032BC40006767F02550006767F025A0006761F01BF1A0C02000006761F01BF8F
:200280001A0A02000006520088448043EC145300EC0F92A5ED1292C49C0193A996C492A70B
:2002900054A8660992A654A866032BC40006767F02790006767F027E0006761F01BF1A04ED
:2002A00008000006761F01BF1A0208000006520088448043EC145300EC0F92A5ED1292C4F6
:2002B0009C0193A996C492A754A8660992A654A866032BC40006767F029D0006767F02A292
:2002C00000063B10761F0254983F2910FF690006761F026592355201ED05767EFE3944A944
:2002D000EE09761F02659235ED10767EFE3944A9EE0C767ED9AE5201ED08767ED9E6761F3A
:2002E0000265520156B1012B767EFE39761F026544A956BC0135EF022B3592365201ED0557
:2002F000767E80025200EC09761F02659236ED10767E80025201ED0C767ED9AE5201ED08EB
:20030000767ED9E6761F0265520156B1012B767E80025200ED05761F02652B360006761FF6
:20031000026556BF01360006FE02761F02769221520156C100BE767ED9F25201EC0A761F8F
:2003200002651B2A02586804767F219A6F040A2A767F218B761F02769221520156C100A980
:200330005206ED05761F0248922CEC1A761F02769221EC16767EFE3945A9EE0C767EFE39C0
:200340004AA9EE08767EFE3947A9EE049A019B006F0956BF05419A019B01D5006F099A0080
:200350009B01761F026556BF1441D5012B2656BF14428F009966767F0283761F0276922131
:200360005201EC765200EC2E5204ED05767EBBF85202EC09761F02479B0A922600FF291CA5
:200370005200EC1D761F0248920EED19761F024792265203EC0E520DEC0C767EF63D5203D5
:20038000EC08767EF63D520DEC049A01D5006F039A00D50156BF05419B016F0C9A019B00F9
:200390006F039A009B01761F026556BF1441D5012B2C56BF14428F00996C767F02A7761FE0
:2003A000027692215201EC345200EC0A761F01BF4301EF034401EE049A019B006F039A0053
:2003B0009B0156BF1441761F0265D5018F00996556BF14422B25767F023B761F027692211B
:2003C0005201EC165200EC065203EC049A019B006F06761F02659A009B012B3356BF14419A
:2003D000D5018F00997356BF1442767F025FFE8200063B10FF5E761F0254C03F2910FF6922
:2003E0000006761F01BF4308EE1B761F026592345201690D5219670B761F0271411FEE0789
:2003F000761F02659229520156B10127761F02652B292B3456BF013956BF013B6F1F761F42
:200400000265923452FF671A0A34761F0271411FEE0B761F02659234520156B1012952198D
:20041000ED0D2B3B6F0B761F02659234520156B00139ED042B3956BF0127761F01BF44086A
:20042000EF10761F0265923752FF67109C019637520156B0013AED0A2B3A56BF01276F0624
:20043000761F02652B3756BF013A761F01BF4B01EF15761F0265923152FF67159C01963169
:200440005201EC08521956B0013CED0D2B3D2B286F0A2B3C56BF01276F06761F02652B3108
:2004500056BF013C761F01BF4808EF10761F0265923052FF67109C019630520156B001381B
:20046000ED0A2B3856BF01276F06761F02652B3056BF0138923DED080A28922852646904F8
:200470002B2856BF013D9239EC09761F0254403FEF089A01767F03D96F049A01767F02C173
:20048000761F0265923BEC09761F0254443FEF089A10767F03D96F049A10767F02C1761F54
:200490000265923CEC09761F0254433FEF089A08767F03D96F049A08767F02C1761F026582
:2004A000923AEC09761F0254423FEF089A04767F03D96F049A04767F02C1761F026592381A
:2004B000EC09761F0254413FEF089A02767F03D96F049A02767F02C1923FEC04761F0265E4
:2004C0002B2A0006761F01BF1A0D00100006761F01BF1A0B00100006520088448043ED14BD
:2004D0005300ED0F92A5EC1227C49A0193A794AB96C455AB660993A655A966032BC400062B
:2004E000767F04C20006767F04C7000652008843ED205300ED1B92A4EC1E92A5761F02657D
:2004F000542F6909402DEE07767F04C7761F02650A2F6F03767F04C2761F026592A60A2D08
:20050000542D66092B2F2B2D0006767F04C20006767F04C70006761F02650A2E932E9DFF1B
:2005100055A9690D2B2E761F02782B32761F02652B272B292B2B767F04C20006767F04C719
:200520000006FE02761F027692215201EC50767ED9E65201ED36761F02789232ED30761FB8
:2005300002659229ED2A9227ED24761F027692215206ED05761F0248922CEC18767EFE39D2
:2005400047A9EE0B767EFE3945A9EE07767EFE394AA9EF1FD5036F02D50156BF0A419A005F
:200550009B00D401767F04E66F229A019B006F169A01767F050B6F1B9A1E6FFC9A196FFA87
:20056000761F02782B32761F02652B272B292B2B761F02659A009B012B2456BF0A41D50061
:200570008F00996456BF0A42767F04CCFE820006761F027692215201EC0A761F02650A32F2
:200580009232520A670D5205EC0C0006761F02650A329232520467045202ED036F022B32A3
:2005900000069A00767F26B240A9EFFC767F03E1767EAB589A20767F03D9767F02C8767EFC
:2005A000D9E65201EC04767F04C26F03767F0521767F0314767F05786FE5FE023B10761F3F
:2005B0000263C41EB600761F0262C238761F025F920F960D761F0263C31E761F025F2B0FF6
:2005C0002910520062039A006F083B0185A9FF691E4206A600FF2816FE82FF690006FE0211
:2005D0003B10761F0263C41AB600C226761F025F92009601761F0263C31A761F025F2B0033
:2005E0002910520062039A006F083B0185A9FF691E4206A600FF2816FE82FF690006FE02F1
:2005F0003B10761F0261C4360200761F0262C22C761F02611E36761F025F9236761F0260C4
:200600009600761F025F2B362910520062039A006F083B0185A9FF691E4206A600FF2816D1
:20061000FE82FF690006FE023B10761F0261C4380200761F0262C204761F02611E38922ECE
:200620002B2E96212910520062039A006F083B0185A9FF691E4206A600FF2816FE82FF69A6
:200630000006FE023B10761F0262C42A0200761F0263C236761F02621E2A761F0260920CA8
:200640002B0C960D2910520062039A006F083B0185A9FF691E4206A600FF2816FE82FF69BC
:200650000006FE02761F025F922F62039A006F0B3B01852F761F02621E42062200FF2816A6
:20066000767F1666FE820006FE02761F0260921262039A006F0B3B018512761F02621E4243
:20067000060A00FF2816767F1666FE820006FE02761F0261922C62039A006F093B01852C0C
:200680001E42063400FF2816767F1666FE820006FE023B10761F0262C41002001E10C20082
:20069000761F025F923A2B3A96382910520062039A006F083B0185A9FF691E4206A600FF77
:2006A0002816FE82FF690006FE02761F0261923162039A006F0B3B018531761F02621E428F
:2006B000062E00FF2816767F1666FE820006FE023B10761F0262C43C02001E3CC23E761F8D
:2006C000025F92172B1796142910520062039A006F083B0185A9FF691E4206A600FF281608
:2006D000FE82FF690006FE02761F025F921262039A006F0B3B018512761F02631E420620B6
:2006E00000FF2816767F1666FE820006FE02761F025F922462039A006F0B3B018524761F27
:2006F00002631E42063000FF2816767F1666FE820006FE02761F025F922B62039A006F0B8F
:200700003B01852B761F02621E42061A00FF2816767F1666FE820006FE023B10761F0263FB
:20071000C438B600C232761F025F92099608761F0263C338761F025F2B09291052006203E5
:200720009A006F083B0185A9FF691E4206A600FF2816FE82FF690006FE02761F0260920E08
:2007300062039A006F0B3B01850E761F02621E42062800FF2816767F1666FE820006FE02A6
:200740003B10761F0262C41602001E16C218761F025F92342B3496322910520062039A00FE
:200750006F083B0185A9FF691E4206A600FF2816FE82FF690006761F026092020006761FE3
:200760000261560308190006761F026092130006761F025F920600069A000006761F025FCA
:20077000920E00063B01761F0260853F761F02588A02560100A492C40006761F025F921062
:200780000006761F025F92070006761F0260923F0006761F027C921A0006761F025F923E65
:200790000006761F025F92390006761F025F923D0006761F0261922D0006761F0261922B3F
:2007A0000006761F025F92370006761F0261560308120006761F026192300006761F026145
:2007B00092330006761F026192280006761F026092060006761F026092030006761F025F89
:2007C00092350006761F0260920A0006761F0261560308180006761F025F922E0006761FEB
:2007D000025F922D0006761F026092160006761F026092150006761F026092110006761F65
:2007E000025F92310006761F0260920F0006761F025F92300006761F025F92330006761F1D
:2007F000025F923C0006761F0260921700069A0000069A000006761F026192290006761F80
:20080000026192250006FE023B10761F0262C432B600C230761F026192229623761F026278
:20081000C332761F02612B222910520062039A006F083B0185A9FF691E4206A600FF281672
:20082000FE82FF690006761F02611B13FDE866078F009888921396CC2BC4000628A9FFFFD8
:200830008F0098889E1396CC56BF01C40006761F02611B11FDE866078F00987C921196CCE8
:200840002BC4000628A9FFFF8F00987C9E1196CC56BF01C40006FE023B10761F0263C41027
:2008500002001E10C212761F025F92232B23961E29105200EC080EA9FF691E4206A600FF2E
:2008600028166F020200BE64FF69C24200FF2816FF5863020200FE820006FE023B10761FD8
:200870000263C40E02001E0EC20C761F025F92282B28961F29105200EC080EA9FF691E427F
:2008800006A600FF28166F0202008F0003E8FF69A84200FF2816FE820006FE023B10761F8D
:200890000263C40002001E00C202761F025F921A2B1A961D29105200EC080EA9FF691E42A3
:2008A00006A600FF28166F020200BE64FF69C24200FF2816FF5863020200FE820006FE02CD
:2008B0003B10761F0262C43A02001E3AC236761F025F92262B26961B29105200EC080EA9AE
:2008C000FF691E4206A600FF28166F020200BE64FF69C24200FF2816FE820006FE023B1058
:2008D000761F0263C41402001E14C216761F025F92052B05960429105200EC080EA9FF6935
:2008E0001E4206A600FF28166F020200BE64FF69C24200FF2816FE820006FE023B10761F0B
:2008F0000263C41802001E18C224761F025F92212B21962229105200EC080EA9FF691E42DE
:2009000006A600FF28166F020200BE64FF69C24200FF2816FE8200063B10761F027C961A1C
:200910002910FF6900063B10761F025F963E2910FF6900063B10761F025F96392910FF69B3
:2009200000063B10761F025F96372910FF690006761F025F963500063B10761F0260961746
:200930002910FF6900060000010C02180324042F053B06460750085A09640A6D0B760C7C4D
:200940000D830E880F8D10901193129413941492158F168B1785187D19741A691B5D1C4E36
:200950001D3D1E2B1F161FFF20E721CB22AE238E246B2547261F26F527C9289929672A3225
:200960002AFA2BBF2C812D412DFD2EB52F6B301D30CC3178322232C533673405349F353659
:2009700035C9365836E4376C37F0387138ED396539DA3A4B3AB73B203B843BE53C413C9976
:200980003CEE3D3D3D893DD13E143E533E8E3EC43EF63F243F4E3F733F943FB03FC83FDC74
:200990003FEB3FF63FFD3FFF3FFD3FF63FEB3FDC3FC83FB03F943F733F4E3F243EF63EC417
:2009A0003E8E3E533E143DD13D893D3D3CEE3C993C413BE53B843B203AB73A4B39DA39655D
:2009B00038ED387137F0376C36E4365835C93536349F3405336732C53222317830CC301D9B
:2009C0002F6B2EB52DFD2D412C812BBF2AFA2A322967289927C926F5261F2547246B238E9E
:2009D00022AE21CB20E71FFF1F161E2B1D3D1C4E1B5D1A691974187D1785168B158F149240
:2009E00013941294119310900F8D0E880D830C7C0B760A6D0964085A07500646053B042F3F
:2009F00003240218010C0000FEF4FDE8FCDCFBD1FAC5F9BAF8B0F7A6F69CF593F48AF38458
:200A0000F27DF178F073EF70EE6DED6CEC6CEB6DEA71E975E87BE783E68CE597E4A3E3B248
:200A1000E2C3E1D5E0EAE001DF19DE35DD52DC72DB95DAB9D9E1D90BD837D767D699D5CE38
:200A2000D506D441D37FD2BFD203D14BD095CFE3CF34CE88CDDECD3BCC99CBFBCB61CACAE4
:200A3000CA37C9A8C91CC894C810C78FC713C69BC626C5B5C549C4E0C47CC41BC3BFC367A7
:200A4000C312C2C3C277C22FC1ECC1ADC172C13CC10AC0DCC0B2C08DC06CC050C038C02489
:200A5000C015C00AC003C001C003C00AC015C024C038C050C06CC08DC0B2C0DCC10AC13CC6
:200A6000C172C1ADC1ECC22FC277C2C3C312C367C3BFC41BC47CC4E0C549C5B5C626C69B60
:200A7000C713C78FC810C894C91CC9A8CA37CACACB61CBFBCC99CD3BCDDECE88CF34CFE302
:200A8000D095D14BD203D2BFD37FD441D506D5CED699D767D837D90BD9E1DAB9DB95DC72DF
:200A9000DD52DE35DF19E001E0EAE1D5E2C3E3B2E4A3E597E68CE783E87BE975EA71EB6D1E
:200AA000EC6CED6CEE6DEF70F073F178F27DF384F48AF593F69CF7A6F8B0F9BAFAC5FBD1FE
:200AB000FCDCFDE8FEF40000010C02180324042F053B06460750085A09640A6D0B760C7CC4
:200AC0000D830E880F8D10901193129413941492158F168B1785187D19741A691B5D1C4EB5
:200AD0001D3D1E2B1F161FFF20E721CB22AE238E246B2547261F26F527C9289929672A32A4
:200AE0002AFA2BBF2C812D412DFD2EB52F6B301D30CC3178322232C533673405349F3536D8
:200AF00035C9365836E4376C37F0387138ED396539DA3A4B3AB73B203B843BE53C413C99F5
:200B00003CEE3D3D3D893DD13E143E533E8E3EC43EF63F243F4E3F733F943FB03FC83FDCF2
:200B10003FEB3FF63FFD3FFF0000013E027B03B904F60632076E08A909E40B1D0C550D8D0C
:200B20000EC20FF7112A125B138A14B815E4170D183419591A7C1B9C1CB91DD41EEB2000B7
:200B300021122220232B2433253726382735282E29232A152B022BEB2CD02DB12E8D2F6528
:200B40003038310731D132963356341134C73579362536CB376D380938A0393139BD3A43BE
:200B50003AC43B3F3BB43C243C8E3CF23D503DA83DFA3E463E8D3ECD3F073F3B3F693F918B
:200B60003FB33FCF3FE43FF43FFD40003FFD3FF43FE43FCF3FB33F913F693F3B3F073ECDCE
:200B70003E8D3E463DFA3DA83D503CF23C8E3C243BB43B3F3AC43A4339BD393138A03809B8
:200B8000376D36CB3625357934C734113356329631D1310730382F652E8D2DB12CD02BEB35
:200B90002B022A152923282E2735263825372433232B2220211220001EEB1DD41CB91B9C61
:200BA0001A7C19591834170D15E414B8138A125B112A0FF70EC20D8D0C550B1D09E408A91C
:200BB000076E063204F603B9027B013E0000FEC2FD85FC47FB0AF9CEF892F757F61CF4E3F4
:200BC000F3ABF273F13EF009EED6EDA5EC76EB48EA1CE8F3E7CCE6A7E584E464E347E22CF5
:200BD000E115E000DEEEDDE0DCD5DBCDDAC9D9C8D8CBD7D2D6DDD5EBD4FED415D330D24F6B
:200BE000D173D09BCFC8CEF9CE2FCD6ACCAACBEFCB39CA87C9DBC935C893C7F7C760C6CFB8
:200BF000C643C5BDC53CC4C1C44CC3DCC372C30EC2B0C258C206C1BAC173C133C0F9C0C5EA
:200C0000C097C06FC04DC031C01CC00CC003C000C003C00CC01CC031C04DC06FC097C0C5B1
:200C1000C0F9C133C173C1BAC206C258C2B0C30EC372C3DCC44CC4C1C53CC5BDC643C6CFB9
:200C2000C760C7F7C893C935C9DBCA87CB39CBEFCCAACD6ACE2FCEF9CFC8D09BD173D24FEB
:200C3000D330D415D4FED5EBD6DDD7D2D8CBD9C8DAC9DBCDDCD5DDE0DEEEE000E115E22C1D
:200C4000E347E464E584E6A7E7CCE8F3EA1CEB48EC76EDA5EED6F009F13EF273F3ABF4E3AB
:200C5000F61CF757F892F9CEFB0AFC47FD85FEC20000013E027B03B904F60632076E08A979
:200C600009E40B1D0C550D8D0EC20FF7112A125B138A14B815E4170D183419591A7C1B9C55
:200C70001CB91DD41EEB200021122220232B2433253726382735282E29232A152B022BEB21
:200C80002CD02DB12E8D2F653038310731D132963356341134C73579362536CB376D380909
:200C900038A0393139BD3A433AC43B3F3BB43C243C8E3CF23D503DA83DFA3E463E8D3ECDCD
:200CA0003F073F3B3F693F913FB33FCF3FE43FF43FFD761F027C931D731C541C6604741CAE
:200CB0009A0100069A00000680A9761F027C5CA892119C645413680792129C9C5413562A67
:200CC00006136F0296133B102DA788A40200FF6937132DA4F61F561700A63F2288AB33A67C
:200CD0002DA712139EAB961D2910FF6992A60006761F027C920F0006761F027C92070006C4
:200CE000761F027C92210006761F027C92360006761F027C92060006761F027C92090006E2
:200CF000761F027C92080006761F027C92330006761F027C920D0006761F027C920E0006E2
:200D0000761F027C92240006761F027C923A0006761F027C923F0006761F027C9238000652
:200D1000761F027C92220006761F027C923D0006761F027C92130006761F027C9212000693
:200D2000761F027C92110006761F027C923E0006761F027D92010006761F027C922700068F
:200D3000761F027C92140006761F027D06040006761F027D06020006B2BD59A9767EC19EDA
:200D40005201ED0F761F027692215203ED0A761F02789239ED06761F027C923F54076605C1
:200D5000761F027C2B296F080A2992A1542966042B299A016F029A008BBE0006761F027602
:200D600093215303EC085302ED0B761F027693345307ED06761F027C933855076805761FCB
:200D7000027C2B2A6F070A2A542A66049A012B2A00069A00000688A9761F02769221520322
:200D8000EC085202ED10761F027692345207ED0B761F027C923E5407690692A6761F027DF1
:200D900054016607761F027C2B2F180CFFF76F0B761F027C1A0C00080A2F552F66049A017D
:200DA000972F00069A000006761F027C0A17541767082B272B072B2D2B369A012B17000699
:200DB0009A000006761F027C92310006761F027C923000063B10761F027C420CEF042910F4
:200DC0009A016F0329109A00FF690006761F027CCC0C0010FFC300063B10761F027C961FEF
:200DD0002910FF6900063B10761F027C960F2910FF6900063B10761F027C96372910FF69E6
:200DE00000063B10761F027C96262910FF6900063B10761F027C961E2910FF6900063B1028
:200DF000761F027C96322910FF6900063B10761F027C963A2910FF6900063B10761F027C2E
:200E0000963F2910FF6900063B10761F027C96382910FF6900063B10761F027C963B29101B
:200E1000FF6900063B10761F027C963D2910FF6900063B10761F027C96132910FF690006CE
:200E20003B10761F027C96122910FF6900063B10761F027C96112910FF6900063B10761F79
:200E3000027C963E2910FF6900063B10761F027D96002910FF6900063B10761F027D960117
:200E40002910FF690006761F027C541068055510562B06106F0296109210960F0006761F12
:200E5000027C9E07800F88A9526463071BA6FF9C620576BFFF9C6F02BE642DA433342DA84C
:200E600012A67E349EAB94A79B01961028A932C8767F0E43000688A9761F02755DA8923D1A
:200E70005208EC05520DEC035212ED1E761F027C440CEE1092078F009F3528A809F65DA62B
:200E8000767F16C95201ED17761F027C1A0C0010000692078F009F3528A809C4767F16B97B
:200E90005201ED096F04761F027C2B35761F027C180CFFEF000688A9761F027C3B019207CF
:200EA0009E3685A9FF5693A655A9670392076F0492369407FFC0963600062DA9761F027C51
:200EB00029013637FF4A960700062DA9761F027C29013639FF4A96080006761F027C722B80
:200EC0000A2C922C52086818922B2B2CFFA2522363061BA9FFDD62040A336F020B339233FA
:200ED000528062071B33FF8063062833FF806F0356BF80332B2B0006761F027C88A9551375
:200EE0006908921394A654A866089FA69713000694A85413562A09130006761F027C962431
:200EF00000062DA9761F027C29013625FF4A96230006761F027C2B17000688A9761F027CC7
:200F00002DA60E0E5CA6370EA9A7FF5A0E0E565D00A4A9AC560500A92DA606A7FF318AA943
:200F100012AC560301A95DA9A8A90DA507AB8AA906A7FF3007AB1EA7560301A62DA9370DA5
:200F2000410CEE08A8A90FAB690B06A70FAB660B0006A8A90FAB690706A70FAB690692A688
:200F30007413000692A67213000688A992CC80A855A66907761F027C9FA61A0C00016F073A
:200F4000761F027C93A6180CFFFE9FA7970E93C4ED1F93A6FFD055A967181A0C000254A62F
:200F5000690D93A755A966079EA62B0D1A0C0001960E6F1174A77F0D6F0E54A7670374A6FC
:200F60006F02BE007E0D6F07180CFFFD6F031A0C0002960D767ED99A5200ED05767ED8B7B6
:200F70005200EC10761F027C9226540D68049232540E6708921E540D670B3B10180CFFFBFA
:200F80006F063B10761F027C1A0C00042910400CEE06410CEE069A1274130006410CEE0521
:200F90009A12767F0EFD0006081300120006761F027C28370800283E01F4761F027D56BF5E
:200FA0006401767ED8F3761F027C9BC8283F0640283A08FC95A99738767ED9925200ED08D1
:200FB000761F027C283D4650281346506F07761F027C283D3A9828133A983B0128123616B3
:200FC000281157E42839080028142940180CFFE02B0F2B072B362B212820FFFF2B272B1D93
:200FD0002B1C2B222B192B2E2B1B2B162B152B182B042B032B0B2B052B022B002B012B0A4A
:200FE0008F002940FF26FF5B761F027D1E02A8040006FE025200ED05761F027C2B276F0E6E
:200FF00088A928A8055D28A94A80761F027CFF5A0200F61F561700A63F27FE820006767F6C
:201000000D1454136809767F0D149E135208690A081300086F11767F0D1493139FA9530841
:201010006609767F0D1496133B101A0C000429106F039A087413FF690006761F0277922A11
:201020000006761F027792280006761F027792200006761F0277921D0006761F0277921E95
:201030000006761F0277CC310008FFC200063B10761F0277421BEF0429109A016F03291098
:201040009A00FF6900063B10761F0277401BEF0429109A016F0329109A00FF690006761FC5
:201050000277CC31000100063B10761F0277431BEF0429109A016F0329109A00FF690006D2
:201060003B10761F0277411BEF0429109A016F0329109A00FF690006761F0277CC310040F6
:20107000FFC500063B10761F0277401FEF0429109A016F0329109A00FF6900063B10761F84
:201080000277431FEF0429109A016F0329109A00FF6900063B10761F0277411FEF04291016
:201090009A016F0329109A00FF690006761F027790011831FFF7FF8298310006761F0277B6
:2010A00090011831FFFE983100063B10761F027796292910FF6900063B10761F02779638A4
:2010B0002910FF6900063B10761F0277963C2910FF6900063B10761F027796372910FF69E0
:2010C00000063B10761F0277963B2910FF6900063B10761F0277963A2910FF6900063B101E
:2010D000761F027796242910FF6900063B10761F027796392910FF6900063B10761F027769
:2010E00096362910FF6900063B10761F027796232910FF6900063B10761F0277962229107A
:2010F000FF6900063B10761F027796252910FF6900063B10761F027796212910FF69000600
:201100005DA9761F02779227ED0E922A8F009DED28A8012C767F16B9761F0277520156B109
:2011100001270006922A8F009DEC28A8014A767F16C95201ED04761F02772B27000688A9F3
:20112000761F02773B01922A9E2885A9FF5693A655A96703922A6F049228942AFFC096289B
:201130000006FE02761F02774031EE10964193375D388F009DF5922A767F16D95201ED14D1
:20114000761F02771A3100016F0F9641933B5D3C8F009DF5922A767F18565201ED05761F5F
:2011500002771831FFFEFE8200062DA9761F027729013629FF4A962A0006761F02779226F8
:20116000542A6703922A9626921C542A6903922A961C0006761F02772B340006761F027782
:201170000A345434672C0200761F02751E2A761F02751E32761F02751E28761F02751E26B2
:20118000761F02752B07761F02752B06761F02752B09761F02752B03761F02752B05761F89
:2011900002752B02761F02771A3104C12B282B1E2B202B341831FDFF2B2A2B2B0006767E4D
:2011A000D99A5200ED08761F027728380384283C03E80006761F0277283806A4283C0708A0
:2011B000000680A988A8761F02772BAA27A70E2003ABFF560FA662070E203B010DA7FF4063
:2011C000962000067F200006B2BD59A9767F104F5200ED30767F106C5200ED2C767F103168
:2011D0005200ED284D31EE13761F027E92128F009DFE5DA1761F027E9308767F16B9520171
:2011E000ED1A761F02771A3120006F15761F027E92128F009DFE5DA1761F027E93089D6459
:2011F000767F16C95201ED07761F02771831DFFF6F022B3E761F02771B2E232867400A2E34
:201200004931EE17761F027E92128F009DFD5DA1761F027E9308767F16B95201ED20761F06
:2012100002779A019B031A310200767F26DE6F17761F027E92128F009DFD5DA1761F027E4B
:2012200093089D64767F16C95201ED09767EFE3946A9EE05761F02771831FDFF761F027688
:2012300092215203ED0E761F0276922BED0A761F02774931EE06282E23286F031831FDFF06
:201240008BBE0006761F0277CD3100014031EE0BCC311000FFCB80A94C31EE093B10181BD6
:20125000FFFE6F08CC311000FFCB80A93B101A1B00012910CC310800FFCA88A94B31EE05E2
:201260003B10181BFEFF6F043B101A1B0100291092A7CAA8ED053B10181FFFFE6F043B10EC
:201270001A1F0001291092A6ED053B10181FFEFF6F043B101A1F01002910CC310040FFC510
:201280002FA94631EE073B10181BFFFD181FFFFD6F063B101A1B00021A1F00022910CC31F5
:201290000008FFC227A94331EE053B10181BFFFB6F043B101A1B0004291092A6CAABCAA877
:2012A000CAAAED09CC310200CAA7ED053B10181BFFF76F043B101A1B00082910921B900875
:2012B000CAABED053B10181FFFF76F043B101A1F000829104731EE053B10181FFF7F6F0429
:2012C0003B101A1F008029100006767ED99A5200ED08761F027728380384283C03E86F0763
:2012D000761F0277283806A4283C07081A3107FF28391964283A0FA02836189C282410685D
:2012E00028251518282311F8282114E62822122A283309E2283009B02B2B2B1F2B1B2B2AC5
:2012F0002B282B26281CFFFF2B202B1D2B1E1831C441283B0A8C28370AF0000688A9761FB0
:2013000002773B01921E9E1D85A9FF5693A655A96703921D6F04921E941DFFC0961E00068D
:20131000FE02761F02774631EE10964193395D3A8F009DEF921D767F16D95201ED14761F69
:2013200002771A3100406F0F964193365D248F009DEF921D767F18565201ED05761F02778A
:201330001831FFBFFE820006FE025200ED05761F02772B1D6F0E88A928A8055D28A94A80FB
:20134000761F0277FF5A0200F61F561700A63F1DFE820006FE02761F02774731EE109641BF
:2013500093255D238F009DEB921D767F16D95201ED14761F02771A3100806F0F9641932165
:201360005D228F009DEB921D767F18565201ED05761F02771831FF7FFE820006761F027717
:20137000CC310200FFC80006560308C494CC00065208680E93CC5303EC075310EC039B0899
:201380006F059B096F0393D49D0555A969039A0000069A01000688A98F408E800EA6FF311D
:20139000560100A593D492A6FFD0520F6611530456B204A8DC03530056B501A6562B02A6E3
:2013A000DE81767F13749685DC02000EFFFC0006B2BDAABD59A986A49A0697C256BF03CA6D
:2013B00056BF23D256BF41DA2BE256BF04EA767EABE893A9761F0248FFD790FF8AA297F217
:2013C0009B0896FA92A12B2A767F2311761F024856BF012A86BE8BBE000688A98F408FC028
:2013D0000EA6FF34560100A593D492A6FFD0520F6611532056B220A8DC03530056B501A6AD
:2013E000562B02A6DE81767F13749685DC02000EFFFC0006B2BDAABD59A986A49A0697C2E6
:2013F00056BF03CA56BF13D22BDA2BE256BF20EA767EABE893A9761F0248FFD790FF8AA29D
:2014000097F29B0896FA92A12B2A767F2311761F024856BF012A86BE8BBE0006B2BD58A93D
:201410008F408EC00EA0FF33560100A592D493A0C5A5FFC0530F6611521056B210A9DC0326
:20142000520056B501A6562A02A6DE81767F13749687DC02000EFFFC92C55270ED0AD10BB5
:20143000929D526564068F008E401894FBFF6F058F008E401A9404008BBE0006B2BDAABDA1
:2014400059A986A49A0697C256BF03CA56BFF8D22BDA2BE256BF10EA767EABE893A9761F2D
:201450000248FFD790FF8AA297F29B0896FA92A12B2A767F2311761F024856BF012A86BED1
:201460008BBE0006761F02388F008E40BE0F2B122B1592C45003CCA9F8029684000EFFFB6D
:201470000006B2BDAABD520786A4683893CA5303ED35761F0238931555C2ED3093D29FA930
:201480001BA8FFFBED2B9CFE88A9AAA90DA68AA9767F137459A992A68AA2767EABE854A115
:20149000ED1D761F023858158D408E408F008E1ECC91001CFFC10EA9FF30560100A4C5C47D
:2014A00092158AA23E67761F02388815B2A90DA68BA91AC1010056BF041286BE8BBE00066C
:2014B000B2BDAABDA2BDFE0E767ED8D7761F0238962E767ED8DB761F0238962D767ED9336C
:2014C000761F023827A92B43964E2B418043920156C00089922E964C922D9B002B4BD40074
:2014D000964D8DC08FC08D808E402B482BAA2B473B01974A884B5DA49A01964596499A0008
:2014E000964496469A0096422DC240ACEF4E560305A98BA3D01C560100A19B0A929100FFCC
:2014F000288C544C6306964C761F0238934C972E544D761F0238D01D562A044D562A042DEB
:201500009B0A929100FF288C544E6503964E274ED01E934A9591974A550B6903930B974AD0
:20151000D01F924B9491964B540A884B6903880A7E4BD00B92439491964380439244ED04B9
:2015200092D99644964658D140A0EF049A009645964942A0EE03284800010A41D40141A0F5
:201530005DA4EF0328AA00014AACEF03284700010A42DA019242521064A89246761F02386D
:20154000963392479638924896357D3792A47E319730ED059A00963696456F1C92499636B1
:201550006F199A0096339638920E56BF0137964C2F06962E9205964D962D9200964E27A977
:201560009203963092029631920796459636920496359241962C924C540D66055410670505
:2015700092106F02920D962E924D540F66055414670592146F02920F962D924E540966073F
:20158000540868033F2F6F0592086F029209962F9245EC022BAA9241573462037F326F07B3
:201590009243934100FF288C96329643FE8E82BE86BE8BBE0006761F023888158F408E40D6
:2015A000A0A90DA68AA993C448A8EE2340A8EF189A2094A8CDA8FF1F90E0CAA896C4CDA97A
:2015B00000E053A06840CCA9FFBF50A096C48015A0A90DA78AA918C4FBE00A156F3418C409
:2015C000FBFF8015A0A90DA78AA918C4FF016FF618C4FEFFCCC4FF1F96C44AA9EE15CDA9BE
:2015D000001CED099B0495A9CCA9FFE3911CCBA997C46F171AC400018015A0A90DA78AA90F
:2015E00018C4FFFD6F0918C4FFFE8015A0A90DA78AA918C4FFE30A158015A0A90DA78AA95B
:2015F00018C4FDFF92A65415EC509215520F692F881892132B158AA52BAC2B18520F7E16C3
:2016000056B710A940C4EE0B761F02385413ED0C54AC670A520F670892AC6F069B01761FB3
:201610000238FF67991893ACDC019D012DA8530F69EA0A1193A65518ED069318EC04931132
:20162000530368052B11961356BF01178815A0A90DA68AA992C441A9EE1240A9EE0E92173B
:20163000EC0A92135415EC035210ED0592152B1796136F030A156F031AC400029215520FD6
:2016400066B858154195EFB20006AABD27A9761F023886A49212ED189712767F159B5815EE
:201650008F008E40CC94001CFFC18F008E1A0EA9FF30560100A492ABC5C493158AA23E678A
:20166000767F14B06F020B1286BE0006FF588AA9ED039A0000069A009B400FA46806A8A9D8
:201670002901FF49093F6F0FFF2F10000FA46806A8A92901FF4B09FF6F06A8A92901FF4DBA
:20168000FF1003FF1EA7BE042901A8AB0200F61F561700A7A9A907A7FF401EA7000EFFF702
:2016900092A7000680A992A82BAC94A727A99A0194AB88A992A7ED0A5300ED039A00000698
:2016A0009B02DF0195AB88A86F045300ED02DE8193A6EC0E9DFFD00088A892A754A0EC053C
:2016B000350A94949CD02DA9D801000EFFF892AC000688A992A555A666049B0097C46F031A
:2016C0000AC493C454A866049A012BC400069A00000688A992A555A668049B0097C46F0318
:2016D0000AC493C454A866049A012BC400069A00000688A992A5804355A6680754A6660545
:2016E0009A0096C493A96F030AC493C492A754A866049A012BC400069A0000065302EC14FF
:2016F0005303EC105304EC0B5305ED12768027100EA9F60F1FA69C3093A96F0F768003E8CE
:201700006F04BE646F02BE0A0EA9F60F1FA69B0A00FF291C9B3095A992A8000627A91BABB2
:2017100003E7660428AA00016F0428AB03E72BAA9B0392AB767F16EE96C49B0292AB56BF70
:201720002ECC767F16EE9B0196D492AB767F16EE96DC92AA000627A91BAB270F660428AABE
:2017300000016F0428AB270F2BAA9B0492AB767F16EE9B0396C492AB767F16EE96CC9B0245
:2017400092AB56BF2ED4767F16EE9B0196DC92AB767F16EE96E492AA000627A91BAB03E7BC
:20175000660428AA00016F0428AB03E72BAA9B0392AB767F16EE9B0296C492AB767F16EE36
:2017600096CC9B0192AB56BF2ED4767F16EE96DC92AA00069B0527A9767F16EE9B0496C408
:2017700092AB767F16EE9B0396CC92AB767F16EE96D49B0256BF2EDC92AB767F16EE9B01F5
:2017800096E492AB767F16EE96EC9A01000627A91BAB270F660428AA00016F0428AB270FF1
:201790002BAA9B0492AB767F16EE9B0396C492AB767F16EE9B0296CC92AB767F16EE96D4C2
:2017A0009B0192AB56BF2EDC767F16EE96E492AA000683A97681869F06A60FA5680428AB95
:2017B00000016F048F41869F2BAB9B0592A5767F16EE9B0496C492A5767F16EE9B0396CCE1
:2017C00092A5767F16EE9B0296D492A5767F16EE96DC9B0192A556BF2EE4767F16EE96ECBB
:2017D00092AB000627A91BAB270F660428AA00016F0428AB270F2BAA9B0492AB767F16EE87
:2017E0009B0396C492AB767F16EE9B0296CC92AB767F16EE9B0196D492AB767F16EE96DCD8
:2017F00092AA000627A91BAB03E7660428AA00016F0428AB03E72BAA9B0392AB767F16EE01
:201800009B0296C492AB767F16EE9B0196CC92AB767F16EE96D492AA0006526327A96604CC
:2018100028AA00016F0428AB00632BAA9B0292AB767F16EE9B0196C492AB767F16EE96CC06
:2018200092AA00065302EC155303EC0E5304EC05900F520A68146F11FFCB93A9520A670DAB
:201830009A3094A80006FFC7900F520A68086F05FFC3900F520A68039C3700069C30000614
:201840009B0488A9767F18229B0396C492A6767F18229B0296CC92A6767F18229B0196D4BE
:2018500092A6767F182296DC9A01000688A992A5804355A6680654A666040AC493C46F046E
:201860009A0096C493A992A754A866049A012BC400069A00000692C4EC0A3B1092C49CFFE1
:2018700096C429105200EC039A0000069A01000627A82FA993A592A88EA494AB88A99A01ED
:2018800094A65DA992ABED0A5300EC309A0294A65DA992AB9C0127A96F045300ED02DD81CC
:2018900092A5EC249CFF5CA992A59EAB5201EC149B0A92AA00FF291C9B3095A980A80EA575
:2018A000C4A01901560100A60EAA7FC6BE0AF60F1FA62FA96F080EA5C4A01901560100A6A1
:2018B00056BF2EC6DD81000CFFE10006761F0254922E0006761F025492350006761F02546B
:2018C000922C0006761F0254923C0006761F0254922D0006761F0254CC380080FFC600069B
:2018D000761F025492330006761F0254923200063B10761F0254CC360002FFC02910FF69F3
:2018E00000063B10761F0254CC361000FFCB2910FF6900063B10761F0254CC360010FFC31F
:2018F0002910FF6900063B10761F0254CC3600012910FF69000688A992A455A666039A00EC
:201900006F07761F02540A31543166069A01761F02542B3100069A0300063B10761F025479
:20191000962E2910FF6900063B10761F025496352910FF6900063B10761F0254963029106F
:20192000FF6900063B10761F025496342910FF6900063B10761F0254962C2910FF690006F3
:201930003B10761F0254963C2910FF6900063B10761F0254962D2910FF6900063B10761F68
:201940000254962F2910FF690006761F02541A38008000063B10761F02541838FFBF291085
:20195000FF690006761F02541838FF7F0006B2BD761F027659A9CC21FFFDED20767F18B613
:201960002DA9357388A9923EED0E92338F00953B93A65DA1767F16B9761F0254520056B08B
:20197000013E6F129B0292338F00953B5DA195A6767F16C95200EC086F04761F02542B3BBF
:20198000761F02542B3E761F02544638EE1A761F027692215203ED3B761F02548F00953AFC
:201990005DA192339335767F16B95200EC30761F0248921EED2C761F02541A3800406F27BF
:2019A000923554336624761F027692215204EC1B5205EC19767ED8D7761F02549CFB54332A
:2019B0006912767ED8D7761F02479CFB9B0A27A9920200FF288C93AB55A96905767EBBBEB1
:2019C0005200ED05761F02541838FFBF8BBE00065DA9767F18B65204EC23767F18B6520236
:2019D000EC0F761F024792315273680752916605883193A69DF66F24BE829B786F21761F49
:2019E0000247923152E668081B3101226605883193A69DEC6F15768001049BF06F11761FBF
:2019F00002471B3101CC68081B3102446605883193A69DD86F057680020828A801E0761FE7
:201A000002544938EE0E92338F00953993A6767F16C95201ED11761F02541A38020000062E
:201A100092338F009539767F16B95201ED05761F02541838FDFF0006761F02545DA94038E5
:201A2000EE0E923393308F009537767F16C95201ED12761F02541A380001000692339334D1
:201A30008F009537767F16B95201ED05761F02541838FFFE00065DA9761F027692215203D9
:201A4000EC035206ED1B761F02544138EE0E9233932D8F00953D767F16B95201ED16761F42
:201A500002541A38000200069233932F8F00953D767F16C95201ED096F04761F02542B3DFB
:201A6000761F02541838FFFD0006761F02549238FFC0CA38FFC0CA3841A9EE053B1018367C
:201A7000FFFE6F043B101A36000129104638EE053B101836FFFD6F043B101A3600022910C2
:201A80004438EE053B101836FFBF6F043B101A36004029104038EE053B101836FFEF6F0494
:201A90003B101A36001029104738EE053B101836FEFF6F043B101A36010029104538EE0592
:201AA0003B101836FBFF6F043B101A36040029104938EE053B101836EFFF6F043B101A363F
:201AB000100029100006761F02541838FC001A3800022B362B330006761F025488A9B60A9B
:201AC00096320EA6F60F1FA796330006761BABBDA8BDA0BDC2BDC3BD294256168F006A4026
:201AD000761F01A983A4DD18DC151AC500021A180001761F00331AC4000856BF0821C5BE27
:201AE000C4BE83BE8ABE87BE76177602761B0005ABBDA8BDA0BDC2BDC3BDFF692942561693
:201AF0009A01767F2368761F003328210100C5BEC4BE83BE8ABE87BE000376177602761B3D
:201B00000005ABBDA8BDA0BDC2BDC3BDFF69294256169A01767F23A9761F003328210100EA
:201B1000C5BEC4BE83BE8ABE87BE000376177602761B0005ABBDA8BDA0BDC2BDC3BDFF69B3
:201B2000294256169A00767F2368761F003328210100C5BEC4BE83BE8ABE87BE000376173F
:201B30007602761B0005ABBDA8BDA0BDC2BDC3BDFF69294256169A00767F23A9761F0033FC
:201B400028210100C5BEC4BE83BE8ABE87BE000376177602761B0005ABBDA8BDA0BDC2BD21
:201B5000C3BDFF6929425616761F01A8C504761F0262BE6406A7C30C030EFF5A761F0260B7
:201B600002002B3CF61F561700A692AB3F049605761F02612B032B041BA93239FFE800F45A
:201B70001BA96472FFE600F0761F02608D409B169606761F02628AA1C30E06201E2E761FD9
:201B80000261DC1692329631761F026202001E20761F02612B32761F026C1AC400021A0ECC
:201B90000008767EBBF8520556C000AA8F406800761F0276D00B8AA52B3428950555D00CCF
:201BA000DC0F28950555D00B761F01A19A0018C4FFFC3B018F006840C4A428940555DE0FC2
:201BB000D00C28940555D00918C6FFFCD90A2895FFFFD00A2895FFFFD009DD0E2894FFFFC0
:201BC000D00A2894FFFFDC0E18C4FFFC180EFFF3761F01A018C5FFFC180EFFF3761F025586
:201BD00056BF0117761F0255961A761F025785A91E14761F02581E06761F02569629761F8A
:201BE00002569627761F02569628761F0255961F761F025785A91E26761F02571E24761F5F
:201BF00002581E04761F02571E18761F02571E16761F02571E1C761F02571E2E761F0257C3
:201C00001E28761F0255961D761F02559620761F01A19A00180EFFFC180EFFF3761F01A0FD
:201C1000180EFFFC180EFFF3761F025656BF020C761F025656BF0208761F02559601761F47
:201C200002559602761F02559600761F025785A91E30761F02571E1E761F02729620761F4B
:201C300002729624761F0272961F761F0247962F761F026C1AC100101A0E0002761F0276E0
:201C400092215204ED1C761F026192165201ED0C761F027692375201ED07761F02769219B1
:201C50005201EC027700761F026092295201EC059221EC090B216F070A216F04761F0260E7
:201C60002B212B298F006A00761F01A883A4DD181AC50002DC151A180001761F00331AC4C6
:201C7000000856BF0821C5BEC4BE83BE8ABE87BE000376177602761BABBDA8BDA0BDC2BDF9
:201C8000C3BD294256168F006A20761F01A883A4DD18DC151AC500021A380001761F00338D
:201C90001AC4000856BF0821C5BEC4BE83BE8ABE87BE76177602761B294256160200761F39
:201CA0000180190176171E0C020019011E08761F0033282101007602BE177700000EFFFFAE
:201CB000FF69000676228F406F8076806FC08AA5DC1C18C4FFFE8AA6DC0A1AC400018AA507
:201CC000DC16DD1A18C4FFFC1AC50001761ADE0C1AC600025200ED06761F01BF1A0C000147
:201CD0006F05761F01BF1A0A0001FF69767F1CAC8F006FC083A4DD0A1AC50002767F1CAC77
:201CE000DC0C1AC40002000680A99B80D00792A8CEA7767F1CB2FFD00008FFFB000676221A
:201CF0008F006F8083A4DD1C1AC5000183A4DD16DC1A18C5FFFC18C4FFFE761AFF698F40CE
:201D00006FC08AA5DC0C1AC40002767F1CAC8AA5DC0A1AC40002767F1CACD0089A00761F27
:201D100001BFCD9500011A0C0002530056B001A90006AABDB600D20792A7FF8080A9767F93
:201D20001CEF93A795A980A8000AFFF892A786BE000676228F406F808AA5DC1C18C4FFFE1E
:201D30008F006FC0C4A4DE0A1AC60001C4A5DE16DD1A18C6FFFC1AC50001761AFF69767FAA
:201D40001CACDC0C761F01BF1AC400011A0A0002767F1CAC1A0A00010006767F1CAC76223C
:201D50008F406F808AA5DC1C18C4FFFE8F006FC0C4A4DE0A1AC60001C4A5DE16DD1A18C694
:201D6000FFFC1AC50001761A761F01BFFF691A0A00011A0A0002767F1CAC767F1CAC767F81
:201D70001CACDC0C1AC40001767F1CAC1A0C00020006761F01BF1A0A0001767F1CEF000659
:201D8000B2BDAABDA2BDFE0459A91BA101FF69039A026F4C92A894A11BA9020069039A034D
:201D90006F4592A1CCA9FFF054A1EC089EA19C105AA954A8562B06A26F02D20092A89EA22F
:201DA00093A9A844FFD35BA8CDA9FFF09EA8964192A2EC118A4492A193A2767EDA3B5200E2
:201DB000ED2592A194A259A992A2FFC05AA906440DA21E4492A3EC109CFF5AA99B108A44FD
:201DC00092A1767EDA3B5200ED110644D91009081E44000AFFF59241EC0893418A4492A137
:201DD000767EDA3B5200ED029A00FE8482BE86BE8BBE0006AABDB60028AB0001D20892A7B6
:201DE000FF8080A9767F1CEF93A795A980A8000AFFF81BA701FFEC0892AB28AB0001B6001D
:201DF00072AB520568EC86BE0006B2BDAABDA2BD27A95AA81BAB01FF82A469039A026F5403
:201E000092A294AB1BA9020069039A036F4D767F1D4D92ABFFC62FA9CCAA007E50A8767FAA
:201E10001CE4767F1D795201EC14CCAB00FF767F1CE4767F1D795201EC0C767F1D4DCCAABE
:201E2000007F50A9767F1CE4767F1D795201ED039A016F2892A2EC229CFFDA81D10027A95C
:201E3000767F1D1940A188A9EE0893A1FFD058A8560308A696936F0992A1FFC080A9A2A94E
:201E40000DA78AA992A672C492AB54A169049A00767F1CB2D901000AFFE59A01767F1CB20B
:201E50009A00767F1D2982BE86BE8BBE0006B2BDAABDA2BD82A4767F1D4D27A9FFC65AA879
:201E6000907E50A8767F1CE4767F1D795201EC16CCAB00FF767F1CE4767F1D795201EC0E44
:201E700092A2EC139CFFD1005AA9CC9B00FF767F1CE4767F1D795201ED05767F1D299A01AF
:201E80006F0DD901000AFFF3767F1D298F001387767F1CAC000CFFFE9A0082BE86BE8BBE5F
:201E90000006761F027592090006761F0275920A0006761F027592080006761F0275920780
:201EA0000006761F027592060006761F027592170006761F027592180006761F027592124B
:201EB0000006761F027592160006761F0275920E0006761F02759216540A6702920A000683
:201EC000761F02751E240006761F02751E1C0006761F027506320006761F0275062A0006D6
:201ED000761F027506240006761F027506200006761F0275061C00063B10761F0275960459
:201EE0002910FF6900063B10761F0275960B2910FF690006761F02751E2A0006761F027536
:201EF0001E200006761F02751E1A0006761F0275960A0006761F0275960800061EAC761F83
:201F000002753B010E0B564400A9FF4A1E3200062DA9BE64761F02750200370AF61F56174A
:201F100000A6A92A00065CA888A93B01761F027528AC00648528FF5632A90200F61F56171C
:201F200000A6BE6480AB3F070EA487A6566500261EA60200F61F561700A692AB3F0654A73D
:201F3000660292A79609000688A9761F0275063280A60328FF560FA7650306326F05062838
:201F40003B010732FF401E2888A6062A0326FF560FA66503062A6F0506262901072AFF4024
:201F50001E260006B2BD5CA880A93B01761F02758528761F0276FF5688A993215304EC0309
:201F60005305ED32761F02772D2828ABE64028AA1F87362883A90200761F0275F61F5617FC
:201F700000A52DAB0EA737A61EA60200F61F561700A680AB0EA43F0388AC87A61EA6566555
:201F800000260200F61F561700A692AB3F0554A7660292A79602767EEC6C761F027554028E
:201F9000660359026F04767EEC6C59A9767ED98A5201ED1C761F02759215ED0E9B64D50572
:201FA0008F009D5092A1767F16C9761F0275520056B001156F119B55D5058F009D5092A12B
:201FB000767F16B95200EC086F04761F02752B10761F02752B158BBE00060200761F0275A4
:201FC0001E341E301E2E1E2C2B110006761F0275961600065CA888A93B01761F0275853495
:201FD000761F02785621003A2901FF560EA9761F0275564400A928AC0064FF4932A902004F
:201FE000F61F561700A6BE6480AB3F130EA487A65665002E1EA60200F61F561700A692AB27
:201FF0003F1454A7660292A79611000680A9761F027828AC0064922832A8FFC03B01761FA1
:20200000027888A95621003A0200761F0278F61F561700A692A788AB85A92901FF560EA95B
:20201000564400A928AC0064FF4932A99233FFC080A90200F61F561700A793A655AB660398
:2020200092AB000692A60006761F027506200006761F0275061A00068F009CC0BE8092C436
:202030001AA90200CCA9FE019684000EFFFA000688A880A98F409CC0A0A90DA783A993C52B
:20204000CCA801E0EC0592A4EC0347A4EF1992A75281671692A4907F5CA9CCA8FC00CDA66C
:202050000001FF98CBA9CCA6000188A999A692A4900FFF84CAA693A4911ECBA997C50006FD
:20206000BE18000E0000FF6900068F009CC0BE8080C4CDA701E0EC1A93A792A7FFD0FFC441
:20207000910F900F54A86509CCA70001CDA7FDFFFF88CAA896C480A9CCA7FFE0CDA7FE1F64
:202080009CE018A901FFCAA896C4DC01000EFFE2000652005CA9EC18761F01BF1A04400057
:20209000767F206047A8EE041A0420006F031A022000767F20601A024000767F2060FF9019
:2020A000DC8192A4EDEA0006560304A993A99A04767F20890006560303A993A99A05767F57
:2020B00020890006761F01BF1A0D0400767F20609A0A767F20A49A00767F20AB8F409CC08A
:2020C000D480761F01BF1A044000767F20604985EE041A0420006F031A022000767F206063
:2020D0001A024000767F2060000CFFED1A0B0400767F206000068F406FC08AA5DC021AC49A
:2020E0004000767F20608AA5DC0D1AC40400767F20609A08767F20A49A089B52767F208934
:2020F000DD0B1AC50400767F2060761F01BF1A0D0400767F20609A08767F20A49A089B30D3
:20210000767F2089761F01BF1A0B0400767F20601A0D0400767F20609A08767F20A49A0891
:202110009B0A767F2089761F01BF1A0B0400767F20601A0D0400767F20609A08767F20A47E
:202120009A089B08767F2089761F01BF1A0B0400767F2060767F20601A0D0400767F2060B4
:202130009A08767F20A49A089B02767F2089761F01BF1A0B0400767F20601A0D0400767F44
:2021400020609A08767F20A49A089B06767F2089761F01BF1A0B0400767F206000068F003B
:202150009CC0BE80CCC4FC019684000EFFFD761F01BF1A0D0400767F20609A0A767F20A4D2
:202160009A00767F20AB8F409CC0D480761F01BF1A044000767F20604985EE041A04200060
:202170006F031A022000767F20601A024000767F2060000CFFED1A0B0400767F2060767FD0
:2021800020DB00068F009CC0BE80CCC4FDFF9684000EFFFD0006761F01BF8F009CC0D080CF
:202190001A0B020092941AA9020018A9FE01D08096940006761F01BF1A0D02000006761BC8
:2021A0002942561676256F00761B2942561676256F00761B2942561676256F00761B29425E
:2021B000561676256F00761B2942561676256F00761B2942561676256F00761B294256164D
:2021C00076256F00761B2942561676256F00761B2942561676256F00761B2942561676250E
:2021D0006F00761B2942561676256F00761B2942561676256F00761B2942561676256F002A
:2021E000761B2942561676256F00761B2942561676256F00761B2942561676256F00761BF8
:2021F0002942561676256F00761B2942561676256F00761B2942561676256F00761B29420E
:20220000561676256F00761B2942561676256F00761B2942561676256F00761B29425616FC
:2022100076256F00761B2942561676256F00761B2942561676256F00761B294256167625BD
:202220006F00761B2942561676256F00761B2942561676256F00761B2942561676256F00D9
:20223000761B2942561676256F00761B2942561676256F00761B2942561676256F00761BA7
:202240002942561676256F00761B2942561676256F00761B2942561676256F00761B2942BD
:20225000561676256F00761B2942561676256F00761B2942561676256F00761B29425616AC
:2022600076256F00761B2942561676256F00761B2942561676256F00761B2942561676256D
:202270006F00761B2942561676256F00761B2942561676256F00761B2942561676256F0089
:20228000761B2942561676256F00761B2942561676256F00761B2942561676256F00761B57
:202290002942561676256F00761B2942561676256F00761B2942561676256F00761B29426D
:2022A000561676256F00761B2942561676256F00761B2942561676256F00761B294256165C
:2022B00076177602761B2942561676256F00761B2942561676256F00761B29425616762522
:2022C0006F00761B2942561676256F00761B2942561676256F00761B2942561676256F0039
:2022D000761B2942561676256F00761B2942561676256F00761B2942561676256F00761B07
:2022E0002942561676256F0093A9761F027990FFFFD796189719000688A880A98F409E5CC6
:2022F0000EA7FF32560100A592C55201ED039A016F173B10761F027956BF011AA8D57ECDDE
:2023000056BF01C58AD5FF6992C4767F22E492A756BF011B9319767F259829109A00FF69C7
:202310000006B2BDAABDA2BDFE02520059A882A49641ED09761F01BF1A0B0004761F0260B7
:2023200056BF011F5201ED09761F01BF1A030004761F026056BF01200EA98D809E5CFF328D
:20233000560100A292C25201ED039A016F2C761F0248922A5201ED1692A1767E84A888A952
:202340000EA18AA31901560100A493A6FFD797C4A2A90DA18AA9D902CCA600FF96C456BF3B
:202350000DCC3B10A2D279CA56BF01C28AD2FF69924193C4767F25980201560100D20BCA19
:2023600029109A00FE8282BE86BE8BBEFF690006B2BDAABD5AA98D409E5C0EA2FF325601F7
:2023700000A192A2767F25745200ED3192A2767F25C892C9EC25761F0279921AEC17921B8C
:202380005201EC0C8AD192C4767F22E492A256BF011B9319767F25986F1A931892A2767F26
:202390002598761F02792B1B6F068AD192A293C4767F25980201560100D10BC96F08761F02
:2023A00002792B1A92A22BC1767F25A486BE8BBE0006B2BDAABD59A98F009E600EA1FF32A7
:2023B000560100A492A186C4767F25805200ED0B92A1767F25D292A1767F258C9B028AA2F0
:2023C000767F271E86BE8BBE000683A43B100EA98F009E60FF69FF32560100A48AC4767FA3
:2023D000270829109B00FF69520256B101A892A800060EA98F009E5CFF32560100A492C47C
:2023E0000006B2BDAABD59A588A883A40EA98D809E5C8F009E6CFF32560100A4560100A230
:2023F00092A6A8E2767F27022BC22BCA79F286BE8BBE0006520080A82DA9EC575201EC46F5
:202400005202EC36522DEC11525AEC0F5287EC0D52B4EC0B52E1EC091BAC010EEC061BAC9D
:20241000013BEC0392A76F5A3B10761F0256768001680200373D3B0128AC1194761F0257CF
:20242000F61F561700A688AB850032A71EA70200F61F561700A792AB94A6761F0256FF6927
:20243000933D00FF291C93A9923D9EA86F313B10761F0260923F9C02761F02570EA9F60F2C
:202440001F049C012DA912046F223B103B01761F025728AC1194850032A71EA60200F61F18
:20245000561700A692AB6FDA3B103B01761F025728AC1194850032A71EA6761F02600200CA
:20246000F61F561700A692AB943F9C01FF69761F0256933D00FF291C2910761F027E1B2491
:20247000FFFFEC0E1B25FFFFEC063B1096207C1D7D1E6F0A3B1096257C237D1F6F053B1076
:2024800096247C217D222910FF690006761F027E88A91B24FFFFEC1A5424ED1828AC0006BF
:202490008F009B1630222D21560100A49B01FF6799E49B012D22761F026CFF67990E761F42
:2024A000027E2824FFFF56BFFF211B25FFFFEC1B92A65425ED1828AC00068F009B16301FB9
:2024B0002D23560100A49B01FF6799E49B012D1F761F026CFF67990E761F027E2825FFFFEA
:2024C00056BFFF231B20FFFFEC1B92A65420ED1828AC00068F009B16301E2D1D560100A427
:2024D0009A01FF6698E49A012D1E761F026CFF66980E761F027E2820FFFF56BFFF1D0006EA
:2024E0003B108F009B16D00E2B94D0142B94D01A2B94D0202B94D0262B942910FF6900065D
:2024F0003B108F009B16D00F56BF0194D00E56BF1494D01556BF0294D01456BF1494D01B01
:2025000056BF0394D01A56BF2894D02156BF0594D02056BF6494D02756BF0794D02656BF06
:20251000C8942910FF690006B2BD767ED81228A903E8767ED523767F27959AC89B008F3E38
:20252000C8D1767F27528D409B169AC89B018F3EC86056BF0BD956BF28D1767F2752D009D5
:202530009AFA9B028F3EF05B2B91D00856BF2891767F2752D00F9AC89B038F3F012C56BF83
:202540000191D00E56BF1491767F2752D0159AC89B048F3EEB0856BF0291D01456BF1491F7
:20255000767F2752D01B9AC89B058F3E948856BF0391D01A56BF2891767F2752D0219AC805
:202560009B068F3F059156BF0591D02056BF6491767F2752D02756BF0791D02656BFC8913B
:20257000767F276E8BBE00065200EC085201ED04767F265C00069A000006767F2663000647
:202580005200EC085201ED04767F266A00069A000006767F267100065200EC085201ED046A
:20259000767F267800069A000006767F267D00065200EC075201ED0892A8767F26820006EA
:2025A00092A8767F268800065200EC095201ED0C767F268E761F02602B200006767F269306
:2025B000761F02602B1F00065200EC065201ED06767F26980006767F269D00065200EC067F
:2025C0005201ED06767F26A20006767F26A700065200EC065201ED06767F26AC0006767FDE
:2025D00026AD00065200EC065201ED06767F26AE0006767F26AF00065200EC075201ED085C
:2025E00092A8767F26B0000692A8767F26B10006761F026CCC0E000F58A9EC058F009F7048
:2025F00092940006920E90F0EC0ACC0E00F08F009F70FFC358A992949C040006CC0E0F00A9
:20260000EC0ACC0E0F008F009F70FFC758A992949C080006CC0EF000EC09920E8F009F70A9
:20261000FFCB58A992949C0C00069A0600063B10FF69767F25E828AC0006761F026C8F0044
:202620009B16960C761F026C960D761F026C300C761F026C560100A4A810003F2910FF69CC
:2026300000068F009B16BE0602001EC42BD42BDC2BE428ECFFFFDC06000EFFF900068F40B8
:20264000A800768007078AA52B84000EFFFF761F026CA0140006761F026C2B0E0200761F54
:20265000026C2B0D761F026C2B0C761F026C1E10761F026C1E120006761F01DD9214FFC642
:20266000FF5E90010006761F01C19214FFC6FF5E90010006761F01DD9215FFC5FF5E9001E4
:202670000006761F01C19215FFC5FF5E90010006761F01DDCC1700FF0006761F01C1CC17F9
:2026800000FF0006761F01DD1A14000196190006761F01C11A14000196190006761F01DD30
:202690001814FFFE0006761F01C11814FFFE0006761F01DD1814FFFD0006761F01C1181451
:2026A000FFFD0006761F01DD1A1400020006761F01C11A14000200060006000600060006CA
:2026B00000060006B2BDAABD59A93B10761F026C8A1293A1FF5F5AA879EC92E4CEA2EC056C
:2026C00093A1C1E429106F17761F026C9A012D0D761F026CFF66FF5EC00E2910FF69767F61
:2026D00026173B10761F026C8A1293A192E4C1E42910CEA286BE8BBEFF69000680A888A977
:2026E0003B109A062DA68F009B1636A92DA7560100A49A01FF6698E493ECFF5FCFE4EC072F
:2026F0009B012DA6761F026CFF67990E2910FF6900063B10761F026C8A1292E42BE42910FC
:20270000FF690006A0C4A0D4A0E42BF496FC000692F4ED039A020006C4D492C696C50BF4D6
:2027100080FCC4D4A3E4A9A90DA70FA6EC0506A609011ED46F02A9D49A00000658FC88A9A7
:2027200092A054F4EC1283C47EC50AF480FCC4C4A3E4A9A90DA70FA6EC0506A609011EC4CA
:202730006F02A9C49A0000065301EC0D5302ED1906E48AC40FA4EC04DC817EC46F128AA935
:202740007E946F0F83C47EC580FCC4C4A3E4A9A90DA70FA6ED03A9A66F02DE01C2C4C2D46E
:202750009A010006B2BD761F026C59A883140EA956010014767F28409A062DA18F409B1651
:20276000761F026C36A9560100A59A01A8C5FF662BD52BDD2BE5980E8BBE0006767F25E8FF
:20277000761F026C28AC00068F009B16960C960D300C560100A4A810A812767F27E000063C
:20278000767F25E8761F026C960C920D540CEC0D920C28AC00068F009B16960D300C5601AC
:2027900000A4A810767F28130006767F263F767F264B767F2631000628AD0000FF69561FD3
:2027A0005616561A2940761F00002902761B762228A9310028A8003F0901611B76FF3100AE
:2027B00029046F0F9B0024A9DF016C04290424A8DF011EA6F7A1248606A781A109011EA729
:2027C00024A96303FF5C3B0459A9DF010009FFEC761A28A9FFFF28A8FFFF0901610E76FF3B
:2027D000FFFF6F06DF01C3BD1EA73E67C5BE24A9DF0124A8FF5860F7767F28CF767F28EA0F
:2027E000761F026CC41206C696AD000787BEC5BEC4BE83BE8ABE82BE86BE000376017602A1
:2027F000761B76090005AABDA2BDA8BDA0BDC2BDC3BDABBD0004761F026CC41292AD1EC6C5
:20280000761F026CC51006C796AD06101E12000787BEC5BEC4BE83BE8ABE82BE86BE000329
:20281000760176177602000700076FE629022904565FFF5A0642565F1E420200F61F561782
:20282000004206AB56322902762029022904565FFF5A0642FF561E420200F61F5617004233
:20283000563229027620FF5A0200F61F56170042A9A97620FF5A0200F61F56170042762083
:202840002B852B852B852B852B852B852B852B8528850A0A2B852885018C2B85A8A9968531
:20285000978528850A0A2B852B852B852B852B852B852B852B852B852B852B852B852B859B
:202860002B852B852B852B852B852BC5DD028AA5000676C09B1606A7D0008AA7092403A47B
:20287000090683A992D4EC120ADC54DC660F9A062DA02BDC37A9761F026C06A707AB1EA6A4
:202880009A011AE60001FF66980EDD860206D801DC060FA569E800065CA871A997A63B01C9
:2028900085A9FF565DA985A4FF565CA992A5F60F1FA44FA66C02FF5C762096A65CA83B014D
:2028A00085A9FF565DA985A4FF565CA992A5F60F1FA44FA66C02FF5D92A87620FF5A8EA4F3
:2028B000C5A492ABEC079CFF88A992859687000EFFFE92AB88A9A9A90FA6EC1093AAEC0EBC
:2028C000A9A99DFF5CA876BFFFFE92859687000EFFFE92859687000CFFF88AA0000628AB5B
:2028D000FFFF28AAFFFF28A9FFFF28A8FFFF0FABED04BE00D4006F098AA928A9FFFF28A8F6
:2028E000FFFF88C409028AA992A6767F2514000677006F00B2BD761F027259A9C53E3E67DC
:2028F000761F0275C53A06A7EC0392A13E67761F02750638EC031EA73E67767F28E88BBE58
:2029000000069A0000065200EC079CFF88A992849685000EFFFE00063B108F3F56FA8F4086
:202910009F46FF69767F29032910FF69000697A69B00F60F1FA6762097A69B00F60F1FA6B8
:1E29200092A87620761F0272A83C0006761F0272A83E000600069A0000069A0000069B
:20300000561F8D007029762228C00068761A9A00D50028A403FFF7A496858F40078028A488
:20301000007FF7A496858F40800028A40FFFF7A496858F40900028A40FFFF7A496858F7F8F
:1E302000A00028A41FFFF7A4968558A95DA95CA92BBD28BD0A0B76007613007F279C23
:20310000FFFF97C000000000FFFF97C100000000FFFF97C200000000FFFF97C30000000055
:20311000FFFF97C800000000FFFF97C900000000FFFF97CA00000000FFFF97CB0000000025
:20312000FFFF97CC00000000FFFF97CD00000000FFFF97CF00000000FFFF97D10000000002
:20313000FFFF97D200000000FFFF97D300000000FFFF97D400000000FFFF97D600000000DC
:20314000FFFF97D700000000FFFF97DC00000000FFFF97E000000000FFFF97E400000000A4
:20315000FFFF97E500000000FFFF97E700000000FFFF97EA00000000FFFF97EB000000006A
:20316000FFFF97EC00000000FFFF97ED00000000FFFF97EE00000000FFFF97EF0000000045
:20317000FFFF97F000000000FFFF97F100000000FFFF97F200000000FFFF97F30000000025
:20318000FFFF97F400000000FFFF97F500000000FFFF97F600000000FFFF97F70000000005
:20319000FFFF97F800000000FFFF97F900000000FFFF97FA00000000FFFF97FB00000000E5
:2031A000FFFF97FC00000000FFFF97FD00000000FFFF97FE00000000FFFF97FF00000000C5
:2031B000FFFF980000000000FFFF980300000000FFFF980400000000FFFF9805000000009B
:2031C000FFFF980600000000FFFF980800000000FFFF980A00000000FFFF980B0000000074
:2031D000FFFF980C00000000FFFF980D00000000FFFF980E00000000FFFF980F0000000051
:2031E000FFFF981000000000FFFF981100000000FFFF981200000000FFFF98140000000030
:2031F000FFFF981500000000FFFF981600000000FFFF981700000000FFFF9818000000000D
:20320000FFFF981900000000FFFF981A00000000FFFF981B00000000FFFF981C00000000EC
:20321000FFFF981D00000000FFFF981E00000000FFFF981F00000000FFFF982000000000CC
:20322000FFFF982100000000FFFF982200000000FFFF982300000000FFFF982400000000AC
:20323000FFFF98250000000AFFFF982600000000FFFF98270000000AFFFF98280000000A6E
:20324000FFFF982900000000FFFF982A00000000FFFF982B00000000FFFF982C000000006C
:20325000FFFF982D00000000FFFF982E00000000FFFF982F00000000FFFF9830000000004C
:20326000FFFF983100000000FFFF983200000000FFFF983300000000FFFF9834000000002C
:20327000FFFF983500000000FFFF983600000000FFFF983700000000FFFF9838000000000C
:20328000FFFF983900000000FFFF983A00000000FFFF983B00000002FFFF983C00000000EA
:20329000FFFF983E00000014FFFF984000000000FFFF984100000000FFFF984200000000B1
:2032A000FFFF984300000000FFFF984400000000FFFF98450000001AFFFF98460000110178
:2032B000FFFF984700000CF4FFFF9848000013DFFFFF984A000013DFFFFF984B000002712B
:2032C000FFFF984C00000470FFFF984D00000248FFFF984E000001A7FFFF984F000002B048
:2032D000FFFF985200000000FFFF985400000000FFFF985500000000FFFF98560000000134
:2032E000FFFF985700000000FFFF985800000000FFFF985900000000FFFF985B0000000013
:2032F000FFFF985D00000022FFFF985E000001AEFFFF985F000000CFFFFF98600000001F2D
:20330000FFFF986100000000FFFF986200000000FFFF986300000000FFFF986400000000CB
:20331000FFFF986500000000FFFF986600000000FFFF986700000000FFFF986900000000AA
:20332000FFFF986A00000000FFFF986B00000000FFFF986C00000000FFFF986D0000000087
:20333000FFFF986E00000000FFFF986F00000000FFFF987100000000FFFF98720000000065
:20334000FFFE9874000000000000FFFE9876000000000000FFFE9878000000000000FFFE4F
:20335000987A000000000000FFFE9880000000000000FFFE9884000000000000FFFE988AFE
:20336000000000000000FFFE988C000000000000FFFE988E000000000000FFFE98900000E4
:2033700000000000FFFE9896000000000000FFFE9898000000000000FFFE989A00000000B6
:203380000000FFFE989C000000000000FFFE989E000000000000FFFE98A000000000000094
:20339000FFFE98A2000000000000FFFE98A4000000000000FFFE98A6000000000000FFFE75
:2033A00098A8000000000000FFFE98AA000000000000FFFE98AC000000000000FFFE98AE0A
:2033B000000000000000FFFE98B0000000000000FFFE98B2000000000000FFFE98B4000028
:2033C00000000000FFFE98B8000000000000FFFE98BC000000000000FFFE98BE00000000FC
:2033D0000000FFFE98C6000000000000FFFE98DA000000000000FFFE98DC000000000000A2
:2033E000FFFE98DE000000000000FFFE98E0000000000000FFFE98E2000000000000FFFE71
:2033F00098E6000000000000FFFE98E8000000000000FFFE98EA000000000000FFFE98ECC2
:20340000000000000000FFFE98F0000000000000FFFE98F2000000000000FFFE98F4000017
:2034100000000000FFFE98F6000000000000FFFE98F8000000000000FFFE98FA00000000F5
:203420000000FFFE98FC000000000000FFFF91E000000028FFFF91E100000029FFFF91E25A
:2034300000000000FFFF91E30000000DFFFF91E400000000FFFF91E700000000FFFF91E89D
:2034400000000000FFFF91E900000000FFFF91EA0000002AFFFF91EC00000000FFFF91ED5A
:2034500000000000FFFF91EE00000000FFFF91EF00000000FFFF91F000000000FFFF91F162
:2034600000000208FFFF91F200000032FFFF91F300000000FFFF91F400000000FFFF91F506
:2034700000000E10FFFF91F600000000FFFF91F700000000FFFF91F800000000FFFF91F904
:2034800000000000FFFF91FA00000000FFFF91FB00000000FFFF91FC00000000FFFF91FD02
:2034900000000000FFFF91FE00000000FFFF91FF00000000FFFF920000000000FFFF9201E0
:2034A00000000001FFFF920200000000FFFF920400000000FFFF920500000000FFFF920EB2
:2034B00000000000FFFF921A00000000FFFF921B00000000FFFF921C00000000FFFF921D4E
:2034C00000000000FFFF921E00000000FFFF921F00000000FFFF922000000000FFFF92212E
:2034D00000000000FFFF922200000000FFFF922300000000FFFF922500000004FFFF922707
:2034E00000000000FFFF922900000000FFFF922A00000001FFFF922B00000000FFFF922CE1
:2034F00000000000FFFE922D000000000000FFFF922F00000000FFFE923200000000000080
:20350000FFFF923C00000000FFF0924000000000102120423063408450A560C670E7810839
:203510009129A14AB16BC18CD1ADE1CEF1EFFFFF928000000000FF38930000008000003EE8
:2035200007AE003F07B2003F07FB003F07FF003F07F7003F07F9003F07CB003F07CF003F77
:203530000799003F079D003F07E3003F07E7003F07EB003F07EF003F07D3003F07D7003FC7
:2035400007A5003F07C6003F075F003F0785003F0772003F0CFC003F0CF8003FEC48003E50
:203550000823003FF226003EF228003EF25C003EF254003EF1FE003EF216003EF278003E18
:20356000F274003EF284003EF26C003EF270003EF2B0003EF2A8003EF2AC003EF216003EDD
:20357000F1FA003EF212003EF21A003EF2B3003EF21E003E0789003FF20E003EF202003E16
:2035800007DF003F07DB003FEC90003EF1F2003EF1E2003EF1E6003EF238003EF23C003E10
:20359000F1EE003E07AA003FEC8C003EEC94003EEC9C003EEC98003EEC90003EECA0003E8E
:2035A000EC5C003E8000003EEC6C003E0795003FF234003E07F3003F0791003F8000003E24
:2035B0008000003E8000003E8000003E8000003E8000003E8000003E8000003E8000003E0B
:2035C0008000003E8000003E8000003E8000003E8000003E8000003E8000003E8000003EFB
:2035D0008000003E8000003E8000003E8000003E8000003E8000003E8000003E8000003EEB
:2035E0008000003E8000003E8000003EFFFF9E0000000000FFFF9E0100000008FFFF9E02B2
:2035F00000000000FFFF9E0300000000FFFF9E0400000011FFFF9E0500000000FFFF9E0826
:2036000000000080FFFF9E0C00000014FFFF9E1300000000FFFF9E1400000000FFFF9E155E
:2036100000000000FFFF9E1700000000FFFF9E1800000000FFFF9E1900000000FFFF9E1AC8
:2036200000000000FFFF9E1B00000000FFFF9E1C00000000FFFF9E1D00000000FFFF9E1EA8
:2036300000000000FFFF9E1F00000000FFFF9E2000000000FFFF9E2200000000FFFF9E2386
:2036400000000000FFFF9E2400000000FFFF9E270000F830FFFF9E2800000BB8FFFF9E2A72
:2036500000000000FFFF9E2B00000000FFFF9E2C0000FB50FFFF9E2E00000000FFFF9E2FEB
:2036600000000000FFFF9E3100000000FFFF9E3300000960FFFF9E3400000000FFFF9E36A3
:20367000000000C8FFFF9E3900000000FFFF9E3A00000400FFFF9E3B00000000FFFF9E3C14
:2036800000000000FFFF9E3D00000000FFFF9E3E00000000FFFF9E3F00000000FFFF9E40C0
:2036900000000000FFFF9E4200000000FFFF9E4400000000FFFE9E4C000000000000FFFE78
:2036A0009E4E000000000000FFFE9E50000000000000FFFE9E52000000000000FFFE9E5457
:2036B000000000000000FFFF954100000000FFFF95440000002BFFFF9546000000A0FFFFAD
:2036C000955200000000FFFF955400000000FFFF955500000000FFFF955600000000FFFF4D
:2036D000955A00000000FFFF955B00000000FFFF95640000021CFFFF956500000028FFFFCA
:2036E00095660000001EFFFF95680000001EFFFF956900000030FFFF956B00000597FFFFD4
:2036F000956C000002CCFFFF956F00000000FFFF957000000000FFFF95710000012CFFFFB7
:20370000957400000001FFFF957600001388FFFF957700000000FFFF957900000091FFFF56
:20371000957C00000000FFFF958300000000FFFF958400000000FFFF958500000000FFFF45
:203720009587000000A4FFFF958800000002FFFF958A00000000FFFF958B000000A4FFFFCF
:20373000958C00000002FFFF958D00000000FFFF958E00000000FFFF958F00000036FFFFBF
:20374000959100000000FFFF95920000009EFFFF959300000018FFFF959600000000FFFF1B
:20375000959700000000FFFF959900000001FFFF959A00000064FFFF959B00000000FFFF43
:20376000959F0000000FFFFF95A600002328FFFF95C000000927FFFE95C80000025800004B
:20377000FFFE95E8000000000000FFFE95EE000000000000FFFF964000000000FFFF9E824D
:2037800000000000FFFF9E8300000064FFFF9E8400000000FFFF9E8600000000FFFF9E8840
:2037900000000000FFFF9E8900000000FFFF9E8A00000000FFFF9E8B00000000FFFF9E8D7E
:2037A00000000000FFFF9E8F00000000FFFF9E9000000000FFFF9E9700000000FFFF9E984B
:2037B00000000000FFFF9E9900000000FFFF9E9A00000000FFFF9E9B00000000FFFF9E9C1F
:2037C00000000000FFFF9E9D00000000FFFF9E9E00000000FFFF9E9F00000000FFFF9EA0FF
:2037D00000000000FFFF9EA100000001FFFF9EA200000000FFFF9EA300000000FFFF9EA4DE
:2037E00000000000FFFF9EA500000000FFFF9EA700000000FFFF9EA800000000FFFF9EA9BC
:2037F00000000000FFFF9EAA0000021CFFFF9EAB00000000FFFF9EAC0000021CFFFF9EAD5F
:2038000000000000FFFF9EAE00000000FFFF9EB200000000FFFF9EB300000000FFFF9EBA6B
:2038100000000002FFFF9EBC00000000FFFF9EBE0000000AFFFF9EBF00000001FFFF9EC022
:2038200000000000FFFF9EC100000000FFFF9EC300000000FFFE9EC4000000000000FFFE70
:203830009EC6000000000000FFFE9EC8000000000000FFFF9D8000000000FFFF9D8100007A
:203840000000FFFF9D8200000000FFFF9D8300000000FFFF9D8400000000FFFF9D850000EE
:203850000000FFFF9D8600000000FFFF9D8700000000FFFF9D8800000000FFFF9D890000CE
:203860000000FFFF9D8A00000000FFFF9D8B00000000FFFF9D8C00000000FFFF9D8E0000AD
:203870000000FFFF9D8F00000000FFFF9D9000000000FFFF9D9200000000FFFF9D95000086
:203880000000FFFF9D9600000001FFFF9D9700000000FFFF9D9A00000005FFFF9D9D000052
:203890000000FFFF9D9E00000000FFFF9DA400000000FFFF9DA500000000FFFF9DA600001F
:2038A0000000FFFF9DA700000000FFFF9DA800000000FFFF9DA900000000FFFF9DAA0000FA
:2038B0000000FFFF9DAB00000000FFFF9DB200000000FFFF9DB300000000FFFF9DB50000C7
:2038C0000000FFFF9DB700000000FFFF9DB800000000FFFF9DBA00000000FFFF9DBD000096
:2038D0000000FFFF9DBF00000000FFF59DC400000000000000000000000000000000000029
:2038E000000000000000FFFF9ECA00000000FFFF9ECB00000000FFFF9ECC00000000FFFF95
:2038F0009ECD00000000FFFF9ECE00000000FFFF9ECF00000000FFFF9ED400000000FFFF0A
:203900009ED600000000FFFF9EDB00000000FFFF9EDC00000000FFFF9EDD00000000FFFFCD
:203910009EDE00000000FFFF9EDF00000000FFFF9EE000000000FFFF9EE100000000FFFFA9
:203920009EE200000000FFFF9EE300000000FFFF9EE400000000FFFF9EE500000000FFFF89
:203930009EE600000000FFFF9EE700000000FFFF9EE800000000FFFF9EE900000000FFFF69
:203940009EEA00000000FFFF9EEB00000000FFFF9EEC0000009BFFFF9EED00000064FFFF4A
:203950009EEF00000082FFFF9EF000000082FFFF9EF20000008CFFFF9EF3000000A0FFFFF3
:203960008E000000002AFFFF8E0100000000FFFF8E02000001F4FFFF8E030000012CFFFFC5
:203970008E0400000000FFFF8E0500000226FFFF8E0600000000FFFF8E0700000000FFFFC9
:203980008E0800000000FFFF8E0900000000FFFF8E0A00000000FFFF8E0B00000000FFFFD1
:203990008E0D00000000FFFF8E0E00000226FFFF8E0F00000000FFFF8E1000000000FFFF85
:2039A0008E1100000000FFFF8E1200000000FFFF8E1300000010FFFF8E1400000000FFFF7D
:2039B0008E1500000000FFFF8E1600000000FFFF8E1700000001FFFF8E1800000000FFFC6F
:2039C0008E1A0000143E003F13EA003FFFFC8E1E0000140E003F13CD003FFFFF9C9E000013
:2039D0000000FFFF9C9F00000000FFFF9CA000000000FFFF9CA100000000FFFF9CA20000ED
:2039E0000000FFFF9CA300000000FFFF9CA400000000FFFF9CA50000021CFFFF9CA60000AF
:2039F0000234FFFF9CA90000000BFFFF9CAA00000000FFFF9CAB0000000AFFFF9CAC00005A
:203A00000000FFFF9CAD00000800FFFF9CAF00000000FFFF9CB200000000FFFF9CB3000075
:203A10000000FFFF9CB400000000FFFF9CB500000000FFFF9CB600000000FFFF9CB8000057
:203A20000000FFFF9CB900000000FFFF9CBA00000000FFFF9CBB00000000FFFF996400008F
:203A30000000FFFF996500000000FFFF996600000000FFFF996800000000FFFF996A00007D
:203A40000000FFFF996C00000000FFFF996D00000000FFFF996E00000000FFFF996F000054
:203A50000000FFFF997000000000FFFF997100000000FFFF997200000000FFFF9973000034
:203A60000000FFFF997400000000FFFF997500000000FFFF997600000000FFFF9977000014
:203A70000000FFFF997800000001FFFF997900000001FFFF997A00000001FFFF997B0000F1
:203A80000001FFFF997C00000001FFFF997D00000001FFFF9C0E00000000FFFF9C110000A9
:203A90000000FFFF9C1800000000FFFF9C3F00000000FFFF9C4000000000FFFF9C410000D6
:203AA0000000FFFF9C4200000000FFFF9C4300000000FFFF9C4400000000FFFF9C45000090
:203AB0000000FFFF9C4600000000FFFF9C4800000000FFFF9C4900000000FFFF9C4A00006D
:203AC0000000FFFF9C4B00000000FFFF9C5B00000014FFFF9C5C00000000FFFF9C61000007
:203AD0000000FFFF9C6700000001FFFF9C6A00000000FFFF9C6B00000000FFFF9C6C0000C5
:203AE0000000FFFF9F1700000000FFFF9F2500000800FFFF9F2800000000FFFF9F290000BD
:203AF0000000FFFF9F2A00000000FFFF9F2B00000000FFFF9F2C00000000FFFF9F2F000092
:203B00000000FFFF9F3300000000FFFF9F3400000000FFFF9F3500000000FFFF9F3700005E
:203B10000800FFFF9F3900000800FFFF9F8200000000FFFF9F8500000000FFFF9F8600004B
:203B20000000FFFF9F8700000000FFFF9F8A00000000FFFF9F8B00000000FFFF9F8C0000E9
:203B30000000FFFF9F8D00000000FFFF9F8E00000001FFFF9F9000000000FFFF9F950000C0
:203B40000096FFFE9F98000000000000FFFF9DE700000000FFFF9DE900000800FFFF9DEC06
:203B500000000000FFFF9DED00000000FFFF9DEE00000000FFFF9DEF00000000FFFF9DF52A
:203B600000000000FFFF9DFD00000000FFFF9DFE00000000FFFF9F9D000000FFFFFF9F9EA0
:203B700000000000FFFF9F9F00000000FFFF9FA00000FFFFFFFF9FA1000000FFFFFF9FA242
:203B800000000000FFFF9FA3000000FFFFFF9FA40000FFFFFFFF9FA50000FFFFFFFF9531A3
:203B900000000000FFFF953700000000FFFF953900000000FFFF953A00000000FFFF953BE4
:203BA00000000000FFFF953D00000000FFFF953E00000000FFFF998000000000FFFF998135
:203BB00000000000FFFF998300000000FFFF998400000000FFFF998A00000000FFFF998B7D
:203BC00000000000FFF09F70000000FF0000000100000002000000010000000300000001E0
:203BD00000000002000000010000FFFF9D4400000800FFFF9D4B00000800FFFF9D50000012
:203BE0000000FFFF9D5500000000FFFF9E5800000000FFFF9E5900000000FFFF9E5A0000F6
:203BF0000000FFFF9E5B00000000FFFE9CBC0000292A003FFFFE9CBE0000292A003FFFFEF1
:203C00009D78000000000000FFFE9D7A000000000000FFFF9BF900000800FFFF9BFC00004C
:1E3C10000800FFFF9B4600000000FFFF9B480000FFFFFFFF953F0000000000000000FE
:203E0000767E98BA767E9D88761F02709211EC575201EC525203EC4D5205EC485204EC4327
:203E10005202EC3E5206EC375207EC305208EC295209EC22520FEC1B520AEC16520BEC112C
:203E2000520CEC0A520DED3F767E9E3F767EEC74767E9E760006767E9EAD767EEC7C6FF96D
:203E3000767E9ED60006767E9EF00006767E9F09767E9F310006767E9F09767EEC5C6FE9E6
:203E4000767E9F09767E9F440006767E9F09767E9F8B0006767E9F09767E9F9E0006767E62
:203E50009F096F0F767EA00C6F0C767EA0436F09767EA05F6F06767EA0766F03767EA0A2A8
:203E6000767E9FE10006761F027692215204620C5204EC375200EC0D5202EC0B520356C1C9
:203E70000094FFEF00AC5205EC0D520656C000A7761F01BF440156CC00A24301EE0CFFEF15
:203E8000009E767E80415200EC069A409B01D402767F20389A3E9B01D400767F20389A4281
:203E90009B01D400767F20389A729B01D400767F20389A3C9B01D400767F20389A3D6F7A39
:203EA0009A3E9B01D400767F2038767EBBF85202ED05761F02389236EC35767E80415200C1
:203EB000EC45767E96725201EC1E767EBBF85209EC0D9A409B01D402767F20389A469B0158
:203EC000D400767F2038D4006F0C9A409B01D402767F20389A469B01D402767F2038D40264
:203ED0009A436F219A00767E9A8A9B01D4009A40767F20389A469B01D400767F20389A43A2
:203EE0006F119A409B01D400767F20389A469B01D400767F20389A439B01D400767F203874
:203EF0009A4CD4009B01767F2038761F01BF4301EE099A429B00D400767F20389A3D9B0075
:203F00006F1A9A426F98767E80415200ED089A469B01D400767F2038D4006F079A469B01D6
:203F1000D400767F2038D4029A409B01767F20389A419B01D400767F2038767F10211BA955
:203F20000258690C767F107E5201EC03D4006F02D4029A3E9B01767F2038761F02479B0A8E
:203F3000922600FF291C5200EC339226520AEC30767EFE3946A9EE2C9A4E9B01D400767F53
:203F400020389A459B01D400767F20389A4F9B01D400767F2038767F022A5200ED03D40090
:203F50006F02D4029A4D9B01767F2038761F027692215203ED0A9A479B01D400767F203890
:203F6000761F0248920EED0D9A4CD4006F07767F022A5200EC069A4DD4029B01767F20388D
:203F7000761F02479201ED069A4F9B01D400767F2038767ED9E65201EC049A3F9B016F034A
:203F80009A3F9B00D400767F2038761F027692215201EC115206ED09761F02489201520169
:203F9000ED04767EA7796F07767EA763767E9848767E98D0761F027692215206EC10761FBF
:203FA000027192075201EC0B761F0275923E5201ED069A0B9B01D400767F2038761F023858
:103FB0009237EC069A689B01D400767F2038000681
:20400000761B0005ABBDA8BDA0BDC2BDC3BDFF6929425616767F2869761F01A51A1C0001AA
:20401000761F003356BF0421761F02600A384038EF15767EE793761F02600A341B34EA609D
:20402000690D2B34767EF63D520CEC05761F02722B376F04761F02720A37761F026692017D
:20403000EC12761F02600A3A923A5214690F761F02662B01761F026C1A384000761F026CCC
:204040001A0E0020761F02602B3A9220ED0D9227520B670B9C019627520AED07761F01BF89
:204050001A0500046F022B27761F0260921FED0D9228520B670B9C019628520AED07761FFF
:2040600001BF1A0D00046F022B28C5BEC4BE83BE8ABE87BE000376177602761B0005ABBDB8
:20407000A8BDA0BDC2BDC3BDFF6929425616761F01C456BF341AF66E7700F66E7700F66E59
:2040800077004D00EEFFFF6976408A80761F002C9201761F02769E02761F026008A9F800A6
:204090009611761F002C9206761F026108A9F8009630761F002C9205761F025F08A9F800B2
:2040A000962C761F027692215203ED3F761F026092185203670B9226ED3B0A259225521469
:2040B000693756BF14252B1E6F33921ECA26ED29923D2B1C2B1A961B761F027856BF01230D
:2040C000761F026056BF962656BF011E56BF01247622761F01A11A180004761A761F027806
:2040D00092245206680E2B24761F027E56BF2202761F026C1A200002761F026C1A0E000243
:2040E000761F02602B256F04761F02602B26761F02769221520356C1014A5202ED07761F6A
:2040F00002769234520756C10142761F02769221520456C001303B01761F02608511761F04
:204100000255FF56542B652477007622761F01A01A180004761F01A11A180004761A761FDE
:20411000026056BF0129761F027A933A761F02605521660E2B21761F027E56BF1502761F0D
:20412000026C1A200002761F026C1A0E0002761F0255542C623A767F18B6761F026B2DA905
:2041300031059201761F02549EAB5433682E761F0261921B52146629767F18CA5201ED069E
:20414000761F027692345202EC20761F02774331EF06761F027692345209EC177700762275
:20415000761F01A01A170004761F01A11A170004761A761F0261921656B10116761F02553E
:2041600056B10134FFEF011C77007622761F01A01A180004761F01A11A180004761A761FEB
:2041700002769219EC027700761F0276923456C100A18F406800D00B2B348AA52895055565
:20418000D00CDC0F28950555761F01A1D00B9A0018C4FFFC3B018F006840C4A428940555CD
:20419000DE0FD00C28940555D00918C6FFFC2895FFFFD00A2895FFFFD009DD0E2894FFFFB0
:2041A000D00A2894FFFFDC0E18C4FFFC180EFFF3761F01A018C5FFFC180EFFF3761F025580
:2041B00056BF0117761F0255961A761F025785A91E14761F02581E06761F02569629761F84
:2041C00002569627761F02569628761F0255961F761F025785A91E26761F02571E24761F59
:2041D00002581E04761F02571E18761F02571E16761F02571E1C761F02571E2E761F0257BD
:2041E0001E28761F0255961D761F02559620761F01A19A00180EFFFC180EFFF3761F01A0F8
:2041F000180EFFFC180EFFF3761F025656BF020C761F025656BF0208761F02559601761F42
:2042000002559602761F02559600761F025785A91E30761F02571E1E761F02729620761F45
:2042100002729624761F0272961F761F0247962F761F02612B16761F02762B37761F02764A
:204220001B3801C26903283801C2761F02612B1B6F5677007622761F01A01A170004761FC7
:2042300001A11A170004761A6F4A761F02552D263B01761F02551225761F02601EA685115F
:20424000FF5693A655A964139224ED0B7622761F01A01A170004761F01A11A170004761AAE
:20425000761F02609223EC2B0B236F297622761F01A01A180004761F01A11A180004761AC4
:20426000761F0255932992A8761F0255FFCE94A8FFA05425EC14761F02600A23922352051F
:20427000680E2B23761F027E56BF1502761F026C1A200002761F026C1A0E000276408A80FD
:20428000761F027692215204EC45761F026052032B22EC085202ED3E761F0276923452079F
:20429000ED393B01761F025F852DFF561BA90F786413761F02600A39933953606810761F27
:2042A000027E56BF0E02761F026C1A200002761F026C1A0E0002761F02602B39761F0247B4
:2042B00054356414761F027C1B0F2AF86816761F02600A37923752056810761F027C281AEB
:2042C00028A7761F027C280F28A7761F02602B376F04761F02602B39761F027692215204B9
:2042D000EC04761F02762B37761F02769234761F0255520256B00134761F026B920CED0C88
:2042E000761F02600A3C761F0255922D761F0260543C671B6F27761F0260923FEC23761FCB
:2042F0000255922D761F0260543FEC1C761F02579204761F0260543FEC15761F0255922E4B
:20430000761F0260543FEC0E761F026192035428640792045428652B922896046F2892285E
:204310006F25761F02613B0192039E0485A9FF561BA901F46314852BFF5652326310761F4A
:20432000027692215204EC035205ED09761F026C1A200008761F026C1A0E0002761F026057
:204330002B3C761F0261922896049603761F0260923F767F2486767EEC2876408A8076403C
:204340008B7A761F01A41A1C0001761F003356BF0421C5BEC4BE83BE8ABE87BE0003761782
:204350007602761B0005ABBDAABDA2BDA8BDA0BDC2BDC3BDFE04FF6929425616761F01C4B5
:20436000281AFFFF761F0256923D767F0CA9761F02579300761F01A095A99705761F01A1CF
:204370009705761F01A4970576408A80923F5205ED57761F01A8C4208D409B16761F0263F5
:20438000B6648AA106A6C228033CFF5A761F025F0200DC10F61F561700A73F0392AB761F89
:204390000263C23C761F025F9610761F0260960A92059603761F026206A6030C761F02619B
:2043A000FF5A0200F61F561700A73F13923E761F02609613761F026206A60302761F026115
:2043B000FF5A0200F61F561700A73F11761F026C1AC400041A0E0004761F026C1A260002C3
:2043C000761F026C1A0E0004767EC2555201ED08D90A761F026C1AC100401A0E0002761F9B
:2043D00002612D0A3B0112332D06FF4A59A996281229761F0266FF4A2DA91221761F02480D
:2043E0000732761F0261FF499624520063022B2492249B0A00FF288C3B012D089625761FB5
:2043F000025F122EFF4A5AA9962D761F02612D0F761F0260120F761F025FFF4A5BA99630A8
:20440000761F02612D0D761F02601216FF4A58A99615761F02612D0B122D2D0EFF4A5DA95D
:20441000962B761F025F1233FF4A963C88A9761F02612D0B761F025F1215FF4A96165CA9FD
:20442000761F02612D08761F025F1227FF4A962080A9761F0260933F9107ED5993A42DA34A
:20443000761F026395A5FFB075AC12A1560100142DA0761F025F0A0512A2761F0263560173
:20444000000E2DA1761F025F0A2812AC761F0262560100202DA2761F02610A3212AC761FD4
:2044500002625601001C2DA533A7761F025F0A2AA9A9761F0263560100182DA492A7761F45
:20446000025F0A219EA2761F026212A95601003A761F025F0A26A9A9761F02635601001052
:2044700093A7761F025F0A239FA1761F026312A8560100002DA7761F025F0A1A12AC761F43
:20448000026356010022761F025F0A25761F02618524761F026256010032761F02610A22D2
:20449000761F0260850F761F02625601002A761F02600A0C761F0261852D560100380A2E89
:2044A000761F025F853D761F026156010036761F025F0A36761F02608516761F02625601A7
:2044B00000102DA3761F025F0A3A12AC761F0262560100262DA0761F02600A1012AC761F6D
:2044C00002615601003A2DA5761F02600A1412AC761F026256010024761F02610A2F761F09
:2044D000025F2D3F123F761F026256010034761F025F0A3B85A6761F026256010016761FC9
:2044E000025F0A348511761F026356010038761F025F0A09850A761F02635601001E761F62
:2044F000025F0A0F8502761F02635601001A2DA2761F025F0A00761F02561215761F026363
:204500005601002A761F02610A01761F025F851C761F02625601003C2DA4761F025F0A170C
:2045100012AC761F02635601001C761F025F0A1376408A800A3F761F0256923D761F026091
:20452000543F66022B3F923F963D761F0256543D68059E3D761F0260963D520056C0009CDE
:20453000761F027C920F761F027C961A761F0278920B761F0278960D761F0262061C1E1A43
:20454000761F025F922A962B761F026202001E1C761F025F2B2A761F026206261E28761F68
:2045500002609210960E761F026202001E26761F02602B10761F0261063A761F02621E0AD9
:20456000761F026092149612761F026102001E3A761F02602B14761F02620624761F026153
:204570001E34922F962C761F026202001E24761F02612B2F761F026206341E22761F025F5E
:20458000923B962F761F026202001E34761F025F2B3B761F0263062A1E2C761F02619201E1
:204590009600761F026302001E2A761F02612B01761F0263061C1E20761F025F9213961270
:2045A000761F026302001E1C761F025F2B13761F026306221E30761F025F92259624761F25
:2045B000026302001E22761F025F2B25761F027692215204ED09761F026B9203761F025470
:2045C0009C05543368039A406F0328A91000761F0255963276408A80761F01C44D00EEFD15
:2045D000761F02602B16761F002C9203761F02619629761F002C9206761F026108A9F8008C
:2045E0009633761F025F2B33761F002C9205761F025F08A9F800962E761F002C3B01920153
:2045F000761F02769E02761F025F08A9F8009631761F002C9200761F02769E05761F02619D
:2046000008A9F800962D761F002C920E761F025F960A761F002C920F761F025F9611761FA3
:20461000002C920A761F025F9602761F002C9204761F025F08A9F8009627761F002C92022C
:20462000761F02769E01761F025F08A9F8009615761F002C9208761F02769E05761F025F83
:2046300008A9F8002D2E963D761F02663025761F025F562F042E761F02612D33761F02663F
:20464000302A761F0261562F0433761F02609211761F025F9431FFA0761F02662DA9302B2A
:20465000761F0260562F040F761F02612D2D761F0266302C761F0261FF4A88A9962D761F46
:20466000025F2D3D761F0266302D761F025F2D1C562F043D761F02663032761F025F2D2767
:20467000562F041C761F02663025761F025F562F0427761F02769221520356C1016A5202A2
:20468000ED07761F02769234520756C10162761F02769221520456C0014F761F025F853158
:20469000761F0255FF56542B652477007622761F01A01A180004761F01A11A180004761A49
:2046A000761F026056BF0129761F027A923A761F02605421660E2B21761F027E56BF15027A
:2046B000761F026C1A200002761F026C1A0E0002767F18B6761F026B2DA931059201761F85
:2046C00002619EAB54256805921BEC0B0B1B6F090A1B761F02729224520664039A0574242C
:2046D0003B01761F025F8531761F0255FF56542C623D767F18B6761F026B2DA9310592011E
:2046E000761F02549EAB54336831761F0261921B5214662C767F18CA5201ED06761F02769F
:2046F00092345202EC23761F02774331EF06761F027692345209EC1A77007622761F01A091
:204700001A170004761F01A11A170004761A761F0261921656B10116761F025556B1013482
:20471000761F02602B24FFEF012477007622761F01A01A180004761F01A11A180004761AB8
:20472000761F02769219EC027700761F0276923456C100A18F406800D00B2B348AA5289574
:204730000555D00CDC0F28950555761F01A1D00B9A0018C4FFFC3B018F006840C4A4289417
:204740000555DE0FD00C28940555D00918C6FFFC2895FFFFD00A2895FFFFD009DD0E28949E
:20475000FFFFD00A2894FFFFDC0E18C4FFFC180EFFF3761F01A018C5FFFC180EFFF3761F23
:20476000025556BF0117761F0255961A761F025785A91E14761F02581E06761F025696290C
:20477000761F02569627761F02569628761F0255961F761F025785A91E26761F02571E24A3
:20478000761F02581E04761F02571E18761F02571E16761F02571E1C761F02571E2E761FCB
:2047900002571E28761F0255961D761F02559620761F01A19A00180EFFFC180EFFF3761F8A
:2047A00001A0180EFFFC180EFFF3761F025656BF020C761F025656BF0208761F0255960180
:2047B000761F02559602761F02559600761F025785A91E30761F02571E1E761F0272962090
:2047C000761F02729624761F0272961F761F0247962F761F02612B16761F02762B37761F78
:2047D00002761B3801C26903283801C2761F02612B1B6F5E77007622761F01A01A17000427
:2047E000761F01A11A170004761AFFEFFF2B761F02552D26761F0255122580A9761F025F24
:2047F0008531FF5693A755A9641B92A685A9FF5693A755A96415761F02609224ED0B76223E
:20480000761F01A01A170004761F01A11A170004761A761F02609223EC2B0B236F29762210
:20481000761F01A01A180004761F01A11A180004761A761F0255932992A8761F0255FFCE84
:2048200094A8FFA05425EC14761F02600A2392235205680E2B23761F027E56BF1502761F5A
:20483000026C1A200002761F026C1A0E000276408A80761F027692215203ED7E761F02605A
:2048400092185203670B9226ED2F0A2592255214692B56BF14252B1E6F27921ECA26ED2158
:20485000923D2B1C2B1A961B761F027856BF0123761F026056BF962656BF011E761F0278E9
:2048600092245206680E2B24761F027E56BF2202761F026C1A200002761F026C1A0E0002AB
:20487000761F02602B25921C652E921A5232ED24923D541BED2156BF96260B1C2B1A081BB3
:204880000005761F0256923D761F0260541B680E761F02579204761F0260541B670D921B70
:20489000761F02579CFB54046707761F02602B262B1E2B1C2B1B761F02600A1A921A523254
:2048A00056B2321A9226EC1656BF01240B267622761F01A11A180004761A761F0260923D24
:2048B000EC0E761F02579204761F0260543DED086F062B246F05761F02602B1C2B26764070
:2048C0008A80761F0261020A2D251E42301C00FF28163B012D2A310381ABFF41962A761F07
:2048D000027692345207EC465202EC2C5209EC2A5208ED5E761F025F342E0067761F0256D1
:2048E000FF6EFF43963F761F02612D20332D761F025616AC9630761F02612D1D761F0260E1
:2048F000330F761F025516AC9622761F025FFF693433001B761F0256562F0314767EF3A010
:204900006F37761F02612D1E761F0260FF6E120F761F0255FF46FF5C9619761F02612D1FAA
:204910003333761F025616ACFF699622767EF4FE6F1F761F025F342E0067761F0256FF6EC5
:20492000FF43963F761F02612D20332D761F025616AC9630761F02612D1D761F0260330FCB
:20493000761F025516ACFF69962276408A9276408A80923D764089E5761F026192287640AC
:20494000896A767ED99A5200ED048F000EF26F038F00338FA842761F02628F01252FD57854
:204950000614A844D41E7640899B76408A80761F01A01A1C0001761F003356BF0421FE84C4
:20496000C5BEC4BE83BE8ABE82BE86BE87BE000376177602761F02602DA90A1992195202E9
:20497000682A2B1933AC761F02628F4099003B01A9128AA5761F02600E30FF30560100A48C
:20498000A9A9FF47FF5A1EC49230522F670A9C010EA9FF30560100A5A9A907C50A306F0842
:20499000761F02640600761F026007C42B30761F02621E1400061EA6761F0277CC311000D9
:2049A000C546A344FFCB58A94C31EE28A9A90FA6620406A70FA6631E761F026092A40A2FF1
:2049B000542F663392A02B2FED30761F02778F009B161A31100083A4761F026CDD0ADC1676
:2049C0001AC500081A0E00021AC400101A0E00080006761F02602B2F000606A60FAB65126E
:2049D00006A70FA6650F761F026092A50A315431660C92A02B31EC09761F02771831EFFFC9
:2049E0000006761F02602B310006761F02588A0258A93B01761F027E2D943000761F026B98
:2049F000FF4D88A928A802BC95A680A808A6FD449238EC30761F0261852BFF561BA903841C
:204A0000620B93A0EC05761F02575504ED0B761F02602B336F07761F02609333530F670273
:204A10000A3393A7761F02615528640493A6552865111BA902A8630E761F02609233520F0A
:204A20006709922D2B2E521E56B7012B67110A2D6F0F761F02602B2D761F02565603013D45
:204A3000761F0260542E66032B2B6F020A2E761F02618528FF5652C864041BA90FA065151C
:204A4000852BFF561BA902A86310761F02602B2A761F0256923D761F0260FFC1542C56B922
:204A50000132690C0A2C6F0A761F0260922A2B2C520A68032B326F020A2A922B5201EC0B15
:204A600092325201EC08761F02774331EF191831FFF70006761F02774331EE128F009B169A
:204A70001A31000883A4761F026CDD0ADC161AC500081A0E00021AC400101A0E000800069B
:204A8000761F01BF4A01EE09761F02600A189218520456B604180006761F02609218EC02A9
:204A90000B1800063B01761F0260853D761F02588A02761F027C560100A42DC4301A761F8F
:204AA0000256FF4D963E2DA9761F0255121E761F0256FF4B962FFF5C93A99628761F02574D
:204AB00092009CFE761F025654A8562A0428FF5C5428562A022892286374761F025F1B2DD5
:204AC000FE0C64111B2D01F4652A761F0256920EEC260A119211521465222B172B0D2B0E8E
:204AD0002B116F1D761F02560A179217523265170A0D2B1756BF010E2B11920D523C650FED
:204AE00056BF3C0D761F027E56BF2102761F026C1A200002761F026C1A0E0002761F0256B2
:204AF00092288F006840D009FF5C962996279694761F01A056BF0109761F025793009DFF69
:204B000055A96213761F02569208ED0DD00E761F01A1CC94FFFC5001960ECC0EFFFB500810
:204B1000960E6F0D2B086F05761F025656BF0208761F01A1180EFFFC180EFFF3761F025655
:204B2000920C5201ED0B761F01A0CC0EFFFE5002960ECC0EFFF750046F4456BF010C6F44DD
:204B3000932897278F006840D009761F025792009EA8969492009CFF761F01A09609761F55
:204B4000025792009CFF54A86215761F025692085201ED0DD00E761F01A1CC94FFFE5002C4
:204B5000960ECC0EFFF75004960E6F0E56BF01086F05761F025656BF0208761F01A1180E61
:204B6000FFFC180EFFF3761F0256920CED0C761F01A0CC0EFFFC5001960ECC0EFFFB500872
:204B7000960E00062B0C761F01A0180EFFFC180EFFF30006FE04761F026D920E520156C0C0
:204B800000A79201ED6492095201ED0F0E0A8F009300FF30560100A4C5C43E67761F026D0A
:204B9000540B56B101016F535202ED0F0E0A8F009300FF30560100A4C5C43E67761F026DF5
:204BA000540B56B001016F435203ED0F0E0A8F009300FF30560100A4C5C43E67761F026DF5
:204BB000540B56B201016F335204ED0F0E0A8F009300FF30560100A4C5C43E67761F026DF2
:204BC000540B56B301016F235205ED0F0E0A8F009300FF30560100A4C5C43E67761F026DF0
:204BD000540B56B401016F135206ED0F0E0A8F009300FF30560100A4C5C43E67761F026DEE
:204BE000540B56B501016F0356BF01010A0F920F540D683D2B412B0F2B4292415208672534
:204BF0002D419A01761F026DFF66CE10EC1A2D421202940C96431BA907D06803284307CF0C
:204C000058418F009B510E948F009300FF30560100A4C5C43E6758438F00A00096940A4224
:204C10000A419241520868DD761F026D0A0C920C540268022B0C9201EC0A0A00920054049B
:204C20006806920C2B0056BF020E9605FE84000676228F000A80761F002A1AC40001CCF4E6
:204C3000F3FF1AA903009606CC06FFF050039606CCFCFFE0500596071AE401FF1AEC01FFC3
:0A4C4000761AF6077700FF690006F8
:204F00000043004F004D004200490053000D0000000000000050004800450043004B000D4F
:204F1000000000000000000000500053004300490052000D0000000000000000004B0000A8
:204F20000000000000000000000000000000000000510050004900390039000D0000000008
:204F30000000000000510050004900390038000D0000000000000000005100520049000D00
:204F4000000000000000000000000000005100470053002A000D000000000000000000002F
:204F5000005000430053002A000D0000000000000000000000560045005200460057002A70
:204F6000000D0000000000000028004E0041004B000D0000000000000000000000280041AC
:204F70000043004B000D000000000000000000000050004600410055004C0054000D0000AD
:204F80000000000000500031000D000000000000000000000000000000500056004100306C
:204F9000000D000000000000000000000050005600410031002A000D0000000000000000A5
:204FA0000042004100540030000D000000000000000000000042004100540031002A000D9E
:204FB00000000000000000000042004100540032002A000D0000000000000000005000460B
:204FC000004C00410047000D00000000000000000052004500450050000D000000000000B7
:204FD00000000000005000460053000D000000000000000000000000005000420056000DD6
:204FE000000000000000000000000000005100420054000D000000000000000000000000BD
:204FF000005000420054002A000D0000000000000000000000500050004900520049000DF3
:20500000000000000000000000500050004900470053000D00000000000000000050005060
:20501000004900570053000D00000000000000000050005300440056002A000D000000000C
:20502000000000000050004200440056002A000D00000000000000000050004F00500043DB
:20503000000D00000000000000000000002800500056002A000D000000000000000000004E
:205040000028002A000D0000000000000000000000000000005000460041004E002A000D95
:205050000000000000000000223F003F223F003F223F003F223F003F223F003F223F003F80
:20506000223F003F223F003F223F003F223F003F223F003F223F003F223F003F224E003F21
:205070002249003F22DA003F223A003F22A8003F2244003F2253003F21DB003F21D6003FCD
:2050800021D1003F21CC003F21C7003F21C2003F21BD003F21B8003F21B3003F21EA003FD8
:2050900021E5003F21E0003F2221003F221C003F219F003F21A9003F21A4003F22DF003F30
:2050A00021EF003F21AE003F229E003F2294003F228A003F2280003F2276003F226C003F2F
:2050B000219F003F219F003F22A3003F2299003F228F003F2285003F227B003F2271003F60
:2050C000219F003F219F003F22C1003F22BC003F22B7003F219F003F219F003F219F003F7E
:2050D000219F003F219F003F2267003F2262003F219F003F219F003F219F003F219F003F3B
:2050E000219F003F219F003F2217003F2203003F2212003F21FE003F219F003F219F003F07
:2050F000219F003F219F003F219F003F219F003F219F003F219F003F219F003F219F003FA8
:20510000219F003F219F003F225D003F2258003F219F003F219F003F219F003F219F003F1E
:20511000219F003F219F003F2235003F222B003F2230003F2226003F22D5003F22CB003FE5
:20512000219F003F219F003F219F003F219F003F219F003F219F003F219F003F219F003F77
:20513000219F003F219F003F219F003F219F003F219F003F219F003F219F003F219F003F67
:20514000219F003F219F003F219F003F219F003F219F003F219F003F219F003F219F003F57
:20515000219F003F219F003F0D9A0D810D680D4F0D350D1A0CFF0CE30CC60CA90C8C0C6E3F
:205160000C4F0C300C110BF10BD10BB00B8F0B6D0B4C0B290B070AE40AC10A9E0A7A0A57F3
:205170000A330A0F09EB09C709A3097E095A0936091208ED08C908A50882085E083A081751
:2051800007F407D107AE078C076A07480727070606E506C406A4068406650646062706091D
:2051900005EB05CE05B105950578055D05420527050C04F304D904C004A7048F04770460D4
:2051A00004490433041D040703F203DD03C903B503A1038E037B03690357034503340323C8
:2051B0000313030202F302E302D402C502B602A8029A028D027F027202660259024D024176
:2051C0000235022A021F0214020901FF01F501EB01E101D701CE01C501BC01B301AB01A239
:2051D000019A0192018B0183017C0174016D0166015F01590152014C01460140013A013468
:2051E000012E01280123011E01180113010E010A0105010000FB00F700F300EE00EA00E623
:2051F00000E200DE00DA00D600D300CF00CB00C800C500C100BE00BB00B800B500B200AF2D
:2052000000AC00A900A600A300A1009E009C00990DE80DCF0DB50D9B0D7F0D630D460D28BD
:205210000D0A0CEA0CCA0CAA0C880C660C430C200BFC0BD70BB10B8C0B650B3E0B170AEF54
:205220000AC70A9F0A760A4D0A2309FA09D009A6097C0952092808FE08D408AB08810857D7
:20523000082E080507DC07B3078B0763073B071406ED06C706A1067C06570633060F05EBA1
:2052400005C905A60585056405430523050404E504C704AA048D047004540439041F040541
:2052500003EB03D203BA03A2038B0375035F03490334031F02F802E502D202C002AE029D46
:20526000028D027C026C025D024E023F023102230215020801FB01EF01E201D700020000A1
:20527000000000020000000100020000000200020000000300020000000500020000000603
:205280000002000000070002000000080002000000090002000100000002000100010002E7
:205290000001000200020001000500020001000600020001000700020001000800020001D2
:2052A0000009000200020000000200030007000200000000000200000000000200000000CF
:2052B0000002000000000002000000000002000000000002000000000002000000000002D2
:2052C0000000000000020000000000020000000000020000000000020000000000020000C4
:2052D000000400030024000100000003002400020000000300240003000000030024000414
:2052E0000000000300240005000000030024000600000003002400070000000300240008F8
:2052F00000000003002400090000000300010000000000030001000100000003000100025F
:2053000000000003000100030000000300010004000000030001000500000003000100066B
:20531000000000030001000700000003000100080000000300010009000000030002000054
:2053200000000003002400240024000300180019001F000300180019000F00030024000A37
:20533000000C0003000B000A001D0003000C0011000C00030024000C001F0003000F001577
:20534000001F0003000C0011001C0003000B000C000C0003000B000C001F00030015000B70
:2053500000190003000B000E00190003000B0016001C00030024000B001500030018001934
:20536000001C0003000B001E001F0003000B000B001F0003001900140016006900A0006ED1
:20537000009000880AF0038419640FA008980000000000000002000200320032001400013B
:2053800000000001000100010001000000010000FFFF000000000092003C0078001E0000A6
:20539000FFFFFFFFFFFFFFFFFFFFFFFF000000000000000000000000000000000000000009
:2053A00000000000000000000073000000000087000000010001001E0001007300000078E7
:2053B000001E0004FFFFFFFFFFFFFFFFFFFFAAAA000000D2014A00DC012001100AF00384C5
:2053C00019640FA00898000000000000000200020032003200140001000000010001000181
:2053D0000001000000010000FFFF000000000124003C0078001E0000FFFFFFFFFFFFFFFFCE
:2053E000FFFFFFFF00000000000000000000000000000000000000000000000000000000B1
:2053F00000E600000000010E000000010001001E000100E6000000F0001E0004FFFFFFFF93
:20540000FFFFFFFFFFFFAAAA000001A4027601B8024002200AF0038419640FA008980000B7
:205410000000000000020002003200320014000100000001000100010001000000010000FA
:20542000FFFF000000000248003C0078001E0000FFFFFFFFFFFFFFFFFFFFFFFF000000005E
:2054300000000000000000000000000000000000000000000000000001CC00000000021C71
:20544000000000010001001E000101CC000001E0001E0004FFFFFFFFFFFFFFFFFFFFAAAA11
:205450000000006900A0006E009000880AF0038419640FA00898000000000000000200025C
:20546000003C003C0014000100000001000100010001000000010000FFFF0000000000920A
:20547000003C0078001E0000FFFFFFFFFFFFFFFFFFFFFFFF00000000000000000000000056
:20548000000000000000000000000000000000000073000000000087000000010001001EF2
:205490000001007300000078001E0004FFFFFFFFFFFFFFFFFFFFAAAA000000D2014A00DCAB
:2054A000012001100AF0038419640FA0089800000000000000020002003C003C00140001DC
:2054B00000000001000100010001000000010000FFFF000000000124003C0078001E0000E2
:2054C000FFFFFFFFFFFFFFFFFFFFFFFF0000000000000000000000000000000000000000D8
:2054D000000000000000000000E600000000010E000000010001001E000100E6000000F0D0
:2054E000001E0004FFFFFFFFFFFFFFFFFFFFAAAA000001A4027601B8024002200AF0038485
:2054F00019640FA0089800000000000000020002003C003C0014000100000001000100013C
:205500000001000000010000FFFF000000000248003C0078001E0000FFFFFFFFFFFFFFFF77
:20551000FFFFFFFF000000000000000000000000000000000000000000000000000000007F
:2055200001CC00000000021C000000010001001E000101CC000001E0001E0004FFFFFFFF93
:20553000FFFFFFFFFFFFAAAA000000009157003E9127003E90ED003E80AF003E90C7003E34
:2055400090A0003E9007003E8EC3003E8EC2003E8045003E8EBE003E8EA3003E8E2B003EF8
:205550008D60003E8D3B003E8D01003E8CBC003E8C77003E8BA4003E8BA3003E8B8D003E48
:205560008AD5003E8AA3003E8A7F003E8A23003E88ED003E8748003E8625003E85EC003E99
:2055700085B9003E857F003E8516003E84E1003E8196003E00600061006200670066006438
:20558000006500580059005A005F005E005C005D00500051005200570056005400550008D4
:20559000000C000E000F000A0009000D0010001400160017001200110015002000210022C6
:2055A000001F001E001C001D00280029002A0027002600240025003000310032002F002E74
:2055B000002C002D00030024002400000003002400010000000300240002000000030024BF
:2055C00000030000000300240004000000030024000500000003002400060000000300241D
:2055D00000070000000300240008000000030024000900000003000100000000000300014D
:2055E0000001000000030001000200000003000F001E001500030001000200000003000155
:2055F000000200030003000100020005000300010002000800030001000300000003000172
:2056000000030003000300010003000500030001000300080003000100040000000300015D
:205610000004000300030001000400050003000F001E001500030002000400000003000213
:20562000000400050003000200050000000300020005000500030002000600000003000238
:20563000000600050003000200070000000300020007000500030002000800000003000220
:205640000008000500030002000900000003000F001E001500030024000400080003002490
:2056500000040009000300240005000000030024000500010003002400050002000300247F
:20566000000500030003002400050004000300240005000500030024000500060003002468
:205670000005000700030024000500080003000100010000000300010001000300030001C9
:205680000001000500030001000100080003000100020000000300010002000300030001E4
:205690000002000500030001000200080003000100030000000300010003000300030001D0
:2056A0000003000500030002000200000003000200020005000300020003000000030002C2
:2056B0000003000500030002000400000003000200040005000300020005000000030002AC
:2056C000000500050003000200060000000300020006000500030002000700000003002472
:2056D0000004000400030024000400050003002400040006000300240004000700030024F8
:2056E0000004000800030024000400090003002400050000000300240005000100030024EA
:2056F0000005000200030024000500030003002400050004080008000800080008000AF012
:2057000007080A8C076C14B4125C145012C0151811F814E6122A08000800021C09C402306C
:20571000080000E60000032002EE032002EE032002EE000000000000000000000000000052
:205720000000000000000000003F0006005B004F0066006D007D0007007F006F0077007C42
:205730000039005E00790071003D00760030001E0070003800540037003F0073006700701B
:20574000006D0078003E0062001C0064006E005B0000000700060006000100060006000457
:2057500000320008000F00050005000700030005000B0005000B000B00060005000400049E
:20576000000400060006000600060009000900050073003B00070004000300040002000430
:205770000003000400020003000300040002000400030004000200040003000400020004E6
:205780000003000400020004000300040002000400030004000200030003000400020004D6
:205790000003000400020003000300040002000400030004000200040003000400020004C6
:2057A0000003000400020004000300040002000400030004000200000800080008000800A6
:2057B000FFFFFFFFFFFFFFFF0400000000000000080000005555000EFFFF08000800080007
:2057C000080000000001000000020800FFFFFFFFAAAA000000030024000100000003002417
:2057D000000200000003002400030000000300240004000000030024000500000003000A29
:2057E000001000160003000F0015000D0003001E001C000E000300150012000B0003001EAE
:2057F000001D0012000300240019001F00030019000A001E00030019001F00180003001E53
:20580000001D0012000300240019001F0003000B000A001D0003000A001900150003001E69
:205810000019001C0003001C001800150003001E001D0012000300160017001D0003000B4C
:205820000016001C0003000D0012001C0003000E0017000A00030024000500000003002473
:2058300000060000000300180018000F0003001800180017000300020002000000030002BA
:20584000000400000056004F004C00560035004B00000003000E001C000C0004000200023C
:12585000000200040003000400020001007100040002BF
:20585A00AF9E003EB3BE003EB3BE003EAF93003EAF8A003EB3BE003EAFB0003EAFC2003E53
:20586A00AFD4003EB3BE003EAFE6003EB3BE003EAFF3003EB002003EB3BE003EB3BE003EFE
:20587A00B3BE003EB3BE003EB017003EB039003EB3BE003EB051003EB089003EB3BE003E70
:20588A00B3BE003EB3BE003EB3BE003EB0C1003EB0D6003EB0E4003EB0F2003EB102003EDB
:20589A00B110003EB156003EB3BE003EB163003EB185003EB193003EB1A1003EB1AF003E85
:2058AA00B1BD003EB1CB003EB1D9003EB1E7003EB1F5003EB203003EB227003EB235003EC7
:2058BA00B24D003EB27B003EB28D003EB29F003EB2AD003EB2DF003EB2ED003EB2FB003EE6
:2058CA00B314003EB321003EB32E003EB33E003EB34A003EB364003EB380003EB38F003ED8
:2058DA00B3A3003EB3AF003EB400003EB409003EB412003EB41B003EB424003EB42D003E47
:2058EA00B797003EB797003EB797003EB797003EB797003EB439003EB44A003EB452003E37
:2058FA00B499003EB4D8003EB5AA003EB5CD003EB5DB003EB5E2003EB5EE003EB602003E62
:20590A00B60C003EB619003EB656003EB677003EB684003EB6C3003EB6E2003EB797003E2A
:20591A00B6F1003EB710003EB797003EB71F003EB73C003EB797003EB74A003EB768003E8A
:20592A00B797003EB773003EB7B6003EB7BD003EB7C5003EB7CD003EB7D4003EB7DB003EF7
:20593A00B7E2003EB7E9003EB7F0003EB7F7003EB7FE003EB805003EB80C003EB815003ECC
:20594A00B81C003EB821003EB829003EB82E003EB833003EB838003EB83D003EB842003E0F
:08595A00B847003EB84C003EC6
:025FFE00AAAA4D
:047FF600007F3000D8
:107FF800FFFFFFFFFFFFFFFFFFFFFFFFFFFFFFFF89
:00000001FF
