:02000004003EBC
:20800000761F02A94F006D53761F02E947106D1A761F02A99300761F02A2FFD69200FFC57C
:20801000CEA840A96C05761F01BF4E006D11761F02A91800FFF8761F02A1182A00802B2BC0
:208020006F07761F02A9CC00FFF850039600761F02A9CC00000761105201610452036124C8
:208030006F2ACC000060FFC452026025CC00FFF8500296006F209300761F02A29200FFD662
:20804000FFC5CEA840A96C0B761F01BF4E006C07761F02A9CC00FFF850019600761F02A946
:208050001800FF9F6F081800FF9F6F05CC00FFF8500496000006761F02A992009007520447
:208060006050761F02E942106D087622761F01A11A180004761A6F1D7622761F01A11A17E8
:208070000004761AE801E118761F02A9E2C40105E2C40204E80EB850E70000407700E7005F
:2080800000107700E68E0000761F01A1E213000A761F02E943106D087622761F01A61A1861
:208090000004761A6F2A7622761F01A61A170004761AE801E118761F02A9E2C40105E2C496
:2080A0000204E80EB850E70000407700E70000107700E68E0000761F01A6E21300096F0D86
:2080B00093009A009107530260029A019003CD00FFE7FF82CAA89600FF690006E590761F52
:2080C00002A6E203000CE2030006761F02A4E203000CE2030006761F02A5E203001EE203E1
:2080D0000018761F02A4E2030030E203002A761F02A91801FFBF0006FE02761F02A9E203D7
:2080E0000008761F02A4E2AF0032761F02A9E2AF0108E6940001AD146205E2AF0008E8205C
:2080F0000000E2030008E2C401047700E70000087700E68E0000761F01A1E213000AFE82D1
:208100000006FE02761F02BFE2AF002C761F02A4E2AF0102E72000087700E2030004E2AF77
:208110000108E7000009E2AF000CE71000407700E2030006E2AF0004E2AF010AE7000009FF
:20812000E2AF000CE71000407700E203000CE2AF000EE2AF0106E6940001AD146205E2AF98
:208130000010E6960008E2030006E2AF010CE2AF000EE6940001AD146205E2AF0010E696B3
:208140000008E203000C761F02BFE2AF011E761F02A5E2AF0014E72000087700E2030016BE
:20815000E2AF011AE7000009E2AF031EE71000C87700E2030018E2AF0016E2AF011CE70052
:208160000009E2AF021EE71000887700E203001EE2AF0020E2AF0118E6940001AD1462054E
:20817000E2AF0022E6960008E2030018E2AF011EE2AF0020E6940001AD146205E2AF002204
:20818000E6960008E203001E761F02A6E2AF0102761F02BDE2AF0014E7200008761F02A642
:20819000E2030004E2AF010AE7000009E2AF030CE71000C87700E203000CE2AF000EE2AF63
:2081A000010CE6940001AD146205E2AF0010E6960008E203000CE2AF0108E2AF0004E700E3
:2081B0000008E2AF030CE71000C07700E2030006E2AF0106E2AF000EE6940001AD14620514
:2081C000E2AF0010E6960008E2030006761F02A993019201FFDDFFCECEA840A96C46761FD9
:2081D00002BDE2AF0014E2AF0116761F02A6E7100040E2AF0326E72000187700E2030028B2
:2081E000E2AF012EE7000009E2AF0230E71000887700E2030030E2AF0032E2AF0130E69402
:2081F0000001AD146205E2AF0034E6960008E2030030E2AF012CE2AF0028E7000008E2AFF1
:208200000330E71000C07700E203002AE2AF012AE2AF0032E6940001AD146205E2AF003407
:20821000E6960008E203002A761F02A49A01E2AF0006E5A0AD146418761F02A6E2AF0006B8
:20822000E5A0AD146305761F02E948106D0D761F02A6E2AF002AE5A0AD146305761F02E918
:208230004A106D029A00761F02A99001CD01FFBFFF85CAA89601761F02A4E2AF0006761F7A
:2082400002A5E2AF0118761F02A6E7100040E2AF0306E71000C0E2AF022AE7100080E801EB
:20825000FD51E80D4C99E6940008AD146506E801FD50E80D4C986F03E8200000761F02D642
:20826000460C6D20761F02A7920152046016761F02A3922B52016011E590761F02A5E20331
:20827000001EE2030018761F02A4E801E840E80B2CA8E20300266F28761F02A4E2030026D8
:208280006F23E590761F02A5E203001EE2030018761F02A90626761F02A41E26E2AF0126F8
:20829000E801FD50E80D4C98E6940001AD146506E801FD50E80D4C986F05E2AF0026E820D6
:2082A0000000E2030026761F02BFE2AF0022761F02A4E2AF0126E72000087700E203002824
:2082B000E2AF012CE7000009E2AF0330E71000C87700E203002AE2AF0028E2AF012EE70097
:2082C0000009E2AF0230E71000887700E2030030E2AF0032E2AF012AE6940001AD146205A5
:2082D000E2AF002AE8200000E203002AE2AF0130E2AF0032E6940001AD146205E2AF0034CF
:2082E000E6960008E2030030E2AF0102761F02BFE801ECC8E2AF022CE7200051E80CCCD0B7
:2082F000E6940001AD146219761F02E9E2AF002C761F02BFE2AF012CE6940001AD146405C1
:20830000761F02D64E236D09E801FD88E80CCCD0E6940001AD146408E590761F02A4E203CE
:208310000030E203002A761F01BF48016C12E590761F02A5E203001EE2030018761F02A406
:20832000E203000CE2030006E2030030E203002A761F02A4E2AF002A764080DCFE820006AF
:20833000E590761F02A6E203001EE2030018761F02A4E203001EE2030018761F02A5E2031F
:208340000030E203002AE203000CE2030006761F02A91801FF7F0006FE02761F02A9E20300
:20835000000A761F02A5E2AF000E761F02A9E2AF010AE6940001AD146205E2AF000AE82006
:208360000000E203000AE2C401047700E70000087700E68E0000761F01A6E2130009FE8258
:208370000006FE02761F02A94B01FFED01E4761F02BFE2AF002C761F02A4E2AF0114E7208F
:2083800000087700E2030016E2AF011AE7000009E2AF031EE71000C87700E2030018E2AF51
:208390000016E2AF011CE7000009E2AF021EE71000887700E203001EE2AF0020E2AF011814
:2083A000E6940001AD146205E2AF0022E6960008E2030018E2AF011EE2AF0020E69400010A
:2083B000AD146205E2AF0022E6960008E203001E761F02BFE2AF0120761F02A5E2AF002650
:2083C000E72000087700E2030028E2AF012CE7000009E2AF0330E71000C87700E203002A53
:2083D000E2AF0028E2AF012EE7000009E2AF0230E71000887700E2030030E2AF0032E2AF02
:2083E000012AE6940001AD146205E2AF0034E6960008E203002AE2AF0130E2AF0032E69458
:2083F0000001AD146205E2AF0034E6960008E2030030761F02A6E2AF0114761F02BDE2AF1E
:208400000016E7200008761F02A6E2030016E2AF011CE7000009E2AF031EE71000C8770079
:20841000E203001EE2AF0020E2AF011EE6940001AD146205E2AF0022E6960008E203001E0B
:20842000E2AF011AE2AF0016E7000008E2AF031EE71000C07700E2030018E2AF0118E2AFE2
:208430000020E6940001AD146205E2AF0022E6960008E2030018761F02A49A01E2AF0018B6
:20844000E5A0AD146418761F02A6E2AF0018E5A0AD146305761F02E949106D0D761F02A636
:20845000E2AF002AE5A0AD146305761F02E94A106D029A00761F02A99001CD01FF7FFF861E
:20846000CAA89601761F02A4E2AF0018761F02A5E2AF012A761F02A6E7100040E2AF0318F7
:20847000E71000C0E2AF022AE7100080E801FD51E80D4C99E6940008AD146506E801FD500C
:20848000E80D4C986F03E8200000761F02D6460C6D1E761F02A7921552046014761F02A356
:2084900092355201600FE590761F02A5E2030030E203002AE801E840E80B2CA8E2030002AF
:2084A0006F28761F02A5E20300026F23E590761F02A5E2030030E203002A761F02A906282D
:2084B000761F02A51E02E2AF0102E801FD50E80D4C98E6940001AD146506E801FD50E80DDB
:2084C0004C986F05E2AF0002E8200000E2030002761F02BFE2AF0024761F02A5E2AF0102E7
:2084D000E72000087700E2030004E2AF0108E7000009E2AF030CE71000C87700E2030006D2
:2084E000E2AF0004E2AF010AE7000009E2AF020CE71000887700E203000CE2AF000EE2AFA5
:2084F0000106E6940001AD146205E2AF0006E8200000E2030006E2AF010CE2AF000EE69481
:208500000001AD146205E2AF0010E6960008E203000C761F02A4E2AF0114E801ECC8761F09
:2085100002BFE2AF022CE7200051E80CCCD0E6940001AD146219761F02E9E2AF002C761F5A
:2085200002BFE2AF012CE6940001AD146405761F02D64E236D09E801FD88E80CCCD0E6944B
:208530000001AD146408E590761F02A5E203000CE2030006761F01BF48016C14E590761F48
:2085400002A5E2030030E203002A761F02A4E203001EE2030018761F02A5E203000CE20303
:208550000006761F02A5E2AF00067640834CFFEF0097761F02A40626761F02A51E02761FD0
:2085600002BFE2AF0024761F02A5E2AF0102E72000087700E2030004E2AF0108E7000009BC
:20857000E2AF030CE71000C87700E2030006E2AF0004E2AF010AE7000009E2AF020CE71073
:2085800000887700E203000CE2AF000EE2AF0106E6940001AD146205E2AF0010E6960008EC
:20859000E2030006E2AF010CE2AF000EE6940001AD146205E2AF0010E6960008E203000CEA
:2085A000761F02A4E2AF0114E801ECC8761F02BFE2AF022CE7200051E80CCCD0E6940001C5
:2085B000AD146219761F02E9E2AF002C761F02BFE2AF012CE6940001AD146405761F02D60C
:2085C0004E236D09E801FD88E80CCCD0E6940001AD146408E590761F02A5E203000CE20387
:2085D0000006761F01BF48016C14E590761F02A5E2030030E203002A761F02A4E203001E54
:2085E000E2030018761F02A5E203000CE2030006761F02A5E2AF00067640834CFE82000688
:2085F000761F02A99200900752046171CC000018FFC25201605B49016D344E016C0E761FDE
:2086000002A2920260030A026F117622761F01A11A170004761A6F0A7622761F01A11A1825
:208610000004761A761F02A22B02761F02A94F016C0E761F02A2920360030A036F487622B9
:20862000761F01A61A170004761A6F417622761F01A61A180004761A761F02A22B036F37E2
:208630004B016C14761F02A2920460030A046F2F7622761F01A11A170004761A7622761FBF
:2086400001A61A170004761A6F227622761F01A11A180004761A7622761F01A61A1800047E
:20865000761A761F02A22B046F127622761F01A11A180004761A7622761F01A61A180004F2
:20866000761A761F02A22B022B032B04FF690006761F002C9201761F02BF9608761F002C30
:208670009202761F02BF9606761F002C9203761F02BF9607761F002C9204761F02BC9E1FB4
:20868000761F02BF9603761F002C9205761F02BC9E1E761F02BF9602761F002C9206761FA8
:2086900002BF9600761F002C9207761F02BE9605761F002C9208761F02BF9601761F002C20
:2086A0009209761F02BE9600761F002C920A761F02BE9602761F002C920B761F02BE9601A0
:2086B000761F002C920C761F02BC9E20761F02BF08A9F8009604761F002C920D761F02BEEC
:2086C0009603761F002C920E761F02BC9E21761F02BF08A9F8009605761F002C920F761FFD
:2086D00002BE96040006761F02BFE2C80006E2AF0118E70000087700E203002C761F02BDAF
:2086E000E2AF012CE7000008E2AF012EE7100040761F02BFE203002CE2C80000E2AF010A29
:2086F000E70000087700E203001E761F02BDE2AF0118E7000008E2AF011AE7100040761F9C
:2087000002BFE203001EE2C80001E2AF010CE70000087700E2030020761F02BDE2AF0120DB
:20871000E7000008E2AF0122E7100040761F02BFE2030020E2C80002E2AF010EE7000008D9
:208720007700E2030022761F02BDE2AF011CE7000008E2AF011EE7100040761F02BFE203A8
:208730000022E2C80003E2AF0110E70000087700E2030024761F02BDE2AF0124E700000850
:20874000E2AF0126E7100040761F02BFE2030024E2C80004E2AF0112E70000087700E2032E
:208750000026E2C80005E2AF0114E70000087700E2030028E2C80007E2AF011AE7000008CF
:208760007700E203002EE2C80008E2AF011CE70000087700E2030030761F02C1E2AF001497
:20877000761F02BFE2AF011EE7100040761F02C1E2030014E2AF0016761F02BFE2AF0120AC
:20878000E7100040761F02C1E2030016E2AF0018761F02BFE2AF0122E7100040761F02C10D
:20879000E2030018E2AF001A761F02BFE2AF0124E7100040761F02C1E203001AE2AF001CDA
:2087A000761F02BFE2AF0126E7100040761F02C1E203001CE2AF001E761F02BFE2AF01285C
:2087B000E7100040761F02C1E203001E761F02BFE2AF0122E2AF001E761F02C1E700000916
:2087C000E2AF0020E71000407700E2030020761F02BFE2AF0020E2AF0124761F02C1E70039
:2087D0000009E2AF0022E71000407700E2030022E2AF0026761F02BFE2AF012CE710004016
:2087E000761F02C1E2030026E2AF0028761F02BFE2AF012EE7100040761F02C1E2030028AB
:2087F000E2AF002A761F02BFE2AF0130E7100040761F02C1E203002A761F02C20A36761FCA
:2088000002C19212761F02C254366641761F02C106141E2C06161E2E06181E30061A1E3267
:20881000061C1E34061E1E3606201E3806221E3A06261E3E0628761F02C21E00761F02C1DB
:20882000062A761F02C21E02E590761F02C1E2030014E2030016E2030018E203001AE203ED
:20883000001CE203001EE2030020E2030022E2030026E2030028E203002A761F02C29236B5
:2088400096372B36761F02BC1A010040000676408668761F02BC41016C03764086D3000679
:20885000767EDA8B761F01BF1A02001076408847767E88BB76408898761F02CC0A3A923A29
:20886000520368022B3A923A610B520161065202600B767E9D0C6F08767EA9766F05767E94
:20887000D5BA767EC4F8761F02DB0A2C761F01BF1A040010767EDA6F00067622761F002AE4
:208880001A000001CC06F0FF1AA903009606CC06FFF050039606CC07FFE0500596071A0428
:2088900001FF1A0501FF761AF6077700FF690006767EBBB3767EBBEC767EBC30767EBC6941
:2088A000761F02AA063C6109761F01BF1A0B0080761F02E91A10008000063B109A028F002B
:1688B000B0BCFF69764088E42910FF690006190156C3FFFF0006DE
:2088BB00764080007640805B761F02A9CC000018FFC2520160204E016D0B764080BEE590EE
:2088CB00761F02A6E2030030E203002A6F0376408101761F02A94F016D0B76408330E5909C
:2088DB00761F02A6E2030030E203002A6F0F764083716F0C764080BE76408330E590761F12
:2088EB0002A6E2030030E203002A764085F00006FE02761F02E9061C761F02A91E34E80153
:2088FB00FD70E2AF0134E80B3330E6940001AD146506E801FD70E80B33306F07E801FB30F7
:20890B00E80B3330E6960008E2030034CC000018FFC252016030E2AF0134E2AF0232E8015D
:20891B00D518E7200051E80EB850E6950009E6940001AD14651DE2AF0034E2AF0132E694B4
:20892B000001AD14640BE801D118E80EB850E72000087700E20300326F14E801D118E80E43
:20893B00B850E71000407700E20300326F0A06341E326F07761F02BF062C761F02A91E32BE
:20894B000632761F02A41E021E14FE820006E20304BDFE02761F02A9CC000018FFC25201E3
:20895B00FFE00096CD011000CC010400FFDBFFC9CAA8617546016D73761F02A792015204A0
:20896B00600B761F02A3922B52036006E801F800E801FC016F09E801F260E80E6668E801A8
:20897B00F661E80E6669761F02A9E801D91AE2AF031EE2AF0422E80EB852E72000E3E7006A
:20898B000051E695001BE694000BAD14642F761F02A7920152046006761F02A3922B520234
:20899B006125761F02A9E2AF011EE2AF0222E694000AAD14640EE801D919E80EB851E70019
:2089AB0000087700E72000207700E20300226F12E801D919E80EB851E70000097700E710CF
:2089BB0001087700E20300226F05761F02A9061E1E22761F02E9E2AF002E761F02A9E2AFED
:2089CB000122E6940001AD146207E801F330E80B3330E6960008E20300226F1FCD0110006B
:2089DB00CC010400FFDBFFC9CAA8601749016C06761F02A3E2AF00146F05761F02C2E2AF27
:2089EB000004761F02A9E20300226F07761F02C20604761F02A91E220622761F02A51E1432
:2089FB00761F02A9CC000018FFC25201FFE000814D016C7547016D73761F02A79215520432
:208A0B00600B761F02A3923552036006E801F800E801FC016F09E801F260E80E6668E801FD
:208A1B00F661E80E6669761F02A9E801D91AE2AF0320E2AF0424E80EB852E72000E3E700C5
:208A2B000051E695001BE694000BAD14642F761F02A7921552046006761F02A39235520275
:208A3B006125761F02A9E2AF0120E2AF0224E694000AAD14640EE801D919E80EB851E70074
:208A4B0000087700E72000207700E20300246F12E801D919E80EB851E70000097700E7102C
:208A5B0001087700E20300246F05761F02A906201E24761F02E9E2AF002E761F02A9E2AF46
:208A6B000124E6940001AD146207E801F330E80B3330E6960008E20300246F104D016D0EEA
:208A7B00761F02C20606761F02A91E246F07761F02C20606761F02A91E240624761F02A531
:208A8B001E26FE82E2AF04BE0006FE02761F02E90636761F02AA1E0E761F02E90638761F32
:208A9B0002AA1E10761F02A9CC000018FFC2520160504E016C4E761F02AAE2AF010EE80126
:208AAB00D418761F02A6E2AF0202E7200051E8089378E6950009E6940001AD14652F761FB1
:208ABB0002AAE2AF000E761F02A6E2AF0102E6940001AD146505761F02D6460C6C1FE69415
:208ACB000001AD14640CE801D018E8089378E7200008761F02A6E20300026F0BE801D0180F
:208ADB00E8089378E7100040761F02A6E2030002761F02E91810FEFF6F16761F02AA060EA6
:208AEB00761F02A61E02761F02E91A1001006F0B761F02BD060E761F02A61E02761F02E9A4
:208AFB001810FEFF761F02D6460C6C2C761F02BFE2AF001EE5A0AD146125761F02A6E2AF40
:208B0B000002761F02BFE2AF011E767EDB1E761F02A9E2030026E801FD50E2AF0126E80D27
:208B1B004C98E6940001AD146506E801FD50E80D4C986F05E2AF0026E8200000E203002662
:208B2B006F06E590761F02A9E2030026CC000018FFC2520160504F016C4E761F02AAE2AF71
:208B3B000110E801D418761F02A6E2AF0214E7200051E8089378E6950009E6940001AD143D
:208B4B00652F761F02AAE2AF0010761F02A6E2AF0114E6940001AD146505761F02D6460C4C
:208B5B006C1FE6940001AD14640CE801D018E8089378E7200008761F02A6E20300146F0B38
:208B6B00E801D018E8089378E7100040761F02A6E2030014761F02E91810FDFF6F16761FF3
:208B7B0002AA0610761F02A61E14761F02E91A1002006F0B761F02BD0612761F02A61E14A8
:208B8B00761F02E91810FDFF761F02D6460C6C2C761F02BFE2AF0020E5A0AD146125761F67
:208B9B0002A6E2AF0014761F02BFE2AF0120767EDB1E761F02A9E2030028E801FD50E2AF64
:208BAB000128E80D4C98E6940001AD146506E801FD50E80D4C986F05E2AF0028E8200000BD
:208BBB00E20300286F06E590761F02A9E2030028CC000018FFC25201604C4E016C4A4F015D
:208BCB006C48761F02E9E2AF0134E801D418761F02A6E2AF0226E7200051E8089378E695F7
:208BDB000009E6940001AD146529761F02E9E2AF0034761F02A6E2AF0126E6940001AD1431
:208BEB00621DE6940001AD14640BE801D018E8089378E72000087700E20300266F0AE80181
:208BFB00D018E8089378E71000407700E2030026761F02E91810FBFF6F1C761F02E90634D7
:208C0B00761F02A61E26761F02E91A1004006F11761F02BDE2AF000EE2AF0112E7100040CC
:208C1B00761F02A6E2030026761F02E91810FBFF761F01BF9201FE820006761F02C206047E
:208C2B00761F02A31E10761F02C20606761F02A31E12761F02C2E2AF0004E2AF0106E71075
:208C3B0000407700E84FC000761F02A3E2030014761F02A949016D09761F02A3E2AF01125A
:208C4B00E2AF0010E6960008761F02A3E20300160006767E88F3767E8952767E8A90767E69
:208C5B008C280006FE02761F02A2920090036020761F02E9E2AF0030761F02C2E89000004F
:208C6B00E2AF011CE6940001AD14640D761F02A2920952FA6806CC00FFFC500196006F06DD
:208C7B000A096F04761F02A22B092B0A6F1B761F02E9E2AF0030761F02C2E2AF011CE69465
:208C8B000001AD14630B761F02A2920A523268041800FFFC6F060A0A6F04761F02A22B0A57
:208C9B002B099200900C6020761F02E9E2AF0032761F02C2E8900000E2AF011EE694000198
:208CAB00AD14640D761F02A2920B52FA6806CC00FFF3500496006F060A0B6F04761F02A209
:208CBB002B0B2B0C6F1B761F02E9E2AF0032761F02C2E2AF011EE6940001AD14630B761F17
:208CCB0002A2920C523268041800FFF36F060A0C6F04761F02A22B0C2B0B761F02A949011F
:208CDB006D15761F02A29A019300910353016107CD00000CFFD1530161029A009001CD00E8
:208CEB00FFBFFF85CAA896006F15761F02A29A019300910353016007CD00000CFFD15301E8
:208CFB0060029A00F001CD00FFBF9001FF85CAA8960093009A009103530161029A01761F1C
:208D0B0002AA9001CD3AFFFECAA8963A761F02A29A00CD00000CFFD1530161029A01761F62
:208D1B0002AA9001CD3AFFFDFF80CAA8963AFE8200060006761F02A7920052016106761F8C
:208D2B0002A3922952016077761F02A79200520161089B069A0CE801F090E80A48D86F07DA
:208D3B009B159A28E801EA60E80E6668761F02A20A0555056768761F02A94A016D1C761F95
:208D4B0002A2E2AF0126761F02BDE2AF020EE7100089761F02A2E2030126E2AF012E761F9D
:208D5B0002C2E2AF0204E7100089761F02A2E203012E6F1E761F02BDE2AF010EE2AF0212AA
:208D6B00761F02A2E7100052E2AF0326E71000D17700E2030126E2AF012E761F02A3E2AFD6
:208D7B000214E7100089761F02A2E203012E5405672AE2AF0126E7000041761F02A3E2030C
:208D8B000118761F02A2E2AF012EE7000040761F02A3E2030020761F02A72B00761F02A3AD
:208D9B002B29761F02A2E590E2030026E203002E2B056F09E590761F02A2E2030026E20352
:208DAB00002E2B05761F02A7921452016106761F02A3923352016053761F02A79214520170
:208DBB0061089B069A0CE801F090E80A48D86F079B159A28E801EA60E80E6668761F02A255
:208DCB000A0655066744E2AF0128761F02BDE2AF0212E7100089761F02A2E2030128E2AF67
:208DDB000130761F02C2E2AF0206E7100089761F02A2E20301305406672AE2AF0128E700FA
:208DEB000041761F02A3E203011A761F02A2E2AF0130E7000040761F02A3E2030022761FF5
:208DFB0002A72B14761F02A32B33761F02A2E590E2030028E20300302B066F09E590761F55
:208E0B0002A2E2030028E20300302B060006E20304BDE20305BDE20306BDFE02761F02A915
:208E1B00CC000700FFC75204620F5204FFE101975200FFE1028D5201FFE102735202FFE16C
:208E2B000210FFEF01EF5205FFE1016A5206FFE10107761F02E7CC2C0700FFC75202FFE0DF
:208E3B0000FACC2C3800FFCA5202FFE000F4761F02A9E2AF003A761F02AAE2AF0104761F86
:208E4B0002A9E320413A767EDB1E761F02A3E203000A761F02AAE2AF0106761F02A9E2AF1E
:208E5B00003CE320413C767EDB1E761F02A3E203000C761F02AAE2AF0108761F02A9E2AF77
:208E6B00003EE320413E767EDB1E761F02A3E203000E761F02A9E2AF063CE2AF013AE2AF9D
:208E7B00003EE320423AE7200191E68C00007700E68C000DBFA60F1292A6BFA60F263B0185
:208E8B0085A9FF5693A688A985A8FF5693A992A654A8654E761F02A3E8023140E802314243
:208E9B00E2AF010EE2AF030AE2AF040EE80E0000E8510589E327260AE80E0002E85105A405
:208EAB00E7000183E7000110E7200059767EDB1E761F02AAE203000C761F02A3E802314030
:208EBB00E8023141E2AF030EE2AF020E761F02AAE851059DE80E0000E80E0001E85105921F
:208ECB00E2AF030CE2AF040CE89105A4E304D60CE7000175E7000103E7000148E720009943
:208EDB00767EDB1E761F02AAE203000A6F4B761F02A3E2AF030CE80230F8E2AF040AE8022B
:208EEB003141E2AF020AE2AF050CE851059BE85105A4E80B0000E3256E0CE80E0001E85156
:208EFB0005ADE7000182E72000E3E7000148E7200099767EDB1E761F02AAE203000AE8027A
:208F0B003140E8025629E2AF020A761F02A3E80E0000E80E0801E8910593E2AF040C761F59
:208F1B0002AAE3071E0AE85105B2E3061D0AE7000148E7200099767EDB1E761F02AAE20395
:208F2B00000C761F02A256BF0113761F02A91800F8FF761F02A22B14FFEF019D761F02A22C
:208F3B0092155219683CE2C40115761F02A3E2AF0002767EDB1E761F02A9E203003E761FF2
:208F4B0002A2E2C40115761F02A3E2AF0008767EDB1E761F02AAE2030008E590761F02A309
:208F5B00E2030002E2030008761F02A22B15761F01BF1A0400041A0D0100761F02E7CC2C94
:208F6B00F8FF1AA90100962CCC2CC7FF1AA90800962C761F02A91A0007006F1C0A15761F7E
:208F7B0002A3E2AF0002761F02C2E2AF0130E7100040761F02A3E2030002E2AF0008761FFD
:208F8B0002C2E2AF012EE7100040761F02A3E2030008761F02A22B14FFEF013D761F02E7C2
:208F9B00CC2C0700FFC75202FFE00135CC2C3800FFCA5204FFE0012F761F02A20A1492142D
:208FAB005264FFE801282B14761F02A9CC00F8FF1AA906009600FFEF011E761F02A2921552
:208FBB005219683FE2C40115761F02A3E2AF0000767EDB1E761F02A9E203003C761F02A276
:208FCB00E2C40115761F02A3E2AF0006767EDB1E761F02AAE2030006E590761F02A3E2034C
:208FDB000000E2030006761F02A22B15761F01BF1A0400041A0B0100761F02E7CC2CF8FF08
:208FEB001AA90100962CCC2CC7FF1AA91800962C761F02A9CC00F8FF1AA9050096006F1C99
:208FFB000A15761F02A3E2AF0000761F02C2E2AF0130E7100040761F02A3E2030000E2AF6A
:20900B000006761F02C2E2AF012EE7100040761F02A3E2030006761F02A22B14FFEF00BBA9
:20901B00761F02E7CC2C0700FFC75204FFE000B3CC2C3800FFCA5202FFE000AD761F02A2F8
:20902B000A1492145264FFE800A62B14761F02A9CC00F8FF1AA904009600FFEF009C761F60
:20903B0002A292155219683DE2C40115E2AF003E767EDB1E761F02A9E203003A761F02A2AA
:20904B00E2C40115761F02A3E2AF0004767EDB1E761F02AAE2030004761F02A22B15E59075
:20905B00E203003E761F02A3E2030004761F01BF1A0200041A0D0100761F02E7CC2CF8FFA5
:20906B001AA90300962CCC2CC7FF1AA90800962C761F02A9CC00F8FF1AA9030096006F1C28
:20907B000A15E2AF003E761F02C2E2AF0130E7100040761F02A2E203003E761F02A3E2AF6E
:20908B000004761F02C2E2AF012EE7100040761F02A3E2030004761F02A22B146F3B761F97
:20909B0002E7CC2C0700FFC75202600DCC2C3800FFCA52026008761F02A9CC00F8FF1AA9CB
:2090AB0002009600761F02A22B146F24761F02A22B13761F01BF1A0400041A0D0100761F57
:2090BB0002E7CC2CF8FF1AA90100962CCC2CC7FF1AA90800962C761F02A9CC00F8FF1AA926
:2090CB0001009600E590761F02AAE203000AE203000C761F02A292135201602F761F02E918
:2090DB00E2C4003A761F02AAE2AF010AE6940001AD146418761F02E9E2C4003A761F02AA5F
:2090EB00E2AF010CE6940001AD14640C761F02A9CC00FF9F50409600761F02AA183CFEFFB9
:2090FB006F09761F02A91A000060761F02AA1A3C0100761F02A22B13FE82E2AF06BEE2AFAE
:20910B0005BEE2AF04BE0006761F01BF1A0400041A0D0100E590761F02A9E203003AE203D0
:20911B00003CE203003E761F02AAE2030000E2030002E2030004E2030006E2030008000601
:20912B00761F02A9920090075201602792009060611ECC000060FFC45201601F92009007F6
:20913B005202610A761F02D64C236D064A236C04767E8E126F12761F02A9CC00FF9F5040DA
:20914B0096001800F8FF767E910F6F07CC00FF9F50209600767E910F0006761F02E9921227
:20915B005255601944106D06761F01BF1A0400046F05761F01BF1A020004761F02E94510D8
:20916B006D06761F01BF1A0D01006F05761F01BF1A0B01000006FE02761F02A940016D1CF5
:20917B00761F02C2E801FD18E2AF0104E8099998E6940001AD14650B761F02A90A0D920D23
:20918B00526469081A0100012B0D6F04761F02A92B0D2B0F6F1940016C17761F02C2E2AFEE
:20919B000004E811FC00AD14630B761F02A90A0F1B0F01F469081801FFFE2B0F6F04761F4B
:2091AB0002A92B0F2B0DFE820006FE02761F02A941016D24761F02C2E801FD18E2AF0106FF
:2091BB00E8099998E6940001AD14650F761F02A90A0E920E526469101A01000218017FFFE7
:2091CB001801DFFF2B0E6F08761F02A91A0180001A0120002B0E2B106F1D41016C1B761F69
:2091DB0002C2E2AF0006E811FC00AD14630F761F02A90A101B1001F4690C1801FFFD1A01D2
:2091EB0080001A0120002B106F04761F02A92B102B0EFE820006761F02A9CC000018FFC2DC
:2091FB0052016066761F02A29200900352016005920F6003767E9176761F02A2CC00000C15
:20920B00FFC15201600592106003767E91B0761F02A99301CC0100029101FFC0CAA890019A
:20921B00CD01FFEFFF83CAA8960149016D2D40016D0E761F02A29200900352016008761F9E
:20922B0002A91A0140001A0110006F07761F02A91801BFFF1801EFFF41016D0F761F02A267
:20923B00CC00000CFFC152016008761F02A91A0180001A0120006F2E761F02A918017FFF36
:20924B001801DFFF6F2744016D0C761F02A246006C08761F02A91A0108001A0104006F1ABA
:20925B00761F02A91801F7FF1801FBFF6F131801FFFE1801FFFD1801FFEF1801BFFF1801ED
:20926B00EFFF18017FFF1801DFFF1801F7FF1801FBFF42016C0740016D05761F02A256BF8E
:20927B00010F761F02A2920F5201600893110A111BA8177069042B0F6F022B11761F02A991
:20928B0043016C0741016D05761F02A256BF0110761F02A292105201600893120A121BA8DF
:20929B00177069042B106F022B12761F02A99201CD01FFFB9001FF81CAA89601FFC0CD0194
:2092AB00FFF79001FF82CAA896010006767E8C5D767E8D25767E912B767E9158767E91F601
:2092BB0000060006FE02761F02D6430C6D172BC592CC5204602792DD5202600AD008E2AF86
:2092CB000095E5A0AD14610456BF01D56F1BE590E20300F52BDD2BCC6F1592CC52046112D5
:2092DB000AC51BC50708680E2BC5E590E20300E5E20300F5D008E20300952BD52BDD56BFC7
:2092EB0004CCFE820006B2BDFE02C44892CCFFE1021C92CC5202FFE101CF92CC5203FFE141
:2092FB0001A292CC5201FFE1009B92CC5204FFE0009392DDFFE1008A92DD5201615E92DD95
:20930B005202610992DD5203FFE002052BCC2BDDFFEF0201761F02A9E2AF00F5E2AF011A78
:20931B00E6940001AD146506061A1EF5D00806C61E95E801F260E2AF01F5E80E6668E69401
:20932B000001AD146306E801E3A8E80E14786F05E801E118E80EB850E2AF01C6E720000846
:20933B007700E20300C6761F02A2E2AF003C761F02A9E2AF0108E6940001AD14630DE8017B
:20934B00F330E2AF01C6E80B3330E6940001AD14650392D5610E92D561052BD5E590E20390
:20935B0000F5D00806951EC656BF03DDFFEF01B356BF01CDFFEF01AF761F02A9E2AF001CA1
:20936B00E811FA00AD146306E801FA60E80E66686F05E801F998E8099998761F02A2E20390
:20937B00003CE801E3A8761F02A9E2AF011CE80E1478E72000087700E20300C656BF01CD9E
:20938B0056BF02DDFFEF018756BF01CD56BF01DDFFEF01812BCC2BDDFFEF017D761F02A967
:20939B00D00E061A1E9492D4FFE00083D00AD10CE2AF0094D00AE2AF039CE2AF0194D00E50
:2093AB00E3120294E71000997700E6940001AD146238D00ED10AE2AF0094D00CE2AF039C50
:2093BB00E2AF0194D00AE3120294E7100099D010E7200009E2AF0394E6940019AD14651E88
:2093CB00D00CD10EE801EE60E2AF0194E2AF029CE7200051E80E6668E6950009E694000120
:2093DB00AD14630CD012E2AF01C6E2AF0094E72000087700E20300C66F7856BF01D46F75FD
:2093EB00D00AD10CE2AF0094D00AE2AF039CE2AF0194D00EE3120294E7100099D010E72076
:2093FB000009E2AF0394E6940019AD14651ED00CD10EE801EE60E2AF0194E2AF029CE720FC
:20940B000051E80E6668E6950009E6940001AD14630CD012E2AF00C6E2AF0194E710004067
:20941B007700E20300C66F4156BF01D46F3ED010761F02A2E2AF0094E2AF0138E2AF023AF3
:20942B00E8502800E72000517700E6940001AD146221D010E2AF013AE2AF0238E2AF009497
:20943B00E8502800E72000517700E6940001AD146206761F02A9061C1EC66F16D012E2AF00
:20944B0001C6E2AF0094E72000087700E20300C66F0BD012E2AF00C6E2AF0194E7100040D4
:20945B007700E20300C62BD4761F02A9E2AF02C6E801EA60E2AF011CE7200051E80E666042
:20946B00E6950009E6940001AD14630CD00CE2AF0094E5A0AD14650656BF01C456BF02CC43
:20947B006F022BCC761F02E9E2AF01C6E2AF002EE6940001AD146209E801F330E2AF01C6C7
:20948B00E80B3330E6960008E20300C6D00AE590E2030094D00CE2030094D00EE2030094C8
:20949B006F79761F02A9D00A061A1E9492D46010061A761F02A21E38D012E2AF00C6E2AF8E
:2094AB000194E71000407700E20300C66F0F061A761F02A21E3AD012E2AF01C6E2AF009425
:2094BB00E72000087700E20300C656BF01C456BF01CC6F50761F02A9D00C061A1E94E8010E
:2094CB00F260D00CE2AF0194E80E6668E6940001AD146410E801D688D010E80DB8B8E20348
:2094DB000094D012E801DD18E80EB850E20300946F0FE801D288D010E80DB8B8E203009427
:2094EB00D012E801E118E80EB850E203009492D4600CD012E2AF01C6E2AF0094E7200008E6
:2094FB007700E20300C66F0BD012E2AF00C6E2AF0194E71000407700E20300C656BF01C423
:20950B0056BF03CC6F07E20300C656BF01C456BF02CCFE828BBE0006FE02761F02A79201DE
:20951B005204600A761F02A3922B520360039A286F049A036F029A0A761F02A7931553049D
:20952B00600A761F02A3933553036003B6286F04B6036F02B60A761F02A20A0D540D664960
:20953B002B0D761F02A946016D3DCD011000CC010400FFDBFFC9CAA8600E761F02A72B010C
:20954B00761F02A32B2B761F02C20604761F02A91E1E6F2F761F02A30618761F02A91E1A23
:20955B00761F02A30620761F02A91E1C8F00AA5EA8428F40A8E88F00A9C0767E92BD761F66
:20956B0002C2E801E1188F00AA5EE2AF0104E80EB850A842E72000088F00A9C0767E92EEAA
:20957B006F08761F02A72B01761F02A32B2B2B28761F02A292A70A0E540E66432B0E761FA9
:20958B0002A947016D374D016D0E761F02A72B15761F02A32B35761F02C20606761F02A9A3
:20959B001E206F2F761F02A3061A761F02A91E1A761F02A30622761F02A91E1C8F00AA608D
:2095AB00A8428F40A8F28F00A9D4767E92BD761F02C2E801E1188F00AA60E2AF0106E80E9C
:2095BB00B850A842E72000088F00A9D4767E92EE6F08761F02A72B15761F02A32B352B3223
:2095CB00FE820006761F02A9CD01FDFF761F02D6CC230100FFC7761F02A9FF88CAA89601FD
:2095DB000006767E9517767E95CD00060200761F02A91E007622761F01A11A180004761A79
:2095EB007622761F01A61A180004761A761F02A92B052B06E590E2030008E203000A2804A8
:2095FB0005DCE801F4C8761F02A6E80CCCD0E203002CE801C688E80DB8B8E203002EE590C8
:20960B00E2030032E805FD50E80D4C98E2030034E590E2030030E203002AE801F4C8E80CCA
:20961B00CCD0E2030008E801C688E80DB8B8E203000AE590E203000EE805FD50E80D4C98A0
:20962B00E2030010E590E203000CE2030006E8020700761F02A4E2030008E801CA88E80D90
:20963B00B8B8E203000AE590E203000EE805FD50E80D4C98E2030010E590E203000CE203F5
:20964B000006E801FA60761F02A5E80E6668E203001AE801D418E8089378E203001CE801FD
:20965B00FD50E80D4C98E2030020E590E2030022E203001EE2030018E801ED18761F02A41F
:20966B00E80EB850E203002CE801D620E80CDD30E203002EE801FAC8E80CCCD0E20300328B
:20967B00E805FAC8E80CCCD0E2030034E590E2030030E203002A761F02A606081E1A060A4B
:20968B001E1C060E1E2006101E22E203001EE2030018761F02A406081E1A060A1E1C060EFE
:20969B001E2006101E22E203001EE2030018761F02A5061A1E2C061C1E2E06201E32062269
:2096AB001E34E2030030E203002A761F02A4062C761F02A51E08761F02A4062E761F02A5AF
:2096BB001E0A761F02A40632761F02A51E0E761F02A40634761F02A51E10E203000CE203D7
:2096CB000006761F02A91801FFFE1801FFFD1801FFEFFF6900060006000600069A000006E7
:2096DB009A6300069A6200069A6100069A6000069A5F00069A5E00069A5D00069A5C000673
:2096EB009A5B00069A5A0006761F02BF920700069A5900069A5800069A5700069A56000697
:2096FB009A5500069A5400069A5300069A5200069A5100069A500006761F02BF92010006B1
:20970B00761F02A6E8022DD8E2AF012AE80C0000E70000407700E68C000077007700BFA9FC
:20971B000F120006761F02A6E8022DD8E2AF0106E80C0000E70000407700E68C00007700C8
:20972B007700BFA90F120006761F02A6E8022DD8E2AF0102E80C0000E70000407700E68C54
:20973B00000077007700BFA90F1200069A4C0006761F01A692090006761F02A5E2AF0006F5
:20974B00E8505C007700E850B2007700E68C000077007700BFA90F120006761F02A5E2AFD6
:20975B00000CE8505C007700E850B2007700E68C000077007700BFA90F120006761F02A54B
:20976B00E2AF0004E8505C007700E850B2007700E68C000077007700BFA90F120006761F59
:20977B0002A5E2AF0002E8505C007700E850B2007700E68C000077007700BFA90F12000639
:20978B00761F02A5E2AF002AE8505C007700E850B2007700E68C000077007700BFA90F1272
:20979B000006761F02BF92000006761F02A5E2AF0030E8505C007700E850B2007700E68CDF
:2097AB00000077007700BFA90F120006761F02A5E2AF0028E850F2007700E8504800770094
:2097BB00E68C000077007700BFA90F120006761F02A5E2AF0026E850F2007700E85048008B
:2097CB007700E68C000077007700BFA90F120006761F02A4E2AF0018E8505C007700E850F1
:2097DB00B2007700E68C000077007700BFA90F120006761F02A4E2AF001EE8505C00770061
:2097EB00E850B2007700E68C000077007700BFA90F120006761F02A4E2AF0016E850F20002
:2097FB007700E85048007700E68C000077007700BFA90F120006761F02A4E2AF0014E850D9
:20980B00F2007700E85048007700E68C000077007700BFA90F120006761F01A1920A000615
:20981B00761F02A4E2AF002AE8505C007700E850B2007700E68C000077007700BFA90F12E2
:20982B000006761F02A4E2AF0030E8505C007700E850B2007700E68C000077007700BFA9E7
:20983B000F1200069A060006761F02A4E2AF0028E8505C007700E850B2007700E68C00006E
:20984B0077007700BFA90F120006761F02A4E2AF0026E8505C007700E850B2007700E68CB0
:20985B00000077007700BFA90F120006761F02A5E2AF0018E8505C007700E850B20077001F
:20986B00E68C000077007700BFA90F120006761F02A5E2AF001EE8505C007700E850B2000E
:20987B007700E68C000077007700BFA90F120006761F02A5E2AF0016E850F2007700E850AB
:20988B0048007700E68C000077007700BFA90F120006761F02A5E2AF0014E850F20077008D
:20989B00E85048007700E68C000077007700BFA90F120006761F02A4E2AF0006E8505C0061
:2098AB007700E850B2007700E68C000077007700BFA90F120006761F02A4E2AF000CE850C6
:2098BB005C007700E850B2007700E68C000077007700BFA90F120006761F02A4E2AF00049A
:2098CB00E850F2007700E85048007700E68C000077007700BFA90F120006761F02A4E2AF2A
:2098DB000002E850F2007700E85048007700E68C000077007700BFA90F1200069A00000644
:2098EB009A3100069A300006761F02BFE2AF0028E8505C007700E850B2007700E68C0000CF
:2098FB0077007700BFA90F120006761F02BFE2AF0026E8505C007700E850B2007700E68CE5
:20990B00000077007700BFA90F1200069A2D0006761F02BFE2AF0024E8505C007700E850A4
:20991B00B2007700E68C000077007700BFA90F120006761F02BFE2AF0022E8505C00770000
:20992B00E850B2007700E68C000077007700BFA90F120006761F02BFE2AF002CE850F2008F
:20993B007700E85048007700E68C000077007700BFA90F1200069A290006761F02BFE2AFFF
:20994B00002CE850F2007700E85048007700E68C000077007700BFA90F1200069A040006A5
:20995B00761F02BFE2AF002EE850F2007700E85048007700E68C000077007700BFA90F1256
:20996B000006761F02BFE2AF0020E850F2007700E85048007700E68C000077007700BFA96F
:20997B000F120006761F02BFE2AF001EE850F2007700E85048007700E68C000077007700A8
:20998B00BFA90F1200069A2400069A2300069A2200069A2100069A2000069A1F00069A1EEC
:20999B0000069A0300069A1D0006761F02C2E2AF002EE85048007700E68C000077007700D7
:2099AB00BFA90F120006761F02C2E2AF0026E850B2007700E68C000077007700BFA90F12B3
:2099BB000006761F02C2E2AF0024E850B2007700E68C000077007700BFA90F120006761F93
:2099CB0002C2E2AF0022E850B2007700E68C000077007700BFA90F120006761F02C2E2AFCB
:2099DB000020E850B2007700E68C000077007700BFA90F120006761F02C2E2AF001EE850BC
:2099EB0048007700E68C000077007700BFA90F120006761F02C2E2AF001CE85048007700B1
:2099FB00E68C000077007700BFA90F1200069A1500069A1400069A0200069A1300069A12F3
:209A0B000006761F02BF92050006761F02BF920400069A000006761F02BF92030006761F2A
:209A1B0002BF920200069A0C00069A000006761F02BF920600069A010006761F02EE8802E0
:209A2B00DEB092025234635F761F02D1922552016058921E960F761F028056BF0100761F70
:209A3B0002D1920F761F02809601761F02D1920F9C010EA983A99218520160322D0F33184A
:209A4B002DA612AB9C032FA9BE0092A6540F67233B0127A692AA8F00A000D00272ABA8A95D
:209A5B0081AB1EA792A672A0A8A981A08AA927C73FC480A692AA72A78F00A000A8A981A7F7
:209A6B008AA9A0A9562100C407AC83A9DE0192A6540F68E09326530267052B186F0356BF3F
:209A7B000118580F8F00A000D8027D94080F000356BF012356BF01240B2660082B256F0646
:209A8B002B246F04761F02D12B240006AABDFE042BABD0006F088F00BB8092948F00A00097
:209A9B009694D801761F02D1920C9CFF54A066F456BF0122920C9CFF960F2B1856BF012426
:209AAB002B25761F02EE2D02350A94032DA9350A940408A9EB3080A92D06350A94072DA93C
:209ABB00350A940808A9EB3088A92D0A350A940B08A9FDF096442D0D350A940E08A9FDF06D
:209ACB0096432D10350A941108A9FDF096422D13350A941408A9FDF096412D16350A941742
:209ADB0008A9FDF05AA95D19DDB02F1B2D1D350A941E2DA9350A941F2DA9350A94202DA9DB
:209AEB00350A08A9F180942108A9EB302DA9D00093A0530467165CADDC845CA49394536485
:209AFB0067515CADDC845CA49A009394530061029A0193AB95A927A8D80193A0530468EC16
:209B0B0093AB61405301690728A9063D0EA9F60F1FAB6F0328A9063D54A768341BA601809E
:209B1B00663193A55304662E93A25364672B1BAC80006728761F02D12B1F7F1E7E197E1A9E
:209B2B00D00093A05304670C5CADDC845CA492948F00B8FC9694D80193A0530468F6761FFB
:209B3B0002D17A1D7D1B93AA532B60039A016F07532D600428A9FFFF6F029A019621212022
:209B4B003F26FE8486BE0006B2BDAABDA2BD761F02D19222520261049A00FFEF0096921BF4
:209B5B0052016146520261305203611A520461049A00FFEF008A29018F3EEF245603011DED
:209B6B00560100A4C5C43E67761F02D13B012D2185A933200FAB602E56BF011C6F2B290100
:209B7B008F3EEF245603011D560100A4C5C43E67761F02D13B012D2185A933200FAB651A9E
:209B8B0056BF011C6F1729018F3EEF245603011D560100A4C5C43E67761F02D13B012D2166
:209B9B0085A933200FAB630656BF011C6F0356BF011C921C60039A006F47921A61089CFF1F
:209BAB00961A61039A006F409219961AD200D10092A1520467268F00B8FC889C92A6611D0C
:209BBB0092A261082DA2761F02D1121E9C035BA96F02D30229018F3EEF24560301A656013C
:209BCB0000A4C5C43E67761F02D1581F93A373A08F00A0009694DA01D90192A1520468DCA5
:209BDB00761F02D10A1F881F80A60E1E0FA7600B921E960F2B1F2B1B2B1C2B2256BF01250B
:209BEB009A016F029A0082BE86BE8BBE0006761F02D192135203620D520361635200FFE1C5
:209BFB0000D45201FFE100DB5202617AFFEF0101520461475205FFE000FC761F01C1471467
:209C0B006C28761F02D1920F540E6923580E8F00A000929493235301611453026108761F21
:209C1B0001C19619761F02D10A0E6F1390FF761F01C19619761F02D156BF01230A0E6F09F0
:209C2B00FFA7761F01C19619761F02D156BF0223761F02D1920F540EFFE600CB761F01C159
:209C3B004614FFEC00C6761F02D12B232B0E2B1392225201FFE000BD56BF0222FFEF00B94E
:209C4B00761F01C11A110002761F02D10A1192155411FFE700AE2B1156BF0513FFEF00A952
:209C5B009214FFE000A60E0A761F02EE88000FA66110761F02D192245201610652006006E3
:209C6B002B102B136F0356BF04132B0CFFEF0091761F02D12B0C56BF0413FFEF008A0E0AB1
:209C7B00761F02EE88000FA6612692005251601D761F02D1920C524069032B102B0C580CF4
:209C8B008F00BB80D8819294520D610556BF01102B136F6E2B1056BF031356BF0114761F45
:209C9B0001C11811FFFE6F64761F02D12B0C2B102B136F5E761F02D1920C5206600E761FA8
:209CAB0002EE920152106005560301059C096F029A08761F02D1960D920C524069032B1056
:209CBB002B0C880C0E0D0FA6610556BF01102B136F3F2B1056BF031356BF0114761F01C18F
:209CCB001811FFFE6F358F00AD0092E46131761F01C11A1100011811FFFD761F01C1461511
:209CDB006D1745156D0747156D05761F02D12B136F1F761F02D12B0C2B122B112B102B1384
:209CEB00761F01C156BF031156BF23116F11761F02D12B122B11580C8F00BB80761F01C1AA
:209CFB00C6179694761F02D10A0C56BF02130006761F02D1922252026003767E9B4F0006DD
:209D0B000006761F02D64B236D05767E9BF2767E9D030006761F02D140176C031817FFFE70
:209D1B0000060006761F02D64B236D03767E9D1500062BAC92AC520263343B01BE0092A6F3
:209D2B00520363228F3EF00A3106A8A907AB81A68AA992C45220611E8F3EF00A31068F40CF
:209D3B00BB80A8A907AB81A68AA9A0A981A683A992C554C46006DE0192A6520364E46F04D8
:209D4B00761F02D12B2492AC9C0152022DA964D76F0835068F3EF00E560100A4C5C43E675B
:209D5B0000065200610C718458A893A58F7EEC2471958F7EED245D959CFF60F6560308A8C9
:209D6B00CAA50006B2BD27A888A9761F02EE930153066003B6046F02B60759A66F1258A7B8
:209D7B009B0195A080A88F00BB805603089458A79B0195A0949480A88F00B6CA969CD901D5
:209D8B0093AB95A655A166EC761F02DB8F00AD00920A96E4B60058A79A01761F02EE94A02A
:209D9B0080A98F00A0009300979458A79A0194A080A99301979458A79A0194A080A9930250
:209DAB00979458A79A0194A080A99303979458A79A0194A080A99304979458A79A0194A02E
:209DBB00930580A99794D5FF9BFF767E9D5C88A9FFC758A79B0195A080A88F00A0009694F9
:209DCB00CCA600FF58A79B0195A080A89694761F02D17F0F8BBE000688A9B60058A79B011E
:209DDB00761F02EE95A080A88F00A0009200969458A79B0195A080A89A809401969458A7CB
:209DEB009B0195A080A87E94D5FF9BFF92A7767E9D5C88A9CDA600FF58A79A018F00A0004D
:209DFB0094A080A9979493A6FFD758A79A0194A080A99794761F02D17F0F0006B2BD58A923
:209E0B0027A8BE0059A69B01761F02EE95A188A88F00A0009200969C59A69B0195A188A830
:209E1B0056BF039C59A69B0195A188A893AB9FA0560301A8969C92AB54A069188F00B6CA00
:209E2B00809459A69A0193A794A188A98F00A000FFD7979C59A69A01CDA700FF94A188A91E
:209E3B00979CD80192AB54A066EA92A6D5FF9BFF767E9D5C80A993A7FFD758A69A0194A0E1
:209E4B0088A98F00A0009794CDA700FF58A69A0194A088A99794761F02D17E0F8BBE00068C
:209E5B00B2BDD10058A1761F02EE9A01880094A059A98F00A0007E9456BF029C08A1000132
:209E6B0053A0663E2B9C08A10001FFD3530A69029B0A55A0691C8F00BC0A929490FF8F007D
:209E7B00A000969C189C00FF761F02800A02D9018F00BC0A9294FFC78F00A000969C189CEF
:209E8B0000FFD9010A02D80155A066E692A1D5FF9BFF767E9D5C88A993A6FFD758A19A0156
:209E9B0094A059A98F00A0009794CDA600FF58A19A0194A059A99794761F02D1790F8BBE77
:209EAB0000065CA927A8BE0058A69B01761F02EE95A088A88F40A0009200969558A69B01B5
:209EBB0095A088A856BF049558A69B0195A088A893AB9FA4560301A8969592AB54A4691B0E
:209ECB0058A408A0EF008F40AAC0809558A69A0193A794A088A98F40A000FFD7979558A6EF
:209EDB009A01CDA700FF94A088A99795DC0192AB54A466E792A68F00A000D5FF9BFF767EA0
:209EEB009D5C80A993A7FFD758A69A0194A088A98F00A0009794CDA700FF58A69A0194A08D
:209EFB0088A99794761F02D17E0F0006761F02EE0E00761F02D1880A0FA66109761F02EEBF
:209F0B000E00761F02D1880B0FA66076920C8F00BB80D5FF9BFF9CFE767E9D5C93A9FFD733
:209F1B0090FF88A9580C80A88F00BB80D8820E940FA7605E580C88A6D8810E940FA66058A6
:209F2B00761F02EE56030802940388A956030804940580A993A795A692015204613B5202F1
:209F3B00613052036121520661145210600E5320660893A75308660592A6767E9D6D6F3D3E
:209F4B009A03767E9DD76F399A01767E9DD76F3592A6522069059A03767E9DD76F2E9B014C
:209F5B00767E9D6D6F2A5320660892A75240660592A6767E9E096F219A03767E9DD76F1D44
:209F6B0053A069059A02767E9DD76F17767E9E5B6F1492A808A9EF001BA9020069059A03D0
:209F7B00767E9DD76F0A92A6767E9EAC6F069A04767E9DD76F022B0F0006761F02D1921336
:209F8B00520360159214520160120E0A761F02EE88000FA66107767E9D24761F02D12B14E3
:209F9B006F06767E9F01761F02D12B140006761F02D64B236D03767E9F8800060006000678
:209FAB00761F02E940106D0B8F00AD00761F02DB92E4960A761F02E91A1000010006761F44
:209FBB0002D64B236D61767E9FAB761F02DBCC0BFFFE600D761F02E90E14761F02DB880BDA
:209FCB000FA66105920B761F02E99614761F02E99214761F02DB960B920C761F02E9961295
:209FDB009212761F02DB960C9210526462059210761F02A99605761F02A99205761F02DB29
:209FEB009610761F02E9CD10FFFB761F02DB9213FFA3761F02E99001FF81CAA89610CD101A
:209FFB00FFF7761F02DB9213FFA4761F02E99001FF82CAA89610CD10FFEF761F02DB92130A
:20A00B00FFA5761F02E99001FF83CAA89610CD10FFDF761F02DB9213FFA6761F02E990015E
:20A01B00FF84CAA89610000600067622761F01C156BF071056BF031156BF03141814FFFEE5
:20A02B001814FFFD56BF011256BF231356BF2311281A8040281B204F2B1C181FFFEF1A1FD8
:20A03B000008761AFF690006761F02D156BF010A2B132B142B102B0C56BF080D2B0E280FEE
:20A04B00064056BF141556BF081600069B00520061029B0192A8000688A928A9FFFF93A6D3
:20A05B00610D8F7EEE2493A9718491FF58A8FFC7709593A69DFF88A860F70006000600065E
:20A06B00761F02F092040A045202620B5202FFE100D15200FFE1045F5201FFE102976F060E
:20A07B00520361075204FFE1068F2B04FFEF068C761F02E0922B761F02AD9615761F02E0F4
:20A08B00922C761F02AD9616761F02E0922D761F02AD9617761F02E0922E761F02AD9618B7
:20A09B00761F02E0922F761F02AD9619761F02E09230761F02AD961A761F02E09231761F7E
:20A0AB0002AD961B761F02E09232761F02AD961C761F02E09233761F02AD961D761F02E05A
:20A0BB009234761F02AD961E761F02E09235761F02AD961F56BFA0208F00B6CA92DC962187
:20A0CB00761F02A3922B761F02AD962256BFA323761F02A3E2AF0030E850F2007700E850D3
:20A0DB0048007700E68E0000761F02ADE2130024761F02A3E2AF012EE8022DD8E80C0000F8
:20A0EB00E70000407700E68C0000761F02ADE2130025761F02A3E2AF002CE850B20077008F
:20A0FB00E68C0000761F02ADE213002656BFA72756BFA82856BFA92956BFAA2A761F02A3A2
:20A10B009235761F02AD962B56BFAC2C761F02A3E2AF003AE850F2007700E85048007700DE
:20A11B00E68E0000761F02ADE213002D761F02A3E8022DD8E2AF0138E80C0000E70000403C
:20A12B007700E68C0000761F02ADE213002E761F02A3E2AF0036E850B2007700E68C0000F0
:20A13B00761F02ADE213002F56BFB030FFEF05CC761F02A19226761F02AC9625761F02A1C2
:20A14B009227761F02AC9626761F02A19228761F02AC9627761F02A19229761F02AC962856
:20A15B00761F02A1922A761F02AC9629761F02A1922B761F02AC962A761F02A1922C761F6B
:20A16B0002AC962B761F02A1922D761F02AC962C761F02A1922E761F02AC962D761F02A133
:20A17B00922F761F02AC962E761F02A1923E761F02AC962FE8022DD8761F02E9E2AF0126C5
:20A18B00E80C0000E70000407700E68C0000761F02ACE2130030761F02A19236761F02AC05
:20A19B009631761F02A19234761F02AC9632761F02A19232761F02AC9633761F02E9E2AFBB
:20A1AB00002AE68E0000761F02ACE2130034761F02E9E8022DD8E2AF0134E80C0000E7007A
:20A1BB0000407700E68C0000761F02ACE2130035761F02E9E8022DD8E2AF0136E80C0000C3
:20A1CB00E70000407700E68C0000761F02ACE2130036761F02A6E8022DD8E2AF0102E80C42
:20A1DB000000E70000407700E68C0000761F02ACE2130037E8022DD8E80C0000E7000040DB
:20A1EB007700E68C00007700E2130038761F02A6E8022DD8E2AF0106E80C0000E7000040E8
:20A1FB007700E68C0000761F02ACE2130039761F02A1923B761F02AC963A761F02A1923CCC
:20A20B00761F02AC963B761F02A1923D761F02AC963C761F02A6E8022DD8E2AF0104E80C4D
:20A21B000000E70000407700E68C0000761F02ACE213003D761F02E9E2AF002CE850F20037
:20A22B007700E68E0000761F02ACE213003E761F02BFE2AF002CE850F2007700E68E00008A
:20A23B00761F02ACE213003F761F02AACC3D0020761F02ADFFC49600761F02AACC3D01003A
:20A24B00761F02ADFFC79601761F02AACC3D0040761F02ADFFC59602761F02AACC3D0400DA
:20A25B00761F02ADFFC99603761F02AACC3D0200761F02ADFFC89604761F02AACC3D0004FF
:20A26B00761F02ADFFC19605761F02AACC3D2000761F02ADFFCC9606761F02AACC3D400095
:20A27B00761F02ADFFCD960756BF880856BF890956BF8A0A56BF840B56BF850CE8022DD8E8
:20A28B00761F02A6E2AF0130E80C0000E70000407700E68C0000761F02ADE213000D761FD5
:20A29B0002A6E8022DD8E2AF012AE80C0000E70000407700E68C0000761F02ADE213000E05
:20A2AB00761F02A5E2AF0030E8505C007700E850B2007700E68C0000761F02ADE213000F70
:20A2BB00761F02A5E2AF002AE8505C007700E850B2007700E68C0000761F02ADE213001065
:20A2CB00761F02A5E2AF000CE8505C007700E850B2007700E68C0000761F02ADE213001172
:20A2DB00761F02A5E2AF0006E8505C007700E850B2007700E68C0000761F02ADE213001267
:20A2EB00761F02A6E8022DD8E2AF011EE80C0000E70000407700E68C0000761F02ADE2133A
:20A2FB000013761F02A6E8022DD8E2AF0118E80C0000E70000407700E68C0000761F02AD12
:20A30B00E2130014FFEF0400761F02A79202761F02AB9634761F02A79201761F02AB96357B
:20A31B00E8022DD8761F02A7E2AF010CE80C0000E70000407700E68C0000761F02ABE2131C
:20A32B000036761F02A7E8022DD8E2AF0110E80C0000E70000407700E68C0000761F02ABC7
:20A33B00E2130037761F02A7E2AF0012E850F2007700E85048007700E68C0000761F02ABA9
:20A34B00E2130038761F02A7E8022DD8E2AF010EE80C0000E70000407700E68C0000761F5F
:20A35B0002ABE2130039761F02A7E8022DD8E2AF010AE80C0000E70000407700E68C00003A
:20A36B00761F02ABE213003A761F02AAE2AF000AE68E0000761F02ABE213003B761F02AA5E
:20A37B00E2AF000CE68E0000761F02ABE213003C761F02E9923A761F02AB963D56BF3E3E4C
:20A38B0056BF3F3F761F02A9CC000018761F02ACFFC29600761F02BC921E761F02AC960184
:20A39B00761F02BEE2AF0020E68C0000761F02ACE213000256BF4303761F02BEE2AF002689
:20A3AB00E68C0000761F02ACE2130004761F02A9CC014000761F02ACFFCD9605761F02A9AD
:20A3BB00CC018000761F02ACFFCE9606761F02BEE2AF0022E68C0000761F02ACE2130007D0
:20A3CB00761F02BEE2AF001EE68C0000761F02ACE2130008761F01BFCC000004761F02AC54
:20A3DB00FFC19609761F01BFCC090100761F02ACFFC7960A761F02BE922E761F02AC960B36
:20A3EB00761F02BE922B761F02AC960C761F02BE922A761F02AC960D761F02BE922C761FBC
:20A3FB0002AC960E761F02E99219761F02AC960F761F02C1E2AF0008E850D7007700E8502E
:20A40B0048007700E68E0000761F02ACE2130010761F02C1E2AF000AE850D7007700E85005
:20A41B0048007700E68E0000761F02ACE2130011767E995B761F02AC9612761F02A9E2AF01
:20A42B00003AE85048007700E68E0000761F02ACE2130013761F02A9E2AF003CE850480094
:20A43B007700E68E0000761F02ACE2130014761F02A9E2AF003EE85048007700E68E000050
:20A44B00761F02ACE2130015761F02AAE2AF0000E85048007700E68E0000761F02ACE2132F
:20A45B000016761F02AAE2AF0002E85048007700E68E0000761F02ACE213001756BF5818B8
:20A46B0056BF5919761F02D6CC234000761F02ACFFCD961A761F02AAE2AF0004E850480099
:20A47B007700E68E0000761F02ACE213001B761F02AAE2AF0006E85048007700E68E000040
:20A48B00761F02ACE213001C761F02AAE2AF0008E85048007700E68E0000761F02ACE213E0
:20A49B00001D761F02A99200761F02AC9007961E761F02A9CC000080761F02ACFFC6961FDB
:20A4AB00761F02A2CC000040761F02ACFFC59620761F01BFCC004000761F02ACFFCD962168
:20A4BB00761F02A9CC000060761F02ACFFC49622761F02E9920C761F02AC900F9623761F09
:20A4CB0002A9CC000700761F02ACFFC79624FFEF023B761F02AB2B00280117A0761F02E938
:20A4DB009219761F02AB9602761F02E99218761F02AB9603761F02A29200761F02AB960430
:20A4EB00761F02A99200761F02AB9605761F02A99201761F02AB9606761F02E9920C761F3E
:20A4FB0002AB9607761F02E99205761F02AB9608761F02F09202761F02AB9609761F02F07D
:20A50B009201761F02AB960A761F02AA923C761F02AB960B761F02AA923D761F02AB960CD5
:20A51B00761F02F09215761F02AB960D761F02F09216761F02AB960E761F02F0920A761F40
:20A52B0002AB960F761F02F0920B761F02AB9610761F02F0920C761F02AB9611E8022DD8B5
:20A53B00761F02A6E2AF0126E80C0000E70000407700E68C0000761F02ABE2130012761F29
:20A54B0002BDE2AF0216E8022DD8E2AF0114E7100089E80C0000E70000407700E68C00006F
:20A55B00761F02ABE2130013761F02F0920F761F02AB9614761F02F09210761F02AB96156C
:20A56B00761F02F09211761F02AB9616761F02A1923E761F02AB9617761F02C2E2AF001CBB
:20A57B00E85048007700E68E0000761F02ABE2130018761F02C2E2AF001EE8504800770007
:20A58B00E68E0000761F02ABE2130019761F02C2E2AF002EE85048007700E68E0000761FD4
:20A59B0002ABE213001A761F02BEE2AF0026E68C0000761F02ABE213001B761F02C2E2AF2A
:20A5AB000020E850B2007700E68C0000761F02ABE213001C761F02C2E2AF0022E850B20054
:20A5BB007700E68C0000761F02ABE213001D761F02C2E2AF0024E850B2007700E68C000062
:20A5CB00761F02ABE213001E761F02C2E2AF0026E850B2007700E68C0000761F02ABE21301
:20A5DB00001F761F02A4E2AF0002E850F2007700E85048007700E68E0000761F02ABE21330
:20A5EB000020761F02A5E2AF0014E850F2007700E85048007700E68E0000761F02ABE2130C
:20A5FB000021761F02E9E2AF0020E85048007700E68E0000761F02ABE2130022761F02D6BD
:20A60B009223761F02AB9623761F02E9E8022DD8E2AF0126E80C0000E70000407700E68C54
:20A61B000000761F02ABE2130024761F02C2E2AF0120E2AF001CE70000087700E68C000034
:20A62B00761F02ABE2130025761F02C2E2AF0122E2AF001EE70000087700E68C0000761F8A
:20A63B0002ABE2130026761F02BEE2AF0028E68C0000761F02ABE2130027761F02A6E80232
:20A64B002DD8E2AF0130E80C0000E70000407700E68C0000761F02ABE2130028761F02A688
:20A65B00E8022DD8E2AF012AE80C0000E70000407700E68C0000761F02ABE2130029761F3B
:20A66B0002A4E2AF000CE68C00007700E68D00007700E8505C007700E850B2007700E68ED9
:20A67B000000761F02ABE213002A761F02A4E2AF0006E68C00007700E68D00007700E85081
:20A68B005C007700E850B2007700E68E0000761F02ABE213002B761F02A5E2AF001EE85082
:20A69B005C007700E850B2007700E68C0000761F02ABE213002C761F02A5E2AF0018E85079
:20A6AB005C007700E850B2007700E68C0000761F02ABE213002D761F02A4E2AF0030E85051
:20A6BB005C007700E850B2007700E68C0000761F02ABE213002E761F02A4E2AF002AE85046
:20A6CB005C007700E850B2007700E68C0000761F02ABE213002F761F02A6E8022DD8E2AFA6
:20A6DB00010CE80C0000E70000407700E68C0000761F02ABE2130030761F02A6E8022DD8BB
:20A6EB00E2AF0106E80C0000E70000407700E68C0000761F02ABE2130031761F02C2E2AF61
:20A6FB000030E85048007700E68C0000761F02ABE2130032761F02A9CC010040761F02ABAE
:20A70B00FFC596330006761F02F0180AFFFE180AFFFD180AFFFB180AFFF7180AFFEF180A71
:20A71B00FFDF180AFFBF180AFF7F180AFEFFCD0BFFFE761F02AACC3C0200FFC8761F02F033
:20A72B00CAA8960BCD0BFFFD761F02AACC3C0400FFC9761F02F0FF80CAA8960BCD0BFFEF33
:20A73B00761F02AACC3C0800FFCA761F02F0FF83CAA8960BCD0BFFDF761F02AACC3C1000B9
:20A74B00FFCB761F02F0FF84CAA8960BCD0BFEFF761F02AACC3C2000FFCC761F02F0FF87F1
:20A75B00CAA8960BCD0BFDFF761F02AACC3C4000FFCD761F02F0FF88CAA8960B180BEFFF70
:20A76B00180BDFFF180CFFFE180CFFFD180CFFFB180CFFF7180CFFEF180CFFDF180CFFBF5E
:20A77B00180CFF7F180CFEFF180CFDFF180DFFEF180DFFDF180DFFBF180DFF7F180DFEFF1D
:20A78B00180DFDFF180DFBFF180DF7FF180DEFFF180EFFFE180EFFFD180EFFFB180EFFF7BF
:20A79B00180EFFEF180EFFDF180EFFBF180EFF7F180EFEFF180EFDFF180EFBFF180EF7FF7D
:20A7AB00180EEFFF180EDFFF180EBFFF180E7FFF180FFFFE180FFFFD180FFFFB180FFFF769
:20A7BB00180FFFEF761F02AACD3D0020CC3D0040FFD4FFC5CAA8CD3D0080FFD6CBA9CC3DD0
:20A7CB000010FFC3761F02F0CAA89001FF84CD0FFFDFCAA8960F180FFFBFCD0FFF7F761FEA
:20A7DB0002AACC3A0004FFC1761F02F0FF86CAA8960FCD0FFEFF761F02AACC3A0008FFC2DC
:20A7EB00761F02F0FF87CAA8960FCD0FEFFF761F02AACC3C0008FFC2761F02F0FF8BCAA8CB
:20A7FB00960F180FDFFF180FBFFFCD0F7FFF761F02AA923C9001761F02F0FF8ECAA8960F8A
:20A80B00CD10FFFE761F02AACC3C0004FFC1761F02F0CAA896101810FFFD1810FFFBCD1084
:20A81B00FFF7761F02AACC3C0100FFC7761F02F0FF82CAA896101810FFEF1810FFBF1810D3
:20A82B00FF7F1810FEFFCD10FDFF761F02AACC3D0004FFC1761F02F0FF88CAA89610181035
:20A83B00FBFF1810F7FF1810EFFF1810DFFF1810BFFF18107FFF1811FFFE1811FFFD1811C9
:20A84B00FFFB1811FFF71811FFEF1811FFDF1811FFBF1811FF7F1813FFFE1813FFFD1813AE
:20A85B00FFFB1813FFF7CD13FFEF761F02AA923A9001761F02F0FF83CAA89613CD13FFDF74
:20A86B00761F02AACC3A0002FFC0761F02F0FF84CAA896131813FFBF1813FF7F1813FEFFE6
:20A87B001813FDFF1813FBFF1813F7FF1813EFFF1813DFFF1813BFFF18137FFF1814FFFE73
:20A88B001814FFFD1814FFFB0006767EA06B767EA70E000600060006761F02D6920B900FF6
:20A89B005201600E0A161B1603E86903281603E80A181B1803E86906281803E86F032B167E
:20A8AB002B18CC0B000F5204620F520461335200FFE1009C520161535202FFE100B15203A4
:20A8BB00613FFFEF00B95205FFE100A4520661065207FFE1009BFFEF00AF920E541D69149D
:20A8CB00761F01DD4714FFEC00A7761F02D6581D8F00B480761F01DD92949619761F02D6B3
:20A8DB000A1DFFEF0099CC0BFFF05007960BFFEF0093470BFFEC0090180BFF7F920E6005FD
:20A8EB00180BFFF0FFEF0088761F01DD1A110002761F02D6CC0BFFF05005960B6F7C8F0082
:20A8FB00B340767EDBDE761F02D6460B6C74CC0BFFF05004960B180BFFBF6F6D761F01DD14
:20A90B0046156D1145156D0347156C2E56BF031156BF2311761F02D6180BFFF02B0F2B1627
:20A91B002B186F22761F02D6580F8F00B340761F01DDC6179694761F02D60A0F2B18761F1A
:20A92B0002CD920052496110761F02D69217541666070E10761F02CD88000FA66105761FF8
:20A93B0002D62B162B0F761F02D6920F61049217541868041B0F010A682E2B182B16CC0B8F
:20A94B00FFF05002960B6F27761F01DD46146C231A1100011811FFFD761F02D6CC0BFFF094
:20A95B005001960B2B0F6F172B0E180BFFF06F132B1DCC0BFFF05006960B6F0D761F01DD69
:20A96B001811FFFE761F02D6180BFF7FCC0BFFF05003960B0006761F02E992065201690301
:20A97B00767EA8970006B2BD761F02D6920F520368229CFE8F00B34028A8FFFF767EDE1A51
:20A98B0088A9761F02D6590F580F8F00B340D981D8825603089C949480A90EA6BE000FA793
:20A99B006102BE0192A6CD0BFFEF9001FF83CAA8960B6F03180BFFEF8BBE0006761F02D617
:20A9AB000E10761F02CD88000FA66052761F02D62B14767EA97E440B6D46761F02CD92015B
:20A9BB005212610F52156108761F02D656BF011456BF04156F0A761F02D656BF01156F058E
:20A9CB00761F02D656BF0315921552046135761F02CD560308029403761F02D69612761F37
:20A9DB0002CD560308049405761F02D696139215520160049213521A660792155203600839
:20A9EB0092135215690556BF031456BF041592155201601292135280690F56BF031456BFDC
:20A9FB0004156F0A56BF041456BF04156F05761F02D656BF05150006761F02D68F00B3404A
:20AA0B00D5000E0F767EDE43761F02D62B0F000680A9761F02D6490B6D525200611A5202AD
:20AA1B0061125203610A520460258F40B340A02656BF03212B206F1E8F40B340A0262B21A0
:20AA2B002B206F188F40B340A0262B212B206F128F40B80AA026761F02D22B022B032B044F
:20AA3B0056BF210556BF4206761F02D656BF07219720761F02CD9200761F02D29600761F78
:20AA4B0002CD9201761F02D2960192A752046005761F02D67C1E6F1052036006560301A456
:20AA5B009C0788A96F02BE2193A653806902BE80761F02D67E1E2B1F1A0B0200931E53057F
:20AA6B00690628AB00059B05751E6F05271E2B1E56BF011FD40093AB55A4692F761F02D60A
:20AA7B0083265820889593A7CDA8FFFE611193A7530361035302601D93A658219A018F407D
:20AA8B00B48091FF94A0962197950A206F1293A658219A018F40B480FFD794A096219795E8
:20AA9B00582193A69A0191FF94A0962197950A20DC0193AB55A466D392A75204600B761FA1
:20AAAB0002D21A010080761F02D69214761F02D29602761F02D6921F612192218F00B480F2
:20AABB0028A8FFFF767EDE1A88A9761F02D693A658219A018F00B48091FF94A0962197946D
:20AACB00582192A69B01FFC795A0972196949221960E767EAA071A0B00800006B2BD761F96
:20AADB0002D692155203620C5203611F5200FFE100975201613D52026135FFEF00975204C5
:20AAEB00610B5205FFE000921A0B00802B0E767EAA07FFEF008B56BF010E9A04D4039B00E7
:20AAFB00767EAA13FFEF0082D10788126F0F9A0194A158A98F00B3405603089C949458A6B4
:20AB0B008F00B82B9694D902DE01761F02D69213941254A666ED9A035C139312767EAA136D
:20AB1B006F649A025C139312767EAA136F5ED1078812761F02D69213941254A66641761FB9
:20AB2B0002A1923B6007761F02E02B282B292B2A6F2D761F02D6960D761F02A1923C761F79
:20AB3B0002D6580D8F00B82B9694580D761F02A1D801923D9694923C761F02BD9634761F31
:20AB4B0002A1923D761F02BD9635761F02D6920D761F02E09628761F02D6580D761F02E0CF
:20AB5B0092949629D8019294962A761F02D61A0B01009A005C139312767EAA136F169A0124
:20AB6B0094A158A98F00B3405603089C949458A68F00A8669694D902DE016FAC56BF010E2F
:20AB7B009210761F02D296008BBE0006FE02761F02A192295264690356BF6429922A761FC2
:20AB8B0002D69623761F02A1922B761F02D69624CC230080FFC6761F02E9963B761F02A140
:20AB9B00923E761F02D6960C9001CD23F7FFFF8ACAA89623761F02A1E2C400277700E84FDD
:20ABAB004000761F02E9E2030020E801D918E2AF0120E80EB850E70000407700E203001C9C
:20ABBB008F00B6CA92E4610CE801D918E2C801E4E80EB850E70000407700E203001C761FED
:20ABCB0002A1E2C4002E761F02E9E2030022761F02A1E2C4002F761F02E9E2030024761F41
:20ABDB0002A1E2C80130E801C970E80E19F0E7000040761F02E9E2030026761F02A1E801E8
:20ABEB00C970E2C40131E80E19F0E7000040761F02E9E2030028761F02A1E801EE60E2C471
:20ABFB000132E80E6668E7000040761F02E9E203002AE801D918E2AF012AE8504409E80E7C
:20AC0B00B850E70000407700E203002EE801FD60E80E6668E2AF012EE6940001AD146506FF
:20AC1B00E801FD60E80E66686F07E801FB30E80B3330E6960008E203002EE801EA60E2AFD4
:20AC2B00012EE80E6660E71000407700E203002C761F02A19233761F02E99615761F02A1FF
:20AC3B00E2C40034761F02E9E2030030E8022048E2AF0130E80C0000E6940001AD146506DB
:20AC4B00E8022048E80C00006F05E2AF0030E82215A0E2030030761F02A1E2C40035761FF2
:20AC5B0002E9E2030032E8022048E2AF0132E80C0000E6940001AD146506E8022048E80CE0
:20AC6B0000006F05E2AF0032E82215A0E2030032761F02A1E801C970E2C80136E80E19F082
:20AC7B00E7000040761F02E9E203003492EC610CE801C970E2C801ECE80E19F0E70000402F
:20AC8B007700E2030034E8120000AD146504E80200006F03E8200000E2030034761F02A23F
:20AC9B009200900352016006CC00000CFFC15201614C920090035201612BCC00000CFFC187
:20ACAB0052016109E590761F02E9E2030036E20300386F6BE590761F02E9E203003606347B
:20ACBB001E38E801FC50E2AF0138E80D5558E6940001AD146506E801FC50E80D55586F0590
:20ACCB00E2AF0038E8200000E20300386F4E761F02E906341E36E590E2030038E801FC50E9
:20ACDB00E2AF0136E80D5558E6940001AD146506E801FC50E80D55586F05E2AF0036E8202E
:20ACEB000000E20300366F31761F02E906341E3606341E38E801FC50E2AF0136E80D555851
:20ACFB00E6940001AD146506E801FC50E80D55586F05E2AF0036E8200000E2030036E80174
:20AD0B00FC50E2AF0138E80D5558E6940001AD146506E801FC50E80D55586F05E2AF0038B5
:20AD1B00E8200000E2030038761F02D64A236C0C761F02A1923A761F02E9963A5232690759
:20AD2B0056BF323A6F04761F02E92B3A761F02D6480B6D278F00AD008D00016E28942710B0
:20AD3B008D00016F2B948D000170289427108D0001712B948D000176289427108D00017791
:20AD4B002B948D000178289427108D0001792B948D000186289427108D0001872B946F41DF
:20AD5B008F00AD00A8A9FF1100B71EA7761F02E0922C96C7A8A9FF10016F1EA7922D96C77C
:20AD6B00A8A9FF1400171EA7922E96C7A8A9FF1001711EA7922F96C7A8A9FF1100BB1EA7D5
:20AD7B00923096C7A8A9FF1001771EA7923196C7A8A9FF13002F1EA7923296C7A8A9FF1004
:20AD8B0001791EA7923396C7A8A9FF1100C31EA7923496C7A8A9FF1001871EA7923596C76A
:20AD9B00FE820006761F02AA403C6D15761F02D6921A520A67069219520A67034C0B6C07B6
:20ADAB002B1A2B19761F02AA1A3C0001761F02D62B226F14761F02D60A221B2203E8680CF5
:20ADBB00921B600A180BEFFF761F02AA183CFFFE761F02D62B222B1A2B190006761F02E9F5
:20ADCB00920652046823761F02D6920B900F52036010767EA9A9921552056105520461031D
:20ADDB002B196F020A191A0B0040180BFDFF2B1B920B900F52046010767EAAD9761F02D6D0
:20ADEB00470B6C0A767EAA076F07767EAA071A0B00802B0E2B0F767EAB81767EAD9D000644
:20ADFB00761F02D61B1B01F466081B1C02EE68030A1B6F050A1C6F031A0B1000CD28FFF84E
:20AE0B00761F02A992009007761F02D6CAA89628CD28FFE7761F02A9CC000060FFC4761F82
:20AE1B0002D6FF82CAA89628761F02A99A01CD000018FFD253016008761F02A293009103E1
:20AE2B00530160029A00761F02D6F001CD28FFDF9001FF84CAA89628761F02A99A01CD009A
:20AE3B000018FFD253016009761F02A2CD00000CFFD1530160029A00761F02D6F001CD28CC
:20AE4B00FFBF9001FF85CAA89628CD28FEFF761F02A992019001761F02D6FF87CAA896286B
:20AE5B00CD28FDFF761F02A9CC010002FFC0761F02D6FF88CAA89628761F02A29A0093008E
:20AE6B009103530060029A01761F02D69001CD28FBFFFF89CAA89628761F02A29A00CD009E
:20AE7B00000CFFD1530060029A01761F02D69001CD28F7FFFF8ACAA89628761F01BF48004C
:20AE8B006D06761F02D61828EFFF6F05761F02D61A281000CD29FFFE761F02AACC3C020028
:20AE9B00FFC8761F02D6CAA89629CD29FFFD761F02AACC3C0400FFC9761F02D6FF80CAA8CD
:20AEAB009629761F02AACD3C0800CC3D0800FFDAFFCA761F02D6CAA89001FF81CD29FFFBE3
:20AEBB00CAA89629761F02AACD3C1000CC3D1000FFDBFFCB761F02D6CAA89001FF82CD2948
:20AECB00FFF7CAA89629CD29FFEF761F02AACC3C2000FFCC761F02D6FF83CAA89629CD2912
:20AEDB00FFDF761F02AACC3C4000FFCD761F02D6FF84CAA89629CD29FFBF761F02AACC3C06
:20AEEB000002FFC0761F02D6FF85CAA89629CD29FF7F761F02AACC3C0100FFC7761F02D673
:20AEFB00FF86CAA89629CD29FEFF761F02AACC3A0004FFC1761F02D6FF87CAA89629CD2969
:20AF0B00FDFF761F02AACC3A0008FFC2761F02D6FF88CAA89629CD29FBFF761F02AACC3DBB
:20AF1B000020FFC4761F02D6FF89CAA89629CD29F7FF761F02AACC3D0040FFC5761F02D666
:20AF2B00FF8ACAA89629CD29EFFF761F02AACC3D0080FFC6761F02D6FF8BCAA89629CD29BB
:20AF3B00DFFF761F02AA923C9001761F02D6FF8CCAA89629CD29BFFF761F02AACC3D00044D
:20AF4B00FFC1761F02D6FF8DCAA89629CD297FFF761F02AACC3D0008FFC2761F02D6FF8E7B
:20AF5B00CAA89629761F02AACD3C8000923DFFDE9001761F02D6CAA89001FF81CD2AFFFBBD
:20AF6B00CAA8962ACD2AFFF7761F02AACC3D0200FFC8761F02D6FF82CAA8962ACD2AFFEF8F
:20AF7B00761F02AACC3D2000FFCC761F02D6FF83CAA8962ACD2AFFDF761F02AACC3D400001
:20AF8B00FFCD761F02D6FF84CAA8962A761F01BFCC010010FFC3761F02D69001FF8DCD2A43
:20AF9B00BFFFCAA8962A761F01BFCC010020761F02D6CD2A7FFF88A8FFC456030FA9CAA60E
:20AFAB00962A761F02E99218761F02E0960A761F02C2E2AF001CE85048007700E68E000014
:20AFBB00761F02E0E213000B761F02C2E2AF0020E850B2007700E68E0000761F02E0E213B4
:20AFCB00000C761F02C2E2AF001EE85048007700E68E0000761F02E0E213000D761F02C215
:20AFDB00E2AF0022E850B2007700E68E0000761F02E0E213000E2B0F2B102B11761F02BE4E
:20AFEB00E2AF0026E68C0000761F02E0E21300122B132B14761F02BEE2AF0028E68C0000A2
:20AFFB00761F02E0E2130015761F02C2E2AF0030E85048007700E68E0000761F02E0E213C4
:20B00B000016761F02C2E2AF002EE85048007700E68E0000761F02E0E21300172B182B1982
:20B01B00761F02A19227761F02E0961A761F02D69228761F02E0961B761F02D69229761FF1
:20B02B0002E0961C761F02D6922A761F02E0961D761F02D6922B761F02E0961E761F02E74B
:20B03B00922E761F02E0961F761F02E7922F761F02E09620761F02E79230761F02E096212F
:20B04B00761F02E79231761F02E09622761F02E79232761F02E09623761F02E79237761F27
:20B05B0002E09624761F02E79238761F02E09625761F02E79239761F02E096260006000637
:20B06B0000067622761F01BE180DFF7F180DFFBF1A04C0001A08C0001A083000761AFF6943
:20B07B0000067622761F01DD56BF071056BF031156BF03141814FFFE1814FFFD2B1256BF80
:20B08B00481356BF2311281A8040281B204F2B1C181FFFEF1A1F0008761AFF690006761F0D
:20B09B0002D656BF021056BF1417180BFFF0180BFEFF761F01BF1A0D008000060006761F87
:20B0AB0002BC40016C4541016D433B01761F02BF8502761F02BC56010022761F02BF850320
:20B0BB00761F02BC56010024761F02BF8504761F02BC56010026761F02BF8505761F02BCC5
:20B0CB0056010028761F02C2C538C4A78F000800A8A9DE010FA7C238661B761F02BC0622B2
:20B0DB00562F041E0624562F041F0626562F04200628562F042102001E221E241E261E2821
:20B0EB00761F02C21E38761F02BC1A0100020006E20304BDE20305BDFE02E8022BE9E80EDF
:20B0FB008001E6940008AD14FFE20085E8022BB9E80E0001E6940008AD14625AE8022A61D2
:20B10B00E80F8001E6940008AD146230E8022411E80F0001E6940008AD146206E80259B81A
:20B11B00E808D8006F6BE70000017700E7000042E805CD2BE802006CE8062FE5E80E19633B
:20B12B00E80A659CE80A9545E700009AE7000061E7000028E7100052E8025C63E710008004
:20B13B00E80A3E4BE71000C06F49E70000017700E7000042E805E0FBE8021644E806454DF6
:20B14B00E80D0E7BE80858D4E8098825E700009AE7000061E7000028E7100052E8026E1320
:20B15B00E7100080E80F637BE71000C06F27E70000017700E7000042E805E86BE8021C3C31
:20B16B00E806480DE80B214BE80B72ACE80DACCDE700009AE7000061E7000028E710005282
:20B17B00E806460BE7100080E80FBA13E71000C06F05E80650C0E80CB400E801C689E80D3C
:20B18B00B8B9E7000008FE82E2AF05BEE2AF04BE0006E20304BDE20305BDFE02E8022AB9FD
:20B19B00E80F8001E6940008AD14FFE20081E8022699E80C0001E6940008AD146256E802F4
:20B1AB001E79E80C0001E6940008AD14622CE8121BC8AD146206E8025B20E80F0E006F68E0
:20B1BB00E70000017700E7000042E805D6C3E8020734E8063285E80CE623E80EF87CE80845
:20B1CB00BDEDE700009AE7000061E7000028E7100052E8025B13E7100080E80EC3ABE7106F
:20B1DB0000C06F46E70000017700E7000042E805D6C3E8020734E8063285E80CE623E80E14
:20B1EB00F87CE808BDEDE700009AE7000061E7000028E7100052E8025B13E7100080E80E50
:20B1FB00C3ABE71000C06F24E70000017700E7000042E805CD83E80200ACE8062F8DE80D82
:20B20B007CF3E80BFAC4E80CA5C5E700009AE7000061E7000028E7100052E8025A33E71016
:20B21B000080E80F154BE71000C06F02E590E801C689E80DB8B9E7000008FE82E2AF05BE3E
:20B22B00E2AF04BE0006E20304BD761F02BE92316143E2C40131E801FC00767EDB1EE6CFE9
:20B23B000004761F02BEE2AF001AE70000207700E68C00007700E213002E9B03922E767E13
:20B24B00D05F3B0185A9BDA90F127700770077007700E6890000761F02BEE2030026E2AF87
:20B25B00001CE70000207700E68C00007700E213002F9B05922F767ED05F3B0185A9BDA9D8
:20B26B000F127700770077007700E6890000761F02BEE2030028E2AF04BE0006FE028F40CD
:20B27B00AF868F00AF9E56BF0C41924161062B852B840B41924160FCFE820006761F02BE51
:20B28B00E2C80100E2AF0006E71000407700E2030006E2C80101E2AF0008E71000407700D5
:20B29B00E2030008E2C80102E2AF000AE71000407700E203000AE2C80103E2AF000CE7107F
:20B2AB0000407700E203000CE2C80104E2AF000EE71000407700E203000EE2C80105E2AFAB
:20B2BB000010E71000407700E20300100A3092305432681D06061E1206081E14060A1E16F9
:20B2CB00060C1E18060E1E1A06101E1C92309631E590E2030006E2030008E203000AE203D5
:20B2DB00000CE203000EE20300102B300006761F02BC4601FFEC00A9761F02C29237FFE1CE
:20B2EB0000A4E2C40137E801FC00767EDB1E761F02C1E2AF012CE7000041761F02C2E20373
:20B2FB000104761F02C1E2AF012EE7000041761F02C2E2030106761F02C1E2AF0130E700A8
:20B30B000041761F02C2E2030108761F02C1E2AF0132E7000041761F02C2E203010A761F78
:20B31B0002C1E2AF0134E7000041761F02C2E203010C761F02C1E2AF0136E7000041761F39
:20B32B0002C2E203010E761F02C1E2AF0138E7000041761F02C2E2030110761F02C1E2AFC8
:20B33B00013AE7000041761F02C2E2030112761F02C1E2AF013EE7000041761F02C2E203B0
:20B34B000116E2AF0100E70000417700E2030118E2AF0102E70000407700E203001A061055
:20B35B00761F02BD1E0E761F02C20612761F02BD1E12E801E260E2AF020EE2AF0114E720E4
:20B36B000051E80E6668E7000041E2AF0314E71000C87700E2030014E801E260E2AF0212DE
:20B37B00E2AF0116E7200051E80E6668E7000041E2AF0316E71000C87700E2030016761F56
:20B38B0002BC1801FFBF761F02C2E2AF0004E850F2007700E203001CE2AF0006E850F200BC
:20B39B007700E203001EE2AF0008E8505C007700E2030020E2AF000AE8505C007700E203E4
:20B3AB000022E2AF000CE8505C007700E2030024E2AF000EE8505C007700E2030026E2AF69
:20B3BB000016E850F2007700E203002EE2AF0018E850F2007700E2030030061A1E320006D3
:20B3CB00FE02761F0299E2C400107700E8121380AD1460039AFA6F0328A9012C761F02BCFD
:20B3DB00960F761F029AE2AF0032E5A0AD146122E8023350E2AF0132E80B0000767EDB1EDF
:20B3EB00E8021DD9E80C0001E6940008AD146506E8021DD8E80C00006F07E8021AB1E80ACF
:20B3FB004929E6960008E68E0000761F02BCE213000C761F029AE2AF0036E5A0AD146122B3
:20B40B00E8023350E2AF0136E80B0000767EDB1EE8021DD9E80C0001E6940008AD14650689
:20B41B00E8021DD8E80C00006F07E8021AB1E80A4929E6960008E68E0000761F02BCE2136F
:20B42B00000E761F02B3921B610C5202600E761F02999201610A761F02BC920E960D6F0595
:20B43B00761F02BC920F960DFE820006767EB0AA767EB28900068F00AD008D00016EE80130
:20B44B00C688E2C80194E80DB8B8E7000040761F02BDE20300188D00016FE801D418E801BC
:20B45B00D919E2C80294E8089378E7000080E80EB851E70000087700E203001A8D000170DB
:20B46B00E801C688E2C80194E80DB8B8E70000407700E20300208D000171E801D418E80186
:20B47B00D919E2C80294E8089378E7000080E80EB851E70000087700E20300228D000176AD
:20B48B00E801C688E2C80194E80DB8B8E70000407700E203001C8D000177E801E118E80157
:20B49B00EC41E2C80294E80EB850E7000080E80C4449E70000087700E203001E8D000178CF
:20B4AB00E801C688E2C80194E80DB8B8E70000407700E20300248D000179E801E118E8012D
:20B4BB00EC41E2C80294E80EB850E7000080E80C4449E70000087700E20300268D00018699
:20B4CB00E801C688E2C80194E80DB8B8E70000407700E203002C8D000187E801D418E80104
:20B4DB00D919E2C80294E8089378E7000080E80EB851E70000087700E203002E0006767E4B
:20B4EB00B446767EB22E00067622761AFF690006767ECD167622761F01C456BFFF121820B0
:20B4FB00FC3FCC22FC3F50409622CC24FC3F1AA901409624CC26FC3F50809626CC28FC3FB4
:20B50B0050C09628CC2AFC3F1AA90100962ACC2CFC3F1AA90180962CCC2EFC3F1AA901C0AB
:20B51B00962ECC2007FF1AA928009620CC2207FF1AA928009622CC2407FF1AA92800962487
:20B52B00CC2607FF1AA928009626CC2807FF1AA928009628CC2A07FF1AA92800962ACC2C1F
:20B53B0007FF1AA92800962CCC2E07FF1AA92800962ECC20FFC050069620CC22FFC05006D4
:20B54B009622CC24FFC050069624CC26FFC050069626CC28FFC050069628CC2AFFC05006D4
:20B55B00962ACC2CFFC05006962CCC2EFFC05006962E1A0800201A0800401A000004CC08D8
:20B56B00FFE0500F96082B142B15761A8F00464EFF69A8A9764088B70006FE02761F02BCAB
:20B57B002B028F00AF1E56BF0441924161052B840B41924160FD8F00AF2256BF08419241D8
:20B58B0061052B840B41924160FD8F00B0488F40B04C56BF0441924161062B842B850B417E
:20B59B00924160FC8F00B0848F40B09C56BF1841924161062B842B850B41924160FC8F0072
:20B5AB00AFDE8F40AFF256BF1441924161062B842B850B41924160FC8F00AFC056BF0941A8
:20B5BB00924161052B840B41924160FDE801CF90761F02BFE80F0D30E203000AE801CF9003
:20B5CB00E80F0D30E203000CE801D178E80D3088E203000EE801D178E80D3088E203001095
:20B5DB00E801D580E2030012E801D580E2030014E801CF90E80F0D30E2030018E801D19819
:20B5EB00E80CBC08E203001A761F02C12B102B11761F02BC18011FFF2B010200761F02C2A9
:20B5FB001E38761F02BC1801FFFE1801FFFD1800FFFE1800FFBF761F02C12812012C761F1D
:20B60B0002BE56BF4B32767ED073FE820006E20304BDE20305BDFE02E8022AE9E80C0001D1
:20B61B00E6940008AD146256E8022699E80C0001E6940008AD14622CE8121BD0AD14620697
:20B62B00E80259F0E80DE1006F46E70000017700E7000045E805D9A2E8020963E8063424B2
:20B63B00E80D7EA2E80EC22BE8086754E7000152E7000059E7000020E7100052E8025B9DA0
:20B64B00E7100080E80BBCBDE71001406F24E70000017700E7000045E805CD42E80200833D
:20B65B00E8062F74E80DDD8AE80C25B3E80A56FCE7000152E7000059E7000020E710005208
:20B66B00E8025A35E7100080E80B4BFDE71001406F02E590E801C689E80DB8B9E7000008E9
:20B67B00FE82E2AF05BEE2AF04BE0006E20304BDE20305BDE70000047700E7000105E805F9
:20B68B009AD1E801CEF2E805FCCBE80D3B29E80B1452E8095DD3E7000149E7000112E700F2
:20B69B000018E7100052E80224B9E7100080E808DB91E71000407700E8504800E2AF05BE12
:20B6AB00E2AF04BE00060006B2BD761F02F19202520368249CFE8F00B5C028A8FFFF767E54
:20B6BB00DE1A88A9761F02F1590258028F00B5C0D981D8825603089C949480A90EA6BE0091
:20B6CB000FA76102BE01761F02F192A6CD00FFEF9001FF83CAA896006F05761F02F11800DD
:20B6DB00FFEF8BBE0006761F02F10E03761F02D788000FA6FFE000EB761F02EF2B32767E2D
:20B6EB00B6AF4400FFED00DC761F02D79201520261245203611D520461165206610F52102A
:20B6FB006108761F02EF56BF013256BF06336F19761F02EF56BF05336F14761F02EF56BF31
:20B70B0004336F0F761F02EF56BF02336F0A761F02EF56BF03336F05761F02EF56BF01330C
:20B71B0092335206FFE100B7761F02D7560308029403761F02EF9630761F02D756030804D3
:20B72B009405761F02EF9631803093319530FFD3943088A9923352016003530D667F933392
:20B73B00530260131BA7110068791BA6130069041BA6F80068731BA7130069041BA7F800A1
:20B74B00686D1BA6F842666A5303602E1BA7110068651BA6130069041BA62100685F1BA70E
:20B75B00130069041BA7210068591BA622F266561BA722F269041BA7410068501BA6419881
:20B76B00664D1BA7419869041BA7600068471BA6601E66441BA7601E69041BA7F800683E3C
:20B77B001BA6F842663B5304601C1BA722F269041BA7410068331BA6419866301BA7419893
:20B78B0069041BA76000682A1BA6601E66271BA7601E69041BA7F80068211BA6F842661E42
:20B79B00530560201BA722F269041BA7410068161BA6419866131BA7419869041BA76000B5
:20B7AB00680D1BA6601E660A1BA7601E69041BA7F80068041BA6F842690556BF033256BFBF
:20B7BB0006339233520361035202601492315280691156BF033256BF06336F0C761F02EF47
:20B7CB0056BF043256BF06336F05761F02EF56BF07330006761F02F18F00B5C0D5000E0205
:20B7DB00767EDE43761F02F12B02000627A880A9761F02F14900FFED011193A75303620EB7
:20B7EB005303FFE100A95300FFE100CA5301FFE100AB5302610BFFEF00D25304FFE1009437
:20B7FB005305FFE10088FFEF00CA1BAB210067041BAB1100676C1BAB410068561BAB419856
:20B80B0067231BAB410068208F40B840761F02EFA03A560301A4761F02DC9602761F02EF4E
:20B81B0056BF033992AB08A9BF00963888AB8F404100A0A90FA6FFE000A2761F02F156BFE2
:20B82B000104FFEF009C1BAB601E67041BAB600067181BABF800FFE800928F40BA00761FC5
:20B83B0002EFA03A560301A4761F02DC9602761F02EF56BF033928A8080095AB97386F7E6E
:20B84B008F40B8D9761F02EFA03A560301A4761F02DC9602761F02EF56BF033992AB08A94F
:20B85B00A00096386F6B8F40AD00761F02EFA03A560301A4761F02DC9602761F02EF56BF05
:20B86B00033992AB08A9DF0096386F588F40AAC0761F02EFA03A560301A4761F02DC96027D
:20B87B00761F02EF56BF033992AB08A9EF0096386F458F40B5C0761F02EFA03A56BF033982
:20B88B002B386F3C8F40B5C0761F02EFA03A2B392B386F348F40B5C0761F02EFA03A2B3979
:20B89B002B386F2C8F40BC0A761F02EFA03A93A4531067039B016F09910F9A005300610292
:20B8AB009A0193A4FFD295A9761F02DC97025C02761F02EF56BF03393F386F108F40AAC02C
:20B8BB00761F02EFA03A560301A4761F02DC9602761F02EF56BF03393F38761F02D79200B6
:20B8CB00761F02DC9600761F02D79201761F02DC960192A7520361195204611752056115A6
:20B8DB0088A493A653806605761F02EF7E366F05761F02EF56BF80365201600AFFD0973652
:20B8EB0093ABFFD397386F04761F02EF7C362B37761F02F11A000200761F02EF9336530506
:20B8FB00690628AB00059B0575366F0527362B3656BF0137D40093AB55A46943761F02EFDF
:20B90B00833A5838889593A7CDA8FFFD612593A753016110530361035304602F93A6583918
:20B91B009A018F40B70091FF94A0963997950A386F2493A658399A018F40B70091FF94A0A8
:20B92B0096399795583993A69A01FFD794A0963997950A386F1293A658399A018F40B700E9
:20B93B00FFD794A096399795583993A69A0191FF94A0963997950A38DC0193AB55A466BF48
:20B94B0092A75205600B761F02DC1A010080761F02EF9232761F02DC9602761F02EF92372F
:20B95B0061238F00B7009239767EA05788A9761F02EF93A658399A018F00B70091FF94A026
:20B96B0096399794583992A69B01FFC795A0973996949239761F02F19601767EB7D5761F69
:20B97B0002F11A0000800006B2BD761F02D792015245FFE101F15251FFE101DD5252FFE15B
:20B98B0001DA5253FFE101D7761F02EF9233520462125204FFE101025200FFE101C15201CF
:20B99B00FFE101B85202FFE101AF5203FFE101A6FFEF01EE520561095206FFE1019552076E
:20B9AB00FFE10188FFEF01E4D1071B3041006706923194301BA901F26947923194301BA936
:20B9BB00419866041B3041006725923194301BA9601EFFE600CC1B306000FFE800C85C30B1
:20B9CB00761F02EF9231943054A4FFE900C088A4D00192A172A008A6A0008F40B5C0560382
:20B9DB00089D949558A68F40B8D99695D902DC016FE85C30761F02EF9231943054A4FFE96D
:20B9EB0000A688A4D00192A172A008A6BF008F40B5C05603089D949558A68F40B84096958C
:20B9FB00D902DC016FE85C3028AC00036F0F583008A0DF008F40AD007E956F07583008A0F8
:20BA0B00DF008F40AD007E95DC01761F02EF9231943054A4695B761F02D75603080494059B
:20BA1B0088A98F7EE2C6761F02EF923008A9DF0030A9560100A51BC57FFF662592308F7EC0
:20BA2B00E2C608A9DF0030A9560100A592A654C5680C92308F7EE2C708A9DF0030A95601F1
:20BA3B0000A592A654C569CB761F02F156BF0101761F02EF56BF02329A05D4039B00767E4E
:20BA4B00B7E16F2492308F7EE2C608A9DF0030A9560100A592A654C5640C92308F7EE2C79B
:20BA5B0008A9DF0030A9560100A592A654C565A0761F02F156BF0101761F02EF56BF0232A2
:20BA6B009A05D4039B00767EB7E1761F02EF92325202FFE1011DD1075C306F1288A4D001A0
:20BA7B0092A172A008A6DF008F40B5C05603089D949558A68F40AD009695D902DC01761F7C
:20BA8B0002EF9231943054A466EA9A04D4069B00767EB7E1FFEF00FC1B30410068251B30EE
:20BA9B00419867041B30410067131B30601E677D1B306000687A5830761F02D708A0A000C9
:20BAAB00560308048F00B8D9940596946F6E5830761F02D708A0BF00560308048F00B8400D
:20BABB00940596946F62761F02D756030804940588A928AC00038F3EE2C6761F02EF9230A6
:20BACB0008A9DF0030A9560100A41BC47FFF662D92308F3EE2C608A9DF0030A9560100A46C
:20BADB0092A654C4681392308F3EE2C708A9DF0030A9560100A492A654C46608583008A0F6
:20BAEB00DF008F00AD007E946F2C761F02F156BF0101761F02EF56BF02329A05D4039B00F4
:20BAFB00767EB7E1FFEF009492308F3EE2C608A9DF0030A9560100A492A654C4641C9230F0
:20BB0B008F3EE2C708A9DF0030A9560100A492A654C46211583008A0DF008F00AD007E9420
:20BB1B0092E4761F02DB960A9A03D4069B00767EB7E16F6D761F02F156BF0101761F02EFE3
:20BB2B0056BF02329A05D4039B00767EB7E16F5F761F02F11A000080761F02F12B01767E7C
:20BB3B00B7D56F55761F02F156BF01019A05D4039B00767EB7E16F4B9A025C319330767EC4
:20BB4B00B7E16F459A005C319330767EB7E16F3F9A015C319330767EB7E16F39761F02F1C3
:20BB5B0056BF0101761F02F19203761F02DC96006F2E761F02DC9202761F02F19C05960129
:20BB6B00767EB7D5761F02F11A000080761F02EF2B356F1D761F02EF923452016018761FFA
:20BB7B0002DC920152C560039A066F055603080394049C07761F02F19601767EB7D5761FD8
:20BB8B0002F11A000080761F02EF2B348BBE0006FE02761F02AA2B38923852036713761F07
:20BB9B0002C2E2AF0032E8120900AD146505761F02AA1A3900019C01761F02AA520396383F
:20BBAB0068EF520269031A3900109239FE820006FE02761F02AA4B3C6D17761F02BFE80223
:20BBBB000040E2AF0122E80C3FE8E6940001AD14650C761F02AA0A1C921C520568062B1C8D
:20BBCB001A3C08006F022B1C761F02AA4C3C6D17761F02BFE8020040E2AF0124E80C3FE8A6
:20BBDB00E6940001AD14650C761F02AA0A1D921D520568062B1D1A3C10006F022B1DFE82DA
:20BBEB000006761F01A141166D0C761F02AA921E611A0A1F1B1F012C68162B1F2B1E6F139E
:20BBFB00761F02AA4B3D6D080A1E921E520568042B1E1A3D08002B1F7622761F01A11A175F
:20BC0B000002761A761F01A641166D0C761F02AA9220611A0A211B21012C68162B212B2064
:20BC1B006F13761F02AA4C3D6D080A209220520568042B201A3D10002B217622761F01A6D7
:20BC2B001A170002761AFF690006FE02761F02AA493C6D17761F02BFE801FD08E2AF011E8A
:20BC3B00E80CCCD0E6940001AD14650C761F02AA0A229222520568062B221A3C02006F02B0
:20BC4B002B22761F02AA4A3C6D17761F02BFE801FD08E2AF0120E80CCCD0E6940001AD147F
:20BC5B00650C761F02AA0A239223520568062B231A3C04006F022B23FE820006FE02761FEE
:20BC6B0002AA4F3C6D17761F02BFE801FDE0E2AF012CE80E6668E6940001AD14650C761F1E
:20BC7B0002AA0A2C922C520568062B2C1A3C80006F022B2C761F02AA403D6D0F761F01BFC0
:20BC8B004A016D0C761F02AA0A2D922D520268062B2D1A3D00016F022B2DFE8200060006D7
:20BC9B00FE02761F02AA4B3C6D17761F02C2E2AF0020E8120F80AD14650B761F02AA0A240A
:20BCAB0092245219681E2B241A3C08006F1A761F02AA2B246F16761F02C2E2AF0020E81283
:20BCBB000D00AD14630B761F02AA0A241B2405DC68082B24183CF7FF6F04761F02AA2B2492
:20BCCB004C3C6D17761F02C2E2AF0022E8120F80AD14650B761F02AA0A2592255219681E6F
:20BCDB002B251A3C10006F1A761F02AA2B256F16761F02C2E2AF0022E8120D00AD14630BB2
:20BCEB00761F02AA0A251B2505DC68082B25183CEFFF6F04761F02AA2B25FE820006FE021C
:20BCFB00761F02AA493C6D17761F02C2E2AF001CE8121FD8AD14650B761F02AA0A2692268E
:20BD0B005219681E2B261A3C02006F1A761F02AA2B266F16761F02C2E2AF001CE8121F803F
:20BD1B00AD14630B761F02AA0A261B2605DC68082B26183CFDFF6F04761F02AA2B264A3CAA
:20BD2B006D17761F02C2E2AF001EE8121FD8AD14650B761F02AA0A2792275219681E2B27DC
:20BD3B001A3C04006F1A761F02AA2B276F16761F02C2E2AF001EE8121F80AD14630B761F88
:20BD4B0002AA0A271B2705DC68082B27183CFBFF6F04761F02AA2B27FE820006FE02761FA7
:20BD5B0002AA4D3C6D1D761F02C2E2AF001CE8121500AD146311E2AF0020E8120500AD144E
:20BD6B00650B761F02AA0A289228521968242B281A3C20006F20761F02AA2B286F1C761F18
:20BD7B0002C2E2AF001CE8121640AD146207E2AF0020E8120400AD14630B761F02AA0A286C
:20BD8B001B2805DC68082B28183CDFFF6F04761F02AA2B284E3C6D1D761F02C2E2AF001E5C
:20BD9B00E8121500AD146311E2AF0022E8120500AD14650B761F02AA0A299229521968243B
:20BDAB002B291A3C40006F20761F02AA2B296F1C761F02C2E2AF001EE8121640AD1462075D
:20BDBB00E2AF0022E8120400AD14630B761F02AA0A291B2905DC68082B29183CBFFF6F04A6
:20BDCB00761F02AA2B29FE820006FE02761F02AA4D3D6D16761F02C2E2AF0024E8160500DE
:20BDDB00AD14630B761F02AA0A2A922A520A68082B2A1A3D20006F04761F02AA2B2A4E3DBC
:20BDEB006D16761F02C2E2AF0026E8160500AD14630B761F02AA0A2B922B520A68082B2B1E
:20BDFB001A3D40006F04761F02AA2B2BFE820006FE02761F02AA4F3C6D1B761F02C2E8026A
:20BE0B002070E2AF012EE80C0000E6940001AD14650B761F02AA0A2E922E5205681E2B2EB8
:20BE1B001A3C80006F1A761F02AA2B2E6F16761F02C2E2AF002EE8122038AD14630B761F5B
:20BE2B0002AA0A2F1B2F05DC68082B2F183C7FFF6F04761F02AA2B2FFE820006FE02761F22
:20BE3B0002AA453D6D28761F02E92D3B35320EA9BDA90F1677007700E8022278761F02BECC
:20BE4B00E68B0009E80C0000E7200040E2AF0326E6940003AD14650B761F02AA0A3092307D
:20BE5B005219681E2B301A3D00206F1A761F02AA2B306F16761F02BEE2AF0026E8122178BB
:20BE6B00AD14630B761F02AA0A301B3005DC68082B30183DFFDF6F04761F02AA2B30FE8254
:20BE7B000006FE02761F02AA473D6D28761F02E92D3B35320EA9BDA90F1677007700E802DE
:20BE8B0022A0761F02BEE68B0009E80C0000E7200040E2AF0328E6940003AD14650B761FCC
:20BE9B0002AA0A3192315219681E2B311A3D00806F1A761F02AA2B316F16761F02BEE2AF28
:20BEAB000028E8122178AD14630B761F02AA0A311B3105DC68082B31183DFF7F6F04761F3D
:20BEBB0002AA2B31FE820006761F02AA423D6D18761F02BE1B2E0FDC62041B2F0FDC650CFF
:20BECB00761F02AA0A321B3201F4690D283201F41A3D00046F08761F02AA2B326F0492322C
:20BEDB0061020B3200060006761F02AA403C6C090A331B330BB868062B33183CFFFE6F028D
:20BEEB002B33761F02E947106C15761F02AA063C60140A371B3701F46810761F01BF1A0D0E
:20BEFB000080761F02E91810FF7F761F02AA2B376F04761F02AA2B37403D6C15761F01BF75
:20BF0B004A016D07761F02AA9234610E0B346F0C761F02AA0A341B3405DC68062B34183D56
:20BF1B00FFFE6F022B344B3D6C1B761F01BF42096C13761F02AA0A351B3505DC68122B3580
:20BF2B007622761F01A11A170002761A761F02AA183DF7FF6F06761F02AA2B356F022B35F1
:20BF3B004C3D6C1B761F01BF43096C13761F02AA0A361B3605DC68122B367622761F01A654
:20BF4B001A170002761A761F02AA183DEFFF6F06761F02AA2B366F022B36FF690006767E44
:20BF5B00BC9B767EBCFA767EBD59767EBDD0767EBE03767EBE39767EBE7C767EBEBF767E07
:20BF6B00BEDF0006761F02AA423A6C46761F02D6470C6D0F761F01BF44016D40761F02AAE0
:20BF7B000A151B157530683A183AFFFB2B156F36761F02AA0E17761F01BF1EA6CC01001083
:20BF8B00FFC380A906A60FA76005761F02ED44386D04761F02AA0A15761F02AA0A1492140E
:20BF9B00521468119215520267059216610A0B166F080A161B1605DC6904183AFFFB2B1669
:20BFAB002B142B15761F01BFCC010010761F02AAFFC396176F032B152B16761F02AA433A64
:20BFBB006C46761F02D6470C6D0F761F01BF45016D40761F02AA0A191B197530683A183AFF
:20BFCB00FFF72B196F36761F02AA0E1B761F01BF1EA6CC010020FFC480A906A60FA7600554
:20BFDB00761F02ED44386D04761F02AA0A19761F02AA0A189218521468119219520267051A
:20BFEB00921A610A0B1A6F080A1A1B1A05DC6904183AFFF72B1A2B182B19761F01BFCC01A6
:20BFFB000020761F02AAFFC4961B6F032B192B1A0006761F02D6442B6D1F767EBB93761F11
:20C00B0002E9961A2B1A761F02D6CD2BFFF0761F02E9921A900F761F02D6CAA8962BCD2B7E
:20C01B00FFEF761F02E9CC1A0010FFC3761F02D6FF83CAA8962B0006761F01BF1A0D0080BB
:20C02B000200761F02AA1E3C0006761BFFF0E20000BDE63006002942561676256F00761BA5
:20C03B00FFF0E20000BDE63006002942561676256F00761BFFF0E20000BDE63006002942B4
:20C04B00561676256F00761BFFF0E20000BDE63006002942561676256F00761BFFF0E200E1
:20C05B0000BDE63006002942561676256F00761BFFF0E20000BDE63006002942561676255E
:20C06B006F00761BFFF0E20000BDE63006002942561676256F00761BFFF0E20000BDE630F5
:20C07B0006002942561676256F00761BFFF0E20000BDE63006002942561676256F00761B11
:20C08B00FFF0E20000BDE63006002942561676256F00761BFFF0E20000BDE6300600294264
:20C09B00561676256F00761BFFF0E20000BDE63006002942561676256F00761BFFF0E20091
:20C0AB0000BDE63006002942561676256F00761BFFF0E20000BDE63006002942561676250E
:20C0BB006F00761BFFF0E20000BDE63006002942561676256F00761BFFF0E20000BDE630A5
:20C0CB0006002942561676256F00761BFFF0E20000BDE63006002942561676256F00761BC1
:20C0DB00FFF0E20000BDE63006002942561676256F00761BFFF00005ABBDA8BDA0BDC2BD8C
:20C0EB00C3BDE20000BDE20300BDE20301BDE20302BDE20303BDE6300600FF69294256162D
:20C0FB00767ED798761F003356BF0121E2AF03BEE2AF02BEE2AF01BEE2AF00BEE28000BE61
:20C10B00C5BEC4BE83BE8ABE87BE00033B30FFF176177602761BFFF0E20000BDE6300600A3
:20C11B002942561676256F00761BFFF0E20000BDE63006002942561676256F00761BFFF087
:20C12B00E20000BDE63006002942561676256F00761BFFF0E20000BDE63006002942561646
:20C13B0076256F00761BFFF0E20000BDE63006002942561676256F00761BFFF0E20000BD9F
:20C14B00E63006002942561676256F00761BFFF0E20000BDE63006002942561676256F00BB
:20C15B00761BFFF0E20000BDE63006002942561676256F00761BFFF0E20000BDE63006006D
:20C16B002942561676256F00761BFFF0E20000BDE63006002942561676256F00761BFFF037
:20C17B00E20000BDE63006002942561676256F00761BFFF0E20000BDE630060029425616F6
:20C18B0076256F00761BFFF0E20000BDE63006002942561676256F00761BFFF0E20000BD4F
:20C19B00E63006002942561676256F00761BFFF0E20000BDE63006002942561676256F006B
:20C1AB00761BFFF0E20000BDE63006002942561676256F00761BFFF0E20000BDE63006001D
:20C1BB002942561676256F00761BFFF0E20000BDE63006002942561676256F00761BFFF0E7
:20C1CB00E20000BDE63006002942561676256F00761BFFF0E20000BDE630060029425616A6
:20C1DB0076256F00761BFFF0E20000BDE63006002942561676256F00761BFFF0E20000BDFF
:20C1EB00E63006002942561676256F00761BFFF0E20000BDE63006002942561676256F001B
:20C1FB00761BFFF0E20000BDE63006002942561676256F00761BFFF0E20000BDE6300600CD
:20C20B002942561676256F00761BFFF0E20000BDE63006002942561676256F00761BFFF096
:20C21B00E20000BDE63006002942561676256F00761BFFF0E20000BDE63006002942561655
:20C22B0076256F00761BFFF0E20000BDE63006002942561676256F00761BFFF0E20000BDAE
:20C23B00E63006002942561676256F00761BFFF0E20000BDE63006002942561676256F00CA
:20C24B00761BFFF0E20000BDE63006002942561676256F00761BFFF0E20000BDE63006007C
:20C25B002942561676256F00761BFFF0E20000BDE63006002942561676256F00761BFFF046
:20C26B00E20000BDE63006002942561676256F00761BFFF0E20000BDE63006002942561605
:20C27B0076256F00761BFFF0E20000BDE63006002942561676256F00761BFFF0E20000BD5E
:20C28B00E63006002942561676256F00761BFFF0E20000BDE63006002942561676256F007A
:20C29B00761BFFF0E20000BDE63006002942561676256F00761BFFF0E20000BDE63006002C
:20C2AB002942561676256F00761BFFF0E20000BDE63006002942561676256F00761BFFF0F6
:20C2BB00E20000BDE63006002942561676256F00761BFFF0E20000BDE630060029425616B5
:20C2CB00E28000BEFFF176177602761BFFF0E20000BDE63006002942561676256F00761B91
:20C2DB00FFF0E20000BDE63006002942561676256F00761BFFF0E20000BDE6300600294212
:20C2EB00561676256F00761BFFF0E20000BDE63006002942561676256F00761BFFF0E2003F
:20C2FB0000BDE63006002942561676256F00761BFFF0E20000BDE6300600294256167625BC
:20C30B006F00761BFFF0E20000BDE63006002942561676256F00761BFFF0E20000BDE63052
:20C31B0006002942561676256F00761BFFF0E20000BDE63006002942561676256F00761B6E
:20C32B00FFF0E20000BDE63006002942561676256F00761BFFF0E20000BDE63006002942C1
:20C33B00561676256F00761BFFF0E20000BDE63006002942561676256F00761BFFF0E200EE
:20C34B0000BDE63006002942561676256F00761BFFF0E20000BDE63006002942561676256B
:20C35B006F00761BFFF0E20000BDE63006002942561676256F00761BFFF0E20000BDE63002
:20C36B0006002942561676256F00761BFFF0E20000BDE63006002942561676256F00761B1E
:20C37B00FFF0E20000BDE63006002942561676256F00761BFFF0E20000BDE6300600294271
:20C38B00561676256F00761BFFF0E20000BDE63006002942561676256F00761BFFF0E2009E
:20C39B0000BDE63006002942561676256F00761BFFF0E20000BDE63006002942561676251B
:20C3AB006F00761BFFF0E20000BDE63006002942561676256F00761BFFF0E20000BDE630B2
:20C3BB0006002942561676256F00761BFFF0E20000BDE63006002942561676256F00761BCE
:20C3CB00FFF0E20000BDE63006002942561676256F00761BFFF0E20000BDE6300600294221
:20C3DB00561676256F00761BFFF0E20000BDE63006002942561676256F00761BFFF000052B
:20C3EB00ABBDA8BDA0BDC2BDC3BDE20000BDE20300BDE20301BDE20302BDE20303BDE630C6
:20C3FB000600FF692942561676408850761F003356BF0121E2AF03BEE2AF02BEE2AF01BE5D
:20C40B00E2AF00BEE28000BEC5BEC4BE83BE8ABE87BE00033B30FFF176177602761F02EDE8
:20C41B009202900F5204600E0A121B1203E86903281203E80A141B1403E86906281403E877
:20C42B006F032B122B14CC02000F520462105204612A5200FFE1009E5201FFE100825202A4
:20C43B00FFE100B75203616CFFEF00B85205FFE100A35206610D5207FFE000B04702FFECC6
:20C44B0000AD1802FF7F1802FFF0FFEF00A74602FFEC00A4CC02FFF0500796021802FFBF93
:20C45B00FFEF009C761F01C146156D1745156D0347156C2D56BF031156BF23111A110001A4
:20C46B001811FFFD761F02EDCC02FFF0500396022B042B122B146F1B761F02ED58048F00BC
:20C47B00B0C0761F01C1C6179694761F02ED0A042B149213541266070E05761F02C3880095
:20C48B000FA66105761F02ED2B122B04761F02ED920461049213541468041B04010A6808F4
:20C49B002B142B12CC02FFF0500596022B114A026C541802FFF00A111802FBFF6F4E761F89
:20C4AB0001C146146C4A1A1100011811FFFD761F02EDCC02FFF0500496022B046F3E9203B0
:20C4BB0054196912761F01C147146C37761F02ED58198F00B200761F01C192949619761F2D
:20C4CB0002ED0A196F2ACC02FFF0500296026F254E026C231802BFFF9203611F761F01C148
:20C4DB001A110002761F02ED2B19CC02FFF0500196026F13761F01C11811FFFE761F02ED23
:20C4EB001802FF7FCC02FFF0500696026F062B03CC02FFF0500396020006761F02D64B23C2
:20C4FB006C0D761F02E9920652046808761F02D6922B900F6103767EC4190006B2BD761FC2
:20C50B0002ED9204520368209CFE8F00B0C0767EA05788A9761F02ED590458048F00B0C0BD
:20C51B00D981D8825603089C949480A90EA6BE000FA76102BE0192A6CD02FFEF9001FF83AC
:20C52B00CAA896026F031802FFEF8BBE0006761F02ED0E05761F02C388000FA66054761FA6
:20C53B0002ED2B08767EC50944026D48761F02C392015203610F52066108761F02ED56BFF5
:20C54B00010856BF02096F09761F02ED56BF01096F04761F02ED2B0992095202613A520085
:20C55B00610E5201601A761F02C3560308029403761F02ED960656BF01076F0F761F02C31B
:20C56B00E2C400027700E84FC0007700E68E0000761F02EDE2130007920960049207521035
:20C57B006608920952016015880A0E060FA6611156BF030856BF02096F0C56BF040856BF11
:20C58B0002096F07761F02ED56BF030856BF02090006B2BD761F02ED92096113520161048B
:20C59B005202612D6F30880A0E060FA6602C880C0E070FA660281A0280001A0200806F2368
:20C5AB00BE03D10092A1540C67139A0158A694A680A98F00B0C05603089458A794948F002B
:20C5BB00B9EE969CDE02D90192A1540C68EF1A0201001A0280001A0200806F0518027FFF82
:20C5CB001A0200808BBE0006761F02ED8F00B0C0D5000E04767EDE43761F02ED2B0400062D
:20C5DB00B2BDAABDA2BD59A45AA85BA9761F02ED49026D4D52006126520161065202603800
:20C5EB0056BF031C6F359205761F02C8960056BF060192A2FFC79602CCA200FF9603761F83
:20C5FB0002AA923F761F02C8FFC79604761F02AAC63F761F02C89605761F02ED56BF061CE9
:20C60B006F179205761F02C8960056BF030192A2FFC79602CCA200FF960392A1FFC79604B9
:20C61B00CCA100FF9605761F02ED56BF061C92A35202610992A152806603961A6F0556BFA3
:20C62B00801A6F02791A2B1B1A020200921A520569049A05741A6F042B1A56BF011B921BBA
:20C63B0061228F00B200921C767EA057761F02ED581C9B018F00B20095A0971CCDA900FF50
:20C64B009794581C9B01FFC795A0971C9694921C9603767EC5CF1A0240001802DFFF7B0F0F
:20C65B007A0B790D82BE86BE8BBE00060006761F02AA433D6D19761F02ED9211BE01520A52
:20C66B0067059210520A6702BE00761F02AA923D93A9FFD29101CCA9FFF7CBA69101FF9270
:20C67B00CBA9973D6F05761F02ED2B112B100006761F02D6922B900FFFE100C1761F02D60B
:20C68B004B23FFEC00AA761F02E992065204FFE800A4761F02ED9202900F520460090A15FE
:20C69B009215526468062B151A0204006F022B159202900F5206601B767EC5329208600CAC
:20C6AB00920952026109761F02AA183DFFF7761F02ED2B106F08761F02AA1A3D0008761F1F
:20C6BB0002ED0A101A02004018027FFF9202900F52076007767EC59447026C03767EC5CFE2
:20C6CB009202900F606F48026D0F2B0E2B0A56BF0C0C0A16921652C868572B161802FDFFF4
:20C6DB001A0220006F514B026D1E4F026D110A17921752C868492B17920F960E920B960A43
:20C6EB00920D960C1802FDFF1A0220006F3D2B0E2B0A56BF0C0C1802FDFF1A0220001802E9
:20C6FB007FFF6F3256BF010E921861175201610C5202601B280A1036761F02F0923D761FC8
:20C70B0002AA963F6F1256BF0A0A761F02F0923C761F02AA963F6F0956BF0B0A761F02F04F
:20C71B00923B761F02AA963F761F02ED0A189218520360042B181802F7FF56BF010C1A0281
:20C72B0020001802FDFF4D026C0D920E5C0C930A767EC5DB6F07767EC5CF1A0200802B03EF
:20C73B002B04761F02D64B236C0D761F02D6922B900F6108767EC6626F05761F02AA183D03
:20C74B00FFF70006761F02D6922B900F6144761F02ED48026C40761F02A10E37761F02F0E6
:20C75B00883B0FA6610D761F02A19237527F6608761F02F0963B761F02ED1A020800761F03
:20C76B0002A10E38761F02F0883C0FA6610E761F02A1CC38FFFE60099238761F02F0963C91
:20C77B00761F02ED1A020800761F02A10E39761F02F0883D0FA6610F28A91234761F02A1B7
:20C78B00543960099239761F02F0963D761F02ED1A02080000060006000600060006761F18
:20C79B0002ED56BF010556BF13131802FFF01802FEFF0006FE02761F02ED4D206D054B2045
:20C7AB006D0349206C0606306004921E5201600F9B009A5F54A86408921E5201610552025E
:20C7BB006103063061041820FFEF6F031A200010761F029AE2AF003CE8AFE000E801FC0122
:20C7CB00E6940001AD146312761F029BE2AF00068F004650E68A0000A8AC761F02EDBFA9FF
:20C7DB000F12564400A90F346706761F02ED921E520161041820FFDF6F031A2000204820F4
:20C7EB006D12761F029BE2AF00088F004650E68A0000A8AC761F02EDBFA90F12564400A9AB
:20C7FB000F326704921E520261041820FFBF6F031A20004042206D0F761F02B39A00932AA8
:20C80B00530060029A0152016106761F02ED1A2000086F05761F02ED1820FFF742206C1336
:20C81B00921E520561105205610552006103921E96239223520561039223600356BF0123E8
:20C82B0056BF051E761F02B39A00932A530060029A0152016013761F02ED921E610F520503
:20C83B00610552006103921E96239223520561039223600356BF01232B1E761F02ED921E1A
:20C84B005201611243206C1092275201610A9227600B44206D0647206D0492235201600472
:20C85B0056BF011E2B23921E5202611243206C1092275202610A9227600B45206D0647200A
:20C86B006D0792235202600456BF021E2B23921E5203611843206C16922752036110921EB7
:20C87B005204610D9227600E46206D0947206D0492235203610492285201600456BF031EE8
:20C88B002B23921E520461029220FE820006761F02ED2B272B282B1F2B2602001E2E1E2E40
:20C89B001820FF7F1E301E2C1820FDFF1E2A2B251820DFFF1E341E321820FEFF2B242B1EDE
:20C8AB002B2056BF01230006FE02761F02ED921E520161109A00542665029626921E5205AD
:20C8BB00600C020019100F2E690802015601002E6F042B2602001E2E8F003A98A8A90F2E8F
:20C8CB0068069A019B0094A85426630502001E2E1A20008047206C0A921E520161055202E9
:20C8DB006103922761031820FF7F42206D18761F02B39A00932A530260029A015201600B6E
:20C8EB00761F02ED0A2292225264691F1A2000042B226F1B761F02ED2B226F17761F02B3D5
:20C8FB009A00932A530260029A015200600B761F02ED0A229222526469081820FFFB2B22AD
:20C90B006F04761F02ED2B22921E520161105202610E5205610947206D0706306119020142
:20C91B00564100306F1502001E306F12761F029BE2AF010EE8025418E80EB000E7000040EB
:20C92B007700E68A0000761F02EDE2030030921E520361105205610E5200610C52016105B8
:20C93B00520261035204602902001E2C1820FDFF6F2402015601002C761F029BE2AF010CDC
:20C94B00E8025418E80EB000E70000407700E68A00007700761F02EDBFA90F120F2C680497
:20C95B001820FDFF6F031A200200020019100F2C6704020019101E2C921E520461125205C4
:20C96B0061105200610E52016105520261035203603602001E2A1820FBFF1820F7FF6F2FD6
:20C97B0002015601002A28A9B40028A807350F2A68041820FBFF6F031A200400761F029BCE
:20C98B00E2AF010AE8025418E80EB000E70000407700E68A00007700761F02EDBFA90F1262
:20C99B000F2A68041820F7FF6F031A200800020019100F2A6704020019101E2A4D206D1CBD
:20C9AB009A343B0185A9BDA90F127700770077007700E6890000E801FC01E6940001AD1440
:20C9BB00630993250A251BA801F469251A2020006F222B256F209A343B0185A9BDA90F123A
:20C9CB007700770077007700E6890000E801FC01E6940001AD1465061B25FFFF67040A259C
:20C9DB006F022B251B2501F46604921E520160031820DFFF921E5201611206346104020148
:20C9EB0056410034921E52026107520361055204610347206C0B02001E346F0802001910AC
:20C9FB000F346904020156010034921E5202611206326104020156410032921E5201610793
:20CA0B00520361055204610347206C0B02001E326F08020019100F3269040201560100328A
:20CA1B00761F029BE2AF0104761F029BE2AF0010E7000040761F02ED921E52026007E8055D
:20CA2B00FC01E6940001AD14640D48206C090A24922452FA69121820FEFF2B246F0E2B2469
:20CA3B006F0C48206D090A241B24753069061A2001002B246F022B24FE820006761F02EDAD
:20CA4B009221612592215201611692215202610B92215203601B92285202600356BF012870
:20CA5B002B276F14921E520161035202600F56BF03276F0C921E520461055203610352008B
:20CA6B0060050630600356BF02272B21921E52026004922752026106921E520261052B288A
:20CA7B006F0356BF0228922752036104922752046006921E5203610D5204610B92275202C0
:20CA8B006006921E5202610552016103921E60022B27000600060006761F02ED4C206D052C
:20CA9B00767EC8921A2010004C206C07767ECA49767EC8AF767EC7A500060006000600061A
:20CAAB00761F02EF5C03DC01BE0093A6550367272901B60092A68F40BA80560301A9560151
:20CABB0000A506C50F12660E92A68F40BA80560301A9560100A506C50F12600556BF010BA4
:20CACB006F02DC8192A68F40BA80560301A9560100A5C3C5DE0193A6550368DD92A40006C4
:20CADB00FE08761F018040046D2C56BF084228A9010628A891001E48761F02EBA348027F56
:20CAEB0018AB0FFF18AAFFF88921FF3BCAABCBAA1E48761F02EF06121E465CADDC865CA400
:20CAFB0002001ED45CADDC885CA4767ED9DD761F02EF0A0C920C5208680456BF03092B0CB8
:20CB0B00FE880006FE08761F018040046D1F56BF084228A9010628A891001E48761F02EF0E
:20CB1B0006121E465CADDC865CA402001ED45CADDC885CA4767ED9DD761F02EF0A0C920CCE
:20CB2B00520368042B0C56BF010AFE880006761F02EF920960089200603656BF01092B0C3F
:20CB3B002B036F315201612052026115520361075204602956BF01002B096F2592066023D9
:20CB4B00767ECAAB761F02EB9621761F02EF56BF04096F19930F0A0F1BA8012C68142B0F97
:20CB5B00767ECADB6F10920A52016109920F0A0F527868092B0F767ECB0D6F0556BF0209BA
:20CB6B002B0A2B0F0006761F02EF92066138B600BE0092A6540367172901560301A98F0041
:20CB7B00BA80560100A456030107A3C48F00BB00560100A4A9A90FC46002B601DE0192A603
:20CB8B00540368EC92A7601429018F00BB0056030107560100A4C4C4560301038F00BA80B4
:20CB9B00560100A4C2C49203521F67020A039207521F68032B076F020A070B060006761FA8
:20CBAB0002EF920452016005767ECB32767ECB6E761F02E9920652016916761F02EF920407
:20CBBB0061059208600356BF010892085201600A1B0E03E866030A0E6F062B002B0E2B08E1
:20CBCB006F022B0E0006761F02EF2B0A2B002B092B0C0006CCC40FF0FFC35210603506C431
:20CBDB002901FF4B907F6118761F02EF92055220672B920652206728C4D4560301058F40BE
:20CBEB00BB00560100A5C2C50A060A0592055220681B2B056F198F40BA80F6412B858F40CA
:20CBFB00BB00F6412B85761F02EA06D41E00761F02EF56BF01032B052B062B0756BF010AAD
:20CC0B002B0056BF0109CCC40FF0FFC35211602F06C42901FF4B907F600BCCDC0FFF5202BA
:20CC1B0058A9672592D48F00BBD496946F2006C4FF4B907F88A980A6761F02EB0E210FA74E
:20CC2B006113CDDC0FFF58A892A6522066105302670E88D49CFF8F00B900560302A956013A
:20CC3B0000A47E946F04761F02EF2B000006FE08761F02EF92015201612E1B1101776929C2
:20CC4B00761F018040046D4556BF084228A9011628A891001E48761F02EBA348027F18ABFE
:20CC5B000FFF18AAFFF88921FF3BCAABCBAA1E482B45761F02EF921696462B432B445CAD5E
:20CC6B00DC885CA4767ED9DD761F02EF2B116F210A116F1F761F018040046D1B56BF08425F
:20CC7B0028A9011628A891001E4818480FFF1847FFF82B45761F02EF920296462B432B44E3
:20CC8B005CADDC885CA4767ED9DD761F02EF2B01FE8800063100BE00D500761F02EF1B10BF
:20CC9B000BB8695692016055761F02EB2901922176C0B9009CFF560302A9560100A7761F2F
:20CCAB0002EF921696C7B60092A7522067272901560302A98F00B900560100A492C4611A42
:20CCBB0092A78F00B900560302A9560100A4A9A90DC4FF5A92A7560302A98F00B900560181
:20CCCB0000A42BC4DE0192A6520160049A0194A75DA9DF0192A7522068DCA9A9611592A63D
:20CCDB00611388A60200761F02EFF61F561700A63F0288A5761F02EB0E210FA66005761F19
:20CCEB0002EF56BF0101761F02EF2B106F020A1000067622761F01BECC36FFCF50209636D7
:20CCFB00CC36FCFF1AA902009636CC36CFFF1AA920009636CC37FFCF50209637CC37FCFF00
:20CD0B001AA902009637CC37CFFF1AA920009637761AFF6900067622761F01C01A1C0008CB
:20CD1B0076FD7C80FF693E67761A7622761F01C41A0000401A0000201A0000801A00400072
:20CD2B001800FFF7761A8F00464EFF69A8A9764088B77622761F01C41A010001761A8F004C
:20CD3B00464EFF69A8A9764088B7000688A9761F01C4CC20FC3FCDA6000FFF95CBA997209D
:20CD4B00CDA6000FCC21FC3FFF95CBA99721CDA6000FFF95CC22FC3FCBA99722CDA6000F70
:20CD5B00FF95CC23FC3FCBA99723CDA6000FFF95CC24FC3FCBA99724CDA6000FFF95CC2555
:20CD6B00FC3FCBA99725CDA6000FFF95CC26FC3FCBA99726CDA6000FFF95CC27FC3FCBA911
:20CD7B009727CDA6000FFF95CC28FC3FCBA99728CDA6000FFF95CC29FC3FCBA99729CDA675
:20CD8B00000FFF95CC2AFC3FCBA9972ACDA6000FFF95CC2BFC3FCBA9972BCDA6000FFF95EB
:20CD9B00CC2CFC3FCBA9972CCDA6000FFF95CC2DFC3FCBA9972DCDA6000FFF95CC2EFC3F41
:20CDAB00CBA9972ECCA6000FFF85CD2FFC3FCAA8962F0006B2BDD100BE06761F01C493A61F
:20CDBB00CC20FFC0913FCBA99720CDA6003FCC21FFC0CBA99721CDA6003FCC22FFC0CBA955
:20CDCB009722CDA6003FCC23FFC0CBA99723CDA6003FCC24FFC0CBA99724CDA6003FCC25CE
:20CDDB00FFC0CBA99725CDA6003FCC26FFC0CBA99726CDA6003FCC27FFC0CBA99727CDA6AC
:20CDEB00003FCC28FFC0CBA99728CDA6003FCC29FFC0CBA99729CDA6003FCC2AFFC0CBA98E
:20CDFB00972ACDA6003FCC2BFFC0CBA9972BCDA6003FCC2CFFC0CBA9972CCDA6003FCC2D6E
:20CE0B00FFC0CBA9972DCDA6003FCC2EFFC0CBA9972ECCA6003FCD2FFFC0CAA8962F1A08A7
:20CE1B0000201A0820001808FFBF1808BFFF1A000004CC08FFE050069608CC08E0FF1AA99E
:20CE2B000E009608CC14FFFC50029614CC14FFF350089614CC14FFCF50209614CC14FF3FAA
:20CE3B0050809614CC14FCFF1AA902009614CC14F3FF1AA908009614CC14CFFF1AA920003B
:20CE4B009614CC143FFF1AA980009614CC15FFFC50019615CC15FFF350049615CC15FFCFB9
:20CE5B0050109615CC15FF3F50409615CC15FCFF1AA901009615CC15F3FF1AA904009615C2
:20CE6B00CC15CFFF1AA910009615CC153FFF1AA9400096158F00464EA8A9764088B7761FAF
:20CE7B0001C456BFFF1AD40028A9010054A46934761F01C440046CFD1A050001B2A9761F52
:20CE8B00002C0D000D010D020D030D040D050D06761F01C449186DFD761F002C0D07761F5C
:20CE9B0001C441046CFD1A050002761F002C0D080D090D0A0D0B0D0C0D0D0D0E761F01C420
:20CEAB0041186DFD761F002C0D0F8BA9DC1028A9010054A466CE761F01C41808FFDF180831
:20CEBB00DFFF921860FF1A0500011A0500021A0700011A070002CC10FFE050019610921096
:20CECB00901F520160FD1810FFE09210901F60FE28A9010088A9B2AB0200F61F561700A6A8
:20CEDB0092AB8BBE00067622761F01C41800FFF71A0000029A0DFF69767ECD41761F01C523
:20CEEB00CC01FE0050509601767ECDB59B50761F01C59FA918A801FFCC01FE00CBA997018A
:20CEFB00761F01C41800FFFD761AFF69000627A988A828A910009EAB80A9611229018F002C
:20CF0B00B30A560303A6560100A40EAB1EAC0EA71EA7566500C40200F61F561700A729017B
:20CF1B008F00BC18560302A6560100A406C4612D560302A68F00BC1B560100A492C4612501
:20CF2B00560302A68F00BC18560100A48AC4C5C48F40BC18560302A68F00BC1B560100A5AA
:20CF3B00560302A6560100A492C49CFF560301A907C58AA9C4C406A70FAB680606A60FAB24
:20CF4B006904A3A66F02A3A7A9A90006AABD8EA9D20029018F40BC1B560302A4560100A5C2
:20CF5B0080C52BAA560302A48F40BC1B560100A527C5560302A48F40BC1A560100A592C518
:20CF6B0060235DAB560302A47680BC18560100A6560301A507C6190283A93AA90FC568061D
:20CF7B002DAB350A9CF6FFEF00DF560302A48F40BC18560100A583C53AA90FC566272DAA1F
:20CF8B00350AFFEF00D15DAB560302A47680BC18560100A6560301A507C6190283A93AA9C4
:20CF9B000FC566062DAB350A9CF6FFEF00BD560302A48F40BC18560100A583C53AA90FC545
:20CFAB0068052DAA350AFFEF00AFBE006F0792A76104FFC080A9DA01DE019A0194A254A607
:20CFBB0066F7BE0092A254A6FFE9009E290192AB94AAFFC02DA976C0BC18560302A45601ED
:20CFCB0000A7560301AC07C783A906C50FA0FFE1008A0FA0680D560302A48F40BC1A56019C
:20CFDB0000A592C5600327AC6F0E2FAC6F0C560302A48F40BC1A560100A592C560032FACFC
:20CFEB006F0227AC92AA9EAB80A98F40FFFFA0A90FA76106DE0192A254A666CA6F64560398
:20CFFB0002A48F40BC1A560100A592C5602E560302A47680BC18560100A62DAA560301AC47
:20D00B0007C683A9C4C5560302A48F40BC18560100A5560301AB07C58AA9A3C43AA9565DE4
:20D01B0000A603A68EA9FF321EA7A9A63AA9FF3007A7FF5A0200F61F561700A6350A1EA6E4
:20D02B0092AB93A694A86F2F560302A47680BC18560100A6560301AB07C683A9C4C55603EF
:20D03B0002A48F40BC18560100A52DAA560301AC07C58AA9A3C4A9A903A08AA9565D00A6CC
:20D04B00FF321EA7A9A6A8A9FF3007A7FF5A0200F61F561700A6350A1EA692AB93A694A81A
:20D05B006F02350A86BE0006B2BD59A8767ECF025CA1767ECF5188A929018F00B30C560373
:20D06B0003A1560100A493C495A692A88BBE00068F3EE9EC761F02F0A82456BF9C2756BF09
:20D07B000126761F02CC8F0013ECA8222824FED4761F02F08F3EE8A0A82C56BFA62F56BFE6
:20D08B00012E761F02CC8F00B798A8322834FE7000067622761F01C01812BFFF1A12200049
:20D09B001812FFFD1A1200011812FFFB1A1204001812FEFF761AFF6900067622761F01C0BB
:20D0AB0056BF552556BFAA25761AFF6900067622761F01C01812FBFF1A1200021A12200068
:20D0BB001A1240001A1200011812FFFB1812FEFF761AFF6900067622761F01C01812FEFF5E
:20D0CB001812FFFE1A1220001A1240001A120400761AFF6900067622761F01C056BF6829A4
:20D0DB00761AFF69000688A880A9761F01C043116C0676221A110010761A7625CC11018066
:20D0EB00610576221811FE7F761A0EA7FF5A9221901F5CA9A9A90FA4611476221A110040FF
:20D0FB00CCA7001FCD21FFE0CAA89621761AFF69767ED0D640116CFF76221811FFBF761A30
:20D10B0092A6520161035202600976229003CD11FE7FFF86CAA89611761A92A652036012A5
:20D11B007622CC11FE7F1AA9010096118F000382FF69A8A9764088B7761F01C01A110180D3
:20D12B00761AFF6900067622761F01C056BF021BCC10FFFC500296101A1D00011A1D000286
:20D13B001A1D00041A1D00081A1D00101A1D00201A1D00401A1D0080181CFFFE1A1C000423
:20D14B00181DBFFF181D7FFF1A1D01001A1D02001A1D04001819FEFF1819FDFF1819FBFFEC
:20D15B001819F7FF1A1C00081820FFFE1820FFFD1820FFFB1A2001001A2002001A200400FF
:20D16B001820F7FF1820BFFF1A2080001A1C0010181CFEFF181CFDFF1A1C04001A1C0800A7
:20D17B00181CEFFF1A1C40001A1C0004761AFF690006767ED0D676221A1C000876FD7C80E5
:20D18B00FF693E67761F01C0181CFFF7761AFF69767ED0C69A129B02767ED0DE767ED12E97
:20D19B00000688A87622761F00224E016C031801BFFF761F01C01A3000049003CD30FFFC2B
:20D1AB00CAA89630CDA6000FCC32FFF0CBA99732FF69767ED0D640346CFF761F0022CCA478
:20D1BB000001CD01BFFFFF8DCAA89601761AFF6900067622761F01C01A1000401A12400070
:20D1CB001812DFFF1812FFFD1A1200011812FFFB1A1204001812FEFF761AFF690006FE0270
:20D1DB007622761F002B2820FFFF2821FFFF2822FFFF2823FFFF2824FFFF2825FFFF2826DB
:20D1EB00FFFF2827FFFF761A761FFDFF9238964192399641923A9641923B9641923C964189
:20D1FB00923D9641923E9641923F9641761F002B922F9001F001FF69FE8200060006761F93
:20D20B0002E992056039920660090A0B920B5205692C2B0B56BF01066F2852016124520234
:20D21B00611F52036005761F02BC41016D145204610D5205601A761F02E9920B0A0B523258
:20D22B0069142B0B56BF06066F10761F02E956BF05066F0B761F02E956BF04066F0656BF4D
:20D23B0003066F0356BF0206761F02E992065206600356BF0105920552016008920B0A0B49
:20D24B00523269042B0B56BF020592055202600356BF030592065203680E920B0A0B52327C
:20D25B00690A761F02BC40016D061A010001761F02E92B0B0006767ED20A761F02E9920A75
:20D26B0052326809761F01BF1A060001761F02E92B0A6F020A0A0006761F02E9460D6D0AAE
:20D27B00410D6C0CCC0CFFF05001960C180DFFFD6F05CC0CFFF05003960CCC0C000F611961
:20D28B005201610E520261225203601C410D6C1ECC0CFFF05001960C180DFFFD6F17420D91
:20D29B006C15CC0CFFF05002960C180DFFFB6F0E410D6C0CCC0CFFF05001960C180DFFFDFA
:20D2AB006F05CC0CFFF05001960C0006761F02E9CD10FFFD761F02D6CC238000FFCE761F98
:20D2BB0002E9FF80CAA89610FFC6CD0DFFBF9001FF85CAA8960DCC0C000F614D5201611BE6
:20D2CB005202610E5203604C761F02A91800FF7F761F02E9460D6D461A0D00026F43761FB3
:20D2DB0002A91A000080761F02E941106D3B1A0D00026F38761F02A91800FF7F761F02E94F
:20D2EB0092125255611D761F02A918007FFF761F02E99210761F02A29300FFC0761F02E957
:20D2FB00880DFFD5CFA9910192A6FFC19001CBA99101FF91CCA6FFFBCBA9970D6F13761FE6
:20D30B0002A91A0080001800FF7F761F02E91A0D00026F08920561061A0D00026F031A0D47
:20D31B0000020006767ED277767ED2B100060006767EDDEE767ED8B2767ED3B1767ED5F9B3
:20D32B00767EB06C0006767EDC79767EB4F3767ED4D5767ED60F767EA020767EB07C767EAA
:20D33B00D9820006BE008F408000D0001BA0600067168F00AAAA2895555528A9555554954E
:20D34B006102BE012895AAAA8095A8A90FA76102BE012B95D8011BA0600068EE92A65201BC
:20D35B0060026F000006767ED756767EB578767EC027767EDD17767E95E1767ED62E767E80
:20D36B00A03F767EB09A767EC79A767ED947767ED9BD767ECBCE761F02E9281804B9281947
:20D37B009D6D00067622761F01A11A170004761A7622761F01A61A170004761AFF690006E7
:20D38B007622761F01A11A180004761A7622761F01A61A180004761AFF6900067622761FB8
:20D39B0001A3180EFFFC180EFFF3761AFF6900067622761F01A3CC0EFFFC5001960ECC0E22
:20D3AB00FFF35004960E761AFF690006767EDC45767EDC51767EDC6500067622761F01A03B
:20D3BB0028050BB82B0A2B032B04CC00FFFC500296001800FFFB1800DFFF1800FFF7CC003F
:20D3CB00FFCF502096001800FC7F1800E3FF1807FFBF1807FFF3CC0CFCFF1AA90100960CBA
:20D3DB00CC0CF3FF1AA90800960C180FFFCFCC0FFFF35008960F180FFFFC2B102B11280A71
:20D3EB0002581A190800CC19F8FF1AA901009619CC1AFCFF1AA90100961A761F01A1280585
:20D3FB0005DC2B092B0A2B032B04CC00FFFC500296001800FFFB1800DFFF1800FFF718008E
:20D40B00FFCF1800FC7F1800E3FF1807FFBF1807FFF3CC0CFCFF1AA90100960CCC0CF3FFB5
:20D41B001AA90800960C180FFFCFCC0FFFF35008960F180FFFFC2B102B11761F01A32805C6
:20D42B0007082B092B0A2B032B04CC00FFFC500296001800FFFB1800DFFF1800FFF718002F
:20D43B00FFCF1800FC7F1800E3FF1807FFEF1807FFBF1807FFFC1807FFF3CC0BFFCF50105C
:20D44B00960BCC0BFF3F5080960BCC0CFCFF1AA90100960CCC0CF3FF1AA90800960C180F03
:20D45B00FFCFCC0FFFF35008960F180FFFFC2B092B0A761F01A6280505DC2B092B0A2B03AD
:20D46B002B04CC00FFFC500296001800FFFB1800DFFF1800FFF71800FFCF1800FC7F18001C
:20D47B00E3FF1807FFEF1807FFFCCC0BFFCF5010960BCC0BFF3F5080960B180FFFCFCC0F8C
:20D48B00FFF35008960F180FFFFC2B102B11761F01A0CC14FFF350089614761F01A1CC14D8
:20D49B00FFF350089614761F01A3CC14FFFC50029614CC14FFF350089614761F01A6CC147D
:20D4AB00FFFC50029614761AFF69767ED38B767ED3A300067622761F01A11A1200011A1486
:20D4BB000003CC14FFF3500896141A0D00C0761AFF6900067622761F01A61A120002CC14B3
:20D4CB00FFFC500296141A14000C1A0D00C0761AFF6900067622761F01C0181CFFFB761A7F
:20D4DB00FF69767ED3B8767ED4B5767ED4C500060006761F02F19200900F5201600E0A06AA
:20D4EB001B0603E86903280603E80A081B0803E86906280803E86F032B062B08CC00000F35
:20D4FB005204620F520461335200FFE1008E5201614C5202FFE100A85203613EFFEF00B032
:20D50B005205FFE1009B520661065207FFE10092FFEF00A69201540A6914761F01C14714F0
:20D51B00FFEC009E761F02F1580A8F00B700761F01C192949619761F02F10A0AFFEF0090F1
:20D52B00CC00FFF050079600FFEF008A4700FFEC00871800FF7F920160041800FFF06F7F85
:20D53B00761F01C11A110002761F02F1CC00FFF0500596006F7446006C72CC00FFF0500408
:20D54B0096001800FFBF6F6B761F01C146156D1145156D0347156C2756BF031156BF23111F
:20D55B00761F02F11800FFF02B022B062B086F1B761F02F158028F00B5C0761F01C1C617EC
:20D56B009694761F02F10A022B089207540666070E03761F02D788000FA66105761F02F1A5
:20D57B002B062B02761F02F1920261049207540868041B02010A68332B082B06CC00FFF06E
:20D58B00500296006F2C8F00AD0092E452016127761F01C146146C231A1100011811FFFDDF
:20D59B00761F02F1CC00FFF0500196002B026F172B011800FFF06F132B0ACC00FFF0500698
:20D5AB0096006F0D761F01C11811FFFE761F02F11800FF7FCC00FFF0500396000006761F74
:20D5BB0002D64B236D08761F02E9920652016903767ED4E40006761F02D64B236D23761F0C
:20D5CB0002E992065204681E761F02F156BF01099200900F52036009767EB6DE761F02F13B
:20D5DB001A0000401800FDFF9200900F52046013767EB97F761F02F147006C0D767EB7D5D4
:20D5EB006F0A767EB7D5761F02F11A0000802B012B022B0900060006000600067622761F33
:20D5FB0001BE180CEFFFCC07FCFF1AA902009607180DEFFF1A050300CC09FCFF1AA9010046
:20D60B009609761AFF6900067622761F01C156BF071056BF031156BF03141814FFFE18149D
:20D61B00FFFD56BF011256BF231356BF2311281A8040281B204F2B1C181FFFEF1A1F0008D6
:20D62B00761AFF690006761F02F156BF010356BF1407000600060006FE02761F02A19A002C
:20D63B009328530160029A01761F02ED9001CD38FFFBFF81CAA89638761F02A19229761F67
:20D64B0002ED963952646606521E670656BF1E396F0356BF643942386D6D2B3E761F02C25C
:20D65B00E2AF002EE8121D50AD146444761F02ED1B3D3A98673F0A3D923B521E69080A3C91
:20D66B00923C523268062B3C0B3B6F0356BF1E3B923B52646606521E670656BF1E3B6F03A6
:20D67B0056BF643BE801E118E2C4013BE80EB850E70000407700E85138407700E68E0000DF
:20D68B00761F01A3E2130009761F02EDE801E118E2C4013BE80EB850E70000407700E8512B
:20D69B0038407700E68E0000761F01A3E213000A6F1C761F02ED2B3D2B3C56BF1E3A2B3B23
:20D6AB007622761F01A31A180004CC0EFFFC5001960ECC0EFFF35004960E761A2B092B0AD1
:20D6BB00761F02ED1838FFEF761F02ED923B963A6F537622761F01A31A170004180EFFFC83
:20D6CB00180EFFF3761A761F02ED923E52FA690E9239543A6607543A6803963A6F040B3A39
:20D6DB006F020A3A1A3800106F020A3E923A52646606521E670656BF1E3A6F0356BF643A02
:20D6EB00E801E118E2C4013AE80EB850E70000407700E85138407700E68E0000761F01A3EB
:20D6FB00E2130009761F02EDE801E118E2C4013AE80EB850E70000407700E8513840770006
:20D70B00E68E0000761F01A3E213000A761F02ED923A963B2B3DFE82FF690006761F02ED57
:20D71B0042386C35923A521E693244386C30761F02AA423A6D14761F01BF44016C0D761FFE
:20D72B0002ED0A361B361388680A2B36761F02AA1A3A00046F04761F02ED2B36761F02AABE
:20D73B00433A6D17761F01BF45016C0D761F02ED0A371B371388680D2B37761F02AA1A3A9B
:20D74B0000086F07761F02ED2B376F032B362B370006000600062BAC92AC5205673E9A0662
:20D75B008F3EEFEC36A9560100A4BE0636A6C4C48F00BAC2560100A4C2C476FEEFEE9A0687
:20D76B00BE0636A9560100A78F00BAC436A6560100A492C796C49A06BE0636A976FEEFEFD1
:20D77B00560100A78F00BAC536A6560100A492C796C49A06BE0636A976FEEFF0560100A764
:20D78B008F00BAC636A6560100A492C796C492AC9C012DA9520568C400062BAC92AC52053F
:20D79B00672C9A068F00BAC236A9560100A40AD49A0636A98F00BAC5560100A49A0688C404
:20D7AB0036A98F00BAC4560100A492A654C466109A068F00BAC436A9560100A42BC49A069B
:20D7BB0036A98F00BAC6560100A456BF01C492AC9C0152052DA968D600060006761F02DBC7
:20D7CB00922C9639767EB4EA767EC004767ED86B767E95DC767E9FBA767EDE4E761F02DBEC
:20D7DB00922C963A9239543A6707923A9E39963B543C6902963C0006761F02DB922C963597
:20D7EB00767ED266767EBF5A767E92B1767ED637767EA890767E9FA2767EADFB767ECA975B
:20D7FB00761F02DB922C963692355436670792369E3596375438690296380006761F02DBAE
:20D80B00922C9631767EB2E2767E8C54767ED5C6767E9D1D767EADC9761F02DB922C96327D
:20D81B0092315432670792329E3196335434690296340006761F02DB922C962D767ED0A8B8
:20D82B00767EB441767ED31D767EBF6D767ED719767ED957767ECBAA761F02DB922C962E8B
:20D83B00922D542E6707922E9E2D962F5430690296300006B2BDD10092A15205671D9A0625
:20D84B002DA18F00BAC636A9560100A492C461109A068F00BAC636A9560100A42BC49A0627
:20D85B0036A98F00BAC2560100A4C5C43E67D90192A1520568E58BBE000600060006000688
:20D86B00761F02E7CC2C0700FFC75203600C9227520567030A276F08CC2CF8FF1AA90400C1
:20D87B00962C6F022B27CC2C0700FFC75201600C9229520567030A296F08CC2CF8FF1AA9AC
:20D88B000200962C6F022B29CC2C3800FFCA5203600C9228520567030A286F08CC2CC7FF58
:20D89B001AA92000962C6F022B28CC2C3800FFCA5201600C922A520567030A2A6F08CC2C2C
:20D8AB00C7FF1AA91000962C6F022B2A00067622761F01BE1A0C00011806FFFC1A0A0001E5
:20D8BB00761F01BF1A040001761F01BE1A0C40001807CFFF180ABFFF1A0D01001809FFFC0E
:20D8CB00180BFEFF1A1D008018183FFF1A1B0080761F01BF1A0D0080761F01BE1A1D0400B8
:20D8DB001819FFCF181BFBFF1A0C00041806FFCF1A0A0004761F01BF1A040004761F01BEF8
:20D8EB001A1D01001819FFFC1A1B0100761F01BF1A0D0100761F01BE1A0C00101806FCFF63
:20D8FB001A0A0010761F01BF1A040010761F01BE1A0C00401806CFFF1A0A0040761F01BFF7
:20D90B001A040040761F01BE1A0C008018063FFF1A0A0080761F01BF1A040080761F01BE5D
:20D91B001A0D00101808FCFF180BFFEF1A0D00201808F3FF180BFFDF181DFFFB1A140030A2
:20D92B001A180030181DFFF71A1400C01A1800C01A0D04001809FFCF180BFBFF1A0C010011
:20D93B001807FFFC1A0A0100761F01BF1A040100761AFF6900060006761F02B32B1B761FF0
:20D94B0002B32B1C761F02B32B1D761F02E7182CF8FF182CC7FF0006761F02E992065206F5
:20D95B006803767ECBAA761F02EB9229600A761F02EF920052016005761F02EB56BF0129A0
:20D96B0000067622761F01BE180DBFFF1A053000CC09CFFF1AA910009609180D7FFFCC09EB
:20D97B003FFF1AA940009609761AFF690006767EDAA89A0028A89000761F01841E003B01CA
:20D98B00761F0186FF2FA0001E00761F0180FF2FFFFE1E022812FFFF1A131FFF18137FFFE7
:20D99B00761F01812820FFFF1A211FFF18217FFF8F010001761F0180A800761F0184CC02C8
:20D9AB00FFF05008960202001E041E067622761F018019011E2402001E2619011E1E761AFF
:20D9BB00FF690006761F02EB56BF222556BF212056BF012156BF2022767ECBCE761F02EB0D
:20D9CB002B282B232B292B240006FE34761F018006081E6C406C6C051A6C0001066C1E08D6
:20D9DB00FEB40006FE34761F018006001E741874FFFE06741E00761F018492F4900FCD0265
:20D9EB00FFF0CAA8960206C41E0006D41E0406E41E061A740001761F018006741E000604EA
:20D9FB001E701A70000106701E04FEB40006C5A4A0A98A440FA7690527873F840FA766FD75
:20DA0B000006FE02767ED184767ED33D8F0080008F7E88BBA8428F3E8000767EDA0276408C
:20DA1B00887D767EDDA1767ED32E767ED3233B10FF69767EDD7976260000762F0000767E63
:20DA2B00DE067622761F00358F3EC3E8A8008F3EC0E4A80C761AFF69767EDC79E80215A070
:20DA3B00E80223D18F00BBD8767EDCB4761F02D1283603EA767ED35E761F00331A2200402B
:20DA4B001A22000176230001767EDD9829102920761F01C41A0500017622761F01C056BF7C
:20DA5B00282956BF552556BFAA25761A761F00301804FFEF7622761F01C01A1C0004761AD0
:20DA6B00FF69767ED8456FFD761F00300600761F02D11E3E0F3C6807063C033EFF1415F9C9
:20DA7B001EA66F04063C033E1EA6026F1EAC566500A6A938063A0F38670306381E3A000603
:20DA8B00761F00300600761F02D11E3C00067622761F01BE180DBFFF180D7FFF1A05300027
:20DA9B00CC09CFFF1AA910009609CC093FFF1AA940009609761AFF690006FE347622761F44
:20DAAB000180062A1E4A1A4A0008064A1E2A062C1E481A48000806481E2C06141E601A6092
:20DABB00200006601E140200761F01841E021E0A1E121E1A1E221E2A1E321E3A761F01857C
:20DACB001E021E0A1E121E1A1E221E2A1E321E3A761F01861E021E0A1E121E1A1E221E2A07
:20DADB001E321E3A761F01871E021E0A1E121E1A1E221E2A1E321E3A761F018019011E0830
:20DAEB00020019011E0C020019011E1E020019011E2206141E601A60100006601E14061849
:20DAFB001E5C445C6CFD02001E5ECC5DFF00501D965DCC5EFFF85003965ECC5EFF875030EA
:20DB0B00965E065E1E1606141E601860EFFF06601E1406181E5C445C6DFD02001E00761A86
:20DB1B00FEB4FF6900063ABDB2BDAABDA2BDFE022901BFA90F12FF58615B5CA8917F08A814
:20DB2B0000801E4293A4FFD65CA8BFA90F1661675DA8917F08A8008059A858A993A5FFD641
:20DB3B005DA893A471A518A8010097A618A400FF18A500FFDC7F92A49EA596A7644D08A990
:20DB4B00FF01623E93A192A0FF3659A858A90642FF35F60E1FA15BA901A3F60A1FA1562D52
:20DB5B0004A22DA336A0FF40F60B1FA1FF339B00FF30FF540CA295A3FF4008A70001F61F25
:20DB6B00FF770920FF4008A70001F61FFF77FF5A92A7652208A9FF016313A9A9FF46917F9A
:20DB7B005BA85AA925A695A7FF960CA295A3BDA90F12FE8282BE86BE8BBE8EBE00069B0041
:20DB8B00FF5708A8FF7FFF5A93A660F228A8800071AA92AB6FEDFF2000006FEAFF5A93A406
:20DB9B0018A80100FF965CA8A9A908A8FF7F1CA88000CBA46FDD761F01DD47146CFD1A112F
:20DBAB00000296190006761F02D618237FFF761F02E92B14761F01BF1A0B0080767E95E15A
:20DBBB00764088AD007F7FF6FF6900069A41767EDBA60210764088B79A43767EDBA6021042
:20DBCB00764088B79A4B767EDBA68F00464EA8A9764088B79A0D767EDBA68F00464EA8A9F2
:20DBDB00764088B7000692C45249603292CC5256602F92D45241602C92DC524D602992E486
:20DBEB005236602692EC5230602392F45234602092FC5238601DD008929452536019D00973
:20DBFB009294524C6015D00A929452566011D00B92945249600DD00C929452416009D00DD4
:20DC0B00929452506005767EDBC1767EDBAE00067622761F01BE180CEFFF180CDFFF180C95
:20DC1B00BFFF1A0303001A030C001A033000CC07FCFF1AA901009607CC07F3FF1AA90400DA
:20DC2B009607CC07CFFF1AA910009607761AFF690006761F01BE181CFFFE1812FFFCCC16A1
:20DC3B00FFFC500296161A1C0002CC16FFF35008961600067622761F01BE1A0C0008CC06CE
:20DC4B00FF3F50409606761AFF6900067622761F01BE1A0C00401A0C0080CC06CFFF1AA9F6
:20DC5B0010009606CC063FFF1AA940009606761AFF6900067622761F01BE1A1C0100CC174A
:20DC6B00FFFC50019617761AFF690006767EDC45767EDC51767EDC65000600068F000C0090
:20DC7B00761F02EFA8180200761F003019011E022B062B071A0400101A0400208F000C08D0
:20DC8B00761F02EFA8208F000C10A828761F0030020019011E0A761F0030020019011E1296
:20DC9B00761F00302B0E2B0F761F00302B162B17761F00301A0C0010761F00301A140010EB
:20DCAB00761F00301A0C0020761F00301A1400200006E20300E4E20301F4E700000877002C
:20DCBB00E688000077007700BFA90F1283C419011ED583C42BF583C42BFD83C41AE50010E4
:20DCCB0083C41AE5002083C418E5FBFF83C418E5F7FF83C41AE5400002001ED400060006D5
:20DCDB000006FE02761F02B3920F5204670A56BF01352B1A2B192B382B25921B60022B1898
:20DCEB00920F52066023761F029AE2AF0110E801F0C8761F029AE2AF020EE7200051E80C0B
:20DCFB00CCD0E6950009E6940001AD14630B761F02B3923E52C8680456BF013B6F090A3E8E
:20DD0B006F07761F02B32B3E6F032B3E2B3BFE820006000600060006761F02B32B282B2707
:20DD1B002B0F2B2A2B292B2E2B2F2B1C2B1D2B1B2B352B342B302B312B1A2B192B382B25CB
:20DD2B002B18761F02E72B15761F02E72B16000628AD0050FF69561F5616561AE61002003C
:20DD3B002940761F00002902761B762228A9F01628A8003E0901611B76FEF01629046F0FE6
:20DD4B009B0024A9DF016C04290424A8DF011EA6F7A1248606A781A109011EA724A9630350
:20DD5B00FF5C3B0459A9DF010009FFEC761A28A9FFFF28A8FFFF0901610E76FFFFFF6F06AA
:20DD6B00DF01C3BD1EA73E67C5BE24A9DF0124A8FF5860F7767EDDBC767EDDD73B10761F0F
:20DD7B0000331820FFFE2B222B242B262B282B2A2B2C2B2E2B302B322B342B362B382B23B2
:20DD8B002B252B272B292B2B2B2D2B2F2B312B332B352B372B39FF690006761F00331A202A
:20DD9B0000012821FFFF2910FF690006FE028F0088BC8F7EE2C6A8428F3EDE52767EDA023A
:20DDAB0076229ABC28A80120761F00341E04761A7622761F003402001E02761AFF69FE8203
:20DDBB00000628ABFFFF28AAFFFF28A9FFFF28A8FFFF0FABED04BE00D4006F098AA928A94B
:20DDCB00FFFF28A8FFFF88C409028AA992A6767EDA0C000677006F00B2BD761F02E9C53EF2
:20DDDB0059A93E67761F02EB063EEC041EA792A13E67761F02EB063CEC031EA73E67767E1D
:20DDEB00DDD58BBE000676220200761F01BE1E061E081E161E181E361E0A1E1A1E3A1E0249
:20DDFB001E041E121E1419011E0C020019011E1C761AFF6900068F7EEB2A8F000D06762290
:20DE0B009A00527D6306C485C2849C01527D64FC761A761F00331A200001FF69000688A998
:20DE1B005200610D8F7EEE2492A8708490FF58A9FFD7719592A69CFF88A960F792A80006D3
:20DE2B00761F02E9A83C0006761F02E9A83E00060006561F7622B9C028290068761A007EAE
:20DE3B00DD3376083B3092BE000696BD76000006FF58C4A4EC0419017D86EDFE00060006E6
:0EDE4B00000600060006000696BD76120006D0
:20DE52008000003D40000000C000003D400000000000003E400000004000003E400000003A
:20DE62008000003E40000000C000003E400000000000003F400000004000003F4000000026
:20DE720000800040002000100008000400020001FE069641A8448A4476408CF39646520099
:20DE8200EC03FFEF00BD284603E7184100FF9241ED049A14FFEF00B476408A5376229A035A
:20DE9200F4A90A8D761A56BF07450E458F0088BCFF31560100A48344FF699A808AC47640AD
:20DEA2008C2A96465200EC0456BF18466F0592450B455200EDEB9246ED5D2B459245520792
:20DEB200665958458F0088DC9294CE41EC4D0E458F0088BC8F4088BEFF31560100A40E45DA
:20DEC200FF31560100A592C583448AC476408CBF96465200ED130E458F0088BC8F4088BE3E
:20DED200FF31560100A40E45FF31560100A592C583448AC476408BC796465200ED140E4590
:20DEE2008F0088BC8F4088BEFF31560100A40E45FF31560100A592C583448AC476408C2AB6
:20DEF20096466F120E458F0088BC8F4088BEFF31560100A40E45FF31560100A592C58344B0
:20DF02008AC476408C2A9246ED050A459245520769A99246EC31F5A9088690035203ED0BE9
:20DF12000E458F0088BCFF31560100A4834406C41EC56F22F5A9088690035201ED098A44C3
:20DF220056030C450EA9FF1F007E1EC46F15F5A9088690035202ED098A4456030D450EA943
:20DF3200FF1F007D1EC46F088A4456030D450EA9FF1F007E1EC476408A469246FE86000645
:20DF4200FE087C431E4276408D10964776408D299646064276408A9796459A03F4A90A9153
:20DF52009A0AF4A90A8C9A009B0276408D1C92431AA90A0BF4A90A90FF20199976408D1C2E
:20DF620092431AA9020BF4A90A90FF22333376408D1C58458F000A9C9294964492431AA973
:20DF72000A0BF4A90A909A009B0176408D1C28A90A0FF4A90A90FF20199976408D1C761ACD
:20DF8200924676408D2DF44770779244FE880006FE087D447C431E4276408D1096477640E7
:20DF92008D299646064276408A979A04F4A90A919A06F4A90A8B9A0BF4A90A899A03F4A907
:20DFA2000A8CF4430A8A9A009B0276408D1C92441AA90A0BF4A90A902B4592435445680934
:20DFB2009A009B0276408D1C0A459243544567F992441AA9020BF4A90A90FF2F15187640AE
:20DFC2008D1C92441AA90A0BF4A90A909A009B2876408D1C28A90A0FF4A90A90FF20199903
:20DFD20076408D1C761A924676408D2DF4477077FE880006762276408A789A00F4A90A8138
:20DFE200F5A90A90F004F4A90A90761A000676229A00F4A90A8276408A7828A9AA55F4A9A6
:20DFF2000A8128A90E0DF4A90A909A009B0376408D1C761F00340602BE000FA6EC03C502D0
:20E002003E6728A90A0FF4A90A9028A94CCC9B0376408D1C761A00069A00F4A90A91F4A94D
:20E012000A94F4A90A98F4A90A99F4A90A9AF4A90A9BF4A90A92F4A90A89F4A90A8AF4A917
:20E022000A8BF4A90A8C9A0AF4A90A8828A90C0CF4A90A900006FE021E42762228A90A0F3B
:20E03200F4A90A908F000A9429010642FF4196C406429003FE82000676229A00F4A90A9193
:20E0420028A90A0FF4A90A909A00F4A90A89F4A90A8AF4A90A8BF4A90A8CFF2019997640B6
:20E052008D1C761A000628A9FFFFF4A90A98F4A90A99F4A90A9AF4A90A9B0006FE087C43D3
:20E062001E4276408D10964776408D299646064276408A97964492431AA90A0BF4A90A90E9
:20E072009A01F4A90A919A04F4A90A89FF20199976408D1C92431AA9020BF4A90A9028A910
:20E0820066669B0176408D1C58448F000A9C9294964592431AA90A0BF4A90A909A009B01CB
:20E0920076408D1C76408AA8924676408D2DF44770779245FE880006FE087D447C431E4274
:20E0A20076408D10964776408D299646064276408A97964576408ABF58458F000A9892434A
:20E0B200969492441AA90A0BF4A90A909A02F4A90A919A09F4A90A899A06F4A90A8BFF20A7
:20E0C200199976408D1C92441AA9020BF4A90A909A009B0476408D1C92441AA90A0BF4A96D
:20E0D2000A909A009B0176408D1C76408AA8924676408D2DF4477077FE880006FE087C435C
:20E0E2001E4276408D10964776408D299646064276408A97964592431AA90A0BF4A90A9068
:20E0F2009A05F4A90A91FF20199976408D1C92431AA9020BF4A90A909A009B0876408D1C8F
:20E1020058458F000A9C9294964492431AA90A0BF4A90A90FF20199976408D1C76408AA82F
:20E11200924676408D2DF44770779244FE880006FE087D447C431E4276408D109647764055
:20E122008D299646064276408A97964576408ABF58458F000A989243969492441AA90A0BD7
:20E13200F4A90A909A06F4A90A91F4A90A8BF4A90A899A00F4A90A8C9A009B0A76408D1CF1
:20E1420092441AA9020BF4A90A90FF2F03E876408D1C92441AA90A0BF4A90A909A009B014D
:20E1520076408D1C76408AA8924676408D2DF4477077FE880006FE129643A046A8428843EC
:20E1620006420DA619011E52C4428F3D8000A8A90FA6660DC4528F3F7FFFA8A90FA6680776
:20E172000642FF0F007B1E502B4D6F039A0C6F4556BF16492B482B4B2B4A2B4C06505C4DC2
:20E18200764089AC9647BE00761F003406020FA6EC03C5023E6788472901FF20FFFF0FA64B
:20E19200EC171B4A1388680456BF16496F1806505C485D4D764089F40A4B0A4A9248520A4D
:20E1A200670B924B520F68082B4B0A486F050A4C020107501E509243544C66D176408AA84F
:20E1B200884C0E430FA6ED0888472901FF20FFFF0FA6ED022B499249FE920006FE109643F8
:20E1C200A046A842284B03E7C4428F3D8000A8A90FA6660DC4428F3F7FFFA8A90FA668077E
:20E1D2000642FF0F007B1E4E2B4F6F039A0C6F3956BF014856BF174A2B491B4907D06621AC
:20E1E200064E5C4F76408B4A9647BE00761F003406020FA6EC03C5023E679247EC08FF5EED
:20E1F2005D4F5CA9064E76408B846F072B4A0201074E1E4E0A486F050A491B4907D069E1F6
:20E20200924AEC071B4907D0690456BF174B6F049243544867D0924B5217EC022B4B924B6C
:20E21200FE900006FE0CA8467D431E42284B03E72849000192435449682D2B4A924A522D9A
:20E22200671B5C4F064276408ACA9647761F00340602BE000FA6EC03C5023E679247EC0C10
:20E23200FF5E96485C485D4F064276408B080A4A924A522D68E79247EC06924FED04284BA2
:20E2420000156F08064209011E420A499243544967D5924B5215EC051BA903E7ED022B4B35
:20E25200924BFE8C0006FE0E9645A048A844884506440DA619011E4EC4448F3D8000A8A98F
:20E262000FA6660CC44E8F3F7FFFA8A90FA668060644FF0F007B1E4C6F039A0C6F1756BFB3
:20E272004041064C5D458A4876408C7E56BF80418A48064C8F40040076408C7E2B415D45EA
:20E282008A48064C76408C7E9649FE8E0006FE02A84276408D080642EC088A4202001EC406
:20E292008A422BD48A422BDCF5A90A88ED039A0A6F029A00FE8200067622F5A970295068F2
:20E2A200F4A97029761A0006FE02F5417077F5A9707718A9FFFEF4A970779241FE82000653
:20E2B200761F003487A956630004193456C40006FF43190156C2FFFF000676083B3092BE78
:08E2C200000696BD760000067F
:20E2C6000001000A00010000000100000000000100000000FFFF00010000FFFF000000002D
:20E2D600FFFF00000000FFFF00000000FFFF00000000FFFF00000000FFFF0000000001F43D
:20E2E60000FA000001F400FA000001F400FA000001F400FA0000000100000000FFFF000052
:20E2F6000000FFFF000000000005000100040014000A00040014000A0000000100000000BF
:20E3060000030000000001F400640000022601F40000022601F4000000010000000000015F
:20E316000000000000010000000001F400640000022601F40000022601F400000001000052
:20E3260000000064001E00000064002800000064001E0000006400280000022600FA000099
:20E33600022600FA000000010000000000010001000000010001000000F000F005DC1F4080
:20E34600106805DC1F4011F805DC1F40106805DC1F4011F805DC1F40106805DC1F4011F8F4
:20E3560005DC1F40106805DC1F4011F800000014000105DC1F40154005DC1F40151805DCAE
:20E366001F40154005DC1F40151805DC1F40140005DC1F40140005DC1F4011F80000006421
:20E37600002800000064001400000064000A05DC1F40140005DC1F40140005DC1F4011F888
:20E386000000001000020ED80FA00FA0000000010000000001F401F4000000030000000033
:20E39600000100000000000100000000022601F40000000100000000022601F4EC7813882B
:20E3A6000000000000010000FDDA02260000000000010000000000050000FF0600FA000052
:20E3B600FF9C006400640001C35000640001C35000640001C35000640001C3500064000103
:20E3C6000258001E0000000100000000271007D0000000010001000003E8000100000001C1
:20E3D6000001000007D00021000000010000FFEC001400000000000100000000000100002C
:20E3E600000000010000000000010000000000010000000000010000000000010000000012
:20E3F600FFFF00000000FFFF00000000FFFF00000000FFFF00000000FFFF00000000000110
:20E4060000000000000100000001C35003E8000007D000000001C35003E8000007D0000049
:20E4160000000064002813881964139C1388196414001388196413920000006E0064FF9C3D
:20E426000064002811941770137411941770131011941770137E0000006E006400000001B8
:20E4360000000064006E006C0064006E006EFF9C00640000000000640032005A0064005C99
:20E44600005A0064005AFF9C00640000FF9C0000FFCEFF9C00640014FF9C00640005000020
:20E45600000100000064008C006C0064008C006E0064008C00700064008C00720000006EBB
:20E4660000640000006E00500000006E003C0000006E00280001C350000A0001C350000AF8
:20E47600000000010000000000640000000000640000000000640000000000640000FF9C5A
:20E4860000640000FF9C00640000FF9C00640000FF9C0064000000000001000000000064B0
:20E49600001400000064002800000064003C000000640050FF9C00640064FF9C00640064AC
:20E4A600FF9C00640064FF9C006400640000006400140000006400050000000100000000AE
:20E4B60000780050000000780064FF9C00640064FF9C0064003200000001000011941770E1
:20E4C600135600000064000113881964139CFF9C0000FFFF00000001000000000001000006
:20E4D600000103E80064000103E800C80001EA601F36000017700001000000010001000AEE
:20E4E60000C800210001EA6001F4000000640032000000640032000000010001000101F4C9
:20E4F60000320001EA6000C80000006400320000006400320000000100000000019000966D
:20E506000000000100000000019000960005005A005A0000FFFF012C0005005A0014000076
:20E51600FFFF00640005005A00140000FFFF00640005005A00140000FFFF00640005005A7A
:20E5260000140000FFFF0064006E008C006E0000FFFF0064006E008C00820000FFFF0032E9
:20E53600006E008C00820000FFFF0032006E008C00820000FFFF0032006E008C00820000F1
:20E54600FFFF00320000FFFF00000000FFFF00000000FFFF00000000FFFF0000006900968E
:20E5560000730000FFFF00C80069009600820000FFFF000A0069009600820000FFFF000A5A
:20E566000069009600820000FFFF000A0069009600820000FFFF000A000A005F00500000CA
:20E57600FFFF00C8000A005F00320000FFFF000A000A005F00320000FFFF000A000A005F10
:20E5860000320000FFFF000A000A005F00320000FFFF000A0003001400050000FFFF0BB8BB
:20E596001388196413BA0000FFFF00C81388196413EC0000FFFF00101388196413EC00007E
:20E5A600FFFF00101388196413EC0000FFFF00101388196413EC0000FFFF001011941770D1
:20E5B600128E0000FFFF00C811941770125C0000FFFF001011941770125C0000FFFF00108F
:20E5C60011941770125C0000FFFF001011941770125C0000FFFF00100000FFFF00000000E7
:20E5D600FFFF00000000FFFF00000000000100000000FFFF007F00000001000000000001A9
:20E5E60000000000FFFF00010000FFFF173B05DC1D4C13880000006400320000138800FAB6
:20E5F6000000000100000000000100000000FFFF00010000FFFF173B05DC1D4C13880000CF
:20E60600006400320000138800FA0000000100000000000100000000FFFF00010000FFFFCA
:20E61600173B05DC1D4C13880000006400320000138800FA00000001000000000001000080
:20E626000000FFFF00010000FFFF173B05DC1D4C13880000006400320000138800FA000075
:20E63600000100000000000100000000FFFF00010000FFFF173B05DC1D4C1388000000642A
:20E6460000320000138800FA0000000100000000000100000000FFFF00010000FFFF173B9C
:20E6560005DC1D4C13880000006400320000138800FA0000FFFF00000000FFFF0000000098
:20E66600FFFF00000000FFFF00000000000200000000138801F40000000100000000000104
:20E67600000000000001000005DC1F40151805DC1F40138800000064005A000000640050C9
:20E686000000FFFF00000000FFFF00000000FFFF00000000FFFF00000000FFFF000000007E
:20E69600FFFF00000000FFFF00000000FFFF00000000FFFF00000000FFFF0000006900966F
:20E6A60000730000FFFF00C80069009600820000FFFF000A000A005F00500000FFFF00C813
:20E6B600000A005F00320000FFFF000A1388196413BA0000FFFF00C81388196413EC0000DF
:20E6C600FFFF001011941770128E0000FFFF00C811941770125C0000FFFF00100000FFFFEE
:20E6D60000000000FFFF00000000FFFF00000000FFFF00000000FFFF00000000FFFF00002E
:20E6E6000000FFFF00000000FFFF00000000FFFF00000000FFFF00000000FFFF000000001E
:20E6F600FFFF00000000FFFF00000000FFFF00000000FFFF00000000FFFF00000000FFFF10
:20E7060000000000FFFF00000000FFFF00000000FFFF0000060C09F408000000FFFF0000E4
:20E71600060C09F408000000FFFF0000060C09F408000000FFFF0000060C09F408000000A2
:20E72600FFFF0000060C09F408000000FFFF0000060C09F408000000FFFF0000060C09F49C
:20E7360008000000FFFF0000060C09F408000000FFFF0000060C09F408000000FFFF000093
:20E74600060C09F408000000FFFF0000060C09F408000000FFFF0000060C09F40800000072
:20E75600FFFF0000060C09F408000000FFFF0000060C09F408000000FFFF0000060C09F46C
:20E766000800060C09F40800060C09F40800060C09F40800060C09F40800060C09F4080018
:20E77600060C09F40800060C09F40800060C09F40800060C09F40800060C09F40800060CFE
:20E7860009F40800060C09F40800060C09F40800060C09F40800060C09F40800060C09F403
:20E796000800060C09F40800060C09F40800060C09F40800060C09F40800060C09F40800E8
:20E7A600060C09F40800060C09F40800060C09F408000000FFFF00000000FFFF0000000012
:20E7B600FFFF00000000FFFF00000000FFFF00000000FFFF00000000FFFF00000000FFFF4F
:20E7C60000000000FFFF00000000FFFF00000000FFFF00000000FFFF00000000FFFF00003D
:20E7D6000000FFFF00000000FFFF00000000FFFF00000000FFFF00000000FFFF000000002D
:20E7E600FFFF00000000FFFF00000000FFFF00000000FFFF00000000FFFF00000000FFFF1F
:20E7F60000000000FFFF00000000FFFF00000000FFFF00000000FFFF00000000FFFF00000D
:20E806000000FFFF00000000FFFF00000000FFFF00000000FFFF00000000FFFF00000000FC
:20E81600FFFF00000000FFFF00000000FFFF00000000FFFF00000000FFFF00000000FFFFEE
:20E8260000000000FFFF00000000FFFF00000000FFFF00000000FFFF00000000FFFF0000DC
:20E836000000FFFF00000000FFFF00000000FFFF00000000FFFF00000000FFFF00000000CC
:20E84600FFFF00000000FFFF00000000FFFF00000000FFFF00000000FFFF00000000FFFFBE
:20E8560000000000FFFF00000000FFFF00000000FFFF00000000FFFF00000000FFFF0000AC
:20E866000000FFFF00000000FFFF00000000FFFF00000000FFFF00000000FFFF000000009C
:20E87600FFFF00000000FFFF00000000FFFF00000000FFFF00000000FFFF0000000000018B
:20E8860000000000000100000001000F00010000000100000000000100010000000100015B
:20E89600000000010000000000090000000000000000000021E60017AEA6001554DC00148D
:20E8A60012A50013E6450011CE220010C8C2000FD4CB000EF0FB000D1C29000D5545000C16
:20E8B6009B51000BED65000A4AA8000AB253000923AD00099E0B000820D00008AB68000749
:20E8C6003D4C0007D5FD00067507000619FE0006C47C00057424000528A00005E19E0004F9
:20E8D6009ED400045FFC000424D50004ED230003B8AD0003873E000358A700032CB9000323
:20E8E600034A0003DC320002B74D00029478000273920002547E0002372000021B5D0002F0
:20E8F600011D0002E8480001D0C90001BA8D0001A57F0001919000017EAC00016CC7000129
:20E906005BD000014BBA00013C7900012E00000120450001133C000106DB0001FB1A00002D
:20E91600EFEF0000E5530000DB3C0000D1A50000C8860000BFD90000B7980000AFBD00009D
:20E92600A8420000A12200009A59000093E200008DBA000087DA0000824100007CEA0000EB
:20E9360077D3000072F700006E53000069E6000065AC000061A300005DC700005A18000053
:20E9460056930000533500004FFD00004CE9000049F80000472700004475000041E0000036
:20E956003F6800003D0A00003AC60000389B00003687000034880000329F000030CA00009C
:20E966002F0900002D5A00002BBC00002A2F000028B200002744000025E50000249400008B
:20E97600235000002219000020EE00001FCF00001EBB00001DB100001CB200001BBD00008A
:20E986001AD0000019ED000019130000184000001776000016B3000015F700001543000043
:20E996001494000013ED0000134B000012AF0000121900001188000010FD00001076000043
:20E9A6000FF500000F7700000EFF00000E8A00000E1900000DAD00000D4400000CDF000005
:20E9B6000C7D00000C1F00000BC300000B6B00000B1600000AC400000A7400000A270000AB
:20E9C60009DD00000995000009500000090C000008CB0000088C0000084F00000815000064
:20E9D60007DB000007A40000076F0000073B00000709000006D8000006A90000067C0000BD
:20E9E600064F00000625000005FB00008DBC0004475F0004058C0004C7F100038E44000375
:20E9F6005840000325A50003F63B000247610000A01F0002790E0002546900023209000278
:20EA060011C80002F3840001D71C0001BC700001A36600018BE2000175CC0001610C000154
:20EA16004D8C00013B39000129FF000119CD00010A920001FC3F0000EEC40000E215000000
:20EA2600D6240000C94A0000C04F0000B6560000ACEF0000A41300009BB8000093D7000099
:20EA36008C670000856300007EC3000078820000729900006D03000067BB000062BD0000EE
:20EA46005E040000598C000055510000514F00004D84000049EC00004683000043480000C9
:20EA5600403700003D4E00003A98000037ED0000356F00003312000030D300002EB00000DE
:20EA66002CA700002AB8000028E20000272100002577000023E00000225D000020ED00005E
:20EA76001F8D00001E3E00001CFE00001BCD00001AAB000019950000188C0000178F0000B9
:20EA8600169D000015B7000014DA000014080000133E0000127E000011C600001115000009
:20EA9600106D00000FCC00000F3200000E9E00000E1100000D8A00000D0800000C8C0000B8
:20EAA6000C1500000BA300000B3600000ACE00000A6A00000A09000009AD000009550000CD
:20EAB6000900000008AF0000086100000816000007CE000007890000074600000707000039
:20EAC60006CA0000068F0000065600000620000005EC000005BA0000058A0000055B0000AA
:20EAD600052E00000504000004DA000004B20000048C0000046700000444000004210000E8
:20EAE6000400000003E1000003C2000003A5000003880000036D0000035200000338000030
:20EAF600032000000308000002F1000002DA000002C5000002B00000029C00000288000062
:20EB0600027600000263000002520000024100000230000002200000021000000201000012
:20EB160001F3000001E4000001D7000001C9000001BC000001B0000001A40000C16F003EE3
:20EB2600C16F003EC16F003EC16F003EC16F003EC16F003EC16F003EC16F003EC16F003E5F
:20EB3600C16F003EC16F003EC16F003EC16F003EC1B5003EC1AB003EC33E003EC165003E06
:20EB4600C2B9003EC179003EC1BF003EC0B2003EC0A8003EC09E003EC094003EC08A003EB4
:20EB5600C080003EC076003EC06C003EC062003EC0D0003EC0C6003EC0BC003EC3E8003EAE
:20EB6600C3DE003EC030003EC04E003EC044003EC398003EC0E4003EC058003EC2A5003E7E
:20EB7600C291003EC27D003EC269003EC255003EC241003EC22D003EC219003EC2AF003E7D
:20EB8600C29B003EC287003EC273003EC25F003EC24B003EC237003EC223003EC2E4003EF2
:20EB9600C2DA003EC2D0003EC030003EC030003EC030003EC1FB003EC1F1003EC20F003E32
:20EBA600C205003EC030003EC1E7003EC1DD003EC030003EC030003EC0DA003EC133003EF4
:20EBB600C11F003EC129003EC11F003EC18D003EC183003EC030003EC030003EC334003E3C
:20EBC600C32A003EC320003EC316003EC30C003EC302003EC030003EC030003EC1D3003E8E
:20EBD600C1C9003EC030003EC030003EC030003EC030003EC030003EC030003EC15B003EE9
:20EBE600C147003EC151003EC13D003EC2F8003EC2EE003EC030003EC030003EC030003ECD
:20EBF600C030003EC3D4003EC3CA003EC3C0003EC3B6003EC3AC003EC3A2003EC38E003EDA
:20EC0600C384003EC37A003EC370003EC366003EC35C003EC352003EC348003EC03A003EE5
:20EC1600C030003EC030003EC030003EC030003EC030003EC197003EC1A1003E000000C101
:20EC260000810040000100C000800041000100C000800041000000C100810040000100C0C6
:20EC360000800041000000C100810040000000C100810040000100C000800041000100C0B6
:20EC460000800041000000C100810040000000C100810040000100C000800041000000C1A6
:20EC560000810040000100C000800041000100C000800041000000C100810040000100C096
:20EC660000800041000000C100810040000000C100810040000100C000800041000000C186
:20EC760000810040000100C000800041000100C000800041000000C100810040000000C176
:20EC860000810040000100C000800041000100C000800041000000C100810040000100C066
:20EC960000800041000000C100810040000000C100810040000100C000800041000100C056
:20ECA60000800041000000C100810040000000C100810040000100C000800041000000C146
:20ECB60000810040000100C000800041000100C000800041000000C100810040000000C136
:20ECC60000810040000100C000800041000100C000800041000000C100810040000100C026
:20ECD60000800041000000C100810040000000C100810040000100C000800041000000C116
:20ECE60000810040000100C000800041000100C000800041000000C100810040000100C006
:20ECF60000800041000000C100810040000000C100810040000100C000800041000100C0F6
:20ED060000800041000000C100810040000000C100810040000100C000800041000000C1E5
:20ED160000810040000100C000800041000100C000800041000000C100810040000000C0D6
:20ED260000C1000100C30003000200C200C60006000700C7000500C500C4000400CC000C7D
:20ED3600000D00CD000F00CF00CE000E000A00CA00CB000B00C90009000800C800D80018ED
:20ED4600001900D9001B00DB00DA001A001E00DE00DF001F00DD001D001C00DC001400D4FD
:20ED560000D5001500D70017001600D600D20012001300D3001100D100D0001000F000302D
:20ED6600003100F1003300F300F20032003600F600F7003700F50035003400F4003C00FC3D
:20ED760000FD003D00FF003F003E00FE00FA003A003B00FB003900F900F80038002800E8ED
:20ED860000E9002900EB002B002A00EA00EE002E002F00EF002D00ED00EC002C00E40024BD
:20ED9600002500E5002700E700E60026002200E200E3002300E10021002000E000A000602D
:20EDA600006100A1006300A300A20062006600A600A7006700A50065006400A4006C00ACFD
:20EDB60000AD006D00AF006F006E00AE00AA006A006B00AB006900A900A80068007800B86D
:20EDC60000B9007900BB007B007A00BA00BE007E007F00BF007D00BD00BC007C00B400747D
:20EDD600007500B5007700B700B60076007200B200B3007300B10071007000B0005000902D
:20EDE60000910051009300530052009200960056005700970055009500940054009C005CBD
:20EDF600005D009D005F009F009E005E005A009A009B005B0099005900580098008800486D
:20EE060000490089004B008B008A004A004E008E008F004F008D004D004C008C004400843C
:20EE1600008500450087004700460086008200420043008300410081008000400000C0C1EB
:20EE2600C1810140C30103C00280C241C60106C00780C7410500C5C1C4810440CC010CC074
:20EE36000D80CD410F00CFC1CE810E400A00CAC1CB810B40C90109C00880C841D80118C0E4
:20EE46001980D9411B00DBC1DA811A401E00DEC1DF811F40DD011DC01C80DC411400D4C1F4
:20EE5600D5811540D70117C01680D641D20112C01380D3411100D1C1D0811040F00130C024
:20EE66003180F1413300F3C1F28132403600F6C1F7813740F50135C03480F4413C00FCC134
:20EE7600FD813D40FF013FC03E80FE41FA013AC03B80FB413900F9C1F88138402800E8C1E4
:20EE8600E9812940EB012BC02A80EA41EE012EC02F80EF412D00EDC1EC812C40E40124C0B4
:20EE96002580E5412700E7C1E68126402200E2C1E3812340E10121C02080E041A00160C024
:20EEA6006180A1416300A3C1A28162406600A6C1A7816740A50165C06480A4416C00ACC1F4
:20EEB600AD816D40AF016FC06E80AE41AA016AC06B80AB416900A9C1A88168407800B8C164
:20EEC600B9817940BB017BC07A80BA41BE017EC07F80BF417D00BDC1BC817C40B40174C074
:20EED6007580B5417700B7C1B68176407200B2C1B3817340B10171C07080B041500090C124
:20EEE60091815140930153C052809241960156C057809741550095C1948154409C015CC0B4
:20EEF6005D809D415F009FC19E815E405A009AC19B815B40990159C058809841880148C064
:20EF0600498089414B008BC18A814A404E008EC18F814F408D014DC04C808C41440084C133
:20EF160085814540870147C046808641820142C043808341410081C18081404096D9003E77
:20EF26009A26003E9A06003E999C003E9959003E98E9003E983D003E979C003E9707003E2D
:20EF360096EF003E9A22003E9A20003E9A1E003E9A1A003E9A16003E9A14003E9A10003E5C
:20EF46009A0C003E9A0A003E9A08003E9A04003E9A02003E99F4003E99E6003E99D8003E18
:20EF560099CA003E99BC003E99AE003E99A0003E999E003E999A003E9998003E9996003EA9
:20EF66009994003E9992003E9990003E998E003E997D003E996C003E995B003E9948003E03
:20EF76009946003E9935003E9924003E9913003E9911003E9900003E98EF003E98ED003E26
:20EF860098EB003E98D8003E98C7003E98B6003E98A5003E9894003E9883003E9872003E4D
:20EF96009861003E9850003E983F003E982C003E981B003E9817003E9806003E97F5003E63
:20EFA60097E4003E97D3003E97C2003E97B1003E97A0003E978B003E977A003E9769003E6B
:20EFB6009758003E9747003E9743003E9741003E972F003E971D003E970B003E9705003E14
:20EFC6009703003E9701003E96FF003E96FD003E96FB003E96F9003E96F7003E96F5003EA9
:20EFD60096F3003E96ED003E96EB003E96E9003E96E7003E96E5003E96E3003E96E1003E37
:20EFE60096DF003E96DD003E96DB003ED825003E0000000100000000D809003E0000000598
:20EFF60000000000D7E7003E0000001400000000D7C9003E0000006400000000D7C8003ECC
:20F00600000003E80000000000510033002000009A91003E00510044002000009A28003E3D
:20F01600FFFFAA9400000000FFFFAA9500000000FFFFAA9600000000FFFFAA9700000000E4
:20F02600FFFFAA9800000000FFFFAA9900000000FFFFAA9A00000000FFFFAA9B00000000C4
:20F03600FFFFAA9C00000000FFFFAA9D00000000FFFFAA9E00000000FFFFAA9F00000000A4
:20F04600FFFFAAA000000000FFFFAAA100000000FFFFAAA200000000FFFFAAA30000000084
:20F05600FFFFAAA400000000FFFFAAA500000000FFFFAAA600000000FFFFAAA70000000064
:20F06600FFFFAAA800000000FFFFAAA900000000FFFFAAAA00000000FFFFAAAB0000000044
:20F07600FFFFAAAC00000000FFFFAAAD00000000FFFFAAAE00000000FFFFAAAF0000000024
:20F08600FFFFAAB000000000FFFFAAB100000000FFFFAAB200000000FFFFAAB30000000004
:20F09600FFFFAAB400000000FFFFAAB500000000FFFFAAB600000000FFFFAAB700000000E4
:20F0A600FFFFAAB800000000FFFFAAB900000000FFFFA88100000000FFFFA882000000003A
:20F0B600FFFFA88300000000FFFFA88400000000FFFFA88900000000FFFFA88A0000000088
:20F0C600FFFFA88B00000000FFFFA88C00000000FFFFA88D00000000FFFFA88E0000000060
:20F0D600FFFFA88F00000000FFFFA89000000000FFFFA89100000000FFFFA8920000000040
:20F0E600FFFFA89300000000FFFFA89400000000FFFFA89500000000FFFEA8A40000000013
:20F0F6000000FFFEA8BC0000CCCD3F4CFFFEA8BE000000000000FFFEA8C0000000000000AD
:20F10600FFFEA8C2000000000000FFFEA8C4000000000000FFFEA8C6000000000000FFFEB1
:20F11600A8C8000000000000FFFEA8CA000000000000FFFEA8CC000000000000FFFEA8CE16
:20F12600000000000000FFFFB1E000000000FFFFB1E100000000FFFFB1E200000000FFFF1B
:20F13600B1E300000000FFFFB1E400000000FFFFB1E500000000FFFFB1E600000000FFFF6B
:20F14600B1E700000000FFFFB1E800000000FFFFB1E900000000FFFEB1F60000000000003E
:20F15600FFFEB1F8000000000000FFE3BAC20000D825003E0000000100000000D809003E3A
:20F166000000000500000000D7E7003E0000001400000000D7C9003E000000640000000032
:20F17600D7C8003E000003E80000FFFFB59900000000FFFFB59A00000000FFFFB59B0000CA
:20F186000000FFFFB59C00000000FFFFB59D00000000FFFFB5A100000000FFFFB5A2000021
:20F196000000FFFFBB5500000000FFFFBB5600000000FFFFBB5700000000FFFFBB5800001B
:20F1A6000000FFFFBB5900000000FFFFBB5C00000000FFFFBC3500000000FFFFBC36000043
:20F1B6000000FFFFBC3700000000FFFFBC3800000000FFFFBC3900000000FFFFBC3A00006F
:20F1C6000000FFFFBBCE00000000FFFFBBCF00000000FFFFBBD000000000FFFFBBD1000007
:20F1D6000000FFFFB9E700000000FFFFB9E800000000FFFFB9E900000000FFFFB9EA00009B
:20F1E6000000FFFEBA7C0000DE33003EFFFEBA7E0000DE33003EFFFEBAFC00000000000050
:20F1F600FFFEBAFE000000000000FFFFBB7600000000FFFFBB7700000000FFFFBA4A0000E3
:20F206000000FFFFBA4B00000000FFFFAF1000000000FFFFB1FC00000000FFFFACFE0000D5
:20F216000000FFFFBBF900000000FFFFBC0400000000FFFFBC4A00000000FFFFB82B000083
:16F226000000FFFFA86600000000FFFFB80A000000000000000006
:02000004003FBB
:205F8000000000000000000000000000000000000000000000000000000000000000000001
:205F90000000000000000000000000000000000000000000000000000000000000000000F1
:205FA0000000000000000000000000000000000000000000000000000000000000000000E1
:205FB0000000000000000000000000000000000000000000000000000000000000000000D1
:205FC0000000000000000000000000000000000000000000000000000000000000000000C1
:205FD0000000000000000000000000000000000000000000000000000000000000000000B1
:205FE0000000000000000000000000000000000000000000000000000000000000000000A1
:0C5FF000000000000000000000000000A5
:045FF600007EDE3417
:105FF800FFFFFFFFFFFFFFFFFFFFFFFFFFFFFFFFA9
:00000001FF
