:02000004003DBD
:2080000088A99A001BA62800ED08530169039A120006761F02EB972B0006B2BDAABD08A974
:20801000DF0059A8D20052106219521056C105C05207620C520756C105D8520556C105E319
:20802000520656C105D9FFEF05E6520856C105C6520D56C105B5FFEF05DE5214620C5214A3
:2080300056C1057F521156C1059C521356C1058BFFEF05D1521556C1056693A99DE153466E
:20804000FFE605C99CE176FF333CFF8088A906A70DA61EA724A9DF0124A81EA7762092A130
:208050005201FFE605B3767DD87593A155A956C105B292A1767DDA44FFEF0507767DD88552
:2080600054A156C105A392A15202FFE7059F767DDA60FFEF04FA1BA101F4FFE60597767DFD
:20807000D88154A156C1059792A1767DDA59FFEF04EC767DD83D54A156C1058892A1520290
:20808000FFE70584761F02EB92125201EC175204EC155206EC13520556C00578761F02D0F6
:20809000923D56C00573761F02EB921856C0056E761F02C34C1056CD056992A1767DD9E296
:2080A000FFEF04C31BA1060CFFE805601BA109F4FFE6055C767DD8B154A156C1055C92A1D6
:2080B000767DDAADFFEF050A1BA1060CFFE8054E1BA109F4FFE6054A767DD8AD54A156C1C0
:2080C000054A92A1767DDAA6FFEF04F892A1520156C0053C761F02C356BF011A767DDBACE0
:2080D000767DDB919A059B01767E3D099A059B0DFFEF04E692A1520156C00528761F02EF4E
:2080E00056BF0100761F02EF56BF0101FFEF052392A19CFF521FFFE70519767DD87954A13B
:2080F00056C1051992A1767DDA4BFFEF046E92A152F0FFE8050B1BA1012DFFE60507767D56
:20810000D8DD93A155A956C1050692A1767DDB01767DD8D59B1495A959A8767DD8DD54A129
:208110006706767DD8DD9CEC767DDAF3767DD8E559A9767DD8D593A155A9FFE9047F767D10
:20812000D8D5767DDB0FFFEF047992A15201FFE604DD767DD91D93A155A956C104DC92A1B9
:20813000767DDB71FFEF043192A156C004CF767DD85993A155A956C104CE92A1767DDA135F
:20814000FFEF047C92A152DCFFE804C01BA1010EFFE604BC767DD8D593A155A956C104BB8D
:2081500092A1767DDAF3767DD8E559A9767DD8D593A155A9FFE90432767DD8D5767DDB0FFD
:20816000FFEF042C92A15201FFE604A0767DD91193A155A956C1049F761F02C392A156BF67
:20817000011A767DDB5CFFEF03F092A19CFF525AFFE7048C767DD90993A155A956C1048B2C
:20818000761F02C392A156BF011A767DDB4EFFEF03DC92A15205FFE804791BA10384FFE623
:208190000475767DD8FD93A155A956C10474761F02C392A156BF011A767DDB39FFEF03C553
:2081A00092A15205FFE804621BA10384FFE6045E767DD90193A155A956C1045D761F02C38D
:2081B00092A156BF011A767DDB40FFEF03AE92A152F0FFE8044B1BA10136FFE60447767DDE
:2081C000D8F993A155A956C10446761F02C392A156BF011A767DDB32FFEF039792A1520170
:2081D000FFE60434767DD90D93A155A956C10433761F02C392A156BF011A767DDB55FFEF4B
:2081E00003841BA103E8FFE60421767DD83993A155A956C1042092A1767DD9DBFFEF037596
:2081F0001BA1010EFFE6041292A152D2FFE8040E767DD83593A155A956C1040D92A1767DD9
:20820000D9D4FFEF03621BA103DE69051BA1FFFF56C003FC767DD89593A155A956C103FBDD
:2082100092A1767DDA7CFFEF035092A1FFC75217FFE603EC92A190FF523BFFE603E7767D4A
:20822000D83193A155A956C103E692A1767DD9CDFFEF033B92A1FFC75217FFE603D792A1B7
:2082300090FF523BFFE603D2767DD82D93A155A956C103D192A1767DD9C6FFEF032692A134
:208240005201FFE603C3767DD88993A155A956C103C292A1767DDA67FFEF031792A15201C9
:20825000FFE603B4767DD89193A155A956C103B392A1767DDA75FFEF030892A1520AFFE833
:2082600003A55264FFE603A29B0500FE3ED2520056C0039C767DD8E193A155A956C10396D3
:2082700092A1767DDB08767DD8D99B0595A959A8767DD8E154A1670C767DD8E152056905DD
:20828000767DD8E19CFB6F029A00767DDAFA767DD8D959A9767DD8E993A155A9FFE7030E46
:20829000767DD8D9767DDB16FFEF030892A15205FFE8036C525FFFE603699B0500FE3ED2BD
:2082A000520056C00363767DD8D993A155A956C1035D92A1767DDAFA767DD8D959A9767D10
:2082B000D8E993A155A96705767DD8D9767DDB16767DD8D99B0595A959A8767DD8E154A1A3
:2082C000FFE702DC767DD8D99C055264FFE90148FFEF014F92A1FFC7521FFFE6033793A1B3
:2082D000CDA8FF0056C10332761F02EF963B92A190FF5217FFE6032A963DFFEF032C92A117
:2082E000FFC75263FFE603225216FFE8031F761F02EF963992A190FF520CFFE603175200C2
:2082F00056C10314963AFFEF031692A15206FFE6030D761F02EF792E802B92A790035DA93F
:2083000092A75263FFE603025216FFE802FF932C530CFFE602FB530056C102F8882D92A6E4
:20831000521FFFE602F3520056C102F05C2F92A45217FFE602EB2F3092AA523BFFE602E6B6
:20832000273192AB523BFFE602E192A6521E690D530456C102DB530656C102D8530956C12D
:2083300002D5530B56C102D2521C690E5302ED0492A556C002CB92A6521D69065302ED046C
:2083400092A556C102C3761F02EF7F2497257E2679277C2857293F2A6F5C92A1FFC7523B03
:20835000FFE602B4761F02EF5CA9963092A190FF523BFFE602AB9631802B5DA992A79003FC
:2083600058A992A75263FFE602A15216FFE8029E932C530CFFE6029A530056C10297882D40
:2083700092A6521FFFE60292520056C1028F2F2E92AA5206FFE6028A272F92AB5217FFE68E
:20838000028592A6521E690D530456C1027F530656C1027C530956C10279530B56C1027680
:20839000521C690E5302ED0492A056C0026F92A6521D69065302ED0492A056C10267761F46
:2083A00002EF7F2497257E2657273F287C297D2A9A059B09FFEF021492A1FFC7521FFFE602
:2083B000025593A1CDA8FF0056C10250761F02EF962D92A190FF5217FFE60248962FFFEFEF
:2083C000024A92A1FFC75263FFE602405216FFE8023D761F02EF962B92A190FF520CFFE6A2
:2083D0000235520056C10232962CFFEF023492A1525AFFE6022B9B0500FE3ED2520056C0CC
:2083E0000225767DD8D1520056C10220767DD8D1520156C1021B767DD8E954A156C1021B2F
:2083F00092A1767DDB16767DD8D959A9767DD8E993A155A96705767DD8E9767DDAFA767DF0
:20840000D8D99B0595A959A8767DD8E154A1FFE70195767DD8E19C055264660A767DD8D998
:2084100093A99A0594A8767DDB08FFEF01879A646FFB92A15201FFE601E9767DD86593A1C8
:2084200055A956C101E892A1767DDA28FFEF013D92A15201FFE601DA767DD87D93A155A92A
:2084300056C101D992A1767DDA52FFEF012E92A15201FFE601CB767DD85D93A155A956C124
:2084400001CA92A1767DDA1AFFEF011F92A15201FFE601BC767DD86193A155A956C101BBD0
:2084500092A1767DDA21FFEF011092A15201FFE601AD767DD88D93A155A956C101AC92A152
:20846000767DDA6EFFEF010192A15201FFE6019E767DD8CD93A155A956C1019D92A1767D22
:20847000DAE5FFEF00F292A15278FFE6018F2DA1350A59A9767DD92593A155A956C1018B06
:2084800092A1767DDB7FFFEF00E092A15278FFE6017D2DA1350A59A9767DD91593A155A90C
:2084900056C1017992A1767DDB63FFEF00CE92A15203FFE6016B767DD8D193A155A956C15D
:2084A000016A761F02C392A156BF011A767DDAECFFEF00BB92A15203FFE60158767DD8C9D8
:2084B00093A155A956C1015792A1767DDADEFFEF00AC92A15201FFE60149767DD92193A1BD
:2084C00055A956C10148761F02C392A156BF011A767DDB78FFEF009992A15202FFE6013611
:2084D000767DD87193A155A956C10135761F02C392A156BF011A767DDA3DFFEF008692A163
:2084E0005201FFE601235200ED11767DD86D1BA91388EC0C761F02C328A9138856BF011A4B
:2084F000767DDA3628A94E206F1592A1520156C00112767DD86D1BA9177056C1010C761FBB
:2085000002C328A9177056BF011A767DDA3628A9411B767E23F86F581BA10898EC081BA1FC
:2085100008FCEC051BA1096056C000F0767DD86993A155A956C100EF761F02C392A156BF1D
:20852000011A767DDA2F6F4092A152F0FFE800DE1BA1012CFFE600DA767DD8D1520056C18E
:2085300000D5767DD8D1520156C100D0767DD8F593A155A956C100CF761F02C392A156BF06
:20854000011A767DDB2B6F2092A152F0FFE800BE1BA1012CFFE600BA767DD8D1520056C1D1
:2085500000B5767DD8D1520156C100B0767DD91993A155A956C100AF761F02C392A156BF21
:20856000011A767DDB6A9A059B016F5992A152D2FFE8009C1BA1010EFFE60098767DD8D1E7
:20857000520056C10093767DD8D1520156C1008E767DD8E554A156C1008E92A1767DDB0F01
:20858000767DD8D559A9767DD8E593A155A96705767DD8E5767DDAF3767DD8D59B1495A9EE
:2085900059A8767DD8DD54A16708767DD8D593A99A1494A8767DDB01761F02C356BF011A9F
:2085A0006FC31BA1060C68611BA109F4665E767DD89954A1EC5F92A1767DDA836F0E1BA115
:2085B000060C68531BA109F46650767DD89D54A1EC5192A1767DDA8A9A059B04767E3D09D3
:2085C0006F491BA1060C68411BA109F4663E767DD8A954A1EC3F92A1767DDA9F6FEE1BA1C3
:2085D000270F663392A1767DD9F06FE792A1520A682C5214662A767DD9E96FDF1BA1060C8D
:2085E00068241BA109F46621767DD8A554A1EC2292A1767DDA986FD11BA1270F661692A1C3
:2085F000767DD9F76F171BA1270F660F92A1767DD9FE6F101BA1270F660892A1767DDA05DA
:208600006F091BA1270F6903D2126F0492A1767DDA0C92A286BE8BBE0006B2BDAABD08A9D3
:208610005E0059A8D2005213FFE60121560301A976FF343888A906A70DA61EA724A9DF01C6
:2086200024A81EA7762092A19CFF1BA90BB8FFE7010D92A1761F02BB541356C10108791332
:20863000FFEF010592A19CFF1BA90BB8FFE700FE92A1761F02BB541256C100F97912FFEF89
:2086400000F692A19CFF1BA907D0FFE700EF92A1761F02B0540256C100EA7902FFEF00E7C5
:2086500092A19CFF1BA907D0FFE700E092A1761F02B0540556C100DB7905FFEF00D892A19F
:208660009CFF1BA907D0FFE700D192A1761F02B0540756C100CC7907FFEF00C992A19CFF50
:208670001BA90BB8FFE700C2767E2CCB54A156C100BE761F02B0790AFFEF00B992A19CFFC7
:208680001BA91388FFE700B2767E2CCF54A156C100AE92A1767E2D46761F02B0790FFFEFE3
:2086900000A692A19CFF1BA903E8FFE7009F92A1761F02E6541456C1009A7914FFEF009747
:2086A00092A19CFF1BA91388FFE7009092A1761F02E6541356C1008B7913FFEF008892A129
:2086B0009CFF1BA903E8FFE7008192A1761F02E65415EC7C79156F7A92A19CFF1BA91388D4
:2086C000677492A1761F02E65417EC7079176F6E92A19CFF1BA903E8676892A1761F02E6DF
:2086D0005416EC6479166F6292A19CFF1BA91388675C92A1761F02E65418EC5879186F56CA
:2086E00092A19CFF1BA91388675092A1761F02E65403EC4C79036F4A92A19CFF1BA903E8A5
:2086F000674492A1761F02B95405EC4079056F3E92A19CFF1BA91388673892A1761F02B93D
:208700005404EC3479046F3292A19CFF1BA903E8672C92A1761F02B9540BEC28790B6F26A4
:2087100092A19CFF1BA91388672092A1761F02B95409EC1C79096F1A92A19CFF1BA903E825
:20872000671492A1761F02B95400EC1079006F0E92A19CFF1BA91388670892A1761F02B9D6
:208730005402EC0479026F02D21292A286BE8BBE000688A808A9A000D40093A9530D666E87
:20874000560301A876FF346027A906A70DAB1EA724ABDF0124AAA9A7762093A65301664975
:20875000761F02C97E2F6F5A93A6530F6642761F02C97E2D6F531BA603E8663B761F02C976
:208760007E2B6F4C93A653D268341BA6010E6631761F02C97E286F4293A653F0682A1BA6AE
:20877000012C6627761F02C97E276F3893A653F068201BA6012C661D761F02C97E266F2E6D
:2087800093A653016616761F02C97E256F2793A65301660F761F02C97E246F2093A6530117
:208790006608761F02C97E236F1993A653016903D4126F14761F02C97E226F10761F02C991
:2087A0007E2E6F0C761F02C97E2C6F08761F02C97E2A6F04761F02C97E2992A40006B2BDE4
:2087B000AABDA2BDFE0408A9CF00D300520497436212520456C10616520056C1063052016F
:2087C00056C10626520256C1061C520356C10612FFEF062F520556C105FD93A99DFA530389
:2087D000FFE9062693A99DF65336FFE606229CF676FF33CAFF8088A906A70DA61EA724A96A
:2087E000DF0124A81EA77620924359431BA9FFF8FFE4060C5208FFE20609767DD8B193A94F
:2087F00092A194A8767DDAAD767DD8B11BA909F4620A767DD8B11BA9060CFFE3055628A977
:20880000060C6F4B28A909DC6F48767DD83D5200ED089243761F02D8964459129E126F0721
:208810009243761F02E89644591B9E1B5AA9767DD8B11BA9080056C005D992A23B0185A910
:20882000FF56521EFFE205D292445232FFE405CE85A11E42924388A906A6FF3A1EA692A143
:20883000FFA059A906A681A100FE3DF159A91BA1060CFFE405BB1BA109F4FFE205B76F0D48
:208840009243520156C005B2767DD8B11BA9080056C105AF28A90800767DDAADFFEF0505C5
:20885000924359431BA9FFF8FFE405A05208FFE2059D767DD8AD93A992A194A8767DDAA6E1
:20886000767DD8AD1BA909F4620A767DD8AD1BA9060CFFE304EA28A9060C6F4D28A909DCE0
:208870006F4A767DD83D5200ED07761F02D89243591B9E1B6F06761F02E89243591A9E1A7C
:208880005A439644767DD8AD1BA9080056C0056E3B018544FF5652C8FFE205681BA207D03E
:20889000FFE405641BA20A28FFE2056085A11E42924388A906A6FF3A1EA692A1FFA059A93E
:2088A00006A681A100FE3DF159A91BA1060CFFE4054D1BA109F4FFE205496F0D924352012D
:2088B00056C00544767DD8AD1BA9080056C1054128A90800767DDAA6FFEF049792431BA93A
:2088C0000100FFE60533FFC0761F02EC9C019623FFEF052F9243EC091BA90226FFE90526F7
:2088D0001BA91194FFE70522761F02DE961EFFEF052092431BA90FA0FFE60518761F02EC09
:2088E000960DFFEF051692431BA91770FFE7050E761F02EC960EFFEF050C924359431BA958
:2088F000FFF8FFE405035208FFE20500767DD8C593A992A194A8767DDAD7767DD8C51BA913
:2089000009F4620A767DD8C51BA9060CFFE3044D28A9060C6F4728A909DC6F449243761FE9
:2089100002EA5A439E3D59A9767DD8C51BA9080056C004DC1BA1FF6AFFE404D892A1529690
:20892000FFE204D41BA207D0FFE404D01BA21388FFE204CC761F02EA883D3B0185A61E421D
:20893000924380A906A7FF3A1EA792A6FFA088A906A781A600FE3DF11BA9060CFFE404B603
:208940001BA909F4FFE204B26F0D9243520156C004AD767DD8C51BA9080056C104AA28A962
:208950000800767DDAD7FFEF0400924359431BA9FFF8FFE4049B5208FFE20498767DD8BD5C
:2089600093A992A194A8767DDAC2767DD8BD1BA909F4620A767DD8BD1BA9060CFFE303E5E0
:2089700028A9060C6F4728A909DC6F449243761F02D75A439E3359A9767DD8BD1BA90800DE
:2089800056C004741BA1FF6AFFE4047092A15296FFE2046C1BA207D0FFE404681BA2138826
:20899000FFE20464761F02D788333B0185A61E42924380A906A7FF3A1EA792A6FFA088A9DD
:2089A00006A781A600FE3DF11BA9060CFFE4044E1BA909F4FFE2044A6F0D9243520156C002
:2089B0000445767DD8BD1BA9080056C1044228A90800767DDAC2FFEF0398924359431BA987
:2089C000FFF8FFE404335208FFE20430767DD8B993A992A194A8767DDABB767DD8B91BA918
:2089D00009F4620A767DD8B91BA9060CFFE3037D28A9060C6F4328A909DC6F409243761FFE
:2089E00002DF5A439E0659A9767DD8B91BA9080056C0040C1BA1FED4FFE404081BA1012C77
:2089F000FFE204041BA201F4FFE40400761F02DF88063B0185A61E42924380A906A7FF3A36
:208A00001EA792A6FFA088A906A781A600FE3DF11BA9060CFFE403EA1BA909F4FFE203E658
:208A10006F0D9243520156C003E1767DD8B91BA9080056C103DE28A90800767DDABBFFEF11
:208A20000334924359431BA9FFF8FFE403CF5208FFE203CC767DD8B593A992A194A8767DF6
:208A3000DAB4767DD8B51BA909F4620A767DD8B51BA9060CFFE3031928A9060C6F4728A92D
:208A400009DC6F449243761F02DF5A439E0A59A9767DD8B51BA9080056C003A81BA1FF6ABA
:208A5000FFE403A492A15296FFE203A01BA207D0FFE4039C1BA21388FFE20398761F02DF7D
:208A6000880A3B0185A61E42924380A906A7FF3A1EA792A6FFA088A906A781A600FE3DF1EC
:208A70001BA9060CFFE403821BA909F4FFE2037E6F0D9243520156C00379767DD8B51BA90B
:208A8000080056C1037628A90800767DDAB4FFEF02CC924359431BA9FFF8FFE40367520855
:208A9000FFE20364767DD89993A992A194A8767DDA83767DD8991BA909F4620A767DD8992A
:208AA0001BA9060CFFE302B128A9060C6F4328A909DC6F409243761F02E85A439E2459A99C
:208AB000767DD8991BA9080056C003401BA1FFE2FFE4033C92A1521EFFE2033892A25232E7
:208AC000FFE40334761F02E888243B0185A61E42924380A906A7FF3A1EA792A6FFA088A9D9
:208AD00006A781A600FE3DF11BA9060CFFE4031E1BA909F4FFE2031A6F0D9243520156C033
:208AE0000315767DD8991BA9080056C1031228A90800767DDA83FFEF0268924359431BA94C
:208AF000FFF8FFE403035208FFE20300767DD89D93A992A194A8767DDA8A767DD89D1BA9B2
:208B000009F4620A767DD89D1BA9060CFFE3024D28A9060C6F4328A909DC6F409243761F19
:208B100002E85A439E2F59A9767DD89D1BA9080056C002DC1BA1FFE2FFE402D892A1521ECA
:208B2000FFE202D492A25232FFE402D0761F02E8882F3B0185A61E42924380A906A7FF3A30
:208B30001EA792A6FFA088A906A781A600FE3DF11BA9060CFFE402BA1BA909F4FFE202B689
:208B40006F0D9243520156C002B1767DD89D1BA9080056C102AE28A90800767DDA8AFFEF8F
:208B50000204924359431BA9FFF8FFE4029F5208FFE2029C767DD8A993A992A194A8767D64
:208B6000DA9F767DD8A91BA909F4620A767DD8A91BA9060CFFE301E928A9060C6F4328A95F
:208B700009DC6F409243761F02C15A439E2D59A9767DD8A91BA9080056C002781BA1FFE24D
:208B8000FFE4027492A1521EFFE2027092A25232FFE4026C761F02C1882D3B0185A61E42A9
:208B9000924380A906A7FF3A1EA792A6FFA088A906A781A600FE3DF11BA9060CFFE4025603
:208BA0001BA909F4FFE202526F0D9243520156C0024D767DD8A91BA9080056C1024A28A942
:208BB0000800767DDA9FFFEF01A0924359431BA9FFF8FFE4023B5208FFE20238767DD8A175
:208BC00093A992A194A8767DDA91767DD8A11BA909F4620A767DD8A11BA9060CFFE3018549
:208BD00028A9060C6F4928A909DC6F469243761F02D99E0059A9767DD8A11BA9080056C04C
:208BE00002151BA1FF38FFE4021192A152C8FFE2020D9243761F02D8541CFFE80207761FFF
:208BF00002D8541DFFE60202761F02D988003B0185A61E42924380A906A7FF3A1EA792A691
:208C0000FFA088A906A781A600FE3DF11BA9060CFFE401EC1BA909F4FFE201E86F0D924302
:208C1000520156C001E3767DD8A11BA9080056C101E028A90800767DDA91FFEF0136924396
:208C200059431BA9FFF8FFE401D15208FFE201CE767DD8A593A992A194A8767DDA98767DAB
:208C3000D8A51BA909F4620A767DD8A51BA9060CFFE3011B28A9060C6F4B28A909DC6F482C
:208C4000767DD8699E435AA9767DD869761F02C19E3059A9767DD8A51BA9080056C001A6A7
:208C50001BA2FF38FFE401A292A252C8FFE2019E1BA1FF38FFE4019A92A152C8FFE2019686
:208C6000761F02C188303B0185A61E42924380A906A7FF3A1EA792A6FFA088A906A781A698
:208C700000FE3DF11BA9060CFFE401801BA909F4FFE2017C6F0D9243520156C00177767D3A
:208C8000D8A51BA9080056C1017428A90800767DDA98FFEF00CA924352C8FFE60167761F38
:208C900002EE9624FFEF0165924352D2FFE8015E1BA9012CFFE6015A761F02EC960CFFEF43
:208CA00001589243520156C00151761F02C356BF011A767DDBAC767DDB91FFEF010592439F
:208CB0005201FFE60143761F02EB5200962C56C101409A009B05FFEF009A924359431BA943
:208CC000FFF8FFE401335208FFE201300200767DDAC9767DD8C193A992A194A8767DDAD0AE
:208CD000767DD8C11BA909F46209767DD8C11BA9060C637A28A9060C6F0328A909F4767D77
:208CE000DAD06F7292439CFF1BA91770FFE7010E761F02B9920AFFE50109920856C00106A8
:208CF000767DD8C11BA9080056C00100767DD929FF5856C000FB9243761F02B99608761F40
:208D000002D25C023B01761F02B992A49E077C0185A9FF5627A95264FFE400E892439E0AEC
:208D1000884385A9FF5680A95264FFE400DF92A49EA685A9FF561BA901C2FFE200D792ABDB
:208D200085A91E4256030BA700FE3DF13B0159A92DA156030BA633A403AB86A91BA109F4EB
:208D3000FFE300C41BA1060CFFE500C08F0E1000A8A90FA2FFE500BAFF2CFF1F0FA2FFE3E2
:208D400000B5767DD8C193A155A9ED08767DD9291EA6AAA90FA656C100AC92A1767DDAD057
:208D5000AAA9767DDAC99A059B04767E3D09FFEF00A092439CFF1BA91770FFE70097767DE9
:208D6000D8C11BA9080056C00091767DD929FF5856C0008C9243761F02B9960A3B01761F63
:208D700002D29202761F02B996079E4385A9FF561BA901C2627A6F7C92435201ED76767D5E
:208D8000D8C11BA90800ED05767DD929FF58EC0C28A90800767DDAD00200767DDAC99A058B
:208D90009B04767E3D09761F02B92B072B0A2B012B086F5E924352016658761F02EC9629DF
:208DA0006F5792435201ED51761F02C356BF011A767DDBB5767DDBAC767DDB919A059B0463
:208DB000767E3D099A059B01767E3D099A059B0D6F9D924352016639761F02EB9634761FF9
:208DC00002EB92125204EC34761F02EB2B346F309243520A682A52146628767DD9E96F84AD
:208DD00092431BA9270F6621767DD9F0FFEFFF7D92431BA9270F6619767DD9F76F19924399
:208DE0001BA9270F6612767DD9FE6F1292431BA9270F660B767DDA056F0B92431BA9270F5B
:208DF0006604767DDA0C6F04D3126F02D30292A3FE8482BE86BE8BBE000627A980AB92A8C3
:208E000008A7DF0094AB08A9DF0054A7692088A83B01DE8192A7521F64059B1F8F40AF401B
:208E10006F049B008F40AE909EA856B400A985A9560100A592C5FFC796C492C590FF96CC45
:208E200092A7DC029C0180A9000EFFE69A00000688A928A95E0094A627A992A894A608A933
:208E30005E0054AB691988A876C0AEC03B01DE8192AB83A756B400A985A9560100A592C539
:208E4000FFC796C492C590FF96CC92ABDC029C0127A9000EFFEF9A000006C5A42FC52BAB53
:208E5000BE07D4009B012DA4FF67CFAAEC0828AC000792A49B0174ACFF6799ABDC01000EC7
:208E6000FFF33FC70006FE025CAD58A85DAD9641DC81DD81767D8E4DBE0756030841F2A088
:208E70004FA0EE0492A0FF806F05560301A01CA9800558A9000EFFF6FE820006C5A42FC5B1
:208E80002BABBE0FD4009B012DA4FF67CFAAEC0828AC000F92A49B0174ACFF6799ABDC01BF
:208E9000000EFFF33FC70006B2BDAABDFE02520059A986A42841FFFFEC0992829341767D2B
:208EA0008E63D981964192A1EDF95CAD5DADDC81DD81767D8E7E560308419341FFD7CBA9EA
:208EB00092A8FE8286BE8BBE0006B2BDAABDA2BD88A82DA99BB459A98DC0A14037A8A2A971
:208EC00007AB86A992C496C29A8094CC96CAA2A97ED207AB8AA982A99A03767D8E9493A990
:208ED000FFD790FF8AA397DA9B0596E292A1767E373A9A0182BE86BE8BBE0006B2BDAABD8B
:208EE000A2BDFE06A044A8469641560308D494DC59A992CC5206EC088246560308E394EB8A
:208EF000DB07ED056F1982469A01DB049CFF5AA9560308C3C54494CB93A992A13E6793A94A
:208F0000EC0792418A46767D8EB59A006F2CD901DB02000AFFEF9AB42D418D80A1408A4627
:208F100037A9AAA907AB8BA992C496C192CC96C992D496D192DC96D992E496E192EC96E92A
:208F2000AAA907AB86A98AA99A06767D8E9493A9FFD790FF8AA297F19B0896F99241767EC7
:208F3000373A9A01FE8682BE86BE8BBE0006B2BDAABDA2BDFE0258A85AA959A082A4D9820C
:208F4000D8815603089B9493964192A1767D8E945441EC0492A29B116F56560308D394DBA9
:208F500088A992CB5206EC09560308E394EB5252690592A29B036F479A011BA621006841A3
:208F60001BA6216B68371BA63100680B1BA63141670894A61BA9314166348F7D87AF6F241F
:208F70001BA62800682E1BA6280168161BA6600068281BA6600F672594A61BA9600F662199
:208F80008F7D873992A28AA3767D8EDE9A059B0C767E3D096F0D28A8280095A91BA8280127
:208F900066108F7D800092A28AA3767D8EDE9A016F0E94A61BA9216B66048F7D800D6FF4F7
:208FA00092A29B128AA3767D8EB59A00FE8282BE86BE8BBE0006520888A9680D93CC5310BE
:208FB000EC039A086F06560308E494ECFF809C0954A669039A0000069A010006761F02B9BB
:208FC0009202761F02BB9600761F02B99200761F02BB9601761F02B99209761F02BB960275
:208FD000761F02B9920B761F02BB9603761F02B99204761F02BB9604761F02B99205761F5B
:208FE00002BB9605761F02E69203761F02BB9606761F02E69218761F02BB9607761F02E686
:208FF0009216761F02BB9608761F02E69217761F02BB9609761F02E69215761F02BB960A9C
:20900000761F02E69213761F02BB960B761F02E69214761F02BB960C767E2CCF761F02BBE3
:20901000960D761F02B0920A761F02BB960E761F02B09207761F02BB960F761F02B092050F
:20902000761F02BB9610761F02B09202761F02BB961100068F00B25D761F02B9CCD40002CE
:20903000FFC09628761F02C99BC8CC1F0004761F02B9FFC19629761F02C9CC1F0008761F3A
:2090400002B9FFC2962A761F02C9CC1F0010761F02B9FFC3962B92C490FF95A9972C9BC85D
:2090500092C4FFC795A9972D9BC892CC90FF95A9972E761F02C99220761F02B9962F761FD3
:2090600002C99221761F02B99630761F02C9921EFFC7761F02B92DA9350A96312B32761F68
:2090700002C9CC1F01E0761F02B9FFC49633761F02C9921F761F02B9FFCA9634761F02C919
:20908000921F9001761F02B996350006761F02B92B192B1A2B1B2B1C2B1D2B1E2B1F2B20E1
:209090002B212B222B232B242B252B262B270006FE02767DD8B5761F02BA9610767DD8B996
:2090A000761F02BA9611767DD8BD761F02BA9612767DD8A1761F02BA9613767DD8C5761FAC
:2090B00002BA9614767DD855761F02BA9615767DD851761F02BA9616767DD84D761F02BA9C
:2090C0009617767DD849761F02BA9618767DD845761F02BA9621767DD841761F02BA9620A5
:2090D000767DD8C1761F02BA9619767DD9298F002710A84200FE3E00761F02BA961A767D1F
:2090E000D8A5761F02BA961D767DD9298F002710A84200FE3DF1761F02BA961E767DD8A9A5
:2090F000761F02BA9623767DD89D761F02BA9624767DD899761F02BA9625767DD899761F7A
:2091000002BA962556BF6429761F02C99230ED11767DD8E5761F02BD9600767DD919761F02
:2091100002BD9603767DD8F5761F02BD96046F1C761F02C9921E9BC890FF761F02BD95A91A
:209120009700761F02C99BC8921D90FF761F02BD95A99703761F02C99BC8921DFFC7761F9E
:2091300002BD95A99704767DD869761F02BD9609767DD86D761F02BD1BA9138856B0010A64
:20914000ED022B0A767DD871761F02BD960B767DD921761F02BD960C767DD8C9761F02BDEF
:20915000960D767DD8D1761F02BD960E767DD915BE0A761F02BD0EA9F60F1FA6960F767DB2
:20916000D915BE0A761F02BD0EA9F60F1FA69610767DD9259B0A00FE3E44761F02BD9611AD
:20917000767DD8CD761F02BD9612767DD88D761F02BD9613767DD861761F02BD9614767DD9
:20918000D85D761F02BD9615767DD87D761F02BD9616767DD865761F02BD9618767DD8E96D
:20919000761F02BD9619761F02EF560308329433761F02BD961A761F02EF560308349436F3
:2091A000761F02BD961B761F02EF560308379438761F02BD961C761F02EF9235761F02BD19
:2091B000961D761F02EF56030839943A761F02BD961E761F02EF5603083B943D761F02BDAF
:2091C000961F767DD8D9761F02BD9620767DD8E1761F02BD9621767DD891761F02BD96220D
:2091D000767DD889761F02BD9623767DD90D761F02BD962B767DD8F9761F02BD962C767D63
:2091E000D901761F02BD962D767DD8FD761F02BD962E767DD909761F02BD962F767DD911D3
:2091F000761F02BD9630767DD8D5761F02BD9637767DD859761F02BD9638767DD91D761FC0
:2092000002BD9639767DD8DD761F02BD963A767DD879761F02BD963D767DD82D761F02BD3D
:209210009624767DD831761F02BD9625767DD895761F02BD9626767DD835761F02BD9627F8
:20922000767DD839761F02BD9628767DD8AD761F02BE9601767DD8B1761F02BE9602767D58
:20923000D83D761F02BE9603767DD881761F02BE9604767DD885761F02BE9605767DD87560
:20924000761F02BE9606FE820006FE02761F02808F00AFC09209761F02EB96C4D094921203
:20925000761F02EE96CC9222761F02C396D4921B9007761F02EC96940636761F02B996E4A8
:2092600097ECC412761F02EB06A697F47EFC92125204EC075200EC0B761F02B992036F04D4
:20927000761F02EB9215761F02BF9603761F02D29202761F02BF9608761F02EB9217EC05B9
:20928000761F02EA2D386F022BAC9B0A92AC00FE3E44761F02BF8F0003E89609761F02D265
:20929000A842120200FE3DF1BE64761F02BF960A761F02EE922A761F02BF960B761F02C1EC
:2092A0009230761F02BF960C761F02C1922D761F02BF960D761F02C1921F761F02BF960EE1
:2092B000761F02C19236761F02BF960F761F02C102002D2D761F02C13730761F02BFF61FA5
:2092C000561700A63F10761F02E8922A761F02BF9611761F02E8922F761F02BF9612761F21
:2092D00002E89208761F02BF96132B14761F02E99204761F02BF9615761F02E99200761FFE
:2092E00002BF9616761F02D99200761F02BF96172B18761F02D9920B761F02BF96192B1A62
:2092F0002B1B2B1C2B1D761F02E8063A761F02E90704761F02BF1EA788A77F1E761F02E8D9
:20930000063C761F02E90700FF5A06A70FAB6405761F02BF7E1F6F04761F02BF3F1F761FAC
:2093100002E8920F9B0A761F02BF9620761F02EE921D00FE3E44761F02BF9B0A9621761F06
:2093200002EE921E00FE3E44761F02BF96229B0A761F02EE9220761F02BF9623761F02EE8F
:20933000921F00FE3E44761F02BF962B761F02D792339B0A761F02BF96242B2556BF012760
:20934000761F02DF920A761F02BF9626761F02D29202761F02BF9628761F02DF920600FECC
:209350003ECD28AC0030761F02BF9629761F02DF9201761F02BF962A761F02EE9222761FEC
:2093600002BF962C2B2D761F02E89224761F02BF962E761F02EA923D761F02BF962F761FC3
:2093700002EFA31C061E761F02BF565B28AC00203F39761F02EF061EA31C761F02BF565B26
:209380003F3A761F02EF061E28AC0030A31C761F02BF569F3F3B761F02EF921C761F02BF98
:20939000963C2B3D2B3E2B3F761F02C02B002B012B022B032B042B052B062B072B08761F1D
:2093A00002EFA318061A761F02C0565B28AC00203F09761F02EF061AA318761F02C0565B34
:2093B0003F0A761F02EF061AA318761F02C0569F3F0B761F02EF9218761F02C0960C2B0DFC
:2093C0002B0E2B0F2B102B112B122B132B142B152B162B172B18761F02D8921B761F02C070
:2093D0009625761F02D89212761F02C09626761F02D81B1B02586705761F02C02B276F0712
:2093E000761F02D8920F761F02C09627761F02D99218761F02C09628761F02E8921A761F5A
:2093F00002C09629761F02E8921B761F02C0962A761F02E89218761F02C0962B761F02E8D9
:20940000923A761F02C0962C767DD83D761F02C028AC0030962D761F02EFA3140616761F53
:2094100002C0565B28AC00203F32761F02EF0616A314761F02C0565B3F33761F02EF0616EF
:20942000A31428AC0030761F02C0569F3F34761F02EF9214761F02C096352B362B372B383E
:209430002B392B3A2B3B2B3C2B3D2B3E2B3F761F02C12B002B01761F02EFA3200622761F96
:2094400002C1565B28AC00203F02761F02EF0622A320761F02C1565B3F03761F02EF0622F9
:20945000A320761F02C1569F3F04761F02EF9220761F02C196052B062B072B082B092B0A7F
:209460002B0B2B0C2B0D2B0E2B0F2B102B11761F02EC0632761F02C0971D761F02EC923250
:20947000761F02C0961E761F02EC0634761F02C0971F761F02EC9234761F02C09620761F1C
:2094800002EC0630761F02C0972E761F02EC9230761F02C0962F761F02EC062E761F02C01D
:209490009730761F02EC922E761F02C09631761F02EC920F761F02C09621761F02EC92103D
:2094A000761F02C09622FE820006B2BD761F02BA56BF500028010206280203E8767DD87968
:2094B000761F02BA560308A99C019603767DD8558D40AE8096E1767DD85196E9767DD84DC6
:2094C00096F1767DD84996F9767DD845D0089691767DD841761F02BA96092B0A280B0135B9
:2094D0002B0C2B0D280E03F2280F03E88BBE0006B2BDAABDA2BDFE0888A886A496425603AB
:2094E00008D294DA9641560308E294EA964302001E4892A65206620C5206EC415200EC6B1F
:2094F0005201EC615202EC495203EC3F6F095207EC305208EC26520BEC1E521EEC049A00F9
:20950000FFEF00B4767D8FBE8D40A1409AB42D4237A9B2A9A94607AB82A98AA92F4192AA18
:209510009343DC03767D8E2828A95E0094AA88A9B6016F5488418F00B30008A6BE006F439C
:20952000767D902A88418F00AE6808A6A0006F3B88418F00B3C008A68F006F3588418F0014
:20953000B34008A69F006F2F767D908688418F00AE5908A6BF006F27767D90988D40A14009
:209540009AB42D4237A9B2A9A94607AB82A98AA92F4192AA9343DC03767D8DFD08AADF00A5
:2095500088AA6FC7767D924588418F00AFC008A6EF006F09767D94A528A908008F00AE802B
:20956000944188A99AB42D428D40A14037A9A848B600A946B2A907AB82A9B2A9A34607ABD7
:209570008AA992C296C492CA96CC9243560301A9964190FF96D492A75201EC1506488AA38C
:209580000DA6DC031E489243EC0E9CFF88A9834892C5FFC796C48348C685A04896CCDC02B8
:20959000000EFFF79A038AA394415AA9767D8E94C54688A98AA128AB000406A70DA256010F
:2095A00000A493A6FFD797C492418AA372AB06A70DAB560100A1CCA600FF9B0596C19242E7
:2095B0009541767E373A9A01FE8882BE86BE8BBE0006B2BDAABDA2BDFE0258A85AA959A03B
:2095C00082A4D982D8815603089B9493964192A1767D8E945441EC0492A29B116F7E5603C4
:2095D00008D394DB88A9560308E394EB5252690492A29B036F721BA61100682E1BA61195AA
:2095E000685F1BA6210068281BA6216B68521BA6410068221BA6410F68451BA64200681C5A
:2095F0001BA6423668381BA6600068161BA6600F682B1BA6610068101BA6616E681E1BA6AF
:209600007100680A1BA6716E68111BA6F80068041BA6F810680492A29B026F3F94A61BA977
:20961000F810663992A29B006F3194A61BA9716E663292A29B076F2A94A61BA9616E662BE2
:2096200092A29B066F2394A61BA9600F662492A29B086F1C94A61BA94236661D92A29B0B97
:209630006F1594A61BA9410F661692A29B036F0E94A61BA9216B660F92A29B026F0794A6FD
:209640001BA91195660892A29B018AA3767D94D89A016F0792A29B128AA3767D8EB59A00E7
:20965000FE8282BE86BE8BBE0006B2BDAABD530888A95AA8682093CC5303EC165306EC10AF
:20966000531056B008A1ED14560308E494ECFF809C0959A992A693A1767D8F376F099B08AC
:20967000767D8F376F049B08767D95B9D10892A154A269039A006F029A0186BE8BBE000623
:20968000761F02B92B072B0A2B012B082B0C00068F00AE54BE042B84000EFFFF761F02B919
:209690002B0F0006B2BDAABD5AA859A9767DD88D5200ED04767D96886F4E8F40AE54BE04A4
:2096A0008AA592A154C4EC47DC01000EFFFC761F02B9580F0A0F7995920F520568022B0F9D
:2096B0008F00B30092C49C01960D528068022B0D920D96C492CC520A68022BCC2DCC350507
:2096C000D002211088A9761F02EF21CC72A07994D00372A05603083294339694D00492A64F
:2096D00072A05603083494369694D00592A672A0560308379438761F02B99694D00692A6D4
:2096E00072A07A940ACC0A0E56BF0106920E520A56B60A0E86BE8BBE0006B2BDAABDA2BD58
:2096F000761F02C3D000B6002BAA2BAB921DD200D30052026311761F02EBD1019212520564
:20970000ED05761F01BF4B01EE055203EC035202ED14D1006F125202D101ED0F761F02EB34
:20971000CC12FFFBEC09761F02EB921856B003A756B102A76F02B6018F40B119D40192C5F3
:20972000520156C0008392A3ED025BA492A15201ED7C9A122DA47680B180761F02C236A94F
:20973000560100A693F69702761F02C3921D52026338CCA8000F761F02EB5412ED0E93FE0B
:20974000761F02C29705761F02C34A00EE1E4AA8EF1C93A0EC186F195203EC215205EC0EF5
:209750005202EC0C93125304ED105200EC0E93A25305EC0B5302ED056F0893A25305EC05A8
:209760005303EC035AA958A493AAED3F5203EC055205EC035202ED392FA46F3758A46F3B17
:209770002DFE761F02C22105CCC63800FFCA5202ED2CCCA8000F5204EC1ECCA8000FEC1BC2
:209780004AACEE0D92A75202680892AB5202671D2FA428AB00026F19B6026F1692A75203CB
:20979000680892AB520367112FA428AB00036F0DB6036F0A92A7EC0792ABED072FA428ABE5
:2097A00000016F03B60158A4DC01DD0192A4520CFFE8FF7792A3EC0492AAED022FA392A083
:2097B000EC119A032DA08F00B140761F02C236A9560100A492C4963192CC963278309A01F9
:2097C0006F2392AAEC20761F02C25437ED0E9A032DAA8F00B14036A9560100A492C4542D2B
:2097D000ED0492CC5436EC0F9A032DAA8F00B140573736A9560100A492C4962D92CC963606
:2097E0009A026F029A0082BE86BE8BBE00062DA99A128F00B180D00A36A9560100A48894DD
:2097F000761F02C3D00C7E15CDA6200092949618CCA69003CA17CBA992A6FFC1971790FF9A
:20980000720D92A6FFC990035201EC04930B5301ED039A016F0F5202EC035302ED039A02D4
:209810006F095203EC04920B5203ED039A036F029A004E17960BEE084EA6EF061A1740009B
:20982000761F02C2210A00062DA8560302A9761F02C31AA9F000CDAC00032F44274518A99C
:209830009FFF80468847CBA9972D560301A57C2C9443560307A994AA18A97FFF962E3F2F77
:209840007F307E310006B2BDAABDA2BDFE0E761F02C32B062B0F2B1F761F02C202002B0AC4
:20985000D100D300761F02C32B472B482B491E4E2B132B0D2B0B2B099203ED059A00BE0076
:20986000FFEF00D59A008F00B18076C0B10C8D80B1182B46961B9617A84C92C2520156C082
:2098700000AC9A122D460A1337A9064C07AB83A988FD761F02C2D00B8F00B0CF7E0556033D
:2098800002A6CDA900072F9557099008CBC427A897C493A6FFD018A8C000CAA8CAAB93A389
:20989000CDA80FFF27A893A6FFD191035302EC0B5301ED0CCDA900035302EC0818A9FFFCB2
:2098A00050016F0418A9FFFE5002CDAA00035302EC0E5301ED12761F02C3931F91035302C3
:2098B000EC0C181FFFFC1A1F00016F07761F02C3181FFFFE1A1F000293A6761F02C3FFD88B
:2098C0009110CAA846A656BD010993A6FFD518A80100CAA84BA6EF032849000145A6562A6C
:2098D0000C0FEF05508056BF0106960F9246767D97E7761F02C2880547A6EF0D0A47D00996
:2098E0009295960CFFC72FA9064E0DAA1E4E4CA6EF02D90192C22D4618A3F000FF66CAAB81
:2098F000CCA90FFF27A99B0192A3CAAB5BA992C59618FFCA90072DA927A9FF6799484AA679
:20990000EF0F93F5CCA8000F5204EC0A910FEC0828AC000892AB72AC9A01FF66984892F5C0
:209910009602900F5206EC055205EC035203ED0456BF01C76F022BC70A46761F02C3DA0166
:20992000DF0192465403FFE8FF4A9217881B41A9EF0D761F02EE9322ED09761F02C3930B8E
:20993000EC05930B761F02EE9722761F02EECCA9F00318A6FFF8932680A99107761F02C3D4
:2099400099A67E1B761F02EE56030A2288A9761F02C318A60FFF92A6CAA788A90E0DF60FD4
:209950001F13560302A918A903FFCAA696179248901CEC18924841A9EF15761F02EB921269
:209960005204EC10761F02EB9A049B0556BF2E15767E3D09761F02EB9A2E9B015C15767DF9
:209970009692761F02C392481AA32000930FFFC79648521CEC085202EC065201EC0418A3B2
:20998000EFFF6F031AA31000924918A8FFDF90017B10FF84CBA9970F92A1ED039A006F41FB
:209990005447EC239247A34E9EA188A90200F61F561700A692AB526E661856BF01412B426A
:2099A00092219B005C20D50956BF0A4356BF01442B45767D98248F00B0EC767E11A8761FB7
:2099B00002C34C00EF1D6F18761F02EB56BF014156BF0A152B429B00D509761F02C356BF91
:2099C0000A4392215C202B442B45767D98248F00B0EC767E11A89A009B01767E3D099A019A
:2099D000FE8E82BE86BE8BBE0006B2BDAABDA2BDFE04761F02EB9212D100D20052032B4256
:2099E0002B43EC065205EC04520256C000B5761F02C39203EC775C038DC0B1808F40B118DA
:2099F0002B413B01DC8192C55201ED689A122D4137A9761F02C2A2A9D00907AB1EA627FE41
:209A00003F052DC6211892F69602589649AB780CEF3E761F02EB93125303ED16CDA9000F1E
:209A1000900F2FA85203ED12761F02C19B0A923000FE3ECD93A9CCA000FF9EA885A9FF5634
:209A2000520363046F0F900F2FA9761F02EB92125205EC035202ED1D92AA5205EC035202D5
:209A3000ED1893AB92ABFFD7FFC09101CAAB47A9EF0892ACFFCA90072DA99A01FF669843C4
:209A400047ABEE075300EC05D9016F03900F2FA992AA9341EC094AABEF0793AA5301EC03A8
:209A50005300ED02DA015203EC055205EC035202ED0547ABEF0328420001DD010A41000C83
:209A6000FF9492A2ED0792A1EC05761F02C20A006F04761F02C22B00761F02C3921D520250
:209A7000630492A1EC126F164C10EE0A761F02C292422B3E2B00EC1F9A049B096F1892A19D
:209A8000EC049243521CEC06761F02C22B3E2B006F12761F02C20A3E1B3E02BC660492007F
:209A9000521465092B3E2B009A049B08767E3D099A016F029A00FE8482BE86BE8BBE0006D8
:209AA000761F02EB92125203EC055205EC035202ED437680B1808F40B119D40192C5520131
:209AB000ED319A122DA4C5A6761F02C236A9560100A792F79602761F02EB93125303EC1DB3
:209AC0005305EC0D5302EC0B900F5205EC055202EC035203ED179A049B046F22900F5203A4
:209AD000ED11761F02C39304920491019002CAA8ED139A049B026F14900F5205EC0952025E
:209AE000EC07DC01DD0192A4520C68C96F05761F02C34204EF039A0000069A049B03767E1D
:209AF0003D099A010006B2BDAABD761F02C2CC18000ED100FFC0ED0F767DD8691BA908982A
:209B0000ED07761F02C2CC18000EFFC06F0428A908986F195201ED0B767DD8691BA908FC94
:209B1000ED10761F02C2CC18000EFFC05202ED0E767DD8691BA90960EC0928A909606F03DD
:209B200028A908FC767DDA2FD101761F02C24418EE12767DD86D1BA91388ED06761F02C2EA
:209B30004418EE096F1628A91388767DDA3628A94E206F0C767DD86D1BA91770EC0A28A9CA
:209B40001770767DDA3628A9411B767E23F8D101761F02C2CC1800E0FFC45AA9767DD8D1EE
:209B500054A2EC0592A2767DDAECD101761F02C2CC180300FFC75AA9767DD87154A2EC0523
:209B600092A2767DDA3DD101761F02C2CC180400FFC95AA9767DD92154A2EC0592A2767DCE
:209B7000DB78D101761F02C2CC184000FFCD5AA9767DD83D54A2EC0592A2767DD9E2D101C1
:209B8000761F02C29218FFCE5AA9767DD88554A2EC0592A2767DDA60D101761F02C2CC1B48
:209B900000FF5AA9767DD8F59BC89EA854A2EC069AC894A2767DDB2BD101761F02C2921BF9
:209BA000FFC75AA9767DD9199BC89EA854A2EC069AC894A2767DDB6AD101761F02C2CC1689
:209BB00000FF5AA9767DD8E59BC89EA854A2EC069AC894A2767DDB0FD101761F02C292160A
:209BC000FFC75AA9767DD8ED9BC89EA854A2EC069AC894A2767DDB1DD101761F02C2CC17E2
:209BD00000FF5AA9767DD8D59BC89EA854A2EC069AC894A2767DDAF3D101761F02C2921716
:209BE000FFC75AA9767DD8DD9BC89EA854A2EC069AC894A2767DDB01D101761F02C2CC1CE9
:209BF00000FF5AA9767DD8E954A2EC0592A2767DDB16D101761F02C2921CFFC75AA9767D0B
:209C0000D8F154A2EC0592A2767DDB24D101761F02C2CC1900FF5AA9767DD8D954A2EC05D1
:209C100092A2767DDAFAD101761F02C29219FFC75AA9767DD8E154A2EC0592A2767DDB08FD
:209C2000D101761F02C2CC1A00015AA9767DD90D54A2EC0592A2767DDB55D101761F02C2CD
:209C3000CC1A0002FFC05AA9767DD91154A2EC0592A2767DDB5CD101761F02C2CC1000FF42
:209C40005AA9767DD8F99BC89EA854A2EC069AC894A2767DDB32D101761F02C29210FFC781
:209C50005AA9767DD90954A2EC0592A2767DDB4ED101761F02C2CC0600FF5AA9767DD90119
:209C6000BE050EA9F60F1FA654A2EC062DA23505767DDB40D101767DD8FDBE05761F02C2EB
:209C70000EA9F60F1FA69306FFD755A9ED0592A15201EC086F0B9206FFC72DA93505767D9F
:209C8000DB399A059B01767E3D0986BE8BBE0006FE0683A402065CADDC86767E3E6692449C
:209C90004FA9EE0E93A9761F02C2FFD7917F2B39972393A9FFD6907F910197346F1293A9ED
:209CA000761F02C2FFDC910356BF0139972C93A9FFD8910F973A93A9FFD4901F910F972928
:209CB000962B9243761F02C396229242962392419624FE860006B2BDAABDA2BD76C0B140EC
:209CC0002BACD40B8DC0B1008D80B1188D40B10C2BC79A12D000BE0F2BCF37A92BD7A9A907
:209CD0008F40B1800DA0D801560100A52BC5000EFFF82B815DAC2B82DF03DD012B832DA55B
:209CE000000CFFE8761F02C22B3E761F02C32B1282BE86BE8BBE00067700761F02C22B0149
:209CF0002B042B22761F02C32B0C2B0A3B108F00B940761F02E42B00761F02E4A806761FDB
:209D000002E4A808761F02E42B032910FF69767D9CBB0006761F01A09204761F02C3721C5F
:209D1000761F01A29204761F02C3721E921E50019620CC1C07FF9621767D9CEC767E16BFDB
:209D20000006FE06761F02C356BF014192215C209B00D5042B4296437C442B45767D9824A0
:209D30008F00B0EC767E11A8FE8600067700761F02C2FF6956BF02012B042B2D2B362B3717
:209D4000767D9CBB9221761F02C59600761F02C39220761F02C596012B02761F02C456BF78
:209D50000118761F02C356BF01120006A2BD5BA8560302A91AA9F000761F02C3CDA300036C
:209D60002D4618A99FFF2F4727488049884ACBA99733560304A57C329445560304A994AC84
:209D7000560305A994AA1AA9800096343F357F367E3782BE0006761F02C39614000600064D
:209D8000B2BDAABDA2BDFE06761F02EB922456C0046E761F02C2410E56CC046F8D80FFFF82
:209D90008F00B0E6767E162C520056C10466761F02C3921DECF6761F02C28F00B0E62B25CC
:209DA000767D9C88761F02C29239520156C103749201ED4F9223ED0D2901761F02C325223E
:209DB0000D230F20761F02C256B60124FFEF00C0520156C000BD8F00B0E08F40B0E292CCF8
:209DC00054C5ED0493CD55C4EC31761F02C39324EC17761F02EB9A009B0156BF2C15767ECD
:209DD0003D09761F02EB9212520456C10087761F02EB9A2C9B015C15767D96926F7E5C203A
:209DE0002B41761F02C22B42D502930496437C4497459B00767D98248F00B0EC767E11A82C
:209DF000761F02C20A26FFEF0083767D9D0A6FC45201EC5192235204EC3D5202ED78768019
:209E0000B140D40176C0B0E283A6DD0392C5ED0993CDED071BA2FFFF2BD5ED125AA46F10D3
:209E100054C7ED0E92CF54CDED0B761F02C3922454D5EC0B2BD5761F02C20A276F06DC0196
:209E2000DD0392A4520C68E31BA2FFFFEC509A032DA237A98F00B0E206A6761F02C207AB48
:209E30001EA692C496C692CC96CE92D496D60A276F3E2901761F02C325220D231EA7062044
:209E40000FA766060FA7ED19767D9D0A6F30767D9D216F2D92235205EC265206EC11520FCA
:209E5000EC26520CED24761F02C39222761F02C25404EC035200ED1B767D9CEC6F18761FD2
:209E600002C39222761F02EB5412EC0A93125305EC035302ED0C5205EC035202ED089A0028
:209E70009B086F039A009B09767E3D09761F02C29223520356C10286520256C10273520E03
:209E800056C1025B520956C10224520756C10216520856C1020A520A56C10201520B56C1C7
:209E9000035F520D56C1035C521056C10187521D56C10139521856C10126521956C101157A
:209EA000521A56C100D3521BEC695211EC515212EC3B521CEC18521356C003428F40B0E0CE
:209EB0008F00B0E29B0092CD54C4ED0892C554CCED05920454D456B101A8761F02C3970C96
:209EC000FFEF032E761F02C3921AEC06761F02C2401856CC03258F00B0E2761F02C292C4A0
:209ED000961A92CC961092D49606767D9AF3761F02C22B182B1B2B162B172B1C2B192B1A07
:209EE0002B102B066F26761F02C3921AEC06761F02C2401856CC03048F00B0E2761F02C215
:209EF00092C4961792CC961C92D496196F12761F02C39322921AEC0440A856CC02F1761F6C
:209F000002C28F00B0E2971892CC961B92D49616761F02C32B1AFFEF02E392015202EC59EE
:209F10009234520156C002DC9204761F02C3542256C002D6761F02C992368F00B2589C383B
:209F20003839761F02C927A99619761F02C9CDD4FFFC923D900180A9D51B99A75603013092
:209F300090032B41CAA788A95603023118A6FFF393A9910792329001CBA6FF82CAA89333E1
:209F400018A9FE0F9101FF93CBA9923B900FFF8488A999A618A607FF56030B3C93A9761F07
:209F500002C9CBA692A8971A761F02C2930497423F4396442B45761F02C39B005C20922111
:209F6000767D98248F00B0EC767E11A8FFEF028856BF020F8F00B0E2761F02C992C4961936
:209F700092CC961AFFEF027C92015202EC2F9234520156C002759204761F02C3542256C033
:209F8000026F761F02C992349C3890FF88A95603083508A93800761F02C9CAA69618761F04
:209F900002C98837761F02C97E1B761F02C99338761F02C9971C761F02C28004D51A2B41B8
:209FA0007F4296437E4497456FB756BF010F8F00B0E2761F02C992C4961892CC961B92D424
:209FB000961CFFEF023D9201520256C102398F00B0E2761F02C992C4961E92CC961FFFEFED
:209FC000022F9201520256C1022B8F00B0E2761F02C992C4961D92CC962092D49621FFEF7C
:209FD000021F9201520256C1021B8F00B0E2761F02C392C4CDA90007961B90075203ED2439
:209FE00092025203EC21767DF1915200EC15767DD905FFC85BA9767DD905FFC4900F59A9D2
:209FF000767DD905901FD50793A15CA992A3767DEBEA767DDB479A059B01767E3D09761FA0
:20A0000002C3CD1B00075304ED1592025204EC12761F02EF56030432CA33FF84CA34767DC5
:20A01000DB479A059B01767E3D09761F02C3CD1B00079702FFEF01D49201520256C101D025
:20A020008F00B0E288C47E03761F02C392CC961792D49610761F02C2FFCD1808FFFC9808E1
:20A03000761F02C3930F9103ED08CCA600035201ED0D9A009B026F08931F9103ED0752018E
:20A04000ED059A009B03767E3D09761F02C29203761F02C3960F761F02C29208761F02C362
:20A05000961F761F02EC56BF0109767DD869761F02C2CD033E008F00B0E2FFD8761F02EC83
:20A060002DA8310A9EAB9619761F02C39A0193D49710761F02C22D04FF66CEA8CCA90FFFED
:20A07000ED0E92015201ED0B761F02C30A0A920A520569082B0A767D9CEC6F04761F02C3A8
:20A080002B0A4E1756CD016C761F02C92B1D2B1E2B1F2B202B21FFEF01639A009B05767E44
:20A090003D09FFEF015D761F02EB9212520356C001579A009B076FF4761F02EB921252021C
:20A0A000EC04520556C0014C9A009B066FE992015202EC199234520156C001428D40B0E2A6
:20A0B00092C956C0013D92C1761F02EB9B0196159A00767E3D09761F02EB9212520456C15E
:20A0C000012F6F118D40B0E2761F02EB9B0592C196159A04767E3D09761F02EB92125204FD
:20A0D00056C1011E761F02EB92C19BFF5C15767D9692FFEF01158F40B0E08F00B0E292CD5C
:20A0E00054C4ED0B92C554CCED08920454D4ED05767D9D36FFEF0104767D9CECFFEF010011
:20A0F0002901761F02C325220D238BA906200FA156C000F6767D9D0A761F02C306206FF8BE
:20A100009201520256C100EC761F02C3882492A656C100E6C52029012522564100A70E2355
:20A110000FA756C000DD761F02C27E0456BF0122FFEF00D6922CED4C923A520656C000D0AE
:20A1200092295206FFE700CC922B520CFFE700C85200ED0892295205ED35761F02C30A08AA
:20A130006F262D2935038F00B18028AC001258A98F40B0E2322BC4A4A9A9A9A70DA0560179
:20A1400000A692C596C6BE0192A072A606A70DA6C4A4560100A692CD96C6BE0292A072A613
:20A15000A9A90DA6560100A492D596C4761F02C292295205ED07582B8F00B1180A3356BFA2
:20A160000194761F02C356BF010EFFEF0089520156C00086923A5206ED5C92295206675926
:20A17000922B520C675652008DC0B180EC049204542BED3892015201ED352D29350356BF52
:20A18000064180A928AC001292298AA33204964292049643A9A6D500A9A90DA7761F02C380
:20A19000560100A492C4D401964492A772A406A6BE020DA48AA3560100A492C48AA39645BD
:20A1A00092A772A6A9A90DA6560100A49B0092C45C2096469221767D9D568F00B0F2767E47
:20A1B00011A8761F02C22D298F00B0E23503D10158A992C4761F02C4969392A072A192CC7E
:20A1C000969BD10292A072A192D4969B56BF0118761F02C292015201ED2292295205ED1F05
:20A1D0008F00B18092F49602900F767D9D7B28AC00123B01761F02C29202FFC3CCA903FF9F
:20A1E00088A93004560100A492A693F49702FFD318A803FF9EA885A9FF56963C8F00B0E257
:20A1F0002BC42BCC2BD4FFEFFB9D761F02C29201EC03767D9CECFE8682BE86BE8BBE000637
:20A20000FE06761F02C2420EEF2A92015202ED27761F02C3921DEC231A040001767E38E832
:20A210009A019B64D40FD504767E3B1E767E38F6761F02C39B00D50856BF014192215C2011
:20A220002B422B432B442B45767D98248F00B0EC767E12809A009B07767E3D09761F02C235
:20A23000430EEF1E92015202ED1B761F02C3921DEC1756BF01412B421A04000492219B0081
:20A240005C20D5072B432B442B45767D98248F00B0EC767E12809A009B06767E3D09761FEF
:20A2500002C2440EEF1A92015202ED1756BF0141761F02C32B429B00D50A92215C202B43AF
:20A260002B442B45767D98248F00B0EC767E12809A009B05767E3D09761F02C2470EEF1678
:20A2700092015202ED1356BF0141761F02C32B429B00D50D92215C202B432B442B45767DDD
:20A2800098248F00B0EC767E1280761F02C2460EEF2A92015202ED27761F02C3921DEC2378
:20A290001A040002767E38E89A019B64D40FD504767E3B1E767E38F6761F02C39B00D50BE0
:20A2A00056BF014192215C202B422B432B442B45767D98248F00B0EC767E12809A009B0ABF
:20A2B000767E3D09761F02C24B0EEF1C92015202ED1956BF0141761F02C32B429B00D50E0E
:20A2C00092215C202B432B442B45767D98248F00B0EC767E11A8767D9CEC761F02C256BF92
:20A2D000012F480EEF2B92015202ED28761F02C3921DEC20767E38E89A019B66D40FD50451
:20A2E000767E3B1E767E38F6761F02EB56BF014192129B00D506761F02C32B425C209643E0
:20A2F00092212B442B45767D98248F00B0EC767E11A89A009B08767E3D09761F02C2490E0E
:20A30000EF1C92015202ED19761F02C3921DEC1156BF01412B4292219B005C20D5052B4369
:20A310002B442B45767D98248F00B0EC767E11A89A009B09767E3D09761F02C2450EEF367E
:20A3200092015202EC16761F02C3921DEC2B761F02EB2B4192152B429B00D509761F02C33F
:20A3300096435C202B4492212B45767D98246F1A761F02C3921DEC12761F02EB56BF01410E
:20A3400092152B429B00D509761F02C396435C202B4492212B45767D98249A009B01767E56
:20A350003D098F00B0EC767E11A8761F02C24C0EEF1F761F02C3921DEC1B761F02EB56BF67
:20A360002A159A009B01761F02C31A010004767E3D09761F02EB92125204EC08761F02EBC3
:20A370009A2A9B015C15767D9692767D9CECFE860006B2BDAABDA2BDFE068F00B118BE008D
:20A38000D200D1008DC0B18092C45201ED2F9A122DA137A9A2A907AB83A992C540A9EE30F6
:20A39000CDC307FFCCA907FF54A8ED1F92CB54CDED1C92D354D5ED1992DB54DDED1692E363
:20A3A00054E5ED1392EB54EDED10D00D9293D00D5495ED0BD00E9293D00E5495ED06D00F4D
:20A3B0009293D00F5495EC02BE01D901DC0192A1520C68CB92A65201ED67D1006F53761F71
:20A3C00002C392A12B1AEC4E9A1237A9761F02C2A2A9D00D07AB8AA9CCC4FFFE961892CC7B
:20A3D000961B92D4961692DC961792E4961C92EC96199294D00E961A9294D00F96109294B5
:20A3E0009606767D9AF36F2E9A122DA156BF014137A92B42A2A9D512D20207AB8AA992DC2D
:20A3F000964392E4964492EC6F119A122DA156BF014137A92B42DA01A2A9D51107AB8AA917
:20A4000092C4964392CC964492D4761F02C396459B005C209221767D98248F00B0EC767EA2
:20A4100011A8761F02C292015202ED0E9A00767E3CDD761F02C2960E767D9D80761F02C22B
:20A4200092015202EC039A006F2C767DA200761F02C2400EEFE792A2ECC95201ECB65202CD
:20A43000EDE19A122DA156BF0141761F02C337A9D00D2B42A2A9D51C5C2007AB82A99B00B9
:20A440009293D00E96439293D00F9644929396459221767D98248F00B0EC767E11A89A016D
:20A45000FE8682BE86BE8BBE0006B2BDAABDFE02761F02C21811FFFE761F02C3921A761FA5
:20A4600002C290019811767DD8691BA90898EC14767DD8691BA908FCEC08761F02C21811D4
:20A47000FFF11A1100046F0C761F02C21811FFF31A1100026F05761F02C21811FFF1767DB8
:20A48000D86D1BA91388EC06761F02C21A1100106F05761F02C21811FFEF1811FF1F767D74
:20A49000D8D1761F02C29007FF8498111811FCFF767DD871761F02C29003FF879811181143
:20A4A000C7FF767DD859761F02C29007FF8A98111811FBFF767DD921761F02C29001FF890E
:20A4B00098111811BFFF767DD83D761F02C29001FF8D981118117FFF767DD8858D80B180A0
:20A4C000761F02C228AC001256030FA98AA298113004560100A4921196C41812FF00767D0F
:20A4D000D8F5761F02C29C3890FF9812181200FF767DD919761F02C228AC0012560308A9E2
:20A4E00008A938008AA298123004560100A4921296CC1815FF00767DD8E5761F02C29C385F
:20A4F00090FF9815181500FF767DD8ED761F02C228AC0012560308A908A938008AA2981521
:20A500003004560100A4921596D41813FF00767DD8D59C38761F02C290FF9813181300FFA0
:20A51000767DD8DD761F02C228AC0012560308A98AA208A9380098133004560100A49213A6
:20A5200096DC1814FF00767DD8E9761F02C290FF9814181400FF767DD8F1761F02C228AC22
:20A530000012560308A98AA298143004560100A4921496E41821FF00767DD8D9761F02C293
:20A5400090FF9821182100FF767DD8E1761F02C228AC0012560308A98AA298213004560116
:20A5500000A4922196EC181DFFFE767DD90D761F02C29001981D181DFFFD767DD911761FC5
:20A5600002C228AC0012560301A98AA2D00D9003981D3004560100A4921D9694181EFF00A0
:20A57000767DD8F9761F02C29C3890FF981E181E00FF767DD909761F02C228AC00125603F3
:20A5800008A98AA2D00E981E3004560100A4921E9694183FFF00767DD901BE05761F02C202
:20A590000EA9F60F1FA690FF983F183F00FF767DD8FD761F02C228AC0012BE050EA93204B7
:20A5A000F60F1FA6560308A9983FAAA907ABD00909068AA9923F9694CD1FFFF0761F02EB78
:20A5B0009212900F761F02EACAA81B3603E86906CCA9FE0F1AA93E806F07CDA9C00FCC36EA
:20A5C00003FFFF83CAA8761F02C2961F96C4761F02C32B00767E171D5200ED06761F02C3D1
:20A5D0001800FFFE6F05761F02C31A000001767E170B5201EC06761F02C31800FFFD6F0530
:20A5E000761F02C31A000002767E17125201EC06761F02C318007FFF6F05761F02C31A00AB
:20A5F0008000767E17195200ED06761F02C31800DFFF6F05761F02C31A002000767DF459CA
:20A600005201ED1B761F02EB9212EC17767DF4415200ED0C767DF4655200ED08761F02C356
:20A610001800FFF71A0000046F0C761F02C31800FFFB1A0000086F05761F02C31800FFF31D
:20A62000767DF4A15201ED1B761F02EB9212EC17767DF4895200ED0C767DF4AD5200ED0878
:20A63000761F02C2180DFFFC1A0D00016F0C761F02C2180DFFFE1A0D00026F05761F02C27D
:20A64000180DFFFC761F02C3CD00FFDF761F02E892079001761F02EBFF84CAA859A993120E
:20A650005305EC035302ED198F006FC04BCCEF0E761F02D0933DED04D0094794EE20530138
:20A66000ED05761F01BF4609EE1A761F02EB93125305EC075302EC05761F01BF4B01EE0FE6
:20A67000CCA1FF7F761F02EB930DEC068D40010098A192A16F07CCA1FE7F6F045080CCA979
:20A68000FEFF761F02EB9301761F02EA5537640293379DFB761F02EA55366908761F02EED0
:20A690009327ED0418A9FFBF6F025040761F02C359A99600767E23C29001761F02EBCDA133
:20A6A000FDFFFF88CAA89318CCA9F3FF9101761F02EAFF99CBA9920A9001761F02ECFF8A3B
:20A6B000CAA89315EC04CDA9BFFF6F0428A84000CBA9761F02C3970028AC0012761F02C225
:20A6C000D00B3204A9A6AAAB565700A6A9A4BE0A97FC920D761F02C19694DC082BC40E3098
:20A6D000F60F1FA652FA6208761F02C290FF1820FF0098206F07761F02C21820FFF81A20DB
:20A6E00000FA761F02E8920F52FA620D761F02C2182000FF761F02E85603080F761F02C2AD
:20A6F00098206F07761F02C2182000FF1A20FA009220761F02C396CC9B002B19761F02EE86
:20A70000922C761F02C3520156B101A89716CC16FFFD88A9761F02EE5603012D9003761F2E
:20A7100002C3CAA659A99616767DD915761F02EA2D3C0EA91E42356400FE3DF1761F02C345
:20A72000560302A918A903FFCDA1FC03CAA89616CD16F3FF761F02EE92229003761F02EAA5
:20A73000FF89CAA89337761F02EA9DFD55366805761F02EE9327EC0528A81000CBA96F033C
:20A74000CDA9EFFF761F02C39716761F02EE922EED06761F02C318167FFF6F05761F02C382
:20A750001A1680001816DFFFCD16BFFF761F02C9923028AC00129001D00A761F02C3FF8D33
:20A76000CAA888A99616761F02C23204AAA9761F02C307AB86A97E92CD19FFF8D00C761F0F
:20A7700002EE92269007761F02C3FE82CAA89619969286BE8BBE00067700761F02C2FF699C
:20A7800056BF0101767D9CBB0006FE06761F02C356BF0141921B9B00D51D2B425C209643A1
:20A7900092212B442B45767D98248F00B0EC767E1215FE860006FE06767DD869761F02ECDD
:20A7A0009E191BA9012C6205520063059A006F0328A9012C9B0A00FE3E44761F02C3901F98
:20A7B000CD0FC1FFFF8856BF0141D5105C20CAA82B42960F9B0096439217964492109645B6
:20A7C0009221767D98248F00B0EC767E1215761F02EC56BF0109FE860006B2BDAABDA2BD70
:20A7D000FE06761F02C35BA9D2002B0E6F2440A2EE2156BF0641350321428F00B18058A9C0
:20A7E000D1017B43761F02C3D5019B009294964492A072A1929CD102964592A072A1929C6A
:20A7F0005C2096469221767D9D568F00B0F2767E11A8DA01761F02C292015202ED1F9A00B9
:20A80000767E3CDD761F02C2960E767D9D80761F02C292015202ED12767DA200761F02C2F1
:20A81000400EEFE992A2520C6709FFC02DA95201EDBF761F02C3920EEDBBFE8682BE86BEC2
:20A820008BBE0006B2BDAABDA2BDFE088F40B119BE0A2B479285EC020A47000EFFFD2848EB
:20A830000001761F02C29201520256C000AD9A00767E3CDD761F02C2960E767D9D80761FBB
:20A8400002C29201520256C0009F767DA200761F02C2400EEFE792475433ED788D80B118EB
:20A8500088482D48AAA98D40B1400DA686A99A0336A9560100A192C2ED4288488DC0B10CDF
:20A86000A2A90DA682A992D1ED052BD12BC12BC96F34284600029248767DA7CD92C2ED2DBC
:20A870008046DF811BA7FFFF7F46EDF62BD12BC1761F02C22BC992485437ED042B2D2B36F6
:20A880002B3792C35201ED19761F02EB56BF28159A049B05761F02C31A010001767E3D09E6
:20A89000761F02EB92125204EC08761F02EB9A289B015C15767D96922BC36F2192C9CAC168
:20A8A000ED1E761F02C356BF01072BD12BC29B00D50C56BF01412B425C209248964392210B
:20A8B0002B442B45767D98248F00B0EC767E11A80A489248520CFFE8FF766F250A48DA017B
:20A8C000D9039248520C68986F1E56BF0141761F02C32B429B00D50C92215C202B432B4431
:20A8D0002B45767D98248F00B0EC767E11A8761F02C32B08761F02C256BF012E761F02C3ED
:20A8E00056BF0107FE8882BE86BE8BBE0006B2BDAABDFE06B6008D80B14083A292A754D5CD
:20A8F000EC022BD59A0194A72DA9520C67169A0337A9AAA907AB8AA99A0B9EA79CFF88A968
:20A9000092C454C5ED0792CC54CDED042BC42BCC2BD4DC03000EFFF6DF01DD0392A7520C46
:20A9100068DED101761F02C292015202ED409A00767E3CDD761F02C2960E767D9D80761F59
:20A9200002C292015202ED33767DA200761F02C2400EEFE99A032DA137A9AAA907AB8EA9B1
:20A9300092D0ED1C92C0ED0393C8EC1856BF0141761F02C32B4256BF01079B00D503964374
:20A940005C2092C8964492217945767D982479D08F00B0EC767E11A86F06D901D80392A1A9
:20A95000520C68DFD90192A1520C68BDFE8686BE8BBE0006B2BD761F02C22B222B242B26E6
:20A960007700D1006F5B761F02C29201ED61FF69767DA4559A00767E3CDD761F02C2960E93
:20A97000767D9D80761F02C29201ED52767DA200761F02C2400EEF42761F02EB9224ED35C5
:20A98000767E16BF93A19A0194A859A91BA803E86821761F02C2920B52016930761F02EB46
:20A9900056BF28159A009B01761F02C31A010001767E3D09761F02EB92125204EC08761F6A
:20A9A00002EB9A289B015C15767D9692767D9D0A6F14761F02C292225201ED10767DA77C30
:20A9B000761F02C22B2F6F14761F02C22B262B222B242B2F767E16C4D100761F02EB9224DA
:20A9C000761F02C3CA1DEDA0FF69767D9D368BBEFF690006B2BDAABDA2BDFE02761F02C236
:20A9D0002B2577006F79761F02C292015201ED7BFF69767DA4559A00767E3CDD761F02C2BD
:20A9E000960E767D9D80761F02C292015201ED6B767DA200761F02C2400EEF5E0A2592259D
:20A9F0009CFF1BA903E8691C761F02EB56BF28159A009B01761F02C31A010001767E3D09BE
:20AA0000761F02EB92125204EC08761F02EB9A289B015C15767D9692767D9CEC6F445804D0
:20AA1000761F02C38DC0B100D1002B132B1256BF0193284100019A012DA1761F02C3FF6647
:20AA2000CE10CCA90FFFEC2256BF01C30A139241EC1E9A128F00B18036A9560100A45AC470
:20AA3000767DD85993A2FFDA910755A9ED10767DD8595202650C92A1761F02C22B41540408
:20AA4000761F02C356B101126F022BC3D901DB0192A1520C68D1761F02C3921DED85FF69C0
:20AA5000767D9D36FE8282BE86BE8BBEFF690006B2BDFE06761F02C22B27D100761F02C31C
:20AA60002B076F14761F02C356BF014192212B425C209B00D50196437C442B45767D9824AB
:20AA70008F00B0EC767E11A8D901761F02C292015202ED1D9A00767E3CDD761F02C2960E26
:20AA8000767D9D80761F02C292015202ED10767DA200761F02C2400EEFE992A1ECD452020E
:20AA900066049227520B68E1767DA8E7FE868BBE0006B2BDAABDFE068F00B119BE0A2B84DE
:20AAA000000EFFFF761F02C29233D2002B339635761F02C32B082B0E6F2440A2EE2156BF12
:20AAB0000641350321428F00B18058A9D1012B43761F02C3D5019B009294964492A072A193
:20AAC000929CD102964592A072A1929C5C2096469221767D9D568F00B0F2767E11A8DA017D
:20AAD000761F02C292015202ED1F9A00767E3CDD761F02C2960E767D9D80761F02C292017A
:20AAE0005202ED12767DA200761F02C2400EEFE992A2520C6709FFC02DA95201EDBF761FC4
:20AAF00002C3920EEDBBFE8686BE8BBE0006B2BDFE06D1006F05D103767D9D21D901761F76
:20AB000002C292015202ED6B9A00767E3CDD761F02C2960E767D9D80761F02C2920152023E
:20AB1000ED5E767DA200761F02C2400EEFE9761F02C3921DEC5492A1ED06767DA3795200F6
:20AB2000ED02D90192A15201ED3C767D96ED5200EC3C52018D00B0ECEC1856BF0141761F41
:20AB300002C22B42922D9B00D5139643923696449237761F02C35C2096459221767D98243B
:20AB40008AA0767E11A86F1D56BF0141761F02C22B4292319B00D50E9643923296449230FB
:20AB5000761F02C35C2096459221767D98248AA0767E11A8767D9CEC761F02C256BF012FE2
:20AB600092A15202EC036F06D102767D9AA05200EC9392A15203EC9152036991FE868BBEF8
:20AB70000006B2BDFE06761F02C22B0F767DA79BD100761F02C256BF0107FFEF00E4767D78
:20AB8000A785761F02C22B07FFEF00DD92A1520A6733761F02C2920A56C10087920FEC0EDC
:20AB900092A152036806920F520256B10AA16F05920F520156B103A12B0F92A152036809C2
:20ABA00052066805520A6718FFEF00E4D51B6F02D51A920A56BF0141761F02C32B429B007E
:20ABB0005C2096432B4492212B45767D98248F00B0EC767E121592A1520AEC1C520AFFE8CF
:20ABC00000A156BF0141761F02C92B42921E9B00D5199643921F761F02C396445C2092218A
:20ABD0002B45767D98248F00B0EC767E1215FFEF00B1761F02C9921B761F02C3931300FE56
:20ABE0003ECD761F02C927A9961B921C761F02C3931300FE3ECD761F02C9961C56BF014149
:20ABF0009318761F02C92B42971D761F02C997438819D518761F02C93F447E1E761F02C972
:20AC0000881A9B00761F02C996457E1F3F209621761F02C35C209221767D98248F00B0ECA6
:20AC1000767E12156F4E761F02C992348F00B2589C3890FF88A95603083508A93800CAA60A
:20AC200096C492369C38D1093839761F02C99619761F02C9923DCDD4FFFC900180A999A7FF
:20AC3000560301309003CAA788A918A6FFF35603023193A9910792329001CBA6FF82CAA87C
:20AC400018A9FE0F93339101FF93CBA9923B900FFF8488A999A618A607FF56030B3C93A9C9
:20AC5000761F02C9CBA6971A761F02C99237761F02C9961B761F02C99238761F02C9961CEC
:20AC6000D901761F02C292015202ED239A00767E3CDD761F02C2960E767D9D80761F02C29D
:20AC700092015202ED16767DA200761F02C2400EEFE9920756C0FF05761F02C34E1756CD31
:20AC8000FF07761F02C92B1D2B1E2B1F2B202B21FE868BBE0006767D98435200ED07767D02
:20AC900099D55200ED03767DAB710006B2BDAABDFE06761F02C3591D77009B00D50CFF69DA
:20ACA00056BF014192215C202B422B432B442B45767D98248F00B0EC767E11A8D2006F2B61
:20ACB0007700FF69767E16C4761F02C32B0756BF0103761F02C39207591DED1D761F02C266
:20ACC00092015202ED18767DAC8B6F157700FF6956BF0C03767DAA58767DAA99767DAAF718
:20ACD000767DA822761F02C2922E5201EDE32B2E767D9D36761F02C292015202ED47767DE5
:20ACE000A4559A00767E3CDD761F02C2960E767D9D80761F02C292015202ED38767DA200AD
:20ACF000761F02C2400EEFE7761F02C3921DEC0F761F02D89209ED0C761F02C39201EC08DF
:20AD0000DA0192A2521969052B016F032B01D2008F00B1008F40B118BE0B56BF01C492851D
:20AD10005201EC032BC46F0356BF01C4DC01000EFFF8761F02EB9212767D9D7B2B04921DB5
:20AD2000EC9092A1EDA4767D9CECFE8686BE8BBE00066F049A00767E3CDD761F02C3920536
:20AD3000520668F9767D9D0A6F0B5201EC075200EC022B01767DA95A6F03767DA9CA767EC2
:20AD400016BF761F02C292015202EDF0767DAC966FF7761F02C22B01761F02C32B0556BF42
:20AD50000C032B140006B2BDAABD767E38E89A029B00D40FD500767E3B1E767E38F6767E53
:20AD60002D2E5202EC049A02767E2D74D1FAD2009A00767E3CDD761F02EB96144114EF0847
:20AD70009A00767E2D749A00767E20406F444014EFF0767E17255200ED0D761F02EB92131D
:20AD8000ED099A00767E2D749A00767E20409A016F60761F02EB56BF1F0C761F02EC92144B
:20AD9000761F02C19CFE5430682E761F02EB92A156BF210C9CFF59A9EDCC9A00767E2D741B
:20ADA000761F02EB9213EC0A761F02D79233761F02EC08A9012C54256810761F02EB56BF5A
:20ADB000220C56BF04159A04D404761F02C19330767D96929A046F2D761F02EB2B2156BF5E
:20ADC00001166FC692A29C015AA9520A65A2761F02D1921DED1D761F02EB56BF200C767E18
:20ADD00038E89A019B43D40FD500767E3B1E767E38F6761F02D19A009B64D40FD50056BFD5
:20ADE000011D767E3B1E761F02D156BF011C9A0386BE8BBE0006B2BDAABD8D8007D0D10093
:20ADF0006F06761F02DE921B56B1011B9A00767E3CDD761F02EB96144114EE6D4514EE0EB1
:20AE00004014EFF5767E16D45200ED05767E17255200ED06761F02DE2B1B9A016F5D92A10E
:20AE1000ED40761F02D19218ED09761F02EB921756BF3E0C56B101176F10761F02EB56BF2E
:20AE20003C0C761F02EA2D36350E9BC8761F02D79EA8543356B901A1DA8192A2EDC8761F7B
:20AE300002EB56BF3F0C761F02D19218ED0B761F02EB56BF03159A03D403761F02D7933354
:20AE40006F0A761F02EB56BF1D159A1DD41D761F02EA933D767D9692761F02EB2B176F1B4E
:20AE5000761F02EC9215ED06761F02DE92185201ED04767DAD536F105200EC945202ED9746
:20AE6000761F02EB9A3D9B01D43D2B1756BF3D15767D96929A0486BE8BBE0006B2BDAABD01
:20AE7000A2BDFE06761F02EB9A002B1F767E2040D100D200D3002B462B452B442B432B4204
:20AE80002B419A00767E3CDD761F02EB9614411456CD01A14514EE16761F02D0923DED05D4
:20AE9000761F02EB4214EE0B5201ED05761F02EB4314EE05761F02EB4614EF079A00767E60
:20AEA00020409A01FFEF018D4014EFDC767E16F45200EC0B761F02EC92155201ED06761FB0
:20AEB00002EB56BF500C6FEE761F02EB921FEC515201EC285203EC235202EC195204EC0FE2
:20AEC0005205ED2A761F02D1921DEC26761F02EB56BF540C56BF071FFFEF01629244EC1C7A
:20AED00056BF530C56BF051FFFEF01309246EC1456BF520C56BF041FFFEF00CC9245EC0C8A
:20AEE0006F25767E16F45200EC05761F02EB9218ED099243ED0C761F02EB921F5201EC1B00
:20AEF0006F5356BF01212B1728430001761F02EB56BF510C761F02D1921D761F02ECCA152E
:20AF0000761F02EB56B1031FEC7C56BF021F6F4156BF011F761F02D19218ED0F761F02EB73
:20AF1000921756BF0B31ED19767E16F4761F02EB520056B101176F11761F02EB56BF0A31DE
:20AF2000761F02EA2D36350E9BC8761F02D79EA85433660328430001DB011BA307D068148A
:20AF3000761F02EB56BF0C3156BF061F56BF1D159A1DD41D761F02EA933D767D9692D300C5
:20AF4000761F02EB2B17761F02EB921F5202ED34921756BF0D31EC08761F02EA2D36350E6E
:20AF50009BC89EA86F05761F02EC92259CCE761F02D75433660C0A42924252056908761F3C
:20AF600002EB2B422846000156BF0E310A411B4101F46812761F02EB56BF0F3156BF061F8D
:20AF700056BF03152B179A03D403761F02D79333767D96922B41761F02EB921F5203ED248A
:20AF8000761F02DE9218ED07761F02DE921B56B1011B6F1A5201EC13761F02EB9A0056BF4D
:20AF9000061F56BF3D152B17767E2D74761F02EB9A3D9B015C15767D96926F0328450001DD
:20AFA000761F02DE2B1B761F02EB921F5204ED5856BF0F31761F02D19211761F02D1CA1D59
:20AFB000761F02D1CA06ED40767E2D2E5202EC049A02767E2D74761F02EB56BF1131761FEA
:20AFC00002EC9214761F02C19CCE54306712D90192A1520A690E761F02EB9A0056BF1231CA
:20AFD000767E2D74D100761F02EB2B2128440001DA0192A252C86924761F02EB9A0056BFD9
:20AFE000133156BF061F56BF04152B17767E2D74761F02C19A049330761F02EB5C15767D2F
:20AFF0009692D2006F0D761F02EB9A0056BF1031767E2D74761F02EB2B2128440001761FF4
:20B0000002EB921F5205ED21761F02D1921DED1D761F02EB56BF1531767E38E89A019B43A2
:20B01000D40FD500767E3B1E767E38F6761F02D19A009B64D40FD50056BF011D767E3B1EC0
:20B02000761F02D156BF011C761F02EB921F5206ED039A046F05520756C0FE559A05FE8604
:20B0300082BE86BE8BBE00069A00767E3CDD761F02EB96144114EF039A040006761F02D008
:20B04000923DED05761F02EB4214EE0F5201ED05761F02EB4314EE09761F02EB9314921476
:20B0500091209040CAA8EC069A00767E20409A0100064014EFDA767DAE6E5205ED3B9A0027
:20B06000767E2D749A00767E2040761F02EB2B21761F02D19206761F02D1CA11EDE9767E72
:20B0700038E8761F02D0923DED0C9A019B54D40FD500767E3B1E761F02D156BF01116F0BD9
:20B080009A019B43D40FD500767E3B1E761F02D156BF01069A009B64D40FD500767E3B1E10
:20B090009A009B64D40FD500767E3B1E767E38F69A050006B2BDAABDA2BD761F02EB8D8077
:20B0A00001F4D300D10056BF011356BF01216F2D56BF180C761F02DE92185201EC21761FAE
:20B0B00002D1921DED1D761F02DE9218ED0B761F02EB56BF1A0C761F02DE921B56B1011BDB
:20B0C0006F145202ED12761F02EB9A3D9B01D43D2B1756BF3D15767D96929A046F4A761FE4
:20B0D00002EBD10156BF190C9A00767E3CDD761F02EB96144114EF089A00767E2040761FC5
:20B0E00002EB2B216FEB4514EF059A00767E20406F2C4014EFEA761F02EC92155201EC2829
:20B0F000761F02EB9218EC2492A1ECB356BF140C761F02EC9225761F02D79CCE5433660CF2
:20B10000DB0192A3520A6908761F02EB56BF150C767DAD536F0EDA8192A2EDC7761F02EB64
:20B1100056BF170C56BF0116761F02EB2B219A0182BE86BE8BBE0006B2BDAABDA2BD761FB5
:20B1200002EB8D8007D0D300D10056BF01216F06761F02DE921B56B1011B9A00767E3CDD02
:20B13000761F02EB96144114EF059A00767E20406F594514EE324014EFF1761F02EC9215FD
:20B140005201EC2B767E172D5200EC2792A1ED2A761F02D19218EC05DB0192A352026612BE
:20B15000761F02EB921756BF120CED0D1BA207C6670A9A00767E2040761F02EB56BF0117EF
:20B160006F02D101DA8192A2EDC9761F02EB56BF140C56BF01162B219A00767E20409A018F
:20B170006F22761F02EC9215ED06761F02DE92185201ED0A761F02EB9A0256BF130C767E62
:20B1800020409A066F105200ECA45202EDA7761F02EB9A3D9B01D43D2B1756BF3D15767DC4
:20B1900096929A0482BE86BE8BBE00069A00767E3CDD761F02EB96144114EF039A04000648
:20B1A000761F02D0923DED05761F02EB4214EE0B5201ED05761F02EB4314EE05761F02EB03
:20B1B0004514EF039A0100064014EFE15200ED20761F02D156BF0108767E38E89A009B64DD
:20B1C000D40FD500767E3B1E9A009B64D40FD500767E3B1E9A019B54D40FD500767E3B1E3D
:20B1D000767E38F6761F02D156BF01116F0F767E38E89A019B43D40FD500767E3B1E767EAA
:20B1E00038F6761F02D156BF01069A020006B2BDAABDA2BDD200D300D1009A00767E3CDDA9
:20B1F000761F02EB96144114EF049A04FFEF0144421456BD01A2431456BD01A34014EFEEAF
:20B20000767E16F4520056C000CE767DF4115200ED0392A2EC07767DF4235200ED7192A3AA
:20B21000ED6F767DF4115200ED0392A2EC0B767DF4235200ED0A92A3761F02D056B1013D29
:20B220006F04761F02D02B3D761F02EB9218EC05761F02C34C10EE11761F02EC4027EE0D15
:20B230004127EE0B4227EE094327EE07761F02EB56BF080CFFEF0095767DD8715202ED2A09
:20B24000761F02EB9218EC26761F02C34C10EF22767E16C85200ED1E761F02EA920DED1A93
:20B25000767E17255200EC16761F02C3CC0F0080761F02E8FFC6CA07ED0D761F02C3921496
:20B260005205EC125202EC10761F02EB56BF090C6F2F761F02C392145203ED06761F02EB15
:20B2700056BF0A0C6F5D92A19C0159A95232FFE5FF76761F02EB56BF0B0CFFEF00A0767EE8
:20B2800016D45200ED35767E16E45200ED31761F02EB9218EC2D761F02C34C10EF29767EEB
:20B2900017255200EC09761F02EB56BF110C767DADEBFFEF00A1761F02EC9215EC06761F9C
:20B2A00002EB56BF0F0C6F2C761F02EB921656C0FF46921856C1FF43761F02C3921D56C02F
:20B2B000FF3E761F02EB56BF100CFFEF0083761F02EC9215EC06761F02EB56BF0C0C6F10D3
:20B2C000761F02EC4027EF08761F02EB56BF0D0C767DB11C6F70761F02EB56BF0E0C9A01F2
:20B2D0006F6A767DF4115200ED0392A2EC07767DF4235200ED4692A3ED44767DF4115200E5
:20B2E000ED0392A2EC0B767DF4235200ED0A92A3761F02D056B1013D6F04761F02D02B3DBD
:20B2F000761F02EC9227FFC0CA27FFC0CA2741A9EE1B761F02EB9218EC05761F02C34C10DC
:20B30000EE06761F02EB56BF050C6FCA92A19C0159A95232FFE5FEE3761F02EB56BF040C96
:20B31000767DB1966F2892A19C0159A95232FFE5FED6761F02EB56BF030C767DB0346F1B37
:20B32000761F02EB9216761F02ECCA15ED09761F02EB9218EC05761F02C3921DEC06761FDE
:20B3300002EB56BF070C6F9C761F02EB56BF060C767DB09A82BE86BE8BBE0006B2BDAABD4E
:20B34000761F02EBD232D1FA2B0D6F0892A2761F02EB56B10121EC02DA819A00767E3CDD1E
:20B35000761F02EB96144114EE384514EE314014EFF5767DF4115200EC05767DF4235200EF
:20B36000ED05D98192A1ED036F23D1FA767E16F45200ED1E767E172D5200EC1A761F02EC93
:20B370004027EF16761F02EB92185201ED0D761F02C34C10EF09767E16D45200ED05767E14
:20B3800017255200ED05761F02EC9215ECC0761F02EB56BF01126F0B9A00767E2D749A006A
:20B39000767E2040761F02EB56BF041286BE8BBE0006B2BDAABDA2BDFE02761F02B99206EC
:20B3A000EC089A059B0D767E3D09761F02B92B06761F02EB8D8001F42B41D100D3002B24B4
:20B3B0006F2052FAED1E761F01BF1A0A00806F19D90192A152FA660552C856B601246F1187
:20B3C0001BA108CA6607761F02D71B33032068076F08761F02D71B330320674E28410001AF
:20B3D0009A00767E3CDD761F02EB96144114EF0492125204ED3B4014EFF49241ED3392184C
:20B3E000EC11767E16E45200ED0D761F02EB92125204ED21920FEC1F92155211EC1C520B71
:20B3F000EC1A761F02DF9202761F02DF540A6913761F02D91B000226670E761F02D81B1B10
:20B4000002266709761F01BF4500EF05761F02EB922BECAFDB0192A35232660A92A1EDC146
:20B410006F07DA8192A2ED9E6F0356BF0412761F01BF1A0C0080761F02EBFE822B2482BE63
:20B4200086BE8BBE0006B2BDAABDA2BDFE04761F02EB9A002B172B21767E2D749A00767E75
:20B430002040761F02EB921596435209ED020A1E5201ED020A205207ED020A1C5208ED0205
:20B440000A1A520AED020A0A5221ED020A0B5222ED020A225223ED020A269243D300D10056
:20B450002B422B41D2005214EC095213EC07521FEC055220EC035212ED020A10520FEC03FE
:20B46000520DED020A06761F02D19202EC56761F02D0923DED27761F02D19208761F02D17C
:20B47000CA11EC412B11761F02C3921DEC17767E38E89A009B64D40FD500767E3B1E9A0020
:20B480009B64D40FD500767E3B1E9A009B64D40FD500767E3B1E767E38F6761F02D12B084D
:20B490006F225201ED20761F02D19206EC1C2B06761F02C3921DEC17767E38E89A009B64B9
:20B4A000D40FD500767E3B1E9A009B64D40FD500767E3B1E9A009B64D40FD500767E3B1E4B
:20B4B000767E38F6761F02D12B02767DD83D5201ED04761F02D12B09761F02D12B11761FA4
:20B4C00002D12B08767DD83D5200ED04761F02D12B06761F02EB2B0D761F02D12B1D761F83
:20B4D00002B99206EC239A059B0D767E3D09761F02B92B066F1B9218ED061BA203B66703F1
:20B4E0008D8003B6DA011BA203E866035200ED0892348D8002EECAA1ED03767DB3999A005C
:20B4F000767E3CDD761F02EB9614761F02809201EC31761F02EB9238EC2D521EEC1D5216F6
:20B50000EC165217EC0F5218EC085219ED1C761F02D39A1993166F12761F02D39A18931BE2
:20B510006F0D761F02D49A1793176F08761F02D49A1693146F039A1E9B01761F02EB5C15E7
:20B52000767D96929A059B0D767E3D09761F02EB2B38761F02EB4114EF03921596434014ED
:20B53000EFBF9243EC0E5415EC0A1BA301F4562A071556B700A36707DB016F05D3006F031D
:20B5400092159643520A56C1009B520556C100935214EC6E5213EC6C521FEC6A5220EC6852
:20B550005212EC665201EC5B5210EC51520BEC4A5209EC445207EC3E5208EC385211EC2B53
:20B56000520FEC1C520DEC1A521CEC135221EC0D5222EC075223ED7F9226520368796F7A05
:20B570009222520368756F76920B520368716F72761F02D89232EC6C6F6D761F02DE9212C4
:20B58000761F02DECA17ED66761F02EB92065203685F6F60761F02B94C12EE060A411B41B4
:20B590000BB866566F582B416F55921A520368506F51921C5203684C6F4D921E5203684884
:20B5A0006F49767E17195200EC436F44761F02DE9219761F02DECA1FEC3B6F3C9220520324
:20B5B0006739761F02D71B33119468326F331B0E012C691E767DD85D5200EC2D8F00AE523F
:20B5C00092C4CDC401009040CAA8ED2540CCEE23761F02B94E12EE1F4512EE1D761F02EB71
:20B5D0009210520356B801A156B8010F6F142B0F6F11761F02D1921BEC0B6F0C767DD861A6
:20B5E0005201ED08761F02EB920A52036703D1016F02D100924352286807522E6605761FD4
:20B5F00002C3921DEC08761F02EB9234CAA156C1FEE46F02D101761F02EB922756C1FEDDB7
:20B600000A421B4201F4FFE9FED88F006FC04BCCEF0DD0094794EE05767DDD245201ED061C
:20B61000761F02EB56BF02126F05761F02EB56BF01122B152B342B0E767D9688FE8482BEA6
:20B6200086BE8BBE0006B2BDAABDA2BDFE02767DD895767DD82DFFC72DA9353C8BA9767DB6
:20B63000D82D90FF94A15AA9767DD831FFC72DA9353C8BA9767DD831761F02EF90FF2D367D
:20B6400094A19641353C94375BA9767DD89559A9767DD82D5200ED05767DD8315200EC11B5
:20B6500092A254A3660E924154A3680B92A1EC091BA1FFFFEC0C92A393A19EA255A9660710
:20B66000761F02EB56BF012AFFEF008B767DD8D15203ED0D761F02C99230ED06761F02EB0D
:20B6700056BF022A6F7D2D39350A59A9767DD8755200EC0D761F02EB92125205EC0352029B
:20B68000ED0656BF032A2B282B296F32767DD8D15203EC07767DD835761F02EA5436675582
:20B69000767DD8D15203ED05767DD83954A1674D767DD8D15203ED23761F02EB922852017A
:20B6A000EC0A767DD83954A16715761F02EB56BF0B2A6F0E767DD8399C6454A168041BA1B5
:20B6B00003DE6908761F02EB56BF0A2A2B289A016F38761F02EB56BF0C2A6F32761F02EBD8
:20B6C00092295201EC0C767DD835761F02EA54366717761F02EB56BF082A6FEA767DD835B9
:20B6D000761F02EA9C1454366806761F02EE92225202ED06761F02EB56BF072A6FA6761F3F
:20B6E00002EB56BF092A6F0C767DD8D1761F02EB520356BF062A56B1012856B001299A00E8
:20B6F000FE8282BE86BE8BBE0006767DDD185201EC38767DD83D5201ED49761F02C3921DEE
:20B70000ED45761F02D19209ED41761F02EB92125205EC035202ED088F006FC04BCCEF0449
:20B71000D0094794EE0B5203ED31761F02D19202EC2D767E23C25201ED29767DB623520183
:20B72000ED25767E38E89A019B43D40FD500767E3B1E767E38F6761F02D156BF01090006B6
:20B73000761F02C3921DED05767DB6235200ED0E767E38E89A019B43D40FD500767E3B1E53
:20B74000767E38F6761F02D12B090006B2BDAABDA2BDFE02767E2D2E5202EC049A02767ECD
:20B750002D74761F02EE4107EE031A070002767E1731D100D3FAD2FA2841012C6F3ED3FAA1
:20B76000767E17075200ED2A767E172D5200EC26767E17255200EC22761F02D19218EC1E06
:20B770009241ED0B761F02EB56BF3631767E1FF45202EC219A026F1D761F02EB0B4156BF7D
:20B7800034316F1992A3761F02EB56B1390C56B10121EC02DB819213ECD4761F02EB2841F6
:20B79000012C56BF3831767E1FF45200EC049A00767E2040767DB6F59A00767E3CDD761FDD
:20B7A00002EB9614411456CD023C451456CD02314814EF17761F02D19202ED13767E23C256
:20B7B0005201ED0F767E38E89A019B43D40FD500767E3B1E767E38F6761F02D156BF0102F6
:20B7C000761F02EB4914EF09761F02D12B02761F02EB921856C10210471456CD0143761F51
:20B7D00002D0923DED05761F02EB4214EE075201ED06761F02EB4314EF02D100761F02EB96
:20B7E0004014EFBB761F01BF4B01EE09767E23C2761F02EB520156B1010DEC04761F02EB7E
:20B7F0002B0D9233EC069232ED032B336F020B32761F01BF4B0156CC009B767E23C2520100
:20B8000056C00096761F02EB923356C00091767DF4115200ED05761F02EB9230EC0B767D24
:20B81000F423520056C00084761F02EB92305201ED7E767DF4115200ED05761F02EB923093
:20B82000EC0E767DF4235200ED0D761F02EB9230761F02D0520156B1013D6F04761F02D09B
:20B830002B3D761F02EB9213ED0A767E17255200ED0692A152326904D1FA6F05D2FA92A19B
:20B8400052FA684F767DD8715202ED16761F02EB9213ED16767E16C85200ED0E761F02C3AF
:20B85000CC0F0080761F02E8FFC6CA07ED05767E17255200ED76761F02EB9213EC1C761FCD
:20B8600002D0923DED0A761F02D79233761F02D808A903E8543E681F761F02D0923D520150
:20B87000ED0A761F02D79233761F02D808A903E854106811761F02EB56BF5A0C761F02C34F
:20B88000921DED049A009B076F039A049B02767E3D096F47761F02EB56BF5B0CFFEF014CF6
:20B89000761F02EBD90156BF5C0C6F3B761F02EB56BF340C761F02D12B11761F02D12B08FF
:20B8A000767DD83D5200ED08761F02D12B06761F02EB56BF350CD100767E16D45200EC0BD0
:20B8B000761F02EB9213ED079A049B0456BF360C767E3D09767E17255200ED12761F02EB8C
:20B8C0009213ED0EDA8192A2EC05761F02C3921DED08761F02EB56BF370CFFEF010DD2FAA8
:20B8D000761F02EB9218EC31761F02C34C10EF2D761F02EB9213EC15761F02C3921DED25FA
:20B8E000767E17255200ED21761F02EB9213EC09767E16F45200ED05767E172D5200ED15CE
:20B8F000761F02EC921556C1FE8F761F02EB92132B2156C1FE669A0056BF3A0C56BF01165B
:20B90000767E2D74FFEF00D8761F02EB9A0056BF380C767E2D749A00767E2040FFEF00CC1A
:20B91000761F02D0923DED57761F02D156BF0108761F02EB9213EC0B761F02D79233761F31
:20B9200002D808A903E8543EFFE800B6767E38E8761F02C3921DED1F9A009B64D40FD500E8
:20B93000767E3B1E9A009B64D40FD500767E3B1E9A029B00D40FD500767E3B1E761F02EB4E
:20B940009A002B21767E2D749A00767E20409A019B546F189A019B02D40FD500767E3B1E30
:20B95000761F02EB9A002B21767E2D749A00767E20409A009B32D40FD500767E3B1E9A01E5
:20B960009B02D40FD500767E3B1E761F02D156BF01116F575201ED67761F02EB9213EC0A0C
:20B97000761F02D79233761F02D808A903E854106862767E38E8761F02C3921DED239A0084
:20B980009B64D40FD500767E3B1E9A009B64D40FD500767E3B1E9A029B00D40FD500767E22
:20B990003B1E761F02EB9A002B21767E2D749A00767E2040761F02D19A019B4356BF020655
:20B9A0006F189A019B02D40FD500767E3B1E761F02EB9A002B21767E2D749A00767E2040D8
:20B9B0009A009B32D40FD500767E3B1E9A019B02D40FD500767E3B1E761F02D156BF01064A
:20B9C000761F02EB9213ED0D9A009B64D40FD500767E3B1E9A009B64D40FD500767E3B1E0A
:20B9D000767E38F6761F02EB56BF05126F14921356B00116761F02EB56BF01126F0C9A0083
:20B9E0002B21767E2D749A00767E2040761F02EB56BF0412FE8282BE86BE8BBE0006761FE3
:20B9F00002D0923D5201ED11767DF4415200ED0D767DF4655200ED09761F02EB0A2D1B2D3C
:20BA000005DC56B6012F0006761F02EB2B2D2B2F0006761F02EB2B21767E2D2E5200EC046A
:20BA10009A00767E2D74767E1FF45200EC049A00767E2040761F02EB2B2D2B2FFFEF00A4EA
:20BA2000761F02D0923DED4E761F02C3921DED0A761F01BF4B01EE40761F02EB56BF010D21
:20BA30006F3E8F006FC04BCCEF04D0094794EE344BCCEF0ED0094794EE0B761F02EB0A2E30
:20BA4000922E520456B3010D56B3032E6F28761F02EB2B0D761F01BF4709EE17761F02EB02
:20BA50000A2E922E5204641B2B2E767E38E89A019B43D40FD500767E3B1E767E38F6761F67
:20BA600002D156BF01026F0B761F02D12B11761F02EB2B2E6F04761F02EB2B0D767DB6F517
:20BA70006F505201ED4E761F02C3921DED0A761F01BF4B01EE43761F02EB56BF010D6F4142
:20BA80008F006FC04BCCEF04D0094694EE374BCCEF0ED0094694EE0B761F02EB0A2E922ECC
:20BA9000520456B3010D56B3032E6F2B761F02EB2B0D761F01BF4609EE17761F02EB0A2E38
:20BAA000922E5204641E2B2E767E38E89A019B43D40FD500767E3B1E767E38F6761F02D179
:20BAB00056BF01026F0E761F02D12B069A01761F02EB2B2E767DDD306F04761F02EB2B0DA5
:20BAC000767DB9EF9A00767E3CDD761F02EB9614411456CD0097451456CD008F761F02D077
:20BAD000923DED06761F02EB421456CD00865201ED07761F02EB92149008CA2FED7D761F14
:20BAE00002EB4914EF0E761F02C3921DED75761F02D12B02761F02D12B09761F02D12B06CA
:20BAF0009A00761F02EB4814EF04930D56B001A95200EC38761F02D19202EC0F761F02D1A6
:20BB00009211761F02D0CA3DEC08923D5201ED2A761F02D19206ED26761F02C3921DED06D8
:20BB1000767E38E89A019B436F05767E38E89A019B02D40FD500767E3B1E767E38F6761F0C
:20BB200002D156BF0102761F02D0923DEC075201761F02D156B101066F05761F02D156BF37
:20BB30000111761F02EB4614EE274014EF8C9218EC1F761F02C34C10EF1B767E16F452005E
:20BB4000ED05767E172D5200ED09761F02EB9216761F02ECCA1556C0FED5761F02EB56BF67
:20BB5000470C767DAE6E761F02EB96120006761F02EB56BF460C761F02EB56BF01120006AA
:20BB600056BF04120006B2BDAABDA2BDFE04761F02D0923D761F02D156B10108D20AD1FA08
:20BB70008DC001F4761F02D1284375302B422841003256B10111761F02D156B00106761FD0
:20BB800002EB2B132B2D2B2F6F4A761F02D0923DED05767DF4115200ED31761F02D0923D49
:20BB90005201ED09767DF4235200ED28761F02EB922FED24767DD8715202ED2F767E16C809
:20BBA0005200ED2B761F02EB9218EC27761F02C34C10EF23761F02EA920DED1F767E1725B8
:20BBB0005200EC1B761F02C3CC0F0080761F02E8FFC6CA07ED129243ED10761F02C3921D78
:20BBC000ED049A009B066F039A049B03767E3D09761F02EB56BF4C0C767DB9EF9A00767E39
:20BBD0003CDD761F02EB9614411456CD02EC451456CD02E44914EF10761F02C3921D56C0CD
:20BBE00002DD761F02D12B02767DD83D5201ED04761F02D12B099A00761F02EB4814EF047E
:20BBF000930D56B001A95200EC38761F02D19202EC0F761F02D19211761F02D0CA3DEC080B
:20BC0000923D5201ED2A761F02D19206ED26761F02C3921DED06767E38E89A019B436F05DB
:20BC1000767E38E89A019B02D40FD500767E3B1E767E38F6761F02D156BF0102761F02D0BA
:20BC2000923DEC075201761F02D156B101066F05761F02D156BF0111761F02D0923DED054E
:20BC3000761F02EB4214EE075201ED12761F02EB4314EF0E761F02C3921DED06761F02EB81
:20BC40001A1400406F059A049B03767E3D09761F02EB461456CD01B74014EF819243EC024E
:20BC50000B43761F02D19216ED0F761F02D19211761F02D0CA3DEC08923D5201ED10761F59
:20BC600002D19206ED0C761F02EB56BF0137761F02D192165201ED062B166F04761F02EB05
:20BC70002B379B00761F02EC4127EE054227EE034327EF06761F02EB923756B101A8761F90
:20BC800002EB9736761F02D0923DED67761F02EB9218EC05761F02C34C10EE0E8F006FC0D3
:20BC90004BCCEF71D0094794EF6E761F02C3921DEC6AFFEF0223761F02EB56BF410C761F21
:20BCA00002C3921DED0A761F01BF4B01EE40761F02EB56BF010D6F3E8F006FC04BCCEF0430
:20BCB000D0094794EE344BCCEF0ED0094794EE0B761F02EB0A2E922E520456B3010D56B3ED
:20BCC000032E6F28761F02EB2B0D761F01BF4709EE17761F02EB0A2E922E5204641B2B2E90
:20BCD000767E38E89A019B43D40FD500767E3B1E767E38F6761F02D156BF01026F0B761F11
:20BCE00002D12B11761F02EB2B2E6F04761F02EB2B0D767DB6F56F685201ED66761F02EB90
:20BCF0009218EC05761F02C34C10EE118F006FC04BCCEF09D0094694EF06761F02C3921D66
:20BD000056C001BC761F02D12B026F4E761F02C3921DED0A761F01BF4B01EE43761F02EBAA
:20BD100056BF010D6F418F006FC04BCCEF04D0094694EE374BCCEF0ED0094694EE0B761F4B
:20BD200002EB0A2E922E520456B3010D56B3032E6F2B761F02EB2B0D761F01BF4609EE177A
:20BD3000761F02EB0A2E922E5204641E2B2E767E38E89A019B43D40FD500767E3B1E767EC2
:20BD400038F6761F02D156BF01026F0E761F02D12B069A01761F02EB2B2E767DDD306F0436
:20BD5000761F02EB2B0D761F02EC9215ED13761F02D19218ED05767E2D2E5203ED0B92A11C
:20BD6000761F02EB56B1420C56B10121EC07D9816F05761F02EBD1322B21767E16F45200E1
:20BD7000ED16761F02D19218ED0C761F02EB56BF430C767E1FF45200EC049A00767E204088
:20BD8000761F02EB921756B101176F07761F02EB9A002B17767E2040761F02D19218EC191A
:20BD9000761F02EB9237ED159241ED119221ED07767E2D2E5203EC039A006F06767E1FF425
:20BDA0005202EC109A02767E20406F0C0B416F0A767E1FF45200EC069A00767E2040284161
:20BDB0000032761F02D1921DEC05761F02EB9236ED0AD20A767E2D2E5200EC149A00767EED
:20BDC0002D746F1092A2ED0D767E2D2E5203EC0A9A03767E2D74D132761F02EB2B216F0207
:20BDD000DA81761F02EB9218EC05761F02C34C10EE10761F02EC9227761F02EB9001CA36D8
:20BDE000ED08DB8192A3ED0756BF450CFFEF00D68DC001F4767E16F4520056C1FD98761FCC
:20BDF00002EC921556C1FD930A42924252FAFFE9FD8E761F02EB56BF4B0C56BF0212FFEF13
:20BE000000CD9A00767E2D74761F02D19202520156C000AB767E16D45200ED54767E172575
:20BE10005200EC50761F02EB9217EC4C761F02D19218EC48761F02D1921D5201ED43761FAC
:20BE200002EB2B21761F02D12B11761F02D12B08761F02D0923D5201ED04761F02D12B0677
:20BE3000767E1FF45202EC049A02767E2040761F02C3921DED0A767DD9215200ED66767E31
:20BE400038E89A009B506F65767E38E89A029B00D40FD500767E3B1E9A009B14D40FD50018
:20BE5000767E3B1E9A029B00D40FD500767E3B1E9A009B14D40FD500767E3B1E9A029B00C4
:20BE60006F48761F02D192025201ED4E767E16F45200ED05767E17255200ED46761F02EC07
:20BE70009215761F02EBCA17ED3F761F02C3921DED3B761F02D1921D5201ED36761F02EB3C
:20BE800056BF0121767E1FF45200EC049A00767E2040761F02EB56BF0113761F02D12B11E5
:20BE9000761F02D12B08761F02D0923D5201ED04761F02D12B06767DD9215200ED06767EBE
:20BEA00038E89A009B646F05767E38E89A009B32D40FD500767E3B1E767E38F6761F02EB31
:20BEB00056BF03126F1A761F02EB9A002B21767E2D749A00767E2040761F02EB56BF01122A
:20BEC0006F0C9A002B21767E2D749A00767E2040761F02EB56BF0412FE8482BE86BE8BBE82
:20BED0000006B2BD761F02EB9A002B172B212B13767E2D749A00767E2040D1FA761F02D13F
:20BEE0009202EC3F761F02D19208761F02D1CA11ED09767DD83D5200ED29761F02D19206D8
:20BEF000EC25761F02D12B11767DD83D5200ED04761F02D12B06761F02C3921DEC17767E99
:20BF000038E89A009B64D40FD500767E3B1E9A009B64D40FD500767E3B1E9A009B64D40F49
:20BF1000D500767E3B1E767E38F6761F02D12B02767DD83D5201ED0E761F02D12B096F07D0
:20BF2000761F02D12B11761F02D12B08761F02D12B06761F02EB92352B0DED04767DB39978
:20BF30006F022B3592125204EC216F0A56BF020C767DB1E7761F02EB96126F18D9819A004D
:20BF4000767E3CDD761F02EB96144114EE0D4014EFF792A1EDF4922C56BF010CECE89215AF
:20BF500056BF0112ECED56BF04128BBE0006B2BD8D406FC0761F01BF8AA1DC0D1AC4008024
:20BF60009A001AE900081A0500201A0508001A0D02001A0D0040761F02D12B11761F02D11A
:20BF70002B08761F02D12B02761F02EB2B0D761F02D12B1D761F02D12B09761F02D12B064A
:20BF8000761F02EB2B21767DE9F29A00767E2D749A00767E20403B10761F02D42B12761F60
:20BF900002D42B11761F02D32B1C761F02D32B17761F02D32B242910761F02D38F3F7F7009
:20BFA0002B191BC4495656C000A78F3F7F711BC4454D56C000A1761F02EBD90C56BF012778
:20BFB0001AC10080D1966F07761F01BF4C01EE031A0310009A00FF69767E3CDD761F02EBE8
:20BFC00096144014EFF8761F02C39205ED11761F01A09204761F02C3721C761F01A292040B
:20BFD000761F02C3721E761F02C356BF0105D98192A1ED68761F02D4921452C8635C1B14F7
:20BFE000FF3865593B10761F02D496122910761F02D4921752C863481B17FF3865453B107E
:20BFF000761F02D496112910761F02D3921B52C863341B1BFF3865313B10761F02D3961CB4
:20C000002910761F02D3921652C863221B16FF38651F3B10761F02D396172910761F02D345
:20C01000922652C8630E1B26FF38650B3B10761F02D396242910761F02EB56BF01126F34F0
:20C02000761F02EB56BF2F1556BF2F386F2B761F02EB56BF19156F26761F02EB56BF1815F1
:20C0300056BF18386F1F761F02EB56BF171556BF17386F18761F02EB56BF161556BF16382A
:20C040006F115291FFE6FF72761F01BF1A051000FFEFFF72761F02EB2B2756BF1E1556BF13
:20C050001E3856BF04128BBEFF6900068F406FC08AA5761F01BFDC021AC400109A008AA581
:20C06000DC0D1AC400801AED00081A0500201A0508001A0D02001A0D0040761F02D12B11D0
:20C07000761F02D12B08761F02D12B02761F02EB2B0D761F02D12B1D761F02D12B09761FE5
:20C0800002D12B06761F02EB2B17767DE9F29A00767E2D749A00767E20406F205201EC1C03
:20C090005205EC175202EC125203EC0D5204EC08520656B00112ED10767DB33E6F0F767D89
:20C0A000B4236F0C767DB7466F09767DBA096F06767DBB636F03767DBED1761F02EB921270
:20C0B000EDDE767DBF576FFA761F02EB2B1256BF01352B2156BF012756BF010F761F02D014
:20C0C0002B3D761F02EB2B3000069A00000680C5310092A7522CEC15BE0092A65206671181
:20C0D000A9A9DFB00AC4DD01FF328EA9A9A9FF3007A00DA780C5FF5ADE0192A7522CEDEE70
:20C0E00029010AC4FF20FFFF0FAB670428A9FFFF000692AB0006B2BD8BA592C1ED1F92F46A
:20C0F0009C01523B69112BF492EC9C01523B690A2BEC92E49C01521766030AE46F062BE4E4
:20C100006F0496EC6F0296F4761F02800A0B1B0B1518690D2B0B9A026F0B8F40BBE4020777
:20C11000767E3E662BC1761F02802B0B9A018BBE0006520058A9EC149CFF88A992C554C4C6
:20C12000ED07DD01DC01D881000EFFFA6F07522AED07D8819294520DED039A0100069A0001
:20C1300000062DA99AB48F40A14037A9A0A907AB8AA956BF28C456BF4ECCA0A956BF41D464
:20C1400007AB56BF4BDC56BF0DE48AA99B0592AC767E373A00062DA99AB48F40A14037A9BB
:20C15000A0A907AB8AA956BF28C456BF41CCA0A956BF43D407AB56BF4BDC56BF0DE48AA9E2
:20C160009B0592AC767E373A0006B2BDAABD5AA98D40A0C00EA2FF36560100A18AA19A02CC
:20C170009B00DC02767E365C761F02EF9B0096248AA19A02DC04767E365C761F02EF9B0087
:20C1800096258AA19A02DC06767E365C761F02EF9B0096268AA19A02DC08767E365C761F12
:20C1900002EF9B0096278AA19A02DC0A767E365C761F02EF9B0096288AA19A02DC0C767E91
:20C1A000365CD90E761F02EF9B0096298AA19A02767E365C761F02EF962A80242FA993A7DD
:20C1B0005363663F5316683D922593A99DFE27A8520C66375200EC35882693A6531F66314B
:20C1C0005300EC2F93275306662C9328531766299329533B662693AA533B662393A6531EC4
:20C1D00069095204EC1E5206EC1C5209EC1A520BEC1892A79003531C690C93ABED0352002B
:20C1E000ED1093A6531D690593ABED035200EC099A059B09767E3D0992A2767DC14B6F0493
:20C1F00092A2767DC13186BE8BBE0006B2BDAABDA2BD59A90EA98F00A0C0FF361EA7A8A95B
:20C2000007A7090183A992C5525356C001A892CD525456C10129524356C101A4525356C02D
:20C21000019E93D5534956C000A892DD9CB288A956C000A392E55256ED3192ED5249ED2E94
:20C2200092F55242ED2B92FD523FEC16A8A907A709088AA99A039B00767E365C5200FFE473
:20C23000017E52C8FFE2017B3B109C9C761F02D39619FFEF00D49AB42DA18DC0A14037A970
:20C24000761F02D3A2A907AB86A956BF28C2A2A907AB8AA982A992196F3592A6ED6D92E596
:20C250005256ED3392ED5256ED3092F55242ED2D92FD523FEC16A8A907A709088AA99A038B
:20C260009B00767E365C5200FFE4014952C8FFE201463B109C9C761F02D3963FFFEF009F8D
:20C270009AB42DA18DC0A14037A9761F02D3A2A907AB86A956BF28C2A2A907AB8AA982A994
:20C28000923F9C64FFEF00A392A6ED3692E55256ED3392ED5256ED3092F55244ED2D92FD98
:20C29000523FEC17A8A907A709088AA99A039B00767E365C5200FFE401121BA90190FFE27B
:20C2A000010E3B109BC8761F02D39EA896366F669AB42DA18DC0A14037A9761F02D3A2A991
:20C2B00007AB86A956BF28C2A2A907AB8AA982A99AC894366F6B534CED1F92DD524FED1C69
:20C2C00092E55241ED1992ED5244ED1692F5524FED1392FD524EED10D00892955231EC066E
:20C2D0003B10761F02EB2B186F393B10761F02EB56BF01186F33534356C000D192DD524873
:20C2E00056C000CD92E5524756C000C992ED524356C000C592F5525556C000C192FD525245
:20C2F00056C000BDD0089295525256C000B8D0099295523FEC1AA8A907A7090A8AA99A0371
:20C300009B00767E365C5200FFE400A95280FFE200A63B10761F02EC96262910FF6992A167
:20C31000767DC14BFFEF009E9AB42DA18DC0A14037A9761F02ECA2A907AB86A956BF28C2AA
:20C32000A2A907AB8AA982A992269B03D500DC01767E36CF9B0556BF0DE292A18AA3767EA9
:20C33000373A6F7F92D55246ED2D93DD5341ED2A93E5534EED2792ED523FEC12A8A907A720
:20C3400009068AA99A039B00767E365C52006466526663643B10761F02E1960C6FBF9AB461
:20C350002DA18DC0A14037A9761F02E1A2A907AB86A956BF28C2A2A907AB8AA982A9920C55
:20C360006FC55242ED2693DD5341ED2393E55354ED2093ED5353ED1D93F55350ED1A93FDB0
:20C370005353ED17D00893955353ED13D00993955344ED0FD00A92955231EC06761F01BFFE
:20C380001A0C00806F8D761F01BF1A0A00806F88524CED2792DD524CED2492E55243ED2121
:20C3900092ED524CED1E92F5524FED1B92FD5243ED18D0089295524BED14D00992955231EC
:20C3A000EC07761F01BF1A051000FFEFFF6A761F01BF1A031000FFEFFF6492A1767DC131C4
:20C3B00082BE86BE8BBE0006761F02EB9218ED10761F01BF4700EE19761F02800A0C920C03
:20C3C00052146516761F02EB56BF01186F0E761F01BF4700EF0A761F02800A0C920C521489
:20C3D0006507761F02EB2B18761F02802B0C0006FE028F406FC08AA5761F01BFDC0D1AC47F
:20C3E00000809A001AED00081A0500201A0D00401A0500101A0D02001A050800761F02EB6D
:20C3F0002B17761F02EB2B21761F02D12B11761F02D12B08761F02D12B02761F02EB2B0D8F
:20C40000767DE9F29A00767E2D749A00767E20402B416F020A411B4107D068FD3B1076FFB1
:20C4100061007620FE82FF690006B2BDAABDA2BDFE068F00A0C096450EA9FF36560100A43D
:20C4200083A4DD0393C55343ED1293E45361ED0F93EC536EED0C93F45363ED0993FC53652E
:20C43000ED06D0089394536C56C100E6761F0280931F56C0009C2DF4310AD00893ABD10A76
:20C4400095FC2DA8350A94942D9C08A9EB30D00B5BA9D10D350A949408A9FDF0D00E964400
:20C450002D9C350AD110949408A9FDF0D01196432D9C350AD113949408A9FDF0D0149642F5
:20C460002D9CD116350A94942D9C08A9FDF0D017D1195AA9350A94942D9C08A9FDF0D01AB2
:20C4700080A9350A28AC2710949408A9FDF0D01C96418894D01E5994D01FDEB01294D020A6
:20C4800028AC044C339493ABD02295A927A82D94D023350A94AB2DD4310A949493AB08A9EF
:20C49000DCB058A995C52DA8350A94E408A9EB301BA901F4FFE6009B1BA301F4FFE60097E5
:20C4A00093A69DFF5304FFE7009293415364FFE6008E3B1096282D417B1356BF01108F0020
:20C4B000A02C332828AA00640EABF60F1FAA9625934497C4934397CC934297D493A1532B70
:20C4C0007ADC7F187E1DEC03532DEC039B016F0328A8FFFF971C78212B2056BF0F1F2B2471
:20C4D0002B1B2B262910FF696F4C9324ED1D9BB42D458F40A14037A8A0A907AB8AA956BF05
:20C4E00057C4A0A956BF61CC56BF69D407AB56BF74DC56BF69E456BF67EC56BF0DF48AA91A
:20C4F0009B0792AC6F419BB42D458F40A14037A8A0A9D00807AB8AA956BF57C4A0A956BFB8
:20C5000061CC56BF69D407AB56BF74DC56BF55E456BF70EC56BF6CF456BF6FFC56BF6194C7
:20C51000D00956BF6494D00A56BF0D948AA99B0B92AC6F1A761F02802B1F2B1D2B282B24AA
:20C520009BB42D458F40A14037A8A0A907AB8AA956BF4FC4A0A956BF4BCC56BF0DD407AB38
:20C530008AA99B0392AC767E373AFE8682BE86BE8BBE0006AABD761F028080A9931FED2CAE
:20C540000EA78F00A0C2FF36560100A493C49DD02DA8530467659324EC638F00A20056BFFD
:20C5500001C483A492247680A4002BAB96CCDD02932428A901F49D015AA836A9560100A67F
:20C560002F86AAA957850DAA86A992AB9C0127A9542468F76F3C0EA78F00A0C2FF36560193
:20C5700000A493C49DD02DA85304673A9324EC388F00A20056BF01C4922483A4D0003B01A7
:20C5800096CC9A019324DD02FF669D01FF5E5AA8C01F28A901F437A92D2092A094AC88A931
:20C5900054286805922094A09E2488A9A9A981A67680A400560100A688C6AAA97E850DA662
:20C5A00086A992A09C0158A9542468E893249D0292A758A893247A949D03767E371586BE3C
:20C5B0000006B2BDAABDA2BDFE04761F028059A9931F56C000A68F00A01958A1809493A718
:20C5C000EC1B88A70EA12DA1D400DE81FF368EA99AB437A93AA98F40A0C00DA4560100A51C
:20C5D0002DC5A9A98F40A1400DA4DC01560100A521C5000EFFF19AB42DA18F00A14036A97E
:20C5E000560100A492A193A7767E373A0EA18F00A0C0FF36D008D10A560100A42DD4350AAD
:20C5F00094DC2DA9350A94E408A9EB3096412DF4350A94FC2DA9350A94942D9C08A9EB30C9
:20C60000D00B5AA9D10D350A949408A9FDF0D00E96422D9C350AD110949408A9FDF0D01113
:20C6100096432D9CD113350A94942D9C08A9FDF0D014D1165BA9350A94942D9C08A9FDF019
:20C62000D0175DA9D11D350A949408A9FDF0D01980A992949CD0D01B964488942D9CD01EDE
:20C63000350A9494D01F2DA9350A9494D0202DA931642D94350B94AB08A9DCB01B4101F42E
:20C64000DEB0661E1BA201F4661B9344530466183B10761F028093418F00A02C2B157A138B
:20C650007A119714934297C4934397CC7BD47DDC7F1893447E2296212B2497162910FE8407
:20C6600082BE86BE8BBEFF690006B2BDAABDA2BDFE029BB42DA98D80A14037A896418DC034
:20C67000B25DD500AAA907AB8BA9AAA956BF28C107AB8AA986A9DC019B04CCD30002FFC04C
:20C68000767E36CF9AC856BF20E9D5008AA293C3DC0691FF94A89B04767E36CFD00A9AC848
:20C69000D5008AA256BF209193C3DC0BFFD794A89B04767E36CFD00F9AC8D5008AA256BF85
:20C6A000209193CBDC1091FF94A89B04767E36CFD014761F02C99B04D5008AA256BF209171
:20C6B000DC159220767E36CFD019761F02C99B04D5008AA256BF2091DC1A9221767E36CF7D
:20C6C000D01E761F02C99B04D5008AA256BF2091921EDC1FFFC7767E36CFD023761F02C9E9
:20C6D00056BF20918AA2D024CC1F0004FFC19C309B04D5009691DC2AD025CC1F0008FFC29F
:20C6E0009C309691D026CC1F0010FFC39C309691D027921F90019C309691D028CC1F01E0B1
:20C6F000FFC49C30761F02EB9691D029920456BF2091767E36CF761F02EBD02E9B04D500B0
:20C700008AA2920156BF2091DC2F767E36CF761F02EAD0339B04D5008AA2923756BF2091DD
:20C71000DC34767E36CFD0389B3956BF0D918AA29241767E373AFE8282BE86BE8BBE0006BA
:20C72000B2BDAABDA2BD9BB42DA959A98DC0A14037A8761F02EFD500A2A907AB86A9A2A9BE
:20C7300056BF28C207AB8AA982A9DC019B029232767E36CF761F02EF9B02D50056BF2DDA8F
:20C740008AA39233DC04767E36CF761F02EF9B02D50056BF2DF28AA39234DC07767E36CF13
:20C75000D009761F02EF9B02D5008AA356BF2C92DC0A9236767E36CFD00C761F02EF9B0252
:20C76000D5008AA356BF3A92DC0D9237767E36CFD00F761F02EF9B02D5008AA356BF3A9246
:20C77000DC109238767E36CFD012761F02EF9B02D5008AA356BF5F92DC139235767E36CF3E
:20C78000D0159B1692A18AA356BF0D92767E373A82BE86BE8BBE0006B2BDAABDA2BD9BB433
:20C790002DA959A98DC0A14037A8761F02B9D500A2A907AB86A9A2A956BF28C207AB8AA924
:20C7A00082A9DC019B059212767E36CF761F02EE9B03D50056BF54F28AA3921FDC07767E2C
:20C7B00036CF761F02EED00A9B03D5008AA3921E56BF2092DC0B767E36CF761F02EED00EAB
:20C7C0009B03D5008AA3922156BF2092DC0F767E36CF761F02EED0129B04D5008AA3921DA4
:20C7D00056BF2092DC13767E36CF761F02EED0179B04D5008AA3922056BF2092DC18767E2C
:20C7E00036CFD01C761F02E19B04D5008AA356BF54929200D01DDC1F56BF6A92D01E56BFA6
:20C7F0003A92767E36CF761F02E1D0239B04D5008AA3920256BF2092DC24767E36CF761F6F
:20C8000002E1D0289B04D5008AA3920156BF2092DC29767E36CF761F02E1D02D9B04D5005B
:20C810008AA3920B56BF2092DC2E767E36CFD032761F02E19B03D5008AA356BF20929204FD
:20C82000D033DC3556BF4692D03456BF3A92767E36CF761F02E1D0388AA39B03D500920364
:20C8300056BF2092DC39767E36CFD03C761F02E19B03D5008AA356BF20929206DC3D767E83
:20C8400036CFD04028A91193761F01A3BE2D8AA356BF2092D5009E09DC410EA9F60F1FA61C
:20C850009B03767E36CFD044761F02E156BF20928AA39B03D500D045921356BF5392DC4767
:20C86000D04656BF3A92767E36CFD04A761F02E19B03D5008AA356BF20929210DC4B767E12
:20C8700036CFD04E761F02E19B03D5008AA356BF20929219DC4F767E36CFD052761F02E13D
:20C880009B03D5008AA356BF20929218DC53767E36CFD0569B5892A156BF20928AA3D057F8
:20C8900056BF0D92767E373A82BE86BE8BBE0006B2BDAABDA2BD9BB42DA959A98DC0A14012
:20C8A00037A8761F02D9D501A2A907AB86A9A2A956BF41C207AB8AA982A9DC019B039200A7
:20C8B000767E36CF761F02D99B02D50256BF42F28AA3920BDC07767E36CF761F02EAD00C3F
:20C8C0009B02D5018AA3923656BF4392DC0D767E36CF761F02EAD0119B02D5018AA3923C54
:20C8D00056BF4492DC12767E36CF3B01761F02EAD016D5018AA3853556BF4592DC17FF56E2
:20C8E0009B03767E36CF3B01761F02EAD01CD5018AA3853856BF2092DC1DFF569B03767E91
:20C8F00036CF761F02C1D0229B03D5018AA3923056BF4692DC23767E36CF761F02C1D02841
:20C900009B03D5018AA3922D56BF4792DC29767E36CF761F02E8D02E9B03D5018AA3922FEC
:20C9100056BF4892DC2F767E36CF761F02D7D0349B03D5018AA3923356BF4D92DC35767E43
:20C9200036CF761F02D1D03A9B05D5008AA3923C56BF2092DC3B767E36CF761F02B0D040E2
:20C930008AA39B05D500921A56BF2092DC41767E36CFD046761F02DF9B05D5008AA356BF79
:20C940005092920ADC47767E36CFD04C761F02DF9B02D5028AA356BF51929206DC4D767E5D
:20C9500036CFD052761F02EB9B02D5008AA356BF4C92920CDC53767E36CFD055761F02EB1F
:20C960009B02D5008AA356BF4992922ADC56767E36CFD05856BF5292767DF4119B30D05934
:20C9700095A99792767DF4419B30D05A95A99792767DF4659B30D05B95A99792767DF435F7
:20C980009B30D05C95A99792767E23C29B30D05D8F006FC095A99792761F01BFD05E56BFAB
:20C990002092D009CC940080FFC6D05F9C309692D060CCCC0008FFC29C309692D061CC01B1
:20C9A0000020FFC49C309692D062CC010800FFCA761F02EB9C309692D06392179C3056BF9D
:20C9B0002092D0649692767E2D2E9B30D06595A99792767E1FF49B30D06695A99792767D41
:20C9C000E3539B30D067761F01BF95A99792D06856BF2092D069920190019C309692D06AD9
:20C9D000CC090004FFC19C309692D06BCC090010FFC39C309692D06CCC012000FFCC9C3024
:20C9E0009692D06DCC010004FFC19C309692D06ECC010002FFC09C30761F02EB9692D06FCC
:20C9F00092189C30761F02EE56BF2092D0709692D071922E9C30761F02EB9692D072921F93
:20CA00009C30761F02D09692D073923D9C309692767DD83D9B30D07495A98AA3761F01BFDE
:20CA10009792D07556BF2092D076D50056BF5392DC7CD0779B02CC090200FFC89C309692EE
:20CA2000D078CC090040FFC5761F02EB9C309692D07992299C30761F02EB9692D07A9228E1
:20CA30009C30761F02EB9692D07B921556BF6692767E36CFD07E9B7F92A18AA356BF0D92FC
:20CA4000767E373A82BE86BE8BBE0006B2BDAABDA2BD59A982A586A4767E396C5201EC033B
:20CA50002BC36F020AC392A1767E37D05200ED049A0096C26F030AC292C293C3530A660389
:20CA600052C869192BC32BC23B109B00FF6992A1767E399F9B0192A1767E399F0EA18F0019
:20CA7000A040D500FF36560100A49B7F92A1767E37D8291082BE86BE8BBEFF690006AABD96
:20CA800027A98F00A0C00EAB76FF3288D209FF36560100A4A8AC83A792C7ABA4DD01767DED
:20CA9000C1195200ED08DF0E000AFFF792AB767DC1316F05D00C92ABC5973E6786BE00067E
:20CAA000B2BDAABDA2BDFE0A8F00A01259A98F40A017A8A90DA18AA9A0A90DA183A992A1E8
:20CAB000767DCA468D80A02A0EA11E460EA1FF30560100A292A18AC2767E37BC5201EC55A8
:20CAC0008F00A0C0A8448F00A023A8A98F00A0190DA11E4AA8A90DA182A90646FF361E466B
:20CAD0008A4A2BC492C3527F6735C446064407A68AA992C49641767DD8795441EC159241B3
:20CAE000521FEC128AC292C4520DEC08520AEC060AC30201560100C26F2292A1767DCA7F9B
:20CAF0008AC22BC46F170AC3020188C3560100C2C546064407A78AA91E4892A6767D8FAB30
:20CB00005200EC0D93C38A4892A1767D965506486F04C446064407A61EC22BC38AC292A182
:20CB1000767E37BC5201EDBD8F00A023A8A90DA18AA992C45202680C0EA18F40A0C02BC4B2
:20CB2000FF36560100A5A0C28F40A0192B9D0AC4FE8A82BE86BE8BBE0006761F028092043C
:20CB3000EC180B0DEC039202EC148F00BBF28F40A00256BF140D767DC0EB52019601EC05EA
:20CB40005202ED072B040006767E37F1767E38450006B2BDAABDA2BDFE068F00A0C0D200CB
:20CB50008DC0A0198D40A02AA8448F00A040A8468A469B7FD50092A2767E37D8DA01BE80D0
:20CB600006441EC12B83D90206460DA6BE801E4606440DA61E4492A2ECEC8F3E3091761FD4
:20CB700002B028A92EE0A826761F02B08F3E30F2A824767E077B767E2719767DDCD8767D00
:20CB8000DC93767DDBBE767DDF17767DD869761F02B03B019620020A1E42342000B5FF418F
:20CB900000FE3DF1761F02EC9622761F02EB2B18767DD859761F02C3961D767DD86D1BA92C
:20CBA0001388EC04767E2F146F03767E2F3A767E1735767E2A7A767E24D9767E16BF9A00B8
:20CBB000767E3CDD59A940A1EF21761F02C392055205ED11761F01A09204761F02C3721C6B
:20CBC000761F01A29204761F02C3721E761F02C356BF0605761F02EB9212EC03767DC3B4A4
:20CBD0009A00767DCAA0767DCB2D41A1EF0D761F02802B03761F02EB9224ED06761F0280FE
:20CBE0000A09767DDEB344A1EF0D761F02802B03761F02EB9224ED06761F02800A09767D30
:20CBF000DEE642A1EF0A761F02802B03761F02EB9224ED03767DDE7E43A1EF0A761F0280D5
:20CC00002B03761F02EB9224ED03767DDE494AA1EF0A761F02802B03761F02EB9224ED0353
:20CC1000767DDDC64BA1EF0A761F02802B03761F02EB9224ED03767DDD9549A1EF0A761F3F
:20CC200002EB9224761F028056B1010456B101024CA1EF2A767DD8D15203EC05767DD8D1A0
:20CC30005204ED09761F02EB9217EC05761F02D19218EC16761F0280920EED108F00B27003
:20CC40008F40B262020E767E3E66761F02C99B0A923900FE3E4496396F070B0E6F05761F92
:20CC5000028056BF020E4DA156CCFF5B761F02EB922456C0FF56767DDD62FFEFFF52761F0A
:20CC6000028056BF011156BF280756BF610856BF580556BF57062B0E000688A9B600DE81E0
:20CC70001BA6FFFFEC1C8F7F332493A72784FFD758A893ABF3A093A0FFD358A8560304A7E3
:20CC8000709580A993A792ABFFDB900F58A8F2A0560304A7709580A9000EFFE9CDA700FF49
:20CC900092A75DA8FFC75CA992A55228EC05520DEC03520AED02DD0192A45228EC05520D62
:20CCA000EC03520AED02DC01560308A494A50006B2BDAABDA2BDFE02761F01BF4B01EE0352
:20CCB0002B426F0328420001761F02EB92125206EC5A5203EC425202EC3C5205ED36284174
:20CCC0000001767E2D2E5203ED22767DE3535200EC1C761F02C106386216767E1FF45202B4
:20CCD000ED12767DD8C95203ED05761F02EA922BEC0A761F02D0923D5201ED07767DD88569
:20CCE0005200ED03D1026F04D1016F02D100767E1FF45202ED0C767E2D2E5203EC20767DA1
:20CCF000E3535200ED1C6F032B41D100D2006F1E28410001D2006F192B41D102767E1FF47B
:20CD00005202EC05767E171D5200EDF1767DE3535200EC07761F02EA92386403D2016F060E
:20CD1000D2026F042B41D201D1009242ED0892A15202ED059241520156B101A1761F02EB19
:20CD200092125204ED07761F01BF4709EF0328410001767DE3535200ED06761F02EC182AD1
:20CD3000FFFE6F05761F02EC1A2A00018DC0BB2ACCC3FFC188A9560302A2900FCAA693A1B8
:20CD40009103FF93CBA9924118A8FE3F9003FF85CAA893429101FF97CBA997C3767E171DED
:20CD50005200ED06761F02EC1A3680006F05761F02EC18367FFF767DF4595200ED06761F4E
:20CD600002EC1A3640006F05761F02EC1836BFFF9215ED041A3620006F031836DFFF761FF7
:20CD700002D0923DEC12761F02EC1836FCFFCCC30030FFC35202EC041836FFCF6F12183688
:20CD8000FFEF1A3600206F0D761F02EC92C3CD36FCCF90C0FF81CAA8932A9130CBA9973612
:20CD9000761F02EB8D40BB369318CCC1E3FF9101FF9B761F02ECCBA992C3900CFF87CAA81D
:20CDA00093C318A9FF3F9101FF96CBA9CC2A0100FFC1CAA8500196C1767DD83D5201EC2C3F
:20CDB00018C9FFFE767DF4A15200ED06761F02EC1A3700026F05761F02EC1837FFFD761F0B
:20CDC00002EB92125205ED13761F02D0923D5201ED0E761F02EB9217EC0A767E1FF452026B
:20CDD000ED06761F02EC1A3700046F17761F02EC1837FFFB6F12761F01BF9209761F02EC32
:20CDE0001837FFFE761F01BFCC090040761F02ECFFC598371837FFF9761F02EB92125202A6
:20CDF000EC035205ED14761F02D0923D5201EC08761F02EC1837FFEF1A3700086F0C761F36
:20CE000002EC1837FFF71A3700106F05761F02EC1837FFE7FE8282BE86BE8BBE0006B2BD90
:20CE1000AABDA2BDFE04761F01BF9201CC010800FFCA761F02EC59A993159643EC0F5080E3
:20CE20002842000159A9767DE3535200EC0828A90100D301CAA196416F042B427941D300C1
:20CE3000761F01BF470956BC00A156BD01A14609EE0418413FFF6F07924118A93FFF1AA9F2
:20CE400040009641761F02EB92125203EC7B5202EC725205EC135206EC081841FF81D200DA
:20CE5000D1002B44FFEF008F92412B44D10018A9FF835002D201FFEF0085767E2D2E520373
:20CE6000ED31761F02E90604640528440002D2026F04284400015A44761F01BF9201D10127
:20CE70009241CCA9FFBF50209641767E171D5200ED0E9241CCA9FFE788A9560303A2D201B0
:20CE8000CAA6CCA9FFFB500296416F1B9241CCA9FFE788A9560303A2D200CAA6CCA9FFF9F4
:20CE90006FF49241CCA9FF9F88A9560305A1CAA6964193A9FFD0FFC2910390035AA89644F3
:20CEA000767DD8C95203ED0892445201ED05761F02EA922BEC0D761F02D0923D5201ED329A
:20CEB00092445201ED2F767DD8855200ED2B1841FFE76F989241D1012B4418A9FF81502058
:20CEC0006F1F9241761F02EC18A9FF9FD100284400029641CCA9FFF75010930AED0F761F00
:20CED00002EA933863079241D20218A9FFF150146F08CCA9FFFBFFEFFF7ECCA9FFF9D200D5
:20CEE0009641761F02ECCC24FFF888A9560301A2CAA680A9924418A7FFE7560303A9761F16
:20CEF00002C293A9CBA788A818A6FF9F560305A1CAA6CA4380A9924218A7FF7F560307A965
:20CF000093A9CBA788A818A6FEFF560308A3CAA6934118A9C1FFCDA80600CBA99204900793
:20CF1000761F02ECFF8ACAA89624FE8482BE86BE8BBE0006B2BDAABDFE02761F02EC921574
:20CF2000EC33761F02C3480FEE2F767DD8C95202EC15767DD8C95200EC11767DD8C9520151
:20CF3000EC0D761F02EA922BED09761F02EA920DED05761F02C9421FEF2B767DD915761F51
:20CF400002EC0EA91E38767DD9253B01761F02EC85A90F38632D767DD9253B01761F02EC71
:20CF500085A91E386F25767DD8C95202EC13767DD8C95200EC0F761F02EA922BED0B761F16
:20CF600002EA920DED07761F02C9421FEE0302006F17767DD915761F02EC0EA91E38767D94
:20CF7000D9253B01761F02EC85A90F3864050264560100386F08767DD9253B0185A9761FAA
:20CF800002EC1E38761F02C9CC1F0004761F02EAFFC1CA2B761F02EACA0DEC070264761F82
:20CF900002EC0F38564802380247761F02EC3B011EAC56440038FF451E381EAC761F02D005
:20CFA000923D5201ED2C761F02D81B1B038467048D8003846F025A1B767DD8855200EC1D7A
:20CFB000767DD8815200EC19761F02EA0E36761F02EC1EAC564400388BA9767DD88134A97D
:20CFC00027100FA16306767DD88134A927108BA90EA21E42B2A96F1302006F13761F02D98C
:20CFD0001B00038467048D8003846F025A000EA2761F02EA1E420E36564400A900FE3DF191
:20CFE000761F02EC1BA206A41E3E6604280106A46F027A01761F02EE0264562100231E42DD
:20CFF000761F02E85644003200FE3DF13B01761F02EC83A985011E4202641EAC564400A56A
:20D0000000FE3DF18F0001183B0188A9960085A60F3E5648043EA8A90F3E6406063E63052D
:20D0100002001E3E6F02A83E761F01BF4B01EF19A8A9761F02E8012F761F02E8011B761F72
:20D0200002ED1E02630302001E020602761F02EC0F3E6307761F02ED0602761F02EC1E3EAC
:20D03000761F02EC9229ED51767DD8895200EC05767DF4715200EC41761F01BF4B01EF3B2B
:20D04000767DD8715200ED05767E16F45200EC33BE6C761F02E90608761F02E887A6073442
:20D05000761F02DF560500A902641EAC56440020761F02E80FAB564804AB564400320FAB50
:20D06000630488A2C2426F040EA21E42A9A900FE3DF1761F02ED1E000600630302001E00EC
:20D070003B01761F02EC8500761F02ED0F00564804006F2602006F053B01761F02EC8500D8
:20D08000761F02ED1E006F1C850D0FA565060EA21E42564400A56F052D0D0EA21E4235640C
:20D0900000FE3DF1761F02ED3B011E0085A60F00564804000600761F02ECFF541E3E8F00D3
:20D0A0000389761F02ED3B01A8AC56440000FF451EA61E00761F02EC5644003EFF451EA7AC
:20D0B0001E3EFF200DD00FA665080214761F02ED0FA6564802006F068F000DCF761F02ED93
:20D0C000A800FF200A380FA765090600761F02ECFF540FA75648023E6F068F000A37761FD9
:20D0D00002ECA83E761F02EB92125205ED38767E2D2E5203ED34761F02EC1B070DCF64041C
:20D0E00028070DCF6F039223720756210004761F02ED060019050FAC620F020507000FAC6D
:20D0F00064069200761F02EC96046F0A9A05761F02EC74046F05761F02EC08040005920456
:20D100003B01FF5C85A90F3E5648023E85070F3E620392076F02923E96056F08761F02EC72
:20D1100056BF140756BF14042B05767DCE0FFE8286BE8BBE0006767DD859761F02C3541DA0
:20D12000EC22761F02EB92125201EC0A5204EC085200EC199A009B05767E3D0900063B100C
:20D13000FF69767DD859761F02C3961D2910FF69767DD86D1BA91388EC04767E2F140006E1
:20D14000767E2F3A0006B2BDAABDA2BD761F02EB59A992125203ED27761F02EB9213EC2370
:20D15000761F02C3921DED1F761F02D72D331BAC03E8630328AC03E835513B01761F02ECC0
:20D16000FF462DA9542064030A206F022120921A5420562A042092A15420630279209220C2
:20D17000FFEF00A0761F02C29201520256C0008B761F02EB92125203EC0C761F02EC020038
:20D180002B031E3C1E2C92A15419ED7AFFEF0082761F02EA0E36761F02EC5601003C761FD6
:20D1900002E90626761F02EC072C761F02E9071A761F02EC0A031E2C92035208646A063C38
:20D1A0003B012B03FF425AA9062CFF425BA902001E3C1E2C767E171D5200ED0F2DA2351416
:20D1B00008A9FC181BA90C8064051BA90FA062056F0628A90C806F0328A90FA093A99D3238
:20D1C00055A36416761F02EE932B761F02EC5519640F9B3295A354A86208761F02EE922B89
:20D1D000761F02EC541965080819000A6F059A0A761F02EC741992A154196422767DD9217C
:20D1E0005200ED08761F02D89218761F02EC54196610767DD9215201ED1C761F02D8921C03
:20D1F000761F02EC54196915761F02D8921C6F04761F02D89218761F02EC96196F0A7919CB
:20D200006F08761F02EC02002B032B091E3C1E2C761F02EC9219541A562A001A921A962074
:20D2100082BE86BE8BBE0006FE02761F02D79B0A923300FE3ECD3B01761F02EC52FA56B435
:20D22000FAA985A91E425603071B00FE3DF11BA904B062071BA90258630628A902586F0311
:20D2300028A904B0767E2D33FE820006761F02EC2B022B28761F02DF920EED07761F02DFFC
:20D240009201761F02EC9602761F02DE921DED07761F02DF9204761F02EC7202761F02E985
:20D250009202761F02C19E36761F02EC9621767DDD185200ED060200761F02EC1E2E6F0D4A
:20D26000761F02E8063A761F02EC1E2E761F02E8923A761F02EC7221761F01BF4709EF1813
:20D27000761F02D0923DED143B01761F02EC85211EA61E3202001E3006A6640702500FA680
:20D28000652202001E326F1F02001E326F1B767DDD245200EC18761F02D0923D5201ED1378
:20D290000200761F02EC3B011E3285211EA61E30640702500FA6650702001E306F04020012
:20D2A0001E307E28761F02EB9212520556C100835203EC525206EC425202ED37761F02EC4F
:20D2B0002B0F2B10761F02E9C404761F02ECC234761F01BF4709EF18761F02D0923DED1445
:20D2C000761F02EC56BF141FC232767DDD18520056C101B2761F02EC56BF151F062E560134
:20D2D0000032FFEF01A9767DDD24520056C101A4761F02D0923D520156C0019E761F02ECB1
:20D2E00056BF161FFFEF0196761F02EC2B102B0F2B2102001E34FFEF0198761F02EC0200BB
:20D2F00056BF131F2B211E321E301E341E2E92029610960F0006761F02EC02002B211E3249
:20D300001E30761F02E90604761F02EC1E34767E171D5200ED16761F02EC920256BF111F87
:20D3100096109E34960F767DDD18520056C10164761F02EC922E56BF121F740FFFEF015CD3
:20D32000761F02EC923456BF101F2B0F9610FFEF0153767E171D520056C000E5767E1FF4C2
:20D33000520056C100E0761F02EC9215ED70761F02C1063C650F761F02EC0E02BE64761FB5
:20D3400002C1033CFF560FA663053B01853CFF566F04761F02EC9202761F02EC96109310B1
:20D35000761F02C19F3C761F02ECCC2A000C970FFFC1EC0A5201EC065202ED075300620463
:20D360006F04530063022B0F92287210761F01BF4709EF1A761F02D0923DED16761F02ECA2
:20D370003B010E1056BF0D1FAE0F07321E34767DDD185200EC1B761F02EC062E56BF0E1F80
:20D38000564100346F13767DDD245200EC0F761F02D0923D5201ED0A761F02EC3B010E10A2
:20D3900056BF0F1FAE0F07301E34761F02C1063CFFE300E2761F02EC063256C000DD0630B2
:20D3A00056C000DA9210960FFFEFFF452B103B01761F02C1853CFF5652646436923C761F6C
:20D3B00002ECFF5C960F761F01BF4709EF1A761F02D0923DED16761F02EC56BF0A1F761F32
:20D3C00002C1063C761F02EC07321E34767DDD18520056C100B1761F02EC56BF0B1F6F67A0
:20D3D000767DDD24520056C100A7761F02D0923D520156C000A1761F02EC56BF0C1F761FA1
:20D3E00002C1063C6F66761F02EC2B0F761F02E9C404761F02ECC234761F01BF4709EF142D
:20D3F000761F02D0923DED10761F02EC56BF071FC232767DDD185200EC7E761F02EC56BFFC
:20D40000081FFFEFFECD767DDD245200EC74761F02D0923D5201ED6F761F02EC56BF091FE1
:20D410006F68761F02EC92152B0FED383B01761F02C1853C761F02ECFF5694289610761F78
:20D4200001BF4709EF18761F02D0933DED14761F02EC0EA956BF041F07321E34767DDD18B8
:20D430005200EC49761F02EC56BF051F062E564100346F41767DDD245200EC3D761F02D014
:20D44000923D5201ED38761F02EC56BF061F0E10761F02EC07301E346F2E2B10761F02E946
:20D45000C404761F02ECC234761F01BF4709EF14761F02D0923DED10761F02EC56BF011FE8
:20D46000C232767DDD185200EC16761F02EC56BF021FFFEFFE65767DDD245200EC0C761F9F
:20D4700002D0923D5201ED07761F02EC56BF031F06341E30761F02EC0634630302001E34FB
:20D48000062E630302001E2E0006B2BDAABD761F02EC921556B000A1ED069AC8761F02DF2C
:20D49000940A59A9761F02D0D200923D5201EC12767DF4595200ED23761F02EB9212520366
:20D4A000EC1E5206EC1C28AC00BF761F02D930006F11767DF4A15200ED12761F02EB921250
:20D4B0005203EC0D5206EC0B28AC00BF761F02D8301B2901FF469BC895A95AA892A154A237
:20D4C000670259A2767DF4595200EC06767E171D520056B000A1761F02EC2D1C3503761FAA
:20D4D00002EA9436761F02EC9411CDA90003FFA19711961C2DA9761F02EA543269022D3244
:20D4E000761F02EA920DEC04761F02EA2D32350E761F02D028AC00C8943A72AC92AC54A1D7
:20D4F000690259AC767DD8691BA90898EC09767DD8691BA908FCEC0428A90F3C6F0328A9D4
:20D500000ED854A1562A06A11BA1119469038D401194761F02EC5A25767E1FF45200ED0D75
:20D51000767E2D2E5200ED09767DE3535200EC0F767DE3535201EC0B92A154A268119C9CA1
:20D5200054A2660B92A19CF654A266035AA16F0992A29C0A5AA96F055AA1DADA6F02DA8A18
:20D53000761F02EC9229ED0392A26F172D0C350E88A9922593A655A963039CF66F0E9D9CAA
:20D5400055A9650492A69CA66F0893A69DF655A965039C0A6F0292A63B109329ED121BA22F
:20D5500010CC7A256503282510CC9225761F02B096161BA910CC761F02B0961A62166F1770
:20D560001BA910CC96256503282510CC9AC89425761F02B09616761F02EC9225761F02B030
:20D57000961A1BA910CC6503281A10CC761F02EB92125205ED069AC8761F02B0941A6F0D82
:20D58000761F02EB9213EC05761F02B092166F059AC8761F02B09416761F02DE9613291066
:20D5900086BE8BBEFF690006761F01BF4B01EE05767DDD185200EC05761F01BF4709EE032B
:20D5A00002006F07761F02E9061C761F02E90702761F02EC1E3A761F01BF4709EF0C767E59
:20D5B0002D2E5203ED08761F02C10636761F02EC5641003A8F007530761F02ECA8A90F3A7D
:20D5C00064083B01FF24F8AD0F3A5648023A0006A83A0006767DD869761F02B05420EC10DF
:20D5D000761F02EB92125203ED069A009B05767E3D090006767DD869761F02B0962000061C
:20D5E000761F02EB9216761F02ECCA15ED0A767E172D5200EC06761F02EC1A2700016F05F3
:20D5F000761F02EC1827FFFE9229EC0C761F02EB9216761F02ECCA15EC1A767E1725520095
:20D60000ED16767DD8895200EC0D767DF4715200ED09761F02EC9215ED05761F02EB921682
:20D61000EC06761F02EC1827FFFB6F05761F02EC1A270004767E172D5200EC3C767E16F460
:20D620005200ED1E761F02C9CC1F0004761F02EAFFC1CA2BED19767DD8C95202EC15767D26
:20D63000D8C95200EC11767DD8C95201ED09761F02EC9215EC05761F02C3480FEF05761FB8
:20D6400002EA920DEC17767DD8855200ED0E761F02D0923D5201EC0E767DF4115201ED05DF
:20D65000767DF4235200EC06761F02EC1A2700026F05761F02EC1827FFFD761F02EB921848
:20D66000EC21761F02C34C10EF1D761F02EB9216761F02ECCA15ED16767DD8715200ED0DC4
:20D67000767E16F45200ED09767E172D5200ED0A767E17255200ED06761F02EC1A27000892
:20D680000006761F02EC1827FFF70006B2BD761F01BF59A94B01EE2E761F02C39214520541
:20D69000EC295204EC275202EC255203EC23761F02EB9224ED1F761F02D18F00BB1E28A84F
:20D6A00003E85DA19213767E36955200EC16761F02EB9A009B0156BF1B15767E3D09761FFD
:20D6B00002D19A1B9313761F02EB5C15767D96926F04761F02EC2B1E767DD83D5201ED3166
:20D6C000761F01BF4609EE2D761F02C392145205EC285202EC265203EC24761F02EB92122F
:20D6D0005204EC1F761F02D18F00BB1D28A803E85DA1920F767E36955200EC16761F02EB1B
:20D6E0009A009B0156BF1B15767E3D09761F02D19A1B930F761F02EB5C15767D96926F0435
:20D6F000761F02EC2B1D8BBE0006B2BDFE049A78767E23CE9A78767E23EA28A907D0767EE9
:20D7000023DC9AFA767E23D59AC8767E23F19A00767E3CDD59A942A156CC00E6767E0BFD90
:20D71000767E29D0767E0C3C767E29D8767E0BA7767E1C46767E0C14767E29D4767E1E19AF
:20D72000767E10BFBE00C242C244767E29FD767E0B54767E1C3E767E3B35767E29E7761FA6
:20D7300002C1921F767E1F64767E1091BE00C242C244767E1DD7767E1E67767E1C04767E28
:20D740000B3C767E1C2C767E0AF2767E1C1D767E105FBE00C242C244767E1B99767E1BE166
:20D75000767E1E85767E250E761F02B09220767DD1439614767E2D2E5202EC1B767E2D2E58
:20D760005201EC17020A28AC00B5761F02EC3B011E423014FF4100FE3DF19622767E289586
:20D77000761F02EC9222767E289C767E2E9F6F0B761F02EC9B03D4019214767E28DE761F44
:20D7800002B02B0C767E3B395214651E767E2D2E5202EC05767E2D2E5203ED16761F02EB92
:20D790009212EC12761F02EB9A009B0156BF0515767E3D09761F02D39A05933E761F02EB5A
:20D7A0005C15767D9692767E3B41520A651C767E2D2E5202EC05767E2D2E5203ED14761FC2
:20D7B00002EB9212EC10761F02EB9A009B0156BF0615767E3D09761F02EB9A069B015C157B
:20D7C000767D9692767DD485767DCF1A767DCCA89A05767E1F839A0A767E2A459A96767E3F
:20D7D0002A12761F02C1D50328A8F97E8F3FFBA99236767E29AC5200EC12761F02EB9A0017
:20D7E0009B0156BF2B15767E3D09761F02C19A2B9336761F02EB5C15767D9692767E1C7585
:20D7F000767DD59440A156CCFF14761F02C392055201ED11761F01A09204761F02C3721CB1
:20D80000761F01A29204761F02C3721E761F02C356BF0205767E1CD4767DD11B767DD5CA85
:20D81000767DD5E09A96767DD686FFEFFEF2761F02EC281B09282B1456BF011556BF010B71
:20D82000280106A456BFF00C280E07D0280D07D0282228A756BF02230006761F02CB921787
:20D830000006761F02CB92180006761F02CB921A0006761F02CB921B0006761F02CB92287B
:20D840000006761F02CA92140006761F02CA92130006761F02CA92120006761F02CA92119A
:20D850000006761F02CA92100006761F02CA920F0006761F02CA92150006761F02CB92108F
:20D860000006761F02CB920F0006761F02CB920E0006761F02CB92000006761F02CB9201A2
:20D870000006761F02CB920C0006761F02CB922B0006761F02CB92140006761F02CB921253
:20D880000006761F02CB92290006761F02CB922A0006761F02CB92150006761F02CB922018
:20D890000006761F02CB92160006761F02CB92190006761F02CA920D0006761F02CA920C4A
:20D8A0000006761F02CA920E0006761F02CA920A0006761F02CA920B0006761F02CA921948
:20D8B0000006761F02CA921A0006761F02CA92040006761F02CA92050006761F02CA92064B
:20D8C0000006761F02CA92070006761F02CA92160006761F02CB920D0006761F02CB921325
:20D8D0000006761F02CB920A0006761F02CB92070006761F02CB921E0006761F02CB920819
:20D8E0000006761F02CB921F0006761F02CB92020006761F02CB921C0006761F02CB920300
:20D8F0000006761F02CB921D0006761F02CB92050006761F02CB92220006761F02CB9224C8
:20D900000006761F02CB92230006761F02CB92270006761F02CB92250006761F02CB92218F
:20D910000006761F02CB92260006761F02CB92060006761F02CB92040006761F02CB9211CE
:20D920000006761F02CB920B0006761F02CB92090006761F02CA060800068F00B3009CFF87
:20D93000767D8E949B00761F02CC543556B101A892A800068F00B3C09CFF767D8E949B00FE
:20D94000761F02D0542D56B101A892A800068F00B3409CFF767D8E949B00761F02CE542D3C
:20D9500056B101A892A800068F00B2C09CFF767D8E949B00761F02CB542D56B101A892A8AE
:20D9600000068F00B2849CFF767D8E949B00761F02CA542156B101A892A80006761F02CA6A
:20D97000960128A9FEFF767E3CDD5200ECFB0006B2BDAABDA2BD5AA859A982A4767E266EFF
:20D980009AA2767E2605767E269A5201EC2992A1FFC7767E2605767E269A5201EC21CCA177
:20D9900000FF767E2605767E269A5201EC1992A2EC249CFFD1005AA940A1EE0792A1FFC0D2
:20D9A00058A99293FFC76F0692A1FFC058A9CC9300FF767E2605767E269A5201ED05767EA9
:20D9B000264A9A016F10CCA10003ED049A01767DD96ED901000AFFE2767E264A9A02767DDF
:20D9C000D96E9A0082BE86BE8BBE00063B10761F02CB96172910FF6900063B10761F02CBE5
:20D9D00096182910FF6900063B10761F02CB961A2910FF6900063B10761F02CB961B291047
:20D9E000FF6900063B10761F02CB96282910FF6900063B10761F02CA96142910FF690006AA
:20D9F0003B10761F02CA96132910FF6900063B10761F02CA96122910FF6900063B10761F40
:20DA000002CA96112910FF6900063B10761F02CA96102910FF6900063B10761F02CA960FA2
:20DA10002910FF6900063B10761F02CA96152910FF6900063B10761F02CB96102910FF695D
:20DA200000063B10761F02CB960F2910FF6900063B10761F02CB960E2910FF6900063B10A4
:20DA3000761F02CB96002910FF6900063B10761F02CB96012910FF6900063B10761F02CB9F
:20DA4000960C2910FF6900063B10761F02CB962B2910FF6900063B10761F02CB96142910D8
:20DA5000FF6900063B10761F02CB96122910FF6900063B10761F02CB96292910FF69000639
:20DA60003B10761F02CB962A2910FF6900063B10761F02CB96152910FF6900063B10761FB3
:20DA700002CB96202910FF6900063B10761F02CB96162910FF6900063B10761F02CB961910
:20DA80002910FF6900063B10761F02CA960D2910FF6900063B10761F02CA960C2910FF69FA
:20DA900000063B10761F02CA960E2910FF6900063B10761F02CA960A2910FF6900063B103B
:20DAA000761F02CA960B2910FF6900063B10761F02CA96192910FF6900063B10761F02CA0F
:20DAB000961A2910FF6900063B10761F02CA96042910FF6900063B10761F02CA9605291092
:20DAC000FF6900063B10761F02CA96062910FF6900063B10761F02CA1E082910FF69000670
:20DAD0003B10761F02CA96072910FF6900063B10761F02CA96162910FF6900063B10761F67
:20DAE00002CB960D2910FF6900063B10761F02CB96132910FF6900063B10761F02CB960AC5
:20DAF0002910FF6900063B10761F02CB96072910FF6900063B10761F02CB961E2910FF697C
:20DB000000063B10761F02CB96082910FF6900063B10761F02CB961F2910FF6900063B10B9
:20DB1000761F02CB96022910FF6900063B10761F02CB961C2910FF6900063B10761F02CBA1
:20DB200096032910FF6900063B10761F02CB961D2910FF6900063B10761F02CB960529101D
:20DB3000FF6900063B10761F02CB96222910FF6900063B10761F02CB96242910FF6900064D
:20DB40003B10761F02CB96232910FF6900063B10761F02CB96272910FF6900063B10761FC7
:20DB500002CB96252910FF6900063B10761F02CB96212910FF6900063B10761F02CB962612
:20DB60002910FF6900063B10761F02CB96062910FF6900063B10761F02CB96042910FF6926
:20DB700000063B10761F02CB96112910FF6900063B10761F02CB960B2910FF6900063B1054
:20DB8000761F02CB96092910FF69000658A992A8EC089CFF88A992959694D801000EFFFDAE
:20DB900000068F00B3008F7F2F4C9A009B35767DDB8600068F00B3C08F7F2F829A009B6D7D
:20DBA000767DDB8600068F00B3408F7F2F829A009B6D767DDB8600068F00B2C08F7F2F1E72
:20DBB0009A009B2D767DDB8600068F00B2848F7F2F009A009B1D767DDB860006B2BDAABD15
:20DBC000D1038D80B3009B6C28A912008AA2767E273E5200ED0FD0341B92AAAAED0B9A3627
:20DBD000767DD92D5201ED06761F02CA1A0200406F1D9A02767DD96ED98192A1EDE5D103A4
:20DBE0009B6C28A913008AA2767E273E5200ED13D0341B92AAAAED0F9A36767DD92D520146
:20DBF000ED0A761F02CA1A020080761F02B91812DFFF6F0D9A02767DD96ED98192A1EDE11C
:20DC0000761F02B91A122000767DDB9186BE8BBE0006B2BDAABDD1038D80B3C09BDC28A904
:20DC10000B008AA2767E273E5200ED0FD06C1B92AAAAED0B9A6E767DD93A5201ED06761FF8
:20DC200002CA1A0200406F1AD98192A1EDE8D1039BDC28A90E008AA2767E273E5200ED13D0
:20DC3000D06C1B92AAAAED0F9A6E767DD93A5201ED0A761F02CA1A020080761F02B91812CC
:20DC4000DFFF6F0AD98192A1EDE4761F02B91A122000767DDB9A86BE8BBE0006B2BDAABDA2
:20DC5000D1038D80B3409BDC28A905008AA2767E273E5200ED0FD06C1B92AAAAED0B9A6E83
:20DC6000767DD9475201ED06761F02CA1A0200106F1AD98192A1EDE8D1039BDC28A90800AF
:20DC70008AA2767E273E5200ED13D06C1B92AAAAED0F9A6E767DD9475201ED0A761F02CABE
:20DC80001A020020761F02B91812DFFF6F0AD98192A1EDE4761F02B91A122000767DDBA30C
:20DC900086BE8BBE0006B2BDAABDD1038D80B2C09B5C28A901008AA2767E273E5200ED0F1C
:20DCA000D02C1B92AAAAED0B9A2E767DD9545201ED06761F02CA1A0200046F1AD98192A1AA
:20DCB000EDE8D1039B5C28A904008AA2767E273E5200ED13D02C1B92AAAAED0F9A2E767D54
:20DCC000D9545201ED0A761F02CA1A020008761F02B91812DFFF6F0AD98192A1EDE4761F84
:20DCD00002B91A122000767DDBAC86BE8BBE0006B2BDAABDD1038D80B2849A009B3C8AA296
:20DCE000767E273E5200ED0DD01C1B92AAAAED099A1E767DD9615201ED041A0200016F18CF
:20DCF000D98192A1EDEBD1039B3C28A903008AA2767E273E5200ED11D01C1B92AAAAED0D74
:20DD00009A1E767DD9615201ED081A020002761F02B91812DFFF6F0AD98192A1EDE6761FF2
:20DD100002B91A122000767DDBB586BE8BBE0006767DD83D5201ED07761F01BF4609EF03F1
:20DD20009A0100069A000006767DD83D5200ED07761F01BF4609EF039A0100069A0000067D
:20DD30000006B2BDAABDD0358D80B3009A358AA22B92767D8E94D103D03596929B6C28A98C
:20DD400013008AA2767E26A15200ED13D0359B6C28A913005C92767E27955204ED0A761F07
:20DD500002CA1A000040761F02B91812DFFF6F08D98192A1EDE4761F02B91A12200086BE80
:20DD60008BBE0006B2BDAABDD0358D80B3009A358AA22B92767D8E94D103D03596929B6CE4
:20DD700028A912008AA2767E26A15200ED15D0359B6C28A912005C92767E27955204ED0C99
:20DD8000761F02CA1A000080761F02B91812DFFF767DDD316F08D98192A1EDE2761F02B90C
:20DD90001A12200086BE8BBE0006B2BDAABDD06D8D80B3C09A6D8AA22B92767D8E94D10328
:20DDA000D06D96929BDC28A90E008AA2767E26A15200ED13D06D9BDC28A90E005C92767EFA
:20DDB00027955204ED0A761F02CA1A000040761F02B91812DFFF6F08D98192A1EDE4761FCD
:20DDC00002B91A12200086BE8BBE0006B2BDAABDD06D8D80B3409A6D8AA22B92767D8E9491
:20DDD000D103D06D96929BDC28A908008AA2767E26A15200ED13D06D9BDC28A908005C92F6
:20DDE000767E27955204ED0A761F02CA1A000010761F02B91812DFFF6F08D98192A1EDE46E
:20DDF000761F02B91A12200086BE8BBE0006B2BDAABDD1038D80B2C09B5C28A904008AA2C3
:20DE0000767E26A15200ED13D02D9B5C28A904005C92767E27955204ED0A761F02CA1A00C6
:20DE10000008761F02B91812DFFF6F08D98192A1EDE4761F02B91A12200086BE8BBE00068E
:20DE2000B2BDAABDD1038D80B2849B3C28A903008AA2767E26A15200ED13D01D9B3C28A97C
:20DE300003005C92767E27955204ED0A761F02CA1A000002761F02B91812DFFF6F08D9813E
:20DE400092A1EDE4761F02B91A12200086BE8BBE0006B2BDAABDD06D8D80B3C09A6D8AA2C9
:20DE50002B92767D8E94D103D06D96929BDC28A90B008AA2767E26A15200ED17D06D9BDC63
:20DE600028A90B005C92767E27955204ED0E761F02CA1A000080761F02B91812DFFF761FEF
:20DE700002EF1A0E00086F08D98192A1EDE0761F02B91A12200086BE8BBE0006B2BDAABD9B
:20DE8000D06D8D80B3409A6D8AA22B92767D8E94D103D06D96929BDC28A905008AA2767E9A
:20DE900026A15200ED17D06D9BDC28A905005C92767E27955204ED0E761F02CA1A00002041
:20DEA000761F02B91812DFFF761F02EF1A0E00026F08D98192A1EDE0761F02B91A122000ED
:20DEB00086BE8BBE0006B2BDAABDD02D8D80B2C09A2D8AA22B92767D8E94D103D02D9692AF
:20DEC0009B5C28A901008AA2767E26A15200ED15D02D9B5C28A901005C92767E2795520484
:20DED000ED0C761F02CA1A000004761F02B91812DFFF767DDDF76F08D98192A1EDE2761F33
:20DEE00002B91A12200086BE8BBE0006B2BDAABDD01D8D80B2849A1D8AA22B92767D8E94CD
:20DEF000D103D01D96929A009B3C8AA2767E26A15200ED14D01D9A009B3C5C92767E279582
:20DF00005204ED0C761F02CA1A000001761F02B91812DFFF767DDE206F08D98192A1EDE418
:20DF1000761F02B91A12200086BE8BBE0006B2BD767DD8B52BAB1BA909F46208767DD8B552
:20DF20001BA9060C56B300A1630628A90800767DDAB4D101767DD8B91BA909F46206767D2C
:20DF3000D8B91BA9060C630628A90800767DDABBD101767DD8BD1BA909F46206767DD8BD95
:20DF40001BA9060C630628A90800767DDAC2D101767DD8C11BA909F46206767DD8C11BA943
:20DF5000060C630628A90800767DDAD0D101767DD9298F0E10001EA6A8A90FA66409767D22
:20DF6000D9293B011EA6FF2CFF1F0FA665050200767DDAC9D101767DD8A51BA909F4620634
:20DF7000767DD8A51BA9060C630628A90800767DDA98D101767DD8A91BA909F46206767D42
:20DF8000D8A91BA9060C630628A90800767DDA9FD101767DD89D1BA909F46206767DD89DB1
:20DF90001BA9060C630628A90800767DDA8AD101767DD8A11BA909F46206767DD8A11BA96B
:20DFA000060C630628A90800767DDA91D101767DD8C51BA909F46206767DD8C51BA9060CBE
:20DFB000630628A90800767DDAD7D101767DD8691BA90898EC11767DD8691BA908FCEC0C10
:20DFC000767DD8691BA90960EC0728A908FC767DDA2F28AB0001767DD86D1BA91388EC0CB9
:20DFD000767DD86D1BA91770EC0728A91388767DDA3628AB0001767DD9191BA9012C660537
:20DFE000767DD91952F0670728A9011A767DDB6A28AB0001767DD8F51BA9012C6605767D85
:20DFF000D8F552F0670728A9010E767DDB2B28AB0001767DD91993A9767DD8F555A967079A
:20E00000767DD919767DDB2B28AB0001767DD9151BA904B06605767DD915520A670728A90E
:20E010000258767DDB6328AB0001767DD8D552DC6806767DD8D51BA9010E69069AE6767D00
:20E02000DAF328AB0001767DD8DD52F06806767DD8DD1BA9012D690728A9010E767DDB012E
:20E0300028AB0001767DD8E552D26806767DD8E51BA9010E69069AD2767DDB0F28AB0001AB
:20E04000767DD8ED52DC6806767DD8ED1BA9012C69069AE6767DDB1D28AB0001767DD8D971
:20E050005205680C767DD8D9525F6608767DD8D99B0500FE3ED25200EC069A0A767DDAFA21
:20E0600028AB0001767DD8E1520A680C767DD8E152646608767DD8E19B0500FE3ED25200D4
:20E07000EC069A46767DDB0828AB0001767DD8E9525A6608767DD8E99B0500FE3ED2520092
:20E08000EC069A00767DDB1628AB0001767DD8F1520A680C767DD8F152646608767DD8F114
:20E090009B0500FE3ED25200EC069A0A767DDB2428AB0001767DD841520A6405767DD84137
:20E0A000521465059A0E767DD9E9D101767DD925520A6406767DD9251BA904B0650728A904
:20E0B000012C767DDB7F28AB0001767DD8D152006405767DD8D1520465069A00767DDAECFB
:20E0C00028AB0001767DD92152006405767DD921520264069A00767DDB7828AB0001767D72
:20E0D000D85952046205767DD859520063059A00767DDA13D101767DD87152006405767D2E
:20E0E000D871520265069A00767DDA3D28AB0001767DD8C952006505767DD8C952046406FC
:20E0F0009A02767DDADE28AB0001767DD86552006405767DD865520264069A00767DDA288D
:20E1000028AB0001767DD86152006405767DD861520264069A00767DDA2128AB0001767D0B
:20E11000D85D52006405767DD85D520264069A00767DDA1A28AB0001767DD91D5200640520
:20E12000767DD91D520264069A01767DDB7128AB0001767DD87D52006405767DD87D5202EB
:20E1300064069A01767DDA5228AB0001767DD8CD52006405767DD8CD520264069A01767DA0
:20E14000DAE528AB0001767DD87952006505767DD879522064069A01767DDA4B28AB000185
:20E15000767DD88952006405767DD889520264069A00767DDA6728AB0001767DD89152003E
:20E160006405767DD891520264069A00767DDA7528AB0001767DD82DFFC752176606767DE6
:20E17000D82D90FF523B69069A00767DD9C628AB0001767DD831FFC752176606767DD8316C
:20E1800090FF523B69069A00767DD9CD28AB0001767DD83552D26806767DD8351BA9010E88
:20E19000690728A90104767DD9D428AB0001767DD8391BA903B6690728A90258767DD9DBF2
:20E1A00028AB0001767DD8AD1BA909F46206767DD8AD1BA9060C630628A90800767DDAA6E7
:20E1B000D101767DD8B11BA909F46206767DD8B11BA9060C630628A90800767DDAADD101F8
:20E1C000767DD83D52006405767DD83D520264069A00767DD9E228AB0001767DD8815200FC
:20E1D0006406767DD8811BA901F465069A28767DDA5928AB0001767DD88552006405767D9B
:20E1E000D885520264069A01767DDA6028AB0001767DD87552006405767DD875520264066F
:20E1F0009A01767DDA4428AB0001767DD90D52006405767DD90D520264069A00767DDB55A7
:20E2000028AB0001767DD8F952F06806767DD8F91BA90136690728A90124767DDB3228ABBE
:20E210000001767DD90152056806767DD9011BA9038469069A3C767DDB4028AB0001767D29
:20E22000D8FD52056806767DD8FD1BA9038469069A78767DDB3928AB0001767DD9095200AE
:20E23000EC05767DD909525A69069A1E767DDB4E28AB0001767DD91152006405767DD911D0
:20E24000520264069A00767DDB5C28AB0001767DD9055200ED0728A93321767DDB4728AB44
:20E250000001767DD905901FEC17767DD905767DD905FFC4900FEC10767DD905FFC4900FF7
:20E26000520C660A767DD905FFC85263660592AB5201EC066F0728A93321767DDB47767DF3
:20E27000DEB392A15201ED03767DDEE68BBE0006B2BD2DA858A98F40B7E47680B7D6A0A906
:20E2800027AC0DA083A92FC592AA57965201EC230EA076C0B7F47680B7F0FF30560100A7FA
:20E29000560100A606C70FC6680D8D40B7D8B2A90DA08EA993C092A8FFCE94A8FFA094AC4A
:20E2A0006F2B8D40B7D8B2A90DA08EA992AB9EC027A96F190EA076C0B7F47680B7F0FF30DB
:20E2B000560100A7560100A606C70FC6680E8D40B7D8B2A90DA08EA992C093A9FFDE95A9F7
:20E2C000FFB075AB2BC56F0B8D40B7D8B2A90DA08EA992AB94C027A956BF01C528AC0064F6
:20E2D00092AC93AB94AB2DA992A454AC67081BA405DC69059C9C2BC527A993AB8AC6A8C7F5
:20E2E000B60092AAC3C654C5ED0408C000056F0788C092A6FFCE94A6FFA096C092C05264D2
:20E2F0006205521456B414C06F0356BF64C0761F02DF55036605550D6705270D6F022703E2
:20E3000093AB92099CCE54A8680792029C3254A8562A06AB6F0227A992AB8BBE0006761F5E
:20E3100002DE920C0006761F02DE92070006761F02E092160006761F02E092170006761F75
:20E3200002E092210006761F02E092180006761F02E092260006761F02E092270006761F1B
:20E3300002E092310006761F02E092280006761F02E092060006761F02E092070006761F2B
:20E3400002E092110006761F02E092080006761F02DE92020006761F02DE92020006761F68
:20E3500002DE92160006761F02DE92110006B2BD761F02DE59A99204EC509238ED10761FED
:20E3600002DF8F00B7BE5DA192059309767E3695761F02DE520056B001386F11761F02DFCC
:20E370009AC893098F00B7BE5DA19FA99205767E36835200EC04761F02DE2B38761F02DE72
:20E38000923BED11761F02DF8F00B7B95DA192059302767E36835200EC15761F02DE56BF89
:20E39000013B6F17761F02DF8F00B7B993025DA192059D32767E36955200EC04761F02DEC7
:20E3A0002B3B761F02DE923BCA38ED032B1D6F0356BF011D923896108BBE0006761F02DFA1
:20E3B000BEC8930296059FA655A969022B050006B2BD761F02DE59A99204EC6C923CED1014
:20E3C000761F02DF8F00B7B25DA1920A9309767E3695761F02DE520056B0013C6F11761FBB
:20E3D00002DF9AC893098F00B7B25DA19FA9920A767E36835200EC04761F02DE2B3C761F14
:20E3E00002DF920CED102DA1350A8F00B7BD5DA99302920A767E3683761F02DF520056B0DF
:20E3F000010C6F0E9302920A8F00B7BD5DA19D32767E36955200EC04761F02DF2B0C761F3F
:20E4000002DE923CEC17761F02EB92125204EC12761F02EB9A009B0156BF0D15767E3D09A8
:20E41000761F02DF9A0D930A761F02EB5C15767D9692761F02DF9B00920C761F02DECA3CFA
:20E42000761F02DF56B001A8970E761F02DE923C96128BBE0006761F02DFBE969302960AD9
:20E430009FA655A969022B0A0006761F02DE9219ED14761F02DF92029C9C540A69201B0678
:20E4400001F4691D761F02DE0A3A923A521A641A2B3A56BF01196F18761F02DF92029C32DF
:20E45000540A68041B060190670A761F02DE0A3A923A52FA65072B3A2B190006761F02DE5E
:20E460002B3A9219EC17761F02EB92125204EC12761F02EB9A009B0156BF0E15767E3D09E5
:20E47000761F02DF9A0E9306761F02EB5C15767D96920006761F02DE9233ED11761F02DF13
:20E48000D5328F00B7A6920A9303767E36955200EC16761F02DE56BF01336F10761F02DF91
:20E49000D5328F00B7A69303920A9DCE767E36835200EC05761F02DE2B332B26761F02DE53
:20E4A0009230ED2B9233EC3C761F02DF9310D5328F00B7A1920408A801F49401767E3695FF
:20E4B0005200EC2E761F02DE56BF0130761F02EA9238761F02DE9C0A541A6404761F02EA68
:20E4C0009238761F02DE961A02C8761F02E80734761F02DF1E206F149233EC0F761F02DF5C
:20E4D0009310D5328F00B7A1920408A8FE0C9401767E36835200EC04761F02DE2B30761F62
:20E4E00001BF4B01EF09767DD8715200EC05767E2D2E5203EC528F001770761F02DFA82063
:20E4F000761F02DE92302B23ED130A2092205205690F081A0005767DD915761F02DE541AF1
:20E50000673A767DD915761F02DE961A6F3492305201ED7C0A20922052056978761F02DFA9
:20E510008801FF2003E807100FA663059A14761F02DE741A761F02DF8801FF2001F4071049
:20E520000FA6630428A9FFF66F10880102FA07100FA6630428A9FFFB6F080E010F106504E9
:20E5300028A9FFFF6F029A01761F02DE721A921A63022B1A2B200006767DD915761F02DEF2
:20E54000961A2B209230ED120A2392235205690E8F001770761F02DFA8A90F206405026474
:20E55000560100206F30A8206F2E92305201ED2E0A2392235205692A761F02DF8801FF2016
:20E5600003E807100FA66305FF2001F4564100208801FF2001F407100FA66304020019C8FE
:20E570006F0C02FA07100F2064040E010F106504020019646F020264560100200620630376
:20E5800002001E20761F02DE2B230006761F02DE9217ED39761F02EC402AEF06761F02DFD6
:20E590001B0A1450690E761F02DF1B0107D06909761F02DE0A259225521A640656BF011732
:20E5A000761F02DE2B25761F02EC412AEF06761F02DF1B0514506910761F02DF1B0407D0D4
:20E5B000690B761F02DE0A249224521A64082B2456BF01176F06761F02DE2B249217EC1B41
:20E5C0002B246F16761F02DF1B0A177067111B051770670E1B0103E8670B1B0403E86708BF
:20E5D000761F02DE0A259225523265052B17761F02DE2B250006767DE3535202683892071F
:20E5E000761F02DF9C645406672FC41028AC000A320106A6FF321EA706A6FF3007A7FF1393
:20E5F00002711EA6A9A90FA6651F761F02DE0A271B2701F4691C2B27761F02EB9212520419
:20E60000EC16761F02EB9A009B0156BF0F15767E3D09761F02DF9A0F9301761F02EB5C1527
:20E61000767D96920006761F02DE2B270006761F02DF960492029C9C540569022B04000627
:20E62000761F02DF960192029C9C540A69022B010006FE065CAD761F02DE5DA858A9DC861C
:20E63000F6032B840B2A56C0010356BF052A0264761F02EE2D231E42761F02DE120E00FE61
:20E640003DF1761F02DF1EA61E10761F02EC9229EC0A3B01761F02EC850E761F02DF0FA673
:20E65000564804100278761F02DF0F1056480210C41006A6FF321EA706A6FF3007A71EA676
:20E6600092A0ED1492A5EC0D8F001770A8148F00EA60A8A90FA6FFE4008CC21CFFEF008AC1
:20E670008F001770A814FFEF008492A5EC7992103B019E0127012BAA9E0480A90610FF4010
:20E68000FF12007D0FAB643527040FAB632292A7650B28AC000A3004FF5A560301A780A9F1
:20E69000A9A981A76F0728AC000A06A6320103AB190A1E1C8F00EA60A8A90F1C6302A81C34
:20E6A00006A6031C1E141EA6A8A90FA663336F3992A7FFA02DA9350A28AC000A3201A9A608
:20E6B000FF5A565700A6A914320407AB1E1C6F2292A7650B28AC000A3001FF5A560301A71C
:20E6C00080A9A9A981A76F0728AC000A06A6320403AB190A1E148F00EA60A8A90F146302AC
:20E6D000A81406A603141E1C1EA6A8A90FA66302A81C061464088F00EA60A8A90F14630543
:20E6E000A8146F0302001E14061C64078F00EA60A8A90F1C630E6F0C02001E1C6F0A29010B
:20E6F000FF20EA608F001770565000A61E14A81C880A02641EACC242564400141EA6FF15FD
:20E700003D0900FE3DF1761F02DE962E761F02DF0E0A1E4206A6FF053D0900FE3DF1761FA9
:20E7100002DE96291BA905DC6503282905DC761F02DF88055644001CC2421EA6FF153D0930
:20E7200000FE3DF1761F02DE9628761F02DF0E051E4206A6FF053D0900FE3DF1761F02DEFA
:20E73000962B1BA905DC6503282B05DC8807020A761F02DF1E42061400FE3DF12BAA270113
:20E740001E461EA7FF13007D0FAB630492A69CEC6F2306A7FF12007D0FAB630492A69CF668
:20E750006F1B06A7FF12004B0FAB630492A69CFB6F1306A709C80FAB630492A69CFE6F0CB8
:20E7600006A70FAB64041B060A8C690492A69CFF6F039A0194A6761F02DE88A9542E6205FD
:20E770005429630488296F02882E1BA60A8C620592A656B400A66F0376800A8C3B107E0759
:20E780002910880C020AFF69761F02DF1E42061C00FE3DF12BAA27041E441EA7FF12007D5F
:20E790000FAB630492A69CF66F1B06A7FF12004B0FAB630492A69CFB6F1306A709C80FAB41
:20E7A000630492A69CFE6F0C06A70FAB64041B080A8C690492A69CFF6F039A0194A6761F01
:20E7B00002DE88A954286205542B6304882B6F0288281BA60A8C620592A656B400A66F0383
:20E7C00076800A8C3B107E0C2910FE86FF690006761F02DF5232960756B801070006761F65
:20E7D00002DF96000006761F02DE963F0006B2BDAABDA2BDFE0488A8761F02DE93A9921B97
:20E7E00056C101F9920A52046212520456C10166520056C101CF520156C101C5520256C1FA
:20E7F0000193520356C10189FFEF01E5520556C1014C520656C101185207EC06520856C1AC
:20E8000001DBFFEF01D88F00B7ED3B01B6647680B7EA85C41E4287A70EC601C4564400A982
:20E8100000FE3DF13B01761F02DF5DA985CC1E420ECE012E564400A900FE3DF13B0159A99B
:20E8200085D41E420ED6012F564400A900FE3DF13B01BE64761F02DE5AA996367D34793799
:20E83000761F02DF922D9E2F85A9FF5688A9922D9E2E85A9FF5693A655A9655128ABF40050
:20E8400028AA823C0201A9441E42A3A792A29EA585A9568F568F00FE3EB9A9A41EA78CA2EA
:20E85000025834A52A3003ABA3A6568F568FA944A8AB1E4206A7767E350592A23B01761FDA
:20E8600002DFA9ACA9A585A9AB1A560500A9566300A9A9A68EA928A9CB809BA41E442B420B
:20E870003AA92B4100FE3EB98F00070886A9A9A7A8ACA0A9FF16249F560500A9566300A94C
:20E88000565D00A6A944565400A0A3A71E42AAA9767E3505761F02DFA9126F6E28ABF400E8
:20E8900028AA823C0201A9441E42A3A792A19EA585A9568F568F00FE3EB93B01A9A41EA78D
:20E8A00092A185A9FF5A92A58F40025885A9A0AC03AB564400A98CA127D803ABA3A6568FCB
:20E8B000568FA944A8AB1E4206A7767E3505761F02DFA9A6A91206A6AAAB568F568F83A971
:20E8C000A9A228A9BF0028A8202F1E442B42A0A92B4100FE3EB93B0182A90209A9A01E44A8
:20E8D0002B4206A6FF16249F2B411EA692A185A91EAC566300A6560500A600FE3EB9A9A13D
:20E8E0001EA60232AAAB1E442B42A0A92B4100FE3EB91EA7A9A9B2AB565D00A9A9443AABB0
:20E8F00006A6565400A71EA6A2A9C242767E3505761F02DFA91A06121E22061A1E28FF20B4
:20E90000411B0F1262030F1A65039A026F029A01761F02DE961856BF01352B1B56BF080A01
:20E91000FFEF00CA922F52086822761F02E029010604761F02DFFF42962C063CFF42962F1E
:20E920000200761F02E01E04761F02DF1E3C761F02DE2B2F761F01BF1A0410001A042000DC
:20E93000761F02DE56BF070AFFEF00A60A2F0EA8761F02E056010004761F02DF0EA6560156
:20E94000003CFFEF00990A2C922C5219FFE9009456BF060AFFEF008D922F52086821761F40
:20E9500002E08F406FC006022901761F02DF8AA5FF42962BDC04063AFF42962E0200761F32
:20E9600002E01E02761F02DF1E3A761F02DE2B2F1AC410001AD5200056BF050A6F6C0A2FC3
:20E970000EA8761F02E056010002761F02DF0EA65601003A6F600A2C922C5219695C56BF3E
:20E98000040A6F56922F52086821761F02E08F406FC006002901761F02DF8AA5FF42962AB5
:20E99000DC020638FF42962D0200761F02E01E00761F02DF1E38761F02DE2B2F1AC4100027
:20E9A0001AE5200056BF030A6F360A2F0EA8761F02E056010000761F02DF0EA656010038FB
:20E9B0006F2A0A2C922C5219692656BF020A6F20761F01BF8F00B7EA1A04100002001A043D
:20E9C00020002BC4761F02DE2BCC2BD48F00B8001EC41ED41EE48F00B7ED2BC42BCC2BD488
:20E9D0008F00B7F81EC41ED41EE456BF010A2B2C6F022B0AFE8482BE86BE8BBE0006761F0C
:20E9E00002DF96080006761F02DF96060006761F02DE961600060200761F02E01E1E1E0E72
:20E9F0001E2E000688A9CCA9FFFEEC39761F02DECC11FFFEED49761F01A492A62B0B1A0B9B
:20EA000000605202ED25761F02DF920652C86708B61E0E0AF60F1FA7930A9FA96F02930AEF
:20EA1000761F02DE97149314761F02DF550D6706920D761F02DE96149314761F02DF92026B
:20EA20009C32761F02DE54A8562A06146F1D761F02D79233761F02DE96136F1676228F0074
:20EA3000690083A4DD181AC50004761AD00B761F01A4FF6928940555DC0F18C4FFFC280948
:20EA4000FFFF767DE9EB761F02DE7E1100068F00B7F002008F40B7F47680B7E476C0B7D6E1
:20EA50008D00B7D81EC41EC52BC62BC756BF0AC01ED41ED52BCE2BCF56BF0AC80006761FA9
:20EA600002DE56BF0104761F02DF56BF010E761F02DE56BF011D2B112B162B0728130E1052
:20EA7000761F02DF8F0017702809138828020226280310CC280D0258761F02B928020BB809
:20EA8000761F02B956BF3C00761F02B928090140761F02B956BF1E0B761F02B9280401F414
:20EA9000761F02B956BF1905761F02DE56BF010B2B1E761F02DFA810761F02DE280E1770A4
:20EAA0002B332B30761F02DFA820761F02DE281A04B0767DEA470006761F02E0C41E06A6C5
:20EAB000FF3007A6C42E3B01FF411E1E06A6FF3007A6FF411E2E0006B2BD520259A868601A
:20EAC000761F02DE920BEC690B22ED54921E56BF3222ED2893149A00761F02D75C33767D02
:20EAD000E27888A9930653326712761F02DE1B020494630D761F02DFB61E0E0A2B24F60FB4
:20EAE0001FA7930A9FA955A6562B04A69AC893A6761F02DF94A6540A6712880A9BC875A613
:20EAF0006F0D8814931E9D0A55A66303DE8A6F0692A69C0A5674001E88A993A6761F02DFB2
:20EB000055036605550D6705880D6F02880393A692099CCE54A8680792029C3254A8562A4C
:20EB100006A66F0288A93B10761F02DE7E1429106F14761F02DF0E01560100306F0E761F6B
:20EB200002DE56BF32220200761F02DF56BF0A182B242B161E301E3492A15202ED50761F54
:20EB300002DE920BEC590B2DED4456BF322D93159A01FF69761F02D75C33767DE27888A900
:20EB4000930853326712761F02DE1B0D0494630D761F02DFB61E0E052B25F60F1FA7930567
:20EB50009FA955A6562B04A69BC892A6761F02DF95A6550567059BC892059EA888A954035D
:20EB60006605540D6705880D6F02880392A693099DCE55A9680793029D3255A9562B06A691
:20EB70006F0288A83B10761F02DE7E1529106F14761F02DF0E04560100326F0E761F02DED2
:20EB800056BF322D0200761F02DF56BF0A192B252B171E321E368BBEFF6900060006761FC9
:20EB900002EE0A01540167052B01761F02D12B240006B2BD767E0EAD767DE42B767E0F019C
:20EBA000767DE7C89A05767DE3B8767E0F28767DE9E3767E0ED2767DE620767DE47A767D8B
:20EBB000E435761F02D79233761F02DF9307767DE7D73B10761F02DE591129109B00FF69D2
:20EBC00092A1767DEABC9B0092A1767DE629767DE5DB761F02DF920E761F02EC9615761F0D
:20EBD00002EB9316EC135200ED08761F02EE0A181B180BB862086F0D761F02EE0A181B18EC
:20EBE00001F46507761F02EB2B16761F02EE2B188BBE0006B2BD58A893A928A907D027A5BB
:20EBF0002FA494A859A992ABEC3B92A05202ED15CCA10003ED0E9B6492A100FE3ED252000B
:20EC0000ED0A92A128A8019000FE3ED25200EC039B1C6F0E9B1D6F0C5204EC075206EC0521
:20EC10005209EC03520BED039B1E6F029B1F92AB94AA55A9671292AB9EA894AA9CFF27A94B
:20EC200092A0520CEC03D8016F03D901D00192AB28AA0001EDCB6F0492AA94AB2FA908A128
:20EC3000F830560304A1CAA0560305A9CAAA8BBE0006761F02C292015202ED47767DD8D15A
:20EC40005203EC05767DD8D15204ED3F761F02C9431FEE3B761F02EE922CED0E767E16F429
:20EC50005200EC25761F02EE920DED2A56BF012C2B0F2B0E6F1C767E16F45200ED113B013C
:20EC6000761F02EA8538FF56521E640A761F02EE0A0E920E52FA69072B2C280D3A98761F37
:20EC700002EE2B0E0A0F1B0F3A986606761F02EE920DED066F062B0F2B2C280D3A980B0D9E
:20EC8000922C5201ED076F0E761F02EE2B0F2B0D2B2C761F02C34017EE05761F02EA2B0D47
:20EC90000006761F02EA56BF010D0006761F02EE0A0C920C523268262B0C761F02EB0A198D
:20ECA000761F02EB0A25761F02EB0A1D761F02EB0A23761F02EB0A07761F02EB0A09761F8E
:20ECB00002EB0A11761F02EB0A08761F02EB920FED09761F02EB0A0E1B0E15186903280EFD
:20ECC0001518761F02EB921EEC0B52036709761F02EB1B1907086907761F02EB2B1E761F84
:20ECD00002EB2B19761F02EB9220EC0B52036709761F02EB1B2507086907761F02EB2B20F5
:20ECE000761F02EB2B25761F02EB921CEC0B52036709761F02EB1B1D07086907761F02EB9B
:20ECF0002B1C761F02EB2B1D761F02EB921AEC0B52036709761F02EB1B2307086907761F35
:20ED000002EB2B1A761F02EB2B23761F02EB920AEC09761F02EB1B0707086907761F02EB39
:20ED10000B0A761F02EB2B07761F02EB920BEC09761F02EB1B0907086907761F02EB0B0B49
:20ED2000761F02EB2B09761F02EB9222EC0B52036709761F02EB1B1B07086907761F02EB72
:20ED30000B22761F02EB2B1B761F02EB9210EC0B52036709761F02EB1B1115546907761FD2
:20ED400002EB0B10761F02EB2B11761F02EB9206EC09761F02EB1B0807086907761F02EB38
:20ED50000B06761F02EB2B080006761F02EC280607D0761F02EC9229EC19761F02EB9212E6
:20ED60005205ED14761F02EE2D24350A761F02EC1BA907D0562A0406761F02EE2D25761F12
:20ED700002EC350C5406562A0406761F02EC560302069B0700FE3E441BA90834650328A931
:20ED800008345406EC043B1096062910FF690006767E1B00761F02EB92125205ED05761F4C
:20ED900002EC9229EC1C761F02EB92125206EC17761F02C9441FEF035201ED11767E1725FB
:20EDA0005200ED06761F02EB92125201ED08761F02EE4107EE0A1A0700026F07761F02EEBD
:20EDB0004107EF031807FFFD761F02EA923FED1D767E172D5200EC19761F02EB9212520586
:20EDC000EC0D5206EC0B5203ED10761F02EC9215EC05761F02C3921DEC08761F02EE4007B5
:20EDD000EE0A1A0700010006761F02EE4007EF031807FFFE0006FE02761F02EE9206ED3DDC
:20EDE000761F02EA9232761F02EA9C0254366905761F02D19222EC31761F02D12B22761F34
:20EDF00002EE0A112B109211520A65679202526463020A02920556BF012E5296650B3B01C8
:20EE000085051E42063400FE3DF196042B0502001E349204526463039CF66F029CEC9611A0
:20EE10009A0A740992095411650392119609520A2B1156B40A096F41761F02EE921165071E
:20EE20000A039203523265032B030B11922EEC2D920265100A001B003A9865032B000B0281
:20EE30009202520664078F00AFC856BF05022B00A8309206ED17063062110A101B1001F4C7
:20EE4000651C2B10767DD915761F02EE540966032B2E6F0E0809000A6F1002015641003090
:20EE50006F0C02002B2E1E302B102B022B00767DD915761F02EE9609BE0006303B0156B2AE
:20EE600001A67E27761F02EA853C761F02EE560100340A051B0501F4650A85051E4206343D
:20EE700000FE3DF196042B0502001E34FE820006B2BDFE02767DEDDB761F02EA92355232BC
:20EE8000651E761F02EA9E3888A9523262071BA6FFCE630576BFFFCE6F02BE32761F02EE9C
:20EE9000C5323B0106A7FF3403A781A681081EA692A6901F960806A6FF446F05761F02EEC4
:20EEA00002002B081E32767E171D5200ED70761F02EEC43C3B01761F02EA06A6FF3403A62C
:20EEB0000D36761F02EE81171EA692A6901F961706A6FF441E3C761F02EA920DED29761F76
:20EEC00002EB92125205ED10761F02EC9215EC0C767DD92559A9767DD91554A16710767DF8
:20EED000D91559A96F0C767DD91559A9761F02DE921A761F02EC5416562A0416761F02C9CC
:20EEE000411FEF07922054A1562A04A16F02D132761F02EE92225203ED07761F02EC9216CF
:20EEF000526456B26416761F02EE922EEC0592A154096502590992A13B018F061A8085A96F
:20EF00001EA6063C1E42A8A900FE3DF13B011EA792A185A90FA7650592A759A985A91EA65F
:20EF10002D25350C0FA6562A04A16F07761F02EE0200D1322B171E3C923294A1560302A9DB
:20EF20009B0700FE3E4459A91BA1083465038D40083492A1761F02EC5416EC043B1079165A
:20EF30002910FE828BBEFF690006767DEE78767DED55767DED880006761F02DF920A9C6443
:20EF40001BA912C069071BA913EC650628A913EC6F0328A912C09BC895A91BA91388650330
:20EF500028A814503B10761F02D15423562A0023761F02D15521562B00212910FF69000679
:20EF6000B2BDAABDD100767DD8D15200EC0D767DD8D15201EC09767DD8D1761F02EA5202AE
:20EF700056B0010FED04761F02EA2B0F767DD8D15200EC12767DD8D15201EC0E767DD91905
:20EF80005AA9767DD8F593A255A9672D767DD919767DDB2B6F2F767DD8E552D2EC059AD23A
:20EF9000767DDB0FD101767DD8F51BA9010EEC0628A9010E767DDB2BD101767DD8D1520094
:20EFA000ED09767DD9191BA9011AEC0D28A9011A6F0F767DD8D15201ED06767DD9191BA9A9
:20EFB0000124ED0492A1ED066F0928A90124767DDB6A9A059B01767E3D09761F02EB9212C4
:20EFC0005203ED15767DD8D15200EC05767DD8D15201ED0D761F02E8920F523264039AD29B
:20EFD0006F029AD7761F02EB96046F0B767DD8E5761F02EB9604767DD8E9761F02EA960909
:20EFE0008F00B25D41D4EF4493CC9AC8761F02EB91FF94A8BEC85404562A0204761F02C958
:20EFF0009AC8931D761F02EB91FF94A89601761F02C9931D761F02EAFFD773A67E37761F40
:20F0000002EB1B04010E6206930453D256B4D2046F032804010E1BA9012C620752F0761FF3
:20F0100002EB56B4F0016F05761F02EB2801012C1BA6012C620892A6761F02EA52F056B44F
:20F02000F0376F10761F02EA2837012C6F0B767DD919761F02EB9601767DD8F5761F02EA64
:20F030009637761F02EB9204761F02EB9C0A9605761F02EB9204761F02EB9C149603761FA0
:20F0400002EA9309761F02EA9D02973E761F02EA9209761F02EA9C04963B761F02EA5364ED
:20F0500056B2643E761F02EA526456B2643B767DD8D5761F02EB9602767DD8DD761F02EB34
:20F060009600767DD8D9761F02EA962A767DD8E1761F02EA961686BE8BBE0006767E1FF4A2
:20F070005200EC0F761F02B092065203EC05767DE3535200EC06761F02EE56BF012D6F0466
:20F08000761F02EE2B2D761F02C292015202EC0F761F02EE922DEC23761F02C3CC170C00BC
:20F09000761F02EEFFC99622FFEF0082761F02C34117EE17FF207530761F02EE0F36650938
:20F0A0000A1A921A523265052B1A020156010036922228160BB8EC6B0B14ED692B226F6719
:20F0B000761F02EE922228140BB85201EC36761F02EA920DED32761F02EE92225202EC0ECD
:20F0C0005203ED069226520256B002226F508F00753056BF0122A8366F4A761F02EA9237A6
:20F0D000761F02EA9CEC5436690F761F02C34F17EE0B761F02EE0B16ED0B8F00753056BF75
:20F0E0000122A8366F05761F02EE28160BB89226520256B103226F2B761F02EE56BF012286
:20F0F000761F02C34C17EF15CC1703FCFFC152146310761F02EA920DED0C761F02EE0636EA
:20F1000019011E36621456BF022228160BB86F0FFF207530761F02EE0F3665090A1A921A87
:20F11000523265052B1A020156010036921CED0F767E17005200EC0B761F02EE9222520291
:20F12000ED068F00753056BF0122A836767E1700761F02EE961C767E16F45200ED07761F77
:20F1300002EE921565070B156F05761F02EE281501F492152B06ED1192225202EC0A520348
:20F14000EC05761F02EB92016F11767DD8F96F0E761F02EA92376F0A9AF0761F02EA567450
:20F150000037761F02EE56BF0106761F02EA5432EC043B1096322910FF690006B2BDFE02A7
:20F16000767DD8E5761F02EA593774A1767DD8E5761F02EA2D3674AC3B0185A11E423564AA
:20F1700000FE3DF1761F02EEC53E88A93B0106A7FF3703A781A6811B1EA692A690FF961BD2
:20F1800006A6FF471E3E1EA6640902640FA664037E2A6F0556BF642A6F022B2AFE828BBE20
:20F190000006B2BDAABDA2BD767DD905FFC85AA9767DD905FFC4900F5BA9767DD905901FD2
:20F1A00059A9767DD9095DA993A35CA192A2767DEBEA761F02EF80A9BE0056030432CA334A
:20F1B000FF84CA3454A756B701A692A682BE86BE8BBE0006B2BDAABD761F02C292015202EE
:20F1C000EC0B761F02EE92262B292B28EC3456BF32192B266F30761F02EE0B19ED0856BF31
:20F1D0003219767DF191761F02EE9628767DD90D5200EC11767DD9115200ED05761F02EE4E
:20F1E0009228EC09767DD8D15201EC0F767DD8D15202EC0B761F02EE92262B292B28520257
:20F1F000ED0856BF03266F36761F02EE56BF01299226ED129212ED0D922956C1008F922DEE
:20F2000056C1008C281201F456BF0126FFEF00A10B12FFEF00835201EC745202EC3C52033F
:20F21000EC195204ED749213ED340200281301F42B261E381E3A761F02EF56030432CA3319
:20F22000FF84CA34767DDB479A059B01767E3D096F649213ED1E0200281301F42B261E3867
:20F230001E3A767DF1915200ECF0767DD905FFC85AA9767DD905FFC4900F59A9767DD90522
:20F24000901FD50793A15CA992A2767DEBEA6FDB0B136F43922DED10767E171D5200ED07AA
:20F25000761F02EE0B0BED20280B0190761F02EE56BF03266F1902015601003A767DD8F98F
:20F26000761F02EA543666100201761F02EE56010038767DD90128AC0BB8761F02EE30A934
:20F270000F3856B90426767DD8FD761F02EE28AC0BB8281301F430A90F3A56B903266F0D14
:20F2800092225202EC081B0A01F469032B266F200A0A6F030B0AEC18761F02EE92265203DB
:20F29000EC035204ED15767DD9115200EC119A00767DDB5C761F02C39A059B0156BF011A62
:20F2A000767E3D096F05280A01F456BF0226761F02C3921B90075203EC06761F02B91813DC
:20F2B000FEFF6F05761F02B91A13010086BE8BBE0006B2BDAABDA2BDFE02D200D1FAD30017
:20F2C000284100FA9A00767E3CDD40A9EFFC761F02C392055203ED11761F01A09204761FAB
:20F2D00002C3721C761F01A29204761F02C3721E761F02C356BF0505767E0E45767E1867E0
:20F2E000767E1019767E17A5767E0CCF9B00767E179C767E0CFA9B00767E1789767E0D25E1
:20F2F0009B00767E3AAA9B32D50528A913EC8F001450767E3A77761F02EA9212761F02EAD6
:20F30000540FEC2792A19CFF59A9ED23920FED11761F02EA2B0B761F02EA2B29761F02EAEB
:20F310002B30761F02EA2B27761F02EA2B086F0D761F02EA2B14761F02EA2B01761F02EA91
:20F320002B0C761F02EA2B04761F02EAD1FA9612767E3A145200EC17761F02EB92125204DF
:20F33000EC12761F02EB9A009B0156BF0115767E3D09761F02D79A019333761F02EB5C15E0
:20F34000767D96929BFA28A909C4767E3A185200ED06761F02D1922452036417761F02EB64
:20F350009A009B0156BF0215767E3D09761F02EB92125204EC0A761F02D793339A02761F2A
:20F3600002EB5C15767D96929BFA28A90136767E1A34767E17195200EC17761F02EB921296
:20F370005204EC12761F02EB9A009B0156BF0B15767E3D09761F02EA9A0B9336761F02EB91
:20F380005C15767D969228A93A98767DEB8F767DEF6028A97530767E1B3F28A905DC767E25
:20F390001B639A96767E186B9A0A767E1A8E9AAA9B96767E1A6F924162059A96767E17DDB4
:20F3A0006F039CFF96419A32767E1A51767DEF35767DF06E767DF15E767DEB99767DEF3CFF
:20F3B000767E0F8F767DFCD7761F02EE961E767E0F4D767DFC58761F02EE961F767E0FB028
:20F3C000767DFD57761F02EE9620767E0F6E767DFCD1761F02EE961D767E103E767DFE3DD2
:20F3D000761F02EE9621767DFFA3767E02BD93A39A0194A85BA91BA802EE6904767E022052
:20F3E000D300767DFECF767DEC96767DF1BA92A2D20172A25264FFE9FED7767DD236D2000C
:20F3F000FFEFFED2761F02EE2B222B0756BF642356BF6425282B08FC2B2C280904B056BF59
:20F400003C242B262B282B290006761F02D992160006761F02D9920E0006761F02D9920D4B
:20F4100000063B10761F02D89313761F02C39108920F9003CAA8EC0429109A016F0329106E
:20F420009A00FF6900063B10761F02D8931A761F02C39108921F9003CAA8EC0429109A01F0
:20F430006F0329109A00FF6900063B10761F02D84213EF0429109A016F0329109A00FF6986
:20F4400000063B10761F02D84013EF0429109A016F0329109A00FF6900063B10761F02D865
:20F450004413EF0429109A016F0329109A00FF6900063B10761F02D84313EF0429109A01F4
:20F460006F0329109A00FF6900063B10761F02D84113EF0429109A016F0329109A00FF6957
:20F4700000063B10761F02D84513EF0429109A016F0329109A00FF6900063B10761F02D830
:20F48000421AEF0429109A016F0329109A00FF6900063B10761F02D8401AEF0429109A01BB
:20F490006F0329109A00FF6900063B10761F02D8441AEF0429109A016F0329109A00FF691D
:20F4A00000063B10761F02D8431AEF0429109A016F0329109A00FF6900063B10761F02D8FB
:20F4B000411AEF0429109A016F0329109A00FF6900063B10761F02D8451AEF0429109A0187
:20F4C0006F0329109A00FF690006761F02D82B2E0006761F02D80A2E542E670C761F02D99F
:20F4D0001A0E0124761F02D82B2E761F02D92B022B050006FE02761F02D9420CEE1296419F
:20F4E0009202761F02D88F00B623931D5D1C767E36A75201ED16761F02D91A0C00046F1137
:20F4F00096419202761F02D88F00B62393175D16767E36BB5201ED05761F02D9180CFFFBE5
:20F50000761F02D9920C180EFFFB9004980EFE820006761F02D9960200068F00B65A92CCF2
:20F51000761F02D9BE0396C428AC00B5290192D4961B9202961C921B941A941C0EA9761FE9
:20F5200002D8F60F1FA6963F30A9FF46761F02D996080006B2BDFE028D40B64C45C1EE12DC
:20F530009641761F02D992058F00B620761F02D893065D05767E36A75201ED141AC10020EE
:20F540006F119641761F02D992058F00B620761F02D893015D00767E36BB5201ED0318C187
:20F55000FFDF761F02D992C1CD0EFEFF9020FE82FF82CAA8960E8BBE0006FE025200ED05C8
:20F56000761F02D92B056F0E88A928A805F528A9E100761F02D9FF5A0200F61F561700A6CE
:20F570003F05FE820006761F02D996060006FE02761F02D82B35761F02C3931DED39761F0B
:20F5800002D89332ED2896418F00B63A923828A81A908F400E74767E36BB5201ED2F761FE3
:20F5900002D856BF0132761F02EB92125204EC26761F02EB9A009B0156BF1C15767E3D0973
:20F5A000761F02D89A1C9338761F02EB5C15767D96926F1496418F00B63A923828A81B5867
:20F5B0008F400DAC767E36A75201ED086F04761F02D82B3A761F02D82B32FE820006761F6C
:20F5C00002D80A35543567042B352B3A2B320006761F02D91A0E00080006761F02D91A0DB9
:20F5D00000080006761F02D82B3B0006761F02C3931DEC0D761F02EB9324ED09761F02D891
:20F5E0000A3B543B670956BF01096F05761F02D82B3B2B092B380006761F02C3921DEC16B7
:20F5F000761F02EB9224ED12761F02D892095201ED0D761F02EB9212EC09761F02C34201B5
:20F60000EE059A049B0C767E3D090006FE02761F02D89309ED1B761F02EB9324ED1396414F
:20F61000761F02D88F00B62428A81B588F400DAC9238767E36A7761F02D8520156B10109C9
:20F620006F14761F02D82B246F1096418F00B624923828A81A908F400E74767E36BB5201FD
:20F63000ED04761F02D82B09FE820006FE025200ED05761F02D82B386F0E88A928A805F512
:20F6400028A9E100761F02D8FF5A0200F61F561700A63F38FE820006761F02D82B33000636
:20F65000761F02D80A335433670C761F02D91A0E00A2761F02D82B33761F02D92B032B0A1A
:20F660000006FE02761F02D9410CEE1296419203761F02D88F00B636931D5D1C767E36A777
:20F670005201ED16761F02D91A0C00026F1196419203761F02D88F00B63693175D16767EA5
:20F6800036BB5201ED05761F02D9180CFFFD761F02D9920C180EFFFD9002980EFE820006B6
:20F69000761F02D9960300068F00B66392CC761F02D9BE0396C428AC00B5290192D49624E7
:20F6A000920396259224942394250EA9761F02D8F60F1FA6963C30A9FF46761F02D99609E5
:20F6B0000006B2BDFE028D40B64C44C1EE129641761F02D9920A8F00B621761F02D89306A0
:20F6C0005D05767E36A75201ED141AC100106F119641761F02D9920A8F00B621761F02D880
:20F6D00093015D00767E36BB5201ED0318C1FFEF761F02D992C1CD0EFF7F9010FE82FF827D
:20F6E000CAA8960E8BBE0006FE025200ED05761F02D92B0A6F0E88A928A805F528A9E10092
:20F6F000761F02D9FF5A0200F61F561700A63F0AFE820006761F02D996070006B2BDFE02B6
:20F70000761F02D959A9400CEE129200761F02D879418F00B637931D5D1C767E36A75201A7
:20F71000ED16761F02D91A0C00016F119200761F02D879418F00B63793175D16767E36BB86
:20F720005201ED05761F02D9180CFFFE767DD9215200ED27761F02D9400EEE129200761FBB
:20F7300002D879418F00B63493195D18767E36A75201ED22761F02D91A0E00016F1D9200A1
:20F74000761F02D879418F00B63493045D03767E36BB5201ED11761F02D9180EFFFE6F0CCC
:20F75000761F02D9920C180EFFFE9001980E761F02D892379634FE828BBE0006761F02D9F0
:20F76000960000068F00B66092CC761F02D9BE0396C428AC00B5290192D496219200962245
:20F770009221942094220EA9761F02D8F60F1FA6963D30A9FF46963E0006761F02D9960497
:20F780000006FE02761F02D94001EE12761F02D896418F00B62293025D0C921B767E36A789
:20F790005201ED16761F02D91A0100016F11761F02D896418F00B622930B5D0E921B767EA0
:20F7A00036BB5201ED05761F02D91801FFFE761F02D99201180DFFFE9001980DFE820006AC
:20F7B000B2BD59A9767DD83D5200ED05761F02D8791B6F04761F02D82B1B8BBE00068F0073
:20F7C000B65D92CC761F02D996C4BE0328AC00B5290192D4961E761F02D8921B761F02D9D4
:20F7D000961F921E941D941F0EA9761F02D8F60F1FA6961530A9FF46961000060EA9761F9F
:20F7E00002D91E180006B2BD59A9767DD83D5200ED05761F02D879126F04761F02D82B121C
:20F7F0008BBE0006761F02D82B390006761F02D80A395439670E761F02D91A0E0049180E16
:20F80000FFDF761F02D82B39761F02D92B002B0B0006B2BDAABDA2BDFE0C5BA997428BA514
:20F81000A84C065E5A551E44065C1E46065A1E4806581E4A92569641767DD9215200ED61D1
:20F8200092A33B0185A9FF561BA901F464041BA90F6E65148541FF561BA90472630F8A4C5C
:20F83000761F02D0922F54C466068A4A56BF01C42BC16F0F8A4C0AC46F0C8A4C761F02D098
:20F840002BC4923154C166048A4A2BC46F020AC1761F02D192008A46FFC688A9524C56B410
:20F850004CA693C455A3640B8A4492C454A3650C8A447BC48A4692A393C46F068A467BC46F
:20F860008A4493A392C49FA91BA8019062138541FF5652E4620F8A4893A692C49C0155A95F
:20F8700096C463368A4A56BF01C42BC18A482BC46F2F8A482BC48A467BC48A447BC46F2818
:20F880002D423B0112A2FF4D28A802BC95A955A3640508A9FD4454A365118541FF561BA952
:20F890000472630C2BC18A4C92C48A4A521E56B701C4670E8A4C0AC46F0B8A4C761F02D075
:20F8A0002BC4923154C166038A4A6FD20AC1FE8C82BE86BE8BBE00065201EC08761F02D924
:20F8B000430EEF12180EFFF70006761F02D9430EEE0B1A0E0008761F02AF1A1E0004761FC3
:20F8C00002AF1A1200010006761F02D91A0E0079180EFFDF000680A9761F02C3921D5203A2
:20F8D000EC035204ED4B761F02D09236761F02D15403650388036F08761F02D09230761F85
:20F8E00002D19E0388A9761F02D09335767DF441FFB05201EC18767DF4655201EC149231A4
:20F8F000ED0B9D0555A667100A2C92A7542C670D56BF01316F0955A669070A2C92A7542C70
:20F9000068026F032B312B2C761F02EB92125202EC105205EC0E761F02D9180EFFDF761F88
:20F9100002D892319001761F02D9FF84980E0006761F02D9180EFFDF0006761F02D82B2CCA
:20F920002B310006761F02D9CC0E0004FFC12FA9920EFFC0CDA900015CA8CD0E000180A8A1
:20F9300093A9CCA80001CAA7CAAAED06761F02D81813FFFE6F05761F02D81A130001761FF1
:20F9400002D9920ECAA8FFC0CA0EFFC5900188A9CC0EFFEF27A9560304A6CAAB960E93A6B0
:20F95000ED06761F02D81813FFFD6F05761F02D81A13000293A9FFD2910127A843A9EE04B0
:20F960001813FFFB6F031A13000493A9FFD4910145A9EE041813FFEF6F031A13001092A440
:20F97000CAA7CAAACAA6CAABCAA8ED041813FFF76F031A130008761F02D9920C930CFFC016
:20F98000FFD1CA0CCBA9920CFFC2CAA8930CFFD3CBA9920CFFC4CAA840A9EE06761F02D878
:20F990001813FFDF0006761F02D81A1300200006761F02D856BF0109281D0AF028170A8CE4
:20F9A000281C06A42816070828190AF028040A8C28180384280303E8280619642801189CAA
:20F9B00028050FA02800106828020AF0280B0A8C280C0384280E03E8280D19642807189C5D
:20F9C00028080FA0280A10680006B2BDFE028D40B64C43C1EE129641761F02D9920B8F00E3
:20F9D000B62A761F02D893065D05767E36A75201ED141AC100086F119641761F02D9920B61
:20F9E0008F00B62A761F02D893015D00767E36BB5201ED0318C1FFF7761F02D992C1CD0EA3
:20F9F000FFBF9008FE82FF82CAA8960E8BBE0006FE025200ED05761F02D92B0B6F0E88A9A3
:20FA000028A805F528A9E100761F02D9FF5A0200F61F561700A63F0BFE820006761F02D838
:20FA10002B2D0006761F02D80A2D542D6711761F02D91A0D0049180DFFDF0200761F02D885
:20FA20002B2D2B1B2B122B0F761F02D91E180006B2BDA2BD2FA93B0185A9C54EC44C584832
:20FA30008B50824AFF561BA901F464041BA90F6E651292A085A9FF561BA90472630C761FEE
:20FA400002D0922F54C4660556BF01C32BC56F0C0AC46F0A2BC4761F02D0923154C566036A
:20FA50002BC36F020AC5761F02D19201FFC627A9524C630328AB004C93C755AA640892C19D
:20FA600054AA650857C192AA93C76F0457C793AA92C19FA91BA80190621092A085A9FF5689
:20FA700052E4620B0AC693AB92C655A9630956BF01C32BC52BC66F042BC657C757C182BE6F
:20FA80008BBE00065201EC08761F02D9430DEF12180DFFF70006761F02D9430DEE0B1A0D0E
:20FA90000008761F02AF1A1E0008761F02AF1A1200010006761F02D91A0D0079180DFFDF3C
:20FAA000000680A9761F02C3921D5203EC035204ED4B761F02D09236761F02D154056503E4
:20FAB00088056F08761F02D09230761F02D19E0588A9761F02D09335767DF489FFB052012C
:20FAC000EC18767DF4AD5201EC149231ED0B9D0555A667100A2B92A7542B670D56BF0131C4
:20FAD0006F0955A669070A2B92A7542B68026F032B312B2B761F02EB92125202EC105205EB
:20FAE000EC0E761F02D9180DFFDF761F02D892319001761F02D9FF84980D0006761F02D9C8
:20FAF000180DFFDF0006761F02D82B2B2B310006767DD83D5200ED77761F02D9CC0D0004BB
:20FB0000FFC12FA9920DFFC0CDA900015CA8CD0D000180A893A9CCA80001CAA7CAAAED06E8
:20FB1000761F02D8181AFFFE6F05761F02D81A1A0001761F02D9920DCAA8FFC0CA0DFFC544
:20FB2000900188A9CC0DFFEF27A9560304A6CAAB960D93A6ED06761F02D8181AFFFD6F0514
:20FB3000761F02D81A1A000293A9FFD2910127A843A9EE04181AFFFB6F031A1A000493A9B2
:20FB4000FFD4910145A9EE04181AFFEF6F031A1A001092A4CAA7CAAACAA6CAABCAA8ED0427
:20FB5000181AFFF76F031A1A0008761F02D992019301FFC0FFD1CA01CBA99201FFC2CAA894
:20FB60009301FFD3CBA99201FFC4CAA840A9EE06761F02D8181AFFDF0006761F02D81A1ADE
:20FB700000200006761F02D81A1A00080006B2BDFE028D40B64143C1EE10761F02D8964123
:20FB80008F00B629930D5D08920F767E36A75201ED121AC100086F0F761F02D896418F00F8
:20FB9000B62993075D0A920F767E36BB5201ED0318C1FFF7761F02D992C1CD0DFFBF9008EA
:20FBA000FE82FF82CAA8960D8BBE0006FE025200ED05761F02D82B0F6F0E88A928A805F57B
:20FBB00028A9E100761F02D8FF5A0200F61F561700A63F0FFE820006761F02D9180EFFF731
:20FBC0000006761F02D9180DFFF70006A2BD2DA83B0112A92F472D482746FF4972A412AAF1
:20FBD0002D45FF49944988A912A5FF4994AB54A4562A02A493A655A465025CA692A456B416
:20FBE00000A492A482BE0006FE06761F02EE56BF5A41921F2B42761F02DF9B1ED4009643B2
:20FBF0009201761F02DF284403E85D062845FE1B767DFBC6FE860006AABD80A82DA493A9D2
:20FC000092AC8F3F316388A727A89EA72FA958AA55C468032DA66F173B0183A485A9560162
:20FC100000A592AB54C5690F2BAC3B016F1894AC83A4FFA085A9560100A593AB55C5ED054D
:20FC20002DA672AC350A6F3385A983A4560100A593AB55C5562A07AA67052DA99A0194ACFB
:20FC30005AA992AA54A262E492A054AC6203310A6F1B80AC3B0183A485A728AC000A5601ED
:20FC400000A52FC585A2560100A492AA9EC485A98AA992AA9EAB32A902002DA7F61F561732
:20FC500000A4350A72AB2DA6350A94AB86BE0006D47D28A8FFEC767DFBFC0006FE0288A9CC
:20FC60002DA492A58F0186A0761F02B03B019EA833A9A84292209EA685A91EAC564400AB04
:20FC700000FE3DF194A6FE820006AABD80A82DA493A992AC8F3F30B888A727A89EA72FA9DD
:20FC800058AA55C468032DA66F173B0183A485A9560100A592AB54C5690F2BAC3B016F1890
:20FC900094AC83A4FFA085A9560100A593AB55C5ED052DA672AC350A6F3385A983A456015C
:20FCA00000A593AB55C5562A07AA67052DA99A0194AC5AA992AA54A262E492A054AC6203E7
:20FCB000310A6F1B80AC3B0183A485A728AC000A560100A52FC585A2560100A492AA9EC426
:20FCC00085A98AA992AA9EAB32A902002DA7F61F561700A4350A72AB2DA6350A94AB86BE76
:20FCD0000006D49628A8FFEC767DFC750006D47D28A8FFEC767DFBFC0006FE06761F02EEFA
:20FCE00028410262921E3B012B42761F02C1D4009643853C761F02C1284403E85D2DFF568A
:20FCF0009B1E2845FE1B767DFBC6FE860006AABD2DA992A480A83B019EA88F7F31F52FA94E
:20FD000058AA351DFF442DA927AC54C568042DA7350A6F4C92A0C4A585A9560100A692AC4C
:20FD100054C666032DA46FF52BAC3B016F1794AC8AA5FFA085A9560100A493AB55C4ED0403
:20FD20002DA772AC6FE685A98AA5560100A493AB55C4562A07AA67052DA99A0194AC5AA97C
:20FD300092AA54A262E592A054AC6203310A6F1B88AC3B018AA585A628AC000A560100A43B
:20FD40002FC485A2560100A592AA9EC585A98AA992AA9EAB32A902002DA6F61F561700A432
:20FD5000350A72AB2DA7350A94AB86BE0006D47D28A8FFEC767DFCF70006B2BDA2BDFE02D5
:20FD60005BA42DA88F00271030A98849A84200FE3DF159A51EA793A65364ED079A059B0A3E
:20FD700094A700FE3E4480A993A1FE8295A795A392A882BE8BBE0006FE02761F02DF93068F
:20FD80005202ED06761F02DF550867029308761F02EE56BF6441D5FA28A927EF5C1F767DE2
:20FD9000FD5DFE820006FE023B01761F02EA8538FF5652C865121BA901F4640428AB0122FC
:20FDA0006F0EBE0385A9FF5A0200F61F561700A692AB9C7227A96F0328AB00B4761F02EABF
:20FDB000853456BF0A415DAB761F02EE5C21FF5693A928A906DC767DFD5DFE8200069A005F
:20FDC0000006FE02761F02C1932D28A936BD8F40011856BF0A41761F02EE5C1E767DFD5DAD
:20FDD000FE8200069A000006B2BDFE02767DFD93761F02E159A91BA901D49600650F2DA110
:20FDE00002751E4235AF00FE3DF1BE0A0905C24200FE3DF19CD858A96F02D0007804767DF1
:20FDF000FDC1761F02E154A19601562A02A19A01767DFD7C761F02E1960254A1562A02A1DF
:20FE0000790B92A11BA90266640F8F00026534A102BCA84200FE3DF1BE0A0905C24200FE15
:20FE10003DF19CD86F029A00960354A0761F02EE562A02A01B1D0276650E2D1D02091E4219
:20FE2000350A00FE3DF1BE0A0905C24200FE3DF19CD86F029A00761F02E154A09606562A4A
:20FE300002A092A052646205521E56B41EA06F02D06492A0FE828BBE0006D47D28A8FFECD7
:20FE4000767DFBFC0006FE06761F02EE56BF914192213B012B42761F02EAD40096438538FB
:20FE5000284403E8FF565DA99B002845FE1B9A00767DFBC6FE860006761F02E128070352EB
:20FE6000280D02EE280A0320282C02BC282F02B7282A022128290398282E0334282B05A000
:20FE70002834050A0006761F02E156BF650C767DFE5C0006AABDA2BD2DA827A958C4934C4A
:20FE8000C54A5AC52F4BC44892A05BC7EC0F92AB52FA640C9EA058A956B400A01BAB019026
:20FE9000630655A0562B04A06F02D00092AC5201EC0992A23B0194A05AA985A3560100A63C
:20FEA0006F093B0185A3560100A693A095A29FC65AA893A278C656B400A23FC493AA7AC5FA
:20FEB0000AC792C755A962022BC782BE86BE0006FE068F00B89193A9761F02EE8F40B853B3
:20FEC000A842921F8F00B852A84456BF0F458F00B87A56BF0C46767DFE7AFE860006B2BD0D
:20FED000AABDA2BDFE043B01761F02E1850B5601003E85005601003C761F02EE851D761F9D
:20FEE00002E256010000761F02E10A2592255232FFE500B6767DD9215200ED05761F02D8AB
:20FEF0005B186F04761F02D85B1C3B01761F02E185251E4485251E42063E00FE3DF188A9BB
:20FF00001BA6046065221BA6056E621C28A9056E8F0001723B019EA6A8AC8F40056E85A9F9
:20FF10008F0003E8566500A90200F61F561700A458AB92A393A68F000172767DFC5E59A909
:20FF20006F0859A3D0006F05761F02B0D06459200644761F02E11E42063C00FE3DF188A955
:20FF30001BA6047A63251BA60398652428A904798F0001BC3B019EA6A8AC8F40047985A91D
:20FF40008F0003E8566500A90200F61F561700A45AAB92A393A68F0001BC767DFC5E93A25A
:20FF500055A0630258A254A1562A04A16F0359A3D0000644761F02E21E42060000FE3DF190
:20FF600088A91BA6054662251BA604EC652428A905468F0004573B019EA6A8AC8F4005468F
:20FF700085A98F0003E8566500A90200F61F561700A45AAB92A393A68F000457767DFC5E93
:20FF800093A255A0630258A254A1562A04A16F0359A3D000761F02EE78230200761F02EED9
:20FF90007825761F02EE792B761F02E11E3E1E3C761F02E21E00761F02E12B25FE8482BE3C
:20FFA00086BE8BBE0006761F02B94512EE1F761F02EE921FD5328F00B871761F02E19307F3
:20FFB000767E364A5200ED0D761F02E1D5328F00B85D28A8056E9202767E364A5200EC18AD
:20FFC000761F02B91A1200206F13761F02EE921F8F00B8718F4001F4761F02E1930D767E45
:20FFD000360C5200EC05761F02B91812FFDF761F02B94812EE1F761F02EE921ED5328F00B2
:20FFE000B870761F02E1930A767E364A5200ED0D761F02E1D5328F00B86028A8056E920108
:20FFF000767E364A5200EC18761F02B91A1201006F13761F02EE921E8F00B8708F4001F478
:02000004003EBC
:20000000761F02E1932C767E360C5200EC05761F02B91812FEFF761F02B94612EE1F761F6F
:2000100002EE9221D5328F00B875761F02E1932F767E364A5200ED0D761F02E1D5328F0062
:20002000B86628A804799200767E364A5200EC18761F02B91A1200406F13761F02EE922183
:200030008F00B8758F4001F4761F02E1932A767E360C5200EC05761F02B91812FFBF761FB5
:2000400002B94712EE13761F02EE9220D5328F00B872761F02E19329767E364A5200EC1896
:20005000761F02B91A1200806F13761F02EE92208F00B8728F4001F4761F02E1932E767E31
:20006000360C5200EC05761F02B91812FF7F761F02B94013EE13761F02EE921DD5328F0095
:20007000B85F761F02E1932B767E364A5200EC18761F02B91A1300016F13761F02EE921D25
:200080008F00B85F8F4001F4761F02E19334767E360C5200EC05761F02B91813FFFE761F31
:2000900002B9CC120200FFC880A94912EE12761F02EE1B1FFF6A621D761F02E10A1C1B1CEE
:2000A00001F4691A761F02B9B6011A1202006F11761F02EE1B1FFF9C640C761F02E10A1CAB
:2000B0001B1C01F46909761F02B9B6001812FDFF761F02E12B1C761F02B9CC120800FFCAA8
:2000C00088A94B12EE12761F02EE1B1EFF6A621D761F02E10A1E1B1E01F4691A761F02B94B
:2000D000BE011A1208006F11761F02EE1B1EFF9C640C761F02E10A1E1B1E01F46909761FFF
:2000E00002B9BE001812F7FF761F02E12B1E761F02B9CC120400FFC927A94A12EE13761FEA
:2000F00002EE1B21FF6A621E761F02E10A211B2101F4691B761F02B928AB00011A1204002F
:200100006F11761F02EE1B21FF9C640C761F02E10A211B2101F46909761F02B92BAB1812FD
:20011000FBFF761F02E12B21761F02B9CC130002FFC04113EE12761F02EE1B1DFF6A621D28
:20012000761F02E10A1B1B1B01F4691A761F02B99A011A1300026F11761F02EE1B1DFF9C82
:20013000640C761F02E10A1B1B1B01F46909761F02B99A001813FFFD761F02E12B1B761FA1
:2001400002B9CD120100FFD7CBA6EC06761F02EB93125304ED61761F02B9CD120020FFD4DD
:20015000CBA7EC06761F02EB93125304ED48761F02B9CD120040FFD5CBABEC06761F02EB4B
:2001600093125304ED2F761F02B94712EF06761F02EB93125304ED19761F02B993139101BD
:20017000CBA9EC4B761F02EB92125204EC46761F02EB9A009B0156BF2015767E3D09761F45
:2001800002EE9A20931D6F34761F02EB9A009B0156BF1515767E3D09761F02EE9A1593204A
:200190006F27761F02EB9A009B0156BF1315767E3D09761F02EE9A1393216F1A761F02EB99
:2001A0009A009B0156BF1215767E3D09761F02EE9A12931F6F0D761F02EB9A009B0156BF67
:2001B0001415767E3D09761F02EE9A14931E761F02EB5C15767D96920006FE068F00B88207
:2001C00093A9761F02EE8F40B850A842921E8F00B851A84456BF0F458F00B87B56BF0B46D8
:2001D000767DFE7AFE860006FE068F00B8A093A9761F02EE8F40B859A84292218F00B85456
:2001E000A84456BF0F458F00B87856BF0F46767DFE7AFE860006FE068F00B8C093A9761FB0
:2001F00002EE8F40B858A842921D8F00B84EA84456BF0F458F00B87756BFB446767DFE7A65
:20020000FE860006761F02E19227520FED042B2756BF01249224767E01BD761F02E19224AF
:20021000767DFEB8761F02E19224767E01D4761F02E19224767E01EB761F02E10A27000671
:20022000767E0202921352D265220A2D922D5203641F761F02EB92155214EC1A5213EC18AA
:20023000521FEC165212EC145220EC129A009B0156BF1215767E3D09761F02E19A129313F1
:20024000761F02EB5C15767D96926F022B2D761F02E1921052BA64220A1692165203641F7B
:20025000761F02EB92155214EC1A5213EC18521FEC165212EC145220EC129A009B0156BFFE
:200260001415767E3D09761F02E19A149310761F02EB5C15767D96926F022B16761F02E11A
:20027000921952FA65220A1592155203641F761F02EB92155214EC1A5213EC18521FEC16E1
:200280005212EC145220EC129A009B0156BF1315767E3D09761F02E19A139319761F02EB8A
:200290005C15767D96926F022B15761F02E11B180BB865220A1A921A5203641F761F02EBF2
:2002A00092155214EC1A5213EC18521FEC165212EC145220EC129A009B0156BF2015767E07
:2002B0003D09761F02E19A209318761F02EB5C15767D969200062B1A0006761F02E1920C96
:2002C0005264650D761F02EB9212EC085201ED039A1E6F05767DFDD46F029A00761F02E126
:2002D0005417620A541763090A289228520664052B280B176F020A17921752646205520094
:2002E00063052B176F0356BF6417761F02EB9224ED19761F02B9CD121000FFDB4C12EF06A8
:2002F000761F02E19217521E640A761F02E1921752646410761F01A32B096F1656BF1E1768
:200300006F09761F02E12B17761F02B9CD121000FFDB761F02E12D1728A91193312D761F6E
:2003100001A39EAB9609761F02E19217521E64479233ED0E761F01BF4900EF15761F02E12B
:200320000A231B2303E8651256BF01336F0C761F01BF4900EE08761F02E10A23922352FAF2
:2003300065052B33761F02E12B235300ED089233EC2E761F02B91A1210006F079233ED093B
:20034000761F02B91812EFFF767DFE5C9233EC1F761F02EB9A009B0156BF1115767E3D09EB
:20035000761F02E19222ED1456BF01229A119B01761F02EB5C15767D96920006761F02B97D
:200360001812EFFF761F02E12B332B362B220006D00076805FFF8F0080002B94D801000E02
:20037000FFFE0006B2BD7622D0198D40701056BF6891761A3B1076260000762F000076226B
:2003800076FD7C80FF698AA1DC0C1AC400083E67761F01C0181CFFF7761A762218D1BFFF99
:200390001A1220001812FFFD1A1200011812FFFB1A1204001812FEFF761A43C9EF0676220A
:2003A0001A110010761A7625CC110180EC0576221811FE7F761A8F007010D0119294901FF5
:2003B0005209EC1376221ACC0040CC21FFE050099621761A762256BF6829761A4011EFFF9C
:2003C00076221811FFBF761A762283A4DD011AC50180761A7622D00B56BF049483A4CCC4AA
:2003D000FFFEDD0C500296C41AC50008DC0D181CFFEF1A1C0800181CFEFF181CFDFF1A1CB4
:2003E00040001AC401001A1D02001A1D04001A1D00011A1D00021A1D00041A1D00081A1D48
:2003F00000101A1D00201A1D00401A1D0080181DBFFF181D7FFF181CFFFB761A8BBEFF6943
:2004000000063B10761F00331820FFFE2B222B24FF692B262B282B2A2B2C2B2E2B302B3229
:200410002B342B362B382B232B252B272B292B2B2B2D2B2F2B312B332B352B372B39000677
:2004200076228F7F2E008F000D00BE7F06851E84000EFFFE761AFF69761F00331A200001DC
:200430000006A0A9C4440FA4690B03A4190183A99284DD819686020019010FA5EDFA0006F4
:200440007622761F01C0181CFFFB761A76228F006800D014761F01A083A4CC94FFFE500271
:20045000DD0D9614CC14FFFB500896141AC500C0761A83A4280509282B03DD0F2B0418C443
:20046000E3FF18C4FC7FCCC4FFFE500296C418C4FFFB18C4FFF7CCC4FFDF501096C418FC26
:20047000FFEF1807FFFC1807FFBF1807FFF3280B0555280C05552809FFFF280AFFFF18C51F
:20048000FFFC83A4DD1ACC0FFFFB5008960F56BF991156BF991018C5FFF383A4DD19DC1C10
:20049000CC1AFFFC5001961A1AC50008CC19FFF8500296191AC4000176228F006840D01414
:2004A00083A4761F01A1DD0DCC94FFFE50029614CC14FFFB500896141AC500C0761A83A469
:2004B000DD0F28050928D00B2B032B0418C4E3FF18C4FC7FCCC4FFFE500296C418C4FFFB86
:2004C00018C4FFF71AC4003018FCFFEF1807FFFC1807FFBF1807FFF3280B0555280C055517
:2004D0002809FFFF280AFFFF18C5FFFC83A4DD1ACC0FFFFB5008960F56BF991156BF991068
:2004E00018C5FFF383A4DD19DC1CCC1AFFFC5001961A1AC50008CC19FFF850019619761FDE
:2004F00001A21AC400018F00688083A4DD0F2805AFC72B032B0418C4E3FF18C4FC7F18C4EF
:20050000FFFC18C4FFFB18C4FFF71AC4003018FCFFEF1807FFBF1807FFFC1807FFF3280BED
:200510000555280C05552809FFFF280AAFC718C5FFFC83A4DD1A18C5FFF383A4DD19DC1C32
:20052000CC1AFFFC5001961A1AC50008CC19FFF850029619761F01A31AC400018F0068C046
:2005300083A4DD0F280511932B032B0418C4E3FF18C4FC7F18C4FFFC18C4FFFB18C4FFF7D6
:200540001AC4003018FCFFEF1807FFBF1807FFFC1807FFF32B0BCC94FFEF5020960BCC0B17
:20055000FFFC5001960B18C5FFFC83A4DD1A18C5FFF383A4DD19DC1CCC1AFFFC5001961AE2
:2005600018C5FFF7CC19FFF8500296191AC4000176228F006900D01483A4761F01A4DD0D2D
:20057000CC94FFFE500296141A14000C18C5FF3F761A83A4DD0F280509282B032B0418C483
:20058000E3FF18C4FC7FCCC4FFFE500296C418C4FFFB18C4FFF71AC4003018FCFFEF180712
:20059000FFFC1807FFBF1807FFF3280B0555280C05552809FFFF280AFFFF18C5FFFC83A4E9
:2005A000DD1ACC0FFFFB5008960F2811014D2810014D18C5FFF383A4DD19DC1CCC1AFFFCA0
:2005B0005001961A18C5FFF7CC19FFF8500196191AC4000176228F406940D0148AA5761FE4
:2005C00001A5DC0DCC95FFFE50029614CC14FFFB5008961418C4FF3F761A8AA5DC0FD00BB7
:2005D000280502B42B032B0418C5E3FF18C5FC7FCCC5FFFE500296C518C5FFFB18C5FFF7CF
:2005E0001AC5003018FDFFEFCC07FFFC500196071807FFBF1807FFF3280B0555280C055524
:2005F0002809FFFF280AFFFF18C4FFFC8AA5DC1ACC0FFFFB5008960F2811014D2810014DB1
:2006000018C4FFF38AA5DC19CC1AFFFC5001961A18C4FFF78AA5DC1CCC19FFF85001961931
:200610001AC400012B0BCC95FFDF5010D00C960BCC0BFF7F5040960B280902B42B0CCC9594
:20062000FDFF1AA90100960CCC0CF7FF1AA90400960C2B0A76228F006980D014761F01A6BC
:2006300083A4CC94FFFEDD0D50029614CC14FFFB5008961418C5FF3F761A83A42805092834
:20064000DD0F2B032B0418C4E3FF18C4FC7FCCC4FFFE500296C418C4FFFB18C4FFF71AC47D
:20065000003018FCFFEF1807FFFC1807FFBF1807FFF3280B0555280C05552809FFFF280AD4
:20066000FFFF18C5FFFC83A4DD1ACC0FFFFB5008960F2811014D2810014D18C5FFF383A4B1
:20067000DD19DC1CCC1AFFFC5001961A18C5FFF7CC19FFF8500196191AC4000176228F40A5
:2006800069C0D0148AA5761F01A7DC0DCC95FFFE50029614CC14FFFB5008961418C4FF3FA8
:20069000761A8AA5DC0FD00B280502B42B032B0418C5E3FF18C5FC7FCCC5FFFE500296C533
:2006A00018C5FFFB18C5FFF71AC5003018FDFFEF1807FFFC1807FFBFCC07FFF750049607CD
:2006B000280B0555280C05552809FFFF280AFFFF18C4FFFC8AA5DC1ACC0FFFFB5008960FE2
:2006C0002811014D2810014D18C4FFF38AA5DC19CC1AFFFC5001961A18C4FFF78AA5DC1C40
:2006D000CC19FFF8500196191AC400012B0BCC95FFDF5010D00C960BCC0BFF7F5040960B77
:2006E000280902B42B0CCC95FDFF1AA90100960CCC0CF7FF1AA90400960C2B0A7622761F80
:2006F00001C01A1C0004761AFF690006761F01A88F006A002B1683A42818FFFFDD1418C546
:20070000FEFF83A4DD1518C5FFEF8F406A201815FDFFC4A51A150001DE141A1500C0DC160A
:200710001815FFDF1815FFF91A1400011814FFFD1814C1FF761F01A82B362838FFFF18C67B
:20072000FEFFC4A5DE1518C6FFEFDD1676806A40C5A6DF141835FDFF1A3500011A3500C0FB
:200730001835FFDF1835FFF91A3400011834FFFD1834C1FF761F01A92B162818FFFF18C7F9
:20074000FEFFC5A6DF15DE1618C7FFEF1815FDFF1A1500011A1500C01815FFDF1815FFF904
:200750001A1400011814FFFD1814C1FF761F01A81A1500081A140100761F01A81AC4000284
:200760001A3500081A340100761F01A91AC500021A1500081A140100761F01A81AC600022D
:200770001A150010761F01A81A350010761F01A91A1500100006FE0296410B416F04F66419
:2007800077000B411B41FFFFEDFBFE82FF6900067622761F01C076FD7C80FF691A1C000863
:200790003E67761A76228F0071001AC400401AC400201AC400801AC440001AC40008761A6E
:2007A000FF6928A915B3767E077B7622761F01C41ACC00011801FFFB1A010002761AFF69C1
:2007B000767E077B7622D02183A4DD101AC5800083A4DD2018C5FC3FCC94FC7F5040D0221E
:2007C0009621CC94FC3F5080D0239622CC94FCFF50C0D0249623CC94FC3F1AA90100D025E0
:2007D0009624CC94FC7F1AA90140D0269625CC94FC3F1AA90180D0279626CC94FDFF1AA90E
:2007E00001C0D0289627CC94FE3F1AA90200D0299628CC94FE7F1AA90240D02A9629CC946F
:2007F000FE3F1AA90280D02B962ACC94FEFF1AA902C0D02C962BCC94FF3F1AA90300D02DAC
:20080000962CCC94FF7F1AA90340D02E962DCC94FFBF1AA90380DC2F962E1AC403C0CC20B1
:20081000FFC050069620CC21FFC050069621CC22FFC050069622CC23FFC050069623CC24DC
:20082000FFC050069624CC25FFC050069625CC26FFC050069626CC27FFC050069627CC28AC
:20083000FFC050069628CC29FFC050069629CC2AFFC05006962ACC2BFFC05006962BCC2C7C
:20084000FFC05006962CCC2DFFC05006962DCC2EFFC05006962ECC2FFFC05006962F182010
:2008500007FF182107FF182207FF182307FF182407FF182507FF182607FF182707FF182874
:2008600007FF182907FF182A07FF182B07FF182C07FF182D07FF182E07FF182F07FF761ADC
:20087000FF69000676228F006F8083A4761F01BEDD0C18C5FFFECCF4FFFC8F406FC050019C
:20088000C4A59606180CFFFDDE04CC06FFF750049606D009180CFFFBCC06FFDF50109606F6
:20089000180CFFF7CC06FF7F50409606180CFFEF1AC60010C4A4DE0A1AC60010C4A41806EA
:2008A000FCFF180CFFDFDE0D1AD500201A0A00201806F3FF180CFFBFCC06DFFF1AA9100088
:2008B0009606180CFF7F18063FFF180AFF7F180CFEFFCCFCFFFC50019607180CFDFF1807DD
:2008C000FFF3180AFDFF180CFBFFCC07FFDF50109607180CF7FFCC07FF7F50409607180C80
:2008D000EFFF761F01BF1A041000761F01BE1807FCFF1A0A1000180CDFFF761F01BF1A0480
:2008E0002000761F01BE1807F3FF1A0A2000180CBFFF761F01BF1A024000761F01BE180729
:2008F000CFFF1A0A4000180C7FFF18DC3FFFCC073FFF1AA9400096071AC60001C4A4DE0802
:2009000018C6FFFCC4A4DE0B18C6FFFEC4A4DE1C1A0D00021808FFF3180BFFFD1A0D0004EB
:200910001808FFCF180BFFFB180DFFF71AED00081808FF3F1A0B00081A0D0010761F01BF7B
:200920001A050010761F01BE1808FCFF1A0B00101A0D0020761F01BF1A050020761F01BEB5
:200930001808F3FF1A0B0020180DFFBF1A083000180DFF7F1AE4C0001A08C000180DFEFFB6
:20094000CCECFFFC50019605CC94FFFC5001D0179609180DFDFF761F01BF1A050200761F9A
:2009500001BE1809FFF31A0B0200180DFBFFCC05FFDF50109605CC09FFDF50109609180DEE
:20096000F7FF761F01BF1A050800761F01BE1809FF3F1A0B08001A0D1000761F01BF1A057A
:200970001000761F01BE1809FCFF1A0B10001A0D20001809F3FF180BDFFF180D7FFFCC09DF
:200980003FFF1AA940009609180DBFFF1A053000CC09DFFF1AA91000960918C6FFFEC4A5DC
:20099000DE0A1AC60001C4A4DE1618C6FFFCC4A4DE1A1AC60001C4A5DE0C181CFFFD761FF0
:2009A00001BF1A0A0002761F01BE1816FFF31A1A0002181CFFFB1816FFCF181AFFFB181C1D
:2009B000FFF71AC60008C4A4DE1D1816FF3F181AFFF7181CFFEF761F01BF1A0C0010761F10
:2009C00001BE1816FCFF181AFFEF181CFFDF761F01BF1A0C0020761F01BE1816F3FF1A1ABA
:2009D0000020181CFFBF761F01BF1A0C0040761F01BE1816CFFF181AFFBF1A1C0080761FAF
:2009E00001BF1A0C0080761F01BE18163FFF1A1A0080181CFEFFCC94FFFC50019617181C5F
:2009F000FDFFCC17FFF750049617181CFBFFCC17FFDF50109617181CF7FFCC17FF7F5040FA
:200A00009617181CEFFF761F01BF1A0C1000761F01BE181AEFFF1817FCFF1AC60004C4A492
:200A1000DE1818C6FFCFC4A4DE1BDC1918C6FFFBC4A5DE0BDD0D181DFFF71AC60008181877
:200A2000FF3F1A1B00081A1D00101818FCFF181BFFEF181DFFDF1AC500201818F3FF1A1B3F
:200A30000020181DFFBF761F01BF1A0D0040761F01BE1818CFFF1A1B0040181DFF7F761FC8
:200A400001BF1A0D0080761F01BE18183FFF1A1B00801A1D010018C4FFFC181BFEFF181D44
:200A5000FDFF761F01BF1A0D0200761F01BE1819FFF31A1B0200181DFBFF761F01BF1A0DB3
:200A60000400761F01BE1819FFCF1A1B0400761AFF690006761F01DD56BF071056BF031120
:200A70002B1256BF911356BF031456BF23110006FE02767E03723B1076260000762F000000
:200A8000FF69767E0401767E04208F0080008F7F25E4A8428F3F1000767E0431764095C7B4
:200A9000767E0440767E06F6767E0788767E0872767E0A6A9B019A04767E16AC76228F00AE
:200AA000863A761F0035A8208F008089A8228F008000A824761F00348F3E3DCBA83E761F8E
:200AB00000358F0085D8A8308F3E3272A8328F008AD2A834761F00378F3E32CDA8048F3E0A
:200AC00032B4A8068F3E3339A80A761A7623010C8F000CE0761F003383A4DD061AC5000134
:200AD0001A26000283A41A260004DD08DC121AC500011A2800021A2800041AC400041A32EE
:200AE0000008FE82FF6900067622761F01B21A2000011820FEFF1A2000041A200008761AA0
:200AF000FF690006B2BDFE02761F02D3922265273B018522761F02D61EA61E42061E00FEC9
:200B00003DF1761F02D61EACC242564400AC8AA9060000FE3DF11EA6A8A90FA6631006A6D8
:200B100003A4767E361E59A98F0008E33B01A8AC564400A1FF4985A98BA96F02D100761F0E
:200B200002D1790F767DDD185200EC12761F02EB92125203EC09761F01BF4709EF0A761F7F
:200B300002D959006F06761F02C159306F02D10092A1FE828BBE0006FE02761F02D3922BB0
:200B4000ED032BAC6F0F0E2B761F02D61E42060400FE3DF1767E361E2DA93B0135E1FF495C
:200B50002DA992ACFE820006B2BDFE02761F02D3921E65273B01851E761F02D71EA61E4265
:200B6000061400FE3DF1761F02D71EACC242564400AC8AA9061600FE3DF11EA6A8A90FA668
:200B7000631006A603A4767E361E59A98F0008E33B01A8AC564400A1FF4985A98BA96F02F5
:200B8000D100761F02D18F006FC079134BCCEF19761F02EB92125203EC10D0094794EE0991
:200B9000767DDD245201ED0E761F02D8591B6F0A761F02D959006F06761F02C159306F0217
:200BA000D10092A1FE828BBE00069A000006FE02761F02D3920F62032BAC6F103B01850F2C
:200BB000761F02D51E42063E00FE3DF1767E361E2DA93B0135E1FF492DA9761F02EB921235
:200BC000ED223B10761F02D5C43A0200761F02D6C21A761F02D51E3A761F02D39210761FA1
:200BD00002D39618761F02D32B1029105200650B3B0185A9FF691E4206A600FE3DF1761F43
:200BE00002D3961692ACFE82FF690006FE02761F02D3922E62039A006F0F3B01852E761F1D
:200BF00002D61E42061600FE3DF1767E361E3B0134A908E3FF49FE820006FE02761F02D3E1
:200C0000923962039A006F0F3B018539761F02D51E42062000FE3DF1767E361E3B0134A913
:200C100008E3FF49FE820006FE023B10761F02D4C4240200761F02D4C236761F02D41E245B
:200C2000761F02D39238761F02D39635761F02D32B382910520062039A006F0C3B0185A90F
:200C3000FF691E4206A600FE3DF13B0134A90177FF48FE82FF690006FE02761F02D3923012
:200C400062032BAC6F103B018530761F02D61E42063800FE3DF1767E361E2DA93B01357DA5
:200C5000FF482DA9761F02EB9212ED223B10761F02D6C4320200761F02D6C236761F02D6B0
:200C60001E32761F02D3923A761F02D3961D761F02D32B3A29105200650B3B0185A9FF6935
:200C70001E4206A600FE3DF1761F02D3961B92ACFE82FF690006FE02761F02D3922DED03CC
:200C80009A006F0E0E2D761F02D61E42061200FE3DF1767E361E3B0134A90473FF48FE8252
:200C90000006FE02761F02D39234ED032BAC6F0F0E34761F02D51E42063400FE3DF1767E61
:200CA000361E2DA93B0135E1FF492DA9761F02EB9212ED223B10761F02D5C4320200761F21
:200CB00002D5C23C761F02D51E32761F02D39231761F02D39632761F02D32B3129105200E3
:200CC000650B3B0185A9FF691E4206A600FE3DF1761F02D3962692ACFE82FF690006FE0248
:200CD0003B10761F02D6C42C0200761F02D7C20C761F02D61E2C761F02D4920D761F02D4F2
:200CE000960E761F02D42B0D2910520062039A006F0F3B0185A9FF691E4206A600FE3DF19B
:200CF0002DA9761F02D43B019614352FFF47FE82FF690006FE023B10761F02D4C426020083
:200D0000761F02D5C230761F02D41E26761F02D49215761F02D49610761F02D42B152910BF
:200D1000520062039A006F0F3B0185A9FF691E4206A600FE3DF12DA9761F02D43B019617C0
:200D2000352FFF47FE82FF690006FE023B10761F02D5C4180200761F02D5C228761F02D5C4
:200D30001E18761F02D49202761F02D4960C761F02D42B022910520062039A006F0C3B0188
:200D400085A9FF691E4206A600FE3DF13B0134A9054FFF49FE82FF690006761F02D39229FD
:200D50000006761F02D33B0134290055FF450006761F02D43B01341B012DFF460006761FD7
:200D600002D4921B0006761F02D4921F0006761F02D43B01341F0027FF440006761F02D4F3
:200D7000921D0006761F02D43B01341D0027FF440006761F02D1922A0006761F02D3922000
:200D80000006761F02D33B01342008E3FF490006761F02D3921F0006761F02D33B01341F00
:200D900000E1FF490006761F02D392140006761F02D33B01341408E3FF490006761F02D46C
:200DA00092010006761F02D43B01340108E3FF490006761F02D392370006761F02D33B01A6
:200DB00034370177FF480006761F02D3923E0006761F02D33B01343E007DFF480006761F3C
:200DC00002D3923D0006761F02D33B01343D007DFF480006761F02D3923C0006761F02D3E0
:200DD0003B01343C007DFF480006761F02D3922F0006761F02D33B01342F0473FF4800068F
:200DE000761F02D3923B0006761F02D33B01343B00E1FF490006761F02D492060006761FD4
:200DF00002D43B013406002FFF470006761F02D492130006761F02D492050006761F02D493
:200E0000920F0006761F02D43B01340F002FFF470006761F02D492160006761F02D43B0106
:200E10003416054FFF490006761F02D23B0134060177FF480006761F02D292060006761F96
:200E200002D1922D0006761F02D292090006761F02D192270006761F02D192370006761F1D
:200E300002D492030006761F02D43B0134030159FF470006761F02D492090006761F02D436
:200E40003B01340900BBFF490006B2BDAABDFE023B10761F02D6C40C0200761F02D6C21869
:200E5000761F02D61E0C761F02D49204761F02D4960A761F02D42B042910520062039A00BB
:200E60006F243B0185A9FF691E4206A600FE3DF13B01761F02D234A90753FF4959A9960217
:200E7000767DD92986A9767DD8C12DA93B01761F02D212A107A2FF4A9602520063022B0216
:200E800092029B0A00FE3E44FE8286BE8BBEFF6900063B10761F02D60200A314761F02D73F
:200E9000A906761F02D61E14761F02D1933D761F02D1973B761F02D12B3D2910BE00530068
:200EA000EC0A80A80200F61F561700A71BAB080056B701A6FF6992A600063B10761F02D708
:200EB0000200A300761F02D6A93E761F02D71E00761F02D39227761F02D39628761F02D3E8
:200EC0002B2729105200ED039A006F0B88A9020028AC00553B01F61F561700A630ABFF4552
:200ED000FF690006FE023B10761F02D50200A322761F02D5A91C761F02D51E22761F02D1D1
:200EE0009233761F02D19634761F02D12B3329105200ED0302006F1388A98F0003E8020089
:200EF000FF69A842F61F561700A602331EAC564400AB00FE3DF13B01FF4485A9FE82FF6963
:200F000000063B10761F02D60200A308761F02D5A936761F02D61E08761F02D49322761FD3
:200F100002D49708761F02D42B222910761F02D39228ED039A006F0B88A8020028AC012DFF
:200F20003B01F61F561700A630ABFF46FF6900063B10761F02D70200A312761F02D7A90434
:200F3000761F02D71E12761F02D49219761F02D49618761F02D42B1929105200ED039A0010
:200F40006F0B88A9020028AC00273B01F61F561700A630ABFF44FF6900063B10761F02D542
:200F50000200A326761F02D5A90E761F02D51E26761F02D19229761F02D19628761F02D132
:200F60002B2929105200ED039A006F0788A90200F61F561700A692ABFF6900063B10761FAC
:200F700002D60200A334761F02D6A93C761F02D61E34761F02D1922B761F02D1962C761FBB
:200F800002D12B2B29105200ED039A006F0788A90200F61F561700A692ABFF6900063B104C
:200F9000761F02D50200A32A761F02D5A91A761F02D51E2A761F02D19225761F02D19626E0
:200FA000761F02D12B2529105200ED039A006F0788A90200F61F561700A692ABFF690006E8
:200FB0003B10761F02D50200A302761F02D4A93E761F02D51E02761F02D1922E761F02D155
:200FC000962F761F02D12B2E29105200ED039A006F0788A90200F61F561700A692ABFF6900
:200FD00000063B10761F02D60200A320761F02D6A910761F02D61E20761F02D29300761F1C
:200FE00002D1973E761F02D22B002910BE015300EC0A80A80200F61F561700A71BAB080053
:200FF00056B600A6FF6992A600063B10761F02D50200A338761F02D6A924761F02D51E38F9
:20100000761F02D29310761F02D2970E761F02D22B102910BE015300EC0A80A80200F61F92
:20101000561700A71BAB080056B600A6FF6992A600063B10761F02D50200A314761F02D5AA
:20102000A92C761F02D51E14761F02D4920B761F02D49607761F02D42B0B29105200ED0311
:201030009A006F0B88A9020028AC01593B01F61F561700A630ABFF47FF6900063B10761F58
:2010400002D60200A32A761F02D6A928761F02D61E2A761F02D2920A761F02D29608761F55
:2010500002D22B0A29105200ED039A006F0788A90200F61F561700A692ABFF690006FE02E6
:201060003B10761F02D5C42E0200761F02D4C234761F02D51E2E761F02D2920B761F02D13E
:201070009639761F02D22B0B2910520065163B0185A9FF691E4206A600FE3DF1BEE187A616
:20108000BE643B01564400A9C242FF4900FE3DF11EA6021E0FA66502BE0006A6FE82FF69E5
:201090000006FE023B10761F02D5C4000200761F02D5C20C761F02D51E00761F02D49221DB
:2010A000761F02D4961A761F02D42B212910520065133B0185A9FF691E4206A600FE3DF151
:2010B000BEE187A6BE643B01564400A9C242FF4900FE3DF163020200FE82FF690006FE02E6
:2010C0003B10761F02D5C4240200761F02D5C204761F02D51E24761F02D4921E761F02D10C
:2010D0009635761F02D42B1E2910520065143B0185A9FF691E4206A600FE3DF18F00022BB7
:2010E000BE64A8AC3B01564400A9C242FF4900FE3DF16F020200FE82FF690006FE023B10D7
:2010F000761F02D5C40A0200761F02D5C212761F02D51E0A761F02D19232761F02D1963076
:20110000761F02D12B3229105200EC120EA9FF691E4206A600FE3DF1BEE187A6BE643B0100
:20111000564400A9C242FF4900FE3DF163020200FE82FF690006FE02761F01BF4709EF1A01
:20112000761F02D90E00BE64761F02E81E42063C87A6761F02E90700761F02C1033656440F
:2011300000A900FE3DF1761F02AF5200562A033E6304761F02AF2B3EFE8200060006761F3A
:2011400002E4920400067622761F0180060018A9FDFF1E0006141AA901001E14761A88CC8A
:201150008F406100D049761F0185CDA68000CC957FFFCBA9D0489709CDA64000CC09BFFFD7
:20116000CBA99709CDA62000CC09DFFFCBA99709CDA61FFCCC09E003CBA9CCA60003970932
:20117000CD09FFFCCAA896099295D04A92C49608CC95FFF85008960A7622761F0180060242
:2011800018A9FDFF1E0206001AA902001E00761AD04C761F01859295D04D92D4960C92954F
:20119000D04E92DC960D9295D04F92E4960E929592EC960F7622761F0180061418A9FEFFE0
:2011A0001E1406041AA902001E04761AFF690006761F02E492045201ED03767E114300066C
:2011B0007622761F0180060018A9FEFF1E0006141AA901001E14761A88CC8F406100D0415A
:2011C000761F0185CDA68000CC957FFFCBA9D0409701CDA64000CC01BFFFCBA99701CDA649
:2011D0002000CC01DFFFCBA99701CDA61FFCCC01E003CBA9CCA600039701CD01FFFCCAA82E
:2011E00096019295D04292C49600CC95FFF8500896027622761F0180060218A9FEFF1E0257
:2011F00006001AA901001E00761AD044761F01859295D04592D496049295D04692DC9605B6
:201200009295D04792E49606929592EC96077622761F0180061418A9FEFF1E1406041AA9B7
:2012100001001E04761AFF690006761F02E492045201ED03767E11B000067622761F0180E0
:20122000060018A9FF7F1E0006141AA901001E14761A88CC8F406100D039761F0184CDA691
:201230008000CC957FFFCBA9D0389739CDA64000CC39BFFFCBA99739CDA62000CC39DFFFC3
:20124000CBA99739CDA61FFCCC39E003CBA9CCA600039739CD39FFFCCAA896399295D03AA8
:2012500092C49638CC95FFF85008963A7622761F0180060218A9FF7F1E02060050801E00D1
:20126000761AD03C761F01849295D03D92D4963C9295D03E92DC963D9295D03F92E4963E56
:20127000929592EC963F7622761F0180061418A9FEFF1E14060450801E04761AFF69000632
:20128000761F02E492045201ED03767E121D00067622761F0180060018A9FFEF1E00061436
:201290001AA901001E14761A88CC8F406100D021761F0184CDA68000CC957FFFCBA9D020F3
:2012A0009721CDA64000CC21BFFFCBA99721CDA62000CC21DFFFCBA99721CDA61FFCCC21E7
:2012B000E003CBA9CCA600039721CD21FFFCCAA896219295D02292C49620CC95FFF85008B3
:2012C00096227622761F0180060218A9FFEF1E02060050101E00761AD024761F0184929588
:2012D000D02592D496249295D02692DC96259295D02792E49626929592EC96277622761FC4
:2012E0000180061418A9FEFF1E14060450101E04761AFF690006761F02E492045201ED0385
:2012F000767E128800067622761F0180060018A9FFFB1E0006141AA901001E14761A88CCC9
:201300008F406100D011761F0184CDA68000CC957FFFCBA9D0109711CDA64000CC11BFFF86
:20131000CBA99711CDA62000CC11DFFFCBA99711CDA61FFCCC11E003CBA9CCA60003971158
:20132000CD11FFFCCAA896119295D01292C49610CC95FFF8500896127622761F01800602A8
:2013300018A9FFFB1E02060050041E00761AD014761F01849295D01592D496149295D01693
:2013400092DC96159295D01792E49616929592EC96177622761F0180061418A9FEFF1E143A
:20135000060450041E04761AFF690006761F02E492045201ED03767E12F3000680A97622EB
:20136000761F0180060018A9FBFF1E0006141AA901001E14761A88CC8F406100D051761F9E
:201370000185CCA68000CD957FFFCAA8D0509611CCA64000CD11BFFFCAA89611CCA62000D3
:20138000CD11DFFFCAA89611CCA61FFCCD11E003CAA8CDA600039611CC11FFFCCBA99711A7
:201390009295D05292C49610CCA7000FCD95FFF0CAA896127622761F0180060218A9FBFF9A
:2013A0001E0206001AA904001E00761AD054761F01859295D05592D496149295D05692DC3C
:2013B00096159295D05792E49616929592EC96177622761F0180061418A9FEFF1E140604EE
:2013C0001AA904001E04761AFF6900067622761F0180060018A9FFFD1E0006141AA90100B9
:2013D0001E14761A88CC8F406100D009761F0184CDA68000CC957FFFCBA9D0089709CDA693
:2013E0004000CC09BFFFCBA99709CDA62000CC09DFFFCBA99709CDA61FFCCC09E003CBA9F2
:2013F000CCA600039709CD09FFFCCAA896099295D00A92C49608CC95FFF85008960A762209
:20140000761F0180060218A9FFFD1E02060050021E00761AD00C761F01849295D00D92D46B
:20141000960C9295D00E92DC960D9295D00F92E4960E929592EC960F7622761F01800614D2
:2014200018A9FEFF1E14060450021E04761AFF690006761F02E492005201ED039A016F0ED8
:201430003B1092045201ED08FF69767E13C6761F02E456BF010029109A00FF690006761FD7
:201440000180060850021E0800067622FF69767E143F761AFF69761F02E42B0000067622FC
:20145000761F01811E06761AFF6900061EA67622761F0180060018A9FF961E00761A8F0038
:20146000610083A492A6761F0184DD0190031AC580001A01400083A41801DFFFDD1918013A
:20147000E003CD01FFFCCBA9970193C42BC41AC5800083A41A194000DD181819DFFF181930
:20148000E003CD19FFFCCBA9971993C52BC583A4DD291AC5800083A4DD281A2940001829A0
:20149000DFFF1829E003CD29FFFCCBA9972993C52BC583A4DD31DC301AC580001A314000A2
:2014A0001831DFFF1831E003CD31FFFCCBA9973192C42BC476228F4060408AA5761F018112
:2014B000DC011AC480008F0060001A0160001A011FFF1AC5FFFF1AFD80001A0760001A0728
:2014C0001FFF761F01801AF5FFFF83A4DD13DC121AC580001A1360001A131FFF1AC4FFFFB3
:2014D000761A7622060250691E02062850691E28060050691E00761AFF690006761F0180D5
:2014E000060C50401E0C00068F406100D034929596D4D0359295D03696DC9295D03796E409
:2014F000929596EC00067622FF69767E14DE761A761F02E492045201ED289203520AEC1150
:201500008A06FF69767E14E48F00B940A8A9C40609360FA6EC04DE06C2066F02A8060A0388
:2015100092045201ED1228AC00068F00ABDA30012D02560100A49A01FF6698E49A012D0145
:20152000761F02AFFF669812FF690006761F0180060C50201E0C00068F406100D02C9295CD
:2015300096D4D02D9295D02E96DC9295D02F96E4929596EC00067622FF69767E1526761A8F
:20154000761F02E492045201ED289203520AEC118A06FF69767E152C8F00B940A8A9C40654
:2015500009360FA6EC04DE06C2066F02A8060A0392045201ED1228AC00068F00ABDA3001B8
:201560002D02560100A49A01FF6698E49A012D01761F02AFFF669812FF690006761F018023
:20157000060C50081E0C00068F406100D01C929596D4D01D9295D01E96DC9295D01F96E410
:20158000929596EC00067622FF69767E156E761A761F02E492045201ED289203520AEC112E
:201590008A06FF69767E15748F00B940A8A9C40609360FA6EC04DE06C2066F02A8060A0367
:2015A00092045201ED1228AC00068F00ABDA30012D02560100A49A01FF6698E49A012D01B5
:2015B000761F02AFFF669812FF690006761F0180060C50011E0C00068F40610092E596D49E
:2015C00092ED96DC92F596E492FD96EC00067622FF69767E15B6761A761F02E4920452014F
:2015D000ED289203520AEC118A06FF69767E15BC8F00B940A8A9C40609360FA6EC04DE06D0
:2015E000C2066F02A8060A0392045201ED1228AC00068F00ABDA30012D02560100A49A012B
:2015F000FF6698E49A012D01761F02AFFF669812FF690006761F018006081AA902001E085F
:201600000006761F018006081AA901001E080006761F0180060850801E080006761F01807A
:20161000060850101E080006761F0180060850041E080006761F018006081AA904001E086B
:20162000000606C41EC592D496D592DC96DD92E496E592EC96ED0006761F02E483A4920316
:20163000ED039A006F143B108A08FF69767E16218F00B940A8A9C4080B0309360FA6EC0486
:20164000DE06C2086F02A80829109A01FF690006762202008F006000D0241901761F0180CC
:201650001E94D026020019011E94D02002001E940208DC201AC400021A2000011820FBFF0D
:201660001A2000041E2A1E2C761F018402001E0A1E121E221E3A761F01851E021E0A761F96
:2016700001841E021E1A1E2A1E32761F018019011E08020019011E0C020019011E1E0200EF
:2016800019011E22C4141AA61000C214761A6F02C41892A6FFC3900144A6EFFB7622A316E5
:2016900018ABFFF018AAFF0093AB517327A893AA51082FA8A916C414BE80C214761A6F05DA
:2016A000C41892A6FFC390015200EDFB762202001E00761AFF69000680A82DA9767E164883
:2016B0000200767E1456761F02E48F00B9402B002B032B047F022101A806A8080006761F93
:2016C00002E456BF01040006761F02E42B040006761F02C39A00CD0F0020761F02EAFFD410
:2016D000CB0A56B001A90006761F02C9931F9A00761F02C3FFD0CB0FFFD2761F02EA9101DC
:2016E000CB1156B001A90006761F02C3930F9A00761F02C9FFD9CB1FFFD3761F02EA9101BB
:2016F000CB0256B001A90006761F02C39A00CD0F0004761F02EAFFD1CB1856B001A9000699
:201700009A00761F02EA930A56B001A90006761F02EA920300069A00761F02EA931156B07A
:2017100001A900069A00761F02EA930256B001A90006761F02EA92130006761F02EA92184C
:201720000006761F02EA92150006761F02EA92070006761F02EA922B0006761F02EA9206F8
:201730000006761F02EA2B030006767DD8E5761F02EB9604767DD8ED761F02EA9628761F86
:2017400002EB92049C0A960592049C149603767DD8E9761F02EA9609767DD8F1761F02EAD5
:20175000962F767DD8F5761F02EB9CFB54056707767DD8F5761F02EB9CFB9605767DD8F5E0
:20176000761F02EB9CFB54036707767DD8F5761F02EB9CFB9603761F02EA930992099D02C2
:201770009C04973E963B536456B2643E526456B2643B767DD8D5761F02EB9602767DD8DDF3
:20178000761F02EB9600767DD8C1761F02EA963A0006761F02EA2DA89634973372AC350E03
:20179000963852006405761F02EE4007EE029A00761F02EA963C0006761F02EA2DA89617FE
:2017A000971072AC350E96350006761F02EA963D0006761F02EA283A080056BF01262B2B79
:2017B000761F02EB56BFDC0556BFE60356BFD204761F02EA56BFE628761F02EB56BFE60295
:2017C0002800010E761F02EA2B39761F02EB2801010E761F02EA2837010E56BF023E56BFDA
:2017D000043B2B0956BF0A2F56BF0A2A56BF1E162B0F2B122832010E00065DA9761F02EA39
:2017E000920FED389201ED12761F02EB93028F00BAA5761F02EA9236767E36835200EC61F7
:2017F000761F02EA56BF01016F5B761F02EB1B00012C620393006F0328A803E8761F02EA07
:201800008F00BAA59236767E36955200ED0D761F02EE92225202EC085203EC06761F02EABE
:201810001B2201F46841761F02EA9211ED3D2B016F379229ED17761F02C9921E8F00BAA500
:20182000761F02EAFFC7932A767E36835200ED05761F02EA9205EC25761F02EA56BF0129CA
:201830006F1F761F02C9921E8F00BAA5761F02EAFFC79316767E36955200ED0D761F02EE8C
:2018400092225202EC08761F02EA9200ED041B2201F4680A761F02EA9211ED062B292B2529
:20185000761F02EA2B22923FEC061B2201F467040A226F022B22920AED069201CA2956B045
:20186000010A00069201CA29ED022B0A0006761F02EA96360006B2BDAABDA2BD761F02EA9E
:201870005BA9920F56C000D49226EC130B1AED0456BFC81A2B269AE6761F02EB56720004E6
:2018800059A9761F02C292015202EC06D9946F04761F02EB5904761F02EB92125205EC1AD2
:201890005202EC18761F02EB9218EC14761F02EA92379CFE9628761F02EB54006505920040
:2018A000761F02EA962852F0761F02EA56B4F0286F04761F02EA79289214ED0F92368F0076
:2018B000BAAC93A15DA3767E36835200EC1A761F02EA56BF01146F19932892368F00BAACCE
:2018C0005DA3767E36955200ED14761F02EE92225202EC0F5203EC0D761F02EA9200ED0917
:2018D000761F02EA9214EC099219EC090B196F07761F02EA2B2C2B14281901F49219CA0CD4
:2018E000ED1293A18F00BA9D9DF65DA353D256B8D2A89236767E3683761F02EA520056B041
:2018F000010C6F1D93288F00BA9D9DF65DA353D256B8DCA89236767E36955200ED0C761FED
:2019000002EE92225202EC075203EC05761F02EA9214ED05761F02EA2B1D2B0C9218ED31B5
:20191000922BED14761F02EB93048F00BAA38F400BB8761F02EA9236767E3683761F02EAEB
:20192000520056B0012BFFEF00FE761F02EB93048F00BAA38F407530761F02EA9D049236D4
:20193000767E36955200ED0D761F02EE92225202EC085203EC06761F02EA920056C100E3B7
:20194000761F02EA2B2C2B2BFFEF00DD9226EC210B1AED0456BFC81A2B2692095206640311
:2019500059096F02D105761F02C292015202EC02D982761F02EA9BE68F00BAAE5DA3923684
:20196000767E3683761F02EA520056B001086F025909761F02EB92125205EC135202EC1138
:20197000761F02EB9218EC0D761F02EA9216D2FA542F562A042F9209542F562A022F6F05C4
:20198000761F02EAD2E6792F920BED198F00B25D41D4EF1592CC93A15DA38F00BAB1FFC7BA
:20199000767E36835200ED05761F02EA9205EC1E761F02EA2B3156BF010B6F1A761F02C93D
:2019A000921E8F00BAB15DA3761F02EAFFC7932F767E36955200ED10761F02EE92225202D9
:2019B000EC0B761F02EA9200ED07920BEC099219EC090B196F07761F02EA2B312B0B2819F9
:2019C00001F49230ED29761F02C9CC1F0002FFC0411FEF27761F02EA9319ED239209520589
:2019D00063039B006F0393099DFB761F02C98F00BA9C921E5DA3FFC7767E36835200EC05A5
:2019E000761F02EA920BED05761F02EA9205EC2856BF01306F25761F02C9CC1F0002FFC0C5
:2019F000761F02EA93095200EC17761F02C98F00BA9C921E5DA3FFC7767E36955200ED0CA0
:201A0000761F02EE92225202EC07761F02EA9200ED03920BED05761F02EA2B1C2B309208F7
:201A1000EC1192368F00BAAE56BF010B56BF013093A25DA3767E36955200EC04761F02EADC
:201A20002B08761F02EA9214CA0BEC09923056BF0111CA0CEC0556BF01026F032B112B02DF
:201A300082BE86BE8BBE00065DA8761F02EA93A99213ED0C92368F00BAAD767E3695761F51
:201A400002EA520056B00113000692368F00BAAD9DF6767E36835200EC04761F02EA2B1329
:201A500000065DA9761F02EA923FED0E933292368F00BA9F9D05767E3695761F02EA520074
:201A600056B0013F0006933292368F00BA9F767E36835200EC04761F02EA2B3F000688A994
:201A7000761F02EA5DA89218ED0D92368F00BAA093A6767E3683761F02EA520056B00118A3
:201A800000069B1492368F00BAA095A6767E36955200EC04761F02EA2B180006B2BD5DA965
:201A9000761F02EB92125201EC075203ED61761F02EE4007EE5D761F02EB9213ED59767EAF
:201AA00016F45200ED55920FED2592042B1BED12761F02EB93058F00BA9E761F02EA9236B0
:201AB000767E36835200EC3C761F02EA56BF01046F3C761F02EB93038F00BA9E761F02EA29
:201AC0009236767E36955200EC2B761F02EA2B046F2792272B1EED138F00B25D41D4EF0F1D
:201AD00092CC933E8F00BA9BFFC7767E36835200EC17761F02EA56BF01276F178D40B25DFB
:201AE000933B8F00BA9B92C9FFC7767E36955200ED0341D1EE05761F02EA2B1B2B27761F5F
:201AF00002EA9227CA04EC0A56BF01156F08761F02EA2B042B272B1E2B1B2B158BBE0006AB
:201B0000761F02C3CC0F0004FFC1761F02EA88A993189A00CBA6EC03930DEC0F761F02C97A
:201B1000411FEE06761F02EA930F5301EC06761F02C9431F56BC01A9761F02EA96069318B2
:201B20009A01CBA6ED18761F02C3CD0F0008761F02EAFFD2CB11ED0F932BED0D761F02C914
:201B3000441FEE09411FEE06761F02EA930F5301EC029A00F001761F02EA960700065DA9CD
:201B4000761F02EA9200ED10761F02C99B638F00BAA4921EFFC7767E3695761F02EA520022
:201B500056B001000006761F02C99B63D5058F00BAA4921EFFC7767E36835200EC04761F49
:201B600002EA2B0000068F00B25D5DA941D4EF1F761F02EA9205ED0E92CC9B018F00BAA18A
:201B7000FFC7767E3683761F02EA520056B001050006761F02C99B01D5328F00BAA1921E60
:201B8000FFC7767E36955200EC086F04761F02EA2B21761F02EA2B050006761F02E8962E40
:201B90000006761F02E896220006761F02E8962D0006B2BDAABDA2BD8BA9824C864A767DB0
:201BA000DD185200EC17761F02E8921B52036912761F02E9B2A9B21C630302001E1CAAA941
:201BB000AA28630302001E28A2A9A222630902006F060200761F02E91E1C1E281E22062833
:201BC000071C0722761F02E81E3A761F02E9C5181EA63B011E2606A7FF3403A7070E07A6F5
:201BD0001EA69B00901F1E0E06A6FF441E08761F02E81E3E761F02E91E1882BE86BE8BBE48
:201BE0000006767DDD185200EC18761F02E8921B520369132D1B361ABE64FF5A761F02E911
:201BF0000200F61F561700A6A920A9A90F1C6303061C1E2006206F050200761F02E91E2045
:201C0000761F02E81E3C0006767DDD185200ED05761F02E82B180006761F02E8920896182A
:201C10000006761F02E8962B0006761F02E896250006761F02E8962C0006B2BD59A9767D7D
:201C2000D83D5201EC05761F02E82B1A6F04761F02E8791A8BBE0006B2BD59A9767DD83D3A
:201C30005201ED0892A152036905761F02E8791B6F04761F02E82B1B8BBE0006761F02E83D
:201C4000962A0006761F02E896240006761F02E8962F0006767E2D2E5202ED24761F01BF2C
:201C50004B01EF20761F02C3921DEC1C761F02E8922D523267059C28542268066F132D2D56
:201C600035055422670F0A239223520A680E2B23761F02EB9A049B0556BF2D15767E3D09EB
:201C70000006761F02E82B230006767E2D2E5202ED2D761F01BF4B01EF29761F02C3921DFC
:201C8000EC25761F02E8922F523267059C28542468066F1C2D2F3505542467180A29922953
:201C9000520A68172B29761F02EB9A009B0156BF2D15767E3D09761F02E89A2D9324761F2A
:201CA00002EB5C15767D96920006761F02E82B290006767E2D2E5202ED24761F01BF4B0177
:201CB000EF20761F02C3921DEC1C761F02E8922C523267059C28542568066F132D2C350507
:201CC0005425670F0A289228520A680E2B28761F02EB9A049B0556BF2D15767E3D090006AD
:201CD000761F02E82B280006761F02E8920F52C8624B529662455278623C526A632992095B
:201CE000ED169205521456B614059200523C56B63C009201523C56B63C019202523C56B6BF
:201CF0003C02920A523C56B63C0A6F020B099205EC020B059200EC020B009201EC020B01E8
:201D00009202EC020B02920AEC350B0A6F339205EC020B059200EC020B009201EC020B0113
:201D10001B021B5867020A02921F526A631D6F209205EC020B059200EC0F0B006F0D9205F2
:201D2000EC070B056F051B051B5867020A051B001B5867020A001B011B5867020A011B0200
:201D30001B5867020A021B0A1B5867020A0A56BF0A09761F02EB92125202EC295205EC2775
:201D4000761F02E892055214670A1B00022667071B0102EE67041B02041A694B761F02EBFD
:201D500056BF0A159A009B01761F02E82B052B002B012B02767E3D09761F02E89A0A930FD7
:201D6000761F02EB5C15767D96926F33761F02E892055214670A1B00022667071B0102EE09
:201D700067041B0A041A6919761F02EB56BF0A15761F02E89A009B012B052B002B012B0204
:201D80002B0A767E3D09761F02E89A0A930F761F02EB5C15767D9692761F02E81B021770DE
:201D90006903280217701B0A17706903280A1770761F02E89202523266085205670A761FE3
:201DA00002B91812FFFE0006761F02B91A12000100068F000FA0761F02E9A824A814761FDD
:201DB00002E8A832761F02E9A816761F02E8280C0400A8300006761F02E82B150006761F22
:201DC00002E80A15541567132B2A2B082B0F2B122B162B272B132B170200761F02E91E0461
:201DD0001E021E001E0A761F02E82B150006761F01BFC446C5444B01EF14761F02E9FF583A
:201DE0001E02630302001E0206A7C31E630302001E1E761F02E806A6C236630B02006F0601
:201DF0000200761F02E91E021E1E761F02E81E36761F02E9061E0702761F02E80736761F24
:201E000002E91EA6C50C3B011E041E1A06A7FF3403A7071207A61EA69B00901F1E12761F89
:201E100002E806A6FF441E34761F02E91E101E0C0006B2BDFE02761F02EB92125203ED3F93
:201E2000761F02C19230761F02E80A21722092215205693B0E20F60F1F2196201BA901F4BC
:201E30006703282001F4767DD869761F02E888203B0156030AA9C24200FE3DF159A9767D23
:201E4000D869761F02E888202DA112A9C24200FE3DF193A91BA80A0062071BA904006306BE
:201E500028A904006F0328A90A002DA931192D0C3B01350707ABFF44960C6F05761F02E8F5
:201E6000280C04002B202B21FE828BBE0006761F01BF4B01EF15761F02E82D2FBE64362AC2
:201E7000FF5A761F02E90200F61F561700A6A90AA9A90F02630306021E0A060A6F0502001D
:201E8000761F02E91E0A1E000006B2BDFE02761F01BF4709EE09767DDD245200ED05761F9E
:201E900002E82B1F6F0D020E761F02E828AC00051E42921B942F30A900FE3DF1961F761FFB
:201EA00002E9061CBE643B010702761F02E85621000C564400A987A6C432FF49564400A9BB
:201EB0008AA9C24200FE3DF1961288A9761F02E906161E42A8A900FE3DF1761F02E85CA9D9
:201EC0009613761F02E90624761F02E81E42063C761F02E90700564400A900FE3DF1761F03
:201ED00002E85DA99616761F02E906141E420620070A564400A900FE3DF1761F02E893A5FF
:201EE0009617567300A6567200A4970F540F562A020F590F9627791C761F02EB921252028C
:201EF000EC035205ED07761F02E8921F540F562A020F761F02EB92125203EC3C5205EC038B
:201F00005202ED34761F02D0923DED14767DD869761F02D988002DA912A1C24200FE3DF130
:201F1000761F02E89619767DD869761F02D988006F13767DD869761F02D8881B2DA912A106
:201F2000C24200FE3DF1761F02E89619767DD869761F02D8881B2DA9761F02E8C242121979
:201F300000FE3DF1961996066F08761F02E82B066F04761F02E87906767DD8655200EC1CF8
:201F4000761F02E89207ED0E92069B64D5058F00BA0B767E3695761F02E8520056B001070B
:201F50006F1192069B55D5058F00BA0B767E36835200EC086F04761F02E82B0B761F02E8A1
:201F60002B07FE828BBE00068F006FC04BCCEF18761F02EB93125303EC0FD0094794EE0961
:201F7000767DDD245201ED0C761F02D8920F6F04761F02D9920B761F02E896080006761FC9
:201F800002E82B080006761F02EB93125303ED21761F02C11B3001F4671C761F02E8932F37
:201F900053C869170A26542667172B26761F02EB9A009B0156BF0915767E3D09761F02E879
:201FA0009A09932F761F02EB5C15767D96920006761F02E82B2600069A0000069A00000692
:201FB0009A0000069A0000069A0000069A0000069A0000069A000006761F02E6920E00062E
:201FC000761F02E692200006761F02E692210006761F02E6922A0006761F02E6922400061E
:201FD000761F02E6922C0006761F02E6922D0006761F02E692360006761F02E692300006DE
:201FE000761F02E792000006761F02E792010006761F02E7920A0006761F02E7920400067A
:201FF000761F02E6921B0006761F02B092010006761F02E792260006761F02E7922E000641
:20200000761F02E7062C0006761F02E7921F0006761F02E792200006761F02E79223000666
:20201000761F02E792240006761F02E7920C0006761F02E7920D0006761F02E79216000605
:20202000761F02E706140006761F02E7920E0006761F02E71E2C0006761F02E71E1400065A
:20203000761F02E602002B192B1056BF020F1E1C1E1E761F02E71E2C1E141E2E1E16000676
:2020400088A93B105200EC3A761F02E69211960A761F02E72827010428280104761F02B05E
:202050009201ED208F006980D00B761F01A62B94D00BCC94FFEF5020D00C960BCC0BFF7F17
:202060005040960B2B94D00CCC94FEFF1AA90200960CDC0FCC0CF7FF1AA90400960C18C4D2
:20207000FFFC761F02B092015202ED2B761F02D79233761F02B096166F2476228F00698046
:20208000D014761F01A683A4CC94FFFE5002DD189614CC14FFFB500896141AC50004761A5C
:20209000D00BFF6928940555D00C28940555DC0F18C4FFFC2809FFFF280AFFFF767E203080
:2020A000761F02B07E012910FF690006761F02E6280C05C5280A010456BF460756BF080181
:2020B00028000A2856BF0C0556BF900656BF320456BF020F280305C52818010456BF05160A
:2020C000281704B056BF321556BF901356BF3214761F02E7282505C52827010456BF052873
:2020D000761F02E62811010456BF0512280904B056BF321A761F02E756BF900F56BF32103A
:2020E000761F02EC56BF14260006AABDA2BD761F02EE4007EE03BEA06F063B01761F02ECF3
:2020F00085081EA6761F02EA3B0128320118761F02D28501761F02E65601001E761F02D205
:202100008503761F02E65601001C0A199219520863042720FFEF008E2D07061E5D01212EF0
:20211000FF42B6002B1958A9960B8F0001F428ABFE0C28AAFFFF7D2F02001E1ED300061CC2
:20212000FF42960DC31C761F02B09316761F02E6972C962D9EA885A9565000A4566100ABC9
:2021300080A9963006A633A7FF392DA58AA9A932FF5486A912A70734565000A3566100A2EA
:202140001EA71E34A9A9813707A7B6002D00565000A7566100A2FF5AD232FF4928AAFFFFB2
:2021500080A9963692AB18A903FF963728A90118761F02E79EA02102761F02E685A95D05D7
:2021600028ABFFCE761F02E7565000A27D0328000118566100AB780133A996042DA5A9A0CC
:2021700012A9A90628ABC00028AAFFFE0708565000A4566100AB1EAC1E083AA9810B07ACB6
:20218000565000A4566100AB83A928ABFFB028AAFFFF18A503FFFF49960A94A785A97D0B7D
:20219000565000A6761F02E6566100AB962027A9920680A996229204962388A9761F02EE00
:2021A0004007EF048F3FFC006F02D400761F02D43406002F761F02E62DA7D55028AAFFFFBC
:2021B000FF4493A99621B60092AB28ABFFB09EA885A9565000A5566100AB962433A92DA6DA
:2021C000A92612A90728565000A4566100A71EA61E28A9A9812B07A6565000A48F000FFF02
:2021D000566100A7FF5AFF492DA992AB18A903FF962B85AC565000A4566100A72DA9962AEA
:2021E000761F02EC121B761F02E6FF4B960E52006473761F02D1921A620D761F02D1921707
:2021F0006209761F02EE4007EF05761F02EB9215EC2C761F02E656BF010F76228F006980B1
:20220000D014761F01A6CC94FFFE50029614DC18CC14FFFB500896141AC40004761A761F6E
:2022100002D19217ED05761F02D1921A651E761F02E706086503FF401E0806A66516FF40EA
:20222000761F02E61E286F1176228F006980D014761F01A6CC94FFFE50029614DC181A14B0
:20223000000C1AC40004761A761F02E6920E52366411761F02EC921B761F02E69CF2540E59
:20224000630B761F02EC921B761F02E69CF2960E6F0356BF010E761F02EC921B761F01A62F
:202250009609761F02EC921B761F02E69E0E761F01A6960A6F1D76228F006980D014761F85
:2022600001A6CC94FFFE50029614DC18CC14FFFB500896141AC40004761A7622CC14FFFEA7
:20227000500296141A14000C1A180004761A82BE86BEFF690006B2BD761F02EA2D36350ECA
:202280009C6459A9767E0E3393A155A9653276228F006980D014761F01A6CC94FFFE50025F
:202290009614DC181A14000C1AC40004761A761F02EC921B761F02E654106208761F02ECE6
:2022A000921B761F02E696106F020A10921052366426761F02EC921B761F02E69CF2541070
:2022B000640392106F1D761F02EC921B9CF26F1876228F006980D014761F01A6CC94FFFEA7
:2022C00050029614DC18CC14FFFB500896141AC40004761A761F02E656BF01109A01761FED
:2022D00002EC931B761F01A69709761F02EC931B761F01A69FA9970A8BBEFF6900067622D1
:2022E0008F006980761F01A683A4DD14DC181AC50003CC14FFFB500896141AC40004761AEE
:2022F0009B32FF69761F02EC921B00FE3E44523656B436A9931B761F01A69FA99709761F11
:2023000002EC921B761F01A6960A0006761F02B8932E732F542F6604742F9A0100069A00C3
:2023100000062DA9761F02B888A892289C645429680792339C9C5429562A06296F02962953
:202320003B1036291EAC8F000928FF321EA7ABA9FF3007A7FF5A0200F61F561700A4A9A96F
:20233000B60AFF69761F02D10905FF5A0200F61F561700A75CAB0EA63F1F5DA4761F02B802
:20234000566500A902002DA6F61F561700A502005DA6A9A7F61F561700A592A73F319B035A
:2023500033AB9EAB962E92A400FE3ECD761F02D19612560301A49B0300FE3ECD761F02D126
:202360009614761F02D192A4FFC0961092A4761F02D1FFC29CFF9604761F02D054336905C0
:202370009233761F02D196042910FF69761F02B892310006761F02B892200006761F02B877
:2023800092250006761F02B892320006761F02B81B21FDE866078F00AE3B922196CC2BC40E
:20239000000628A9FFFF8F00AE3B9E2196CC56BF01C40006761F02B81B23FDE866078F0071
:2023A000AE37922396CC2BC4000628A9FFFF8F00AE379E2396CC56BF01C40006761F02B897
:2023B0001B24FDE866078F00AE39922496CC2BC4000628A9FFFF8F00AE399E2496CC56BF7B
:2023C00001C400063B10761F02B84222EF0429109A016F0329109A00FF6900063B10761FDA
:2023D00002B896262910FF6900063B10761F02B8962C2910FF6900063B10761F02B8962776
:2023E0002910FF6900063B10761F02B896202910FF6900063B10761F02B896252910FF6949
:2023F00000063B10761F02B8962D2910FF6900063B10761F02B896322910FF690006761F25
:2024000002B856BF082056BF11252831092856BF783456BF192656BFFA2756BF4B2C56BF04
:20241000192D28324E2028294E2028333A4D282866CB0006761F02B888A95529690892294C
:2024200094A654A866089FA69729000694A85429562A0929000688A9761F02B82DA60E36E5
:202430005CA63736A9A7FF5A0E36565D00A4A9AC560500A92DA606A7FF318AA912AC560386
:2024400001A95DA9A8A90DA507AB8AA906A7FF3007AB1EA7560301A62DA937304122EE08FB
:20245000A8A90FAB690B06A70FAB660B0006A8A90FAB690706A70FAB690692A674290006E3
:2024600092A67229000688A992CC80A855A6690A761F02B89FA628AB00011A2200019736EC
:202470006F09761F02B893A62BAB1822FFFE9FA7973693C4ED2893A6FFD055A9671F93227F
:20248000510228AA00015CA8972254A6691093A755A9660A9EA696362B3028AB000192A4C9
:20249000500196226F1574A77F306F1254A7670374A66F02BE007E306F0B1822FFFD963082
:2024A0002BAA6F0696301A22000228AA0001761F02C292015202ED039A0C6F029A12761F73
:2024B00002B8932C5530680F932D5536680C4222EE120A2B932B5305690E2B2B3B101A22D5
:2024C00000046F0893272B2B553067053B101822FFFB291093ABED0593AAED0574296F0855
:2024D00093AAED05FF69767E242B6F027229FF690006767DD86D1BA91388EC08761F02B8BE
:2024E0002832411B2829411B6F07761F02B828324E2028294E2028333A4D282866CB0006C4
:2024F000767E238254296809767E23829E295208690A082900086F11767E238293299FA9C2
:2025000053086609767E238296293B101A22000429106F039A087429FF690006B2BDAABDE0
:20251000A2BD761F02C292015202EC09761F02C3921DEC05761F02EB9212ED6D767DF44175
:202520005200ED34767DF4655200ED30761F02C3920F90035202EC2A761F02EB9212EC263D
:202530005205EC055202ED075202ED20761F02D0923DED1C767E3B355AA9767E3B3559A98E
:20254000767E238682A4767E3B4993A9767E237A8AA392A1767E2463767E237E93A2767EDA
:20255000241A761F02EB2B306F4D767DF4895200ED2F767DF4AD5200ED2B767DD83D52005E
:20256000ED27761F02C3921F90035202EC21761F02EB9212EC1D767E3B355AA9767E3B354E
:2025700059A9767E23AE82A4767E3B5193A9767E237A8AA392A1767E2463767E237E93A26C
:20258000767E241A761F02EB56BF01306F1B767E24F06F18767E3B355AA9767E3B3559A95B
:20259000767E239A82A4767E3B3193A9767E237A8AA392A1767E2463767E237E93A2767E8E
:2025A000241A761F02D09A2D9330767E2311767E3B6B761F02EB92125203ED10761F02EB30
:2025B0009230761F02B8542A761F02EB56B00133761F02EB56B032326F07761F02EB2B337E
:2025C000761F02EB2B32761F02EB9230761F02B8962A82BE86BE8BBE0006BE177700000E9C
:2025D000FFFFFF69000676228F406F808AA576806FC0DC1C18C4FFFE8AA5DC16DD1A18C410
:2025E000FFFC8AA6DC0A1AC400011AC50001761ADE0C1AC600025200ED06761F01BF1A0CEF
:2025F00000016F05761F01BF1A0A0001FF69767E25CD8F006FC083A4DD0A1AC50002767EED
:2026000025CDDC0C1AC40002000680A99B80D00792A8CEA7767E25D3FFD00008FFFB00066D
:2026100076228F006F8083A4DD1C1AC5000183A4DD16DC1A18C5FFFC18C4FFFE761AFF69DB
:202620008F406FC08AA5DC0C1AC40002767E25CD8AA5DC0A1AC40002767E25CDD0089A0072
:20263000761F01BFCD9500011A0C0002530056B001A90006AABDB600D20792A7FF8080A9CA
:20264000767E261093A795A980A8000AFFF892A786BE000676228F406F808AA5DC1C18C4D3
:20265000FFFE8AA5DC1618C4FFFCDD1A8F006FC0C4A4DE0A1AC600011AC50001761AFF69B7
:20266000767E25CDDC0C761F01BF1AC400011A0A0002767E25CD1A0A00010006767E25CD3B
:2026700076228F406F808AA5DC1C18C4FFFE8AA5DC16DD1A18C4FFFC8F006FC0C4A4DE0AF7
:202680001AC600011AC50001761A761F01BFFF691A0A00011A0A0002767E25CD767E25CD15
:20269000767E25CDDC0C1AC40001767E25CD1A0C00020006761F01BF1A0A0001767E2610C5
:2026A0000006B2BDAABDA2BDFE0488A859A993A9CCA8FF8054A8EC0A9EA19B8095A9974318
:2026B000924354A669047E436F022B4392A682A48D806FC29E4393A98AA2FFD69742DC02BD
:2026C000CDA9FF809EA896411AC400209243EC19934392A18AA3767DD97852009644EC0876
:2026D0001AC200209A02767DD96E92446F3E92A1944359A99243FFC088A9A2A90DA682A99B
:2026E0009242EC1B9CFF5AA99B8092A18AA3767DD97852009642EC0A761F01BF9A021A0275
:2026F0000020767DD96E92426F209B8092A1DB4094A859A9000AFFEA9241EC12934192A19B
:202700008AA3767DD97859A95200EC0A761F01BF9A021A020020767DD96E92A16F06761F5A
:2027100001BF9A001A020020FE8482BE86BE8BBE0006AABDB60028AB0001D20892A7FF803B
:2027200080A9767E261093A795A980A8000AFFF81BA701FFEC0892AB28AB0001B60072AB0B
:20273000520568EC86BE0006761F02CA960128A9FEFF767E3CDD5200ECFB0006B2BDAABDAC
:20274000A2BD82A4767E266E27A99AA25AA8767E2605767E269A5201EC1A92ABFFC7767E3B
:202750002605767E269A5201EC12CCAB00FF767E2605767E269A5201EC0A767E266E9AA3E2
:20276000767E2605767E269A5201ED039A016F2892A2EC229CFFDA81D10027A9767E263AE4
:2027700040A188A9EE0893A1FFD058A8560308A696936F0992A1FFC080A9A2A90DA78AA949
:2027800092A672C492AB54A169049A00767E25D3D901000AFFE59A01767E25D39A00767EC9
:20279000264A82BE86BE8BBE0006B2BDAABDA2BDFE0A974896497C472841FFFF9248EC46B5
:2027A000D1009A01767E273492A19348944988A99A0294A155A956B702A267039FA15AA816
:2027B0005CAD92A693A2DC85767E273E5200EC069A02767DD96E9A016F4392A2EC249CFF93
:2027C000D3005AA940A1EF1392A35CADFFC0DC8558A9929490FF724692489CFE54A1690F93
:2027D00092469341767D8E6396416F0992A35CADFFC0DC8558A9CC94FF009646D901DB01BA
:2027E000000AFFE2924854A166BD9A02767E27349346924754A8ED135CAD5DADDC81DD8195
:2027F000767D8E7E9241FFC788A956030841CAA693A9924754A8ED039A046F029A00FE8ABC
:2028000082BE86BE8BBE0006B2BDAABDA2BD82A4767E266E27A9FFC65AA8907E50A0767E79
:202810002605767E269A5201EC16CCAB00FF767E2605767E269A5201EC0E92A2EC139CFF10
:20282000D1005AA9CC9B00FF767E2605767E269A5201ED05767E264A9A016F0DD901000AE7
:20283000FFF3767E264A8F001387767E25CD000CFFFE9A0082BE86BE8BBE0006000688A976
:20284000761F01BF9A0080A84B01EF06761F02C3931D56B001A95200EC1C761F02EB9212E6
:202850005203ED17761F02EB92155209EC1292A754A6620A93A455A6650C761F02C192A5BC
:202860000A2654266709761F02C19A012B260006761F02C12B269A000006761F02C196318C
:202870000006761F02C196280006761F02C1962E00063B10761F02C196202910FF69000604
:202880003B10761F02C196162910FF6900063B10761F02C1961D2910FF6900063B10761F65
:2028900002C196172910FF6900063B10761F02C1961C2910FF6900063B10761F02C1961BC1
:2028A0002910FF690006000688A9761F01BF9A0080A84B01EF06761F02C3931D56B001A928
:2028B0005200EC1C761F02EB92125203ED17761F02EB92155209EC1292A754A6620A93A4D7
:2028C00055A6650C761F02C192A50A2454246709761F02C19A012B240006761F02C12B24F8
:2028D0009A000006761F02C196320006761F02C1961E0006761F02C1962C0006FE02761F5B
:2028E00002C188A89E305D1B5264631B1BA9FF9C6515522863171BA9FFD86514761F01BF35
:2028F0004B01EF10761F02C293015302EC0B761F02C39312ED079A006F0528A9FF9C6F0266
:202900009A642DA4761F02C133222DA6A9A788A7962233A993AB9FA695A527A83F1A58AB6D
:20291000761F02C3921DEC7B761F01BF4B01EF773B103B01761F02D1FF69853A761F02D5AE
:202920001E42061000FE3DF128AC001B8F0008E33B011EA6FF435622A8AC07A6FF445644F4
:2029300000A9FF499B0A00FE3E44761F02D196382910761F02C293015301EC1052506209B8
:202940001BA9FFB06319761F02D12838FFB06F14761F02D156BF50386F0F52A062091BA9EA
:20295000FF60630A761F02D12838FF606F05761F02D156BFA0389A78761F02E89E0F2DA997
:20296000520A64065264650628AC00646F0328AC000A0264761F02D1FF691E42123800FE0A
:202970003DF12DA952A062071BACFF60630628ACFF606F0328AC00A092ACFFA12DA9ED0A95
:20298000923862065200630628ACFFFF6F0328AC000192A0761F02C194AC961A761F02EB35
:202990009213ED09761F02C11B1A317E6409281A317D6F0C761F02C11B1A2C306205921A7C
:2029A00056B5011A6F03281A2C303B10921A961B2910FE82FF690006761F01BF88A94B0140
:2029B000EF1B761F02EB92125203ED16761F02EB92155209EC1155A6620A93A455A6650CF4
:2029C000761F02C192A50A2554256709761F02C19A012B250006761F02C12B259A000006BF
:2029D000761F02C196300006761F02C1962F0006761F02C1962D0006761F02C156BF6E188C
:2029E000281C28A7281D28A7282028A70006FE025200ED05761F02C12B1F6F0E88A928A82F
:2029F00005F528A9E100761F02C1FF5A0200F61F561700A63F1FFE820006761F02C11EA640
:202A0000C5461E3606441E34C33A07A607A7C5381E3C1EA63B0106A7FF3403A707A6FF4492
:202A10001E3800065DA9761F02EB92125203ED2A761F02C18F00B06328A803849230767EAB
:202A200036835200EC22761F02C12B23761F02EB9213ED13761F02EB9A009B0156BF0715C7
:202A3000767E3D09761F02C19A079330761F02EB5C15767D969200069A009B05767E3D0908
:202A40000006761F02C12B230006B2BD761F02EB59A992125203ED2A767E2D2E5202EC052D
:202A5000767E2D2E5201ED22761F02C18F00B06128A80AF05DA19230767E36955200EC191D
:202A6000761F02C12B219A009B01761F02EB56BF0815767E3D09761F02C19A089330761F3C
:202A700002EB5C15767D96926F04761F02C12B218BBE00060006BE227700000EFFFFFF6996
:202A8000000676228F006F8083A4DD0D1AC5000483A4DD08DC0B18C5FFCF18C4FFFB761A22
:202A9000FF698F406FC08AA5DC051AC40002767E2A7B1ADD0002767E2A7B9B00761F01BFB5
:202AA000CCCD0004FFC11A050002520056B001A892A80006B60028AB0001D00892A7FF803D
:202AB00080A9767E2A8193A795A980A80008FFF81BA701FFED039A01000692AB28AB00013B
:202AC000B60072AB520568EA9A000006767E2A7B76228F006F8083A476C06FC0DD0D18C5D8
:202AD000FFFB83A4DD08DC0B18C5FFCF83A7DD031AC500041AC40004761A761F01BFFF6932
:202AE0001A0300041A030002767E2A7B767E2A7B767E2A7B1AEF0004767E2A7B1A05000204
:202AF000000676228F406F808AA576806FC0DC0D18C4FFFB8AA5DC08DD0B18C4FFCF8AA682
:202B0000DC031AC400041AC50004761A1AEE00025200ED06761F01BF1A0500046F05761FB1
:202B100001BF1A030004FF69767E2A7B8F406FC08AA5DC031AC40002767E2A7B1AED000235
:202B2000000680A99B80D00792A8CEA7767E2AF1FFD00008FFFB0006761F01BF1A03000469
:202B3000767E2A81000676228F006F8083A476C06FC0DD0D18C5FFFB83A4DD08DC0B18C5AD
:202B4000FFCF83A7DD031AC500041AC40004761AFF69767E2A7B761F01BF1AEF00041A03C8
:202B50000002767E2A7B1A0300040006AABD27A82FA9D202767E2AC69AA2767E2B21767E6D
:202B60002B2C5201EC1292AA767E2B21767E2B2C5201EC0B92AB767E2B21767E2B2C520181
:202B7000EC04767E2B336F05767E2B33000AFFE486BE0006B2BD9A009B008BA4767E2B56BE
:202B80009A019B00767E2B569B0A278192AB00FE3ED2B60A88A90EABF60F1FA7560304A977
:202B900094A627A99A0893AB767E2B569B0A278192AB00FE3ED2B60A88A90EABF60F1FA7B9
:202BA000560304A994A627A99A0793AB767E2B569B0A278192AB00FE3ED2B60A88A90EAB6F
:202BB000F60F1FA7560304A994A627A99A0593AB767E2B569B0A278192AB00FE3ED2B60A80
:202BC00088A90EABF60F1FA7560304A994A627A99A0693AB767E2B569B0A278192AB00FE55
:202BD0003ED288A9B60A0EABF60F1FA7560304A994A627A99A0493AB767E2B569B0A2781B2
:202BE00092AB00FE3ED2B60A88A90EABF60F1FA7560304A994A627A99A0393AB767E2B56B5
:202BF0009B0A27C192AB00FE3ED2B60A88A90EABF60F1FA7560304A994A693A99A02767E6C
:202C00002B568BBE0006B600D00792A7FF8080A9767E2A8193A795A980A80008FFF892A7FF
:202C10000006AABD27A9D202767E2AC69AA2767E2B21767E2B2C5201EC1B92AB767E2B2111
:202C2000767E2B2C5201EC14767E2AC69AA3767E2B21767E2B2C5201EC0B767E2C0393A9A1
:202C30009A01767E2AF1767E2B3392A86F06767E2B33000AFFDB9A0086BE0006B2BD9A08AE
:202C40008BA4767E2C1193A9FFD32DA8900F310A94AB526356B663A996819A07767E2C1162
:202C5000901F93A9FFD3900F2DA8310A94AB520C66035200ED029A0196819A05767E2C112F
:202C6000903F93A9FFD32DA8900F310A94AB521F66035200ED029A0196819A06767E2C11EB
:202C7000900793A9FFD32DA8900F310A94AB520656B600A996819A04767E2C11903F93A9B3
:202C8000FFD3900F2DA8310A94AB521756B600A996819A03767E2C11907F93A9FFD3900FB5
:202C90002DA8310A94AB523B56B600A996819A02767E2C11907F93A9FFD3900F2DA8310AE3
:202CA00094AB523B56B600A996C18BBE0006761F02B092000006761F02B092180006761F82
:202CB00002B8920D0006761F02B8920E0006761F02C1922A0006761F02C1922B0006761FE6
:202CC00002C192290006761F02C192270006761F02C192190006761F02B192180006761FC3
:202CD00002B192050006761F02B892070006761F02B292040006761F02B292000006761F4B
:202CE00002B292050006761F02B292030006761F02B0921E0006761F02B292020006761F2A
:202CF00002B0921F0006761F02B8921A0006761F02B292010006761F02B8921E0006761FDE
:202D000002B892170006761F02B092110006761F02B092220006761F02B192120006761FD2
:202D100002D33B01343E007DFF480006761F02B192190006761F02B192150006761F02B120
:202D2000920C0006761F02B0921A0006761F02B192020006761F02B192040006761F02B0E9
:202D30009206000600063B10761F02B096182910FF690006761F02B8960D0006761F02B8B1
:202D4000960E0006761F02B196180006761F02B196050006761F02B82B1F2B122B152B089B
:202D5000761F02B056BF02130006761F02B156BF01062B032B0402002B082B092B0A2B0B57
:202D60002B0C2B162B172B152B1A2B1B2B192B1C1E002B0256BF5A18761F02E62B1B761F19
:202D700002B056BF0213000680A93B105200EC25761F02B09206ED528F006800D00B83A473
:202D80002B9492A7DD0BD00B1AC50060DC0F1AC400038F00684083A42B94DD0BDC0F1AC59E
:202D900000601AC400035203ED39761F02D79233761F02B0961A6F328F006800D00B83A4A3
:202DA00028940555D00CDD0F28940555D00918C5FFFC8F406840C4A52894FFFFD00ADE0F0D
:202DB0002894FFFFD00B28950555D00C28950555D00918C6FFFC2895FFFFD00A2895FFFF62
:202DC0007622DC18DD181AC400041AC50004761AFF69767E2D4A767E2D557F062910FF69AE
:202DD00000060006FE0288A9761F02B09212520464243B0185121E42062800FE3DF1B6009A
:202DE00093A62B129FA9C328530A63061BA8FFF662040B156F020A151B15012C63071B159F
:202DF000FED462062815FED46F032815012C3B109215960C29106F0A0A123B01761F02C1A8
:202E0000852F761F02B056010028FE82FF690006761F02D81B3D0A286708761F02B1281D55
:202E10002A1C281E0A196F12761F02B1281E0A28761F02D91B0B157C690428A92A3A6F0377
:202E200028A92A30761F02B1961D2B152B162B172B192B1A2B1B2B1C0006761F02B856BF29
:202E3000640656BFC50956BF1D0A280B0280280CFD8056BF300D280E012C56BF180F281B5F
:202E400004002B1F2B122B150006761F02B156BF0F0528101E7B28111E54280E3CF6280F15
:202E50001CF6280D100056BF011456BF5A18761F02B056BF5A0A761F02B1281D2A1C2B0498
:202E6000281E0A192B08281F2C392B09282004F5282127432B0A2B0B2B162B172B152B1A6F
:202E70002B1B2B192B1C2B0C761F02B02B0E56BFCD0B56BF20140006761F02B002002B0901
:202E80002B0E56BFCD0B2B142818056B56BF2A07280201A456BF180528160ED8281A0ED88A
:202E90002B062B012B12282008FC1E28767E2E2D767E2D4A767E2E45767E2D550006761FC4
:202EA00002B002002B152B0C1E282B120006B2BD8D40AE52767E1721560301A99003CDC1D2
:202EB000FFFDCAA896C1767E16C8560302A99007CDC1FFFBCAA896C1767E171D9001FF8245
:202EC000CDC1FFF7CAA896C1767E16D49001761F02C9FF83CDC1FFEFCAA896C1411FEE0DB4
:202ED000761F02EA920F5201ED08761F02EB9212EC041AC900086F05761F02B91813FFF792
:202EE0008BBE0006767DF423761F02D05201962EED0E923FEC08761F02EB92125205EC03CF
:202EF0005202ED059A009B03767E3D09761F02D0922E963F0006767DF411761F02D0520156
:202F00009632ED0E9239EC08761F02EB92125205EC035202ED059A009B02767E3D09761F77
:202F100002D09232963900063B10761F02D08F3E309156BF403556BF803456BFC036283838
:202F20000100283701402830018056BF602F2831030056BF2F33761F02B0A826761F02B044
:202F30008F3E30F2A824761F02EC281B09282910FF6900063B10761F02D08F3E309156BFD3
:202F4000403556BF803456BFC03628380100283701402830018056BF602F2831030056BF39
:202F50002F33761F02B0A826761F02B08F3E30F2A824761F02EC281B09282910FF6900064A
:202F6000761F02D0923C5201ED57761F02C292015202ED52761F02EB92125201ED4D761FBE
:202F700002D91B0B0FA069481B0B196467451B0B157C6622761F02D00A3B923B520A691AFA
:202F8000767DD86D1BA91388EC11761F02D128A94E2056BF0115767E23F828A91388767D5D
:202F9000DA369A059B01767E3D09761F02D02B3B2B3C2B3E0006761F02D00A3E923E520A1E
:202FA000691A767DD86D1BA91770EC11761F02D128A9411B56BF0115767E23F828A91770E7
:202FB000767DDA369A059B01767E3D09761F02D02B3E2B3C2B3B0006FE02761F02EB9212C0
:202FC0005205ED2A767E2D2E5203ED26761F02EA0E361E42761F02C1025E1EAC5644003C4F
:202FD00000FE3DF1FF5C64071BA903E8650528A903E86F029A00BE053B0185A9C24200FEE0
:202FE0003DF1761F02D0543A6205543A63080B3A6F060A3A6F04761F02D02B3AFE8200068B
:202FF000B2BD767DF8C4767DFA9A9A00767E3CDD59A941A1EF1A767DF7F2767E0BE6767DD4
:20300000F75E767E3B57767DF9F8767DF7629A03767DF6FE9A03767DF9C59A03767DF8CB80
:20301000767DF922767E2EFB44A1EF22767DFA0E767E0C7B767DF7B0767E3B5B767DFBA651
:20302000767DF7BF767E0C91767DF7E3767E10EE767DF7DE9A03767DF7819A03767DFB77C5
:203030009A03767DFAA1767DFAF8767E2EE245A1EF0F767E3B2D767DF6369A0A767DF6067A
:20304000767DF5D2767DF5EC9A96767DF57740A1EFAD9A0A767DF5D6767DF5EC9A96767D7D
:20305000F5BF9A05767DF7F6767DF922767E2EFB9A05767DFA12767DFAF8767E2EE2767E87
:203060002F60767E2EA7767E2FBC761F02C392055202ED8C761F01A09204761F02C3721CA7
:20307000761F01A29204761F02C3721E761F02C356BF0305FFEFFF7B761F02D056BF4035B8
:2030800056BF803456BFC03628380100283701402830018056BF602F2831030056BF2F330B
:2030900000060000010C02180324042F053B06460750085A09640A6D0B760C7C0D830E8841
:2030A0000F8D10901193129413941492158F168B1785187D19741A691B5D1C4E1D3D1E2B32
:2030B0001F161FFF20E721CB22AE238E246B2547261F26F527C9289929672A322AFA2BBF33
:2030C0002C812D412DFD2EB52F6B301D30CC3178322232C533673405349F353635C9365854
:2030D00036E4376C37F0387138ED396539DA3A4B3AB73B203B843BE53C413C993CEE3D3DD7
:2030E0003D893DD13E143E533E8E3EC43EF63F243F4E3F733F943FB03FC83FDC3FEB3FF632
:2030F0003FFD3FFF3FFD3FF63FEB3FDC3FC83FB03F943F733F4E3F243EF63EC43E8E3E5392
:203100003E143DD13D893D3D3CEE3C993C413BE53B843B203AB73A4B39DA396538ED387164
:2031100037F0376C36E4365835C93536349F3405336732C53222317830CC301D2F6B2EB564
:203120002DFD2D412C812BBF2AFA2A322967289927C926F5261F2547246B238E22AE21CBD7
:2031300020E71FFF1F161E2B1D3D1C4E1B5D1A691974187D1785168B158F14921394129427
:20314000119310900F8D0E880D830C7C0B760A6D0964085A07500646053B042F03240218C3
:20315000010C0000FEF4FDE8FCDCFBD1FAC5F9BAF8B0F7A6F69CF593F48AF384F27DF17839
:20316000F073EF70EE6DED6CEC6CEB6DEA71E975E87BE783E68CE597E4A3E3B2E2C3E1D53E
:20317000E0EAE001DF19DE35DD52DC72DB95DAB9D9E1D90BD837D767D699D5CED506D4411C
:20318000D37FD2BFD203D14BD095CFE3CF34CE88CDDECD3BCC99CBFBCB61CACACA37C9A8DB
:20319000C91CC894C810C78FC713C69BC626C5B5C549C4E0C47CC41BC3BFC367C312C2C338
:2031A000C277C22FC1ECC1ADC172C13CC10AC0DCC0B2C08DC06CC050C038C024C015C00ABD
:2031B000C003C001C003C00AC015C024C038C050C06CC08DC0B2C0DCC10AC13CC172C1AD3D
:2031C000C1ECC22FC277C2C3C312C367C3BFC41BC47CC4E0C549C5B5C626C69BC713C78F4A
:2031D000C810C894C91CC9A8CA37CACACB61CBFBCC99CD3BCDDECE88CF34CFE3D095D14B2A
:2031E000D203D2BFD37FD441D506D5CED699D767D837D90BD9E1DAB9DB95DC72DD52DE3597
:2031F000DF19E001E0EAE1D5E2C3E3B2E4A3E597E68CE783E87BE975EA71EB6DEC6CED6C28
:20320000EE6DEF70F073F178F27DF384F48AF593F69CF7A6F8B0F9BAFAC5FBD1FCDCFDE86A
:20321000FEF40000010C02180324042F053B06460750085A09640A6D0B760C7C0D830E88D3
:203220000F8D10901193129413941492158F168B1785187D19741A691B5D1C4E1D3D1E2BB0
:203230001F161FFF20E721CB22AE238E246B2547261F26F527C9289929672A322AFA2BBFB1
:203240002C812D412DFD2EB52F6B301D30CC3178322232C533673405349F353635C93658D2
:2032500036E4376C37F0387138ED396539DA3A4B3AB73B203B843BE53C413C993CEE3D3D55
:203260003D893DD13E143E533E8E3EC43EF63F243F4E3F733F943FB03FC83FDC3FEB3FF6B0
:203270003FFD3FFF761BABBDA8BDA0BDC2BDC3BDFF6929425616761F01A80624BE5B761FB5
:2032800002D629011E3087A6032E761F02D3564400A9FF4C960E1BA937CE68131BA96F9BD2
:203290006610960D761F02D606301E3A06301E2E761F02AF1A2A0020761F02AF1A12000468
:2032A0008F006A2083A4761F0033DD18DC151AC500031AC4000856BF0821C5BEC4BE83BED4
:2032B0008ABE87BE76177602761B0005ABBDA8BDA0BDC2BDC3BDFF69294256169A00767EE0
:2032C000375C761F003328210100C5BEC4BE83BE8ABE87BE000376177602761B0005ABBD70
:2032D000A8BDA0BDC2BDC3BDFF69294256169A00767E37A0761F003328210100C5BEC4BE62
:2032E00083BE8ABE87BE000376177602761B0005ABBDA8BDA0BDC2BDC3BDFF6929425616FA
:2032F0009A01767E375C761F003328210100C5BEC4BE83BE8ABE87BE000376177602761B1E
:203300000005ABBDA8BDA0BDC2BDC3BDFF69294256169A01767E37A0761F003328210100C8
:20331000C5BEC4BE83BE8ABE87BE000376177602761B29425616761F01A91A1800031A15B7
:2033200000087617761F003356BF08217602761B294256167617761F003356BF022176020D
:20333000761B294256167617761F003356BF02217602761B0005ABBDA8BDA0BDC2BDC3BD51
:20334000FF6929425616761F01804F22EF079222901F5201ED03767E1445761F01804F2237
:20335000EF079222901F5202ED03767E1614761F01804F22EF079222901F5204ED03767E88
:20336000160E761F01804F22EF079222901F5207ED03767E1608761F01804F22EF0D9222B7
:20337000901F5208ED09761F02C29201ED03767D9CEC767E1601761F01804F22EF079222AB
:20338000901F5209ED03767E15FA761F01804F22EF079222901F5206ED03767E14F3761F78
:2033900001804F22EF079222901F5205ED03767E153B761F01804F22EF079222901F520312
:2033A000ED03767E1583761F01804F22EF069222901FED03767E15C70200761F01801901C0
:2033B0001E0C020019011E08761F003328210100C5BEC4BE83BE8ABE87BE000376177602A4
:2033C000761B2942561676256F00761B2942561676256F00761B2942561676256F00761B06
:2033D0002942561676256F00761B2942561676256F00761B2942561676256F00761B29421C
:2033E000561676256F00761B2942561676256F00761B2942561676256F00761B294256160B
:2033F00076256F00761B2942561676256F00761B2942561676256F00761B294256167625CC
:203400006F00761B2942561676256F00761B2942561676256F00761B2942561676256F00E7
:20341000761B2942561676256F00761B2942561676256F00761B2942561676256F00761BB5
:203420002942561676256F00761B2942561676256F00761B2942561676256F00761B2942CB
:20343000561676256F00761B2942561676256F00761B2942561676256F00761B29425616BA
:2034400076256F00761B2942561676256F00761B2942561676256F00761B2942561676257B
:203450006F00761B2942561676256F00761B2942561676256F00761B2942561676256F0097
:20346000761B2942561676256F00761B2942561676256F00761B2942561676256F00761B65
:203470002942561676256F00761B2942561676256F00761B2942561676256F00761B29427B
:20348000561676256F00761B2942561676256F00761B2942561676256F00761B294256166A
:2034900076256F00761B2942561676256F00761B2942561676256F00761B2942561676252B
:2034A0006F00761B2942561676256F00761B2942561676256F00761B2942561676256F0047
:2034B000761B2942561676256F00761B2942561676256F00761B2942561676256F00761B15
:2034C0002942561676256F00761B2942561676256F00761B2942561676256F00761B29422B
:2034D000561676177602761B2942561676256F00761B2942561676256F00761B294256161F
:2034E00076256F00761B2942561676256F00761B2942561676256F00761B294256167625DB
:2034F0006F00761B2942561676256F00761B2942561676256F00761B2942561676256F00F7
:20350000761B2942561676256F00D500A0BDA0BDA0BDA0BDA0BDA0BD804FF3A72902565EEE
:20351000565E630256588AA9A9A5A3520650630256581E4AA94C0FA46003A9A90FA5610F0C
:203520006613064A6113A0ABA8A9767E35D60642A3444FA76C025658FE8C000628AB00010E
:203530002BAA02006FF756336FF80200A8ABF61F5617004CA9A4A0ABF61F5617004CA8A974
:203540006FE9D500A0BDA0BDA0BDA0BDA0BDA0BD80A82902565E565E630256588AA9A9A5C1
:20355000A3520650630256581E4AA94C0FA46003A9A90FA56112660E064A6112A0ABA8A93E
:20356000767E35D60646A3484FA76C025658FE8C0006A8A9A0AB6FF95633FE8C0006020054
:20357000A8ABF61F5617004CA0ABF61F5617004CFF5A02006FEAD500A0BDA0BDA0BDA0BD04
:20358000A0BDA0BD8AA9A9A50F506003A9A90F52610F68130650611306501E4A06521E4C46
:20359000A8A9767E35D60642A344FE8C000628AB00012BAA02006FFA56336FF80200A8ABB3
:2035A000F61F56170052A9A4A0ABF61F56170052A8A96FECD500A0BDA0BDA0BDA0BDA0BD79
:2035B000A0BD8AA9A9A50F506003A9A90F526111680E0650611006501E4A06521E4CA8A928
:2035C000767E35D60646A348FE8C0006A8A96FFD56336FFB0200A8ABF61F56170052A0AB01
:2035D000F61F56170052FF5A02006FEFD03F565E565E640E5635565221A55635565222A86F
:2035E00093A09FAC9FA597A02AA856A0D88156A08AA9A9A5064AFF531E4AFF5A0648FF5337
:2035F0001E480F4C6003A9A90F4E680A0648565D004E5654004C1E48A94A3B086F030648D5
:2036000029080646FF531E460644FF531E44A8A9A0AB0008FFDE000680A888A993A592A728
:2036100054A662049A0096C46F030AC492C455A966049A012BC400069A000006FF588AA98E
:20362000ED039A0000069A009B400FA46806A8A92901FF49093F6F0FFF2F10000FA468067C
:20363000A8A92901FF4B09FF6F06A8A92901FF4DFF1003FF1EA7BE042901A8AB0200F61F45
:20364000561700A7A9A907A7FF401EA7000EFFF792A7000680A888A993A592A754A66404E3
:203650009A0096C46F030AC492C455A966049A012BC400069A0000065DA992A82BAC94A5E8
:2036600080A99A0194A788A992A5ED0A5300ED039A0000069A02DD0194A788A96F0453005D
:20367000ED02DE8192A6EC0E9CFFD00088A992A554A0EC05350A94949CD02DA9D801000E72
:20368000FFF892AC000680A888A993A592A754A666049A0096C46F030AC492C455A96604CF
:203690009A012BC400069A00000680A888A993A592A754A668049A0096C46F030AC492C430
:2036A00055A966049A012BC400069A00000688A992A5804355A6680654A666049B0097C484
:2036B0006F030AC493C492A754A866049A012BC400069A00000688A992A5804355A6680600
:2036C00054A666040AC493C46F039B0097C492A754A866049A012BC400069A00000688A5FD
:2036D0005DA82DA993A6A8AB92A894A588A99A0194A658A992A5ED085300EC2E9A02DD01E6
:2036E00094A658A96F045300ED02D88192A0EC249CFF5CA992A09EA55201EC149B0A92ACF4
:2036F00000FE3ED29B3095A980A80EA0A9A61901560100A60EAC7FC6BE0AF60F1FA62DA900
:203700006F080EA0A9A61901560100A656BF2EC6D881000CFFE10006000693A9761F02D71A
:2037100090FFFFD79619971A000688A880A98F40B5E40EA7FF32560100A592C55201ED0391
:203720009A016F173B10761F02D756BF011BA8D57ECD56BF01C58AD5FF6992C4767E370D86
:2037300092A756BF0118931A767E3BC929109A00FF690006B2BD80A888A98D40B5E40EA64A
:20374000FF32560100A192C15201ED039A016F123B10A8D17FC956BF01C18AD1FF6992A6B0
:2037500093C4767E3BC90201560100D10BC929109A008BBEFF690006B2BDAABD59A98D809C
:20376000B5E40EA1FF32560100A292A1767E3BA55200ED3492A1767E3BF892CAED0A92A17D
:20377000ED04761F02D72B1B2BC2767E3BDA6F26761F02D7921BEC1992A1ED1792185201B5
:20378000EC0C8AD292C4767E370D92A156BF0118931A767E3BC96F12931992A1767E3BC9E9
:20379000761F02D72B186F068AD292A193C4767E3BC90201560100D20BCA86BE8BBE000681
:2037A000B2BDAABD59A98F00B5E80EA1FF32560100A492A186C4767E3BB15200ED0B92A150
:2037B000767E3C0292A1767E3BBD9B028AA2767E3CA386BE8BBE000683A43B100EA98F00C1
:2037C000B5E8FF69FF32560100A48AC4767E3C8C29109B00FF69520256B101A892A800062E
:2037D0000EA98F00B5E4FF32560100A492C40006B2BDAABD59A588A883A40EA98D80B5E4EA
:2037E0008F00B5DCFF32560100A4560100A292A6A8E2767E3C862BC22BCA79F286BE8BBE32
:2037F0000006767DD8915200EC3F761F02EC9215ED1C761F02DF0E01761F02EF5601001035
:203800008F000E10A8AC0200A310F61F561700A4A912564400AB5641001002005657001C5A
:203810005640001EA91C1E1E767DDD245200EC1C761F02D90618761F02EF560100068F0095
:203820000E10A8AC0200A306F61F561700A4A904564400AB5641000602005657001456405D
:203830000016A9141E16761F02EF9200EC0E02001E121E105633A91C1E1E5633A9141E16FB
:2038400002001E041E062B000006767DD8915200EC48761F02EB92125203EC055202EC035E
:203850005205ED3F761F02D19202EC1C761F02E90604761F02EF5601000A8F000E10A8AC5F
:203860000200A30AF61F561700A4A902564400AB5641000A0200565700185640001AA918AA
:203870001E1A767DDD185200EC1C761F02E8063A761F02EF5601000C8F000E10A8AC020013
:20388000A30CF61F561700A4A908564400AB5641000C02005657002056400022A9201E222A
:20389000761F02EF9201EC0E02001E021E0A5633A9181E1A5633A9201E2202001E081E0C55
:2038A0002B010006761F02EF56BF192456BF192B56BF012556BF012C56BF012656BF012DA9
:2038B00056BF062756BF062E2B282B2F2B292B302B2A2B310006767DC0B4767E113E767DBD
:2038C000F3F2767E38A2767E307C767DCC5F767E3B72767DD817767D9680767DAD49767D0F
:2038D000C0B4767DFE73767E17A9767E3AA9767E20A6767E2E7C767E29DC767E370C767DFA
:2038E000F998767E1DA9767DEA5F767E23FF00063B108F00ABDAD0082B94D00E2B94D014AE
:2038F0002B94D0202B942910FF6900063B108F00ABDAD00956BF0194D00856BF1494D00F4D
:2039000056BF0394D00E56BF2894D01556BF0794D01456BF2894D02156BF0B94D02056BF58
:2039100064942910FF690006B2BD767E0A78767E38BB767E3D709B0028A9012C8F3DC05610
:20392000767E3D2D8D40ABDA9B0128A9012C8F3DD6F52BD956BF28D1767E3D2DD0099B02C0
:2039300028A9012C8F3E2FF056BF0191D00856BF1491767E3D2DD00F9B0328A9012C8F3DAF
:20394000F2B956BF0391D00E56BF2891767E3D2DD0159B0528A9012C8F3DCB4956BF0791F9
:20395000D01456BF2891767E3D2DD0219B0428A9012C8F3DAD2956BF0B91D02056BF64916C
:20396000767E3D2DD01B56BF0D91D01A56BF1091767E3D498BBE00065201ED06761F01C145
:20397000CC1500806F05761F01DDCC150080FFC60006761F01DD9214FFC6FF5E90010006F1
:20398000761F01C19214FFC6FF5E90010006761F01DD9215FFC5FF5E90010006761F01C148
:203990009215FFC5FF5E90010006761F01DDCC1700FF0006761F01C1CC1700FF00065201CB
:2039A00088A8EC0D5200ED14761F01DDCCA60001CD11FFDFFF84CAA896110006761F01C1F0
:2039B000CCA60001CD11FFDFFF84CAA896110006761F01DD1A14000196190006761F01C178
:2039C0001A14000196190006761F01DD1814FFFE0006761F01C11814FFFE0006761F01DD68
:2039D0001814FFFD0006761F01C11814FFFD0006761F01DD1A1400020006761F01C11A14F6
:2039E000000200060006000600060006761F01DD520256BF071056BF0311EC075204ED094C
:2039F0002B1256BF91136F0556BF021256BF491356BF031456BF23110006761F01C152028D
:203A000056BF071056BF0311EC075204ED092B1256BF91136F0556BF021256BF491356BFF9
:203A1000031456BF23110006761F02D7922E000688A9761F02EB5DA89213EC16761F02EB1B
:203A200092125203ED11761F02D78F00B5F028A803E89233767E36835200EC489A009B0500
:203A3000767E3D096F43761F02EB92125205EC0C761F02EA2D36310E92AB1BA903E8671A85
:203A400028A903E86F17761F02D0923D5201ED05761F02D8921B6F04761F02D992001BA954
:203A50000320670328A9032028AC00B5290130A9FF4608A9FC18761F02EB54A6562A08A695
:203A600092125205EC075203EC05761F02D72B306F0D761F02D78F00B5F093A69233767E39
:203A700036835200EC039A0100069A000006B2BDAABD5AA5761F02D75DA859A493A9922EBA
:203A8000ED1A92338F00B5F1767E36955200ED0C761F02D78F00B5EF93A15DA29233767E8E
:203A900036955200EC14761F02D756BF012E2B312B2F6F0D9AC88F00B5F19FA99233767E7D
:203AA00036835200EC04761F02D72B2E86BE8BBE00060006761F02D7963397320006520053
:203AB000EC415201EC295202562B00ABED55761F02EC5621001BABA6761F02D128AC119458
:203AC00032A80200F61F561700A6931092AB00FE3ED227A93B10761F02D1930B761F02D16B
:203AD00095AB9D020EA8F60F1F1093A99D012DA812109EAB6F29761F02EC5621001BABA6F5
:203AE000761F02D128AC119432A80200F61F561700A6931F92AB00FE3ED227A93B10921F18
:203AF0006FE9761F02EC5621001BABA628AC119432A80200F61F561700A63B10761F02D1C8
:203B0000920B94AB9C01761F02D1FF69931F00FE3ED227A92910761F02D71B39FFFFEC07E0
:203B10003B10FF697C347D353F376F063B10FF697C387D363F392910FF690006B2BD767EF9
:203B20003AAF9A012DA4FF66FF5E59A992A1767E3CDD5200ECFC8BBE0006761F02D3920D9A
:203B30000006761F02D3920B0006761F02D3920300063B10761F02D292132B132910FF6925
:203B400000063B10761F02D2921D2B1D2910FF690006761F02D392000006761F02EC921BDB
:203B50000006761F02D2923F00069A000006761F02D192000006761F02D192010006761FD9
:203B600002D406380006761F02D6063A0006761F02D5060600063B10761F02EC961B291042
:203B7000FF690006761F02D356BF0501761F02D12B0A2B0B281F01802814010056BF8012C3
:203B800056BFC01056BF2F04761F02D356BF010A761F02D12B15761F02D356BF020756BF29
:203B90000206761F02D256BFC1372B242B252B1F2B1B761F02D12B16282312C028211388BE
:203BA000761F02D2281909C400065201ED04767E398000065200EC039A000006767E39790A
:203BB00000065201ED04767E398E00065200EC039A000006767E398700065201ED04767E17
:203BC000399A00065200EC039A000006767E399500065201EC075200ED0D92A8767E39B8B2
:203BD0000006761F02D32B057700FF6992A8767E39BE00065201EC065200ED06767E39C4B0
:203BE0000006767E39C900065201EC065200ED06767E39CE0006767E39D300065201EC06ED
:203BF0005200ED06767E39D80006767E39DD00065201EC065200ED06767E39E20006767EC2
:203C000039E300065201EC065200ED06767E39E40006767E39E500065201EC075200ED083C
:203C100092A8767E39E6000692A8767E39FD0006761F02AFCC12000F58A9EC058F3F33149D
:203C200092940006921290F0EC0ACC1200F08F3F3314FFC358A992949C040006CC120F00DF
:203C3000EC0ACC120F008F3F3314FFC758A992949C080006CC12F000EC0992128F3F331469
:203C4000FFCB58A992949C0C00069A0500063B10FF69767E3C1828AC0006761F02AF8F0076
:203C5000ABDA9610761F02AF9611761F02AF3010761F02AF560100A4A814003F2910FF69D9
:203C600000068F00ABDABE0502001EC42BD42BDC2BE428ECFFFFDC06000EFFF900068F00DF
:203C7000D000761F02AFA8180006761F02AF2B120200761F02AF2B11761F02AF2B10761F3B
:203C800002AF1E14761F02AF1E160006A0C4A0D4A0E42BF496FC000692F4ED039A02000696
:203C9000C4D492C696C50BF480FCA3E4A9A90DA7C4D419010FA6EC0506A609011ED46F0250
:203CA000A9D49A00000680FC88A992A754F4EC1383C47EC50AF480FCA3E4A9A90DA7C4C4A1
:203CB00019010FA6EC0506A609011EC46F02A9C49A0000065301EC115302ED1EA3E48AC498
:203CC000A9A90FA4EC03DC816F060EA7A9A41901560100A47EC46F1083C47EC580FCA3E4B9
:203CD000A9A90DA7C4C419010FA6ED03A9A66F02DE01C2C4C2D49A010006B2BDAABD59A953
:203CE0003B10761F02AF8A1693A1FF5F5AA879EC92E4CEA2EC0593A1C1E429106F17761F96
:203CF00002AF9A012D11761F02AFFF66FF5EC0122910FF69767E3C473B10761F02AF8A1607
:203D000093A192E4C1E42910CEA286BE8BBEFF69000680A888A93B109A062DA68F00ABDA85
:203D100036A92DA7560100A49A01FF6698E493ECFF5FCFE4EC079B012DA6761F02AFFF67CB
:203D200099122910FF6900063B10761F02AF8A1692E42BE42910FF690006B2BD761F02AF1F
:203D300059A883180EA956010018767E3E1B9A062DA18F40ABDA761F02AF36A9560100A581
:203D40009A01A8C5FF662BD52BDD2BE598128BBE0006767E3C18761F02AF28AC00068F00EE
:203D5000ABDA961096113010560100A4A814A816767E3DBB0006767E3C18761F02AF9610A6
:203D600092115410EC0D921028AC00068F00ABDA96113010560100A4A814767E3DEE0006F0
:203D7000767E3C6F767E3C75767E3C61000628AD0000FF69561F5616561A2940761F0000CC
:203D80002902761B762228A9000028A8003F0901611B76FF000029046F0F9B0024A9DF0101
:203D90006C04290424A8DF011EA6F7A1248606A781A109011EA724A96303FF5C3B0459A957
:203DA000DF010009FFEC761A28A9FFFF28A8FFFF0901610E76FFFFFF6F06DF01C3BD1EA77C
:203DB0003E67C5BE24A9DF0124A8FF5860F7767E3E87767E3EA2761F02AFC41606C696ADE8
:203DC000000787BEC5BEC4BE83BE8ABE82BE86BE000376017602761B76090005AABDA2BDB8
:203DD000A8BDA0BDC2BDC3BDABBD0004761F02AFC41692AD1EC6761F02AFC51406C796AD34
:203DE00006141E16000787BEC5BEC4BE83BE8ABE82BE86BE0003760176177602000700078A
:203DF0006FE629022904565FFF5A0642565F1E420200F61F5617004206AB563229027620DB
:203E000029022904565FFF5A0642FF561E420200F61F56170042563229027620FF5A0200D5
:203E1000F61F56170042A9A97620FF5A0200F61F5617004276202B852B852B852B852B85C1
:203E20002B852B852B8528850A0A2B852885010C2B85A8A99685978528850A0A2B852B85EE
:203E30002B852B852B852B852B852B852B852B852B852B852B852B852B852B852B852B8572
:203E40002BC5DD028AA500065CA871A997A63B0185A9FF565DA985A4FF565CA992A5F60F7F
:203E50001FA44FA66C02FF5C762096A65CA83B0185A9FF565DA985A4FF565CA992A5F60F77
:203E60001FA44FA66C02FF5D92A87620FF5A8EA4C5A492ABEC079CFF88A992859687000EBE
:203E7000FFFE92AB88A9A9A90FA6EC1093AAEC0EA9A99DFF5CA876BFFFFE92859687000E27
:203E8000FFFE92859687000CFFF88AA0000628ABFFFF28AAFFFF28A9FFFF28A8FFFF0FABC6
:203E9000ED04BE00D4006F098AA928A9FFFF28A8FFFF88C409028AA992A6767E391400063E
:203EA00077006F00B2BD761F02D759A9C53C3E67761F02DDC52606A7EC0392A13E67761F2F
:203EB00002DD0624EC031EA73E67767E3EA08BBE0006761D1EBD874456050048A9A45647A9
:203EC00000488742A9A95665004807AB87465665004407ABA8ABFE84762097A69B00F60F04
:203ED0001FA6762097A69B00F60F1FA692A87620761F02D7A83A0006761F02D7A83C000657
:023EE0000006DA
:02000004003FBB
:20000000FFFFBB0000000000FFFFBB01000006A4FFFFBB0300000000FFFFBB04000000004A
:20001000FFFFBB0500000000FFFFBB0600000000FFFFBB0700000000FFFFBB0800000000D2
:20002000FFFFBB0900000000FFFFBB0A00000000FFFFBB0B00000001FFFFBB0C000000F0C1
:20003000FFFFBB0D000007D0FFFFBB0E000007D0FFFFBB1100000000FFFFBB1200000000E0
:20004000FFFFBB1400000000FFFFBB1500000001FFFFBB1600000000FFFFBB170000000065
:20005000FFFFBB1900000000FFFFBB1A00000000FFFFBB1B00000928FFFFBB1C0000000011
:20006000FFFFBB1D00000000FFFFBB1E00000000FFFFBB1F00000000FFFFBB200000000022
:20007000FFFFBB22000028A7FFFFBB2300000001FFFEBB2C000000000000FFFEBB38000015
:2000800000000000FFFEBB3A000000000000FFFEBB3C000000000000FFFEBB3E0000000084
:200090000000FFFEBB40000000000000FFFEBB42000000000000FFFFA00200000000FFFFC0
:2000A000A00300000000FFFFA00400000000FFFFA00500000058FFFFA00600000057FFFF07
:2000B000A00700000028FFFFA00800000061FFFFA00900000000FFFFA00A00000000FFFF0D
:2000C000A00B00000000FFFFA00C00000000FFFFA00D00000014FFFFA00E00000000FFFF62
:2000D000A00F00000000FFFFA01000000000FFFFA01100000001FFFFA01300000000FFFF54
:2000E000A01400000000FFFFA01500000000FFFFA01600000000FFFFA01800000000FFFF31
:2000F000A01C00000000FFFFA01D00000000FFFFA01F00000000FFFFA02300000000FFFFFD
:20010000A02400000000FFFFA02500000000FFFFA02700000000FFFFA02800000000FFFCD2
:20011000A02C00000000000000000000FFFFBB8000000000FFFFBB8200000000FFFFBB8353
:2001200000000000FFFFBB8700000000FFFFBB8800000000FFFFBB8A000001F4FFFFBB8BC2
:2001300000000190FFFFBB8C00000000FFFFBB8D00000000FFFFBB8E00000000FFFFBB8F04
:2001400000000000FFFFBB9000000000FFFFBB9100000000FFFFBB92000001F4FFFFBB9380
:20015000000001F4FFFFBB9400000BB8FFFFBB95000001F4FFFFBB9600000BB8FFFFBB97E5
:2001600000000000FFFFBB9800000000FFFFBB9900000032FFFFBB9A00000000FFFFBB9C02
:2001700000000000FFFEBBB0000000000000FFFEBBB2000000000000FFFEBBB6000075308A
:200180000000FFFEBBB8000000000000FFFEBBBA000000000000FFFEBBBC00000000000009
:20019000FFFFB85700000000FFFFB85B00000000FFFFB85C00000000FFFFB85D000000000C
:2001A000FFFFB85E00000000FFFFB85F00000000FFFFB86000000000FFFFB86100000000E9
:2001B000FFFFB86200000000FFFFB86300000000FFFFB86400000000FFFFB86500000000C9
:2001C000FFFFB86600000000FFFFB86700000000FFFFB86800000000FFFFB87000000000A2
:2001D000FFFFB87100000000FFFFB87200000000FFFFB87500000000FFFEB87C0000000064
:2001E0000000FFFEB87E000000000000FFFEB880000000000000FFFFB88200000000FFFF61
:2001F000B89100000000FFFFB8A000000000FFFFB8AF00000000FFFFB8C000000000FFFF77
:20020000BBC000000000FFFFBBC100000000FFFEBBC2000000000000FFFEBBC400000000F3
:200210000000FFFEBBC6000000000000FFFEBBC8000000000000FFFEBBCA0000000000004E
:20022000FFFEBBCC000000000000FFFEBBD0000000000000FFFEBBD2000000000000FFFC2D
:20023000BBD400000000000000000000FFFCBBD800000000000000000000FFFCBBDC0000FF
:200240000000000000000000FFFCBBE000000000000000000000FFF9BBE400000019000157
:2002500000010006000000000000FFF9BBEB00000019000100010006000000000000FFFFCA
:20026000BBF200000000FFFFBBF900000000FFFFB61E00000000FFFFB61F00000000FFFF7C
:20027000B62000000000FFFFB62100000000FFFFB62200000000FFFFB62300000000FFFF18
:20028000B62400000000FFFFB62500000000FFFFB62600000000FFFFB62700000000FFFFF8
:20029000B62800000000FFFFB62900000000FFFFB62A00000000FFFFB62B00000000FFFFD8
:2002A000B62C00000000FFFFB63400000000FFFFB63500000000FFFFB63600000000FFFFA3
:2002B000B63700000000FFFFB63A00000000FFFFB63B00000000FFFFB65A00000000FFFF58
:2002C000B65D00000000FFFFB66000000000FFFFB66300000000FFFFB7A000000000FFFF8D
:2002D000B7A100000000FFFFB7A200000032FFFFB7A300000000FFFFB7A400000000FFFF7E
:2002E000B7A500000000FFFFB7A600000000FFFFB7A700000000FFFFB7AA00000005FFFF89
:2002F000B7AC00000000FFFFB7AD00000032FFFFB7AF00000000FFFFB7B200000000FFFF2E
:20030000B7B800000000FFFFB7B900000000FFFFB7BA00000000FFFFB7BB00000001FFFF22
:20031000B7BC00000000FFFFB7BD00000000FFFFB7BE00000000FFFFB7CC00000001FFFEF6
:20032000B7D2000000000000FFFEB7DA000000000000FFFFBA9900000000FFFFBA9A000003
:2003300000C8FFFFBA9B00000000FFFFBA9C00000000FFFFBA9D00000000FFFFBA9E000093
:200340000000FFFFBA9F00000000FFFFBAA000000000FFFFBAA100000000FFFFBAA200003B
:200350000000FFFFBAA300000000FFFFBAA400000000FFFFBAA500000000FFFFBAAC000015
:200360000000FFFFBAAD00000000FFFFBAAE00000000FFFFBAB100000000FFFFB42E000069
:200370000000FFFFB42F00000060FFFFB43000000180FFFFB43100000300FFFFB4320000FF
:200380000000FFFFB4330000002FFFFFB43400000080FFFFB43500000040FFFFB4360000D4
:2003900000C0FFFFB43700000140FFFFB43800000100FFFFB43900000000FFFFB43B0000A0
:2003A0000000FFFFB43C00000001FFFFB43E00000000FFFFB43F00000000FFFFB4A8000013
:2003B0000000FFFFB4A900000000FFFFB4AA00000000FFFFB4AB00000001FFFFB4AC0000BA
:2003C0000000FFFFB4AD00000000FFFFB4AE00000000FFFFB4AF00000000FFFFB4B000009B
:2003D0000001FFFFB4B800000000FFFFB4B900000000FFFFB4BA00000000FFFFB4BB00005E
:2003E0000000FFFFB4BC00000000FFFEB548000000000000FFFFB08000000000FFFFB08138
:2003F00000000000FFFFB08400000000FFFFB08700000000FFFFB08A00000000FFFFB08B15
:2004000000000002FFFFB08F00000000FFFFB0C100000000FFFFB0C30000000CFFFFB0C53E
:2004100000000000FFFFB10000000000FFFFB10C00000000FFFFB11800000000FFFFB1806C
:2004200000000000FFFFBA0B00000000FFFFBA2000000000FFFFBA2100000000FFFFBA236D
:2004300000000000FFFFBA2600000000FFFFBA2800000000FFFFBA2900000000FFFEBA3026
:2004400000000FA00000FFFEBA5400000FA00000FFFEBA5600000FA00000FFFEBA6400005C
:200450000FA00000FFFFB06100000000FFFFB06200000000FFFFB06300000000FFFFB0649B
:2004600000000000FFFFB06500000000FFFFB06600000000FFFFB5F4000000FFFFFFB5F507
:2004700000000000FFFFB5F600000000FFFFB5F70000FFFFFFFFB5F8000000FFFFFFB5F9C5
:200480000000FFFFFFFFAE4D00000000FFFFAE4E00000000FFFFAE4F00000000FFFFAE5074
:2004900000000000FFFFAE5400000000FFF2B26200000000000000000000012C012C00D21B
:2004A00004B007D000000000000000000000FFFFB5D800000000FFFFB5D900000000FFFF9C
:2004B000B5DA00000000FFFFB5DB00000000FFFFB28000000000FFFFB28100000000FFFFB0
:2004C000B28200000000FFFEB5FA00003EE0003EFFFEB5FC00003EE0003EFFFEB7640000BE
:2004D00000000000FFFEB766000000000000FFFFAE2A00000000FFFFAE2B00000000FFFF47
:1204E000BAE800000000FFFFBAE90000000000000000C7
:20100000761B0005ABBDA8BDA0BDC2BDC3BDFF6929425616764095A4761F02CA920152019C
:20101000EC0A5202ED17761F02D20A319231522863066F13761F02D20A31650F761F02CA2D
:201020002B01761F02AF1A3C0100761F02AF1A120020761F02D22B31761F02D19211ED0692
:20103000761F01BF1A0D00806F05761F01BF1A0B0080761F02D19208ED0E761F02C3921D30
:20104000EC05761F02EB9224EC06761F01BF1A0500086F08761F02D10A1E761F01BF1A0380
:201050000008761F02D19209CA06ED06761F01BF1A0D00406F05761F01BF1A0B0040761F33
:2010600002D19202ED06761F01BF1A0508006F05761F01BF1A030800761F02D1921DED06A2
:20107000761F01BF1A0D02006F05761F01BF1A0B0200761F01A21A1C0001761F003356BFA6
:201080000421C5BEC4BE83BE8ABE87BE000376177602761B0005ABBDA8BDA0BDC2BDC3BD91
:20109000FE0AFF6929425616761F01C4281AFFFF761F02D09230767E2306761F02EC931BE8
:2010A000761F01A095A99705761F01A19705761F01A49705761F01A69705761F01BF4709FA
:2010B000EF05761F02D0923DEC17767DDD245200EC0A761F02D0923D5201ED05761F02D2D3
:2010C00092046F0D761F02D4340108E3761F02D1562F050C6F07761F02D29205761F02D197
:2010D000960C761F02D42D011201761F02D55601001E3B01761F02D40A00761F02D3852011
:2010E000761F02D75601000E761F02D32D201220761F02D75601000A761F02D30A21761F3B
:2010F00002D48506761F02D65601002C761F02D40A0D761F02D32D1F121F761F02D7560161
:201100000008761F02D30A12767DD83D5200ED2D3B01761F02D3852F5621002F761F02D660
:20111000564400A95601000E761F02D30A2C853B5621003B761F02D6564400A95601001CE2
:20112000761F02D30A33923B761F02D2FF5C5621000485A9761F02D5564400A95601000ABE
:20113000761F02D10A326F3E0200761F02D61E0E761F02D33B012B2C761F02D61E1C761F7A
:2011400002D32B33761F02D51E0A761F02D12B32761F02D3852F761F02D656010006761F86
:2011500002D3852F5621002F761F02D6564400A956010002761F02D30A252D3B123B761F64
:2011600002D65601000A761F02D30A232D3B761F02D1120C761F02D55601002E761F02D257
:201170000A0B761F02D4851F761F02D356210029761F02D5564400A956010022761F02D1A1
:201180000A33761F02D32D1F761F02D1120C761F02D556010000761F02D40A21761F02D313
:201190002D3E761F02D41201761F02D556010024761F02D40A1E761F02D19221761F02D258
:2011A000540363090A159215520256B2011C56B202156F032B152B1C761F02EB921252039A
:2011B000ED20761F02D292195403651B921AED200A16761F02D0922F761F02D254166718D4
:2011C0002816960056BF011A761F02D10A24761F02AF1A1E0020761F02AF1A1200016F08ED
:2011D000761F02D29216ED032B1A6F020B16761F02D892139003ED33761F02D3920AED0865
:2011E000761F02D9430EEF2B180EFFF76F28761F02D8923E9641761F02D38F00B4AB921F42
:2011F0008F40B4AD761F02D296429205A844761F02B08F00B4BB9300A8468F00B4BCA84836
:201200008F00B4BAA84A8F00B4B8767DF809761F02D29B00D400922B767DF8AC767DD83DBC
:201210005200ED2D761F02D8921A9003ED28761F02D8923E9641761F02D38F00B4B0921F6B
:201220008F40B4B9761F02D296429204A844761F02B08F00B4AC9300A8468F00B4AAA8481B
:201230008F00B4A8A84A8F00B4A9767DFA28761F02D29B00D4009230767DFA82761F01C45D
:201240009218EDFD761F002C9202761F02D39E1C08A9F800963D761F02D49212761F002C35
:201250009404761F02D408A9F8009613761F02D39217761F002C9405761F02D308A9F800A9
:201260009611761F01A11A1C000C761F02D492139405FFA0FF5C9606761F02EB9212520394
:20127000ED5C761F02EA9203EC27761F02D29222EC23761F02EC9215EC1C9A00767E2D745F
:20128000767DF4115200ED05761F02D9430EEF11767DF4235200ED05761F02D9430DEF094B
:20129000761F02AF1A1E0020761F02AF1A120001761F02D22B22761F02EA9203761F02EBDF
:2012A000CA13ED2B767E0E331BA90A646406761F02D2920152BE631E767E0DA23B0185A9CE
:2012B000FF5652FA6417761F02D20A179217521465142B17761F02EA56BF01039A00761FE5
:2012C00002D256BF0122761F02EB2B17767E20406F04761F02D22B17761F02D29237ED337A
:2012D000761F01BF4209EE04761F02D20A1D761F01BF4409EE23761F02EB9212EC1F761F63
:2012E00002EB9215ED1B761F02D20A1F921F5202681A56BF021F761F02EB56BF23159A2377
:2012F0009B01D423761F02AF1A1E0002761F02AF1A120001767D96926F06761F02D2921FAE
:20130000EC020B1F761F02D21B0101366209761F02EA9232761F02D29C145401630B761FD8
:2013100002D10A179217520A56B2012256B20A176F04761F02D12B17761F01BF4001EE1BB4
:20132000761F02D20A2192215202681A56BF0221761F02EB56BF22159A229B01D422761FA7
:2013300002AF1A1E0002761F02AF1A120001767D96926F06761F02D29221EC020B21761FE4
:2013400001BF4201EE1B761F02D20A2792275205681A56BF0527761F02EB56BF30159A306E
:201350009B01D430761F02AF1A1E0002761F02AF1A120001767D96926F06761F02D2922738
:20136000EC020B27761F01BF4101EE1B761F02EB9212EC17761F02D20A25EC18761F02EB66
:2013700056BF21159A219B01D421761F02AF1A1E0002761F02AF1A120001767D96926F0643
:20138000761F02D29225EC020B25761F02D41B1C0B386924761F02EB9212EC20761F02D202
:201390000A249224520A65202B24761F02DE56BF011F761F02EB9A10D41056BF1015761FA0
:2013A00002AF1A1E0002761F02AF1A120001761F02D4931C767D96926F07761F02D22B246C
:2013B000761F02DE2B1F761F02EB9212EC29761F02D41B06077262091B06F88E6321761FF3
:2013C00002D156BF011A6F1F761F02D10A1A921A52C065192B1A761F02EB56BF0C159A0C11
:2013D000D40C761F02AF1A1E0002761F02AF1A120001761F02D49306767D96926F04761F03
:2013E00002D12B1A761F02EB92125205ED2E761F02D2921CED1F921D5205661C761F02D12A
:2013F000921B52026317761F02D2921352066312761F02D1921A5202620D761F02D2922491
:2014000052066308761F02D19216520256B101166F0F761F02D20A1892185202650C761F7A
:2014100002D156BF02166F04761F02D12B16761F02D22B18761F02B092015202EC0D52017A
:20142000EC0B5203EC065204ED0B767E22DF6F08767E227B6F058F00AC0176408F8A761F0F
:2014300002D19220ED12761F02D29224620E761F02EB9215ED0A761F02DE9213761F02D2E6
:2014400008A901F45403630D761F02DE9211EC3E767DEAAC7622761F01A41A1800046F06D7
:201450007622761F01A41A170004761A761F02DE9211EC2C761F02D29236ED12761F02DE10
:201460009213761F02D754336806761F02D11B3C12C0641F761F02D256BF01366F1A761F7D
:2014700002EB9213ED0A761F02DE9213761F02D79C9C5433660B6F0D761F02DE9213761FF0
:2014800002D708A9FED454336904761F02D22B36761F02DF920EED37761F02EB9221EC33A4
:20149000761F02EB9215ED2F761F02DF9202761F02DF540A6628761F02DE9217ED2428AC88
:2014A0000055761F02D33B01302A761F02DFFF455402680A761F02D22B1B761F02DE92118E
:2014B000ED1A9A016F15761F02D20A1B921B520265122B1B761F02DE92115203EC085204F3
:2014C000EC066F09761F02DE9211EC059A00FF69767DE9F2761F02DE0E113B018F3F3334C4
:2014D000761F02D2FF308136560100A492C49634761F02DE5411EC04FF69767DE9F2761FFD
:2014E00002DE921152016904FF6976409302761F02EB9217EC71761F02EB9215ED6D761F56
:2014F00002D39206ED181B08013E63109208521C62060A041B04216367066F110A041B045A
:201500000320680D2B040A086F0A761F02D156BF01186F059CFF96065201EC19761F02D376
:2015100092085268653452AD6332761F01A72809024C761F01A556BF6809761F01A756BF6B
:20152000680A761F01A5280A024C6F6756BF0A088F0069C0D00B761F01A7CC94FFEF5020F3
:20153000D00C960BCC94FBFF1AA90800D00B8F006940960C761F01A5CC94FFBF5080D00C3F
:20154000960BCC94FEFF1AA90200960C28A902B4761F02D39E08761F01A79609761F02D349
:201550009308761F01A59709761F01A7970A761F01A5960A6F328F0069C0D00B761F01A7DB
:20156000CC94FFDF5010D00C960BCC94F7FF1AA90400D00B8F006940960C761F01A5CC94E3
:20157000FF7F5040D00C960BCC94FDFF1AA90100960C761F02D356BF020656BF0A08761FCB
:2015800001A7280902B42B0A761F01A52B09280A02B4761F02D12B18761F02D2922F3B011F
:201590009C01900788A9962F8503761F02D55601000892A6ED250608761F02D1BE00FF42FF
:2015A000963C761F02D55200C208650D85A9761F02ECFF691E42341B050000FE3DF1761FD1
:2015B00002B096183B01761F02B08F4005DC8F0002588518565000A5566100A49618761F19
:2015C00002D1FF69920B764095547640934B761F01A11A1C0001761F003356BF0421FE8A08
:2015D000C5BEC4BE83BE8ABE87BE000376177602761BABBDA8BDA0BDC2BDC3BDFF69294293
:2015E0005616761F01A80604761F02D4BE5A1E2C032AFF5A761F02D30200F61F561700A650
:2015F0003F02761F02D292AB2B3B2B3C2B3A2B2C2B2A2B281BA937CE682A1BA96F9B66270D
:20160000761F02D19600761F02D4062C1E28062C1E2A761F02D606221E1602001E22761FCF
:2016100002D392152B15962E761F02D256BF0133761F02B0921B761F02D19603761F02AF4D
:201620001A2A0002761F02AF1A1200048F006A0083A4761F0033DD18DC151AC500031AC460
:20163000000856BF0821C5BEC4BE83BE8ABE87BE76177602761B0005ABBDA8BDA0BDC2BD3D
:20164000C3BDFE02FF6929425616761F01C4281AFFFFBE00761F02C3921D52026406761F17
:2016500002C292015202EC05761F02D1920A6F04761F02D1920B5205ED5E761F01A906007B
:20166000761F02D429011E3C025B1EAC5665003A5644003C1EA7761F02D306A703ABFF4CB4
:201670009609761F02D4A33CA93A761F02D39603761F02D19200761F02D39600761F02D426
:20168000063C1E380628761F02D51E06761F02D406A756650028761F02B803ABFF4C9621FA
:20169000761F02D3920E960B761F02D606A75665003A761F02B803ABFF4C9623761F02D117
:2016A0009201761F02D2963F761F02D406A75665002E761F02B803ABFF4C9624761F02803F
:2016B00056BF0100761F02AF1A240004761F02AF1A120002761F02D10A0A921F540A620219
:2016C0002B0A920A761F02B09617761F02C3921D5203ED05761F02D192146F065204ED0629
:2016D000761F02D19212940A6F04761F02D1920A960B921F540B6202740B3B01851F761FD0
:2016E00002D02D301E42761F02D1120B00FE3DF1761F02B0961B761F02D0543064059E3090
:2016F000761F02B0961B3B01761F02B0851B761F02B08A26761F02B0560100A492C496009A
:20170000761F02D1920BED59761F02C1921B761F02C1961C761F02D7060A1E1602001E0A93
:20171000761F02D392212B21961E761F02D7060E1E1402001E0E0608761F02D51E3E761F4F
:2017200002D702001E08761F02D392122B12960F761F02D5061E1E2002001E1E761F02D441
:201730009200761F02D39639761F02D42B00761F02D606261E3802001E26761F02D3921AED
:201740002B1A9630761F02D606021E0002001E02761F02D392252B259622761F02D6060627
:201750001E1E02001E06060A1E0402001E0A761F02D392232B23962B761F02EB9212ED1B5F
:20176000761F02D3853E761F02D656010032761F02D30A3A851F761F02D55601003A761F62
:2017700002D30A10853B761F02D556010032761F02D30A31761F02D32D3E123E761F02D67E
:2017800056010026761F02D30A1A761F02D4850F560100260A158509761F02D65601000C45
:20179000761F02D40A04761F02D32D141214761F02D656010022761F02D30A15761F02D415
:2017A0008516761F02D556010018761F02D40A02761F02D38529761F02D756010000761FCA
:2017B00002D30A27761F02D4851F761F02D756010012761F02D40A198503761F02D5560154
:2017C0000014761F02D40A0B761F02D29237EC020B37761F01BF490156BD04A64509EF0476
:2017D00092A6500288A94A09EF0492A6500188A9761F01C49218EDFD761F002C9200761F68
:2017E00002D408A9F8009601761F002C9201761F02D308A9F8009620761F002C9202761FCC
:2017F00002D39E1C08A9F800963C761F02D49211761F002C9403761F02D408A9F800960FB0
:201800009212761F002C9404761F02D408A9F8009605761F02D39217761F002C9405761F1A
:2018100002D308A9F8009613761F002C9206761F02D4961D761F002C9207761F02D49609B6
:20182000761F002C9208761F02D308A9F8009614761F002C9209761F02D49616761F002C5C
:20183000920A761F02D39629761F002C920B761F02D4961F761F002C920D761F02D49603F1
:20184000761F002C920E761F02D308A9F800962F9224761F002C940F761F02D308A9F80022
:20185000963B92A65204620C5204EC405200EC765201EC6D5202EC5B5203EC486F7E520561
:20186000EC255206EC135207ED78761F002C920C3B01761F02D196378537761F02D55601F3
:201870000002761F02D10A2E6F68761F002C920C3B01761F02D1962D852D761F02D65601A3
:201880000034761F02D10A2B6F58761F002C920C3B01761F02D396378537761F02D4560160
:201890000024761F02D30A386F48761F002C920C3B01761F02D296098509761F02D65601BC
:2018A000002A761F02D20A0A6F38761F002C920C761F02D4961B921B96200EA9761F02D6D8
:2018B00056010008761F02D40A226F27761F002C920C3B01761F02D196278527761F02D5B4
:2018C0005601002A761F02D10A256F17761F002C920C761F02D296066F10761F002C920C28
:2018D0003B01761F02D1962A852A761F02D556010026761F02D10A29761F02D20A2E922E00
:2018E00052086708402EEF07761F01BF1A0B04006F062B2E761F01BF1A0D0400761F02D286
:2018F000412EEE06761F01BF1A0D00206F05761F01BF1A0B0020761F02D2422EEE06761F69
:2019000001BF1A0502006F05761F01BF1A030200761F01A01A1C000C761F02CA2D0A761F59
:2019100002D43B011201562F0401761F02D3923D943CFFA0761F02CA2DA9120B761F02D3A2
:20192000FF4A27A9963E761F02D4920FFF5C960F761F02D392119413FF5C761F02CAFFA09F
:201930002DA9120C761F02D3562F041F761F02CA2D05761F02D4121DFF4A961C961D340979
:201940000753761F02CAFF492DA912070708FF4A9B0A00FE3E44761F02D296015200630261
:201950002B01761F02CA2D0E3B01761F02D31214FF4A9614761F02D234A908E3562F050530
:20196000761F02CA2D06761F02D41216FF4A9616761F02D234A9054FFF49960388A9761F0A
:2019700002CA2D04761F02D31229FF4A962A9629761F02CA2D05761F02D4121F562F041F16
:20198000761F02CA2D16761F02D41203562F0403761F02CA2D19761F02D3122FFF4A962F37
:20199000761F02D234A90473562F0604761F02D3923BFF5C761F02CA2DA9121A761F02D38C
:2019A000562F043B761F02D192A65423650D761F02D20A149214520256B20214761F02D1D3
:2019B00056B201206F07761F02D22B14761F02D12B2092AB85A9FF561BA9057263042B1B75
:2019C000D1006F060A1B761F02D2D1010A13761F02EB92125203ED06761F02D1921B520669
:2019D000630C761F02EB9212EC1A761F02D09234761F02D1541B63132B1B761F02EB56BF05
:2019E00005159A05D40593AB761F02AF1A1E0002761F02AF1A120001767D9692761F02B0C2
:2019F0009206EC3B92A1ED39761F02D19220EC06761F02B092065203EC30761F02D2921A4E
:201A0000EC06761F02B092065202EC27761F02D29232ED28761F02B092065203ED19761F7D
:201A100002D0923DED06761F02D292335201EC0B761F02D0923D5201ED15761F02D2923DE7
:201A20005201ED1056BF0132767E2E086F0B761F02D256BF01326F06761F02D29232EC0229
:201A30002B32761F02B09206EC23761F02D29232EC1F761F02EB9215ED1B761F02D39207DF
:201A4000620B7622761F01A01A170004761F01A11A1700046F0B0B077622761F01A01A181E
:201A50000004761F01A11A180004761A6F0F7622761F01A01A180004761F01A11A18000486
:201A6000761A761F02D356BF0207761F02B092065202EC0D5203EC075201ED0CFF69764070
:201A70008E006F08FF6976408E936F04FF6976408D1A761F01BF4209EE06761F02D2923714
:201A8000ED020A1D761F01BF4001EE04761F02D20A21761F01BF4D01EE04761F02D20A26E6
:201A9000761F01BF4101EE08761F02EB9212EC04761F02D20A25761F01BF4809EE1A761FB8
:201AA00002D20A23922352146919761F02EB56BF3C159A3C9B01D43CFF69761F02AF1A1E38
:201AB0000002761F02AF1A120001767D96926F06761F02D29223EC020B23761F02D22B3310
:201AC0002B3D761F01A01A1C0001FE82761F003356BF0421C5BEC4BE83BE8ABE87BE0003D9
:201AD00076177602761BABBDA8BDA0BDC2BDC3BDFF6929425616761F02D20A20761F01A926
:201AE0000604BE5A761F02D41E320330FF5A761F02D20200F61F561700A692AB3F3E1BA96C
:201AF00037CE68391BA96F9B6636761F02D19601761F02D406321E2E06321E30761F02D6E5
:201B0000060E1E1202001E0E761F02D3922C2B2C962D761F02D6061C761F02D51E34761F2F
:201B100002D602001E1C761F02D392332B339634761F02D256BF013D761F02B0921B761F05
:201B200002D19605761F02AF1A2A0010761F02AF1A1200048F006A40761F01A983A4DD1893
:201B30001AC50002DC151A180001761F00331AC4000856BF0821C5BEC4BE83BE8ABE87BED1
:201B400076177602B2BD761F02B08F40AC808D00018D2F072D4A27498848804757953B01D8
:201B50008D00018F2F0557958D00018E2F02579528AAFFFF8D00019F96C597CD12AB28ABB3
:201B6000F3807CD58F000C80562F01E592E59EC596ED85ED565000A4566100AB93A696EDE4
:201B7000929555A9624192A627ED94A793A69CF855A9620392A79CF885A98AA5761F02B85D
:201B800009068D000187560100A492AB2DC472AC1206562F07C485A709068F00AC80560125
:201B900000A52DC5120A2D08330907AB562F07948D00018B85948D0001871EA685948D008E
:201BA000018C565000A6562100948D000187566100AC969492948D00018896948D00018724
:201BB000929472EC6F0C1BA90180630685A90906560100A52BC5761F02B80A1F8F00AC800C
:201BC0008D00018D2D9412EC761F02B08D000198FF468D40019A8F403E8028ABC18028AA9E
:201BD000FFFF81D41E948D0001972B948D00019692948D00019B960385941EA68D000198FD
:201BE000FF5C85A91EA70694565000A6566100A71E9492948D00019A96948D00018E929CDF
:201BF0009ECC2DA912948D00019CFF4681C4565000A5566100AB1E9492948D00019E969460
:201C00008D00019C06948BBE0006B2BDAABDA2BDFE0488A9761F028027A8924D804F5B500A
:201C1000594E964492005201EC06761F02B1921896436F26761F02C1922D52966906761FF9
:201C200002B02D0A35146F1052646908761F02B0920AFFC0CCA903FF6F0C52506907761F91
:201C300002B02D0A3530FFC56F04761F02B0920A761F02B196439618761F02802B003B01DF
:201C4000761F02B185A607001EA692039C0143A9EF6D06A62B03BE00FF4228AAFFFFFF6EB6
:201C500093A9960292AB28ABFED49EA8C20085A97680012C565000A6566100AB2DA9960447
:201C6000330516AC58A9960792065201EC035A086F032B065AA088092D0A120F2DA6330EF6
:201C70002DA0564100AB12102DA207AB331103AB810BFF5AFF4C2FA992AB18A91FFF960BEB
:201C800085AA7808FF5A761F02E685A18EA9A9A903A0FF43961B28A9FDA89EA3761F02B17B
:201C900085A98EA928A9025894A785A91EACA9A9565000AC566100A02FA9960992A685A999
:201CA000565000AC566100A0960A85A71EA785AA1EA692A3FF5C85A982A906A6565000A715
:201CB000566100A32DA9960C6F049603C2002D0C85A5FF691E4212A400FE3DF13B018F009C
:201CC0001B5828ABE4A828AAFFFF85A92D44565000A4566100AB8F0003E888A9961228ABF1
:201CD000FC18350A94A62D4385A9565000A4566100AB12A9FF479615801788A9560301A6A9
:201CE0009EA75CA996162D1A331E2D19121D2DA403AB331F8F000FF62DA6560100AB122075
:201CF0002DA707AB332103AB2DA6811CFF5AFF4C28AAFFFF80A992AB18A91FFF28ABF00A56
:201D0000961C921B961A85A7565000A47F1BFE84566100AB80A97E1796193519FF4294A789
:201D100085A9565000A4566100AB85A982BE86BE8BBE0006FE06761F02C3BE00921DEC061B
:201D2000761F01BF4B0156BD01A6020A761F02D43B011E42340108E3FF44090500FE3DF198
:201D3000761F02B03B015DA9961D761F02D3020A1E42343E007DFF43090500FE3DF1761F81
:201D400002B058A9961C761F02D3020A1E42923B761F02D3941F2DA93B0135E1FF440905E5
:201D500000FE3DF1761F02B05CA99621780D7841921B93A07E42761F02D096439230761FCF
:201D600002C19644921C761F02B096459200964692A576408B423B011E2E761F02EC921B16
:201D7000761F02B09CFF5621001885A91EA65644002E761F02ECFF4B85A9FF5A9A019E1B80
:201D8000761F02B085A91EA7A9A9565000A6566100A7961E520062399213ED04921EED0435
:201D90006F34921EEC12FF5C1B1EFFFE961F620D761F02EC931B9DFE55A96309921B761FB5
:201DA00002B09CFE961F6F0356BF011F761F02B0921F8F006800D009761F01A19609761F48
:201DB00002B0921356BF01945201ED0CD00E761F01A0CC94FFFE5002960ECC0EFFF750043B
:201DC0006F3556BF01136F35931E971F5302640D761F02EC921B9CFE54A86309921B761FF1
:201DD00002B09CFE961F6F0356BF011F761F02EC921B761F02B08F006800D0099E1F761FB2
:201DE00001A19609761F02EC921B9CFF761F02B096949213ED0DD00E761F01A0CC94FFFC58
:201DF0005001960ECC0EFFFB5008960E6F082B13761F01A0180EFFFC180EFFF3FE86000660
:201E0000761F02EC921B3B01761F02C19CFF2D1885A9761F02B01EA6352D2DA91200FF4D4F
:201E1000761F02EC34A90341FF4B85A9FF5A9A019E1B761F02B085A91EA7A9A9565000A611
:201E2000566100A7961E52006234CA13EC32921EFF5C961F5202640D761F02EC931B9DFE5C
:201E300055A96309921B761F02B09CFE961F6F0356BF011F761F02B0921F8F006800D00976
:201E4000761F01A19609761F02B0921356BF01945201ED0CD00E761F01A0CC94FFFE500207
:201E5000960ECC0EFFF750046F3556BF01136F35931E971F5302640D761F02EC921B9CFE42
:201E600054A86309921B761F02B09CFE961F6F0356BF011F761F02EC921B761F02B08F000A
:201E70006800D0099E1F761F01A19609761F02EC921B9CFF761F02B096949213ED0DD00EC5
:201E8000761F01A0CC94FFFC5001960ECC0EFFFB5008960E00062B13761F01A0180EFFFC51
:201E9000180EFFF30006B2BDAABDFE04761F02EC591B3B01761F02D3343E007D761F02D049
:201EA000D98AFF48933D5301EC08761F02D25A05761F02D85D3E6F07761F02D25A04761FBC
:201EB00002D85D109641761F02EC9205761F02EC96425CA29207761F02EC96439204761F61
:201EC00002D296449203761F02B0931A76408C05761F02B096113B01761F02EC2D1B761FFA
:201ED00002B01211562F031192A12DA2FF5C85A91EA685A183A98511565000A5566100A6A5
:201EE0005CA99611761F02D1853C761F02EC1E4235CDFF472DA9121B00FE3DF13B01761FE2
:201EF00002B093A49FA9972285A18BA98522761F02D3565000A5566100A688A9343E007DB5
:201F0000FF485200650492A69CD86F049B2895A692A8761F02B0520096226438CA13EC367C
:201F1000BE018522565000A1566100A6961F5202640D761F02EC931B9DFE55A96309921B4A
:201F2000761F02B09CFE961F6F0356BF011F761F02B0921F8F006800D009761F01A19609C6
:201F3000761F02B0921356BF01945201ED0CD00E761F01A0CC94FFFE5002960ECC0EFFF778
:201F400050046F3C56BF01136F3C9222BE01FF5C85A9565000A1566100A6961F5202640D94
:201F5000761F02EC931B9DFE55A96309921B761F02B09CFE961F6F0356BF011F761F02ECCE
:201F6000921B761F02B08F006800D0099E1F761F01A19609761F02EC921B9CFF761F02B0F8
:201F700096949213ED0DD00E761F01A0CC94FFFC5001960ECC0EFFFB5008960E6F082B139F
:201F8000761F01A0180EFFFC180EFFF3FE8486BE8BBE00063B01761F02D28503761F02E613
:201F90005601001C761F02D28501761F02E65601001E761F02EE4007EE0402A0BEA06F05AB
:201FA000761F02EC85161EA6761F02E71E32761F02EE4107EE0402A0B6A06F05761F02ECC3
:201FB00085061EA7761F02E71E34761F02E60A1992195208FFE401212B19061C761F02E763
:201FC000FF4231005DA9961F761F02E6061E761F02E7FF429623761F02E6A91CA91E761F1D
:201FD00002EA2732761F02E73F22761F02EC9329EC06761F02B093065303EC139EAB93A9E2
:201FE000530A62071BA9FFD8631928A9FFD86F16531A56B319A993A99DF72DA812A96F0EC2
:201FF000761F02ECD00A9E0C28ABFFF628AAFFFF85A9565000A0566100AB2DA9761F02E708
:202000001225FF469624761F02B02F16761F02E792AA9EA5571E27A9962093C45301EC5A15
:20201000761F02B093065303EC4228A8012C761F02D795AA553367079BC8761F02DF95AA94
:20202000550A6628761F02D7933308A8012C55AA68211BABFE0C6306761F02DF1B0A10CC6A
:202030006819761F02E79327761F02E6551165049DFE5DA86F025D11761F02E77D2793282F
:20204000761F02E6551265049DFF2DA86F0C2D126F0A761F02E65D09761F02E77D27761FF5
:2020500002E62D1A761F02E721286F26767E1FF0761F02E79620761F02E65D1127A9761F5E
:2020600002E77D27761F02E62D12761F02E721286F115200640A56BF012056BF012428ABCD
:2020700000015D272D286F0856BF02C427205D272D28C432C5348E163AA963055C2492AB69
:2020800054A46415761F02EC9229EC10761F02B092065203ED0B3AA96509761F02E793AB5C
:20209000922455A9562A02A462025CAB3B01D06428ABFF9C28AAFFFF85A4761F02E75650F0
:2020A00000A0566100AB5CA9962606A7FF378EA912A4072CFF5A06A6FF37FF541EACA9A9B0
:2020B000565000A0566100AC2DA51E2CFF5A12A4813007ABFF5AFF4783A9A9A9620592AB18
:2020C00090FFFF5C6F0392AB90FF963006A68F00083428ABF7CC28AAFFFFFF541EA6A0A9D5
:2020D000565000A7566100A6565000A4566100AB83A91E2E6F04761F02E7832E7D0C761F62
:2020E00002D43406002FBE5028ABFFB028AAFFFF761F02E7FF4493A9960D92A594A885A900
:2020F000565000A6566100AB2DA9960E761F02EE4007EE06BE00761F02E7C21A6F078F10BB
:202100000000761F02E7C4A4A81A761F02EE4107EE03D4006F038F0C0000761F02E7A81C36
:2021100012100714FF5A06A6FF541EA7A9A9565000A4566100A71E14330F07ABFF471EA72A
:20212000A8A9FF478AA906A6FF47FF541EA606A7565000A4566100A61E16761F02EC56214A
:20213000001B761F02E6564400A9FF4B960E5200627C920F5201ED11761F02D1921A620D21
:20214000761F02D192176209761F02EE4007EF05761F02EB9215EC35761F02E656BF010F57
:2021500076228F006980D014761F01A6CC94FFFE50029614DC18CC14FFFB500896141AC438
:202160000004761A761F02D19217ED05761F02D1921A6527FF69767E2000FF586307767EF7
:2021700020003B01FF40767E2028767E2020FF586318767E20203B01FF40767E202C6F1103
:2021800076228F006980D014761F01A6CC94FFFE50029614DC181A14000C1AC40004761A16
:20219000761F02E61B0EFFCA62119A0E761F02EC9E1B761F02E6540E650B9A0E761F02ECEF
:2021A0009E1B761F02E6960E6F03280EFFFF761F02EC921B761F01A69609761F02E6920E77
:2021B000761F02EC941B6F1C2B0F76228F006980761F01A683A4DD14DC181AC50003CC14FE
:2021C000FFFB500896141AC40004761A761F02EC921B761F01A69609761F02EC921BFF69EE
:2021D000761F01A6960A0006B2BDAABDA2BD0EA8761F02DF560100263B0185A58F400A8C64
:2021E0005601001E884B804A5B49761F02E00200A01219641E14020019641E24761F02DE19
:2021F0000A31433156CC00A82B31761F02DF0626761F02E0FF4231005AA99617761F02DF49
:202200008F4001F402001E26061E761F02E0FF42960793A9761F02DF92A7A91E9EA8761FAE
:2022100002E07F067B1685A928ABFE0C761F02B9580228AAFFFF761F02E0565000A57809EE
:20222000761F02B92D00566100ABD500761F02E080A928ABD00028AAFFD5210A960812A77F
:202230002DA0070E565000A5566100AB8BA91E0E12A7811007A180A918A703FFFF4985A94D
:202240007F10B60028ABF57428AAFFFF8F40012C565000A7566100AB80A928ABFED496110D
:2022500092A2761F02B99EA35809761F02E085A9D3007819761F02B9565000A52D0B761FD7
:2022600002E0566100AB8F6A300027A9211A961812AB2DA0071E565000A5566100A386A9B5
:202270001E1E12AB812007A227A918AB03FFFF493F201BA90A8C620B1BA9FF9C562A032105
:20228000630A2821FF9C28A9FF9C6F0528210A8C28A90A8C93A795A980A81BA70A8C620667
:2022900092A76302B6007F266F0928260A8C76C00A8C6F04761F02E0802692A685A91E22D7
:2022A000761F02B95D0492A6761F02E07D2954A7761F02B92D05761F02E0212A64091BA7AA
:2022B000FF9C63082826FF9C76FFFF9C6F0380A67E2692A77C279EA488A91BA6012C620B29
:2022C0001BA6FED464037E286F0A2828FED476BFFED46F052828012C7680012C12A68F3928
:2022D000999A85A9072EFF5AA8A90FAB650DFF24FD8F0FAB6203A92E6F0B1E2E28ABD8F07C
:2022E00028AAFFFF6F058F399999A82EA8AB2DA512A6813007AB88A918A603FF7E30FF49A3
:2022F0001BA90E6662085200562A033163089A0096316F0528310E6628A90E6682BE86BE50
:202300008BBE0006FE04761F02DE921428AC005596413B01921396429207761F02D39643BC
:20231000302A28AC0027761F02D4FF4588A9301C761F02D25D03FF445CA993A6764091D4C7
:20232000761F02DE3B019601761F02EC2D1B761F02DE1201FF4B960252366411761F02ECA0
:20233000921B761F02DE9CCA5402630B761F02EC921B761F02DE9CCA96026F0356BF010214
:20234000761F02EC921B761F02DE9E02761F01A49609FE840006B2BDAABD761F0280921F39
:2023500056C0008C920A5201ED4E761F02EB92125205ED49761F02808DBF2FF00E078AA22B
:20236000FF30560100A4C5C43E67761F0280580F8D40A4008AA296910E08FF30560100A483
:20237000C5C43E67761F0280800F88A98D0001F4B2A90DA78AA90E057E94FF308AA25601AD
:2023800000A4C5C43E67761F0280800F88A98D0003E8B2A90DA78AA90E067E94FF3056012E
:2023900000A2C5C23E67761F028088A9800F8D0005DCB2A90A0F0DA78AA97E941B0F018002
:2023A00068022B0F761F0280921656C100CC9211EC079CFF961156C000C692139611920A3B
:2023B000ED208D80A02CD10092C2EC153B018F3F2FF0560301C2560100A4C5C43E67761FFE
:2023C000028088A98F00A40034A101F40D15560100A47EC492A1DA019C0159A9520464E5A2
:2023D000761F02800A159214541556C0009C2B142B152B16FFEF009E921D5201EC3A52022E
:2023E000EC285203EC15520456C0008D0E188F3F2FF0FF30560100A4C5C43E67761F0280F8
:2023F0003B012D1C85A932210FABEC236F240E188F3F2FF0FF30560100A4C5C43E67761F6B
:2024000002803B012D1C85A932210FAB64126F130E188F3F2FF0FF30560100A4C5C43E6717
:20241000761F02803B012D1C85A932210FAB650356BF01279210EC069CFF9610ED53921376
:2024200096108D80A02CD10092C2EC153B018F3F2FF0560301C2560100A4C5C43E67761FF4
:20243000028088A98F00A40034A101F40D1B560100A47EC492A1DA019C0159A9520464E52B
:20244000761F02809225EC049CFF541B660356BF011E92275201ED1C9226ED17921E56BF81
:2024500001265201EC0592282B20961A6F0E92289E2593A9961A9225541B6904921B94A8EA
:202460006F03921B9E259620921AEC020B1A0A1B9228541BED022B1B921AED0492275201D9
:20247000EC039A006F0992282B1B2B1E2B1D2B2796242B189A0186BE8BBE0006761F02D8CE
:202480002DA90A3092305202682F2B3033AC761F02D98F40B7003B01A9128AA5761F02D8BA
:202490000E27FF30761F02D1560100A4A9A9FF47FF5A1EC49204761F02D85427690B9227E5
:2024A0009C010EA9FF30560100A5A9A907C50A276F08761F02DC0600761F02D807C42B27D2
:2024B000761F02D91E160006761F02D82DA90A2F922F5202682F2B2F33AC761F02D98F40C0
:2024C000B6803B01A9108AA5761F02D80E1FFF30761F02D1560100A4A9A9FF47FF5A1EC4A1
:2024D0009204761F02D8541F690B921F9C010EA9FF30560100A5A9A907C50A1F6F08761F7D
:2024E00002DA0600761F02D807C42B1F761F02D91E1400061EA6761F02D9C5460644430EF4
:2024F000EE1C0FA6620406A70FA66313761F02D892A40A2554256623761F02D91A0E000859
:20250000761F02AF1A1E0004761F02AF1A120001761F02D82B2500060FA6630E06A70FA679
:20251000650B761F02D892A50A2654266608761F02D9180EFFF7761F02D82B2600061EA667
:20252000761F02D9C5460644430DEE1C0FA6620406A70FA66313761F02D892A40A1E541E4A
:202530006623761F02D91A0D0008761F02AF1A1E0008761F02AF1A120001761F02D82B1EB2
:2025400000060FA6630E06A70FA6650B761F02D892A50A2854286608761F02D9180DFFF730
:20255000761F02D82B280006761F02D788A91B39FFFFEC245439EC0A761F02D1931F761F70
:2025600002D75539661B5200ED1928AC000632368F00ABDAA9A92D38560100A49B01FF6711
:2025700099E49B012D36761F02AFFF679912761F02D72839FFFF56BFFF381B37FFFFEC24FF
:2025800092A65437EC0A761F02D1931F761F02D75537661A5200ED1828AC00068F00ABDAA9
:2025900030352D34560100A49A01FF6698E49A012D35761F02AFFF669812761F02D72837CF
:2025A000FFFF56BFFF34000676C0ABDA06A7D40083A7091E03A509061EA692D5EC120ADD7B
:2025B00054DD660F9A062DA42BDD37A9761F02AF06A707AB8EA99A011AE00001FF6698128B
:2025C000DE860206DC01DD060FA669E8000676228F000A80761F002A1AC40001CCF4F3FFC2
:2025D0001AA903009606CC06FFF050039606CCFCFFE0500596071AE401FF1AEC01FF761AAC
:0825E000F6077700FF69000611
:202E00003460003E3460003E3460003E3460003E3460003E3460003E3460003E3460003E22
:202E10003460003E3460003E3460003E3460003E3460003E346F003E346A003E34FB003E5E
:202E2000345B003E34C9003E3465003E3474003E33FC003E33F7003E33F2003E33ED003E37
:202E300033E8003E33E3003E33DE003E33D9003E33D4003E340B003E3406003E3401003E8F
:202E40003442003E343D003E33C0003E33CA003E33C5003E3500003E3410003E33CF003E38
:202E500034BF003E34B5003E34AB003E34A1003E3497003E348D003E33C0003E33C0003E70
:202E600034C4003E34BA003E34B0003E34A6003E349C003E3492003E33C0003E33C0003E42
:202E700034E2003E34DD003E34D8003E33C0003E33C0003E33C0003E33C0003E33C0003E60
:202E80003488003E3483003E33C0003E33C0003E33C0003E33C0003E33C0003E33C0003E1D
:202E90003438003E3424003E3433003E341F003E33C0003E33C0003E33C0003E33C0003EE8
:202EA00033C0003E33C0003E33C0003E33C0003E33C0003E33C0003E33C0003E33C0003E8A
:202EB000347E003E3479003E33C0003E33C0003E33C0003E33C0003E33C0003E33C0003E01
:202EC0003456003E344C003E3451003E3447003E34F6003E34EC003E33C0003E33C0003EC8
:202ED00033C0003E33C0003E33C0003E33C0003E33C0003E33C0003E33C0003E33C0003E5A
:202EE00033C0003E33C0003E33C0003E33C0003E33C0003E33C0003E33C0003E33C0003E4A
:202EF00033C0003E33C0003E33C0003E33C0003E33C0003E33C0003E33C0003E33C0003E3A
:202F0000080008000800080000000000080008000800080008000000000000000000000069
:202F1000000E00000800FFFFFFFF08000800FFFFFFFFFFFFFFFFFFFFAAAA000008FC138896
:202F200000D200E6011A010E025800E6010E012C0000000000000002000000000000000130
:202F30000001000100010000000000000000FFFF010402580000000A000A004600010000C6
:202F40000124003C0078001E000033210000002800010001AAAA00000000000000000000A8
:202F5000000000000000000000000000000000000000000000000000000000000000000061
:202F6000000000000000000000000000000000000000000000000000000000000000000051
:202F7000000000000000000000000000000000000000000000000000000000000000000041
:202F8000AAAA000000000000000000000000000000000000000000000000000000000000DD
:202F9000000000000000000000000000000000000000000000000000000000000000000021
:202FA000000000000000000000000000000000000000000000000000000000000000000011
:202FB000000000000000000000000000000000000000000000000000000000000000000001
:202FC0000000000000000000000000000000000000000000000000000000000000000000F1
:202FD0000000000000000000000000000000000000000000000000000000000000000000E1
:202FE00000000000000000000000000000000000000000000000000000000000AAAA00007D
:202FF000C0C5003D0D4D003E0D5F003E0D6E003E0D63003E0E09003E0E2F003E0E3A003E00
:203000000DEB003E0DFE003E0D93003E0DD5003E0DE0003E0D9E003E0DA9003E0DB4003E2C
:203010000D7D003E0D88003E0E1B003E0DCA003E0DBF003E0E2B003E0D79003E0E27003ED1
:203020000E23003E0E1F003E0DFA003E0DF6003E0D51003E0D58003E0D72003E0D67003E82
:203030000E0D003E0E33003E0E3E003E0DEF003E0E02003E0D97003E0DD9003E0DE4003E61
:203040000DA2003E0DAD003E0DB8003E0D81003E0D8C003E0E14003E0DCE003E0DC3003E5E
:20305000C0C5003DE323003DE31B003DE317003DE31F003DE343003DE33B003DE337003D95
:20306000E33F003DE327003DE32B003DE333003DE32F003D2D26003E2D22003E2D2A003E0A
:203070002D1E003E2D0F003E2D0B003E2D1A003E2D16003E2D03003E2D07003E2CBB003EBC
:203080002CB7003E2CDB003E2CE3003E2CD7003E2CDF003E2CD3003E2CF7003E2CEB003E00
:203090002CFF003E2CF3003E2CFB003E2CE7003E2CEF003E2CC7003E2CC3003E2CBF003EC4
:2030A000200C003E2004003E2018003E2010003E2008003E1FF8003E2014003E2024003EB1
:2030B0001FF0003E1FFC003E201C003E1FBC003E0FF40FDF0FCA0FB30F9C0F840F6B0F5123
:2030C0000F360F1B0EFE0EE10EC30EA40E840E630E410E1F0DFB0DD70DB50D8C0D650D3D81
:2030D0000D140CEB0CC10C960C6B0C3E0C120BE40BB60B880B590B290AF90AC90A990A68B4
:2030E0000A370A0609D509A309720937091008DF08AE087D084D081D07EE07BE07900762CB
:2030F0000734070706DA06AE06830658062F060605DD05B5058E05680543051E04FB04D7DA
:2031000004B50494047304530434041603F803DC03C003A5038A03700357033E0327031021
:2031100002F902E402CE02BA02A602930280026D025C024B023A022A021A020B01FC01EEDC
:2031200001E001D301C601B901AD01A10195018A017F0174016A01600157014D0144013B00
:203130000133012B0123011B0113010C010500FE00F700F000EA00E400DE00D800D200CDB0
:2031400000C700C200BD00B800B300AF00AA00A500A1009D009900950091008D008A008626
:203150000082007F007C007800750072006F006C0069006700640061005F005C005A0057A7
:203160000055005300510FF40FDF0FCA0FB30F9C0F840F6B0F510F360F1B0EFE0EE10EC377
:203170000EA40E840E630E410E1F0DFB0DD70DB50D8C0D650D3D0D140CEB0CC10C960C6B0D
:203180000C3E0C120BE40BB60B880B590B290AF90AC90A990A680A370A0609D509A30972AB
:203190000937091008DF08AE087D084D081D07EE07BE079007620734070706DA06AE06830A
:2031A0000658062F060605DD05B5058E05680543051E04FB04D704B5049404730453043438
:2031B000041603F803DC03C003A5038A03700357033E0327031002F902E402CE02BA02A6B3
:2031C00002930280026D025C024B023A022A021A020B01FC01EE01E001D301C601B901AD5D
:2031D00001A10195018A017F0174016A01600157014D0144013B0133012B0123011B011380
:2031E000010C010500FE00F700F000EA00E400DE00D800D200CD00C700C200BD00B800B303
:2031F00000AF00AA00A500A1009D0FD40FD20FCF0FCC0FC90FC60FC20FBF0FBB0FB70FB368
:203200000FAF0FAA0FA50FA10F9B0F960F900F8B0F840F7E0F770F700F690F620F5A0F5273
:203210000F490F400F370F2E0F240F1A0F0F0F040EF80EED0EE00ED40EC70EB90EAB0E9D16
:203220000E8E0E7F0E6F0E5F0E4E0E3D0E2B0E190E060DF30DE00DCB0DB70DA20D8C0D760C
:203230000D5F0D480D300D180D000CE70CCD0CB30C990C7E0C620C460C2A0C0E0BF10BD3AA
:203240000BB60B980B790B5A0B3B0B1C0AFD0ADD0ABD0A9C0A7C0A5B0A3A0A1909F809D726
:2032500009B60994097309510930090E08ED08CC08AA0889086808470826080507E507C41F
:2032600007A40784076407450726070606E806C906AB068D066F06520635061905FC05E019
:2032700005C505A9058F0574055A05400527050E04F504DD04C504AD0496047F04690453A1
:20328000043E0428041303FF03EB03D703C30000000300510031000D000000000000000087
:203290000000000000000000C898003D000300510032000D000000000000000000000000EE
:2032A00000000000C78C003D000300520054000D00000000000000000000000000000000C8
:2032B000C720003D00050051004200440053000D000000000000000000000000C665003D36
:2032C000001100570054002A00000000000000000000000000000000C165003D0002005152
:2032D0000033000000000000000000000000000000000000C5B1003D000200510044000061
:2032E00000000000000000000000000000000000C53A003D0002005100340000000000000B
:2032F000000000000000000000000000C415003D0001005400000000000000000000000053
:203300000000000000000000C1F6003D000A004900560045004D0049004100500032003240
:20331000000D0000C3D8003D00FF00000001000000020000000100000003000000010000B1
:2033200000020000000100000000102120423063408450A560C670E781089129A14AB16BE4
:18333000C18CD1ADE1CEF1EF000000000002000300020003000200031C
:20333C008566003D8609003D8609003D8544003D8524003D8609003D8609003D8609003D61
:20334C008609003D850C003D84DF003D84CC003D84B9003D84AA003D8497003D8485003D17
:20335C008609003D8473003D8464003D8455003D8446003D8437003D8428003D8609003D62
:20336C008419003D83D7003D83C1003D83AC003D834D003D82F5003D82DF003D82CA003DFB
:20337C008296003D825D003D824E003D823F003D822A003D8215003D8203003D81F0003D88
:20338C0081E1003D8609003D8609003D81CE003D81B7003D81A0003D8189003D8175003D11
:20339C008162003D8609003D8609003D8609003D8609003D8609003D8609003D8142003D29
:2033AC008134003D8125003D80F7003D8609003D8609003D80E8003D8609003D80DA003DD8
:2033BC0080C6003D80B4003D80A2003D8079003D806B003D805E003D804F003D8DB9003D96
:2033CC008DA1003D8D9A003D8D7C003D8D59003D8CE2003D8CBD003D8CAF003D8DF4003D42
:2033DC008CA1003D8C94003D8C8B003D8C7B003D8C40003D8C1F003D8C0F003D8BD6003D0B
:2033EC008BB5003D8BA5003D8B72003D8B51003D8B41003D8B0E003D8AED003D8ADD003D4D
:2033FC008AAA003D8A89003D8A79003D8A42003D8A21003D8A11003D89DE003D89BD003DC0
:20340C0089AD003D8976003D8955003D8945003D890E003D88ED003D88E3003D88D9003DFF
:20341C0088CA003D8DF7003D8DF7003D8DF7003D8DF7003D8DF7003D8DF7003D88BE003DF8
:20342C0088AE003D8871003D8850003D8840003D8805003D87E4003D8728003D871C003D7F
:20343C008710003D8704003D86F8003D86EC003D86E0003D86D4003D86C8003D86BC003D26
:20344C0086AF003D86A0003D8691003D867E003D866E003D865F003D8650003D8641003D8C
:20345C008632003D8623003D8795003D878E003D8787003D8780003D8776003D876C003DD1
:20346C008762003D87AA003D87A6003D875B003D87A2003D8754003D879E003D874D003D32
:203EFE00561F8D007029762228C00068761A9A00D50028A403FFF7A496858F40078028A47C
:203F0E00007FF7A496858F40800028A41FFFF7A496858F40A00028A41FFFF7A496858F4091
:1E3F1E00C00028A41FFFF7A4968558A95DA95CA92BBD28BD0A0B76007613007E3D7706
:023FFE0002259A
:02000004003FBB
:1A6100006F018D007029762228C00068761A761F01BF1A061000007F67E428
:20618000AABD5AADDA84FE62D0092B9256BF31F228A9303028A830301EE2D0092B92D00935
:206190002B92D00992925250670FD00958925CADDCDA2B94D0099292D0099C019692D00968
:2061A0009292525068F3767FFEF3D0089692D0081B920100EC027625761F02202B020200E3
:2061B0001E0CD00C2B92D00C2B925CADFF69DCDA767F6470D0099692D0099292ECF5D00CC8
:2061C0009292525356C0009DD00D9292524456C00098D00E9292525F56C00093D01392929B
:2061D000523A56C0008E92F25233FFE8008A56BF34F2D0095CADDCD292929CF7767F6545E4
:2061E0005201EDD2D01B92925230ED2BD0095D92D00A5CADDCD30692DD87767F656452017D
:2061F000EDC3D00F28AC00180E92563B1EE2D0105CAD2901DCE22592CAC4CBCC1EE2D01155
:206200005CADDCE256030892CAC4CBCC1EE2D01206E2AF921EE25CF206E2767F64416FA4B1
:20621000D01B92925234ED275CADDCD3767F6537D00A1E92D00F28AC00180E92563B1EE2F6
:20622000D01029015CADDCE22592CAC4CBCC1EE2D0115CADDCE256030892CAC4CBCC1EE2F1
:20623000D01206E2AF921EE25CF206E2767F6441FFEFFF7BD01B9292523156C0FF76D00F0F
:2062400028AC00180E92563B1EE2D0105CAD2901DCE22592CAC4CBCC1EE2D0115CADDCE2CC
:2062500056030892CAC4CBCC1EE2D01206E2AF921EE25CF206E2767F6441FFEFFF56D00C1C
:2062600092925249ED27D00D92925256ED23D00E92925245ED1FD00F9292524DED1BD01063
:2062700092925249ED17D01192925241ED13D01292925250ED0FD01392925232ED0BD014A8
:2062800092925234ED075CF206E2767F6441FFEFFF2CD00C92925249ED37D00D929252560F
:20629000ED33D00E92925245ED2FD00F9292524DED2BD01092925249ED27D0119292524114
:2062A000ED23D01292925250ED1FD01392925232ED1BD01492925233ED179A28767F6435A6
:2062B0009A41767F64359A43767F64359A4B767F64359A0D767F64359A64767F6420767FE6
:2062C00065B5FFEFFEF2D00C92925249ED37D00D92925256ED33D00E92925245ED2FD00FAA
:2062D0009292524DED2BD01092925249ED27D01192925241ED23D01292925250ED1FD013E1
:2062E00092925232ED1BD01492925232ED179A28767F64359A41767F64359A43767F64353A
:2062F0009A4B767F64359A0D767F64359A64767F6420767F65D0FFEFFEB8D00C9292524906
:20630000ED37D00D92925256ED33D00E92925245ED2FD00F9292524DED2BD0109292524982
:20631000ED27D01192925241ED23D01292925250ED1FD01392925232ED1BD01492925231DF
:20632000ED179A28767F64359A41767F64359A43767F64359A4B767F64359A0D767F64358D
:206330009A64767F6420767F65EBFFEFFE7ED00C9292523AED26D00D92925265ED22D00EE3
:2063400092925266ED1ED00F92925268ED1A92F2523168170200761F02201E0C8F00881002
:206350009A02767FFEBD9AFC8F008810767FFEBD56BF32F25CF206E2767F6441FFEFFE552A
:20636000D00C9292523AED18D00D92925263ED14D00E92925273ED10D00F92925274ED0C4F
:2063700092F25232680956BF33F25CF206E2767F6441FFEFFE3AD00C92925253ED45D00DB0
:2063800092925255ED41D00E9292524DED3D9A53767F64359A55767F64359A4D767F6435CC
:20639000761F0220CC02F000FFCB96FA92FA767F64D2767F6435761F0220CC020F00FFC77F
:2063A00096FA92FA767F64D2767F6435761F0220CC0200F0FFC396FA92FA767F64D2767F95
:2063B0006435761F02209202900F96FA92FA767F64D2767F64359A0D767F64359A0A767FA7
:2063C0006420FFEFFDF2D00C92925241ED18D00D92925247ED14D00E92925249ED10D00FB0
:2063D0009292524EED0C56BF35F25CF206E2767F644176FF7FF67620FFEFFDD7D00C9292A2
:2063E0005253ED22D00D92925256ED1E56BF36F25CF206E2767F64419A0F767F64209A0F5D
:2063F000767F64209A0F767F64209A0F767F64209A0F767F64209A0F767F642076FF7FF6A2
:206400007620FFEFFDB292F25232FFE8FDAE5CF206E2767F6441FFEFFDA8FE0296417625DA
:206410006F00FE82FF69000676256F00FF6900060201761F02205601000E7700FF69000693
:20642000FE0296419CFF934153009641EC0D2B421B4201F467050A421B4201F468FD9341F1
:206430000B415300EDF5FE820006FE029641761F01DD4714EFFD96199A01767F6420FE8271
:206440000006FE041E447C419A0A767F64209A53767F64359A54767F64359241767F6435A0
:206450009A5F767F643528AC001806445622767F6435064491FF92A8767F64352901064453
:20646000FF4790FF767F6435CC4400FF767F64359A0D767F64359A0A767F6420FE84000642
:20647000FE08A8422B442B4502001E482B452B442B451E489244ED34761F01DDCC15008055
:20648000FFC65201ED051811FFDF1A110020CC150040FFC55201ED169217964358458A427A
:206490000A45924396949245525AED022B459243520DED0656BF01448A4258452B94020011
:2064A0001E48020107481E488F0A0000A8A90F48670502001E4856BF01449244ECCE9245E8
:2064B000FE880006FE069645A044A842761F0220920296466F0D8A4292C472468A44928432
:2064C000A8448A425484A842EC039A006F0A93450B455300EDF19246761F022096029A0125
:2064D000FE860006FE029641520969039C376F029C30FE820006FE0296415230680552399D
:2064E00066039CD06F10524168065246660408A9FFC96F09526168065266660408A9FFA9B8
:2064F0006F029A23FE820006FE04A8428A429284A842767F64DB96435603044396438A42CE
:206500009284A842767F64DB72439243FE840006FE04A8428A42767F64F4964356030843B3
:2065100096438A42DC02767F64F472439243FE840006FE04A8428A42767F64F40EA91E446B
:206520000644FF371E448A42DC02767F64F40EA907441E440644FF371E448A42DC04767F9B
:2065300064F40EA907441E440644FE840006FE04A8428A42DC09767F65080EA91E4406445B
:20654000FF3F1E440644FE840006FE069643A8422B44FFC096432B442B466F0B8A42767FE0
:2065500064F49645020256010042924572440A469243544666F4184400FF9244ED039A01F9
:206560006F029A00FE860006FE387D47A8461E442B772B778A46DC01767F64F496758A4623
:20657000DC03767F65080EA91E4A064A07441E4C2B766F0F5C760646DC090DA48AA9767FAB
:20658000650858775CADDCB40A7796940876000456030175547666EF8F3F4000A8A90F4C51
:206590006920761F0220060C0F4C671B92758F0088105DADFFC0A842DDB40EA98A4C767FC8
:2065A000FEBB92755DAD8A4CFFC0DDB4767F64B296785200EC08064C761F02201E0C6F03E7
:2065B00056BF01789278FEB80006761F01C156BF071056BF03112B1256BF481356BF0314F2
:2065C00056BF2311761F01DD56BF071056BF03112B1256BF481356BF031456BF2311000682
:2065D000761F01C156BF071056BF03112B1256BF911356BF031456BF2311761F01DD56BF0C
:2065E000071056BF03112B1256BF911356BF031456BF23110006761F01C156BF071056BF52
:2065F000031156BF021256BF491356BF031456BF2311761F01DD56BF071056BF031156BF8B
:20660000021256BF491356BF031456BF23110006FE029641761F01C04311EF0676221A1141
:206610000010761A7625CC110180FFC6EC0576221811FE7F761A9221901F5441EC177622BB
:206620001A1100409241CD21FFE0901FCAA89621761A762256BF6829761A92119001520192
:20663000EDFD76221811FFBF761A7622CC11FE7F1AA901009611761AFE82FF6900067622DE
:20664000761F01C056BF6829761A3B1076221A1C000876FD7C80FF693E67761F01C0181C87
:20665000FFF7761A76221812BFFF1A1220001812FFFD1A1200011812FFFB1A120400181207
:20666000FEFF761A4311EF0676221A110010761A7625CC110180FFC6EC0576221811FE7FF4
:20667000761A9221901F5209EC1576221A110040CC21FFE050099621761A762256BF68290F
:20668000761A921190015201EDFD76221811FFBF761A76221A110180761A762256BF041B4A
:20669000CC10FFFC500296101A1C04001A1C08001A1C0004761AFF690006FE02767F663FD1
:2066A0007622761F01BE180DFFBF1A083000180DFF7F1A04C0001A08C000761AFF69767F69
:2066B00065D0767F66D48F0080008F7F6420A8428F3F6180767F67CF76229ABC28A8012022
:2066C000761F00341E04761A7622761F00348F008298A802761A761F022002001E0EFF69AE
:2066D00076408000FE820006FE027622761FFDA1922E761F002B9620761FFDA1922F761F64
:2066E000002B9621761FFDA19230761F002B9622761FFDA19231761F002B9623761FFDA1A9
:2066F0009232761F002B9624761FFDA19233761F002B9625761FFDA19234761F002B962664
:20670000761FFDA19235761F002B9627761A761FFDFF9238964192399641923A9641923B2E
:206710009641923C9641923D9641923E9641923F9641761F002B402FEE039A006F029A0A29
:20672000FE82FF690006FE0696415222690376256F005220683F76225603014128AB000186
:206730002BAA2DA908ACFFC1A9A9563BFF5A02011E4692419CF0FF802DA90646563B1E4692
:206740009246CAAB96469345CBAA97450646FF551E441E46761F01BE0644C016C117924162
:2067500028AB00012BAA9CE02DA9A9A9563BFF5A92AB93AACA0A27A9CB0B2FA8A91A8F00D5
:206760006FCEFF692D410201563B767FFEE7761A6F645210683376225603014128AB000131
:206770002BAA2DA908ACFFE1A9A9563BFF5A02011E4692419CF0FF802DA90646563B1E4632
:206780009246CAAB96469345CBAA97450646FF551E441E46761F01BE0644C008C1092D41A3
:206790000201563B980A990B8F006FC6FF690201563B767FFEE7761A6F3076225603014113
:2067A00028AB00012BAA9C012DA9A9A9563BFF5A02011E46560301412DA90646563B1E4668
:2067B0009246CAAB96469245CAAA96450646FF551E441E46761F01BE0644C006C1072D417A
:2067C0000201563B980A990B761A8F006FC6FF690201563B767FFEE7FE86FF690006FE04C1
:2067D000A044A842C44206440FA6690D8A429284A8428A48C4A4DE01C24896C4C4420644C7
:2067E0000FA666F5FE84000628AD0050FF69561F5616561A2940761F00002902761B7622D1
:2067F00028A9687628A8003F0901611B76FF687629046F0F9B0024A9DF016C04290424A896
:20680000DF011EA6F7A1248606A781A109011EA724A96303FF5C3B0459A9DF010009FFEC51
:20681000761A28A9FFFF28A8FFFF0901610E76FFFFFF6F06DF01C3BD1EA73E67C5BE24A9C0
:20682000DF0124A8FF5860F7767F6828767F684328ABFFFF28AAFFFF28A9FFFF28A8FFFF9B
:206830000FABED04BE00D4006F098AA928A9FFFF28A8FFFF88C409028AA992A6767F669D09
:20684000000677006F00B2BD761F022759A9C5023E67761F0227C50606A7EC0392A13E67B4
:20685000761F02270604EC031EA73E67767F68418BBE00063B108F3F3FFE1BC40225ED04CD
:2068600076FF3EFE7620007F6100761F0227A8000006761F0227A80200060006FFFFFFFF15
:0C687000FFFFFFFFFFFFFFFFFFFFFFFF28
:20687600FFFF880200000000FFFE8806000000000000FFFE8808000000000000FFFE880AD3
:20688600000000000000FFFE880C000000000000FFE0884000008000003E9FFF003EA00080
:20689600003EBFFF003EC000003EDFFF003EE000003EFFFF003E0000003F1FFF003F200078
:2068A600003F3FFF003F4000003F5FFF003F6000003F7FFF003FFFFE89C00000686D003F44
:2068B600FFFE89C20000686D003FFFFE89C4000000000000FFFE89C60000000000000000D0
:0268C6000000D0
:047F70004956454DDC
:207F80000000000000000000000000000000000000000000000000000000000000000000E1
:207F90000000000000000000000000000000000000000000000000000000000000000000D1
:207FA0000000000000000000000000000000000000000000000000000000000000000000C1
:207FB0000000000000000000000000000000000000000000000000000000000000000000B1
:207FC0000000000000000000000000000000000000000000000000000000000000000000A1
:207FD000000000000000000000000000000000000000000000000000000000000000000091
:207FE000000000000000000000000000000000000000000000000000000000000000000081
:0C7FF00000000000000000000000000085
:047FF600007F685A46
:107FF800FFFFFFFFFFFFFFFFFFFFFFFFFFFFFFFF89
:00000001FF
