:02000004003EBC
:20800000761F02A94F006D53761F02E947106D1A761F02A99300761F02A2FFD69200FFC57C
:20801000CEA840A96C05761F01BF4E006D11761F02A91800FFF8761F02EF180400802B05BE
:208020006F07761F02A9CC00FFF850039600761F02A9CC00000761105201610452036124C8
:208030006F2ACC000060FFC452026025CC00FFF8500296006F209300761F02A29200FFD662
:20804000FFC5CEA840A96C0B761F01BF4E006C07761F02A9CC00FFF850019600761F02A946
:208050001800FF9F6F081800FF9F6F05CC00FFF8500496000006761F02A992009007520447
:208060006050761F02E942106D087622761F01A11A180004761A6F1D7622761F01A11A17E8
:208070000004761AE801E118761F02A9E2C40105E2C40204E80EB850E70000407700E7005F
:2080800000107700E68E0000761F01A1E213000A761F02E943106D087622761F01A61A1861
:208090000004761A6F2A7622761F01A61A170004761AE801E118761F02A9E2C40105E2C496
:2080A0000204E80EB850E70000407700E70000107700E68E0000761F01A6E21300096F0D86
:2080B00093009A009107530260029A019003CD00FFE7FF82CAA89600FF690006E590761F52
:2080C00002A6E203000CE2030006761F02A4E203000CE2030006761F02A5E203001EE203E1
:2080D0000018761F02A4E2030030E203002A761F02A91801FFBF0006FE02761F02A9E203D7
:2080E0000008761F02A4E2AF0032761F02A9E2AF0108E6940001AD146205E2AF0008E8205C
:2080F0000000E2030008E2C401047700E70000087700E68E0000761F01A1E213000AFE82D1
:208100000006FE02761F02BFE2AF002C761F02A4E2AF0102E72000087700E2030004E2AF77
:208110000108E7000009E2AF000CE71000407700E2030006E2AF0004E2AF010AE7000009FF
:20812000E2AF000CE71000407700E203000CE2AF000EE2AF0106E6940001AD146205E2AF98
:208130000010E6960008E2030006E2AF010CE2AF000EE6940001AD146205E2AF0010E696B3
:208140000008E203000C761F02BFE2AF011E761F02A5E2AF0014E72000087700E2030016BE
:20815000E2AF011AE7000009E2AF031EE71000C87700E2030018E2AF0016E2AF011CE70052
:208160000009E2AF021EE71000887700E203001EE2AF0020E2AF0118E6940001AD1462054E
:20817000E2AF0022E6960008E2030018E2AF011EE2AF0020E6940001AD146205E2AF002204
:20818000E6960008E203001E761F02A6E2AF0102761F02BDE2AF0014E7200008761F02A642
:20819000E2030004E2AF010AE7000009E2AF030CE71000C87700E203000CE2AF000EE2AF63
:2081A000010CE6940001AD146205E2AF0010E6960008E203000CE2AF0108E2AF0004E700E3
:2081B0000008E2AF030CE71000C07700E2030006E2AF0106E2AF000EE6940001AD14620514
:2081C000E2AF0010E6960008E2030006761F02A993019201FFDDFFCECEA840A96C46761FD9
:2081D00002BDE2AF0014E2AF0116761F02A6E7100040E2AF0326E72000187700E2030028B2
:2081E000E2AF012EE7000009E2AF0230E71000887700E2030030E2AF0032E2AF0130E69402
:2081F0000001AD146205E2AF0034E6960008E2030030E2AF012CE2AF0028E7000008E2AFF1
:208200000330E71000C07700E203002AE2AF012AE2AF0032E6940001AD146205E2AF003407
:20821000E6960008E203002A761F02A49A01E2AF0006E5A0AD146418761F02A6E2AF0006B8
:20822000E5A0AD146305761F02E948106D0D761F02A6E2AF002AE5A0AD146305761F02E918
:208230004A106D029A00761F02A99001CD01FFBFFF85CAA89601761F02A4E2AF0006761F7A
:2082400002A5E2AF0118761F02A6E7100040E2AF0306E71000C0E2AF022AE7100080761F3F
:2082500002C7E2AF012CE6940008AD146504E2AF002C6F03E8200000761F02DB460C6D1E55
:20826000761F02A7920152046014761F02A3921F5201600FE590761F02A5E203001EE2031D
:208270000018761F02C7062E761F02A41E266F25761F02A4E20300266F20E590761F02A5AB
:20828000E203001EE2030018761F02A90626761F02A41E26761F02C7E2AF002C761F02A49D
:20829000E2AF0126E6940001AD146205E2AF0026E8200000E2030026761F02BFE2AF0022A0
:2082A000761F02A4E2AF0126E72000087700E2030028E2AF012CE7000009E2AF0330E710CF
:2082B00000C87700E203002AE2AF0028E2AF012EE7000009E2AF0230E71000887700E20359
:2082C0000030E2AF0032E2AF012AE6940001AD146205E2AF002AE8200000E203002AE2AFE9
:2082D0000130E2AF0032E6940001AD146205E2AF0034E6960008E2030030E2AF0102761F70
:2082E00002BFE801ECC8E2AF022CE7200051E80CCCD0E6940001AD146219761F02E9E2AFB1
:2082F000002C761F02BFE2AF012CE6940001AD146405761F02DB4E246D09E801FD88E80CCD
:20830000CCD0E6940001AD146408E590761F02A4E2030030E203002A761F01BF48016C1229
:20831000E590761F02A5E203001EE2030018761F02A4E203000CE2030006E2030030E2038B
:20832000002A761F02A4E2AF002A764080DCFE820006E590761F02A6E203001EE2030018D3
:20833000761F02A4E203001EE2030018761F02A5E2030030E203002AE203000CE2030006B6
:20834000761F02A91801FF7F0006FE02761F02A9E203000A761F02A5E2AF000E761F02A9F6
:20835000E2AF010AE6940001AD146205E2AF000AE8200000E203000AE2C401047700E70033
:2083600000087700E68E0000761F01A6E2130009FE820006FE02761F02A94B01FFED01DFF2
:20837000761F02BFE2AF002C761F02A4E2AF0114E72000087700E2030016E2AF011AE700E5
:208380000009E2AF031EE71000C87700E2030018E2AF0016E2AF011CE7000009E2AF021EF9
:20839000E71000887700E203001EE2AF0020E2AF0118E6940001AD146205E2AF0022E696A7
:2083A0000008E2030018E2AF011EE2AF0020E6940001AD146205E2AF0022E6960008E20398
:2083B000001E761F02BFE2AF0120761F02A5E2AF0026E72000087700E2030028E2AF012C43
:2083C000E7000009E2AF0330E71000C87700E203002AE2AF0028E2AF012EE7000009E2AFAA
:2083D0000230E71000887700E2030030E2AF0032E2AF012AE6940001AD146205E2AF003469
:2083E000E6960008E203002AE2AF0130E2AF0032E6940001AD146205E2AF0034E696000879
:2083F000E2030030761F02A6E2AF0114761F02BDE2AF0016E7200008761F02A6E203001633
:20840000E2AF011CE7000009E2AF031EE71000C87700E203001EE2AF0020E2AF011EE694F8
:208410000001AD146205E2AF0022E6960008E203001EE2AF011AE2AF0016E7000008E2AF16
:20842000031EE71000C07700E2030018E2AF0118E2AF0020E6940001AD146205E2AF00223F
:20843000E6960008E2030018761F02A49A01E2AF0018E5A0AD146418761F02A6E2AF001884
:20844000E5A0AD146305761F02E949106D0D761F02A6E2AF002AE5A0AD146305761F02E9F5
:208450004A106D029A00761F02A99001CD01FF7FFF86CAA89601761F02A4E2AF0018761F85
:2084600002A5E2AF012A761F02A6E7100040E2AF0318E71000C0E2AF022AE7100080761FF9
:2084700002C7E2AF012CE6940008AD146504E2AF002C6F03E8200000761F02DB460C6D1E33
:20848000761F02A7921552046014761F02A392295201600FE590761F02A5E2030030E203CB
:20849000002A761F02C7062E761F02A51E026F25761F02A5E20300026F20E590761F02A5BD
:2084A000E2030030E203002A761F02A90628761F02A51E02761F02C7E2AF002C761F02A577
:2084B000E2AF0102E6940001AD146205E2AF0002E8200000E2030002761F02BFE2AF0024E8
:2084C000761F02A5E2AF0102E72000087700E2030004E2AF0108E7000009E2AF030CE7103C
:2084D00000C87700E2030006E2AF0004E2AF010AE7000009E2AF020CE71000887700E203C7
:2084E000000CE2AF000EE2AF0106E6940001AD146205E2AF0006E8200000E2030006E2AF7B
:2084F000010CE2AF000EE6940001AD146205E2AF0010E6960008E203000C761F02A4E2AF3B
:208500000114E801ECC8761F02BFE2AF022CE7200051E80CCCD0E6940001AD146219761F60
:2085100002E9E2AF002C761F02BFE2AF012CE6940001AD146405761F02DB4E246D09E801A7
:20852000FD88E80CCCD0E6940001AD146408E590761F02A5E203000CE2030006761F01BF9C
:2085300048016C14E590761F02A5E2030030E203002A761F02A4E203001EE2030018761FBD
:2085400002A5E203000CE2030006761F02A5E2AF000676408345FFEF0097761F02A406265B
:20855000761F02A51E02761F02BFE2AF0024761F02A5E2AF0102E72000087700E203000465
:20856000E2AF0108E7000009E2AF030CE71000C87700E2030006E2AF0004E2AF010AE70098
:208570000009E2AF020CE71000887700E203000CE2AF000EE2AF0106E6940001AD14620582
:20858000E2AF0010E6960008E2030006E2AF010CE2AF000EE6940001AD146205E2AF00104A
:20859000E6960008E203000C761F02A4E2AF0114E801ECC8761F02BFE2AF022CE72000516B
:2085A000E80CCCD0E6940001AD146219761F02E9E2AF002C761F02BFE2AF012CE6940001A8
:2085B000AD146405761F02DB4E246D09E801FD88E80CCCD0E6940001AD146408E590761F77
:2085C00002A5E203000CE2030006761F01BF48016C14E590761F02A5E2030030E203002A25
:2085D000761F02A4E203001EE2030018761F02A5E203000CE2030006761F02A5E2AF000665
:2085E00076408345FE820006761F02A99200900752046171CC000018FFC25201605B4901E9
:2085F0006D344E016C0E761F02A2920260030A026F117622761F01A11A170004761A6F0A38
:208600007622761F01A11A180004761A761F02A22B02761F02A94F016C0E761F02A2920387
:2086100060030A036F487622761F01A61A170004761A6F417622761F01A61A180004761A40
:20862000761F02A22B036F374B016C14761F02A2920460030A046F2F7622761F01A11A1783
:208630000004761A7622761F01A61A170004761A6F227622761F01A11A180004761A76223F
:20864000761F01A61A180004761A761F02A22B046F127622761F01A11A180004761A762202
:20865000761F01A61A180004761A761F02A22B022B032B04FF690006761F002C9202761FED
:2086600002BF9606761F002C9203761F02BF9607761F002C9204761F02BF9600761F002C50
:208670009205761F02BE9605761F002C9206761F02BF9601761F002C9207761F02BE9600D8
:20868000761F002C9208761F02BC9E1F761F02BF9603761F002C9209761F02BC9E1E761F80
:2086900002BF9602761F002C920A761F02BE9602761F002C920B761F02BE9601761F002C1C
:2086A000920C761F02BC9E20761F02BF08A9F8009604761F002C920D761F02BE9603761F8F
:2086B000002C920E761F02BC9E21761F02BF08A9F8009605761F002C920F761F02BE9604E1
:2086C0000006761F02BFE2C80006E2AF0118E70000087700E203002C761F02BDE2AF012C5B
:2086D000E7000008E2AF012EE7100040761F02BFE203002CE2C80000E2AF010AE700000808
:2086E0007700E203001E761F02BDE2AF0118E7000008E2AF011AE7100040761F02BFE203F5
:2086F000001EE2C80001E2AF010CE70000087700E2030020761F02BDE2AF0120E7000008A3
:20870000E2AF0122E7100040761F02BFE2030020E2C80002E2AF010EE70000087700E2037C
:208710000022761F02BDE2AF011CE7000008E2AF011EE7100040761F02BFE2030022E2C848
:208720000003E2AF0110E70000087700E2030024761F02BDE2AF0124E7000008E2AF012674
:20873000E7100040761F02BFE2030024E2C80004E2AF0112E70000087700E2030026E2C826
:208740000005E2AF0114E70000087700E2030028E2C80007E2AF011AE70000087700E20353
:20875000002E6F01E2AF0022E8200000E2030022E2AF0024E8200000E2030024E2AF011E33
:20876000761F02C1E2AF0014E71000407700E2030014E2AF0016761F02BFE2AF0120E710AF
:208770000040761F02C1E2030016761F02BFE2AF0122761F02C1E2AF0018E710004077009D
:20878000E2030018761F02BFE2AF0124761F02C1E2AF001AE71000407700E203001A761F8B
:2087900002BFE2AF0126761F02C1E2AF001CE71000407700E203001C761F02BFE2AF01288C
:2087A000761F02C1E2AF001EE71000407700E203001E761F02BFE2AF0122E2AF001E761FB3
:2087B00002C1E7000009E2AF0320E71000C87700E2030020761F02BFE2AF0020E2AF01244A
:2087C000761F02C1E7000009E2AF0222E71000887700E2030022761F02BFE2AF012C761FF6
:2087D00002C1E2AF0026E71000407700E2030026761F02BFE2AF012E761F02C1E2AF00282F
:2087E000E71000407700E2030028761F02C20A36761F02C19212761F02C254366639761F12
:2087F00002C106141E2C06161E2E06181E30061A1E32061C1E34061E1E3606201E3806226E
:208800001E3A06261E3E0628761F02C21E00E590761F02C1E2030014E2030016E203001815
:20881000E203001AE203001CE203001EE2030020E2030022E2030026E2030028761F02C2C8
:20882000923696372B36761F02BC1A01004000067640865C761F02BC41016C03764086C1F5
:208830000006767EDF20761F01BF1A02001076408828767E889C76408879761F02E30A3ABB
:20884000923A520368022B3A923A610B520161065202600B767E9E086F08767EA2326F052A
:20885000767EDA4E767EC82C761F02E00A2C761F01BF1A040010767EDF0400067622761FCA
:20886000002A1A000001CC06F0FF1AA903009606CC06FFF050039606CC07FFE0500596073C
:208870001A0401FF1A0501FF761AF6077700FF690006767EBEEB767EBF24767EBF68767EB6
:20888000BFA1761F02D606326109761F01BF1A0B0080761F02E91A10008000063B109A0258
:188890008F00B0BCFF69764088C42910FF690006190156C3FFFF00068D
:20889C00764080007640805B761F02A9CC000018FFC2520160204E016D0B764080BEE5900D
:2088AC00761F02A6E2030030E203002A6F0376408101761F02A94F016D0B76408329E590C2
:2088BC00761F02A6E2030030E203002A6F0F7640836A6F0C764080BE76408329E590761F3F
:2088CC0002A6E2030030E203002A764085E40006FE02761F02E9061C761F02A91E34E8017E
:2088DC00FD70E2AF0134E80B3330E6940001AD146506E801FD70E80B33306F07E801FB3016
:2088EC00E80B3330E6960008E2030034CC000018FFC25201604C761F02C7E801FC00E2AF01
:2088FC00011E767EDFB3761F02A9E2AF0134E2AF0232E7200051E84FC000E6950009E6949F
:20890C000001AD146531E2AF0034E2AF0132E6940001AD146415761F02C7E801FC00E2AFE1
:20891C00011E767EDFB3761F02A9E84FA000E2AF0132E72000087700E20300326F1E761FFC
:20892C0002C7E801FC00E2AF011E767EDFB3761F02A9E84FA001E2AF0032E71000407700BE
:20893C00E20300326F0A06341E326F07761F02BF062C761F02A91E320632761F02A41E02E0
:20894C001E14FE820006E20304BDE20305BDFE02761F02A9CC000018FFC25201FFE000AA45
:20895C00CD011000CC010400FFDBFFC9CAA8FFE100894601FFED0086761F02A792015204EF
:20896C00600B761F02A3921F52036006E801F804E801FC056F09E801F264E80E666CE801A3
:20897C00F665E80E666D761F02C7E801FC00E2AF0122767EDFB3761F02A9E2AF011EE2AFB9
:20898C000222E7200051E7000028E6950009E6940001AD14643D761F02A792015204600652
:20899C00761F02A3921F52026133761F02A9E2AF001EE2AF0122E6940001AD146415761FFB
:2089AC0002C7E801FC00E2AF0122767EDFB3761F02A9E7000020E2AF0122E7200008770042
:2089BC00E20300226F19761F02C7E801FC00E2AF0122767EDFB3761F02A9E7000021E2AFB6
:2089CC000022E71000407700E20300226F05761F02A9061E1E22761F02E9E2AF002E761FC8
:2089DC0002A9E2AF0122E6940001AD146207E801F330E80B3330E6960008E20300226F1FFC
:2089EC00CD011000CC010400FFDBFFC9CAA8601749016C06761F02A3E2AF00086F05761F99
:2089FC0002C2E2AF0004761F02A9E20300226F07761F02C20604761F02A91E220622761FA5
:208A0C0002A51E14761F02A9CC000018FFC25201FFE000954D01FFEC00894701FFED008649
:208A1C00761F02A792155204600B761F02A3922952036006E801F804E801FC056F09E801B4
:208A2C00F264E80E666CE801F665E80E666D761F02C7E801FC00E2AF0122767EDFB3761FED
:208A3C0002A9E2AF0120E2AF0224E7200051E7000028E6950009E6940001AD14643D761FA9
:208A4C0002A7921552046006761F02A3922952026133761F02A9E2AF0020E2AF0124E69400
:208A5C000001AD146415761F02C7E801FC00E2AF0122767EDFB3761F02A9E7000020E2AF6A
:208A6C000124E72000087700E20300246F19761F02C7E801FC00E2AF0122767EDFB3761F9C
:208A7C0002A9E7000021E2AF0024E71000407700E20300246F05761F02A906201E24761F0A
:208A8C0002E9E2AF002E761F02A9E2AF0124E6940001AD146207E801F330E80B3330E696A7
:208A9C000008E20300246F104D016D0E761F02C20606761F02A91E246F07761F02C206069F
:208AAC00761F02A91E240624761F02A51E26FE82E2AF05BEE2AF04BE0006FE02761F02E9D1
:208ABC000636761F02AA1E0E761F02E90638761F02AA1E10761F02A9CC000018FFC252018C
:208ACC0060504E016C4E761F02AAE2AF010EE801D418761F02A6E2AF0202E7200051E80801
:208ADC009378E6950009E6940001AD14652F761F02AAE2AF000E761F02A6E2AF0102E694F0
:208AEC000001AD146505761F02DB460C6C1FE6940001AD14640CE801D018E8089378E72070
:208AFC000008761F02A6E20300026F0BE801D018E8089378E7100040761F02A6E20300028D
:208B0C00761F02E91810FEFF6F16761F02AA060E761F02A61E02761F02E91A1001006F0B48
:208B1C00761F02BD060E761F02A61E02761F02E91810FEFF761F02DB460C6C29761F02BF20
:208B2C00E2AF001EE5A0AD146122761F02A6E2AF0002761F02BFE2AF011E767EDFB3761FC0
:208B3C0002A9E2030026761F02C7E2AF002C761F02A9E2AF0126E6940001AD146205E2AF1C
:208B4C000026E8200000E20300266F06E590761F02A9E2030026CC000018FFC252016050F3
:208B5C004F016C4E761F02AAE2AF0110E801D418761F02A6E2AF0214E7200051E808937800
:208B6C00E6950009E6940001AD14652F761F02AAE2AF0010761F02A6E2AF0114E694000155
:208B7C00AD146505761F02DB460C6C1FE6940001AD14640CE801D018E8089378E7200008D8
:208B8C00761F02A6E20300146F0BE801D018E8089378E7100040761F02A6E2030014761F4B
:208B9C0002E91810FDFF6F16761F02AA0610761F02A61E14761F02E91A1002006F0B761FA4
:208BAC0002BD0612761F02A61E14761F02E91810FDFF761F02DB460C6C29761F02BFE2AF7F
:208BBC000020E5A0AD146122761F02A6E2AF0014761F02BFE2AF0120767EDFB3761F02A900
:208BCC00E2030028761F02C7E2AF002C761F02A9E2AF0128E6940001AD146205E2AF00280B
:208BDC00E8200000E20300286F06E590761F02A9E2030028CC000018FFC25201604C4E013A
:208BEC006C4A4F016C48761F02E9E2AF0134E801D418761F02A6E2AF0226E7200051E80856
:208BFC009378E6950009E6940001AD146529761F02E9E2AF0034761F02A6E2AF0126E6944C
:208C0C000001AD14621DE6940001AD14640BE801D018E8089378E72000087700E2030026FF
:208C1C006F0AE801D018E8089378E71000407700E2030026761F02E91810FBFF6F1C761F78
:208C2C0002E90634761F02A61E26761F02E91A1004006F11761F02BDE2AF000EE2AF0112BD
:208C3C00E7100040761F02A6E2030026761F02E91810FBFF761F01BF9201FE820006761FF4
:208C4C0002C20604761F02A31E04761F02C20606761F02A31E06761F02C2E2AF0004E2AF9C
:208C5C000106E71000407700E84FC000761F02A3E2030008761F02A949016D09761F02A3EB
:208C6C00E2AF0106E2AF0004E6960008761F02A3E203000A0006767E88D4767E894F767EF8
:208C7C008AB9767E8C4B0006FE02761F02A2920090036020761F02E9E2AF0030761F02C24C
:208C8C00E8900000E2AF011CE6940001AD14640D761F02A2920752FA6806CC00FFFC500151
:208C9C0096006F060A076F04761F02A22B072B086F1B761F02E9E2AF0030761F02C2E2AFD6
:208CAC00011CE6940001AD14630B761F02A29208523268041800FFFC6F060A086F04761F7C
:208CBC0002A22B082B079200900C6020761F02E9E2AF0032761F02C2E8900000E2AF011E1D
:208CCC00E6940001AD14640D761F02A2920952FA6806CC00FFF3500496006F060A096F04AA
:208CDC00761F02A22B092B0A6F1B761F02E9E2AF0032761F02C2E2AF011EE6940001AD14C4
:208CEC00630B761F02A2920A523268041800FFF36F060A0A6F04761F02A22B0A2B09761FF8
:208CFC0002A949016D15761F02A29A019300910353016107CD00000CFFD1530161029A0030
:208D0C009001CD00FFBFFF85CAA896006F15761F02A29A019300910353016007CD00000C8C
:208D1C00FFD1530160029A00F001CD00FFBF9001FF85CAA8960093009A0091035301610206
:208D2C009A01761F02D69001CD30FFFECAA89630761F02A29A00CD00000CFFD15301610229
:208D3C009A01761F02D69001CD30FFFDFF80CAA89630FE8200060006761F02A7920052011F
:208D4C006106761F02A3921D52016077761F02A79200520161089B069A0CE801F090E80A5F
:208D5C0048D86F079B159A28E801EA60E80E6668761F02A20A0555056768761F02A94A01FC
:208D6C006D1C761F02A2E2AF0124761F02BDE2AF020EE7100089761F02A2E2030124E2AF26
:208D7C000128761F02C2E2AF0204E7100089761F02A2E20301286F1E761F02BDE2AF010E76
:208D8C00E2AF0212761F02A2E7100052E2AF0324E71000D17700E2030124E2AF0128761F50
:208D9C0002A3E2AF0208E7100089761F02A2E20301285405672AE2AF0124E7000041761F53
:208DAC0002A3E203010C761F02A2E2AF0128E7000040761F02A3E2030014761F02A72B005A
:208DBC00761F02A32B1D761F02A2E590E2030024E20300282B056F09E590761F02A2E20316
:208DCC000024E20300282B05761F02A7921452016106761F02A3922752016053761F02A751
:208DDC009214520161089B069A0CE801F090E80A48D86F079B159A28E801EA60E80E666874
:208DEC00761F02A20A0655066744E2AF0126761F02BDE2AF0212E7100089761F02A2E203C9
:208DFC000126E2AF012A761F02C2E2AF0206E7100089761F02A2E203012A5406672AE2AF3D
:208E0C000126E7000041761F02A3E203010E761F02A2E2AF012AE7000040761F02A3E2038E
:208E1C000016761F02A72B14761F02A32B27761F02A2E590E2030026E203002A2B066F09A6
:208E2C00E590761F02A2E2030026E203002A2B060006E20304BDE20305BDE20306BDFE0232
:208E3C00761F02A9CC000700FFC75204620F5204FFE101975200FFE1027F5201FFE102655B
:208E4C005202FFE10208FFEF01E75205FFE1016A5206FFE1010F761F02EBCC1E0700FFC7CF
:208E5C005202FFE00102CC1E3800FFCA5202FFE000FC761F02A9E2AF003A761F02AAE2AFC9
:208E6C000104761F02A9E320413A767EDFB3761F02A2E203003E761F02AAE2AF0106761FD3
:208E7C0002A9E2AF003CE320413C767EDFB3761F02A3E2030000761F02AAE2AF0108761FC9
:208E8C0002A9E2AF003EE320413E767EDFB3761F02A3E2030002761F02A9E2AF063CE2AF7F
:208E9C00013AE2AF003EE320423AE7200191E68C00007700E68C000DBFA60F1292A6BFA609
:208EAC000F263B0185A9FF5693A688A985A8FF5693A992A654A86552761F02A2E2AF033E94
:208EBC00E8023140E8023142761F02A3E2AF0402E2AF0102E80E0000761F02A2E80E000252
:208ECC00E327263EE8510589E85105A4E7000183E7000110E7200059767EDFB3761F02AAE5
:208EDC00E203000C761F02A3E8023140E8023141E2AF0302E2AF0202761F02AAE851059D4D
:208EEC00E80E0000E80E0001E8510592E2AF030CE2AF040CE89105A4E304D60CE700017520
:208EFC00E7000103E7000148E7200099767EDFB3761F02AAE203000A6F4F761F02A3E2AF5C
:208F0C000300E80230F8761F02A2E8023141E2AF043EE2AF023EE851059B761F02A3E80BF1
:208F1C000000E80E0001E2AF0500E85105A4E72000ADE3271E00E85105ADE7000182E700AE
:208F2C000148E7200099767EDFB3761F02AAE203000AE8023140E8025629E2AF020A761F90
:208F3C0002A3E80E0000E80E0801E8910593E2AF0400761F02AAE3071E0AE85105B2E306A9
:208F4C001D0AE7000148E7200099767EDFB3761F02AAE203000C761F02A256BF0111761F61
:208F5C0002A91800F8FF761F02A22B12FFEF0187761F02A2921352196836E2C40113E2AF1D
:208F6C000036767EDFB3761F02A9E203003E761F02A2E2C40113E2AF003C767EDFB3761FEB
:208F7C0002AAE2030008E590761F02A2E2030036E203003C2B13761F01BF1A0400041A0D76
:208F8C000100761F02EBCC1EF8FF1AA90100961ECC1EC7FF1AA90800961E761F02A91A0060
:208F9C0007006F1A0A13E2AF0036761F02C2E2AF0130E7100040761F02A2E2030036E2AF0A
:208FAC00003C761F02C2E2AF012EE7100040761F02A2E203003C761F02A22B12FFEF012F2B
:208FBC00761F02EBCC1E0700FFC75202FFE00127CC1E3800FFCA5204FFE00121761F02A286
:208FCC000A1292125264FFE8011A2B12761F02A9CC00F8FF1AA906009600FFEF0110761FDA
:208FDC0002A2921352196839E2C40113E2AF0034767EDFB3761F02A9E203003C761F02A281
:208FEC00E2C40113E2AF003A767EDFB3761F02AAE2030006E590761F02A2E2030034E20382
:208FFC00003A2B13761F01BF1A0400041A0B0100761F02EBCC1EF8FF1AA90100961ECC1E7B
:20900C00C7FF1AA91800961E761F02A9CC00F8FF1AA9050096006F1A0A13E2AF0034761F8E
:20901C0002C2E2AF0130E7100040761F02A2E2030034E2AF003A761F02C2E2AF012EE7104A
:20902C000040761F02A2E203003A761F02A22B12FFEF00B5761F02EBCC1E0700FFC75204E4
:20903C00FFE000ADCC1E3800FFCA5202FFE000A7761F02A20A1292125264FFE800A02B1250
:20904C00761F02A9CC00F8FF1AA904009600FFEF0096761F02A2921352196839E2C401137C
:20905C00E2AF0032767EDFB3761F02A9E203003A761F02A2E2C40113E2AF0038767EDFB30A
:20906C00761F02AAE2030004761F02A22B13E590E2030032E2030038761F01BF1A02000425
:20907C001A0D0100761F02EBCC1EF8FF1AA90300961ECC1EC7FF1AA90800961E761F02A960
:20908C00CC00F8FF1AA9030096006F1A0A13E2AF0032761F02C2E2AF0130E7100040761F55
:20909C0002A2E2030032E2AF0038761F02C2E2AF012EE7100040761F02A2E2030038761FF5
:2090AC0002A22B126F3B761F02EBCC1E0700FFC75202600DCC1E3800FFCA52026008761FE3
:2090BC0002A9CC00F8FF1AA902009600761F02A22B126F24761F02A22B11761F01BF1A04DA
:2090CC0000041A0D0100761F02EBCC1EF8FF1AA90100961ECC1EC7FF1AA90800961E761FB9
:2090DC0002A9CC00F8FF1AA901009600E590761F02AAE203000AE203000C761F02A292113A
:2090EC005201602F761F02E9E2C4003A761F02AAE2AF010AE6940001AD146418761F02E90D
:2090FC00E2C4003A761F02AAE2AF010CE6940001AD14640C761F02A9CC00FF9F5040960019
:20910C00761F02D61832FEFF6F09761F02A91A000060761F02D61A320100761F02A22B112E
:20911C00FE82E2AF06BEE2AF05BEE2AF04BE0006761F01BF1A0400041A0D0100E590761F08
:20912C0002A9E203003AE203003CE203003E761F02AAE2030000E2030002E2030004E2033A
:20913C000006E20300080006761F02A9920090075201602992009060611ECC000060FFC4E5
:20914C0052016021920090075202610A761F02DB4C246D064A246C04767E8E356F14761F45
:20915C0002A9CC00FF9F504096001800F8FF767E91246F09CC00FF9F502096001800F8FF09
:20916C00767E91240006761F02E992125255601944106D06761F01BF1A0400046F05761FA9
:20917C0001BF1A020004761F02E945106D06761F01BF1A0D01006F05761F01BF1A0B01003F
:20918C000006FE02761F02A940016D1C761F02C2E801FD18E2AF0104E8099998E694000129
:20919C00AD14650B761F02A90A0D920D526469081A0100012B0D6F04761F02A92B0D2B0FEC
:2091AC006F1940016C17761F02C2E2AF0004E811FC00AD14630B761F02A90A0F1B0F01F4CD
:2091BC0069081801FFFE2B0F6F04761F02A92B0F2B0DFE820006FE02761F02A941016D2414
:2091CC00761F02C2E801FD18E2AF0106E8099998E6940001AD14650F761F02A90A0E920ECA
:2091DC00526469101A01000218017FFF1801DFFF2B0E6F08761F02A91A0180001A012000D3
:2091EC002B0E2B106F1D41016C1B761F02C2E2AF0006E811FC00AD14630F761F02A90A1028
:2091FC001B1001F4690C1801FFFD1A0180001A0120002B106F04761F02A92B102B0EFE82F1
:20920C000006761F02A9CC000018FFC252016066761F02A29200900352016005920D600326
:20921C00767E918D761F02A2CC00000CFFC152016005920E6003767E91C7761F02A9930174
:20922C00CC0100029101FFC0CAA89001CD01FFEFFF83CAA8960149016D2D40016D0E761F83
:20923C0002A29200900352016008761F02A91A0140001A0110006F07761F02A91801BFFF3B
:20924C001801EFFF41016D0F761F02A2CC00000CFFC152016008761F02A91A0180001A01BB
:20925C0020006F2E761F02A918017FFF1801DFFF6F2744016D0C761F02A246006C08761F8B
:20926C0002A91A0108001A0104006F1A761F02A91801F7FF1801FBFF6F131801FFFE180159
:20927C00FFFD1801FFEF1801BFFF1801EFFF18017FFF1801DFFF1801F7FF1801FBFF4201FE
:20928C006C0740016D05761F02A256BF010D761F02A2920D52016008930F0A0F1BA81770A8
:20929C0069042B0D6F022B0F761F02A943016C0741016D05761F02A256BF010E761F02A221
:2092AC00920E5201600893100A101BA8177069042B0E6F022B10761F02A99201CD01FFFB53
:2092BC009001FF81CAA89601FFC0CD01FFF79001FF82CAA896010006767E8C80767E8D480B
:2092CC00767E9140767E916F767E920D00060006FE02761F02DB430C6D172BC592CC520441
:2092DC00602792DD5202600AD008E2AF0095E5A0AD14610456BF01D56F1BE590E20300F551
:2092EC002BDD2BCC6F1592CC520461120AC51BC50708680E2BC5E590E20300E5E20300F57B
:2092FC00D008E20300952BD52BDD56BF04CCFE820006B2BDAABDA2BDE20304BDFE0282A48C
:20930C008BA5864E92CBFFE1025592CB5202FFE101F292CB5203FFE101C592CB5201FFE13D
:20931C0000B792CB5204FFE000AF92D9FFE100A692D95201616A92D95202610992D95203D6
:20932C00FFE0023E2BCB2BD9FFEF023A761F02A9E2AF00F1E2AF011AE6940001AD146506C9
:20933C00061A1EF1D00806C21E91E801F260E2AF01F1E80E6668E6940001AD14630C761FD1
:20934C0002C7E801FC00E2AF0122767EDFB3E85030006F0B761F02C7E801FC00E2AF012240
:20935C00767EDFB3E8502000E2AF01C2E72000087700E20300C2761F02A2E2AF0030761F03
:20936C0002A9E2AF0108E6940001AD14630DE801F330E2AF01C2E80B3330E6940001AD14FE
:20937C00650392D1610E92D161052BD1E590E20300F1D00806911EC256BF03D9FFEF01E078
:20938C0056BF01C9FFEF01DC761F02C7E801FC00E2AF0122767EDFB3761F02A9E850E580BD
:20939C00E2AF011CE6940001AD146306E801FA60E80E66686F05E801F998E8099998761FB2
:2093AC0002A2E2030030761F02C7E801FC00E2AF0122767EDFB3761F02A9E8503000E2AF32
:2093BC00011CE72000087700E20300C256BF01C956BF02D9FFEF01A456BF01C956BF01D917
:2093CC00FFEF019E2BCB2BD9FFEF019A761F02A9D00E061A1E9392D3FFE00083D00AD10C04
:2093DC00E2AF0093D00AE2AF039BE2AF0193D00EE3120293E71000997700E6940001AD1474
:2093EC006238D00ED10AE2AF0093D00CE2AF039BE2AF0193D00AE3120293E7100099D010E6
:2093FC00E7200009E2AF0493E6940021AD14651ED00CD10EE801EE60E2AF0193E2AF029BF5
:20940C00E7200051E80E6668E6950009E6940001AD14630CD012E2AF01C2E2AF0093E72094
:20941C0000087700E20300C26F7856BF01D36F75D00AD10CE2AF0093D00AE2AF039BE2AFE1
:20942C000193D00EE3120293E7100099D010E7200009E2AF0493E6940021AD14651ED00CC1
:20943C00D10EE801EE60E2AF0193E2AF029BE7200051E80E6668E6950009E6940001AD14CB
:20944C00630CD012E2AF00C2E2AF0193E71000407700E20300C26F4156BF01D36F3ED010BC
:20945C00761F02A2E2AF0093E2AF012CE2AF022EE8502800E72000517700E6940001AD14A9
:20946C006221D010E2AF012EE2AF022CE2AF0093E8502800E72000517700E6940001AD146F
:20947C006206761F02A9061C1EC26F16D012E2AF01C2E2AF0093E72000087700E20300C21A
:20948C006F0BD012E2AF00C2E2AF0193E71000407700E20300C22BD3761F02C7E801FC0056
:20949C00E2AF0122767EDFB3761F02A9E2AF02C2E2AF011CE7200051E8506800E6950009B7
:2094AC00E6940001AD14630CD00CE2AF0093E5A0AD14650656BF01C356BF02CB6F022BCB22
:2094BC00761F02E9E2AF01C2E2AF002EE6940001AD146209E801F330E2AF01C2E80B3330A0
:2094CC00E6960008E20300C2D00AE590E2030093D00CE2030093D00EE2030093FFEF009066
:2094DC00761F02A9D00A061A1E9392D36010061A761F02A21E2CD012E2AF00C2E2AF0193B3
:2094EC00E71000407700E20300C26F0F061A761F02A21E2ED012E2AF01C2E2AF0093E72087
:2094FC0000087700E20300C256BF01C356BF01CB6F66761F02A9D00C061A1E93E801F26073
:20950C00D00CE2AF0193E80E6668E6940001AD146420E801D688D010E80DB8B8E2030093B6
:20951C00761F02C7E2AF0122E801FC00767EDFB3761F02C7E6CF0004E801FC00E2AF012202
:20952C00767EDFB3E7100100D012E20300936F15E801D288D010E80DB8B8E2030093761F2E
:20953C0002C7E2AF0122E801FC00767EDFB3E8502000D012E203009392D3600CD012E2AF31
:20954C0001C2E2AF0093E72000087700E20300C26F0BD012E2AF00C2E2AF0193E7100040E0
:20955C007700E20300C256BF01C356BF03CB6F07E20300C256BF01C356BF02CBFE82E2AF2C
:20956C0004BE82BE86BE8BBE0006B2BDFE02761F02A792015204600A761F02A3921F52030A
:20957C0060039A286F049A036F029A0A761F02A793155304600A761F02A39329530360032F
:20958C00D1286F04D1036F02D10A761F02A20A0B540B66512B0B761F02A946016D45CD0192
:20959C001000CC010400FFDBFFC9CAA8600E761F02A72B01761F02A32B1F761F02C20604FB
:2095AC00761F02A91E1E6F37761F02A3060C761F02A91E1A761F02A30614761F02A91E1CEB
:2095BC008F00AA5EA8428F40A8DC8F00A9C0767E92D4761F02C7E801FC00E2AF0122767E7E
:2095CC00DFB3761F02C28F00AA5EE8502000A8428F40A8DCE2AF01048F00A9C0E7200008CB
:2095DC00767E93056F08761F02A72B01761F02A32B1F2B1C761F02A292A10A0C540C664BA4
:2095EC002B0C761F02A947016D3F4D016D0E761F02A72B15761F02A32B29761F02C20606BA
:2095FC00761F02A91E206F37761F02A3060E761F02A91E1A761F02A30616761F02A91E1C95
:20960C008F00AA60A8428F40A8E68F00A9D4767E92D4761F02C7E801FC00E2AF0122767E0D
:20961C00DFB3761F02C28F00AA60E8502000A8428F40A8E6E2AF01068F00A9D4E720000858
:20962C00767E93056F08761F02A72B15761F02A32B292B26FE828BBE0006761F02A9CD01E1
:20963C00FDFF761F02DBCC240100FFC7761F02A9FF88CAA896010006767E9571767E963956
:20964C0000060200761F02A91E007622761F01A11A180004761A7622761F01A61A180004F9
:20965C00761A761F02A92B052B06E590E2030008E203000A280405DCE801F4C8761F02A67D
:20966C00E80CCCD0E203002CE801C688E80DB8B8E203002EE590E2030032761F02C7E2AF13
:20967C00002C761F02A6E6AF0000E2030034E590E2030030E203002AE801F4C8E80CCCD0E9
:20968C00E2030008E801C688E80DB8B8E203000AE590E203000E761F02C7E2AF002C761F2E
:20969C0002A6E6AF0000E2030010E590E203000CE2030006761F02A4E8020700E203000812
:2096AC00E801CA88E80DB8B8E203000AE590E203000E761F02C7E2AF002C761F02A4E6AFBC
:2096BC000000E2030010E590E203000CE2030006E801FA60761F02A5E80E6668E203001A06
:2096CC00E801D418E8089378E203001C761F02C7062C761F02A51E20E590E2030022E20342
:2096DC00001EE2030018E801ED18761F02A4E80EB850E203002CE801D620E80CDD30E20356
:2096EC00002EE801FAC8E80CCCD0E2030032E805FAC8E80CCCD0E2030034E590E2030030FC
:2096FC00E203002A761F02A606081E1A060A1E1C060E1E2006101E22E203001EE2030018CA
:20970C00761F02A406081E1A060A1E1C060E1E2006101E22E203001EE2030018761F02A58E
:20971C00061A1E2C061C1E2E06201E3206221E34E2030030E203002A761F02A4062C761F3F
:20972C0002A51E08761F02A4062E761F02A51E0A761F02A40632761F02A51E0E761F02A467
:20973C000634761F02A51E10E203000CE2030006761F02A91801FFFE1801FFFD1801FFEF1B
:20974C00FF6900060006000600069A0000069A6300069A6200069A6100069A6000069A5FDE
:20975C0000069A5E00069A5D00069A5C00069A5B00069A5A0006761F02BF920700069A5913
:20976C0000069A5800069A5700069A5600069A5500069A5400069A5300069A5200069A5139
:20977C0000069A500006761F02BF92010006761F02A6E2AF002A761F02C7E2AF0118E70001
:20978C0000087700E68C000077007700BFA90F120006761F02A6E2AF0006761F02C7E2AF8C
:20979C000118E70000087700E68C000077007700BFA90F120006761F02A6E2AF0002761FDA
:2097AC0002C7E2AF0118E70000087700E68C000077007700BFA90F1200069A4C0006761F54
:2097BC0001A692090006761F02A5E2AF0006761F02C7E2AF0126E70000087700E850B2000C
:2097CC007700E68C000077007700BFA90F120006761F02A5E2AF000C761F02C7E2AF012628
:2097DC00E70000087700E850B2007700E68C000077007700BFA90F120006761F02A5E2AFEA
:2097EC000004761F02C7E2AF0126E70000087700E850B2007700E68C000077007700BFA9B4
:2097FC000F120006761F02A5E2AF0002761F02C7E2AF0126E70000087700E850B20077007A
:20980C00E68C000077007700BFA90F120006761F02A5E2AF002A761F02C7E2AF0126E70059
:20981C0000087700E850B2007700E68C000077007700BFA90F120006761F02BF920000066F
:20982C00761F02A5E2AF0030761F02C7E2AF0126E70000087700E850B2007700E68C0000D0
:20983C0077007700BFA90F120006761F02A5E2AF0028761F02C7E2AF0122E7000008770022
:20984C00E85048007700E68C000077007700BFA90F120006761F02A5E2AF0026761F02C7C5
:20985C00E2AF0122E70000087700E85048007700E68C000077007700BFA90F120006761F57
:20986C0002A4E2AF0018761F02C7E2AF0126E70000087700E850B2007700E68C00007700C7
:20987C007700BFA90F120006761F02A4E2AF001E761F02C7E2AF0126E70000087700E85028
:20988C00B2007700E68C000077007700BFA90F120006761F02A4E2AF0016761F02C7E2AFD3
:20989C00011EE70000087700E85048007700E68C000077007700BFA90F120006761F02A406
:2098AC00E2AF0014761F02C7E2AF011EE70000087700E85048007700E68C0000770077002C
:2098BC00BFA90F120006761F01A1920A0006761F02A4E2AF002A761F02C7E2AF0126E70031
:2098CC0000087700E850B2007700E68C000077007700BFA90F120006761F02A4E2AF0030B1
:2098DC00761F02C7E2AF0126E70000087700E850B2007700E68C000077007700BFA90F12A6
:2098EC0000069A060006761F02A4E2AF0028761F02C7E2AF0126E70000087700E850B20056
:2098FC007700E68C000077007700BFA90F120006761F02A4E2AF0026761F02C7E2AF0126DE
:20990C00E70000087700E850B2007700E68C000077007700BFA90F120006761F02A5E2AFB8
:20991C000018761F02C7E2AF0126E70000087700E850B2007700E68C000077007700BFA96E
:20992C000F120006761F02A5E2AF001E761F02C7E2AF0126E70000087700E850B20077002C
:20993C00E68C000077007700BFA90F120006761F02A5E2AF0016761F02C7E2AF0122E70040
:20994C0000087700E85048007700E68C000077007700BFA90F120006761F02A5E2AF0014B5
:20995C00761F02C7E2AF0122E70000087700E85048007700E68C000077007700BFA90F1293
:20996C000006761F02A4E2AF0006761F02C7E2AF0126E70000087700E850B2007700E68CB4
:20997C00000077007700BFA90F120006761F02A4E2AF000C761F02C7E2AF0126E700000871
:20998C007700E850B2007700E68C000077007700BFA90F120006761F02A4E2AF0004761F8F
:20999C0002C7E2AF011EE70000087700E85048007700E68C000077007700BFA90F120006E6
:2099AC00761F02A4E2AF0002761F02C7E2AF011EE70000087700E85048007700E68C0000F0
:2099BC0077007700BFA90F1200069A0000069A3100069A300006761F02BFE2AF0028761F29
:2099CC0002C7E2AF0126E70000087700E850B2007700E68C000077007700BFA90F12000644
:2099DC00761F02BFE2AF0026761F02C7E2AF0126E70000087700E850B2007700E68C00000F
:2099EC0077007700BFA90F1200069A2D0006761F02BFE2AF0024761F02C7E2AF0126E70009
:2099FC0000087700E850B2007700E68C000077007700BFA90F120006761F02BFE2AF002273
:209A0C00761F02C7E2AF0126E70000087700E850B2007700E68C000077007700BFA90F1274
:209A1C000006761F02BFE2AF002C761F02C7E2AF011EE70000087700E85048007700E68C34
:209A2C00000077007700BFA90F1200069A290006761F02BFE2AF002C761F02C7E2AF011EB3
:209A3C00E70000087700E85048007700E68C000077007700BFA90F1200069A040006761F85
:209A4C0002BFE2AF002E761F02C7E2AF012AE70000087700E85048007700E68C000077001A
:209A5C007700BFA90F120006761F02BFE2AF0020761F02C7E2AF0122E70000087700E8502D
:209A6C0048007700E68C000077007700BFA90F120006761F02BFE2AF001E761F02C7E2AF38
:209A7C000122E70000087700E85048007700E68C000077007700BFA90F1200069A24000697
:209A8C009A2300069A2200069A2100069A2000069A1F00069A1E00069A0300069A1D0006D7
:209A9C00761F02C2E2AF002EE85048007700E68C000077007700BFA90F120006761F02C253
:209AAC00E2AF0026E850B2007700E68C000077007700BFA90F120006761F02C2E2AF002485
:209ABC00E850B2007700E68C000077007700BFA90F120006761F02C2E2AF0022E850B20044
:209ACC007700E68C000077007700BFA90F120006761F02C2E2AF0020E850B2007700E68C37
:209ADC00000077007700BFA90F120006761F02C2E2AF001EE85048007700E68C0000770005
:209AEC007700BFA90F120006761F02C2E2AF001CE85048007700E68C000077007700BFA98F
:209AFC000F1200069A1500069A1400069A0200069A1300069A120006761F02BF92050006C0
:209B0C00761F02BF920400069A000006761F02BF92030006761F02BF920200069A0C00061A
:209B1C009A000006761F02BF920600069A010006761F02EE8802DEB092025234635F761FE6
:209B2C0002AA922D5201605892269617761F028056BF0100761F02AA9217761F0280960179
:209B3C00761F02AA92179C010EA983A99220520160322D1733202DA612AB9C032FA9BE00AC
:209B4C0092A6541767233B0127A692AA8F00A000D00272ABA8A981AB1EA792A672A0A8A98C
:209B5C0081A08AA927C73FC480A692AA72A78F00A000A8A981A78AA9A0A9562100C407AC17
:209B6C0083A9DE0192A6541768E0932E530267052B206F0356BF012058178F00A000D802F6
:209B7C007D940817000356BF012B56BF012C0B2E60082B2D6F062B2C6F04761F02AA2B2C43
:209B8C000006AABDFE042BABD0006F088F00BB8092948F00A0009694D801761F02AA921424
:209B9C009CFF54A066F456BF012A92149CFF96172B2056BF012C2B2D761F02EE2D02350ABA
:209BAC0094032DA9350A940408A9EB3080A92D06350A94072DA9350A940808A9EB3088A9A5
:209BBC002D0A350A940B08A9FDF096442D0D350A940E08A9FDF096432D10350A941108A998
:209BCC00FDF096422D13350A941408A9FDF096412D16350A941708A9FDF05AA95D19DDB047
:209BDC002F1B2D1D350A941E2DA9350A941F2DA9350A94202DA9350A08A9F180942108A9B6
:209BEC00EB302DA9D00093A0530467165CADDC845CA49394536467515CADDC845CA49A008F
:209BFC009394530061029A0193AB95A927A8D80193A0530468EC93AB61405301690728A95B
:209C0C00063D0EA9F60F1FAB6F0328A9063D54A768341BA60180663193A55304662E93A221
:209C1C005364672B1BAC80006728761F02AA2B277F267E217E22D00093A05304670C5CADBC
:209C2C00DC845CA492948F00BB799694D80193A0530468F6761F02AA7A257D2393AA532BA9
:209C3C0060039A016F07532D600428A9FFFF6F029A01962921283F2EFE8486BE0006B2BD25
:209C4C00AABDA2BD761F02AA922A520261049A00FFEF009692235201614652026130520375
:209C5C00611A520461049A00FFEF008A29018F3EF3BA56030125560100A4C5C43E67761FBF
:209C6C0002AA3B012D2985A933280FAB602E56BF01246F2B29018F3EF3BA5603012556017B
:209C7C0000A4C5C43E67761F02AA3B012D2985A933280FAB651A56BF01246F1729018F3EAA
:209C8C00F3BA56030125560100A4C5C43E67761F02AA3B012D2985A933280FAB630656BFCF
:209C9C0001246F0356BF0124922460039A006F47922261089CFF962261039A006F4092219E
:209CAC009622D200D10092A1520467268F00BB79889C92A6611D92A261082DA2761F02AADD
:209CBC0012269C035BA96F02D30229018F3EF3BA560301A6560100A4C5C43E67761F02AA59
:209CCC00582793A373A08F00A0009694DA01D90192A1520468DC761F02AA0A27882780A68E
:209CDC000E260FA7600B922696172B272B232B242B2A56BF012D9A016F029A0082BE86BEFD
:209CEC008BBE0006761F02AA921B5203620D520361635200FFE100D45201FFE100DB5202D6
:209CFC00617AFFEF0101520461475205FFE000FC761F01C147146C28761F02AA92175416B3
:209D0C00692358168F00A0009294932B5301611453026108761F01C19619761F02AA0A163C
:209D1C006F1390FF761F01C19619761F02AA56BF012B0A166F09FFA7761F01C19619761FB5
:209D2C0002AA56BF022B761F02AA92175416FFE600CB761F01C14614FFEC00C6761F02AA82
:209D3C002B2B2B162B1B922A5201FFE000BD56BF022AFFEF00B9761F01C11A110002761F7E
:209D4C0002AA0A19921D5419FFE700AE2B1956BF051BFFEF00A9921CFFE000A60E12761F80
:209D5C0002EE88000FA66110761F02AA922C52016106520060062B182B1B6F0356BF041BA9
:209D6C002B14FFEF0091761F02AA2B1456BF041BFFEF008A0E12761F02EE88000FA6612684
:209D7C0092005251601D761F02AA9214524069032B182B1458148F00BB80D8819294520D9A
:209D8C00610556BF01182B1B6F6E2B1856BF031B56BF011C761F01C11811FFFE6F64761F73
:209D9C0002AA2B142B182B1B6F5E761F02AA92145206600E761F02EE920152106005560381
:209DAC0001059C096F029A08761F02AA96159214524069032B182B1488140E150FA66105ED
:209DBC0056BF01182B1B6F3F2B1856BF031B56BF011C761F01C11811FFFE6F358F00AD0060
:209DCC0092E46131761F01C11A1100011811FFFD761F01C146156D1745156D0747156D05F5
:209DDC00761F02AA2B1B6F1F761F02AA2B142B1A2B192B182B1B761F01C156BF031156BF2B
:209DEC0023116F11761F02AA2B1A2B1958148F00BB80761F01C1C6179694761F02AA0A14E6
:209DFC0056BF021B0006761F02AA922A52026003767E9C4B00060006761F02DB4B246D0521
:209E0C00767E9CEE767E9DFF0006761F02AA401F6C03181FFFFE00060006761F02DB4B24F2
:209E1C006D03767E9E1100062BAC92AC520263343B01BE0092A6520363228F3EF50C3106FC
:209E2C00A8A907AB81A68AA992C45220611E8F3EF50C31068F40BB80A8A907AB81A68AA906
:209E3C00A0A981A683A992C554C46006DE0192A6520364E46F04761F02AA2B2C92AC9C01FB
:209E4C0052022DA964D76F0835068F3EF510560100A4C5C43E6700065200610C718458A82A
:209E5C0093A58F7EF0BA71958F7EF1BA5D959CFF60F6560308A8CAA50006B2BD27A888A969
:209E6C00761F02EE930153066003B6046F02B60759A66F1258A79B0195A080A88F00BB80D7
:209E7C005603089458A79B0195A0949480A88F00B80A969CD90193AB95A655A166EC761FFE
:209E8C0002E08F00AD00920A96E4B60058A79A01761F02EE94A080A98F00A0009300979463
:209E9C0058A79A0194A080A99301979458A79A0194A080A99302979458A79A0194A080A942
:209EAC009303979458A79A0194A080A99304979458A79A0194A0930580A99794D5FF9BFFF4
:209EBC00767E9E5888A9FFC758A79B0195A080A88F00A0009694CCA600FF58A79B0195A013
:209ECC0080A89694761F02AA7F178BBE000688A9B60058A79B01761F02EE95A080A88F000B
:209EDC00A0009200969458A79B0195A080A89A809401969458A79B0195A080A87E94D5FF5B
:209EEC009BFF92A7767E9E5888A9CDA600FF58A79A018F00A00094A080A9979493A6FFD796
:209EFC0058A79A0194A080A99794761F02AA7F170006B2BD58A927A8BE0059A69B01761F1A
:209F0C0002EE95A188A88F00A0009200969C59A69B0195A188A856BF039C59A69B0195A166
:209F1C0088A893AB9FA0560301A8969C92AB54A069188F00B80A809459A69A0193A794A124
:209F2C0088A98F00A000FFD7979C59A69A01CDA700FF94A188A9979CD80192AB54A066EAAC
:209F3C0092A6D5FF9BFF767E9E5880A993A7FFD758A69A0194A088A98F00A0009794CDA770
:209F4C0000FF58A69A0194A088A99794761F02AA7E178BBE0006B2BDD10058A1761F02EEEA
:209F5C009A01880094A059A98F00A0007E9456BF029C08A1000153A0663E2B9C08A10001E6
:209F6C00FFD3530A69029B0A55A0691C8F00BC22929490FF8F00A000969C189C00FF761F51
:209F7C0002800A02D9018F00BC229294FFC78F00A000969C189C00FFD9010A02D80155A03C
:209F8C0066E692A1D5FF9BFF767E9E5888A993A6FFD758A19A0194A059A98F00A00097947A
:209F9C00CDA600FF58A19A0194A059A99794761F02AA79178BBE00065CA927A8BE0058A68E
:209FAC009B01761F02EE95A088A88F40A0009200969558A69B0195A088A856BF049558A638
:209FBC009B0195A088A893AB9FA4560301A8969592AB54A4691B58A408A0EF008F40AAC051
:209FCC00809558A69A0193A794A088A98F40A000FFD7979558A69A01CDA700FF94A088A946
:209FDC009795DC0192AB54A466E792A68F00A000D5FF9BFF767E9E5880A993A7FFD758A6E4
:209FEC009A0194A088A98F00A0009794CDA700FF58A69A0194A088A99794761F02AA7E1789
:209FFC000006761F02EE0E00761F02AA88120FA66109761F02EE0E00761F02AA88130FA68E
:20A00C00607692148F00BB80D5FF9BFF9CFE767E9E5893A9FFD790FF88A9581480A88F0007
:20A01C00BB80D8820E940FA7605E581488A6D8810E940FA66058761F02EE560308029403F8
:20A02C0088A956030804940580A993A795A692015204613B52026130520361215206611439
:20A03C005210600E5320660893A75308660592A6767E9E696F3D9A03767E9ED36F399A012F
:20A04C00767E9ED36F3592A6522069059A03767E9ED36F2E9B01767E9E696F2A5320660823
:20A05C0092A75240660592A6767E9F056F219A03767E9ED36F1D53A069059A02767E9ED35E
:20A06C006F17767E9F576F1492A808A9EF001BA9020069059A03767E9ED36F0A92A6767E2C
:20A07C009FA86F069A04767E9ED36F022B170006761F02AA921B52036015921C5201601221
:20A08C000E12761F02EE88000FA66107767E9E20761F02AA2B1C6F06767E9FFD761F02AAEA
:20A09C002B1C0006761F02DB4B246D03767EA084000600060006761F02E940106D0B8F0005
:20A0AC00AD00761F02E092E4960A761F02E91A1000010006761F02DB4B246D61767EA0A7BF
:20A0BC00761F02E0CC0BFFFE600D761F02E90E14761F02E0880B0FA66105920B761F02E9E8
:20A0CC009614761F02E99214761F02E0960B920C761F02E996129212761F02E0960C921067
:20A0DC00526462059210761F02A99605761F02A99205761F02E09610761F02E9CD10FFFB7F
:20A0EC00761F02E09213FFA3761F02E99001FF81CAA89610CD10FFF7761F02E09213FFA45B
:20A0FC00761F02E99001FF82CAA89610CD10FFEF761F02E09213FFA5761F02E99001FF837C
:20A10C00CAA89610CD10FFDF761F02E09213FFA6761F02E99001FF84CAA8961000060006E7
:20A11C007622761F01C156BF071056BF031156BF03141814FFFE1814FFFD56BF011256BF25
:20A12C00231356BF2311281A8040281B204F2B1C181FFFEF1A1F0008761AFF690006761FA0
:20A13C0002AA56BF01122B1B2B1C2B182B1456BF08152B162817064056BF141D56BF081EA7
:20A14C0000069B00520061029B0192A80006761F02DB920B900F5201600E0A161B1603E816
:20A15C006903281603E80A181B1803E86906281803E86F032B162B18CC0B000F5204620FD1
:20A16C00520461335200FFE1009C520161535202FFE100B15203613FFFEF00B95205FFE15C
:20A17C0000A4520661065207FFE1009BFFEF00AF920F541D6914761F01DD4714FFEC00A700
:20A18C00761F02DB581D8F00B480761F01DD92949619761F02DB0A1DFFEF0099CC0BFFF0DB
:20A19C005007960BFFEF0093470BFFEC0090180BFF7F920F6005180BFFF0FFEF0088761F99
:20A1AC0001DD1A110002761F02DBCC0BFFF05005960B6F7C8F00B340767EE073761F02DB34
:20A1BC00460B6C74CC0BFFF05004960B180BFFBF6F6D761F01DD46156D1145156D03471568
:20A1CC006C2E56BF031156BF2311761F02DB180BFFF02B0E2B162B186F22761F02DB580EBD
:20A1DC008F00B340761F01DDC6179694761F02DB0A0E2B18761F02CD920052496110761F03
:20A1EC0002DB9217541666070E10761F02CD88000FA66105761F02DB2B162B0E761F02DB73
:20A1FC00920E61049217541868041B0E010A682E2B182B16CC0BFFF05002960B6F27761F8B
:20A20C0001DD46146C231A1100011811FFFD761F02DBCC0BFFF05001960B2B0E6F172B0FF7
:20A21C00180BFFF06F132B1DCC0BFFF05006960B6F0D761F01DD1811FFFE761F02DB180BDF
:20A22C00FF7FCC0BFFF05003960B0006761F02E9920652016903767EA1530006B2BD761F0B
:20A23C0002DB920E520368229CFE8F00B34028A8FFFF767EE2AF88A9761F02DB590E580EC7
:20A24C008F00B340D981D8825603089C949480A90EA6BE000FA76102BE0192A6CD0BFFEF26
:20A25C009001FF83CAA8960B6F03180BFFEF8BBE0006761F02DB0E10761F02CD88000FA6B9
:20A26C00605F761F02DB2B14767EA23A440B6D53761F02CD9201521261165215610F524147
:20A27C006108761F02DB56BF011456BF05156F0F761F02DB56BF04156F0A761F02DB56BF70
:20A28C0001156F05761F02DB56BF031592155205613B761F02CD560308029403761F02DB1F
:20A29C009612761F02CD560308049405761F02DB96139215520160049213521B660D9215F3
:20A2AC005203600492135215660792155204600892135201690556BF031456BF0515921593
:20A2BC005201601292135280690F56BF031456BF05156F0A56BF041456BF05156F05761F95
:20A2CC0002DB56BF06150006761F02DB8F00B340D5000E0E767EE2D8761F02DB2B0E00061B
:20A2DC0088A9761F02DB490B6D7952036208520361235200612D520261256F3B5204610AC8
:20A2EC00520560378F40B340A02656BF03222B216F308F40AABEA026761F02D22B022B03F6
:20A2FC002B0456BF010556BF0206761F02DB56BF072297216F1E8F40B340A0262B222B21C5
:20A30C006F188F40B340A0262B222B216F128F40B8D9A026761F02D22B022B032B0456BFDA
:20A31C00210556BF4206761F02DB56BF07229721761F02CD9200761F02D29600761F02CDDD
:20A32C009201761F02D2960192A6520561215203610F5200610852046011761F02DB56BF9F
:20A33C00011E6F0C761F02DB56BF211E6F07560301A4761F02DB9C07961E761F02DB931E41
:20A34C00538069039A806F02921E961F6F04761F02DB7C1F2B201A0B0200931F5305690657
:20A35C0028AB00059B05751F6F05271F2B1F56BF0120D40093AB55A46932761F02DB8021E2
:20A36C0006A707261EA793C7971E93A6CDA8FFFE611292A65204610F520361035202601B7F
:20A37C0058229B01C61E8F40B48095A0972296950A216F11931E58229A018F40B480FFD761
:20A38C0094A09622979558229B01C61E95A0972296950A21DC0193AB55A466D092A6520582
:20A39C00600B761F02D21A010080761F02DB9214761F02D29602761F02DB922061209222C0
:20A3AC008F00B48028A8FFFF767EE2AF761F02DB961E58229A018F00B480C71E94A09622AC
:20A3BC00979458229B01921EFFC795A0972296949222960F767EA2D01A0B00800006B2BDD9
:20A3CC00761F02DB92155203620C520361285200FFE100B0520161465202613EFFEF00B04A
:20A3DC00520461165205610B5206FFE000A91A0B00802B0F767EA2D0FFEF00A256BF010FF7
:20A3EC009A05D4039B00767EA2DCFFEF00999A045C139312767EA2DCFFEF0092D107881231
:20A3FC006F0F9A0194A158A98F00B3405603089C949458A68F00BC589694D902DE01761F31
:20A40C0002DB9213941254A666ED9A035C139312767EA2DC6F749A025C139312767EA2DC93
:20A41C006F6ED1078812761F02DB9213941254A66651761F02EF92156007761F02E32B37F3
:20A42C002B382B396F2D761F02DB960D761F02EF9216761F02DB580D8F00BC589694580D61
:20A43C00761F02EFD801921796949216761F02BD9634761F02EF9217761F02BD9635761F25
:20A44C0002DB920D761F02E39637761F02DB580D761F02E392949638D80192949639761F85
:20A45C0002DB480B6D0D761F02EF0E19761F02AA883E0FA66105761F02D61A320010761F09
:20A46C0002DB1A0B01009A005C139312767EA2DC6F169A0194A158A98F00B3405603089CD8
:20A47C00949458A68F00BBC09694D902DE016F9C56BF010F9210761F02D296008BBE00068C
:20A48C00FE02761F02EF92035264690356BF64039204761F02DB9624761F02EF9205761F83
:20A49C0002DB9625CC240080FFC6761F02E9963B761F02EF9218761F02DB960C9001CD24BC
:20A4AC00F7FFFF8ACAA89624761F02EFE2C400017700E84F4000761F02E9E2030020761FB0
:20A4BC0002C7E2AF011EE801FC00767EDFB3761F02E9E2AF0120E70000407700E203001CCB
:20A4CC008F00B80A92E46114761F02C7E801FC00E2AF011E767EDFB38F00B80AE2C801E4DB
:20A4DC007700E7000040761F02E9E203001C761F02EFE2C40008761F02E9E2030022761FF1
:20A4EC0002EFE2C40009761F02E9E2030024761F02C7E2AF0116E801FC00767EDFB3761F21
:20A4FC0002EFE2C8010A7700E7000040761F02E9E2030026761F02C7E801FC00E2AF011686
:20A50C00767EDFB3761F02EFE2C4010B7700E7000040761F02E9E2030028761F02EFE801D7
:20A51C00EE60E2C4010CE80E6668E7000040761F02E9E203002A761F02C7E801FC00E2AFD0
:20A52C00011E767EDFB3761F02E9E2AF012AE85044097700E70000407700E203002E761FEC
:20A53C0002C7E801FC00E2AF011E767EDFB3761F02E9E85101C0E2AF012EE6940001AD14A5
:20A54C00650C761F02C7E801FC00E2AF011E767EDFB3E85101C06F11761F02C7E801FC0048
:20A55C00E2AF011E767EDFB3761F02E9E850ED00E2AF012EE6960008761F02E9E203002E2D
:20A56C00761F02C7E801FC00E2AF011E767EDFB3761F02E9E8506801E2AF002EE71000403F
:20A57C007700E203002C761F02EF920D761F02E99615761F02EFE2C4000E761F02E9E20348
:20A58C000030E8022048E80C0000E2AF0130E6940001AD146506E8022048E80C00006F0516
:20A59C00E2AF0030E82215A0E2030030761F02EFE2C4000F761F02E9E2030032E8022048E6
:20A5AC00E2AF0132E80C0000E6940001AD146506E8022048E80C00006F05E2AF0032E822A9
:20A5BC0015A0E2030032761F02C7E801FC00E2AF0118767EDFB3761F02EFE2C80110770088
:20A5CC00E7000040761F02E9E20300348F00B80A92EC6114761F02C7E801FC00E2AF01187E
:20A5DC00767EDFB38F00B80AE2C801EC7700E7000040761F02E9E2030034761F02C7E2AFCB
:20A5EC00001CE2AF0118767EDFB3761F02E9E2AF0134E6940001AD14650A761F02C7E2AF23
:20A5FC00001CE2AF0118767EDFB36F05E2AF0034E8200000761F02E9E2030034761F02A2E0
:20A60C009200900352016006CC00000CFFC1520161659200900352016138CC00000CFFC1F6
:20A61C005201610AE590761F02E9E2030036E2030038FFEF009CE590761F02E9E203003699
:20A62C0006341E38761F02C7E2AF0118E2AF001A767EDFB3761F02E9E2AF0138E694000180
:20A63C00AD14650A761F02C7E2AF001AE2AF0118767EDFB36F05E2AF0038E8200000761FBB
:20A64C0002E9E20300386F72761F02E906341E36E590E2030038761F02C7E2AF0118E2AFCC
:20A65C00001A767EDFB3761F02E9E2AF0136E6940001AD14650A761F02C7E2AF001AE2AFB1
:20A66C000118767EDFB36F05E2AF0036E8200000761F02E9E20300366F49761F02E90634DF
:20A67C001E3606341E38761F02C7E2AF001AE2AF0118767EDFB3761F02E9E2AF0136E694DF
:20A68C000001AD14650A761F02C7E2AF001AE2AF0118767EDFB36F05E2AF0036E820000001
:20A69C00761F02E9E2030036761F02C7E2AF0118E2AF001A767EDFB3761F02E9E2AF013880
:20A6AC00E6940001AD14650A761F02C7E2AF001AE2AF0118767EDFB36F05E2AF0038E82065
:20A6BC000000761F02E9E2030038761F02DB4A246C0C761F02EF9214761F02E9963A523289
:20A6CC00690756BF323A6F04761F02E92B3A761F02EF921A610DE2C4001A7700E84FD20045
:20A6DC007700E68C0000761F02C1E2130012761F02DB480B6D278F00AD008D00016E2894C9
:20A6EC0027108D00016F2B948D000170289427108D0001712B948D000176289427108D0028
:20A6FC0001772B948D000178289427108D0001792B948D000186289427108D0001872B946D
:20A70C006F418F00AD00A8A9FF1100B71EA7761F02F1921996C7A8A9FF10016F1EA7921A93
:20A71C0096C7A8A9FF1400171EA7921B96C7A8A9FF1001711EA7921C96C7A8A9FF1100BBB8
:20A72C001EA7921D96C7A8A9FF1001771EA7921E96C7A8A9FF13002F1EA7921F96C7A8A9DC
:20A73C00FF1001791EA7922096C7A8A9FF1100C31EA7922196C7A8A9FF1001871EA7922246
:20A74C0096C7FE820006761F02D640326D15761F02DB921A520A67069219520A67034C0BFA
:20A75C006C072B1A2B19761F02D61A320001761F02DB2B236F14761F02DB0A231B2303E81C
:20A76C00680C921B600A180BEFFF761F02D61832FFFE761F02DB2B232B1A2B190006761F99
:20A77C0002E9920652036823761F02DB920B900F52036010767EA265921552066105520530
:20A78C0061032B196F020A191A0B0040180BFDFF2B1B920B900F52046010767EA3CB761FAE
:20A79C0002DB470B6C0A767EA2D06F07767EA2D01A0B00802B0F2B0E767EA48C767EA74F90
:20A7AC000006761F02DB1B1B01F466081B1C02EE68030A1B6F050A1C6F031A0B1000CD288F
:20A7BC00FFF8761F02A992009007761F02DBCAA89628CD28FFE7761F02A9CC000060FFC471
:20A7CC00761F02DBFF82CAA89628761F02A99A01CD000018FFD253016008761F02A2930031
:20A7DC009103530160029A00761F02DBF001CD28FFDF9001FF84CAA89628761F02A99A0124
:20A7EC00CD000018FFD253016009761F02A2CD00000CFFD1530160029A00761F02DBF00145
:20A7FC00CD28FFBF9001FF85CAA89628CD28FEFF761F02A992019001761F02DBFF87CAA885
:20A80C009628CD28FDFF761F02A9CC010002FFC0761F02DBFF88CAA89628761F02A29A00B3
:20A81C0093009103530060029A01761F02DB9001CD28FBFFFF89CAA89628761F02A29A0028
:20A82C00CD00000CFFD1530060029A01761F02DB9001CD28F7FFFF8ACAA89628761F01BF17
:20A83C0048006D06761F02DB1828EFFF6F05761F02DB1A281000CD29FFFE761F02D6CC320B
:20A84C000200FFC8761F02DBCAA89629CD29FFFD761F02D6CC320400FFC9761F02DBFF8066
:20A85C00CAA89629761F02D6CD320800CC330800FFDAFFCA761F02DBCAA89001FF81CD29A3
:20A86C00FFFBCAA89629761F02D6CD321000CC331000FFDBFFCB761F02DBCAA89001FF827C
:20A87C00CD29FFF7CAA89629CD29FFEF761F02D6CC322000FFCC761F02DBFF83CAA8962940
:20A88C00CD29FFDF761F02D6CC324000FFCD761F02DBFF84CAA89629CD29FFBF761F02D61A
:20A89C00CC320002FFC0761F02DBFF85CAA89629CD29FF7F761F02D6CC320100FFC7761F7B
:20A8AC0002DBFF86CAA89629CD29FEFF761F02D6CC300004FFC1761F02DBFF87CAA89629B0
:20A8BC00CD29FDFF761F02D6CC300008FFC2761F02DBFF88CAA89629CD29FBFF761F02D6D1
:20A8CC00CC330020FFC4761F02DBFF89CAA89629CD29F7FF761F02D6CC330040FFC5761F6E
:20A8DC0002DBFF8ACAA89629CD29EFFF761F02D6CC330080FFC6761F02DBFF8BCAA8962903
:20A8EC00CD29DFFF761F02D692329001761F02DBFF8CCAA89629CD29BFFF761F02D6CC3368
:20A8FC000004FFC1761F02DBFF8DCAA89629CD297FFF761F02D6CC330008FFC2761F02DB2E
:20A90C00FF8ECAA89629761F02D6CD3280009233FFDE9001761F02DBCAA89001FF81CD2A62
:20A91C00FFFBCAA8962ACD2AFFF7761F02D6CC330200FFC8761F02DBFF82CAA8962ACD2AB1
:20A92C00FFEF761F02D6CC332000FFCC761F02DBFF83CAA8962ACD2AFFDF761F02D6CC335F
:20A93C004000FFCD761F02DBFF84CAA8962ACD2AFFBF761F02D6CC320010FFC3761F02DB64
:20A94C00FF85CAA8962A761F01BFCC010010FFC3761F02DB9001FF8DCD2ABFFFCAA8962ACB
:20A95C00761F01BFCC010020761F02DBCD2A7FFF88A8FFC456030FA9CAA6962A761F02E9FE
:20A96C009218761F02E39619761F02C2E2AF001CE85048007700E68E0000761F02E3E21318
:20A97C00001A761F02C2E2AF0020E850B2007700E68E0000761F02E3E213001B761F02C2DF
:20A98C00E2AF001EE85048007700E68E0000761F02E3E213001C761F02C2E2AF0022E850C2
:20A99C00B2007700E68E0000761F02E3E213001D2B1E2B1F2B20761F02BEE2AF0026E68C16
:20A9AC000000761F02E3E21300212B222B23761F02BEE2AF0028E68C0000761F02E3E21371
:20A9BC000024761F02C2E2AF0030E85048007700E68E0000761F02E3E2130025761F02C2E5
:20A9CC00E2AF002EE85048007700E68E0000761F02E3E21300262B272B28761F02EF9201EE
:20A9DC00761F02E39629761F02DB9228761F02E3962A761F02DB9229761F02E3962B761FBF
:20A9EC0002DB922A761F02E3962C761F02DB922B761F02E3962D761F02E7922F761F02E351
:20A9FC00962E761F02E79230761F02E3962F761F02E79231761F02E39630761F02E7923235
:20AA0C00761F02E39631761F02E79233761F02E39632761F02E79238761F02E39633761F44
:20AA1C0002E79239761F02E39634761F02E7923A761F02E396350006000600067622761F54
:20AA2C0001BE180DFF7F180DFFBF1A04C0001A08C0001A083000761AFF6900067622761F88
:20AA3C0001DD56BF071056BF031156BF03141814FFFE1814FFFD2B1256BF481356BF231154
:20AA4C00281A8040281B204F2B1C181FFFEF1A1F0008761AFF690006761F02DB56BF0210F2
:20AA5C0056BF1417180BFFF0180BFEFF761F01BF1A0D0080000688A928A9FFFF93A6610DBF
:20AA6C008F7EF2BA93A9718491FF58A8FFC7709593A69DFF88A860F7000600060006761F82
:20AA7C0002F0921C0A1C5202620B5202FFE100EB5200FFE104A95201FFE102C76F0652036F
:20AA8C0061075204FFE106E32B1CFFEF06E0761F02F19218761F02AD9615761F02F19219B4
:20AA9C00761F02AD9616761F02F1921A761F02AD9617761F02F1921B761F02AD9618761FC9
:20AAAC0002F1921C761F02AD9619761F02F1921D761F02AD961A761F02F1921E761F02AD4F
:20AABC00961B761F02F1921F761F02AD961C761F02F19220761F02AD961D761F02F192212E
:20AACC00761F02AD961E761F02F19222761F02AD961F56BFA0208F00B80A92DC9621761F5D
:20AADC0002A3921F761F02AD962256BFA323761F02A3E2AF0024761F02C7E2AF0122E70045
:20AAEC0000087700E85048007700E68E0000761F02ADE2130024761F02A3E2AF0022761F81
:20AAFC0002C7E2AF0118E70000087700E68C0000761F02ADE2130025761F02A3E2AF0020A6
:20AB0C00E850B2007700E68C0000761F02ADE213002656BFA727761F02A9E2AF0026761F88
:20AB1C0002C7E2AF0126E70000087700E850B2007700E68C0000761F02ADE213002856BFE9
:20AB2C00A92956BFAA2A761F02A39229761F02AD962B56BFAC2C761F02A3E2AF002E761FD9
:20AB3C0002C7E2AF0122E70000087700E85048007700E68E0000761F02ADE213002D761FB0
:20AB4C0002A3E2AF002C761F02C7E2AF0118E70000087700E68C0000761F02ADE213002E40
:20AB5C00761F02A3E2AF002AE850B2007700E68C0000761F02ADE213002F56BFB030FFEFC6
:20AB6C000606761F02EF9200761F02AC9625761F02EF9201761F02AC9626761F02EF920275
:20AB7C00761F02AC9627761F02EF9203761F02AC9628761F02EF9204761F02AC9629761FEA
:20AB8C0002EF9205761F02AC962A761F02EF9206761F02AC962B761F02EF9207761F02AC9A
:20AB9C00962C761F02EF9208761F02AC962D761F02EF9209761F02AC962E761F02EF921859
:20ABAC00761F02AC962F761F02E9E2AF0026761F02C7E2AF0116E70000087700E68C00006C
:20ABBC00761F02ACE2130030761F02EF9210761F02AC9631761F02EF920E761F02AC9632AE
:20ABCC00761F02EF920C761F02AC9633761F02E9E2AF002AE68E0000761F02ACE21300341E
:20ABDC00761F02E9E2AF0034E70000087700E68C0000761F02ACE2130035761F02E9E2AFBE
:20ABEC000036761F02C7E2AF0118E70000087700E68C0000761F02ACE2130036761F02A688
:20ABFC00E2AF0002E70000087700E68C0000761F02ACE2130037761F02A6E2AF0002E700A8
:20AC0C0000087700E68C0000761F02ACE2130038761F02A6E2AF0006E70000087700E68C1B
:20AC1C000000761F02ACE2130039761F02EF9215761F02AC963A761F02EF9216761F02ACF6
:20AC2C00963B761F02EF9217761F02AC963C761F02A6E2AF0004E70000087700E68C000049
:20AC3C00761F02ACE213003D761F02E9E2AF002C761F02C7E2AF011EE70000087700E68E5E
:20AC4C000000761F02ACE213003E761F02BFE2AF002CE70000087700E68E0000761F02AC42
:20AC5C00E213003F761F02D6CC330020761F02ADFFC49600761F02D6CC330100761F02ADCA
:20AC6C00FFC79601761F02D6CC330040761F02ADFFC59602761F02D6CC330400761F02AD6B
:20AC7C00FFC99603761F02D6CC330200761F02ADFFC89604761F02D6CC330004761F02AD90
:20AC8C00FFC19605761F02D6CC332000761F02ADFFCC9606761F02D6CC334000761F02AD26
:20AC9C00FFCD9607761F02D1E2AF003AE850B2007700E68C0000761F02ADE2130008761F53
:20ACAC0002D1E2AF003CE850B2007700E68C0000761F02ADE2130009761F02D1E2AF003E9C
:20ACBC00E850B2007700E68C0000761F02ADE213000A761F02AA923E761F02AD960B56BF57
:20ACCC00850C761F02A6E2AF0030761F02C7E2AF0118E70000087700E68C0000761F02ADB5
:20ACDC00E213000D761F02A6E2AF002AE70000087700E68C0000761F02ADE213000E761FAA
:20ACEC0002A5E2AF0030761F02C7E2AF0126E70000087700E850B2007700E68C0000761FFC
:20ACFC0002ADE213000F761F02A5E2AF002AE70000087700E850B2007700E68C0000761FC0
:20AD0C0002ADE2130010761F02A5E2AF000CE70000087700E850B2007700E68C0000761FCC
:20AD1C0002ADE2130011761F02A5E2AF0006E70000087700E850B2007700E68C0000761FC1
:20AD2C0002ADE2130012761F02A6E2AF001E761F02C7E2AF0118E70000087700E68C000085
:20AD3C00761F02ADE2130013761F02A6E2AF0018E70000087700E68C0000761F02ADE213B4
:20AD4C000014FFEF0424761F02A79202761F02AB9634761F02A79201761F02AB9635761F6C
:20AD5C0002A7E2AF000C761F02C7E2AF0118E70000087700E68C0000761F02ABE213003644
:20AD6C00761F02A7E2AF0010E70000087700E68C0000761F02ABE2130037761F02A7E2AFD3
:20AD7C000012761F02C7E2AF0122E70000087700E85048007700E68C0000761F02ABE2138D
:20AD8C000038761F02A7E2AF000E761F02C7E2AF0118E70000087700E68C0000761F02AB70
:20AD9C00E2130039761F02A7E2AF000AE70000087700E68C0000761F02ABE213003A761FB2
:20ADAC0002AAE2AF000AE68E0000761F02ABE213003B761F02AAE2AF000CE68E0000761F73
:20ADBC0002ABE213003C761F02E9923A761F02AB963D761F02A6E2AF0008E8511E80770014
:20ADCC00E68C0000761F02ABE213003E761F02A6E80230E0E2AF010AE80A0000E700004094
:20ADDC007700E68C0000761F02ABE213003F761F02A9CC000018761F02ACFFC29600761FA5
:20ADEC0002BC921E761F02AC9601761F02BEE2AF0020E68C0000761F02ACE213000256BF38
:20ADFC004303761F02BEE2AF0026E68C0000761F02ACE2130004761F02A9CC014000761F55
:20AE0C0002ACFFCD9605761F02A9CC018000761F02ACFFCE9606761F02BEE2AF0022E68C5E
:20AE1C000000761F02ACE2130007761F02BEE2AF001EE68C0000761F02ACE2130008761F8C
:20AE2C0001BFCC000004761F02ACFFC19609761F01BFCC090100761F02ACFFC7960A761F6B
:20AE3C0002BE922E761F02AC960B761F02BE922B761F02AC960C761F02BE922A761F02AC47
:20AE4C00960D761F02BE922C761F02AC960E761F02E99219761F02AC960F761F02C1E2AF4D
:20AE5C000008761F02C7E2AF0124E70000087700E85048007700E68E0000761F02ACE213B1
:20AE6C000010761F02C1E2AF000AE70000087700E85048007700E68E0000761F02ACE213BA
:20AE7C000011767E9A4B761F02AC9612761F02A9E2AF003AE85048007700E68E0000761FD6
:20AE8C0002ACE2130013761F02A9E2AF003CE85048007700E68E0000761F02ACE21300142C
:20AE9C00761F02A9E2AF003EE85048007700E68E0000761F02ACE2130015761F02AAE2AFFD
:20AEAC000000E85048007700E68E0000761F02ACE2130016761F02AAE2AF0002E850480079
:20AEBC007700E68E0000761F02ACE213001756BF581856BF5919761F02DBCC244000761FF9
:20AECC0002ACFFCD961A761F02AAE2AF0004E85048007700E68E0000761F02ACE213001BA8
:20AEDC00761F02AAE2AF0006E85048007700E68E0000761F02ACE213001C761F02AAE2AFED
:20AEEC000008E85048007700E68E0000761F02ACE213001D761F02A99200761F02AC9007D2
:20AEFC00961E761F02A9CC000080761F02ACFFC6961F761F02A2CC000040761F02ACFFC5ED
:20AF0C009620761F01BFCC004000761F02ACFFCD9621761F02A9CC000060761F02ACFFC4D6
:20AF1C009622761F02E9920C761F02AC900F9623761F02A9CC000700761F02ACFFC79624CE
:20AF2C00FFEF0245761F02AB2B00761F02C7E2AF000AE68E0000761F02ABE2130001761F29
:20AF3C0002E99219761F02AB9602761F02E99218761F02AB9603761F02A29200761F02AB73
:20AF4C009604761F02A99200761F02AB9605761F02A99201761F02AB9606761F02E9920CCD
:20AF5C00761F02AB9607761F02E99205761F02AB9608761F02F0921A761F02AB9609761F56
:20AF6C0002F09219761F02AB960A761F02D69232761F02AB960B761F02D69233761F02ABBE
:20AF7C00960C761F02F0922D761F02AB960D761F02F0922E761F02AB960E761F02F0922280
:20AF8C00761F02AB960F761F02F09223761F02AB9610761F02F09224761F02AB9611761FDF
:20AF9C0002C7E2AF0118761F02A6E2AF0026E70000087700E68C0000761F02ABE21300120D
:20AFAC00761F02BDE2AF0116E2AF0014761F02C7E7100040E2AF0318E70000187700E68CBB
:20AFBC000000761F02ABE2130013761F02F09227761F02AB9614761F02F09228761F02AB7C
:20AFCC009615761F02C19212761F02AB9616761F02EF9218761F02AB9617761F02C2E2AFC7
:20AFDC00001CE85048007700E68E0000761F02ABE2130018761F02C2E2AF001EE8504800F7
:20AFEC007700E68E0000761F02ABE2130019761F02C2E2AF002EE85048007700E68E000087
:20AFFC00761F02ABE213001A761F02BEE2AF0026E68C0000761F02ABE213001B761F02C2BB
:20B00C00E2AF0020E850B2007700E68C0000761F02ABE213001C761F02C2E2AF0022E85009
:20B01C00B2007700E68C0000761F02ABE213001D761F02C2E2AF0024E850B2007700E68C44
:20B02C000000761F02ABE213001E761F02C2E2AF0026E850B2007700E68C0000761F02AB8A
:20B03C00E213001F761F02C7E2AF011E761F02A4E2AF0002E70000087700E85048007700A7
:20B04C00E68E0000761F02ABE2130020761F02C7E2AF0122761F02A5E2AF0014E700000837
:20B05C007700E85048007700E68E0000761F02ABE2130021761F02E9E2AF0020E8504800E9
:20B06C007700E68E0000761F02ABE2130022761F02DB9224761F02AB9623761F02C7E2AF6E
:20B07C000116761F02E9E2AF0026E70000087700E68C0000761F02ABE2130024761F02C2DA
:20B08C00E2AF0120E2AF001CE70000087700E68C0000761F02ABE2130025761F02C2E2AF27
:20B09C000122E2AF001EE70000087700E68C0000761F02ABE2130026761F02BEE2AF00287F
:20B0AC00E68C0000761F02ABE2130027761F02C7E2AF0118761F02A6E2AF0030E7000008BF
:20B0BC007700E68C0000761F02ABE2130028761F02A6E2AF002AE70000087700E68C00005C
:20B0CC00761F02ABE2130029761F02A4E2AF000CE68C0000761F02C7E68D0000E2AF012631
:20B0DC00E70000087700E850B2007700E68E0000761F02ABE213002A761F02A4E2AF0006E6
:20B0EC00E68C00007700E68D00007700E70000087700E850B2007700E68E0000761F02ABF4
:20B0FC00E213002B761F02A5E2AF001EE70000087700E850B2007700E68C0000761F02ABAE
:20B10C00E213002C761F02A5E2AF0018E70000087700E850B2007700E68C0000761F02ABA2
:20B11C00E213002D761F02A4E2AF0030E70000087700E850B2007700E68C0000761F02AB7A
:20B12C00E213002E761F02A4E2AF002AE70000087700E850B2007700E68C0000761F02AB6F
:20B13C00E213002F761F02C7E2AF0118761F02A6E2AF000CE70000087700E68C0000761F80
:20B14C0002ABE2130030761F02A6E2AF0006E70000087700E68C0000761F02ABE2130031FD
:20B15C00761F02C2E2AF0030E85048007700E68C0000761F02ABE2130032761F02A9CC01DA
:20B16C000040761F02ABFFC596330006761F02F01822FFFE1822FFFD1822FFFB1822FFF756
:20B17C001822FFEF1822FFDF1822FFBF1822FF7F1822FEFFCD23FFFE761F02D6CC32020032
:20B18C00FFC8761F02F0CAA89623CD23FFFD761F02D6CC320400FFC9761F02F0FF80CAA88F
:20B19C009623CD23FFEF761F02D6CC320800FFCA761F02F0FF83CAA89623CD23FFDF761F29
:20B1AC0002D6CC321000FFCB761F02F0FF84CAA89623CD23FEFF761F02D6CC322000FFCC5B
:20B1BC00761F02F0FF87CAA89623CD23FDFF761F02D6CC324000FFCD761F02F0FF88CAA858
:20B1CC0096231823EFFF1823DFFF1824FFFE1824FFFD1824FFFB1824FFF71824FFEF182429
:20B1DC00FFDF1824FFBF1824FF7F1824FEFF1824FDFF1825FFEF1825FFDF1825FFBF1825D2
:20B1EC00FF7F1825FEFF1825FDFF1825FBFF1825F7FF1825EFFF1826FFFE1826FFFD18260A
:20B1FC00FFFB1826FFF71826FFEF1826FFDF1826FFBF1826FF7F1826FEFF1826FDFF182652
:20B20C00FBFF1826F7FF1826EFFF1826DFFF1826BFFF18267FFF1827FFFE1827FFFD18273E
:20B21C00FFFB1827FFF71827FFEF761F02D6CD330020CC330040FFD4FFC5CAA8CD33008061
:20B22C00FFD6CBA9CC330010FFC3761F02F0CAA89001FF84CD27FFDFCAA896271827FFBFDD
:20B23C00CD27FF7F761F02D6CC300004FFC1761F02F0FF86CAA89627CD27FEFF761F02D6BA
:20B24C00CC300008FFC2761F02F0FF87CAA89627CD27EFFF761F02D6CC320008FFC2761F36
:20B25C0002F0FF8BCAA896271827DFFF1827BFFFCD277FFF761F02D692329001761F02F052
:20B26C00FF8ECAA89627CD28FFFE761F02D6CC320004FFC1761F02F0CAA896281828FFFDF2
:20B27C001828FFFBCD28FFF7761F02D6CC320100FFC7761F02F0FF82CAA896281828FFEFF5
:20B28C001828FFBF1828FF7F1828FEFFCD28FDFF761F02D6CC330004FFC1761F02F0FF887A
:20B29C00CAA896281828FBFF1828F7FF1828EFFF1828DFFF1828BFFF18287FFF1829FFFEAC
:20B2AC001829FFFD1829FFFB1829FFF71829FFEF1829FFDF1829FFBF1829FF7F182BFFFE87
:20B2BC00182BFFFD182BFFFB182BFFF7CD2BFFEF761F02D692309001761F02F0FF83CAA89C
:20B2CC00962BCD2BFFDF761F02D6CC300002FFC0761F02F0FF84CAA8962B182BFFBF182B20
:20B2DC00FF7F182BFEFF182BFDFF182BFBFF182BF7FF182BEFFF182BDFFF182BBFFF182B49
:20B2EC007FFF182CFFFE182CFFFD182CFFFB0006767EAA7B767EB1720006000600060006B7
:20B2FC00761F02BC40016C4541016D433B01761F02BF8502761F02BC56010022761F02BFC0
:20B30C008503761F02BC56010024761F02BF8504761F02BC56010026761F02BF8505761FA7
:20B31C0002BC56010028761F02C2C538C4A78F000800A8A9DE010FA7C238661B761F02BCC8
:20B32C000622562F041E0624562F041F0626562F04200628562F042102001E221E241E26EB
:20B33C001E28761F02C21E38761F02BC1A0100020006E20304BDE20305BDFE02E8022BE93B
:20B34C00E80E8001E6940008AD14FFE20085E8022BB9E80E0001E6940008AD14625AE80213
:20B35C002A61E80F8001E6940008AD146230E8022411E80F0001E6940008AD146206E8024D
:20B36C0059B8E808D8006F6BE70000017700E7000042E805CD2BE802006CE8062FE5E80E53
:20B37C001963E80A659CE80A9545E700009AE7000061E7000028E7100052E8025C63E710B5
:20B38C000080E80A3E4BE71000C06F49E70000017700E7000042E805E0FBE8021644E806B5
:20B39C00454DE80D0E7BE80858D4E8098825E700009AE7000061E7000028E7100052E802BC
:20B3AC006E13E7100080E80F637BE71000C06F27E70000017700E7000042E805E86BE802B5
:20B3BC001C3CE806480DE80B214BE80B72ACE80DACCDE700009AE7000061E7000028E71029
:20B3CC000052E806460BE7100080E80FBA13E71000C06F05E80650C0E80CB400E801C6898C
:20B3DC00E80DB8B9E7000008FE82E2AF05BEE2AF04BE0006E20304BDE20305BDFE02E80298
:20B3EC002AB9E80F8001E6940008AD14FFE20081E8022699E80C0001E6940008AD146256A8
:20B3FC00E8021E79E80C0001E6940008AD14622CE8121BC8AD146206E8025B20E80F0E007A
:20B40C006F68E70000017700E7000042E805D6C3E8020734E8063285E80CE623E80EF87C0A
:20B41C00E808BDEDE700009AE7000061E7000028E7100052E8025B13E7100080E80EC3AB22
:20B42C00E71000C06F46E70000017700E7000042E805D6C3E8020734E8063285E80CE623BF
:20B43C00E80EF87CE808BDEDE700009AE7000061E7000028E7100052E8025B13E7100080FC
:20B44C00E80EC3ABE71000C06F24E70000017700E7000042E805CD83E80200ACE8062F8D2D
:20B45C00E80D7CF3E80BFAC4E80CA5C5E700009AE7000061E7000028E7100052E8025A33C5
:20B46C00E7100080E80F154BE71000C06F02E590E801C689E80DB8B9E7000008FE82E2AFB7
:20B47C0005BEE2AF04BE0006E20304BD761F02BE92316143E2C40131E801FC00767EDFB3EF
:20B48C00E6CF0004761F02BEE2AF001AE70000207700E68C00007700E213002E9B03922EFF
:20B49C00767ED3933B0185A9BDA90F127700770077007700E6890000761F02BEE20300269A
:20B4AC00E2AF001CE70000207700E68C00007700E213002F9B05922F767ED3933B0185A923
:20B4BC00BDA90F127700770077007700E6890000761F02BEE2030028E2AF04BE0006FE02E3
:20B4CC008F40AF868F00AF9E56BF0C41924161062B852B840B41924160FCFE820006761FEF
:20B4DC0002BEE2C80100E2AF0006E71000407700E2030006E2C80101E2AF0008E710004039
:20B4EC007700E2030008E2C80102E2AF000AE71000407700E203000AE2C80103E2AF000CAC
:20B4FC00E71000407700E203000CE2C80104E2AF000EE71000407700E203000EE2C80105F2
:20B50C00E2AF0010E71000407700E20300100A3092305432681D06061E1206081E14060A48
:20B51C001E16060C1E18060E1E1A06101E1C92309631E590E2030006E2030008E203000A32
:20B52C00E203000CE203000EE20300102B300006761F02BC4601FFEC00A2761F02C292377C
:20B53C00FFE1009DE2C40137E801FC00767EDFB3761F02C1E2AF012CE7000041761F02C292
:20B54C00E2030104761F02C1E2AF012EE7000041761F02C2E2030106761F02C1E2AF013056
:20B55C00E7000041761F02C2E2030108761F02C1E2AF0132E7000041761F02C2E203010AD3
:20B56C00761F02C1E2AF0134E7000041761F02C2E203010C761F02C1E2AF0136E7000041E6
:20B57C00761F02C2E203010E761F02C1E2AF0138E7000041761F02C2E2030110761F02C171
:20B58C00E2AF013AE7000041761F02C2E2030112761F02C1E2AF013EE7000041761F02C2B1
:20B59C00E2030116E2AF0100E70000407700E20300180610761F02BD1E0E761F02C206125F
:20B5AC00761F02BD1E12E801E260E2AF020EE2AF0114E7200051E80E6668E7000041E2AFB4
:20B5BC000314E71000C87700E2030014E801E260E2AF0212E2AF0116E7200051E80E666895
:20B5CC00E7000041E2AF0316E71000C87700E2030016761F02BC1801FFBF761F02C2E2AF48
:20B5DC000004761F02C7E2AF0122E7000008761F02C2E203001CE2AF0006E70000087700F3
:20B5EC00E203001E761F02C7E2AF0126761F02C2E2AF0008E70000087700E2030020E2AF38
:20B5FC00000AE70000087700E2030022E2AF000CE70000087700E2030024E2AF000EE70026
:20B60C0000087700E2030026761F02C7E2AF011E761F02C2E2AF0016E70000087700E2033B
:20B61C00002E761F02C7E2AF012A761F02C2E2AF0018E70000087700E20300300006FE0243
:20B62C00761F0299E2C400107700E8121380AD1460039AFA6F0328A9012C761F02BC960FF4
:20B63C00761F029AE2AF0032E5A0AD146122E8023350E2AF0132E80B0000767EDFB3E8029D
:20B64C001DD9E80C0001E6940008AD146506E8021DD8E80C00006F07E8021AB1E80A4929E3
:20B65C00E6960008E68E0000761F02BCE213000C761F029AE2AF0036E5A0AD146122E802D7
:20B66C003350E2AF0136E80B0000767EDFB3E8021DD9E80C0001E6940008AD146506E8028D
:20B67C001DD8E80C00006F07E8021AB1E80A4929E6960008E68E0000761F02BCE213000EE8
:20B68C00761F02B3921B610C5202600E761F02999201610A761F02BC920E960D6F05761FAB
:20B69C0002BC920F960DFE820006767EB2FC767EB4DB00068F00AD008D00016EE801C6886C
:20B6AC00E2C80194E80DB8B8E7000040761F02BDE2030018761F02C7E801FC00E2AF01226B
:20B6BC00767EDFB38D00016FE801D4198F00AD00E2C80294E8089379E70000897700E700CF
:20B6CC000040761F02BDE203001A8D000170E801C688E2C80194E80DB8B8E7000040770054
:20B6DC00E2030020761F02C7E801FC00E2AF0122767EDFB38D000171E801D4198F00AD00BB
:20B6EC00E2C80294E8089379E70000897700E7000040761F02BDE20300228D000176E801AC
:20B6FC00C688E2C80194E80DB8B8E70000407700E203001C761F02C7E801FC00E2AF0126A2
:20B70C00767EDFB38D000177E801E1198F00AD00E2C80294E80EB851E70000897700E70066
:20B71C000040761F02BDE203001E8D000178E801C688E2C80194E80DB8B8E70000407700F7
:20B72C00E2030024761F02C7E801FC00E2AF0126767EDFB38D000179E801E1198F00AD004D
:20B73C00E2C80294E80EB851E70000897700E7000040761F02BDE20300268D000186E80144
:20B74C00C688E2C80194E80DB8B8E70000407700E203002C761F02C7E801FC00E2AF011E49
:20B75C00767EDFB38D000187E801D4198F00AD00E2C80294E8089379E70000897700E70016
:20B76C000040761F02BDE203002E0006767EB6A6767EB48000067622761AFF690006767E08
:20B77C00D04A767ED2127622761F01C456BFFF121820FC3FCC22FC3F50409622CC24FC3F94
:20B78C0050809624CC26FC3F50C09626CC28FC3F1AA901409628CC2AFC3F1AA90100962A74
:20B79C00CC2CFC3F1AA90180962CCC2EFC3F1AA901C0962ECC2007FF1AA928009620CC2256
:20B7AC0007FF1AA928009622CC2407FF1AA928009624CC2607FF1AA928009626CC2807FFA0
:20B7BC001AA928009628CC2A07FF1AA92800962ACC2C07FF1AA92800962CCC2E07FF1AA9AF
:20B7CC002800962ECC20FFC050089620CC22FFC050089622CC24FFC050089624CC26FFC089
:20B7DC0050089626CC28FFC050089628CC2AFFC05008962ACC2CFFC05008962CCC2EFFC019
:20B7EC005008962E1A0800201A0800401A000004CC08FFE0500F96082B142B15761A8F0011
:20B7FC00464EFF69A8A9764088980006E20304BDFE02761F02BC2B028F00AF1E56BF044128
:20B80C00924161052B840B41924160FD8F00AF2256BF0841924161052B840B41924160FD96
:20B81C008F00B0488F40B04C56BF0441924161062B842B850B41924160FC8F00B0848F40BA
:20B82C00B09C56BF1841924161062B842B850B41924160FC8F00AFDE8F40AFF256BF144138
:20B83C00924161062B842B850B41924160FC8F00AFC056BF0941924161052B840B41924174
:20B84C0060FD761F02C7E801FC00E2AF010C767EDFB3761F02C7E6CF0004E801FC00E2AF8B
:20B85C000122767EDFB3E801D299E8099991E70001097700E7000040761F02BFE203000AE0
:20B86C00761F02C7E801FC00E2AF010C767EDFB3761F02C7E6CF0004E2AF0122E801FC00A5
:20B87C00767EDFB3E801D299E8099991E70001097700E7000040761F02BFE203000C761F4C
:20B88C0002C7E801FC00E2AF010E767EDFB3761F02C7E6CF0004E2AF0126E801FC00767E20
:20B89C00DFB3E801D299E8099991E70001097700E7000040761F02BFE203000E761F02C755
:20B8AC00E801FC00E2AF010E767EDFB3761F02C7E6CF0004E2AF0126E801FC00767EDFB337
:20B8BC00E801D299E8099991E70001097700E7000040761F02BFE2030010761F02C7E801DC
:20B8CC00FC00E2AF0110767EDFB3761F02C7E6CF0004E801FC00E2AF0126767EDFB3E80115
:20B8DC00D299E8099991E70001097700E7000040761F02BFE2030012761F02C7E801FC00A7
:20B8EC00E2AF0110767EDFB3761F02C7E6CF0004E2AF0126E801FC00767EDFB3E801D29986
:20B8FC00E8099991E70001097700E7000040761F02BFE2030014761F02C7E801FC00E2AF5F
:20B90C000114767EDFB3761F02C7E6CF0004E2AF011EE801FC00767EDFB3E801D299E80909
:20B91C009991E70001097700E7000040761F02BFE2030018761F02C7E801FC00E2AF011218
:20B92C00767EDFB3761F02C7E6CF0004E2AF012AE801FC00767EDFB3E801D299E8099991C8
:20B93C00E70001097700E7000040761F02BFE203001A761F02C12B102B11761F02BC1801CC
:20B94C001FFF2B010200761F02C21E38761F02BC1801FFFE1801FFFD1800FFFE1800FFBF77
:20B95C00761F02C12812012C761F02BE56BF4B32767ED3A7FE82E2AF04BE0006E20304BD38
:20B96C00E20305BDFE02E8022AE9E80C0001E6940008AD146256E8022699E80C0001E6940F
:20B97C000008AD14622CE8121BD0AD146206E80259F0E80DE1006F46E70000017700E70042
:20B98C000045E805D9A2E8020963E8063424E80D7EA2E80EC22BE8086754E7000152E7008E
:20B99C000059E7000020E7100052E8025B9DE7100080E80BBCBDE71001406F24E70000016A
:20B9AC007700E7000045E805CD42E8020083E8062F74E80DDD8AE80C25B3E80A56FCE7008B
:20B9BC000152E7000059E7000020E7100052E8025A35E7100080E80B4BFDE71001406F02B4
:20B9CC00E590E801C689E80DB8B9E7000008FE82E2AF05BEE2AF04BE0006E20304BDE203A1
:20B9DC0005BDE70000047700E7000105E8059AD1E801CEF2E805FCCBE80D3B29E80B1452D3
:20B9EC00E8095DD3E7000149E7000112E7000018E7100052E80224B9E7100080E808DB910D
:20B9FC00E71000407700E8504800E2AF05BEE2AF04BE00060006B2BD761F02F0923252033B
:20BA0C0068249CFE8F00B5C028A8FFFF767EE2AF88A9761F02F0593258328F00B5C0D98172
:20BA1C00D8825603089C949480A90EA6BE000FA76102BE01761F02F092A6CD30FFEF9001DD
:20BA2C00FF83CAA896306F05761F02F01830FFEF8BBE0006761F02F00E33761F02D7880002
:20BA3C000FA6FFE000EB761F02D62B36767EBA074430FFED00DC761F02D7920152026124D2
:20BA4C005203611D520461165206610F52106108761F02D656BF013656BF06376F19761F7F
:20BA5C0002D656BF05376F14761F02D656BF04376F0F761F02D656BF02376F0A761F02D642
:20BA6C0056BF03376F05761F02D656BF013792375206FFE100B7761F02D75603080294031D
:20BA7C00761F02D69634761F02D7560308049405761F02D69635803493359534FFD39434F0
:20BA8C0088A9923752016003530D667F9337530260131BA7110068791BA6130069041BA65D
:20BA9C00F80068731BA7130069041BA7F800686D1BA6F842666A5303602E1BA71100686597
:20BAAC001BA6130069041BA62100685F1BA7130069041BA7210068591BA622F266561BA757
:20BABC0022F269041BA7410068501BA64198664D1BA7419869041BA7600068471BA6601EC9
:20BACC0066441BA7601E69041BA7F800683E1BA6F842663B5304601C1BA722F269041BA72F
:20BADC00410068331BA6419866301BA7419869041BA76000682A1BA6601E66271BA7601E76
:20BAEC0069041BA7F80068211BA6F842661E530560201BA722F269041BA7410068161BA6AE
:20BAFC00419866131BA7419869041BA76000680D1BA6601E660A1BA7601E69041BA7F80023
:20BB0C0068041BA6F842690556BF033656BF06379237520361035202601492355280691147
:20BB1C0056BF033656BF06376F0C761F02D656BF043656BF06376F05761F02D656BF0737AC
:20BB2C000006761F02F08F00B5C0D5000E32767EE2D8761F02F02B32000627A880A9761F2E
:20BB3C0002F04930FFED011193A75303620E5303FFE100A95300FFE100CA5301FFE100ABC5
:20BB4C005302610BFFEF00D25304FFE100945305FFE10088FFEF00CA1BAB210067041BABFD
:20BB5C001100676C1BAB410068561BAB419867231BAB410068208F40B840761F02D6A03E56
:20BB6C00560301A4761F02DC9602761F02D656BF033D92AB08A9BF00963C88AB8F4041002C
:20BB7C00A0A90FA6FFE000A2761F02F056BF0134FFEF009C1BAB601E67041BAB600067187B
:20BB8C001BABF800FFE800928F40BA00761F02D6A03E560301A4761F02DC9602761F02D618
:20BB9C0056BF033D28A8080095AB973C6F7E8F40B9D0761F02D6A03E560301A4761F02DC48
:20BBAC009602761F02D656BF033D92AB08A9A000963C6F6B8F40AD00761F02D6A03E5603C5
:20BBBC0001A4761F02DC9602761F02D656BF033D92AB08A9DF00963C6F588F40AAC0761FC3
:20BBCC0002D6A03E560301A4761F02DC9602761F02D656BF033D92AB08A9EF00963C6F4575
:20BBDC008F40B5C0761F02D6A03E56BF033D2B3C6F3C8F40B5C0761F02D6A03E2B3D2B3CF5
:20BBEC006F348F40B5C0761F02D6A03E2B3D2B3C6F2C8F40BC22761F02D6A03E93A453100B
:20BBFC0067039B016F09910F9A00530061029A0193A4FFD295A9761F02DC97025C02761FDB
:20BC0C0002D656BF033D3F3C6F108F40AAC0761F02D6A03E560301A4761F02DC9602761FCF
:20BC1C0002D656BF033D3F3C761F02D79200761F02DC9600761F02D79201761F02DC96014C
:20BC2C0092A752036119520461175205611588A493A653806605761F02D67E3A6F05761F84
:20BC3C0002D656BF803A5201600AFFD0973A93ABFFD3973C6F04761F02D67C3A2B3B761F70
:20BC4C0002F01A300200761F02D6933A5305690628AB00059B05753A6F05273A2B3A56BF23
:20BC5C00013BD40093AB55A46943761F02D6833E583C889593A7CDA8FFFD612593A7530137
:20BC6C006110530361035304602F93A6583D9A018F40B70091FF94A0963D97950A3C6F241C
:20BC7C0093A6583D9A018F40B70091FF94A0963D9795583D93A69A01FFD794A0963D979584
:20BC8C000A3C6F1293A6583D9A018F40B700FFD794A0963D9795583D93A69A0191FF94A0AC
:20BC9C00963D97950A3CDC0193AB55A466BF92A75205600B761F02DC1A010080761F02D694
:20BCAC009236761F02DC9602761F02D6923B61238F00B700923D767EAA6788A9761F02D62F
:20BCBC0093A6583D9A018F00B70091FF94A0963D9794583D92A69B01FFC795A0973D969495
:20BCCC00923D761F02F09631767EBB2D761F02F01A3000800006B2BD761F02D79201524501
:20BCDC00FFE101F15251FFE101DD5252FFE101DA5253FFE101D7761F02D692375204621259
:20BCEC005204FFE101025200FFE101C15201FFE101B85202FFE101AF5203FFE101A6FFEF71
:20BCFC0001EE520561095206FFE101955207FFE10188FFEF01E4D1071B3441006706923579
:20BD0C0094341BA901F26947923594341BA9419866041B3441006725923594341BA9601E65
:20BD1C00FFE600CC1B346000FFE800C85C34761F02D69235943454A4FFE900C088A4D001CF
:20BD2C0092A172A008A6A0008F40B5C05603089D949558A68F40B9D09695D902DC016FE869
:20BD3C005C34761F02D69235943454A4FFE900A688A4D00192A172A008A6BF008F40B5C0E2
:20BD4C005603089D949558A68F40B8409695D902DC016FE85C3428AC00036F0F583408A098
:20BD5C00DF008F40AD007E956F07583408A0DF008F40AD007E95DC01761F02D69235943468
:20BD6C0054A4695B761F02D756030804940588A98F7EE75C761F02D6923408A9DF0030A972
:20BD7C00560100A51BC57FFF662592348F7EE75C08A9DF0030A9560100A592A654C5680C82
:20BD8C0092348F7EE75D08A9DF0030A9560100A592A654C569CB761F02F056BF0131761F33
:20BD9C0002D656BF02369A05D4039B00767EBB396F2492348F7EE75C08A9DF0030A9560100
:20BDAC0000A592A654C5640C92348F7EE75D08A9DF0030A9560100A592A654C565A0761FAA
:20BDBC0002F056BF0131761F02D656BF02369A05D4039B00767EBB39761F02D692365202F2
:20BDCC00FFE1011DD1075C346F1288A4D00192A172A008A6DF008F40B5C05603089D949536
:20BDDC0058A68F40AD009695D902DC01761F02D69235943454A466EA9A04D4069B00767E9F
:20BDEC00BB39FFEF00FC1B34410068251B34419867041B34410067131B34601E677D1B349F
:20BDFC006000687A5834761F02D708A0A000560308048F00B9D0940596946F6E5834761F65
:20BE0C0002D708A0BF00560308048F00B840940596946F62761F02D756030804940588A9B9
:20BE1C0028AC00038F3EE75C761F02D6923408A9DF0030A9560100A41BC47FFF662D9234D2
:20BE2C008F3EE75C08A9DF0030A9560100A492A654C4681392348F3EE75D08A9DF0030A977
:20BE3C00560100A492A654C46608583408A0DF008F00AD007E946F2C761F02F056BF013163
:20BE4C00761F02D656BF02369A05D4039B00767EBB39FFEF009492348F3EE75C08A9DF003B
:20BE5C0030A9560100A492A654C4641C92348F3EE75D08A9DF0030A9560100A492A654C497
:20BE6C006211583408A0DF008F00AD007E9492E4761F02E0960A9A03D4069B00767EBB395B
:20BE7C006F6D761F02F056BF0131761F02D656BF02369A05D4039B00767EBB396F5F761FE6
:20BE8C0002F01A300080761F02F02B31767EBB2D6F55761F02F056BF01319A05D4039B0078
:20BE9C00767EBB396F4B9A025C359334767EBB396F459A005C359334767EBB396F3F9A0131
:20BEAC005C359334767EBB396F39761F02F056BF0131761F02F09233761F02DC96006F2ECE
:20BEBC00761F02DC9202761F02F09C059631767EBB2D761F02F01A300080761F02D62B3972
:20BECC006F1D761F02D6923852016018761F02DC920152C560039A066F0556030803940438
:20BEDC009C07761F02F09631767EBB2D761F02F01A300080761F02D62B388BBE0006FE0209
:20BEEC00761F02D64B326D17761F02C7E2AF0030761F02BFE2AF0122E6940001AD14650CF2
:20BEFC00761F02D60A149214520568062B141A3208006F022B14761F02D64C326D17761FE9
:20BF0C0002C7E2AF0030761F02BFE2AF0124E6940001AD14650C761F02D60A159215520548
:20BF1C0068062B151A3210006F022B15FE820006761F01A141166D0C761F02D69216611A2D
:20BF2C000A171B17012C68162B172B166F13761F02D64B336D080A169216520568042B16C6
:20BF3C001A3308002B177622761F01A11A170002761A761F01A641166D0C761F02D6921899
:20BF4C00611A0A191B19012C68162B192B186F13761F02D64C336D080A189218520568045F
:20BF5C002B181A3310002B197622761F01A61A170002761AFF690006FE02761F02D64932F4
:20BF6C006D17761F02BFE801FD08E2AF011EE80CCCD0E6940001AD14650C761F02D60A1A6F
:20BF7C00921A520568062B1A1A3202006F022B1A761F02D64A326D17761F02BFE801FD083A
:20BF8C00E2AF0120E80CCCD0E6940001AD14650C761F02D60A1B921B520568062B1B1A3210
:20BF9C0004006F022B1BFE820006FE02761F02D64F326D17761F02BFE801FDE0E2AF012CF8
:20BFAC00E80E6668E6940001AD14650C761F02D60A249224520568062B241A3280006F0262
:20BFBC002B24761F02D640336D0F761F01BF4A016D0C761F02D60A259225520268062B253C
:20BFCC001A3300016F022B25FE8200060006FE02761F02D64B326D1B761F02C7E2AF003425
:20BFDC00761F02C2E2AF0120E6940001AD14650B761F02D60A1C921C521968222B1C1A32C5
:20BFEC0008006F1E761F02D62B1C6F1A761F02C7E2AF0036761F02C2E2AF0120E6940001B8
:20BFFC00AD14630B761F02D60A1C1B1C05DC68082B1C1832F7FF6F04761F02D62B1C4C32AF
:20C00C006D1B761F02C7E2AF0034761F02C2E2AF0122E6940001AD14650B761F02D60A1D1C
:20C01C00921D521968222B1D1A3210006F1E761F02D62B1D6F1A761F02C7E2AF0036761F37
:20C02C0002C2E2AF0122E6940001AD14630B761F02D60A1D1B1D05DC68082B1D1832EFFF35
:20C03C006F04761F02D62B1DFE820006FE02761F02D649326D17761F02C2E2AF001CE812CA
:20C04C001FD8AD14650B761F02D60A1E921E5219681E2B1E1A3202006F1A761F02D62B1EA0
:20C05C006F16761F02C2E2AF001CE8121F80AD14630B761F02D60A1E1B1E05DC68082B1E09
:20C06C001832FDFF6F04761F02D62B1E4A326D17761F02C2E2AF001EE8121FD8AD14650B1B
:20C07C00761F02D60A1F921F5219681E2B1F1A3204006F1A761F02D62B1F6F16761F02C2B4
:20C08C00E2AF001EE8121F80AD14630B761F02D60A1F1B1F05DC68082B1F1832FBFF6F04FB
:20C09C00761F02D62B1FFE820006FE02761F02D64D326D1D761F02C2E2AF001CE8121500BC
:20C0AC00AD146311E2AF0020E8120500AD14650B761F02D60A209220521968242B201A3287
:20C0BC0020006F20761F02D62B206F1C761F02C2E2AF001CE8121640AD146207E2AF002041
:20C0CC00E8120400AD14630B761F02D60A201B2005DC68082B201832DFFF6F04761F02D6B1
:20C0DC002B204E326D1D761F02C2E2AF001EE8121500AD146311E2AF0022E8120500AD1430
:20C0EC00650B761F02D60A219221521968242B211A3240006F20761F02D62B216F1C761F42
:20C0FC0002C2E2AF001EE8121640AD146207E2AF0022E8120400AD14630B761F02D60A21BF
:20C10C001B2105DC68082B211832BFFF6F04761F02D62B21FE820006FE02761F02D64D3393
:20C11C006D16761F02C2E2AF0024E8160500AD14630B761F02D60A229222520A68082B22DA
:20C12C001A3320006F04761F02D62B224E336D16761F02C2E2AF0026E8160500AD14630B13
:20C13C00761F02D60A239223520A68082B231A3340006F04761F02D62B23FE820006FE0239
:20C14C00761F02D64F326D1B761F02C2E8022070E2AF012EE80C0000E6940001AD14650B2A
:20C15C00761F02D60A2692265205681E2B261A3280006F1A761F02D62B266F16761F02C24F
:20C16C00E2AF002EE8122038AD14630B761F02D60A271B2705DC68082B2718327FFF6F04B5
:20C17C00761F02D62B27FE820006FE02761F02D645336D28761F02E92D3B35320EA9BDA978
:20C18C000F1277007700761F02C7E2AF0138E68B0000761F02BEE7200008E2AF0326E69453
:20C19C000003AD14650B761F02D60A289228521968222B281A3300206F1E761F02D62B28F4
:20C1AC006F1A761F02C7E2AF003A761F02BEE2AF0126E6940001AD14630B761F02D60A286B
:20C1BC001B2805DC68082B281833FFDF6F04761F02D62B28FE820006FE02761F02D64733B3
:20C1CC006D28761F02E92D3B35320EA9BDA90F1277007700761F02C7E2AF013CE68B0000A6
:20C1DC00761F02BEE7200008E2AF0328E6940003AD14650B761F02D60A2992295219682225
:20C1EC002B291A3300806F1E761F02D62B296F1A761F02C7E2AF003E761F02BEE2AF0128FF
:20C1FC00E6940001AD14630B761F02D60A291B2905DC68082B291833FF7F6F04761F02D647
:20C20C002B29FE820006761F02D642336D18761F02BE1B2E0FDC62041B2F0FDC650C761FA7
:20C21C0002D60A2A1B2A01F4690D282A01F41A3300046F08761F02D62B2A6F04922A6102E3
:20C22C000B2A00060006761F02D640326C090A2B1B2B0BB868062B2B1832FFFE6F022B2B4D
:20C23C00761F02E947106C15761F02D6063260140A2F1B2F01F46810761F01BF1A0D008085
:20C24C00761F02E91810FF7F761F02D62B2F6F04761F02D62B2F40336C15761F01BF4A0117
:20C25C006D07761F02D6922C610E0B2C6F0C761F02D60A2C1B2C05DC68062B2C1833FFFE2A
:20C26C006F022B2C4B336C1B761F01BF42096C13761F02D60A2D1B2D05DC68122B2D76228F
:20C27C00761F01A11A170002761A761F02D61833F7FF6F06761F02D62B2D6F022B2D4C3378
:20C28C006C1B761F01BF43096C13761F02D60A2E1B2E05DC68122B2E7622761F01A61A1744
:20C29C000002761A761F02D61833EFFF6F06761F02D62B2E6F022B2EFF690006767EBFD351
:20C2AC00767EC042767EC0A1767EC118767EC14B767EC181767EC1C8767EC20F767EC22FFD
:20C2BC000006761F02D642306C4A761F02AA923E6038761F02DB470C6C34761F02D60E122C
:20C2CC00761F01BF1EA6CC010010FFC380A906A60FA76005761F02F244026D04761F02D6FD
:20C2DC000A0E761F02D60A0C920C52146811920E520267059210610A0B106F080A101B10E6
:20C2EC0001F469041830FFFB2B102B0C2B0E761F01BFCC010010761F02D6FFC396126F105B
:20C2FC00761F01BF44016D0C761F02D60A0E1B0E271068061830FFFB2B0E6F022B0E761F02
:20C30C0002D643306C4A761F02AA923E6038761F02DB470C6C34761F02D60E13761F01BF1F
:20C31C001EA6CC010020FFC480A906A60FA76005761F02F244026D04761F02D60A0F761F42
:20C32C0002D60A0D920D52146811920F520267059211610A0B116F080A111B1101F46904D9
:20C33C001830FFF72B112B0D2B0F761F01BFCC010020761F02D6FFC496136F10761F01BF06
:20C34C0045016D0C761F02D60A0F1B0F271068061830FFF72B0F6F022B0F00060006761FF9
:20C35C0001BF1A0D00800200761F02D61E320006761BFFF0E20000BDE63006002942561683
:20C36C0076256F00761BFFF0E20000BDE63006002942561676256F00761BFFF0E20000BD6C
:20C37C00E63006002942561676256F00761BFFF0E20000BDE63006002942561676256F0088
:20C38C00761BFFF0E20000BDE63006002942561676256F00761BFFF0E20000BDE63006003A
:20C39C002942561676256F00761BFFF0E20000BDE63006002942561676256F00761BFFF004
:20C3AC00E20000BDE63006002942561676256F00761BFFF0E20000BDE630060029425616C3
:20C3BC0076256F00761BFFF0E20000BDE63006002942561676256F00761BFFF0E20000BD1C
:20C3CC00E63006002942561676256F00761BFFF0E20000BDE63006002942561676256F0038
:20C3DC00761BFFF0E20000BDE63006002942561676256F00761BFFF0E20000BDE6300600EA
:20C3EC002942561676256F00761BFFF0E20000BDE63006002942561676256F00761BFFF0B4
:20C3FC00E20000BDE63006002942561676256F00761BFFF0E20000BDE63006002942561673
:20C40C0076256F00761BFFF0E20000BDE63006002942561676256F00761BFFF00005ABBDFD
:20C41C00A8BDA0BDC2BDC3BDE20000BDE20300BDE20301BDE20302BDE20303BDE6300600F6
:20C42C00FF6929425616767EDC2B761F003356BF0121E2AF03BEE2AF02BEE2AF01BEE2AF33
:20C43C0000BEE28000BEC5BEC4BE83BE8ABE87BE00033B30FFF176177602761BFFF0E2006A
:20C44C0000BDE63006002942561676256F00761BFFF0E20000BDE630060029425616762569
:20C45C006F00761BFFF0E20000BDE63006002942561676256F00761BFFF0E20000BDE63000
:20C46C0006002942561676256F00761BFFF0E20000BDE63006002942561676256F00761B1C
:20C47C00FFF0E20000BDE63006002942561676256F00761BFFF0E20000BDE630060029426F
:20C48C00561676256F00761BFFF0E20000BDE63006002942561676256F00761BFFF0E2009C
:20C49C0000BDE63006002942561676256F00761BFFF0E20000BDE630060029425616762519
:20C4AC006F00761BFFF0E20000BDE63006002942561676256F00761BFFF0E20000BDE630B0
:20C4BC0006002942561676256F00761BFFF0E20000BDE63006002942561676256F00761BCC
:20C4CC00FFF0E20000BDE63006002942561676256F00761BFFF0E20000BDE630060029421F
:20C4DC00561676256F00761BFFF0E20000BDE63006002942561676256F00761BFFF0E2004C
:20C4EC0000BDE63006002942561676256F00761BFFF0E20000BDE6300600294256167625C9
:20C4FC006F00761BFFF0E20000BDE63006002942561676256F00761BFFF0E20000BDE63060
:20C50C0006002942561676256F00761BFFF0E20000BDE63006002942561676256F00761B7B
:20C51C00FFF0E20000BDE63006002942561676256F00761BFFF0E20000BDE63006002942CE
:20C52C00561676256F00761BFFF0E20000BDE63006002942561676256F00761BFFF0E200FB
:20C53C0000BDE63006002942561676256F00761BFFF0E20000BDE630060029425616762578
:20C54C006F00761BFFF0E20000BDE63006002942561676256F00761BFFF0E20000BDE6300F
:20C55C0006002942561676256F00761BFFF0E20000BDE63006002942561676256F00761B2B
:20C56C00FFF0E20000BDE63006002942561676256F00761BFFF0E20000BDE630060029427E
:20C57C00561676256F00761BFFF0E20000BDE63006002942561676256F00761BFFF0E200AB
:20C58C0000BDE63006002942561676256F00761BFFF0E20000BDE630060029425616762528
:20C59C006F00761BFFF0E20000BDE63006002942561676256F00761BFFF0E20000BDE630BF
:20C5AC0006002942561676256F00761BFFF0E20000BDE63006002942561676256F00761BDB
:20C5BC00FFF0E20000BDE63006002942561676256F00761BFFF0E20000BDE630060029422E
:20C5CC00561676256F00761BFFF0E20000BDE63006002942561676256F00761BFFF0E2005B
:20C5DC0000BDE63006002942561676256F00761BFFF0E20000BDE6300600294256167625D8
:20C5EC006F00761BFFF0E20000BDE63006002942561676256F00761BFFF0E20000BDE6306F
:20C5FC00060029425616E28000BEFFF176177602761BFFF0E20000BDE6300600294256161B
:20C60C0076256F00761BFFF0E20000BDE63006002942561676256F00761BFFF0E20000BDC9
:20C61C00E63006002942561676256F00761BFFF0E20000BDE63006002942561676256F00E5
:20C62C00761BFFF0E20000BDE63006002942561676256F00761BFFF0E20000BDE630060097
:20C63C002942561676256F00761BFFF0E20000BDE63006002942561676256F00761BFFF061
:20C64C00E20000BDE63006002942561676256F00761BFFF0E20000BDE63006002942561620
:20C65C0076256F00761BFFF0E20000BDE63006002942561676256F00761BFFF0E20000BD79
:20C66C00E63006002942561676256F00761BFFF0E20000BDE63006002942561676256F0095
:20C67C00761BFFF0E20000BDE63006002942561676256F00761BFFF0E20000BDE630060047
:20C68C002942561676256F00761BFFF0E20000BDE63006002942561676256F00761BFFF011
:20C69C00E20000BDE63006002942561676256F00761BFFF0E20000BDE630060029425616D0
:20C6AC0076256F00761BFFF0E20000BDE63006002942561676256F00761BFFF0E20000BD29
:20C6BC00E63006002942561676256F00761BFFF0E20000BDE63006002942561676256F0045
:20C6CC00761BFFF0E20000BDE63006002942561676256F00761BFFF0E20000BDE6300600F7
:20C6DC002942561676256F00761BFFF0E20000BDE63006002942561676256F00761BFFF0C1
:20C6EC00E20000BDE63006002942561676256F00761BFFF0E20000BDE63006002942561680
:20C6FC0076256F00761BFFF0E20000BDE63006002942561676256F00761BFFF0E20000BDD9
:20C70C00E63006002942561676256F00761BFFF0E20000BDE63006002942561676256F00F4
:20C71C00761BFFF00005ABBDA8BDA0BDC2BDC3BDE20000BDE20300BDE20301BDE20302BDC7
:20C72C00E20303BDE6300600FF692942561676408831761F003356BF0121E2AF03BEE2AF9C
:20C73C0002BEE2AF01BEE2AF00BEE28000BEC5BEC4BE83BE8ABE87BE00033B30FFF17617A0
:20C74C007602761F02ED921E900F5204600E0A2E1B2E03E86903282E03E80A301B3003E835
:20C75C006906283003E86F032B2E2B30CC1E000F520462105204612A5200FFE1009E520120
:20C76C00FFE100825202FFE100B75203616CFFEF00B85205FFE100A35206610D5207FFE0C0
:20C77C0000B0471EFFEC00AD181EFF7F181EFFF0FFEF00A7461EFFEC00A4CC1EFFF050075F
:20C78C00961E181EFFBFFFEF009C761F01C146156D1745156D0347156C2D56BF031156BF28
:20C79C0023111A1100011811FFFD761F02EDCC1EFFF05003961E2B202B2E2B306F1B761F76
:20C7AC0002ED58208F00B0C0761F01C1C6179694761F02ED0A202B30922F542E66070E21C1
:20C7BC00761F02C388000FA66105761F02ED2B2E2B20761F02ED92206104922F54306804EC
:20C7CC001B20010A68082B302B2ECC1EFFF05005961E2B2D4A1E6C54181EFFF00A2D181EEF
:20C7DC00FBFF6F4E761F01C146146C4A1A1100011811FFFD761F02EDCC1EFFF05004961E69
:20C7EC002B206F3E921F54356912761F01C147146C37761F02ED58358F00B200761F01C182
:20C7FC0092949619761F02ED0A356F2ACC1EFFF05002961E6F254E1E6C23181EBFFF921FD9
:20C80C00611F761F01C11A110002761F02ED2B35CC1EFFF05001961E6F13761F01C1181144
:20C81C00FFFE761F02ED181EFF7FCC1EFFF05006961E6F062B1FCC1EFFF05003961E00063F
:20C82C00761F02DB4B246C0D761F02E9920652036808761F02DB922B900F6103767EC74D7B
:20C83C000006B2BD761F02ED9220520368209CFE8F00B0C0767EAA6788A9761F02ED592088
:20C84C0058208F00B0C0D981D8825603089C949480A90EA6BE000FA76102BE0192A6CD1EE6
:20C85C00FFEF9001FF83CAA8961E6F03181EFFEF8BBE0006761F02ED0E21761F02C388001B
:20C86C000FA66054761F02ED2B24767EC83D441E6D48761F02C392015203610F52066108ED
:20C87C00761F02ED56BF012456BF02256F09761F02ED56BF01256F04761F02ED2B2592256D
:20C88C005202613A5200610E5201601A761F02C3560308029403761F02ED962256BF012346
:20C89C006F0F761F02C3E2C400027700E84FC0007700E68E0000761F02EDE2130023922550
:20C8AC00600492235210660892255201601588260E220FA6611156BF032456BF02256F0C0C
:20C8BC0056BF042456BF02256F07761F02ED56BF032456BF02250006B2BD761F02ED9225C1
:20C8CC006113520161045202612D6F3088260E220FA6602C88280E230FA660281A1E8000AA
:20C8DC001A1E00806F23BE03D10092A1542867139A0158A694A680A98F00B0C05603089447
:20C8EC0058A794948F00B9EF969CDE02D90192A1542868EF1A1E01001A1E80001A1E008033
:20C8FC006F05181E7FFF1A1E00808BBE0006761F02ED8F00B0C0D5000E20767EE2D8761F24
:20C90C0002ED2B200006B2BDAABDA2BD59A45AA85BA9761F02ED491E6D4D520061265201C2
:20C91C0061065202603856BF03386F359221761F02C8960056BF060192A2FFC79602CCA2F0
:20C92C0000FF9603761F02A1923F761F02C8FFC79604761F02A1C63F761F02C89605761FBF
:20C93C0002ED56BF06386F179221761F02C8960056BF030192A2FFC79602CCA200FF9603BA
:20C94C0092A1FFC79604CCA100FF9605761F02ED56BF063892A35202610992A152806603F9
:20C95C0096366F0556BF80366F0279362B371A1E02009236520569049A0574366F042B364B
:20C96C0056BF0137923761228F00B2009238767EAA67761F02ED58389B018F00B20095A0DC
:20C97C009738CDA900FF979458389B01FFC795A0973896949238961F767EC9031A1E400055
:20C98C00181EDFFF7B2B7A27792982BE86BE8BBE00060006761F02D643336D19761F02EDC8
:20C99C00922DBE01520A6705922C520A6702BE00761F02D6923393A9FFD29101CCA9FFF7B8
:20C9AC00CBA69101FF92CBA997336F05761F02ED2B2D2B2C0006761F02DB922B900FFFE13E
:20C9BC0000C1761F02DB4B24FFEC00AA761F02E992065203FFE800A4761F02ED921E900F59
:20C9CC00520460090A319231526468062B311A1E04006F022B31921E900F5206601B767EEF
:20C9DC00C8669224600C922552026109761F02D61833FFF7761F02ED2B2C6F08761F02D609
:20C9EC001A330008761F02ED0A2C1A1E0040181E7FFF921E900F52076007767EC8C8471EF8
:20C9FC006C03767EC903921E900F606F481E6D0F2B2A2B2656BF0C280A32923252C8685724
:20CA0C002B32181EFDFF1A1E20006F514B1E6D1E4F1E6D110A33923352C868492B33922B9C
:20CA1C00962A9227962692299628181EFDFF1A1E20006F3D2B2A2B2656BF0C28181EFDFFF5
:20CA2C001A1E2000181E7FFF6F3256BF012A923461175201610C5202601B28261036761F07
:20CA3C0002F1923E761F02A1963F6F1256BF0A26761F02F1923D761F02A1963F6F0956BF53
:20CA4C000B26761F02F1923C761F02A1963F761F02ED0A349234520360042B34181EF7FF6A
:20CA5C0056BF01281A1E2000181EFDFF4D1E6C0D922A5C289326767EC90F6F07767EC90313
:20CA6C001A1E00802B1F2B20761F02DB4B246C0D761F02DB922B900F6108767EC9966F0505
:20CA7C00761F02D61833FFF70006761F02DB922B900F6144761F02ED481E6C40761F02EF57
:20CA8C000E11761F02F1883C0FA6610D761F02EF9211527F6608761F02F1963C761F02EDB6
:20CA9C001A1E0800761F02EF0E12761F02F1883D0FA6610E761F02EFCC12FFFE60099212B5
:20CAAC00761F02F1963D761F02ED1A1E0800761F02EF0E13761F02F1883E0FA6610F28A960
:20CABC001234761F02EF541360099213761F02F1963E761F02ED1A1E0800000600060006E7
:20CACC0000060006761F02ED56BF012156BF132F181EFFF0181EFEFF0006FE02761F02A196
:20CADC004D286D054B286D0349286C060638600492265201600F9B009A5F54A864089226BD
:20CAEC005201610552026103063861041828FFEF6F031A280010761F029AE2AF003CE8AF8F
:20CAFC00E000E801FC01E6940001AD146312761F029BE2AF00068F004650E68A0000A8ACF1
:20CB0C00761F02A1BFA90F12564400A90F3C6706761F02A19226520161041828FFDF6F0315
:20CB1C001A28002048286D12761F029BE2AF00088F004650E68A0000A8AC761F02A1BFA954
:20CB2C000F12564400A90F3A67049226520261041828FFBF6F031A28004042286D0F761FF3
:20CB3C0002B39A00932A530060029A0152016106761F02A11A2800086F05761F02A1182855
:20CB4C00FFF742286C1392265205611052056105520061039226962B922B52056103922B49
:20CB5C00600356BF012B56BF0526761F02B39A00932A530060029A0152016013761F02A1E6
:20CB6C009226610F52056105520061039226962B922B52056103922B600356BF012B2B266B
:20CB7C00761F02A192265201611243286C10922F5201610A922F600B44286D0647286D0492
:20CB8C00922B5201600456BF01262B2B92265202611243286C10922F5202610A922F600B71
:20CB9C0045286D0647286D07922B5202600456BF02262B2B92265203611843286C16922F7A
:20CBAC005203611092265204610D922F600E46286D0947286D04922B5203610492305201A8
:20CBBC00600456BF03262B2B9226520461029228FE820006761F02A12B2F2B302B272B2E18
:20CBCC0002001E361E361828FF7F1E381E341828FDFF1E322B2D1828DFFF1E3C1E3A182845
:20CBDC00FEFF2B2C2B262B2856BF012B0006FE02761F02A19226520161109A00542E6502C3
:20CBEC00962E92265205600C020019100F3669080201560100366F042B2E02001E368F00C8
:20CBFC003A98A8A90F3668069A019B0094A8542E630502001E361A28008047286C0A922632
:20CC0C005201610552026103922F61031828FF7F42286D18761F02B39A00932A530260026D
:20CC1C009A015201600B761F02A10A2A922A5264691F1A2800042B2A6F1B761F02A12B2A87
:20CC2C006F17761F02B39A00932A530260029A015200600B761F02A10A2A922A5264690863
:20CC3C001828FFFB2B2A6F04761F02A12B2A9226520161105202610E5205610947286D0766
:20CC4C00063861190201564100386F1502001E386F12761F029BE2AF010EE8025418E80EC3
:20CC5C00B000E70000407700E68A0000761F02A1E20300389226520361105205610E52000F
:20CC6C00610C52016105520261035204602902001E341828FDFF6F24020156010034761FA5
:20CC7C00029BE2AF010CE8025418E80EB000E70000407700E68A00007700761F02A1BFA93C
:20CC8C000F120F3468041828FDFF6F031A280200020019100F346704020019101E349226B8
:20CC9C0052046112520561105200610E52016105520261035203603602001E321828FBFF3E
:20CCAC001828F7FF6F2F02015601003228A9B40028A807350F3268041828FBFF6F031A28DC
:20CCBC000400761F029BE2AF010AE8025418E80EB000E70000407700E68A00007700761F70
:20CCCC0002A1BFA90F120F3268041828F7FF6F031A280800020019100F326704020019107B
:20CCDC001E324D286D1C9A343B0185A9BDA90F127700770077007700E6890000E801FC01FA
:20CCEC00E6940001AD146309932D0A2D1BA801F469251A2820006F222B2D6F209A343B015F
:20CCFC0085A9BDA90F127700770077007700E6890000E801FC01E6940001AD1465061B2D43
:20CD0C00FFFF67040A2D6F022B2D1B2D01F466049226520160031828DFFF922652016112ED
:20CD1C00063C610402015641003C922652026107520361055204610347286C0B02001E3C4F
:20CD2C006F08020019100F3C690402015601003C922652026112063A610402015641003AFF
:20CD3C00922652016107520361055204610347286C0B02001E3A6F08020019100F3A690457
:20CD4C0002015601003A761F029BE2AF0104761F029BE2AF0010E7000040761F02A1922681
:20CD5C0052026007E805FC01E6940001AD14640D48286C090A2C922C52FA69121828FEFF88
:20CD6C002B2C6F0E2B2C6F0C48286D090A2C1B2C753069061A2801002B2C6F022B2CFE82A8
:20CD7C000006761F02A19229612592295201611692295202610B92295203601B9230520277
:20CD8C00600356BF01302B2F6F149226520161035202600F56BF032F6F0C92265204610599
:20CD9C0052036103520060050638600356BF022F2B29922652026004922F52026106922628
:20CDAC00520261052B306F0356BF0230922F52036104922F5204600692265203610D5204D0
:20CDBC00610B922F5202600692265202610552016103922660022B2F000600060006761F2C
:20CDCC0002A14C286D05767ECBC61A2810004C286C07767ECD7D767ECBE3767ECAD9000683
:20CDDC00000600060006761F02EF5C1FDC01BE0093A6551F67272901B60092A68F40BA802D
:20CDEC00560301A9560100A506C50F2E660E92A68F40BA80560301A9560100A506C50F2E64
:20CDFC00600556BF01276F02DC8192A68F40BA80560301A9560100A5C3C5DE0193A6551F53
:20CE0C0068DD92A40006FE08761F018040046D2C56BF084228A9010628A891001E48761FF9
:20CE1C0002EDA348027F18AB0FFF18AAFFF88903FF3BCAABCBAA1E48761F02EF062E1E46DD
:20CE2C005CADDC865CA402001ED45CADDC885CA4767EDE6E761F02EF0A28922852086804A2
:20CE3C0056BF03252B28FE880006FE08761F018040046D1F56BF084228A9010628A8910036
:20CE4C001E48761F02EF062E1E465CADDC865CA402001ED45CADDC885CA4767EDE6E761FA1
:20CE5C0002EF0A289228520368042B2856BF0126FE880006761F02EF92256008921C603614
:20CE6C0056BF01252B282B1F6F315201612052026115520361075204602956BF011C2B2572
:20CE7C006F2592226023767ECDDF761F02ED9603761F02EF56BF04256F19932B0A2B1BA80C
:20CE8C00012C68142B2B767ECE0F6F10922652016109922B0A2B527868092B2B767ECE413C
:20CE9C006F0556BF02252B262B2B0006761F02EF92226138B600BE0092A6541F671729017F
:20CEAC00560301A98F00BA80560100A456030123A3C48F00BB00560100A4A9A90FC46002EF
:20CEBC00B601DE0192A6541F68EC92A7601429018F00BB0056030123560100A4C4C4560347
:20CECC00011F8F00BA80560100A4C2C4921F521F67020A1F9223521F68032B236F020A23AB
:20CEDC000B220006761F02EF922052016005767ECE66767ECEA2761F02E99206520169169D
:20CEEC00761F02EF922061059224600356BF012492245201600A1B2A03E866030A2A6F0680
:20CEFC002B1C2B2A2B246F022B2A0006761F02EF2B262B1C2B252B280006CCC40FF0FFC347
:20CF0C005210603506C42901FF4B907F6118761F02EF92215220672B922252206728C4D4BE
:20CF1C00560301218F40BB00560100A5C2C50A220A2192215220681B2B216F198F40BA8091
:20CF2C00F6412B858F40BB00F6412B85761F02EA06D41E00761F02EF56BF011F2B212B22C0
:20CF3C002B2356BF01262B1C56BF0125CCC40FF0FFC35211602F06C42901FF4B907F600BCE
:20CF4C00CCDC0FFF520258A9672592D48F00BBF096946F2006C4FF4B907F88A980A6761FC6
:20CF5C0002ED0E030FA76113CDDC0FFF58A892A6522066105302670E88D49CFF8F00B900AB
:20CF6C00560302A9560100A47E946F04761F02EF2B1C0006FE08761F02EF921D5201612E31
:20CF7C001B2D01776929761F018040046D4556BF084228A9011628A891001E48761F02EDA5
:20CF8C00A348027F18AB0FFF18AAFFF88903FF3BCAABCBAA1E482B45761F02EF92329646E3
:20CF9C002B432B445CADDC885CA4767EDE6E761F02EF2B2D6F210A2D6F1F761F018040045E
:20CFAC006D1B56BF084228A9011628A891001E4818480FFF1847FFF82B45761F02EF921E65
:20CFBC0096462B432B445CADDC885CA4767EDE6E761F02EF2B1DFE8800063100BE00D500D1
:20CFCC00761F02EF1B2C0BB86956921D6055761F02ED2901920376C0B9009CFF560302A9C1
:20CFDC00560100A7761F02EF923296C7B60092A7522067272901560302A98F00B9005601D4
:20CFEC0000A492C4611A92A78F00B900560302A9560100A4A9A90DC4FF5A92A7560302A977
:20CFFC008F00B900560100A42BC4DE0192A6520160049A0194A75DA9DF0192A7522068DC6A
:20D00C00A9A9611592A6611388A60200761F02EFF61F561700A63F1E88A5761F02ED0E0393
:20D01C000FA66005761F02EF56BF011D761F02EF2B2C6F020A2C00067622761F01BECC36A9
:20D02C00FFCF50209636CC36FCFF1AA902009636CC36CFFF1AA920009636CC37FFCF50208C
:20D03C009637CC37FCFF1AA902009637CC37CFFF1AA920009637761AFF6900067622761FCB
:20D04C0001C01A1C000876FD7C80FF693E67761A7622761F01C41A0000401A0000201A0019
:20D05C0000801A0040001800FFF7761A8F00464EFF69A8A9764088987622761F01C41A017D
:20D06C000001761A8F00464EFF69A8A976408898000688A9761F01C4CC20FC3FCDA6000F27
:20D07C00FF95CBA99720CDA6000FCC21FC3FFF95CBA99721CDA6000FFF95CC22FC3FCBA9B8
:20D08C009722CDA6000FFF95CC23FC3FCBA99723CDA6000FFF95CC24FC3FCBA99724CDA67A
:20D09C00000FFF95CC25FC3FCBA99725CDA6000FFF95CC26FC3FCBA99726CDA6000FFF95EB
:20D0AC00CC27FC3FCBA99727CDA6000FFF95CC28FC3FCBA99728CDA6000FFF95CC29FC3F46
:20D0BC00CBA99729CDA6000FFF95CC2AFC3FCBA9972ACDA6000FFF95CC2BFC3FCBA9972B26
:20D0CC00CDA6000FFF95CC2CFC3FCBA9972CCDA6000FFF95CC2DFC3FCBA9972DCDA6000FC0
:20D0DC00FF95CC2EFC3FCBA9972ECCA6000FFF85CD2FFC3FCAA8962F0006B2BDD100BE06B5
:20D0EC00761F01C493A6CC20FFC0913FCBA99720CDA6003FCC21FFC0CBA99721CDA6003FAF
:20D0FC00CC22FFC0CBA99722CDA6003FCC23FFC0CBA99723CDA6003FCC24FFC0CBA997241C
:20D10C00CDA6003FCC25FFC0CBA99725CDA6003FCC26FFC0CBA99726CDA6003FCC27FFC079
:20D11C00CBA99727CDA6003FCC28FFC0CBA99728CDA6003FCC29FFC0CBA99729CDA6003FDD
:20D12C00CC2AFFC0CBA9972ACDA6003FCC2BFFC0CBA9972BCDA6003FCC2CFFC0CBA9972CBB
:20D13C00CDA6003FCC2DFFC0CBA9972DCDA6003FCC2EFFC0CBA9972ECCA6003FCD2FFFC021
:20D14C00CAA8962F1A0800201A0820001808FFBF1808BFFF1A000004CC08FFE05006960887
:20D15C00CC08E0FF1AA90E009608CC14FFFC50029614CC14FFF350089614CC14FFCF5020C8
:20D16C009614CC14FF3F50809614CC14FCFF1AA902009614CC14F3FF1AA908009614CC14F0
:20D17C00CFFF1AA920009614CC143FFF1AA980009614CC15FFFC50019615CC15FFF350042E
:20D18C009615CC15FFCF50109615CC15FF3F50409615CC15FCFF1AA901009615CC15F3FFA6
:20D19C001AA904009615CC15CFFF1AA910009615CC153FFF1AA9400096158F00464EA8A993
:20D1AC0076408898761F01C456BFFF1AD40028A9010054A46934761F01C440046CFD1A05A4
:20D1BC000001B2A9761F002C0D000D010D020D030D040D050D06761F01C449186DFD761F0C
:20D1CC00002C0D07761F01C441046CFD1A050002761F002C0D080D090D0A0D0B0D0C0D0D8C
:20D1DC000D0E761F01C441186DFD761F002C0D0F8BA9DC1028A9010054A466CE761F01C4A6
:20D1EC001808FFDF1808DFFF921860FF1A0500011A0500021A0700011A070002CC10FFE0DD
:20D1FC00500196109210901F520160FD1810FFE09210901F60FE28A9010088A9B2AB020003
:20D20C00F61F561700A692AB8BBE00067622761F01C41800FFF71A0000029A0DFF69767E2F
:20D21C00D075761F01C5CC01FE0050509601767ED0E99B50761F01C59FA918A801FFCC0188
:20D22C00FE00CBA99701761F01C41800FFFD761AFF69000627A988A828A910009EAB80A919
:20D23C00611229018F00B44A560303A6560100A40EAB1EAC0EA71EA7566500C40200F61F18
:20D24C00561700A729018F00BC40560302A6560100A406C4612D560302A68F00BC435601BF
:20D25C0000A492C46125560302A68F00BC40560100A48AC4C5C48F40BC40560302A68F0079
:20D26C00BC43560100A5560302A6560100A492C49CFF560301A907C58AA9C4C406A70FABC9
:20D27C00680606A60FAB6904A3A66F02A3A7A9A90006AABD8EA9D20029018F40BC43560334
:20D28C0002A4560100A580C52BAA560302A48F40BC43560100A527C5560302A48F40BC4245
:20D29C00560100A592C560235DAB560302A47680BC40560100A6560301A507C6190283A993
:20D2AC003AA90FC568062DAB350A9CF6FFEF00DF560302A48F40BC40560100A583C53AA9D6
:20D2BC000FC566272DAA350AFFEF00D15DAB560302A47680BC40560100A6560301A507C65A
:20D2CC00190283A93AA90FC566062DAB350A9CF6FFEF00BD560302A48F40BC40560100A5BE
:20D2DC0083C53AA90FC568052DAA350AFFEF00AFBE006F0792A76104FFC080A9DA01DE019F
:20D2EC009A0194A254A666F7BE0092A254A6FFE9009E290192AB94AAFFC02DA976C0BC401C
:20D2FC00560302A4560100A7560301AC07C783A906C50FA0FFE1008A0FA0680D560302A40E
:20D30C008F40BC42560100A592C5600327AC6F0E2FAC6F0C560302A48F40BC42560100A510
:20D31C0092C560032FAC6F0227AC92AA9EAB80A98F40FFFFA0A90FA76106DE0192A254A62A
:20D32C0066CA6F64560302A48F40BC42560100A592C5602E560302A47680BC40560100A643
:20D33C002DAA560301AC07C683A9C4C5560302A48F40BC40560100A5560301AB07C58AA9A8
:20D34C00A3C43AA9565D00A603A68EA9FF321EA7A9A63AA9FF3007A7FF5A0200F61F56175C
:20D35C0000A6350A1EA692AB93A694A86F2F560302A47680BC40560100A6560301AB07C6F8
:20D36C0083A9C4C5560302A48F40BC40560100A52DAA560301AC07C58AA9A3C4A9A903A0EE
:20D37C008AA9565D00A6FF321EA7A9A6A8A9FF3007A7FF5A0200F61F561700A6350A1EA60C
:20D38C0092AB93A694A86F02350A86BE0006B2BD59A8767ED2365CA1767ED28588A92901C6
:20D39C008F00B44C560303A1560100A493C495A692A88BBE00068F3EEE82761F02F1A80C56
:20D3AC0056BF9C0F56BF010E761F02D18F0013ECA8222824FED4761F02F18F3EED36A8146B
:20D3BC0056BFA61756BF0116761F02D18F00B798A8322834FE7000067622761F01C018124B
:20D3CC00BFFF1A1220001812FFFD1A1200011812FFFB1A1204001812FEFF761AFF6900066B
:20D3DC007622761F01C056BF552556BFAA25761AFF6900067622761F01C01812FBFF1A1294
:20D3EC0000021A1220001A1240001A1200011812FFFB1812FEFF761AFF6900067622761FC4
:20D3FC0001C01812FEFF1812FFFE1A1220001A1240001A120400761AFF6900067622761FEF
:20D40C0001C056BF6829761AFF69000688A880A9761F01C043116C0676221A110010761AC3
:20D41C007625CC110180610576221811FE7F761A0EA7FF5A9221901F5CA9A9A90FA46114D4
:20D42C0076221A110040CCA7001FCD21FFE0CAA89621761AFF69767ED40A40116CFF762237
:20D43C001811FFBF761A92A6520161035202600976229003CD11FE7FFF86CAA89611761AF9
:20D44C0092A6520360127622CC11FE7F1AA9010096118F000382FF69A8A976408898761F2C
:20D45C0001C01A110180761AFF6900067622761F01C056BF021BCC10FFFC500296101A1D1F
:20D46C0000011A1D00021A1D00041A1D00081A1D00101A1D00201A1D00401A1D0080181CEC
:20D47C00FFFE1A1C0004181DBFFF181D7FFF1A1D01001A1D02001A1D04001819FEFF1819A8
:20D48C00FDFF1819FBFF1819F7FF1A1C00081820FFFE1820FFFD1820FFFB1A2001001A20E4
:20D49C0002001A2004001820F7FF1820BFFF1A2080001A1C0010181CFEFF181CFDFF1A1C75
:20D4AC0004001A1C0800181CEFFF1A1C40001A1C0004761AFF690006767ED40A76221A1CAE
:20D4BC00000876FD7C80FF693E67761F01C0181CFFF7761AFF69767ED3FA9A129B02767E56
:20D4CC00D412767ED462000688A87622761F00224E016C031801BFFF761F01C01A30000472
:20D4DC009003CD30FFFCCAA89630CDA6000FCC32FFF0CBA99732FF69767ED40A40346CFFA8
:20D4EC00761F0022CCA40001CD01BFFFFF8DCAA89601761AFF6900067622761F01C01A10C1
:20D4FC0000401A1240001812DFFF1812FFFD1A1200011812FFFB1A1204001812FEFF761AFE
:20D50C00FF690006FE027622761F002B2820FFFF2821FFFF2822FFFF2823FFFF2824FFFFD1
:20D51C002825FFFF2826FFFF2827FFFF761A761FFDFF9238964192399641923A9641923B37
:20D52C009641923C9641923D9641923E9641923F9641761F002B922F9001F001FF69FE8283
:20D53C0000060006761F02E992056037920660090A0B920B5205692A2B0B56BF01066F2691
:20D54C00520161225202611D5203611852046005761F02BC41016D0D52056018761F02E930
:20D55C00920B0A0B523269122B0B56BF06066F0E761F02E956BF05066F0956BF04066F067E
:20D56C0056BF04066F0356BF0206761F02E992065206600356BF0105920552016008920B14
:20D57C000A0B523269042B0B56BF020592055202600356BF030592065204680E920B0A0BB6
:20D58C005232690A761F02BC40016D061A010001761F02E92B0B0006767ED53E761F02E922
:20D59C00920A52326809761F01BF1A060001761F02E92B0A6F020A0A0006761F02E9460D55
:20D5AC006D0A410D6C0CCC0CFFF05001960C180DFFFD6F05CC0CFFF05003960CCC0C000F30
:20D5BC0061195201610E520261225203601C410D6C1ECC0CFFF05001960C180DFFFD6F1732
:20D5CC00420D6C15CC0CFFF05002960C180DFFFB6F0E410D6C0CCC0CFFF05001960C180D73
:20D5DC00FFFD6F05CC0CFFF05001960C0006761F02E9CD10FFFD761F02DBCC248000FFCEF7
:20D5EC00761F02E9FF80CAA89610FFC6CD0DFFBF9001FF85CAA8960DCC0C000F614D520199
:20D5FC00611B5202610E5203604C761F02A91800FF7F761F02E9460D6D461A0D00026F4398
:20D60C00761F02A91A000080761F02E941106D3B1A0D00026F38761F02A91800FF7F761F70
:20D61C0002E992125255611D761F02A918007FFF761F02E99210761F02A29300FFC0761F22
:20D62C0002E9880DFFD5CFA9910192A6FFC19001CBA99101FF91CCA6FFFBCBA9970D6F135B
:20D63C00761F02A91A0080001800FF7F761F02E91A0D00026F08920561061A0D00026F03A5
:20D64C001A0D00020006767ED5A9767ED5E300060006767EE283767EDD43767ED6E3767E57
:20D65C00DA8D767EAA2A0006767EE10E767EB77B767ED807767EDAA3767EA11C767EAA3AA3
:20D66C00767EDE130006BE008F408000D0001BA0600067168F00AAAA2895555528A9555579
:20D67C0054956102BE012895AAAA8095A8A90FA76102BE012B95D8011BA0600068EE92A6F2
:20D68C00520160026F000006767EDBE9767EB802767EC35B767EE1AC767E964D767EDAC2F4
:20D69C00767EA13B767EAA58767ECACE767EDDD8767EDE4E767ECF02761F02E9281804BB0F
:20D6AC002819C48200067622761F01A11A170004761A7622761F01A61A170004761AFF693C
:20D6BC0000067622761F01A11A180004761A7622761F01A61A180004761AFF690006762213
:20D6CC00761F01A3180EFFFC180EFFF3761AFF6900067622761F01A3CC0EFFFC5001960E33
:20D6DC00CC0EFFF35004960E761AFF690006767EE0DA767EE0E6767EE0FA00067622761F03
:20D6EC0001A028050BB82B0A2B032B04CC00FFFC500296001800FFFB1800DFFF1800FFF736
:20D6FC00CC00FFCF502096001800FC7F1800E3FF1807FFBF1807FFF3CC0CFCFF1AA901005C
:20D70C00960CCC0CF3FF1AA90800960C180FFFCFCC0FFFF35008960F180FFFFC2B102B11CC
:20D71C00280A02581A190800CC19F8FF1AA901009619CC1AFCFF1AA90100961A761F01A14B
:20D72C00280505DC2B092B0A2B032B04CC00FFFC500296001800FFFB1800DFFF1800FFF744
:20D73C001800FFCF1800FC7F1800E3FF1807FFBF1807FFF3CC0CFCFF1AA90100960CCC0C5B
:20D74C00F3FF1AA90800960C180FFFCFCC0FFFF35008960F180FFFFC2B102B11761F01A3CD
:20D75C00280507082B092B0A2B032B04CC00FFFC500296001800FFFB1800DFFF1800FFF7E6
:20D76C001800FFCF1800FC7F1800E3FF1807FFEF1807FFBF1807FFFC1807FFF3CC0BFFCF70
:20D77C005010960BCC0BFF3F5080960BCC0CFCFF1AA90100960CCC0CF3FF1AA90800960C96
:20D78C00180FFFCFCC0FFFF35008960F180FFFFC2B092B0A761F01A6280505DC2B092B0A80
:20D79C002B032B04CC00FFFC500296001800FFFB1800DFFF1800FFF71800FFCF1800FC7FD2
:20D7AC001800E3FF1807FFEF1807FFFCCC0BFFCF5010960BCC0BFF3F5080960B180FFFCF1B
:20D7BC00CC0FFFF35008960F180FFFFC2B102B11761F01A0CC14FFF350089614761F01A1A9
:20D7CC00CC14FFF350089614761F01A3CC14FFFC50029614CC14FFF350089614761F01A649
:20D7DC00CC14FFFC50029614761AFF69767ED6BD767ED6D500067622761F01A11A12000136
:20D7EC001A140003CC14FFF3500896141A0D00C0761AFF6900067622761F01A61A12000231
:20D7FC00CC14FFFC500296141A14000C1A0D00C0761AFF6900067622761F01C0181CFFFBFB
:20D80C00761AFF69767ED6EA767ED7E7767ED7F700060006521B6803E5906F1D761F02AAB6
:20D81C00933E5302670F2901560302A91EA68F3EF4825603013E07A6560100A4E2AF00C486
:20D82C006F0A29018F3EF482560302A9560100A4E2AF00C40006B60092A7521B6711767ED4
:20D83C00D81692A729018F00B1CA560301A9560100A4E20300C4DF0192A7521B68F10006E5
:20D84C00FE02761F02DB442BFFED0125761F02AA283EFFFFE801D298761F02BFE809999061
:20D85C00E203001C7622761F01C4CC20F800761F02F2FFCA960E761F01C4CC080020761FFC
:20D86C0002F2FFC4960F761F01C4CC080040761F02F2FFC59610761F01C49208761F02F262
:20D87C00901F9611761F01C4182007FF1808FFDF1808FFBFCC08FFE050019608761A761FFB
:20D88C0002F22B0992095203FFE70082E590761F02C2E2030002E2030032761F02F22B0A72
:20D89C00920A52046731761F01C41A1A00010222FF6976408898761F002C9201761F02BF47
:20D8AC009608E2C80008E2AF011CE70000087700E2030030761F02C2E2AF0002761F02BFA1
:20D8BC00E2AF0130E7100040761F02C2E20300028F000706A8A976408898761F02F20A0AB3
:20D8CC00920A520468D1761F02C2E2AF0002E84FA0007700E20300322901761F02F25603B4
:20D8DC000109761F02C2C4328F00B47A560100A4C2C4E8020299E2AF0232E801F260E8091F
:20D8EC009999E7200051E80E6668E6950009E6940001AD146413E2AF0132E801F260E8B000
:20D8FC000809E80E6668E6950009E6940001AD146308761F02F20A0D6F04761F02F20A0C5A
:20D90C00761F02F20A09920952036881920C5202670E920D52026706761F02D61A320010F6
:20D91C006F09761F02AA56BF013E6F04761F02AA2B3E761F02F22B0C2B0D1A0B0010761FFF
:20D92C0002E92B1A761F02DBCD2BFFF0761F02E9921A900F761F02DBCAA8962BCD2BFFEFFC
:20D93C00761F02F2CC0B0010FFC3761F02DBFF83CAA8962B7622761F01C4CC2007FF88A95D
:20D94C00761F02F256030B0E761F01C4CAA69620CD08FFDF761F02F2920F9001761F01C478
:20D95C00FF84CAA89608CD08FFBF761F02F292109001761F01C4FF85CAA89608CD08FFE027
:20D96C00761F02F29211901F761F01C4CAA89608761AFE82FF690006761F02F09230900FF0
:20D97C005201600E0A361B3603E86903283603E80A381B3803E86906283803E86F032B368C
:20D98C002B38CC30000F5204620F520461335200FFE1008E5201614C5202FFE100A852036B
:20D99C00613EFFEF00B05205FFE1009B520661065207FFE10092FFEF00A69231543A691470
:20D9AC00761F01C14714FFEC009E761F02F0583A8F00B700761F01C192949619761F02F00E
:20D9BC000A3AFFEF0090CC30FFF050079630FFEF008A4730FFEC00871830FF7F9231600433
:20D9CC001830FFF06F7F761F01C11A110002761F02F0CC30FFF0500596306F7446306C72CE
:20D9DC00CC30FFF0500496301830FFBF6F6B761F01C146156D1145156D0347156C2756BF48
:20D9EC00031156BF2311761F02F01830FFF02B322B362B386F1B761F02F058328F00B5C040
:20D9FC00761F01C1C6179694761F02F00A322B389237543666070E33761F02D788000FA6DB
:20DA0C006105761F02F02B362B32761F02F0923261049237543868041B32010A68332B3888
:20DA1C002B36CC30FFF0500296306F2C8F00AD0092E452016127761F01C146146C231A11F3
:20DA2C0000011811FFFD761F02F0CC30FFF0500196302B326F172B311830FFF06F132B3ACE
:20DA3C00CC30FFF0500696306F0D761F01C11811FFFE761F02F01830FF7FCC30FFF050033F
:20DA4C0096300006761F02DB4B246D08761F02E9920652016903767ED9780006761F02DB04
:20DA5C004B246D23761F02E992065203681E761F02F056BF01399230900F52036009767ECF
:20DA6C00BA36761F02F01A3000401830FDFF9230900F52046013767EBCD7761F02F04730A6
:20DA7C006C0D767EBB2D6F0A767EBB2D761F02F01A3000802B312B322B3900060006000660
:20DA8C0000067622761F01BE180CEFFFCC07FCFF1AA902009607180DEFFF1A050300CC093C
:20DA9C00FCFF1AA901009609761AFF6900067622761F01C156BF071056BF031156BF03149E
:20DAAC001814FFFE1814FFFD56BF011256BF231356BF2311281A8040281B204F2B1C181F1B
:20DABC00FFEF1A1F0008761AFF690006761F02F056BF013356BF1437000600060006FE02DB
:20DACC00761F02EF9A009302530160029A01761F02F29001CD02FFFBFF81CAA89602761F32
:20DADC0002EF9203761F02F2960352646606521E670656BF1E036F0356BF640342026D6D41
:20DAEC002B08761F02C2E2AF002EE8121D50AD146444761F02F21B073A98673F0A07920534
:20DAFC00521E69080A069206523268062B060B056F0356BF1E05920552646606521E67060E
:20DB0C0056BF1E056F0356BF6405E801E118E2C40105E80EB850E70000407700E8513840F6
:20DB1C007700E68E0000761F01A3E2130009761F02F2E801E118E2C40105E80EB850E700CB
:20DB2C0000407700E85138407700E68E0000761F01A3E213000A6F1C761F02F22B072B06D7
:20DB3C0056BF1E042B057622761F01A31A180004CC0EFFFC5001960ECC0EFFF35004960ECD
:20DB4C00761A2B092B0A761F02F21802FFEF761F02F2920596046F537622761F01A31A17B1
:20DB5C000004180EFFFC180EFFF3761A761F02F2920852FA690E92035404660754046803D9
:20DB6C0096046F040B046F020A041A0200106F020A08920452646606521E670656BF1E0483
:20DB7C006F0356BF6404E801E118E2C40104E80EB850E70000407700E85138407700E68ED5
:20DB8C000000761F01A3E2130009761F02F2E801E118E2C40104E80EB850E7000040770090
:20DB9C00E85138407700E68E0000761F01A3E213000A761F02F2920496052B07FE82FF69C1
:20DBAC000006761F02F242026C349204613244026C30761F02D642306D14761F01BF4401E1
:20DBBC006C0D761F02F20A001B001388680A2B00761F02D61A3000046F04761F02F22B0008
:20DBCC00761F02D643306D17761F01BF45016C0D761F02F20A011B011388680D2B01761F40
:20DBDC0002D61A3000086F07761F02F22B016F032B002B010006000600062BAC92AC52058D
:20DBEC00673E9A068F3EF4EE36A9560100A4BE0636A6C4C48F00BAE0560100A4C2C476FE05
:20DBFC00F4F09A06BE0636A9560100A78F00BAE236A6560100A492C796C49A06BE0636A9EC
:20DC0C0076FEF4F1560100A78F00BAE336A6560100A492C796C49A06BE0636A976FEF4F24E
:20DC1C00560100A78F00BAE436A6560100A492C796C492AC9C012DA9520568C400062BAC22
:20DC2C0092AC5205672C9A068F00BAE036A9560100A40AD49A0636A98F00BAE3560100A489
:20DC3C009A0688C436A98F00BAE2560100A492A654C466109A068F00BAE236A9560100A46C
:20DC4C002BC49A0636A98F00BAE4560100A456BF01C492AC9C0152052DA968D600060006F6
:20DC5C00761F02E0922C9639767EB772767EDCFC767E9648767EA0B6767EE2E3761F02E06F
:20DC6C00922C963A9239543A6707923A9E39963B543C6902963C0006761F02E0922C9635FC
:20DC7C00767ED598767EC2AA767E92C8767EDACB767EB2F4767EA09E767EA7AD767ECDCB40
:20DC8C00761F02E0922C963692355436670792369E3596375438690296380006761F02E00E
:20DC9C00922C9631767EB534767E8C77767EDA5A767E9E19767EA77B761F02E0922C963229
:20DCAC0092315432670792329E3196335434690296340006761F02E0922C962D767ED3DCE7
:20DCBC00767EB6A1767ED64F767EC2BD767EDBAD767EDDE8767ECEDE761F02E0922C962EA3
:20DCCC00922D542E6707922E9E2D962F5430690296300006B2BDD10092A15205671D9A0690
:20DCDC002DA18F00BAE436A9560100A492C461109A068F00BAE436A9560100A42BC49A0656
:20DCEC0036A98F00BAE0560100A4C5C43E67D90192A1520568E58BBE0006000600060006D5
:20DCFC00761F02EBCC1E0700FFC75203600C9219520567030A196F08CC1EF8FF1AA9040060
:20DD0C00961E6F022B19CC1E0700FFC75201600C921B520567030A1B6F08CC1EF8FF1AA96A
:20DD1C000200961E6F022B1BCC1E3800FFCA5203600C921A520567030A1A6F08CC1EC7FF16
:20DD2C001AA92000961E6F022B1ACC1E3800FFCA5201600C921C520567030A1C6F08CC1EEA
:20DD3C00C7FF1AA91000961E6F022B1C00067622761F01BE1A0C00011806FFFC1A0A00016B
:20DD4C00761F01BF1A040001761F01BE1A0C40001807CFFF180ABFFF1A0D01001809FFFC78
:20DD5C00180BFEFF1A1D008018183FFF1A1B0080761F01BF1A0D0080761F01BE1A1D040022
:20DD6C001819FFCF181BFBFF1A0C00041806FFCF1A0A0004761F01BF1A040004761F01BE62
:20DD7C001A1D01001819FFFC1A1B0100761F01BF1A0D0100761F01BE1A0C00101806FCFFCD
:20DD8C001A0A0010761F01BF1A040010761F01BE1A0C00401806CFFF1A0A0040761F01BF61
:20DD9C001A040040761F01BE1A0C008018063FFF1A0A0080761F01BF1A040080761F01BEC8
:20DDAC001A0D00101808FCFF180BFFEF1A0D00201808F3FF180BFFDF181DFFFB1A1400300D
:20DDBC001A180030181DFFF71A1400C01A1800C01A0D04001809FFCF180BFBFF1A0C01007C
:20DDCC001807FFFC1A0A0100761F01BF1A040100761AFF6900060006761F02B32B1B761F5B
:20DDDC0002B32B1C761F02B32B1D761F02EB181EF8FF181EC7FF0006761F02E99206520678
:20DDEC006803767ECEDE761F02ED920B600A761F02EF921C52016005761F02ED56BF010BF0
:20DDFC0000067622761F01BE180DBFFF1A053000CC09CFFF1AA910009609180D7FFFCC0956
:20DE0C003FFF1AA940009609761AFF690006767EDF3D9A0028A89000761F01841E003B019A
:20DE1C00761F0186FF2FA0001E00761F0180FF2FFFFE1E022812FFFF1A131FFF18137FFF51
:20DE2C00761F01812820FFFF1A211FFF18217FFF8F010001761F0180A800761F0184CC0232
:20DE3C00FFF05008960202001E041E067622761F018019011E2402001E2619011E1E761A69
:20DE4C00FF690006761F02ED56BF220756BF210256BF010356BF2004767ECF02761F02EDB3
:20DE5C002B0A2B052B0B2B060006FE34761F018006081E6C406C6C051A6C0001066C1E08B8
:20DE6C00FEB40006FE34761F018006001E741874FFFE06741E00761F018492F4900FCD02CF
:20DE7C00FFF0CAA8960206C41E0006D41E0406E41E061A740001761F018006741E00060454
:20DE8C001E701A70000106701E04FEB40006C5A4A0A98A440FA7690527873F840FA766FDDF
:20DE9C000006FE02767ED4B8767ED66F8F0080008F7E889CA8428F3E8000767EDE93764015
:20DEAC00885E767EE236767ED660767ED6553B10FF69767EE20E76260000762F0000767E4F
:20DEBC00E29B7622761F00358F3EC71CA8008F3EC418A80C761AFF69767EE10EE80215A038
:20DECC00E80223D18F00BC00767EE149761F02F1282E03EA767ED84C767ED837767ED690AF
:20DEDC00761F00331A2200401A22000176230001767EE22D29102920761F01C41A0500010C
:20DEEC007622761F01C056BF282956BF552556BFAA25761A761F00301804FFEF7622761FC3
:20DEFC0001C01A1C0004761AFF69767EDCD66FFD761F00300600761F02F11E360F346807A8
:20DF0C0006340336FF1415F91EA66F04063403361EA6026F1EAC566500A6A93006320F3007
:20DF1C00670306301E320006761F00300600761F02F11E3400067622761F01BE180DBFFF75
:20DF2C00180D7FFF1A053000CC09CFFF1AA910009609CC093FFF1AA940009609761AFF6921
:20DF3C000006FE347622761F0180062A1E4A1A4A0008064A1E2A062C1E481A4800080648F3
:20DF4C001E2C06141E601A60200006601E140200761F01841E021E0A1E121E1A1E221E2A4D
:20DF5C001E321E3A761F01851E021E0A1E121E1A1E221E2A1E321E3A761F01861E021E0A9E
:20DF6C001E121E1A1E221E2A1E321E3A761F01871E021E0A1E121E1A1E221E2A1E321E3A00
:20DF7C00761F018019011E08020019011E0C020019011E1E020019011E2206141E601A6023
:20DF8C00100006601E1406181E5C445C6CFD02001E5ECC5DFF00501D965DCC5EFFF85003B2
:20DF9C00965ECC5EFF875030965E065E1E1606141E601860EFFF06601E1406181E5C445CE7
:20DFAC006DFD02001E00761AFEB4FF6900063ABDB2BDAABDA2BDFE022901BFA90F12FF58E5
:20DFBC00615B5CA8917F08A800801E4293A4FFD65CA8BFA90F1661675DA8917F08A800803B
:20DFCC0059A858A993A5FFD65DA893A471A518A8010097A618A400FF18A500FFDC7F92A4CE
:20DFDC009EA596A7644D08A9FF01623E93A192A0FF3659A858A90642FF35F60E1FA15BA9C2
:20DFEC0001A3F60A1FA1562D04A22DA336A0FF40F60B1FA1FF339B00FF30FF540CA295A3AD
:20DFFC00FF4008A70001F61FFF770920FF4008A70001F61FFF77FF5A92A7652208A9FF011E
:20E00C006313A9A9FF46917F5BA85AA925A695A7FF960CA295A3BDA90F12FE8282BE86BEC4
:20E01C008BBE8EBE00069B00FF5708A8FF7FFF5A93A660F228A8800071AA92AB6FEDFF2023
:20E02C0000006FEAFF5A93A418A80100FF965CA8A9A908A8FF7F1CA88000CBA46FDD761F7D
:20E03C0001DD47146CFD1A11000296190006761F02DB18247FFF761F02E92B14761F01BF00
:20E04C001A0B0080767E964D7640888E007F7FF6FF6900069A41767EE03B02107640889838
:20E05C009A43767EE03B0210764088989A4B767EE03B8F00464EA8A9764088989A0D767EF7
:20E06C00E03B8F00464EA8A976408898000692C45249603292CC5256602F92D45241602C8C
:20E07C0092DC524D602992E45236602692EC5230602392F45234602092FC5238601DD008EE
:20E08C00929452536019D0099294524C6015D00A929452566011D00B92945249600DD00C20
:20E09C00929452416009D00D929452506005767EE056767EE04300067622761F01BE180CE1
:20E0AC00EFFF180CDFFF180CBFFF1A0303001A030C001A033000CC07FCFF1AA901009607BD
:20E0BC00CC07F3FF1AA904009607CC07CFFF1AA910009607761AFF690006761F01BE181C84
:20E0CC00FFFE1812FFFCCC16FFFC500296161A1C0002CC16FFF35008961600067622761FF4
:20E0DC0001BE1A0C0008CC06FF3F50409606761AFF6900067622761F01BE1A0C00401A0C85
:20E0EC000080CC06CFFF1AA910009606CC063FFF1AA940009606761AFF6900067622761FAB
:20E0FC0001BE1A1C0100CC17FFFC50019617761AFF690006767EE0DA767EE0E6767EE0FAFE
:20E10C00000600068F000C00761F02F0A8000200761F003019011E022B062B071A0400108B
:20E11C001A0400208F000C08761F02F0A8088F000C10A810761F0030020019011E0A761FCA
:20E12C000030020019011E12761F00302B0E2B0F761F00302B162B17761F00301A0C0010DC
:20E13C00761F00301A140010761F00301A0C0020761F00301A1400200006E20300E4E203EE
:20E14C0001F4E70000087700E688000077007700BFA90F1283C419011ED583C42BF583C471
:20E15C002BFD83C41AE5001083C41AE5002083C418E5FBFF83C418E5F7FF83C41AE54000C1
:20E16C0002001ED4000600060006FE02761F02B3920F5204670A56BF01352B1A2B192B38A4
:20E17C002B25921B60022B18920F52066023761F029AE2AF0110E801F0C8761F029AE2AF2F
:20E18C00020EE7200051E80CCCD0E6950009E6940001AD14630B761F02B3923E52C86804AD
:20E19C0056BF013B6F090A3E6F07761F02B32B3E6F032B3E2B3BFE82000600060006000650
:20E1AC00761F02B32B282B272B0F2B2A2B292B2E2B2F2B1C2B1D2B1B2B352B342B302B3183
:20E1BC002B1A2B192B382B252B18761F02EB2B07761F02EB2B08000628AD0050FF69561F53
:20E1CC005616561AE61002002940761F00002902761B762228A9F51828A8003E0901611B9B
:20E1DC0076FEF51829046F0F9B0024A9DF016C04290424A8DF011EA6F7A1248606A781A191
:20E1EC0009011EA724A96303FF5C3B0459A9DF010009FFEC761A28A9FFFF28A8FFFF09016A
:20E1FC00610E76FFFFFF6F06DF01C3BD1EA73E67C5BE24A9DF0124A8FF5860F7767EE25111
:20E20C00767EE26C3B10761F00331820FFFE2B222B242B262B282B2A2B2C2B2E2B302B326B
:20E21C002B342B362B382B232B252B272B292B2B2B2D2B2F2B312B332B352B372B39FF692B
:20E22C000006761F00331A2000012821FFFF2910FF690006FE028F00889C8F7EE75CA842EE
:20E23C008F3EE2E8767EDE9376229ABC28A80120761F00341E04761A7622761F0034020009
:20E24C001E02761AFF69FE82000628ABFFFF28AAFFFF28A9FFFF28A8FFFF0FABED04BE006D
:20E25C00D4006F098AA928A9FFFF28A8FFFF88C409028AA992A6767EDE9D000677006F0069
:20E26C00B2BD761F02F0C53E59A93E67761F02F1063AEC041EA792A13E67761F02F10638D7
:20E27C00EC031EA73E67767EE26A8BBE000676220200761F01BE1E061E081E161E181E36A4
:20E28C001E0A1E1A1E3A1E021E041E121E1419011E0C020019011E1C761AFF6900068F7E71
:20E29C00EFC08F000D0676229A00527D6306C485C2849C01527D64FC761A761F00331A20BA
:20E2AC000001FF69000688A95200610D8F7EF2BA92A8708490FF58A9FFD7719592A69CFFCC
:20E2BC0088A960F792A80006761F02F0A83C0006761F02F0A83E00060006561F7622B9C00A
:20E2CC0028290068761A007EE1C876083B3092BE000696BD76000006FF58C4A4EC041901EB
:16E2DC007D86EDFE00060006000600060006000696BD7612000639
:20E2E8008000003D40000000C000003D400000000000003E400000004000003E40000000A0
:20E2F8008000003E40000000C000003E400000000000003F400000004000003F400000008C
:20E3080000800040002000100008000400020001FE069641A8448A4476408CD3964652001E
:20E31800EC03FFEF00BD284603E7184100FF9241ED049A14FFEF00B476408A3376229A03DF
:20E32800F4A90A8D761A56BF07450E458F00889CFF31560100A48344FF699A808AC4764032
:20E338008C0A96465200EC0456BF18466F0592450B455200EDEB9246ED5D2B459245520717
:20E34800665958458F0088BC9294CE41EC4D0E458F00889C8F40889EFF31560100A40E459F
:20E35800FF31560100A592C583448AC476408C9F96465200ED130E458F00889C8F40889E03
:20E36800FF31560100A40E45FF31560100A592C583448AC476408BA796465200ED140E4515
:20E378008F00889C8F40889EFF31560100A40E45FF31560100A592C583448AC476408C0A7B
:20E3880096466F120E458F00889C8F40889EFF31560100A40E45FF31560100A592C5834455
:20E398008AC476408C0A9246ED050A459245520769A99246EC31F5A9088690035203ED0B6F
:20E3A8000E458F00889CFF31560100A4834406C41EC56F22F5A9088690035201ED098A4449
:20E3B80056030C450EA9FF1F007E1EC46F15F5A9088690035202ED098A4456030D450EA9A9
:20E3C800FF1F007D1EC46F088A4456030D450EA9FF1F007E1EC476408A269246FE860006CB
:20E3D800FE087C431E4276408CF0964776408D099646064276408A7796459A03F4A90A911A
:20E3E8009A0AF4A90A8C9A009B0276408CFC92431AA90A0BF4A90A90FF20199976408CFCD6
:20E3F80092431AA9020BF4A90A90FF22333376408CFC58458F000A9C9294964492431AA9FA
:20E408000A0BF4A90A909A009B0176408CFC28A90A0FF4A90A90FF20199976408CFC761A74
:20E41800924676408D0DF44770779244FE880006FE087D447C431E4276408CF0964776408D
:20E428008D099646064276408A779A04F4A90A919A06F4A90A8B9A0BF4A90A899A03F4A9AC
:20E438000A8CF4430A8A9A009B0276408CFC92441AA90A0BF4A90A902B45924354456809BA
:20E448009A009B0276408CFC0A459243544567F992441AA9020BF4A90A90FF2F1518764034
:20E458008CFC92441AA90A0BF4A90A909A009B2876408CFC28A90A0FF4A90A90FF201999AA
:20E4680076408CFC761A924676408D0DF4477077FE880006762276408A589A00F4A90A81FE
:20E47800F5A90A90F004F4A90A90761A000676229A00F4A90A8276408A5828A9AA55F4A92B
:20E488000A8128A90E0DF4A90A909A009B0376408CFC761F00340602BE000FA6EC03C50256
:20E498003E6728A90A0FF4A90A9028A94CCC9B0376408CFC761A00069A00F4A90A91F4A9D4
:20E4A8000A94F4A90A98F4A90A99F4A90A9AF4A90A9BF4A90A92F4A90A89F4A90A8AF4A97D
:20E4B8000A8BF4A90A8C9A0AF4A90A8828A90C0CF4A90A900006FE021E42762228A90A0FA1
:20E4C800F4A90A908F000A9429010642FF4196C406429003FE82000676229A00F4A90A91F9
:20E4D80028A90A0FF4A90A909A00F4A90A89F4A90A8AF4A90A8BF4A90A8CFF20199976401C
:20E4E8008CFC761A000628A9FFFFF4A90A98F4A90A99F4A90A9AF4A90A9B0006FE087C435A
:20E4F8001E4276408CF0964776408D099646064276408A77964492431AA90A0BF4A90A90B0
:20E508009A01F4A90A919A04F4A90A89FF20199976408CFC92431AA9020BF4A90A9028A996
:20E5180066669B0176408CFC58448F000A9C9294964592431AA90A0BF4A90A909A009B0151
:20E5280076408CFC76408A88924676408D0DF44770779245FE880006FE087D447C431E423A
:20E5380076408CF0964776408D099646064276408A77964576408A9F58458F000A98924330
:20E54800969492441AA90A0BF4A90A909A02F4A90A919A09F4A90A899A06F4A90A8BFF200C
:20E55800199976408CFC92441AA9020BF4A90A909A009B0476408CFC92441AA90A0BF4A914
:20E568000A909A009B0176408CFC76408A88924676408D0DF4477077FE880006FE087C4322
:20E578001E4276408CF0964776408D099646064276408A77964592431AA90A0BF4A90A902E
:20E588009A05F4A90A91FF20199976408CFC92431AA9020BF4A90A909A009B0876408CFC36
:20E5980058458F000A9C9294964492431AA90A0BF4A90A90FF20199976408CFC76408A88D6
:20E5A800924676408D0DF44770779244FE880006FE087D447C431E4276408CF096477640FC
:20E5B8008D099646064276408A77964576408A9F58458F000A989243969492441AA90A0B9D
:20E5C800F4A90A909A06F4A90A91F4A90A8BF4A90A899A00F4A90A8C9A009B0A76408CFC78
:20E5D80092441AA9020BF4A90A90FF2F03E876408CFC92441AA90A0BF4A90A909A009B01D4
:20E5E80076408CFC76408A88924676408D0DF4477077FE880006FE129643A046A8428843B3
:20E5F80006420DA619011E52C4428F3D8000A8A90FA6660DC4528F3F7FFFA8A90FA66807DC
:20E608000642FF0F007B1E502B4D6F039A0C6F4556BF16492B482B4B2B4A2B4C06505C4D27
:20E618007640898C9647BE00761F003406020FA6EC03C5023E6788472901FF20FFFF0FA6D0
:20E62800EC171B4A1388680456BF16496F1806505C485D4D764089D40A4B0A4A9248520AD2
:20E63800670B924B520F68082B4B0A486F050A4C020107501E509243544C66D176408A88D4
:20E64800884C0E430FA6ED0888472901FF20FFFF0FA6ED022B499249FE920006FE1096435D
:20E65800A046A842284B03E7C4428F3D8000A8A90FA6660DC4428F3F7FFFA8A90FA66807E3
:20E668000642FF0F007B1E4E2B4F6F039A0C6F3956BF014856BF174A2B491B4907D0662111
:20E67800064E5C4F76408B2A9647BE00761F003406020FA6EC03C5023E679247EC08FF5E72
:20E688005D4F5CA9064E76408B646F072B4A0201074E1E4E0A486F050A491B4907D069E17B
:20E69800924AEC071B4907D0690456BF174B6F049243544867D0924B5217EC022B4B924BD2
:20E6A800FE900006FE0CA8467D431E42284B03E72849000192435449682D2B4A924A522D00
:20E6B800671B5C4F064276408AAA9647761F00340602BE000FA6EC03C5023E679247EC0C96
:20E6C800FF5E96485C485D4F064276408AE80A4A924A522D68E79247EC06924FED04284B29
:20E6D80000156F08064209011E420A499243544967D5924B5215EC051BA903E7ED022B4B9B
:20E6E800924BFE8C0006FE0E9645A048A844884506440DA619011E4EC4448F3D8000A8A9F5
:20E6F8000FA6660CC44E8F3F7FFFA8A90FA668060644FF0F007B1E4C6F039A0C6F1756BF19
:20E708004041064C5D458A4876408C5E56BF80418A48064C8F40040076408C5E2B415D458F
:20E718008A48064C76408C5E9649FE8E0006FE02A84276408CE80642EC088A4202001EC4AC
:20E728008A422BD48A422BDCF5A90A88ED039A0A6F029A00FE8200067622F5A97029506857
:20E73800F4A97029761A0006FE02F5417077F5A9707718A9FFFEF4A970779241FE820006B8
:20E74800761F003487A956630004193456C40006FF43190156C2FFFF000676083B3092BEDD
:08E75800000696BD76000006E4
:20E75C000001000A00010000000100000000000100000000FFFF00010000FFFF0000000092
:20E76C00FFFF00000000FFFF00000000FFFF00000000FFFF00000000FFFF0000000001F4A2
:20E77C0000FA000001F400FA000001F400FA000001F400FA0000000100000000FFFF0000B7
:20E78C000000FFFF000000000005000100040014000A00040014000A000000010000000024
:20E79C0000030000000001F400640000022601F40000022601F400000001000000000001C5
:20E7AC000000000000010000000001F400640000022601F40000022601F4000000010000B8
:20E7BC0000000064001E00000064002800000064001E0000006400280000022600FA0000FF
:20E7CC00022600FA000000010000000000010001000000010001000000F000F005DC1F40E6
:20E7DC00106805DC1F4011F805DC1F40106805DC1F4011F805DC1F40106805DC1F4011F85A
:20E7EC0005DC1F40106805DC1F4011F800000014000105DC1F40154005DC1F40151805DC14
:20E7FC001F40154005DC1F40151805DC1F40140005DC1F40140005DC1F4011F80000006487
:20E80C00002800000064001400000064000A05DC1F40140005DC1F40140005DC1F4011F8ED
:20E81C000000001000020ED80FA00FA0000000010000000001F401F4000000030000000098
:20E82C00000100000000000100000000022601F40000000100000000022601F4EC78138890
:20E83C000000000000010000FDDA02260000000000010000000000050000FF0600FA0000B7
:20E84C00FF9C006400640001C35000640001C35000640001C35000640001C3500064000168
:20E85C000258001E0000000100000000271007D0000000010001000003E800010000000126
:20E86C000001000007D00021000000010000FFEC0014000000000001000000000001000091
:20E87C00000000010000000000010000000000010000000000010000000000010000000077
:20E88C00FFFF00000000FFFF00000000FFFF00000000FFFF00000000FFFF00000000000175
:20E89C0000000000000100000001C35003E8000007D000000001C35003E8000007D00000AF
:20E8AC0000000064002813881964139C1388196414001388196413920000006E0064FF9CA3
:20E8BC000064002811941770137411941770131011941770137E0000006E0064000000011E
:20E8CC0000000064006E006C0064006E006EFF9C00640000000000640032005A0064005CFF
:20E8DC00005A0064005AFF9C00640000FF9C0000FFCEFF9C00640014FF9C00640005000086
:20E8EC00000100000064008C006C0064008C006E0064008C00700064008C00720000006E21
:20E8FC0000640000006E00500000006E003C0000006E00280001C350000A0001C350000A5E
:20E90C00000000010000000000640000000000640000000000640000000000640000FF9CBF
:20E91C0000640000FF9C00640000FF9C00640000FF9C006400000000000100000000006415
:20E92C00001400000064002800000064003C000000640050FF9C00640064FF9C0064006411
:20E93C00FF9C00640064FF9C00640064000000640014000000640005000000010000000013
:20E94C0000780050000000780064FF9C00640064FF9C006400320000000100001194177046
:20E95C00135600000064000113881964139CFF9C0000FFFF0000000100000000000100006B
:20E96C00000103E80064000103E800C80001EA601F36000017700001000000010001000A53
:20E97C0000C800210001EA6001F4000000640032000000640032000000010001000101F42E
:20E98C0000320001EA6000C8000000640032000000640032000000010000000001900096D2
:20E99C000000000100000000019000960005005A005A0000FFFF012C0005005A00140000DC
:20E9AC00FFFF00640005005A00140000FFFF00640005005A00140000FFFF00640005005AE0
:20E9BC0000140000FFFF0064006E008C006E0000FFFF0064006E008C00820000FFFF00324F
:20E9CC00006E008C00820000FFFF0032006E008C00820000FFFF0032006E008C0082000057
:20E9DC00FFFF00320000FFFF00000000FFFF00000000FFFF00000000FFFF000000690096F4
:20E9EC0000730000FFFF00C80069009600820000FFFF000A0069009600820000FFFF000AC0
:20E9FC000069009600820000FFFF000A0069009600820000FFFF000A000A005F0050000030
:20EA0C00FFFF00C8000A005F00320000FFFF000A000A005F00320000FFFF000A000A005F75
:20EA1C0000320000FFFF000A000A005F00320000FFFF000A0003001400050000FFFF0BB820
:20EA2C001388196413BA0000FFFF00C81388196413EC0000FFFF00101388196413EC0000E3
:20EA3C00FFFF00101388196413EC0000FFFF00101388196413EC0000FFFF00101194177036
:20EA4C00128E0000FFFF00C811941770125C0000FFFF001011941770125C0000FFFF0010F4
:20EA5C0011941770125C0000FFFF001011941770125C0000FFFF00100000FFFF000000004C
:20EA6C00FFFF00000000FFFF00000000000100000000FFFF007F000000010000000000010E
:20EA7C0000000000FFFF00010000FFFF173B05DC1D4C13880000006400320000138800FA1B
:20EA8C000000000100000000000100000000FFFF00010000FFFF173B05DC1D4C1388000034
:20EA9C00006400320000138800FA0000000100000000000100000000FFFF00010000FFFF30
:20EAAC00173B05DC1D4C13880000006400320000138800FA000000010000000000010000E6
:20EABC000000FFFF00010000FFFF173B05DC1D4C13880000006400320000138800FA0000DB
:20EACC00000100000000000100000000FFFF00010000FFFF173B05DC1D4C13880000006490
:20EADC0000320000138800FA0000000100000000000100000000FFFF00010000FFFF173B02
:20EAEC0005DC1D4C13880000006400320000138800FA0000FFFF00000000FFFF00000000FE
:20EAFC00FFFF00000000FFFF00000000000200000000138801F4000000010000000000016A
:20EB0C00000000000001000005DC1F40151805DC1F40138800000064005A0000006400502E
:20EB1C000000FFFF00000000FFFF00000000FFFF00000000FFFF00000000FFFF00000000E3
:20EB2C00FFFF00000000FFFF00000000FFFF00000000FFFF00000000FFFF000000690096D4
:20EB3C0000730000FFFF00C80069009600820000FFFF000A000A005F00500000FFFF00C878
:20EB4C00000A005F00320000FFFF000A1388196413BA0000FFFF00C81388196413EC000044
:20EB5C00FFFF001011941770128E0000FFFF00C811941770125C0000FFFF00100000FFFF53
:20EB6C0000000000FFFF00000000FFFF00000000FFFF00000000FFFF00000000FFFF000093
:20EB7C000000FFFF00000000FFFF00000000FFFF00000000FFFF00000000FFFF0000000083
:20EB8C00FFFF00000000FFFF00000000FFFF00000000FFFF00000000FFFF00000000FFFF75
:20EB9C0000000000FFFF00000000FFFF00000000FFFF0000060C09F408000000FFFF00004A
:20EBAC00060C09F408000000FFFF0000060C09F408000000FFFF0000060C09F40800000008
:20EBBC00FFFF0000060C09F408000000FFFF0000060C09F408000000FFFF0000060C09F402
:20EBCC0008000000FFFF0000060C09F408000000FFFF0000060C09F408000000FFFF0000F9
:20EBDC00060C09F408000000FFFF0000060C09F408000000FFFF0000060C09F408000000D8
:20EBEC00FFFF0000060C09F408000000FFFF0000060C09F408000000FFFF0000060C09F4D2
:20EBFC000800060C09F40800060C09F40800060C09F40800060C09F40800060C09F408007E
:20EC0C00060C09F40800060C09F40800060C09F40800060C09F40800060C09F40800060C63
:20EC1C0009F40800060C09F40800060C09F40800060C09F40800060C09F40800060C09F468
:20EC2C000800060C09F40800060C09F40800060C09F40800060C09F40800060C09F408004D
:20EC3C00060C09F40800060C09F40800060C09F408000000FFFF00000000FFFF0000000077
:20EC4C00FFFF00000000FFFF00000000FFFF00000000FFFF00000000FFFF00000000FFFFB4
:20EC5C0000000000FFFF00000000FFFF00000000FFFF00000000FFFF00000000FFFF0000A2
:20EC6C000000FFFF00000000FFFF00000000FFFF00000000FFFF00000000FFFF0000000092
:20EC7C00FFFF00000000FFFF00000000FFFF00000000FFFF00000000FFFF00000000FFFF84
:20EC8C0000000000FFFF00000000FFFF00000000FFFF00000000FFFF00000000FFFF000072
:20EC9C000000FFFF00000000FFFF00000000FFFF00000000FFFF00000000FFFF0000000062
:20ECAC00FFFF00000000FFFF00000000FFFF00000000FFFF00000000FFFF00000000FFFF54
:20ECBC0000000000FFFF00000000FFFF00000000FFFF00000000FFFF00000000FFFF000042
:20ECCC000000FFFF00000000FFFF00000000FFFF00000000FFFF00000000FFFF0000000032
:20ECDC00FFFF00000000FFFF00000000FFFF00000000FFFF00000000FFFF00000000FFFF24
:20ECEC0000000000FFFF00000000FFFF00000000FFFF00000000FFFF00000000FFFF000012
:20ECFC000000FFFF00000000FFFF00000000FFFF00000000FFFF00000000FFFF0000000002
:20ED0C00FFFF00000000FFFF00000000FFFF00000000FFFF00000000FFFF000000000001F0
:20ED1C0000000000000100000001000F0001000000010000000000010001000000010001C0
:20ED2C00000000010000000000090000000000000000000021E60017AEA6001554DC0014F2
:20ED3C0012A50013E6450011CE220010C8C2000FD4CB000EF0FB000D1C29000D5545000C7B
:20ED4C009B51000BED65000A4AA8000AB253000923AD00099E0B000820D00008AB680007AE
:20ED5C003D4C0007D5FD00067507000619FE0006C47C00057424000528A00005E19E00045E
:20ED6C009ED400045FFC000424D50004ED230003B8AD0003873E000358A700032CB9000388
:20ED7C00034A0003DC320002B74D00029478000273920002547E0002372000021B5D000255
:20ED8C00011D0002E8480001D0C90001BA8D0001A57F0001919000017EAC00016CC700018E
:20ED9C005BD000014BBA00013C7900012E00000120450001133C000106DB0001FB1A000093
:20EDAC00EFEF0000E5530000DB3C0000D1A50000C8860000BFD90000B7980000AFBD000003
:20EDBC00A8420000A12200009A59000093E200008DBA000087DA0000824100007CEA000051
:20EDCC0077D3000072F700006E53000069E6000065AC000061A300005DC700005A180000B9
:20EDDC0056930000533500004FFD00004CE9000049F80000472700004475000041E000009C
:20EDEC003F6800003D0A00003AC60000389B00003687000034880000329F000030CA000002
:20EDFC002F0900002D5A00002BBC00002A2F000028B200002744000025E5000024940000F1
:20EE0C00235000002219000020EE00001FCF00001EBB00001DB100001CB200001BBD0000EF
:20EE1C001AD0000019ED000019130000184000001776000016B3000015F7000015430000A8
:20EE2C001494000013ED0000134B000012AF0000121900001188000010FD000010760000A8
:20EE3C000FF500000F7700000EFF00000E8A00000E1900000DAD00000D4400000CDF00006A
:20EE4C000C7D00000C1F00000BC300000B6B00000B1600000AC400000A7400000A27000010
:20EE5C0009DD00000995000009500000090C000008CB0000088C0000084F000008150000C9
:20EE6C0007DB000007A40000076F0000073B00000709000006D8000006A90000067C000022
:20EE7C00064F00000625000005FB00008DBC0004475F0004058C0004C7F100038E440003DA
:20EE8C005840000325A50003F63B000247610000A01F0002790E00025469000232090002DD
:20EE9C0011C80002F3840001D71C0001BC700001A36600018BE2000175CC0001610C0001BA
:20EEAC004D8C00013B39000129FF000119CD00010A920001FC3F0000EEC40000E215000066
:20EEBC00D6240000C94A0000C04F0000B6560000ACEF0000A41300009BB8000093D70000FF
:20EECC008C670000856300007EC3000078820000729900006D03000067BB000062BD000054
:20EEDC005E040000598C000055510000514F00004D84000049EC000046830000434800002F
:20EEEC00403700003D4E00003A98000037ED0000356F00003312000030D300002EB0000044
:20EEFC002CA700002AB8000028E20000272100002577000023E00000225D000020ED0000C4
:20EF0C001F8D00001E3E00001CFE00001BCD00001AAB000019950000188C0000178F00001E
:20EF1C00169D000015B7000014DA000014080000133E0000127E000011C60000111500006E
:20EF2C00106D00000FCC00000F3200000E9E00000E1100000D8A00000D0800000C8C00001D
:20EF3C000C1500000BA300000B3600000ACE00000A6A00000A09000009AD00000955000032
:20EF4C000900000008AF0000086100000816000007CE00000789000007460000070700009E
:20EF5C0006CA0000068F0000065600000620000005EC000005BA0000058A0000055B00000F
:20EF6C00052E00000504000004DA000004B20000048C00000467000004440000042100004D
:20EF7C000400000003E1000003C2000003A5000003880000036D0000035200000338000095
:20EF8C00032000000308000002F1000002DA000002C5000002B00000029C000002880000C7
:20EF9C00027600000263000002520000024100000230000002200000021000000201000078
:20EFAC0001F3000001E4000001D7000001C9000001BC000001B0000001A40000C4A3003E12
:20EFBC00C4A3003EC4A3003EC4A3003EC4A3003EC4A3003EC4A3003EC4A3003EC4A3003E0D
:20EFCC00C4A3003EC4A3003EC4A3003EC4A3003EC4E9003EC4DF003EC672003EC499003EB4
:20EFDC00C5ED003EC4AD003EC4F3003EC3E6003EC3DC003EC3D2003EC3C8003EC3BE003E62
:20EFEC00C3B4003EC3AA003EC3A0003EC396003EC404003EC3FA003EC3F0003EC71C003E5A
:20EFFC00C712003EC364003EC382003EC378003EC6CC003EC418003EC38C003EC5D9003E2A
:20F00C00C5C5003EC5B1003EC59D003EC589003EC575003EC561003EC54D003EC5E3003E2A
:20F01C00C5CF003EC5BB003EC5A7003EC593003EC57F003EC56B003EC557003EC618003E9E
:20F02C00C60E003EC604003EC364003EC364003EC364003EC52F003EC525003EC543003EDB
:20F03C00C539003EC364003EC51B003EC511003EC364003EC364003EC40E003EC467003E9E
:20F04C00C453003EC45D003EC453003EC4C1003EC4B7003EC364003EC364003EC668003EE9
:20F05C00C65E003EC654003EC64A003EC640003EC636003EC364003EC364003EC507003E3A
:20F06C00C4FD003EC364003EC364003EC364003EC364003EC364003EC364003EC48F003E96
:20F07C00C47B003EC485003EC471003EC62C003EC622003EC364003EC364003EC364003E78
:20F08C00C364003EC708003EC6FE003EC6F4003EC6EA003EC6E0003EC6D6003EC6C2003E86
:20F09C00C6B8003EC6AE003EC6A4003EC69A003EC690003EC686003EC67C003EC36E003E93
:20F0AC00C364003EC364003EC364003EC364003EC364003EC4CB003EC4D5003E000000C1E6
:20F0BC0000810040000100C000800041000100C000800041000000C100810040000100C02C
:20F0CC0000800041000000C100810040000000C100810040000100C000800041000100C01C
:20F0DC0000800041000000C100810040000000C100810040000100C000800041000000C10C
:20F0EC0000810040000100C000800041000100C000800041000000C100810040000100C0FC
:20F0FC0000800041000000C100810040000000C100810040000100C000800041000000C1EC
:20F10C0000810040000100C000800041000100C000800041000000C100810040000000C1DB
:20F11C0000810040000100C000800041000100C000800041000000C100810040000100C0CB
:20F12C0000800041000000C100810040000000C100810040000100C000800041000100C0BB
:20F13C0000800041000000C100810040000000C100810040000100C000800041000000C1AB
:20F14C0000810040000100C000800041000100C000800041000000C100810040000000C19B
:20F15C0000810040000100C000800041000100C000800041000000C100810040000100C08B
:20F16C0000800041000000C100810040000000C100810040000100C000800041000000C17B
:20F17C0000810040000100C000800041000100C000800041000000C100810040000100C06B
:20F18C0000800041000000C100810040000000C100810040000100C000800041000100C05B
:20F19C0000800041000000C100810040000000C100810040000100C000800041000000C14B
:20F1AC0000810040000100C000800041000100C000800041000000C100810040000000C03C
:20F1BC0000C1000100C30003000200C200C60006000700C7000500C500C4000400CC000CE3
:20F1CC00000D00CD000F00CF00CE000E000A00CA00CB000B00C90009000800C800D8001853
:20F1DC00001900D9001B00DB00DA001A001E00DE00DF001F00DD001D001C00DC001400D463
:20F1EC0000D5001500D70017001600D600D20012001300D3001100D100D0001000F0003093
:20F1FC00003100F1003300F300F20032003600F600F7003700F50035003400F4003C00FCA3
:20F20C0000FD003D00FF003F003E00FE00FA003A003B00FB003900F900F80038002800E852
:20F21C0000E9002900EB002B002A00EA00EE002E002F00EF002D00ED00EC002C00E4002422
:20F22C00002500E5002700E700E60026002200E200E3002300E10021002000E000A0006092
:20F23C00006100A1006300A300A20062006600A600A7006700A50065006400A4006C00AC62
:20F24C0000AD006D00AF006F006E00AE00AA006A006B00AB006900A900A80068007800B8D2
:20F25C0000B9007900BB007B007A00BA00BE007E007F00BF007D00BD00BC007C00B40074E2
:20F26C00007500B5007700B700B60076007200B200B3007300B10071007000B00050009092
:20F27C0000910051009300530052009200960056005700970055009500940054009C005C22
:20F28C00005D009D005F009F009E005E005A009A009B005B009900590058009800880048D2
:20F29C0000490089004B008B008A004A004E008E008F004F008D004D004C008C00440084A2
:20F2AC00008500450087004700460086008200420043008300410081008000400000C0C151
:20F2BC00C1810140C30103C00280C241C60106C00780C7410500C5C1C4810440CC010CC0DA
:20F2CC000D80CD410F00CFC1CE810E400A00CAC1CB810B40C90109C00880C841D80118C04A
:20F2DC001980D9411B00DBC1DA811A401E00DEC1DF811F40DD011DC01C80DC411400D4C15A
:20F2EC00D5811540D70117C01680D641D20112C01380D3411100D1C1D0811040F00130C08A
:20F2FC003180F1413300F3C1F28132403600F6C1F7813740F50135C03480F4413C00FCC19A
:20F30C00FD813D40FF013FC03E80FE41FA013AC03B80FB413900F9C1F88138402800E8C149
:20F31C00E9812940EB012BC02A80EA41EE012EC02F80EF412D00EDC1EC812C40E40124C019
:20F32C002580E5412700E7C1E68126402200E2C1E3812340E10121C02080E041A00160C089
:20F33C006180A1416300A3C1A28162406600A6C1A7816740A50165C06480A4416C00ACC159
:20F34C00AD816D40AF016FC06E80AE41AA016AC06B80AB416900A9C1A88168407800B8C1C9
:20F35C00B9817940BB017BC07A80BA41BE017EC07F80BF417D00BDC1BC817C40B40174C0D9
:20F36C007580B5417700B7C1B68176407200B2C1B3817340B10171C07080B041500090C189
:20F37C0091815140930153C052809241960156C057809741550095C1948154409C015CC019
:20F38C005D809D415F009FC19E815E405A009AC19B815B40990159C058809841880148C0C9
:20F39C00498089414B008BC18A814A404E008EC18F814F408D014DC04C808C41440084C199
:20F3AC0085814540870147C046808641820142C043808341410081C1808140409751003E64
:20F3BC009B22003E9B02003E9A98003E9A49003E99C1003E98ED003E9828003E977F003E1D
:20F3CC009767003E9B1E003E9B1C003E9B1A003E9B16003E9B12003E9B10003E9B0C003E5E
:20F3DC009B08003E9B06003E9B04003E9B00003E9AFE003E9AF0003E9AE2003E9AD4003E97
:20F3EC009AC6003E9AB8003E9AAA003E9A9C003E9A9A003E9A96003E9A94003E9A92003E27
:20F3FC009A90003E9A8E003E9A8C003E9A8A003E9A75003E9A60003E9A4B003E9A34003EA9
:20F40C009A32003E9A1D003E9A08003E99F3003E99F1003E99DC003E99C7003E99C5003E82
:20F41C0099C3003E99AC003E9997003E9982003E996D003E9958003E9943003E992E003E5A
:20F42C009919003E9904003E98EF003E98D8003E98C3003E98BF003E98AA003E9895003E69
:20F43C009880003E986B003E9856003E9841003E982C003E9813003E97FE003E97E9003E5A
:20F44C0097D4003E97BF003E97BB003E97B9003E97A7003E9795003E9783003E977D003EB5
:20F45C00977B003E9779003E9777003E9775003E9773003E9771003E976F003E976D003E48
:20F46C00976B003E9765003E9763003E9761003E975F003E975D003E975B003E9759003ED4
:20F47C009757003E9755003E9753003E000045BD800045FB77FD3B8E77FD3B8E2AED3DA4BE
:20F48C0035A83D4DD70A3D23CCCD3CCCAD043B40AD043B4077FD3B8E77FD3B8E800045BBC5
:20F49C00000045FA800045BB000045FA200045CBD00046048000463B00004648000043C86E
:20F4AC00000043C800004170000041A0000043C8000043C80000435C0000435C000041709E
:20F4BC00000041A028F641DA70A44211000043C8000043C8A9933FAACCCD3FAC65953D08B1
:20F4CC00CCCD3CCC87FD400833333FF3CCCD3F4CCCCD3F4C000041F000004210000041A06F
:20F4DC00000041D88000444F000044520000442F0000442F800044540000444D0000442F4C
:20F4EC000000442FDCB6003E0000000100000000DC9A003E0000000500000000DC78003E71
:20F4FC000000001400000000DC5C003E0000006400000000DC5B003E000003E800000000A2
:18F50C0000510033002000009B8D003E00510044002000009B24003E2B
:20F51800FFFFB58C00000000FFFFB58D00000000FFFFB58E00000000FFFFB58F00000000D1
:20F52800FFFFB59000000000FFFFB59100000000FFFFB59200000000FFFFB59300000000B1
:20F53800FFFFB59400000000FFFFB59500000000FFFFB59600000000FFFFB5970000000091
:20F54800FFFFB59800000000FFFFB59900000000FFFFB59A00000000FFFFB59B0000000071
:20F55800FFFFB59C00000000FFFFB59D00000000FFFFB59E00000000FFFFB59F0000000051
:20F56800FFFFB5A000000000FFFFB5A100000000FFFFB5A200000000FFFFB5A30000000031
:20F57800FFFFB5A400000000FFFFB5A500000000FFFFB5A600000000FFFFB5A70000000011
:20F58800FFFFB5A800000000FFFFB5A900000000FFFFB5AA00000000FFFFB5AB00000000F1
:20F59800FFFFB5AC00000000FFFFB5AD00000000FFFFB5AE00000000FFFFB5AF00000000D1
:20F5A800FFFFA88100000000FFFFA88200000000FFFFA88300000000FFFFA88400000000A1
:20F5B800FFFFA88700000000FFFFA88800000000FFFFA88900000000FFFFA88A0000000079
:20F5C800FFFFA88B00000000FFFFA88C00000000FFFFA88D00000000FFFFA88E0000000059
:20F5D800FFFFA88F00000000FFFFA89000000000FFFFA89100000000FFFFA8920000000039
:20F5E800FFFFA89300000000FFFEA8A2000000000000FFFEA8B00000CCCD3F4CFFFEA8B2B3
:20F5F800000000000000FFFEA8B4000000000000FFFEA8B6000000000000FFFEA8B80000E2
:20F6080000000000FFFEA8BA000000000000FFFEA8BC000000000000FFFEA8BE00000000BF
:20F618000000FFFEA8C0000000000000FFFEA8C2000000000000FFFFB32000000000FFFF37
:20F62800B32100000000FFFFB32200000000FFFFB32300000000FFFFB32400000000FFFF74
:20F63800B32500000000FFFFB32600000000FFFFB32700000000FFFFB32800000000FFFF54
:20F64800B32900000000FFFEB336000000000000FFFEB338000000000000FFE3BAE000007C
:20F65800DCB6003E0000000100000000DC9A003E0000000500000000DC78003E0000001462
:20F6680000000000DC5C003E0000006400000000DC5B003E000003E80000FFFFB6D90000BB
:20F678000000FFFFB6DA00000000FFFFB6DB00000000FFFFB6DC00000000FFFFB6DD000034
:20F688000000FFFFB6E200000000FFFFB6E300000000FFFFBB7100000000FFFFBB720000E0
:20F698000000FFFFBB7300000000FFFFBB7400000000FFFFBB7500000000FFFFBB7800009A
:20F6A8000000FFFFBBF900000000FFFFBBFA00000000FFFFBBFB00000000FFFFBBFC000074
:20F6B8000000FFFFBBFD00000000FFFFBBFE00000000FFFFBC8900000000FFFFBC8A00003E
:20F6C8000000FFFFBC8B00000000FFFFBC8C00000000FFFFBC8D00000000FFFFBBEA0000AD
:20F6D8000000FFFFBBEB00000000FFFFBBEC00000000FFFFBBED00000000FFFFBAD9000092
:20F6E8000000FFFFBADA00000000FFFFBADB00000000FFFFBADC00000000FFFEBC3C000054
:20F6F800E2C8003EFFFEBC3E0000E2C8003EFFFEBC78000000000000FFFEBC7A00000000C7
:20F708000000FFFFBC8000000000FFFFBC8100000000FFFFBA4A00000000FFFFBA4B000067
:20F718000000FFFEB47A000000000000FFFFAF1000000000FFFFB33C00000000FFFFACFE54
:20F7280000000000FFFFB5BD00000000FFFFBC1C00000000FFFFBC3A00000000FFFFBC5875
:20F7380000000000FFFFAABE00000000FFFFBBC000000000FFFFB8D9000000000000000043
:02000004003FBB
:205F8000000000000000000000000000000000000000000000000000000000000000000001
:205F90000000000000000000000000000000000000000000000000000000000000000000F1
:205FA0000000000000000000000000000000000000000000000000000000000000000000E1
:205FB0000000000000000000000000000000000000000000000000000000000000000000D1
:205FC0000000000000000000000000000000000000000000000000000000000000000000C1
:205FD0000000000000000000000000000000000000000000000000000000000000000000B1
:205FE0000000000000000000000000000000000000000000000000000000000000000000A1
:0C5FF000000000000000000000000000A5
:045FF600007EE2C97E
:105FF800FFFFFFFFFFFFFFFFFFFFFFFFFFFFFFFFA9
:00000001FF
