:02000004003DBD
:20800000FE062B45A044A8422B469245520867138A442D459A01FF66CEC4EC0928AC000760
:2080100092AC9E452DA99A01FF6698460A459245520868EF8A42924696C4FE860006FE0618
:208020002B45A044A8422B469245521067138A442D459A01FF66CEC4EC0928AC000F92ACF6
:208030009E452DA99A01FF6698460A459245521068EF8A42924696C4FE860006FE045CAD27
:208040005DAD9742964128438005DC81DD81767D8000560308412B44F24292445208670E5E
:208050004F42EF055603014270436F035603014296420A449244520868F49242FE84000620
:20806000FE0696439CFFA8422844FFFF2B45934353009643EC0D8A42928493449645A8424B
:20807000767D803E934396440B435300EDF55CAD5DADDC84DD84767D801F9244FFC796452F
:2080800056030844CA45FE860006FE0452089643A842670E6F1983428A42560308E594EC2F
:20809000FF809C0996446F0D56BF08446F0A8A4292CC5203ECFA5206ECF85210ECED6FF53C
:2080A0009244544369039A006F029A01FE840006FE0697459641A8449245520867206F2BC4
:2080B00056BF084692418A449B08767D80DF6F2056BF084692419B086F0B83448A445603E7
:2080C00008E594ECFF809C099646924193468A44767D818A6F0D56BF08466F0A8A4492CC37
:2080D0005203ECDF5206ECE55210ECE86FF59246544569039A006F029A01FE860006B2BD31
:2080E000FE089745A8445845594583449641D881D9825603089D949496488A4492459CFEE2
:2080F000767D80605448EC0592419B11FFEF008D83448A44560308D5834494DC8A4496466A
:20810000560308E594EC96475243690492419B036F7B92461BA91100680C1BA911A3670956
:20811000924794461BA911A3666A92419B016F621BA92100680C1BA9216E67099247944645
:208120001BA9216E665C92419B026F541BA94100680C1BA9410F6709924794461BA9410F33
:20813000664E92419B036F461BA94200680C1BA942366709924794461BA9423666409241C7
:208140009B0B6F381BA96000680C1BA9600F6709924794461BA9600F663292419B086F2A0A
:208150001BA96100680C1BA9616E6709924794461BA9616E662492419B066F1C1BA971006F
:20816000680C1BA9716E6709924794461BA9716E661692419B076F0E1BA9F80068131BA9B9
:20817000F8106710924794461BA9F810660892419B008A44767D82099A016F0A92419B1235
:208180006F0392419B028A44767D83819A00FE888BBE0006B2BDFE089745A8445845594551
:2081900083449641D881D9825603089D949496488A4492459CFE767D80605448EC04924108
:2081A0009B116F6183448A44560308D594DC8A44964692CC520656B10147EC0783448A44D1
:2081B000560308E594EC964792475243690492419B036F4992461BA92100680C1BA9216E84
:2081C0006709924794461BA9216E663B8F7D84006F0E1BA9310068111BA93141670E924789
:2081D00094461BA93141662D8F7D8A6A92418A44767D82EB9A016F2B1BA92800680C1BA992
:2081E00028036709924794461BA92803661A8F7D90B66FED1BA9600068141BA9600F6711C9
:2081F000924794461BA9600F660C92418A448F7D910A767D82EB9A059B0C767E38236FDB90
:2082000092419B128A44767D83819A00FE888BBE0006FE1297459641A844020083442B51B6
:208210001E481E4A560308D5834494DC8A44964B560308E594EC964C6F4C767D94C78F0024
:20822000B1C0924B08A908006F2F767D91948F00B2C0924B08A9EF006F27767D950028AC11
:2082300000968F00A1833041560100A4924B934C767D83C6924B56BF015108A9DF006F1628
:20824000767D94B58F00B19D924B08A9BF006F0C924B8F00B64008A99F006F06924B8F00AA
:20825000B6C008A98F00A8482B5196506F27767D96C98F00B1AC924B08A9A0006FF5924BC3
:208260008F00B60008A9BE006FEF9A00FFEF008392455206620C5206ECDC5200ECAF5201E4
:20827000ECB55202ECBB5203ECCC6FF05207ECD75208ECDE520BECE46FE928AC00968344F0
:208280008F00A1803041560100A492C596C483448F00A1813041560100A492CD96C48F00E5
:20829000A1823041560100A45603014C90FF96C492515201EC220E50560100488F00A183BC
:2082A00030412B4E560100A4924CA84A544E69158A4892C48A4AFFC796C48A4892C48A4AD1
:2082B00090FF96CC02025601004A020156010048924C0A4E544E66ED5603014C8F00A180F5
:2082C0009C03964D3041560100A4924D767D806028AC0096584D8F00A180964F0A4D304192
:2082D000560100A4924FFFC796948F00A180584D3041560100A40A4D924F90FF96948F0081
:2082E000A1803041560100A49241934D767E330D9A01FE920006FE0EA046A844834496415D
:2082F00002001E48560308D594DC8A44964992CC5206ED06064456BF014A09046F09834414
:208300008A44560308E594EC964A064409071E482B4B924A544B691D83488A48560308C5EF
:2083100094CC964C020256010048C5469249934C3E670A49964D5200EC0892418A44934D01
:20832000767D83819A006F5C0A4B924A544B66E528AC009683448F00A1803041560100A479
:2083300092C596C483448F00A1813041560100A492CD96C483448F00A1823041560100A4FA
:2083400092D596C483448F00A1833041560100A492DD96C483448F00A1843041560100A4C6
:2083500092E596C483448F00A1853041560100A492ED96C48F00A1803041560100A49A06BF
:20836000767D806028AC00968F00A186964E3041560100A4924EFFC796C48F00A187304192
:20837000560100A4924E90FF96C48F00A1803041560100A49B089241767E330D9A01FE8E3C
:208380000006FE06A84428AC00969745964183448F00A1803041560100A492C596C48F00A7
:20839000A18183443041560100A49A8094CD96C48F00A1823041560100A4924596C48F00C5
:2083A000A1803041560100A49A03767D806028AC00968F00A18396463041560100A4924683
:2083B000FFC796C48F00A1843041560100A4924690FF96C48F00A1803041560100A49B05F0
:2083C0009241767E330D9A01FE860006FE0C97449643A8423B0106422B450843DF001E4A43
:2083D00002001E4C924396466F259246521F63052B488F00B1D06F0556BF1F488F00B24037
:2083E0009E48A84C964763022B478A4C8547560100A492C48A4AFFC796C48A4C854756010F
:2083F00000A492C48A4A90FF96CC02025601004A0A4692449443544666D99245FE8C0006CC
:20840000B2BDFE04964197422B430841DF00FFEF06261B42270FFFE6061F9242767DDA8BC2
:20841000FFEF06561B42270FFFE606169242767DDA84FFEF064D1B42270FFFE6060D9242A9
:20842000767DDA7DFFEF06441B42270FFFE606049242767DDA76FFEF063B1B42270FFFE67A
:2084300005FB9242767DDA6FFFEF059B9242520AFFE805F25214FFE605EF9242767DDA6838
:20844000FFEF058F92421BA9060CFFE805E51BA909F4FFE605E1767DD920544256C10618DC
:208450009242767DDB1EFFEF057C92421BA9060CFFE805D21BA909F4FFE605CE767DD9240C
:20846000544256C106059242767DDB25FFEF056992421BA9060CFFE805BF1BA909F4FFE626
:2084700005BB767DD918544256C105F29242767DDB10FFEF055692421BA9060CFFE805AC67
:208480001BA909F4FFE605A8767DD914544256C105DF9242767DDB09FFEF054392421BA99F
:2084900001A4FFE805991BA9021CFFE60595767DD94C520056C10590767DD94C520156C1A9
:2084A000058B767DD960544256C105C29242767DDB95767DD95059A9767DD96093A155A9D9
:2084B0006705767DD960767DDB79767DD9509B2895A959A8767DD95854A1FFE7048AFFEF34
:2084C00004109242525AFFE605679B0500FE39D8520056C00561767DD94C520056C1055C58
:2084D000767DD94C520156C10557767DD964544256C1058E9242767DDB9C767DD95459A9DE
:2084E000767DD96493A155A96705767DD964767DDB80767DD9549B0595A959A8767DD95C09
:2084F00054A1FFE70456767DD95C9C055264FFE904109A64767DDB8EFFEF044B92421BA98D
:2085000001E0FFE805291BA90258FFE60525767DD94C520056C10520767DD94C520156C110
:20851000051B767DD998544256C10552761F02CE924256BF013C767DDBF7FFEF042E92427F
:208520001BA901E0FFE805081BA90258FFE60504767DD94C520056C104FF767DD94C5201A7
:2085300056C104FA767DD970544256C10531761F02CE924256BF013C767DDBB1FFEF040DEE
:2085400092421BA90898EC081BA908FCEC051BA9096056C004E1767DD8E4544256C1051895
:20855000761F02CE924256BF013C767DDAB5FFEF03F492425201FFE604CF5200ED11767DF7
:20856000D8E81BA91388EC0C761F02CE28A9138856BF013C767DDABC28A94E206F159242A1
:20857000520156C004F5767DD8E81BA9177056C104EF761F02CE28A9177056BF013C767D7F
:20858000DABC28A9411B767E1FD1FFEF03C692425202FFE604A1767DD8EC544256C104D88B
:20859000761F02CE924256BF013C767DDAC3FFEF03B492425201FFE6048F767DD9A054426A
:2085A00056C104C6761F02CE924256BF013C767DDC05FFEF03A292425203FFE6047D767D66
:2085B000D944544256C104B49242767DDB64FFEF039492425204FFE6046F767DD94C54426E
:2085C00056C104A6761F02CE924256BF013C767DDB72FFEF038292425278FFE6045D767DC5
:2085D000D99488A92D42350A54A656C10491350A767DDBF0FFEF03711B42012CFFE6044C7B
:2085E000767DD99088A92D42350A54A656C10480350A767DDBE9FFEF036092425278FFE6E1
:2085F000043B767DD9A488A92D42350A54A656C1046F350A767DDC0CFFEF034F92425201D8
:20860000FFE6042A767DD948544256C104619242767DDB6BFFEF034192425201FFE6041CB6
:20861000767DD908544256C104539242767DDAF4FFEF033392425201FFE6040E767DD8DCF4
:20862000544256C104459242767DDAA7FFEF032592425201FFE60400767DD8D8544256C186
:2086300004379242767DDAA0FFEF031792425201FFE603F2767DD8F8544256C10429924234
:20864000767DDAD8FFEF030992425201FFE603E4767DD99C544256C1041B9242767DDBFEB4
:20865000FFEF02FB92425201FFE603D6767DD8E0544256C1040D9242767DDAAEFFEF02EDA5
:20866000CC42FF00FFC796445263FFE603C55216FFE803C2761F02ED9630924290FF964450
:20867000520CFFE603B9520056C103B69631FFEF03EFCC42FF00FFC79644521FFFE603AC70
:20868000520056C103A9761F02ED9632924290FF96445217562A0934FFEF010DCC42FF000D
:20869000FFC79644523B56B61243FFE603D1761F02ED9635924290FF9644523B56B6124309
:2086A000FFE603C6963692309003964492305263FFE603825216FFE8037F9231520CFFE659
:2086B000037B520056C103789232521FFFE60374520056C1037192335206FFE6036D9234A2
:2086C0005217FFE603699235523BFFE603659236523BFFE603619232521E690E92315204DD
:2086D00056C1035A520656C10357520956C10354520B56C103519232521C69079231520203
:2086E000ED04924456C003489232521D695B92315202ED589244ED56FFEF033E924252068B
:2086F00056B61243FFE60374761F02ED963392309003964492305263FFE6032E5216FFE855
:20870000032B9231520CFFE60327520056C103249232521FFFE60320520056C1031D9233E0
:208710005206FFE6031992345217FFE603159235523BFFE603119236523BFFE6030D923269
:20872000521E690E9231520456C10306520656C10303520956C10300520B56C102FD9232F8
:20873000521C690792315202ED04924456C002F49232521D690792315202ED04924456C1C9
:2087400002EB9230761F02ED9637761F02ED9231761F02ED96389B09761F02ED9232761FFF
:2087500002ED9639761F02ED9233761F02ED963A761F02ED9234761F02ED963B761F02ED8B
:208760009235761F02ED963C761F02ED9236761F02ED963D9A05FFEF01E2CC42FF00FFC7F6
:2087700096445263FFE602B85216FFE802B5761F02ED9622924290FF9644520CFFE602AC4B
:20878000520056C102A99623FFEF02E2CC42FF00FFC79644521FFFE6029F520056C1029C8F
:20879000761F02ED9624924290FF96445217562A092656B61243FFEF02CB92425201FFE60E
:2087A000028B767DD90C544256C102C29242767DDAFBFFEF01A292425201FFE6027D767D38
:2087B000D904544256C102B4761F02CE924256BF013C767DDAEDFFEF019092425201FFE699
:2087C000026B767DD988544256C102A2761F02CE924256BF013C767DDBDBFFEF017E924212
:2087D0001BA901E0FFE802581BA90262FFE60254767DD974544256C1028B761F02CE92428D
:2087E00056BF013C767DDBB8FFEF016792425205FFE802421BA90384FFE6023E767DD97C3D
:2087F000544256C10275761F02CE924256BF013C767DDBC6FFEF015192425205FFE8022CA6
:208800001BA90384FFE60228767DD978544256C1025F761F02CE924256BF013C767DDBBF94
:20881000FFEF013B924256C10217525AFFE60214767DD984544256C1024B761F02CE9242F0
:2088200056BF013C767DDBD4FFEF012792425201FFE60202767DD98C544256C10239761F49
:2088300002CE924256BF013C767DDBE2FFEF0115CC42FF00FFC79644521756B61243FFE622
:208840000227924290FF9644523B56B61243FFE6021F767DD8A4544256C1021A9242767DBF
:20885000DA45FFEF00FACC42FF00FFC79644521756B61243FFE6020C924290FF9644523BCD
:2088600056B61243FFE60204767DD8A8544256C101FF9242767DDA4CFFEF00DF9242964424
:208870001BA903DE69071BA9FFFF56B0124356C001EF767DD910544456C101EA9244767D71
:20888000DB02FFEF00CA924296441BA9021CFFE601A31BA901A4FFE8019F767DD8AC54422D
:2088900056C101D69242767DDA53FFEF00B6924296441BA903E856B61243FFE601C9767DE2
:2088A000D8B0544256C101C49242767DDA5AFFEF00A492421BA901B8FFE8017E1BA9021C98
:2088B000FFE6017A767DD950544256C101B19242767DDB79767DD96059A9767DD95093A134
:2088C00055A96905767DD950767DDB95767DD9509B2895A959A8767DD95854A16779767DA3
:2088D000D95093A99A2894A8767DDB876F7192425205FFE80151525FFFE6014E9B0500FE09
:2088E00039D8520056C00148767DD954544256C101439242767DDB80767DD95459A9767D6E
:2088F000D96493A155A96705767DD954767DDB9C767DD9549B0595A959A8767DD95C54A1E7
:208900006747767DD9549C055264FFE6FBF4767DD95493A99A0594A8FFEFFBEE9242520525
:20891000FFE7011A767DD8D4544256C101519242767DDA99FFEF00B592421BA901E0FFE86B
:20892000010B1BA90259FFE60107767DD958544256C1013E9242767DDB87767DD9509B2807
:2089300095A959A8767DD95854A16706767DD9589CD8767DDB79767DD96059A9767DD95039
:2089400093A155A96905767DD950767DDB95761F02CE56BF013C9A059B01767E3823FFEFC9
:2089500001179242520AFFE800D75264FFE600D49B0500FE39D8520056C000CE767DD95C85
:20896000544256C100C99242767DDB8E767DD9549B0595A959A8767DD95C54A1670C767DCF
:20897000D95C520566039A006F04767DD95C9CFB767DDB80767DD95459A9767DD96493A152
:2089800055A967C6767DD954767DDB9C6FC192425201FFE800A1521FFFE6009E767DD8F490
:20899000544256C100D59242767DDAD16FB59242761F02ED520156B1010156B01243761F0B
:2089A00002ED56B10100FFEF00C39242520156C00083761F02CE56BF013C767DDC396F9C85
:2089B00092421BA9060C68771BA909F46674767DD928544256C100AC9242767DDB2C6F10E9
:2089C00092421BA9060C68671BA909F46664767DD92C544256C1009C9242767DDB339A05DE
:2089D0009B04FFEFFF7C767DD8B45442EC54924252026751761F02EA923B5201EC13520454
:2089E000EC115206EC0F5205ED46761F02EA9228ED42761F02EA9236ED3E761F02CE4C25E9
:2089F000EE3A9242767DDA61FFEFFF571B4201F46632767DD8FC5442EC6A9242767DDADFDC
:208A0000FFEFFF4B767DD9005442EC25924252026722761F02CE924256BF013C767DDAE6BC
:208A1000FFEFFF3B924252016616767DD8F05442EC4E9242767DDACAFFEFFF2F9242520142
:208A2000660A767DD8D05442EC429242767DDA92FFEFFF2356BF12436F3A92415210621763
:208A3000521056C1FA055207620B520756C1F9E5520556C1F9D0520656C1F9D66F28520834
:208A400056C1F9E4520D56C1F9FF6F215214620B521456C1FA1F521156C1F9E1521356C1EB
:208A5000FA066F15521556C1FA2893A99DE1534A660E9CE176FF3310FF8088A906A70DA6D2
:208A60001EA724A9DF0124A81EA776209243FE848BBE0006FE0A964397442B450843CF0071
:208A7000FFEF06331B44270FFFE6062C9244767DDA8BFFEF063A1B44270FFFE6062392443E
:208A8000767DDA84FFEF06311B44270FFFE6061A9244767DDA7DFFEF06281B44270FFFE610
:208A900006119244767DDA76FFEF061F1B44270FFFE606089244767DDA6FFFEF05E192443F
:208AA000520AFFE805FF5214FFE605FC9244767DDA68FFEF05D556BF0245FFEF0606924424
:208AB0005201FFE605EF761F02EA9606761F02EA923B520456C105F9761F02EA2B06FFEF04
:208AC00005F49244520156C005DD761F02CE56BF013C767DDC42767DDC39767DDC1E9A0520
:208AD0009B04767E38239A059B01767E38239A059B0DFFEF05A792445201FFE605C3924481
:208AE000761F02EE961AFFEF05D09244520156C005B9767DD93C1BA90800ED05767DD9A847
:208AF000FF58EC0C28A90800767DDB560200767DDB4F9A059B04767E3823761F02C62B06E0
:208B00002B052B072B09FFEF05B0924456C1059A1BA91770FFE60596767DD93C1BA90800F1
:208B100056C00590767DD9A8FF5856C0058B9244761F02C696053B01761F02B39211761F9D
:208B200002C696069E0585A9FF561BA901C256B21245FFEF058A924456C105741BA9177097
:208B3000FFE60570761F02C69205FFE5056B920956C00568767DD93C1BA9080056C0056214
:208B4000767DD9A8FF5856C0055D9244761F02C696093B01761F02B39211761F02C69607DD
:208B50009E0685A9FF565264FFE4054C92099E0585A9FF565264FFE4054592079E0985A9E2
:208B6000FF561BA901C2FFE2053D92079E0685A9FF5685A91E4292099E0585A9FF5656038E
:208B70000BA900FE390B3B0196482D4856030B09330703AB1E4A92481BA909F4631E1BA9C3
:208B8000060C651B8F0E1000A8A90F4A6516FF2CFF1F0F4A6312767DD93C5448ED06767DD0
:208B9000D9A80F4A56C105219248767DDB56064A767DDB4FFFEF04E456BF1245FFEF0515F9
:208BA00092441BA9FFF8FFE404FD5208FFE204FA0200767DDB4F767DD93C93A9924494A892
:208BB000767DDB56767DD93C1BA909F4650428A909F46F09767DD93C1BA9060CFFE304C085
:208BC00028A9060C767DDB56FFEF04BA92445201FFE604D8761F02EA5200960756C104E588
:208BD000761F02EA923B5204ED04520056C104DD9A009B05FFEF04A69244520156C004C2CF
:208BE000761F02CE56BF013C767DDC399A059B01FFEF049892441BA901A4FFE804B31BA950
:208BF0000258FFE604AF9244761F02EE9619FFEF04BC924452DCFFE604A59244761F02EECE
:208C0000961BFFEF04B29244520156C0049B767DD9201BA9080056C104A828A90800767DDA
:208C1000DB1EFFEF046D767DD8E49E449646767DD8E4761F02EB9E219647767DD9201BA902
:208C2000080056C0047F92461BA9FF38FFE4047A52C8FFE2047792471BA9FF38FFE40472BC
:208C300052C8FFE2046F761F02EB3B019221964685461E42884406A6FF3A1EA69246FFA052
:208C400080A906A681A700FE390B96471BA9060CFFE404581BA909F4FFE204546FC19244E3
:208C50001BA9FFF8FFE4044E5208FFE2044B767DD92093A9924494A8767DDB1E767DD92078
:208C60001BA909F4650428A909DC6FAA767DD9201BA9060CFFE3041428A9060C6FA1924476
:208C7000520156C0042F767DD91C1BA9080056C1043C28A908006F5B9244761F02E59E3773
:208C80009646767DD91C1BA9080056C0041B92461BA9FF38FFE4041652C8FFE20413761F98
:208C900002E5923B5444FFE6040D761F02E5923F5444FFE80407761F02E53B01923796464E
:208CA00085461E42884406A6FF3A1EA69246FFA080A906A681A700FE390B96471BA9060CAB
:208CB000FFE403F01BA909F4FFE203EC6F2092441BA9FFF8FFE403E65208FFE203E3767D3D
:208CC000D91C93A9924494A8767DDB17767DD91C1BA909F4650428A909DC6F09767DD91C44
:208CD0001BA9060CFFE303AC28A9060C767DDB17FFEF03A69244520156C003C4767DD924C8
:208CE0001BA9080056C103D128A908006F539244761F02EB9E249646767DD9241BA9080070
:208CF00056C003B092461BA9FFE2FFE403AB521EFFE203A892445232FFE403A4761F02EB2B
:208D00003B019224964685461E42884406A6FF3A1EA69246FFA080A906A681A700FE390B2F
:208D100096471BA9060CFFE4038D1BA909F4FFE203896F2092441BA9FFF8FFE4038352080C
:208D2000FFE20380767DD92493A9924494A8767DDB25767DD9241BA909F4650428A909DCCE
:208D30006F09767DD9241BA9060CFFE3034928A9060C767DDB25FFEF03439244520156C06E
:208D40000361767DD9181BA9080056C1036E28A908006F539244761F02E39E2C9646767DF3
:208D5000D9181BA9080056C0034D92461BA9FFE2FFE40348521EFFE2034592445232FFE45F
:208D60000341761F02E33B01922C964685461E42884406A6FF3A1EA69246FFA080A906A673
:208D700081A700FE390B96471BA9060CFFE4032A1BA909F4FFE203266F2092441BA9FFF8CB
:208D8000FFE403205208FFE2031D767DD91893A9924494A8767DDB10767DD9181BA909F4BD
:208D9000650428A909DC6F09767DD9181BA9060CFFE302E628A9060C767DDB10FFEF02E017
:208DA0009244520156C002FE767DD9141BA9080056C1030B28A908006F539244761F02E3B8
:208DB0009E2E9646767DD9141BA9080056C002EA92461BA9FFE2FFE402E5521EFFE202E2D1
:208DC00092445232FFE402DE761F02E33B01922E964685461E42884406A6FF3A1EA69246AC
:208DD000FFA080A906A681A700FE390B96471BA9060CFFE402C71BA909F4FFE202C36F2050
:208DE00092441BA9FFF8FFE402BD5208FFE202BA767DD91493A9924494A8767DDB09767D51
:208DF000D9141BA909F4650428A909DC6F09767DD9141BA9060CFFE3028328A9060C767D2B
:208E0000DB09FFEF027D9244520156C0029B767DD9301BA9080056C102A828A908006F58FC
:208E10009244761F02E79E269646767DD9301BA9080056C0028792461BA9FF6AFFE402827B
:208E20005296FFE2027F92441BA907D0FFE4027A1BA91388FFE20276761F02E73B019226EE
:208E3000964685461E42884406A6FF3A1EA69246FFA080A906A681A700FE390B96471BA94F
:208E4000060CFFE4025F1BA909F4FFE2025B6F2092441BA9FFF8FFE402555208FFE20252D4
:208E5000767DD93093A9924494A8767DDB3A767DD9301BA909F4650428A909DC6F09767D69
:208E6000D9301BA9060CFFE3021B28A9060C767DDB3AFFEF02159244520156C00233767DBD
:208E7000D9341BA9080056C1024028A908006F549244761F02E79E2B9646767DD9341BA957
:208E8000080056C0021F92461BA9FED4FFE4021A1BA9012CFFE202161B4401F4FFE40212F1
:208E9000761F02E73B01922B964685461E42884406A6FF3A1EA69246FFA080A906A681A75B
:208EA00000FE390B96471BA9060CFFE401FB1BA909F4FFE201F76F2092441BA9FFF8FFE441
:208EB00001F15208FFE201EE767DD93493A9924494A8767DDB41767DD9341BA909F46504FF
:208EC00028A909DC6F09767DD9341BA9060CFFE301B728A9060C767DDB41FFEF01B192448C
:208ED000520156C001CF767DD9381BA9080056C101DC28A908006F589244761F02BC9E3FDF
:208EE0009646767DD9381BA9080056C001BB92461BA9FF6AFFE401B65296FFE201B3924402
:208EF0001BA907D0FFE401AE1BA91388FFE201AA761F02BC3B01923F964685461E42884417
:208F000006A6FF3A1EA69246FFA080A906A681A700FE390B96471BA9060CFFE401931BA904
:208F100009F4FFE2018F6F2092441BA9FFF8FFE401895208FFE20186767DD93893A992446E
:208F200094A8767DDB48767DD9381BA909F4650428A909DC6F09767DD9381BA9060CFFE3C7
:208F3000014F28A9060C767DDB48FFEF01499244520156C00167767DD9401BA9080056C10A
:208F4000017428A908006F589244761F02EA9E029646767DD9401BA9080056C0015392460F
:208F50001BA9FF6AFFE4014E5296FFE2014B92441BA907D0FFE401461BA91388FFE201426F
:208F6000761F02EA3B019202964685461E42884406A6FF3A1EA69246FFA080A906A681A7B0
:208F700000FE390B96471BA9060CFFE4012B1BA909F4FFE201276F2092441BA9FFF8FFE410
:208F800001215208FFE2011E767DD94093A9924494A8767DDB5D767DD9401BA909F465049A
:208F900028A909DC6F09767DD9401BA9060CFFE300E728A9060C767DDB5DFFEF00E11B44AC
:208FA0001D4CFFE700FF9244761F02EE9621FFEF010C1B441770FFE600F59244761F02EE3B
:208FB0009623FFEF01029244EC091BA905DCFFE900E91BA91194FFE700E59244761F02E72E
:208FC000960AFFEF00F292441BA90100FFE600DAFFC0761F02C69C019608FFEF00E69244B6
:208FD000520156C000CF767DD9281BA9080056C100DC28A908006F5E767DD8B45200ED082A
:208FE0009244761F02E59E12964692126F079244761F02E39E10964692109647767DD9282C
:208FF0001BA9080056C000AE3B018546FF5652C8FFE200A892441BA907D0FFE400A31BA917
:209000000A28FFE2009F9247964685461E42884406A6FF3A1EA69246FFA080A906A681A7D5
:2090100000FE390B96471BA9060CFFE4008B1BA909F4FFE200876F1E92441BA9FFF8FFE4B3
:2090200000815208627E767DD92893A9924494A8767DDB2C767DD9281BA909F4650428A94A
:2090300009DC6F08767DD9281BA9060C634828A9060C767DDB2C6F4392445201ED62767D55
:20904000D92C1BA90800EC7028A908006F36767DD8B45200ED089244761F02E59E1B9646B8
:20905000921B6F079244761F02E39E0F9646920F9647767DD92C1BA90800ED433B0185468B
:20906000FF56521E623E92445232643B9247964685461E42884406A6FF3A1EA69246FFA0C6
:2090700080A906A681A700FE390B96471BA9060C64281BA909F46225767DDB339A059B04DB
:20908000767E38236F3192441BA9FFF8641A52086218767DD92C93A9924494A8767DDB33B7
:20909000767DD92C1BA909F4650428A909DC6FE5767DD92C1BA9060C63E228A9060C6FDD52
:2090A00056BF12456F1192435240660E560301A976FF33A688A906A70DA61EA724A9DF0195
:2090B00024A81EA776209245FE8A0006FE04964197422B430841D8006F459242761F02C6EE
:2090C000520156B61243562A090C6F429242520266365201ED11761F02EA923B5204EC0CE5
:2090D0005200EC0A761F02EA9A009B0556BF0107767E38236F2D92425202ED0A761F02EAD5
:2090E000923B5204EC05761F02EA2B386F079242ED1F761F02EA56BF0138761F02EA2B07A0
:2090F0006F1792425201660B761F02EA923B5204ED069242761F02EA96376F0A56BF1243A6
:209100006F079241ECBB5201ECC25202ECEB9243FE840006FE04964197422B430841A000CD
:209110006F719242761F02805201562A09306F0E9242761F02805201562A09316F079242A9
:20912000761F02805201562A093256B612436F6A9242761F02805201562A09336FF792429C
:209130001BA901E068401BA90258663D9242761F028096346F5792421BA901E068341BA9BD
:20914000025866319242761F028096356F4B92421BA901A468281BA9021C66259242761F0B
:20915000028096366F3F9242761F028096376F3A9242761F028096386F351B4203E8661384
:209160009242761F028096396F2D9242761F0280963A6F289242520F66069242761F0280BB
:20917000963B6F2056BF12436F1D9242761F0280963C6F189242761F02805201562A093D41
:209180006FA59241520D660E560301A976FF342888A906A70DA61EA724A9DF0124A81EA7AD
:2091900076209243FE840006FE04761F0280920C761F02CB9600761F02EA923B761F02CB6D
:2091A0009601761F02DE2B43922F761F02CB9602761F02CE922C761F02CD90079614761F1D
:2091B00002EE922E761F02CB9604761F02EE062E761F02CB9705761F02B5061A761F02CB6E
:2091C0009706761F02B5921A761F02CB9607761F02EA923B5204ED05761F0280920E6F0639
:2091D0005200EC07761F02C6920B761F02CB9603761F02B39211761F02CB9608761F02EAD7
:2091E0009210EC06761F02E9923E96436F022B4392439B0A00FE395E761F02CB8F0003E8E8
:2091F0009609761F02B3A8422D43121100FE390BBE64761F02CB960A761F02DE9231761FC6
:2092000002CB960B761F02EB9221761F02CB960C761F02EB9224761F02CB960D761F02EBE8
:209210009226761F02CB960E761F02EC9200761F02CB960F761F02EB02002D24761F02EB0D
:209220003721761F02CBF61F561700A63F10761F02E39224761F02CB9611761F02E3922C8C
:20923000761F02CB9612761F02E3922A761F02CB96132B14761F02E49218761F02CB961562
:20924000767DD8D05201ED0E761F02E4061A761F02DF0F10630306106F08761F02E4061A67
:209250006F04761F02E4921A761F02CB9616761F02E59237761F02CB96172B18761F02E642
:209260009208761F02CB96192B1A2B1B767DD9045200ED06761F02CB921B63022B1B761F54
:2092700002CB2B1C2B1D761F02E49200761F02E49418761F02CB961E761F02E40600761F22
:2092800002E40718761F02E41EA6060A761F02E4071A0FA66508761F02E4920A761F02E42A
:20929000941A6F07761F02E49200761F02E49418761F02CB961F761F02E39B0A9207761F02
:2092A00002CB9620761F02DE923800FE395E761F02CB9B0A9621761F02DE923700FE395EC6
:2092B000761F02CB9B0A9622761F02DE923B00FE395E761F02CB9623761F02BC923F9B0A24
:2092C000761F02CB96242B2556BF0127761F02E79226761F02CB9626761F02B39211761F0F
:2092D00002CB9628761F02E7922B00FE39D3761F02CB9629761F02E7922A761F02CB962A31
:2092E000761F02DE922E761F02DE9643923B761F02DE5443562A0243923A5443562A024325
:2092F0009B0A924300FE395E28AC0030761F02CB962B761F02DE922F761F02CB962C2B2D76
:20930000761F02E3922E761F02CB962E761F02EA9202761F02CB962F761F02EDA31E062046
:20931000761F02CB565B28AC00203F39761F02EDA31E0620761F02CB565B3F3A761F02ED43
:2093200028AC0030A31E0620761F02CB569F3F3B761F02ED921E761F02CB963C2B3D2B3E38
:209330002B3F761F02CC2B002B012B022B032B042B052B062B072B08761F02EDA312061456
:20934000761F02CC565B28AC00203F09761F02EDA3120614761F02CC565B3F0A761F02ED89
:20935000A3120614761F02CC569F3F0B761F02ED9212761F02CC960C2B0D2B0E2B0F2B1079
:209360002B112B122B132B142B152B162B172B18761F02EC9228EC08761F02CF9212761F21
:2093700002CC96236F04761F02CC2B23761F02E59212761F02CC9625761F02E5921B761F36
:2093800002CC9626761F02E51B1202586808761F02E59210761F02CC96276F04761F02CCBC
:209390002B27761F02E69214761F02CC9628761F02E39210761F02CC9629761F02E3920FCE
:2093A000761F02CC962A761F02E3920D761F02CC962B761F02E49200761F02CC962C767D28
:2093B000D8B4761F02CC28AC0030962D761F02EDA3160618761F02CC565B28AC00203F3213
:2093C000761F02ED0618A316761F02CC565B3F33761F02ED0618A31628AC0030761F02CCEA
:2093D000569F3F34761F02ED9216761F02CC96352B362B372B382B392B3A2B3B2B3C2B3D97
:2093E0002B3E2B3F761F02CD2B002B01761F02EDA31A061C761F02CD565B28AC00203F0232
:2093F000761F02ED061CA31A761F02CD565B3F03761F02ED061CA31A761F02CD569F3F04A4
:20940000761F02ED921A761F02CD96052B062B072B082B092B0A2B0B2B0C2B0D2B0E2B0F06
:209410002B102B11761F02DF921E761F02CD961D761F02DF9210761F02CD961E761F02DFE2
:20942000920E761F02CD9621761F02DF920C761F02CD9622761F02DD920C761F02CD961F16
:20943000761F02DD920D761F02CD96202B15761F02E59237EC0F0E37761F02DF1E420264EE
:209440001EAC5644001E00FE390B761F02CD96166F04761F02CD2B16761F02E39224EC0FF5
:209450000E24761F02DF1E4202641EAC5644001000FE390B761F02CD96176F04761F02CDF0
:209460002B17761F02B39211650E3B018511761F02DD1E42340C03E800FE390B761F02CDD3
:2094700096186F04761F02CD2B18761F02E79226EC0E0E2628AC0064761F02DD1E42300D67
:2094800000FE390B761F02CD96196F04761F02CD2B19761F02E59212EC0F0E12761F02DFAB
:209490001E4202641EAC5644000E00FE390B761F02CD961B6F04761F02CD2B1B761F02E396
:2094A0009210EC0F0E10761F02DF1E4202641EAC5644000C00FE390B761F02CD961C6F047A
:2094B000761F02CD2B1CFE840006761F02C62B1D2B1E2B1F2B202B212B222B232B242B2560
:2094C0002B262B272B282B292B2A2B2B0006761F02C756BF50002801040B280203E8767D8E
:2094D000D8F4761F02C7560308A99C019603767DD8CC761F02C79604767DD8C8761F02C792
:2094E0009605767DD8C4761F02C79606767DD8C0761F02C79607767DD8BC761F02C796083F
:2094F000767DD8B8761F02C796092B0A280B054B2B0C280D03E8280E03F2280F03E800067A
:20950000FE04767DD930761F02C79610767DD934761F02C79611767DD938761F02C796123A
:20951000767DD91C761F02C79613767DD940761F02C79614767DD8CC761F02C79615767DA5
:20952000D8C8761F02C79616767DD8C4761F02C79617767DD8C0761F02C79618767DD93C48
:20953000761F02C79619767DD9A88F002710A84200FE391A761F02C7961A767DD920761F0A
:2095400002C7961D767DD9A88F002710A84200FE390B761F02C7961E767DD8B8761F02C736
:209550009620767DD8BC761F02C79621767DD924761F02C79623767DD918761F02C79624A6
:20956000767DD914761F02C79625767DD914761F02C7962556BF6429761F02CF412CEF197C
:20957000922B761F02C990FF08A901909600761F02CF922A90FF761F02C908A9019096036B
:20958000761F02CFCC2AFF00FFC708A901906F0D767DD960761F02C99600767DD998761FD1
:2095900002C99603767DD970761F02C99604767DD8E4761F02C99609767DD8E81BA9138861
:2095A000ED05761F02C92B0A6F05761F02C956BF010A767DD8EC761F02C9960B767DD9A00C
:2095B000761F02C9960C767DD944761F02C9960D767DD94C761F02C9960E767DD994BE0A42
:2095C000761F02C90EA9F60F1FA6960F767DD990BE0A761F02CA0EA9F60F1FA69609767D6D
:2095D000D994BE0A761F02C90EA9F60F1FA69610767DD9A49B0A00FE395E761F02C996110E
:2095E000767DD948761F02C99612767DD908761F02C99613767DD8DC761F02C99614767DCE
:2095F000D8D8761F02C99615767DD8F8761F02C99616767DD8E0761F02C99618767DD964E8
:20960000761F02C99619761F02ED9229964356030843942A761F02C9961A9643761F02ED54
:20961000922B964356030843942D761F02C9961B9643761F02ED922E964356030843942FD1
:20962000761F02C9961C761F02ED9643922C761F02C9961D761F02ED922296435603084335
:209630009423761F02C9961E761F02ED964392249643560308439426761F02C9961F964317
:20964000767DD954761F02C99620767DD95C761F02C99621767DD90C761F02C99622767DB2
:20965000D904761F02C99623767DD988761F02C9962B767DD974761F02C9962C767DD97CE5
:20966000761F02C9962D767DD978761F02C9962E767DD984761F02C9962F767DD98C761FFD
:2096700002C99630767DD950761F02C99637767DD8D4761F02C99638767DD99C761F02C96B
:209680009639767DD958761F02C9963A767DD8F4761F02C9963D767DD8A4761F02C996242C
:20969000767DD8A8761F02C99625767DD910761F02C99626767DD8AC761F02C99627767DAD
:2096A000D8B0761F02C99628767DD928761F02CA9601767DD92C761F02CA9602767DD8B4A8
:2096B000761F02CA9603767DD8FC761F02CA9604767DD900761F02CA9605767DD8F0761FC6
:2096C00002CA9606767DD8D0761F02CA960AFE840006761F02CFCC2C0002761F02C6FFC082
:2096D000962C761F02CFCC2C0004761F02C6FFC1962D761F02CFCC2C0008761F02C6FFC2F2
:2096E000962E761F02CFCC2C0010761F02C6FFC3962F761F02CF922A90FF761F02C608A995
:2096F00001909630761F02CFCC2AFF00FFC7761F02C608A901909631761F02CF922B90FFCA
:20970000761F02C608A901909632761F02CF922D761F02C69633761F02CF922E761F02C614
:209710009634761F02CFCC2BFF00FFC7761F02C62DA9350A96352B36761F02CFCC2C01E070
:20972000761F02C6FFC49637761F02CFCC2CF800761F02C6FFCA9638761F02CF922C90013D
:20973000761F02C696390006FE047C4397429641767DD9085200EC342B4492445205670B22
:2097400058448F00B19392945441EC2C0A449244520568F7761F02C658018F00B193924191
:209750000A0196949201520568022B01761F02809229ED11761F02C692025205670C58025F
:209760008F00B18E92410A02969492428F00B19896946F0892419342767D97996F03767D95
:2097700097F0FE840006FE022B412B426F1858418F00B18E92948F00B1989394767D9799BB
:2097800058418F00B18E2B945841761F02C68F00B1980B022B9456BF01420A41761F02C609
:209790009202EC05761F02809229EDE29242FE820006FE048F00B600761F02C697429641E5
:2097A000A84492C4960D9C015280960D68022B0D8A44920D96C48A4492CC520A68038A4488
:2097B0002BCC8A4492CC8A44960396CC2D03350531058A449C02761F02ED58A9934192AB0B
:2097C0009C0327A9979458AB8A44560308293105942A969492AB9C0427A98A4458AB56039F
:2097D000082B3105942D969492AB9C0527A98A4458AB5603082E942F969435058A449C0680
:2097E00058A9934297948A44761F02C60ACC0A0056BF01049200520A56B60A00FE840006B7
:2097F000FE022B4192415205671158418F00B1932B9458418F00B18E2B9458418F00B19889
:209800002B940A419241520568F1761F02C6FE822B012B020006B2BDAABDA2BD761F02ECC7
:20981000D000B6002BAA2BAB9228D200D30052026311761F02EAD101923B5205ED05761FE2
:2098200001BF4B01EE055203EC035202ED14D1006F125202D101ED0F761F02EACC3BFFFB9A
:20983000EC09761F02EA923656B003A756B102A76F02B6018F40B413D40192C5520156C027
:20984000008192A3ED025BA492A15201ED7A9A122DA47680B480761F02CE36A9560100A68F
:2098500093F69713761F02EC922852026336CCA8000F761F02EA543BED0C93FE761F02CE19
:209860004A049722EE1E4AA8EF1C93A0EC186F195203EC215205EC0E5202EC0C933B5304F5
:20987000ED105200EC0E93A25305EC0B5302ED056F0893A25305EC055303EC035AA958A48B
:2098800093AAED3F5203EC055205EC035202ED392FA46F3758A46F3B2DFE761F02CE212267
:20989000CCC63800FFCA5202ED2CCCA8000F5204EC1ECCA8000FEC1B4AACEE0D92A75202CD
:2098A000680892AB5202671D2FA428AB00026F19B6026F1692A75203680892AB52036711AE
:2098B0002FA428AB00036F0DB6036F0A92A7EC0792ABED072FA428AB00016F03B60158A418
:2098C000DC01DD0192A4520CFFE8FF7992A3EC0492AAED022FA392A0EC139A032DA08F008E
:2098D000B440761F02CF36A9560100A492C4960592CC9606761F02CE9A0178336F2392AAE0
:2098E000EC20761F02CE542FED0E9A032DAA8F00B44036A9560100A492C45436ED0492CC79
:2098F000542DEC0F9A032DAA8F00B440572F36A9560100A492C4963692CC962D9A026F0235
:209900009A0082BE86BE8BBE00062DA99A128F00B480D00A36A9560100A48894761F02CE60
:20991000D00C7E16CDA6200092949627CCA69003CA2BCBA992A6FFC1972B90FF723E92A6B2
:20992000FFC990035201EC0493315301ED039A016F0F5202EC035302ED039A026F09520377
:20993000EC0492315203ED039A036F029A004E2B9631EE064EA6EF041A2B40002129000687
:209940002DA8560302A9761F02D01AA9F000CDAC00032F44274518A99FFF80468847CBA951
:209950009701560301A57C009443560307A994AA18A97FFF96023F037F047E050006B2BD32
:20996000AABDA2BDFE0E761F02CF2B00761F02CE2B212B1F2B290200761F02CF2B0ED100C3
:20997000D300761F02CE2B472B482B492B3E2B312B2E761F02DF1E08761F02DF1E0A761F59
:2099800002CE02001E4E923DED059A00BE00FFEF00E69A008F00B48076C0B41E8D80B41264
:209990002B463B01962C962BA84C92C2520156C000BE9A122D46761F02CF37A90A0E064C49
:2099A00007AB83A988FD761F02CED00B8F00B3A17E22560302A6CDA900072D95D008210345
:2099B00090082F95570ECBC427A897C493A6FFD018A8C000CAA8CAAB93A3CDA80FFF27A826
:2099C00093A6FFD191035302EC0B5301ED0CCDA900035302EC0818A9FFFC50016F0418A94E
:2099D000FFFE5002CDAC00035302EC0C5301ED0E931F91035302EC0A181FFFFC1A1F000113
:2099E0006F05181FFFFE1A1F000293A6FFD89110CAA846A656BD012E93A6FFD518A8010065
:2099F000CAA84BA6EF032849000145A6562A0C21EF09761F02CF508056BF0100761F02CE4F
:209A00009621CCAA01FF2DA9761F02DF350A85A9070809051E0892AA761F02DFFFC80EA9ED
:209A10005601000A9246767D9905882247A6EF0D0A47D00992959618FFC72FA9064E0DAA31
:209A20001E4E4CA6EF02D90192C22D4618A3F000FF66CAABCCA90FFF27A99B0192A3CAAB18
:209A30005BA992C5961EFFCA90072DA927A9FF6799484AA6EF0F93F5CCA8000F5204EC0A75
:209A4000910FEC0828AC000892AB72AC9A01FF66984892F59613900F5206EC055205EC03FD
:209A50005203ED0456BF01C76F022BC70A46DA01DF019246543DFFE8FF3A922B882C41A981
:209A6000EF0D761F02DE932FED09761F02CE9331EC059331761F02DE972F761F02DDCCA9BB
:209A7000F00318A6FFF893048F00177080A99107761F02CE99A67E2C761F02DE56030A2F6B
:209A8000A8AC88A9761F02CE18A60FFF92A6CAA788A90E3E761F02CFF60F1F0E761F02CEED
:209A9000560302A918A903FFCAA6962B761F02CF880E0200761F02DFA308F61F561700A677
:209AA000A9080200BE64761F02DF5665000A761F02CFF61F561700A6880E0200761F02DFFA
:209AB000F61F561700A69248A90A901CEC18924841A9EF15761F02EA923B5204EC10761F34
:209AC00002809A049B0556BF2E0E767E3823761F02809A2E9B015C0E767D9734761F02CE1E
:209AD00092481AA320009321FFC79648521CEC085202EC065201EC0418A3EFFF6F031AA3A4
:209AE0001000924918A8FFDF90017B25FF84CBA9972192A1ED039A006F435447EC25924709
:209AF000A34E9EA188A90200F61F561700A692AB526E661A56BF0141761F02CF2B429B0089
:209B0000D50992215C2056BF0A4356BF01442B45767D99408F00B400767E0B2A761F02CE6F
:209B10004C04EF1D6F18761F028056BF014156BF0A0E2B429B00D509761F02CF56BF0A4309
:209B200092215C202B442B45767D99408F00B400767E0B2A9A009B01767E38239A01FE8E33
:209B300082BE86BE8BBE0006B2BDAABDA2BDFE04761F02EA923BD100D20052032B422B43EA
:209B4000EC065205EC04520256C000B7761F02CE923DEC775C3D8DC0B4808F40B4122B41F9
:209B50003B01DC8192C55201ED689A122D4137A9761F02CEA2A9D00907AB1EA627FE3F22DE
:209B60002DC6211E92F69613589649AB7818EF3E761F02EA933B5303ED16CDA9000F900F17
:209B70002FA85203ED12761F02EB9B0A922100FE39D393A9CCA000FF9EA885A9FF56520301
:209B800063046F0F900F2FA9761F02EA923B5205EC035202ED1D92AA5205EC035202ED189C
:209B900093AB92ABFFD7FFC09101CAAB47A9EF0892ACFFCA90072DA99A01FF66984347AB76
:209BA000EE075300EC05D9016F03900F2FA992AA9341EC094AABEF0793AA5301EC035300E6
:209BB000ED02DA015203EC055205EC035202ED0547ABEF0328420001DD010A41000CFF94E2
:209BC00092A2ED0792A1EC05761F02CF0A1E6F04761F02CF2B1E761F02EC92285202630491
:209BD00092A1EC146F18761F02CE4C25EE0A761F02CF92422B072B1EEC1F9A049B096F1864
:209BE00092A1EC049243521CEC06761F02CF2B072B1E6F12761F02CF0A071B0702BC6604EA
:209BF000921E521465092B072B1E9A049B08767E38239A016F029A00FE8482BE86BE8BBED1
:209C00000006761F02EA923B5203EC055205EC035202ED437680B4808F40B413D40192C5F4
:209C10005201ED319A122DA4C5A6761F02CE36A9560100A792F79613761F02EA933B5303C2
:209C2000EC1D5305EC0D5302EC0B900F5205EC055202EC035203ED179A049B046F22900F8E
:209C30005203ED11761F02CE933B923B91019002CAA8ED139A049B026F14900F5205EC0982
:209C40005202EC07DC01DD0192A4520C68C96F05761F02CE423BEF039A0000069A049B0319
:209C5000767E38239A010006B2BDAABD761F02CECC1E000ED100FFC0ED0F767DD8E41BA9D2
:209C60000898ED07761F02CECC1E000EFFC06F0428A908986F195201ED0B767DD8E41BA90A
:209C700008FCED10761F02CECC1E000EFFC05202ED0E767DD8E41BA90960EC0928A909605D
:209C80006F0328A908FC767DDAB5D101761F02CE441EEE12767DD8E81BA91388ED06761FC8
:209C900002CE441EEE096F1628A91388767DDABC28A94E206F0C767DD8E81BA91770EC0A63
:209CA00028A91770767DDABC28A9411B767E1FD1D101761F02CECC1E00E0FFC45AA9767DF8
:209CB000D94C54A2EC0592A2767DDB72D101761F02CECC1E0300FFC75AA9767DD8EC54A27A
:209CC000EC0592A2767DDAC3D101761F02CECC1E0400FFC95AA9767DD9A054A2EC0592A258
:209CD000767DDC05D101761F02CECC1E4000FFCD5AA9767DD8B454A2EC0592A2767DDA61A8
:209CE000D101761F02CE921EFFCE5AA9767DD90054A2EC0592A2767DDAE6D101761F02CEDC
:209CF000CC1900FF5AA9767DD97008A9FE7054A2EC0728A9019094A2767DDBB1D101761FAB
:209D000002CE9219FFC75AA9767DD99808A9FE7054A2EC0728A9019094A2767DDBF7D10164
:209D1000761F02CECC1A00FF5AA9767DD96008A9FE7054A2EC0728A9019094A2767DDB95B7
:209D2000D101761F02CE921AFFC75AA9767DD96808A9FE7054A2EC0728A9019094A2767DB0
:209D3000DBA3D101761F02CECC2800FF5AA9767DD95008A9FE7054A2EC0728A9019094A2AC
:209D4000767DDB79D101761F02CE9228FFC75AA9767DD95808A9FE7054A2EC0728A9019074
:209D500094A2767DDB87D101761F02CECC1C00FF5AA9767DD96454A2EC0592A2767DDB9C92
:209D6000D101761F02CE921CFFC75AA9767DD96C54A2EC0592A2767DDBAAD101761F02CE33
:209D7000CC1D00FF5AA9767DD95454A2EC0592A2767DDB80D101761F02CE921DFFC75AA9B0
:209D8000767DD95C54A2EC0592A2767DDB8ED101761F02CECC1400015AA9767DD98854A2BF
:209D9000EC0592A2767DDBDBD101761F02CECC140002FFC05AA9767DD98C54A2EC0592A297
:209DA000767DDBE2D101761F02CECC1700FF5AA9767DD97408A9FE7054A2EC0728A901902D
:209DB00094A2767DDBB8D101761F02CE9217FFC75AA9767DD98454A2EC0592A2767DDBD421
:209DC000D101761F02CECC1200FF5AA9767DD97CBE050EA9F60F1FA654A2EC062DA23505EF
:209DD000767DDBC6D101767DD978BE05761F02CE0EA9F60F1FA69312FFD755A9ED0592A182
:209DE0005201EC086F0B9212FFC72DA93505767DDBBF9A059B01767E382386BE8BBE00067E
:209DF000FE0683A402065CADDC86767E398092444FA9EE0E93A9761F02CEFFD7917F2B117B
:209E0000970193A9FFD6907F9101970F6F1293A9761F02CEFFDC910356BF0111970A93A9BD
:209E1000FFD8910F971093A9FFD4901F910F970896239243761F02CF96229242962392410B
:209E20009624FE860006B2BDAABDA2BD76C0B4402BACD40B8DC0B4068D80B4128D40B41E50
:209E30002BC79A12D000BE0F2BCF37A92BD7A9A98F40B4800DA0D801560100A52BC5000E26
:209E4000FFF82B815DAC2B82DF03DD012B832DA5000CFFE8761F02CF2B072B0482BE86BE2B
:209E50008BBE0006761F01BF1A021000761F02CF2B122B11761F02CE2B06761F02CF2B011B
:209E60002B0C3B108F00B880761F02E12B00761F02E1A806761F02E1A808761F02E12B0302
:209E70002910FF69767D9E230006761F01A09204761F02CE7239761F01A59204761F02CE65
:209E8000723A923A5001761F02CF9620761F02CECC3907FF761F02CF9621767D9E52767E79
:209E900010410006FE06761F02CF56BF014192215C209B00D5042B4296437C442B45767D8E
:209EA00099408F00B400767E0B2AFE860006761F01BF1A041000761F02CF56BF0212761F2C
:209EB00002CE2B362B2D2B2F761F02CF2B11767D9E239221761F02D19600761F02CF922090
:209EC000761F02D196012B02761F02D056BF0112761F02CF56BF01040006A2BD5BA8560386
:209ED00002A91AA9F000761F02CFCDA300032D4618A99FFF2F4727488049884ACBA99737A7
:209EE000560304A57C369445560304A994AC560305A994AA1AA9800096383F397F3A7E3B4F
:209EF00082BE0006761F02CF960D00060006B2BDAABDA2BDFE06761F02EA922556C00480EC
:209F0000761F02CF411056CC04818D80FFFF8F00B3F0767E0FAE520056C10478761F02EC8D
:209F10009228ECF6761F02CE8F00B3F02B0C767D9DF0761F02CE9211520156C10376761FC7
:209F200002CF9212ED4F761F02CE9201ED0D2901761F02CF25220D230F20761F02CE56B6D7
:209F30000105FFEF00C0520156C000BD8F00B3E08F40B3E292CC54C5ED0493CD55C4EC2FB5
:209F4000761F02CF9324EC17761F02809A009B0156BF2C0E767E3823761F02EA923B520452
:209F500056C10087761F02809A2C9B015C0E767D97346F7E2B415C202B429311D50296431C
:209F60007C4497459B00767D99408F00B400767E0B2A761F02CE0A0BFFEF0085767D9E757F
:209F70006FC65201EC53761F02CE92015204EC3D5202ED787680B440D40176C0B3E283A627
:209F8000DD0392C5ED0993CDED071BA2FFFF2BD5ED125AA46F1054C7ED0E92CF54CDED0B79
:209F9000761F02CF922454D5EC0B2BD5761F02CE0A096F06DC01DD0392A4520C68E31BA22F
:209FA000FFFFEC509A032DA237A98F00B3E206A6761F02CE07AB1EA692C496C692CC96CEFC
:209FB00092D496D60A096F3E2901761F02CF25220D231EA706200FA766060FA7ED19767D3C
:209FC0009E756F30767D9E926F2D761F02CE92015205EC245206EC0F520FEC24520CED2280
:209FD000761F02CF92225411EC035200ED1B767D9E526F18761F02CF9222761F02EA543B15
:209FE000EC0A933B5305EC035302ED0C5205EC035202ED089A009B086F039A009B09767E98
:209FF0003823761F02CE9201520356C10284520256C10271520E56C10257520956C1021CCE
:20A00000520756C1020E520856C10202520A56C101F9520B56C1036D520D56C1036A5210B5
:20A0100056C10189521D56C10133521856C10120521956C1010F521A56C100C9521BEC5D9F
:20A020005211EC475212EC37521CEC1A521356C003508F40B3E08F00B3E29B0092CD54C429
:20A03000ED0A92C554CCED07761F02CF921154D456B101A8761F02CF9701FFEF033A923CD6
:20A04000EC04401E56CC03358F00B3E292C4961492CC961792D49612767D9C54761F02CED3
:20A050002B1E2B192B1A2B282B1C2B1D2B142B172B126F20923CEC04401E56CC031A8F0005
:20A06000B3E292C4962892CC961C92D4961D6F12761F02CF9322761F02CE923CEC0440A867
:20A0700056CC0307971E8F00B3E292CC961992D4961A2B3CFFEF02FD761F02CF92125202F6
:20A08000EC57761F02CE920F520156C002F2761F02CF9211542256C002EC761F02819206E7
:20A090008F00B3E59C703809761F02CF27A99626761F0281CDD4FFFC920D900180A9D51B4D
:20A0A00099A75603010090032B41CAA788A95603020118A6FFF393A9910792029001CBA6EF
:20A0B000FF82CAA8930318A9FE0F9101FF93CBA9920B900FFF8488A999A618A607FF560355
:20A0C0000B0C93A9761F02CFCBA692A89727931197423F4396442B4592215C209B00767D58
:20A0D00099408F00B400767E0B2AFFEF02A2761F02CE8F00B3E256BF022A761F02CF92C413
:20A0E000962692CC9627FFEF0294761F02CF92125202EC2F761F02CE920F520156C0028992
:20A0F000761F02CF9211542256C00283761F028192049C7090FF88A95603080508A9700035
:20A10000761F02CFCAA69625761F02818807761F02CF7E28761F02819308761F02CF801151
:20A11000D51A2B417F42972996437E4497456FB5761F02CE8F00B3E256BF012A761F02CF89
:20A1200092C4962592CC962892D49629FFEF0251761F02CF9212520256C1024B8F00B3E2A6
:20A1300092C4962B92CC962CFFEF0243761F02CF9212520256C1023D8F00B3E292C4962AB7
:20A1400092CC962D92D4962EFFEF0233761F02CF9212520256C1022D8F00B3E2761F02CE64
:20A1500092C4CDA90007962C90075203ED26761F02CF920B5203EC21767DD6155200EC15C5
:20A16000767DD980FFC85BA9767DD980FFC4900F59A9767DD980901FD50793A15CA992A3D3
:20A17000767DCAF2767DDBCD9A059B01767E3823761F02CECD2C00075304ED17761F02CFD5
:20A18000920B5204EC12761F02ED56030429CA2AFF84CA2B767DDBCD9A059B01767E382333
:20A19000761F02CECD2C0007761F02CF970BFFEF01E0761F02CF9212520256C101DA8F0094
:20A1A000B3E288C4761F02CE93217E2492CC962B92D496251820FFFCFFCD98209103ED0883
:20A1B000CCA600035201ED0D9A009B026F08931F9103ED075201ED059A009B03767E382319
:20A1C000761F02CE922496219220961F761F02EE56BF0117767DD8E4761F02CECD243E0051
:20A1D0008F00B3E2FFD8761F02EE2DA8310A9EAB9616761F02CE9A0193D49725761F02CF61
:20A1E0002D11FF66CEA8CCA90FFFED0C92125201ED090A0C920C520569062B0C767D9E5249
:20A1F0006F022B0C761F02CE4E2B56CD0182761F02CF2B2A2B2B2B2C2B2D2B2EFFEF0179A2
:20A200009A009B05767E3823FFEF0173761F02EA923B520356C0016D9A009B076FF4761FF8
:20A2100002EA923B5202EC04520556C001629A009B066FE9761F02CF92125202EC1B761FD4
:20A2200002CE920F520156C001548D40B3E292C956C0014F92C1761F02809B01960E9A0088
:20A23000767E3823761F02EA923B520456C101416F118D40B3E2761F02809B0592C1960E32
:20A240009A04767E3823761F02EA923B520456C10130761F028092C19BFF5C0E767D9734F9
:20A25000FFEF01278F40B3E08F00B3E292CD54C4ED0D92C554CCED0A761F02CF921154D442
:20A26000ED05767D9EA7FFEF0114767D9E52FFEF01102901761F02CF25220D238BA906206E
:20A270000FA156C00106767D9E75761F02CF06206FF8761F02CF9212520256C100FA8824ED
:20A2800092A656C100F6C52029012522564100A70E230FA756C000ED7E11761F02CE56BFF2
:20A290000106FFEF00E6920AED4A9210520656C000E092085206FFE700DC9223520CFFE763
:20A2A00000D85200ED0892085205ED35761F02CF0A086F262D0835038F00B48028AC001249
:20A2B00058A98F40B3E23223C4A4A9A9A9A70DA0560100A692C596C6BE0192A072A606A7B7
:20A2C0000DA6C4A4560100A692CD96C6BE0292A072A6A9A90DA6560100A492D596C4761F4B
:20A2D00002CE92085205ED0758238F00B4120A0056BF019456BF0138FFEF009B520156C0F5
:20A2E000009892105206ED689208520667659223520C676252008DC0B480EC08761F02CFB0
:20A2F0009211761F02CE5423ED40761F02CF92125201ED3B761F02CE2D08350356BF0641EF
:20A30000761F02CF28AC001280A98AA33211761F02CE9208761F02CF9642A9A6D500921154
:20A310009643A9A90DA7560100A492C4D401964492A772A406A6BE020DA48AA3560100A4BA
:20A3200092C48AA3964592A772A6A9A90DA6560100A49B0092C45C2096469221767D9ECD14
:20A330008F00B3F6767E0B2A761F02CE2D088F00B3E23503D10158A992C4761F02D09693FD
:20A3400092A072A192CC969BD10292A072A192D4969B56BF0112761F02CF92125201ED28E0
:20A35000761F02CE92085205ED238F00B48092F49613900F767D9EF228AC00123B01761FBC
:20A3600002CE9213FFC3761F02CFCCA903FF88A93011761F02CE560100A492A693F497138E
:20A37000FFD318A803FF9EA885A9FF5696358F00B3E22BC42BCC2BD4FFEFFB8B761F02CFC2
:20A380009212EC03767D9E52FE8682BE86BE8BBE0006FE06761F02CF4210EF2C9212520221
:20A39000ED29761F02EC9228EC25761F02CE1A3B0001767E35B79A019B64D40FD504767E64
:20A3A00036B0767E35C5761F02CF9B00D50856BF014192215C202B422B432B442B45767DB8
:20A3B00099408F00B400767E0C029A009B07767E3823761F02CF4310EF2292125202ED1F16
:20A3C000761F02EC9228EC1B761F02CE56BF01411A3B00042B429B00D507761F02CF2B436C
:20A3D00092215C202B442B45767D99408F00B400767E0C029A009B06767E3823761F02CF5E
:20A3E0004410EF1892125202ED1556BF01412B4292219B005C20D50A2B432B442B45767D5B
:20A3F00099408F00B400767E0C029A009B05767E3823761F02CF4710EF1492125202ED11F0
:20A4000056BF01412B4292219B005C20D50D2B432B442B45767D99408F00B400767E0C026E
:20A41000761F02CF4610EF2C92125202ED29761F02EC9228EC25761F02CE1A3B0002767E49
:20A4200035B79A019B64D40FD504767E36B0767E35C5761F02CF9B00D50B56BF0141922127
:20A430005C202B422B432B442B45767D99408F00B400767E0C029A009B0A767E3823761FA2
:20A4400002CF4B10EF1892125202ED1556BF01412B4292219B005C20D50E2B432B442B4511
:20A45000767D99408F00B400767E0B2A767D9E5256BF010A4810EF2B92125202ED28761F9D
:20A4600002EC9228EC20767E35B79A019B66D40FD504767E36B0767E35C5761F02EA56BF92
:20A470000141923B9B00D506761F02CF2B425C20964392212B442B45767D99408F00B4007E
:20A48000767E0B2A9A009B08767E3823761F02CF4910EF1E92125202ED1B761F02EC9228FE
:20A49000EC1356BF0141761F02CF2B429B00D50592215C202B432B442B45767D99408F0037
:20A4A000B400767E0B2A9A009B09767E3823761F02CF4510EF3692125202EC16761F02ECD5
:20A4B0009228EC2B761F02802B41920E2B429B00D509761F02CF96435C202B4492212B4565
:20A4C000767D99406F1A761F02EC9228EC12761F028056BF0141920E2B429B00D509761F63
:20A4D00002CF96435C202B4492212B45767D99409A009B01767E38238F00B400767E0B2AF7
:20A4E000761F02CF4C10EF1F761F02EC9228EC1B761F028056BF2A0E9A009B01761F02CF48
:20A4F0001A130004767E3823761F02EA923B5204EC08761F02809A2A9B015C0E767D973495
:20A50000767D9E52FE860006B2BDAABDA2BDFE068F00B412BE00D200D1008DC0B48092C408
:20A510005201ED2F9A122DA137A9A2A907AB83A992C540A9EE30CDC307FFCCA907FF54A8CE
:20A52000ED1F92CB54CDED1C92D354D5ED1992DB54DDED1692E354E5ED1392EB54EDED10EA
:20A53000D00D9293D00D5495ED0BD00E9293D00E5495ED06D00F9293D00F5495EC02BE0115
:20A54000D901DC0192A1520C68CB92A65201ED63D1006F4F761F02CE92A12B3CEC4A9A1235
:20A5500037A9A2A9D00D07AB8AA9CCC4FFFE961E92CC961992D4961A92DC962892E4961C46
:20A5600092EC961D9294D00E96149294D00F961792949612767D9C546F2C9A122DA156BF6F
:20A57000014137A92B42A2A9D512D20207AB8AA992DC964392E4964492EC6F119A122DA142
:20A5800056BF014137A92B42DA01A2A9D51107AB8AA992C4964392CC964492D496459B00E3
:20A590005C209221767D99408F00B400767E0B2A761F02CF92125202ED0E9A00767E37F72F
:20A5A000761F02CF9610767D9EF7761F02CF92125202EC039A006F2A767DA389761F02CF02
:20A5B0004010EFE792A2ECCB5201ECB85202EDE19A122DA156BF014137A9D00D2B42A2A91B
:20A5C0005C20D51C07AB82A99B009293D00E96439293D00F9644929396459221767D99405D
:20A5D0008F00B400767E0B2A9A01FE8682BE86BE8BBE0006B2BDAABDFE02761F02CF1814A5
:20A5E000FFFE761F02CE923C761F02CF90019814767DD8E41BA90898EC14767DD8E41BA902
:20A5F00008FCEC08761F02CF1814FFF11A1400046F0C761F02CF1814FFF31A1400026F05FC
:20A60000761F02CF1814FFF1767DD8E81BA91388EC06761F02CF1A1400106F05761F02CF36
:20A610001814FFEF1814FF1F767DD94C761F02CF9007FF8498141814FCFF767DD8EC761F0F
:20A6200002CF9003FF8798141814C7FF767DD8D4761F02CF9007FF8A98141814FBFF767DA8
:20A63000D9A0761F02CF9001FF8998141814BFFF767DD8B4761F02CF9001FF8D98141814A2
:20A640007FFF767DD9008D80B480761F02CF28AC001256030FA98AA298143011560100A4FE
:20A65000921496C4181AFF00767DD970761F02CF9C7090FF981A181A00FF767DD998761FA0
:20A6600002CF28AC0012560308A908A970008AA2981A3011560100A4921A96CC1819FF00A0
:20A67000767DD960761F02CF9C7090FF9819181900FF767DD968761F02CF28AC00125603E3
:20A6800008A908A970008AA298193011560100A4921996D4181CFF00767DD9509C70761FCA
:20A6900002CF90FF981C181C00FF767DD958761F02CF28AC0012560308A98AA208A970009C
:20A6A000981C3011560100A4921C96DC181BFF00767DD964761F02CF90FF981B181B00FF4E
:20A6B000767DD96C761F02CF28AC0012560308A98AA2981B3011560100A4921B96E418168C
:20A6C000FF00767DD954761F02CF90FF9816181600FF767DD95C761F02CF28AC00125603BE
:20A6D00008A98AA298163011560100A4921696EC1815FFFE767DD988761F02CF9001981557
:20A6E0001815FFFD767DD98C761F02CF28AC0012560301A98AA2D00D9003981530115601A9
:20A6F00000A4921596941818FF00767DD974761F02CF9C7090FF9818181800FF767DD98436
:20A70000761F02CF28AC0012560308A98AA2D00E98183011560100A4921896941817FF00EB
:20A71000767DD97CBE05761F02CF0EA9F60F1FA690FF9817181700FF767DD978761F02CF21
:20A7200028AC0012BE050EA93211F60F1FA6560308A99817AAA907ABD00909068AA992172A
:20A730009694CD1DFFF0761F02EA923B900F761F02EACAA81B0303E86906CCA9FE0F1AA969
:20A740003E806F07CDA9C00FCC0303FFFF83CAA8761F02CF961D96C4761F02CE2B04767EC0
:20A7500016065200ED06761F02CE1804FFFE6F05761F02CE1A040001767E15F45201EC06D0
:20A76000761F02CE1804FFFD6F05761F02CE1A040002767E15FB5201EC06761F02CE180499
:20A770007FFF6F05761F02CE1A048000767E16025200ED06761F02CE1804DFFF6F05761F1B
:20A7800002CE1A042000767E049B5201ED1B761F02EA923BEC17767E04835200ED0C767EB2
:20A7900004A75200ED08761F02CE1804FFF71A0400046F0C761F02CE1804FFFB1A04000802
:20A7A0006F05761F02CE1804FFF3767E04E35201ED1B761F02EA923BEC17767E04CB520016
:20A7B000ED0C767E04EF5200ED08761F02CE1802FFFC1A0200016F0C761F02CE1802FFFED4
:20A7C0001A0200026F05761F02CE1802FFFCCD04FFDF761F02E392129001761F02EAFF840B
:20A7D000CAA859A9933B5305EC035302ED198F006FC04BCCEF0E761F02EA9328ED04D009AD
:20A7E0004794EE205301ED05761F01BF4609EE1A761F02EA933B5305EC075302EC05761F09
:20A7F00001BF4B01EE0FCCA1FF7F761F02EA9312EC068D40010098A192A16F07CCA1FE7FA3
:20A800006F045080CCA9FEFF761F02E99301761F02E95500640293009DFB761F02EA550330
:20A810006908761F02DD9301ED0418A9FFBF6F025040761F02CE59A99604767E1F35900164
:20A82000761F02EACDA1FDFFFF88CAA89336CCA9F3FF9101761F02E9FF99CBA9923A900189
:20A83000761F02EEFF8ACAA89310EC05CCA9BFFF58A96F0528A84000CBA958A8761F02CE63
:20A840007804761F02E9923E6406761F02CE180DFE006F0C761F02CE9B0A180DFE0000FE94
:20A85000395EFF5CCCA901FF980D761F02E39206528028AC001256B37F06761F02CECC0D46
:20A8600001FF88A9761F02E356030906761F02CECAA6960D88A9761F02CF3211AAA9761F8B
:20A8700002CE07AB8AA978FCD00B9202761F02EB9694DC087EC4BE0A0E21F60F1FA652FA51
:20A880006208761F02CE90FF181BFF00981B6F07761F02CE181BFFF81A1B00FA761F02E3C7
:20A89000920752FA620D761F02CE181B00FF761F02E356030807761F02CE981B6F07761FB8
:20A8A00002CE181B00FF1A1BFA00921B96CC9B002B26761F02DD922E761F02CE520156B179
:20A8B00001A89715CC15FFFD88A9761F02DE560301309003761F02CECAA659A99615767D1E
:20A8C000D994761F02E92D3D0EA91E42356400FE390B761F02CE560302A918A903FFCDA195
:20A8D000FC03CAA89615CD15F3FF761F02DE922F9003761F02E9FF89CAA89300761F02EA21
:20A8E0009DFC55036805761F02DD9301EC0528A81000CBA96F03CDA9EFFF761F02CE9715C6
:20A8F000761F02DD9208ED06761F02CE18157FFF6F05761F02CE1A1580001815DFFFCD15C2
:20A90000BFFF761F0281920028AC00129001D00A761F02CEFF8DCAA888A99615761F02CFD9
:20A910003211AAA9761F02CE07AB86A97E92CD26FFF8D00C761F02DD92049007761F02CE6F
:20A92000FE82CAA89626969286BE8BBE0006761F01BF1A021000761F02CF56BF0112767DAC
:20A930009E230006FE06761F02CE922C56BF0141761F02CF9B00D51D2B425C20964392215A
:20A940002B442B45767D99408F00B400767E0B97FE860006FE06767DD8E4761F02EE9E16FD
:20A950001BA9012C6205520063059A006F0328A9012C9B0A00FE395E761F02CE901FCD218F
:20A96000C1FFFF8856BF0141D510CAA82B4296219B009643922B96449225761F02CF5C201A
:20A9700096459221767D99408F00B400767E0B97761F02EE56BF0117FE860006B2BDAABD82
:20A98000A2BDFE06761F02CE5BA9D2002B386F2440A2EE2156BF0641350321428F00B48078
:20A9900058A9D1017B43761F02CFD5019B009294964492A072A1929CD102964592A072A1D9
:20A9A000929C5C2096469221767D9ECD8F00B3F6767E0B2ADA01761F02CF92125202ED1F5A
:20A9B0009A00767E37F7761F02CF9610767D9EF7761F02CF92125202ED12767DA389761F26
:20A9C00002CF4010EFE992A2520C6709FFC02DA95201EDBF761F02CE9238EDBBFE8682BE4D
:20A9D00086BE8BBE0006B2BDAABDA2BDFE088F40B413BE0A2B479285EC020A47000EFFFD69
:20A9E00028480001761F02CF9212520256C000AB9A00767E37F7761F02CF9610767D9EF777
:20A9F000761F02CF9212520256C0009D767DA389761F02CF4010EFE79247761F02CE5400F9
:20AA0000ED788D80B41288482D48AAA98D40B4400DA686A99A0336A9560100A192C2ED42CC
:20AA100088488DC0B41EA2A90DA682A992D1ED052BD12BC12BC96F34284600029248767DFD
:20AA2000A97E92C2ED2D8046DF811BA7FFFF7F46EDF62BD12BC1761F02CE2BC99248542F55
:20AA3000ED042B362B2D2B2F92C35201ED19761F028056BF280E9A049B05761F02CF1A1321
:20AA40000001767E3823761F02EA923B5204EC08761F02809A289B015C0E767D97342BC383
:20AA50006F2192C9CAC1ED1E761F02CF56BF01022BD12BC29B00D50C56BF01412B425C2042
:20AA60009248964392212B442B45767D99408F00B400767E0B2A0A489248520CFFE8FF7475
:20AA70006F210A48DA01D9039248520C68986F1A56BF0141761F02CF2B429B00D50C922113
:20AA80005C202B432B442B45767D99408F00B400767E0B2A761F02CF2B0856BF010956BFE8
:20AA90000102FE8882BE86BE8BBE0006B2BDAABDFE06B6008D80B44083A292A754D5EC0244
:20AAA0002BD59A0194A72DA9520C67169A0337A9AAA907AB8AA99A0B9EA79CFF88A992C44E
:20AAB00054C5ED0792CC54CDED042BC42BCC2BD4DC03000EFFF6DF01DD0392A7520C68DEA5
:20AAC000D101761F02CF92125202ED409A00767E37F7761F02CF9610767D9EF7761F02CF63
:20AAD00092125202ED33767DA389761F02CF4010EFE99A032DA137A9AAA907AB8EA992D0B8
:20AAE000ED1C92C0ED0393C8EC1856BF0141761F02CF2B4256BF01029B00D50396435C20A2
:20AAF00092C8964492217945767D994079D08F00B400767E0B2A6F06D901D80392A1520C65
:20AB000068DFD90192A1520C68BDFE8686BE8BBE0006B2BDAABDFE06761F02CE2B062B05A7
:20AB10002B0BD200D100761F01BF1A0210006F581BA104BA69082B056F051BA103E8690362
:20AB20002B0AD100761F02CE920B52026949761F02CF1A1300029A009B01761F028056BF10
:20AB3000290E767E3823761F02EA923B5204EC08761F02809A299B015C0E767D9734767D56
:20AB40009E52FFEF00BA761F02CE2B0B2B062B05761F02CF2B0A767E1046D1006F20761F87
:20AB500002CF920F5201691C761F028056BF280E9A009B01761F02CF1A130001767E382320
:20AB6000761F02EA923B5204EC08761F02809A289B015C0E767D9734767D9E75D200761F33
:20AB700002EA9225761F02ECCA2856C10084761F02CF921256C00081767DA5DA9A00767E71
:20AB800037F7761F02CF9610767D9EF7761F02CF9212ED72767DA389761F02CF4010EFE0E6
:20AB9000761F02EA9225EDB0767E1041761F01BF4D00EE1293A29A01D10094A85AA91BA846
:20ABA00003E867AE761F02CE92065201EDC9767DA9272B0A6F51761F02CFD901D200920A29
:20ABB000520156C1FF6C761F02EA923B5203ED0492A15201EC24923B5205ED0492A15202EA
:20ABC000EC1E923B5202ED0492A15203EC18923B5206ED0492A15204EC12923B5201ED041F
:20ABD00092A15205EC0C923B5204ED0492A15206EC06923BED1692A15207ED13761F02CF90
:20ABE0002B4192212B425C209B00D50096437C442B45767D99408F00B400767E0B97D10A54
:20ABF000761F02CE920556C0FF2592A152D2FFE9FF2B767D9EA7FE8686BE8BBE0006B2BDE8
:20AC0000AABDA2BDFE02761F02CE2B0CD100761F01BF1A0210006F02D100761F02EC922801
:20AC100056C100A6761F02CF9212520156C000A2767DA5DA9A00767E37F7761F02CF961018
:20AC2000767D9EF7761F02CF9212520156C00092767DA389761F02CF4010EFE0761F02CE7E
:20AC30000A0C920C9CFF1BA903E86914761F028056BF280E9A009B01761F02CF1A1300015D
:20AC4000767E3823761F02EA923B5204EC679A286F5F761F02CF58118DC0B4062B0E2B04E0
:20AC500056BF0193284200012B419A012D41761F02CEFF66CE25CCA90FFFEC2256BF01C334
:20AC6000761F02CF0A0E9242EC1C9A128F00B48036A9560100A45AC4767DD8D493A2FFDA66
:20AC7000910755A9ED0E767DD8D45202650A9241761F02CF2B42541156B101046F022BC35B
:20AC80000A41DB019241520C68D1761F01BF4D00EF84D90192A15202EC245264FFE9FF7F81
:20AC9000761F02CE920C52326719761F02CF1A1300029A009B01761F028056BF290E767E7B
:20ACA0003823761F02EA923B5204EC089A29761F02809B015C0E767D9734767D9E526F09A8
:20ACB000761F02CF9201520156C0FF59767D9EA7FE8282BE86BE8BBE0006B2BDFE06761F37
:20ACC00002CE2B09D100761F02CF2B026F1256BF014192215C202B429B00D50196437C448E
:20ACD0002B45767D99408F00B400767E0B2AD901761F02CF92125202ED1F9A00767E37F7BC
:20ACE000761F02CF9610767D9EF7761F02CF92125202ED12767DA389761F02CF4010EFE9B6
:20ACF00092A1ECD652026606761F02CE9209520B68DF767DAA96FE868BBE0006B2BDAABD0F
:20AD0000FE068F00B413BE0A2B84000EFFFF761F02CE92002B00D2009607761F02CF2B082C
:20AD1000761F02CE2B386F2440A2EE2156BF0641350321428F00B48058A9D1012B43761F47
:20AD200002CFD5019B009294964492A072A1929CD102964592A072A1929C5C209646922132
:20AD3000767D9ECD8F00B3F6767E0B2ADA01761F02CF92125202ED1F9A00767E37F7761FAE
:20AD400002CF9610767D9EF7761F02CF92125202ED12767DA389761F02CF4010EFE992A2B6
:20AD5000520C6709FFC02DA95201EDBF761F02CE9238EDBBFE8686BE8BBE0006B2BDFE0620
:20AD6000D1006F05D103767D9E92D901761F02CF92125202ED6B9A00767E37F7761F02CFE5
:20AD70009610767D9EF7761F02CF92125202ED5E767DA389761F02CF4010EFE9761F02ECBC
:20AD80009228EC5492A1ED06767DA5045200ED02D90192A15201ED3C767D980B5200EC3C1D
:20AD900052018D00B400EC1856BF0141761F02CE2B4292369B00D5139643922D9644922F64
:20ADA000761F02CF5C2096459221767D99408AA0767E0B2A6F1D56BF0141761F02CF2B424E
:20ADB000920596439B00D50E9206761F02CE96449233761F02CF5C2096459221767D9940BD
:20ADC0008AA0767E0B2A767D9E5256BF010A92A15202EC036F06D102767D9C015200EC93FE
:20ADD00092A15203EC9152036991FE868BBE0006B2BDFE06761F02CE2B2A767DA94AD10058
:20ADE000761F02CF56BF011FFFEF00CB767DA932761F02CF2B1FFFEF00C492A1520A6730A9
:20ADF0009229EC70922AEC0E92A152036806922A520256B10AA16F05922A520156B103A190
:20AE00002B2A92A15203680952066805520A6718FFEF00CED51B6F02D51A922956BF014126
:20AE1000761F02CF2B429B005C2096432B4492212B45767D99408F00B400767E0B9792A1F5
:20AE2000520AEC1A520AFFE8008B56BF0141761F02CF2B42922B9B00D5195C209643922C5F
:20AE3000964492212B45767D99408F00B400767E0B97FFEF009D761F02CF9228930E00FE16
:20AE400039D327A99628930E922900FE39D3962956BF0141932588265C202B42972A7E2B23
:20AE500097438827D5189B003F447E2C96453F2D962E9221767D99408F00B400767E0B9741
:20AE60006F4E761F028192048F00B3E59C7090FF88A95603080508A97000CAA696C492068B
:20AE70009C70D1093809761F02CF9626761F0281920DCDD4FFFC900180A999A756030100D2
:20AE80009003CAA788A918A6FFF35603020193A9910792029001CBA6FF82CAA818A9FE0F46
:20AE900093039101FF93CBA9920B900FFF8488A999A618A607FF56030B0C93A9761F02CF6F
:20AEA000CBA69727761F02819207761F02CF9628761F02819208761F02CF9629D901761F48
:20AEB00002CF92125202ED239A00767E37F7761F02CF9610767D9EF7761F02CF92125202FB
:20AEC000ED16767DA389761F02CF4010EFE9921F56C0FF1E761F02CE4E2B56CDFF20761F29
:20AED00002CF2B2A2B2B2B2C2B2D2B2EFE868BBE0006767D995F5200ED07767D9B345200C6
:20AEE000ED03767DADD80006B2BDAABDA2BDFE06761F02EC5A28761F01BF9B00D50C1A04B7
:20AEF000100056BF0141761F02CF92215C202B422B432B442B45767D99408F00B400767E89
:20AF00000B2AD100D3006F33761F01BF1A021000767E1046761F02CF2B02761F02CE56BFDE
:20AF1000013D761F02EC5A28761F02CF9202ED1F92125202ED1C767DAED96F19761F01BF80
:20AF20001A041000761F02CE56BF0C3D767DACBD767DACFE767DAD5E767DA9D3761F02CF54
:20AF300092095201EDDF2B09767D9EA7761F02CF92125202ED73767DA5DA9A00767E37F7EF
:20AF4000761F02CF9610767D9EF7761F02CF92125202ED64767DA389761F02CF4010EFE703
:20AF5000761F02EC9228EC32761F01BF4D00EE10761F02E5D100922DED2D761F02CF9213B5
:20AF6000EC29DB0192A3521969262B136F2492A1D10172A1520A691E761F028056BF290E82
:20AF70009A009B01761F02CF1A130002767E3823761F02EA923B5204EC2F761F02809A290E
:20AF80009B015C0E767D97346F27761F02CFD1002B13D3008F00B4068F40B412BE0B56BF53
:20AF900001C492855201EC032BC46F0356BF01C4DC01000EFFF8761F02EA923B767D9EF295
:20AFA000761F02CE2B3B761F02EC922856C1FF5E92A256C0FF75767D9E52FE8682BE86BE6C
:20AFB0008BBE00066F049A00767E37F7761F02CF9203520668F9767D9E756F0B5201EC0789
:20AFC0005200EC022B12767DAB096F03767DABFF767E1041761F02CF92125202EDF0767DCB
:20AFD000AEE46FF7B2BD767E35B79A029B00D40FD500767E36B0767E35C5767E29CF520223
:20AFE000EC049A02767E29E5D1FA9A00767E37F7761F02EA963A413AEF089A00767E29E5DD
:20AFF0009A00767E2A4F6F3E403AEFF0767E160E5200ED0C761F02EA9214ED089A00767E27
:20B0000029E59A00767E2A4F6F34761F02EE920F761F02EB9CFE542167039A036F2B92A1ED
:20B010009CFF59A9EDD39A00767E29E59A00767E2A4F761F02EA9214EC0A761F02BC923FDF
:20B02000761F02EE08A9012C540A680E761F028056BF040E9A04D404761F02EB9321767DFC
:20B0300097349A046F07761F02EA2B1356BF01089A018BBE0006B2BDAABDA2BDFE029A0388
:20B04000767E2A4F8D4007D0D232D3FA2B419A00767E37F7761F02EA963A413A56CD00886F
:20B05000453AEE0B403AEFF4767E15BD5200ED05767E160E5200ED0A761F01BF9A001A0C8B
:20B060001000767E2A4F9A016F7A761F02EA9210ED3F92A2ED4E761F02EA2D033507761F8F
:20B0700002BC543F6916761F02EE9210ED0D761F02EA1B0301CC670892A3761F02EA56B137
:20B080000113EC02DB81761F01BF1A0A10006F32761F01BF1A0C1000D23228410001761F9A
:20B0900002EA9302761F02BC08A8012C553F660354A867209A00767E2A4F761F02EA1BA12B
:20B0A00001F456BF011067168D4001F46F1392A2ED10767E29D35200EC08767E29D3520209
:20B0B000ED09767DAFD26F2B9A01767E2A4F6F02DA81D98192A1ED8C761F02EA9210CA4174
:20B0C000ED0B761F028056BF030E9A03D403761F02BC933F6F0A761F028056BF1D0E9A1D1B
:20B0D000D41D761F02EA9302767D9734761F01BF9A001A0C1000767E2A4F9A04FE8282BEAB
:20B0E00086BE8BBE0006B2BDAABDA2BDFE048F406FC09A018AA5DC0C1AC410001AE50200E7
:20B0F000767DDDBD767E15DD5200ED049A03767E2A4F8D4007D0D3FAD2322B442B432B42C1
:20B100002B419A00767E37F7761F02EA963A413AEF042B13FFEF01199228ED03423AEE0BE3
:20B110005201ED03433AEE07933A923A91209040CAA8EC0E761F01BF1A0C10009A00761F2A
:20B1200002EA2B13767E2A4F9A01FFEF0106403AEFD9767E15DD5200ED659243ED63924223
:20B130005201EC60767E29D35203ED5792A2ED53761F02EA2D033507761F02BC543F6929FE
:20B14000761F01BF1A0A1000761F02EA1B0301CC69041BA103E8671A761F02EA9228ED0637
:20B15000761F02E51B35051467085201ED0F761F02E51B130514680A0A419241520AFFE8A6
:20B1600000A528420001FFEF00A12B41FFEF009E761F01BF1A0C1000D23228440001761FA7
:20B1700002EA9302761F02BC08A8012C553F660454A8FFE7008B9A00767E2A4F761F02EA1B
:20B180001BA101F456BF011028430001677E8D4001F46F7BDA816F799A03767E2A4FD2328A
:20B190006F74761F01BF1A0C1000767E29D35200EC049A00767E2A4F761F02EA9228EC05CC
:20B1A000761F02E592126F04761F02E592371BA902BC670328A902BC28AC00B5290130A9B0
:20B1B000761F02BCD232FF4608A9FC18543F664CDB8192A3ED4A761F02EA2B109228761F06
:20B1C00002B356B1011D761F02B356B0011B767E35B7D40FD5009A009B64767E36B0D40F3B
:20B1D000D5009A009B64767E36B0761F02EC9228ED049A019B326F039A019B02D40FD5001F
:20B1E000767E36B0761F02EA9228761F02B156B1011A761F02B356B001209243EC119A00F3
:20B1F0009B64D40FD500767E36B09A009B64D40FD500767E36B0761F02EA56BF0110767EE8
:20B2000035C59A056F29D3FAD98192A156C0FEFB761F02EA9210ED0D9244EC0B761F028093
:20B2100056BF1D0E9A1DD41D761F02EA93026F0A761F028056BF030E9A03D403761F02BCA3
:20B22000933F767D9734761F01BF9A001A0C1000767E2A4F9A04FE8482BE86BE8BBE0006F9
:20B23000B2BD761F02EA8D4001F456BF011456BF01139A00767E37F7761F02EA963A413A71
:20B24000EF0A761F01BF9A001A0C1000767E2A4F9A046F29453AEF09761F01BF9A001A0CA1
:20B250001000767E2A4F6F1E403AEFE4761F02EE92105201EC17761F02EA9236EC13761F2D
:20B2600002EE920A761F02BC543F6604767DAFD26F0AD98192A1EDCE761F02EA56BF01081E
:20B270002B139A018BBE0006B2BDAABD761F02EA9A0356BF0113767E2A4F8D8001F4D13207
:20B280009A00767E37F7761F02EA963A413AEF0A761F01BF9A001A0C1000767E2A4F9A04FD
:20B290006F4D453AEF06761F01BF1A0C10006F42403AEFE7761F02EE92105201EC3B767E4D
:20B2A00016165200EC37761F02EA9210ED2392A1ED28761F02EE920A761F02BC543F6622E3
:20B2B000761F02EA8802761F02BC08A6012C92A6543F6607761F02EA2D03350754A66712AD
:20B2C0009A00767E2A4FD132761F02EA56BF01106F0992A1ED069A02767E2A4F9A066F0EF9
:20B2D000D981DA8192A2EDAD761F02EA56BF01082B139A00767E2A4F9A0186BE8BBE0006C9
:20B2E000B2BDAABD8D8003E8D1FA9A00767E37F7761F02EA963A413AEE749228ED03423AA5
:20B2F000EE075201ED03433AEE03453AEF039A016F69403AEFEB5201ED05761F02E59212FB
:20B300006F04761F02E592371BA902BC670328A902BC28AC00B5290130A9761F02BCFF46D6
:20B3100008A9FC18543F6639D98192A1ED37761F02EA9228761F02B356B1011D761F02B381
:20B3200056B0011B767E35B7D40FD5009A009B64767E36B0D40FD5009A009B64767E36B0B5
:20B33000761F02EC9228ED049A019B326F039A019B02D40FD500767E36B0767E35C5761FA8
:20B3400002EA9228761F02B156B1011A761F02B356B001209A026F16D1FADA8192A2ED966E
:20B35000761F02EA923B5204EC0C761F028056BF030E9A03D403761F02BC933F767D9734AD
:20B360009A0486BE8BBE0006B2BDAABDA2BDD200D300D1009A00767E37F7761F02EA963AE4
:20B37000413AEF049A04FFEF015E423A56BD01A2433A56BD01A3403AEFEE767E15DD52006F
:20B3800056C000CF767E04535200ED0392A2EC07767E04655200ED6D92A3ED6B767E045333
:20B390005200ED0392A2EC0B767E04655200ED0A92A3761F02EA56B101286F04761F02EAB0
:20B3A0002B28761F02EA9236EC05761F02CE4C25EE11761F02EE401EEE0D411EEE0B421E95
:20B3B000EE09431EEE07761F02EA56BF070EFFEF0119767DD8EC5202ED2A761F02EA923612
:20B3C000EC26761F02CE4C25EF22767E15B15200ED1E761F02EA9224ED1A767E160E5200B5
:20B3D000EC16761F02CECC210080761F02E3FFC6CA12ED0D761F02CF920D5205EC0E5202CA
:20B3E000EC0C761F02EA56BF080E6F2F761F02CF920D520356C100CB92A19C0159A9523279
:20B3F000FFE5FF7A761F02EA56BF090EFFEF00A5767E15BD5200ED3A761F02B39214ED364E
:20B40000767E15CD5200ED32761F02EA9236EC2E761F02CE4C25EF2A767E160E5200EC0934
:20B41000761F02EA56BF0F0E767DB03BFFEF00BB761F02EE9210EC07761F02EA56BF0D0E17
:20B42000FFEF00B0761F02EA920856C0FF45923656C1FF42761F02EC922856C0FF3D761FB5
:20B4300002EA56BF0E0EFFEF008B761F02EE9210EC07761F02EA56BF0A0EFFEF0093761F88
:20B4400002EE401EEF07761F02EA56BF0B0EFFEF0082761F02EA56BF0C0EFFEF0083767E74
:20B4500004535200ED0392A2EC07767E04655200ED4692A3ED44767E04535200ED0392A213
:20B46000EC0B767E04655200ED0A92A3761F02EA56B101286F04761F02EA2B28761F02EE7D
:20B47000921EFFC0CA1EFFC0CA1E41A9EE1B761F02EA9236EC05761F02CE4C25EE06761F32
:20B4800002EA56BF050E6F4D92A19C0159A95232FFE5FEE2761F02EA56BF040E767DB2E095
:20B490006F4192A19C0159A95232FFE5FED5761F02EA56BF030E767DB0E36F34761F02EA8E
:20B4A0009224EC05767E16165200ED1C761F02EA9208761F02EECA10ED09761F02EA9236B1
:20B4B000EC05761F02EC9228EC06761F02EA56BF0E0E6F17761F02EA56BF060E767DB230A5
:20B4C0006F11761F02EE401EEF08761F02EA56BF0F0E767DB2746F06761F02EA56BF100E1D
:20B4D0009A0182BE86BE8BBE0006AABD8D8001F49A00767E37F7761F02EA963A413AEF0509
:20B4E0009A00767E2A4F6F2C403AEFF3761F02EA2D033507761F02EA540267041B0203E817
:20B4F00066069A00767E2A4F9A016F1B767E29D35204EC049A04767E2A4F000AFFDB761FEA
:20B5000002809A0056BF1D0E767E2A4F761F02EA9A1D9302761F02805C0E767D97349A04B8
:20B5100086BE0006B2BDAABDA2BD761F01BF1A0C1000767E29D35203EC079A00767E2A4FD2
:20B520009A03767E2A4F8D8003E8D132D3329A00767E37F7761F02EA963A413AEF079A00E9
:20B530002B13767E2A4F9A046F599228ED03423AEE055201ED09433AEF079A002B13767E49
:20B540002A4F9A0A6F4B453AEF079A002B13767E2A4F9A016F43463AEF079A002B13767ECB
:20B550002A4F9A036F3B403AEFD3761F02B29229EC059A00767E29E56F2D92A3ED279AC807
:20B56000761F02BC943F761F02EC5405681D92A1ED19761F02EA8802761F02BC08A6012CD2
:20B5700092A6543F6607761F02EA2D03350754A6670E9A00767E2A4F761F02EA56BF011079
:20B580006F0CD9816F04D1326F02DB81DA8192A2ED9F9A00767E2A4F9A0582BE86BE8BBE05
:20B590000006B2BDAABDA2BD761F01BF9A031A0C1000767E2A4F8D8003E8D132D3329A0031
:20B5A000767E37F7761F02EA963A413AEF0A761F01BF9A001A0C1000767E2A4F9A046F3FC6
:20B5B000453AEF0A761F01BF9A001A0C1000767E2A4F9A016F34403AEFE392A3ED28761F08
:20B5C00002EA2D033507761F02BC543F661E93A1ED1A761F02EA9302761F02BC08A8012C28
:20B5D000553F660354A86714761F02EA56BF3217767E161A9A00767E2A4F761F02EA56BF47
:20B5E00001106F0CD9816F04D1326F02DB81DA8192A2EDB69A00767E2A4F9A0382BE86BEC8
:20B5F0008BBE0006761F02EA9237ED039A0000062B372B2A2B312B302B322B342B332B2C33
:20B600002B2B2B2D2B2F2B2E2B392B1B2B1A2B1C2B1E2B1D2B1656BF01158F006FC04BCCC1
:20B61000EF0DD0094794EE05767DDDB15201ED06761F02EA56BF023B6F05761F02EA56BFD3
:20B62000013B761F02802B0E9A01761F02EA2B060006B2BDAABD761F02EA2B129A00761F68
:20B6300001BF1A020200767DDDBDD232D1FA6F0892A2761F02EA56B10113EC02DA819A0096
:20B64000767E37F7761F02EA963A413AEE44453AEE3D403AEFF5767E15DD5200EC05761F04
:20B6500002EA9224EC33767E16165200EC2F767E04535200EC05767E04655200ED05D98103
:20B6600092A1ED036F23D1FA761F02EE401EEF1E761F02EA92365201ED15761F02CE4C25E6
:20B67000EF11767E15BD5200ED0D761F02B39214ED09761F02EA9224ED05767E160E52002F
:20B68000ED05761F02EE9210ECB4761F02EA56BF013B6F0B9A00767E29E59A00767E2A4F02
:20B69000761F02EA56BF043B86BE8BBE0006B2BDAABDA2BDFE02761F02C69204EC089A0577
:20B6A0009B0D767E3823761F02C62B04761F02EA8D8001F42B41D100D3002B256F2A52FA3F
:20B6B000ED28761F01BF1A0A00806F23D90192A152FA660752C8761F02EA56B601256F19BF
:20B6C000761F01BF1A0404001BA108CA6607761F02BC1B3F032068076F0C761F02BC1B3F91
:20B6D0000320674B761F01BF284100011A0204009A00767E37F7761F02EA963A413AEF042B
:20B6E000923B5204ED43403AEFF4767DB5F25200ED3F9241ED379235EC13767E15CD52009D
:20B6F000ED0F761F02EA923B5204ED219215EC1F761F0280920E5211EC1A520BEC18761FC4
:20B7000002E71B2603206713761F02E51B370226670E761F02E51B1202266709761F01BF61
:20B710004500EF05761F02C6920CECA1DB0192A35232660392A1EDBD761F01BF1A04040006
:20B720006F0FDA8192A2ED8C6F0356BF043B8F406FC08AA5DC0C1AC400801AE50400761FB2
:20B7300002EAFE822B2582BE86BE8BBE0006B2BDAABDA2BDFE04761F02EA8F406FC02B1079
:20B740009A018AA5DC0C1AC410001AE50200767DDDBD761F02EA9A002B13767E29E59A00C6
:20B75000767E2A4F761F0280920E96435209ED04761F02EA0A2A5201ED04761F02EA0A30DC
:20B760005207ED04761F02EA0A345208ED04761F02EA0A2C520AED04761F02EA0A2D522146
:20B77000ED04761F02EA0A2E5222ED04761F02EA0A1B5223ED04761F02EA0A1C9243D3004F
:20B78000D1002B422B41D2005214EC095213EC07521FEC055220EC035212ED04761F02EAE1
:20B790000A1E520FEC03520DED04761F02EA0A19761F02B1921EEC5C761F02EA9228ED279E
:20B7A000761F02B3921D761F02B1CA1AEC472B1A761F02EC9228EC17767E35B79A009B6433
:20B7B000D40FD500767E36B09A009B64D40FD500767E36B09A009B64D40FD500767E36B091
:20B7C000767E35C5761F02B32B1D6F285201ED26761F02B3921B761F02B3CA20EC1F2B206B
:20B7D000761F02EC9228EC17767E35B79A009B64D40FD500767E36B09A009B64D40FD500BD
:20B7E000767E36B09A009B64D40FD500767E36B0767E35C5761F02B32B1B761F02B12B1E35
:20B7F000767DD8B45201ED04761F02B12B19761F02B12B1A761F02B32B1D767DD8B45200FA
:20B80000ED07761F02B32B20761F02B32B1B761F02EA2B12761F02C69204EC239A059B0D08
:20B81000767E3823761F02C62B046F1B9236ED061BA203B667038D8003B6DA011BA203E8CF
:20B8200066039235ED0892068D8002EECAA1ED03767DB6979A00767E37F7761F02EA963AA6
:20B83000767D97735201ED059A059B0D767E3823761F02EA413AEF05761F0280920E9643A0
:20B84000761F02EA403AEFE7767DB5F2520056C0010B9243EC10761F0280540EEC0A1BA30B
:20B8500001F4562A070E56B700A36709DB016F07D3006F05761F0280920E9643520A56C192
:20B8600000B1520556C100A9521456C100825213EC7F521FEC7D5220EC7B5212EC79520162
:20B87000EC6C5210EC62520BEC5B5209EC535207EC4B5208EC435211EC36520FEC27520D01
:20B88000EC25521CEC1E5221EC165222EC0C522356C00094761F02EA921C5203FFE8008B29
:20B89000FFEF008B761F02EA921B5203FFE80083FFEF0083761F02EA922E5203687B6F7C5D
:20B8A000761F02E59231EC766F77761F02E89200761F02E7CA10ED70761F02EA92195203BA
:20B8B00068696F6A761F02B54C1AEE060A411B410BB866606F622B416F5F761F02EA922CAE
:20B8C000520368586F59761F02EA9234520368526F53761F02EA922A5203684C6F4D767E7D
:20B8D00016025200EC476F48761F02E79211761F02E7CA01EC3F6F40761F02EA9230520328
:20B8E000673B761F02BC1B3F119468346F35761F02EA1B16012C691E767DD8D85200EC2DA0
:20B8F0008F00AD5A92C4CDC401009040CAA8ED2540CCEE23761F02B54E1AEE1F451AEE1D1E
:20B90000761F02EA921E520356B801A156B801156F142B156F11761F02B29237EC0B6F0C06
:20B91000767DD8DC5201ED08761F02EA922D52036703D1016F02D100924352286805761FC4
:20B9200002EC9228EC08761F02EA9206CAA156C1FEEF6F02D101761F02EA920B56C1FEE885
:20B930000A421B4201F4FFE9FEE38F006FC04BCCEF0DD0094794EE05767DDDB15201ED0651
:20B94000761F02EA56BF023B6F05761F02EA56BF013B761F02802B0E761F02EA2B062B168B
:20B95000767D97F0FE8482BE86BE8BBE0006B2BDAABDA2BDFE02767DD910767DD8A4FFC7C2
:20B960002DA9353C8BA9767DD8A490FF94A15AA9767DD8A8FFC72DA9353C8BA9767DD8A8EF
:20B97000761F02ED90FF2D2D94A19641353C942E5BA9767DD91059A9767DD8A45200ED0675
:20B98000767DD8A8520056C1009592A254A3FFE60091924154A3FFE8008D92A156C1008A83
:20B990001BA1FFFFEC0792A393A19EA255A9FFE90081767DD94C5203EC05767DD94C52040E
:20B9A000ED06761F02809230EC745939767DD8F05200EC0E761F02EA923B5205EC035202DA
:20B9B000ED072B29761F02EA2B229A016F63767DD94C5203EC0B767DD94C5204EC07767D3C
:20B9C000D8AC761F02EA54036744767DD94C5203EC05767DD94C5204ED05767DD8B054A132
:20B9D0006738767DD94C5203EC05767DD94C5204ED17761F02EA92295201EC06767DD8B0EC
:20B9E00054A168D46F36767DD8B09C6454A168041BA103DE692E761F02EA2B296FC7761FC1
:20B9F00002EA92225201EC08767DD8AC761F02EA5403671F6FBB767DD8AC761F02EA9C2895
:20BA0000540368B1761F02DE922F5202ED126FAB767DD94C5203EC09767DD94C761F02EA18
:20BA1000520456B00122ED05761F02EA56BF01299A00FE8282BE86BE8BBE0006767DDDA583
:20BA20005201EC38767DD8B45201ED49761F02EC9228ED45761F02B19219ED41761F02EA76
:20BA3000923B5205EC035202ED088F006FC04BCCEF04D0094794EE0B5203ED31761F02B16A
:20BA4000921EEC2D767E1F355201ED29767DB9575201ED25767E35B79A019B32D40FD50004
:20BA5000767E36B0767E35C5761F02B156BF01190006761F02EC9228ED05767DB95752000D
:20BA6000ED0E767E35B79A019B32D40FD500767E36B0767E35C5761F02B12B190006B2BD02
:20BA7000AABDA2BDFE02761F01BF9A001A020200767DDDBD767E29CF5202EC049A02767E96
:20BA800029E5761F02DD4110EE031A100002761F02EAD100D3FAD2FA2B419214ED08767ED0
:20BA900029D35202EC049A02767E2A4F767E161A6F272B41761F02EA9214ED19767E15F001
:20BAA0005200ED15767E16165200EC11767E160E5200EC0D761F02EA9217ED07767E29D352
:20BAB0005202EC0C9A026F080B176F08767E29D35200EC049A00767E2A4F767DBA1E9A00E0
:20BAC000767E37F7761F02EA963A413A56CD0235453A56CD022A483AEF17761F02B1921ED0
:20BAD000ED13767E1F355201ED0F767E35B79A019B32D40FD500767E36B0767E35C5761F62
:20BAE00002B156BF011E761F02EA493AEF09761F02B12B1E761F02EA923656C10209473AE6
:20BAF00056CD013E9228ED03423AEE055201ED04433AEF02D100403AEFC3761F01BF4B016B
:20BB0000EE09767E1F35761F02EA520156B10112EC04761F02EA2B129220EC06921FED0305
:20BB10002B206F020B1F761F01BF4B0156CC008C767E1F35520156C00087761F02EA922075
:20BB200056C00082767E04535200ED05761F02EA9227EC0A767E04655200ED75761F02EA1C
:20BB300092275201ED70767E04535200ED05761F02EA9227EC0C767E04655200ED09761F91
:20BB400002EA9227520156B101286F022B28761F02EA9214ED0A767E160E5200ED0692A14B
:20BB500052326904D1FA6F05D2FA92A152FA6849767DD8EC5202ED1A761F02EA9214ED1A69
:20BB6000767E15B15200ED12761F02CECC210080761F02E3FFC6CA12ED09761F02EA9224A0
:20BB7000ED05767E160E5200ED5E761F02EA9214EC1C9228ED0B761F02BC923F761F02E58D
:20BB800008A903E85438FFE80173761F02EA92285201ED0B761F02BC923F761F02E508A94B
:20BB900003E85411FFE80164761F02EC9228ED049A009B076F039A049B02767E38236F33F1
:20BBA000D9016F31761F02B12B1A761F02B32B1D767DD8B45200ED07761F02B32B20761FFD
:20BBB00002B32B1BD100767E15BD5200EC09761F02EA9214ED059A049B04767E3823767E03
:20BBC000160E5200ED0F761F02EA9214ED0BDA8192A256C1012D761F02EC9228ED04FFEFE4
:20BBD0000127D2FA761F02EA9236EC51761F02CE4C25EF4D761F02EA9214EC17761F02EC1C
:20BBE0009228ED45767E160E5200ED41761F02EA9214EC0B9224ED3B767E15DD5200ED059B
:20BBF000767E16165200ED33761F02EE9210ED0992A3761F02EA56B10113EC09DB816F07EE
:20BC0000761F02EA92142B13ED1BD3FA767E15F0520056C1FE910A411B410BB8FFE9FE8C1D
:20BC1000767DB5915203964156C1FE859A00767E29E5761F02EA9241963BFFEF00E99A00E3
:20BC200056BF0108767E29E5FFEF00D29A00767E29E59A00767E2A4FFFEF00CA9228ED55CD
:20BC3000761F02B356BF011D761F02EA9214EC0B761F02BC923F761F02E508A903E8543891
:20BC4000FFE800B6767E35B7761F02EC9228ED239A009B64D40FD500767E36B09A009B6456
:20BC5000D40FD500767E36B09A019B00D40FD500767E36B0761F02EA9A002B13767E29E51F
:20BC60009A00767E2A4F761F02B19A009B0A56BF021A6F129A019B05D40FD500767E36B0B7
:20BC7000761F02EA9A002B13767E29E59A00767E2A4F9A019B02D40FD500767E36B0761FF3
:20BC800002B156BF011A6F555201ED69761F02B356BF011B761F02EA9214EC0A761F02BC69
:20BC9000923F761F02E508A903E854116860767E35B7761F02EC9228ED239A009B64D40FD5
:20BCA000D500767E36B09A009B64D40FD500767E36B09A019B00D40FD500767E36B0761F4D
:20BCB00002EA9A002B13767E29E59A00767E2A4F761F02B39A009B0A56BF02206F129A01CB
:20BCC0009B05D40FD500767E36B0761F02EA9A002B13767E29E59A00767E2A4F9A019B0298
:20BCD000D40FD500767E36B0761F02B356BF0120761F02EA9214ED119A009B64D40FD500CC
:20BCE000767E36B09A009B64D40FD500767E36B0761F02EA56BF0110767E35C5761F02EA29
:20BCF00056BF053B6F14921456B00108761F02EA56BF013B6F0C9A002B13767E29E59A00E6
:20BD0000767E2A4F761F02EA56BF043BFE8282BE86BE8BBE0006761F02EA92285201ED1102
:20BD1000767E04835200ED0D767E04A75200ED09761F02EA0A211B2105DC56B60123000666
:20BD2000761F02EA2B212B230006761F02EA2B13767E29CF5200EC049A00767E29E5767E65
:20BD300029D35200EC049A00767E2A4F761F01BF9A011A040200767DDDBD761F02EA2B2144
:20BD40002B23FFEF00A69228ED52761F02EC9228ED0A761F01BF4B01EE44761F02EA56BF6B
:20BD500001126F428F006FC04BCCEF04D0094794EE384BCCEF0ED0094794EE0B761F02EA2B
:20BD60000A269226520456B3011256B303266F2C761F02EA2B12761F01BF4709EE17761F9F
:20BD700002EA0A2692265204641F2B26767E35B79A019B32D40FD500767E36B0767E35C5ED
:20BD8000761F02B156BF011E6F0F761F02B12B1A761F02EA2B26761F01BF1A0402006F0462
:20BD9000761F02EA2B12767DBA1E6F505201ED4E761F02EC9228ED0A761F01BF4B01EE43B7
:20BDA000761F02EA56BF01126F418F006FC04BCCEF04D0094694EE374BCCEF0ED0094694C3
:20BDB000EE0B761F02EA0A269226520456B3011256B303266F2B761F02EA2B12761F01BFC0
:20BDC0004609EE17761F02EA0A2692265204641E2B26767E35B79A019B32D40FD500767E89
:20BDD00036B0767E35C5761F02B156BF011E6F0E761F02B32B209A01761F02EA2B26767D91
:20BDE000DDBD6F04761F02EA2B12767DBD0B9A00767E37F7761F02EA963A413A56CD008F83
:20BDF000453A56CD00879228ED04423A56CD00825201ED05923A9008CA23ED7B493AEF0EC0
:20BE0000761F02EC9228ED75761F02B12B1E761F02B12B19761F02B32B209A00761F02EAB6
:20BE1000483AEF04931256B001A95200EC3C761F02B1921EEC0F761F02B1921A761F02EA66
:20BE2000CA28EC0892285201ED2E761F02B39220ED2A761F02EC9228ED06767E35B79A0136
:20BE30009B326F05767E35B79A019B02D40FD500767E36B0767E35C5761F02B156BF011E9D
:20BE4000761F02EA9228EC075201761F02B356B101206F05761F02B156BF011A761F01BFAE
:20BE50001A020200761F02EA463AEE23403AEF909236EC1F761F02CE4C25EF1B767E15DD10
:20BE60005200ED05767E16165200ED0D761F02EA9208761F02EECA10EC06761F02EA92246F
:20BE700056C1FED3767DB0E3761F02EA963B0006761F02EA56BF013B000656BF043B0006BA
:20BE8000B2BDAABDA2BDFE04761F01BF1A020200761F02EA9228761F02B3D3FAD1FAD20009
:20BE900056B1011D284301F4284275302B41761F02B156B1011A761F02B356B0011B761F27
:20BEA00002B356B00120761F02EA2B142B212B23FFEF0239403A56CC02369242EC020B4240
:20BEB0009228ED6F9236EC05761F02CE4C25EE188F006FC04BCCEF09D0094794EF06761FBC
:20BEC00002EC922856C0034F761F02B12B1E767DD8B45201ED50761F02B12B196F4C761FD6
:20BED00002EC9228ED0A761F01BF4B01EE44761F02EA56BF01126F428F006FC04BCCEF04BE
:20BEE000D0094794EE384BCCEF0ED0094794EE0B761F02EA0A269226520456B3011256B3C3
:20BEF00003266F2C761F02EA2B12761F01BF4709EE17761F02EA0A2692265204641F2B2673
:20BF0000767E35B79A019B32D40FD500767E36B0767E35C5761F02B156BF011E6F0F761FCA
:20BF100002B12B1A761F02EA2B26761F01BF1A0402006F04761F02EA2B12767DBA1E6F6601
:20BF20005201ED649236EC05761F02CE4C25EE118F006FC04BCCEF09D0094694EF06761FC5
:20BF300002EC922856C002DF761F02B12B1E6F4B761F02EC9228ED0A761F01BF4B01EE4301
:20BF4000761F02EA56BF01126F418F006FC04BCCEF04D0094694EE374BCCEF0ED009469421
:20BF5000EE0B761F02EA0A269226520456B3011256B303266F2B761F02EA2B12761F01BF1E
:20BF60004609EE17761F02EA0A2692265204641E2B26767E35B79A019B32D40FD500767EE7
:20BF700036B0767E35C5761F02B156BF011E6F0E761F02B32B209A01761F02EA2B26767DEF
:20BF8000DDBD6F04761F02EA2B12761F02EA9236EC05761F02CE4C25EE0F761F02EE401EE6
:20BF9000EE0B411EEE09421EEE07431EEE050B43ED05FFEF0278284301F4767DBD0B92281C
:20BFA000ED05767E04535200ED31761F02EA92285201ED09767E04655200ED28761F02EA0B
:20BFB0009223ED24767DD8EC5202ED2B767E15B15200ED27761F02EA9236EC23761F02CEAB
:20BFC0004C25EF1F761F02EA9224ED1B767E160E5200EC17761F02CECC210080761F02E3EA
:20BFD000FFC6CA12ED0E9242ED0C761F02EC9228ED049A009B066F039A049B03767E382382
:20BFE000761F02B29229ED3C761F02B1921A761F02EACA28EC3592285201ED05761F02B343
:20BFF0009220EC2E761F02EE411EEE12421EEE10431EEE0E761F02EAD3FA56BF150E767E4C
:20C0000029CF5200EC399A00767E29E56F3592A3ED11761F02EA56BF170E767E29CF520342
:20C01000EC2B9A03767E29E5D1FA761F02EA2B136F23761F02EADB8156BF160E6F1D761F07
:20C0200002EA56BF140E2B13767E29CF5200EC049A00767E29E5767E29D35200EC049A0009
:20C03000767E2A4F761F02B2D3FAD1FAD20092295201ED022B29761F02EE9210ED11761FC5
:20C0400002EA9210ED05767E29CF5203ED0992A1761F02EA56B10113EC07D9816F05761F04
:20C0500002EAD1FA2B139210EC15767E15DD5200EC05761F02EA9224EC0D767E161652006D
:20C06000EC09761F02EA9213ED70767E29CF5203EC6C767E29D35200EC049A00767E2A4F76
:20C07000D200767E15DD5200EC16761F02EA9224ED129210EC022B10761F02EE9210EC612F
:20C080000A41924152FA695E761F02EA56BF023BFFEF0199761F02EA9210ED3F767E29CFD9
:20C090005203EC0D767DD9445203EC05767DD9445201ED09767DD8EC5200ED05767E161678
:20C0A0005200ED06761F02EA9210ED276F3A761F02EA2B13767DB512D1FA52059641EC31CC
:20C0B0005203EC18520AED0D761F02EA9228ED069A009B02767E38236F249A009B036FFBD8
:20C0C0009A00767E29E5761F02EA9241963BFFEF015A9A009B066FEF767E15DD5200EC1188
:20C0D000761F02EA2B106F0D767E29D35202EC09DA0192A2521969059A02767E2A4FD2001C
:20C0E0002B419A00767E37F7761F02EA963A413A56CD012E453A56CD0126493AEF10761F1A
:20C0F00002EC922856C0011F761F02B12B1E767DD8B45201ED04761F02B12B199A00761F43
:20C1000002EA483AEF04931256B001A95200EC3C761F02B1921EEC0F761F02B1921A761F73
:20C1100002EACA28EC0892285201ED2E761F02B39220ED2A761F02EC9228ED06767E35B7F2
:20C120009A019B326F05767E35B79A019B02D40FD500767E36B0767E35C5761F02B156BF2E
:20C13000011E761F02EA9228EC075201761F02B356B101206F05761F02B156BF011A761F5C
:20C1400001BF1A020200761F02EA9228ED03423AEE055201ED10433AEF0E761F02EC922860
:20C15000ED06761F02EA1A3A00406F059A049B03767E3823761F02EA463A56CCFD4D9A00C1
:20C16000767E29E5761F02B1921E520156C000A2767E15BD5200ED47767E160E5200EC43D5
:20C17000761F02EA9210EC3F2B13761F02B12B1A761F02B32B1D761F01BF1A020200761FFC
:20C1800002EA92285201ED07761F02B32B20761F02B32B1B9A00767DDDBD767E29D3520222
:20C19000EC049A02767E2A4F761F02EC9228ED0A767DD9A05200ED5E767E35B79A009B50F4
:20C1A0006F5D767E35B79A029B00D40FD500767E36B09A009B14D40FD500767E36B09A0293
:20C1B0009B006F4C761F02B1921E5201ED52767E15DD5200ED05767E160E5200ED4A761F2F
:20C1C00002EE9210761F02EACA10761F02ECCA28ED40761F02EA56BF0113767E29D35200E4
:20C1D000EC049A00767E2A4F761F02EA56BF0114761F02B12B1A761F02B32B1D761F01BF39
:20C1E0001A020200761F02EA92285201ED07761F02B32B20761F02B32B1B9A00767DDDBD53
:20C1F000767DD9A05200ED06767E35B79A009B646F05767E35B79A009B32D40FD500767E9E
:20C2000036B0767E35C5761F02EA56BF033B6F1A761F02EA9A002B13767E29E59A00767E04
:20C210002A4F761F02EA56BF013B6F0C9A002B13767E29E59A00767E2A4F761F02EA56BFD1
:20C22000043BFE8482BE86BE8BBE0006B2BD761F02EA8F406FC02B109A018AA5DC0C1AC4B1
:20C2300010001AE50200767DDDBD761F02EA9A002B132B14767E29E59A00767E2A4FD1FAE4
:20C24000761F02B1921EEC4C761F02B3921D761F02B1CA1AED0C767DD8B45200ED36761F07
:20C2500002B3921B761F02B3CA20EC2F761F02B12B1A767DD8B45200ED04761F02B32B2039
:20C26000761F02EC9228EC17767E35B79A009B64D40FD500767E36B09A009B64D40FD50022
:20C27000767E36B09A009B64D40FD500767E36B0767E35C5761F02B32B1D767DD8B4520058
:20C28000ED04761F02B32B1B761F02B12B1E767DD8B45201ED11761F02B12B196F07761F25
:20C2900002B12B1A761F02B32B1D761F02B32B20761F02B32B1B761F02EA2B12761F02B4D6
:20C2A0002B23761F02EA920DED04767DB6976F022B0D923B5204EC1E6F13403AEF1192A1DA
:20C2B000ED0E920756BF010EED07767DB364761F02EA963B6F0F56BF013B6F0CD9819A0028
:20C2C000767E37F7761F02EA963A413AEFE756BF043B8BBE0006B2BD8F406FC08AA5761FC6
:20C2D00001BFDC0D1AC400809A011AED00088AA51A0500201A0D0040DC0C1A0D02001A0598
:20C2E0000010761F02B12B1A761F02B32B1D761F02B32B20761F02B32B1B761F01BF1A0576
:20C2F0000800761F02EA2B101AC410001AE50200767DDDBD761F02B19A002B1E761F02EA42
:20C300002B122B13767E14819A00767E29E59A00767E2A4F3B10761F02B22B23761F02B24B
:20C310002B25761F02B42B25761F02B12B3E761F02B22B0A761F02B12B3229108F3F7F7058
:20C320001BC4495656C000CE8F3F7F711BC4454D56C000C8761F02EAD19656BF010B9A00EB
:20C33000FF69767E37F7761F02EA963A403AEFF88F006FC083A4761F02CFDD02DC0B1AC5C1
:20C3400000801AC400089203ED11761F01A09204761F02CE7239761F01A59204761F02CED2
:20C35000723A761F02CF56BF0103D98192A1EDD8761F02B2922452C8FFE3008A1B24FF3855
:20C36000FFE500863B10761F02B296232910761F02B2922052C8636A1B20FF3865673B1062
:20C37000761F02B296252910761F02B4922252C863531B22FF3865503B10761F02B4962527
:20C380002910761F02B1923F52C8633C1B3FFF3865393B10761F02B1963E2910761F02B27A
:20C39000920552C863251B05FF3865223B10761F02B2960A2910761F02B1923752C8630E6D
:20C3A0001B37FF38650B3B10761F02B196322910761F02EA56BF013B6F55761F028056BF2E
:20C3B0002F0E9A2FD42F761F02B193376F28761F028056BF1A0E9A1AD41A761F02B29305E4
:20C3C0006F1E761F028056BF190E9A19D419761F02B1933F6F14761F028056BF180E9A183C
:20C3D000D418761F02B493226F0A761F028056BF170E9A17D417761F02B29320FF69761F02
:20C3E00002EA56BF043B767D97346F1C761F028056BF160E9A16D416761F02B293246FF06B
:20C3F000761F02EA2B0B9A1E9B01D41EFF69761F028056BF1E0E767D9734761F02EA56BF1C
:20C40000043B8BBEFF6900068F006FC083A4761F01BFDD0D1AC500809A001AEC00081A05DC
:20C4100000201A050800DC0C761F02EA2B10761F02B11AC410002B1A761F02B32B1D761F7F
:20C4200002B12B1E761F02EA2B12761F02B12B19761F02B32B20761F02B32B1B767E148108
:20C430009A00767E29E59A00767E2A4F6F205201EC1C5205EC175202EC125203EC0D52040F
:20C44000EC08520656B0013BED10767DB6296F0F767DB7376F0C767DBA6F6F09767DBD253C
:20C450006F06767DBE806F03767DC226761F02EA923BEDDE767DC2CB6FFAA2BD2DA83B0167
:20C4600012A92F472D482746FF4972A412AA2D45FF49944988A912A5FF4994AB54A4562A11
:20C4700002A493A655A465025CA692A456B400A492A482BE0006FE06761F02DE56BF5A41E2
:20C48000922E2B42761F02E79B1ED4009643922A761F02E7284403E85D2B2845FE1B767DF9
:20C49000C45DFE860006AABD80A82DA493A992AC8F3F316588A727A89EA72FA958AA55C46D
:20C4A00068032DA66F173B0183A485A9560100A592AB54C5690F2BAC3B016F1894AC83A45C
:20C4B000FFA085A9560100A593AB55C5ED052DA672AC350A6F3385A983A4560100A593ABF8
:20C4C00055C5562A07AA67052DA99A0194AC5AA992AA54A262E492A054AC6203310A6F1B1D
:20C4D00080AC3B0183A485A728AC000A560100A52FC585A2560100A492AA9EC485A98AA9A2
:20C4E00092AA9EAB32A902002DA7F61F561700A4350A72AB2DA6350A94AB86BE0006D47D98
:20C4F00028A8FFEC767DC4930006FE0288A92DA492A58F0186A0761F02803B019EA833A9BD
:20C50000A84292259EA685A91EAC564400AB00FE390B94A6FE820006AABD80A82DA493A95B
:20C5100092AC8F3F30BA88A727A89EA72FA958AA55C468032DA66F173B0183A485A9560133
:20C5200000A592AB54C5690F2BAC3B016F1894AC83A4FFA085A9560100A593AB55C5ED0574
:20C530002DA672AC350A6F3385A983A4560100A593AB55C5562A07AA67052DA99A0194AC22
:20C540005AA992AA54A262E492A054AC6203310A6F1B80AC3B0183A485A728AC000A560114
:20C5500000A52FC585A2560100A492AA9EC485A98AA992AA9EAB32A902002DA7F61F561759
:20C5600000A4350A72AB2DA6350A94AB86BE0006D49628A8FFEC767DC50C0006D47D28A810
:20C57000FFEC767DC4930006FE06761F02DE2841026292373B012B42761F02EBD400964389
:20C58000853A761F02EB284403E85D24FF569B1E2845FE1B767DC45DFE860006AABD80A8C1
:20C590002DA493A992AC8F3F31F788A727A89EA72FA958AA55C468032DA66F173B0183A4ED
:20C5A00085A9560100A592AB54C5690F2BAC3B016F1894AC83A4FFA085A9560100A593AB7B
:20C5B00055C5ED052DA672AC350A6F3385A983A4560100A593AB55C5562A07AA67052DA971
:20C5C0009A0194AC5AA992AA54A262E492A054AC6203310A6F1B80AC3B0183A485A728AC1A
:20C5D000000A560100A52FC585A2560100A492AA9EC485A98AA992AA9EAB32A902002DA7FA
:20C5E000F61F561700A4350A72AB2DA6350A94AB86BE0006D47D28A8FFEC767DC58E0006C6
:20C5F000B2BDA2BDFE025BA42DA88F00271030A98849A84200FE390B59A51EA793A653643A
:20C60000ED079A059B0A94A700FE395E80A993A1FE8295A795A392A882BE8BBE0006FE02F8
:20C61000761F02E7932B5202ED06761F02E7552C6702932C761F02DE56BF6441D5DC28A9AF
:20C6200027EF5C2E767DC5F0FE820006FE023B01761F02E9853CD5DC56BF0A41761F02DE29
:20C630005C3BFF5693A928A906DC767DC5F0FE820006FE023B01761F02E9853CD5DC56BF9E
:20C640000A41761F02DE5C3AFF5693A928A92052767DC5F0FE820006FE02761F02EB932449
:20C65000D5DC28A936BD56BF0A41761F02DE5C37767DC5F0FE820006FE023B01761F02E903
:20C66000853CD5DC56BF0A41761F02DE5C3AFF5693A928A93F38767DC5F0FE820006B2BD67
:20C67000FE02767DC626761F02DD2DA91BAC020E9616640E02151E42351A00FE390BBE0ABC
:20C680000905C24200FE390B9CD858A96F02D0007822767DC639761F02DD59A99637961714
:20C69000767DC64C761F02DD54A19635562A02A11BA102667934640F8F00026534A1028A93
:20C6A000A84200FE390BBE0A0905C24200FE390B9CD86F029A00961954A0761F02DE562A1B
:20C6B00002A01B380276650E2D38023F1E42354100FE390BBE0A0905C24200FE390B9CD83C
:20C6C0006F029A00761F02DD54A0961A562A02A092A052646205521E56B41EA06F02D064E9
:20C6D00092A0FE828BBE0006D47D28A8FFEC767DC4930006D47D28A8FFEC767DC493000691
:20C6E000FE06761F02DE56BF9141923B3B012B42761F02E9D4009643853E284403E8FF56C8
:20C6F0005DA99B002845FE1B9A00767DC45DFE8600065DA9761F02DD9207ED28761F02E725
:20C70000923FEC3B761F02E792288F00B7AD761F02E7942A761F02E8930A9D64767E32690E
:20C710005200EC2B761F02DD56BF0107761F02E9923E761F02DD9C0A54066404761F02E963
:20C72000923E761F02DD96060006761F02E7923FEC11761F02E792288F00B7AD761F02E71E
:20C73000942A761F02E8930A9D9C767E32575200EC04761F02DD2B070006761F02DD92075E
:20C74000ED16761F02DE0A29922952056910761F02DD0A06767DD994761F02DD5406674149
:20C75000767DD994761F02DD96066F3B761F02DD92075201ED39761F02DE0A29922952056F
:20C760006933FF2003E8761F02E8070A761F02E7882A0FA663059A14761F02DD7406FF207B
:20C7700001F4761F02E8070A761F02E7882A0FA6630428A9FFF66F0F02FA761F02E8070A08
:20C78000761F02E7882A0FA6630428A9FFFB6F0328A9FFFF761F02DD7206920663022B0627
:20C79000761F02DE2B290006B2BD767E01FF767E11E69A05767E1154767E126E767E024BBF
:20C7A000767E1476767E0220767E12B19A32767DC6F9767DC73D767E11EE3B10761F02E7FD
:20C7B000593429109B00FF6992A1767E14CE9B0092A1767E12BA761F02E79239761F02EE3B
:20C7C0009610761F02EA9308EC135200ED08761F02DE0A251B250BB862086F0D761F02DE4F
:20C7D0000A251B2501F46507761F02EA2B08761F02DE2B258BBE0006AABDA2BD2DA827A946
:20C7E000C54A58C593C42F4BC4485BC7EC0752FA64055AAB75A292A26302D20092AC52014E
:20C7F000EC0992A03B0194A258A985A3560100A66F093B0185A3560100A693A295A09FC6C2
:20C8000058A893A07AC656B400A03FC493AA78C50AC792C755A962022BC782BE86BE000676
:20C81000FE068F00B80F93A9761F02DE8F40B75CA842922E8F00B760A84456BF0F458F00E7
:20C82000B7B3767DC7DCFE860006761F02DD280604B00006761F02DD2833028A283D02262A
:20C83000283B02EE283C0258283A02BC28380226282C0352282A02BC282B02BC28290258BA
:20C84000282705A02828050A0006B2BDAABDA2BDFE043B01761F02DD8534761F02DF560112
:20C85000001A761F02DD8516761F02DF56010016761F02DE8539761F02DF56010012761F15
:20C8600002DE8538761F02DF56010014761F02DE0A0692065232FFE500B3767DD9A0520044
:20C87000ED05761F02E55B036F04761F02E55B3B3B01761F02DE85061E448506761F02DFB8
:20C880001E42061A00FE390B88A91BA6052065221BA60578621C28A905788F0004703B01EF
:20C890009EA6A8AC8F40057885A98F0003E8566500A90200F61F561700A458AB92A393A6FF
:20C8A0008F000470767DC4F559A96F0859A3D0006F05761F0280D06459250644761F02DF87
:20C8B0001E42061600FE390B88A91BA6046663251BA6041A652428A904658F0005353B011F
:20C8C0009EA6A8AC8F40046585A98F0003E8566500A90200F61F561700A45AAB92A393A6E1
:20C8D0008F000535767DC4F593A255A0630258A254A1562A04A16F0359A3D0000644761F13
:20C8E00002DF1E42061400FE390B88A91BA605A062251BA60546652428A905A08F0004924D
:20C8F0003B019EA6A8AC8F4005A085A98F0003E8566500A90200F61F561700A45AAB92A372
:20C9000093A68F000492767DC4F593A255A0630258A254A1562A04A16F0359A3D000761F97
:20C9100002DD0200783978307931761F02DF1E1A1E161E121E14761F02DE2B06FE8482BE77
:20C9200086BE8BBE0006761F02B5481AEE1F761F02DE9237D5328F00B78B761F02DD933B51
:20C93000767E321E5200ED0D761F02DDD5328F00B77F28A805789235767E321E5200EC1869
:20C94000761F02B51A1A01006F13761F02DE92378F00B78B8F4001F4761F02DD933C767ECA
:20C9500031E05200EC05761F02B5181AFEFF761F02B5461AEE1F761F02DE923BD5328F0067
:20C96000B78C761F02DD933A767E321E5200ED0D761F02DDD5328F00B78728A8046592167A
:20C97000767E321E5200EC18761F02B51A1A00406F13761F02DE923B8F00B78C8F4001F4F3
:20C98000761F02DD9338767E31E05200EC05761F02B5181AFFBF761F02B54E1AEE1F761F7E
:20C9900002DE923AD5328F00B78A761F02DD932C767E321E5200ED0D761F02DDD5328F0037
:20C9A000B78528A805789237767E321E5200EC18761F02B51A1A40006F13761F02DE923A08
:20C9B0008F00B78A8F4001F4761F02DD932A767E31E05200EC05761F02B5181ABFFF761F89
:20C9C00002B5401BEE13761F02DE9238D5328F00B789761F02DD9327767E321E5200EC1867
:20C9D000761F02B51A1B00016F13761F02DE92388F00B7898F4001F4761F02DD9328767E4E
:20C9E00031E05200EC05761F02B5181BFFFE761F02B5CC1A0800FFCA88A94B1AEE10761F3B
:20C9F00002DE1B37FF6A62190A021B0201F46918761F02B5BE011A1A08006F0F761F02DE38
:20CA00001B37FF9C640A0A021B0201F46909761F02B5BE00181AF7FF761F02DE2B02761FC2
:20CA100002B5CC1A0400FFC980A94A1AEE10761F02DE1B3BFF6A62190A001B0001F46918C8
:20CA2000761F02B5B6011A1A04006F0F761F02DE1B3BFF9C640A0A001B0001F46909761F48
:20CA300002B5B600181AFBFF761F02DE2B00761F02B5921AFFCE27A94F1AEE11761F02DE3B
:20CA40001B3AFF6A621A0A011B0101F46919761F02B528AB00011A1A80006F0F761F02DE37
:20CA50001B3AFF9C640A0A011B0101F46909761F02B52BAB181A7FFF761F02DE2B01761FD2
:20CA600002B5CC1B0002FFC0411BEE12761F02DE1B38FF6A621D761F02DD0A3E1B3E01F441
:20CA7000691A761F02B59A011A1B00026F11761F02DE1B38FF9C640C761F02DD0A3E1B3E9D
:20CA800001F46909761F02B59A00181BFFFD761F02DD2B3E761F02B5CD1A0100FFD7CBA6C2
:20CA9000EC06761F02EA933B5304ED4B761F02B5CD1A0040FFD5CBA7EC06761F02EA933BBC
:20CAA0005304ED32761F02B5CD1A4000FFDDCBABEC06761F02EA933B5304ED19761F02B551
:20CAB000931B9101CBA9EC3E761F02EA923B5204EC39761F02809A009B0156BF200E767E3B
:20CAC0003823761F02DE9A2093386F27761F02809A009B0156BF1F0E767E3823761F02DE18
:20CAD0009A1F933A6F1A761F02809A009B0156BF130E767E3823761F02DE9A13933B6F0DF9
:20CAE000761F02809A009B0156BF140E767E3823761F02DE9A149337761F02805C0E767D02
:20CAF00097340006B2BD58A893A928A907D027A52FA494A859A992ABEC3B92A05202ED1539
:20CB0000CCA10003ED0E9B6492A100FE39D85200ED0A92A128A8019000FE39D85200EC033C
:20CB10009B1C6F0E9B1D6F0C5204EC075206EC055209EC03520BED039B1E6F029B1F92AB54
:20CB200094AA55A9671292AB9EA894AA9CFF27A992A0520CEC03D8016F03D901D00192AB62
:20CB300028AA0001EDCB6F0492AA94AB2FA908A1F830560304A1CAA0560305A9CAAA8BBE97
:20CB40000006FE068F00B80093A9761F02DE8F40B766A84292378F00B75EA84456BF0F453B
:20CB50008F00B7B2767DC7DCFE860006FE068F00B81E93A9761F02DE8F40B764A842923BF2
:20CB60008F00B75FA84456BF0F458F00B7B6767DC7DCFE860006FE068F00B7EF93A9761F95
:20CB700002DE8F40B765A842923A8F00B75DA84456BF0F458F00B7B5767DC7DCFE86000611
:20CB8000761F02DE9228520FED042B2856BF01229222767DCB41761F02DD9226961C761F63
:20CB900002DE9222767DCB569222767DCB6B0A280006767DCB80761F02DD1B260118652235
:20CBA0000A1592155203641F761F0280920E5214EC1A5213EC18521FEC165212EC14522002
:20CBB000EC129A009B0156BF140E767E3823761F02DD9A149326761F02805C0E767D973491
:20CBC0006F022B15761F02DD9224529665220A1392135203641F761F0280920E5214EC1A4E
:20CBD0005213EC18521FEC165212EC145220EC129A009B0156BF130E767E3823761F02DD66
:20CBE0009A139324761F02805C0E767D97346F022B13761F02DD1B25014065220A149214A3
:20CBF0005203641F761F0280920E5214EC1A5213EC18521FEC165212EC145220EC129A00E0
:20CC00009B0156BF1F0E767E3823761F02DD9A1F9325761F02805C0E767D973400062B147E
:20CC10000006761F02CF92125202ED55767DD94C5203EC05767DD94C5204ED4D761F02CFF2
:20CC2000432CEE49761F02DD922EED12767E15DD5200EC2D761F02DE921FED36761F02DD0D
:20CC300056BF012E761F02DE2B1E2B1C6F20767E15DD5200ED153B01761F02E9853EFF56FE
:20CC4000521E640E761F02DE0A1C921C52FA690B761F02DD2B2E761F02DE281F3A98761FF9
:20CC500002DE2B1C0A1E1B1E3A986606761F02DE921FED0A6F0A2B1E761F02DD2B2E761FBD
:20CC600002DE281F3A980B1F761F02DD922E5201ED096F10761F02DE2B1E2B1F761F02DD19
:20CC70002B2E761F02CE402BEE05761F02EA2B240006761F02EA56BF01240006FE068F005E
:20CC8000B7E093A9761F02DE8F40B763A84292388F00B75BA84456BF0F458F00B7B4767DCC
:20CC9000C7DCFE860006761F02DE0A1D921D523268262B1D761F02EA0A31761F02EA0A3239
:20CCA000761F02EA0A33761F02EA0A2B761F02EA0A2F761F02EA0A39761F02EA0A1D761F45
:20CCB00002EA0A18761F02EA9215ED09761F02EA0A161B161518690328161518761F02EAE1
:20CCC000922AEC0B52036709761F02EA1B3107086907761F02EA2B2A761F02EA2B31761F48
:20CCD00002EA9230EC0B52036709761F02EA1B3207086907761F02EA2B30761F02EA2B32D3
:20CCE000761F02EA9234EC0B52036709761F02EA1B3307086907761F02EA2B34761F02EA82
:20CCF0002B33761F02EA922CEC0B52036709761F02EA1B2B07086907761F02EA2B2C761F18
:20CD000002EA2B2B761F02EA922DEC09761F02EA1B2F07086907761F02EA0B2D761F02EA18
:20CD10002B2F761F02EA922EEC09761F02EA1B3907086907761F02EA0B2E761F02EA2B3980
:20CD2000761F02EA921BEC0B52036709761F02EA1B1A07086907761F02EA0B1B761F02EAAC
:20CD30002B1A761F02EA921EEC0B52036709761F02EA1B1D15546907761F02EA0B1E761FE0
:20CD400002EA2B1D761F02EA9219EC09761F02EA1B1807086907761F02EA0B19761F02EA25
:20CD50002B180006761F02DD92325264650D761F02EA923BEC085201ED039A1E6F05767D76
:20CD6000C66F6F029A00761F02DD5411620E5411630D761F02DE0A129212520664072B1220
:20CD7000761F02DD0B116F020A11761F02DD921152646205520063052B116F0356BF641161
:20CD8000761F02EA9225ED16761F02B54C1AEF06761F02DD9211521E640A761F02DD9211A5
:20CD90005264640B761F01A32B096F0F56BF1E116F04761F02DD2B112D1128A91193312DFB
:20CDA000761F01A39EAB9609761F02DD9211521E647D922FED10767E02F65200EC19761F54
:20CDB00002DE0A131B1303E86516761F02DD56BF012F6F0E767E02F65200ED0A761F02DEF2
:20CDC0000A13921352FA6507761F02DD2B2F761F02DE2B13761F02DD922DED10767E02DA58
:20CDD0005200EC19761F02DE0A271B2703E86516761F02DD56BF012D6F0E767E02DA520048
:20CDE000ED0A761F02DE0A27922752FA6507761F02DD2B2D761F02DE2B27761F02B54C1AE0
:20CDF000EE0B761F02DD922DCA2FEC12761F02B51A1A10006F0B761F02DD922FED0B922D0A
:20CE0000ED07761F02B5181AEFFF767DC82A922FEC25922DEC23761F02B54C1AEF1F761FD8
:20CE100002809A009B0156BF110E767E3823761F02DE9226ED1656BF01269A119B01761F7F
:20CE200002805C0E767D97340006761F02B5181AEFFF761F02DD2B2F2B2D761F02DE2B26EA
:20CE30000006B2BDAABDA2BDFE0A761F02E7923956B000A2ED04761F02E75A2A761F02E73D
:20CE4000923AED0692A2761F02E794285AA90214761F02E40F38630382386F02D300761FD1
:20CE500002E40F0463038B046F02D1000200761F02EA284500011E481E4A9210EC1F761F91
:20CE600002E98F0003E82D3EA842761F02B3121100FE390B761F02EA9644923B5205EC09D5
:20CE70005203ED0DB2A988A207A309320FA66307924463051BA9FF8865022B44761F02EAEA
:20CE8000923B5205EC035202ED4C2B43767DD9445201EC05767DD9445203ED0F92449C322B
:20CE900054A2670B761F02EC06006307020019960F006303284300019243761F02EA932884
:20CEA000ED10B2AB565700A35200EC050200761F02EC1E00A9A9761F02EC03001E486F0E27
:20CEB0005301ED0C761F02E6C4145200C24AEC06064A761F02EC07001E4A3B018548FF56D0
:20CEC0005250640706486307767DD9045200ED0302001E48C44A02500FA6650302001E4A2C
:20CED00092489B00FF5C3B01567200A888A993442BAB9A00567200A885A981A607A388480F
:20CEE00007A11EA792449B00FF5C567200A885A90DA28AA992AB567200A6C44A27A9A8A99F
:20CEF00081AB07A68AA902320FA7633D0FA4633B92A49EA72DA9B2A907A38EA992AC63030A
:20CF00002845FFFF92AC85A9FF56FFA02DA99245C34212A956030CA91EA606A7FF3B07A673
:20CF100000FE390B5DA9A8A9A842FF3B03A600FE390BA8AC3B0188A985A6564400A9FF4BE0
:20CF20003AAC1E4292A508A9F00085A9564400A900FE390B3B0128AC100074AC12A6FF4BDE
:20CF300080A96F03D500B60092A7761F02DF88A285A9B20C29011EACA210564400A6FF4BC6
:20CF4000874A59A93B0192A785A9564400A9FF4B1E0E1EA60648630392A56F0292A785A91B
:20CF50008748564400A9FF4B1E1E924463032DA76F022DA512A9761F02DDFF4B960C9B0020
:20CF6000800C761F02DF921EFF5C271E567200A82FA99A00567200A785A981AA0710070C8B
:20CF700083A99A00567200AB85A91E489A0093A7FF5D567300A958A885A00DA18AA992A6F4
:20CF8000934895A494A89EA527A985AA82A985A08EA992A6934895A494A89EA5653085A9EA
:20CF90000F1E64220FA6641A54A1681393A7632793A9FF5D55A76523761F02DD720C9B00BE
:20CFA000920CFF5C567200A885A90DA18AA96F1792A19EAB59A93AA96FF992AB85A95641A8
:20CFB00000A6C20E6F0C92AB85A95641001E9B00921EFF5C567200A885A982A9761F02DD6D
:20CFC000880C9B00761F02DF921E567300A992A494A89B00940E567300A69EA89EA39E1037
:20CFD0009E0C5BA9631A061E6214060E620D92A6640692A1EC129EA359A96F0F92A3761F9B
:20CFE00002DD720C6F0A92A385A95641000E6F0592A385A95641001E761F02EA923B520522
:20CFF000ED37767DD8EC5200ED33767DD9045200ED2F767E15DD5200ED2B761F02EA92280B
:20D00000EC0A5201ED10761F02DF92108F00B7CE9E0E6F08761F02DF920C8F00B7DE94109F
:20D010009E1E5BA992A36514761F02DD920C6410920C94A354A1660C92A33B0185A95601DA
:20D0200000C492A19EA359A9520356B900A1761F02E79239ED1A761F02E7923AED112DA14B
:20D03000761F02E788A20200372A761F02DDF61F561700A692A13F0D9EAB960B6F0A761FC2
:20D0400002DD790D2B0B6F05761F02DD2B0D790BFE8A82BE86BE8BBE0006B2BDAABDA2BD01
:20D05000761F02CF92125202ED7A761F02EA923B5203EC035205ED73767DD8EC5202ED6F4B
:20D06000761F02CF412CEE16767DD99059A9767DD9902DA9BE0A350D0EA9F60F1FA65AA9BB
:20D07000767DD990BE0A560303A90EA9F60F1FA66F0D592E2DA1350D9B0A00FE395E5AA9A6
:20D08000560302AC9B0500FE395E5BA9761F02EA923B5203ED2A761F02DD920AED26767E7F
:20D0900029D35202ED22767DD8EC5202ED1E0EA2761F02DF0F0869050EA10F0869056F11AC
:20D0A000761F02DE0A15761F02DE0A14921452FA6604921552326909761F02DD56BF010ABC
:20D0B000761F02DE2B142B15761F02EA923B5205ED1C761F02DD920AEC180264761F02DFCE
:20D0C00029011EAC5644000AFF4893A355A9690A761F02DE0A161B1675306807761F02DD7C
:20D0D0002B0A761F02DE2B1682BE86BE8BBE0006761F02EE28080898761F02EE921AEC19F7
:20D0E000761F02EA923B5205ED14761F02EE2D1B350A761F02EE1BA90898562A0408761F74
:20D0F00002DD2D30761F02EE350C5408562A0408761F02EE560303089B0700FE395E1BA952
:20D100000960650328A90960761F02EE5404EC043B1096042910FF690006767E19DE761F2B
:20D1100002EA923B5205ED05761F02EE921AEC1C761F02EA923B5206EC17761F02CF442C45
:20D12000EF035201ED11767E160E5200ED06761F02EA923B5201ED08761F02DD4110EE0AFC
:20D130001A1000026F07761F02DD4110EF031810FFFD761F02E9922EED1D767E16165200A6
:20D14000EC19761F02EA923B5205EC0D5206EC0B5203ED10761F02EE9210EC05761F02ECF0
:20D150009228EC08761F02DD4010EE0A1A1000010006761F02DD4010EF031810FFFE000643
:20D16000FE02761F02DD920FED54761F02EC9204761F02EA9C0454036905761F02B2923F40
:20D17000EC48761F02B22B3F761F02DE0A212B239221520AFFE50090922C526463020A2C38
:20D18000761F02DD920256BF0108529665133B018502761F02DF1E42060200FE390B761F91
:20D1900002DD9603761F02DF02001E02761F02DD2B029203526463039CF66F029CEC761FFD
:20D1A00002DE96219A0A761F02DD74009200761F02DE542165059221761F02DD9600520A4D
:20D1B000761F02DD56B40A00761F02DE2B216F53761F02DE922165070A24922452326503F0
:20D1C0002B240B21761F02DD9208EC3B761F02DE922C65120A2B1B2B3A9865032B2B0B2CB3
:20D1D000922C5206640956BF052C2B2B8F00AFC8761F02DFA818761F02DD920FED1B761F32
:20D1E00002DF06186213761F02DE0A231B2301F465222B23767DD994761F02DD5400660380
:20D1F0002B086F140800000A6F160201564100186F120200761F02DF1E18761F02DD2B084A
:20D20000761F02DE2B232B2C2B2B767DD994761F02DD9600761F02DFBE0006183B01761F11
:20D2100002DD56B201A67E01761F02E9853D761F02DF56010002761F02DD0A021B0201F44E
:20D2200065128502761F02DF1E42060200FE390B761F02DD9603761F02DF02001E02761F96
:20D2300002DD2B02FE820006FE02767DD160761F02EA920452326520761F02E99E3E88A97B
:20D24000523262071BA6FFCE630576BFFFCE6F02BE32761F02DFC5043B01761F02DE06A7EB
:20D25000FF3403A781A681081EA692A6901F960806A6FF446F05761F02DE02002B08761F46
:20D2600002DF1E04767E1606520056C0008A761F02DFC4063B01761F02EA06A6FF3403A624
:20D270000D03761F02DE811B1EA692A6901F961B761F02DF06A6FF441E06761F02EA922461
:20D28000ED33761F02EA923B5205ED16761F02EE9210EC12767DD9A4761F02EE9605767D1E
:20D29000D994761F02EE54056714767DD994761F02EE96056F0E767DD994761F02EE96053B
:20D2A000761F02DD9206761F02EE5405562A0405761F02CF412CEF0C922D761F02EE540590
:20D2B000562A04056F05761F02EE56BF3205761F02DE922F5203ED07761F02EE920552643F
:20D2C00056B26405761F02DD9208EC079200761F02EE5405562A04053B01761F02EE850598
:20D2D0008F0927C0761F02DF1EA606061E42A8A900FE390B3B01761F02EE1EA785050FA7C0
:20D2E000650592A77F0585A91EA6761F02DD2D30761F02EE350C0FA6562A04056F0C761F30
:20D2F00002EE020056BF3205761F02DF1E06761F02DE2B1B761F02DF9204761F02EE720583
:20D30000560303059B0700FE395E1BA90960650328A90960761F02EE5402EC043B109602F8
:20D310002910FE82FF690006767DD234767DD0D8767DD10D0006761F02E792269C641BA971
:20D3200012C069071BA913EC650628A913EC6F0328A912C09BC895A91BA91388650328A860
:20D3300014503B10761F02B2542C562A002C761F02B25527562B00272910FF690006761F10
:20D3400002B393145302EC495301ED37761F02EA933B5306ED0C761F02DE9320ED079B0017
:20D350009720761F02B397146F020B20761F02DD93095303641E761F02E9930CED08761FE4
:20D3600002E99315761F02EA5503690E761F02E9930C5301ED0E761F02CF932B761F02E9B8
:20D37000FFD755026406761F02DE1B205DC0680A761F02EA9336EC06761F02B39314ED208D
:20D380006F229B00761F02DD9709761F02DE9720761F02B397146F17761F02DD0A09930983
:20D3900053036406761F02DE282075306F05761F02DE28201770761F02B356BF0114761F9A
:20D3A00002DE2B2A761F02B2932BEC0A761F02DE0A2A542A67052B2A761F02B22B2B0006AE
:20D3B000B2BDAABDD100767DD94C5200EC0D767DD94C5201EC09767DD94C761F02E9520207
:20D3C00056B0010CED04761F02E92B0C767DD94C5200EC12767DD94C5201EC0E767DD99861
:20D3D0005AA9767DD97093A255A9672F767DD998767DDBB16F31767DD9601BA901A4EC062B
:20D3E00028A901A4767DDB95D101767DD9701BA9021CEC0628A9021C767DDBB1D101767D3F
:20D3F000D94C5200ED09767DD9981BA90234EC0D28A902346F0F767DD94C5201ED06767D83
:20D40000D9981BA90248ED0492A1ED066F0928A90248767DDBF79A059B01767E3823761FFF
:20D4100002EA923B5203ED17767DD94C5200EC05767DD94C5201ED0F761F02E39207523291
:20D42000640428A901A46F0328A901AE761F02E996146F0B767DD960761F02E99614767D2F
:20D43000D964761F02E9960A8F00B3EA41D4EF4992CC761F02E990FF08A901905414562A6F
:20D440000214761F02CF922A90FF761F02E908A9019093A99601761F02CF922A761F02E9CE
:20D45000FFC708A901909600761F02E91B14021C62071B1401A46306281401A46F0328141C
:20D46000021C1BA8025862091BA801E0630A761F02E9280101E06F05761F02E928010258F4
:20D470001BA9025862091BA901E06315761F02E9280001E06F10761F02E9280002586F0B72
:20D48000767DD998761F02E99601767DD970761F02E99600761F02E99214761F02E99C1469
:20D490009628761F02E99214761F02E99C289615761F02E9930A761F02E99D029705761F3C
:20D4A00002E9920A761F02E99C049602761F02E9536456B26405761F02E9526456B26402E1
:20D4B000767DD950761F02E99604767DD958761F02E99603767DD954761F02E99608767DB8
:20D4C000D95C761F02E9960786BE8BBE0006767E29D35200EC0F761F02EC92265203EC05A9
:20D4D000767E10F95200EC06761F02DE56BF01306F04761F02DE2B30761F02CF921252029F
:20D4E000EC0F761F02DE9230EC29761F02CECC2B0C00761F02DEFFC9962FFFEF009A761F5E
:20D4F00002CE412BEE1DFF207530761F02DF0F1C650D761F02DE0A179217523265072B178D
:20D500000201761F02DF5601001C761F02DE922F28030BB8EC7D0B04ED7B2B2F6F79761F44
:20D5100002DE922F28040BB85201EC42761F02EA9224ED3E761F02DE922F5202EC145203A9
:20D52000ED0A761F02DD9204761F02DE520256B0022F6F5E56BF012F8F007530761F02DF2E
:20D53000A81C6F56761F02E99200761F02EA9CD854036911761F02CE4F2BEE0D761F02DE2B
:20D540000B03ED0D56BF012F8F007530761F02DFA81C6F05761F02DE28030BB8761F02DDC5
:20D550009204761F02DE520256B1032F6F31761F02DE56BF012F761F02CE4C2BEF17CC2BF0
:20D5600003FCFFC152146312761F02EA9224ED0E761F02DF061C19011E1C621A761F02DE02
:20D5700056BF022F28030BB86F13FF207530761F02DF0F1C650D761F02DE0A17921752324B
:20D5800065072B170201761F02DF5601001C761F02DE921AED11767E15E95200EC0D761F00
:20D5900002DE922F5202ED0856BF012F8F007530761F02DFA81C767E15E9761F02DE961AC7
:20D5A000767E15DD5200ED07761F02DE921965070B196F05761F02DE281901F4761F02DDFC
:20D5B0002B0F761F02DE9219ED11922F5202EC0A5203EC05761F02E992016F12767DD974DE
:20D5C0006F0F761F02E992006F0B28A901E0761F02E956740000761F02DD56BF010F761F17
:20D5D00002EC5404EC043B1096042910FF690006B2BDFE02767DD960761F02E9590074A1F0
:20D5E000767DD960761F02EA2D0374AC3B0185A11E42356400FE390B761F02DFC50088A925
:20D5F0003B01761F02DE06A7FF3703A781A681181EA692A690FF9618761F02DF06A6FF477C
:20D600001E001EA6640D02640FA66405761F02DE7E316F09761F02DE56BF64316F04761F70
:20D6100002DE2B31FE828BBE0006B2BDAABDA2BD767DD980FFC85AA9767DD980FFC4900FF6
:20D620005BA9767DD980901F59A9767DD9845DA993A35CA192A2767DCAF2761F02ED80A9D0
:20D63000BE0056030429CA2AFF84CA2B54A756B701A692A682BE86BE8BBE0006B2BDAABD9A
:20D64000761F02CF92125202EC0F761F02DD92042B0E2B05EC38761F02DE56BF3210761F79
:20D6500002DD2B046F30761F02DE0B10ED0856BF3210767DD615761F02DD9605767DD988F0
:20D660005200EC11767DD98C5200ED05761F02DD9205EC09767DD94C5201EC0F767DD94C41
:20D670005202EC0B761F02DD92042B0E2B055202ED0856BF03046F44761F02DD56BF010E2C
:20D680009204ED1A761F02DE920DED13761F02DD920E56C100A9761F02DE923056C100A413
:20D69000280D01F4761F02DD56BF0104FFEF00B90B0DFFEF0099520156C100865202EC4507
:20D6A0005203EC1E520456C00087761F02DE920EED3A0200280E01F41E3C1E3E761F02DD85
:20D6B0002B04761F02ED56030429CA2AFF84CA2B767DDBCD9A059B01767E38236F74761F18
:20D6C00002DE920EED200200280E01F41E3C1E3E761F02DD2B04767DD6155200ECEC767D3C
:20D6D000D980FFC85AA9767DD980FFC4900F59A9767DD980901FD50793A15CA992A2767D30
:20D6E000CAF26FD70B0E6F4F761F02DE9230ED10767E16065200ED07761F02DE0B0FED2229
:20D6F000280F0190761F02DD56BF03046F1B02015601003E767DD974761F02EA5403661210
:20D700000201761F02DE5601003C767DD97C28AC0BB8761F02DE30A90F3C761F02DD56B903
:20D710000404767DD97828AC0BB8761F02DE30A90F3E761F02DD56B90304761F02DE280E46
:20D7200001F46F11761F02DE922F5202EC0A1B1101F46905761F02DD2B046F220A116F03A4
:20D730000B11EC18761F02DD92045203EC035204ED17767DD98C5200EC139A00767DDBE21E
:20D74000761F02CE9A059B0156BF013C767E38236F07281101F4761F02DD56BF0204761FC0
:20D7500002CE922C90075203EC06761F02B5181BFEFF6F05761F02B51A1B010086BE8BBE4E
:20D760000006B2BDAABDA2BDFE02767DC82A767DC825D1FAD200D300761F02B32B14284147
:20D7700000FA9A00767E37F740A9EFFC761F02CF92035203ED11761F01A09204761F02CE90
:20D780007239761F01A59204761F02CE723A761F02CF56BF0503767E01A7767E1729767EB5
:20D790000312767E1642767DFFED9B00767E1635767E00129B00767E1622767E00399B00CA
:20D7A000767E35B29B32D50528A913EC8F001450767E3580767E0059767E161E761F02E986
:20D7B0009209761F02E9540CEC2792A19CFF59A9ED23920CED11761F02E92B0F761F02E915
:20D7C0002B0D761F02E92B0E761F02E92B13761F02E92B126F0D761F02E92B31761F02E905
:20D7D0002B35761F02E92B0B761F02E92B30761F02E9D1FA9609767E351D5200EC17761F2E
:20D7E00002EA923B5204EC12761F02809A009B0156BF010E767E3823761F02BC9A01933F9C
:20D7F000761F02805C0E767D97349BFA28A909C4767E35215200ED06761F02B2922B5203BD
:20D800006417761F02809A009B0156BF020E767E3823761F02EA923B5204EC0A761F02BCDF
:20D81000933F9A02761F02805C0E767D97349BFA28A9026C767E1906767E16025200EC1703
:20D82000761F02EA923B5204EC12761F02809A009B0156BF0B0E767E3823761F02EA9A0B56
:20D830009303761F02805C0E767D973428A93A98767DD33F767DD3B028A97530767E1A1F42
:20D8400028A905DC767E1A439A96767E172D9A0A767E19709B9628A90154767E194D9241B8
:20D8500062059A96767E16996F039CFF96419A32767E1927767DD314767DD4C7767DD5D892
:20D86000767DC794767DD31B767E029E767DC56E761F02DE9637962E767E0285767DC5681E
:20D87000761F02DE9638767E0348767DC6DA761F02DE963A767E032F767DC6D4761F02DE16
:20D88000963B767DC923767DC845767DCD5293A39A0194A85BA91BA802EE6904767DCB993E
:20D89000D300767DCC11767DCC93767DD63E767DD04D92A2D20172A25264FFE8FED4767DEF
:20D8A000CE31D200FFEFFECF761F02D792170006761F02D792180006761F02D7921A000681
:20D8B000761F02D7921B0006761F02D792280006761F02D692160006761F02D692150006D4
:20D8C000761F02D692140006761F02D692130006761F02D692120006761F02D692110006EA
:20D8D000761F02D7922C0006761F02D692170006761F02D792100006761F02D7920F0006BF
:20D8E000761F02D7920E0006761F02D792000006761F02D792010006761F02D7920C0006F5
:20D8F000761F02D7922B0006761F02D792140006761F02D792120006761F02D79229000686
:20D90000761F02D7922A0006761F02D792150006761F02D792200006761F02D7921600067A
:20D91000761F02D792190006761F02D6920F0006761F02D6920E0006761F02D6921000069C
:20D92000761F02D6920C0006761F02D6920D0006761F02D6921B0006761F02D6921C000683
:20D93000761F02D692060006761F02D692070006761F02D692080006761F02D692090006A5
:20D94000761F02D692180006761F02D7920D0006761F02D792130006761F02D7920A00066E
:20D95000761F02D792070006761F02D7921E0006761F02D792080006761F02D7921F000653
:20D96000761F02D792020006761F02D7921C0006761F02D792030006761F02D7921D000651
:20D97000761F02D792050006761F02D792220006761F02D792240006761F02D79223000611
:20D98000761F02D792270006761F02D792250006761F02D792210006761F02D792260006DC
:20D99000761F02D7922D0006761F02D792060006761F02D792040006761F02D79211000617
:20D9A000761F02D7920B0006761F02D792090006761F02D6060A00068F00B6009CFF767DF1
:20D9B00080609B00761F02D8543556B101A892A800068F00B6C09CFF767D80609B00761F51
:20D9C00002DC542D56B101A892A800068F00B6409CFF767D80609B00761F02DA542D56B171
:20D9D00001A892A800068F00B5C09CFF767D80609B00761F02D7542F56B101A892A8000660
:20D9E0008F00B5869CFF767D80609B00761F02D6542356B101A892A80006761F02D696017C
:20D9F00028A9FEFF767E37F75200ECFB0006B2BDAABDA2BD5AA859A982A4767E27A49AA28E
:20DA0000767E273B767E27D05201EC2992A1FFC7767E273B767E27D05201EC21CCA100FF57
:20DA1000767E273B767E27D05201EC1992A2EC249CFFD1005AA940A1EE0792A1FFC058A9E1
:20DA20009293FFC76F0692A1FFC058A9CC9300FF767E273B767E27D05201ED05767E278014
:20DA30009A016F10CCA10003ED049A01767DD9EDD901000AFFE2767E27809A02767DD9ED52
:20DA40009A0082BE86BE8BBE00063B10761F02D796172910FF6900063B10761F02D79618E5
:20DA50002910FF6900063B10761F02D7961A2910FF6900063B10761F02D7961B2910FF69F4
:20DA600000063B10761F02D796282910FF6900063B10761F02D696162910FF6900063B102C
:20DA7000761F02D696152910FF6900063B10761F02D696142910FF6900063B10761F02D616
:20DA800096132910FF6900063B10761F02D696122910FF6900063B10761F02D69611291097
:20DA9000FF6900063B10761F02D7962C2910FF6900063B10761F02D696172910FF690006DA
:20DAA0003B10761F02D796102910FF6900063B10761F02D7960F2910FF6900063B10761F7B
:20DAB00002D7960E2910FF6900063B10761F02D796002910FF6900063B10761F02D79601EC
:20DAC0002910FF6900063B10761F02D7960C2910FF6900063B10761F02D7962B2910FF6982
:20DAD00000063B10761F02D796142910FF6900063B10761F02D796122910FF6900063B10D3
:20DAE000761F02D796292910FF6900063B10761F02D7962A2910FF6900063B10761F02D779
:20DAF00096152910FF6900063B10761F02D796202910FF6900063B10761F02D79616291010
:20DB0000FF6900063B10761F02D796192910FF6900063B10761F02D6960F2910FF69000684
:20DB10003B10761F02D6960E2910FF6900063B10761F02D696102910FF6900063B10761F0D
:20DB200002D6960C2910FF6900063B10761F02D6960D2910FF6900063B10761F02D6961B59
:20DB30002910FF6900063B10761F02D6961C2910FF6900063B10761F02D696062910FF6928
:20DB400000063B10761F02D696072910FF6900063B10761F02D696082910FF6900063B107B
:20DB5000761F02D61E0A2910FF6900063B10761F02D696092910FF6900063B10761F02D6C3
:20DB600096182910FF6900063B10761F02D7960D2910FF6900063B10761F02D796132910B2
:20DB7000FF6900063B10761F02D7960A2910FF6900063B10761F02D796072910FF6900062A
:20DB80003B10761F02D7961E2910FF6900063B10761F02D796082910FF6900063B10761F93
:20DB900002D7961F2910FF6900063B10761F02D796022910FF6900063B10761F02D7961CDD
:20DBA0002910FF6900063B10761F02D796032910FF6900063B10761F02D7961D2910FF69B8
:20DBB00000063B10761F02D796052910FF6900063B10761F02D796222910FF6900063B10F1
:20DBC000761F02D796242910FF6900063B10761F02D796232910FF6900063B10761F02D7A4
:20DBD00096272910FF6900063B10761F02D796252910FF6900063B10761F02D7962129100D
:20DBE000FF6900063B10761F02D796262910FF6900063B10761F02D7962D2910FF69000678
:20DBF0003B10761F02D796062910FF6900063B10761F02D796042910FF6900063B10761F3F
:20DC000002D796112910FF6900063B10761F02D7960B2910FF6900063B10761F02D7960984
:20DC10002910FF69000658A992A8EC089CFF88A992959694D801000EFFFD00068F00B600D3
:20DC20008F7F2F4E9A009B35767DDC1300068F00B6C08F7F2F849A009B6D767DDC130006B7
:20DC30008F00B6408F7F2F849A009B6D767DDC1300068F00B5C08F7F2F1E9A009B2F767D4E
:20DC4000DC1300068F00B5868F7F2F009A009B1D767DDC130006B2BDAABDD1038D80B60021
:20DC50009B6C28A912008AA2767E28745200ED0FD0341B92AAAAED0B9A36767DD9AC520128
:20DC6000ED06761F02D61A0200406F1D9A02767DD9EDD98192A1EDE5D1039B6C28A91300E9
:20DC70008AA2767E28745200ED13D0341B92AAAAED0F9A36767DD9AC5201ED0A761F02D686
:20DC80001A020080761F02B5181ADFFF6F0D9A02767DD9EDD98192A1EDE1761F02B51A1AE0
:20DC90002000767DDC1E86BE8BBE0006B2BDAABDD1038D80B6C09BDC28A90B008AA2767E34
:20DCA00028745200ED0FD06C1B92AAAAED0B9A6E767DD9B95201ED06761F02D61A020040A9
:20DCB0006F1AD98192A1EDE8D1039BDC28A90E008AA2767E28745200ED13D06C1B92AAAAF4
:20DCC000ED0F9A6E767DD9B95201ED0A761F02D61A020080761F02B5181ADFFF6F0AD98139
:20DCD00092A1EDE4761F02B51A1A2000767DDC2786BE8BBE0006B2BDAABDD1038D80B6405A
:20DCE0009BDC28A905008AA2767E28745200ED0FD06C1B92AAAAED0B9A6E767DD9C65201AB
:20DCF000ED06761F02D61A0200106F1AD98192A1EDE8D1039BDC28A908008AA2767E2874BD
:20DD00005200ED13D06C1B92AAAAED0F9A6E767DD9C65201ED0A761F02D61A020020761F56
:20DD100002B5181ADFFF6F0AD98192A1EDE4761F02B51A1A2000767DDC3086BE8BBE000623
:20DD2000B2BDAABDD1038D80B5C09B6028A901008AA2767E28745200ED0FD02E1B92AAAAE1
:20DD3000ED0B9A30767DD9D35201ED06761F02D61A0200046F1AD98192A1EDE8D1039B60E5
:20DD400028A904008AA2767E28745200ED13D02E1B92AAAAED0F9A30767DD9D35201ED0A32
:20DD5000761F02D61A020008761F02B5181ADFFF6F0AD98192A1EDE4761F02B51A1A20004F
:20DD6000767DDC3986BE8BBE0006B2BDAABDD1038D80B5869A009B3C8AA2767E2874520097
:20DD7000ED0DD01C1B92AAAAED099A1E767DD9E05201ED041A0200016F18D98192A1EDEB05
:20DD8000D1039B3C28A903008AA2767E28745200ED11D01C1B92AAAAED0D9A1E767DD9E0AD
:20DD90005201ED081A020002761F02B5181ADFFF6F0AD98192A1EDE6761F02B51A1A200038
:20DDA000767DDC4286BE8BBE0006767DD8B45201ED07761F01BF4609EF039A0100069A0028
:20DDB0000006767DD8B45200ED07761F01BF4609EF039A0100069A00000693A9767DD8B4F6
:20DDC0005200ED085301ED06761F01BF1A0500040006761F01BF1A0300040006B2BDAABDE5
:20DDD000D0358D80B6009A358AA22B92767D8060D103D03596929B6C28A913008AA2767ED4
:20DDE00027D75200ED13D0359B6C28A913005C92767E28CB5204ED0A761F02D61A000040FA
:20DDF000761F02B5181ADFFF6F08D98192A1EDE4761F02B51A1A200086BE8BBE0006B2BD40
:20DE0000AABDD0358D80B6009A358AA22B92767D8060D103D03596929B6C28A912008AA231
:20DE1000767E27D75200ED15D0359B6C28A912005C92767E28CB5204ED0C761F02D61A0012
:20DE20000080761F02B5181ADFFF767DDDCE6F08D98192A1EDE2761F02B51A1A200086BEB1
:20DE30008BBE0006B2BDAABDD06D8D80B6C09A6D8AA22B92767D8060D103D06D96929BDC7A
:20DE400028A90E008AA2767E27D75200ED13D06D9BDC28A90E005C92767E28CB5204ED0ABE
:20DE5000761F02D61A000040761F02B5181ADFFF6F08D98192A1EDE4761F02B51A1A20001A
:20DE600086BE8BBE0006B2BDAABDD06D8D80B6409A6D8AA22B92767D8060D103D06D9692FD
:20DE70009BDC28A908008AA2767E27D75200ED13D06D9BDC28A908005C92767E28CB52041A
:20DE8000ED0A761F02D61A000010761F02B5181ADFFF6F08D98192A1EDE4761F02B51A1A43
:20DE9000200086BE8BBE0006B2BDAABDD1038D80B5C09B6028A904008AA2767E27D7520053
:20DEA000ED13D02F9B6028A904005C92767E28CB5204ED0A761F02D61A000008761F02B596
:20DEB000181ADFFF6F08D98192A1EDE4761F02B51A1A200086BE8BBE0006B2BDAABDD10390
:20DEC0008D80B5869B3C28A903008AA2767E27D75200ED13D01D9B3C28A903005C92767E65
:20DED00028CB5204ED0A761F02D61A000002761F02B5181ADFFF6F08D98192A1EDE4761FA3
:20DEE00002B51A1A200086BE8BBE0006B2BDAABDD06D8D80B6C09A6D8AA22B92767D80602B
:20DEF000D103D06D96929BDC28A90B008AA2767E27D75200ED17D06D9BDC28A90B005C9294
:20DF0000767E28CB5204ED0E761F02D61A000080761F02B5181ADFFF761F02D61A030008D4
:20DF10006F08D98192A1EDE0761F02B51A1A200086BE8BBE0006B2BDAABDD06D8D80B640D7
:20DF20009A6D8AA22B92767D8060D103D06D96929BDC28A905008AA2767E27D75200ED1724
:20DF3000D06D9BDC28A905005C92767E28CB5204ED0E761F02D61A000020761F02B5181AFC
:20DF4000DFFF761F02D61A0300026F08D98192A1EDE0761F02B51A1A200086BE8BBE000653
:20DF5000B2BDAABDD02F8D80B5C09A2F8AA22B92767D8060D103D02F96929B6028A901000D
:20DF60008AA2767E27D75200ED15D02F9B6028A901005C92767E28CB5204ED0C761F02D6D2
:20DF70001A000004761F02B5181ADFFF767DDE946F08D98192A1EDE2761F02B51A1A20003F
:20DF800086BE8BBE0006B2BDAABDD01D8D80B5869A1D8AA22B92767D8060D103D01D969287
:20DF90009A009B3C8AA2767E27D75200ED14D01D9A009B3C5C92767E28CB5204ED0C761F78
:20DFA00002D61A000001761F02B5181ADFFF767DDEBD6F08D98192A1EDE4761F02B51A1A2F
:20DFB000200086BE8BBE0006B2BD767DD9302BAB1BA909F46208767DD9301BA9060C56B357
:20DFC00000A1630628A90800767DDB3AD101767DD9341BA909F46206767DD9341BA9060C85
:20DFD000630628A90800767DDB41D101767DD9381BA909F46206767DD9381BA9060C63069E
:20DFE00028A90800767DDB48D101767DD93C1BA909F46206767DD93C1BA9060C630628A917
:20DFF0000800767DDB56D101767DD9A88F0E10001EA6A8A90FA66409767DD9A83B011EA647
:20E00000FF2CFF1F0FA665050200767DDB4FD101767DD9201BA909F46206767DD9201BA9E2
:20E01000060C630628A90800767DDB1ED101767DD9241BA909F46206767DD9241BA9060CFF
:20E02000630628A90800767DDB25D101767DD9181BA909F46206767DD9181BA9060C6306A9
:20E0300028A90800767DDB10D101767DD91C1BA909F46206767DD91C1BA9060C630628A93E
:20E040000800767DDB17D101767DD9401BA909F46206767DD9401BA9060C630628A90800A8
:20E05000767DDB5DD101767DD8E41BA90898EC11767DD8E41BA908FCEC0C767DD8E41BA9C1
:20E060000960EC0728A908FC767DDAB528AB0001767DD8E81BA91388EC0C767DD8E81BA998
:20E070001770EC0728A91388767DDABC28AB0001767DD9981BA902586606767DD9981BA937
:20E0800001E0670728A90234767DDBF728AB0001767DD9701BA902586606767DD9701BA9CB
:20E0900001E0670728A9021C767DDBB128AB0001767DD99893A9767DD97055A96707767DA4
:20E0A000D998767DDBB128AB0001767DD9941BA904B06605767DD994520A670728A9025804
:20E0B000767DDBF028AB0001767DD9501BA901B86806767DD9501BA9021C690728A901CCAB
:20E0C000767DDB7928AB0001767DD9581BA901E06806767DD9581BA90259690728A9021C4C
:20E0D000767DDB8728AB0001767DD9601BA901A46806767DD9601BA9021C690728A901A410
:20E0E000767DDB9528AB0001767DD9681BA901B86806767DD9681BA90258690728A901CC6A
:20E0F000767DDBA328AB0001767DD9545205680C767DD954525F6608767DD9549B0500FEE3
:20E1000039D85200EC069A0A767DDB8028AB0001767DD95C520A680C767DD95C52646608A0
:20E11000767DD95C9B0500FE39D85200EC069A1E767DDB8E28AB0001767DD964525A6608A2
:20E12000767DD9649B0500FE39D85200EC069A00767DDB9C28AB0001767DD96C520A680CDC
:20E13000767DD96C52646608767DD96C9B0500FE39D85200EC069A0A767DDBAA28AB000158
:20E14000767DD8B8520A6405767DD8B8521465059A0E767DDA68D101767DD9A4520A64063F
:20E15000767DD9A41BA904B0650728A9012C767DDC0C28AB0001767DD94C52006405767DE8
:20E16000D94C520465069A00767DDB7228AB0001767DD9A052006405767DD9A052026406BA
:20E170009A00767DDC0528AB0001767DD8D452046205767DD8D4520063059A00767DDA9998
:20E18000D101767DD8EC52006405767DD8EC520265069A00767DDAC328AB0001767DD944B7
:20E1900052006505767DD944520464069A02767DDB6428AB0001767DD8E052006405767DE8
:20E1A000D8E0520264069A00767DDAAE28AB0001767DD8DC52006405767DD8DC5202640639
:20E1B0009A00767DDAA728AB0001767DD8D852006405767DD8D8520264069A00767DDAA0A7
:20E1C00028AB0001767DD99C52006405767DD99C520264069A01767DDBFE28AB0001767DF4
:20E1D000D8F852006405767DD8F8520264069A01767DDAD828AB0001767DD9485200640540
:20E1E000767DD948520264069A01767DDB6B28AB0001767DD8F452006505767DD8F45220F9
:20E1F00064069A01767DDAD128AB0001767DD90452006405767DD904520264069A00767DF2
:20E20000DAED28AB0001767DD90C52006405767DD90C520264069A00767DDAFB28AB000104
:20E21000767DD8A4FFC752176606767DD8A490FF523B69069A00767DDA4528AB0001767D77
:20E22000D8A8FFC752176606767DD8A890FF523B69069A00767DDA4C28AB0001767DD8ACC7
:20E230001BA901A46806767DD8AC1BA9021C690728A9021C767DDA5328AB0001767DD8B0D0
:20E240001BA903B6690728A90258767DDA5A28AB0001767DD9281BA909F46206767DD9289A
:20E250001BA9060C630628A90800767DDB2CD101767DD92C1BA909F46206767DD92C1BA9ED
:20E26000060C630628A90800767DDB33D101767DD8B452006405767DD8B4520264069A0066
:20E27000767DDA6128AB0001767DD8FC52006406767DD8FC1BA901F465069A3C767DDADF9C
:20E2800028AB0001767DD90052006405767DD900520264069A01767DDAE628AB0001767D84
:20E29000D8F052006405767DD8F0520264069A01767DDACA28AB0001767DD988520064055D
:20E2A000767DD988520264069A00767DDBDB28AB0001767DD9741BA901E06806767DD974A2
:20E2B0001BA90262690728A90248767DDBB828AB0001767DD97C52056806767DD97C1BA928
:20E2C000038469069A3C767DDBC628AB0001767DD97852056806767DD9781BA90384690603
:20E2D0009A78767DDBBF28AB0001767DD9845200EC05767DD984525A69069A1E767DDBD463
:20E2E00028AB0001767DD98C52006405767DD98C520264069A00767DDBE228AB0001767D10
:20E2F000D9805200ED0728A9316F767DDBCD28AB0001767DD980901FEC13767DD980767D56
:20E30000D980FFC4900FEC0C767DD980FFC4900F520C6606767DD980FFC85263690728A9C9
:20E31000316F767DDBCD28AB0001767DD8D0520264059A00767DDA922BAB767DD9901BA997
:20E320000BB86609767DD990520A680592AB5201EC066F0728A90BB8767DDBE9767DDF5021
:20E3300092A15201ED03767DDF838BBE0006761F02EE920D0006B2BDAABDA2BDFE02761FBF
:20E3400001BF4B01EE032B426F0328420001761F02EA923B5206EC515203EC395202EC33A6
:20E350005205ED2D28410001767E29CF5203ED19767E10F95200EC13761F02EB0638620D0E
:20E36000767E29D35202ED09767DD9445203ED07761F02E99211ED03D1026F04D1016F026E
:20E37000D100767E29D35202ED0C767E29CF5203EC20767E10F95200ED1C6F032B41D1002B
:20E38000D2006F1E28410001D2006F192B41D102767E29D35202EC05767E16065200EDF1A6
:20E39000767E10F95200EC07761F02E9923E6403D2016F06D2026F042B41D201D100924201
:20E3A000ED0892A15202ED059241520156B101A1761F02EA923B5204ED07761F01BF4709E3
:20E3B000EF0328410001767E10F95200ED06761F02EE181CFFFE6F05761F02EE1A1C0001C9
:20E3C0008DC0BB9CCCC3FFC188A9560302A2900FCAA693A19103FF93CBA9924118A8FE3F6F
:20E3D0009003FF85CAA893429101FF97CBA997C3767E16065200ED06761F02EE1A2E800037
:20E3E0006F05761F02EE182E7FFF767E049B5200ED06761F02EE1A2E40006F05761F02EE82
:20E3F000182EBFFF9210ED041A2E20006F03182EDFFF761F02EA9228EC12761F02EE182E74
:20E40000FCFFCCC30030FFC35202EC04182EFFCF6F12182EFFEF1A2E00206F0D761F02EE0A
:20E4100092C3CD2EFCCF90C0FF81CAA8931C9130CBA9972E761F02EA8D40BBAE9336CCC1D9
:20E42000E3FF9101FF9B761F02EECBA992C3900CFF87CAA893C318A9FF3F9101FF96CBA9FC
:20E43000CC1C0100FFC1CAA8500196C1767DD8B45201EC2C18C9FFFE767E04E35200ED0621
:20E44000761F02EE1A2F00026F05761F02EE182FFFFD761F02EA923B5205ED13761F02EA8A
:20E4500092285201ED0E761F02EA9210EC0A767E29D35202ED06761F02EE1A2F00046F17FC
:20E46000761F02EE182FFFFB6F12761F01BF9209761F02EE182FFFFE761F01BFCC09004032
:20E47000761F02EEFFC5982F182FFFF9761F02EA923B5202EC035205ED14761F02EA922819
:20E480005201EC08761F02EE182FFFEF1A2F00086F0C761F02EE182FFFF71A2F00106F0520
:20E49000761F02EE182FFFE7FE8282BE86BE8BBE00063B10761F02EE960D2910FF6900064D
:20E4A000B2BDAABDA2BDFE06761F02EE9210EC33761F02CE4821EE2F767DD9445202EC158D
:20E4B000767DD9445200EC11767DD9445201EC0D761F02E99211ED09761F02EA9224ED054F
:20E4C000761F02CF422CEF2B767DD994761F02EE0EA91E32767DD9A43B01761F02EE85A903
:20E4D0000F32632D767DD9A43B01761F02EE85A91E326F25767DD9445202EC13767DD944A5
:20E4E0005200EC0F761F02E99211ED0B761F02EA9224ED07761F02CF422CEE0302006F173C
:20E4F000767DD994761F02EE0EA91E32767DD9A43B01761F02EE85A90F326405026456015A
:20E5000000326F08767DD9A43B0185A9761F02EE1E32761F02CFCC2C0004761F02E9FFC101
:20E51000CA11761F02EACA24EC070264761F02EE0F32564802320247761F02EE3B011EACDC
:20E5200056440032FF451E321EAC761F02EA92285201ED26761F02E55A12767DD90052000A
:20E53000EC1D767DD8FC5200EC19761F02EA0E03761F02EE1EAC564400328BA9767DD8FCFC
:20E5400034A927100FA16306767DD8FC34A927108BA90EA21E42B2A96F0D02006F0D761F85
:20E5500002E55A37761F02EA0EA21E420E03564400A900FE390B761F02EE1BA206A41E34CE
:20E560006604281F06A46F027A1F761F02DD0264562100391E42761F02E45644003600FE03
:20E57000390B3B01761F02EE83A9851F1E4202641EAC564400A500FE390B8F00015E3B017B
:20E5800088A9962085A60F3456480434A8A90F3464060634630502001E346F02A834761F7A
:20E5900001BF4B01EF14A8A9761F02E3012C761F02E3010F761F02EE19141E306303020072
:20E5A0001E3006300F34630306301E34761F02EE921AED49767DD9045200EC05767E04B381
:20E5B0005200EC39761F01BF4B01EF33767DD8EC5200ED05767E15DD5200EC2B0264761FCC
:20E5C00002E41EACB66C56440036761F02E41EA60604761F02E487A70738560500A906A6B8
:20E5D0000FAB63050EA21E4206A66F040EA21E42A9A900FE390B761F02EE1E2806286303D7
:20E5E00002001E283B0185200F28564804286F2202006F053B01761F02EE8520761F02EEFF
:20E5F0001E286F1885230FA565060EA21E42564400A56F052D230EA21E42356400FE390B79
:20E600003B011E2885A60F28564804280628FF541E348F0003893B01A8AC56440028FF45C8
:20E610001EA61E2856440034FF451EA71E34FF200DD00FA6650602140FA6564802286F0495
:20E620008F000DCFA828FF200DD00FA765070628FF540FA7564802346F048F000DCFA834BC
:20E63000761F02EA923B5205ED34767E29CF5203ED30761F02EE1B0E0DCF6404280E0DCFA2
:20E640006F07761F02C69208761F02EE720E06285621000319050FAC620B020507280FAC69
:20E650006404922896036F069A0574036F030803000592033B01FF5C85A90F345648023471
:20E66000850E0F346203920E6F02923496016F08761F02EE56BF140E56BF14032B01761FD1
:20E6700001BF9201CC010800FFCA761F02EE964459A99310EC0F50802845000159A9767E66
:20E6800010F95200EC0828A90100D301CAA196466F042B457946D300761F01BF470956BC12
:20E6900000A156BD01A14609EE0418463FFF6F07924618A93FFF1AA940009646761F02EA8A
:20E6A000923B5203EC6E5202EC655205EC125206EC081846FF81D200D1002B43FFEF00813A
:20E6B00092462B43D10018A9FF835002D2016F77767E29CF5203ED31761F02E40618640584
:20E6C00028430002D2026F04284300015A43761F01BF9201D1019246CCA9FFBF502096466C
:20E6D000767E16065200ED0E9246CCA9FFE788A9560303A2D201CAA6CCA9FFFB500296468B
:20E6E0006F1B9246CCA9FFE788A9560303A2D200CAA6CCA9FFF96FF49246CCA9FF9F88A900
:20E6F000560305A1CAA6964693A9FFD0FFC2910390035AA89643767DD9445203ED31924399
:20E700005201ED2E761F02E99211ED2A1846FFE76FA59246D1012B4318A9FF8150206F1EA3
:20E710009246761F02EE18A9FF9FD100284300029646CCA9FFF750109300ED0E761F02E93A
:20E72000933E63079246D20218A9FFF150146F07CCA9FFFB6F8BCCA9FFF9D2009646761F4E
:20E7300002EECC11FFF888A9560301A2CAA680A9924318A7FFE7560303A9761F02CF93A91E
:20E74000CBA788A818A6FF9F560305A1CAA6CA4480A9924518A7FF7F560307A993A9CBA74A
:20E7500088A818A6FEFF560308A3CAA6934618A9C1FFCDA80600CBA992119007761F02EE42
:20E76000FF8ACAA89611FE8682BE86BE8BBE0006767DD8D4761F02EC5428EC24761F02EA71
:20E77000923B5201EC0A5204EC085200EC1B9A009B05767E382300063B10FF69767DD8D4EF
:20E78000761F02EC96282910FF69767DD8E81BA91388EC04767E2DAD6F03767E2DD3767E6D
:20E79000220C0006B2BDFE02761F02CF59A99212520256C00090761F02EA923B5203EC0C25
:20E7A000761F02EE02002B221E2C1E2A92A15416ED7FFFEF0087761F02EA0E03761F02EE5E
:20E7B0005601002C761F02E40608761F02EE072A761F02E4071E761F02EE0A221E2A92223A
:20E7C0005208646F56210022062CAB4200FE390B58A9062AAB4200FE390B2DA027A92B22C8
:20E7D00002001E2C1E2A35759B0A08A9400C00FE395E93A928A914B494A81BA914B46407AC
:20E7E0001BA001E0640628A917706F0328A914B493A99D3255AB6416761F02DD9331761F5E
:20E7F00002EE5516640F9B3295AB54A86208761F02DD9231761F02EE541665060816000A0F
:20E800006F039A0A741692A154166422767DD9A05200ED08761F02E59203761F02EE541682
:20E810006610767DD9A05201ED1C761F02E5923B761F02EE54166915761F02E5923B6F0438
:20E82000761F02E59203761F02EE96166F0A79166F08761F02EE02002B222B171E2C1E2A6F
:20E83000761F02EA923B5203ED26761F02EA9214EC22761F02EC9228ED1E761F02BC2D3FD6
:20E840001BAC03E8630328AC03E835513B01761F02EEFF462DA9541464030A146F022114EC
:20E8500092185414562A041492A154146302791492146F09761F02EE92165418562A001822
:20E8600092189614FE828BBE0006FE02761F02BC9B0A923F00FE39D33B01761F02EE52FA95
:20E8700056B4FAA985A91E425603070D00FE390B1BA904B062071BA90258630628A902580B
:20E880006F0328A904B0767E29D7FE820006B2BDAABDA2BDFE02761F02CF92125202EC4345
:20E89000761F01BF4D00EE3F761F02EA923BEC3B767E00A69641767E00A65AA9767E0375AA
:20E8A00082A4767E007D59A9767E1F295DA993A18AA392A2767E2196767E1F2D9341767E35
:20E8B000214D761F02CE922190035202EC0E761F02EA923B5205EC055202ED4A5202ED057A
:20E8C000761F02EA9228EC44767DD8B45200ED7A761F02CE921F9003761F02EA520256B011
:20E8D00001276F70767E04835200ED36767E04A75200ED32761F02CE922190035202EC2C0A
:20E8E000761F02EA923BEC285205EC055202ED075202ED22761F02EA9228ED1E767E00A6E3
:20E8F0009641767E00A65AA9767E036182A4767E016259A9767E1F295DA993A18AA392A2E6
:20E90000767E2196767E1F2D9341767E214D761F02EA2B276F37767E04CB5200ED31767E36
:20E9100004EF5200ED2D767DD8B45200ED29761F02CE921F90035202EC23761F02EA923B47
:20E92000EC1F767E00A69641767E00A65AA9767E038982A4767E017D59A9767E1F295DA962
:20E9300093A18AA392A2767E2196767E1F2D9341767E214D761F02EA56BF01276F03767EED
:20E9400022C8761F02C59A2D932A767E1EC0767DE499761F02EA923B5203ED10761F02EA8A
:20E950009227761F02EE5412761F02EA56B00120761F02EA56B0321F6F07761F02EA2B2041
:20E96000761F02EA2B1F761F02EA9227FE82761F02EE961282BE86BE8BBE0006B2BDAABD3C
:20E97000761F02EE921056B000A1ED069AC8761F02E7942659A9761F02EAD20092285201CA
:20E98000EC12767E049B5200ED23761F02EA923B5203EC1E5206EC1C28AC00BF761F02E568
:20E9900030376F11767E04E35200ED12761F02EA923B5203EC0D5206EC0B28AC00BF761F41
:20E9A00002E530122901FF469BC895A95AA892A154A2670259A2767E049B5200EC06767EC4
:20E9B0001606520056B000A1761F02EE2D253503761F02EA9403761F02EE9424CDA9000355
:20E9C000FFA1972496252DA9761F02EC540469022D04761F02EA9224EC04761F02EC2D04F9
:20E9D0003507761F02C528AC00C8942172AC92AC54A1690259AC767DD8E41BA90898EC0975
:20E9E000767DD8E41BA908FCEC0428A90F3C6F0328A90ED854A1562A06A11BA11194690382
:20E9F0008D401194761F02EE5A0A767E29D35200ED0D767E29CF5200ED09767E10F95200ED
:20EA0000EC0F767E10F95201EC0B92A154A268119C9C54A2660B92A19CF654A266035AA154
:20EA10006F0992A29C0A5AA96F055AA1DADA6F02DA8A3B10761F02EE1BA210CC7A0A650344
:20EA2000280A10CC930A761F02EC97061BA810CC761F02EC97056503280510CC761F02EA5B
:20EA3000923B5205ED069AC8761F02EC94056F09761F02EA9214EC0392A86F039AC894A859
:20EA4000761F02E7960C291086BE8BBEFF690006761F01BF4B01EE05767DDDA55200EC0516
:20EA5000761F01BF4709EE0302006F083B01761F02E3853A761F02E40720761F02EE1E26B7
:20EA6000761F01BF4709EF0C767E29CF5203ED08761F02EC0600761F02EE564100268F0066
:20EA70007530761F02EEA8A90F2664083B01FF24F8AD0F26564802260006A8260006767D9E
:20EA8000D8E4761F02805425EC10761F02EA923B5203ED069A009B05767E38230006767D16
:20EA9000D8E4761F028096250006761F02EA9208761F02EECA10ED0A767E16165200EC06FD
:20EAA000761F02EE1A1E00016F05761F02EE181EFFFE921AEC0C761F02EA9208761F02EE28
:20EAB000CA10EC1A767E160E5200ED16767DD9045200EC0D767E04B35200ED09761F02EE66
:20EAC0009210ED05761F02EA9208EC06761F02EE181EFFFB6F05761F02EE1A1E0004767EB7
:20EAD00016165200EC2B767E15DD5200ED1E761F02CFCC2C0004761F02E9FFC1CA11ED19CB
:20EAE000767DD9445202EC15767DD9445200EC11767DD9445201ED09761F02EE9210EC05E1
:20EAF000761F02CE4821EF05761F02EA9224EC06761F02EE1A1E00026F05761F02EE181E2D
:20EB0000FFFD761F02EA9236EC21761F02CE4C25EF1D761F02EA9208761F02EECA10ED1644
:20EB1000767DD8EC5200ED0D767E15DD5200ED09767E16165200ED0A767E160E5200ED06EE
:20EB2000761F02EE1A1E00080006761F02EE181EFFF70006B2BD761F01BF59A94B01EE361D
:20EB3000761F02CF920D5205EC315204EC2F5202EC2D5203EC2B761F02EA9225ED27761F21
:20EB400002B2923AED23767E15F05200ED1F761F02B38F00BB9328A803E85DA1923C767E2C
:20EB500032695200EC16761F02809A009B0156BF1B0E767E3823761F02B39A1B933C761F79
:20EB600002805C0E767D97346F04761F02EE2B13767DD8B45201ED31761F01BF4609EE2D06
:20EB7000761F02CF920D5205EC285202EC265203EC24761F02EA923B5204EC1F761F02B450
:20EB80008F00BB9528A803E85DA19208767E32695200EC16761F02809A009B0156BF1B0ED5
:20EB9000767E3823761F02B49A1B9308761F02805C0E767D97346F04761F02EE2B158BBEBB
:20EBA0000006B2BDFE04761F02C656BF0108767E220C9A78767E1F8B9A78767E1FC328A9D8
:20EBB00007D0767E1FB59AFA767E1FAE9AC8767E1FCA9A00767E37F759A942A156CC00F659
:20EBC000767DFF2E767E210F767DFF69767E2149767DFEDF767E23A9767DFEA9767E23A552
:20EBD000767DFF45767E2145767E255C767E03F3BE00C242C244767E2239767DFE5A767EDF
:20EBE00023A1767E00A6767E2223761F02EB9226767E26BB767E03C8BE00C242C244767EF4
:20EBF0002528767E25A6767E2367767DFE21767E238F767DFDD9767E2380767E039DBE0011
:20EC0000C242C244767E22FA767E2346767E25C4767DE887761F02809225767DE792960F5F
:20EC1000767E29CF5202EC1D767E29CF5201EC19020A28AC00B5761F02EE3B011E42300F62
:20EC2000FF4100FE390B761F02809628767E1FA0761F02809228767E1FA7767E22E66F15BF
:20EC3000761F02EE9B03D401920F767E2014761F02EE921DED05761F02EB2B066F069A001B
:20EC40009B0FD401767E2113767E00EF5214651E767E29CF5202EC05767E29CF5203ED16CC
:20EC5000761F02EA923BEC12761F02809A009B0156BF050E767E3823761F02B49A05932AED
:20EC6000761F02805C0E767D9734767E00F7520A651C767E29CF5202EC05767E29CF52031B
:20EC7000ED14761F02EA923BEC10761F02809A009B0156BF060E767E3823761F02809A06BD
:20EC80009B015C0E767D9734767DE96E767DE4A0767DE33B9A05767E26DA9A0A767E2293FE
:20EC90009A96767E2250761F02ECD50328A8F97E8F3FFBA99200767E20E25200EC12761F4D
:20ECA00002809A009B0156BF2B0E767E3823761F02EC9A2B9300761F02805C0E767D9734E5
:20ECB000767E23D8767DEA4840A156CCFF04761F02CF92035201ED11761F01A09204761F7D
:20ECC00002CE7239761F01A59204761F02CE723A761F02CF56BF0203767E2437767DE768C6
:20ECD000767DEA7F767DEA959A96767DEB2AFFEFFEE29A00000680C5310092A7522CEC1582
:20ECE000BE0092A652066711A9A9DFB00AC4DD01FF328EA9A9A9FF3007A00DA780C5FF5ADF
:20ECF000DE0192A7522CEDEE29010AC4FF20FFFF0FAB670428A9FFFF000692AB0006B2BDD2
:20ED00008BA592C1ED1F92F49C01523B69112BF492EC9C01523B690A2BEC92E49C0152176D
:20ED100066030AE46F062BE46F0496EC6F0296F4761F02800A191B191518690D2B199A0227
:20ED20006F0B8F40BB770207767E39802BC1761F02802B199A018BBE0006520058A9EC141E
:20ED30009CFF88A992C554C4ED07DD01DC01D881000EFFFA6F07522AED07D8819294520DB5
:20ED4000ED039A0100069A0000062DA99A968F40A18037A9A0A907AB8AA956BF28C456BF68
:20ED50004ECCA0A956BF41D407AB56BF4BDC56BF0DE48AA99B0592AC767E330D00062DA901
:20ED60009A968F40A18037A9A0A907AB8AA956BF28C456BF41CCA0A956BF43D407AB56BF06
:20ED70004BDC56BF0DE48AA99B0592AC767E330D0006B2BDAABD5AA98D40A0800EA2FF3660
:20ED8000560100A18AA19A029B00DC02767E3230761F02ED9B0096378AA19A02DC04767E5E
:20ED90003230761F02ED9B0096388AA19A02DC06767E3230761F02ED9B0096398AA19A0260
:20EDA000DC08767E3230761F02ED9B00963A8AA19A02DC0A767E3230761F02ED9B00963B37
:20EDB0008AA19A02DC0C767E3230D90E761F02ED9B00963C8AA19A02767E3230761F02EDC5
:20EDC000963D80372FA993A75363663F5316683D923893A99DFE27A8520C66375200EC3550
:20EDD000883993A6531F66315300EC2F933A5306662C933B53176629933C533B662693AA0D
:20EDE000533B662393A6531E69095204EC1E5206EC1C5209EC1A520BEC1892A79003531C23
:20EDF000690C93ABED035200ED1093A6531D690593ABED035200EC099A059B09767E3823F3
:20EE000092A2767DED5F6F0492A2767DED4586BE8BBE0006761F02EA9235ED18767E01E3FB
:20EE10005200ED23761F02800A1A921A521465202B1A761F02EA56BF0135761F02EA56BF07
:20EE20000138761F02EA2B076F1F767E01E35200EC0C761F02800A1A921A521465092B1A36
:20EE3000761F02EA2B356F0C761F02802B1A761F02EA9235EC05761F02EA9238ED05761FFF
:20EE400002EA2B360006761F02EA56BF01360006FE028F406FC08AA5761F01BF9A01DC0C87
:20EE50001AC410001AE502008AA5DC0D1AC400801AED00081A050020767DDDBD761F01BF0D
:20EE60001A0D00401A0D02009A001A0500101A050800761F02EA2B10761F02EA2B13761F02
:20EE700002B12B1A761F02B32B1D761F02B12B1E761F02EA2B12767E14819A00767E29E584
:20EE80009A00767E2A4F2B416F020A411B4107D068FD3B1076FF61007620FE82FF69000606
:20EE9000AABD80A98F00A0820EA7FF36560100A493C49DD02DA85304672C761F0280930F00
:20EEA000EC288F00A24056BF01C4920FC4A48F40A44096CC28A901F4DE02930F37A99D010F
:20EEB0005AA8A9A92BAB560100A52F85AAA957860DAA86A992AB9C0127A9540F68F7930F44
:20EEC0009D0292A758A8930F7A949D03767E32E886BE0006B2BDAABDA2BDFE048F00A00745
:20EED00058A9809459A993A7EC1B88A70EA12DA1D400DE81FF368EA99A9637A93AA98F40BD
:20EEE000A0800DA4560100A52DC5A9A98F40A1800DA4DC01560100A521C5000EFFF19A9673
:20EEF0002DA18F00A18036A9560100A492A193A7767E330D0EA18F00A080FF36D008D10AC3
:20EF0000560100A42DD4350A94DC2DA9350A94E408A9EB3096412DF4350A94FC2DA9350A11
:20EF100094942D9C08A9EB30D00B5AA9D10D350A949408A9FDF0D00E96422D9C350AD110C4
:20EF2000949408A9FDF0D01196432D9CD113350A94942D9C08A9FDF0D014D1165BA9350AC8
:20EF300094942D9C08A9FDF0D0175DA9D11D350A949408A9FDF0D01980A992949CD0D01BC3
:20EF4000964488942D9CD01E350A9494D01F2DA9350A9494D0202DA931642D94350B94ABD6
:20EF500008A9DCB01B4101F4DEB0661E1BA201F4661B9344530466183B10761F02809341EC
:20EF60008F00A02C2B147A037A059711934297C4934397CC7BD47DDC7F0693447E159610AD
:20EF70002B0F97042910FE8482BE86BE8BBEFF690006B2BDAABDA2BDFE029B962DA98D806D
:20EF8000A18037A896418DC0B3EAD500AAA907AB8BA9AAA956BF28C107AB8AA986A9DC0160
:20EF90009B04CCD30002FFC0767E32A356BF20E99B04D5008AA292C3DC0690FF08A90190D3
:20EFA000767E32A3D00A9B04D5008AA256BF2091DC0B92C3FFC708A90190767E32A3D00F5C
:20EFB0009B04D5008AA256BF2091DC1092CB90FF08A90190767E32A3D014761F02CF9B040F
:20EFC000D5008AA256BF2091DC15922D767E32A3D019761F02CF9B04D5008AA256BF20913C
:20EFD000DC1A922E767E32A3D01E761F02CF9B04D5008AA256BF2091922BDC1FFFC7767E76
:20EFE00032A3D023761F02CF56BF20918AA2D024CC2C0004FFC19C309B04D5009691DC2AD4
:20EFF000D025CC2C0008FFC29C309691D026CC2C0010FFC39C309691D027922C90019C3093
:20F000009691D028CC2C01E0FFC49C30761F02E99691D029921456BF2091767E32A3761FFF
:20F0100002E9D02E9B04D5008AA2920156BF2091DC2F767E32A3761F02E9D0339B04D50033
:20F020008AA2920056BF2091DC34767E32A3D0389B3956BF0D918AA29241767E330DFE8231
:20F0300082BE86BE8BBE0006B2BDAABDA2BD9B962DA959A98DC0A18037A8761F02EDD50009
:20F04000A2A907AB86A9A2A956BF28C207AB8AA982A9DC019B029229767E32A3761F02EDA8
:20F050009B02D50056BF2DDA8AA3922ADC04767E32A3761F02ED9B02D50056BF2DF28AA329
:20F06000922BDC07767E32A3D009761F02ED9B02D5008AA356BF2C92DC0A922D767E32A3EA
:20F07000D00C761F02ED9B02D5008AA356BF3A92DC0D922E767E32A3D00F761F02ED9B022E
:20F08000D5008AA356BF3A92DC10922F767E32A3D012761F02ED9B02D5008AA356BF5F920C
:20F09000DC13922C767E32A3D0159B1692A18AA356BF0D92767E330D82BE86BE8BBE000639
:20F0A000B2BDAABDA2BD9B962DA959A98DC0A18037A8761F02B5D500A2A907AB86A9A2A92D
:20F0B00056BF28C207AB8AA982A9DC019B05921A767E32A3761F02DE9B03D50056BF54F2FC
:20F0C0008AA3922EDC07767E32A3761F02DED00A9B03D5008AA3923756BF2092DC0B767E3D
:20F0D00032A3761F02DED00E9B03D5008AA3923A56BF2092DC0F767E32A3761F02DED012BA
:20F0E0009B03D5008AA3923B56BF2092DC13767E32A3761F02DED0169B04D5008AA392385E
:20F0F00056BF2092DC17767E32A3D01B3B01761F02E9D5008AA356BF4392853CD01CDC1D44
:20F10000FF569B0456BF3A92767E32A3761F02EBD0219B03D5008AA3922456BF2092DC22C3
:20F11000767E32A3761F02E7D0259B04D5008AA3922B56BF2092DC26767E32A3D02A761F24
:20F1200002DD56BF20928AA39B04D500D02B9216DC2E56BF5492D02C56BF6A92D02D56BFC1
:20F130003A92767E32A3761F02DDD0329B04D5008AA3923756BF2092DC33767E32A3761F16
:20F1400002DDD0378AA39B04D500923556BF2092DC38767E32A3D03C761F02DD9B04D500C9
:20F150008AA356BF20929236DC3D767E32A3D041761F02DD9B04D5008AA356BF209292344E
:20F16000DC42767E32A3D046761F02DD56BF20928AA39B03D500D047922256BF4692DC49DA
:20F17000D04856BF3A92767E32A3D04C761F02DD9B03D5008AA356BF20929219DC4D767EFE
:20F1800032A3D050761F02DD9B03D5008AA356BF2092921ADC51767E32A3D05428A9119364
:20F19000761F01A3BE2D8AA356BF2092D5009E09DC550EA9F60F1FA69B03767E32A3D0588A
:20F1A000761F02DD56BF20928AA39B03D500D059921C56BF5392DC5BD05A56BF3A92767E6D
:20F1B00032A3D05E761F02DD9B03D5008AA356BF20929226DC5F767E32A3D062761F02DDFF
:20F1C0009B03D5008AA356BF20929224DC63767E32A3D066761F02DD9B03D5008AA356BFAB
:20F1D00020929225DC67767E32A3D06A761F02EA56BF2092921ED06B9B6E8AA39C3056BF26
:20F1E0004392D06C9692D06D92A156BF0D92767E330D82BE86BE8BBE0006B2BDAABDA2BD76
:20F1F0009B962DA959A98DC0A18037A8761F02E5D501A2A907AB86A9A2A956BF41C207AB16
:20F200008AA982A9DC019B039237767E32A3761F02E69B02D50256BF42F28AA39208DC079F
:20F21000767E32A3761F02EAD00C9B02D5018AA3920356BF4392DC0D767E32A3761F02E967
:20F22000D0119B02D5018AA3923D56BF4492DC12767E32A33B01761F02EAD016D5018AA336
:20F23000850456BF4592DC17FF569B02767E32A33B01761F02E9D01BD5018AA3853E56BF19
:20F240002092DC1CFF569B02767E32A3761F02EBD0209B03D5018AA3922156BF4692DC2199
:20F25000767E32A3761F02EBD0269B03D5018AA3922456BF4792DC27767E32A3761F02E3D2
:20F26000D02C9B03D5018AA3922C56BF4992DC2D767E32A3D03256BF5292767E04539B3060
:20F27000D03395A99792767E04839B30D03495A99792767E04A79B30D03595A99792767E99
:20F2800004779B30D03695A99792D03756BF2092767E15DD9B30D038761F02EE95A9979248
:20F290009210D0399C30761F02EA9692D03A92089C309692767E1F359B30D03B8F006FC0CA
:20F2A00095A99792761F01BFD03C56BF2092D009CC940080FFC6D03D9C309692D03ECCCC9A
:20F2B0000008FFC29C309692D03FCC010020FFC49C309692D040CC010800FFCA761F02EA9F
:20F2C0009C309692D04192109C3056BF2092D0429692767E29CF9B30D04395A99792767E95
:20F2D00029D39B30D04495A99792767E10F99B30D045761F02EA95A997929236D0469C306D
:20F2E000761F02DD56BF2092D0479692D04892089C30761F02EA9692D04992259C30761F3C
:20F2F00002EE9692D04ACC1C000CFFC1761F02EA9C309692D04B923B9C309692D04C56BF96
:20F300002092767E16069B30D04D95A99792767E15E99B30D04E95A99792767E15F49B30D2
:20F31000D04F95A99792767E15FB9B30D05095A99792D05156BF2092767E15DD9B30D05246
:20F3200095A99792767E15B19B30D05395A99792767E15BD9B30D05495A99792767E15CD65
:20F330009B30D055761F02CE95A99792D05656BF5392D057CC251000FFCB9C309692767E07
:20F34000160E9B30D05895A99792767E16169B30D059761F02E395A997929212D05A9C30A0
:20F350009692D05B56BF5492767E04659B30D05C95A99792767E04CB9B30D05D95A9979272
:20F36000767E04EF9B30D05E95A99792767E04BF9B30D05F761F01BF95A98AA39792D0607C
:20F3700056BF2092D500D061CC010004DC66FFC19B029C309692D062CC010010FFC39C30AF
:20F380009692D063CC090040FFC59C309692D064CC090200FFC89C30761F02809692D06533
:20F39000920E56BF6692767E32A3D068761F02DE56BF5492922FD0699C30761F02DD9692DD
:20F3A000D06A92049C30761F02DD9692D06B92059C30761F02DE9692D06C92309C30761F7B
:20F3B00002809692D06D92279C30761F02CE9692D06E920B9C30761F02EE9692D06F56BF9C
:20F3C0005092D070CC1E0002FFC09C309692D071CC1E0004FFC19C309692D072CC1E000855
:20F3D000FFC29C309692D07356BF2092D07456BF4492767DD9809B02D5008AA3FFC8DC752C
:20F3E000767E32A3D07756BF2092767DD980FFC49B02D5008AA3900FDC78767E32A3D07A82
:20F3F00056BF2092767DD9809B02D5008AA3901FDC7B767E32A3D07D761F02EC9B04D50038
:20F400008AA356BF20929204DC7E767E32A3D0829B8392A18AA356BF0D92767E330D82BE47
:20F4100086BE8BBE0006B2BDAABDA2BD59A982A586A4767E34755201EC032BC36F020AC3B6
:20F4200092A1767E33A35200ED049A0096C26F030AC292C293C3530A660352C869192BC362
:20F430002BC23B109B00FF6992A1767E34A89B0192A1767E34A80EA18F00A100D500FF36F6
:20F44000560100A49B8092A1767E33AB291082BE86BE8BBEFF690006AABD27A98F00A08037
:20F450000EAB76FF328AD208FF36560100A4A8AC83A792C7ABA4DD01767DED2D5200ED0850
:20F46000DF0E000AFFF792AB767DED456F05D00C92ABC5973E6786BE0006B2BDAABDA2BD30
:20F47000FE0A8F00A00059A98F40A002A8A90DA18AA9A0A90DA183A992A1767DF4138D8043
:20F48000A02A0EA11E460EA1FF30560100A292A18AC2767E338F5201EC558F00A080A84454
:20F490008F00A001A8A98F00A0070DA11E4AA8A90DA182A90646FF361E468A4A2BC492C368
:20F4A000527F6735C446064407A68AA992C49641767DD8F45441EC159241521FEC128AC29B
:20F4B00092C4520DEC08520AEC060AC30201560100C26F2292A1767DF44C8AC22BC46F17A4
:20F4C0000AC3020188C3560100C2C546064407A78AA91E4892A6767D80855200EC0D93C38B
:20F4D0008A4892A1767D80A806486F04C446064407A61EC22BC38AC292A1767E338F5201E4
:20F4E000EDBD8F00A001A8A90DA18AA992C45202680C0EA18F40A0802BC4FF36560100A524
:20F4F000A0C28F40A0072B9D0AC4FE8A82BE86BE8BBE0006761F02809227EC180B17EC034E
:20F500009222EC148F00BB698F40A02256BF1417767DECFF52019629EC055202ED072B2738
:20F510000006767E33C4767E34180006B2BDAABDA2BDFE068F00A080D2008DC0A0078D4029
:20F52000A02AA8448F00A100A8468A469B80D50092A2767E33ABDA01BE8006441EC12B8341
:20F53000D90206460DA6BE801E4606440DA61E4492A2ECEC8F3E2B5F761F02EC28A92EE01B
:20F54000A83A761F02EC8F3E2BC0A83C767DFA31767E284F767DDD65767DDD20767DDC4BE2
:20F55000767DDFB4767DD8E4761F02803B019625020A1E42342500B5FF4100FE390B96289E
:20F56000761F02EA2B36761F02EA56BF0138761F02EA2B35767DD8D4761F02EC9628767D26
:20F57000D8E81BA91388EC04767E2DAD6F03767E2DD3767E08FF767E0A57767E1646767EA4
:20F58000220C767E10419A00767E37F759A940A1EF21761F02CF92035205ED11761F01A0C3
:20F590009204761F02CE7239761F01A59204761F02CE723A761F02CF56BF0603761F02EACE
:20F5A000923BEC03767DEE0A9A00767DF46D767DF4FA41A1EF0D761F02802B23761F02EA11
:20F5B0009225ED06761F02800A0C767DDF5044A1EF0D761F02802B23761F02EA9225ED06D1
:20F5C000761F02800A0C767DDF8342A1EF0A761F02802B23761F02EA9225ED03767DDF1B53
:20F5D00043A1EF0A761F02802B23761F02EA9225ED03767DDEE64AA1EF0A761F02802B23B1
:20F5E000761F02EA9225ED03767DDE634BA1EF0A761F02802B23761F02EA9225ED03767D4A
:20F5F000DE3249A1EF0A761F02EA9225761F028056B1012756B101224CA1EF0F8F00A04006
:20F600008F40A030020E767E3980761F02819B0A920900FE395E96094DA156CCFF76761FE8
:20F6100002EA922556C0FF71767DDDFFFFEFFF6D88A9B600DE811BA6FFFFEC1C8F40A04EBE
:20F6200093A72784FFD758A893ABF3A093A0FFD358A8560304A7709580A993A792ABFFDBB6
:20F63000900F58A8F2A0560304A7709580A9000EFFE9CDA700FF92A75DA8FFC75CA992A5AE
:20F640005228EC05520DEC03520AED02DD0192A45228EC05520DEC03520AED02DC01560358
:20F6500008A494A50006B2BD7622D0198D40701056BF6891761A3B1076260000762F000048
:20F66000762276FD7C80FF698AA1DC0C1AC400083E67761F01C0181CFFF7761A762218D1EC
:20F67000BFFF1A1220001812FFFD1A1200011812FFFB1A1204001812FEFF761A43C9EF0611
:20F6800076221A110010761A7625CC110180EC0576221811FE7F761A8F007010D011929439
:20F69000901F5209EC1376221ACC0040CC21FFE050099621761A762256BF6829761A401108
:20F6A000EFFF76221811FFBF761A762283A4DD011AC50180761A7622D00B56BF049483A479
:20F6B000CCC4FFFEDD0C500296C41AC50008DC0D181CFFEF1A1C0800181CFEFF181CFDFF87
:20F6C0001A1C40001AC401001A1D02001A1D04001A1D00011A1D00021A1D00081A1D00106A
:20F6D0001A1D00201A1D00401A1D0080181DBFFF181D7FFF181CFFFB761A8BBEFF6900067A
:20F6E0003B10761F00331820FFFE2B222B24FF692B262B282B2A2B2C2B2E2B302B322B34FE
:20F6F0002B362B382B232B252B272B292B2B2B2D2B2F2B312B332B352B372B39000676226C
:20F700008F7F2E008F000D00BE7F06851E84000EFFFE761AFF69761F00331A20000100069B
:20F71000A0A9C4440FA4690B03A4190183A99284DD819686020019010FA5EDFA000676228F
:20F72000761F01C0181CFFFB761A76228F006800D014761F01A083A4CC94FFFE5002DD0D4C
:20F730009614CC14FFFB500896141AC500C0761A83A4280509282B03DD0F2B0418C4E3FF78
:20F7400018C4FC7FCCC4FFFE500296C418C4FFFB18C4FFF71AC4003018FCFFEF1807FFFC47
:20F750001807FFBF1807FFF3280B0555280C05552809FFFF280AFFFF18C5FFFC83A4DD1A3B
:20F76000CC0FFFFB5008960F56BF991156BF991018C5FFF383A4DD19DC1CCC1AFFFC500124
:20F77000961A1AC50008CC19FFF8500296191AC400011A190800CC19F8FF1AA9020096199B
:20F78000CC1AF7FF1AA90400961ACC1AFDFF1AA90100961A1A198000CC198FFF1AA92000B7
:20F790009619CC1A3FFF1AA94000961ACC1ADFFF1AA91000961A76228F006840D01483A4B2
:20F7A000DD0D761F01A1CC94FFFE50029614CC14FFFB500896141AC500C0761A83A4DD0FB1
:20F7B000D00B280509282B032B0418C4E3FF18C4FC7FCCC4FFFE500296C418C4FFFB18C4A3
:20F7C000FFF71AC4003018FCFFEF1807FFFC1807FFBF1807FFF3280B0555280C05552809CF
:20F7D000FFFF280AFFFF18C5FFFC83A4DD1ACC0FFFFB5008960F56BF991156BF991018C5C9
:20F7E000FFF383A4DD19DC1CCC1AFFFC5001961A1AC50008CC19FFF8500196191AC400017E
:20F7F0008F0068C083A4DD0F1A190800CC19F9FF1AA901009619CC1AF7FF1AA90400961A51
:20F80000CC1AFDFF1AA90100961A1A198000CC199FFF1AA910009619CC1A3FFF1AA94000B3
:20F81000961ACC1ADFFF1AA91000961A761F01A3280511932B032B0418C4E3FF18C4FC7F65
:20F8200018C4FFFC18C4FFFB18C4FFF71AC4003018FCFFEF1807FFBF1807FFFC1807FFF331
:20F830002B0BCC94FFEF5020960BCC0BFFFC5001960B18C5FFFC83A4DD1A18C5FFF383A473
:20F84000DD19DC1CCC1AFFFC5001961A18C5FFF7CC19FFF8500296191AC4000176228F0022
:20F850006900D01483A4761F01A4DD0DCC94FFFE500296141A14000C18C5FF3F761A83A49B
:20F86000DD0F280509282B032B0418C4E3FF18C4FC7FCCC4FFFE500296C418C4FFFB18C4E1
:20F87000FFF71AC4003018FCFFEF1807FFFC1807FFBF1807FFF3280B0555280C055528091E
:20F88000FFFF280AFFFF18C5FFFC83A4DD1ACC0FFFFB5008960F2811014D2810014D18C588
:20F89000FFF383A4DD19DC1CCC1AFFFC5001961A18C5FFF7CC19FFF850019619761F01A585
:20F8A0001AC400018F00694083A4DD0F2805AFC72B032B0418C4E3FF18C4FC7F18C4FFFC32
:20F8B00018C4FFFB18C4FFF71AC4003018FCFFEF1807FFBF1807FFFC1807FFF3280B0555EB
:20F8C000280C05552809FFFF280AAFC718C5FFFC83A4DD1A18C5FFF383A4DD19DC1CCC1A03
:20F8D000FFFC5001961A1AC50008CC19FFF8500296191AC4000176228F006980D01483A45E
:20F8E000761F01A6DD0DCC94FFFE50029614CC14FFFB5008961418C5FF3F761A28050928A4
:20F8F0002B032B0418C4E3FF18C4FC7FCCC4FFFE500296C418C4FFFB18C4FFF71AC4003097
:20F9000018FCFFEF1807FFFC1807FFBF83A41807FFF3280B0555DD0F280C05552809FFFF80
:20F91000280AFFFF18C5FFFC83A4CC0FFFFBDD1A5008960F2811014D2810014D18C5FFF303
:20F9200083A4DD19DC1CCC1AFFFC5001961A18C5FFF7CC19FFF8500196191AC400017622AA
:20F930008F4069C08AA5761F01A7DC121AC404008AA5DC141AC400038AA5DC151A14000C29
:20F940001AC400048AA5DC0D18C4FF3F761A8AA5DC0FD00B280504C12B032B0418C5E3FF00
:20F9500018C5FC7FCCC5FFFE500296C518C5FFFB18C5FFF71AC5003018FDFFEF1807FFFC2E
:20F960001807FFBFCC07FFF750049607280B0555280C05552809FFFF280AFFFF18C4FFFC9F
:20F970008AA5DC1ACC0FFFFB5008960F2811014D2810014D18C4FFF38AA5DC19CC1AFFFCA0
:20F980005001961A18C4FFF78AA5DC1CCC19FFF8500196191AC400012B0BCC95FFDF5010DD
:20F99000D00C960BCC0BFF7F5040960B280904C12B0CCC95FDFF1AA90100960CCC0CF7FF96
:20F9A0001AA90400960C2B0A7622761F01C01A1C0004761AFF690006761F01A88F006A004C
:20F9B0002B1683A42818FFFFDD1418C5FEFF83A4DD1518C5FFEF8F406A201815FDFFC4A5F7
:20F9C0001A150001DE141A1500C0DC161815FFDF1815FFF91A1400011814FFFD1814C1FFB1
:20F9D000761F01A82B362838FFFF18C6FEFFC4A5DE1518C6FFEFDD1676806A40C5A6DF1426
:20F9E0001835FDFF1A3500011A3500C01835FFDF1835FFF91A3400011834FFFD1834C1FF4C
:20F9F000761F01A92B162818FFFF18C7FEFFC5A6DF15DE1618C7FFEF1815FDFF1A150001E4
:20FA00001A1500C01815FFDF1815FFF91A1400011814FFFD1814C1FF761F01A81A1500080F
:20FA10001A140100761F01A81AC400021A3500081A340100761F01A91AC500021A1500088C
:20FA20001A140100761F01A81AC600021A150010761F01A81A350010761F01A91A1500101D
:20FA30000006FE0296410B416F04F66477000B411B41FFFFEDFBFE82FF6900067622761FA0
:20FA400001C076FD7C80FF691A1C00083E67761A76228F0071001AC400401AC400201AC409
:20FA500000801AC4400018C4FFF7761AFF6928A915B3767DFA317622761F01C41ACC00019E
:20FA60001801FFFB1A010002761AFF69767DFA317622D02183A4DD101AC5800083A4DD2020
:20FA700018C5FC3FCC94FC7F5040D0229621CC94FC3F5080D0239622CC94FCFF50C0D024D5
:20FA80009623CC94FC3F1AA90100D0259624CC94FC7F1AA90140D0269625CC94FC3F1AA9B1
:20FA90000180D0279626CC94FDFF1AA901C0D0289627CC94FE3F1AA90200D0299628CC9414
:20FAA000FE7F1AA90240D02A9629CC94FE3F1AA90280D02B962ACC94FEFF1AA902C0D02C90
:20FAB000962BCC94FF3F1AA90300D02D962CCC94FF7F1AA90340D02E962DCC94FFBF1AA9CC
:20FAC0000380DC2F962E1AC403C0CC20FFC050069620CC21FFC050069621CC22FFC05006C0
:20FAD0009622CC23FFC050069623CC24FFC050069624CC25FFC050069625CC26FFC050061A
:20FAE0009626CC27FFC050069627CC28FFC050069628CC29FFC050069629CC2AFFC05006EA
:20FAF000962ACC2BFFC05006962BCC2CFFC05006962CCC2DFFC05006962DCC2EFFC05006BA
:20FB0000962ECC2FFFC05006962F182007FF182107FF182207FF182307FF182407FF1825CF
:20FB100007FF182607FF182707FF182807FF182907FF182A07FF182B07FF182C07FF182D99
:20FB200007FF182E07FF182F07FF761AFF69000676228F006F8083A4761F01BEDD0C18C5D1
:20FB3000FFFECCF4FFFC8F406FC05001C4A59606180CFFFDDE04CC06FFF750049606180CCB
:20FB4000FFFBD009CC06FFDF50109606180CFFF7CC06FF7F50409606180CFFEF1AC600108E
:20FB5000C4A4DE0A1AC60010C4A41806FCFF180CFFDFDE0D1AD500201A0A00201806F3FF84
:20FB6000180CFFBFCC06DFFF1AA910009606180CFF7F761F01BF1A040080761F01BE18067D
:20FB70003FFF1A0A0080180CFEFFCCFCFFFC50019607180CFDFF1A0A02001807FFF3180C46
:20FB8000FBFF761F01BF1A040400761F01BE1A0A04001807FFCF180CF7FF761F01BF1A04FE
:20FB90000800761F01BE1A0A08001807FF3F180CEFFF761F01BF1A021000761F01BE18076A
:20FBA000FCFF1A0A1000180CDFFF761F01BF1A042000761F01BE1807F3FF180ADFFF180CF8
:20FBB000BFFF761F01BF1A024000761F01BE1807CFFF1A0A4000180C7FFF18DC3FFFCC077A
:20FBC0003FFF1AA9400096071AC60001C4A4DE0818C6FFFCC4A4DE0B18C6FFFEC4A4DE1CB1
:20FBD000180DFFFD1AE4000C1A08000C180DFFFB1AED00041808FFCF1A0B0004180DFFF760
:20FBE000761F01BF1A050008761F01BE1808FF3F1A0B0008180DFFEF761F01BF1A05001013
:20FBF000761F01BE1808FCFF1A0B00101A0D0020761F01BF1A050020761F01BE1808F3FF10
:20FC00001A0B0020180DFFBF1A083000180DFF7F1A04C0001A08C000180DFEFFCCECFFFC32
:20FC100050019605CC94FFFC5001D0179609180DFDFF761F01BF1A050200761F01BE1809AA
:20FC2000FFF31A0B0200180DFBFFCC05FFDF50109605CC09FFDF50109609180DF7FF761F80
:20FC300001BF1A050800761F01BE1809FF3F1A0B0800180DEFFF761F01BF1A051000761FC1
:20FC400001BE180BEFFFCC09FDFF1AA901009609180DDFFF761F01BF1A052000761F01BEB5
:20FC5000180BDFFFCC09F7FF1AA904009609180D7FFFCC093FFF1AA940009609180DBFFF27
:20FC60001A053000CC09DFFF1AA91000960918C6FFFEC4A5DE0A1AC60001C4A4DE1618C6C9
:20FC7000FFFCC4A4DE1A1AC60001C4A5DE0CDD0D181CFFFD761F01BF1A0A0002761F01BEFC
:20FC80001816FFF31A1A0002181CFFFB1AC60004C4A4DE1D1816FFCF1A1A0004181CFFF73B
:20FC9000761F01BF1A0C0008761F01BE1816FF3F1A1A0008181CFFEF761F01BF1A0C001028
:20FCA000761F01BE1816FCFF1A1A0010181CFFDF761F01BF1A0C0020761F01BE1816F3FF62
:20FCB0001A1A0020181CFFBF761F01BF1A0C0040761F01BE1816CFFF1A1A00401A1C0080B9
:20FCC000761F01BF1A0C0080761F01BE18163FFF1A1A0080181CFEFFCC94FFFC500196172B
:20FCD000181CFDFFCC17FFF750049617181CFBFFCC17FFDF50109617181CF7FFCC17FF7F83
:20FCE00050409617181CEFFF761F01BF1A0C1000761F01BE1817FCFF1A1A10001AC6000474
:20FCF000C4A4DE1818C6FFCFC4A4DE1BDC1918C6FFFB181DFFF71AC500081818FF3F1A1B07
:20FD000000081A1D00101818FCFF181BFFEF181DFFDF761F01BF1A0D0020761F01BE181815
:20FD1000F3FF1A1B0020181DFFBF761F01BF1A0D0040761F01BE1818CFFF1A1B0040181DE1
:20FD2000FF7F761F01BF1A0D0080761F01BE18183FFF1A1B0080181DFEFF761F01BF1A0D24
:20FD30000100761F01BE18C4FFFC1A1B0100181DFDFF761F01BF1A0D0200761F01BE18191D
:20FD4000FFF31A1B0200181DFBFF761F01BF1A0D0400761F01BE1819FFCF1A1B0400761AAF
:20FD5000FF690006761F01DD56BF071056BF03112B1256BF911356BF031456BF23110006EC
:20FD6000FE02767DF6533B1076260000762F0000FF69767DF6E0767DF6FF8F0080008F7F85
:20FD70002251A8428F3F1000767DF71076409234767DF71F767DF9AC767DFA3E767DFB28E0
:20FD8000767DFD529B019A04767E102E76228F00867E761F0035A8208F008108A8228F0087
:20FD90008000A82A761F00348F3E38E5A83E761F00358F008622A8308F3E2F15A8328F0015
:20FDA0008B4CA834761F00378F3E2F78A8048F3E2F5FA8068F3E300DA80A761F00358F3E48
:20FDB0002FD2A81E761A7623010E8F000CE0761F003383A4DD041AC5008083A4DD081AF470
:20FDC00000011A2600201A260002DC121AC500011A2800021A2800041AC400041A320008F2
:20FDD0001A320020FE82FF690006761F02B3923D0006B2BDFE02761F02B2921D65253B016D
:20FDE000851D761F02B41EA61E42062E00FE390B1EACC242564400AC8AA9063400FE390BB9
:20FDF0001EA6A8A90FA6631006A603A4767E31F259A98F00089B3B01A8AC564400A1FF4905
:20FE000085A98BA96F02D100761F02B47908767DDDA55200EC12761F02EA923B5203EC0915
:20FE1000761F01BF4709EF0A761F02E559376F06761F02EB59216F02D10092A1FE828BBE79
:20FE20000006FE02761F02B2921F56B100A4EC100E1F761F02B51E42060000FE390B767E06
:20FE300031F23B015CA934A40259FF495CA9761F02EA923BED1C3B10761F02B5C40C02000E
:20FE4000761F02B7C21C761F02B51E0C761F02B192352B3596342910520065093B0185A964
:20FE5000FF691E4206A600FE390B963792A4FE82FF690006B2BDFE02761F02B29211652506
:20FE60003B018511761F02B71EA61E42060600FE390B1EACC242564400AC8AA9063E00FE67
:20FE7000390B1EA6A8A90FA6631006A603A4767E31F259A98F00089B3B01A8AC564400A188
:20FE8000FF4985A98BA96F02D100761F02B38F006FC0793C4BCCEF19761F02EA923B5203F7
:20FE9000EC10D0094794EE09767DDDB15201ED0E761F02E559126F0A761F02E559376F06FB
:20FEA000761F02EB59216F02D10092A1FE828BBE0006FE02761F02B2920856B500A46511FA
:20FEB0003B018508761F02B51E42060600FE390B767E31F23B015CA934A401B5FF495CA93C
:20FEC000761F02EA923BED183B10761F02B5C40E02001E0EC210761F02B2920B2B0B9606AE
:20FED0002910520065093B0185A9FF691E4206A600FE390B960592A4FE82FF690006FE023A
:20FEE000761F02B2920256B500A465113B018502761F02B51E42062000FE390B767E31F212
:20FEF0003B015CA934A401B5FF495CA9761F02EA923BED1A3B10761F02B5C41602001E16DA
:20FF0000C218761F02B292012B01960429105200650B3B0185A9FF691E4206A600FE390B4A
:20FF1000761F02B1963F92A4FE82FF690006FE02761F02B1923662039A006F0F3B0185360C
:20FF2000761F02B51E42063A00FE390B767E31F23B0134A9089BFF49FE820006FE02761F5D
:20FF300002B4922062039A006F0F3B018520761F02B51E42061400FE390B767E31F23B0190
:20FF400034A9089BFF49FE820006FE023B10761F02B8C4000200761F02B7C22A761F02B86A
:20FF50001E00761F02B292162B1696222910520062039A006F0C3B0185A9FF691E4206A6A6
:20FF600000FE390B3B0134A90177FF48FE82FF690006FE02761F02B2920062032BAC6F10E3
:20FF70003B018500761F02B51E42061E00FE390B767E31F22DA93B0135D5FF482DA9761FB9
:20FF800002EA923BED183B10761F02B5C43402001E34C20A761F02B492012B0196272910F4
:20FF9000520065093B0185A9FF691E4206A600FE390B962292ACFE82FF690006FE02761FF8
:20FFA00002B1923CED039A006F0E0E3C761F02B51E42063600FE390B767E31F23B0134A915
:20FFB000089BFF49FE820006FE02761F02B2920756B100A4EC100E07761F02B51E4206264A
:20FFC00000FE390B767E31F23B015CA934A40259FF495CA9761F02EA923BED1C3B10761FD0
:20FFD00002B5C40C0200761F02B7C21C761F02B51E0C761F02B192352B3596342910520022
:20FFE00065093B0185A9FF691E4206A600FE390B963792A4FE82FF690006FE023B10761FA2
:20FFF00002B5C42C0200761F02B4C23A761F02B51E2C761F02B2921E2B1E961B29105200ED
:02000004003EBC
:2000000062039A006F0D3B0185A9FF691E4206A600FE390B3B01962434A9012FFF49FE827A
:20001000FF690006FE023B10761F02B7C41802001E18C21A761F02B3921E761F02B29621DF
:20002000761F02B32B1E2910520062039A006F0F3B0185A9FF691E4206A600FE390B3B01C9
:20003000761F02B2962034A9012FFF49FE82FF690006FE023B10761F02B7C43A02001E3A7D
:20004000C238761F02B2920E2B0E96172910520062039A006F0C3B0185A9FF691E4206A6F4
:2000500000FE390B3B0134A9033DFF48FE82FF690006FE023B10761F02B7C42402001E24FB
:20006000C21E761F02B292102B10960F2910520062039A006F0C3B0185A9FF691E4206A6F2
:2000700000FE390B2DA93B013567FF48FE82FF690006761F02B1921D0006761F02B1921C58
:200080000006761F02B4922B0006761F02B43B01342B033DFF480006761F02B4921C0006DA
:20009000761F02B43B01341C046FFF490006761F02B4921A0006761F02B43B01341A046F73
:2000A000FF490006761F02B4921B0006761F02B192210006767DD8B45201ED09761F01BFD6
:2000B0004609EF05761F02B4921300069A010006761F02B492020006761F02B43B013402B4
:2000C000089BFF490006761F02B3923F0006761F02B33B01343F01B5FF490006761F02B4C6
:2000D00092050006761F02B43B01340501B5FF490006761F02B492150006761F02B43B0130
:2000E0003415089BFF490006761F02B492290006761F02B43B013429089BFF4900063B109A
:2000F000761F02B292362B362910FF6900063B10761F02B292392B392910FF690006761FD8
:2001000002B492260006761F02B43B0134260177FF480006761F02B4922A0006761F02B46D
:200110003B01342A00D5FF480006761F02B492280006761F02B43B01342800D5FF48000603
:20012000761F02B492240006761F02B43B01342400D5FF480006761F02B492110006761F2E
:2001300002B43B013411089BFF490006761F02B492130006761F02B43B0134130259FF4920
:200140000006761F02B492120006761F02B43B013412012FFF490006761F02B4920C00066A
:20015000761F02B43B01340C012FFF490006761F02B492040006761F02B43B013404033D64
:20016000FF480006761F02B3922A0006761F02B4921E0006761F02B492170006761F02B4E0
:2001700092180006761F02B492090006761F02B43B0134090067FF480006761F02B3922758
:200180000006761F02B492070006761F02B492030006761F02B492210006761F02B43B01FE
:200190003421033DFF480006761F02B492190006761F02B4921F0006761F02B49206000686
:2001A000761F02B43B01340600DDFF490006B2BDAABDFE023B10761F02B7C40E02001E0EE4
:2001B000C20A761F02B292122B12960D2910520062039A006F243B0185A9FF691E4206A69B
:2001C00000FE390B3B01761F02B334A90229FF4759A99611767DD9A886A9767DD93C2DA9DF
:2001D0003B01761F02B312A107A2FF4A9611520063022B1192119B0A00FE395EFE8286BEA9
:2001E0008BBEFF6900063B10761F02B60200A302A9041E02761F02B193262B2697252910F5
:2001F000BE005300EC0A80A80200F61F561700A71BAB080056B701A6FF6992A600063B1022
:20020000761F02B70200A332761F02B6A93E761F02B71E32761F02B1920E2B0E96152910E2
:200210005200ED039A006F0B88A9020028AC033D3B01F61F561700A630ABFF48FF6900063D
:20022000FE023B10761F02B50200A33E761F02B6A90A761F02B51E3E761F02B192162B166B
:20023000960D29105200ED0302006F1388A98F0003E80200FF69A842F61F561700A60239AA
:200240001EAC564400AB00FE390B3B01FF4485A9FE82FF6900063B10761F02B60200A3086D
:20025000A93A1E08761F02B1920C2B0C961129105200ED039A006F0B88A9020028AC046FB8
:200260003B01F61F561700A630ABFF49FF6900063B10761F02B60200A328761F02B7A9002D
:20027000761F02B61E28761F02B192182B18961329105200ED039A006F0788A90200F61F2A
:20028000561700A692ABFF6900063B10761F02B60200A326A92A1E26761F02B192032B031B
:20029000960A29105200ED039A006F0788A90200F61F561700A692ABFF6900063B10761F3D
:2002A00002B60200A32CA92E1E2C761F02B192122B12961729105200ED039A006F0788A902
:2002B0000200F61F561700A692ABFF6900063B10761F02B60200A324A9221E24761F02B1A3
:2002C00092042B04960229105200ED039A006F0788A90200F61F561700A692ABFF69000630
:2002D0009A000006761F02B392390006761F02B3922D00063B10761F02B60200A31AA90044
:2002E0001E1A761F02B193282B28972F2910BE015300EC0A80A80200F61F561700A71BAB50
:2002F000080056B600A6FF6992A600063B10761F02B60200A306A90C1E06761F02B1930592
:200300002B0597292910BE015300EC0A80A80200F61F561700A71BAB080056B600A6FF6971
:2003100092A600063B10761F02B60200A336A9341E36761F02B1920B2B0B960629105200A9
:20032000ED039A006F0B88A9020028AC033D3B01F61F561700A630ABFF48FF6900063B1033
:20033000761F02B60200A332A9301E32761F02B192012B01960029105200ED039A006F0738
:2003400088A90200F61F561700A692ABFF6900063B10761F02B70200A304A9021E04761FF3
:2003500002B192092B09961429105200ED039A006F0788A90200F61F561700A692ABFF69D6
:200360000006761F02B11B2EFDE866078F00AD90922E96CC2BC4000628A9FFFF8F00AD9016
:200370009E2E96CC56BF01C40006761F02B21B15FDE866078F00AD94921596CC2BC40006C6
:2003800028A9FFFF8F00AD949E1596CC56BF01C40006761F02B11B2CFDE866078F00AD921A
:20039000922C96CC2BC4000628A9FFFF8F00AD929E2C96CC56BF01C40006FE023B10761FAF
:2003A00002B4C43002001E30C23C761F02B2921A2B1A96192910520065173B0185A9FF6983
:2003B0001E4206A600FE390B8F000259BE64A8AC3B01564400A9C242FF4900FE390B1EA6AE
:2003C000021E0FA66502BE0006A6FE82FF690006FE023B10761F02B7C4280200761F02B6B5
:2003D000C20E761F02B71E28761F02B292132B1396182910520065143B0185A9FF691E4299
:2003E00006A600FE390B8F0001B5BE64A8AC3B01564400A9C242FF4900FE390B63020200E0
:2003F000FE82FF690006FE023B10761F02B6C42002001E20C218761F02B192102B10960F9F
:200400002910520065133B0185A9FF691E4206A600FE390BBEE587A6BE643B01564400A948
:20041000C242FF4700FE390B6F020200FE82FF690006FE023B10761F02B5C42802001E2814
:20042000C222761F02B192392B39963829105200EC130EA9FF691E4206A600FE390B8F000D
:200430000259BE64A8AC3B01564400A9C242FF4900FE390B63020200FE82FF690006761FE4
:2004400002B7062E0006761F02B706300006761F02B7063C0006761F02E592000006761FE0
:2004500002E5920800063B10761F02E69302761F02CE910892219003CAA8EC0429109A012E
:200460006F0329109A00FF6900063B10761F02E59306761F02CE9108921F9003CAA8EC04C5
:2004700029109A016F0329109A00FF6900063B10761F02E64202EF0429109A016F03291067
:200480009A00FF6900063B10761F02E64002EF0429109A016F0329109A00FF6900063B1085
:20049000761F02E64402EF0429109A016F0329109A00FF6900063B10761F02E64302EF040F
:2004A00029109A016F0329109A00FF6900063B10761F02E64102EF0429109A016F03291038
:2004B0009A00FF6900063B10761F02E64502EF0429109A016F0329109A00FF6900063B1050
:2004C000761F02E54206EF0429109A016F0329109A00FF6900063B10761F02E54006EF04DE
:2004D00029109A016F0329109A00FF6900063B10761F02E54406EF0429109A016F03291002
:2004E0009A00FF6900063B10761F02E54306EF0429109A016F0329109A00FF6900063B101F
:2004F000761F02E54106EF0429109A016F0329109A00FF6900063B10761F02E54506EF04AA
:2005000029109A016F0329109A00FF690006761F02E52B3D0006761F02E50A3D543D6708A7
:200510001A0001242B3D2B39761F02E62B0F0006FE02761F02E5420AEE109641933F5D3BFC
:200520008F00B9619239767E327B5201ED14761F02E51A0A00046F0F9641933A5D3E8F0062
:20053000B9619239767E328F5201ED05761F02E5180AFFFB761F02E5920A1800FFFB900476
:200540009800FE820006761F02E5963900068F00B99692CC761F02E6BE0396C428AC00B5CF
:20055000290192D49617761F02E59239761F02E696189217941694180EA9F60F1FA69607BF
:2005600030A9FF46960A0006B2BDFE028D40B94A45C1EE149641761F02E6920F8F00B969CA
:20057000761F02E5933C761F02E65D04767E327B5201ED121AC100206F0F761F02E6964182
:200580008F00B96993035D06920F767E328F5201ED0318C1FFDF761F02E592C1CD00FEFFC8
:200590009020FE82FF82CAA896008BBE0006FE025200ED05761F02E62B0F6F0E88A928A8CA
:2005A00005F528A9E100761F02E6FF5A0200F61F561700A63F0FFE820006761F02E6960C9C
:2005B0000006FE02761F02E52B33761F02EC9328ED39761F02E59331ED2896418F00B974FF
:2005C000922B28A81A908F400E74767E328F5201ED2F761F02E556BF0131761F02EA923B5E
:2005D0005204EC26761F02809A009B0156BF1C0E767E3823761F02E59A1C932B761F0280C1
:2005E0005C0E767D97346F1496418F00B974922B28A81B588F400DAC767E327B5201ED084C
:2005F0006F04761F02E52B34761F02E52B31FE820006761F02E50A33543367042B332B34D7
:200600002B310006761F02E51A0000080006761F02E51A0800080006761F02E52B2A000651
:20061000761F01BF4D00EE11761F02EC9328EC0D761F02EA9325ED09761F02E50A2A542A95
:20062000670956BF012D6F05761F02E52B2A2B2D2B2B0006761F02EC9228EC16761F02EA4E
:200630009225ED12761F02E5922D5201ED0D761F02EA923BEC09761F02CF4213EE059A04DD
:200640009B0C767E38230006FE02761F02E5932DED1F761F01BF4D00EE17761F02EA932576
:20065000ED139641761F02E58F00B96528A81B588F400DAC922B767E327B761F02E5520192
:2006600056B1012D6F14761F02E52B256F1096418F00B965922B28A81A908F400E74767E77
:20067000328F5201ED04761F02E52B2DFE820006FE025200ED05761F02E52B2B6F0E88A947
:2006800028A805F528A9E100761F02E5FF5A0200F61F561700A63F2BFE820006761F02E672
:200690002B0E0006761F02E60A0E540E670E761F02E51A0000A2761F02E62B0E761F02E535
:2006A0002B36761F02E62B100006FE02761F02E5410AEE109641933F5D3B8F00B95E9236A7
:2006B000767E327B5201ED14761F02E51A0A00026F0F9641933A5D3E8F00B95E9236767E74
:2006C000328F5201ED05761F02E5180AFFFD761F02E5920A1800FFFD90029800FE8200069E
:2006D000761F02E5963600068F00B99F92CC761F02E6BE0396C428AC00B5290192D4962010
:2006E000761F02E59236761F02E696219220941F94210EA9F60F1FA6960930A9FF46960B89
:2006F0000006B2BDFE028D40B94A44C1EE149641761F02E692108F00B967761F02E5933CAE
:20070000761F02E65D04767E327B5201ED121AC100106F0F761F02E696418F00B967930306
:200710005D069210767E328F5201ED0318C1FFEF761F02E592C1CD00FF7F9010FE82FF824A
:20072000CAA896008BBE0006FE025200ED05761F02E62B106F0E88A928A805F528A9E1003C
:20073000761F02E6FF5A0200F61F561700A63F10FE820006761F02E6960D0006B2BDFE023F
:20074000761F02E559A9400AEE1079419237933F5D3B8F00B95F767E327B5201ED14761FB5
:2007500002E51A0A00016F0F79419237933A5D3E8F00B95F767E328F5201ED05761F02E5F7
:20076000180AFFFE767DD9A05200ED23761F02E54000EE107941923793025D038F00B962B0
:20077000767E327B5201ED1E761F02E51A0000016F197941923793195D168F00B962767E0B
:20078000328F5201ED0F761F02E51800FFFE6F0A761F02E5920A1800FFFE90019800921F38
:200790009622FE828BBE0006761F02E5963700068F00B99C92CC761F02E696C4BE0328ACC5
:2007A00000B5290192D4961D761F02E59237761F02E6961E921D941C941E0EA9761F02E587
:2007B000F60F1FA6963530A9FF4696380006761F02E696120006FE02761F02E54007EE10B6
:2007C0009641931D5D1C8F00B9649212767E327B5201ED14761F02E51A0700016F0F9641E1
:2007D00093175D188F00B9649212767E328F5201ED05761F02E51807FFFE761F02E59207F3
:2007E0001808FFFE90019808FE820006761F02E5961200068F00B99992CC761F02E696C4E5
:2007F000BE0328AC00B5290192D4961A761F02E59212761F02E6961B921A9419941B0EA952
:20080000761F02E5F60F1FA6961330A9FF46961100060EA9761F02E61E140006761F02E536
:20081000961B0006761F02E62B110006761F02E60A1154116710761F02E51A0000491800E7
:20082000FFDF761F02E62B11761F02E52B37761F02E62B080006761F02E51A000079180066
:20083000FFDF000680A9761F02EC92285203EC035204ED4B761F02C59227761F02B3540ECB
:200840006503880E6F08761F02C5922A761F02B39E0E88A9761F02C5932D767E0483FFB09E
:200850005201EC1A767E04A75201EC16761F02E59230ED0B9D0555A667120A2892A7542808
:20086000670F56BF01306F0B55A669090A2892A7542868026F05761F02E52B302B28761F51
:2008700002EA923B5202EC0C5205EC0A761F02E592301800FFDF9001FF8498000006761F9B
:2008800002E51800FFDF0006761F02E52B282B300006761F02E5CC000004FFC12FA99200CF
:20089000FFC0CDA900015CA8CD00000180A893A9CCA80001CAA7CAAAED06761F02E61802F8
:2008A000FFFE6F05761F02E61A020001761F02E59200CAA8FFC0CA00FFC5900188A9CC00D2
:2008B000FFEF27A9560304A6CAAB960093A6ED06761F02E61802FFFD6F05761F02E61A0290
:2008C000000293A9FFD2910127A843A9EE041802FFFB6F031A02000493A9FFD4910145A995
:2008D000EE041802FFEF6F031A02001092A4CAA7CAAACAA6CAABCAA8ED041802FFF76F038B
:2008E0001A020008761F02E5920A930AFFC0FFD1CA0ACBA9920AFFC2CAA8930AFFD3CBA996
:2008F000920AFFC4CAA840A9EE06761F02E61802FFDF0006761F02E61A0200200006761F6B
:2009000002E5283F0AF0283B06A4283A0A8C283E070828020AF02803038428190A8C28162A
:2009100003E8767DD91C761F02E628000800280508009601761F02E5280E1964280F0FA066
:200920002814189C28151068283C1964761F02E628040FA02803189C280610680006B2BDDF
:20093000FE028D40B94A43C1EE149641761F02E692088F00B960761F02E5933C761F02E673
:200940005D04767E327B5201ED121AC100086F0F761F02E696418F00B96093035D06920853
:20095000767E328F5201ED0318C1FFF7761F02E592C1CD00FFBF9008FE82FF82CAA89600C5
:200960008BBE0006FE025200ED05761F02E62B086F0E88A928A805F528A9E100761F02E68D
:20097000FF5A0200F61F561700A63F08FE820006761F02E52B1A0006761F02E50A1A541A42
:20098000670D1A0800492B1A2B122B1B2B1002001808FFDF761F02E61E140006761F02E544
:200990001A0800791808FFDF000680A9761F02EC92285203EC035204ED47761F02C592275F
:2009A000761F02B35404650388046F08761F02C5922A761F02B39E0488A9761F02C5932DD9
:2009B000767E04CBFFB05201EC18767E04EF5201EC149230ED0B9D0555A667100A2692A7ED
:2009C0005426670D56BF01306F0955A669070A2692A7542668026F032B302B26761F02EA14
:2009D000923B5202EC0C5205EC0A761F02E592301808FFDF9001FF8498080006761F02E52F
:2009E0001808FFDF0006761F02E52B262B300006767DD8B45200ED67761F02E5CC0800044C
:2009F000FFC12FA99208FFC0CDA900015CA8CD08000180A893A9CCA80001CAA7CAAAED04F6
:200A00001806FFFE6F031A0600019208CAA8FFC0CA08FFC5900188A9CC08FFEF27A956031A
:200A100004A6CAAB960893A6ED041806FFFD6F031A06000293A9FFD2910127A843A9EE04E5
:200A20001806FFFB6F031A06000493A9FFD4910145A9EE041806FFEF6F031A06001092A4A3
:200A3000CAA7CAAACAA6CAABCAA8ED041806FFF76F031A06000892079307FFC0FFD1CA0738
:200A4000CBA99207FFC2CAA89307FFD3CBA99207FFC4CAA840A9EE041806FFDF00061A06AB
:200A500000200006761F02E51A0600080006761F02E5281D0AF0281C038428170A8C28181B
:200A600003E8280D1964282F0FA0282E189C283210682804196428090FA0280C189C280B53
:200A700010680006B2BDFE028D40B94743C1EE10761F02E596418F00B96393045D0992100D
:200A8000767E327B5201ED121AC100086F0F761F02E596418F00B963930C5D0B9210767E67
:200A9000328F5201ED0318C1FFF7761F02E592C1CD08FFBF9008FE82FF82CAA896088BBE1F
:200AA0000006FE025200ED05761F02E52B106F0E88A928A805F528A9E100761F02E5FF5A36
:200AB0000200F61F561700A63F10FE820006761F02E51800FFF70006761F02E51808FFF705
:200AC0000006761F02E1920400067622761F0180060018A9FDFF1E0006141AA901001E145D
:200AD000761A88CC8F406100D049761F0185CDA68000CC957FFFCBA9D0489709CDA640000D
:200AE000CC09BFFFCBA99709CDA62000CC09DFFFCBA99709CDA61FFCCC09E003CBA9CCA6C9
:200AF00000039709CD09FFFCCAA896099295D04A92C49608CC95FFF85008960A7622761FAF
:200B00000180060218A9FDFF1E0206001AA902001E00761AD04C761F01859295D04D92D415
:200B1000960C9295D04E92DC960D9295D04F92E4960E929592EC960F7622761F018006145B
:200B200018A9FEFF1E1406041AA902001E04761AFF690006761F02E192045201ED03767E91
:200B30000AC500067622761F0180060018A9FEFF1E0006141AA901001E14761A88CC8F407D
:200B40006100D041761F0185CDA68000CC957FFFCBA9D0409701CDA64000CC01BFFFCBA968
:200B50009701CDA62000CC01DFFFCBA99701CDA61FFCCC01E003CBA9CCA600039701CD0116
:200B6000FFFCCAA896019295D04292C49600CC95FFF8500896027622761F0180060218A98D
:200B7000FEFF1E0206001AA901001E00761AD044761F01859295D04592D496049295D04628
:200B800092DC96059295D04792E49606929592EC96077622761F0180061418A9FEFF1E1402
:200B900006041AA901001E04761AFF690006761F02E192045201ED03767E0B320006762237
:200BA000761F0180060018A9FF7F1E0006141AA901001E14761A88CC8F406100D039761FFA
:200BB0000184CDA68000CC957FFFCBA9D0389739CDA64000CC39BFFFCBA99739CDA6200035
:200BC000CC39DFFFCBA99739CDA61FFCCC39E003CBA9CCA600039739CD39FFFCCAA896397D
:200BD0009295D03A92C49638CC95FFF85008963A7622761F0180060218A9FF7F1E02060015
:200BE00050801E00761AD03C761F01849295D03D92D4963C9295D03E92DC963D9295D03F39
:200BF00092E4963E929592EC963F7622761F0180061418A9FEFF1E14060450801E04761ADD
:200C0000FF690006761F02E192045201ED03767E0B9F00067622761F0180060018A9FFEF0E
:200C10001E0006141AA901001E14761A88CC8F406100D021761F0184CDA68000CC957FFFA5
:200C2000CBA9D0209721CDA64000CC21BFFFCBA99721CDA62000CC21DFFFCBA99721CDA611
:200C30001FFCCC21E003CBA9CCA600039721CD21FFFCCAA896219295D02292C49620CC9580
:200C4000FFF8500896227622761F0180060218A9FFEF1E02060050101E00761AD024761F6B
:200C500001849295D02592D496249295D02692DC96259295D02792E49626929592EC9627CB
:200C60007622761F0180061418A9FEFF1E14060450101E04761AFF690006761F02E1920424
:200C70005201ED03767E0C0A00067622761F0180060018A9FFFB1E0006141AA901001E1474
:200C8000761A88CC8F406100D011761F0184CDA68000CC957FFFCBA9D0109711CDA64000C4
:200C9000CC11BFFFCBA99711CDA62000CC11DFFFCBA99711CDA61FFCCC11E003CBA9CCA6EF
:200CA00000039711CD11FFFCCAA896119295D01292C49610CC95FFF8500896127622761F0D
:200CB0000180060218A9FFFB1E02060050041E00761AD014761F01849295D01592D496149E
:200CC0009295D01692DC96159295D01792E49616929592EC96177622761F0180061418A9E3
:200CD000FEFF1E14060450041E04761AFF690006761F02E192045201ED03767E0C7500068B
:200CE00080A97622761F0180060018A9FBFF1E0006141AA901001E14761A88CC8F4061001A
:200CF000D051761F0185CCA68000CD957FFFCAA8D0509611CCA64000CD11BFFFCAA8961136
:200D0000CCA62000CD11DFFFCAA89611CCA61FFCCD11E003CAA8CDA600039611CC11FFFCB7
:200D1000CBA997119295D05292C49610CCA7000FCD95FFF0CAA896127622761F01800602BF
:200D200018A9FBFF1E0206001AA904001E00761AD054761F01859295D05592D4961492959B
:200D3000D05692DC96159295D05792E49616929592EC96177622761F0180061418A9FEFF1C
:200D40001E1406041AA904001E04761AFF6900067622761F0180060018A9FFFD1E000614C7
:200D50001AA901001E14761A88CC8F406100D009761F0184CDA68000CC957FFFCBA9D00868
:200D60009709CDA64000CC09BFFFCBA99709CDA62000CC09DFFFCBA99709CDA61FFCCC09BC
:200D7000E003CBA9CCA600039709CD09FFFCCAA896099295D00A92C49608CC95FFF8500870
:200D8000960A7622761F0180060218A9FFFD1E02060050021E00761AD00C761F01849295FD
:200D9000D00D92D4960C9295D00E92DC960D9295D00F92E4960E929592EC960F7622761FB1
:200DA0000180061418A9FEFF1E14060450021E04761AFF690006761F02E192005201ED03DF
:200DB0009A016F0E3B1092045201ED08FF69767E0D48761F02E156BF010029109A00FF6968
:200DC0000006761F0180060850021E0800067622FF69767E0DC1761AFF69761F02E12B000E
:200DD00000067622761F01811E06761AFF6900061EA67622761F0180060018A9FF961E0040
:200DE000761A8F00610083A492A6761F0184DD0190031AC580001A01400083A41801DFFFB1
:200DF000DD191801E003CD01FFFCCBA9970193C42BC41AC5800083A41A194000DD181819B7
:200E0000DFFF1819E003CD19FFFCCBA9971993C52BC583A4DD291AC5800083A4DD281A2998
:200E100040001829DFFF1829E003CD29FFFCCBA9972993C52BC583A4DD31DC301AC5800032
:200E20001A3140001831DFFF1831E003CD31FFFCCBA9973192C42BC476228F4060408AA524
:200E3000761F0181DC011AC480008F0060001A0160001A011FFF1AC5FFFF1AFD80001A0718
:200E400060001A071FFF761F01801AF5FFFF83A4DD13DC121AC580001A1360001A131FFF94
:200E50001AC4FFFF761A7622060250691E02062850691E28060050691E00761AFF69000695
:200E6000761F0180060C50401E0C00068F406100D034929596D4D0359295D03696DC9295FA
:200E7000D03796E4929596EC00067622FF69767E0E60761A761F02E192045201ED28920335
:200E8000520AEC118A06FF69767E0E668F00B880A8A9C40609360FA6EC04DE06C2066F02B6
:200E9000A8060A0392045201ED1228AC00068F00AC1A30012D02560100A49A01FF6698E499
:200EA0009A012D01761F02B0FF669812FF690006761F0180060C50201E0C00068F406100AD
:200EB000D02C929596D4D02D9295D02E96DC9295D02F96E4929596EC00067622FF69767EBE
:200EC0000EA8761A761F02E192045201ED289203520AEC118A06FF69767E0EAE8F00B880F9
:200ED000A8A9C40609360FA6EC04DE06C2066F02A8060A0392045201ED1228AC00068F00DA
:200EE000AC1A30012D02560100A49A01FF6698E49A012D01761F02B0FF669812FF690006C8
:200EF000761F0180060C50081E0C00068F406100D01C929596D4D01D9295D01E96DC9295EA
:200F0000D01F96E4929596EC00067622FF69767E0EF0761A761F02E192045201ED2892032C
:200F1000520AEC118A06FF69767E0EF68F00B880A8A9C40609360FA6EC04DE06C2066F0295
:200F2000A8060A0392045201ED1228AC00068F00AC1A30012D02560100A49A01FF6698E408
:200F30009A012D01761F02B0FF669812FF690006761F0180060C50011E0C00068F4061003B
:200F400092E596D492ED96DC92F596E492FD96EC00067622FF69767E0F38761A761F02E164
:200F500092045201ED289203520AEC118A06FF69767E0F3E8F00B880A8A9C40609360FA686
:200F6000EC04DE06C2066F02A8060A0392045201ED1228AC00068F00AC1A30012D025601DB
:200F700000A49A01FF6698E49A012D01761F02B0FF669812FF690006761F018006081AA9CD
:200F800002001E080006761F018006081AA901001E080006761F0180060850801E080006EF
:200F9000761F0180060850101E080006761F0180060850041E080006761F018006081AA906
:200FA00004001E08000606C41EC592D496D592DC96DD92E496E592EC96ED0006761F02E132
:200FB00083A49203ED039A006F143B108A08FF69767E0FA38F00B880A8A9C4080B0309363C
:200FC0000FA6EC04DE06C2086F02A80829109A01FF690006762202008F006000D0241901C4
:200FD000761F01801E94D026020019011E94D02002001E940208DC201AC400021A200001B0
:200FE0001820FBFF1A2000041E2A1E2C761F018402001E0A1E121E221E3A761F01851E02A8
:200FF0001E0A761F01841E021E1A1E2A1E32761F018019011E08020019011E0C02001901F7
:201000001E1E020019011E22C4141AA61000C214761A6F02C41892A6FFC3900144A6EFFB7E
:201010007622A31618ABFFF018AAFF0093AB517327A893AA51082FA8A916C414BE80C21413
:20102000761A6F05C41892A6FFC390015200EDFB762202001E00761AFF69000680A82DA957
:20103000767E0FCA0200767E0DD8761F02E18F00B8802B002B032B047F022101A806A80830
:201040000006761F02E156BF01040006761F02E12B040006B2BD2DA858A98F40BA08768079
:20105000BA06A0A927AC0DA083A92FC592AA57965201EC230EA076C0BA127680BA0EFF30AF
:20106000560100A7560100A606C70FC6680D8D40BA0CB2A90DA08EA993C092A8FFCE94A8F6
:20107000FFA094AC6F2B8D40BA0CB2A90DA08EA992AB9EC027A96F190EA076C0BA1276807C
:20108000BA0EFF30560100A7560100A606C70FC6680E8D40BA0CB2A90DA08EA992C093A9E6
:20109000FFDE95A9FFB075AB2BC56F0B8D40BA0CB2A90DA08EA992AB94C027A956BF01C5DE
:2010A00028AC006492AC93AB94AB2DA992A454AC67081BA405DC69059C9C2BC527A993AB7E
:2010B0008AC6A8C7B60092AAC3C654C5ED0408C000056F0788C092A6FFCE94A6FFA096C01D
:2010C00092C052646205521456B414C06F0356BF64C0761F02E855016607761F02E7553766
:2010D000670527376F02270193AB761F02E7922E9CCE54A86807922F9C3254A8562A06AB90
:2010E0006F0227A992AB8BBE0006761F02E792140006761F02E7920B0006761F02E79225A3
:2010F0000006761F02E792250006761F02E792350006761F02E792340006B2BD761F02E71D
:2011000059A99229EC489217ED0E9227932E8F00B9D85DA1767E3269761F02E7520056B03D
:2011100001176F0F932E92278F00B9D85DA108A8FE0C767E32575200EC04761F02E72B1758
:20112000761F02E79215ED0F9227932F8F00B9D95DA1767E32575200EC13761F02E756BF93
:2011300001156F159BC892278F00B9D95DA1952F767E32695200EC04761F02E72B15761FE2
:2011400002E79215CA17ED032B3A6F0356BF013A9217963E8BBE0006761F02E71BA9030CEA
:20115000962767022B270006B2BD761F02E759A9922956C1008B9221ED0E9226932E8F00FF
:20116000B9E45DA1767E3269761F02E7520056B001216F0F9AC8932E8F00B9E45DA19FA93A
:201170009226767E32575200EC04761F02E72B21761F02E79222ED102DA1350A8F00B9E3B7
:201180005DA9932F9226767E3257761F02E7520056B001226F0E932F92268F00B9E35DA139
:201190009D64767E32695200EC04761F02E72B22761F02E79221EC17761F02EA923B5204CA
:2011A000EC12761F02809A009B0156BF0D0E767E3823761F02E79A0D9326761F02805C0E06
:2011B000767D9734761F02E79B009222CA2156B001A892219739761F02E89600761F02E7E4
:2011C000923FED119226761F02E88F00B9DF5DA19301767E32695200EC18761F02E756BFD8
:2011D000013F6F12761F02E893018F00B9DF5DA1761F02E79DCE9226767E32575200EC05A5
:2011E000761F02E72B3F2B1F8BBE0006761F02E71BA9030C962667022B260006761F02E723
:2011F0009211ED0F1B26032067191B2B01F469160A329232521A64132B3256BF01116F11BB
:201200001B2603E866041B2B019067080A32923252FA65052B322B1100062B329211EC179A
:20121000761F02EA923B5204EC12761F02809A009B0156BF0E0E767E3823761F02E79A0E29
:20122000932B761F02805C0E767D97340006761F02E79210ED31761F02EE401CEF06761F02
:2012300002E71B262328690C761F02E71B2A07D069070A319231521A640456BF01102B3156
:20124000761F02EE411CEF06761F02E71B272328690E761F02E71B2807D069090A33923329
:20125000521A64062B3356BF01106F042B339210EC152B336F121B262134670F1B2721342E
:20126000670C1B2A03E867091B2803E867060A319231523265032B102B310006767E10F93C
:2012700052026836920B9C64542B6731761F02E8C40A28AC000A761F02E706A6322AFF32D6
:201280001EA706A6FF3007A7FF1302711EA6A9A90FA6651D0A2D1B2D0258691A2B2D761FE5
:2012900002EA923B5204EC14761F02809A009B0156BF0F0E767E3823761F02E79A0F932A7D
:2012A000761F02805C0E767D973400062B2D0006761F02E79628922F9C9C542769022B281D
:2012B0000006761F02E7962A922F9C9C542669022B2A0006FE065CAD761F02E75DA858A910
:2012C000DC86F6032B840B3056C0011456BF05300264761F02DD2D391E42761F02E712061E
:2012D00000FE390B761F02E81EA61E0A761F02EE921AEC0A3B01761F02EE8521761F02E844
:2012E0000FA65648040A0278761F02E80F0A5648020AC40A06A6FF321EA706A6FF3007A7D8
:2012F0001EA692A0ED1492A5EC0D8F001D4CA8048F0124F8A8A90FA6FFE4009DC202FFEF2F
:20130000009B8F001D4CA804FFEF009592A556C1008A920A761F02E73B019E2A2BAA9E287A
:2013100080A9761F02E8060A761F02E7272AFF40FF12007D0FAB643D27280FAB632492A745
:20132000650B28AC000A3028FF5A560301A780A9A9A981A76F0728AC000A06A6322A03AB00
:20133000190A761F02E88F0124F81E02A8A90F026302A80206A603021E041EA6A8A90FA621
:20134000633B6F4192A7FFA02DA9350A28AC000A322A761F02E8A9A6FF5A565700A6A904F1
:20135000761F02E73228761F02E807AB1E026F2492A7650B28AC000A302AFF5A560301A786
:2013600080A9A9A981A76F0728AC000A06A6322803AB190A761F02E88F0124F81E04A8A901
:201370000F046302A80406A603041E021EA6A8A90FA66302A802060464088F0124F8A8A91A
:201380000F046305A8046F0302001E04060264078F0124F8A8A90F02630E6F0C02001E0201
:201390006F0A8F0124F8A8A98F001D4C565000A61E04A80202641EAC56440004761F02E76B
:2013A0008826C2421EA6FF153D0900FE390B961E0E261E4206A6FF053D0900FE390B961CE9
:2013B0001BA905DC6204923FED076F08923FED04281C05DC6F03281C0708761F02E8564411
:2013C0000002761F02E78827C2421EA6FF153D0900FE390B961A0E271E4206A6FF053D093F
:2013D00000FE390B961B1BA906E06503281B06E0880B020A761F02E81E42060400FE390B05
:2013E000761F02E72BAA272A1E461EA7FF13007D0FAB630492A69CEC6F2306A7FF12007DE3
:2013F0000FAB630492A69CF66F1B06A7FF12004B0FAB630492A69CFB6F1306A709C80FABB5
:20140000630492A69CFE6F0C06A70FAB64041B2B0A8C690492A69CFF6F039A0194A6541E74
:2014100088A96205541C6304881C6F02881E1BA60A8C620592A656B400A66F0376800A8CEE
:201420003B107E0B29108814020AFF69761F02E81E42060200FE390B761F02E72BAA2728C4
:201430001E441EA7FF12007D0FAB630492A69CF66F1B06A7FF12004B0FAB630492A69CFB79
:201440006F1306A709C80FAB630492A69CFE6F0C06A70FAB64041B2C0A8C690492A69CFF32
:201450006F039A0194A6541A88A96205541B6304881B6F02881A1BA60A8C620592A656B4A3
:2014600000A66F0376800A8C3B107E142910FE86FF690006761F02E7963D0006761F02E7EB
:20147000963C0006761F02E7962C0006761F02E7962B0006761F02E796350006767E1DD6C3
:201480000006B2BD59A9CCA9FFFEEC2F761F02E7CC34FFFEED3F761F01A492A12B0B1A0BD9
:2014900000605202ED1B761F02E7922B52C86708BE1E0E26F60F1FA693269FA96F029326B7
:2014A0009738933855376704923796389338922F9C3254A8562A06386F1D761F02BC923F40
:2014B000761F02E7960C6F1676228F00690083A4DD181AC50004761AD00B761F01A4FF69DB
:2014C00028940555DC0F18C4FFFC2809FFFF767E147E761F02E779348BBE0006B2BD520242
:2014D00059A86860761F02E79200EC690B16ED54920A56BF3216ED2693389A00761F02BCA8
:2014E0005C3F767E104A88A9932B533267101B250494630DB61E0E26F60F1FA79326761FAF
:2014F00002E89FA92B0855A6562B04A69AC893A6761F02E794A65426671288269BC875A6DF
:201500006F0D8838930A9D0A55A66303DE8A6F0692A69C0A5674000A88A993A6761F02E872
:2015100055016607761F02E75537670588376F02880193A6761F02E7922E9CCE54A868077D
:20152000922F9C3254A8562A06A66F0288A93B107E3829106F140E2A761F02E85601000E79
:201530006F0E761F02E756BF32160200761F02E856BF0A0C2B082B061E0E1E1292A1520250
:20154000ED52761F02E79200EC5B0B1DED4656BF321D93369A01FF69761F02BC5C3F767E88
:20155000104A88A9932C533267101B130494630DB61E0E27F60F1FA79327761F02E89FA9AA
:201560002B0955A6562B04A69BC892A6761F02E795A6552767059BC892279EA888A9761FAD
:2015700002E854016607761F02E75437670588376F02880192A6761F02E7932E9DCE55A9A1
:201580006807932F9D3255A9562B06A66F0288A83B107E3629106F140E28761F02E85601B8
:2015900000106F0E761F02E756BF321D0200761F02E856BF0A0D2B092B071E101E148BBE10
:2015A000FF690006767E1E3E9A10767E1DB69A64767E1DBA28A90BB8767E1DB200060006D0
:2015B0000006761F02CE9A00CD210020761F02E9FFD4CB3A56B001A90006761F02CF932CD5
:2015C0009A00761F02CEFFD0CB21FFD2761F02E99101CB3256B001A90006761F02CE9321A2
:2015D0009A00761F02CFFFD9CB2CFFD3761F02E99101CB3656B001A90006761F02CE9A0092
:2015E000CD210004761F02E9FFD1CB2F56B001A900069A00761F02E9933A56B001A900065C
:2015F000761F02E9923700069A00761F02E9933256B001A900069A00761F02E9933656B00E
:2016000001A90006761F02E992380006761F02E9922F0006761F02E992330006761F02E9B8
:2016100092170006761F02E992110006761F02E992180006761F02E92B370006761F02EA49
:2016200096050006761F02E92DA8963C973B72AC3507963E52006405761F02DD4010EE0273
:201630009A00761F02E9963D0006761F02EA2DA89600761F02E972AC973F3507761F02EA8A
:2016400096040006761F02EA96020006767DD960761F02E99614767DD968761F02E9961912
:2016500092149C14962892149C289615767DD964761F02E9960A767DD96C761F02E996169D
:20166000767DD970761F02E99CFB54286707767DD970761F02E99CFB9628767DD970761F4B
:2016700002E99CFB54156707767DD970761F02E99CFB9615930A920A9D029C049705960257
:20168000536456B26405526456B26402767DD950761F02E99604767DD958761F02E996038B
:20169000767DD93C761F02EA9601761F02DD2B0A00065DA9761F02E9920CED349235ED1062
:2016A0009304761F02EA8F00BA6C9203767E32575200EC5F761F02E956BF01356F591B03FD
:2016B0000258620393036F0328A803E8761F02EA8F00BA6C9203767E32695200ED0D761F5D
:2016C00002DE922F5202EC085203EC06761F02E91B2401F46841761F02E99232ED3D2B35AF
:2016D0006F37920DED17761F02CF922B8F00BA6C761F02E9FFC79308767E32575200ED0537
:2016E000761F02E99239EC25761F02E956BF010D6F1F761F02CF922B8F00BA6C761F02E905
:2016F000FFC79307767E32695200ED0D761F02DE922F5202EC08761F02E99234ED041B24AB
:2017000001F4680A761F02E99232ED062B0D2B2C761F02E92B24922EEC061B2401F467047C
:201710000A246F022B24923AED0B9235CA0D761F02DDCA0A761F02E956B0013A0006923593
:20172000CA0D761F02DDCA0AED04761F02E92B3A0006761F02EA96030006B2BDAABD761F23
:2017300002E95AA9920C56C000D19210EC0F0B1AED0456BFC81A2B1028A901CC56720014C7
:2017400059A9923156B0010B6F025914761F02EA923B5205EC165202EC14761F02EA923690
:20175000EC10761F02E992009CFC961954036503920396191B1901E06307281901E06F040D
:20176000761F02E979199231ED11761F02EA8F00BA6A93A15DA29203767E32575200EC1CC3
:20177000761F02E956BF01316F1B9319761F02EA8F00BA6A5DA29203767E32695200ED14B2
:20178000761F02DE922F5202EC0F5203EC0D761F02E99234ED09761F02E99231EC09921F51
:20179000EC090B1F6F07761F02E92B2A2B31281F01F4921FCA0BED1693A19DEC1BA801A489
:2017A000670328A801A4761F02EA8F00BA5D5DA29203767E3257761F02E9520056B0010B2E
:2017B0006F2193199DEC1BA801A4670328A801B8761F02EA8F00BA5D5DA29203767E3269AF
:2017C0005200ED0C761F02DE922F5202EC075203EC05761F02E99231ED05761F02E92B1DFE
:2017D0002B0B922FED2D9227ED129314761F02EA8F00BA5B8F400BB89203767E3257761F2B
:2017E00002E9520056B00127FFEF010C9314761F02EA8F00BA5B8F40753092039D08767E15
:2017F00032695200ED0D761F02DE922F5202EC085203EC06761F02E9923456C100F3761F48
:2018000002E92B27FFEF00ED9210EC130B1AED0456BFC81A2B10920A52066403930A6F025E
:201810009B05761F02CF92125202EC049DFE6F02930A761F02EA923B5205EC125202EC102E
:20182000761F02EA9236EC0C761F02E992075416562A0416920A5416562A02166F04761FA4
:2018300002E99716920FED188F00B3EA41D4EF1492CC5DA28F00BA6DFFC7767E325752006E
:20184000ED05761F02E99239EC1E761F02E92B2D56BF010F6F1A761F02CF922B8F00BA6DE2
:201850005DA2761F02E9FFC79316767E32695200ED10761F02DE922F5202EC0B761F02E9AB
:201860009234ED07920FEC09921FEC090B1F6F07761F02E92B2D2B0F281F01F4920EED29CE
:20187000761F02CFCC2C0002FFC0412CEF27761F02E9931FED23920A520563039B006F030E
:20188000930A9DFB761F02CF8F00BA60922B5DA2FFC7767E32575200EC05761F02E9920FA1
:20189000ED05761F02E99239EC2856BF010E6F25761F02CFCC2C0002FFC0761F02E9930AF3
:2018A0005200EC17761F02CF8F00BA60922B5DA2FFC7767E32695200ED0C761F02DE922F32
:2018B0005202EC07761F02E99234ED03920FED05761F02E92B202B0E922FED2F9229ED146B
:2018C0008F00B3EA41D4EF1092CC930A8F400BB88F00BA5BFFC7767E3257761F02E9520082
:2018D00056B001296F1E761F02CF922B8F00BA5B8F407530761F02E9930AFFC79D01767E8B
:2018E00032695200ED0A761F02DE922F5202EC05761F02E99234EC05761F02E92B292B2A29
:2018F0009231CA0FEC09920E56BF0132CA0BEC0556BF01366F032B322B369B009229CA27D6
:2019000056B001A8971186BE8BBE00065DA8761F02E993A99238ED0E761F02EA8F00BA6B22
:201910009203767E3269761F02E9520056B001380006761F02EA8F00BA6B9DEC9203767E35
:2019200032575200EC04761F02E92B3800065DA9761F02E9922EED12761F02EC93048F0005
:20193000BA61761F02EA9D059203767E3269761F02E9520056B0012E0006761F02EC93040E
:201940008F00BA61761F02EA9203767E32575200EC04761F02E92B2E000688A9761F02E978
:201950005DA8922FED0F761F02EA8F00BA6293A69203767E3257761F02E9520056B0012F36
:201960000006761F02EA9B288F00BA62920395A6767E32695200EC04761F02E92B2F0006F1
:20197000B2BD5DA9761F02EA923B5201EC075203ED5D761F02EE9210EC59761F02EA92141C
:20198000ED55767E15DD5200ED51920CED2192302B25ED109328761F02EA8F00BA5C92035E
:20199000767E32575200EC3A761F02E956BF01306F3A9315761F02EA8F00BA5C9203767E7C
:2019A00032695200EC2B761F02E92B306F2792132B1CED138F00B3EA41D4EF0F92CC930591
:2019B0008F00BA65FFC7767E32575200EC17761F02E956BF01136F178D40B3EA93028F0014
:2019C000BA6592C9FFC7767E32695200ED0341D1EE05761F02E92B252B13761F02E99213BE
:2019D000CA30EC0A56BF01336F08761F02E92B302B132B1C2B252B338BBE0006761F02CE85
:2019E000CC210004FFC1761F02E988A9932F9A00CBA6EC05761F02EA9324EC0F761F02CF2E
:2019F000412CEE06761F02E9930C5301EC06761F02CF432C56BC01A9761F02E99618932F90
:201A00009A01CBA6ED18761F02CECD210008761F02E9FFD2CB32ED0F9311ED0D761F02CF0C
:201A1000442CEE09412CEE06761F02E9930C5301EC029A00F001761F02E9961700065DA9C9
:201A2000761F02E99234ED10761F02CF9B638F00BA66922BFFC7767E3269761F02E952006C
:201A300056B001340006761F02CF9B63D5058F00BA66922BFFC7767E32575200EC04761F91
:201A400002E92B3400068F00B3EA5DA941D4EF1F761F02E99239ED0E92CC9B018F00BA63F5
:201A5000FFC7767E3257761F02E9520056B001390006761F02CF9B01D5328F00BA63922BA9
:201A6000FFC7767E32695200EC086F04761F02E92B23761F02E92B390006AABD0EA8761FEE
:201A700002BE3B0107008847274658451EA785A5070283A992069C0143A9EF6106A72B0607
:201A8000FF4280A9960428AAFFFFFF6E02001E00A0A9D500FF4293A9960592AB28ABFED4CD
:201A90009EA8A00285A98F40012C565000A5566100AB2DA9330A16AC5AA928ABFED428AA28
:201AA000FFFF960892A79EA085A9565000A5566100AB2DA9330B16AC9609567400A280A92E
:201AB000960C92075201EC035D0D6F035DA72B072D0F12122D0E33112DA7564100AB12136D
:201AC0002DA507AB331403AB811083A9FF4C27A992A518A91FFF96107F0D801685ABFF693F
:201AD000FF5A85A783A956210015A9A9565000AC566100A527A9960E3F0F6F069606A00244
:201AE000C3008016270E85A61EA685ABFF6EFF5A85A71EA7A9A9565000A6566100A79617D9
:201AF0002DA97C1992A474AC331816AC961A801B88A9560301A69EA75CA9961C2D1E3322F0
:201B00002D1D12212DA403AB33232DA6560100AB12242DA707AB332503AB81201EA7FF4C2B
:201B100093A718A81FFF9720931F971E7E1BBE008F000E6685A9565000A4566100A6961D9D
:201B2000961F86BEFF6900062DA83B0112A9FF4D761F02BF96040006761F02BE921500062E
:201B3000761F02BE920B0006761F02BE920A0006761F02C592160006761F02B79220000696
:201B4000761F02BF92040006761F02C592180006761F02C5920D0006761F02C5920E000684
:201B5000761F02C5921A0006761F02BF92050006761F02BD920A0006761F02BD923500065D
:201B6000761F02BD92250006761F02BD922F0006761F02BD922E0006761F02BD92340006FF
:201B7000761F02BD92080006761F02BD920C0006761F02BD921A0006761F02BD9212000665
:201B8000B2BDAABDA2BD27A48F00AFC02D4E2F4D804C884B5B4A5A493B018F400C808D0045
:201B9000019E96C497CC12AA28AAFFFF3FD428ABF380562F01E492E49EC496EC85EC565019
:201BA00000A5566100AB93A796EC929455A9624192A727EC94A693A79CF855A9620392A6AC
:201BB0009CF885A983A4761F02C509068D000187560100A592AB2DC572AC1206562F07C5FA
:201BC00085A60906560100A42DC48F00AFC0120A2D08330907AB562F07948D00018B859450
:201BD0008D0001871EA685948D00018C565000A6562100948D000187566100AC96949294CA
:201BE0008D00018896948D000187929472EC6F0C1BA90180630685A90906560100A42BC4BC
:201BF000761F02C50A1E761F02EC8F00AFC02D2E8D00019812ECFF4681D41E94C494761F18
:201C000002BD92A3C208EC3D8D0001918D4001927A94761F02EC929C9494FFA08D000193B7
:201C10008D4001952D21FF6E8F40019896948D00019192948D00019296948D00019392942E
:201C20008D0001949ED49694929C9494FFA08D00019696948D00019492948D00019596940E
:201C30008D00019633948D00019716AC9694A8A9560100A585948D000198560100C5C49498
:201C40008D00019A761F02BD8594C20A1EA78D000198FF5CFF698F403E80761F02EC85A937
:201C5000FF5A06A6565000A7566100AB1E9428ABC18028AAFFFF06948D00019CAECC562175
:201C6000001B564400A9FF4681C4565000A5566100AB1E94069482BE86BE8BBE0006B2BD41
:201C7000AABDA2BDFE0427A83B01761F02BD85A9804F5B50594E5A4D071C1EA6921F9C0102
:201C800043A9EF6A06A6BE00FF4228AAFFFF961E93A9FF6E92AB28ABFED4C21C9EA82B1FD7
:201C900085A97680012C565000A6566100AB2DA99620332116AC58A9962392225201EC04E2
:201CA000922496436F032B22784388252D26122B2DA6332A2DA0564100AB122C2D4307AB3F
:201CB000332D03AB8127FF5AFF4C2FA992AB18A91FFF962785AA7824FF5A85A18EA9A9A936
:201CC00003A0FF43960C28A9FDA89EA385A98EA928A9025894A785A91EACA9A9565000AC5F
:201CD000566100A02FA9962592A685A9565000AC566100A0962685A71EA785AA1EA692A326
:201CE000FF5C85A982A906A6565000A7566100A32DA996286F04961FC21C2D2885A5FF695C
:201CF0001E4212A400FE390B3B018F001B582DA228ABE4A828AAFFFF85A9565000A4566111
:201D000000AB8F0003E888A9962E28ABFC18350A94A685A9565000A4566100AB2DA9123453
:201D1000FF479631803388A9560301A69EA75CA996322D36333A2D3512392DA403AB333B46
:201D20008F000FF62DA6560100AB123C2DA707AB333D03AB2DA68138FF5AFF4C28AAFFFF48
:201D300080A992AB18A91FFF28ABF00A96389237963685A7FE84565000A47F37566100AB0E
:201D400080A97E3396353519FF4294A785A9565000A4566100AB85A982BE86BE8BBE000639
:201D5000761F02C5061C0006761F02BD06180006761F02BD06100006AABD2DA51EA63B01CE
:201D6000761F02BD12A48E46FF472D4786A91E0E06A6FF3783A912A40710FF5A3AA9FF3723
:201D7000FF541EA7A9A9565000A5566100A71E10FF4707A21EA73AA9FF548EA906A756509E
:201D800000A6566100A01E1286BE00062DA4761F02BD1EA63B01FF6E3314C54416AC8AA9F5
:201D90001E163315FF69A9A90718FF5A06A7FF5483A9A9A9565000A6566100A5FF5A1E18D0
:201DA00006A6FF471EA6A9A9FF4707A4FF5A06A7FF47FF541EA7A9A9565000A6566100A7CA
:201DB0001E1A0006761F02BE96150006761F02BE960B0006761F02BE960A0006761F02C57C
:201DC000960D0006761F02C5960E0006761F02C5961A0006761F02BD96340006761F02BDCA
:201DD0001E180006761F02BD1E100006761F02BE02002B0C2B0D1E002B06280EFF9C2B0F0F
:201DE0002B102B1C2B1A2B1B2B1D2B1E2B1F2B201E0256BF01070006761F02BE3B01340E9A
:201DF0000003FF41960E960F341D0003FF41961D961E961F0006761F02C52B1E2B122B156F
:201E00002B080006761F02BD56BF01222B1F2B2002002B0C2B242B252B262B272B282B323D
:201E10002B332B312B362B372B352B381E1C2B1E0006761F02E51B350A286708761F02BD28
:201E200028392A1C283A0A196F12761F02BD283A0A28761F02E61B08157C690428A92A3A3A
:201E30006F0328A92A30761F02BD96392B312B322B332B352B362B372B380006761F02BEDA
:201E400028113CF528121CF5281306772814063428212A1C56BF640A28220A1B2823108340
:201E500056BF100B2824023D28250E4556BF051828150A8C2816FF9C0006761F02C556BFC2
:201E6000640656BFC50956BF1D0A280B0280280CFD8056BF300D280E012C56BF180F281A40
:201E700004E32B1E2B122B150006761F02BD56BF0F21282C1E7B9A00282D1E54282A3CF634
:201E80002B0456BFCD0556BF2002282B1CF62829100056BF013056BF1E3428392A1C96271E
:201E9000283A0A19283B2C399626283C04F59625283D2743962496209A00963896359637D2
:201EA00096369631963396322B280006761F02BD56BF121456BF321500060200761F02BD5E
:201EB0001E101E121E1A1E180006761F02EB9332732D542D6604742D9A0100069A0000068C
:201EC0002DA9761F02EB88A892129C645414680792109C9C5414562A06146F0296143B10BD
:201ED00036141EAC8F000928FF321EA7ABA9FF3007A7FF5A0200F61F561700A4A9A9B60A64
:201EE000FF69761F02B30905FF5A0200F61F561700A75CAB0EA63F185DA4761F02EB56654E
:201EF00000A902002DA6F61F561700A502005DA6A9A7F61F561700A592A73F289B0333AB95
:201F00009EAB963292A400FE39D3761F02B39635560301A49B0300FE39D3761F02B396369F
:201F1000761F02B392A4FFC0963792A4761F02B3FFC29CFF9634761F02C554236905922309
:201F2000761F02B396342910FF69761F02EB92280006761F02EB92310006761F02EB922922
:201F30000006761F02EB921100063B10761F02EB4218EF0429109A016F0329109A00FF69C5
:201F40000006000688A9761F01BF9A0080A84B01EF06761F02EC932856B001A95200EC1CA4
:201F5000761F02EA923B5203ED17761F0280920E5209EC1292A754A6620A93A455A6650C78
:201F6000761F02EB92A50A1A541A6709761F02EB9A012B1A0006761F02EB2B1A9A000006D7
:201F7000761F02EB961F00060006761F02EB96300006761F02EB962200063B10761F02EBB3
:201F800096132910FF6900063B10761F02EB96072910FF6900063B10761F02EB960C291038
:201F9000FF6900063B10761F02EB962C2910FF6900063B10761F02EB96082910FF6900067B
:201FA0003B10761F02EB960B2910FF6900063B10761F02EB96042910FF6900063B10761F1E
:201FB00002EB960F2910FF6900063B10761F02EB960D2910FF6900063B10761F02EB96312D
:201FC0002910FF6900063B10761F02EB96292910FF6900063B10761F02EB960E2910FF6915
:201FD00000063B10761F02EB96112910FF690006000688A9761F01BF9A0080A84B01EF0641
:201FE000761F02EC932856B001A95200EC1C761F02EA923B5203ED17761F0280920E5209E0
:201FF000EC1292A754A6620A93A455A6650C761F02EB92A50A1954196709761F02EB9A01BB
:202000002B190006761F02EB2B199A000006761F02EB962000060006761F02EB962F00067F
:20201000761F02EB96250006FE02761F02EB88A89E215D045264631B1BA9FF9C6515522814
:2020200063171BA9FFD86514761F01BF4B01EF10761F02CF93125302EC0B761F02CF93041E
:20203000ED079A006F0528A9FF9C6F029A642DA4761F02EB33152DA6A9A788A7961533A93F
:2020400093AB9FA695A527A83F0258AB761F02EC9228EC7B761F01BF4B01EF773B103B017E
:20205000761F02B3FF69851F761F02B71E42061200FE390B28AC001B8F00089B3B011EA6F1
:20206000FF435622A8AC07A6FF44564400A9FF499B0A00FE395E761F02B3961A2910761FD5
:2020700002CF93125301EC10525062091BA9FFB06319761F02B3281AFFB06F14761F02B386
:2020800056BF501A6F0F52A062091BA9FF60630A761F02B3281AFF606F05761F02B356BF98
:20209000A01A9A78761F02E39E072DA9520A64065264650628AC00646F0328AC000A02649A
:2020A000761F02B3FF691E42121A00FE390B2DA952A062071BACFF60630628ACFF606F033B
:2020B00028AC00A092ACFFA12DA9ED0A921A62065200630628ACFFFF6F0328AC000192A0D7
:2020C000761F02EB94AC9602761F02EA9214ED09761F02EB1B02317E64092802317D6F0C7B
:2020D000761F02EB1B022C306205920256B501026F0328022C303B10920296042910FE82C2
:2020E000FF69000680A9761F02EABE00923B761F02EB541B56B001A6961B761F01BF4B014D
:2020F000EF1A5203ED18761F0280920E5209EC1392A6ED1155A7620A93A455A7650C761F85
:2021000002EB92A50A1D541D6709761F02EB9A012B1D0006761F02EB2B1D9A000006761F29
:2021100002EB96210006FE0288A9761F02EB920A520464243B01850A1E42063C00FE390B29
:20212000B60093A62B0A9FA9C33C530A63061BA8FFF662040B006F020A001B00012C630718
:202130001B00FED462062800FED46F032800012C3B109200960629106F063B010A0A85235A
:202140005601003CFE82FF690006761F02EB96230006761F02EB96240006761F02EB88A9C8
:2021500055146908921494A654A866089FA69714000694A85414562A0914000688A9761F48
:2021600002EB2DA60E2A5CA6372AA9A7FF5A0E2A565D00A4A9AC560500A92DA606A7FF31C3
:202170008AA912AC560301A95DA9A8A90DA507AB8AA906A7FF3007AB1EA7560301A62DA944
:2021800037274118EE08A8A90FAB690B06A70FAB660B0006A8A90FAB690706A70FAB6906E4
:2021900092A67414000692A67214000688A992CC80A855A6690A761F02EB9FA628AB0001E5
:2021A0001A180001972A6F09761F02EB93A62BAB1818FFFE9FA7972A93C4ED2893A6FFD07A
:2021B00055A9671F9318510228AA00015CA8971854A6691093A755A9660A9EA6962A2B2796
:2021C00028AB000192A4500196186F1574A77F276F1254A7670374A66F02BE007E276F0B63
:2021D0001818FFFD96272BAA6F0696271A18000228AA0001761F02CF92125202ED039A0C04
:2021E0006F029A12761F02EB930F5527680F930E552A680C4218EE120A1793175305690E23
:2021F0002B173B101A1800046F08930D2B17552767053B101818FFFB291093ABED0593AAB0
:20220000ED0574146F0893AAED05FF69767E215E6F027214FF690006767DD8E81BA913884C
:20221000EC08761F02EB2811411B2814411B6F07761F02EB28114E2028144E2028103A4D03
:20222000281266CB0006FE025200ED05761F02EB2B266F0E88A928A805F528A9E100761F57
:2022300002EBFF5A0200F61F561700A63F26FE820006761F02EC1EA61E00C546761F02EB41
:2022400006441E36C33407A607A7C5381E3A1EA63B0106A7FF3403A707A6FF441E38000663
:202250005DA9761F02EA923B5203ED3A761F02EA9214ED0D761F02EB8F00BADC28A80640C0
:202260009221767E32575200ED0D0006761F02EB8F00BADC28A803849221767E325752005C
:20227000EC22761F02EB2B1C761F02EA9214ED13761F02809A009B0156BF070E767E38238A
:20228000761F02EB9A079321761F02805C0E767D973400069A009B05767E38230006761FFE
:2022900002EB2B1C0006B2BD761F02EA59A9923B5203ED2A767E29CF5202EC05767E29CFAC
:2022A0005201ED22761F02EB8F00BAD628A80AF05DA19221767E32695200EC19761F02EB38
:2022B0002B169A009B01761F028056BF080E767E3823761F02EB9A089321761F02805C0EAD
:2022C000767D97346F04761F02EB2B168BBE0006767E1F3154146809767E1F319E1452084E
:2022D000690A081400086F11767E1F3193149FA953086609767E1F3196143B101A1800046B
:2022E00029106F039A087414FF690006761F02EB02002B002B061E3C2B0A0006761F02E3AC
:2022F00096230006761F02E396270006761F02E3962F0006B2BDAABDA2BD8BA9824C864A86
:20230000767DDDA55200EC17761F02E3920F52036912B2A9B23A630302001E3AAAA9AA3CC8
:20231000630302001E3C761F02E4A2A9A206630B02006F060200761F02E31E3A1E3C761FD5
:2023200002E41E06761F02E3063C073A761F02E407061E001E08761F02E3C5341EA63B0157
:20233000761F02E406A7FF3403A7070207A61EA69B00901F1E0206A6FF441E04761F02E319
:202340001E321E3482BE86BE8BBE0006767DDDA55200EC16761F02E3920F520369112D0F19
:20235000BE643610FF5A0200F61F561700A6A93EA9A90F3A6303063A1E3E063E6F05020044
:20236000761F02E31E3E761F02E41E0A0006767DDDA55200ED05761F02E32B0D0006761FD8
:2023700002E3922A960D0006761F02E396220006761F02E396280006761F02E3962D00064A
:20238000B2BD59A9767DD8B45201EC05761F02E32B106F04761F02E379108BBE0006B2BD20
:2023900059A9767DD8B45201ED0892A152036905761F02E3790F6F04761F02E32B0F8BBEFC
:2023A0000006761F02E396240006761F02E3962E0006761F02E3962C0006767E29CF520217
:2023B000ED24761F01BF4B01EF20761F02EC9228EC1C761F02E3922F523267059C2854279D
:2023C00068066F132D2F35055427670F0A219221520A680E2B21761F02809A049B0556BF20
:2023D0002D0E767E38230006761F02E32B210006767E29CF5202ED2D761F01BF4B01EF297E
:2023E000761F02EC9228EC25761F02E3922C523267059C28542E68066F1C2D2C3505542E13
:2023F00067180A0C920C520A68172B0C761F02809A009B0156BF2D0E767E3823761F02E322
:202400009A2D932E761F02805C0E767D97340006761F02E32B0C0006767E29CF5202ED24E7
:20241000761F01BF4B01EF20761F02EC9228EC1C761F02E3922D523267059C2854286806E0
:202420006F132D2D35055428670F0A0B920B520A680E2B0B761F02809A049B0556BF2D0E35
:20243000767E38230006761F02E32B0B0006761F02E3920752C8624B529662455278623CB0
:20244000526A63299208ED169211521456B614119214523C56B63C149213523C56B63C133F
:202450009220523C56B63C209202523C56B63C026F020B089211EC020B119214EC020B1474
:202460009213EC020B139220EC020B209202EC350B026F339211EC020B119214EC020B141C
:202470009213EC020B131B201B5867020A20921D526A631D6F209211EC020B119214EC0F92
:202480000B146F0D9211EC070B116F051B111B5867020A111B141B5867020A141B131B588E
:2024900067020A131B201B5867020A201B021B5867020A0256BF0A08761F02EA923B520297
:2024A000EC295205EC27761F02E392115214670A1B14022667071B1302EE67041B20041A02
:2024B000694B761F028056BF0A0E9A009B01761F02E32B112B142B132B20767E3823761F7C
:2024C00002E39A0A9307761F02805C0E767D97346F33761F02E392115214670A1B140226AD
:2024D00067071B1302EE67041B02041A6919761F028056BF0A0E761F02E39A009B012B1108
:2024E0002B142B132B202B02767E3823761F02E39A0A9307761F02805C0E767D9734761F0C
:2024F00002E31B2017706903282017701B021770690328021770761F02E39220523266080B
:202500005205670A761F02B5181AFFFE0006761F02B51A1A00010006761F02E32B2B000615
:20251000761F02E30A2B542B67132B242B2A2B072B062B1B2B002B032B1C0200761F02E499
:202520001E181E201E1A1E1C761F02E32B2B0006761F01BFC446C5444B01EF12761F02E4AF
:20253000FF581E20630302001E2006A7C310630302001E1006A6C20C630902006F060200DB
:20254000761F02E41E201E101E0C0610C53007203B01070C1EA61E181E1E06A7FF3403A729
:20255000072E07A61EA69B00901F1E2E06A6FF441E381E121E300006B2BDFE02761F02EA76
:20256000923B5203ED3B761F02EB9221761F02E30A2572269225520569370E26F60F1F2570
:2025700096261BA901F46703282601F4767DD8E4761F02E388263B0156030AA9C24200FE08
:20258000390B59A9767DD8E4761F02E388262DA112A9C24200FE390B59A91BA90A00620716
:202590001BA1040063068D4004006F038D400A00930E95A1FFB0970E6F05761F02E3280E99
:2025A00004002B262B25FE828BBE0006761F01BF4B01EF15761F02E32D2CBE643624FF5A5A
:2025B000761F02E40200F61F561700A6A91CA9A90F20630306201E1C061C6F050200761F2D
:2025C00002E41E1C1E1A0006B2BDFE02761F01BF4709EE05767DDDB15200EC16761F02EB3F
:2025D000063A65160207761F02E31E420E0F0D2C761F02EB0124FF3000FE390B761F02E365
:2025E000961D52006310761F02E32B1D6F0C0207761F02E31E42920F942C0EA9FF3000FEFE
:2025F000390B961D063A761F02E4BE643B010720761F02E35621000E761F02E4564400A9D7
:2026000087A6C436FF49564400A98AA9C24200FE390B761F02E3960688A9761F02E406289F
:202610001E42A8A900FE390B761F02E35CA99603761F02E406221E42060A071A564400A928
:2026200000FE390B761F02E35DA9961B761F02E40624761F02E31E42063E761F02E4071CC6
:20263000564400A900FE390B761F02E393A5961C567300A6567200A497075407562A020744
:2026400059079600791F761F02EA923B5202EC035205ED07761F02E3921D5407562A020703
:20265000761F02EA923B5203EC3C5205EC035202ED34761F02EA9228ED14767DD8E4761F64
:2026600002E588372DA912A1C24200FE390B761F02E39616767DD8E4761F02E588376F1353
:20267000767DD8E4761F02E588122DA912A1C24200FE390B761F02E39616767DD8E4761F4C
:2026800002E588122DA9761F02E3C242121600FE390B961696176F08761F02E32B176F04FC
:20269000761F02E37917767DD8E05200EC1C761F02E39212ED0E92179B64D5058F00B8CA6F
:2026A000767E3269761F02E3520056B001126F1192179B55D5058F00B8CA767E32575200D3
:2026B000EC086F04761F02E32B0A761F02E32B12FE828BBE00068F006FC04BCCEF18761FFD
:2026C00002EA933B5303EC0FD0094794EE09767DDDB15201ED0C761F02E592106F04761F51
:2026D00002E69208761F02E3962A0006761F02E32B2A0006761F02EA933B5303ED21761F0B
:2026E00002EB1B2101F4671C761F02E3932C53C869170A09540967172B09761F02809A0092
:2026F0009B0156BF090E767E3823761F02E39A09932C761F02805C0E767D97340006761FFD
:2027000002E32B090006BE177700000EFFFFFF69000676228F406F808AA576806FC0DC1C32
:2027100018C4FFFE8AA5DC16DD1A18C4FFFC8AA6DC0A1AC400011AC50001761ADE0C1AC6B2
:2027200000025200ED06761F01BF1A0C00016F05761F01BF1A0A0001FF69767E27038F00D3
:202730006FC083A4DD0A1AC50002767E2703DC0C1AC40002000680A99B80D00792A8CEA7B5
:20274000767E2709FFD00008FFFB000676228F006F8083A4DD1C1AC5000183A4DD16DC1A58
:2027500018C5FFFC18C4FFFE761AFF698F406FC08AA5DC0C1AC40002767E27038AA5DC0A98
:202760001AC40002767E2703D0089A00761F01BFCD9500011A0C0002530056B001A9000600
:20277000AABDB600D20792A7FF8080A9767E274693A795A980A8000AFFF892A786BE0006ED
:2027800076228F406F808AA5DC1C18C4FFFE8AA5DC1618C4FFFCDD1A8F006FC0C4A4DE0AE6
:202790001AC600011AC50001761AFF69767E2703DC0C761F01BF1AC400011A0A0002767E1C
:2027A00027031A0A00010006767E270376228F406F808AA5DC1C18C4FFFE8AA5DC16DD1A38
:2027B00018C4FFFC8F006FC0C4A4DE0A1AC600011AC50001761A761F01BFFF691A0A0001F1
:2027C0001A0A0002767E2703767E2703767E2703DC0C1AC40001767E27031A0C0002000666
:2027D000761F01BF1A0A0001767E27460006B2BDAABDA2BDFE0488A859A993A9CCA8FF8070
:2027E00054A8EC0A9EA19B8095A99743924354A669047E436F022B4392A682A48D806FC2FD
:2027F0009E4393A98AA2FFD69742DC02CDA9FF809EA896411AC400209243EC19934392A101
:202800008AA3767DD9F752009644EC081AC200209A02767DD9ED92446F3E92A1944359A9C8
:202810009243FFC088A9A2A90DA682A99242EC1B9CFF5AA99B8092A18AA3767DD9F75200B1
:202820009642EC0A761F01BF9A021A020020767DD9ED92426F209B8092A1DB4094A859A9DA
:20283000000AFFEA9241EC12934192A18AA3767DD9F759A95200EC0A761F01BF9A021A0276
:202840000020767DD9ED92A16F06761F01BF9A001A020020FE8482BE86BE8BBE0006AABD10
:20285000B60028AB0001D20892A7FF8080A9767E274693A795A980A8000AFFF81BA701FF5F
:20286000EC0892AB28AB0001B60072AB520568EC86BE0006761F02D6960128A9FEFF767EC5
:2028700037F75200ECFB0006B2BDAABDA2BD82A4767E27A427A99AA25AA8767E273B767E69
:2028800027D05201EC1A92ABFFC7767E273B767E27D05201EC12CCAB00FF767E273B767E93
:2028900027D05201EC0A767E27A49AA3767E273B767E27D05201ED039A016F2892A2EC22F4
:2028A0009CFFDA81D10027A9767E277040A188A9EE0893A1FFD058A8560308A696936F0943
:2028B00092A1FFC080A9A2A90DA78AA992A672C492AB54A169049A00767E2709D901000A0C
:2028C000FFE59A01767E27099A00767E278082BE86BE8BBE0006B2BDAABDA2BDFE0A974831
:2028D00096497C472841FFFF9248EC46D1009A01767E286A92A19348944988A99A0294A1F4
:2028E00055A956B702A267039FA15AA85CAD92A693A2DC85767E28745200EC069A02767D43
:2028F000D9ED9A016F4392A2EC249CFFD3005AA940A1EF1392A35CADFFC0DC8558A9929498
:2029000090FF724692489CFE54A1690F92469341767D803E96416F0992A35CADFFC0DC8585
:2029100058A9CC94FF009646D901DB01000AFFE2924854A166BD9A02767E286A9346924704
:2029200054A8ED135CAD5DADDC81DD81767D801F9241FFC788A956030841CAA693A992474A
:2029300054A8ED039A046F029A00FE8A82BE86BE8BBE0006B2BDAABDA2BD82A4767E27A47D
:2029400027A9FFC65AA8907E50A0767E273B767E27D05201EC16CCAB00FF767E273B767E8C
:2029500027D05201EC0E92A2EC139CFFD1005AA9CC9B00FF767E273B767E27D05201ED0595
:20296000767E27809A016F0DD901000AFFF3767E27808F001387767E2703000CFFFE9A004A
:2029700082BE86BE8BBE0006761F02EC922A00069A0000069A0000069A000006761F02EECA
:2029800092020006761F02EC92320006761F02EC92200006761F02EC3B0134250659FF4C53
:202990000006761F02EC922D0006761F02EB92060006761F02EC921F0006761F02EC920C5E
:2029A0000006761F02EC92340006761F02EC920F0006761F02EC92300006761F02EC922C0C
:2029B0000006761F02EC92050006761F02EC92050006761F02EC92150006761F02EC920676
:2029C0000006761F02EC92140006761F02EC921D0006761F02EC921D00069A000006761F1D
:2029D00002EC92260006761F02EC922900063B10761F02EC962C2910FF690006767E1E02AC
:2029E000761F02EC56BF022F0006B2BD59A93B105200EC25761F02EC9226ED508F0068007A
:2029F000D00B83A42B9492A1DD0BD00B1AC50060DC0F1AC400038F00684083A42B94DD0B00
:202A0000DC0F1AC500601AC400035203ED37761F02BC923F761F02EC96056F308F0068005A
:202A1000D00B83A428940555D00CDD0F28940555D00918C5FFFC8F406840C4A52894FFFF65
:202A2000D00ADE0F2894FFFFD00B28950555D00C28950555D00918C6FFFC2895FFFFD00AE9
:202A30002895FFFF7622DC18DD181AC400041AC50004761AFF69767E29DE792629108BBE71
:202A4000FF690006761F02EC02002B132B0C56BF020B1E381E361E34767E1EAD0006B2BDBC
:202A500059A93B105200EC34761F02EC92089619920796229229ED208F006980D00B761FDA
:202A600001A62B94D00BCC94FFEF5020D00C960BCC0BFF7F5040960B2B94D00CCC94FEFF5C
:202A70001AA90200960CDC0FCC0CF7FF1AA90400960C18C4FFFC761F02EC92295202ED2B3C
:202A8000761F02BC923F761F02EC96066F2476228F006980D014761F01A683A4CC94FFFEAC
:202A90005002DD189614CC14FFFB500896141AC50004761AD00BFF6928940555D00C2894F5
:202AA0000555DC0F18C4FFFC2809FFFF280AFFFF767E2A42761F02EC792929108BBEFF692C
:202AB0000006767E1E5D761F02EC922E767E1DBE761F02EC921B767E1DC2761F02EC922740
:202AC000767E1DC6761F02EC56BF022F0006767E1DFB761F02EC56BF022F0006767E1E75EE
:202AD0009A14767E1DCA761F02EC56BF022F0006767E1EA6761F02EC56BF020B0006767E37
:202AE0001E190006B2BD761F02EA2D0335079C6459A9767E018D93A155A9652976228F00D2
:202AF0006980D014761F01A6CC94FFFE50029614DC181A14000C1AC40004761A761F02EE3F
:202B0000920D761F02EC540C562A050C65020A0C920C52366422761F02EE920D9CF2761F32
:202B100002EC93A9920C567400A86F1876228F006980D014761F01A6CC94FFFE500296145B
:202B2000DC18CC14FFFB500896141AC40004761A761F02EC56BF010C9A01761F02EE930DEE
:202B3000761F01A697099FA9970A8BBEFF69000676228F006980761F01A683A4DD14DC18B1
:202B40001AC50003CC14FFFB500896141AC40004761A9B32FF69761F02EE920D00FE395E57
:202B5000523656B436A9930D761F01A69FA99709761F02EE920D761F01A6960A000600002A
:202B6000010C02180324042F053B06460750085A09640A6D0B760C7C0D830E880F8D109040
:202B70001193129413941492158F168B1785187D19741A691B5D1C4E1D3D1E2B1F161FFF50
:202B800020E721CB22AE238E246B2547261F26F527C9289929672A322AFA2BBF2C812D41A0
:202B90002DFD2EB52F6B301D30CC3178322232C533673405349F353635C9365836E4376CE7
:202BA00037F0387138ED396539DA3A4B3AB73B203B843BE53C413C993CEE3D3D3D893DD1F5
:202BB0003E143E533E8E3EC43EF63F243F4E3F733F943FB03FC83FDC3FEB3FF63FFD3FFFC1
:202BC0003FFD3FF63FEB3FDC3FC83FB03F943F733F4E3F243EF63EC43E8E3E533E143DD1E1
:202BD0003D893D3D3CEE3C993C413BE53B843B203AB73A4B39DA396538ED387137F0376C30
:202BE00036E4365835C93536349F3405336732C53222317830CC301D2F6B2EB52DFD2D41CC
:202BF0002C812BBF2AFA2A322967289927C926F5261F2547246B238E22AE21CB20E71FFF80
:202C00001F161E2B1D3D1C4E1B5D1A691974187D1785168B158F149213941294119310903D
:202C10000F8D0E880D830C7C0B760A6D0964085A07500646053B042F03240218010C00002F
:202C2000FEF4FDE8FCDCFBD1FAC5F9BAF8B0F7A6F69CF593F48AF384F27DF178F073EF70B9
:202C3000EE6DED6CEC6CEB6DEA71E975E87BE783E68CE597E4A3E3B2E2C3E1D5E0EAE0018A
:202C4000DF19DE35DD52DC72DB95DAB9D9E1D90BD837D767D699D5CED506D441D37FD2BF19
:202C5000D203D14BD095CFE3CF34CE88CDDECD3BCC99CBFBCB61CACACA37C9A8C91CC894B2
:202C6000C810C78FC713C69BC626C5B5C549C4E0C47CC41BC3BFC367C312C2C3C277C22F84
:202C7000C1ECC1ADC172C13CC10AC0DCC0B2C08DC06CC050C038C024C015C00AC003C00198
:202C8000C003C00AC015C024C038C050C06CC08DC0B2C0DCC10AC13CC172C1ADC1ECC22F58
:202C9000C277C2C3C312C367C3BFC41BC47CC4E0C549C5B5C626C69BC713C78FC810C894E9
:202CA000C91CC9A8CA37CACACB61CBFBCC99CD3BCDDECE88CF34CFE3D095D14BD203D2BF2D
:202CB000D37FD441D506D5CED699D767D837D90BD9E1DAB9DB95DC72DD52DE35DF19E00159
:202CC000E0EAE1D5E2C3E3B2E4A3E597E68CE783E87BE975EA71EB6DEC6CED6CEE6DEF707C
:202CD000F073F178F27DF384F48AF593F69CF7A6F8B0F9BAFAC5FBD1FCDCFDE8FEF4000068
:202CE000010C02180324042F053B06460750085A09640A6D0B760C7C0D830E880F8D1090BF
:202CF0001193129413941492158F168B1785187D19741A691B5D1C4E1D3D1E2B1F161FFFCF
:202D000020E721CB22AE238E246B2547261F26F527C9289929672A322AFA2BBF2C812D411E
:202D10002DFD2EB52F6B301D30CC3178322232C533673405349F353635C9365836E4376C65
:202D200037F0387138ED396539DA3A4B3AB73B203B843BE53C413C993CEE3D3D3D893DD173
:202D30003E143E533E8E3EC43EF63F243F4E3F733F943FB03FC83FDC3FEB3FF63FFD3FFF3F
:202D4000B2BD8D40AD5A767E160A560301A99003CDC1FFFDCAA896C1767E15B1560302A975
:202D50009007CDC1FFFBCAA896C1767E16069001FF82CDC1FFF7CAA896C1767E15BD9001B5
:202D6000761F02CFFF83CDC1FFEFCAA896C1412CEE0D761F02E9920C5201ED08761F02EAD7
:202D7000923BEC041AC900086F05761F02B5181BFFF78BBE0006767E0465761F02C5520157
:202D80009625ED0E9222EC08761F02EA923B5205EC035202ED059A009B03767E3823761FDF
:202D900002C5922596220006767E0453761F02C552019620ED0E922BEC08761F02EA923B3D
:202DA0005205EC035202ED059A009B02767E3823761F02C59220962B00063B10761F02C585
:202DB0008F3E2B5F56BF402D56BF802C56BFC0272826010028280140282A018056BF60291C
:202DC000282E030056BF2F23761F02ECA83A761F02EC8F3E2BC0A83C761F02EE280D0928C4
:202DD0002910FF6900063B10761F02C58F3E2B5F56BF402D56BF802C56BFC02728260100B0
:202DE00028280140282A018056BF6029282E030056BF2F23761F02ECA83A761F02EC8F3E5C
:202DF0002BC0A83C761F02EE280D09282910FF690006761F02C592245201ED57761F02CF53
:202E000092125202ED52761F02EA923B5201ED4D761F02E61B080FA069481B081964674554
:202E10001B08157C6622761F02C50A2F922F520A691A767DD8E81BA91388EC11761F02B1DA
:202E200028A94E2056BF012D767E1FD128A91388767DDABC9A059B01767E3823761F02C551
:202E30002B2F2B242B300006761F02C50A309230520A691A767DD8E81BA91770EC11761FB1
:202E400002B128A9411B56BF012D767E1FD128A91770767DDABC9A059B01767E3823761F6B
:202E500002C52B302B242B2F0006FE02761F02EA923B5205ED2A767E29CF5203ED26761FEC
:202E600002EA0E031E42761F02EB025E1EAC5644003A00FE390BFF5C64071BA903E8650554
:202E700028A903E86F029A00BE053B0185A9C24200FE390B761F02C55421620554216308F0
:202E80000B216F060A216F04761F02C52B21FE820006B2BD767E082B767E098E9A00767E16
:202E900037F759A941A1EF1A767E0812767DFF17767E0794767E02D2767E0962767E0798A7
:202EA0009A03767E073E9A03767E092F9A03767E0832767E0889767E2D9444A1EF22767E84
:202EB0000978767DFF9E767E07E6767E02D6767E0AA1767E07EA767DFFB4767E080E767E1C
:202EC0000419767E08099A03767E07BB9A03767E0A729A03767E0995767E09E8767E2D7BC0
:202ED00045A1EF0F767E0079767E06789A0A767E0644767E060C767E062A9A96767E05B139
:202EE00040A1EFAD9A0A767E0610767E062A9A96767E05F99A05767E0816767E0889767E37
:202EF0002D949A05767E097C767E09E8767E2D7B767E2DF9767E2D40767E2E55761F02CF10
:202F000092035202ED8C761F01A09204761F02CE7239761F01A59204761F02CE723A761FFC
:202F100002CF56BF0303FFEFFF7B761BABBDA8BDA0BDC2BDC3BDFF6929425616761F01A816
:202F20000624BE5B761F02B629011E16761F02B787A60334761F02B1564400A9FF4C962B5A
:202F30001BA937CE68191BA96F9B6616961D761F02B60616761F02B71E30761F02B60616CC
:202F4000761F02B71E34761F02B01A2A0020761F02B01A1200048F006A2083A4761F0033A7
:202F5000DD18DC151AC500031AC4000856BF0821C5BEC4BE83BE8ABE87BE76177602761B0C
:202F60000005ABBDA8BDA0BDC2BDC3BDFF69294256169A00767E332F761F003328210100E2
:202F7000C5BEC4BE83BE8ABE87BE000376177602761B0005ABBDA8BDA0BDC2BDC3BDFF693F
:202F8000294256169A00767E3373761F003328210100C5BEC4BE83BE8ABE87BE00037617B1
:202F90007602761B0005ABBDA8BDA0BDC2BDC3BDFF69294256169A01767E332F761F0033F2
:202FA00028210100C5BEC4BE83BE8ABE87BE000376177602761B0005ABBDA8BDA0BDC2BDAD
:202FB000C3BDFF69294256169A01767E3373761F003328210100C5BEC4BE83BE8ABE87BE28
:202FC000000376177602761B29425616761F01A91A1800031A1500087617761F003356BF6C
:202FD00008217602761B0005ABBDA8BDA0BDC2BDC3BDFF6929425616761F02EA2B109A21CB
:202FE0009B01D421761F028056BF210E761F02B01A1E0002761F02B01A120001767D973432
:202FF0007622761F01A71A1700041A170001761A761F003356BF0221C5BEC4BE83BE8ABE67
:2030000087BE000376177602761B294256167617761F003356BF02217602761B0005ABBDF8
:20301000A8BDA0BDC2BDC3BDFF6929425616761F01804F22EF079222901F5201ED03767E89
:203020000DC7761F01804F22EF079222901F5202ED03767E0F96761F01804F22EF079222CE
:20303000901F5204ED03767E0F90761F01804F22EF079222901F5207ED03767E0F8A761FAD
:2030400001804F22EF149222901F5208ED10761F02CF9212ED0A761F01BF4D00EE04767D39
:203050009E526F03767D9EA7767E0F83761F01804F22EF079222901F5209ED03767E0F7C96
:20306000761F01804F22EF079222901F5206ED03767E0E75761F01804F22EF079222901FD1
:203070005205ED03767E0EBD761F01804F22EF079222901F5203ED03767E0F05761F0180F7
:203080004F22EF069222901FED03767E0F490200761F018019011E0C020019011E08761FF8
:20309000003328210100C5BEC4BE83BE8ABE87BE000376177602761B2942561676256F0056
:2030A000761B2942561676256F00761B2942561676256F00761B2942561676256F00761B29
:2030B0002942561676256F00761B2942561676256F00761B2942561676256F00761B29423F
:2030C000561676256F00761B2942561676256F00761B2942561676256F00761B294256162E
:2030D00076256F00761B2942561676256F00761B2942561676256F00761B294256167625EF
:2030E0006F00761B2942561676256F00761B2942561676256F00761B2942561676256F000B
:2030F000761B2942561676256F00761B2942561676256F00761B2942561676256F00761BD9
:203100002942561676256F00761B2942561676256F00761B2942561676256F00761B2942EE
:20311000561676256F00761B2942561676256F00761B2942561676256F00761B29425616DD
:2031200076256F00761B2942561676256F00761B2942561676256F00761B2942561676259E
:203130006F00761B2942561676256F00761B2942561676256F00761B2942561676256F00BA
:20314000761B2942561676256F00761B2942561676256F00761B2942561676256F00761B88
:203150002942561676256F00761B2942561676256F00761B2942561676256F00761B29429E
:20316000561676256F00761B2942561676256F00761B2942561676256F00761B294256168D
:2031700076256F00761B2942561676256F00761B2942561676256F00761B2942561676254E
:203180006F00761B2942561676256F00761B2942561676256F00761B2942561676256F006A
:20319000761B2942561676256F00761B2942561676256F00761B2942561676256F00761B38
:2031A0002942561676256F00761B2942561676256F00761B2942561676177602761B294253
:2031B000561676256F00761B2942561676256F00761B2942561676256F00761B294256163D
:2031C00076256F00761B2942561676256F00761B2942561676256F00761B294256167625FE
:2031D0006F00761B2942561676256F00761B2942561676256F00761B2942561676256F001A
:2031E00080A888A993A592A754A662049A0096C46F030AC492C455A966049A012BC4000623
:2031F0009A000006FF588AA9ED039A0000069A009B400FA46806A8A92901FF49093F6F0FE6
:20320000FF2F10000FA46806A8A92901FF4B09FF6F06A8A92901FF4DFF1003FF1EA7BE04AE
:203210002901A8AB0200F61F561700A7A9A907A7FF401EA7000EFFF792A7000680A888A956
:2032200093A592A754A664049A0096C46F030AC492C455A966049A012BC400069A00000699
:203230005DA992A82BAC94A580A99A0194A788A992A5ED0A5300ED039A0000069A02DD0173
:2032400094A788A96F045300ED02DE8192A6EC0E9CFFD00088A992A554A0EC05350A94949D
:203250009CD02DA9D801000EFFF892AC000680A888A993A592A754A666049A0096C46F0366
:203260000AC492C455A966049A012BC400069A00000680A888A993A592A754A668049A00C8
:2032700096C46F030AC492C455A966049A012BC400069A00000688A992A5804355A6680622
:2032800054A666049B0097C46F030AC493C492A754A866049A012BC400069A00000688A93D
:2032900092A5804355A6680654A666040AC493C46F039B0097C492A754A866049A012BC4A1
:2032A00000069A00000688A55DA82DA993A6A8AB92A894A588A99A0194A658A992A5ED082E
:2032B0005300EC2E9A02DD0194A658A96F045300ED02D88192A0EC249CFF5CA992A09EA577
:2032C0005201EC149B0A92AC00FE39D89B3095A980A80EA0A9A61901560100A60EAC7FC665
:2032D000BE0AF60F1FA62DA96F080EA0A9A61901560100A656BF2EC6D881000CFFE1000697
:2032E00093A9761F02BC90FFFFD796259726000688A880A98F40AF300EA7FF32560100A573
:2032F00092C55201ED039A016F173B10761F02BC56BF0127A8D57ECD56BF01C58AD5FF69BE
:2033000092C4767E32E092A756BF01249326767E36E329109A00FF690006B2BD80A888A90F
:203310008D40AF300EA6FF32560100A192C15201ED039A016F123B10A8D17FC956BF01C17F
:203320008AD1FF6992A693C4767E36E30201560100D10BC929109A008BBEFF690006B2BD36
:20333000AABD59A98D80AF300EA1FF32560100A292A1767E36BF5200ED3492A1767E371250
:2033400092CAED0A92A1ED04761F02BC2B272BC2767E36F46F26761F02BC9227EC1992A16D
:20335000ED1792245201EC0C8AD292C4767E32E092A156BF01249326767E36E36F12932534
:2033600092A1767E36E3761F02BC2B246F068AD292A193C4767E36E30201560100D20BCA02
:2033700086BE8BBE0006B2BDAABD59A98F00AF340EA1FF32560100A492A186C4767E36CB13
:203380005200ED0B92A1767E371C92A1767E36D79B028AA2767E37BD86BE8BBE000683A4CA
:203390003B100EA98F00AF34FF69FF32560100A48AC4767E37A629109B00FF69520256B15F
:2033A00001A892A800060EA98F00AF30FF32560100A492C40006B2BDAABD59A588A883A44C
:2033B0000EA98D80AF308F00AF28FF32560100A4560100A292A6A8E2767E37A02BC22BCA60
:2033C00079F286BE8BBE0006767DD90C5200EC3F761F02EE9210ED1C761F02E70E2A761F1F
:2033D00002ED560100068F000E10A8AC0200A306F61F561700A4A908564400AB564100062C
:2033E00002005657001E56400020A91E1E20767DDDB15200EC1C761F02E60614761F02ED4F
:2033F0005601000C8F000E10A8AC0200A30CF61F561700A4A90A564400AB5641000C0200E5
:203400005657001656400018A9161E18761F02ED9201EC0E02001E081E065633A91E1E205B
:203410005633A9161E1802001E0A1E0C2B010006767DD90C5200EC48761F02EA923B520397
:20342000EC055202EC035205ED3F761F02B1921EEC1C761F02E40618761F02ED5601001051
:203430008F000E10A8AC0200A310F61F561700A4A90E564400AB564100100200565700123C
:2034400056400014A9121E14767DDDA55200EC1C761F02E40600761F02ED560100048F0017
:203450000E10A8AC0200A304F61F561700A4A902564400AB5641000402005657001A564031
:20346000001CA91A1E1C761F02ED9200EC0E02001E0E1E105633A9121E145633A91A1E1CCB
:2034700002001E021E042B0000065201ED06761F01C1CC1500806F05761F01DDCC15008081
:20348000FFC60006761F01DD9214FFC6FF5E90010006761F01C19214FFC6FF5E90010006D9
:20349000761F01DD9215FFC5FF5E90010006761F01C19215FFC5FF5E90010006761F01DD21
:2034A000CC1700FF0006761F01C1CC1700FF0006520188A8EC0D5200ED14761F01DDCCA631
:2034B0000001CD11FFDFFF84CAA896110006761F01C1CCA60001CD11FFDFFF84CAA896117B
:2034C0000006761F01DD1A14000196190006761F01C11A14000196190006761F01DD1814B5
:2034D000FFFE0006761F01C11814FFFE0006761F01DD1814FFFD0006761F01C11814FFFD33
:2034E0000006761F01DD1A1400020006761F01C11A14000200060006000600060006761FE3
:2034F00001DD520256BF071056BF0311EC075204ED092B1256BF91136F0556BF021256BF4E
:20350000491356BF031456BF23110006761F01C1520256BF071056BF0311EC075204ED0995
:203510002B1256BF91136F0556BF021256BF491356BF031456BF23110006761F02BC923AFD
:20352000000688A9761F02EA5DA89214EC16761F02EA923B5203ED11761F02BC8F00AF3CB8
:2035300028A803E8923F767E32575200EC489A009B05767E38236F43761F02EA923B52050C
:20354000EC0C761F02EA2D03310792AB1BA903E8671A28A903E86F17761F02EA922852014D
:20355000ED05761F02E592126F04761F02E592371BA90320670328A9032028AC00B5290199
:2035600030A9FF4608A9FC18761F02EA54A6562A08A6923B5205EC075203EC05761F02BC0F
:203570002B3C6F0D761F02BC8F00AF3C93A6923F767E32575200EC039A0100069A00000682
:20358000B2BDAABD5AA5761F02BC5DA859A493A9923AED1A923F8F00AF3D767E32695200C5
:20359000ED0C761F02BC8F00AF3B93A15DA2923F767E32695200EC14761F02BC56BF013ACE
:2035A0002B3D2B3B6F0D9AC88F00AF3D9FA9923F767E32575200EC04761F02BC2B3A86BE10
:2035B0008BBE0006761F02BC963F973E00063B108F00AC1AD0082B94D00E2B94D0142B9432
:2035C000D0202B942910FF6900063B108F00AC1AD00956BF0194D00856BF1494D00F56BFE9
:2035D0000394D00E56BF2894D01556BF0794D01456BF2894D02156BF0B94D02056BF6494A9
:2035E0002910FF690006B2BD767DFD60767E2AB1767E2ACE767E15A2767E2AD8767E388A53
:2035F0009B0028A9012C8F3DC404767E38478D40AC1A9B0128A9012C8F3DEBA12BD956BF7D
:2036000028D1767E3847D0099B0228A9012C8F3E2E8956BF0191D00856BF1491767E38479A
:20361000D00F9B0328A9012C8F3DD76156BF0391D00E56BF2891767E3847D0159B0528A9FD
:20362000012C8F3DF51656BF0791D01456BF2891767E3847D02156BF0B918F3DAFB29B0446
:2036300028A9012CD02056BF6491767E3847D01B56BF0D91D01A56BF1091767E38638BBEF9
:2036400000065200EC445201EC2A5202EC0392A86F573B10761F02EE5621000DFF69ABA629
:20365000761F02B328AC119432A80200F61F561700A6933792AB00FE39D8761F02B388A902
:203660009319761F02B395A69D020EA8F60F1F3793A99D012DA812379EA66F2C3B10761FB2
:2036700002EE5621000DFF69ABA6761F02B328AC119432A80200F61F561700A6931892AB5E
:2036800000FE39D893A992189EA86F143B10761F02EE5621000DFF69ABA6761F02B328AC41
:20369000119432A80200F61F561700A692AB94199C01761F02B3931800FE39D82910761F18
:2036A00002C51B34FFFFEC063B1096327C337D316F053B1096347C367D352910FF69000600
:2036B000B2BD767E36419A012DA4FF66FF5E59A992A1767E37F75200ECFC8BBE00065201BF
:2036C000ED04767E348900065200EC039A000006767E348200065201ED04767E34970006A8
:2036D0005200EC039A000006767E349000065201ED04767E34A300065200EC039A00000645
:2036E000767E349E00065201EC075200ED0D92A8767E34C10006761F02B32B257700FF69CA
:2036F00092A8767E34C700065201EC065200ED06767E34CD0006767E34D200065201EC06C1
:203700005200ED06767E34D70006767E34DC00065201EC065200ED06767E34E10006767EC8
:2037100034E600065201EC065200ED06767E34EB0006767E34EC00065201EC065200ED0632
:20372000767E34ED0006767E34EE00065201EC075200ED0892A8767E34EF000692A8767E40
:2037300035060006761F02B0CC12000F58A9EC058F00B36392940006921290F0EC0ACC1249
:2037400000F08F00B363FFC358A992949C040006CC120F00EC0ACC120F008F00B363FFC70A
:2037500058A992949C080006CC12F000EC0992128F00B363FFCB58A992949C0C00069A053E
:2037600000063B10FF69767E373228AC0006761F02B08F00AC1A9610761F02B09611761F94
:2037700002B03010761F02B0560100A4A814003F2910FF6900068F00AC1ABE0502001EC467
:203780002BD42BDC2BE428ECFFFFDC06000EFFF900068F00D000761F02B0A8180006761F13
:2037900002B02B120200761F02B02B11761F02B02B10761F02B01E14761F02B01E16000629
:2037A000A0C4A0D4A0E42BF496FC000692F4ED039A020006C4D492C696C50BF480FCA3E491
:2037B000A9A90DA7C4D419010FA6EC0506A609011ED46F02A9D49A00000680FC88A992A77F
:2037C00054F4EC1383C47EC50AF480FCA3E4A9A90DA7C4C419010FA6EC0506A609011EC431
:2037D0006F02A9C49A0000065301EC115302ED1EA3E48AC4A9A90FA4EC03DC816F060EA75A
:2037E000A9A41901560100A47EC46F1083C47EC580FCA3E4A9A90DA7C4C419010FA6ED03CC
:2037F000A9A66F02DE01C2C4C2D49A010006B2BDAABD59A93B10761F02B08A1693A1FF5FC1
:203800005AA879EC92E4CEA2EC0593A1C1E429106F17761F02B09A012D11761F02B0FF6606
:20381000FF5EC0122910FF69767E37613B10761F02B08A1693A192E4C1E42910CEA286BECE
:203820008BBEFF69000680A888A93B109A062DA68F00AC1A36A92DA7560100A49A01FF66B7
:2038300098E493ECFF5FCFE4EC079B012DA6761F02B0FF6799122910FF6900063B10761F2B
:2038400002B08A1692E42BE42910FF690006B2BD761F02B059A883180EA956010018767E7E
:2038500039359A062DA18F40AC1A761F02B036A9560100A59A01A8C5FF662BD52BDD2BE540
:2038600098128BBE0006767E3732761F02B028AC00068F00AC1A961096113010560100A4F4
:20387000A814A816767E38D50006767E3732761F02B0961092115410EC0D921028AC0006F1
:203880008F00AC1A96113010560100A4A814767E39080006767E3789767E378F767E377BE6
:20389000000628AD0000FF69561F5616561A2940761F00002902761B762228A9000028A891
:2038A000003F0901611B76FF000029046F0F9B0024A9DF016C04290424A8DF011EA6F7A136
:2038B000248606A781A109011EA724A96303FF5C3B0459A9DF010009FFEC761A28A9FFFFAE
:2038C00028A8FFFF0901610E76FFFFFF6F06DF01C3BD1EA73E67C5BE24A9DF0124A8FF589C
:2038D00060F7767E39A1767E39BC761F02B0C41606C696AD000787BEC5BEC4BE83BE8ABEC0
:2038E00082BE86BE000376017602761B76090005AABDA2BDA8BDA0BDC2BDC3BDABBD00044A
:2038F000761F02B0C41692AD1EC6761F02B0C51406C796AD06141E16000787BEC5BEC4BEA5
:2039000083BE8ABE82BE86BE0003760176177602000700076FE629022904565FFF5A06420A
:20391000565F1E420200F61F5617004206AB56322902762029022904565FFF5A0642FF56BF
:203920001E420200F61F56170042563229027620FF5A0200F61F56170042A9A97620FF5AB8
:203930000200F61F5617004276202B852B852B852B852B852B852B852B8528850A0A2B852A
:203940002885010E2B85A8A99685978528850A0A2B852B852B852B852B852B852B852B8532
:203950002B852B852B852B852B852B852B852B852B852B852BC5DD028AA500065CA871A955
:2039600097A63B0185A9FF565DA985A4FF565CA992A5F60F1FA44FA66C02FF5C762096A633
:203970005CA83B0185A9FF565DA985A4FF565CA992A5F60F1FA44FA66C02FF5D92A876205D
:20398000FF5A8EA4C5A492ABEC079CFF88A992859687000EFFFE92AB88A9A9A90FA6EC1087
:2039900093AAEC0EA9A99DFF5CA876BFFFFE92859687000EFFFE92859687000CFFF88AA01C
:2039A000000628ABFFFF28AAFFFF28A9FFFF28A8FFFF0FABED04BE00D4006F098AA928A90A
:2039B000FFFF28A8FFFF88C409028AA992A6767E35E3000677006F00B2BD761F02C559A9A4
:2039C000C53A3E67761F02C5C53E06A7EC0392A13E67761F02C5063CEC031EA73E67767E85
:2039D00039BA8BBE000697A69B00F60F1FA6762097A69B00F60F1FA692A87620761F02C58F
:0E39E000A8380006761F02C5A83A00060006A9
:02000004003FBB
:20000000FFFFAC5900000000FFFFAC5A00000000FFFFAC5B00000000FFFFAC5E00000000CC
:20001000FFFFAC5F00000000FFFFAC6000000001FFFFAC6200000000FFFFAC6300000000A3
:20002000FFFFAC6400000000FFFFAC6D00000000FFFFAC7200000000FFFFAC7E0000000057
:20003000FFFFAC8A00000000FFFFAC9400000000FFFFACA300000000FFFFACA500000000A2
:20004000FFFFACA6000009C4FFFFACA700001388FFFFACA800000000FFFFACA900000000F2
:20005000FFFFACAA00000000FFFFACAB00000000FFFFACAC000012C0FFFFACAD0000000167
:20006000FFFFACAE00000000FFFFACAF00000000FFFFACB000000000FFFFACB1000000001A
:20007000FFFFACB200000000FFFFACB3000000C1FFFFACB400000000FFFFACB50000000039
:20008000FFFFACB600000000FFFFACB700000000FFFFACB800000000FFFFACB900000000DA
:20009000FFFFACBA00000000FFFFACBB00000000FFFFACBC00000000FFFFACBD00000000BA
:2000A000FFFFACBE00000000FFFFACBF00000000FFFFACC000000000FFFFACC1000000009A
:2000B000FFFFACC200000000FFFFACC300000028FFFFACC400000000FFFFACC50000000052
:2000C000FFFFACC600000000FFFFACC700000000FFFFACC800000000FFFFACC9000000005A
:2000D000FFFFACCA00000000FFFFACCB00000028FFFFACCC00000000FFFFACCD0000000012
:2000E000FFFFACCE00000000FFFFACCF00000000FFFFACD000000000FFFFACD1000000001A
:2000F000FFFFACD200000000FFFFACD300000000FFFFACD400000000FFFFACD500000000FA
:20010000FFFFACD600000000FFFFACD700000000FFFFACD800000180FFFFACD90000000058
:20011000FFFFACDA00000000FFFFACDB00000000FFFFACDC00000000FFFFACDD00000000B9
:20012000FFFFACDF00000000FFFFACE000000000FFFFACE100000000FFFFACE20000000095
:20013000FFFFACE300000002FFFFACE400000005FFFFACE500000000FFFFACE6000000026C
:20014000FFFFACE700000000FFFFACE800000000FFFFACE900000000FFFFACEA0000000055
:20015000FFFFACEB00000000FFFFACEC00000000FFFFACED00000000FFFFACEE0000000035
:20016000FFFFACEF00000000FFFFACF000000000FFFFACF100000000FFFFACF20000000015
:20017000FFFFACF300000000FFFFACF40000002FFFFFACF500000080FFFFACF60000010045
:20018000FFFFACF7000000C0FFFFACF800000000FFFFACF900000000FFFFAD0A0000000004
:20019000FFFFAD2300000000FFFFAD2500000000FFFFAD2C00000000FFFEAD3600000000FA
:2001A0000000FFFEAD3E000000000000FFFEAD42000000000000FFFEAD6A00000000000057
:2001B000FFFEAD6E000000000000FFFEAD70000000000000FFFEADD0000000000000FFFE86
:2001C000ADD2000000000000FFFEADE6000000000000FFFEADEC000000000000FFFEADEEE2
:2001D000000000000000FFFEADF6000000000000FFFEADFC000000000000FFFFB7400000D4
:2001E00004B0FFFFB74100000000FFFFB74200000000FFFFB74300000000FFFFB74400006D
:2001F0000000FFFFB74500000000FFFFB746000004B0FFFFB74700000000FFFFB74800004D
:200200000000FFFFB74900000000FFFFB74A00000000FFFFB74E00000000FFFFB74F0000DA
:200210000000FFFFB75000000000FFFFB75100000000FFFFB767000005A0FFFFB7680000E5
:20022000050AFFFFB76900000258FFFFB76A000002BCFFFFB76B000002BCFFFFB76C00005B
:200230000352FFFFB76D00000000FFFFB76E00000000FFFFB76F00000000FFFFB7700000CB
:200240000064FFFFB771000008FCFFFFB77200000065FFFFB7730000028AFFFFB7780000A3
:200250000226FFFFB77900000064FFFFB77A000002BCFFFFB77B000002EEFFFFB77C000096
:200260000258FFFFB77D00000226FFFFB77E00000000FFFFB77F00000000FFFFB78000002E
:200270000000FFFFB78100000000FFFFB78200000000FFFFB78300000BB8FFFFB7840000CD
:200280000BB8FFFFB78500000000FFFFB78600000000FFFFB78700000000FFFFB7880000AD
:200290000000FFFFB78900000000FFFFB78A00000000FFFFB78B00000000FFFFB78C000050
:2002A0000000FFFFB78D000001F4FFFFB78E000001F4FFFFB78F00000190FFFFB7900000B5
:2002B0000032FFFFB791000001F4FFFFB79200000000FFFFB79300000000FFFFB7940000E9
:2002C0000000FFFFB79500000000FFFFB79600000000FFFFB79700000000FFFFB7990000EF
:2002D00001F4FFFFB79A00000000FFFFB79B00000000FFFFB79C00000000FFFFB79D0000D7
:2002E0000000FFFFB79E00000000FFFFB79F00000000FFFFB7A000000000FFFFB7A10000AC
:2002F0000000FFFFB7A200000000FFFFB7A300000000FFFFB7A400000000FFFFB7A500008C
:200300000000FFFFB7A600000000FFFFB7A700000000FFFFB7A800000000FFFFB7A900006B
:200310000000FFFFB7AB00000000FFFFB7AC00000000FFFFB7AD00000000FFFFB7AE000047
:200320000000FFFFB7AF00000000FFFFB7B000000000FFFFB7B100000000FFFFB7B7000022
:200330000000FFFFB7B800000000FFFFB7B900000000FFFFB7BA00000000FFFFB7BB0000F3
:200340000000FFFEB7BC000000000000FFFEB7BE000000000000FFFEB7C200000000000045
:20035000FFFEB7C4000000000000FFFEB7C6000000000000FFFEB7C8000000000000FFFE22
:20036000B7CA000000000000FFFEB7D2000000000000FFFEB7D4000000000000FFFEB7D664
:20037000000000000000FFFEB7D8000000000000FFFEB7DA000000000000FFFEB7DC0000C3
:2003800075300000FFFFB7E000000000FFFFB7EF00000000FFFFB80000000000FFFFB80F04
:2003900000000000FFFFB81E00000000FFFFBA400000021CFFFFBA410000021CFFFFBA4252
:2003A00000000004FFFFBA430000021CFFFFBA44000001CCFFFFBA4500000002FFFFBA465A
:2003B00000000000FFFFBA470000001EFFFFBA480000000AFFFFBA4900000000FFFFBA4A03
:2003C00000000000FFFFBA4B00000000FFFFBA4C00000000FFFFBA4D00000000FFFFBA4E0B
:2003D00000000000FFFFBA4F00000000FFFFBA5000000001FFFFBA5100000000FFFFBA52EA
:2003E00000000000FFFFBA5300000000FFFFBA54000001A4FFFFBA55000001CCFFFFBA5659
:2003F0000000000AFFFFBA5700000000FFFFBA5800000000FFFFBA59000001CCFFFFBA5AD4
:20040000000000C8FFFFBA5B00000000FFFFBA5C00000000FFFFBA5D00000000FFFFBA5FC1
:2004100000000000FFFFBA6000000000FFFFBA6100000000FFFFBA6200000000FFFFBA6366
:2004200000000000FFFFBA6400000000FFFFBA6500000000FFFFBA6600000000FFFFBA6746
:2004300000000000FFFFBA68000001B8FFFFBA6900000000FFFFBA6A00000000FFFFBA6B6D
:2004400000000000FFFFBA6C00000000FFFFBA6D00000000FFFFBA6E00000000FFFFBA6F06
:2004500000000000FFFFBA7000000000FFFFBA7100000000FFFFBA7200000000FFFFBA73E6
:2004600000000000FFFFBA7400000000FFFFBA7500000000FFFFBA7600000000FFFFBA77C6
:2004700000000000FFFFBA7800000000FFFFBA7900000000FFFFBA7A00000000FFFFBA81A0
:2004800000000800FFFFBA8600000000FFFFBA8700000000FFFFBA8800000000FFFFBA8956
:2004900000000002FFFFBA8A00000000FFFFBA8B00000001FFFFBA8C00000000FFFFBA8D3B
:2004A00000000001FFFFBA8E00000000FFFFBA8F00000000FFFFBA9000000000FFFFBA911D
:2004B00000001388FFFFBA9200000000FFFFBA9300000000FFFFBA9400000000FFFFBA9563
:2004C00000000001FFFFBA9600000000FFFFBA9700000000FFFFBA9800000000FFFFBA99DD
:2004D00000000000FFFFBA9A00000000FFFFBA9B00000000FFFFBA9C00000000FFFFBA9DBE
:2004E00000000000FFFFBA9E00000000FFFFBA9F00000000FFFFBAA000000000FFFFBAA19E
:2004F00000000000FFFFBAA200000000FFFFBAA300000000FFFFBAA400000000FFFFBAA57E
:2005000000000000FFFFBAA600000000FFFFBAA700000000FFFFBAA800000000FFFFBAA95D
:2005100000000000FFFFBAAA00000000FFFFBAAB00000000FFFFBAAC00000000FFFFBAAD3D
:2005200000000000FFFFBAAE00000000FFFFBAAF00000000FFFFBAB000000000FFFFBAB11D
:2005300000000000FFFFBAB200000000FFFFBAB300000000FFFFBAB400000000FFFFBAB5FD
:2005400000000000FFFFBAB600000000FFFFBAB700000000FFFFBAB800000001FFFFBAB9DC
:2005500000000000FFFFBABB00000000FFFFBABC00000001FFFFB9C000000001FFFFB9C1B3
:2005600000000000FFFFB9C600001D4CFFFFB9C700000080FFFFB9C900000040FFFFB9CA56
:2005700000000000FFFFB9CB00000000FFFFB9CC00000E10FFFFB9CD00000005FFFFB9CF39
:2005800000000010FFFFB9D000000000FFFFB9D100000000FFFFB9D200000E10FFFFB9D40A
:2005900000000000FFFFB9D500000001FFFFB9D600000032FFFFB9D700000000FFFFB9D8E2
:2005A00000000000FFFFB9D900000000FFFFB9DD00000032FFFFB9DF00000000FFFFB9E0B8
:2005B000000003CAFFFFB9E100000000FFFFB9E200000001FFFFB9E300000000FFFFB9E4F7
:2005C00000000000FFFFB9E900000001FFFFB9ED00000000FFFFB9EE00001388FFFFB9EFF0
:2005D00000000352FFFFB9F000000005FFFFB9F100000000FFFFB9F200000000FFFFB9F30F
:2005E00000000000FFFFB9F400000000FFFFB9F500000000FFFFB9F700000384FFFFB9F9BF
:2005F00000000001FFFFB9FA00000001FFFFB9FE00000000FFFFB9FF00000000FFFFBA0015
:2006000000000000FFFFBA01000010CCFFFFBA0600000000FFFFBA0800000000FFFEBA0A06
:20061000000003E80000FFFEBA0C0000000A000AFFFEBA0E000000000000FFFEBA1200007A
:2006200000000000FFFFA00100000000FFFFA00300000000FFFFA00400000000FFFFA00535
:2006300000000001FFFFA00600000000FFFFA00800000000FFFFA00900000000FFFFA00A10
:2006400000000058FFFFA00B00000000FFFFA00C00000000FFFFA00D00000057FFFFA00E41
:2006500000000000FFFFA00F00000000FFFFA01100000000FFFFA01200000028FFFFA013A5
:2006600000000061FFFFA01400000000FFFFA0160000019AFFFFA01700000014FFFFA01899
:2006700000000000FFFFA01900000000FFFFA01A00000000FFFFA01B00000028FFFFA01C60
:2006800000000000FFFFA01D00000000FFFFA01E00000000FFFFA01F00000000FFFFA02068
:2006900000000000FFFFA02100000000FFFFA02200000000FFFFA02300000000FFFFA02448
:2006A00000000001FFFFA025000008FCFFFFA02600000000FFFFA02700000000FFFFA02823
:2006B000000028A7FFFFA02900000000FFFCA02C00000000000000000000FFF2A03000000C
:2006C00000000000000000000258025801A404B0089800000000000000000000FFF0A04E90
:2006D00000000000102120423063408450A560C670E781089129A14AB16BC18CD1ADE1CEEA
:2006E000F1EFFFFFB94100000000FFFFB94400001450FFFFB94500000000FFFFB9490000C7
:2006F000128EFFFFB94B000012F2FFFFB94C000013ECFFFFB95700000A8CFFFFB95800008F
:2007000003E8FFFFB95C00000384FFFFB95D00000AF0FFFFB95E00000000FFFFB95F00001B
:200710000000FFFFB96000000000FFFFB96100000000FFFFB96200000000FFFFB963000067
:200720000000FFFFB96400000000FFFFB96500000000FFFFB96600000000FFFFB967000047
:200730000000FFFFB96800000000FFFFB96900000000FFFFB96A00000000FFFFB96C000026
:200740000001FFFFB96D00000001FFFFB97000000000FFFFB97100000000FFFFB9730000FA
:200750000000FFFFB97400000000FFFFB97A00000546FFFFB97B00000384FFFFB97C0000F6
:200760001450FFFFB97E000003B6FFFFB97F00000578FFFFB98000000800FFFFB9810000FD
:200770000800FFFFB983000013ECFFFFB9840000128EFFFFB98500000800FFFFB9860000CC
:2007800012F2FFFEB994000000000000FFFFB99600000000FFFFB99900000000FFFFB99C1B
:2007900000000000FFFFB99F00000000FFFFB38000000000FFFFB38500000000FFFFB38655
:2007A00000000000FFFFB38700000000FFFFB38900000000FFFFB38B00000000FFFFB38C4E
:2007B00000000000FFFFB3A900000000FFFFB3AA00000000FFFFB3AE00000000FFFFB3B0B4
:2007C00000000000FFFFB3B100000000FFFFB3B200000000FFFFB3B800000000FFFFB3B981
:2007D00000000000FFFFB3BA00000000FFFFB3BB00000000FFFFB3BC00000000FFFFB3BD57
:2007E0000000000CFFFFB3BE00000000FFFFB3C000000001FFFFB3C100000000FFFFB3C227
:2007F00000000000FFFFB3C300000000FFFFB3C400000000FFFFB3C700000000FFFFB3C80F
:2008000000000000FFFFB3C900000000FFFFB3CA00000000FFFFB3CB00000000FFFFB3CCEA
:2008100000000000FFFFB3CD00000000FFFFB3CE00000000FFFFB3CF00000002FFFFB3D1C7
:2008200000000000FFFFB3D200000000FFFFB3D300000000FFFFB3DE00000000FFFFB3DF92
:2008300000000000FFFFB40600000000FFFFB41200000000FFFFB41E00000000FFFFB4802A
:2008400000000000FFFFB8C200000000FFFFB8C800000000FFFFB8C900000000FFFFB8CAA3
:2008500000000000FFFFB8CB00000000FFFFB8CC00000000FFFFB8CE00000400FFFFB8D176
:2008600000000000FFFFB8D200000000FFFFB8D300000000FFFFB8D400000000FFFFB8E047
:2008700000000000FFFFB8E100000000FFFFB8E500000000FFFFB8E600000000FFFEB8F2F3
:20088000000000000000FFFEB8F4000000000000FFFEB8F6000000000000FFFEB8F8000057
:2008900000000000FFFEB902000000000000FFFEB904000000000000FFFEB912000000000E
:2008A0000000FFFEB914000000000000FFFEB922000017700000FFFEB924000017700000AE
:2008B000FFFEB926000000000000FFFEB928000017700000FFFEB92A000017700000FFFE83
:2008C000B92C000000000000FFFEB92E000000000000FFFEB930000000000000FFFEB93281
:2008D000000000000000FFFEB934000000000000FFFEB936000017700000FFFEB9380000BD
:2008E00000000000FFFEB93A000000000000FFFFBB040000021CFFFFBB0500000ED8FFFF8B
:2008F000BB0600000ED8FFFFBB0700000005FFFFBB0800000104FFFFBB0900000005FFFFF1
:20090000BB0A00000104FFFFBB0B00000002FFFFBB0C00000000FFFFBB0D00000000FFFFBE
:20091000BB0E00000000FFFFBB0F00000000FFFFBB1000000000FFFFBB1100000032FFFF73
:20092000BB1200000012FFFFBB1300000000FFFFBB1400000000FFFFBB1500000000FFFF73
:20093000BB1700000000FFFFBB18000005C5FFFFBB1900000104FFFFBB1A00000004FFFF8E
:20094000BB1B0000012CFFFFBB1C000004B0FFFFBB1D00000000FFFFBB1E00000032FFFF2E
:20095000BB2100000018FFFFBB2200000005FFFFBB2500000000FFFFBB2600000000FFFFF8
:20096000BB2700000780FFFFBB2800000000FFFFBB2900000000FFFFBB2C0000056BFFFFF8
:20097000BB2E00000030FFFFBB3200000000FFFEBB34000000000000FFFEBB360000000089
:200980000000FFFEBB38000000000000FFFFBB8000000000FFFFBB8100000000FFFFBB82B9
:2009900000000000FFFFBB8300000000FFFFBB8400000000FFFFBB8500000000FFFFBB8750
:2009A00000000000FFFFBB8800000000FFFFBB8900000000FFFFBB8D00000928FFFFBB8EF6
:2009B00000000000FFFFBB8F00000000FFFFBB9000000001FFFFBB9200000000FFFFBB93FE
:2009C00000000000FFFFBB9400000000FFFFBB9500000000FFFFBB9600000000FFFFBB97DD
:2009D00000000000FFFFBB9800000000FFFFBB99000001E0FFFFBB9A00000000FFFFBB9BDC
:2009E0000000003CFFFFBB9D00000001FFFFBB9F000006A4FFFFBBA000000000FFFFBBA1AF
:2009F000000007D0FFFFBBA200000000FFFFBBA300000BB8FFFFBBA400000000FFFFBBA5DB
:200A000000000000FFFEBBA6000000000000FFFEBBA8000000000000FFFEBBAA00000000B6
:200A10000000FFFEBBAC000000000000FFFEBBB0000000000000FFFEBBB200000000000090
:200A2000FFFEBBB4000000000000FFFFBAC000000000FFFFBAC100000000FFFFBAC30000DE
:200A30000000FFFFBAC600000000FFFFBACA00000000FFFFBACB000028A7FFFFBACC0000D0
:200A40000019FFFFBACD000000FAFFFFBACE00000019FFFFBACF0000004BFFFFBAD3000002
:200A500028A7FFFFBAD500000000FFFFBAD600000000FFFFBAD700000000FFFFBAD900007C
:200A60000000FFFFBADA00000000FFFFBADB00000000FFFFBADC00000000FFFFBADD000028
:200A70000000FFFFBADE00000000FFFFBAE800000928FFFFBAE900000011FFFFBAEC0000A9
:200A800028A7FFFFBAEE00000078FFFFBAF100000008FFFEBAFC000000000000FFFEBAFE50
:200A9000000000000000FFFEBB02000000000000FFFFBB4000000000FFFFBB410000000099
:200AA000FFFEBB42000000000000FFFEBB44000000000000FFFEBB46000000000000FFFE45
:200AB000BB48000000000000FFFEBB4A000000000000FFFEBB4C000000000000FFFEBB4E17
:200AC000000000000000FFFEBB50000000000000FFFCBB5200000000000000000000FFFC0B
:200AD000BB5600000000000000000000FFFCBB5A00000000000000000000FFFCBB5E0000D1
:200AE0000000000000000000FFFFBB6200000000FFFFBB6900000000FFF9BB700000001680
:200AF000000100010006000000000000FFF9BB770000001600010001000600000000000096
:200B0000FFFFB16000000000FFFFB16100000000FFFFB16200000000FFFFB1630000002F64
:200B1000FFFFB16400000001FFFFB16500000000FFFFB16600000100FFFFB167000000C0B1
:200B2000FFFFB16800000140FFFFB16900000060FFFFB16A00000180FFFFB16B0000000031
:200B3000FFFFB16C00000080FFFFB16D00000040FFFFB16E00000300FFFFB16F0000000070
:200B4000FFFFB17000000000FFFFB18000000000FFFFB18100000000FFFFB18200000000E6
:200B5000FFFFB18300000000FFFFB18400000000FFFFB18500000000FFFFB18600000000B7
:200B6000FFFFB18700000000FFFFB18800000001FFFFB18900000000FFFFB18A0000000096
:200B7000FFFFB18D00000000FFFFB18E00000000FFFFB19300000000FFFFB1980000000063
:200B8000FFFFB17100000000FFFFB1720000FFFFFFFFB173000000FFFFFFB1740000FFFFD4
:200B9000FFFFB17500000000FFFFB176000000FFFFFFAF4100000000FFFFAF420000000020
:200BA000FFFFAF4400000000FFFFAF45000000CDFFFFAF4600000000FFF0B363000000FF8E
:200BB000000000010000000200000001000000030000000100000002000000010000FFFF1C
:200BC000AF2400000000FFFFAF2500000000FFFFAF2600000000FFFFAF2700000000FFFFCB
:200BD000B58000000000FFFFB58100000000FFFFB58200000000FFFEB178000039E6003EE4
:200BE000FFFEB17A000039E6003EFFFEB17C000000000000FFFEB17E00000000000000001A
:020BF000000003
:20100000761B0005ABBDA8BDA0BDC2BDC3BDFF692942561676409211761F02D69201520126
:20101000EC0A5202ED17761F02B30A029202522863066F13761F02B30A02650F761F02D6EC
:201020002B01761F02B01A3C0100761F02B01A120020761F02B32B02761F02EC9228ED179B
:20103000761F02B1921A5202EC0D5200ED06761F01BF1A0D00806F2E761F01BF1A0B008087
:201040006F29761F01BF1A0300206F20761F02B1921AED118F406FC0D0094795EF1B8AA5F9
:20105000761F02B3DC0D1AC400801ADD002056BF14036F108F406FC0D0094795EE0B8AA552
:20106000DC0B1AC400801ADD0020761F02B356BF28038F006FC045CCEF08761F02B30B036C
:2010700062042B031AEC0020761F02B3921DED0E761F02EC9228EC05761F02EA9225EC065A
:20108000761F01BF1A0500086F05761F01BF1A030008761F02EC9228ED1C761F02B39220A4
:201090005202EC12761F02B19219761F02B3CA20ED06761F01BF1A0D00406F2A761F01BF2A
:2010A0001A0B00406F25761F01BF1A0300106F1C761F02B39220ED0E8F406FC0D009469581
:2010B000EF17DC0D1AC400401ADD001056BF140B6F0F8F406FC0D0094695EE0ADC0B1AC4EB
:2010C00000401ADD0010761F02B356BF280B8F006FC044CCEF08761F02B30B0B62042B0B76
:2010D0001AEC0010761F02B3921BED12761F02EC9228EC05761F02EA9225EC0A761F02B150
:2010E0009219ED06761F01BF1A0D02006F05761F01BF1A0B0200761F02B1921EED06761F64
:2010F00001BF1A0508006F05761F01BF1A030800761F01A51A1C0001761F003356BF042197
:20110000C5BEC4BE83BE8ABE87BE000376177602761B0005ABBDA8BDA0BDC2BDC3BDFE0433
:20111000FF6929425616761F01C4281AFFFF761F02CF92125202ED13761F02EC9228EC0F50
:20112000761F02B392245417620A9237942454176506761F01BF1A0440006F05761F01BF05
:201130001A024000761F02C5922A767E1EB5761F02EE930D761F01A095A99705761F01A1F8
:201140009705761F01A49705761F01A69705761F01BF4709EF05761F02EA9228EC17767D7B
:20115000DDB15200EC0A761F02EA92285201ED05761F02B1921B6F0D761F02B43429089B6D
:20116000761F02B3562F053B6F07761F02B19222761F02B3963B3B01761F02B48512761F20
:2011700002B55601002C761F02B20A1E761F02B45621002B851C761F02B5564400A9560140
:20118000003E761F02B10A16761F02B42D291229761F02B556010008761F02B40A16850230
:20119000761F02B75601000C761F02B42D021202761F02B756010008761F02B20A0C761F5F
:2011A00002B42D051205761F02B556010012761F02B40A1D761F02B32D3F123F761F02B5B6
:2011B00056010004761F02B20A09761F02B42D05761F02B3123B761F02B756010028761FF2
:2011C00002B20A13761F02B11B100BB8630C761F02B42D2A1229761F02B656010020761F63
:2011D00002B10A10761F02B42D29761F02EC1223761F02B756010010761F02B30A1C767DC1
:2011E000D8B45200ED313B01761F02B4851156210011761F02B5564400A95601003C761F97
:2011F00002B10A33761F02B4851356210013761F02B5564400A956010038761F02B10A3BD7
:20120000761F02B49213761F02B1FF5C5621001B85A9761F02B5564400A956010028761FD8
:2012100002B10A396F3E0200761F02B51E3C761F02B13B012B33761F02B51E38761F02B1A7
:201220002B3B761F02B51E28761F02B12B39761F02B48511761F02B556010024761F02B417
:20123000851156210011564400A956010032761F02B10A3A761F02B42D13121356010038E9
:20124000761F02B20A1C761F02B42D13761F02B3123B761F02B456010030761F02B20A1ABE
:20125000761F02B29227761F02B4540E630D761F02B30A389238520256B20238761F02B22A
:2012600056B2013B6F07761F02B32B38761F02B22B3B761F02EA923B5203ED44761F02B23B
:201270009226761F02B4540E653D761F02B2923AED42761F02B30A2F761F02C59229761FE4
:2012800002B3542F6738282F9600761F02B256BF013A761F02EA9214ED04761F02B20A2B5B
:20129000767E15DD5200ED15761F02E79239EC05761F02E7923AED0D761F02B2922B761FEB
:2012A00002B3520356B30214761F02B256B3022B761F02B01A1E0020761F02B01A12000173
:2012B0006F0A761F02B3922FED05761F02B22B3A6F020B2F761F02B1922276409021761F57
:2012C00002E692029003ED20761F02B19220ED08761F02E54300EF181800FFF76F15767DB8
:2012D000D9A05200ED048F000EF26F038F00338FA842761F02B78F01252FD5780620A84475
:2012E000D41E76409085767DD8B45200ED18761F02B1921B76409053761F02E59206900326
:2012F000ED0E8F000EF2761F02B7D578A84206148F01252FA844D41E764090BA761F01C499
:201300009218EDFD761F02B29223761F002C9405761F02B408A9F800960B761F002C9203F6
:20131000761F02B49E2508A9F8009628761F002C9204761F02B19E3E761F02B408A9F800D9
:201320009600761F01A11A1C000C761F02B4930B950DFFB0FF5D9712761F02EA923BEC2401
:201330001BA8074463091BA8F8BD631E761F02B356BF01296F1C761F02B30A29922952C0CC
:2013400065162B29761F028056BF0C0E9A0CD40C761F02B01A1E0002761F02B01A120001FD
:20135000767D97346F04761F02B32B29761F02EC92295202EC0D5201EC0B5203EC0652043C
:20136000ED0B767E2B386F08767E2AE26F058F00BB2976408E08761F02E71B030F5A6924E2
:20137000761F02EA923BEC20761F02B20A389238520A65202B38761F02E756BF0101761F40
:2013800002809A10D41056BF100E761F02B01A1E0002761F02B01A120001761F02E7930301
:20139000767D97346F07761F02B22B38761F02E72B01761F02B31B3E026C6209761F02ECB4
:2013A0009204761F02B39C28543E630B0A329232520A56B20A32761F02B256B2013F6F02E7
:2013B0002B32761F02EA923B5203ED54761F02E99237EC1F761F02B39215EC1B761F02EE0B
:2013C0009210EC149A00767E29E5767E04535200EC0D767E04655200EC09761F02B01A1E16
:2013D0000020761F02B01A120001761F02B32B15761F02E99237761F02EACA14ED2B767E2B
:2013E000018D1BA90A646406761F02B31B3E017C631E767E00E83B0185A9FF5652FA6417C0
:2013F000761F02B30A319231521465142B31761F02E956BF01379A00761F02B356BF01157E
:20140000761F02EA2B10767E2A4F6F04761F02B32B31761F02B39200ED12761F02B292389C
:20141000620E761F0280920EED0A761F02E7920C761F02B408A901F4540E630D761F02E741
:201420009234EC0F767E1DEC7622761F01A41A1800046F067622761F01A41A170004761ADA
:20143000761F02B392063B019C01900788A99606761F02B4850E761F02B75601003692A68C
:20144000ED250636761F02B4BE00FF429610761F02B75200C236650D85A9761F02EEFF6929
:201450001E42340D050000FE390B761F02EC962C3B01761F02EC8F4004B08F000258852C73
:20146000565000A5566100A4962C761F02E79234EC2C761F02B29231ED12761F02E7920C81
:20147000761F02BC543F6806761F02B41B1012C0641F761F02B256BF01316F1A761F02EAA3
:201480009214ED0A761F02E7920C761F02BC9C9C543F660B6F0D761F02E7920C761F02BC19
:2014900008A9FED4543F6904761F02B22B31761F02E79239ED36761F02EA9213EC32761FCF
:2014A0000280920EED2E761F02E7922F761F02E754266627761F02E79210ED2328AC033DE7
:2014B000761F02E73002761F02E7FF48542F680A761F02B22B3D761F02E79234ED1A9A011B
:2014C0006F15761F02B20A3D923D520265122B3D761F02E792345203EC085204EC066F09A9
:2014D000761F02E79234EC059A00FF69767E1481761F02E70E343B018F3F3308761F02B2EE
:2014E000FF308131560100A492C49630761F02E75434EC04FF69767E1481761F02E79234C9
:2014F00052016904FF69764091D08F0069C0D0164294EF0D761F02B30A127622DC17761FA7
:2015000001A71AC400041A170001761A761F01BF4001EE1C761F02B20A3592355202641BBD
:2015100056BF0235761F02809A229B01D422FF6956BF220E767D9734761F02B01A1E00021E
:20152000761F02B01A1200016F06761F02B2923565020B35761F02EA9210EC5D761F028088
:20153000920EED59761F02B39226620B1B22023063390A219221520564302B210A226F2D5E
:201540009CFF96261BA9032062141B260320ED258F0069C0D00B761F01A7CC94FFEF5020D3
:20155000D00C960BCC94FBFF1AA90800960C6F158F0069C0D00B761F01A7CC94FFDF501045
:20156000D00C960BCC94F7FF1AA90400960C761F02B31B260322EC10761F02B39222527AB9
:20157000650D1B22016D630A761F01A72809044756BF7A0A6F2A56BF492228A904C19E2210
:20158000761F01A79609761F02B39222761F01A7960A6F1B8F0069C0D00B761F01A7CC94DA
:20159000FFDF5010D00C960BCC94F7FF1AA90400960C761F02B32826064056BF4922761FCE
:2015A00001A7280904C12B0A761F02B29233ED34761F01BF4209EE04761F02B20A39761F76
:2015B00001BF4409EE24761F02EA923BEC20761F0280920EED1C761F02B20A3E923E52022D
:2015C000641B56BF023E761F028056BF230E9A239B01D423FF69761F02B01A1E0002761F0C
:2015D00002B01A120001767D97346F06761F02B2923E65020B3E761F02EA923B5205ED2668
:2015E000761F02B2923BED19923952066316923752026313923652066310761F02B3922908
:2015F0005202620B761F02B29238520663069229520256B101296F0D761F02B20A2A922A51
:201600005202650856BF02296F04761F02B22B292B2A761F02B3FF6992197640918076408A
:2016100090EF761F01A11A1C0001761F003356BF0421FE84C5BEC4BE83BE8ABE87BE000373
:2016200076177602761BABBDA8BDA0BDC2BDC3BDFF6929425616761F01A80604761F02B419
:20163000BE5A1E36033EFF5A761F02B30200F61F561700A692AB3F2B1BA937CE682C1BA958
:201640006F9B66299639761F02B40636761F02B51E02761F02B406361E3E761F02B50632C8
:201650001E3A02001E32761F02B192312B319636761F02B356BF010F761F02EC922B761F59
:2016600002B3960E761F02B01A2A0002761F02B01A1200048F006A0083A4761F0033DD1830
:20167000DC151AC500031AC4000856BF0821C5BEC4BE83BE8ABE87BE76177602761B0005F5
:20168000ABBDA8BDA0BDC2BDC3BDFE02FF6929425616761F01C4281AFFFFBE00761F02EC07
:20169000922852026406761F02CF92125202EC05761F02B392176F04761F02B392195205C1
:2016A000ED56761F01A90600761F02B729011E26025B1EAC5665002C564400261EA7761FBE
:2016B00002B106A703ABFF4C9623761F02B7A326A92C761F02B19621761F02B39239962A48
:2016C000761F02B706261E2E761F02B50602761F02B71E3C761F02B506A756650002761FFD
:2016D00002B103ABFF4C962E922B961C761F02B706A756650030761F02B203ABFF4C961548
:2016E000761F02B3922D9627761F02B506A756650030761F02B103ABFF4C962C761F02B0F6
:2016F0001A240004761F02B01A120002761F02B30A179218541762022B179217761F02ECD1
:201700009632761F02EC92285203ED05761F02B392366F065204ED06761F02B392359417F1
:201710006F04761F02B39217961992185419620274199219ED7D761F02EB9204761F02EBED
:20172000960B761F02B706101E12761F02B3921C961F761F02B702001E10761F02B32B1CB8
:20173000761F02B506081E1402001E08761F02B492162B169620761F02B706081E3E020041
:201740001E08060C1E0602001E0C761F02B2920C2B0C9611761F02B506121E2002001E1268
:20175000761F02B4921D761F02B29602761F02B42B1D761F02B5061C1E1E02001E1C761F90
:2017600002B292032B039600761F02B506041E0602001E04761F02B292092B099608761F73
:2017700002B50624761F02B41E2E06321E34761F02B1923A761F02B2961D761F02B40638BE
:20178000761F02B51E00761F02B2921C961F761F02B502001E24761F02B41E32761F02B1C0
:201790002B3A761F02B41E38761F02B22B1C3B01761F02B38518761F02C51E422D2A761FD8
:2017A00002B3121900FE390B761F02EC962B761F02C5542A64059E2A761F02EC962B3B0138
:2017B000761F02EC852B761F02EC8A3A761F02EC560100A492C49625761F02EA923BED27AE
:2017C000761F02B4852A761F02B556010034761F02B40A018505761F02B556010016761F0A
:2017D00002B20A01761F02B3853F761F02B55601000E761F02B20A0B761F02B48513761FA5
:2017E00002B55601000C761F02B10A35761F02B48509761F02B756010024761F02B20A1043
:2017F000761F02B48506761F02B75601000E761F02B20A12761F02B42D2A122A761F02B5C1
:201800005601001C761F02B20A03761F02B4920AED212D1556BF010A1215761F02B55601DE
:201810000032761F02B10A31761F02B4852B761F02B756010032761F02B10A0E761F02B486
:201820008521761F02B656010036761F02B10A0B6F282B0A8504761F02B75601003A761F02
:2018300002B20A0E761F02B48526761F02B856010000761F02B20A16761F02B4851C761F46
:2018400002B656010008761F02B10A0C761F02B4850C761F02B756010018761F02B30A1E08
:20185000761F02B29233EC020B33761F01BF490156BD04A64509EF0492A6500288A94A0993
:20186000EF0492A6500188A9761F01C49218EDFD761F002C9200761F02B408A9F8009629C7
:20187000761F002C9201761F02B408A9F8009602761F02B2920A761F002C9402761F02B3F2
:2018800008A9F800963F761F002C9203761F02B49E2508A9F8009624761F002C9204761F17
:2018900002B19E3E761F02B308A9F800963A761F02B29223761F002C9405761F02B408A992
:2018A000F800960D761F002C9206761F02B49606761F002C9207761F02B4961A761F002C37
:2018B000920D761F02B49609761F002C920E761F02B408A9F8009611761F002C920F761F9C
:2018C00002B19E32761F02B408A9F800961392A65204620A5204EC3E5201EC6C5202EC5A29
:2018D0005203EC486F765205EC255206EC135207ED70761F002C920C3B01761F02B3963D5D
:2018E000853D761F02B656010002761F02B10A266F60761F002C920C3B01761F02B4961E9F
:2018F000851E761F02B656010026761F02B10A036F50761F002C920C3B01761F02B49619C2
:201900008519761F02B656010032761F02B10A016F40761F002C920C3B01761F02B4961FB6
:20191000851F761F02B756010004761F02B10A096F30761F002C920C3B01761F02B49603F1
:201920008503761F02B656010006761F02B10A056F20761F002C920C3B01761F02B49617FC
:201930008517761F02B65601002C761F02B10A126F10761F002C920C3B01761F02B49607C5
:201940008507761F02B65601001A761F02B10A28761F01BF4A09EE3A761F002C9208761F03
:2019500002B49604761F002C92093B01761F02B29E14761F02B408A9F8009626761F002C23
:20196000920A761F02B4961C761F02B29225761F002C940B08A9F800761F02B4FF5C960C7D
:20197000761F02D62D08761F02B41204FF4A960434A9033D562F060E761F02D62D07761F85
:2019800002B4121C562F041C6F37761F002C9208761F02B408A9F80096153B01761F002C21
:20199000920A761F02B4962B761F002C920B761F02B49621761F02D62D10761F02B4121513
:2019A000FF4A9615761F02B134A9089B562F0522761F02D62D06761F02B4122BFF4A962B8D
:2019B000761F02E79602761F02D62D18761F02B41221562F0421761F02B30A0192015208E5
:2019C00067084001EF07761F01BF1A0B04006F062B01761F01BF1A0D0400761F02B3410136
:2019D000EE06761F01BF1A0D00206F05761F01BF1A0B0020761F02B34201EE06761F01BF83
:2019E0001A0502006F05761F01BF1A030200761F01A01A1C000C761F02B492289424FFA00A
:2019F00094232DA9761F02D6120D761F02B4FF4A27A9962A9200761F02B3943AFFA0761FBC
:201A000002D62DA9120E761F02B4562F0405761F02B32D3F761F02D6300F761F02B3FF4A2A
:201A1000FF5C963F761F02B4922C9429761F02D62DA9120C761F02B4562F0429761F02D6F5
:201A20002D07761F02B4121AFF4A961A761F02E79603761F02B434060229761F02D6FF4788
:201A30002DA91209070AFF4A9B0A00FE395E761F02B3963E520063022B3E761F02D62D1B1E
:201A40003B01761F02B41211FF4A88A99611761F02D62D1C761F02B41213562F0413761F64
:201A500002B134A6089B562F051B761F02B2922C761F02B4540E630B761F02B30A2E922E3D
:201A6000520256B2010056B2022E6F05761F02B32B2E2B0092AB85A9FF561BA9061C630680
:201A7000761F02B29A002B376F06761F02B29A010A370A36761F02EC9326EC3B5200ED395C
:201A8000761F02B39200EC06761F02EC92265203EC30761F02B2923AEC06761F02EC92268A
:201A90005202EC27761F02B39230ED28761F02EC92265203ED19761F02EA9228ED06761F55
:201AA00002B3920F5201EC0B761F02EA92285201ED15761F02B392055201ED1056BF01307F
:201AB000767E2ADF6F0B761F02B356BF01306F06761F02B39230EC022B30761F02EA923BF7
:201AC0005203ED06761F02B292375206630C761F02EA923BEC1C761F02C5922C761F02B22C
:201AD000543763152B37761F028056BF050E9A05D405761F02B01A1E0002761F02B01A12E6
:201AE0000001761F02B4932A767D9734761F02EC9226EC23761F02B39230EC1F761F0280A7
:201AF000920EED1B761F02B39223620B7622761F01A01A170004761F01A11A1700046F0BD9
:201B00000B237622761F01A01A180004761F01A11A180004761A6F0F7622761F01A01A1818
:201B10000004761F01A11A180004761A761F02B356BF0223761F02EC92265202EC0D520353
:201B2000EC075201ED0CFF6976408CA86F08FF6976408D396F04FF6976408BBB761F01BF8D
:201B30004209EE06761F02B29233ED020A39761F02B32B0F2B05761F01A01A1C0001FE8275
:201B4000761F003356BF0421C5BEC4BE83BE8ABE87BE000376177602761B0005ABBDA8BD45
:201B5000A0BDC2BDC3BDFF6929425616767DD8B45200ED49761F01A90604761F02B5BE5A26
:201B60001E2A032EFF5A761F02B30200F61F561700A692AB3F281BA937CE68351BA96F9B47
:201B70006632962D761F02B5062A1E30062A1E2E063C1E3602001E3C761F02B192332B3357
:201B8000963C761F02B506381E2602001E38761F02B1923B761F02B29607761F02B12B3BA4
:201B9000761F02B356BF0105761F02EC922B761F02B39604761F02B01A2A0010761F02B0CA
:201BA0001A1200048F006A40761F01A983A4DD181AC50002DC151A180001761F00331AC4B6
:201BB000000856BF0821C5BEC4BE83BE8ABE87BE000376177602B2BDFE06761F02ECD1002D
:201BC0009228EC06761F01BF4B0156BD01A1020A761F02B43B011E423429089BFF440905BF
:201BD00000FE390B761F02EC3B01962D761F02B4020A1E42342A00D5FF43090500FE390BB5
:201BE000761F02EC961F767E00AA761F02B4BE0A930595A93B01C24234A801B5FF44090503
:201BF00000FE390B3B01761F02EC9620761F02B3020A1E42343F01B5FF44090500FE390BAC
:201C0000761F02EC96249641922B7942761F02C59643922A761F02EB9644920B761F02ECCB
:201C1000931F5C20964592259646922D761F02EB5D06767E1B80761F02EC1E3E767E1B38BF
:201C2000761F02EC9623761F02EE880D3B01761F02ECDE815621002C85A61EA75644003EC5
:201C3000FF4B85A9FF5A92A6FF5C85A91EA6A9A9565000A7566100A688A996305200623067
:201C4000932FCBA6EC2D761F02EE920D9CFE85A9761F02EC8F006840D0091EA792A6BE01FD
:201C5000FF5C85A9565000A7566100A69631761F01A09609761F02EC922F56BF0194520164
:201C6000ED0CD00E761F01A1CC94FFFE5002960ECC0EFFF750046F3156BF012F6F31761FC5
:201C700002EE920D9CFE85A9761F02EC1EA78F00684092A6BE01D00985A9565000A756617C
:201C800000A69631761F02EE930D761F01A09FA99709761F02EE920D9CFF761F02EC969428
:201C9000922FED0DD00E761F01A1CC94FFFC5001960ECC0EFFFB5008960E6F082B2F761FDE
:201CA00001A1180EFFFC180EFFF3FE868BBE0006761F02EB280B137128A91371761F02EC65
:201CB0009325282C0341767E1B24761F02EC962A761F02EE880D3B01761F02ECDE812D2CBD
:201CC00085A61EA7122AFF4B85A9FF5A92A6FF5C85A91EA6A9A9565000A7566100A688A955
:201CD000963052006230932FCBA6EC2D761F02EE920D9CFE85A9761F02EC8F006840D0097F
:201CE0001EA792A6BE01FF5C85A9565000A7566100A69631761F01A09609761F02EC922F15
:201CF00056BF01945201ED0CD00E761F01A1CC94FFFE5002960ECC0EFFF750046F3156BF9D
:201D0000012F6F31761F02EE920D9CFE85A9761F02EC1EA78F00684092A6BE01D00985A98A
:201D1000565000A7566100A69631761F02EE930D761F01A09FA99709761F02EE920D9CFF40
:201D2000761F02EC9694922FED0DD00E761F01A1CC94FFFC5001960ECC0EFFFB5008960E06
:201D300000062B2F761F01A1180EFFFC180EFFF30006B2BDAABDFE04761F02EE590D3B01BE
:201D4000761F02B4342A00D5761F02EAD98AFF4893285301EC08761F02B15A22761F02E597
:201D50005D386F07761F02B15A1B761F02E55D119641761F02EE9201761F02EE96425CA277
:201D6000920E761F02EE96439203761F02B49644920E761F02EC9305767E1C6F761F02ECEE
:201D70003B01961692A1761F02EEFF5C2D0D85A9761F02EC1EA685A183A91216FF4B2DA216
:201D800085A9565000A5566100A65CA99616761F02B485A18BA98510761F02EE1E4235CD9B
:201D9000FF472DA9120D00FE390B3B01761F02B493A992A49EA885A9565000A5566100A6A1
:201DA00088A9342A00D5FF485200650492A69CD86F049B2895A692A8761F02EC52009615E6
:201DB0006425CA2FEC238515BE018F006840D009565000A1566100A69631761F01A09609D9
:201DC000761F02EC922F56BF01945201ED0CD00E761F01A1CC94FFFE5002960ECC0EFFF791
:201DD00050046F2A56BF012F6F2A9215FF5CBE0185A98F006840D009565000A1566100A685
:201DE0009631761F02EE930D761F01A09FA99709761F02EE920D9CFF761F02EC9694922FAC
:201DF000ED0DD00E761F01A1CC94FFFC5001960ECC0EFFFB5008960E6F082B2F761F01A19C
:201E0000180EFFFC180EFFF3FE8486BE8BBE0006B2BDAABDFE043B01761F02B4850E761FED
:201E100002EC56010038761F02B3853E761F02EC56010036761F02DD4010EE03D2A06F057D
:201E2000761F02EE850286A9761F02DD4110EE03D1A06F05761F02EE85048BA9761F02EC07
:201E30000A1392135208FFE400C80638B600FF422B1388A996140636C338FF4293069617BF
:201E4000C3369FA6971088A8761F02EE931AEC06761F02EC93265303EC15761F02EC9E0491
:201E5000520A960D62071BA9FFD8631C280DFFD86F19521A56B3190D920D9CF72DA9120D9A
:201E60006F0E761F02EEB60A9E1928ABFFF628AAFFFF85A9565000A7566100AB761F02ECF1
:201E7000960D2D18120DFF46960D92C45201EC4292265203EC357E1D930628A9012C761F97
:201E800002BC94A8543F67079AC8761F02E794A854266620761F02BC923F08A9012C54A82D
:201E900068191BA6FE0C6306761F02E71B2610CC6811761F02EC92085419562A03196303DD
:201EA0009A02741992075422562A0322631B0B226F19761F02EC921C9619921E6F09767E16
:201EB0001B74761F02EC961D92089619920796226F0992A67E1D56B3010D56B3011D56B420
:201EC00002C4920C6304921D540D640F761F02EE921AEC0D761F02EC92265203ED08920C67
:201ED0006506921D540D6503920D961D3B01761F02ECBE6428ABFF9C28AAFFFF851DAA4210
:201EE0005D19565000A6566100AB5CA99322961D9743B2A9767E1D5C761F02EC28ABF6A0C3
:201EF00028AAFFFF8F0009601E340634565000A4566100AB1E34761F02B43B013412012F83
:201F0000BE5028ABFFB028AAFFFF761F02ECFF46943485A9565000A6566100AB960F761FBB
:201F100002DD4010EF058F500000C4A56F02BE004110EF048F4C00006F02D5005CA9C242A9
:201F2000A0A9767E1D86761F02EC3B01960C761F02EE2D0D761F02EC120CFF4B960E5200C0
:201F30006276920B5201ED11761F02B39229620D761F02B392326209761F02DD4010EF0526
:201F4000761F0280920EEC35761F02EC56BF010B76228F006980D014761F01A6CC94FFFE78
:201F500050029614DC18CC14FFFB500896141AC40004761A761F02B39232ED05761F02B3E9
:201F600092296527FF69767E1D58FF586307767E1D583B01FF40767E1DD2767E1D54FF5805
:201F70006318767E1D543B01FF40767E1DCE6F1176228F006980D014761F01A6CC94FFFE0A
:201F800050029614DC181A14000C1AC40004761A761F02EC1B0EFFCA620B9A0E761F02EE96
:201F90009E0D761F02EC540E562A020E6F03280EFFFF761F02EE920D761F01A69609761FD7
:201FA00002EC920E761F02EE940D6F74920BED11761F02B39229620D761F02B39200ED09A9
:201FB000761F02DD4110EF05761F0280920EEC34761F02EC2B0B76228F006980D014761F3F
:201FC00001A6CC94FFFE50029614DC18CC14FFFB500896141AC40004761A761F02B39200E3
:201FD000ED05761F02B392296528FF69767E1D58FF586507767E1D583B01FF40767E1DD212
:201FE000767E1D54FF586519767E1D543B01FF40767E1DCE6F1276228F006980761F01A61B
:201FF00083A4DD14DC181AC50003CC14FFFB500896141AC40004761A761F02EC920E5236EA
:20200000640B761F02EE920D761F02EC9CF2540E562A040E6F0356BF010E761F02EE920D6E
:20201000761F02EC9E0E761F01A69609761F02EE920D761F01A6FE84960A86BE8BBEFF692F
:202020000006761F02B32DA90A1692165202682B2B1633AC761F02B78F40AEC03B01A92219
:202030008AA5761F02B30E08FF30560100A4A9A9FF47FF5A1EC492345408690B92089C0137
:202040000EA9FF30560100A5A9A907C50A086F08761F02BB0600761F02B307C42B08761FC2
:2020500002B71E200006761F02B32DA90A1392135202682B2B1333AC761F02B78F40AE4082
:202060003B01A9168AA5761F02B30E09FF30560100A4A9A9FF47FF5A1EC492345409690B41
:2020700092099C010EA9FF30560100A5A9A907C50A096F08761F02B90600761F02B307C423
:202080002B09761F02B71E1400061EA6761F02E5C54606444300EE1C0FA6620406A70FA627
:202090006313761F02B392A40A1054106623761F02E51A000008761F02B01A1E0004761F7D
:2020A00002B01A120001761F02B32B1000060FA6630E06A70FA6650B761F02B392A50A0A29
:2020B000540A6608761F02E51800FFF7761F02B32B0A00061EA6761F02E5C5460644430855
:2020C000EE1C0FA6620406A70FA66313761F02B392A40A0C540C6623761F02E51A080008DE
:2020D000761F02B01A1E0008761F02B01A120001761F02B32B0C00060FA6630E06A70FA6E6
:2020E000650B761F02B392A50A0754076608761F02E51808FFF7761F02B32B070006B2BD92
:2020F000AABD761F028092085201ED4E761F02EA923B5205ED49761F02808DBF2FF20E12AB
:202100008AA2FF30560100A4C5C43E67761F0280581C8D40A4408AA296910E13FF30560105
:2021100000A4C5C43E67761F0280801C88A98D0001F4B2A90DA78AA90E0A7E94FF308AA2B0
:20212000560100A4C5C43E67761F0280801C88A98D0003E8B2A90DA78AA90E0D7E94FF307C
:20213000560100A2C5C23E67761F028088A9801C8D0005DCB2A90A1C0DA78AA97E941B1C67
:20214000018068022B1C761F02809204EC369205EC069CFF9605ED31920396059208ED20CA
:202150008D80A02CD10092C2EC153B018F3F2FF2560301C2560100A4C5C43E67761F0280E9
:2021600088A98F00A44034A101F40D14560100A47EC492A1DA019C0159A9520464E5761FB2
:2021700002800A1492115414ED08960F2B112B142B042B069A016F029A0086BE8BBE0006F6
:20218000761F02C588A91B34FFFFEC245434EC0A761F02B39318761F02C55534661B52002A
:20219000ED1928AC000632358F00AC1AA9A92D36560100A49B01FF6799E49B012D35761FD1
:2021A00002B0FF679912761F02C52834FFFF56BFFF361B32FFFFEC2492A65432EC0A761FB8
:2021B00002B39318761F02C55532661A5200ED1828AC00068F00AC1A30312D33560100A40A
:2021C0009A01FF6698E49A012D31761F02B0FF669812761F02C52832FFFF56BFFF33000633
:2021D000FE0488A9761F02E7923828AC033D3B019641920C9642920B9643300228AC046FE8
:2021E000FF4880A93003761F02B4FF495D0E5CA993A792A6767E1A6D761F02E73B01960EEE
:2021F000761F02EE2D0D761F02E7120EFF4B96255236640B761F02EE930D9DCA761F02E76C
:2022000055A9562B04256F0356BF0125761F02EE920D761F02E79E25761F01A49609FE84A9
:20221000000676C0AC1A06A7D40083A7091E03A509061EA692D5EC120ADD54DD660F9A06CD
:202220002DA42BDD37A9761F02B006A707AB8EA99A011AE00001FF669812DE860206DC011A
:20223000DD060FA669E8000676228F000A80761F002A1AC40001CCF4F3FF1AA9030096063C
:20224000CC06FFF050039606CCFCFFE0500596071AE401FF1AEC01FF761AF6077700FF69C5
:02225000000686
:202E0000313B003E313B003E313B003E313B003E313B003E313B003E313B003E313B003E62
:202E1000313B003E313B003E313B003E313B003E313B003E314A003E3145003E31D6003E9E
:202E20003136003E31A4003E3140003E314F003E30D7003E30D2003E30CD003E30C8003E77
:202E300030C3003E30BE003E30B9003E30B4003E30AF003E30E6003E30E1003E30DC003ED2
:202E4000311D003E3118003E309B003E30A5003E30A0003E31DB003E30EB003E30AA003E7A
:202E5000319A003E3190003E3186003E317C003E3172003E3168003E309B003E309B003EB0
:202E6000319F003E3195003E318B003E3181003E3177003E316D003E309B003E309B003E82
:202E700031BD003E31B8003E31B3003E309B003E309B003E309B003E309B003E309B003EA0
:202E80003163003E315E003E309B003E309B003E309B003E309B003E309B003E309B003E5D
:202E90003113003E30FF003E310E003E30FA003E309B003E309B003E309B003E309B003E2A
:202EA000309B003E309B003E309B003E309B003E309B003E309B003E309B003E309B003ECA
:202EB0003159003E3154003E309B003E309B003E309B003E309B003E309B003E309B003E41
:202EC0003131003E3127003E312C003E3122003E31D1003E31C7003E309B003E309B003E08
:202ED000309B003E309B003E309B003E309B003E309B003E309B003E309B003E309B003E9A
:202EE000309B003E309B003E309B003E309B003E309B003E309B003E309B003E309B003E8A
:202EF000309B003E309B003E309B003E309B003E309B003E309B003E309B003E309B003E7A
:202F0000080008000800080000000000080008000800080008000000000000000000000069
:202F1000000E00000800FFFFFFFF08000800FFFFFFFFFFFFFFFFFFFFAAAA000008FC138896
:202F200001A401CC0234021C025801CC021C012C0000000000000002000000000000000156
:202F30000001000100010000000000000000FFFF021C02580000000A000A001E00010000D5
:202F40000248003C0078001E0000316F0000003C0001000100010BB8AAAA0000000000005F
:202F5000000000000000000000000000000000000000000000000000000000000000000061
:202F6000000000000000000000000000000000000000000000000000000000000000000051
:202F7000000000000000000000000000000000000000000000000000000000000000000041
:202F800000000000AAAA0000000000000000000000000000000000000000000000000000DD
:202F9000000000000000000000000000000000000000000000000000000000000000000021
:202FA000000000000000000000000000000000000000000000000000000000000000000011
:202FB000000000000000000000000000000000000000000000000000000000000000000001
:202FC0000000000000000000000000000000000000000000000000000000000000000000F1
:202FD0000000000000000000000000000000000000000000000000000000000000000000E1
:202FE0000000000000000000000000000000000000000000000000000000000000000000D1
:202FF000AAAA00000081003E0097003E008C003E019C003E0189003E0141003E014C003E61
:203000000157003E00E4003E010A003E00B8003E00CE003E00C3003E00D9003EFDD5003D86
:20301000016A003E0194003E0198003E012B003E0136003E0166003E00FF003E0120003E2D
:203020000115003E0172003E0185003E0181003E0085003E009B003E0090003E01A0003EBE
:20303000018D003E0145003E0150003E015B003E00E8003E010E003E00BC003E00D2003E8A
:2030400000C7003E00DD003E00DD003E012F003E013A003EECD9003D0103003E0124003EA7
:203050000119003E0176003EECD9003D10F9003E10F9003E0119003EECD9003D0176003EB4
:20306000ECD9003DECD9003DECD9003DECD9003DECD9003DECD9003DECD9003D298A003E51
:203070002974003E29AD003EECD9003D2991003E2999003E2986003EECD9003D29A9003E58
:20308000ECD9003D29B5003E299D003E29C9003E1B70003E1B58003E29A1003EECD9003D5A
:203090002982003E00A6003E0162003EECD9003DE337003D1B5C003E1B64003E1B68003E26
:2030A0002995003E1B60003E1B3C003E29CD003E29A1003E299D003E29A5003EECD9003D78
:2030B000297E003E297C003E297A003E2978003EECD9003D0EE80EDB0ECD0EBF0EB00EA182
:2030C0000E910E810E710E5F0E4E0E3B0E2A0E150E020DED0DD80DC30DAD0D970D7F0D68B8
:2030D0000D500D370D1E0D040CE90CCE0CB30C970C780C5D0C3F0C210C030BE40BC40BA4F1
:2030E0000B840B630B420B210AFF0ADD0ABB0A990A760A530A300A0D09E909C609A3097FDF
:2030F000095C0938091508F108CE08AB088708640842081F07FC07DA07B8079607740753F9
:203100000732071106F006D006B00691067206530634061605F805DA05BD05A105840568E4
:20311000054D0532051704FD04E304C904B00498047F0467045004390422040C03F603E163
:2031200003CC03B803A30390037D036A03570345033303220311030002F002E002D102C161
:2031300002B202A402960288027A026D026002530247023B022F02240218020D020201F85E
:2031400001EE01E401DA01D001C701BD01B401AC01A3019A0193018B0183017B0174016CC6
:203150000165015E0157015001490143013C01360130012B0124011F01190114010E010905
:20316000010400FF00FA00F500F00F240F180F0D0F000EF30EE60ED80ECA0EBA0EAB0E9A0B
:203170000E890E770E650E520E3E0E290E140DFE0DE70DCF0DB60D9D0D830D690D4D0D31C5
:203180000D140CF70CD80CB80C990C790C570C350C130BEF0BCC0BA70B820B5C0B360B0FA4
:203190000AE80AC10A990A700A480A1E09F509CC09A20978094E092408FA08D008A6087C3C
:2031A00008530829080007D607AD0785075C0734070C06E506BE069C0672064C062806035B
:2031B00005DF05BC0599057605550534051304F304D404B504970479045C0440042504091C
:2031C00003EF03D503BC03A3038B0373035C03460330031B030602F202DE02CB02B802A6B7
:2031D000029402820271026102510241023202240215020701F901EC01DF01D301C701BBC0
:2031E00001B001A5019A018F0185017B01710168015F0156014D0145013C0134012D01255F
:2031F000011D0116010F0108010100FB00F50FD40FD20FCF0FCC0FC90FC60FC20FBF0FBBEC
:203200000FB70FB30FAF0FAA0FA50FA10F9B0F960F900F8B0F840F7E0F770F700F690F62B5
:203210000F5A0F520F490F400F370F2E0F240F1A0F0F0F040EF80EED0EE00ED40EC70EB9B0
:203220000EAB0E9D0E8E0E7F0E6F0E5F0E4E0E3D0E2B0E190E060DF30DE00DCB0DB70DA2C4
:203230000D8C0D760D5F0D480D300D180D000CE70CCD0CB30C990C7E0C620C460C2A0C0E68
:203240000BF10BD30BB60B980B790B5A0B3B0B1C0AFD0ADD0ABD0A9C0A7C0A5B0A3A0A192D
:2032500009F809D709B60994097309510930090E08ED08CC08AA08890868084708260805F5
:2032600007E507C407A40784076407450726070606E806C906AB068D066F06520635061948
:2032700005FC05E005C505A9058F0574055A05400527050E04F504DD04C504AD0496047F7F
:2032800004690453043E0428041303FF03EB03D703C30000000300510031000D00000000C3
:20329000000000000000000000000000F1ED003D000300510032000D000000000000000070
:2032A0000000000000000000F0A0003D000300520054000D0000000000000000000000008B
:2032B00000000000F034003D00050051004200440053000D00000000000000000000000061
:2032C000EF79003D001100570054002A00000000000000000000000000000000ED79003DC0
:2032D000000200510033000000000000000000000000000000000000EECA003D0002005110
:2032E0000044000000000000000000000000000000000000EE90003D00010054000000007A
:2032F00000000000000000000000000000000000ED45003D000A004900560045004D0049CB
:203300000041005000320032000D0000EE48003D0000000000020003000200030002000329
:20331000848E003D8A66003D8A66003D84FE003D851F003D8A66003D8A66003D8A66003DCD
:203320008A66003D8540003D8559003D8587003D8599003D85AB003D85B9003D85CB003D2A
:203330008A66003D85ED003D85FE003D860C003D861A003D8628003D8636003D8A66003D24
:203340008652003D84C1003D8660003D8679003D868E003D86EE003D876D003D8786003DFA
:2033500088D7003D8951003D879D003D87AB003D8838003D8853003D886E003D8883003D4A
:203360008897003D8A66003D8A66003D87BD003D87CF003D87E6003D87FC003D8812003D42
:203370008826003D8A66003D8A66003D8A66003D8A66003D8A66003D8A66003D88A9003DD6
:20338000890E003D8644003D891C003D8A66003D8A66003D8987003D8A66003D8997003D3F
:2033900089A5003D89B0003D89C0003D89D3003D89F6003D8A02003D8A12003D8A66003D92
:2033A0008A66003D85DC003D8A1E003D8A72003D8A7B003D8A84003D8A8D003D8A96003DE6
:2033B0008A9F003D8AAB003D8AAB003D8AAB003D8AAB003D8AAF003D8AC1003D8ADB003D2F
:2033C0008AE5003D8B05003D8B2B003D8BA0003D8BC6003D90A0003D8BDC003D8BEA003DC8
:2033D0008BF9003D8C03003D8C13003D8C4F003D8C6F003D8C7C003D8CB7003D8CDA003DBC
:2033E0008CE7003D8D1A003D8D3D003D8D4A003D8D7D003D8DA0003D8DAD003D8DE0003D4C
:2033F0008E03003D8E10003D8E48003D8E6B003D8E78003D8EAC003D8ECF003D8EDC003DD0
:203400008F14003D8F37003D8F44003D8F7C003D8F9F003D8FA9003D8FB3003D90B3003D92
:2034100090B3003D90B3003D90B3003D90B3003D90B3003D8FC3003D8FCF003D8FDC003D4A
:20342000901C003D903C003D9047003D9083003D9111003D9118003D911F003D9128003D8E
:20343000912F003D913B003D9147003D9153003D9158003D915D003D9165003D916A003D84
:083440009175003D917A003DF9
:203EFE00561F8D007029762228C00068761A9A00D50028A403FFF7A496858F40078028A47C
:203F0E00007FF7A496858F40800028A41FFFF7A496858F40A00028A41FFFF7A496858F4091
:1E3F1E00C00028A41FFFF7A4968558A95DA95CA92BBD28BD0A0B76007613007E3891F1
:023FFE0002259A
:047FF600007F3EFECC
:107FF800FFFFFFFFFFFFFFFFFFFFFFFFFFFFFFFF89
:00000001FF
