:020000040800F2
:10400000588200206D4100085D520008B14E000842
:1040100025520008E1450008E163000800000000A7
:104020000000000000000000000000007F410008C8
:10403000514B000800000000C94100081556000857
:104040008341000883410008834100088341000840
:104050008341000883410008834100088341000830
:10406000834100088341000883410008254B000874
:104070008341000883410008834100088341000810
:104080008341000883410008834100088341000800
:1040900083410008834100088341000883410008F0
:1040A00083410008834100088341000883410008E0
:1040B000834100082561000883410008834100080E
:1040C00083410008834100088341000883410008C0
:1040D0008341000859620008F56200084563000842
:1040E000414C0008834100088341000883410008D7
:1040F000834100088341000883410008000000005C
:10410000834100080000000083410008834100084B
:1041100065610008B561000883410008834100081B
:10412000834100088341000883410008834100085F
:104130008341000883410008834100085546000878
:10414000294600085146000825460008834100081A
:1041500047355245DFF810D000F078F900480047A5
:10416000F5740008AFF300805882002005488047AE
:1041700005480047FEE7FEE7FEE7FEE7FEE7FEE74D
:10418000FEE7FEE7D560000855410008EFF3108018
:1041900072B6704780F31088704719484FF0FF01DE
:1041A0000170002080F3098816484FF080510160AB
:1041B00062B6FEE713484FF0805101607047114826
:1041C0004FF080510160704772B6EFF3098028B15B
:1041D000203880E8F00F0C49096808600B480C494A
:1041E0000A78027008480B490A680260106890E873
:1041F000F00F203080F309884EF0040E62B670474D
:1042000022ED00E004ED00E0481200204012002002
:104210003E120020441200202DE9F05F05460020E8
:1042200092469B4688460646814640241BE0284627
:1042300041464746224600F0C1F853465A46C01A46
:10424000914110D311461846224600F0A8F82D1AC5
:1042500067EB01084F4622460120002100F09FF83D
:1042600017EB00094E41201EA4F10104DFDC484693
:1042700031462A464346BDE8F09F40EA01039B07CA
:1042800003D009E008C9121F08C0042AFAD203E0CB
:1042900011F8013B00F8013B521EF9D27047D2B22F
:1042A00001E000F8012B491EFBD270470022F6E71F
:1042B00010B513460A4604461946FFF7F0FF20469C
:1042C00010BD421E12F8013F002BFBD111F8013B3B
:1042D00002F8013B002BF9D17047421C10F8011B7A
:1042E0000029FBD1801A704730B5054600200346EF
:1042F00000E05B1C934205D2EC5CC85C201A01D143
:10430000002CF6D130BD30B480EA010202F0004545
:1043100030F0004221F0004013D090B1C30DD40D15
:10432000C2F31601C0F31600E41A41F4000140F490
:1043300000027D34914201D3641C00E04900002C4E
:1043400002DA30BC002070474FF400000023914295
:1043500001D3891A034340084FEA4101F7D151B113
:10436000914202D14FF0004105E002D24FF001012D
:1043700001E06FF0010103EBC450284430BC00F0B1
:104380002DB8C10F80EAE0700844CA0796230021C7
:1043900000F02DB896230022114600F028B8202AFC
:1043A00004DB203A00FA02F1002070479140C2F18C
:1043B000200320FA03F3194390407047202A04DBBE
:1043C000203A21FA02F00021704721FA02F3D0408E
:1043D000C2F1200291400843194670470029A8BF46
:1043E0007047401C490008BF20F00100704710B41E
:1043F000B0FA80FC00FA0CF050EA010404BF10BCD3
:10440000704749B1CCF1200421FA04F411FA0CF1FF
:1044100018BF012121430843A3EB0C01CB1D4FEA38
:1044200000614FEA102042BF002010BC704700EB33
:10443000C35010440029A4BF10BC7047401C490061
:1044400008BF20F0010010BC70470000064C074D6B
:1044500006E0E06840F0010394E807009847103454
:10446000AC42F6D3FFF77AFE3862010858620108C1
:1044700070B58C1810F8015B15F0070301D110F826
:10448000013B2A1106D110F8012B03E010F8016B53
:1044900001F8016B5B1EF9D12B0705D40023521ED6
:1044A0000DD401F8013BFAE710F8013BCB1A921C3E
:1044B00003E013F8015B01F8015B521EF9D5A1423C
:1044C000D8D3002070BD0000F0B53D48404A0188B7
:1044D0003C4801803C49098841803C4909888180E9
:1044E00011884B0512D50B0510D5CB040ED58B04C6
:1044F0000CD54B040AD5090408D55188CA0705D044
:104500008A0703D5490701D5002100E00121C180B8
:1045100030494FF6FF746FF001058A8820F8082FA4
:104520008A8C02EB820604EA460242802A4A05EBA4
:1045300046061288531E8380C2800681CE8846813B
:104540000E8D06EB860604EA46078781C381028248
:1045500005EB460646820E8986824FF41676C682A1
:1045600003834283B61E86834E88C6830E8C06EB79
:10457000860604EA460707844384828405EB4602E4
:10458000C284CA8902858A8E02EB820604EA460248
:104590004285124A05EB46061288931E8385C28522
:1045A00006860E8A4686098F01EB810104EA4104E2
:1045B0008486C386028705EB41014187F0BD000078
:1045C000DA000020B6390020DC000020DE000020E8
:1045D0008C1100203030002016110020181100200E
:1045E00010F0ADFB064D074C00262068401C2060F3
:1045F000A842FAD904A0266001F00EFFF5E70000FA
:10460000C0C62D00A8000020627573206661756C1D
:10461000740A0D000249088820F03F0008807047A6
:104620008813002000F030B90EB500F001F940F217
:104630000120009004480190044802900821684637
:1046400005F056F80EBD000078563412021008240A
:1046500000F004B900F09AB908B50C4900200C4BE1
:10466000086148618861C8610A490090102201F51B
:10467000106000F013F8012007490090044B8022DD
:1046800001F61C0000F00AF808BD00009812002096
:104690005D47000810740020107500202DE9F041DE
:1046A0001F46DDF8188016460D46040012D08DB165
:1046B000FFF76CFDA561E68105EB06112560C4E9F5
:1046C00001510021A181C4E90478FFF763FD0020B6
:1046D000BDE8F081FF20FBE770B5FF2281B18A8938
:1046E0006AB10A6878CA80E878008868904200D881
:1046F0008A690A608889401E8881002200E00422BD
:10470000104670BD2DE9F0410D4604004FF0FF0743
:104710001FD0114E0121304602F0DDF9A089E18958
:1047200088420CD22ECD60682EC0A168814200D88C
:10473000A0696060A089401CA081002705E0216974
:10474000082711B16069884707460121304602F009
:10475000C6F93846BDE8F081006800400A490B4AB6
:1047600070B11069401C1061642807D3086840F0DC
:1047700001000860086820F0010008600020704710
:104780005069401C5061EFE700680040981200201B
:1047900070B5FF22B0B18289C3899A420CD23AC95E
:1047A00042683AC28168914200D882694260818938
:1047B000491C8181002205E00169082211B140698C
:1047C00088470246D0B270BD2DE9F041154C054630
:1047D0001549204680898A69904200D98861134F23
:1047E0001221384602F077F9A089A8B12668A1689D
:1047F00006F11000814200D8A0692060A089122132
:10480000401EA081384602F06AF996E80F0085E85C
:104810000F000020BDE8F0811221384602F05FF958
:104820000420F7E72C7D002098120020006800404B
:1048300070B5074C074D07E029460748FFF7A8FF6A
:10484000206840F02000206020688007F4D170BD0F
:104850000C680040B06900402C7D002070B5074C0A
:10486000074D07E029460748FFF792FF206840F010
:104870002000206020688007F4D170BD10680040DF
:10488000C06900402C7D00201F4A0421143A1E48B4
:10489000116001681D4A11F0700108D0702906D01E
:1048A0001168491C1160016841F0700101600168E4
:1048B000490706D55168491C51600168144B1940DD
:1048C00001600168890706D59168491C91600168FB
:1048D000104B194001600168C90706D0D168491C16
:1048E000D160016821F001010160016801F47F01DC
:1048F000B1F5202F07D9016821F47F010160024939
:104900000548103908607047186800409812002068
:10491000FBFF00FFFDFFFF000101010070B5044631
:104920000025FFF733FC06461348808928B1134958
:10493000CA69904216D9C86114E011480068C0F3F2
:10494000826078B10F49085C0F4901EB0012606882
:104950005060A0689060E068D060206840F001007E
:10496000106004E021460448FFF7CCFE05463046BF
:10497000FFF710FC284670BD107D00209812002023
:10498000086800400C5D0108806900400D4810B5C2
:1049900081890D4891B10068C0F3826000280CD075
:1049A0000A49085C0A4901EB001406492046FFF752
:1049B00093FE206840F00100206010BD05490160B1
:1049C00010BD0000107D0020086800400C5D01084B
:1049D000806900400101010038B505460C464FF6DC
:1049E000FF70641EADF80000A4B206D315F8010BE9
:1049F000BDF8001000F00CF8F3E76946084600F037
:104A000071FABDF80000010A41EA002080B238BD09
:104A100033B50D46694648F20504084600F077FABA
:104A20009DF80000002185EA00204FF6FF72030484
:104A300003D584EA400080B201E002EA4000491C4C
:104A4000C9B20829F3D33CBD70B523480178234D82
:104A5000234C0229287805D0C8B1012832D0022879
:104A600025D11CE0012802D0022822D107E00FF056
:104A700025F9618888421CD00DF0E6FF19E00FF09F
:104A80001DF9A188884214D00DF040FE11E00FF00E
:104A9000E5F86188C0B2884201D00DF0D5FF0FF073
:104AA000E9F8A188C0B2884201D00DF02FFE0020A5
:104AB00028700FF0EBF8218888420CD0BDE87040D8
:104AC0000DF02CBF0FF0CAF86188C0B28842EED05A
:104AD0000DF0BAFFEBE770BDAE000020B200002081
:104AE000040000200C4900EB40000A780B49002A22
:104AF00001EB80000A490A7806D0012A0BD14088D0
:104B0000002808D1022005E0042A04D140880028AA
:104B100001D1052008707047B20000208C6E002083
:104B2000AE00002010B5094C02220021204602F000
:104B3000FFFA002808D003F023FD20460222BDE83A
:104B40001040002102F0EEBA10BD0000000002404B
:104B50007047000070B51E4800240178012935D146
:104B60001C4D00210170288828B90FF047F810B1BA
:104B70000FF044F807E02888012806D10FF03EF82E
:104B800018B10FF041F8401EC4B21348008838B184
:104B9000844201D3201A02E0001BC0F10A00C4B213
:104BA000288870B1012811D1352014FB00F00B4981
:104BB000BDE8704001EB40016A220948891CFFF7FB
:104BC0005CBB352014FB00F00649F1E770BD000026
:104BD0007E1200206E110020701100208627002018
:104BE000282E00205C230020094AA02808D0A828ED
:104BF0000DD100294FF0100106D0104602F0F2BB93
:104C000000294FF02001F8D1104602F0E9BB7047AF
:104C1000000C014010B5094C2021204602F0E2FBB7
:104C20001021204602F0DEFB4021204602F0D8FB96
:104C30002046BDE81040802102F0D2BB000C0140AC
:104C400070470000114910B5002008701049124A41
:104C50000860104908601060088840F4806008808F
:104C600001200BF045FCA0200AF098FCA0200AF0DF
:104C700027FCA0200AF0D0FAA0200AF03FFBA020D9
:104C80000AF0AEFBBDE8104006F09CBC8800002096
:104C90008C110020901100207012002010B5104AD5
:104CA0000020104C02F10E03014622F8101023F8E8
:104CB0001010042801D224F81010401CC0B207289C
:104CC000F3D30848C238018241828182C1820183C4
:104CD00041838183C183018441848184C18410BD67
:104CE000982F00206E0100202DE9F84F624B634C95
:104CF000634F1D7804F12C0600961E4686465D48DB
:104D000096F801C04FF00A0807F12C0904F15C0A7B
:104D100007F15C0B754504D18C4502D19B78934219
:104D20007DD04FF00009AEF11603754511D00E2B62
:104D30001CD340F8869FC0F80490C0F80890C0F8D3
:104D40002090C0F82490C0F82890BDE8F88F016248
:104D5000FBE74A4D2C3505EB8106494D2C3505EB1B
:104D600081058C451AD0491E0C291AD393FBF8F201
:104D700093FBF8F108FB1232C0F88A90241DC0F8AA
:104D80008E9054F8222040F8862F08FB1131C0F88D
:104D90002490C0F8289054F82110D8E7511E1F29FC
:104DA0001CD3C0F88E9056F8042CC0F88A2093FBD0
:104DB000F8F208FB1232241D3F1D54F8222040F85F
:104DC000862FC0F8289055F8041C416293FBF8F137
:104DD00008FB113137F8211089B2B8E70AEB8201DC
:104DE000241D51F8041CC0F88E1056F8041CC0F89D
:104DF0008A1093FBF8F108FB113154F8211040F8A8
:104E0000861F0BEB820151F8041C816255F8041CCB
:104E1000416293FBF8F108FB11313F1D00E002E015
:104E200057F8211093E70AEB8301163D51F8041C53
:104E3000C0F88E100099241D01EB8C0151F8041C60
:104E4000C0F88A1095FBF8F108FB115154F82110B5
:104E500040F8861F0BEB830151F8041C816209EBBB
:104E60008C0151F8041C416295FBF8F108FB1151CB
:104E7000D3E70000884C002060010020702C002047
:104E80004C2D00200346002123FA01F0C20701F156
:104E9000010101D0C8B27047C9B21029F4D3002073
:104EA00070470000014880797047000090000020A2
:104EB0000FF045FF064D074C00262068401C20607F
:104EC000A842FAD904A0266001F0A6FAF5E700008E
:104ED000C0C62D00A8000020686172644661756C30
:104EE000740A0D0070B500220C881346012505FADE
:104EF00002F10C4205D0C2F10F0605FA06F1194382
:104F00008BB2521CD2B2102AF1D3038070BD70B59F
:104F100000220C781346012505FA02F10C4205D057
:104F2000C2F1070605FA06F11943CBB2521CD2B200
:104F3000082AF1D3037070BD2DE9F05FB44EB54976
:104F40004FF0000996F82A004D464206088A06F1FD
:104F5000220603D5962807D2401C04E0962801D3E8
:104F60004FF0010900200882C889DFF8AC828B4627
:104F700098B34FF0000AA94AABF80EA098F80010B9
:104F8000117098F80130537098F80230937098F8C7
:104F90000330D37098F80430137198F805305371CA
:104FA00098F8060090719E485F4603685BB11C4606
:104FB00013701B0A5370230C9370230ED370001DC3
:104FC0000EF0AFF903E00AF025FC00200146C7E926
:104FD0001201D6F89610C7E91A1A98F800704046E0
:104FE000162F7DD38D4943794A7993421ED190F88B
:104FF00004C091F80480C44518D190F803C091F81A
:105000000380C44512D190F802C091F80280C445D3
:105010000CD190F801C091F80180C44506D191F8F7
:1050200000C0674502D1B9F1000F59D07C4F07F19C
:105030002C0A5C37934241D04FF0000ED846D6F888
:105040009600C8E9180ED8E91A2380EA020C8EEA05
:10505000030371465CEA030C00D0851AC8E91A0103
:10506000B8F8080000B900256B4A907807EB80007B
:1050700050F8041D2944016051780AEB810050F872
:10508000041D2944016010780A22163890FBF2F3BF
:1050900090FBF2FC624902FB1303091D02FB1C009A
:1050A00051F823302B4441F82030D8E91210491927
:1050B00040EB0E00C8F84810CBF84C00DFF85881E0
:1050C000564898F80320C078824214D1534998F882
:1050D000023040468D78AB420DD143784D7800E0E8
:1050E00076E0AB4207D198F800000978884202D1F7
:1050F000B9F1000F40D098F8000098F8011060F363
:10510000070498F8023061F30F24454D63F3174408
:1051100062F31F642C60414C2278904219D05046B3
:105120000C2104F005FB38461F2104F001FB217817
:105130000A22153991FBF2F302FB1312281D0021FC
:1051400040F8221098F800100EF0EBF8CBE91201AD
:1051500006E06078814203D038461F2104F0E8FA67
:105160000721022000F07CF8B9F1000F04D10020E3
:10517000CBF81400CBF8180098F80240404607EB33
:105180008401274F51F8041CC6F8A21098F801308A
:105190003F1D0AEB830151F8041CC6F89E1098F8D5
:1051A00000200A211546163A92FBF1FC01FB1C2156
:1051B00057F82110C6F89A1018490D704B708C7072
:1051C000C278CA7002790A7142794A71807988710D
:1051D000BBF802005C46002818D00020C4E9120089
:1051E000E063A06360636061A061E061206260626F
:1051F0000B480125E580006808B9E08928B90AF064
:1052000009FB0721022000F02BF8E581BDE8F09FA3
:10521000664C0020C811002060010020831100208E
:105220004C2D00200FF08BFD064D074C002620680A
:10523000401C2060A842FAD904A0266001F0ECF8D6
:10524000F5E70000C0C62D00A80000206D656D6F59
:105250007279206661756C740A0D00007047000059
:1052600070B50D460446FEF791FF0C4A04EB44016D
:1052700002EB81020123118903FA05F5294389B262
:1052800011815289114204D00549A3400A88134371
:105290000B80BDE87040FEF77DBF00005C5E002023
:1052A0003C120020124813490088020704D000F085
:1052B0000F0031F81000704710F0F00F05D0C0F368
:1052C000031031F81000001D0EE010F4706F05D0CF
:1052D000C0F3032031F81000083005E0020B05D0C0
:1052E000000B31F810000C3080B27047032070477B
:1052F0003C120020EC5C01080A4B00EB400210B5A8
:1053000003EB82020123148903FA01F10C43A1B2D9
:1053100011815289114204D08340034801880B4314
:10532000038010BD5C5E00203C12002010B500F030
:105330001DF800F005F8BDE8104000F01FB80000AF
:10534000054900200880054908800549088005496D
:1053500008600549086070473C1200204012002098
:105360003E12002044120020481200200249014849
:1053700008607047886E00204C1200200948002108
:105380000A464FF6FF7304C0491C20F8022B89B26D
:1053900020F8062B042920F8042C20F8023CF2D334
:1053A000704700005C5E002070B50446FEF7EEFE1C
:1053B000144E01463068448105892A46254006D0AE
:1053C000A24302810846FEF7E5FE284670BD0E485E
:1053D0000278012090400D4A1388834313800846C9
:1053E000FEF7D8FE00F014F8FEF7D0FE3168024652
:1053F00008890546A04308811046FEF7CBFE05EA62
:10540000040070BD48120020401200203C12002011
:1054100010B5FEF7BBFE0446FFF744FF08490880BD
:1054200008490880084900EB400001EB800007496B
:105430000860FEF7BFFE2046BDE81040FEF7AABE9A
:105440003E120020401200205C5E0020441200202A
:1054500010B5FFF727FF0749074A4880888000EB0F
:10546000400002EB80008860C860BDE81040FEF795
:1054700094BE00003C1200205C5E002070B50C4D14
:1054800014460A462969A1EB82022A6100F014F849
:10549000084A04EB440102EB810108600020888087
:1054A000C880088101202988A0400843288070BD59
:1054B0003C1200205C5E00204FF080720A600A1FE0
:1054C0001060A1F108006FF001020260001F4FF0B0
:1054D00012320260001F4FF003320260001F4FF0D3
:1054E00002320260001F52100260001F00220260A0
:1054F000001F4FF011320260001F4FF010320260A7
:10550000001F4FF009320260001F4FF008320260A6
:10551000001F4FF007320260001F4FF0063202609A
:10552000001F4FF005320260001F4FF0043202608E
:10553000704700002DE9F0412C4F0025A7F124040D
:105540002E460FE0A18851B1E088401C80B2E08077
:10555000884204D3E68000212846FFF7CDFE6D1C6B
:10556000ADB20C34BC42EDD921482249007808B1D3
:105570000E7011E0087806280ED2401CC0B20870E8
:10558000052809D34FF400511B4801F029FF4FF4BF
:1055900080711A4801F026FF19481A49007808B1AD
:1055A0000E7004E00878062801D2401C08701648E6
:1055B0001649007808B10E7004E00878062801D278
:1055C000401C087012480168491C016000684FF4D3
:1055D0007A71B0FBF1F201FB1200002803D1BDE8A3
:1055E000F04101F0BFBABDE8F0810000805E00200C
:1055F0008D12002090120020001001400008014090
:105600008E120020911200208F1200209212002092
:105610000000002002480168491C0160FFF78ABFB2
:10562000501200202DE9F05FB44EB5494FF000094B
:10563000708D4D468204888906F1220603D596288E
:1056400007D2401C04E0962801D34FF00109002046
:1056500088814889DFF8AC828B4698B34FF0000A06
:10566000A94AABF80AA098F80010117098F8013018
:10567000537098F80230937098F80330D37098F80C
:105680000430137198F80530537198F80600907142
:105690009E485F4603685BB11C4613701B0A53703B
:1056A000230C9370230ED370001D0DF03AFE03E01F
:1056B0000AF0BAF800200146C7E91001D6F87610C2
:1056C000C7E9161A98F800704046162F7ED38E4907
:1056D00043794A7993421ED190F804C091F804802E
:1056E000C44518D190F803C091F80380C44512D185
:1056F00090F802C091F80280C4450CD190F801C026
:1057000091F80180C44506D191F800C0674502D1E7
:10571000B9F1000F5AD07D4F07F12C0A5C37934244
:1057200041D04FF0000ED846D6F87600C8E9140EE6
:10573000D8E9162380EA020C8EEA030371465CEA7C
:10574000030C00D0851AC8E91601B8F8080000B9A2
:1057500000256C4A907807EB800050F8041D29441E
:10576000016051780AEB810050F8041D2944016062
:1057700010780A22163890FBF2F390FBF2FC634992
:1057800002FB1303091D02FB1C0051F823302B44BC
:1057900041F82030D8E91010491940EB0E00C8F844
:1057A0004010CBF84400DFF85C81574898F803209C
:1057B000C078824214D1544998F8023040468D781E
:1057C000AB420DD143784D78AB4200E075E007D194
:1057D00098F800000978884202D1B9F1000F40D052
:1057E00098F8000098F8011060F3070498F8023068
:1057F00061F30F24454D63F3174462F31F642C607B
:10580000414C2278904219D050460C2103F090FF71
:1058100038461F2103F08CFF21780A22153991FBAD
:10582000F2F302FB1312281D002140F8221098F811
:1058300000100DF076FDCBE9100106E060788142A2
:1058400003D038461F2103F073FF06210220FFF723
:1058500007FDB9F1000F04D10020CBF81400CBF8FC
:10586000180098F80240404607EB8401274F51F892
:10587000041CC6F8821098F801303F1D0AEB830122
:1058800051F8041CC6F87E1098F800200A2115462D
:10589000163A92FBF1FC01FB1C2157F82110C6F8C7
:1058A0007A1019490D704B708C70C278CA700279E9
:1058B0000A7142794A7180798871BBF802005C46AE
:1058C000002818D00020C4E910002063E062A06224
:1058D0006061A061E061206260620C480125A580E2
:1058E000006808B9608928B909F09EFF06210220E6
:1058F000FFF7B6FC6581BDE8F09F0000664C002014
:10590000C8110020600100207C110020702C0020B4
:1059100070B5104C0025608A401E00B260820028DD
:105920000EDA02206082207810B1012807D104E04D
:10593000FFF778FE0120207002E0FFF7FDFA2570E6
:10594000A088002805D0E088002802D06580A580C6
:10595000E58070BDC8110020FEB5026844F25024F5
:10596000131B6F4901266F4DA2426BD009DCA2F5D3
:105970000472B2F580420ED0102A21D0202A34D1F0
:1059800034E0202B48D0302B73D003F57363B3F58C
:10599000804F2AD180E00279437902EB03220A800A
:1059A0008279C37902EB03224A80037A427A03EBBD
:1059B00002228A80827A8A71C07AC871AE7083E0CE
:1059C0000279437902EB03220A818279C37902EBDF
:1059D00003224A81027A437A02EB03228A81827A85
:1059E000C07A02EB0020C881EE706AE00279437948
:1059F00002EB03220A828279C37902EB03224A82F4
:105A0000027A437A02EB03228A82827AC07A02EB1C
:105A10000020C8822E7154E00379427903EB022200
:105A20000A838279C37902EB03224A83027A437A9A
:105A300002EB03228A83827AC07A02EB0020C883B9
:105A40006E713EE0027901F8202F4279837902EBF2
:105A500003224A80C2790A71027A437A02EB032256
:105A6000CA80827AC07A02EB00200881AE7128E0F9
:105A7000FFE7027901F82A2F42794A7082798A7009
:105A8000C279CA70027A0A71427A4A71827A8A713C
:105A9000C07AC871EE7114E00279437902EB0322F7
:105AA00021F8322F82798A70C279CA70027A437AD9
:105AB00002EB03228A80827AC07A02EB0020C8803F
:105AC0002E72A878002829D0E878002826D02879D6
:105AD000002823D06879002820D0A87900281DD07C
:105AE000E87900281AD0287A002817D000244FF42B
:105AF0008440CDE9000408216846029403F0F8FDD3
:105B00002E702C82AC70EC702C716C71AC710649EB
:105B1000EC712C72488820F01C004880FEBD00000B
:105B200044160020160000209011002070B5036874
:105B300040F259363A4C01223A49A3F25935B34260
:105B400041D008DCA3F54073513B09D0042B1DD094
:105B5000052B49D126E0032D41D0052D44D142E04B
:105B60000379457903EB052323808379C57903EB1A
:105B700005236380057A437A05EB0323A380837AA8
:105B8000C07A03EB0020E0804A7230E00379457967
:105B900003EB052323818379C07903EB0020608127
:105BA0008A7221E00379457903EB0523A381857986
:105BB000C37905EB0323E381037A407A03EB0020EA
:105BC0002082CA7210E00379A3744379E374837965
:105BD0002375C3796375007AA0750A7304E00079B0
:105BE000E0754A7300E08A73487A002817D0887AF3
:105BF000002814D0C87A002811D0087B00280ED0C5
:105C0000487B00280BD0887B002808D04A700020F1
:105C1000488248728872C87208734873887370BD6E
:105C20007E160020160000202DE9F05FB34FB24E23
:105C300000253A683068C2F39022294690427DD010
:105C4000DFF8BC82DFF8BCA2DFF8BC92DFF8BCB2A0
:105C5000386805F10A02D04003D13268EA40012ACF
:105C600002D0012803D039E10020306036E13068ED
:105C7000E8400128F7D00DF0C7FFC4B2092C02D8C4
:105C8000641CE4B202E00A2C00D10124204609F091
:105C9000F7FF9F490120641E0870A0B201210AF09D
:105CA0002FFBA0B201210AF019FBA0B205F164019B
:105CB0000AF002FB9749A0B209880AF057FB9649FF
:105CC000A0B209880AF02EFB9449A0B209880AF014
:105CD0003BFB9349A0B209880AF052F89149A0B25F
:105CE00009880AF017F89049A0B2B1F900100AF03B
:105CF00073FB8E49A0B209880AF05AF98C49A0B208
:105D0000B1F900100AF07AFB8A49A0B209880AF0BA
:105D10003DF98949A0B209880AF00AF98749A0B279
:105D200009880AF0CFF88649A0B209880AF05EF81F
:105D30008449A0B209880AF08FF800E0DAE08249CD
:105D4000A0B209880AF062F98049A0B209880AF075
:105D5000DBF97F49A0B209880AF0C4F97D49A0B2F5
:105D600009880AF089F97C49A0B209880AF072F919
:105D70007A49A0B209880AF0A3F97949A0B2098842
:105D80000AF08CF97749A0B2098809F0D5FF764965
:105D9000A0B2098809F09AFF7449A0B2B1F90010C5
:105DA0000AF0F6FA7249A0B2098809F0D7FF7149E2
:105DB000A0B2098809F09CFF6F49A0B2B1F90010A8
:105DC0000AF0F8FA6D49A0B209880AF08DF86C491A
:105DD000A0B209880AF052F86A49A0B2098809F00D
:105DE000E1FF6949A0B209880AF012F86749A0B238
:105DF00009880AF08BF86649A0B209880AF050F8C1
:105E00006449A0B2098809F0DFFF6349A0B209889C
:105E10000AF010F86149A0B209880AF087F96049D0
:105E2000A0B209880AF004F95E49A0B2B1F90010E5
:105E30000AF02CFB5C49A0B2B1F900100AF014FB87
:105E4000B8F90000BAF90010884201DD81B200E023
:105E500089B2A0B209B20AF0F5FAB9F90000BBF9AB
:105E60000010884201DD81B200E089B24F48B0F9EC
:105E70000000884200DD81B2A0B209B20AF0D0FA77
:105E8000A0B200210AF076F9A0B200210AF084F94C
:105E9000A0B200210AF092F9A0B200210AF0A0F904
:105EA000A0B200210AF0AEF9A0B200210AF0BCF9BC
:105EB000A0B200210AF0CAF9A0B200210AF0D8F974
:105EC000A0B200210AF0E6F9A0B200210AF040F9E0
:105ED00001203168A8400143316001216D1CEDB201
:105EE000102DFFF4B5AE012904D1BDE8F05F01200B
:105EF0000AF0E6BABDE8F09F8C0000208C1100206B
:105F00005C1100205E110020601100206211002051
:105F10007E120020DA000020DC000020DE000020DD
:105F200016110020181100201A1100201C11002049
:105F30001E11002020110020221100202411002019
:105F400026110020281100202A1100202C110020E9
:105F50002E110020301100203211002034110020B9
:105F600036110020381100203A1100203C11002089
:105F70003E11002040110020421100204411002059
:105F800046110020481100204A1100204C11002029
:105F90004E110020501100205211002054110020F9
:105FA00056110020581100205A11002064110020C1
:105FB0002DE9F04F0646354887B050F82650AC1C06
:105FC000DE35022E01D0002E5DD1207949285AD12C
:105FD0006279412A57D1A179502954D1E3790D2B07
:105FE00051D1CDE90421069303906078E278A1783D
:105FF0008DE80700237826A22DA149200EF0A0FEEF
:10600000207849283FD1607841272A494FF00D0A6E
:106010004FF0280B4FF043084FF04B0956281AD089
:10602000492830D1A07843282DD1E0784D282AD1B5
:106030000420887085F800B06F7085F8028085F8BC
:10604000039085F804A007B029463046BDE8F04F1C
:10605000052209F017BDA078452814D1E0784D2815
:1060600011D1012016B1022E03D003E002228A7161
:1060700000E088718870104C20460EF0FBFD204631
:106080000EF093FDD6E707B0BDE8F08FB42F0020E7
:106090006F746120726563763A25632563256325F5
:1060A00063256325632563253032780A0D000000DF
:1060B0006D6F6400AC00002000040040014988714D
:1060C00088817047900000200149087070470000E7
:1060D0007C120020114882B0016841F0010101608A
:1060E000416841F080014160002344F62061009343
:1060F000009A521C00928A42FAD34360C36201683C
:10610000074A114001604FF47F018160016821F46A
:106110008021016002B00EF083BC0000001002403C
:10612000FFFFF6EA70B506F05DFB0C4D0446012159
:1061300028460EF090FD00280ED00948007803286C
:1061400004D11CB1641EE0B20AF0EEF92846BDE8A5
:10615000704001210EF07CBD70BD000000040040C5
:10616000AE00002010B5114C0F4920460EF029FF5B
:1061700010B1032009F084FB0D4920460EF021FFE9
:1061800010B1032009F03AFC032120460EF0FAFE7C
:10619000002808D0032120460EF0EAFE2046BDE884
:1061A00010400EF0A7BE10BD05030500004C0040D6
:1061B0000703070070B5244E224930460EF001FF58
:1061C000224C234D30B1042009F05AFB20780328DB
:1061D0000CD020781F4930460EF0F3FE10B3042097
:1061E00009F00CFC207803280FD01BE03C200AF0BB
:1061F0009BF92978022906D00129EBD1022104203C
:1062000009F0BEFAE6E70021F9E72978022902D071
:10621000012903D006E00421002001E0042102202E
:1062200009F0AEFA032130460EF0ACFE002808D08B
:10623000032130460EF09CFE3046BDE870400EF063
:1062400059BE70BD0503050000500040AE0000209F
:10625000B20000200703070070B5224E20493046E7
:106260000EF0AFFE204C214D40B12078022802D123
:106270002878032811D0002009F002FB1C49304681
:106280000EF09FFED8B1002009F0B8FB0020FEF709
:1062900029FC207802280BD011E03C200AF044F9B8
:1062A000002009F0EDFA0421002009F069FAE5E781
:1062B0002878032803D10021042009F061FA032182
:1062C00030460EF05FFE002808D0032130460EF065
:1062D0004FFE3046BDE870400EF00CBE70BD0000B1
:1062E0000503050000380140B2000020AE00002088
:1062F0000703070010B5114C0F4920460EF061FE50
:1063000010B1012009F0BCFA0D4920460EF059FEEB
:1063100010B1012009F072FB032120460EF032FE7D
:10632000002808D0032120460EF022FE2046BDE8BA
:1063300010400EF0DFBD10BD050305000044004015
:106340000703070070B5224E204930460EF039FE93
:10635000204C214D40B12078012802D12878032813
:1063600011D0022009F08CFA1C4930460EF029FEAB
:10637000D8B1022009F042FB0220FEF7B3FB2078DF
:1063800001280BD011E03C200AF0CEF8022009F0E1
:1063900077FA0421022009F0F3F9E5E728780328C9
:1063A00003D10221042009F0EBF9032130460EF05D
:1063B000E9FD002808D0032130460EF0D9FD304613
:1063C000BDE870400EF096BD70BD000005030500ED
:1063D00000480040B2000020AE0000200703070084
:1063E0000EF0ADFC064D074C00262068401C2060D6
:1063F000A842FAD904A0266000F00EF8F5E70000E4
:10640000C0C62D00A8000020557361676520666135
:10641000756C740A0D0000000FB4054B10B503A98C
:10642000044A029800F02CF810BC5DF814FB000040
:10643000397300082C1600200FB4084B10B504A9BE
:1064400002AA039800F01CF8044602A9002000F0FC
:1064500042FA204610BC5DF814FB0000D768000823
:1064600002E008C8121F08C1002AFAD1704770471D
:10647000002001E001C1121F002AFBD1704700007B
:106480002DE9FF4F8DB00F460546002606E0252872
:106490000BD0DDE90F1290476D1C761C2878002880
:1064A000F5D111B03046BDE8F08F0024A246A146D8
:1064B0000122E94900E0044315F8013F203B02FABC
:1064C00003F00842F7D128782A2810D06FF02F0265
:1064D0002878A0F13001092914D80AEB8A0102EBCF
:1064E000410144F0020400EB010A6D1CF0E701CF0A
:1064F0005FEA000A03D544F40054CAF1000A44F0EC
:1065000002046D1C28782E2817D115F8010F44F0CD
:1065100004042A280ED06FF02F022878A0F1300151
:1065200009290AD809EB890102EB410100EB0109B5
:106530006D1CF2E757F8049B6D1C28786C280FD06F
:1065400006DC4C2817D068280DD06A2814D104E046
:10655000742810D07A280FD10DE044F400140AE01A
:1065600044F4801401E044F440146978814202D17B
:1065700004F580146D1C6D1C28786E281ED00CDC70
:10658000632830D004DC00288BD0582811D19FE03C
:10659000642867D069280CD164E073282DD004DC0E
:1065A0006F2872D0702804D194E075286ED07828B6
:1065B0006DD0DDE90F129047761C4BE1C4F3025019
:1065C000022806D0032809D0042801CF09D006608C
:1065D00040E101CFF117C0E900613BE101CF068046
:1065E00038E1067036E117F8040B8DF80000002042
:1065F0008DF80100EB46012003E057F804BB4FF093
:10660000FF3061074FF0000102D40DE008F10101F5
:10661000884649450FDA8045F8DB1BF80810002949
:10662000F4D108E008F1010188468142FADB1BF849
:1066300008100029F6D1DDE90F23AAEB08008146F6
:10664000214600F031F9304400EB080604E0DDE9B2
:106650000F121BF8010B9047B8F10108F7D2214641
:106660004846F2E00A21C4F302524FF0000B0891B1
:10667000022A04D001CFC117032A09D00AE0FF1D66
:1066800027F00707F7E8020108E02CE01EE01FE012
:1066900000B2C117042A01D140B2C117021E71F124
:1066A000000206DA0023D0EB030063EB01012D2288
:1066B00002E0220504D52B228DF82420012203E0DC
:1066C000E20701D02022F7E7904653E00A210BE0D1
:1066D000102109E010214FF0000B44F004044FF0AA
:1066E0000809089103E008214FF0000B0891C4F35A
:1066F0000252022A04D001CF0021032A06D006E06C
:10670000FF1D27F00707F7E8020103E080B2042A23
:1067100000D1C0B24FF0000822072BD52A78702A8A
:1067200007D0DDF820C08CF0100C5CEA0B0C05D013
:106730000EE040228DF82420012208E050EA0103F7
:1067400006D030238DF824308DF825200222904683
:10675000089B83F0080353EA0B030BD150EA0102B4
:1067600001D1620706D530228DF824204FF00108B0
:10677000A9F101092A78582A04D038A20B9208AA54
:106780000A920BE03AA2F9E75B46089AFDF744FD4E
:106790000B9B9B5C0A9A521E0A92137050EA0102EC
:1067A000F2D10A98ADEB000000F1200B600702D592
:1067B00024F4803401E04FF00109D94502DDA9EB52
:1067C0000B0000E0002000EB0B0141440890AAEB15
:1067D000010AE00306D4DDE90F232146504600F00C
:1067E00063F806444FF0000908E009A911F8090010
:1067F000DDE90F12904709F10109761CC145F4DB70
:10680000E0030CD5DDE90F232146504600F04CF89B
:10681000064404E0DDE90F1230209047761C089909
:10682000481E08900029F5DC08E00A980A990078CB
:10683000491C0A91DDE90F129047761CBBF100015B
:10684000ABF1010BF1DC21465046DDE90F2300F0EE
:1068500019F806446D1C21E6092801003031323355
:10686000343536373839616263646566000000008C
:106870003031323334353637383941424344454676
:10688000000000002DE9F041044600251E46174691
:10689000880404D405E039462020B0476D1C641EEE
:1068A000F9D52846BDE8F0812DE9F04104460025E0
:1068B0001E469046C80301D5302700E020278804F3
:1068C00004D505E041463846B0476D1C641EF9D535
:1068D0002846BDE8F0810A68531C0B6010707047B1
:1068E000084910B5884202D140F2194401E040F253
:1068F0001A44204601F022FE2046BDE8104001F077
:106900000FBE000000640040F0B5827A304D0121D6
:1069100091402A6842F001022A602D4E1C363268EE
:106920008A4332602A4AC4892A4B0C32B4B91468AB
:106930008C431460C48847882404C7EA0404478948
:1069400003EBC707C7F84046848807882404C7EAD2
:106950000404478903EBC707C7F84446C489012CE0
:1069600016D114680C431460028844881204C4EAE7
:106970000202448903EBC404C4F840268288C48818
:106980001204C4EA0202448903EBC403C3F8442698
:106990000F4A8389121D002B13680DD00B4313601F
:1069A0000B4A03891432002B136807D00B43136082
:1069B000007C012804D006E08B43F0E78B43F6E728
:1069C000306808433060286820F001002860F0BD7E
:1069D000006600400060004070B54FF6FF72056829
:1069E0001346002425F002050560056845F0010501
:1069F000056000E05B1E4568ED0701D1002BF9D171
:106A00004368DB0748D04B784FF0407505EA0363D5
:106A10000D784FF4702643EA85738D7806EA0545B4
:106A20002B43CD784FF4E00606EA05552B434D89FC
:106A30006D1EC5F309052B43C3610B79012B036858
:106A40002CD023F0800303604B79012B036828D0FE
:106A500023F0400303608B79012B036824D023F0DB
:106A600020030360CB79012B036820D023F01003AF
:106A700003600B7A012B03681CD023F0080303602A
:106A8000497A0129016818D021F0040101600168E8
:106A900021F00101016014E000241AE043F08003BA
:106AA000D1E743F04003D5E743F02003D9E743F0B3
:106AB0001003DDE743F00803E1E741F00401E5E7F7
:106AC000521E4168C90702D0002AF9D101E002B183
:106AD0000124204670BD42698A4342617047426981
:106AE0000A434261704741B1002238B1012814D0F5
:106AF00002281DD0032826D0FEE7FEE74A71CA719E
:106B00008A7140F2FF3048810A724A700220887010
:106B1000CA700A714A720A7070470120C8810A74EB
:106B20000A810A804A808A80CA808A814A817047A5
:106B300000200B18401CC0B2DA720828F9D38A7200
:106B40004A600A720AE000200B18401CC0B2DA72D8
:106B50000828F9D38A724A600A72CA744A720A60B3
:106B60007047000002480168491C0160704700003E
:106B7000BC1100202DE9F0410F46804600240C4D49
:106B80004FF4967602E00120FEF70EFC68780128AB
:106B900003D12046641CB042F5D3012068703A4608
:106BA0004146044800F098FB00216970BDE8F0817F
:106BB000B8110020385400202DE9F84F9146824644
:106BC0000F460D46FF2900D9FF250024174E4FF42C
:106BD000967802E00120FEF7E7FB7078012803D1E8
:106BE0002046641C4045F5D30120707010492A46A8
:106BF000504601F8019B06F013F90D496D1CEAB2ED
:106C0000A1F6F40000F026FB044600207070234635
:106C100008A210A1492000970EF092F8394650467C
:106C20000EF090F82046BDE8F88F0000B811002063
:106C30002C5D0020696E7075742066726F6D206423
:106C4000737020646174615B25645D3A25640A0D8C
:106C5000000000006669666F000000002DE9F04149
:106C60000F46804600240C4D4FF4967602E001203A
:106C7000FEF79AFB2878012803D12046641CB04215
:106C8000F5D3012028703A464146044800F024FB21
:106C900000212970BDE8F081B81100202C5000209F
:106CA0002DE9F84F914682460F460D46FF2900D93F
:106CB000FF250024174E4FF4967802E00120FEF7DE
:106CC00073FB3078012803D12046641C4045F5D37E
:106CD0000120307010492A46504601F8019B06F009
:106CE0009FF80D496D1CEAB2A1F5406000F0B2FAC0
:106CF000044600203070234608A20FA149200097C7
:106D00000EF01EF8394650460EF01CF82046BDE83D
:106D1000F88F0000B81100202C5C0020696E70759F
:106D200074203264737020646174615B25645D3A21
:106D300025640A0D000000006669666F000000000F
:106D4000084910B54FF48062A1F10C0000F062FA1E
:106D50000549BDE810404FF4FD62A1F10C0000F0C0
:106D600059BA000038500020445400202DE9F8435F
:106D70003B4D0024009468793A4E274606F11808E6
:106D8000072868D2DFE800F00467671A2A2F3A0064
:106D900033493448AF71891D1830FFF75FFF002871
:106DA0005AD0AB7930A236A149200DF0C9FF012499
:106DB0006C71F0688047032068714DE0A879012468
:106DC000401E81B2726808F101009047AB792EA293
:106DD00033A149200DF0B4FF0420EDE7B0688047EF
:106DE00001240520E8E70124366800234FF4FA6205
:106DF00021022C48B04700900620DDE731690124CC
:106E000068468847002827D027A225A14920009B53
:106E10000DF096FF0098042810DD98F80020FF2A56
:106E200003D0C1B21F48FFF7C7FE1E4840780628AE
:106E300001D010280ED1212028810BE01FA00DF0D9
:106E40007DFF20A216A15720009B0DF079FF26A000
:106E50000DF074FF02246F712046BDE8F883000036
:106E6000A8110020144E00206F75747075742032C4
:106E700064737020646174613A25640A0D00000037
:106E80006669666F00000000647370206669666F53
:106E9000207772697465203A25640A0D00000000AD
:106EA000444556002C4F0020647370206669666F5D
:106EB0002072656164203A25640A0D001B5B333340
:106EC0006D000000646576206669666F20646174F9
:106ED0006120666F726D206572726F72204C454E34
:106EE0003A25640A0D0000001B5B306D0A0D00009E
:106EF00010B5084CE07930B1FFF738FF012801D018
:106F00000020E07110BD00F017F80128FAD0012030
:106F1000F7E70000A8110020064902680A604268ED
:106F20004A6082688A60C268CA6000690861FFF7C7
:106F300007BF0000144E00202DE9FF415B4E0024E6
:106F4000009430892546212802D12220F070358115
:106F5000564871780527564A0123C068082951D23E
:106F6000DFE801F0042C50505055629FDFF844C117
:106F70003279DCF8041032B16046012A806817D0FB
:106F8000022A02D00AE0F16013E0F278571CF77091
:106F9000212A03D9F570DCF80C0009E0B278521C04
:106FA000D2B2B270642A02D9B5703571EBE7337191
:106FB000F0603079401C3071737024E08078D8B173
:106FC00002207070D0681546804703207070F0680A
:106FD00001242146837802883548183006F05CFB8E
:106FE0000146009032486A6818309047042070705B
:106FF000A8688047777006E03078411C31700F2810
:1070000001D93570757004B02046BDE8F0818078F4
:10701000012407EB4001156800234FF4487226480D
:10702000A8470090062030E011690124684688478F
:107030000028E8D021A225A14920009B0DF080FE68
:107040000098042823DD81B20195029501AA1A480F
:10705000039506F071FB58B9F0689DF80C20817813
:10706000B2EB410F04D143680299194898470AE0EE
:1070700018A00DF063FE19A214A145200DF060FECA
:107080001CA00DF05BFE022407207070BBE71BA064
:107090000DF054FE1BA20DA15720009B0DF050FED9
:1070A000EEE7357073700830F060ACE7A81100208F
:1070B000144E0020C45C01082C4F002072656164EE
:1070C000206473703A25640A0D00000044455600A0
:1070D000664C00201B5B33316D0000006465762038
:1070E0006461746120666F726D206572726F720ADE
:1070F0000D0000001B5B306D0A0D00001B5B33337D
:107100006D000000646576206461746120666F72B2
:107110006D206572726F72204C454E3A25640A0DDF
:1071200000000000436889008A40134343607047B1
:1071300010B58C001346A24001EB810100EB8101E8
:10714000022B04D0042B08D0082B0CD0FEE70068DB
:107150008968104001F002010AE000688968104067
:1071600001F0040104E000688968104001F00801A2
:1071700010B109B1012010BD002010BD2DE9F0476C
:10718000D1E90176D0E900320024DFF848A0D1F837
:107190000CC0D1F800902146544409EB021502EBD3
:1071A000040885EA080507EB521885EA08052B4410
:1071B00006EB031503EB040885EA08050CEB5318EE
:1071C00085EA0805491C2A442029E5D3C0E9003294
:1071D000BDE8F087B979379EC28881888A4201D993
:1071E000501A06E0914201D1002070470089891AA7
:1071F000401A80B2704770B50C460546FFF7ECFFA9
:107200002989641C081A401EA04201DB012070BDC0
:10721000002070BD016000218180C1800281704723
:107220008388C28893B15B1E9A4211D003899A4227
:107230000ED203689954C188491C89B2C180028961
:10724000914201D30021C180012070470389EAE700
:10725000002070472DE9F0410C46164607461146BE
:10726000FFF7C9FF002813D031463846FFF7D8FF93
:1072700000280DD0002508E014F8011B3846FFF760
:10728000CFFF002804D06D1CEDB2B542F4D301202D
:10729000BDE8F0818188C088814201D1012070471A
:1072A0000020704770B50D460446FFF7F3FF88B91C
:1072B000A088218988420DD22168085C2870A088A6
:1072C000401C80B2A0802189884201D30020A08088
:1072D000012070BD002070BDF8B517460C4606466B
:1072E000FFF77AFF050005D0B1883068405C401C8C
:1072F000A84201D90020F8BD39463046FFF7D2FF39
:107300000028F8D03878A84202D808B100250EE04D
:10731000F088B080EEE769463046FFF7C3FF0028EB
:10732000E9D09DF800006D1C04F8010BEDB238782F
:10733000A842F0D80120F8BD2DE9F0410B4F0646D8
:10734000C1B2002438460DF0D9FD4FF0005503E0DE
:107350002046641CA84205D2072138460DF012FED3
:107360000028F5D03046BDE8F0810000004C004018
:1073700030B5124D104B45F255541A462C60EC684E
:10738000521E04F0010402D0002CF8D100E04CB9E8
:107390006960E9685B1E01F0020102D00029F8D1A2
:1073A00002E009B1002030BDC0F30B00A8604AF62E
:1073B000AA202860012030BDFFFF0F0000300040F0
:1073C00002494AF6AA2008607047000000300040D9
:1073D00002494CF6CC400860704700000030004085
:1073E00041617047016170472DE9F04301F00F04DE
:1073F000CD0602D5042A18D0144300224FF00F09FD
:107400004FF0010808FA02F51D4019D007689600F0
:1074100009FA06FC27EA0C0704FA06FC4CEA070CFA
:10742000282908D0482908D008E0C26B44F003049A
:107430001A43C263E1E7456100E00561C0F800C09E
:10744000521C92B2082ADDD3082208FA02F51D4028
:1074500014D047689600203E09FA06FC27EA0C077C
:1074600004FA06FC4CEA070C282902D0482902D06D
:1074700002E0456100E00561C0F804C0521C92B210
:10748000102AE2D3BDE8F0838068084000D00120D4
:107490007047C068084000D001207047F0B5144C18
:1074A000002801DAE36900E06368450D2E0185B22A
:1074B000C0F30157B540C0F30342032F05D0C60205
:1074C0000AD503269640B34307E023F0E0626368E1
:1074D00023F0E063636002E0AB4343F0E06201B19C
:1074E0002A43002801DAE261F0BD6260F0BD0000CD
:1074F000000001402DE9F0414FF48041480300F0C5
:1075000005F90DF011FC08F025F93D484FF47A71AA
:10751000002600680725B0FBF1F0401E4FF00F0871
:10752000B0F1807F08D24FF0E0214861354AF02069
:1075300082F8140D8E610D6101F02EF8FA21002001
:1075400005F0E0FAFA21012005F0DCFAFA21022028
:1075500005F0D8FAFA21032005F0D4FAFA21042024
:1075600005F0D0FA01220021042005F065FC01227B
:107570000221002005F060FC01221146104605F0B2
:107580005BFC02220121032005F056FC02210522AA
:10759000084605F051FC06F009F9FDF7C7FE1AA2EE
:1075A0001CA11FA0FEF738FF01F058FD4FF48077B3
:1075B000002239462048FDF761FF204C0A200122B5
:1075C000E680A08039461E48FDF758FF04206082FF
:1075D00014262682022239461A48FDF74FFFE5831A
:1075E000A683032239461848FDF748FFA4F82A80ED
:1075F00064202085FDF72CFF0020BDE8F08100000D
:10760000381200200FE000E031313A35313A3030A5
:10761000000000004D6172202034203230323400EE
:10762000415050207374617274200A0D202573201C
:1076300025730A0D00000000D99E00085C5E002042
:10764000758F00083D9B00084597000800F01F0259
:10765000012191404009800000F1E020C0F8801134
:107660007047000070B5054622480E4600240168A8
:107670002346C1F3022107291AD00168C1F3022170
:10768000062917D00168C1F3022105290DD0016830
:10769000C1F30221042910D00068C0F3022003289E
:1076A0000ED04FF4A06000F027F80224234608E033
:1076B000042306E00124032303E00324012300E064
:1076C0000424C4F104008640C3F104010F20C84023
:1076D0001040304305F1E021000181F8000405F07D
:1076E0001F01012088406909890001F1E021C1F8EA
:1076F000000170BD0CED00E002490843024908603A
:10770000704700000000FA050CED00E0024A11404D
:10771000014302480160704780FFFF1F08ED00E051
:107720004A780B7802EB03220280CA788B7802EB4E
:10773000032242804A790B7902EB03228280CA79C4
:107740008B7902EB0322C2804A7A0B7A02EB032286
:107750000281CA7A8B7A02EB032242814A7B0B7B3D
:1077600002EB03228281CA7B8B7B02EB0322C28164
:107770004A7C0B7C02EB03220282CA7C8B7C02EBEC
:10778000032242824A7D0B7D02EB03228282CA7D64
:107790008B7D02EB0322C2824A7E0B7E02EB032228
:1077A0000283CA7E8B7E02EB032242834A7F0B7FD9
:1077B00002EB03228283CA7F897F02EB0121C1830E
:1077C00001207047F8B516460D4600F12204CA2A7A
:1077D0000CD9BBA00DF0B2FACA23BBA2C1A14520AF
:1077E00000960DF0ADFAC0A00DF0A8FA68782978DF
:1077F00000EB01202080E978AA78A81C01EB022187
:10780000618069792A7901EB0221A180E979AA795D
:1078100001EB0221E180697A2A7A01EB02212181C0
:10782000417A027A01EB02216181417B827A037BFA
:1078300001EB0261C27A120402EB03221144E160FF
:10784000C17B827B01EB02212182417C027C01EB26
:1078500002216182C17C827C01EB0221A182417DF7
:10786000027D01EB0221E182C17D827D01EB0221DB
:107870002183417E027E01EB02216183C17E827EF3
:1078800001EB0221A18310F81D1F10F8012C01EB60
:107890000221E183817810F8012F01EB022121847C
:1078A000C178827801EB022161844179027901EB90
:1078B0000221A184C179827901EB0221E184417A1C
:1078C000027A01EB02212185C17A827A01EB022141
:1078D0006185417B027B01EB0221A185C17B827B1B
:1078E00001EB0221E185417C027C01EB0221218632
:1078F000C17C827C01EB02216186417D027D01EB2E
:107900000221A186C17D827D01EB0221E186417EBB
:10791000027E01EB02212187C17E827E01EB0221E2
:107920006187417F027F01EB0221A18710F81F1FB1
:1079300010F8012C01EB022124F83E1F817810F889
:10794000012F01EB02216180C178827801EB0221D5
:10795000A1804179027901EB0221E180C17982792C
:1079600001EB02212181417A027A01EB022161813E
:10797000C17A827A01EB0221A181417B027B01EB7A
:107980000221E181C17B827B01EB02212182417CCA
:10799000027C01EB02216182C17C827C01EB02212D
:1079A000A182417D027D01EB0221E182C17D827DC8
:1079B00001EB02212183417E027E01EB02216183E2
:1079C000C17E827E01EB0221A183417F027F01EB18
:1079D0000221E183C17F807F01EB002020844448A5
:1079E000628CC17C437D61F3000263F34102037C3E
:1079F00063F38202837C63F3C302437C63F3041268
:107A000062840288A284B0F90C200A2392FBF3F26C
:107A1000E2844288228582886285C288A2850289A2
:107A2000E28542892286C08960863248324D3E3CDA
:107A30000288012A30D1B4F8C6606EB369BBB4F8CD
:107A4000601062F30001827E62F34101827862F38A
:107A50008201027962F3C301827962F30411A4F80E
:107A60006010C18AA4F86210418AB1FBF3F1A4F856
:107A700064100189A4F866104189A4F8681081890E
:107A8000A4F86A10C189A4F86C10018AA4F86E10D9
:107A9000008BA4F8700004E019B1288840F00200BF
:107AA00002E0288820F002002880608C0090638823
:107AB00012A21AA149200DF043F90120F8BD0000DF
:107AC0001B5B33316D0000007265616C2031204C0E
:107AD000454E204552524F523A25642C25640A0DDA
:107AE00000000000445350001B5B306D0A0D000085
:107AF000122200203E230020941100207265616C48
:107B0000206D6F64653A25642C6F757420766F6CF8
:107B10007461653A25640A0D00000000647370000A
:107B20002DE9FC41AF2716460D4600F12204AF2A8D
:107B30000DD92CA00DF002F9CA232CA232A14520A8
:107B4000CDE900670DF0FCF830A00DF0F7F8E8780B
:107B500015F8011B00EB016015F8011B15F8022B4D
:107B6000090401EB02210844C4F87200E87815F812
:107B7000011B00EB016015F8011B15F81D2B090412
:107B800001EB0221084444F8760F15F8030929781F
:107B900000EB0160697815F8022F090401EB02215E
:107BA0000844E061687915F8021F00EB016069780C
:107BB00015F8022F090401EB022108442062E87E37
:107BC000A97E00EB0120A087687F297F00EB0120C0
:107BD000E087E87FA97F00EB0120A4F840000120A6
:107BE000BDE8FC811B5B33316D0000007265616C88
:107BF0002032204C454E204552524F523A25642C9B
:107C000025642C25640A0D00445350001B5B306D25
:107C10000A0D00002DE9FC41AF2716460D4600F184
:107C20002204AF2A0DD91EA00DF088F8CA231EA287
:107C300024A14520CDE900670DF082F822A00DF0C7
:107C40007DF8E8782978AA7800EB01606978090462
:107C500001EB0221084444F8BA0FE8792979AA799E
:107C600000EB01606979090401EB022108446060BE
:107C7000687A297A00EB01202081E87AA97A00EB62
:107C800001206081687B297B00EB0120A081E87BDB
:107C9000A97B00EB0120E0810120BDE8FC81000010
:107CA0001B5B33316D0000007265616C2032204C2B
:107CB000454E204552524F523A25642C25642C25BE
:107CC000640A0D00445350001B5B306D0A0D000028
:107CD000F8B516460D4600F1EC04C02A0CD9B5A043
:107CE0000DF02CF8C023B5A2BAA1452000960DF0E6
:107CF00027F8B9A00DF022F86878297800EB012068
:107D00002080E978AA78A81C01EB022161806979BA
:107D10002A7901EB0221A180E979AA7901EB0221FC
:107D2000E180697A2A7A01EB02212181417A027A83
:107D300001EB02216181C17A827A01EB0221A181EA
:107D4000417B027B01EB0221E181C17B827B01EB64
:107D500002212182417C027C01EB02216182C17CF3
:107D6000827C01EB0221A182417D027D01EB022197
:107D7000E182C17D827D01EB02212183417E027E71
:107D800001EB02216183C17E827E01EB0221A1838E
:107D900010F81D1F10F8012C01EB0221E1838178FE
:107DA00010F8012F01EB02212184C178827801EBC8
:107DB000022161844179027901EB0221A184C17918
:107DC000827901EB0221E184417A027A01EB0221FE
:107DD0002185C17A827A01EB02216185417B027B98
:107DE00001EB0221A185C17B827B01EB0221E185B0
:107DF000417C027C01EB02212186C17C827C01EB6B
:107E000002216186417D027D01EB0221A186C17DB7
:107E1000827D01EB0221E186417E027E01EB02219F
:107E20002187C17E827E01EB02216187417F027F33
:107E300001EB0221A18710F81F1F10F8012C01EBA4
:107E40000221674A24F83E1F1180817810F8012F23
:107E500001EB02216180C178827801EB0221A180CF
:107E60004179027901EB02215E4AE1801180C179FA
:107E7000827901EB02215C4A21811180417A027AE8
:107E800001EB02216181C17A827A01EB0221A18199
:107E9000417B027B01EB0221E181C17B827B01EB13
:107EA00002212182417C027C01EB02216182C17CA2
:107EB000827C01EB0221A182417D027D01EB022146
:107EC000E182C17D827D01EB02212183417E027E20
:107ED00001EB02216183C17E827E01EB0221A1833D
:107EE000417F027F01EB0221E18310F81F1F10F890
:107EF000012C01EB022124F8201F817810F8012FBA
:107F000001EB02216180C178827801EB0221A1801E
:107F10004179027901EB0221E180C179827901EB9B
:107F200002212181417A027A01EB02216181C17A29
:107F3000827A01EB0221A181417B027B01EB0221CC
:107F4000E181C17B827B01EB022124F8101F417C7F
:107F5000027C01EB02216180C17C827C01EB022169
:107F6000A180417D027D01EB0221E180C17D827D06
:107F700001EB02212181417E027E01EB0221618120
:107F8000C17E827E01EB0221A181417F027F01EB54
:107F90000221E181C17F807F14A201EB00202082B9
:107FA00020880090238C1DA149200CF0C9FE0120DF
:107FB000F8BD00001B5B33316D00000053455420B9
:107FC00031204C454E204552524F523A25642C25C3
:107FD000640A0D00445350001B5B306D0A0D000015
:107FE0006C110020681100206A110020775468721B
:107FF0006573686F6C64534F434D696E5F4F5032C9
:108000003A25642C624F7665724C6F6164427970D8
:10801000617373456E3A25640A0D000073657444FC
:10802000617461310000000038B500F5B67448781D
:108030000A7800EB02202080C8788A7800EB0222C0
:1080400051486280028048790A7900EB0220A080C2
:10805000C8798A7900EB0220E080487A0A7A00EB3E
:1080600002202081C87A8A7A00EB02206081487B56
:108070000A7B00EB0220A081C87B8A7B00EB0220F8
:10808000E081487C0A7C00EB02202082C87C8A7C4C
:1080900000EB02206082487D0A7D00EB0220A08276
:1080A000C87D8A7D00EB0220E082487E0A7E00EBDC
:1080B0000220208311F81B0F11F8012C00EB022085
:1080C0006083887811F8012F00EB0220A083C87824
:1080D0008A7800EB0220E08348790A7900EB0220DD
:1080E0002084C8798A7900EB02206084487A0A7A71
:1080F00000EB0220A084C87A8A7A00EB0220E08498
:10810000487B0A7B00EB02202085C87B8A7B00EB42
:1081100002206085487C0A7C00EB0220A085C87C98
:108120008A7C00EB0220E085487D0A7D00EB02207E
:108130002086C87D8A7D00EB02206086487E0A7E0C
:1081400000EB0220A086C87E8A7E00EB0220E0863B
:10815000487F0A7F00EB02202087C87F897F0BA21F
:1081600000EB0120608720890090E38813A149205B
:108170000CF0E6FDA0890090638913A20FA14920AD
:108180000CF0DEFD012038BDD01100207754696D60
:10819000696E674F5032537461727454696D653AF9
:1081A00025642C774475726174696F6E54696D65CE
:1081B0005F4F50323A25640A0D0000007365744425
:1081C0006174613200000000774475726174696FF8
:1081D0006E54696D655F4F50323A25642C77546850
:1081E000726573686F6C64566F6C744D696E5F4F27
:1081F00050323A25640A0D0048780A7800EB0222D2
:1082000022480280CA788B7802EB032242804A79A6
:108210000B7902EB03228280CA798B7902EB03226D
:10822000C2804A7A0B7A02EB03220281CA7A8B7AE5
:1082300002EB032242814A7B0B7B02EB0322828109
:10824000CA7B8B7B02EB0322C2814A7C0B7C02EB54
:1082500003220282CA7C8B7C02EB032242824A7D8B
:108260000B7D02EB03228282CA7D8B7D02EB03220F
:10827000C2824A7E0B7E02EB03220283CA7E897E83
:1082800002EB012141830120704700003E230020C2
:108290000248416A41F0807141627047001002401B
:1082A00070B545A188B02EC98DE82E0043A1464D7A
:1082B000D1E90021CDE9042140A10446D1E9002102
:1082C000CDE9062169680020404BC1F3810121B14D
:1082D0003F4A01294BD0022901D01A4647E069687C
:1082E0004FF4803301F4803199421ED1E96A11F0D4
:1082F000804F00D0374AE96A01F4803199420DD1AC
:10830000E96AC1F30313E96A5B1CC1F30321891C09
:10831000112900D11421B2FBF3F24A43E96A01F0BA
:108320000F01491CB2FBF1F300E02B4B69686A684E
:10833000C1F38341920001D541F010016A685200F7
:1083400001D541F020010F2901D2891C06E0A1F1DD
:108350000F022F2A01D8491C00E03F2103FB01F244
:108360000F2904D103EB4301490001EB5302696873
:108370006B68C1F303111DF8011022FA01F1C3F378
:10838000022304AE6D68F35C21FA03F3C5F3C22542
:1083900006AE755D21FA05F544B1012C08D0022C1A
:1083A00008D0032C00D1284608B070BD1046FBE76A
:1083B0000846F9E71846F7E7000000000000000053
:1083C00001020304060708090010024000127A00A7
:1083D00040787D01006CDC0200093D00064A02EB9A
:1083E0009011096800F01F0201209040014201D065
:1083F000012070470020704700100240054901EB42
:1084000090110A6800F01F030120984002430A609F
:10841000704700000010024070B50023384D1C4624
:108420001C285FD007DC50B3102810D0182847D084
:108430001A2863D14DE0B0F5006F13D0B0F5106F7E
:1084400033D000F57F60B0F5804F57D122E04FF672
:10845000FF751120FFF7C2FF5B1C08B9AB42F8D1D2
:10846000112047E040F601066FF07C453046FFF7EB
:10847000B5FF5B1C08B9AB42F8D130463AE04FF487
:10848000A0650120FFF7AAFF5B1C08B9AB42F8D139
:1084900001202FE043F211063046FFF79FFF5B1CDF
:1084A0000028EAD1AB42F7D1E7E740F601163046A3
:1084B000FFF794FF5B1C0028DFD1AB42F7D1DCE76C
:1084C0001920FFF78BFF5B1C08B9AB42F8D11920CC
:1084D00010E01B20FFF782FF5B1C08B9AB42F8D10C
:1084E0001B2007E01D20FFF779FF5B1C08B9AB429A
:1084F000F8D11D20FFF772FF00B10124204670BDA6
:10850000FFFF0F00054901EB90110A6800F01F03FF
:108510000120984002430A607047000000100240AA
:10852000054901EB90110A6800F01F0301209840F3
:1085300082430A607047000000100240054901EBC9
:1085400090110A6800F01F030120984002430A605E
:1085500070470000001002400849282251F82010FE
:1085600001F8DE2F41224A7043228A704B22CA70E2
:108570000D220A71052207F085BA0000B42F0020F1
:108580000448811D02880A8042884A808088888049
:10859000704700000A0000200020044A014622F82B
:1085A0001010401CC0B20328F9D3704710000020FF
:1085B0002DE9F0417B4903227B480B7801270026F7
:1085C0007A4D7B4C012B7DD04978012976D10280F0
:1085D000012007F031FB774BEF742146D87D00F086
:1085E00030022A74608862F3041060805A88002A7E
:1085F00067D0AE7420F004004880988800287DD0B1
:108600006E74488820F00800488018886880A88028
:10861000D888E8802A819888688118891C4600EBF0
:1086200080004000A881987D28750A88002363F3A4
:108630008E3263F3CF320A804A8863F3000263F319
:1086400041024A8004F0BCF85B4901EB4010C6824D
:1086500004F0B6F8594FA98907EB8010018404F0A3
:10866000AFF807EB8010A189418304F0A9F807EB6C
:108670008010E189018304F0A3F807EB801046869F
:1086800004F09EF807EB8010C68604F099F807EB1B
:108690008010468704F094F807EB8010C68704F03A
:1086A0008FF8474C00EBC00004EBC000C68004F01C
:1086B00087F800EBC00004EBC0008680BDE8F081C5
:1086C00000E065E00280012007F0B6FA3948EF7457
:1086D0003A3890F8201001F008022A74618862F399
:1086E0000411618090F82A20AA2A3AD0AE7421F0B1
:1086F0000401618090F82B10AA2900E04CE034D0EE
:108700006E74618821F004016180028990F8341050
:10871000B2FBF1F3B2FBF1F26B80AA80428947F21F
:108720003053B2FBF1F2EA808289A2F5EA42303A94
:108730002A81C2899A1A6A81827902EB82025200E6
:10874000AA8129752188002262F38E31C08C62F3E0
:10875000CF312180618810F0A00F0BD041F00101D2
:108760000AE0AF7441F00401C3E76F74618841F01F
:108770000801C9E721F0010110F0500F618088B2B3
:1087800002D040F0020001E020F00200608095E796
:10879000AF7440F004002FE76F74488840F0080081
:1087A00032E7000016000020E60000201222002020
:1087B000901100207E16002096160020961D0020A5
:1087C000161900202DE9F041324A8046324C52F809
:1087D00028702089DE3718B1401E2081BDE8F08165
:1087E000218103F0F3FF2D4E032806F120051CD054
:1087F000E87C90B1218D00208AB236F8101021F06B
:10880000010141F0020162F3840121F4FC6126F8C8
:108810001010401C80B20F28EFD900F001F9E87C5D
:108820000026D0B10120207027E000F03BF86089DD
:10883000226B16F81010C1F3820102EB8101C2B263
:108840000B683946404698470121404607F0FAF93F
:1088500000F0E6F8FFF7ACFEE1E7207880B10020F9
:108860006071AE740E486E742E74018821F440411C
:108870000180418821F01F014180012005F0D6FAD6
:10888000A08B401C80B2A0831428A7D307F022F944
:10889000A683A3E7B42F00202C000020F2210020A3
:1088A000901100202DE9F0415B4C5C4D214666891A
:1088B000098D4FF0005735F816008AB206F1010114
:1088C000C30589B229D520F4F07025F816004305B8
:1088D00002D520F0010013E0B4F92C20C0F382038C
:1088E000521E934206DA07EB70104FEAF06125F84A
:1088F00016100AE020F0020094F82A2040F001004F
:1089000062F3840025F816006181608935F8101043
:1089100021F4007125F810101CE0C3075ED007EBAE
:1089200030204FEA3060C0F3421125F816000529C7
:1089300010D320F0E000A03020F0030020F480608D
:1089400062F3840025F81600F0B200F0A9FA6089FD
:10895000401C6081608986425CD0012700266089C6
:108960000F2830D96681B4F822C0A4F824C06684E8
:10897000208C00B12684E08B401C81B20F2900D9E5
:108980000021002015F81020D20708D0638C07FAC8
:1089900000F21A436284814201D1491C89B2401C11
:1089A00080B20F28EED9E08C401C82B2E284608C49
:1089B000844502D108B1032A05D9E6842784E183DE
:1089C0000F2900D9E683608935F810108A071AD478
:1089D000228C7AB1E28B90420ED012E020F48060BB
:1089E00020F0020062F3840020F0E00225F8162057
:1089F0006181AFE7CA0704D041F0020125F81010E9
:108A000001E0401C608160890F28A8D815F810008B
:108A10008007A4D5BDE8F0812C000020F2210020C1
:108A20002DE9F05FDC48DFF874B34FF000090188EE
:108A3000ABF80410DA49012758460988ABF8021050
:108A4000D8490BF11608D94E0988ABF80610ABF8D7
:108A50000890ABF80A908BF813908BF812708BF893
:108A600011908BF8109080F81590A0F80C90A0F859
:108A70000E90A0F80090CC498BF8149088F81390D1
:108A80004878CA4678B38BF813700A7E8BF81420A6
:108A9000B1F90E30584693FBF2F3ABF80430B1F95C
:108AA0000C3093FBF2F3ABF80230B1F9103093FBCA
:108AB000F2F2ABF806204A8AABF808208A8AABF8B3
:108AC0000A20CA788274738862F382030A79427436
:108AD00062F3C3038A78027462F304137380C98A51
:108AE000ABF80C103BE1FFE70024AC48203810F84D
:108AF0001400C00770D0AE4A09F101000FFA80F9E6
:108B0000108807FA04F140F001000143A6481180E3
:108B1000C17909B98471C7718BF8137088F8137023
:108B2000408B414601282FD0A2480A4600EB84150D
:108B300095F828000875A04901EB441109887029AF
:108B400059D0B5F9001091FBF0F191805180B5F941
:108B5000021091FBF0F0D080A988A8F80810E988ED
:108B6000A8F80A10298CA8F80C10B5F90E00FCF72B
:108B700089F9A8F80E006889010641D588F812A085
:108B8000718821F0040140E0844B04EB84028C33B3
:108B9000404633F81210A8F80410A8F8021003EBAE
:108BA0004201603B4A88A8F806208A88A8F8082075
:108BB000CA88A8F80A2004EB440233F81220A8F867
:108BC0000C2088F81470A8F80EA0B1F908105246CD
:108BD0000B0602D5827401E09CE087744B0601D439
:108BE000477400E04274890602D588F8107055E099
:108BF00088F8102052E02888908050806888AAE782
:108C000088F81270718841F004017180410605D422
:108C100088F81170718841F0080104E088F811A00B
:108C2000718821F008017180800605D588B288F826
:108C3000107040F0100004E088F810A0708820F058
:108C400010007080B5F91200C107318802D041F4DC
:108C5000804101E021F4804131808107318802D5D3
:108C600041F4004101E021F400413180C10601D40A
:108C7000410603D5718841F0010102E0718821F0BD
:108C800001017180810601D4000603D5708840F08F
:108C9000020002E0708820F002007080B8F8041032
:108CA000ABF80410B8F80210ABF80210B8F80610D0
:108CB000ABF80610BBF80810B8F808304246194463
:108CC00009B247F230535846ABF80810994200DD1C
:108CD000038141895589294409B24181994200DDC6
:108CE00043818189938919448181C18909B9D189D5
:108CF000C181117D017501B90775917C09B980F8B1
:108D000012A0517C01B1477498F81010A9B18BF8EA
:108D1000107012E0264807FA04F102888A432249BB
:108D200002808879A04204D1CA79012A01D181F850
:108D300007A04A79A24200D148711848203830F87B
:108D40001400400501D58BF81570641C24B20F2C5B
:108D50007FF7CBAE9BF8131009B98BF812A0ABF8D4
:108D60000090BBF904004FF416725946904203DCA0
:108D70004FF4F072904200DA8A80887C08B181F862
:108D800010A0B9F1000F05DDB1F90C2092FBF9F04C
:108D9000ABF80C00BDE8F09F6A1100201222002001
:108DA000681100206C1100202C0000209011002080
:108DB000E6000020961D00209616002070B526497A
:108DC00051F820000021841C02780170072A38D352
:108DD0006078032835D1214D20786989884230D1C7
:108DE000698BA07801292DD0401D904229D1A0186F
:108DF000801E0CF022F986B2921E91B22046FBF73B
:108E0000EBFDB0421DD1164E68896A6B16F8101042
:108E1000C1F3820102EB8102C1B212682046904781
:108E2000688936F8101041F4807126F8101004207B
:108E300028810C480078012803D10B490888401C80
:108E4000088070BDE17801EB00204FF6FF7101EA68
:108E50004000801D80B2C8E7B42F00202C00002005
:108E6000F2210020AC000020CE00002009480A4A70
:108E700000210180D27C02B10121018007490988CB
:108E80004905018802D441F0020101E021F002010C
:108E900001807047E4000020122200209011002081
:108EA000164901EB801220210023491E09B222F845
:108EB000023B0029F9DC124901EB40121021491E46
:108EC00009B222F8023B0029F9DC0E4901EBC0028D
:108ED0000421491E09B222F8023B0029F9DC0949A4
:108EE00000EBC000803101EBC0012020401E00B229
:108EF00021F8023B0028F9DC70470000961D002095
:108F00009616002096180020184928200222088171
:108F1000002048814B8B0885012B1DD001204885FE
:108F20008A8501F138020A6308324A63C885098DCF
:108F30000F4A00208BB232F8101021F0010141F0ED
:108F4000020163F3840121F4FC6122F81010401C3B
:108F500080B20F28EFD97047488504488A85483089
:108F6000086308304863CA85E1E700002C00002050
:108F7000F2210020204D214E002028803080FFF774
:108F8000C3FF03F0A7F84FF6FF784FF416790127D7
:108F90004046FCF709FA0446800702D50120FFF796
:108FA0000DFFE007F4D0288830B1012004F078F9F3
:108FB0004946012000F016FC308880B9288870B13D
:108FC0000FA00BF0BBFE2B880FA214A157200BF0B3
:108FD000B7FE13A00BF0B2FE3780FFF795FF03201A
:108FE00009F05EFB0BF07EFE288808B10BF0E4FE72
:108FF000FEF7E6F9CCE700008A11002054120020A9
:109000001B5B33336D0000007265696E6974206606
:109010006C61673A25640A0D00000000626D730000
:109020001B5B306D0A0D000020210148FEF7D8B906
:109030000008014010B520210648FEF7D3F9064983
:10904000B1F8000120F4FF7040F40070A1F80001B5
:1090500010BD000000080140487D002070B50025CB
:109060002C4640F61C10FFF7B9F928B1012429A2BB
:109070002DA149200BF064FE40F61B10FFF7AEF95E
:1090800038B12BA228A149200BF05AFE44F002046B
:10909000012540F61F10FFF7A1F938B129A222A13E
:1090A00049200BF04DFE012544F0040440F61E104B
:1090B000FFF794F930B129A21BA149200BF040FE23
:1090C00044F0080440F61D10FFF788F930B128A2DB
:1090D00015A149200BF034FE44F0100440F61A109C
:1090E000FFF77CF9274E38B127A20FA149200BF0DA
:1090F00027FE44F0200400E025B1D8212148FBF7E9
:10910000D5F834607068401C7060BDE87040FFF7AF
:10911000BFB800000D0A0D0A20736F6674207265D7
:109120007365740A0D0000007265736574000000B9
:109130000D0A0D0A20706F77657220726573657471
:109140000A0D00000D0A0D0A206C6F7720706F77F2
:1091500065722072657365740A0D00000D0A0D0AB0
:1091600020777764672072657365740A0D000000CC
:109170000D0A0D0A20667764672072657365740AAC
:109180000D000000007C01200D0A0D0A2070696EA0
:109190002072657365740A0D000000002DE9F0412E
:1091A0001E4617460C460546384606F047FB012882
:1091B000FAD0287820706878032180306070A6701B
:1091C0002046FBF709FC010AE17020712146384670
:1091D000BDE8F041052206F055BC2DE9F04799465F
:1091E00092460C460546504606F028FB0128FAD068
:1091F000E878A97800EB012087B26879297900EB3B
:1092000001201FFA80F828782070687860704FEA93
:1092100048000325A07000260DE0384649468847DF
:10922000010A61556D1CE9B27F1C6054491C761C13
:10923000BFB2CDB2F6B24645EFD329462046FBF782
:10924000CBFB010A61556D1CE9B26054491CCAB2DE
:109250002146504606F016FC5046BDE8F047012175
:1092600006F0F0BC2DE9F05F04460E46C078A17808
:10927000002700EB01201FFA80F860789A46934699
:10928000062807D060792179E51D00EB01201FFA3F
:1092900080F91BE04FF00109251D17E0687815F8EB
:1092A000021B524600EB012081B24046904703006A
:1092B00008F101001FFA80F806D05A4631462046D0
:1092C000BDE8F05FFFF76ABF7F1CFFB24F45E5D3F3
:1092D000584606F0B3FA0128FAD02078307060784A
:1092E0007070A078B070E078F0702079307160799B
:1092F000707106213046FBF76FFB010AB171F07106
:1093000008223146584606F0BDFB5846BDE8F05FDE
:10931000012106F097BC00002DE9F0412A4F012100
:109320003846FEF7B1F8294C012600250028607B5D
:109330000FD0FF2801D2401C6073C0B219280ED193
:1093400006F08EFCE07B142801D3A68207E0A582FC
:1093500005E0401E182801D207F0DCF865730421EF
:109360003846FEF791F808B1A67304E0A07B08B177
:1093700007F09EF8A57302213846FEF785F850B134
:10938000E17B642901D2491CE173C8B2462809D1A6
:1093900007F0D0F806E0E07B401E452801D207F038
:1093A00031F9E57308213846FEF76EF80028207C75
:1093B00005D0322801D2401C2074BDE8F08108B1EC
:1093C00006F056FC2574F8E700100140C812002092
:1093D0002DE9F0411B4C0026A57815B16D1EA57036
:1093E00004E0A070E17022716371A671E278164802
:1093F0004FF400710AB30D460746FEF74AF80028FD
:10940000A07900F10100C0B2A0710CD0217988428E
:1094100007D3A67129463846FDF7E2FFE078401EE3
:10942000E070BDE8F08161798842FAD3A6712946DF
:109430003846BDE8F041FDF7D5BFBDE8F041FDF786
:10944000CFBF0000C81200200010014070B5434C8F
:10945000434A02F1C000A18C0088042901D00023F6
:109460000CE0C30709D1830707D4430705D40307DA
:1094700003D4C30601D4830601D501235370B4F885
:109480004E31EBB3042901D1527812B1C20707D192
:1094900004E000230322012108462DE0820604D5C2
:1094A0000023192201211A2026E0820705D4420751
:1094B00003D4020701D4C00604D5012200231146BB
:1094C000022019E0E08DC20704D0012200231146DA
:1094D000052011E0C20403D501231A4603210AE046
:1094E000800701D5012903D194F8300000072BD55E
:1094F0000023012211460A20FFF76AFFE18D00E0F8
:1095000022E0184D880703D4480701D408070AD57C
:1095100002212846FDF766FFE18D880707D448073A
:1095200005D4080703D402212846FDF759FF02217C
:109530002846FDF7AEFF00284FF00101284608D06D
:10954000BDE87040FDF74EBF00231A461946184685
:10955000D2E7BDE87040FDF743BF0000664C002035
:10956000C812002000140140F0B589B040F2197013
:10957000FEF7C8FF40F21A70FEF7C4FF40F2036026
:10958000FEF7C0FF4FF4C060FEF7BCFF324C4FF453
:109590008053032248212046FDF726FF631403224F
:1095A00018212046FDF720FF05A90020FDF79BFAB2
:1095B00069460020FDF797FA284F3846FDF790F9E5
:1095C000002401258DF814408DF8154004268DF8EF
:1095D000166003208DF818408DF81C408DF8170098
:1095E0008DF819508DF81D500C208DF81A40ADF8EB
:1095F0001E008DF81B5005A93846FDF7EDF9ADF8B2
:109600000A40ADF80C40ADF80040ADF80440ADF8AC
:109610000E50ADF80240ADF80640ADF808408DF8A8
:1096200010506846FDF770F90F20ADF80A00684643
:10963000FDF76AF902213846FDF751FA074818305C
:10964000016841F0700101600548046044604472A3
:109650000672847209B0F0BD000C01400068004041
:10966000301600207047000010B51F49002288B056
:1096700008784FF4FA73012806D1088A401C80B29A
:109680000882984200D90A704878012806D1488A91
:10969000401C80B24882984200D94A70134C03A8FB
:1096A000FBF792F800281DD10398400D0090059813
:1096B000019006980290E07C0028F0D103F086F833
:1096C0000328ECD10098A0F251300D2803D8684649
:1096D000FCF72CFAE3E70398C00800906846FCF713
:1096E0003BF9DCE708B010BD16000020282200205E
:1096F0001FB50268042303EBC202CDE900214168D3
:109700000291806803906846FBF708F91FBD0000CE
:109710000649002031F8102022F4007221F81020B0
:10972000401CC0B28128F5D370470000487D00205E
:109730000022134603E040F82230521C92B28A42C3
:10974000F9D370471E48018821F0100101800120E3
:10975000FBF72AFE04211B48FDF744FE1A4D1B4E61
:109760004FF6FF773846FBF71FFE0446400705D546
:10977000174806F0E7FE174901200870E007F1D00E
:1097800001F022FD2888401C80B22880192803D9C6
:1097900011490020088028803088401E0004000CF9
:1097A0003080DFD10A2030800A490C4809F01CFDC6
:1097B0000B4901280870D5D1FCF7AAF8D2E70000C0
:1097C00094110020000C0140DE12002088120020BD
:1097D00067010020C0110020BC12002060010020A1
:1097E000C1110020074A52F82000B0F8C0218A4277
:1097F00003D2521CA0F8C0217047002180F8BC1190
:1098000070470000B42F00202DE9FC4161498046DB
:1098100051F8280000F1DE04093009F04DFE05463C
:10982000042269465CA003F0FBFA04225CA001A9B3
:1098300003F0F6FA2A460821684609F0BFFA282004
:109840002070562060706520A0707220E0703A256C
:109850002571412767716B20A31D0022032103F0AE
:10986000DFFF202666724420A0726120E07274201F
:10987000207365206073A57304F10F010C224BA0C7
:1098800003F0CEFA04F11A01092245A003F0C8FA48
:1098900084F822604D2084F8230084F8245084F852
:1098A0002570502084F8260084F8270084F828606A
:1098B000522084F82900404884F82A5004F12B01F2
:1098C0000768B8B203F0D5FF04F12F01380C03F09C
:1098D000D0FF84F833604E2084F83400364884F892
:1098E000355004F136014768B8B203F0C2FF04F105
:1098F0003A01380C03F0BDFF84F83E60452084F83F
:109900003F004E2084F84000432084F8410084F852
:109910004250B8F1020F0CD0302084F843004422AA
:109920000D20A05421464046521C06F0ABF8BDE87D
:10993000FC81312084F843009DF801009DF800105F
:1099400000EB012004F1440180B203F092FF9DF886
:1099500003009DF8021000EB012004F1480180B2E1
:1099600003F087FF9DF805009DF8041000EB01202F
:1099700004F14C0180B203F07CFF9DF807009DF8D4
:10998000061000EB012004F1500180B203F071FFDA
:109990005422C5E7B42F0020464C530D00000000B0
:1099A00031313A35313A3030000000004D617220DB
:1099B0002034203230323400007C012010B50446BF
:1099C0000F4850F82410487A891C4F280BD1087A88
:1099D000502808D1487A452805D1887A4E2802D1E6
:1099E000C87A0D2804D02046BDE8104003F0CABE56
:1099F00001200BF091F92046BDE81040FEF7ACBD08
:109A0000B42F002070B505464A484B4E50F825400B
:109A1000617AA41C572904D0422922D0412941D07F
:109A20004CE0207A522849D1A07A0D2846D13088BE
:109A300030B902F0DDFE032802D1607A312803D06C
:109A4000607A302806D06AE00121284606F05CFDE5
:109A5000012004E00021032006F056FD00203080A4
:109A600062E0607A5F2829D1A07A502826D1207B35
:109A70000D2823D1207A30382072E07A3038C0B2F5
:109A8000E072217A40EA01260AF000F9B04246D09D
:109A9000207A052843D8E07A022840D8304606F0DC
:109AA000A7FA2FE0207A442808D1607A442805D10B
:109AB000A07A522802D1A07B0D2808D002F098FE8F
:109AC000A8422CD102F088FE01281FD027E0E07ABE
:109AD0003038E072207B30382073617B303961731D
:109AE000E07A642210FB02F2207B00EB800002EBA4
:109AF00040000844C4B20AF0C3F8A0420FD0204688
:109B000006F068FA012006F0E3FC0DE03088012839
:109B100005D1E11D032002F031FB012804D02846C5
:109B2000BDE8704003F02EBE2846BDE87040FEF749
:109B300013BD0000B42F0020A4000020A04800277F
:109B40000780FBF77FF8FAF787FDFFF78BFDDFF85B
:109B500070829C4E9C4DDFF87492DFF874A24FF631
:109B6000FF7BA8F106085846FBF71EFC044640069A
:109B700010D5012006F0B4FC0021A020FBF734F83A
:109B8000A02002F0CBF90121A020FBF72DF8002046
:109B900006F0A6FC200610D5012006F0A1FC00214D
:109BA000A020FBF721F8A02002F07CF90121A020E1
:109BB000FBF71AF8002006F093FCE00516D501200B
:109BC00006F08EFC0021A020FBF70EF8A02001F08B
:109BD0000FFF0121A020FBF707F8002006F080FC12
:109BE0003078012802D12888401C2880A00516D58D
:109BF000012006F075FC0021A020FAF7F5FFA02057
:109C000001F066FF0121A020FAF7EEFF002006F028
:109C100067FC3078012802D16888401C68806005A4
:109C20001AD5012006F05CFC0021A020FAF7DCFF29
:109C3000A02001F08FFF012801D1FAF705FF0121D3
:109C4000A020FAF7D1FF002006F04AFC3078012866
:109C500002D1A888401CA88020051AD5012006F052
:109C60003FFC0021A020FAF7BFFFA02001F0AEFFCB
:109C7000012801D1FAF7E8FE0121A020FAF7B4FF8C
:109C8000002006F02DFC3078012802D1E888401C25
:109C9000E880A00702D5002003F0FAF8A00602D55C
:109CA000022003F0F5F8E0073FF45DAF99F80000FB
:109CB0004C46022806D02078052813D020780328A7
:109CC0002BD03DE043A247A149200BF039F80420F6
:109CD00000F056F90320A8F80200FAF7B5FE0320B9
:109CE00020702DE040A0FCF797FB062189F80010BA
:109CF00000F00EF942494148C86072B6012080F375
:109D00001388BFF34F8F3F4908683F4A00F4E06073
:109D100010430860BFF34F8FFEE702F063FD78B990
:109D20002770FAF791FE3C2006F0FEFB374C2046E8
:109D30000AF09BFF20460AF033FF0120FCF7C4F92C
:109D40009AF80000544602280AD0002003F0A8FA2E
:109D50004FF416710020FFF745FD2078012807D049
:109D6000022003F09DFA4FF416710220FFF73AFD2E
:109D7000FFF77AFCFBF758FFFAF7ECFE244800885F
:109D8000042805D123480088012801D1FAF79CFB5B
:109D900001F062FB01F08CFB01F0B8FB01F0E4FB89
:109DA000B8F80400401C80B2A8F80400192803D3B6
:109DB000322801D3A8F80470FFF758F8D3E6000062
:109DC00084120020AC0000206E010020AE000020B4
:109DD000B200002064737020656E74657220636D3C
:109DE000640A0D006F7461000A0D20656E7465725F
:109DF00020626F6F74200A0D20200000383252005C
:109E0000007C01200CED00E00400FA050004004095
:109E1000661100207211002010B504462C4850F83D
:109E200024108A7A891C422A04D0522A17D0562A32
:109E30001FD02AE0487A452827D1887A522824D191
:109E4000087B0D2821D1C97A2248312902D000216E
:109E5000017038E001210170FAF720FF33E0487A01
:109E60004C2812D1887A59280FD1087B0D282AD086
:109E70000BE0487A492808D1887A522805D1C87A57
:109E8000502802D1087C0D2804D02046BDE810409F
:109E900003F078BC0A7BC87B303A02EB4203C3EB89
:109EA000C21200EBC202487B642310FB03F3887BE1
:109EB000084900EB800003EB400010448031A0F51E
:109EC000A050D03848862046BDE81040FEF744BB7D
:109ED000B42F0020AC00002002F00EFE0949002043
:109EE000094C0A4E08804FF6FF7701253846FBF7EC
:109EF0005BFAC007FAD020780028F7D101F081FA88
:109F00003580F3E794110020AE0000208A11002074
:109F100010B52620FDF79AFB2720FDF797FB34208C
:109F2000FDF794FB2520FDF791FB3520FDF78EFB17
:109F3000FF20FDF78BFB0B480BF010F80A480BF0E5
:109F40000DF80A480BF00AF809480BF007F8094821
:109F50000BF004F808480AF023FEBDE8104007485B
:109F6000FCF7BEBC003801400044004000480040FF
:109F7000004C0040005000400004004000680040D9
:109F8000002246F2A81307E0002100BF491C89B255
:109F90009942FAD3521CD2B28242F5D370470020C4
:109FA00000BF401CC0B21928FAD37047002000BF80
:109FB000401CC0B26428FAD3704700002DE9F04776
:109FC0003F4CA08C012801D100F0C8FCFFF7A0FB9A
:109FD000E08CDFF8EC80002508F1C008142804D2DA
:109FE000401CE08406F016FB2EE0E079354E012798
:109FF0004FF4205920B93188484603F019FBE77126
:10A00000308890B12F4803F0B1FEB4F9120040F649
:10A01000B831884202DA401C608215E06582294628
:10A020003580484603F004FB0EE008F01DFF05F004
:10A0300023FB98F80000C00705D0758039463780AB
:10A04000484603F0F5FA6582B8F80000410709D4E4
:10A05000C10607D4010705D4810703D4C10701D184
:10A06000800601D525856582174EB6F8560118B1D0
:10A070002585FEF7DFFF0BE0208D4FF41671884237
:10A0800004D2401C80B220858842F2D3FEF7CCFF78
:10A09000B6F84E0120B9002201213F2005F05AFDFB
:10A0A000A08C401C80B2A084052806D3A58401F0B2
:10A0B00009F9BDE8F04701F0CBB8BDE8F087000032
:10A0C000C81200204A7E0020664C0020164910B5B8
:10A0D00001EB80100A21B0F93A0090FBF1F000B2D8
:10A0E000002809DB632800DD632082B200230321FE
:10A0F000184602F0FFF90FE0404200B2632800DD8D
:10A10000632082B200230321184602F0F3F90022F3
:10A110000121652005F01EFD00220121BDE810404F
:10A12000084605F017BD0000961D0020164910B521
:10A1300001EB80100A21B0F93E0090FBF1F000B273
:10A14000002809DB632800DD632082B2002303219D
:10A15000052002F0CFF90FE0404200B2632800DD95
:10A16000632082B200230321052002F0C3F90022FC
:10A1700001211D2005F0EEFC00220121BDE8104068
:10A18000352005F0E7BC0000961D0020154910B5EC
:10A1900001EB8010B0F932100A2091FBF0F18CB283
:10A1A000B4F57A7F02D3B4FBF0F408E00A2C01D2B4
:10A1B000002404E000220121632005F0CBFC0023F1
:10A1C00022460321184602F095F901210022084693
:10A1D00005F0C0FC00220121BDE81040532005F02D
:10A1E000B9BC0000961D0020154910B501EB801088
:10A1F000B0F936100A2091FBF0F18CB2B4F57A7FF9
:10A2000002D3B4FBF0F408E00A2C01D2002404E0ED
:10A2100000220121232005F09DFC0023224603217A
:10A22000052002F067F900220121352005F092FC9B
:10A2300000220121BDE81040332005F08BBC000056
:10A24000961D00202D4910B501EB80104FF47A7156
:10A25000B0F918400A20002C1FDB42F20F72944222
:10A2600001DD4C1E0AE08C4203DB94FBF0F004B2EB
:10A2700004E0002201212B2005F06CFCA2B2002397
:10A280000321052002F036F90A2C2ADA00231A46A7
:10A290000621072008F006FD23E0624214B28C423A
:10A2A00001DB63240AE0632C03DD94FBF0F004B2CD
:10A2B00004E0002201212B2005F04CFCA2B2002377
:10A2C0000321052002F016F90A2C05DA00231A46AC
:10A2D0000621072008F0E6FC002201211D2005F0E0
:10A2E00039FC00220121352005F034FC0022012137
:10A2F000BDE81040392005F02DBC0000961D00205F
:10A300000E4910B501EB8010C089FAF7BBFD02467B
:10A31000632800D9632200230221012002F0EAF819
:10A3200000230F221946072008F0BCFC002201215F
:10A33000BDE81040084605F00DBC0000961D002049
:10A34000114910B501EB8010072140890023C0F3AB
:10A350000B1404F00F02084608F0A4FC241104F0CA
:10A360000F0200230621072008F09CFC2211002385
:10A370000521072008F096FC00220121BDE81040CD
:10A38000352005F0E7BB0000961D00200F4910B5F1
:10A3900001EB80100A21B0F9200090FBF1F082B2AD
:10A3A000B2F57A7F01D340F2E73200230321052082
:10A3B00002F0A0F800220121352005F0CBFB00229D
:10A3C0000121BDE810403A2005F0C4BB961D0020D5
:10A3D0000A4910B501EB4010C28AB2F57A7F01D369
:10A3E00040F2E73200230321184602F083F80022EE
:10A3F0000121BDE81040084605F0ACBB96160020D0
:10A40000154910B501EB8010B0F91A100A2091FB24
:10A41000F0F18CB2B4F57A7F02D3B4FBF0F408E02B
:10A420000A2C01D2002404E0002201215B2005F067
:10A4300091FB002322460321184602F05BF801211C
:10A440000022084605F086FB00220121BDE81040ED
:10A45000532005F07FBB0000961D00202DE9F0473A
:10A460004B4E4A490024B6F88220087AB6F9925039
:10A4700002274FF0030A4FF004094FF0050C234662
:10A4800088B3012839D002284AD0032854D00428A0
:10A490005ED0052868D0401CC0B2062800D300203A
:10A4A00091F80980B8F1140F02D9401C4B72C0B268
:10A4B00091F808804045E3D118F0FF0F4FF00003FA
:10A4C00061D00B220521072008F0ECFB0023224677
:10A4D0000221062002F00EF8BDE8F047002201211B
:10A4E000352005F037BB0B724C7A641C4C7296F821
:10A4F0008440632CD4D96324D2E75FEA827806D4FF
:10A50000DFF8908098F81580B8F1000F06D001248C
:10A510000C724C7A641C4C723224C1E7022009E0B0
:10A520005FEA027805D50F724C7A641C4C723324B2
:10A53000B6E703204B72BBE75FEAC26806D581F835
:10A5400008A04C7A641C4C723424A9E70420F1E77B
:10A550005FEA427806D581F808904C7A641C4C7208
:10A5600035249DE70520E5E75DB181F808C04C7A08
:10A57000641C4C7205F13504E4B2412C90D941249D
:10A580008EE70620D6E70C229CE70000C8120020C8
:10A59000664C0020122200200C4810B5B0F886202E
:10A5A000B2F57A7F01D340F2E73200230321184647
:10A5B00001F0A0FF01210022084605F0CBFA00229D
:10A5C0000121BDE81040062005F0C4BA664C002009
:10A5D000144810B5418E0A20491DB1FBF0F18CB230
:10A5E000B4F57A7F02D3B4FBF0F408E00A2C01D270
:10A5F000002404E0002201215B2005F0ABFA0023D7
:10A6000022460321184601F075FF01210022084669
:10A6100005F0A0FA00220121BDE81040532005F00A
:10A6200099BA0000664C00200C4810B5B0F93410FF
:10A63000002901DA002200E0828E0023032118465F
:10A6400001F058FF01210022084605F083FA00229C
:10A650000121BDE81040052005F07CBA664C0020C1
:10A6600010B502230D220021072008F01BFB0A4C25
:10A67000002302212278012001F076FF6278002376
:10A680000221032001F070FFA27800230221BDE81F
:10A690001040052001F068BF600100200E4810B591
:10A6A000B0F93400002803DA02DA404200B200E0D8
:10A6B000002082B200230321052001F01BFF0022AD
:10A6C0000121352005F046FA00220121BDE81040A5
:10A6D000392005F03FBA0000664C0020134810B541
:10A6E00090F8280010F0FF041FD00022012119204B
:10A6F00005F030FA002201210B2005F02BFA0A2088
:10A70000B4FBF0F2504200EB800004EB4000C4B216
:10A7100000230121032001F0EDFE22460023012148
:10A72000BDE81040042001F0E5BE10BD664C0020DD
:10A730002DE9F05F874D0026DFF81C82EC7A4FF0A0
:10A7400002094FF0030A4FF0040B3746DCB3012C2B
:10A750006FD0B8F8241004296CD0022C6BD0032CD5
:10A760006AD0042C69D0052C68D0062C67D0072C41
:10A7700074D0082C73D0092C72D0641CE4B20A2C5B
:10A7800000D30024287B142802D9641C2F73E4B260
:10A79000E87A8442DAD1002E70D0022201211820FA
:10A7A00005F0D8F9022201210B2005F0D3F90A2087
:10A7B000B6FBF0F100FB1161B6FBF0F0BDE8F05F15
:10A7C000022201F0FBBEB8F89A0188B3EF722A7B2F
:10A7D000521C2A7301280ED0022837D0032840D0FB
:10A7E0000428CFD1002201210B2005F0B3F900226B
:10A7F0000321192010E0B8F8E80002280FD0012842
:10A800004FF000024FF001014FF00B0018D005F09F
:10A81000A1F900220E21172001F0D0FEB2E700229C
:10A8200001210B2005F096F900221C211120F3E7ED
:10A830001FE020E023E02EE02FE03BE047E053E084
:10A8400005F088F9002215211C20E5E700220121EE
:10A850000B2005F07FF900220121CAE751E05DE0FD
:10A8600069E0002201210B2005F074F90022022189
:10A87000BFE7012400E002242F7389E768E0022C7F
:10A8800001D900242F7385F80B90287B401C287376
:10A89000FFF724FF76E70324EEE7B8F82E00C004A4
:10A8A00006D585F80BA0287B401C2873012669E794
:10A8B0000424E1E798F82E00C00706D085F80BB015
:10A8C000287B401C287302265CE70524D4E798F80F
:10A8D0002E00800706D50520E872287B401C2873CF
:10A8E00003264FE70624C7E798F83000400706D54F
:10A8F0000620E872287B401C2873042642E70724C0
:10A90000BAE798F83000000706D50720E872287BE0
:10A91000401C2873502635E70824ADE798F830002E
:10A92000800606D50820E872287B401C287305267F
:10A9300028E70924A0E798F83000C00606D50920CA
:10A94000E872287B401C287306261BE70A2493E73D
:10A95000BDE8F09FC8120020664C002002F0B8B994
:10A9600010B5962200230321052001F0C3FD00222B
:10A970000121352005F0EEF800220121BDE810404C
:10A98000392005F0E7B800000E4810B540880022D5
:10A99000000AC0EB0010C40001215B2005F0DAF8CA
:10A9A000002322460321184601F0A4FD01210022C4
:10A9B000084605F0CFF800220121BDE810405320E1
:10A9C00005F0C8B8664C0020174810B58078002202
:10A9D00000EB4001C1EBC0104FF47A7101EB800035
:10A9E0000A21B0FBF1F084B20121632005F0B2F836
:10A9F000002322460321184601F07CFD002201219C
:10AA0000104605F0A7F800220121032005F0A2F866
:10AA100000220121532005F09DF800220121BDE80C
:10AA20001040052005F096B8664C0020154810B57A
:10AA30008078002200EB4001C1EBC0104FF47A7126
:10AA400001EB80000A21B0FBF1F084B20121232048
:10AA500005F080F8002322460321052001F04AFD7D
:10AA600000220121342005F075F800220121372051
:10AA700005F070F800220121BDE81040382005F0F3
:10AA800069B80000664C0020134810B5B0F85410A7
:10AA90000A20B1FBF0F4B4F57A7F02D3B4FBF0F4F2
:10AAA00008E00A2C01D2002404E0002201215B20EE
:10AAB00005F050F8002322460321184601F01AFD44
:10AAC00000220121104605F045F800220121BDE8D1
:10AAD0001040072005F03EB8664C002038B51BA09A
:10AAE0000A21006800901A48B0F85000B0FBF1F25B
:10AAF0000A2A01D2002204E0B2F57A7F01D340F2A3
:10AB0000E732144C608B70B900230321184601F022
:10AB1000F1FC00220121104605F01CF80022012161
:10AB2000532005F017F8608B01280DD1208B0023EE
:10AB3000401C20836A460321184601F0C3FC208B89
:10AB40000A2801D90020608338BD00001B0E1C00BC
:10AB5000664C0020C812002008B514A04FF47A718A
:10AB6000006800901248D0F8C000B0FBF1F2114824
:10AB7000824200D9024600230521032001F05EFC39
:10AB800000220121362004F0E5FF002201213720B8
:10AB900004F0E0FF00220121382004F0DBFF002355
:10ABA0006A460321184601F08DFC08BD16181700EF
:10ABB000664C00209F86010008B514A04FF47A71FE
:10ABC000006800901248D0F8C400B0FBF1F21148C0
:10ABD000824200D9024600230521032001F02EFC09
:10ABE00000220121362004F0B5FF00220121372088
:10ABF00004F0B0FF00220121382004F0ABFF002355
:10AC00006A460321184601F05DFC08BD0D0A2200CA
:10AC1000664C00209F86010008B518A0002200683D
:10AC200000901748002350F8B41F40681018514195
:10AC30004FF47A72F9F7F0FA124B00221B1A8A418C
:10AC400000D21048002302460521032001F0F6FB44
:10AC500000220121362004F07DFF0022012137204F
:10AC600004F078FF00220121382004F073FF002354
:10AC70006A460321184601F025FC08BD1D181D0079
:10AC8000664C00209F86010008B514A04FF47A712D
:10AC9000006800901248D0F8BC00B0FBF1F21148F7
:10ACA000824200D9024600230521032001F0C6FBA1
:10ACB00000220121362004F04DFF0022012137201F
:10ACC00004F048FF00220121382004F043FF002354
:10ACD0006A460321184601F0F5FB08BD220E0A0062
:10ACE000664C00209F8601000A4810B5B0F862202B
:10ACF00000230321052001F0FDFB00220121362065
:10AD000004F028FF00220121BDE810403A2004F0A1
:10AD100021BF0000664C002070470000144810B5A9
:10AD2000B0F848100A20B1FBF0F4B4F57A7F02D3F2
:10AD3000B4FBF0F403E00A2C01D2002405E024B1B6
:10AD4000002201212B2004F005FF002322460321CD
:10AD5000052001F0CFFB002201213B2004F0FAFE88
:10AD600000220121BDE81040342004F0F3BE0000B1
:10AD7000664C0020224810B5B0F84E4021494FF4EF
:10AD80007A708C4205D9B4FBF0F4002201213720FF
:10AD90001CE042F20F718C420BD96420B4FBF0F43A
:10ADA00000220121372004F0D5FE002201212B20B2
:10ADB0000CE084420CD30A20B4FBF0F40022012101
:10ADC000372004F0C7FE00220121232004F0C2FE38
:10ADD000A2B200230321052001F08CFB00220121F7
:10ADE000362004F0B7FE00220121392004F0B2FE23
:10ADF00000220121BDE81040332004F0ABBE00006A
:10AE0000664C00209F8601000B4810B5B0F8440046
:10AE10000A21B0FBF1F200230321052001F06AFBB7
:10AE200000220121342004F095FE00220121BDE81A
:10AE30001040332004F08EBE664C0020214810B52F
:10AE4000B0F84C40002C01DA002429E01E494FF4F0
:10AE50007A708C4205DD94FBF0F40022012137204A
:10AE60001CE042F20F718C420BDD642094FBF0F485
:10AE700000220121372004F06DFE002201212B2049
:10AE80000CE084420CDB0A2094FBF0F40022012148
:10AE9000372004F05FFE00220121232004F05AFE37
:10AEA000A2B200230321052001F024FB002201218E
:10AEB000362004F04FFE00220121BDE8104038206A
:10AEC00004F048BE664C00209F86010010B50122A8
:10AED00000231146022001F00DFB00220121BDE8F4
:10AEE0001040022004F036BE184810B5B0F9764084
:10AEF00042F20F7084420BD96420B4FBF0F40022BC
:10AF00000121372004F026FE002201212B200DE034
:10AF1000B4F57A7F0CD30A20B4FBF0F400220121AF
:10AF2000372004F017FE00220121232004F012FE36
:10AF3000A2B200230321052001F0DCFA0022012146
:10AF4000BDE81040382004F005BE0000664C00202B
:10AF50000A4810B5B0F86E000A21B0FBF1F23C2AA5
:10AF600000D2002200230321052001F0C3FA0022B1
:10AF70000121BDE81040332004F0ECBD664C0020F8
:10AF800010B5022200230121104601F0B3FA00227D
:10AF90000121BDE81040022004F0DCBD184810B5C6
:10AFA000B0F9D84042F20F7084420BD96420B4FB50
:10AFB000F0F400220121372004F0CCFD0022012111
:10AFC0002B200DE0B4F57A7F0CD30A20B4FBF0F40B
:10AFD00000220121372004F0BDFD002201212320A1
:10AFE00004F0B8FDA2B200230321052001F082FA8B
:10AFF00000220121BDE81040382004F0ABBD000064
:10B00000664C00200B4810B5B0F9D4000A2190FB23
:10B01000F1F082B23C2A00D2002200230321052055
:10B0200001F068FA00220121BDE81040332004F04D
:10B0300091BD0000664C002008B514A04FF47A7151
:10B04000006800901248D0F8A000B0FBF1F211485F
:10B05000824200D9024600230521032001F0EEF9C7
:10B0600000220121022004F075FD00220121372079
:10B0700004F070FD00220121382004F06BFD002354
:10B080006A460321184601F01DFA08BD161817007C
:10B09000664C00209F86010008B514A04FF47A7119
:10B0A000006800901248D0F8A400B0FBF1F21148FB
:10B0B000824200D9024600230521032001F0BEF997
:10B0C00000220121022004F045FD00220121372049
:10B0D00004F040FD00220121382004F03BFD002354
:10B0E0006A460321184601F0EDF908BD0D0A220059
:10B0F000664C00209F86010008B518A00022006859
:10B1000000901748002350F8941F406810185141D0
:10B110004FF47A72F9F780F8124B00221B1A8A4119
:10B1200000D21048002302460521032001F086F9D1
:10B1300000220121022004F00DFD00220121372010
:10B1400004F008FD00220121382004F003FD002353
:10B150006A460321184601F0B5F908BD1D181D0007
:10B16000664C00209F86010008B514A04FF47A7148
:10B17000006800901248D0F89C00B0FBF1F2114832
:10B18000824200D9024600230521032001F056F92E
:10B1900000220121022004F0DDFC002201213720E1
:10B1A00004F0D8FC00220121382004F0D3FC002355
:10B1B0006A460321184601F085F908BD220E0A00EF
:10B1C000664C00209F86010010B5FEF7A5F8FEF73B
:10B1D0003DF90D480088A0B1FDF726FFF9F71AFAEE
:10B1E00001F0B4FC0949888B401E00B28883002816
:10B1F00006DA0878002803D1012008700449087095
:10B2000010BDFEF7DBFEE9E7BE120020C8120020E9
:10B21000C011002010B502231D220021072007F0D5
:10B2200041FD0A4C00230221E278012001F09CF943
:10B23000227900230221032001F096F9627900238C
:10B240000221BDE81040052001F08EB96001002008
:10B2500070B51A4E40213046FCF7C2F801F030FDBF
:10B260000A2004F0BDFC002004F02EFC144D002444
:10B2700080213046FCF7B4F801F022FD35F81400C7
:10B280004FF010018005304602D5FCF7ABF801E025
:10B29000FCF7A6F801F014FD80213046FCF7A2F877
:10B2A00001F00EFD641CE4B2812CE1D34021304654
:10B2B000FCF798F8BDE8704001F002BD00080140BD
:10B2C000487D00201F4910B5088810F4F07F04D095
:10B2D0004209521E62F3481004E0820503D520F4AF
:10B2E000F07020300880174A921C108810F4F07F0C
:10B2F00004D043095B1E63F3481004E0830503D5C3
:10B3000020F4F070603010800E4B1B1D188810F474
:10B31000F07F04D04409641E64F3481004E08405FF
:10B3200003D520F4F070A0301880088820F4007055
:10B330000880108820F400701080188820F40070B5
:10B34000188010BDC012002008B505A000230068B9
:10B3500000906A460321184601F0B4F808BD0000C9
:10B360001F0E1B0070B50B4D4FF47A740023E88A52
:10B370000221B0FBF4F2032001F0BCF8E88A0023BC
:10B38000B0FBF4F104FB1102BDE87040032105207D
:10B3900001F0B0B8664C002070B5144C064600258C
:10B3A000E18820680144042004F050FA40B1E088AC
:10B3B00098B11421E06809F069FC012810D012E06E
:10B3C00009F05EFCE060E188A088814202D2491C5D
:10B3D000E180E5E7012588B204E02189E068EAE739
:10B3E000E08801253060284670BD0000FC3900204F
:10B3F00010B5042004F022FA08B1002010BD01208D
:10B4000010BDFBF775BD000010B5064C2060A18093
:10B410002281A3720020E08009F032FCE06000206D
:10B4200010BD0000FC390020704710B50C460A46DC
:10B430000146042004F026FB204610BD704730B5BD
:10B44000002405E08D5C8554521C641C92B2A4B2A9
:10B450009C42F7D330BD000070B5144C228812F026
:10B4600003000FD0214600250988A31F21F0030106
:10B47000012804D0022806D0032802D10DE01D8146
:10B48000891C218070BD1889401C80B21881282831
:10B49000F8D31D8142F0030006E008210220F9F7ED
:10B4A000DFFE208820F00300208070BD8412002081
:10B4B00070B5154C2288C2F3810000280FD02146B8
:10B4C00000250988A31F21F00C01012804D00228BF
:10B4D00006D0032802D10DE01D810831218070BD06
:10B4E0001889401C80B218812828F8D31D8142F0A9
:10B4F0000C0006E009210220F9F7B2FE208820F0B6
:10B500000C00208070BD00008412002070B5154C26
:10B510002288C2F3011000280FD021460025098897
:10B52000A31F21F03001012804D0022806D00328EF
:10B5300002D10DE01D812031218070BD1889401C91
:10B5400080B218812828F8D31D8142F0300006E02F
:10B550000A210220F9F784FE208820F030002080A4
:10B5600070BD00008412002070B5154C2288C2F313
:10B57000811000280FD0214600250988A31F21F043
:10B58000C001012804D0022806D0032802D10DE012
:10B590001D818031218070BD1889401C80B21881C6
:10B5A0002828F8D31D8142F0C00006E00B210220BC
:10B5B000F9F756FE208820F0C000208070BD000002
:10B5C000841200202DE9F8432A4F002440F203188A
:10B5D000B7F89E10080AC9B203D01F2801D8042961
:10B5E00003D9404604F064FB0124B7F89C00FF280F
:10B5F00003D9012004F0EEFC0124B7F89A000521DC
:10B60000B1EB102F02D3C0B2022804D94FF440701E
:10B6100004F0EEFC0124B7F89600042803D90320B7
:10B6200004F098FC0124B7F8980013A2050AC6B2EA
:10B630002B4616A14920009609F082FB1DB11F2D53
:10B6400001D8042E03D9404604F092FC0124B7F936
:10B650000A000A2801DB142803DD122004F01CFB79
:10B6600001E0002C04D0BDE8F843012004F030BF15
:10B67000BDE8F883CA2B002077696669206164649D
:10B68000723A25642C25640A0D00000065650000EF
:10B690002DE9F041002506462C4608F0E5FA214A3E
:10B6A000032100275171042802D1D378022B03D043
:10B6B0001379012B0CD003E00123D370577217715B
:10B6C000537A03F1010C82F809C0032B06D00EE077
:10B6D000D3785B1CD3705772177108E0D3785B1C6A
:10B6E000D370114B57721F8847F480671F8003285F
:10B6F00002D004280FD102E061252C240BE0D07881
:10B70000012802D0022806D102E0F3253D2402E000
:10B7100040F26255022423462A463046BDE8F041F5
:10B7200000F0F8BC90000020901100202DE9F041BD
:10B73000214C00221346E178154604290CD02146FD
:10B740002679C978491CC9B2012E10D0267A771CF7
:10B750002772032E0FD015E0032060711420FAF732
:10B76000ADFC0120E070E0812571BDE8F081E17061
:10B770002572257106E0E170104925720D8845F4A7
:10B7800080650D80E178012906D0022906D00329C1
:10B7900006D004290AD106E0242307E0342200E081
:10B7A00046220C2302E04FF4AB7228236179BDE8F6
:10B7B000F04100F0AFBC000090000020901100208C
:10B7C0002DE9F0412F4D00222B466979DB89164681
:10B7D000032901D10F2B0CD02A4B2C79DB895B1C60
:10B7E0009BB2012C10D0EC79671CEF71032C0FD0A9
:10B7F00015E0042068719620FAF760FC0120E881CA
:10B80000E8702E71BDE8F081EB81EE712E7106E0DB
:10B81000EB811D4BEE711C8844F480641C8003296D
:10B820002AD1EB89102B27D2DFE803F026080A0C77
:10B830000E10121416181A1C1E20222402221BE0BD
:10B840000A2219E00C2217E00E2215E0122213E062
:10B85000142211E016220FE018220DE01C220BE04A
:10B86000322209E0342207E03E2205E0402203E0D4
:10B87000562201E04FF47C42BDE8F041022300F083
:10B8800049BC000090000020901100202DE9F843F1
:10B89000804600201D4616460F468DF800000446DF
:10B8A0000AE0381981B26B460122404600F05EF88A
:10B8B0009DF800002855641CB442F2DB0020BDE86E
:10B8C000F88300002DE9FC5F834600208DF804001A
:10B8D000044605464FF6FF701646ADF8000088197D
:10B8E0009A468846B0F5803F02D30320BDE8FC9F0E
:10B8F000B71EDFF8749023E008EB040081B201ABBF
:10B900000122584600F032F8BC4208DABDF80010B7
:10B910009DF80400F9F77CF8ADF800000EE002D1C4
:10B920009DF8045008E0A6F10100844206D19DF87C
:10B93000040005EB002085B2A9F80050641CA4B2F5
:10B94000B442D9D355450DD169460846F9F7CAFA2C
:10B95000BDF80000010A41EA002080B2504501D143
:10B960000420C3E70020C1E7B81200202DE9F04110
:10B970001F4615460C46064601F000F8304601F019
:10B9800040F800F0B1FF01281AD0200A01F039F880
:10B9900000F0AAFF012813D0E0B201F032F800F065
:10B9A000A3FF01280CD000F0E9FF46F0010001F0F0
:10B9B00028F800F099FF012802D000246E1E0EE046
:10B9C00000F0FCFF0120BDE8F08101F00DF83855D2
:10B9D000B44202DA002000F0B1FF641CE4B2AC42D1
:10B9E000F3D3012000F0AAFF00F0E8FF0020EAE70F
:10B9F0002DE9F047814603244FF485612248F8F78A
:10BA0000EBFF2149214F8846A1F8280440F22A453E
:10BA10004FF4DC761C4B2A463146484600F0BAFA11
:10BA200020B11BA009F08AF91BA20CE0B8F8283459
:10BA30002A4631464846FFF745FF042815D014A092
:10BA400009F07CF919A21EA1452009F079F91DA081
:10BA500009F074F9641E14F0FF04DBD1388840F457
:10BA6000005038800020BDE8F0871848418841F038
:10BA700001014180388820F400503880484600F0A9
:10BA8000E3F80120EFE700005C2300209011002084
:10BA90001B5B33316D000000736176653120777276
:10BAA000697465206572726F720A0D007361766544
:10BAB0003120636865636B206572726F720A0D00D6
:10BAC000656570001B5B306D0A0D0000840000206E
:10BAD0002DE9F047814603244FF485611A48F8F7B1
:10BAE0007BFF1949194F8846A1F8280440F22A45DE
:10BAF00040F2E256144B2A463146484600F04AFAD4
:10BB000040B9B8F828342A4631464846FFF7DAFEED
:10BB100004280AD0641E14F0FF04EBD1388840F4E6
:10BB2000005038800020BDE8F0870948418841F086
:10BB300004014180388820F400503880484600F0E5
:10BB4000B7F80120EFE700008627002090110020C1
:10BB5000840000202DE9F041804603241821184874
:10BB6000F8F73AFF164E174D40F60C273083144B6A
:10BB70001A223946404600F00DFA38B9338B1A22A2
:10BB800039464046FFF79EFE04280AD0641E14F092
:10BB9000FF04ECD1288840F4005028800020BDE844
:10BBA000F0810948418841F010014180288820F443
:10BBB00000502880404600F0AFF80120EFE7000079
:10BBC000B02B002090110020840000202DE9F041CE
:10BBD00080460324A4211948F8F7FEFE174E184D9D
:10BBE00040F62627A6F8A400144BA6223946404664
:10BBF00000F0D0F940B9B6F8A430A6223946404644
:10BC0000FFF760FE04280AD0641E14F0FF04EBD195
:10BC1000288840F4005028800020BDE8F0810948C1
:10BC2000418841F040014180288820F4005028805C
:10BC3000404600F0A1F80120EFE70000CA2B0020E9
:10BC400090110020840000202DE9F047154FDFF807
:10BC500058808146032440F22A4548F2B816124B18
:10BC60002A463146484600F095F940B9B8F82834DC
:10BC70002A4631464846FFF725FE042809D0641EAF
:10BC800014F0FF04EBD1388840F400503880BDE850
:10BC9000F0870648418841F002014180388820F44D
:10BCA0000050F3E7901100205C2300208400002066
:10BCB0002DE9F047154FDFF858808146032440F204
:10BCC0002A4548F2E256124B2A463146484600F0D1
:10BCD00061F940B9B8F828342A4631464846FFF79A
:10BCE000F1FD042809D0641E14F0FF04EBD138885C
:10BCF00040F400503880BDE8F0870648418841F0A4
:10BD000008014180388820F40050F3E790110020AA
:10BD100086270020840000202DE9F041134D144FA8
:10BD20008046032448F60C26114B1A223146404621
:10BD300000F030F938B93B8B1A2231464046FFF704
:10BD4000C1FD042809D0641E14F0FF04ECD128883A
:10BD500040F400502880BDE8F0810648418841F059
:10BD600020014180288820F40050F3E79011002042
:10BD7000B02B0020840000202DE9F041144D154F18
:10BD80008046032448F62626124BA622314640461A
:10BD900000F000F940B9B7F8A430A6223146404679
:10BDA000FFF790FD042809D0641E14F0FF04EBD1C6
:10BDB000288840F400502880BDE8F081064841887A
:10BDC00041F080014180288820F40050F3E7000012
:10BDD00090110020CA2B0020840000202DE9F041A2
:10BDE000144D154F8046032448F2DC06124BDC222A
:10BDF0003146404600F0CEF840B9B7F8DA30DC22E0
:10BE000031464046FFF75EFD042809D0641E14F059
:10BE1000FF04EBD1288840F400502880BDE8F08171
:10BE20000648418841F002014180288820F40050F2
:10BE3000F3E70000901100204C2D0020840000202A
:10BE40002DE9F041144D154F804603244FF4004670
:10BE5000124BDC223146404600F09CF840B9B7F85E
:10BE6000DA30DC2231464046FFF72CFD042809D0A9
:10BE7000641E14F0FF04EBD1288840F400502880A1
:10BE8000BDE8F0810648418841F0020141802888E0
:10BE900020F40050F3E7000090110020702C0020E7
:10BEA000840000202DE9F04107460324DA211848D8
:10BEB000F8F792FD164E174DA6F8DA00DC22144B67
:10BEC0001146384600F066F840B9DC22B6F8DA30A0
:10BED00011463846FFF7F6FC04280AD0641E14F019
:10BEE000FF04EBD1288840F4005028800020BDE8F2
:10BEF000F0810948418841F001014180288820F4FF
:10BF0000005028803846FFF769FF0120EFE7000066
:10BF10004C2D002090110020840000202DE9F041DC
:10BF200007460324DA211848F8F756FD164E174D38
:10BF3000A6F8DA00144BDC220021384600F02AF87B
:10BF400040B9B6F8DA30DC2200213846FFF7BAFCF7
:10BF500004280AD0641E14F0FF04EBD1288840F4B2
:10BF6000005028800020BDE8F0810948418841F058
:10BF700001014180288820F4005028803846FFF7CE
:10BF80005FFF0120EFE70000702C002090110020DF
:10BF9000840000202DE9F047814688180C46B0F552
:10BFA000803F02D90320BDE8F087E009404204EB5E
:10BFB000C01010F0FF001FD0C0F18000C5B2AA422F
:10BFC00000D2D5B2501BC11700EB5161C1F3C717A6
:10BFD000794200EBC11000F0FF081E464DB12A4621
:10BFE0002146484606F018FB0028DCD1601984B2CF
:10BFF0002E4497B100250EE00025E0E7334680226D
:10C000002146484606F008FB0028CCD180346D1C40
:10C01000A4B2EDB28036BD42F0D3B8F1000007D033
:10C02000024633462146484606F0F6FA0028BAD1C1
:10C030000020B8E770B5154C0546A08910B1401E28
:10C04000A08170BDA18107F00FFE012806D0022853
:10C0500004D003280FD0042810D10CE06079032805
:10C0600002D12846FFF7ACFB6079042806D12846A8
:10C07000FFF75CFB02E02846FFF70AFB0448008854
:10C080004005DED5BDE8704000F024B890000020E7
:10C090009011002070B514460D46064607F0E4FDE9
:10C0A00001280CD002280AD0032801D0042810D17E
:10C0B000224629463046BDE8704000F049B9204686
:10C0C000F8F768F9024629463046BDE8704000F0AE
:10C0D00077B970BD0D4910B58A798A810C4A002064
:10C0E00002F1C803014602EB8004401CC0B244F8D0
:10C0F000041C3228F7D3002003EB8002401CC0B29E
:10C1000042F8041C0F28F7D310BD00009000002057
:10C11000942E00202DE9F0471F461546884681469B
:10C1200007F0AEFD134E1449307051F82940DE344B
:10C13000484603F083FB0128FAD03078207084F859
:10C140000180280AA070E570002020716771062127
:10C150002046F8F741FC010AA171E071082221464E
:10C16000484603F08FFC4846BDE8F047012103F044
:10C1700069BD000090000020B42F00202DE9F04799
:10C180000D468146002407F06FFD06462878697841
:10C19000303800EB8000D02202EB4000084400F071
:10C1A000FF0CE8783038C0B2E87029793039C9B26C
:10C1B00029716A79303AD2B26A71AB79303BDBB21D
:10C1C000AB71012E01D0022E7ED1604D4FF4FA6783
:10C1D000BCF10E0F78D2DFE80CF0B6070F1F263740
:10C1E0003B484D5F637A8EA200EB800001EB40007C
:10C1F0003C2869D8022190E0411E032964D80A2115
:10C200008BE028610124012E74D0022E72D0032EFF
:10C2100001D0042E58D191E00C2200EB80006A81FD
:10C2200001EB4000EDE70E246C8100EB4004C4EB11
:10C23000C01003EBC000642311FB03F102EB820288
:10C2400001EB42010844DCE703287CD8122164E0BA
:10C25000642310FB03F001EB810100EB410010446B
:10C26000411EF6296FD8142157E0411E05296AD8CE
:10C27000162152E000EB4004C4EBC01003EBC000F9
:10C28000642311FB03F102EB820201EB420108443B
:10C29000286118206881B5E7052854D81C213CE0A6
:10C2A00000EB4007C7EBC01003EBC000642311FB99
:10C2B00003F102EB820201EB42010844411E42F20B
:10C2C0000E7291423FD800E037E0322125E000EBCA
:10C2D000400CCCEBC01003EBC000642311FB03F156
:10C2E00002EB820201EB42010844411EB9422AD20C
:10C2F0003E2112E019E000EB400CCCEBC01003EB48
:10C30000C000642311FB03F102EB820201EB420146
:10C310000844411EB94216D24021698171E700EB01
:10C32000800001EB40005621F7E72869F8F732F862
:10C3300002466989484600F043F804E069894846A6
:10C340002A6900F005F82046BDE8F087900000203B
:10C350002DE9F04115460E46804607F091FC164F38
:10C360001649387051F82840DE34404603F066FA2A
:10C370000128FAD03878207010206070300AA07040
:10C38000E67000202071012060710220A071280A4F
:10C39000E071257209212046F8F71EFB010A61723F
:10C3A000A0720B222146404603F06CFB4046BDE8DC
:10C3B000F041012103F046BC90000020B42F002082
:10C3C000F7B50E46054607F05BFC1A4F38701A4861
:10C3D00050F82540DE34284603F030FA0128FAD020
:10C3E0003878207010206070300AA070E67000204D
:10C3F0002071022060710420A07102A90020C0F108
:10C400000A03401C11F8012BC0B2E2540428F6D3F1
:10C410000B212046F8F7E0FA010AE17220730D22A1
:10C420002146284603F02EFB0121284603F00AFC92
:10C43000FEBD000090000020B42F00202DE9F04147
:10C4400000279846054605290ED004290FD0032958
:10C4500010D0022910D0012404EB84004000B2FB6C
:10C46000F0F100FB112620E042F21074F4E74FF4E3
:10C470007A74F1E76424EFE70A24EDE7B6FBF4F001
:10C4800010F0FF02B6FBF4F004FB106602D1012CA1
:10C4900000D077B129466D1CEDB24346072006F067
:10C4A00001FC01270A20B4FBF0F4002CE6D1BDE822
:10C4B000F08129466D1CEDB243462422072006F088
:10C4C000F1FBEFE72DE9F0411F4616460D46044605
:10C4D0000CE03278242A07D82146641CE4B23B469B
:10C4E0000720761C06F0DEFB6D1EEDB2002DF0D1AC
:10C4F000BDE8F0812DE9F041002798460546032963
:10C500000AD002290AD0012404EB84004000B2FBC7
:10C51000F0F100FB11261AE06424F5E70A24F3E7A2
:10C52000B6FBF4F010F0FF02B6FBF4F004FB10666B
:10C5300002D1012C00D077B129466D1CEDB24346E3
:10C54000072006F0AFFB01270A20B4FBF0F4002C13
:10C55000E6D1BDE8F08129466D1CEDB243462422A8
:10C56000072006F09FFBEFE72DE9F04198460646CD
:10C5700003290BD002290BD0012404EB84004000D6
:10C58000B2FBF0F100FB11250A2713E06424F4E765
:10C590000A24F2E7B5FBF4F0C2B2B5FBF4F004FBF9
:10C5A00010553146761CF6B24346072006F07AFB5A
:10C5B000B4FBF7F4002CEDD1BDE8F08170B5154661
:10C5C0000C46242805D2134602460321072006F014
:10C5D00069FB242C07D22B462246BDE8704004217B
:10C5E000072006F05FBB70BD2DE9F0414FF4C0603D
:10C5F000FBF788FF01216C48FAF750FF0121CC03BB
:10C600002046FAF74BFF40F20260FBF77BFF40F257
:10C610000360FBF777FF40F20460FBF773FF40F223
:10C620000560FBF76FFF614E802302221421304624
:10C63000FAF7DAFE4023022210213046FAF7D4FE40
:10C6400001215B48FAF72AFF2023022210213046FD
:10C65000FAF7CAFE1023022219463046FAF7C4FE42
:10C66000F8F7D8FADFF84C81A5102B4602221021EA
:10C670004046FAF7B9FE29464046FAF7B1FE4E4F5A
:10C680000123022210213846FAF7AEFE0121384676
:10C69000FAF7A6FE494D2346022210212846FAF752
:10C6A000A3FE21462846FAF79BFE102302221946D4
:10C6B0002846FAF799FE8023022210212846FAF72D
:10C6C00093FE4023022210212846FAF78DFE2023F4
:10C6D000022210212846FAF787FE012302221021A8
:10C6E0002846FAF781FE1023022219464046FAF73F
:10C6F0007BFE2023022210214046FAF775FE02231A
:10C700001A4610212846FAF76FFE08230222482114
:10C710004046FAF769FE02231A4648214046FAF7D6
:10C7200063FE0123022248214046FAF75DFE0423FE
:10C73000022248214046FAF757FEA5112B46022255
:10C7400010214046FAF750FE02231A4610213846BF
:10C75000FAF74AFE4023022210214046FAF744FE2F
:10C760002346022210213046FAF73EFE042302221D
:10C7700010213046FAF738FE04213046FAF730FE31
:10C780000123022214213846FAF72EFE294640469C
:10C79000FAF726FE01213846FAF722FE3846BDE8B0
:10C7A000F0410221FAF71CBE00023000000C0140EB
:10C7B0000001300000100140001401400008014059
:10C7C00001484079704700002C000020014890F893
:10C7D00046017047664C0020014880787047000091
:10C7E000900000200148807B70470000AC000020D2
:10C7F00001484078704700009000002010B50446C2
:10C80000082000F00CF900F00F01000900EB800097
:10C8100001EB4000C1B2632900D9632104F8011B78
:10C82000072000F0FCF800F01F0000F00F010009E5
:10C8300000EB800001EB40010C2900D801B9012177
:10C8400004F8011B052000F0EAF800F03F0000F0BA
:10C850000F01000900EB800001EB40011F2900D807
:10C8600001B9012104F8011B042000F0D8F800F000
:10C870003F0000F00F01000900EB800001EB4000D9
:10C88000172800D9002004F8010B032000F0C7F896
:10C8900000F07F0000F00F01000900EB800001EBC9
:10C8A00040003B2800D9002004F8010B022000F0D2
:10C8B000B6F800F07F0000F00F01000900EB8000E7
:10C8C00001EB40013B2900D900212170062000F036
:10C8D000A6F800F00700607010BD00000148408914
:10C8E000704700002C00002010B580210348FAF7A3
:10C8F00079FDBDE8104000F003B80000000C0140D5
:10C9000070B50D4D40212846FAF76AFDFDF747FB4B
:10C9100040212846FAF766FDFDF741FB80212846B5
:10C92000FAF7B2FD044640212846FAF759FD0CB14A
:10C93000012070BD002070BD000C014070B50E4D8F
:10C94000044640212846FAF74BFD4FF08001284667
:10C9500014B1FAF747FD01E0FAF742FDFDF71FFBBE
:10C9600040212846FAF73EFDFDF719FB2846BDE8B1
:10C9700070404021FAF734BD000C014010B50E4C58
:10C9800080212046FAF72EFD40212046FAF72AFDA5
:10C99000FDF705FBFDF703FBFDF701FBFDF7FFFAD4
:10C9A00080212046FAF71CFDFDF7F9FA2046BDE884
:10C9B00010404021FAF714BD000C014010B5FDF7FE
:10C9C000EEFA084C80212046FAF70AFD4021204665
:10C9D000FAF708FDFDF7E3FA2046BDE81040802194
:10C9E000FAF700BD000C014070B500200446450078
:10C9F000FFF786FF641C2844E4B2C0B2082CF6D3CB
:10CA000070BD70B580250646002406EA0500FFF7D4
:10CA100095FF641C6D08E4B2082CF6D370BD70B5A8
:10CA200005460024641CE4B2032C25D802F09AFBCE
:10CA3000A22002F0E2FB02F043FB012819D02846B5
:10CA400002F0DBFB02F03CFB012812D002F08AFB73
:10CA5000A32002F0D2FB02F033FB012809D002F040
:10CA6000BFFB0446012002F059FB02F09DFB20466B
:10CA700070BD02F099FBD5E7002070BD70B50D4682
:10CA800006460024641CE4B2032C1DD802F06AFBA5
:10CA9000A22002F0B2FB02F013FB012811D03046B5
:10CAA00002F0ABFB02F00CFB01280AD0284602F092
:10CAB000A4FB02F005FB012803D0BDE8704002F0A2
:10CAC00073BB02F071FBDDE770BD10B54FF410646D
:10CAD0002046FBF793FC2046FBF79EFC0128FAD189
:10CAE000052140F21B60FAF743FCFAF769FCBDE848
:10CAF0001040FAF76DBC00000148FAF70DBA0000CB
:10CB0000D45C010870B50F4D0E460F4A2C7804EB2B
:10CB1000440102EB810302F18C01324641F82030DE
:10CB2000A1F1500000EB04109860A96802F0C7F969
:10CB3000A8683044A8602878401C2870002018702D
:10CB4000588070BD8C1200208C6E00202DE9F041C1
:10CB500055480178554C564D564EB4F920004FF0CB
:10CB6000000803292ED0544FB98CE9B3798DC1F355
:10CB70008121012955D001212846FAF731FC0320F3
:10CB80002084B88C05285BD0022859D0102130466B
:10CB9000FAF726FCB88C4FF002010328284654D03F
:10CBA000FAF71EFCB88C4FF02001042830464FD015
:10CBB000FAF716FCD7F82E001C2857D8F88DC107B5
:10CBC00054D148E0401C01B22184062968DC0329C5
:10CBD00015DC67DA4FF001012846FAF701FC102155
:10CBE0003046FAF7FDFB00E009E002212846FAF79B
:10CBF000F7FB3046BDE8F0412021FAF7F1BB0121F7
:10CC00002846FAF7EFFB10213046FAF7EBFB02213A
:10CC10002846FAF7E7FB3046BDE8F0412021FAF755
:10CC2000E1BBF98C032901D0032804DC012128464B
:10CC3000FAF7D8FBA5E701212846FAF7D1FBA0E7D0
:10CC400010213046FAF7CEFBA4E7FAF7CBFBA9E7B1
:10CC5000FAF7C8FBAEE7800708D41848B0F912000D
:10CC6000002817DD97F88200C00713D0608C4FF0C2
:10CC70002001401C00B260840428304602DCFAF730
:10CC8000B1FB07E0FAF7ACFBB4F922000A2801DB9C
:10CC9000A4F82280208C401C00B220840A2801DBEA
:10CCA000A4F82080BDE8F081AE000020C81200206A
:10CCB0000008014000100140664C00209621002031
:10CCC000002000BF401CC0B21028FAD970470000F5
:10CCD00010B53E4C80212046FAF784FBFFF7F0FFA9
:10CCE00040212046FAF77CFBFFF7EAFF082002F01C
:10CCF00077FF5221082002F079FF40212046FAF701
:10CD000071FBFFF7DDFF40212046FAF769FBFFF7D3
:10CD1000D7FF082002F064FF3021082002F066FFF0
:10CD200040212046FAF75EFBFFF7CAFF402120466C
:10CD3000FAF756FBFFF7C4FF082002F051FF0A2163
:10CD4000082002F053FF40212046FAF74BFBFFF783
:10CD5000B7FF40212046FAF743FBFFF7B1FF082059
:10CD600002F03EFF0821084602F040FF4021204625
:10CD7000FAF738FBFFF7A4FFFFF7A2FF4021204698
:10CD8000FAF72EFBFFF79CFF082002F029FF022193
:10CD9000082002F02BFF40212046FAF723FBFFF783
:10CDA0008FFF40212046FAF71BFBFFF789FF082081
:10CDB00002F016FF0621082002F018FF402120464D
:10CDC000FAF710FBBDE81040FFF77ABF00080140FA
:10CDD00070B50646084809A20FA150F82640492020
:10CDE000A51C2478234607F0ABFF2146324628468F
:10CDF000BDE87040F9F754BFB42F00207465737418
:10CE000020636D64206D637520322064737020632D
:10CE10006D643A25640A0D006669666F00000000C3
:10CE200010B5002305E010F8014B5B1C01F8014B25
:10CE3000DBB29342F7D310BD30B5C0EB4013124DB7
:10CE4000C3EB002305EB4303A5F59C75002445F8CF
:10CE5000203083F8BA1183F8BB212146A3F8BE41E4
:10CE60001819641CA4B28170DC2CF9D300201A18A4
:10CE7000401C80B282F8DE10DC28F8D30348197019
:10CE80005970C185018630BDEC3000202C01002096
:10CE90002DE9FF5F07464F48DFF83CA1002550F819
:10CEA000276006F1DE00039096F800809AF80200F1
:10CEB000B41C10B93846F9F77BF89AF802004FF025
:10CEC000000B04282AD02078512810D052280ED0E8
:10CED00057280CD054280AD043281FD160784F28F7
:10CEE0001CD1A0784D2819D1E0784D2816D1DFF853
:10CEF000EC90204609EB051111F8012B06F05CF9C6
:10CF000040B109EB0510C1683846884786F800B083
:10CF1000BDE8FF9F6D1CADB2162DEAD386F800B0B8
:10CF20009AF80220607821780091CDE901023B4611
:10CF30002BA233A1492007F003FF3B4631A230A1C9
:10CF40004920CDF8008007F0FBFE4146204607F05F
:10CF5000F9FE022F01D01FB10BE006F07FFE01E0C9
:10CF600006F088FE01462078B0EB112F01D01F2873
:10CF7000CED13B462AA222A14920CDF8008007F05D
:10CF8000DFFE6078032811D0062818D01028BFD102
:10CF90006079217900EB01204FF6FF7101EA400032
:10CFA000093080B2DC280CD9DC230BE0039904B0F3
:10CFB0003A462046BDE8F05F082300F03DB808235C
:10CFC00000E0C3B2039904B03A462046BDE8F05FE2
:10CFD00000F0DCB9B42F0020AC000020145B010885
:10CFE00073636969645B25645D206D6F646275734A
:10CFF00049443D25782025782C25640A0D00000041
:10D000006D6F6400302073636969645B25645D2023
:10D010006D6F6420726563762025643A000000001D
:10D0200073636969645B25645D206D6F642072655C
:10D0300063762025643A00002DE9F047064618443F
:10D04000894610F8011C10F8020C9B1E01EB002011
:10D0500084B2154699B23046F7F7BEFCA04201D023
:10D060001123F8E0F078B17800EB012084B27079F8
:10D07000317900EB012080B2402801D90323EAE096
:10D08000A4F6B731784FB1F5827F10D2204440F634
:10D09000BB41884209D8754B2A4649463046FCF7C1
:10D0A0009CF8388F40F004003CE01223D3E0A4F554
:10D0B0008851662902D3FE39272944D2204441F2FF
:10D0C00066118046884203D941F2FE118842ECD3B2
:10D0D00041F225218842E8D841F258118C4210D8FB
:10D0E00041F2391188450CD3022D01D025B108E059
:10D0F0003A7BF97AB87A02E07A7A397AF879F7F7EE
:10D10000F3FD5B4B2A4649463046FCF766F8022D94
:10D110000BD0002D07D1388F0121B1EB900F02D138
:10D1200020F004003887BDE8F08752490888C2071C
:10D13000F9D041F25C129442F5D89045F3D320F037
:10D1400011000880EFE7A4F57841422906D2204477
:10D150004FF642018842A8D8474B75E0A4F5045128
:10D16000612924D2204442F2611188429DD842F2C2
:10D170003E118C4219D8491E884216D33F48022DD1
:10D1800001D045B111E0F97ABA7A01EB0221A0F899
:10D190006611397B06E0397AFA7901EB0221A0F8B1
:10D1A0006611797A0902A0F86811354B4CE0A4F5B4
:10D1B0004451842906D2204443F2841188428AD8FB
:10D1C000304B41E0A4F582411F2906D2204444F2AD
:10D1D0001F118842BFD82C4B36E0A4F57D41182999
:10D1E00006D220444FF618518842B4D8274B2BE082
:10D1F000A4F55041B1F5FA6F06D220444DF2D0713A
:10D200008842A8D8224B1FE0A4F57F41CD393329AD
:10D2100005D22044B0F5803F9DD81E4B14E0A4F504
:10D22000C041172906D2204446F21701884292D8FD
:10D23000194B09E0A4F5A241172913D2204445F265
:10D240001711884287D8154B2A4649463046BDE813
:10D25000F047FBF7C2BF2A4649463046BDE8F047D3
:10D26000FBF79CBF0223F6E7AC000020F134010875
:10D27000C13F010894110020E53D0108664C0020E3
:10D28000753601085D330108053B010815470108A3
:10D29000B1470108D147010815360108C93C01080A
:10D2A0002DE9F04105463548354F4FF0010850F85B
:10D2B0002540A61C207858BB284602F0BFFA38BB90
:10D2C000012D05D0032D08D01DB3022D21D033E050
:10D2D00028210120FBF776FA2EE0FFF77DFA20B136
:10D2E000FFF77AFA012807D026E0F7F7DBFD0146C1
:10D2F0000320FEF79FFE1FE0388803281CD1214839
:10D300000288214801880320FEF7C4FEA7F80080A8
:10D3100012E02146A01CF9F72DFC01280CD1207841
:10D32000E11C401E82B2A07802F0ACFBA078012183
:10D3300002F088FC0020207020788119284602F035
:10D3400085FA50B12078002805D0B4F8BE0160B14C
:10D35000401EA4F8BE01BDE8F081A4F8BE8120788B
:10D36000DC28A7D2401C2070A4E794F8BB1194F8E5
:10D37000BA01BDE8F041F7F773BF0000B42F0020F9
:10D38000A4000020A00000209A0000202DE9FF4FFB
:10D390001E460546304481B010F8011C10F8020CFE
:10D3A000934601EB002084B2981E81B22846F7F71D
:10D3B00013FBA04201D011231AE0E878A97800EB12
:10D3C000012084B26878062808D06879297900EBB2
:10D3D000012082B2402A02D9032309E00122A4F5E8
:10D3E000445084280CD2A01843F28411ABE01223DD
:10D3F000029905B05A462846BDE8F04FFBF7CEBE6D
:10D40000A4F50450DFF854814FF00009612843D29D
:10D41000A71842F261108742E9D842F23E1A5445F9
:10D420000AD842F23910874206D35A462846029952
:10D4300006F0A0FA0328CFD042F25F10844209D848
:10D44000401E874206D35A462846029906F092FAB1
:10D450000328C1D05A4631462846F9F721FCBBF1D2
:10D46000020F10D154450ED842F23D1087420AD324
:10D4700000962B783AA241A1492007F061FC314681
:10D48000284607F05FFC98F80310012901D088F8BE
:10D49000039005B0BDE8F08FA4F50450AD380AD074
:10D4A000A4F582401F280AD2A01844F21F11884216
:10D4B0009DD8344B37E0012A99D1334B33E0A4F5A2
:10D4C0007D40182806D2A0184FF6185188428ED8F1
:10D4D0002E4B28E0A4F57F40CD38332819D2A01870
:10D4E000B0F5803F83D898F80D0044460128D0D18C
:10D4F000274B5A4628460299FBF7B4FE607901286B
:10D50000C7D084F8049005B01720BDE8F04F00F0B4
:10D510008DBCA4F5A24017280DD2A01845F2171112
:10D520008842C5D81B4B029905B05A462846BDE82B
:10D53000F04FFBF797BEA4F5C0401728BFF457AFD4
:10D54000A01846F217018842B2D805B05A463146B3
:10D550002846BDE8F04FF9F7A3BB0000AC0000205F
:10D560002066726F6D207769666920736574206329
:10D570006D645B25645D3A25640A0D007769666910
:10D5800000000000CD3A010845390108AD3E010810
:10D59000ED470108553D010810B502F10A048EB0AF
:10D5A000302C04D90FA007F0C9FB10A211E00092A3
:10D5B0000B460246012101A800F082F8C1B2FF2209
:10D5C00001A8F9F76DFB00280AD106A007F0B6FB09
:10D5D0000DA213A1452007F0B3FB13A007F0AEFB8B
:10D5E0000EB010BD1B5B33316D0000006D63752004
:10D5F000322064737020696E707574206C656E20C3
:10D600006572726F720A0D006D637520322064734B
:10D610007020696E707574206572726F720A0D00E9
:10D620004649464F000000001B5B306D0A0D0000AC
:10D6300000B589B00B4602460121684600F068F843
:10D64000C1B2FF226846F9F72BFB00280AD106A0D9
:10D6500007F074FB06A20CA1452007F071FB0CA09B
:10D6600007F06CFB09B000BD1B5B33316D0000009F
:10D670006D637520322064737020696E707574203C
:10D680006572726F720A0D004649464F0000000035
:10D690001B5B306D0A0D000010B5017004460320BD
:10D6A0006070100AA070E270002020716371062182
:10D6B000204605F01BFF010AA171E071082010BD92
:10D6C0002DE9F0410025069F017010214170110ADB
:10D6D0008170C27079080A0A027141710646877129
:10D6E000C41D05E013F8010B6D1C04F8010BEDB22D
:10D6F000BD42F7D3A01BC1B2304605F0F7FE010AC8
:10D7000004F8011B04F8010BA01B80B2BDE8F081F6
:10D7100010B50170044606206070100AA070E27017
:10D72000180A207163710621204605F0DFFE010A08
:10D73000A171E071082010BD2DE9F04104460844B4
:10D74000154610F8012C10F8020C891E02EB00207F
:10D7500087B20026C9B2204605F0C8FEB84202D002
:10D760000120BDE8F081207828706078687000069C
:10D77000A07802D56872022602E02872E41C6C6070
:10D780003046EEE70849282251F8201001F8DE2F34
:10D790004E224A7041228A704B22CA700D220A71B1
:10D7A000052202F06FB90000B42F002010B500224E
:10D7B00001210B20F9F756FF002211463420F9F71A
:10D7C00051FF012200212720F9F74CFF02220021FE
:10D7D0003520F9F747FF002201212520F9F742FF04
:10D7E000012211462620F9F73DFF032211461D2094
:10D7F000F9F738FF002203214020F9F733FF012217
:10D8000003214120F9F72EFF022203213F20F9F7DF
:10D8100029FF00220621BDE810404220F9F722BF6F
:10D82000F0B58C18641CE4B251EA020520D009B1AD
:10D8300022B105E0641CE4B2012101E0641EE4B2FF
:10D840002E260A22491C002C12D08C4203D11D190D
:10D8500005F8016C09E0B0FBF2F502FB1505B0FB21
:10D86000F2F01F19303507F8015C641EE4B2EAE7F4
:10D87000F0BD30B504230C4605460022981AC1B20B
:10D88000284605F001FCA054521CD2B29A42F5D3AE
:10D890000020A05430BD00002DE9F0415149002383
:10D8A000514C0E881D46710724D44E495FEAC66E5E
:10D8B000A1F1C0014FF0010CB1F9147021460A89A1
:10D8C000C98808D50123C9B1042A1ED2521C90B2BE
:10D8D0002081B7B12BE05FEA067E09D54FF0FF3318
:10D8E0000420D1B102B3521E90B22081BFB11EE01C
:10D8F000B1071CD50188491E018018E0A4F806C0B4
:10D9000009E0022813D1032010E0102901D3E5809B
:10D9100001E0491CE180258109E0102105E0022891
:10D9200005D1A4F808C002E0491EE18020812F48FB
:10D93000C07C60B12E49E088002B12DAF0B380B2CF
:10D9400001EB400212F8022CD20703D013E0E5806D
:10D95000258134E0401E0004000CE080EFD1E5801A
:10D960002DE058B3102809D880B201EB400212F81C
:10D97000022CD2071CD00004000C20D021891D4DA0
:10D98000A079401E55F83110C0B288472189A0798E
:10D9900005EBC101401E4968C0B28847E088BDE878
:10D9A000F041401E82B2002302210320FEF7A2BDF7
:10D9B000401C80B2E0801028D6D9D0E7FFE7FCF702
:10D9C000EBFDFCF74BFD00230A220321072005F0A5
:10D9D00069F9BDE8F041002315220421072005F074
:10D9E00061B90000881300204A7E00201222002026
:10D9F000F2210020505E0108124A30B4104B128808
:10DA0000B3F9061054070AD4D40601D5491C02E024
:10DA1000140702D5491E09B204E0920702D5028814
:10DA2000521E0280082901DB002102E0002900DAF1
:10DA3000072188B20449D88051F8200030BC004743
:10DA40004A7E002088130020785E010870B5154AD0
:10DA5000134C1288B4F9061053070AD4D30601D523
:10DA6000491C02E0130702D5491E09B204E09207DF
:10DA700002D50288521E0280032901DB002102E048
:10DA8000002900DA0221084D88B2E08055F8300004
:10DA90008047E08805EBC0004068BDE87040004763
:10DAA0004A7E002088130020985E01082DE9F04787
:10DAB000614C82460025607C60B101280AD00026B6
:10DAC0005D49DFF87881C0310A88910704D5401C90
:10DAD00060742FE00226F3E7574F510707F18007E4
:10DAE0004FF0000309D530B1012804D0401E607406
:10DAF000A7F844301EE001251CE050495FEA027C93
:10DB0000C9880DD528B1012803D037F8440F401E2D
:10DB10000FE019B1491EA8F8061084E02221FAE7A7
:10DB2000D20607D5002876D0012874D037F8440FE4
:10DB3000401C3880404FC2373878400710D4607C92
:10DB400002280DD03E483F4902780A7042784A7058
:10DB500082788A70C278CA7002790A7140794871F5
:10DB6000002201210B2001F0F5FF002201211320EA
:10DB700001F0F0FFDFF8C090B8F8061009F1D40901
:10DB800009EB0112334602210320FEF79BFCB8F893
:10DB90000610002309EB011203211846921CFEF720
:10DBA00091FCB8F8061009EB0110A9F11001C38926
:10DBB00082898668A1F1B300B047607CFF280AD053
:10DBC000B4F9120040F6B831884204DA38784007D8
:10DBD00001D4002D2ED038881B4AC3074FF02101F5
:10DBE00003D020F001003880118080B2830703D574
:10DBF00020F002003880118080B2410715D520F056
:10DC0000040038801148007878B1BDE8F04702215F
:10DC10000320F7F725BB491C88B2A8F80600232883
:10DC200001D3A8F80630637484E7BAF80000401EF8
:10DC3000AAF80000BDE8F087C81200204A7E002044
:10DC40006001002067010020B0110020C1110020F8
:10DC50002DE9F047424C81460025607C58B10128EF
:10DC600009D000263E493F4FC0310A88910704D5AC
:10DC7000401C607430E00226F4E7DFF8E4C051078E
:10DC80000CF1800C4FF0000309D530B1012804D00D
:10DC9000401E6074ACF844301EE001251CE03149A0
:10DCA0005FEA0278C9880DD528B1012803D0BCF8F5
:10DCB0004400401E0EE011B1491EF9804EE00120E3
:10DCC000F8804BE0D20607D5E8B3012840D0BCF875
:10DCD0004400401CACF84400002201210B2001F05C
:10DCE00039FF00220121132001F034FFF988DFF809
:10DCF0007880334608EB011202210320FEF7E2FB95
:10DD0000F988002308EB011203211846921CFEF744
:10DD1000D9FBF98808EB0110A8F51A71C38982892B
:10DD20008668A1F1B300B047607CFF2807D0B4F942
:10DD3000120040F6B831884201DA002D06D0B9F859
:10DD40000000401E00E003E0A9F80000BDE8F087F5
:10DD5000491C88B2F880022800D3FB806374BBE7BB
:10DD6000C81200204A7E0020F41500202DE9F04161
:10DD700001882B4E2B4D012906D0698806EBC10185
:10DD80004968BDE8F04108472749B5F902400A88CB
:10DD90004FF00001530705D501804FF42050FFF7E5
:10DDA00047FC10E0D30601D5641C02E0130702D53E
:10DDB000641E24B207E0920705D502220280E980A2
:10DDC000298104F0A1FB052C01DB002402E0002CDA
:10DDD00000DA04246C80641C24B2002201210B2090
:10DDE00001F0B8FE0A2794FBF7F082B2002301216C
:10DDF0000320FEF77FFB94FBF7F007FB104082B295
:10DE0000002301210420FEF775FB6888002306EB40
:10DE1000C002BDE8F04103210520FEF753BB00001E
:10DE2000CC1500204A7E0020881300200120704776
:10DE30002DE9F04797498246282051F82A3001F110
:10DE4000BC0503F1DE040026207041206070A31C95
:10DE5000B5F9060032460121FFF7E2FC2027E77002
:10DE600042202071631DB5F9500000220421FFF704
:10DE7000D7FC67724320A072A86D2B21002801DB1C
:10DE8000E17202E046422D20E07204F10C03002210
:10DE900005213046FFF7C4FC67744420A07404F1E8
:10DEA0001303B5F9080000220121FFF7B9FC27751B
:10DEB0004520607504F11603B5F90A00002201211E
:10DEC000FFF7AEFCE7754620207604F11903B5F99B
:10DED0000C0000220421FFF7A3FC67774720A077FE
:10DEE00004F11F03B5F90E0000220421FFF798FC8E
:10DEF00084F82370482084F8240004F12503B5F940
:10DF0000100000220421FFF78BFC84F829704920BF
:10DF100084F82A0004F12B03B5F912000022042131
:10DF2000FFF77EFC84F82F704A2084F8300004F15B
:10DF30003103B5F9140000220421FFF771FC84F8C5
:10DF400035704B2084F8360004F13703B5F916001C
:10DF500000220421FFF764FC84F83B704C2084F815
:10DF60003C0004F13D03B5F9180000220421FFF73D
:10DF700057FC84F841704D2084F8420004F14303BB
:10DF8000B5F91A0000220421FFF74AFC84F8477013
:10DF90004E2084F8480004F14903B5F91C00002222
:10DFA0000421FFF73DFC84F84D704F2084F84E00AB
:10DFB00004F14F03B5F91E0000220421FFF730FCE5
:10DFC00084F85370502084F8540053264FF05408BE
:10DFD0004FF0550904F15503B5F920000022042142
:10DFE000FFF71EFC84F85970512084F85A0004F1A0
:10DFF0005B03B5F9220000220421FFF711FC84F82D
:10E000005F70522084F8600004F16103B5F92400C8
:10E0100000220421FFF704FC84F8657084F8666030
:10E0200004F16703B5F9260000220421FFF7F8FB8D
:10E0300084F86B7084F86C8004F16D03B5F92800E6
:10E0400000220421FFF7ECFB84F8717084F87290D1
:10E0500004F17303B5F92A0000220421FFF7E0FB65
:10E0600084F87770562084F8780004F17903B5F9C4
:10E070002C0000220421FFF7D3FB0D2084F87D70D3
:10E0800084F87E0021465046BDE8F0477F2201F02B
:10E09000F9BC0000B42F00202DE9F04784498246E6
:10E0A000282051F82A3001F1BC0503F1DE040027D5
:10E0B000207057206070A31CB5F952003A46042125
:10E0C000FFF7AEFB2026A6715820E071E86D4FF0F7
:10E0D0002D084FF02B09002802DB84F8089002E09D
:10E0E000474284F8088004F10903002206213846DB
:10E0F000FFF796FBE6735920207404F11103B5F97C
:10E10000540000220421FFF78BFB66755A20A0758E
:10E11000296E0020002902DB84F8179002E04842B3
:10E1200084F8178004F1180300220521FFF778FB1B
:10E1300066774120A077B5F9560004F11F0300224D
:10E1400004213035FFF76CFB84F82360422084F80B
:10E15000240004F1250300220421686BFFF760FB13
:10E1600084F82960432084F82A0004F12B0335F950
:10E17000020C00220421FFF753FB84F82F60442097
:10E1800084F8300004F13103B5F9000000220421C5
:10E19000FFF746FB84F83560452084F8360004F12B
:10E1A0003703B5F9020000220421FFF739FB84F898
:10E1B0003B60462084F83C0004F13D03B5F90400BF
:10E1C00000220421FFF72CFB84F84160472084F8EB
:10E1D000420004F14303B5F9060000220421FFF7D1
:10E1E0001FFB84F84760482084F84800492704F161
:10E1F0004903B5F9080000220421FFF711FB84F858
:10E200004D6084F84E704FF04D0804F14F03B5F99E
:10E210000A0000220421FFF703FB84F853604A2020
:10E2200084F8540004F15503B5F90E0000220421CE
:10E23000FFF7F6FA84F859604B2084F85A0004F18D
:10E240005B03B5F9380000220421FFF7E9FA84F8EE
:10E250005F60512084F8600004F16103B5F93A0071
:10E2600000220421FFF7DCFA84F865604C2084F872
:10E27000660004F16703B5F93C0000220421FFF7B2
:10E28000CFFA84F86B6084F86C8004F16D03B5F903
:10E290003E0000220421FFF7C3FA0D2084F871002C
:10E2A00021465046BDE8F047722201F0EBBB00006A
:10E2B000B42F00202DE9F14FBD490098DFF8F4920A
:10E2C000002551F8204099F80000DE34012804D0E0
:10E2D0000098BDE8F84FFAF73FB9282020704FF0BA
:10E2E000450ADFF8D08284F801A03120A0703A26D8
:10E2F00008F1C208E670231DB8F8000000220421CE
:10E30000FFF78EFA2027277284F809A03220A07226
:10E31000E67204F10C03B8F8020000220421FFF7B2
:10E320007FFA277484F811A03320A074E67404F1F6
:10E330001403B8F8040000220421FFF771FA2776CD
:10E3400084F819A03420A076E67604F11C03B8F80E
:10E35000060000220421FFF763FA84F8207084F895
:10E3600021A04FF0780884F82280542084F82300FC
:10E3700084F8248084F8256004F126030022052116
:10E38000B9F81000FFF74CFA84F82B7084F82CA031
:10E3900084F82D80522084F82E0084F82F8084F891
:10E3A000306004F1310300220521B9F81800FFF7AD
:10E3B00037FA84F836704FF0490A84F837A04FF0E6
:10E3C0004E0B84F838B0542084F8390084F83A8031
:10E3D000312084F83B0084F83C6004F13D030022C6
:10E3E0000521B9F81200FFF71BFA84F8427084F88F
:10E3F00043A084F844B0522084F8450084F8468055
:10E40000312084F8470084F8486004F14903002271
:10E410000521B9F81A00FFF703FA84F84E7084F862
:10E420004FA084F850B0542084F8510084F85280F2
:10E43000322084F8530084F8546004F1550300221C
:10E440000521B9F81400FFF7EBF984F85A7084F845
:10E450005BA084F85CB0522084F85D0084F85E8094
:10E46000322084F85F0084F8606004F161030022C8
:10E470000521B9F81C00FFF7D3F984F8667084F819
:10E4800067A084F868B0542084F8690084F86A8032
:10E49000332084F86B0084F86C6004F16D03002273
:10E4A0000521B9F81600FFF7BBF984F8727084F8FB
:10E4B00073A084F874B0522084F8750084F87680D4
:10E4C000332084F8770084F8786004F1790300221F
:10E4D0000521B9F81E00FFF7A3F97E20B046B94622
:10E4E0004FF0440A4FF0530B04F80090401C80B2E8
:10E4F000502104F800A0401C80B205F1310704F857
:10E5000000B0401C80B200222154401C80B2542133
:10E510002154401C80B278212154401C80B2052136
:10E520002754401C80B204F80080401C86B220486A
:10E53000A3191C3830F81500FFF772F9761DB0B238
:10E54000502104F80090401C80B2002204F800A082
:10E55000401C80B204F800B0401C80B22154401C22
:10E5600080B252212154401C80B278212154401C99
:10E5700080B205212754401C80B204F80080401C62
:10E5800086B20B48A3190E3830F81500FFF748F98A
:10E59000761D6D1CEDB2B0B2022DA5D30D21215414
:10E5A000401C82B221460098BDE8F84F01F06ABADB
:10E5B000B42F0020AC0000202DE9F14F844A0099CF
:10E5C000002052F821408349DE340978012904D023
:10E5D0000098BDE8F84FF9F7BFBF02254FF02008BB
:10E5E0004FF0530B4FF03A0904F80080401C80B202
:10E5F00044212154401C80B2502104F800B0401C3A
:10E6000080B24FF0780A2154401C80B2542121542A
:10E61000401C80B205F1310704F800A0401C80B214
:10E6200000222754401C80B2052104F80090401CB1
:10E6300086B26748A3191C3830F81500FFF7F0F8C8
:10E64000761DB0B2442104F80080401C80B2002244
:10E650002154401C80B2502104F800B0401C80B20C
:10E660002154401C80B252212154401C80B205210B
:10E6700004F800A0401C80B22754401C80B204F86B
:10E680000090401C86B25248A3190E3830F815008D
:10E69000FFF7C6F8761D6D1CEDB2B0B2072DA3D3FF
:10E6A00004F80080401C80B242212154401C80B2FA
:10E6B0004FF04D0A04F800A0401C80B2542104F829
:10E6C00000B0401C80B278272154401C80B24646DE
:10E6D0002754401C80B2DFF8FC8004F80090401CF6
:10E6E00085B2631900220521B8F82000FFF798F8D9
:10E6F0006D1DA8B242212654401C80B20022215434
:10E70000401C80B2052104F800A0401C80B204F82F
:10E7100000B0401C80B24FF0520B04F800B0401C17
:10E7200080B22754401C80B204F80090401C85B28F
:10E730006319B8F82200FFF773F86D1DA8B24521E0
:10E740002654401C80B200222154401C80B2542127
:10E7500004F800A0401C80B22154401C80B2052166
:10E760002754401C80B204F80090401C85B2631905
:10E77000B8F82400FFF754F86D1DA8B245212654BF
:10E78000401C80B200222154401C80B2052104F8B4
:10E7900000A0401C80B204F800B0401C80B2275496
:10E7A000401C80B204F80090401C85B26319B8F890
:10E7B0002600FFF735F86D1DA8B20D212154401C2D
:10E7C00082B221460098BDE8F84F01F05BB9000025
:10E7D000B42F0020AC0000202DE9F14F954900989E
:10E7E0003A26002551F82030282003F1DE0420705D
:10E7F000422060707020A0707320E070267105F0D8
:10E8000045FA000A631D00220121FFF709F82027BD
:10E81000A7715020E071612020727220607269201F
:10E82000A072E67205F032FAC0B204F10C030022C5
:10E830000121FEF7F5FF67734120A0736420E073A8
:10E840002074722060747C48A67404F113030022C3
:10E8500003210078FEF7E4FFA7754520E0754D2001
:10E8600020767648667604F11A0300220221808F12
:10E87000FEF7D6FF2777532060776520A0777420B6
:10E88000E077562084F820006C4884F821604FF02F
:10E890002B0BB0F93E00002802DB84F822B003E025
:10E8A00040422D2184F8221004F123030022042188
:10E8B000FEF7B6FF624E27204FF03A094FF02008CE
:10E8C0004FF0500A04F80080401C80B205F131017D
:10E8D00004F800A0401C80B22154401C80B204F80F
:10E8E0000090401C81B206EB85008069002802DBA5
:10E8F00004F801B002E040422D226254491C8FB25C
:10E90000E31900220421FEF78BFF3F1D6D1CEDB2C1
:10E91000B8B2032DD6D3CB4600254746B14627547F
:10E92000401C80B256212154401C80B205F13101B7
:10E930002154401C80B2D84604F800B0401C86B276
:10E9400059F82500A31900220421FEF769FF361D9E
:10E950006D1CEDB2B0B2032DE1D3464600254FF059
:10E96000490BB84604F80080401C80B205F1310123
:10E9700004F800B0401C80B200222154401C80B238
:10E9800004212654401C87B209EB8500E319C068B6
:10E99000FEF746FF3F1D6D1CEDB2B8B2032DE1D36B
:10E9A000B3464E4600254FF0460904F80080401C4F
:10E9B00080B205F1310104F800A0401C80B20022B1
:10E9C00004F80090401C80B22154401C80B2042105
:10E9D00004F800B0401C87B206EB8500E319C06B59
:10E9E000FEF71EFF3F1D6D1CEDB2B8B2032DDCD348
:10E9F00004F80080401C80B2722104F80090401C92
:10EA000080B200222154401C80B2042104F800B0DE
:10EA1000401C85B26319306EFEF702FF2D1DA8B2AF
:10EA20000D212154401C82B221460098BDE8F84FC8
:10EA300001F028B8B42F002090000020AC00002086
:10EA4000942E00202DE9F04106461F4800220321A4
:10EA500050F82630282003F1DE04A31D2070562034
:10EA600060706520A0707220E0703A202071412013
:10EA700060716B20FEF7D4FE20256572A5724420DC
:10EA8000E07261202073742060736520A0733A20C7
:10EA9000E0730D2704F11003002206210B48FEF756
:10EAA000BFFEA575E575622020766F206076A076A2
:10EAB0007420E0763A202077677721463046BDE81B
:10EAC000F0411E2200F0DEBFB42F0020B0AA0300E8
:10EAD0002DE9F14FA249009843254FF0460951F81E
:10EAE00020306F2003F1DE044FF0670B257060705B
:10EAF0006E20A07083F8E1906C20207183F8E3B061
:10EB0000984F3A26A671F87CE31D00220121FEF7FA
:10EB100087FE4FF0200884F8088084F809906C2064
:10EB2000A0726F20E07261202073742060734FF038
:10EB3000560A84F80EA0E673B7F9040004F1100336
:10EB400000220421FEF76CFE84F81480657584F8B9
:10EB500016A084F817A02676B7F9020004F119036D
:10EB600000220421FEF75CFE84F81D80A577752045
:10EB7000E077742084F820006F2084F8210066205C
:10EB800084F8220084F8230084F824A084F8256007
:10EB9000B7F9060004F1260300220421FEF740FE27
:10EBA00084F82A804D2084F82B00612084F82C0002
:10EBB000782084F82D0084F82E50682084F82F00E7
:10EBC00084F830B084F83150752084F832004FF06A
:10EBD000720A84F833A084F834A084F83560B7F959
:10EBE000080004F1360300220421FEF719FE04F8A0
:10EBF0003A8F4D2060706120A0707820E070442032
:10EC00002071692060717320A071E5716820207205
:10EC100084F809B0A5727520E07284F80CA084F81D
:10EC20000DA004F80E6F631CB7F90A00002204213E
:10EC3000483CFEF7F5FD84F84D80502084F84E00E6
:10EC4000612084F84F00632084F850006B2084F822
:10EC500051006E2084F85200752084F853006D2016
:10EC600084F8540084F85560387D04F1560300227E
:10EC70000221FEF7D5FD84F85880532084F859000E
:10EC8000502084F85A00442084F85B00692084F8FE
:10EC90005C00732084F85D0084F85E50682084F87E
:10ECA0005F0084F860B084F8619084F86260787CDA
:10ECB00004F1630300220121FEF7B2FD84F86480B1
:10ECC000532084F86500502084F8660084F867506B
:10ECD000682084F8680084F869B084F86A9084F841
:10ECE0006B60B87C04F16C0300220121FEF798FDF3
:10ECF00084F86D8084F86E906F2084F86F0084F83B
:10ED000070A0632084F87100652084F8720084F894
:10ED1000735084F87460387C04F17503002201217B
:10ED2000FEF77EFD84F87680532084F877004F202C
:10ED300084F8780084F8795084F87A60B7F90C0088
:10ED400004F17B0300220321FEF76AFD0D2084F805
:10ED50007E0021460098BDE8F84F7F2200F092BE69
:10ED6000B42F0020122200202DE9F04736498046BA
:10ED7000562051F82830422503F1DE043A2620704F
:10ED80006F2060706C20A0707420E07048202071AB
:10ED9000657101F17C07A671788AE31D00220421C8
:10EDA000FEF73EFD2020E072562020736F20607336
:10EDB0006C20A0737420E0734C2020746574A674DA
:10EDC0004FF00D09B88A04F1130300220421FEF765
:10EDD00027FD2020E0754620207672206076652091
:10EDE000A0767120E076482020776577A677F88AAC
:10EDF00004F11F0300220421FEF712FD202084F8F5
:10EE00002300462084F82400722084F82500652021
:10EE100084F82600712084F827004C2084F828000C
:10EE200084F8295084F82A60388B04F12B030022DF
:10EE30000421FEF7F5FC84F82F9021464046BDE8FA
:10EE4000F047302200F01EBEB42F002010B5848998
:10EE5000C38902689C420AD18068824203D1184467
:10EE600000F8011C01E002F8011C012010BD117026
:10EE70008189491C8181C1898268531801685B1EA0
:10EE80008B4201D1026001E0491C0160002010BDED
:10EE9000828972B1426812780A708189491E818123
:10EEA000C28981688B1842685B1E934203D141601E
:10EEB00003E002207047521C42600020704701604E
:10EEC0004160816000218181C281704770B5054633
:10EED0000A700320487000200C4688707021E17091
:10EEE00020710A20607106212046F5F775FD010AA0
:10EEF000A171E07121462846BDE87040082200F06B
:10EF0000C1BD000010B50D4B01EB810203EB4203C4
:10EF10008278C47804EB0222041D12B20F290CD8A7
:10EF20000A2A00D90A22204606F087F8521EA41C9D
:10EF300012B223F8020B002AF5DC10BD9E2200203D
:10EF400070B505460A700320487000200C46887092
:10EF50003321E17020710620607101462046F5F7EB
:10EF60003BFD010AA171E07121462846BDE87040D1
:10EF7000082200F087BD000010B50D4B01EB4102E7
:10EF800003EB42038278C47804EB0222041D12B220
:10EF90000F290CD8062A00D90622204606F04DF883
:10EFA000521EA41C12B223F8020B002AF5DC10BD7D
:10EFB0003E22002070B505460A7003204870F820F4
:10EFC00088700020C870087110200C464871062116
:10EFD0002046F5F701FD010AA171E071214628469E
:10EFE000BDE87040082200F04DBD000070B50C4631
:10EFF0001649C51C01EB441381781E464A080F2CA4
:10F000000CD8102A00DD1022284606F016F8521EF1
:10F01000AD1C12B223F8020B002AF5DCB6F9000091
:10F020000B49702801D0772803D1B6F9160064285F
:10F0300004DA31F8140040F4806003E031F8140081
:10F0400020F4806021F8140070BD000096160020A6
:10F05000F221002070B505460A7003204870022096
:10F0600088700020C870087120200C464871062165
:10F070002046F5F7B1FC010AA171E071214628464E
:10F08000BDE87040082200F0FDBC00000B4A10B53E
:10F0900002EB81138278C41C52080F290CD8202A55
:10F0A00000D92022204605F0C8FF521EA41C12B22F
:10F0B00023F8020B002AF5DC10BD0000961D00208D
:10F0C00010B540210348F8F78DF9BDE8104000F075
:10F0D00003B800000010014070B50E4E4FF400451B
:10F0E00029463046F8F77CF9FAF760FF29463046A2
:10F0F000F8F778F9FAF75AFF40210748F8F7C4F90A
:10F10000044629463046F8F76BF90CB1012070BD72
:10F11000002070BD000C01400010014070B50F4E82
:10F1200004464FF4004529463046F8F759F90C4893
:10F130004FF0400114B1F8F755F901E0F8F750F934
:10F14000FAF734FF29463046F8F74CF9FAF72EFF64
:10F1500029463046BDE87040F8F742B9000C01403E
:10F160000010014070B50E4C40212046F8F73AF9E6
:10F170000C4E4FF4004529463046F8F733F9FAF7BC
:10F1800015FF40212046F8F72BF9FAF70FFF294623
:10F190003046F8F725F9BDE87040FAF707BF0000E0
:10F1A00000100140000C014010B50B4C40212046DE
:10F1B000F8F716F9FAF7FAFE4FF400410748F8F7A6
:10F1C00011F9FAF7F3FE40212046F8F70BF9BDE8F4
:10F1D0001040FAF7EBBE000000100140000C0140A7
:10F1E00070B5002004464500FFF776FF641C2844F4
:10F1F000E4B2C0B2082CF6D370BD70B580250646C7
:10F20000002406EA0500FFF789FF641C6D08E4B2DC
:10F21000082CF6D370BD00002DE9F05FDFF8D09028
:10F22000344E354F834603244FF4DC7A4AF6AA283D
:10F2300040F22A45304B2A4651465846FCF726FBF9
:10F2400058B9B7F82614414507D1B7F828242946FC
:10F25000294803F031FF01280ED0641E14F0FF048A
:10F26000E8D1032448F2B81A234B2A46514658469F
:10F27000FCF70CFB28B110E0B9F8001041F00101D7
:10F280002AE0B7F82614414507D1B7F828242946C3
:10F29000194803F011FF01281AD0641E14F0FF046E
:10F2A000E2D1308840F40050308000F091FA002123
:10F2B0005846F5F799FC5846FCF79AFB01284FF0A1
:10F2C000010158460FD0F5F78FFC0020BDE8F09FF4
:10F2D000B9F8001041F00201A9F80010308820F4BC
:10F2E0000050308001E0F5F77FFC0120EEE70000E0
:10F2F00084000020901100205C2300202DE9F05FA5
:10F30000DFF8D090344E354F8346032440F2E25A62
:10F310004AF6AA2840F22A45304B2A46514658461A
:10F32000FCF7B4FA58B9B7F82614414507D1B7F835
:10F3300028242946294803F0BFFE01280ED0641E68
:10F3400014F0FF04E8D1032448F2E25A234B2A4682
:10F3500051465846FCF79AFA28B110E0B9F8001067
:10F3600041F004012AE0B7F82614414507D1B7F867
:10F3700028242946194803F09FFE01281AD0641E4C
:10F3800014F0FF04E2D1308840F40050308000F0E7
:10F390002BFA00215846F5F727FC5846FCF798FB56
:10F3A00001284FF0010158460FD0F5F71DFC002051
:10F3B000BDE8F09FB9F8001041F00801A9F800106D
:10F3C000308820F40050308001E0F5F70DFC01207A
:10F3D000EEE7000084000020901100208627002026
:10F3E0002DE9F047DFF8CC80334D344E82460324BC
:10F3F00040F626294AF6AA27304BA622494650460F
:10F40000FCF744FA58B9B6F8A200B84207D1B6F8EA
:10F41000A420A621294803F04FFE01280ED0641E27
:10F4200014F0FF04E8D1032448F62629234BA62232
:10F4300049465046FCF72AFA28B110E0B8F8001007
:10F4400041F040012AE0B6F8A200B84207D1B6F870
:10F45000A420A621194803F02FFE01281AD0641E0B
:10F4600014F0FF04E2D1288840F40050288000F016
:10F47000C7F900215046F5F7B7FB5046FCF7A6FB4D
:10F4800001284FF0010150460FD0F5F7ADFB0020E9
:10F49000BDE8F087B8F8001041F08001A8F800102E
:10F4A000288820F40050288001E0F5F79DFB01201A
:10F4B000EEE700008400002090110020CA2B0020FD
:10F4C0002DE9F047DFF8C880324D334E82460324E1
:10F4D0004AF6AA27DC22304B11465046FCF7D6F9F3
:10F4E00058B9B6F8D800B84207D1B6F8DA20DC210E
:10F4F000294803F0E1FD01280ED0641E14F0FF043A
:10F50000E8D1032448F2DC09234BDC22494650466B
:10F51000FCF7BCF928B110E0B8F8001041F0010187
:10F520002AE0B6F8D800B84207D1B6F8DA20DC21D4
:10F53000194803F0C1FD01281AD0641E14F0FF041D
:10F54000E2D1288840F40050288000F063F90021BF
:10F550005046F5F749FB5046FCF7E0FC01284FF018
:10F56000010150460FD0F5F73FFB0020BDE8F087C2
:10F57000B8F8001041F00201A8F80010288820F423
:10F580000050288001E0F5F72FFB0120EEE7000096
:10F5900084000020901100204C2D00202DE9F04720
:10F5A000DFF8C880324D334E824603244AF6AA273C
:10F5B000304BDC2200215046FCF768F958B9B6F808
:10F5C000D800B84207D1B6F8DA20DC21294803F088
:10F5D00073FD01280ED0641E14F0FF04E8D103244B
:10F5E0004FF40049234BDC2249465046FCF74EF9C4
:10F5F00028B110E0B8F8001041F001012AE0B6F897
:10F60000D800B84207D1B6F8DA20DC21194803F057
:10F6100053FD01281AD0641E14F0FF04E2D128889B
:10F6200040F40050288000F0FFF800215046F5F724
:10F63000DBFA5046FCF772FC01284FF001015046FE
:10F640000FD0F5F7D1FA0020BDE8F087B8F8001028
:10F6500041F00201A8F80010288820F4005028800A
:10F6600001E0F5F7C1FA0120EEE700008400002078
:10F6700090110020702C00202DE9F041314D304CCC
:10F68000314E2A88B4F90400510708D43146D30614
:10F69000B1F882100BD5401C00B2102801DB00200D
:10F6A00012E0C90710D10D280ED10E200CE0120770
:10F6B0000AD5401E00B2002801DA0F2004E0C90775
:10F6C00002D10D2800D10C20204F80B2A08057F825
:10F6D00030008047A08807EBC00040688047194988
:10F6E000A0880022C039D0B12888430709D4C306B6
:10F6F00007D4030705D4830703D4C30701D18006C9
:10F7000000D54A85B6F89C0150B1488D401C00B226
:10F710004885B0F5167F03DB4A85A28000E04A8564
:10F72000287880060AD5A088002807D108480388D1
:10F7300043F0010303800A8301204883BDE8F08180
:10F740004A7E002088130020664C0020D05D01080E
:10F750009411002010B5FDF7B8F9FCF745FFF9F753
:10F7600003FF02F029FF03F097F803F0D7F803F046
:10F770006BF902F0CBFFBDE8104003F045B8000084
:10F78000F8B50E46114D01EB460415F82410012979
:10F790001BD000EB400005EB800069468068FFF756
:10F7A00077FB022811D0304600F04CF9012005F813
:10F7B00024009DF80010304600F000F905EB8401AC
:10F7C00000204880304600F0B5F8F8BD8C6E00206F
:10F7D00000224FF4856302490248FBF730BE000067
:10F7E000FE5101085C23002000224FF4856302498A
:10F7F0000248FBF724BE0000FE51010886270020C6
:10F8000000220249A4230248FBF719BE6C5A0108E2
:10F81000CA2B00200022DA2301490248FBF70FBE61
:10F82000465001084C2D00200022DA2301490248ED
:10F83000FBF705BE46500108702C0020024951F824
:10F840002000007870470000186F002070B50E4649
:10F850000A4951F820008468F4F798FC05463146BF
:10F860002046FFF715FB04462846F4F793FC022CCC
:10F8700001D0002070BD012070BD0000186F002075
:10F8800070B50446094850F8241020468D6803F0EE
:10F8900043FC002808D0204603F01AFC0146284605
:10F8A000BDE87040FFF7D2BA70BD0000186F0020AD
:10F8B0002DE9F041194E1A4D002444F62067012825
:10F8C00007D0022827D0032816D13078012815D078
:10F8D0001EE0FDF703F801280CD13078012809D18A
:10F8E00010490888401C80B20880B84202D90E48EE
:10F8F0000C8004806C702C71BDE8F0810B49088885
:10F90000401C80B20880B84202D909480C800480AB
:10F91000AC706C71F0E7EC70AC71EDE7AC000020FE
:10F920008C120020CC000020CE000020D00000204F
:10F93000D200002040F2073150B101280AD002283D
:10F940000AD003280AD004280AD1064805F02FBBA4
:10F950000548FBE70548F9E70548F7E70548F5E7F7
:10F960007047000000500040003801400044004053
:10F9700000480040004C004040F2073150B10128DF
:10F980000AD002280AD003280AD004280AD106483F
:10F9900005F003BB0548FBE70548F9E70548F7E72D
:10F9A0000548F5E77047000000500040003801406E
:10F9B0000044004000480040004C004050B1012885
:10F9C0000AD002280AD003280AD004280AD10648FF
:10F9D00005F094BA0548FBE70548F9E70548F7E75D
:10F9E0000548F5E77047000000500040003801402E
:10F9F0000044004000480040004C004070B50546FF
:10FA00000F4850F82540284603F0AEFB00280CD1E3
:10FA1000608858B1606801782846FFF7CFFF6068BA
:10FA2000401C60606088401E608070BD00202070B7
:10FA30002846FFF7A1FF2846BDE87040FFF738BF12
:10FA4000186F002070B501250B4C012805D0022845
:10FA50000FD0032800D1A57070BD4FF400510748A6
:10FA6000F7F7C0FC4FF480710548F7F7B9FC6570F3
:10FA700070BDE57070BD00008C12002000100140C8
:10FA8000000801402DE9F0410F460E498046154619
:10FA900051F828402078012811D04046FFF7D2FFC6
:10FAA000F4F774FB0646676065800120207015B18D
:10FAB0004046FFF73FFF3046F4F76CFB0020BDE8FF
:10FAC000F0810000186F0020C006010E052000F034
:10FAD0008DB800001E4830B4002200F13C010270D5
:10FAE000CB7C437082700B7CC37002718B7C437142
:10FAF00082714B7CC3714B881C0A047243728B88E1
:10FB00001C0A8472C372CB881C0A047343730B896A
:10FB10001C0A8473C3734B891C0A047443748B8955
:10FB20001C0A8474C37402750B7D43750B881C0A10
:10FB30008475C375CB891C0A047643768276497D29
:10FB4000C176014630BC1C224FF4C040FDF724BDF5
:10FB5000D621002070B5812814D21F4B1F4C022AD9
:10FB600011D0A51C042A17D0261D062A1AD0FF2A58
:10FB70002AD0022A0BD0F2B1042A11D0DAB1062A17
:10FB800014D0C2B170BD258845F400752580248845
:10FB900014F4F07F0FD070BD2C8844F400742C80D6
:10FBA0002C8804E0348844F4007434803488C4F32E
:10FBB0004314012CEFD833F8104061F3492462F369
:10FBC000481423F8104070BD33F8101021F47871F8
:10FBD00023F8101070BD0000487D0020C0120020E6
:10FBE0000007010E042000F001B8000070B50C46BB
:10FBF0000546104E1BE080213046F7F7F1FBFDF77C
:10FC00005FF820064FF01001304602D5F7F7EAFB07
:10FC100001E0F7F7E5FBFDF753F880213046F7F7F1
:10FC2000E1FBFDF74DF86006040E6D1EEDB2002DF0
:10FC3000E1D170BD000801400149487170470000E2
:10FC40002C000020054A012952F8200080F8BC1140
:10FC500002D10021A0F8C01170470000B42F00208D
:10FC60000248018841F0010101807047881300209B
:10FC70000248018841F0100101807047881300207C
:10FC800010B50446F4F782FA02490C80BDE8104032
:10FC9000F4F780BA8627002010B50446F4F776FA08
:10FCA00002494C81BDE81040F4F774BACA2B002019
:10FCB00010B50446F4F76AFA0349A1F89E40BDE87E
:10FCC0001040F4F767BA0000CA2B002070B50D464B
:10FCD0000446F4F75BFA35214C43044901EB440137
:10FCE0004D86BDE87040F4F755BA00008627002025
:10FCF00070B50D460446F4F749FA35214C430449E2
:10FD000001EB44010D87BDE87040F4F743BA0000F1
:10FD10008627002070B50D460446F4F737FA3521E2
:10FD20004C43044901EB44010D82BDE87040F4F7F7
:10FD300031BA00008627002070B50D460446F4F75E
:10FD400025FA35214C43044901EB44010D86BDE8F9
:10FD50007040F4F71FBA00008627002070B50D46EA
:10FD60000446F4F713FA35214C43044901EB4401EE
:10FD7000CD86BDE87040F4F70DBA0000862700205C
:10FD800070B50D460446F4F701FA35214C43044999
:10FD900001EB4401CD81BDE87040F4F7FBB90000F0
:10FDA0008627002070B50D460446F4F7EFF935219B
:10FDB0004C43044901EB4401A1F84050BDE87040B8
:10FDC000F4F7E8B98627002070B50D460446F4F72D
:10FDD000DDF935214C43044901EB4401A1F84850B9
:10FDE000BDE87040F4F7D6B98627002070B50D46FF
:10FDF0000446F4F7CBF935214C43044901EB4401A7
:10FE0000CD83BDE87040F4F7C5B900008627002017
:10FE100070B50D460446F4F7B9F935214C43044951
:10FE200001EB4401A1F84250BDE87040F4F7B2B9CB
:10FE30008627002070B50D460446F4F7A7F9352152
:10FE40004C43044901EB4401A1F84A50BDE870401D
:10FE5000F4F7A0B98627002070B50D460446F4F7E4
:10FE600095F935214C43044901EB44010D84BDE86B
:10FE70007040F4F78FB900008627002070B50D465A
:10FE80000446F4F783F935214C43044901EB44015E
:10FE9000CD87BDE87040F4F77DB9000086270020CB
:10FEA00070B50D460446F4F771F935214C43044909
:10FEB00001EB4401A1F84650BDE87040F4F76AB97F
:10FEC0008627002070B50D460446F4F75FF935210A
:10FED0004C43044901EB44018D83BDE87040F4F7C5
:10FEE00059B900008627002070B50D460446F4F786
:10FEF0004DF935214C43044901EB44018D87BDE8A0
:10FF00007040F4F747B900008627002070B50D4611
:10FF10000446F4F73BF935214C43044901EB440115
:10FF2000A1F84450BDE87040F4F734B986270020AA
:10FF300070B50D460446F4F729F935214C430449C0
:10FF400001EB44014D83BDE87040F4F723B9000094
:10FF50008627002010B50446F4F718F90349A1F8E4
:10FF60009640BDE81040F4F715B90000CA2B0020F8
:10FF700010B50446F4F70AF90349A1F89840BDE822
:10FF80001040F4F707B90000CA2B002070B50D46E9
:10FF90000446F4F7FBF835214C43044901EB4401D6
:10FFA0000D83BDE87040F4F7F5B800008627002007
:10FFB00070B50D460446F4F7E9F835214C43044981
:10FFC00001EB44018D82BDE87040F4F7E3B8000016
:10FFD0008627002010B50446F4F7D8F80349A1F8A5
:10FFE0009C40BDE81040F4F7D5B80000CA2B0020B3
:10FFF00010B50446F4F7CAF80349A1F89A40BDE8E1
:020000040801F1
:100000001040F4F7C7B80000CA2B002070B50D46A9
:100010000446F4F7BBF835214C43044901EB440195
:100020004D84BDE87040F4F7B5B800008627002085
:1000300070B50D460446F4F7A9F835214C43044940
:1000400001EB4401A1F84E50BDE87040F4F7A2B8AE
:100050008627002070B50D460446F4F797F8352141
:100060004C43044901EB44014D85BDE87040F4F771
:1000700091B800008627002070B50D460446F4F7BD
:1000800085F835214C43044901EB44010D85BDE859
:100090007040F4F77FB800008627002070B50D4649
:1000A0000446F4F773F835214C43044901EB44014D
:1000B000CD85BDE87040F4F76DB8000086270020BC
:1000C00070B50D460446F4F761F835214C430449F8
:1000D00001EB44018D85BDE87040F4F75BB800008A
:1000E0008627002070B50D460446F4F74FF83521F9
:1000F0004C43044901EB4401CD84BDE87040F4F762
:1001000049B800008627002070B50D460446F4F774
:100110003DF835214C43044901EB44018D84BDE891
:100120007040F4F737B800008627002070B50D4600
:100130000446F4F72BF835214C43044901EB440104
:10014000A1F84C50BDE87040F4F724B88627002091
:1001500070B50D460446F4F719F835214C430449AF
:1001600001EB4401A1F86A50BDE87040F4F712B801
:100170008627002070B50D460446F4F707F83521B0
:100180004C43044901EB4401A1F85850BDE87040CC
:10019000F4F700B88627002070B50D460446F3F743
:1001A000F5FF35214C43044901EB4401A1F85A50B5
:1001B000BDE87040F3F7EEBF8627002070B50D460E
:1001C0000446F3F7E3FF35214C43044901EB4401B6
:1001D000A1F85C50BDE87040F3F7DCBF8627002033
:1001E00070B50D460446F3F7D1FF35214C43044961
:1001F00001EB4401A1F85E50BDE87040F3F7CABFBF
:100200008627002070B50D460446F3F7BFFF352161
:100210004C43044901EB4401A1F86050BDE8704033
:10022000F3F7B8BF8627002070B50D460446F3F7F4
:10023000ADFF35214C43044901EB4401A1F8625064
:10024000BDE87040F3F7A6BF8627002070B50D46C5
:100250000446F3F79BFF35214C43044901EB44016D
:10026000A1F86450BDE87040F3F794BF86270020E2
:1002700070B50D460446F3F789FF35214C43044918
:1002800001EB4401A1F86650BDE87040F3F782BF6E
:100290008627002070B50D460446F3F777FF352119
:1002A0004C43044901EB4401A1F86850BDE870409B
:1002B000F3F770BF8627002070B50D460446F3F7AC
:1002C00065FF35214C43044901EB4401CD80BDE875
:1002D0007040F3F75FBF00008627002070B50D4621
:1002E0000446F3F753FF35214C43044901EB440125
:1002F0008D80BDE87040F3F74DBF000086270020D9
:1003000070B50D460446F3F741FF35214C430449CF
:1003100001EB44014D80BDE87040F3F73BBF0000A6
:100320008627002070B50D460446F3F72FFF3521D0
:100330004C43044901EB44014D81BDE87040F3F7A3
:1003400029BF00008627002070B50D460446F3F74C
:100350001DFF35214C43044901EB44018D81BDE86B
:100360007040F3F717BF00008627002070B50D46D8
:100370000446F3F70BFF35214C43044901EB4401DC
:100380000D81BDE87040F3F705BF0000862700200F
:1003900070B50D460446F3F7F9FE35214C43044988
:1003A00001EB44018D86BDE87040F3F7F3BE000019
:1003B0008627002070B50D460446F3F7E7FE352189
:1003C0004C43044901EB44014D87BDE87040F3F70D
:1003D000E1BE00008627002070B50D460446F3F705
:1003E000D5FE35214C43044901EB44014D82BDE863
:1003F0007040F3F7CFBE00008627002070B50D4691
:100400000446F3F7C3FE35214C43044901EB440194
:10041000CD82BDE87040F3F7BDBE00008627002006
:1004200070B50D460446F3F7B1FE35214C4304493F
:1004300001EB4401A1F85650BDE87040F3F7AABEA5
:100440008627002070B50D460446F3F79FFE352140
:100450004C43044901EB4401A1F85450BDE87040FD
:10046000F3F798BE8627002070B50D460446F3F7D3
:100470008DFE35214C43044901EB4401A1F8525053
:10048000BDE87040F3F786BE8627002070B50D46A4
:100490000446F3F77BFE35214C43044901EB44014C
:1004A000A1F85050BDE87040F3F774BE86270020D5
:1004B0000248018841F00401018070478813002040
:1004C00002490A8860F383020A8070478412002080
:1004D00002490A8860F387120A807047841200205C
:1004E00002490A8860F341020A80704788000020B0
:1004F000044A118860F382016FEA910060F3C3013E
:100500001180704788000020014A50709170704738
:10051000900000200248018841F0020101807047EC
:10052000881300207047000001498873704700005D
:10053000AC0000200248018841F020010180704792
:100540008813002070B5054600210846FCF796FA8E
:1005500000210120FCF792FA29780A24B1FBF4F07B
:1005600004FB1010B1FBF4F100EB0110C1B2082044
:10057000FCF784FA6978B1FBF4F004FB1010B1FBCE
:10058000F4F100EB0110C1B20720FCF777FAA8786C
:10059000B0FBF4F104FB1101B0FBF4F001EB00102F
:1005A000C1B20520FCF76AFAE878B0FBF4F104FB6D
:1005B0001101B0FBF4F001EB0010C1B20420FCF714
:1005C0005DFA2879B0FBF4F104FB1101B0FBF4F003
:1005D00001EB0010C1B20320FCF750FA6879B0FBC0
:1005E000F4F104FB1101B0FBF4F001EB0010C1B217
:1005F0000220FCF743FAA979BDE870400620FCF719
:100600003DBA00000248018841F0080101807047AE
:1006100088130020074A002032F8101021F4FF71DF
:1006200041F4007122F81010401C80B28128F3D3ED
:1006300070470000487D0020F0B5224C87B0234E63
:10064000D4E90C54CDE904541F4C214FB4F9425164
:10065000ADF80C50B6F85A40AC4204D03D88012D9C
:1006600001D1ADF80C4006AC1BB212B20094CDE93A
:100670000123164B03AA583302F01AFEA0B1BDF8AD
:100680000C0081B242F22B10FCF7D2FF0F48C230AF
:10069000018841F00201018001203880BDF80C0082
:1006A000A6F85A000020F082B6F9580004A900EB21
:1006B000400042189DF8183003210520FBF702FF87
:1006C00007B0F0BD145D0108664C0020C812002080
:1006D000BC120020F0B5224C87B0234ED4E906545A
:1006E000CDE904541F4C214FB4F99C51ADF80C5086
:1006F000B6F84A40AC4204D03D88012D01D1ADF896
:100700000C4006AC1BB212B20094CDE90123164B8B
:1007100003AA483302F0CCFDA0B1BDF80C0081B2B1
:1007200042F25810FCF784FF0F48C230018841F0B4
:100730000201018001203880BDF80C00A6F84A00B3
:100740000020F082B6F9480004A900EB40004218EE
:100750009DF8183003210520FBF7B4FE07B0F0BD6B
:10076000145D0108664C0020C8120020BC12002055
:10077000F0B52D4C85B094F88250ED0702D0B4F856
:10078000885001E0B4F83051ADF80C50B4F846414F
:1007900000251CB1012C01D0032C00D10D80234C6D
:1007A000BDF90CC0224EB4F86A70674506D0B6F8A1
:1007B00000C0BCF1010F01D1ADF80C7004AF1BB249
:1007C00012B20097CDE90123184B03AA683302F057
:1007D0006FFD98B1BDF80C0081B242F22210FCF717
:1007E00027FF1248C230018841F002010180012038
:1007F0003080BDF80C00A4F86A00E58200220121D7
:100800003320FFF7A7F99DF8102001212B20FFF7D7
:10081000A1F9B4F868009DF8103082B203210520D8
:10082000FBF768FE05B0F0BD664C0020C812002042
:10083000BC120020F0B52D4C85B094F88250ED0725
:1008400002D0B4F88A5001E0B4F83251ADF80C503F
:10085000B4F8464100251CB1012C01D0032C00D175
:100860000D80234CBDF90CC0224EB4F86E70674564
:1008700006D0B6F800C0BCF1010F01D1ADF80C7084
:1008800004AF1BB212B20097CDE90123184B03AAA3
:100890006C3302F00DFD98B1BDF80C0081B242F24C
:1008A0002310FCF7C5FE1248C230018841F0020156
:1008B000018001203080BDF80C00A4F86E00E582B4
:1008C000002201213320FFF745F99DF81020012176
:1008D0002B20FFF73FF9B4F86C009DF8103082B27E
:1008E00003210520FBF706FE05B0F0BD664C002095
:1008F000C8120020BC1200202DE9FF4F95B093468E
:1009000098464022BF4904A8F3F7B7FCDFF8FC92F1
:10091000BD4BBF4EA9F1C207B3F84601B7F8662038
:10092000B6F800C00125002411B20DF1500A0328C9
:1009300048D0B3F92A31ADF80C309A4204D0BCF15A
:10094000010F01D1ADF80C1008B1012801D11698A2
:1009500004800FFA88F20FFA8BF150468DE80700F9
:10096000AA4BDDE915015E3B03AA02F0A1FC90B1A0
:10097000BDF80C0081B242F21F10FCF759FEB9F825
:10098000001041F00201A9F800103580BDF80C00FC
:10099000A7F86600FC82002201213320FFF7DAF875
:1009A0009DF8502001212B20FFF7D4F8B7F8640000
:1009B0009DF8503082B203210520FBF79BFD19B052
:1009C000BDE8F08FB3F95C011223002802DCADF81A
:1009D0000C408CE0A0F10108B8F1040F02D8ADF88A
:1009E0000C5084E0A0F10608B8F1040F01D80220F1
:1009F0007BE0A0F10B08B8F1040F01D8032074E0EC
:100A0000A0F11008B8F1040F01D804206DE0A0F1A6
:100A10001508B8F1040F01D8052066E0A0F11A0806
:100A2000B8F1040F01D806205FE0A0F11F08B8F16B
:100A3000040F01D8072058E0A0F12408B8F1040FF2
:100A400001D8082051E0A0F12908B8F1040F01D81D
:100A500009204AE0A0F12E08B8F1040F01D80A20BD
:100A600043E0A0F13308B8F1040F01D80B203CE0BB
:100A7000A0F13808B8F1040F01D80C2035E0A0F13E
:100A80003D08B8F1040F01D80D202EE0A0F1420876
:100A9000B8F1040F01D80E2027E0A0F14708B8F103
:100AA000040F01D80F2020E0A0F14C08B8F1040F8A
:100AB00001D8102019E0A0F15108B8F1040F01D8B5
:100AC000112012E0A0F15608B8F1040F02D8ADF8D9
:100AD0000C300CE0A0F15B08B8F1040F01D8132032
:100AE00003E06038042802D81420ADF80C00BDF9EA
:100AF0000C00824204D0BCF1010F01D1ADF80C1002
:100B000050468DE81900414BDDE915015E3B03AA13
:100B100002F0CEFB78B3BDF90C1042F2381049B3A5
:100B2000012926D0022927D0032927D0042927D03C
:100B3000052927D0062927D0072927D0082927D01B
:100B4000092927D00A2927D00B2927D00C2927D0FB
:100B50000D2927D00E2927D00F2927D0102927D0DB
:100B6000112927D0122927D0132927D0142927D0BB
:100B700029E0052125E032E00A2122E00F2120E0D2
:100B800014211EE019211CE01E211AE0232118E087
:100B9000282116E02D2114E0322112E0372110E047
:100BA0003C210EE041210CE046210AE04B2108E007
:100BB000502106E0552104E05A2102E05F2100E0C7
:100BC0006421FCF735FDB9F8001041F00201A9F8E5
:100BD00000103580BDF80C00A7F86600FC820022EA
:100BE00001213A20FEF7B6FFB7F9640004A900EB33
:100BF000400042189DF8503003210520FBF762FCAD
:100C0000DDE60000E05E0108664C00208A1300204B
:100C1000BC1200202DE9FF4FC6A097B00068924695
:100C2000159098464022C44904A8F3F726FBDFF844
:100C30001093C248C34EA9F1C207B0F846C1B7F835
:100C4000762033880024012511B20DF1500BBCF140
:100C5000030F4CD0B0F99E01ADF80C00824203D0D6
:100C6000012B01D1ADF80C100FFA88F20FFA8AF1BE
:100C700058468DE80700B24BDDE917014E3B03AA49
:100C800002F016FB90B1BDF80C0081B242F259108F
:100C9000FCF7CEFCB9F8001041F00201A9F80010F1
:100CA0003580BDF80C00A7F87600FC82B7F9740017
:100CB000A0F50071593916D0002201213320FEF72A
:100CC00049FF9DF8502001212B20FEF743FFB7F884
:100CD00074009DF8503082B203210520FBF70AFC16
:100CE0001BB0BDE8F08F9DF8503015AA1DE1B0F99A
:100CF0006C014FF0020A4FF0140C002802DCADF832
:100D00000C408DE0A0F10108B8F1040F02D8ADF855
:100D10000C5085E0A0F10608B8F1040F02D8ADF838
:100D20000CA07DE0A0F10B08B8F1040F01D803205E
:100D30006EE0A0F11008B8F1040F01D8042067E0BC
:100D4000A0F11508B8F1040F01D8052060E0A0F16A
:100D50001A08B8F1040F01D8062059E0A0F11F08C5
:100D6000B8F1040F01D8072052E0A0F12408B8F12F
:100D7000040F01D808204BE0A0F12908B8F1040FB6
:100D800001D8092044E0A0F12E08B8F1040F01D8E1
:100D90000A203DE0A0F13308B8F1040F01D80B2080
:100DA00036E0A0F13808B8F1040F01D80C202FE08C
:100DB000A0F13D08B8F1040F01D80D2028E0A0F102
:100DC0004208B8F1040F01D80E2021E0A0F1470835
:100DD000B8F1040F01D80F201AE0A0F14C08B8F1C7
:100DE000040F01D8102013E0A0F15108B8F1040F4E
:100DF00001D811200CE0A0F15608B8F1040F01D879
:100E0000122005E0A0F15B08B8F1040F03D813200D
:100E1000ADF80C0004E06038042801D8ADF80CC02F
:100E2000BDF90C00824203D0012B01D1ADF80C10AA
:100E3000CDE900BCCDF808A0414BDDE917014E3BE0
:100E400003AA02F035FA78B3BDF90C104FF405503F
:100E500049B3012926D0022927D0032927D0042904
:100E600027D0052927D0062927D0072927D00829E8
:100E700027D0092927D00A2927D00B2927D00C29C8
:100E800027D00D2927D00E2927D00F2927D01029A8
:100E900027D0112927D0122927D0132927D0142988
:100EA00027D029E0052125E032E00A2122E00F21A8
:100EB00020E014211EE019211CE01E211AE023214C
:100EC00018E0282116E02D2114E0322112E037210C
:100ED00010E03C210EE041210CE046210AE04B21CC
:100EE00008E0502106E0552104E05A2102E05F218C
:100EF00000E06421FCF79CFBB9F8001041F002010E
:100F0000A9F800103580BDF80C00A7F87600FC8227
:100F1000002201213A20FEF71DFEB7F9740004A952
:100F200000EB40009DF85030421803210520FBF7EC
:100F3000C9FAD5E60F1E1500605F0108664C002057
:100F40008A130020BC1200202DE9FF4F95B0934674
:100F500098464022BC4904A8F3F78FF9DFF8F092D5
:100F6000BA48BC4DA9F1C207B0F846C1B7F8723013
:100F70002A880024012619B20DF1500ABCF1030F92
:100F800042D0B0F99801ADF80C00834203D0012A99
:100F900001D1ADF80C100FFA88F20FFA8BF1504620
:100FA0008DE80700AA4BDDE91501523B03AA02F0C8
:100FB0007FF990B1BDF80C0081B242F25610FCF7F7
:100FC00037FBB9F8001041F00201A9F800102E809B
:100FD000BDF80C10A7F87210FC820022012133200A
:100FE000FEF7B8FD9DF8502001212B20FEF7B2FD41
:100FF000B7F870009DF8503082B203210520FBF74E
:1010000079FA19B0BDE8F08FB0F96A014FF0130C0E
:10101000002802DCADF80C408CE0A0F10108B8F12A
:10102000040F02D8ADF80C6084E0A0F10608B8F116
:10103000040F01D802207BE0A0F10B08B8F1040FE7
:1010400001D8032074E0A0F11008B8F1040F01D812
:1010500004206DE0A0F11508B8F1040F01D80520B7
:1010600066E0A0F11A08B8F1040F01D806205FE08D
:10107000A0F11F08B8F1040F01D8072058E0A0F133
:101080002408B8F1040F01D8082051E0A0F1290884
:10109000B8F1040F01D809204AE0A0F12E08B8F1F8
:1010A000040F01D80A2043E0A0F13308B8F1040F7F
:1010B00001D80B203CE0A0F13808B8F1040F01D8AA
:1010C0000C2035E0A0F13D08B8F1040F01D80D2047
:1010D0002EE0A0F14208B8F1040F01D80E2027E05D
:1010E000A0F14708B8F1040F01D80F2020E0A0F1CB
:1010F0004C08B8F1040F01D8102019E0A0F15108F4
:10110000B8F1040F01D8112012E0A0F15608B8F18F
:10111000040F01D812200BE0A0F15B08B8F1040F16
:1011200002D8ADF80CC005E06038042802D81420BD
:10113000ADF80C00BDF90C00834203D0012A01D1A7
:10114000ADF80C10CDE900AC0296414BDDE915017C
:10115000523B03AA02F0ACF878B3BDF90C1042F28E
:101160003F1049B3012926D0022927D0032927D0CF
:10117000042927D0052927D0062927D0072927D0D9
:10118000082927D0092927D00A2927D00B2927D0B9
:101190000C2927D00D2927D00E2927D00F2927D099
:1011A000102927D0112927D0122927D0132927D079
:1011B000142927D029E0052125E032E00A2122E088
:1011C0000F2120E014211EE019211CE01E211AE04D
:1011D000232118E0282116E02D2114E0322112E00D
:1011E000372110E03C210EE041210CE046210AE0CD
:1011F0004B2108E0502106E0552104E05A2102E08D
:101200005F2100E06421FCF713FAB9F8001041F007
:101210000201A9F800102E80BDF80C10A7F872107A
:10122000FC82002201213A20FEF794FCB7F97000FD
:1012300004A900EB400042189DF85030032105201E
:10124000FBF740F9DDE60000205F0108664C002056
:101250008A130020BC120020F0B5224C89B004AFE4
:1012600070CC87E87000204C204D214EB4F94671B7
:10127000ADF80C70B5F85640BC4204D03788012F49
:1012800001D1ADF80C4007AC1BB212B20094CDE90D
:101290000123164B03AA543302F00AF8A0B1BDF89B
:1012A0000C0081B242F22D10FCF7C2F90F48C23097
:1012B000018841F00201018001203080BDF80C005E
:1012C000A5F856000020E882B5F9540004A900EB07
:1012D000400042189DF81C3003210520FBF7F2F86E
:1012E00009B0F0BDC85E0108664C0020C81200209D
:1012F000BC120020F0B5224C87B0234ED4E90A542A
:10130000CDE904541F4C214FB4F94E51ADF80C50A7
:10131000B6F85240AC4204D03D88012D01D1ADF861
:101320000C4006AC1BB212B20094CDE90123164B5F
:1013300003AA503301F0BCFFA0B1BDF80C0081B28C
:1013400042F23110FCF774F90F48C230018841F0C5
:101350000201018001203880BDF80C00A6F852007F
:101360000020F082B6F9500004A900EB40004218BA
:101370009DF8183003210520FBF7A4F807B0F0BD55
:10138000145D0108664C0020C8120020BC12002029
:10139000F0B5214C89B004AF70CC87E870001F4CC9
:1013A0001F4D204EB4F94471ADF80C706C8FBC42E7
:1013B00004D03788012F01D1ADF80C4007AC1BB227
:1013C00012B20094CDE90123154B03AA383301F082
:1013D0006FFF98B1BDF80C0081B242F22C10FCF7FF
:1013E00027F90F48C230018841F002010180012035
:1013F0003080BDF80C0068870020E882B5F938001D
:1014000004A900EB400042189DF81C300321052080
:10141000FBF758F809B0F0BDBC5E0108664C00202F
:10142000C8120020BC1200202DE9F047ADF5187D50
:101430009046894682461F464FF41372314903A8ED
:10144000F2F71BFF30484FF6FF76B0F87601B04256
:1014500001D1C72002E00521B0FBF1F02B4CADF823
:101460005802BDF95812608E294D884204D029884F
:10147000012901D1ADF858023AB20FFA88F197A8C4
:101480008DE80700214B96AA30334946504601F0BB
:101490000FFFC8B1BDF9581242F24510C72920D03C
:1014A00001EB810189B2FCF7C3F81848423001888A
:1014B00041F00201018001202880BDF858026086B9
:1014C000124900208039C882B4F93000C42800EBEA
:1014D000400008DA03A9421803219DF85C32052078
:1014E0000AE03146DFE709499DF85C32463142188F
:1014F00003210520A2F51372FAF7E4FF0DF5187D1C
:10150000BDE8F087B05F0108664C0020481300205A
:10151000BC12002008B50CA109680091017871B1D6
:1015200001290CD0094902230978890701D5FF2137
:1015300001706A4603210520FAF7C4FF08BD0121A6
:1015400001700023F5E700000E1C0C00881300203A
:10155000F0B5224C87B0234ED4E91254CDE904549F
:101560001F4C214FB4F96E51ADF80C50B6F87E40C7
:10157000AC4204D03D88012D01D1ADF80C4006AC41
:101580001BB212B20094CDE90123164B03AA7C339F
:1015900001F08EFEA0B1BDF80C0081B242F2411004
:1015A000FCF746F80F48C230018841F00201018083
:1015B00001203880BDF80C00A6F87E000020F082E3
:1015C000B6F97C0004A900EB400042189DF81830E1
:1015D00003210520FAF776FF07B0F0BD145D01087E
:1015E000664C0020C8120020BC120020F0B5224C2E
:1015F00087B0234ED4E90854CDE904541F4C214F41
:10160000B4F95651ADF80C50B6F84E40AC4204D087
:101610003D88012D01D1ADF80C4006AC1BB212B2D1
:101620000094CDE90123164B03AA4C3301F040FE90
:10163000A0B1BDF80C0081B242F23510FBF7F8FF03
:101640000F48C230018841F002010180012038803A
:10165000BDF80C00A6F84E000020F082B6F94C0050
:1016600004A900EB400042189DF818300321052022
:10167000FAF728FF07B0F0BD145D0108664C0020A2
:10168000C8120020BC120020F0B51F4C85B01F4EC0
:10169000B4F94C51ADF80C50748E1D4FAC4204D0CF
:1016A0003D88012D01D1ADF80C4004AC1BB212B243
:1016B0000094CDE90123154B03AA303301F0F8FD66
:1016C00098B1BDF80C0081B242F23010FBF7B0FFC8
:1016D0000E48C230018841F00201018001203880AB
:1016E000BDF80C0070860020F08200220121392014
:1016F000FEF730FA308E9DF8103082B203210520BB
:10170000FAF7F8FE05B0F0BD664C0020C8120020C4
:10171000BC120020F0B51F4C85B01F4EB4F94851E3
:10172000ADF80C50F48D1D4FAC4204D03D88012D16
:1017300001D1ADF80C4004AC1BB212B20094CDE95B
:101740000123154B03AA2C3301F0B2FD98B1BDF86B
:101750000C0081B242F22E10FBF76AFF0E48C23035
:10176000018841F00201018001203880BDF80C00A1
:10177000F0850020F082002201213920FEF7EAF9ED
:10178000B08D9DF8103082B203210520FAF7B2FE29
:1017900005B0F0BD664C0020C8120020BC1200202D
:1017A000F0B5214C89B004AF70CC87E870001F4CB5
:1017B0001F4D204EB4F94071ADF80C70EC8EBC4258
:1017C00004D03788012F01D1ADF80C4007AC1BB213
:1017D00012B20094CDE90123154B03AA343301F072
:1017E00067FD98B1BDF80C0081B242F22A10FBF7F8
:1017F0001FFF0F48C230018841F002010180012023
:101800003080BDF80C00E8860020E882B5F934008D
:1018100004A900EB400042189DF81C30032105206C
:10182000FAF750FE09B0F0BDB05E0108664C00202A
:10183000C8120020BC120020F0B5304C87B0D4E9AB
:101840000E54CDE904542E4C00250126B4F83E4137
:101850007CB1ADF80C602B4CBDF90CE02A4FB4F80C
:1018600062C0F4450AD0B7F800E0BEF1010F03D022
:1018700004E0ADF80C50EEE7ADF80CC00DF1180C1B
:101880001BB212B2CDF800C0CDE901231D4B03AA53
:10189000603301F00DFDB8B1BDF80C1042F2291013
:1018A00029B30121FBF7C4FE44F21B10FEF73AFEF8
:1018B0001448C230018841F0020101803E80BDF829
:1018C0000C00A4F86200E582002201213B20FEF713
:1018D00041F9B4F9600004A900EB400042189DF8FA
:1018E000183003210520FAF7EDFD07B0F0BD002107
:1018F000FBF79EFE44F62060D8E70000145D010867
:10190000664C0020C8120020BC1200202DE9F047D0
:10191000334C88B004AF70CC87E87000314C40F68F
:1019200098090025B4F93C41012640F6FC0A4C45D3
:1019300002D1ADF80C5007E0544502D1ADF80C606F
:1019400002E00224ADF80C40274CBDF90C80274F73
:10195000B4F85EC0C44506D0B7F80080B8F1010FF6
:1019600001D1ADF80CC00DF11C0C1BB212B2CDF8B8
:1019700000C0CDE901231C4B03AA5C3301F098FCA5
:10198000B0B1BDF90C1042F2281029B3012925D0BD
:101990004FF41661FBF74CFE1348C230018841F04A
:1019A000020101803E80BDF80C00A4F85E00E582D3
:1019B000002201213320FEF7CDF8B4F95C0004A920
:1019C00000EB400042189DF81C3003210520FAF777
:1019D00079FD08B0BDE8F0874946DBE75146D9E715
:1019E000D45E0108664C0020C8120020BC12002002
:1019F000F0B5214C87B0224ED4E90054CDE904540F
:101A00001E4C204FB4F95A51ADF80C50F48FAC4233
:101A100004D03D88012D01D1ADF80C4006AC1BB2BD
:101A200012B20094CDE90123154B03AA3C3301F017
:101A30003FFC98B1BDF80C0081B242F23710FBF7C1
:101A4000F7FD0F48C230018841F0020101800120FA
:101A50003880BDF80C00F0870020F082B6F93C0019
:101A600004A900EB400042189DF81830032105201E
:101A7000FAF728FD07B0F0BD145D0108664C0020A0
:101A8000C8120020BC120020F0B5224C87B0234EB3
:101A9000D4E90254CDE904541F4C214FB4F95251FA
:101AA000ADF80C50B6F84240AC4204D03D88012D50
:101AB00001D1ADF80C4006AC1BB212B20094CDE9D6
:101AC0000123164B03AA403301F0F2FBA0B1BDF88D
:101AD0000C0081B242F23310FBF7AAFD0F48C2306E
:101AE000018841F00201018001203880BDF80C001E
:101AF000A6F842000020F082B6F9400004A900EBED
:101B0000400042189DF8183003210520FAF7DAFC4E
:101B100007B0F0BD145D0108664C0020C81200201B
:101B2000BC120020F0B5224C87B0234ED4E90454F7
:101B3000CDE904541F4C214FB4F95451ADF80C5069
:101B4000B6F84640AC4204D03D88012D01D1ADF835
:101B50000C4006AC1BB212B20094CDE90123164B27
:101B600003AA443301F0A4FBA0B1BDF80C0081B27C
:101B700042F23410FBF75CFD0F48C230018841F09F
:101B80000201018001203880BDF80C00A6F8460053
:101B90000020F082B6F9440004A900EB400042188E
:101BA0009DF8183003210520FAF78CFC07B0F0BD32
:101BB000145D0108664C0020C8120020BC120020F1
:101BC000F0B5264C89B00DF10C0EF0CC8EE8F0008B
:101BD000DFF88CC0234C244DBCF99A71ADF81C7011
:101BE000668BBE4204D02F88012F01D1ADF81C6056
:101BF000BCF802700026B7F5017F00D10E8008AF57
:101C00001BB212B20097CDE90123164B07AA183375
:101C100001F04EFBA0B1BDF81C0081B242F257109A
:101C2000FBF706FD0F484230018841F001010180B9
:101C300001202880BDF81C0060830A488038C682D5
:101C4000B4F9180003A900EB400042189DF82030B9
:101C500003210520FAF736FC09B0F0BDA05F0108AA
:101C6000664C002048130020BC1200202DE9F04FE4
:101C700095B091468A46834698463C228E4904A8F0
:101C8000F2F7FBFA8D480A210025B0F87A01012607
:101C9000B0FBF1F000B2002802DCADF80C506DE0B2
:101CA000421E042A02D8ADF80C6067E0821F042AA5
:101CB00001D8022060E0A0F10B02042A01D8032021
:101CC0005AE0A0F11002042A01D8042054E0A0F147
:101CD0001502042A01D805204EE0A0F11A02042AB8
:101CE00001D8062048E0A0F11F02042A01D80720ED
:101CF00042E0A0F12402042A01D808203CE0A0F12F
:101D00002902042A01D8092036E0A0F12E02042A73
:101D100002D8ADF80C1031E0A0F13301042901D84C
:101D20000B2029E0A0F13801042901D80C2023E080
:101D3000A0F13D01042901D80D201DE0A0F14201D0
:101D4000042901D80E2017E0A0F14701042901D889
:101D50000F2011E0A0F14C01042901D810200BE064
:101D6000A0F15101042901D8112005E056380428BA
:101D700001D8122000E01320ADF80C00504CBDF942
:101D80000C10504F608F884204D03988012901D14E
:101D9000ADF80C000FFA88F20FFA89F113A88DE85C
:101DA0000700474B03AA38335146584601F080FAE2
:101DB00078B3BDF90C1042F2471039B3012924D091
:101DC000022924D0032925D0042925D0052925D08E
:101DD000062925D0072926D0082927D0092928D067
:101DE0000A2929D00B292AD00C292BD00D292CD037
:101DF0000E292DD00F292ED010292FD0112930D007
:101E0000122931D0132932D035E0322131E064215A
:101E10002FE03DE096212CE0C8212AE0FA2128E0BD
:101E20004FF4967125E04FF4AF7122E04FF4C87182
:101E30001FE04FF4E1711CE04FF4FA7119E040F239
:101E4000262116E04FF4167113E040F28A2110E0CB
:101E50004FF42F710DE040F2EE210AE04FF448718B
:101E600007E040F2523104E04FF4617101E040F2CA
:101E7000B631FBF7DDFB12484230018841F0020128
:101E800001803E80BDF80C0060870D488038C58217
:101E9000002201213A20FDF75DFEB4F9380004A9C3
:101EA00000EB400042189DF84C3003210520FAF762
:101EB00009FB15B0BDE8F08FFC610108664C0020FD
:101EC00048130020BC120020F0B5234C85B0234EEF
:101ED000B4F97851ADF80C50F48E214FAC4204D0D7
:101EE0003D88012D01D1ADF80C4004AC1BB212B2FB
:101EF0000094CDE90123194B03AA343301F0D8F93A
:101F0000A8B1BDF80C0081B242F24610FBF790FB7D
:101F100012484230018841F00201018001203880DE
:101F2000BDF80C00F0860D4900208039C8820022DF
:101F300001213320FDF70EFE9DF8102001212B20FA
:101F4000FDF708FEB08E9DF8103082B20321052007
:101F5000FAF7D0FA05B0F0BD664C00204813002017
:101F6000BC120020F0B51D4C85B01D4DA778ADF812
:101F70000C706C891B4EBC4204D03788012F01D1F4
:101F8000ADF80C40184C2778002407B90C8004AF3A
:101F90001BB212B20097CDE90123114B03AA0833FB
:101FA00001F086F978B11149BDF80C0088700C4930
:101FB00042310A8842F004020A800121318068819E
:101FC00007488038C48228899DF8103082B20321E6
:101FD0000520FAF78FFA05B0F0BD0000600100207F
:101FE00048130020BC120020C1110020670100200E
:101FF000F0B51D4C85B01D4DE778ADF80C70EC893F
:102000001B4EBC4204D03788012F01D1ADF80C40E3
:10201000184C2778002407B90C8004AF1BB212B209
:102020000097CDE90123114B03AA0C3301F040F9CD
:1020300078B11149BDF80C00C8700C4942310A88CA
:1020400042F004020A8001213180E881074880388B
:10205000C482A8899DF8103082B203210520FAF7C6
:1020600049FA05B0F0BD00006001002048130020CF
:10207000BC120020C111002067010020F0B51D4CEA
:1020800085B01D4D2779ADF80C706C8A1B4EBC4293
:1020900004D03788012F01D1ADF80C40184C2778B7
:1020A000002407B90C8004AF1BB212B20097CDE92F
:1020B0000123114B03AA103301F0FAF878B111494A
:1020C000BDF80C0008710C4942310A8842F0040244
:1020D0000A8001213180688207488038C482288ABA
:1020E0009DF8103082B203210520FAF703FA05B0FB
:1020F000F0BD00006001002048130020BC12002049
:10210000C111002067010020F0B51D4C85B01D4DA8
:102110006778ADF80C70EC881B4EBC4204D0378851
:10212000012F01D1ADF80C40184C2778002407B9D5
:102130000C8004AF1BB212B20097CDE90123114B02
:1021400003AA1B1D01F0B4F878B11149BDF80C00C9
:1021500048700C4942310A8842F004020A80012189
:102160003180E88007488038C482A8889DF8103004
:1021700082B203210520FAF7BDF905B0F0BD0000D9
:102180006001002048130020BC120020C111002073
:1021900067010020F0B51D4C85B01D4D6779ADF885
:1021A0000C70EC8A1B4EBC4204D03788012F01D141
:1021B000ADF80C40184C2778002407B90C8004AF08
:1021C0001BB212B20097CDE90123114B03AA1433BD
:1021D00001F06EF878B11149BDF80C0048710C4956
:1021E00042310A8842F004020A8001213180E882EB
:1021F00007488038C482A88A9DF8103082B2032133
:102200000520FAF777F905B0F0BD00006001002065
:1022100048130020BC120020C111002067010020DB
:10222000F0B51C4C85B01C4D2778ADF80C706C884F
:102230001A4EBC4204D03788012F01D1ADF80C40B2
:10224000174C2778002407B90C8004AF1BB212B2D8
:102250000097CDE90123104B03AA01F029F878B1CA
:102260001049BDF80C0008700B4942310A8842F051
:1022700004020A8001213180688007488038C482C6
:1022800028889DF8103082B203210520FAF732F930
:1022900005B0F0BD6001002048130020BC120020F2
:1022A000C111002067010020F0B5224C85B0234EFB
:1022B000B4F87441270AE5B21F4CADF80C70B4F8BD
:1022C0002AC0BC4504D03788012F01D1ADF80CC01D
:1022D00004AF1BB212B20097CDE90123164B03AA3B
:1022E000283300F0E5FFD8B1BDF80C0045EA002026
:1022F000ADF80C0081B242F24410FBF799F90E4898
:102300004230018841F00201018001203080BDF897
:102310000C000949C0F30720608500208039C8827D
:10232000208D9DF8103082B203210520FAF7E2F8E3
:1023300005B0F0BD664C002048130020BC12002000
:10234000F0B5224C85B0224DB4F87441214E270AD5
:10235000E4B2ADF80C40B5F82EC0A44504D03488E2
:10236000012C01D1ADF80CC004AC1BB212B2009428
:10237000CDE90123164B03AA2C3300F099FFD8B105
:10238000BDF80C00C1B241EA0720ADF80C0081B2E3
:1023900042F24410FBF74CF90D484230018841F0FD
:1023A0000201018001203080BDF80C000849C0B254
:1023B000E88500208039C882A88D9DF8103082B24F
:1023C00003210520FAF796F805B0F0BD664C002011
:1023D00048130020BC120020F0B5224C85B0234EDB
:1023E000B4F87241270AE5B21F4CADF80C70B4F88E
:1023F00022C0BC4504D03788012F01D1ADF80CC0F4
:1024000004AF1BB212B20097CDE90123164B03AA09
:10241000203300F04DFFD8B1BDF80C0045EA002094
:10242000ADF80C0081B242F24310FBF701F90E48FF
:102430004230018841F00201018001203080BDF866
:102440000C000949C0F30720608400208039C8824D
:10245000208C9DF8103082B203210520FAF74AF84B
:1024600005B0F0BD664C002048130020BC120020CF
:10247000F0B5224C85B0224DB4F87241214E270AA6
:10248000E4B2ADF80C40B5F826C0A44504D03488B9
:10249000012C01D1ADF80CC004AC1BB212B20094F7
:1024A000CDE90123164B03AA243300F001FFD8B174
:1024B000BDF80C00C1B241EA0720ADF80C0081B2B2
:1024C00042F24310FBF7B4F80D484230018841F066
:1024D0000201018001203080BDF80C000849C0B223
:1024E000E88400208039C882A88C9DF8103082B220
:1024F00003210520F9F7FEFF05B0F0BD664C002072
:1025000048130020BC120020034900204874803189
:10251000A1F8440070470000C8120020F0B5224C1A
:1025200087B0224ED4E91654CDE904543478204DB6
:10253000C4F3001CADF80CC0EC8F1E4F644506D0F0
:10254000B7F800C0BCF1010F01D1ADF80C4006ACEA
:102550001BB212B20094CDE90123154B03AA3C3300
:1025600000F0A6FE90B1BDF80C00318860F30411B4
:1025700031800F4942310A8842F004020A80012169
:102580003980E8870A4900208039C882B5F93C00C3
:1025900004A900EB400042189DF8183003210520E3
:1025A000F9F790FF07B0F0BD145D01089411002009
:1025B00048130020BC1200201FB540F20170F5F74F
:1025C000A1FF144C204602F087FA42F6DF60ADF816
:1025D000000060200021ADF80200ADF8041042F2C6
:1025E0000F700290ADF806108DF80C106946204669
:1025F00002F0E0FA204602F069FA0121204602F0DA
:1026000027FB0121204602F01FFB204602F0CDFAF5
:102610001FBD0000000400402DE9F0411D46164694
:102620000C460746FAF7AAF93846FAF7EAF9FAF734
:102630005BF901282FD0200AFAF7E3F9FAF754F9E9
:10264000012828D0E0B2FAF7DCF9FAF74DF90128B1
:1026500021D0002408E0285DFAF7D3F9FAF744F90D
:10266000012818D0641CA4B2B442F4D3FAF7A6F936
:10267000002441F28835F7F792FC641CA4B2AC4206
:10268000F9D34BF6FF742046F2F78EFE0028FAD0FD
:102690000020BDE8F081FAF791F90120F9E7000088
:1026A0002DE9F0470027174D174C81464FF03208AF
:1026B0003E46607829184846FDF7C8F880B1002FDB
:1026C0000CD06078002809D00E48F1F706FE0022F1
:1026D00011460C4802F0EAFA66702E70BDE8F087E9
:1026E00084F802806178685C0D2809D00A2807D038
:1026F000491CC8B260706228DBD9C0B22E54E0E732
:10270000C8B2FBE71C4B002098110020FEB540F238
:102710000460F5F7F7FE40F21370F5F7F3FE2B4C6B
:102720004FF48063022218212046F4F75DFEE31483
:10273000022204212046F4F757FE254C254D264E53
:102740002078022802D1287802283CD001F092FAA1
:10275000C0B2B08001F08EFAB388204900F47F4007
:1027600018430880297822780291CDE900021CA242
:1027700022A1492002F0E4FA224C204602F0C2FBDA
:102780004FF4E131204602F08BFB0021204602F09D
:1027900030FC0021204602F048FC0021204602F0D7
:1027A00036FC0421204602F02CFC0821204602F0D1
:1027B00036FC40F20531204602F0F9FB2046BDE828
:1027C000FE4002F0D0BB01F079FAC2E700100140F0
:1027D000B2000020AE00002004000020D400002041
:1027E000756172743320696E69743A25642C2564AE
:1027F0002C25642C25640A0D00000000696E6974A4
:1028000000000000004C004010B540F20460F5F7F5
:1028100079FE40F20560F5F775FE40F21470F5F7A9
:1028200071FE4FF48053022218211848F4F7DCFDA2
:102830000423022219461648F4F7D6FD154C20460B
:1028400002F060FB4FF41651204602F029FB0021F4
:10285000204602F0CEFB0021204602F0E6FB0021DC
:10286000204602F0D4FB0421204602F0CAFB0821D6
:10287000204602F0D4FB40F20531204602F097FBDF
:102880002046BDE8104002F06EBB00000010014081
:10289000001401400050004010B540F20260F5F70E
:1028A00031FE40F20E60F5F72DFE1A4C4FF4007326
:1028B000022218212046F4F797FD23150222042155
:1028C0002046F4F791FD144C204602F01BFB4FF418
:1028D0001651204602F0E4FA0021204602F089FB5E
:1028E0000021204602F0A1FB0021204602F08FFBD0
:1028F0000421204602F085FB0821204602F08FFBD0
:1029000040F20531204602F052FB2046BDE810405F
:1029100002F029BB00080140003801402DE9F843CE
:10292000002540F20260F5F7EDFD40F21170F5F779
:10293000E9FD3A4E0423022218213046F4F754FDF3
:102940000823022204213046F4F74EFD4FF480782C
:102950004346022210213046F4F746FD01F096F975
:102960002F494FF416540880010A06290FD2DFE8D8
:1029700001F00E03060E090C4FF4166407E04FF445
:10298000965404E04FF4964401E04FF4164410F0DE
:10299000FF0009D0012802D0022805D102E04FF43F
:1029A000C06501E04FF4806523461EA222A14920A4
:1029B000009502F0C5F9224F384602F0A3FA2146ED
:1029C000384602F06DFA2946384602F012FB15B37C
:1029D000B914384602F029FB0021384602F017FBF3
:1029E0000421384602F00DFB0821384602F017FB9F
:1029F00040F20531384602F0DAFA384602F0B3FA0E
:102A00004FF400510F48F4F7EBFC41463046BDE867
:102A1000F843F4F7E7BC0021DBE7000000080140C1
:102A2000040000207561727431206270733A25646D
:102A30002C25640A0D000000696E69740000000016
:102A4000004400400010014010B540F20360F5F76B
:102A500059FD40F21270F5F755FD1A4C4FF48063A2
:102A6000032218212046F4F7BFFCE31403220421BB
:102A70002046F4F7B9FC144C204602F043FA4FF418
:102A80001651204602F00CFA0021204602F0B1FA5D
:102A90000021204602F0C9FA0021204602F0B7FAD0
:102AA0000421204602F0ADFA0821204602F0B7FAD0
:102AB00040F20531204602F07AFA2046BDE8104087
:102AC00002F051BA000C0140004800402DE9F047E7
:102AD000724DE98D08077DD4B5F88200C20702D097
:102AE000B5F9864001E0B5F93840002C01DA002440
:102AF00002E0642C00DD6424890705D5B5F8461191
:102B0000032901D0C0071DD0002201214420FDF778
:102B100021F8688D0026C0F381200527604D4FF015
:102B20000A084FF00F094FF0140A01280CD0192C95
:102B30006CDAAE72002201214B20FDF70BF8002267
:102B400011466DE00222E0E7A87A401CC0B2A872EC
:102B5000142811D9002201214B20FCF7FBFF002291
:102B600001214A20FCF7F6FF002201214920FCF751
:102B7000F1FF002201212BE00F280CD900220121B6
:102B80004B20FCF7E7FF002201214A20FCF7E2FF7F
:102B90000022012117E00A2807D9002201214B2039
:102BA000FCF7D8FF0022012108E0052815D90022F2
:102BB00001214B20FCF7CEFF002211464A20FCF7F2
:102BC000C9FF002211464920FCF7C4FF002211462C
:102BD000482000E05EE0FCF7BDFFA87A192802D388
:102BE000192C02DAAE72BDE8F087322C01DAAF722E
:102BF000F9E74B2C02DA85F80A80F4E7642C02DA54
:102C000085F80A90EFE785F80AA0ECE7322C13DA92
:102C1000AF72002201214B20FCF79CFF0022012112
:102C20004A20FCF797FF002211464920FCF792FF4B
:102C300000221146482029E04B2C0EDA85F80A8044
:102C4000002201214B20FCF785FF002201214A20B0
:102C5000FCF780FF00220121E7E7642C02DA85F807
:102C60000A9001E085F80AA0002201214B20FCF720
:102C700071FF002201214A20FCF76CFF0022012194
:102C80004920FCF767FF00220121D3E7BDE8F047A8
:102C9000FCF760BF022201214420F7E7664C0020C8
:102CA000C8120020F8B51F46154611FB00F0C6B249
:102CB000252A0DD325A002F041F8334625A22AA1EA
:102CC0004520009502F03CF828A002F037F82425B2
:102CD00028483A46405D274D60F30704253504F047
:102CE0000101A85D761CF6B2FCF734FFA85D761CE6
:102CF000F6B2C4F340013A46FCF72CFFA85D761CFF
:102D0000F6B2C4F380013A46FCF724FFA85D761CB6
:102D1000F6B2C4F3C0013A46FCF71CFFA85D761C6E
:102D2000F6B2C4F300113A46FCF714FFA85D761C16
:102D3000F6B2C4F340113A46FCF70CFFA85DC4F3A9
:102D400080113A46BDE8F840FCF704BF1B5B333105
:102D50006D0000006572726F72206269643A2564CA
:102D60002C25640A0D000000646973001B5B306D44
:102D70000A0D0000725D010810B50F4C608D410610
:102D800015D594F82E00C00701D0022200E00022E1
:102D900001213C20FCF7DEFE94F82C00C00709D08E
:102DA00000220121BDE810401A20FCF7D3BEC00468
:102DB000EDD4F1E710BD0000664C0020F0B50646EA
:102DC0002848002587B000780F46012802D07807F0
:102DD00002D0002007B0F0BD22480830016811443D
:102DE0000291416811440391816811440491C068C3
:102DF0001044059031E07419715DE078A27800EB21
:102E000001606178090401EB022108440090E07937
:102E10002179A27900EB01606179090401EB0221BB
:102E20000844019002A96846F4F7A8F90098000E3A
:102E300070550098000C60700098000AA07000980F
:102E4000E0700198000E20710198000C60710198EB
:102E5000000AA0710198E0710835BD42CBD3012072
:102E6000B8E700001416002070B5824CA08C06282C
:102E70005CD2DFE800F05B5B65445B03002201216C
:102E80003E20FCF767FE94F82A008006800F1FD0D2
:102E9000002201214020FCF75DFE608D10F4406FA0
:102EA00009D0002201214620FCF754FE0022012116
:102EB0004C20FCF74FFE94F82A004FF00002C0F3BC
:102EC000011002284FF001010ED04320FCF742FE12
:102ED00094F82A00400609D5002201214220FCF77F
:102EE00039FE0022012108E04120EFE700221146CF
:102EF0004220FCF72FFE002211463D2014E094F8FA
:102F00002E00000704D4002201214620FCF722FEF7
:102F1000002201214020FCF71DFE94F82A00400603
:102F200004D5002201214120FCF714FEB4F8500022
:102F3000B0F5167F0FD9608D400407D4022206E059
:102F4000002201213E20FCF705FEC5E700220121F9
:102F50003E20FCF7FFFD608D010601D4800730D5CF
:102F6000002201214E20FCF7F5FD002201214D2019
:102F7000FCF7F0FDA08C032804D094F82A0080060A
:102F8000800F04D0002201214720FCF7E3FD608D73
:102F900010F4406F15D0002201214520FCF7DAFD26
:102FA000A08C032804D094F82A008006800F03D058
:102FB000B4F93400002804DB002201214C20FCF786
:102FC000C9FD608D80040CD5A08C012804D12A484D
:102FD000008808B1022200E0002201214F20FCF706
:102FE000B9FD94F88200254EC2074FF4004509D080
:102FF000002201216920FCF7ADFD29463046F4F797
:10300000F1F903E029463046F4F7EAF9B4F846014D
:10301000032804D1002201216820FCF79BFD1848F9
:10302000008D032809D050B101280BD0042809D005
:10303000022809D0052809D00DE0002207E000226F
:10304000114605E0062202E0042200E002220121EE
:103050001B20FCF77FFD0B4880880E2803D00F282B
:1030600001D0F7F765FBFFF787FEBDE87040FFF77B
:103070002DBD0000664C0020BA120020000801405F
:103080002C5E00204A7E002002290AD003290BD0A2
:1030900004290CD000F00F000BE0373070473030BF
:1030A0007047C0F3031004E0C0F3032001E0C0F355
:1030B00003300928F3D9F0E710B5891E144689B208
:1030C000F1F78AFCA04201D1012010BD002010BD03
:1030D00010B548B1012809D0022809D0032809D029
:1030E000042809D0002010BD064806E0064804E088
:1030F000064802E0064800E0064801F0FBFEC0B2C8
:1031000010BD00000038014000440040004800406D
:10311000004C00400050004010B50D4940B101285E
:1031200008D0022808D0032808D0042808D00CE0D2
:10313000084806E0084804E0084802E0084800E0C3
:10314000084801F03EFF002800D0012010BD00001B
:1031500005030500003801400044004000480040DD
:10316000004C00400050004010B50D4940B101280E
:1031700008D002280CD003280CD004280CD00DE075
:10318000084800E0084801F01CFF38B1002010BDDD
:103190000648F8E70648F6E70648F4E7012010BDC0
:1031A0000703070000380140004400400048004089
:1031B000004C00400050004010B562B103780C781C
:1031C000A2F10102A342D2B207D0E1B22A2902D170
:1031D000805C0D2805D0002010BD401C491C002A31
:1031E000ECD1012010BD00002DE9F047044608781D
:1031F000DFF8AC802B4F0D4642F23919002620B182
:103200002046F9F7FBFA2E7010E06079401CC0B23E
:1032100060713B2825D966712079401CC0B22071AD
:103220003B281ED926712046F9F7E8FA98F80010D5
:10323000397098F80110797098F80210B97098F800
:103240000310F97098F80410397198F80510797125
:1032500098F80600F871BE71082212494846FAF73C
:103260009BF920781049162816D201222A70087876
:10327000401CC0B2087003280BD90C480E701621F0
:10328000017042708270C670067102210320F1F74E
:10329000E7FF0020BDE8F0870E700120FAE700008C
:1032A0006001002074110020C2110020670100207D
:1032B000F0B505AF4FF0000C97E8700007784FF0BD
:1032C000010E87B1012F17D0022727700478022C36
:1032D00014D980F800E0088880B118881080A1F81F
:1032E00000C00120F0BD80F800E084F800C0108824
:1032F0001880A1F800C001E084F800C010880C8894
:10330000204400B21880B04203DA1D801088281AC9
:1033100004E0A84203DD1E801088301A08800020D7
:10332000F0BDF0B5064600200346024604460A27D3
:103330000FE0A1F1160595FBF7FC07FB1C5556F8AD
:10334000255028186341491E521C92B289B20A2A9C
:1033500001D21629EDD21946F0BD0000A0F5445067
:1033600010B580B25049642862D01EDC09284DD0C7
:1033700008DC09286FD2DFE800F02D303336393C05
:103380003F42450012284BD008DC0A2840D00B28C9
:1033900040D00C2840D011285DD13FE0132841D007
:1033A000142841D063287BD140E0404A65381E286C
:1033B00076D2DFE800F03F424547494B4D51545823
:1033C0007575757575755C5E62666A6C7575757513
:1033D00075756F7300F01EFC16E000F021FC13E021
:1033E00000F024FC10E000F027FC0DE000F02AFCC7
:1033F0000AE000F02DFC07E000F054FC04E000F0CF
:103400004BFC01E000F054FC80B210BD088810BDF8
:10341000488810BD888810BDC88810BD088910BDB7
:10342000488910BD888910BDC88910BD888F10BD1E
:10343000C88F10BDB1F8400010BDB1F8420010BDFA
:10344000D08D10BD108E10BD508E10BD908E10BD51
:10345000B1F84C0010BD23E0B1F84E00FAE7BDE82A
:10346000104000F001BCBDE8104000F003BC108F1C
:10347000F0E7BDE8104000F009BCBDE8104000F0E6
:10348000FFBBBDE81040F9F7A7B9094800E00948BB
:103490000088DFE7BDE8104000F0E0BB5078D9E7D6
:1034A0004FF6FE70D6E7000070300020AC00002020
:1034B0009A000020A000002030B502460020042120
:1034C0006FF02F041378A3F130050A2D02D34FF6C5
:1034D000FF7030BD00EB800004EB4000491E184433
:1034E000521C80B211F0FF01ECD130BDF1F774BA7B
:1034F000F8B500210091414940F6D535404C4B6864
:10350000A0F6D532A84251D024DC3F4A40F6BB3366
:103510003C4DB2F90020A0F6BB3198423CD010DC03
:103520003A49A0F53060B738B1F900102DD0012824
:103530002DD037490228B1F9001026D0032821D117
:1035400025E001292DD02D48182900682FD01929F0
:1035500018D138E029490A20896FA1FB00500614D0
:10356000AE2A3BD008DC012A2CD02448022A8068ED
:103570001DD0032A06D126E0AF2A31D0B02A31D09F
:10358000B12A33D04FF6FE70F8BD084605E0084674
:1035900008E000EB012023E01046F0F7F2FE294698
:1035A00008E01046F0F7EDFE29460FE01846F0F768
:1035B000E8FE2146F0F7A7FE00909DF802009DF876
:1035C0000310E6E71846F0F7DCFE2146F0F79BFE15
:1035D00000909DF800009DF80110DAE7B0B2F8BD48
:1035E00080B2F8BD010441EA1540F9E701EB810022
:1035F0004FF6FF7101EA4000F8BD0000942E002054
:10360000000020410000C8426A120020661200201B
:1036100068120020A0F5C04081B215480E2924D2BE
:10362000DFE801F007090B0D0F11131517191B1D0A
:103630001F21008870474088704780887047C08885
:103640007047008970474089704780897047C089FA
:103650007047008A7047408A7047808A7047C08AE6
:103660007047008B7047408B70474FF6FE70704775
:103670003E230020A0F50450B04982B210B5B048F6
:10368000A1F1EC03602A6FD2DFE802F03032343669
:10369000383A3C3E40424446484A4C4E50525456BA
:1036A000585A5C5E60626466686A6C6F7174777A9F
:1036B0007D808386898C8F9295989B9EA1A4A7AAD2
:1036C000ADB0B3B6B9BCBFC2C8CAEFF2F5F8FBFEE5
:1036D000E8E7E6E5E4E3E2E1E0DFDEDDDCDBDAD9E2
:1036E000D8D7D6D5D4D3D2D1D0CFCECD088810BD9F
:1036F000488810BD888810BDC88810BD088910BDD5
:10370000488910BD888910BDC88910BD088A10BDC0
:10371000488A10BD888A10BDC88A10BD088B10BDAC
:10372000488B10BD888B10BDC88B10BD088C10BD98
:10373000488C10BD888C10BDC88C10BD088D10BD84
:10374000488D10BD888D10BDC88D10BD088E10BD70
:10375000488E10BD888E10BDC88E10BD088F10BD5C
:10376000488F10BD888F10BDE5E0C88FFBE7B1F82A
:103770004000F8E7B1F84200F5E7B1F84400F2E79D
:10378000B1F84600EFE7B1F84800ECE7B1F84A00BD
:10379000E9E7B1F84C00E6E7B1F84E00E3E7B1F82D
:1037A0005000E0E7B1F85200DDE7B1F85400DAE785
:1037B000B1F85600D7E7B1F85800D4E7B1F85A008D
:1037C000D1E7B1F85C00CEE7B1F85E00CBE7B1F825
:1037D0006000C8E7B1F86200C5E7B1F86400C2E76D
:1037E000B1F86600BFE7B1F86800BCE7B1F86A005D
:1037F000B9E7B1F86C00B6E7B1F86E00B3E7B1F81D
:103800007000B0E74178007804E0C178807801E08A
:103810004179007901EB002080B2A4E78079A2E72A
:10382000B3F866019FE783E07FE07BE077E073E039
:103830006FE06BE067E063E05FE05BE057E053E080
:103840004FE04BE047E043E03FE03BE037E033E070
:103850002FE02BE027E023E01FE01BE017E013E060
:103860000FE00BE007E003E0FFE7B3F868017AE759
:10387000B1F87E0077E7B1F8800074E7B1F8820014
:1038800071E7B1F884006EE7B1F886006BE7B1F834
:10389000880068E7B1F88A0065E7B1F88C0062E754
:1038A000B1F88E005FE7B1F890005CE7B1F89200E4
:1038B00059E7B1F8940056E7B1F8960053E7B1F82C
:1038C000980050E7B1F89A004DE7B1F89C004AE73C
:1038D000B1F89E0047E7B1F8A00044E7B1F8A200B4
:1038E00041E7B1F8A4003EE7B1F8A6003BE7B1F824
:1038F000A80038E7B1F8AA0035E7B1F8AC0032E724
:10390000B1F8AE002FE7B1F8B0002CE7B1F8B20083
:1039100029E7B1F8B40026E7B1F8B60023E7B1F81B
:10392000B80020E7B1F8BA001DE7B1F8BC001AE70B
:10393000B1F8BE0017E74FF6FE7014E7524D0020B5
:103940006001002010B5A0F50450002480B2AD281D
:103950000BD1481E0E2807D80548408FC84003D019
:10396000C8B2FCF769F900E01224204610BD00003F
:10397000AC0000202DE9F05FC1788578002401EBD0
:1039800005218DB241782346062922D04179067956
:10399000C01D01EB06211FFA81F94A49A5F504551E
:1039A000CF1D0E783E7091F80180B34687F80180F4
:1039B0008E78BE70B246CE78FE700E793E714E792A
:1039C0007E718979B971ADB2A7F1BB0CDFF8F8E06F
:1039D00055E04FF00109001DDFE7417810F8026B58
:1039E0003D2D01EB062189B21FD008DC392D0DD009
:1039F0003A2D0FD03B2D12D03C2D3CD113E03E2D63
:103A000027D05E2D32D05F2D35D12FE00B0A3B70D1
:103A1000797002E00B0ABB70F97001232BE00B0AEE
:103A20003B717971F9E7B971F7E7BBEB112F47D318
:103A3000CEB2464544D8022A4FEA112104D08CF870
:103A400007108CF8086016E08CF80A108CF80B60F0
:103A500011E0BAEB112F33D3022A4FEA112102D021
:103A60008CF8091007E08CF80C1004E0012927D825
:103A700031B3AEF800106D1C641CADB2E4B24C451D
:103A8000ABD3D3B1387823281AD879780C2917D832
:103A9000B8781F2814D8FA78172A11D83A793B2A0F
:103AA0000ED87A793B2A0BD8BA79062A08D839B1C8
:103AB00030B102210320F1F7D3FB0120BDE8F09FD4
:103AC0000320FBE760010020CA110020024610B568
:103AD000A2F5824200201204094B120C42F20F742C
:103AE00004D0012A06D1A14207D304E0A14202D2A8
:103AF000A3F8401010BD122010BDA3F8421010BD55
:103B0000AC000020A0F5824081B23B481F2970D252
:103B1000DFE801F0101316191C1F2225282B2E3167
:103B200034373A3D404346494C4F5255585B5E61ED
:103B300064686B00B0F840007047B0F8420070470E
:103B4000B0F844007047B0F846007047B0F848003D
:103B50007047B0F84A0043E0B0F84C007047B0F846
:103B60004E007047B0F850007047B0F8520037E090
:103B7000B0F8540034E0B0F8560031E0B0F8580026
:103B80007047B0F85A007047B0F85C007047B0F862
:103B90005E007047B0F860007047B0F86200704790
:103BA000B0F864007047B0F8660019E0B0F868003B
:103BB00016E0B0F86A0013E0B0F86C007047B0F897
:103BC0006E007047B0F870007047B0F87200704730
:103BD000B0F8740004E0B0F8760001E0B0F87800C6
:103BE00080B27047B0F87A007047B0F87C00704738
:103BF000FFE74FF6FE70FAE7AC00002001480088AE
:103C0000704700005C2300200148008870470000D6
:103C1000862700200148B0F900007047CA2B002019
:103C20000148B0F902007047CA2B00200148B0F9E2
:103C300004007047CA2B00200148B0F90600704705
:103C4000CA2B00200148B0F908007047CA2B002099
:103C50000148B0F90A007047CA2B00200148B0F8AB
:103C60009E007047CA2B00200148B0F896007047AC
:103C7000CA2B00200148B0F898007047CA2B0020DA
:103C80000148B0F89C007047CA2B00200148B0F8EA
:103C90009A007047CA2B00200148B0F90E00704707
:103CA000CA2B00200148B0F90C007047CA2B002035
:103CB0000148B0F910007047CA2B00200148408825
:103CC000704700007E120020A0F5A24082B220487A
:103CD000162A416838D2DFE802F00B0D0F111315D8
:103CE00017191B1D1F21232527292B2D2F31333574
:103CF0000088704740887047080C704788B270474A
:103D0000008970474089704780897047C089704733
:103D1000008A7047408A7047808A7047C08A70471F
:103D2000008B7047408B7047808B7047C08B70470B
:103D3000008C7047408C7047808C7047C08C7047F7
:103D4000008D7047408D70474FF6FE707047000041
:103D50002C5E00200246A2F5A24293B210B50020CC
:103D60001F4A162B0DD2DFE803F00B0D0F121618A9
:103D70001A1C1E20222426282A2C2E3032343638B3
:103D8000118010BD518010BD0904516010BD5368F1
:103D90000B43536010BD118110BD518110BD918145
:103DA00010BDD18110BD118210BD518210BD918214
:103DB00010BDD18210BD118310BD518310BD918300
:103DC00010BDD18310BD118410BD518410BD9184EC
:103DD00010BDD18410BD118510BD518510BD0000EE
:103DE0002C5E002010B5A0F5784084B22C492D4AF5
:103DF0004FF6FE70422C23D2DFE804F02123252762
:103E0000292B2D2F31333537393B3D3F412222229B
:103E10002222222222222222222222222222222282
:103E20002222222222222222222222222243474707
:103E30004747474747474747474747474747088810
:103E400010BD488810BD888810BD108D10BD088930
:103E500010BD488910BD888910BDC88910BD088A69
:103E600010BD488A10BD508D10BDC88A10BD088B8A
:103E700010BD488B10BD888B10BDC88B10BD088C41
:103E800010BDBDE81040F8F79BBCF8F799FC064957
:103E9000323C01EB4010A1B230F8110010BD00001F
:103EA000664C0020AC00002096160020F0B50246BB
:103EB000A2F57D4295B200204C1E404A4FF4FA67AD
:103EC0004FF4803642F20F73182D13D2DFE805F05D
:103ED0000C15191D2125292D3135393D41454D51EF
:103EE00055595D6165696D71032904D8334A803A7B
:103EF000A2F87E10F0BD1220F0BDBC42FBD21180B2
:103F0000F0BDB442F7D25180F0BDFE2CF3D89180C1
:103F1000F0BD6329EFD8D180F0BD6329EBD81181C2
:103F2000F0BD6329E7D85181F0BD6329E3D89181C1
:103F3000F0BD6329DFD8D181F0BD6329DBD81182C0
:103F4000F0BD6329D7D85182F0BD6329D3D89182BF
:103F5000F0BD9942CFD2D182F0BD4FF4004303FAB5
:103F600081F3B342C7D21183F0BDB942C3D85183A4
:103F7000F0BD9942BFD29183F0BD9942BBD2D183AB
:103F8000F0BD9942B7D21184F0BD9942B3D25184A9
:103F9000F0BD9942AFD29184F0BD9942ABD2D184A9
:103FA000F0BD9942A7D21185F0BD9942A3D25185A7
:103FB000F0BD99429FD29185F0BD00002C010020F8
:103FC0002DE9F05FF749A0F58850A1F1220280B2F7
:103FD000DFF8D4A3D2F8AC9046287DD038DCF14A83
:103FE000F24BA2F122024628D3E90043D2F82EC0B8
:103FF000D2F89C70D2F8A060D2F8A450D2F8A820D1
:104000004FEA134B69D2DFE800F0A0F2F4F6F8FAB9
:10401000EBEAFCFEE7E6E5E4E3E2E1E0DFDEDDDC3F
:10402000DBDAD9D8D7D6D5D4D3D2D1D0CFCECDCC58
:10403000CBCAC9C8C7C6C5C4C3C2C1C0BFBEBDBC48
:10404000BBBAB9B8B7B6B5B4B3B2B1B0AFAEADAC38
:10405000D74FD84CD84DD94EDFF86483B0F5817F67
:1040600077D057DCCF4A5828A2F12202D2F8D0905C
:1040700032D022DCCB49D34AA1F12201A0F1470082
:10408000D2E90032D1F8B0C0D1F8BC70D1F8C0602C
:10409000D1F8C450D1F8C840D1F8CC104FEA124A38
:1040A0001128AFD2DFE800F09C9BF05EEF686564FA
:1040B00063626160EE66EDEC5D0061284AD013DC5E
:1040C000B84AA0F15900A2F122020828D2F8DC3047
:1040D000D2F8E02096D201E081E140E0DFE800F094
:1040E000F1F0EFEEED4C4342FE2834D008DC6228BC
:1040F00032D0632831D0642830D065282FD198E1A0
:10410000FF282DD0B0F5807F70D0A0F580700138E9
:10411000F4D1A7E1DFF8B092A0F203104FF6FF7AD6
:104120002228BED2DFE800F0EFEEEDECEBEAE9E8A2
:10413000E7E6E5E4E3E2E1E0DFDEDDDCDBDAD9D887
:10414000D7D6D5D4D3D2D1D0CFCEBAF82C00BDE8B3
:10415000F09F96E161E16FE162E164E166E1D4E242
:104160006EE139E157E154E116E113E110E10DE1AF
:104170000AE107E114E1F6E049E1F2E0EEE0EAE00D
:10418000E6E0E2E0DEE0DAE0D6E0D2E0CEE0CAE06F
:10419000C6E0C2E0BEE0BAE0B6E08BE087E083E0D4
:1041A0007FE07BE077E073E06FE066E062E05FE095
:1041B0005CE059E056E053E050E04DE04AE047E073
:1041C00044E041E03EE03BE038E035E032E02FE023
:1041D0002CE029E026E01AE017E014E011E0C8E046
:1041E000C4E00CE009E006E003E000E02BE14888D1
:1041F000ADE78888ABE7C888A9E70889A7E74889B9
:10420000A5E7088AA3E7488AA1E7888A9FE76F485D
:10421000C27C2AB1B0F90C100A2091FBF0F0F2E058
:10422000C88A94E7088B92E7488B90E7888B8EE7E3
:10423000C88B8CE7088C8AE7488C88E7888C86E7EF
:10424000C88C84E7088D82E7488D80E7888D7EE7FB
:10425000C88D7CE7088E7AE7488E78E7888E76E707
:10426000C88E74E7088F72E7488F70E7888F6EE713
:10427000C88F6CE7B1F8400069E7B1F8420066E723
:10428000A8E0A5E08AE079E076E0B1F844005EE7D6
:10429000B1F846005BE7B1F8480058E7B1F84A00CA
:1042A00055E7B1F84C0052E7B1F84E004FE7B1F8CE
:1042B00050004CE7B1F8520049E7A6E09BE097E0D8
:1042C00093E08FE01BE214E20DE206E2FFE1F2E18F
:1042D000E7E1DCE1D1E1C6E1BBE1B0E1A9E1A2E1C6
:1042E0009BE194E183E17CE175E15EE14BE144E136
:1042F0003DE12AE116E10FE108E101E1FBE0F5E033
:10430000EFE0E9E0E3E0CFE0B1F854001FE7B1F8F7
:1043100056001CE7B1F8580019E7B1F85A0016E743
:10432000B1F85C0013E7B1F85E0010E7B1F8600087
:104330000DE7B1F862000AE7B1F8640007E7B1F8E9
:10434000660004E7B1F8680001E7B1F86A00FEE62C
:10435000B1F86C00FBE6B1F86E00F8E6B1F8700059
:10436000F5E65846F3E61904200C09E04FEA1C4034
:10437000EDE61FFA8CF0EAE65046E8E61104180C68
:10438000084340E0380CE2E6B8B2E0E6300CDEE686
:10439000B0B2DCE6280CDAE6A8B2D8E6200CD6E605
:1043A000A0B2D4E6884C0020AC0000200812002007
:1043B000961D002016000020441600201700002043
:1043C0007E160020101200209616002012220020D7
:1043D000080CBCE688B2BAE64FEA1940B7E61FFA05
:1043E00089F0B4E6B1F8B200B1E6B1F8B400AEE6D7
:1043F000B1F8B600ABE6C648BAF83810007800F05D
:10440000010040EA410080B2A1E6180C9FE698B294
:104410009DE6100C9BE690B299E6B1F8C20096E6D4
:10442000B1F8C40093E6B1F8C60090E6B1F8C80050
:104430008DE6BAF836008AE6BDE8F05FF8F7C0B955
:10444000BAF83A0083E6F8F7BBF907EB8010217859
:104450000088012900D128893178002988D0B8F84E
:10446000000074E6F8F7ACF907EB8010217840887B
:10447000012900D168893178002984D0B8F8060074
:1044800065E6F8F79DF907EB80102178808801290F
:1044900004D1A889A0F5EA40303880B231780029EB
:1044A00097D0B8F8020052E6F8F78AF907EB8010C7
:1044B0002178C088012904D1E88947F23051081ACF
:1044C00080B23178002984D0B8F804003FE6F8F7CC
:1044D00077F907EB8010FEE0F8F772F907EB801030
:1044E000FFE0F8F76DF907EB801000E1F8F768F9E5
:1044F00007EB801001E1F8F763F907EB801002E1A8
:10450000F8F75EF907EB8010408A20E6F8F758F9D3
:1045100007EB8010808A1AE6F8F752F907EB801053
:10452000C08A14E6F8F74CF907EB80102178008B6D
:10453000012904D16888A0F5EA40303880B231788A
:1045400000298ED0B8F80E0001E6F8F739F907EB2C
:1045500080102178408B012900D1288831780029EA
:104560008ED0B8F80C100A20B1FBF0F0EFE5F8F7A8
:1045700027F907EB8010808BE9E5F8F721F907EBC5
:104580008010C08BE3E5F8F71BF907EB801021786A
:10459000008C012903D1A87900EB8000400031781C
:1045A000002993D0B8F8080010E0F8F709F907EBF4
:1045B00080102178408C012903D1E87900EB80003C
:1045C000400031780029A0D0B8F80A0000EB800143
:1045D0000AEA4100BBE5F8F7F3F807EB8010808C9E
:1045E000B5E5F8F7EDF807EB8010C08CAFE5F8F70C
:1045F000E7F807EB80102178008D012901D195F8AB
:1046000034003178002986D098F816009FE5F8F735
:10461000D7F807EB8010408D99E5F8F7D1F807EB54
:104620008010808D93E5F8F7CBF807EB8010C08DF4
:104630008DE5F8F7C5F807EB8010008E87E5F8F7F1
:10464000BFF807EB80102178408E01298ED1A88A0F
:104650007DE5F8F7B5F807EB80102178808E012909
:1046600084D1E88A73E5F8F7ABF807EB801021787E
:10467000C08E012986D1688A69E5F8F7A1F807EBB1
:1046800080102178008F0129A4D1A88B5FE5F8F76D
:1046900097F807EB80102178408F01299AD1288B59
:1046A00012E0F8F78DF807EB80102178808F012950
:1046B00090D1E88B4BE5F8F783F807EB8010217871
:1046C000C08F012986D1688BA0F57A709BE6F8F738
:1046D00077F809EB4010008939E5F8F771F809EB34
:1046E0004010408933E5F8F76BF809EB40108089FA
:1046F0002DE5F8F765F809EB4010C08927E5F8F7D4
:104700005FF809EB4010008A21E54FF6FE701EE5C8
:1047100094110020A0F57D4081B22448182941D28F
:10472000DFE801F00C11131517191B1D1F2123259C
:1047300027292B2E30323436383A3C3E1B488038FD
:10474000B0F87E00704700887047408870478088C6
:104750007047C088704700897047408970478089DA
:104760007047C0897047008A7047408A7047808AC6
:104770007047C08A7047008B7047408B80B270478B
:10478000808B7047C08B7047008C7047408C70479F
:10479000808C7047C08C7047008D7047408D70478B
:1047A000808D70474FF6FE70704700002C0100208E
:1047B000A0F5504080B2B0F5FA6F03D2034931F84A
:1047C000100070474FF6FE70704700007601002021
:1047D000333080B2322803D8034931F810007047D3
:1047E0004FF6FE7070470000C82F002030B502461B
:1047F000333294B20020884A42F20F73332C1FD216
:10480000DFE804F01A1F23272B2F33373B3F4347A2
:104810004B4F53575B5F63676B6F73777B7F838708
:104820008B9094989CA1A6ABB0B5BABFC4C9CED3A7
:10483000D8DDE2E7ECF3F80009B1012971D111806C
:10484000DEE099426DD25180DAE0994269D29180DE
:10485000D6E0994265D2D180D2E0994261D21181ED
:10486000CEE099425DD25181CAE0994259D29181FC
:10487000C6E0994255D2D181C2E0994251D211820B
:10488000BEE099424DD25182BAE0994249D291821A
:10489000B6E0994245D2D182B2E0994241D2118329
:1048A000AEE099423DD25183AAE0994239D2918338
:1048B000A6E0994235D2D183A2E0994231D2118447
:1048C0009EE099422DD251849AE0994229D2918456
:1048D00096E0994225D2D18492E0994221D2118565
:1048E0008EE099421DD251858AE0994219D2918574
:1048F00086E0994215D2D18582E099427FD2118615
:104900007EE099427BD251867AE0994277D29186B5
:1049100076E0994273D2D18672E099426FD21187C4
:104920006EE06CE099426AD2518769E0994266D2A2
:10493000918765E0994262D2D18761E099425ED267
:10494000A2F840105CE0994259D2A2F8421057E018
:10495000994254D2A2F8441052E099424FD2A2F8A0
:1049600046104DE099424AD2A2F8481048E09942D8
:1049700045D2A2F84A1043E0994240D2A2F84C1026
:104980003EE099423BD2A2F84E1039E0994236D22D
:10499000A2F8501034E0994231D2A2F852102FE020
:1049A00099422CD2A2F854102AE0994227D2A2F8B8
:1049B000561025E0994222D2A2F8581020E09942E0
:1049C0001DD2A2F85A101BE0994218D2A2F85C102E
:1049D00016E0994213D2A2F85E1011E099420ED26D
:1049E000A2F860100CE005E0FFE7994207D2A2F8B8
:1049F000621005E0994202D2A2F8641000E0122091
:104A000012880649012A03D1122801D0002200E0B1
:104A100001224A7130BD0000C82F0020AC000020E8
:104A200026480021026842F0010202604FF4A063B0
:104A30000268491C12F0020F01D19942F8D10168B5
:104A4000890700D4FEE7C16941F08051C1611C496A
:104A50000A6842F440420A6042684260426842602A
:104A6000426842F4806242604268164B1A404260DB
:104A70004268154B1A434260026842F0807202603D
:104A800002689201FCD50A6842F480320A604A68E2
:104A9000D203FCD50A6842F400320A604A689203E5
:104AA000FCD5416821F003014160416841F00201F9
:104AB000416041680907FCD57047000000100240C2
:104AC00000700040FFFFC39F00003420016841F0E8
:104AD00080010160704700002E4A10B5811A14153C
:104AE000904249D01BDC2C4AA0EB0201904234D00A
:104AF0000ADCB0F1804F44D0284940182AD0A042A7
:104B000047D140F202443CE0A14229D0B1F5006F08
:104B100029D0B1F5406F3CD140F2064431E0B1F507
:104B2000983F23D00ADCA14229D0B1F5883F0ED0AE
:104B3000B1F58C3F2DD140F20D3422E0B1F59A3F12
:104B400017D0B1F59C3F24D140F2153419E040F262
:104B50000B3416E040F2014413E040F2034410E04D
:104B600040F204440DE040F205440AE040F2133400
:104B700007E04FF4457404E040F2074401E04FF4CD
:104B800081642046F3F7DAFC2046BDE81040F3F7D5
:104B9000C7BC10BD001C0040000C004000FCFFBF63
:104BA000016821F0010101607047016841F00101D5
:104BB0000160704730B50A8882621C4A1C4B9042E3
:104BC0000DD0B0F1804F0AD01A4CA04207D01A4C39
:104BD000A04204D0194CA04201D098420BD10468E5
:104BE00024F07004046004684D882C430460046859
:104BF0008D882C4304608C68C462114CA0420AD09A
:104C0000104CA04207D0046824F440740460046887
:104C1000CD882C430460904201D0984201D1097B99
:104C20000163416941F00101416130BD002C014047
:104C3000003401400004004000080040000C004027
:104C40000010004000140040C2680A43C260704770
:104C5000C94301617047C26800690A40084202D036
:104C60000AB10120704700207047016841F002013D
:104C700001607047016821F0020101607047000087
:104C8000014800687047000000000020064A1268D2
:104C9000904202D9C043104400E0101A884201D962
:104CA00001207047002070470000002010B5052249
:104CB00008A1EFF719FB00280BD1BFF34F8F07486E
:104CC0000168074A01F4E06111430160BFF34F8FAF
:104CD000FEE710BD72657365740000000CED00E026
:104CE0000400FA0570B5094C00252078012805D18B
:104CF00007480146057007A0F1F78EFBE068411CEC
:104D0000E160962800D9E56070BD00009811002090
:104D10000C3A0020257300000249087041F27070BF
:104D2000886070479811002003494FF48052A1F128
:104D30000C00F2F76FBA00001C3B00207047704770
:104D400070470000FEB50E46074600242546E621C2
:104D50001548EFF7ABFA1AE0E00603D113A11248A9
:104D6000EFF7AFFA3A5D12A16846F1F765FB6946C5
:104D70000D48EFF7A6FA6D1C462D07D100250A480D
:104D8000EFF7ABFAE6210848EFF790FA641CB4425B
:104D9000E2D3002D06D005A10348EFF792FA0248AE
:104DA000EFF79BFAFEBD0000804B00200A0D0000CB
:104DB0002530327820000000F0B4374B374D00200A
:104DC0001A882988C2F38026C1F38024A64203D022
:104DD00064F38A221A80012092B2C2F34036C1F3F2
:104DE0004034A64203D064F34D321A80012092B2BF
:104DF000C2F38036C1F38034A64203D064F38E320E
:104E00001A80012092B2D40BB4EBD13F04D0C80B6E
:104E100060F3CF321A8001205A88698802F00106B7
:104E200001F00104A64203D064F300025A8001207D
:104E300092B2C2F34005C1F34004A54203D064F32B
:104E400041025A80012092B2C2F38005C1F380046E
:104E5000A54203D064F382025A80012092B2C2F3C9
:104E6000C005C1F3C004A54203D064F3C3025A8055
:104E7000012092B2C2F30014C1F300118C4203D09E
:104E800061F304125A8001E0002803D0F0BC022034
:104E9000F8F7CCBFF0BC70477012002090110020D2
:104EA00070B5124A04460D460020A11A131594420B
:104EB0001AD005DC0E49611816D0994208D113E0CA
:104EC000994211D0B1F56C4F02D10320F3F7E8F904
:104ED00000EB5500B0FBF5F04FF6F071014000F02B
:104EE0000F021143A16070BD0220EFE7004C0040AB
:104EF00000BCFFBF4068C0F308007047C1F3080161
:104F000041607047134A10B5811A1315904213D0AF
:104F100007DC114940180CD098421AD140F21244D3
:104F20000FE099420BD0B1F56C4F12D140F20E3424
:104F300007E040F2114404E040F2134401E040F283
:104F400014442046F3F7FAFA2046BDE81040F3F780
:104F5000E7BA10BD004C004000BCFFBFC16821F49F
:104F60000051C1607047C16841F40051C160704791
:104F700000EB9110026801F01F03012199408A4360
:104F80000260704700EB9110006801F01F020121E0
:104F90009140084000D00120704700EB911002685A
:104FA00001F01F03012199408A430260704700EB22
:104FB0009110026801F01F03012199400A43026029
:104FC000704730B5C1F38912825800EB915001F05F
:104FD0001F05012404FA05F300681A40C1F30441D7
:104FE00004FA01F3184202D00AB1012030BD0020BA
:104FF00030BDC26822F4C062C260C2680A43C260A7
:105000007047C26822F004020A43C2607047026916
:1050100022F44052026102690A4302617047C26889
:1050200022F008020A43C2607047C26822F480522C
:10503000C260C2680A43C26070470178407800EBE2
:10504000012000B2704700000000000000000000D6
:105050000000000000000000000000000000000050
:105060000000000000000000000000000000000040
:105070000000000000000000000000000000000030
:105080000000000000000000000000000000000020
:105090000000000000000000000000000000000010
:1050A0000000000000000000000000000000000000
:1050B00000000000000000000000000000000000F0
:1050C00000000000000000000000000000000000E0
:1050D00000000000000000000000000000000000D0
:1050E00000000000000000000000000000000000C0
:1050F00000000000000000000000000000000000B0
:10510000000000000000000000000000000000009F
:105110000000000000000000000000000000AAAA3B
:10512000000000000000000000000000000000007F
:10513000000000000000000000000000000000006F
:10514000000000000000000000000000000000005F
:10515000000000000000000000000000000000004F
:10516000000000000000000000000000000000003F
:10517000000000000000000000000000000000002F
:10518000000000000000000000000000000000001F
:10519000000000000000000000000000000000000F
:1051A00000000000000000000000000000000000FF
:1051B00000000000000000000000000000000000EF
:1051C00000000000000000000000000000000000DF
:1051D00000000000000000000000000000000000CF
:1051E00000000000000000000000000000000000BF
:1051F00000000000000000000000000000000000AF
:10520000000000000000000000000000000000009E
:10521000000000000000000000000000000000008E
:10522000000000000000000000000000000000007E
:10523000000000000000000000000000000000006E
:10524000000000000000000000000000000000005E
:10525000000000000000000000000000000000004E
:10526000000000000000000000000000000000003E
:10527000000000000000000000000000000000002E
:10528000000000000000000000000000000000001E
:10529000000000000000000000000000000000000E
:1052A00000000000000000000000000000000000FE
:1052B00000000000000000000000000000000000EE
:1052C00000000000000000000000000000000000DE
:1052D00000000000000000000000000000000000CE
:1052E00000000000000000000000000000000000BE
:1052F00000000000000000000000000000000000AE
:10530000000000000000000000000000000000009D
:10531000000000000000000000000000000000008D
:10532000000000000000000000000000000000007D
:10533000000000000000000000000000000000006D
:10534000000000000000000000000000000000005D
:10535000000000000000000000000000000000004D
:10536000000000000000000000000000000000003D
:10537000000000000000000000000000000000002D
:10538000000000000000000000000000000000001D
:10539000000000000000000000000000000000000D
:1053A00000000000000000000000000000000000FD
:1053B00000000000000000000000000000000000ED
:1053C00000000000000000000000000000000000DD
:1053D00000000000000000000000000000000000CD
:1053E00000000000000000000000000000000000BD
:1053F00000000000000000000000000000000000AD
:10540000000000000000000000000000000000009C
:10541000000000000000000000000000000000008C
:10542000000000000000000000000000000000007C
:10543000000000000000000000000000000000006C
:10544000000000000000000000000000000000005C
:10545000000000000000000000000000000000004C
:10546000000000000000000000000000000000003C
:10547000000000000000000000000000000000002C
:10548000000000000000000000000000000000001C
:10549000000000000000000000000000000000000C
:1054A00000000000000000000000000000000000FC
:1054B00000000000000000000000000000000000EC
:1054C00000000000000000000000000000000000DC
:1054D00000000000000000000000000000000000CC
:1054E00000000000000000000000000000000000BC
:1054F00000000000000000000000000000000000AC
:10550000000000000000000000000000000000009B
:10551000000000000000000000000000000000008B
:10552000000000000000000000000000000000007B
:10553000000000000000000000000000000000006B
:10554000000000000000000000000000000000005B
:10555000000000000000000000000000000000004B
:10556000000000000000000000000000000000003B
:10557000000000000000000000000000000000002B
:10558000000000000000000000000000000000001B
:10559000000000000000000000000000000000000B
:1055A00000000000000000000000000000000000FB
:1055B00000000000000000000000000000000000EB
:1055C00000000000000000000000000000000000DB
:1055D00000000000000000000000000000000000CB
:1055E00000000000000000000000000000000000BB
:1055F00000000000000000000000000000000000AB
:10560000000000000000000000000000000000009A
:10561000000000000000000000000000000000008A
:1056200000000000AAAA0000000000000000000026
:10563000000000000000000000000000000000006A
:10564000000000000000000000000000000000005A
:10565000000000000000000000000000000000004A
:10566000000000000000000000000000000000003A
:10567000000000000000000000000000000000002A
:10568000000000000000000000000000000000001A
:10569000000000000000000000000000000000000A
:1056A00000000000000000000000000000000000FA
:1056B00000000000000000000000000000000000EA
:1056C00000000000000000000000000000000000DA
:1056D00000000000000000000000000000000000CA
:1056E00000000000000000000000000000000000BA
:1056F00000000000000000000000000000000000AA
:105700000000000000000000000000000000000099
:105710000000000000000000000000000000000089
:105720000000000000000000000000000000000079
:105730000000000000000000000000000000000069
:105740000000000000000000000000000000000059
:105750000000000000000000000000000000000049
:105760000000000000000000000000000000000039
:105770000000000000000000000000000000000029
:105780000000000000000000000000000000000019
:105790000000000000000000000000000000000009
:1057A00000000000000000000000000000000000F9
:1057B00000000000000000000000000000000000E9
:1057C00000000000000000000000000000000000D9
:1057D00000000000000000000000000000000000C9
:1057E00000000000000000000000000000000000B9
:1057F00000000000000000000000000000000000A9
:105800000000000000000000000000000000000098
:105810000000000000000000000000000000000088
:105820000000000000000000000000000000000078
:105830000000000000000000000000000000000068
:105840000000000000000000000000000000000058
:105850000000000000000000000000000000000048
:105860000000000000000000000000000000000038
:105870000000000000000000000000000000000028
:105880000000000000000000000000000000000018
:105890000000000000000000000000000000000008
:1058A00000000000000000000000000000000000F8
:1058B00000000000000000000000000000000000E8
:1058C00000000000000000000000000000000000D8
:1058D00000000000000000000000000000000000C8
:1058E00000000000000000000000000000000000B8
:1058F00000000000000000000000000000000000A8
:105900000000000000000000000000000000000097
:105910000000000000000000000000000000000087
:105920000000000000000000000000000000000077
:105930000000000000000000000000000000000067
:105940000000000000000000000000000000000057
:105950000000000000000000000000000000000047
:105960000000000000000000000000000000000037
:105970000000000000000000000000000000000027
:105980000000000000000000000000000000000017
:105990000000000000000000000000000000000007
:1059A00000000000000000000000000000000000F7
:1059B00000000000000000000000000000000000E7
:1059C00000000000000000000000000000000000D7
:1059D00000000000000000000000000000000000C7
:1059E00000000000000000000000000000000000B7
:1059F00000000000000000000000000000000000A7
:105A00000000000000000000000000000000000096
:105A10000000000000000000000000000000000086
:105A20000000000000000000000000000000000076
:105A30000000000000000000000000000000000066
:105A40000000000000000000000000000000000056
:105A500000000000B83D0000000000000000000051
:105A60000000000000000000AAAA000000000000E2
:105A700000000000000012006400640064000000E8
:105A800000000000000000080008000800080000F6
:105A900000000008000800080008000800080008CE
:105AA00000080008000800080008000800080008B6
:105AB00000080008000800080008000800080008A6
:105AC0000008000800080008000800080008000896
:105AD0000008000800080008000800080008000886
:105AE0000008000800080008000800080008000876
:105AF0000008000800080008000800080008000866
:105B00000008030003010003010003010000AAAA2A
:105B10000000000007434F4D4D51310D00000000C3
:105B200031DE000807434F4D4D51320D000000009B
:105B300099E0000807434F4D4D51330D0000000020
:105B4000B5E2000807434F4D4D51340D00000000F1
:105B5000B9E5000807434F4D4D51350D00000000D9
:105B6000D9E7000807434F4D4D51360D00000000A6
:105B700045EA000807434F4D4D51370D0000000026
:105B8000D1EA000807434F4D4D51380D0000000089
:105B900069ED000807434F4D4D44313200000000CD
:105BA0000998000807434F4D4D44535F0000000023
:105BB000BD99000808434F4D4D4D4F445F00000014
:105BC000199E000807434F4D4D454D5F00000000F2
:105BD000059A00080351310D00000000000000008C
:105BE000D1CD00080351320D00000000000000007C
:105BF000D1CD00080352540D000000000000000049
:105C0000D1CD000805514242530D000000000000B4
:105C1000D1CD000805514252530D00000000000094
:105C2000D1CD000805514254530D00000000000082
:105C3000D1CD000805514244530D00000000000082
:105C4000D1CD00080357542A0000000000000000D6
:105C5000D1CD000802513300000000000000000018
:105C6000D1CD000801540000000000000000000039
:105C7000D1CD000800F810002177000800000000D6
:105C80000000000000113900C57700083911230019
:105C9000217B00085D110800157C00080000000051
:105CA0000000000000214000D17C000840212B00B2
:105CB0002980000800600E00F98100080000000043
:105CC00000000000FF000000745C0108845C010813
:105CD000A45C010809B400082BB4000829B400082A
:105CE0003DB4000899B30008F1B30008FF000000BC
:105CF000010000000200000001000000030000009D
:105D0000010000000200000001000000FF0001008F
:105D1000020001000D121C0E170A00000D121C0ECD
:105D2000170A00000D121C0E170A00000D121C0E9F
:105D3000170A00000D121C0E170A00000D121C0E8F
:105D4000170A00000A19151E191C0000240500245A
:105D5000060000000D121C0E170A00000D121C0E8A
:105D6000170A00000D121C0E170A00000D121C0E5F
:105D7000170A3F065B4F666D7D077F6F777C395E44
:105D800079713D76301E703854373F7367706D7887
:105D90003E621C646E5B00606162676664655859B0
:105DA0005A5F5E5C5D50515257565455080C0E0FA9
:105DB0000A090D101416171211152021221F1E1C7E
:105DC0001D28292A272624253031322F2E2C2D005C
:105DD000DDAA000809AE000889AA000809AE00087B
:105DE000D1A5000809AE000829A6000809AE0008E0
:105DF000CDAE000851AF000881AF000805B0000823
:105E0000CDAE0008E9AE000881AF00089DAF0008E4
:105E1000D1A500081DAD0008D1A50008E9AC000817
:105E2000D1A5000875AD0008D1A500083DAE000859
:105E3000D1A500089DA6000899A500085DA400084A
:105E400061A6000819AD000815B2000819AD0008D8
:105E5000D1A300088DA3000801A4000845A20008F2
:105E60008DA10008E9A10008CDA000082DA100081F
:105E700001A3000841A3000899B0000839B0000848
:105E800069B10008F9B00008B9AB000859AB0008C7
:105E900089AC000819AC0008C9A900082DAA00089F
:105EA00089A9000861A9000849B3000865B3000882
:105EB0001E1C0B1C1E0B1C0B1E0000000C1E1D0CC0
:105EC0001C181C171E181C180A10160F150D1E1C66
:105ED0000E15120B02020002030002040000000073
:105EE0002424002424052401002401052402002484
:105EF00002052403002403052404002404052405CA
:105F000000240505240600240605240700240705AF
:105F100024080024080524090024090501000000C4
:105F20002424002424052401002401052402002443
:105F30000205240300240305240400240405240589
:105F4000002405052406002406052407002407056F
:105F50002408002408052409002409050100000084
:105F60002424002424052401002401052402002403
:105F70000205240300240305240400240405240549
:105F8000002405052406002406052407002407052F
:105F90002408002408052409002409050100000044
:105FA0001C1210190A150319010319020319030021
:105FB00024240024240524010024010524020024B3
:105FC00002052403002403052404002404052405F9
:105FD00000240505240600240605240700240705DF
:105FE00024080024080524090024090501000001F3
:105FF0000005010100010105010200010205010384
:106000000001030501040001040501050001050567
:10601000010600010605010700010705010800014E
:10602000080501090001090502000002000502013E
:10603000000201050202000202050203000203053C
:106040000204000204050205000205050206000222
:1060500006050207000207050208000208050209FA
:106060000002090503000003000503010003010508
:1060700003020003020503030003030503040003F6
:1060800004050305000305050306000306050307D1
:1060900000030705030800030805030900030905B9
:1060A00004000004000504010004010504020004CA
:1060B00002050403000403050404000404050405A8
:1060C000000405050406000406050407000407058E
:1060D000040800040805040900040905050000057A
:1060E000000505010005010505020005020505037F
:1060F0000005030505040005040505050005050563
:106100000506000506050507000507050508000545
:106110000805050900050905060000060005060139
:106120000006010506020006020506030006030537
:106130000604000604050605000605050606000619
:1061400006050607000607050608000608050609F5
:106150000006090507000007000507010007010503
:1061600007020007020507030007030507040007ED
:1061700004050705000705050706000706050707CC
:1061800000070705070800070805070900070905B4
:1061900008000008000508010008010508020008C1
:1061A00002050803000803050804000804050805A3
:1061B0000008050508060008060508070008070589
:1061C0000808000808050809000809050900000971
:1061D000000509010009010509020009020509037A
:1061E000000903050904000904050905000905055E
:1061F00009060009060509070009070524240024EB
:10620000240524010024010524020024020524039E
:1062100000240305240400240405240500240505A6
:10622000240600240605240700240705240800246A
:10623000080524090024090558620108000000200F
:106240003016000070440008446501083016002034
:10625000286C0000706400085113030102280159E2
:1062600029580C1C021C02A401DC05080732130A81
:1062700017104413B5EF140855F01B08ED081A8DDC
:10628000081A410813CDEE1B0879081A0504B95FF6
:106290001A0347CB03146D01150A183CA3B3016B15
:1062A000939511103E4101410241034104410541D2
:1062B00006410741084109410A410B410C410D418A
:1062C0000E410F411041114112411341144115413A
:1062D00016411741184119411A411B411C411D41EA
:1062E0001E4100301CFD01FD02FD03FD04FD05FD06
:1062F00006FD07FD08FD09FD0AFD0BFD0CFD0DFD6A
:106300000EFD0FFD10FD11FD12FD13FD14FD15FD19
:1063100016FD17FD03FFFFFF01FF01FF01FF01FF56
:1063200001FF01FF01FF01FF01FF01FF01FF01FF6D
:1063300001FF01FF01FF072A37023702E001692B45
:10634000E3DC050A152128C9122904025E0F041C8A
:106350000E27071216121C0322B83D7203720A148C
:10636000050505132C6F024C2002A9961B09080392
:1063700014050909440D121C342424245515150153
:1063800008350118191F460D1901080235021819A0
:106390000F4639180108012D03240A0C105A061063
:1063A0002C041819475BA117302C050C11101691FD
:1063B0001301080319222C060B0C301A1520129613
:1063C000220A2C070C11105B89161035080B0A1DC8
:1063D0002B591230299F2B240C80100A71070108B9
:1063E0005802E001012B0F15105B3508103B010B23
:1063F000201AF91028091C02A40101020B1E102BFF
:10640000490F102FB80101030B0B102E150C0108BA
:1064100059303504150B191AF1D029B02E01051881
:10642000151B805A1A102C06181D105B251B1035E1
:1064300007240B155BED15102C080B0F405AD5F0F7
:106440002D01090B0E101AF5B029103602010E1C91
:106450000D5A51301D0202220ED6111621220108BA
:106460006312162E0203161817D7152101080C12F5
:10647000013602040D0A222E651F01081F102D058A
:1064800011181EA0191029282D02061612082E7D9B
:106490002001083B1035071C0E0C1A954039102CB2
:1064A00008190AA01AC1B032041203341C1D114B82
:1064B000D923403603011C1D164B7124302D0302D5
:1064C0000E17201AA99039202C030E17201A4130DC
:1064D00039202C041D12102E29140108C71035056F
:1064E00016121F180AC91E01081C02A401039032CB
:1064F0001C366D1C010813141C0E1D13ADDA2A087E
:10650000F613F9D915080B161C1399D8150812178C
:106510000F1A4D181412181D1351DC2208342424AC
:10652000241C1515010C312C011B0E48B61D25012C
:106530000801142253081431221F40093182F90541
:0465400097224F054A
:040000050800415559
:00000001FF
