:02000004003DBD
:208000009A000006767E0BA95202EC14767E0BA95200ED06761F02EC9231ED0A6F0F767E28
:208010000BA95201EC0B767E0BA95203EC079A000006761F02EC9231ED039A0100069A0B46
:208020000006761F02AB920E0006761F02AB922B0006761F02AB922E0006761F02AC921957
:208030000006761F02AC921D0006761F02AC92180006761F02AB92190006761F02AC92284F
:208040000006761F02AC92290006761F02AB920B0006C5A452005CA9EC149CFF88A992A46F
:208050005201ED045301ED02DF0292C554C7ED07DD01DF01DC81000EFFF46F05522AEC0347
:208060009A0000069A010006761F02AB923E0006B2BD9B782DA959A98F00048636A85601FF
:2080700000A49A059B02767E56D0761F02AC2DA18F40AE00960E9A9637A9A0A907AB8AA986
:2080800056BF28C4A0A956BF41CC07AB56BF43D456BF4BDC56BF0DE48AA99B0592AC767E4F
:208090006308761F02AB2B278BBE000600062DA99A968F40AE0037A9761F02ABA0A907ABDC
:2080A0008AA956BF28C456BF41CCA0A956BF43D407AB56BF4BDC56BF0DE456BF01368AA982
:2080B0009B0592AC767E630800062DA99A968F40AE0037A9761F02ABA0A907AB8AA956BF85
:2080C00028C456BF4ECCA0A956BF41D407AB56BF4BDC56BF0DE456BF01368AA99B0592ACC1
:2080D000767E630800063B10761F02AB96192910FF690006B2BDAABDA2BD761F02AB9B78BE
:2080E0002DA959A98F0004812B3636A8560100A492C4525356C001E092CC525456C001DC71
:2080F00088D492A65244ED2E92DC9CBDED2B93E45345ED0493EC533FEC145200ED2392E463
:208100005245ED202DEC350A94F408A9FDF0FFE401C35202FFE301C0767E28ABFFEF017475
:208110009A968DC0AE0037A9A2A907AB86A956BF28C2A2A907AB82A9767E27838AA3FFEF38
:2081200000C492A65247ED2E92DC9CA9ED2B93E45346ED0493EC533FEC145200ED2392E4DA
:208130005246ED202DEC350A94F408A9FDF0FFE401935264FFE30190767D80D3FFEF0144F3
:208140009A968DC0AE0037A9A2A907AB86A956BF28C2A2A907AB8AA982A9767D8039FFEFF4
:20815000009492A6524356C000B892DC9CB856C000B493E45331ED0593EC533F56C1009EA1
:20816000520056C000AA93E4533156C1008A520056C000A35332ED0493EC533FEC6752001A
:2081700056C0009B93E45332EC54520056C000955333ED0493EC533FEC3D520056C0008D5F
:2081800093E45333EC2A520056C000875334ED0493EC533FEC135200ED7F92E45234ED7C32
:208190002DEC350A94F408A9FDF0FFE401355264FFE301329611FFEF00E79A968DC0AE00C6
:2081A00037A9A2A907AB86A956BF28C2A2A907AB8AA982A992116F382DEC350A94F408A97E
:2081B000FDF0FFE401195264FFE301169614FFEF00CB9A968DC0AE0037A9A2A907AB86A97C
:2081C00056BF28C2A2A907AB8AA982A992146F1C2DEC350A94F408A9FDF0FFE400FD526400
:2081D000FFE300FA960FFFEF00AF9A968DC0AE0037A9A2A907AB86A956BF28C2A2A907AB3E
:2081E0008AA982A9920FDC01767E584B56BF0DDA92A19B048AA3767E6308FFEF00E02DECCB
:2081F000350A94F408A9FDF0FFE400D65264FFE300D39610FFEF00889A968DC0AE0037A9BF
:20820000A2A907AB86A956BF28C2A2A907AB8AA982A992106FD992A6524BED4692DC9CB725
:20821000520DED0893E4533F56C1009E520D56C1008D520AED0693E4533FEC78520AEC67CE
:208220005200ED3293E4533FEC185200ED2D2DE4350A94EC2DA9350A94F42DA9350A94FC42
:2082300008A92FB05214FFE400971BA90190FFE20093767E20C06F479A968DC0AE0037A960
:20824000A2A907AB86A956BF28C2A2A907AB82A9767E1FD58AA3DC01767E581092A19B06A9
:2082500056BF0DEA6F9892A65242ED7592DC524DED7292E45253ED6F92EC5245EC1F524632
:20826000ED0493F45343EC145253ED6592F45243EC095244ED6092FC761F02BD9CD096041E
:208270006F1292FC761F02BD9CD096076F0C92FC761F02BD9CD096066F0692F4761F02BDCE
:208280009CD0960192A1767D80976F482DE4350A94EC2DA9350A94F408A9EB30520A643BB3
:2082900052326239767E20EA6FEE9A968DC0AE0037A9A2A907AB86A956BF28C2A2A907AB21
:2082A00082A9767E20016F1D2DE4350A94EC2DA9350A94F408A9EB30641E52C8631C767EAA
:2082B00020B96FD19A968DC0AE0037A9A2A907AB86A956BF28C2A2A907AB82A9767E1FD153
:2082C0008AA3DC01767E583056BF0DE292A19B05FFEFFF2292A1767D80B5761F02AB56BF80
:2082D000013682BE86BE8BBE00062DA99A788F000480761F02AB36A9560100A492E49CD08B
:2082E000962392EC9CD0962492AC767D80970006B2BDAABDA2BD9B962DA959A98DC0AE009A
:2082F00037A8761F02F6A2A907AB86A9A2A956BF28C207AB8AA982A9DC019202767E5810AF
:20830000DA05761F02F656BF20C2920763039A2D6F029A2B96CA3B018AA38507DC07FF5671
:20831000767E581056BF20F2767E277B520056B32BFA56B42DFA767E277B3B018AA385A956
:20832000DC0DFF56767E5810D00C9B1292A18AA356BF0D92767E630882BE86BE8BBE0006D4
:2083300000063B10761F02AB960E2910FF690006B2BDAABDA2BDFE029B962DA98D40AE0098
:2083400037A89641A9A2B2A907AB8AA9B2A907A256BF4DC456BF43CC090456BF48D482A925
:2083500056BF47DC56BF43C3767E0B7552786705767E0B7588A96F02BE78B2A9D50007A2EB
:208360008AA98BA99B0392A6DC05767E58B656BF0DE3761F02AB9B0956BF01368AA19241A8
:20837000767E6308FE8282BE86BE8BBE00063B10761F02AB962E2910FF6900063B10761F63
:2083800002AC96192910FF69000600060006000600060006000600063B10761F02AC962863
:208390002910FF6900063B10761F02AC96292910FF6900063B10761F02AB960B2910FF6963
:2083A0000006761F02AB963E00060006761F02AB56BF01162B152B1A2B072B062B0D2B04D8
:2083B0002B032B082B052B0C2B1756BF010A2B092B0E2B0B761F02AC56BF010F0006761FDD
:2083C00002AC2B0356BF01022B0E2B152B0C2B0B2B102B0D2B142B172B122B1156BF01162A
:2083D000761F02AB2B3A0006761F02AC2B2456BF012A2B092B00761F02AB2B3F761F02ACC0
:2083E0002B042B012B082B1356BF01062B052B0A2B072B262B252B2B2B232B220006767E72
:2083F0000ABA5201ED7E767E0B75520AEC50767E0B755214EC4C767E0B75521EEC48767EC1
:208400000B755228EC44767E0B755232EC40767E0B75523CEC3C767E0B755246EC38767EC0
:208410000B755250EC34767E0B75525AEC30767E0B755264EC2C767E0B75526EEC28767E50
:208420000B755278EC24767E0B755282EC20767E0B75528CEC1C767E0B755296EC18767EE0
:208430000B7552A0EC14767E0B7552AAEC10767E0B7552B4EC0C767E0B7552BEEC08767E70
:208440000B7552C8EC049A3C767E0CBC767E0B71520AEC24767E0B715214EC20767E0B71D2
:20845000521EEC1C767E0B715228EC18767E0B715232EC14767E0B71523CEC109A3C767EEE
:208460000CB8761F02AC0A3292325228690A9A069B032B32767E67706F04761F02AC2B328F
:20847000767E0ABA5201EC12767E58F45204EC0B767E58F45202EC04767E0FAF6F17767EA6
:208480000FAC6F14767E0FA96F11767E58F45204EC0B767E58F45202EC04767E0FA36F0646
:20849000767E0FA06F03767E0F9D761F02E5C40CA8A90FA65648000C0006761F01C1471562
:2084A000EE05761F02AB2B1F6F04761F02AB0A1F761F01DD4715EE05761F02AB2B206F049D
:2084B000761F02AB0A209A00767E63D05200ED05761F02AB2B1C6F04761F02AB0A1C9A013C
:2084C000767E63D05200ED05761F02AB2B1E6F04761F02AB0A1E921F520A6604921C5264EE
:2084D00069132B1F2B1C3B10761F01C19A008F00AD009B78D500FF691811FFDF1A11002065
:2084E000767E63D82910761F02AB9220520A6604921E526469132B202B1E3B10761F01DD26
:2084F0008F00AD789A019B78D500FF691811FFDF1A110020767E63D82910FF690006B2BD36
:20850000761F02AB922752066523520A632156BF0B278D40AE0056BF42C156BF54C956BF7F
:2085100041D156BF32D9767D803D9B03D5028AA1DC04767E58B6761F02ABD00A9A009B0B8B
:2085200056BF01368AA156BF0D91767E63088BBE0006B2BD761F02AB922752066523520ABD
:20853000632156BF0B278D40AE0056BF42C156BF54C956BF41D156BF31D9767D80419B0303
:20854000D5028AA1DC04767E58B6761F02ABD00A9A009B0B56BF01368AA156BF0D91767EBD
:2085500063088BBE0006761F02AB922752066517520A631556BF0B278F00AE009A009B05F0
:2085600056BF42C456BF54CC56BF41D456BF30DC56BF0DE456BF0136767E63080006761F14
:2085700002AC2B0F761F02AB922752066513520A631156BF0B278F00AE009A009B0456BF96
:2085800052C456BF53CC56BF54D456BF0DDC767E63080006B2BD5200ED148F40AB80D00065
:20859000BE36A0A976C004800DA08AA9929776C0AE0096C49297D137969CD801000EFFF351
:2085A0008BBE0006767E0B7552786707767E0B752DA9356493A96F0328A82EE09A00761F22
:2085B00002AC552556B001A993235301EC05520056B101236F045200EC022B239322530151
:2085C000EC05520056B101226F060A2F922F521E68032B222B2F00062DA99A968F40AE00B4
:2085D00037A9761F02ABA0A907AB8AA956BF51C456BF31CCA0A956BF0DD407AB56BF0136C2
:2085E0008AA99B0392AC767E630800062DA99A968F40AE0037A9761F02ABA0A907AB8AA934
:2085F00056BF51C456BF43CCA0A956BF48D407AB56BF47DC56BF53E456BF53EC56BF0DF403
:2086000056BF01368AA99B0792AC767E63080006767E48EC761F02AC5434EC1F923452017F
:20861000ED16922B5201EC07767E0AC65201ED109A006F06767E0AC65200ED0A9A01767E85
:208620000D5C9A069B03767E67706F022B2B767E48EC761F02AC96340006000688A9B600D9
:20863000DE821BA6FFFFEC1C8F40AB4C93A72784FFD758A893ABF3A093A0FFD358A8560353
:2086400004A7709580A993A792ABFFDB900F58A8F2A0560304A7709580A9000EFFE9CDA723
:2086500000FF92A788A8FFC75328EC05530DEC03530AED039D0188A85228EC05520DEC034D
:20866000520AED029C01560308A994A60006AABD80A99B782DA98F00048236A8560100A461
:2086700093C49DD02DA85304672B761F02809304EC278F00A0C056BF01C4C4A492048F4011
:20868000A2C096CCDE0292049C015AA928A901F437A9A9A92BAB560100A52F85AAA9578652
:208690000DAA86A992AB9C0127A9540468F75804930492A79D03D8027A94767E62E386BE52
:2086A00000062DA99A788F000483761F02AC36A9560100A492C49CD0961F92AC767D8097DA
:2086B0000006B2BD2DA99A788D40048036A9560100A18AA19A029B00DC01767E56D0761F37
:2086C00002AC9B02960A8AA19A02DC04767E56D0761F02AC9B0296078AA19A02DC0A767ED0
:2086D00056D0D910761F02AC9B0096268AA19A04767E56D0520064041BA92EE0650328A939
:2086E0002EE0761F02AC96258BBE0006B2BDFE022DA9761F02AC9A788D40048036A92B2406
:2086F0002B2A56BF012B560100A18AA19A039B02DC03767E56D09B0A00FE69A98AA1DC0CB6
:20870000761F02AC9B0296099A02767E56D0761F02AC9B0096008AA19A03DC2F767E56D0C3
:20871000761F02AC9B0096048AA19A01DC56767E56D0761F02AC9B0096138AA19A01DC5A3C
:20872000767E56D0761F02AC960192135203EC035205ED1DD94C9A029B028AA1767E56D058
:2087300027A9520063022BAB9B0A92AB00FE69A9761F02AB8F002710963F761F02ACA842D0
:208740002D0030AB00FE68A896086F07761F02AB2B3F761F02AC2B08FE828BBE00060006F8
:208750000006B2BDAABDA2BD9B962DA959A98DC0AE0037A8A2A907AB86A9A2A956BF28C275
:2087600007AB82A9767E3D339B03D5018AA3DC01767E58B656BF20F2767E61AD9B03D5019B
:208770008AA3DC07767E58B6D00C56BF2092767E274B9B03D5018AA3DC0D767E58B6D01260
:208780009B1392A18AA356BF0D92767E630882BE86BE8BBE000600060006B2BDAABDA2BDA4
:20879000FE029B782DA98D80048037A89641AAA907ABA9A309048AA99A029B00767E56D0B7
:2087A00059A952066327A2A9560100A292DA522DEC04522BEC056F1E92A1FF5C59A9767E37
:2087B0000A5E93A992A194A8767E0C543B10FF69767E0A5E9B3C761F02CE95A997062910E3
:2087C000FF699A069B02767E67709241767D80976F049241767D80B5FE8282BE86BE8BBE91
:2087D0000006000600060006B2BDAABD9B782DA95AA98F00048436A8560100A49A029B0187
:2087E000767E56D059A95200EC0D767E58F42DA9357854A16907767E58F42DA9359154A119
:2087F0006811767E0B3193A155A9EC0892A1767E0D209A069B03767E677092A2767D8097FF
:208800006F0492A2767D80B586BE8BBE0006B2BDAABD9B782DA95AA98F00048436A85601E8
:2088100000A49A029B01767E56D059A9767E0BB952026821767E0BB95203661D767E58F4EB
:208820002DA9358254A16817767E58F42DA9356954A16611767E0B0293A155A9EC0892A1BD
:20883000767E0D989A069B03767E677092A2767D80976F0492A2767D80B586BE8BBE0006E6
:20884000B2BDAABDA2BD9B962DA959A98DC0AE0037A8A2A907AB86A9A2A956BF28C207ABD8
:2088500082A9767E0A829B02D5008AA3DC01767E58B69B0492A156BF0DDA8AA3767E630885
:2088600082BE86BE8BBE00060006B2BDAABDA2BD9B782DA959A98D80048037A8AAA907AB8A
:20887000A9A309048AA99A029B00767E56D088A95214631CA2A9560100A293DA532DEC04D4
:20888000532BEC056F1392A6FF5C88A93B1092A6761F02E6720D29109B02FF699A06767ED2
:20889000677092A1767D80976F0492A1767D80B582BE86BE8BBE0006B2BDAABDA2BD9B96AD
:2088A0002DA959A98DC0AE0037A8A2A907AB86A9A2A956BF28C207AB82A9767E0B15BE0AD7
:2088B000D5000EA98AA3F60F1FA6DC019B02767E58B69B0492A156BF0DDA8AA3767E63084F
:2088C00082BE86BE8BBE0006B2BDAABD9B782DA959A98F00048536A8560100A49A029B00DC
:2088D000767E56D02DA9522C681952366617350A5AA9767E0B1593A255A9EC0C92A2767EEB
:2088E0000DA8767E0B15767E16599A069B03767E677092A1767D80976F0492A1767D80B538
:2088F00086BE8BBE00060006000600060006B2BDAABDA2BD9B962DA959A98DC0AE0037A8A5
:20890000A2A907AB86A9A2A956BF28C207AB82A9767E0B599B02D5008AA3DC01767E58B62E
:208910009B0492A156BF0DDA8AA3767E630882BE86BE8BBE0006B2BDAABD9B782DA95AA958
:208920008F00048536A8560100A49A029B00767E56D059A952026711767E0B5993A155A99D
:20893000EC0892A1767E0C9C9A069B03767E677092A2767D80976F0492A2767D80B586BE0A
:208940008BBE0006B2BDAABDA2BD9B962DA959A98DC0AE0037A8761F02F4D500A2A907AB53
:2089500086A9A2A956BF28C207AB8AA982A9DC019B019219767E58B69B0392A156BF0DD293
:208960008AA3767E630882BE86BE8BBE0006B2BDAABDA2BD9B962DA959A98DC0AE0037A880
:20897000A2A907AB86A9A2A956BF28C207AB82A9767E0A969B02D5018AA3DC01767E58B681
:208980009B0692A156BF0DEA8AA3767E630882BE86BE8BBE0006B2BDAABD9B782DA95AA9D6
:208990008F00048436A8560100A49A029B01767E56D059A9767E58F42DA9357854A1661451
:2089A000767E58F42DA935A554A1680E92A1767E0D109A069B03767E6770767D856F92A2F4
:2089B000767D80976F0492A2767D80B586BE8BBE0006B2BDAABDA2BD9B962DA959A98DC0B0
:2089C000AE0037A8A2A907AB86A9A2A956BF28C207AB82A9767E0AA29B02D5018AA3DC019A
:2089D000767E58B69B0692A156BF0DEA8AA3767E630882BE86BE8BBE0006B2BDAABD9B785D
:2089E0002DA95AA98F00048436A8560100A49A029B01767E56D059A9767E0BB952026838AE
:2089F000767E0BB952036634767E58F42DA9357854A1662E767E58F42DA9359D54A167052B
:208A0000767E0AAE5201EC24767E58F428AC013B12A9FFC054A16705767E0AAE5200EC181A
:208A1000767E0AA293A155A9EC0F767E0AA693A155A9660E92A1767E0D2C9A069B03767E9D
:208A20006770767D856F92A2767D80976F0492A2767D80B586BE8BBE0006B2BDAABDA2BDA3
:208A30009B962DA959A98DC0AE0037A8A2A907AB86A9A2A956BF28C207AB82A9767E0AA64C
:208A40009B02D5018AA3DC01767E58B69B0692A156BF0DEA8AA3767E630882BE86BE8BBE5E
:208A50000006B2BDAABD9B782DA95AA98F00048436A8560100A49A029B01767E56D059A9FA
:208A6000767E0BB952026838767E0BB952036634767E58F42DA9357854A1662E767E58F417
:208A70002DA9359D54A16705767E0AAE5201EC24767E58F428AC013B12A9FFC054A16705A3
:208A8000767E0AAE5200EC18767E0AA693A155A9EC0F767E0AA293A155A9680E92A1767E94
:208A90000D309A069B03767E6770767D856F92A2767D80976F0492A2767D80B586BE8BBEFF
:208AA0000006B2BDAABD9B782DA95AA98F00048436A8560100A49A029B01767E56D059A9AA
:208AB000767E58F45201ED0692A1526E682B52876629767E58F45202ED0792A152DC6822BF
:208AC0001BA1010E661F767E58F45204ED071BA101B868181BA1021C6615767E0B1593A12A
:208AD00055A9EC0C92A1767E0DA8767E0B15767E16599A069B03767E677092A2767D8097F6
:208AE0006F0492A2767D80B586BE8BBE0006000600060006000600060006000600060006DE
:208AF0000006B2BDAABDA2BDFE029B962DA98D40AE0096418AA136A882A9560100A4B2A948
:208B000007A356BF28C4761F02F4090186A956BF30C2923D5206ED039A316F029A3096CA62
:208B1000767E3807520C56B030D256B131D2767E3807521756B030DA56B131DA767E3807B1
:208B2000520B56B030E256B131E2767E4D15520056B130EA56B031EA767E3807520F56B022
:208B300030F256B131F2767E3807521856B030FA56B131FA767E3807520E56B008A056B192
:208B400008A056B0309256B13192767E3349520056B109A056B009A056B1309256B0319228
:208B5000767E380B4AA956BC0AA056BC309256BD0AA056BD3192767E3807521156B00BA071
:208B600056B10BA056B0309256B13192767E5931520056B10CA056B00CA056B1309256B0AD
:208B70003192D00D56BF3092767E59165200761F02F756B10EA056B00EA056B1309256B0F3
:208B80003192D00F9206EC039A316F029A309692767E3807520DEC09767E380B47A956BCBE
:208B900010A056BC3092EF04D01056BF3192767E380B4EA9EE09767E380B4DA956BC11A081
:208BA00056BC3092EF04D01156BF3192767E3807521556B012A056B112A056B0309256B15B
:208BB0003192767E3807521656B013A056B113A056B0309256B13192767E3807521956B09E
:208BC00014A056B114A056B0309256B13192767E3807521756B015A056B115A056B03092B9
:208BD00056B13192767E3807521B56B016A056B116A056B0309256B13192767E3807521C6F
:208BE00056B017A056B117A056B019A456B119A456B0309256B1319292A4522056B601A686
:208BF00066049A219EA488A9DE81A2A90DA483A1DC01560100A556BF30C5000EFFF8A2A91B
:208C00000DA483A1DC01560100A5B2A956BF0DC507A38BA993A492418AA1767E6308FE8272
:208C100082BE86BE8BBE0006B2BDAABDA2BDFE029B962DA98DC0AE0037A89642A2A907AB86
:208C200086A9A2A956BF28C207AB82A9767E4CB49B03D5018AA3DC01767E58B656BF20F243
:208C3000767E4CC4BE0AD5010EA98AA3F60F1FA6DC079B02767E58B6DA0B761F02F456BFCD
:208C400020C2923D5203EC165204EC055205EC035206ED0D761F01BF4401EF094301EF0761
:208C5000767E3D1F9641767E4CC46F092B41D1006F07767E3D1F9641767E3D6B59A98AA3BC
:208C600092419B03D501DC0C767E58B6BE0A0EA18AA3D50156BF20F2F60F1FA6DC129B02CD
:208C7000767E58B6D00B56BF2092767E276359A9767E27573B0185A9FF5693A155A96404F5
:208C8000767E27636F06767E27573B0185A9FF568AA39B04D500DC17767E58B6D01056BF25
:208C90002092767E27573B018AA3D50085A9DC1CFF569B04767E58B6D01556BF2092767EA6
:208CA00027679B03D5008AA3DC21767E58B6D01956BF2092767E6687BE0A8AA3D5000EA975
:208CB000DC25F60F1FA69B03767E58B6D01D56BF2092767E59129B02D5028AA3DC29767E8C
:208CC00058B6D023761F02F59B03D5008AA356BF2092921FDC2F767E58B6D02756BF209224
:208CD000767E16209B03D5008AA3DC33767E58B6D02B56BF2092767E15E79B04D5008AA356
:208CE000DC37767E58B6D030761F02AB9B0A56BF2092920700FE691E9B04D5008AA3DC3CDA
:208CF000767E58B6D035761F02AB9B03D5018AA356BF20929203DC41767E58B6D03B761F5F
:208D000002AB9B02D5028AA356BF2092921ADC47767E58B6D041761F02AC9B05D5008AA377
:208D100056BF2092922DDC4D767E58B6D047761F02ED56BF2092922FD0489C3056BF3092B4
:208D2000761F01BFD0499692D04A56BF3092430156BC4BA056BC309256BD4BA056BD3192C3
:208D3000D04C56BF3092767DD8D15202EC0D761F02AB9B0A921500FE69AE520056B14DA05E
:208D400056B13092EC0A761F02ABD04D9B0A921556BF319200FE69AE5200D04EEC039A3192
:208D50006F029A309692767DD8D15202ED0A761F02F4923D520456B14FA056B13192EC0459
:208D6000D04F56BF3092D0508AA39A009B02D50056BF2092DC5C767E58B6D0539A009B0249
:208D7000D5008AA356BF2092DC5F767E58B6D056761F02AB9B05D5008AA356BF2092920575
:208D8000DC62767E58B6D05C56BF2092767DD8D15202EC09761F02AB9B0A921500FE69AE18
:208D90005200EC0C767E40EA9B0A00FE69AE520356B15DA056B13192EC04D05D56BF30928A
:208DA000767DD88A9B30D05E761F02E495A98AA39792923DD05F9C309B6C9692D06056BF18
:208DB0000D929242767E6308FE8282BE86BE8BBE0006B2BDAABDA2BDFE029B962DA959A940
:208DC0008DC0AE0037A8A2A907AB86A9A2A956BF28C207AB82A9767E0ABE9B03D5018AA309
:208DD000DC01767E58B656BF20F2767E0ABE3B0128AC0064761F02F685A91E42300900FEFB
:208DE00068A8D5018AA3DC079B02767E58B6D00B56BF2092767E0ABE9B03D5018AA3DC0CF7
:208DF000767E58B6DA1156BF20C2767E0B615200ED0428A901F46F0328A902588AA39B02AF
:208E0000D501DC12767E58B656BF20EA767E0ABE3B0128AC0064761F02F685A91E423009E9
:208E100000FE68A88AA3D501DC179B02767E58B6D00A761F02F69B04D5008AA356BF2092D0
:208E20009209DC1C767E58B6D00F761F02F69B04D5008AA356BF20929206DC21767E58B632
:208E3000D01456BF2092767E58F42DA98AA3D5013578DC269B02767E58B6D01956BF209260
:208E4000767E0B159B02D5018AA3DC2B767E58B6D01E56BF2092767E58F88AA39B02D501BC
:208E5000DC30767E58B6D02356BF2092767E0AA69B02D5018AA3DC35767E58B6D02856BFD6
:208E60002092767E0AA29B02D5018AA3DC3A767E58B6D02D56BF2092767E0BB99B30D02EA3
:208E700095A99792D02F56BF2092767E0B799B02D5008AA3DC41767E58B6D03256BF2092B6
:208E8000767E0B759B03D5008AA3DC44767E58B6D03656BF2092767E0B699B30D03795A957
:208E90009792D03856BF2092767E0B5D9B30D03995A99792D03A56BF2092767E0BA99B30EF
:208EA000D03B8AA395A9D5009792DC509A01D03C9B0256BF2092D03D56BF3992D03E56BFF7
:208EB0002092767E58B6D04156BF2092D04256BF3092D04356BF2092767E0A829B30D044F4
:208EC00095A99792D04556BF2092767E0B319B02D5018AA3DC57767E58B6D04A56BF209269
:208ED000767E0B299B30D04B95A99792D04C56BF2092767E0B2D9B30D04D95A98AA3979282
:208EE00092A1D04E9B6056BF0D92767E6308761F02ED2B2FFE8282BE86BE8BBE0006B2BD73
:208EF000AABDA2BD9B962DA959A98DC0AE0037A8A2A907AB86A9A2A956BF28C207AB82A966
:208F0000767E0BA99B02D5008AA3DC01767E58B69B0492A156BF0DDA8AA3767E630882BE91
:208F100086BE8BBE0006B2BDAABDA2BD9B962DA959A98DC0AE0037A8A2A907AB86A9A2A91F
:208F200056BF28C207AB82A9767E0B5D9B02D5008AA3DC01767E58B69B0492A156BF0DDAAD
:208F30008AA3767E630882BE86BE8BBE0006B2BDAABD9B782DA95AA98F00048336A85601B5
:208F400000A49A029B00767E56D059A952036611767E0BA993A155A9EC0892A1767E0CF855
:208F50009A069B03767E677092A2767D80976F0492A2767D80B586BE8BBE0006B2BDAABD82
:208F60009B782DA95AA98F00048336A8560100A49A029B00767E56D059A952036711767E02
:208F70000B5D93A155A9EC0892A1767E0CA09A069B03767E677092A2767D80976F0492A292
:208F8000767D80B586BE8BBE0006B2BDAABD9B782DA95AA98F00048336A8560100A49A02C9
:208F90009B00767E56D059A952016611767E0BB593A155A9EC0892A1767E0D089A069B03EC
:208FA000767E677092A2767D80976F0492A2767D80B586BE8BBE0006B2BDAABDA2BD9B96E0
:208FB0002DA959A98DC0AE0037A8A2A907AB86A9A2A956BF28C207AB82A9767E0BB59B024B
:208FC000D5008AA3DC01767E58B69B0492A156BF0DDA8AA3767E630882BE86BE8BBE000683
:208FD000B2BDAABDA2BD9B782DA95BA98F00048336A8560100A49A029B00767E56D05AA91C
:208FE00052036644767E58F459A9767E0BB993A255A9EC0492A2767E0D0C92A25201EC2081
:208FF0005200EC0E5203ED282DA135905AA9767E0D3092A2767E0D2C2DA135786F0B2DA1C0
:209000003590767E0D302DA13588767E0D2C2DA13569767E0D989A00767E0D8C6F0D2DA12C
:209010003592767E0D302DA1358A767E0D2C2DA13569767E0D989A069B03767E6770767D8D
:20902000856F92A3767D80976F0492A3767D80B582BE86BE8BBE0006B2BDAABDA2BD9B96F4
:209030002DA959A98DC0AE0037A8A2A907AB86A9A2A956BF28C207AB82A9767E0BB99B02C6
:20904000D5008AA3DC01767E58B69B0492A156BF0DDA8AA3767E630882BE86BE8BBE000602
:20905000B2BDAABDA2BD9B962DA959A98DC0AE0037A8A2A907AB86A9A2A956BF28C207ABC0
:2090600082A9767E590E9B02D5018AA3DC01767E58B656BF20EA767E16209B03D5008AA302
:20907000DC06767E58B6D0099B0B92A156BF20928AA3D00A56BF0D92767E630882BE86BEE5
:209080008BBE0006B2BDAABDA2BD9B962DA959A98DC0AE0037A8A2A907AB86A9A2A956BFDD
:2090900028C207AB82A9767E0B699B02D5008AA3DC01767E58B69B0492A156BF0DDA8AA318
:2090A000767E630882BE86BE8BBE0006B2BDAABD9B782DA95AA98F00048336A8560100A4CD
:2090B0009A029B00767E56D059A952016613767E0B6993A155A9EC0A92A1767E0CB0767E1A
:2090C0004E369A069B03767E677092A2767D80976F0492A2767D80B586BE8BBE000693A927
:2090D0009A01767D837792A8767D80970006B2BDAABDA2BD9B962DA959A98DC0AE0037A896
:2090E000A2A907AB86A9A2A956BF28C207AB82A9767E0B999B02D5008AA3DC01767E58B607
:2090F00056BF20DA767E0B9D9B02D5008AA3DC04767E58B656BF20F2767E0BA19B02D500FB
:209100008AA3DC07767E58B6D00956BF2092767E0BCD9B04D5008AA3DC0A767E58B6D00E6A
:2091100056BF2092767E0B813B01D5008AA385A9FF56DC0F9B04767E58B6D01356BF209201
:20912000767E0B8D3B018AA385A9D500FF56DC149B04767E58B6D01856BF2092767E0B851E
:209130009B03D5018AA3DC19767E58B6D01E56BF2092767E0B899B02D5028AA3DC1F767EBA
:2091400058B6D02456BF2092767E0B919B03D5018AA3DC25767E58B6D02A56BF2092767E5D
:209150000B959B02D5028AA3DC2B767E58B6D03056BF2092767E0B659B03D5018AA3DC31DC
:20916000767E58B6D03656BF2092767E0BBD9B02D5018AA3DC37767E58B6D03B56BF2092DD
:20917000767E0B6D9B03D5008AA3DC3C767E58B6D03F56BF2092767E0B419B03D5008AA303
:20918000DC40767E58B6D0439B4492A18AA356BF0D92767E630882BE86BE8BBE0006000673
:209190000006B2BD59A9767E0DDE767E0DC93B10761F02AD02001E022910FF699A069B0210
:2091A000767E677092A1767D80978BBE0006B2BDAABD9B782DA959A98D80048036A85601D1
:2091B00000A28AA29A029B00DC03767E56D052146635520E6833767E0CE49A049B008AA25C
:2091C000DC05767E56D0767E0C689A049B008AA2DC09767E56D0767E0C649A049B008AA2FF
:2091D000DC0D767E56D0767E0C609A049B008AA2DC11767E56D0767E0C5CDA159A049B002C
:2091E0008AA2767E56D0767E0C589A069B02767E677092A1767D80976F0492A1767D80B5BE
:2091F00086BE8BBE0006B2BDAABD9B782DA959A98D80048036A8560100A28AA29A049B003E
:20920000DC02767E56D0767E0C689A049B008AA2DC06767E56D0767E0C649A049B008AA2C4
:20921000DC0A767E56D0767E0C60DA0E9A029B008AA2767E56D02DA93564767E0C5C9A0E06
:20922000767E0CE49A069B02767E677092A1767D809786BE8BBE0006B2BD59A9767E0DC937
:2092300028A94650767E3E4D9A069B03767E677092A1767D80978BBE0006B2BD9B782DA94B
:2092400059A98F00048236A8560100A492C45261EC3B5262EC355243EC2F526AEC29526BDB
:20925000EC235275EC1D5276EC175278EC115279EC0B527AEC0592A1767D80B56F2F9A007B
:20926000767E0CE86F249A00767E0CC46F209A00767E0D346F1C9A00767E0C946F189A00DD
:20927000767E0C986F149A00767E0D386F109A00767E0C906F0C9A00767D83A16F089A000A
:20928000767E0C9C6F049A00767E0D089A069B03767E677092A1767D80978BBE0006B2BD18
:209290009B782DA959A98F00048236A8560100A492C45261EC3A5262EC345243EC2E526A77
:2092A000EC29526BEC235275EC1D5276EC175278EC115279EC0B527AEC0592A1767D80B591
:2092B0006F2E9A01767E0CE86F239A01767E0CC46F1F9A01767E0D346F1B9A01767E0C9476
:2092C0006F179A01767E0C986F139A01767E0D386F0F767E0A826F0C9A01767D83A16F08DD
:2092D0009A01767E0C9C6F049A01767E0D089A069B03767E677092A1767D80978BBE00069B
:2092E000B2BDAABDA2BDFE049B962DA98DC0AE0037A8BE3FD1019641A2A9A94407AB86A997
:2092F00056BF28C206440DA18AA3D901560100A456BF30C4000EFFF8767E380B46A956BC1F
:2093000030CA56BD31CA767E3807521156B030FA56B131FA767E5931520056B108A056B0C8
:2093100008A056B1309256B03192767E380B47A956BC09A056BC309256BD09A056BD3192BB
:20932000767E380B4AA956BC0AA056BC309256BD0AA056BD3192767E3349520056B10DA06A
:2093300056B00DA056B1309256B03192767E380B4EA9EE09767E380B4DA956BC3EA056BC84
:209340003092EF04D03E56BF3192C44406A60DA18AA3D901560100A456BF0DC4A2A907A630
:209350008AA9924193A1767E6308FE8482BE86BE8BBE0006B2BDAABDA2BDFE029B962DA9D3
:209360008D80AE0037A8761F02F49641A9A3AAA907AB8BA956BF28C1923DEC215202EC1C36
:209370005206EC175204EC0E5203EC095207EC045205EC0C6F1456BF44C96F1356BF42C909
:209380006F10767DD88A5201ED0756BF4CC96F0956BF46C96F0656BF53C96F0356BF50C9A6
:20939000AAA956BF0DD107A38AA99B039241767E6308FE8282BE86BE8BBE00060006B2BD02
:2093A000AABDA2BD9B962DA959A98DC0AE0037A8A2A9761F02ABBE64D50007AB86A9A2A954
:2093B00056BF28C207AB56BF56CA8AA956BF45D282A9DC0856BF52DA56BF46E256BF57EA75
:2093C00056BF32F256BF3AFA0E17F60F1FA69B05767E58B6761F02ABD00D9B64921756BF9E
:2093D0002E9200FE69AED5008AA3DC0E9B02767E58B6D0109B1192A18AA356BF0D92767E89
:2093E000630882BE86BE8BBE0006B2BDAABDA2BD9B962DA959A98DC0AE0037A8A2A9D500F7
:2093F00007AB86A9A2A956BF28C207AB56BF56CA8AA982A956BF45D2DC079A009B0456BF90
:2094000052DA56BF46E256BF57EA56BF3AF2767E58B69A709B01D5028AA3DC0B767E58B6B7
:20941000D00F9B1092A18AA356BF0D92767E630882BE86BE8BBE0006B2BDAABDA2BD9B9606
:209420002DA959A98D80AE0037A8AAA907AB82A9AAA956BF28C307AB86A9767E0A8E9B022D
:20943000D5008AA2DC01767E58B6767E0A729B04D5008AA2DC03767E58B6767E0A6E9B0440
:20944000D5008AA2DC07767E58B6767E0A6A9B04D5008AA2DC0B767E58B6767E0A669B0432
:20945000D5008AA2DC0F767E58B6767E0A628AA29B04D500DC13767E58B6D0179B1892A150
:209460008AA256BF0D93767E630882BE86BE8BBE0006B2BDAABDA2BDFE029B962DA98D40D0
:20947000AE0037A89641D5008DC0AB44B2A907AB86A9B2A956BF28C207AB8AA98BA9DC01DB
:209480009B0492C3767E58B69B04D5008AA192CBDC05767E58B69B04D5008AA192D3DC090E
:20949000767E58B69B02D5008AA192DBDC0D767E58B6D00F9B1056BF0D928AA19241767E95
:2094A0006308FE8282BE86BE8BBE0006000600060006B2BDAABDA2BDFE029B782DA98D80B1
:2094B000048037A89641AAA907ABA9A309048AA99A029B00767E56D059A9520A6328520045
:2094C000EC22A2A9560100A292DA522DED0492A1FF5C59A9767E0A9E93A992A194A8767E93
:2094D0000D24767E0A9E1BA905F46209767E0A9E1BA9020C630828A9020C6F0328A905F493
:2094E000767E0D249241767D80976F049241767D80B5FE8282BE86BE8BBE0006B2BDAABDD3
:2094F000A2BDFE048F0004809B782DA95AA9D00C83A436A81EA6560100A59295520D56C0BF
:2095000000B8A8A907A609048AA99A039B02767E56D0761F02AB93A9923A56C000AA5300A4
:2095100056C100A71BA81770FFE600A3767D80415200FFE5009E92A8767D838C767E591288
:20952000761F02AC3B01961C9E2C85A9FF5680A95264FFE4008E767D804193A9767D803DBD
:209530003B019EA885A9FF565264FFE40082767D803D3B0193A9921C9EA885A9FF561BA998
:2095400001C26276767D804193A9767D803D3B019EA885A9FF5656030AA91EA692A785A994
:209550001E4206A600FE68A859A9767D803D3B012DA156030AA9331C03AB82A91BA105F43C
:2095600063571BA1020C65548F070800A8A90FA3654FFF2BFF1F0FA3634B9202ED07767D36
:2095700084FF761F02AB1A3A0004767E0A9E93A155A9ED198F002710A2A9A84200FE68B7D2
:209580009643767E0B39934355A9ED0D8F002710A2A9A84200FE68A89643767E0B35934300
:2095900055A9EC1C92A1767E0D248F002710A2A9A84200FE68B7767E0D1C8F002710A2A917
:2095A000A84200FE68A8767E0D1828A95555767E0D149A069B02767E67703B10761F02AD73
:2095B000A2022910FF6992A2767D80976F0492A2767D80B5FE8482BE86BE8BBE0006B2BD85
:2095C0008F0004809B782DA959A9D00C83A436A81EA6560100A59295520DED30A8A907A64B
:2095D00009048AA99A039B02767E56D0761F02AB933AED245200EC221BA91770661F767DA4
:2095E0008393767E5912761F02AC962C767D80413B0193A9922C9EA885A9FF561BA901C2B7
:2095F000620D9202ED07767D8529761F02AB1A3A000292A1767D80976F0492A1767D80B520
:209600008BBE0006B2BD761F02AB59A9923AED23767E0A9E1BA90400ED09767E0B39520088
:20961000ED05767E0B355200EC1628A90400767E0D249A00767E0D1C9A00767E0D183B1011
:20962000761F02AD02001E022910FF699A069B02767E6770761F02AC9A002B2C2B1C767DAD
:2096300083939A00767D838C9202ED07767D8553761F02AB1A3A0001761F02AB92A156BFF4
:20964000012D767D80978BBE0006B2BDAABD8F0004809B782DA959A9D00C83A436A81EA60A
:20965000560100A59295520DED25A8A907A609048AA99A039B02767E56D08D80AE0056BF04
:2096600050C29B03D5028AA256BF56CADC0456BF41D256BF31DA767E58B6D00A9A009B0BBE
:209670008AA256BF0D92767E630892A1767D80976F0492A1767D80B586BE8BBE0006B2BD8E
:209680009B782DA959A98F00048636A8560100A492C4520DED158F00AE0056BF50C49A0036
:209690009B0556BF56CC56BF41D456BF30DC56BF0DE4767E630892A1767D80976F0492A150
:2096A000767D80B58BBE00060006B2BDAABDA2BD9B962DA959A98DC0AE0037A8761F0282FC
:2096B000D500A2A907AB86A9A2A956BF28C207AB8AA982A9DC019B049200767E58B6761F9A
:2096C00002F59B05D50056BF20EA8AA3921DDC06767E58B6761F02F5D00B9B05D5008AA336
:2096D000922856BF2092DC0C767E58B6761F02DFD011920656BF20929C30D012761F02F51F
:2096E0009692D01392269C30761F02DF9692D01492089C309692767E40EA9B0A00FE69AEF3
:2096F000D0158AA3D500DC17761F02F59B30BE3295A9A33E9792D016020056BF2092F61F2D
:20970000561700A69B0592AB767E58B6D01C9B1D92A18AA356BF0D92767E630882BE86BEBC
:209710008BBE0006B2BDAABDA2BD9B962DA959A98DC0AE0037A8A2A907AB86A9A2A956BF46
:2097200028C207AB82A9767E33288AA3DC01767E583056BF20E2767E332C8AA3DC05767E21
:209730005830D00856BF2092767E33248AA3DC09767E5830D00C56BF2092767E16148AA32B
:20974000DC0D767E584BD00F56BF2092767E160C8AA3DC10767E5830D01356BF2092767E9A
:2097500016108AA3DC14767E5810D018761F02CE8AA356BF20929206DC19767E5810D01D43
:2097600056BF2092767DD8D18AA3DC1E767E584BDA20761F02F456BF20C2920D5201ED036A
:209770009A316F029A3096CA761F02D892235201ED039A316F029A3096D2761F02F4920879
:209780005201ED039A316F029A3096DA761F02F492105201ED039A316F029A3096E2761F8D
:2097900002D892225201ED039A316F029A3096EA761F02EB56BF20F24824EF039A316F021F
:2097A0009A3096FAD0084524EF039A316F029A309692D0094424EF039A316F029A3096928D
:2097B000761F02F4D00A923456BF2092D00BEC039A316F029A309692761F02F4D00C922F87
:2097C000EC039A316F029A309692761F02F4D00D9231EC039A316F029A309692761F02F499
:2097D000D00E9230EC039A316F029A309692D00F56BF2092767E333C8AA3DC30767E584BE3
:2097E000D012761F02F48AA356BF2092923BDC33767E584BD0153B01761F02FC8AA356BF9F
:2097F0002092851BDC36FF56767E5810D01A56BF2092767E5036761F02EB520156B01BA083
:2098000056B11BA056B0309256B13192D01C4D24EF039A316F029A309692D01D4924EF032B
:209810009A316F029A309692D01E56BF2092D01F4224EF039A316F029A309692D020761F5B
:2098200002F88AA356BF46929213D021DC4256BF3A92767E5830D02556BF20928AA39A166A
:20983000D02656BF4492DC48D02756BF3A92767E584B9A038AA3DC4A767E584B9A198AA33D
:20984000DC4C767E584BD02E9B5092A156BF20928AA3D02F56BF0D92767E630882BE86BEA3
:209850008BBE00060006B2BDAABDA2BD9B962DA959A98DC0AE0037A8A2A907AB86A9A2A914
:2098600056BF28C207AB82A9767E0B9D8AA3DC01767E584B56BF20DA767E0BA18AA3DC0413
:20987000767E584B56BF20F2767E0BCD8AA3DC07767E5810D00B56BF2092767E0B813B0184
:209880008AA385A9DC0CFF56767E5810D01056BF2092767E0B8D3B018AA385A9DC11FF56C8
:20989000767E5810D01556BF2092767E0BB18AA3DC16767E57C5D01B56BF2092767E0BBD63
:2098A0008AA3DC1C767E578BD02056BF2092767E0B858AA3DC21767E57C5D02656BF20927B
:2098B000767E0B898AA3DC27767E5769D02C56BF2092767E0B918AA3DC2D767E57C5D03291
:2098C0009B3392A18AA356BF2092767E630882BE86BE8BBE0006761F02AC920FEC12761FEA
:2098D00002AB403AEE0B413AEE06423AEF0C183AFFFB6F09183AFFFD6F06183AFFFE6F032A
:2098E00056BF010F761F02AB2B270006761F02AB2B2700060006B2BDAABDA2BD9B782DA9EB
:2098F00059A98DC00480D0338AA336A81EA6560100A49294520D56C00130A2A907A68AA9C1
:2099000082A99A039B01DC03767E56D0761F02AC9B0296158AA39A02DC09767E56D0761F02
:2099100002AC9B01960C8AA39A03DC0F767E56D0761F02AC9B00960B8AA39A04DC15767E4D
:2099200056D0761F02AC9B0096108AA39A04DC1F767E56D0761F02AC9B00960D8AA39A0154
:20993000DC24767E56D0761F02AC9B0096148AA39A02DC26767E56D0761F02AC9B00961705
:209940008AA39A01DC29767E56D08AA3DC2A520156B000A256B101A29B009A01767E56D0F8
:209950005201ED0492A250025AA98AA39A019B00DC2B767E56D05201ED0492A250045AA9D7
:209960008AA39A019B00DC2C767E56D05201ED0492A250085AA98AA39A019B00DC2D767E2F
:2099700056D05201ED0492A250105AA98AA39A019B00DC2E767E56D05201ED0492A2502067
:209980005AA98AA39A019B00DC2F767E56D05201ED0492A250405AA9DB309A019B008AA3C3
:20999000767E56D05201ED0492A250805AA9761F02AC9A962DA18DC0AE007A1237A9A2A95F
:2099A00007AB86A956BF28C2A2A956BF47CA07AB56BF53D282A9767E38079B02D5008AA36D
:2099B000DC03767E58B6DA05761F02AB56BF20C2922D5201EC04767D80456F029A008AA3AC
:2099C0009B02D500DC06767E58B656BF20DA767E590E9B03D5018AA3DC09767E58B6D00966
:2099D00056BF2092767E0B75761F02F59B0A27A9922000FE691E94AB5278660F767E0B7512
:2099E000761F02F59B0A27A9922000FE691E2DA992AB72AC350A6F0328A904B08AA39B04FC
:2099F000D500DC0F767E58B6D00E56BF2092767E0AA69B04D5008AA3DC14767E58B6D013D6
:209A000056BF2092767E0AA29B04D5008AA3DC19767E58B6D01856BF2092767E41029B01C5
:209A1000D5008AA3DC1E767E58B6D01A56BF2092767E40EA9B02D5008AA3DC20767E58B6CC
:209A2000D01D9B2392A18AA356BF0D92767E6308761F02AB2B2782BE86BE8BBE0006B2BD32
:209A3000AABDA2BDFE029B962DA98DC0AE0037A89641A9A1A2A907A186A956BF28C256BF18
:209A400052CA56BF49D2767E58F42DA9D501357888A9A2A907A18AA982A99B03DC0392A6EA
:209A5000767E58B6D0089A789B02D5018AA356BF2092DC09767E58B6D00D56BF2092767E24
:209A600058F49B02D5008AA3DC0E767E58B6767E0BB9DA109B30761F02AB95A997C2921621
:209A70005201EC08767E0B75523269088D4001F46F0D767E0B7552786607767E0B752DA9F3
:209A8000350A59A96F038D4004B08AA39B03D50192A1DC11767E58B656BF20F2767E0AA604
:209A90009B03D5018AA3DC17767E58B6D00C56BF2092767E0AA29B03D5018AA3DC1D767E4F
:209AA00058B6D012761F02F89B03D5018AA356BF20929200DC23767E58B6D0189A329B03DA
:209AB000D5018AA356BF209294A1DC29767E58B6D01E9B2F56BF0D928AA39241767E6308C5
:209AC000761F02AB2B27FE8282BE86BE8BBE00062DA99A968F40AE0037A9761F02ABA0A9B1
:209AD00007AB8AA956BF28C456BF50CCA0A956BF49D407AB56BF39DC56BF38E456BF0DECC9
:209AE00056BF0116761F02AC8AA99B0692AC56BF010F761F02AB2B27761F02AC56BF081AB2
:209AF000767E630800062DA99A968F40AE0037A9761F02ABA0A907AB8AA956BF28C456BF08
:209B000050CCA0A956BF49D407AB56BF39DC56BF39E456BF0DEC2B16761F02AC8AA99B063A
:209B100092AC56BF010F761F02AB2B27761F02AC56BF081A767E63080006AABD9B962DA9F1
:209B200058A98F00AE00D500BE36D20037A893A2ED1928AC0037761F02AB76C0AB80301D37
:209B30000DA5560100A7A9A92DC70DA5C5A4560100A7DD0193AC21C7530D56B101A2000EE9
:209B4000FFE8761F02ABA8A91C1DFFFF2B3607AB181D00018AA992A093A5767E6308761F7A
:209B500002AB56BF013686BE0006B2BDAABDA2BDFE048F00AB3E58A9809459A993A7EC1BAB
:209B60009A782DA188A7D40037A9DE819A96A9A037A93AA98F4004800DA4560100A5A9A935
:209B70000DA42DC58F40AE00DC01560100A521C5000EFFF1761F02AB9A962DA18F00AE007B
:209B80002B3636A9560100A492A193A7767E6308761F02ABBE782DA18F00048056BF013619
:209B900037A6A8A9D008D10A07AB8AA92DD4350A94DC2DA9350A94E408A9EB3096412DF4EE
:209BA000350A94FC2DA9350A94942D9C08A9EB30D00B5AA9D10D350A949408A9FDF0D00E65
:209BB00096422D9C350AD110949408A9FDF0D01196432D9CD113350A94942D9C08A9FDF0D9
:209BC000D014D1165BA9350A94942D9C08A9FDF0D0175DA9D11D350A949408A9FDF0D0191F
:209BD00080A992949CD0D01B964488942D9CD01E350A9494D01F2DA9350A9494D0202DA9C9
:209BE00031642D94350B94AB08A9DCB01B4101F4DEB0662E1BA201F4662B934453046628E1
:209BF0003B10761F028093412B0E8F00A01B761F02809709761F028093427A0D761F02805B
:209C00007A0C761F028097C4934397CC7BD47DDC7F0A9344761F0280970F761F02807E17A2
:209C1000761F02809607761F02802B042910FE8482BE86BE8BBE0006B2BDAABDA2BD9B9646
:209C20002DA959A98DC0AE0037A8A2A907AB86A956BF28C2A2A956BF41CA07AB56BF44D2FF
:209C300082A956BF44DA56BF52E256BF3DEA767E0ACA8AA3DC06767E5830D0099B0B92A12C
:209C400056BF29928AA3D00A56BF2092767E630882BE86BE8BBE0006761F02F4933D530482
:209C5000EC36761F02AB2B36767DDD419A00767DD8D59A00767DE0209A00767DE021770052
:209C6000761F02F58F406FC02B019A008AA5761F01BFDC051AC400108AA5DC0C1AC4080044
:209C70001A050008761F02F49631761F02F49634761F02F49A01962F761F02F496303B107F
:209C80001AE5004076FF610076206F03767D80B5FF6900060006B2BDAABDA2BDFE048DC087
:209C9000048096418DBF2E008D7F35969A782D4137A9A2A9A94407AB2BAA1EAC9B0092AA48
:209CA000761F02AC541A6804527256B001A827C1ABA483A292AB767D80495200EC2D530001
:209CB000EC1BC44480AB8AA3DF8106A60DA7560100A4560308C496428AA306A60DAB56018D
:209CC00000A4924294C49642ABA492AB767D862E934255A9ED110EAA8F3F337EFF3056011B
:209CD00000A49241C5C43E679241ED11761F02AC2B032B026F0C92AAD901DA0A9C012FA976
:209CE000527368BD9241EC03767D80B5FE8482BE86BE8BBE0006B2BDAABDA2BDFE0C761F67
:209CF00002AC9641921B5201ED04761F02AB0A2292410EA98D80AB488F00AB4088411E463F
:209D000092410EA9FF30560100A2A8A98AC20DA68BA99241767E63BC96C1B244520156C170
:209D1000009A8F00AB3A8841A8A98DC004808F00AB3E0DA61E4AA8A90DA61E4C8A4A2BC476
:209D20008A4C92C45277677292415201ED14767E0BC55200EC07761F02BDD07892155493FB
:209D3000EC48D0785993767E0ACA54A1EC2A92A1521FEC278AC292C4520DEC03520AED1BCD
:209D4000761F02AC921B5202EC16C5468BA306A7FF321EA606A7FF3603A6560100A1921BB2
:209D50005201EC049241767D9C8B9241767D858AB2C26F458A4C02010AC4560100C26F4156
:209D6000761F02AC8F00AB4A8BA302010A3FA848D978560100C4923F8AA1767DEB8E52008C
:209D7000EC30761F02AC8AA1923F767DEBB16F18761F02AC8F00AB4A8BA302010A3FA84831
:209D8000D978560100C4923F8AA1767E53B65200EC18761F02AC8AA1923F767E54AF8A4800
:209D9000761F02ACB2C42B3F6F0C92412D410EA91E469A7837A9A2A907AB1EC28A4C2BC425
:209DA0008AC29241767E63BC8A44520196C456C0FF7788418F00AB3AA8A90DA682A992C3A9
:209DB000520268112BC392418F0004802D410EA91E469A7836A9560100A4A8C258418F00EB
:209DC000AB3E2B94761F02AC921B520256C000C18F00AB3EA8A90DA68BA988C192A656C178
:209DD00000B480418F00AB3CA8A90DA78AA90AC41BC40001FFE900AD2BC492418F00048038
:209DE0005201ED6FD07892945253ED5AD07992949CBDED56D07A93945343ED1AD07B9394CF
:209DF0005341ED16D07C93945343ED12D07D93945331ED0ED07E93945336ED0A93C45323FF
:209E0000ED0793CC5346ED0493D45348EC205200ED37D07A92945243ED33D07B92945241B8
:209E1000ED2FD07C92945243ED2BD07D92945234ED27D07E92945238ED2392C45223ED2004
:209E200092CC5246ED1D92D45248ED1A8D4004808D80AB3E761F02AB9A0156BF0DD956BFE7
:209E300004C22B3693C2767E6308D978761F02AB56BF0136761F02ADB20A2BCA6F49D07962
:209E400092945203ED0ED07C92945245ED0AD07D9294524FED06D07E9294524656B1012051
:209E5000A346A9A9FF321EA7A9A9FF3603A71EA7A8A907A71E449241ED15A8A907A78AA963
:209E600092C45223ED0F92CC5246ED0C92D45248ED0992EC520D56B10DDC56B104A656B1B1
:209E700004C1761F02AB92418A4493A62B36FF5E9001767E6308761F02AB56BF013606446B
:209E80001EC22BC16F0558418F00AB3C2B940AC3FE8C82BE86BE8BBE0006761F02AC9B00AC
:209E9000922A5201ED059202520156B101A8761F02AB9709923F761F02AC940B9B0A761F4B
:209EA00002AB9607761F02AC920C56720000761F02AB961A761F02AC921700FE69AE27A9EC
:209EB0009B0A920100FE69AE93AB55A9670392016F029217761F02AB9615761F02AC92022E
:209EC0005201ED17922AED159209761F02AB9603923F9608761F02AC9208761F02AB9605CE
:209ED000761F02AC9204761F02AB2B17960C6F1D9215761F02AB9603761F02AC920B761FF0
:209EE00002AB9608761F02AC9210761F02AB9605761F02AC920D761F02AB960C761F02AC4C
:209EF000920E761F02AB9617761F02AC9202EC039A006F029212761F02AB9604761F02AC2F
:209F00009202ED0C920D761F02AB9606761F02AC920B761F02AB960D6F05761F02AB2B068B
:209F10002B0D9A00761F02AC1B15012C56B401A91B09012C9616630A520156BF0106ED073E
:209F2000761F02AB56BF010A6F052B06761F02AB2B0A761F02ACBE019302ED39761F02ABA4
:209F300093165301ED17761F02AC4712EE139212931290209110CBA9ED0D9212931290088A
:209F40009104CBA9ED079212931290029101CBA9EC1D761F02AC9312761F02AB9180CB16FE
:209F5000ED16761F02AC9212931290209110CBA9ED0E9212931290089104CBA9ED0892121F
:209F6000931290029101CBA9ED02BE0092A6761F02AC9B00F00196119213520356B101A89F
:209F700097059205CA11ED039A006F029A01767D83310006B2BDAABDA2BDFE02767E0AF657
:209F80005201EC25761F02AC02002B331E361E38767E40EA9B0A00FE69AE2901761F02ACCB
:209F90009631FF208000767E3B18761F02AB2B01767E0AFA520056C100999A00767E0D9071
:209FA0009A069B05767E6770FFEF0090761F02AB92015201ED40767E40EA9B0A00FE69AEEB
:209FB00052039641EC0A761F02AC92315203ED3C761F02AB2B016F3C767E0AEA28AC04B062
:209FC00030A986A9767E0AEE28AC04B0761F02AC30A982A9020156010038767E0AE69CF6B6
:209FD00059A9767E590E93A155A96807A2A9761F02AC0F3868076F09AAA9761F02AC0F38DA
:209FE0006704761F02AB2B012901FF208000767E38216F0A0200761F02AC29011E38FF2015
:209FF0008000767E3B18761F02AB9201ED0D761F02AC92335201ED089A00767E0D909A06A0
:20A000009B05767E6770761F02AB9201761F02AC8F011940963392419631020107361EA66D
:20A010001E36A8A90FA6ED1302001E36767E0AFA1BA908E8670C767E0AFA93A99A0194A856
:20A02000767E0D909A069B05767E6770767E0AF22DA935189C1859A9767E0AFA761F02AB81
:20A0300093A155A956B90101FE8282BE86BE8BBE0006761F02AC9230EC08767E0BC5761F28
:20A0400002AC542EED04000656BF0130761F01DD56BF071056BF0311767E0BC5761F01DD94
:20A05000520056B1021256B14913EC042B1256BF911356BF031456BF2311767E0BC5761F6C
:20A0600002AC962E0006B2BDAABDA2BDFE049A009B78D5008D40AD008AA1767E63D8D9788A
:20A070009A019B78D5008AA1767E63D88F0004808F40AB487680AB3E28A92EE0A8C52BC602
:20A08000DC78A8D52BCE767E06C4767E5E3A767E0F13767E0EA9767E0E57767E0E1A767E82
:20A090000FB2767E0A5E9B3C761F02CE95A99706767E0B615200ED04767E21786F03767EE6
:20A0A0002153767E0ABA761F02AB5416EC06767E0ABA761F02AB96162B349A008F3F7F707A
:20A0B000761F02F41BC4555556B101A99619767E0AA29CFF767E1660767E0B15767E165900
:20A0C000767E4F5E767E4062767E0ABE2DA93B01761F02AB35B5FF113507FF46962A767D0B
:20A0D00083A6767D83BF767D83D4767E54A02B432B422B41D2009A00767E674459A940A1AB
:20A0E00056CC00F2767D83EF767D849D761F02AB56BF0136761F02DF92055206ED11761F4D
:20A0F00001A09204761F02DE7235761F01A59204761F02DE7236761F02DF56BF0705761FE3
:20A1000002F49219ED0C761F02AB9A1E2B25767E38299A019B01767E67706F04761F02AB4F
:20A110002B34761F02AC920FEC05761F02AB923AEC2B761F02AC9202CA1BED26761F02ABC5
:20A12000922752066521520A631F761F02AC920FEC12761F02AB403AEE0B413AEE06423A28
:20A13000EF0C767D84FF6F09767D85296F06767D85536F03767D856F761F02AB9A0056BFFB
:20A140000B27767D858A767E0BC55200EC078F00AE969A019B14767E5683767E0BC55200C2
:20A15000ED35767E0AC65201EC05767E48EC5201ED2D0A42761F02AC924256BF012752142A
:20A16000682A2B42767E48EC5200ED0B767D85A29223ED049241ED056F139222CA41EC0AB2
:20A1700092415203670D5202EC059A01767D85CC6F119A01767D85E6284100016F0C9A0116
:20A18000767D8338284100026F06761F02AC2B422B272B41767D86089A00767D9CEB9A0193
:20A19000767D9CEB761F02AB9227521463020A27922D5201ED0993A29A0194A85AA91BA864
:20A1A000096069032B2DD200761F02AC0A241B24028A66039227ED042B24767D83D40A03AB
:20A1B0001B03028A68042B03767D83BF767D9E8D761F02AC92205201ED090A439243520A3C
:20A1C00069053B1076FF7FF67620761F02AB923D65020B3D767D9F7A767DF9E2767DFAEBD4
:20A1D000767DA03942A1EF14761F02AB8DC06FC056BF643D761F02828AA30A00DC051AC43A
:20A1E0000002767E0EDE767E0E741ADB000243A1EF12761F02AB8DC06FC056BF643D761F22
:20A1F00002828AA30A00DC051AC40002767E0E741ADB000245A156CCFEE0761F02AB8D4071
:20A200006FC056BF643D761F02828AA10A00DC051AC40002767E0DE61AD90002FFEFFECDB5
:20A21000761F02AB962B000600060006B2BDFE088F7F3D625CAD0207DC87767E6940D00015
:20A22000BE1F8F0004808F40B9C0A8A980950DA0D17883A9D8017F9D000EFFF7D000BE05D2
:20A2300080ADA8A9DF870DA08097D17883A9D8017F9D000EFFF7D1008F40074076FF7180AB
:20A24000DC783E67520156B101A192A1FE888BBE0006761F02ED92370006761F02ED923365
:20A250000006B2BDAABDA2BDFE022DA959A880A476BF3B4512A18DFF38EB5CA59C017D4145
:20A2600059A958A106A6D8810DA786A9CDC200019293767E5EFD9A0158A1CDC200025C4135
:20A2700094A0FFD059A99293767E5EFD9A0158A1CDC200045C4194A0FFD159A99293767E72
:20A280005EFD9A0158A1CDC200085C4194A0FFD259A99293767E5EFD9A0158A1CDC20010ED
:20A290005C4194A0FFD359A99293767E5EFD9A0158A1CDC200205C4194A0FFD459A9929387
:20A2A000767E5EFD58A1CDC200405C41FFD59293767E5EFDFE8282BE86BE8BBE0006B2BDE0
:20A2B000AABDA2BDFE0253035BA55AA459A92B41ED04284200646F075302ED039A0A6F0277
:20A2C0009A0196422D42350A93A992A200FE69AE5AA99242EC2E88420EA2F60F1FA65CA99E
:20A2D000934292A200FE69AE5AA992A4ED1092425201EC0D9241ED0B93A19A01D4265DA366
:20A2E00094A859A99A07767DA2516F0B93A19A015DA394A859A99A07767DA2512841000121
:20A2F0009242BE0A0EA9F60F1FA696425200EDD4FE8282BE86BE8BBE0006B2BD767E380B4D
:20A30000761F02EDFF5A923856C100F4A9A9D000EC3D92AB47A9EF05D001761F02EE78044D
:20A310004AA9EF068F00BB8456BF0294D80148A9EE0493AA40A8EF068F00BB8456BF03947C
:20A32000D80145A9EF068F00BB8456BF0494D80193AA41A8EF068F00BB8456BF0694D8019C
:20A3300042A8EF068F00BB8456BF0794D8014FA9EF068F00BB8456BF0B94D80143A8EF06AF
:20A340008F00BB8456BF0894D801761F02F79206EC068F00BB8456BF0594D801761F02EBB6
:20A350004224EF068F00BB8456BF0E94D801761F02AB9209ED56761F02AC9202ED24761F97
:20A3600002AB92165201ED4D761F02AB4504EF068F00BB8456BF5394D8014404EF068F000C
:20A37000BB8456BF5494D8014304EF068F00BB8456BF5594D8014104EF2D8F00BB8456BF93
:20A3800057946F2E761F02AC922AED2B761F02AB92165201ED26761F02AB4504EF068F00BF
:20A39000BB8456BF5394D8014404EF068F00BB8456BF5494D8014304EF068F00BB8456BF99
:20A3A0005594D8014104EF068F00BB8456BF5794D8014004EF068F00BB8456BF5894D80119
:20A3B000761F02BD4129EF314029EF068F00BB8456BF3294D8014329EF068F00BB8456BF8B
:20A3C0003394D8014429EF068F00BB8456BF3494D8014229EF068F00BB8456BF3594D80112
:20A3D000CC29F800EC1292298F00BB8488A0FFCA9C3596949A0194A658A9A8A90DA68AA900
:20A3E00092C4524156B641C492A0EC0F761F02ED8F00BB84543166042B3192C46F04583147
:20A3F0000A31929496306F04761F02ED2B302B389230761F0280960BEC28761F02ED9A18AD
:20A400009B01D40256BF0132767E5EFD9A0B9B01D402767E5EFD761F02EDBE0A0E30D5026C
:20A41000F60F1FA62DA99B01310A92305CAC9EAB59A99A03767DA2AF9A049B01D5025CA1B1
:20A42000767DA2AF9A016F05761F02ED9A002B328BBE0006B2BD767E380B767E2767761F42
:20A4300002F459A9923D5203EC035204ED64761F01BF4301EF60767E380B47A9EE3992A1F1
:20A440005219682952326820524B68129A739B01D400767E5EFD9A749B01D400767E5EFD44
:20A450009A759B01D400767E5EFD9A766F159A739B01D400767E5EFD9A749B01D400767E4C
:20A460005EFD9A756F099A739B01D400767E5EFD9A746F029A739B01D400767E5EFD9A3C0D
:20A470009B01D400767E5EFD9A72D4006F219A709B01D402767E5EFD9A3C9B01D402767E96
:20A480005EFD9A729B01D402767E5EFD9A739B01D402767E5EFD9A749B01D402767E5EFDF7
:20A490009A759B01D402767E5EFD9A76D4029B01767E5EFD8BBE0006B2BDAABD8D7F3D7924
:20A4A0005AC192A2EC0DB2A90DA209018BA992899B01D400767E5EFDDA8192A2EDF986BE79
:20A4B0008BBE0006B2BD767E380B46A956CD00E0761F02BD4129EE08767E162059A9520073
:20A4C0006306D1006F079228FFC759A9526456B264A1767E38075210EC07767E380B45A9DA
:20A4D000EE03D4006F02D4029A449B01767E5EFD767DD8D15202EC09761F02AB9B0A921524
:20A4E00000FE69AE5200EC6A761F02AC922DED66761F02BD4329EE62761F02ED0A3E923E9E
:20A4F0005214662F520F661B520A660C5205FFE900A49A4B9B01D400767E5EFD9A4A9B009B
:20A500006F089A4B9B01D400767E5EFD9A4A9B01D400767E5EFD9A499B006F0D9A4B9B0102
:20A51000D400767E5EFD9A4A9B01D400767E5EFD9A499B01D400767E5EFD9A489B006F12C5
:20A520009A4B9B01D400767E5EFD9A4A9B01D400767E5EFD9A499B01D400767E5EFD9A4850
:20A530009B01D400767E5EFD761F02ED923E5219686392A1521963039A006F0E52326303BD
:20A540009A056F0A524B63039A0A6F06526463039A0F6F029A14963E6F4F761F02ED92A19A
:20A550002B3E5219643552326426524B64139A4B9B01D400767E5EFD9A4A9B01D400767E70
:20A560005EFD9A499B01D400767E5EFD9A489B016F309A4B9B01D400767E5EFD9A4A9B019D
:20A57000D400767E5EFD9A499B01D400767E5EFD9A486F1E9A4B9B01D400767E5EFD9A4A0F
:20A580009B01D400767E5EFD9A499B006FEF767E38075210EC049A4B9B016F039A4B9B0028
:20A59000D400767E5EFD9A4A9B006FEC9A449B00D400767E5EFD8BBE0006761F02ED922D80
:20A5A000761F02EC963D761F02ED922C761F02EC963A761F02ED92359600922E960B9229B3
:20A5B000761F02EC963E761F02ED9328761F02EC9734761F02ED932B761F02EC9735761F81
:20A5C00002ED9316761F02EC9733761F02ED9315761F02EC9738761F02ED9318761F02EC66
:20A5D0009736761F02ED88147E1088137E0E881E7E03881D7E04882A7E02881F7E07881283
:20A5E0007E0F881A7E08881993177E05881C970C931197097E06761F02EC8808761F02ED32
:20A5F0007E01761F02EC8807761F02ED7E0D761F02EC880A761F02ED7E0A761F02EC88245B
:20A600007E3788277E3988267E32882E53037E3FED022B209320973B931F761F02ED972547
:20A61000761F02EC9322761F02ED9726761F02EC9321761F02ED9723761F02EC9323761F6E
:20A6200002ED97225200EC035203ED039A006F04761F02EC9217761F02EC962A9219961619
:20A63000921C96189211961292139614922AED042B152B1B0006921B96150006761F02ECFA
:20A640001A2B00012B0056BF64020006761F02EC1A2B00202B032B0F2B0456BFC802767EB6
:20A650000A5E761F02ED961B767E0ADE761F02ED9621767E0ADA761F02EC961E961D767E80
:20A660000AFE761F02EC962C961A0006761F02ED96370006761F02ED96330006B2BD761F29
:20A6700002EC1A2B00032B032B012B0D56BFC802182BFFFE767E0B5D761F02EC963D761F9C
:20A6800002ED962D767E0B75BE0A761F02EC0EA9F60F1FA69CFF963A761F02ED962C767E23
:20A690000B69761F02ED96009635767E0B4D761F02ED960B962E767E0BB9761F02EC963E0D
:20A6A000761F02ED9629767E0BAD761F02EC9634761F02ED9628767E0A921BA9FFFFEC21BD
:20A6B000767E0A9252146915767E0A92523C6909767E0A92BE1E0EA9F60F1FA69C036F1279
:20A6C000767E0A92BE140EA9F60F1FA69C026F0A767E0A92BE0A0EA9F60F1FA69C016F0299
:20A6D0009A00761F02EC9635761F02ED962B767E0B55761F02EC9633761F02ED9616767E79
:20A6E0000B51761F02EC9638761F02ED9615767E0ABEBE6408A9FBE6761F02EC0EA9F60FCF
:20A6F0001FA69636761F02ED9618767E0B61761F02ED960C9617767E0BA9761F02ED960989
:20A700009611767E0BB5761F02ED960F9612767E0BC1761F02ED96109614767E0B7D761F68
:20A7100002ED960E9613767E0B59761F02ED9603961E767E0B1559A9767E58F45204EC39F3
:20A72000767E58F45202EC1A92A1526E56C100855271EC7D5273EC765276EC6F5278EC685C
:20A73000527BEC61527DEC5A5280EC535282EC4C5285EC455287EC3E6F6F92A152DCEC6C1B
:20A7400052E1EC6552E6EC5E52EBEC5752F0EC5052F5EC4952FAEC4252FFEC3B1BA10104C6
:20A75000EC331BA10109EC2B1BA1010EEC236F4A1BA101B8EC511BA101C2EC491BA101CC6B
:20A76000EC411BA101D6EC391BA101E0EC311BA101EAEC291BA101F4EC211BA101FEEC1900
:20A770001BA10208EC111BA10212EC091BA1021CED33761F02ED56BF0A046F31761F02ED7C
:20A7800056BF09046F2C761F02ED56BF08046F27761F02ED56BF07046F22761F02ED56BFF3
:20A7900006046F1D761F02ED56BF05046F18761F02ED56BF04046F13761F02ED56BF030427
:20A7A0006F0E761F02ED56BF02046F09761F02ED56BF01046F04761F02ED2B049204961DF8
:20A7B000767E0B99761F02ED9602962A767E0BA5761F02ED9607961F767E58F45204EC28F1
:20A7C000767E58F45202EC11767E0AA6761F02ED9C889608767E0AA2761F02ED9C8896051B
:20A7D000767E0B029C976F26767E0AA69BFA761F02ED9EA89608767E0AA29BFA761F02ED46
:20A7E0009EA89605767E0B029BD29EA86F13767E0AA6761F02ED08A9FE209608767E0AA20D
:20A7F000761F02ED08A9FE209605767E0B0208A9FE5C761F02EC9637761F02ED9208961A31
:20A8000092059619761F02EC92379624767E0A82761F02ED9606961C767E0B71BE0A761FCD
:20A8100002ED0EA9F60F1FA69CFF9601761F02EC9608767E0B795202EC09BE0A0EA9761F90
:20A8200002EDF60F1FA6960D6F05761F02ED56BF0A0D920D761F02EC9607767E0BC5761F80
:20A8300002ED960A761F02EC960A767E0B315200EC6C767E58F45204EC62767E58F4520204
:20A84000EC52767E0B315200EC605278EC47527BEC40527DEC395280EC325282EC2B528550
:20A85000EC245287EC1D528AEC16528CEC0F528FEC085291ED4A761F02EC56BF0B396F48BD
:20A86000761F02EC56BF0A396F43761F02EC56BF09396F3E761F02EC56BF08396F39761FAE
:20A8700002EC56BF07396F34761F02EC56BF06396F2F761F02EC56BF05396F2A761F02EC7B
:20A8800056BF04396F25761F02EC56BF03396F20761F02EC56BF02396F1B761F02EC56BF7A
:20A8900001396F16767E0B319BEBBE059EA80EA9761F02ECF60F1FA696396F0A767E0B31AE
:20A8A000BE0A08A9FE2A6FF4761F02EC2B3992399627767E0B29761F02EC96329626767E02
:20A8B0000B2D761F02EC963F962E767E0AB6761F02EC963B9620767E0B25761F02ED962513
:20A8C000761F02EC961F767E58F45204EC13767E58F45202EC09767E0B212DA9350D08A939
:20A8D000FA7AFFC46F0F767E0B219BDCBE059EA86F06767E0B21BE0A08A9FE480EA9F60F03
:20A8E0001FA6761F02ED9626761F02EC9622767E0B1D5201EC2B5203EC245207EC1D520F6A
:20A8F000EC16521EEC0F523CEC08525AED0B761F02ED56BF06236F1D761F02ED56BF0523A6
:20A900006F18761F02ED56BF04236F13761F02ED56BF03236F0E761F02ED56BF02236F09FC
:20A91000761F02ED56BF01236F04761F02ED2B239223761F02EC9621767E0B19761F02ED9A
:20A92000520056B10322EC07767E0B19761F02ED9CFF96229222761F02EC9623923EEC0308
:20A930005203ED039A006F03767E0AF6761F02EC962A9617767E0AE6761F02EC9616961910
:20A94000767E0AEA761F02EC9618961C767E0AEE761F02EC96129611767E0AF2761F02ECFB
:20A9500096149613761F02AB9201761F02EC9615961B8BBE0006761F02AA923E521056C107
:20A9600000B3524056C100AD5208EC205204EC1E5202EC0F767DA24D520156C000A79A002D
:20A97000767DA66A761F02EC56BF0500FFEF009E761F02EC2B02182BFFFE761F02ED2B3AC2
:20A98000761F02EC2B00FFEF0091761F02EC56BF64025208761F02ED283A0258EC40761F31
:20A9900002EC920056B10C0092009CFF52049600ED12761F02AC92025201ED0D761F02AC95
:20A9A000922A5201ED08767E0AC65200ED04761F02EC0B00761F02EC92005203ED12761F00
:20A9B00002AC92025201ED0D761F02AC922A5201ED08767E0AC65200ED04761F02EC0B001C
:20A9C000761F02EC9200520BED50761F02AC92025201ED4B761F02EC0B006F47761F02EC9F
:20A9D0000A009200520BED09761F02AC92025201ED04761F02EC0A00761F02EC9200520366
:20A9E000ED12761F02AC92025201ED0D761F02AC922A5201ED08767E0AC65200ED04761F51
:20A9F00002EC0A00761F02EC92005204ED12761F02AC92025201ED0D761F02AC922A52016F
:20AA0000ED08767E0AC65200ED04761F02EC0A00761F02EC9200520C6808FFEFFF73767D77
:20AA1000A6466F03767DA66E761F02AA2B3E00069A079B01D41ED500767DA2519A079B02E9
:20AA2000D402D500767DA251761F02AB28A803E8921700FE69AED5009B035CA99A05767DC0
:20AA3000A2AF00069A079B00D41FD500767DA2519A079B01D40ED500767DA2519A079B02AD
:20AA4000D41BD500767DA2519A059B03D470D500767DA2AF0006B2BD767E590E59A91BA124
:20AA500003E7660B520A68079A5B9B01D400767E5EFD6F08D1006F06BE0A0EA1F60F1FA60E
:20AA600059A99A009B03D5005CA1767DA2AF9A019B01D400767E5EFD9A539B01D400767EDB
:20AA70005EFD8BBE0006761F02AC9A059B03D5005C2D767DA2AF9A359B01D400767E5EFD6C
:20AA80009A399B01D400767E5EFD0006B2BD761F02F4923D5203ED0A761F02F79203520193
:20AA9000ED05767E0B4D5201EC26767E275759A9520064211BA12710630F1BA103E8641C2C
:20AAA0009B0A00FE691E59A99B01D4009A37767E5EFD9A236F0B9B6400FE691E59A99B0181
:20AAB000D4009A37767E5EFD9A2B9B01D400767E5EFD6F02D1009A059B03D5005CA1767DCA
:20AAC000A2AF9A369B01D400767E5EFD9A389B01D400767E5EFD8BBE0006B2BD761F02F4BC
:20AAD000923D5203ED0C761F02F792035201ED07767E0B4D520156B100A1EC30767E27570A
:20AAE00059A9767E276393A155A96404767E27576F03767E276359A91BA1270F66101BA1B4
:20AAF00003E7691CBE0A0EA1D400F60F1FA659A99B019A37767E5EFD9A236F0CBE640EA1FB
:20AB0000D400F60F1FA659A99B019A37767E5EFD9A2B9B01D400767E5EFD9A059B03D50043
:20AB10005CA1767DA2AF9A369B01D400767E5EFD9A399B01D400767E5EFD9A339B01D40086
:20AB2000767E5EFD8BBE0006761F02F4923D5203ED0C761F02F792035201ED07767E0B4D19
:20AB3000520156B100A4EC04767E27675CA99A059B03D500767DA2AF9A369B01D400767E06
:20AB40005EFD9A3A9B01D400767E5EFD0006B2BD761F02F4923D5203EC105205EC05520449
:20AB5000EC035206ED21761F01BF4401EF1D4301EF1B767E4CC46F0C761F02F792035201A7
:20AB6000ED05767E0B4D5201EC0F767E3D6B9B05BE0A95A90EA8F60F1FA659A91BA103E7DF
:20AB70006605520A6708D1006F0DBE0A0EA1F60F1FA659A95200EC069A2B9B01D400767E92
:20AB80005EFD9A059B03D5005CA1767DA2AF9A3B9B01D400767E5EFD9A349B01D400767E41
:20AB90005EFD8BBE0006761F02F4923D5203EC0F5205D400EC055204EC035206ED1C761FFA
:20ABA00001BF4401EF184301EE0D6F15761F02F792035201ED07767E0B4D520156B100A412
:20ABB000EC0A767E3D1F9B05BE0A95A90EA8F60F1FA65CA99A059B03D500767DA2AF9A34F0
:20ABC0009B01D400767E5EFD9A339B01D400767E5EFD0006B2BD761F02AB59051BA1270F23
:20ABD00066101BA103E7691CBE0A0EA1D400F60F1FA659A99B019A03767E5EFD9A636F0CAD
:20ABE000BE640EA1D400F60F1FA659A99B019A03767E5EFD9A5B9B01D400767E5EFD9A000E
:20ABF0009B03D5005CA1767DA2AF9A049B01D400767E5EFD9A029B01D400767E5EFD8BBE90
:20AC00000006761F02AB92395201EC05761F02F55C1F6F04767E40FE5CA99A009B03D5001F
:20AC1000767DA2AF9A019B01D400767E5EFD9A059B01D400767E5EFD0006761F02AB9B0A3B
:20AC2000920300FE691E9B03D5005CA99A00767DA2AF9A029B01D400767E5EFD9A539B01C0
:20AC3000D400767E5EFD0006B2BD767E4CC4BE0A0EA9F60F1FA659A91BA103E7660B520AAA
:20AC400068079A5B9B01D400767E5EFD6F08D1006F06BE0A0EA1F60F1FA659A99A009B0399
:20AC5000D5005CA1767DA2AF9A009B01D400767E5EFD9A079B01D400767E5EFD8BBE0006C6
:20AC6000767E4CB89B05BE0A95A90EA8F60F1FA65CA9520A68071BA403E769058F0003E756
:20AC70006F02D4009A009B03D500767DA2AF9A009B01D400767E5EFD9A539B01D400767E84
:20AC80005EFD0006767DA49C767DA95B761F02EC9200EC475201EC425203EC3D5205EC3867
:20AC90005204EC335202EC2E5206EC275207EC205208EC195209EC12520DEC0B520AEC0695
:20ACA000520BED33767DAA180006767DAA320006767DAA4B767DAA730006767DAA4B767DAE
:20ACB000AA860006767DAA4B767DAACD0006767DAA4B767DAB240006767DAA4B767DAB4779
:20ACC0000006767DAA4B6F0F767DABCA6F0C767DAC016F09767DAC1D6F06767DAC346F0397
:20ACD000767DAC60767DAB930006B2BD767E0A5E761F02ED541B56B100A1EC05921B767E36
:20ACE0000C54D101767E0ADE761F02ED542156B001A1767E0ADA761F02EC541EEC05921E37
:20ACF000767E0D70D101767E0AFE761F02EC542CED0592A15201EC056F08922C767E0D94CF
:20AD00009A069B02767E67708BBE0006B2BDAABDA2BD767E0B69761F02ED540056B100A1BF
:20AD1000EC079200767E0CB0767E4E36D101767E0BA9761F02ED5409EC059209767E0CF897
:20AD2000D101767E0B5D761F02EC543DEC05923D767E0CA0D101761F02EC923A521456B7DD
:20AD3000133A2D3A350A9C0A5AA9767E0B7554A2EC0792A2767E0CBC767D856FD101767E6D
:20AD40000B4D761F02ED540BEC05920B767E0C90D101767E0B55761F02EC5433EC059233B4
:20AD5000767E0C98D101767E0B51761F02EC5438EC059238767E0C94D101761F02EC2D3613
:20AD6000356408A9044C5AA91BA20514ED038D8004F6767E0ABE54A2EC241BA204B0EC0743
:20AD70001BA2044CEC041BA204F6ED1B92A2767E0D54767E0ABE9BC8761F02FA95A9973EBB
:20AD8000761F02FA283D0384767E0ABE2DA9D1013B01761F02AB35B5FF113507FF46962A19
:20AD9000767E0B61761F02ED540CEC10920C767E0CA8761F02ED920CED0428A946506F0331
:20ADA00028A93A98767E3E4DD101767E0BB5761F02ED540FEC05920F767E0D08D101767EA3
:20ADB0000BC1761F02ED5410EC059210767E0D34D101767E0B7D761F02ED540EEC05920E42
:20ADC000767E0CC4D101767E0B59761F02ED5403EC059203767E0C9CD101767E0B99761F89
:20ADD00002ED5402EC059202767E0CE8D101767E0BA5761F02ED5407EC059207767E0CF4DE
:20ADE000D101767E58F45204EC50767E58F45202EC25761F02ED920456B16EA2520156B17F
:20ADF00071A2520256B173A2520356B176A2520456B178A2520556B17BA2520656B17DA2DC
:20AE0000520756B180A2520856B182A2520956B185A2520A56B187A26F56761F02ED920437
:20AE100056B1DCA2520156B1E1A2520256B1E6A2520356B1EBA2520456B1F0A2520556B1A7
:20AE2000F5A2520656B1FAA2520756B1FFA25208ED038D8001045209ED038D800109520A65
:20AE3000ED328D80010E6F2F761F02ED9204ED038D8001B85201ED038D8001C25202ED0302
:20AE40008D8001CC5203ED038D8001D65204ED038D8001E05205ED038D8001EA5206ED0334
:20AE50008D8001F45207ED038D8001FE5208ED038D8002085209ED038D800212520AED0372
:20AE60008D80021C767E0B1554A2EC0992A2767E0DA8767E0B15767E1659D101767E58F442
:20AE70005202EC07767E58F42DA935785AA96F02D2FA767E0AA6761F02ED9EA25408EC08C0
:20AE8000920894A2767E0D30767D856FD101767E0AA2761F02ED9EA25405EC08920594A27A
:20AE9000767E0D2C767D856FD101767E0AA65BA9767E0AA293A355A9670E767E0AA2767E37
:20AEA0000D30767E0AA6761F02ED9EA29608767D856FD101767E58F42DA9761F02EC35695F
:20AEB00093A9923794A85AA9767E0B0254A2EC0592A2767E0D98D101767E0BB95203ED05B8
:20AEC000767E0AA6767E0D2C767E58F4767E0BB9761F02EC543EEC75923E767E0D0C767E62
:20AED0000BB95201EC49767E0BB95200EC26767E0BB95203ED63767E58F42DA9359059A9C0
:20AEE000767E0D3092A1767E0D2C767E58F42DA93578767E0D98767E58F42DA9357D767EA9
:20AEF0000DA8767E0B15767E1659767E58F42DA9358C767E0D206F42767E58F42DA9359092
:20AF0000767E0D30767E58F42DA93588767E0D2C767E58F42DA93569767E0D98767E58F473
:20AF10002DA93573767E0DA8767E0B15767E1659767E58F46F1F767E58F42DA93592767EE4
:20AF20000D30767E58F42DA9358A767E0D2C767E58F42DA93569767E0D98767E58F42DA96F
:20AF30003573767E0DA8767E0B15767E1659767E58F42DA93587767E0D20767D856FD1018D
:20AF4000767E0BAD761F02EC5434EC059234767E0CFCD101761F02EC9235EC1252036605AD
:20AF50002D35350A9CF66F0A520566052D3535149CD86F042D35351E9CA65AA96F038D8068
:20AF6000FFFF767E0A9254A2EC0592A2767E0D00D101767E0A82761F02ED5406EC0592066E
:20AF7000767E0CA4D101761F02ED920D520956B7080D2D0D350A5AA9767E0B7954A2EC05D0
:20AF800092A2767E0CC0D101767E0BC5761F02ED540AEC05920A767E0D38D101761F02EC2A
:20AF90009239EC4D767E58F45204EC3F767E58F45202EC30761F02EC92395201EC29520222
:20AFA000EC255203EC215204EC1D5205EC195206EC155207EC115208EC0D5209EC09520AB5
:20AFB000EC05520BED2CD2916F2BD28F6F29D28C6F27D28A6F25D2876F23D2856F21D2821A
:20AFC0006F1FD2806F1DD27D6F1BD27B6F19D2786F17761F02EC9239520C67112D399AEB78
:20AFD000310594AB5AA96F0C761F02EC9239520C67062D39350A08A901D66FF5D200767EFE
:20AFE0000B3154A2EC0592A2767E0D20D101767E0B29761F02EC5432EC059232767E0C70B1
:20AFF000D101767E0B2D761F02EC543FEC05923F767E0C78D101767E0AF6761F02EC542A2C
:20B00000EC05922A767E0D8CD101767E0AE6761F02EC5416EC059216767E0D7CD101767E77
:20B010000AEA761F02EC5418EC059218767E0D80D101767E0AEE761F02EC5412EC059212E5
:20B02000767E0D84D101767E0AF2761F02EC5414EC059214767E0D88D101761F02AB920117
:20B03000761F02EC5415EC059215761F02AB9601767E0AB6761F02EC543BEC05923B767E2B
:20B040000D4CD101767E0B25761F02ED5425EC059225767E0DB8D101767E58F45204EC648B
:20B05000767E58F45202EC2F761F02ED9226EC295201EC255202EC215203EC1D5204EC1962
:20B060005205EC155206EC115207EC0D5208EC095209EC05520AED0DD2876F7ED2856F7C58
:20B07000D2826F7AD2806F78D27D6F76D27B6F74D2786F72D2766F70D2736F6ED2716F6C54
:20B08000D26E6F6A761F02ED9226EC2C5201EC285202EC245203EC205204EC1C5205EC185E
:20B090005206EC145207EC105208EC0B5209EC06520AED108D80010E6F4F8D8001096F4C50
:20B0A0008D8001046F49D2FF6F47D2FA6F45D2F56F43D2F06F41D2EB6F3FD2E66F3DD2E152
:20B0B0006F3BD2DC6F39761F02ED9226EC335201EC2E5202EC295203EC245204EC1F520532
:20B0C000EC1A5206EC155207EC105208EC0B5209EC06520AED138D80021C6F1E8D800212E9
:20B0D0006F1B8D8002086F188D8001FE6F158D8001F46F128D8001EA6F0F8D8001E06F0C46
:20B0E0008D8001D66F098D8001CC6F068D8001C26F038D8001B8767E0B2154A2EC0592A262
:20B0F000767E0DB4D101761F02ED9223EC195201EC155202EC115203EC0D5204EC095205E6
:20B10000EC055206ED05D25A6F0CD23C6F0AD21E6F08D20F6F06D2076F04D2036F02D201A4
:20B11000767E0B1D54A2EC0592A2767E0DB0D101767E0BB9767E0B11767E0B02767E0B029B
:20B120005AA9767E0B2193A255A96906767E0B02767E0DB4D101761F02ED5A22767E0B19AA
:20B13000DA0154A2ED0592A15201EC056F1092A2767E0DAC9A069B03767E6770761F02EDD8
:20B1400056BF012F761F02DE56BF013882BE86BE8BBE0006761F02EC452B56CC0123920F3A
:20B15000ED68761F02AA923E5208EC3B5202EC25520156C00117761F02EC0A3C761F02EDC5
:20B160002B24761F02EC923C5202FFE9010B2B3C761F02EE8F00BB812D01350A761F02ED3F
:20B1700094CC2DA9350A94D49627761F02EC527B56B1010FFFEF00F6761F02ED2B24761F72
:20B1800002EC8F00BB812B02182BFFDF2B032B042B0F2BC42BCC2BD4767DACD5FFEF00E2E8
:20B19000761F02ED0A249224520A68022B24761F02EC923CEC165201EC0C520256C000CA50
:20B1A000761F02ED9224761F02EE9603FFEF00C2761F02ED9224761F02EE9602FFEF00BA88
:20B1B000761F02ED9224761F02EE9601FFEF00B2520156C10082761F02AA923E5208EC4204
:20B1C000520456C100AB5201EC0D520256C000AA761F02EC2B0656BF010456BF010FFFEF16
:20B1D000008A761F02EC92045201EC29920356BF01055201EC1C5202EC0F5203EC0752045C
:20B1E00056C0008C921A962C6F03921D961E56BF0304FFEF008356BF0206767E0ADE1BA920
:20B1F000060C697B767E0ADE9CFE6F30761F02ED1B1BFED965359A05741B6F3256BF02041F
:20B200006F6C761F02EC92032B055201EC225202EC115203EC095204ED600A1A921A520347
:20B21000695C2B1A6F5A0A1D921D520569562B1D6F5456BF0206767E0ADE1BA909DC674DFE
:20B22000767E0ADE93A99A0294A8767E0D746F45761F02ED1B1B01276303081B0005761FF0
:20B2300002EC56BF0506761F02ED921B761F02CE9C3C96066F32761F02AA923E5208EC22CC
:20B24000520256C1FF3E5201ED2C761F02EC92045202EC279203EC085205EC2356BF020450
:20B2500056BF020F6F192B02182BFFDF2B032B042B0F767DACD58F00BB812BC42BCC2BD427
:20B260006F10761F02EC0A039203520556B70103761F02EC2B042B06761F02EC56BFC8027D
:20B27000761F02AA2B3E0006B2BD761F02EC412B56CC03D59201ED69761F02AA923E520862
:20B28000EC425204EC225202EC14520156C003C7761F02EC920D520256C103C19203EC09BA
:20B29000521D56C103BC56BF010156BF010D6F25761F02EC2B02182BFFFD2B032B0D2B010A
:20B2A000767DAD06FFEF03AB761F02EC9203520169030B036F0356BF1303767E0AAA5202CE
:20B2B000EC07761F02EC92035213ED020B03761F02EC1A2B00012B0D28106C4856BFC80245
:20B2C000FFEF038D761F02EC0A03767E0AAA5202EC07761F02EC92035213ED020A03761F63
:20B2D00002ED9225EC0B761F02EC92035216EC055217EC035218ED020A03761F02EC92037A
:20B2E000521456B701036FD8920D520156C00367761F02AA923E5208EC245204EC195220D6
:20B2F000EC155201EC0B520256C00359761F02EC28106C4856BF020D6FA3761F02EC56BFF0
:20B30000020D2B01767DA59D6FBA5204ED14761F02EC9210EC100B10761F02ED2B3D6F0B9B
:20B31000761F02EC1B10D89067060A10761F02ED56BF013D761F02EC920356BFC802520F51
:20B3200056C10325520956C10319520356C1030F521C56C102FB520456C102F1521A56C15D
:20B3300002E5521B56C102D9522656C102CF522756C102C5520156C102AF520256C102A5D3
:20B34000521D56C1030C520556C10233521056C10226521156C1021B520856C10209520CA3
:20B3500056C101FE520D56C101F1520E56C101E6521E56C101DB520B56C101D0521F56C1D1
:20B3600001C5521956C101BA520656C10178520756C10143520A56C10110522056C1010020
:20B37000522156C100C6522256C100B0522356C1009A522456C100875225EC795213EC6863
:20B380005212EC385215EC2C5216EC1E5217EC10521856C002C49210761F02ED9B0C942206
:20B3900000FE69AE761F02EC9623FFEF02B89210761F02ED9B07942300FE69AE761F02EC8D
:20B3A0009621FFEF02AC9210761F02ED9B0B942600FE69AE761F02EC9622FFEF02A0921032
:20B3B000761F02ED7025761F02EC9001961FFFEF0296767DD88A5200ED25761F02EC921037
:20B3C0009B07761F02ED940600FE69AE961C761F02E4933E530856C102825201EC09520406
:20B3D00056C0027D761F02ED2B1CFFEF01C3761F02ED56BF051C761F02EC08100004FFEF04
:20B3E000026E761F02ED9206961CFFEF02689210703B90019620761F02ED9211520356C091
:20B3F000025E761F02EC2B20FFEF0259922A5201ED059210701590016F029215961BFFEF56
:20B40000024E9210941408A993B8525A6206520063060A109A006F030B109A5A9613FFEFFB
:20B41000023E2D103505941208A9E2981BA903846206520563070A109A056F040B1028A908
:20B4200003849611FFEF022B2D103505941808A9E2981BA903846206520563070A109A0548
:20B430006F040B1028A90384961CFFEF02189210941608A993B859A9767E58F45204EC1C74
:20B44000767E58F45202EC0D92A152A06208527D6321D17D761F02EC0A106F1CD1A06F1710
:20B450001BA1013C630692A152FA6314D1FA6FF38D40013B6F0C1BA1026262071BA101E0AD
:20B4600063098D4001E06FE78D400262761F02EC0B10761F02EC7919FFEF01E1923E520284
:20B47000EC035201ED059210702A90016F029A009617FFEF01D4923E5202EC035203ED28C3
:20B480009210943708A993B859A96416767E58F45204ED0492A15264620F767E58F4520252
:20B49000ED0492A152326208767E58F45201ED0B92A1521A640828A96C48761F02ECD1001B
:20B4A0009E379610761F02EC7924FFEF01A892379624FFEF01A4923E5202ED2C9210761FD0
:20B4B00002ED940508A993B859A96416767E58F45204ED0492A15278620F767E58F45202F3
:20B4C000ED0492A152326208767E58F45201ED0D92A1521E650A28A96C48761F02EDD100E1
:20B4D0009E05761F02EC9610761F02ED7919FFEF0176761F02ED92056F3D923E5202EC033B
:20B4E0005203ED2B9210761F02ED940808A993B859A96416767E58F45204ED0492A1527821
:20B4F000620F767E58F45202ED0492A152326208767E58F45201ED0D92A1521E650A28A9B5
:20B500006C48761F02EDD1009E08761F02EC9610761F02ED791A6F05761F02ED9208961AFA
:20B51000761F02EC923E520356C00139761F02ED921A9619FFEF01339210761F02ED700785
:20B520009001961FFFEF012B9210761F02ED70029001962AFFEF01239210761F02ED700317
:20B530009001961EFFEF011B9210761F02ED700E90019613FFEF01139210761F02ED701026
:20B5400090019614FFEF010B9210761F02ED700A761F02EC9001960AFFEF01019210761F3B
:20B5500002ED700F90019612FFEF00F99210761F02ED94099003961156C000F156BF011122
:20B56000761F02EC0A10FFEF00EA92109B0C943900FE69AE9627FFEF00E29210761F02ED78
:20B570009B0B940400FE69AE961DFFEF00D89210761F02ED9B09940D00FE69AE761F02ECEC
:20B580009607761F02ED933DED36761F02F99304535056C100C45346EC24533CEC19533230
:20B59000EC0E5205FFE800BB761F02EC56BF04079A04761F02EC7410FFEF00B15206FFE882
:20B5A00000AE761F02EC9A0356BF05076FF35207FFE800A5761F02EC9A0256BF06076FEABB
:20B5B0005208FFE8009C761F02EC56BF07070B10FFEF0095761F02F99304535056C1008FEA
:20B5C0005346EC1B533CEC125332EC095205FFE80086761F02EC081000046F145206687EA0
:20B5D000761F02EC081000036F0D52076877761F02EC081000026F0652086870761F02EC42
:20B5E0000A102B076F6B9210761F02ED700C900196176F64767DD88A5200ED0C761F02EC4F
:20B5F0009B039210943600FE69AE761F02ED96186F55761F02EC92366FF992107038761F94
:20B6000002ED900196156F4A92107033761F02ED900196166F4392109B0C943500FE69AE67
:20B61000761F02ED962B6F3A92109B03943400FE69AE761F02ED96286F319210943E761F24
:20B6200002ED900396296F2A761F02ED9206EC039A026F0A761F02EC92109B03761F02EDC9
:20B63000940B00FE69AE962E6F199210761F02ED7000900196356F1292109B14943A00FE6A
:20B6400069AE761F02ED962C6F0992109B03943D00FE69AE761F02ED962D761F02AA2B3EFE
:20B650008BBE0006B2BDAABD5AA4522659A85CA967069A079B035DA2767DA25192A15226FD
:20B6600067079A079B045CA15DA2767DA25186BE8BBE0006B2BDAABD767E380759A952004A
:20B67000EC209A199B01D400767E5EFD9A0B9B01D400767E5EFDBE0A0EA1D500F60F1FA6C2
:20B680005AA99B019A035CA2767DA2AF92A12DA29B01D500310A9EAB5CA99A04767DA2AF4E
:20B6900086BE8BBE0006761F02F4923D5206ED06761F02ED9239520A6861761F02F4923D94
:20B6A000EC0A761F02ED9239520A6705767DA2FD5200ED56767E0A825201EC2E767E0A82E9
:20B6B0005202EC22767E0A825203EC16767E0A825204EC0A767E0A825205EC16767E0A821C
:20B6C0005206EC0A6F3D9A0B9B01D400767E5EFD9A199B036F2F9A0B9B01D400767E5EFDB9
:20B6D0009A199B026F279A0B9B01D400767E5EFD9A199B016F1F761F02DF921C5202EC13BC
:20B6E0005201EC099A0B9B01D400767E5EFD9A179B0E6F109A0B9B01D400767E5EFD9A1CAB
:20B6F0009B156F089A0B9B01D400767E5EFD9A119B1CD400767DB6526F03767DB66A761F64
:20B7000002ED0A39767E0A825200ED06761F02ED9239520AEC0A767E0A825200EC09761F35
:20B7100002ED92395214ED042B3956BF013800069A079B01D41ED502767DA2519A079B0226
:20B72000D401D502767DA2519A039B01D400D502767DA2AF9A049B01D401D502767DA2AF25
:20B730009A059B02D40CD502767DA2AF0006761F02F4923D5204620C5204EC375200EC0DDA
:20B740005202EC0B520356C10094FFEF00AC5205EC0D520656C000A7761F01BF440156CCE3
:20B7500000A24301EE0CFFEF009E767D80645200EC069A409B01D402767E5EFD9A3E9B0143
:20B76000D400767E5EFD9A429B01D400767E5EFD9A729B01D400767E5EFD9A3C9B01D400FA
:20B77000767E5EFD9A3D6F7A9A3E9B01D400767E5EFD767DD8D15202ED05761F02BD432971
:20B78000EF35767D80645200EC45767DA2495201EC1E767DD8D15209EC0D9A409B01D402B4
:20B79000767E5EFD9A469B01D400767E5EFDD4006F0C9A409B01D402767E5EFD9A469B0145
:20B7A000D402767E5EFDD4029A436F219A00767DA6669B01D4009A40767E5EFD9A469B0173
:20B7B000D400767E5EFD9A436F119A409B01D400767E5EFD9A469B01D400767E5EFD9A43E4
:20B7C0009B01D400767E5EFD9A4CD4009B01767E5EFD761F01BF4301EE099A429B00D4002A
:20B7D000767E5EFD9A3D9B006F1A9A426F98767D80645200ED089A469B01D400767E5EFD6F
:20B7E000D4006F079A469B01D400767E5EFDD4029A409B01767E5EFD9A419B01D400767E86
:20B7F0005EFD767E4CB81BA90258690C767E4D155201EC03D4006F02D4029A3E9B01767E38
:20B800005EFD761F02AB9B0A921500FE69AE5200EC339215520AEC30767E380B46A9EE2C5A
:20B810009A4E9B01D400767E5EFD9A459B01D400767E5EFD9A4F9B01D400767E5EFD767E37
:20B8200048EC5200ED03D4006F02D4029A4D9B01767E5EFD761F02F4923D5203ED0A9A471E
:20B830009B01D400767E5EFD761F02AC922DED0D9A4CD4006F07767E48EC5200EC069A4DBA
:20B84000D4029B01767E5EFD761F02AB920AED069A4F9B01D400767E5EFD767E0BB55201A7
:20B85000EC049A3F9B016F039A3F9B00D400767E5EFD761F02F4923D5201EC115206ED0972
:20B86000761F02AB92345201ED04767DB7186F07767DB693767DA42A767DA4B2761F02F473
:20B87000923D5206EC10761F02ED92325201EC0B761F02E4923D5201ED069A0B9B01D4005E
:20B88000767E5EFD761F02BD4129EF069A689B01D400767E5EFD0006767E5EF1767E6050F8
:20B89000761F02EC0B300006B2BDAABDA2BDFE0282A497415AC359A992A2EC11DB0192C320
:20B8A0005226660A93A19A015C835D4194A859A99A07767DA251DA8192A2EDF2FE8282BE61
:20B8B00086BE8BBE0006B2BDAABD767DB14A761F02EC452B56CC00BF920FED3F9A008F3F18
:20B8C0003D699B00767DB894761F02EC923CEC205201EC14520256C000AE8D40BB819A0776
:20B8D0009B05D5005CC1767DA2519A079B06D5005CC9767DA251D5026F1A8D40BB819A07B4
:20B8E0009B05D5005CC1767DA251D5026F0A8D40BB819A079B05D5025CC1767DA251D50087
:20B8F0005CC99A079B06767DA251D5005CD19A079B07767DA2516F7E9203EC0F920452015A
:20B90000EC0C5202EC07520356B100A156B100A26F06D100D2026F03D102D2009203EC5E32
:20B910005201EC395202EC2E5203EC155204ED628F3F3CBF9A0393A1767DB8949A0093A18F
:20B920008F3F3C6B767DB894761F02EC8F3F3C830E1A6F128F3F3CBC9A0393A1767DB894C4
:20B930009A0093A18F3F3C67767DB894761F02EC8F3F3C430E1DFF31560100A49A0593A27F
:20B940006F378F3F3CB99A0393A1767DB8948F3F3C636F098F3F3CB69A0393A1767DB894B9
:20B950008F3F3C5F9A0093A1767DB894761F02EC9205ED03D4256F02D4249A079B055DA2B5
:20B96000767DA2519A079B06D400D500767DA251761F02EC5DA25C066F8B9A038F3F3CB3D8
:20B970009B02767DB8949A059B008F3F3D6D767DB89486BE8BBE0006B2BD767E58F42DA9D2
:20B98000761F02E4350C28AC01F4333E94AB08A903E81BA92740ED0328A90418BE0A0EA94F
:20B99000D500F60F1FA65CA99B039A00767DA2AF761F02ED0A3B923B521468122B3B0A3C55
:20B9A000BE0A8F00BD51761F02ED583C9294ED060A3C923C520B68022B3C000EFFF6583C18
:20B9B0008D40BD51BE0A8091D0009B009291EC029D01D801000EFFFC92A7ED1A767E380754
:20B9C0005200ED0E9A079B03D418D500767DA2519A079B04D414D500767DA2516F1F9A1811
:20B9D0009B01D400767E5EFD767E38076F0E530256B702A456B800A49A199B01767E5EFD90
:20B9E000761F02ED583C92919B6400FE69AED5005CA99B029A03767DA2AF9A059B03D4701F
:20B9F000D500767DA2AF8BBE0006761F02AB9B0A920800FE691E9B03D5005CA99A00767DC4
:20BA0000A2AF9A059B01D400767E5EFD9A019B01D400767E5EFD0006B2BD767E590E59A94B
:20BA10001BA103E7660B520A68079A2B9B01D400767E5EFD6F08D1006F06BE0A0EA1F60F77
:20BA20001FA659A99A059B03D5005CA1767DA2AF9A339B01D400767E5EFD9A359B01D40021
:20BA3000767E5EFD8BBE0006767D80645200EC1C767DD8D15209EC039B006F029B01761F04
:20BA400002ED553FEC1A923F5201EC069A01767DA6669A016F059A00767DA6669A00767D78
:20BA5000A66A973F0006761F02ED9A002B3F767DA6669A00767DA66A0006B2BDAABD767DF7
:20BA6000B274761F02EC412B56CC043D9203EC0E920DEC0C5201EC07520256B100A156B1DF
:20BA700000A26F06D100D2026F03D102D200920356C1041D520F56C103FF520956C103E047
:20BA8000520356C103C6521C56C103AE520456C10394521A56C10385521B56C103755226B8
:20BA900056C10365522756C10355520156C10334520256C10315521D56C102F7520556C11E
:20BAA00002D1521056C1029E521156C10275520856C1025A520C56C1023F520D56C102248A
:20BAB000520E56C10209521E56C101F8520B56C101DD521F56C101CE521956C101BF520631
:20BAC00056C1018D520756C10169520A56C10141522056C10131522156C1010C522256C155
:20BAD00000F9522356C100EC522456C100D6522556C100C6521356C100AB521256C1008EFE
:20BAE0005215EC735216EC435217EC275218EC0B9A038F3F351893A1767DB8948F3F3D6D69
:20BAF000FFEF03548F3F35609A0393A1767DB894761F02EC9B0C922300FE69AE8F3F39B3D0
:20BB00000EA9FF31560100A49A0593A2767DB8948F3F36CFFFEF03888F3F355D9A0393A1B3
:20BB1000767DB894761F02EC9B07922100FE69AE8F3F3C0B0EA9FF31560100A49A0593A21E
:20BB2000767DB8948F3F36CBFFEF036E8F3F355A9A0393A1767DB8949A0093A18F3F36C792
:20BB3000767DB894767E58F45204EC0F767E58F45202EC048F3F3A136F038F3F3A3F761F38
:20BB400002EC9222FFEF021A761F02EC8F3F3A6B92229B0B00FE69AE0EA9FF31560100A4F2
:20BB50009A0593A2FFEF009D8F3F35579A0393A1767DB894761F02EC8F3F3D0A921F900132
:20BB60000EA9FF31560100A49A0593A2767DB8948F3F36C3FFEF03288F3F354E9A0393A1CE
:20BB7000767DB894761F02ED9B07921C00FE69AE8F3F3C270EA9FF31560100A49A0593A2A6
:20BB8000767DB8948F3F36B7FFEF030E8F3F35519A0393A1767DB894761F02EC8F3F3D5A60
:20BB9000922090010EA9FF31560100A49A0593A2767DB8948F3F36BBFFEF02F68F3F35872E
:20BBA0009A0393A1767DB894761F02EC8F3F3D220E1BFFEF02988F3F35849A0393A1767DC9
:20BBB000B894761F02EC9A059B025DA25C13767DA2AF9A078F3F3C03FFEF02898F3F35810D
:20BBC0009A0393A1767DB894761F02EC5C116F0A8F3F357E9A0393A1767DB894761F02ECD8
:20BBD0005C1C9A059B035DA2767DA2AFFFEF02CB8F3F357B9A0393A1767DB894761F02EC91
:20BBE0009A059B035DA25C19767DA2AF9A2B9B015CA2767E5EFD9A009B008F3F3BFF767D72
:20BBF000B8949A339B01D400767E5EFD9A35D400FFEF01968F3F35789A0393A1767DB894AA
:20BC0000761F02EC8F3F3D2A0E17FFEF023C8F3F35369A0393A1767DB8949A0093A18F3F36
:20BC10003697767DB894767E58F45204EC10767E58F45202EC06761F02EC5C24DC696F51E8
:20BC20009AD2761F02EC94245CA96F4B761F02EC5C2408A401A46F458F3F352D9A0393A195
:20BC3000767DB8949A0093A18F3F368B767DB894767E58F45204EC0E767E58F45202EC0504
:20BC4000761F02ED5C196F219AFA761F02ED94196FDC761F02ED5C196F228F3F352A9A03F7
:20BC500093A1767DB8949A0093A18F3F3687767DB894767E58F45204EC0F767E58F45202A4
:20BC6000EC06761F02ED5C1ADC786F0B9AFA761F02ED941A6FBA761F02ED5C1A08A401E094
:20BC70009A059B035DA2767DA2AF9A2B9B015CA2767E5EFDFFEFFF778F3F35639A0393A1EB
:20BC8000767DB894761F02ED8F3F3D12921F6F308F3F35759A0393A1767DB894761F02ED68
:20BC90008F3F3D32922A6F248F3F35399A0393A1767DB894761F02ED8F3F3D1A921E9001D2
:20BCA0000EA9FF31560100A49A0593A2767DB8948F3F369BFFEF01E88F3F35729A0393A1D3
:20BCB000767DB894761F02ED8F3F3D4292139001FFEF01888F3F35429A0393A1767DB89462
:20BCC000761F02ED8F3F3D1A921490010EA9FF31560100A49A0593A2767DB8948F3F36A7E4
:20BCD000FFEF01C28F3F353F9A0393A1767DB894761F02EC8F3F3D02920A90010EA9FF31AD
:20BCE000560100A49A0593A2767DB8948F3F36A3FFEF01AA8F3F353C9A0393A1767DB894A7
:20BCF000761F02ED8F3F3D1A921290010EA9FF31560100A49A0593A2767DB8948F3F369FBE
:20BD0000FFEF01928F3F35309A0393A1767DB894761F02ED8F3F3CA3921190030EA9FF3111
:20BD1000560100A49A0593A2767DB8948F3F368FFFEF017A8F3F354B9A0393A1767DB894AB
:20BD20009A0093A18F3F36B3767DB894767E58F45204EC0F767E58F45202EC048F3F392300
:20BD30006F038F3F3953761F02EC9B0C92276F26761F02EC9B0C8F3F39839227FFEFFE0C4A
:20BD40008F3F35489A0393A1767DB8949A0093A18F3F36AF767DB894767E58F45204EC1A2C
:20BD5000767E58F45202EC048F3F3A976F038F3F3AC3761F02ED921D9B0B00FE69AE0EA9CE
:20BD6000FF31560100A49A0593A2767DB894FFEFFF0E761F02ED8F3F3AEF921DFFEFFDDB9A
:20BD70008F3F35279A0393A1767DB894761F02EC9B09920700FE69AE8F3F3B6C0EA9FF3148
:20BD8000560100A49A0593A2767DB8949A0093A18F3F3683767DB8949A395CA29B01767EA0
:20BD90005EFDFFEF01108F3F356F9A0393A1767DB894761F02EC9B1D920800FE69AE8F3FFF
:20BDA0003C6F0EA9FF31560100A49A0593A2767DB8949A009B008F3F3CFA6FDD8F3F351E3D
:20BDB0009A0393A1767DB894761F02ED8F3F3D3A921790010EA9FF31560100A49A0593A2AA
:20BDC000767DB8949A0093A18F3F3677767DB8949A3B6FC48F3F351B9A0393A1767DB89466
:20BDD000761F02ED9B03921800FE69AE8F3F3CE60EA9FF31560100A49A0593A2767DB8948D
:20BDE0009A0093A18F3F3673767DB8949A336FA68F3F358D9A0393A1767DB894761F02EDB9
:20BDF0008F3F3D529215FFEFFEC48F3F358A9A0393A1767DB894761F02ED8F3F3D4A921661
:20BE0000FFEFFEB78F3F35699A0393A1767DB894761F02ED9B0C8F3F39E3922B6F308F3FC4
:20BE100035669A0393A1767DB894761F02ED8F3F3CC292286F238F3F35249A0393A1767DE0
:20BE2000B894761F02ED8F3F3C93922990030EA9FF31560100A49A0593A2767DB8948F3F84
:20BE3000367F6F618F3F356C9A0393A1767DB894761F02ED8F3F3CDA922E9B0300FE69AE13
:20BE40000EA9FF31560100A49A0593A26F598F3F35219A0393A1767DB894761F02ED8F3FDE
:20BE50003CF2923590010EA9FF31560100A49A0593A2767DB8948F3F367B6F358F3F3533FE
:20BE60009A0393A1767DB8949A0093A18F3F3693767DB894761F02ED9B14922C00FE69AE08
:20BE70008F3F36D30EA9FF31560100A49A0593A2FFEFFF128F3F35459A0393A1767DB894CE
:20BE8000761F02ED9B03922D00FE69AE8F3F3CCE0EA9FF31560100A49A0593A2767DB894DF
:20BE90008F3F36AB9A0093A16F0B9A038F3F35189B02767DB8949A059B008F3F3D6D767D62
:20BEA000B8949A139B01D400767E5EFD9A0B9B01D400767E5EFD86BE8BBE0006767E5FA0E0
:20BEB000767E6047767DBA34761F02EC9230ED27412BEE1E452BEE15767DB737761F02F446
:20BEC000923D5201EC0B5206ED06761F02AB92345201EC17767DAC826F14767DB97C6F1154
:20BED000761F02AB56BF643D767DB8B36F0A761F02AB56BF643D767DBA5D6F03767DB88CD8
:20BEE000761F02EC9202EC219CFF9602ED1E412BEF03767DAD06761F02EC182BFFFD2B03EC
:20BEF0002B0D2B01452BEF07767DACD5761F02EC182BFFDF2B042B0F8F00BB81761F02ED98
:20BF00002B242BC42BCC2BD4761F02ED923AED05761F02EC2B006F020B3A761F02ED0A3683
:20BF10009236520568062B36767E5F2A767E5F770006B2BDAABDA2BDFE08761F02F4923D41
:20BF20002B462B452B442B432B429647767E0A8252016612761F02F428410001923D520494
:20BF3000ED05761F01BF4301EE055203EC035205ED202B416F1E28410001767E0A82520591
:20BF4000EC05767E0A825202ED14761F02F4923D5206EC0D5207EC0B767DD88A5200ED0488
:20BF5000284500026F06284500036F03284500018DC0B80AD10192C35201ED7D9242ED02E7
:20BF6000794292415201ED77D200767E0A8252012DA18F00B84456B601A29A1B36A95601E4
:20BF700000A492A2ED3492E4761F02F4543DED0C93FC761F02DE49209721EE1E49A8EF1C00
:20BF80009346EC186F195203EC205204EC0E5205EC0C933D5306ED105200EC0E9347530499
:20BF9000EC0B5305ED056F0893475304EC055303EC03964779469344ED3E5203EC37520406
:20BFA000EC355205ED386F3279466F3B93FC761F02DE972192C4FFCC5205EC035202ED2B4B
:20BFB00092E45206EC1D5207EC1B49A8EE0D92455202680792435202671E284300026F1614
:20BFC000284500026F17924552036807924352036712284300036F0A284500036F0B924586
:20BFD000EC079243ED082843000179446F04284500017946D90192A1DB015209FFE8FF7D24
:20BFE0009242EC059244ED03924296449246EC129A032D468F00B81B761F02DE36A9560115
:20BFF00000A492C4961292CC9603924696049A016F249244EC21761F02DE5415ED0E9A039F
:20C000002D448F00B81B36A9560100A492C45402ED0492CC5401EC1092442D4496158F00A6
:20C01000B81B9A0336A9560100A492C4960292CC96019A026F029A00FE8882BE86BE8BBEE9
:20C020000006B2BDAABD9B1B2DA959A9D0138D80B84036A8560100A28892761F02DECCA6D6
:20C0300000017E2540A6EF0A56BF0133761F02DF0A04761F02DE1A22000141A6EF0556BFFE
:20C0400001321A22000242A6EF0556BF01311A22000443A6EF0556BF013B1A22000893A661
:20C05000761F02F5FFD391FF7328761F02DE93FA97075200EC03911F6F03FFD4910F2DA8FC
:20C06000761F02F5350A721D92A6FFCC90035203EC1C761F02F593275303EC17530DEC1573
:20C070005202EC105302EC0E530CEC0C9B015201EC0792275201EC04520B56B000A8972713
:20C080006F0856BF02276F05761F02F556BF03270827000A761F02DE18229FFF767E40EA08
:20C090009B0A00FE69AE761F02DE88259003FF8C982292A6FFCC90035202ED0ECC220FF00A
:20C0A000DA18FFC354C2670892C2CD22F00F90FFFF83CAA896224FA6761F02DF56BD010843
:20C0B000761F02DE4C22EE064CA6EF041A221000790B86BE8BBE0006B2BDAABDA2BDFE0816
:20C0C000761F02DE2B162B13761F02AB9201761F02DE2B142B0E960C761F02DF2B09761FC9
:20C0D00002DE2B322B312B33761F02DF2B462B002B040200761F02DE2B3B2B222B1E2B0B6F
:20C0E000761F02DF2B0F761F02F52B28761F02F52B1D761F02F52B27761F02DF2B062B0825
:20C0F0002B191E1E761F02DE923756C101118F00B8408D80B8128DC0B8092B422843FFFF07
:20C100002B412B45A84892C3520156C000BE761F02DF9A1B2D410A0F37A9D00B0648761F87
:20C1100002DE07AB8BA99391D90492F996219246CCA901FF9644CCA800035202EC0D5201C8
:20C12000ED1192165202EC0E181EFFF756BF01161A1E00046F07181EFFFB56BF02161A1E6C
:20C13000000892A8FFC190035202EC0D5201ED1192145202EC0E181EFFFC56BF01141A1E35
:20C1400000016F07181EFFFE56BF02141A1E00024CA8EF09761F02DF56BF0109761F02DEDA
:20C150001A1E001046A8761F02DF56BD01064AA8EF07761F02DE56BF01131A1E0020761F96
:20C1600002AB9201761F02DE540CED0A920CED054BA856BD010C6F044BA8EE022B0C45A896
:20C17000EF0556BF010E1A1E0080D01592919628761F02DF900F5419562A06199241767D32
:20C18000C02192C32D41FF66CA44CCA901FF96449246CCA9FE00CA4496462DC12111CDAC6B
:20C19000E000EC1F92AC8846FFCC9CFF2DA99A0118A603FFFF6680A99245CAA7903F964581
:20C1A00056030AA998A67E464921EF0B92E15206EC085200EC065207EC049242CAA79642A4
:20C1B00092E15202EC0C5206EC085200EC0A5207EC022B435207EC085206EC065202EC048C
:20C1C00056BF01C26F022BC20A41DB01DA0192415437FFE8FF3A9245CCA9FFF0EC18924593
:20C1D000900FEC06761F02F4923D5206ED0992455230EC0D9243ED0B9A049B046F069A2E7D
:20C1E000767E38299A049B05767E67709245900EEC199245CCA9FFF1EC06761F02F4923DDF
:20C1F0005206ED099245520EEC0D9243ED0B9A049B046F069A2E767E38299A049B05767EE3
:20C2000067709242520EEC075230EC05924618A9FDFF6F0492461AA90200761F02DE9646B7
:20C21000961F761F02AB9201761F02DE540CEC0E920FED05920C761F02AB9601761F02DE36
:20C220001A1E040056BF010F6F022B0F181EFDFF761F02AB92019001761F02DEFF88981EA8
:20C23000767E0B295200ED06761F02DF9204ED076F0E761F02DF920F5404ED09761F02DE2A
:20C240001A1E0100761F02DF56BF0100767E40EA5202EC05767E40EA520CED0F761F02DEC9
:20C25000CC220FF028AC3A98FFC3761F02DF30A91E1E0F22564806229A00FE8882BE86BE53
:20C260008BBE0006B2BDAABDA2BDFE02761F02F4923DD100D200D30052032B41EC12520455
:20C27000EC105205EC0E520656C0009C767E0A825201FFE90097761F02DE491F56CD009273
:20C28000761F02DE9237EC51883776C0B8408F40B8092B42DE8192C55201ED439A1B2D42DC
:20C29000D00B37A9761F02DE06A707AB8AA927943F21D0082DE42111761F02F49394553D52
:20C2A000EC0A923D5204ED035305EC055205ED175304ED1592ABFFCC90012FA992ABFFC504
:20C2B000CAAB47A9EF0792ACFFCC2DA99A01FF6698A247ABEE0492AAEC02D9019242EC074B
:20C2C00049ABEF05CCA8FFFDED02DB015303EC055304EC035305ED0547ABEF032841000116
:20C2D000DD010A42000EFFB992A3ED0792A1EC05761F02DF0A146F04761F02DF2B14767E61
:20C2E0000A825201660492A1EC166F1A761F02DE491FEE0A761F02DF92412B0C2B14EC2196
:20C2F0009A049B096F1A92A1EC0692A2521CEC085260EC06761F02DF2B0C2B146F12761F02
:20C3000002DF0A0C1B0C02BC66049214521465092B0C2B149A049B08767E67709A016F02CF
:20C310009A00FE8282BE86BE8BBE0006761F02F4923D5203EC0D5204EC0B5205EC0952008D
:20C32000EC455206EC43767E0A825201693F8F40B80A28AC000192C55201ED2D9A1B8F005C
:20C33000B848761F02F436A9560100A4923D5203EC1D5204EC0D5205EC0B92C45204EC0521
:20C340005205EC035203ED179A049B046F2392C45203ED11761F02DE933992399101900296
:20C35000CAA8ED149A049B066F1592C45204EC0A5205EC0892ACDD019C012DA9520968CC8C
:20C360006F05761F02DE4239EF039A0000069A049B03767E67709A010006B2BDAABDA2BDEA
:20C37000767E0B69761F02DECD110006FFD055A956B100A1EC09CC110006FFC0767E0CB030
:20C38000767E4F5ED101761F02DECC110018FFC25AA9767E0B5D54A2EC0592A2767E0CA0E5
:20C39000D101761F02DECC110100FFC75AA9767E0B6154A2EC1092A2767E0CA8761F02DEFC
:20C3A0004811EE0428A946506F0328A93A98767E3E4DD101761F02DECC110200FFC85AA947
:20C3B000767E0BB554A2EC0592A2767E0D08D101761F02DECC110400FFC95AA9767E0BC1E2
:20C3C00054A2EC0592A2767E0D34D101761F02DECC110800FFCA5AA9767E0B5954A2EC05D6
:20C3D00092A2767E0C9CD101761F02DECC111000FFCB5AA9767E0AB654A2EC0592A2767EB9
:20C3E0000D4CD101767E58F45204EC6D767E58F45202EC35761F02DE9210900FEC2ECC10C2
:20C3F000000F5201EC285202EC245203EC205204EC1C5205EC185206EC145207EC10520832
:20C40000EC0B5209EC06520AED14D287FFEF0087D285FFEF0084D282FFEF0081D2806F7EE2
:20C41000D27D6F7CD27B6F7AD2786F78D2766F76D2736F74D2716F72D26E6F70761F02DE5E
:20C420009210900FEC2ECC10000F5201EC285202EC245203EC205204EC1C5205EC18520679
:20C43000EC145207EC105208EC0B5209EC06520AED148D80010E6F528D8001096F4F8D80DD
:20C4400001046F4CD2FF6F4AD2FA6F48D2F56F46D2F06F44D2EB6F42D2E66F40D2E16F3EE9
:20C45000D2DC6F3C761F02DE9210900FEC35CC10000F5201EC2E5202EC295203EC24520420
:20C46000EC1F5205EC1A5206EC155207EC105208EC0B5209EC06520AED198D80021C6F1EEE
:20C470008D8002126F1B8D8002086F188D8001FE6F158D8001F46F128D8001EA6F0F8D80CD
:20C4800001E06F0C8D8001D66F098D8001CC6F068D8001C26F038D8001B8767E0B1554A283
:20C49000EC0992A2767E0DA8767E0B15767E1659D101767E58F42DA9761F02DE356993A90C
:20C4A0009210FFC794A85AA9767E0B0254A2EC0592A2767E0D98D101761F02DECC1000F00D
:20C4B000FFC3EC53767E58F45204EC43767E58F45202EC32761F02DECC1000F0FFC352019E
:20C4C000EC295202EC255203EC215204EC1D5205EC195206EC155207EC115208EC0D520968
:20C4D000EC09520AEC05520BED30D2916F2FD28F6F2DD28C6F2BD28A6F29D2876F27D28560
:20C4E0006F25D2826F23D2806F21D27D6F1FD27B6F1DD2786F1B761F02DECC1000F0FFC353
:20C4F0002DA9520C631231059AEB94AB5AA96F0E761F02DECC1000F0FFC32DA9520C63056A
:20C50000350A08A901D66FF3D200767E0B3154A2EC0592A2767E0D20D101767E58F452024E
:20C51000EC07767E58F42DA935785AA96F02D2FA761F02DE9200FFC75BA9767E0AA69EA260
:20C5200054A3EC0892A294A3767E0D30767D856FD101761F02DECC0000FF5BA9767E0AA2D7
:20C530009EA254A3EC0892A294A3767E0D2C767D856FD101767E0AA65AA9767E0AA293A2F3
:20C5400055A96708767E0AA2767E0D30767D856FD101767E0BB9761F02DECD1100E0FFD426
:20C5500055A9ED0592A15201EC776F7ECC1100E0FFC4767E0D0C767E0BB95201EC49767E44
:20C560000BB95200EC26767E0BB95203ED63767E58F42DA9359059A9767E0D3092A1767E01
:20C570000D2C767E58F42DA9357A767E0D98767E58F42DA9357D767E0DA8767E0B15767E9B
:20C580001659767E58F42DA9358C767E0D206F42767E58F42DA93590767E0D30767E58F437
:20C590002DA93588767E0D2C767E58F42DA93569767E0D98767E58F42DA93573767E0DA817
:20C5A000767E0B15767E1659767E58F46F1F767E58F42DA93592767E0D30767E58F42DA912
:20C5B000358A767E0D2C767E58F42DA93569767E0D98767E58F42DA93573767E0DA8767ED7
:20C5C0000B15767E1659767E58F42DA93587767E0D20767D856F9A069B03767E6770761F60
:20C5D00002ED56BF012F82BE86BE8BBE0006FE0683A402065CADDC86767E694092444FA93B
:20C5E000EE0E93A9761F02DEFFD7917F2B29971C93A9FFD6907F9101971A6F1293A9761FEC
:20C5F00002DEFFDC910356BF0129971993A9FFD8910F971893A9FFD4901F910F9717961BCE
:20C600009243761F02DF96249242962592419626FE860006B2BDAABDA2BD8F40B81B2BACBF
:20C61000D4088DC0B8008D80B8098D40B8122BC59A1BB600BE192BCD37A92BD5A9A90DA7B4
:20C620008D00B840DF01560100A02BC0000EFFF82B8192AC2B82DD039C012B832DA9000C0A
:20C63000FFE8761F02DE2B3A2B3C2B3E2B3D2B3F761F02DF2B102B032B02761F02DE2B0FCC
:20C64000761F02DF2B062B0C2B0A82BE86BE8BBE0006761F01BF1A0B0020761F02DF2B1C9D
:20C650002B1B761F02DE2B2A2B30761F02DF2B0D3B108F00BCC0761F02F22B00761F02F21E
:20C66000A806761F02F2A808761F02F22B032910FF69767DC60A0006761F01A09204761F51
:20C6700002DE7235761F01A59204761F02DE723692365001761F02DF9620761F02DECC357A
:20C6800007FF761F02DF9621767DC649767E331B00062DA8560302A9761F02DF1AA9F0001B
:20C69000CDAC00032F44274518A99FFF80468847CBA99729560301A57C289443560307A984
:20C6A00094AA18A97FFF962A3F2B7F2C7E2D0006FE06761F02DF56BF014192215C209B00DC
:20C6B000D5042B4296437C442B45767DC6898F00B7E8767E2E07FE860006761F01BF1A0D7C
:20C6C0000020761F02DF56BF021C761F02DE2B022B012B15761F02DF2B1B767DC60A922151
:20C6D000761F02E0961B761F02DF9220761F02E056BF0109961C2B1D761F02DF56BF010AD4
:20C6E0000006A2BD5BA8560302A91AA9F000761F02DFCDA300032D4618A99FFF2F4727487B
:20C6F0008049884ACBA99735560304A57C349445560304A994AC560305A994AA1AA98000F6
:20C7000096363F377F387E3982BE00060006B2BDAABDA2BDFE06761F02DF411256CC04CA2B
:20C710008D80FFFFFFEF04BF767E0A82520056C104BA761F02DE8F00B7EE2B23767DC5D720
:20C72000761F02DE9229520156C10398761F02DF921CED66761F02DE921CED0D2901761F71
:20C7300002DF25240D250F20761F02DE56B6012BFFEF00D5520156C000D28F40B7E48F00BA
:20C74000B7E092C554CCED0492CD54C4EC46767E0ABE1BA9044CEC0C767E0ABE1BA904B035
:20C75000EC048F000BB86F068F0007D06F038F0003E8761F02DF88262BAA020327A6565D42
:20C7600000A40FABEC1592A628A803E800FE69AE5203EC039A476F029A49767E38299A01E9
:20C770009B01767E6770767DC649FFEF00982B4192215C202B42931BD50296437C449745B8
:20C780009B00767DC6898F00B7E8767E2E07761F02DE0A2DFFEF0083767DC66C6FAF5201B2
:20C79000EC54761F02DE921C5204EC3E5202ED768F40B81B9A017680B7E48AA5DC0380C4CF
:20C7A00093A7ED0993CCED071BA2FFFF2BD4562A01A26F1193A755C6ED0E93CE55CCED0BCF
:20C7B000761F02DF922654D4EC0A2BD4761F02DE0A246F059C01DC03520968E21BA2FFFF2B
:20C7C000EC4D9A032DA237A98F00B7E4A0A9761F02DE07AB83A992C496C592CC96CD92D436
:20C7D00096D50A246F3B2901761F02DF25240D251EA706200FA766060FA7ED96767DC66C80
:20C7E0006F2D767DC6A86F2A761F02DE921C5205EC215206EC0C520CED21761F02DF922434
:20C7F000541BEC825200ED1AFFEFFF7F761F02DF9224761F02F4543DEC0A933D5304EC0333
:20C800005305ED0C5204EC035205ED089A019B0A6F039A019B0B767E6770761F02DE921C55
:20C81000520356C10291520256C1027E520E56C10268520956C10246520756C1023852087F
:20C8200056C1022C520A56C10226520B56C10220520D56C1021A520F56C101AD521656C14B
:20C830000198521756C10185521856C1013B521956C100C9521056C100AB521156C1009211
:20C840005212EC685213EC4B5214EC2E521556C00385761F02DF8F00B7E4921B54C456C084
:20C85000037D92CC5202EC0E520AEC0C5214EC0A521EEC085228EC065232EC04523C56C004
:20C86000036D767E0B798F00B7E454CC56C10366761F02ED56BF012F92CC767E0CC09A067F
:20C870009B03FFEF0204761F02DF8DC0B7E4921B54C356C0035359CB92A15203FFE6034EA6
:20C88000767E0BA993A155A956C10348761F02ED56BF012F92CB767E0CF86FE2761F02DF77
:20C890008DC0B7E4921B54C356C0033859CB92A1526EFFE60333767E0B7593A155A956C19C
:20C8A000032D761F02ED56BF012F92CB767E0CBC6FC7761F02DF8D40B7E4921B54C156C07A
:20C8B000031D767E0A8254C956C10318767DD88A520056C0031392C95207FFE7030F767E06
:20C8C0000CA4767E0A825200EC08767E0B4D5200EC049A00767E0C909A069B02FFEF01A757
:20C8D0008F40B7E08F00B7E49B0092CD54C4ED0A92C554CCED07761F02DF921B54D456B1F2
:20C8E00001A8761F02DE9730FFEF02E8761F02DF9324761F02DE9238EC0440A856CC02DE35
:20C8F00097118F00B7E492CC961092D49600767DC36D761F02DE2B382B112B102B00FFEFCB
:20C9000002CD761F02DF921C5202EC5D761F02DE921A520156C002C2761F02DF921B54249E
:20C9100056C002BC761F02BD922F761F02BD8F00AF629E0C761F02BD3832761F02BD27A99E
:20C920009623761F02BDCDD4FFFC9238D519900180A999A75603013790032B41CAA788A96A
:20C930005603023418A6FFF393A9910792369001CBA6FF82CAA8933518A9FE0F9101FF935D
:20C94000CBA9922C900FFF8488A999A618A607FF56030B3393A9761F02BDCBA692A89724C2
:20C95000761F02DF931B97423F4396442B4592215C209B00767DC6898F00B7E8767E2E079B
:20C96000FFEF026C761F02DE8F00B7E456BF020A761F02BD92C4962392CC9624FFEF025ED2
:20C97000761F02DF921C5202EC33761F02DE921A520156C00253761F02DF921B542456C080
:20C98000024D761F02BD932E761F02BD9F0C761F02BD922D761F02BD9E0C761F02BD38A8EF
:20C990009622761F02BD8830761F02BD7E25761F02BD9331761F02BD9726761F02DF801B92
:20C9A000D5182B417F4296437E4497456FB1761F02DE8F00B7E456BF010A761F02BD92C45D
:20C9B000962292CC962592D49626FFEF0217761F02DF921C520256C102118F00B7E4761F0C
:20C9C00002BD92C4962892CC9629FFEF0207761F02DF921C520256C102018F00B7E4761F1F
:20C9D00002BD92C4962792CC962A92D4962BFFEF01F5761F02DF921C520256C101EF8F003E
:20C9E000B7E459C4761F02DE791D92CC96229214ED0CCCA100035201ED089A019B03767EDA
:20C9F0006770761F02DE591DCCA10003961492A1FFC19003961692A1FFC69001960E92A1B9
:20CA0000FFC490019613761F02F656BF0129767E0ABE93A1FFDA761F02F62DA8310A8F0058
:20CA1000B7E49EAB962692A1761F02DFFFC39001960992A1FFC790019600761F02DECC2248
:20CA20006000FFCC761F02F59C0A9627761F02DE9A0193D4971F761F02DF2D1BFF66CEA816
:20CA3000CCA901FFED0E921C5201ED0B0A0D920D5205FFE901932B0D767DC649FFEF018E3D
:20CA40002B0DFFEF018B9A019B0C6F309A019B0D6F2D9A019B096F2A761F02F4923D5203DD
:20CA500056C0017C9A019B086F21761F02F4923D5205EC04520456C001719A019B076F1624
:20CA6000761F02DF921C5202EC15761F02DE921A520156C001638F00B7E492CC56C0015E52
:20CA700092C4767E38299A019B01767E6770FFEF01559224767E38299A049B056FF78F4037
:20CA8000B7E08F00B7E492CD54C4EDB792C554CCEDB4761F02DF921B54D4EDAF767DC6BD45
:20CA9000FFEF013C2901761F02DF25240D258BA906200FA156C00132767DC66C761F02DF52
:20CAA00006206FF8761F02DF921C520256C10126882692A656C10122C52029012524564124
:20CAB00000A70E250FA756C001197E1B761F02DE56BF012AFFEF01129219ED469218520974
:20CAC00056C0010C92175209FFE70108921B5209FFE701045200ED0692175208ED310A05D8
:20CAD0006F262D1735038F00B84028AC001B58A98F40B7E4321BC4A4A9A9A9A70DA05601F9
:20CAE00000A692C596C6BE0192A072A606A70DA6C4A4560100A692CD96C6BE0292A072A64A
:20CAF000A9A90DA6560100A492D596C492175208ED07581B8F00B8090A2656BF019456BFBC
:20CB0000012FFFEF00CB520156C000C892185209ED68921752096765921B520967625200AE
:20CB10008DC0B840EC08761F02DF921B761F02DE541BED40761F02DF921C5201ED3B761F64
:20CB200002DE2D17350356BF0941761F02DF28AC001B80A98AA3321B761F02DE9217761F7F
:20CB300002DF9642A9A6D500921B9643A9A90DA7560100A492C4D401964492A772A406A681
:20CB4000BE020DA48AA3560100A492C48AA3964592A772A6A9A90DA6560100A49B0092C49C
:20CB50005C2096469221767DC6E18F00B7F4767E2E07761F02DE2D178F00B7E43503D101D0
:20CB600058A992C4761F02E0969392A072A192CC969BD10292A072A192D4969B56BF01091C
:20CB7000761F02DF921C5201ED58761F02DE92175208ED5328AC001B761F02DF8F00B84045
:20CB8000D10C321BA8A9D00C3B01761F02DE07AB83A9929CD1099E95D00985A9FF5696344E
:20CB9000761F02DF929C9E9585A9FF569601A8A907ABD00A761F02DE090A83A99294D00B02
:20CBA0009EC585A9FF56962E93949721761F02F4923D5204EC035205ED18761F01BF430158
:20CBB000EF148F00B84892C45204EC035205ED0D47A8EF0B761F02E1920E9EE5761F02DFED
:20CBC00085A9FF56960E6F04761F02DF2B0E761F02E19208767DE80D8F00B7E42BC42BCC02
:20CBD0002BD48F00B7EE767E3289520056C0FB3EFE8682BE86BE8BBE0006FE06761F02DFF1
:20CBE0004212EF35921C5202ED32761F02DE1A390001767E6500767E0A825200ED049A011C
:20CBF0009B916F039A019B64D40FD504767E63F128A97FFF767E67445200ECFB767E651059
:20CC0000761F02DF9B00D50856BF014192215C202B422B432B442B45767DC6898F00B7E876
:20CC1000767E2EDF9A019B08767E6770761F02DF4312EF32921C5202ED2F761F02DE1A3928
:20CC20000004767E0A825200EC11767E65009A029B3CD40FD504767E63F128A97FFF767E0E
:20CC300067445200ECFB767E651056BF0141761F02DF2B429B00D50792215C202B432B44DA
:20CC40002B45767DC6898F00B7E8767E2EDF9A019B07767E6770761F02DF4412EF18921C6A
:20CC50005202ED1556BF01412B4292219B005C20D50A2B432B442B45767DC6898F00B7E844
:20CC6000767E2EDF9A019B09767E6770761F02DF4712EF18921C5202ED1556BF01412B420B
:20CC700092219B005C20D50D2B432B442B45767DC6898F00B7E8767E2EDF9A019B0C767E04
:20CC80006770761F02DF4612EF35921C5202ED32761F02DE1A390002767E6500767E0A8207
:20CC90005200ED049A019BB46F039A019B64D40FD504767E63F128A97FFF767E6744520007
:20CCA000ECFB767E6510761F02DF9B00D50B56BF014192215C202B422B432B442B45767D00
:20CCB000C6898F00B7E8767E2EDF9A019B0D767E6770761F02DF4B12EF1A921C5202ED17F6
:20CCC00056BF01412B4292219B005C20D50E2B432B442B45767DC6898F00B7E8767E2E07FD
:20CCD000767DC649761F02DE56BF0108761F02DF4812EF34921C5202ED31767E6500767E4F
:20CCE0000A825200ED049A019B966F039A019B66D40FD504767E63F128A97FFF767E674499
:20CCF0005200ECFB767E6510761F02F456BF0141923D9B00D506761F02DF2B425C20964323
:20CD000092212B442B45767DC6898F00B7E8767E2E079A019B0A767E6770761F02DF49120C
:20CD1000EF18921C5202ED1556BF01412B4292219B005C20D5052B432B442B45767DC68901
:20CD20008F00B7E8767E2E079A019B0B767E6770761F02DF4512EF2C921C5202EC11767EB5
:20CD30003807761F02DF2B419B00D5095C202B42964392212B442B45767DC6896F15767E3B
:20CD40003807761F02DF56BF01419B00D5095C202B42964392212B442B45767DC6899A011D
:20CD50009B01767E67708F00B7E8767E2E07761F02DF4C12EF12767E0A825200EC0E9A2AA0
:20CD6000767E3829761F02DF9A019B011A130004767E6770767DC649761F02DF4D12EF1BD4
:20CD7000761F02AB56BF014192282B42761F02AB96439B00922C761F02DF5C2096449221F0
:20CD80002B45761F02AB5D26767DC6898F00B7E8767E2E74FE860006B2BDAABDFE068F0065
:20CD9000B809BE00D1008D80B84092C45201ED189A1B2DA137A9AAA907AB090483A992C588
:20CDA00040A9EE1793EA55CDED0ACDE21FFFCCA91FFF54A8ED0492F254D5EC02BE02D9016D
:20CDB00092A1DC01520968E292A6EC23D1006F0F761F02DE93A12B38EC0ACCA9FFFE9611FD
:20CDC00092CD961092D59600767DC36D761F02DF921C5202ED0E9A00767E6744761F02DF0C
:20CDD0009612767DC707761F02DF921C5202EC039A006F21767DCBDD761F02DF4012EFE710
:20CDE0009A1B2DA156BF014137A92B42AAA95C20D51007AB86A99B0092E2964392EA964439
:20CDF00092F296459221767DC6898F00B7E8767E2E079A01FE8686BE8BBE0006B2BDAABDF0
:20CE000028AC001B761F02DF8D80B8408F40AB44321BAAA907AB8AA992C596C492CD96CCF3
:20CE100092D596D492DD96DC767E0A825200ED04761F02DE2B38761F02DECC380001761FA6
:20CE200002DF59A99616767E0B69761F02DF560301A99007CAA196161816FFE7767E0B5D64
:20CE3000761F02DF9003FF8298161816FF1F767E0BB9761F02DF9007FF8498161816FEFF3D
:20CE4000767E0B61761F02DF9001FF8798161816FDFF767E0BB5761F02DF9001FF8898161D
:20CE50001816FBFF767E0BC1761F02DF9001FF8998161816F7FF767E0B59761F02DF90011A
:20CE6000FF8A981618161FFF767E0A82761F02DF56030DA998161816EFFF767E0AB6761F17
:20CE700002DF9001FF8B2B159816767E0B1559A9767E58F45204EC38767E58F45202EC194F
:20CE800092A1526EEC665271EC625273EC5E5276EC5A5278EC56527BEC52527DEC4E52802D
:20CE9000EC4A5282EC465285EC425287EC3E6F5192A152DCEC4E52E1EC4A52E6EC4652EBD3
:20CEA000EC4252F0EC3E52F5EC3A52FAEC3652FFEC321BA10104EC2D1BA10109EC281BA11E
:20CEB000010EEC236F321BA101B8EC331BA101C2EC2E1BA101CCEC291BA101D6EC241BA179
:20CEC00001E0EC1F1BA101EAEC1A1BA101F4EC151BA101FEEC101BA10208EC0B1BA10212C3
:20CED000EC061BA1021CED159A0A6F149A096F129A086F109A076F0E9A066F0C9A056F0AB7
:20CEE0009A046F089A036F069A026F049A016F029A00761F02DF900F1815FFF09815767E84
:20CEF0000B315200EC47767E58F45204EC3D767E58F45202EC31767E0B315200EC3B52787E
:20CF0000EC29527BEC25527DEC215280EC1D5282EC195285EC155287EC11528AEC0D528C2D
:20CF1000EC09528FEC055291ED259A0B6F249A0A6F229A096F209A086F1E9A076F1C9A06AB
:20CF20006F1A9A056F189A046F169A036F149A026F129A016F10767E0B319BEB9EA89B052C
:20CF300000FE69A96F08767E0B319B0A08A9FE2A6FF89A00761F02DF900F1815FF0FFF83D9
:20CF40002B189815767E58F45204EC4A767E58F45202EC23761F02DF921890FF59A9767ECD
:20CF50000AA6761F02DF560308A908A9880098A17918767E0AA218A1FF00761F02DF9C889C
:20CF600090FF181500FF98A17918767E0B02560308A908A997006F46761F02DF921890FF75
:20CF700059A9767E0AA6761F02DF560308A908A9060098A17918767E0AA218A1FF00761F0D
:20CF800002DF9B06181500FF95A991FF99A17918767E0B02560308A908A92E006F23761F39
:20CF900002DF921890FF59A9767E0AA6761F02DF560308A908A9200098A17918767E0AA206
:20CFA00018A1FF00761F02DF9B20181500FF95A991FF99A17918767E0B02560308A908A907
:20CFB0005C00761F02DF9815761F02DE2B0D767E0B75BE0A761F02DE0EA9F60F1FA6901F54
:20CFC00059A9960D767E0B7918A1FE1FBE0A0EA9761F02DE28AC001BF60F1FA6D008900F3A
:20CFD000FF8498A1790DAAA9761F02DF321B07AB8AA9921696E4921596EC9218761F02F484
:20CFE00096F479FC923D9694767E4CB828AC001B761F02DF88A9D0098AA2301B560100A460
:20CFF0007E94767E4CC428AC001B761F02DF88A9D00A8AA2301B560100A47E94767E380BE0
:20D0000046A9EE1A767E59165201EC0F767E38075211EC0B761F02EE92225201EC06761FC8
:20D0100002DE1820FFFC6F0E761F02DE1820FFFC1A2000016F07761F02DE1820FFFE1A2033
:20D020000002767E59285200ED06761F02DE1820EFFF6F05761F02DE1A201000767E4D1510
:20D030005201ED1B761F02F4923DEC17767E4D095200ED0C767E4D215200ED08761F02DE75
:20D040001820FFF71A2000046F0C761F02DE1820FFFB1A2000086F05761F02DE1820FFF3ED
:20D05000761F01BF9201761F02DECD20FF5F761F02F7921B9001761F01BFFF84CAA893016E
:20D060009108761F02DEFF93CBA997201820DFFF761F02F492259001761F02DEFF8C982044
:20D07000761F02EE9230761F02EE5674002E59A9767E58F45204EC09767E58F45202EC03CC
:20D08000D9826F04D9836F02D985767E590E93A155A9690F761F02DF9B0A920700FE691E59
:20D0900093A155A96506761F02DE1820FFBF6F05761F02DE1A2000401820FEFF767E3DF5BA
:20D0A000761F02DE9001FF8798201820FDFF767DD88A761F02DE9001FF88982028AC001B6F
:20D0B000D00B8AA2CC20F3FF761F02F893049101761F02ABFF99CBA992019001761F02DEDC
:20D0C000FF8ACAA888A99620761F02DF301B560100A47E94767E590E28AC001B761F02DFE0
:20D0D00088A9D00C8AA2301B560100A47E94767E380728AC001B761F02DF88A9D00D8AA2DD
:20D0E000301B560100A47E94767E276728AC001B761F02DF88A9D00E8AA2301B560100A470
:20D0F0007E94767E27575200640F767E275728AC001B761F02DF88A9D00F8AA2301B560122
:20D1000000A47E946F0B28AC001B761F02DF8AA2D00F301B560100A42B94767E276352009A
:20D11000620C28AC001B761F02DF8AA2D010301B560100A42B946F0E767E276328AC001B31
:20D12000761F02DF88A9D0108AA2301B560100A47E94767E3D2728AC001B761F02DF88A9F6
:20D13000D0118AA2301B560100A47E94767E3D6B28AC001B761F02DF88A9D0128AA2301BEF
:20D14000761F02DE560100A47E941806FFFE767D8021761F02DE90019806767DD8D152020A
:20D15000ED06761F02DE1A0600026F05761F02DE1806FFFD1806FFFB767D802D761F02DE05
:20D16000560302A990079B0A9806761F02DF921700FE69AE5200ED06761F02DE1806FFF7CF
:20D170006F05761F02DE1A0600081806F00F761F02F5921F90FF761F02DEFF839806761F7B
:20D1800002BD4229EE194329EE12767D80215200ED13767DD8D15202ED0A767DD8D1520235
:20D19000ED0B761F02F592035201ED06761F02DE18069FFF6F1D767E40EA9B0A00FE69AE8B
:20D1A0005200ED08761F02DE1806BFFF1A0620006F0F761F02DE18069FFF767E40EA9B0A25
:20D1B00000FE69AE761F02DE9003FF8C9806767E58F45204EC06761F02EE592ED9836F05B5
:20D1C000761F02EE592ED985767E590E93A155A9690F761F02AB9B0A921A00FE691E93A194
:20D1D00055A96506761F02DE18067FFF6F05761F02DE1A068000CD06EFFF761F02BD92375E
:20D1E00028AC001B9001761F02DEFF8BD013CAA888A99606761F02DF321BAAA9761F02AB36
:20D1F00007AB8AA99203761F02DF7E94D014321B9694AAA907AB86A9767E1620D015761FEA
:20D2000002AB9B0A9692920700FE691ED016761F02AC96928F003A98D017922D761F02DFA8
:20D210009692A322D0180200761F02DEF61F561700A43F92D019CD2CFFF0761F02FB9214B2
:20D22000900F761F02DECAA8962C969286BE8BBE0006761F01BF1A0B0020761F02DF56BFC6
:20D23000011C767DC60A0006FE06767E0ABE761F02F69E261BA9012C6205520063059A003B
:20D240006F0328A9012C9B0A00FE691E761F02DE56030BA956BF0141CD1E07FFD50F2B4219
:20D25000CAA8961E9B00964392229644921F761F02DF5C2096459221767DC6898F00B7E8F5
:20D26000767E2E74761F02F656BF0129FE860006B2BDAABDA2BDFE06761F02DE5BA9D2003E
:20D270002B2F6F2440A2EE2156BF0941350321428F00B84058A9D1017B43761F02DFD50162
:20D280009B009294964492A072A1929CD102964592A072A1929C5C2096469221767DC6E1BA
:20D290008F00B7F4767E2E07DA01761F02DF921C5202ED1F9A00767E6744761F02DF961265
:20D2A000767DC707761F02DF921C5202ED12767DCBDD761F02DF4012EFE992A252126709F3
:20D2B000FFC02DA95201EDBF761F02DE922FEDBBFE8682BE86BE8BBE0006B2BDAABDA2BD60
:20D2C000FE088F00B80ABE072B479284EC020A47000EFFFD28480001761F02DF921C520278
:20D2D00056C0009F9A00767E6744761F02DF9612767DC707761F02DF921C520256C0009152
:20D2E000767DCBDD761F02DF4012EFE79247761F02DE5426ED6A8D80B80988482D48AAA970
:20D2F0008D40B81B0DA686A99A0336A9560100A192C2ED3588488DC0B812A2A90DA682A9A2
:20D3000092D1ED052BD12BC12BC96F27284600029248767DD26892C2ED208046DF811BA786
:20D31000FFFF7F46EDF62BD12BC1761F02DE2BC992485415ED042B022B012B1592C3520191
:20D32000ED0C9A28767E3829761F02DF9A049B051A130001767E67702BC36F2092C9CAC1CD
:20D33000ED1D761F02DF56BF010B2BD12BC29B00D50C56BF01412B425C2092489643922131
:20D340002B442B45767DC6898F00B7E8767E2E070A489248520968816F230A48DA01D9034A
:20D350009248520968A66F1C56BF0141761F02DF2B429B00D50C92215C202B432B442B45BD
:20D36000767DC6898F00B7E8767E2E07761F02DE2B0556BF0109761F02DF56BF010BFE8833
:20D3700082BE86BE8BBE0006B2BDAABDFE069B008D80B81B83A255D5EC022BD528AC000163
:20D3800073AC92AC520967189A0337A9A9A69A08AAAB565700A69EA8A9A49CFF88A992C48B
:20D3900054C5ED0792CC54CDED042BC42BCC2BD4DC03000EFFF69D01DD03530968DDD10148
:20D3A000761F02DF921C5202ED409A00767E6744761F02DF9612767DC707761F02DF921C8C
:20D3B0005202ED33767DCBDD761F02DF4012EFE99A032DA137A9AAA907AB8EA992D0ED1CBC
:20D3C00092C0ED0393C8EC1856BF0141761F02DF2B4256BF010B9B00D50396435C2092C82F
:20D3D000964492217945767DC68979D08F00B7E8767E2E076F06D90192A1D803520968DF11
:20D3E000D90192A1520968BDFE8686BE8BBE0006B2BDAABDFE06761F02DE2B2A2B2B2B2D37
:20D3F000D200D100761F01BF1A0B00206F14761F02DF921A5201690F9A28767E3829761FC4
:20D4000002DF9A019B011A130001767E6770767DC66CD200767E0A82520056C10095761FF1
:20D4100002DF921C56C00092767DCDFE9A00767E6744761F02DF9612767DC707761F02DF79
:20D42000921C56C00083767DCBDD761F02DF4012EFE2761F01BF4609EE1493A29A01D1002A
:20D4300094A85AA91BA803E867C3761F02DE922A5201EDD1767DD229761F02DE2B086F6519
:20D44000761F02DED901D20092085201EC45761F02F4923D5203ED0492A15201EC1E923D8E
:20D450005204ED0492A15202EC18923D5205ED0492A15203EC12923D5202ED0492A15204B0
:20D46000EC0C923D5206ED0492A15205EC06923DED1692A15206ED13761F02DF2B4192212E
:20D470002B425C209B00D50096437C442B45767DC6898F00B7E8767E2E74D10A761F02DEE4
:20D48000922BED0592A152D2690C6F1D1BA104BA69082B2B6F051BA103E869032B08D100B9
:20D49000922D5202FFE9FF78761F02DF9A291A130002767E38299A019B01767E6770767D58
:20D4A000C6496F03767DC6BDFE8686BE8BBE0006B2BDAABDA2BDFE04761F02DE2B23761FCF
:20D4B00001BF1A0B00202B412B426F11761F02FC2B41920BED0B761F02DF9213EC070A4210
:20D4C000924252FA69042B136F022B42767E0A82520056C10090761F02DF921C520156C09D
:20D4D000008C767DCDFE9A00767E6744761F02DF9612767DC707761F02DF921C5201ED7CFA
:20D4E000767DCBDD761F02DF4012EFE1761F02DE0A2392239CFF1BA903E8665E761F02DF1E
:20D4F0008DC0B800581BD1002B0F2B0A56BF0193284300019A012DA1761F02DEFF66CE1F1F
:20D50000CCA901FFEC2556BF01C3761F02DF0A0F9243EC1F9A1B8F00B84436A9560100A423
:20D510005AC4767E0A8293A2FFDC55A9ED12767E0A825202690E767E0A825205EC0A92A105
:20D52000761F02DF2B43541B56B1010A6F022BC3D90192A1DB01520968CE761F01BF460909
:20D53000EF860A4192415202EC1052646990761F02DE92235232671B761F02DF9A291A13B3
:20D540000002767E38296F0F761F02DE9230520156C0FF7E6F0F9A28767E3829761F02DFCE
:20D550001A1300019A019B01767E6770767DC6496F03767DC6BDFE8482BE86BE8BBE00064C
:20D56000B2BDFE06761F02DE2B24D100761F02DF2B0B6F28767E0ABE1BA9044CEC0C767EA4
:20D570000ABE1BA904B0EC0476800BB86F06768007D06F03768003E8761F02DF56BF014150
:20D580009B0392212B425C20D50195A696437C4497459B00767DC6898F00B7E8767E2E0797
:20D59000D901761F02DF921C5202ED1F9A00767E6744761F02DF9612767DC707761F02DF8F
:20D5A000921C5202ED12767DCBDD761F02DF4012EFE992A1ECC052026606761F02DE922465
:20D5B000520868DF767DD374FE868BBE0006B2BDAABDFE068F00B80ABE072B84000EFFFF02
:20D5C000761F02DE9226D2002B052B2F2B2696276F2440A2EE2156BF0941350321428F00A7
:20D5D000B84058A9D1012B43761F02DFD5019B009294964492A072A1929CD102964592A0C8
:20D5E00072A1929C5C2096469221767DC6E18F00B7F4767E2E07DA01761F02DF921C52028F
:20D5F000ED1F9A00767E6744761F02DF9612767DC707761F02DF921C5202ED12767DCBDDE5
:20D60000761F02DF4012EFE992A252126709FFC02DA95201EDBF761F02DE922FEDBBFE866C
:20D6100086BE8BBE0006B2BDFE06D1006F05D103767DC6A8D901761F02DF921C5202ED6BD0
:20D620009A00767E6744761F02DF9612767DC707761F02DF921C5202ED5E767DCBDD761FDF
:20D6300002DF4012EFE9767E0A825200EC5492A1ED06767DCD8C5200ED02D90192A15201AA
:20D64000ED3C767DBF195200EC3C52018D00B7E8EC1856BF0141761F02DE2B4292029B0071
:20D65000D5119643920196449215761F02DF5C2096459221767DC6898AA0767E2E076F1D46
:20D6600056BF0141761F02DE2B4292129B00D50E9643920396449204761F02DF5C209645A4
:20D670009221767DC6898AA0767E2E07767DC649761F02DE56BF010892A15202EC036F06D2
:20D68000D102767DC3165200EC9392A15203EC9152036991FE868BBE0006B2BDFE06761FEB
:20D6900002DE2B0A767DD234D100FFEF00E392A1520A6731920B56C10087920AEC0E92A19F
:20D6A00052036806920A520256B10AA16F05920A520156B103A12B0A92A152036809520671
:20D6B0006805520A6718FFEF00E9D5196F02D518920B56BF0141761F02DF2B429B005C2001
:20D6C00096432B4492212B45767DC6898F00B7E8767E2E7492A1520AEC1C520AFFE800A956
:20D6D00056BF0141761F02BD2B4292289B00D51796439229761F02DF96445C2092212B455E
:20D6E000767DC6898F00B7E8767E2E74FFEF00B6761F02BD9225761F02DF930F00FE69A94D
:20D6F000761F02BD27A996259226761F02DF930F00FE69A9761F02BD962656BF014193223F
:20D70000761F02BD2B429727761F02BD97438823D516761F02BD3F447E28761F02BD882449
:20D710009B00761F02BD96457E293F2A962B761F02DF5C209221767DC6898F00B7E8767E55
:20D720002E746F56761F02BD932E761F02BD8F00AF629F0C761F02BD922D761F02BD9E0CBD
:20D73000761F02BD38A896C4922FD109761F02BD9E0C761F02BD3832761F02BD9623761F52
:20D7400002BD9238CDD4FFFC900180A999A7560301379003CAA788A918A6FFF356030234A5
:20D7500093A9910792369001CBA6FF82CAA818A9FE0F93359101FF93CBA9922C900FFF841A
:20D7600088A999A618A607FF56030B3393A9761F02BDCBA69724761F02BD9230761F02BDB8
:20D770009625761F02BD9231761F02BD9626D901761F02DF921C5202ED209A00767E67441F
:20D78000761F02DF9612767DC707761F02DF921C5202ED13767DCBDD761F02DF4012EFE9F7
:20D79000761F02DE4C2256CDFF04761F02BD2B272B282B292B2A2B2BFE868BBE0006767DB2
:20D7A000C0BC5200ED07767DC2625200ED03767DD68D0006B2BDAABDA2BDFE06767E0A8239
:20D7B000761F01BF5BA91A0D002056BF01419B00D50C761F02DF2B425C2092212B432B44F7
:20D7C0002B45767DC6898F00B7E8767E2E07D200D1006F33761F01BF1A0B0020767E33201A
:20D7D000761F02DF2B0B761F02DE56BF0137767E0A825BA9761F02DF920BED1F921C520226
:20D7E000ED1C767DD79F6F19761F01BF1A0D0020761F02DE56BF0937767DD560767DD5B722
:20D7F000767DD613767DD2BD761F02DE92095201EDDF2B09767DC6BD761F02DF921C52026A
:20D80000ED65767DCDFE9A00767E6744761F02DF9612767DC707761F02DF921C5202ED5625
:20D81000767DCBDD761F02DF4012EFE7767E0A825200EC25761F01BF4609EE10761F02FCA7
:20D82000D200920BED20761F02DF9213EC1CD90192A1521969192B136F1792A2D20172A270
:20D83000520A69119A29767E3829761F02DF9A019B011A130002767E67706F26761F02DF38
:20D84000D2002B13D1008F00B8008F40B809BE0856BF01C492855201EC032BC46F0356BFA1
:20D8500001C4DC01000EFFF8761F02F4923D767DE80D761F02DE2B39767E0A82520056C10D
:20D86000FF6B92A3ED82767DC649FE8682BE86BE8BBE00066F049A00767E6744761F02DF1F
:20D870009205520769F9767DC66C6F0B5201EC075200EC022B1C767DD3E86F03767DD4A84B
:20D88000767E331B761F02DF921C5202EDF0767DD7AA6FF7761F02F4CC3F0004FFC10006B7
:20D89000767E0A8252016606767DD88A5201ED0A6F1D761F02DE491FEF05767DD88A520096
:20D8A000ED15767E0BA95201EC05767E0BA95203ED07761F02F4582C8F3F3D716F21761FD9
:20D8B00002F4582B8F3F3D7B6F1B767E0B5D5201ED048F3F3B906F0B767E0B5D5200ED057C
:20D8C000767E16185200EC078F3F3BB0761F02F458296F06761F02F4582D8F3F3D759294F1
:20D8D0000006761F02F4922100063B10761F02F45200962156C100B7520556C100B45202CB
:20D8E000EC795209EC2AFF69767E2644D00B8F006800761F01A02B94D00BCC94FFEF50202C
:20D8F000D00B960BDC0FCC0BFF7F5040960B761F01A11AC400038F0068402B94D00BCC94E2
:20D90000FFEF5020DC0F960BCC0BFF7F5040960B1AC40003FFEF00C4FF69767E2644761FA9
:20D9100002ABD0098F40680056BF01398F0068402895FFFFC4A5D00A761F01A02895FFFFC5
:20D92000D009DE0F2894FFFFD00A2894FFFFD00B2B95D00BCC95FFEF5020D00B960BCC0B4B
:20D93000FF7FDD0E5040960B761F01A118C6FFFCC4A42B94D00BDE0FCC94FFEF5020D00CA4
:20D94000960BCC0BFF7F5040960B2B94D00CCC94FEFF1AA90200DC0E960CCC0CF7FF1AA9C6
:20D950000400960C18C6FFFC18C5FFFC18C4FFFC6F76FF69767E2644D00B8F0068008F403D
:20D96000684028940555761F01A0D00B28950555D0092894FFFFD0092895FFFFD00C2B94FF
:20D97000D00CCC94FEFF1AA90200D00CDC0F960CCC0CF7FF1AA90400960C761F01A118C4E6
:20D98000FFFC2B95D00CCC95FEFF1AA90200DD0F960CCC0CF7FF1AA90400960C18C5FFFC30
:20D990006F3E8F406800D00B8AA528950555D00CDC0F28950555761F01A1D00B18C4FFFCAB
:20D9A000FF698F006840C4A428940555DE0FD00C28940555D00918C6FFFC2895FFFFD00A24
:20D9B0002895FFFFD009DD0E2894FFFFD00A2894FFFFDC0E18C4FFFC180EFFF3761F01A07B
:20D9C00018C5FFFC180EFFF3761F02CD56BF020E761F02CD56BF0222767E26442910FF6932
:20D9D0000006B2BD761F02F41B163A9867020A16BE320E16F60F1FA627A996189B329216DA
:20D9E00000FE69AE93AB961753026817537867155200EC135219ED228F406FC08AA5761F7F
:20D9F00001BFDC041AC404008AA5DC0C1AC40200DD0D1A0408006F108F406FC08AA5761F4D
:20DA000001BFDC021AC404008AA5DC0ADD0B1AC402001A0208001AC500805302680C530901
:20DA1000670A5200EC085219ED0A761F01BF1A0D02006F05761F01BF1A0B02005300EC121E
:20DA20008F006FC0D0084894EE0D761F01BF4408EE094BCCEE074308EE05DC0D1AC40010C0
:20DA30006F05761F01BF1A0B00105303683A530967385205EC10521EED1E761F02F82B1746
:20DA4000761F02F82B12761F02F82B13761F02F92B026F11761F02F856BF1E17761F02F888
:20DA500056BF1E12761F02F856BF1E13761F02F956BF0102520AEC045223ED226F15761F0B
:20DA600002F856BF1E17761F02F856BF1E12761F02F856BF1E13761F02F856BF01276F106E
:20DA7000761F02F92B02761F02F82B17761F02F82B12761F02F82B13761F02F82B27530338
:20DA8000684B530967495303ED03520FEC125304ED035228EC095306ED03520FEC0A530772
:20DA9000ED0C5228ED0A761F01BF1A0500106F05761F01BF1A0300105303ED03520AEC12F2
:20DAA0005304ED035223EC095306ED03520AEC0A5307ED0C5223ED0A761F01BF1A0C0800D8
:20DAB0006F05761F01BF1A0A08005303ED035214EC0E5304ED03522DEC185306ED03521442
:20DAC000EC065307ED16522DED146F0F761F01BF1A0300086F0E8F006FC083A4DD05DC0C53
:20DAD0001AC500101AC40800761F01BF1A050008761F02F59211ED1E767E58F42DA93564FC
:20DAE0008BA9767E590E93A155A9660B767E58F42DA9358C8BA9767E590E93A155A96726CF
:20DAF000761F02F50A0692065219682056BF50116F1C767E58F42DA935648BA9767E590EB0
:20DB000093A155A96713767E58F42DA9358C8BA9767E590E93A155A96909761F02F50A06B3
:20DB10009206521968032B112B06761F02F59212ED12767E467052006405767E467052C8C2
:20DB2000651A761F02F50A0792075219681456BF51126F10767E46705200640D767E46703B
:20DB300052C86309761F02F50A079207521968032B122B07761F02F59213ED11767E45F07C
:20DB40003B0185A9FF5652646519761F02F50A0892085219681356BF52136F0F767E45F093
:20DB50003B0185A9FF5652646309761F02F50A089208521968032B132B08761F02F5921423
:20DB6000ED11767E45CC3B0185A9FF5652646519761F02F50A0992095219681356BF531413
:20DB70006F0F767E45CC3B0185A9FF5652646309761F02F50A099209521968032B142B09AE
:20DB8000761F02F59215ED12767E465F52006405767E465F52C8651A761F02F50A0A920A91
:20DB90005219681456BF54156F10767E465F5200640D767E465F52C86309761F02F50A0A76
:20DBA000920A521968032B152B0A761F02F59216ED0E767E4CC452C86916761F02F50A0B11
:20DBB000920B5219681056BF55166F0C767E4CC452C86709761F02F50A0B920B5219680338
:20DBC0002B162B0B761F02F59217ED12767E33245200EC05767E3324522D691A761F02F533
:20DBD0000A0C920C5219681456BF56176F10767E33245200EC0D767E3324522D6609761F35
:20DBE00002F50A0C920C521968032B172B0C761F02F59218ED12767E33285200EC05767E70
:20DBF0003328522D691A761F02F50A0D920D5219681456BF57186F10767E33285200EC0DF2
:20DC0000767E3328522D6609761F02F50A0D920D521968032B182B0D761F02F59219ED0E02
:20DC1000767E380B4DA9EF16761F02F50A0E920E5219681056BF58196F0C767E380B4DA96D
:20DC2000EE09761F02F50A0E920E521968032B192B0E761F02F5921AED0E767E3807521E80
:20DC3000ED16761F02F50A0F920F5219681056BF591A6F0C767E3807521EEC09761F02F581
:20DC40000A0F920F521968032B1A2B0F761F02F5921BED16767E38075200EC1E767E3807B7
:20DC5000521EEC1A761F02F50A109210521968142B10767E3807761F02F5961B6F0D767EF4
:20DC600038075200ED09761F02F50A109210521968032B102B1B761F02F49218520A68097C
:20DC700052786707767DD8D15208EC0A9A086F06767DD8D15200EC049A00767DD8D59B01A5
:20DC8000767DD88A5200ED049218520567051B16177056B800A892A88BBE0006761F02F4FD
:20DC9000923D5204ED05767E0BA95200EC0C767D80215201ED08761F02F4923D5206EC03EE
:20DCA0009A016F029A00767D839A0006761F02F492000006761F02F492030006761F02F4D4
:20DCB000921F00063B10FF5E761F02F4C0132910FF6900063B10761F02F498132910FF69CE
:20DCC0000006761F02F492130006767E0B995201ED78767E380B46A9EE74767E3807767E09
:20DCD0000CEC761F02F4923D767E0CF0767E2763767E0CCC767E2757767E0CC8767E27C291
:20DCE000767E0CD8767E6687767E0D04767E590E767E0D28767E4CB8767E0CD0767E4CC416
:20DCF000767E0CD4767E3D1F767E0CDC767E3D6B767E0CE0767E3D2B767E0CAC767E15E7A0
:20DD0000767E0CB4761F02F492375201EC059A80767DDCB26F049A80767DDCBA761F01BFB1
:20DD10004401EE059A08767DDCB26F049A08767DDCBA761F01BF4301EE059A04767DDCB24F
:20DD20006F049A04767DDCBA923D5203EC059A20767DDCB26F049A20767DDCBA923D52041E
:20DD3000EC059A40767DDCB26F049A40767DDCBA767DDCC1767E0C749A069B03767E6770A4
:20DD400000063B10761F01A0280B0555280C0555180FFFFC761F01A1280B0555280C0555AD
:20DD5000180FFFFC2910FF690006761F02F4921A0006B2BDAABDA2BDFE023B10761F02F4A2
:20DD600092015A1D5B062B012B1D2B06964292042B0496412910D1009A00FF69767E674474
:20DD700042A9EF0B761F02F4924296017A1D7B06924196049A026F5141A9EF04767DDD41E9
:20DD80006F2840A9EFEA767DDD555204EC039B196F029B0588A19A0194A659A955A667DDBC
:20DD9000767E470A3B0185A9FF565264620F767E47683B0185A9FF5652646208767E470685
:20DDA0003B0185A9FF56526465109A1C767E38293B10761F02F492427A1D7B069601924142
:20DDB000960429109A006F193B10FF69767E470A761F02F4961D767E471A761F02F49601B1
:20DDC000767E4768761F02F49606767E4706761F02F4960429109A01FE8282BE86BE8BBEF2
:20DDD000FF690006761F02F4922A0006AABD2DA93532520056B101A2562A00A2DA819A00C1
:20DDE000767E674441A9EF0B767DDCC5767DDD419A00761F02F456BF063D6F0640A9EFF041
:20DDF000000AFFEF9A0186BE0006B2BDAABDA2BD5BA952005AA3EC1BD1009A00767E67449D
:20DE000040A9EF13767E15E35214640D767E15E3524F630992A3D902FFC09C0154A1660490
:20DE10009A016F06D100DA8192A2EDE89A0082BE86BE8BBE0006B2BDD1006F099A0E767EEC
:20DE200038299A019B01767E6770D1009A00767E674488A941A6EF05767DDD419A006F1936
:20DE3000CCA60100CDA60200CBA9EC039A026F1140A6EFED767E0A825200ED0A767E3D2788
:20DE40001BA903E867DCD90192A1520568E09A018BBE00063B10761F02F496152910FF6918
:20DE500000063B10761F02F496002910FF690006761F02F492150006B2BDAABDA2BD761F97
:20DE600002F49226ED119A00767DDE4A28A908D6767DDE519A00767E48C59A00767E3E0EFB
:20DE70009A07767DD8D5D200D100D3006F6E761F01BF9A009B64D40FD5011A0A0800767E37
:20DE800063F128A97FFF767E67445200ECFB9A009B64D40FD501767E63F128A97FFF767E2A
:20DE900067445200ECFB761F02E4923E5205EC28767E0A825200EC24761F02D79A03D40F08
:20DEA000D50193229DF1767E63F128A97FFF767E67445200ECFB9A00767DD8D59A019B0268
:20DEB000D40FD501767E63F128A97FFF767E67445200ECFB761F01BF1A0B00086F0D9A0191
:20DEC0009B2DD40FD501767E63F128A97FFF767E67445200ECFB9A00767DD8D5761F02F48D
:20DED00056BF012E761F01BF1A0300107700D3006F0B767E0ABE9B0A00FE691E9B05767E2E
:20DEE0002090767DDE4AD1009A00FF69767E674488A941A6EF05767DDD419A006F41CCA60C
:20DEF0000008CDA60200CBA9EC039A026F3940A6EFEC767DDE585201EC11DB011BA303E82F
:20DF0000670D922EED0B767E58F8761F02EE54386605761F02F49226ECCD1BA303E8670702
:20DF1000767E58F8761F02EE5438690ED90192A15201690A761F02F49A0056BF0126767DFE
:20DF2000D8D5D100D300767E3DF55201EDBEDA0192A2520356C1FF4D520768B79A0182BE52
:20DF300086BE8BBE0006761F02F4921C00068F0159B4761F02F5BE00A8A90F0456B701A600
:20DF400092A60006761F02F492140006761F02F4920E0006761F02F492050006761F02F468
:20DF500092110006761F02F592020006761F02F5BE00060456B101A692A60006761F02F417
:20DF6000920F0006761F02F49A0193305301EC0B93315301EC08932F5301EC059334530198
:20DF700056B000A900069A010006767E4CEB5201EC10761F02DE9214ED0C761F02F4182CDE
:20DF8000FFFE182BFFFE1829FFFE182DFFFE6F0B761F02F41A2C00011A2B00011A290001EE
:20DF90001A2D0001767E59165201EC19761F02EE92225201EC14761F02DE9216ED10767ED4
:20DFA000380B46A9EE0C761F02BD4429EE08761F02F41829FFFD182DFFFD6F07761F02F474
:20DFB0001A2900021A2D0002761F02F89204761F02DECA13ED06761F02F41829FFFB6F051F
:20DFC000761F02F41A290004761F02FC92035201EC17767E0BA95203EC0E761F02F4182C2B
:20DFD000FFFD767D8021761F02F4560301A99003982C6F0A761F02F41A2C00026F05761F67
:20DFE00002F4182CFFFDCD29FFF7761F02DF92009001761F02F7FF82CAA8931B5301EC06F1
:20DFF000761F02DE930E5301ED0350106F03CCA9FFEF761F02F496290006761F02F4923DD8
:20E000005204ED12761F02F52B00761F02F42B0D767DD8D15200ED05767DDCAE5200EC0492
:20E010009A00767DD8D500069A00767E674440A9EFFC767DD9D15201EDF856BF073D00066F
:20E0200000063B10761F02F45200961EED06761F01A3280B05556F138F0068C0D00B761F9C
:20E0300001A32B94D00BCC94FFDF5010960BDC0FCC0BFFFE5002960B18C4FFFC2910FF6929
:20E040000006B2BDAABD761F02EC9A002B31767DD8D59A00767DE021767DDD417700761F20
:20E0500002F58D406FC02B018AA1761F01BFDC051AC400108AA1DC0C1AC408001A05000822
:20E0600077008AA19A00DC0D1AC402001AE104001A0C02001A0408001A0D00801A0C04007D
:20E07000761F02F4963196342B392B3A9A01962F96303B10761F01BF1A0400407700FF69A8
:20E0800028A90467767E06C48D801B571AD1100028A90467767E06C4000AFFFC76FF7FF623
:20E09000762086BE8BBEFF6900063B10761F02F496052910FF690006B2BDAABDA2BDFE0292
:20E0A0009A00761F02F4963196342B27D200D3009A01962F9630761F01BF4301EE17761F5A
:20E0B00002DE1820FFEF761F02CC9208767E3E7728A9012C767E3E69767E0A825200ED113B
:20E0C0009A019B0A767E67706F0C761F02DE9A641A200010767E3E7728A901F4767E3E69F3
:20E0D000761F02EC2B319A00761F02F42B12767DE0959A07767DD8D5761F02CC933192A8E5
:20E0E000761F02CCFFCE94A8FFA0962F761F02CC933092A8761F02CCFFCE94A8FFA0962C23
:20E0F000761F02D82B2D761F02F4282201F46F7D40A1EF7B761F02F4921F5202EC05767ED3
:20E100006687767E590E761F02F49222EC020B22767E4CEB5200ED1D761F01BF4301EF1935
:20E11000767E3DF55201ED15761F02DE9214ED1192A252FA680C761F02DF9B00921C761F13
:20E1200002F4520256B101A897276F07DA016F05761F02F4D2002B27761F02DE4420EE08E4
:20E13000767DDE585200EC049A01767DE095767DDF4A5201ED0ADB0192A352FA69079A167E
:20E14000767E3829FFEF015CD300761F02CC9231761F02CC542FED08761F02CC9230761F91
:20E1500002CC542CEC223B10761F02CC9231761F02CC962F761F02CC9230761F02CC962C70
:20E160002910761F02EA92385206EC085205ED0D761F02CC92319C076F05761F02CC92311B
:20E170009C03761F02CC962F9A00767E674459A941A156CD012543A1EF05761F02F4D2002D
:20E180002B2746A1EF1D767DD8D15207ED19767E0ABE08A9FED49641767E3D27934155A9FF
:20E19000670F761F02DE9A641A200010767E3E7728A901F4767E3E699A00767DE0954AA145
:20E1A000EF48767E0A825200EC30761F01BF4301EE40761F02DE4420EF3C767E3DF55201F6
:20E1B000ED38761F02E4923E5205EC10767E65009A019B02D40FD501767E63F128A97FFFAB
:20E1C000767E67445200ECFB6F1E767E65009A019B32D40FD501767E63F128A97FFF767ED5
:20E1D00067445200ECFB6F0F767E65009A019B32D40FD501767E63F128A97FFF767E67441D
:20E1E0005200ECFB767E6510761F01BF1A0300084BA1EF19767E65009A029B00D40FD501C6
:20E1F000767E63F128A97FFF767E67445200ECFB767E6510761F01BF1A050008767DD88A66
:20E200005200EC1A48A1EE1E49A156CCFEF3767E65009A029B00D40FD501767E63F128A952
:20E210007FFF767E67445200ECFB767E6510761F01BF1A050008761F02F456BF023DFFEFE6
:20E2200000873B10761F02F456BF01122910FF69767E6500761F02E4923E5205EC49767E94
:20E230000A825200EC45761F01BF9A009B64D40FD5011A0A0800767E63F128A97FFF767E61
:20E2400067445200ECFB9A009B64D40FD501767E63F128A97FFF767E67445200ECFB761F84
:20E2500002D79A03D40FD50193229DF1767E63F128A97FFF767E67445200ECFB9A00767D40
:20E26000D8D59A019B02D40FD501767E63F128A97FFF767E67445200ECFB8F006FC083A4AC
:20E27000DD03DC0B1AC500101AC400086F18761F01BF9A019B2DD40FD5011A0A0800767EDA
:20E2800063F128A97FFF767E67445200ECFB761F01BF9A001A030010767DD8D5767E6510DE
:20E290008F406FC08AA5DC0A1AC408001ADD00107700761F02F456BF043D6F09767DDCC50A
:20E2A000767DDD41761F02F456BF063DFE8282BE86BE8BBEFF6900063B10761F02F4961A29
:20E2B0002910FF690006B2BDAABDA2BDFE06761F02F49A042B10767DE2AC9A00767DD8D54F
:20E2C000D200D300761F02EC56BF0131761F02F456BF01082B0D761F02F52B442B00761F33
:20E2D00002DE1A200010761F02F42B23761F02F52B03761F01BF1A0A1000FFEF00F644A11F
:20E2E000EF17767DDD555205EC13767DD8D15200ED0F92085201ED0C761F02AC921EEC05E9
:20E2F0005201ED069A096F029A02767DD8D549A156CD024840A156CC00D8761F02F41B237D
:20E30000753067020A23761F02BD4229EE5B767D80215201ED05767E0BA95201EC0D767EF9
:20E310000BA95203EC09767E0B795200EC05761F02BD4329EF47767E40EA9B0A00FE69AE66
:20E320005200ED3A761F02F59203ED152B43767E58F859A9767E590E93A155A9690ADA01B2
:20E330001BA20BB86926761F02F556BF01036F56D2006F1F761F02F4D20028430001922178
:20E340005202EC10D300767E58F42DA935031E46767E58F87246767E590E934655A966094B
:20E350006F13DB011BA3AFC86904761F02F52B039243ED0D6F33761F02F5D200D3002B0323
:20E360006F2DD200D300761F02F52B03767E4CEB5201EC24761F02F51B0001F4681D761F5E
:20E3700002F4922156BF010D5202EC295209EC27761F02D89222ED23761F02F4920852013F
:20E38000ED1E92105201EC1B761F02D892235201ED169A056F120A006F12761F02F52B009A
:20E39000761F02F42B0D767DD8D15200ED05767DDCAE5200EC049A00767DD8D5767E0AA62D
:20E3A00059A9767E0AA293A155A96704767E0AA259A9767E0AE693A155A96704767E0AE617
:20E3B00059A9767E590E9B0595A155A9680C767E0AA6761F02EE54386917761F02F456BFD3
:20E3C00001086F0E924452FA680D761F02F49221EC049A00767DD8D5761F02F42B082B448B
:20E3D0006F039C0196449A00767E674459A941A156CD016D4BA1EF19761F01BF4301EF1505
:20E3E000767E65009A019B32D40FD501767E63F128A97FFF767E67445200ECFB767E6510CB
:20E3F000761F01BF1A0500084AA1EF35761F01BF4301EE31767E3DF55201ED2D761F02E4BC
:20E40000923E5205EC14767E0A825200EC10767E65009A019B02D40FD501767E63F128A9A4
:20E410007FFF767E67445200ECFB6F0F767E65009A019B32D40FD501767E63F128A97FFF07
:20E42000767E67445200ECFB767E6510761F01BF1A03000843A1EF22767DD8D15200EC074B
:20E430009A00767DD8D5761F02F52B00767E0A825200EC11767E0A8252016908761F02DE53
:20E44000491FEE049A049B046F039A049B03767E67706F0492A1508059A947A156CCFE919B
:20E450009A05767DE2AC9A00767DD8D5761F02F4423F56CC00E79A009631963456BF0110EC
:20E460009A01962F9630767E6500767E0A825200ED618F006FC083A49A009B1EDD05DC0CFB
:20E470001AC50010D5011AC40800D40F767E63F128A97FFF767E67445200ECFB761F02D721
:20E480009229761F02D754236410761F02D79A03D40FD5019328767E63F128A97FFF767E5E
:20E4900067445200ECFB6F0F761F02D79A03D40FD5019327767E63F128A97FFF767E674456
:20E4A0005200ECFB767E4CF75201ED7D767E4CC01BA9189C6978767E4CB41BA905786973C5
:20E4B0009A039B00D40FD501767E63F128A97FFF767E67445200ECFB767E3D53767E3E54E2
:20E4C000761F02CE9A329300767E3CA7767E20F86F5A9A029B00D40FD501767E63F128A9C3
:20E4D0007FFF767E67445200ECFB8F006FC083A49A009B3CDD05DC0B1AC50010D5011AC414
:20E4E0000008D40F767E63F128A97FFF767E67445200ECFB761F01BF9A029B00D40FD5017D
:20E4F0001A0D0008767E63F128A97FFF767E67445200ECFB761F02D79229761F02D7542360
:20E500006410761F02D79A03D40FD5019328767E63F128A97FFF767E67445200ECFB6F0F1B
:20E51000761F02D79A03D40FD5019327767E63F128A97FFF767E67445200ECFB761F01BFA9
:20E520001A0C0800767E65109A01767DDE4A767E0ABE2DA9BE0A3B0135B5C242FF4100FECC
:20E5300068A8767DDE51767DDCA6767E48C5767DDCA6767E3E0E761F02F456BF033D6F0E11
:20E54000761F02F456BF023D6F09767DDCC5767DDD41761F02F456BF063DFE8682BE86BED4
:20E550008BBE00063B10761F02F4960E2910FF6900063B10761F02F496142910FF69000614
:20E56000761F02F596020006B2BDAABDA2BD761F02EC2B319A00761F02F42B07767DD8D566
:20E570007700761F02F58D806FC09A002B01D300D100FF698AA2761F02F4DC051AC40008FC
:20E58000963196349A01962F9630767E0A825200EC3344CAEF31761F01BFDA0B9A009B64D2
:20E59000D40FD5011A0500101AC20008767E63F128A97FFF767E67445200ECFB9A009B6497
:20E5A000D40FD501767E63F128A97FFF767E67445200ECFB9A009B64D40FD501767E63F199
:20E5B00028A97FFF767E67445200ECFB761F01BF1A0C08006F0A8F006FC083A4DD05DC0C79
:20E5C0001AC500101AC40800767E3807520DED08767DDF4693A99A0194A8767DE552767E96
:20E5D00038075212EC048F0005DC6F0A767DDF4293A99A0194A8767DE5598F015F90761F43
:20E5E00002F5A804761F02F42B28FFEF008140A2EF7E761F02F50604EC04020156410004B8
:20E5F00092A1EC0F767E380754A1EC0792A352C8680692A1767E3829D3006F06DB016F04E6
:20E60000767E380759A992A1520DEC3D5212EC28521BEC1E5211EC145220EC0A5215ED54A8
:20E61000761F02F4923C2B28520367296F40761F02F42B28767E35415200ED216F38761FC6
:20E6200002F42B28767E59285200ED196F30761F02F42B28767E380B46A9EE116F28761FF6
:20E6300002F42B28767E0B515201ED09767DDF4252036605767E33495200EC19761F02F4C2
:20E640002B076F25767E0B555201ED05767DDF4652036918767E4CEB5200ED10767E0ACE27
:20E65000761F02F42DA9353254286606761F02F456BF01076F0C0A286F0A761F02F42B076F
:20E660006F0356BF0107761F02F42B289A00767E67445AA941A2EF0A767E380718A2FFFD2C
:20E67000520DED04767E380759A943A2EF108F006FC0761F01BF83A418A2FFF7DD05DC0C6D
:20E680001AC500081A0500101AC4080049A2EF05767DDF525203680D4CA256CCFF5A020046
:20E69000761F02F51E04761F02F456BF073D6F11767DDF5293A99A0194A8767DE5600200E7
:20E6A0001E04761F02F49A0056BF023D767E382982BE86BE8BBE0006B2BD761F02EC9A000B
:20E6B0002B31767DD8D57700761F02F58D406FC09A002B01FF698AA1761F02F4DC051AC4AC
:20E6C0000008963196349A01962F9630767E0A825200EC3344C9EF31761F01BFD90B9A008A
:20E6D0009B64D40FD5011A0500101AC10008767E63F128A97FFF767E67445200ECFB9A0057
:20E6E0009B64D40FD501767E63F128A97FFF767E67445200ECFB9A009B64D40FD501767EAD
:20E6F00063F128A97FFF767E67445200ECFB761F01BF1A0C08006F0A8F006FC083A4DD05CC
:20E70000DC0C1AC500101AC408009A05767DE2AC2B242B222B2E9A05761F02DE1820FFEFED
:20E71000767DDDD65200EC3B9A00767E674441A9EE3649A9EE2F48A9EE1A47A9EE084CA9A0
:20E72000EFF4761F02F456BF073D6F31761F02F456BF0324767DDE1B5200EC255202EC1A02
:20E730007700761F02F456BF033D6F21761F02F49A0456BF0424767DE2AC767DDE5C52007C
:20E74000EC125202EC07761F02F42B2E56BF043D6F0E761F02F456BF023D6F09767DDCC5D2
:20E75000767DDD41761F02F456BF063D8BBE00066F0528A9FFFE767E6744767E3D431BA94D
:20E7600008FCEDF89A00767E674441A9EE4340A9EFFA9A19767DDDF55201EC37761F02DF26
:20E7700092055201ED11761F01A09204761F02DE7235761F01A59204761F02DE7236761F36
:20E7800002DF56BF02059A03767DDDD65200EC18767DDD595200EC145202EC10767E380BE1
:20E7900046A9EE05761F02F42B3E6F05761F02F456BF013E56BF023D00062B3D0006767D85
:20E7A000DCC5767DDD416F08761F02F456BF013D0006767DDCC5761F02F456BF063D0006CF
:20E7B000761F02F49A002B3D767DD8D57700761F02F58F006FC02B019A0083A4FF69761F71
:20E7C00001BFDD051AC5001083A4DD0CDC0D1AC508001AC400081A050008761F02F4963169
:20E7D00096349A01962F9630761F01BF28A9FFFE1A050020767E674428A9FFFE767E6744CB
:20E7E0006F12767DE0416F0F767DE09C6F0C767DE2B36F09767DE5646F06767DE6AC6F0374
:20E7F000767DE014761F02F4923DEC0E5201ECF95202ECF45206ECEF5204ECEA5203ECE5DD
:20E800005207ECE02B3D767DE7586FED3B10761F02F4981C2910FF690006761F02F4962A61
:20E8100000063B105201EC085200ED0A761F02F4183FFFFB6F05761F02F41A3F0004291096
:20E82000FF6900063B10761F02F496112910FF6900063B10761F02F4960F2910FF69000624
:20E830003B10761F02F496032910FF690006B2BDAABDD200D1006F0F9A019B0B767E6770AF
:20E840006F0A761F01BF4301EEF86F05767DD88A5200ECF89A00767E674440A9EFFC767DC1
:20E85000DF752B25923D520256C10095520356C10092520456C1008F520556C1008C5206E9
:20E8600056C00183423FEE399A00767DE5529A00767DE5599A00767D8377761F02AB920963
:20E870005201ED17767E4CB452C86713761F02AC921BED0F761F02AB923DED0BDA011BA21C
:20E8800001F469389A00767E38299A019B0C6F2F767E38075213EC2E767E38075212EC2AB4
:20E89000767E38075211EC26767DDF565201ED229A00767E38296F1992075201EC05767DEF
:20E8A00080295201ED16767DDF565201ED129A00767E3829767D80295201ED079A00767D80
:20E8B000E5529A00767DE5599A019B09767E6770D200767E5931520156C00126761F02AB1A
:20E8C0009209520156C00120767E4CB452C8FFE7011B761F02AC921B56C00116761F02ABA4
:20E8D000923D56C00111767E38075212ED07767DDF375201EC08FFEF0107767DDF565201E5
:20E8E00056C001029A00767E38299A019B0CFFEF00F9767E0A8252016912767E0A825201C6
:20E8F000690C761F02DE921FFFC9CDA9FFF05330EC06900E520EEC039A026F03767DD89075
:20E90000761F02EB492456BD02A9761F02F4543DED2F923D520256C000B7761F02AB920945
:20E91000520156C000B1767E4CB452C8FFE700AC761F02AC921B56C000A7761F02AB923D6F
:20E9200056C000A2761F02F4423FEF0B767E59165201EC07761F02EE9222520156C000943A
:20E93000DA011BA201F4FFE900AFD2006FAF520256C10090520656C100895203EC63767E28
:20E940000ACE2DA935325AA954A16916767D80645200ED11761F02EE92225201EC0C92A24C
:20E95000761F02F454286906923D5202EC04D9016F032B2859A2761F02F4923D5203EC13D6
:20E960005204EC3E5205EC3C92A254A16639923DD1005202ED31767DDDD25203EC319A010F
:20E970009B086F2C9222ED2C92275201ED0492A254A16921767DD88A5200EC1D767E5916B9
:20E980005201EC19761F02DE9216ED15761F02F7921B5201EC10761F02DE920E5201EC0B17
:20E99000761F02F492275201ED0B761F02F892075201ED06D1009A049B02767E6770D200C1
:20E9A0006F43923D5202EC135204EC035205ED0C1B230BB86709767E4CEB5201EC05761F79
:20E9B00002DE9214EC109A049B036F0B767DDDD25204EC09767DDDD25205EC059A019B07FB
:20E9C000767E6770D2006F1F9A019B01D2006F19767DD88A5200EC09761F02DE491FEE0F05
:20E9D000767E0A825201690B761F02F4923D5203EC035205ED049A019B096F039A049B040C
:20E9E000767E6770D100761F02F4923D5204EC1B5205EC19520356C0FE5B767DD88A5200FD
:20E9F00056C1FE51761F01BF430156CDFE55761F02DE442056CCFE50767E3DF5520156C0BA
:20EA0000FE4B6F1C767E0AAA5202ED13767E0AB65200ED0F767DD88A5200ED06761F01BF35
:20EA1000430156CDFE2B767DD88A520156C0FE34761F01BF430156CDFE2F761F02F456BFDD
:20EA20000125FFEFFE293B10FF5E761F02F4C01C2910FF690006761F02F4923B520156C123
:20EA300000B4520256C100835203EC4F5205EC1D767DDF62520156C000D7767DDFFD9A0156
:20EA40009B32D40FD501767E63F128A97FFF767E67445200ECFB9A00761F02F4963196340B
:20EA50009A01962F96300006923456C000BD767DDFFD9A019B6ED40FD501767E63F128A99C
:20EA60007FFF767E67445200ECFB761F02F4923056BF01345201EC0892315201EC05922F9A
:20EA7000520156C000A19A019B32D40FD501767E63F128A97FFF767E67445200ECFB761F57
:20EA800002F456BF012F6F2E922F56C0008D767DDFFD9A019B6ED40FD501767E63F128A9F5
:20EA90007FFF767E67445200ECFB761F02F4923056BF012F5201EC0792315201EC0492346C
:20EAA0005201ED719A019B32D40FD501767E63F128A97FFF767E67445200ECFB761F02F48A
:20EAB0002B3456BF01302B3100069231ED5C767DDFFD9A019B6ED40FD501767E63F128A9EE
:20EAC0007FFF767E67445200ECFB761F02F4923056BF01315201EC07922F5201EC0492343C
:20EAD0005201ED419A019B32D40FD501767E63F128A97FFF767E67445200ECFB761F02F48A
:20EAE00056BF01306F2D9230ED2E767DDFFD9A019B6ED40FD501767E63F128A97FFF767EA0
:20EAF00067445200ECFB761F02F4923156BF01305201EC07922F5201EC0492345201ED132B
:20EB00009A019B32D40FD501767E63F128A97FFF767E67445200ECFB761F02F42B3156BF69
:20EB1000012F2B340006FE062B45A044A8422B469245520867138A442D459A01FF66CEC420
:20EB2000EC0928AC000792AC9E452DA99A01FF6698460A459245520868EF8A42924696C45B
:20EB3000FE860006FE062B45A044A8422B469245521067138A442D459A01FF66CEC4EC090E
:20EB400028AC000F92AC9E452DA99A01FF6698460A459245521068EF8A42924696C4FE869C
:20EB50000006FE0896439CFFA8422844FFFF284580052B46934353009643EC238A4292847B
:20EB60005DADDD869646A8425CADDC86767DEB13560308462B47F24492475208670E4F447C
:20EB7000EF055603014470456F035603014496440A479247520868F493430B435300EDDF31
:20EB80005CAD5DADDC84DD84767DEB329244FFC7964656030844CA46FE880006FE0452087C
:20EB90009643A842670E6F1983428A42560308E594ECFF809C0996446F0D56BF08446F0AFA
:20EBA0008A4292CC5203ECFA5206ECF85210ECED6FF59244544369039A006F029A01FE8414
:20EBB0000006FE0452089643A842671C6F2756BF08448A429A08767DEBE26F1D56BF08448B
:20EBC0009A086F0983428A42560308E594ECFF809C0996448A42767DEC616F0D56BF0844DD
:20EBD0006F0A8A4292CC5203ECE35206ECE85210ECEA6FF59244544369039A006F029A0117
:20EBE000FE840006B2BDFE069643A842594383429CFF58A9D9825603089D949496468A4231
:20EBF00092439CFE767DEB515446EC039A116F6383428A42560308D5834294DC8A429644BF
:20EC0000560308E594EC964592441BA91100680B1BA911396708924594441BA9113966484D
:20EC10009A016F411BA92100680B1BA921916708924594441BA92191663B9A026F341BA993
:20EC20004100680B1BA9410F6708924594441BA9410F662E9A036F271BA9F800680B1BA920
:20EC3000F8106708924594441BA9F81066219A006F1A1BA9D000680B1BA9D7D06708924570
:20EC400094441BA9D7D066149A046F0D1BA9FD0068111BA9FD18670E924594441BA9FD18CD
:20EC500066079A058A42767DECC09A016F089A126F029A028A42767DEE329A00FE868BBE1C
:20EC60000006B2BDFE069643A842594383429CFF58A9D9825603089D949496468A4292435D
:20EC70009CFE767DEB515446EC039A116F4383428A42560308D594DC8A42964492CC520642
:20EC800056B10145EC0783428A42560308E594EC964592441BA9210068101BA92191670DE5
:20EC9000924594441BA9219166248F7DEEC78A42767DED969A016F221BA93100680C1BA959
:20ECA00031256709924594441BA9312566128F7DF3796FEE1BA9FD00680C1BA9FD186709FA
:20ECB000924594441BA9FD1866048F7DF6FF6FE09A128A42767DEE329A00FE868BBE00060A
:20ECC000FE109643A84202002B4F834256BF01501E461E48560308D5834294DC8A429649DC
:20ECD000560308E594EC964A6F3C767DF9978F00A040924908A908006F2D767DF7B88F0080
:20ECE000A080924908A9EF006F2528AC00968F00AE033050560100A49249934A767DEE7FA8
:20ECF000924956BF014F08A9DF006F16767DF94B8F00A027924908A9BF006F0C92498F00F2
:20ED0000C00008A930006F0692498F00A05008A90300A8462B4F964E6F159A00FFEF0086F1
:20ED100092435203620A5203ECE25200ECBF5201ECC55202ECCB6FF25204ECE15205ECE572
:20ED20006FED28AC009683428F00AE003050560100A492C596C483428F00AE013050560105
:20ED300000A492CD96C48F00AE023050560100A45603014A90FF96C4924F5201EC220E4E81
:20ED4000560100468F00AE0330502B4C560100A4924AA848544C69158A4692C48A48FFC73C
:20ED500096C48A4692C48A4890FF96CC020256010048020156010046924A0A4C544C66EDF8
:20ED60005603014A8F00AE009C03964B3050560100A4924B767DEB51761F02AB28AC0096FF
:20ED7000584B8F00AE00964D0A4B30502B36560100A4924DFFC796948F00AE00584B305060
:20ED8000560100A40A4B924D90FF96948F00AE003050560100A49250934B767E6308761F1F
:20ED900002AB9A0156BF0136FE900006FE0EA044A8428342020056BF014D1E46560308D59D
:20EDA00094DC8A42964792CC5206ED06064256BF014809046F0983428A42560308E594EC0F
:20EDB0009648064209071E462B4992485449691B83468A46560308C594CC964A02025601E0
:20EDC0000046C5449247934A3E670A47964B5200EC068A42767DEE329A006F630A4992489B
:20EDD000544966E728AC009683428F00AE00304D560100A492C596C483428F00AE01304D24
:20EDE000560100A492CD96C483428F00AE02304D560100A492D596C483428F00AE03304DA0
:20EDF000560100A492DD96C483428F00AE04304D560100A492E596C483428F00AE05304D6C
:20EE0000560100A492ED96C48F00AE00304D560100A49A06767DEB51761F02AB28AC0096EE
:20EE10008F00AE06964C304D560100A4924CFFC796C48F00AE07304D560100A4924C90FF1E
:20EE200096C48F00AE002B36304D560100A49B08924D767E6308761F02AB9A0156BF013658
:20EE3000FE8E0006FE06A84228AC0096964356BF014583428F00AE003045560100A492C5DB
:20EE400096C48F00AE0183423045560100A49A8094CD96C48F00AE023045560100A492438C
:20EE500096C48F00AE003045560100A49A03767DEB51761F02AB28AC00968F00AE03964409
:20EE60003045560100A49244FFC796C48F00AE043045560100A4924490FF96C48F00AE007F
:20EE70002B363045560100A49B059245767E6308761F02AB9A0156BF0136FE860006FE0C1E
:20EE800097449643A8423B0106422B450843DF001E4A02001E4C924396466F339246521F46
:20EE900063052B488F00B9806F13526B630656BF1F488F00BA806F0C528B630656BF6B4849
:20EEA0008F00B9C06F0556BF8B488F00B9529E48A84C964763022B478A4C8547560100A429
:20EEB00092C48A4AFFC796C48A4C8547560100A492C48A4A90FF96CC02025601004A0A464B
:20EEC00092449443544666CB9245FE8C0006FE04964197422B430841DF00FFEF04589242ED
:20EED0001BA9270FFFE6044D767E0C68FFEF04A092421BA9270FFFE60444767E0C64FFEFAB
:20EEE000049792421BA9270FFFE6043B767E0C60FFEF048E92421BA9270FFFE60432767EC8
:20EEF0000C5CFFEF048592421BA9270FFFE60429767E0C586F6F9242520EFFE80422521466
:20EF0000FFE6041F9242767E0CE46F6492421BA9060CFFE804161BA909F4FFE60412767E03
:20EF10000ADE544256C104649242767E0D746F5292421BA9060CFFE804041BA909F4FFE69B
:20EF20000400767E0AE2544256C104529242767E0D786F4092421BA9060CFFE803F21BA9A4
:20EF300009F4FFE603EE767E0AC2544256C104409242767E0D586F2E92421BA9060CFFE8E2
:20EF400003E01BA909F4FFE603DC767E0AB2544256C1042E9242767E0D486F1C92425201EB
:20EF5000FFE603CF767E0ABA544256C104219242767E0D506F0F924256C103C35202FFE6D3
:20EF600003C0767E0AAA544256C104129242767E0D409A069B02FFEF03B1767E0BB9520263
:20EF7000FFE803AF767E0BB95203FFE603AA767E58F42DA935695442FFE603A3767E58F434
:20EF80002DA935825442FFE8039C767E0B02544256C103EE9242767E0D98FFEF038D767E4A
:20EF900058F42DA935785442FFE6038B767E58F42DA935A55442FFE80384767E0A9654426B
:20EFA00056C103D69242767E0D10FFEF0375767E0BB95202FFE80375767E0BB95203FFE6B9
:20EFB0000370767E58F42DA935785442FFE60369767E58F42DA9359D54426706767E0AAE8D
:20EFC000520156C1035E767E58F428AC013B12A9FFC054426706767E0AAE520056C1035130
:20EFD000767E0AA25442FFE6034C767E0AA6544256C1039E9242767E0D30FFEF00E3767EFB
:20EFE0000BB95202FFE8033D767E0BB95203FFE60338767E58F42DA935785442FFE6033133
:20EFF000767E58F42DA9359D54426706767E0AAE520156C10326767E58F428AC013B12A9CC
:20F00000FFC054426706767E0AAE520056C10319767E0AA65442FFE80314767E0AA254428F
:20F0100056C103669242767E0D2CFFEF00AB92421BA904B0EC081BA9044CEC051BA904F6C3
:20F0200056C002FF767E0ABE544256C103519242767E0D54767E0ABE9BC8761F02FA95A9E5
:20F03000973E761F02FA283D0384FFEF02E592425201FFE602E6767E0B61544256C103385D
:20F040009242767E0CA8FFEF02D792425202FFE602D8767E0B5D544256C1032A9242767E88
:20F050000CA0FFEF02C992425201FFE602CA767E0B69544256C1031C9242767E0CB0767EB7
:20F060004E36FFEF02B992425203FFE602BA767E0BA9544256C1030C9242767E0CF8FFEF7B
:20F0700002AB92425203FFE602AC767E0BB9544256C102FE9242767E0D0C767E58F49644B7
:20F08000767E0BB95201ED0E2D443592767E0D302D44358A767E0D2C2D443569767E0D98FC
:20F090006F30767E0BB95200ED0C2D443590767E0D302D443588767E0D2C2D4435696F0F6F
:20F0A000767E0BB95203ED1D2D443590767E0D302D443590767E0D2C2D443578767E0D98B8
:20F0B0009A00767E0D8C6F0D924252C8FFE60269767E0B75544256C102BB9242767E0CBCF1
:20F0C000767D856FFFEF0258761F02F99204525056B15044EC0E524656B14644EC0A523CF7
:20F0D00056B13C44EC06523256B1324456B0284492445442FFE80245767E0B79544256C175
:20F0E00002979242767E0CC0FFEF023692425201FFE60237767E0BB5544256C102899242B8
:20F0F000767E0D08FFEF022892425201FFE60229767E0B4D544256C1027B9242767E0C90CE
:20F10000FFEF021A92425201FFE6021B767E0B55544256C1026D9242767E0C98FFEF020CE4
:20F1100092425201FFE6020D767E0B51544256C1025F9242767E0C94FFEF01FE92425201EA
:20F12000FFE601FF767E0BC1544256C102519242767E0D34FFEF01F092425201FFE601F144
:20F13000767E0B7D544256C102439242767E0CC4FFEF01E292425201FFE601E3767E0B59A0
:20F14000544256C102359242767E0C9CFFEF01D492425201FFE601D5767E0B99544256C171
:20F1500002279242767E0CE8FFEF01C692425202FFE601C7767E0BAD544256C102199242E8
:20F16000767E0CFCFFEF01B89242EC19520AEC175214EC155228EC13523CEC11525AEC0FA2
:20F170005278EC0D5296EC0B52B4EC0952D2EC0752F0EC051BA9FFFF56C001A3767E0A928C
:20F18000544256C101F59242767E0D00FFEF019492425201FFE60195767E0BA5544256C181
:20F1900001E79242767E0CF4FFEF018692425201FFE60187767E0BB9520056C10182767E0E
:20F1A0000BB9520356C1017D767E0AF6544256C101CF9242767E0D8CFFEF016E767E58F432
:20F1B0005201ED089242527DFFE8016B52A0FFE60168767E58F45202ED09924252FAFFE830
:20F1C00001601BA9013BFFE6015C767E58F45204ED0A92421BA901E0FFE801531BA9026223
:20F1D000FFE6014F767E0AE6544256C101A19242767E0D7CFFEF014092425205FFE80141E3
:20F1E0001BA90384FFE6013D767E0AEA544256C1018F9242767E0D80FFEF012E92425205DF
:20F1F000FFE8012F1BA90384FFE6012B767E0AEE544256C1017D9242767E0D84FFEF011C11
:20F200009242525AFFE6011D767E0AF2544256C1016F9242767E0D88FFEF010E767E58F4C4
:20F210005201ED089242526EFFE8010B5287FFE60108767E58F45202ED09924252DCFFE8D5
:20F2200001001BA9010EFFE600FC767E58F45204ED0A92421BA901B8FFE800F31BA9021C7F
:20F23000FFE600EF767E0B15544256C101419242767E0DA8767E0B15767E1659FFEF00DC29
:20F2400092425207FFE700DD767E0A82544256C1012F9242767E0CA4FFEF00CE9242520106
:20F25000FFE600CF767E0BC5544256C101219242767E0D38FFEF00C09242EC0F767E58F48D
:20F260002DA935785442FFE600BC767E58F42DA935915442FFE800B5767E0B31544256C1E9
:20F2700001079242767E0D20FFEF00A692425201FFE600A7767E0B29544256C100F9924298
:20F28000767E0C70FFEF009892425201FFE60099767E0B2D544256C100EB9242767E0C78C3
:20F29000FFEF008A92425201FFE8008B521FFFE60088767E0ACA544256C100DA9242767E58
:20F2A0000D606F791B42012C667B767E0ACE544256C100CE9242767E0D646F6D924252010B
:20F2B000666F767E0AAA5202ED6B767E0BA95203ED079242520156B1124356C100B9767EDD
:20F2C0000AB6544256C100B49242767E0D4C6F53767E0BB952026854767E0BB9520366509F
:20F2D000767E58F42DA9356E5442664A767E58F42DA9358254426844767E0B11544256C153
:20F2E00000979242767E0DA46F369242761F02BD520156B61243562A0901FFEF0089767E88
:20F2F00058F42DA9356E5442662B767E58F42DA9358754426825767E0B215442EC7892422F
:20F30000767E0DB46F189242EC1B525A6619767E0B1D5442EC6C9242767E0DB06F0C9242CD
:20F31000EC0F520C660D767E0B195442EC609242767E0DAC9A069B03767E67706F5856BFB1
:20F3200012436F5556BF02436F5292415213621D521356C1FBEF5208620E520856C1FBBC8A
:20F33000520556C1FB9E520656C1FBA4520756C1FBAA6FE9520D56C1FBCB521056C1FBBDCE
:20F34000521156C1FBB26FDF5219620E521956C1FC14521456C1FBE0521556C1FBEF5217A2
:20F3500056C1FBFE6FD093A99DE15321690693A99DAA530D690F6FC79CE176FF3D7EFF80F4
:20F3600088A906A70DA61EA724A9DF0124A81EA776209CAA76FF3DC2FF8088A906A70DA699
:20F370001EA724A9DF0124A81EA776209243FE840006B2BDFE0A964397442B450843CF00D2
:20F38000FFEF036B92441BA9270FFFE60360767E0C68FFEF037292441BA9270FFFE603571F
:20F39000767E0C64FFEF036992441BA9270FFFE6034E767E0C60FFEF036092441BA9270F18
:20F3A000FFE60345767E0C5CFFEF035792441BA9270FFFE6033C767E0C58FFEF0316924453
:20F3B000520EFFE803345214FFE603319244767E0CE4FFEF030A9244520156C00328767E2D
:20F3C0000DDE767E0DC93B10761F02AD02001E022910FF69FFEF02F992445202FFE6031714
:20F3D000767D83A1FFEF0329761F02AB923A56C0030E9244520156C0030A767E0A9E1BA90B
:20F3E0000400ED09767E0B395200ED05767E0B355200EC1628A90400767E0D249A00767E87
:20F3F0000D1C9A00767E0D183B10761F02AD02001E022910FF699A069B02767E6770761F32
:20F4000002AC2B2C9A00761F02AC2B1C767D83939A00767D838C761F02AC9202ED07767D60
:20F410008553761F02AB1A3A0001761F02AB56BF012DFFEF02E2761F02AB923A56C002C729
:20F42000924456C102C41BA91770FFE602C0767E0A9E1BA9040056C002BA767E0B39520067
:20F4300056C002B5767E0B35520056C002B09244767D8393767E5912761F02AC962C767D6B
:20F440008041761F02AC93A93B01922C9EA885A9FF561BA901C2FFE2029A761F02AC9202CE
:20F4500056C002AB767D8529761F02AB1A3A0002FFEF02A3761F02AB923A56C00288924489
:20F4600056C102851BA91770FFE60281767D80415200FFE5027C767E0A9E1BA9040056C059
:20F470000276767E0B39520056C00271767E0B35520056C0026C9244767D838C767E5912B0
:20F48000761F02AC3B01961C761F02AC9E2C85A9FF565264FFE4025B767D804159A9767D0C
:20F49000803D3B019EA185A9FF565264FFE4024F767D803D761F02AC93A93B01921C9EA858
:20F4A00085A9FF561BA901C2FFE20084767D804159A9767D803D3B01761F02AC9EA185A98B
:20F4B000FF5656030AA91EA6921C761F02AC9E2C85A9FF5685A91E4206A600FE68A89648B3
:20F4C000767D803D761F02AC3B012D1C56030AA9324803AB1E4A92481BA905F4FFE7021782
:20F4D0001BA9020CFFE902138F070800A8A90F4AFFE5020DFF2BFF1F0F4AFFE30208761FF0
:20F4E00002AC9202ED07767D84FF761F02AB1A3A0004767E0A9E5448ED198F002710A842D8
:20F4F000064A00FE68B759A9767E0B3993A155A9ED0D8F002710A842064A00FE68A859A919
:20F50000767E0B3593A155A9EC1C9248767E0D248F002710A842064A00FE68B7767E0D1C44
:20F510008F002710A842064A00FE68A8767E0D1828A95555767E0D149A069B02767E67701C
:20F520003B10064A761F02AD1E022910FFEF01D556BF1245FFEF01D192441BA9FFF8FFE42F
:20F5300001B65208FFE201B3767E0A9E93A9924494A8767E0D24767E0A9E1BA905F4650444
:20F5400028A905F46F09767E0A9E1BA9020CFFE301B428A9020C767E0D24FFEF01AE9244ED
:20F550005201FFE60194767D8029544456C101A59244767D8377FFEF01A09244761F02AB73
:20F560005201562A092D6F279244520156C0017F767E0DC9767D856F9A069B03FFEF0157F8
:20F57000767E58F42DA935735444FFE60170767E58F42DA935915444FFE801699244761F9F
:20F5800002AB963CFFEF01799244761F02AB5264562A093B56B61245FFEF016F9244520108
:20F5900056C00155767E0ADE1BA9080056C1016528A908006F5D767E0ABE9E449646767EB7
:20F5A0003D2759A9767E0ABE9EA19647767E0ADE1BA9080056C0013B92461BA9FF38FFE45D
:20F5B000013652C8FFE2013392471BA9FF38FFE4012E52C8FFE2012B767E3D273B01964658
:20F5C00085461E42884406A6FF3A1EA69246FFA080A906A681A700FE68A896471BA9060C56
:20F5D000FFE401151BA909F4FFE2011192476F2092441BA9FFF8FFE4010A5208FFE2010744
:20F5E000767E0ADE93A9924494A8767E0D74767E0ADE1BA909F4690428A909DC6F09767E40
:20F5F0000ADE1BA9060CFFE700D028A905F4767E0D74FFEF00CA9244520156C000E8767E75
:20F600000AD21BA9080056C100F828A908006F57767E4CB893449FA99746767E0AD21BA90C
:20F61000080056C000D492461BA9FF38FFE400CF52C8FFE200CC92441BA907D0FFE400C781
:20F620001BA90A28FFE200C3767E4CB83B01964685461E42884406A6FF3A1EA69246FFA009
:20F6300080A906A681A700FE68A896471BA9060CFFE400AD1BA909F4FFE200A992476F1FBA
:20F6400092441BA9FFF8FFE400A25208FFE2009F767E0AD293A9924494A8767E0D68767E3F
:20F650000AD21BA909F4690428A909DC6F08767E0AD21BA9060C676828A905F4767E0D68BB
:20F660006F639244520156C00082767E0AE21BA9080056C1009228A90800767E0D786F548D
:20F6700092441BA9FFF8647252086270767E0AE293A9924494A8767E0D78767E0AE21BA99C
:20F6800009F4690428A909DC6FE9767E0AE21BA9060C673A28A905F46FE192445201ED5615
:20F69000767E0AC21BA90800EC6728A90800767E0D586F2A92441BA9FFF864485208624671
:20F6A000767E0AC293A9924494A8767E0D58767E0AC21BA909F4690428A909DC6FE9767EF3
:20F6B0000AC21BA9060C671028A905F46FE192445201ED2C767E0AB21BA90800EC3D28A94F
:20F6C0000800767E0D489A069B02767E67706F3492441BA9FFF8641A52086218767E0AB29B
:20F6D00093A9924494A8767E0D48767E0AB21BA909F4690428A909DC6FE5767E0AB21BA927
:20F6E000060C67E228A905F46FDD56BF12456F1456BF02456F119243522466FB560301A91F
:20F6F00076FF3DDE88A906A70DA61EA724A9DF0124A81EA776209245FE8A8BBE0006FE0490
:20F70000964197422B4308410300FFEF00A09242761F02815201562A09106F569242761FEB
:20F7100002811BA907D0562A09116F4E9242761F02811BA907D0562A09126F469242761F24
:20F72000028152FF562A09136F3F9242761F02815263562A09146F389242761F0281526325
:20F73000562A09156F319242761F02815263562A09166F2A9242761F02815263562A091761
:20F740006F239242761F02815263562A09186F1C9242761F02815263562A09196F159242AF
:20F75000761F02815263562A091A6F0E9242761F02815263562A091B6F079242761F028105
:20F760005263562A091C56B612436F509242761F02815206562A091D6FF79242761F0281D3
:20F77000961E6F449242761F02811BA907D0562A091F6FEA9242761F028196206F3792426E
:20F78000761F028196216F329242761F028196226F2D9242761F028196236F289242761F14
:20F79000028196246F239242761F028196256F1E9242761F028196266F199242761F02813A
:20F7A00096276F1456BF02436F119241521766FB560301A976FF3E2888A906A70DA61EA75E
:20F7B00024A9DF0124A81EA776209243FE840006B2BDFE04761F02F4923D2B43761F0282B6
:20F7C0009601767E40EA9B0A00FE69AE761F028296022B042B05767E380B761F02829706BD
:20F7D000767E380B761F02829607761F02F4923D5206ED04767E38076F065200EC07761F07
:20F7E0000280920B761F02829603767E5912761F02829608761F02AB92395201ED0D767ED4
:20F7F00040FE761F0282960902642D091E42300800FE68A86F1B761F02AC922D5201690E6B
:20F80000FF5C761F02829609761F02AC02642D2D1E42761F028236086FEC761F02F5921F83
:20F81000761F02829609767E27CE761F0282960A767E1620761F0282960B767E3D27761FAD
:20F820000282960C767E3D33761F0282960D767E3D6B761F0282960E767E27C2761F028233
:20F83000960F767E27C6761F02829610767E3D27761F02829611767E61AD761F0282961298
:20F840002B13767E277B761F02829614767E61C9761F02829615767E61CD761F0282961648
:20F85000767E4CB8761F02829617767E274B761F02829618767E4CC4761F028296192B1A9C
:20F860002B1B2B1C2B1D767E2757761F0282961E767E275759A9767E276393A155A96304E9
:20F87000767E27636F03767E2757761F0282961F767E2767761F02829620767E3324761F17
:20F8800002829621767E3328761F02829622767E332C761F02829623767E6687761F0282EE
:20F8900096242B25761F02AB9209ED23761F02AC9202ED0E761F02AB9216761F0282520139
:20F8A00056B10127EC19520056B102276F15761F02AC922AED11761F02AB9216761F02820E
:20F8B000520156B10327EC08520056B104276F04761F02822B27761F02AB9203761F02826E
:20F8C0009626761F02AB921A761F02829628761F02AB9208761F02829629761F02AB92051A
:20F8D000761F0282962A761F02AB920C761F0282962B761F02AB9215761F0282962C761F2C
:20F8E00002AB9204761F0282962D767E61AD761F0282962E2B2F761F02BD4129EF031A43A3
:20F8F00000014029EF031A4300024229EF031A4300044329EF031A4300084429EF031A4300
:20F9000000109243761F02829630761F02BDCC2901E0761F0282FFC49631761F02BDCC280E
:20F91000FF00761F0282FFC79632761F02BD9227761F02BD90FF940C761F02829633761F2A
:20F9200002BDCC27FF00761F02BDFFC7940C761F02829634761F02BD9228761F02BD90FF88
:20F93000940C761F02829635761F02BD922A761F02829636761F02BD922B761F0282963747
:20F94000761F02BDCC29F800761F0282FFCAFE8496388BBE0006767E0B99761F0280962779
:20F95000767E0B9D761F02809628767E0BA1761F02809629767E0BCD761F0280962A767E19
:20F960000B81761F0280962B767E0B8D761F0280962C767E0BB1761F0280962D767E0BBD78
:20F97000761F0280962E767E0B85761F0280962F767E0B89761F02809630767E0B91761FB2
:20F9800002809631767E0B95761F02809632767E0B65761F02809633767E0B6D761F0280E4
:20F990009634767E0B41761F028096350006FE02767E58F4761F02819B1056BF100095A9FF
:20F9A000761F02E4974156030841943E761F02819601280203E8767E0ACA761F0281560383
:20F9B00008A99C019603767E0A72761F02819604767E0A6E761F02819605767E0A6A761F12
:20F9C00002819606767E0A66761F02819607767E0A62761F02819608767E0A8E761F028135
:20F9D00096092B0A56BF700B761F02AB9217761F0281960CFE82280D03E8280E03E8280F16
:20F9E00003E80006FE02761F0280921A761F0281541056C100DB9210761F0280961AED226D
:20F9F0002B412B082B022B052B002B012B062B0392415208630C3B018F00A01F8541560102
:20FA000000A42BC40A419241520864F6761F02802B122B152B102B112B162B132B14FFEFCA
:20FA100000B2520156C000A6761F02819212761F02802B412B052B429602761F02819213E4
:20FA2000761F0280960092415208630D2D419A01761F0280FF66CE00EC020A420A419241D1
:20FA3000520864F5924256B501426504520856B2084292429601761F02810E11761F028013
:20FA40002B03F60F1F019606761F02819214761F0280961F761F02819215761F02809620A1
:20FA5000761F02819216761F02809621761F02819217761F02809622761F02819218761F21
:20FA600002809623761F02819219761F02809624761F0281921A761F02809625761F028109
:20FA7000921B761F028096269206761F02819E1F964263032B426F07761F02809206544223
:20FA8000562A0442761F028092422B152B109612761F02812B413B018F0007D0921C761F29
:20FA900002809611761F0281921D761F02809616761F0281921E761F028096132B14854116
:20FAA0000FA4670E3B018F00C0008541560100A42BC40A418F0007D085410FA468F4761FC8
:20FAB000028056BF0108761F028156BF02106F0A5203680B0A191B1902586807761F0281DE
:20FAC0002B10761F02802B19FE820006FE0697449643A8422B456F188A429245944358A9F6
:20FAD000929496468A4292449E4558A993948A429245944358A9979492448A429E4558A93B
:20FAE000924696940A4592449E439C01FFC0544566E4FE860006FE04761F0280920852022E
:20FAF000ED38921496432B412B4292069CFF96449201544169291B4407D06803284407CFCF
:20FB0000924454438F00C000562A084392435442562A0842934392429DFF767DFAC68F00A1
:20FB1000C00092439344767DFAC68F00C00092429344767DFAC692060A4172427243724407
:20FB20009201544166D92B08761F028156BF0310FE840006761F02E4923E520256C1060F98
:20FB3000520356C104C1520556C10372520656C102BF520856C1015C520D56C100B5521214
:20FB400056C00759761F02D628231025761F02D628221025761F02D628270CF6761F02D62B
:20FB500028240CF4761F02D6282B0192761F02D6282E057C9AA0761F02D628290248761FDB
:20FB600002D62828057C761F02D6282D057C761F02D656BF1C1A761F02D656BF1C19761F95
:20FB700002E456BF8C3F761F02CC56BF0E2D761F02CC283204F9761F02CC2833048F761F5C
:20FB800002CC56BF5830761F02CC56BF5031761F02CC28080168761F02D656BFCF21761FFE
:20FB900002D656BF461E761F02D856BF4618767E596728A90168767E596E761F02D82801E1
:20FBA0000212761F02D728250212761F02D828030258761F02D8281901EF761F02F8280A0D
:20FBB00023E4761F02F828060428761F02F856BF6C0B761F02F828030276761F02F8280041
:20FBC000026C761F02F8280801D6761F02F956BF5004761F02F828021220761F02F8280185
:20FBD0000BEA767E0FA6761F02E5A80E767E0FA9761F02F628061F40761F02F6280927108A
:20FBE000761F02AB56BF503B761F02D8281707AB761F02F62805F830761F02F62835FB50AC
:20FBF000FFEF02B0761F02D628231025761F02D628221025761F02D628270CF6761F02D651
:20FC000028240CF4761F02D6282B0192761F02D6282E04409AA0761F02D628290248761F67
:20FC100002D628280440761F02D6282D0470761F02D656BF181A761F02D656BF1819761F36
:20FC200002E456BF8C3F761F02CC56BF112D761F02CC283203B4761F02CC2833036F761F0F
:20FC300002CC56BF3730761F02CC56BF2D31761F02CC2808014A761F02D656BF1B1E761F66
:20FC400002D856BF1B18767E596728A90168767E596E761F02D828010212761F02D7282572
:20FC50000212761F02D828030258761F02D8281901EF761F02F8280A2451761F02F82806F9
:20FC60000428761F02F856BF6C0B761F02F828030276761F02F82800026C761F02F8280827
:20FC7000014A761F02F956BF3C04761F02F828021220761F02F828010BEA767E0FA6761F6E
:20FC800002E5A80E767E0FA9761F02F628061770761F02F628091D4C761F02AB56BF3C3BE4
:20FC9000761F02D8281706BAFFEFFF54767E58F4520456C100B1761F02D628231025761FC5
:20FCA00002D628221025761F02D628270CF6761F02D628240CF4761F02D6282B0192761F8E
:20FCB00002D6282E057C9A50761F02D628290248761F02D62828057C761F02D6282D057C12
:20FCC000761F02D656BF1A1A761F02D656BF1419761F02E456BF8C3F761F02CC56BF0E2DB1
:20FCD000761F02CC2832040A761F02CC28330355761F02CC56BF2830761F02CC56BF233197
:20FCE000761F02CC56BFE608761F02D656BF281E761F02D856BF2818767E59679AB4767E1C
:20FCF000596E761F02D828010109761F02D728250109761F02D82803012C761F02D828194F
:20FD000001EF761F02F8280A2451761F02F828060428761F02F856BF6C0B761F02F82803FF
:20FD1000013B761F02F828000136761F02F82808012C761F02F956BF3204761F02F8280229
:20FD20001220761F02F828010BEA767E0FA6761F02E5A80E767E0FAC761F02F628060FA0F0
:20FD3000761F02F628091388761F02AB283C0104761F02D828170F08761F02F62805FB50E5
:20FD4000761F02F62835FCE0761F02AB56BF463BFFEF0546761F02D628231025761F02D672
:20FD500028221025761F02D628270CF6761F02D628240CF4761F02D6282B0192761F02D6DD
:20FD6000282E057C9AA0761F02D628290248761F02D62828057C761F02D6282D057C761F54
:20FD700002D656BF1A1A761F02D656BF1419761F02E456BF8C3F761F02CC56BF0E2D761F00
:20FD800002CC283204F9761F02CC2833048F761F02CC56BF5830761F02CC56BF5031761F5F
:20FD900002CC280801A4761F02D656BFCF21761F02D656BF461E761F02D856BF4618767E82
:20FDA000596728A90168767E596E761F02D828010212761F02D728250212761F02D8280379
:20FDB0000258761F02D8281901EF761F02F8280A23F0761F02F828060428761F02F856BFD8
:20FDC0006C0B761F02F828030276761F02F82800026C761F02F8280801D6761F02F956BF1A
:20FDD0003204761F02F828021220761F02F828010BEA767E0FA6761F02E5A80E767E0FA9BE
:20FDE000761F02F628060FA0761F02F628091388761F02D8281703E9761F02F62805FB50A1
:20FDF000761F02F62835FCE0FFEF00A8761F02D628231025761F02D628221025761F02D651
:20FE000028270CF6761F02D628240CF4761F02D6282B0192761F02D6282E03189AA0761FD8
:20FE100002D628290248761F02D628280318761F02D6282D0470761F02D656BF1A1A761F06
:20FE200002D656BF1419761F02E456BF8C3F761F02CC56BF1A2D761F02CC283204D9761F5F
:20FE300002CC28330355761F02CC56BF3030761F02CC56BF2B31761F02CC56BFB408761FBC
:20FE400002D656BF281E761F02D856BF2818767E596728A90168767E596E761F02D828016A
:20FE50000212761F02D728250212761F02D828030258761F02D8281901EF761F02F8280A5A
:20FE60002451761F02F828060428761F02F856BF6C0B761F02F828030276761F02F8280020
:20FE7000026C761F02F82808012C761F02F956BF2804761F02F828021220761F02F82801A4
:20FE80000BEA767E0FA6761F02E5A80E767E0FA9761F02F628060C80761F02F628090FA032
:20FE9000761F02D8281707A4761F02F62805FC18761F02F62835FDA8761F02AB56BF323BD8
:20FEA000761F02AB283C0208FFEF03EA767E58F4520456C100A1761F02D628231025761FE7
:20FEB00002D628221025761F02D628270CF6761F02D628240CF4761F02D6282B0192761F7C
:20FEC00002D6282E03399A50761F02D628290248761F02D628280339761F02D6282D0339CF
:20FED000761F02D656BF1A1A761F02D656BF1419761F02E456BF8C3F761F02CC56BF192D94
:20FEE000761F02CC2832052F761F02CC28330470761F02CC56BF3830761F02CC56BF333123
:20FEF000761F02CC28080122761F02D656BF291E761F02D856BF2918767E59679AB4767EB8
:20FF0000596E761F02D828010109761F02D728250109761F02D82803012C761F02D828193C
:20FF100001EF761F02F8280A23F0761F02F828060428761F02F856BF6C0B761F02F828034F
:20FF2000013B761F02F828000136761F02F8280801D6761F02F956BF3204761F02F828026D
:20FF30001220761F02F828010BEA767E0FA6761F02E5A80E767E0FAC761F02AB283C01049D
:20FF4000761F02AB56BF463B761F02D828170855FFEF00A0761F02D628231025761F02D6D6
:20FF500028221025761F02D628270CF6761F02D628240CF4761F02D6282B0192761F02D6DB
:20FF6000282E03709AA0761F02D628290248761F02D628280370761F02D6282D0339761FB3
:20FF700002D656BF1A1A761F02D656BF1419761F02E456BF8C3F761F02CC56BF172D761FF5
:20FF800002CC283204D9761F02CC28330355761F02CC56BF3230761F02CC56BF2E31761F00
:20FF900002CC56BFA008761F02D656BF281E761F02D856BF2818767E596728A90168767E58
:20FFA000596E761F02D828010212761F02D728250212761F02D828030258761F02D828195B
:20FFB00001EF761F02F8280A2451761F02F828060428761F02F856BF6C0B761F02F828034D
:20FFC0000276761F02F82800026C761F02F82808012C761F02F956BF2804761F02F828020E
:20FFD0001220761F02F828010BEA767E0FA6761F02E5A80E767E0FA9761F02AB283C0208FB
:20FFE000761F02AB56BF323B761F02D8281707A4761F02F628060AF0761F02F628090DACB8
:20FFF000FFEF0296767E58F4520156C1009D761F02D628231025761F02D628221025761FB6
:02000004003EBC
:2000000002D628270CF6761F02D628240CF4761F02D6282B0192761F02D6282E03189A50E3
:20001000761F02D628290248761F02D628280318761F02D6282D0470761F02D656BF1A1A04
:20002000761F02D656BF1419761F02E456BF8C3F761F02CC56BF1A2D761F02CC283202D464
:20003000761F02CC2833026D761F02CC56BF1C30761F02CC56BF1731761F02CC56BF780807
:20004000761F02D656BF281E761F02D856BF2818767E59679AB4767E596E761F02D82801BF
:200050000109761F02D728250109761F02D82803012C761F02D8281901EF761F02F8280A99
:200060002451761F02F828060428761F02F856BF6C0B761F02F82803013B761F02F828005A
:200070000136761F02F82808012C761F02F956BF2804761F02F828021220761F02F82801D9
:200080000BEA767E0FA6761F02E5A80E767E0FAC761F02AB283C0104761F02D828170F4732
:20009000FFEF009B761F02D628231025761F02D628221025761F02D628270CF6761F02D6C3
:2000A00028240CF4761F02D6282B0192761F02D6282E03189A28761F02D628290248761F64
:2000B00002D628280318761F02D6282D0470761F02D656BF1A1A761F02D656BF1419761FBD
:2000C00002E456BF8C3F761F02CC56BF1A2D761F02CC28320205761F02CC283301B8761FCB
:2000D00002CC56BF1430761F02CC56BF0F31761F02CC56BF7808761F02D656BF281E761FDC
:2000E00002D856BF2818767E59679A5A767E596E761F02D856BF8501761F02D756BF852537
:2000F000761F02D856BF9603761F02D8281901EF761F02F8280A2451761F02F82806042814
:20010000761F02F856BF6C0B761F02F856BFA003761F02F856BF9B00761F02F82808012C52
:20011000761F02F956BF2804761F02F828021220761F02F828010BEA767E0FA6761F02E541
:20012000A80E767E0FAF761F02AB56BF823C761F02D828171E8E761F02F6280607D0761FC1
:2001300002F6280909C4761F02F62805FC18761F02F62835FDA8FFEFFC09767E58F45201D6
:2001400056C100A1761F02D628231025761F02D628221025761F02D628270CF6761F02D6E3
:2001500028240CF4761F02D6282B0192761F02D6282E03189A50761F02D628290248761F8B
:2001600002D628280318761F02D6282D0470761F02D656BF1A1A761F02D656BF1419761F0C
:2001700002E456BF8C3F761F02CC56BF1A2D761F02CC283202D4761F02CC2833026D761F95
:2001800002CC56BF1C30761F02CC56BF1731761F02CC56BF6408761F02D656BF281E761F2F
:2001900002D856BF2818767E59679AB4767E596E761F02D828010109761F02D728250109FC
:2001A000761F02D82803012C761F02D8281901EF761F02F8280A2451761F02F828060428B9
:2001B000761F02F856BF6C0B761F02F82803013B761F02F828000136761F02F82808012C44
:2001C000761F02F956BF2804761F02F828021220761F02F828010BEA767E0FA6761F02E591
:2001D000A80E767E0FAC761F02AB283C0104761F02AB56BF3C3B761F02D828170F47FFEF3F
:2001E000009F761F02D628231025761F02D628221025761F02D628270CF6761F02D6282410
:2001F0000CF4761F02D6282B0192761F02D6282E03189A28761F02D628290248761F02D687
:2002000028280318761F02D6282D0470761F02D656BF1A1A761F02D656BF1419761F02E45D
:2002100056BF8C3F761F02CC56BF1A2D761F02CC283201D1761F02CC2833019E761F02CCE0
:2002200056BF1230761F02CC56BF0F31761F02CC56BF6408761F02D656BF281E761F02D894
:2002300056BF2818767E59679A5A767E596E761F02D856BF8501761F02D756BF8525761F2A
:2002400002D856BF9603761F02D8281901EF761F02F8280A2451761F02F828060428761FC2
:2002500002F856BF6C0B761F02F856BFA003761F02F856BF9B00761F02F82808012C761F01
:2002600002F956BF2804761F02F828021220761F02F828010BEA767E0FA6761F02E5A80ECF
:20027000767E0FAF761F02AB56BF823C761F02AB56BF463B761F02D828171E8E761F02F6E8
:2002800028060640761F02F6280907D0761F02F62805FC18761F02F62835FDA8761F02E57C
:20029000A80C761F02FC56BF9611761F02D856BFE115767E58F4761F02BD2DA93596960DF9
:2002A000767E58F4761F02BD2DA935789610767E58F4761F02BD2DA93596960F767E58F467
:2002B000761F02BD2DA935789614767E58F4761F02BD2DA935879609767E58F4761F02BD54
:2002C0002DA935699608761F02BD280B3A98761F02BD280A3A98767E58F4761F02BD2DA9F1
:2002D00035879605767E58F4761F02BD2DA93587960E767E58F4761F02BD2DA9356996004F
:2002E000761F02F99204761F02BD9603761F02AB923B761F02BD9602767E58F42DA9356441
:2002F000761F02BD960C0006AABDA2BD9B002BAB2BAABE00D400D500D0002BACB600D3004F
:20030000D200761F01C456BF801A4D00EEFF761F002C92071BA9013668381BA902E968318B
:200310001BA9041F682A1BA9055568251BA9068B681E1BA9087C68191BA90A2E68141BA9C9
:200320000B64680F1BA90D55680A1BA90F456803D8016F1C92AC9C012DA96F18DA016F16C0
:20033000DD016F14DF016F12DC016F1092AB9C0127A96F0C9D016F0A92A39C015BA96F0608
:2003400092AA9C012FA96F02DE015364665392A35264664B92AB5264664292AA5264663A63
:2003500092A65264663292A45264662A92A55264662292A05264661A92AC5264661192A20F
:200360005264660992A75264699D761F02E456BF123E6F0A761F02E456BF0D3E6F05761F26
:2003700002E456BF083E9A046F2A761F02E456BF063E6FFA761F02E456BF053E6FF5761FEC
:2003800002E456BF083E6F0F761F02E456BF053E6F0A761F02E456BF033E6F05761F02E492
:2003900056BF023E9A026F0B761F02E456BF033E6F05761F02E456BF023E9A01767E594B9A
:2003A00082BE86BE0006B2BD7622D0198D40701056BF6891761A3B1076260000762F00004C
:2003B000762276FD7C80FF698AA1DC0C1AC400083E67761F01C0181CFFF7761A762218D18F
:2003C000BFFF1A1220001812FFFD1A1200011812FFFB1A1204001812FEFF761A43C9EF06B4
:2003D00076221A110010761A7625CC110180EC0576221811FE7F761A8F007010D0119294DC
:2003E000901F5209EC1376221ACC0040CC21FFE050099621761A762256BF6829761A4011AB
:2003F000EFFF76221811FFBF761A762283A4DD011AC50180761A7622D00B56BF049483A41C
:20040000CCC4FFFEDD0D500296C41AC5000183A41A1D0002DD0C1A1D00041A1D00081A1DDF
:2004100000101A1D0020181DFFBF181DFF7F18C5FFFE83A4DD091A1C0004DC10181DBFFFBF
:20042000181D7FFF1A1D01001A1D02001A1D04001AC501001A1902001819FBFF1819F7FFF6
:200430001A1C000818C4FFFE1820FFFD1820FFFB1820FEFF1820FDFF1820FBFF1820F7FF66
:200440001820BFFF18207FFF181CFFEF181CFEFF181CFDFF1A1C04001A1C0800181CEFFFD3
:200450001A1C40001A1C0004761A8BBEFF6900063B10761F00331820FFFE2B222B24FF6949
:200460002B262B282B2A2B2C2B2E2B302B322B342B362B382B232B252B272B292B2B2B2D06
:200470002B2F2B312B332B352B372B39000676228F7F327E8F000D00BE7F06851E84000EC2
:20048000FFFE761AFF69761F00331A2000010006A0A9C4440FA4690B03A4190183A99284E3
:20049000DD819686020019010FA5EDFA00067622761F01C0181CFFFB761A76228F006800DA
:2004A000D014761F01A083A4CC94FFFE5002DD0D9614CC14FFFB500896141AC500C0761AAD
:2004B00083A4280509282B03DD0F2B0418C4E3FF18C4FC7FCCC4FFFE500296C418C4FFFB3A
:2004C00018C4FFF71AC4003018FCFFEF1807FFFC1807FFBF1807FFF3280B0555280C055517
:2004D0002809FFFF280AFFFF18C5FFFC83A4DD1ACC0FFFFB5008960F56BFB41156BFB41032
:2004E00018C5FFF383A4DD19DC1CCC1AFFFC5001961A1AC50008CC19FFF8500296191AC494
:2004F000000176228F006840D01483A4761F01A1DD0DCC94FFFE50029614CC14FFFB500865
:2005000096141AC500C0761A83A4D019DD0F280509282B032B0418C4E3FF18C4FC7FCCC4A6
:20051000FFFE500296C418C4FFFB18C4FFF71AC4003018FCFFEF1807FFFC1807FFBF180754
:20052000FFF3280B0555280C05552809FFFF280AFFFF18C5FFFC83A4DD1ACC0FFFFB50082C
:20053000960F56BFB41156BFB41018C5FFF3CC1AFFFC5001961ACC94FFF85001DC1C961953
:20054000761F01A21AC400018F00688083A4DD0F280511932B032B0418C4E3FF18C4FC7FB7
:2005500018C4FFFC18C4FFFB18C4FFF71AC4003018FCFFEF1807FFBF1807FFFC1807FFF3F4
:20056000280B0AAA280C0AAA2809FFFF280AFFFF18C5FFFC83A4DD1A18C5FFF383A4DD196B
:20057000DC1CCC1AFFFC5001961A18C5FFF7CC19FFF850029619761F01A31AC400018F003A
:2005800068C083A4DD0F280511932B032B0418C4E3FF18C4FC7F18C4FFFC18C4FFFB18C454
:20059000FFF71AC4003018FCFFEF1807FFBF1807FFFC1807FFF3280B0555280C05552809F1
:2005A000FFFF280AFFFF18C5FFFC83A4DD1A18C5FFF383A4DD19DC1CCC1AFFFC5001961A51
:2005B00018C5FFF7CC19FFF8500296191AC400017622D0148F006900761F01A4CC94FFFE91
:2005C00050029614761A83A4DD0F280509282B032B0418C4E3FF18C4FC7FCCC4FFFE5002CD
:2005D00096C418C4FFFB18C4FFF71AC4003018FCFFEF1807FFFC1807FFBF1807FFF3280BBE
:2005E0000555280C05552809FFFF280AFFFF18C5FFFC83A4DD1A18C5FFF383A4DD19DC1CDA
:2005F000CC1AFFFC5001961A1AC50008CC19FFF850019619761F01A51AC400018F006940F4
:2006000083A4DD0F2805AFC72B032B0418C4E3FF18C4FC7F18C4FFFC18C4FFFB18C4FFF733
:200610001AC4003018FCFFEF1807FFBF1807FFFC1807FFF3280B0555280C05552809FFFF68
:20062000280AAFC718C5FFFC83A4DD1A18C5FFF383A4DD19DC1CCC1AFFFC5001961A1AC577
:200630000008CC19FFF8500296191AC400017622761F01C01A1C0004761AFF690006761F2B
:2006400001A88F006A002B1683A42818FFFFDD1418C5FEFF83A4DD1518C5FFEF8F406A204A
:200650001815FDFFC4A51A150001DE141A1500C0DC161815FFDF1815FFF91A14000118146A
:20066000FFFD1814C1FF761F01A82B362838FFFF18C6FEFFC4A5DE1518C6FFEFDD167680A9
:200670006A40C5A6DF141835FDFF1A3500011A3500C01835FFDF1835FFF91A3400011834AF
:20068000FFFD1834C1FF761F01A92B162818FFFF18C7FEFFC5A6DF15DE1618C7FFEF18156B
:20069000FDFF1A1500011A1500C01815FFDF1815FFF91A1400011814FFFD1814C1FF761F27
:2006A00001A81A1500081A140100761F01A81AC400021A3500081A340100761F01A91AC549
:2006B00000021A1500081A140100761F01A81AC600021A150010761F01A81A350010761F31
:2006C00001A91A1500100006FE0296410B416F04F66477000B411B41FFFFEDFBFE82FF694E
:2006D00000067622761F01C076FD7C80FF691A1C00083E67761A76228F0071001AC4004016
:2006E0001AC400201AC400801AC4400018C4FFF7761AFF6928A915B3767E06C47622761F32
:2006F00001C41ACC00011801FFFB761AFF69767E06C47622D02183A4DD101AC5800083A452
:20070000DD2018C5FC3FCC94FC7F5040D0229621CC94FC3F5080D0239622CC94FCFF50C02F
:20071000D0249623CC94FC3F1AA90100D0259624CC94FC7F1AA90140D0269625CC94FC3FE3
:200720001AA90180D0279626CC94FDFF1AA901C0D0289627CC94FE3F1AA90200D029962814
:20073000CC94FE7F1AA90240D02A9629CC94FE3F1AA90280D02B962ACC94FEFF1AA902C08F
:20074000D02C962BCC94FF3F1AA90300D02D962CCC94FF7F1AA90340D02E962DCC94FFBFF6
:200750001AA90380DC2F962E1AC403C0CC20FFC050069620CC21FFC050069621CC22FFC0B6
:2007600050069622CC23FFC050069623CC24FFC050069624CC25FFC050069625CC26FFC07D
:2007700050069626CC27FFC050069627CC28FFC050069628CC29FFC050069629CC2AFFC04D
:200780005006962ACC2BFFC05006962BCC2CFFC05006962CCC2DFFC05006962DCC2EFFC01D
:200790005006962ECC2FFFC05006962F182007FF182107FF182207FF182307FF182407FF1A
:2007A000182507FF182607FF182707FF182807FF182907FF182A07FF182B07FF182C07FF05
:2007B000182D07FF182E07FF182F07FF761AFF69000676228F006F80761F01BE83A4DD0CCD
:2007C0001AC50001CCF4FFFC500183A496061A0C0002DD0ACC06FFF7500496061A0C000479
:2007D000D009CC06FFDF501096061A0C0008CC06FF7F504096061A0C0010CC06FDFF1AA913
:2007E000010096061A0C0020CC06F7FF1AA9040096061A0C0040CC06DFFF1AA91000960666
:2007F00018C5FF7F8F406FC0C4A5DE0418063FFF1A0C0100CCFCFFFC500196071A0C0200E9
:20080000CC07FFF7500496071A0C04001AC60400C4A4DE0D1A0A04001807FFCF1A0C08007A
:20081000761F01BF1A040800761F01BE1A0A08001807FF3F1A0C1000761F01BF1A041000B7
:20082000761F01BE1A0A10001807FCFF180CDFFF761F01BF1A042000761F01BE1A0A2000E9
:200830001807F3FF180CBFFF761F01BF1A044000761F01BE1A0A40001807CFFF180C7FFFBB
:2008400018DC3FFFCC073FFF1AA9400096071AC60001C4A4DE0B1AED00011AC60001C4A432
:20085000DE0818C6FFFC1A0D0002761F01BF1A050002761F01BE1808FFF31A0B00021A0D76
:200860000004761F01BF1A050004761F01BE1A0B00041808FFCF1A0D0008761F01BF1A05EE
:200870000008761F01BE1A0B00081808FF3F1A0D0010761F01BF1A050010761F01BE1A0B4D
:2008800000101808FCFF1A0D0020761F01BF1A050020761F01BE1A0B00201808F3FF180D82
:20089000FFBF1A083000180DFF7F1AE4C0001A08C000180DFEFF18ECFFFCCC94FFFC500128
:2008A00096091A0D0200761F01BF1A050200761F01BE1A0B02001809FFF31A0D0400180920
:2008B000FFCF180BFBFF1A0D08001809FF3F180BF7FF180DEFFF1A050300CC09FDFF1AA9CD
:2008C00001009609180DDFFFCC09F7FF1AA904009609180DBFFF1A053000CC09DFFF1AA99C
:2008D00010009609180D7FFFCC093FFF1AA940009609761A7622C4A4DE1C1AC60001C4A52D
:2008E000DE0A1AC60001C4A4DE1618C6FFFCC4A4DE1A1AC60001C4A4DE171A1C0002761F8F
:2008F00001BF1A0A0002761F01BE1816FFF31A1A00021A1C00041816FFCF181AFFFB1A1CC0
:2009000000081816FF3F181AFFF71A1C00101816FCFF181AFFEF1A1C00201816F3FF181A04
:20091000FFDF1A1C008018163FFF181AFF7F1A1C0100181AFEFF18C6FFFCC4A5DE0C181C51
:20092000FDFF1AC60200C4A4DE1D1A1A02001817FFF31A1C0400761F01BF1A0C0400761FD1
:2009300001BE1A1A04001817FFCF1A1C0800761F01BF1A0C0800761F01BE1A1A0800181733
:20094000FF3F181CEFFF761F01BF1A0A1000761F01BE1817FCFF1A1A10001AC60004C4A59F
:20095000DE0DDD0B1AC60004C4A4DE1818C6FFCFC4A4DE1BDC191AC600041A1D0008761FB8
:2009600001BF1A0D0008761F01BE1818FF3F1A1B00081A1D0010761F01BF1A0D0010761F21
:2009700001BE1818FCFF1A1B0010181DFFDF761F01BF1A0D0020761F01BE1818F3FF1A1BDE
:200980000020181DFFBF1818CFFF181BFFBF1A1D00801AC5008018183FFF1A1B0080181DE7
:20099000FEFF761F01BF1A0B0100761F01BE1A1B010018C4FFFC1A1D0200761F01BF1A0BBB
:2009A0000200761F01BE1819FFF31A1B02001A1D0400761F01BF1A0B0400761F01BE181949
:2009B000FFCF1A1B0400761AFF690006761F01C156BF071056BF031156BF021256BF4913DC
:2009C00056BF031456BF2311761F01DD56BF071056BF031156BF021256BF491356BF031414
:2009D00056BF23110006FE02767E03A33B1076260000762F0000FF69767E0458767E04776B
:2009E0008F0080008F7F1EE5A8428F3F1000767E048876408EC8767E0497767E063F767EC7
:2009F00006D1767E07B9767E09B69B019A04767E3308767E60147622761F00358F0083D094
:200A0000A8208F0080A6A8288F008000A82A761F00348F3E6882A83E761F00358F3E5BB997
:200A1000A8308F3E5B0EA832761F00378F3E5BA0A8008F3E5B87A8028F3E5B6EA8048F3E3A
:200A20005B55A8068F008A82A80A761A7623018C8F000CE0761F003383A4FF69DD061AC5C1
:200A300000011A26002083A41A260010DD081AC5000183A41A280002DD10DC121AC50001E3
:200A40001AC400011A3200021A3200041A3200081A320020767E2178767E26C0767E02F408
:200A5000767DFB2A767E225BFE820006761F02EA96060006761F02EA96050006761F02E6B5
:200A6000921A0006761F02E692110006761F02E692080006761F02E692070006761F02E6E8
:200A700092060006761F02E692050006761F02E692040006761F02E692020006761F02E601
:200A800092030006761F02EA92380006761F02EA92060006761F02EA92050006761F02E6B0
:200A900092100006761F02EA921B0006761F02EA92010006761F02E6920F0006761F02E6AF
:200AA00092090006761F02EA92040006761F02EA92030006761F02E692190006761F02E6B1
:200AB00092180006761F02E692150006761F02EA923F0006761F02E692170006761F02EA47
:200AC00092090006761F02E692140006761F02EA92220006761F02EA923D0006761F02EA3A
:200AD000923E0006761F02E692120006761F02E692160006761F02E6921B0006761F02E631
:200AE000920D0006761F02E692130006761F02EA921E0006761F02EA921F0006761F02EA39
:200AF00092200006761F02EA92210006761F02EA921D0006761F02E592120006761F02E61B
:200B0000921C0006761F02EA92000006761F02E69200000628A908000006761F02E6920104
:200B10000006761F02EB92000006761F02EA92370006761F02EB92040006761F02EB920320
:200B20000006761F02EB92020006761F02EB92010006761F02EA923B0006761F02EA923CD5
:200B30000006761F02EA923A0006761F02E6920E0006761F02E6920A0006761F02E6920BF0
:200B40000006761F02EA92360006761F02E592020006761F02E592030006761F02EA9213ED
:200B50000006761F02EA92150006761F02EA92140006761F02EA92180006761F02EA920BD5
:200B60000006761F02EA920A0006761F02EA92340006761F02EA920C0006761F02EA923592
:200B70000006761F02EA92100006761F02EA920F0006761F02EA92110006761F02EA9217BA
:200B80000006761F02EA922C0006761F02EA92300006761F02EA92310006761F02EA922D37
:200B90000006761F02EA92320006761F02EA92330006761F02EA92190006761F02EA92293A
:200BA0000006761F02EA922A0006761F02EA921C0006761F02EA920D0006761F02EA921A64
:200BB0000006761F02EA922E0006761F02EA92120006761F02EA920E0006761F02EA922F44
:200BC0000006761F02EA92160006761F02EA92390006761F02E6920C0006761F02EA922B2F
:200BD000000688A99B009CFFEC09D000DE828F00B9529594D801000EFFFE9A00761F02E5B6
:200BE000551756B101A9000688A99B009CFFEC09D000DE828F00BA809594D801000EFFFE70
:200BF0009A00761F02EB550B56B101A9000688A99B009CFFEC09D000DE828F00B980959435
:200C0000D801000EFFFE9A00761F02E6551E56B101A90006B2BDAABDA2BD5AA859A982A450
:200C1000767E5DAD92A1FFC6907E50A8767E5D44767E5DD95201EC21CCA100FF767E5D44A8
:200C2000767E5DD95201EC1992A2EC1E9CFFD1005AA940A1EE0792A1FFC058A99293FFC7D1
:200C30006F0692A1FFC058A9CC9300FF767E5D44767E5DD95201ED05767E5D899A016F11E5
:200C4000D901000AFFE8767E5D89761F02E556BF010628A9BFFF767E67445200ECFB9A0056
:200C500082BE86BE8BBE0006761F02E6961A0006761F02E696110006761F02E69608000633
:200C6000761F02E696070006761F02E696060006761F02E696050006761F02E6960B0006F3
:200C7000761F02EA963B0006761F02EA96360006761F02EA963C0006761F02E59602000646
:200C8000761F02E596030006761F02E696040006761F02E696020006761F02E696030006E5
:200C9000761F02EA96130006761F02EA96150006761F02EA96140006761F02EA961800067C
:200CA000761F02EA960B0006761F02EA96380006761F02EA960A0006761F02EA963400063F
:200CB000761F02EA960C0006761F02EA96350006761F02EA96100006761F02EA960F000650
:200CC000761F02EA96110006761F02EA96170006761F02EA962C0006761F02EA962B000621
:200CD000761F02EA96300006761F02EA96310006761F02EA962D0006761F02EA96320006D0
:200CE000761F02EA96330006761F02E696100006761F02EA96190006761F02EA96290006FF
:200CF000761F02EA962A0006761F02EA961C0006761F02EA960D0006761F02EA961A000603
:200D0000761F02EA961B0006761F02EA962E0006761F02EA96120006761F02EA960E0006F6
:200D1000761F02EA96010006761F02E6960F0006761F02E6960E0006761F02E6960A000633
:200D2000761F02EA963A0006761F02E696090006761F02EA962F0006761F02EA96040006CD
:200D3000761F02EA96030006761F02EA96160006761F02EA96390006761F02E6960C0006D5
:200D4000761F02E696190006761F02E696180006761F02E696150006761F02EA963F0006A6
:200D5000761F02E696170006761F02EA96090006761F02E696140006761F02EA96220006C1
:200D6000761F02EA963D0006761F02EA963E0006761F02E696120006761F02E69616000664
:200D7000761F02E6961B0006761F02E6960D0006761F02E696130006761F02EA961E0006A2
:200D8000761F02EA961F0006761F02EA96200006761F02EA96210006761F02EA961D000662
:200D9000761F02E596120006761F02E6961C0006761F02EA96000006761F02E696000006AE
:200DA000761F02E696010006761F02EB96000006761F02EA96370006761F02EB9604000685
:200DB000761F02EB96030006761F02EB96020006761F02EB9601000658A992A8EC0A9CFFF7
:200DC0008F40BA8088A992949695D801000EFFFD0006761F02E59A009B4B8A0C767E0DBC50
:200DD000000658A992A8EC0A9CFF8F40B98088A992949695D801000EFFFD0006761F02E542
:200DE0009A009B1E8A0E767E0DD10006B2BDAABDFE02D0009A00BE048D80B9522B412BEA95
:200DF000949296EAD801000EFFFDD1039B0C28A901168AA2767E5DE05200ED125CAD9B02A3
:200E000028A90120DC81767E5E555200ED09924154EAED06FF202000767E3B186F08D98139
:200E100092A1EDE5FF202000767E3821FE8286BE8BBE0006B2BDD1039B0C8F00B95228A9C9
:200E20000116767E5E555200ED0B9A06767E0BD15201ED06FF202000767E3B186F15D98190
:200E300092A1EDEBFF202000767E38219A00767E0D908D406FC08AA1DC051AC40002767E04
:200E40000DE61AD900028BBE0006B2BDD1039AD69B408F00B9C0767E5DE05200ED039A01B7
:200E50006F05D98192A1EDF49A008BBE0006B2BDD1039AD69B408F00B9C0767E5E55520028
:200E6000EC12D98192A1EDF6FF202000767E38218D406FC08AA1DC051AC40002767E0E4549
:200E70001AD900028BBE0006B2BDAABDFE02D04B8D80BA80BE4A2B412B92D0009A00949225
:200E8000D14BD801969A000EFFFCD1039A3E9B988AA2767E5DE05200ED125CAD9AD49B0283
:200E9000DC81767E5E555200ED0AD04B92415492ED06FF202000767E3B186F08D98192A1A4
:200EA000EDE6FF202000767E3821FE8286BE8BBE0006B2BDAABDD1038D80BA809A3E9B98C4
:200EB0008AA2767E5E555200ED0FD04A1B92AAAAED0B9A4C767E0BE45201ED06FF202000A0
:200EC000767E3B186F19D98192A1EDE9FF202000767E3821761F02E59A009B4B8A0C767ECE
:200ED0000DBC8D406FC08AA1DC051AC40002767E0E741AD9000286BE8BBE0006B2BDAABD7D
:200EE000FE02D01E8D80B980BE1D2B412B92D0009A009492D11ED801969A000EFFFCD10355
:200EF0009A009B3E8AA2767E5DE05200ED125CAD9A3C9B02DC81767E5E555200ED0AD01E0A
:200F000092415492ED06FF202000767E3B186F08D98192A1EDE6FF202000767E3821FE82BC
:200F100086BE8BBE0006B2BDAABDA2BDD100D2038DC0B9809A009B3E8AA3767E5E55520034
:200F2000ED0FD01D1B93AAAAED0B9A1F767E0BF75201ED06FF202000767E3B186F6BDA811E
:200F300092A2EDE9BE1E1BC3AAAAEC05D901DB01000EFFFB92A15210EC185211EC06FF20CD
:200F40002000767E38216F238F00B985761F02E592C4960992CC960892D4960B92DC960A43
:200F500092E4960592EC6F108F00B985761F02E592C4960992CC960892D4960B92DC960A24
:200F600092EC960592F4960456BF0107761F02E59A009B1E8A0E767E0DD192075201ED20E9
:200F70009209767E0C68761F02E59208767E0C64761F02E5920B767E0C60761F02E5920A53
:200F8000767E0C5C761F02E59205767E0D24761F02E59204767E0D1C761F02E52B078D4013
:200F90006FC08AA1DC051AC40002767E0EDE1AD9000282BE86BE8BBE00068F3F389F0006D3
:200FA0008F3F385300068F3F380700068F3F3BD000068F3F37BB00068F3F376F00068F3FD2
:200FB00037230006B2BDAABDFE02D100D200767E0AAE5200EC09767E0AAE5201EC059A00CB
:200FC000767E0D44D201767E0AAA5201EC09767E0AAA5202EC059A02767E0D40D201767E78
:200FD0000B615200EC09767E0B615201EC059A00767E0CA8D101767E0A9E1BA905F46206D5
:200FE000767E0A9E1BA9020C630628A90400767E0D24D201767E0B351BA9FFE26405767E17
:200FF0000B35521E65059A00767E0D18D201767E0B391BA988006406767E0B391BA97800DF
:2010000065059A00767E0D1CD201767E0A8E520E6405767E0A8E5214650B9A0E767E0CE499
:20101000767E0A662DA93564767E0C5CD201767E0A9A1BA95555ED2F3B10FF69767E0B35B5
:201020003B01761F02AD85A91E02767E0B398F002710A8AC3B0188A9761F02AD5644000243
:2010300081A61E0229108F04B000A8A90F026405FF2CFFB50F0265409A00FF69767E0D1862
:201040009A00767E0D1C3B10761F02AD02001E0229106F313B10FF69767E0B393B01761F93
:2010500002AD85A91E022910761F02E61B0DFFFFED0B3B10FF32761F02AD1EA60602FF30F4
:2010600007A61E022910FF6928A95555767E0D148F002710761F02AD0602A84200FE68A868
:20107000767E0D18761F02ADA842060200FE68B7767E0D1CD201761F02E6920D1BA9060C12
:2010800068041BA909F469063B10280D08002910D20192121BA9060C68041BA909F469060A
:201090003B10281208002910D20192131BA9060C68041BA909F469063B10281308002910C9
:2010A000D20192141BA9060C68041BA909F469063B10281408002910D20192151BA9060C2D
:2010B00068041BA909F469063B10281508002910D201FF69767E0ABA520169059A01767E78
:2010C0000D50D201767E0A5E1BA9012C6206767E0A5E1BA9FED463059A00767E0C54D20110
:2010D000767E0ADA520569059A00767E0D70D201767E0AFE520369059A00767E0D94D201C4
:2010E000767E0B5D520269059A00767E0CA0D101767E0B69520169059A00767E0CB0D10181
:2010F000767E0BA9520369059A02767E0CF8D101767E0BB9520369059A02767E0D0CD10119
:20110000767E0BAD520269059A00767E0CFCD101767E0A925200EC33767E0A92520AEC2FF1
:20111000767E0A925214EC2B767E0A925228EC27767E0A92523CEC23767E0A92525AEC1F21
:20112000767E0A925278EC1B767E0A925296EC17767E0A9252B4EC13767E0A9252D2EC0F8F
:20113000767E0A9252F0EC0B767E0A921BA9FFFFEC0628A9FFFF767E0D00D101767E0B757C
:20114000520AEC51767E0B755214EC4D767E0B75521EEC49767E0B755228EC45767E0B7537
:201150005232EC41767E0B75523CEC3D767E0B755246EC39767E0B755250EC35767E0B75C7
:20116000525AEC31767E0B755264EC2D767E0B75526EEC29767E0B755278EC25767E0B7557
:201170005282EC21767E0B75528CEC1D767E0B755296EC19767E0B7552A0EC15767E0B75E7
:2011800052AAEC11767E0B7552B4EC0D767E0B7552BEEC09767E0B7552C8EC059A3C767E21
:201190000CBCD101767E0ABA5201EC17767E0B71520AEC47767E0B715214EC43767E0B7123
:2011A000521EEC3F767E0B715228EC3B767E0B715232EC379A326F32767E0B71520AEC3116
:2011B000767E0B715214EC2D767E0B71521EEC29767E0B715228EC25767E0B715232EC213F
:2011C000767E0B71523CEC1D767E0B715246EC19767E0B715250EC15767E0B71525AEC11CF
:2011D000767E0B715264EC0D767E0B71526EEC09767E0B715278EC059A3C767E0CB8D10130
:2011E000767E0B795200EC25767E0B79520AEC21767E0B795214EC1D767E0B79521EEC195F
:2011F000767E0B795228EC15767E0B795232EC11767E0B79523CEC0D767E0B795246EC09EF
:20120000767E0B795250EC059A14767E0CC0D101761F02F992045250EC1B5246EC14523C8E
:20121000EC0D5232EC06767E0B79522866156F18767E0B79523266106F13767E0B79523C61
:20122000660B6F0E767E0B79524666066F09767E0B79525069059A14767E0CC0D101767E10
:201230000B7552C869059A3C767E0CBCD101767E0BB55200EC09767E0BB55201EC059A01A4
:20124000767E0D08D101767E0B4D520269059A00767E0C90D101767E0B555200EC09767E1A
:201250000B555201EC059A01767E0C98D101767E0B515200EC09767E0B515201EC059A010F
:20126000767E0C94D101767E0BC15200EC09767E0BC15201EC059A01767E0D34D101767E67
:201270000B7D5200EC09767E0B7D5201EC059A01767E0CC4D101767E0B595200EC09767E0B
:201280000B595201EC059A00767E0C9CD101767E0B995200EC09767E0B995201EC059A0148
:20129000767E0CE8D101767E58F4520456C1010E767E58F45202EC7F767E0B15526E680588
:2012A000767E0B15528769059A73767E0DA8D101767E0AA652966605767E0AA65278670B74
:2012B000767E0BB95201ED039A926F029A90767E0D30D101767E0AA252966605767E0AA2C6
:2012C0005278670B767E0BB95201ED039A8A6F029A88767E0D30D101767E0B025282660DD5
:2012D000767E0B0252696809767E0BB952026709767E0B025269EC059A69767E0D98D1013A
:2012E000767E0B315200EC0D767E0B3152916605767E0B31527867059A87767E0D20D1017B
:2012F000767E0BB95202680E767E0B115200EC12767E0B115287660A767E0B11526968066A
:201300006F09767E0B115273EC059A73767E0DA4D101767E0B21520056C1012E767E0B2133
:2013100052876606767E0B21526EFFE701259A78FFEF011F767E0B1552DC6806767E0B15A8
:201320001BA9010E69059AE6767E0DA8D101767E0AA61BA9012C6605767E0AA652FA670D0D
:20133000767E0BB95201ED0428A901246F0328A90120767E0D30D101767E0AA21BA9012CB3
:201340006605767E0AA252FA670D767E0BB95201ED0428A901146F0328A90110767E0D2C5F
:20135000D101767E0B021BA90104660D767E0B0252D26809767E0BB952026709767E0B025B
:2013600052D2EC059AD2767E0D98D101767E0B315200EC0F767E0B311BA901226605767E8E
:201370000B3152F0670628A9010E767E0D20D101767E0BB95202680F767E0B115200EC13BB
:20138000767E0B111BA9010E660A767E0B1152D268066F09767E0B1152E6EC059AE6767E33
:201390000DA4D101767E0B21520056C100A5767E0B211BA9010E6606767E0B2152DCFFE7F9
:2013A000009B9AF0FFEF0095767E0B151BA901B86806767E0B151BA9021C690628A901CC83
:2013B000767E0DA8D101767E0AA61BA902586606767E0AA61BA901E0670D767E0BB95201AC
:2013C000ED0428A902486F0328A90240767E0D30D101767E0AA21BA902586606767E0AA2AF
:2013D0001BA901E0670D767E0BB95201ED0428A902286F0328A90220767E0D2CD101767E95
:2013E0000B021BA90208660F767E0B021BA901A4680A767E0BB95202670B767E0B021BA97E
:2013F00001A4EC0628A901A4767E0D98D101767E0B315200EC10767E0B311BA90244660641
:20140000767E0B311BA901E0670628A9021C767E0D20D101767E0BB952026810767E0B1114
:201410005200EC16767E0B111BA9021C660C767E0B111BA901A468076F0B767E0B111BA9CE
:2014200001CCEC0628A901CC767E0DA4D101767E0B215200EC10767E0B211BA9021C6606FC
:20143000767E0B211BA901B8670628A901E0767E0DB4D101767E0A96761F02F85403660871
:20144000767E0AA693A9767E0A9655A96907761F02F89203767E0D10D101767E0AA693A9C3
:20145000767E0AA255A96706767E0AA6767E0D2CD101767E0A82520768059A00767E0CA44A
:20146000D101767E0BC5520169059A00767E0D38D101767E0A9E5200ED0928A90400767EC3
:201470000D249A00767E0D1CD201767E0B3D5200EC09767E0B3D5201EC059A00767E0C6C98
:20148000D201767E0BC95200EC09767E0BC95201EC059A00767E0D3CD201767E0B29520139
:2014900069059A00767E0C70D101767E0B2D520169059A01767E0C78D101767E0ABE1BA9A0
:2014A000044CEC10767E0ABE1BA904B0EC0B767E0ABE1BA904F6EC0628A904B0767E0D546F
:2014B000D101767E0AF652016611767E0BB95200ED05767E0AF65201EC09767E0BB9520347
:2014C000ED09767E0AF65201ED059A00767E0D8CD101767E58F45204EC1B767E58F45202B3
:2014D000EC0B767E0AE652A06605767E0AE6527D671E9A926F19767E0AE61BA9013B660589
:2014E000767E0AE652FA671328A901246F0D767E0AE61BA902626606767E0AE61BA901E0CF
:2014F000670628A90248767E0D7CD101767E0AEA1BA9038469059A3C767E0D80D101767E47
:201500000AEE1BA9038469059A78767E0D84D101767E0AEE93A9767E0AEA55A96707767E41
:201510000AEEFFC0767E0D80D101767E0AF2525A69059A1E767E0D88D101767E0AC652017D
:2015200069059A00767E0D5CD101767E0ACA5200EC05767E0ACA521F69059A01767E0D60C6
:20153000D101767E0ACE1BA9012C69059A1E767E0D64D101767E0AB6520169059A00767EAC
:201540000D4CD101767E0AAA5201ED059A01767E0D4CD101767E0B25520169059A00767E46
:201550000DB8D101767E0B1D525A69059A1E767E0DB0D101767E0B19520C69059A04767EFD
:201560000DACD101767E0AFA1BA9096069049A00767E0D9092A25201ED0B8D806FC08AA23C
:20157000DC051AC40002767E0EDE1ADA000292A15201ED0B8D406FC08AA1DC051AC400025E
:20158000767E0E741AD90002FE8286BE8BBE000658A992A8EC0A9CFF8F40B9C088A9929462
:201590009695D801000EFFFD00068F3F346488A954C4671FD0B35494691AB6009AB36F1082
:2015A00093A995A7FFD058A893A65594ED049A0194A000065594680392A06F0580A09B0146
:2015B00095A727A854AB66ED92AB00069AB400069A0000068F3F360988A954C4671FD06576
:2015C0005494691AB6009A656F1093A995A7FFD058A893A65594ED049A0194A00006559454
:2015D000680392A06F0580A09B0195A727A854AB66ED92AB00069A6600069A000006761F53
:2015E00002F8920D0006761F02F892110006B2BD3B10FF69767E332C59A9767E332893A11A
:2015F00055A96804767E332C6F03767E332859A9767E332454A16904767E332459A9291028
:2016000092A18BBEFF690006761F02FB92330006761F02F892100006761F02F8921A00060B
:20161000761F02F892140006761F02F8921C0006761F02F8923F0006761F02F8920C0006A3
:20162000761F02F8921B0006761F02F8920E0006761F02F8921500063B10761F02F8960D7A
:201630002910FF6900063B10761F02F896112910FF6900063B10761F02F896102910FF69AA
:2016400000063B10761F02F8961C2910FF6900063B10761F02F896152910FF6900063B10DA
:20165000761F02F99601761F02F8973C2910FF6900063B10761F02F896092910FF6900062A
:201660003B10761F02F896052910FF6900063B10761F02F8960C2910FF690006761F02ACE8
:2016700092025201EC20761F02F8463BEE11761F02AB9B3CD5028F00BE439206767E5707EE
:201680005201ED15761F02F81A3B00400006761F02AB9B2DD5088F00BE439206767E56F77B
:201690005201ED05761F02F8183BFFBF0006B2BD761F02AC92025201EC4A761F02AB920D9F
:2016A00065069B0A00FE691E59A96F02D100761F02F8453BEE0F9B14D5028F00BE3192A10E
:2016B000767E57075201ED13761F02F81A3B00206F0E9B0FD5088F00BE3192A1767E56F77B
:2016C0005201ED05761F02F8183BFFDF761F02F84E3BEE0F9B32D5028F00BE3292A1767EA6
:2016D00057075201ED18761F02F81A3B40006F139B28D5088F00BE3292A1767E56F75201B8
:2016E000ED0A761F02F8183BBFFF6F05761F02F8183BBFDF8BBE0006767E1604761F02F873
:2016F000473BEE0E9B28D5028F00BE33767E57075201ED12761F02F81A3B00806F0D9B2300
:20170000D5088F00BE33767E56F75201ED05761F02F8183BFF7F761F02F892395201EC0FDE
:20171000767E15E79B37D5028F00BE34767E5707761F02F8520156B101390006767E15E734
:201720009B2DD5088F00BE34767E56F75201ED04761F02F82B390006B2BD767E276B761F7B
:2017300002F859A9423BEE0E9B50D5028F00BE1E767E57075201ED12761F02F81A3B000768
:201740006F0D9B46D5088F00BE1E767E56F75201ED05761F02F8183BFFFB761F02F8413B77
:20175000EE0F9B3CD5028F00BE2492A1767E57075201ED13761F02F81A3B00036F0E9B3254
:20176000D5088F00BE2492A1767E56F75201ED05761F02F8183BFFFD761F02F8403BEE0F7D
:201770009B1ED5028F00BE1F92A1767E57075201ED13761F02F81A3B00016F0E9B14D50897
:201780008F00BE1F92A1767E56F75201ED05761F02F8183BFFFE3B01761F02F68507761F5B
:2017900002F8FF564F3BEE0FD5508F00BE2128A8015E767E57075201ED13761F02F81A3B18
:2017A00080006F0ED5508F00BE2128A8012C767E56F75201ED05761F02F8183B7FFF761F21
:2017B00002F4923D5203EC0B761F02F8183BFFF82B1F2B242B21183B7FFF2B1E8BBE0006E1
:2017C000767E4CB4761F02F8493BEE0FD5028F00BE2C28A806A4767E56F75201ED13761F12
:2017D00002F81A3B02006F0ED5088F00BE2C28A80708767E57075201ED05761F02F8183B7D
:2017E000FDFF761F02F4923D5202EC0C5204EC0A5205EC085206EC06761F02F8183BFDFF88
:2017F0002B2C0006761F02F4923D5204ED13761F02F992005202690B761F02F80A2B922B61
:20180000761F02F9521956B60200000656BF02006F05761F02F956BF0400761F02F82B2BA0
:201810000006B2BD761F02F4923D5204ED49761F02AB92395201ED04767E40FE6F03767E74
:2018200040EE761F02F859A9433BEE0E9B0AD5028F00BE22767E57075201ED12761F02F851
:201830001A3B00086F0D9B07D5088F00BE22767E56F75201ED05761F02F8183BFFF7761FDE
:2018400002F8443BEE0F9B14D5028F00BE3592A1767E57075201ED1A761F02F81A3B00182F
:201850006F159B0FD5088F00BE3592A1767E56F75201ED0C761F02F8183BFFEF6F07761F50
:2018600002F82B22183BFFE72B358BBE0006761F02F992010006761F02F4923CEC0C52036A
:20187000670A761F02F80A2D1B2D0E106907761F02F42B3C761F02F82B2D767DDF525200FC
:20188000EC0E767DDF525203670A761F02F80A2E1B2E0E1069079A00767DE560761F02F865
:201890002B2E0006761F02AB923056C000E7761F02F4923D5201EC685200EC55767E3E0111
:2018A0005200ED47761F02F8CC3B0004933BFFC1FFDECBA9ED2F92385202672C767E333CF9
:2018B00052036728767E335152036724761F02F8413BEE2092385202671D767E333C52026A
:2018C0006719767E335152026715761F02F8923B9001CA38ED09767E333C5200ED05767EC0
:2018D00033515200EC16761F02F856BF32132B366F07761F02F856BF641356BF0136761F64
:2018E00002F956BF0102761F02F856BF01276F1C761F02F82B13761F02F92B02761F02F865
:2018F0002B276F11761F02F856BF1E1756BF1E1256BF1E13761F02F956BF0102761F02F86B
:2019000056BF01272B36761F02AB9223EC0B761F02AB9224EC5F5201EC335202EC2A5203C7
:20191000EC23761F02F992025201ED08761F02F892275201EC325200EC12761F02F992020F
:20192000ED53761F02F892275201ED4E761F02F42B39761F02F456BF013A6F4C761F02F481
:2019300056BF01396F44761F02F856BF64136F05761F02F856BF321356BF01366F06761FC7
:2019400002F856BF1E132B36761F02F956BF0102761F02F856BF0127761F02F456BF013A97
:20195000761F02F80A29761F01BF4301EE08761F02F89229520356B703296F07761F02F849
:201960009229520956B70929761F02F456B701396F14761F02F82B132B36761F02F92B02D2
:20197000761F02F82B27761F02F42B39761F02F42B3A761F02F82B29761F02F89236ED0868
:201980008F006FC049CCEF1C1AEC02006F19761F01BF4901EE15767E65009A019B34D40F91
:20199000D505767E63F128A97FFF767E67445200ECFB767E6510761F01BF1A030200761F7C
:2019A00002F892135412681654126924761F02F992025201ED0A761F02F892275201ED05B6
:2019B000761F02F49239EC17761F02F80812000A6F0F767E3E015200ED039A056F029A016D
:2019C000761F02F80A28542866069A0A7412921296172B28761F02F4921EED049A01767DD6
:2019D000E021761F02F89217526467072D17761F01A3352D96096F05761F01A3280911939A
:2019E000761F02F8BE1E92179C0F0EA9F60F1FA69B03767E164F921796140006761F02F4CC
:2019F00092395201ED0A761F02F84A3BEE061A3B04000A18183BF7FF5200ED0A761F02F81E
:201A00004B3BEE061A3B08000A18183BFBFF761F02F4923A5201ED0A761F02F84C3BEE06D5
:201A10001A3B10000A1D183BDFFF5200ED0A761F02F84D3BEE061A3B20000A1D183BEFFFC8
:201A20000006761F02F49239ED09767E380B4AA9EE1D761F02F82B1C6F19761F02F8921C84
:201A30005201EC0B9218520867100A2092205210680D56BF011C6F099218520A69060A20D5
:201A40009220520568032B1C2B20761F02F82B18761F02F4923AED09767E380B4AA9EE1D2C
:201A5000761F02F82B196F19761F02F892195201EC0B921D520867100A2392235210680D5E
:201A600056BF01196F09921D520A69060A239223520568032B192B23761F02F8921C2B1D8A
:201A70005201EC0492195201ED16FF200400767E3821761F02F4923D5204EC115203EC0FA5
:201A80005205EC0D9A13767E38299A019B01767E67700006FF200400767E3B180006767E88
:201A90000B5D5200ED0A767E59315201EC1D767E59165201ED106F18761F02F892045201F9
:201AA000EC13761F02DE92135201EC0E761F02F89204EC05767E40EA520DED0A761F01BFE1
:201AB0001A0C04000006761F01BF1A0A04000006761F02F4923D520356C10085767E0ADA40
:201AC000761F02F8543AEC7E761F02E4923E5208EC3C5205ED72767E0ADA5200EC2D767EC5
:201AD0000ADA5201EC24767E0ADA5202EC17767E0ADA5203EC47767E0ADA5204EC06761F6B
:201AE00002CD283F014A6F0E761F02CD56BF232E761F02CD283F01186F50761F02CD283FB0
:201AF0000136761F02CD56BF2D2E6F47761F02CD56BF282E6F05761F02CD56BF2D2E761F69
:201B000002CD283F015E6F39767E0ADA5200EC2D767E0ADA5201EC24767E0ADA5202EC17DB
:201B1000767E0ADA5203EC0E767E0ADA5204ED1D761F02CD56BF252E761F02CD283F011DA1
:201B20006F1C761F02CD56BF282E6F05761F02CD56BF2D2E761F02CD283F012C6F0E761FF9
:201B300002CD56BF282E6F05761F02CD56BF2D2E761F02CD283F0140767E0ADA761F02F8A0
:201B4000963A767E0AFE761F02F85437EC20767E0AFE5200EC13767E0AFE5201EC0A767E0D
:201B50000AFE5202ED0B761F02CD56BF86036F0A761F02CD56BF9A036F05761F02CD56BFA3
:201B6000A403767E0AFE761F02F896370006B2BDFE02761F02F4923D5203ED31767E0BB96C
:201B70005202EC2D767E0BB95203EC29767E276752326714767E58F42DA935D7FFC0767E70
:201B80005952767E58F42DA935EBFFC0767E597C767E58F42DA935736F2D767E58F42DA96C
:201B90003569767E5952767E58F42DA93573767E597C767E58F42DA9356E6F1C767E0B022C
:201BA000767E5952767E58F42DA9350A1E42767E0B0293A9924294A8767E597C767E58F47B
:201BB0002DA935051E42767E0B0293A9924294A89642767E5975767E0AA6761F02EE962ED1
:201BC000767E0AA2761F02EE8F00AF67963041D4EF51CCCC00FF59A9767E58F8761F02BDEF
:201BD000930C95A155A96905920C94A1767E5952761F02BD9227761F02BD90FF940C761F1D
:201BE00002EE542E670B761F02BD9227761F02BD90FF940C761F02EE962E761F02BD92271B
:201BF000761F02BDFFC7930C761F02EE95A955306708761F02BD930C761F02EE95A99730E8
:201C0000767E58F42DA9350A1E42767E58F893A9924294A8767E597C767E58F42DA9350566
:201C10001E42767E58F893A9924294A89642767E5975FE828BBE0006B2BDAABD5AA9767E8E
:201C20000B315200EC13767E0AA6761F02F89CFB9605767E0B31761F02F85405670B767E34
:201C30000B31761F02F896056F05761F02F8280503E8767E590459A9767E0B1593A155A97A
:201C40006904767E59046F03767E0B1527A9761F02AB9B0A921A00FE691E761F02EE543847
:201C500067029238761F02F89304ED29761F02EE8F00BE3E93AB5DA29238767E56F752015A
:201C6000EC05767E59315201ED36761F02F856BF01042B3E761F02DF921C5202ED0B767E09
:201C700040EA9B0A00FE69AE5203ED049A0A767E4114761F02F8282F0BB86F1D93058F00E1
:201C8000BE3E5DA2767E57075201ED04761F02F82B04761F02F8922FED0D767E40EA9B0AE8
:201C900000FE69AE5203ED07761F02F82B042B3E6F020B2F767E0B5D5202ED11761F02F4CB
:201CA000923D5203ED0C761F02F89204761F02DECA13761F02F856B00107ED04761F02F873
:201CB0002B0786BE8BBE0006B2BD59A9767E59085201ED12767E590E761F02EE5DA18F00CA
:201CC000BE2A9329767E57075201ED06761F02F82B2A767E59908BBE0006767E590E761FC8
:201CD00002EED419932B767E59395201ED040240767E3821767E380B46A9EE0B761F02F456
:201CE000923DEC335206EC31761F02F42B3E0006761F02F4923DEC0E5206EC0C767E503669
:201CF0005200ED089A1B767E38299A019B01767E6770767E590E761F02EE54296813761F14
:201D000002F80A0F920F529668102B0F0240767E3B18767E3807521BED089A00767E382968
:201D10000006761F02F82B0F0006B2BD761F02F4923D5204EC035205ED09767DD8D1520293
:201D2000EC40767DD8D15209EC3C767E58F89B0295A959A8767E590E93A155A9666F767EE2
:201D300058F45201EC21767E58F45202EC11767E58F45204ED23767E58F859A9767E590E0F
:201D40002DA992A174AC35059CF6FFC16F17767E58F859A9767E590E2DA992A174AC350544
:201D50009CF6FFC06F0B767E58F859A9767E590E2DA992A174AC35059CF65264663D6F3F0B
:201D6000767E590459A9767E590E93A155A96636767E0AA29CFE59A9767E590E93A155A91E
:201D70006705767E40EE52056827767E58F45201EC19767E58F45202EC0D767E58F4520424
:201D8000ED17767E590E2DA9350508A9F704FFC16F0F767E590E2DA9350508A9FB82FFC092
:201D90006F07767E590E2DA9350508A9FDC1525F69069A5F6F049A646F029A00761F02F8BF
:201DA000961B8BBE0006767E0B515201ED10767DDF425200EC0F767DDF425203660B767E54
:201DB000380B761F02F902001E0800069A00767DE5590006767E4CE65200ED23767E4D0375
:201DC0005200ED1F767E4CC85200ED1B761F02F89225EC0B0A309230521469072B302B2589
:201DD000761F01BF1A050001761F02F80A261B26026C69132B268F006FC040CCEE0E6F0B03
:201DE000761F02F88F006FC02B3056BF01252B2640CCEE031ADC00010006B2BD767E0B2522
:201DF0005200EC46761F02F8923FED2B767E0B2159A9767E590E93A155A969060200761F22
:201E000002F91E0A6F060201761F02F95601000A767E0B1D761F02F988A9FF2841EB1EAC3C
:201E1000564400A60F0A663302008F0800001E0A761F02F856BF013FA8A9767E38216F27E7
:201E20000201761F02F956010006767E0B198F02BF20761F02F90EA9A8AC564400A90F0637
:201E30006905767E59165200EC1202006F050200761F02F91E0A761F02F91E068F080000F6
:201E4000761F02F82B3FA8A9767E3B188BBE0006B2BDAABDFE02767E66E5767E5AFB767E50
:201E500034EA767E345E9A00767DE021D100D200767E4CE65200ED14767E4D035200ED1091
:201E6000767E4CC85200ED0C761F01BF1A0500016F07DA011BA2EA6069032B26D2009A0019
:201E7000767E674440A9EFFC761F02DF92055205ED11761F01A09204761F02DE7235761F00
:201E800001A59204761F02DE7236761F02DF56BF0605767E477C9B00767E66E9767E47FB88
:201E9000767E5B04767E4683767E163A767E47DB767E1667767E44EA767E162C767E450ABC
:201EA000767E1633767E1608767E15BA767E34AC767E161C767E15BA767E34B3761F02FBE6
:201EB0009211ED07767E15DF767E1595767E34A5767E4341767E41439A96767E5A10767EB6
:201EC0001B679A96767E59959A0A9B01767E5A83767E58F45204EC05767E0A969CFB6F0438
:201ED000767E0A969CF6767E5960767D80215201ED21767E58F42DA9350A1E42767E0AA6D1
:201EE0007242767E0A96934255A96604767E0A966F0C767E58F42DA9350A1E42767E0AA6F5
:201EF00093A9924294A89642767E595928A901F46F06767E0A96767E59599A96767E5A64B1
:201F00009A96767E1C1C9A96767E1CB4767E1CCD767E5AAD767E1D15767E59315201EC05B1
:201F10000220767E3B186F040220767E3821767E59285201EC0D767E38075211ED14761F79
:201F200002F4923DED109A00767E38296F0C9A11767E3829761F02F4923DEC059A019B01F3
:201F3000767E67709A32767E33CF9A32767E34189A32767E3389767E34C29A96767E373AFD
:201F40009A96767E35A59AFA767E36A09A96767E34F3767E33495201EC06FF200100767E11
:201F50003B186F0C9A12767E3829FF200100767E38219A019B01767E6770767E3541520176
:201F6000ED089A20767E38299A019B01767E6770D90192A15219670C520AED1B767E16EC16
:201F7000767E17C0767E1892767E1AB86F12767E172C767E1811767E1697767E166E767E40
:201F80001DA3767E345E767E1DBA767E186BD100767E1A8F767E1DED767E17F2761F02F4C5
:201F9000922656C0FED8FFEFFEDB761F02F80A3D923C543D66022B3D761F02F99201761F09
:201FA00002F8543D6606761F01BF1A0400400006761F01BF1A0200400006761F02CE9209BA
:201FB0000006761F02CD92270006761F02CC92140006761F02CC92180006761F02CD921FB1
:201FC0000006761F02CC921A0006761F02CE92080006761F02CD92330006761F02CD923785
:201FD0000006761F02CD922E0006761F02CD923F0006761F02CF060E0006761F02CE920D02
:201FE0000006761F02CE922E0006761F02CC92280006761F02F692130006761F02CE920757
:201FF0000006761F02CC920C0006761F02CC92090006761F02CC92060006761F02CD923099
:202000000006761F02CD921A0006761F02CC92240006761F02CD92150006761F02CC921669
:202010000006761F02CE92070006761F02CC923A0006761F02CE06220006761F02CD923AAE
:202020000006761F02CE921C0006761F02CE06280006761F02CC92230006761F02CE922CA7
:202030000006761F02CC92250006761F02CE92260006761F02CE92180006761F02CF920634
:202040000006761F02CD920B0006761F02CC921F0006761F02CF92000006761F02CE921A4A
:202050000006761F02CE921E0006761F02DA92260006761F02CD922D0006761F02CC9227DB
:202060000006761F02CC92380006761F02CC92200006761F02CD923C0006761F02CC922EB1
:202070000006761F02CC923B0006761F02CC92390006761F02CD92130006761F02CE922AB0
:202080000006767E40F20006761F02CC92010006761F02CC920A0006761F02CE063E00065E
:2020900088A828AC2D40290130A9761F02FAFF4780A930A6FF4793A79FA95509690A761FB8
:2020A00002FA930895A9761F02FA9A00970900069A017F0900063B10761F02CC96142910C0
:2020B000FF6900063B10761F02CC961A2910FF6900063B10761F02CD962E2910FF69000683
:2020C0003B10761F02CD963F2910FF6900063B10761F02F696132910FF6900063B10761FCD
:2020D00002CE96072910FF6900063B10761F02CC960C2910FF6900063B10761F02CC960998
:2020E0002910FF6900063B10761F02CD96302910FF6900063B10761F02CD961A2910FF691D
:2020F00000063B10761F02CC96242910FF6900063B10761F02CE96072910FF6900063B107C
:20210000761F02CC963A2910FF6900063B10761F02CE1E222910FF6900063B10761F02CE9E
:202110001E282910FF6900063B10761F02CD962D2910FF6900063B10761F02CC9627291005
:20212000FF6900063B10761F02CC96382910FF6900063B10761F02CD963C2910FF690006E6
:202130003B10761F02CC962E2910FF6900063B10761F02CC963B2910FF6900063B10761F70
:2021400002CC96392910FF6900063B10761F02CC96012910FF6900063B10761F02CC960A01
:202150002910FF69000628A90927767E20F88F3E503C2800018056BF800428030100761F5F
:2021600002CC56BF603728A93A98761F02CE56BFC00B761F02CC2834012056BF2F35761F0F
:2021700002CEA8388F3E509DA83A767E3E4D000628A90927767E20F88F3E503C280001806F
:2021800056BF800428030100761F02CC56BF603728A94650761F02CE56BFC00B761F02CC5C
:202190002834012056BF2F35761F02CEA8388F3E509DA83A767E3E4D0006761F02CC0A0B5B
:2021A000920B520A68082B0B761F02CD1B0D076C63020A0D761F02CD1B0D076C6503280D69
:2021B000076C3B01761F02D68517761F02CE8A38761F02CD560100A42DC4120DFF4D9636A9
:2021C000963D761F02CE93079DFE761F02CD55A9562B043D92A8FF5C93A9553D562B023D4B
:2021D000923D6340FF5C8F006840D009962F963B761F01A0969456BF0109761F02CE9307FE
:2021E0009DFF55A96213761F02CD9222ED0DD00E761F01A1CC94FFFC5001960ECC0EFFFB85
:2021F0005008960E6F0D2B226F05761F02CD56BF0222761F01A1180EFFFC180EFFF3761FF4
:2022000002CD920E5201ED0B761F01A0CC0EFFFE5002960ECC0EFFF750046F4456BF010E06
:202210006F44933D973B8F006840D009761F02CE92079EA8969492079CFF761F01A09609D2
:20222000761F02CE92079CFF54A86215761F02CD92225201ED0DD00E761F01A1CC94FFFEBB
:202230005002960ECC0EFFF75004960E6F0E56BF01226F05761F02CD56BF0222761F01A1D3
:20224000180EFFFC180EFFF3761F02CD920EED0C761F01A0CC0EFFFC5001960ECC0EFFFB74
:202250005008960E00062B0E761F01A0180EFFFC180EFFF30006761F02E4923E5202EC2A09
:202260005203EC285205EC265206EC245208EC22520DEC205212EC1E761F02CD283E2839B8
:20227000761F02CE280C083828022E0428010875761F02CC282B259156BF0327761F02CD64
:2022800056BF302E283F012C761F02CC56BFB41A6F1D761F02CD283E26B8761F02CE280C24
:2022900006B528022ED128010D27761F02CC282B21AA56BF0627761F02CD56BF2D2E283FEF
:2022A0000140761F02CC56BFB21A761F02CD56BF322D28351E7B761F02CE280E1E548F002F
:2022B0001D409A00761F02CD3B0128343CF6282C1CF62B3A2838100056BF0739761F02CEF4
:2022C000A822A820761F02CD962F963B963D9A00761F02CC9625761F02CE85A91E241E26CE
:2022D0001E181E161E1A1E1E761F02CF02001E08761F02CE1E30761F02CC2824039C9623C8
:2022E0009626761F02FA9A009608761F02FA9609761F02CC282A021C2829021C761F02CD83
:2022F0002B302B3C9A00761F02CC282E07D02B142B1528120640280EF9C056BFC51356BFF2
:202300001D109616960256BF40390006FE02761F02AB9239520156C101B7761F02D8923256
:20231000761F02CD7202761F02CC0A204320EF6A2B20767E40F2761F02CD2D149302FFB230
:2023200031E59EA896132D132B023B01351B07ABFF472DA99613211485A9FF56521E620E90
:2023300052146207520A56B46E1056B418166F0A56BF801056BF28166F0556BF9E1056BFE5
:2023400036163310FF6E761F02CE16AC1EA61E2A062E761F02CDFF3C1EA71216761F02CE29
:2023500007A70732FF5A2BAA18AB1FFFFF4CA9321E2E1EA7761F02CD8528761F02CE0FA714
:202360005648042E062E630302001E2E06A6072E1E2C761F02CD9625542862071BA9FF6A49
:2023700063062825FF6A6F0392289625761F02CC2D3D761F02CD35038125761F02CCFF4195
:20238000963D9AC8761F02CD3B01942685A9FF5685A9812BFF4088A99626962B761F02D8F5
:2023900092326205761F02CD2B236F178532761F02D6FF692D311E42761F02D9120500FEFB
:2023A00068A83B01761F02CD961E761F02D68531761F02CDFF5696232DA6761F02FCFF6E51
:2023B0003318761F02CE16AC96052DA9761F02CD9225962A63022B2A122A2D23FF6933204E
:2023C000FF4D961F3F299EAB962A2DA9761F02E4923E5205EC1B761F02CD9223642E5214FB
:2023D0006421523C63039A466F0F526463039A3C6F0B52C863039A326F071B23012C630317
:2023E0009A286F029A1E961D6F18761F02CD92236414523264105264640B5296640652C89E
:2023F000640C56BF501D6F0956BF6E1D6F0656BF821D6F0356BF961D331DFF6E16AC962427
:202400001BA906D66503282406D68513761F02CF1E0A0606761F02CDFF3C1EA61203761F4D
:2024100002CE07A607101EA69B0018A91FFF1E10761F02CF06A6FF4C1E0606A66303020017
:202420001E069206761F02CD94242DA9FF69350DFF469600960B767E590E761F02D82DA928
:202430003B013617761F02CDFF47961252FA56B4FA12761F02D985051EA79205630406A7E5
:20244000FF541EA7761F02CE5621000706A7761F02CDABA6FF1200E156210012761F02CE3F
:20245000AB4256210007564400A900FE68A83B01761F02CD1EA7FF3007A7FF411EA77F27C3
:20246000761F02CE92079CFD85A90FA76406FF540FA7564802A76F0385A91EA7761F02CD5E
:2024700006A756210000091E0FAC640806A703A6191E0FAC562A02006F029600761F02CEA4
:202480009307761F02CD95009FA79715761F02CE92079C9C54A864075302761F02CD56B457
:2024900002156F04761F02CD9615540B562A040B761F02CC1B3D012C6305761F02CD850B61
:2024A0006F04761F02CD8515FF56761F02CE93078F006840D00A8F406800761F02CD9FA963
:2024B000973B923B9694761F01A1D00A9695D00ECC94FFFC5001D00E960ECC95FFFC50014E
:2024C000FFEF00A6761F02F588253B01761F02CD7E3D761F02CE340703CD761F02CDFF49B8
:2024D00054A6562A043DFF5C543D562A023D761F02D68517761F02CE8A38761F02CD56019B
:2024E00000A42DC4123D761F02D9FF4D9305643D5200761F02CD56B400A98F006840D00A89
:2024F000963B761F02CE93079FA992079794761F01A09CFF9609761F02CD92225201ED0B1D
:20250000D00E761F01A1CC94FFFC5001960E180EFFF36F0D56BF0122761F01A1CC0EFFFC7E
:202510005001960ECC0EFFF75004960E761F02CD920E5201ED07761F01A0CC0EFFFE500244
:202520006F4256BF010E6F3A5200761F02CD56B200A98F006840D00985A9FF56963B761FBD
:2025300002CE93079FA992079794761F01A09CFF9609761F02CD9222ED05DC0E18C4FFFCDA
:202540006F082B22761F01A1CC0EFFFC5001960E761F01A1CC0EFFF75004960E761F02CD53
:20255000920EED0B761F01A0CC0EFFFC5001960ECC0EFFFB50086F0B2B0E761F01A0CC0EE4
:20256000FFFC5001960ECC0EFFF75004761F01A0960EFE820006761F02F58825761F02CD4A
:202570007E3D761F02AB92395201EC2D761F02CE9207FFA03B01761F02CD8F006840D00AC9
:2025800054A68F406800562A043DFF5C543D562A023D853D761F02CEFF569307761F02CD24
:202590009FA9973B9794D00A761F01A19795D00ECC94FFFCD00E5001960ECC95FFFC5001F0
:2025A000FFEF00A0761F02CE3B01340703CD761F02CDFF4954A6562A043DFF5C543D562A0E
:2025B000023D761F02D68517761F02CE8A38761F02CD560100A42DC4123D761F02D9FF4D41
:2025C0009305643D5200761F02CD56B400A98F006840D00A963B761F02CE93079FA9920797
:2025D0009794761F01A09CFF9609761F02CD92225201ED0BD00E761F01A1CC94FFFC50012C
:2025E000960E180EFFF36F0D56BF0122761F01A1CC0EFFFC5001960ECC0EFFF75004960EA2
:2025F000761F02CD920E5201ED07761F01A0CC0EFFFE50026F4256BF010E6F3A5200761FBC
:2026000002CD56B200A98F006840D00985A9FF56963B761F02CE93079FA992079794761F36
:2026100001A09CFF9609761F02CD9222ED05DC0E18C4FFFC6F082B22761F01A1CC0EFFFC34
:202620005001960E761F01A1CC0EFFF75004960E761F02CD920EED0B761F01A0CC0EFFFC9F
:202630005001960ECC0EFFFB50086F0B2B0E761F01A0CC0EFFFC5001960ECC0EFFF7500492
:20264000761F01A0960E0006761F02CC56BF011D2B200200761F02CE3B011E14761F02CF7E
:202650001E00761F02CD9A00962F963B963D9A00761F02CC9625761F02CE85A91E241E2614
:202660001E181E161E1A1E1E761F02CF02001E08761F02CE1E30761F02CC96239626761FCE
:2026700002CD56BF020E56BF02229A00761F02CC2B1596169602761F02CF02001E0E761F73
:2026800002CE1E28761F02CD56BF01112B0F761F02F52B22761F02F52B25761F02F52B21D2
:20269000761F02AB2B39761F02CD2B0D0006761F02CD2B180200761F02CE3B011E12761FD3
:2026A00002CC9A002B039604761F02CE85A91E36761F02CC9600960500060200761F02CF01
:2026B0001E06761F02CE1E10761F02CD28280320761F02CE1E2E1E32761F02CC2B3D0006AA
:2026C000761F02CC9A003B0128090E10280C0E102B039604761F02CE85A91E36761F02CC0E
:2026D00056BF190A9600960556BF320100063B01761F02D88536761F02CE56010012761F6A
:2026E00002CD0A1892185208ED5A761F02CE0612BE00761F02CCFF429606761F02CEC212EA
:2026F000761F02CD2B18761F02CC9E09960552C863071BA9FF3862062805FF386F0356BFAC
:20270000C8052D0112052D05FF4880A99600120AFF4794049604761F02CE85A956210007CA
:20271000ABA60FA66404761F02CC7E04761F02CC920462022B04920494A7960393A9761F8F
:2027200002CE92079CFE761F02CC54A8562A0403920356B50103761F02CE92079B1A761FC4
:2027300002CC9E03761F01A2FFA09609761F02CC920300FE691E761F02F696120006761F57
:2027400002F692020006761F02F6920D0006761F02F6920A0006761F02F6923D0006761F8F
:2027500002F6922F0006761F02F692320006761F02F6922E0006761F02F6922D0006761F19
:2027600002F692380006761F02F6922C0006761F02F692300006761F02F7921F0006761F11
:2027700002F6920E0006761F02F692040006761F02F692030006761F02F692150006761F8B
:2027800002F792050006761F02F792020006761F02F692080006761F02F692000006761F94
:2027900002F692070006761F02F692130006761F02F6921200062DA88F0003E837A90200F2
:2027A000F61F561700A4A9A90006BE642DA837A90200F61F561700A6A9A900063B01761F71
:2027B00002F78532761F02F7FF5685A90F30670206300006761F02F706240006761F02F718
:2027C00006220006761F02F706320006761F02F706300006761F02F7060E0006761F02F7FF
:2027D000062E0006761F02F692110006761F02F6920F0006761F02F692100006761F02F683
:2027E000920BED15761F01BF4708EE28761F02F60A169216521968259A012B1656BF010B36
:2027F000767DE8119A20767E49836F10761F01BF4708EF14761F02F60A1692165219681104
:202800009A002B162B0B767DE811767E0BB5761F02F6520156B101140006761F02F62B1637
:2028100000063B10761F02F696022910FF6900063B10761F02F6960D2910FF6900063B101E
:20282000761F02F6960A2910FF6900063B10761F02F6963D2910FF6900063B10761F02F799
:202830001E242910FF6900063B10761F02F71E222910FF6900063B10761F02F6962F291009
:20284000FF6900063B10761F02F696322910FF6900063B10761F02F6962E2910FF69000680
:202850003B10761F02F6962D2910FF6900063B10761F02F696382910FF6900063B10761FF9
:2028600002F6962C2910FF6900063B10761F02F696302910FF6900063B10761F02F71E3289
:202870002910FF6900063B10761F02F71E302910FF6900063B10761F02F696362910FF698E
:2028800000063B10761F02F71E0E2910FF6900063B10761F02F696112910FF6900063B1015
:20289000761F02F6960E2910FF6900063B10761F02F696042910FF6900063B10761F02F65F
:2028A00096152910FF6900063B10761F02F796052910FF6900063B10761F02F79602291001
:2028B000FF6900063B10761F02F6960F2910FF6900063B10761F02F696102910FF69000651
:2028C0002DA93B10761F01A28F006880D00B2B0B311ACC94FFEF5020960BDC0FCC0BFF7F2D
:2028D0005040960B28A90A289EAB18C4FFFC9609761F02F621122910FF6900063B10761FAE
:2028E00002F71E2E2910FF690006761F02F69329EC0593265527562B0027761F02DF931CB0
:2028F0005302ED3B761F02F4933D5303EC08761F02F654262B292B23ED2E6F33761F02F6B3
:202900009329EC2F0A2393235308682B2B292B23761F02FB9314761F02DF5519670393193A
:202910006F04761F02FB9314761F02F655246405552465040A246F020B242D2493A9310A14
:202920009FAB88A8972654A664069B6495A654A865089C9C96266F05761F02F62B232B29C2
:2029300092270006761F02F4923D5203EC1A5202ED08761F02F49221520756C1008C6F041D
:20294000761F02F62B22761F02F79A002B03767DDE4A9A00767E48C59A00767E3E0E0006B1
:20295000767DDE585201ED6C761F02F79203EC46767E0A825200ED42767E0B4D5200EC3E74
:20296000767E0B4D5201EC26767E0B4D5202ED62761F02F70A0892085208EC045207ED04E9
:202970006F022B087700767E27835201ED07767E0ABE9B03D401767E3E8A767DD8D1520767
:20298000EC49761F02F49212ED459A07767DD8D50006761F02F60A2292225232EC0C5231EE
:20299000EC05761F02F72B090006761F02F756BF01096F022B2277000006761F02F62B22AC
:2029A000761F02F49237ED027700767DD8D15207EC08761F02F49212ED049A07767DD8D513
:2029B000767E0ABE767E28E593A9767E27835201ED1192A8D4019B03767E3E8A0006767EBC
:2029C0000ABE9B0A00FE691E9B05767E2090767DDE4A0006767DD8D15207ED2D761F01BF3C
:2029D0004301EF29767E0A825201ED25767E274B5232630A767E61AD9B2895A9767E274BE6
:2029E00055A9680C6F18767E61AD2DA935051EA6767E274B93A655A9670E0A219221520ABC
:2029F000680D9A482B21767E38299A019B01767E67700006761F02F62B210006767E276766
:202A000052C86652767E27675296663C767E27675264662A761F02F792015201EC12761F09
:202A100002F61B33041A69032833041A1B3A02266903283A02269237521456B614376F10E5
:202A20002B01761F02F69233523456B63433923A523456B6343A9237520456B60437923328
:202A3000EC0D0B336F0B761F02F756BF0101761F02F61B334E2067020A33923AEC110B3A33
:202A40006F0F761F02F756BF0101761F02F61B3A4E2067020A3A1B334E2067020A3392372B
:202A5000EC150B376F13761F02F756BF0101761F02F61B374E2067020A371B3A4E206702D9
:202A60000A3A1B334E2067020A339B00923356B001A8973F761F02F4923DEC18761F02F6E0
:202A70009237521467071B3A022667041B33041A690D9A0D767E3829761F02F69A019B011F
:202A80002B3A2B332B37767E6770761F02F692335232660A5205670F0280767E3B18761FD5
:202A900002F62B3F6F080280767E3821761F02F656BF013F767DDF465200EC17767DDF4617
:202AA00052036613767E380B47A9EE0C761F02F60A2A1B2AEA6069099A002B2A767DE5524C
:202AB0000006761F02F62B2A0006B2BDFE02761F02F459A9923D5203EC035204ED31767DA2
:202AC000DE585200EC2D761F02F692A10A1F7220921F5205692B0E20F60F1F1F96201BA953
:202AD00001F46703282001F4767E0ABE761F02F688203B0156030AA9C24200FE68A859A9FD
:202AE000767E0ABE761F02F688202DA112A9C24200FE68A8931E95A9FFB0971E6F05761FEE
:202AF00002F6281E04002B202B1FFE828BBE0006B2BDAABDA2BD5AA9767E0A825203EC0E19
:202B0000767E0A825204EC0A767E0A825206EC06761F02F62B2B2B286F59761F02D79229F8
:202B1000761F02D754266209761F02D79222761F02D79E2659A96F025926761F02D79B0CF7
:202B2000922200FE691E5BA9767E4CE65201EC26767E4CF75201EC22761F02F69228ED12EF
:202B30009A053B0194A388A985A1FF5659A993A655A163170A2B92A2542B671456BF01287B
:202B40006F103B0185A1FF5693A359A955A165090A2B92A2542B68026F05761F02F62B28FD
:202B50002B2B761F02F4923D5205EC105204EC0E761F02EB1824FFFB761F02F6560302284A
:202B6000761F02EB900798246F05761F02EB1824FFFB82BE86BE8BBE0006FE02767E590E26
:202B7000761F02D82DA93B013617761F02CEFF4752FA56B4FAA985A91E423407050000FE07
:202B800068A81BA9089862071BA90258630628A902586F0328A90898767E20F1FE82000638
:202B9000B2BDAABDA2BD761F02DF921C5202EC05761F01BF4609EF1D767E4D095200ED1638
:202BA000767E4D215200ED12761F02DE92145202EC0D767E46F65AA9767E46F659A9767EA1
:202BB000481D82A4767E47336F0F767E40C86F19767E46F65AA9767E46F659A9767E483138
:202BC00082A4767E46DB93A9767E27438AA35DA992A1767E3FF5767E274793A2767E3FA820
:202BD000761F02CE9A329300767E3CA7767E20F882BE86BE8BBE0006761F02F4923D5203BC
:202BE000ED11761F02F6921B5201EC0A921CEC0E0A2592255202690A0B1C2B2500060A1C5C
:202BF0006F04761F02F62B1C2B1B0006761F02F4923D5204EC035205ED32767E4CB41BA965
:202C00000384682D767E4CB41BA903E86728767E4CB428AC03E8761F02F68F00025874AC1D
:202C100002003709F61F561700A492099EAB9601767E4CB428AC03E8761F02F68F00025898
:202C200074AC02003706F61F561700A492069EAB9602761F02F756BF01060006761F02F659
:202C30009206960292099601761F02F72B060006B2BDAABD767E4062767E62A69A19767E4E
:202C40003E079AFA767E3E239A46767E3E1C9A19767E3E2A761F02F6282604B09A00767EEC
:202C5000674459A942A156CC00B3767E4670767E3F469A00767E3F34767E46B6767E289D32
:202C6000767E46A3767E3F81767E4632767E61DF767E460C767E2826767E461F767E61E30A
:202C7000767E3D1F767E2AB5767E4887767E286C767E48A6767E28DE767E4867767E283407
:202C8000767E3D275AA9767E61AD93A992A2767E27A5767E2873767E3D275AA9767E61B1B7
:202C900093A992A2767E279B767E282D761F02F692029301767E62AF767E2B6D9A0A767ED7
:202CA0002AF8761F02F79203ED089A04767E3DDF5201ED03767E62A6761F02F4923DED1195
:202CB000767E45F0767E48E1767E45CC767E48D3767E4645767E48DA767E45AC767E48CC28
:202CC000767E61AD9B05767E3DBA5200EC089A0F767E38299A049B05767E67709A32767E5A
:202CD0003D9D5201ED089A0E767E38299A019B01767E67709A329BFA767E3F04767E2932DC
:202CE000767E2B90767E29CA767E38075200ED1F767E27CED503761F02F65C359305767E42
:202CF0003F4E5201ED089A3C767E38299A019B01767E67709A64767E3D7B5201ED089A181E
:202D0000767E38299A019B01767E677041A1EF09767E4737767E40B2767E3FB9767E2BDC43
:202D100040A156CCFF3D761F02DF92055202ED11761F01A09204761F02DE7235761F01A5E2
:202D20009204761F02DE7236761F02DF56BF0305767E2BF6761F02F4923D5203EC16761FF2
:202D300002F792115202682F761F02F792105202682A767E61A9767E2865767E61C9767E55
:202D40002849767E61CD6F26761F02F792035201ED05767E0B4D5201EC16761F02F7921E04
:202D500052026811761F02F792205202680C767E276B767E2865767E27CE767E2849767E45
:202D600027C66F089A00767E28659A00767E28499A00767E285E761F02F4923D5203EC0521
:202D7000761F01BF4301EE0A761F02F72B12761F02F72B1D761F02F72B1C761F02F4CC3DA8
:202D8000FFFDEC08923D5207EC05761F01BF4301EE109A00767E283B9A00767E28509A0002
:202D9000767E28499A00767E285E9A00767E2865767E29FE767E27DEFFEFFEB2761F02F254
:202DA000920400067622761F0180060018A9FDFF1E0006141AA901001E14761A88CC8F4025
:202DB0006100D049761F0185CDA68000CC957FFFCBA9D0489709CDA64000CC09BFFFCBA9B6
:202DC0009709CDA62000CC09DFFFCBA99709CDA61FFCCC09E003CBA9CCA600039709CD0954
:202DD000FFFCCAA896099295D04A92C49608CC95FFF85008960A7622761F0180060218A9DB
:202DE000FDFF1E0206001AA902001E00761AD04C761F01859295D04D92D4960C9295D04E76
:202DF00092DC960D9295D04F92E4960E929592EC960F7622761F0180061418A9FEFF1E1450
:202E000006041AA902001E04761AFF690006761F02F292045201ED03767E2DA20006762200
:202E1000761F0180060018A9FEFF1E0006141AA901001E14761A88CC8F406100D041761FE0
:202E20000185CDA68000CC957FFFCBA9D0409701CDA64000CC01BFFFCBA99701CDA6200041
:202E3000CC01DFFFCBA99701CDA61FFCCC01E003CBA9CCA600039701CD01FFFCCAA896013A
:202E40009295D04292C49600CC95FFF8500896027622761F0180060218A9FEFF1E0206006B
:202E50001AA901001E00761AD044761F01859295D04592D496049295D04692DC9605929518
:202E6000D04792E49606929592EC96077622761F0180061418A9FEFF1E1406041AA9010061
:202E70001E04761AFF690006761F02F292045201ED03767E2E0F00067622761F01800600D5
:202E800018A9FF7F1E0006141AA901001E14761A88CC8F406100D039761F0184CDA680009B
:202E9000CC957FFFCBA9D0389739CDA64000CC39BFFFCBA99739CDA62000CC39DFFFCBA953
:202EA0009739CDA61FFCCC39E003CBA9CCA600039739CD39FFFCCAA896399295D03A92C44A
:202EB0009638CC95FFF85008963A7622761F0180060218A9FF7F1E02060050801E00761A1B
:202EC000D03C761F01849295D03D92D4963C9295D03E92DC963D9295D03F92E4963E929543
:202ED00092EC963F7622761F0180061418A9FEFF1E14060450801E04761AFF690006761F48
:202EE00002F292045201ED03767E2E7C00067622761F0180060018A9FFEF1E0006141AA903
:202EF00001001E14761A88CC8F406100D021761F0184CDA68000CC957FFFCBA9D020972182
:202F0000CDA64000CC21BFFFCBA99721CDA62000CC21DFFFCBA99721CDA61FFCCC21E0033F
:202F1000CBA9CCA600039721CD21FFFCCAA896219295D02292C49620CC95FFF85008962261
:202F20007622761F0180060218A9FFEF1E02060050101E00761AD024761F01849295D025CE
:202F300092D496249295D02692DC96259295D02792E49626929592EC96277622761F0180BB
:202F4000061418A9FEFF1E14060450101E04761AFF690006761F02F292045201ED03767E87
:202F50002EE700067622761F0180060018A9FFFB1E0006141AA901001E14761A88CC8F40F6
:202F60006100D011761F0184CDA68000CC957FFFCBA9D0109711CDA64000CC11BFFFCBA965
:202F70009711CDA62000CC11DFFFCBA99711CDA61FFCCC11E003CBA9CCA600039711CD1172
:202F8000FFFCCAA896119295D01292C49610CC95FFF8500896127622761F0180060218A949
:202F9000FFFB1E02060050041E00761AD014761F01849295D01592D496149295D01692DC6A
:202FA00096159295D01792E49616929592EC96177622761F0180061418A9FEFF1E14060422
:202FB00050041E04761AFF690006761F02F292045201ED03767E2F52000680A97622761F5A
:202FC0000180060018A9FBFF1E0006141AA901001E14761A88CC8F406100D051761F018531
:202FD000CCA68000CD957FFFCAA8D0509611CCA64000CD11BFFFCAA89611CCA62000CD11FF
:202FE000DFFFCAA89611CCA61FFCCD11E003CAA8CDA600039611CC11FFFCCBA997119295E2
:202FF000D05292C49610CCA7000FCD95FFF0CAA896127622761F0180060218A9FBFF1E0225
:2030000006001AA904001E00761AD054761F01859295D05592D496149295D05692DC961534
:203010009295D05792E49616929592EC96177622761F0180061418A9FEFF1E1406041AA959
:2030200004001E04761AFF6900067622761F0180060018A9FFFD1E0006141AA901001E14CD
:20303000761A88CC8F406100D009761F0184CDA68000CC957FFFCBA9D0089709CDA6400008
:20304000CC09BFFFCBA99709CDA62000CC09DFFFCBA99709CDA61FFCCC09E003CBA9CCA643
:2030500000039709CD09FFFCCAA896099295D00A92C49608CC95FFF85008960A7622761F69
:203060000180060218A9FFFD1E02060050021E00761AD00C761F01849295D00D92D4960CE2
:203070009295D00E92DC960D9295D00F92E4960E929592EC960F7622761F0180061418A937
:20308000FEFF1E14060450021E04761AFF690006761F02F292005201ED039A0100063B103B
:2030900092045201ED07767E3025761F02F256BF010029109A000006761F0180060850020C
:2030A0001E0800067622FF69767E309C761AFF69761F02F22B0000067622761F01811E069F
:2030B000761AFF6900061EA67622761F0180060018A9FF961E00761A8F00610083A492A637
:2030C000761F0184DD0190031AC580001A01400083A41801DFFFDD191801E003CD01FFFCD2
:2030D000CBA9970193C42BC41AC5800083A41A194000DD181819DFFF1819E003CD19FFFC9C
:2030E000CBA9971993C52BC583A4DD291AC5800083A4DD281A2940001829DFFF1829E003E6
:2030F000CD29FFFCCBA9972993C52BC583A4DD31DC301AC580001A3140001831DFFF1831B8
:20310000E003CD31FFFCCBA9973192C42BC476228F4060408AA5761F0181DC011AC48000CA
:203110008F0060001A0160001A011FFF1AC5FFFF1AFD80001A0760001A071FFF761F0180B2
:203120001AF5FFFF83A4DD13DC121AC580001A1360001A131FFF1AC4FFFF761A762206023A
:2031300050691E02062850691E28060050691E00761AFF690006761F0180060C50401E0CBC
:2031400000068F406100D034929596D4D0359295D03696DC9295D03796E4929596EC0006A9
:203150007622FF69767E313B761A761F02F292045201ED289203520AEC118A06FF69767E0E
:2031600031418F00BCC0A8A9C40609360FA6EC04DE06C2066F02A8060A0392045201ED1213
:2031700028AC00068F00BC4C30012D02560100A49A01FF6698E49A012D01761F02F1FF6641
:203180009804FF690006761F0180060C50201E0C00068F406100D02C929596D4D02D92957C
:20319000D02E96DC9295D02F96E4929596EC00067622FF69767E3183761A761F02F2920409
:2031A0005201ED289203520AEC118A06FF69767E31898F00BCC0A8A9C40609360FA6EC0409
:2031B000DE06C2066F02A8060A0392045201ED1228AC00068F00BC4C30012D02560100A473
:2031C0009A01FF6698E49A012D01761F02F1FF669804FF690006761F0180060C50081E0C09
:2031D00000068F406100D01C929596D4D01D9295D01E96DC9295D01F96E4929596EC000679
:2031E0007622FF69767E31CB761A761F02F292045201ED289203520AEC118A06FF69767EEE
:2031F00031D18F00BCC0A8A9C40609360FA6EC04DE06C2066F02A8060A0392045201ED12F3
:2032000028AC00068F00BC4C30012D02560100A49A01FF6698E49A012D01761F02F1FF66B0
:203210009804FF690006761F0180060C50011E0C00068F40610092E596D492ED96DC92F562
:2032200096E492FD96EC00067622FF69767E3213761A761F02F292045201ED289203520ABC
:20323000EC118A06FF69767E32198F00BCC0A8A9C40609360FA6EC04DE06C2066F02A80675
:203240000A0392045201ED1228AC00068F00BC4C30012D02560100A49A01FF6698E49A0196
:203250002D01761F02F1FF669804FF690006761F018006081AA902001E080006761F01800E
:2032600006081AA901001E080006761F0180060850801E080006761F0180060850101E0886
:203270000006761F0180060850041E080006761F018006081AA904001E08000606C41EC5D0
:2032800092D496D592DC96DD92E496E592EC96ED0006761F02F283A49203ED039A000006AF
:203290003B108A08FF69767E327E8F00BCC0A8A9C4080B0309360FA6EC04DE06C2086F02FC
:2032A000A80829109A010006762202008F006000D0241901761F01801E94D0260200190113
:2032B0001E94D02002001E940208DC201AC400021A2000011820FBFF1A2000041E2A1E2C85
:2032C000761F018402001E0A1E121E221E3A761F01851E021E0A761F01841E021E1A1E2AC5
:2032D0001E32761F018019011E08020019011E0C020019011E1E020019011E22C4141AA6A6
:2032E0001000C214761A6F02C41892A6FFC3900144A6EFFB7622A31618ABFFF018AAFF00E8
:2032F00093AB517327A893AA51082FA8A916C414BE80C214761A6F05C41892A6FFC390016A
:203300005200EDFB762202001E00761AFF69000680A82DA9767E32A40200767E30B3761F87
:2033100002F28F00BCC02B002B032B047F022101A806A8080006761F02F256BF0104000666
:20332000761F02F22B040006761F02FB92120006761F02FB92330006761F02FB92300006DC
:20333000761F02FBCC150004FFC10006761F02FBCC152000FFCC0006761F02FB921600069C
:203340003B10761F02FBCC100008FFC22910FF6900063B10761F02FBCC1000012910FF69E9
:203350000006761F02FB92130006761F02FBCC150002FFC000063B10761F02FBCC10000225
:20336000FFC02910FF690006B2BD761F02FB59A94215EE10767E15E79B325DA18F00BECABD
:20337000767E57075201ED14761F02FB1A1500046F0F767E15E79B285DA18F00BECA767E98
:2033800056F75201ED05761F02FB1815FFFB8BBE0006B2BD761F02FB59A94715EE0F921293
:20339000933D8F00BEC55DA1767E57075201ED13761F02FB1A1500806F0E9212933B8F00D9
:2033A000BEC55DA1767E56F75201ED05761F02FB1815FF7F761F02FB933B953DFFD088A898
:2033B0009DFB4A15EE0F92128F00BECB93A65DA1767E57075201ED12761F02FB1A150400AD
:2033C0006F0D92128F00BECB5DA1767E56F75201ED05761F02FB1815FBFF8BBE0006B2BDBA
:2033D000AABD5AA9767E1604761F02FB59A94915EE0E93388F00BEC65DA2767E57075201F5
:2033E000ED12761F02FB1A1502006F0D93358F00BEC65DA2767E56F75201ED05761F02FB9D
:2033F0001815FDFF761F02FB93359538FFD088A89DFB4C15EE0F8F00BECD92A193A65DA2F3
:20340000767E57075201ED12761F02FB1A1510006F0D8F00BECD92A15DA2767E56F75201DB
:20341000ED05761F02FB1815EFFF86BE8BBE0006B2BD761F02FB59A94815EE0F9230933682
:203420008F00BEC75DA1767E57075201ED13761F02FB1A1501006F0E9230933C8F00BEC7F1
:203430005DA1767E56F75201ED05761F02FB1815FEFF761F02FB933C9536FFD088A89DFB79
:203440004B15EE0F92308F00BEC493A65DA1767E57075201ED12761F02FB1A1508006F0D1C
:2034500092308F00BEC45DA1767E56F75201ED05761F02FB1815F7FF8BBE0006767E380BCA
:20346000761F02FB42A856BCA03D56BC823B56BC822D56BC9B2E56BC642B56BC8C2C56BCF9
:20347000A03456BC823256BD823D56BD643B56BD642D56BD7D2E56BD462B56BD6E2C56BD78
:20348000823456BD6432767E380B761F02FB41A856BC553856BC373556BF323C56BC4B39E5
:2034900056BC553A56BC372F56BD413856BD233556BD373956BD413A56BD232F56BF463605
:2034A0000006761F02FB963700063B10761F02FB96122910FF6900063B10761F02FB9633CF
:2034B0002910FF6900063B10761F02FB96302910FF690006761F02FB96380006761F02FB13
:2034C00096350006761F02FB9215FFC0CA15FFC0CA1547A9EE053B101810FFFE6F043B1095
:2034D0001A10000129104AA9EE053B101810FFF76F043B101A1000082910FFC0CA1543A976
:2034E000EE053B101810FFFD6F043B101A10000229100006761F02FB1815C0792B102B33B0
:2034F0002B162B130006B2BD59A9767E380B41A8EE12761F02FB9B028F00BEDD5DA19212AB
:20350000767E56F75201ED178F020000A8A9767E38216F11761F02FB9B058F00BEDD5DA10A
:203510009212767E57075201ED068F020000A8A9767E3B18767E380B42A8EE12761F02FB83
:203520009B028F00BEDE5DA19233767E56F75201ED178F040000A8A9767E38216F11761F22
:2035300002FB9B058F00BEDE5DA19233767E57075201ED068F040000A8A9767E3B188BBEE4
:203540000006B2BDD100767E380B42A856BD01A192A18BBE0006B2BD761F02F859A9923803
:20355000EC355201EC175202ED4F761F02AB9B3C8F00BEEA5DA1920C767E56F75201ED0ADD
:20356000761F02F856BF0138761F02FB2B292B272B2A761F02AB9B468F00BEEA5DA1920CEB
:20357000767E57075201EC0D761F02AB9B328F00BEE75DA1920C767E56F75201ED256F1792
:20358000761F02F856BF02386F1A761F02AB9B3C8F00BEE75DA1920C767E57075201EC0B3F
:20359000761F02FB92A10A295429660E761F02F82B386F05761F02F856BF0138761F02FB5D
:2035A0002B292B272B2A8BBE0006B2BDAABD59A9767E1604761F02FB5AA9921352026208E3
:2035B0005202EC2C5200EC5A5201EC406F735203EC0D5204ED6F9B4B8F00BEDF92A25DA152
:2035C000767E56F75201EC2D6F659B558F00BEDF92A25DA1767E57075201EC0B9B418F0015
:2035D000BED992A25DA1767E56F75201EC326F52761F02FB56BF04136F489B4B8F00BED91E
:2035E00092A25DA1767E57075201EC0B9B378F00BED892A25DA1767E56F75201EC326F3A79
:2035F000761F02FB56BF03136F309B418F00BED892A25DA1767E57075201EC0B9B2D8F0039
:20360000BEDB92A25DA1767E56F75201ED236F15761F02FB56BF02136F189B378F00BEDB7A
:2036100092A25DA1767E57075201EC0B761F02FB92A10A205420660E761F02FB2B136F05B1
:20362000761F02FB56BF01132B202B1F2B192B182B1B86BE8BBE0006761F02FB5DA44315EF
:20363000EE0C8F00BEE6767E56F75201ED10761F02FB1A15000800068F00BEE6767E570768
:203640005201ED05761F02FB1815FFF70006761F02FB5DA44415EE0C8F00BECC767E56F72A
:203650005201ED10761F02FB1A15001000068F00BECC767E57075201ED05761F02FB1815C4
:20366000FFEF0006761F02FB5DA44515EE0C8F00BEC9767E56F75201ED10761F02FB1A1507
:20367000002000068F00BEC9767E57075201ED05761F02FB1815FFDF0006761F02FB5DA431
:203680004615EE0C8F00BEC8767E56F75201ED10761F02FB1A15004000068F00BEC8767E1F
:2036900057075201ED05761F02FB1815FFBF00062DA9761F02FB29013637FF4A96330006DD
:2036A000B2BDAABDA2BD761F02F45BA9923D520356C00087761F02E4923E5212EC28761F2D
:2036B00002FB4D15EE0F9212932D8F00BEE15DA3767E57075201ED13761F02FB1A15200086
:2036C0006F0E9212932B8F00BEE15DA3767E56F75201ED05761F02FB1815DFFF761F02FB28
:2036D000922D5412662C92129E2D6F27761F02FB4D15EE0F9212932C8F00BEE15DA3767EA8
:2036E00057075201ED13761F02FB1A1520006F0E921293328F00BEE15DA3767E56F7520190
:2036F000ED05761F02FB1815DFFF761F02FB922C5412660592129E2C5AA96F02D200767E62
:203700001604761F02FB59A94115EE0E93398F00BEDC5DA3767E57075201ED12761F02FB7E
:203710001A1500026F0D932F8F00BEDC5DA3767E56F75201ED05761F02FB1815FFFD92A18D
:20372000761F02FB543968069E3954A2562A061466027A149214520A56B60A146F08761F67
:2037300002FB2B212B1C1815DFFD2B1482BE86BE8BBE0006B2BD761F02FB59A992165203CE
:20374000620D5203EC53520056C1009F520156C100825202EC65FFEF00B65204EC2D520563
:20375000EC0F520656C000AF92129B878F00BEE85DA1767E56F75201EC34FFEF00A492125E
:203760009B918F00BEE85DA1767E57075201EC0E761F02FB9B7D8F00BEF15DA19212767ECD
:2037700056F75201EC38FFEF008E761F02FB56BF0616FFEF008192129B878F00BEF15DA1C5
:20378000767E57075201EC0D761F02FB9B738F00BEE35DA19212767E56F75201EC366F7282
:20379000761F02FB56BF05166F6692129B7D8F00BEE35DA1767E57075201EC0D761F02FB68
:2037A0009B698F00BEE25DA19212767E56F75201EC366F58761F02FB56BF04166F4C921297
:2037B0009B738F00BEE25DA1767E57075201EC0D761F02FB9B5F8F00BEE55DA19212767ECC
:2037C00056F75201EC346F3E761F02FB56BF03166F3292129B698F00BEE55DA1767E5707F1
:2037D0005201EC0D761F02FB9B558F00BEE45DA19212767E56F75201ED256F15761F02FB7C
:2037E00056BF02166F1892129B5F8F00BEE45DA1767E57075201EC0B761F02FB92A10A1AC3
:2037F000541A6610761F02FB2B166F05761F02FB56BF01162B1A2B282B312B232B222B25F1
:203800002B248BBE0006761F02FC92050006761F02FC92090006761F02FC061E0006767EF5
:203810004D15761F02FC52019607ED079206ED059A019B03767E6770761F02FC9207960669
:2038200000063B10761F02FC981E991F2910FF6900063B10761F02FC96092910FF6900066B
:20383000761F02FC2B0D0006B2BD761F01BF59A94609EE0E767E0A825200EC0A761F02FC3B
:2038400092A10A0D540D670956BF010B6F05761F02FC2B0D2B0B2B0A8BBE0006767E0A82B3
:203850005200EC12761F02FC920B5201ED0D761F02F4923DEC09761F02DF4213EE059A04E0
:203860009B0C767E67700006FE02761F02FC930BED1B761F01BF4609EE139641761F02FC88
:203870008F00BF0128A81B588F400DAC920A767E5717761F02FC520156B1010B6F14761F0F
:2038800002FC2B016F1096418F00BF01920A28A81A908F400E74767E58945201ED04761F39
:2038900002FC2B0BFE820006FE025200ED05761F02FC2B0A6F0E88A928A8055D28A94A80D7
:2038A000761F02FCFF5A0200F61F561700A63F0AFE820006FE02767E4CB88F02800088A9E9
:2038B000761F02FCA8AB02008F000B51A8ACF61F561700A6564400AB2D183B01FF4BFF5A40
:2038C00035071EA69218EC05A9A907A6FF426F0292AB5200961863022B18FE8200068F00A2
:2038D000BF20761F02FC92CCBE0396C43B0192D49621761F02EB9217761F02FC962292216B
:2038E000942094220EA9F60F1FA62DA996089AB536A9FF4696050006767E590E761F02D88B
:2038F0002DA929013617761F02FCFF479617767E4CB828AC016A2901761F02FC30A9FF47D2
:203900003B01960C340C010DFF479C64961B0006B2BDAABDA2BDFE06761F02F9920452507D
:2039100056B150A1EC0E524656B146A1EC0A523C56B13CA1EC06523256B132A156B028A198
:20392000767E4CB45AA9767E3E015200ED161BA203E867111BA203846910026408A2FC7CA3
:203930001E4292A19CF62DA912A200FE68A89C0A96466F0579466F032846000A761F02D7AD
:203940009225761F02EE5438671E761F02D88803761F02EE92A6543867032B436F15761FE6
:2039500002D892033B01761F02D72DA19E25761F02EE85A91E4292A69E3830A900FE68A8A5
:2039600096436F027943761F02E4923E5212EC18761F02FB922D761F02FB54126732761F17
:2039700002FB922E761F02FB54126929761F02FB9E2D0EA9761F02FB1E42922E6F17761F0F
:2039800002FB922C761F02FB5412671B761F02FB9234761F02FB54126912761F02FB9E2CCB
:203990000EA9761F02FB1E429234761F02FB2DA19E1230A900FE68A85AA96F04D2006F02F8
:2039A0005AA1767E1604761F02FB54396917761F02FB543A6711933A761F02FB2DA19F39C2
:2039B00088A8761F02FBC242933A9FA930A800FE68A896456F042B456F027945767E0B75D5
:2039C000761F02BD27A94129EF08922A9B0A00FE691E54AB562A04AB761F02AB9207650B03
:2039D0009B0A00FE691E93A992AB9EA8964463042B446F023F44767E3D335BA9767E61ADE0
:2039E000761F02F894A35408670E761F02FC0A192B0E9219520A681292A12B195410650E72
:2039F0000A106F0C761F02FC0A0E2B19920E520A680592102B0E65020B109246790454A123
:203A0000562A080492435404562A080492A2540467027A0492455404562A08049244540405
:203A1000562A080492105404562A0804767E0B79761F02FC54046706767E0B79761F02FCA9
:203A20009604761F02BD4229EF07761F02FC9204520A56B80A04761F02FC2D04FE86358297
:203A3000761F02CC963C82BE86BE8BBE0006B2BDAABDFE02767E0A9659A9767E590E93A173
:203A400055A96813767E58F42DA935648BA9767E590E93A155A96604767E590E6F08767E4D
:203A500058F42DA935646F03767E0A9659A9767E4CB41BA90578660D767E4CB41BA90384AC
:203A60006805767E4CB45AA96F068D8003846F038D800578767E0B75761F02AB9B0A27A9B2
:203A7000920700FE691E3B012BAA761F02FC85A9564100ABA9A60E040FA6630327042BAA88
:203A8000761F02F80E068F00FA001EAC564400AB1EA6FF5AA8A90FA66407FF23FF830FABFF
:203A9000564802AB6F02A8AB85A2A9AC1E4285A1564400A900FE68A8761F02CE1EA61E224B
:203AA000020019640FA66504020019641E22767E3D3359A9767E61AD761F02F894A1540822
:203AB000681A767E61AD761F02F893089FA934A803DE1EA6020019640FA6620806A6761FA0
:203AC00002CE0F226308C2226F060200761F02CE19641E22767E4CB48F0008FC761F02CE11
:203AD0000EA9A8AC1E425644002200FE68A8761F02CE1EA61E20020019140FA665040200EB
:203AE00019141E20761F02AB920763022B07767E0B75761F02AB9B0A27A9920700FE691EA0
:203AF00093AB9FA927A892AB63022BAB92AB761F02FC54046404920496026F023F020A135C
:203B0000767E2071761F02FC5402630B92135205640C2B13767E207193A99A0194A86F0315
:203B10002B139202767E2137FE8286BE8BBE00063B10FF55761F02FCC01EC11F2910FF69D3
:203B20000006761F02FC92125201ED53767E4CC41BA90F3C684A767E4CC41BA919C866459C
:203B3000767E4D155200ED41767E4CC41BA9157C6620761F02FC0A1A921A520A6918767E8C
:203B40000B615201ED1028A94650767E3E4D9A00767E0CA89A069B03767E6770761F02DE03
:203B500056BF0138761F02FC2B1A2B122B140006761F02FC0A149214520A691A767E0B6117
:203B60005200ED1028A93A98767E3E4D9A01767E0CA89A069B03767E6770761F02DE56BFFE
:203B70000138761F02FC2B12761F02FC2B142B1A0006B2BD767D80645200EC12761F02F4EE
:203B8000923D5204ED0D761F02EB4D24EE07767E591F520156B101A1EC04D1026F02D100B1
:203B900092A1761F02FC5400EC127900767DD8D15202EC05767DD8D15209ED049A00767D2E
:203BA000D8D53B10761F02AC791E29108BBE0006B2BD9A00767E674459A941A1EF49767EF3
:203BB000465F767E4DEC9A00767E4DB6767E38CF9A05767E4DC8767E472F767E4FCD9A00DB
:203BC000767E4F979A05767E4FA9767E4E01767E4ED9767E38EC767E4845767E61E7767E59
:203BD0004CB8767E61F19A00767E621D761F02F69202761F02F69301767E61FC761F02F65E
:203BE0009202761F02F69301767E623B761F02F4923D5204ED09767DD8D15202ED05767E03
:203BF0003908767E3A37767E380F767E38AA43A1EF0C767E46D2767E38949A05767E386424
:203C0000767E3830767E384E44A1EF0B9A01767E4D359A01767E4D2D767E4ED9767E380F7F
:203C100040A1EF98761F02DF92055203ED11761F01A09204761F02DE7235761F01A5920413
:203C2000761F02DE7236761F02DF56BF05059A0A767E4E05767E4ED9767E380F9A0A767EF9
:203C30003834767E384E767E4D155201EC050210767E3B186F040210767E3821761F02F43E
:203C4000923DEC065207EC04767DDC8E6F049A00767D839A767E0BA95203EC09767E0BA946
:203C50005201ED0D767D80215200EC09767DD88A5201EC05761F02FC2B036F05761F02FCCB
:203C600056BF0103767E3B21767E38EC9A0A767E4E5B767E3B79FFEFFF3EB2BDFE02767E4C
:203C70000B615201EC0428AC00056F0328AC0006761F02FC8F0005873611A8AC8F0003E89D
:203C8000566500A90200F61F561700A459AB3F15767E4CB4BE162DA132A9A9A9C242FF3248
:203C900003AB00FE68A83B01761F02FCFF49FF5CFE82961C8BBE0006761F02FA932E73316F
:203CA0005431660474319A0100069A0000062DA9761F02FA88A8920C9C64540D6807920A8E
:203CB0009C9C540D562A060D6F02960D360D1EAC8F000928FF321EA7ABA9FF3007A7FF5A67
:203CC0000200F61F561700A4A9A9B60A58A60905FF5A0200F61F561700A75CAB0EA65DA45E
:203CD000566500A902002DA6F61F561700A50200A9A7F61F561700A05DAB92A733A59EAB9E
:203CE00027A93B10761F02D7FF699B0392A47C2200FE69A9761F02D7961F560301A49B0392
:203CF00000FE69A92DA4761F02D7961E761F02D792A4FFC09629761F02D792A4FFC196276E
:203D0000761F02D73503FFC1962892A4761F02D7FFC29CFF9624761F02CC543569059235A4
:203D1000761F02D79624761F02FA7D2F3F2E291092A5FF690006761F02FA92090006761F1C
:203D200002FA922A0006761F02FA92320006761F02FA92280006761F02FA92290006761F32
:203D300002FA922C0006761F02FA922B0006761F02FA92330006761F02FA92050006761F40
:203D400002FA92060006761F02FA923F0006761F02FA923D0006761F02FA923E0006761FFF
:203D500002FA922F0006761F02FA920B0006761F02FA920D0006761F02FA920A0006761F5E
:203D600002FA920C0006761F02FA92380006761F02FA92370006761F02FA92340006761FF0
:203D700002FA920E0006761F02FB06020006761F02FB06000006B2BD59A9767DDE58520166
:203D8000ED0F761F02F4923D5203ED0A761F02F79203ED06761F02FA923D542A6605761F8D
:203D900002FA2B1E6F080A1E92A1541E66042B1E9A016F029A008BBE0006761F02F4933D87
:203DA0005303EC085302ED0B761F02F493215307ED06761F02FA933E552A6805761F02FA01
:203DB0002B1D6F070A1D541D66049A012B1D00069A00000688A9761F02F4923D5203EC08D6
:203DC0005202ED0E761F02F492215207ED09761F02FA9238542A690492A654376607761FFC
:203DD00002FA2B201804FFF76F091A0400080A20552066049A01972000069A000006761F46
:203DE00002FA0A02540267082B342B2A2B262B289A012B0200069A000006761F02FA9227E6
:203DF0000006761F02FA922D00063B10761F02FA4204EF0429109A016F0329109A00FF69C1
:203E00000006761F02FACC040010FFC300063B10761F02FA96302910FF6900063B10761F3A
:203E100002FA96092910FF6900063B10761F02FA963C2910FF6900063B10761F02FA961B6E
:203E20002910FF6900063B10761F02FA96362910FF6900063B10761F02FA961A2910FF695F
:203E300000063B10761F02FA963F2910FF6900063B10761F02FA963D2910FF6900063B1073
:203E4000761F02FA963E2910FF6900063B10761F02FA96392910FF6900063B10761F02FA28
:203E5000960B2910FF6900063B10761F02FA960D2910FF6900063B10761F02FA960A29102F
:203E6000FF6900063B10761F02FA960C2910FF6900063B10761F02FA96382910FF6900065E
:203E70003B10761F02FA963A2910FF6900063B10761F02FA96372910FF690006761F02FAFE
:203E8000540768055507562B06076F029607920796090006FE02761F02FA88A89E2A5D0935
:203E9000526463171BA9FF9C6511522863131BA9FFD86510761F02DF931C5302EC0B761F07
:203EA00002DF930AED079A006F0528A9FF9C6F029A642DA4761F02FA33212DA6A9A7962117
:203EB00088A733A993AB9FA695A59707761F02D6921D651B767E0A825200EC173B103B0194
:203EC000761F02D6FF69851D761F02DB1E42060A00FE68A88F000140A84200FE68A8761F1E
:203ED00002D6962A29106F04761F02D62B2A761F02DF921C5201EC0F761F02D6922A52508F
:203EE00062071B2AFFB06314282AFFB06F1156BF502A6F0E761F02D6922A52A062071B2A98
:203EF000FF606306282AFF606F0356BFA02A922A761F02FA9B01FF69FFA1720728A91A8310
:203F0000767E3E7EFE82000688A9761F02E45DA8923E5208EC05520DEC035212ED1E761F4D
:203F100002FA4404EE10922A8F00BEA428A809F65DA6767E57075201ED17761F02FA1A0478
:203F200000100006922A8F00BEA428A809C4767E56F75201ED096F04761F02FA2B24761FAF
:203F300002FA1804FFEF000688A9761F02FA3B01922A9E2885A9FF5693A655A96703922A05
:203F40006F049228942AFFC0962800062DA9761F02FA2901363CFF4A962A0006B2BDAABD0B
:203F5000A2BDFE02761F01BF5BA45AA859A943017D41EF1F767E0A825200EC1B761F02F426
:203F6000923D5203ED1692A254A16505761F02FA4304EF0C92A354A1650C761F02FA430441
:203F7000EE080A1F9241541F67072B1F9A016F05761F02FA2B1F9A00FE8282BE86BE8BBE43
:203F800000062DA9761F02FA2901363BFF4A962B0006761F02FA72230A2292225208681829
:203F900092232B22FFA2522363061BA9FFDD62040A336F020B339233528062071B33FF80D1
:203FA00063062833FF806F0356BF80332B230006761F02FA88A9550D6908920D94A654A8C6
:203FB00066089FA6970D000694A8540D562A090D0006761F02FA2B02000688A9761F02FAD5
:203FC0002DA60E065CA63706A9A7FF5A0E06565D00A4A9AC560500A92DA606A7FF318AA96B
:203FD00012AC560301A95DA9A8A90DA507AB8AA906A7FF3007AB1EA7560301A62DA93705BD
:203FE0004104EE08A8A90FAB690B06A70FAB660B0006A8A90FAB690706A70FAB690692A6A0
:203FF000740D000692A6720D0006B2BD88A980A892CC55A66907761F02FA9FA61A040001E7
:204000006F07761F02FA93A61804FFFE9FA7970693C4ED1F93A6FFD055A967181A0400025C
:2040100054A6690D93A755A966079EA62B051A04000196066F1174A77F056F0E54A767034B
:2040200074A66F02BE007E056F071804FFFD6F031A0400029605761F02DF921C520256B17A
:204030000CA156B012A1767E0B695200ED06761F02DF921C5202EC10761F02FA921B540552
:204040006804921A5406670892365405670B3B101804FFFB6F063B10761F02FA1A04000418
:2040500029104004EE064104EE0692A1740D6F094104EE0592A1767E3FBD6F0392A1720DFB
:204060008BBE0006761F02FA283C08002838019056BF6437767E0ABE761F02FA9BC8283D3E
:204070000384283F08FC95A9973E767E0B615200ED08761F02FA280B4650280D46506F07E9
:20408000761F02FA280B3A98280D3A983B01280A3616280C57E4283B0800280E2940180434
:20409000FFE02B092B2A2B282B322835FFFF2B342B2E2B312B2F2B152B142B162B182B17EA
:2040A0002B102B0F2B112B132B122B192B002B012B038F002940FF26FF5B761F02FB1E00E4
:2040B000A8020006FE025200ED05761F02FA2B346F0E88A928A8055D28A94A80761F02FA00
:2040C000FF5A0200F61F561700A63F34FE820006767E3D53540D6809767E3D539E0D520885
:2040D000690A080D00086F11767E3D53930D9FA953086609767E3D53960D3B101A040004F6
:2040E00029106F039A08740DFF690006761F02F592240006761F02F592380006761F02F554
:2040F000923C0006761F02CC922A0006761F02F5923A0006761F02F592370006761F02F572
:2041000092390006761F02F5923D00063B10761F02F5963D2910FF6900063B10761F02F545
:2041100096242910FF6900063B10761F02F596382910FF6900063B10761F02F5963B291001
:20412000FF6900063B10761F02CC962A2910FF6900063B10761F02F5963A2910FF690006AE
:204130003B10761F02F596372910FF690006761F02F5963900062DA9761F02F52901363BC6
:20414000FF4A963C0006B2BDFE02761F02F4923D5204ED61767DD8D15202EC05767DD8D154
:204150005209ED59767E27C2FF58622A767E27C23B0185A9FF5659A9767E590EFFC0761FA1
:2041600002F88F0186A080A9A8AC880A0EA1566500A90200F61F561700A6A9A90DA78BA909
:20417000767E590E88A9B2AB0200F61F561700A692AB767E41379A00767E413B6F1F767EE7
:2041800027C23B0185A9FF5659A9767E590E761F02F82DA10EA98F0003E81EA6370A020085
:20419000F61F561700A60200F61F561700A492AB767E413B9A00767E4137767E20251EA60F
:2041A000FF20012C0FA662039A016F029A00767D837E6F0C9A00767E413B9A00767E413774
:2041B0009A00767D837E767E26AD761F02F4923D5203EC24761F02AB92395201EC0F761FEB
:2041C00002F52B209B0A761F02AB920700FE691E93A9767E40EE94A86F45767E40FE2DA942
:2041D000350A9620767E40FE9B0A27A9761F02AB920700FE691E9EAB6F35767E2757520022
:2041E000620C767E27CEFF586205761F02F52B206F1A767E27CE6F05767E27573B0185A911
:2041F000761F02F8880B87A6566500A9A9A1767E590E761F02F588A9B2AB0200F61F5617B9
:2042000000A63F20761F02AB92079B0A761F02F59E2000FE691E961F761F02AB9307EC05C8
:204210009CFD761F02F5961F761F02AC52002B2D6409761F02F51B1F0200650E281F01FFD8
:204220006F0B761F02F5921F761F02ACFF5C962D761F02F52B1F761F02F4923D520456C0CA
:2042300000EE767DD8D15202EC06767DD8D1520956C000E5761F02AB92395201EC63761F68
:2042400002F52B21767E40F259A9767E590E9EA16518520A62115206640428A9FFF66F0810
:204250005202650428A9FFFE6F0328A9FFFF761F02F572226F04761F02F52B229A0A6F1BE8
:20426000767E40EE761F02FC9E0464195206630E52026206761F02F59A050B226F0C9A0573
:20427000761F02F574229A646F069A0A761F02F574229AC8761F02CD74286F08761F02F56E
:204280000A22761F02CD08280005761F02F5922264071B2201F46505282201F46F022B2215
:20429000761F02CD9228640B761F02CC923C761F02CD5428562A0428FFEF00872B28FFEF0E
:2042A0000084761F02F52B22767D80645201EC52767E40FE9B0395A955346607767E40FE03
:2042B0005434671C0B346F1A767E40FE5205690F767E40FE520A6909767E40FE521E69030C
:2042C0009A056F079A196F059A646F0328A901F40A32543266032B320A34761F02AB923B97
:2042D000761F02F5543468059234ED042B346F029634767E590E761F02AB933C9FA9620ADC
:2042E000767E40FE9E3464315206632C520265266F275306640428A9FFF66F08530265040D
:2042F00028A9FFFE6F0328A9FFFF761F02F572226F1D761F02AB923B761F02F55434660565
:204300005434562A08346F020A34767E40FE9E34640C52066307520262030B216F079A057A
:204310006F029A0A74216F020A219221640C1B2103B6650A282103B66F07761F02F52B226F
:204320002B342B322B21761F02AB92395201ED08761F02CE2D07761F02F512216F07761FBD
:2043300002CE2D07761F02F512228F0003E8A84200FE68A83B1096252910FE828BBEFF69C7
:204340000006B2BD761F02F50E1DBE05761F02DF2D0F3105F60F1FA6761F02F593AB55A9F4
:20435000562B06A99B0054286907761F02DF9206520156B101A8761F02F59726761F02DFC6
:20436000921C520256C000BB761F02F5922756C100B2520A56C100AF767E40EA520B56C1A8
:204370000081767E40EA520CEC7C767E40EA520DEC1D922C2B352B2E2B31ED159233282C54
:2043800001F4520CEC0D5202EC0B520DEC065203EC049A0BFFEF00909A0DFFEF008D9A0C05
:20439000FFEF008A0B2CFFEF0097767E58F4761F02EE2DA9310A92309EAB59A9767E590E9B
:2043A00093A155A96618767E58F42DA935788BA9767E590E93A155A9660E761F02DE92133B
:2043B0005201ED05761F02F59236EC05761F02F52B2E6F0E761F02F50A2E1B2E01F469088E
:2043C0009A0A2B2E767E4114767E40EA9633767E58F4761F02EE2DA9310392309EAB59A9D4
:2043D000767E590E93A155A966090202761F02F50F3E673D5641003E6F4E0201761F02F52F
:2043E0008F015F90073E1EA61E3EA8A90FA6674302001E3E9A0A767E4114767E40EA6F3A17
:2043F000767E40EA520BED10761F02DF9208EC0C761F02F50A311B3101F469099A0C2B31B1
:20440000767E41146F04761F02F52B3192262B2E5201ED0C0A351B35753069099A0D2B35EE
:20441000282C01F4767E41146F022B3502001E3E6F129A0A767E41146F0E761F02F592279B
:20442000767E4114767E40EA282C01F42B352B2E2B319633767E40EA520DED09761F02DE06
:204430009213ED0B761F02F52B366F07761F02DE9213761F02F59636767E40EA520AEC058F
:20444000767E40EA5200ED189233520CEC075202EC05520DEC035203ED090A301B300BB8AB
:20445000690F2B30767E40EA6F0A767E40EA963302001E3E6F05767E40EA2B309633767EF3
:2044600040EA9B0A00FE69AE5201EC4B5202EC495203EC18767DD8D15202ED09761F02F57A
:2044700092035201ED04767E59046F23767E590E9CFF767E4122767E40F2761F02CD960CF7
:204480006F38761F02AB92015201EC1A761F02F52B2B767E40F2761F02EE5430650F761F2D
:2044900002F5922F520568082B2F767E40F29CFF767E41226F1E0A2F6F1C92306FFA761F0A
:2044A00002F51B2B02EE6804767E0AE66FF2761F02EE9230767E4122761F02F50A2B6F0947
:2044B000761F02EE922E767E4122761F02F52B2B761F02F50A2D922D521969162B2D767EB6
:2044C000590E761F02CD540C660B3B10FF69767E590E9B05761F02CD95A9970C6F043B108F
:2044D000080C00052910FF69767E40F2761F02CD540C63093B10FF69767E40F2761F02CD7F
:2044E000960C29108BBEFF690006761F02F52B3C2B390006FE023B10761F02DAC422B60075
:2044F000C224761F02D6920E960D761F02DAC322761F02D62B0E2910520062039A006F0819
:204500003B0185A9FF691E4206A600FE68A8FE82FF690006FE023B10761F02DAC42CB6005F
:20451000C234761F02D6920B960A761F02DAC32C761F02D62B0B2910520062039A006F08E7
:204520003B0185A9FF691E4206A600FE68A8FE82FF690006FE023B10761F02D9C420B6004C
:20453000C232761F02D692099600761F02D9C320761F02D62B092910520062039A006F08E4
:204540003B0185A9FF691E4206A600FE68A8FE82FF690006FE023B10761F02D9C41EB6002E
:20455000C21C761F02D692029601761F02D9C31E761F02D62B022910520062039A006F08E9
:204560003B0185A9FF691E4206A600FE68A8FE82FF690006FE023B10761F02DAC430B600FB
:20457000761F02D9C224761F02D692159612761F02DAC330761F02D62B1529105200620318
:204580009A006F083B0185A9FF691E4206A600FE68A8FE82FF690006FE023B10761F02DA74
:20459000C428B600C22A761F02D692119610761F02DAC328761F02D62B11291052006203D2
:2045A0009A006F083B0185A9FF691E4206A600FE68A8FE82FF690006FE023B10761F02DA54
:2045B000C40602001E06C202761F02D8922F761F02D79600761F02D82B2F2910520062034A
:2045C0009A006F083B0185A9FF691E4206A600FE68A8FE82FF690006FE023B10761F02DA34
:2045D000C4120200761F02D9C23A761F02DA1E12761F02D8923A761F02D99607761F02D82F
:2045E0002B3A2910520062039A006F083B0185A9FF691E4206A600FE68A8FE82FF6900067B
:2045F000FE023B10761F02D9C41802001E18C210761F02D692372B379635291052006203B7
:204600009A006F083B0185A9FF691E4206A600FE68A8FE82FF690006FE02761F02D6923C74
:2046100062039A006F0B3B01853C761F02D91E42063E00FE68A8767E56A4FE820006FE027E
:20462000761F02D7921562039A006F0B3B018515761F02D91E42062A00FE68A8767E56A41A
:20463000FE820006FE02761F02D8923962039A006F0B3B018539761F02DB1E42060200FE5F
:2046400068A8767E56A4FE820006FE023B10761F02D9C43602001E36C23892002B0096017D
:204650002910520062039A006F083B0185A9FF691E4206A600FE68A8FE82FF690006FE026F
:20466000761F02D9920862039A006F093B0185081E42061400FE68A8767E56A4FE820006F4
:20467000FE02761F02D7920162039A006F0B3B018501761F02DA1E42061C00FE68A8767EF9
:2046800056A4FE820006FE023B10761F02DBC40EB600C20C761F02D792129610761F02DB5D
:20469000C30E761F02D72B122910520062039A006F083B0185A9FF691E4206A600FE68A8A1
:2046A000FE82FF690006FE02761F02D6923962039A006F0B3B018539761F02D91E42061675
:2046B00000FE68A8767E56A4FE820006FE023B10761F02DAC41802001E18C210761F02D659
:2046C00092322B3296332910520062039A006F083B0185A9FF691E4206A600FE68A8FE8283
:2046D000FF690006761F02D7921B0006761F02D8560308260006761F02D792190006761F8B
:2046E00002D692130006761F02D6920C0006761F02D6920F00063B01761F02D68520761F2F
:2046F00002CE8A38560100A492C40006761F02D792070006761F02D692260006761F02D61C
:2047000092200006761F02FA92080006761F02D6923E0006761F02D8923E0006761F02D6BB
:20471000923D0006761F02D992060006761F02D992090006761F02D8923F0006761F02D8E0
:204720005603082A0006761F02D992030006761F02D992020006761F02D992050006761F31
:2047300002D792130006761F02D7921C0006761F02D7921A0006761F02D85603082B0006A2
:20474000761F02D792040006761F02D792060006761F02D792160006761F02D79218000609
:20475000761F02D692300006761F02D6922F0006761F02D6923A0006761F02D6923100066B
:20476000761F02D692340006761F02D792020006761F02D692360006761F02D89234000682
:20477000761F02D892360006761F02D892300006761F02D892320006FE023B10761F02D9C1
:20478000C426B600C22C761F02D89235761F02D99604C326761F02D82B35291052006203A3
:204790009A006F083B0185A9FF691E4206A600FE68A8FE82FF690006761F02D88F00B6D496
:2047A000562100278832A8A907AC83A97EC59227521363089C013B0185A9560100A492A66B
:2047B0006F03D01392949EC4960792135214640F920763022B073B018F00B6D08502560192
:2047C00000A4920794009EC496006F093B018F00B6D00A132B008502560100A4920796C48A
:2047D0000A279227521464022B270A029202520464022B020006FE023B10761F02DAC42092
:2047E000B600C21E761F02D7920F960D761F02DAC320761F02D72B0F2910520062039A00EB
:2047F0006F083B0185A9FF691E4206A600FE68A8FE82FF690006FE023B10761F02DAC436A2
:20480000B600761F02DBC204761F02D892319638761F02DAC336761F02D82B3129105200EA
:2048100062039A006F083B0185A9FF691E4206A600FE68A8FE82FF690006761F02D81B2E80
:20482000FDE866078F00B6C8922E96CC2BC4000628A9FFFF8F00B6C89E2E96CC56BF01C41E
:204830000006761F02D81B2CFDE866078F00B6BE922C96CC2BC4000628A9FFFF8F00B6BE70
:204840009E2C96CC56BF01C40006FE023B10761F02D9C40C02001E0CC21A761F02D6922C8E
:204850002B2C962529105200EC080EA9FF691E4206A600FE68A86F020200BE64FF69C2427D
:2048600000FE68A8FF5863020200FE820006FE023B10761F02DAC41A02001E1AC20C761FAF
:2048700002D692052B05960729105200EC080EA9FF691E4206A600FE68A86F0202008F0032
:2048800003E8FF69A84200FE68A8FE820006FE023B10761F02DAC40802001E08C200761F40
:2048900002D692082B08960329105200EC080EA9FF691E4206A600FE68A86F020200BE647D
:2048A000FF69C24200FE68A8FE820006FE023B10761F02DAC41402001E14C216761F02D6EB
:2048B00092042B04960629105200EC080EA9FF691E4206A600FE68A86F020200BE64FF69D2
:2048C000C24200FE68A8FE8200063B10761F02FA96082910FF6900063B10761F02D6963E93
:2048D0002910FF6900063B10761F02D8963E2910FF6900063B10761F02D8963F2910FF69BC
:2048E00000063B10761F02D696362910FF690006761F02AA923E00069A00761F02DD933E91
:2048F00056B101A90006761F01BF1A0404000006761F01BF1A020400000652008844804318
:20490000EC145300EC0F92A5ED1292C49C0193A996C492A754A8660992A654A866032BC45A
:204910000006767E48F30006767E48F80006761F01BF1A0D00800006761F01BF1A0B008016
:204920000006520088448043EC145300EC0F92A5ED1292C49C0193A996C492A754A86609DF
:2049300092A654A866032BC40006767E49170006767E491C0006761F01BF1A0C0200000699
:20494000761F01BF1A0A02000006520088448043EC145300EC0F92A5ED1292C49C0193A942
:2049500096C492A754A8660992A654A866032BC40006767E493B0006767E49400006761F21
:2049600001BF1A0408000006761F01BF1A0208000006520088448043EC145300EC0F92A566
:20497000ED1292C49C0193A996C492A754A8660992A654A866032BC40006767E495F0006C7
:20498000767E496400063B10761F02AA983E2910FF690006761F02DD922E5201ED05767EFA
:20499000380B44A9EE09761F02DD922EED10767E380B44A9EE0C767E0B7D5201ED08767ED9
:2049A0000BB5761F02DD520156B10127767E380B761F02DD44A956BC012EEF022B2E923557
:2049B0005201ED05767D80215200EC09761F02DD9235ED10767D80215201ED0C767E0B7D33
:2049C0005201ED08767E0BB5761F02DD520156B10127767D80215200ED05761F02DD2B3539
:2049D0000006761F02DD56BF01350006FE02761F02F4923D520156C100BE767E0BC1520167
:2049E000EC0A761F02DD1B2B02586804767E605F6F040A2B767E6050761F02F4923D520195
:2049F00056C100A95206ED05761F02AC921BEC1A761F02F4923DEC16767E380B45A9EE0C2C
:204A0000767E380B4AA9EE08767E380B47A9EE049A019B006F0956BF05419A019B01D50048
:204A10006F099A009B01761F02DD56BF1441D5012B2456BF14428F00B764767E4945761FA9
:204A200002F4923D5201EC765200EC2E5204ED05767DD8D15202EC09761F02AB9B0A9215D5
:204A300000FE69AE5200EC1D761F02AC922DED19761F02AB92155203EC0E520DEC0C767E6B
:204A400040EA5203EC08767E40EA520DEC049A01D5006F039A00D50156BF05419B016F0CB2
:204A50009A019B006F039A009B01761F02DD56BF1441D5012B3456BF14428F00B774767E3C
:204A60004969761F02F4923D5201EC345200EC0A761F01BF4301EF034401EE049A019B0077
:204A70006F039A009B0156BF1441761F02DDD5018F00B76556BF14422B25767E48FD761F96
:204A800002F4923D5201EC165200EC065203EC049A019B006F06761F02DD9A009B012B37BC
:204A900056BF1441D5018F00B77756BF1442767E4921FE8200063B10FF5E761F02AAC03ED3
:204AA0002910FF6900068F006FC0D0084394EF084BCCEF06761F01BF480856CD0091761FF1
:204AB00002DD2B3656BF0128761F01BF4308EE1B761F02DD92325201690D5219670B761F4C
:204AC00002EC412BEE07761F02DD9226520156B1012A761F02DD2B262B3256BF013F56BF4A
:204AD00001396F21761F02DD923252FF671C0A32761F02EC412BEE0D452BEE0B761F02DDED
:204AE0009232520156B101265219ED0D2B396F0B761F02DD9232520156B0013FED042B3F02
:204AF00056BF012A761F01BF4408EF10761F02DD923C52FF67109C01963C520156B0013DB6
:204B0000ED0A2B3D56BF012A6F06761F02DD2B3C56BF013D761F01BF4B01EF15761F02DD3A
:204B1000922F52FF67159C01962F5201EC08521956B00138ED0D2B3E2B3B6F0A2B3856BFEA
:204B2000012A6F06761F02DD2B2F56BF0138761F01BF4808EF0E761F02DD923052FF671D0C
:204B30009C019630520156B0013AED172B3A6F13761F02DD2B3056BF013A6F0F761F02DD72
:204B4000923652FF670A9C019636520156B00128ED042B2856BF012A923EED080A3B923B85
:204B5000526469042B3B56BF013E923FEC09761F02AA403EEF089A01767E4A9B6F049A016A
:204B6000767E4983761F02DD9239EC09761F02AA443EEF089A10767E4A9B6F049A10767EF3
:204B70004983761F02DD9238EC09761F02AA433EEF089A08767E4A9B6F049A08767E49831D
:204B8000761F02DD923DEC09761F02AA423EEF089A04767E4A9B6F049A04767E4983761F48
:204B900002DD923AEC09761F02AA413EEF089A02767E4A9B6F049A02767E4983761F02DDF6
:204BA0009228EC09761F02AA463EEF089A40767E4A9B6F049A40767E4983923EEC04761F75
:204BB00002DD2B2B0006761F01BF1A0D00100006761F01BF1A0B00100006520088448043A7
:204BC000ED145300ED0F92A5EC1227C49A0193A794AB96C455AB660993A655A966032BC4F9
:204BD0000006767E4BB30006767E4BB8000652008843ED205300ED1B92A4EC1E92A5761F39
:204BE00002DD542D6909402CEE07767E4BB8761F02DD0A2D6F03767E4BB3761F02DD92A6D0
:204BF0000A2C542C66092B2D2B2C0006767E4BB30006767E4BB80006761F02DD0A31933163
:204C00009DFF55A9690D2B31761F02F62B14761F02DD2B2A2B262B27767E4BB30006767E04
:204C10004BB80006FE02761F02F4923D5201EC50767E0BB55201ED36761F02F69214ED3018
:204C2000761F02DD9226ED2A922AED24761F02F4923D5206ED05761F02AC921BEC18767ED8
:204C3000380B47A9EE0B767E380B45A9EE07767E380B4AA9EF1FD5036F02D50156BF0A4167
:204C40009A009B00D401767E4BD76F229A019B006F169A01767E4BFC6F1B9A1E6FFC9A19B2
:204C50006FFA761F02F62B14761F02DD2B2A2B262B27761F02DD9A009B012B2956BF0A4145
:204C6000D5008F00B76956BF0A42767E4BBDFE820006761F02F4923D5201EC0A761F02DDB6
:204C70000A339233520A670D5205EC0C0006761F02DD0A339233520467045202ED046F0210
:204C80002B33770000069A00767E674440A9EFFC761F02DF92055207ED11761F01A09204FC
:204C9000761F02DE7235761F01A59204761F02DE7236761F02DF56BF0805767E4AA3767D8E
:204CA000BEAE9A20767E4A9B767E498A767E0BB55201EC04767E4BB36F03767E4C12767E8D
:204CB00049D6767E4C696FD0761F02EB92180006761F02EB92170006761F02EB9219000647
:204CC000761F02EB921A0006761F02EB922D0006761F02EBCC240008FFC200063B10761F38
:204CD00002EB4216EF0429109A016F0329109A00FF6900063B10761F02EB4016EF042910B6
:204CE0009A016F0329109A00FF690006761F02EBCC24000100063B10761F02EB4316EF04D4
:204CF00029109A016F0329109A00FF6900063B10761F02EB4116EF0429109A016F03291087
:204D00009A00FF690006761F02EBCC240040FFC500063B10761F02EB4014EF0429109A0127
:204D10006F0329109A00FF6900063B10761F02EB4314EF0429109A016F0329109A00FF6938
:204D200000063B10761F02EB4114EF0429109A016F0329109A00FF690006761F02EB9001BE
:204D30001824FFF7FF8298240006761F02EB90011824FFFE982400063B10761F02EB960C71
:204D40002910FF6900063B10761F02EB962B2910FF6900063B10761F02EB96302910FF6943
:204D500000063B10761F02EB962A2910FF6900063B10761F02EB962F2910FF6900063B1085
:204D6000761F02EB962C2910FF6900063B10761F02EB960E2910FF6900063B10761F02EB63
:204D7000962E2910FF6900063B10761F02EB960F2910FF6900063B10761F02EB96102910F3
:204D8000FF6900063B10761F02EB960D2910FF6900063B10761F02EB96112910FF69000673
:204D90003B10761F02EB96122910FF6900065DA9761F02EB9213ED0E92188F00BADC28A820
:204DA000012C767E56F7761F02EB520156B10113000692188F00BADD28A8014A767E570752
:204DB0005201ED04761F02EB2B13000688A9761F02EB3B0192189E1785A9FF5693A655A9D1
:204DC000670392186F0492179418FFC096170006FE02761F02EB4024EE109641932A5D2B85
:204DD0008F00BADE9218767E57175201ED14761F02EB1A2400016F0F9641932F5D308F0048
:204DE000BADE9218767E58945201ED05761F02EB1824FFFEFE8200062DA9761F02EB290189
:204DF000360CFF4A96180006761F02EB921B541867039218961B9215541869039218961530
:204E00000006761F02EB2B250006761F02EB0A255425672C0200761F02F71E28761F02F793
:204E10001E2C761F02F71E2A761F02F71E26761F02F72B11761F02F72B10761F02F72B1331
:204E2000761F02F72B12761F02F72B1D761F02F72B1C761F02EB1A2404C12B172B2D2B1999
:204E30002B251824FDFF2B182B290006767E0B695200ED08761F02EB282B032028300352E9
:204E40000006761F02EB282B0384283003B6000680A988A8761F02EB2BAA27A70E1903AB86
:204E5000FF560FA662070E193B010DA7FF40961900067F190006B2BD59A9767E4CE652003D
:204E6000ED30767E4D035200ED2C767E4CC85200ED284D24EE13761F02FC92178F00BAE020
:204E70005DA1761F02FC930C767E56F75201ED1A761F02EB1A2420006F15761F02FC9217B7
:204E80008F00BAE05DA1761F02FC930C9D64767E57075201ED07761F02EB1824DFFF6F0212
:204E90002B20761F02EB1B21232867400A214924EE17761F02FC92178F00BADF5DA1761F73
:204EA00002FC930C767E56F75201ED20761F02EB9A019B031A240200767E67706F17761FD3
:204EB00002FC92178F00BADF5DA1761F02FC930C9D64767E57075201ED09767E380B46A921
:204EC000EE05761F02EB1824FDFF761F02F4923D5203ED0E761F02F49222ED0A761F02EBC3
:204ED0004924EE06282123286F031824FDFF8BBE0006761F02EBCD2400014024EE0BCC2413
:204EE0001000FFCB80A94C24EE093B101816FFFE6F08CC241000FFCB80A93B101A160001EC
:204EF0002910CC240800FFCA88A94B24EE053B101816FEFF6F043B101A160100291092A73E
:204F0000CAA8ED053B101814FFFE6F043B101A140001291092A6ED053B101814FEFF6F0482
:204F10003B101A1401002910CC240040FFC52FA94624EE073B101816FFFD1814FFFD6F0691
:204F20003B101A1600021A1400022910CC240008FFC227A94324EE053B101816FFFB6F04C2
:204F30003B101A160004291092A6CAABCAA8CAAAED0BCC240200CAA7ED074224EE053B1023
:204F40001816FFF76F043B101A160008291092169008CAABED053B101814FFF76F043B102C
:204F50001A14000829104724EE053B101814FF7F6F043B101A14008029100006767E0B696C
:204F60005200ED08761F02EB282B0320283003526F07761F02EB282B0384283003B61A2424
:204F700007FF282E1964282C0FA0280F189C280E106828111518281011F8281214E6280D9C
:204F8000122A282809E2282609B02B292B142B162B182B172B1B2815FFFF2B192B1A2B2DD8
:204F90001824C445282F0546282A0578000688A9761F02EB3B01922D9E1A85A9FF5693A623
:204FA00055A96703921A6F04922D941AFFC0962D0006FE02761F02EB4624EE109641932EF3
:204FB0005D2C8F00BAE2921A767E57175201ED14761F02EB1A2400406F0F9641930F5D0E69
:204FC0008F00BAE2921A767E58945201ED05761F02EB1824FFBFFE820006FE025200ED058F
:204FD000761F02EB2B1A6F0E88A928A8055D28A94A80761F02EBFF5A0200F61F561700A67A
:204FE0003F1AFE820006FE02761F02EB4724EE10964193115D108F00BAE9921A767E5717BF
:204FF0005201ED14761F02EB1A2400806F0F964193125D0D8F00BAE9921A767E5894520198
:20500000ED05761F02EB1824FF7FFE820006B2BDAABD59A9767E3D1F93A9767E4CB43B0148
:20501000761F02F49EA885A9FF565AA9923D5204ED18767DDF625200ED1492A252C86511B4
:2050200092A1761F02EB542368030A236F0D9A142B23767E38299A019B01767E67706F046A
:20503000761F02EB2B2386BE8BBE0006761F02EBCC240200FFC800060000010C021803246E
:20504000042F053B06460750085A09640A6D0B760C7C0D830E880F8D109011931294139498
:205050001492158F168B1785187D19741A691B5D1C4E1D3D1E2B1F161FFF20E721CB22AE79
:20506000238E246B2547261F26F527C9289929672A322AFA2BBF2C812D412DFD2EB52F6BB7
:20507000301D30CC3178322232C533673405349F353635C9365836E4376C37F0387138ED94
:20508000396539DA3A4B3AB73B203B843BE53C413C993CEE3D3D3D893DD13E143E533E8E36
:205090003EC43EF63F243F4E3F733F943FB03FC83FDC3FEB3FF63FFD3FFF3FFD3FF63FEBD0
:2050A0003FDC3FC83FB03F943F733F4E3F243EF63EC43E8E3E533E143DD13D893D3D3CEE0D
:2050B0003C993C413BE53B843B203AB73A4B39DA396538ED387137F0376C36E4365835C9EF
:2050C0003536349F3405336732C53222317830CC301D2F6B2EB52DFD2D412C812BBF2AFAB2
:2050D0002A322967289927C926F5261F2547246B238E22AE21CB20E71FFF1F161E2B1D3D5E
:2050E0001C4E1B5D1A691974187D1785168B158F149213941294119310900F8D0E880D834F
:2050F0000C7C0B760A6D0964085A07500646053B042F03240218010C0000FEF4FDE8FCDC3E
:20510000FBD1FAC5F9BAF8B0F7A6F69CF593F48AF384F27DF178F073EF70EE6DED6CEC6C57
:20511000EB6DEA71E975E87BE783E68CE597E4A3E3B2E2C3E1D5E0EAE001DF19DE35DD5257
:20512000DC72DB95DAB9D9E1D90BD837D767D699D5CED506D441D37FD2BFD203D14BD095F8
:20513000CFE3CF34CE88CDDECD3BCC99CBFBCB61CACACA37C9A8C91CC894C810C78FC713FB
:20514000C69BC626C5B5C549C4E0C47CC41BC3BFC367C312C2C3C277C22FC1ECC1ADC17239
:20515000C13CC10AC0DCC0B2C08DC06CC050C038C024C015C00AC003C001C003C00AC0157F
:20516000C024C038C050C06CC08DC0B2C0DCC10AC13CC172C1ADC1ECC22FC277C2C3C31222
:20517000C367C3BFC41BC47CC4E0C549C5B5C626C69BC713C78FC810C894C91CC9A8CA3720
:20518000CACACB61CBFBCC99CD3BCDDECE88CF34CFE3D095D14BD203D2BFD37FD441D5063D
:20519000D5CED699D767D837D90BD9E1DAB9DB95DC72DD52DE35DF19E001E0EAE1D5E2C371
:2051A000E3B2E4A3E597E68CE783E87BE975EA71EB6DEC6CED6CEE6DEF70F073F178F27D61
:2051B000F384F48AF593F69CF7A6F8B0F9BAFAC5FBD1FCDCFDE8FEF40000010C0218032450
:2051C000042F053B06460750085A09640A6D0B760C7C0D830E880F8D109011931294139417
:2051D0001492158F168B1785187D19741A691B5D1C4E1D3D1E2B1F161FFF20E721CB22AEF8
:2051E000238E246B2547261F26F527C9289929672A322AFA2BBF2C812D412DFD2EB52F6B36
:2051F000301D30CC3178322232C533673405349F353635C9365836E4376C37F0387138ED13
:20520000396539DA3A4B3AB73B203B843BE53C413C993CEE3D3D3D893DD13E143E533E8EB4
:205210003EC43EF63F243F4E3F733F943FB03FC83FDC3FEB3FF63FFD3FFF0000013E027B2D
:2052200003B904F60632076E08A909E40B1D0C550D8D0EC20FF7112A125B138A14B815E46A
:20523000170D183419591A7C1B9C1CB91DD41EEB200021122220232B243325372638273510
:20524000282E29232A152B022BEB2CD02DB12E8D2F653038310731D132963356341134C7CE
:205250003579362536CB376D380938A0393139BD3A433AC43B3F3BB43C243C8E3CF23D504E
:205260003DA83DFA3E463E8D3ECD3F073F3B3F693F913FB33FCF3FE43FF43FFD40003FFD72
:205270003FF43FE43FCF3FB33F913F693F3B3F073ECD3E8D3E463DFA3DA83D503CF23C8E95
:205280003C243BB43B3F3AC43A4339BD393138A03809376D36CB3625357934C734113356DA
:20529000329631D1310730382F652E8D2DB12CD02BEB2B022A152923282E27352638253731
:2052A0002433232B2220211220001EEB1DD41CB91B9C1A7C19591834170D15E414B8138A54
:2052B000125B112A0FF70EC20D8D0C550B1D09E408A9076E063204F603B9027B013E000080
:2052C000FEC2FD85FC47FB0AF9CEF892F757F61CF4E3F3ABF273F13EF009EED6EDA5EC76D9
:2052D000EB48EA1CE8F3E7CCE6A7E584E464E347E22CE115E000DEEEDDE0DCD5DBCDDAC926
:2052E000D9C8D8CBD7D2D6DDD5EBD4FED415D330D24FD173D09BCFC8CEF9CE2FCD6ACCAAB8
:2052F000CBEFCB39CA87C9DBC935C893C7F7C760C6CFC643C5BDC53CC4C1C44CC3DCC37223
:20530000C30EC2B0C258C206C1BAC173C133C0F9C0C5C097C06FC04DC031C01CC00CC00398
:20531000C000C003C00CC01CC031C04DC06FC097C0C5C0F9C133C173C1BAC206C258C2B099
:20532000C30EC372C3DCC44CC4C1C53CC5BDC643C6CFC760C7F7C893C935C9DBCA87CB39DB
:20533000CBEFCCAACD6ACE2FCEF9CFC8D09BD173D24FD330D415D4FED5EBD6DDD7D2D8CB4E
:20534000D9C8DAC9DBCDDCD5DDE0DEEEE000E115E22CE347E464E584E6A7E7CCE8F3EA1C47
:20535000EB48EC76EDA5EED6F009F13EF273F3ABF4E3F61CF757F892F9CEFB0AFC47FD85D5
:20536000FEC20000013E027B03B904F60632076E08A909E40B1D0C550D8D0EC20FF7112A7C
:20537000125B138A14B815E4170D183419591A7C1B9C1CB91DD41EEB200021122220232B6D
:205380002433253726382735282E29232A152B022BEB2CD02DB12E8D2F653038310731D1B1
:2053900032963356341134C73579362536CB376D380938A0393139BD3A433AC43B3F3BB461
:2053A0003C243C8E3CF23D503DA83DFA3E463E8D3ECD3F073F3B3F693F913FB33FCF3FE437
:2053B0003FF43FFD560308C494CC00065208680E93CC5303EC075310EC039B086F059B095E
:2053C0006F0393D49D0555A969039A0000069A01000688A98F40AFC00EA6FF31560100A558
:2053D00093D492A6FFD0520F6611530456B204A8DC03530056B501A6562B02A6DE81767E0C
:2053E00053B29685DC02000EFFFC0006B2BDAABD59A986A49A0697C256BF03CA56BF23D2B9
:2053F00056BF41DA2BE256BF04EA767DEB5193A9761F02ABFFD790FF8AA297F29B0896FA63
:2054000092A12B36767E6308761F02AB56BF013686BE8BBE000688A98F40B1000EA6FF34E0
:20541000560100A593D492A6FFD0520F6611532056B220A8DC03530056B501A6562B02A6EA
:20542000DE81767E53B29685DC02000EFFFC0006B2BDAABD59A986A49A0697C256BF03CA2F
:2054300056BF13D22BDA2BE256BF20EA767DEB5193A9761F02ABFFD790FF8AA297F29B08C7
:2054400096FA92A12B36767E6308761F02AB56BF013686BE8BBE0006B2BD58A98F40B000B9
:205450000EA0FF33560100A592D493A0C5A5FFC0530F6611521056B210A9DC03520056B566
:2054600001A6562A02A6DE81767E53B29687DC02000EFFFC92C55270ED0AD10B929D52652F
:2054700064068F00AF801894FBFF6F058F00AF801A9404008BBE0006B2BDAABD59A986A419
:205480009A0697C256BF03CA56BFF8D22BDA2BE256BF10EA767DEB5193A9761F02ABFFD7AE
:2054900090FF8AA297F29B0896FA92A12B36767E6308761F02AB56BF013686BE8BBE000671
:2054A000761F02BD8F00AF80BE0F2B122B1592C45003CCA9F8029684000EFFFB0006B2BDE1
:2054B000AABD520786A4683893CA5303ED35761F02BD931555C2ED3093D29FA91BA8FFFBE3
:2054C000ED2B9CFE88A9AAA90DA68AA9767E53B259A992A68AA2767DEB5154A1ED1D761F8E
:2054D00002BD58158D40AF808F00AF5ECC91001CFFC10EA9FF30560100A4C5C492158AA282
:2054E0003E67761F02BD8815B2A90DA68BA91AC1010056BF041286BE8BBE0006B2BDAABD64
:2054F000A2BDFE0E767E0AA2761F02BD962E767E0AA6761F02BD962D767E0B02761F02BD69
:2055000027A92B43964E2B418043920156C00089922E964C922D9B002B4BD400964D8DC092
:20551000B1008D80AF802B482BAA2B473B01974A884B5DA49A01964596499A00964496463E
:205520009A0096422DC240ACEF4E560305A98BA3D01C560100A19B0A929100FE691E544CDB
:205530006306964C761F02BD934C972E544D761F02BDD01D562A044D562A042D9B0A9291EC
:2055400000FE691E544E6503964E274ED01E934A9591974A550B6903930B974AD01F924B7A
:205550009491964B540A884B6903880A7E4BD00B92439491964380439244ED0492D99644C0
:20556000964658D140A0EF049A009645964942A0EE03284800010A41D40141A05DA4EF03C7
:2055700028AA00014AACEF03284700010A42DA019242521064A89246761F02BD96339247B9
:205580009638924896357D3792A47E319730ED059A00963696456F1C924996366F199A00B1
:2055900096339638920E56BF0137964C2F06962E9205964D962D9200964E27A992039630BE
:2055A00092029631920796459636920496359241962C924C540D66055410670592106F02CD
:2055B000920D962E924D540F66055414670592146F02920F962D924E54096607540868030B
:2055C0003F2F6F0592086F029209962F9245EC022BAA9241573462037F326F079243934151
:2055D00000FE691E96329643FE8E82BE86BE8BBE0006761F02BD88158F40AF80A0A90DA64B
:2055E0008AA993C448A8EE2340A8EF189A2094A8CDA8FF1F90E0CAA896C4CDA900E053A023
:2055F0006840CCA9FFBF50A096C48015A0A90DA78AA918C4FBE00A156F3418C4FBFF8015CD
:20560000A0A90DA78AA918C4FF016FF618C4FEFFCCC4FF1F96C44AA9EE15CDA9001CED09BA
:205610009B0495A9CCA9FFE3911CCBA997C46F171AC400018015A0A90DA78AA918C4FFFDC8
:205620006F0918C4FFFE8015A0A90DA78AA918C4FFE30A158015A0A90DA78AA918C4FDFFDA
:2056300092A65415EC509215520F692F881892132B158AA52BAC2B18520F7E1656B710A954
:2056400040C4EE0B761F02BD5413ED0C54AC670A520F670892AC6F069B01761F02BDFF674F
:20565000991893ACDC019D012DA8530F69EA0A1193A65518ED069318EC049311530368058F
:205660002B11961356BF01178815A0A90DA68AA992C441A9EE1240A9EE0E9217EC0A9213E3
:205670005415EC035210ED0592152B1796136F030A156F031AC400029215520F66B8581566
:205680004195EFB20006AABD27A9761F02BD86A49212ED189712767E55D958158F00AF8039
:20569000CC94001CFFC18F00AF5A0EA9FF30560100A492ABC5C493158AA23E67767E54EED0
:2056A0006F020B1286BE0006FF588AA9ED039A0000069A009B400FA46806A8A92901FF499F
:2056B000093F6F0FFF2F10000FA46806A8A92901FF4B09FF6F06A8A92901FF4DFF1003FF9B
:2056C0001EA7BE042901A8AB0200F61F561700A7A9A907A7FF401EA7000EFFF792A7000654
:2056D00080A992A82BAC94A727A99A0194AB88A992A7ED0A5300ED039A0000069B02DF01DA
:2056E00095AB88A86F045300ED02DE8193A6EC0E9DFFD00088A892A754A0EC05350A9494D2
:2056F0009CD02DA9D801000EFFF892AC000688A992A555A666049B0097C46F030AC493C4DC
:2057000054A866049A012BC400069A00000688A992A555A668049B0097C46F030AC493C497
:2057100054A866049A012BC400069A00000688A992A5804355A6680754A666059A0096C4F5
:2057200093A96F030AC493C492A754A866049A012BC400069A0000065302EC145303EC1020
:205730005304EC0B5305ED12768027100EA9F60F1FA69C3093A96F0F768003E86F04BE640A
:205740006F02BE0A0EA9F60F1FA69B0A00FE69AE9B3095A992A8000627A91BAB03E76604A2
:2057500028AA00016F0428AB03E72BAA9B0392AB767E572C96C49B0292AB56BF2ECC767ED8
:20576000572C9B0196D492AB767E572C96DC92AA000627A91BAB270F660428AA00016F04BC
:2057700028AB270F2BAA9B0492AB767E572C9B0396C492AB767E572C96CC9B0292AB56BFEB
:205780002ED4767E572C9B0196DC92AB767E572C96E492AA000627A91BAB03E7660428AA56
:2057900000016F0428AB03E72BAA9B0392AB767E572C9B0296C492AB767E572C96CC9B01F8
:2057A00092AB56BF2ED4767E572C96DC92AA00069B0527A9767E572C9B0496C492AB767E59
:2057B000572C9B0396CC92AB767E572C96D49B0256BF2EDC92AB767E572C9B0196E492AB75
:2057C000767E572C96EC9A01000627A91BAB270F660428AA00016F0428AB270F2BAA9B0436
:2057D00092AB767E572C9B0396C492AB767E572C9B0296CC92AB767E572C96D49B0192AB63
:2057E00056BF2EDC767E572C96E492AA000683A97681869F06A60FA5680428AB00016F04FC
:2057F0008F41869F2BAB9B0592A5767E572C9B0496C492A5767E572C9B0396CC92A5767EAE
:20580000572C9B0296D492A5767E572C96DC9B0192A556BF2EE4767E572C96EC92AB0006A8
:2058100027A91BAB270F660428AA00016F0428AB270F2BAA9B0492AB767E572C9B0396C4D3
:2058200092AB767E572C9B0296CC92AB767E572C9B0196D492AB767E572C96DC92AA000693
:2058300027A91BAB03E7660428AA00016F0428AB03E72BAA9B0392AB767E572C9B0296C44D
:2058400092AB767E572C9B0196CC92AB767E572C96D492AA0006526327A9660428AA000174
:205850006F0428AB00632BAA9B0292AB767E572C9B0196C492AB767E572C96CC92AA00061B
:205860005302EC155303EC0E5304EC05900F520A68146F11FFCB93A9520A670D9A3094A867
:205870000006FFC7900F520A68086F05FFC3900F520A68039C3700069C3000069B0488A9CA
:20588000767E58609B0396C492A6767E58609B0296CC92A6767E58609B0196D492A6767E6B
:20589000586096DC9A01000688A992A5804355A6680654A666040AC493C46F049A0096C4A9
:2058A00093A992A754A866049A012BC400069A00000692C4EC0A3B1092C49CFF96C42910C2
:2058B0005200EC039A0000069A01000627A82FA993A592A88EA494AB88A99A0194A65DA9C0
:2058C00092ABED0A5300EC309A0294A65DA992AB9C0127A96F045300ED02DD8192A5EC2445
:2058D0009CFF5CA992A59EAB5201EC149B0A92AA00FE69AE9B3095A980A80EA5C4A01901ED
:2058E000560100A60EAA7FC6BE0AF60F1FA62FA96F080EA5C4A01901560100A656BF2EC696
:2058F000DD81000CFFE10006761F02EE92270006761F02EE92260006761F02EE922B000679
:20590000761F02EE92290006761F02EE92280006761F02EECC230080FFC60006761F02EEB8
:2059100092380006761F02EE923A00063B10761F02EECC250002FFC02910FF6900063B10DC
:20592000761F02EECC251000FFCB2910FF6900063B10761F02EECC250010FFC32910FF693C
:2059300000063B10761F02EECC2500012910FF69000688A992A455A666039A006F07761F78
:2059400002EE0A24542466069A01761F02EE2B2400069A0300063B10761F02EE9627291067
:20595000FF6900063B10761F02EE96262910FF6900063B10761F02EE96392910FF69000650
:205960003B10761F02EE963B2910FF6900063B10761F02EE962B2910FF6900063B10761FC7
:2059700002EE96292910FF6900063B10761F02EE96282910FF6900063B10761F02EE962AFC
:205980002910FF690006761F02EE1A23008000063B10761F02EE1823FFBF2910FF690006A8
:20599000761F02EE1823FF7F0006B2BD761F02F459A9CC3DFFFDED2A761F02DF921C520223
:2059A000ED06767E58F42DA935736F05767E58F42DA9356088A99222ED0E92388F00BBB46F
:2059B00093A65DA1767E56F7761F02EE520056B001226F129B0292388F00BBB45DA195A640
:2059C000767E57075200EC086F04761F02EE2B34761F02EE2B22761F02EE4623EE1A761F7B
:2059D00002F4923D5203ED3B761F02EE8F00BBB65DA192389326767E56F75200EC30761F2B
:2059E00002AB922DED2C761F02EE1A2300406F27922654386624761F02F4923D5204EC1B05
:2059F0005205EC19767E0AA2761F02EE9CFB54386912767E0AA2761F02AB9CFB9B0A27A98A
:205A0000921A00FE691E93AB55A96905767DD88A5200ED05761F02EE1823FFBF8BBE000645
:205A10005DA9767E58F45204EC23767E58F45202EC0F761F02AB923C5273680752916605AA
:205A2000883C93A69DF66F24BE829B786F21761F02AB923C52E668081B3C01226605883CFF
:205A300093A69DEC6F15768001049BF06F11761F02AB1B3C01CC68081B3C02446605883C68
:205A400093A69DD86F057680020828A801E0761F02EE4923EE0E92388F00BBB193A6767E94
:205A500057075201ED11761F02EE1A230200000692388F00BBB1767E56F75201ED05761FDD
:205A600002EE1823FDFF0006761F02EE5DA94023EE0E923893398F00BBAF767E57075201DB
:205A7000ED12761F02EE1A23000100069238933B8F00BBAF767E56F75201ED05761F02EEB2
:205A80001823FFFE00065DA9761F02F4923D5203EC035206ED1B761F02EE4123EE0E923815
:205A900093288F00BBB5767E56F75201ED16761F02EE1A23000200069238932A8F00BBB555
:205AA000767E57075201ED096F04761F02EE2B35761F02EE1823FFFD0006761F02EE9223F7
:205AB000FFC0CA23FFC0CA2341A9EE053B101825FFFE6F043B101A25000129104623EE0589
:205AC0003B101825FFFD6F043B101A25000229104423EE053B101825FFBF6F043B101A256D
:205AD000004029104023EE053B101825FFEF6F043B101A25001029104723EE053B10182546
:205AE000FEFF6F043B101A25010029104523EE053B101825FBFF6F043B101A25040029105B
:205AF0004923EE053B101825EFFF6F043B101A25100029100006761F02EE1823FC001A237C
:205B000000022B252B380006761F02EE88A9B60A963A0EA6F60F1FA796380006761BABBD38
:205B1000A8BDA0BDC2BDC3BDFF6929425616761F01A8C524761F02D9BE6406A7C322761F95
:205B200002DB0300FF5A761F02D90200F61F561700A60EAB1E28761F02D71BAB11943F1D5E
:205B3000680D3F1B761F02DBC300761F02F11A220008761F02F11A0400088F006A20761F29
:205B400001A883A4DD181AC50002DC151A380001761F00331AC4000856BF0821C5BEC4BE6A
:205B500083BE8ABE87BE76177602761B0005ABBDA8BDA0BDC2BDC3BDFF69294256169A01C9
:205B6000767E635F761F003328210100C5BEC4BE83BE8ABE87BE000376177602761B0005EC
:205B7000ABBDA8BDA0BDC2BDC3BDFF69294256169A01767E63A0761F003328210100C5BE86
:205B8000C4BE83BE8ABE87BE000376177602761B0005ABBDA8BDA0BDC2BDC3BDFF6929421B
:205B900056169A00767E635F761F003328210100C5BEC4BE83BE8ABE87BE0003761776024C
:205BA000761B0005ABBDA8BDA0BDC2BDC3BDFF69294256169A00767E63A0761F0033282145
:205BB0000100C5BEC4BE83BE8ABE87BE000376177602761B0005ABBDA8BDA0BDC2BDC3BD3A
:205BC000FF6929425616761F01A8C504761F02D9BE6406A7C3340330FF5A761F02D702004D
:205BD000F61F561700A692AB3F14761F02D8961A761F02D61BA932392B1B2B182B1FFFE888
:205BE00000F41BA96472FFE600F0761F02D78D40BC4C9323961397268AA1761F02D9060E34
:205BF000C330DC161E14920A96082B0A02001E0E761F02D856BF011C761F02F11AC40002D8
:205C00001A040008767DD8D1520556C000AA8F406800761F02F4D00B8AA52B21289505557C
:205C1000D00CDC0F28950555D00B761F01A19A0018C4FFFC3B018F006840C4A42894055522
:205C2000DE0FD00C28940555D00918C6FFFCD90A2895FFFFD00A2895FFFFD009DD0E289420
:205C3000FFFFD00A2894FFFFDC0E18C4FFFC180EFFF3761F01A018C5FFFC180EFFF3761F2E
:205C400002CC56BF011D761F02CC9620761F02CE85A91E14761F02CF1E00761F02CD962FB8
:205C5000761F02CD963B761F02CD963D761F02CC9625761F02CE85A91E24761F02CE1E262C
:205C6000761F02CE1E18761F02CE1E16761F02CE1E1A761F02CE1E1E761F02CF1E08761F91
:205C700002CE1E30761F02CC9623761F02CC9626761F01A19A00180EFFFC180EFFF3761F1C
:205C800001A0180EFFFC180EFFF3761F02CD56BF020E761F02CD56BF0222761F02CC9615F6
:205C9000761F02CC9616761F02CC9602761F02CF85A91E0E761F02CE1E28761F02F596223B
:205CA000761F02F59625761F02F59621761F02AB9639761F02F11AC100101A040002761F21
:205CB00002F4923D5204ED1C761F02D892235201ED0C761F02F4920D5201ED07761F02F444
:205CC000921F5201EC027700761F02D892215201EC059228EC090B286F070A286F04761F63
:205CD00002D82B282B218F006A00761F01A883A4DD181AC50002DC151A180001761F00331B
:205CE0001AC4000856BF0821C5BEC4BE83BE8ABE87BE000376177602761BABBDA8BDA0BDEA
:205CF000C2BDC3BD294256168F006A40761F01A983A4DD18DC151AC500021A180001761F90
:205D000000331AC4000856BF0821C5BEC4BE83BE8ABE87BE76177602BE177700000EFFFFFC
:205D1000FF69000676228F406F8076806FC08AA5DC1C18C4FFFE8AA6DC0A1AC400018AA566
:205D2000DC16DD1A18C4FFFC1AC50001761ADE0C1AC600025200ED06761F01BF1A0C0001A6
:205D30006F05761F01BF1A0A0001FF69767E5D0C8F006FC083A4DD0A1AC50002767E5D0C96
:205D4000DC0C1AC40002000680A99B80D00792A8CEA7767E5D12FFD00008FFFB00067622D9
:205D50008F006F8083A4DD1C1AC5000183A4DD16DC1A18C5FFFC18C4FFFE761AFF698F402D
:205D60006FC08AA5DC0C1AC40002767E5D0C8AA5DC0A1AC40002767E5D0CD0089A00761F47
:205D700001BFCD9500011A0C0002530056B001A90006AABDB600D20792A7FF8080A9767EF4
:205D80005D4F93A795A980A8000AFFF892A786BE000676228F406F808AA5DC1C18C4FFFEDD
:205D90008F006FC0C4A4DE0A1AC60001C4A5DE16DD1A18C6FFFC1AC50001761AFF69767E0B
:205DA0005D0CDC0C761F01BF1AC400011A0A0002767E5D0C1A0A00010006767E5D0C7622BB
:205DB0008F406F808AA5DC1C18C4FFFE8F006FC0C4A4DE0A1AC60001C4A5DE16DD1A18C6F4
:205DC000FFFC1AC50001761A761F01BFFF691A0A00011A0A0002767E5D0C767E5D0C767EA2
:205DD0005D0CDC0C1AC40001767E5D0C1A0C00020006761F01BF1A0A0001767E5D4F0006D8
:205DE000B2BDAABDA2BDFE0459A91BA101FF69039A026F4C92A894A11BA9020069039A03AD
:205DF0006F4592A1CCA9FFF054A1EC089EA19C105AA954A8562B06A26F02D20092A89EA28F
:205E000093A9A844FFD35BA8CDA9FFF09EA8964192A2EC118A4492A193A2767E0C0A520040
:205E1000ED2592A194A259A992A2FFC05AA906440DA21E4492A3EC109CFF5AA99B108A445C
:205E200092A1767E0C0A5200ED110644D91009081E44000AFFF59241EC0893418A4492A195
:205E3000767E0C0A5200ED029A00FE8482BE86BE8BBE0006AABDB60028AB0001D20892A714
:205E4000FF8080A9767E5D4F93A795A980A8000AFFF81BA701FFEC0892AB28AB0001B600DC
:205E500072AB520568EC86BE0006B2BDAABDA2BD27A95AA81BAB01FF82A469039A026F5462
:205E600092A294AB1BA9020069039A036F4D767E5DAD92ABFFC62FA9CCAA007E50A8767E6C
:205E70005D44767E5DD95201EC14CCAB00FF767E5D44767E5DD95201EC0C767E5DADCCAA00
:205E8000007F50A9767E5D44767E5DD95201ED039A016F2892A2EC229CFFDA81D10027A97D
:205E9000767E5D7940A188A9EE0893A1FFD058A8560308A696936F0992A1FFC080A9A2A90F
:205EA0000DA78AA992A672C492AB54A169049A00767E5D12D901000AFFE59A01767E5D122B
:205EB0009A00767E5D8982BE86BE8BBE0006B2BDAABDA2BD82A4767E5DAD27A9FFC65AA89B
:205EC000907E50A8767E5D44767E5DD95201EC16CCAB00FF767E5D44767E5DD95201EC0E26
:205ED00092A2EC139CFFD1005AA9CC9B00FF767E5D44767E5DD95201ED05767E5D899A0131
:205EE0006F0DD901000AFFF3767E5D898F001387767E5D0C000CFFFE9A0082BE86BE8BBE80
:205EF00000068F00BBC0BE8092C41AA90200CCA9FE019684000EFFFA000688A880A98F4066
:205F0000BBC0A0A90DA783A993C5CCA801E0EC0592A4EC0347A4EF1992A75281671692A468
:205F1000907F5CA9CCA8FC00CDA60001FF98CBA9CCA6000188A999A692A4900FFF84CAA6C3
:205F200093A4911ECBA997C50006BE18000E0000FF6900068F00BBC0BE8080C4CDA701E072
:205F3000EC1A93A792A7FFD0FFC4910F900F54A86509CCA70001CDA7FDFFFF88CAA896C466
:205F400080A9CCA7FFE0CDA7FE1F9CE018A901FFCAA896C4DC01000EFFE2000652005CA903
:205F5000EC18761F01BF1A044000767E5F2547A8EE041A0420006F031A022000767E5F25BD
:205F60001A024000767E5F25FF90DC8192A4EDEA0006560304A993A99A04767E5F4E0006C7
:205F7000560303A993A99A05767E5F4E0006761F01BF1A0D0400767E5F259A0A767E5F6932
:205F80009A00767E5F708F40BBC0D480761F01BF1A044000767E5F254985EE041A042000DD
:205F90006F031A022000767E5F251A024000767E5F25000CFFED1A0B0400767E5F25000658
:205FA0008F406FC08AA5DC021AC44000767E5F258AA5DC0D1AC40400767E5F259A08767E38
:205FB0005F699A089B52767E5F4EDD0B1AC50400767E5F25761F01BF1A0D0400767E5F259E
:205FC0009A08767E5F699A089B30767E5F4E761F01BF1A0B0400767E5F251A0D0400767E40
:205FD0005F259A08767E5F699A089B0A767E5F4E761F01BF1A0B0400767E5F251A0D0400C6
:205FE000767E5F259A08767E5F699A089B08767E5F4E761F01BF1A0B0400767E5F25767EFB
:205FF0005F251A0D0400767E5F259A08767E5F699A089B02767E5F4E761F01BF1A0B0400AE
:20600000767E5F251A0D0400767E5F259A08767E5F699A089B06767E5F4E761F01BF1A0BA9
:206010000400767E5F2500068F00BBC0BE80CCC4FC019684000EFFFD761F01BF1A0D040075
:20602000767E5F259A0A767E5F699A00767E5F708F40BBC0D480761F01BF1A044000767EE6
:206030005F254985EE041A0420006F031A022000767E5F251A024000767E5F25000CFFEDDC
:206040001A0B0400767E5F25767E5FA000068F00BBC0BE80CCC4FDFF9684000EFFFD0006A8
:20605000761F01BF8F00BBC0D0801A0B020092941AA9020018A9FE01D08096940006761F9A
:2060600001BF1A0D02000006761B2942561676256F00761B2942561676256F00761B294251
:20607000561676256F00761B2942561676256F00761B2942561676256F00761B294256164E
:2060800076256F00761B2942561676256F00761B2942561676256F00761B2942561676250F
:206090006F00761B2942561676256F00761B2942561676256F00761B2942561676256F002B
:2060A000761B2942561676256F00761B2942561676256F00761B2942561676256F00761BF9
:2060B0002942561676256F00761B2942561676256F00761B2942561676256F00761B29420F
:2060C000561676256F00761B2942561676256F00761B2942561676256F00761B29425616FE
:2060D00076256F00761B2942561676256F00761B2942561676256F00761B294256167625BF
:2060E0006F00761B2942561676256F00761B2942561676256F00761B2942561676256F00DB
:2060F000761B2942561676256F00761B2942561676256F00761B2942561676256F00761BA9
:206100002942561676256F00761B2942561676256F00761B2942561676256F00761B2942BE
:20611000561676256F00761B2942561676256F00761B2942561676256F00761B29425616AD
:2061200076256F00761B2942561676256F00761B2942561676256F00761B2942561676256E
:206130006F00761B2942561676256F00761B2942561676256F00761B2942561676256F008A
:20614000761B2942561676256F00761B2942561676256F00761B2942561676256F00761B58
:206150002942561676256F00761B2942561676256F00761B2942561676256F00761B29426E
:20616000561676256F00761B2942561676256F00761B2942561676256F00761B294256165D
:2061700076256F00761B2942561676177602761B2942561676256F00761B29425616762523
:206180006F00761B2942561676256F00761B2942561676256F00761B2942561676256F003A
:20619000761B2942561676256F00761B2942561676256F00761B2942561676256F00761B08
:2061A0002942561676256F00761B2942561676256F00761F02F792130006761F02F792141F
:2061B0000006761F02F792150006761F02F792110006761F02F792100006761F02F79218E9
:2061C0000006761F02F7921A0006761F02F792190006761F02F7062C0006761F02F70628B8
:2061D00000063B10761F02F796162910FF6900063B10761F02F796172910FF690006761FBB
:2061E00002F796140006761F02F7961500061EAC761F02F73B010E17564400A9FF4A1E2C28
:2061F00000062DA9BE64761F02F702003714F61F561700A6A92800065CA888A93B01761FB1
:2062000002F728AC0064852AFF5632A90200F61F561700A6BE6480AB3F110EA487A656650D
:2062100000261EA60200F61F561700A692AB3F1054A7660292A79613000688A9761F02F7C4
:20622000062C80A6032AFF560FA76503062C6F05062A3B01072CFF401E2A88A60628032615
:20623000FF560FA6650306286F05062629010728FF401E260006B2BD5CA880A93B01761FBF
:2062400002F7852A761F02F4FF5688A9933D5304EC035305ED32761F02EB2D1728ABE64039
:2062500028AA1F87361783A90200761F02F7F61F561700A52DAB0EA737A61EA60200F61F41
:20626000561700A680AB0EA43F1288AC87A61EA6566500260200F61F561700A692AB3F1D14
:2062700054A7660292A7961C767E2767761F02F7541C6603591C6F04767E276759A9767E77
:206280000B595201ED1C761F02F7921BED0E9B64D5058F00BDE192A1767E5707761F02F7EF
:20629000520056B0011B6F119B55D5058F00BDE192A1767E56F75200EC086F04761F02F748
:2062A0002B21761F02F72B1B8BBE00060200761F02F71E2E1E221E301E242B1F00065CA86F
:2062B00088A93B01761F02F7852E761F02F65621001E2901FF560EA9761F02F7564400A9F7
:2062C00028AC0064FF4932A90200F61F561700A6BE6480AB3F1E0EA487A6566500301EA601
:2062D0000200F61F561700A692AB3F2054A7660292A7961F000693A9761F02F990FFFFD760
:2062E000960C970D000688A880A98F40BE500EA7FF32560100A592C55201ED039A016F177F
:2062F0003B10761F02F956BF010EA8D57ECD56BF01C58AD5FF6992C4767E62DB92A756BF50
:20630000010F930D767E65C329109A00FF690006B2BDAABDA2BDFE02520059A882A49641EB
:20631000ED09761F01BF1A0B0004761F02D856BF01205201ED09761F01BF1A030004761F00
:2063200002D856BF011E0EA98D80BE50FF32560100A292C25201ED039A016F2C761F02AB44
:2063300092365201ED1692A1767D862E88A90EA18AA31901560100A493A6FFD797C4A2A97E
:206340000DA18AA9D902CCA600FF96C456BF0DCC3B10A2D279CA56BF01C28AD2FF69924157
:2063500093C4767E65C30201560100D20BCA29109A00FE8282BE86BE8BBEFF690006B2BDBC
:20636000AABD5AA98D40BE500EA2FF32560100A192A2767E659F5200ED3192A2767E65F3E3
:2063700092C9EC25761F02F9920EEC17920F5201EC0C8AD192C4767E62DB92A256BF010F47
:20638000930D767E65C36F1A930C92A2767E65C3761F02F92B0F6F068AD192A293C4767EB0
:2063900065C30201560100D10BC96F08761F02F92B0E92A22BC1767E65CF86BE8BBE0006AB
:2063A000B2BDAABD59A98F00BE540EA1FF32560100A492A186C4767E65AB5200ED0B92A18B
:2063B000767E65FD92A1767E65B79B028AA2767E67B086BE8BBE000683A43B100EA98F0015
:2063C000BE54FF69FF32560100A48AC4767E679A29109B00FF69520256B101A892A8000654
:2063D0000EA98F00BE50FF32560100A492C40006B2BDAABD59A588A883A40EA98D80BE50D4
:2063E0008F00BE60FF32560100A4560100A292A6A8E2767E67942BC22BCA79F286BE8BBE40
:2063F0000006AABD520058A488A85AA5EC545201EC3A5202EC1C5204EC0392A66F653B10F2
:20640000761F02D756030123FF69761F02D79429761F02D79C02932200FE691E761F02D74A
:206410002DA933299229FFA094AB6F483B1028AC11943B01761F02CE32A685071EA6761FC8
:2064200002D70200F61F561700A69223761F02D794AB9C020EA9F60F1F299C012DA91229A7
:206430009EAB6F2B3B1028AC11943B01761F02CE32A68507FF691EA6761F02D70200F61FEF
:20644000561700A6932292AB00FE69AE93A992229EA86F143B1028AC11943B01761F02CE04
:2064500032A685071EA6761F02D70200F61F561700A692AB94239C01FF69761F02D7932250
:2064600000FE69AE2910761F02EB1B38FFFFEC0E1B39FFFFEC063B10963478317A326F0ADA
:206470003B10963978377A336F053B10963878357A36291086BEFF690006761F02EB88A90E
:206480001B38FFFFEC28543866059B0195A65538670A761F02D79322761F02EB5538661B18
:2064900092A6ED1928AC000632368F00BC4CA9A92D35560100A49B01FF6799E49B012D36A8
:2064A000761F02F1FF679904761F02EB2838FFFF56BFFF351B39FFFFEC2992A65439660591
:2064B0009B0195A65539670A761F02D79322761F02EB5539661B92A6ED1928AC00063233C5
:2064C0008F00BC4CA9A92D37560100A49B01FF6799E49B012D33761F02F1FF679904761FD9
:2064D00002EB2839FFFF56BFFF371B34FFFFEC2892A6543466059B0195A65534670A761F23
:2064E00002D79322761F02EB5534661A92A6ED1828AC00068F00BC4C30322D31560100A41A
:2064F0009A01FF6698E49A012D32761F02F1FF669804761F02EB2834FFFF56BFFF31000666
:206500003B108F00BC4CD00E2B94D0142B94D0202B94D0262B94D02C2B942910FF69000693
:206510003B108F00BC4CD00F56BF0194D00E56BF1494D01556BF0294D01456BF1494D02143
:2065200056BF0394D02056BF2894D02756BF0594D02656BF6494D02D56BF0794D02C56BF88
:20653000C8942910FF690006B2BD767E09D328A903E8767E06C4767E68279AC89B008F3D43
:20654000E837767E67E48D40BC4C9AC89B018F3DE7B056BF0BD956BF28D1767E67E4D00988
:206550009AFA9B028F3E2C382B91D00856BF2891767E67E4D00F9AC89B038F3E3BA856BF84
:206560000191D00E56BF1491767E67E4D0159AC89B048F3DD86A56BF0291D01456BF149178
:20657000767E67E4D01B9AC89B058F3E1E482B91D01A56BF0C91767E67E4D0219AC89B0621
:206580008F3DA06356BF0391D02056BF2891767E67E4D0279AC89B078F3E4C8356BF059144
:20659000D02656BF6491767E67E4D02D56BF0791D02C56BFC891767E68008BBE000652009B
:2065A000EC085201ED04767E66EE00069A000006767E66F500065200EC085201ED04767EE2
:2065B00066FC00069A000006767E670300065200EC085201ED04767E670A00069A000006CA
:2065C000767E670F00065200EC075201ED0892A8767E6714000692A8767E671A0006520008
:2065D000EC095201ED0C767E6720761F02D82B1E0006767E6725761F02D82B20000652009F
:2065E000EC065201ED06767E672A0006767E672F00065200EC065201ED06767E6734000629
:2065F000767E673900065200EC065201ED06767E673E0006767E673F00065200EC06520191
:20660000ED06767E67400006767E674100065200EC075201ED0892A8767E6742000692A8A0
:20661000767E67430006761F02F1CC04000F58A9EC058F00AF2C92940006920490F0EC0ACB
:20662000CC0400F08F00AF2CFFC358A992949C040006CC040F00EC0ACC040F008F00AF2C83
:20663000FFC758A992949C080006CC04F000EC0992048F00AF2CFFCB58A992949C0C00065F
:206640009A0700063B10FF69767E661328AC0006761F02F18F00BC4C9602761F02F19603C1
:20665000761F02F13002761F02F1560100A4A806003F2910FF6900068F00BC4CBE070200FB
:206660001EC42BD42BDC2BE428ECFFFFDC06000EFFF900068F40C800768007078AA52B84AA
:20667000000EFFFF761F02F1A00A0006761F02F12B040200761F02F12B03761F02F12B02A2
:20668000761F02F11E06761F02F11E080006761F02E4923B0006761F02E4923300063B10BB
:20669000761F02E496392910FF690006B2BD761F02F459A9923D5203EC145204EC0B520238
:2066A000ED05767DD8D15202EC05761F02E42B386F27761F02FC931708A8FCE027A86F0E7E
:2066B000767E590E761F02E4BE0A2DA90200373FF61F561700A608ABFC18761F02E48F00E5
:2066C000B93893AB5DA1923B767E56F75200EC089A17767E38299A019B01767E67708BBEE8
:2066D00000065DA9761F02E48F00B93428A81194923B767E57075200EC089A0C767E3829D2
:2066E0009A019B01767E67700006761F02E42B3B0006761F02E4963B97330006761F01DD1C
:2066F0009214FFC6FF5E90010006761F01C19214FFC6FF5E90010006761F01DD9215FFC597
:20670000FF5E90010006761F01C19215FFC5FF5E90010006761F01DDCC1700FF0006761FDF
:2067100001C1CC1700FF0006761F01DD1A14000196190006761F01C11A140001961900062D
:20672000761F01DD1814FFFE0006761F01C11814FFFE0006761F01DD1814FFFD0006761FFB
:2067300001C11814FFFD0006761F01DD1A1400020006761F01C11A14000200060006000617
:206740000006000600060006B2BDAABD59A93B10761F02F18A0893A1FF5F5AA879EC92E475
:20675000CEA2EC0593A1C1E429106F17761F02F19A012D03761F02F1FF66FF5EC004291096
:20676000FF69767E66423B10761F02F18A0893A192E4C1E42910CEA286BE8BBEFF690006BD
:2067700080A888A93B109A062DA68F00BC4C36A92DA7560100A49A01FF6698E493ECFF5F54
:20678000CFE4EC079B012DA6761F02F1FF6799042910FF6900063B10761F02F18A0892E4D7
:206790002BE42910FF690006A0C4A0D4A0E42BF496FC000692F4ED039A020006C4D492C618
:2067A00096C50BF480FCC4D4A3E4A9A90DA70FA6EC0506A609011ED46F02A9D49A00000602
:2067B00058FC88A992A054F4EC1283C47EC50AF480FCC4C4A3E4A9A90DA70FA6EC0506A661
:2067C00009011EC46F02A9C49A0000065301EC0D5302ED1906E48AC40FA4EC04DC817EC42D
:2067D0006F128AA97E946F0F83C47EC580FCC4C4A3E4A9A90DA70FA6ED03A9A66F02DE0106
:2067E000C2C4C2D49A010006B2BD761F02F159A8830A0EA95601000A767E68D29A062DA1A3
:2067F0008F40BC4C761F02F136A9560100A59A01A8C5FF662BD52BDD2BE598048BBE0006DF
:20680000767E6613761F02F128AC00068F00BC4C960296033002560100A4A806A808767E62
:2068100068720006767E6613761F02F1960292035402EC0D920228AC00068F00BC4C960379
:206820003002560100A4A806767E68A50006767E666A767E6676767E665C000628AD000051
:20683000FF69561F5616561A2940761F00002902761B762228A9000028A8003F0901611BD7
:2068400076FF000029046F0F9B0024A9DF016C04290424A8DF011EA6F7A1248606A781A1B2
:2068500009011EA724A96303FF5C3B0459A9DF010009FFEC761A28A9FFFF28A8FFFF09017F
:20686000610E76FFFFFF6F06DF01C3BD1EA73E67C5BE24A9DF0124A8FF5860F7767E69618F
:20687000767E697C761F02F1C40806C696AD000787BEC5BEC4BE83BE8ABE82BE86BE00036B
:2068800076017602761B76090005AABDA2BDA8BDA0BDC2BDC3BDABBD0004761F02F1C408AD
:2068900092AD1EC6761F02F1C50606C796AD06061E08000787BEC5BEC4BE83BE8ABE82BE16
:2068A00086BE0003760176177602000700076FE629022904565FFF5A0642565F1E420200ED
:2068B000F61F5617004206AB56322902762029022904565FFF5A0642FF561E420200F61F90
:2068C00056170042563229027620FF5A0200F61F56170042A9A97620FF5A0200F61F5617DC
:2068D000004276202B852B852B852B852B852B852B852B8528850A0A2B852885018C2B85F5
:2068E000A8A99685978528850A0A2B852B852B852B852B852B852B852B852B852B852B85BF
:2068F0002B852B852B852B852B852B852B852BC5DD028AA5000676C0BC4C06A7D0008AA7C8
:20690000092A03A4090683A992D4EC120ADC54DC660F9A062DA02BDC37A9761F02F106A7EA
:2069100007AB1EA69A011AE60001FF669804DD860206D801DC060FA569E800065CA871A905
:2069200097A63B0185A9FF565DA985A4FF565CA992A5F60F1FA44FA66C02FF5C762096A643
:206930005CA83B0185A9FF565DA985A4FF565CA992A5F60F1FA44FA66C02FF5D92A876206D
:20694000FF5A8EA4C5A492ABEC079CFF88A992859687000EFFFE92AB88A9A9A90FA6EC1097
:2069500093AAEC0EA9A99DFF5CA876BFFFFE92859687000EFFFE92859687000CFFF88AA02C
:20696000000628ABFFFF28AAFFFF28A9FFFF28A8FFFF0FABED04BE00D4006F098AA928A91A
:20697000FFFF28A8FFFF88C409028AA992A6767E6534000677006F00B2BD761F02AA59A94E
:20698000C53C3E67761F02BCC53E06A7EC0392A13E67761F02BC063CEC031EA73E67767EA5
:20699000697A8BBE00069A0000065200EC079CFF88A992849685000EFFFE00063B108F3FA9
:2069A0003B1B8F40AA90FF69767E69952910FF69000697A69B00F60F1FA6762097A69B0067
:1A69B000F60F1FA692A87620761F02AAA83A0006761F02AAA83C00060006D9
:02000004003FBB
:20000000FFFFB58000000000FFFFB58100000000FFFFB58200000000FFFFB5890000000008
:20001000FFFFB58A00000000FFFFB58B00000000FFFFB58D00000000FFFFB58E00000000D4
:20002000FFFFB59000000000FFFFB59100000000FFFFB59200000000FFFFB59400000000AD
:20003000FFFFB59500000000FFFFB59600000002FFFFB59800000000FFFFB5990000001472
:20004000FFFFB59A0000001AFFFFB59B00000000FFFFB59C00000000FFFFB59D000000004C
:20005000FFFFB59E0000001FFFFFB59F00000000FFFFB5A1000000CFFFFFB5A2000013DF64
:20006000FFFFB5A3000013DFFFFFB5A400000CF4FFFFB5A700001101FFFFB5A800000271A7
:20007000FFFFB5A900000248FFFFB5AA00000000FFFFB5AB000001A7FFFFB5AD0000047093
:20008000FFFFB5AE000002B0FFFFB5AF00000000FFFFB5B000000000FFFFB5B10000000024
:20009000FFFFB5B200000000FFFFB5B300000000FFFFB5B400000000FFFFB5B500000000B6
:2000A000FFFFB5B600000000FFFFB5B700000000FFFFB5B800000000FFFFB5B90000000096
:2000B000FFFFB5BA00000000FFFFB5BB00000000FFFFB5BC00000000FFFFB5BD0000000076
:2000C000FFFFB5BE00000000FFFFB5BF00000000FFFFB5C000000000FFFFB5C10000000056
:2000D000FFFFB5C200000000FFFFB5C300000000FFFFB5C400000000FFFFB5C50000000036
:2000E000FFFFB5C600000000FFFFB5C800000000FFFFB5C900000000FFFFB5CC0000000011
:2000F000FFFFB5CD00000000FFFFB5CE00000000FFFFB5CF00000000FFFFB5D000000000EA
:20010000FFFFB5D100000000FFFFB5D200000000FFFFB5D300000000FFFFB5D400000000C9
:20011000FFFFB5D500000000FFFFB5D600000000FFFFB5D700000000FFFFB5D800000000A9
:20012000FFFFB5DA00000000FFFFB5DC00000000FFFFB5DE00000100FFFFB5DF00000080FF
:20013000FFFFB5E000000000FFFFB5E100000000FFFFB5E200000180FFFFB5E300000000DC
:20014000FFFFB5E40000002FFFFFB5E500000212FFFFB5E600000000FFFFB5E7000000609A
:20015000FFFFB5E800000120FFFFB5E9000000C0FFFFB5EA00000000FFFFB5EC000000003B
:20016000FFFFB5ED00000000FFFFB5EE00000000FFFFB5EF00000000FFFFB5F000000000F9
:20017000FFFFB5F100000000FFFFB5F300000000FFFFB5F400000000FFFFB5F500000000D6
:20018000FFFFB5F600000000FFFFB5F700000000FFFFB5F800000000FFFFB5F900000000B5
:20019000FFFFB5FA00000000FFFFB5FB00000000FFFFB5FC00000000FFFFB5FD0000000095
:2001A000FFFFB5FE00000000FFFFB5FF00000000FFFFB60000000000FFFFB601000002125F
:2001B000FFFFB60200000000FFFFB60300000258FFFFB60400000000FFFFB60500000000F7
:2001C000FFFFB60600000000FFFFB60700000000FFFFB60800000000FFFFB6090000000031
:2001D000FFFFB60A00000000FFFFB60B00000000FFFFB60C0000000AFFFFB60D0000000007
:2001E000FFFFB60E00000000FFFFB60F00000000FFFFB61000000000FFFFB61100000000F1
:2001F000FFFFB61200000000FFFFB61300000000FFFFB61400000000FFFFB61600000000D0
:20020000FFFFB61800000022FFFFB619000001AEFFFFB61A00000000FFFFB61B00000000D7
:20021000FFFFB61C00000000FFFFB61D0000000AFFFFB61E00000000FFFFB61F0000000A74
:20022000FFFFB62000000000FFFFB62100000000FFFFB62200000000FFFFB6230000000167
:20023000FFFFB62400000000FFFFB62500000000FFFFB62600000000FFFFB6270000000048
:20024000FFFFB62800000000FFFFB62900000000FFFFB62A00000000FFFFB62B0000000028
:20025000FFFFB62D00000000FFFFB62F00000000FFFFB63000000000FFFFB6310000000001
:20026000FFFFB63200000000FFFFB63300000000FFFFB63400000000FFFFB63500000000E0
:20027000FFFFB63600000000FFFFB63700000000FFFFB63800000000FFFFB63900000000C0
:20028000FFFFB63A00000000FFFFB63B00000000FFFFB63C00000000FFFFB63D00000000A0
:20029000FFFFB63E00000000FFFFB63F00000000FFFFB64000000000FFFFB6410000000080
:2002A000FFFFB64400000000FFFFB64600000000FFFFB64700000000FFFFB6480000000055
:2002B000FFFFB64900000000FFFFB64A00000000FFFEB64E000000000000FFFEB65000002F
:2002C00000000000FFFEB652000000000000FFFEB654000000000000FFFEB6560000000009
:2002D0000000FFFEB658000000000000FFFEB65C000000000000FFFEB65E000000000000E3
:2002E000FFFEB660000000000000FFFEB664000000000000FFFEB666000000000000FFFEBE
:2002F000B66A000000000000FFFEB66C000000000000FFFEB670000000000000FFFEB67267
:20030000000000000000FFFEB674000000000000FFFEB676000000000000FFFEB678000062
:2003100000000000FFFEB67A000000000000FFFEB67C000000000000FFFEB67E0000000040
:200320000000FFFEB682000000000000FFFEB684000000000000FFFEB68600000000000018
:20033000FFFEB68A000000000000FFFEB68E000000000000FFFEB690000000000000FFFEEF
:20034000B692000000000000FFFEB698000000000000FFFEB69C000000000000FFFEB69E6A
:20035000000000000000FFFEB6A0000000000000FFFEB6A2000000000000FFFEB6A400008E
:2003600000000000FFFEB6A8000000000000FFFEB6AA000000000000FFFEB6AC0000000066
:200370000000FFFEB6B0000000000000FFFEB6B2000000000000FFFEB6B40000000000003E
:20038000FFFEB6B6000000000000FFFEB6B8000000000000FFFEB6BA000000000000FFFE1F
:20039000B6BC000000000000FFFEB6C2000000000000FFFEB6C4000000000000FFFEB6C676
:2003A000000000000000FFFEB6CA000000000000FFFEB6CC000000000000FFFEB6CE0000C0
:2003B00000000000FFFFB6D000000000FFFFB6D400000000FFFFAAC000000000FFFFAAC150
:2003C00000000000FFFFAAC200000000FFFFAACF00000028FFFFAAD00000000DFFFFAAD116
:2003D0000000002AFFFFAAD200000000FFFFAAD300000000FFFFAAD400000029FFFFAAD8C9
:2003E00000000000FFFFAAD900000000FFFFAADB00000000FFFFAADC00000000FFFFAADDF0
:2003F00000000000FFFFAADE00000000FFFFAADF00000000FFFFAAE000000000FFFFAAE2CE
:2004000000000000FFFFAAE300000000FFFFAAE500000000FFFFAAE600000000FFFFAAE7A7
:2004100000000000FFFFAAE800000000FFFFAAE900000000FFFFAAEA00000546FFFFAAEB3B
:2004200000000000FFFFAAEC00000000FFFFAAED00000000FFFFAAEE00000000FFFFAAEF66
:2004300000000000FFFFAAF000000000FFFFAAF100000000FFFFAAF200000000FFFFAAF346
:2004400000000000FFFFAAF400000001FFFFAAF500000000FFFFAAF600000001FFFFAAF724
:2004500000000000FFFFAAF800000000FFFFAAF900000000FFFFAAFA00000000FFFFAAFB06
:2004600000000032FFFFAAFC00000208FFFFAAFD00000000FFFFAAFE00000000FFFFAB1A8E
:2004700000000008FFFFAB1B00000000FFFFAB1E00000000FFFFAB1F00000000FFFFAB2048
:2004800000000000FFFFAB2100000000FFFFAB2D00000000FFFFAB2E00000000FFFFAB2F0D
:2004900000000000FFFFAB3000000000FFFFAB3100000000FFFFAB3200000000FFFFAB33E2
:2004A00000000000FFFFAB3400000000FFFEAB36000000000000FFFEAB38000000000000A1
:2004B000FFFEAB3A000000000000FFFFAB3C00000000FFFEAB42000000000000FFFFAB448E
:2004C00000000000FFF0AB4C00000000102120423063408450A560C670E781089129A14AAC
:2004D000B16BC18CD1ADE1CEF1EFFFFFAB8000000000FF38AC0000008000003D4727003E21
:2004E000472B003E4774003E4778003E476C003E4770003E4740003E4744003E4712003E4B
:2004F0004716003E4758003E475C003E4760003E4764003E4748003E474C003E471E003E84
:20050000473B003E46D6003E46FE003E46EB003E3D3F003E3D3B003E2743003E481D003E15
:200510001FF5003E1FF9003E202D003E2025003E1FC9003E1FE1003E2049003E2045003E67
:200520002055003E203D003E2041003E2081003E2079003E207D003E1FE1003E1FC5003EDD
:200530001FDD003E1FE5003E208C003E1FE9003E4702003E1FD9003E1FCD003E4754003E3F
:200540004750003E277B003E1FBD003E1FAD003E1FB1003E2009003E200D003E1FB9003ECC
:200550004723003E2777003E2787003E278F003E278B003E277B003E2793003E2757003EA3
:200560008000003D2767003E470E003E2005003E4768003E470A003E2011003E8000003D54
:200570008000003D8000003D8000003D8000003D8000003D8000003D8000003D8000003D83
:200580008000003D8000003D8000003D8000003D8000003D8000003D8000003D8000003D73
:200590008000003D8000003D8000003D8000003D8000003D8000003D8000003D8000003D63
:2005A0008000003D8025003DFFFFBD8100000BB8FFFFBD8200000960FFFFBD840000008038
:2005B000FFFFBD850000F830FFFFBD8A00000011FFFFBD8B00000000FFFFBD8D00000008D7
:2005C000FFFFBD8E00000014FFFFBD8F00000000FFFFBD9000000000FFFFBD9100000000DD
:2005D000FFFFBD9200000000FFFFBD9600000000FFFFBD9700000000FFFFBD9800000000C8
:2005E000FFFFBD9900000000FFFFBD9B00000000FFFFBD9C00000000FFFFBD9D00000000A2
:2005F000FFFFBD9E00000400FFFFBD9F00000000FFFFBDA000000000FFFFBDA1000000007D
:20060000FFFFBDA200000000FFFFBDA300000000FFFFBDA400000000FFFFBDA50000000060
:20061000FFFFBDA600000000FFFFBDA700000000FFFFBDA800000000FFFFBDA90000000040
:20062000FFFFBDAA00000000FFFFBDAB00000000FFFFBDAD00000000FFFFBDAF000000001D
:20063000FFFFBDB1000000C8FFFFBDB300000000FFFFBDB400000000FFFFBDB50000FB50DE
:20064000FFFFBDB700000000FFFFBDB900000000FFFFBDBA00000000FFFFBDBB00000000C9
:20065000FFFFBDBC00000000FFFFBDBE00000000FFFFBDBF00000000FFFFBDC000000000A5
:20066000FFFFBDC100000000FFFFBDC200000001FFFFBDC300000000FFFFBDC40000000083
:20067000FFFFBDC500000000FFFFBDC600000000FFFFBDC700000000FFFFBDC80000000064
:20068000FFFFBDC900000000FFFEBDCA000000000000FFFFB78500000000FFFFB7880000DB
:200690000000FFFFB78900000000FFFFB78A00000000FFFFB78B00000000FFFFB78C00004C
:2006A0000000FFFFB78E00000001FFFFB78F00000000FFFFB79300000000FFFFB794000021
:2006B0000001FFFFB79600000001FFFFB7A300000000FFFFB7A400000000FFFFB7A60000D1
:2006C0000000FFFFB7A700000000FFFFB7AA00000000FFFFB7AB00000000FFFFB7AD00009D
:2006D0000000FFFFB7AF00000000FFFFB7B000000000FFFFB7B100000000FFFFB7B2000074
:2006E0000000FFFFB7B300000000FFFFB7B500000000FFFFB7B600000000FFFFB7B7000051
:2006F0000009FFFFB7B800000000FFFFB7B900000000FFFFB7BA00000000FFFFB7BB000027
:200700000000FFFFB7BC00000000FFFFB7BD00000000FFFFB7BE00000000FFFFB7BF00000F
:200710000000FFFFB7C000000000FFFFB7C200000000FFFFB7C300000000FFFFB7C40000EC
:200720000000FFFFB7C500000001FFFFB7C900000001FFFFB7CA00000000FFFFB7CB0000C0
:200730000000FFFFB7CC00000000FFFFB7CD00000000FFFFB7CF00000000FFFFB7D000009D
:200740000000FFFFB7D300000000FFFFB7D400000000FFFFB7DA00000002FFFFB7DB000067
:200750000000FFFFB7DC00000000FFFEB7DE000000000000FFFFB80000000000FFFFB809F1
:2007600000000000FFFFB81200000000FFFFB84000000000FFFFBE0400000000FFFFBE0738
:2007700000000000FFFFBE0F00000000FFFFBE1400000064FFFFBE1800000000FFFFBE19C1
:2007800000000000FFFFBE1A00000000FFFFBE1B00000000FFFFBE1C00000000FFFFBE1DFB
:2007900000000000FFFFBE1E00000000FFFFBE1F00000000FFFFBE2000000000FFFFBE21DB
:2007A00000000000FFFFBE2200000000FFFFBE2300000000FFFFBE2400000000FFFFBE25BB
:2007B00000000001FFFFBE2600000000FFFFBE2700000000FFFFBE2800000000FFFFBE299A
:2007C00000000000FFFFBE2A00000000FFFFBE2B00000000FFFFBE2C00000000FFFFBE2D7B
:2007D00000000000FFFFBE2E00000000FFFFBE2F00000000FFFFBE3000000000FFFFBE315B
:2007E00000000000FFFFBE3200000000FFFFBE3300000000FFFFBE3400000000FFFFBE353B
:2007F00000000000FFFFBE3600000000FFFFBE3700000014FFFFBE3900000000FFFFBE3A05
:2008000000000014FFFFBE3C0000000AFFFFBE3D00000000FFFFBE3E00000000FFFFBE3FD4
:2008100000000000FFFFBE4000000002FFFFBE4100000001FFFFBE4200000000FFFFBE43CF
:2008200000000000FFFEBE46000000000000FFFEBE48000000000000FFFEBE4A00000000AF
:200830000000FFFFB30300000000FFFFB308000000A0FFFFB30B00000000FFFFB30F00001F
:200840000000FFFFB31500000000FFFFB31800000000FFFFB31B00000000FFFFB31C000070
:200850000000FFFFB32000000000FFFFB32100000000FFFFB32A0000021CFFFFB32C00000F
:200860000028FFFFB32D0000001EFFFFB32F0000001EFFFFB33000000030FFFFB331000063
:20087000002BFFFFB33200000597FFFFB333000002CCFFFFB33600000000FFFFB33800003C
:20088000012CFFFFB33B00000001FFFFB33C00001388FFFFB33D00000000FFFFB3430000D4
:2008900000A4FFFFB34500000000FFFFB34600000000FFFFB34700000000FFFFB3480000C6
:2008A0000000FFFFB34900000000FFFFB34A000000A4FFFFB34E00000002FFFFB34F00009E
:2008B0000000FFFFB3500000009EFFFFB35100000001FFFFB35600000036FFFFB358000040
:2008C0000000FFFFB35A00000018FFFFB35D00000064FFFFB35E00000000FFFFB360000063
:2008D000000FFFFFB36100000000FFFFB36200000002FFFFB36800002328FFFFB369000054
:2008E0000000FFFFB3860000003CFFFFB38700000927FFFEB3B0000000000000FFFEB3C845
:2008F000000000000000FFFFB40000000000FFFFBD0100000000FFFFBD0200000000FFFFBF
:20090000BD0400000000FFFFBD0500000000FFFFBD0600000000FFFFBD0700000000FFFFD5
:20091000BD0800000000FFFFBD0900000000FFFFBD0A00000000FFFFBD0B00000000FFFFB5
:20092000BD0C00000000FFFFBD0D00000000FFFFBD0E00000000FFFFBD0F00000000FFFF95
:20093000BD1000000000FFFFBD1100000000FFFFBD1200000000FFFFBD1300000000FFFF75
:20094000BD1400000000FFFFBD1500000000FFFFBD1600000000FFFFBD1700000000FFFF55
:20095000BD1800000000FFFFBD1A00000005FFFFBD1B00000000FFFFBD1C00000000FFFF2D
:20096000BD1D00000000FFFFBD2000000001FFFFBD2200000000FFFFBD2300000000FFFF08
:20097000BD2400000000FFFFBD2500000000FFFFBD2600000000FFFFBD2700000000FFFFE5
:20098000BD2800000000FFFFBD2A00000000FFFFBD2E00000000FFFFBD3800000000FFFFB3
:20099000BD3C00000000FFFFBD3E00000000FFFFBD4000000000FFFFBD4200000000FFFF5F
:2009A000BD4300000000FFF5BD460000000000000000000000000000000000000000000040
:2009B0000000FFFFBEC400000000FFFFBEC500000000FFFFBEC600000000FFFFBEC7000021
:2009C0000000FFFFBEC800000000FFFFBEC900000000FFFFBECA00000000FFFFBECB000001
:2009D0000000FFFFBECC00000000FFFFBECD00000000FFFFBED100000000FFFFBED80000D5
:2009E0000000FFFFBED900000000FFFFBEDA00000000FFFFBEDB00000000FFFFBEDC00009D
:2009F0000000FFFFBEDD00000000FFFFBEDE00000000FFFFBEDF00000000FFFFBEE000007D
:200A00000000FFFFBEE100000000FFFFBEE200000000FFFFBEE300000000FFFFBEE400005C
:200A10000000FFFFBEE500000000FFFFBEE600000000FFFFBEE700000000FFFFBEE800003C
:200A20000000FFFFBEE900000000FFFFBEEA00000000FFFFBEEB00000064FFFFBEEC0000B8
:200A3000008CFFFFBEED00000082FFFFBEEE0000009BFFFFBEF100000000FFFFBEF200004F
:200A40000082FFFFBEF4000000A0FFFFBB0000000000FFFFBB0300000000FFFFBB04000092
:200A50000000FFFFBB0500000000FFFFBB0600000000FFFFBB0900000000FFFFBB0D000081
:200A60000000FFFFBB0E00000000FFFFBB2500000000FFFFBB2800000001FFFFBB2900000D
:200A70000000FFFFBB2F00000000FFFFBB3000000014FFFFBB3100000000FFFFBB3C0000A2
:200A80000000FFFFBB5B00000000FFFFBB6400000000FFFFBB6700000000FFFFBB6F0000DD
:200A90000000FFFFBB7000000000FFFFBB7100000000FFFFBB7300000000FFFFBB7400009A
:200AA0000000FFFFBB7600000000FFFFBB7700000000FFFFBB7800000000FFFFBB79000074
:200AB0000000FFFFBB7A00000000FFFFBB7B00000000FFFFBB7C00000000FFFFBB7E000053
:200AC0000000FFFFBB7F00000000FFFFBB8000000000FFFDBB810000000000000000FFFF6F
:200AD000BD5D00000000FFFFBD5E00000000FFFFBD5F00000000FFFFBD6000000000FFFFA0
:200AE000BD6100000000FFFFBD6200000000FFFFBD6300000000FFFFBD640000000BFFFF75
:200AF000BD6500000000FFFFBD6600000000FFFFBD6700000000FFFFBD6800000000FFFF60
:200B0000BD6900000000FFFFBD6B00000000FFFFBD6C00000000FFFFBD6D00000000FFFF3C
:200B1000BD6E00000000FFFFBD6F00000000FFFFBD7000000000FFFFBD7100000000FFFF1B
:200B2000BD7300000000FFFFBD7500000000FFFFBD7600000000FFFFBD7700000234FFFFBE
:200B3000BD780000000AFFFFBD7A0000021CFFFFBD7B00000800FFFFBD7D00000000FFFEA0
:200B4000BD7E000000000000FFFFAF400000002AFFFFAF4100000000FFFFAF42000001F471
:200B5000FFFFAF430000012CFFFFAF4400000000FFFFAF4500000226FFFFAF46000000006A
:200B6000FFFFAF4700000000FFFFAF4800000000FFFFAF4900000000FFFFAF4A000000009F
:200B7000FFFFAF4B00000000FFFFAF4D00000000FFFFAF4E00000226FFFFAF4F0000000054
:200B8000FFFFAF5000000000FFFFAF5100000000FFFFAF5200000000FFFFAF53000000104B
:200B9000FFFFAF5400000000FFFFAF5500000000FFFFAF5600000000FFFFAF57000000013A
:200BA000FFFFAF5800000000FFFCAF5A0000547C003E5428003EFFFCAF5E0000544C003E7E
:200BB000540B003EFFFFB76400000000FFFFB76500000000FFFFB76800000001FFFFB76919
:200BC00000000000FFFFB76B00000000FFFFB76C00000000FFFFB76D00000000FFFFB76E8F
:200BD00000000000FFFFB76F00000000FFFFB77000000000FFFFB77100000000FFFFB7726F
:200BE00000000000FFFFB77300000000FFFFB77400000000FFFFB77500000000FFFFB7764F
:200BF00000000000FFFFB77700000000FFFFB77800000001FFFFB77900000001FFFFB77A2D
:200C000000000001FFFFB77B00000000FFFFB77C00000000FFFFB77D00000001FFFFB77E0C
:200C100000000001FFFFB77F00000001FFFFBF0000000000FFFFBF0100000000FFFFBF0353
:200C200000000000FFFFBF0900000000FFFFBF0B00000001FFFFBF0D00000000FFFFBF0E90
:200C300000000000FFFFBF0F00000001FFFFBF1000000000FFFFBF1100000096FFFFBF12D7
:200C400000000001FFFFBF1300000000FFFFBF1400000000FFFFBF1900000000FFFFBF1A45
:200C500000000000FFFEBF1E000000000000FFFFBBA200000000FFFFBBA400000000FFFFF4
:200C6000BBAC00000000FFFFBBAD00000000FFFFBBAE0000021CFFFFBBAF00000000FFFFBC
:200C7000BBB00000021CFFFFBBB100000000FFFFBBB200000000FFFFBBB300000000FFFF9C
:200C8000BBB400000000FFFFBBB500000000FFFFBBB600000000FFFFBBB700000000FFFF9A
:200C9000BE8200000000FFFFBE9C00000000FFFFBE9D00000000FFFFBE9E00000000FFFFFB
:200CA000BE9F00000000FFFFBEA000000000FFFFBEA100000000FFFFBEA200000000FFFFC2
:200CB000BEA300000000FFFFBEA400000000FFFFBEB300000000FFFFBEBB00000800FFFF77
:200CC000BEBC00000800FFFFA00400000000FFFFA00900000000FFFFA00A00000000FFFFA3
:200CD000A00C00000001FFFFA00D00000000FFFFA00E00000000FFFFA00F00000000FFFF55
:200CE000A01800000000FFFFA01900000000FFFFA01A0000FFFFFFFCA01B00000000000019
:200CF00000000000FFFFBACC00000800FFFFBAD300000000FFFFBADC00000000FFFFBADDA4
:200D000000000000FFFFBADE00000000FFFFBADF00000000FFFFBAE000000000FFFFBAE175
:200D100000000000FFFFBAE200000000FFFFBAE300000000FFFFBAF1000000FFFFFFBAF23C
:200D200000000000FFFFBAF300000000FFFFBAF40000FFFFFFFFBAF5000000FFFFFFBAF604
:200D300000000000FFFFBAF7000000FFFFFFBAF80000FFFFFFFFBAF90000FFFFFFFFB940A1
:200D400000000000FFFFB94100000000FFFFB94200000000FFFFB94300000000FFFFB946AB
:200D500000000000FFFFB94700000000FFF0AF2C000000FF000000010000000200000001B8
:200D6000000000030000000100000002000000010000FFFFB93400000000FFFFB938000092
:200D70000000FFFFB93900000800FFFFB93A00000800FFFFBDD600000800FFFFBDD7000047
:200D80000800FFFFBDDB00000000FFFFBDE100000000FFFFBE4C00000000FFFFBE4D000008
:200D90000000FFFFBE4E00000000FFFFBE4F00000000FFFEAABA000069BC003EFFFEAABC07
:200DA000000069BC003EFFFEAF3C000000000000FFFEAF3E000000000000FFFFAABE000098
:060DB0000000000000003D
:20100000761B0005ABBDA8BDA0BDC2BDC3BDFF6929425616767E68FB761F01A51A1C000109
:20101000761F003356BF0421761F02D70A354035EF15767E19EE761F02D70A331B33EA605A
:20102000690D2B33767E40EA520CEC05761F02F52B2A6F04761F02F50A2A761F02E5920647
:20103000EC12761F02D70A3692365214690F761F02E52B06761F02F11A344000761F02F103
:201040001A040040761F02D72B368F006FC0D0094394EF0A0A349234521469072B34DC0DDA
:201050001AC400086F022B348F006FC0CCCC0008FFC2543BEC0B761F02EA9238EC07761F52
:2010600002F4923DEC031ADC0020CCCC0008761F02D7FFC2963B761F01BF4501EF0B761FDC
:2010700002D70A3D923D521469082B3D1AEC00206F04761F02D72B3D761F02D8921EED0DAA
:20108000921F520B670B9C01961F520AED07761F01BF1A0500046F022B1F761F02D89220DA
:20109000ED0D921D520B670B9C01961D520AED07761F01BF1A0D00046F022B1DC5BEC4BEEA
:2010A00083BE8ABE87BE000376177602761B0005ABBDA8BDA0BDC2BDC3BDFF69294256165C
:2010B000761F02DF921C5202ED13761F02EA9238EC0F761F02D7922F5205EC059E295205CD
:2010C000EC076F0A761F01BF1A0D01006F05761F01BF1A0B0100761F01C456BF631A764096
:2010D0008EB0F66E7700F66E7700F66E7700761F01C44D00EEFD761F002C9200761F02F4C1
:2010E0009E1D761F02D808A9F800963B761F002C9201761F02F49E06761F02D608A9F800B3
:2010F0009630761F002C9206761F02D908A9F8009603761F002C9205761F02D708A9F800A0
:201100009605761F02F4923D5203ED4C761F02D7922A5203670D761F02D8921BED460A0CF4
:20111000920C5214694256BF1E0C2B0D6F3E761F02D8920DCA1BED32761F02D69217761F2F
:2011200002D856BF05092B0A960B761F01BF1A0C1000761F02F656BF011B761F02D856BF0F
:20113000641B56BF010D56BF010E7622761F01A11A180004761A761F02F6921C5206680E3B
:201140002B1C761F02FC56BF2209761F02F11A160002761F02F11A040002761F02D82B0C6D
:201150006F04761F02D82B1B761F02F4923D520356C1014E5202ED07761F02F49221520763
:2011600056C10146761F02F4923D520456C001343B01761F02D68530761F02CCFF5654327A
:20117000652777007622761F01A01A180004761F01A11A180004761A761F02D856BF0121B5
:20118000761F02F99300761F02D8552866112B28761F02F40A3C761F02FC56BF1509761F4A
:2011900002F11A160002761F02F11A040002761F02CC5433623E761F02D81B36157C6239FC
:2011A0001B3613246506761F02F492215202EC31761F02EA9201761F02EE5438682AFF696E
:2011B000767E59085201ED06761F02F492215202EC20761F02EB4324EF06761F02F49221CA
:2011C0005209EC1777007622761F01A01A170004761F01A11A170004761A761F02D8922317
:2011D00056B10123761F02CC56B1013BFFEF011E77007622761F01A01A180004761F01A16F
:2011E0001A180004761A761F02F4921FEC027700761F02F4922156C100A18F406800D00B80
:2011F0002B218AA528950555D00CDC0F28950555761F01A1D00B9A0018C4FFFC3B018F0021
:201200006840C4A428940555DE0FD00C28940555D00918C6FFFC2895FFFFD00A2895FFFFC7
:20121000D009DD0E2894FFFFD00A2894FFFFDC0E18C4FFFC180EFFF3761F01A018C5FFFCC5
:20122000180EFFF3761F02CC56BF011D761F02CC9620761F02CE85A91E14761F02CF1E009E
:20123000761F02CD962F761F02CD963B761F02CD963D761F02CC9625761F02CE85A91E2416
:20124000761F02CE1E26761F02CE1E18761F02CE1E16761F02CE1E1A761F02CE1E1E761FDE
:2012500002CF1E08761F02CE1E30761F02CC9623761F02CC9626761F01A19A00180EFFFCA7
:20126000180EFFF3761F01A0180EFFFC180EFFF3761F02CD56BF020E761F02CD56BF0222C1
:20127000761F02CC9615761F02CC9616761F02CC9602761F02CF85A91E0E761F02CE1E28DB
:20128000761F02F59622761F02F59625761F02F59621761F02AB9639761F02D82B23761F1D
:2012900002F42B0D761F02F51B0001C2695E280001C26F5B77007622761F01A01A170004B0
:2012A000761F01A11A170004761A6F4F761F02CC2D2D3B01761F02CC122C761F02D61EA6A9
:2012B0008530FF5693A655A96415761F02D8920EED0B7622761F01A01A170004761F01A123
:2012C0001A170004761A761F02D89229EC2E0B296F2C7622761F01A01A180004761F01A1FB
:2012D0001A180004761A761F02CC933092A8761F02CCFFCE94A8FFA0542CEC17761F02D8DB
:2012E0000A299229520568112B29761F02F40A3C761F02FC56BF1509761F02F11A1600028B
:2012F000761F02F11A040002761F02F4923D5204EC04761F02D82B22FF6976408EB0761FE9
:2013000002F4923D5203EC085202ED1E761F02F492215207ED193B01761F02D78506FF5639
:201310001BA907BC64110A37923752606810761F02FC56BF0E09761F02F11A160002761F7F
:2013200002F11A040002761F02D72B37761F02F4923D5204EC04761F02F42B0D761F02F4DC
:201330009221761F02CC520256B0013B761F02EA920CED0C761F02D60A1B761F02CC92371B
:20134000761F02D6541B68316F5C761F02D6921B52056954CC20FFFEEC28761F02CC9237F6
:20135000761F02D65420EC219220761F02CC9E375201EC1B761F02CE920B761F02D6542068
:20136000EC149220761F02CE9E0B5201EC0E761F02CC9234761F02D65420EC079220761F1C
:2013700002CC9E345201ED2A761F02D63B0192189E1F85A9FF561BA901906316761F02D982
:201380008509FF5652326310761F02F4923D5204EC035205ED09761F02F11A160008761F32
:2013900002F11A040002761F02D62B1B761F02D99205761F02D6961F6F16761F02D60A1B37
:2013A0009218761F02D95405640D761F02D6921F761F02D95405650A9205761F02D6961F3A
:2013B0006F059205761F02D69618761F02D79223767E647D767E1F9576408EB076408D47D9
:2013C000761F01A41A1C0001761F003356BF0421C5BEC4BE83BE8ABE87BE000376177602BF
:2013D000761B0005ABBDA8BDA0BDC2BDC3BDFE04FF6929425616761F01C4281AFFFF761FCE
:2013E00002CE9200767E3C9C761F02CE9307761F01A095A99705761F01A19705761F01A4A3
:2013F000970576408EB0761F02EA923852016906761F02DF921C5202EC05761F02D7922FA8
:201400006F04761F02D792235205ED5B761F01A9C4008D40BC4C761F02DAB6648AA106A65D
:20141000C23C033AFF5A761F02D70200DC10F61F561700A73F0992AB761F02DAC23A761F1C
:2014200002D79607961A761F02D8921A761F02D7961C761F02D906A60334761F02D8FF5A30
:201430000200F61F561700A73F2E761F02D99228761F02D79619761F02D906A60322761FE7
:2014400002D8FF5A0200F61F561700A73F2C761F02F11AC400041A040004761F02F11A1C79
:201450000002761F02F11A040004767DDF4A5201ED08D90A761F02F11AC100401A040002C6
:20146000761F02D62D23761F02D912023B01562F0405761F02D62D24761F02D81234562F69
:201470000436761F02D62D27761F02D81230761F02E6FF4A2DA91209761F02AD0702761F17
:2014800002D8FF499633520063022B3392339B0A00FE691E9632761F02D62D22761F02D76B
:201490001204562F0406761F02D62D2E123A2D29562F0431761F02D71216562F0418761FA7
:2014A00002D62D28761F02D91206562F0409761F02D62D2B1234761F02D7562F0402761F4C
:2014B00002D62D2D123D562F043F767E479C92005212650C920154326309761F02D70A3F59
:2014C000923F520556B6013E6F04761F02D72B3F761F02EE9238761F02D89C0F54326707F1
:2014D0000A089208520256B601066F022B08761F02D792239007ED42761F02D62D31761FFC
:2014E00002D91205761F02DA56010008761F02D60A08761F02D92D09761F02D71206761FEA
:2014F00002DA56010014761F02D60A04761F02D72D181206761F02DA5601001A761F02D600
:201500000A05761F02D92D0912055601000C761F02D60A2C761F02DA062E761F02D956018D
:20151000000E0A0A761F02D72D061206761F02D95601003C761F02D70A033B01761F02D8B7
:201520008536761F02D956010026761F02D80A358533761F02DA56010036761F02D80A31F5
:20153000761F02D6853A761F02D956010018761F02D60A37761F02D98506761F02DA56011F
:201540000012761F02D80A3A761F02D6853D761F02DA56010006761F02D80A2F761F02D7B3
:201550008516761F02D9560100360A00761F02D62D311231761F02DA5601000E761F02D688
:201560000A38761F02D72D181218761F02D956010012761F02D70A17761F02D92D09120923
:20157000761F02DA5601000A761F02D80A3C761F02D62D3F123F761F02DA56010004761F49
:2015800002D60A3B761F02D78502761F02DA56010018761F02D60A32850C761F02DA560157
:201590000030761F02D60A158513761F02D95601001E761F02D60A028526761F02D9560117
:2015A0000020761F02D60A09850F761F02DA56010028761F02D60A11761F02D78508761FEF
:2015B00002DB5601000E761F02D70A128511761F02DA56010020761F02D70A0F850E761F22
:2015C00002DA56010022761F02D60A0E8514761F02DA5601002C761F02D60A0B761F02D7B4
:2015D0002D06761F02CD1217761F02DA56010032761F02D60A1C76408EB00A2F9222542F4A
:2015E000FFE200872B2F761F02FA9209761F02FA9608761F02F69207761F02F6960C761FE4
:2015F00002D9063C761F02DA1E1C761F02D792039601761F02D902001E3C761F02D72B0311
:20160000761F02DA060E761F02D91E16761F02D692389639761F02DA02001E0E761F02D68F
:201610002B38761F02D906121E2A761F02D792179615761F02D902001E12761F02D72B1773
:20162000761F02DA060A761F02DB1E02761F02D8923C9639761F02DA02001E0A761F02D881
:201630002B3C761F02DA0604761F02D91E3E761F02D6923B963C761F02DA02001E04761FB6
:2016400002D62B3B761F02DA0632761F02DB1E0A761F02D6921C961D761F02DA02001E3278
:20165000761F02D62B1C761F02F4923D5204ED09761F02EA9203761F02EE9C0554386803ED
:201660009A406F0328A91000761F02CC9639761F02EA92385203EC135204ED05761F02D7B6
:20167000921F6F105206ED07761F02D79229942F9CFE6F09761F02D7922F6F05761F02D7CF
:20168000921E942F962392225423620274233B012D238522761F02CE1E42300000FE68A8C2
:20169000761F02D69617761F02CE540068059E00761F02D69617761F02D6962076408EB02B
:2016A000761F01C44D00EEFD761F02D72B16761F002C9203761F02D89630761F002C920605
:2016B000761F02D908A9F8009602761F02D62B34761F002C9205761F02D708A9F800960494
:2016C000761F002C9201761F02F49E06761F02D608A9F800962F761F002C9200761F02F4CE
:2016D0009E1D761F02D808A9F8002B34963D761F002C920E761F02D7960E761F002C920F20
:2016E000761F02D79608761F002C920A761F02D69614761F002C9208761F02F49E1D761F34
:2016F00002D608A9F800963D761F02D728111000761F02D62B0C761F02D72D04761F02E60F
:20170000300D761F02D7562F0404761F02D92D02761F02E63012761F02D9562F0402761FA3
:2017100002D69230942FFFA0761F02E62DA93013761F02D6562F043A761F02D8923B943DEA
:20172000FFA0761F02E62DA93014761F02D9562F0406761F02D62D3D761F02E63015761F46
:2017300002D6562F043D76408EB0761F02F4923D520356C000A8761F02D7922A5203670DA7
:20174000761F02D8921BED420A0C920C5214693E56BF1E0C2B0D6F3A761F02D8920DCA1B6A
:20175000ED32761F02D692178F006FC0D008761F02D856BF02092B0A960B4C94EF08761FDD
:2017600002EA9238EC04DC0C1AC41000761F02D856BF641B56BF010D761F02F656BF011B09
:20177000761F02F6921C5206680E2B1C761F02FC56BF2209761F02F11A160002761F02F1F4
:201780001A040002761F02D82B0C9209653C920A5232ED32761F02D69217761F02D8540B24
:20179000EC07920B761F02D69E175201ED25761F02D856BF641B56BF010D0B092B0A080BA0
:2017A0000005761F02CE9200761F02D8540B680E761F02CE920B761F02D8540B670D920B08
:2017B000761F02CE9CFB540B6707761F02D82B1B2B0D2B092B0B761F02D80A0A920A523256
:2017C00056B2320A921BEC1C56BF010E0B1B7622761F01A11A180004761A761F02D692171B
:2017D000EC14761F02CE920B761F02D65417EC0D9217761F02CE9E0B5201ED0A6F062B0E77
:2017E0006F07761F02D82B09761F02D82B1B8F006FC0D0084C94EE0B761F02D70A31923140
:2017F000523269052B31DC0A1AC41000761F02F4923D520356C101885202ED07761F02F495
:201800009221520756C10180761F02F4923D520456C0016D3B01761F02D6852F761F02CC30
:20181000FF565432652777007622761F01A01A180004761F01A11A180004761A761F02D86A
:2018200056BF0121761F02F99200761F02D8542866112B28761F02F40A3C761F02FC56BF21
:201830001509761F02F11A160002761F02F11A040002767E58F4761F02EA2DA931079201B6
:20184000761F02D89EAB543268059216EC0B0B166F090A16761F02F59225520664039A05E4
:2018500074253B01761F02D6852F761F02CCFF565433624F761F02D81B36157C624A1B3644
:2018600013246506761F02F492215202EC42761F02EA9201761F02EE5438683B761F02D8CF
:20187000921652056636767E59085201ED06761F02F492215202EC2D761F02EB4324EF0699
:20188000761F02F492215209EC24761F02D7923E5201EC1F761F02D892065201EC1A77002C
:201890007622761F01A01A170004761F01A11A170004761A761F02D8922356B10123761F55
:2018A00002CC56B1013B761F02D82B0EFFEF012A77007622761F01A01A180004761F01A1A4
:2018B0001A180004761A761F02F4921FEC027700761F02F4922156C100A18F406800D00BA9
:2018C0002B218AA528950555D00CDC0F28950555761F01A1D00B9A0018C4FFFC3B018F004A
:2018D0006840C4A428940555DE0FD00C28940555D00918C6FFFC2895FFFFD00A2895FFFFF1
:2018E000D009DD0E2894FFFFD00A2894FFFFDC0E18C4FFFC180EFFF3761F01A018C5FFFCEF
:2018F000180EFFF3761F02CC56BF011D761F02CC9620761F02CE85A91E14761F02CF1E00C8
:20190000761F02CD962F761F02CD963B761F02CD963D761F02CC9625761F02CE85A91E243F
:20191000761F02CE1E26761F02CE1E18761F02CE1E16761F02CE1E1A761F02CE1E1E761F07
:2019200002CF1E08761F02CE1E30761F02CC9623761F02CC9626761F01A19A00180EFFFCD0
:20193000180EFFF3761F01A0180EFFFC180EFFF3761F02CD56BF020E761F02CD56BF0222EA
:20194000761F02CC9615761F02CC9616761F02CC9602761F02CF85A91E0E761F02CE1E2804
:20195000761F02F59622761F02F59625761F02F59621761F02AB9639761F02D82B23761F46
:2019600002F42B0D761F02F51B0001C26903280001C2761F02D82B16761F02D72B3F2B3E87
:20197000761F02D82B082B066F5C77007622761F01A01A170004761F01A11A170004761A43
:20198000FFEFFF23761F02CC2D2D3B01761F02CC122C761F02D61EA6852FFF5693A655A92C
:201990006415761F02D8920EED0B7622761F01A01A170004761F01A11A170004761A761F23
:2019A00002D89229EC2E0B296F2C7622761F01A01A180004761F01A11A180004761A761F13
:2019B00002CC933092A8761F02CCFFCE94A8FFA0542CEC17761F02D80A2992295205681191
:2019C0002B29761F02F40A3C761F02FC56BF1509761F02F11A160002761F02F11A040002BA
:2019D00076408EB03B01761F02D82D3731032D323017FF4781ABFF419637761F02F492215D
:2019E0005207EC555202EC305209EC2E5208ED72761F02D62D21FF6E761F02D73304761F4D
:2019F00002CD16AC9632761F02D62D1E761F02D93306761F02CD16AC9637761F02D82D1876
:201A0000761F02D6333A761F02CC16AC9628761F02D6FF693434001B761F02CD562F031BAA
:201A1000767E219D6F47761F02D82D19761F02D6123AFF6E761F02CCFF46FF5C961F761F26
:201A200002D62D21761F02D93302761F02CD16AC9626761F02E6921C5203EC05FF69767E2C
:201A300023066F28FF69767E256B6F24761F02D62D21FF6E761F02D73304761F02CD16AC64
:201A40009632761F02D62D1E761F02D93306761F02CD16AC9637761F02D82D18761F02D649
:201A5000333A761F02CC16ACFF5CFF69962876408B1076408EB076408E58761F02D992057B
:201A600076408DD8761F02DA8F00093AD5780626A8428F00530EA844D41476408E0E7640D9
:201A70008EB0761F01A01A1C0001761F003356BF0421FE84C5BEC4BE83BE8ABE87BE000351
:201A800076177602761B0005ABBDA8BDA0BDC2BDC3BDFF6929425616761F01804F22EF07C6
:201A90009222901F5201ED03767E30A2761F01804F22EF079222901F5202ED03767E32710F
:201AA000761F01804F22EF079222901F5204ED03767E326B761F01804F22EF079222901F8F
:201AB0005207ED03767E3265761F01804F22EF149222901F5208ED10761F02DF921CED0AE3
:201AC000761F01BF4609EE04767DC6496F03767DC6BD767E325E761F01804F22EF079222D1
:201AD000901F5209ED03767E3257761F01804F22EF079222901F5206ED03767E3150761F4D
:201AE00001804F22EF079222901F5205ED03767E3198761F01804F22EF079222901F520362
:201AF000ED03767E31E0761F01804F22EF069222901FED03767E32240200761F0180190196
:201B00001E0C020019011E08761F003328210100C5BEC4BE83BE8ABE87BE0003761776026C
:201B10003B01761F02D68517761F02CE8A38761F02FA560100A42DC43008761F02CEFF4DE3
:201B200088A993069608761F02CD95A99F32761F02CE970D1BA812C062071BA8ED4063066A
:201B3000280DED406F03280D12C0761F02CD2D2E761F02CE120D761F02CCFF4680A99615FB
:201B40005603052F5CA993A455A763027C15FF5C5DA9541565027D15761F02CD9237761F45
:201B500002CC9415761F02CD58A99633761F01BF4301EF2B761F02EA9238EC27761F02D652
:201B60002D1EFF6E761F02D6333D761F02CC16AC80A9930D96117F0D95A7FFB0971792A8DC
:201B7000761F02CD9E37761F02CC93A99619761F02CD921994A89719FFA02DA99617331A64
:201B800016AC961C94A09633761F02EA92A48038761F02CD543363027C3392A55433650241
:201B90007D339233761F02CC28AB007B2BAA9E28FF692DA9761F02CD123F761F02CFA9ACC6
:201BA000FF4628AB00852BAA1E10564400A9A9AC5605000E07ABFF471E0E761F02CD813249
:201BB000761F02CE1E3EFF5A92A7EC06761F02E6921B5205ED062DA6761F02CC12246F077A
:201BC000761F02CC56210024564400ABFF4B761F02CD9636FF5C963D93A9761F02CE9207E0
:201BD0009CFE761F02CD54A8562A043DFF5C543D562A023D923D6374761F02D71B06FE0C50
:201BE00064111B0601F4652A761F02CD9208EC260A059205521465222B072B062B082B0562
:201BF0006F1D761F02CD0A079207523265170A062B0756BF01082B059206523C650F56BFFC
:201C00003C06761F02FC56BF2109761F02F11A160002761F02F11A040002761F02CD923D1B
:201C10008F006840D009FF5C962F963B9694761F01A056BF0109761F02CE93079DFF55A99B
:201C20006213761F02CD9222ED0DD00E761F01A1CC94FFFC5001960ECC0EFFFB5008960EE8
:201C30006F0D2B226F05761F02CD56BF0222761F01A1180EFFFC180EFFF3761F02CD920E46
:201C40005201ED0B761F01A0CC0EFFFE5002960ECC0EFFF750046F4456BF010E6F44933DB8
:201C5000973B8F006840D009761F02CE92079EA8969492079CFF761F01A09609761F02CEB6
:201C600092079CFF54A86215761F02CD92225201ED0DD00E761F01A1CC94FFFE5002960EF0
:201C7000CC0EFFF75004960E6F0E56BF01226F05761F02CD56BF0222761F01A1180EFFFC6E
:201C8000180EFFF3761F02CD920EED0C761F01A0CC0EFFFC5001960ECC0EFFFB5008960E5F
:201C900000062B0E761F01A0180EFFFC180EFFF30006FE04761F02809208520156C000A7BD
:201CA0009210ED6492165201ED0F0E118F00AC00FF30560100A4C5C43E67761F028054130A
:201CB00056B101106F535202ED0F0E118F00AC00FF30560100A4C5C43E67761F02805413BA
:201CC00056B001106F435203ED0F0E118F00AC00FF30560100A4C5C43E67761F02805413BA
:201CD00056B201106F335204ED0F0E118F00AC00FF30560100A4C5C43E67761F02805413B7
:201CE00056B301106F235205ED0F0E118F00AC00FF30560100A4C5C43E67761F02805413B5
:201CF00056B401106F135206ED0F0E118F00AC00FF30560100A4C5C43E67761F02805413B3
:201D000056B501106F0356BF01100A0592055402683D2B412B052B429241520867252D413E
:201D10009A01761F0280FF66CE00EC1A2D421206940396431BA907D06803284307CF5841F1
:201D20008F00A01F0E948F00AC00FF30560100A4C5C43E6758438F00C00096940A420A4175
:201D30009241520868DD761F02800A039203540668022B039210EC0A0A1592155412680644
:201D400092032B1556BF02089614FE840006FE02761F02AB92195201ED4A761F02FC9209B8
:201D5000ED46761F02AB8F00AC000E10FF30560100A4C5C43E67761F028058188F00A2C0D5
:201D6000761F02AB96948F00AC000E0FFF30560100A4C5C43E67761F028058188F00A4B4D9
:201D7000761F02AB96948F00AC000E14FF30560100A4C5C43E67761F028058188F00A6A8CE
:201D8000761F02AB96948F00AC000E11FF30560100A4C5C43E67761F028058188F00A89CCB
:201D90000A1896941B18018068022B18761F0280920FEC3D920CEC069CFF960CED38920D14
:201DA000960C761F02AB92195201EC252B419241520463213B018F00A01B8541560100A4D0
:201DB00092C49642EC14560301428F00AC00560100A4C5C43E67761F028088A9580E8F00A8
:201DC000A2C0344101F4560100A47E940A419241520464E1761F02800A0E920E5409ED0751
:201DD00092092B0E2B0F2B0A2B099604FE820006761F02D82DA90A1092105202682F2B1035
:201DE00033AC761F02DA8F40B7003B01A92E8AA5761F02D80E11FF30761F02D7560100A4A5
:201DF000A9A9FF47FF5A1EC49224761F02D85411690B92119C010EA9FF30560100A5A9A98E
:201E000007C50A116F08761F02DC0600761F02D807C42B11761F02DA1E2600061EA6761F61
:201E100002EBCC241000C546A344FFCB58A94C24EE28A9A90FA6620406A70FA6631E761F9D
:201E200002D892A40A0F540F663392A02B0FED30761F02EB8F00BC4C1A24100083A4761FD1
:201E300002F1DD0ADC161AC500081A0400021AC400101A0400080006761F02D82B0F0006F6
:201E400006A60FAB651206A70FA6650F761F02D792A50A2D542D660C92A02B2DEC09761FEC
:201E500002EB1824EFFF0006761F02D72B2D0006761F02D72B3C761F02CE56030100761F60
:201E600002D7543A66032B206F020A3A3B01761F02D98505FF5652C864041BA90FA0651598
:201E70008509FF561BA902A86310761F02D72B39761F02CE9200761F02D7FFC1543856B9FC
:201E80000121690C0A386F0A761F02D792392B38520A68032B216F020A3992205201EC0B91
:201E900092215201EC08761F02EB4324EF191824FFF70006761F02EB4324EE128F00BC4C8F
:201EA0001A24000883A4761F02F1DD0ADC161AC500081A0400021AC400101A040008000633
:201EB000761F01BF4A01EF074700EE0D761F02EA9238EC09761F02D70A2A922A520456B63A
:201EC000042A0006761F02D7922AEC020B2A000676228F000A80761F002A1AC40001CCF46C
:201ED000F3FF1AA903009606CC06FFF050039606CCFCFFE0500596071AE401FF1AEC01FF51
:0A1EE000761AF6077700FF69000686
:202E00000050004300430041004300310036000D0000000000500043004300410043003456
:202E10000038000D00000000004900560050004D00310030004B000D0000000000500045D3
:202E200000530054000D000000000000000000000050004800450043004B000D0000000066
:202E30000000000000510033000000000000000000000000000000000050005300430049CF
:202E40000052000D0000000000000000004B000000000000000000000000000000000000C8
:202E500000510050004900390039000D000000000000000000510050004900390038000D91
:202E60000000000000000000005100520049000D00000000000000000000000000510047C1
:202E70000053002A000D00000000000000000000005000430053002A000D0000000000009B
:202E80000000000000560045005200460057002A000D0000000000000028004E0041004B6F
:202E9000000D00000000000000000000002800410043004B000D0000000000000000000011
:202EA0000050004600410055004C0054000D00000000000000500041004C00430052004384
:202EB000000000000000000000500031000D000000000000000000000000000000510032F1
:202EC000000D000000000000000000000000000000510037000D0000000000000000000050
:202ED000000000000050005600410030000D000000000000000000000050005600410031A6
:202EE000002A000D00000000000000000042004100540030000D0000000000000000000087
:202EF0000042004100540031002A000D00000000000000000042004100540032002A000D43
:202F00000000000000000000005400540041002A000D0000000000000000000000540053EA
:202F1000004100560045000D0000000000000000005000440049000D0000000000000000CE
:202F200000000000005000500049000D000000000000000000000000005000490044000DB1
:202F30000000000000000000000000000050005300490044000D0000000000000000000044
:202F40000050005600460057000D0000000000000000000000500056004600570032000D9F
:202F5000000000000000000000500046004C00410047000D00000000000000000050004D4D
:202F6000004F0044000D00000000000000000000005000570053000D0000000000000000AA
:202F70000000000000540045002A000D00000000000000000000000000540044002A000DA2
:202F800000000000000000000000000000540046000D00000000000000000000000000008A
:202F900000490044002A000D000000000000000000000000005300490044002A000D000046
:202FA00000000000000000000052004500450050000D00000000000000000000004400454F
:202FB000004C004300520043000D0000000000000050004D004E000D0000000000000000D8
:202FC00000000000005000460053000D0000000000000000000000000053004F004E000DFE
:202FD000000000000000000000000000005000470052002A000D00000000000000000000C1
:202FE000005100470052000D000000000000000000000000005000420056000D00000000E5
:202FF0000000000000000000005100420054000D000000000000000000000000005000423B
:203000000054002A000D00000000000000000000005100420050000D000000000000000035
:2030100000000000005000420050002A000D000000000000000000000050004F0050002A6E
:20302000000D00000000000000000000005000430050002A000D0000000000000000000069
:203030000051004F0050000D000000000000000000000000005100430050000D0000000092
:20304000000000000000000000500050004900520049000D0000000000000000005000503F
:20305000004900470053000D000000000000000000500050004900570053000D00000000D0
:20306000000000000050004D00430048004700430052000D000000000050004D005500430A
:203070000048004700430052000D000000510050004900480046000D00000000000000008A
:2030800000510050004900430046000D00000000000000000054004E0043004800470043F9
:20309000002A000D00000000005400550043004800470043002A000D000000000046003579
:2030A0000030000D000000000000000000000000004600360030000D00000000000000001A
:2030B000000000000056002A000D0000000000000000000000000000004200410054004C50
:2030C000004F0057002A000D000000000042004100540055004E002A000D00000000000062
:2030D0000050004200430056002A000D00000000000000000050004300560056002A000D08
:2030E00000000000000000000051004300560056000D0000000000000000000000500042F1
:2030F00000460054002A000D00000000000000000051004200460054000D000000000000B5
:2031000000000000005400420056004F002A000D0000000000000000005000420056004F06
:20311000000D0000000000000000000000540042004F004F0054000D0000000000000000FD
:203120000054004F004C00420059002A000D0000000000000050004F004C00420059000D3B
:20313000000000000000000000500055005000530054005900500045002A000D0051005518
:20314000005000530054005900500045000D00000054004C004300440056002A000D0000C9
:20315000000000000050004C004300440056000D0000000000000000005400420056005499
:203160000055002A000D00000000000000500042005600540055000D000000000000000025
:20317000004900560041002A000D000000000000000000000050004F0050004D002A000DB5
:2031800000000000000000000050004F0050004D000D000000000000000000000050005343
:2031900000440056002A000D00000000000000000050004200440056002A000D00000000EB
:2031A00000000000005000500056004F004B0043002A000D000000000050005300500042D0
:2031B000002A000D00000000000000000050004F00500056002A000D00000000000000004C
:2031C000005000490041002A000D000000000000000000000050005000490041002A000D7D
:2031D00000000000000000000050005300490041002A000D00000000000000000050004FDC
:2031E00000500043000D0000000000000000000000540042004500510045002A000D000087
:2031F0000000000000540042004500510054002A000D0000000000000054004200450051DC
:203200000050002A000D00000000000000540042004500510056002A000D0000000000006E
:203210000054004200450051004F0054002A000D0000000000500042004500510049000D1A
:20322000000000000000000000540042004500510041002A000D0000000000000054004254
:203230000045004C0054002A000D0000000000000050004E004600320042002A000D0000D3
:203240000000000000500045004E00460032000D0000000000000000002800500056002A0E
:20325000000D000000000000000000000028002A000D0000000000000000000000000000F2
:20326000005000460041004E002A000D0000000000000000004300480047002A000D0000E9
:20327000000000000000000000510044000000000000000000000000000000006104003E06
:203280006104003E6104003E6104003E6104003E6104003E6104003E6104003E6104003E16
:203290006104003E6104003E6104003E6104003E6113003E610E003E619F003E60FF003E58
:2032A000616D003E6109003E6118003E60A0003E609B003E6096003E6091003E608C003E9F
:2032B0006087003E6082003E607D003E6078003E60AF003E60AA003E60A5003E60E6003E2C
:2032C00060E1003E6064003E606E003E6069003E61A4003E60B4003E6073003E6163003EB2
:2032D0006159003E614F003E6145003E613B003E6131003E6064003E6064003E6168003E5F
:2032E000615E003E6154003E614A003E6140003E6136003E6064003E6064003E6186003E18
:2032F0006181003E617C003E6064003E6064003E6064003E6064003E6064003E612C003EAE
:203300006127003E6064003E6064003E6064003E6064003E6064003E6064003E60DC003E61
:2033100060C8003E60D7003E60C3003E6064003E6064003E6064003E6064003E6064003E57
:203320006064003E6064003E6064003E6064003E6064003E6064003E6064003E6122003EBE
:20333000611D003E6064003E6064003E6064003E6064003E6064003E6064003E60FA003E1D
:2033400060F0003E60F5003E60EB003E619A003E6190003E6064003E6064003E6064003E55
:203350006064003E6064003E6064003E6064003E6064003E6064003E6064003E6064003E4D
:203360006064003E6064003E6064003E6064003E6064003E6064003E6064003E6064003E3D
:203370006064003E6064003E6064003E6064003E6064003E6064003E6064003E9C8A003DCC
:203380009C8A003D9C4C003D82E8003D9C1C003D9B55003D9B1D003D80DA003D9AF3003D86
:203390009AC8003D9A2F003D98EB003D98EA003D8068003D98E6003D98CB003D9853003D51
:2033A0009852003D9712003D96A5003D96A4003D967F003D9645003D9602003D95BF003D41
:2033B00094EE003D94A9003D94A8003D94A7003D94A6003D9469003D941C003D93E5003D80
:2033C000939F003D939E003D935A003D92E0003D928F003D923D003D922C003D91F3003D11
:2033D00091A7003D9191003D9190003D918F003D90D7003D90CF003D90A6003D9082003D4C
:2033E0009050003D902C003D8FD0003D8FAC003D8F85003D8F5E003D8F37003D8F13003D46
:2033F0008EEF003D8DB9003D8C14003D8AF1003D8AF0003D8AEF003D8AEE003D8AED003D15
:203400008AEC003D8AEB003D8AEA003D8AE9003D8096003D8AE8003D8AE7003D8AA1003DCE
:203410008A51003D8A2D003D89DD003D89B9003D898B003D8967003D8942003D891B003D07
:2034200088F7003D88F6003D88F5003D88F4003D88F3003D88C4003D889C003D8865003DD6
:203430008864003D8840003D8807003D87D4003D87D3003D87D2003D87D1003D878D003DD7
:20344000878C003D878B003D8751003D8389003D8386003D8387003D8385003D8388003D55
:203450008750003D838A003D838B003D8330003D874F003D86E6003D86B1003D82D5003DFF
:2034600086A1003D8667003D0D9A0D810D680D4F0D350D1A0CFF0CE30CC60CA90C8C0C6EBC
:203470000C4F0C300C110BF10BD10BB00B8F0B6D0B4C0B290B070AE40AC10A9E0A7A0A5700
:203480000A330A0F09EB09C709A3097E095A0936091208ED08C908A50882085E083A08175E
:2034900007F407D107AE078C076A07480727070606E506C406A4068406650646062706092A
:2034A00005EB05CE05B105950578055D05420527050C04F304D904C004A7048F04770460E1
:2034B00004490433041D040703F203DD03C903B503A1038E037B03690357034503340323D5
:2034C0000313030202F302E302D402C502B602A8029A028D027F027202660259024D024183
:2034D0000235022A021F0214020901FF01F501EB01E101D701CE01C501BC01B301AB01A246
:2034E000019A0192018B0183017C0174016D0166015F01590152014C01460140013A013475
:2034F000012E01280123011E01180113010E010A0105010000FB00F700F300EE00EA00E630
:2035000000E200DE00DA00D600D300CF00CB00C800C500C100BE00BB00B800B500B200AF39
:2035100000AC00A900A600A300A1009E009C00990002000000000002000000010002000082
:20352000000200020000000300020000000500020000000600020000000700020000000862
:2035300000020000000900020001000000020001000100020001000200020001000500025A
:2035400000010006000200010007000200010008000200010009000200020000000200023B
:2035500000080002000300070002000300080002000300090002000400000002000400011F
:2035600000020001000600020001000300020001000400020000000000020000000000022F
:20357000000000000002000000000002000000000002000000000002000000000002000031
:20358000000000020000000000020000000000020000000000020000000000020000000021
:203590000002000000010002000000040008000800080005000600020006000100060006DA
:2035A000000400320008000F00050005000700060003000300030005000B0005000B000B73
:2035B000000700060004000400040005000500060006000500040004000400030011001A8D
:2035C00000050007000400040004000600040004000400060004000600060006000400049D
:2035D0000006000600060008000900060006000A000A00040004000500080007000900096A
:2035E00000050009000500090005000600080006000B000900070006000800060007000759
:2035F0000005000900090008000600090007000800080005000700090009000B000A00063D
:203600000007000A000700060073003B0007000500020DE80DCF0DB50D9B0D7F0D630D4646
:203610000D280D0A0CEA0CCA0CAA0C880C660C430C200BFC0BD70BB10B8C0B650B3E0B1734
:203620000AEF0AC70A9F0A760A4D0A2309FA09D009A6097C0952092808FE08D408AB088159
:203630000857082E080507DC07B3078B0763073B071406ED06C706A1067C06570633060F4E
:2036400005EB05C905A60585056405430523050404E504C704AA048D047004540439041F76
:20365000040503EB03D203BA03A2038B0375035F03490334031F02F802E502D202C002AEF8
:20366000029D028D027C026C025D024E023F023102230215020801FB01EF01E201D700031D
:20367000002600260026000300180019001F000300180019000F00030026000A000C0003F0
:20368000000B000A001D0003000C0011000C00030026000C001F0003000F0015001F00032F
:20369000000C0011001C0003000B000C000C0003000B000C001F00030015000B0019000343
:2036A000000B000E00190003000B0016001C00030026000B0015000300180019001C0003FC
:2036B000000B001E001F0003000B000B001F000300190014001600030018001900160003E7
:2036C000000B001600260003000B0016001F0003000B001600190003000B001600180003E4
:2036D00000180019001F000300260001000000030026000200000003002600030000000306
:2036E000002600040000000300260005000000030026000600000003002600070000000310
:2036F00000260008000000030026000900000003000100000000000300010001000000034E
:2037000000010002000000030001000300000003000100040000000300010005000000038B
:2037100000010006000000030001000700000003000100080000000300010009000000036B
:20372000000200000000006900A0006E009000880578038419640FA004B000000000000014
:2037300000020002003200320014000100000001000100010001000000010000FFFF0000F9
:2037400000000092003C0078001E0000FFFFFFFFFFFFFFFFFFFFFFFF000000000000000011
:2037500000000000000000000000000000000000000000000073000000000087000000015E
:203760000001001E0001007300000078001E0004FFFFFFFFFFFFFFFFFFFFAAAA000000D200
:20377000014A00DC012001100578038419640FA004B0000000000000000200020032003294
:203780000014000100000001000100010001000000010000FFFF000000000124003C007838
:20379000001E0000FFFFFFFFFFFFFFFFFFFFFFFF0000000000000000000000000000000007
:2037A00000000000000000000000000000E600000000010E000000010001001E000100E60D
:2037B000000000F0001E0004FFFFFFFFFFFFFFFFFFFFAAAA000001A4027601B80240022063
:2037C0000578038419640FA004B00000000000000002000200320032001400010000000187
:2037D000000100010001000000010000FFFF000000000248003C0078001E0000FFFFFFFFBF
:2037E000FFFFFFFFFFFFFFFF000000000000000000000000000000000000000000000000D1
:2037F0000000000001CC00000000021C000000010001001E000101CC000001E0001E0004DD
:20380000FFFFFFFFFFFFFFFFFFFFAAAA0000006900A0006E009000880578038419640FA09F
:2038100004B000000000000000020002003C003C001400010000000100010001000100004F
:2038200000010000FFFF000000000092003C0078001E0000FFFFFFFFFFFFFFFFFFFFFFFF31
:20383000000000000000000000000000000000000000000000000000000000000073000005
:2038400000000087000000010001001E0001007300000078001E0004FFFFFFFFFFFFFFFFBB
:20385000FFFFAAAA000000D2014A00DC012001100578038419640FA004B0000000000000F7
:2038600000020002003200320014000100000001000100010001000000010000FFFF0000C8
:2038700000000124003C0078001E0000FFFFFFFFFFFFFFFFFFFFFFFF00000000000000004D
:20388000000000000000000000000000000000000000000000E600000000010E0000000132
:203890000001001E000100E6000000F0001E0004FFFFFFFFFFFFFFFFFFFFAAAA000001A411
:2038A000027601B8024002200578038419640FA004B0000000000000000200020032003227
:2038B0000014000100000001000100010001000000010000FFFF000000000248003C0078E2
:2038C000001E0000FFFFFFFFFFFFFFFFFFFFFFFF00000000000000000000000000000000D6
:2038D00000000000000000000000000001CC00000000021C000000010001001E000101CCFF
:2038E000000001E0001E0004FFFFFFFFFFFFFFFFFFFFAAAA0000006000610062006700668B
:2038F0000064006500580059005A005F005E005C005D005000510052005700560054005525
:203900000008000C000E000F000A0009000D0010001400160017001200110015002000218C
:203910000022001F001E001C001D00280029002A0027002600240025003000310032002F2C
:20392000002E002C002D0003000F001E0015000300010002000000030001000200030003A9
:2039300000010002000500030001000200080003000100030000000300010003000300034D
:20394000000100030005000300010003000800030001000400000003000100040003000339
:203950000001000400050003000F001E0015000300020004000000030002000400050003EE
:20396000000200050000000300020005000500030002000600000003000200060005000313
:203970000002000700000003000200070005000300020008000000030002000800050003FB
:203980000002000900000003000F001E001500030026000400080003002600040009000369
:20399000002600050000000300260005000100030026000500020003002600050003000359
:2039A000002600050004000300260005000500030026000500060003002600050007000339
:2039B00000260005000800030026000100110003002600020011000300260003001100030D
:2039C0000026000400110003002600050011000300260006001100030026000700110003E9
:2039D000002600080011000300260009001100030001000000110003000100010011000327
:2039E0000001000200110003000A001E001D000300260026000000030026000100000003EF
:2039F0000026000200000003002600040000000300260006000000030026000900000003FE
:203A0000000100020000000300010005000000030001000800000003000200010000000385
:203A1000000200040000000300010001000000030001000100030003000100010005000376
:203A200000010001000800030001000200000003000100020003000300010002000500035F
:203A300000010002000800030001000300000003000100030003000300010003000500034B
:203A400000020002000000030002000200050003000200030000000300020003000500033E
:203A5000000200040000000300020004000500030002000500000003000200050005000326
:203A60000002000600000003000200060005000300020007000000030026000400040003EE
:203A7000002600040005000300260004000600030026000400070003002600040008000368
:203A8000002600040009000300260005000000030026000500010003002600050002000363
:203A90000026000500030003002600050004000300010001000000030001000100030003A6
:203AA0000001000100050003000100010008000300010002000000030001000200030003E0
:203AB0000001000200050003000100020008000300010003000000030001000300030003CC
:203AC0000001000300050003000200020000000300020002000500030002000300000003BF
:203AD0000002000300050003000200040000000300020004000500030002000500000003A8
:203AE000000200050005000300020006000000030002000600050003000200070000000390
:203AF0000026000400040003002600040005000300260004000600030026000400070003EC
:203B00000026000400080003002600040009000300260005000000030026000500010003DD
:203B10000026000500020003002600050003000300260005000408000800080008000800DD
:203B20000AF007080A8C076C14B4125C145012C0151811F814E6122A08000800021C09C4A0
:203B30000230080000E60000032002EE032002EE032002EE0000000000000000000000001C
:203B400000000000000000000000003F0006005B004F0066006D007D0007007F006F0077BA
:203B5000007C0039005E00790071003D00760030001E0070003800540037003F007300670B
:203B60000070006D0078003E0062001C0064006E005B004000460000000300260026000032
:203B7000000300260001000000030026000200000003002600030000000300260004000087
:203B8000000300260005000000030026000600000003002600070000000300260008000067
:203B90000004000300040002000400030004000200030003000400020004000300040002E2
:203BA0000004000300040002000400030004000200040003000400020004000300040002D1
:203BB0000003000300040002000400030004000200030003000400020004000300040002C3
:203BC0000004000300040002000400030004000200040003000400020004000300040002B1
:203BD00000000800080008000800FFFFFFFFFFFFFFFF040000000000000008000000555507
:203BE000000EFFFF08000800080008000000000100000002000000000000AAAA000000033F
:203BF000001C000B001E00030026000C001F0003000F0015001F0003000C0018001F00038D
:203C00000026000E001F0001000D002600260002000E001A0026000300260001000D00036D
:203C100000260003000D000300260007000D000300010005000D000300030000000D0003F5
:203C200000060000000D000300090000000D0003001C0012001000030019000A00150003D9
:203C30000003001900010003000300190002000300030019000300030002001900010003F2
:203C40000002001900020003002600000001000300260000000200030026000000030003C3
:203C5000002600000004000300260000000500030026000000060003002600260026000355
:203C6000000D000C0012000300180019001F00030014001900120003000C00110019000348
:203C7000002600010000000300260002000000030026000300000003002600040000000386
:203C8000002600050000000300260000000100030026000000020003002600000003000375
:203C90000026000000040003000A001000160003000F0015000D0003001E001C000E000335
:203CA00000150012000B0003001E001D0012000300260019001F00030019000A001E0003DA
:203CB0000019001F0018000200000000000200000001000200000002000200000003000294
:203CC000000000040003000A001E001D00030002001C001D00030003001C001D0003001EFA
:203CD000001D0012000300260019001F0003000B000A001D000300170018001B0003001CA3
:203CE000000E00170003001C000D001C000300010001000000030001000200000003000148
:203CF000000200070003000A001900150003001E0019001C0003001C001800150003001EAD
:203D0000001D0012000300160017001D0003000B0016001C0003000B0016000D0003000BA8
:203D10000016000E0003000D000D001C0003000D000E00170003000D0012001C0003000EB2
:203D20000017000A0003000A000D001C0003000A000E00170003000E000D001C0003000EAF
:203D3000000E00170003000F000D001C0003000F000E001700030026000500000003002685
:203D4000000600000003000A0018000F0003000A0018001700030015001B000D0003001595
:203D5000001B000E0003001D001B000D0003001D001B000E000300180018000F000300183C
:203D6000001800170056004F004C00560035004B000000030019001C00200003000E001CC8
:1A3D7000000C0004000200020002000400030004000200010071000400029E
:203D7E00EF6D003DEF8F003DF322003DEFA7003DEFDF003DF322003DF322003DF322003DAB
:203D8E00F322003DF017003DF037003DF045003DF053003DF063003DF071003DF0B4003D1A
:203D9E00F322003DF0C4003DF0E6003DF0F4003DF102003DF110003DF11E003DF12C003D7A
:203DAE00F13A003DF148003DF156003DF164003DF188003DF196003DF1AE003DF1DC003DA1
:203DBE00F1EE003DF200003DF20E003DF240003DF24E003DF25C003DF276003DF284003D8E
:203DCE00F292003DF2A2003DF2AE003DF2C8003DF2E5003DF2EF003DF303003DF30F003DCB
:203DDE00F382003DF38B003DF394003DF39D003DF3A6003DF3AF003DF6E8003DF6E8003DDC
:203DEE00F6E8003DF6E8003DF6E8003DF3BB003DF3CC003DF3D4003DF41B003DF45A003DA2
:203DFE00F52C003DF54F003DF55D003DF564003DF570003DF584003DF58E003DF59B003DBC
:203E0E00F5D8003DF5FB003DF608003DF640003DF661003DF6E8003DF670003DF68D003D9D
:203E1E00F6E8003DF69A003DF6B7003DF6E8003DF6C8003DF707003DF70E003DF716003DD5
:203E2E00F71E003DF725003DF72C003DF733003DF73A003DF741003DF748003DF74F003D20
:203E3E00F756003DF75D003DF766003DF76D003DF772003DF77A003DF77F003DF784003D4F
:143E4E00F789003DF78E003DF793003DF798003DF79D003D7D
:203EFE00561F8D007029762228C00068761A9A00D50028A403FFF7A496858F40078028A47C
:203F0E00007FF7A496858F40800028A41FFFF7A496858F40A00028A41FFFF7A496858F4091
:1E3F1E00C00028A41FFFF7A4968558A95DA95CA92BBD28BD0A0B76007613007E682E24
:023FFE00AAAA6D
:047FF600007F3EFECC
:107FF800FFFFFFFFFFFFFFFFFFFFFFFFFFFFFFFF89
:00000001FF
