TMS320C2000 Assembler PC v6.1.0 Fri Feb 14 09:23:41 2020

Tools Copyright (c) 1996-2012 Texas Instruments Incorporated
F:/Work/Code Area/Combis/Bootloader/Example_Flash2806x_API21_Combi/Example_Flash2806x_API21_Combi/Example_Flash2806x_API/Debug/Example_Flash2806x_GlobalVariableDefs.asm PAGE    1

       1              ;***************************************************************
       2              ;* TMS320C2000 C/C++ Codegen                         PC v6.1.0 *
       3              ;* Date/Time created: Fri Feb 14 09:23:41 2020                 *
       4              ;***************************************************************
       5                      .compiler_opts --hll_source=on --mem_model:code=flat --mem_model:data=large --object_format=coff --si
       6        0002  FP      .set    XAR2
       7              
       8              $C$DW$CU        .dwtag  DW_TAG_compile_unit
       9                      .dwattr $C$DW$CU, DW_AT_name("../Example_Flash2806x_GlobalVariableDefs.c")
      10                      .dwattr $C$DW$CU, DW_AT_producer("TMS320C2000 C/C++ Codegen PC v6.1.0 Copyright (c) 1996-2012 Texas I
      11                      .dwattr $C$DW$CU, DW_AT_TI_version(0x01)
      12                      .dwattr $C$DW$CU, DW_AT_comp_dir("F:\Work\Code Area\Combis\Bootloader\Example_Flash2806x_API21_Combi\
      13                      .global _FlashRegs
      14 00000000       _FlashRegs:     .usect  "FlashRegsFile",8,1,0
      15              $C$DW$1 .dwtag  DW_TAG_variable, DW_AT_name("FlashRegs")
      16                      .dwattr $C$DW$1, DW_AT_TI_symbol_name("_FlashRegs")
      17                      .dwattr $C$DW$1, DW_AT_location[DW_OP_addr _FlashRegs]
      18                      .dwattr $C$DW$1, DW_AT_type(*$C$DW$T$115)
      19                      .dwattr $C$DW$1, DW_AT_external
      20                      .global _CsmPwl
      21 00000000       _CsmPwl:        .usect  "CsmPwlFile",8,1,0
      22              $C$DW$2 .dwtag  DW_TAG_variable, DW_AT_name("CsmPwl")
      23                      .dwattr $C$DW$2, DW_AT_TI_symbol_name("_CsmPwl")
      24                      .dwattr $C$DW$2, DW_AT_location[DW_OP_addr _CsmPwl]
      25                      .dwattr $C$DW$2, DW_AT_type(*$C$DW$T$113)
      26                      .dwattr $C$DW$2, DW_AT_external
      27                      .global _SciaRegs
      28 00000000       _SciaRegs:      .usect  "SciaRegsFile",16,1,0
      29              $C$DW$3 .dwtag  DW_TAG_variable, DW_AT_name("SciaRegs")
      30                      .dwattr $C$DW$3, DW_AT_TI_symbol_name("_SciaRegs")
      31                      .dwattr $C$DW$3, DW_AT_location[DW_OP_addr _SciaRegs]
      32                      .dwattr $C$DW$3, DW_AT_type(*$C$DW$T$118)
      33                      .dwattr $C$DW$3, DW_AT_external
      34                      .global _CsmRegs
      35 00000000       _CsmRegs:       .usect  "CsmRegsFile",16,1,0
      36              $C$DW$4 .dwtag  DW_TAG_variable, DW_AT_name("CsmRegs")
      37                      .dwattr $C$DW$4, DW_AT_TI_symbol_name("_CsmRegs")
      38                      .dwattr $C$DW$4, DW_AT_location[DW_OP_addr _CsmRegs]
      39                      .dwattr $C$DW$4, DW_AT_type(*$C$DW$T$114)
      40                      .dwattr $C$DW$4, DW_AT_external
      41                      .global _ScibRegs
      42 00000000       _ScibRegs:      .usect  "ScibRegsFile",16,1,0
      43              $C$DW$5 .dwtag  DW_TAG_variable, DW_AT_name("ScibRegs")
      44                      .dwattr $C$DW$5, DW_AT_TI_symbol_name("_ScibRegs")
      45                      .dwattr $C$DW$5, DW_AT_location[DW_OP_addr _ScibRegs]
      46                      .dwattr $C$DW$5, DW_AT_type(*$C$DW$T$118)
      47                      .dwattr $C$DW$5, DW_AT_external
      48                      .global _GpioDataRegs
      49 00000000       _GpioDataRegs:  .usect  "GpioDataRegsFile",32,1,1
      50              $C$DW$6 .dwtag  DW_TAG_variable, DW_AT_name("GpioDataRegs")
      51                      .dwattr $C$DW$6, DW_AT_TI_symbol_name("_GpioDataRegs")
      52                      .dwattr $C$DW$6, DW_AT_location[DW_OP_addr _GpioDataRegs]
      53                      .dwattr $C$DW$6, DW_AT_type(*$C$DW$T$117)
      54                      .dwattr $C$DW$6, DW_AT_external
      55                      .global _SysCtrlRegs
TMS320C2000 Assembler PC v6.1.0 Fri Feb 14 09:23:41 2020

Tools Copyright (c) 1996-2012 Texas Instruments Incorporated
F:/Work/Code Area/Combis/Bootloader/Example_Flash2806x_API21_Combi/Example_Flash2806x_API21_Combi/Example_Flash2806x_API/Debug/Example_Flash2806x_GlobalVariableDefs.asm PAGE    2

      56 00000000       _SysCtrlRegs:   .usect  "SysCtrlRegsFile",48,1,0
      57              $C$DW$7 .dwtag  DW_TAG_variable, DW_AT_name("SysCtrlRegs")
      58                      .dwattr $C$DW$7, DW_AT_TI_symbol_name("_SysCtrlRegs")
      59                      .dwattr $C$DW$7, DW_AT_location[DW_OP_addr _SysCtrlRegs]
      60                      .dwattr $C$DW$7, DW_AT_type(*$C$DW$T$119)
      61                      .dwattr $C$DW$7, DW_AT_external
      62                      .global _GpioCtrlRegs
      63 00000000       _GpioCtrlRegs:  .usect  "GpioCtrlRegsFile",64,1,1
      64              $C$DW$8 .dwtag  DW_TAG_variable, DW_AT_name("GpioCtrlRegs")
      65                      .dwattr $C$DW$8, DW_AT_TI_symbol_name("_GpioCtrlRegs")
      66                      .dwattr $C$DW$8, DW_AT_location[DW_OP_addr _GpioCtrlRegs]
      67                      .dwattr $C$DW$8, DW_AT_type(*$C$DW$T$116)
      68                      .dwattr $C$DW$8, DW_AT_external
      69              ;       C:\ti\ccsv5\tools\compiler\c2000_6.1.0\bin\ac2000.exe -@C:\\Users\\ADMINI~1\\AppData\\Local\\Temp\\08
      70              
      71              ;***************************************************************
      72              ;* TYPE INFORMATION                                            *
      73              ;***************************************************************
      74              
      75              $C$DW$T$20      .dwtag  DW_TAG_structure_type
      76                      .dwattr $C$DW$T$20, DW_AT_name("AIODAT_BITS")
      77                      .dwattr $C$DW$T$20, DW_AT_byte_size(0x02)
      78              $C$DW$9 .dwtag  DW_TAG_member
      79                      .dwattr $C$DW$9, DW_AT_type(*$C$DW$T$19)
      80                      .dwattr $C$DW$9, DW_AT_name("rsvd1")
      81                      .dwattr $C$DW$9, DW_AT_TI_symbol_name("_rsvd1")
      82                      .dwattr $C$DW$9, DW_AT_bit_offset(0x0f), DW_AT_bit_size(0x01)
      83                      .dwattr $C$DW$9, DW_AT_data_member_location[DW_OP_plus_uconst 0x0]
      84                      .dwattr $C$DW$9, DW_AT_accessibility(DW_ACCESS_public)
      85              $C$DW$10        .dwtag  DW_TAG_member
      86                      .dwattr $C$DW$10, DW_AT_type(*$C$DW$T$19)
      87                      .dwattr $C$DW$10, DW_AT_name("rsvd2")
      88                      .dwattr $C$DW$10, DW_AT_TI_symbol_name("_rsvd2")
      89                      .dwattr $C$DW$10, DW_AT_bit_offset(0x0e), DW_AT_bit_size(0x01)
      90                      .dwattr $C$DW$10, DW_AT_data_member_location[DW_OP_plus_uconst 0x0]
      91                      .dwattr $C$DW$10, DW_AT_accessibility(DW_ACCESS_public)
      92              $C$DW$11        .dwtag  DW_TAG_member
      93                      .dwattr $C$DW$11, DW_AT_type(*$C$DW$T$19)
      94                      .dwattr $C$DW$11, DW_AT_name("AIO2")
      95                      .dwattr $C$DW$11, DW_AT_TI_symbol_name("_AIO2")
      96                      .dwattr $C$DW$11, DW_AT_bit_offset(0x0d), DW_AT_bit_size(0x01)
      97                      .dwattr $C$DW$11, DW_AT_data_member_location[DW_OP_plus_uconst 0x0]
      98                      .dwattr $C$DW$11, DW_AT_accessibility(DW_ACCESS_public)
      99              $C$DW$12        .dwtag  DW_TAG_member
     100                      .dwattr $C$DW$12, DW_AT_type(*$C$DW$T$19)
     101                      .dwattr $C$DW$12, DW_AT_name("rsvd3")
     102                      .dwattr $C$DW$12, DW_AT_TI_symbol_name("_rsvd3")
     103                      .dwattr $C$DW$12, DW_AT_bit_offset(0x0c), DW_AT_bit_size(0x01)
     104                      .dwattr $C$DW$12, DW_AT_data_member_location[DW_OP_plus_uconst 0x0]
     105                      .dwattr $C$DW$12, DW_AT_accessibility(DW_ACCESS_public)
     106              $C$DW$13        .dwtag  DW_TAG_member
     107                      .dwattr $C$DW$13, DW_AT_type(*$C$DW$T$19)
     108                      .dwattr $C$DW$13, DW_AT_name("AIO4")
     109                      .dwattr $C$DW$13, DW_AT_TI_symbol_name("_AIO4")
     110                      .dwattr $C$DW$13, DW_AT_bit_offset(0x0b), DW_AT_bit_size(0x01)
TMS320C2000 Assembler PC v6.1.0 Fri Feb 14 09:23:41 2020

Tools Copyright (c) 1996-2012 Texas Instruments Incorporated
F:/Work/Code Area/Combis/Bootloader/Example_Flash2806x_API21_Combi/Example_Flash2806x_API21_Combi/Example_Flash2806x_API/Debug/Example_Flash2806x_GlobalVariableDefs.asm PAGE    3

     111                      .dwattr $C$DW$13, DW_AT_data_member_location[DW_OP_plus_uconst 0x0]
     112                      .dwattr $C$DW$13, DW_AT_accessibility(DW_ACCESS_public)
     113              $C$DW$14        .dwtag  DW_TAG_member
     114                      .dwattr $C$DW$14, DW_AT_type(*$C$DW$T$19)
     115                      .dwattr $C$DW$14, DW_AT_name("rsvd4")
     116                      .dwattr $C$DW$14, DW_AT_TI_symbol_name("_rsvd4")
     117                      .dwattr $C$DW$14, DW_AT_bit_offset(0x0a), DW_AT_bit_size(0x01)
     118                      .dwattr $C$DW$14, DW_AT_data_member_location[DW_OP_plus_uconst 0x0]
     119                      .dwattr $C$DW$14, DW_AT_accessibility(DW_ACCESS_public)
     120              $C$DW$15        .dwtag  DW_TAG_member
     121                      .dwattr $C$DW$15, DW_AT_type(*$C$DW$T$19)
     122                      .dwattr $C$DW$15, DW_AT_name("AIO6")
     123                      .dwattr $C$DW$15, DW_AT_TI_symbol_name("_AIO6")
     124                      .dwattr $C$DW$15, DW_AT_bit_offset(0x09), DW_AT_bit_size(0x01)
     125                      .dwattr $C$DW$15, DW_AT_data_member_location[DW_OP_plus_uconst 0x0]
     126                      .dwattr $C$DW$15, DW_AT_accessibility(DW_ACCESS_public)
     127              $C$DW$16        .dwtag  DW_TAG_member
     128                      .dwattr $C$DW$16, DW_AT_type(*$C$DW$T$19)
     129                      .dwattr $C$DW$16, DW_AT_name("rsvd5")
     130                      .dwattr $C$DW$16, DW_AT_TI_symbol_name("_rsvd5")
     131                      .dwattr $C$DW$16, DW_AT_bit_offset(0x08), DW_AT_bit_size(0x01)
     132                      .dwattr $C$DW$16, DW_AT_data_member_location[DW_OP_plus_uconst 0x0]
     133                      .dwattr $C$DW$16, DW_AT_accessibility(DW_ACCESS_public)
     134              $C$DW$17        .dwtag  DW_TAG_member
     135                      .dwattr $C$DW$17, DW_AT_type(*$C$DW$T$19)
     136                      .dwattr $C$DW$17, DW_AT_name("rsvd6")
     137                      .dwattr $C$DW$17, DW_AT_TI_symbol_name("_rsvd6")
     138                      .dwattr $C$DW$17, DW_AT_bit_offset(0x07), DW_AT_bit_size(0x01)
     139                      .dwattr $C$DW$17, DW_AT_data_member_location[DW_OP_plus_uconst 0x0]
     140                      .dwattr $C$DW$17, DW_AT_accessibility(DW_ACCESS_public)
     141              $C$DW$18        .dwtag  DW_TAG_member
     142                      .dwattr $C$DW$18, DW_AT_type(*$C$DW$T$19)
     143                      .dwattr $C$DW$18, DW_AT_name("rsvd7")
     144                      .dwattr $C$DW$18, DW_AT_TI_symbol_name("_rsvd7")
     145                      .dwattr $C$DW$18, DW_AT_bit_offset(0x06), DW_AT_bit_size(0x01)
     146                      .dwattr $C$DW$18, DW_AT_data_member_location[DW_OP_plus_uconst 0x0]
     147                      .dwattr $C$DW$18, DW_AT_accessibility(DW_ACCESS_public)
     148              $C$DW$19        .dwtag  DW_TAG_member
     149                      .dwattr $C$DW$19, DW_AT_type(*$C$DW$T$19)
     150                      .dwattr $C$DW$19, DW_AT_name("AIO10")
     151                      .dwattr $C$DW$19, DW_AT_TI_symbol_name("_AIO10")
     152                      .dwattr $C$DW$19, DW_AT_bit_offset(0x05), DW_AT_bit_size(0x01)
     153                      .dwattr $C$DW$19, DW_AT_data_member_location[DW_OP_plus_uconst 0x0]
     154                      .dwattr $C$DW$19, DW_AT_accessibility(DW_ACCESS_public)
     155              $C$DW$20        .dwtag  DW_TAG_member
     156                      .dwattr $C$DW$20, DW_AT_type(*$C$DW$T$19)
     157                      .dwattr $C$DW$20, DW_AT_name("rsvd8")
     158                      .dwattr $C$DW$20, DW_AT_TI_symbol_name("_rsvd8")
     159                      .dwattr $C$DW$20, DW_AT_bit_offset(0x04), DW_AT_bit_size(0x01)
     160                      .dwattr $C$DW$20, DW_AT_data_member_location[DW_OP_plus_uconst 0x0]
     161                      .dwattr $C$DW$20, DW_AT_accessibility(DW_ACCESS_public)
     162              $C$DW$21        .dwtag  DW_TAG_member
     163                      .dwattr $C$DW$21, DW_AT_type(*$C$DW$T$19)
     164                      .dwattr $C$DW$21, DW_AT_name("AIO12")
     165                      .dwattr $C$DW$21, DW_AT_TI_symbol_name("_AIO12")
TMS320C2000 Assembler PC v6.1.0 Fri Feb 14 09:23:41 2020

Tools Copyright (c) 1996-2012 Texas Instruments Incorporated
F:/Work/Code Area/Combis/Bootloader/Example_Flash2806x_API21_Combi/Example_Flash2806x_API21_Combi/Example_Flash2806x_API/Debug/Example_Flash2806x_GlobalVariableDefs.asm PAGE    4

     166                      .dwattr $C$DW$21, DW_AT_bit_offset(0x03), DW_AT_bit_size(0x01)
     167                      .dwattr $C$DW$21, DW_AT_data_member_location[DW_OP_plus_uconst 0x0]
     168                      .dwattr $C$DW$21, DW_AT_accessibility(DW_ACCESS_public)
     169              $C$DW$22        .dwtag  DW_TAG_member
     170                      .dwattr $C$DW$22, DW_AT_type(*$C$DW$T$19)
     171                      .dwattr $C$DW$22, DW_AT_name("rsvd9")
     172                      .dwattr $C$DW$22, DW_AT_TI_symbol_name("_rsvd9")
     173                      .dwattr $C$DW$22, DW_AT_bit_offset(0x02), DW_AT_bit_size(0x01)
     174                      .dwattr $C$DW$22, DW_AT_data_member_location[DW_OP_plus_uconst 0x0]
     175                      .dwattr $C$DW$22, DW_AT_accessibility(DW_ACCESS_public)
     176              $C$DW$23        .dwtag  DW_TAG_member
     177                      .dwattr $C$DW$23, DW_AT_type(*$C$DW$T$19)
     178                      .dwattr $C$DW$23, DW_AT_name("AIO14")
     179                      .dwattr $C$DW$23, DW_AT_TI_symbol_name("_AIO14")
     180                      .dwattr $C$DW$23, DW_AT_bit_offset(0x01), DW_AT_bit_size(0x01)
     181                      .dwattr $C$DW$23, DW_AT_data_member_location[DW_OP_plus_uconst 0x0]
     182                      .dwattr $C$DW$23, DW_AT_accessibility(DW_ACCESS_public)
     183              $C$DW$24        .dwtag  DW_TAG_member
     184                      .dwattr $C$DW$24, DW_AT_type(*$C$DW$T$19)
     185                      .dwattr $C$DW$24, DW_AT_name("rsvd10")
     186                      .dwattr $C$DW$24, DW_AT_TI_symbol_name("_rsvd10")
     187                      .dwattr $C$DW$24, DW_AT_bit_offset(0x00), DW_AT_bit_size(0x01)
     188                      .dwattr $C$DW$24, DW_AT_data_member_location[DW_OP_plus_uconst 0x0]
     189                      .dwattr $C$DW$24, DW_AT_accessibility(DW_ACCESS_public)
     190              $C$DW$25        .dwtag  DW_TAG_member
     191                      .dwattr $C$DW$25, DW_AT_type(*$C$DW$T$19)
     192                      .dwattr $C$DW$25, DW_AT_name("rsvd11")
     193                      .dwattr $C$DW$25, DW_AT_TI_symbol_name("_rsvd11")
     194                      .dwattr $C$DW$25, DW_AT_bit_offset(0x00), DW_AT_bit_size(0x10)
     195                      .dwattr $C$DW$25, DW_AT_data_member_location[DW_OP_plus_uconst 0x1]
     196                      .dwattr $C$DW$25, DW_AT_accessibility(DW_ACCESS_public)
     197                      .dwendtag $C$DW$T$20
     198              
     199              
     200              $C$DW$T$22      .dwtag  DW_TAG_union_type
     201                      .dwattr $C$DW$T$22, DW_AT_name("AIODAT_REG")
     202                      .dwattr $C$DW$T$22, DW_AT_byte_size(0x02)
     203              $C$DW$26        .dwtag  DW_TAG_member
     204                      .dwattr $C$DW$26, DW_AT_type(*$C$DW$T$21)
     205                      .dwattr $C$DW$26, DW_AT_name("all")
     206                      .dwattr $C$DW$26, DW_AT_TI_symbol_name("_all")
     207                      .dwattr $C$DW$26, DW_AT_data_member_location[DW_OP_plus_uconst 0x0]
     208                      .dwattr $C$DW$26, DW_AT_accessibility(DW_ACCESS_public)
     209              $C$DW$27        .dwtag  DW_TAG_member
     210                      .dwattr $C$DW$27, DW_AT_type(*$C$DW$T$20)
     211                      .dwattr $C$DW$27, DW_AT_name("bit")
     212                      .dwattr $C$DW$27, DW_AT_TI_symbol_name("_bit")
     213                      .dwattr $C$DW$27, DW_AT_data_member_location[DW_OP_plus_uconst 0x0]
     214                      .dwattr $C$DW$27, DW_AT_accessibility(DW_ACCESS_public)
     215                      .dwendtag $C$DW$T$22
     216              
     217              
     218              $C$DW$T$23      .dwtag  DW_TAG_structure_type
     219                      .dwattr $C$DW$T$23, DW_AT_name("AIO_BITS")
     220                      .dwattr $C$DW$T$23, DW_AT_byte_size(0x02)
TMS320C2000 Assembler PC v6.1.0 Fri Feb 14 09:23:41 2020

Tools Copyright (c) 1996-2012 Texas Instruments Incorporated
F:/Work/Code Area/Combis/Bootloader/Example_Flash2806x_API21_Combi/Example_Flash2806x_API21_Combi/Example_Flash2806x_API/Debug/Example_Flash2806x_GlobalVariableDefs.asm PAGE    5

     221              $C$DW$28        .dwtag  DW_TAG_member
     222                      .dwattr $C$DW$28, DW_AT_type(*$C$DW$T$19)
     223                      .dwattr $C$DW$28, DW_AT_name("rsvd1")
     224                      .dwattr $C$DW$28, DW_AT_TI_symbol_name("_rsvd1")
     225                      .dwattr $C$DW$28, DW_AT_bit_offset(0x0e), DW_AT_bit_size(0x02)
     226                      .dwattr $C$DW$28, DW_AT_data_member_location[DW_OP_plus_uconst 0x0]
     227                      .dwattr $C$DW$28, DW_AT_accessibility(DW_ACCESS_public)
     228              $C$DW$29        .dwtag  DW_TAG_member
     229                      .dwattr $C$DW$29, DW_AT_type(*$C$DW$T$19)
     230                      .dwattr $C$DW$29, DW_AT_name("rsvd2")
     231                      .dwattr $C$DW$29, DW_AT_TI_symbol_name("_rsvd2")
     232                      .dwattr $C$DW$29, DW_AT_bit_offset(0x0c), DW_AT_bit_size(0x02)
     233                      .dwattr $C$DW$29, DW_AT_data_member_location[DW_OP_plus_uconst 0x0]
     234                      .dwattr $C$DW$29, DW_AT_accessibility(DW_ACCESS_public)
     235              $C$DW$30        .dwtag  DW_TAG_member
     236                      .dwattr $C$DW$30, DW_AT_type(*$C$DW$T$19)
     237                      .dwattr $C$DW$30, DW_AT_name("AIO2")
     238                      .dwattr $C$DW$30, DW_AT_TI_symbol_name("_AIO2")
     239                      .dwattr $C$DW$30, DW_AT_bit_offset(0x0a), DW_AT_bit_size(0x02)
     240                      .dwattr $C$DW$30, DW_AT_data_member_location[DW_OP_plus_uconst 0x0]
     241                      .dwattr $C$DW$30, DW_AT_accessibility(DW_ACCESS_public)
     242              $C$DW$31        .dwtag  DW_TAG_member
     243                      .dwattr $C$DW$31, DW_AT_type(*$C$DW$T$19)
     244                      .dwattr $C$DW$31, DW_AT_name("rsvd3")
     245                      .dwattr $C$DW$31, DW_AT_TI_symbol_name("_rsvd3")
     246                      .dwattr $C$DW$31, DW_AT_bit_offset(0x08), DW_AT_bit_size(0x02)
     247                      .dwattr $C$DW$31, DW_AT_data_member_location[DW_OP_plus_uconst 0x0]
     248                      .dwattr $C$DW$31, DW_AT_accessibility(DW_ACCESS_public)
     249              $C$DW$32        .dwtag  DW_TAG_member
     250                      .dwattr $C$DW$32, DW_AT_type(*$C$DW$T$19)
     251                      .dwattr $C$DW$32, DW_AT_name("AIO4")
     252                      .dwattr $C$DW$32, DW_AT_TI_symbol_name("_AIO4")
     253                      .dwattr $C$DW$32, DW_AT_bit_offset(0x06), DW_AT_bit_size(0x02)
     254                      .dwattr $C$DW$32, DW_AT_data_member_location[DW_OP_plus_uconst 0x0]
     255                      .dwattr $C$DW$32, DW_AT_accessibility(DW_ACCESS_public)
     256              $C$DW$33        .dwtag  DW_TAG_member
     257                      .dwattr $C$DW$33, DW_AT_type(*$C$DW$T$19)
     258                      .dwattr $C$DW$33, DW_AT_name("rsvd4")
     259                      .dwattr $C$DW$33, DW_AT_TI_symbol_name("_rsvd4")
     260                      .dwattr $C$DW$33, DW_AT_bit_offset(0x04), DW_AT_bit_size(0x02)
     261                      .dwattr $C$DW$33, DW_AT_data_member_location[DW_OP_plus_uconst 0x0]
     262                      .dwattr $C$DW$33, DW_AT_accessibility(DW_ACCESS_public)
     263              $C$DW$34        .dwtag  DW_TAG_member
     264                      .dwattr $C$DW$34, DW_AT_type(*$C$DW$T$19)
     265                      .dwattr $C$DW$34, DW_AT_name("AIO6")
     266                      .dwattr $C$DW$34, DW_AT_TI_symbol_name("_AIO6")
     267                      .dwattr $C$DW$34, DW_AT_bit_offset(0x02), DW_AT_bit_size(0x02)
     268                      .dwattr $C$DW$34, DW_AT_data_member_location[DW_OP_plus_uconst 0x0]
     269                      .dwattr $C$DW$34, DW_AT_accessibility(DW_ACCESS_public)
     270              $C$DW$35        .dwtag  DW_TAG_member
     271                      .dwattr $C$DW$35, DW_AT_type(*$C$DW$T$19)
     272                      .dwattr $C$DW$35, DW_AT_name("rsvd5")
     273                      .dwattr $C$DW$35, DW_AT_TI_symbol_name("_rsvd5")
     274                      .dwattr $C$DW$35, DW_AT_bit_offset(0x00), DW_AT_bit_size(0x02)
     275                      .dwattr $C$DW$35, DW_AT_data_member_location[DW_OP_plus_uconst 0x0]
TMS320C2000 Assembler PC v6.1.0 Fri Feb 14 09:23:41 2020

Tools Copyright (c) 1996-2012 Texas Instruments Incorporated
F:/Work/Code Area/Combis/Bootloader/Example_Flash2806x_API21_Combi/Example_Flash2806x_API21_Combi/Example_Flash2806x_API/Debug/Example_Flash2806x_GlobalVariableDefs.asm PAGE    6

     276                      .dwattr $C$DW$35, DW_AT_accessibility(DW_ACCESS_public)
     277              $C$DW$36        .dwtag  DW_TAG_member
     278                      .dwattr $C$DW$36, DW_AT_type(*$C$DW$T$19)
     279                      .dwattr $C$DW$36, DW_AT_name("rsvd6")
     280                      .dwattr $C$DW$36, DW_AT_TI_symbol_name("_rsvd6")
     281                      .dwattr $C$DW$36, DW_AT_bit_offset(0x0e), DW_AT_bit_size(0x02)
     282                      .dwattr $C$DW$36, DW_AT_data_member_location[DW_OP_plus_uconst 0x1]
     283                      .dwattr $C$DW$36, DW_AT_accessibility(DW_ACCESS_public)
     284              $C$DW$37        .dwtag  DW_TAG_member
     285                      .dwattr $C$DW$37, DW_AT_type(*$C$DW$T$19)
     286                      .dwattr $C$DW$37, DW_AT_name("rsvd7")
     287                      .dwattr $C$DW$37, DW_AT_TI_symbol_name("_rsvd7")
     288                      .dwattr $C$DW$37, DW_AT_bit_offset(0x0c), DW_AT_bit_size(0x02)
     289                      .dwattr $C$DW$37, DW_AT_data_member_location[DW_OP_plus_uconst 0x1]
     290                      .dwattr $C$DW$37, DW_AT_accessibility(DW_ACCESS_public)
     291              $C$DW$38        .dwtag  DW_TAG_member
     292                      .dwattr $C$DW$38, DW_AT_type(*$C$DW$T$19)
     293                      .dwattr $C$DW$38, DW_AT_name("AIO10")
     294                      .dwattr $C$DW$38, DW_AT_TI_symbol_name("_AIO10")
     295                      .dwattr $C$DW$38, DW_AT_bit_offset(0x0a), DW_AT_bit_size(0x02)
     296                      .dwattr $C$DW$38, DW_AT_data_member_location[DW_OP_plus_uconst 0x1]
     297                      .dwattr $C$DW$38, DW_AT_accessibility(DW_ACCESS_public)
     298              $C$DW$39        .dwtag  DW_TAG_member
     299                      .dwattr $C$DW$39, DW_AT_type(*$C$DW$T$19)
     300                      .dwattr $C$DW$39, DW_AT_name("rsvd8")
     301                      .dwattr $C$DW$39, DW_AT_TI_symbol_name("_rsvd8")
     302                      .dwattr $C$DW$39, DW_AT_bit_offset(0x08), DW_AT_bit_size(0x02)
     303                      .dwattr $C$DW$39, DW_AT_data_member_location[DW_OP_plus_uconst 0x1]
     304                      .dwattr $C$DW$39, DW_AT_accessibility(DW_ACCESS_public)
     305              $C$DW$40        .dwtag  DW_TAG_member
     306                      .dwattr $C$DW$40, DW_AT_type(*$C$DW$T$19)
     307                      .dwattr $C$DW$40, DW_AT_name("AIO12")
     308                      .dwattr $C$DW$40, DW_AT_TI_symbol_name("_AIO12")
     309                      .dwattr $C$DW$40, DW_AT_bit_offset(0x06), DW_AT_bit_size(0x02)
     310                      .dwattr $C$DW$40, DW_AT_data_member_location[DW_OP_plus_uconst 0x1]
     311                      .dwattr $C$DW$40, DW_AT_accessibility(DW_ACCESS_public)
     312              $C$DW$41        .dwtag  DW_TAG_member
     313                      .dwattr $C$DW$41, DW_AT_type(*$C$DW$T$19)
     314                      .dwattr $C$DW$41, DW_AT_name("rsvd9")
     315                      .dwattr $C$DW$41, DW_AT_TI_symbol_name("_rsvd9")
     316                      .dwattr $C$DW$41, DW_AT_bit_offset(0x04), DW_AT_bit_size(0x02)
     317                      .dwattr $C$DW$41, DW_AT_data_member_location[DW_OP_plus_uconst 0x1]
     318                      .dwattr $C$DW$41, DW_AT_accessibility(DW_ACCESS_public)
     319              $C$DW$42        .dwtag  DW_TAG_member
     320                      .dwattr $C$DW$42, DW_AT_type(*$C$DW$T$19)
     321                      .dwattr $C$DW$42, DW_AT_name("AIO14")
     322                      .dwattr $C$DW$42, DW_AT_TI_symbol_name("_AIO14")
     323                      .dwattr $C$DW$42, DW_AT_bit_offset(0x02), DW_AT_bit_size(0x02)
     324                      .dwattr $C$DW$42, DW_AT_data_member_location[DW_OP_plus_uconst 0x1]
     325                      .dwattr $C$DW$42, DW_AT_accessibility(DW_ACCESS_public)
     326              $C$DW$43        .dwtag  DW_TAG_member
     327                      .dwattr $C$DW$43, DW_AT_type(*$C$DW$T$19)
     328                      .dwattr $C$DW$43, DW_AT_name("rsvd10")
     329                      .dwattr $C$DW$43, DW_AT_TI_symbol_name("_rsvd10")
     330                      .dwattr $C$DW$43, DW_AT_bit_offset(0x00), DW_AT_bit_size(0x02)
TMS320C2000 Assembler PC v6.1.0 Fri Feb 14 09:23:41 2020

Tools Copyright (c) 1996-2012 Texas Instruments Incorporated
F:/Work/Code Area/Combis/Bootloader/Example_Flash2806x_API21_Combi/Example_Flash2806x_API21_Combi/Example_Flash2806x_API/Debug/Example_Flash2806x_GlobalVariableDefs.asm PAGE    7

     331                      .dwattr $C$DW$43, DW_AT_data_member_location[DW_OP_plus_uconst 0x1]
     332                      .dwattr $C$DW$43, DW_AT_accessibility(DW_ACCESS_public)
     333                      .dwendtag $C$DW$T$23
     334              
     335              
     336              $C$DW$T$24      .dwtag  DW_TAG_union_type
     337                      .dwattr $C$DW$T$24, DW_AT_name("AIO_REG")
     338                      .dwattr $C$DW$T$24, DW_AT_byte_size(0x02)
     339              $C$DW$44        .dwtag  DW_TAG_member
     340                      .dwattr $C$DW$44, DW_AT_type(*$C$DW$T$21)
     341                      .dwattr $C$DW$44, DW_AT_name("all")
     342                      .dwattr $C$DW$44, DW_AT_TI_symbol_name("_all")
     343                      .dwattr $C$DW$44, DW_AT_data_member_location[DW_OP_plus_uconst 0x0]
     344                      .dwattr $C$DW$44, DW_AT_accessibility(DW_ACCESS_public)
     345              $C$DW$45        .dwtag  DW_TAG_member
     346                      .dwattr $C$DW$45, DW_AT_type(*$C$DW$T$23)
     347                      .dwattr $C$DW$45, DW_AT_name("bit")
     348                      .dwattr $C$DW$45, DW_AT_TI_symbol_name("_bit")
     349                      .dwattr $C$DW$45, DW_AT_data_member_location[DW_OP_plus_uconst 0x0]
     350                      .dwattr $C$DW$45, DW_AT_accessibility(DW_ACCESS_public)
     351                      .dwendtag $C$DW$T$24
     352              
     353              
     354              $C$DW$T$25      .dwtag  DW_TAG_structure_type
     355                      .dwattr $C$DW$T$25, DW_AT_name("CLKCTL_BITS")
     356                      .dwattr $C$DW$T$25, DW_AT_byte_size(0x01)
     357              $C$DW$46        .dwtag  DW_TAG_member
     358                      .dwattr $C$DW$46, DW_AT_type(*$C$DW$T$19)
     359                      .dwattr $C$DW$46, DW_AT_name("OSCCLKSRCSEL")
     360                      .dwattr $C$DW$46, DW_AT_TI_symbol_name("_OSCCLKSRCSEL")
     361                      .dwattr $C$DW$46, DW_AT_bit_offset(0x0f), DW_AT_bit_size(0x01)
     362                      .dwattr $C$DW$46, DW_AT_data_member_location[DW_OP_plus_uconst 0x0]
     363                      .dwattr $C$DW$46, DW_AT_accessibility(DW_ACCESS_public)
     364              $C$DW$47        .dwtag  DW_TAG_member
     365                      .dwattr $C$DW$47, DW_AT_type(*$C$DW$T$19)
     366                      .dwattr $C$DW$47, DW_AT_name("OSCCLKSRC2SEL")
     367                      .dwattr $C$DW$47, DW_AT_TI_symbol_name("_OSCCLKSRC2SEL")
     368                      .dwattr $C$DW$47, DW_AT_bit_offset(0x0e), DW_AT_bit_size(0x01)
     369                      .dwattr $C$DW$47, DW_AT_data_member_location[DW_OP_plus_uconst 0x0]
     370                      .dwattr $C$DW$47, DW_AT_accessibility(DW_ACCESS_public)
     371              $C$DW$48        .dwtag  DW_TAG_member
     372                      .dwattr $C$DW$48, DW_AT_type(*$C$DW$T$19)
     373                      .dwattr $C$DW$48, DW_AT_name("WDCLKSRCSEL")
     374                      .dwattr $C$DW$48, DW_AT_TI_symbol_name("_WDCLKSRCSEL")
     375                      .dwattr $C$DW$48, DW_AT_bit_offset(0x0d), DW_AT_bit_size(0x01)
     376                      .dwattr $C$DW$48, DW_AT_data_member_location[DW_OP_plus_uconst 0x0]
     377                      .dwattr $C$DW$48, DW_AT_accessibility(DW_ACCESS_public)
     378              $C$DW$49        .dwtag  DW_TAG_member
     379                      .dwattr $C$DW$49, DW_AT_type(*$C$DW$T$19)
     380                      .dwattr $C$DW$49, DW_AT_name("TMR2CLKSRCSEL")
     381                      .dwattr $C$DW$49, DW_AT_TI_symbol_name("_TMR2CLKSRCSEL")
     382                      .dwattr $C$DW$49, DW_AT_bit_offset(0x0b), DW_AT_bit_size(0x02)
     383                      .dwattr $C$DW$49, DW_AT_data_member_location[DW_OP_plus_uconst 0x0]
     384                      .dwattr $C$DW$49, DW_AT_accessibility(DW_ACCESS_public)
     385              $C$DW$50        .dwtag  DW_TAG_member
TMS320C2000 Assembler PC v6.1.0 Fri Feb 14 09:23:41 2020

Tools Copyright (c) 1996-2012 Texas Instruments Incorporated
F:/Work/Code Area/Combis/Bootloader/Example_Flash2806x_API21_Combi/Example_Flash2806x_API21_Combi/Example_Flash2806x_API/Debug/Example_Flash2806x_GlobalVariableDefs.asm PAGE    8

     386                      .dwattr $C$DW$50, DW_AT_type(*$C$DW$T$19)
     387                      .dwattr $C$DW$50, DW_AT_name("TMR2CLKPRESCALE")
     388                      .dwattr $C$DW$50, DW_AT_TI_symbol_name("_TMR2CLKPRESCALE")
     389                      .dwattr $C$DW$50, DW_AT_bit_offset(0x08), DW_AT_bit_size(0x03)
     390                      .dwattr $C$DW$50, DW_AT_data_member_location[DW_OP_plus_uconst 0x0]
     391                      .dwattr $C$DW$50, DW_AT_accessibility(DW_ACCESS_public)
     392              $C$DW$51        .dwtag  DW_TAG_member
     393                      .dwattr $C$DW$51, DW_AT_type(*$C$DW$T$19)
     394                      .dwattr $C$DW$51, DW_AT_name("INTOSC1OFF")
     395                      .dwattr $C$DW$51, DW_AT_TI_symbol_name("_INTOSC1OFF")
     396                      .dwattr $C$DW$51, DW_AT_bit_offset(0x07), DW_AT_bit_size(0x01)
     397                      .dwattr $C$DW$51, DW_AT_data_member_location[DW_OP_plus_uconst 0x0]
     398                      .dwattr $C$DW$51, DW_AT_accessibility(DW_ACCESS_public)
     399              $C$DW$52        .dwtag  DW_TAG_member
     400                      .dwattr $C$DW$52, DW_AT_type(*$C$DW$T$19)
     401                      .dwattr $C$DW$52, DW_AT_name("INTOSC1HALTI")
     402                      .dwattr $C$DW$52, DW_AT_TI_symbol_name("_INTOSC1HALTI")
     403                      .dwattr $C$DW$52, DW_AT_bit_offset(0x06), DW_AT_bit_size(0x01)
     404                      .dwattr $C$DW$52, DW_AT_data_member_location[DW_OP_plus_uconst 0x0]
     405                      .dwattr $C$DW$52, DW_AT_accessibility(DW_ACCESS_public)
     406              $C$DW$53        .dwtag  DW_TAG_member
     407                      .dwattr $C$DW$53, DW_AT_type(*$C$DW$T$19)
     408                      .dwattr $C$DW$53, DW_AT_name("INTOSC2OFF")
     409                      .dwattr $C$DW$53, DW_AT_TI_symbol_name("_INTOSC2OFF")
     410                      .dwattr $C$DW$53, DW_AT_bit_offset(0x05), DW_AT_bit_size(0x01)
     411                      .dwattr $C$DW$53, DW_AT_data_member_location[DW_OP_plus_uconst 0x0]
     412                      .dwattr $C$DW$53, DW_AT_accessibility(DW_ACCESS_public)
     413              $C$DW$54        .dwtag  DW_TAG_member
     414                      .dwattr $C$DW$54, DW_AT_type(*$C$DW$T$19)
     415                      .dwattr $C$DW$54, DW_AT_name("INTOSC2HALTI")
     416                      .dwattr $C$DW$54, DW_AT_TI_symbol_name("_INTOSC2HALTI")
     417                      .dwattr $C$DW$54, DW_AT_bit_offset(0x04), DW_AT_bit_size(0x01)
     418                      .dwattr $C$DW$54, DW_AT_data_member_location[DW_OP_plus_uconst 0x0]
     419                      .dwattr $C$DW$54, DW_AT_accessibility(DW_ACCESS_public)
     420              $C$DW$55        .dwtag  DW_TAG_member
     421                      .dwattr $C$DW$55, DW_AT_type(*$C$DW$T$19)
     422                      .dwattr $C$DW$55, DW_AT_name("WDHALTI")
     423                      .dwattr $C$DW$55, DW_AT_TI_symbol_name("_WDHALTI")
     424                      .dwattr $C$DW$55, DW_AT_bit_offset(0x03), DW_AT_bit_size(0x01)
     425                      .dwattr $C$DW$55, DW_AT_data_member_location[DW_OP_plus_uconst 0x0]
     426                      .dwattr $C$DW$55, DW_AT_accessibility(DW_ACCESS_public)
     427              $C$DW$56        .dwtag  DW_TAG_member
     428                      .dwattr $C$DW$56, DW_AT_type(*$C$DW$T$19)
     429                      .dwattr $C$DW$56, DW_AT_name("XCLKINOFF")
     430                      .dwattr $C$DW$56, DW_AT_TI_symbol_name("_XCLKINOFF")
     431                      .dwattr $C$DW$56, DW_AT_bit_offset(0x02), DW_AT_bit_size(0x01)
     432                      .dwattr $C$DW$56, DW_AT_data_member_location[DW_OP_plus_uconst 0x0]
     433                      .dwattr $C$DW$56, DW_AT_accessibility(DW_ACCESS_public)
     434              $C$DW$57        .dwtag  DW_TAG_member
     435                      .dwattr $C$DW$57, DW_AT_type(*$C$DW$T$19)
     436                      .dwattr $C$DW$57, DW_AT_name("XTALOSCOFF")
     437                      .dwattr $C$DW$57, DW_AT_TI_symbol_name("_XTALOSCOFF")
     438                      .dwattr $C$DW$57, DW_AT_bit_offset(0x01), DW_AT_bit_size(0x01)
     439                      .dwattr $C$DW$57, DW_AT_data_member_location[DW_OP_plus_uconst 0x0]
     440                      .dwattr $C$DW$57, DW_AT_accessibility(DW_ACCESS_public)
TMS320C2000 Assembler PC v6.1.0 Fri Feb 14 09:23:41 2020

Tools Copyright (c) 1996-2012 Texas Instruments Incorporated
F:/Work/Code Area/Combis/Bootloader/Example_Flash2806x_API21_Combi/Example_Flash2806x_API21_Combi/Example_Flash2806x_API/Debug/Example_Flash2806x_GlobalVariableDefs.asm PAGE    9

     441              $C$DW$58        .dwtag  DW_TAG_member
     442                      .dwattr $C$DW$58, DW_AT_type(*$C$DW$T$19)
     443                      .dwattr $C$DW$58, DW_AT_name("NMIRESETSEL")
     444                      .dwattr $C$DW$58, DW_AT_TI_symbol_name("_NMIRESETSEL")
     445                      .dwattr $C$DW$58, DW_AT_bit_offset(0x00), DW_AT_bit_size(0x01)
     446                      .dwattr $C$DW$58, DW_AT_data_member_location[DW_OP_plus_uconst 0x0]
     447                      .dwattr $C$DW$58, DW_AT_accessibility(DW_ACCESS_public)
     448                      .dwendtag $C$DW$T$25
     449              
     450              
     451              $C$DW$T$26      .dwtag  DW_TAG_union_type
     452                      .dwattr $C$DW$T$26, DW_AT_name("CLKCTL_REG")
     453                      .dwattr $C$DW$T$26, DW_AT_byte_size(0x01)
     454              $C$DW$59        .dwtag  DW_TAG_member
     455                      .dwattr $C$DW$59, DW_AT_type(*$C$DW$T$19)
     456                      .dwattr $C$DW$59, DW_AT_name("all")
     457                      .dwattr $C$DW$59, DW_AT_TI_symbol_name("_all")
     458                      .dwattr $C$DW$59, DW_AT_data_member_location[DW_OP_plus_uconst 0x0]
     459                      .dwattr $C$DW$59, DW_AT_accessibility(DW_ACCESS_public)
     460              $C$DW$60        .dwtag  DW_TAG_member
     461                      .dwattr $C$DW$60, DW_AT_type(*$C$DW$T$25)
     462                      .dwattr $C$DW$60, DW_AT_name("bit")
     463                      .dwattr $C$DW$60, DW_AT_TI_symbol_name("_bit")
     464                      .dwattr $C$DW$60, DW_AT_data_member_location[DW_OP_plus_uconst 0x0]
     465                      .dwattr $C$DW$60, DW_AT_accessibility(DW_ACCESS_public)
     466                      .dwendtag $C$DW$T$26
     467              
     468              
     469              $C$DW$T$27      .dwtag  DW_TAG_structure_type
     470                      .dwattr $C$DW$T$27, DW_AT_name("CSMSCR_BITS")
     471                      .dwattr $C$DW$T$27, DW_AT_byte_size(0x01)
     472              $C$DW$61        .dwtag  DW_TAG_member
     473                      .dwattr $C$DW$61, DW_AT_type(*$C$DW$T$19)
     474                      .dwattr $C$DW$61, DW_AT_name("SECURE")
     475                      .dwattr $C$DW$61, DW_AT_TI_symbol_name("_SECURE")
     476                      .dwattr $C$DW$61, DW_AT_bit_offset(0x0f), DW_AT_bit_size(0x01)
     477                      .dwattr $C$DW$61, DW_AT_data_member_location[DW_OP_plus_uconst 0x0]
     478                      .dwattr $C$DW$61, DW_AT_accessibility(DW_ACCESS_public)
     479              $C$DW$62        .dwtag  DW_TAG_member
     480                      .dwattr $C$DW$62, DW_AT_type(*$C$DW$T$19)
     481                      .dwattr $C$DW$62, DW_AT_name("rsvd1")
     482                      .dwattr $C$DW$62, DW_AT_TI_symbol_name("_rsvd1")
     483                      .dwattr $C$DW$62, DW_AT_bit_offset(0x01), DW_AT_bit_size(0x0e)
     484                      .dwattr $C$DW$62, DW_AT_data_member_location[DW_OP_plus_uconst 0x0]
     485                      .dwattr $C$DW$62, DW_AT_accessibility(DW_ACCESS_public)
     486              $C$DW$63        .dwtag  DW_TAG_member
     487                      .dwattr $C$DW$63, DW_AT_type(*$C$DW$T$19)
     488                      .dwattr $C$DW$63, DW_AT_name("FORCESEC")
     489                      .dwattr $C$DW$63, DW_AT_TI_symbol_name("_FORCESEC")
     490                      .dwattr $C$DW$63, DW_AT_bit_offset(0x00), DW_AT_bit_size(0x01)
     491                      .dwattr $C$DW$63, DW_AT_data_member_location[DW_OP_plus_uconst 0x0]
     492                      .dwattr $C$DW$63, DW_AT_accessibility(DW_ACCESS_public)
     493                      .dwendtag $C$DW$T$27
     494              
     495              
TMS320C2000 Assembler PC v6.1.0 Fri Feb 14 09:23:41 2020

Tools Copyright (c) 1996-2012 Texas Instruments Incorporated
F:/Work/Code Area/Combis/Bootloader/Example_Flash2806x_API21_Combi/Example_Flash2806x_API21_Combi/Example_Flash2806x_API/Debug/Example_Flash2806x_GlobalVariableDefs.asm PAGE   10

     496              $C$DW$T$28      .dwtag  DW_TAG_union_type
     497                      .dwattr $C$DW$T$28, DW_AT_name("CSMSCR_REG")
     498                      .dwattr $C$DW$T$28, DW_AT_byte_size(0x01)
     499              $C$DW$64        .dwtag  DW_TAG_member
     500                      .dwattr $C$DW$64, DW_AT_type(*$C$DW$T$19)
     501                      .dwattr $C$DW$64, DW_AT_name("all")
     502                      .dwattr $C$DW$64, DW_AT_TI_symbol_name("_all")
     503                      .dwattr $C$DW$64, DW_AT_data_member_location[DW_OP_plus_uconst 0x0]
     504                      .dwattr $C$DW$64, DW_AT_accessibility(DW_ACCESS_public)
     505              $C$DW$65        .dwtag  DW_TAG_member
     506                      .dwattr $C$DW$65, DW_AT_type(*$C$DW$T$27)
     507                      .dwattr $C$DW$65, DW_AT_name("bit")
     508                      .dwattr $C$DW$65, DW_AT_TI_symbol_name("_bit")
     509                      .dwattr $C$DW$65, DW_AT_data_member_location[DW_OP_plus_uconst 0x0]
     510                      .dwattr $C$DW$65, DW_AT_accessibility(DW_ACCESS_public)
     511                      .dwendtag $C$DW$T$28
     512              
     513              
     514              $C$DW$T$29      .dwtag  DW_TAG_structure_type
     515                      .dwattr $C$DW$T$29, DW_AT_name("CSM_PWL")
     516                      .dwattr $C$DW$T$29, DW_AT_byte_size(0x08)
     517              $C$DW$66        .dwtag  DW_TAG_member
     518                      .dwattr $C$DW$66, DW_AT_type(*$C$DW$T$19)
     519                      .dwattr $C$DW$66, DW_AT_name("PSWD0")
     520                      .dwattr $C$DW$66, DW_AT_TI_symbol_name("_PSWD0")
     521                      .dwattr $C$DW$66, DW_AT_data_member_location[DW_OP_plus_uconst 0x0]
     522                      .dwattr $C$DW$66, DW_AT_accessibility(DW_ACCESS_public)
     523              $C$DW$67        .dwtag  DW_TAG_member
     524                      .dwattr $C$DW$67, DW_AT_type(*$C$DW$T$19)
     525                      .dwattr $C$DW$67, DW_AT_name("PSWD1")
     526                      .dwattr $C$DW$67, DW_AT_TI_symbol_name("_PSWD1")
     527                      .dwattr $C$DW$67, DW_AT_data_member_location[DW_OP_plus_uconst 0x1]
     528                      .dwattr $C$DW$67, DW_AT_accessibility(DW_ACCESS_public)
     529              $C$DW$68        .dwtag  DW_TAG_member
     530                      .dwattr $C$DW$68, DW_AT_type(*$C$DW$T$19)
     531                      .dwattr $C$DW$68, DW_AT_name("PSWD2")
     532                      .dwattr $C$DW$68, DW_AT_TI_symbol_name("_PSWD2")
     533                      .dwattr $C$DW$68, DW_AT_data_member_location[DW_OP_plus_uconst 0x2]
     534                      .dwattr $C$DW$68, DW_AT_accessibility(DW_ACCESS_public)
     535              $C$DW$69        .dwtag  DW_TAG_member
     536                      .dwattr $C$DW$69, DW_AT_type(*$C$DW$T$19)
     537                      .dwattr $C$DW$69, DW_AT_name("PSWD3")
     538                      .dwattr $C$DW$69, DW_AT_TI_symbol_name("_PSWD3")
     539                      .dwattr $C$DW$69, DW_AT_data_member_location[DW_OP_plus_uconst 0x3]
     540                      .dwattr $C$DW$69, DW_AT_accessibility(DW_ACCESS_public)
     541              $C$DW$70        .dwtag  DW_TAG_member
     542                      .dwattr $C$DW$70, DW_AT_type(*$C$DW$T$19)
     543                      .dwattr $C$DW$70, DW_AT_name("PSWD4")
     544                      .dwattr $C$DW$70, DW_AT_TI_symbol_name("_PSWD4")
     545                      .dwattr $C$DW$70, DW_AT_data_member_location[DW_OP_plus_uconst 0x4]
     546                      .dwattr $C$DW$70, DW_AT_accessibility(DW_ACCESS_public)
     547              $C$DW$71        .dwtag  DW_TAG_member
     548                      .dwattr $C$DW$71, DW_AT_type(*$C$DW$T$19)
     549                      .dwattr $C$DW$71, DW_AT_name("PSWD5")
     550                      .dwattr $C$DW$71, DW_AT_TI_symbol_name("_PSWD5")
TMS320C2000 Assembler PC v6.1.0 Fri Feb 14 09:23:41 2020

Tools Copyright (c) 1996-2012 Texas Instruments Incorporated
F:/Work/Code Area/Combis/Bootloader/Example_Flash2806x_API21_Combi/Example_Flash2806x_API21_Combi/Example_Flash2806x_API/Debug/Example_Flash2806x_GlobalVariableDefs.asm PAGE   11

     551                      .dwattr $C$DW$71, DW_AT_data_member_location[DW_OP_plus_uconst 0x5]
     552                      .dwattr $C$DW$71, DW_AT_accessibility(DW_ACCESS_public)
     553              $C$DW$72        .dwtag  DW_TAG_member
     554                      .dwattr $C$DW$72, DW_AT_type(*$C$DW$T$19)
     555                      .dwattr $C$DW$72, DW_AT_name("PSWD6")
     556                      .dwattr $C$DW$72, DW_AT_TI_symbol_name("_PSWD6")
     557                      .dwattr $C$DW$72, DW_AT_data_member_location[DW_OP_plus_uconst 0x6]
     558                      .dwattr $C$DW$72, DW_AT_accessibility(DW_ACCESS_public)
     559              $C$DW$73        .dwtag  DW_TAG_member
     560                      .dwattr $C$DW$73, DW_AT_type(*$C$DW$T$19)
     561                      .dwattr $C$DW$73, DW_AT_name("PSWD7")
     562                      .dwattr $C$DW$73, DW_AT_TI_symbol_name("_PSWD7")
     563                      .dwattr $C$DW$73, DW_AT_data_member_location[DW_OP_plus_uconst 0x7]
     564                      .dwattr $C$DW$73, DW_AT_accessibility(DW_ACCESS_public)
     565                      .dwendtag $C$DW$T$29
     566              
     567              $C$DW$74        .dwtag  DW_TAG_TI_far_type
     568                      .dwattr $C$DW$74, DW_AT_type(*$C$DW$T$29)
     569              $C$DW$T$113     .dwtag  DW_TAG_volatile_type
     570                      .dwattr $C$DW$T$113, DW_AT_type(*$C$DW$74)
     571              
     572              $C$DW$T$30      .dwtag  DW_TAG_structure_type
     573                      .dwattr $C$DW$T$30, DW_AT_name("CSM_REGS")
     574                      .dwattr $C$DW$T$30, DW_AT_byte_size(0x10)
     575              $C$DW$75        .dwtag  DW_TAG_member
     576                      .dwattr $C$DW$75, DW_AT_type(*$C$DW$T$19)
     577                      .dwattr $C$DW$75, DW_AT_name("KEY0")
     578                      .dwattr $C$DW$75, DW_AT_TI_symbol_name("_KEY0")
     579                      .dwattr $C$DW$75, DW_AT_data_member_location[DW_OP_plus_uconst 0x0]
     580                      .dwattr $C$DW$75, DW_AT_accessibility(DW_ACCESS_public)
     581              $C$DW$76        .dwtag  DW_TAG_member
     582                      .dwattr $C$DW$76, DW_AT_type(*$C$DW$T$19)
     583                      .dwattr $C$DW$76, DW_AT_name("KEY1")
     584                      .dwattr $C$DW$76, DW_AT_TI_symbol_name("_KEY1")
     585                      .dwattr $C$DW$76, DW_AT_data_member_location[DW_OP_plus_uconst 0x1]
     586                      .dwattr $C$DW$76, DW_AT_accessibility(DW_ACCESS_public)
     587              $C$DW$77        .dwtag  DW_TAG_member
     588                      .dwattr $C$DW$77, DW_AT_type(*$C$DW$T$19)
     589                      .dwattr $C$DW$77, DW_AT_name("KEY2")
     590                      .dwattr $C$DW$77, DW_AT_TI_symbol_name("_KEY2")
     591                      .dwattr $C$DW$77, DW_AT_data_member_location[DW_OP_plus_uconst 0x2]
     592                      .dwattr $C$DW$77, DW_AT_accessibility(DW_ACCESS_public)
     593              $C$DW$78        .dwtag  DW_TAG_member
     594                      .dwattr $C$DW$78, DW_AT_type(*$C$DW$T$19)
     595                      .dwattr $C$DW$78, DW_AT_name("KEY3")
     596                      .dwattr $C$DW$78, DW_AT_TI_symbol_name("_KEY3")
     597                      .dwattr $C$DW$78, DW_AT_data_member_location[DW_OP_plus_uconst 0x3]
     598                      .dwattr $C$DW$78, DW_AT_accessibility(DW_ACCESS_public)
     599              $C$DW$79        .dwtag  DW_TAG_member
     600                      .dwattr $C$DW$79, DW_AT_type(*$C$DW$T$19)
     601                      .dwattr $C$DW$79, DW_AT_name("KEY4")
     602                      .dwattr $C$DW$79, DW_AT_TI_symbol_name("_KEY4")
     603                      .dwattr $C$DW$79, DW_AT_data_member_location[DW_OP_plus_uconst 0x4]
     604                      .dwattr $C$DW$79, DW_AT_accessibility(DW_ACCESS_public)
     605              $C$DW$80        .dwtag  DW_TAG_member
TMS320C2000 Assembler PC v6.1.0 Fri Feb 14 09:23:41 2020

Tools Copyright (c) 1996-2012 Texas Instruments Incorporated
F:/Work/Code Area/Combis/Bootloader/Example_Flash2806x_API21_Combi/Example_Flash2806x_API21_Combi/Example_Flash2806x_API/Debug/Example_Flash2806x_GlobalVariableDefs.asm PAGE   12

     606                      .dwattr $C$DW$80, DW_AT_type(*$C$DW$T$19)
     607                      .dwattr $C$DW$80, DW_AT_name("KEY5")
     608                      .dwattr $C$DW$80, DW_AT_TI_symbol_name("_KEY5")
     609                      .dwattr $C$DW$80, DW_AT_data_member_location[DW_OP_plus_uconst 0x5]
     610                      .dwattr $C$DW$80, DW_AT_accessibility(DW_ACCESS_public)
     611              $C$DW$81        .dwtag  DW_TAG_member
     612                      .dwattr $C$DW$81, DW_AT_type(*$C$DW$T$19)
     613                      .dwattr $C$DW$81, DW_AT_name("KEY6")
     614                      .dwattr $C$DW$81, DW_AT_TI_symbol_name("_KEY6")
     615                      .dwattr $C$DW$81, DW_AT_data_member_location[DW_OP_plus_uconst 0x6]
     616                      .dwattr $C$DW$81, DW_AT_accessibility(DW_ACCESS_public)
     617              $C$DW$82        .dwtag  DW_TAG_member
     618                      .dwattr $C$DW$82, DW_AT_type(*$C$DW$T$19)
     619                      .dwattr $C$DW$82, DW_AT_name("KEY7")
     620                      .dwattr $C$DW$82, DW_AT_TI_symbol_name("_KEY7")
     621                      .dwattr $C$DW$82, DW_AT_data_member_location[DW_OP_plus_uconst 0x7]
     622                      .dwattr $C$DW$82, DW_AT_accessibility(DW_ACCESS_public)
     623              $C$DW$83        .dwtag  DW_TAG_member
     624                      .dwattr $C$DW$83, DW_AT_type(*$C$DW$T$19)
     625                      .dwattr $C$DW$83, DW_AT_name("rsvd1")
     626                      .dwattr $C$DW$83, DW_AT_TI_symbol_name("_rsvd1")
     627                      .dwattr $C$DW$83, DW_AT_data_member_location[DW_OP_plus_uconst 0x8]
     628                      .dwattr $C$DW$83, DW_AT_accessibility(DW_ACCESS_public)
     629              $C$DW$84        .dwtag  DW_TAG_member
     630                      .dwattr $C$DW$84, DW_AT_type(*$C$DW$T$19)
     631                      .dwattr $C$DW$84, DW_AT_name("rsvd2")
     632                      .dwattr $C$DW$84, DW_AT_TI_symbol_name("_rsvd2")
     633                      .dwattr $C$DW$84, DW_AT_data_member_location[DW_OP_plus_uconst 0x9]
     634                      .dwattr $C$DW$84, DW_AT_accessibility(DW_ACCESS_public)
     635              $C$DW$85        .dwtag  DW_TAG_member
     636                      .dwattr $C$DW$85, DW_AT_type(*$C$DW$T$19)
     637                      .dwattr $C$DW$85, DW_AT_name("rsvd3")
     638                      .dwattr $C$DW$85, DW_AT_TI_symbol_name("_rsvd3")
     639                      .dwattr $C$DW$85, DW_AT_data_member_location[DW_OP_plus_uconst 0xa]
     640                      .dwattr $C$DW$85, DW_AT_accessibility(DW_ACCESS_public)
     641              $C$DW$86        .dwtag  DW_TAG_member
     642                      .dwattr $C$DW$86, DW_AT_type(*$C$DW$T$19)
     643                      .dwattr $C$DW$86, DW_AT_name("rsvd4")
     644                      .dwattr $C$DW$86, DW_AT_TI_symbol_name("_rsvd4")
     645                      .dwattr $C$DW$86, DW_AT_data_member_location[DW_OP_plus_uconst 0xb]
     646                      .dwattr $C$DW$86, DW_AT_accessibility(DW_ACCESS_public)
     647              $C$DW$87        .dwtag  DW_TAG_member
     648                      .dwattr $C$DW$87, DW_AT_type(*$C$DW$T$19)
     649                      .dwattr $C$DW$87, DW_AT_name("rsvd5")
     650                      .dwattr $C$DW$87, DW_AT_TI_symbol_name("_rsvd5")
     651                      .dwattr $C$DW$87, DW_AT_data_member_location[DW_OP_plus_uconst 0xc]
     652                      .dwattr $C$DW$87, DW_AT_accessibility(DW_ACCESS_public)
     653              $C$DW$88        .dwtag  DW_TAG_member
     654                      .dwattr $C$DW$88, DW_AT_type(*$C$DW$T$19)
     655                      .dwattr $C$DW$88, DW_AT_name("rsvd6")
     656                      .dwattr $C$DW$88, DW_AT_TI_symbol_name("_rsvd6")
     657                      .dwattr $C$DW$88, DW_AT_data_member_location[DW_OP_plus_uconst 0xd]
     658                      .dwattr $C$DW$88, DW_AT_accessibility(DW_ACCESS_public)
     659              $C$DW$89        .dwtag  DW_TAG_member
     660                      .dwattr $C$DW$89, DW_AT_type(*$C$DW$T$19)
TMS320C2000 Assembler PC v6.1.0 Fri Feb 14 09:23:41 2020

Tools Copyright (c) 1996-2012 Texas Instruments Incorporated
F:/Work/Code Area/Combis/Bootloader/Example_Flash2806x_API21_Combi/Example_Flash2806x_API21_Combi/Example_Flash2806x_API/Debug/Example_Flash2806x_GlobalVariableDefs.asm PAGE   13

     661                      .dwattr $C$DW$89, DW_AT_name("rsvd7")
     662                      .dwattr $C$DW$89, DW_AT_TI_symbol_name("_rsvd7")
     663                      .dwattr $C$DW$89, DW_AT_data_member_location[DW_OP_plus_uconst 0xe]
     664                      .dwattr $C$DW$89, DW_AT_accessibility(DW_ACCESS_public)
     665              $C$DW$90        .dwtag  DW_TAG_member
     666                      .dwattr $C$DW$90, DW_AT_type(*$C$DW$T$28)
     667                      .dwattr $C$DW$90, DW_AT_name("CSMSCR")
     668                      .dwattr $C$DW$90, DW_AT_TI_symbol_name("_CSMSCR")
     669                      .dwattr $C$DW$90, DW_AT_data_member_location[DW_OP_plus_uconst 0xf]
     670                      .dwattr $C$DW$90, DW_AT_accessibility(DW_ACCESS_public)
     671                      .dwendtag $C$DW$T$30
     672              
     673              $C$DW$91        .dwtag  DW_TAG_TI_far_type
     674                      .dwattr $C$DW$91, DW_AT_type(*$C$DW$T$30)
     675              $C$DW$T$114     .dwtag  DW_TAG_volatile_type
     676                      .dwattr $C$DW$T$114, DW_AT_type(*$C$DW$91)
     677              
     678              $C$DW$T$31      .dwtag  DW_TAG_structure_type
     679                      .dwattr $C$DW$T$31, DW_AT_name("EPWMCFG_BITS")
     680                      .dwattr $C$DW$T$31, DW_AT_byte_size(0x01)
     681              $C$DW$92        .dwtag  DW_TAG_member
     682                      .dwattr $C$DW$92, DW_AT_type(*$C$DW$T$19)
     683                      .dwattr $C$DW$92, DW_AT_name("CONFIG")
     684                      .dwattr $C$DW$92, DW_AT_TI_symbol_name("_CONFIG")
     685                      .dwattr $C$DW$92, DW_AT_bit_offset(0x0f), DW_AT_bit_size(0x01)
     686                      .dwattr $C$DW$92, DW_AT_data_member_location[DW_OP_plus_uconst 0x0]
     687                      .dwattr $C$DW$92, DW_AT_accessibility(DW_ACCESS_public)
     688              $C$DW$93        .dwtag  DW_TAG_member
     689                      .dwattr $C$DW$93, DW_AT_type(*$C$DW$T$19)
     690                      .dwattr $C$DW$93, DW_AT_name("rsvd1")
     691                      .dwattr $C$DW$93, DW_AT_TI_symbol_name("_rsvd1")
     692                      .dwattr $C$DW$93, DW_AT_bit_offset(0x00), DW_AT_bit_size(0x0f)
     693                      .dwattr $C$DW$93, DW_AT_data_member_location[DW_OP_plus_uconst 0x0]
     694                      .dwattr $C$DW$93, DW_AT_accessibility(DW_ACCESS_public)
     695                      .dwendtag $C$DW$T$31
     696              
     697              
     698              $C$DW$T$32      .dwtag  DW_TAG_union_type
     699                      .dwattr $C$DW$T$32, DW_AT_name("EPWMCFG_REG")
     700                      .dwattr $C$DW$T$32, DW_AT_byte_size(0x01)
     701              $C$DW$94        .dwtag  DW_TAG_member
     702                      .dwattr $C$DW$94, DW_AT_type(*$C$DW$T$19)
     703                      .dwattr $C$DW$94, DW_AT_name("all")
     704                      .dwattr $C$DW$94, DW_AT_TI_symbol_name("_all")
     705                      .dwattr $C$DW$94, DW_AT_data_member_location[DW_OP_plus_uconst 0x0]
     706                      .dwattr $C$DW$94, DW_AT_accessibility(DW_ACCESS_public)
     707              $C$DW$95        .dwtag  DW_TAG_member
     708                      .dwattr $C$DW$95, DW_AT_type(*$C$DW$T$31)
     709                      .dwattr $C$DW$95, DW_AT_name("bit")
     710                      .dwattr $C$DW$95, DW_AT_TI_symbol_name("_bit")
     711                      .dwattr $C$DW$95, DW_AT_data_member_location[DW_OP_plus_uconst 0x0]
     712                      .dwattr $C$DW$95, DW_AT_accessibility(DW_ACCESS_public)
     713                      .dwendtag $C$DW$T$32
     714              
     715              
TMS320C2000 Assembler PC v6.1.0 Fri Feb 14 09:23:41 2020

Tools Copyright (c) 1996-2012 Texas Instruments Incorporated
F:/Work/Code Area/Combis/Bootloader/Example_Flash2806x_API21_Combi/Example_Flash2806x_API21_Combi/Example_Flash2806x_API/Debug/Example_Flash2806x_GlobalVariableDefs.asm PAGE   14

     716              $C$DW$T$33      .dwtag  DW_TAG_structure_type
     717                      .dwattr $C$DW$T$33, DW_AT_name("FACTIVEWAIT_BITS")
     718                      .dwattr $C$DW$T$33, DW_AT_byte_size(0x01)
     719              $C$DW$96        .dwtag  DW_TAG_member
     720                      .dwattr $C$DW$96, DW_AT_type(*$C$DW$T$19)
     721                      .dwattr $C$DW$96, DW_AT_name("ACTIVEWAIT")
     722                      .dwattr $C$DW$96, DW_AT_TI_symbol_name("_ACTIVEWAIT")
     723                      .dwattr $C$DW$96, DW_AT_bit_offset(0x07), DW_AT_bit_size(0x09)
     724                      .dwattr $C$DW$96, DW_AT_data_member_location[DW_OP_plus_uconst 0x0]
     725                      .dwattr $C$DW$96, DW_AT_accessibility(DW_ACCESS_public)
     726              $C$DW$97        .dwtag  DW_TAG_member
     727                      .dwattr $C$DW$97, DW_AT_type(*$C$DW$T$19)
     728                      .dwattr $C$DW$97, DW_AT_name("rsvd1")
     729                      .dwattr $C$DW$97, DW_AT_TI_symbol_name("_rsvd1")
     730                      .dwattr $C$DW$97, DW_AT_bit_offset(0x00), DW_AT_bit_size(0x07)
     731                      .dwattr $C$DW$97, DW_AT_data_member_location[DW_OP_plus_uconst 0x0]
     732                      .dwattr $C$DW$97, DW_AT_accessibility(DW_ACCESS_public)
     733                      .dwendtag $C$DW$T$33
     734              
     735              
     736              $C$DW$T$34      .dwtag  DW_TAG_union_type
     737                      .dwattr $C$DW$T$34, DW_AT_name("FACTIVEWAIT_REG")
     738                      .dwattr $C$DW$T$34, DW_AT_byte_size(0x01)
     739              $C$DW$98        .dwtag  DW_TAG_member
     740                      .dwattr $C$DW$98, DW_AT_type(*$C$DW$T$19)
     741                      .dwattr $C$DW$98, DW_AT_name("all")
     742                      .dwattr $C$DW$98, DW_AT_TI_symbol_name("_all")
     743                      .dwattr $C$DW$98, DW_AT_data_member_location[DW_OP_plus_uconst 0x0]
     744                      .dwattr $C$DW$98, DW_AT_accessibility(DW_ACCESS_public)
     745              $C$DW$99        .dwtag  DW_TAG_member
     746                      .dwattr $C$DW$99, DW_AT_type(*$C$DW$T$33)
     747                      .dwattr $C$DW$99, DW_AT_name("bit")
     748                      .dwattr $C$DW$99, DW_AT_TI_symbol_name("_bit")
     749                      .dwattr $C$DW$99, DW_AT_data_member_location[DW_OP_plus_uconst 0x0]
     750                      .dwattr $C$DW$99, DW_AT_accessibility(DW_ACCESS_public)
     751                      .dwendtag $C$DW$T$34
     752              
     753              
     754              $C$DW$T$35      .dwtag  DW_TAG_structure_type
     755                      .dwattr $C$DW$T$35, DW_AT_name("FBANKWAIT_BITS")
     756                      .dwattr $C$DW$T$35, DW_AT_byte_size(0x01)
     757              $C$DW$100       .dwtag  DW_TAG_member
     758                      .dwattr $C$DW$100, DW_AT_type(*$C$DW$T$19)
     759                      .dwattr $C$DW$100, DW_AT_name("RANDWAIT")
     760                      .dwattr $C$DW$100, DW_AT_TI_symbol_name("_RANDWAIT")
     761                      .dwattr $C$DW$100, DW_AT_bit_offset(0x0c), DW_AT_bit_size(0x04)
     762                      .dwattr $C$DW$100, DW_AT_data_member_location[DW_OP_plus_uconst 0x0]
     763                      .dwattr $C$DW$100, DW_AT_accessibility(DW_ACCESS_public)
     764              $C$DW$101       .dwtag  DW_TAG_member
     765                      .dwattr $C$DW$101, DW_AT_type(*$C$DW$T$19)
     766                      .dwattr $C$DW$101, DW_AT_name("rsvd1")
     767                      .dwattr $C$DW$101, DW_AT_TI_symbol_name("_rsvd1")
     768                      .dwattr $C$DW$101, DW_AT_bit_offset(0x08), DW_AT_bit_size(0x04)
     769                      .dwattr $C$DW$101, DW_AT_data_member_location[DW_OP_plus_uconst 0x0]
     770                      .dwattr $C$DW$101, DW_AT_accessibility(DW_ACCESS_public)
TMS320C2000 Assembler PC v6.1.0 Fri Feb 14 09:23:41 2020

Tools Copyright (c) 1996-2012 Texas Instruments Incorporated
F:/Work/Code Area/Combis/Bootloader/Example_Flash2806x_API21_Combi/Example_Flash2806x_API21_Combi/Example_Flash2806x_API/Debug/Example_Flash2806x_GlobalVariableDefs.asm PAGE   15

     771              $C$DW$102       .dwtag  DW_TAG_member
     772                      .dwattr $C$DW$102, DW_AT_type(*$C$DW$T$19)
     773                      .dwattr $C$DW$102, DW_AT_name("PAGEWAIT")
     774                      .dwattr $C$DW$102, DW_AT_TI_symbol_name("_PAGEWAIT")
     775                      .dwattr $C$DW$102, DW_AT_bit_offset(0x04), DW_AT_bit_size(0x04)
     776                      .dwattr $C$DW$102, DW_AT_data_member_location[DW_OP_plus_uconst 0x0]
     777                      .dwattr $C$DW$102, DW_AT_accessibility(DW_ACCESS_public)
     778              $C$DW$103       .dwtag  DW_TAG_member
     779                      .dwattr $C$DW$103, DW_AT_type(*$C$DW$T$19)
     780                      .dwattr $C$DW$103, DW_AT_name("rsvd2")
     781                      .dwattr $C$DW$103, DW_AT_TI_symbol_name("_rsvd2")
     782                      .dwattr $C$DW$103, DW_AT_bit_offset(0x00), DW_AT_bit_size(0x04)
     783                      .dwattr $C$DW$103, DW_AT_data_member_location[DW_OP_plus_uconst 0x0]
     784                      .dwattr $C$DW$103, DW_AT_accessibility(DW_ACCESS_public)
     785                      .dwendtag $C$DW$T$35
     786              
     787              
     788              $C$DW$T$36      .dwtag  DW_TAG_union_type
     789                      .dwattr $C$DW$T$36, DW_AT_name("FBANKWAIT_REG")
     790                      .dwattr $C$DW$T$36, DW_AT_byte_size(0x01)
     791              $C$DW$104       .dwtag  DW_TAG_member
     792                      .dwattr $C$DW$104, DW_AT_type(*$C$DW$T$19)
     793                      .dwattr $C$DW$104, DW_AT_name("all")
     794                      .dwattr $C$DW$104, DW_AT_TI_symbol_name("_all")
     795                      .dwattr $C$DW$104, DW_AT_data_member_location[DW_OP_plus_uconst 0x0]
     796                      .dwattr $C$DW$104, DW_AT_accessibility(DW_ACCESS_public)
     797              $C$DW$105       .dwtag  DW_TAG_member
     798                      .dwattr $C$DW$105, DW_AT_type(*$C$DW$T$35)
     799                      .dwattr $C$DW$105, DW_AT_name("bit")
     800                      .dwattr $C$DW$105, DW_AT_TI_symbol_name("_bit")
     801                      .dwattr $C$DW$105, DW_AT_data_member_location[DW_OP_plus_uconst 0x0]
     802                      .dwattr $C$DW$105, DW_AT_accessibility(DW_ACCESS_public)
     803                      .dwendtag $C$DW$T$36
     804              
     805              
     806              $C$DW$T$37      .dwtag  DW_TAG_structure_type
     807                      .dwattr $C$DW$T$37, DW_AT_name("FLASH_REGS")
     808                      .dwattr $C$DW$T$37, DW_AT_byte_size(0x08)
     809              $C$DW$106       .dwtag  DW_TAG_member
     810                      .dwattr $C$DW$106, DW_AT_type(*$C$DW$T$39)
     811                      .dwattr $C$DW$106, DW_AT_name("FOPT")
     812                      .dwattr $C$DW$106, DW_AT_TI_symbol_name("_FOPT")
     813                      .dwattr $C$DW$106, DW_AT_data_member_location[DW_OP_plus_uconst 0x0]
     814                      .dwattr $C$DW$106, DW_AT_accessibility(DW_ACCESS_public)
     815              $C$DW$107       .dwtag  DW_TAG_member
     816                      .dwattr $C$DW$107, DW_AT_type(*$C$DW$T$19)
     817                      .dwattr $C$DW$107, DW_AT_name("rsvd1")
     818                      .dwattr $C$DW$107, DW_AT_TI_symbol_name("_rsvd1")
     819                      .dwattr $C$DW$107, DW_AT_data_member_location[DW_OP_plus_uconst 0x1]
     820                      .dwattr $C$DW$107, DW_AT_accessibility(DW_ACCESS_public)
     821              $C$DW$108       .dwtag  DW_TAG_member
     822                      .dwattr $C$DW$108, DW_AT_type(*$C$DW$T$43)
     823                      .dwattr $C$DW$108, DW_AT_name("FPWR")
     824                      .dwattr $C$DW$108, DW_AT_TI_symbol_name("_FPWR")
     825                      .dwattr $C$DW$108, DW_AT_data_member_location[DW_OP_plus_uconst 0x2]
TMS320C2000 Assembler PC v6.1.0 Fri Feb 14 09:23:41 2020

Tools Copyright (c) 1996-2012 Texas Instruments Incorporated
F:/Work/Code Area/Combis/Bootloader/Example_Flash2806x_API21_Combi/Example_Flash2806x_API21_Combi/Example_Flash2806x_API/Debug/Example_Flash2806x_GlobalVariableDefs.asm PAGE   16

     826                      .dwattr $C$DW$108, DW_AT_accessibility(DW_ACCESS_public)
     827              $C$DW$109       .dwtag  DW_TAG_member
     828                      .dwattr $C$DW$109, DW_AT_type(*$C$DW$T$45)
     829                      .dwattr $C$DW$109, DW_AT_name("FSTATUS")
     830                      .dwattr $C$DW$109, DW_AT_TI_symbol_name("_FSTATUS")
     831                      .dwattr $C$DW$109, DW_AT_data_member_location[DW_OP_plus_uconst 0x3]
     832                      .dwattr $C$DW$109, DW_AT_accessibility(DW_ACCESS_public)
     833              $C$DW$110       .dwtag  DW_TAG_member
     834                      .dwattr $C$DW$110, DW_AT_type(*$C$DW$T$47)
     835                      .dwattr $C$DW$110, DW_AT_name("FSTDBYWAIT")
     836                      .dwattr $C$DW$110, DW_AT_TI_symbol_name("_FSTDBYWAIT")
     837                      .dwattr $C$DW$110, DW_AT_data_member_location[DW_OP_plus_uconst 0x4]
     838                      .dwattr $C$DW$110, DW_AT_accessibility(DW_ACCESS_public)
     839              $C$DW$111       .dwtag  DW_TAG_member
     840                      .dwattr $C$DW$111, DW_AT_type(*$C$DW$T$34)
     841                      .dwattr $C$DW$111, DW_AT_name("FACTIVEWAIT")
     842                      .dwattr $C$DW$111, DW_AT_TI_symbol_name("_FACTIVEWAIT")
     843                      .dwattr $C$DW$111, DW_AT_data_member_location[DW_OP_plus_uconst 0x5]
     844                      .dwattr $C$DW$111, DW_AT_accessibility(DW_ACCESS_public)
     845              $C$DW$112       .dwtag  DW_TAG_member
     846                      .dwattr $C$DW$112, DW_AT_type(*$C$DW$T$36)
     847                      .dwattr $C$DW$112, DW_AT_name("FBANKWAIT")
     848                      .dwattr $C$DW$112, DW_AT_TI_symbol_name("_FBANKWAIT")
     849                      .dwattr $C$DW$112, DW_AT_data_member_location[DW_OP_plus_uconst 0x6]
     850                      .dwattr $C$DW$112, DW_AT_accessibility(DW_ACCESS_public)
     851              $C$DW$113       .dwtag  DW_TAG_member
     852                      .dwattr $C$DW$113, DW_AT_type(*$C$DW$T$41)
     853                      .dwattr $C$DW$113, DW_AT_name("FOTPWAIT")
     854                      .dwattr $C$DW$113, DW_AT_TI_symbol_name("_FOTPWAIT")
     855                      .dwattr $C$DW$113, DW_AT_data_member_location[DW_OP_plus_uconst 0x7]
     856                      .dwattr $C$DW$113, DW_AT_accessibility(DW_ACCESS_public)
     857                      .dwendtag $C$DW$T$37
     858              
     859              $C$DW$114       .dwtag  DW_TAG_TI_far_type
     860                      .dwattr $C$DW$114, DW_AT_type(*$C$DW$T$37)
     861              $C$DW$T$115     .dwtag  DW_TAG_volatile_type
     862                      .dwattr $C$DW$T$115, DW_AT_type(*$C$DW$114)
     863              
     864              $C$DW$T$38      .dwtag  DW_TAG_structure_type
     865                      .dwattr $C$DW$T$38, DW_AT_name("FOPT_BITS")
     866                      .dwattr $C$DW$T$38, DW_AT_byte_size(0x01)
     867              $C$DW$115       .dwtag  DW_TAG_member
     868                      .dwattr $C$DW$115, DW_AT_type(*$C$DW$T$19)
     869                      .dwattr $C$DW$115, DW_AT_name("ENPIPE")
     870                      .dwattr $C$DW$115, DW_AT_TI_symbol_name("_ENPIPE")
     871                      .dwattr $C$DW$115, DW_AT_bit_offset(0x0f), DW_AT_bit_size(0x01)
     872                      .dwattr $C$DW$115, DW_AT_data_member_location[DW_OP_plus_uconst 0x0]
     873                      .dwattr $C$DW$115, DW_AT_accessibility(DW_ACCESS_public)
     874              $C$DW$116       .dwtag  DW_TAG_member
     875                      .dwattr $C$DW$116, DW_AT_type(*$C$DW$T$19)
     876                      .dwattr $C$DW$116, DW_AT_name("rsvd1")
     877                      .dwattr $C$DW$116, DW_AT_TI_symbol_name("_rsvd1")
     878                      .dwattr $C$DW$116, DW_AT_bit_offset(0x00), DW_AT_bit_size(0x0f)
     879                      .dwattr $C$DW$116, DW_AT_data_member_location[DW_OP_plus_uconst 0x0]
     880                      .dwattr $C$DW$116, DW_AT_accessibility(DW_ACCESS_public)
TMS320C2000 Assembler PC v6.1.0 Fri Feb 14 09:23:41 2020

Tools Copyright (c) 1996-2012 Texas Instruments Incorporated
F:/Work/Code Area/Combis/Bootloader/Example_Flash2806x_API21_Combi/Example_Flash2806x_API21_Combi/Example_Flash2806x_API/Debug/Example_Flash2806x_GlobalVariableDefs.asm PAGE   17

     881                      .dwendtag $C$DW$T$38
     882              
     883              
     884              $C$DW$T$39      .dwtag  DW_TAG_union_type
     885                      .dwattr $C$DW$T$39, DW_AT_name("FOPT_REG")
     886                      .dwattr $C$DW$T$39, DW_AT_byte_size(0x01)
     887              $C$DW$117       .dwtag  DW_TAG_member
     888                      .dwattr $C$DW$117, DW_AT_type(*$C$DW$T$19)
     889                      .dwattr $C$DW$117, DW_AT_name("all")
     890                      .dwattr $C$DW$117, DW_AT_TI_symbol_name("_all")
     891                      .dwattr $C$DW$117, DW_AT_data_member_location[DW_OP_plus_uconst 0x0]
     892                      .dwattr $C$DW$117, DW_AT_accessibility(DW_ACCESS_public)
     893              $C$DW$118       .dwtag  DW_TAG_member
     894                      .dwattr $C$DW$118, DW_AT_type(*$C$DW$T$38)
     895                      .dwattr $C$DW$118, DW_AT_name("bit")
     896                      .dwattr $C$DW$118, DW_AT_TI_symbol_name("_bit")
     897                      .dwattr $C$DW$118, DW_AT_data_member_location[DW_OP_plus_uconst 0x0]
     898                      .dwattr $C$DW$118, DW_AT_accessibility(DW_ACCESS_public)
     899                      .dwendtag $C$DW$T$39
     900              
     901              
     902              $C$DW$T$40      .dwtag  DW_TAG_structure_type
     903                      .dwattr $C$DW$T$40, DW_AT_name("FOTPWAIT_BITS")
     904                      .dwattr $C$DW$T$40, DW_AT_byte_size(0x01)
     905              $C$DW$119       .dwtag  DW_TAG_member
     906                      .dwattr $C$DW$119, DW_AT_type(*$C$DW$T$19)
     907                      .dwattr $C$DW$119, DW_AT_name("OTPWAIT")
     908                      .dwattr $C$DW$119, DW_AT_TI_symbol_name("_OTPWAIT")
     909                      .dwattr $C$DW$119, DW_AT_bit_offset(0x0b), DW_AT_bit_size(0x05)
     910                      .dwattr $C$DW$119, DW_AT_data_member_location[DW_OP_plus_uconst 0x0]
     911                      .dwattr $C$DW$119, DW_AT_accessibility(DW_ACCESS_public)
     912              $C$DW$120       .dwtag  DW_TAG_member
     913                      .dwattr $C$DW$120, DW_AT_type(*$C$DW$T$19)
     914                      .dwattr $C$DW$120, DW_AT_name("rsvd1")
     915                      .dwattr $C$DW$120, DW_AT_TI_symbol_name("_rsvd1")
     916                      .dwattr $C$DW$120, DW_AT_bit_offset(0x00), DW_AT_bit_size(0x0b)
     917                      .dwattr $C$DW$120, DW_AT_data_member_location[DW_OP_plus_uconst 0x0]
     918                      .dwattr $C$DW$120, DW_AT_accessibility(DW_ACCESS_public)
     919                      .dwendtag $C$DW$T$40
     920              
     921              
     922              $C$DW$T$41      .dwtag  DW_TAG_union_type
     923                      .dwattr $C$DW$T$41, DW_AT_name("FOTPWAIT_REG")
     924                      .dwattr $C$DW$T$41, DW_AT_byte_size(0x01)
     925              $C$DW$121       .dwtag  DW_TAG_member
     926                      .dwattr $C$DW$121, DW_AT_type(*$C$DW$T$19)
     927                      .dwattr $C$DW$121, DW_AT_name("all")
     928                      .dwattr $C$DW$121, DW_AT_TI_symbol_name("_all")
     929                      .dwattr $C$DW$121, DW_AT_data_member_location[DW_OP_plus_uconst 0x0]
     930                      .dwattr $C$DW$121, DW_AT_accessibility(DW_ACCESS_public)
     931              $C$DW$122       .dwtag  DW_TAG_member
     932                      .dwattr $C$DW$122, DW_AT_type(*$C$DW$T$40)
     933                      .dwattr $C$DW$122, DW_AT_name("bit")
     934                      .dwattr $C$DW$122, DW_AT_TI_symbol_name("_bit")
     935                      .dwattr $C$DW$122, DW_AT_data_member_location[DW_OP_plus_uconst 0x0]
TMS320C2000 Assembler PC v6.1.0 Fri Feb 14 09:23:41 2020

Tools Copyright (c) 1996-2012 Texas Instruments Incorporated
F:/Work/Code Area/Combis/Bootloader/Example_Flash2806x_API21_Combi/Example_Flash2806x_API21_Combi/Example_Flash2806x_API/Debug/Example_Flash2806x_GlobalVariableDefs.asm PAGE   18

     936                      .dwattr $C$DW$122, DW_AT_accessibility(DW_ACCESS_public)
     937                      .dwendtag $C$DW$T$41
     938              
     939              
     940              $C$DW$T$42      .dwtag  DW_TAG_structure_type
     941                      .dwattr $C$DW$T$42, DW_AT_name("FPWR_BITS")
     942                      .dwattr $C$DW$T$42, DW_AT_byte_size(0x01)
     943              $C$DW$123       .dwtag  DW_TAG_member
     944                      .dwattr $C$DW$123, DW_AT_type(*$C$DW$T$19)
     945                      .dwattr $C$DW$123, DW_AT_name("PWR")
     946                      .dwattr $C$DW$123, DW_AT_TI_symbol_name("_PWR")
     947                      .dwattr $C$DW$123, DW_AT_bit_offset(0x0e), DW_AT_bit_size(0x02)
     948                      .dwattr $C$DW$123, DW_AT_data_member_location[DW_OP_plus_uconst 0x0]
     949                      .dwattr $C$DW$123, DW_AT_accessibility(DW_ACCESS_public)
     950              $C$DW$124       .dwtag  DW_TAG_member
     951                      .dwattr $C$DW$124, DW_AT_type(*$C$DW$T$19)
     952                      .dwattr $C$DW$124, DW_AT_name("rsvd1")
     953                      .dwattr $C$DW$124, DW_AT_TI_symbol_name("_rsvd1")
     954                      .dwattr $C$DW$124, DW_AT_bit_offset(0x00), DW_AT_bit_size(0x0e)
     955                      .dwattr $C$DW$124, DW_AT_data_member_location[DW_OP_plus_uconst 0x0]
     956                      .dwattr $C$DW$124, DW_AT_accessibility(DW_ACCESS_public)
     957                      .dwendtag $C$DW$T$42
     958              
     959              
     960              $C$DW$T$43      .dwtag  DW_TAG_union_type
     961                      .dwattr $C$DW$T$43, DW_AT_name("FPWR_REG")
     962                      .dwattr $C$DW$T$43, DW_AT_byte_size(0x01)
     963              $C$DW$125       .dwtag  DW_TAG_member
     964                      .dwattr $C$DW$125, DW_AT_type(*$C$DW$T$19)
     965                      .dwattr $C$DW$125, DW_AT_name("all")
     966                      .dwattr $C$DW$125, DW_AT_TI_symbol_name("_all")
     967                      .dwattr $C$DW$125, DW_AT_data_member_location[DW_OP_plus_uconst 0x0]
     968                      .dwattr $C$DW$125, DW_AT_accessibility(DW_ACCESS_public)
     969              $C$DW$126       .dwtag  DW_TAG_member
     970                      .dwattr $C$DW$126, DW_AT_type(*$C$DW$T$42)
     971                      .dwattr $C$DW$126, DW_AT_name("bit")
     972                      .dwattr $C$DW$126, DW_AT_TI_symbol_name("_bit")
     973                      .dwattr $C$DW$126, DW_AT_data_member_location[DW_OP_plus_uconst 0x0]
     974                      .dwattr $C$DW$126, DW_AT_accessibility(DW_ACCESS_public)
     975                      .dwendtag $C$DW$T$43
     976              
     977              
     978              $C$DW$T$44      .dwtag  DW_TAG_structure_type
     979                      .dwattr $C$DW$T$44, DW_AT_name("FSTATUS_BITS")
     980                      .dwattr $C$DW$T$44, DW_AT_byte_size(0x01)
     981              $C$DW$127       .dwtag  DW_TAG_member
     982                      .dwattr $C$DW$127, DW_AT_type(*$C$DW$T$19)
     983                      .dwattr $C$DW$127, DW_AT_name("PWRS")
     984                      .dwattr $C$DW$127, DW_AT_TI_symbol_name("_PWRS")
     985                      .dwattr $C$DW$127, DW_AT_bit_offset(0x0e), DW_AT_bit_size(0x02)
     986                      .dwattr $C$DW$127, DW_AT_data_member_location[DW_OP_plus_uconst 0x0]
     987                      .dwattr $C$DW$127, DW_AT_accessibility(DW_ACCESS_public)
     988              $C$DW$128       .dwtag  DW_TAG_member
     989                      .dwattr $C$DW$128, DW_AT_type(*$C$DW$T$19)
     990                      .dwattr $C$DW$128, DW_AT_name("STDBYWAITS")
TMS320C2000 Assembler PC v6.1.0 Fri Feb 14 09:23:41 2020

Tools Copyright (c) 1996-2012 Texas Instruments Incorporated
F:/Work/Code Area/Combis/Bootloader/Example_Flash2806x_API21_Combi/Example_Flash2806x_API21_Combi/Example_Flash2806x_API/Debug/Example_Flash2806x_GlobalVariableDefs.asm PAGE   19

     991                      .dwattr $C$DW$128, DW_AT_TI_symbol_name("_STDBYWAITS")
     992                      .dwattr $C$DW$128, DW_AT_bit_offset(0x0d), DW_AT_bit_size(0x01)
     993                      .dwattr $C$DW$128, DW_AT_data_member_location[DW_OP_plus_uconst 0x0]
     994                      .dwattr $C$DW$128, DW_AT_accessibility(DW_ACCESS_public)
     995              $C$DW$129       .dwtag  DW_TAG_member
     996                      .dwattr $C$DW$129, DW_AT_type(*$C$DW$T$19)
     997                      .dwattr $C$DW$129, DW_AT_name("ACTIVEWAITS")
     998                      .dwattr $C$DW$129, DW_AT_TI_symbol_name("_ACTIVEWAITS")
     999                      .dwattr $C$DW$129, DW_AT_bit_offset(0x0c), DW_AT_bit_size(0x01)
    1000                      .dwattr $C$DW$129, DW_AT_data_member_location[DW_OP_plus_uconst 0x0]
    1001                      .dwattr $C$DW$129, DW_AT_accessibility(DW_ACCESS_public)
    1002              $C$DW$130       .dwtag  DW_TAG_member
    1003                      .dwattr $C$DW$130, DW_AT_type(*$C$DW$T$19)
    1004                      .dwattr $C$DW$130, DW_AT_name("rsvd1")
    1005                      .dwattr $C$DW$130, DW_AT_TI_symbol_name("_rsvd1")
    1006                      .dwattr $C$DW$130, DW_AT_bit_offset(0x08), DW_AT_bit_size(0x04)
    1007                      .dwattr $C$DW$130, DW_AT_data_member_location[DW_OP_plus_uconst 0x0]
    1008                      .dwattr $C$DW$130, DW_AT_accessibility(DW_ACCESS_public)
    1009              $C$DW$131       .dwtag  DW_TAG_member
    1010                      .dwattr $C$DW$131, DW_AT_type(*$C$DW$T$19)
    1011                      .dwattr $C$DW$131, DW_AT_name("V3STAT")
    1012                      .dwattr $C$DW$131, DW_AT_TI_symbol_name("_V3STAT")
    1013                      .dwattr $C$DW$131, DW_AT_bit_offset(0x07), DW_AT_bit_size(0x01)
    1014                      .dwattr $C$DW$131, DW_AT_data_member_location[DW_OP_plus_uconst 0x0]
    1015                      .dwattr $C$DW$131, DW_AT_accessibility(DW_ACCESS_public)
    1016              $C$DW$132       .dwtag  DW_TAG_member
    1017                      .dwattr $C$DW$132, DW_AT_type(*$C$DW$T$19)
    1018                      .dwattr $C$DW$132, DW_AT_name("rsvd2")
    1019                      .dwattr $C$DW$132, DW_AT_TI_symbol_name("_rsvd2")
    1020                      .dwattr $C$DW$132, DW_AT_bit_offset(0x00), DW_AT_bit_size(0x07)
    1021                      .dwattr $C$DW$132, DW_AT_data_member_location[DW_OP_plus_uconst 0x0]
    1022                      .dwattr $C$DW$132, DW_AT_accessibility(DW_ACCESS_public)
    1023                      .dwendtag $C$DW$T$44
    1024              
    1025              
    1026              $C$DW$T$45      .dwtag  DW_TAG_union_type
    1027                      .dwattr $C$DW$T$45, DW_AT_name("FSTATUS_REG")
    1028                      .dwattr $C$DW$T$45, DW_AT_byte_size(0x01)
    1029              $C$DW$133       .dwtag  DW_TAG_member
    1030                      .dwattr $C$DW$133, DW_AT_type(*$C$DW$T$19)
    1031                      .dwattr $C$DW$133, DW_AT_name("all")
    1032                      .dwattr $C$DW$133, DW_AT_TI_symbol_name("_all")
    1033                      .dwattr $C$DW$133, DW_AT_data_member_location[DW_OP_plus_uconst 0x0]
    1034                      .dwattr $C$DW$133, DW_AT_accessibility(DW_ACCESS_public)
    1035              $C$DW$134       .dwtag  DW_TAG_member
    1036                      .dwattr $C$DW$134, DW_AT_type(*$C$DW$T$44)
    1037                      .dwattr $C$DW$134, DW_AT_name("bit")
    1038                      .dwattr $C$DW$134, DW_AT_TI_symbol_name("_bit")
    1039                      .dwattr $C$DW$134, DW_AT_data_member_location[DW_OP_plus_uconst 0x0]
    1040                      .dwattr $C$DW$134, DW_AT_accessibility(DW_ACCESS_public)
    1041                      .dwendtag $C$DW$T$45
    1042              
    1043              
    1044              $C$DW$T$46      .dwtag  DW_TAG_structure_type
    1045                      .dwattr $C$DW$T$46, DW_AT_name("FSTDBYWAIT_BITS")
TMS320C2000 Assembler PC v6.1.0 Fri Feb 14 09:23:41 2020

Tools Copyright (c) 1996-2012 Texas Instruments Incorporated
F:/Work/Code Area/Combis/Bootloader/Example_Flash2806x_API21_Combi/Example_Flash2806x_API21_Combi/Example_Flash2806x_API/Debug/Example_Flash2806x_GlobalVariableDefs.asm PAGE   20

    1046                      .dwattr $C$DW$T$46, DW_AT_byte_size(0x01)
    1047              $C$DW$135       .dwtag  DW_TAG_member
    1048                      .dwattr $C$DW$135, DW_AT_type(*$C$DW$T$19)
    1049                      .dwattr $C$DW$135, DW_AT_name("STDBYWAIT")
    1050                      .dwattr $C$DW$135, DW_AT_TI_symbol_name("_STDBYWAIT")
    1051                      .dwattr $C$DW$135, DW_AT_bit_offset(0x07), DW_AT_bit_size(0x09)
    1052                      .dwattr $C$DW$135, DW_AT_data_member_location[DW_OP_plus_uconst 0x0]
    1053                      .dwattr $C$DW$135, DW_AT_accessibility(DW_ACCESS_public)
    1054              $C$DW$136       .dwtag  DW_TAG_member
    1055                      .dwattr $C$DW$136, DW_AT_type(*$C$DW$T$19)
    1056                      .dwattr $C$DW$136, DW_AT_name("rsvd1")
    1057                      .dwattr $C$DW$136, DW_AT_TI_symbol_name("_rsvd1")
    1058                      .dwattr $C$DW$136, DW_AT_bit_offset(0x00), DW_AT_bit_size(0x07)
    1059                      .dwattr $C$DW$136, DW_AT_data_member_location[DW_OP_plus_uconst 0x0]
    1060                      .dwattr $C$DW$136, DW_AT_accessibility(DW_ACCESS_public)
    1061                      .dwendtag $C$DW$T$46
    1062              
    1063              
    1064              $C$DW$T$47      .dwtag  DW_TAG_union_type
    1065                      .dwattr $C$DW$T$47, DW_AT_name("FSTDBYWAIT_REG")
    1066                      .dwattr $C$DW$T$47, DW_AT_byte_size(0x01)
    1067              $C$DW$137       .dwtag  DW_TAG_member
    1068                      .dwattr $C$DW$137, DW_AT_type(*$C$DW$T$19)
    1069                      .dwattr $C$DW$137, DW_AT_name("all")
    1070                      .dwattr $C$DW$137, DW_AT_TI_symbol_name("_all")
    1071                      .dwattr $C$DW$137, DW_AT_data_member_location[DW_OP_plus_uconst 0x0]
    1072                      .dwattr $C$DW$137, DW_AT_accessibility(DW_ACCESS_public)
    1073              $C$DW$138       .dwtag  DW_TAG_member
    1074                      .dwattr $C$DW$138, DW_AT_type(*$C$DW$T$46)
    1075                      .dwattr $C$DW$138, DW_AT_name("bit")
    1076                      .dwattr $C$DW$138, DW_AT_TI_symbol_name("_bit")
    1077                      .dwattr $C$DW$138, DW_AT_data_member_location[DW_OP_plus_uconst 0x0]
    1078                      .dwattr $C$DW$138, DW_AT_accessibility(DW_ACCESS_public)
    1079                      .dwendtag $C$DW$T$47
    1080              
    1081              
    1082              $C$DW$T$48      .dwtag  DW_TAG_structure_type
    1083                      .dwattr $C$DW$T$48, DW_AT_name("GPA1_BITS")
    1084                      .dwattr $C$DW$T$48, DW_AT_byte_size(0x02)
    1085              $C$DW$139       .dwtag  DW_TAG_member
    1086                      .dwattr $C$DW$139, DW_AT_type(*$C$DW$T$19)
    1087                      .dwattr $C$DW$139, DW_AT_name("GPIO0")
    1088                      .dwattr $C$DW$139, DW_AT_TI_symbol_name("_GPIO0")
    1089                      .dwattr $C$DW$139, DW_AT_bit_offset(0x0e), DW_AT_bit_size(0x02)
    1090                      .dwattr $C$DW$139, DW_AT_data_member_location[DW_OP_plus_uconst 0x0]
    1091                      .dwattr $C$DW$139, DW_AT_accessibility(DW_ACCESS_public)
    1092              $C$DW$140       .dwtag  DW_TAG_member
    1093                      .dwattr $C$DW$140, DW_AT_type(*$C$DW$T$19)
    1094                      .dwattr $C$DW$140, DW_AT_name("GPIO1")
    1095                      .dwattr $C$DW$140, DW_AT_TI_symbol_name("_GPIO1")
    1096                      .dwattr $C$DW$140, DW_AT_bit_offset(0x0c), DW_AT_bit_size(0x02)
    1097                      .dwattr $C$DW$140, DW_AT_data_member_location[DW_OP_plus_uconst 0x0]
    1098                      .dwattr $C$DW$140, DW_AT_accessibility(DW_ACCESS_public)
    1099              $C$DW$141       .dwtag  DW_TAG_member
    1100                      .dwattr $C$DW$141, DW_AT_type(*$C$DW$T$19)
TMS320C2000 Assembler PC v6.1.0 Fri Feb 14 09:23:41 2020

Tools Copyright (c) 1996-2012 Texas Instruments Incorporated
F:/Work/Code Area/Combis/Bootloader/Example_Flash2806x_API21_Combi/Example_Flash2806x_API21_Combi/Example_Flash2806x_API/Debug/Example_Flash2806x_GlobalVariableDefs.asm PAGE   21

    1101                      .dwattr $C$DW$141, DW_AT_name("GPIO2")
    1102                      .dwattr $C$DW$141, DW_AT_TI_symbol_name("_GPIO2")
    1103                      .dwattr $C$DW$141, DW_AT_bit_offset(0x0a), DW_AT_bit_size(0x02)
    1104                      .dwattr $C$DW$141, DW_AT_data_member_location[DW_OP_plus_uconst 0x0]
    1105                      .dwattr $C$DW$141, DW_AT_accessibility(DW_ACCESS_public)
    1106              $C$DW$142       .dwtag  DW_TAG_member
    1107                      .dwattr $C$DW$142, DW_AT_type(*$C$DW$T$19)
    1108                      .dwattr $C$DW$142, DW_AT_name("GPIO3")
    1109                      .dwattr $C$DW$142, DW_AT_TI_symbol_name("_GPIO3")
    1110                      .dwattr $C$DW$142, DW_AT_bit_offset(0x08), DW_AT_bit_size(0x02)
    1111                      .dwattr $C$DW$142, DW_AT_data_member_location[DW_OP_plus_uconst 0x0]
    1112                      .dwattr $C$DW$142, DW_AT_accessibility(DW_ACCESS_public)
    1113              $C$DW$143       .dwtag  DW_TAG_member
    1114                      .dwattr $C$DW$143, DW_AT_type(*$C$DW$T$19)
    1115                      .dwattr $C$DW$143, DW_AT_name("GPIO4")
    1116                      .dwattr $C$DW$143, DW_AT_TI_symbol_name("_GPIO4")
    1117                      .dwattr $C$DW$143, DW_AT_bit_offset(0x06), DW_AT_bit_size(0x02)
    1118                      .dwattr $C$DW$143, DW_AT_data_member_location[DW_OP_plus_uconst 0x0]
    1119                      .dwattr $C$DW$143, DW_AT_accessibility(DW_ACCESS_public)
    1120              $C$DW$144       .dwtag  DW_TAG_member
    1121                      .dwattr $C$DW$144, DW_AT_type(*$C$DW$T$19)
    1122                      .dwattr $C$DW$144, DW_AT_name("GPIO5")
    1123                      .dwattr $C$DW$144, DW_AT_TI_symbol_name("_GPIO5")
    1124                      .dwattr $C$DW$144, DW_AT_bit_offset(0x04), DW_AT_bit_size(0x02)
    1125                      .dwattr $C$DW$144, DW_AT_data_member_location[DW_OP_plus_uconst 0x0]
    1126                      .dwattr $C$DW$144, DW_AT_accessibility(DW_ACCESS_public)
    1127              $C$DW$145       .dwtag  DW_TAG_member
    1128                      .dwattr $C$DW$145, DW_AT_type(*$C$DW$T$19)
    1129                      .dwattr $C$DW$145, DW_AT_name("GPIO6")
    1130                      .dwattr $C$DW$145, DW_AT_TI_symbol_name("_GPIO6")
    1131                      .dwattr $C$DW$145, DW_AT_bit_offset(0x02), DW_AT_bit_size(0x02)
    1132                      .dwattr $C$DW$145, DW_AT_data_member_location[DW_OP_plus_uconst 0x0]
    1133                      .dwattr $C$DW$145, DW_AT_accessibility(DW_ACCESS_public)
    1134              $C$DW$146       .dwtag  DW_TAG_member
    1135                      .dwattr $C$DW$146, DW_AT_type(*$C$DW$T$19)
    1136                      .dwattr $C$DW$146, DW_AT_name("GPIO7")
    1137                      .dwattr $C$DW$146, DW_AT_TI_symbol_name("_GPIO7")
    1138                      .dwattr $C$DW$146, DW_AT_bit_offset(0x00), DW_AT_bit_size(0x02)
    1139                      .dwattr $C$DW$146, DW_AT_data_member_location[DW_OP_plus_uconst 0x0]
    1140                      .dwattr $C$DW$146, DW_AT_accessibility(DW_ACCESS_public)
    1141              $C$DW$147       .dwtag  DW_TAG_member
    1142                      .dwattr $C$DW$147, DW_AT_type(*$C$DW$T$19)
    1143                      .dwattr $C$DW$147, DW_AT_name("GPIO8")
    1144                      .dwattr $C$DW$147, DW_AT_TI_symbol_name("_GPIO8")
    1145                      .dwattr $C$DW$147, DW_AT_bit_offset(0x0e), DW_AT_bit_size(0x02)
    1146                      .dwattr $C$DW$147, DW_AT_data_member_location[DW_OP_plus_uconst 0x1]
    1147                      .dwattr $C$DW$147, DW_AT_accessibility(DW_ACCESS_public)
    1148              $C$DW$148       .dwtag  DW_TAG_member
    1149                      .dwattr $C$DW$148, DW_AT_type(*$C$DW$T$19)
    1150                      .dwattr $C$DW$148, DW_AT_name("GPIO9")
    1151                      .dwattr $C$DW$148, DW_AT_TI_symbol_name("_GPIO9")
    1152                      .dwattr $C$DW$148, DW_AT_bit_offset(0x0c), DW_AT_bit_size(0x02)
    1153                      .dwattr $C$DW$148, DW_AT_data_member_location[DW_OP_plus_uconst 0x1]
    1154                      .dwattr $C$DW$148, DW_AT_accessibility(DW_ACCESS_public)
    1155              $C$DW$149       .dwtag  DW_TAG_member
TMS320C2000 Assembler PC v6.1.0 Fri Feb 14 09:23:41 2020

Tools Copyright (c) 1996-2012 Texas Instruments Incorporated
F:/Work/Code Area/Combis/Bootloader/Example_Flash2806x_API21_Combi/Example_Flash2806x_API21_Combi/Example_Flash2806x_API/Debug/Example_Flash2806x_GlobalVariableDefs.asm PAGE   22

    1156                      .dwattr $C$DW$149, DW_AT_type(*$C$DW$T$19)
    1157                      .dwattr $C$DW$149, DW_AT_name("GPIO10")
    1158                      .dwattr $C$DW$149, DW_AT_TI_symbol_name("_GPIO10")
    1159                      .dwattr $C$DW$149, DW_AT_bit_offset(0x0a), DW_AT_bit_size(0x02)
    1160                      .dwattr $C$DW$149, DW_AT_data_member_location[DW_OP_plus_uconst 0x1]
    1161                      .dwattr $C$DW$149, DW_AT_accessibility(DW_ACCESS_public)
    1162              $C$DW$150       .dwtag  DW_TAG_member
    1163                      .dwattr $C$DW$150, DW_AT_type(*$C$DW$T$19)
    1164                      .dwattr $C$DW$150, DW_AT_name("GPIO11")
    1165                      .dwattr $C$DW$150, DW_AT_TI_symbol_name("_GPIO11")
    1166                      .dwattr $C$DW$150, DW_AT_bit_offset(0x08), DW_AT_bit_size(0x02)
    1167                      .dwattr $C$DW$150, DW_AT_data_member_location[DW_OP_plus_uconst 0x1]
    1168                      .dwattr $C$DW$150, DW_AT_accessibility(DW_ACCESS_public)
    1169              $C$DW$151       .dwtag  DW_TAG_member
    1170                      .dwattr $C$DW$151, DW_AT_type(*$C$DW$T$19)
    1171                      .dwattr $C$DW$151, DW_AT_name("GPIO12")
    1172                      .dwattr $C$DW$151, DW_AT_TI_symbol_name("_GPIO12")
    1173                      .dwattr $C$DW$151, DW_AT_bit_offset(0x06), DW_AT_bit_size(0x02)
    1174                      .dwattr $C$DW$151, DW_AT_data_member_location[DW_OP_plus_uconst 0x1]
    1175                      .dwattr $C$DW$151, DW_AT_accessibility(DW_ACCESS_public)
    1176              $C$DW$152       .dwtag  DW_TAG_member
    1177                      .dwattr $C$DW$152, DW_AT_type(*$C$DW$T$19)
    1178                      .dwattr $C$DW$152, DW_AT_name("GPIO13")
    1179                      .dwattr $C$DW$152, DW_AT_TI_symbol_name("_GPIO13")
    1180                      .dwattr $C$DW$152, DW_AT_bit_offset(0x04), DW_AT_bit_size(0x02)
    1181                      .dwattr $C$DW$152, DW_AT_data_member_location[DW_OP_plus_uconst 0x1]
    1182                      .dwattr $C$DW$152, DW_AT_accessibility(DW_ACCESS_public)
    1183              $C$DW$153       .dwtag  DW_TAG_member
    1184                      .dwattr $C$DW$153, DW_AT_type(*$C$DW$T$19)
    1185                      .dwattr $C$DW$153, DW_AT_name("GPIO14")
    1186                      .dwattr $C$DW$153, DW_AT_TI_symbol_name("_GPIO14")
    1187                      .dwattr $C$DW$153, DW_AT_bit_offset(0x02), DW_AT_bit_size(0x02)
    1188                      .dwattr $C$DW$153, DW_AT_data_member_location[DW_OP_plus_uconst 0x1]
    1189                      .dwattr $C$DW$153, DW_AT_accessibility(DW_ACCESS_public)
    1190              $C$DW$154       .dwtag  DW_TAG_member
    1191                      .dwattr $C$DW$154, DW_AT_type(*$C$DW$T$19)
    1192                      .dwattr $C$DW$154, DW_AT_name("GPIO15")
    1193                      .dwattr $C$DW$154, DW_AT_TI_symbol_name("_GPIO15")
    1194                      .dwattr $C$DW$154, DW_AT_bit_offset(0x00), DW_AT_bit_size(0x02)
    1195                      .dwattr $C$DW$154, DW_AT_data_member_location[DW_OP_plus_uconst 0x1]
    1196                      .dwattr $C$DW$154, DW_AT_accessibility(DW_ACCESS_public)
    1197                      .dwendtag $C$DW$T$48
    1198              
    1199              
    1200              $C$DW$T$49      .dwtag  DW_TAG_union_type
    1201                      .dwattr $C$DW$T$49, DW_AT_name("GPA1_REG")
    1202                      .dwattr $C$DW$T$49, DW_AT_byte_size(0x02)
    1203              $C$DW$155       .dwtag  DW_TAG_member
    1204                      .dwattr $C$DW$155, DW_AT_type(*$C$DW$T$21)
    1205                      .dwattr $C$DW$155, DW_AT_name("all")
    1206                      .dwattr $C$DW$155, DW_AT_TI_symbol_name("_all")
    1207                      .dwattr $C$DW$155, DW_AT_data_member_location[DW_OP_plus_uconst 0x0]
    1208                      .dwattr $C$DW$155, DW_AT_accessibility(DW_ACCESS_public)
    1209              $C$DW$156       .dwtag  DW_TAG_member
    1210                      .dwattr $C$DW$156, DW_AT_type(*$C$DW$T$48)
TMS320C2000 Assembler PC v6.1.0 Fri Feb 14 09:23:41 2020

Tools Copyright (c) 1996-2012 Texas Instruments Incorporated
F:/Work/Code Area/Combis/Bootloader/Example_Flash2806x_API21_Combi/Example_Flash2806x_API21_Combi/Example_Flash2806x_API/Debug/Example_Flash2806x_GlobalVariableDefs.asm PAGE   23

    1211                      .dwattr $C$DW$156, DW_AT_name("bit")
    1212                      .dwattr $C$DW$156, DW_AT_TI_symbol_name("_bit")
    1213                      .dwattr $C$DW$156, DW_AT_data_member_location[DW_OP_plus_uconst 0x0]
    1214                      .dwattr $C$DW$156, DW_AT_accessibility(DW_ACCESS_public)
    1215                      .dwendtag $C$DW$T$49
    1216              
    1217              
    1218              $C$DW$T$50      .dwtag  DW_TAG_structure_type
    1219                      .dwattr $C$DW$T$50, DW_AT_name("GPA2_BITS")
    1220                      .dwattr $C$DW$T$50, DW_AT_byte_size(0x02)
    1221              $C$DW$157       .dwtag  DW_TAG_member
    1222                      .dwattr $C$DW$157, DW_AT_type(*$C$DW$T$19)
    1223                      .dwattr $C$DW$157, DW_AT_name("GPIO16")
    1224                      .dwattr $C$DW$157, DW_AT_TI_symbol_name("_GPIO16")
    1225                      .dwattr $C$DW$157, DW_AT_bit_offset(0x0e), DW_AT_bit_size(0x02)
    1226                      .dwattr $C$DW$157, DW_AT_data_member_location[DW_OP_plus_uconst 0x0]
    1227                      .dwattr $C$DW$157, DW_AT_accessibility(DW_ACCESS_public)
    1228              $C$DW$158       .dwtag  DW_TAG_member
    1229                      .dwattr $C$DW$158, DW_AT_type(*$C$DW$T$19)
    1230                      .dwattr $C$DW$158, DW_AT_name("GPIO17")
    1231                      .dwattr $C$DW$158, DW_AT_TI_symbol_name("_GPIO17")
    1232                      .dwattr $C$DW$158, DW_AT_bit_offset(0x0c), DW_AT_bit_size(0x02)
    1233                      .dwattr $C$DW$158, DW_AT_data_member_location[DW_OP_plus_uconst 0x0]
    1234                      .dwattr $C$DW$158, DW_AT_accessibility(DW_ACCESS_public)
    1235              $C$DW$159       .dwtag  DW_TAG_member
    1236                      .dwattr $C$DW$159, DW_AT_type(*$C$DW$T$19)
    1237                      .dwattr $C$DW$159, DW_AT_name("GPIO18")
    1238                      .dwattr $C$DW$159, DW_AT_TI_symbol_name("_GPIO18")
    1239                      .dwattr $C$DW$159, DW_AT_bit_offset(0x0a), DW_AT_bit_size(0x02)
    1240                      .dwattr $C$DW$159, DW_AT_data_member_location[DW_OP_plus_uconst 0x0]
    1241                      .dwattr $C$DW$159, DW_AT_accessibility(DW_ACCESS_public)
    1242              $C$DW$160       .dwtag  DW_TAG_member
    1243                      .dwattr $C$DW$160, DW_AT_type(*$C$DW$T$19)
    1244                      .dwattr $C$DW$160, DW_AT_name("GPIO19")
    1245                      .dwattr $C$DW$160, DW_AT_TI_symbol_name("_GPIO19")
    1246                      .dwattr $C$DW$160, DW_AT_bit_offset(0x08), DW_AT_bit_size(0x02)
    1247                      .dwattr $C$DW$160, DW_AT_data_member_location[DW_OP_plus_uconst 0x0]
    1248                      .dwattr $C$DW$160, DW_AT_accessibility(DW_ACCESS_public)
    1249              $C$DW$161       .dwtag  DW_TAG_member
    1250                      .dwattr $C$DW$161, DW_AT_type(*$C$DW$T$19)
    1251                      .dwattr $C$DW$161, DW_AT_name("GPIO20")
    1252                      .dwattr $C$DW$161, DW_AT_TI_symbol_name("_GPIO20")
    1253                      .dwattr $C$DW$161, DW_AT_bit_offset(0x06), DW_AT_bit_size(0x02)
    1254                      .dwattr $C$DW$161, DW_AT_data_member_location[DW_OP_plus_uconst 0x0]
    1255                      .dwattr $C$DW$161, DW_AT_accessibility(DW_ACCESS_public)
    1256              $C$DW$162       .dwtag  DW_TAG_member
    1257                      .dwattr $C$DW$162, DW_AT_type(*$C$DW$T$19)
    1258                      .dwattr $C$DW$162, DW_AT_name("GPIO21")
    1259                      .dwattr $C$DW$162, DW_AT_TI_symbol_name("_GPIO21")
    1260                      .dwattr $C$DW$162, DW_AT_bit_offset(0x04), DW_AT_bit_size(0x02)
    1261                      .dwattr $C$DW$162, DW_AT_data_member_location[DW_OP_plus_uconst 0x0]
    1262                      .dwattr $C$DW$162, DW_AT_accessibility(DW_ACCESS_public)
    1263              $C$DW$163       .dwtag  DW_TAG_member
    1264                      .dwattr $C$DW$163, DW_AT_type(*$C$DW$T$19)
    1265                      .dwattr $C$DW$163, DW_AT_name("GPIO22")
TMS320C2000 Assembler PC v6.1.0 Fri Feb 14 09:23:41 2020

Tools Copyright (c) 1996-2012 Texas Instruments Incorporated
F:/Work/Code Area/Combis/Bootloader/Example_Flash2806x_API21_Combi/Example_Flash2806x_API21_Combi/Example_Flash2806x_API/Debug/Example_Flash2806x_GlobalVariableDefs.asm PAGE   24

    1266                      .dwattr $C$DW$163, DW_AT_TI_symbol_name("_GPIO22")
    1267                      .dwattr $C$DW$163, DW_AT_bit_offset(0x02), DW_AT_bit_size(0x02)
    1268                      .dwattr $C$DW$163, DW_AT_data_member_location[DW_OP_plus_uconst 0x0]
    1269                      .dwattr $C$DW$163, DW_AT_accessibility(DW_ACCESS_public)
    1270              $C$DW$164       .dwtag  DW_TAG_member
    1271                      .dwattr $C$DW$164, DW_AT_type(*$C$DW$T$19)
    1272                      .dwattr $C$DW$164, DW_AT_name("GPIO23")
    1273                      .dwattr $C$DW$164, DW_AT_TI_symbol_name("_GPIO23")
    1274                      .dwattr $C$DW$164, DW_AT_bit_offset(0x00), DW_AT_bit_size(0x02)
    1275                      .dwattr $C$DW$164, DW_AT_data_member_location[DW_OP_plus_uconst 0x0]
    1276                      .dwattr $C$DW$164, DW_AT_accessibility(DW_ACCESS_public)
    1277              $C$DW$165       .dwtag  DW_TAG_member
    1278                      .dwattr $C$DW$165, DW_AT_type(*$C$DW$T$19)
    1279                      .dwattr $C$DW$165, DW_AT_name("GPIO24")
    1280                      .dwattr $C$DW$165, DW_AT_TI_symbol_name("_GPIO24")
    1281                      .dwattr $C$DW$165, DW_AT_bit_offset(0x0e), DW_AT_bit_size(0x02)
    1282                      .dwattr $C$DW$165, DW_AT_data_member_location[DW_OP_plus_uconst 0x1]
    1283                      .dwattr $C$DW$165, DW_AT_accessibility(DW_ACCESS_public)
    1284              $C$DW$166       .dwtag  DW_TAG_member
    1285                      .dwattr $C$DW$166, DW_AT_type(*$C$DW$T$19)
    1286                      .dwattr $C$DW$166, DW_AT_name("GPIO25")
    1287                      .dwattr $C$DW$166, DW_AT_TI_symbol_name("_GPIO25")
    1288                      .dwattr $C$DW$166, DW_AT_bit_offset(0x0c), DW_AT_bit_size(0x02)
    1289                      .dwattr $C$DW$166, DW_AT_data_member_location[DW_OP_plus_uconst 0x1]
    1290                      .dwattr $C$DW$166, DW_AT_accessibility(DW_ACCESS_public)
    1291              $C$DW$167       .dwtag  DW_TAG_member
    1292                      .dwattr $C$DW$167, DW_AT_type(*$C$DW$T$19)
    1293                      .dwattr $C$DW$167, DW_AT_name("GPIO26")
    1294                      .dwattr $C$DW$167, DW_AT_TI_symbol_name("_GPIO26")
    1295                      .dwattr $C$DW$167, DW_AT_bit_offset(0x0a), DW_AT_bit_size(0x02)
    1296                      .dwattr $C$DW$167, DW_AT_data_member_location[DW_OP_plus_uconst 0x1]
    1297                      .dwattr $C$DW$167, DW_AT_accessibility(DW_ACCESS_public)
    1298              $C$DW$168       .dwtag  DW_TAG_member
    1299                      .dwattr $C$DW$168, DW_AT_type(*$C$DW$T$19)
    1300                      .dwattr $C$DW$168, DW_AT_name("GPIO27")
    1301                      .dwattr $C$DW$168, DW_AT_TI_symbol_name("_GPIO27")
    1302                      .dwattr $C$DW$168, DW_AT_bit_offset(0x08), DW_AT_bit_size(0x02)
    1303                      .dwattr $C$DW$168, DW_AT_data_member_location[DW_OP_plus_uconst 0x1]
    1304                      .dwattr $C$DW$168, DW_AT_accessibility(DW_ACCESS_public)
    1305              $C$DW$169       .dwtag  DW_TAG_member
    1306                      .dwattr $C$DW$169, DW_AT_type(*$C$DW$T$19)
    1307                      .dwattr $C$DW$169, DW_AT_name("GPIO28")
    1308                      .dwattr $C$DW$169, DW_AT_TI_symbol_name("_GPIO28")
    1309                      .dwattr $C$DW$169, DW_AT_bit_offset(0x06), DW_AT_bit_size(0x02)
    1310                      .dwattr $C$DW$169, DW_AT_data_member_location[DW_OP_plus_uconst 0x1]
    1311                      .dwattr $C$DW$169, DW_AT_accessibility(DW_ACCESS_public)
    1312              $C$DW$170       .dwtag  DW_TAG_member
    1313                      .dwattr $C$DW$170, DW_AT_type(*$C$DW$T$19)
    1314                      .dwattr $C$DW$170, DW_AT_name("GPIO29")
    1315                      .dwattr $C$DW$170, DW_AT_TI_symbol_name("_GPIO29")
    1316                      .dwattr $C$DW$170, DW_AT_bit_offset(0x04), DW_AT_bit_size(0x02)
    1317                      .dwattr $C$DW$170, DW_AT_data_member_location[DW_OP_plus_uconst 0x1]
    1318                      .dwattr $C$DW$170, DW_AT_accessibility(DW_ACCESS_public)
    1319              $C$DW$171       .dwtag  DW_TAG_member
    1320                      .dwattr $C$DW$171, DW_AT_type(*$C$DW$T$19)
TMS320C2000 Assembler PC v6.1.0 Fri Feb 14 09:23:41 2020

Tools Copyright (c) 1996-2012 Texas Instruments Incorporated
F:/Work/Code Area/Combis/Bootloader/Example_Flash2806x_API21_Combi/Example_Flash2806x_API21_Combi/Example_Flash2806x_API/Debug/Example_Flash2806x_GlobalVariableDefs.asm PAGE   25

    1321                      .dwattr $C$DW$171, DW_AT_name("GPIO30")
    1322                      .dwattr $C$DW$171, DW_AT_TI_symbol_name("_GPIO30")
    1323                      .dwattr $C$DW$171, DW_AT_bit_offset(0x02), DW_AT_bit_size(0x02)
    1324                      .dwattr $C$DW$171, DW_AT_data_member_location[DW_OP_plus_uconst 0x1]
    1325                      .dwattr $C$DW$171, DW_AT_accessibility(DW_ACCESS_public)
    1326              $C$DW$172       .dwtag  DW_TAG_member
    1327                      .dwattr $C$DW$172, DW_AT_type(*$C$DW$T$19)
    1328                      .dwattr $C$DW$172, DW_AT_name("GPIO31")
    1329                      .dwattr $C$DW$172, DW_AT_TI_symbol_name("_GPIO31")
    1330                      .dwattr $C$DW$172, DW_AT_bit_offset(0x00), DW_AT_bit_size(0x02)
    1331                      .dwattr $C$DW$172, DW_AT_data_member_location[DW_OP_plus_uconst 0x1]
    1332                      .dwattr $C$DW$172, DW_AT_accessibility(DW_ACCESS_public)
    1333                      .dwendtag $C$DW$T$50
    1334              
    1335              
    1336              $C$DW$T$51      .dwtag  DW_TAG_union_type
    1337                      .dwattr $C$DW$T$51, DW_AT_name("GPA2_REG")
    1338                      .dwattr $C$DW$T$51, DW_AT_byte_size(0x02)
    1339              $C$DW$173       .dwtag  DW_TAG_member
    1340                      .dwattr $C$DW$173, DW_AT_type(*$C$DW$T$21)
    1341                      .dwattr $C$DW$173, DW_AT_name("all")
    1342                      .dwattr $C$DW$173, DW_AT_TI_symbol_name("_all")
    1343                      .dwattr $C$DW$173, DW_AT_data_member_location[DW_OP_plus_uconst 0x0]
    1344                      .dwattr $C$DW$173, DW_AT_accessibility(DW_ACCESS_public)
    1345              $C$DW$174       .dwtag  DW_TAG_member
    1346                      .dwattr $C$DW$174, DW_AT_type(*$C$DW$T$50)
    1347                      .dwattr $C$DW$174, DW_AT_name("bit")
    1348                      .dwattr $C$DW$174, DW_AT_TI_symbol_name("_bit")
    1349                      .dwattr $C$DW$174, DW_AT_data_member_location[DW_OP_plus_uconst 0x0]
    1350                      .dwattr $C$DW$174, DW_AT_accessibility(DW_ACCESS_public)
    1351                      .dwendtag $C$DW$T$51
    1352              
    1353              
    1354              $C$DW$T$52      .dwtag  DW_TAG_structure_type
    1355                      .dwattr $C$DW$T$52, DW_AT_name("GPACTRL_BITS")
    1356                      .dwattr $C$DW$T$52, DW_AT_byte_size(0x02)
    1357              $C$DW$175       .dwtag  DW_TAG_member
    1358                      .dwattr $C$DW$175, DW_AT_type(*$C$DW$T$19)
    1359                      .dwattr $C$DW$175, DW_AT_name("QUALPRD0")
    1360                      .dwattr $C$DW$175, DW_AT_TI_symbol_name("_QUALPRD0")
    1361                      .dwattr $C$DW$175, DW_AT_bit_offset(0x08), DW_AT_bit_size(0x08)
    1362                      .dwattr $C$DW$175, DW_AT_data_member_location[DW_OP_plus_uconst 0x0]
    1363                      .dwattr $C$DW$175, DW_AT_accessibility(DW_ACCESS_public)
    1364              $C$DW$176       .dwtag  DW_TAG_member
    1365                      .dwattr $C$DW$176, DW_AT_type(*$C$DW$T$19)
    1366                      .dwattr $C$DW$176, DW_AT_name("QUALPRD1")
    1367                      .dwattr $C$DW$176, DW_AT_TI_symbol_name("_QUALPRD1")
    1368                      .dwattr $C$DW$176, DW_AT_bit_offset(0x00), DW_AT_bit_size(0x08)
    1369                      .dwattr $C$DW$176, DW_AT_data_member_location[DW_OP_plus_uconst 0x0]
    1370                      .dwattr $C$DW$176, DW_AT_accessibility(DW_ACCESS_public)
    1371              $C$DW$177       .dwtag  DW_TAG_member
    1372                      .dwattr $C$DW$177, DW_AT_type(*$C$DW$T$19)
    1373                      .dwattr $C$DW$177, DW_AT_name("QUALPRD2")
    1374                      .dwattr $C$DW$177, DW_AT_TI_symbol_name("_QUALPRD2")
    1375                      .dwattr $C$DW$177, DW_AT_bit_offset(0x08), DW_AT_bit_size(0x08)
TMS320C2000 Assembler PC v6.1.0 Fri Feb 14 09:23:41 2020

Tools Copyright (c) 1996-2012 Texas Instruments Incorporated
F:/Work/Code Area/Combis/Bootloader/Example_Flash2806x_API21_Combi/Example_Flash2806x_API21_Combi/Example_Flash2806x_API/Debug/Example_Flash2806x_GlobalVariableDefs.asm PAGE   26

    1376                      .dwattr $C$DW$177, DW_AT_data_member_location[DW_OP_plus_uconst 0x1]
    1377                      .dwattr $C$DW$177, DW_AT_accessibility(DW_ACCESS_public)
    1378              $C$DW$178       .dwtag  DW_TAG_member
    1379                      .dwattr $C$DW$178, DW_AT_type(*$C$DW$T$19)
    1380                      .dwattr $C$DW$178, DW_AT_name("QUALPRD3")
    1381                      .dwattr $C$DW$178, DW_AT_TI_symbol_name("_QUALPRD3")
    1382                      .dwattr $C$DW$178, DW_AT_bit_offset(0x00), DW_AT_bit_size(0x08)
    1383                      .dwattr $C$DW$178, DW_AT_data_member_location[DW_OP_plus_uconst 0x1]
    1384                      .dwattr $C$DW$178, DW_AT_accessibility(DW_ACCESS_public)
    1385                      .dwendtag $C$DW$T$52
    1386              
    1387              
    1388              $C$DW$T$53      .dwtag  DW_TAG_union_type
    1389                      .dwattr $C$DW$T$53, DW_AT_name("GPACTRL_REG")
    1390                      .dwattr $C$DW$T$53, DW_AT_byte_size(0x02)
    1391              $C$DW$179       .dwtag  DW_TAG_member
    1392                      .dwattr $C$DW$179, DW_AT_type(*$C$DW$T$21)
    1393                      .dwattr $C$DW$179, DW_AT_name("all")
    1394                      .dwattr $C$DW$179, DW_AT_TI_symbol_name("_all")
    1395                      .dwattr $C$DW$179, DW_AT_data_member_location[DW_OP_plus_uconst 0x0]
    1396                      .dwattr $C$DW$179, DW_AT_accessibility(DW_ACCESS_public)
    1397              $C$DW$180       .dwtag  DW_TAG_member
    1398                      .dwattr $C$DW$180, DW_AT_type(*$C$DW$T$52)
    1399                      .dwattr $C$DW$180, DW_AT_name("bit")
    1400                      .dwattr $C$DW$180, DW_AT_TI_symbol_name("_bit")
    1401                      .dwattr $C$DW$180, DW_AT_data_member_location[DW_OP_plus_uconst 0x0]
    1402                      .dwattr $C$DW$180, DW_AT_accessibility(DW_ACCESS_public)
    1403                      .dwendtag $C$DW$T$53
    1404              
    1405              
    1406              $C$DW$T$54      .dwtag  DW_TAG_structure_type
    1407                      .dwattr $C$DW$T$54, DW_AT_name("GPADAT_BITS")
    1408                      .dwattr $C$DW$T$54, DW_AT_byte_size(0x02)
    1409              $C$DW$181       .dwtag  DW_TAG_member
    1410                      .dwattr $C$DW$181, DW_AT_type(*$C$DW$T$19)
    1411                      .dwattr $C$DW$181, DW_AT_name("GPIO0")
    1412                      .dwattr $C$DW$181, DW_AT_TI_symbol_name("_GPIO0")
    1413                      .dwattr $C$DW$181, DW_AT_bit_offset(0x0f), DW_AT_bit_size(0x01)
    1414                      .dwattr $C$DW$181, DW_AT_data_member_location[DW_OP_plus_uconst 0x0]
    1415                      .dwattr $C$DW$181, DW_AT_accessibility(DW_ACCESS_public)
    1416              $C$DW$182       .dwtag  DW_TAG_member
    1417                      .dwattr $C$DW$182, DW_AT_type(*$C$DW$T$19)
    1418                      .dwattr $C$DW$182, DW_AT_name("GPIO1")
    1419                      .dwattr $C$DW$182, DW_AT_TI_symbol_name("_GPIO1")
    1420                      .dwattr $C$DW$182, DW_AT_bit_offset(0x0e), DW_AT_bit_size(0x01)
    1421                      .dwattr $C$DW$182, DW_AT_data_member_location[DW_OP_plus_uconst 0x0]
    1422                      .dwattr $C$DW$182, DW_AT_accessibility(DW_ACCESS_public)
    1423              $C$DW$183       .dwtag  DW_TAG_member
    1424                      .dwattr $C$DW$183, DW_AT_type(*$C$DW$T$19)
    1425                      .dwattr $C$DW$183, DW_AT_name("GPIO2")
    1426                      .dwattr $C$DW$183, DW_AT_TI_symbol_name("_GPIO2")
    1427                      .dwattr $C$DW$183, DW_AT_bit_offset(0x0d), DW_AT_bit_size(0x01)
    1428                      .dwattr $C$DW$183, DW_AT_data_member_location[DW_OP_plus_uconst 0x0]
    1429                      .dwattr $C$DW$183, DW_AT_accessibility(DW_ACCESS_public)
    1430              $C$DW$184       .dwtag  DW_TAG_member
TMS320C2000 Assembler PC v6.1.0 Fri Feb 14 09:23:41 2020

Tools Copyright (c) 1996-2012 Texas Instruments Incorporated
F:/Work/Code Area/Combis/Bootloader/Example_Flash2806x_API21_Combi/Example_Flash2806x_API21_Combi/Example_Flash2806x_API/Debug/Example_Flash2806x_GlobalVariableDefs.asm PAGE   27

    1431                      .dwattr $C$DW$184, DW_AT_type(*$C$DW$T$19)
    1432                      .dwattr $C$DW$184, DW_AT_name("GPIO3")
    1433                      .dwattr $C$DW$184, DW_AT_TI_symbol_name("_GPIO3")
    1434                      .dwattr $C$DW$184, DW_AT_bit_offset(0x0c), DW_AT_bit_size(0x01)
    1435                      .dwattr $C$DW$184, DW_AT_data_member_location[DW_OP_plus_uconst 0x0]
    1436                      .dwattr $C$DW$184, DW_AT_accessibility(DW_ACCESS_public)
    1437              $C$DW$185       .dwtag  DW_TAG_member
    1438                      .dwattr $C$DW$185, DW_AT_type(*$C$DW$T$19)
    1439                      .dwattr $C$DW$185, DW_AT_name("GPIO4")
    1440                      .dwattr $C$DW$185, DW_AT_TI_symbol_name("_GPIO4")
    1441                      .dwattr $C$DW$185, DW_AT_bit_offset(0x0b), DW_AT_bit_size(0x01)
    1442                      .dwattr $C$DW$185, DW_AT_data_member_location[DW_OP_plus_uconst 0x0]
    1443                      .dwattr $C$DW$185, DW_AT_accessibility(DW_ACCESS_public)
    1444              $C$DW$186       .dwtag  DW_TAG_member
    1445                      .dwattr $C$DW$186, DW_AT_type(*$C$DW$T$19)
    1446                      .dwattr $C$DW$186, DW_AT_name("GPIO5")
    1447                      .dwattr $C$DW$186, DW_AT_TI_symbol_name("_GPIO5")
    1448                      .dwattr $C$DW$186, DW_AT_bit_offset(0x0a), DW_AT_bit_size(0x01)
    1449                      .dwattr $C$DW$186, DW_AT_data_member_location[DW_OP_plus_uconst 0x0]
    1450                      .dwattr $C$DW$186, DW_AT_accessibility(DW_ACCESS_public)
    1451              $C$DW$187       .dwtag  DW_TAG_member
    1452                      .dwattr $C$DW$187, DW_AT_type(*$C$DW$T$19)
    1453                      .dwattr $C$DW$187, DW_AT_name("GPIO6")
    1454                      .dwattr $C$DW$187, DW_AT_TI_symbol_name("_GPIO6")
    1455                      .dwattr $C$DW$187, DW_AT_bit_offset(0x09), DW_AT_bit_size(0x01)
    1456                      .dwattr $C$DW$187, DW_AT_data_member_location[DW_OP_plus_uconst 0x0]
    1457                      .dwattr $C$DW$187, DW_AT_accessibility(DW_ACCESS_public)
    1458              $C$DW$188       .dwtag  DW_TAG_member
    1459                      .dwattr $C$DW$188, DW_AT_type(*$C$DW$T$19)
    1460                      .dwattr $C$DW$188, DW_AT_name("GPIO7")
    1461                      .dwattr $C$DW$188, DW_AT_TI_symbol_name("_GPIO7")
    1462                      .dwattr $C$DW$188, DW_AT_bit_offset(0x08), DW_AT_bit_size(0x01)
    1463                      .dwattr $C$DW$188, DW_AT_data_member_location[DW_OP_plus_uconst 0x0]
    1464                      .dwattr $C$DW$188, DW_AT_accessibility(DW_ACCESS_public)
    1465              $C$DW$189       .dwtag  DW_TAG_member
    1466                      .dwattr $C$DW$189, DW_AT_type(*$C$DW$T$19)
    1467                      .dwattr $C$DW$189, DW_AT_name("GPIO8")
    1468                      .dwattr $C$DW$189, DW_AT_TI_symbol_name("_GPIO8")
    1469                      .dwattr $C$DW$189, DW_AT_bit_offset(0x07), DW_AT_bit_size(0x01)
    1470                      .dwattr $C$DW$189, DW_AT_data_member_location[DW_OP_plus_uconst 0x0]
    1471                      .dwattr $C$DW$189, DW_AT_accessibility(DW_ACCESS_public)
    1472              $C$DW$190       .dwtag  DW_TAG_member
    1473                      .dwattr $C$DW$190, DW_AT_type(*$C$DW$T$19)
    1474                      .dwattr $C$DW$190, DW_AT_name("GPIO9")
    1475                      .dwattr $C$DW$190, DW_AT_TI_symbol_name("_GPIO9")
    1476                      .dwattr $C$DW$190, DW_AT_bit_offset(0x06), DW_AT_bit_size(0x01)
    1477                      .dwattr $C$DW$190, DW_AT_data_member_location[DW_OP_plus_uconst 0x0]
    1478                      .dwattr $C$DW$190, DW_AT_accessibility(DW_ACCESS_public)
    1479              $C$DW$191       .dwtag  DW_TAG_member
    1480                      .dwattr $C$DW$191, DW_AT_type(*$C$DW$T$19)
    1481                      .dwattr $C$DW$191, DW_AT_name("GPIO10")
    1482                      .dwattr $C$DW$191, DW_AT_TI_symbol_name("_GPIO10")
    1483                      .dwattr $C$DW$191, DW_AT_bit_offset(0x05), DW_AT_bit_size(0x01)
    1484                      .dwattr $C$DW$191, DW_AT_data_member_location[DW_OP_plus_uconst 0x0]
    1485                      .dwattr $C$DW$191, DW_AT_accessibility(DW_ACCESS_public)
TMS320C2000 Assembler PC v6.1.0 Fri Feb 14 09:23:41 2020

Tools Copyright (c) 1996-2012 Texas Instruments Incorporated
F:/Work/Code Area/Combis/Bootloader/Example_Flash2806x_API21_Combi/Example_Flash2806x_API21_Combi/Example_Flash2806x_API/Debug/Example_Flash2806x_GlobalVariableDefs.asm PAGE   28

    1486              $C$DW$192       .dwtag  DW_TAG_member
    1487                      .dwattr $C$DW$192, DW_AT_type(*$C$DW$T$19)
    1488                      .dwattr $C$DW$192, DW_AT_name("GPIO11")
    1489                      .dwattr $C$DW$192, DW_AT_TI_symbol_name("_GPIO11")
    1490                      .dwattr $C$DW$192, DW_AT_bit_offset(0x04), DW_AT_bit_size(0x01)
    1491                      .dwattr $C$DW$192, DW_AT_data_member_location[DW_OP_plus_uconst 0x0]
    1492                      .dwattr $C$DW$192, DW_AT_accessibility(DW_ACCESS_public)
    1493              $C$DW$193       .dwtag  DW_TAG_member
    1494                      .dwattr $C$DW$193, DW_AT_type(*$C$DW$T$19)
    1495                      .dwattr $C$DW$193, DW_AT_name("GPIO12")
    1496                      .dwattr $C$DW$193, DW_AT_TI_symbol_name("_GPIO12")
    1497                      .dwattr $C$DW$193, DW_AT_bit_offset(0x03), DW_AT_bit_size(0x01)
    1498                      .dwattr $C$DW$193, DW_AT_data_member_location[DW_OP_plus_uconst 0x0]
    1499                      .dwattr $C$DW$193, DW_AT_accessibility(DW_ACCESS_public)
    1500              $C$DW$194       .dwtag  DW_TAG_member
    1501                      .dwattr $C$DW$194, DW_AT_type(*$C$DW$T$19)
    1502                      .dwattr $C$DW$194, DW_AT_name("GPIO13")
    1503                      .dwattr $C$DW$194, DW_AT_TI_symbol_name("_GPIO13")
    1504                      .dwattr $C$DW$194, DW_AT_bit_offset(0x02), DW_AT_bit_size(0x01)
    1505                      .dwattr $C$DW$194, DW_AT_data_member_location[DW_OP_plus_uconst 0x0]
    1506                      .dwattr $C$DW$194, DW_AT_accessibility(DW_ACCESS_public)
    1507              $C$DW$195       .dwtag  DW_TAG_member
    1508                      .dwattr $C$DW$195, DW_AT_type(*$C$DW$T$19)
    1509                      .dwattr $C$DW$195, DW_AT_name("GPIO14")
    1510                      .dwattr $C$DW$195, DW_AT_TI_symbol_name("_GPIO14")
    1511                      .dwattr $C$DW$195, DW_AT_bit_offset(0x01), DW_AT_bit_size(0x01)
    1512                      .dwattr $C$DW$195, DW_AT_data_member_location[DW_OP_plus_uconst 0x0]
    1513                      .dwattr $C$DW$195, DW_AT_accessibility(DW_ACCESS_public)
    1514              $C$DW$196       .dwtag  DW_TAG_member
    1515                      .dwattr $C$DW$196, DW_AT_type(*$C$DW$T$19)
    1516                      .dwattr $C$DW$196, DW_AT_name("GPIO15")
    1517                      .dwattr $C$DW$196, DW_AT_TI_symbol_name("_GPIO15")
    1518                      .dwattr $C$DW$196, DW_AT_bit_offset(0x00), DW_AT_bit_size(0x01)
    1519                      .dwattr $C$DW$196, DW_AT_data_member_location[DW_OP_plus_uconst 0x0]
    1520                      .dwattr $C$DW$196, DW_AT_accessibility(DW_ACCESS_public)
    1521              $C$DW$197       .dwtag  DW_TAG_member
    1522                      .dwattr $C$DW$197, DW_AT_type(*$C$DW$T$19)
    1523                      .dwattr $C$DW$197, DW_AT_name("GPIO16")
    1524                      .dwattr $C$DW$197, DW_AT_TI_symbol_name("_GPIO16")
    1525                      .dwattr $C$DW$197, DW_AT_bit_offset(0x0f), DW_AT_bit_size(0x01)
    1526                      .dwattr $C$DW$197, DW_AT_data_member_location[DW_OP_plus_uconst 0x1]
    1527                      .dwattr $C$DW$197, DW_AT_accessibility(DW_ACCESS_public)
    1528              $C$DW$198       .dwtag  DW_TAG_member
    1529                      .dwattr $C$DW$198, DW_AT_type(*$C$DW$T$19)
    1530                      .dwattr $C$DW$198, DW_AT_name("GPIO17")
    1531                      .dwattr $C$DW$198, DW_AT_TI_symbol_name("_GPIO17")
    1532                      .dwattr $C$DW$198, DW_AT_bit_offset(0x0e), DW_AT_bit_size(0x01)
    1533                      .dwattr $C$DW$198, DW_AT_data_member_location[DW_OP_plus_uconst 0x1]
    1534                      .dwattr $C$DW$198, DW_AT_accessibility(DW_ACCESS_public)
    1535              $C$DW$199       .dwtag  DW_TAG_member
    1536                      .dwattr $C$DW$199, DW_AT_type(*$C$DW$T$19)
    1537                      .dwattr $C$DW$199, DW_AT_name("GPIO18")
    1538                      .dwattr $C$DW$199, DW_AT_TI_symbol_name("_GPIO18")
    1539                      .dwattr $C$DW$199, DW_AT_bit_offset(0x0d), DW_AT_bit_size(0x01)
    1540                      .dwattr $C$DW$199, DW_AT_data_member_location[DW_OP_plus_uconst 0x1]
TMS320C2000 Assembler PC v6.1.0 Fri Feb 14 09:23:41 2020

Tools Copyright (c) 1996-2012 Texas Instruments Incorporated
F:/Work/Code Area/Combis/Bootloader/Example_Flash2806x_API21_Combi/Example_Flash2806x_API21_Combi/Example_Flash2806x_API/Debug/Example_Flash2806x_GlobalVariableDefs.asm PAGE   29

    1541                      .dwattr $C$DW$199, DW_AT_accessibility(DW_ACCESS_public)
    1542              $C$DW$200       .dwtag  DW_TAG_member
    1543                      .dwattr $C$DW$200, DW_AT_type(*$C$DW$T$19)
    1544                      .dwattr $C$DW$200, DW_AT_name("GPIO19")
    1545                      .dwattr $C$DW$200, DW_AT_TI_symbol_name("_GPIO19")
    1546                      .dwattr $C$DW$200, DW_AT_bit_offset(0x0c), DW_AT_bit_size(0x01)
    1547                      .dwattr $C$DW$200, DW_AT_data_member_location[DW_OP_plus_uconst 0x1]
    1548                      .dwattr $C$DW$200, DW_AT_accessibility(DW_ACCESS_public)
    1549              $C$DW$201       .dwtag  DW_TAG_member
    1550                      .dwattr $C$DW$201, DW_AT_type(*$C$DW$T$19)
    1551                      .dwattr $C$DW$201, DW_AT_name("GPIO20")
    1552                      .dwattr $C$DW$201, DW_AT_TI_symbol_name("_GPIO20")
    1553                      .dwattr $C$DW$201, DW_AT_bit_offset(0x0b), DW_AT_bit_size(0x01)
    1554                      .dwattr $C$DW$201, DW_AT_data_member_location[DW_OP_plus_uconst 0x1]
    1555                      .dwattr $C$DW$201, DW_AT_accessibility(DW_ACCESS_public)
    1556              $C$DW$202       .dwtag  DW_TAG_member
    1557                      .dwattr $C$DW$202, DW_AT_type(*$C$DW$T$19)
    1558                      .dwattr $C$DW$202, DW_AT_name("GPIO21")
    1559                      .dwattr $C$DW$202, DW_AT_TI_symbol_name("_GPIO21")
    1560                      .dwattr $C$DW$202, DW_AT_bit_offset(0x0a), DW_AT_bit_size(0x01)
    1561                      .dwattr $C$DW$202, DW_AT_data_member_location[DW_OP_plus_uconst 0x1]
    1562                      .dwattr $C$DW$202, DW_AT_accessibility(DW_ACCESS_public)
    1563              $C$DW$203       .dwtag  DW_TAG_member
    1564                      .dwattr $C$DW$203, DW_AT_type(*$C$DW$T$19)
    1565                      .dwattr $C$DW$203, DW_AT_name("GPIO22")
    1566                      .dwattr $C$DW$203, DW_AT_TI_symbol_name("_GPIO22")
    1567                      .dwattr $C$DW$203, DW_AT_bit_offset(0x09), DW_AT_bit_size(0x01)
    1568                      .dwattr $C$DW$203, DW_AT_data_member_location[DW_OP_plus_uconst 0x1]
    1569                      .dwattr $C$DW$203, DW_AT_accessibility(DW_ACCESS_public)
    1570              $C$DW$204       .dwtag  DW_TAG_member
    1571                      .dwattr $C$DW$204, DW_AT_type(*$C$DW$T$19)
    1572                      .dwattr $C$DW$204, DW_AT_name("GPIO23")
    1573                      .dwattr $C$DW$204, DW_AT_TI_symbol_name("_GPIO23")
    1574                      .dwattr $C$DW$204, DW_AT_bit_offset(0x08), DW_AT_bit_size(0x01)
    1575                      .dwattr $C$DW$204, DW_AT_data_member_location[DW_OP_plus_uconst 0x1]
    1576                      .dwattr $C$DW$204, DW_AT_accessibility(DW_ACCESS_public)
    1577              $C$DW$205       .dwtag  DW_TAG_member
    1578                      .dwattr $C$DW$205, DW_AT_type(*$C$DW$T$19)
    1579                      .dwattr $C$DW$205, DW_AT_name("GPIO24")
    1580                      .dwattr $C$DW$205, DW_AT_TI_symbol_name("_GPIO24")
    1581                      .dwattr $C$DW$205, DW_AT_bit_offset(0x07), DW_AT_bit_size(0x01)
    1582                      .dwattr $C$DW$205, DW_AT_data_member_location[DW_OP_plus_uconst 0x1]
    1583                      .dwattr $C$DW$205, DW_AT_accessibility(DW_ACCESS_public)
    1584              $C$DW$206       .dwtag  DW_TAG_member
    1585                      .dwattr $C$DW$206, DW_AT_type(*$C$DW$T$19)
    1586                      .dwattr $C$DW$206, DW_AT_name("GPIO25")
    1587                      .dwattr $C$DW$206, DW_AT_TI_symbol_name("_GPIO25")
    1588                      .dwattr $C$DW$206, DW_AT_bit_offset(0x06), DW_AT_bit_size(0x01)
    1589                      .dwattr $C$DW$206, DW_AT_data_member_location[DW_OP_plus_uconst 0x1]
    1590                      .dwattr $C$DW$206, DW_AT_accessibility(DW_ACCESS_public)
    1591              $C$DW$207       .dwtag  DW_TAG_member
    1592                      .dwattr $C$DW$207, DW_AT_type(*$C$DW$T$19)
    1593                      .dwattr $C$DW$207, DW_AT_name("GPIO26")
    1594                      .dwattr $C$DW$207, DW_AT_TI_symbol_name("_GPIO26")
    1595                      .dwattr $C$DW$207, DW_AT_bit_offset(0x05), DW_AT_bit_size(0x01)
TMS320C2000 Assembler PC v6.1.0 Fri Feb 14 09:23:41 2020

Tools Copyright (c) 1996-2012 Texas Instruments Incorporated
F:/Work/Code Area/Combis/Bootloader/Example_Flash2806x_API21_Combi/Example_Flash2806x_API21_Combi/Example_Flash2806x_API/Debug/Example_Flash2806x_GlobalVariableDefs.asm PAGE   30

    1596                      .dwattr $C$DW$207, DW_AT_data_member_location[DW_OP_plus_uconst 0x1]
    1597                      .dwattr $C$DW$207, DW_AT_accessibility(DW_ACCESS_public)
    1598              $C$DW$208       .dwtag  DW_TAG_member
    1599                      .dwattr $C$DW$208, DW_AT_type(*$C$DW$T$19)
    1600                      .dwattr $C$DW$208, DW_AT_name("GPIO27")
    1601                      .dwattr $C$DW$208, DW_AT_TI_symbol_name("_GPIO27")
    1602                      .dwattr $C$DW$208, DW_AT_bit_offset(0x04), DW_AT_bit_size(0x01)
    1603                      .dwattr $C$DW$208, DW_AT_data_member_location[DW_OP_plus_uconst 0x1]
    1604                      .dwattr $C$DW$208, DW_AT_accessibility(DW_ACCESS_public)
    1605              $C$DW$209       .dwtag  DW_TAG_member
    1606                      .dwattr $C$DW$209, DW_AT_type(*$C$DW$T$19)
    1607                      .dwattr $C$DW$209, DW_AT_name("GPIO28")
    1608                      .dwattr $C$DW$209, DW_AT_TI_symbol_name("_GPIO28")
    1609                      .dwattr $C$DW$209, DW_AT_bit_offset(0x03), DW_AT_bit_size(0x01)
    1610                      .dwattr $C$DW$209, DW_AT_data_member_location[DW_OP_plus_uconst 0x1]
    1611                      .dwattr $C$DW$209, DW_AT_accessibility(DW_ACCESS_public)
    1612              $C$DW$210       .dwtag  DW_TAG_member
    1613                      .dwattr $C$DW$210, DW_AT_type(*$C$DW$T$19)
    1614                      .dwattr $C$DW$210, DW_AT_name("GPIO29")
    1615                      .dwattr $C$DW$210, DW_AT_TI_symbol_name("_GPIO29")
    1616                      .dwattr $C$DW$210, DW_AT_bit_offset(0x02), DW_AT_bit_size(0x01)
    1617                      .dwattr $C$DW$210, DW_AT_data_member_location[DW_OP_plus_uconst 0x1]
    1618                      .dwattr $C$DW$210, DW_AT_accessibility(DW_ACCESS_public)
    1619              $C$DW$211       .dwtag  DW_TAG_member
    1620                      .dwattr $C$DW$211, DW_AT_type(*$C$DW$T$19)
    1621                      .dwattr $C$DW$211, DW_AT_name("GPIO30")
    1622                      .dwattr $C$DW$211, DW_AT_TI_symbol_name("_GPIO30")
    1623                      .dwattr $C$DW$211, DW_AT_bit_offset(0x01), DW_AT_bit_size(0x01)
    1624                      .dwattr $C$DW$211, DW_AT_data_member_location[DW_OP_plus_uconst 0x1]
    1625                      .dwattr $C$DW$211, DW_AT_accessibility(DW_ACCESS_public)
    1626              $C$DW$212       .dwtag  DW_TAG_member
    1627                      .dwattr $C$DW$212, DW_AT_type(*$C$DW$T$19)
    1628                      .dwattr $C$DW$212, DW_AT_name("GPIO31")
    1629                      .dwattr $C$DW$212, DW_AT_TI_symbol_name("_GPIO31")
    1630                      .dwattr $C$DW$212, DW_AT_bit_offset(0x00), DW_AT_bit_size(0x01)
    1631                      .dwattr $C$DW$212, DW_AT_data_member_location[DW_OP_plus_uconst 0x1]
    1632                      .dwattr $C$DW$212, DW_AT_accessibility(DW_ACCESS_public)
    1633                      .dwendtag $C$DW$T$54
    1634              
    1635              
    1636              $C$DW$T$55      .dwtag  DW_TAG_union_type
    1637                      .dwattr $C$DW$T$55, DW_AT_name("GPADAT_REG")
    1638                      .dwattr $C$DW$T$55, DW_AT_byte_size(0x02)
    1639              $C$DW$213       .dwtag  DW_TAG_member
    1640                      .dwattr $C$DW$213, DW_AT_type(*$C$DW$T$21)
    1641                      .dwattr $C$DW$213, DW_AT_name("all")
    1642                      .dwattr $C$DW$213, DW_AT_TI_symbol_name("_all")
    1643                      .dwattr $C$DW$213, DW_AT_data_member_location[DW_OP_plus_uconst 0x0]
    1644                      .dwattr $C$DW$213, DW_AT_accessibility(DW_ACCESS_public)
    1645              $C$DW$214       .dwtag  DW_TAG_member
    1646                      .dwattr $C$DW$214, DW_AT_type(*$C$DW$T$54)
    1647                      .dwattr $C$DW$214, DW_AT_name("bit")
    1648                      .dwattr $C$DW$214, DW_AT_TI_symbol_name("_bit")
    1649                      .dwattr $C$DW$214, DW_AT_data_member_location[DW_OP_plus_uconst 0x0]
    1650                      .dwattr $C$DW$214, DW_AT_accessibility(DW_ACCESS_public)
TMS320C2000 Assembler PC v6.1.0 Fri Feb 14 09:23:41 2020

Tools Copyright (c) 1996-2012 Texas Instruments Incorporated
F:/Work/Code Area/Combis/Bootloader/Example_Flash2806x_API21_Combi/Example_Flash2806x_API21_Combi/Example_Flash2806x_API/Debug/Example_Flash2806x_GlobalVariableDefs.asm PAGE   31

    1651                      .dwendtag $C$DW$T$55
    1652              
    1653              
    1654              $C$DW$T$56      .dwtag  DW_TAG_structure_type
    1655                      .dwattr $C$DW$T$56, DW_AT_name("GPB1_BITS")
    1656                      .dwattr $C$DW$T$56, DW_AT_byte_size(0x02)
    1657              $C$DW$215       .dwtag  DW_TAG_member
    1658                      .dwattr $C$DW$215, DW_AT_type(*$C$DW$T$19)
    1659                      .dwattr $C$DW$215, DW_AT_name("GPIO32")
    1660                      .dwattr $C$DW$215, DW_AT_TI_symbol_name("_GPIO32")
    1661                      .dwattr $C$DW$215, DW_AT_bit_offset(0x0e), DW_AT_bit_size(0x02)
    1662                      .dwattr $C$DW$215, DW_AT_data_member_location[DW_OP_plus_uconst 0x0]
    1663                      .dwattr $C$DW$215, DW_AT_accessibility(DW_ACCESS_public)
    1664              $C$DW$216       .dwtag  DW_TAG_member
    1665                      .dwattr $C$DW$216, DW_AT_type(*$C$DW$T$19)
    1666                      .dwattr $C$DW$216, DW_AT_name("GPIO33")
    1667                      .dwattr $C$DW$216, DW_AT_TI_symbol_name("_GPIO33")
    1668                      .dwattr $C$DW$216, DW_AT_bit_offset(0x0c), DW_AT_bit_size(0x02)
    1669                      .dwattr $C$DW$216, DW_AT_data_member_location[DW_OP_plus_uconst 0x0]
    1670                      .dwattr $C$DW$216, DW_AT_accessibility(DW_ACCESS_public)
    1671              $C$DW$217       .dwtag  DW_TAG_member
    1672                      .dwattr $C$DW$217, DW_AT_type(*$C$DW$T$19)
    1673                      .dwattr $C$DW$217, DW_AT_name("GPIO34")
    1674                      .dwattr $C$DW$217, DW_AT_TI_symbol_name("_GPIO34")
    1675                      .dwattr $C$DW$217, DW_AT_bit_offset(0x0a), DW_AT_bit_size(0x02)
    1676                      .dwattr $C$DW$217, DW_AT_data_member_location[DW_OP_plus_uconst 0x0]
    1677                      .dwattr $C$DW$217, DW_AT_accessibility(DW_ACCESS_public)
    1678              $C$DW$218       .dwtag  DW_TAG_member
    1679                      .dwattr $C$DW$218, DW_AT_type(*$C$DW$T$19)
    1680                      .dwattr $C$DW$218, DW_AT_name("GPIO35")
    1681                      .dwattr $C$DW$218, DW_AT_TI_symbol_name("_GPIO35")
    1682                      .dwattr $C$DW$218, DW_AT_bit_offset(0x08), DW_AT_bit_size(0x02)
    1683                      .dwattr $C$DW$218, DW_AT_data_member_location[DW_OP_plus_uconst 0x0]
    1684                      .dwattr $C$DW$218, DW_AT_accessibility(DW_ACCESS_public)
    1685              $C$DW$219       .dwtag  DW_TAG_member
    1686                      .dwattr $C$DW$219, DW_AT_type(*$C$DW$T$19)
    1687                      .dwattr $C$DW$219, DW_AT_name("GPIO36")
    1688                      .dwattr $C$DW$219, DW_AT_TI_symbol_name("_GPIO36")
    1689                      .dwattr $C$DW$219, DW_AT_bit_offset(0x06), DW_AT_bit_size(0x02)
    1690                      .dwattr $C$DW$219, DW_AT_data_member_location[DW_OP_plus_uconst 0x0]
    1691                      .dwattr $C$DW$219, DW_AT_accessibility(DW_ACCESS_public)
    1692              $C$DW$220       .dwtag  DW_TAG_member
    1693                      .dwattr $C$DW$220, DW_AT_type(*$C$DW$T$19)
    1694                      .dwattr $C$DW$220, DW_AT_name("GPIO37")
    1695                      .dwattr $C$DW$220, DW_AT_TI_symbol_name("_GPIO37")
    1696                      .dwattr $C$DW$220, DW_AT_bit_offset(0x04), DW_AT_bit_size(0x02)
    1697                      .dwattr $C$DW$220, DW_AT_data_member_location[DW_OP_plus_uconst 0x0]
    1698                      .dwattr $C$DW$220, DW_AT_accessibility(DW_ACCESS_public)
    1699              $C$DW$221       .dwtag  DW_TAG_member
    1700                      .dwattr $C$DW$221, DW_AT_type(*$C$DW$T$19)
    1701                      .dwattr $C$DW$221, DW_AT_name("GPIO38")
    1702                      .dwattr $C$DW$221, DW_AT_TI_symbol_name("_GPIO38")
    1703                      .dwattr $C$DW$221, DW_AT_bit_offset(0x02), DW_AT_bit_size(0x02)
    1704                      .dwattr $C$DW$221, DW_AT_data_member_location[DW_OP_plus_uconst 0x0]
    1705                      .dwattr $C$DW$221, DW_AT_accessibility(DW_ACCESS_public)
TMS320C2000 Assembler PC v6.1.0 Fri Feb 14 09:23:41 2020

Tools Copyright (c) 1996-2012 Texas Instruments Incorporated
F:/Work/Code Area/Combis/Bootloader/Example_Flash2806x_API21_Combi/Example_Flash2806x_API21_Combi/Example_Flash2806x_API/Debug/Example_Flash2806x_GlobalVariableDefs.asm PAGE   32

    1706              $C$DW$222       .dwtag  DW_TAG_member
    1707                      .dwattr $C$DW$222, DW_AT_type(*$C$DW$T$19)
    1708                      .dwattr $C$DW$222, DW_AT_name("GPIO39")
    1709                      .dwattr $C$DW$222, DW_AT_TI_symbol_name("_GPIO39")
    1710                      .dwattr $C$DW$222, DW_AT_bit_offset(0x00), DW_AT_bit_size(0x02)
    1711                      .dwattr $C$DW$222, DW_AT_data_member_location[DW_OP_plus_uconst 0x0]
    1712                      .dwattr $C$DW$222, DW_AT_accessibility(DW_ACCESS_public)
    1713              $C$DW$223       .dwtag  DW_TAG_member
    1714                      .dwattr $C$DW$223, DW_AT_type(*$C$DW$T$19)
    1715                      .dwattr $C$DW$223, DW_AT_name("GPIO40")
    1716                      .dwattr $C$DW$223, DW_AT_TI_symbol_name("_GPIO40")
    1717                      .dwattr $C$DW$223, DW_AT_bit_offset(0x0e), DW_AT_bit_size(0x02)
    1718                      .dwattr $C$DW$223, DW_AT_data_member_location[DW_OP_plus_uconst 0x1]
    1719                      .dwattr $C$DW$223, DW_AT_accessibility(DW_ACCESS_public)
    1720              $C$DW$224       .dwtag  DW_TAG_member
    1721                      .dwattr $C$DW$224, DW_AT_type(*$C$DW$T$19)
    1722                      .dwattr $C$DW$224, DW_AT_name("GPIO41")
    1723                      .dwattr $C$DW$224, DW_AT_TI_symbol_name("_GPIO41")
    1724                      .dwattr $C$DW$224, DW_AT_bit_offset(0x0c), DW_AT_bit_size(0x02)
    1725                      .dwattr $C$DW$224, DW_AT_data_member_location[DW_OP_plus_uconst 0x1]
    1726                      .dwattr $C$DW$224, DW_AT_accessibility(DW_ACCESS_public)
    1727              $C$DW$225       .dwtag  DW_TAG_member
    1728                      .dwattr $C$DW$225, DW_AT_type(*$C$DW$T$19)
    1729                      .dwattr $C$DW$225, DW_AT_name("GPIO42")
    1730                      .dwattr $C$DW$225, DW_AT_TI_symbol_name("_GPIO42")
    1731                      .dwattr $C$DW$225, DW_AT_bit_offset(0x0a), DW_AT_bit_size(0x02)
    1732                      .dwattr $C$DW$225, DW_AT_data_member_location[DW_OP_plus_uconst 0x1]
    1733                      .dwattr $C$DW$225, DW_AT_accessibility(DW_ACCESS_public)
    1734              $C$DW$226       .dwtag  DW_TAG_member
    1735                      .dwattr $C$DW$226, DW_AT_type(*$C$DW$T$19)
    1736                      .dwattr $C$DW$226, DW_AT_name("GPIO43")
    1737                      .dwattr $C$DW$226, DW_AT_TI_symbol_name("_GPIO43")
    1738                      .dwattr $C$DW$226, DW_AT_bit_offset(0x08), DW_AT_bit_size(0x02)
    1739                      .dwattr $C$DW$226, DW_AT_data_member_location[DW_OP_plus_uconst 0x1]
    1740                      .dwattr $C$DW$226, DW_AT_accessibility(DW_ACCESS_public)
    1741              $C$DW$227       .dwtag  DW_TAG_member
    1742                      .dwattr $C$DW$227, DW_AT_type(*$C$DW$T$19)
    1743                      .dwattr $C$DW$227, DW_AT_name("GPIO44")
    1744                      .dwattr $C$DW$227, DW_AT_TI_symbol_name("_GPIO44")
    1745                      .dwattr $C$DW$227, DW_AT_bit_offset(0x06), DW_AT_bit_size(0x02)
    1746                      .dwattr $C$DW$227, DW_AT_data_member_location[DW_OP_plus_uconst 0x1]
    1747                      .dwattr $C$DW$227, DW_AT_accessibility(DW_ACCESS_public)
    1748              $C$DW$228       .dwtag  DW_TAG_member
    1749                      .dwattr $C$DW$228, DW_AT_type(*$C$DW$T$19)
    1750                      .dwattr $C$DW$228, DW_AT_name("rsvd1")
    1751                      .dwattr $C$DW$228, DW_AT_TI_symbol_name("_rsvd1")
    1752                      .dwattr $C$DW$228, DW_AT_bit_offset(0x00), DW_AT_bit_size(0x06)
    1753                      .dwattr $C$DW$228, DW_AT_data_member_location[DW_OP_plus_uconst 0x1]
    1754                      .dwattr $C$DW$228, DW_AT_accessibility(DW_ACCESS_public)
    1755                      .dwendtag $C$DW$T$56
    1756              
    1757              
    1758              $C$DW$T$57      .dwtag  DW_TAG_union_type
    1759                      .dwattr $C$DW$T$57, DW_AT_name("GPB1_REG")
    1760                      .dwattr $C$DW$T$57, DW_AT_byte_size(0x02)
TMS320C2000 Assembler PC v6.1.0 Fri Feb 14 09:23:41 2020

Tools Copyright (c) 1996-2012 Texas Instruments Incorporated
F:/Work/Code Area/Combis/Bootloader/Example_Flash2806x_API21_Combi/Example_Flash2806x_API21_Combi/Example_Flash2806x_API/Debug/Example_Flash2806x_GlobalVariableDefs.asm PAGE   33

    1761              $C$DW$229       .dwtag  DW_TAG_member
    1762                      .dwattr $C$DW$229, DW_AT_type(*$C$DW$T$21)
    1763                      .dwattr $C$DW$229, DW_AT_name("all")
    1764                      .dwattr $C$DW$229, DW_AT_TI_symbol_name("_all")
    1765                      .dwattr $C$DW$229, DW_AT_data_member_location[DW_OP_plus_uconst 0x0]
    1766                      .dwattr $C$DW$229, DW_AT_accessibility(DW_ACCESS_public)
    1767              $C$DW$230       .dwtag  DW_TAG_member
    1768                      .dwattr $C$DW$230, DW_AT_type(*$C$DW$T$56)
    1769                      .dwattr $C$DW$230, DW_AT_name("bit")
    1770                      .dwattr $C$DW$230, DW_AT_TI_symbol_name("_bit")
    1771                      .dwattr $C$DW$230, DW_AT_data_member_location[DW_OP_plus_uconst 0x0]
    1772                      .dwattr $C$DW$230, DW_AT_accessibility(DW_ACCESS_public)
    1773                      .dwendtag $C$DW$T$57
    1774              
    1775              
    1776              $C$DW$T$58      .dwtag  DW_TAG_structure_type
    1777                      .dwattr $C$DW$T$58, DW_AT_name("GPB2_BITS")
    1778                      .dwattr $C$DW$T$58, DW_AT_byte_size(0x02)
    1779              $C$DW$231       .dwtag  DW_TAG_member
    1780                      .dwattr $C$DW$231, DW_AT_type(*$C$DW$T$19)
    1781                      .dwattr $C$DW$231, DW_AT_name("rsvd1")
    1782                      .dwattr $C$DW$231, DW_AT_TI_symbol_name("_rsvd1")
    1783                      .dwattr $C$DW$231, DW_AT_bit_offset(0x0c), DW_AT_bit_size(0x04)
    1784                      .dwattr $C$DW$231, DW_AT_data_member_location[DW_OP_plus_uconst 0x0]
    1785                      .dwattr $C$DW$231, DW_AT_accessibility(DW_ACCESS_public)
    1786              $C$DW$232       .dwtag  DW_TAG_member
    1787                      .dwattr $C$DW$232, DW_AT_type(*$C$DW$T$19)
    1788                      .dwattr $C$DW$232, DW_AT_name("GPIO50")
    1789                      .dwattr $C$DW$232, DW_AT_TI_symbol_name("_GPIO50")
    1790                      .dwattr $C$DW$232, DW_AT_bit_offset(0x0a), DW_AT_bit_size(0x02)
    1791                      .dwattr $C$DW$232, DW_AT_data_member_location[DW_OP_plus_uconst 0x0]
    1792                      .dwattr $C$DW$232, DW_AT_accessibility(DW_ACCESS_public)
    1793              $C$DW$233       .dwtag  DW_TAG_member
    1794                      .dwattr $C$DW$233, DW_AT_type(*$C$DW$T$19)
    1795                      .dwattr $C$DW$233, DW_AT_name("GPIO51")
    1796                      .dwattr $C$DW$233, DW_AT_TI_symbol_name("_GPIO51")
    1797                      .dwattr $C$DW$233, DW_AT_bit_offset(0x08), DW_AT_bit_size(0x02)
    1798                      .dwattr $C$DW$233, DW_AT_data_member_location[DW_OP_plus_uconst 0x0]
    1799                      .dwattr $C$DW$233, DW_AT_accessibility(DW_ACCESS_public)
    1800              $C$DW$234       .dwtag  DW_TAG_member
    1801                      .dwattr $C$DW$234, DW_AT_type(*$C$DW$T$19)
    1802                      .dwattr $C$DW$234, DW_AT_name("GPIO52")
    1803                      .dwattr $C$DW$234, DW_AT_TI_symbol_name("_GPIO52")
    1804                      .dwattr $C$DW$234, DW_AT_bit_offset(0x06), DW_AT_bit_size(0x02)
    1805                      .dwattr $C$DW$234, DW_AT_data_member_location[DW_OP_plus_uconst 0x0]
    1806                      .dwattr $C$DW$234, DW_AT_accessibility(DW_ACCESS_public)
    1807              $C$DW$235       .dwtag  DW_TAG_member
    1808                      .dwattr $C$DW$235, DW_AT_type(*$C$DW$T$19)
    1809                      .dwattr $C$DW$235, DW_AT_name("GPIO53")
    1810                      .dwattr $C$DW$235, DW_AT_TI_symbol_name("_GPIO53")
    1811                      .dwattr $C$DW$235, DW_AT_bit_offset(0x04), DW_AT_bit_size(0x02)
    1812                      .dwattr $C$DW$235, DW_AT_data_member_location[DW_OP_plus_uconst 0x0]
    1813                      .dwattr $C$DW$235, DW_AT_accessibility(DW_ACCESS_public)
    1814              $C$DW$236       .dwtag  DW_TAG_member
    1815                      .dwattr $C$DW$236, DW_AT_type(*$C$DW$T$19)
TMS320C2000 Assembler PC v6.1.0 Fri Feb 14 09:23:41 2020

Tools Copyright (c) 1996-2012 Texas Instruments Incorporated
F:/Work/Code Area/Combis/Bootloader/Example_Flash2806x_API21_Combi/Example_Flash2806x_API21_Combi/Example_Flash2806x_API/Debug/Example_Flash2806x_GlobalVariableDefs.asm PAGE   34

    1816                      .dwattr $C$DW$236, DW_AT_name("GPIO54")
    1817                      .dwattr $C$DW$236, DW_AT_TI_symbol_name("_GPIO54")
    1818                      .dwattr $C$DW$236, DW_AT_bit_offset(0x02), DW_AT_bit_size(0x02)
    1819                      .dwattr $C$DW$236, DW_AT_data_member_location[DW_OP_plus_uconst 0x0]
    1820                      .dwattr $C$DW$236, DW_AT_accessibility(DW_ACCESS_public)
    1821              $C$DW$237       .dwtag  DW_TAG_member
    1822                      .dwattr $C$DW$237, DW_AT_type(*$C$DW$T$19)
    1823                      .dwattr $C$DW$237, DW_AT_name("GPIO55")
    1824                      .dwattr $C$DW$237, DW_AT_TI_symbol_name("_GPIO55")
    1825                      .dwattr $C$DW$237, DW_AT_bit_offset(0x00), DW_AT_bit_size(0x02)
    1826                      .dwattr $C$DW$237, DW_AT_data_member_location[DW_OP_plus_uconst 0x0]
    1827                      .dwattr $C$DW$237, DW_AT_accessibility(DW_ACCESS_public)
    1828              $C$DW$238       .dwtag  DW_TAG_member
    1829                      .dwattr $C$DW$238, DW_AT_type(*$C$DW$T$19)
    1830                      .dwattr $C$DW$238, DW_AT_name("GPIO56")
    1831                      .dwattr $C$DW$238, DW_AT_TI_symbol_name("_GPIO56")
    1832                      .dwattr $C$DW$238, DW_AT_bit_offset(0x0e), DW_AT_bit_size(0x02)
    1833                      .dwattr $C$DW$238, DW_AT_data_member_location[DW_OP_plus_uconst 0x1]
    1834                      .dwattr $C$DW$238, DW_AT_accessibility(DW_ACCESS_public)
    1835              $C$DW$239       .dwtag  DW_TAG_member
    1836                      .dwattr $C$DW$239, DW_AT_type(*$C$DW$T$19)
    1837                      .dwattr $C$DW$239, DW_AT_name("GPIO57")
    1838                      .dwattr $C$DW$239, DW_AT_TI_symbol_name("_GPIO57")
    1839                      .dwattr $C$DW$239, DW_AT_bit_offset(0x0c), DW_AT_bit_size(0x02)
    1840                      .dwattr $C$DW$239, DW_AT_data_member_location[DW_OP_plus_uconst 0x1]
    1841                      .dwattr $C$DW$239, DW_AT_accessibility(DW_ACCESS_public)
    1842              $C$DW$240       .dwtag  DW_TAG_member
    1843                      .dwattr $C$DW$240, DW_AT_type(*$C$DW$T$19)
    1844                      .dwattr $C$DW$240, DW_AT_name("GPIO58")
    1845                      .dwattr $C$DW$240, DW_AT_TI_symbol_name("_GPIO58")
    1846                      .dwattr $C$DW$240, DW_AT_bit_offset(0x0a), DW_AT_bit_size(0x02)
    1847                      .dwattr $C$DW$240, DW_AT_data_member_location[DW_OP_plus_uconst 0x1]
    1848                      .dwattr $C$DW$240, DW_AT_accessibility(DW_ACCESS_public)
    1849              $C$DW$241       .dwtag  DW_TAG_member
    1850                      .dwattr $C$DW$241, DW_AT_type(*$C$DW$T$19)
    1851                      .dwattr $C$DW$241, DW_AT_name("rsvd2")
    1852                      .dwattr $C$DW$241, DW_AT_TI_symbol_name("_rsvd2")
    1853                      .dwattr $C$DW$241, DW_AT_bit_offset(0x00), DW_AT_bit_size(0x0a)
    1854                      .dwattr $C$DW$241, DW_AT_data_member_location[DW_OP_plus_uconst 0x1]
    1855                      .dwattr $C$DW$241, DW_AT_accessibility(DW_ACCESS_public)
    1856                      .dwendtag $C$DW$T$58
    1857              
    1858              
    1859              $C$DW$T$59      .dwtag  DW_TAG_union_type
    1860                      .dwattr $C$DW$T$59, DW_AT_name("GPB2_REG")
    1861                      .dwattr $C$DW$T$59, DW_AT_byte_size(0x02)
    1862              $C$DW$242       .dwtag  DW_TAG_member
    1863                      .dwattr $C$DW$242, DW_AT_type(*$C$DW$T$21)
    1864                      .dwattr $C$DW$242, DW_AT_name("all")
    1865                      .dwattr $C$DW$242, DW_AT_TI_symbol_name("_all")
    1866                      .dwattr $C$DW$242, DW_AT_data_member_location[DW_OP_plus_uconst 0x0]
    1867                      .dwattr $C$DW$242, DW_AT_accessibility(DW_ACCESS_public)
    1868              $C$DW$243       .dwtag  DW_TAG_member
    1869                      .dwattr $C$DW$243, DW_AT_type(*$C$DW$T$58)
    1870                      .dwattr $C$DW$243, DW_AT_name("bit")
TMS320C2000 Assembler PC v6.1.0 Fri Feb 14 09:23:41 2020

Tools Copyright (c) 1996-2012 Texas Instruments Incorporated
F:/Work/Code Area/Combis/Bootloader/Example_Flash2806x_API21_Combi/Example_Flash2806x_API21_Combi/Example_Flash2806x_API/Debug/Example_Flash2806x_GlobalVariableDefs.asm PAGE   35

    1871                      .dwattr $C$DW$243, DW_AT_TI_symbol_name("_bit")
    1872                      .dwattr $C$DW$243, DW_AT_data_member_location[DW_OP_plus_uconst 0x0]
    1873                      .dwattr $C$DW$243, DW_AT_accessibility(DW_ACCESS_public)
    1874                      .dwendtag $C$DW$T$59
    1875              
    1876              
    1877              $C$DW$T$60      .dwtag  DW_TAG_structure_type
    1878                      .dwattr $C$DW$T$60, DW_AT_name("GPBCTRL_BITS")
    1879                      .dwattr $C$DW$T$60, DW_AT_byte_size(0x02)
    1880              $C$DW$244       .dwtag  DW_TAG_member
    1881                      .dwattr $C$DW$244, DW_AT_type(*$C$DW$T$19)
    1882                      .dwattr $C$DW$244, DW_AT_name("QUALPRD0")
    1883                      .dwattr $C$DW$244, DW_AT_TI_symbol_name("_QUALPRD0")
    1884                      .dwattr $C$DW$244, DW_AT_bit_offset(0x08), DW_AT_bit_size(0x08)
    1885                      .dwattr $C$DW$244, DW_AT_data_member_location[DW_OP_plus_uconst 0x0]
    1886                      .dwattr $C$DW$244, DW_AT_accessibility(DW_ACCESS_public)
    1887              $C$DW$245       .dwtag  DW_TAG_member
    1888                      .dwattr $C$DW$245, DW_AT_type(*$C$DW$T$19)
    1889                      .dwattr $C$DW$245, DW_AT_name("QUALPRD1")
    1890                      .dwattr $C$DW$245, DW_AT_TI_symbol_name("_QUALPRD1")
    1891                      .dwattr $C$DW$245, DW_AT_bit_offset(0x00), DW_AT_bit_size(0x08)
    1892                      .dwattr $C$DW$245, DW_AT_data_member_location[DW_OP_plus_uconst 0x0]
    1893                      .dwattr $C$DW$245, DW_AT_accessibility(DW_ACCESS_public)
    1894              $C$DW$246       .dwtag  DW_TAG_member
    1895                      .dwattr $C$DW$246, DW_AT_type(*$C$DW$T$19)
    1896                      .dwattr $C$DW$246, DW_AT_name("QUALPRD2")
    1897                      .dwattr $C$DW$246, DW_AT_TI_symbol_name("_QUALPRD2")
    1898                      .dwattr $C$DW$246, DW_AT_bit_offset(0x08), DW_AT_bit_size(0x08)
    1899                      .dwattr $C$DW$246, DW_AT_data_member_location[DW_OP_plus_uconst 0x1]
    1900                      .dwattr $C$DW$246, DW_AT_accessibility(DW_ACCESS_public)
    1901              $C$DW$247       .dwtag  DW_TAG_member
    1902                      .dwattr $C$DW$247, DW_AT_type(*$C$DW$T$19)
    1903                      .dwattr $C$DW$247, DW_AT_name("QUALPRD3")
    1904                      .dwattr $C$DW$247, DW_AT_TI_symbol_name("_QUALPRD3")
    1905                      .dwattr $C$DW$247, DW_AT_bit_offset(0x00), DW_AT_bit_size(0x08)
    1906                      .dwattr $C$DW$247, DW_AT_data_member_location[DW_OP_plus_uconst 0x1]
    1907                      .dwattr $C$DW$247, DW_AT_accessibility(DW_ACCESS_public)
    1908                      .dwendtag $C$DW$T$60
    1909              
    1910              
    1911              $C$DW$T$61      .dwtag  DW_TAG_union_type
    1912                      .dwattr $C$DW$T$61, DW_AT_name("GPBCTRL_REG")
    1913                      .dwattr $C$DW$T$61, DW_AT_byte_size(0x02)
    1914              $C$DW$248       .dwtag  DW_TAG_member
    1915                      .dwattr $C$DW$248, DW_AT_type(*$C$DW$T$21)
    1916                      .dwattr $C$DW$248, DW_AT_name("all")
    1917                      .dwattr $C$DW$248, DW_AT_TI_symbol_name("_all")
    1918                      .dwattr $C$DW$248, DW_AT_data_member_location[DW_OP_plus_uconst 0x0]
    1919                      .dwattr $C$DW$248, DW_AT_accessibility(DW_ACCESS_public)
    1920              $C$DW$249       .dwtag  DW_TAG_member
    1921                      .dwattr $C$DW$249, DW_AT_type(*$C$DW$T$60)
    1922                      .dwattr $C$DW$249, DW_AT_name("bit")
    1923                      .dwattr $C$DW$249, DW_AT_TI_symbol_name("_bit")
    1924                      .dwattr $C$DW$249, DW_AT_data_member_location[DW_OP_plus_uconst 0x0]
    1925                      .dwattr $C$DW$249, DW_AT_accessibility(DW_ACCESS_public)
TMS320C2000 Assembler PC v6.1.0 Fri Feb 14 09:23:41 2020

Tools Copyright (c) 1996-2012 Texas Instruments Incorporated
F:/Work/Code Area/Combis/Bootloader/Example_Flash2806x_API21_Combi/Example_Flash2806x_API21_Combi/Example_Flash2806x_API/Debug/Example_Flash2806x_GlobalVariableDefs.asm PAGE   36

    1926                      .dwendtag $C$DW$T$61
    1927              
    1928              
    1929              $C$DW$T$62      .dwtag  DW_TAG_structure_type
    1930                      .dwattr $C$DW$T$62, DW_AT_name("GPBDAT_BITS")
    1931                      .dwattr $C$DW$T$62, DW_AT_byte_size(0x02)
    1932              $C$DW$250       .dwtag  DW_TAG_member
    1933                      .dwattr $C$DW$250, DW_AT_type(*$C$DW$T$19)
    1934                      .dwattr $C$DW$250, DW_AT_name("GPIO32")
    1935                      .dwattr $C$DW$250, DW_AT_TI_symbol_name("_GPIO32")
    1936                      .dwattr $C$DW$250, DW_AT_bit_offset(0x0f), DW_AT_bit_size(0x01)
    1937                      .dwattr $C$DW$250, DW_AT_data_member_location[DW_OP_plus_uconst 0x0]
    1938                      .dwattr $C$DW$250, DW_AT_accessibility(DW_ACCESS_public)
    1939              $C$DW$251       .dwtag  DW_TAG_member
    1940                      .dwattr $C$DW$251, DW_AT_type(*$C$DW$T$19)
    1941                      .dwattr $C$DW$251, DW_AT_name("GPIO33")
    1942                      .dwattr $C$DW$251, DW_AT_TI_symbol_name("_GPIO33")
    1943                      .dwattr $C$DW$251, DW_AT_bit_offset(0x0e), DW_AT_bit_size(0x01)
    1944                      .dwattr $C$DW$251, DW_AT_data_member_location[DW_OP_plus_uconst 0x0]
    1945                      .dwattr $C$DW$251, DW_AT_accessibility(DW_ACCESS_public)
    1946              $C$DW$252       .dwtag  DW_TAG_member
    1947                      .dwattr $C$DW$252, DW_AT_type(*$C$DW$T$19)
    1948                      .dwattr $C$DW$252, DW_AT_name("GPIO34")
    1949                      .dwattr $C$DW$252, DW_AT_TI_symbol_name("_GPIO34")
    1950                      .dwattr $C$DW$252, DW_AT_bit_offset(0x0d), DW_AT_bit_size(0x01)
    1951                      .dwattr $C$DW$252, DW_AT_data_member_location[DW_OP_plus_uconst 0x0]
    1952                      .dwattr $C$DW$252, DW_AT_accessibility(DW_ACCESS_public)
    1953              $C$DW$253       .dwtag  DW_TAG_member
    1954                      .dwattr $C$DW$253, DW_AT_type(*$C$DW$T$19)
    1955                      .dwattr $C$DW$253, DW_AT_name("GPIO35")
    1956                      .dwattr $C$DW$253, DW_AT_TI_symbol_name("_GPIO35")
    1957                      .dwattr $C$DW$253, DW_AT_bit_offset(0x0c), DW_AT_bit_size(0x01)
    1958                      .dwattr $C$DW$253, DW_AT_data_member_location[DW_OP_plus_uconst 0x0]
    1959                      .dwattr $C$DW$253, DW_AT_accessibility(DW_ACCESS_public)
    1960              $C$DW$254       .dwtag  DW_TAG_member
    1961                      .dwattr $C$DW$254, DW_AT_type(*$C$DW$T$19)
    1962                      .dwattr $C$DW$254, DW_AT_name("GPIO36")
    1963                      .dwattr $C$DW$254, DW_AT_TI_symbol_name("_GPIO36")
    1964                      .dwattr $C$DW$254, DW_AT_bit_offset(0x0b), DW_AT_bit_size(0x01)
    1965                      .dwattr $C$DW$254, DW_AT_data_member_location[DW_OP_plus_uconst 0x0]
    1966                      .dwattr $C$DW$254, DW_AT_accessibility(DW_ACCESS_public)
    1967              $C$DW$255       .dwtag  DW_TAG_member
    1968                      .dwattr $C$DW$255, DW_AT_type(*$C$DW$T$19)
    1969                      .dwattr $C$DW$255, DW_AT_name("GPIO37")
    1970                      .dwattr $C$DW$255, DW_AT_TI_symbol_name("_GPIO37")
    1971                      .dwattr $C$DW$255, DW_AT_bit_offset(0x0a), DW_AT_bit_size(0x01)
    1972                      .dwattr $C$DW$255, DW_AT_data_member_location[DW_OP_plus_uconst 0x0]
    1973                      .dwattr $C$DW$255, DW_AT_accessibility(DW_ACCESS_public)
    1974              $C$DW$256       .dwtag  DW_TAG_member
    1975                      .dwattr $C$DW$256, DW_AT_type(*$C$DW$T$19)
    1976                      .dwattr $C$DW$256, DW_AT_name("GPIO38")
    1977                      .dwattr $C$DW$256, DW_AT_TI_symbol_name("_GPIO38")
    1978                      .dwattr $C$DW$256, DW_AT_bit_offset(0x09), DW_AT_bit_size(0x01)
    1979                      .dwattr $C$DW$256, DW_AT_data_member_location[DW_OP_plus_uconst 0x0]
    1980                      .dwattr $C$DW$256, DW_AT_accessibility(DW_ACCESS_public)
TMS320C2000 Assembler PC v6.1.0 Fri Feb 14 09:23:41 2020

Tools Copyright (c) 1996-2012 Texas Instruments Incorporated
F:/Work/Code Area/Combis/Bootloader/Example_Flash2806x_API21_Combi/Example_Flash2806x_API21_Combi/Example_Flash2806x_API/Debug/Example_Flash2806x_GlobalVariableDefs.asm PAGE   37

    1981              $C$DW$257       .dwtag  DW_TAG_member
    1982                      .dwattr $C$DW$257, DW_AT_type(*$C$DW$T$19)
    1983                      .dwattr $C$DW$257, DW_AT_name("GPIO39")
    1984                      .dwattr $C$DW$257, DW_AT_TI_symbol_name("_GPIO39")
    1985                      .dwattr $C$DW$257, DW_AT_bit_offset(0x08), DW_AT_bit_size(0x01)
    1986                      .dwattr $C$DW$257, DW_AT_data_member_location[DW_OP_plus_uconst 0x0]
    1987                      .dwattr $C$DW$257, DW_AT_accessibility(DW_ACCESS_public)
    1988              $C$DW$258       .dwtag  DW_TAG_member
    1989                      .dwattr $C$DW$258, DW_AT_type(*$C$DW$T$19)
    1990                      .dwattr $C$DW$258, DW_AT_name("GPIO40")
    1991                      .dwattr $C$DW$258, DW_AT_TI_symbol_name("_GPIO40")
    1992                      .dwattr $C$DW$258, DW_AT_bit_offset(0x07), DW_AT_bit_size(0x01)
    1993                      .dwattr $C$DW$258, DW_AT_data_member_location[DW_OP_plus_uconst 0x0]
    1994                      .dwattr $C$DW$258, DW_AT_accessibility(DW_ACCESS_public)
    1995              $C$DW$259       .dwtag  DW_TAG_member
    1996                      .dwattr $C$DW$259, DW_AT_type(*$C$DW$T$19)
    1997                      .dwattr $C$DW$259, DW_AT_name("GPIO41")
    1998                      .dwattr $C$DW$259, DW_AT_TI_symbol_name("_GPIO41")
    1999                      .dwattr $C$DW$259, DW_AT_bit_offset(0x06), DW_AT_bit_size(0x01)
    2000                      .dwattr $C$DW$259, DW_AT_data_member_location[DW_OP_plus_uconst 0x0]
    2001                      .dwattr $C$DW$259, DW_AT_accessibility(DW_ACCESS_public)
    2002              $C$DW$260       .dwtag  DW_TAG_member
    2003                      .dwattr $C$DW$260, DW_AT_type(*$C$DW$T$19)
    2004                      .dwattr $C$DW$260, DW_AT_name("GPIO42")
    2005                      .dwattr $C$DW$260, DW_AT_TI_symbol_name("_GPIO42")
    2006                      .dwattr $C$DW$260, DW_AT_bit_offset(0x05), DW_AT_bit_size(0x01)
    2007                      .dwattr $C$DW$260, DW_AT_data_member_location[DW_OP_plus_uconst 0x0]
    2008                      .dwattr $C$DW$260, DW_AT_accessibility(DW_ACCESS_public)
    2009              $C$DW$261       .dwtag  DW_TAG_member
    2010                      .dwattr $C$DW$261, DW_AT_type(*$C$DW$T$19)
    2011                      .dwattr $C$DW$261, DW_AT_name("GPIO43")
    2012                      .dwattr $C$DW$261, DW_AT_TI_symbol_name("_GPIO43")
    2013                      .dwattr $C$DW$261, DW_AT_bit_offset(0x04), DW_AT_bit_size(0x01)
    2014                      .dwattr $C$DW$261, DW_AT_data_member_location[DW_OP_plus_uconst 0x0]
    2015                      .dwattr $C$DW$261, DW_AT_accessibility(DW_ACCESS_public)
    2016              $C$DW$262       .dwtag  DW_TAG_member
    2017                      .dwattr $C$DW$262, DW_AT_type(*$C$DW$T$19)
    2018                      .dwattr $C$DW$262, DW_AT_name("GPIO44")
    2019                      .dwattr $C$DW$262, DW_AT_TI_symbol_name("_GPIO44")
    2020                      .dwattr $C$DW$262, DW_AT_bit_offset(0x03), DW_AT_bit_size(0x01)
    2021                      .dwattr $C$DW$262, DW_AT_data_member_location[DW_OP_plus_uconst 0x0]
    2022                      .dwattr $C$DW$262, DW_AT_accessibility(DW_ACCESS_public)
    2023              $C$DW$263       .dwtag  DW_TAG_member
    2024                      .dwattr $C$DW$263, DW_AT_type(*$C$DW$T$19)
    2025                      .dwattr $C$DW$263, DW_AT_name("rsvd1")
    2026                      .dwattr $C$DW$263, DW_AT_TI_symbol_name("_rsvd1")
    2027                      .dwattr $C$DW$263, DW_AT_bit_offset(0x00), DW_AT_bit_size(0x03)
    2028                      .dwattr $C$DW$263, DW_AT_data_member_location[DW_OP_plus_uconst 0x0]
    2029                      .dwattr $C$DW$263, DW_AT_accessibility(DW_ACCESS_public)
    2030              $C$DW$264       .dwtag  DW_TAG_member
    2031                      .dwattr $C$DW$264, DW_AT_type(*$C$DW$T$19)
    2032                      .dwattr $C$DW$264, DW_AT_name("rsvd2")
    2033                      .dwattr $C$DW$264, DW_AT_TI_symbol_name("_rsvd2")
    2034                      .dwattr $C$DW$264, DW_AT_bit_offset(0x0e), DW_AT_bit_size(0x02)
    2035                      .dwattr $C$DW$264, DW_AT_data_member_location[DW_OP_plus_uconst 0x1]
TMS320C2000 Assembler PC v6.1.0 Fri Feb 14 09:23:41 2020

Tools Copyright (c) 1996-2012 Texas Instruments Incorporated
F:/Work/Code Area/Combis/Bootloader/Example_Flash2806x_API21_Combi/Example_Flash2806x_API21_Combi/Example_Flash2806x_API/Debug/Example_Flash2806x_GlobalVariableDefs.asm PAGE   38

    2036                      .dwattr $C$DW$264, DW_AT_accessibility(DW_ACCESS_public)
    2037              $C$DW$265       .dwtag  DW_TAG_member
    2038                      .dwattr $C$DW$265, DW_AT_type(*$C$DW$T$19)
    2039                      .dwattr $C$DW$265, DW_AT_name("GPIO50")
    2040                      .dwattr $C$DW$265, DW_AT_TI_symbol_name("_GPIO50")
    2041                      .dwattr $C$DW$265, DW_AT_bit_offset(0x0d), DW_AT_bit_size(0x01)
    2042                      .dwattr $C$DW$265, DW_AT_data_member_location[DW_OP_plus_uconst 0x1]
    2043                      .dwattr $C$DW$265, DW_AT_accessibility(DW_ACCESS_public)
    2044              $C$DW$266       .dwtag  DW_TAG_member
    2045                      .dwattr $C$DW$266, DW_AT_type(*$C$DW$T$19)
    2046                      .dwattr $C$DW$266, DW_AT_name("GPIO51")
    2047                      .dwattr $C$DW$266, DW_AT_TI_symbol_name("_GPIO51")
    2048                      .dwattr $C$DW$266, DW_AT_bit_offset(0x0c), DW_AT_bit_size(0x01)
    2049                      .dwattr $C$DW$266, DW_AT_data_member_location[DW_OP_plus_uconst 0x1]
    2050                      .dwattr $C$DW$266, DW_AT_accessibility(DW_ACCESS_public)
    2051              $C$DW$267       .dwtag  DW_TAG_member
    2052                      .dwattr $C$DW$267, DW_AT_type(*$C$DW$T$19)
    2053                      .dwattr $C$DW$267, DW_AT_name("GPIO52")
    2054                      .dwattr $C$DW$267, DW_AT_TI_symbol_name("_GPIO52")
    2055                      .dwattr $C$DW$267, DW_AT_bit_offset(0x0b), DW_AT_bit_size(0x01)
    2056                      .dwattr $C$DW$267, DW_AT_data_member_location[DW_OP_plus_uconst 0x1]
    2057                      .dwattr $C$DW$267, DW_AT_accessibility(DW_ACCESS_public)
    2058              $C$DW$268       .dwtag  DW_TAG_member
    2059                      .dwattr $C$DW$268, DW_AT_type(*$C$DW$T$19)
    2060                      .dwattr $C$DW$268, DW_AT_name("GPIO53")
    2061                      .dwattr $C$DW$268, DW_AT_TI_symbol_name("_GPIO53")
    2062                      .dwattr $C$DW$268, DW_AT_bit_offset(0x0a), DW_AT_bit_size(0x01)
    2063                      .dwattr $C$DW$268, DW_AT_data_member_location[DW_OP_plus_uconst 0x1]
    2064                      .dwattr $C$DW$268, DW_AT_accessibility(DW_ACCESS_public)
    2065              $C$DW$269       .dwtag  DW_TAG_member
    2066                      .dwattr $C$DW$269, DW_AT_type(*$C$DW$T$19)
    2067                      .dwattr $C$DW$269, DW_AT_name("GPIO54")
    2068                      .dwattr $C$DW$269, DW_AT_TI_symbol_name("_GPIO54")
    2069                      .dwattr $C$DW$269, DW_AT_bit_offset(0x09), DW_AT_bit_size(0x01)
    2070                      .dwattr $C$DW$269, DW_AT_data_member_location[DW_OP_plus_uconst 0x1]
    2071                      .dwattr $C$DW$269, DW_AT_accessibility(DW_ACCESS_public)
    2072              $C$DW$270       .dwtag  DW_TAG_member
    2073                      .dwattr $C$DW$270, DW_AT_type(*$C$DW$T$19)
    2074                      .dwattr $C$DW$270, DW_AT_name("GPIO55")
    2075                      .dwattr $C$DW$270, DW_AT_TI_symbol_name("_GPIO55")
    2076                      .dwattr $C$DW$270, DW_AT_bit_offset(0x08), DW_AT_bit_size(0x01)
    2077                      .dwattr $C$DW$270, DW_AT_data_member_location[DW_OP_plus_uconst 0x1]
    2078                      .dwattr $C$DW$270, DW_AT_accessibility(DW_ACCESS_public)
    2079              $C$DW$271       .dwtag  DW_TAG_member
    2080                      .dwattr $C$DW$271, DW_AT_type(*$C$DW$T$19)
    2081                      .dwattr $C$DW$271, DW_AT_name("GPIO56")
    2082                      .dwattr $C$DW$271, DW_AT_TI_symbol_name("_GPIO56")
    2083                      .dwattr $C$DW$271, DW_AT_bit_offset(0x07), DW_AT_bit_size(0x01)
    2084                      .dwattr $C$DW$271, DW_AT_data_member_location[DW_OP_plus_uconst 0x1]
    2085                      .dwattr $C$DW$271, DW_AT_accessibility(DW_ACCESS_public)
    2086              $C$DW$272       .dwtag  DW_TAG_member
    2087                      .dwattr $C$DW$272, DW_AT_type(*$C$DW$T$19)
    2088                      .dwattr $C$DW$272, DW_AT_name("GPIO57")
    2089                      .dwattr $C$DW$272, DW_AT_TI_symbol_name("_GPIO57")
    2090                      .dwattr $C$DW$272, DW_AT_bit_offset(0x06), DW_AT_bit_size(0x01)
TMS320C2000 Assembler PC v6.1.0 Fri Feb 14 09:23:41 2020

Tools Copyright (c) 1996-2012 Texas Instruments Incorporated
F:/Work/Code Area/Combis/Bootloader/Example_Flash2806x_API21_Combi/Example_Flash2806x_API21_Combi/Example_Flash2806x_API/Debug/Example_Flash2806x_GlobalVariableDefs.asm PAGE   39

    2091                      .dwattr $C$DW$272, DW_AT_data_member_location[DW_OP_plus_uconst 0x1]
    2092                      .dwattr $C$DW$272, DW_AT_accessibility(DW_ACCESS_public)
    2093              $C$DW$273       .dwtag  DW_TAG_member
    2094                      .dwattr $C$DW$273, DW_AT_type(*$C$DW$T$19)
    2095                      .dwattr $C$DW$273, DW_AT_name("GPIO58")
    2096                      .dwattr $C$DW$273, DW_AT_TI_symbol_name("_GPIO58")
    2097                      .dwattr $C$DW$273, DW_AT_bit_offset(0x05), DW_AT_bit_size(0x01)
    2098                      .dwattr $C$DW$273, DW_AT_data_member_location[DW_OP_plus_uconst 0x1]
    2099                      .dwattr $C$DW$273, DW_AT_accessibility(DW_ACCESS_public)
    2100              $C$DW$274       .dwtag  DW_TAG_member
    2101                      .dwattr $C$DW$274, DW_AT_type(*$C$DW$T$19)
    2102                      .dwattr $C$DW$274, DW_AT_name("rsvd3")
    2103                      .dwattr $C$DW$274, DW_AT_TI_symbol_name("_rsvd3")
    2104                      .dwattr $C$DW$274, DW_AT_bit_offset(0x00), DW_AT_bit_size(0x05)
    2105                      .dwattr $C$DW$274, DW_AT_data_member_location[DW_OP_plus_uconst 0x1]
    2106                      .dwattr $C$DW$274, DW_AT_accessibility(DW_ACCESS_public)
    2107                      .dwendtag $C$DW$T$62
    2108              
    2109              
    2110              $C$DW$T$63      .dwtag  DW_TAG_union_type
    2111                      .dwattr $C$DW$T$63, DW_AT_name("GPBDAT_REG")
    2112                      .dwattr $C$DW$T$63, DW_AT_byte_size(0x02)
    2113              $C$DW$275       .dwtag  DW_TAG_member
    2114                      .dwattr $C$DW$275, DW_AT_type(*$C$DW$T$21)
    2115                      .dwattr $C$DW$275, DW_AT_name("all")
    2116                      .dwattr $C$DW$275, DW_AT_TI_symbol_name("_all")
    2117                      .dwattr $C$DW$275, DW_AT_data_member_location[DW_OP_plus_uconst 0x0]
    2118                      .dwattr $C$DW$275, DW_AT_accessibility(DW_ACCESS_public)
    2119              $C$DW$276       .dwtag  DW_TAG_member
    2120                      .dwattr $C$DW$276, DW_AT_type(*$C$DW$T$62)
    2121                      .dwattr $C$DW$276, DW_AT_name("bit")
    2122                      .dwattr $C$DW$276, DW_AT_TI_symbol_name("_bit")
    2123                      .dwattr $C$DW$276, DW_AT_data_member_location[DW_OP_plus_uconst 0x0]
    2124                      .dwattr $C$DW$276, DW_AT_accessibility(DW_ACCESS_public)
    2125                      .dwendtag $C$DW$T$63
    2126              
    2127              
    2128              $C$DW$T$67      .dwtag  DW_TAG_structure_type
    2129                      .dwattr $C$DW$T$67, DW_AT_name("GPIO_CTRL_REGS")
    2130                      .dwattr $C$DW$T$67, DW_AT_byte_size(0x40)
    2131              $C$DW$277       .dwtag  DW_TAG_member
    2132                      .dwattr $C$DW$277, DW_AT_type(*$C$DW$T$53)
    2133                      .dwattr $C$DW$277, DW_AT_name("GPACTRL")
    2134                      .dwattr $C$DW$277, DW_AT_TI_symbol_name("_GPACTRL")
    2135                      .dwattr $C$DW$277, DW_AT_data_member_location[DW_OP_plus_uconst 0x0]
    2136                      .dwattr $C$DW$277, DW_AT_accessibility(DW_ACCESS_public)
    2137              $C$DW$278       .dwtag  DW_TAG_member
    2138                      .dwattr $C$DW$278, DW_AT_type(*$C$DW$T$49)
    2139                      .dwattr $C$DW$278, DW_AT_name("GPAQSEL1")
    2140                      .dwattr $C$DW$278, DW_AT_TI_symbol_name("_GPAQSEL1")
    2141                      .dwattr $C$DW$278, DW_AT_data_member_location[DW_OP_plus_uconst 0x2]
    2142                      .dwattr $C$DW$278, DW_AT_accessibility(DW_ACCESS_public)
    2143              $C$DW$279       .dwtag  DW_TAG_member
    2144                      .dwattr $C$DW$279, DW_AT_type(*$C$DW$T$51)
    2145                      .dwattr $C$DW$279, DW_AT_name("GPAQSEL2")
TMS320C2000 Assembler PC v6.1.0 Fri Feb 14 09:23:41 2020

Tools Copyright (c) 1996-2012 Texas Instruments Incorporated
F:/Work/Code Area/Combis/Bootloader/Example_Flash2806x_API21_Combi/Example_Flash2806x_API21_Combi/Example_Flash2806x_API/Debug/Example_Flash2806x_GlobalVariableDefs.asm PAGE   40

    2146                      .dwattr $C$DW$279, DW_AT_TI_symbol_name("_GPAQSEL2")
    2147                      .dwattr $C$DW$279, DW_AT_data_member_location[DW_OP_plus_uconst 0x4]
    2148                      .dwattr $C$DW$279, DW_AT_accessibility(DW_ACCESS_public)
    2149              $C$DW$280       .dwtag  DW_TAG_member
    2150                      .dwattr $C$DW$280, DW_AT_type(*$C$DW$T$49)
    2151                      .dwattr $C$DW$280, DW_AT_name("GPAMUX1")
    2152                      .dwattr $C$DW$280, DW_AT_TI_symbol_name("_GPAMUX1")
    2153                      .dwattr $C$DW$280, DW_AT_data_member_location[DW_OP_plus_uconst 0x6]
    2154                      .dwattr $C$DW$280, DW_AT_accessibility(DW_ACCESS_public)
    2155              $C$DW$281       .dwtag  DW_TAG_member
    2156                      .dwattr $C$DW$281, DW_AT_type(*$C$DW$T$51)
    2157                      .dwattr $C$DW$281, DW_AT_name("GPAMUX2")
    2158                      .dwattr $C$DW$281, DW_AT_TI_symbol_name("_GPAMUX2")
    2159                      .dwattr $C$DW$281, DW_AT_data_member_location[DW_OP_plus_uconst 0x8]
    2160                      .dwattr $C$DW$281, DW_AT_accessibility(DW_ACCESS_public)
    2161              $C$DW$282       .dwtag  DW_TAG_member
    2162                      .dwattr $C$DW$282, DW_AT_type(*$C$DW$T$55)
    2163                      .dwattr $C$DW$282, DW_AT_name("GPADIR")
    2164                      .dwattr $C$DW$282, DW_AT_TI_symbol_name("_GPADIR")
    2165                      .dwattr $C$DW$282, DW_AT_data_member_location[DW_OP_plus_uconst 0xa]
    2166                      .dwattr $C$DW$282, DW_AT_accessibility(DW_ACCESS_public)
    2167              $C$DW$283       .dwtag  DW_TAG_member
    2168                      .dwattr $C$DW$283, DW_AT_type(*$C$DW$T$55)
    2169                      .dwattr $C$DW$283, DW_AT_name("GPAPUD")
    2170                      .dwattr $C$DW$283, DW_AT_TI_symbol_name("_GPAPUD")
    2171                      .dwattr $C$DW$283, DW_AT_data_member_location[DW_OP_plus_uconst 0xc]
    2172                      .dwattr $C$DW$283, DW_AT_accessibility(DW_ACCESS_public)
    2173              $C$DW$284       .dwtag  DW_TAG_member
    2174                      .dwattr $C$DW$284, DW_AT_type(*$C$DW$T$64)
    2175                      .dwattr $C$DW$284, DW_AT_name("rsvd1")
    2176                      .dwattr $C$DW$284, DW_AT_TI_symbol_name("_rsvd1")
    2177                      .dwattr $C$DW$284, DW_AT_data_member_location[DW_OP_plus_uconst 0xe]
    2178                      .dwattr $C$DW$284, DW_AT_accessibility(DW_ACCESS_public)
    2179              $C$DW$285       .dwtag  DW_TAG_member
    2180                      .dwattr $C$DW$285, DW_AT_type(*$C$DW$T$61)
    2181                      .dwattr $C$DW$285, DW_AT_name("GPBCTRL")
    2182                      .dwattr $C$DW$285, DW_AT_TI_symbol_name("_GPBCTRL")
    2183                      .dwattr $C$DW$285, DW_AT_data_member_location[DW_OP_plus_uconst 0x10]
    2184                      .dwattr $C$DW$285, DW_AT_accessibility(DW_ACCESS_public)
    2185              $C$DW$286       .dwtag  DW_TAG_member
    2186                      .dwattr $C$DW$286, DW_AT_type(*$C$DW$T$57)
    2187                      .dwattr $C$DW$286, DW_AT_name("GPBQSEL1")
    2188                      .dwattr $C$DW$286, DW_AT_TI_symbol_name("_GPBQSEL1")
    2189                      .dwattr $C$DW$286, DW_AT_data_member_location[DW_OP_plus_uconst 0x12]
    2190                      .dwattr $C$DW$286, DW_AT_accessibility(DW_ACCESS_public)
    2191              $C$DW$287       .dwtag  DW_TAG_member
    2192                      .dwattr $C$DW$287, DW_AT_type(*$C$DW$T$59)
    2193                      .dwattr $C$DW$287, DW_AT_name("GPBQSEL2")
    2194                      .dwattr $C$DW$287, DW_AT_TI_symbol_name("_GPBQSEL2")
    2195                      .dwattr $C$DW$287, DW_AT_data_member_location[DW_OP_plus_uconst 0x14]
    2196                      .dwattr $C$DW$287, DW_AT_accessibility(DW_ACCESS_public)
    2197              $C$DW$288       .dwtag  DW_TAG_member
    2198                      .dwattr $C$DW$288, DW_AT_type(*$C$DW$T$57)
    2199                      .dwattr $C$DW$288, DW_AT_name("GPBMUX1")
    2200                      .dwattr $C$DW$288, DW_AT_TI_symbol_name("_GPBMUX1")
TMS320C2000 Assembler PC v6.1.0 Fri Feb 14 09:23:41 2020

Tools Copyright (c) 1996-2012 Texas Instruments Incorporated
F:/Work/Code Area/Combis/Bootloader/Example_Flash2806x_API21_Combi/Example_Flash2806x_API21_Combi/Example_Flash2806x_API/Debug/Example_Flash2806x_GlobalVariableDefs.asm PAGE   41

    2201                      .dwattr $C$DW$288, DW_AT_data_member_location[DW_OP_plus_uconst 0x16]
    2202                      .dwattr $C$DW$288, DW_AT_accessibility(DW_ACCESS_public)
    2203              $C$DW$289       .dwtag  DW_TAG_member
    2204                      .dwattr $C$DW$289, DW_AT_type(*$C$DW$T$59)
    2205                      .dwattr $C$DW$289, DW_AT_name("GPBMUX2")
    2206                      .dwattr $C$DW$289, DW_AT_TI_symbol_name("_GPBMUX2")
    2207                      .dwattr $C$DW$289, DW_AT_data_member_location[DW_OP_plus_uconst 0x18]
    2208                      .dwattr $C$DW$289, DW_AT_accessibility(DW_ACCESS_public)
    2209              $C$DW$290       .dwtag  DW_TAG_member
    2210                      .dwattr $C$DW$290, DW_AT_type(*$C$DW$T$63)
    2211                      .dwattr $C$DW$290, DW_AT_name("GPBDIR")
    2212                      .dwattr $C$DW$290, DW_AT_TI_symbol_name("_GPBDIR")
    2213                      .dwattr $C$DW$290, DW_AT_data_member_location[DW_OP_plus_uconst 0x1a]
    2214                      .dwattr $C$DW$290, DW_AT_accessibility(DW_ACCESS_public)
    2215              $C$DW$291       .dwtag  DW_TAG_member
    2216                      .dwattr $C$DW$291, DW_AT_type(*$C$DW$T$63)
    2217                      .dwattr $C$DW$291, DW_AT_name("GPBPUD")
    2218                      .dwattr $C$DW$291, DW_AT_TI_symbol_name("_GPBPUD")
    2219                      .dwattr $C$DW$291, DW_AT_data_member_location[DW_OP_plus_uconst 0x1c]
    2220                      .dwattr $C$DW$291, DW_AT_accessibility(DW_ACCESS_public)
    2221              $C$DW$292       .dwtag  DW_TAG_member
    2222                      .dwattr $C$DW$292, DW_AT_type(*$C$DW$T$65)
    2223                      .dwattr $C$DW$292, DW_AT_name("rsvd2")
    2224                      .dwattr $C$DW$292, DW_AT_TI_symbol_name("_rsvd2")
    2225                      .dwattr $C$DW$292, DW_AT_data_member_location[DW_OP_plus_uconst 0x1e]
    2226                      .dwattr $C$DW$292, DW_AT_accessibility(DW_ACCESS_public)
    2227              $C$DW$293       .dwtag  DW_TAG_member
    2228                      .dwattr $C$DW$293, DW_AT_type(*$C$DW$T$24)
    2229                      .dwattr $C$DW$293, DW_AT_name("AIOMUX1")
    2230                      .dwattr $C$DW$293, DW_AT_TI_symbol_name("_AIOMUX1")
    2231                      .dwattr $C$DW$293, DW_AT_data_member_location[DW_OP_plus_uconst 0x36]
    2232                      .dwattr $C$DW$293, DW_AT_accessibility(DW_ACCESS_public)
    2233              $C$DW$294       .dwtag  DW_TAG_member
    2234                      .dwattr $C$DW$294, DW_AT_type(*$C$DW$T$64)
    2235                      .dwattr $C$DW$294, DW_AT_name("rsvd3")
    2236                      .dwattr $C$DW$294, DW_AT_TI_symbol_name("_rsvd3")
    2237                      .dwattr $C$DW$294, DW_AT_data_member_location[DW_OP_plus_uconst 0x38]
    2238                      .dwattr $C$DW$294, DW_AT_accessibility(DW_ACCESS_public)
    2239              $C$DW$295       .dwtag  DW_TAG_member
    2240                      .dwattr $C$DW$295, DW_AT_type(*$C$DW$T$22)
    2241                      .dwattr $C$DW$295, DW_AT_name("AIODIR")
    2242                      .dwattr $C$DW$295, DW_AT_TI_symbol_name("_AIODIR")
    2243                      .dwattr $C$DW$295, DW_AT_data_member_location[DW_OP_plus_uconst 0x3a]
    2244                      .dwattr $C$DW$295, DW_AT_accessibility(DW_ACCESS_public)
    2245              $C$DW$296       .dwtag  DW_TAG_member
    2246                      .dwattr $C$DW$296, DW_AT_type(*$C$DW$T$66)
    2247                      .dwattr $C$DW$296, DW_AT_name("rsvd4")
    2248                      .dwattr $C$DW$296, DW_AT_TI_symbol_name("_rsvd4")
    2249                      .dwattr $C$DW$296, DW_AT_data_member_location[DW_OP_plus_uconst 0x3c]
    2250                      .dwattr $C$DW$296, DW_AT_accessibility(DW_ACCESS_public)
    2251                      .dwendtag $C$DW$T$67
    2252              
    2253              $C$DW$297       .dwtag  DW_TAG_TI_far_type
    2254                      .dwattr $C$DW$297, DW_AT_type(*$C$DW$T$67)
    2255              $C$DW$T$116     .dwtag  DW_TAG_volatile_type
TMS320C2000 Assembler PC v6.1.0 Fri Feb 14 09:23:41 2020

Tools Copyright (c) 1996-2012 Texas Instruments Incorporated
F:/Work/Code Area/Combis/Bootloader/Example_Flash2806x_API21_Combi/Example_Flash2806x_API21_Combi/Example_Flash2806x_API/Debug/Example_Flash2806x_GlobalVariableDefs.asm PAGE   42

    2256                      .dwattr $C$DW$T$116, DW_AT_type(*$C$DW$297)
    2257              
    2258              $C$DW$T$69      .dwtag  DW_TAG_structure_type
    2259                      .dwattr $C$DW$T$69, DW_AT_name("GPIO_DATA_REGS")
    2260                      .dwattr $C$DW$T$69, DW_AT_byte_size(0x20)
    2261              $C$DW$298       .dwtag  DW_TAG_member
    2262                      .dwattr $C$DW$298, DW_AT_type(*$C$DW$T$55)
    2263                      .dwattr $C$DW$298, DW_AT_name("GPADAT")
    2264                      .dwattr $C$DW$298, DW_AT_TI_symbol_name("_GPADAT")
    2265                      .dwattr $C$DW$298, DW_AT_data_member_location[DW_OP_plus_uconst 0x0]
    2266                      .dwattr $C$DW$298, DW_AT_accessibility(DW_ACCESS_public)
    2267              $C$DW$299       .dwtag  DW_TAG_member
    2268                      .dwattr $C$DW$299, DW_AT_type(*$C$DW$T$55)
    2269                      .dwattr $C$DW$299, DW_AT_name("GPASET")
    2270                      .dwattr $C$DW$299, DW_AT_TI_symbol_name("_GPASET")
    2271                      .dwattr $C$DW$299, DW_AT_data_member_location[DW_OP_plus_uconst 0x2]
    2272                      .dwattr $C$DW$299, DW_AT_accessibility(DW_ACCESS_public)
    2273              $C$DW$300       .dwtag  DW_TAG_member
    2274                      .dwattr $C$DW$300, DW_AT_type(*$C$DW$T$55)
    2275                      .dwattr $C$DW$300, DW_AT_name("GPACLEAR")
    2276                      .dwattr $C$DW$300, DW_AT_TI_symbol_name("_GPACLEAR")
    2277                      .dwattr $C$DW$300, DW_AT_data_member_location[DW_OP_plus_uconst 0x4]
    2278                      .dwattr $C$DW$300, DW_AT_accessibility(DW_ACCESS_public)
    2279              $C$DW$301       .dwtag  DW_TAG_member
    2280                      .dwattr $C$DW$301, DW_AT_type(*$C$DW$T$55)
    2281                      .dwattr $C$DW$301, DW_AT_name("GPATOGGLE")
    2282                      .dwattr $C$DW$301, DW_AT_TI_symbol_name("_GPATOGGLE")
    2283                      .dwattr $C$DW$301, DW_AT_data_member_location[DW_OP_plus_uconst 0x6]
    2284                      .dwattr $C$DW$301, DW_AT_accessibility(DW_ACCESS_public)
    2285              $C$DW$302       .dwtag  DW_TAG_member
    2286                      .dwattr $C$DW$302, DW_AT_type(*$C$DW$T$63)
    2287                      .dwattr $C$DW$302, DW_AT_name("GPBDAT")
    2288                      .dwattr $C$DW$302, DW_AT_TI_symbol_name("_GPBDAT")
    2289                      .dwattr $C$DW$302, DW_AT_data_member_location[DW_OP_plus_uconst 0x8]
    2290                      .dwattr $C$DW$302, DW_AT_accessibility(DW_ACCESS_public)
    2291              $C$DW$303       .dwtag  DW_TAG_member
    2292                      .dwattr $C$DW$303, DW_AT_type(*$C$DW$T$63)
    2293                      .dwattr $C$DW$303, DW_AT_name("GPBSET")
    2294                      .dwattr $C$DW$303, DW_AT_TI_symbol_name("_GPBSET")
    2295                      .dwattr $C$DW$303, DW_AT_data_member_location[DW_OP_plus_uconst 0xa]
    2296                      .dwattr $C$DW$303, DW_AT_accessibility(DW_ACCESS_public)
    2297              $C$DW$304       .dwtag  DW_TAG_member
    2298                      .dwattr $C$DW$304, DW_AT_type(*$C$DW$T$63)
    2299                      .dwattr $C$DW$304, DW_AT_name("GPBCLEAR")
    2300                      .dwattr $C$DW$304, DW_AT_TI_symbol_name("_GPBCLEAR")
    2301                      .dwattr $C$DW$304, DW_AT_data_member_location[DW_OP_plus_uconst 0xc]
    2302                      .dwattr $C$DW$304, DW_AT_accessibility(DW_ACCESS_public)
    2303              $C$DW$305       .dwtag  DW_TAG_member
    2304                      .dwattr $C$DW$305, DW_AT_type(*$C$DW$T$63)
    2305                      .dwattr $C$DW$305, DW_AT_name("GPBTOGGLE")
    2306                      .dwattr $C$DW$305, DW_AT_TI_symbol_name("_GPBTOGGLE")
    2307                      .dwattr $C$DW$305, DW_AT_data_member_location[DW_OP_plus_uconst 0xe]
    2308                      .dwattr $C$DW$305, DW_AT_accessibility(DW_ACCESS_public)
    2309              $C$DW$306       .dwtag  DW_TAG_member
    2310                      .dwattr $C$DW$306, DW_AT_type(*$C$DW$T$68)
TMS320C2000 Assembler PC v6.1.0 Fri Feb 14 09:23:41 2020

Tools Copyright (c) 1996-2012 Texas Instruments Incorporated
F:/Work/Code Area/Combis/Bootloader/Example_Flash2806x_API21_Combi/Example_Flash2806x_API21_Combi/Example_Flash2806x_API/Debug/Example_Flash2806x_GlobalVariableDefs.asm PAGE   43

    2311                      .dwattr $C$DW$306, DW_AT_name("rsvd1")
    2312                      .dwattr $C$DW$306, DW_AT_TI_symbol_name("_rsvd1")
    2313                      .dwattr $C$DW$306, DW_AT_data_member_location[DW_OP_plus_uconst 0x10]
    2314                      .dwattr $C$DW$306, DW_AT_accessibility(DW_ACCESS_public)
    2315              $C$DW$307       .dwtag  DW_TAG_member
    2316                      .dwattr $C$DW$307, DW_AT_type(*$C$DW$T$22)
    2317                      .dwattr $C$DW$307, DW_AT_name("AIODAT")
    2318                      .dwattr $C$DW$307, DW_AT_TI_symbol_name("_AIODAT")
    2319                      .dwattr $C$DW$307, DW_AT_data_member_location[DW_OP_plus_uconst 0x18]
    2320                      .dwattr $C$DW$307, DW_AT_accessibility(DW_ACCESS_public)
    2321              $C$DW$308       .dwtag  DW_TAG_member
    2322                      .dwattr $C$DW$308, DW_AT_type(*$C$DW$T$22)
    2323                      .dwattr $C$DW$308, DW_AT_name("AIOSET")
    2324                      .dwattr $C$DW$308, DW_AT_TI_symbol_name("_AIOSET")
    2325                      .dwattr $C$DW$308, DW_AT_data_member_location[DW_OP_plus_uconst 0x1a]
    2326                      .dwattr $C$DW$308, DW_AT_accessibility(DW_ACCESS_public)
    2327              $C$DW$309       .dwtag  DW_TAG_member
    2328                      .dwattr $C$DW$309, DW_AT_type(*$C$DW$T$22)
    2329                      .dwattr $C$DW$309, DW_AT_name("AIOCLEAR")
    2330                      .dwattr $C$DW$309, DW_AT_TI_symbol_name("_AIOCLEAR")
    2331                      .dwattr $C$DW$309, DW_AT_data_member_location[DW_OP_plus_uconst 0x1c]
    2332                      .dwattr $C$DW$309, DW_AT_accessibility(DW_ACCESS_public)
    2333              $C$DW$310       .dwtag  DW_TAG_member
    2334                      .dwattr $C$DW$310, DW_AT_type(*$C$DW$T$22)
    2335                      .dwattr $C$DW$310, DW_AT_name("AIOTOGGLE")
    2336                      .dwattr $C$DW$310, DW_AT_TI_symbol_name("_AIOTOGGLE")
    2337                      .dwattr $C$DW$310, DW_AT_data_member_location[DW_OP_plus_uconst 0x1e]
    2338                      .dwattr $C$DW$310, DW_AT_accessibility(DW_ACCESS_public)
    2339                      .dwendtag $C$DW$T$69
    2340              
    2341              $C$DW$311       .dwtag  DW_TAG_TI_far_type
    2342                      .dwattr $C$DW$311, DW_AT_type(*$C$DW$T$69)
    2343              $C$DW$T$117     .dwtag  DW_TAG_volatile_type
    2344                      .dwattr $C$DW$T$117, DW_AT_type(*$C$DW$311)
    2345              
    2346              $C$DW$T$70      .dwtag  DW_TAG_structure_type
    2347                      .dwattr $C$DW$T$70, DW_AT_name("INTOSC1TRIM_BITS")
    2348                      .dwattr $C$DW$T$70, DW_AT_byte_size(0x01)
    2349              $C$DW$312       .dwtag  DW_TAG_member
    2350                      .dwattr $C$DW$312, DW_AT_type(*$C$DW$T$19)
    2351                      .dwattr $C$DW$312, DW_AT_name("COARSETRIM")
    2352                      .dwattr $C$DW$312, DW_AT_TI_symbol_name("_COARSETRIM")
    2353                      .dwattr $C$DW$312, DW_AT_bit_offset(0x08), DW_AT_bit_size(0x08)
    2354                      .dwattr $C$DW$312, DW_AT_data_member_location[DW_OP_plus_uconst 0x0]
    2355                      .dwattr $C$DW$312, DW_AT_accessibility(DW_ACCESS_public)
    2356              $C$DW$313       .dwtag  DW_TAG_member
    2357                      .dwattr $C$DW$313, DW_AT_type(*$C$DW$T$19)
    2358                      .dwattr $C$DW$313, DW_AT_name("rsvd1")
    2359                      .dwattr $C$DW$313, DW_AT_TI_symbol_name("_rsvd1")
    2360                      .dwattr $C$DW$313, DW_AT_bit_offset(0x07), DW_AT_bit_size(0x01)
    2361                      .dwattr $C$DW$313, DW_AT_data_member_location[DW_OP_plus_uconst 0x0]
    2362                      .dwattr $C$DW$313, DW_AT_accessibility(DW_ACCESS_public)
    2363              $C$DW$314       .dwtag  DW_TAG_member
    2364                      .dwattr $C$DW$314, DW_AT_type(*$C$DW$T$19)
    2365                      .dwattr $C$DW$314, DW_AT_name("FINETRIM")
TMS320C2000 Assembler PC v6.1.0 Fri Feb 14 09:23:41 2020

Tools Copyright (c) 1996-2012 Texas Instruments Incorporated
F:/Work/Code Area/Combis/Bootloader/Example_Flash2806x_API21_Combi/Example_Flash2806x_API21_Combi/Example_Flash2806x_API/Debug/Example_Flash2806x_GlobalVariableDefs.asm PAGE   44

    2366                      .dwattr $C$DW$314, DW_AT_TI_symbol_name("_FINETRIM")
    2367                      .dwattr $C$DW$314, DW_AT_bit_offset(0x01), DW_AT_bit_size(0x06)
    2368                      .dwattr $C$DW$314, DW_AT_data_member_location[DW_OP_plus_uconst 0x0]
    2369                      .dwattr $C$DW$314, DW_AT_accessibility(DW_ACCESS_public)
    2370              $C$DW$315       .dwtag  DW_TAG_member
    2371                      .dwattr $C$DW$315, DW_AT_type(*$C$DW$T$19)
    2372                      .dwattr $C$DW$315, DW_AT_name("rsvd2")
    2373                      .dwattr $C$DW$315, DW_AT_TI_symbol_name("_rsvd2")
    2374                      .dwattr $C$DW$315, DW_AT_bit_offset(0x00), DW_AT_bit_size(0x01)
    2375                      .dwattr $C$DW$315, DW_AT_data_member_location[DW_OP_plus_uconst 0x0]
    2376                      .dwattr $C$DW$315, DW_AT_accessibility(DW_ACCESS_public)
    2377                      .dwendtag $C$DW$T$70
    2378              
    2379              
    2380              $C$DW$T$71      .dwtag  DW_TAG_union_type
    2381                      .dwattr $C$DW$T$71, DW_AT_name("INTOSC1TRIM_REG")
    2382                      .dwattr $C$DW$T$71, DW_AT_byte_size(0x01)
    2383              $C$DW$316       .dwtag  DW_TAG_member
    2384                      .dwattr $C$DW$316, DW_AT_type(*$C$DW$T$19)
    2385                      .dwattr $C$DW$316, DW_AT_name("all")
    2386                      .dwattr $C$DW$316, DW_AT_TI_symbol_name("_all")
    2387                      .dwattr $C$DW$316, DW_AT_data_member_location[DW_OP_plus_uconst 0x0]
    2388                      .dwattr $C$DW$316, DW_AT_accessibility(DW_ACCESS_public)
    2389              $C$DW$317       .dwtag  DW_TAG_member
    2390                      .dwattr $C$DW$317, DW_AT_type(*$C$DW$T$70)
    2391                      .dwattr $C$DW$317, DW_AT_name("bit")
    2392                      .dwattr $C$DW$317, DW_AT_TI_symbol_name("_bit")
    2393                      .dwattr $C$DW$317, DW_AT_data_member_location[DW_OP_plus_uconst 0x0]
    2394                      .dwattr $C$DW$317, DW_AT_accessibility(DW_ACCESS_public)
    2395                      .dwendtag $C$DW$T$71
    2396              
    2397              
    2398              $C$DW$T$72      .dwtag  DW_TAG_structure_type
    2399                      .dwattr $C$DW$T$72, DW_AT_name("INTOSC2TRIM_BITS")
    2400                      .dwattr $C$DW$T$72, DW_AT_byte_size(0x01)
    2401              $C$DW$318       .dwtag  DW_TAG_member
    2402                      .dwattr $C$DW$318, DW_AT_type(*$C$DW$T$19)
    2403                      .dwattr $C$DW$318, DW_AT_name("COARSETRIM")
    2404                      .dwattr $C$DW$318, DW_AT_TI_symbol_name("_COARSETRIM")
    2405                      .dwattr $C$DW$318, DW_AT_bit_offset(0x08), DW_AT_bit_size(0x08)
    2406                      .dwattr $C$DW$318, DW_AT_data_member_location[DW_OP_plus_uconst 0x0]
    2407                      .dwattr $C$DW$318, DW_AT_accessibility(DW_ACCESS_public)
    2408              $C$DW$319       .dwtag  DW_TAG_member
    2409                      .dwattr $C$DW$319, DW_AT_type(*$C$DW$T$19)
    2410                      .dwattr $C$DW$319, DW_AT_name("rsvd1")
    2411                      .dwattr $C$DW$319, DW_AT_TI_symbol_name("_rsvd1")
    2412                      .dwattr $C$DW$319, DW_AT_bit_offset(0x07), DW_AT_bit_size(0x01)
    2413                      .dwattr $C$DW$319, DW_AT_data_member_location[DW_OP_plus_uconst 0x0]
    2414                      .dwattr $C$DW$319, DW_AT_accessibility(DW_ACCESS_public)
    2415              $C$DW$320       .dwtag  DW_TAG_member
    2416                      .dwattr $C$DW$320, DW_AT_type(*$C$DW$T$19)
    2417                      .dwattr $C$DW$320, DW_AT_name("FINETRIM")
    2418                      .dwattr $C$DW$320, DW_AT_TI_symbol_name("_FINETRIM")
    2419                      .dwattr $C$DW$320, DW_AT_bit_offset(0x01), DW_AT_bit_size(0x06)
    2420                      .dwattr $C$DW$320, DW_AT_data_member_location[DW_OP_plus_uconst 0x0]
TMS320C2000 Assembler PC v6.1.0 Fri Feb 14 09:23:41 2020

Tools Copyright (c) 1996-2012 Texas Instruments Incorporated
F:/Work/Code Area/Combis/Bootloader/Example_Flash2806x_API21_Combi/Example_Flash2806x_API21_Combi/Example_Flash2806x_API/Debug/Example_Flash2806x_GlobalVariableDefs.asm PAGE   45

    2421                      .dwattr $C$DW$320, DW_AT_accessibility(DW_ACCESS_public)
    2422              $C$DW$321       .dwtag  DW_TAG_member
    2423                      .dwattr $C$DW$321, DW_AT_type(*$C$DW$T$19)
    2424                      .dwattr $C$DW$321, DW_AT_name("rsvd2")
    2425                      .dwattr $C$DW$321, DW_AT_TI_symbol_name("_rsvd2")
    2426                      .dwattr $C$DW$321, DW_AT_bit_offset(0x00), DW_AT_bit_size(0x01)
    2427                      .dwattr $C$DW$321, DW_AT_data_member_location[DW_OP_plus_uconst 0x0]
    2428                      .dwattr $C$DW$321, DW_AT_accessibility(DW_ACCESS_public)
    2429                      .dwendtag $C$DW$T$72
    2430              
    2431              
    2432              $C$DW$T$73      .dwtag  DW_TAG_union_type
    2433                      .dwattr $C$DW$T$73, DW_AT_name("INTOSC2TRIM_REG")
    2434                      .dwattr $C$DW$T$73, DW_AT_byte_size(0x01)
    2435              $C$DW$322       .dwtag  DW_TAG_member
    2436                      .dwattr $C$DW$322, DW_AT_type(*$C$DW$T$19)
    2437                      .dwattr $C$DW$322, DW_AT_name("all")
    2438                      .dwattr $C$DW$322, DW_AT_TI_symbol_name("_all")
    2439                      .dwattr $C$DW$322, DW_AT_data_member_location[DW_OP_plus_uconst 0x0]
    2440                      .dwattr $C$DW$322, DW_AT_accessibility(DW_ACCESS_public)
    2441              $C$DW$323       .dwtag  DW_TAG_member
    2442                      .dwattr $C$DW$323, DW_AT_type(*$C$DW$T$72)
    2443                      .dwattr $C$DW$323, DW_AT_name("bit")
    2444                      .dwattr $C$DW$323, DW_AT_TI_symbol_name("_bit")
    2445                      .dwattr $C$DW$323, DW_AT_data_member_location[DW_OP_plus_uconst 0x0]
    2446                      .dwattr $C$DW$323, DW_AT_accessibility(DW_ACCESS_public)
    2447                      .dwendtag $C$DW$T$73
    2448              
    2449              
    2450              $C$DW$T$74      .dwtag  DW_TAG_structure_type
    2451                      .dwattr $C$DW$T$74, DW_AT_name("LOSPCP_BITS")
    2452                      .dwattr $C$DW$T$74, DW_AT_byte_size(0x01)
    2453              $C$DW$324       .dwtag  DW_TAG_member
    2454                      .dwattr $C$DW$324, DW_AT_type(*$C$DW$T$19)
    2455                      .dwattr $C$DW$324, DW_AT_name("LSPCLK")
    2456                      .dwattr $C$DW$324, DW_AT_TI_symbol_name("_LSPCLK")
    2457                      .dwattr $C$DW$324, DW_AT_bit_offset(0x0d), DW_AT_bit_size(0x03)
    2458                      .dwattr $C$DW$324, DW_AT_data_member_location[DW_OP_plus_uconst 0x0]
    2459                      .dwattr $C$DW$324, DW_AT_accessibility(DW_ACCESS_public)
    2460              $C$DW$325       .dwtag  DW_TAG_member
    2461                      .dwattr $C$DW$325, DW_AT_type(*$C$DW$T$19)
    2462                      .dwattr $C$DW$325, DW_AT_name("rsvd1")
    2463                      .dwattr $C$DW$325, DW_AT_TI_symbol_name("_rsvd1")
    2464                      .dwattr $C$DW$325, DW_AT_bit_offset(0x00), DW_AT_bit_size(0x0d)
    2465                      .dwattr $C$DW$325, DW_AT_data_member_location[DW_OP_plus_uconst 0x0]
    2466                      .dwattr $C$DW$325, DW_AT_accessibility(DW_ACCESS_public)
    2467                      .dwendtag $C$DW$T$74
    2468              
    2469              
    2470              $C$DW$T$75      .dwtag  DW_TAG_union_type
    2471                      .dwattr $C$DW$T$75, DW_AT_name("LOSPCP_REG")
    2472                      .dwattr $C$DW$T$75, DW_AT_byte_size(0x01)
    2473              $C$DW$326       .dwtag  DW_TAG_member
    2474                      .dwattr $C$DW$326, DW_AT_type(*$C$DW$T$19)
    2475                      .dwattr $C$DW$326, DW_AT_name("all")
TMS320C2000 Assembler PC v6.1.0 Fri Feb 14 09:23:41 2020

Tools Copyright (c) 1996-2012 Texas Instruments Incorporated
F:/Work/Code Area/Combis/Bootloader/Example_Flash2806x_API21_Combi/Example_Flash2806x_API21_Combi/Example_Flash2806x_API/Debug/Example_Flash2806x_GlobalVariableDefs.asm PAGE   46

    2476                      .dwattr $C$DW$326, DW_AT_TI_symbol_name("_all")
    2477                      .dwattr $C$DW$326, DW_AT_data_member_location[DW_OP_plus_uconst 0x0]
    2478                      .dwattr $C$DW$326, DW_AT_accessibility(DW_ACCESS_public)
    2479              $C$DW$327       .dwtag  DW_TAG_member
    2480                      .dwattr $C$DW$327, DW_AT_type(*$C$DW$T$74)
    2481                      .dwattr $C$DW$327, DW_AT_name("bit")
    2482                      .dwattr $C$DW$327, DW_AT_TI_symbol_name("_bit")
    2483                      .dwattr $C$DW$327, DW_AT_data_member_location[DW_OP_plus_uconst 0x0]
    2484                      .dwattr $C$DW$327, DW_AT_accessibility(DW_ACCESS_public)
    2485                      .dwendtag $C$DW$T$75
    2486              
    2487              
    2488              $C$DW$T$76      .dwtag  DW_TAG_structure_type
    2489                      .dwattr $C$DW$T$76, DW_AT_name("LPMCR0_BITS")
    2490                      .dwattr $C$DW$T$76, DW_AT_byte_size(0x01)
    2491              $C$DW$328       .dwtag  DW_TAG_member
    2492                      .dwattr $C$DW$328, DW_AT_type(*$C$DW$T$19)
    2493                      .dwattr $C$DW$328, DW_AT_name("LPM")
    2494                      .dwattr $C$DW$328, DW_AT_TI_symbol_name("_LPM")
    2495                      .dwattr $C$DW$328, DW_AT_bit_offset(0x0e), DW_AT_bit_size(0x02)
    2496                      .dwattr $C$DW$328, DW_AT_data_member_location[DW_OP_plus_uconst 0x0]
    2497                      .dwattr $C$DW$328, DW_AT_accessibility(DW_ACCESS_public)
    2498              $C$DW$329       .dwtag  DW_TAG_member
    2499                      .dwattr $C$DW$329, DW_AT_type(*$C$DW$T$19)
    2500                      .dwattr $C$DW$329, DW_AT_name("QUALSTDBY")
    2501                      .dwattr $C$DW$329, DW_AT_TI_symbol_name("_QUALSTDBY")
    2502                      .dwattr $C$DW$329, DW_AT_bit_offset(0x08), DW_AT_bit_size(0x06)
    2503                      .dwattr $C$DW$329, DW_AT_data_member_location[DW_OP_plus_uconst 0x0]
    2504                      .dwattr $C$DW$329, DW_AT_accessibility(DW_ACCESS_public)
    2505              $C$DW$330       .dwtag  DW_TAG_member
    2506                      .dwattr $C$DW$330, DW_AT_type(*$C$DW$T$19)
    2507                      .dwattr $C$DW$330, DW_AT_name("rsvd1")
    2508                      .dwattr $C$DW$330, DW_AT_TI_symbol_name("_rsvd1")
    2509                      .dwattr $C$DW$330, DW_AT_bit_offset(0x01), DW_AT_bit_size(0x07)
    2510                      .dwattr $C$DW$330, DW_AT_data_member_location[DW_OP_plus_uconst 0x0]
    2511                      .dwattr $C$DW$330, DW_AT_accessibility(DW_ACCESS_public)
    2512              $C$DW$331       .dwtag  DW_TAG_member
    2513                      .dwattr $C$DW$331, DW_AT_type(*$C$DW$T$19)
    2514                      .dwattr $C$DW$331, DW_AT_name("WDINTE")
    2515                      .dwattr $C$DW$331, DW_AT_TI_symbol_name("_WDINTE")
    2516                      .dwattr $C$DW$331, DW_AT_bit_offset(0x00), DW_AT_bit_size(0x01)
    2517                      .dwattr $C$DW$331, DW_AT_data_member_location[DW_OP_plus_uconst 0x0]
    2518                      .dwattr $C$DW$331, DW_AT_accessibility(DW_ACCESS_public)
    2519                      .dwendtag $C$DW$T$76
    2520              
    2521              
    2522              $C$DW$T$77      .dwtag  DW_TAG_union_type
    2523                      .dwattr $C$DW$T$77, DW_AT_name("LPMCR0_REG")
    2524                      .dwattr $C$DW$T$77, DW_AT_byte_size(0x01)
    2525              $C$DW$332       .dwtag  DW_TAG_member
    2526                      .dwattr $C$DW$332, DW_AT_type(*$C$DW$T$19)
    2527                      .dwattr $C$DW$332, DW_AT_name("all")
    2528                      .dwattr $C$DW$332, DW_AT_TI_symbol_name("_all")
    2529                      .dwattr $C$DW$332, DW_AT_data_member_location[DW_OP_plus_uconst 0x0]
    2530                      .dwattr $C$DW$332, DW_AT_accessibility(DW_ACCESS_public)
TMS320C2000 Assembler PC v6.1.0 Fri Feb 14 09:23:41 2020

Tools Copyright (c) 1996-2012 Texas Instruments Incorporated
F:/Work/Code Area/Combis/Bootloader/Example_Flash2806x_API21_Combi/Example_Flash2806x_API21_Combi/Example_Flash2806x_API/Debug/Example_Flash2806x_GlobalVariableDefs.asm PAGE   47

    2531              $C$DW$333       .dwtag  DW_TAG_member
    2532                      .dwattr $C$DW$333, DW_AT_type(*$C$DW$T$76)
    2533                      .dwattr $C$DW$333, DW_AT_name("bit")
    2534                      .dwattr $C$DW$333, DW_AT_TI_symbol_name("_bit")
    2535                      .dwattr $C$DW$333, DW_AT_data_member_location[DW_OP_plus_uconst 0x0]
    2536                      .dwattr $C$DW$333, DW_AT_accessibility(DW_ACCESS_public)
    2537                      .dwendtag $C$DW$T$77
    2538              
    2539              
    2540              $C$DW$T$78      .dwtag  DW_TAG_structure_type
    2541                      .dwattr $C$DW$T$78, DW_AT_name("PCLKCR0_BITS")
    2542                      .dwattr $C$DW$T$78, DW_AT_byte_size(0x01)
    2543              $C$DW$334       .dwtag  DW_TAG_member
    2544                      .dwattr $C$DW$334, DW_AT_type(*$C$DW$T$19)
    2545                      .dwattr $C$DW$334, DW_AT_name("HRPWMENCLK")
    2546                      .dwattr $C$DW$334, DW_AT_TI_symbol_name("_HRPWMENCLK")
    2547                      .dwattr $C$DW$334, DW_AT_bit_offset(0x0f), DW_AT_bit_size(0x01)
    2548                      .dwattr $C$DW$334, DW_AT_data_member_location[DW_OP_plus_uconst 0x0]
    2549                      .dwattr $C$DW$334, DW_AT_accessibility(DW_ACCESS_public)
    2550              $C$DW$335       .dwtag  DW_TAG_member
    2551                      .dwattr $C$DW$335, DW_AT_type(*$C$DW$T$19)
    2552                      .dwattr $C$DW$335, DW_AT_name("rsvd1")
    2553                      .dwattr $C$DW$335, DW_AT_TI_symbol_name("_rsvd1")
    2554                      .dwattr $C$DW$335, DW_AT_bit_offset(0x0e), DW_AT_bit_size(0x01)
    2555                      .dwattr $C$DW$335, DW_AT_data_member_location[DW_OP_plus_uconst 0x0]
    2556                      .dwattr $C$DW$335, DW_AT_accessibility(DW_ACCESS_public)
    2557              $C$DW$336       .dwtag  DW_TAG_member
    2558                      .dwattr $C$DW$336, DW_AT_type(*$C$DW$T$19)
    2559                      .dwattr $C$DW$336, DW_AT_name("TBCLKSYNC")
    2560                      .dwattr $C$DW$336, DW_AT_TI_symbol_name("_TBCLKSYNC")
    2561                      .dwattr $C$DW$336, DW_AT_bit_offset(0x0d), DW_AT_bit_size(0x01)
    2562                      .dwattr $C$DW$336, DW_AT_data_member_location[DW_OP_plus_uconst 0x0]
    2563                      .dwattr $C$DW$336, DW_AT_accessibility(DW_ACCESS_public)
    2564              $C$DW$337       .dwtag  DW_TAG_member
    2565                      .dwattr $C$DW$337, DW_AT_type(*$C$DW$T$19)
    2566                      .dwattr $C$DW$337, DW_AT_name("ADCENCLK")
    2567                      .dwattr $C$DW$337, DW_AT_TI_symbol_name("_ADCENCLK")
    2568                      .dwattr $C$DW$337, DW_AT_bit_offset(0x0c), DW_AT_bit_size(0x01)
    2569                      .dwattr $C$DW$337, DW_AT_data_member_location[DW_OP_plus_uconst 0x0]
    2570                      .dwattr $C$DW$337, DW_AT_accessibility(DW_ACCESS_public)
    2571              $C$DW$338       .dwtag  DW_TAG_member
    2572                      .dwattr $C$DW$338, DW_AT_type(*$C$DW$T$19)
    2573                      .dwattr $C$DW$338, DW_AT_name("I2CAENCLK")
    2574                      .dwattr $C$DW$338, DW_AT_TI_symbol_name("_I2CAENCLK")
    2575                      .dwattr $C$DW$338, DW_AT_bit_offset(0x0b), DW_AT_bit_size(0x01)
    2576                      .dwattr $C$DW$338, DW_AT_data_member_location[DW_OP_plus_uconst 0x0]
    2577                      .dwattr $C$DW$338, DW_AT_accessibility(DW_ACCESS_public)
    2578              $C$DW$339       .dwtag  DW_TAG_member
    2579                      .dwattr $C$DW$339, DW_AT_type(*$C$DW$T$19)
    2580                      .dwattr $C$DW$339, DW_AT_name("rsvd2")
    2581                      .dwattr $C$DW$339, DW_AT_TI_symbol_name("_rsvd2")
    2582                      .dwattr $C$DW$339, DW_AT_bit_offset(0x0a), DW_AT_bit_size(0x01)
    2583                      .dwattr $C$DW$339, DW_AT_data_member_location[DW_OP_plus_uconst 0x0]
    2584                      .dwattr $C$DW$339, DW_AT_accessibility(DW_ACCESS_public)
    2585              $C$DW$340       .dwtag  DW_TAG_member
TMS320C2000 Assembler PC v6.1.0 Fri Feb 14 09:23:41 2020

Tools Copyright (c) 1996-2012 Texas Instruments Incorporated
F:/Work/Code Area/Combis/Bootloader/Example_Flash2806x_API21_Combi/Example_Flash2806x_API21_Combi/Example_Flash2806x_API/Debug/Example_Flash2806x_GlobalVariableDefs.asm PAGE   48

    2586                      .dwattr $C$DW$340, DW_AT_type(*$C$DW$T$19)
    2587                      .dwattr $C$DW$340, DW_AT_name("rsvd3")
    2588                      .dwattr $C$DW$340, DW_AT_TI_symbol_name("_rsvd3")
    2589                      .dwattr $C$DW$340, DW_AT_bit_offset(0x08), DW_AT_bit_size(0x02)
    2590                      .dwattr $C$DW$340, DW_AT_data_member_location[DW_OP_plus_uconst 0x0]
    2591                      .dwattr $C$DW$340, DW_AT_accessibility(DW_ACCESS_public)
    2592              $C$DW$341       .dwtag  DW_TAG_member
    2593                      .dwattr $C$DW$341, DW_AT_type(*$C$DW$T$19)
    2594                      .dwattr $C$DW$341, DW_AT_name("SPIAENCLK")
    2595                      .dwattr $C$DW$341, DW_AT_TI_symbol_name("_SPIAENCLK")
    2596                      .dwattr $C$DW$341, DW_AT_bit_offset(0x07), DW_AT_bit_size(0x01)
    2597                      .dwattr $C$DW$341, DW_AT_data_member_location[DW_OP_plus_uconst 0x0]
    2598                      .dwattr $C$DW$341, DW_AT_accessibility(DW_ACCESS_public)
    2599              $C$DW$342       .dwtag  DW_TAG_member
    2600                      .dwattr $C$DW$342, DW_AT_type(*$C$DW$T$19)
    2601                      .dwattr $C$DW$342, DW_AT_name("SPIBENCLK")
    2602                      .dwattr $C$DW$342, DW_AT_TI_symbol_name("_SPIBENCLK")
    2603                      .dwattr $C$DW$342, DW_AT_bit_offset(0x06), DW_AT_bit_size(0x01)
    2604                      .dwattr $C$DW$342, DW_AT_data_member_location[DW_OP_plus_uconst 0x0]
    2605                      .dwattr $C$DW$342, DW_AT_accessibility(DW_ACCESS_public)
    2606              $C$DW$343       .dwtag  DW_TAG_member
    2607                      .dwattr $C$DW$343, DW_AT_type(*$C$DW$T$19)
    2608                      .dwattr $C$DW$343, DW_AT_name("SCIAENCLK")
    2609                      .dwattr $C$DW$343, DW_AT_TI_symbol_name("_SCIAENCLK")
    2610                      .dwattr $C$DW$343, DW_AT_bit_offset(0x05), DW_AT_bit_size(0x01)
    2611                      .dwattr $C$DW$343, DW_AT_data_member_location[DW_OP_plus_uconst 0x0]
    2612                      .dwattr $C$DW$343, DW_AT_accessibility(DW_ACCESS_public)
    2613              $C$DW$344       .dwtag  DW_TAG_member
    2614                      .dwattr $C$DW$344, DW_AT_type(*$C$DW$T$19)
    2615                      .dwattr $C$DW$344, DW_AT_name("SCIBENCLK")
    2616                      .dwattr $C$DW$344, DW_AT_TI_symbol_name("_SCIBENCLK")
    2617                      .dwattr $C$DW$344, DW_AT_bit_offset(0x04), DW_AT_bit_size(0x01)
    2618                      .dwattr $C$DW$344, DW_AT_data_member_location[DW_OP_plus_uconst 0x0]
    2619                      .dwattr $C$DW$344, DW_AT_accessibility(DW_ACCESS_public)
    2620              $C$DW$345       .dwtag  DW_TAG_member
    2621                      .dwattr $C$DW$345, DW_AT_type(*$C$DW$T$19)
    2622                      .dwattr $C$DW$345, DW_AT_name("MCBSPAENCLK")
    2623                      .dwattr $C$DW$345, DW_AT_TI_symbol_name("_MCBSPAENCLK")
    2624                      .dwattr $C$DW$345, DW_AT_bit_offset(0x03), DW_AT_bit_size(0x01)
    2625                      .dwattr $C$DW$345, DW_AT_data_member_location[DW_OP_plus_uconst 0x0]
    2626                      .dwattr $C$DW$345, DW_AT_accessibility(DW_ACCESS_public)
    2627              $C$DW$346       .dwtag  DW_TAG_member
    2628                      .dwattr $C$DW$346, DW_AT_type(*$C$DW$T$19)
    2629                      .dwattr $C$DW$346, DW_AT_name("rsvd4")
    2630                      .dwattr $C$DW$346, DW_AT_TI_symbol_name("_rsvd4")
    2631                      .dwattr $C$DW$346, DW_AT_bit_offset(0x02), DW_AT_bit_size(0x01)
    2632                      .dwattr $C$DW$346, DW_AT_data_member_location[DW_OP_plus_uconst 0x0]
    2633                      .dwattr $C$DW$346, DW_AT_accessibility(DW_ACCESS_public)
    2634              $C$DW$347       .dwtag  DW_TAG_member
    2635                      .dwattr $C$DW$347, DW_AT_type(*$C$DW$T$19)
    2636                      .dwattr $C$DW$347, DW_AT_name("ECANAENCLK")
    2637                      .dwattr $C$DW$347, DW_AT_TI_symbol_name("_ECANAENCLK")
    2638                      .dwattr $C$DW$347, DW_AT_bit_offset(0x01), DW_AT_bit_size(0x01)
    2639                      .dwattr $C$DW$347, DW_AT_data_member_location[DW_OP_plus_uconst 0x0]
    2640                      .dwattr $C$DW$347, DW_AT_accessibility(DW_ACCESS_public)
TMS320C2000 Assembler PC v6.1.0 Fri Feb 14 09:23:41 2020

Tools Copyright (c) 1996-2012 Texas Instruments Incorporated
F:/Work/Code Area/Combis/Bootloader/Example_Flash2806x_API21_Combi/Example_Flash2806x_API21_Combi/Example_Flash2806x_API/Debug/Example_Flash2806x_GlobalVariableDefs.asm PAGE   49

    2641              $C$DW$348       .dwtag  DW_TAG_member
    2642                      .dwattr $C$DW$348, DW_AT_type(*$C$DW$T$19)
    2643                      .dwattr $C$DW$348, DW_AT_name("rsvd5")
    2644                      .dwattr $C$DW$348, DW_AT_TI_symbol_name("_rsvd5")
    2645                      .dwattr $C$DW$348, DW_AT_bit_offset(0x00), DW_AT_bit_size(0x01)
    2646                      .dwattr $C$DW$348, DW_AT_data_member_location[DW_OP_plus_uconst 0x0]
    2647                      .dwattr $C$DW$348, DW_AT_accessibility(DW_ACCESS_public)
    2648                      .dwendtag $C$DW$T$78
    2649              
    2650              
    2651              $C$DW$T$79      .dwtag  DW_TAG_union_type
    2652                      .dwattr $C$DW$T$79, DW_AT_name("PCLKCR0_REG")
    2653                      .dwattr $C$DW$T$79, DW_AT_byte_size(0x01)
    2654              $C$DW$349       .dwtag  DW_TAG_member
    2655                      .dwattr $C$DW$349, DW_AT_type(*$C$DW$T$19)
    2656                      .dwattr $C$DW$349, DW_AT_name("all")
    2657                      .dwattr $C$DW$349, DW_AT_TI_symbol_name("_all")
    2658                      .dwattr $C$DW$349, DW_AT_data_member_location[DW_OP_plus_uconst 0x0]
    2659                      .dwattr $C$DW$349, DW_AT_accessibility(DW_ACCESS_public)
    2660              $C$DW$350       .dwtag  DW_TAG_member
    2661                      .dwattr $C$DW$350, DW_AT_type(*$C$DW$T$78)
    2662                      .dwattr $C$DW$350, DW_AT_name("bit")
    2663                      .dwattr $C$DW$350, DW_AT_TI_symbol_name("_bit")
    2664                      .dwattr $C$DW$350, DW_AT_data_member_location[DW_OP_plus_uconst 0x0]
    2665                      .dwattr $C$DW$350, DW_AT_accessibility(DW_ACCESS_public)
    2666                      .dwendtag $C$DW$T$79
    2667              
    2668              
    2669              $C$DW$T$80      .dwtag  DW_TAG_structure_type
    2670                      .dwattr $C$DW$T$80, DW_AT_name("PCLKCR1_BITS")
    2671                      .dwattr $C$DW$T$80, DW_AT_byte_size(0x01)
    2672              $C$DW$351       .dwtag  DW_TAG_member
    2673                      .dwattr $C$DW$351, DW_AT_type(*$C$DW$T$19)
    2674                      .dwattr $C$DW$351, DW_AT_name("EPWM1ENCLK")
    2675                      .dwattr $C$DW$351, DW_AT_TI_symbol_name("_EPWM1ENCLK")
    2676                      .dwattr $C$DW$351, DW_AT_bit_offset(0x0f), DW_AT_bit_size(0x01)
    2677                      .dwattr $C$DW$351, DW_AT_data_member_location[DW_OP_plus_uconst 0x0]
    2678                      .dwattr $C$DW$351, DW_AT_accessibility(DW_ACCESS_public)
    2679              $C$DW$352       .dwtag  DW_TAG_member
    2680                      .dwattr $C$DW$352, DW_AT_type(*$C$DW$T$19)
    2681                      .dwattr $C$DW$352, DW_AT_name("EPWM2ENCLK")
    2682                      .dwattr $C$DW$352, DW_AT_TI_symbol_name("_EPWM2ENCLK")
    2683                      .dwattr $C$DW$352, DW_AT_bit_offset(0x0e), DW_AT_bit_size(0x01)
    2684                      .dwattr $C$DW$352, DW_AT_data_member_location[DW_OP_plus_uconst 0x0]
    2685                      .dwattr $C$DW$352, DW_AT_accessibility(DW_ACCESS_public)
    2686              $C$DW$353       .dwtag  DW_TAG_member
    2687                      .dwattr $C$DW$353, DW_AT_type(*$C$DW$T$19)
    2688                      .dwattr $C$DW$353, DW_AT_name("EPWM3ENCLK")
    2689                      .dwattr $C$DW$353, DW_AT_TI_symbol_name("_EPWM3ENCLK")
    2690                      .dwattr $C$DW$353, DW_AT_bit_offset(0x0d), DW_AT_bit_size(0x01)
    2691                      .dwattr $C$DW$353, DW_AT_data_member_location[DW_OP_plus_uconst 0x0]
    2692                      .dwattr $C$DW$353, DW_AT_accessibility(DW_ACCESS_public)
    2693              $C$DW$354       .dwtag  DW_TAG_member
    2694                      .dwattr $C$DW$354, DW_AT_type(*$C$DW$T$19)
    2695                      .dwattr $C$DW$354, DW_AT_name("EPWM4ENCLK")
TMS320C2000 Assembler PC v6.1.0 Fri Feb 14 09:23:41 2020

Tools Copyright (c) 1996-2012 Texas Instruments Incorporated
F:/Work/Code Area/Combis/Bootloader/Example_Flash2806x_API21_Combi/Example_Flash2806x_API21_Combi/Example_Flash2806x_API/Debug/Example_Flash2806x_GlobalVariableDefs.asm PAGE   50

    2696                      .dwattr $C$DW$354, DW_AT_TI_symbol_name("_EPWM4ENCLK")
    2697                      .dwattr $C$DW$354, DW_AT_bit_offset(0x0c), DW_AT_bit_size(0x01)
    2698                      .dwattr $C$DW$354, DW_AT_data_member_location[DW_OP_plus_uconst 0x0]
    2699                      .dwattr $C$DW$354, DW_AT_accessibility(DW_ACCESS_public)
    2700              $C$DW$355       .dwtag  DW_TAG_member
    2701                      .dwattr $C$DW$355, DW_AT_type(*$C$DW$T$19)
    2702                      .dwattr $C$DW$355, DW_AT_name("EPWM5ENCLK")
    2703                      .dwattr $C$DW$355, DW_AT_TI_symbol_name("_EPWM5ENCLK")
    2704                      .dwattr $C$DW$355, DW_AT_bit_offset(0x0b), DW_AT_bit_size(0x01)
    2705                      .dwattr $C$DW$355, DW_AT_data_member_location[DW_OP_plus_uconst 0x0]
    2706                      .dwattr $C$DW$355, DW_AT_accessibility(DW_ACCESS_public)
    2707              $C$DW$356       .dwtag  DW_TAG_member
    2708                      .dwattr $C$DW$356, DW_AT_type(*$C$DW$T$19)
    2709                      .dwattr $C$DW$356, DW_AT_name("EPWM6ENCLK")
    2710                      .dwattr $C$DW$356, DW_AT_TI_symbol_name("_EPWM6ENCLK")
    2711                      .dwattr $C$DW$356, DW_AT_bit_offset(0x0a), DW_AT_bit_size(0x01)
    2712                      .dwattr $C$DW$356, DW_AT_data_member_location[DW_OP_plus_uconst 0x0]
    2713                      .dwattr $C$DW$356, DW_AT_accessibility(DW_ACCESS_public)
    2714              $C$DW$357       .dwtag  DW_TAG_member
    2715                      .dwattr $C$DW$357, DW_AT_type(*$C$DW$T$19)
    2716                      .dwattr $C$DW$357, DW_AT_name("EPWM7ENCLK")
    2717                      .dwattr $C$DW$357, DW_AT_TI_symbol_name("_EPWM7ENCLK")
    2718                      .dwattr $C$DW$357, DW_AT_bit_offset(0x09), DW_AT_bit_size(0x01)
    2719                      .dwattr $C$DW$357, DW_AT_data_member_location[DW_OP_plus_uconst 0x0]
    2720                      .dwattr $C$DW$357, DW_AT_accessibility(DW_ACCESS_public)
    2721              $C$DW$358       .dwtag  DW_TAG_member
    2722                      .dwattr $C$DW$358, DW_AT_type(*$C$DW$T$19)
    2723                      .dwattr $C$DW$358, DW_AT_name("EPWM8ENCLK")
    2724                      .dwattr $C$DW$358, DW_AT_TI_symbol_name("_EPWM8ENCLK")
    2725                      .dwattr $C$DW$358, DW_AT_bit_offset(0x08), DW_AT_bit_size(0x01)
    2726                      .dwattr $C$DW$358, DW_AT_data_member_location[DW_OP_plus_uconst 0x0]
    2727                      .dwattr $C$DW$358, DW_AT_accessibility(DW_ACCESS_public)
    2728              $C$DW$359       .dwtag  DW_TAG_member
    2729                      .dwattr $C$DW$359, DW_AT_type(*$C$DW$T$19)
    2730                      .dwattr $C$DW$359, DW_AT_name("ECAP1ENCLK")
    2731                      .dwattr $C$DW$359, DW_AT_TI_symbol_name("_ECAP1ENCLK")
    2732                      .dwattr $C$DW$359, DW_AT_bit_offset(0x07), DW_AT_bit_size(0x01)
    2733                      .dwattr $C$DW$359, DW_AT_data_member_location[DW_OP_plus_uconst 0x0]
    2734                      .dwattr $C$DW$359, DW_AT_accessibility(DW_ACCESS_public)
    2735              $C$DW$360       .dwtag  DW_TAG_member
    2736                      .dwattr $C$DW$360, DW_AT_type(*$C$DW$T$19)
    2737                      .dwattr $C$DW$360, DW_AT_name("ECAP2ENCLK")
    2738                      .dwattr $C$DW$360, DW_AT_TI_symbol_name("_ECAP2ENCLK")
    2739                      .dwattr $C$DW$360, DW_AT_bit_offset(0x06), DW_AT_bit_size(0x01)
    2740                      .dwattr $C$DW$360, DW_AT_data_member_location[DW_OP_plus_uconst 0x0]
    2741                      .dwattr $C$DW$360, DW_AT_accessibility(DW_ACCESS_public)
    2742              $C$DW$361       .dwtag  DW_TAG_member
    2743                      .dwattr $C$DW$361, DW_AT_type(*$C$DW$T$19)
    2744                      .dwattr $C$DW$361, DW_AT_name("ECAP3ENCLK")
    2745                      .dwattr $C$DW$361, DW_AT_TI_symbol_name("_ECAP3ENCLK")
    2746                      .dwattr $C$DW$361, DW_AT_bit_offset(0x05), DW_AT_bit_size(0x01)
    2747                      .dwattr $C$DW$361, DW_AT_data_member_location[DW_OP_plus_uconst 0x0]
    2748                      .dwattr $C$DW$361, DW_AT_accessibility(DW_ACCESS_public)
    2749              $C$DW$362       .dwtag  DW_TAG_member
    2750                      .dwattr $C$DW$362, DW_AT_type(*$C$DW$T$19)
TMS320C2000 Assembler PC v6.1.0 Fri Feb 14 09:23:41 2020

Tools Copyright (c) 1996-2012 Texas Instruments Incorporated
F:/Work/Code Area/Combis/Bootloader/Example_Flash2806x_API21_Combi/Example_Flash2806x_API21_Combi/Example_Flash2806x_API/Debug/Example_Flash2806x_GlobalVariableDefs.asm PAGE   51

    2751                      .dwattr $C$DW$362, DW_AT_name("rsvd1")
    2752                      .dwattr $C$DW$362, DW_AT_TI_symbol_name("_rsvd1")
    2753                      .dwattr $C$DW$362, DW_AT_bit_offset(0x02), DW_AT_bit_size(0x03)
    2754                      .dwattr $C$DW$362, DW_AT_data_member_location[DW_OP_plus_uconst 0x0]
    2755                      .dwattr $C$DW$362, DW_AT_accessibility(DW_ACCESS_public)
    2756              $C$DW$363       .dwtag  DW_TAG_member
    2757                      .dwattr $C$DW$363, DW_AT_type(*$C$DW$T$19)
    2758                      .dwattr $C$DW$363, DW_AT_name("EQEP1ENCLK")
    2759                      .dwattr $C$DW$363, DW_AT_TI_symbol_name("_EQEP1ENCLK")
    2760                      .dwattr $C$DW$363, DW_AT_bit_offset(0x01), DW_AT_bit_size(0x01)
    2761                      .dwattr $C$DW$363, DW_AT_data_member_location[DW_OP_plus_uconst 0x0]
    2762                      .dwattr $C$DW$363, DW_AT_accessibility(DW_ACCESS_public)
    2763              $C$DW$364       .dwtag  DW_TAG_member
    2764                      .dwattr $C$DW$364, DW_AT_type(*$C$DW$T$19)
    2765                      .dwattr $C$DW$364, DW_AT_name("EQEP2ENCLK")
    2766                      .dwattr $C$DW$364, DW_AT_TI_symbol_name("_EQEP2ENCLK")
    2767                      .dwattr $C$DW$364, DW_AT_bit_offset(0x00), DW_AT_bit_size(0x01)
    2768                      .dwattr $C$DW$364, DW_AT_data_member_location[DW_OP_plus_uconst 0x0]
    2769                      .dwattr $C$DW$364, DW_AT_accessibility(DW_ACCESS_public)
    2770                      .dwendtag $C$DW$T$80
    2771              
    2772              
    2773              $C$DW$T$81      .dwtag  DW_TAG_union_type
    2774                      .dwattr $C$DW$T$81, DW_AT_name("PCLKCR1_REG")
    2775                      .dwattr $C$DW$T$81, DW_AT_byte_size(0x01)
    2776              $C$DW$365       .dwtag  DW_TAG_member
    2777                      .dwattr $C$DW$365, DW_AT_type(*$C$DW$T$19)
    2778                      .dwattr $C$DW$365, DW_AT_name("all")
    2779                      .dwattr $C$DW$365, DW_AT_TI_symbol_name("_all")
    2780                      .dwattr $C$DW$365, DW_AT_data_member_location[DW_OP_plus_uconst 0x0]
    2781                      .dwattr $C$DW$365, DW_AT_accessibility(DW_ACCESS_public)
    2782              $C$DW$366       .dwtag  DW_TAG_member
    2783                      .dwattr $C$DW$366, DW_AT_type(*$C$DW$T$80)
    2784                      .dwattr $C$DW$366, DW_AT_name("bit")
    2785                      .dwattr $C$DW$366, DW_AT_TI_symbol_name("_bit")
    2786                      .dwattr $C$DW$366, DW_AT_data_member_location[DW_OP_plus_uconst 0x0]
    2787                      .dwattr $C$DW$366, DW_AT_accessibility(DW_ACCESS_public)
    2788                      .dwendtag $C$DW$T$81
    2789              
    2790              
    2791              $C$DW$T$82      .dwtag  DW_TAG_structure_type
    2792                      .dwattr $C$DW$T$82, DW_AT_name("PCLKCR3_BITS")
    2793                      .dwattr $C$DW$T$82, DW_AT_byte_size(0x01)
    2794              $C$DW$367       .dwtag  DW_TAG_member
    2795                      .dwattr $C$DW$367, DW_AT_type(*$C$DW$T$19)
    2796                      .dwattr $C$DW$367, DW_AT_name("COMP1ENCLK")
    2797                      .dwattr $C$DW$367, DW_AT_TI_symbol_name("_COMP1ENCLK")
    2798                      .dwattr $C$DW$367, DW_AT_bit_offset(0x0f), DW_AT_bit_size(0x01)
    2799                      .dwattr $C$DW$367, DW_AT_data_member_location[DW_OP_plus_uconst 0x0]
    2800                      .dwattr $C$DW$367, DW_AT_accessibility(DW_ACCESS_public)
    2801              $C$DW$368       .dwtag  DW_TAG_member
    2802                      .dwattr $C$DW$368, DW_AT_type(*$C$DW$T$19)
    2803                      .dwattr $C$DW$368, DW_AT_name("COMP2ENCLK")
    2804                      .dwattr $C$DW$368, DW_AT_TI_symbol_name("_COMP2ENCLK")
    2805                      .dwattr $C$DW$368, DW_AT_bit_offset(0x0e), DW_AT_bit_size(0x01)
TMS320C2000 Assembler PC v6.1.0 Fri Feb 14 09:23:41 2020

Tools Copyright (c) 1996-2012 Texas Instruments Incorporated
F:/Work/Code Area/Combis/Bootloader/Example_Flash2806x_API21_Combi/Example_Flash2806x_API21_Combi/Example_Flash2806x_API/Debug/Example_Flash2806x_GlobalVariableDefs.asm PAGE   52

    2806                      .dwattr $C$DW$368, DW_AT_data_member_location[DW_OP_plus_uconst 0x0]
    2807                      .dwattr $C$DW$368, DW_AT_accessibility(DW_ACCESS_public)
    2808              $C$DW$369       .dwtag  DW_TAG_member
    2809                      .dwattr $C$DW$369, DW_AT_type(*$C$DW$T$19)
    2810                      .dwattr $C$DW$369, DW_AT_name("COMP3ENCLK")
    2811                      .dwattr $C$DW$369, DW_AT_TI_symbol_name("_COMP3ENCLK")
    2812                      .dwattr $C$DW$369, DW_AT_bit_offset(0x0d), DW_AT_bit_size(0x01)
    2813                      .dwattr $C$DW$369, DW_AT_data_member_location[DW_OP_plus_uconst 0x0]
    2814                      .dwattr $C$DW$369, DW_AT_accessibility(DW_ACCESS_public)
    2815              $C$DW$370       .dwtag  DW_TAG_member
    2816                      .dwattr $C$DW$370, DW_AT_type(*$C$DW$T$19)
    2817                      .dwattr $C$DW$370, DW_AT_name("rsvd1")
    2818                      .dwattr $C$DW$370, DW_AT_TI_symbol_name("_rsvd1")
    2819                      .dwattr $C$DW$370, DW_AT_bit_offset(0x08), DW_AT_bit_size(0x05)
    2820                      .dwattr $C$DW$370, DW_AT_data_member_location[DW_OP_plus_uconst 0x0]
    2821                      .dwattr $C$DW$370, DW_AT_accessibility(DW_ACCESS_public)
    2822              $C$DW$371       .dwtag  DW_TAG_member
    2823                      .dwattr $C$DW$371, DW_AT_type(*$C$DW$T$19)
    2824                      .dwattr $C$DW$371, DW_AT_name("CPUTIMER0ENCLK")
    2825                      .dwattr $C$DW$371, DW_AT_TI_symbol_name("_CPUTIMER0ENCLK")
    2826                      .dwattr $C$DW$371, DW_AT_bit_offset(0x07), DW_AT_bit_size(0x01)
    2827                      .dwattr $C$DW$371, DW_AT_data_member_location[DW_OP_plus_uconst 0x0]
    2828                      .dwattr $C$DW$371, DW_AT_accessibility(DW_ACCESS_public)
    2829              $C$DW$372       .dwtag  DW_TAG_member
    2830                      .dwattr $C$DW$372, DW_AT_type(*$C$DW$T$19)
    2831                      .dwattr $C$DW$372, DW_AT_name("CPUTIMER1ENCLK")
    2832                      .dwattr $C$DW$372, DW_AT_TI_symbol_name("_CPUTIMER1ENCLK")
    2833                      .dwattr $C$DW$372, DW_AT_bit_offset(0x06), DW_AT_bit_size(0x01)
    2834                      .dwattr $C$DW$372, DW_AT_data_member_location[DW_OP_plus_uconst 0x0]
    2835                      .dwattr $C$DW$372, DW_AT_accessibility(DW_ACCESS_public)
    2836              $C$DW$373       .dwtag  DW_TAG_member
    2837                      .dwattr $C$DW$373, DW_AT_type(*$C$DW$T$19)
    2838                      .dwattr $C$DW$373, DW_AT_name("CPUTIMER2ENCLK")
    2839                      .dwattr $C$DW$373, DW_AT_TI_symbol_name("_CPUTIMER2ENCLK")
    2840                      .dwattr $C$DW$373, DW_AT_bit_offset(0x05), DW_AT_bit_size(0x01)
    2841                      .dwattr $C$DW$373, DW_AT_data_member_location[DW_OP_plus_uconst 0x0]
    2842                      .dwattr $C$DW$373, DW_AT_accessibility(DW_ACCESS_public)
    2843              $C$DW$374       .dwtag  DW_TAG_member
    2844                      .dwattr $C$DW$374, DW_AT_type(*$C$DW$T$19)
    2845                      .dwattr $C$DW$374, DW_AT_name("DMAENCLK")
    2846                      .dwattr $C$DW$374, DW_AT_TI_symbol_name("_DMAENCLK")
    2847                      .dwattr $C$DW$374, DW_AT_bit_offset(0x04), DW_AT_bit_size(0x01)
    2848                      .dwattr $C$DW$374, DW_AT_data_member_location[DW_OP_plus_uconst 0x0]
    2849                      .dwattr $C$DW$374, DW_AT_accessibility(DW_ACCESS_public)
    2850              $C$DW$375       .dwtag  DW_TAG_member
    2851                      .dwattr $C$DW$375, DW_AT_type(*$C$DW$T$19)
    2852                      .dwattr $C$DW$375, DW_AT_name("rsvd2")
    2853                      .dwattr $C$DW$375, DW_AT_TI_symbol_name("_rsvd2")
    2854                      .dwattr $C$DW$375, DW_AT_bit_offset(0x03), DW_AT_bit_size(0x01)
    2855                      .dwattr $C$DW$375, DW_AT_data_member_location[DW_OP_plus_uconst 0x0]
    2856                      .dwattr $C$DW$375, DW_AT_accessibility(DW_ACCESS_public)
    2857              $C$DW$376       .dwtag  DW_TAG_member
    2858                      .dwattr $C$DW$376, DW_AT_type(*$C$DW$T$19)
    2859                      .dwattr $C$DW$376, DW_AT_name("GPIOINENCLK")
    2860                      .dwattr $C$DW$376, DW_AT_TI_symbol_name("_GPIOINENCLK")
TMS320C2000 Assembler PC v6.1.0 Fri Feb 14 09:23:41 2020

Tools Copyright (c) 1996-2012 Texas Instruments Incorporated
F:/Work/Code Area/Combis/Bootloader/Example_Flash2806x_API21_Combi/Example_Flash2806x_API21_Combi/Example_Flash2806x_API/Debug/Example_Flash2806x_GlobalVariableDefs.asm PAGE   53

    2861                      .dwattr $C$DW$376, DW_AT_bit_offset(0x02), DW_AT_bit_size(0x01)
    2862                      .dwattr $C$DW$376, DW_AT_data_member_location[DW_OP_plus_uconst 0x0]
    2863                      .dwattr $C$DW$376, DW_AT_accessibility(DW_ACCESS_public)
    2864              $C$DW$377       .dwtag  DW_TAG_member
    2865                      .dwattr $C$DW$377, DW_AT_type(*$C$DW$T$19)
    2866                      .dwattr $C$DW$377, DW_AT_name("CLA1ENCLK")
    2867                      .dwattr $C$DW$377, DW_AT_TI_symbol_name("_CLA1ENCLK")
    2868                      .dwattr $C$DW$377, DW_AT_bit_offset(0x01), DW_AT_bit_size(0x01)
    2869                      .dwattr $C$DW$377, DW_AT_data_member_location[DW_OP_plus_uconst 0x0]
    2870                      .dwattr $C$DW$377, DW_AT_accessibility(DW_ACCESS_public)
    2871              $C$DW$378       .dwtag  DW_TAG_member
    2872                      .dwattr $C$DW$378, DW_AT_type(*$C$DW$T$19)
    2873                      .dwattr $C$DW$378, DW_AT_name("rsvd3")
    2874                      .dwattr $C$DW$378, DW_AT_TI_symbol_name("_rsvd3")
    2875                      .dwattr $C$DW$378, DW_AT_bit_offset(0x00), DW_AT_bit_size(0x01)
    2876                      .dwattr $C$DW$378, DW_AT_data_member_location[DW_OP_plus_uconst 0x0]
    2877                      .dwattr $C$DW$378, DW_AT_accessibility(DW_ACCESS_public)
    2878                      .dwendtag $C$DW$T$82
    2879              
    2880              
    2881              $C$DW$T$83      .dwtag  DW_TAG_union_type
    2882                      .dwattr $C$DW$T$83, DW_AT_name("PCLKCR3_REG")
    2883                      .dwattr $C$DW$T$83, DW_AT_byte_size(0x01)
    2884              $C$DW$379       .dwtag  DW_TAG_member
    2885                      .dwattr $C$DW$379, DW_AT_type(*$C$DW$T$19)
    2886                      .dwattr $C$DW$379, DW_AT_name("all")
    2887                      .dwattr $C$DW$379, DW_AT_TI_symbol_name("_all")
    2888                      .dwattr $C$DW$379, DW_AT_data_member_location[DW_OP_plus_uconst 0x0]
    2889                      .dwattr $C$DW$379, DW_AT_accessibility(DW_ACCESS_public)
    2890              $C$DW$380       .dwtag  DW_TAG_member
    2891                      .dwattr $C$DW$380, DW_AT_type(*$C$DW$T$82)
    2892                      .dwattr $C$DW$380, DW_AT_name("bit")
    2893                      .dwattr $C$DW$380, DW_AT_TI_symbol_name("_bit")
    2894                      .dwattr $C$DW$380, DW_AT_data_member_location[DW_OP_plus_uconst 0x0]
    2895                      .dwattr $C$DW$380, DW_AT_accessibility(DW_ACCESS_public)
    2896                      .dwendtag $C$DW$T$83
    2897              
    2898              
    2899              $C$DW$T$84      .dwtag  DW_TAG_structure_type
    2900                      .dwattr $C$DW$T$84, DW_AT_name("PLLCR_BITS")
    2901                      .dwattr $C$DW$T$84, DW_AT_byte_size(0x01)
    2902              $C$DW$381       .dwtag  DW_TAG_member
    2903                      .dwattr $C$DW$381, DW_AT_type(*$C$DW$T$19)
    2904                      .dwattr $C$DW$381, DW_AT_name("DIV")
    2905                      .dwattr $C$DW$381, DW_AT_TI_symbol_name("_DIV")
    2906                      .dwattr $C$DW$381, DW_AT_bit_offset(0x0b), DW_AT_bit_size(0x05)
    2907                      .dwattr $C$DW$381, DW_AT_data_member_location[DW_OP_plus_uconst 0x0]
    2908                      .dwattr $C$DW$381, DW_AT_accessibility(DW_ACCESS_public)
    2909              $C$DW$382       .dwtag  DW_TAG_member
    2910                      .dwattr $C$DW$382, DW_AT_type(*$C$DW$T$19)
    2911                      .dwattr $C$DW$382, DW_AT_name("rsvd1")
    2912                      .dwattr $C$DW$382, DW_AT_TI_symbol_name("_rsvd1")
    2913                      .dwattr $C$DW$382, DW_AT_bit_offset(0x00), DW_AT_bit_size(0x0b)
    2914                      .dwattr $C$DW$382, DW_AT_data_member_location[DW_OP_plus_uconst 0x0]
    2915                      .dwattr $C$DW$382, DW_AT_accessibility(DW_ACCESS_public)
TMS320C2000 Assembler PC v6.1.0 Fri Feb 14 09:23:41 2020

Tools Copyright (c) 1996-2012 Texas Instruments Incorporated
F:/Work/Code Area/Combis/Bootloader/Example_Flash2806x_API21_Combi/Example_Flash2806x_API21_Combi/Example_Flash2806x_API/Debug/Example_Flash2806x_GlobalVariableDefs.asm PAGE   54

    2916                      .dwendtag $C$DW$T$84
    2917              
    2918              
    2919              $C$DW$T$85      .dwtag  DW_TAG_union_type
    2920                      .dwattr $C$DW$T$85, DW_AT_name("PLLCR_REG")
    2921                      .dwattr $C$DW$T$85, DW_AT_byte_size(0x01)
    2922              $C$DW$383       .dwtag  DW_TAG_member
    2923                      .dwattr $C$DW$383, DW_AT_type(*$C$DW$T$19)
    2924                      .dwattr $C$DW$383, DW_AT_name("all")
    2925                      .dwattr $C$DW$383, DW_AT_TI_symbol_name("_all")
    2926                      .dwattr $C$DW$383, DW_AT_data_member_location[DW_OP_plus_uconst 0x0]
    2927                      .dwattr $C$DW$383, DW_AT_accessibility(DW_ACCESS_public)
    2928              $C$DW$384       .dwtag  DW_TAG_member
    2929                      .dwattr $C$DW$384, DW_AT_type(*$C$DW$T$84)
    2930                      .dwattr $C$DW$384, DW_AT_name("bit")
    2931                      .dwattr $C$DW$384, DW_AT_TI_symbol_name("_bit")
    2932                      .dwattr $C$DW$384, DW_AT_data_member_location[DW_OP_plus_uconst 0x0]
    2933                      .dwattr $C$DW$384, DW_AT_accessibility(DW_ACCESS_public)
    2934                      .dwendtag $C$DW$T$85
    2935              
    2936              
    2937              $C$DW$T$86      .dwtag  DW_TAG_structure_type
    2938                      .dwattr $C$DW$T$86, DW_AT_name("PLLSTS_BITS")
    2939                      .dwattr $C$DW$T$86, DW_AT_byte_size(0x01)
    2940              $C$DW$385       .dwtag  DW_TAG_member
    2941                      .dwattr $C$DW$385, DW_AT_type(*$C$DW$T$19)
    2942                      .dwattr $C$DW$385, DW_AT_name("PLLLOCKS")
    2943                      .dwattr $C$DW$385, DW_AT_TI_symbol_name("_PLLLOCKS")
    2944                      .dwattr $C$DW$385, DW_AT_bit_offset(0x0f), DW_AT_bit_size(0x01)
    2945                      .dwattr $C$DW$385, DW_AT_data_member_location[DW_OP_plus_uconst 0x0]
    2946                      .dwattr $C$DW$385, DW_AT_accessibility(DW_ACCESS_public)
    2947              $C$DW$386       .dwtag  DW_TAG_member
    2948                      .dwattr $C$DW$386, DW_AT_type(*$C$DW$T$19)
    2949                      .dwattr $C$DW$386, DW_AT_name("rsvd1")
    2950                      .dwattr $C$DW$386, DW_AT_TI_symbol_name("_rsvd1")
    2951                      .dwattr $C$DW$386, DW_AT_bit_offset(0x0e), DW_AT_bit_size(0x01)
    2952                      .dwattr $C$DW$386, DW_AT_data_member_location[DW_OP_plus_uconst 0x0]
    2953                      .dwattr $C$DW$386, DW_AT_accessibility(DW_ACCESS_public)
    2954              $C$DW$387       .dwtag  DW_TAG_member
    2955                      .dwattr $C$DW$387, DW_AT_type(*$C$DW$T$19)
    2956                      .dwattr $C$DW$387, DW_AT_name("PLLOFF")
    2957                      .dwattr $C$DW$387, DW_AT_TI_symbol_name("_PLLOFF")
    2958                      .dwattr $C$DW$387, DW_AT_bit_offset(0x0d), DW_AT_bit_size(0x01)
    2959                      .dwattr $C$DW$387, DW_AT_data_member_location[DW_OP_plus_uconst 0x0]
    2960                      .dwattr $C$DW$387, DW_AT_accessibility(DW_ACCESS_public)
    2961              $C$DW$388       .dwtag  DW_TAG_member
    2962                      .dwattr $C$DW$388, DW_AT_type(*$C$DW$T$19)
    2963                      .dwattr $C$DW$388, DW_AT_name("MCLKSTS")
    2964                      .dwattr $C$DW$388, DW_AT_TI_symbol_name("_MCLKSTS")
    2965                      .dwattr $C$DW$388, DW_AT_bit_offset(0x0c), DW_AT_bit_size(0x01)
    2966                      .dwattr $C$DW$388, DW_AT_data_member_location[DW_OP_plus_uconst 0x0]
    2967                      .dwattr $C$DW$388, DW_AT_accessibility(DW_ACCESS_public)
    2968              $C$DW$389       .dwtag  DW_TAG_member
    2969                      .dwattr $C$DW$389, DW_AT_type(*$C$DW$T$19)
    2970                      .dwattr $C$DW$389, DW_AT_name("MCLKCLR")
TMS320C2000 Assembler PC v6.1.0 Fri Feb 14 09:23:41 2020

Tools Copyright (c) 1996-2012 Texas Instruments Incorporated
F:/Work/Code Area/Combis/Bootloader/Example_Flash2806x_API21_Combi/Example_Flash2806x_API21_Combi/Example_Flash2806x_API/Debug/Example_Flash2806x_GlobalVariableDefs.asm PAGE   55

    2971                      .dwattr $C$DW$389, DW_AT_TI_symbol_name("_MCLKCLR")
    2972                      .dwattr $C$DW$389, DW_AT_bit_offset(0x0b), DW_AT_bit_size(0x01)
    2973                      .dwattr $C$DW$389, DW_AT_data_member_location[DW_OP_plus_uconst 0x0]
    2974                      .dwattr $C$DW$389, DW_AT_accessibility(DW_ACCESS_public)
    2975              $C$DW$390       .dwtag  DW_TAG_member
    2976                      .dwattr $C$DW$390, DW_AT_type(*$C$DW$T$19)
    2977                      .dwattr $C$DW$390, DW_AT_name("OSCOFF")
    2978                      .dwattr $C$DW$390, DW_AT_TI_symbol_name("_OSCOFF")
    2979                      .dwattr $C$DW$390, DW_AT_bit_offset(0x0a), DW_AT_bit_size(0x01)
    2980                      .dwattr $C$DW$390, DW_AT_data_member_location[DW_OP_plus_uconst 0x0]
    2981                      .dwattr $C$DW$390, DW_AT_accessibility(DW_ACCESS_public)
    2982              $C$DW$391       .dwtag  DW_TAG_member
    2983                      .dwattr $C$DW$391, DW_AT_type(*$C$DW$T$19)
    2984                      .dwattr $C$DW$391, DW_AT_name("MCLKOFF")
    2985                      .dwattr $C$DW$391, DW_AT_TI_symbol_name("_MCLKOFF")
    2986                      .dwattr $C$DW$391, DW_AT_bit_offset(0x09), DW_AT_bit_size(0x01)
    2987                      .dwattr $C$DW$391, DW_AT_data_member_location[DW_OP_plus_uconst 0x0]
    2988                      .dwattr $C$DW$391, DW_AT_accessibility(DW_ACCESS_public)
    2989              $C$DW$392       .dwtag  DW_TAG_member
    2990                      .dwattr $C$DW$392, DW_AT_type(*$C$DW$T$19)
    2991                      .dwattr $C$DW$392, DW_AT_name("DIVSEL")
    2992                      .dwattr $C$DW$392, DW_AT_TI_symbol_name("_DIVSEL")
    2993                      .dwattr $C$DW$392, DW_AT_bit_offset(0x07), DW_AT_bit_size(0x02)
    2994                      .dwattr $C$DW$392, DW_AT_data_member_location[DW_OP_plus_uconst 0x0]
    2995                      .dwattr $C$DW$392, DW_AT_accessibility(DW_ACCESS_public)
    2996              $C$DW$393       .dwtag  DW_TAG_member
    2997                      .dwattr $C$DW$393, DW_AT_type(*$C$DW$T$19)
    2998                      .dwattr $C$DW$393, DW_AT_name("rsvd2")
    2999                      .dwattr $C$DW$393, DW_AT_TI_symbol_name("_rsvd2")
    3000                      .dwattr $C$DW$393, DW_AT_bit_offset(0x01), DW_AT_bit_size(0x06)
    3001                      .dwattr $C$DW$393, DW_AT_data_member_location[DW_OP_plus_uconst 0x0]
    3002                      .dwattr $C$DW$393, DW_AT_accessibility(DW_ACCESS_public)
    3003              $C$DW$394       .dwtag  DW_TAG_member
    3004                      .dwattr $C$DW$394, DW_AT_type(*$C$DW$T$19)
    3005                      .dwattr $C$DW$394, DW_AT_name("NORMRDYE")
    3006                      .dwattr $C$DW$394, DW_AT_TI_symbol_name("_NORMRDYE")
    3007                      .dwattr $C$DW$394, DW_AT_bit_offset(0x00), DW_AT_bit_size(0x01)
    3008                      .dwattr $C$DW$394, DW_AT_data_member_location[DW_OP_plus_uconst 0x0]
    3009                      .dwattr $C$DW$394, DW_AT_accessibility(DW_ACCESS_public)
    3010                      .dwendtag $C$DW$T$86
    3011              
    3012              
    3013              $C$DW$T$87      .dwtag  DW_TAG_union_type
    3014                      .dwattr $C$DW$T$87, DW_AT_name("PLLSTS_REG")
    3015                      .dwattr $C$DW$T$87, DW_AT_byte_size(0x01)
    3016              $C$DW$395       .dwtag  DW_TAG_member
    3017                      .dwattr $C$DW$395, DW_AT_type(*$C$DW$T$19)
    3018                      .dwattr $C$DW$395, DW_AT_name("all")
    3019                      .dwattr $C$DW$395, DW_AT_TI_symbol_name("_all")
    3020                      .dwattr $C$DW$395, DW_AT_data_member_location[DW_OP_plus_uconst 0x0]
    3021                      .dwattr $C$DW$395, DW_AT_accessibility(DW_ACCESS_public)
    3022              $C$DW$396       .dwtag  DW_TAG_member
    3023                      .dwattr $C$DW$396, DW_AT_type(*$C$DW$T$86)
    3024                      .dwattr $C$DW$396, DW_AT_name("bit")
    3025                      .dwattr $C$DW$396, DW_AT_TI_symbol_name("_bit")
TMS320C2000 Assembler PC v6.1.0 Fri Feb 14 09:23:41 2020

Tools Copyright (c) 1996-2012 Texas Instruments Incorporated
F:/Work/Code Area/Combis/Bootloader/Example_Flash2806x_API21_Combi/Example_Flash2806x_API21_Combi/Example_Flash2806x_API/Debug/Example_Flash2806x_GlobalVariableDefs.asm PAGE   56

    3026                      .dwattr $C$DW$396, DW_AT_data_member_location[DW_OP_plus_uconst 0x0]
    3027                      .dwattr $C$DW$396, DW_AT_accessibility(DW_ACCESS_public)
    3028                      .dwendtag $C$DW$T$87
    3029              
    3030              
    3031              $C$DW$T$88      .dwtag  DW_TAG_structure_type
    3032                      .dwattr $C$DW$T$88, DW_AT_name("SCICCR_BITS")
    3033                      .dwattr $C$DW$T$88, DW_AT_byte_size(0x01)
    3034              $C$DW$397       .dwtag  DW_TAG_member
    3035                      .dwattr $C$DW$397, DW_AT_type(*$C$DW$T$19)
    3036                      .dwattr $C$DW$397, DW_AT_name("SCICHAR")
    3037                      .dwattr $C$DW$397, DW_AT_TI_symbol_name("_SCICHAR")
    3038                      .dwattr $C$DW$397, DW_AT_bit_offset(0x0d), DW_AT_bit_size(0x03)
    3039                      .dwattr $C$DW$397, DW_AT_data_member_location[DW_OP_plus_uconst 0x0]
    3040                      .dwattr $C$DW$397, DW_AT_accessibility(DW_ACCESS_public)
    3041              $C$DW$398       .dwtag  DW_TAG_member
    3042                      .dwattr $C$DW$398, DW_AT_type(*$C$DW$T$19)
    3043                      .dwattr $C$DW$398, DW_AT_name("ADDRIDLE_MODE")
    3044                      .dwattr $C$DW$398, DW_AT_TI_symbol_name("_ADDRIDLE_MODE")
    3045                      .dwattr $C$DW$398, DW_AT_bit_offset(0x0c), DW_AT_bit_size(0x01)
    3046                      .dwattr $C$DW$398, DW_AT_data_member_location[DW_OP_plus_uconst 0x0]
    3047                      .dwattr $C$DW$398, DW_AT_accessibility(DW_ACCESS_public)
    3048              $C$DW$399       .dwtag  DW_TAG_member
    3049                      .dwattr $C$DW$399, DW_AT_type(*$C$DW$T$19)
    3050                      .dwattr $C$DW$399, DW_AT_name("LOOPBKENA")
    3051                      .dwattr $C$DW$399, DW_AT_TI_symbol_name("_LOOPBKENA")
    3052                      .dwattr $C$DW$399, DW_AT_bit_offset(0x0b), DW_AT_bit_size(0x01)
    3053                      .dwattr $C$DW$399, DW_AT_data_member_location[DW_OP_plus_uconst 0x0]
    3054                      .dwattr $C$DW$399, DW_AT_accessibility(DW_ACCESS_public)
    3055              $C$DW$400       .dwtag  DW_TAG_member
    3056                      .dwattr $C$DW$400, DW_AT_type(*$C$DW$T$19)
    3057                      .dwattr $C$DW$400, DW_AT_name("PARITYENA")
    3058                      .dwattr $C$DW$400, DW_AT_TI_symbol_name("_PARITYENA")
    3059                      .dwattr $C$DW$400, DW_AT_bit_offset(0x0a), DW_AT_bit_size(0x01)
    3060                      .dwattr $C$DW$400, DW_AT_data_member_location[DW_OP_plus_uconst 0x0]
    3061                      .dwattr $C$DW$400, DW_AT_accessibility(DW_ACCESS_public)
    3062              $C$DW$401       .dwtag  DW_TAG_member
    3063                      .dwattr $C$DW$401, DW_AT_type(*$C$DW$T$19)
    3064                      .dwattr $C$DW$401, DW_AT_name("PARITY")
    3065                      .dwattr $C$DW$401, DW_AT_TI_symbol_name("_PARITY")
    3066                      .dwattr $C$DW$401, DW_AT_bit_offset(0x09), DW_AT_bit_size(0x01)
    3067                      .dwattr $C$DW$401, DW_AT_data_member_location[DW_OP_plus_uconst 0x0]
    3068                      .dwattr $C$DW$401, DW_AT_accessibility(DW_ACCESS_public)
    3069              $C$DW$402       .dwtag  DW_TAG_member
    3070                      .dwattr $C$DW$402, DW_AT_type(*$C$DW$T$19)
    3071                      .dwattr $C$DW$402, DW_AT_name("STOPBITS")
    3072                      .dwattr $C$DW$402, DW_AT_TI_symbol_name("_STOPBITS")
    3073                      .dwattr $C$DW$402, DW_AT_bit_offset(0x08), DW_AT_bit_size(0x01)
    3074                      .dwattr $C$DW$402, DW_AT_data_member_location[DW_OP_plus_uconst 0x0]
    3075                      .dwattr $C$DW$402, DW_AT_accessibility(DW_ACCESS_public)
    3076              $C$DW$403       .dwtag  DW_TAG_member
    3077                      .dwattr $C$DW$403, DW_AT_type(*$C$DW$T$19)
    3078                      .dwattr $C$DW$403, DW_AT_name("rsvd1")
    3079                      .dwattr $C$DW$403, DW_AT_TI_symbol_name("_rsvd1")
    3080                      .dwattr $C$DW$403, DW_AT_bit_offset(0x00), DW_AT_bit_size(0x08)
TMS320C2000 Assembler PC v6.1.0 Fri Feb 14 09:23:41 2020

Tools Copyright (c) 1996-2012 Texas Instruments Incorporated
F:/Work/Code Area/Combis/Bootloader/Example_Flash2806x_API21_Combi/Example_Flash2806x_API21_Combi/Example_Flash2806x_API/Debug/Example_Flash2806x_GlobalVariableDefs.asm PAGE   57

    3081                      .dwattr $C$DW$403, DW_AT_data_member_location[DW_OP_plus_uconst 0x0]
    3082                      .dwattr $C$DW$403, DW_AT_accessibility(DW_ACCESS_public)
    3083                      .dwendtag $C$DW$T$88
    3084              
    3085              
    3086              $C$DW$T$89      .dwtag  DW_TAG_union_type
    3087                      .dwattr $C$DW$T$89, DW_AT_name("SCICCR_REG")
    3088                      .dwattr $C$DW$T$89, DW_AT_byte_size(0x01)
    3089              $C$DW$404       .dwtag  DW_TAG_member
    3090                      .dwattr $C$DW$404, DW_AT_type(*$C$DW$T$19)
    3091                      .dwattr $C$DW$404, DW_AT_name("all")
    3092                      .dwattr $C$DW$404, DW_AT_TI_symbol_name("_all")
    3093                      .dwattr $C$DW$404, DW_AT_data_member_location[DW_OP_plus_uconst 0x0]
    3094                      .dwattr $C$DW$404, DW_AT_accessibility(DW_ACCESS_public)
    3095              $C$DW$405       .dwtag  DW_TAG_member
    3096                      .dwattr $C$DW$405, DW_AT_type(*$C$DW$T$88)
    3097                      .dwattr $C$DW$405, DW_AT_name("bit")
    3098                      .dwattr $C$DW$405, DW_AT_TI_symbol_name("_bit")
    3099                      .dwattr $C$DW$405, DW_AT_data_member_location[DW_OP_plus_uconst 0x0]
    3100                      .dwattr $C$DW$405, DW_AT_accessibility(DW_ACCESS_public)
    3101                      .dwendtag $C$DW$T$89
    3102              
    3103              
    3104              $C$DW$T$90      .dwtag  DW_TAG_structure_type
    3105                      .dwattr $C$DW$T$90, DW_AT_name("SCICTL1_BITS")
    3106                      .dwattr $C$DW$T$90, DW_AT_byte_size(0x01)
    3107              $C$DW$406       .dwtag  DW_TAG_member
    3108                      .dwattr $C$DW$406, DW_AT_type(*$C$DW$T$19)
    3109                      .dwattr $C$DW$406, DW_AT_name("RXENA")
    3110                      .dwattr $C$DW$406, DW_AT_TI_symbol_name("_RXENA")
    3111                      .dwattr $C$DW$406, DW_AT_bit_offset(0x0f), DW_AT_bit_size(0x01)
    3112                      .dwattr $C$DW$406, DW_AT_data_member_location[DW_OP_plus_uconst 0x0]
    3113                      .dwattr $C$DW$406, DW_AT_accessibility(DW_ACCESS_public)
    3114              $C$DW$407       .dwtag  DW_TAG_member
    3115                      .dwattr $C$DW$407, DW_AT_type(*$C$DW$T$19)
    3116                      .dwattr $C$DW$407, DW_AT_name("TXENA")
    3117                      .dwattr $C$DW$407, DW_AT_TI_symbol_name("_TXENA")
    3118                      .dwattr $C$DW$407, DW_AT_bit_offset(0x0e), DW_AT_bit_size(0x01)
    3119                      .dwattr $C$DW$407, DW_AT_data_member_location[DW_OP_plus_uconst 0x0]
    3120                      .dwattr $C$DW$407, DW_AT_accessibility(DW_ACCESS_public)
    3121              $C$DW$408       .dwtag  DW_TAG_member
    3122                      .dwattr $C$DW$408, DW_AT_type(*$C$DW$T$19)
    3123                      .dwattr $C$DW$408, DW_AT_name("SLEEP")
    3124                      .dwattr $C$DW$408, DW_AT_TI_symbol_name("_SLEEP")
    3125                      .dwattr $C$DW$408, DW_AT_bit_offset(0x0d), DW_AT_bit_size(0x01)
    3126                      .dwattr $C$DW$408, DW_AT_data_member_location[DW_OP_plus_uconst 0x0]
    3127                      .dwattr $C$DW$408, DW_AT_accessibility(DW_ACCESS_public)
    3128              $C$DW$409       .dwtag  DW_TAG_member
    3129                      .dwattr $C$DW$409, DW_AT_type(*$C$DW$T$19)
    3130                      .dwattr $C$DW$409, DW_AT_name("TXWAKE")
    3131                      .dwattr $C$DW$409, DW_AT_TI_symbol_name("_TXWAKE")
    3132                      .dwattr $C$DW$409, DW_AT_bit_offset(0x0c), DW_AT_bit_size(0x01)
    3133                      .dwattr $C$DW$409, DW_AT_data_member_location[DW_OP_plus_uconst 0x0]
    3134                      .dwattr $C$DW$409, DW_AT_accessibility(DW_ACCESS_public)
    3135              $C$DW$410       .dwtag  DW_TAG_member
TMS320C2000 Assembler PC v6.1.0 Fri Feb 14 09:23:41 2020

Tools Copyright (c) 1996-2012 Texas Instruments Incorporated
F:/Work/Code Area/Combis/Bootloader/Example_Flash2806x_API21_Combi/Example_Flash2806x_API21_Combi/Example_Flash2806x_API/Debug/Example_Flash2806x_GlobalVariableDefs.asm PAGE   58

    3136                      .dwattr $C$DW$410, DW_AT_type(*$C$DW$T$19)
    3137                      .dwattr $C$DW$410, DW_AT_name("rsvd1")
    3138                      .dwattr $C$DW$410, DW_AT_TI_symbol_name("_rsvd1")
    3139                      .dwattr $C$DW$410, DW_AT_bit_offset(0x0b), DW_AT_bit_size(0x01)
    3140                      .dwattr $C$DW$410, DW_AT_data_member_location[DW_OP_plus_uconst 0x0]
    3141                      .dwattr $C$DW$410, DW_AT_accessibility(DW_ACCESS_public)
    3142              $C$DW$411       .dwtag  DW_TAG_member
    3143                      .dwattr $C$DW$411, DW_AT_type(*$C$DW$T$19)
    3144                      .dwattr $C$DW$411, DW_AT_name("SWRESET")
    3145                      .dwattr $C$DW$411, DW_AT_TI_symbol_name("_SWRESET")
    3146                      .dwattr $C$DW$411, DW_AT_bit_offset(0x0a), DW_AT_bit_size(0x01)
    3147                      .dwattr $C$DW$411, DW_AT_data_member_location[DW_OP_plus_uconst 0x0]
    3148                      .dwattr $C$DW$411, DW_AT_accessibility(DW_ACCESS_public)
    3149              $C$DW$412       .dwtag  DW_TAG_member
    3150                      .dwattr $C$DW$412, DW_AT_type(*$C$DW$T$19)
    3151                      .dwattr $C$DW$412, DW_AT_name("RXERRINTENA")
    3152                      .dwattr $C$DW$412, DW_AT_TI_symbol_name("_RXERRINTENA")
    3153                      .dwattr $C$DW$412, DW_AT_bit_offset(0x09), DW_AT_bit_size(0x01)
    3154                      .dwattr $C$DW$412, DW_AT_data_member_location[DW_OP_plus_uconst 0x0]
    3155                      .dwattr $C$DW$412, DW_AT_accessibility(DW_ACCESS_public)
    3156              $C$DW$413       .dwtag  DW_TAG_member
    3157                      .dwattr $C$DW$413, DW_AT_type(*$C$DW$T$19)
    3158                      .dwattr $C$DW$413, DW_AT_name("rsvd2")
    3159                      .dwattr $C$DW$413, DW_AT_TI_symbol_name("_rsvd2")
    3160                      .dwattr $C$DW$413, DW_AT_bit_offset(0x00), DW_AT_bit_size(0x09)
    3161                      .dwattr $C$DW$413, DW_AT_data_member_location[DW_OP_plus_uconst 0x0]
    3162                      .dwattr $C$DW$413, DW_AT_accessibility(DW_ACCESS_public)
    3163                      .dwendtag $C$DW$T$90
    3164              
    3165              
    3166              $C$DW$T$91      .dwtag  DW_TAG_union_type
    3167                      .dwattr $C$DW$T$91, DW_AT_name("SCICTL1_REG")
    3168                      .dwattr $C$DW$T$91, DW_AT_byte_size(0x01)
    3169              $C$DW$414       .dwtag  DW_TAG_member
    3170                      .dwattr $C$DW$414, DW_AT_type(*$C$DW$T$19)
    3171                      .dwattr $C$DW$414, DW_AT_name("all")
    3172                      .dwattr $C$DW$414, DW_AT_TI_symbol_name("_all")
    3173                      .dwattr $C$DW$414, DW_AT_data_member_location[DW_OP_plus_uconst 0x0]
    3174                      .dwattr $C$DW$414, DW_AT_accessibility(DW_ACCESS_public)
    3175              $C$DW$415       .dwtag  DW_TAG_member
    3176                      .dwattr $C$DW$415, DW_AT_type(*$C$DW$T$90)
    3177                      .dwattr $C$DW$415, DW_AT_name("bit")
    3178                      .dwattr $C$DW$415, DW_AT_TI_symbol_name("_bit")
    3179                      .dwattr $C$DW$415, DW_AT_data_member_location[DW_OP_plus_uconst 0x0]
    3180                      .dwattr $C$DW$415, DW_AT_accessibility(DW_ACCESS_public)
    3181                      .dwendtag $C$DW$T$91
    3182              
    3183              
    3184              $C$DW$T$92      .dwtag  DW_TAG_structure_type
    3185                      .dwattr $C$DW$T$92, DW_AT_name("SCICTL2_BITS")
    3186                      .dwattr $C$DW$T$92, DW_AT_byte_size(0x01)
    3187              $C$DW$416       .dwtag  DW_TAG_member
    3188                      .dwattr $C$DW$416, DW_AT_type(*$C$DW$T$19)
    3189                      .dwattr $C$DW$416, DW_AT_name("TXINTENA")
    3190                      .dwattr $C$DW$416, DW_AT_TI_symbol_name("_TXINTENA")
TMS320C2000 Assembler PC v6.1.0 Fri Feb 14 09:23:41 2020

Tools Copyright (c) 1996-2012 Texas Instruments Incorporated
F:/Work/Code Area/Combis/Bootloader/Example_Flash2806x_API21_Combi/Example_Flash2806x_API21_Combi/Example_Flash2806x_API/Debug/Example_Flash2806x_GlobalVariableDefs.asm PAGE   59

    3191                      .dwattr $C$DW$416, DW_AT_bit_offset(0x0f), DW_AT_bit_size(0x01)
    3192                      .dwattr $C$DW$416, DW_AT_data_member_location[DW_OP_plus_uconst 0x0]
    3193                      .dwattr $C$DW$416, DW_AT_accessibility(DW_ACCESS_public)
    3194              $C$DW$417       .dwtag  DW_TAG_member
    3195                      .dwattr $C$DW$417, DW_AT_type(*$C$DW$T$19)
    3196                      .dwattr $C$DW$417, DW_AT_name("RXBKINTENA")
    3197                      .dwattr $C$DW$417, DW_AT_TI_symbol_name("_RXBKINTENA")
    3198                      .dwattr $C$DW$417, DW_AT_bit_offset(0x0e), DW_AT_bit_size(0x01)
    3199                      .dwattr $C$DW$417, DW_AT_data_member_location[DW_OP_plus_uconst 0x0]
    3200                      .dwattr $C$DW$417, DW_AT_accessibility(DW_ACCESS_public)
    3201              $C$DW$418       .dwtag  DW_TAG_member
    3202                      .dwattr $C$DW$418, DW_AT_type(*$C$DW$T$19)
    3203                      .dwattr $C$DW$418, DW_AT_name("rsvd1")
    3204                      .dwattr $C$DW$418, DW_AT_TI_symbol_name("_rsvd1")
    3205                      .dwattr $C$DW$418, DW_AT_bit_offset(0x0a), DW_AT_bit_size(0x04)
    3206                      .dwattr $C$DW$418, DW_AT_data_member_location[DW_OP_plus_uconst 0x0]
    3207                      .dwattr $C$DW$418, DW_AT_accessibility(DW_ACCESS_public)
    3208              $C$DW$419       .dwtag  DW_TAG_member
    3209                      .dwattr $C$DW$419, DW_AT_type(*$C$DW$T$19)
    3210                      .dwattr $C$DW$419, DW_AT_name("TXEMPTY")
    3211                      .dwattr $C$DW$419, DW_AT_TI_symbol_name("_TXEMPTY")
    3212                      .dwattr $C$DW$419, DW_AT_bit_offset(0x09), DW_AT_bit_size(0x01)
    3213                      .dwattr $C$DW$419, DW_AT_data_member_location[DW_OP_plus_uconst 0x0]
    3214                      .dwattr $C$DW$419, DW_AT_accessibility(DW_ACCESS_public)
    3215              $C$DW$420       .dwtag  DW_TAG_member
    3216                      .dwattr $C$DW$420, DW_AT_type(*$C$DW$T$19)
    3217                      .dwattr $C$DW$420, DW_AT_name("TXRDY")
    3218                      .dwattr $C$DW$420, DW_AT_TI_symbol_name("_TXRDY")
    3219                      .dwattr $C$DW$420, DW_AT_bit_offset(0x08), DW_AT_bit_size(0x01)
    3220                      .dwattr $C$DW$420, DW_AT_data_member_location[DW_OP_plus_uconst 0x0]
    3221                      .dwattr $C$DW$420, DW_AT_accessibility(DW_ACCESS_public)
    3222              $C$DW$421       .dwtag  DW_TAG_member
    3223                      .dwattr $C$DW$421, DW_AT_type(*$C$DW$T$19)
    3224                      .dwattr $C$DW$421, DW_AT_name("rsvd2")
    3225                      .dwattr $C$DW$421, DW_AT_TI_symbol_name("_rsvd2")
    3226                      .dwattr $C$DW$421, DW_AT_bit_offset(0x00), DW_AT_bit_size(0x08)
    3227                      .dwattr $C$DW$421, DW_AT_data_member_location[DW_OP_plus_uconst 0x0]
    3228                      .dwattr $C$DW$421, DW_AT_accessibility(DW_ACCESS_public)
    3229                      .dwendtag $C$DW$T$92
    3230              
    3231              
    3232              $C$DW$T$93      .dwtag  DW_TAG_union_type
    3233                      .dwattr $C$DW$T$93, DW_AT_name("SCICTL2_REG")
    3234                      .dwattr $C$DW$T$93, DW_AT_byte_size(0x01)
    3235              $C$DW$422       .dwtag  DW_TAG_member
    3236                      .dwattr $C$DW$422, DW_AT_type(*$C$DW$T$19)
    3237                      .dwattr $C$DW$422, DW_AT_name("all")
    3238                      .dwattr $C$DW$422, DW_AT_TI_symbol_name("_all")
    3239                      .dwattr $C$DW$422, DW_AT_data_member_location[DW_OP_plus_uconst 0x0]
    3240                      .dwattr $C$DW$422, DW_AT_accessibility(DW_ACCESS_public)
    3241              $C$DW$423       .dwtag  DW_TAG_member
    3242                      .dwattr $C$DW$423, DW_AT_type(*$C$DW$T$92)
    3243                      .dwattr $C$DW$423, DW_AT_name("bit")
    3244                      .dwattr $C$DW$423, DW_AT_TI_symbol_name("_bit")
    3245                      .dwattr $C$DW$423, DW_AT_data_member_location[DW_OP_plus_uconst 0x0]
TMS320C2000 Assembler PC v6.1.0 Fri Feb 14 09:23:41 2020

Tools Copyright (c) 1996-2012 Texas Instruments Incorporated
F:/Work/Code Area/Combis/Bootloader/Example_Flash2806x_API21_Combi/Example_Flash2806x_API21_Combi/Example_Flash2806x_API/Debug/Example_Flash2806x_GlobalVariableDefs.asm PAGE   60

    3246                      .dwattr $C$DW$423, DW_AT_accessibility(DW_ACCESS_public)
    3247                      .dwendtag $C$DW$T$93
    3248              
    3249              
    3250              $C$DW$T$94      .dwtag  DW_TAG_structure_type
    3251                      .dwattr $C$DW$T$94, DW_AT_name("SCIFFCT_BITS")
    3252                      .dwattr $C$DW$T$94, DW_AT_byte_size(0x01)
    3253              $C$DW$424       .dwtag  DW_TAG_member
    3254                      .dwattr $C$DW$424, DW_AT_type(*$C$DW$T$19)
    3255                      .dwattr $C$DW$424, DW_AT_name("FFTXDLY")
    3256                      .dwattr $C$DW$424, DW_AT_TI_symbol_name("_FFTXDLY")
    3257                      .dwattr $C$DW$424, DW_AT_bit_offset(0x08), DW_AT_bit_size(0x08)
    3258                      .dwattr $C$DW$424, DW_AT_data_member_location[DW_OP_plus_uconst 0x0]
    3259                      .dwattr $C$DW$424, DW_AT_accessibility(DW_ACCESS_public)
    3260              $C$DW$425       .dwtag  DW_TAG_member
    3261                      .dwattr $C$DW$425, DW_AT_type(*$C$DW$T$19)
    3262                      .dwattr $C$DW$425, DW_AT_name("rsvd1")
    3263                      .dwattr $C$DW$425, DW_AT_TI_symbol_name("_rsvd1")
    3264                      .dwattr $C$DW$425, DW_AT_bit_offset(0x03), DW_AT_bit_size(0x05)
    3265                      .dwattr $C$DW$425, DW_AT_data_member_location[DW_OP_plus_uconst 0x0]
    3266                      .dwattr $C$DW$425, DW_AT_accessibility(DW_ACCESS_public)
    3267              $C$DW$426       .dwtag  DW_TAG_member
    3268                      .dwattr $C$DW$426, DW_AT_type(*$C$DW$T$19)
    3269                      .dwattr $C$DW$426, DW_AT_name("CDC")
    3270                      .dwattr $C$DW$426, DW_AT_TI_symbol_name("_CDC")
    3271                      .dwattr $C$DW$426, DW_AT_bit_offset(0x02), DW_AT_bit_size(0x01)
    3272                      .dwattr $C$DW$426, DW_AT_data_member_location[DW_OP_plus_uconst 0x0]
    3273                      .dwattr $C$DW$426, DW_AT_accessibility(DW_ACCESS_public)
    3274              $C$DW$427       .dwtag  DW_TAG_member
    3275                      .dwattr $C$DW$427, DW_AT_type(*$C$DW$T$19)
    3276                      .dwattr $C$DW$427, DW_AT_name("ABDCLR")
    3277                      .dwattr $C$DW$427, DW_AT_TI_symbol_name("_ABDCLR")
    3278                      .dwattr $C$DW$427, DW_AT_bit_offset(0x01), DW_AT_bit_size(0x01)
    3279                      .dwattr $C$DW$427, DW_AT_data_member_location[DW_OP_plus_uconst 0x0]
    3280                      .dwattr $C$DW$427, DW_AT_accessibility(DW_ACCESS_public)
    3281              $C$DW$428       .dwtag  DW_TAG_member
    3282                      .dwattr $C$DW$428, DW_AT_type(*$C$DW$T$19)
    3283                      .dwattr $C$DW$428, DW_AT_name("ABD")
    3284                      .dwattr $C$DW$428, DW_AT_TI_symbol_name("_ABD")
    3285                      .dwattr $C$DW$428, DW_AT_bit_offset(0x00), DW_AT_bit_size(0x01)
    3286                      .dwattr $C$DW$428, DW_AT_data_member_location[DW_OP_plus_uconst 0x0]
    3287                      .dwattr $C$DW$428, DW_AT_accessibility(DW_ACCESS_public)
    3288                      .dwendtag $C$DW$T$94
    3289              
    3290              
    3291              $C$DW$T$95      .dwtag  DW_TAG_union_type
    3292                      .dwattr $C$DW$T$95, DW_AT_name("SCIFFCT_REG")
    3293                      .dwattr $C$DW$T$95, DW_AT_byte_size(0x01)
    3294              $C$DW$429       .dwtag  DW_TAG_member
    3295                      .dwattr $C$DW$429, DW_AT_type(*$C$DW$T$19)
    3296                      .dwattr $C$DW$429, DW_AT_name("all")
    3297                      .dwattr $C$DW$429, DW_AT_TI_symbol_name("_all")
    3298                      .dwattr $C$DW$429, DW_AT_data_member_location[DW_OP_plus_uconst 0x0]
    3299                      .dwattr $C$DW$429, DW_AT_accessibility(DW_ACCESS_public)
    3300              $C$DW$430       .dwtag  DW_TAG_member
TMS320C2000 Assembler PC v6.1.0 Fri Feb 14 09:23:41 2020

Tools Copyright (c) 1996-2012 Texas Instruments Incorporated
F:/Work/Code Area/Combis/Bootloader/Example_Flash2806x_API21_Combi/Example_Flash2806x_API21_Combi/Example_Flash2806x_API/Debug/Example_Flash2806x_GlobalVariableDefs.asm PAGE   61

    3301                      .dwattr $C$DW$430, DW_AT_type(*$C$DW$T$94)
    3302                      .dwattr $C$DW$430, DW_AT_name("bit")
    3303                      .dwattr $C$DW$430, DW_AT_TI_symbol_name("_bit")
    3304                      .dwattr $C$DW$430, DW_AT_data_member_location[DW_OP_plus_uconst 0x0]
    3305                      .dwattr $C$DW$430, DW_AT_accessibility(DW_ACCESS_public)
    3306                      .dwendtag $C$DW$T$95
    3307              
    3308              
    3309              $C$DW$T$96      .dwtag  DW_TAG_structure_type
    3310                      .dwattr $C$DW$T$96, DW_AT_name("SCIFFRX_BITS")
    3311                      .dwattr $C$DW$T$96, DW_AT_byte_size(0x01)
    3312              $C$DW$431       .dwtag  DW_TAG_member
    3313                      .dwattr $C$DW$431, DW_AT_type(*$C$DW$T$19)
    3314                      .dwattr $C$DW$431, DW_AT_name("RXFFIL")
    3315                      .dwattr $C$DW$431, DW_AT_TI_symbol_name("_RXFFIL")
    3316                      .dwattr $C$DW$431, DW_AT_bit_offset(0x0b), DW_AT_bit_size(0x05)
    3317                      .dwattr $C$DW$431, DW_AT_data_member_location[DW_OP_plus_uconst 0x0]
    3318                      .dwattr $C$DW$431, DW_AT_accessibility(DW_ACCESS_public)
    3319              $C$DW$432       .dwtag  DW_TAG_member
    3320                      .dwattr $C$DW$432, DW_AT_type(*$C$DW$T$19)
    3321                      .dwattr $C$DW$432, DW_AT_name("RXFFIENA")
    3322                      .dwattr $C$DW$432, DW_AT_TI_symbol_name("_RXFFIENA")
    3323                      .dwattr $C$DW$432, DW_AT_bit_offset(0x0a), DW_AT_bit_size(0x01)
    3324                      .dwattr $C$DW$432, DW_AT_data_member_location[DW_OP_plus_uconst 0x0]
    3325                      .dwattr $C$DW$432, DW_AT_accessibility(DW_ACCESS_public)
    3326              $C$DW$433       .dwtag  DW_TAG_member
    3327                      .dwattr $C$DW$433, DW_AT_type(*$C$DW$T$19)
    3328                      .dwattr $C$DW$433, DW_AT_name("RXFFINTCLR")
    3329                      .dwattr $C$DW$433, DW_AT_TI_symbol_name("_RXFFINTCLR")
    3330                      .dwattr $C$DW$433, DW_AT_bit_offset(0x09), DW_AT_bit_size(0x01)
    3331                      .dwattr $C$DW$433, DW_AT_data_member_location[DW_OP_plus_uconst 0x0]
    3332                      .dwattr $C$DW$433, DW_AT_accessibility(DW_ACCESS_public)
    3333              $C$DW$434       .dwtag  DW_TAG_member
    3334                      .dwattr $C$DW$434, DW_AT_type(*$C$DW$T$19)
    3335                      .dwattr $C$DW$434, DW_AT_name("RXFFINT")
    3336                      .dwattr $C$DW$434, DW_AT_TI_symbol_name("_RXFFINT")
    3337                      .dwattr $C$DW$434, DW_AT_bit_offset(0x08), DW_AT_bit_size(0x01)
    3338                      .dwattr $C$DW$434, DW_AT_data_member_location[DW_OP_plus_uconst 0x0]
    3339                      .dwattr $C$DW$434, DW_AT_accessibility(DW_ACCESS_public)
    3340              $C$DW$435       .dwtag  DW_TAG_member
    3341                      .dwattr $C$DW$435, DW_AT_type(*$C$DW$T$19)
    3342                      .dwattr $C$DW$435, DW_AT_name("RXFFST")
    3343                      .dwattr $C$DW$435, DW_AT_TI_symbol_name("_RXFFST")
    3344                      .dwattr $C$DW$435, DW_AT_bit_offset(0x03), DW_AT_bit_size(0x05)
    3345                      .dwattr $C$DW$435, DW_AT_data_member_location[DW_OP_plus_uconst 0x0]
    3346                      .dwattr $C$DW$435, DW_AT_accessibility(DW_ACCESS_public)
    3347              $C$DW$436       .dwtag  DW_TAG_member
    3348                      .dwattr $C$DW$436, DW_AT_type(*$C$DW$T$19)
    3349                      .dwattr $C$DW$436, DW_AT_name("RXFIFORESET")
    3350                      .dwattr $C$DW$436, DW_AT_TI_symbol_name("_RXFIFORESET")
    3351                      .dwattr $C$DW$436, DW_AT_bit_offset(0x02), DW_AT_bit_size(0x01)
    3352                      .dwattr $C$DW$436, DW_AT_data_member_location[DW_OP_plus_uconst 0x0]
    3353                      .dwattr $C$DW$436, DW_AT_accessibility(DW_ACCESS_public)
    3354              $C$DW$437       .dwtag  DW_TAG_member
    3355                      .dwattr $C$DW$437, DW_AT_type(*$C$DW$T$19)
TMS320C2000 Assembler PC v6.1.0 Fri Feb 14 09:23:41 2020

Tools Copyright (c) 1996-2012 Texas Instruments Incorporated
F:/Work/Code Area/Combis/Bootloader/Example_Flash2806x_API21_Combi/Example_Flash2806x_API21_Combi/Example_Flash2806x_API/Debug/Example_Flash2806x_GlobalVariableDefs.asm PAGE   62

    3356                      .dwattr $C$DW$437, DW_AT_name("RXFFOVRCLR")
    3357                      .dwattr $C$DW$437, DW_AT_TI_symbol_name("_RXFFOVRCLR")
    3358                      .dwattr $C$DW$437, DW_AT_bit_offset(0x01), DW_AT_bit_size(0x01)
    3359                      .dwattr $C$DW$437, DW_AT_data_member_location[DW_OP_plus_uconst 0x0]
    3360                      .dwattr $C$DW$437, DW_AT_accessibility(DW_ACCESS_public)
    3361              $C$DW$438       .dwtag  DW_TAG_member
    3362                      .dwattr $C$DW$438, DW_AT_type(*$C$DW$T$19)
    3363                      .dwattr $C$DW$438, DW_AT_name("RXFFOVF")
    3364                      .dwattr $C$DW$438, DW_AT_TI_symbol_name("_RXFFOVF")
    3365                      .dwattr $C$DW$438, DW_AT_bit_offset(0x00), DW_AT_bit_size(0x01)
    3366                      .dwattr $C$DW$438, DW_AT_data_member_location[DW_OP_plus_uconst 0x0]
    3367                      .dwattr $C$DW$438, DW_AT_accessibility(DW_ACCESS_public)
    3368                      .dwendtag $C$DW$T$96
    3369              
    3370              
    3371              $C$DW$T$97      .dwtag  DW_TAG_union_type
    3372                      .dwattr $C$DW$T$97, DW_AT_name("SCIFFRX_REG")
    3373                      .dwattr $C$DW$T$97, DW_AT_byte_size(0x01)
    3374              $C$DW$439       .dwtag  DW_TAG_member
    3375                      .dwattr $C$DW$439, DW_AT_type(*$C$DW$T$19)
    3376                      .dwattr $C$DW$439, DW_AT_name("all")
    3377                      .dwattr $C$DW$439, DW_AT_TI_symbol_name("_all")
    3378                      .dwattr $C$DW$439, DW_AT_data_member_location[DW_OP_plus_uconst 0x0]
    3379                      .dwattr $C$DW$439, DW_AT_accessibility(DW_ACCESS_public)
    3380              $C$DW$440       .dwtag  DW_TAG_member
    3381                      .dwattr $C$DW$440, DW_AT_type(*$C$DW$T$96)
    3382                      .dwattr $C$DW$440, DW_AT_name("bit")
    3383                      .dwattr $C$DW$440, DW_AT_TI_symbol_name("_bit")
    3384                      .dwattr $C$DW$440, DW_AT_data_member_location[DW_OP_plus_uconst 0x0]
    3385                      .dwattr $C$DW$440, DW_AT_accessibility(DW_ACCESS_public)
    3386                      .dwendtag $C$DW$T$97
    3387              
    3388              
    3389              $C$DW$T$98      .dwtag  DW_TAG_structure_type
    3390                      .dwattr $C$DW$T$98, DW_AT_name("SCIFFTX_BITS")
    3391                      .dwattr $C$DW$T$98, DW_AT_byte_size(0x01)
    3392              $C$DW$441       .dwtag  DW_TAG_member
    3393                      .dwattr $C$DW$441, DW_AT_type(*$C$DW$T$19)
    3394                      .dwattr $C$DW$441, DW_AT_name("TXFFIL")
    3395                      .dwattr $C$DW$441, DW_AT_TI_symbol_name("_TXFFIL")
    3396                      .dwattr $C$DW$441, DW_AT_bit_offset(0x0b), DW_AT_bit_size(0x05)
    3397                      .dwattr $C$DW$441, DW_AT_data_member_location[DW_OP_plus_uconst 0x0]
    3398                      .dwattr $C$DW$441, DW_AT_accessibility(DW_ACCESS_public)
    3399              $C$DW$442       .dwtag  DW_TAG_member
    3400                      .dwattr $C$DW$442, DW_AT_type(*$C$DW$T$19)
    3401                      .dwattr $C$DW$442, DW_AT_name("TXFFIENA")
    3402                      .dwattr $C$DW$442, DW_AT_TI_symbol_name("_TXFFIENA")
    3403                      .dwattr $C$DW$442, DW_AT_bit_offset(0x0a), DW_AT_bit_size(0x01)
    3404                      .dwattr $C$DW$442, DW_AT_data_member_location[DW_OP_plus_uconst 0x0]
    3405                      .dwattr $C$DW$442, DW_AT_accessibility(DW_ACCESS_public)
    3406              $C$DW$443       .dwtag  DW_TAG_member
    3407                      .dwattr $C$DW$443, DW_AT_type(*$C$DW$T$19)
    3408                      .dwattr $C$DW$443, DW_AT_name("TXFFINTCLR")
    3409                      .dwattr $C$DW$443, DW_AT_TI_symbol_name("_TXFFINTCLR")
    3410                      .dwattr $C$DW$443, DW_AT_bit_offset(0x09), DW_AT_bit_size(0x01)
TMS320C2000 Assembler PC v6.1.0 Fri Feb 14 09:23:41 2020

Tools Copyright (c) 1996-2012 Texas Instruments Incorporated
F:/Work/Code Area/Combis/Bootloader/Example_Flash2806x_API21_Combi/Example_Flash2806x_API21_Combi/Example_Flash2806x_API/Debug/Example_Flash2806x_GlobalVariableDefs.asm PAGE   63

    3411                      .dwattr $C$DW$443, DW_AT_data_member_location[DW_OP_plus_uconst 0x0]
    3412                      .dwattr $C$DW$443, DW_AT_accessibility(DW_ACCESS_public)
    3413              $C$DW$444       .dwtag  DW_TAG_member
    3414                      .dwattr $C$DW$444, DW_AT_type(*$C$DW$T$19)
    3415                      .dwattr $C$DW$444, DW_AT_name("TXFFINT")
    3416                      .dwattr $C$DW$444, DW_AT_TI_symbol_name("_TXFFINT")
    3417                      .dwattr $C$DW$444, DW_AT_bit_offset(0x08), DW_AT_bit_size(0x01)
    3418                      .dwattr $C$DW$444, DW_AT_data_member_location[DW_OP_plus_uconst 0x0]
    3419                      .dwattr $C$DW$444, DW_AT_accessibility(DW_ACCESS_public)
    3420              $C$DW$445       .dwtag  DW_TAG_member
    3421                      .dwattr $C$DW$445, DW_AT_type(*$C$DW$T$19)
    3422                      .dwattr $C$DW$445, DW_AT_name("TXFFST")
    3423                      .dwattr $C$DW$445, DW_AT_TI_symbol_name("_TXFFST")
    3424                      .dwattr $C$DW$445, DW_AT_bit_offset(0x03), DW_AT_bit_size(0x05)
    3425                      .dwattr $C$DW$445, DW_AT_data_member_location[DW_OP_plus_uconst 0x0]
    3426                      .dwattr $C$DW$445, DW_AT_accessibility(DW_ACCESS_public)
    3427              $C$DW$446       .dwtag  DW_TAG_member
    3428                      .dwattr $C$DW$446, DW_AT_type(*$C$DW$T$19)
    3429                      .dwattr $C$DW$446, DW_AT_name("TXFIFOXRESET")
    3430                      .dwattr $C$DW$446, DW_AT_TI_symbol_name("_TXFIFOXRESET")
    3431                      .dwattr $C$DW$446, DW_AT_bit_offset(0x02), DW_AT_bit_size(0x01)
    3432                      .dwattr $C$DW$446, DW_AT_data_member_location[DW_OP_plus_uconst 0x0]
    3433                      .dwattr $C$DW$446, DW_AT_accessibility(DW_ACCESS_public)
    3434              $C$DW$447       .dwtag  DW_TAG_member
    3435                      .dwattr $C$DW$447, DW_AT_type(*$C$DW$T$19)
    3436                      .dwattr $C$DW$447, DW_AT_name("SCIFFENA")
    3437                      .dwattr $C$DW$447, DW_AT_TI_symbol_name("_SCIFFENA")
    3438                      .dwattr $C$DW$447, DW_AT_bit_offset(0x01), DW_AT_bit_size(0x01)
    3439                      .dwattr $C$DW$447, DW_AT_data_member_location[DW_OP_plus_uconst 0x0]
    3440                      .dwattr $C$DW$447, DW_AT_accessibility(DW_ACCESS_public)
    3441              $C$DW$448       .dwtag  DW_TAG_member
    3442                      .dwattr $C$DW$448, DW_AT_type(*$C$DW$T$19)
    3443                      .dwattr $C$DW$448, DW_AT_name("SCIRST")
    3444                      .dwattr $C$DW$448, DW_AT_TI_symbol_name("_SCIRST")
    3445                      .dwattr $C$DW$448, DW_AT_bit_offset(0x00), DW_AT_bit_size(0x01)
    3446                      .dwattr $C$DW$448, DW_AT_data_member_location[DW_OP_plus_uconst 0x0]
    3447                      .dwattr $C$DW$448, DW_AT_accessibility(DW_ACCESS_public)
    3448                      .dwendtag $C$DW$T$98
    3449              
    3450              
    3451              $C$DW$T$99      .dwtag  DW_TAG_union_type
    3452                      .dwattr $C$DW$T$99, DW_AT_name("SCIFFTX_REG")
    3453                      .dwattr $C$DW$T$99, DW_AT_byte_size(0x01)
    3454              $C$DW$449       .dwtag  DW_TAG_member
    3455                      .dwattr $C$DW$449, DW_AT_type(*$C$DW$T$19)
    3456                      .dwattr $C$DW$449, DW_AT_name("all")
    3457                      .dwattr $C$DW$449, DW_AT_TI_symbol_name("_all")
    3458                      .dwattr $C$DW$449, DW_AT_data_member_location[DW_OP_plus_uconst 0x0]
    3459                      .dwattr $C$DW$449, DW_AT_accessibility(DW_ACCESS_public)
    3460              $C$DW$450       .dwtag  DW_TAG_member
    3461                      .dwattr $C$DW$450, DW_AT_type(*$C$DW$T$98)
    3462                      .dwattr $C$DW$450, DW_AT_name("bit")
    3463                      .dwattr $C$DW$450, DW_AT_TI_symbol_name("_bit")
    3464                      .dwattr $C$DW$450, DW_AT_data_member_location[DW_OP_plus_uconst 0x0]
    3465                      .dwattr $C$DW$450, DW_AT_accessibility(DW_ACCESS_public)
TMS320C2000 Assembler PC v6.1.0 Fri Feb 14 09:23:41 2020

Tools Copyright (c) 1996-2012 Texas Instruments Incorporated
F:/Work/Code Area/Combis/Bootloader/Example_Flash2806x_API21_Combi/Example_Flash2806x_API21_Combi/Example_Flash2806x_API/Debug/Example_Flash2806x_GlobalVariableDefs.asm PAGE   64

    3466                      .dwendtag $C$DW$T$99
    3467              
    3468              
    3469              $C$DW$T$100     .dwtag  DW_TAG_structure_type
    3470                      .dwattr $C$DW$T$100, DW_AT_name("SCIPRI_BITS")
    3471                      .dwattr $C$DW$T$100, DW_AT_byte_size(0x01)
    3472              $C$DW$451       .dwtag  DW_TAG_member
    3473                      .dwattr $C$DW$451, DW_AT_type(*$C$DW$T$19)
    3474                      .dwattr $C$DW$451, DW_AT_name("rsvd1")
    3475                      .dwattr $C$DW$451, DW_AT_TI_symbol_name("_rsvd1")
    3476                      .dwattr $C$DW$451, DW_AT_bit_offset(0x0d), DW_AT_bit_size(0x03)
    3477                      .dwattr $C$DW$451, DW_AT_data_member_location[DW_OP_plus_uconst 0x0]
    3478                      .dwattr $C$DW$451, DW_AT_accessibility(DW_ACCESS_public)
    3479              $C$DW$452       .dwtag  DW_TAG_member
    3480                      .dwattr $C$DW$452, DW_AT_type(*$C$DW$T$19)
    3481                      .dwattr $C$DW$452, DW_AT_name("FREE")
    3482                      .dwattr $C$DW$452, DW_AT_TI_symbol_name("_FREE")
    3483                      .dwattr $C$DW$452, DW_AT_bit_offset(0x0c), DW_AT_bit_size(0x01)
    3484                      .dwattr $C$DW$452, DW_AT_data_member_location[DW_OP_plus_uconst 0x0]
    3485                      .dwattr $C$DW$452, DW_AT_accessibility(DW_ACCESS_public)
    3486              $C$DW$453       .dwtag  DW_TAG_member
    3487                      .dwattr $C$DW$453, DW_AT_type(*$C$DW$T$19)
    3488                      .dwattr $C$DW$453, DW_AT_name("SOFT")
    3489                      .dwattr $C$DW$453, DW_AT_TI_symbol_name("_SOFT")
    3490                      .dwattr $C$DW$453, DW_AT_bit_offset(0x0b), DW_AT_bit_size(0x01)
    3491                      .dwattr $C$DW$453, DW_AT_data_member_location[DW_OP_plus_uconst 0x0]
    3492                      .dwattr $C$DW$453, DW_AT_accessibility(DW_ACCESS_public)
    3493              $C$DW$454       .dwtag  DW_TAG_member
    3494                      .dwattr $C$DW$454, DW_AT_type(*$C$DW$T$19)
    3495                      .dwattr $C$DW$454, DW_AT_name("rsvd2")
    3496                      .dwattr $C$DW$454, DW_AT_TI_symbol_name("_rsvd2")
    3497                      .dwattr $C$DW$454, DW_AT_bit_offset(0x08), DW_AT_bit_size(0x03)
    3498                      .dwattr $C$DW$454, DW_AT_data_member_location[DW_OP_plus_uconst 0x0]
    3499                      .dwattr $C$DW$454, DW_AT_accessibility(DW_ACCESS_public)
    3500              $C$DW$455       .dwtag  DW_TAG_member
    3501                      .dwattr $C$DW$455, DW_AT_type(*$C$DW$T$19)
    3502                      .dwattr $C$DW$455, DW_AT_name("rsvd3")
    3503                      .dwattr $C$DW$455, DW_AT_TI_symbol_name("_rsvd3")
    3504                      .dwattr $C$DW$455, DW_AT_bit_offset(0x00), DW_AT_bit_size(0x08)
    3505                      .dwattr $C$DW$455, DW_AT_data_member_location[DW_OP_plus_uconst 0x0]
    3506                      .dwattr $C$DW$455, DW_AT_accessibility(DW_ACCESS_public)
    3507                      .dwendtag $C$DW$T$100
    3508              
    3509              
    3510              $C$DW$T$101     .dwtag  DW_TAG_union_type
    3511                      .dwattr $C$DW$T$101, DW_AT_name("SCIPRI_REG")
    3512                      .dwattr $C$DW$T$101, DW_AT_byte_size(0x01)
    3513              $C$DW$456       .dwtag  DW_TAG_member
    3514                      .dwattr $C$DW$456, DW_AT_type(*$C$DW$T$19)
    3515                      .dwattr $C$DW$456, DW_AT_name("all")
    3516                      .dwattr $C$DW$456, DW_AT_TI_symbol_name("_all")
    3517                      .dwattr $C$DW$456, DW_AT_data_member_location[DW_OP_plus_uconst 0x0]
    3518                      .dwattr $C$DW$456, DW_AT_accessibility(DW_ACCESS_public)
    3519              $C$DW$457       .dwtag  DW_TAG_member
    3520                      .dwattr $C$DW$457, DW_AT_type(*$C$DW$T$100)
TMS320C2000 Assembler PC v6.1.0 Fri Feb 14 09:23:41 2020

Tools Copyright (c) 1996-2012 Texas Instruments Incorporated
F:/Work/Code Area/Combis/Bootloader/Example_Flash2806x_API21_Combi/Example_Flash2806x_API21_Combi/Example_Flash2806x_API/Debug/Example_Flash2806x_GlobalVariableDefs.asm PAGE   65

    3521                      .dwattr $C$DW$457, DW_AT_name("bit")
    3522                      .dwattr $C$DW$457, DW_AT_TI_symbol_name("_bit")
    3523                      .dwattr $C$DW$457, DW_AT_data_member_location[DW_OP_plus_uconst 0x0]
    3524                      .dwattr $C$DW$457, DW_AT_accessibility(DW_ACCESS_public)
    3525                      .dwendtag $C$DW$T$101
    3526              
    3527              
    3528              $C$DW$T$102     .dwtag  DW_TAG_structure_type
    3529                      .dwattr $C$DW$T$102, DW_AT_name("SCIRXBUF_BITS")
    3530                      .dwattr $C$DW$T$102, DW_AT_byte_size(0x01)
    3531              $C$DW$458       .dwtag  DW_TAG_member
    3532                      .dwattr $C$DW$458, DW_AT_type(*$C$DW$T$19)
    3533                      .dwattr $C$DW$458, DW_AT_name("RXDT")
    3534                      .dwattr $C$DW$458, DW_AT_TI_symbol_name("_RXDT")
    3535                      .dwattr $C$DW$458, DW_AT_bit_offset(0x08), DW_AT_bit_size(0x08)
    3536                      .dwattr $C$DW$458, DW_AT_data_member_location[DW_OP_plus_uconst 0x0]
    3537                      .dwattr $C$DW$458, DW_AT_accessibility(DW_ACCESS_public)
    3538              $C$DW$459       .dwtag  DW_TAG_member
    3539                      .dwattr $C$DW$459, DW_AT_type(*$C$DW$T$19)
    3540                      .dwattr $C$DW$459, DW_AT_name("rsvd1")
    3541                      .dwattr $C$DW$459, DW_AT_TI_symbol_name("_rsvd1")
    3542                      .dwattr $C$DW$459, DW_AT_bit_offset(0x02), DW_AT_bit_size(0x06)
    3543                      .dwattr $C$DW$459, DW_AT_data_member_location[DW_OP_plus_uconst 0x0]
    3544                      .dwattr $C$DW$459, DW_AT_accessibility(DW_ACCESS_public)
    3545              $C$DW$460       .dwtag  DW_TAG_member
    3546                      .dwattr $C$DW$460, DW_AT_type(*$C$DW$T$19)
    3547                      .dwattr $C$DW$460, DW_AT_name("SCIFFPE")
    3548                      .dwattr $C$DW$460, DW_AT_TI_symbol_name("_SCIFFPE")
    3549                      .dwattr $C$DW$460, DW_AT_bit_offset(0x01), DW_AT_bit_size(0x01)
    3550                      .dwattr $C$DW$460, DW_AT_data_member_location[DW_OP_plus_uconst 0x0]
    3551                      .dwattr $C$DW$460, DW_AT_accessibility(DW_ACCESS_public)
    3552              $C$DW$461       .dwtag  DW_TAG_member
    3553                      .dwattr $C$DW$461, DW_AT_type(*$C$DW$T$19)
    3554                      .dwattr $C$DW$461, DW_AT_name("SCIFFFE")
    3555                      .dwattr $C$DW$461, DW_AT_TI_symbol_name("_SCIFFFE")
    3556                      .dwattr $C$DW$461, DW_AT_bit_offset(0x00), DW_AT_bit_size(0x01)
    3557                      .dwattr $C$DW$461, DW_AT_data_member_location[DW_OP_plus_uconst 0x0]
    3558                      .dwattr $C$DW$461, DW_AT_accessibility(DW_ACCESS_public)
    3559                      .dwendtag $C$DW$T$102
    3560              
    3561              
    3562              $C$DW$T$103     .dwtag  DW_TAG_union_type
    3563                      .dwattr $C$DW$T$103, DW_AT_name("SCIRXBUF_REG")
    3564                      .dwattr $C$DW$T$103, DW_AT_byte_size(0x01)
    3565              $C$DW$462       .dwtag  DW_TAG_member
    3566                      .dwattr $C$DW$462, DW_AT_type(*$C$DW$T$19)
    3567                      .dwattr $C$DW$462, DW_AT_name("all")
    3568                      .dwattr $C$DW$462, DW_AT_TI_symbol_name("_all")
    3569                      .dwattr $C$DW$462, DW_AT_data_member_location[DW_OP_plus_uconst 0x0]
    3570                      .dwattr $C$DW$462, DW_AT_accessibility(DW_ACCESS_public)
    3571              $C$DW$463       .dwtag  DW_TAG_member
    3572                      .dwattr $C$DW$463, DW_AT_type(*$C$DW$T$102)
    3573                      .dwattr $C$DW$463, DW_AT_name("bit")
    3574                      .dwattr $C$DW$463, DW_AT_TI_symbol_name("_bit")
    3575                      .dwattr $C$DW$463, DW_AT_data_member_location[DW_OP_plus_uconst 0x0]
TMS320C2000 Assembler PC v6.1.0 Fri Feb 14 09:23:41 2020

Tools Copyright (c) 1996-2012 Texas Instruments Incorporated
F:/Work/Code Area/Combis/Bootloader/Example_Flash2806x_API21_Combi/Example_Flash2806x_API21_Combi/Example_Flash2806x_API/Debug/Example_Flash2806x_GlobalVariableDefs.asm PAGE   66

    3576                      .dwattr $C$DW$463, DW_AT_accessibility(DW_ACCESS_public)
    3577                      .dwendtag $C$DW$T$103
    3578              
    3579              
    3580              $C$DW$T$104     .dwtag  DW_TAG_structure_type
    3581                      .dwattr $C$DW$T$104, DW_AT_name("SCIRXST_BITS")
    3582                      .dwattr $C$DW$T$104, DW_AT_byte_size(0x01)
    3583              $C$DW$464       .dwtag  DW_TAG_member
    3584                      .dwattr $C$DW$464, DW_AT_type(*$C$DW$T$19)
    3585                      .dwattr $C$DW$464, DW_AT_name("rsvd1")
    3586                      .dwattr $C$DW$464, DW_AT_TI_symbol_name("_rsvd1")
    3587                      .dwattr $C$DW$464, DW_AT_bit_offset(0x0f), DW_AT_bit_size(0x01)
    3588                      .dwattr $C$DW$464, DW_AT_data_member_location[DW_OP_plus_uconst 0x0]
    3589                      .dwattr $C$DW$464, DW_AT_accessibility(DW_ACCESS_public)
    3590              $C$DW$465       .dwtag  DW_TAG_member
    3591                      .dwattr $C$DW$465, DW_AT_type(*$C$DW$T$19)
    3592                      .dwattr $C$DW$465, DW_AT_name("RXWAKE")
    3593                      .dwattr $C$DW$465, DW_AT_TI_symbol_name("_RXWAKE")
    3594                      .dwattr $C$DW$465, DW_AT_bit_offset(0x0e), DW_AT_bit_size(0x01)
    3595                      .dwattr $C$DW$465, DW_AT_data_member_location[DW_OP_plus_uconst 0x0]
    3596                      .dwattr $C$DW$465, DW_AT_accessibility(DW_ACCESS_public)
    3597              $C$DW$466       .dwtag  DW_TAG_member
    3598                      .dwattr $C$DW$466, DW_AT_type(*$C$DW$T$19)
    3599                      .dwattr $C$DW$466, DW_AT_name("PE")
    3600                      .dwattr $C$DW$466, DW_AT_TI_symbol_name("_PE")
    3601                      .dwattr $C$DW$466, DW_AT_bit_offset(0x0d), DW_AT_bit_size(0x01)
    3602                      .dwattr $C$DW$466, DW_AT_data_member_location[DW_OP_plus_uconst 0x0]
    3603                      .dwattr $C$DW$466, DW_AT_accessibility(DW_ACCESS_public)
    3604              $C$DW$467       .dwtag  DW_TAG_member
    3605                      .dwattr $C$DW$467, DW_AT_type(*$C$DW$T$19)
    3606                      .dwattr $C$DW$467, DW_AT_name("OE")
    3607                      .dwattr $C$DW$467, DW_AT_TI_symbol_name("_OE")
    3608                      .dwattr $C$DW$467, DW_AT_bit_offset(0x0c), DW_AT_bit_size(0x01)
    3609                      .dwattr $C$DW$467, DW_AT_data_member_location[DW_OP_plus_uconst 0x0]
    3610                      .dwattr $C$DW$467, DW_AT_accessibility(DW_ACCESS_public)
    3611              $C$DW$468       .dwtag  DW_TAG_member
    3612                      .dwattr $C$DW$468, DW_AT_type(*$C$DW$T$19)
    3613                      .dwattr $C$DW$468, DW_AT_name("FE")
    3614                      .dwattr $C$DW$468, DW_AT_TI_symbol_name("_FE")
    3615                      .dwattr $C$DW$468, DW_AT_bit_offset(0x0b), DW_AT_bit_size(0x01)
    3616                      .dwattr $C$DW$468, DW_AT_data_member_location[DW_OP_plus_uconst 0x0]
    3617                      .dwattr $C$DW$468, DW_AT_accessibility(DW_ACCESS_public)
    3618              $C$DW$469       .dwtag  DW_TAG_member
    3619                      .dwattr $C$DW$469, DW_AT_type(*$C$DW$T$19)
    3620                      .dwattr $C$DW$469, DW_AT_name("BRKDT")
    3621                      .dwattr $C$DW$469, DW_AT_TI_symbol_name("_BRKDT")
    3622                      .dwattr $C$DW$469, DW_AT_bit_offset(0x0a), DW_AT_bit_size(0x01)
    3623                      .dwattr $C$DW$469, DW_AT_data_member_location[DW_OP_plus_uconst 0x0]
    3624                      .dwattr $C$DW$469, DW_AT_accessibility(DW_ACCESS_public)
    3625              $C$DW$470       .dwtag  DW_TAG_member
    3626                      .dwattr $C$DW$470, DW_AT_type(*$C$DW$T$19)
    3627                      .dwattr $C$DW$470, DW_AT_name("RXRDY")
    3628                      .dwattr $C$DW$470, DW_AT_TI_symbol_name("_RXRDY")
    3629                      .dwattr $C$DW$470, DW_AT_bit_offset(0x09), DW_AT_bit_size(0x01)
    3630                      .dwattr $C$DW$470, DW_AT_data_member_location[DW_OP_plus_uconst 0x0]
TMS320C2000 Assembler PC v6.1.0 Fri Feb 14 09:23:41 2020

Tools Copyright (c) 1996-2012 Texas Instruments Incorporated
F:/Work/Code Area/Combis/Bootloader/Example_Flash2806x_API21_Combi/Example_Flash2806x_API21_Combi/Example_Flash2806x_API/Debug/Example_Flash2806x_GlobalVariableDefs.asm PAGE   67

    3631                      .dwattr $C$DW$470, DW_AT_accessibility(DW_ACCESS_public)
    3632              $C$DW$471       .dwtag  DW_TAG_member
    3633                      .dwattr $C$DW$471, DW_AT_type(*$C$DW$T$19)
    3634                      .dwattr $C$DW$471, DW_AT_name("RXERROR")
    3635                      .dwattr $C$DW$471, DW_AT_TI_symbol_name("_RXERROR")
    3636                      .dwattr $C$DW$471, DW_AT_bit_offset(0x08), DW_AT_bit_size(0x01)
    3637                      .dwattr $C$DW$471, DW_AT_data_member_location[DW_OP_plus_uconst 0x0]
    3638                      .dwattr $C$DW$471, DW_AT_accessibility(DW_ACCESS_public)
    3639              $C$DW$472       .dwtag  DW_TAG_member
    3640                      .dwattr $C$DW$472, DW_AT_type(*$C$DW$T$19)
    3641                      .dwattr $C$DW$472, DW_AT_name("rsvd2")
    3642                      .dwattr $C$DW$472, DW_AT_TI_symbol_name("_rsvd2")
    3643                      .dwattr $C$DW$472, DW_AT_bit_offset(0x00), DW_AT_bit_size(0x08)
    3644                      .dwattr $C$DW$472, DW_AT_data_member_location[DW_OP_plus_uconst 0x0]
    3645                      .dwattr $C$DW$472, DW_AT_accessibility(DW_ACCESS_public)
    3646                      .dwendtag $C$DW$T$104
    3647              
    3648              
    3649              $C$DW$T$105     .dwtag  DW_TAG_union_type
    3650                      .dwattr $C$DW$T$105, DW_AT_name("SCIRXST_REG")
    3651                      .dwattr $C$DW$T$105, DW_AT_byte_size(0x01)
    3652              $C$DW$473       .dwtag  DW_TAG_member
    3653                      .dwattr $C$DW$473, DW_AT_type(*$C$DW$T$19)
    3654                      .dwattr $C$DW$473, DW_AT_name("all")
    3655                      .dwattr $C$DW$473, DW_AT_TI_symbol_name("_all")
    3656                      .dwattr $C$DW$473, DW_AT_data_member_location[DW_OP_plus_uconst 0x0]
    3657                      .dwattr $C$DW$473, DW_AT_accessibility(DW_ACCESS_public)
    3658              $C$DW$474       .dwtag  DW_TAG_member
    3659                      .dwattr $C$DW$474, DW_AT_type(*$C$DW$T$104)
    3660                      .dwattr $C$DW$474, DW_AT_name("bit")
    3661                      .dwattr $C$DW$474, DW_AT_TI_symbol_name("_bit")
    3662                      .dwattr $C$DW$474, DW_AT_data_member_location[DW_OP_plus_uconst 0x0]
    3663                      .dwattr $C$DW$474, DW_AT_accessibility(DW_ACCESS_public)
    3664                      .dwendtag $C$DW$T$105
    3665              
    3666              
    3667              $C$DW$T$106     .dwtag  DW_TAG_structure_type
    3668                      .dwattr $C$DW$T$106, DW_AT_name("SCI_REGS")
    3669                      .dwattr $C$DW$T$106, DW_AT_byte_size(0x10)
    3670              $C$DW$475       .dwtag  DW_TAG_member
    3671                      .dwattr $C$DW$475, DW_AT_type(*$C$DW$T$89)
    3672                      .dwattr $C$DW$475, DW_AT_name("SCICCR")
    3673                      .dwattr $C$DW$475, DW_AT_TI_symbol_name("_SCICCR")
    3674                      .dwattr $C$DW$475, DW_AT_data_member_location[DW_OP_plus_uconst 0x0]
    3675                      .dwattr $C$DW$475, DW_AT_accessibility(DW_ACCESS_public)
    3676              $C$DW$476       .dwtag  DW_TAG_member
    3677                      .dwattr $C$DW$476, DW_AT_type(*$C$DW$T$91)
    3678                      .dwattr $C$DW$476, DW_AT_name("SCICTL1")
    3679                      .dwattr $C$DW$476, DW_AT_TI_symbol_name("_SCICTL1")
    3680                      .dwattr $C$DW$476, DW_AT_data_member_location[DW_OP_plus_uconst 0x1]
    3681                      .dwattr $C$DW$476, DW_AT_accessibility(DW_ACCESS_public)
    3682              $C$DW$477       .dwtag  DW_TAG_member
    3683                      .dwattr $C$DW$477, DW_AT_type(*$C$DW$T$19)
    3684                      .dwattr $C$DW$477, DW_AT_name("SCIHBAUD")
    3685                      .dwattr $C$DW$477, DW_AT_TI_symbol_name("_SCIHBAUD")
TMS320C2000 Assembler PC v6.1.0 Fri Feb 14 09:23:41 2020

Tools Copyright (c) 1996-2012 Texas Instruments Incorporated
F:/Work/Code Area/Combis/Bootloader/Example_Flash2806x_API21_Combi/Example_Flash2806x_API21_Combi/Example_Flash2806x_API/Debug/Example_Flash2806x_GlobalVariableDefs.asm PAGE   68

    3686                      .dwattr $C$DW$477, DW_AT_data_member_location[DW_OP_plus_uconst 0x2]
    3687                      .dwattr $C$DW$477, DW_AT_accessibility(DW_ACCESS_public)
    3688              $C$DW$478       .dwtag  DW_TAG_member
    3689                      .dwattr $C$DW$478, DW_AT_type(*$C$DW$T$19)
    3690                      .dwattr $C$DW$478, DW_AT_name("SCILBAUD")
    3691                      .dwattr $C$DW$478, DW_AT_TI_symbol_name("_SCILBAUD")
    3692                      .dwattr $C$DW$478, DW_AT_data_member_location[DW_OP_plus_uconst 0x3]
    3693                      .dwattr $C$DW$478, DW_AT_accessibility(DW_ACCESS_public)
    3694              $C$DW$479       .dwtag  DW_TAG_member
    3695                      .dwattr $C$DW$479, DW_AT_type(*$C$DW$T$93)
    3696                      .dwattr $C$DW$479, DW_AT_name("SCICTL2")
    3697                      .dwattr $C$DW$479, DW_AT_TI_symbol_name("_SCICTL2")
    3698                      .dwattr $C$DW$479, DW_AT_data_member_location[DW_OP_plus_uconst 0x4]
    3699                      .dwattr $C$DW$479, DW_AT_accessibility(DW_ACCESS_public)
    3700              $C$DW$480       .dwtag  DW_TAG_member
    3701                      .dwattr $C$DW$480, DW_AT_type(*$C$DW$T$105)
    3702                      .dwattr $C$DW$480, DW_AT_name("SCIRXST")
    3703                      .dwattr $C$DW$480, DW_AT_TI_symbol_name("_SCIRXST")
    3704                      .dwattr $C$DW$480, DW_AT_data_member_location[DW_OP_plus_uconst 0x5]
    3705                      .dwattr $C$DW$480, DW_AT_accessibility(DW_ACCESS_public)
    3706              $C$DW$481       .dwtag  DW_TAG_member
    3707                      .dwattr $C$DW$481, DW_AT_type(*$C$DW$T$19)
    3708                      .dwattr $C$DW$481, DW_AT_name("SCIRXEMU")
    3709                      .dwattr $C$DW$481, DW_AT_TI_symbol_name("_SCIRXEMU")
    3710                      .dwattr $C$DW$481, DW_AT_data_member_location[DW_OP_plus_uconst 0x6]
    3711                      .dwattr $C$DW$481, DW_AT_accessibility(DW_ACCESS_public)
    3712              $C$DW$482       .dwtag  DW_TAG_member
    3713                      .dwattr $C$DW$482, DW_AT_type(*$C$DW$T$103)
    3714                      .dwattr $C$DW$482, DW_AT_name("SCIRXBUF")
    3715                      .dwattr $C$DW$482, DW_AT_TI_symbol_name("_SCIRXBUF")
    3716                      .dwattr $C$DW$482, DW_AT_data_member_location[DW_OP_plus_uconst 0x7]
    3717                      .dwattr $C$DW$482, DW_AT_accessibility(DW_ACCESS_public)
    3718              $C$DW$483       .dwtag  DW_TAG_member
    3719                      .dwattr $C$DW$483, DW_AT_type(*$C$DW$T$19)
    3720                      .dwattr $C$DW$483, DW_AT_name("rsvd1")
    3721                      .dwattr $C$DW$483, DW_AT_TI_symbol_name("_rsvd1")
    3722                      .dwattr $C$DW$483, DW_AT_data_member_location[DW_OP_plus_uconst 0x8]
    3723                      .dwattr $C$DW$483, DW_AT_accessibility(DW_ACCESS_public)
    3724              $C$DW$484       .dwtag  DW_TAG_member
    3725                      .dwattr $C$DW$484, DW_AT_type(*$C$DW$T$19)
    3726                      .dwattr $C$DW$484, DW_AT_name("SCITXBUF")
    3727                      .dwattr $C$DW$484, DW_AT_TI_symbol_name("_SCITXBUF")
    3728                      .dwattr $C$DW$484, DW_AT_data_member_location[DW_OP_plus_uconst 0x9]
    3729                      .dwattr $C$DW$484, DW_AT_accessibility(DW_ACCESS_public)
    3730              $C$DW$485       .dwtag  DW_TAG_member
    3731                      .dwattr $C$DW$485, DW_AT_type(*$C$DW$T$99)
    3732                      .dwattr $C$DW$485, DW_AT_name("SCIFFTX")
    3733                      .dwattr $C$DW$485, DW_AT_TI_symbol_name("_SCIFFTX")
    3734                      .dwattr $C$DW$485, DW_AT_data_member_location[DW_OP_plus_uconst 0xa]
    3735                      .dwattr $C$DW$485, DW_AT_accessibility(DW_ACCESS_public)
    3736              $C$DW$486       .dwtag  DW_TAG_member
    3737                      .dwattr $C$DW$486, DW_AT_type(*$C$DW$T$97)
    3738                      .dwattr $C$DW$486, DW_AT_name("SCIFFRX")
    3739                      .dwattr $C$DW$486, DW_AT_TI_symbol_name("_SCIFFRX")
    3740                      .dwattr $C$DW$486, DW_AT_data_member_location[DW_OP_plus_uconst 0xb]
TMS320C2000 Assembler PC v6.1.0 Fri Feb 14 09:23:41 2020

Tools Copyright (c) 1996-2012 Texas Instruments Incorporated
F:/Work/Code Area/Combis/Bootloader/Example_Flash2806x_API21_Combi/Example_Flash2806x_API21_Combi/Example_Flash2806x_API/Debug/Example_Flash2806x_GlobalVariableDefs.asm PAGE   69

    3741                      .dwattr $C$DW$486, DW_AT_accessibility(DW_ACCESS_public)
    3742              $C$DW$487       .dwtag  DW_TAG_member
    3743                      .dwattr $C$DW$487, DW_AT_type(*$C$DW$T$95)
    3744                      .dwattr $C$DW$487, DW_AT_name("SCIFFCT")
    3745                      .dwattr $C$DW$487, DW_AT_TI_symbol_name("_SCIFFCT")
    3746                      .dwattr $C$DW$487, DW_AT_data_member_location[DW_OP_plus_uconst 0xc]
    3747                      .dwattr $C$DW$487, DW_AT_accessibility(DW_ACCESS_public)
    3748              $C$DW$488       .dwtag  DW_TAG_member
    3749                      .dwattr $C$DW$488, DW_AT_type(*$C$DW$T$19)
    3750                      .dwattr $C$DW$488, DW_AT_name("rsvd2")
    3751                      .dwattr $C$DW$488, DW_AT_TI_symbol_name("_rsvd2")
    3752                      .dwattr $C$DW$488, DW_AT_data_member_location[DW_OP_plus_uconst 0xd]
    3753                      .dwattr $C$DW$488, DW_AT_accessibility(DW_ACCESS_public)
    3754              $C$DW$489       .dwtag  DW_TAG_member
    3755                      .dwattr $C$DW$489, DW_AT_type(*$C$DW$T$19)
    3756                      .dwattr $C$DW$489, DW_AT_name("rsvd3")
    3757                      .dwattr $C$DW$489, DW_AT_TI_symbol_name("_rsvd3")
    3758                      .dwattr $C$DW$489, DW_AT_data_member_location[DW_OP_plus_uconst 0xe]
    3759                      .dwattr $C$DW$489, DW_AT_accessibility(DW_ACCESS_public)
    3760              $C$DW$490       .dwtag  DW_TAG_member
    3761                      .dwattr $C$DW$490, DW_AT_type(*$C$DW$T$101)
    3762                      .dwattr $C$DW$490, DW_AT_name("SCIPRI")
    3763                      .dwattr $C$DW$490, DW_AT_TI_symbol_name("_SCIPRI")
    3764                      .dwattr $C$DW$490, DW_AT_data_member_location[DW_OP_plus_uconst 0xf]
    3765                      .dwattr $C$DW$490, DW_AT_accessibility(DW_ACCESS_public)
    3766                      .dwendtag $C$DW$T$106
    3767              
    3768              $C$DW$491       .dwtag  DW_TAG_TI_far_type
    3769                      .dwattr $C$DW$491, DW_AT_type(*$C$DW$T$106)
    3770              $C$DW$T$118     .dwtag  DW_TAG_volatile_type
    3771                      .dwattr $C$DW$T$118, DW_AT_type(*$C$DW$491)
    3772              
    3773              $C$DW$T$110     .dwtag  DW_TAG_structure_type
    3774                      .dwattr $C$DW$T$110, DW_AT_name("SYS_CTRL_REGS")
    3775                      .dwattr $C$DW$T$110, DW_AT_byte_size(0x30)
    3776              $C$DW$492       .dwtag  DW_TAG_member
    3777                      .dwattr $C$DW$492, DW_AT_type(*$C$DW$T$112)
    3778                      .dwattr $C$DW$492, DW_AT_name("XCLK")
    3779                      .dwattr $C$DW$492, DW_AT_TI_symbol_name("_XCLK")
    3780                      .dwattr $C$DW$492, DW_AT_data_member_location[DW_OP_plus_uconst 0x0]
    3781                      .dwattr $C$DW$492, DW_AT_accessibility(DW_ACCESS_public)
    3782              $C$DW$493       .dwtag  DW_TAG_member
    3783                      .dwattr $C$DW$493, DW_AT_type(*$C$DW$T$87)
    3784                      .dwattr $C$DW$493, DW_AT_name("PLLSTS")
    3785                      .dwattr $C$DW$493, DW_AT_TI_symbol_name("_PLLSTS")
    3786                      .dwattr $C$DW$493, DW_AT_data_member_location[DW_OP_plus_uconst 0x1]
    3787                      .dwattr $C$DW$493, DW_AT_accessibility(DW_ACCESS_public)
    3788              $C$DW$494       .dwtag  DW_TAG_member
    3789                      .dwattr $C$DW$494, DW_AT_type(*$C$DW$T$26)
    3790                      .dwattr $C$DW$494, DW_AT_name("CLKCTL")
    3791                      .dwattr $C$DW$494, DW_AT_TI_symbol_name("_CLKCTL")
    3792                      .dwattr $C$DW$494, DW_AT_data_member_location[DW_OP_plus_uconst 0x2]
    3793                      .dwattr $C$DW$494, DW_AT_accessibility(DW_ACCESS_public)
    3794              $C$DW$495       .dwtag  DW_TAG_member
    3795                      .dwattr $C$DW$495, DW_AT_type(*$C$DW$T$19)
TMS320C2000 Assembler PC v6.1.0 Fri Feb 14 09:23:41 2020

Tools Copyright (c) 1996-2012 Texas Instruments Incorporated
F:/Work/Code Area/Combis/Bootloader/Example_Flash2806x_API21_Combi/Example_Flash2806x_API21_Combi/Example_Flash2806x_API/Debug/Example_Flash2806x_GlobalVariableDefs.asm PAGE   70

    3796                      .dwattr $C$DW$495, DW_AT_name("PLLLOCKPRD")
    3797                      .dwattr $C$DW$495, DW_AT_TI_symbol_name("_PLLLOCKPRD")
    3798                      .dwattr $C$DW$495, DW_AT_data_member_location[DW_OP_plus_uconst 0x3]
    3799                      .dwattr $C$DW$495, DW_AT_accessibility(DW_ACCESS_public)
    3800              $C$DW$496       .dwtag  DW_TAG_member
    3801                      .dwattr $C$DW$496, DW_AT_type(*$C$DW$T$71)
    3802                      .dwattr $C$DW$496, DW_AT_name("INTOSC1TRIM")
    3803                      .dwattr $C$DW$496, DW_AT_TI_symbol_name("_INTOSC1TRIM")
    3804                      .dwattr $C$DW$496, DW_AT_data_member_location[DW_OP_plus_uconst 0x4]
    3805                      .dwattr $C$DW$496, DW_AT_accessibility(DW_ACCESS_public)
    3806              $C$DW$497       .dwtag  DW_TAG_member
    3807                      .dwattr $C$DW$497, DW_AT_type(*$C$DW$T$19)
    3808                      .dwattr $C$DW$497, DW_AT_name("rsvd1")
    3809                      .dwattr $C$DW$497, DW_AT_TI_symbol_name("_rsvd1")
    3810                      .dwattr $C$DW$497, DW_AT_data_member_location[DW_OP_plus_uconst 0x5]
    3811                      .dwattr $C$DW$497, DW_AT_accessibility(DW_ACCESS_public)
    3812              $C$DW$498       .dwtag  DW_TAG_member
    3813                      .dwattr $C$DW$498, DW_AT_type(*$C$DW$T$73)
    3814                      .dwattr $C$DW$498, DW_AT_name("INTOSC2TRIM")
    3815                      .dwattr $C$DW$498, DW_AT_TI_symbol_name("_INTOSC2TRIM")
    3816                      .dwattr $C$DW$498, DW_AT_data_member_location[DW_OP_plus_uconst 0x6]
    3817                      .dwattr $C$DW$498, DW_AT_accessibility(DW_ACCESS_public)
    3818              $C$DW$499       .dwtag  DW_TAG_member
    3819                      .dwattr $C$DW$499, DW_AT_type(*$C$DW$T$66)
    3820                      .dwattr $C$DW$499, DW_AT_name("rsvd2")
    3821                      .dwattr $C$DW$499, DW_AT_TI_symbol_name("_rsvd2")
    3822                      .dwattr $C$DW$499, DW_AT_data_member_location[DW_OP_plus_uconst 0x7]
    3823                      .dwattr $C$DW$499, DW_AT_accessibility(DW_ACCESS_public)
    3824              $C$DW$500       .dwtag  DW_TAG_member
    3825                      .dwattr $C$DW$500, DW_AT_type(*$C$DW$T$75)
    3826                      .dwattr $C$DW$500, DW_AT_name("LOSPCP")
    3827                      .dwattr $C$DW$500, DW_AT_TI_symbol_name("_LOSPCP")
    3828                      .dwattr $C$DW$500, DW_AT_data_member_location[DW_OP_plus_uconst 0xb]
    3829                      .dwattr $C$DW$500, DW_AT_accessibility(DW_ACCESS_public)
    3830              $C$DW$501       .dwtag  DW_TAG_member
    3831                      .dwattr $C$DW$501, DW_AT_type(*$C$DW$T$79)
    3832                      .dwattr $C$DW$501, DW_AT_name("PCLKCR0")
    3833                      .dwattr $C$DW$501, DW_AT_TI_symbol_name("_PCLKCR0")
    3834                      .dwattr $C$DW$501, DW_AT_data_member_location[DW_OP_plus_uconst 0xc]
    3835                      .dwattr $C$DW$501, DW_AT_accessibility(DW_ACCESS_public)
    3836              $C$DW$502       .dwtag  DW_TAG_member
    3837                      .dwattr $C$DW$502, DW_AT_type(*$C$DW$T$81)
    3838                      .dwattr $C$DW$502, DW_AT_name("PCLKCR1")
    3839                      .dwattr $C$DW$502, DW_AT_TI_symbol_name("_PCLKCR1")
    3840                      .dwattr $C$DW$502, DW_AT_data_member_location[DW_OP_plus_uconst 0xd]
    3841                      .dwattr $C$DW$502, DW_AT_accessibility(DW_ACCESS_public)
    3842              $C$DW$503       .dwtag  DW_TAG_member
    3843                      .dwattr $C$DW$503, DW_AT_type(*$C$DW$T$77)
    3844                      .dwattr $C$DW$503, DW_AT_name("LPMCR0")
    3845                      .dwattr $C$DW$503, DW_AT_TI_symbol_name("_LPMCR0")
    3846                      .dwattr $C$DW$503, DW_AT_data_member_location[DW_OP_plus_uconst 0xe]
    3847                      .dwattr $C$DW$503, DW_AT_accessibility(DW_ACCESS_public)
    3848              $C$DW$504       .dwtag  DW_TAG_member
    3849                      .dwattr $C$DW$504, DW_AT_type(*$C$DW$T$19)
    3850                      .dwattr $C$DW$504, DW_AT_name("rsvd4")
TMS320C2000 Assembler PC v6.1.0 Fri Feb 14 09:23:41 2020

Tools Copyright (c) 1996-2012 Texas Instruments Incorporated
F:/Work/Code Area/Combis/Bootloader/Example_Flash2806x_API21_Combi/Example_Flash2806x_API21_Combi/Example_Flash2806x_API/Debug/Example_Flash2806x_GlobalVariableDefs.asm PAGE   71

    3851                      .dwattr $C$DW$504, DW_AT_TI_symbol_name("_rsvd4")
    3852                      .dwattr $C$DW$504, DW_AT_data_member_location[DW_OP_plus_uconst 0xf]
    3853                      .dwattr $C$DW$504, DW_AT_accessibility(DW_ACCESS_public)
    3854              $C$DW$505       .dwtag  DW_TAG_member
    3855                      .dwattr $C$DW$505, DW_AT_type(*$C$DW$T$83)
    3856                      .dwattr $C$DW$505, DW_AT_name("PCLKCR3")
    3857                      .dwattr $C$DW$505, DW_AT_TI_symbol_name("_PCLKCR3")
    3858                      .dwattr $C$DW$505, DW_AT_data_member_location[DW_OP_plus_uconst 0x10]
    3859                      .dwattr $C$DW$505, DW_AT_accessibility(DW_ACCESS_public)
    3860              $C$DW$506       .dwtag  DW_TAG_member
    3861                      .dwattr $C$DW$506, DW_AT_type(*$C$DW$T$85)
    3862                      .dwattr $C$DW$506, DW_AT_name("PLLCR")
    3863                      .dwattr $C$DW$506, DW_AT_TI_symbol_name("_PLLCR")
    3864                      .dwattr $C$DW$506, DW_AT_data_member_location[DW_OP_plus_uconst 0x11]
    3865                      .dwattr $C$DW$506, DW_AT_accessibility(DW_ACCESS_public)
    3866              $C$DW$507       .dwtag  DW_TAG_member
    3867                      .dwattr $C$DW$507, DW_AT_type(*$C$DW$T$19)
    3868                      .dwattr $C$DW$507, DW_AT_name("SCSR")
    3869                      .dwattr $C$DW$507, DW_AT_TI_symbol_name("_SCSR")
    3870                      .dwattr $C$DW$507, DW_AT_data_member_location[DW_OP_plus_uconst 0x12]
    3871                      .dwattr $C$DW$507, DW_AT_accessibility(DW_ACCESS_public)
    3872              $C$DW$508       .dwtag  DW_TAG_member
    3873                      .dwattr $C$DW$508, DW_AT_type(*$C$DW$T$19)
    3874                      .dwattr $C$DW$508, DW_AT_name("WDCNTR")
    3875                      .dwattr $C$DW$508, DW_AT_TI_symbol_name("_WDCNTR")
    3876                      .dwattr $C$DW$508, DW_AT_data_member_location[DW_OP_plus_uconst 0x13]
    3877                      .dwattr $C$DW$508, DW_AT_accessibility(DW_ACCESS_public)
    3878              $C$DW$509       .dwtag  DW_TAG_member
    3879                      .dwattr $C$DW$509, DW_AT_type(*$C$DW$T$19)
    3880                      .dwattr $C$DW$509, DW_AT_name("rsvd5")
    3881                      .dwattr $C$DW$509, DW_AT_TI_symbol_name("_rsvd5")
    3882                      .dwattr $C$DW$509, DW_AT_data_member_location[DW_OP_plus_uconst 0x14]
    3883                      .dwattr $C$DW$509, DW_AT_accessibility(DW_ACCESS_public)
    3884              $C$DW$510       .dwtag  DW_TAG_member
    3885                      .dwattr $C$DW$510, DW_AT_type(*$C$DW$T$19)
    3886                      .dwattr $C$DW$510, DW_AT_name("WDKEY")
    3887                      .dwattr $C$DW$510, DW_AT_TI_symbol_name("_WDKEY")
    3888                      .dwattr $C$DW$510, DW_AT_data_member_location[DW_OP_plus_uconst 0x15]
    3889                      .dwattr $C$DW$510, DW_AT_accessibility(DW_ACCESS_public)
    3890              $C$DW$511       .dwtag  DW_TAG_member
    3891                      .dwattr $C$DW$511, DW_AT_type(*$C$DW$T$107)
    3892                      .dwattr $C$DW$511, DW_AT_name("rsvd6")
    3893                      .dwattr $C$DW$511, DW_AT_TI_symbol_name("_rsvd6")
    3894                      .dwattr $C$DW$511, DW_AT_data_member_location[DW_OP_plus_uconst 0x16]
    3895                      .dwattr $C$DW$511, DW_AT_accessibility(DW_ACCESS_public)
    3896              $C$DW$512       .dwtag  DW_TAG_member
    3897                      .dwattr $C$DW$512, DW_AT_type(*$C$DW$T$19)
    3898                      .dwattr $C$DW$512, DW_AT_name("WDCR")
    3899                      .dwattr $C$DW$512, DW_AT_TI_symbol_name("_WDCR")
    3900                      .dwattr $C$DW$512, DW_AT_data_member_location[DW_OP_plus_uconst 0x19]
    3901                      .dwattr $C$DW$512, DW_AT_accessibility(DW_ACCESS_public)
    3902              $C$DW$513       .dwtag  DW_TAG_member
    3903                      .dwattr $C$DW$513, DW_AT_type(*$C$DW$T$108)
    3904                      .dwattr $C$DW$513, DW_AT_name("rsvd7")
    3905                      .dwattr $C$DW$513, DW_AT_TI_symbol_name("_rsvd7")
TMS320C2000 Assembler PC v6.1.0 Fri Feb 14 09:23:41 2020

Tools Copyright (c) 1996-2012 Texas Instruments Incorporated
F:/Work/Code Area/Combis/Bootloader/Example_Flash2806x_API21_Combi/Example_Flash2806x_API21_Combi/Example_Flash2806x_API/Debug/Example_Flash2806x_GlobalVariableDefs.asm PAGE   72

    3906                      .dwattr $C$DW$513, DW_AT_data_member_location[DW_OP_plus_uconst 0x1a]
    3907                      .dwattr $C$DW$513, DW_AT_accessibility(DW_ACCESS_public)
    3908              $C$DW$514       .dwtag  DW_TAG_member
    3909                      .dwattr $C$DW$514, DW_AT_type(*$C$DW$T$32)
    3910                      .dwattr $C$DW$514, DW_AT_name("EPWMCFG")
    3911                      .dwattr $C$DW$514, DW_AT_TI_symbol_name("_EPWMCFG")
    3912                      .dwattr $C$DW$514, DW_AT_data_member_location[DW_OP_plus_uconst 0x2a]
    3913                      .dwattr $C$DW$514, DW_AT_accessibility(DW_ACCESS_public)
    3914              $C$DW$515       .dwtag  DW_TAG_member
    3915                      .dwattr $C$DW$515, DW_AT_type(*$C$DW$T$109)
    3916                      .dwattr $C$DW$515, DW_AT_name("rsvd12")
    3917                      .dwattr $C$DW$515, DW_AT_TI_symbol_name("_rsvd12")
    3918                      .dwattr $C$DW$515, DW_AT_data_member_location[DW_OP_plus_uconst 0x2b]
    3919                      .dwattr $C$DW$515, DW_AT_accessibility(DW_ACCESS_public)
    3920                      .dwendtag $C$DW$T$110
    3921              
    3922              $C$DW$516       .dwtag  DW_TAG_TI_far_type
    3923                      .dwattr $C$DW$516, DW_AT_type(*$C$DW$T$110)
    3924              $C$DW$T$119     .dwtag  DW_TAG_volatile_type
    3925                      .dwattr $C$DW$T$119, DW_AT_type(*$C$DW$516)
    3926              
    3927              $C$DW$T$111     .dwtag  DW_TAG_structure_type
    3928                      .dwattr $C$DW$T$111, DW_AT_name("XCLK_BITS")
    3929                      .dwattr $C$DW$T$111, DW_AT_byte_size(0x01)
    3930              $C$DW$517       .dwtag  DW_TAG_member
    3931                      .dwattr $C$DW$517, DW_AT_type(*$C$DW$T$19)
    3932                      .dwattr $C$DW$517, DW_AT_name("XCLKOUTDIV")
    3933                      .dwattr $C$DW$517, DW_AT_TI_symbol_name("_XCLKOUTDIV")
    3934                      .dwattr $C$DW$517, DW_AT_bit_offset(0x0e), DW_AT_bit_size(0x02)
    3935                      .dwattr $C$DW$517, DW_AT_data_member_location[DW_OP_plus_uconst 0x0]
    3936                      .dwattr $C$DW$517, DW_AT_accessibility(DW_ACCESS_public)
    3937              $C$DW$518       .dwtag  DW_TAG_member
    3938                      .dwattr $C$DW$518, DW_AT_type(*$C$DW$T$19)
    3939                      .dwattr $C$DW$518, DW_AT_name("rsvd1")
    3940                      .dwattr $C$DW$518, DW_AT_TI_symbol_name("_rsvd1")
    3941                      .dwattr $C$DW$518, DW_AT_bit_offset(0x0a), DW_AT_bit_size(0x04)
    3942                      .dwattr $C$DW$518, DW_AT_data_member_location[DW_OP_plus_uconst 0x0]
    3943                      .dwattr $C$DW$518, DW_AT_accessibility(DW_ACCESS_public)
    3944              $C$DW$519       .dwtag  DW_TAG_member
    3945                      .dwattr $C$DW$519, DW_AT_type(*$C$DW$T$19)
    3946                      .dwattr $C$DW$519, DW_AT_name("XCLKINSEL")
    3947                      .dwattr $C$DW$519, DW_AT_TI_symbol_name("_XCLKINSEL")
    3948                      .dwattr $C$DW$519, DW_AT_bit_offset(0x09), DW_AT_bit_size(0x01)
    3949                      .dwattr $C$DW$519, DW_AT_data_member_location[DW_OP_plus_uconst 0x0]
    3950                      .dwattr $C$DW$519, DW_AT_accessibility(DW_ACCESS_public)
    3951              $C$DW$520       .dwtag  DW_TAG_member
    3952                      .dwattr $C$DW$520, DW_AT_type(*$C$DW$T$19)
    3953                      .dwattr $C$DW$520, DW_AT_name("rsvd2")
    3954                      .dwattr $C$DW$520, DW_AT_TI_symbol_name("_rsvd2")
    3955                      .dwattr $C$DW$520, DW_AT_bit_offset(0x00), DW_AT_bit_size(0x09)
    3956                      .dwattr $C$DW$520, DW_AT_data_member_location[DW_OP_plus_uconst 0x0]
    3957                      .dwattr $C$DW$520, DW_AT_accessibility(DW_ACCESS_public)
    3958                      .dwendtag $C$DW$T$111
    3959              
    3960              
TMS320C2000 Assembler PC v6.1.0 Fri Feb 14 09:23:41 2020

Tools Copyright (c) 1996-2012 Texas Instruments Incorporated
F:/Work/Code Area/Combis/Bootloader/Example_Flash2806x_API21_Combi/Example_Flash2806x_API21_Combi/Example_Flash2806x_API/Debug/Example_Flash2806x_GlobalVariableDefs.asm PAGE   73

    3961              $C$DW$T$112     .dwtag  DW_TAG_union_type
    3962                      .dwattr $C$DW$T$112, DW_AT_name("XCLK_REG")
    3963                      .dwattr $C$DW$T$112, DW_AT_byte_size(0x01)
    3964              $C$DW$521       .dwtag  DW_TAG_member
    3965                      .dwattr $C$DW$521, DW_AT_type(*$C$DW$T$19)
    3966                      .dwattr $C$DW$521, DW_AT_name("all")
    3967                      .dwattr $C$DW$521, DW_AT_TI_symbol_name("_all")
    3968                      .dwattr $C$DW$521, DW_AT_data_member_location[DW_OP_plus_uconst 0x0]
    3969                      .dwattr $C$DW$521, DW_AT_accessibility(DW_ACCESS_public)
    3970              $C$DW$522       .dwtag  DW_TAG_member
    3971                      .dwattr $C$DW$522, DW_AT_type(*$C$DW$T$111)
    3972                      .dwattr $C$DW$522, DW_AT_name("bit")
    3973                      .dwattr $C$DW$522, DW_AT_TI_symbol_name("_bit")
    3974                      .dwattr $C$DW$522, DW_AT_data_member_location[DW_OP_plus_uconst 0x0]
    3975                      .dwattr $C$DW$522, DW_AT_accessibility(DW_ACCESS_public)
    3976                      .dwendtag $C$DW$T$112
    3977              
    3978              $C$DW$T$4       .dwtag  DW_TAG_base_type
    3979                      .dwattr $C$DW$T$4, DW_AT_encoding(DW_ATE_boolean)
    3980                      .dwattr $C$DW$T$4, DW_AT_name("bool")
    3981                      .dwattr $C$DW$T$4, DW_AT_byte_size(0x01)
    3982              $C$DW$T$5       .dwtag  DW_TAG_base_type
    3983                      .dwattr $C$DW$T$5, DW_AT_encoding(DW_ATE_signed_char)
    3984                      .dwattr $C$DW$T$5, DW_AT_name("signed char")
    3985                      .dwattr $C$DW$T$5, DW_AT_byte_size(0x01)
    3986              $C$DW$T$6       .dwtag  DW_TAG_base_type
    3987                      .dwattr $C$DW$T$6, DW_AT_encoding(DW_ATE_unsigned_char)
    3988                      .dwattr $C$DW$T$6, DW_AT_name("unsigned char")
    3989                      .dwattr $C$DW$T$6, DW_AT_byte_size(0x01)
    3990              $C$DW$T$7       .dwtag  DW_TAG_base_type
    3991                      .dwattr $C$DW$T$7, DW_AT_encoding(DW_ATE_signed_char)
    3992                      .dwattr $C$DW$T$7, DW_AT_name("wchar_t")
    3993                      .dwattr $C$DW$T$7, DW_AT_byte_size(0x01)
    3994              $C$DW$T$8       .dwtag  DW_TAG_base_type
    3995                      .dwattr $C$DW$T$8, DW_AT_encoding(DW_ATE_signed)
    3996                      .dwattr $C$DW$T$8, DW_AT_name("short")
    3997                      .dwattr $C$DW$T$8, DW_AT_byte_size(0x01)
    3998              $C$DW$T$9       .dwtag  DW_TAG_base_type
    3999                      .dwattr $C$DW$T$9, DW_AT_encoding(DW_ATE_unsigned)
    4000                      .dwattr $C$DW$T$9, DW_AT_name("unsigned short")
    4001                      .dwattr $C$DW$T$9, DW_AT_byte_size(0x01)
    4002              $C$DW$T$10      .dwtag  DW_TAG_base_type
    4003                      .dwattr $C$DW$T$10, DW_AT_encoding(DW_ATE_signed)
    4004                      .dwattr $C$DW$T$10, DW_AT_name("int")
    4005                      .dwattr $C$DW$T$10, DW_AT_byte_size(0x01)
    4006              $C$DW$T$11      .dwtag  DW_TAG_base_type
    4007                      .dwattr $C$DW$T$11, DW_AT_encoding(DW_ATE_unsigned)
    4008                      .dwattr $C$DW$T$11, DW_AT_name("unsigned int")
    4009                      .dwattr $C$DW$T$11, DW_AT_byte_size(0x01)
    4010              $C$DW$T$19      .dwtag  DW_TAG_typedef, DW_AT_name("Uint16")
    4011                      .dwattr $C$DW$T$19, DW_AT_type(*$C$DW$T$11)
    4012                      .dwattr $C$DW$T$19, DW_AT_language(DW_LANG_C)
    4013              
    4014              $C$DW$T$64      .dwtag  DW_TAG_array_type
    4015                      .dwattr $C$DW$T$64, DW_AT_type(*$C$DW$T$19)
TMS320C2000 Assembler PC v6.1.0 Fri Feb 14 09:23:41 2020

Tools Copyright (c) 1996-2012 Texas Instruments Incorporated
F:/Work/Code Area/Combis/Bootloader/Example_Flash2806x_API21_Combi/Example_Flash2806x_API21_Combi/Example_Flash2806x_API/Debug/Example_Flash2806x_GlobalVariableDefs.asm PAGE   74

    4016                      .dwattr $C$DW$T$64, DW_AT_language(DW_LANG_C)
    4017                      .dwattr $C$DW$T$64, DW_AT_byte_size(0x02)
    4018              $C$DW$523       .dwtag  DW_TAG_subrange_type
    4019                      .dwattr $C$DW$523, DW_AT_upper_bound(0x01)
    4020                      .dwendtag $C$DW$T$64
    4021              
    4022              
    4023              $C$DW$T$65      .dwtag  DW_TAG_array_type
    4024                      .dwattr $C$DW$T$65, DW_AT_type(*$C$DW$T$19)
    4025                      .dwattr $C$DW$T$65, DW_AT_language(DW_LANG_C)
    4026                      .dwattr $C$DW$T$65, DW_AT_byte_size(0x18)
    4027              $C$DW$524       .dwtag  DW_TAG_subrange_type
    4028                      .dwattr $C$DW$524, DW_AT_upper_bound(0x17)
    4029                      .dwendtag $C$DW$T$65
    4030              
    4031              
    4032              $C$DW$T$66      .dwtag  DW_TAG_array_type
    4033                      .dwattr $C$DW$T$66, DW_AT_type(*$C$DW$T$19)
    4034                      .dwattr $C$DW$T$66, DW_AT_language(DW_LANG_C)
    4035                      .dwattr $C$DW$T$66, DW_AT_byte_size(0x04)
    4036              $C$DW$525       .dwtag  DW_TAG_subrange_type
    4037                      .dwattr $C$DW$525, DW_AT_upper_bound(0x03)
    4038                      .dwendtag $C$DW$T$66
    4039              
    4040              
    4041              $C$DW$T$68      .dwtag  DW_TAG_array_type
    4042                      .dwattr $C$DW$T$68, DW_AT_type(*$C$DW$T$19)
    4043                      .dwattr $C$DW$T$68, DW_AT_language(DW_LANG_C)
    4044                      .dwattr $C$DW$T$68, DW_AT_byte_size(0x08)
    4045              $C$DW$526       .dwtag  DW_TAG_subrange_type
    4046                      .dwattr $C$DW$526, DW_AT_upper_bound(0x07)
    4047                      .dwendtag $C$DW$T$68
    4048              
    4049              
    4050              $C$DW$T$107     .dwtag  DW_TAG_array_type
    4051                      .dwattr $C$DW$T$107, DW_AT_type(*$C$DW$T$19)
    4052                      .dwattr $C$DW$T$107, DW_AT_language(DW_LANG_C)
    4053                      .dwattr $C$DW$T$107, DW_AT_byte_size(0x03)
    4054              $C$DW$527       .dwtag  DW_TAG_subrange_type
    4055                      .dwattr $C$DW$527, DW_AT_upper_bound(0x02)
    4056                      .dwendtag $C$DW$T$107
    4057              
    4058              
    4059              $C$DW$T$108     .dwtag  DW_TAG_array_type
    4060                      .dwattr $C$DW$T$108, DW_AT_type(*$C$DW$T$19)
    4061                      .dwattr $C$DW$T$108, DW_AT_language(DW_LANG_C)
    4062                      .dwattr $C$DW$T$108, DW_AT_byte_size(0x10)
    4063              $C$DW$528       .dwtag  DW_TAG_subrange_type
    4064                      .dwattr $C$DW$528, DW_AT_upper_bound(0x0f)
    4065                      .dwendtag $C$DW$T$108
    4066              
    4067              
    4068              $C$DW$T$109     .dwtag  DW_TAG_array_type
    4069                      .dwattr $C$DW$T$109, DW_AT_type(*$C$DW$T$19)
    4070                      .dwattr $C$DW$T$109, DW_AT_language(DW_LANG_C)
TMS320C2000 Assembler PC v6.1.0 Fri Feb 14 09:23:41 2020

Tools Copyright (c) 1996-2012 Texas Instruments Incorporated
F:/Work/Code Area/Combis/Bootloader/Example_Flash2806x_API21_Combi/Example_Flash2806x_API21_Combi/Example_Flash2806x_API/Debug/Example_Flash2806x_GlobalVariableDefs.asm PAGE   75

    4071                      .dwattr $C$DW$T$109, DW_AT_byte_size(0x05)
    4072              $C$DW$529       .dwtag  DW_TAG_subrange_type
    4073                      .dwattr $C$DW$529, DW_AT_upper_bound(0x04)
    4074                      .dwendtag $C$DW$T$109
    4075              
    4076              $C$DW$T$12      .dwtag  DW_TAG_base_type
    4077                      .dwattr $C$DW$T$12, DW_AT_encoding(DW_ATE_signed)
    4078                      .dwattr $C$DW$T$12, DW_AT_name("long")
    4079                      .dwattr $C$DW$T$12, DW_AT_byte_size(0x02)
    4080              $C$DW$T$13      .dwtag  DW_TAG_base_type
    4081                      .dwattr $C$DW$T$13, DW_AT_encoding(DW_ATE_unsigned)
    4082                      .dwattr $C$DW$T$13, DW_AT_name("unsigned long")
    4083                      .dwattr $C$DW$T$13, DW_AT_byte_size(0x02)
    4084              $C$DW$T$21      .dwtag  DW_TAG_typedef, DW_AT_name("Uint32")
    4085                      .dwattr $C$DW$T$21, DW_AT_type(*$C$DW$T$13)
    4086                      .dwattr $C$DW$T$21, DW_AT_language(DW_LANG_C)
    4087              $C$DW$T$14      .dwtag  DW_TAG_base_type
    4088                      .dwattr $C$DW$T$14, DW_AT_encoding(DW_ATE_signed)
    4089                      .dwattr $C$DW$T$14, DW_AT_name("long long")
    4090                      .dwattr $C$DW$T$14, DW_AT_byte_size(0x04)
    4091              $C$DW$T$15      .dwtag  DW_TAG_base_type
    4092                      .dwattr $C$DW$T$15, DW_AT_encoding(DW_ATE_unsigned)
    4093                      .dwattr $C$DW$T$15, DW_AT_name("unsigned long long")
    4094                      .dwattr $C$DW$T$15, DW_AT_byte_size(0x04)
    4095              $C$DW$T$16      .dwtag  DW_TAG_base_type
    4096                      .dwattr $C$DW$T$16, DW_AT_encoding(DW_ATE_float)
    4097                      .dwattr $C$DW$T$16, DW_AT_name("float")
    4098                      .dwattr $C$DW$T$16, DW_AT_byte_size(0x02)
    4099              $C$DW$T$17      .dwtag  DW_TAG_base_type
    4100                      .dwattr $C$DW$T$17, DW_AT_encoding(DW_ATE_float)
    4101                      .dwattr $C$DW$T$17, DW_AT_name("double")
    4102                      .dwattr $C$DW$T$17, DW_AT_byte_size(0x02)
    4103              $C$DW$T$18      .dwtag  DW_TAG_base_type
    4104                      .dwattr $C$DW$T$18, DW_AT_encoding(DW_ATE_float)
    4105                      .dwattr $C$DW$T$18, DW_AT_name("long double")
    4106                      .dwattr $C$DW$T$18, DW_AT_byte_size(0x04)
    4107                      .dwattr $C$DW$CU, DW_AT_language(DW_LANG_C)
    4108              
    4109              ;***************************************************************
    4110              ;* DWARF CIE ENTRIES                                           *
    4111              ;***************************************************************
    4112              
    4113              $C$DW$CIE       .dwcie 78
    4114                      .dwcfi  cfa_register, 20
    4115                      .dwcfi  cfa_offset, 0
    4116                      .dwcfi  undefined, 0
    4117                      .dwcfi  undefined, 1
    4118                      .dwcfi  undefined, 2
    4119                      .dwcfi  undefined, 3
    4120                      .dwcfi  undefined, 22
    4121                      .dwcfi  undefined, 37
    4122                      .dwcfi  undefined, 36
    4123                      .dwcfi  undefined, 23
    4124                      .dwcfi  undefined, 30
    4125                      .dwcfi  undefined, 31
TMS320C2000 Assembler PC v6.1.0 Fri Feb 14 09:23:41 2020

Tools Copyright (c) 1996-2012 Texas Instruments Incorporated
F:/Work/Code Area/Combis/Bootloader/Example_Flash2806x_API21_Combi/Example_Flash2806x_API21_Combi/Example_Flash2806x_API/Debug/Example_Flash2806x_GlobalVariableDefs.asm PAGE   76

    4126                      .dwcfi  undefined, 32
    4127                      .dwcfi  undefined, 38
    4128                      .dwcfi  undefined, 75
    4129                      .dwcfi  undefined, 24
    4130                      .dwcfi  undefined, 33
    4131                      .dwcfi  undefined, 35
    4132                      .dwcfi  undefined, 34
    4133                      .dwcfi  undefined, 76
    4134                      .dwcfi  undefined, 21
    4135                      .dwcfi  undefined, 20
    4136                      .dwcfi  undefined, 28
    4137                      .dwcfi  undefined, 29
    4138                      .dwcfi  undefined, 25
    4139                      .dwcfi  undefined, 77
    4140                      .dwcfi  undefined, 4
    4141                      .dwcfi  undefined, 6
    4142                      .dwcfi  undefined, 8
    4143                      .dwcfi  undefined, 10
    4144                      .dwcfi  undefined, 12
    4145                      .dwcfi  undefined, 14
    4146                      .dwcfi  undefined, 16
    4147                      .dwcfi  undefined, 17
    4148                      .dwcfi  undefined, 18
    4149                      .dwcfi  undefined, 19
    4150                      .dwcfi  undefined, 5
    4151                      .dwcfi  undefined, 7
    4152                      .dwcfi  undefined, 9
    4153                      .dwcfi  undefined, 11
    4154                      .dwcfi  undefined, 13
    4155                      .dwcfi  undefined, 15
    4156                      .dwcfi  undefined, 78
    4157                      .dwendentry
    4158              
    4159              ;***************************************************************
    4160              ;* DWARF REGISTER MAP                                          *
    4161              ;***************************************************************
    4162              
    4163              $C$DW$530       .dwtag  DW_TAG_TI_assign_register, DW_AT_name("AL")
    4164                      .dwattr $C$DW$530, DW_AT_location[DW_OP_reg0]
    4165              $C$DW$531       .dwtag  DW_TAG_TI_assign_register, DW_AT_name("AH")
    4166                      .dwattr $C$DW$531, DW_AT_location[DW_OP_reg1]
    4167              $C$DW$532       .dwtag  DW_TAG_TI_assign_register, DW_AT_name("PL")
    4168                      .dwattr $C$DW$532, DW_AT_location[DW_OP_reg2]
    4169              $C$DW$533       .dwtag  DW_TAG_TI_assign_register, DW_AT_name("PH")
    4170                      .dwattr $C$DW$533, DW_AT_location[DW_OP_reg3]
    4171              $C$DW$534       .dwtag  DW_TAG_TI_assign_register, DW_AT_name("T")
    4172                      .dwattr $C$DW$534, DW_AT_location[DW_OP_reg22]
    4173              $C$DW$535       .dwtag  DW_TAG_TI_assign_register, DW_AT_name("IER")
    4174                      .dwattr $C$DW$535, DW_AT_location[DW_OP_regx 0x25]
    4175              $C$DW$536       .dwtag  DW_TAG_TI_assign_register, DW_AT_name("IFR")
    4176                      .dwattr $C$DW$536, DW_AT_location[DW_OP_regx 0x24]
    4177              $C$DW$537       .dwtag  DW_TAG_TI_assign_register, DW_AT_name("ST0")
    4178                      .dwattr $C$DW$537, DW_AT_location[DW_OP_reg23]
    4179              $C$DW$538       .dwtag  DW_TAG_TI_assign_register, DW_AT_name("SXM")
    4180                      .dwattr $C$DW$538, DW_AT_location[DW_OP_reg30]
TMS320C2000 Assembler PC v6.1.0 Fri Feb 14 09:23:41 2020

Tools Copyright (c) 1996-2012 Texas Instruments Incorporated
F:/Work/Code Area/Combis/Bootloader/Example_Flash2806x_API21_Combi/Example_Flash2806x_API21_Combi/Example_Flash2806x_API/Debug/Example_Flash2806x_GlobalVariableDefs.asm PAGE   77

    4181              $C$DW$539       .dwtag  DW_TAG_TI_assign_register, DW_AT_name("PM")
    4182                      .dwattr $C$DW$539, DW_AT_location[DW_OP_reg31]
    4183              $C$DW$540       .dwtag  DW_TAG_TI_assign_register, DW_AT_name("OVM")
    4184                      .dwattr $C$DW$540, DW_AT_location[DW_OP_regx 0x20]
    4185              $C$DW$541       .dwtag  DW_TAG_TI_assign_register, DW_AT_name("V")
    4186                      .dwattr $C$DW$541, DW_AT_location[DW_OP_regx 0x26]
    4187              $C$DW$542       .dwtag  DW_TAG_TI_assign_register, DW_AT_name("PSEUDO")
    4188                      .dwattr $C$DW$542, DW_AT_location[DW_OP_regx 0x4b]
    4189              $C$DW$543       .dwtag  DW_TAG_TI_assign_register, DW_AT_name("ST1")
    4190                      .dwattr $C$DW$543, DW_AT_location[DW_OP_reg24]
    4191              $C$DW$544       .dwtag  DW_TAG_TI_assign_register, DW_AT_name("PAGE0")
    4192                      .dwattr $C$DW$544, DW_AT_location[DW_OP_regx 0x21]
    4193              $C$DW$545       .dwtag  DW_TAG_TI_assign_register, DW_AT_name("INTM")
    4194                      .dwattr $C$DW$545, DW_AT_location[DW_OP_regx 0x23]
    4195              $C$DW$546       .dwtag  DW_TAG_TI_assign_register, DW_AT_name("AMODE")
    4196                      .dwattr $C$DW$546, DW_AT_location[DW_OP_regx 0x22]
    4197              $C$DW$547       .dwtag  DW_TAG_TI_assign_register, DW_AT_name("PSEUDOH")
    4198                      .dwattr $C$DW$547, DW_AT_location[DW_OP_regx 0x4c]
    4199              $C$DW$548       .dwtag  DW_TAG_TI_assign_register, DW_AT_name("XT")
    4200                      .dwattr $C$DW$548, DW_AT_location[DW_OP_reg21]
    4201              $C$DW$549       .dwtag  DW_TAG_TI_assign_register, DW_AT_name("SP")
    4202                      .dwattr $C$DW$549, DW_AT_location[DW_OP_reg20]
    4203              $C$DW$550       .dwtag  DW_TAG_TI_assign_register, DW_AT_name("FP")
    4204                      .dwattr $C$DW$550, DW_AT_location[DW_OP_reg28]
    4205              $C$DW$551       .dwtag  DW_TAG_TI_assign_register, DW_AT_name("DP")
    4206                      .dwattr $C$DW$551, DW_AT_location[DW_OP_reg29]
    4207              $C$DW$552       .dwtag  DW_TAG_TI_assign_register, DW_AT_name("PC")
    4208                      .dwattr $C$DW$552, DW_AT_location[DW_OP_reg25]
    4209              $C$DW$553       .dwtag  DW_TAG_TI_assign_register, DW_AT_name("VOL")
    4210                      .dwattr $C$DW$553, DW_AT_location[DW_OP_regx 0x4d]
    4211              $C$DW$554       .dwtag  DW_TAG_TI_assign_register, DW_AT_name("AR0")
    4212                      .dwattr $C$DW$554, DW_AT_location[DW_OP_reg4]
    4213              $C$DW$555       .dwtag  DW_TAG_TI_assign_register, DW_AT_name("AR1")
    4214                      .dwattr $C$DW$555, DW_AT_location[DW_OP_reg6]
    4215              $C$DW$556       .dwtag  DW_TAG_TI_assign_register, DW_AT_name("AR2")
    4216                      .dwattr $C$DW$556, DW_AT_location[DW_OP_reg8]
    4217              $C$DW$557       .dwtag  DW_TAG_TI_assign_register, DW_AT_name("AR3")
    4218                      .dwattr $C$DW$557, DW_AT_location[DW_OP_reg10]
    4219              $C$DW$558       .dwtag  DW_TAG_TI_assign_register, DW_AT_name("AR4")
    4220                      .dwattr $C$DW$558, DW_AT_location[DW_OP_reg12]
    4221              $C$DW$559       .dwtag  DW_TAG_TI_assign_register, DW_AT_name("AR5")
    4222                      .dwattr $C$DW$559, DW_AT_location[DW_OP_reg14]
    4223              $C$DW$560       .dwtag  DW_TAG_TI_assign_register, DW_AT_name("AR6")
    4224                      .dwattr $C$DW$560, DW_AT_location[DW_OP_reg16]
    4225              $C$DW$561       .dwtag  DW_TAG_TI_assign_register, DW_AT_name("XAR6")
    4226                      .dwattr $C$DW$561, DW_AT_location[DW_OP_reg17]
    4227              $C$DW$562       .dwtag  DW_TAG_TI_assign_register, DW_AT_name("AR7")
    4228                      .dwattr $C$DW$562, DW_AT_location[DW_OP_reg18]
    4229              $C$DW$563       .dwtag  DW_TAG_TI_assign_register, DW_AT_name("XAR7")
    4230                      .dwattr $C$DW$563, DW_AT_location[DW_OP_reg19]
    4231              $C$DW$564       .dwtag  DW_TAG_TI_assign_register, DW_AT_name("XAR0")
    4232                      .dwattr $C$DW$564, DW_AT_location[DW_OP_reg5]
    4233              $C$DW$565       .dwtag  DW_TAG_TI_assign_register, DW_AT_name("XAR1")
    4234                      .dwattr $C$DW$565, DW_AT_location[DW_OP_reg7]
    4235              $C$DW$566       .dwtag  DW_TAG_TI_assign_register, DW_AT_name("XAR2")
TMS320C2000 Assembler PC v6.1.0 Fri Feb 14 09:23:41 2020

Tools Copyright (c) 1996-2012 Texas Instruments Incorporated
F:/Work/Code Area/Combis/Bootloader/Example_Flash2806x_API21_Combi/Example_Flash2806x_API21_Combi/Example_Flash2806x_API/Debug/Example_Flash2806x_GlobalVariableDefs.asm PAGE   78

    4236                      .dwattr $C$DW$566, DW_AT_location[DW_OP_reg9]
    4237              $C$DW$567       .dwtag  DW_TAG_TI_assign_register, DW_AT_name("XAR3")
    4238                      .dwattr $C$DW$567, DW_AT_location[DW_OP_reg11]
    4239              $C$DW$568       .dwtag  DW_TAG_TI_assign_register, DW_AT_name("XAR4")
    4240                      .dwattr $C$DW$568, DW_AT_location[DW_OP_reg13]
    4241              $C$DW$569       .dwtag  DW_TAG_TI_assign_register, DW_AT_name("XAR5")
    4242                      .dwattr $C$DW$569, DW_AT_location[DW_OP_reg15]
    4243              $C$DW$570       .dwtag  DW_TAG_TI_assign_register, DW_AT_name("CIE_RETA")
    4244                      .dwattr $C$DW$570, DW_AT_location[DW_OP_regx 0x4e]
    4245                      .dwendtag $C$DW$CU
    4246              

No Assembly Errors, No Assembly Warnings
