:02000004003EBC
:20800000761F02A94F006D53761F02E947106D1A761F02A99300761F02A2FFD69200FFC57C
:20801000CEA840A96C05761F01BF4E006D11761F02A91800FFF8761F02A1182A00802B2BC0
:208020006F07761F02A9CC00FFF850039600761F02A9CC00000761105201610452036124C8
:208030006F2ACC000060FFC452026025CC00FFF8500296006F209300761F02A29200FFD662
:20804000FFC5CEA840A96C0B761F01BF4E006C07761F02A9CC00FFF850019600761F02A946
:208050001800FF9F6F081800FF9F6F05CC00FFF8500496000006761F02A992009007520447
:208060006050761F02E942106D087622761F01A11A180004761A6F1D7622761F01A11A17E8
:208070000004761AE801E118761F02A9E2C40105E2C40204E80EB850E70000407700E7005F
:2080800000107700E68E0000761F01A1E213000A761F02E943106D087622761F01A61A1861
:208090000004761A6F2A7622761F01A61A170004761AE801E118761F02A9E2C40105E2C496
:2080A0000204E80EB850E70000407700E70000107700E68E0000761F01A6E21300096F0D86
:2080B00093009A009107530260029A019003CD00FFE7FF82CAA89600FF690006E590761F52
:2080C00002A6E203000CE2030006761F02A4E203000CE2030006761F02A5E203001EE203E1
:2080D0000018761F02A4E2030030E203002A761F02A91801FFBF0006FE02761F02A9E203D7
:2080E0000008761F02A4E2AF0032761F02A9E2AF0108E6940001AD146205E2AF0008E8205C
:2080F0000000E2030008E2C401047700E70000087700E68E0000761F01A1E213000AFE82D1
:208100000006FE02761F02BFE2AF002C761F02A4E2AF0102E72000087700E2030004E2AF77
:208110000108E7000009E2AF000CE71000407700E2030006E2AF0004E2AF010AE7000009FF
:20812000E2AF000CE71000407700E203000CE2AF000EE2AF0106E6940001AD146205E2AF98
:208130000010E6960008E2030006E2AF010CE2AF000EE6940001AD146205E2AF0010E696B3
:208140000008E203000C761F02BFE2AF011E761F02A5E2AF0014E72000087700E2030016BE
:20815000E2AF011AE7000009E2AF031EE71000C87700E2030018E2AF0016E2AF011CE70052
:208160000009E2AF021EE71000887700E203001EE2AF0020E2AF0118E6940001AD1462054E
:20817000E2AF0022E6960008E2030018E2AF011EE2AF0020E6940001AD146205E2AF002204
:20818000E6960008E203001E761F02A6E2AF0102761F02BDE2AF0014E7200008761F02A642
:20819000E2030004E2AF010AE7000009E2AF030CE71000C87700E203000CE2AF000EE2AF63
:2081A000010CE6940001AD146205E2AF0010E6960008E203000CE2AF0108E2AF0004E700E3
:2081B0000008E2AF030CE71000C07700E2030006E2AF0106E2AF000EE6940001AD14620514
:2081C000E2AF0010E6960008E2030006761F02A993019201FFDDFFCECEA840A96C46761FD9
:2081D00002BDE2AF0014E2AF0116761F02A6E7100040E2AF0326E72000187700E2030028B2
:2081E000E2AF012EE7000009E2AF0230E71000887700E2030030E2AF0032E2AF0130E69402
:2081F0000001AD146205E2AF0034E6960008E2030030E2AF012CE2AF0028E7000008E2AFF1
:208200000330E71000C07700E203002AE2AF012AE2AF0032E6940001AD146205E2AF003407
:20821000E6960008E203002A761F02A49A01E2AF0006E5A0AD146418761F02A6E2AF0006B8
:20822000E5A0AD146305761F02E948106D0D761F02A6E2AF002AE5A0AD146305761F02E918
:208230004A106D029A00761F02A99001CD01FFBFFF85CAA89601761F02A4E2AF0006761F7A
:2082400002A5E2AF0118761F02A6E7100040E2AF0306E71000C0E2AF022AE7100080E801EB
:20825000FD51E80D4C99E6940008AD146506E801FD50E80D4C986F03E8200000761F02D642
:20826000460C6D20761F02A7920152046016761F02A3922B52016011E590761F02A5E20331
:20827000001EE2030018761F02A4E801E840E80B2CA8E20300266F28761F02A4E2030026D8
:208280006F23E590761F02A5E203001EE2030018761F02A90626761F02A41E26E2AF0126F8
:20829000E801FD50E80D4C98E6940001AD146506E801FD50E80D4C986F05E2AF0026E820D6
:2082A0000000E2030026761F02BFE2AF0022761F02A4E2AF0126E72000087700E203002824
:2082B000E2AF012CE7000009E2AF0330E71000C87700E203002AE2AF0028E2AF012EE70097
:2082C0000009E2AF0230E71000887700E2030030E2AF0032E2AF012AE6940001AD146205A5
:2082D000E2AF002AE8200000E203002AE2AF0130E2AF0032E6940001AD146205E2AF0034CF
:2082E000E6960008E2030030E2AF0102761F02BFE801ECC8E2AF022CE7200051E80CCCD0B7
:2082F000E6940001AD146219761F02E9E2AF002C761F02BFE2AF012CE6940001AD146405C1
:20830000761F02D64E236D09E801FD88E80CCCD0E6940001AD146408E590761F02A4E203CE
:208310000030E203002A761F01BF48016D1E4A096C2D761F02A5E801FB30E2AF011EE80B06
:208320003330E70000407700E203001E761F02A4E801FB30E2AF0130E80B3330E7000040AB
:208330007700E20300306F12E590761F02A5E203001EE2030018761F02A4E203000CE2035E
:208340000006E2030030E203002A761F02A4E2AF002A764080DCFE820006E590761F02A6B3
:20835000E203001EE2030018761F02A4E203001EE2030018761F02A5E2030030E203002A72
:20836000E203000CE2030006761F02A91801FF7F0006FE02761F02A9E203000A761F02A5D9
:20837000E2AF000E761F02A9E2AF010AE6940001AD146205E2AF000AE8200000E203000A3D
:20838000E2C401047700E70000087700E68E0000761F01A6E2130009FE820006FE02761F8C
:2083900002A94B01FFED01FF761F02BFE2AF002C761F02A4E2AF0114E72000087700E2038B
:2083A0000016E2AF011AE7000009E2AF031EE71000C87700E2030018E2AF0016E2AF011CD1
:2083B000E7000009E2AF021EE71000887700E203001EE2AF0020E2AF0118E6940001AD147C
:2083C0006205E2AF0022E6960008E2030018E2AF011EE2AF0020E6940001AD146205E2AF6D
:2083D0000022E6960008E203001E761F02BFE2AF0120761F02A5E2AF0026E7200008770063
:2083E000E2030028E2AF012CE7000009E2AF0330E71000C87700E203002AE2AF0028E2AF6F
:2083F000012EE7000009E2AF0230E71000887700E2030030E2AF0032E2AF012AE694000186
:20840000AD146205E2AF0034E6960008E203002AE2AF0130E2AF0032E6940001AD146205B4
:20841000E2AF0034E6960008E2030030761F02A6E2AF0114761F02BDE2AF0016E720000801
:20842000761F02A6E2030016E2AF011CE7000009E2AF031EE71000C87700E203001EE2AFEA
:208430000020E2AF011EE6940001AD146205E2AF0022E6960008E203001EE2AF011AE2AF42
:208440000016E7000008E2AF031EE71000C07700E2030018E2AF0118E2AF0020E694000164
:20845000AD146205E2AF0022E6960008E2030018761F02A49A01E2AF0018E5A0AD1464186F
:20846000761F02A6E2AF0018E5A0AD146305761F02E949106D0D761F02A6E2AF002AE5A098
:20847000AD146305761F02E94A106D029A00761F02A99001CD01FF7FFF86CAA89601761FA0
:2084800002A4E2AF0018761F02A5E2AF012A761F02A6E7100040E2AF0318E71000C0E2AF2D
:20849000022AE7100080E801FD51E80D4C99E6940008AD146506E801FD50E80D4C986F03E9
:2084A000E8200000761F02D6460C6D1E761F02A7921552046014761F02A392355201600FF8
:2084B000E590761F02A5E2030030E203002AE801E840E80B2CA8E20300026F28761F02A545
:2084C000E20300026F23E590761F02A5E2030030E203002A761F02A90628761F02A51E0284
:2084D000E2AF0102E801FD50E80D4C98E6940001AD146506E801FD50E80D4C986F05E2AF2E
:2084E0000002E8200000E2030002761F02BFE2AF0024761F02A5E2AF0102E720000877002A
:2084F000E2030004E2AF0108E7000009E2AF030CE71000C87700E2030006E2AF0004E2AF12
:20850000010AE7000009E2AF020CE71000887700E203000CE2AF000EE2AF0106E694000128
:20851000AD146205E2AF0006E8200000E2030006E2AF010CE2AF000EE6940001AD146205B9
:20852000E2AF0010E6960008E203000C761F02A4E2AF0114E801ECC8761F02BFE2AF022C92
:20853000E7200051E80CCCD0E6940001AD146219761F02E9E2AF002C761F02BFE2AF012C3B
:20854000E6940001AD146405761F02D64E236D09E801FD88E80CCCD0E6940001AD1464087C
:20855000E590761F02A5E203000CE2030006761F01BF48016D1C4A096C2D761F02A5E80146
:20856000FB30E2AF0130E80B3330E70000407700E2030030E801FB30E2AF010CE80B3330FD
:20857000E70000407700E203000C6F14E590761F02A5E2030030E203002A761F02A4E203E4
:20858000001EE2030018761F02A5E203000CE2030006761F02A5E2AF000676408369FFEF45
:2085900000B2761F02A40626761F02A51E02761F02BFE2AF0024761F02A5E2AF0102E72074
:2085A00000087700E2030004E2AF0108E7000009E2AF030CE71000C87700E2030006E2AF77
:2085B0000004E2AF010AE7000009E2AF020CE71000887700E203000CE2AF000EE2AF01065E
:2085C000E6940001AD146205E2AF0010E6960008E2030006E2AF010CE2AF000EE694000130
:2085D000AD146205E2AF0010E6960008E203000C761F02A4E2AF0114E801ECC8761F02BF79
:2085E000E2AF022CE7200051E80CCCD0E6940001AD146219761F02E9E2AF002C761F02BF8A
:2085F000E2AF012CE6940001AD146405761F02D64E236D09E801FD88E80CCCD0E69400013B
:20860000AD146408E590761F02A5E203000CE2030006761F01BF48016D1C4A096C2D761FF8
:2086100002A5E801FB30E2AF0130E80B3330E70000407700E2030030E801FB30E2AF010C12
:20862000E80B3330E70000407700E203000C6F14E590761F02A5E2030030E203002A761F68
:2086300002A4E203001EE2030018761F02A5E203000CE2030006761F02A5E2AF00067640E3
:208640008369FE820006761F02A99200900752046171CC000018FFC25201605B49016D3479
:208650004E016C0E761F02A2920260030A026F117622761F01A11A170004761A6F0A7622E0
:20866000761F01A11A180004761A761F02A22B02761F02A94F016C0E761F02A2920360035C
:208670000A036F487622761F01A61A170004761A6F417622761F01A61A180004761A761FAE
:2086800002A22B036F374B016C14761F02A2920460030A046F2F7622761F01A11A170004B4
:20869000761A7622761F01A61A170004761A6F227622761F01A11A180004761A7622761F4E
:2086A00001A61A180004761A761F02A22B046F127622761F01A11A180004761A7622761FA2
:2086B00001A61A180004761A761F02A22B022B032B04FF690006761F002C9201761F02BF62
:2086C0009608761F002C9202761F02BF9606761F002C9203761F02BF9607761F002C920415
:2086D000761F02BC9E1F761F02BF9603761F002C9205761F02BC9E1E761F02BF9602761FA1
:2086E000002C9206761F02BF9600761F002C9207761F02BE9605761F002C9208761F02BFCF
:2086F0009601761F002C9209761F02BE9600761F002C920A761F02BE9602761F002C920BE4
:20870000761F02BE9601761F002C920C761F02BC9E20761F02BF08A9F8009604761F002CA3
:20871000920D761F02BE9603761F002C920E761F02BC9E21761F02BF08A9F8009605761F1A
:20872000002C920F761F02BE96040006761F02BFE2C80006E2AF0118E70000087700E2037C
:20873000002C761F02BDE2AF012CE7000008E2AF012EE7100040761F02BFE203002CE2C8F4
:208740000000E2AF010AE70000087700E203001E761F02BDE2AF0118E7000008E2AF011A7B
:20875000E7100040761F02BFE203001EE2C80001E2AF010CE70000087700E2030020761F30
:2087600002BDE2AF0120E7000008E2AF0122E7100040761F02BFE2030020E2C80002E2AF16
:20877000010EE70000087700E2030022761F02BDE2AF011CE7000008E2AF011EE710004095
:20878000761F02BFE2030022E2C80003E2AF0110E70000087700E2030024761F02BDE2AFD9
:208790000124E7000008E2AF0126E7100040761F02BFE2030024E2C80004E2AF0112E7002E
:2087A00000087700E2030026E2C80005E2AF0114E70000087700E2030028E2C80007E2AF25
:2087B000011AE70000087700E203002EE2C80008E2AF011CE70000087700E2030030761FA5
:2087C00002C1E2AF0014761F02BFE2AF011EE7100040761F02C1E2030014E2AF0016761F67
:2087D00002BFE2AF0120E7100040761F02C1E2030016E2AF0018761F02BFE2AF0122E710E2
:2087E0000040761F02C1E2030018E2AF001A761F02BFE2AF0124E7100040761F02C1E203B9
:2087F000001AE2AF001C761F02BFE2AF0126E7100040761F02C1E203001CE2AF001E761FC0
:2088000002BFE2AF0128E7100040761F02C1E203001E761F02BFE2AF0122E2AF001E761FFD
:2088100002C1E7000009E2AF0020E71000407700E2030020761F02BFE2AF0020E2AF012474
:20882000761F02C1E7000009E2AF0022E71000407700E2030022E2AF0026761F02BFE2AFEA
:20883000012CE7100040761F02C1E2030026E2AF0028761F02BFE2AF012EE7100040761FC6
:2088400002C1E2030028E2AF002A761F02BFE2AF0130E7100040761F02C1E203002A761F42
:2088500002C20A36761F02C19212761F02C254366641761F02C106141E2C06161E2E06183C
:208860001E30061A1E32061C1E34061E1E3606201E3806221E3A06261E3E0628761F02C243
:208870001E00761F02C1062A761F02C21E02E590761F02C1E2030014E2030016E20300180B
:20888000E203001AE203001CE203001EE2030020E2030022E2030026E2030028E203002AA2
:20889000761F02C2923696372B36761F02BC1A0100400006764086BB761F02BC41016C03CA
:2088A000764087260006767EDAAE761F01BF1A0200107640889A767E890E764088EB761F31
:2088B00002CC0A3A923A520368022B3A923A610B520161065202600B767E9D5F6F08767E9A
:2088C000A9C96F05767ED5DD767EC521761F02DB0A2C761F01BF1A040010767EDA920006A1
:2088D0007622761F002A1A000001CC06F0FF1AA903009606CC06FFF050039606CC07FFE091
:2088E000500596071A0401FF1A0501FF761AF6077700FF690006767EBC06767EBC3F767E3E
:2088F000BC83767EBCBC761F02AA063C6109761F01BF1A0B0080761F02E91A1000800006A6
:208900003B109A028F00B0BCFF69764089362910FF690006190156C3FFFF00067640800084
:208910007640805B761F02A9CC000018FFC2520160204E016D0B764080BEE590761F02A691
:20892000E2030030E203002A6F0376408101761F02A94F016D0B7640834DE590761F02A629
:20893000E2030030E203002A6F0F7640838E6F0C764080BE7640834DE590761F02A6E20332
:208940000030E203002A764086430006FE02761F02E9061C761F02A91E34E801FD70E2AF38
:208950000134E80B3330E6940001AD146506E801FD70E80B33306F07E801FB30E80B333049
:20896000E6960008E2030034CC000018FFC252016030E2AF0134E2AF0232E801D518E7206A
:208970000051E80EB850E6950009E6940001AD14651DE2AF0034E2AF0132E6940001AD1491
:20898000640BE801D118E80EB850E72000087700E20300326F14E801D118E80EB850E710B1
:2089900000407700E20300326F0A06341E326F07761F02BF062C761F02A91E320632761F9B
:2089A00002A41E021E14FE820006E20304BDFE02761F02A9CC000018FFC25201FFE00096E6
:2089B000CD011000CC010400FFDBFFC9CAA8617546016D73761F02A792015204600B761FC0
:2089C00002A3922B52036006E801F800E801FC016F09E801F260E80E6668E801F661E80E06
:2089D0006669761F02A9E801D91AE2AF031EE2AF0422E80EB852E72000E3E7000051E69596
:2089E000001BE694000BAD14642F761F02A7920152046006761F02A3922B52026125761F90
:2089F00002A9E2AF011EE2AF0222E694000AAD14640EE801D919E80EB851E7000008770060
:208A0000E72000207700E20300226F12E801D919E80EB851E70000097700E7100108770078
:208A1000E20300226F05761F02A9061E1E22761F02E9E2AF002E761F02A9E2AF0122E6947A
:208A20000001AD146207E801F330E80B3330E6960008E20300226F1FCD011000CC010400E1
:208A3000FFDBFFC9CAA8601749016C06761F02A3E2AF00146F05761F02C2E2AF0004761F09
:208A400002A9E20300226F07761F02C20604761F02A91E220622761F02A51E14761F02A935
:208A5000CC000018FFC25201FFE000814D016C7547016D73761F02A792155204600B761F1C
:208A600002A3923552036006E801F800E801FC016F09E801F260E80E6668E801F661E80E5B
:208A70006669761F02A9E801D91AE2AF0320E2AF0424E80EB852E72000E3E7000051E695F1
:208A8000001BE694000BAD14642F761F02A7921552046006761F02A3923552026125761FD1
:208A900002A9E2AF0120E2AF0224E694000AAD14640EE801D919E80EB851E70000087700BB
:208AA000E72000207700E20300246F12E801D919E80EB851E70000097700E71001087700D6
:208AB000E20300246F05761F02A906201E24761F02E9E2AF002E761F02A9E2AF0124E694D2
:208AC0000001AD146207E801F330E80B3330E6960008E20300246F104D016D0E761F02C2DB
:208AD0000606761F02A91E246F07761F02C20606761F02A91E240624761F02A51E26FE8271
:208AE000E2AF04BE0006FE02761F02E90636761F02AA1E0E761F02E90638761F02AA1E10C7
:208AF000761F02A9CC000018FFC2520160504E016C4E761F02AAE2AF010EE801D418761F2A
:208B000002A6E2AF0202E7200051E8089378E6950009E6940001AD14652F761F02AAE2AF9F
:208B1000000E761F02A6E2AF0102E6940001AD146505761F02D6460C6C1FE6940001AD143A
:208B2000640CE801D018E8089378E7200008761F02A6E20300026F0BE801D018E808937880
:208B3000E7100040761F02A6E2030002761F02E91810FEFF6F16761F02AA060E761F02A60E
:208B40001E02761F02E91A1001006F0B761F02BD060E761F02A61E02761F02E91810FEFF66
:208B5000761F02D6460C6C2C761F02BFE2AF001EE5A0AD146125761F02A6E2AF0002761F78
:208B600002BFE2AF011E767EDB41761F02A9E2030026E801FD50E2AF0126E80D4C98E694E8
:208B70000001AD146506E801FD50E80D4C986F05E2AF0026E8200000E20300266F06E59081
:208B8000761F02A9E2030026CC000018FFC2520160504F016C4E761F02AAE2AF0110E8010C
:208B9000D418761F02A6E2AF0214E7200051E8089378E6950009E6940001AD14652F761FB9
:208BA00002AAE2AF0010761F02A6E2AF0114E6940001AD146505761F02D6460C6C1FE6941B
:208BB0000001AD14640CE801D018E8089378E7200008761F02A6E20300146F0BE801D01817
:208BC000E8089378E7100040761F02A6E2030014761F02E91810FDFF6F16761F02AA0610AD
:208BD000761F02A61E14761F02E91A1002006F0B761F02BD0612761F02A61E14761F02E995
:208BE0001810FDFF761F02D6460C6C2C761F02BFE2AF0020E5A0AD146125761F02A6E2AF59
:208BF0000014761F02BFE2AF0120767EDB41761F02A9E2030028E801FD50E2AF0128E80D07
:208C00004C98E6940001AD146506E801FD50E80D4C986F05E2AF0028E8200000E203002878
:208C10006F06E590761F02A9E2030028CC000018FFC25201604C4E016C4A4F016C48761FCB
:208C200002E9E2AF0134E801D418761F02A6E2AF0226E7200051E8089378E6950009E69467
:208C30000001AD146529761F02E9E2AF0034761F02A6E2AF0126E6940001AD14621DE69465
:208C40000001AD14640BE801D018E8089378E72000087700E20300266F0AE801D018E8084C
:208C50009378E71000407700E2030026761F02E91810FBFF6F1C761F02E90634761F02A61C
:208C60001E26761F02E91A1004006F11761F02BDE2AF000EE2AF0112E7100040761F02A677
:208C7000E2030026761F02E91810FBFF761F01BF9201FE820006761F02C20604761F02A32C
:208C80001E10761F02C20606761F02A31E12761F02C2E2AF0004E2AF0106E71000407700A3
:208C9000E84FC000761F02A3E2030014761F02A949016D09761F02A3E2AF0112E2AF00101B
:208CA000E6960008761F02A3E20300160006767E8946767E89A5767E8AE3767E8C7B0006AE
:208CB000FE02761F02A2920090036020761F02E9E2AF0030761F02C2E8900000E2AF011C06
:208CC000E6940001AD14640D761F02A2920952FA6806CC00FFFC500196006F060A096F04B0
:208CD000761F02A22B092B0A6F1B761F02E9E2AF0030761F02C2E2AF011CE6940001AD14D4
:208CE000630B761F02A2920A523268041800FFFC6F060A0A6F04761F02A22B0A2B099200FE
:208CF000900C6020761F02E9E2AF0032761F02C2E8900000E2AF011EE6940001AD14640DD7
:208D0000761F02A2920B52FA6806CC00FFF3500496006F060A0B6F04761F02A22B0B2B0C78
:208D10006F1B761F02E9E2AF0032761F02C2E2AF011EE6940001AD14630B761F02A2920CEC
:208D2000523268041800FFF36F060A0C6F04761F02A22B0C2B0B761F02A949016D15761FF4
:208D300002A29A019300910353016107CD00000CFFD1530161029A009001CD00FFBFFF8567
:208D4000CAA896006F15761F02A29A019300910353016007CD00000CFFD1530160029A00D8
:208D5000F001CD00FFBF9001FF85CAA8960093009A009103530161029A01761F02AA900185
:208D6000CD3AFFFECAA8963A761F02A29A00CD00000CFFD1530161029A01761F02AA90010D
:208D7000CD3AFFFDFF80CAA8963AFE8200060006761F02A7920052016106761F02A3922914
:208D800052016077761F02A79200520161089B069A0CE801F090E80A48D86F079B159A2873
:208D9000E801EA60E80E6668761F02A20A0555056768761F02A94A016D1C761F02A2E2AF7D
:208DA0000126761F02BDE2AF020EE7100089761F02A2E2030126E2AF012E761F02C2E2AF28
:208DB0000204E7100089761F02A2E203012E6F1E761F02BDE2AF010EE2AF0212761F02A271
:208DC000E7100052E2AF0326E71000D17700E2030126E2AF012E761F02A3E2AF0214E710AD
:208DD0000089761F02A2E203012E5405672AE2AF0126E7000041761F02A3E2030118761F16
:208DE00002A2E2AF012EE7000040761F02A3E2030020761F02A72B00761F02A32B29761F1D
:208DF00002A2E590E2030026E203002E2B056F09E590761F02A2E2030026E203002E2B0588
:208E0000761F02A7921452016106761F02A3923352016053761F02A79214520161089B066E
:208E10009A0CE801F090E80A48D86F079B159A28E801EA60E80E6668761F02A20A0655069E
:208E20006744E2AF0128761F02BDE2AF0212E7100089761F02A2E2030128E2AF0130761FB6
:208E300002C2E2AF0206E7100089761F02A2E20301305406672AE2AF0128E7000041761F94
:208E400002A3E203011A761F02A2E2AF0130E7000040761F02A3E2030022761F02A72B148D
:208E5000761F02A32B33761F02A2E590E2030028E20300302B066F09E590761F02A2E2035E
:208E60000028E20300302B060006E20304BDE20305BDE20306BDFE02761F02A9CC00070076
:208E7000FFC75204620F5204FFE101975200FFE1028D5201FFE102735202FFE10210FFEFEA
:208E800001EF5205FFE1016A5206FFE10107761F02E7CC2C0700FFC75202FFE000FACC2C98
:208E90003800FFCA5202FFE000F4761F02A9E2AF003A761F02AAE2AF0104761F02A9E32075
:208EA000413A767EDB41761F02A3E203000A761F02AAE2AF0106761F02A9E2AF003CE32015
:208EB000413C767EDB41761F02A3E203000C761F02AAE2AF0108761F02A9E2AF003EE320FD
:208EC000413E767EDB41761F02A3E203000E761F02A9E2AF063CE2AF013AE2AF003EE32025
:208ED000423AE7200191E68C00007700E68C000DBFA60F1292A6BFA60F263B0185A9FF56EE
:208EE00093A688A985A8FF5693A992A654A8654E761F02A3E8023140E8023142E2AF010ED1
:208EF000E2AF030AE2AF040EE80E0000E8510589E327260AE80E0002E85105A4E7000183E5
:208F0000E7000110E7200059767EDB41761F02AAE203000C761F02A3E8023140E8023141C6
:208F1000E2AF030EE2AF020E761F02AAE851059DE80E0000E80E0001E8510592E2AF030C85
:208F2000E2AF040CE89105A4E304D60CE7000175E7000103E7000148E7200099767EDB417D
:208F3000761F02AAE203000A6F4B761F02A3E2AF030CE80230F8E2AF040AE8023141E2AFBF
:208F4000020AE2AF050CE851059BE85105A4E80B0000E3256E0CE80E0001E85105ADE7006A
:208F50000182E72000E3E7000148E7200099767EDB41761F02AAE203000AE8023140E8023F
:208F60005629E2AF020A761F02A3E80E0000E80E0801E8910593E2AF040C761F02AAE307C9
:208F70001E0AE85105B2E3061D0AE7000148E7200099767EDB41761F02AAE203000C761F12
:208F800002A256BF0113761F02A91800F8FF761F02A22B14FFEF019D761F02A29215521966
:208F9000683CE2C40115761F02A3E2AF0002767EDB41761F02A9E203003E761F02A2E2C442
:208FA0000115761F02A3E2AF0008767EDB41761F02AAE2030008E590761F02A3E2030002F4
:208FB000E2030008761F02A22B15761F01BF1A0400041A0D0100761F02E7CC2CF8FF1AA96C
:208FC0000100962CCC2CC7FF1AA90800962C761F02A91A0007006F1C0A15761F02A3E2AFAD
:208FD0000002761F02C2E2AF0130E7100040761F02A3E2030002E2AF0008761F02C2E2AF89
:208FE000012EE7100040761F02A3E2030008761F02A22B14FFEF013D761F02E7CC2C0700C3
:208FF000FFC75202FFE00135CC2C3800FFCA5204FFE0012F761F02A20A1492145264FFE83A
:2090000001282B14761F02A9CC00F8FF1AA906009600FFEF011E761F02A292155219683F87
:20901000E2C40115761F02A3E2AF0000767EDB41761F02A9E203003C761F02A2E2C4011553
:20902000761F02A3E2AF0006767EDB41761F02AAE2030006E590761F02A3E2030000E203AA
:209030000006761F02A22B15761F01BF1A0400041A0B0100761F02E7CC2CF8FF1AA90100D3
:20904000962CCC2CC7FF1AA91800962C761F02A9CC00F8FF1AA9050096006F1C0A15761F53
:2090500002A3E2AF0000761F02C2E2AF0130E7100040761F02A3E2030000E2AF0006761F2D
:2090600002C2E2AF012EE7100040761F02A3E2030006761F02A22B14FFEF00BB761F02E771
:20907000CC2C0700FFC75204FFE000B3CC2C3800FFCA5202FFE000AD761F02A20A1492145D
:209080005264FFE800A62B14761F02A9CC00F8FF1AA904009600FFEF009C761F02A2921584
:209090005219683DE2C40115E2AF003E767EDB41761F02A9E203003A761F02A2E2C40115C1
:2090A000761F02A3E2AF0004767EDB41761F02AAE2030004761F02A22B15E590E203003E96
:2090B000761F02A3E2030004761F01BF1A0200041A0D0100761F02E7CC2CF8FF1AA90300AD
:2090C000962CCC2CC7FF1AA90800962C761F02A9CC00F8FF1AA9030096006F1C0A15E2AFE9
:2090D000003E761F02C2E2AF0130E7100040761F02A2E203003E761F02A3E2AF0004761F30
:2090E00002C2E2AF012EE7100040761F02A3E2030004761F02A22B146F3B761F02E7CC2CFA
:2090F0000700FFC75202600DCC2C3800FFCA52026008761F02A9CC00F8FF1AA902009600BF
:20910000761F02A22B146F24761F02A22B13761F01BF1A0400041A0D0100761F02E7CC2CB8
:20911000F8FF1AA90100962CCC2CC7FF1AA90800962C761F02A9CC00F8FF1AA9010096001A
:20912000E590761F02AAE203000AE203000C761F02A292135201602F761F02E9E2C4003A79
:20913000761F02AAE2AF010AE6940001AD146418761F02E9E2C4003A761F02AAE2AF010C4B
:20914000E6940001AD14640C761F02A9CC00FF9F50409600761F02AA183CFEFF6F09761FF4
:2091500002A91A000060761F02AA1A3C0100761F02A22B13FE82E2AF06BEE2AF05BEE2AF11
:2091600004BE0006761F01BF1A0400041A0D0100E590761F02A9E203003AE203003CE203AE
:20917000003E761F02AAE2030000E2030002E2030004E2030006E20300080006761F02A98D
:20918000920090075201602792009060611ECC000060FFC45201601F920090075202610A22
:20919000761F02D64C236D064A236C04767E8E656F12761F02A9CC00FF9F50409600180043
:2091A000F8FF767E91626F07CC00FF9F50209600767E91620006761F02E9921252556019BA
:2091B00044106D06761F01BF1A0400046F05761F01BF1A020004761F02E945106D06761F9B
:2091C00001BF1A0D01006F05761F01BF1A0B01000006FE02761F02A940016D1C761F02C24F
:2091D000E801FD18E2AF0104E8099998E6940001AD14650B761F02A90A0D920D5264690800
:2091E0001A0100012B0D6F04761F02A92B0D2B0F6F1940016C17761F02C2E2AF0004E811C3
:2091F000FC00AD14630B761F02A90A0F1B0F01F469081801FFFE2B0F6F04761F02A92B0F0E
:209200002B0DFE820006FE02761F02A941016D24761F02C2E801FD18E2AF0106E80999986C
:20921000E6940001AD14650F761F02A90A0E920E526469101A01000218017FFF1801DFFFBC
:209220002B0E6F08761F02A91A0180001A0120002B0E2B106F1D41016C1B761F02C2E2AFB5
:209230000006E811FC00AD14630F761F02A90A101B1001F4690C1801FFFD1A0180001A0136
:2092400020002B106F04761F02A92B102B0EFE820006761F02A9CC000018FFC25201606608
:20925000761F02A29200900352016005920F6003767E91C9761F02A2CC00000CFFC1520172
:20926000600592106003767E9203761F02A99301CC0100029101FFC0CAA89001CD01FFEF48
:20927000FF83CAA8960149016D2D40016D0E761F02A29200900352016008761F02A91A013F
:2092800040001A0110006F07761F02A91801BFFF1801EFFF41016D0F761F02A2CC00000C00
:20929000FFC152016008761F02A91A0180001A0120006F2E761F02A918017FFF1801DFFFC2
:2092A0006F2744016D0C761F02A246006C08761F02A91A0108001A0104006F1A761F02A91C
:2092B0001801F7FF1801FBFF6F131801FFFE1801FFFD1801FFEF1801BFFF1801EFFF1801D1
:2092C0007FFF1801DFFF1801F7FF1801FBFF42016C0740016D05761F02A256BF010F761F9B
:2092D00002A2920F5201600893110A111BA8177069042B0F6F022B11761F02A943016C072A
:2092E00041016D05761F02A256BF0110761F02A292105201600893120A121BA8177069044D
:2092F0002B106F022B12761F02A99201CD01FFFB9001FF81CAA89601FFC0CD01FFF79001AC
:20930000FF82CAA896010006767E8CB0767E8D78767E917E767E91AB767E92490006000686
:20931000FE02761F02D6430C6D172BC592CC5204602792DD5202600AD008E2AF0095E5A022
:20932000AD14610456BF01D56F1BE590E20300F52BDD2BCC6F1592CC520461120AC51BC5EA
:209330000708680E2BC5E590E20300E5E20300F5D008E20300952BD52BDD56BF04CCFE82D0
:209340000006B2BDFE02C44892CCFFE1021C92CC5202FFE101CF92CC5203FFE101A292CC3A
:209350005201FFE1009B92CC5204FFE0009392DDFFE1008A92DD5201615E92DD5202610982
:2093600092DD5203FFE002052BCC2BDDFFEF0201761F02A9E2AF00F5E2AF011AE694000166
:20937000AD146506061A1EF5D00806C61E95E801F260E2AF01F5E80E6668E6940001AD1465
:209380006306E801E3A8E80E14786F05E801E118E80EB850E2AF01C6E72000087700E20357
:2093900000C6761F02A2E2AF003C761F02A9E2AF0108E6940001AD14630DE801F330E2AFCE
:2093A00001C6E80B3330E6940001AD14650392D5610E92D561052BD5E590E20300F5D00822
:2093B00006951EC656BF03DDFFEF01B356BF01CDFFEF01AF761F02A9E2AF001CE811FA0026
:2093C000AD146306E801FA60E80E66686F05E801F998E8099998761F02A2E203003CE80109
:2093D000E3A8761F02A9E2AF011CE80E1478E72000087700E20300C656BF01CD56BF02DD7A
:2093E000FFEF018756BF01CD56BF01DDFFEF01812BCC2BDDFFEF017D761F02A9D00E061A08
:2093F0001E9492D4FFE00083D00AD10CE2AF0094D00AE2AF039CE2AF0194D00EE31202946E
:20940000E71000997700E6940001AD146238D00ED10AE2AF0094D00CE2AF039CE2AF01945F
:20941000D00AE3120294E7100099D010E7200009E2AF0394E6940019AD14651ED00CD10E9D
:20942000E801EE60E2AF0194E2AF029CE7200051E80E6668E6950009E6940001AD14630C55
:20943000D012E2AF01C6E2AF0094E72000087700E20300C66F7856BF01D46F75D00AD10C20
:20944000E2AF0094D00AE2AF039CE2AF0194D00EE3120294E7100099D010E7200009E2AF3D
:209450000394E6940019AD14651ED00CD10EE801EE60E2AF0194E2AF029CE7200051E80EF9
:209460006668E6950009E6940001AD14630CD012E2AF00C6E2AF0194E71000407700E203FD
:2094700000C66F4156BF01D46F3ED010761F02A2E2AF0094E2AF0138E2AF023AE85028009A
:20948000E72000517700E6940001AD146221D010E2AF013AE2AF0238E2AF0094E850280042
:20949000E72000517700E6940001AD146206761F02A9061C1EC66F16D012E2AF01C6E2AFB3
:2094A0000094E72000087700E20300C66F0BD012E2AF00C6E2AF0194E71000407700E2037B
:2094B00000C62BD4761F02A9E2AF02C6E801EA60E2AF011CE7200051E80E6660E6950009C5
:2094C000E6940001AD14630CD00CE2AF0094E5A0AD14650656BF01C456BF02CC6F022BCC0A
:2094D000761F02E9E2AF01C6E2AF002EE6940001AD146209E801F330E2AF01C6E80B333084
:2094E000E6960008E20300C6D00AE590E2030094D00CE2030094D00EE20300946F79761F4C
:2094F00002A9D00A061A1E9492D46010061A761F02A21E38D012E2AF00C6E2AF0194E7102A
:2095000000407700E20300C66F0F061A761F02A21E3AD012E2AF01C6E2AF0094E72000084C
:209510007700E20300C656BF01C456BF01CC6F50761F02A9D00C061A1E94E801F260D00C99
:20952000E2AF0194E80E6668E6940001AD146410E801D688D010E80DB8B8E2030094D012AA
:20953000E801DD18E80EB850E20300946F0FE801D288D010E80DB8B8E2030094D012E8017C
:20954000E118E80EB850E203009492D4600CD012E2AF01C6E2AF0094E72000087700E203FF
:2095500000C66F0BD012E2AF00C6E2AF0194E71000407700E20300C656BF01C456BF03CC45
:209560006F07E20300C656BF01C456BF02CCFE828BBE0006FE02761F02A792015204600AAD
:20957000761F02A3922B520360039A286F049A036F029A0A761F02A793155304600A761F09
:2095800002A3933553036003B6286F04B6036F02B60A761F02A20A0D540D66492B0D761F3D
:2095900002A946016D3DCD011000CC010400FFDBFFC9CAA8600E761F02A72B01761F02A34A
:2095A0002B2B761F02C20604761F02A91E1E6F2F761F02A30618761F02A91E1A761F02A3CE
:2095B0000620761F02A91E1C8F00AA5EA8428F40A8E88F00A9C0767E9310761F02C2E8014A
:2095C000E1188F00AA5EE2AF0104E80EB850A842E72000088F00A9C0767E93416F08761FA2
:2095D00002A72B01761F02A32B2B2B28761F02A292A70A0E540E66432B0E761F02A947016D
:2095E0006D374D016D0E761F02A72B15761F02A32B35761F02C20606761F02A91E206F2F65
:2095F000761F02A3061A761F02A91E1A761F02A30622761F02A91E1C8F00AA60A8428F405B
:20960000A8F28F00A9D4767E9310761F02C2E801E1188F00AA60E2AF0106E80EB850A842B9
:20961000E72000088F00A9D4767E93416F08761F02A72B15761F02A32B352B32FE820006E5
:20962000761F02A9CD01FDFF761F02D6CC230100FFC7761F02A9FF88CAA896010006767E33
:20963000956A767E962000060200761F02A91E007622761F01A11A180004761A7622761F49
:2096400001A61A180004761A761F02A92B052B06E590E2030008E203000A280405DCE801B5
:20965000F4C8761F02A6E80CCCD0E203002CE801C688E80DB8B8E203002EE590E203003225
:20966000E805FD50E80D4C98E2030034E590E2030030E203002AE801F4C8E80CCCD0E2030B
:209670000008E801C688E80DB8B8E203000AE590E203000EE805FD50E80D4C98E2030010D7
:20968000E590E203000CE2030006E8020700761F02A4E2030008E801CA88E80DB8B8E203DB
:20969000000AE590E203000EE805FD50E80D4C98E2030010E590E203000CE2030006E80106
:2096A000FA60761F02A5E80E6668E203001AE801D418E8089378E203001CE801FD50E80D55
:2096B0004C98E2030020E590E2030022E203001EE2030018E801ED18761F02A4E80EB8500E
:2096C000E203002CE801D620E80CDD30E203002EE801FAC8E80CCCD0E2030032E805FAC885
:2096D000E80CCCD0E2030034E590E2030030E203002A761F02A606081E1A060A1E1C060E57
:2096E0001E2006101E22E203001EE2030018761F02A406081E1A060A1E1C060E1E200610A3
:2096F0001E22E203001EE2030018761F02A5061A1E2C061C1E2E06201E3206221E34E20331
:209700000030E203002A761F02A4062C761F02A51E08761F02A4062E761F02A51E0A761FD3
:2097100002A40632761F02A51E0E761F02A40634761F02A51E10E203000CE2030006761FA3
:2097200002A91801FFFE1801FFFD1801FFEFFF6900060006000600069A0000069A63000629
:209730009A6200069A6100069A6000069A5F00069A5E00069A5D00069A5C00069A5B000625
:209740009A5A0006761F02BF920700069A5900069A5800069A5700069A5600069A55000647
:209750009A5400069A5300069A5200069A5100069A500006761F02BF92010006761F02A613
:20976000E8022DD8E2AF012AE80C0000E70000407700E68C000077007700BFA90F120006BD
:20977000761F02A6E8022DD8E2AF0106E80C0000E70000407700E68C000077007700BFA9BB
:209780000F120006761F02A6E8022DD8E2AF0102E80C0000E70000407700E68C0000770067
:209790007700BFA90F1200069A4C0006761F01A692090006761F02A5E2AF0006E8505C0083
:2097A0007700E850B2007700E68C000077007700BFA90F120006761F02A5E2AF000CE850D1
:2097B0005C007700E850B2007700E68C000077007700BFA90F120006761F02A5E2AF0004A5
:2097C000E8505C007700E850B2007700E68C000077007700BFA90F120006761F02A5E2AF61
:2097D0000002E8505C007700E850B2007700E68C000077007700BFA90F120006761F02A5E0
:2097E000E2AF002AE8505C007700E850B2007700E68C000077007700BFA90F120006761FBE
:2097F00002BF92000006761F02A5E2AF0030E8505C007700E850B2007700E68C00007700AE
:209800007700BFA90F120006761F02A5E2AF0028E850F2007700E85048007700E68C000043
:2098100077007700BFA90F120006761F02A5E2AF0026E850F2007700E85048007700E68CBE
:20982000000077007700BFA90F120006761F02A4E2AF0018E8505C007700E850B20077005B
:20983000E68C000077007700BFA90F120006761F02A4E2AF001EE8505C007700E850B2004A
:209840007700E68C000077007700BFA90F120006761F02A4E2AF0016E850F2007700E850E7
:2098500048007700E68C000077007700BFA90F120006761F02A4E2AF0014E850F2007700C9
:20986000E85048007700E68C000077007700BFA90F120006761F01A1920A0006761F02A4EE
:20987000E2AF002AE8505C007700E850B2007700E68C000077007700BFA90F120006761F2D
:2098800002A4E2AF0030E8505C007700E850B2007700E68C000077007700BFA90F12000606
:209890009A060006761F02A4E2AF0028E8505C007700E850B2007700E68C00007700770052
:2098A000BFA90F120006761F02A4E2AF0026E8505C007700E850B2007700E68C00007700D2
:2098B0007700BFA90F120006761F02A5E2AF0018E8505C007700E850B2007700E68C0000CF
:2098C00077007700BFA90F120006761F02A5E2AF001EE8505C007700E850B2007700E68C42
:2098D000000077007700BFA90F120006761F02A5E2AF0016E850F2007700E8504800770080
:2098E000E68C000077007700BFA90F120006761F02A5E2AF0014E850F2007700E850480077
:2098F0007700E68C000077007700BFA90F120006761F02A4E2AF0006E8505C007700E850DD
:20990000B2007700E68C000077007700BFA90F120006761F02A4E2AF000CE8505C0077004C
:20991000E850B2007700E68C000077007700BFA90F120006761F02A4E2AF0004E850F200ED
:209920007700E85048007700E68C000077007700BFA90F120006761F02A4E2AF0002E850C4
:20993000F2007700E85048007700E68C000077007700BFA90F1200069A0000069A31000657
:209940009A300006761F02BFE2AF0028E8505C007700E850B2007700E68C0000770077005C
:20995000BFA90F120006761F02BFE2AF0026E8505C007700E850B2007700E68C0000770006
:209960007700BFA90F1200069A2D0006761F02BFE2AF0024E8505C007700E850B20077009D
:20997000E68C000077007700BFA90F120006761F02BFE2AF0022E8505C007700E850B200EA
:209980007700E68C000077007700BFA90F120006761F02BFE2AF002CE850F2007700E85075
:2099900048007700E68C000077007700BFA90F1200069A290006761F02BFE2AF002CE850F5
:2099A000F2007700E85048007700E68C000077007700BFA90F1200069A040006761F02BF5E
:2099B000E2AF002EE850F2007700E85048007700E68C000077007700BFA90F120006761FBC
:2099C00002BFE2AF0020E850F2007700E85048007700E68C000077007700BFA90F1200068E
:2099D000761F02BFE2AF001EE850F2007700E85048007700E68C000077007700BFA90F12F1
:2099E00000069A2400069A2300069A2200069A2100069A2000069A1F00069A1E00069A037D
:2099F00000069A1D0006761F02C2E2AF002EE85048007700E68C000077007700BFA90F129C
:209A00000006761F02C2E2AF0026E850B2007700E68C000077007700BFA90F120006761F4B
:209A100002C2E2AF0024E850B2007700E68C000077007700BFA90F120006761F02C2E2AF83
:209A20000022E850B2007700E68C000077007700BFA90F120006761F02C2E2AF0020E85072
:209A3000B2007700E68C000077007700BFA90F120006761F02C2E2AF001EE85048007700FF
:209A4000E68C000077007700BFA90F120006761F02C2E2AF001CE85048007700E68C0000A8
:209A500077007700BFA90F1200069A1500069A1400069A0200069A1300069A120006761F74
:209A600002BF92050006761F02BF920400069A000006761F02BF92030006761F02BF92021B
:209A700000069A0C00069A000006761F02BF920600069A010006761F02EE8802DEB09202BE
:209A80005234635F761F02D1922552016058921E960F761F028056BF0100761F02D1920FC9
:209A9000761F02809601761F02D1920F9C010EA983A99218520160322D0F33182DA612ABD9
:209AA0009C032FA9BE0092A6540F67233B0127A692AA8F00A000D00272ABA8A981AB1EA7A7
:209AB00092A672A0A8A981A08AA927C73FC480A692AA72A78F00A000A8A981A78AA9A0A917
:209AC000562100C407AC83A9DE0192A6540F68E09326530267052B186F0356BF0118580FE6
:209AD0008F00A000D8027D94080F000356BF012356BF01240B2660082B256F062B246F04AF
:209AE000761F02D12B240006AABDFE042BABD0006F088F00BB8092948F00A0009694D80101
:209AF000761F02D1920C9CFF54A066F456BF0122920C9CFF960F2B1856BF01242B25761FEF
:209B000002EE2D02350A94032DA9350A940408A9EB3080A92D06350A94072DA9350A9408F0
:209B100008A9EB3088A92D0A350A940B08A9FDF096442D0D350A940E08A9FDF096432D10DC
:209B2000350A941108A9FDF096422D13350A941408A9FDF096412D16350A941708A9FDF064
:209B30005AA95D19DDB02F1B2D1D350A941E2DA9350A941F2DA9350A94202DA9350A08A933
:209B4000F180942108A9EB302DA9D00093A0530467165CADDC845CA49394536467515CAD5E
:209B5000DC845CA49A009394530061029A0193AB95A927A8D80193A0530468EC93AB6140A2
:209B60005301690728A9063D0EA9F60F1FAB6F0328A9063D54A768341BA60180663193A559
:209B70005304662E93A25364672B1BAC80006728761F02D12B1F7F1E7E197E1AD00093A015
:209B80005304670C5CADDC845CA492948F00B8FC9694D80193A0530468F6761F02D17A1D3F
:209B90007D1B93AA532B60039A016F07532D600428A9FFFF6F029A01962121203F26FE8450
:209BA00086BE0006B2BDAABDA2BD761F02D19222520261049A00FFEF0096921B520161468C
:209BB000520261305203611A520461049A00FFEF008A29018F3EEF485603011D560100A473
:209BC000C5C43E67761F02D13B012D2185A933200FAB602E56BF011C6F2B29018F3EEF48A2
:209BD0005603011D560100A4C5C43E67761F02D13B012D2185A933200FAB651A56BF011CF7
:209BE0006F1729018F3EEF485603011D560100A4C5C43E67761F02D13B012D2185A933209E
:209BF0000FAB630656BF011C6F0356BF011C921C60039A006F47921A61089CFF961A610337
:209C00009A006F409219961AD200D10092A1520467268F00B8FC889C92A6611D92A261082D
:209C10002DA2761F02D1121E9C035BA96F02D30229018F3EEF48560301A6560100A4C5C432
:209C20003E67761F02D1581F93A373A08F00A0009694DA01D90192A1520468DC761F02D114
:209C30000A1F881F80A60E1E0FA7600B921E960F2B1F2B1B2B1C2B2256BF01259A016F0211
:209C40009A0082BE86BE8BBE0006761F02D192135203620D520361635200FFE100D4520154
:209C5000FFE100DB5202617AFFEF0101520461475205FFE000FC761F01C147146C28761F0F
:209C600002D1920F540E6923580E8F00A000929493235301611453026108761F01C1961984
:209C7000761F02D10A0E6F1390FF761F01C19619761F02D156BF01230A0E6F09FFA7761FD1
:209C800001C19619761F02D156BF0223761F02D1920F540EFFE600CB761F01C14614FFECFA
:209C900000C6761F02D12B232B0E2B1392225201FFE000BD56BF0222FFEF00B9761F01C1E7
:209CA0001A110002761F02D10A1192155411FFE700AE2B1156BF0513FFEF00A99214FFE0CF
:209CB00000A60E0A761F02EE88000FA66110761F02D1922452016106520060062B102B139A
:209CC0006F0356BF04132B0CFFEF0091761F02D12B0C56BF0413FFEF008A0E0A761F02EE50
:209CD00088000FA6612692005251601D761F02D1920C524069032B102B0C580C8F00BB805A
:209CE000D8819294520D610556BF01102B136F6E2B1056BF031356BF0114761F01C11811CF
:209CF000FFFE6F64761F02D12B0C2B102B136F5E761F02D1920C5206600E761F02EE9201BB
:209D000052106005560301059C096F029A08761F02D1960D920C524069032B102B0C880CB8
:209D10000E0D0FA6610556BF01102B136F3F2B1056BF031356BF0114761F01C11811FFFEDE
:209D20006F358F00AD0092E46131761F01C11A1100011811FFFD761F01C146156D17451503
:209D30006D0747156D05761F02D12B136F1F761F02D12B0C2B122B112B102B13761F01C1B5
:209D400056BF031156BF23116F11761F02D12B122B11580C8F00BB80761F01C1C6179694A4
:209D5000761F02D10A0C56BF02130006761F02D1922252026003767E9BA200060006761FA0
:209D600002D64B236D05767E9C45767E9D560006761F02D140176C031817FFFE0006000603
:209D7000761F02D64B236D03767E9D6800062BAC92AC520263343B01BE0092A6520363227D
:209D80008F3EF02E3106A8A907AB81A68AA992C45220611E8F3EF02E31068F40BB80A8A980
:209D900007AB81A68AA9A0A981A683A992C554C46006DE0192A6520364E46F04761F02D1A7
:209DA0002B2492AC9C0152022DA964D76F0835068F3EF032560100A4C5C43E6700065200F2
:209DB000610C718458A893A58F7EEC4871958F7EED485D959CFF60F6560308A8CAA500060F
:209DC000B2BD27A888A9761F02EE930153066003B6046F02B60759A66F1258A79B0195A007
:209DD00080A88F00BB805603089458A79B0195A0949480A88F00B6CA969CD90193AB95A6D8
:209DE00055A166EC761F02DB8F00AD00920A96E4B60058A79A01761F02EE94A080A98F0096
:209DF000A0009300979458A79A0194A080A99301979458A79A0194A080A99302979458A789
:209E00009A0194A080A99303979458A79A0194A080A99304979458A79A0194A0930580A941
:209E10009794D5FF9BFF767E9DAF88A9FFC758A79B0195A080A88F00A0009694CCA600FFA0
:209E200058A79B0195A080A89694761F02D17F0F8BBE000688A9B60058A79B01761F02EEB4
:209E300095A080A88F00A0009200969458A79B0195A080A89A809401969458A79B0195A029
:209E400080A87E94D5FF9BFF92A7767E9DAF88A9CDA600FF58A79A018F00A00094A080A918
:209E5000979493A6FFD758A79A0194A080A99794761F02D17F0F0006B2BD58A927A8BE009D
:209E600059A69B01761F02EE95A188A88F00A0009200969C59A69B0195A188A856BF039CB4
:209E700059A69B0195A188A893AB9FA0560301A8969C92AB54A069188F00B6CA809459A64C
:209E80009A0193A794A188A98F00A000FFD7979C59A69A01CDA700FF94A188A9979CD801D0
:209E900092AB54A066EA92A6D5FF9BFF767E9DAF80A993A7FFD758A69A0194A088A98F0085
:209EA000A0009794CDA700FF58A69A0194A088A99794761F02D17E0F8BBE0006B2BDD100B7
:209EB00058A1761F02EE9A01880094A059A98F00A0007E9456BF029C08A1000153A0663E86
:209EC0002B9C08A10001FFD3530A69029B0A55A0691C8F00BC0A929490FF8F00A000969CED
:209ED000189C00FF761F02800A02D9018F00BC0A9294FFC78F00A000969C189C00FFD90193
:209EE0000A02D80155A066E692A1D5FF9BFF767E9DAF88A993A6FFD758A19A0194A059A951
:209EF0008F00A0009794CDA600FF58A19A0194A059A99794761F02D1790F8BBE00065CA94D
:209F000027A8BE0058A69B01761F02EE95A088A88F40A0009200969558A69B0195A088A805
:209F100056BF049558A69B0195A088A893AB9FA4560301A8969592AB54A4691B58A408A079
:209F2000EF008F40AAC0809558A69A0193A794A088A98F40A000FFD7979558A69A01CDA72E
:209F300000FF94A088A99795DC0192AB54A466E792A68F00A000D5FF9BFF767E9DAF80A9E4
:209F400093A7FFD758A69A0194A088A98F00A0009794CDA700FF58A69A0194A088A99794FD
:209F5000761F02D17E0F0006761F02EE0E00761F02D1880A0FA66109761F02EE0E00761F22
:209F600002D1880B0FA66076920C8F00BB80D5FF9BFF9CFE767E9DAF93A9FFD790FF88A96E
:209F7000580C80A88F00BB80D8820E940FA7605E580C88A6D8810E940FA66058761F02EE8C
:209F800056030802940388A956030804940580A993A795A692015204613B5202613052033B
:209F90006121520661145210600E5320660893A75308660592A6767E9DC06F3D9A03767EEB
:209FA0009E2A6F399A01767E9E2A6F3592A6522069059A03767E9E2A6F2E9B01767E9DC03B
:209FB0006F2A5320660892A75240660592A6767E9E5C6F219A03767E9E2A6F1D53A06905E5
:209FC0009A02767E9E2A6F17767E9EAE6F1492A808A9EF001BA9020069059A03767E9E2A79
:209FD0006F0A92A6767E9EFF6F069A04767E9E2A6F022B0F0006761F02D1921352036015D8
:209FE0009214520160120E0A761F02EE88000FA66107767E9D77761F02D12B146F06767E9C
:209FF0009F54761F02D12B140006761F02D64B236D03767E9FDB000600060006761F02E966
:20A0000040106D0B8F00AD00761F02DB92E4960A761F02E91A1000010006761F02D64B2328
:20A010006D61767E9FFE761F02DBCC0BFFFE600D761F02E90E14761F02DB880B0FA661055C
:20A02000920B761F02E99614761F02E99214761F02DB960B920C761F02E996129212761F21
:20A0300002DB960C9210526462059210761F02A99605761F02A99205761F02DB9610761FD1
:20A0400002E9CD10FFFB761F02DB9213FFA3761F02E99001FF81CAA89610CD10FFF7761F74
:20A0500002DB9213FFA4761F02E99001FF82CAA89610CD10FFEF761F02DB9213FFA5761F06
:20A0600002E99001FF83CAA89610CD10FFDF761F02DB9213FFA6761F02E99001FF84CAA84D
:20A070009610000600067622761F01C156BF071056BF031156BF03141814FFFE1814FFFD5D
:20A0800056BF011256BF231356BF2311281A8040281B204F2B1C181FFFEF1A1F0008761A13
:20A09000FF690006761F02D156BF010A2B132B142B102B0C56BF080D2B0E280F064056BFD6
:20A0A000141556BF081600069B00520061029B0192A8000688A928A9FFFF93A6610D8F7E5E
:20A0B000EE4893A9718491FF58A8FFC7709593A69DFF88A860F7000600060006761F02F0D9
:20A0C00092040A045202620B5202FFE100D15200FFE1045F5201FFE102976F065203610783
:20A0D0005204FFE1068F2B04FFEF068C761F02E0922B761F02AD9615761F02E0922C761F09
:20A0E00002AD9616761F02E0922D761F02AD9617761F02E0922E761F02AD9618761F02E03E
:20A0F000922F761F02AD9619761F02E09230761F02AD961A761F02E09231761F02AD961B40
:20A10000761F02E09232761F02AD961C761F02E09233761F02AD961D761F02E09234761F09
:20A1100002AD961E761F02E09235761F02AD961F56BFA0208F00B6CA92DC9621761F02A352
:20A12000922B761F02AD962256BFA323761F02A3E2AF0030E850F2007700E85048007700F8
:20A13000E68E0000761F02ADE2130024761F02A3E2AF012EE8022DD8E80C0000E70000403A
:20A140007700E68C0000761F02ADE2130025761F02A3E2AF002CE850B2007700E68C0000EE
:20A15000761F02ADE213002656BFA72756BFA82856BFA92956BFAA2A761F02A39235761F62
:20A1600002AD962B56BFAC2C761F02A3E2AF003AE850F2007700E85048007700E68E000071
:20A17000761F02ADE213002D761F02A3E8022DD8E2AF0138E80C0000E70000407700E68C72
:20A180000000761F02ADE213002E761F02A3E2AF0036E850B2007700E68C0000761F02AD40
:20A19000E213002F56BFB030FFEF05CC761F02A19226761F02AC9625761F02A19227761F63
:20A1A00002AC9626761F02A19228761F02AC9627761F02A19229761F02AC9628761F02A117
:20A1B000922A761F02AC9629761F02A1922B761F02AC962A761F02A1922C761F02AC962BDF
:20A1C000761F02A1922D761F02AC962C761F02A1922E761F02AC962D761F02A1922F761FF7
:20A1D00002AC962E761F02A1923E761F02AC962FE8022DD8761F02E9E2AF0126E80C0000D2
:20A1E000E70000407700E68C0000761F02ACE2130030761F02A19236761F02AC9631761F48
:20A1F00002A19234761F02AC9632761F02A19232761F02AC9633761F02E9E2AF002AE68E24
:20A200000000761F02ACE2130034761F02E9E8022DD8E2AF0134E80C0000E700004077000B
:20A21000E68C0000761F02ACE2130035761F02E9E8022DD8E2AF0136E80C0000E7000040FD
:20A220007700E68C0000761F02ACE2130036761F02A6E8022DD8E2AF0102E80C0000E7002C
:20A2300000407700E68C0000761F02ACE2130037E8022DD8E80C0000E70000407700E68C83
:20A2400000007700E2130038761F02A6E8022DD8E2AF0106E80C0000E70000407700E68C92
:20A250000000761F02ACE2130039761F02A1923B761F02AC963A761F02A1923C761F02AC1C
:20A26000963B761F02A1923D761F02AC963C761F02A6E8022DD8E2AF0104E80C0000E70054
:20A2700000407700E68C0000761F02ACE213003D761F02E9E2AF002CE850F2007700E68EDE
:20A280000000761F02ACE213003E761F02BFE2AF002CE850F2007700E68E0000761F02ACDD
:20A29000E213003F761F02AACC3D0020761F02ADFFC49600761F02AACC3D0100761F02ADE4
:20A2A000FFC79601761F02AACC3D0040761F02ADFFC59602761F02AACC3D0400761F02AD85
:20A2B000FFC99603761F02AACC3D0200761F02ADFFC89604761F02AACC3D0004761F02ADAA
:20A2C000FFC19605761F02AACC3D2000761F02ADFFCC9606761F02AACC3D4000761F02AD40
:20A2D000FFCD960756BF880856BF890956BF8A0A56BF840B56BF850CE8022DD8761F02A69A
:20A2E000E2AF0130E80C0000E70000407700E68C0000761F02ADE213000D761F02A6E8022B
:20A2F0002DD8E2AF012AE80C0000E70000407700E68C0000761F02ADE213000E761F02A506
:20A30000E2AF0030E8505C007700E850B2007700E68C0000761F02ADE213000F761F02A51A
:20A31000E2AF002AE8505C007700E850B2007700E68C0000761F02ADE2130010761F02A50F
:20A32000E2AF000CE8505C007700E850B2007700E68C0000761F02ADE2130011761F02A51C
:20A33000E2AF0006E8505C007700E850B2007700E68C0000761F02ADE2130012761F02A610
:20A34000E8022DD8E2AF011EE80C0000E70000407700E68C0000761F02ADE2130013761F79
:20A3500002A6E8022DD8E2AF0118E80C0000E70000407700E68C0000761F02ADE21300145B
:20A36000FFEF0400761F02A79202761F02AB9634761F02A79201761F02AB9635E8022DD840
:20A37000761F02A7E2AF010CE80C0000E70000407700E68C0000761F02ABE2130036761FEB
:20A3800002A7E8022DD8E2AF0110E80C0000E70000407700E68C0000761F02ABE213003711
:20A39000761F02A7E2AF0012E850F2007700E85048007700E68C0000761F02ABE213003853
:20A3A000761F02A7E8022DD8E2AF010EE80C0000E70000407700E68C0000761F02ABE21395
:20A3B0000039761F02A7E8022DD8E2AF010AE80C0000E70000407700E68C0000761F02AB45
:20A3C000E213003A761F02AAE2AF000AE68E0000761F02ABE213003B761F02AAE2AF000CAE
:20A3D000E68E0000761F02ABE213003C761F02E9923A761F02AB963D56BF3E3E56BF3F3F01
:20A3E000761F02A9CC000018761F02ACFFC29600761F02BC921E761F02AC9601761F02BE6D
:20A3F000E2AF0020E68C0000761F02ACE213000256BF4303761F02BEE2AF0026E68C000017
:20A40000761F02ACE2130004761F02A9CC014000761F02ACFFCD9605761F02A9CC0180007C
:20A41000761F02ACFFCE9606761F02BEE2AF0022E68C0000761F02ACE2130007761F02BE72
:20A42000E2AF001EE68C0000761F02ACE2130008761F01BFCC000004761F02ACFFC19609F4
:20A43000761F01BFCC090100761F02ACFFC7960A761F02BE922E761F02AC960B761F02BEEA
:20A44000922B761F02AC960C761F02BE922A761F02AC960D761F02BE922C761F02AC960E69
:20A45000761F02E99219761F02AC960F761F02C1E2AF0008E850D7007700E850480077006B
:20A46000E68E0000761F02ACE2130010761F02C1E2AF000AE850D7007700E85048007700B0
:20A47000E68E0000761F02ACE2130011767E99AE761F02AC9612761F02A9E2AF003AE850A6
:20A4800048007700E68E0000761F02ACE2130013761F02A9E2AF003CE85048007700E68EC6
:20A490000000761F02ACE2130014761F02A9E2AF003EE85048007700E68E0000761F02ACA3
:20A4A000E2130015761F02AAE2AF0000E85048007700E68E0000761F02ACE2130016761F72
:20A4B00002AAE2AF0002E85048007700E68E0000761F02ACE213001756BF581856BF591987
:20A4C000761F02D6CC234000761F02ACFFCD961A761F02AAE2AF0004E85048007700E68EE0
:20A4D0000000761F02ACE213001B761F02AAE2AF0006E85048007700E68E0000761F02AC93
:20A4E000E213001C761F02AAE2AF0008E85048007700E68E0000761F02ACE213001D761F1C
:20A4F00002A99200761F02AC9007961E761F02A9CC000080761F02ACFFC6961F761F02A2FF
:20A50000CC000040761F02ACFFC59620761F01BFCC004000761F02ACFFCD9621761F02A90B
:20A51000CC000060761F02ACFFC49622761F02E9920C761F02AC900F9623761F02A9CC007C
:20A520000700761F02ACFFC79624FFEF023B761F02AB2B00280117A0761F02E99219761F19
:20A5300002AB9602761F02E99218761F02AB9603761F02A29200761F02AB9604761F02A9DA
:20A540009200761F02AB9605761F02A99201761F02AB9606761F02E9920C761F02AB9607DE
:20A55000761F02E99205761F02AB9608761F02F09202761F02AB9609761F02F09201761F49
:20A5600002AB960A761F02AA923C761F02AB960B761F02AA923D761F02AB960C761F02F021
:20A570009215761F02AB960D761F02F09216761F02AB960E761F02F0920A761F02AB960F20
:20A58000761F02F0920B761F02AB9610761F02F0920C761F02AB9611E8022DD8761F02A675
:20A59000E2AF0126E80C0000E70000407700E68C0000761F02ABE2130012761F02BDE2AFC1
:20A5A0000216E8022DD8E2AF0114E7100089E80C0000E70000407700E68C0000761F02AB28
:20A5B000E2130013761F02F0920F761F02AB9614761F02F09210761F02AB9615761F02F0D2
:20A5C0009211761F02AB9616761F02A1923E761F02AB9617761F02C2E2AF001CE85048006D
:20A5D0007700E68E0000761F02ABE2130018761F02C2E2AF001EE85048007700E68E0000BE
:20A5E000761F02ABE2130019761F02C2E2AF002EE85048007700E68E0000761F02ABE21351
:20A5F000001A761F02BEE2AF0026E68C0000761F02ABE213001B761F02C2E2AF0020E8501F
:20A60000B2007700E68C0000761F02ABE213001C761F02C2E2AF0022E850B2007700E68C6D
:20A610000000761F02ABE213001D761F02C2E2AF0024E850B2007700E68C0000761F02ABB3
:20A62000E213001E761F02C2E2AF0026E850B2007700E68C0000761F02ABE213001F761F39
:20A6300002A4E2AF0002E850F2007700E85048007700E68E0000761F02ABE2130020761FD9
:20A6400002A5E2AF0014E850F2007700E85048007700E68E0000761F02ABE2130021761FB5
:20A6500002E9E2AF0020E85048007700E68E0000761F02ABE2130022761F02D69223761FD3
:20A6600002AB9623761F02E9E8022DD8E2AF0126E80C0000E70000407700E68C0000761FB4
:20A6700002ABE2130024761F02C2E2AF0120E2AF001CE70000087700E68C0000761F02AB32
:20A68000E2130025761F02C2E2AF0122E2AF001EE70000087700E68C0000761F02ABE213D5
:20A690000026761F02BEE2AF0028E68C0000761F02ABE2130027761F02A6E8022DD8E2AFE9
:20A6A0000130E80C0000E70000407700E68C0000761F02ABE2130028761F02A6E8022DD8DA
:20A6B000E2AF012AE80C0000E70000407700E68C0000761F02ABE2130029761F02A4E2AF9E
:20A6C000000CE68C00007700E68D00007700E8505C007700E850B2007700E68E0000761F26
:20A6D00002ABE213002A761F02A4E2AF0006E68C00007700E68D00007700E8505C007700EE
:20A6E000E850B2007700E68E0000761F02ABE213002B761F02A5E2AF001EE8505C0077002D
:20A6F000E850B2007700E68C0000761F02ABE213002C761F02A5E2AF0018E8505C00770024
:20A70000E850B2007700E68C0000761F02ABE213002D761F02A4E2AF0030E8505C007700FB
:20A71000E850B2007700E68C0000761F02ABE213002E761F02A4E2AF002AE8505C007700F0
:20A72000E850B2007700E68C0000761F02ABE213002F761F02A6E8022DD8E2AF010CE80C22
:20A730000000E70000407700E68C0000761F02ABE2130030761F02A6E8022DD8E2AF0106CE
:20A74000E80C0000E70000407700E68C0000761F02ABE2130031761F02C2E2AF0030E8503B
:20A7500048007700E68C0000761F02ABE2130032761F02A9CC010040761F02ABFFC5963333
:20A760000006761F02F0180AFFFE180AFFFD180AFFFB180AFFF7180AFFEF180AFFDF180AA9
:20A77000FFBF180AFF7F180AFEFFCD0BFFFE761F02AACC3C0200FFC8761F02F0CAA8960BCB
:20A78000CD0BFFFD761F02AACC3C0400FFC9761F02F0FF80CAA8960BCD0BFFEF761F02AAB0
:20A79000CC3C0800FFCA761F02F0FF83CAA8960BCD0BFFDF761F02AACC3C1000FFCB761F46
:20A7A00002F0FF84CAA8960BCD0BFEFF761F02AACC3C2000FFCC761F02F0FF87CAA8960BE8
:20A7B000CD0BFDFF761F02AACC3C4000FFCD761F02F0FF88CAA8960B180BEFFF180BDFFF2D
:20A7C000180CFFFE180CFFFD180CFFFB180CFFF7180CFFEF180CFFDF180CFFBF180CFF7F68
:20A7D000180CFEFF180CFDFF180DFFEF180DFFDF180DFFBF180DFF7F180DFEFF180DFDFF49
:20A7E000180DFBFF180DF7FF180DEFFF180EFFFE180EFFFD180EFFFB180EFFF7180EFFEF77
:20A7F000180EFFDF180EFFBF180EFF7F180EFEFF180EFDFF180EFBFF180EF7FF180EEFFF28
:20A80000180EDFFF180EBFFF180E7FFF180FFFFE180FFFFD180FFFFB180FFFF7180FFFEF12
:20A81000761F02AACD3D0020CC3D0040FFD4FFC5CAA8CD3D0080FFD6CBA9CC3D0010FFC3BD
:20A82000761F02F0CAA89001FF84CD0FFFDFCAA8960F180FFFBFCD0FFF7F761F02AACC3AB4
:20A830000004FFC1761F02F0FF86CAA8960FCD0FFEFF761F02AACC3A0008FFC2761F02F0B1
:20A84000FF87CAA8960FCD0FEFFF761F02AACC3C0008FFC2761F02F0FF8BCAA8960F180F30
:20A85000DFFF180FBFFFCD0F7FFF761F02AA923C9001761F02F0FF8ECAA8960FCD10FFFE26
:20A86000761F02AACC3C0004FFC1761F02F0CAA896101810FFFD1810FFFBCD10FFF7761F7E
:20A8700002AACC3C0100FFC7761F02F0FF82CAA896101810FFEF1810FFBF1810FF7F181063
:20A88000FEFFCD10FDFF761F02AACC3D0004FFC1761F02F0FF88CAA896101810FBFF181064
:20A89000F7FF1810EFFF1810DFFF1810BFFF18107FFF1811FFFE1811FFFD1811FFFB181173
:20A8A000FFF71811FFEF1811FFDF1811FFBF1811FF7F1813FFFE1813FFFD1813FFFB181357
:20A8B000FFF7CD13FFEF761F02AA923A9001761F02F0FF83CAA89613CD13FFDF761F02AA03
:20A8C000CC3A0002FFC0761F02F0FF84CAA896131813FFBF1813FF7F1813FEFF1813FDFFAB
:20A8D0001813FBFF1813F7FF1813EFFF1813DFFF1813BFFF18137FFF1814FFFE1814FFFD1D
:20A8E0001814FFFB0006767EA0BE767EA761000600060006761F02D6920B900F5201600E62
:20A8F0000A161B1603E86903281603E80A181B1803E86906281803E86F032B162B18CC0BD0
:20A90000000F5204620F520461335200FFE1009C520161535202FFE100B15203613FFFEFDA
:20A9100000B95205FFE100A4520661065207FFE1009BFFEF00AF920E541D6914761F01DD62
:20A920004714FFEC00A7761F02D6581D8F00B480761F01DD92949619761F02D60A1DFFEFBB
:20A930000099CC0BFFF05007960BFFEF0093470BFFEC0090180BFF7F920E6005180BFFF0AA
:20A94000FFEF0088761F01DD1A110002761F02D6CC0BFFF05005960B6F7C8F00B340767E57
:20A95000DC01761F02D6460B6C74CC0BFFF05004960B180BFFBF6F6D761F01DD46156D11A8
:20A9600045156D0347156C2E56BF031156BF2311761F02D6180BFFF02B0F2B162B186F22D7
:20A97000761F02D6580F8F00B340761F01DDC6179694761F02D60A0F2B18761F02CD920038
:20A9800052496110761F02D69217541666070E10761F02CD88000FA66105761F02D62B16EB
:20A990002B0F761F02D6920F61049217541868041B0F010A682E2B182B16CC0BFFF0500212
:20A9A000960B6F27761F01DD46146C231A1100011811FFFD761F02D6CC0BFFF05001960B8E
:20A9B0002B0F6F172B0E180BFFF06F132B1DCC0BFFF05006960B6F0D761F01DD1811FFFEE0
:20A9C000761F02D6180BFF7FCC0BFFF05003960B0006761F02E9920652016903767EA8EA4C
:20A9D0000006B2BD761F02D6920F520368229CFE8F00B34028A8FFFF767EDE3D88A9761F46
:20A9E00002D6590F580F8F00B340D981D8825603089C949480A90EA6BE000FA76102BE01E2
:20A9F00092A6CD0BFFEF9001FF83CAA8960B6F03180BFFEF8BBE0006761F02D60E10761F31
:20AA000002CD88000FA66052761F02D62B14767EA9D1440B6D46761F02CD92015212610F91
:20AA100052156108761F02D656BF011456BF04156F0A761F02D656BF01156F05761F02D69F
:20AA200056BF0315921552046135761F02CD560308029403761F02D69612761F02CD560326
:20AA300008049405761F02D696139215520160049213521A660792155203600892135215FF
:20AA4000690556BF031456BF041592155201601292135280690F56BF031456BF04156F0A00
:20AA500056BF041456BF04156F05761F02D656BF05150006761F02D68F00B340D5000E0F94
:20AA6000767EDE66761F02D62B0F000680A9761F02D6490B6D525200611A5202611252035F
:20AA7000610A520460258F40B340A02656BF03212B206F1E8F40B340A0262B212B206F1841
:20AA80008F40B340A0262B212B206F128F40B80AA026761F02D22B022B032B0456BF210591
:20AA900056BF4206761F02D656BF07219720761F02CD9200761F02D29600761F02CD9201FC
:20AAA000761F02D2960192A752046005761F02D67C1E6F1052036006560301A49C0788A98F
:20AAB0006F02BE2193A653806902BE80761F02D67E1E2B1F1A0B0200931E5305690628ABBC
:20AAC00000059B05751E6F05271E2B1E56BF011FD40093AB55A4692F761F02D683265820D6
:20AAD000889593A7CDA8FFFE611193A7530361035302601D93A658219A018F40B48091FF85
:20AAE00094A0962197950A206F1293A658219A018F40B480FFD794A096219795582193A6A5
:20AAF0009A0191FF94A0962197950A20DC0193AB55A466D392A75204600B761F02D21A010F
:20AB00000080761F02D69214761F02D29602761F02D6921F612192218F00B48028A8FFFFBD
:20AB1000767EDE3D88A9761F02D693A658219A018F00B48091FF94A096219794582192A611
:20AB20009B01FFC795A0972196949221960E767EAA5A1A0B00800006B2BD761F02D692151F
:20AB30005203620C5203611F5200FFE100975201613D52026135FFEF00975204610B52052B
:20AB4000FFE000921A0B00802B0E767EAA5AFFEF008B56BF010E9A04D4039B00767EAA66FD
:20AB5000FFEF0082D10788126F0F9A0194A158A98F00B3405603089C949458A68F00B82B9D
:20AB60009694D902DE01761F02D69213941254A666ED9A035C139312767EAA666F649A02C8
:20AB70005C139312767EAA666F5ED1078812761F02D69213941254A66641761F02A1923B10
:20AB80006007761F02E02B282B292B2A6F2D761F02D6960D761F02A1923C761F02D6580D57
:20AB90008F00B82B9694580D761F02A1D801923D9694923C761F02BD9634761F02A1923DA7
:20ABA000761F02BD9635761F02D6920D761F02E09628761F02D6580D761F02E09294962907
:20ABB000D8019294962A761F02D61A0B01009A005C139312767EAA666F169A0194A158A92B
:20ABC0008F00B3405603089C949458A68F00A8669694D902DE016FAC56BF010E9210761FD9
:20ABD00002D296008BBE0006FE02761F02A192295264690356BF6429922A761F02D6962313
:20ABE000761F02A1922B761F02D69624CC230080FFC6761F02E9963B761F02A1923E761F17
:20ABF00002D6960C9001CD23F7FFFF8ACAA89623761F02A1E2C400277700E84F4000761F18
:20AC000002E9E2030020E801D918E2AF0120E80EB850E70000407700E203001C8F00B6CA0C
:20AC100092E4610CE801D918E2C801E4E80EB850E70000407700E203001C761F02A1E2C45D
:20AC2000002E761F02E9E2030022761F02A1E2C4002F761F02E9E2030024761F02A1E2C8E7
:20AC30000130E801C970E80E19F0E7000040761F02E9E2030026761F02A1E801C970E2C400
:20AC40000131E80E19F0E7000040761F02E9E2030028761F02A1E801EE60E2C40132E80ED1
:20AC50006668E7000040761F02E9E203002AE801D918E2AF012AE8504409E80EB850E70060
:20AC600000407700E203002EE801FD60E80E6668E2AF012EE6940001AD146506E801FD6053
:20AC7000E80E66686F07E801FB30E80B3330E6960008E203002EE801EA60E2AF012EE80EA0
:20AC80006660E71000407700E203002C761F02A19233761F02E99615761F02A1E2C40034F5
:20AC9000761F02E9E2030030E8022048E2AF0130E80C0000E6940001AD146506E80220480E
:20ACA000E80C00006F05E2AF0030E82215A0E2030030761F02A1E2C40035761F02E9E2031F
:20ACB0000032E8022048E2AF0132E80C0000E6940001AD146506E8022048E80C00006F05E7
:20ACC000E2AF0032E82215A0E2030032761F02A1E801C970E2C80136E80E19F0E70000407A
:20ACD000761F02E9E203003492EC610CE801C970E2C801ECE80E19F0E70000407700E203A5
:20ACE0000034E8120000AD146504E80200006F03E8200000E2030034761F02A29200900321
:20ACF00052016006CC00000CFFC15201614C920090035201612BCC00000CFFC1520161099A
:20AD0000E590761F02E9E2030036E20300386F6BE590761F02E9E203003606341E38E801A3
:20AD1000FC50E2AF0138E80D5558E6940001AD146506E801FC50E80D55586F05E2AF0038B0
:20AD2000E8200000E20300386F4E761F02E906341E36E590E2030038E801FC50E2AF013694
:20AD3000E80D5558E6940001AD146506E801FC50E80D55586F05E2AF0036E8200000E203BB
:20AD400000366F31761F02E906341E3606341E38E801FC50E2AF0136E80D5558E694000165
:20AD5000AD146506E801FC50E80D55586F05E2AF0036E8200000E2030036E801FC50E2AFBC
:20AD60000138E80D5558E6940001AD146506E801FC50E80D55586F05E2AF0038E820000035
:20AD7000E2030038761F02D64A236C0C761F02A1923A761F02E9963A5232690756BF323A8B
:20AD80006F04761F02E92B3A761F02D6480B6D278F00AD008D00016E289427108D00016FDF
:20AD90002B948D000170289427108D0001712B948D000176289427108D0001772B948D00ED
:20ADA0000178289427108D0001792B948D000186289427108D0001872B946F418F00AD009A
:20ADB000A8A9FF1100B71EA7761F02E0922C96C7A8A9FF10016F1EA7922D96C7A8A9FF14FF
:20ADC00000171EA7922E96C7A8A9FF1001711EA7922F96C7A8A9FF1100BB1EA7923096C7C5
:20ADD000A8A9FF1001771EA7923196C7A8A9FF13002F1EA7923296C7A8A9FF1001791EA78F
:20ADE000923396C7A8A9FF1100C31EA7923496C7A8A9FF1001871EA7923596C7FE820006CE
:20ADF000761F02AA403C6D15761F02D6921A520A67069219520A67034C0B6C072B1A2B195E
:20AE0000761F02AA1A3C0001761F02D62B226F14761F02D60A221B2203E8680C921B600A11
:20AE1000180BEFFF761F02AA183CFFFE761F02D62B222B1A2B190006761F02E992065204C8
:20AE20006823761F02D6920B900F52036010767EA9FC921552056105520461032B196F02AD
:20AE30000A191A0B0040180BFDFF2B1B920B900F52046010767EAB2C761F02D6470B6C0A13
:20AE4000767EAA5A6F07767EAA5A1A0B00802B0E2B0F767EABD4767EADF00006761F02D6FD
:20AE50001B1B01F466081B1C02EE68030A1B6F050A1C6F031A0B1000CD28FFF8761F02A925
:20AE600092009007761F02D6CAA89628CD28FFE7761F02A9CC000060FFC4761F02D6FF8214
:20AE7000CAA89628761F02A99A01CD000018FFD253016008761F02A293009103530160022F
:20AE80009A00761F02D6F001CD28FFDF9001FF84CAA89628761F02A99A01CD000018FFD212
:20AE900053016009761F02A2CD00000CFFD1530160029A00761F02D6F001CD28FFBF900111
:20AEA000FF85CAA89628CD28FEFF761F02A992019001761F02D6FF87CAA89628CD28FDFF74
:20AEB000761F02A9CC010002FFC0761F02D6FF88CAA89628761F02A29A0093009103530043
:20AEC00060029A01761F02D69001CD28FBFFFF89CAA89628761F02A29A00CD00000CFFD154
:20AED000530060029A01761F02D69001CD28F7FFFF8ACAA89628761F01BF48006D06761FCB
:20AEE00002D61828EFFF6F05761F02D61A281000CD29FFFE761F02AACC3C0200FFC8761F7F
:20AEF00002D6CAA89629CD29FFFD761F02AACC3C0400FFC9761F02D6FF80CAA89629761F80
:20AF000002AACD3C0800CC3D0800FFDAFFCA761F02D6CAA89001FF81CD29FFFBCAA89629B0
:20AF1000761F02AACD3C1000CC3D1000FFDBFFCB761F02D6CAA89001FF82CD29FFF7CAA8BB
:20AF20009629CD29FFEF761F02AACC3C2000FFCC761F02D6FF83CAA89629CD29FFDF761FB1
:20AF300002AACC3C4000FFCD761F02D6FF84CAA89629CD29FFBF761F02AACC3C0002FFC062
:20AF4000761F02D6FF85CAA89629CD29FF7F761F02AACC3C0100FFC7761F02D6FF86CAA8E7
:20AF50009629CD29FEFF761F02AACC3A0004FFC1761F02D6FF87CAA89629CD29FDFF761F79
:20AF600002AACC3A0008FFC2761F02D6FF88CAA89629CD29FBFF761F02AACC3D0020FFC414
:20AF7000761F02D6FF89CAA89629CD29F7FF761F02AACC3D0040FFC5761F02D6FF8ACAA8F9
:20AF80009629CD29EFFF761F02AACC3D0080FFC6761F02D6FF8BCAA89629CD29DFFF761FEE
:20AF900002AA923C9001761F02D6FF8CCAA89629CD29BFFF761F02AACC3D0004FFC1761F16
:20AFA00002D6FF8DCAA89629CD297FFF761F02AACC3D0008FFC2761F02D6FF8ECAA896294A
:20AFB000761F02AACD3C8000923DFFDE9001761F02D6CAA89001FF81CD2AFFFBCAA8962A67
:20AFC000CD2AFFF7761F02AACC3D0200FFC8761F02D6FF82CAA8962ACD2AFFEF761F02AA2B
:20AFD000CC3D2000FFCC761F02D6FF83CAA8962ACD2AFFDF761F02AACC3D4000FFCD761F8C
:20AFE00002D6FF84CAA8962A761F01BFCC010010FFC3761F02D69001FF8DCD2ABFFFCAA81F
:20AFF000962A761F01BFCC010020761F02D6CD2A7FFF88A8FFC456030FA9CAA6962A761F94
:20B0000002E99218761F02E0960A761F02C2E2AF001CE85048007700E68E0000761F02E09C
:20B01000E213000B761F02C2E2AF0020E850B2007700E68E0000761F02E0E213000C761F34
:20B0200002C2E2AF001EE85048007700E68E0000761F02E0E213000D761F02C2E2AF0022AD
:20B03000E850B2007700E68E0000761F02E0E213000E2B0F2B102B11761F02BEE2AF0026F4
:20B04000E68C0000761F02E0E21300122B132B14761F02BEE2AF0028E68C0000761F02E08C
:20B05000E2130015761F02C2E2AF0030E85048007700E68E0000761F02E0E2130016761F3A
:20B0600002C2E2AF002EE85048007700E68E0000761F02E0E21300172B182B19761F02A1A0
:20B070009227761F02E0961A761F02D69228761F02E0961B761F02D69229761F02E0961C40
:20B08000761F02D6922A761F02E0961D761F02D6922B761F02E0961E761F02E7922E761F35
:20B0900002E0961F761F02E7922F761F02E09620761F02E79230761F02E09621761F02E7B1
:20B0A0009231761F02E09622761F02E79232761F02E09623761F02E79237761F02E09624B4
:20B0B000761F02E79238761F02E09625761F02E79239761F02E096260006000600067622E0
:20B0C000761F01BE180DFF7F180DFFBF1A04C0001A08C0001A083000761AFF6900067622EE
:20B0D000761F01DD56BF071056BF031156BF03141814FFFE1814FFFD2B1256BF481356BF59
:20B0E0002311281A8040281B204F2B1C181FFFEF1A1F0008761AFF690006761F02D656BF3B
:20B0F000021056BF1417180BFFF0180BFEFF761F01BF1A0D008000060006761F02BC400120
:20B100006C4541016D433B01761F02BF8502761F02BC56010022761F02BF8503761F02BC76
:20B1100056010024761F02BF8504761F02BC56010026761F02BF8505761F02BC5601002843
:20B12000761F02C2C538C4A78F000800A8A9DE010FA7C238661B761F02BC0622562F041E34
:20B130000624562F041F0626562F04200628562F042102001E221E241E261E28761F02C219
:20B140001E38761F02BC1A0100020006E20304BDE20305BDFE02E8022BE9E80E8001E694E7
:20B150000008AD14FFE20085E8022BB9E80E0001E6940008AD14625AE8022A61E80F8001FF
:20B16000E6940008AD146230E8022411E80F0001E6940008AD146206E80259B8E808D80075
:20B170006F6BE70000017700E7000042E805CD2BE802006CE8062FE5E80E1963E80A659CBB
:20B18000E80A9545E700009AE7000061E7000028E7100052E8025C63E7100080E80A3E4B27
:20B19000E71000C06F49E70000017700E7000042E805E0FBE8021644E806454DE80D0E7B9E
:20B1A000E80858D4E8098825E700009AE7000061E7000028E7100052E8026E13E7100080D2
:20B1B000E80F637BE71000C06F27E70000017700E7000042E805E86BE8021C3CE806480D10
:20B1C000E80B214BE80B72ACE80DACCDE700009AE7000061E7000028E7100052E806460B31
:20B1D000E7100080E80FBA13E71000C06F05E80650C0E80CB400E801C689E80DB8B9E700CE
:20B1E0000008FE82E2AF05BEE2AF04BE0006E20304BDE20305BDFE02E8022AB9E80F800188
:20B1F000E6940008AD14FFE20081E8022699E80C0001E6940008AD146256E8021E79E80C8C
:20B200000001E6940008AD14622CE8121BC8AD146206E8025B20E80F0E006F68E70000012D
:20B210007700E7000042E805D6C3E8020734E8063285E80CE623E80EF87CE808BDEDE70046
:20B22000009AE7000061E7000028E7100052E8025B13E7100080E80EC3ABE71000C06F4635
:20B23000E70000017700E7000042E805D6C3E8020734E8063285E80CE623E80EF87CE808CF
:20B24000BDEDE700009AE7000061E7000028E7100052E8025B13E7100080E80EC3ABE710F9
:20B2500000C06F24E70000017700E7000042E805CD83E80200ACE8062F8DE80D7CF3E80B2F
:20B26000FAC4E80CA5C5E700009AE7000061E7000028E7100052E8025A33E7100080E80FAC
:20B27000154BE71000C06F02E590E801C689E80DB8B9E7000008FE82E2AF05BEE2AF04BE0D
:20B280000006E20304BD761F02BE92316143E2C40131E801FC00767EDB41E6CF0004761F2B
:20B2900002BEE2AF001AE70000207700E68C00007700E213002E9B03922E767ED0823B01C9
:20B2A00085A9BDA90F127700770077007700E6890000761F02BEE2030026E2AF001CE7009A
:20B2B00000207700E68C00007700E213002F9B05922F767ED0823B0185A9BDA90F127700CB
:20B2C000770077007700E6890000761F02BEE2030028E2AF04BE0006FE028F40AF868F004C
:20B2D000AF9E56BF0C41924161062B852B840B41924160FCFE820006761F02BEE2C8010015
:20B2E000E2AF0006E71000407700E2030006E2C80101E2AF0008E71000407700E20300083E
:20B2F000E2C80102E2AF000AE71000407700E203000AE2C80103E2AF000CE7100040770060
:20B30000E203000CE2C80104E2AF000EE71000407700E203000EE2C80105E2AF0010E71005
:20B3100000407700E20300100A3092305432681D06061E1206081E14060A1E16060C1E1862
:20B32000060E1E1A06101E1C92309631E590E2030006E2030008E203000AE203000CE203D6
:20B33000000EE20300102B300006761F02BC4601FFEC00A9761F02C29237FFE100A4E2C41F
:20B340000137E801FC00767EDB41761F02C1E2AF012CE7000041761F02C2E2030104761FAA
:20B3500002C1E2AF012EE7000041761F02C2E2030106761F02C1E2AF0130E7000041761F16
:20B3600002C2E2030108761F02C1E2AF0132E7000041761F02C2E203010A761F02C1E2AFA5
:20B370000134E7000041761F02C2E203010C761F02C1E2AF0136E7000041761F02C2E2038F
:20B38000010E761F02C1E2AF0138E7000041761F02C2E2030110761F02C1E2AF013AE700FA
:20B390000041761F02C2E2030112761F02C1E2AF013EE7000041761F02C2E2030116E2AFD5
:20B3A0000100E70000417700E2030118E2AF0102E70000407700E203001A0610761F02BD54
:20B3B0001E0E761F02C20612761F02BD1E12E801E260E2AF020EE2AF0114E7200051E80E9C
:20B3C0006668E7000041E2AF0314E71000C87700E2030014E801E260E2AF0212E2AF011628
:20B3D000E7200051E80E6668E7000041E2AF0316E71000C87700E2030016761F02BC1801D2
:20B3E000FFBF761F02C2E2AF0004E850F2007700E203001CE2AF0006E850F2007700E203E2
:20B3F000001EE2AF0008E8505C007700E2030020E2AF000AE8505C007700E2030022E2AF38
:20B40000000CE8505C007700E2030024E2AF000EE8505C007700E2030026E2AF0016E85078
:20B41000F2007700E203002EE2AF0018E850F2007700E2030030061A1E320006FE02761F36
:20B420000299E2C400107700E8121380AD1460039AFA6F0328A9012C761F02BC960F761F02
:20B43000029AE2AF0032E5A0AD146122E8023350E2AF0132E80B0000767EDB41E8021DD9C0
:20B44000E80C0001E6940008AD146506E8021DD8E80C00006F07E8021AB1E80A4929E6966B
:20B450000008E68E0000761F02BCE213000C761F029AE2AF0036E5A0AD146122E8023350DE
:20B46000E2AF0136E80B0000767EDB41E8021DD9E80C0001E6940008AD146506E8021DD89F
:20B47000E80C00006F07E8021AB1E80A4929E6960008E68E0000761F02BCE213000E761F56
:20B4800002B3921B610C5202600E761F02999201610A761F02BC920E960D6F05761F02BC90
:20B49000920F960DFE820006767EB0FD767EB2DC00068F00AD008D00016EE801C688E2C890
:20B4A0000194E80DB8B8E7000040761F02BDE20300188D00016FE801D418E801D919E2C8C3
:20B4B0000294E8089378E7000080E80EB851E70000087700E203001A8D000170E801C688EB
:20B4C000E2C80194E80DB8B8E70000407700E20300208D000171E801D418E801D919E2C8CC
:20B4D0000294E8089378E7000080E80EB851E70000087700E20300228D000176E801C688BD
:20B4E000E2C80194E80DB8B8E70000407700E203001C8D000177E801E118E801EC41E2C862
:20B4F0000294E80EB850E7000080E80C4449E70000087700E203001E8D000178E801C6881A
:20B50000E2C80194E80DB8B8E70000407700E20300248D000179E801E118E801EC41E2C837
:20B510000294E80EB850E7000080E80C4449E70000087700E20300268D000186E801C688E3
:20B52000E2C80194E80DB8B8E70000407700E203002C8D000187E801D418E801D919E2C849
:20B530000294E8089378E7000080E80EB851E70000087700E203002E0006767EB499767E50
:20B54000B28100067622761AFF690006767ECD3F7622761F01C456BFFF121820FC3FCC22A3
:20B55000FC3F50409622CC24FC3F1AA901409624CC26FC3F50809626CC28FC3F50C09628B9
:20B56000CC2AFC3F1AA90100962ACC2CFC3F1AA90180962CCC2EFC3F1AA901C0962ECC2074
:20B5700007FF1AA928009620CC2207FF1AA928009622CC2407FF1AA928009624CC2607FFEA
:20B580001AA928009626CC2807FF1AA928009628CC2A07FF1AA92800962ACC2C07FF1AA9F9
:20B590002800962CCC2E07FF1AA92800962ECC20FFC050069620CC22FFC050069622CC24A0
:20B5A000FFC050069624CC26FFC050069626CC28FFC050069628CC2AFFC05006962ACC2C6F
:20B5B000FFC05006962CCC2EFFC05006962E1A0800201A0800401A000004CC08FFE0500FFD
:20B5C00096082B142B15761A8F00464EFF69A8A97640890A0006FE02761F02BC2B028F0084
:20B5D000AF1E56BF0441924161052B840B41924160FD8F00AF2256BF0841924161052B842A
:20B5E0000B41924160FD8F00B0488F40B04C56BF0441924161062B842B850B41924160FC0F
:20B5F0008F00B0848F40B09C56BF1841924161062B842B850B41924160FC8F00AFDE8F40F0
:20B60000AFF256BF1441924161062B842B850B41924160FC8F00AFC056BF09419241610575
:20B610002B840B41924160FDE801CF90761F02BFE80F0D30E203000AE801CF90E80F0D30B2
:20B62000E203000CE801D178E80D3088E203000EE801D178E80D3088E2030010E801D58035
:20B63000E2030012E801D580E2030014E801CF90E80F0D30E2030018E801D198E80CBC0849
:20B64000E203001A761F02C12B102B11761F02BC18011FFF2B010200761F02C21E38761F20
:20B6500002BC1801FFFE1801FFFD1800FFFE1800FFBF761F02C12812012C761F02BE56BFDD
:20B660004B32767ED096FE820006E20304BDE20305BDFE02E8022AE9E80C0001E6940008AC
:20B67000AD146256E8022699E80C0001E6940008AD14622CE8121BD0AD146206E80259F091
:20B68000E80DE1006F46E70000017700E7000045E805D9A2E8020963E8063424E80D7EA27B
:20B69000E80EC22BE8086754E7000152E7000059E7000020E7100052E8025B9DE7100080E9
:20B6A000E80BBCBDE71001406F24E70000017700E7000045E805CD42E8020083E8062F74CE
:20B6B000E80DDD8AE80C25B3E80A56FCE7000152E7000059E7000020E7100052E8025A35CB
:20B6C000E7100080E80B4BFDE71001406F02E590E801C689E80DB8B9E7000008FE82E2AFFC
:20B6D00005BEE2AF04BE0006E20304BDE20305BDE70000047700E7000105E8059AD1E80161
:20B6E000CEF2E805FCCBE80D3B29E80B1452E8095DD3E7000149E7000112E7000018E710E2
:20B6F0000052E80224B9E7100080E808DB91E71000407700E8504800E2AF05BEE2AF04BE79
:20B7000000060006B2BD761F02F19202520368249CFE8F00B5C028A8FFFF767EDE3D88A905
:20B71000761F02F1590258028F00B5C0D981D8825603089C949480A90EA6BE000FA761024B
:20B72000BE01761F02F192A6CD00FFEF9001FF83CAA896006F05761F02F11800FFEF8BBE69
:20B730000006761F02F10E03761F02D788000FA6FFE000EB761F02EF2B32767EB702440011
:20B74000FFED00DC761F02D79201520261245203611D520461165206610F52106108761F7F
:20B7500002EF56BF013256BF06336F19761F02EF56BF05336F14761F02EF56BF04336F0F24
:20B76000761F02EF56BF02336F0A761F02EF56BF03336F05761F02EF56BF0133923352064F
:20B77000FFE100B7761F02D7560308029403761F02EF9630761F02D7560308049405761F6D
:20B7800002EF9631803093319530FFD3943088A9923352016003530D667F933353026013A3
:20B790001BA7110068791BA6130069041BA6F80068731BA7130069041BA7F800686D1BA67E
:20B7A000F842666A5303602E1BA7110068651BA6130069041BA62100685F1BA713006904CF
:20B7B0001BA7210068591BA622F266561BA722F269041BA7410068501BA64198664D1BA737
:20B7C000419869041BA7600068471BA6601E66441BA7601E69041BA7F800683E1BA6F84261
:20B7D000663B5304601C1BA722F269041BA7410068331BA6419866301BA7419869041BA70A
:20B7E0006000682A1BA6601E66271BA7601E69041BA7F80068211BA6F842661E5305602044
:20B7F0001BA722F269041BA7410068161BA6419866131BA7419869041BA76000680D1BA602
:20B80000601E660A1BA7601E69041BA7F80068041BA6F842690556BF033256BF06339233A1
:20B81000520361035202601492315280691156BF033256BF06336F0C761F02EF56BF0432A4
:20B8200056BF06336F05761F02EF56BF07330006761F02F18F00B5C0D5000E02767EDE66C2
:20B83000761F02F12B02000627A880A9761F02F14900FFED011193A75303620E5303FFE140
:20B8400000A95300FFE100CA5301FFE100AB5302610BFFEF00D25304FFE100945305FFE1DF
:20B850000088FFEF00CA1BAB210067041BAB1100676C1BAB410068561BAB419867231BABE8
:20B86000410068208F40B840761F02EFA03A560301A4761F02DC9602761F02EF56BF0339F8
:20B8700092AB08A9BF00963888AB8F404100A0A90FA6FFE000A2761F02F156BF0104FFEFEB
:20B88000009C1BAB601E67041BAB600067181BABF800FFE800928F40BA00761F02EFA03A98
:20B89000560301A4761F02DC9602761F02EF56BF033928A8080095AB97386F7E8F40B8D984
:20B8A000761F02EFA03A560301A4761F02DC9602761F02EF56BF033992AB08A9A0009638EC
:20B8B0006F6B8F40AD00761F02EFA03A560301A4761F02DC9602761F02EF56BF033992ABA5
:20B8C00008A9DF0096386F588F40AAC0761F02EFA03A560301A4761F02DC9602761F02EF1B
:20B8D00056BF033992AB08A9EF0096386F458F40B5C0761F02EFA03A56BF03392B386F3CA5
:20B8E0008F40B5C0761F02EFA03A2B392B386F348F40B5C0761F02EFA03A2B392B386F2C34
:20B8F0008F40BC0A761F02EFA03A93A4531067039B016F09910F9A00530061029A0193A469
:20B90000FFD295A9761F02DC97025C02761F02EF56BF03393F386F108F40AAC0761F02EF22
:20B91000A03A560301A4761F02DC9602761F02EF56BF03393F38761F02D79200761F02DC73
:20B920009600761F02D79201761F02DC960192A752036119520461175205611588A493A65E
:20B9300053806605761F02EF7E366F05761F02EF56BF80365201600AFFD0973693ABFFD351
:20B9400097386F04761F02EF7C362B37761F02F11A000200761F02EF93365305690628AB7E
:20B9500000059B0575366F0527362B3656BF0137D40093AB55A46943761F02EF833A58387E
:20B96000889593A7CDA8FFFD612593A753016110530361035304602F93A658399A018F40A6
:20B97000B70091FF94A0963997950A386F2493A658399A018F40B70091FF94A096399795C2
:20B98000583993A69A01FFD794A0963997950A386F1293A658399A018F40B700FFD794A085
:20B9900096399795583993A69A0191FF94A0963997950A38DC0193AB55A466BF92A752056D
:20B9A000600B761F02DC1A010080761F02EF9232761F02DC9602761F02EF923761238F0057
:20B9B000B7009239767EA0AA88A9761F02EF93A658399A018F00B70091FF94A09639979497
:20B9C000583992A69B01FFC795A0973996949239761F02F19601767EB828761F02F11A00AD
:20B9D00000800006B2BD761F02D792015245FFE101F15251FFE101DD5252FFE101DA525393
:20B9E000FFE101D7761F02EF9233520462125204FFE101025200FFE101C15201FFE101B861
:20B9F0005202FFE101AF5203FFE101A6FFEF01EE520561095206FFE101955207FFE1018849
:20BA0000FFEF01E4D1071B3041006706923194301BA901F26947923194301BA94198660406
:20BA10001B3041006725923194301BA9601EFFE600CC1B306000FFE800C85C30761F02EF18
:20BA20009231943054A4FFE900C088A4D00192A172A008A6A0008F40B5C05603089D9495E4
:20BA300058A68F40B8D99695D902DC016FE85C30761F02EF9231943054A4FFE900A688A413
:20BA4000D00192A172A008A6BF008F40B5C05603089D949558A68F40B8409695D902DC0150
:20BA50006FE85C3028AC00036F0F583008A0DF008F40AD007E956F07583008A0DF008F40AC
:20BA6000AD007E95DC01761F02EF9231943054A4695B761F02D756030804940588A98F7EB6
:20BA7000E2EA761F02EF923008A9DF0030A9560100A51BC57FFF662592308F7EE2EA08A908
:20BA8000DF0030A9560100A592A654C5680C92308F7EE2EB08A9DF0030A9560100A592A6F4
:20BA900054C569CB761F02F156BF0101761F02EF56BF02329A05D4039B00767EB8346F2457
:20BAA00092308F7EE2EA08A9DF0030A9560100A592A654C5640C92308F7EE2EB08A9DF0099
:20BAB00030A9560100A592A654C565A0761F02F156BF0101761F02EF56BF02329A05D40367
:20BAC0009B00767EB834761F02EF92325202FFE1011DD1075C306F1288A4D00192A172A028
:20BAD00008A6DF008F40B5C05603089D949558A68F40AD009695D902DC01761F02EF9231B8
:20BAE000943054A466EA9A04D4069B00767EB834FFEF00FC1B30410068251B3041986704B5
:20BAF0001B30410067131B30601E677D1B306000687A5830761F02D708A0A0005603080453
:20BB00008F00B8D9940596946F6E5830761F02D708A0BF00560308048F00B8409405969459
:20BB10006F62761F02D756030804940588A928AC00038F3EE2EA761F02EF923008A9DF005F
:20BB200030A9560100A41BC47FFF662D92308F3EE2EA08A9DF0030A9560100A492A654C432
:20BB3000681392308F3EE2EB08A9DF0030A9560100A492A654C46608583008A0DF008F005E
:20BB4000AD007E946F2C761F02F156BF0101761F02EF56BF02329A05D4039B00767EB8342C
:20BB5000FFEF009492308F3EE2EA08A9DF0030A9560100A492A654C4641C92308F3EE2EB68
:20BB600008A9DF0030A9560100A492A654C46211583008A0DF008F00AD007E9492E4761F36
:20BB700002DB960A9A03D4069B00767EB8346F6D761F02F156BF0101761F02EF56BF0232FC
:20BB80009A05D4039B00767EB8346F5F761F02F11A000080761F02F12B01767EB8286F5578
:20BB9000761F02F156BF01019A05D4039B00767EB8346F4B9A025C319330767EB8346F45CB
:20BBA0009A005C319330767EB8346F3F9A015C319330767EB8346F39761F02F156BF0101FB
:20BBB000761F02F19203761F02DC96006F2E761F02DC9202761F02F19C059601767EB82817
:20BBC000761F02F11A000080761F02EF2B356F1D761F02EF923452016018761F02DC9201B4
:20BBD00052C560039A066F055603080394049C07761F02F19601767EB828761F02F11A0093
:20BBE0000080761F02EF2B348BBE0006FE02761F02AA2B38923852036713761F02C2E2AF6A
:20BBF0000032E8120900AD146505761F02AA1A3900019C01761F02AA5203963868EF520294
:20BC000069031A3900109239FE820006FE02761F02AA4B3C6D17761F02BFE8020040E2AFA7
:20BC10000122E80C3FE8E6940001AD14650C761F02AA0A1C921C520568062B1C1A3C0800AA
:20BC20006F022B1C761F02AA4C3C6D17761F02BFE8020040E2AF0124E80C3FE8E694000133
:20BC3000AD14650C761F02AA0A1D921D520568062B1D1A3C10006F022B1DFE820006761F64
:20BC400001A141166D0C761F02AA921E611A0A1F1B1F012C68162B1F2B1E6F13761F02AAA2
:20BC50004B3D6D080A1E921E520568042B1E1A3D08002B1F7622761F01A11A170002761AB8
:20BC6000761F01A641166D0C761F02AA9220611A0A211B21012C68162B212B206F13761F8A
:20BC700002AA4C3D6D080A209220520568042B201A3D10002B217622761F01A61A17000266
:20BC8000761AFF690006FE02761F02AA493C6D17761F02BFE801FD08E2AF011EE80CCCD0D8
:20BC9000E6940001AD14650C761F02AA0A229222520568062B221A3C02006F022B22761F09
:20BCA00002AA4A3C6D17761F02BFE801FD08E2AF0120E80CCCD0E6940001AD14650C761F06
:20BCB00002AA0A239223520568062B231A3C04006F022B23FE820006FE02761F02AA4F3C68
:20BCC0006D17761F02BFE801FDE0E2AF012CE80E6668E6940001AD14650C761F02AA0A2C1E
:20BCD000922C520568062B2C1A3C80006F022B2C761F02AA403D6D0F761F01BF4A016D0C89
:20BCE000761F02AA0A2D922D520268062B2D1A3D00016F022B2DFE8200060006FE02761FB1
:20BCF00002AA4B3C6D17761F02C2E2AF0020E8120F80AD14650B761F02AA0A249224521929
:20BD0000681E2B241A3C08006F1A761F02AA2B246F16761F02C2E2AF0020E8120D00AD1480
:20BD1000630B761F02AA0A241B2405DC68082B24183CF7FF6F04761F02AA2B244C3C6D17FE
:20BD2000761F02C2E2AF0022E8120F80AD14650B761F02AA0A2592255219681E2B251A3C7F
:20BD300010006F1A761F02AA2B256F16761F02C2E2AF0022E8120D00AD14630B761F02AAC1
:20BD40000A251B2505DC68082B25183CEFFF6F04761F02AA2B25FE820006FE02761F02AAC6
:20BD5000493C6D17761F02C2E2AF001CE8121FD8AD14650B761F02AA0A2692265219681E88
:20BD60002B261A3C02006F1A761F02AA2B266F16761F02C2E2AF001CE8121F80AD14630BAC
:20BD7000761F02AA0A261B2605DC68082B26183CFDFF6F04761F02AA2B264A3C6D17761F6B
:20BD800002C2E2AF001EE8121FD8AD14650B761F02AA0A2792275219681E2B271A3C040046
:20BD90006F1A761F02AA2B276F16761F02C2E2AF001EE8121F80AD14630B761F02AA0A27B0
:20BDA0001B2705DC68082B27183CFBFF6F04761F02AA2B27FE820006FE02761F02AA4D3CFA
:20BDB0006D1D761F02C2E2AF001CE8121500AD146311E2AF0020E8120500AD14650B761F29
:20BDC00002AA0A289228521968242B281A3C20006F20761F02AA2B286F1C761F02C2E2AF73
:20BDD000001CE8121640AD146207E2AF0020E8120400AD14630B761F02AA0A281B2805DC48
:20BDE00068082B28183CDFFF6F04761F02AA2B284E3C6D1D761F02C2E2AF001EE81215001C
:20BDF000AD146311E2AF0022E8120500AD14650B761F02AA0A299229521968242B291A3C4B
:20BE000040006F20761F02AA2B296F1C761F02C2E2AF001EE8121640AD146207E2AF0022FE
:20BE1000E8120400AD14630B761F02AA0A291B2905DC68082B29183CBFFF6F04761F02AAC2
:20BE20002B29FE820006FE02761F02AA4D3D6D16761F02C2E2AF0024E8160500AD14630B9A
:20BE3000761F02AA0A2A922A520A68082B2A1A3D20006F04761F02AA2B2A4E3D6D16761F7D
:20BE400002C2E2AF0026E8160500AD14630B761F02AA0A2B922B520A68082B2B1A3D400049
:20BE50006F04761F02AA2B2BFE820006FE02761F02AA4F3C6D1B761F02C2E8022070E2AF8A
:20BE6000012EE80C0000E6940001AD14650B761F02AA0A2E922E5205681E2B2E1A3C8000AE
:20BE70006F1A761F02AA2B2E6F16761F02C2E2AF002EE8122038AD14630B761F02AA0A2FF7
:20BE80001B2F05DC68082B2F183C7FFF6F04761F02AA2B2FFE820006FE02761F02AA453D84
:20BE90006D28761F02E92D3B35320EA9BDA90F1677007700E8022278761F02BEE68B00092B
:20BEA000E80C0000E7200040E2AF0326E6940003AD14650B761F02AA0A3092305219681EB1
:20BEB0002B301A3D00206F1A761F02AA2B306F16761F02BEE2AF0026E8122178AD14630B28
:20BEC000761F02AA0A301B3005DC68082B30183DFFDF6F04761F02AA2B30FE820006FE0228
:20BED000761F02AA473D6D28761F02E92D3B35320EA9BDA90F1677007700E80222A0761F38
:20BEE00002BEE68B0009E80C0000E7200040E2AF0328E6940003AD14650B761F02AA0A31E7
:20BEF00092315219681E2B311A3D00806F1A761F02AA2B316F16761F02BEE2AF0028E81298
:20BF00002178AD14630B761F02AA0A311B3105DC68082B31183DFF7F6F04761F02AA2B3101
:20BF1000FE820006761F02AA423D6D18761F02BE1B2E0FDC62041B2F0FDC650C761F02AA70
:20BF20000A321B3201F4690D283201F41A3D00046F08761F02AA2B326F04923261020B3277
:20BF300000060006761F02AA403C6C090A331B330BB868062B33183CFFFE6F022B33761FE4
:20BF400002E947106C15761F02AA063C60140A371B3701F46810761F01BF1A0D0080761F96
:20BF500002E91810FF7F761F02AA2B376F04761F02AA2B37403D6C15761F01BF4A016D0775
:20BF6000761F02AA9234610E0B346F0C761F02AA0A341B3405DC68062B34183DFFFE6F0252
:20BF70002B344B3D6C1B761F01BF42096C13761F02AA0A351B3505DC68122B357622761F6C
:20BF800001A11A170002761A761F02AA183DF7FF6F06761F02AA2B356F022B354C3D6C1BB9
:20BF9000761F01BF43096C13761F02AA0A361B3605DC68122B367622761F01A61A170002DC
:20BFA000761A761F02AA183DEFFF6F06761F02AA2B366F022B36FF690006767EBCEE767E84
:20BFB000BD4D767EBDAC767EBE23767EBE56767EBE8C767EBECF767EBF12767EBF320006BE
:20BFC000761F02AA423A6C320E17761F01BF1EA6CC010010FFC380A906A60FA76005761FA4
:20BFD00002ED44386D04761F02AA0A15761F02AA0A14921452146811921552026705921622
:20BFE000610A0B166F080A161B1605DC6904183AFFFB2B162B142B15761F01BFCC01001061
:20BFF000761F02AAFFC396176F032B152B16433A6C320E1B761F01BF1EA6CC010020FFC481
:20C0000080A906A60FA76005761F02ED44386D04761F02AA0A19761F02AA0A1892185214E8
:20C010006811921952026705921A610A0B1A6F080A1A1B1A05DC6904183AFFF72B1A2B1802
:20C020002B19761F01BFCC010020761F02AAFFC4961B6F032B192B1A0006761F02D6442BE8
:20C030006D1F767EBBE6761F02E9961A2B1A761F02D6CD2BFFF0761F02E9921A900F761FA6
:20C0400002D6CAA8962BCD2BFFEF761F02E9CC1A0010FFC3761F02D6FF83CAA8962B00068F
:20C05000761F01BF1A0D00800200761F02AA1E3C0006761BFFF0E20000BDE630060029428B
:20C06000561676256F00761BFFF0E20000BDE63006002942561676256F00761BFFF0E200CC
:20C0700000BDE63006002942561676256F00761BFFF0E20000BDE630060029425616762549
:20C080006F00761BFFF0E20000BDE63006002942561676256F00761BFFF0E20000BDE630E0
:20C0900006002942561676256F00761BFFF0E20000BDE63006002942561676256F00761BFC
:20C0A000FFF0E20000BDE63006002942561676256F00761BFFF0E20000BDE630060029424F
:20C0B000561676256F00761BFFF0E20000BDE63006002942561676256F00761BFFF0E2007C
:20C0C00000BDE63006002942561676256F00761BFFF0E20000BDE6300600294256167625F9
:20C0D0006F00761BFFF0E20000BDE63006002942561676256F00761BFFF0E20000BDE63090
:20C0E00006002942561676256F00761BFFF0E20000BDE63006002942561676256F00761BAC
:20C0F000FFF0E20000BDE63006002942561676256F00761BFFF0E20000BDE63006002942FF
:20C10000561676256F00761BFFF0E20000BDE63006002942561676256F00761BFFF0000508
:20C11000ABBDA8BDA0BDC2BDC3BDE20000BDE20300BDE20301BDE20302BDE20303BDE630A3
:20C120000600FF6929425616767ED7BB761F003356BF0121E2AF03BEE2AF02BEE2AF01BE42
:20C13000E2AF00BEE28000BEC5BEC4BE83BE8ABE87BE00033B30FFF176177602761BFFF0CA
:20C14000E20000BDE63006002942561676256F00761BFFF0E20000BDE63006002942561631
:20C1500076256F00761BFFF0E20000BDE63006002942561676256F00761BFFF0E20000BD8A
:20C16000E63006002942561676256F00761BFFF0E20000BDE63006002942561676256F00A6
:20C17000761BFFF0E20000BDE63006002942561676256F00761BFFF0E20000BDE630060058
:20C180002942561676256F00761BFFF0E20000BDE63006002942561676256F00761BFFF022
:20C19000E20000BDE63006002942561676256F00761BFFF0E20000BDE630060029425616E1
:20C1A00076256F00761BFFF0E20000BDE63006002942561676256F00761BFFF0E20000BD3A
:20C1B000E63006002942561676256F00761BFFF0E20000BDE63006002942561676256F0056
:20C1C000761BFFF0E20000BDE63006002942561676256F00761BFFF0E20000BDE630060008
:20C1D0002942561676256F00761BFFF0E20000BDE63006002942561676256F00761BFFF0D2
:20C1E000E20000BDE63006002942561676256F00761BFFF0E20000BDE63006002942561691
:20C1F00076256F00761BFFF0E20000BDE63006002942561676256F00761BFFF0E20000BDEA
:20C20000E63006002942561676256F00761BFFF0E20000BDE63006002942561676256F0005
:20C21000761BFFF0E20000BDE63006002942561676256F00761BFFF0E20000BDE6300600B7
:20C220002942561676256F00761BFFF0E20000BDE63006002942561676256F00761BFFF081
:20C23000E20000BDE63006002942561676256F00761BFFF0E20000BDE63006002942561640
:20C2400076256F00761BFFF0E20000BDE63006002942561676256F00761BFFF0E20000BD99
:20C25000E63006002942561676256F00761BFFF0E20000BDE63006002942561676256F00B5
:20C26000761BFFF0E20000BDE63006002942561676256F00761BFFF0E20000BDE630060067
:20C270002942561676256F00761BFFF0E20000BDE63006002942561676256F00761BFFF031
:20C28000E20000BDE63006002942561676256F00761BFFF0E20000BDE630060029425616F0
:20C2900076256F00761BFFF0E20000BDE63006002942561676256F00761BFFF0E20000BD49
:20C2A000E63006002942561676256F00761BFFF0E20000BDE63006002942561676256F0065
:20C2B000761BFFF0E20000BDE63006002942561676256F00761BFFF0E20000BDE630060017
:20C2C0002942561676256F00761BFFF0E20000BDE63006002942561676256F00761BFFF0E1
:20C2D000E20000BDE63006002942561676256F00761BFFF0E20000BDE630060029425616A0
:20C2E00076256F00761BFFF0E20000BDE63006002942561676256F00761BFFF0E20000BDF9
:20C2F000E630060029425616E28000BEFFF176177602761BFFF0E20000BDE6300600294280
:20C30000561676256F00761BFFF0E20000BDE63006002942561676256F00761BFFF0E20029
:20C3100000BDE63006002942561676256F00761BFFF0E20000BDE6300600294256167625A6
:20C320006F00761BFFF0E20000BDE63006002942561676256F00761BFFF0E20000BDE6303D
:20C3300006002942561676256F00761BFFF0E20000BDE63006002942561676256F00761B59
:20C34000FFF0E20000BDE63006002942561676256F00761BFFF0E20000BDE63006002942AC
:20C35000561676256F00761BFFF0E20000BDE63006002942561676256F00761BFFF0E200D9
:20C3600000BDE63006002942561676256F00761BFFF0E20000BDE630060029425616762556
:20C370006F00761BFFF0E20000BDE63006002942561676256F00761BFFF0E20000BDE630ED
:20C3800006002942561676256F00761BFFF0E20000BDE63006002942561676256F00761B09
:20C39000FFF0E20000BDE63006002942561676256F00761BFFF0E20000BDE630060029425C
:20C3A000561676256F00761BFFF0E20000BDE63006002942561676256F00761BFFF0E20089
:20C3B00000BDE63006002942561676256F00761BFFF0E20000BDE630060029425616762506
:20C3C0006F00761BFFF0E20000BDE63006002942561676256F00761BFFF0E20000BDE6309D
:20C3D00006002942561676256F00761BFFF0E20000BDE63006002942561676256F00761BB9
:20C3E000FFF0E20000BDE63006002942561676256F00761BFFF0E20000BDE630060029420C
:20C3F000561676256F00761BFFF0E20000BDE63006002942561676256F00761BFFF0E20039
:20C4000000BDE63006002942561676256F00761BFFF0E20000BDE6300600294256167625B5
:20C410006F00761BFFF00005ABBDA8BDA0BDC2BDC3BDE20000BDE20300BDE20301BDE20326
:20C4200002BDE20303BDE6300600FF6929425616764088A3761F003356BF0121E2AF03BE0B
:20C43000E2AF02BEE2AF01BEE2AF00BEE28000BEC5BEC4BE83BE8ABE87BE00033B30FFF1AB
:20C4400076177602761F02ED9202900F5204600E0A121B1203E86903281203E80A141B144A
:20C4500003E86906281403E86F032B122B14CC02000F520462105204612A5200FFE1009E07
:20C460005201FFE100825202FFE100B75203616CFFEF00B85205FFE100A35206610D52075B
:20C47000FFE000B04702FFEC00AD1802FF7F1802FFF0FFEF00A74602FFEC00A4CC02FFF072
:20C48000500796021802FFBFFFEF009C761F01C146156D1745156D0347156C2D56BF03112D
:20C4900056BF23111A1100011811FFFD761F02EDCC02FFF0500396022B042B122B146F1B91
:20C4A000761F02ED58048F00B0C0761F01C1C6179694761F02ED0A042B14921354126607F6
:20C4B0000E05761F02C388000FA66105761F02ED2B122B04761F02ED9204610492135414E0
:20C4C00068041B04010A68082B142B12CC02FFF0500596022B114A026C541802FFF00A11C4
:20C4D0001802FBFF6F4E761F01C146146C4A1A1100011811FFFD761F02EDCC02FFF050042E
:20C4E00096022B046F3E920354196912761F01C147146C37761F02ED58198F00B200761F2B
:20C4F00001C192949619761F02ED0A196F2ACC02FFF0500296026F254E026C231802BFFF63
:20C500009203611F761F01C11A110002761F02ED2B19CC02FFF0500196026F13761F01C13B
:20C510001811FFFE761F02ED1802FF7FCC02FFF0500696026F062B03CC02FFF050039602D3
:20C520000006761F02D64B236C0D761F02E9920652046808761F02D6922B900F6103767EA2
:20C53000C4420006B2BD761F02ED9204520368209CFE8F00B0C0767EA0AA88A9761F02EDED
:20C54000590458048F00B0C0D981D8825603089C949480A90EA6BE000FA76102BE0192A69F
:20C55000CD02FFEF9001FF83CAA896026F031802FFEF8BBE0006761F02ED0E05761F02C337
:20C5600088000FA66054761F02ED2B08767EC53244026D48761F02C392015203610F520623
:20C570006108761F02ED56BF010856BF02096F09761F02ED56BF01096F04761F02ED2B093A
:20C5800092095202613A5200610E5201601A761F02C3560308029403761F02ED960656BFFA
:20C5900001076F0F761F02C3E2C400027700E84FC0007700E68E0000761F02EDE21300072A
:20C5A00092096004920752106608920952016015880A0E060FA6611156BF030856BF0209A3
:20C5B0006F0C56BF040856BF02096F07761F02ED56BF030856BF02090006B2BD761F02ED7C
:20C5C00092096113520161045202612D6F30880A0E060FA6602C880C0E070FA660281A022A
:20C5D00080001A0200806F23BE03D10092A1540C67139A0158A694A680A98F00B0C05603AA
:20C5E000089458A794948F00B9EE969CDE02D90192A1540C68EF1A0201001A0280001A0297
:20C5F00000806F0518027FFF1A0200808BBE0006761F02ED8F00B0C0D5000E04767EDE6612
:20C60000761F02ED2B040006B2BDAABDA2BD59A45AA85BA9761F02ED49026D4D52006126C7
:20C61000520161065202603856BF031C6F359205761F02C8960056BF060192A2FFC7960252
:20C62000CCA200FF9603761F02AA923F761F02C8FFC79604761F02AAC63F761F02C89605E3
:20C63000761F02ED56BF061C6F179205761F02C8960056BF030192A2FFC79602CCA200FF05
:20C64000960392A1FFC79604CCA100FF9605761F02ED56BF061C92A35202610992A15280F4
:20C650006603961A6F0556BF801A6F02791A2B1B1A020200921A520569049A05741A6F0416
:20C660002B1A56BF011B921B61228F00B200921C767EA0AA761F02ED581C9B018F00B20012
:20C6700095A0971CCDA900FF9794581C9B01FFC795A0971C9694921C9603767EC5F81A0226
:20C6800040001802DFFF7B0F7A0B790D82BE86BE8BBE00060006761F02AA433D6D19761F18
:20C6900002ED9211BE01520A67059210520A6702BE00761F02AA923D93A9FFD29101CCA928
:20C6A000FFF7CBA69101FF92CBA9973D6F05761F02ED2B112B100006761F02D6922B900F6A
:20C6B000FFE100C1761F02D64B23FFEC00AA761F02E992065204FFE800A4761F02ED920248
:20C6C000900F520460090A159215526468062B151A0204006F022B159202900F5206601BFB
:20C6D000767EC55B9208600C920952026109761F02AA183DFFF7761F02ED2B106F08761F80
:20C6E00002AA1A3D0008761F02ED0A101A02004018027FFF9202900F52076007767EC5BD34
:20C6F00047026C03767EC5F89202900F606F48026D0F2B0E2B0A56BF0C0C0A16921652C87C
:20C7000068572B161802FDFF1A0220006F514B026D1E4F026D110A17921752C868492B1789
:20C71000920F960E920B960A920D960C1802FDFF1A0220006F3D2B0E2B0A56BF0C0C180293
:20C72000FDFF1A02200018027FFF6F3256BF010E921861175201610C5202601B280A10363B
:20C73000761F02F0923D761F02AA963F6F1256BF0A0A761F02F0923C761F02AA963F6F09F0
:20C7400056BF0B0A761F02F0923B761F02AA963F761F02ED0A189218520360042B181802DF
:20C75000F7FF56BF010C1A0220001802FDFF4D026C0D920E5C0C930A767EC6046F07767ECA
:20C76000C5F81A0200802B032B04761F02D64B236C0D761F02D6922B900F6108767EC68B38
:20C770006F05761F02AA183DFFF70006761F02D6922B900F6144761F02ED48026C40761F26
:20C7800002A10E37761F02F0883B0FA6610D761F02A19237527F6608761F02F0963B761F17
:20C7900002ED1A020800761F02A10E38761F02F0883C0FA6610E761F02A1CC38FFFE6009E7
:20C7A0009238761F02F0963C761F02ED1A020800761F02A10E39761F02F0883D0FA6610FBE
:20C7B00028A91234761F02A1543960099239761F02F0963D761F02ED1A020800000600064B
:20C7C000000600060006761F02ED56BF010556BF13131802FFF01802FEFF0006FE02761FB2
:20C7D00002ED4D206D054B206D0349206C0606306004921E5201600F9B009A5F54A86408BD
:20C7E000921E5201610552026103063061041820FFEF6F031A200010761F029AE2AF003C9D
:20C7F000E8AFE000E801FC01E6940001AD146312761F029BE2AF00068F004650E68A0000BD
:20C80000A8AC761F02EDBFA90F12564400A90F346706761F02ED921E520161041820FFDFC2
:20C810006F031A20002048206D12761F029BE2AF00088F004650E68A0000A8AC761F02ED1D
:20C82000BFA90F12564400A90F326704921E520261041820FFBF6F031A20004042206D0F57
:20C83000761F02B39A00932A530060029A0152016106761F02ED1A2000086F05761F02ED7F
:20C840001820FFF742206C13921E520561105205610552006103921E962392235205610305
:20C850009223600356BF012356BF051E761F02B39A00932A530060029A0152016013761FF3
:20C8600002ED921E610F5205610552006103921E96239223520561039223600356BF01230C
:20C870002B1E761F02ED921E5201611243206C1092275201610A9227600B44206D064720AD
:20C880006D0492235201600456BF011E2B23921E5202611243206C1092275202610A9227B2
:20C89000600B45206D0647206D0792235202600456BF021E2B23921E5203611843206C1617
:20C8A000922752036110921E5204610D9227600E46206D0947206D04922352036104922881
:20C8B0005201600456BF031E2B23921E520461029220FE820006761F02ED2B272B282B1F19
:20C8C0002B2602001E2E1E2E1820FF7F1E301E2C1820FDFF1E2A2B251820DFFF1E341E329B
:20C8D0001820FEFF2B242B1E2B2056BF01230006FE02761F02ED921E520161109A005426E5
:20C8E00065029626921E5205600C020019100F2E690802015601002E6F042B2602001E2E2F
:20C8F0008F003A98A8A90F2E68069A019B0094A85426630502001E2E1A20008047206C0A92
:20C90000921E5201610552026103922761031820FF7F42206D18761F02B39A00932A530246
:20C9100060029A015201600B761F02ED0A2292225264691F1A2000042B226F1B761F02ED11
:20C920002B226F17761F02B39A00932A530260029A015200600B761F02ED0A22922252645A
:20C9300069081820FFFB2B226F04761F02ED2B22921E520161105202610E52056109472054
:20C940006D07063061190201564100306F1502001E306F12761F029BE2AF010EE80254186C
:20C95000E80EB000E70000407700E68A0000761F02EDE2030030921E520361105205610E3E
:20C960005200610C52016105520261035204602902001E2C1820FDFF6F2402015601002C0F
:20C97000761F029BE2AF010CE8025418E80EB000E70000407700E68A00007700761F02EDD2
:20C98000BFA90F120F2C68041820FDFF6F031A200200020019100F2C6704020019101E2C3F
:20C99000921E52046112520561105200610E52016105520261035203603602001E2A1820A7
:20C9A000FBFF1820F7FF6F2F02015601002A28A9B40028A807350F2A68041820FBFF6F0353
:20C9B0001A200400761F029BE2AF010AE8025418E80EB000E70000407700E68A00007700DA
:20C9C000761F02EDBFA90F120F2A68041820F7FF6F031A200800020019100F2A67040200F2
:20C9D00019101E2A4D206D1C9A343B0185A9BDA90F127700770077007700E6890000E801ED
:20C9E000FC01E6940001AD14630993250A251BA801F469251A2020006F222B256F209A34CD
:20C9F0003B0185A9BDA90F127700770077007700E6890000E801FC01E6940001AD1465065E
:20CA00001B25FFFF67040A256F022B251B2501F46604921E520160031820DFFF921E52015F
:20CA1000611206346104020156410034921E52026107520361055204610347206C0B020065
:20CA20001E346F08020019100F346904020156010034921E52026112063261040201564116
:20CA30000032921E52016107520361055204610347206C0B02001E326F08020019100F32C1
:20CA40006904020156010032761F029BE2AF0104761F029BE2AF0010E7000040761F02ED97
:20CA5000921E52026007E805FC01E6940001AD14640D48206C090A24922452FA6912182004
:20CA6000FEFF2B246F0E2B246F0C48206D090A241B24753069061A2001002B246F022B247A
:20CA7000FE820006761F02ED9221612592215201611692215202610B92215203601B922836
:20CA80005202600356BF01282B276F14921E520161035202600F56BF03276F0C921E5204E2
:20CA9000610552036103520060050630600356BF02272B21921E52026004922752026106B1
:20CAA000921E520261052B286F0356BF0228922752036104922752046006921E5203610DAD
:20CAB0005204610B922752026006921E5202610552016103921E60022B270006000600069A
:20CAC000761F02ED4C206D05767EC8BB1A2010004C206C07767ECA72767EC8D8767EC7CE07
:20CAD0000006000600060006761F02EF5C03DC01BE0093A6550367272901B60092A68F40A8
:20CAE000BA80560301A9560100A506C50F12660E92A68F40BA80560301A9560100A506C592
:20CAF0000F12600556BF010B6F02DC8192A68F40BA80560301A9560100A5C3C5DE0193A6D1
:20CB0000550368DD92A40006FE08761F018040046D2C56BF084228A9010628A891001E4845
:20CB1000761F02EBA348027F18AB0FFF18AAFFF88921FF3BCAABCBAA1E48761F02EF0612BB
:20CB20001E465CADDC865CA402001ED45CADDC885CA4767EDA00761F02EF0A0C920C520863
:20CB3000680456BF03092B0CFE880006FE08761F018040046D1F56BF084228A9010628A8A2
:20CB400091001E48761F02EF06121E465CADDC865CA402001ED45CADDC885CA4767EDA0042
:20CB5000761F02EF0A0C920C520368042B0C56BF010AFE880006761F02EF920960089200CC
:20CB6000603656BF01092B0C2B036F315201612052026115520361075204602956BF0100AB
:20CB70002B096F2592066023767ECAD4761F02EB9621761F02EF56BF04096F19930F0A0F0C
:20CB80001BA8012C68142B0F767ECB046F10920A52016109920F0A0F527868092B0F767E31
:20CB9000CB366F0556BF02092B0A2B0F0006761F02EF92066138B600BE0092A65403671743
:20CBA0002901560301A98F00BA80560100A456030107A3C48F00BB00560100A4A9A90FC452
:20CBB0006002B601DE0192A6540368EC92A7601429018F00BB0056030107560100A4C4C485
:20CBC000560301038F00BA80560100A4C2C49203521F67020A039207521F68032B076F021A
:20CBD0000A070B060006761F02EF920452016005767ECB5B767ECB97761F02E9920652016E
:20CBE0006916761F02EF920461059208600356BF010892085201600A1B0E03E866030A0E2D
:20CBF0006F062B002B0E2B086F022B0E0006761F02EF2B0A2B002B092B0C0006CCC40FF083
:20CC0000FFC35210603506C42901FF4B907F6118761F02EF92055220672B920652206728DB
:20CC1000C4D4560301058F40BB00560100A5C2C50A060A0592055220681B2B056F198F40CE
:20CC2000BA80F6412B858F40BB00F6412B85761F02EA06D41E00761F02EF56BF01032B051A
:20CC30002B062B0756BF010A2B0056BF0109CCC40FF0FFC35211602F06C42901FF4B907F87
:20CC4000600BCCDC0FFF520258A9672592D48F00BBD496946F2006C4FF4B907F88A980A61B
:20CC5000761F02EB0E210FA76113CDDC0FFF58A892A6522066105302670E88D49CFF8F00C2
:20CC6000B900560302A9560100A47E946F04761F02EF2B000006FE08761F02EF920152014E
:20CC7000612E1B1101776929761F018040046D4556BF084228A9011628A891001E48761F30
:20CC800002EBA348027F18AB0FFF18AAFFF88921FF3BCAABCBAA1E482B45761F02EF9216DF
:20CC900096462B432B445CADDC885CA4767EDA00761F02EF2B116F210A116F1F761F01807F
:20CCA00040046D1B56BF084228A9011628A891001E4818480FFF1847FFF82B45761F02EFE0
:20CCB000920296462B432B445CADDC885CA4767EDA00761F02EF2B01FE8800063100BE00AF
:20CCC000D500761F02EF1B100BB8695692016055761F02EB2901922176C0B9009CFF5603C2
:20CCD00002A9560100A7761F02EF921696C7B60092A7522067272901560302A98F00B900AB
:20CCE000560100A492C4611A92A78F00B900560302A9560100A4A9A90DC4FF5A92A75603DA
:20CCF00002A98F00B900560100A42BC4DE0192A6520160049A0194A75DA9DF0192A7522012
:20CD000068DCA9A9611592A6611388A60200761F02EFF61F561700A63F0288A5761F02EB8D
:20CD10000E210FA66005761F02EF56BF0101761F02EF2B106F020A1000067622761F01BEDF
:20CD2000CC36FFCF50209636CC36FCFF1AA902009636CC36CFFF1AA920009636CC37FFCF09
:20CD300050209637CC37FCFF1AA902009637CC37CFFF1AA920009637761AFF6900067622FF
:20CD4000761F01C01A1C000876FD7C80FF693E67761A7622761F01C41A0000401A000020AD
:20CD50001A0000801A0040001800FFF7761A8F00464EFF69A8A97640890A7622761F01C41A
:20CD60001A010001761A8F00464EFF69A8A97640890A000688A9761F01C4CC20FC3FCDA6B7
:20CD7000000FFF95CBA99720CDA6000FCC21FC3FFF95CBA99721CDA6000FFF95CC22FC3F2C
:20CD8000CBA99722CDA6000FFF95CC23FC3FCBA99723CDA6000FFF95CC24FC3FCBA9972488
:20CD9000CDA6000FFF95CC25FC3FCBA99725CDA6000FFF95CC26FC3FCBA99726CDA6000F1B
:20CDA000FF95CC27FC3FCBA99727CDA6000FFF95CC28FC3FCBA99728CDA6000FFF95CC29FC
:20CDB000FC3FCBA99729CDA6000FFF95CC2AFC3FCBA9972ACDA6000FFF95CC2BFC3FCBA9BC
:20CDC000972BCDA6000FFF95CC2CFC3FCBA9972CCDA6000FFF95CC2DFC3FCBA9972DCDA61C
:20CDD000000FFF95CC2EFC3FCBA9972ECCA6000FFF85CD2FFC3FCAA8962F0006B2BDD10079
:20CDE000BE06761F01C493A6CC20FFC0913FCBA99720CDA6003FCC21FFC0CBA99721CDA639
:20CDF000003FCC22FFC0CBA99722CDA6003FCC23FFC0CBA99723CDA6003FCC24FFC0CBA9A7
:20CE00009724CDA6003FCC25FFC0CBA99725CDA6003FCC26FFC0CBA99726CDA6003FCC278C
:20CE1000FFC0CBA99727CDA6003FCC28FFC0CBA99728CDA6003FCC29FFC0CBA99729CDA66C
:20CE2000003FCC2AFFC0CBA9972ACDA6003FCC2BFFC0CBA9972BCDA6003FCC2CFFC0CBA94E
:20CE3000972CCDA6003FCC2DFFC0CBA9972DCDA6003FCC2EFFC0CBA9972ECCA6003FCD2F2C
:20CE4000FFC0CAA8962F1A0800201A0820001808FFBF1808BFFF1A000004CC08FFE0500675
:20CE50009608CC08E0FF1AA90E009608CC14FFFC50029614CC14FFF350089614CC14FFCFA9
:20CE600050209614CC14FF3F50809614CC14FCFF1AA902009614CC14F3FF1AA9080096146F
:20CE7000CC14CFFF1AA920009614CC143FFF1AA980009614CC15FFFC50019615CC15FFF3B1
:20CE800050049615CC15FFCF50109615CC15FF3F50409615CC15FCFF1AA901009615CC1553
:20CE9000F3FF1AA904009615CC15CFFF1AA910009615CC153FFF1AA9400096158F00464E01
:20CEA000A8A97640890A761F01C456BFFF1AD40028A9010054A46934761F01C440046CFD0E
:20CEB0001A050001B2A9761F002C0D000D010D020D030D040D050D06761F01C449186DFD91
:20CEC000761F002C0D07761F01C441046CFD1A050002761F002C0D080D090D0A0D0B0D0C20
:20CED0000D0D0D0E761F01C441186DFD761F002C0D0F8BA9DC1028A9010054A466CE761F60
:20CEE00001C41808FFDF1808DFFF921860FF1A0500011A0500021A0700011A070002CC1006
:20CEF000FFE0500196109210901F520160FD1810FFE09210901F60FE28A9010088A9B2AB35
:20CF00000200F61F561700A692AB8BBE00067622761F01C41800FFF71A0000029A0DFF6930
:20CF1000767ECD6A761F01C5CC01FE0050509601767ECDDE9B50761F01C59FA918A801FF8C
:20CF2000CC01FE00CBA99701761F01C41800FFFD761AFF69000627A988A828A910009EAB84
:20CF300080A9611229018F00B30A560303A6560100A40EAB1EAC0EA71EA7566500C4020054
:20CF4000F61F561700A729018F00BC18560302A6560100A406C4612D560302A68F00BC1B60
:20CF5000560100A492C46125560302A68F00BC18560100A48AC4C5C48F40BC18560302A610
:20CF60008F00BC1B560100A5560302A6560100A492C49CFF560301A907C58AA9C4C406A72B
:20CF70000FAB680606A60FAB6904A3A66F02A3A7A9A90006AABD8EA92BAA29018F40BC1B07
:20CF8000560302A4560100A580C52BAC560302A48F40BC1B560100A55AC5560302A48F40EC
:20CF9000BC1A560100A592C56020560302A47680BC18560100A6560301A207C6190283A902
:20CFA0003AA90FC5680592A29CFFFFEF00DB560302A48F40BC18560100A583C53AA90FC518
:20CFB000662392ACFFEF00CE560302A47680BC18560100A6560301A207C6190283A93AA925
:20CFC0000FC5660592A29CFFFFEF00BC560302A48F40BC18560100A583C53AA90FC5680490
:20CFD00092ACFFEF00AFBE006F0992A76106FFC080A992AA9C012FA9DE019A0194AA54A645
:20CFE00066F5BE0092AA54A6FFE9009C290192A294ACFFC027A976C0BC18560302A45601D1
:20CFF00000A7560301AB07C783A906C50FA0FFE100880FA0680D560302A48F40BC1A56017A
:20D0000000A592C560035AAB6F0E2DAB6F0C560302A48F40BC1A560100A592C560032DABAA
:20D010006F025AAB92AC9EA280A98F40FFFFA0A90FA76106DE0192AA54A666CA6F62560341
:20D0200002A48F40BC1A560100A592C5602D560302A47680BC18560100A6560301AC07C62C
:20D0300083A9C4C5560302A48F40BC18560100A5560301A207C58AA9A3C43AA9565D00A6EF
:20D0400003A68EA9FF321EA7A9A63AA9FF3007A7FF5A0200F61F561700A6350A1EA692AB28
:20D0500093A694A86F2E560302A47680BC18560100A6560301A207C683A9C4C5560302A46B
:20D060008F40BC18560100A5560301AC07C58AA9A3C4A9A903A08AA9565D00A6FF321EA72E
:20D07000A9A6A8A9FF3007A7FF5A0200F61F561700A6350A1EA692AB93A694A86F0292AB3D
:20D0800086BE0006B2BD59A8767ECF2B5CA1767ECF7A88A929018F00B30C560303A15601B1
:20D0900000A493C495A692A88BBE00068F3EEA10761F02F0A82456BF9C2756BF0126761FFE
:20D0A00002CC8F0013ECA8222824FED4761F02F08F3EE8C4A82C56BFA62F56BF012E761F95
:20D0B00002CC8F00B798A8322834FE7000067622761F01C01812BFFF1A1220001812FFFDC2
:20D0C0001A1200011812FFFB1A1204001812FEFF761AFF6900067622761F01C056BF55252D
:20D0D00056BFAA25761AFF6900067622761F01C01812FBFF1A1200021A1220001A12400066
:20D0E0001A1200011812FFFB1812FEFF761AFF6900067622761F01C01812FEFF1812FFFE7E
:20D0F0001A1220001A1240001A120400761AFF6900067622761F01C056BF6829761AFF69AE
:20D10000000688A880A9761F01C043116C0676221A110010761A7625CC110180610576223A
:20D110001811FE7F761A0EA7FF5A9221901F5CA9A9A90FA4611476221A110040CCA7001F45
:20D12000CD21FFE0CAA89621761AFF69767ED0F940116CFF76221811FFBF761A92A65201EE
:20D1300061035202600976229003CD11FE7FFF86CAA89611761A92A6520360127622CC1196
:20D14000FE7F1AA9010096118F000382FF69A8A97640890A761F01C01A110180761AFF69D7
:20D1500000067622761F01C056BF021BCC10FFFC500296101A1D00011A1D00021A1D00041E
:20D160001A1D00081A1D00101A1D00201A1D00401A1D0080181CFFFE1A1C0004181DBFFF46
:20D17000181D7FFF1A1D01001A1D02001A1D04001819FEFF1819FDFF1819FBFF1819F7FF93
:20D180001A1C00081820FFFE1820FFFD1820FFFB1A2001001A2002001A2004001820F7FFD3
:20D190001820BFFF1A2080001A1C0010181CFEFF181CFDFF1A1C04001A1C0800181CEFFF8E
:20D1A0001A1C40001A1C0004761AFF690006767ED0F976221A1C000876FD7C80FF693E67B2
:20D1B000761F01C0181CFFF7761AFF69767ED0E99A129B02767ED101767ED151000688A8DF
:20D1C0007622761F00224E016C031801BFFF761F01C01A3000049003CD30FFFCCAA8963004
:20D1D000CDA6000FCC32FFF0CBA99732FF69767ED0F940346CFF761F0022CCA40001CD0199
:20D1E000BFFFFF8DCAA89601761AFF6900067622761F01C01A1000401A1240001812DFFF12
:20D1F0001812FFFD1A1200011812FFFB1A1204001812FEFF761AFF690006FE027622761F26
:20D20000002B2820FFFF2821FFFF2822FFFF2823FFFF2824FFFF2825FFFF2826FFFF282795
:20D21000FFFF761A761FFDFF9238964192399641923A9641923B9641923C9641923D96410A
:20D22000923E9641923F9641761F002B922F9001F001FF69FE8200060006761F02E9920591
:20D230006039920660090A0B920B5205692C2B0B56BF01066F28520161245202611F5203BC
:20D240006005761F02BC41016D145204610D5205601A761F02E9920B0A0B523269142B0B55
:20D2500056BF06066F10761F02E956BF05066F0B761F02E956BF04066F0656BF03066F0360
:20D2600056BF0206761F02E992065206600356BF0105920552016008920B0A0B52326904AE
:20D270002B0B56BF020592055202600356BF030592065203680E920B0A0B5232690A761F40
:20D2800002BC40016D061A010001761F02E92B0B0006767ED22D761F02E9920A5232680940
:20D29000761F01BF1A060001761F02E92B0A6F020A0A0006761F02E9460D6D0A410D6C0CB8
:20D2A000CC0CFFF05001960C180DFFFD6F05CC0CFFF05003960CCC0C000F61195201610E40
:20D2B000520261225203601C410D6C1ECC0CFFF05001960C180DFFFD6F17420D6C15CC0CD5
:20D2C000FFF05002960C180DFFFB6F0E410D6C0CCC0CFFF05001960C180DFFFD6F05CC0CE2
:20D2D000FFF05001960C0006761F02E9CD10FFFD761F02D6CC238000FFCE761F02E9FF8055
:20D2E000CAA89610FFC6CD0DFFBF9001FF85CAA8960DCC0C000F614D5201611B5202610E68
:20D2F0005203604C761F02A91800FF7F761F02E9460D6D461A0D00026F43761F02A91A008C
:20D300000080761F02E941106D3B1A0D00026F38761F02A91800FF7F761F02E992125255A3
:20D31000611D761F02A918007FFF761F02E99210761F02A29300FFC0761F02E9880DFFD513
:20D32000CFA9910192A6FFC19001CBA99101FF91CCA6FFFBCBA9970D6F13761F02A91A0064
:20D3300080001800FF7F761F02E91A0D00026F08920561061A0D00026F031A0D00020006DF
:20D34000767ED29A767ED2D400060006767EDE11767ED8D5767ED3D4767ED61C767EB0BF5F
:20D350000006767EDC9C767EB546767ED4F8767ED632767EA073767EB0CF767ED9A50006AE
:20D36000BE008F408000D0001BA0600067168F00AAAA2895555528A9555554956102BE0168
:20D370002895AAAA8095A8A90FA76102BE012B95D8011BA0600068EE92A6520160026F00E8
:20D380000006767ED779767EB5CB767EC050767EDD3A767E9634767ED651767EA092767ECD
:20D39000B0ED767EC7C3767ED96A767ED9E0767ECBF7761F02E9281804B728199D6D0006FC
:20D3A0007622761F01A11A170004761A7622761F01A61A170004761AFF6900067622761FA5
:20D3B00001A11A180004761A7622761F01A61A180004761AFF6900067622761F01A3180EF6
:20D3C000FFFC180EFFF3761AFF6900067622761F01A3CC0EFFFC5001960ECC0EFFF3500481
:20D3D000960E761AFF690006767EDC68767EDC74767EDC8800067622761F01A028050BB803
:20D3E0002B0A2B032B04CC00FFFC500296001800FFFB1800DFFF1800FFF7CC00FFCF5020CC
:20D3F00096001800FC7F1800E3FF1807FFBF1807FFF3CC0CFCFF1AA90100960CCC0CF3FF09
:20D400001AA90800960C180FFFCFCC0FFFF35008960F180FFFFC2B102B11280A02581A1988
:20D410000800CC19F8FF1AA901009619CC1AFCFF1AA90100961A761F01A1280505DC2B09D7
:20D420002B0A2B032B04CC00FFFC500296001800FFFB1800DFFF1800FFF71800FFCF180097
:20D43000FC7F1800E3FF1807FFBF1807FFF3CC0CFCFF1AA90100960CCC0CF3FF1AA90800AB
:20D44000960C180FFFCFCC0FFFF35008960F180FFFFC2B102B11761F01A3280507082B0929
:20D450002B0A2B032B04CC00FFFC500296001800FFFB1800DFFF1800FFF71800FFCF180067
:20D46000FC7F1800E3FF1807FFEF1807FFBF1807FFFC1807FFF3CC0BFFCF5010960BCC0BA5
:20D47000FF3F5080960BCC0CFCFF1AA90100960CCC0CF3FF1AA90800960C180FFFCFCC0FAD
:20D48000FFF35008960F180FFFFC2B092B0A761F01A6280505DC2B092B0A2B032B04CC0036
:20D49000FFFC500296001800FFFB1800DFFF1800FFF71800FFCF1800FC7F1800E3FF1807F1
:20D4A000FFEF1807FFFCCC0BFFCF5010960BCC0BFF3F5080960B180FFFCFCC0FFFF350081E
:20D4B000960F180FFFFC2B102B11761F01A0CC14FFF350089614761F01A1CC14FFF35008B3
:20D4C0009614761F01A3CC14FFFC50029614CC14FFF350089614761F01A6CC14FFFC500255
:20D4D0009614761AFF69767ED3AE767ED3C600067622761F01A11A1200011A140003CC1485
:20D4E000FFF3500896141A0D00C0761AFF6900067622761F01A61A120002CC14FFFC500224
:20D4F00096141A14000C1A0D00C0761AFF6900067622761F01C0181CFFFB761AFF69767E4B
:20D50000D3DB767ED4D8767ED4E800060006761F02F19200900F5201600E0A061B0603E86B
:20D510006903280603E80A081B0803E86906280803E86F032B062B08CC00000F5204620F54
:20D52000520461335200FFE1008E5201614C5202FFE100A85203613EFFEF00B05205FFE19C
:20D53000009B520661065207FFE10092FFEF00A69201540A6914761F01C14714FFEC009E79
:20D54000761F02F1580A8F00B700761F01C192949619761F02F10A0AFFEF0090CC00FFF09A
:20D5500050079600FFEF008A4700FFEC00871800FF7F920160041800FFF06F7F761F01C1C4
:20D560001A110002761F02F1CC00FFF0500596006F7446006C72CC00FFF05004960018008C
:20D57000FFBF6F6B761F01C146156D1145156D0347156C2756BF031156BF2311761F02F120
:20D580001800FFF02B022B062B086F1B761F02F158028F00B5C0761F01C1C6179694761F90
:20D5900002F10A022B089207540666070E03761F02D788000FA66105761F02F12B062B02E1
:20D5A000761F02F1920261049207540868041B02010A68332B082B06CC00FFF050029600BF
:20D5B0006F2C8F00AD0092E452016127761F01C146146C231A1100011811FFFD761F02F11A
:20D5C000CC00FFF0500196002B026F172B011800FFF06F132B0ACC00FFF0500696006F0DE9
:20D5D000761F01C11811FFFE761F02F11800FF7FCC00FFF0500396000006761F02D64B231B
:20D5E0006D08761F02E9920652016903767ED5070006761F02D64B236D23761F02E9920686
:20D5F0005204681E761F02F156BF01099200900F52036009767EB731761F02F11A000040EB
:20D600001800FDFF9200900F52046013767EB9D2761F02F147006C0D767EB8286F0A767EF4
:20D61000B828761F02F11A0000802B012B022B0900060006000600067622761F01BE180C43
:20D62000EFFFCC07FCFF1AA902009607180DEFFF1A050300CC09FCFF1AA901009609761AD4
:20D63000FF6900067622761F01C156BF071056BF031156BF03141814FFFE1814FFFD56BF96
:20D64000011256BF231356BF2311281A8040281B204F2B1C181FFFEF1A1F0008761AFF69CA
:20D650000006761F02F156BF010356BF1407000600060006FE02761F02A19A0093285301F0
:20D6600060029A01761F02ED9001CD38FFFBFF81CAA89638761F02A19229761F02ED963993
:20D6700052646606521E670656BF1E396F0356BF643942386D6D2B3E761F02C2E2AF002E36
:20D68000E8121D50AD146444761F02ED1B3D3A98673F0A3D923B521E69080A3C923C5232D9
:20D6900068062B3C0B3B6F0356BF1E3B923B52646606521E670656BF1E3B6F0356BF643B1F
:20D6A000E801E118E2C4013BE80EB850E70000407700E85138407700E68E0000761F01A335
:20D6B000E2130009761F02EDE801E118E2C4013BE80EB850E70000407700E8513840770050
:20D6C000E68E0000761F01A3E213000A6F1C761F02ED2B3D2B3C56BF1E3A2B3B7622761FC0
:20D6D00001A31A180004CC0EFFFC5001960ECC0EFFF35004960E761A2B092B0A761F02ED55
:20D6E0001838FFEF761F02ED923B963A6F537622761F01A31A170004180EFFFC180EFFF3CA
:20D6F000761A761F02ED1B3E03E8690E9239543A6607543A6803963A6F040B3A6F020A3A4F
:20D700001A3800106F020A3E923A52646606521E670656BF1E3A6F0356BF643AE801E118AF
:20D71000E2C4013AE80EB850E70000407700E85138407700E68E0000761F01A3E2130009A9
:20D72000761F02EDE801E118E2C4013AE80EB850E70000407700E85138407700E68E00006A
:20D73000761F01A3E213000A761F02ED923A963B2B3DFE82FF690006761F02ED42386C358B
:20D74000923A521E693244386C30761F02AA423A6D14761F01BF44016C0D761F02ED0A36C5
:20D750001B362710680A2B36761F02AA1A3A00046F04761F02ED2B36761F02AA433A6D172B
:20D76000761F01BF45016C0D761F02ED0A371B372710680D2B37761F02AA1A3A00086F075D
:20D77000761F02ED2B376F032B362B370006000600062BAC92AC5205673E9A068F3EF010EE
:20D7800036A9560100A4BE0636A6C4C48F00BAC2560100A4C2C476FEF0129A06BE0636A942
:20D79000560100A78F00BAC436A6560100A492C796C49A06BE0636A976FEF013560100A72C
:20D7A0008F00BAC536A6560100A492C796C49A06BE0636A976FEF014560100A78F00BAC609
:20D7B00036A6560100A492C796C492AC9C012DA9520568C400062BAC92AC5205672C9A06F6
:20D7C0008F00BAC236A9560100A40AD49A0636A98F00BAC5560100A49A0688C436A98F00A4
:20D7D000BAC4560100A492A654C466109A068F00BAC436A9560100A42BC49A0636A98F0076
:20D7E000BAC6560100A456BF01C492AC9C0152052DA968D600060006761F02DB922C963983
:20D7F000767EB53D767EC02D767ED88E767E962F767EA00D767EDE71761F02DB922C963A5B
:20D800009239543A6707923A9E39963B543C6902963C0006761F02DB922C9635767ED289B0
:20D81000767EBFAD767E9304767ED65A767EA8E3767E9FF5767EAE4E767ECAC0761F02DB02
:20D82000922C963692355436670792369E3596375438690296380006761F02DB922C963175
:20D83000767EB335767E8CA7767ED5E9767E9D70767EAE1C761F02DB922C96329231543223
:20D84000670792329E3196335434690296340006761F02DB922C962D767ED0CB767EB4947D
:20D85000767ED340767EBFC0767ED73C767ED97A767ECBD3761F02DB922C962E922D542E29
:20D860006707922E9E2D962F5430690296300006B2BDD10092A15205671D9A062DA18F00E4
:20D87000BAC636A9560100A492C461109A068F00BAC636A9560100A42BC49A0636A98F00F1
:20D88000BAC2560100A4C5C43E67D90192A1520568E58BBE0006000600060006761F02E753
:20D89000CC2C0700FFC75203600C9227520567030A276F08CC2CF8FF1AA90400962C6F02E7
:20D8A0002B27CC2C0700FFC75201600C9229520567030A296F08CC2CF8FF1AA90200962CF6
:20D8B0006F022B29CC2C3800FFCA5203600C9228520567030A286F08CC2CC7FF1AA9200014
:20D8C000962C6F022B28CC2C3800FFCA5201600C922A520567030A2A6F08CC2CC7FF1AA961
:20D8D0001000962C6F022B2A00067622761F01BE1A0C00011806FFFC1A0A0001761F01BFF4
:20D8E0001A040001761F01BE1A0C40001807CFFF180ABFFF1A0D01001809FFFC180BFEFF1E
:20D8F0001A1D008018183FFF1A1B0080761F01BF1A0D0080761F01BE1A1D04001819FFCFB4
:20D90000181BFBFF1A0C00041806FFCF1A0A0004761F01BF1A040004761F01BE1A1D010099
:20D910001819FFFC1A1B0100761F01BF1A0D0100761F01BE1A0C00101806FCFF1A0A001041
:20D92000761F01BF1A040010761F01BE1A0C00401806CFFF1A0A0040761F01BF1A040040A7
:20D93000761F01BE1A0C008018063FFF1A0A0080761F01BF1A040080761F01BE1A0D00105F
:20D940001808FCFF180BFFEF1A0D00201808F3FF180BFFDF181DFFFB1A1400301A18003052
:20D95000181DFFF71A1400C01A1800C01A0D04001809FFCF180BFBFF1A0C01001807FFFC34
:20D960001A0A0100761F01BF1A040100761AFF6900060006761F02B32B1B761F02B32B1CE9
:20D97000761F02B32B1D761F02E7182CF8FF182CC7FF0006761F02E9920652066803767E6D
:20D98000CBD3761F02EB9229600A761F02EF920052016005761F02EB56BF01290006762213
:20D99000761F01BE180DBFFF1A053000CC09CFFF1AA910009609180D7FFFCC093FFF1AA963
:20D9A00040009609761AFF690006767EDACB9A0028A89000761F01841E003B01761F018667
:20D9B000FF2FA0001E00761F0180FF2FFFFE1E022812FFFF1A131FFF18137FFF761F0181C7
:20D9C0002820FFFF1A211FFF18217FFF8F010001761F0180A800761F0184CC02FFF0500873
:20D9D000960202001E041E067622761F018019011E2402001E2619011E1E761AFF690006B3
:20D9E000761F02EB56BF222556BF212056BF012156BF2022767ECBF7761F02EB2B282B238C
:20D9F0002B292B240006FE34761F018006081E6C406C6C051A6C0001066C1E08FEB400069A
:20DA0000FE34761F018006001E741874FFFE06741E00761F018492F4900FCD02FFF0CAA896
:20DA1000960206C41E0006D41E0406E41E061A740001761F018006741E0006041E701A700D
:20DA2000000106701E04FEB40006C5A4A0A98A440FA7690527873F840FA766FD0006FE0261
:20DA3000767ED1A7767ED3608F0080008F7E890EA8428F3E8000767EDA25764088D0767E64
:20DA4000DDC4767ED351767ED3463B10FF69767EDD9C76260000762F0000767EDE2976220C
:20DA5000761F00358F3EC411A8008F3EC10DA80C761AFF69767EDC9CE80215A0E80223D172
:20DA60008F00BBD8767EDCD7761F02D1283603EA767ED381761F00331A2200401A22000161
:20DA700076230001767EDDBB29102920761F01C41A0500017622761F01C056BF282956BF0B
:20DA8000552556BFAA25761A761F00301804FFEF7622761F01C01A1C0004761AFF69767EB5
:20DA9000D8686FFD761F00300600761F02D11E3E0F3C6807063C033EFF1415F91EA66F04A6
:20DAA000063C033E1EA6026F1EAC566500A6A938063A0F38670306381E3A0006761F003050
:20DAB0000600761F02D11E3C00067622761F01BE180DBFFF180D7FFF1A053000CC09CFFF24
:20DAC0001AA910009609CC093FFF1AA940009609761AFF690006FE347622761F0180062A11
:20DAD0001E4A1A4A0008064A1E2A062C1E481A48000806481E2C06141E601A602000066098
:20DAE0001E140200761F01841E021E0A1E121E1A1E221E2A1E321E3A761F01851E021E0A95
:20DAF0001E121E1A1E221E2A1E321E3A761F01861E021E0A1E121E1A1E221E2A1E321E3A82
:20DB0000761F01871E021E0A1E121E1A1E221E2A1E321E3A761F018019011E080200190196
:20DB10001E0C020019011E1E020019011E2206141E601A60100006601E1406181E5C445C25
:20DB20006CFD02001E5ECC5DFF00501D965DCC5EFFF85003965ECC5EFF875030965E065E86
:20DB30001E1606141E601860EFFF06601E1406181E5C445C6DFD02001E00761AFEB4FF699F
:20DB400000063ABDB2BDAABDA2BDFE022901BFA90F12FF58615B5CA8917F08A800801E4229
:20DB500093A4FFD65CA8BFA90F1661675DA8917F08A8008059A858A993A5FFD65DA893A4C0
:20DB600071A518A8010097A618A400FF18A500FFDC7F92A49EA596A7644D08A9FF01623E07
:20DB700093A192A0FF3659A858A90642FF35F60E1FA15BA901A3F60A1FA1562D04A22DA357
:20DB800036A0FF40F60B1FA1FF339B00FF30FF540CA295A3FF4008A70001F61FFF770920D7
:20DB9000FF4008A70001F61FFF77FF5A92A7652208A9FF016313A9A9FF46917F5BA85AA90E
:20DBA00025A695A7FF960CA295A3BDA90F12FE8282BE86BE8BBE8EBE00069B00FF5708A81C
:20DBB000FF7FFF5A93A660F228A8800071AA92AB6FEDFF2000006FEAFF5A93A418A8010026
:20DBC000FF965CA8A9A908A8FF7F1CA88000CBA46FDD761F01DD47146CFD1A11000296191A
:20DBD0000006761F02D618237FFF761F02E92B14761F01BF1A0B0080767E96347640890053
:20DBE000007F7FF6FF6900069A41767EDBC902107640890A9A43767EDBC902107640890A25
:20DBF0009A4B767EDBC98F00464EA8A97640890A9A0D767EDBC98F00464EA8A97640890ADF
:20DC0000000692C45249603292CC5256602F92D45241602C92DC524D602992E45236602647
:20DC100092EC5230602392F45234602092FC5238601DD008929452536019D0099294524C97
:20DC20006015D00A929452566011D00B92945249600DD00C929452416009D00D92945250AA
:20DC30006005767EDBE4767EDBD100067622761F01BE180CEFFF180CDFFF180CBFFF1A0317
:20DC400003001A030C001A033000CC07FCFF1AA901009607CC07F3FF1AA904009607CC0720
:20DC5000CFFF1AA910009607761AFF690006761F01BE181CFFFE1812FFFCCC16FFFC50029F
:20DC600096161A1C0002CC16FFF35008961600067622761F01BE1A0C0008CC06FF3F504028
:20DC70009606761AFF6900067622761F01BE1A0C00401A0C0080CC06CFFF1AA910009606F3
:20DC8000CC063FFF1AA940009606761AFF6900067622761F01BE1A1C0100CC17FFFC500185
:20DC90009617761AFF690006767EDC68767EDC74767EDC88000600068F000C00761F02EFC8
:20DCA000A8180200761F003019011E022B062B071A0400101A0400208F000C08761F02EFAB
:20DCB000A8208F000C10A828761F0030020019011E0A761F0030020019011E12761F003032
:20DCC0002B0E2B0F761F00302B162B17761F00301A0C0010761F00301A140010761F0030C6
:20DCD0001A0C0020761F00301A1400200006E20300E4E20301F4E70000087700E68800005E
:20DCE00077007700BFA90F1283C419011ED583C42BF583C42BFD83C41AE5001083C41AE5E7
:20DCF000002083C418E5FBFF83C418E5F7FF83C41AE5400002001ED4000600060006FE02F0
:20DD0000761F02B3920F5204670A56BF01352B1A2B192B382B25921B60022B18920F52067F
:20DD10006023761F029AE2AF0110E801F0C8761F029AE2AF020EE7200051E80CCCD0E695C7
:20DD20000009E6940001AD14630B761F02B3923E52C8680456BF013B6F090A3E6F07761F74
:20DD300002B32B3E6F032B3E2B3BFE820006000600060006761F02B32B282B272B0F2B2A5E
:20DD40002B292B2E2B2F2B1C2B1D2B1B2B352B342B302B312B1A2B192B382B252B18761F5D
:20DD500002E72B15761F02E72B16000628AD0050FF69561F5616561AE61002002940761FF1
:20DD600000002902761B762228A9F03A28A8003E0901611B76FEF03A29046F0F9B0024A90F
:20DD7000DF016C04290424A8DF011EA6F7A1248606A781A109011EA724A96303FF5C3B04F9
:20DD800059A9DF010009FFEC761A28A9FFFF28A8FFFF0901610E76FFFFFF6F06DF01C3BDBF
:20DD90001EA73E67C5BE24A9DF0124A8FF5860F7767EDDDF767EDDFA3B10761F0033182099
:20DDA000FFFE2B222B242B262B282B2A2B2C2B2E2B302B322B342B362B382B232B252B2756
:20DDB0002B292B2B2B2D2B2F2B312B332B352B372B39FF690006761F00331A20000128215D
:20DDC000FFFF2910FF690006FE028F00890E8F7EE2EAA8428F3EDE76767EDA2576229ABCB3
:20DDD00028A80120761F00341E04761A7622761F003402001E02761AFF69FE82000628ABF3
:20DDE000FFFF28AAFFFF28A9FFFF28A8FFFF0FABED04BE00D4006F098AA928A9FFFF28A831
:20DDF000FFFF88C409028AA992A6767EDA2F000677006F00B2BD761F02E9C53E59A93E67D1
:20DE0000761F02EB063EEC041EA792A13E67761F02EB063CEC031EA73E67767EDDF88BBE80
:20DE1000000676220200761F01BE1E061E081E161E181E361E0A1E1A1E3A1E021E041E12CC
:20DE20001E1419011E0C020019011E1C761AFF6900068F7EEB4E8F000D0676229A00527D2F
:20DE30006306C485C2849C01527D64FC761A761F00331A200001FF69000688A95200610D1C
:20DE40008F7EEE4892A8708490FF58A9FFD7719592A69CFF88A960F792A80006761F02E9CA
:20DE5000A83C0006761F02E9A83E00060006561F7622B9C028290068761A007EDD56760858
:20DE60003B3092BE000696BD76000006FF58C4A4EC0419017D86EDFE000600060006000643
:20DE70000006000696BD76120006FFFF8000003D40000000C000003D400000000000003E2F
:20DE8000400000004000003E400000008000003E40000000C000003E400000000000003F09
:20DE9000400000004000003F4000000000800040002000100008000400020001FE06964199
:20DEA000A8448A4476408D4596465200EC03FFEF00BD284603E7184100FF9241ED049A1436
:20DEB000FFEF00B476408AA576229A03F4A90A8D761A56BF07450E458F00890EFF31560171
:20DEC00000A48344FF699A808AC476408C7C96465200EC0456BF18466F0592450B455200CB
:20DED000EDEB9246ED5D2B4592455207665958458F00892E9294CE41EC4D0E458F00890E0F
:20DEE0008F408910FF31560100A40E45FF31560100A592C583448AC476408D119646520022
:20DEF000ED130E458F00890E8F408910FF31560100A40E45FF31560100A592C583448AC41B
:20DF000076408C1996465200ED140E458F00890E8F408910FF31560100A40E45FF31560191
:20DF100000A592C583448AC476408C7C96466F120E458F00890E8F408910FF31560100A4B9
:20DF20000E45FF31560100A592C583448AC476408C7C9246ED050A459245520769A9924605
:20DF3000EC31F5A9088690035203ED0B0E458F00890EFF31560100A4834406C41EC56F22FF
:20DF4000F5A9088690035201ED098A4456030C450EA9FF1F007E1EC46F15F5A908869003C9
:20DF50005202ED098A4456030D450EA9FF1F007D1EC46F088A4456030D450EA9FF1F007E77
:20DF60001EC476408A989246FE860006FE087C431E4276408D62964776408D7B96460642FC
:20DF700076408AE996459A03F4A90A919A0AF4A90A8C9A009B0276408D6E92431AA90A0B4C
:20DF8000F4A90A90FF20199976408D6E92431AA9020BF4A90A90FF22333376408D6E584517
:20DF90008F000A9C9294964492431AA90A0BF4A90A909A009B0176408D6E28A90A0FF4A9EA
:20DFA0000A90FF20199976408D6E761A924676408D7FF44770779244FE880006FE087D44D0
:20DFB0007C431E4276408D62964776408D7B9646064276408AE99A04F4A90A919A06F4A992
:20DFC0000A8B9A0BF4A90A899A03F4A90A8CF4430A8A9A009B0276408D6E92441AA90A0BA6
:20DFD000F4A90A902B459243544568099A009B0276408D6E0A459243544567F992441AA90D
:20DFE000020BF4A90A90FF2F151876408D6E92441AA90A0BF4A90A909A009B2876408D6EDE
:20DFF00028A90A0FF4A90A90FF20199976408D6E761A924676408D7FF4477077FE88000696
:20E00000762276408ACA9A00F4A90A81F5A90A90F004F4A90A90761A000676229A00F4A9D4
:20E010000A8276408ACA28A9AA55F4A90A8128A90E0DF4A90A909A009B0376408D6E761FC1
:20E0200000340602BE000FA6EC03C5023E6728A90A0FF4A90A9028A94CCC9B0376408D6E7D
:20E03000761A00069A00F4A90A91F4A90A94F4A90A98F4A90A99F4A90A9AF4A90A9BF4A98E
:20E040000A92F4A90A89F4A90A8AF4A90A8BF4A90A8C9A0AF4A90A8828A90C0CF4A90A906B
:20E050000006FE021E42762228A90A0FF4A90A908F000A9429010642FF4196C4064290037D
:20E06000FE82000676229A00F4A90A9128A90A0FF4A90A909A00F4A90A89F4A90A8AF4A9F7
:20E070000A8BF4A90A8CFF20199976408D6E761A000628A9FFFFF4A90A98F4A90A99F4A9C5
:20E080000A9AF4A90A9B0006FE087C431E4276408D62964776408D7B9646064276408AE9E2
:20E09000964492431AA90A0BF4A90A909A01F4A90A919A04F4A90A89FF20199976408D6E8F
:20E0A00092431AA9020BF4A90A9028A966669B0176408D6E58448F000A9C929496459243F3
:20E0B0001AA90A0BF4A90A909A009B0176408D6E76408AFA924676408D7FF447707792458D
:20E0C000FE880006FE087D447C431E4276408D62964776408D7B9646064276408AE9964566
:20E0D00076408B1158458F000A989243969492441AA90A0BF4A90A909A02F4A90A919A09B5
:20E0E000F4A90A899A06F4A90A8BFF20199976408D6E92441AA9020BF4A90A909A009B0486
:20E0F00076408D6E92441AA90A0BF4A90A909A009B0176408D6E76408AFA924676408D7FBF
:20E10000F4477077FE880006FE087C431E4276408D62964776408D7B9646064276408AE99F
:20E11000964592431AA90A0BF4A90A909A05F4A90A91FF20199976408D6E92431AA9020B32
:20E12000F4A90A909A009B0876408D6E58458F000A9C9294964492431AA90A0BF4A90A9004
:20E13000FF20199976408D6E76408AFA924676408D7FF44770779244FE880006FE087D442E
:20E140007C431E4276408D62964776408D7B9646064276408AE9964576408B1158458F00BA
:20E150000A989243969492441AA90A0BF4A90A909A06F4A90A91F4A90A8BF4A90A899A0055
:20E16000F4A90A8C9A009B0A76408D6E92441AA9020BF4A90A90FF2F03E876408D6E9244FF
:20E170001AA90A0BF4A90A909A009B0176408D6E76408AFA924676408D7FF4477077FE881D
:20E180000006FE129643A046A842884306420DA619011E52C4428F3D8000A8A90FA6660DA5
:20E19000C4528F3F7FFFA8A90FA668070642FF0F007B1E502B4D6F039A0C6F4556BF1649A1
:20E1A0002B482B4B2B4A2B4C06505C4D764089FE9647BE00761F003406020FA6EC03C50277
:20E1B0003E6788472901FF20FFFF0FA6EC171B4A1388680456BF16496F1806505C485D4DD1
:20E1C00076408A460A4B0A4A9248520A670B924B520F68082B4B0A486F050A4C02010750CE
:20E1D0001E509243544C66D176408AFA884C0E430FA6ED0888472901FF20FFFF0FA6ED0252
:20E1E0002B499249FE920006FE109643A046A842284B03E7C4428F3D8000A8A90FA6660D5B
:20E1F000C4428F3F7FFFA8A90FA668070642FF0F007B1E4E2B4F6F039A0C6F3956BF014873
:20E2000056BF174A2B491B4907D06621064E5C4F76408B9C9647BE00761F003406020FA655
:20E21000EC03C5023E679247EC08FF5E5D4F5CA9064E76408BD66F072B4A0201074E1E4E9E
:20E220000A486F050A491B4907D069E1924AEC071B4907D0690456BF174B6F04924354486E
:20E2300067D0924B5217EC022B4B924BFE900006FE0CA8467D431E42284B03E72849000195
:20E2400092435449682D2B4A924A522D671B5C4F064276408B1C9647761F00340602BE00A9
:20E250000FA6EC03C5023E679247EC0CFF5E96485C485D4F064276408B5A0A4A924A522DB0
:20E2600068E79247EC06924FED04284B00156F08064209011E420A499243544967D5924B23
:20E270005215EC051BA903E7ED022B4B924BFE8C0006FE0E9645A048A844884506440DA631
:20E2800019011E4EC4448F3D8000A8A90FA6660CC44E8F3F7FFFA8A90FA668060644FF0F02
:20E29000007B1E4C6F039A0C6F1756BF4041064C5D458A4876408CD056BF80418A48064C83
:20E2A0008F40040076408CD02B415D458A48064C76408CD09649FE8E0006FE02A842764024
:20E2B0008D5A0642EC088A4202001EC48A422BD48A422BDCF5A90A88ED039A0A6F029A000E
:20E2C000FE8200067622F5A970295068F4A97029761A0006FE02F5417077F5A9707718A902
:20E2D000FFFEF4A970779241FE820006761F003487A956630004193456C40006FF431901D5
:20E2E00056C2FFFF000676083B3092BE000696BD760000060001000A0001000000010000E7
:20E2F0000000000100000000FFFF00010000FFFF00000000FFFF00000000FFFF0000000014
:20E30000FFFF00000000FFFF00000000FFFF0000000001F400FA000001F400FA000001F430
:20E3100000FA000001F400FA0000000100000000FFFF00000000FFFF000000000005000101
:20E3200000040014000A00040014000A000000010000000000030000000001F4006400003C
:20E33000022601F40000022601F4000000010000000000010000000000010000000001F49B
:20E3400000640000022601F40000022601F400000001000000000064001E00000064002810
:20E3500000000064001E0000006400280000022600FA0000022600FA00000001000000005A
:20E3600000010001000000010001000000F000F005DC1F40106805DC1F4011F805DC1F4078
:20E37000106805DC1F4011F805DC1F40106805DC1F4011F805DC1F40106805DC1F4011F8CA
:20E3800000000014000105DC1F40154005DC1F40151805DC1F40154005DC1F40151805DC83
:20E390001F40140005DC1F40140005DC1F4011F800000064002800000064001400000064F5
:20E3A000000A05DC1F40140005DC1F40140005DC1F4011F80000001000020ED80FA00FA00C
:20E3B000000000010000000001F401F400000003000000000001000000000001000000005D
:20E3C000022601F40000000100000000022601F4EC7813880000000000010000FDDA022603
:20E3D0000000000000010000000000050000FF0600FA0000FF9C006400640001C35000644D
:20E3E0000001C35000640001C35000640001C350006400010258001E00000001000000003B
:20E3F000271007D0000000010001000003E80001000000010001000007D000210000000116
:20E400000000FFEC00140000000000010000000000010000000000010000000000010000F9
:20E410000000000100000000000100000000000100000000FFFF00000000FFFF00000000ED
:20E42000FFFF00000000FFFF00000000FFFF00000000000100000000000100000001C350CC
:20E4300003E8000007D000000001C35003E8000007D0000000000064002813881964139CE1
:20E440001388196414001388196413920000006E0064FF9C00640028119417701374119482
:20E450001770131011941770137E0000006E00640000000100000064006E006C0064006E62
:20E46000006EFF9C00640000000000640032005A0064005C005A0064005AFF9C0064000068
:20E47000FF9C0000FFCEFF9C00640014FF9C006400050000000100000064008C006C00644C
:20E48000008C006E0064008C00700064008C00720000006E00640000006E00500000006EC2
:20E49000003C0000006E00280001C350000A0001C350000A000000010000000000640000F9
:20E4A000000000640000000000640000000000640000FF9C00640000FF9C00640000FF9C97
:20E4B00000640000FF9C006400000000000100000000006400140000006400280000006480
:20E4C000003C000000640050FF9C00640064FF9C00640064FF9C00640064FF9C00640064C0
:20E4D000000000640014000000640005000000010000000000780050000000780064FF9C0B
:20E4E00000640064FF9C006400320000000100001194177013560000006400011388196410
:20E4F000139CFF9C0000FFFF000000010000000000010000000103E80064000103E800C8BE
:20E500000001EA601F36000017700001000000010001000A00C800210001EA6001F400009E
:20E5100000640032000000640032000000010001000101F400320001EA6000C8000000641E
:20E520000032000000640032000000010000000001900096000000010000000001900096C3
:20E530000005005A005A0000FFFF012C0005005A00140000FFFF00640005005A001400009F
:20E54000FFFF00640005005A00140000FFFF00640005005A00140000FFFF0064006E008CB5
:20E55000006E0000FFFF0064006E008C00820000FFFF0032006E008C00820000FFFF003283
:20E56000006E008C00820000FFFF0032006E008C00820000FFFF00320000FFFF0000000045
:20E57000FFFF00000000FFFF00000000FFFF00000069009600730000FFFF00C8006900965A
:20E5800000820000FFFF000A0069009600820000FFFF000A0069009600820000FFFF000ADF
:20E590000069009600820000FFFF000A000A005F00500000FFFF00C8000A005F00320000C8
:20E5A000FFFF000A000A005F00320000FFFF000A000A005F00320000FFFF000A000A005FA4
:20E5B00000320000FFFF000A0003001400050000FFFF0BB81388196413BA0000FFFF00C889
:20E5C0001388196413EC0000FFFF00101388196413EC0000FFFF00101388196413EC0000DA
:20E5D000FFFF00101388196413EC0000FFFF001011941770128E0000FFFF00C8119417703A
:20E5E000125C0000FFFF001011941770125C0000FFFF001011941770125C0000FFFF00104F
:20E5F00011941770125C0000FFFF00100000FFFF00000000FFFF00000000FFFF0000000069
:20E60000000100000000FFFF007F0000000100000000000100000000FFFF00010000FFFF7D
:20E61000173B05DC1D4C13880000006400320000138800FA00000001000000000001000086
:20E620000000FFFF00010000FFFF173B05DC1D4C13880000006400320000138800FA00007B
:20E63000000100000000000100000000FFFF00010000FFFF173B05DC1D4C13880000006430
:20E6400000320000138800FA0000000100000000000100000000FFFF00010000FFFF173BA2
:20E6500005DC1D4C13880000006400320000138800FA000000010000000000010000000098
:20E66000FFFF00010000FFFF173B05DC1D4C13880000006400320000138800FA000000013A
:20E6700000000000000100000000FFFF00010000FFFF173B05DC1D4C1388000000640032BF
:20E680000000138800FA0000FFFF00000000FFFF00000000FFFF00000000FFFF00000000ED
:20E69000000200000000138801F400000001000000000001000000000001000005DC1F4095
:20E6A000151805DC1F40138800000064005A0000006400500000FFFF00000000FFFF0000E4
:20E6B0000000FFFF00000000FFFF00000000FFFF00000000FFFF00000000FFFF0000000054
:20E6C000FFFF00000000FFFF00000000FFFF00000069009600730000FFFF00C80069009609
:20E6D00000820000FFFF000A000A005F00500000FFFF00C8000A005F00320000FFFF000A7E
:20E6E0001388196413BA0000FFFF00C81388196413EC0000FFFF001011941770128E00007E
:20E6F000FFFF00C811941770125C0000FFFF00100000FFFF00000000FFFF00000000FFFFA2
:20E7000000000000FFFF00000000FFFF00000000FFFF00000000FFFF00000000FFFF000003
:20E710000000FFFF00000000FFFF00000000FFFF00000000FFFF00000000FFFF00000000F3
:20E72000FFFF00000000FFFF00000000FFFF00000000FFFF00000000FFFF00000000FFFFE5
:20E7300000000000FFFF0000060C09F408000000FFFF0000060C09F408000000FFFF0000A1
:20E74000060C09F408000000FFFF0000060C09F408000000FFFF0000060C09F40800000078
:20E75000FFFF0000060C09F408000000FFFF0000060C09F408000000FFFF0000060C09F472
:20E7600008000000FFFF0000060C09F408000000FFFF0000060C09F408000000FFFF000069
:20E77000060C09F408000000FFFF0000060C09F408000000FFFF0000060C09F40800000048
:20E78000FFFF0000060C09F408000000FFFF0000060C09F40800060C09F40800060C09F429
:20E790000800060C09F40800060C09F40800060C09F40800060C09F40800060C09F40800EE
:20E7A000060C09F40800060C09F40800060C09F40800060C09F40800060C09F40800060CD4
:20E7B00009F40800060C09F40800060C09F40800060C09F40800060C09F40800060C09F4D9
:20E7C0000800060C09F40800060C09F40800060C09F40800060C09F40800060C09F40800BE
:20E7D000060C09F408000000FFFF00000000FFFF00000000FFFF00000000FFFF000000001A
:20E7E000FFFF00000000FFFF00000000FFFF00000000FFFF00000000FFFF00000000FFFF25
:20E7F00000000000FFFF00000000FFFF00000000FFFF00000000FFFF00000000FFFF000013
:20E800000000FFFF00000000FFFF00000000FFFF00000000FFFF00000000FFFF0000000002
:20E81000FFFF00000000FFFF00000000FFFF00000000FFFF00000000FFFF00000000FFFFF4
:20E8200000000000FFFF00000000FFFF00000000FFFF00000000FFFF00000000FFFF0000E2
:20E830000000FFFF00000000FFFF00000000FFFF00000000FFFF00000000FFFF00000000D2
:20E84000FFFF00000000FFFF00000000FFFF00000000FFFF00000000FFFF00000000FFFFC4
:20E8500000000000FFFF00000000FFFF00000000FFFF00000000FFFF00000000FFFF0000B2
:20E860000000FFFF00000000FFFF00000000FFFF00000000FFFF00000000FFFF00000000A2
:20E87000FFFF00000000FFFF00000000FFFF00000000FFFF00000000FFFF00000000FFFF94
:20E8800000000000FFFF00000000FFFF00000000FFFF00000000FFFF00000000FFFF000082
:20E890000000FFFF00000000FFFF00000000FFFF00000000FFFF00000000FFFF0000000072
:20E8A000FFFF00000000FFFF00000000FFFF00000000000100000000000100000001000F4C
:20E8B000000100000001000000000001000100000001000100000001000000000009000038
:20E8C000000000000000000021E60017AEA6001554DC001412A50013E6450011CE22001067
:20E8D000C8C2000FD4CB000EF0FB000D1C29000D5545000C9B51000BED65000A4AA8000AA3
:20E8E000B253000923AD00099E0B000820D00008AB6800073D4C0007D5FD00067507000684
:20E8F00019FE0006C47C00057424000528A00005E19E00049ED400045FFC000424D50004E7
:20E90000ED230003B8AD0003873E000358A700032CB90003034A0003DC320002B74D000264
:20E910009478000273920002547E0002372000021B5D0002011D0002E8480001D0C9000140
:20E92000BA8D0001A57F0001919000017EAC00016CC700015BD000014BBA00013C79000101
:20E930002E00000120450001133C000106DB0001FB1A0000EFEF0000E5530000DB3C0000BE
:20E94000D1A50000C8860000BFD90000B7980000AFBD0000A8420000A12200009A59000000
:20E9500093E200008DBA000087DA0000824100007CEA000077D3000072F700006E530000ED
:20E9600069E6000065AC000061A300005DC700005A18000056930000533500004FFD0000E0
:20E970004CE9000049F80000472700004475000041E000003F6800003D0A00003AC60000DB
:20E98000389B00003687000034880000329F000030CA00002F0900002D5A00002BBC0000BA
:20E990002A2F000028B200002744000025E5000024940000235000002219000020EE00004B
:20E9A0001FCF00001EBB00001DB100001CB200001BBD00001AD0000019ED00001913000000
:20E9B000184000001776000016B3000015F70000154300001494000013ED0000134B00002F
:20E9C00012AF0000121900001188000010FD0000107600000FF500000F7700000EFF000088
:20E9D0000E8A00000E1900000DAD00000D4400000CDF00000C7D00000C1F00000BC30000F0
:20E9E0000B6B00000B1600000AC400000A7400000A27000009DD0000099500000950000026
:20E9F000090C000008CB0000088C0000084F00000815000007DB000007A40000076F000014
:20EA0000073B00000709000006D8000006A90000067C0000064F00000625000005FB000015
:20EA10008DBC0004475F0004058C0004C7F100038E4400035840000325A50003F63B00022F
:20EA200047610000A01F0002790E0002546900023209000211C80002F3840001D71C0001A1
:20EA3000BC700001A36600018BE2000175CC0001610C00014D8C00013B39000129FF0001F9
:20EA400019CD00010A920001FC3F0000EEC40000E2150000D6240000C94A0000C04F000032
:20EA5000B6560000ACEF0000A41300009BB8000093D700008C670000856300007EC300006F
:20EA600078820000729900006D03000067BB000062BD00005E040000598C000055510000F3
:20EA7000514F00004D84000049EC00004683000043480000403700003D4E00003A980000B8
:20EA800037ED0000356F00003312000030D300002EB000002CA700002AB8000028E20000C9
:20EA9000272100002577000023E00000225D000020ED00001F8D00001E3E00001CFE0000D1
:20EAA0001BCD00001AAB000019950000188C0000178F0000169D000015B7000014DA000044
:20EAB00014080000133E0000127E000011C6000011150000106D00000FCC00000F320000B3
:20EAC0000E9E00000E1100000D8A00000D0800000C8C00000C1500000BA300000B36000017
:20EAD0000ACE00000A6A00000A09000009AD0000095500000900000008AF0000086100008A
:20EAE0000816000007CE000007890000074600000707000006CA0000068F00000656000077
:20EAF0000620000005EC000005BA0000058A0000055B0000052E00000504000004DA000027
:20EB000004B20000048C00000467000004440000042100000400000003E1000003C200002A
:20EB100003A5000003880000036D00000352000003380000032000000308000002F1000091
:20EB200002DA000002C5000002B00000029C00000288000002760000026300000252000027
:20EB3000024100000230000002200000021000000201000001F3000001E4000001D7000068
:20EB400001C9000001BC000001B0000001A40000C198003EC198003EC198003EC198003E7C
:20EB5000C198003EC198003EC198003EC198003EC198003EC198003EC198003EC198003EED
:20EB6000C198003EC1DE003EC1D4003EC367003EC18E003EC2E2003EC1A2003EC1E8003EEF
:20EB7000C0DB003EC0D1003EC0C7003EC0BD003EC0B3003EC0A9003EC09F003EC095003ED5
:20EB8000C08B003EC0F9003EC0EF003EC0E5003EC411003EC407003EC059003EC077003E3D
:20EB9000C06D003EC3C1003EC10D003EC081003EC2CE003EC2BA003EC2A6003EC292003EED
:20EBA000C27E003EC26A003EC256003EC242003EC2D8003EC2C4003EC2B0003EC29C003EED
:20EBB000C288003EC274003EC260003EC24C003EC30D003EC303003EC2F9003EC059003E3B
:20EBC000C059003EC059003EC224003EC21A003EC238003EC22E003EC059003EC210003E7C
:20EBD000C206003EC059003EC059003EC103003EC15C003EC148003EC152003EC148003E35
:20EBE000C1B6003EC1AC003EC059003EC059003EC35D003EC353003EC349003EC33F003ECB
:20EBF000C335003EC32B003EC059003EC059003EC1FC003EC1F2003EC059003EC059003E5B
:20EC0000C059003EC059003EC059003EC059003EC184003EC170003EC17A003EC166003EC8
:20EC1000C321003EC317003EC059003EC059003EC059003EC059003EC3FD003EC3F3003E5C
:20EC2000C3E9003EC3DF003EC3D5003EC3CB003EC3B7003EC3AD003EC3A3003EC399003EC4
:20EC3000C38F003EC385003EC37B003EC371003EC063003EC059003EC059003EC059003E5A
:20EC4000C059003EC059003EC1C0003EC1CA003E000000C100810040000100C0008000417A
:20EC5000000100C000800041000000C100810040000100C000800041000000C1008100409C
:20EC6000000000C100810040000100C000800041000100C000800041000000C1008100408C
:20EC7000000000C100810040000100C000800041000000C100810040000100C0008000417C
:20EC8000000100C000800041000000C100810040000100C000800041000000C1008100406C
:20EC9000000000C100810040000100C000800041000000C100810040000100C0008000415C
:20ECA000000100C000800041000000C100810040000000C100810040000100C0008000414C
:20ECB000000100C000800041000000C100810040000100C000800041000000C1008100403C
:20ECC000000000C100810040000100C000800041000100C000800041000000C1008100402C
:20ECD000000000C100810040000100C000800041000000C100810040000100C0008000411C
:20ECE000000100C000800041000000C100810040000000C100810040000100C0008000410C
:20ECF000000100C000800041000000C100810040000100C000800041000000C100810040FC
:20ED0000000000C100810040000100C000800041000000C100810040000100C000800041EB
:20ED1000000100C000800041000000C100810040000100C000800041000000C100810040DB
:20ED2000000000C100810040000100C000800041000100C000800041000000C100810040CB
:20ED3000000000C100810040000100C000800041000000C100810040000100C000800041BB
:20ED4000000100C000800041000000C100810040000000C000C1000100C30003000200C2A3
:20ED500000C60006000700C7000500C500C4000400CC000C000D00CD000F00CF00CE000E0B
:20ED6000000A00CA00CB000B00C90009000800C800D80018001900D9001B00DB00DA001A7B
:20ED7000001E00DE00DF001F00DD001D001C00DC001400D400D5001500D70017001600D6EB
:20ED800000D20012001300D3001100D100D0001000F00030003100F1003300F300F200325B
:20ED9000003600F600F7003700F50035003400F4003C00FC00FD003D00FF003F003E00FECB
:20EDA00000FA003A003B00FB003900F900F80038002800E800E9002900EB002B002A00EA3B
:20EDB00000EE002E002F00EF002D00ED00EC002C00E40024002500E5002700E700E60026AB
:20EDC000002200E200E3002300E10021002000E000A00060006100A1006300A300A200621B
:20EDD000006600A600A7006700A50065006400A4006C00AC00AD006D00AF006F006E00AE8B
:20EDE00000AA006A006B00AB006900A900A80068007800B800B9007900BB007B007A00BAFB
:20EDF00000BE007E007F00BF007D00BD00BC007C00B40074007500B5007700B700B600766B
:20EE0000007200B200B3007300B10071007000B000500090009100510093005300520092DA
:20EE100000960056005700970055009500940054009C005C005D009D005F009F009E005E4A
:20EE2000005A009A009B005B00990059005800980088004800490089004B008B008A004ABA
:20EE3000004E008E008F004F008D004D004C008C004400840085004500870047004600862A
:20EE4000008200420043008300410081008000400000C0C1C1810140C30103C00280C24196
:20EE5000C60106C00780C7410500C5C1C4810440CC010CC00D80CD410F00CFC1CE810E4002
:20EE60000A00CAC1CB810B40C90109C00880C841D80118C01980D9411B00DBC1DA811A4072
:20EE70001E00DEC1DF811F40DD011DC01C80DC411400D4C1D5811540D70117C01680D641E2
:20EE8000D20112C01380D3411100D1C1D0811040F00130C03180F1413300F3C1F281324052
:20EE90003600F6C1F7813740F50135C03480F4413C00FCC1FD813D40FF013FC03E80FE41C2
:20EEA000FA013AC03B80FB413900F9C1F88138402800E8C1E9812940EB012BC02A80EA4132
:20EEB000EE012EC02F80EF412D00EDC1EC812C40E40124C02580E5412700E7C1E6812640A2
:20EEC0002200E2C1E3812340E10121C02080E041A00160C06180A1416300A3C1A281624012
:20EED0006600A6C1A7816740A50165C06480A4416C00ACC1AD816D40AF016FC06E80AE4182
:20EEE000AA016AC06B80AB416900A9C1A88168407800B8C1B9817940BB017BC07A80BA41F2
:20EEF000BE017EC07F80BF417D00BDC1BC817C40B40174C07580B5417700B7C1B681764062
:20EF00007200B2C1B3817340B10171C07080B041500090C191815140930153C052809241D1
:20EF1000960156C057809741550095C1948154409C015CC05D809D415F009FC19E815E4041
:20EF20005A009AC19B815B40990159C058809841880148C0498089414B008BC18A814A40B1
:20EF30004E008EC18F814F408D014DC04C808C41440084C185814540870147C04680864121
:20EF4000820142C043808341410081C180814040972C003E9A79003E9A59003E99EF003E58
:20EF500099AC003E993C003E9890003E97EF003E975A003E9742003E9A75003E9A73003E03
:20EF60009A71003E9A6D003E9A69003E9A67003E9A63003E9A5F003E9A5D003E9A5B003EA9
:20EF70009A57003E9A55003E9A47003E9A39003E9A2B003E9A1D003E9A0F003E9A01003E3D
:20EF800099F3003E99F1003E99ED003E99EB003E99E9003E99E7003E99E5003E99E3003E65
:20EF900099E1003E99D0003E99BF003E99AE003E999B003E9999003E9988003E9977003E58
:20EFA0009966003E9964003E9953003E9942003E9940003E993E003E992B003E991A003E77
:20EFB0009909003E98F8003E98E7003E98D6003E98C5003E98B4003E98A3003E9892003E24
:20EFC000987F003E986E003E986A003E9859003E9848003E9837003E9826003E9815003E17
:20EFD0009804003E97F3003E97DE003E97CD003E97BC003E97AB003E979A003E9796003E3F
:20EFE0009794003E9782003E9770003E975E003E9758003E9756003E9754003E9752003E31
:20EFF0009750003E974E003E974C003E974A003E9748003E9746003E9740003E973E003E19
:20F00000973C003E973A003E9738003E9736003E9734003E9732003E9730003E972E003EA0
:20F01000D848003E0000000100000000D82C003E0000000500000000D80A003E0000001406
:20F0200000000000D7EC003E0000006400000000D7EB003E000003E80000000000510033FC
:20F03000002000009AE4003E00510044002000009A7B003EFFFFAA9400000000FFFFAA9563
:20F0400000000000FFFFAA9600000000FFFFAA9700000000FFFFAA9800000000FFFFAA99B2
:20F0500000000000FFFFAA9A00000000FFFFAA9B00000000FFFFAA9C00000000FFFFAA9D92
:20F0600000000000FFFFAA9E00000000FFFFAA9F00000000FFFFAAA000000000FFFFAAA172
:20F0700000000000FFFFAAA200000000FFFFAAA300000000FFFFAAA400000000FFFFAAA552
:20F0800000000000FFFFAAA600000000FFFFAAA700000000FFFFAAA800000000FFFFAAA932
:20F0900000000000FFFFAAAA00000000FFFFAAAB00000000FFFFAAAC00000000FFFFAAAD12
:20F0A00000000000FFFFAAAE00000000FFFFAAAF00000000FFFFAAB000000000FFFFAAB1F2
:20F0B00000000000FFFFAAB200000000FFFFAAB300000000FFFFAAB400000000FFFFAAB5D2
:20F0C00000000000FFFFAAB600000000FFFFAAB700000000FFFFAAB800000000FFFFAAB9B2
:20F0D00000000000FFFFA88100000000FFFFA88200000000FFFFA88300000000FFFFA8847E
:20F0E00000000000FFFFA88900000000FFFFA88A00000000FFFFA88B00000000FFFFA88C4E
:20F0F00000000000FFFFA88D00000000FFFFA88E00000000FFFFA88F00000000FFFFA8902E
:20F1000000000000FFFFA89100000000FFFFA89200000000FFFFA89300000000FFFFA8940D
:20F1100000000000FFFFA89500000000FFFEA8A4000000000000FFFEA8BC0000CCCD3F4CD6
:20F12000FFFEA8BE000000000000FFFEA8C0000000000000FFFEA8C2000000000000FFFEA3
:20F13000A8C4000000000000FFFEA8C6000000000000FFFEA8C8000000000000FFFEA8CA0C
:20F14000000000000000FFFEA8CC000000000000FFFEA8CE000000000000FFFFB1E000003C
:20F150000000FFFFB1E100000000FFFFB1E200000000FFFFB1E300000000FFFFB1E4000059
:20F160000000FFFFB1E500000000FFFFB1E600000000FFFFB1E700000000FFFFB1E8000039
:20F170000000FFFFB1E900000000FFFEB1F6000000000000FFFEB1F8000000000000FFE3BB
:20F18000BAC20000D848003E0000000100000000D82C003E0000000500000000D80A003E2D
:20F190000000001400000000D7EC003E0000006400000000D7EB003E000003E80000FFFFFD
:20F1A000B59900000000FFFFB59A00000000FFFFB59B00000000FFFFB59C00000000FFFF19
:20F1B000B59D00000000FFFFB5A100000000FFFFB5A200000000FFFFBB5500000000FFFF38
:20F1C000BB5600000000FFFFBB5700000000FFFFBB5800000000FFFFBB5900000000FFFFED
:20F1D000BB5C00000000FFFFBC3500000000FFFFBC3600000000FFFFBC3700000000FFFF3A
:20F1E000BC3800000000FFFFBC3900000000FFFFBC3A00000000FFFFBBCE00000000FFFFAF
:20F1F000BBCF00000000FFFFBBD000000000FFFFBBD100000000FFFFB9E700000000FFFFC6
:20F20000B9E800000000FFFFB9E900000000FFFFB9EA00000000FFFEBA7C0000DE56003E67
:20F21000FFFEBA7E0000DE56003EFFFEBAFC000000000000FFFEBAFE000000000000FFFFD1
:20F22000BB7600000000FFFFBB7700000000FFFFBA4A00000000FFFFBA4B00000000FFFF6A
:20F23000AF1000000000FFFFB1FC00000000FFFFACFE00000000FFFFBBF900000000FFFFFC
:20F24000BC0400000000FFFFBC4A00000000FFFFB82B00000000FFFFA86600000000FFFFFF
:20F25000B80A0000000000000000FFFFFFFFFFFFFFFFFFFFFFFFFFFFFFFFFFFFFFFFFFFFF2
:20F26000FFFFFFFFFFFFFFFFFFFFFFFFFFFFFFFFFFFFFFFFFFFFFFFFFFFFFFFFFFFFFFFFAE
:20F27000FFFFFFFFFFFFFFFFFFFFFFFFFFFFFFFFFFFFFFFFFFFFFFFFFFFFFFFFFFFFFFFF9E
:20F28000FFFFFFFFFFFFFFFFFFFFFFFFFFFFFFFFFFFFFFFFFFFFFFFFFFFFFFFFFFFFFFFF8E
:20F29000FFFFFFFFFFFFFFFFFFFFFFFFFFFFFFFFFFFFFFFFFFFFFFFFFFFFFFFFFFFFFFFF7E
:20F2A000FFFFFFFFFFFFFFFFFFFFFFFFFFFFFFFFFFFFFFFFFFFFFFFFFFFFFFFFFFFFFFFF6E
:20F2B000FFFFFFFFFFFFFFFFFFFFFFFFFFFFFFFFFFFFFFFFFFFFFFFFFFFFFFFFFFFFFFFF5E
:20F2C000FFFFFFFFFFFFFFFFFFFFFFFFFFFFFFFFFFFFFFFFFFFFFFFFFFFFFFFFFFFFFFFF4E
:20F2D000FFFFFFFFFFFFFFFFFFFFFFFFFFFFFFFFFFFFFFFFFFFFFFFFFFFFFFFFFFFFFFFF3E
:20F2E000FFFFFFFFFFFFFFFFFFFFFFFFFFFFFFFFFFFFFFFFFFFFFFFFFFFFFFFFFFFFFFFF2E
:20F2F000FFFFFFFFFFFFFFFFFFFFFFFFFFFFFFFFFFFFFFFFFFFFFFFFFFFFFFFFFFFFFFFF1E
:20F30000FFFFFFFFFFFFFFFFFFFFFFFFFFFFFFFFFFFFFFFFFFFFFFFFFFFFFFFFFFFFFFFF0D
:20F31000FFFFFFFFFFFFFFFFFFFFFFFFFFFFFFFFFFFFFFFFFFFFFFFFFFFFFFFFFFFFFFFFFD
:20F32000FFFFFFFFFFFFFFFFFFFFFFFFFFFFFFFFFFFFFFFFFFFFFFFFFFFFFFFFFFFFFFFFED
:20F33000FFFFFFFFFFFFFFFFFFFFFFFFFFFFFFFFFFFFFFFFFFFFFFFFFFFFFFFFFFFFFFFFDD
:20F34000FFFFFFFFFFFFFFFFFFFFFFFFFFFFFFFFFFFFFFFFFFFFFFFFFFFFFFFFFFFFFFFFCD
:20F35000FFFFFFFFFFFFFFFFFFFFFFFFFFFFFFFFFFFFFFFFFFFFFFFFFFFFFFFFFFFFFFFFBD
:20F36000FFFFFFFFFFFFFFFFFFFFFFFFFFFFFFFFFFFFFFFFFFFFFFFFFFFFFFFFFFFFFFFFAD
:20F37000FFFFFFFFFFFFFFFFFFFFFFFFFFFFFFFFFFFFFFFFFFFFFFFFFFFFFFFFFFFFFFFF9D
:20F38000FFFFFFFFFFFFFFFFFFFFFFFFFFFFFFFFFFFFFFFFFFFFFFFFFFFFFFFFFFFFFFFF8D
:20F39000FFFFFFFFFFFFFFFFFFFFFFFFFFFFFFFFFFFFFFFFFFFFFFFFFFFFFFFFFFFFFFFF7D
:20F3A000FFFFFFFFFFFFFFFFFFFFFFFFFFFFFFFFFFFFFFFFFFFFFFFFFFFFFFFFFFFFFFFF6D
:20F3B000FFFFFFFFFFFFFFFFFFFFFFFFFFFFFFFFFFFFFFFFFFFFFFFFFFFFFFFFFFFFFFFF5D
:20F3C000FFFFFFFFFFFFFFFFFFFFFFFFFFFFFFFFFFFFFFFFFFFFFFFFFFFFFFFFFFFFFFFF4D
:20F3D000FFFFFFFFFFFFFFFFFFFFFFFFFFFFFFFFFFFFFFFFFFFFFFFFFFFFFFFFFFFFFFFF3D
:20F3E000FFFFFFFFFFFFFFFFFFFFFFFFFFFFFFFFFFFFFFFFFFFFFFFFFFFFFFFFFFFFFFFF2D
:20F3F000FFFFFFFFFFFFFFFFFFFFFFFFFFFFFFFFFFFFFFFFFFFFFFFFFFFFFFFFFFFFFFFF1D
:20F40000FFFFFFFFFFFFFFFFFFFFFFFFFFFFFFFFFFFFFFFFFFFFFFFFFFFFFFFFFFFFFFFF0C
:20F41000FFFFFFFFFFFFFFFFFFFFFFFFFFFFFFFFFFFFFFFFFFFFFFFFFFFFFFFFFFFFFFFFFC
:20F42000FFFFFFFFFFFFFFFFFFFFFFFFFFFFFFFFFFFFFFFFFFFFFFFFFFFFFFFFFFFFFFFFEC
:20F43000FFFFFFFFFFFFFFFFFFFFFFFFFFFFFFFFFFFFFFFFFFFFFFFFFFFFFFFFFFFFFFFFDC
:20F44000FFFFFFFFFFFFFFFFFFFFFFFFFFFFFFFFFFFFFFFFFFFFFFFFFFFFFFFFFFFFFFFFCC
:20F45000FFFFFFFFFFFFFFFFFFFFFFFFFFFFFFFFFFFFFFFFFFFFFFFFFFFFFFFFFFFFFFFFBC
:20F46000FFFFFFFFFFFFFFFFFFFFFFFFFFFFFFFFFFFFFFFFFFFFFFFFFFFFFFFFFFFFFFFFAC
:20F47000FFFFFFFFFFFFFFFFFFFFFFFFFFFFFFFFFFFFFFFFFFFFFFFFFFFFFFFFFFFFFFFF9C
:20F48000FFFFFFFFFFFFFFFFFFFFFFFFFFFFFFFFFFFFFFFFFFFFFFFFFFFFFFFFFFFFFFFF8C
:20F49000FFFFFFFFFFFFFFFFFFFFFFFFFFFFFFFFFFFFFFFFFFFFFFFFFFFFFFFFFFFFFFFF7C
:20F4A000FFFFFFFFFFFFFFFFFFFFFFFFFFFFFFFFFFFFFFFFFFFFFFFFFFFFFFFFFFFFFFFF6C
:20F4B000FFFFFFFFFFFFFFFFFFFFFFFFFFFFFFFFFFFFFFFFFFFFFFFFFFFFFFFFFFFFFFFF5C
:20F4C000FFFFFFFFFFFFFFFFFFFFFFFFFFFFFFFFFFFFFFFFFFFFFFFFFFFFFFFFFFFFFFFF4C
:20F4D000FFFFFFFFFFFFFFFFFFFFFFFFFFFFFFFFFFFFFFFFFFFFFFFFFFFFFFFFFFFFFFFF3C
:20F4E000FFFFFFFFFFFFFFFFFFFFFFFFFFFFFFFFFFFFFFFFFFFFFFFFFFFFFFFFFFFFFFFF2C
:20F4F000FFFFFFFFFFFFFFFFFFFFFFFFFFFFFFFFFFFFFFFFFFFFFFFFFFFFFFFFFFFFFFFF1C
:20F50000FFFFFFFFFFFFFFFFFFFFFFFFFFFFFFFFFFFFFFFFFFFFFFFFFFFFFFFFFFFFFFFF0B
:20F51000FFFFFFFFFFFFFFFFFFFFFFFFFFFFFFFFFFFFFFFFFFFFFFFFFFFFFFFFFFFFFFFFFB
:20F52000FFFFFFFFFFFFFFFFFFFFFFFFFFFFFFFFFFFFFFFFFFFFFFFFFFFFFFFFFFFFFFFFEB
:20F53000FFFFFFFFFFFFFFFFFFFFFFFFFFFFFFFFFFFFFFFFFFFFFFFFFFFFFFFFFFFFFFFFDB
:20F54000FFFFFFFFFFFFFFFFFFFFFFFFFFFFFFFFFFFFFFFFFFFFFFFFFFFFFFFFFFFFFFFFCB
:20F55000FFFFFFFFFFFFFFFFFFFFFFFFFFFFFFFFFFFFFFFFFFFFFFFFFFFFFFFFFFFFFFFFBB
:20F56000FFFFFFFFFFFFFFFFFFFFFFFFFFFFFFFFFFFFFFFFFFFFFFFFFFFFFFFFFFFFFFFFAB
:20F57000FFFFFFFFFFFFFFFFFFFFFFFFFFFFFFFFFFFFFFFFFFFFFFFFFFFFFFFFFFFFFFFF9B
:20F58000FFFFFFFFFFFFFFFFFFFFFFFFFFFFFFFFFFFFFFFFFFFFFFFFFFFFFFFFFFFFFFFF8B
:20F59000FFFFFFFFFFFFFFFFFFFFFFFFFFFFFFFFFFFFFFFFFFFFFFFFFFFFFFFFFFFFFFFF7B
:20F5A000FFFFFFFFFFFFFFFFFFFFFFFFFFFFFFFFFFFFFFFFFFFFFFFFFFFFFFFFFFFFFFFF6B
:20F5B000FFFFFFFFFFFFFFFFFFFFFFFFFFFFFFFFFFFFFFFFFFFFFFFFFFFFFFFFFFFFFFFF5B
:20F5C000FFFFFFFFFFFFFFFFFFFFFFFFFFFFFFFFFFFFFFFFFFFFFFFFFFFFFFFFFFFFFFFF4B
:20F5D000FFFFFFFFFFFFFFFFFFFFFFFFFFFFFFFFFFFFFFFFFFFFFFFFFFFFFFFFFFFFFFFF3B
:20F5E000FFFFFFFFFFFFFFFFFFFFFFFFFFFFFFFFFFFFFFFFFFFFFFFFFFFFFFFFFFFFFFFF2B
:20F5F000FFFFFFFFFFFFFFFFFFFFFFFFFFFFFFFFFFFFFFFFFFFFFFFFFFFFFFFFFFFFFFFF1B
:20F60000FFFFFFFFFFFFFFFFFFFFFFFFFFFFFFFFFFFFFFFFFFFFFFFFFFFFFFFFFFFFFFFF0A
:20F61000FFFFFFFFFFFFFFFFFFFFFFFFFFFFFFFFFFFFFFFFFFFFFFFFFFFFFFFFFFFFFFFFFA
:20F62000FFFFFFFFFFFFFFFFFFFFFFFFFFFFFFFFFFFFFFFFFFFFFFFFFFFFFFFFFFFFFFFFEA
:20F63000FFFFFFFFFFFFFFFFFFFFFFFFFFFFFFFFFFFFFFFFFFFFFFFFFFFFFFFFFFFFFFFFDA
:20F64000FFFFFFFFFFFFFFFFFFFFFFFFFFFFFFFFFFFFFFFFFFFFFFFFFFFFFFFFFFFFFFFFCA
:20F65000FFFFFFFFFFFFFFFFFFFFFFFFFFFFFFFFFFFFFFFFFFFFFFFFFFFFFFFFFFFFFFFFBA
:20F66000FFFFFFFFFFFFFFFFFFFFFFFFFFFFFFFFFFFFFFFFFFFFFFFFFFFFFFFFFFFFFFFFAA
:20F67000FFFFFFFFFFFFFFFFFFFFFFFFFFFFFFFFFFFFFFFFFFFFFFFFFFFFFFFFFFFFFFFF9A
:20F68000FFFFFFFFFFFFFFFFFFFFFFFFFFFFFFFFFFFFFFFFFFFFFFFFFFFFFFFFFFFFFFFF8A
:20F69000FFFFFFFFFFFFFFFFFFFFFFFFFFFFFFFFFFFFFFFFFFFFFFFFFFFFFFFFFFFFFFFF7A
:20F6A000FFFFFFFFFFFFFFFFFFFFFFFFFFFFFFFFFFFFFFFFFFFFFFFFFFFFFFFFFFFFFFFF6A
:20F6B000FFFFFFFFFFFFFFFFFFFFFFFFFFFFFFFFFFFFFFFFFFFFFFFFFFFFFFFFFFFFFFFF5A
:20F6C000FFFFFFFFFFFFFFFFFFFFFFFFFFFFFFFFFFFFFFFFFFFFFFFFFFFFFFFFFFFFFFFF4A
:20F6D000FFFFFFFFFFFFFFFFFFFFFFFFFFFFFFFFFFFFFFFFFFFFFFFFFFFFFFFFFFFFFFFF3A
:20F6E000FFFFFFFFFFFFFFFFFFFFFFFFFFFFFFFFFFFFFFFFFFFFFFFFFFFFFFFFFFFFFFFF2A
:20F6F000FFFFFFFFFFFFFFFFFFFFFFFFFFFFFFFFFFFFFFFFFFFFFFFFFFFFFFFFFFFFFFFF1A
:20F70000FFFFFFFFFFFFFFFFFFFFFFFFFFFFFFFFFFFFFFFFFFFFFFFFFFFFFFFFFFFFFFFF09
:20F71000FFFFFFFFFFFFFFFFFFFFFFFFFFFFFFFFFFFFFFFFFFFFFFFFFFFFFFFFFFFFFFFFF9
:20F72000FFFFFFFFFFFFFFFFFFFFFFFFFFFFFFFFFFFFFFFFFFFFFFFFFFFFFFFFFFFFFFFFE9
:20F73000FFFFFFFFFFFFFFFFFFFFFFFFFFFFFFFFFFFFFFFFFFFFFFFFFFFFFFFFFFFFFFFFD9
:20F74000FFFFFFFFFFFFFFFFFFFFFFFFFFFFFFFFFFFFFFFFFFFFFFFFFFFFFFFFFFFFFFFFC9
:20F75000FFFFFFFFFFFFFFFFFFFFFFFFFFFFFFFFFFFFFFFFFFFFFFFFFFFFFFFFFFFFFFFFB9
:20F76000FFFFFFFFFFFFFFFFFFFFFFFFFFFFFFFFFFFFFFFFFFFFFFFFFFFFFFFFFFFFFFFFA9
:20F77000FFFFFFFFFFFFFFFFFFFFFFFFFFFFFFFFFFFFFFFFFFFFFFFFFFFFFFFFFFFFFFFF99
:20F78000FFFFFFFFFFFFFFFFFFFFFFFFFFFFFFFFFFFFFFFFFFFFFFFFFFFFFFFFFFFFFFFF89
:20F79000FFFFFFFFFFFFFFFFFFFFFFFFFFFFFFFFFFFFFFFFFFFFFFFFFFFFFFFFFFFFFFFF79
:20F7A000FFFFFFFFFFFFFFFFFFFFFFFFFFFFFFFFFFFFFFFFFFFFFFFFFFFFFFFFFFFFFFFF69
:20F7B000FFFFFFFFFFFFFFFFFFFFFFFFFFFFFFFFFFFFFFFFFFFFFFFFFFFFFFFFFFFFFFFF59
:20F7C000FFFFFFFFFFFFFFFFFFFFFFFFFFFFFFFFFFFFFFFFFFFFFFFFFFFFFFFFFFFFFFFF49
:20F7D000FFFFFFFFFFFFFFFFFFFFFFFFFFFFFFFFFFFFFFFFFFFFFFFFFFFFFFFFFFFFFFFF39
:20F7E000FFFFFFFFFFFFFFFFFFFFFFFFFFFFFFFFFFFFFFFFFFFFFFFFFFFFFFFFFFFFFFFF29
:20F7F000FFFFFFFFFFFFFFFFFFFFFFFFFFFFFFFFFFFFFFFFFFFFFFFFFFFFFFFFFFFFFFFF19
:20F80000FFFFFFFFFFFFFFFFFFFFFFFFFFFFFFFFFFFFFFFFFFFFFFFFFFFFFFFFFFFFFFFF08
:20F81000FFFFFFFFFFFFFFFFFFFFFFFFFFFFFFFFFFFFFFFFFFFFFFFFFFFFFFFFFFFFFFFFF8
:20F82000FFFFFFFFFFFFFFFFFFFFFFFFFFFFFFFFFFFFFFFFFFFFFFFFFFFFFFFFFFFFFFFFE8
:20F83000FFFFFFFFFFFFFFFFFFFFFFFFFFFFFFFFFFFFFFFFFFFFFFFFFFFFFFFFFFFFFFFFD8
:20F84000FFFFFFFFFFFFFFFFFFFFFFFFFFFFFFFFFFFFFFFFFFFFFFFFFFFFFFFFFFFFFFFFC8
:20F85000FFFFFFFFFFFFFFFFFFFFFFFFFFFFFFFFFFFFFFFFFFFFFFFFFFFFFFFFFFFFFFFFB8
:20F86000FFFFFFFFFFFFFFFFFFFFFFFFFFFFFFFFFFFFFFFFFFFFFFFFFFFFFFFFFFFFFFFFA8
:20F87000FFFFFFFFFFFFFFFFFFFFFFFFFFFFFFFFFFFFFFFFFFFFFFFFFFFFFFFFFFFFFFFF98
:20F88000FFFFFFFFFFFFFFFFFFFFFFFFFFFFFFFFFFFFFFFFFFFFFFFFFFFFFFFFFFFFFFFF88
:20F89000FFFFFFFFFFFFFFFFFFFFFFFFFFFFFFFFFFFFFFFFFFFFFFFFFFFFFFFFFFFFFFFF78
:20F8A000FFFFFFFFFFFFFFFFFFFFFFFFFFFFFFFFFFFFFFFFFFFFFFFFFFFFFFFFFFFFFFFF68
:20F8B000FFFFFFFFFFFFFFFFFFFFFFFFFFFFFFFFFFFFFFFFFFFFFFFFFFFFFFFFFFFFFFFF58
:20F8C000FFFFFFFFFFFFFFFFFFFFFFFFFFFFFFFFFFFFFFFFFFFFFFFFFFFFFFFFFFFFFFFF48
:20F8D000FFFFFFFFFFFFFFFFFFFFFFFFFFFFFFFFFFFFFFFFFFFFFFFFFFFFFFFFFFFFFFFF38
:20F8E000FFFFFFFFFFFFFFFFFFFFFFFFFFFFFFFFFFFFFFFFFFFFFFFFFFFFFFFFFFFFFFFF28
:20F8F000FFFFFFFFFFFFFFFFFFFFFFFFFFFFFFFFFFFFFFFFFFFFFFFFFFFFFFFFFFFFFFFF18
:20F90000FFFFFFFFFFFFFFFFFFFFFFFFFFFFFFFFFFFFFFFFFFFFFFFFFFFFFFFFFFFFFFFF07
:20F91000FFFFFFFFFFFFFFFFFFFFFFFFFFFFFFFFFFFFFFFFFFFFFFFFFFFFFFFFFFFFFFFFF7
:20F92000FFFFFFFFFFFFFFFFFFFFFFFFFFFFFFFFFFFFFFFFFFFFFFFFFFFFFFFFFFFFFFFFE7
:20F93000FFFFFFFFFFFFFFFFFFFFFFFFFFFFFFFFFFFFFFFFFFFFFFFFFFFFFFFFFFFFFFFFD7
:20F94000FFFFFFFFFFFFFFFFFFFFFFFFFFFFFFFFFFFFFFFFFFFFFFFFFFFFFFFFFFFFFFFFC7
:20F95000FFFFFFFFFFFFFFFFFFFFFFFFFFFFFFFFFFFFFFFFFFFFFFFFFFFFFFFFFFFFFFFFB7
:20F96000FFFFFFFFFFFFFFFFFFFFFFFFFFFFFFFFFFFFFFFFFFFFFFFFFFFFFFFFFFFFFFFFA7
:20F97000FFFFFFFFFFFFFFFFFFFFFFFFFFFFFFFFFFFFFFFFFFFFFFFFFFFFFFFFFFFFFFFF97
:20F98000FFFFFFFFFFFFFFFFFFFFFFFFFFFFFFFFFFFFFFFFFFFFFFFFFFFFFFFFFFFFFFFF87
:20F99000FFFFFFFFFFFFFFFFFFFFFFFFFFFFFFFFFFFFFFFFFFFFFFFFFFFFFFFFFFFFFFFF77
:20F9A000FFFFFFFFFFFFFFFFFFFFFFFFFFFFFFFFFFFFFFFFFFFFFFFFFFFFFFFFFFFFFFFF67
:20F9B000FFFFFFFFFFFFFFFFFFFFFFFFFFFFFFFFFFFFFFFFFFFFFFFFFFFFFFFFFFFFFFFF57
:20F9C000FFFFFFFFFFFFFFFFFFFFFFFFFFFFFFFFFFFFFFFFFFFFFFFFFFFFFFFFFFFFFFFF47
:20F9D000FFFFFFFFFFFFFFFFFFFFFFFFFFFFFFFFFFFFFFFFFFFFFFFFFFFFFFFFFFFFFFFF37
:20F9E000FFFFFFFFFFFFFFFFFFFFFFFFFFFFFFFFFFFFFFFFFFFFFFFFFFFFFFFFFFFFFFFF27
:20F9F000FFFFFFFFFFFFFFFFFFFFFFFFFFFFFFFFFFFFFFFFFFFFFFFFFFFFFFFFFFFFFFFF17
:20FA0000FFFFFFFFFFFFFFFFFFFFFFFFFFFFFFFFFFFFFFFFFFFFFFFFFFFFFFFFFFFFFFFF06
:20FA1000FFFFFFFFFFFFFFFFFFFFFFFFFFFFFFFFFFFFFFFFFFFFFFFFFFFFFFFFFFFFFFFFF6
:20FA2000FFFFFFFFFFFFFFFFFFFFFFFFFFFFFFFFFFFFFFFFFFFFFFFFFFFFFFFFFFFFFFFFE6
:20FA3000FFFFFFFFFFFFFFFFFFFFFFFFFFFFFFFFFFFFFFFFFFFFFFFFFFFFFFFFFFFFFFFFD6
:20FA4000FFFFFFFFFFFFFFFFFFFFFFFFFFFFFFFFFFFFFFFFFFFFFFFFFFFFFFFFFFFFFFFFC6
:20FA5000FFFFFFFFFFFFFFFFFFFFFFFFFFFFFFFFFFFFFFFFFFFFFFFFFFFFFFFFFFFFFFFFB6
:20FA6000FFFFFFFFFFFFFFFFFFFFFFFFFFFFFFFFFFFFFFFFFFFFFFFFFFFFFFFFFFFFFFFFA6
:20FA7000FFFFFFFFFFFFFFFFFFFFFFFFFFFFFFFFFFFFFFFFFFFFFFFFFFFFFFFFFFFFFFFF96
:20FA8000FFFFFFFFFFFFFFFFFFFFFFFFFFFFFFFFFFFFFFFFFFFFFFFFFFFFFFFFFFFFFFFF86
:20FA9000FFFFFFFFFFFFFFFFFFFFFFFFFFFFFFFFFFFFFFFFFFFFFFFFFFFFFFFFFFFFFFFF76
:20FAA000FFFFFFFFFFFFFFFFFFFFFFFFFFFFFFFFFFFFFFFFFFFFFFFFFFFFFFFFFFFFFFFF66
:20FAB000FFFFFFFFFFFFFFFFFFFFFFFFFFFFFFFFFFFFFFFFFFFFFFFFFFFFFFFFFFFFFFFF56
:20FAC000FFFFFFFFFFFFFFFFFFFFFFFFFFFFFFFFFFFFFFFFFFFFFFFFFFFFFFFFFFFFFFFF46
:20FAD000FFFFFFFFFFFFFFFFFFFFFFFFFFFFFFFFFFFFFFFFFFFFFFFFFFFFFFFFFFFFFFFF36
:20FAE000FFFFFFFFFFFFFFFFFFFFFFFFFFFFFFFFFFFFFFFFFFFFFFFFFFFFFFFFFFFFFFFF26
:20FAF000FFFFFFFFFFFFFFFFFFFFFFFFFFFFFFFFFFFFFFFFFFFFFFFFFFFFFFFFFFFFFFFF16
:20FB0000FFFFFFFFFFFFFFFFFFFFFFFFFFFFFFFFFFFFFFFFFFFFFFFFFFFFFFFFFFFFFFFF05
:20FB1000FFFFFFFFFFFFFFFFFFFFFFFFFFFFFFFFFFFFFFFFFFFFFFFFFFFFFFFFFFFFFFFFF5
:20FB2000FFFFFFFFFFFFFFFFFFFFFFFFFFFFFFFFFFFFFFFFFFFFFFFFFFFFFFFFFFFFFFFFE5
:20FB3000FFFFFFFFFFFFFFFFFFFFFFFFFFFFFFFFFFFFFFFFFFFFFFFFFFFFFFFFFFFFFFFFD5
:20FB4000FFFFFFFFFFFFFFFFFFFFFFFFFFFFFFFFFFFFFFFFFFFFFFFFFFFFFFFFFFFFFFFFC5
:20FB5000FFFFFFFFFFFFFFFFFFFFFFFFFFFFFFFFFFFFFFFFFFFFFFFFFFFFFFFFFFFFFFFFB5
:20FB6000FFFFFFFFFFFFFFFFFFFFFFFFFFFFFFFFFFFFFFFFFFFFFFFFFFFFFFFFFFFFFFFFA5
:20FB7000FFFFFFFFFFFFFFFFFFFFFFFFFFFFFFFFFFFFFFFFFFFFFFFFFFFFFFFFFFFFFFFF95
:20FB8000FFFFFFFFFFFFFFFFFFFFFFFFFFFFFFFFFFFFFFFFFFFFFFFFFFFFFFFFFFFFFFFF85
:20FB9000FFFFFFFFFFFFFFFFFFFFFFFFFFFFFFFFFFFFFFFFFFFFFFFFFFFFFFFFFFFFFFFF75
:20FBA000FFFFFFFFFFFFFFFFFFFFFFFFFFFFFFFFFFFFFFFFFFFFFFFFFFFFFFFFFFFFFFFF65
:20FBB000FFFFFFFFFFFFFFFFFFFFFFFFFFFFFFFFFFFFFFFFFFFFFFFFFFFFFFFFFFFFFFFF55
:20FBC000FFFFFFFFFFFFFFFFFFFFFFFFFFFFFFFFFFFFFFFFFFFFFFFFFFFFFFFFFFFFFFFF45
:20FBD000FFFFFFFFFFFFFFFFFFFFFFFFFFFFFFFFFFFFFFFFFFFFFFFFFFFFFFFFFFFFFFFF35
:20FBE000FFFFFFFFFFFFFFFFFFFFFFFFFFFFFFFFFFFFFFFFFFFFFFFFFFFFFFFFFFFFFFFF25
:20FBF000FFFFFFFFFFFFFFFFFFFFFFFFFFFFFFFFFFFFFFFFFFFFFFFFFFFFFFFFFFFFFFFF15
:20FC0000FFFFFFFFFFFFFFFFFFFFFFFFFFFFFFFFFFFFFFFFFFFFFFFFFFFFFFFFFFFFFFFF04
:20FC1000FFFFFFFFFFFFFFFFFFFFFFFFFFFFFFFFFFFFFFFFFFFFFFFFFFFFFFFFFFFFFFFFF4
:20FC2000FFFFFFFFFFFFFFFFFFFFFFFFFFFFFFFFFFFFFFFFFFFFFFFFFFFFFFFFFFFFFFFFE4
:20FC3000FFFFFFFFFFFFFFFFFFFFFFFFFFFFFFFFFFFFFFFFFFFFFFFFFFFFFFFFFFFFFFFFD4
:20FC4000FFFFFFFFFFFFFFFFFFFFFFFFFFFFFFFFFFFFFFFFFFFFFFFFFFFFFFFFFFFFFFFFC4
:20FC5000FFFFFFFFFFFFFFFFFFFFFFFFFFFFFFFFFFFFFFFFFFFFFFFFFFFFFFFFFFFFFFFFB4
:20FC6000FFFFFFFFFFFFFFFFFFFFFFFFFFFFFFFFFFFFFFFFFFFFFFFFFFFFFFFFFFFFFFFFA4
:20FC7000FFFFFFFFFFFFFFFFFFFFFFFFFFFFFFFFFFFFFFFFFFFFFFFFFFFFFFFFFFFFFFFF94
:20FC8000FFFFFFFFFFFFFFFFFFFFFFFFFFFFFFFFFFFFFFFFFFFFFFFFFFFFFFFFFFFFFFFF84
:20FC9000FFFFFFFFFFFFFFFFFFFFFFFFFFFFFFFFFFFFFFFFFFFFFFFFFFFFFFFFFFFFFFFF74
:20FCA000FFFFFFFFFFFFFFFFFFFFFFFFFFFFFFFFFFFFFFFFFFFFFFFFFFFFFFFFFFFFFFFF64
:20FCB000FFFFFFFFFFFFFFFFFFFFFFFFFFFFFFFFFFFFFFFFFFFFFFFFFFFFFFFFFFFFFFFF54
:20FCC000FFFFFFFFFFFFFFFFFFFFFFFFFFFFFFFFFFFFFFFFFFFFFFFFFFFFFFFFFFFFFFFF44
:20FCD000FFFFFFFFFFFFFFFFFFFFFFFFFFFFFFFFFFFFFFFFFFFFFFFFFFFFFFFFFFFFFFFF34
:20FCE000FFFFFFFFFFFFFFFFFFFFFFFFFFFFFFFFFFFFFFFFFFFFFFFFFFFFFFFFFFFFFFFF24
:20FCF000FFFFFFFFFFFFFFFFFFFFFFFFFFFFFFFFFFFFFFFFFFFFFFFFFFFFFFFFFFFFFFFF14
:20FD0000FFFFFFFFFFFFFFFFFFFFFFFFFFFFFFFFFFFFFFFFFFFFFFFFFFFFFFFFFFFFFFFF03
:20FD1000FFFFFFFFFFFFFFFFFFFFFFFFFFFFFFFFFFFFFFFFFFFFFFFFFFFFFFFFFFFFFFFFF3
:20FD2000FFFFFFFFFFFFFFFFFFFFFFFFFFFFFFFFFFFFFFFFFFFFFFFFFFFFFFFFFFFFFFFFE3
:20FD3000FFFFFFFFFFFFFFFFFFFFFFFFFFFFFFFFFFFFFFFFFFFFFFFFFFFFFFFFFFFFFFFFD3
:20FD4000FFFFFFFFFFFFFFFFFFFFFFFFFFFFFFFFFFFFFFFFFFFFFFFFFFFFFFFFFFFFFFFFC3
:20FD5000FFFFFFFFFFFFFFFFFFFFFFFFFFFFFFFFFFFFFFFFFFFFFFFFFFFFFFFFFFFFFFFFB3
:20FD6000FFFFFFFFFFFFFFFFFFFFFFFFFFFFFFFFFFFFFFFFFFFFFFFFFFFFFFFFFFFFFFFFA3
:20FD7000FFFFFFFFFFFFFFFFFFFFFFFFFFFFFFFFFFFFFFFFFFFFFFFFFFFFFFFFFFFFFFFF93
:20FD8000FFFFFFFFFFFFFFFFFFFFFFFFFFFFFFFFFFFFFFFFFFFFFFFFFFFFFFFFFFFFFFFF83
:20FD9000FFFFFFFFFFFFFFFFFFFFFFFFFFFFFFFFFFFFFFFFFFFFFFFFFFFFFFFFFFFFFFFF73
:20FDA000FFFFFFFFFFFFFFFFFFFFFFFFFFFFFFFFFFFFFFFFFFFFFFFFFFFFFFFFFFFFFFFF63
:20FDB000FFFFFFFFFFFFFFFFFFFFFFFFFFFFFFFFFFFFFFFFFFFFFFFFFFFFFFFFFFFFFFFF53
:20FDC000FFFFFFFFFFFFFFFFFFFFFFFFFFFFFFFFFFFFFFFFFFFFFFFFFFFFFFFFFFFFFFFF43
:20FDD000FFFFFFFFFFFFFFFFFFFFFFFFFFFFFFFFFFFFFFFFFFFFFFFFFFFFFFFFFFFFFFFF33
:20FDE000FFFFFFFFFFFFFFFFFFFFFFFFFFFFFFFFFFFFFFFFFFFFFFFFFFFFFFFFFFFFFFFF23
:20FDF000FFFFFFFFFFFFFFFFFFFFFFFFFFFFFFFFFFFFFFFFFFFFFFFFFFFFFFFFFFFFFFFF13
:20FE0000FFFFFFFFFFFFFFFFFFFFFFFFFFFFFFFFFFFFFFFFFFFFFFFFFFFFFFFFFFFFFFFF02
:20FE1000FFFFFFFFFFFFFFFFFFFFFFFFFFFFFFFFFFFFFFFFFFFFFFFFFFFFFFFFFFFFFFFFF2
:20FE2000FFFFFFFFFFFFFFFFFFFFFFFFFFFFFFFFFFFFFFFFFFFFFFFFFFFFFFFFFFFFFFFFE2
:20FE3000FFFFFFFFFFFFFFFFFFFFFFFFFFFFFFFFFFFFFFFFFFFFFFFFFFFFFFFFFFFFFFFFD2
:20FE4000FFFFFFFFFFFFFFFFFFFFFFFFFFFFFFFFFFFFFFFFFFFFFFFFFFFFFFFFFFFFFFFFC2
:20FE5000FFFFFFFFFFFFFFFFFFFFFFFFFFFFFFFFFFFFFFFFFFFFFFFFFFFFFFFFFFFFFFFFB2
:20FE6000FFFFFFFFFFFFFFFFFFFFFFFFFFFFFFFFFFFFFFFFFFFFFFFFFFFFFFFFFFFFFFFFA2
:20FE7000FFFFFFFFFFFFFFFFFFFFFFFFFFFFFFFFFFFFFFFFFFFFFFFFFFFFFFFFFFFFFFFF92
:20FE8000FFFFFFFFFFFFFFFFFFFFFFFFFFFFFFFFFFFFFFFFFFFFFFFFFFFFFFFFFFFFFFFF82
:20FE9000FFFFFFFFFFFFFFFFFFFFFFFFFFFFFFFFFFFFFFFFFFFFFFFFFFFFFFFFFFFFFFFF72
:20FEA000FFFFFFFFFFFFFFFFFFFFFFFFFFFFFFFFFFFFFFFFFFFFFFFFFFFFFFFFFFFFFFFF62
:20FEB000FFFFFFFFFFFFFFFFFFFFFFFFFFFFFFFFFFFFFFFFFFFFFFFFFFFFFFFFFFFFFFFF52
:20FEC000FFFFFFFFFFFFFFFFFFFFFFFFFFFFFFFFFFFFFFFFFFFFFFFFFFFFFFFFFFFFFFFF42
:20FED000FFFFFFFFFFFFFFFFFFFFFFFFFFFFFFFFFFFFFFFFFFFFFFFFFFFFFFFFFFFFFFFF32
:20FEE000FFFFFFFFFFFFFFFFFFFFFFFFFFFFFFFFFFFFFFFFFFFFFFFFFFFFFFFFFFFFFFFF22
:20FEF000FFFFFFFFFFFFFFFFFFFFFFFFFFFFFFFFFFFFFFFFFFFFFFFFFFFFFFFFFFFFFFFF12
:20FF0000FFFFFFFFFFFFFFFFFFFFFFFFFFFFFFFFFFFFFFFFFFFFFFFFFFFFFFFFFFFFFFFF01
:20FF1000FFFFFFFFFFFFFFFFFFFFFFFFFFFFFFFFFFFFFFFFFFFFFFFFFFFFFFFFFFFFFFFFF1
:20FF2000FFFFFFFFFFFFFFFFFFFFFFFFFFFFFFFFFFFFFFFFFFFFFFFFFFFFFFFFFFFFFFFFE1
:20FF3000FFFFFFFFFFFFFFFFFFFFFFFFFFFFFFFFFFFFFFFFFFFFFFFFFFFFFFFFFFFFFFFFD1
:20FF4000FFFFFFFFFFFFFFFFFFFFFFFFFFFFFFFFFFFFFFFFFFFFFFFFFFFFFFFFFFFFFFFFC1
:20FF5000FFFFFFFFFFFFFFFFFFFFFFFFFFFFFFFFFFFFFFFFFFFFFFFFFFFFFFFFFFFFFFFFB1
:20FF6000FFFFFFFFFFFFFFFFFFFFFFFFFFFFFFFFFFFFFFFFFFFFFFFFFFFFFFFFFFFFFFFFA1
:20FF7000FFFFFFFFFFFFFFFFFFFFFFFFFFFFFFFFFFFFFFFFFFFFFFFFFFFFFFFFFFFFFFFF91
:20FF8000FFFFFFFFFFFFFFFFFFFFFFFFFFFFFFFFFFFFFFFFFFFFFFFFFFFFFFFFFFFFFFFF81
:20FF9000FFFFFFFFFFFFFFFFFFFFFFFFFFFFFFFFFFFFFFFFFFFFFFFFFFFFFFFFFFFFFFFF71
:20FFA000FFFFFFFFFFFFFFFFFFFFFFFFFFFFFFFFFFFFFFFFFFFFFFFFFFFFFFFFFFFFFFFF61
:20FFB000FFFFFFFFFFFFFFFFFFFFFFFFFFFFFFFFFFFFFFFFFFFFFFFFFFFFFFFFFFFFFFFF51
:20FFC000FFFFFFFFFFFFFFFFFFFFFFFFFFFFFFFFFFFFFFFFFFFFFFFFFFFFFFFFFFFFFFFF41
:20FFD000FFFFFFFFFFFFFFFFFFFFFFFFFFFFFFFFFFFFFFFFFFFFFFFFFFFFFFFFFFFFFFFF31
:20FFE000FFFFFFFFFFFFFFFFFFFFFFFFFFFFFFFFFFFFFFFFFFFFFFFFFFFFFFFFFFFFFFFF21
:20FFF000FFFFFFFFFFFFFFFFFFFFFFFFFFFFFFFFFFFFFFFFFFFFFFFFFFFFFFFFFFFFFFFF11
:02000004003FBB
:20000000FFFFFFFFFFFFFFFFFFFFFFFFFFFFFFFFFFFFFFFFFFFFFFFFFFFFFFFFFFFFFFFF00
:20001000FFFFFFFFFFFFFFFFFFFFFFFFFFFFFFFFFFFFFFFFFFFFFFFFFFFFFFFFFFFFFFFFF0
:20002000FFFFFFFFFFFFFFFFFFFFFFFFFFFFFFFFFFFFFFFFFFFFFFFFFFFFFFFFFFFFFFFFE0
:20003000FFFFFFFFFFFFFFFFFFFFFFFFFFFFFFFFFFFFFFFFFFFFFFFFFFFFFFFFFFFFFFFFD0
:20004000FFFFFFFFFFFFFFFFFFFFFFFFFFFFFFFFFFFFFFFFFFFFFFFFFFFFFFFFFFFFFFFFC0
:20005000FFFFFFFFFFFFFFFFFFFFFFFFFFFFFFFFFFFFFFFFFFFFFFFFFFFFFFFFFFFFFFFFB0
:20006000FFFFFFFFFFFFFFFFFFFFFFFFFFFFFFFFFFFFFFFFFFFFFFFFFFFFFFFFFFFFFFFFA0
:20007000FFFFFFFFFFFFFFFFFFFFFFFFFFFFFFFFFFFFFFFFFFFFFFFFFFFFFFFFFFFFFFFF90
:20008000FFFFFFFFFFFFFFFFFFFFFFFFFFFFFFFFFFFFFFFFFFFFFFFFFFFFFFFFFFFFFFFF80
:20009000FFFFFFFFFFFFFFFFFFFFFFFFFFFFFFFFFFFFFFFFFFFFFFFFFFFFFFFFFFFFFFFF70
:2000A000FFFFFFFFFFFFFFFFFFFFFFFFFFFFFFFFFFFFFFFFFFFFFFFFFFFFFFFFFFFFFFFF60
:2000B000FFFFFFFFFFFFFFFFFFFFFFFFFFFFFFFFFFFFFFFFFFFFFFFFFFFFFFFFFFFFFFFF50
:2000C000FFFFFFFFFFFFFFFFFFFFFFFFFFFFFFFFFFFFFFFFFFFFFFFFFFFFFFFFFFFFFFFF40
:2000D000FFFFFFFFFFFFFFFFFFFFFFFFFFFFFFFFFFFFFFFFFFFFFFFFFFFFFFFFFFFFFFFF30
:2000E000FFFFFFFFFFFFFFFFFFFFFFFFFFFFFFFFFFFFFFFFFFFFFFFFFFFFFFFFFFFFFFFF20
:2000F000FFFFFFFFFFFFFFFFFFFFFFFFFFFFFFFFFFFFFFFFFFFFFFFFFFFFFFFFFFFFFFFF10
:20010000FFFFFFFFFFFFFFFFFFFFFFFFFFFFFFFFFFFFFFFFFFFFFFFFFFFFFFFFFFFFFFFFFF
:20011000FFFFFFFFFFFFFFFFFFFFFFFFFFFFFFFFFFFFFFFFFFFFFFFFFFFFFFFFFFFFFFFFEF
:20012000FFFFFFFFFFFFFFFFFFFFFFFFFFFFFFFFFFFFFFFFFFFFFFFFFFFFFFFFFFFFFFFFDF
:20013000FFFFFFFFFFFFFFFFFFFFFFFFFFFFFFFFFFFFFFFFFFFFFFFFFFFFFFFFFFFFFFFFCF
:20014000FFFFFFFFFFFFFFFFFFFFFFFFFFFFFFFFFFFFFFFFFFFFFFFFFFFFFFFFFFFFFFFFBF
:20015000FFFFFFFFFFFFFFFFFFFFFFFFFFFFFFFFFFFFFFFFFFFFFFFFFFFFFFFFFFFFFFFFAF
:20016000FFFFFFFFFFFFFFFFFFFFFFFFFFFFFFFFFFFFFFFFFFFFFFFFFFFFFFFFFFFFFFFF9F
:20017000FFFFFFFFFFFFFFFFFFFFFFFFFFFFFFFFFFFFFFFFFFFFFFFFFFFFFFFFFFFFFFFF8F
:20018000FFFFFFFFFFFFFFFFFFFFFFFFFFFFFFFFFFFFFFFFFFFFFFFFFFFFFFFFFFFFFFFF7F
:20019000FFFFFFFFFFFFFFFFFFFFFFFFFFFFFFFFFFFFFFFFFFFFFFFFFFFFFFFFFFFFFFFF6F
:2001A000FFFFFFFFFFFFFFFFFFFFFFFFFFFFFFFFFFFFFFFFFFFFFFFFFFFFFFFFFFFFFFFF5F
:2001B000FFFFFFFFFFFFFFFFFFFFFFFFFFFFFFFFFFFFFFFFFFFFFFFFFFFFFFFFFFFFFFFF4F
:2001C000FFFFFFFFFFFFFFFFFFFFFFFFFFFFFFFFFFFFFFFFFFFFFFFFFFFFFFFFFFFFFFFF3F
:2001D000FFFFFFFFFFFFFFFFFFFFFFFFFFFFFFFFFFFFFFFFFFFFFFFFFFFFFFFFFFFFFFFF2F
:2001E000FFFFFFFFFFFFFFFFFFFFFFFFFFFFFFFFFFFFFFFFFFFFFFFFFFFFFFFFFFFFFFFF1F
:2001F000FFFFFFFFFFFFFFFFFFFFFFFFFFFFFFFFFFFFFFFFFFFFFFFFFFFFFFFFFFFFFFFF0F
:20020000FFFFFFFFFFFFFFFFFFFFFFFFFFFFFFFFFFFFFFFFFFFFFFFFFFFFFFFFFFFFFFFFFE
:20021000FFFFFFFFFFFFFFFFFFFFFFFFFFFFFFFFFFFFFFFFFFFFFFFFFFFFFFFFFFFFFFFFEE
:20022000FFFFFFFFFFFFFFFFFFFFFFFFFFFFFFFFFFFFFFFFFFFFFFFFFFFFFFFFFFFFFFFFDE
:20023000FFFFFFFFFFFFFFFFFFFFFFFFFFFFFFFFFFFFFFFFFFFFFFFFFFFFFFFFFFFFFFFFCE
:20024000FFFFFFFFFFFFFFFFFFFFFFFFFFFFFFFFFFFFFFFFFFFFFFFFFFFFFFFFFFFFFFFFBE
:20025000FFFFFFFFFFFFFFFFFFFFFFFFFFFFFFFFFFFFFFFFFFFFFFFFFFFFFFFFFFFFFFFFAE
:20026000FFFFFFFFFFFFFFFFFFFFFFFFFFFFFFFFFFFFFFFFFFFFFFFFFFFFFFFFFFFFFFFF9E
:20027000FFFFFFFFFFFFFFFFFFFFFFFFFFFFFFFFFFFFFFFFFFFFFFFFFFFFFFFFFFFFFFFF8E
:20028000FFFFFFFFFFFFFFFFFFFFFFFFFFFFFFFFFFFFFFFFFFFFFFFFFFFFFFFFFFFFFFFF7E
:20029000FFFFFFFFFFFFFFFFFFFFFFFFFFFFFFFFFFFFFFFFFFFFFFFFFFFFFFFFFFFFFFFF6E
:2002A000FFFFFFFFFFFFFFFFFFFFFFFFFFFFFFFFFFFFFFFFFFFFFFFFFFFFFFFFFFFFFFFF5E
:2002B000FFFFFFFFFFFFFFFFFFFFFFFFFFFFFFFFFFFFFFFFFFFFFFFFFFFFFFFFFFFFFFFF4E
:2002C000FFFFFFFFFFFFFFFFFFFFFFFFFFFFFFFFFFFFFFFFFFFFFFFFFFFFFFFFFFFFFFFF3E
:2002D000FFFFFFFFFFFFFFFFFFFFFFFFFFFFFFFFFFFFFFFFFFFFFFFFFFFFFFFFFFFFFFFF2E
:2002E000FFFFFFFFFFFFFFFFFFFFFFFFFFFFFFFFFFFFFFFFFFFFFFFFFFFFFFFFFFFFFFFF1E
:2002F000FFFFFFFFFFFFFFFFFFFFFFFFFFFFFFFFFFFFFFFFFFFFFFFFFFFFFFFFFFFFFFFF0E
:20030000FFFFFFFFFFFFFFFFFFFFFFFFFFFFFFFFFFFFFFFFFFFFFFFFFFFFFFFFFFFFFFFFFD
:20031000FFFFFFFFFFFFFFFFFFFFFFFFFFFFFFFFFFFFFFFFFFFFFFFFFFFFFFFFFFFFFFFFED
:20032000FFFFFFFFFFFFFFFFFFFFFFFFFFFFFFFFFFFFFFFFFFFFFFFFFFFFFFFFFFFFFFFFDD
:20033000FFFFFFFFFFFFFFFFFFFFFFFFFFFFFFFFFFFFFFFFFFFFFFFFFFFFFFFFFFFFFFFFCD
:20034000FFFFFFFFFFFFFFFFFFFFFFFFFFFFFFFFFFFFFFFFFFFFFFFFFFFFFFFFFFFFFFFFBD
:20035000FFFFFFFFFFFFFFFFFFFFFFFFFFFFFFFFFFFFFFFFFFFFFFFFFFFFFFFFFFFFFFFFAD
:20036000FFFFFFFFFFFFFFFFFFFFFFFFFFFFFFFFFFFFFFFFFFFFFFFFFFFFFFFFFFFFFFFF9D
:20037000FFFFFFFFFFFFFFFFFFFFFFFFFFFFFFFFFFFFFFFFFFFFFFFFFFFFFFFFFFFFFFFF8D
:20038000FFFFFFFFFFFFFFFFFFFFFFFFFFFFFFFFFFFFFFFFFFFFFFFFFFFFFFFFFFFFFFFF7D
:20039000FFFFFFFFFFFFFFFFFFFFFFFFFFFFFFFFFFFFFFFFFFFFFFFFFFFFFFFFFFFFFFFF6D
:2003A000FFFFFFFFFFFFFFFFFFFFFFFFFFFFFFFFFFFFFFFFFFFFFFFFFFFFFFFFFFFFFFFF5D
:2003B000FFFFFFFFFFFFFFFFFFFFFFFFFFFFFFFFFFFFFFFFFFFFFFFFFFFFFFFFFFFFFFFF4D
:2003C000FFFFFFFFFFFFFFFFFFFFFFFFFFFFFFFFFFFFFFFFFFFFFFFFFFFFFFFFFFFFFFFF3D
:2003D000FFFFFFFFFFFFFFFFFFFFFFFFFFFFFFFFFFFFFFFFFFFFFFFFFFFFFFFFFFFFFFFF2D
:2003E000FFFFFFFFFFFFFFFFFFFFFFFFFFFFFFFFFFFFFFFFFFFFFFFFFFFFFFFFFFFFFFFF1D
:2003F000FFFFFFFFFFFFFFFFFFFFFFFFFFFFFFFFFFFFFFFFFFFFFFFFFFFFFFFFFFFFFFFF0D
:20040000FFFFFFFFFFFFFFFFFFFFFFFFFFFFFFFFFFFFFFFFFFFFFFFFFFFFFFFFFFFFFFFFFC
:20041000FFFFFFFFFFFFFFFFFFFFFFFFFFFFFFFFFFFFFFFFFFFFFFFFFFFFFFFFFFFFFFFFEC
:20042000FFFFFFFFFFFFFFFFFFFFFFFFFFFFFFFFFFFFFFFFFFFFFFFFFFFFFFFFFFFFFFFFDC
:20043000FFFFFFFFFFFFFFFFFFFFFFFFFFFFFFFFFFFFFFFFFFFFFFFFFFFFFFFFFFFFFFFFCC
:20044000FFFFFFFFFFFFFFFFFFFFFFFFFFFFFFFFFFFFFFFFFFFFFFFFFFFFFFFFFFFFFFFFBC
:20045000FFFFFFFFFFFFFFFFFFFFFFFFFFFFFFFFFFFFFFFFFFFFFFFFFFFFFFFFFFFFFFFFAC
:20046000FFFFFFFFFFFFFFFFFFFFFFFFFFFFFFFFFFFFFFFFFFFFFFFFFFFFFFFFFFFFFFFF9C
:20047000FFFFFFFFFFFFFFFFFFFFFFFFFFFFFFFFFFFFFFFFFFFFFFFFFFFFFFFFFFFFFFFF8C
:20048000FFFFFFFFFFFFFFFFFFFFFFFFFFFFFFFFFFFFFFFFFFFFFFFFFFFFFFFFFFFFFFFF7C
:20049000FFFFFFFFFFFFFFFFFFFFFFFFFFFFFFFFFFFFFFFFFFFFFFFFFFFFFFFFFFFFFFFF6C
:2004A000FFFFFFFFFFFFFFFFFFFFFFFFFFFFFFFFFFFFFFFFFFFFFFFFFFFFFFFFFFFFFFFF5C
:2004B000FFFFFFFFFFFFFFFFFFFFFFFFFFFFFFFFFFFFFFFFFFFFFFFFFFFFFFFFFFFFFFFF4C
:2004C000FFFFFFFFFFFFFFFFFFFFFFFFFFFFFFFFFFFFFFFFFFFFFFFFFFFFFFFFFFFFFFFF3C
:2004D000FFFFFFFFFFFFFFFFFFFFFFFFFFFFFFFFFFFFFFFFFFFFFFFFFFFFFFFFFFFFFFFF2C
:2004E000FFFFFFFFFFFFFFFFFFFFFFFFFFFFFFFFFFFFFFFFFFFFFFFFFFFFFFFFFFFFFFFF1C
:2004F000FFFFFFFFFFFFFFFFFFFFFFFFFFFFFFFFFFFFFFFFFFFFFFFFFFFFFFFFFFFFFFFF0C
:20050000FFFFFFFFFFFFFFFFFFFFFFFFFFFFFFFFFFFFFFFFFFFFFFFFFFFFFFFFFFFFFFFFFB
:20051000FFFFFFFFFFFFFFFFFFFFFFFFFFFFFFFFFFFFFFFFFFFFFFFFFFFFFFFFFFFFFFFFEB
:20052000FFFFFFFFFFFFFFFFFFFFFFFFFFFFFFFFFFFFFFFFFFFFFFFFFFFFFFFFFFFFFFFFDB
:20053000FFFFFFFFFFFFFFFFFFFFFFFFFFFFFFFFFFFFFFFFFFFFFFFFFFFFFFFFFFFFFFFFCB
:20054000FFFFFFFFFFFFFFFFFFFFFFFFFFFFFFFFFFFFFFFFFFFFFFFFFFFFFFFFFFFFFFFFBB
:20055000FFFFFFFFFFFFFFFFFFFFFFFFFFFFFFFFFFFFFFFFFFFFFFFFFFFFFFFFFFFFFFFFAB
:20056000FFFFFFFFFFFFFFFFFFFFFFFFFFFFFFFFFFFFFFFFFFFFFFFFFFFFFFFFFFFFFFFF9B
:20057000FFFFFFFFFFFFFFFFFFFFFFFFFFFFFFFFFFFFFFFFFFFFFFFFFFFFFFFFFFFFFFFF8B
:20058000FFFFFFFFFFFFFFFFFFFFFFFFFFFFFFFFFFFFFFFFFFFFFFFFFFFFFFFFFFFFFFFF7B
:20059000FFFFFFFFFFFFFFFFFFFFFFFFFFFFFFFFFFFFFFFFFFFFFFFFFFFFFFFFFFFFFFFF6B
:2005A000FFFFFFFFFFFFFFFFFFFFFFFFFFFFFFFFFFFFFFFFFFFFFFFFFFFFFFFFFFFFFFFF5B
:2005B000FFFFFFFFFFFFFFFFFFFFFFFFFFFFFFFFFFFFFFFFFFFFFFFFFFFFFFFFFFFFFFFF4B
:2005C000FFFFFFFFFFFFFFFFFFFFFFFFFFFFFFFFFFFFFFFFFFFFFFFFFFFFFFFFFFFFFFFF3B
:2005D000FFFFFFFFFFFFFFFFFFFFFFFFFFFFFFFFFFFFFFFFFFFFFFFFFFFFFFFFFFFFFFFF2B
:2005E000FFFFFFFFFFFFFFFFFFFFFFFFFFFFFFFFFFFFFFFFFFFFFFFFFFFFFFFFFFFFFFFF1B
:2005F000FFFFFFFFFFFFFFFFFFFFFFFFFFFFFFFFFFFFFFFFFFFFFFFFFFFFFFFFFFFFFFFF0B
:20060000FFFFFFFFFFFFFFFFFFFFFFFFFFFFFFFFFFFFFFFFFFFFFFFFFFFFFFFFFFFFFFFFFA
:20061000FFFFFFFFFFFFFFFFFFFFFFFFFFFFFFFFFFFFFFFFFFFFFFFFFFFFFFFFFFFFFFFFEA
:20062000FFFFFFFFFFFFFFFFFFFFFFFFFFFFFFFFFFFFFFFFFFFFFFFFFFFFFFFFFFFFFFFFDA
:20063000FFFFFFFFFFFFFFFFFFFFFFFFFFFFFFFFFFFFFFFFFFFFFFFFFFFFFFFFFFFFFFFFCA
:20064000FFFFFFFFFFFFFFFFFFFFFFFFFFFFFFFFFFFFFFFFFFFFFFFFFFFFFFFFFFFFFFFFBA
:20065000FFFFFFFFFFFFFFFFFFFFFFFFFFFFFFFFFFFFFFFFFFFFFFFFFFFFFFFFFFFFFFFFAA
:20066000FFFFFFFFFFFFFFFFFFFFFFFFFFFFFFFFFFFFFFFFFFFFFFFFFFFFFFFFFFFFFFFF9A
:20067000FFFFFFFFFFFFFFFFFFFFFFFFFFFFFFFFFFFFFFFFFFFFFFFFFFFFFFFFFFFFFFFF8A
:20068000FFFFFFFFFFFFFFFFFFFFFFFFFFFFFFFFFFFFFFFFFFFFFFFFFFFFFFFFFFFFFFFF7A
:20069000FFFFFFFFFFFFFFFFFFFFFFFFFFFFFFFFFFFFFFFFFFFFFFFFFFFFFFFFFFFFFFFF6A
:2006A000FFFFFFFFFFFFFFFFFFFFFFFFFFFFFFFFFFFFFFFFFFFFFFFFFFFFFFFFFFFFFFFF5A
:2006B000FFFFFFFFFFFFFFFFFFFFFFFFFFFFFFFFFFFFFFFFFFFFFFFFFFFFFFFFFFFFFFFF4A
:2006C000FFFFFFFFFFFFFFFFFFFFFFFFFFFFFFFFFFFFFFFFFFFFFFFFFFFFFFFFFFFFFFFF3A
:2006D000FFFFFFFFFFFFFFFFFFFFFFFFFFFFFFFFFFFFFFFFFFFFFFFFFFFFFFFFFFFFFFFF2A
:2006E000FFFFFFFFFFFFFFFFFFFFFFFFFFFFFFFFFFFFFFFFFFFFFFFFFFFFFFFFFFFFFFFF1A
:2006F000FFFFFFFFFFFFFFFFFFFFFFFFFFFFFFFFFFFFFFFFFFFFFFFFFFFFFFFFFFFFFFFF0A
:20070000FFFFFFFFFFFFFFFFFFFFFFFFFFFFFFFFFFFFFFFFFFFFFFFFFFFFFFFFFFFFFFFFF9
:20071000FFFFFFFFFFFFFFFFFFFFFFFFFFFFFFFFFFFFFFFFFFFFFFFFFFFFFFFFFFFFFFFFE9
:20072000FFFFFFFFFFFFFFFFFFFFFFFFFFFFFFFFFFFFFFFFFFFFFFFFFFFFFFFFFFFFFFFFD9
:20073000FFFFFFFFFFFFFFFFFFFFFFFFFFFFFFFFFFFFFFFFFFFFFFFFFFFFFFFFFFFFFFFFC9
:20074000FFFFFFFFFFFFFFFFFFFFFFFFFFFFFFFFFFFFFFFFFFFFFFFFFFFFFFFFFFFFFFFFB9
:20075000FFFFFFFFFFFFFFFFFFFFFFFFFFFFFFFFFFFFFFFFFFFFFFFFFFFFFFFFFFFFFFFFA9
:20076000FFFFFFFFFFFFFFFFFFFFFFFFFFFFFFFFFFFFFFFFFFFFFFFFFFFFFFFFFFFFFFFF99
:20077000FFFFFFFFFFFFFFFFFFFFFFFFFFFFFFFFFFFFFFFFFFFFFFFFFFFFFFFFFFFFFFFF89
:20078000FFFFFFFFFFFFFFFFFFFFFFFFFFFFFFFFFFFFFFFFFFFFFFFFFFFFFFFFFFFFFFFF79
:20079000FFFFFFFFFFFFFFFFFFFFFFFFFFFFFFFFFFFFFFFFFFFFFFFFFFFFFFFFFFFFFFFF69
:2007A000FFFFFFFFFFFFFFFFFFFFFFFFFFFFFFFFFFFFFFFFFFFFFFFFFFFFFFFFFFFFFFFF59
:2007B000FFFFFFFFFFFFFFFFFFFFFFFFFFFFFFFFFFFFFFFFFFFFFFFFFFFFFFFFFFFFFFFF49
:2007C000FFFFFFFFFFFFFFFFFFFFFFFFFFFFFFFFFFFFFFFFFFFFFFFFFFFFFFFFFFFFFFFF39
:2007D000FFFFFFFFFFFFFFFFFFFFFFFFFFFFFFFFFFFFFFFFFFFFFFFFFFFFFFFFFFFFFFFF29
:2007E000FFFFFFFFFFFFFFFFFFFFFFFFFFFFFFFFFFFFFFFFFFFFFFFFFFFFFFFFFFFFFFFF19
:2007F000FFFFFFFFFFFFFFFFFFFFFFFFFFFFFFFFFFFFFFFFFFFFFFFFFFFFFFFFFFFFFFFF09
:20080000FFFFFFFFFFFFFFFFFFFFFFFFFFFFFFFFFFFFFFFFFFFFFFFFFFFFFFFFFFFFFFFFF8
:20081000FFFFFFFFFFFFFFFFFFFFFFFFFFFFFFFFFFFFFFFFFFFFFFFFFFFFFFFFFFFFFFFFE8
:20082000FFFFFFFFFFFFFFFFFFFFFFFFFFFFFFFFFFFFFFFFFFFFFFFFFFFFFFFFFFFFFFFFD8
:20083000FFFFFFFFFFFFFFFFFFFFFFFFFFFFFFFFFFFFFFFFFFFFFFFFFFFFFFFFFFFFFFFFC8
:20084000FFFFFFFFFFFFFFFFFFFFFFFFFFFFFFFFFFFFFFFFFFFFFFFFFFFFFFFFFFFFFFFFB8
:20085000FFFFFFFFFFFFFFFFFFFFFFFFFFFFFFFFFFFFFFFFFFFFFFFFFFFFFFFFFFFFFFFFA8
:20086000FFFFFFFFFFFFFFFFFFFFFFFFFFFFFFFFFFFFFFFFFFFFFFFFFFFFFFFFFFFFFFFF98
:20087000FFFFFFFFFFFFFFFFFFFFFFFFFFFFFFFFFFFFFFFFFFFFFFFFFFFFFFFFFFFFFFFF88
:20088000FFFFFFFFFFFFFFFFFFFFFFFFFFFFFFFFFFFFFFFFFFFFFFFFFFFFFFFFFFFFFFFF78
:20089000FFFFFFFFFFFFFFFFFFFFFFFFFFFFFFFFFFFFFFFFFFFFFFFFFFFFFFFFFFFFFFFF68
:2008A000FFFFFFFFFFFFFFFFFFFFFFFFFFFFFFFFFFFFFFFFFFFFFFFFFFFFFFFFFFFFFFFF58
:2008B000FFFFFFFFFFFFFFFFFFFFFFFFFFFFFFFFFFFFFFFFFFFFFFFFFFFFFFFFFFFFFFFF48
:2008C000FFFFFFFFFFFFFFFFFFFFFFFFFFFFFFFFFFFFFFFFFFFFFFFFFFFFFFFFFFFFFFFF38
:2008D000FFFFFFFFFFFFFFFFFFFFFFFFFFFFFFFFFFFFFFFFFFFFFFFFFFFFFFFFFFFFFFFF28
:2008E000FFFFFFFFFFFFFFFFFFFFFFFFFFFFFFFFFFFFFFFFFFFFFFFFFFFFFFFFFFFFFFFF18
:2008F000FFFFFFFFFFFFFFFFFFFFFFFFFFFFFFFFFFFFFFFFFFFFFFFFFFFFFFFFFFFFFFFF08
:20090000FFFFFFFFFFFFFFFFFFFFFFFFFFFFFFFFFFFFFFFFFFFFFFFFFFFFFFFFFFFFFFFFF7
:20091000FFFFFFFFFFFFFFFFFFFFFFFFFFFFFFFFFFFFFFFFFFFFFFFFFFFFFFFFFFFFFFFFE7
:20092000FFFFFFFFFFFFFFFFFFFFFFFFFFFFFFFFFFFFFFFFFFFFFFFFFFFFFFFFFFFFFFFFD7
:20093000FFFFFFFFFFFFFFFFFFFFFFFFFFFFFFFFFFFFFFFFFFFFFFFFFFFFFFFFFFFFFFFFC7
:20094000FFFFFFFFFFFFFFFFFFFFFFFFFFFFFFFFFFFFFFFFFFFFFFFFFFFFFFFFFFFFFFFFB7
:20095000FFFFFFFFFFFFFFFFFFFFFFFFFFFFFFFFFFFFFFFFFFFFFFFFFFFFFFFFFFFFFFFFA7
:20096000FFFFFFFFFFFFFFFFFFFFFFFFFFFFFFFFFFFFFFFFFFFFFFFFFFFFFFFFFFFFFFFF97
:20097000FFFFFFFFFFFFFFFFFFFFFFFFFFFFFFFFFFFFFFFFFFFFFFFFFFFFFFFFFFFFFFFF87
:20098000FFFFFFFFFFFFFFFFFFFFFFFFFFFFFFFFFFFFFFFFFFFFFFFFFFFFFFFFFFFFFFFF77
:20099000FFFFFFFFFFFFFFFFFFFFFFFFFFFFFFFFFFFFFFFFFFFFFFFFFFFFFFFFFFFFFFFF67
:2009A000FFFFFFFFFFFFFFFFFFFFFFFFFFFFFFFFFFFFFFFFFFFFFFFFFFFFFFFFFFFFFFFF57
:2009B000FFFFFFFFFFFFFFFFFFFFFFFFFFFFFFFFFFFFFFFFFFFFFFFFFFFFFFFFFFFFFFFF47
:2009C000FFFFFFFFFFFFFFFFFFFFFFFFFFFFFFFFFFFFFFFFFFFFFFFFFFFFFFFFFFFFFFFF37
:2009D000FFFFFFFFFFFFFFFFFFFFFFFFFFFFFFFFFFFFFFFFFFFFFFFFFFFFFFFFFFFFFFFF27
:2009E000FFFFFFFFFFFFFFFFFFFFFFFFFFFFFFFFFFFFFFFFFFFFFFFFFFFFFFFFFFFFFFFF17
:2009F000FFFFFFFFFFFFFFFFFFFFFFFFFFFFFFFFFFFFFFFFFFFFFFFFFFFFFFFFFFFFFFFF07
:200A0000FFFFFFFFFFFFFFFFFFFFFFFFFFFFFFFFFFFFFFFFFFFFFFFFFFFFFFFFFFFFFFFFF6
:200A1000FFFFFFFFFFFFFFFFFFFFFFFFFFFFFFFFFFFFFFFFFFFFFFFFFFFFFFFFFFFFFFFFE6
:200A2000FFFFFFFFFFFFFFFFFFFFFFFFFFFFFFFFFFFFFFFFFFFFFFFFFFFFFFFFFFFFFFFFD6
:200A3000FFFFFFFFFFFFFFFFFFFFFFFFFFFFFFFFFFFFFFFFFFFFFFFFFFFFFFFFFFFFFFFFC6
:200A4000FFFFFFFFFFFFFFFFFFFFFFFFFFFFFFFFFFFFFFFFFFFFFFFFFFFFFFFFFFFFFFFFB6
:200A5000FFFFFFFFFFFFFFFFFFFFFFFFFFFFFFFFFFFFFFFFFFFFFFFFFFFFFFFFFFFFFFFFA6
:200A6000FFFFFFFFFFFFFFFFFFFFFFFFFFFFFFFFFFFFFFFFFFFFFFFFFFFFFFFFFFFFFFFF96
:200A7000FFFFFFFFFFFFFFFFFFFFFFFFFFFFFFFFFFFFFFFFFFFFFFFFFFFFFFFFFFFFFFFF86
:200A8000FFFFFFFFFFFFFFFFFFFFFFFFFFFFFFFFFFFFFFFFFFFFFFFFFFFFFFFFFFFFFFFF76
:200A9000FFFFFFFFFFFFFFFFFFFFFFFFFFFFFFFFFFFFFFFFFFFFFFFFFFFFFFFFFFFFFFFF66
:200AA000FFFFFFFFFFFFFFFFFFFFFFFFFFFFFFFFFFFFFFFFFFFFFFFFFFFFFFFFFFFFFFFF56
:200AB000FFFFFFFFFFFFFFFFFFFFFFFFFFFFFFFFFFFFFFFFFFFFFFFFFFFFFFFFFFFFFFFF46
:200AC000FFFFFFFFFFFFFFFFFFFFFFFFFFFFFFFFFFFFFFFFFFFFFFFFFFFFFFFFFFFFFFFF36
:200AD000FFFFFFFFFFFFFFFFFFFFFFFFFFFFFFFFFFFFFFFFFFFFFFFFFFFFFFFFFFFFFFFF26
:200AE000FFFFFFFFFFFFFFFFFFFFFFFFFFFFFFFFFFFFFFFFFFFFFFFFFFFFFFFFFFFFFFFF16
:200AF000FFFFFFFFFFFFFFFFFFFFFFFFFFFFFFFFFFFFFFFFFFFFFFFFFFFFFFFFFFFFFFFF06
:200B0000FFFFFFFFFFFFFFFFFFFFFFFFFFFFFFFFFFFFFFFFFFFFFFFFFFFFFFFFFFFFFFFFF5
:200B1000FFFFFFFFFFFFFFFFFFFFFFFFFFFFFFFFFFFFFFFFFFFFFFFFFFFFFFFFFFFFFFFFE5
:200B2000FFFFFFFFFFFFFFFFFFFFFFFFFFFFFFFFFFFFFFFFFFFFFFFFFFFFFFFFFFFFFFFFD5
:200B3000FFFFFFFFFFFFFFFFFFFFFFFFFFFFFFFFFFFFFFFFFFFFFFFFFFFFFFFFFFFFFFFFC5
:200B4000FFFFFFFFFFFFFFFFFFFFFFFFFFFFFFFFFFFFFFFFFFFFFFFFFFFFFFFFFFFFFFFFB5
:200B5000FFFFFFFFFFFFFFFFFFFFFFFFFFFFFFFFFFFFFFFFFFFFFFFFFFFFFFFFFFFFFFFFA5
:200B6000FFFFFFFFFFFFFFFFFFFFFFFFFFFFFFFFFFFFFFFFFFFFFFFFFFFFFFFFFFFFFFFF95
:200B7000FFFFFFFFFFFFFFFFFFFFFFFFFFFFFFFFFFFFFFFFFFFFFFFFFFFFFFFFFFFFFFFF85
:200B8000FFFFFFFFFFFFFFFFFFFFFFFFFFFFFFFFFFFFFFFFFFFFFFFFFFFFFFFFFFFFFFFF75
:200B9000FFFFFFFFFFFFFFFFFFFFFFFFFFFFFFFFFFFFFFFFFFFFFFFFFFFFFFFFFFFFFFFF65
:200BA000FFFFFFFFFFFFFFFFFFFFFFFFFFFFFFFFFFFFFFFFFFFFFFFFFFFFFFFFFFFFFFFF55
:200BB000FFFFFFFFFFFFFFFFFFFFFFFFFFFFFFFFFFFFFFFFFFFFFFFFFFFFFFFFFFFFFFFF45
:200BC000FFFFFFFFFFFFFFFFFFFFFFFFFFFFFFFFFFFFFFFFFFFFFFFFFFFFFFFFFFFFFFFF35
:200BD000FFFFFFFFFFFFFFFFFFFFFFFFFFFFFFFFFFFFFFFFFFFFFFFFFFFFFFFFFFFFFFFF25
:200BE000FFFFFFFFFFFFFFFFFFFFFFFFFFFFFFFFFFFFFFFFFFFFFFFFFFFFFFFFFFFFFFFF15
:200BF000FFFFFFFFFFFFFFFFFFFFFFFFFFFFFFFFFFFFFFFFFFFFFFFFFFFFFFFFFFFFFFFF05
:200C0000FFFFFFFFFFFFFFFFFFFFFFFFFFFFFFFFFFFFFFFFFFFFFFFFFFFFFFFFFFFFFFFFF4
:200C1000FFFFFFFFFFFFFFFFFFFFFFFFFFFFFFFFFFFFFFFFFFFFFFFFFFFFFFFFFFFFFFFFE4
:200C2000FFFFFFFFFFFFFFFFFFFFFFFFFFFFFFFFFFFFFFFFFFFFFFFFFFFFFFFFFFFFFFFFD4
:200C3000FFFFFFFFFFFFFFFFFFFFFFFFFFFFFFFFFFFFFFFFFFFFFFFFFFFFFFFFFFFFFFFFC4
:200C4000FFFFFFFFFFFFFFFFFFFFFFFFFFFFFFFFFFFFFFFFFFFFFFFFFFFFFFFFFFFFFFFFB4
:200C5000FFFFFFFFFFFFFFFFFFFFFFFFFFFFFFFFFFFFFFFFFFFFFFFFFFFFFFFFFFFFFFFFA4
:200C6000FFFFFFFFFFFFFFFFFFFFFFFFFFFFFFFFFFFFFFFFFFFFFFFFFFFFFFFFFFFFFFFF94
:200C7000FFFFFFFFFFFFFFFFFFFFFFFFFFFFFFFFFFFFFFFFFFFFFFFFFFFFFFFFFFFFFFFF84
:200C8000FFFFFFFFFFFFFFFFFFFFFFFFFFFFFFFFFFFFFFFFFFFFFFFFFFFFFFFFFFFFFFFF74
:200C9000FFFFFFFFFFFFFFFFFFFFFFFFFFFFFFFFFFFFFFFFFFFFFFFFFFFFFFFFFFFFFFFF64
:200CA000FFFFFFFFFFFFFFFFFFFFFFFFFFFFFFFFFFFFFFFFFFFFFFFFFFFFFFFFFFFFFFFF54
:200CB000FFFFFFFFFFFFFFFFFFFFFFFFFFFFFFFFFFFFFFFFFFFFFFFFFFFFFFFFFFFFFFFF44
:200CC000FFFFFFFFFFFFFFFFFFFFFFFFFFFFFFFFFFFFFFFFFFFFFFFFFFFFFFFFFFFFFFFF34
:200CD000FFFFFFFFFFFFFFFFFFFFFFFFFFFFFFFFFFFFFFFFFFFFFFFFFFFFFFFFFFFFFFFF24
:200CE000FFFFFFFFFFFFFFFFFFFFFFFFFFFFFFFFFFFFFFFFFFFFFFFFFFFFFFFFFFFFFFFF14
:200CF000FFFFFFFFFFFFFFFFFFFFFFFFFFFFFFFFFFFFFFFFFFFFFFFFFFFFFFFFFFFFFFFF04
:200D0000FFFFFFFFFFFFFFFFFFFFFFFFFFFFFFFFFFFFFFFFFFFFFFFFFFFFFFFFFFFFFFFFF3
:200D1000FFFFFFFFFFFFFFFFFFFFFFFFFFFFFFFFFFFFFFFFFFFFFFFFFFFFFFFFFFFFFFFFE3
:200D2000FFFFFFFFFFFFFFFFFFFFFFFFFFFFFFFFFFFFFFFFFFFFFFFFFFFFFFFFFFFFFFFFD3
:200D3000FFFFFFFFFFFFFFFFFFFFFFFFFFFFFFFFFFFFFFFFFFFFFFFFFFFFFFFFFFFFFFFFC3
:200D4000FFFFFFFFFFFFFFFFFFFFFFFFFFFFFFFFFFFFFFFFFFFFFFFFFFFFFFFFFFFFFFFFB3
:200D5000FFFFFFFFFFFFFFFFFFFFFFFFFFFFFFFFFFFFFFFFFFFFFFFFFFFFFFFFFFFFFFFFA3
:200D6000FFFFFFFFFFFFFFFFFFFFFFFFFFFFFFFFFFFFFFFFFFFFFFFFFFFFFFFFFFFFFFFF93
:200D7000FFFFFFFFFFFFFFFFFFFFFFFFFFFFFFFFFFFFFFFFFFFFFFFFFFFFFFFFFFFFFFFF83
:200D8000FFFFFFFFFFFFFFFFFFFFFFFFFFFFFFFFFFFFFFFFFFFFFFFFFFFFFFFFFFFFFFFF73
:200D9000FFFFFFFFFFFFFFFFFFFFFFFFFFFFFFFFFFFFFFFFFFFFFFFFFFFFFFFFFFFFFFFF63
:200DA000FFFFFFFFFFFFFFFFFFFFFFFFFFFFFFFFFFFFFFFFFFFFFFFFFFFFFFFFFFFFFFFF53
:200DB000FFFFFFFFFFFFFFFFFFFFFFFFFFFFFFFFFFFFFFFFFFFFFFFFFFFFFFFFFFFFFFFF43
:200DC000FFFFFFFFFFFFFFFFFFFFFFFFFFFFFFFFFFFFFFFFFFFFFFFFFFFFFFFFFFFFFFFF33
:200DD000FFFFFFFFFFFFFFFFFFFFFFFFFFFFFFFFFFFFFFFFFFFFFFFFFFFFFFFFFFFFFFFF23
:200DE000FFFFFFFFFFFFFFFFFFFFFFFFFFFFFFFFFFFFFFFFFFFFFFFFFFFFFFFFFFFFFFFF13
:200DF000FFFFFFFFFFFFFFFFFFFFFFFFFFFFFFFFFFFFFFFFFFFFFFFFFFFFFFFFFFFFFFFF03
:200E0000FFFFFFFFFFFFFFFFFFFFFFFFFFFFFFFFFFFFFFFFFFFFFFFFFFFFFFFFFFFFFFFFF2
:200E1000FFFFFFFFFFFFFFFFFFFFFFFFFFFFFFFFFFFFFFFFFFFFFFFFFFFFFFFFFFFFFFFFE2
:200E2000FFFFFFFFFFFFFFFFFFFFFFFFFFFFFFFFFFFFFFFFFFFFFFFFFFFFFFFFFFFFFFFFD2
:200E3000FFFFFFFFFFFFFFFFFFFFFFFFFFFFFFFFFFFFFFFFFFFFFFFFFFFFFFFFFFFFFFFFC2
:200E4000FFFFFFFFFFFFFFFFFFFFFFFFFFFFFFFFFFFFFFFFFFFFFFFFFFFFFFFFFFFFFFFFB2
:200E5000FFFFFFFFFFFFFFFFFFFFFFFFFFFFFFFFFFFFFFFFFFFFFFFFFFFFFFFFFFFFFFFFA2
:200E6000FFFFFFFFFFFFFFFFFFFFFFFFFFFFFFFFFFFFFFFFFFFFFFFFFFFFFFFFFFFFFFFF92
:200E7000FFFFFFFFFFFFFFFFFFFFFFFFFFFFFFFFFFFFFFFFFFFFFFFFFFFFFFFFFFFFFFFF82
:200E8000FFFFFFFFFFFFFFFFFFFFFFFFFFFFFFFFFFFFFFFFFFFFFFFFFFFFFFFFFFFFFFFF72
:200E9000FFFFFFFFFFFFFFFFFFFFFFFFFFFFFFFFFFFFFFFFFFFFFFFFFFFFFFFFFFFFFFFF62
:200EA000FFFFFFFFFFFFFFFFFFFFFFFFFFFFFFFFFFFFFFFFFFFFFFFFFFFFFFFFFFFFFFFF52
:200EB000FFFFFFFFFFFFFFFFFFFFFFFFFFFFFFFFFFFFFFFFFFFFFFFFFFFFFFFFFFFFFFFF42
:200EC000FFFFFFFFFFFFFFFFFFFFFFFFFFFFFFFFFFFFFFFFFFFFFFFFFFFFFFFFFFFFFFFF32
:200ED000FFFFFFFFFFFFFFFFFFFFFFFFFFFFFFFFFFFFFFFFFFFFFFFFFFFFFFFFFFFFFFFF22
:200EE000FFFFFFFFFFFFFFFFFFFFFFFFFFFFFFFFFFFFFFFFFFFFFFFFFFFFFFFFFFFFFFFF12
:200EF000FFFFFFFFFFFFFFFFFFFFFFFFFFFFFFFFFFFFFFFFFFFFFFFFFFFFFFFFFFFFFFFF02
:200F0000FFFFFFFFFFFFFFFFFFFFFFFFFFFFFFFFFFFFFFFFFFFFFFFFFFFFFFFFFFFFFFFFF1
:200F1000FFFFFFFFFFFFFFFFFFFFFFFFFFFFFFFFFFFFFFFFFFFFFFFFFFFFFFFFFFFFFFFFE1
:200F2000FFFFFFFFFFFFFFFFFFFFFFFFFFFFFFFFFFFFFFFFFFFFFFFFFFFFFFFFFFFFFFFFD1
:200F3000FFFFFFFFFFFFFFFFFFFFFFFFFFFFFFFFFFFFFFFFFFFFFFFFFFFFFFFFFFFFFFFFC1
:200F4000FFFFFFFFFFFFFFFFFFFFFFFFFFFFFFFFFFFFFFFFFFFFFFFFFFFFFFFFFFFFFFFFB1
:200F5000FFFFFFFFFFFFFFFFFFFFFFFFFFFFFFFFFFFFFFFFFFFFFFFFFFFFFFFFFFFFFFFFA1
:200F6000FFFFFFFFFFFFFFFFFFFFFFFFFFFFFFFFFFFFFFFFFFFFFFFFFFFFFFFFFFFFFFFF91
:200F7000FFFFFFFFFFFFFFFFFFFFFFFFFFFFFFFFFFFFFFFFFFFFFFFFFFFFFFFFFFFFFFFF81
:200F8000FFFFFFFFFFFFFFFFFFFFFFFFFFFFFFFFFFFFFFFFFFFFFFFFFFFFFFFFFFFFFFFF71
:200F9000FFFFFFFFFFFFFFFFFFFFFFFFFFFFFFFFFFFFFFFFFFFFFFFFFFFFFFFFFFFFFFFF61
:200FA000FFFFFFFFFFFFFFFFFFFFFFFFFFFFFFFFFFFFFFFFFFFFFFFFFFFFFFFFFFFFFFFF51
:200FB000FFFFFFFFFFFFFFFFFFFFFFFFFFFFFFFFFFFFFFFFFFFFFFFFFFFFFFFFFFFFFFFF41
:200FC000FFFFFFFFFFFFFFFFFFFFFFFFFFFFFFFFFFFFFFFFFFFFFFFFFFFFFFFFFFFFFFFF31
:200FD000FFFFFFFFFFFFFFFFFFFFFFFFFFFFFFFFFFFFFFFFFFFFFFFFFFFFFFFFFFFFFFFF21
:200FE000FFFFFFFFFFFFFFFFFFFFFFFFFFFFFFFFFFFFFFFFFFFFFFFFFFFFFFFFFFFFFFFF11
:200FF000FFFFFFFFFFFFFFFFFFFFFFFFFFFFFFFFFFFFFFFFFFFFFFFFFFFFFFFFFFFFFFFF01
:20100000FFFFFFFFFFFFFFFFFFFFFFFFFFFFFFFFFFFFFFFFFFFFFFFFFFFFFFFFFFFFFFFFF0
:20101000FFFFFFFFFFFFFFFFFFFFFFFFFFFFFFFFFFFFFFFFFFFFFFFFFFFFFFFFFFFFFFFFE0
:20102000FFFFFFFFFFFFFFFFFFFFFFFFFFFFFFFFFFFFFFFFFFFFFFFFFFFFFFFFFFFFFFFFD0
:20103000FFFFFFFFFFFFFFFFFFFFFFFFFFFFFFFFFFFFFFFFFFFFFFFFFFFFFFFFFFFFFFFFC0
:20104000FFFFFFFFFFFFFFFFFFFFFFFFFFFFFFFFFFFFFFFFFFFFFFFFFFFFFFFFFFFFFFFFB0
:20105000FFFFFFFFFFFFFFFFFFFFFFFFFFFFFFFFFFFFFFFFFFFFFFFFFFFFFFFFFFFFFFFFA0
:20106000FFFFFFFFFFFFFFFFFFFFFFFFFFFFFFFFFFFFFFFFFFFFFFFFFFFFFFFFFFFFFFFF90
:20107000FFFFFFFFFFFFFFFFFFFFFFFFFFFFFFFFFFFFFFFFFFFFFFFFFFFFFFFFFFFFFFFF80
:20108000FFFFFFFFFFFFFFFFFFFFFFFFFFFFFFFFFFFFFFFFFFFFFFFFFFFFFFFFFFFFFFFF70
:20109000FFFFFFFFFFFFFFFFFFFFFFFFFFFFFFFFFFFFFFFFFFFFFFFFFFFFFFFFFFFFFFFF60
:2010A000FFFFFFFFFFFFFFFFFFFFFFFFFFFFFFFFFFFFFFFFFFFFFFFFFFFFFFFFFFFFFFFF50
:2010B000FFFFFFFFFFFFFFFFFFFFFFFFFFFFFFFFFFFFFFFFFFFFFFFFFFFFFFFFFFFFFFFF40
:2010C000FFFFFFFFFFFFFFFFFFFFFFFFFFFFFFFFFFFFFFFFFFFFFFFFFFFFFFFFFFFFFFFF30
:2010D000FFFFFFFFFFFFFFFFFFFFFFFFFFFFFFFFFFFFFFFFFFFFFFFFFFFFFFFFFFFFFFFF20
:2010E000FFFFFFFFFFFFFFFFFFFFFFFFFFFFFFFFFFFFFFFFFFFFFFFFFFFFFFFFFFFFFFFF10
:2010F000FFFFFFFFFFFFFFFFFFFFFFFFFFFFFFFFFFFFFFFFFFFFFFFFFFFFFFFFFFFFFFFF00
:20110000FFFFFFFFFFFFFFFFFFFFFFFFFFFFFFFFFFFFFFFFFFFFFFFFFFFFFFFFFFFFFFFFEF
:20111000FFFFFFFFFFFFFFFFFFFFFFFFFFFFFFFFFFFFFFFFFFFFFFFFFFFFFFFFFFFFFFFFDF
:20112000FFFFFFFFFFFFFFFFFFFFFFFFFFFFFFFFFFFFFFFFFFFFFFFFFFFFFFFFFFFFFFFFCF
:20113000FFFFFFFFFFFFFFFFFFFFFFFFFFFFFFFFFFFFFFFFFFFFFFFFFFFFFFFFFFFFFFFFBF
:20114000FFFFFFFFFFFFFFFFFFFFFFFFFFFFFFFFFFFFFFFFFFFFFFFFFFFFFFFFFFFFFFFFAF
:20115000FFFFFFFFFFFFFFFFFFFFFFFFFFFFFFFFFFFFFFFFFFFFFFFFFFFFFFFFFFFFFFFF9F
:20116000FFFFFFFFFFFFFFFFFFFFFFFFFFFFFFFFFFFFFFFFFFFFFFFFFFFFFFFFFFFFFFFF8F
:20117000FFFFFFFFFFFFFFFFFFFFFFFFFFFFFFFFFFFFFFFFFFFFFFFFFFFFFFFFFFFFFFFF7F
:20118000FFFFFFFFFFFFFFFFFFFFFFFFFFFFFFFFFFFFFFFFFFFFFFFFFFFFFFFFFFFFFFFF6F
:20119000FFFFFFFFFFFFFFFFFFFFFFFFFFFFFFFFFFFFFFFFFFFFFFFFFFFFFFFFFFFFFFFF5F
:2011A000FFFFFFFFFFFFFFFFFFFFFFFFFFFFFFFFFFFFFFFFFFFFFFFFFFFFFFFFFFFFFFFF4F
:2011B000FFFFFFFFFFFFFFFFFFFFFFFFFFFFFFFFFFFFFFFFFFFFFFFFFFFFFFFFFFFFFFFF3F
:2011C000FFFFFFFFFFFFFFFFFFFFFFFFFFFFFFFFFFFFFFFFFFFFFFFFFFFFFFFFFFFFFFFF2F
:2011D000FFFFFFFFFFFFFFFFFFFFFFFFFFFFFFFFFFFFFFFFFFFFFFFFFFFFFFFFFFFFFFFF1F
:2011E000FFFFFFFFFFFFFFFFFFFFFFFFFFFFFFFFFFFFFFFFFFFFFFFFFFFFFFFFFFFFFFFF0F
:2011F000FFFFFFFFFFFFFFFFFFFFFFFFFFFFFFFFFFFFFFFFFFFFFFFFFFFFFFFFFFFFFFFFFF
:20120000FFFFFFFFFFFFFFFFFFFFFFFFFFFFFFFFFFFFFFFFFFFFFFFFFFFFFFFFFFFFFFFFEE
:20121000FFFFFFFFFFFFFFFFFFFFFFFFFFFFFFFFFFFFFFFFFFFFFFFFFFFFFFFFFFFFFFFFDE
:20122000FFFFFFFFFFFFFFFFFFFFFFFFFFFFFFFFFFFFFFFFFFFFFFFFFFFFFFFFFFFFFFFFCE
:20123000FFFFFFFFFFFFFFFFFFFFFFFFFFFFFFFFFFFFFFFFFFFFFFFFFFFFFFFFFFFFFFFFBE
:20124000FFFFFFFFFFFFFFFFFFFFFFFFFFFFFFFFFFFFFFFFFFFFFFFFFFFFFFFFFFFFFFFFAE
:20125000FFFFFFFFFFFFFFFFFFFFFFFFFFFFFFFFFFFFFFFFFFFFFFFFFFFFFFFFFFFFFFFF9E
:20126000FFFFFFFFFFFFFFFFFFFFFFFFFFFFFFFFFFFFFFFFFFFFFFFFFFFFFFFFFFFFFFFF8E
:20127000FFFFFFFFFFFFFFFFFFFFFFFFFFFFFFFFFFFFFFFFFFFFFFFFFFFFFFFFFFFFFFFF7E
:20128000FFFFFFFFFFFFFFFFFFFFFFFFFFFFFFFFFFFFFFFFFFFFFFFFFFFFFFFFFFFFFFFF6E
:20129000FFFFFFFFFFFFFFFFFFFFFFFFFFFFFFFFFFFFFFFFFFFFFFFFFFFFFFFFFFFFFFFF5E
:2012A000FFFFFFFFFFFFFFFFFFFFFFFFFFFFFFFFFFFFFFFFFFFFFFFFFFFFFFFFFFFFFFFF4E
:2012B000FFFFFFFFFFFFFFFFFFFFFFFFFFFFFFFFFFFFFFFFFFFFFFFFFFFFFFFFFFFFFFFF3E
:2012C000FFFFFFFFFFFFFFFFFFFFFFFFFFFFFFFFFFFFFFFFFFFFFFFFFFFFFFFFFFFFFFFF2E
:2012D000FFFFFFFFFFFFFFFFFFFFFFFFFFFFFFFFFFFFFFFFFFFFFFFFFFFFFFFFFFFFFFFF1E
:2012E000FFFFFFFFFFFFFFFFFFFFFFFFFFFFFFFFFFFFFFFFFFFFFFFFFFFFFFFFFFFFFFFF0E
:2012F000FFFFFFFFFFFFFFFFFFFFFFFFFFFFFFFFFFFFFFFFFFFFFFFFFFFFFFFFFFFFFFFFFE
:20130000FFFFFFFFFFFFFFFFFFFFFFFFFFFFFFFFFFFFFFFFFFFFFFFFFFFFFFFFFFFFFFFFED
:20131000FFFFFFFFFFFFFFFFFFFFFFFFFFFFFFFFFFFFFFFFFFFFFFFFFFFFFFFFFFFFFFFFDD
:20132000FFFFFFFFFFFFFFFFFFFFFFFFFFFFFFFFFFFFFFFFFFFFFFFFFFFFFFFFFFFFFFFFCD
:20133000FFFFFFFFFFFFFFFFFFFFFFFFFFFFFFFFFFFFFFFFFFFFFFFFFFFFFFFFFFFFFFFFBD
:20134000FFFFFFFFFFFFFFFFFFFFFFFFFFFFFFFFFFFFFFFFFFFFFFFFFFFFFFFFFFFFFFFFAD
:20135000FFFFFFFFFFFFFFFFFFFFFFFFFFFFFFFFFFFFFFFFFFFFFFFFFFFFFFFFFFFFFFFF9D
:20136000FFFFFFFFFFFFFFFFFFFFFFFFFFFFFFFFFFFFFFFFFFFFFFFFFFFFFFFFFFFFFFFF8D
:20137000FFFFFFFFFFFFFFFFFFFFFFFFFFFFFFFFFFFFFFFFFFFFFFFFFFFFFFFFFFFFFFFF7D
:20138000FFFFFFFFFFFFFFFFFFFFFFFFFFFFFFFFFFFFFFFFFFFFFFFFFFFFFFFFFFFFFFFF6D
:20139000FFFFFFFFFFFFFFFFFFFFFFFFFFFFFFFFFFFFFFFFFFFFFFFFFFFFFFFFFFFFFFFF5D
:2013A000FFFFFFFFFFFFFFFFFFFFFFFFFFFFFFFFFFFFFFFFFFFFFFFFFFFFFFFFFFFFFFFF4D
:2013B000FFFFFFFFFFFFFFFFFFFFFFFFFFFFFFFFFFFFFFFFFFFFFFFFFFFFFFFFFFFFFFFF3D
:2013C000FFFFFFFFFFFFFFFFFFFFFFFFFFFFFFFFFFFFFFFFFFFFFFFFFFFFFFFFFFFFFFFF2D
:2013D000FFFFFFFFFFFFFFFFFFFFFFFFFFFFFFFFFFFFFFFFFFFFFFFFFFFFFFFFFFFFFFFF1D
:2013E000FFFFFFFFFFFFFFFFFFFFFFFFFFFFFFFFFFFFFFFFFFFFFFFFFFFFFFFFFFFFFFFF0D
:2013F000FFFFFFFFFFFFFFFFFFFFFFFFFFFFFFFFFFFFFFFFFFFFFFFFFFFFFFFFFFFFFFFFFD
:20140000FFFFFFFFFFFFFFFFFFFFFFFFFFFFFFFFFFFFFFFFFFFFFFFFFFFFFFFFFFFFFFFFEC
:20141000FFFFFFFFFFFFFFFFFFFFFFFFFFFFFFFFFFFFFFFFFFFFFFFFFFFFFFFFFFFFFFFFDC
:20142000FFFFFFFFFFFFFFFFFFFFFFFFFFFFFFFFFFFFFFFFFFFFFFFFFFFFFFFFFFFFFFFFCC
:20143000FFFFFFFFFFFFFFFFFFFFFFFFFFFFFFFFFFFFFFFFFFFFFFFFFFFFFFFFFFFFFFFFBC
:20144000FFFFFFFFFFFFFFFFFFFFFFFFFFFFFFFFFFFFFFFFFFFFFFFFFFFFFFFFFFFFFFFFAC
:20145000FFFFFFFFFFFFFFFFFFFFFFFFFFFFFFFFFFFFFFFFFFFFFFFFFFFFFFFFFFFFFFFF9C
:20146000FFFFFFFFFFFFFFFFFFFFFFFFFFFFFFFFFFFFFFFFFFFFFFFFFFFFFFFFFFFFFFFF8C
:20147000FFFFFFFFFFFFFFFFFFFFFFFFFFFFFFFFFFFFFFFFFFFFFFFFFFFFFFFFFFFFFFFF7C
:20148000FFFFFFFFFFFFFFFFFFFFFFFFFFFFFFFFFFFFFFFFFFFFFFFFFFFFFFFFFFFFFFFF6C
:20149000FFFFFFFFFFFFFFFFFFFFFFFFFFFFFFFFFFFFFFFFFFFFFFFFFFFFFFFFFFFFFFFF5C
:2014A000FFFFFFFFFFFFFFFFFFFFFFFFFFFFFFFFFFFFFFFFFFFFFFFFFFFFFFFFFFFFFFFF4C
:2014B000FFFFFFFFFFFFFFFFFFFFFFFFFFFFFFFFFFFFFFFFFFFFFFFFFFFFFFFFFFFFFFFF3C
:2014C000FFFFFFFFFFFFFFFFFFFFFFFFFFFFFFFFFFFFFFFFFFFFFFFFFFFFFFFFFFFFFFFF2C
:2014D000FFFFFFFFFFFFFFFFFFFFFFFFFFFFFFFFFFFFFFFFFFFFFFFFFFFFFFFFFFFFFFFF1C
:2014E000FFFFFFFFFFFFFFFFFFFFFFFFFFFFFFFFFFFFFFFFFFFFFFFFFFFFFFFFFFFFFFFF0C
:2014F000FFFFFFFFFFFFFFFFFFFFFFFFFFFFFFFFFFFFFFFFFFFFFFFFFFFFFFFFFFFFFFFFFC
:20150000FFFFFFFFFFFFFFFFFFFFFFFFFFFFFFFFFFFFFFFFFFFFFFFFFFFFFFFFFFFFFFFFEB
:20151000FFFFFFFFFFFFFFFFFFFFFFFFFFFFFFFFFFFFFFFFFFFFFFFFFFFFFFFFFFFFFFFFDB
:20152000FFFFFFFFFFFFFFFFFFFFFFFFFFFFFFFFFFFFFFFFFFFFFFFFFFFFFFFFFFFFFFFFCB
:20153000FFFFFFFFFFFFFFFFFFFFFFFFFFFFFFFFFFFFFFFFFFFFFFFFFFFFFFFFFFFFFFFFBB
:20154000FFFFFFFFFFFFFFFFFFFFFFFFFFFFFFFFFFFFFFFFFFFFFFFFFFFFFFFFFFFFFFFFAB
:20155000FFFFFFFFFFFFFFFFFFFFFFFFFFFFFFFFFFFFFFFFFFFFFFFFFFFFFFFFFFFFFFFF9B
:20156000FFFFFFFFFFFFFFFFFFFFFFFFFFFFFFFFFFFFFFFFFFFFFFFFFFFFFFFFFFFFFFFF8B
:20157000FFFFFFFFFFFFFFFFFFFFFFFFFFFFFFFFFFFFFFFFFFFFFFFFFFFFFFFFFFFFFFFF7B
:20158000FFFFFFFFFFFFFFFFFFFFFFFFFFFFFFFFFFFFFFFFFFFFFFFFFFFFFFFFFFFFFFFF6B
:20159000FFFFFFFFFFFFFFFFFFFFFFFFFFFFFFFFFFFFFFFFFFFFFFFFFFFFFFFFFFFFFFFF5B
:2015A000FFFFFFFFFFFFFFFFFFFFFFFFFFFFFFFFFFFFFFFFFFFFFFFFFFFFFFFFFFFFFFFF4B
:2015B000FFFFFFFFFFFFFFFFFFFFFFFFFFFFFFFFFFFFFFFFFFFFFFFFFFFFFFFFFFFFFFFF3B
:2015C000FFFFFFFFFFFFFFFFFFFFFFFFFFFFFFFFFFFFFFFFFFFFFFFFFFFFFFFFFFFFFFFF2B
:2015D000FFFFFFFFFFFFFFFFFFFFFFFFFFFFFFFFFFFFFFFFFFFFFFFFFFFFFFFFFFFFFFFF1B
:2015E000FFFFFFFFFFFFFFFFFFFFFFFFFFFFFFFFFFFFFFFFFFFFFFFFFFFFFFFFFFFFFFFF0B
:2015F000FFFFFFFFFFFFFFFFFFFFFFFFFFFFFFFFFFFFFFFFFFFFFFFFFFFFFFFFFFFFFFFFFB
:20160000FFFFFFFFFFFFFFFFFFFFFFFFFFFFFFFFFFFFFFFFFFFFFFFFFFFFFFFFFFFFFFFFEA
:20161000FFFFFFFFFFFFFFFFFFFFFFFFFFFFFFFFFFFFFFFFFFFFFFFFFFFFFFFFFFFFFFFFDA
:20162000FFFFFFFFFFFFFFFFFFFFFFFFFFFFFFFFFFFFFFFFFFFFFFFFFFFFFFFFFFFFFFFFCA
:20163000FFFFFFFFFFFFFFFFFFFFFFFFFFFFFFFFFFFFFFFFFFFFFFFFFFFFFFFFFFFFFFFFBA
:20164000FFFFFFFFFFFFFFFFFFFFFFFFFFFFFFFFFFFFFFFFFFFFFFFFFFFFFFFFFFFFFFFFAA
:20165000FFFFFFFFFFFFFFFFFFFFFFFFFFFFFFFFFFFFFFFFFFFFFFFFFFFFFFFFFFFFFFFF9A
:20166000FFFFFFFFFFFFFFFFFFFFFFFFFFFFFFFFFFFFFFFFFFFFFFFFFFFFFFFFFFFFFFFF8A
:20167000FFFFFFFFFFFFFFFFFFFFFFFFFFFFFFFFFFFFFFFFFFFFFFFFFFFFFFFFFFFFFFFF7A
:20168000FFFFFFFFFFFFFFFFFFFFFFFFFFFFFFFFFFFFFFFFFFFFFFFFFFFFFFFFFFFFFFFF6A
:20169000FFFFFFFFFFFFFFFFFFFFFFFFFFFFFFFFFFFFFFFFFFFFFFFFFFFFFFFFFFFFFFFF5A
:2016A000FFFFFFFFFFFFFFFFFFFFFFFFFFFFFFFFFFFFFFFFFFFFFFFFFFFFFFFFFFFFFFFF4A
:2016B000FFFFFFFFFFFFFFFFFFFFFFFFFFFFFFFFFFFFFFFFFFFFFFFFFFFFFFFFFFFFFFFF3A
:2016C000FFFFFFFFFFFFFFFFFFFFFFFFFFFFFFFFFFFFFFFFFFFFFFFFFFFFFFFFFFFFFFFF2A
:2016D000FFFFFFFFFFFFFFFFFFFFFFFFFFFFFFFFFFFFFFFFFFFFFFFFFFFFFFFFFFFFFFFF1A
:2016E000FFFFFFFFFFFFFFFFFFFFFFFFFFFFFFFFFFFFFFFFFFFFFFFFFFFFFFFFFFFFFFFF0A
:2016F000FFFFFFFFFFFFFFFFFFFFFFFFFFFFFFFFFFFFFFFFFFFFFFFFFFFFFFFFFFFFFFFFFA
:20170000FFFFFFFFFFFFFFFFFFFFFFFFFFFFFFFFFFFFFFFFFFFFFFFFFFFFFFFFFFFFFFFFE9
:20171000FFFFFFFFFFFFFFFFFFFFFFFFFFFFFFFFFFFFFFFFFFFFFFFFFFFFFFFFFFFFFFFFD9
:20172000FFFFFFFFFFFFFFFFFFFFFFFFFFFFFFFFFFFFFFFFFFFFFFFFFFFFFFFFFFFFFFFFC9
:20173000FFFFFFFFFFFFFFFFFFFFFFFFFFFFFFFFFFFFFFFFFFFFFFFFFFFFFFFFFFFFFFFFB9
:20174000FFFFFFFFFFFFFFFFFFFFFFFFFFFFFFFFFFFFFFFFFFFFFFFFFFFFFFFFFFFFFFFFA9
:20175000FFFFFFFFFFFFFFFFFFFFFFFFFFFFFFFFFFFFFFFFFFFFFFFFFFFFFFFFFFFFFFFF99
:20176000FFFFFFFFFFFFFFFFFFFFFFFFFFFFFFFFFFFFFFFFFFFFFFFFFFFFFFFFFFFFFFFF89
:20177000FFFFFFFFFFFFFFFFFFFFFFFFFFFFFFFFFFFFFFFFFFFFFFFFFFFFFFFFFFFFFFFF79
:20178000FFFFFFFFFFFFFFFFFFFFFFFFFFFFFFFFFFFFFFFFFFFFFFFFFFFFFFFFFFFFFFFF69
:20179000FFFFFFFFFFFFFFFFFFFFFFFFFFFFFFFFFFFFFFFFFFFFFFFFFFFFFFFFFFFFFFFF59
:2017A000FFFFFFFFFFFFFFFFFFFFFFFFFFFFFFFFFFFFFFFFFFFFFFFFFFFFFFFFFFFFFFFF49
:2017B000FFFFFFFFFFFFFFFFFFFFFFFFFFFFFFFFFFFFFFFFFFFFFFFFFFFFFFFFFFFFFFFF39
:2017C000FFFFFFFFFFFFFFFFFFFFFFFFFFFFFFFFFFFFFFFFFFFFFFFFFFFFFFFFFFFFFFFF29
:2017D000FFFFFFFFFFFFFFFFFFFFFFFFFFFFFFFFFFFFFFFFFFFFFFFFFFFFFFFFFFFFFFFF19
:2017E000FFFFFFFFFFFFFFFFFFFFFFFFFFFFFFFFFFFFFFFFFFFFFFFFFFFFFFFFFFFFFFFF09
:2017F000FFFFFFFFFFFFFFFFFFFFFFFFFFFFFFFFFFFFFFFFFFFFFFFFFFFFFFFFFFFFFFFFF9
:20180000FFFFFFFFFFFFFFFFFFFFFFFFFFFFFFFFFFFFFFFFFFFFFFFFFFFFFFFFFFFFFFFFE8
:20181000FFFFFFFFFFFFFFFFFFFFFFFFFFFFFFFFFFFFFFFFFFFFFFFFFFFFFFFFFFFFFFFFD8
:20182000FFFFFFFFFFFFFFFFFFFFFFFFFFFFFFFFFFFFFFFFFFFFFFFFFFFFFFFFFFFFFFFFC8
:20183000FFFFFFFFFFFFFFFFFFFFFFFFFFFFFFFFFFFFFFFFFFFFFFFFFFFFFFFFFFFFFFFFB8
:20184000FFFFFFFFFFFFFFFFFFFFFFFFFFFFFFFFFFFFFFFFFFFFFFFFFFFFFFFFFFFFFFFFA8
:20185000FFFFFFFFFFFFFFFFFFFFFFFFFFFFFFFFFFFFFFFFFFFFFFFFFFFFFFFFFFFFFFFF98
:20186000FFFFFFFFFFFFFFFFFFFFFFFFFFFFFFFFFFFFFFFFFFFFFFFFFFFFFFFFFFFFFFFF88
:20187000FFFFFFFFFFFFFFFFFFFFFFFFFFFFFFFFFFFFFFFFFFFFFFFFFFFFFFFFFFFFFFFF78
:20188000FFFFFFFFFFFFFFFFFFFFFFFFFFFFFFFFFFFFFFFFFFFFFFFFFFFFFFFFFFFFFFFF68
:20189000FFFFFFFFFFFFFFFFFFFFFFFFFFFFFFFFFFFFFFFFFFFFFFFFFFFFFFFFFFFFFFFF58
:2018A000FFFFFFFFFFFFFFFFFFFFFFFFFFFFFFFFFFFFFFFFFFFFFFFFFFFFFFFFFFFFFFFF48
:2018B000FFFFFFFFFFFFFFFFFFFFFFFFFFFFFFFFFFFFFFFFFFFFFFFFFFFFFFFFFFFFFFFF38
:2018C000FFFFFFFFFFFFFFFFFFFFFFFFFFFFFFFFFFFFFFFFFFFFFFFFFFFFFFFFFFFFFFFF28
:2018D000FFFFFFFFFFFFFFFFFFFFFFFFFFFFFFFFFFFFFFFFFFFFFFFFFFFFFFFFFFFFFFFF18
:2018E000FFFFFFFFFFFFFFFFFFFFFFFFFFFFFFFFFFFFFFFFFFFFFFFFFFFFFFFFFFFFFFFF08
:2018F000FFFFFFFFFFFFFFFFFFFFFFFFFFFFFFFFFFFFFFFFFFFFFFFFFFFFFFFFFFFFFFFFF8
:20190000FFFFFFFFFFFFFFFFFFFFFFFFFFFFFFFFFFFFFFFFFFFFFFFFFFFFFFFFFFFFFFFFE7
:20191000FFFFFFFFFFFFFFFFFFFFFFFFFFFFFFFFFFFFFFFFFFFFFFFFFFFFFFFFFFFFFFFFD7
:20192000FFFFFFFFFFFFFFFFFFFFFFFFFFFFFFFFFFFFFFFFFFFFFFFFFFFFFFFFFFFFFFFFC7
:20193000FFFFFFFFFFFFFFFFFFFFFFFFFFFFFFFFFFFFFFFFFFFFFFFFFFFFFFFFFFFFFFFFB7
:20194000FFFFFFFFFFFFFFFFFFFFFFFFFFFFFFFFFFFFFFFFFFFFFFFFFFFFFFFFFFFFFFFFA7
:20195000FFFFFFFFFFFFFFFFFFFFFFFFFFFFFFFFFFFFFFFFFFFFFFFFFFFFFFFFFFFFFFFF97
:20196000FFFFFFFFFFFFFFFFFFFFFFFFFFFFFFFFFFFFFFFFFFFFFFFFFFFFFFFFFFFFFFFF87
:20197000FFFFFFFFFFFFFFFFFFFFFFFFFFFFFFFFFFFFFFFFFFFFFFFFFFFFFFFFFFFFFFFF77
:20198000FFFFFFFFFFFFFFFFFFFFFFFFFFFFFFFFFFFFFFFFFFFFFFFFFFFFFFFFFFFFFFFF67
:20199000FFFFFFFFFFFFFFFFFFFFFFFFFFFFFFFFFFFFFFFFFFFFFFFFFFFFFFFFFFFFFFFF57
:2019A000FFFFFFFFFFFFFFFFFFFFFFFFFFFFFFFFFFFFFFFFFFFFFFFFFFFFFFFFFFFFFFFF47
:2019B000FFFFFFFFFFFFFFFFFFFFFFFFFFFFFFFFFFFFFFFFFFFFFFFFFFFFFFFFFFFFFFFF37
:2019C000FFFFFFFFFFFFFFFFFFFFFFFFFFFFFFFFFFFFFFFFFFFFFFFFFFFFFFFFFFFFFFFF27
:2019D000FFFFFFFFFFFFFFFFFFFFFFFFFFFFFFFFFFFFFFFFFFFFFFFFFFFFFFFFFFFFFFFF17
:2019E000FFFFFFFFFFFFFFFFFFFFFFFFFFFFFFFFFFFFFFFFFFFFFFFFFFFFFFFFFFFFFFFF07
:2019F000FFFFFFFFFFFFFFFFFFFFFFFFFFFFFFFFFFFFFFFFFFFFFFFFFFFFFFFFFFFFFFFFF7
:201A0000FFFFFFFFFFFFFFFFFFFFFFFFFFFFFFFFFFFFFFFFFFFFFFFFFFFFFFFFFFFFFFFFE6
:201A1000FFFFFFFFFFFFFFFFFFFFFFFFFFFFFFFFFFFFFFFFFFFFFFFFFFFFFFFFFFFFFFFFD6
:201A2000FFFFFFFFFFFFFFFFFFFFFFFFFFFFFFFFFFFFFFFFFFFFFFFFFFFFFFFFFFFFFFFFC6
:201A3000FFFFFFFFFFFFFFFFFFFFFFFFFFFFFFFFFFFFFFFFFFFFFFFFFFFFFFFFFFFFFFFFB6
:201A4000FFFFFFFFFFFFFFFFFFFFFFFFFFFFFFFFFFFFFFFFFFFFFFFFFFFFFFFFFFFFFFFFA6
:201A5000FFFFFFFFFFFFFFFFFFFFFFFFFFFFFFFFFFFFFFFFFFFFFFFFFFFFFFFFFFFFFFFF96
:201A6000FFFFFFFFFFFFFFFFFFFFFFFFFFFFFFFFFFFFFFFFFFFFFFFFFFFFFFFFFFFFFFFF86
:201A7000FFFFFFFFFFFFFFFFFFFFFFFFFFFFFFFFFFFFFFFFFFFFFFFFFFFFFFFFFFFFFFFF76
:201A8000FFFFFFFFFFFFFFFFFFFFFFFFFFFFFFFFFFFFFFFFFFFFFFFFFFFFFFFFFFFFFFFF66
:201A9000FFFFFFFFFFFFFFFFFFFFFFFFFFFFFFFFFFFFFFFFFFFFFFFFFFFFFFFFFFFFFFFF56
:201AA000FFFFFFFFFFFFFFFFFFFFFFFFFFFFFFFFFFFFFFFFFFFFFFFFFFFFFFFFFFFFFFFF46
:201AB000FFFFFFFFFFFFFFFFFFFFFFFFFFFFFFFFFFFFFFFFFFFFFFFFFFFFFFFFFFFFFFFF36
:201AC000FFFFFFFFFFFFFFFFFFFFFFFFFFFFFFFFFFFFFFFFFFFFFFFFFFFFFFFFFFFFFFFF26
:201AD000FFFFFFFFFFFFFFFFFFFFFFFFFFFFFFFFFFFFFFFFFFFFFFFFFFFFFFFFFFFFFFFF16
:201AE000FFFFFFFFFFFFFFFFFFFFFFFFFFFFFFFFFFFFFFFFFFFFFFFFFFFFFFFFFFFFFFFF06
:201AF000FFFFFFFFFFFFFFFFFFFFFFFFFFFFFFFFFFFFFFFFFFFFFFFFFFFFFFFFFFFFFFFFF6
:201B0000FFFFFFFFFFFFFFFFFFFFFFFFFFFFFFFFFFFFFFFFFFFFFFFFFFFFFFFFFFFFFFFFE5
:201B1000FFFFFFFFFFFFFFFFFFFFFFFFFFFFFFFFFFFFFFFFFFFFFFFFFFFFFFFFFFFFFFFFD5
:201B2000FFFFFFFFFFFFFFFFFFFFFFFFFFFFFFFFFFFFFFFFFFFFFFFFFFFFFFFFFFFFFFFFC5
:201B3000FFFFFFFFFFFFFFFFFFFFFFFFFFFFFFFFFFFFFFFFFFFFFFFFFFFFFFFFFFFFFFFFB5
:201B4000FFFFFFFFFFFFFFFFFFFFFFFFFFFFFFFFFFFFFFFFFFFFFFFFFFFFFFFFFFFFFFFFA5
:201B5000FFFFFFFFFFFFFFFFFFFFFFFFFFFFFFFFFFFFFFFFFFFFFFFFFFFFFFFFFFFFFFFF95
:201B6000FFFFFFFFFFFFFFFFFFFFFFFFFFFFFFFFFFFFFFFFFFFFFFFFFFFFFFFFFFFFFFFF85
:201B7000FFFFFFFFFFFFFFFFFFFFFFFFFFFFFFFFFFFFFFFFFFFFFFFFFFFFFFFFFFFFFFFF75
:201B8000FFFFFFFFFFFFFFFFFFFFFFFFFFFFFFFFFFFFFFFFFFFFFFFFFFFFFFFFFFFFFFFF65
:201B9000FFFFFFFFFFFFFFFFFFFFFFFFFFFFFFFFFFFFFFFFFFFFFFFFFFFFFFFFFFFFFFFF55
:201BA000FFFFFFFFFFFFFFFFFFFFFFFFFFFFFFFFFFFFFFFFFFFFFFFFFFFFFFFFFFFFFFFF45
:201BB000FFFFFFFFFFFFFFFFFFFFFFFFFFFFFFFFFFFFFFFFFFFFFFFFFFFFFFFFFFFFFFFF35
:201BC000FFFFFFFFFFFFFFFFFFFFFFFFFFFFFFFFFFFFFFFFFFFFFFFFFFFFFFFFFFFFFFFF25
:201BD000FFFFFFFFFFFFFFFFFFFFFFFFFFFFFFFFFFFFFFFFFFFFFFFFFFFFFFFFFFFFFFFF15
:201BE000FFFFFFFFFFFFFFFFFFFFFFFFFFFFFFFFFFFFFFFFFFFFFFFFFFFFFFFFFFFFFFFF05
:201BF000FFFFFFFFFFFFFFFFFFFFFFFFFFFFFFFFFFFFFFFFFFFFFFFFFFFFFFFFFFFFFFFFF5
:201C0000FFFFFFFFFFFFFFFFFFFFFFFFFFFFFFFFFFFFFFFFFFFFFFFFFFFFFFFFFFFFFFFFE4
:201C1000FFFFFFFFFFFFFFFFFFFFFFFFFFFFFFFFFFFFFFFFFFFFFFFFFFFFFFFFFFFFFFFFD4
:201C2000FFFFFFFFFFFFFFFFFFFFFFFFFFFFFFFFFFFFFFFFFFFFFFFFFFFFFFFFFFFFFFFFC4
:201C3000FFFFFFFFFFFFFFFFFFFFFFFFFFFFFFFFFFFFFFFFFFFFFFFFFFFFFFFFFFFFFFFFB4
:201C4000FFFFFFFFFFFFFFFFFFFFFFFFFFFFFFFFFFFFFFFFFFFFFFFFFFFFFFFFFFFFFFFFA4
:201C5000FFFFFFFFFFFFFFFFFFFFFFFFFFFFFFFFFFFFFFFFFFFFFFFFFFFFFFFFFFFFFFFF94
:201C6000FFFFFFFFFFFFFFFFFFFFFFFFFFFFFFFFFFFFFFFFFFFFFFFFFFFFFFFFFFFFFFFF84
:201C7000FFFFFFFFFFFFFFFFFFFFFFFFFFFFFFFFFFFFFFFFFFFFFFFFFFFFFFFFFFFFFFFF74
:201C8000FFFFFFFFFFFFFFFFFFFFFFFFFFFFFFFFFFFFFFFFFFFFFFFFFFFFFFFFFFFFFFFF64
:201C9000FFFFFFFFFFFFFFFFFFFFFFFFFFFFFFFFFFFFFFFFFFFFFFFFFFFFFFFFFFFFFFFF54
:201CA000FFFFFFFFFFFFFFFFFFFFFFFFFFFFFFFFFFFFFFFFFFFFFFFFFFFFFFFFFFFFFFFF44
:201CB000FFFFFFFFFFFFFFFFFFFFFFFFFFFFFFFFFFFFFFFFFFFFFFFFFFFFFFFFFFFFFFFF34
:201CC000FFFFFFFFFFFFFFFFFFFFFFFFFFFFFFFFFFFFFFFFFFFFFFFFFFFFFFFFFFFFFFFF24
:201CD000FFFFFFFFFFFFFFFFFFFFFFFFFFFFFFFFFFFFFFFFFFFFFFFFFFFFFFFFFFFFFFFF14
:201CE000FFFFFFFFFFFFFFFFFFFFFFFFFFFFFFFFFFFFFFFFFFFFFFFFFFFFFFFFFFFFFFFF04
:201CF000FFFFFFFFFFFFFFFFFFFFFFFFFFFFFFFFFFFFFFFFFFFFFFFFFFFFFFFFFFFFFFFFF4
:201D0000FFFFFFFFFFFFFFFFFFFFFFFFFFFFFFFFFFFFFFFFFFFFFFFFFFFFFFFFFFFFFFFFE3
:201D1000FFFFFFFFFFFFFFFFFFFFFFFFFFFFFFFFFFFFFFFFFFFFFFFFFFFFFFFFFFFFFFFFD3
:201D2000FFFFFFFFFFFFFFFFFFFFFFFFFFFFFFFFFFFFFFFFFFFFFFFFFFFFFFFFFFFFFFFFC3
:201D3000FFFFFFFFFFFFFFFFFFFFFFFFFFFFFFFFFFFFFFFFFFFFFFFFFFFFFFFFFFFFFFFFB3
:201D4000FFFFFFFFFFFFFFFFFFFFFFFFFFFFFFFFFFFFFFFFFFFFFFFFFFFFFFFFFFFFFFFFA3
:201D5000FFFFFFFFFFFFFFFFFFFFFFFFFFFFFFFFFFFFFFFFFFFFFFFFFFFFFFFFFFFFFFFF93
:201D6000FFFFFFFFFFFFFFFFFFFFFFFFFFFFFFFFFFFFFFFFFFFFFFFFFFFFFFFFFFFFFFFF83
:201D7000FFFFFFFFFFFFFFFFFFFFFFFFFFFFFFFFFFFFFFFFFFFFFFFFFFFFFFFFFFFFFFFF73
:201D8000FFFFFFFFFFFFFFFFFFFFFFFFFFFFFFFFFFFFFFFFFFFFFFFFFFFFFFFFFFFFFFFF63
:201D9000FFFFFFFFFFFFFFFFFFFFFFFFFFFFFFFFFFFFFFFFFFFFFFFFFFFFFFFFFFFFFFFF53
:201DA000FFFFFFFFFFFFFFFFFFFFFFFFFFFFFFFFFFFFFFFFFFFFFFFFFFFFFFFFFFFFFFFF43
:201DB000FFFFFFFFFFFFFFFFFFFFFFFFFFFFFFFFFFFFFFFFFFFFFFFFFFFFFFFFFFFFFFFF33
:201DC000FFFFFFFFFFFFFFFFFFFFFFFFFFFFFFFFFFFFFFFFFFFFFFFFFFFFFFFFFFFFFFFF23
:201DD000FFFFFFFFFFFFFFFFFFFFFFFFFFFFFFFFFFFFFFFFFFFFFFFFFFFFFFFFFFFFFFFF13
:201DE000FFFFFFFFFFFFFFFFFFFFFFFFFFFFFFFFFFFFFFFFFFFFFFFFFFFFFFFFFFFFFFFF03
:201DF000FFFFFFFFFFFFFFFFFFFFFFFFFFFFFFFFFFFFFFFFFFFFFFFFFFFFFFFFFFFFFFFFF3
:201E0000FFFFFFFFFFFFFFFFFFFFFFFFFFFFFFFFFFFFFFFFFFFFFFFFFFFFFFFFFFFFFFFFE2
:201E1000FFFFFFFFFFFFFFFFFFFFFFFFFFFFFFFFFFFFFFFFFFFFFFFFFFFFFFFFFFFFFFFFD2
:201E2000FFFFFFFFFFFFFFFFFFFFFFFFFFFFFFFFFFFFFFFFFFFFFFFFFFFFFFFFFFFFFFFFC2
:201E3000FFFFFFFFFFFFFFFFFFFFFFFFFFFFFFFFFFFFFFFFFFFFFFFFFFFFFFFFFFFFFFFFB2
:201E4000FFFFFFFFFFFFFFFFFFFFFFFFFFFFFFFFFFFFFFFFFFFFFFFFFFFFFFFFFFFFFFFFA2
:201E5000FFFFFFFFFFFFFFFFFFFFFFFFFFFFFFFFFFFFFFFFFFFFFFFFFFFFFFFFFFFFFFFF92
:201E6000FFFFFFFFFFFFFFFFFFFFFFFFFFFFFFFFFFFFFFFFFFFFFFFFFFFFFFFFFFFFFFFF82
:201E7000FFFFFFFFFFFFFFFFFFFFFFFFFFFFFFFFFFFFFFFFFFFFFFFFFFFFFFFFFFFFFFFF72
:201E8000FFFFFFFFFFFFFFFFFFFFFFFFFFFFFFFFFFFFFFFFFFFFFFFFFFFFFFFFFFFFFFFF62
:201E9000FFFFFFFFFFFFFFFFFFFFFFFFFFFFFFFFFFFFFFFFFFFFFFFFFFFFFFFFFFFFFFFF52
:201EA000FFFFFFFFFFFFFFFFFFFFFFFFFFFFFFFFFFFFFFFFFFFFFFFFFFFFFFFFFFFFFFFF42
:201EB000FFFFFFFFFFFFFFFFFFFFFFFFFFFFFFFFFFFFFFFFFFFFFFFFFFFFFFFFFFFFFFFF32
:201EC000FFFFFFFFFFFFFFFFFFFFFFFFFFFFFFFFFFFFFFFFFFFFFFFFFFFFFFFFFFFFFFFF22
:201ED000FFFFFFFFFFFFFFFFFFFFFFFFFFFFFFFFFFFFFFFFFFFFFFFFFFFFFFFFFFFFFFFF12
:201EE000FFFFFFFFFFFFFFFFFFFFFFFFFFFFFFFFFFFFFFFFFFFFFFFFFFFFFFFFFFFFFFFF02
:201EF000FFFFFFFFFFFFFFFFFFFFFFFFFFFFFFFFFFFFFFFFFFFFFFFFFFFFFFFFFFFFFFFFF2
:201F0000FFFFFFFFFFFFFFFFFFFFFFFFFFFFFFFFFFFFFFFFFFFFFFFFFFFFFFFFFFFFFFFFE1
:201F1000FFFFFFFFFFFFFFFFFFFFFFFFFFFFFFFFFFFFFFFFFFFFFFFFFFFFFFFFFFFFFFFFD1
:201F2000FFFFFFFFFFFFFFFFFFFFFFFFFFFFFFFFFFFFFFFFFFFFFFFFFFFFFFFFFFFFFFFFC1
:201F3000FFFFFFFFFFFFFFFFFFFFFFFFFFFFFFFFFFFFFFFFFFFFFFFFFFFFFFFFFFFFFFFFB1
:201F4000FFFFFFFFFFFFFFFFFFFFFFFFFFFFFFFFFFFFFFFFFFFFFFFFFFFFFFFFFFFFFFFFA1
:201F5000FFFFFFFFFFFFFFFFFFFFFFFFFFFFFFFFFFFFFFFFFFFFFFFFFFFFFFFFFFFFFFFF91
:201F6000FFFFFFFFFFFFFFFFFFFFFFFFFFFFFFFFFFFFFFFFFFFFFFFFFFFFFFFFFFFFFFFF81
:201F7000FFFFFFFFFFFFFFFFFFFFFFFFFFFFFFFFFFFFFFFFFFFFFFFFFFFFFFFFFFFFFFFF71
:201F8000FFFFFFFFFFFFFFFFFFFFFFFFFFFFFFFFFFFFFFFFFFFFFFFFFFFFFFFFFFFFFFFF61
:201F9000FFFFFFFFFFFFFFFFFFFFFFFFFFFFFFFFFFFFFFFFFFFFFFFFFFFFFFFFFFFFFFFF51
:201FA000FFFFFFFFFFFFFFFFFFFFFFFFFFFFFFFFFFFFFFFFFFFFFFFFFFFFFFFFFFFFFFFF41
:201FB000FFFFFFFFFFFFFFFFFFFFFFFFFFFFFFFFFFFFFFFFFFFFFFFFFFFFFFFFFFFFFFFF31
:201FC000FFFFFFFFFFFFFFFFFFFFFFFFFFFFFFFFFFFFFFFFFFFFFFFFFFFFFFFFFFFFFFFF21
:201FD000FFFFFFFFFFFFFFFFFFFFFFFFFFFFFFFFFFFFFFFFFFFFFFFFFFFFFFFFFFFFFFFF11
:201FE000FFFFFFFFFFFFFFFFFFFFFFFFFFFFFFFFFFFFFFFFFFFFFFFFFFFFFFFFFFFFFFFF01
:201FF000FFFFFFFFFFFFFFFFFFFFFFFFFFFFFFFFFFFFFFFFFFFFFFFFFFFFFFFFFFFFFFFFF1
:20200000FFFFFFFFFFFFFFFFFFFFFFFFFFFFFFFFFFFFFFFFFFFFFFFFFFFFFFFFFFFFFFFFE0
:20201000FFFFFFFFFFFFFFFFFFFFFFFFFFFFFFFFFFFFFFFFFFFFFFFFFFFFFFFFFFFFFFFFD0
:20202000FFFFFFFFFFFFFFFFFFFFFFFFFFFFFFFFFFFFFFFFFFFFFFFFFFFFFFFFFFFFFFFFC0
:20203000FFFFFFFFFFFFFFFFFFFFFFFFFFFFFFFFFFFFFFFFFFFFFFFFFFFFFFFFFFFFFFFFB0
:20204000FFFFFFFFFFFFFFFFFFFFFFFFFFFFFFFFFFFFFFFFFFFFFFFFFFFFFFFFFFFFFFFFA0
:20205000FFFFFFFFFFFFFFFFFFFFFFFFFFFFFFFFFFFFFFFFFFFFFFFFFFFFFFFFFFFFFFFF90
:20206000FFFFFFFFFFFFFFFFFFFFFFFFFFFFFFFFFFFFFFFFFFFFFFFFFFFFFFFFFFFFFFFF80
:20207000FFFFFFFFFFFFFFFFFFFFFFFFFFFFFFFFFFFFFFFFFFFFFFFFFFFFFFFFFFFFFFFF70
:20208000FFFFFFFFFFFFFFFFFFFFFFFFFFFFFFFFFFFFFFFFFFFFFFFFFFFFFFFFFFFFFFFF60
:20209000FFFFFFFFFFFFFFFFFFFFFFFFFFFFFFFFFFFFFFFFFFFFFFFFFFFFFFFFFFFFFFFF50
:2020A000FFFFFFFFFFFFFFFFFFFFFFFFFFFFFFFFFFFFFFFFFFFFFFFFFFFFFFFFFFFFFFFF40
:2020B000FFFFFFFFFFFFFFFFFFFFFFFFFFFFFFFFFFFFFFFFFFFFFFFFFFFFFFFFFFFFFFFF30
:2020C000FFFFFFFFFFFFFFFFFFFFFFFFFFFFFFFFFFFFFFFFFFFFFFFFFFFFFFFFFFFFFFFF20
:2020D000FFFFFFFFFFFFFFFFFFFFFFFFFFFFFFFFFFFFFFFFFFFFFFFFFFFFFFFFFFFFFFFF10
:2020E000FFFFFFFFFFFFFFFFFFFFFFFFFFFFFFFFFFFFFFFFFFFFFFFFFFFFFFFFFFFFFFFF00
:2020F000FFFFFFFFFFFFFFFFFFFFFFFFFFFFFFFFFFFFFFFFFFFFFFFFFFFFFFFFFFFFFFFFF0
:20210000FFFFFFFFFFFFFFFFFFFFFFFFFFFFFFFFFFFFFFFFFFFFFFFFFFFFFFFFFFFFFFFFDF
:20211000FFFFFFFFFFFFFFFFFFFFFFFFFFFFFFFFFFFFFFFFFFFFFFFFFFFFFFFFFFFFFFFFCF
:20212000FFFFFFFFFFFFFFFFFFFFFFFFFFFFFFFFFFFFFFFFFFFFFFFFFFFFFFFFFFFFFFFFBF
:20213000FFFFFFFFFFFFFFFFFFFFFFFFFFFFFFFFFFFFFFFFFFFFFFFFFFFFFFFFFFFFFFFFAF
:20214000FFFFFFFFFFFFFFFFFFFFFFFFFFFFFFFFFFFFFFFFFFFFFFFFFFFFFFFFFFFFFFFF9F
:20215000FFFFFFFFFFFFFFFFFFFFFFFFFFFFFFFFFFFFFFFFFFFFFFFFFFFFFFFFFFFFFFFF8F
:20216000FFFFFFFFFFFFFFFFFFFFFFFFFFFFFFFFFFFFFFFFFFFFFFFFFFFFFFFFFFFFFFFF7F
:20217000FFFFFFFFFFFFFFFFFFFFFFFFFFFFFFFFFFFFFFFFFFFFFFFFFFFFFFFFFFFFFFFF6F
:20218000FFFFFFFFFFFFFFFFFFFFFFFFFFFFFFFFFFFFFFFFFFFFFFFFFFFFFFFFFFFFFFFF5F
:20219000FFFFFFFFFFFFFFFFFFFFFFFFFFFFFFFFFFFFFFFFFFFFFFFFFFFFFFFFFFFFFFFF4F
:2021A000FFFFFFFFFFFFFFFFFFFFFFFFFFFFFFFFFFFFFFFFFFFFFFFFFFFFFFFFFFFFFFFF3F
:2021B000FFFFFFFFFFFFFFFFFFFFFFFFFFFFFFFFFFFFFFFFFFFFFFFFFFFFFFFFFFFFFFFF2F
:2021C000FFFFFFFFFFFFFFFFFFFFFFFFFFFFFFFFFFFFFFFFFFFFFFFFFFFFFFFFFFFFFFFF1F
:2021D000FFFFFFFFFFFFFFFFFFFFFFFFFFFFFFFFFFFFFFFFFFFFFFFFFFFFFFFFFFFFFFFF0F
:2021E000FFFFFFFFFFFFFFFFFFFFFFFFFFFFFFFFFFFFFFFFFFFFFFFFFFFFFFFFFFFFFFFFFF
:2021F000FFFFFFFFFFFFFFFFFFFFFFFFFFFFFFFFFFFFFFFFFFFFFFFFFFFFFFFFFFFFFFFFEF
:20220000FFFFFFFFFFFFFFFFFFFFFFFFFFFFFFFFFFFFFFFFFFFFFFFFFFFFFFFFFFFFFFFFDE
:20221000FFFFFFFFFFFFFFFFFFFFFFFFFFFFFFFFFFFFFFFFFFFFFFFFFFFFFFFFFFFFFFFFCE
:20222000FFFFFFFFFFFFFFFFFFFFFFFFFFFFFFFFFFFFFFFFFFFFFFFFFFFFFFFFFFFFFFFFBE
:20223000FFFFFFFFFFFFFFFFFFFFFFFFFFFFFFFFFFFFFFFFFFFFFFFFFFFFFFFFFFFFFFFFAE
:20224000FFFFFFFFFFFFFFFFFFFFFFFFFFFFFFFFFFFFFFFFFFFFFFFFFFFFFFFFFFFFFFFF9E
:20225000FFFFFFFFFFFFFFFFFFFFFFFFFFFFFFFFFFFFFFFFFFFFFFFFFFFFFFFFFFFFFFFF8E
:20226000FFFFFFFFFFFFFFFFFFFFFFFFFFFFFFFFFFFFFFFFFFFFFFFFFFFFFFFFFFFFFFFF7E
:20227000FFFFFFFFFFFFFFFFFFFFFFFFFFFFFFFFFFFFFFFFFFFFFFFFFFFFFFFFFFFFFFFF6E
:20228000FFFFFFFFFFFFFFFFFFFFFFFFFFFFFFFFFFFFFFFFFFFFFFFFFFFFFFFFFFFFFFFF5E
:20229000FFFFFFFFFFFFFFFFFFFFFFFFFFFFFFFFFFFFFFFFFFFFFFFFFFFFFFFFFFFFFFFF4E
:2022A000FFFFFFFFFFFFFFFFFFFFFFFFFFFFFFFFFFFFFFFFFFFFFFFFFFFFFFFFFFFFFFFF3E
:2022B000FFFFFFFFFFFFFFFFFFFFFFFFFFFFFFFFFFFFFFFFFFFFFFFFFFFFFFFFFFFFFFFF2E
:2022C000FFFFFFFFFFFFFFFFFFFFFFFFFFFFFFFFFFFFFFFFFFFFFFFFFFFFFFFFFFFFFFFF1E
:2022D000FFFFFFFFFFFFFFFFFFFFFFFFFFFFFFFFFFFFFFFFFFFFFFFFFFFFFFFFFFFFFFFF0E
:2022E000FFFFFFFFFFFFFFFFFFFFFFFFFFFFFFFFFFFFFFFFFFFFFFFFFFFFFFFFFFFFFFFFFE
:2022F000FFFFFFFFFFFFFFFFFFFFFFFFFFFFFFFFFFFFFFFFFFFFFFFFFFFFFFFFFFFFFFFFEE
:20230000FFFFFFFFFFFFFFFFFFFFFFFFFFFFFFFFFFFFFFFFFFFFFFFFFFFFFFFFFFFFFFFFDD
:20231000FFFFFFFFFFFFFFFFFFFFFFFFFFFFFFFFFFFFFFFFFFFFFFFFFFFFFFFFFFFFFFFFCD
:20232000FFFFFFFFFFFFFFFFFFFFFFFFFFFFFFFFFFFFFFFFFFFFFFFFFFFFFFFFFFFFFFFFBD
:20233000FFFFFFFFFFFFFFFFFFFFFFFFFFFFFFFFFFFFFFFFFFFFFFFFFFFFFFFFFFFFFFFFAD
:20234000FFFFFFFFFFFFFFFFFFFFFFFFFFFFFFFFFFFFFFFFFFFFFFFFFFFFFFFFFFFFFFFF9D
:20235000FFFFFFFFFFFFFFFFFFFFFFFFFFFFFFFFFFFFFFFFFFFFFFFFFFFFFFFFFFFFFFFF8D
:20236000FFFFFFFFFFFFFFFFFFFFFFFFFFFFFFFFFFFFFFFFFFFFFFFFFFFFFFFFFFFFFFFF7D
:20237000FFFFFFFFFFFFFFFFFFFFFFFFFFFFFFFFFFFFFFFFFFFFFFFFFFFFFFFFFFFFFFFF6D
:20238000FFFFFFFFFFFFFFFFFFFFFFFFFFFFFFFFFFFFFFFFFFFFFFFFFFFFFFFFFFFFFFFF5D
:20239000FFFFFFFFFFFFFFFFFFFFFFFFFFFFFFFFFFFFFFFFFFFFFFFFFFFFFFFFFFFFFFFF4D
:2023A000FFFFFFFFFFFFFFFFFFFFFFFFFFFFFFFFFFFFFFFFFFFFFFFFFFFFFFFFFFFFFFFF3D
:2023B000FFFFFFFFFFFFFFFFFFFFFFFFFFFFFFFFFFFFFFFFFFFFFFFFFFFFFFFFFFFFFFFF2D
:2023C000FFFFFFFFFFFFFFFFFFFFFFFFFFFFFFFFFFFFFFFFFFFFFFFFFFFFFFFFFFFFFFFF1D
:2023D000FFFFFFFFFFFFFFFFFFFFFFFFFFFFFFFFFFFFFFFFFFFFFFFFFFFFFFFFFFFFFFFF0D
:2023E000FFFFFFFFFFFFFFFFFFFFFFFFFFFFFFFFFFFFFFFFFFFFFFFFFFFFFFFFFFFFFFFFFD
:2023F000FFFFFFFFFFFFFFFFFFFFFFFFFFFFFFFFFFFFFFFFFFFFFFFFFFFFFFFFFFFFFFFFED
:20240000FFFFFFFFFFFFFFFFFFFFFFFFFFFFFFFFFFFFFFFFFFFFFFFFFFFFFFFFFFFFFFFFDC
:20241000FFFFFFFFFFFFFFFFFFFFFFFFFFFFFFFFFFFFFFFFFFFFFFFFFFFFFFFFFFFFFFFFCC
:20242000FFFFFFFFFFFFFFFFFFFFFFFFFFFFFFFFFFFFFFFFFFFFFFFFFFFFFFFFFFFFFFFFBC
:20243000FFFFFFFFFFFFFFFFFFFFFFFFFFFFFFFFFFFFFFFFFFFFFFFFFFFFFFFFFFFFFFFFAC
:20244000FFFFFFFFFFFFFFFFFFFFFFFFFFFFFFFFFFFFFFFFFFFFFFFFFFFFFFFFFFFFFFFF9C
:20245000FFFFFFFFFFFFFFFFFFFFFFFFFFFFFFFFFFFFFFFFFFFFFFFFFFFFFFFFFFFFFFFF8C
:20246000FFFFFFFFFFFFFFFFFFFFFFFFFFFFFFFFFFFFFFFFFFFFFFFFFFFFFFFFFFFFFFFF7C
:20247000FFFFFFFFFFFFFFFFFFFFFFFFFFFFFFFFFFFFFFFFFFFFFFFFFFFFFFFFFFFFFFFF6C
:20248000FFFFFFFFFFFFFFFFFFFFFFFFFFFFFFFFFFFFFFFFFFFFFFFFFFFFFFFFFFFFFFFF5C
:20249000FFFFFFFFFFFFFFFFFFFFFFFFFFFFFFFFFFFFFFFFFFFFFFFFFFFFFFFFFFFFFFFF4C
:2024A000FFFFFFFFFFFFFFFFFFFFFFFFFFFFFFFFFFFFFFFFFFFFFFFFFFFFFFFFFFFFFFFF3C
:2024B000FFFFFFFFFFFFFFFFFFFFFFFFFFFFFFFFFFFFFFFFFFFFFFFFFFFFFFFFFFFFFFFF2C
:2024C000FFFFFFFFFFFFFFFFFFFFFFFFFFFFFFFFFFFFFFFFFFFFFFFFFFFFFFFFFFFFFFFF1C
:2024D000FFFFFFFFFFFFFFFFFFFFFFFFFFFFFFFFFFFFFFFFFFFFFFFFFFFFFFFFFFFFFFFF0C
:2024E000FFFFFFFFFFFFFFFFFFFFFFFFFFFFFFFFFFFFFFFFFFFFFFFFFFFFFFFFFFFFFFFFFC
:2024F000FFFFFFFFFFFFFFFFFFFFFFFFFFFFFFFFFFFFFFFFFFFFFFFFFFFFFFFFFFFFFFFFEC
:20250000FFFFFFFFFFFFFFFFFFFFFFFFFFFFFFFFFFFFFFFFFFFFFFFFFFFFFFFFFFFFFFFFDB
:20251000FFFFFFFFFFFFFFFFFFFFFFFFFFFFFFFFFFFFFFFFFFFFFFFFFFFFFFFFFFFFFFFFCB
:20252000FFFFFFFFFFFFFFFFFFFFFFFFFFFFFFFFFFFFFFFFFFFFFFFFFFFFFFFFFFFFFFFFBB
:20253000FFFFFFFFFFFFFFFFFFFFFFFFFFFFFFFFFFFFFFFFFFFFFFFFFFFFFFFFFFFFFFFFAB
:20254000FFFFFFFFFFFFFFFFFFFFFFFFFFFFFFFFFFFFFFFFFFFFFFFFFFFFFFFFFFFFFFFF9B
:20255000FFFFFFFFFFFFFFFFFFFFFFFFFFFFFFFFFFFFFFFFFFFFFFFFFFFFFFFFFFFFFFFF8B
:20256000FFFFFFFFFFFFFFFFFFFFFFFFFFFFFFFFFFFFFFFFFFFFFFFFFFFFFFFFFFFFFFFF7B
:20257000FFFFFFFFFFFFFFFFFFFFFFFFFFFFFFFFFFFFFFFFFFFFFFFFFFFFFFFFFFFFFFFF6B
:20258000FFFFFFFFFFFFFFFFFFFFFFFFFFFFFFFFFFFFFFFFFFFFFFFFFFFFFFFFFFFFFFFF5B
:20259000FFFFFFFFFFFFFFFFFFFFFFFFFFFFFFFFFFFFFFFFFFFFFFFFFFFFFFFFFFFFFFFF4B
:2025A000FFFFFFFFFFFFFFFFFFFFFFFFFFFFFFFFFFFFFFFFFFFFFFFFFFFFFFFFFFFFFFFF3B
:2025B000FFFFFFFFFFFFFFFFFFFFFFFFFFFFFFFFFFFFFFFFFFFFFFFFFFFFFFFFFFFFFFFF2B
:2025C000FFFFFFFFFFFFFFFFFFFFFFFFFFFFFFFFFFFFFFFFFFFFFFFFFFFFFFFFFFFFFFFF1B
:2025D000FFFFFFFFFFFFFFFFFFFFFFFFFFFFFFFFFFFFFFFFFFFFFFFFFFFFFFFFFFFFFFFF0B
:2025E000FFFFFFFFFFFFFFFFFFFFFFFFFFFFFFFFFFFFFFFFFFFFFFFFFFFFFFFFFFFFFFFFFB
:2025F000FFFFFFFFFFFFFFFFFFFFFFFFFFFFFFFFFFFFFFFFFFFFFFFFFFFFFFFFFFFFFFFFEB
:20260000FFFFFFFFFFFFFFFFFFFFFFFFFFFFFFFFFFFFFFFFFFFFFFFFFFFFFFFFFFFFFFFFDA
:20261000FFFFFFFFFFFFFFFFFFFFFFFFFFFFFFFFFFFFFFFFFFFFFFFFFFFFFFFFFFFFFFFFCA
:20262000FFFFFFFFFFFFFFFFFFFFFFFFFFFFFFFFFFFFFFFFFFFFFFFFFFFFFFFFFFFFFFFFBA
:20263000FFFFFFFFFFFFFFFFFFFFFFFFFFFFFFFFFFFFFFFFFFFFFFFFFFFFFFFFFFFFFFFFAA
:20264000FFFFFFFFFFFFFFFFFFFFFFFFFFFFFFFFFFFFFFFFFFFFFFFFFFFFFFFFFFFFFFFF9A
:20265000FFFFFFFFFFFFFFFFFFFFFFFFFFFFFFFFFFFFFFFFFFFFFFFFFFFFFFFFFFFFFFFF8A
:20266000FFFFFFFFFFFFFFFFFFFFFFFFFFFFFFFFFFFFFFFFFFFFFFFFFFFFFFFFFFFFFFFF7A
:20267000FFFFFFFFFFFFFFFFFFFFFFFFFFFFFFFFFFFFFFFFFFFFFFFFFFFFFFFFFFFFFFFF6A
:20268000FFFFFFFFFFFFFFFFFFFFFFFFFFFFFFFFFFFFFFFFFFFFFFFFFFFFFFFFFFFFFFFF5A
:20269000FFFFFFFFFFFFFFFFFFFFFFFFFFFFFFFFFFFFFFFFFFFFFFFFFFFFFFFFFFFFFFFF4A
:2026A000FFFFFFFFFFFFFFFFFFFFFFFFFFFFFFFFFFFFFFFFFFFFFFFFFFFFFFFFFFFFFFFF3A
:2026B000FFFFFFFFFFFFFFFFFFFFFFFFFFFFFFFFFFFFFFFFFFFFFFFFFFFFFFFFFFFFFFFF2A
:2026C000FFFFFFFFFFFFFFFFFFFFFFFFFFFFFFFFFFFFFFFFFFFFFFFFFFFFFFFFFFFFFFFF1A
:2026D000FFFFFFFFFFFFFFFFFFFFFFFFFFFFFFFFFFFFFFFFFFFFFFFFFFFFFFFFFFFFFFFF0A
:2026E000FFFFFFFFFFFFFFFFFFFFFFFFFFFFFFFFFFFFFFFFFFFFFFFFFFFFFFFFFFFFFFFFFA
:2026F000FFFFFFFFFFFFFFFFFFFFFFFFFFFFFFFFFFFFFFFFFFFFFFFFFFFFFFFFFFFFFFFFEA
:20270000FFFFFFFFFFFFFFFFFFFFFFFFFFFFFFFFFFFFFFFFFFFFFFFFFFFFFFFFFFFFFFFFD9
:20271000FFFFFFFFFFFFFFFFFFFFFFFFFFFFFFFFFFFFFFFFFFFFFFFFFFFFFFFFFFFFFFFFC9
:20272000FFFFFFFFFFFFFFFFFFFFFFFFFFFFFFFFFFFFFFFFFFFFFFFFFFFFFFFFFFFFFFFFB9
:20273000FFFFFFFFFFFFFFFFFFFFFFFFFFFFFFFFFFFFFFFFFFFFFFFFFFFFFFFFFFFFFFFFA9
:20274000FFFFFFFFFFFFFFFFFFFFFFFFFFFFFFFFFFFFFFFFFFFFFFFFFFFFFFFFFFFFFFFF99
:20275000FFFFFFFFFFFFFFFFFFFFFFFFFFFFFFFFFFFFFFFFFFFFFFFFFFFFFFFFFFFFFFFF89
:20276000FFFFFFFFFFFFFFFFFFFFFFFFFFFFFFFFFFFFFFFFFFFFFFFFFFFFFFFFFFFFFFFF79
:20277000FFFFFFFFFFFFFFFFFFFFFFFFFFFFFFFFFFFFFFFFFFFFFFFFFFFFFFFFFFFFFFFF69
:20278000FFFFFFFFFFFFFFFFFFFFFFFFFFFFFFFFFFFFFFFFFFFFFFFFFFFFFFFFFFFFFFFF59
:20279000FFFFFFFFFFFFFFFFFFFFFFFFFFFFFFFFFFFFFFFFFFFFFFFFFFFFFFFFFFFFFFFF49
:2027A000FFFFFFFFFFFFFFFFFFFFFFFFFFFFFFFFFFFFFFFFFFFFFFFFFFFFFFFFFFFFFFFF39
:2027B000FFFFFFFFFFFFFFFFFFFFFFFFFFFFFFFFFFFFFFFFFFFFFFFFFFFFFFFFFFFFFFFF29
:2027C000FFFFFFFFFFFFFFFFFFFFFFFFFFFFFFFFFFFFFFFFFFFFFFFFFFFFFFFFFFFFFFFF19
:2027D000FFFFFFFFFFFFFFFFFFFFFFFFFFFFFFFFFFFFFFFFFFFFFFFFFFFFFFFFFFFFFFFF09
:2027E000FFFFFFFFFFFFFFFFFFFFFFFFFFFFFFFFFFFFFFFFFFFFFFFFFFFFFFFFFFFFFFFFF9
:2027F000FFFFFFFFFFFFFFFFFFFFFFFFFFFFFFFFFFFFFFFFFFFFFFFFFFFFFFFFFFFFFFFFE9
:20280000FFFFFFFFFFFFFFFFFFFFFFFFFFFFFFFFFFFFFFFFFFFFFFFFFFFFFFFFFFFFFFFFD8
:20281000FFFFFFFFFFFFFFFFFFFFFFFFFFFFFFFFFFFFFFFFFFFFFFFFFFFFFFFFFFFFFFFFC8
:20282000FFFFFFFFFFFFFFFFFFFFFFFFFFFFFFFFFFFFFFFFFFFFFFFFFFFFFFFFFFFFFFFFB8
:20283000FFFFFFFFFFFFFFFFFFFFFFFFFFFFFFFFFFFFFFFFFFFFFFFFFFFFFFFFFFFFFFFFA8
:20284000FFFFFFFFFFFFFFFFFFFFFFFFFFFFFFFFFFFFFFFFFFFFFFFFFFFFFFFFFFFFFFFF98
:20285000FFFFFFFFFFFFFFFFFFFFFFFFFFFFFFFFFFFFFFFFFFFFFFFFFFFFFFFFFFFFFFFF88
:20286000FFFFFFFFFFFFFFFFFFFFFFFFFFFFFFFFFFFFFFFFFFFFFFFFFFFFFFFFFFFFFFFF78
:20287000FFFFFFFFFFFFFFFFFFFFFFFFFFFFFFFFFFFFFFFFFFFFFFFFFFFFFFFFFFFFFFFF68
:20288000FFFFFFFFFFFFFFFFFFFFFFFFFFFFFFFFFFFFFFFFFFFFFFFFFFFFFFFFFFFFFFFF58
:20289000FFFFFFFFFFFFFFFFFFFFFFFFFFFFFFFFFFFFFFFFFFFFFFFFFFFFFFFFFFFFFFFF48
:2028A000FFFFFFFFFFFFFFFFFFFFFFFFFFFFFFFFFFFFFFFFFFFFFFFFFFFFFFFFFFFFFFFF38
:2028B000FFFFFFFFFFFFFFFFFFFFFFFFFFFFFFFFFFFFFFFFFFFFFFFFFFFFFFFFFFFFFFFF28
:2028C000FFFFFFFFFFFFFFFFFFFFFFFFFFFFFFFFFFFFFFFFFFFFFFFFFFFFFFFFFFFFFFFF18
:2028D000FFFFFFFFFFFFFFFFFFFFFFFFFFFFFFFFFFFFFFFFFFFFFFFFFFFFFFFFFFFFFFFF08
:2028E000FFFFFFFFFFFFFFFFFFFFFFFFFFFFFFFFFFFFFFFFFFFFFFFFFFFFFFFFFFFFFFFFF8
:2028F000FFFFFFFFFFFFFFFFFFFFFFFFFFFFFFFFFFFFFFFFFFFFFFFFFFFFFFFFFFFFFFFFE8
:20290000FFFFFFFFFFFFFFFFFFFFFFFFFFFFFFFFFFFFFFFFFFFFFFFFFFFFFFFFFFFFFFFFD7
:20291000FFFFFFFFFFFFFFFFFFFFFFFFFFFFFFFFFFFFFFFFFFFFFFFFFFFFFFFFFFFFFFFFC7
:20292000FFFFFFFFFFFFFFFFFFFFFFFFFFFFFFFFFFFFFFFFFFFFFFFFFFFFFFFFFFFFFFFFB7
:20293000FFFFFFFFFFFFFFFFFFFFFFFFFFFFFFFFFFFFFFFFFFFFFFFFFFFFFFFFFFFFFFFFA7
:20294000FFFFFFFFFFFFFFFFFFFFFFFFFFFFFFFFFFFFFFFFFFFFFFFFFFFFFFFFFFFFFFFF97
:20295000FFFFFFFFFFFFFFFFFFFFFFFFFFFFFFFFFFFFFFFFFFFFFFFFFFFFFFFFFFFFFFFF87
:20296000FFFFFFFFFFFFFFFFFFFFFFFFFFFFFFFFFFFFFFFFFFFFFFFFFFFFFFFFFFFFFFFF77
:20297000FFFFFFFFFFFFFFFFFFFFFFFFFFFFFFFFFFFFFFFFFFFFFFFFFFFFFFFFFFFFFFFF67
:20298000FFFFFFFFFFFFFFFFFFFFFFFFFFFFFFFFFFFFFFFFFFFFFFFFFFFFFFFFFFFFFFFF57
:20299000FFFFFFFFFFFFFFFFFFFFFFFFFFFFFFFFFFFFFFFFFFFFFFFFFFFFFFFFFFFFFFFF47
:2029A000FFFFFFFFFFFFFFFFFFFFFFFFFFFFFFFFFFFFFFFFFFFFFFFFFFFFFFFFFFFFFFFF37
:2029B000FFFFFFFFFFFFFFFFFFFFFFFFFFFFFFFFFFFFFFFFFFFFFFFFFFFFFFFFFFFFFFFF27
:2029C000FFFFFFFFFFFFFFFFFFFFFFFFFFFFFFFFFFFFFFFFFFFFFFFFFFFFFFFFFFFFFFFF17
:2029D000FFFFFFFFFFFFFFFFFFFFFFFFFFFFFFFFFFFFFFFFFFFFFFFFFFFFFFFFFFFFFFFF07
:2029E000FFFFFFFFFFFFFFFFFFFFFFFFFFFFFFFFFFFFFFFFFFFFFFFFFFFFFFFFFFFFFFFFF7
:2029F000FFFFFFFFFFFFFFFFFFFFFFFFFFFFFFFFFFFFFFFFFFFFFFFFFFFFFFFFFFFFFFFFE7
:202A0000FFFFFFFFFFFFFFFFFFFFFFFFFFFFFFFFFFFFFFFFFFFFFFFFFFFFFFFFFFFFFFFFD6
:202A1000FFFFFFFFFFFFFFFFFFFFFFFFFFFFFFFFFFFFFFFFFFFFFFFFFFFFFFFFFFFFFFFFC6
:202A2000FFFFFFFFFFFFFFFFFFFFFFFFFFFFFFFFFFFFFFFFFFFFFFFFFFFFFFFFFFFFFFFFB6
:202A3000FFFFFFFFFFFFFFFFFFFFFFFFFFFFFFFFFFFFFFFFFFFFFFFFFFFFFFFFFFFFFFFFA6
:202A4000FFFFFFFFFFFFFFFFFFFFFFFFFFFFFFFFFFFFFFFFFFFFFFFFFFFFFFFFFFFFFFFF96
:202A5000FFFFFFFFFFFFFFFFFFFFFFFFFFFFFFFFFFFFFFFFFFFFFFFFFFFFFFFFFFFFFFFF86
:202A6000FFFFFFFFFFFFFFFFFFFFFFFFFFFFFFFFFFFFFFFFFFFFFFFFFFFFFFFFFFFFFFFF76
:202A7000FFFFFFFFFFFFFFFFFFFFFFFFFFFFFFFFFFFFFFFFFFFFFFFFFFFFFFFFFFFFFFFF66
:202A8000FFFFFFFFFFFFFFFFFFFFFFFFFFFFFFFFFFFFFFFFFFFFFFFFFFFFFFFFFFFFFFFF56
:202A9000FFFFFFFFFFFFFFFFFFFFFFFFFFFFFFFFFFFFFFFFFFFFFFFFFFFFFFFFFFFFFFFF46
:202AA000FFFFFFFFFFFFFFFFFFFFFFFFFFFFFFFFFFFFFFFFFFFFFFFFFFFFFFFFFFFFFFFF36
:202AB000FFFFFFFFFFFFFFFFFFFFFFFFFFFFFFFFFFFFFFFFFFFFFFFFFFFFFFFFFFFFFFFF26
:202AC000FFFFFFFFFFFFFFFFFFFFFFFFFFFFFFFFFFFFFFFFFFFFFFFFFFFFFFFFFFFFFFFF16
:202AD000FFFFFFFFFFFFFFFFFFFFFFFFFFFFFFFFFFFFFFFFFFFFFFFFFFFFFFFFFFFFFFFF06
:202AE000FFFFFFFFFFFFFFFFFFFFFFFFFFFFFFFFFFFFFFFFFFFFFFFFFFFFFFFFFFFFFFFFF6
:202AF000FFFFFFFFFFFFFFFFFFFFFFFFFFFFFFFFFFFFFFFFFFFFFFFFFFFFFFFFFFFFFFFFE6
:202B0000FFFFFFFFFFFFFFFFFFFFFFFFFFFFFFFFFFFFFFFFFFFFFFFFFFFFFFFFFFFFFFFFD5
:202B1000FFFFFFFFFFFFFFFFFFFFFFFFFFFFFFFFFFFFFFFFFFFFFFFFFFFFFFFFFFFFFFFFC5
:202B2000FFFFFFFFFFFFFFFFFFFFFFFFFFFFFFFFFFFFFFFFFFFFFFFFFFFFFFFFFFFFFFFFB5
:202B3000FFFFFFFFFFFFFFFFFFFFFFFFFFFFFFFFFFFFFFFFFFFFFFFFFFFFFFFFFFFFFFFFA5
:202B4000FFFFFFFFFFFFFFFFFFFFFFFFFFFFFFFFFFFFFFFFFFFFFFFFFFFFFFFFFFFFFFFF95
:202B5000FFFFFFFFFFFFFFFFFFFFFFFFFFFFFFFFFFFFFFFFFFFFFFFFFFFFFFFFFFFFFFFF85
:202B6000FFFFFFFFFFFFFFFFFFFFFFFFFFFFFFFFFFFFFFFFFFFFFFFFFFFFFFFFFFFFFFFF75
:202B7000FFFFFFFFFFFFFFFFFFFFFFFFFFFFFFFFFFFFFFFFFFFFFFFFFFFFFFFFFFFFFFFF65
:202B8000FFFFFFFFFFFFFFFFFFFFFFFFFFFFFFFFFFFFFFFFFFFFFFFFFFFFFFFFFFFFFFFF55
:202B9000FFFFFFFFFFFFFFFFFFFFFFFFFFFFFFFFFFFFFFFFFFFFFFFFFFFFFFFFFFFFFFFF45
:202BA000FFFFFFFFFFFFFFFFFFFFFFFFFFFFFFFFFFFFFFFFFFFFFFFFFFFFFFFFFFFFFFFF35
:202BB000FFFFFFFFFFFFFFFFFFFFFFFFFFFFFFFFFFFFFFFFFFFFFFFFFFFFFFFFFFFFFFFF25
:202BC000FFFFFFFFFFFFFFFFFFFFFFFFFFFFFFFFFFFFFFFFFFFFFFFFFFFFFFFFFFFFFFFF15
:202BD000FFFFFFFFFFFFFFFFFFFFFFFFFFFFFFFFFFFFFFFFFFFFFFFFFFFFFFFFFFFFFFFF05
:202BE000FFFFFFFFFFFFFFFFFFFFFFFFFFFFFFFFFFFFFFFFFFFFFFFFFFFFFFFFFFFFFFFFF5
:202BF000FFFFFFFFFFFFFFFFFFFFFFFFFFFFFFFFFFFFFFFFFFFFFFFFFFFFFFFFFFFFFFFFE5
:202C0000FFFFFFFFFFFFFFFFFFFFFFFFFFFFFFFFFFFFFFFFFFFFFFFFFFFFFFFFFFFFFFFFD4
:202C1000FFFFFFFFFFFFFFFFFFFFFFFFFFFFFFFFFFFFFFFFFFFFFFFFFFFFFFFFFFFFFFFFC4
:202C2000FFFFFFFFFFFFFFFFFFFFFFFFFFFFFFFFFFFFFFFFFFFFFFFFFFFFFFFFFFFFFFFFB4
:202C3000FFFFFFFFFFFFFFFFFFFFFFFFFFFFFFFFFFFFFFFFFFFFFFFFFFFFFFFFFFFFFFFFA4
:202C4000FFFFFFFFFFFFFFFFFFFFFFFFFFFFFFFFFFFFFFFFFFFFFFFFFFFFFFFFFFFFFFFF94
:202C5000FFFFFFFFFFFFFFFFFFFFFFFFFFFFFFFFFFFFFFFFFFFFFFFFFFFFFFFFFFFFFFFF84
:202C6000FFFFFFFFFFFFFFFFFFFFFFFFFFFFFFFFFFFFFFFFFFFFFFFFFFFFFFFFFFFFFFFF74
:202C7000FFFFFFFFFFFFFFFFFFFFFFFFFFFFFFFFFFFFFFFFFFFFFFFFFFFFFFFFFFFFFFFF64
:202C8000FFFFFFFFFFFFFFFFFFFFFFFFFFFFFFFFFFFFFFFFFFFFFFFFFFFFFFFFFFFFFFFF54
:202C9000FFFFFFFFFFFFFFFFFFFFFFFFFFFFFFFFFFFFFFFFFFFFFFFFFFFFFFFFFFFFFFFF44
:202CA000FFFFFFFFFFFFFFFFFFFFFFFFFFFFFFFFFFFFFFFFFFFFFFFFFFFFFFFFFFFFFFFF34
:202CB000FFFFFFFFFFFFFFFFFFFFFFFFFFFFFFFFFFFFFFFFFFFFFFFFFFFFFFFFFFFFFFFF24
:202CC000FFFFFFFFFFFFFFFFFFFFFFFFFFFFFFFFFFFFFFFFFFFFFFFFFFFFFFFFFFFFFFFF14
:202CD000FFFFFFFFFFFFFFFFFFFFFFFFFFFFFFFFFFFFFFFFFFFFFFFFFFFFFFFFFFFFFFFF04
:202CE000FFFFFFFFFFFFFFFFFFFFFFFFFFFFFFFFFFFFFFFFFFFFFFFFFFFFFFFFFFFFFFFFF4
:202CF000FFFFFFFFFFFFFFFFFFFFFFFFFFFFFFFFFFFFFFFFFFFFFFFFFFFFFFFFFFFFFFFFE4
:202D0000FFFFFFFFFFFFFFFFFFFFFFFFFFFFFFFFFFFFFFFFFFFFFFFFFFFFFFFFFFFFFFFFD3
:202D1000FFFFFFFFFFFFFFFFFFFFFFFFFFFFFFFFFFFFFFFFFFFFFFFFFFFFFFFFFFFFFFFFC3
:202D2000FFFFFFFFFFFFFFFFFFFFFFFFFFFFFFFFFFFFFFFFFFFFFFFFFFFFFFFFFFFFFFFFB3
:202D3000FFFFFFFFFFFFFFFFFFFFFFFFFFFFFFFFFFFFFFFFFFFFFFFFFFFFFFFFFFFFFFFFA3
:202D4000FFFFFFFFFFFFFFFFFFFFFFFFFFFFFFFFFFFFFFFFFFFFFFFFFFFFFFFFFFFFFFFF93
:202D5000FFFFFFFFFFFFFFFFFFFFFFFFFFFFFFFFFFFFFFFFFFFFFFFFFFFFFFFFFFFFFFFF83
:202D6000FFFFFFFFFFFFFFFFFFFFFFFFFFFFFFFFFFFFFFFFFFFFFFFFFFFFFFFFFFFFFFFF73
:202D7000FFFFFFFFFFFFFFFFFFFFFFFFFFFFFFFFFFFFFFFFFFFFFFFFFFFFFFFFFFFFFFFF63
:202D8000FFFFFFFFFFFFFFFFFFFFFFFFFFFFFFFFFFFFFFFFFFFFFFFFFFFFFFFFFFFFFFFF53
:202D9000FFFFFFFFFFFFFFFFFFFFFFFFFFFFFFFFFFFFFFFFFFFFFFFFFFFFFFFFFFFFFFFF43
:202DA000FFFFFFFFFFFFFFFFFFFFFFFFFFFFFFFFFFFFFFFFFFFFFFFFFFFFFFFFFFFFFFFF33
:202DB000FFFFFFFFFFFFFFFFFFFFFFFFFFFFFFFFFFFFFFFFFFFFFFFFFFFFFFFFFFFFFFFF23
:202DC000FFFFFFFFFFFFFFFFFFFFFFFFFFFFFFFFFFFFFFFFFFFFFFFFFFFFFFFFFFFFFFFF13
:202DD000FFFFFFFFFFFFFFFFFFFFFFFFFFFFFFFFFFFFFFFFFFFFFFFFFFFFFFFFFFFFFFFF03
:202DE000FFFFFFFFFFFFFFFFFFFFFFFFFFFFFFFFFFFFFFFFFFFFFFFFFFFFFFFFFFFFFFFFF3
:202DF000FFFFFFFFFFFFFFFFFFFFFFFFFFFFFFFFFFFFFFFFFFFFFFFFFFFFFFFFFFFFFFFFE3
:202E0000FFFFFFFFFFFFFFFFFFFFFFFFFFFFFFFFFFFFFFFFFFFFFFFFFFFFFFFFFFFFFFFFD2
:202E1000FFFFFFFFFFFFFFFFFFFFFFFFFFFFFFFFFFFFFFFFFFFFFFFFFFFFFFFFFFFFFFFFC2
:202E2000FFFFFFFFFFFFFFFFFFFFFFFFFFFFFFFFFFFFFFFFFFFFFFFFFFFFFFFFFFFFFFFFB2
:202E3000FFFFFFFFFFFFFFFFFFFFFFFFFFFFFFFFFFFFFFFFFFFFFFFFFFFFFFFFFFFFFFFFA2
:202E4000FFFFFFFFFFFFFFFFFFFFFFFFFFFFFFFFFFFFFFFFFFFFFFFFFFFFFFFFFFFFFFFF92
:202E5000FFFFFFFFFFFFFFFFFFFFFFFFFFFFFFFFFFFFFFFFFFFFFFFFFFFFFFFFFFFFFFFF82
:202E6000FFFFFFFFFFFFFFFFFFFFFFFFFFFFFFFFFFFFFFFFFFFFFFFFFFFFFFFFFFFFFFFF72
:202E7000FFFFFFFFFFFFFFFFFFFFFFFFFFFFFFFFFFFFFFFFFFFFFFFFFFFFFFFFFFFFFFFF62
:202E8000FFFFFFFFFFFFFFFFFFFFFFFFFFFFFFFFFFFFFFFFFFFFFFFFFFFFFFFFFFFFFFFF52
:202E9000FFFFFFFFFFFFFFFFFFFFFFFFFFFFFFFFFFFFFFFFFFFFFFFFFFFFFFFFFFFFFFFF42
:202EA000FFFFFFFFFFFFFFFFFFFFFFFFFFFFFFFFFFFFFFFFFFFFFFFFFFFFFFFFFFFFFFFF32
:202EB000FFFFFFFFFFFFFFFFFFFFFFFFFFFFFFFFFFFFFFFFFFFFFFFFFFFFFFFFFFFFFFFF22
:202EC000FFFFFFFFFFFFFFFFFFFFFFFFFFFFFFFFFFFFFFFFFFFFFFFFFFFFFFFFFFFFFFFF12
:202ED000FFFFFFFFFFFFFFFFFFFFFFFFFFFFFFFFFFFFFFFFFFFFFFFFFFFFFFFFFFFFFFFF02
:202EE000FFFFFFFFFFFFFFFFFFFFFFFFFFFFFFFFFFFFFFFFFFFFFFFFFFFFFFFFFFFFFFFFF2
:202EF000FFFFFFFFFFFFFFFFFFFFFFFFFFFFFFFFFFFFFFFFFFFFFFFFFFFFFFFFFFFFFFFFE2
:202F0000FFFFFFFFFFFFFFFFFFFFFFFFFFFFFFFFFFFFFFFFFFFFFFFFFFFFFFFFFFFFFFFFD1
:202F1000FFFFFFFFFFFFFFFFFFFFFFFFFFFFFFFFFFFFFFFFFFFFFFFFFFFFFFFFFFFFFFFFC1
:202F2000FFFFFFFFFFFFFFFFFFFFFFFFFFFFFFFFFFFFFFFFFFFFFFFFFFFFFFFFFFFFFFFFB1
:202F3000FFFFFFFFFFFFFFFFFFFFFFFFFFFFFFFFFFFFFFFFFFFFFFFFFFFFFFFFFFFFFFFFA1
:202F4000FFFFFFFFFFFFFFFFFFFFFFFFFFFFFFFFFFFFFFFFFFFFFFFFFFFFFFFFFFFFFFFF91
:202F5000FFFFFFFFFFFFFFFFFFFFFFFFFFFFFFFFFFFFFFFFFFFFFFFFFFFFFFFFFFFFFFFF81
:202F6000FFFFFFFFFFFFFFFFFFFFFFFFFFFFFFFFFFFFFFFFFFFFFFFFFFFFFFFFFFFFFFFF71
:202F7000FFFFFFFFFFFFFFFFFFFFFFFFFFFFFFFFFFFFFFFFFFFFFFFFFFFFFFFFFFFFFFFF61
:202F8000FFFFFFFFFFFFFFFFFFFFFFFFFFFFFFFFFFFFFFFFFFFFFFFFFFFFFFFFFFFFFFFF51
:202F9000FFFFFFFFFFFFFFFFFFFFFFFFFFFFFFFFFFFFFFFFFFFFFFFFFFFFFFFFFFFFFFFF41
:202FA000FFFFFFFFFFFFFFFFFFFFFFFFFFFFFFFFFFFFFFFFFFFFFFFFFFFFFFFFFFFFFFFF31
:202FB000FFFFFFFFFFFFFFFFFFFFFFFFFFFFFFFFFFFFFFFFFFFFFFFFFFFFFFFFFFFFFFFF21
:202FC000FFFFFFFFFFFFFFFFFFFFFFFFFFFFFFFFFFFFFFFFFFFFFFFFFFFFFFFFFFFFFFFF11
:202FD000FFFFFFFFFFFFFFFFFFFFFFFFFFFFFFFFFFFFFFFFFFFFFFFFFFFFFFFFFFFFFFFF01
:202FE000FFFFFFFFFFFFFFFFFFFFFFFFFFFFFFFFFFFFFFFFFFFFFFFFFFFFFFFFFFFFFFFFF1
:202FF000FFFFFFFFFFFFFFFFFFFFFFFFFFFFFFFFFFFFFFFFFFFFFFFFFFFFFFFFFFFFFFFFE1
:20300000FFFFFFFFFFFFFFFFFFFFFFFFFFFFFFFFFFFFFFFFFFFFFFFFFFFFFFFFFFFFFFFFD0
:20301000FFFFFFFFFFFFFFFFFFFFFFFFFFFFFFFFFFFFFFFFFFFFFFFFFFFFFFFFFFFFFFFFC0
:20302000FFFFFFFFFFFFFFFFFFFFFFFFFFFFFFFFFFFFFFFFFFFFFFFFFFFFFFFFFFFFFFFFB0
:20303000FFFFFFFFFFFFFFFFFFFFFFFFFFFFFFFFFFFFFFFFFFFFFFFFFFFFFFFFFFFFFFFFA0
:20304000FFFFFFFFFFFFFFFFFFFFFFFFFFFFFFFFFFFFFFFFFFFFFFFFFFFFFFFFFFFFFFFF90
:20305000FFFFFFFFFFFFFFFFFFFFFFFFFFFFFFFFFFFFFFFFFFFFFFFFFFFFFFFFFFFFFFFF80
:20306000FFFFFFFFFFFFFFFFFFFFFFFFFFFFFFFFFFFFFFFFFFFFFFFFFFFFFFFFFFFFFFFF70
:20307000FFFFFFFFFFFFFFFFFFFFFFFFFFFFFFFFFFFFFFFFFFFFFFFFFFFFFFFFFFFFFFFF60
:20308000FFFFFFFFFFFFFFFFFFFFFFFFFFFFFFFFFFFFFFFFFFFFFFFFFFFFFFFFFFFFFFFF50
:20309000FFFFFFFFFFFFFFFFFFFFFFFFFFFFFFFFFFFFFFFFFFFFFFFFFFFFFFFFFFFFFFFF40
:2030A000FFFFFFFFFFFFFFFFFFFFFFFFFFFFFFFFFFFFFFFFFFFFFFFFFFFFFFFFFFFFFFFF30
:2030B000FFFFFFFFFFFFFFFFFFFFFFFFFFFFFFFFFFFFFFFFFFFFFFFFFFFFFFFFFFFFFFFF20
:2030C000FFFFFFFFFFFFFFFFFFFFFFFFFFFFFFFFFFFFFFFFFFFFFFFFFFFFFFFFFFFFFFFF10
:2030D000FFFFFFFFFFFFFFFFFFFFFFFFFFFFFFFFFFFFFFFFFFFFFFFFFFFFFFFFFFFFFFFF00
:2030E000FFFFFFFFFFFFFFFFFFFFFFFFFFFFFFFFFFFFFFFFFFFFFFFFFFFFFFFFFFFFFFFFF0
:2030F000FFFFFFFFFFFFFFFFFFFFFFFFFFFFFFFFFFFFFFFFFFFFFFFFFFFFFFFFFFFFFFFFE0
:20310000FFFFFFFFFFFFFFFFFFFFFFFFFFFFFFFFFFFFFFFFFFFFFFFFFFFFFFFFFFFFFFFFCF
:20311000FFFFFFFFFFFFFFFFFFFFFFFFFFFFFFFFFFFFFFFFFFFFFFFFFFFFFFFFFFFFFFFFBF
:20312000FFFFFFFFFFFFFFFFFFFFFFFFFFFFFFFFFFFFFFFFFFFFFFFFFFFFFFFFFFFFFFFFAF
:20313000FFFFFFFFFFFFFFFFFFFFFFFFFFFFFFFFFFFFFFFFFFFFFFFFFFFFFFFFFFFFFFFF9F
:20314000FFFFFFFFFFFFFFFFFFFFFFFFFFFFFFFFFFFFFFFFFFFFFFFFFFFFFFFFFFFFFFFF8F
:20315000FFFFFFFFFFFFFFFFFFFFFFFFFFFFFFFFFFFFFFFFFFFFFFFFFFFFFFFFFFFFFFFF7F
:20316000FFFFFFFFFFFFFFFFFFFFFFFFFFFFFFFFFFFFFFFFFFFFFFFFFFFFFFFFFFFFFFFF6F
:20317000FFFFFFFFFFFFFFFFFFFFFFFFFFFFFFFFFFFFFFFFFFFFFFFFFFFFFFFFFFFFFFFF5F
:20318000FFFFFFFFFFFFFFFFFFFFFFFFFFFFFFFFFFFFFFFFFFFFFFFFFFFFFFFFFFFFFFFF4F
:20319000FFFFFFFFFFFFFFFFFFFFFFFFFFFFFFFFFFFFFFFFFFFFFFFFFFFFFFFFFFFFFFFF3F
:2031A000FFFFFFFFFFFFFFFFFFFFFFFFFFFFFFFFFFFFFFFFFFFFFFFFFFFFFFFFFFFFFFFF2F
:2031B000FFFFFFFFFFFFFFFFFFFFFFFFFFFFFFFFFFFFFFFFFFFFFFFFFFFFFFFFFFFFFFFF1F
:2031C000FFFFFFFFFFFFFFFFFFFFFFFFFFFFFFFFFFFFFFFFFFFFFFFFFFFFFFFFFFFFFFFF0F
:2031D000FFFFFFFFFFFFFFFFFFFFFFFFFFFFFFFFFFFFFFFFFFFFFFFFFFFFFFFFFFFFFFFFFF
:2031E000FFFFFFFFFFFFFFFFFFFFFFFFFFFFFFFFFFFFFFFFFFFFFFFFFFFFFFFFFFFFFFFFEF
:2031F000FFFFFFFFFFFFFFFFFFFFFFFFFFFFFFFFFFFFFFFFFFFFFFFFFFFFFFFFFFFFFFFFDF
:20320000FFFFFFFFFFFFFFFFFFFFFFFFFFFFFFFFFFFFFFFFFFFFFFFFFFFFFFFFFFFFFFFFCE
:20321000FFFFFFFFFFFFFFFFFFFFFFFFFFFFFFFFFFFFFFFFFFFFFFFFFFFFFFFFFFFFFFFFBE
:20322000FFFFFFFFFFFFFFFFFFFFFFFFFFFFFFFFFFFFFFFFFFFFFFFFFFFFFFFFFFFFFFFFAE
:20323000FFFFFFFFFFFFFFFFFFFFFFFFFFFFFFFFFFFFFFFFFFFFFFFFFFFFFFFFFFFFFFFF9E
:20324000FFFFFFFFFFFFFFFFFFFFFFFFFFFFFFFFFFFFFFFFFFFFFFFFFFFFFFFFFFFFFFFF8E
:20325000FFFFFFFFFFFFFFFFFFFFFFFFFFFFFFFFFFFFFFFFFFFFFFFFFFFFFFFFFFFFFFFF7E
:20326000FFFFFFFFFFFFFFFFFFFFFFFFFFFFFFFFFFFFFFFFFFFFFFFFFFFFFFFFFFFFFFFF6E
:20327000FFFFFFFFFFFFFFFFFFFFFFFFFFFFFFFFFFFFFFFFFFFFFFFFFFFFFFFFFFFFFFFF5E
:20328000FFFFFFFFFFFFFFFFFFFFFFFFFFFFFFFFFFFFFFFFFFFFFFFFFFFFFFFFFFFFFFFF4E
:20329000FFFFFFFFFFFFFFFFFFFFFFFFFFFFFFFFFFFFFFFFFFFFFFFFFFFFFFFFFFFFFFFF3E
:2032A000FFFFFFFFFFFFFFFFFFFFFFFFFFFFFFFFFFFFFFFFFFFFFFFFFFFFFFFFFFFFFFFF2E
:2032B000FFFFFFFFFFFFFFFFFFFFFFFFFFFFFFFFFFFFFFFFFFFFFFFFFFFFFFFFFFFFFFFF1E
:2032C000FFFFFFFFFFFFFFFFFFFFFFFFFFFFFFFFFFFFFFFFFFFFFFFFFFFFFFFFFFFFFFFF0E
:2032D000FFFFFFFFFFFFFFFFFFFFFFFFFFFFFFFFFFFFFFFFFFFFFFFFFFFFFFFFFFFFFFFFFE
:2032E000FFFFFFFFFFFFFFFFFFFFFFFFFFFFFFFFFFFFFFFFFFFFFFFFFFFFFFFFFFFFFFFFEE
:2032F000FFFFFFFFFFFFFFFFFFFFFFFFFFFFFFFFFFFFFFFFFFFFFFFFFFFFFFFFFFFFFFFFDE
:20330000FFFFFFFFFFFFFFFFFFFFFFFFFFFFFFFFFFFFFFFFFFFFFFFFFFFFFFFFFFFFFFFFCD
:20331000FFFFFFFFFFFFFFFFFFFFFFFFFFFFFFFFFFFFFFFFFFFFFFFFFFFFFFFFFFFFFFFFBD
:20332000FFFFFFFFFFFFFFFFFFFFFFFFFFFFFFFFFFFFFFFFFFFFFFFFFFFFFFFFFFFFFFFFAD
:20333000FFFFFFFFFFFFFFFFFFFFFFFFFFFFFFFFFFFFFFFFFFFFFFFFFFFFFFFFFFFFFFFF9D
:20334000FFFFFFFFFFFFFFFFFFFFFFFFFFFFFFFFFFFFFFFFFFFFFFFFFFFFFFFFFFFFFFFF8D
:20335000FFFFFFFFFFFFFFFFFFFFFFFFFFFFFFFFFFFFFFFFFFFFFFFFFFFFFFFFFFFFFFFF7D
:20336000FFFFFFFFFFFFFFFFFFFFFFFFFFFFFFFFFFFFFFFFFFFFFFFFFFFFFFFFFFFFFFFF6D
:20337000FFFFFFFFFFFFFFFFFFFFFFFFFFFFFFFFFFFFFFFFFFFFFFFFFFFFFFFFFFFFFFFF5D
:20338000FFFFFFFFFFFFFFFFFFFFFFFFFFFFFFFFFFFFFFFFFFFFFFFFFFFFFFFFFFFFFFFF4D
:20339000FFFFFFFFFFFFFFFFFFFFFFFFFFFFFFFFFFFFFFFFFFFFFFFFFFFFFFFFFFFFFFFF3D
:2033A000FFFFFFFFFFFFFFFFFFFFFFFFFFFFFFFFFFFFFFFFFFFFFFFFFFFFFFFFFFFFFFFF2D
:2033B000FFFFFFFFFFFFFFFFFFFFFFFFFFFFFFFFFFFFFFFFFFFFFFFFFFFFFFFFFFFFFFFF1D
:2033C000FFFFFFFFFFFFFFFFFFFFFFFFFFFFFFFFFFFFFFFFFFFFFFFFFFFFFFFFFFFFFFFF0D
:2033D000FFFFFFFFFFFFFFFFFFFFFFFFFFFFFFFFFFFFFFFFFFFFFFFFFFFFFFFFFFFFFFFFFD
:2033E000FFFFFFFFFFFFFFFFFFFFFFFFFFFFFFFFFFFFFFFFFFFFFFFFFFFFFFFFFFFFFFFFED
:2033F000FFFFFFFFFFFFFFFFFFFFFFFFFFFFFFFFFFFFFFFFFFFFFFFFFFFFFFFFFFFFFFFFDD
:20340000FFFFFFFFFFFFFFFFFFFFFFFFFFFFFFFFFFFFFFFFFFFFFFFFFFFFFFFFFFFFFFFFCC
:20341000FFFFFFFFFFFFFFFFFFFFFFFFFFFFFFFFFFFFFFFFFFFFFFFFFFFFFFFFFFFFFFFFBC
:20342000FFFFFFFFFFFFFFFFFFFFFFFFFFFFFFFFFFFFFFFFFFFFFFFFFFFFFFFFFFFFFFFFAC
:20343000FFFFFFFFFFFFFFFFFFFFFFFFFFFFFFFFFFFFFFFFFFFFFFFFFFFFFFFFFFFFFFFF9C
:20344000FFFFFFFFFFFFFFFFFFFFFFFFFFFFFFFFFFFFFFFFFFFFFFFFFFFFFFFFFFFFFFFF8C
:20345000FFFFFFFFFFFFFFFFFFFFFFFFFFFFFFFFFFFFFFFFFFFFFFFFFFFFFFFFFFFFFFFF7C
:20346000FFFFFFFFFFFFFFFFFFFFFFFFFFFFFFFFFFFFFFFFFFFFFFFFFFFFFFFFFFFFFFFF6C
:20347000FFFFFFFFFFFFFFFFFFFFFFFFFFFFFFFFFFFFFFFFFFFFFFFFFFFFFFFFFFFFFFFF5C
:20348000FFFFFFFFFFFFFFFFFFFFFFFFFFFFFFFFFFFFFFFFFFFFFFFFFFFFFFFFFFFFFFFF4C
:20349000FFFFFFFFFFFFFFFFFFFFFFFFFFFFFFFFFFFFFFFFFFFFFFFFFFFFFFFFFFFFFFFF3C
:2034A000FFFFFFFFFFFFFFFFFFFFFFFFFFFFFFFFFFFFFFFFFFFFFFFFFFFFFFFFFFFFFFFF2C
:2034B000FFFFFFFFFFFFFFFFFFFFFFFFFFFFFFFFFFFFFFFFFFFFFFFFFFFFFFFFFFFFFFFF1C
:2034C000FFFFFFFFFFFFFFFFFFFFFFFFFFFFFFFFFFFFFFFFFFFFFFFFFFFFFFFFFFFFFFFF0C
:2034D000FFFFFFFFFFFFFFFFFFFFFFFFFFFFFFFFFFFFFFFFFFFFFFFFFFFFFFFFFFFFFFFFFC
:2034E000FFFFFFFFFFFFFFFFFFFFFFFFFFFFFFFFFFFFFFFFFFFFFFFFFFFFFFFFFFFFFFFFEC
:2034F000FFFFFFFFFFFFFFFFFFFFFFFFFFFFFFFFFFFFFFFFFFFFFFFFFFFFFFFFFFFFFFFFDC
:20350000FFFFFFFFFFFFFFFFFFFFFFFFFFFFFFFFFFFFFFFFFFFFFFFFFFFFFFFFFFFFFFFFCB
:20351000FFFFFFFFFFFFFFFFFFFFFFFFFFFFFFFFFFFFFFFFFFFFFFFFFFFFFFFFFFFFFFFFBB
:20352000FFFFFFFFFFFFFFFFFFFFFFFFFFFFFFFFFFFFFFFFFFFFFFFFFFFFFFFFFFFFFFFFAB
:20353000FFFFFFFFFFFFFFFFFFFFFFFFFFFFFFFFFFFFFFFFFFFFFFFFFFFFFFFFFFFFFFFF9B
:20354000FFFFFFFFFFFFFFFFFFFFFFFFFFFFFFFFFFFFFFFFFFFFFFFFFFFFFFFFFFFFFFFF8B
:20355000FFFFFFFFFFFFFFFFFFFFFFFFFFFFFFFFFFFFFFFFFFFFFFFFFFFFFFFFFFFFFFFF7B
:20356000FFFFFFFFFFFFFFFFFFFFFFFFFFFFFFFFFFFFFFFFFFFFFFFFFFFFFFFFFFFFFFFF6B
:20357000FFFFFFFFFFFFFFFFFFFFFFFFFFFFFFFFFFFFFFFFFFFFFFFFFFFFFFFFFFFFFFFF5B
:20358000FFFFFFFFFFFFFFFFFFFFFFFFFFFFFFFFFFFFFFFFFFFFFFFFFFFFFFFFFFFFFFFF4B
:20359000FFFFFFFFFFFFFFFFFFFFFFFFFFFFFFFFFFFFFFFFFFFFFFFFFFFFFFFFFFFFFFFF3B
:2035A000FFFFFFFFFFFFFFFFFFFFFFFFFFFFFFFFFFFFFFFFFFFFFFFFFFFFFFFFFFFFFFFF2B
:2035B000FFFFFFFFFFFFFFFFFFFFFFFFFFFFFFFFFFFFFFFFFFFFFFFFFFFFFFFFFFFFFFFF1B
:2035C000FFFFFFFFFFFFFFFFFFFFFFFFFFFFFFFFFFFFFFFFFFFFFFFFFFFFFFFFFFFFFFFF0B
:2035D000FFFFFFFFFFFFFFFFFFFFFFFFFFFFFFFFFFFFFFFFFFFFFFFFFFFFFFFFFFFFFFFFFB
:2035E000FFFFFFFFFFFFFFFFFFFFFFFFFFFFFFFFFFFFFFFFFFFFFFFFFFFFFFFFFFFFFFFFEB
:2035F000FFFFFFFFFFFFFFFFFFFFFFFFFFFFFFFFFFFFFFFFFFFFFFFFFFFFFFFFFFFFFFFFDB
:20360000FFFFFFFFFFFFFFFFFFFFFFFFFFFFFFFFFFFFFFFFFFFFFFFFFFFFFFFFFFFFFFFFCA
:20361000FFFFFFFFFFFFFFFFFFFFFFFFFFFFFFFFFFFFFFFFFFFFFFFFFFFFFFFFFFFFFFFFBA
:20362000FFFFFFFFFFFFFFFFFFFFFFFFFFFFFFFFFFFFFFFFFFFFFFFFFFFFFFFFFFFFFFFFAA
:20363000FFFFFFFFFFFFFFFFFFFFFFFFFFFFFFFFFFFFFFFFFFFFFFFFFFFFFFFFFFFFFFFF9A
:20364000FFFFFFFFFFFFFFFFFFFFFFFFFFFFFFFFFFFFFFFFFFFFFFFFFFFFFFFFFFFFFFFF8A
:20365000FFFFFFFFFFFFFFFFFFFFFFFFFFFFFFFFFFFFFFFFFFFFFFFFFFFFFFFFFFFFFFFF7A
:20366000FFFFFFFFFFFFFFFFFFFFFFFFFFFFFFFFFFFFFFFFFFFFFFFFFFFFFFFFFFFFFFFF6A
:20367000FFFFFFFFFFFFFFFFFFFFFFFFFFFFFFFFFFFFFFFFFFFFFFFFFFFFFFFFFFFFFFFF5A
:20368000FFFFFFFFFFFFFFFFFFFFFFFFFFFFFFFFFFFFFFFFFFFFFFFFFFFFFFFFFFFFFFFF4A
:20369000FFFFFFFFFFFFFFFFFFFFFFFFFFFFFFFFFFFFFFFFFFFFFFFFFFFFFFFFFFFFFFFF3A
:2036A000FFFFFFFFFFFFFFFFFFFFFFFFFFFFFFFFFFFFFFFFFFFFFFFFFFFFFFFFFFFFFFFF2A
:2036B000FFFFFFFFFFFFFFFFFFFFFFFFFFFFFFFFFFFFFFFFFFFFFFFFFFFFFFFFFFFFFFFF1A
:2036C000FFFFFFFFFFFFFFFFFFFFFFFFFFFFFFFFFFFFFFFFFFFFFFFFFFFFFFFFFFFFFFFF0A
:2036D000FFFFFFFFFFFFFFFFFFFFFFFFFFFFFFFFFFFFFFFFFFFFFFFFFFFFFFFFFFFFFFFFFA
:2036E000FFFFFFFFFFFFFFFFFFFFFFFFFFFFFFFFFFFFFFFFFFFFFFFFFFFFFFFFFFFFFFFFEA
:2036F000FFFFFFFFFFFFFFFFFFFFFFFFFFFFFFFFFFFFFFFFFFFFFFFFFFFFFFFFFFFFFFFFDA
:20370000FFFFFFFFFFFFFFFFFFFFFFFFFFFFFFFFFFFFFFFFFFFFFFFFFFFFFFFFFFFFFFFFC9
:20371000FFFFFFFFFFFFFFFFFFFFFFFFFFFFFFFFFFFFFFFFFFFFFFFFFFFFFFFFFFFFFFFFB9
:20372000FFFFFFFFFFFFFFFFFFFFFFFFFFFFFFFFFFFFFFFFFFFFFFFFFFFFFFFFFFFFFFFFA9
:20373000FFFFFFFFFFFFFFFFFFFFFFFFFFFFFFFFFFFFFFFFFFFFFFFFFFFFFFFFFFFFFFFF99
:20374000FFFFFFFFFFFFFFFFFFFFFFFFFFFFFFFFFFFFFFFFFFFFFFFFFFFFFFFFFFFFFFFF89
:20375000FFFFFFFFFFFFFFFFFFFFFFFFFFFFFFFFFFFFFFFFFFFFFFFFFFFFFFFFFFFFFFFF79
:20376000FFFFFFFFFFFFFFFFFFFFFFFFFFFFFFFFFFFFFFFFFFFFFFFFFFFFFFFFFFFFFFFF69
:20377000FFFFFFFFFFFFFFFFFFFFFFFFFFFFFFFFFFFFFFFFFFFFFFFFFFFFFFFFFFFFFFFF59
:20378000FFFFFFFFFFFFFFFFFFFFFFFFFFFFFFFFFFFFFFFFFFFFFFFFFFFFFFFFFFFFFFFF49
:20379000FFFFFFFFFFFFFFFFFFFFFFFFFFFFFFFFFFFFFFFFFFFFFFFFFFFFFFFFFFFFFFFF39
:2037A000FFFFFFFFFFFFFFFFFFFFFFFFFFFFFFFFFFFFFFFFFFFFFFFFFFFFFFFFFFFFFFFF29
:2037B000FFFFFFFFFFFFFFFFFFFFFFFFFFFFFFFFFFFFFFFFFFFFFFFFFFFFFFFFFFFFFFFF19
:2037C000FFFFFFFFFFFFFFFFFFFFFFFFFFFFFFFFFFFFFFFFFFFFFFFFFFFFFFFFFFFFFFFF09
:2037D000FFFFFFFFFFFFFFFFFFFFFFFFFFFFFFFFFFFFFFFFFFFFFFFFFFFFFFFFFFFFFFFFF9
:2037E000FFFFFFFFFFFFFFFFFFFFFFFFFFFFFFFFFFFFFFFFFFFFFFFFFFFFFFFFFFFFFFFFE9
:2037F000FFFFFFFFFFFFFFFFFFFFFFFFFFFFFFFFFFFFFFFFFFFFFFFFFFFFFFFFFFFFFFFFD9
:20380000FFFFFFFFFFFFFFFFFFFFFFFFFFFFFFFFFFFFFFFFFFFFFFFFFFFFFFFFFFFFFFFFC8
:20381000FFFFFFFFFFFFFFFFFFFFFFFFFFFFFFFFFFFFFFFFFFFFFFFFFFFFFFFFFFFFFFFFB8
:20382000FFFFFFFFFFFFFFFFFFFFFFFFFFFFFFFFFFFFFFFFFFFFFFFFFFFFFFFFFFFFFFFFA8
:20383000FFFFFFFFFFFFFFFFFFFFFFFFFFFFFFFFFFFFFFFFFFFFFFFFFFFFFFFFFFFFFFFF98
:20384000FFFFFFFFFFFFFFFFFFFFFFFFFFFFFFFFFFFFFFFFFFFFFFFFFFFFFFFFFFFFFFFF88
:20385000FFFFFFFFFFFFFFFFFFFFFFFFFFFFFFFFFFFFFFFFFFFFFFFFFFFFFFFFFFFFFFFF78
:20386000FFFFFFFFFFFFFFFFFFFFFFFFFFFFFFFFFFFFFFFFFFFFFFFFFFFFFFFFFFFFFFFF68
:20387000FFFFFFFFFFFFFFFFFFFFFFFFFFFFFFFFFFFFFFFFFFFFFFFFFFFFFFFFFFFFFFFF58
:20388000FFFFFFFFFFFFFFFFFFFFFFFFFFFFFFFFFFFFFFFFFFFFFFFFFFFFFFFFFFFFFFFF48
:20389000FFFFFFFFFFFFFFFFFFFFFFFFFFFFFFFFFFFFFFFFFFFFFFFFFFFFFFFFFFFFFFFF38
:2038A000FFFFFFFFFFFFFFFFFFFFFFFFFFFFFFFFFFFFFFFFFFFFFFFFFFFFFFFFFFFFFFFF28
:2038B000FFFFFFFFFFFFFFFFFFFFFFFFFFFFFFFFFFFFFFFFFFFFFFFFFFFFFFFFFFFFFFFF18
:2038C000FFFFFFFFFFFFFFFFFFFFFFFFFFFFFFFFFFFFFFFFFFFFFFFFFFFFFFFFFFFFFFFF08
:2038D000FFFFFFFFFFFFFFFFFFFFFFFFFFFFFFFFFFFFFFFFFFFFFFFFFFFFFFFFFFFFFFFFF8
:2038E000FFFFFFFFFFFFFFFFFFFFFFFFFFFFFFFFFFFFFFFFFFFFFFFFFFFFFFFFFFFFFFFFE8
:2038F000FFFFFFFFFFFFFFFFFFFFFFFFFFFFFFFFFFFFFFFFFFFFFFFFFFFFFFFFFFFFFFFFD8
:20390000FFFFFFFFFFFFFFFFFFFFFFFFFFFFFFFFFFFFFFFFFFFFFFFFFFFFFFFFFFFFFFFFC7
:20391000FFFFFFFFFFFFFFFFFFFFFFFFFFFFFFFFFFFFFFFFFFFFFFFFFFFFFFFFFFFFFFFFB7
:20392000FFFFFFFFFFFFFFFFFFFFFFFFFFFFFFFFFFFFFFFFFFFFFFFFFFFFFFFFFFFFFFFFA7
:20393000FFFFFFFFFFFFFFFFFFFFFFFFFFFFFFFFFFFFFFFFFFFFFFFFFFFFFFFFFFFFFFFF97
:20394000FFFFFFFFFFFFFFFFFFFFFFFFFFFFFFFFFFFFFFFFFFFFFFFFFFFFFFFFFFFFFFFF87
:20395000FFFFFFFFFFFFFFFFFFFFFFFFFFFFFFFFFFFFFFFFFFFFFFFFFFFFFFFFFFFFFFFF77
:20396000FFFFFFFFFFFFFFFFFFFFFFFFFFFFFFFFFFFFFFFFFFFFFFFFFFFFFFFFFFFFFFFF67
:20397000FFFFFFFFFFFFFFFFFFFFFFFFFFFFFFFFFFFFFFFFFFFFFFFFFFFFFFFFFFFFFFFF57
:20398000FFFFFFFFFFFFFFFFFFFFFFFFFFFFFFFFFFFFFFFFFFFFFFFFFFFFFFFFFFFFFFFF47
:20399000FFFFFFFFFFFFFFFFFFFFFFFFFFFFFFFFFFFFFFFFFFFFFFFFFFFFFFFFFFFFFFFF37
:2039A000FFFFFFFFFFFFFFFFFFFFFFFFFFFFFFFFFFFFFFFFFFFFFFFFFFFFFFFFFFFFFFFF27
:2039B000FFFFFFFFFFFFFFFFFFFFFFFFFFFFFFFFFFFFFFFFFFFFFFFFFFFFFFFFFFFFFFFF17
:2039C000FFFFFFFFFFFFFFFFFFFFFFFFFFFFFFFFFFFFFFFFFFFFFFFFFFFFFFFFFFFFFFFF07
:2039D000FFFFFFFFFFFFFFFFFFFFFFFFFFFFFFFFFFFFFFFFFFFFFFFFFFFFFFFFFFFFFFFFF7
:2039E000FFFFFFFFFFFFFFFFFFFFFFFFFFFFFFFFFFFFFFFFFFFFFFFFFFFFFFFFFFFFFFFFE7
:2039F000FFFFFFFFFFFFFFFFFFFFFFFFFFFFFFFFFFFFFFFFFFFFFFFFFFFFFFFFFFFFFFFFD7
:203A0000FFFFFFFFFFFFFFFFFFFFFFFFFFFFFFFFFFFFFFFFFFFFFFFFFFFFFFFFFFFFFFFFC6
:203A1000FFFFFFFFFFFFFFFFFFFFFFFFFFFFFFFFFFFFFFFFFFFFFFFFFFFFFFFFFFFFFFFFB6
:203A2000FFFFFFFFFFFFFFFFFFFFFFFFFFFFFFFFFFFFFFFFFFFFFFFFFFFFFFFFFFFFFFFFA6
:203A3000FFFFFFFFFFFFFFFFFFFFFFFFFFFFFFFFFFFFFFFFFFFFFFFFFFFFFFFFFFFFFFFF96
:203A4000FFFFFFFFFFFFFFFFFFFFFFFFFFFFFFFFFFFFFFFFFFFFFFFFFFFFFFFFFFFFFFFF86
:203A5000FFFFFFFFFFFFFFFFFFFFFFFFFFFFFFFFFFFFFFFFFFFFFFFFFFFFFFFFFFFFFFFF76
:203A6000FFFFFFFFFFFFFFFFFFFFFFFFFFFFFFFFFFFFFFFFFFFFFFFFFFFFFFFFFFFFFFFF66
:203A7000FFFFFFFFFFFFFFFFFFFFFFFFFFFFFFFFFFFFFFFFFFFFFFFFFFFFFFFFFFFFFFFF56
:203A8000FFFFFFFFFFFFFFFFFFFFFFFFFFFFFFFFFFFFFFFFFFFFFFFFFFFFFFFFFFFFFFFF46
:203A9000FFFFFFFFFFFFFFFFFFFFFFFFFFFFFFFFFFFFFFFFFFFFFFFFFFFFFFFFFFFFFFFF36
:203AA000FFFFFFFFFFFFFFFFFFFFFFFFFFFFFFFFFFFFFFFFFFFFFFFFFFFFFFFFFFFFFFFF26
:203AB000FFFFFFFFFFFFFFFFFFFFFFFFFFFFFFFFFFFFFFFFFFFFFFFFFFFFFFFFFFFFFFFF16
:203AC000FFFFFFFFFFFFFFFFFFFFFFFFFFFFFFFFFFFFFFFFFFFFFFFFFFFFFFFFFFFFFFFF06
:203AD000FFFFFFFFFFFFFFFFFFFFFFFFFFFFFFFFFFFFFFFFFFFFFFFFFFFFFFFFFFFFFFFFF6
:203AE000FFFFFFFFFFFFFFFFFFFFFFFFFFFFFFFFFFFFFFFFFFFFFFFFFFFFFFFFFFFFFFFFE6
:203AF000FFFFFFFFFFFFFFFFFFFFFFFFFFFFFFFFFFFFFFFFFFFFFFFFFFFFFFFFFFFFFFFFD6
:203B0000FFFFFFFFFFFFFFFFFFFFFFFFFFFFFFFFFFFFFFFFFFFFFFFFFFFFFFFFFFFFFFFFC5
:203B1000FFFFFFFFFFFFFFFFFFFFFFFFFFFFFFFFFFFFFFFFFFFFFFFFFFFFFFFFFFFFFFFFB5
:203B2000FFFFFFFFFFFFFFFFFFFFFFFFFFFFFFFFFFFFFFFFFFFFFFFFFFFFFFFFFFFFFFFFA5
:203B3000FFFFFFFFFFFFFFFFFFFFFFFFFFFFFFFFFFFFFFFFFFFFFFFFFFFFFFFFFFFFFFFF95
:203B4000FFFFFFFFFFFFFFFFFFFFFFFFFFFFFFFFFFFFFFFFFFFFFFFFFFFFFFFFFFFFFFFF85
:203B5000FFFFFFFFFFFFFFFFFFFFFFFFFFFFFFFFFFFFFFFFFFFFFFFFFFFFFFFFFFFFFFFF75
:203B6000FFFFFFFFFFFFFFFFFFFFFFFFFFFFFFFFFFFFFFFFFFFFFFFFFFFFFFFFFFFFFFFF65
:203B7000FFFFFFFFFFFFFFFFFFFFFFFFFFFFFFFFFFFFFFFFFFFFFFFFFFFFFFFFFFFFFFFF55
:203B8000FFFFFFFFFFFFFFFFFFFFFFFFFFFFFFFFFFFFFFFFFFFFFFFFFFFFFFFFFFFFFFFF45
:203B9000FFFFFFFFFFFFFFFFFFFFFFFFFFFFFFFFFFFFFFFFFFFFFFFFFFFFFFFFFFFFFFFF35
:203BA000FFFFFFFFFFFFFFFFFFFFFFFFFFFFFFFFFFFFFFFFFFFFFFFFFFFFFFFFFFFFFFFF25
:203BB000FFFFFFFFFFFFFFFFFFFFFFFFFFFFFFFFFFFFFFFFFFFFFFFFFFFFFFFFFFFFFFFF15
:203BC000FFFFFFFFFFFFFFFFFFFFFFFFFFFFFFFFFFFFFFFFFFFFFFFFFFFFFFFFFFFFFFFF05
:203BD000FFFFFFFFFFFFFFFFFFFFFFFFFFFFFFFFFFFFFFFFFFFFFFFFFFFFFFFFFFFFFFFFF5
:203BE000FFFFFFFFFFFFFFFFFFFFFFFFFFFFFFFFFFFFFFFFFFFFFFFFFFFFFFFFFFFFFFFFE5
:203BF000FFFFFFFFFFFFFFFFFFFFFFFFFFFFFFFFFFFFFFFFFFFFFFFFFFFFFFFFFFFFFFFFD5
:203C0000FFFFFFFFFFFFFFFFFFFFFFFFFFFFFFFFFFFFFFFFFFFFFFFFFFFFFFFFFFFFFFFFC4
:203C1000FFFFFFFFFFFFFFFFFFFFFFFFFFFFFFFFFFFFFFFFFFFFFFFFFFFFFFFFFFFFFFFFB4
:203C2000FFFFFFFFFFFFFFFFFFFFFFFFFFFFFFFFFFFFFFFFFFFFFFFFFFFFFFFFFFFFFFFFA4
:203C3000FFFFFFFFFFFFFFFFFFFFFFFFFFFFFFFFFFFFFFFFFFFFFFFFFFFFFFFFFFFFFFFF94
:203C4000FFFFFFFFFFFFFFFFFFFFFFFFFFFFFFFFFFFFFFFFFFFFFFFFFFFFFFFFFFFFFFFF84
:203C5000FFFFFFFFFFFFFFFFFFFFFFFFFFFFFFFFFFFFFFFFFFFFFFFFFFFFFFFFFFFFFFFF74
:203C6000FFFFFFFFFFFFFFFFFFFFFFFFFFFFFFFFFFFFFFFFFFFFFFFFFFFFFFFFFFFFFFFF64
:203C7000FFFFFFFFFFFFFFFFFFFFFFFFFFFFFFFFFFFFFFFFFFFFFFFFFFFFFFFFFFFFFFFF54
:203C8000FFFFFFFFFFFFFFFFFFFFFFFFFFFFFFFFFFFFFFFFFFFFFFFFFFFFFFFFFFFFFFFF44
:203C9000FFFFFFFFFFFFFFFFFFFFFFFFFFFFFFFFFFFFFFFFFFFFFFFFFFFFFFFFFFFFFFFF34
:203CA000FFFFFFFFFFFFFFFFFFFFFFFFFFFFFFFFFFFFFFFFFFFFFFFFFFFFFFFFFFFFFFFF24
:203CB000FFFFFFFFFFFFFFFFFFFFFFFFFFFFFFFFFFFFFFFFFFFFFFFFFFFFFFFFFFFFFFFF14
:203CC000FFFFFFFFFFFFFFFFFFFFFFFFFFFFFFFFFFFFFFFFFFFFFFFFFFFFFFFFFFFFFFFF04
:203CD000FFFFFFFFFFFFFFFFFFFFFFFFFFFFFFFFFFFFFFFFFFFFFFFFFFFFFFFFFFFFFFFFF4
:203CE000FFFFFFFFFFFFFFFFFFFFFFFFFFFFFFFFFFFFFFFFFFFFFFFFFFFFFFFFFFFFFFFFE4
:203CF000FFFFFFFFFFFFFFFFFFFFFFFFFFFFFFFFFFFFFFFFFFFFFFFFFFFFFFFFFFFFFFFFD4
:203D0000FFFFFFFFFFFFFFFFFFFFFFFFFFFFFFFFFFFFFFFFFFFFFFFFFFFFFFFFFFFFFFFFC3
:203D1000FFFFFFFFFFFFFFFFFFFFFFFFFFFFFFFFFFFFFFFFFFFFFFFFFFFFFFFFFFFFFFFFB3
:203D2000FFFFFFFFFFFFFFFFFFFFFFFFFFFFFFFFFFFFFFFFFFFFFFFFFFFFFFFFFFFFFFFFA3
:203D3000FFFFFFFFFFFFFFFFFFFFFFFFFFFFFFFFFFFFFFFFFFFFFFFFFFFFFFFFFFFFFFFF93
:203D4000FFFFFFFFFFFFFFFFFFFFFFFFFFFFFFFFFFFFFFFFFFFFFFFFFFFFFFFFFFFFFFFF83
:203D5000FFFFFFFFFFFFFFFFFFFFFFFFFFFFFFFFFFFFFFFFFFFFFFFFFFFFFFFFFFFFFFFF73
:203D6000FFFFFFFFFFFFFFFFFFFFFFFFFFFFFFFFFFFFFFFFFFFFFFFFFFFFFFFFFFFFFFFF63
:203D7000FFFFFFFFFFFFFFFFFFFFFFFFFFFFFFFFFFFFFFFFFFFFFFFFFFFFFFFFFFFFFFFF53
:203D8000FFFFFFFFFFFFFFFFFFFFFFFFFFFFFFFFFFFFFFFFFFFFFFFFFFFFFFFFFFFFFFFF43
:203D9000FFFFFFFFFFFFFFFFFFFFFFFFFFFFFFFFFFFFFFFFFFFFFFFFFFFFFFFFFFFFFFFF33
:203DA000FFFFFFFFFFFFFFFFFFFFFFFFFFFFFFFFFFFFFFFFFFFFFFFFFFFFFFFFFFFFFFFF23
:203DB000FFFFFFFFFFFFFFFFFFFFFFFFFFFFFFFFFFFFFFFFFFFFFFFFFFFFFFFFFFFFFFFF13
:203DC000FFFFFFFFFFFFFFFFFFFFFFFFFFFFFFFFFFFFFFFFFFFFFFFFFFFFFFFFFFFFFFFF03
:203DD000FFFFFFFFFFFFFFFFFFFFFFFFFFFFFFFFFFFFFFFFFFFFFFFFFFFFFFFFFFFFFFFFF3
:203DE000FFFFFFFFFFFFFFFFFFFFFFFFFFFFFFFFFFFFFFFFFFFFFFFFFFFFFFFFFFFFFFFFE3
:203DF000FFFFFFFFFFFFFFFFFFFFFFFFFFFFFFFFFFFFFFFFFFFFFFFFFFFFFFFFFFFFFFFFD3
:203E0000FFFFFFFFFFFFFFFFFFFFFFFFFFFFFFFFFFFFFFFFFFFFFFFFFFFFFFFFFFFFFFFFC2
:203E1000FFFFFFFFFFFFFFFFFFFFFFFFFFFFFFFFFFFFFFFFFFFFFFFFFFFFFFFFFFFFFFFFB2
:203E2000FFFFFFFFFFFFFFFFFFFFFFFFFFFFFFFFFFFFFFFFFFFFFFFFFFFFFFFFFFFFFFFFA2
:203E3000FFFFFFFFFFFFFFFFFFFFFFFFFFFFFFFFFFFFFFFFFFFFFFFFFFFFFFFFFFFFFFFF92
:203E4000FFFFFFFFFFFFFFFFFFFFFFFFFFFFFFFFFFFFFFFFFFFFFFFFFFFFFFFFFFFFFFFF82
:203E5000FFFFFFFFFFFFFFFFFFFFFFFFFFFFFFFFFFFFFFFFFFFFFFFFFFFFFFFFFFFFFFFF72
:203E6000FFFFFFFFFFFFFFFFFFFFFFFFFFFFFFFFFFFFFFFFFFFFFFFFFFFFFFFFFFFFFFFF62
:203E7000FFFFFFFFFFFFFFFFFFFFFFFFFFFFFFFFFFFFFFFFFFFFFFFFFFFFFFFFFFFFFFFF52
:203E8000FFFFFFFFFFFFFFFFFFFFFFFFFFFFFFFFFFFFFFFFFFFFFFFFFFFFFFFFFFFFFFFF42
:203E9000FFFFFFFFFFFFFFFFFFFFFFFFFFFFFFFFFFFFFFFFFFFFFFFFFFFFFFFFFFFFFFFF32
:203EA000FFFFFFFFFFFFFFFFFFFFFFFFFFFFFFFFFFFFFFFFFFFFFFFFFFFFFFFFFFFFFFFF22
:203EB000FFFFFFFFFFFFFFFFFFFFFFFFFFFFFFFFFFFFFFFFFFFFFFFFFFFFFFFFFFFFFFFF12
:203EC000FFFFFFFFFFFFFFFFFFFFFFFFFFFFFFFFFFFFFFFFFFFFFFFFFFFFFFFFFFFFFFFF02
:203ED000FFFFFFFFFFFFFFFFFFFFFFFFFFFFFFFFFFFFFFFFFFFFFFFFFFFFFFFFFFFFFFFFF2
:203EE000FFFFFFFFFFFFFFFFFFFFFFFFFFFFFFFFFFFFFFFFFFFFFFFFFFFFFFFFFFFFFFFFE2
:203EF000FFFFFFFFFFFFFFFFFFFFFFFFFFFFFFFFFFFFFFFFFFFFFFFFFFFFFFFFFFFFFFFFD2
:203F0000FFFFFFFFFFFFFFFFFFFFFFFFFFFFFFFFFFFFFFFFFFFFFFFFFFFFFFFFFFFFFFFFC1
:203F1000FFFFFFFFFFFFFFFFFFFFFFFFFFFFFFFFFFFFFFFFFFFFFFFFFFFFFFFFFFFFFFFFB1
:203F2000FFFFFFFFFFFFFFFFFFFFFFFFFFFFFFFFFFFFFFFFFFFFFFFFFFFFFFFFFFFFFFFFA1
:203F3000FFFFFFFFFFFFFFFFFFFFFFFFFFFFFFFFFFFFFFFFFFFFFFFFFFFFFFFFFFFFFFFF91
:203F4000FFFFFFFFFFFFFFFFFFFFFFFFFFFFFFFFFFFFFFFFFFFFFFFFFFFFFFFFFFFFFFFF81
:203F5000FFFFFFFFFFFFFFFFFFFFFFFFFFFFFFFFFFFFFFFFFFFFFFFFFFFFFFFFFFFFFFFF71
:203F6000FFFFFFFFFFFFFFFFFFFFFFFFFFFFFFFFFFFFFFFFFFFFFFFFFFFFFFFFFFFFFFFF61
:203F7000FFFFFFFFFFFFFFFFFFFFFFFFFFFFFFFFFFFFFFFFFFFFFFFFFFFFFFFFFFFFFFFF51
:203F8000FFFFFFFFFFFFFFFFFFFFFFFFFFFFFFFFFFFFFFFFFFFFFFFFFFFFFFFFFFFFFFFF41
:203F9000FFFFFFFFFFFFFFFFFFFFFFFFFFFFFFFFFFFFFFFFFFFFFFFFFFFFFFFFFFFFFFFF31
:203FA000FFFFFFFFFFFFFFFFFFFFFFFFFFFFFFFFFFFFFFFFFFFFFFFFFFFFFFFFFFFFFFFF21
:203FB000FFFFFFFFFFFFFFFFFFFFFFFFFFFFFFFFFFFFFFFFFFFFFFFFFFFFFFFFFFFFFFFF11
:203FC000FFFFFFFFFFFFFFFFFFFFFFFFFFFFFFFFFFFFFFFFFFFFFFFFFFFFFFFFFFFFFFFF01
:203FD000FFFFFFFFFFFFFFFFFFFFFFFFFFFFFFFFFFFFFFFFFFFFFFFFFFFFFFFFFFFFFFFFF1
:203FE000FFFFFFFFFFFFFFFFFFFFFFFFFFFFFFFFFFFFFFFFFFFFFFFFFFFFFFFFFFFFFFFFE1
:203FF000FFFFFFFFFFFFFFFFFFFFFFFFFFFFFFFFFFFFFFFFFFFFFFFFFFFFFFFFFFFFFFFFD1
:20400000FFFFFFFFFFFFFFFFFFFFFFFFFFFFFFFFFFFFFFFFFFFFFFFFFFFFFFFFFFFFFFFFC0
:20401000FFFFFFFFFFFFFFFFFFFFFFFFFFFFFFFFFFFFFFFFFFFFFFFFFFFFFFFFFFFFFFFFB0
:20402000FFFFFFFFFFFFFFFFFFFFFFFFFFFFFFFFFFFFFFFFFFFFFFFFFFFFFFFFFFFFFFFFA0
:20403000FFFFFFFFFFFFFFFFFFFFFFFFFFFFFFFFFFFFFFFFFFFFFFFFFFFFFFFFFFFFFFFF90
:20404000FFFFFFFFFFFFFFFFFFFFFFFFFFFFFFFFFFFFFFFFFFFFFFFFFFFFFFFFFFFFFFFF80
:20405000FFFFFFFFFFFFFFFFFFFFFFFFFFFFFFFFFFFFFFFFFFFFFFFFFFFFFFFFFFFFFFFF70
:20406000FFFFFFFFFFFFFFFFFFFFFFFFFFFFFFFFFFFFFFFFFFFFFFFFFFFFFFFFFFFFFFFF60
:20407000FFFFFFFFFFFFFFFFFFFFFFFFFFFFFFFFFFFFFFFFFFFFFFFFFFFFFFFFFFFFFFFF50
:20408000FFFFFFFFFFFFFFFFFFFFFFFFFFFFFFFFFFFFFFFFFFFFFFFFFFFFFFFFFFFFFFFF40
:20409000FFFFFFFFFFFFFFFFFFFFFFFFFFFFFFFFFFFFFFFFFFFFFFFFFFFFFFFFFFFFFFFF30
:2040A000FFFFFFFFFFFFFFFFFFFFFFFFFFFFFFFFFFFFFFFFFFFFFFFFFFFFFFFFFFFFFFFF20
:2040B000FFFFFFFFFFFFFFFFFFFFFFFFFFFFFFFFFFFFFFFFFFFFFFFFFFFFFFFFFFFFFFFF10
:2040C000FFFFFFFFFFFFFFFFFFFFFFFFFFFFFFFFFFFFFFFFFFFFFFFFFFFFFFFFFFFFFFFF00
:2040D000FFFFFFFFFFFFFFFFFFFFFFFFFFFFFFFFFFFFFFFFFFFFFFFFFFFFFFFFFFFFFFFFF0
:2040E000FFFFFFFFFFFFFFFFFFFFFFFFFFFFFFFFFFFFFFFFFFFFFFFFFFFFFFFFFFFFFFFFE0
:2040F000FFFFFFFFFFFFFFFFFFFFFFFFFFFFFFFFFFFFFFFFFFFFFFFFFFFFFFFFFFFFFFFFD0
:20410000FFFFFFFFFFFFFFFFFFFFFFFFFFFFFFFFFFFFFFFFFFFFFFFFFFFFFFFFFFFFFFFFBF
:20411000FFFFFFFFFFFFFFFFFFFFFFFFFFFFFFFFFFFFFFFFFFFFFFFFFFFFFFFFFFFFFFFFAF
:20412000FFFFFFFFFFFFFFFFFFFFFFFFFFFFFFFFFFFFFFFFFFFFFFFFFFFFFFFFFFFFFFFF9F
:20413000FFFFFFFFFFFFFFFFFFFFFFFFFFFFFFFFFFFFFFFFFFFFFFFFFFFFFFFFFFFFFFFF8F
:20414000FFFFFFFFFFFFFFFFFFFFFFFFFFFFFFFFFFFFFFFFFFFFFFFFFFFFFFFFFFFFFFFF7F
:20415000FFFFFFFFFFFFFFFFFFFFFFFFFFFFFFFFFFFFFFFFFFFFFFFFFFFFFFFFFFFFFFFF6F
:20416000FFFFFFFFFFFFFFFFFFFFFFFFFFFFFFFFFFFFFFFFFFFFFFFFFFFFFFFFFFFFFFFF5F
:20417000FFFFFFFFFFFFFFFFFFFFFFFFFFFFFFFFFFFFFFFFFFFFFFFFFFFFFFFFFFFFFFFF4F
:20418000FFFFFFFFFFFFFFFFFFFFFFFFFFFFFFFFFFFFFFFFFFFFFFFFFFFFFFFFFFFFFFFF3F
:20419000FFFFFFFFFFFFFFFFFFFFFFFFFFFFFFFFFFFFFFFFFFFFFFFFFFFFFFFFFFFFFFFF2F
:2041A000FFFFFFFFFFFFFFFFFFFFFFFFFFFFFFFFFFFFFFFFFFFFFFFFFFFFFFFFFFFFFFFF1F
:2041B000FFFFFFFFFFFFFFFFFFFFFFFFFFFFFFFFFFFFFFFFFFFFFFFFFFFFFFFFFFFFFFFF0F
:2041C000FFFFFFFFFFFFFFFFFFFFFFFFFFFFFFFFFFFFFFFFFFFFFFFFFFFFFFFFFFFFFFFFFF
:2041D000FFFFFFFFFFFFFFFFFFFFFFFFFFFFFFFFFFFFFFFFFFFFFFFFFFFFFFFFFFFFFFFFEF
:2041E000FFFFFFFFFFFFFFFFFFFFFFFFFFFFFFFFFFFFFFFFFFFFFFFFFFFFFFFFFFFFFFFFDF
:2041F000FFFFFFFFFFFFFFFFFFFFFFFFFFFFFFFFFFFFFFFFFFFFFFFFFFFFFFFFFFFFFFFFCF
:20420000FFFFFFFFFFFFFFFFFFFFFFFFFFFFFFFFFFFFFFFFFFFFFFFFFFFFFFFFFFFFFFFFBE
:20421000FFFFFFFFFFFFFFFFFFFFFFFFFFFFFFFFFFFFFFFFFFFFFFFFFFFFFFFFFFFFFFFFAE
:20422000FFFFFFFFFFFFFFFFFFFFFFFFFFFFFFFFFFFFFFFFFFFFFFFFFFFFFFFFFFFFFFFF9E
:20423000FFFFFFFFFFFFFFFFFFFFFFFFFFFFFFFFFFFFFFFFFFFFFFFFFFFFFFFFFFFFFFFF8E
:20424000FFFFFFFFFFFFFFFFFFFFFFFFFFFFFFFFFFFFFFFFFFFFFFFFFFFFFFFFFFFFFFFF7E
:20425000FFFFFFFFFFFFFFFFFFFFFFFFFFFFFFFFFFFFFFFFFFFFFFFFFFFFFFFFFFFFFFFF6E
:20426000FFFFFFFFFFFFFFFFFFFFFFFFFFFFFFFFFFFFFFFFFFFFFFFFFFFFFFFFFFFFFFFF5E
:20427000FFFFFFFFFFFFFFFFFFFFFFFFFFFFFFFFFFFFFFFFFFFFFFFFFFFFFFFFFFFFFFFF4E
:20428000FFFFFFFFFFFFFFFFFFFFFFFFFFFFFFFFFFFFFFFFFFFFFFFFFFFFFFFFFFFFFFFF3E
:20429000FFFFFFFFFFFFFFFFFFFFFFFFFFFFFFFFFFFFFFFFFFFFFFFFFFFFFFFFFFFFFFFF2E
:2042A000FFFFFFFFFFFFFFFFFFFFFFFFFFFFFFFFFFFFFFFFFFFFFFFFFFFFFFFFFFFFFFFF1E
:2042B000FFFFFFFFFFFFFFFFFFFFFFFFFFFFFFFFFFFFFFFFFFFFFFFFFFFFFFFFFFFFFFFF0E
:2042C000FFFFFFFFFFFFFFFFFFFFFFFFFFFFFFFFFFFFFFFFFFFFFFFFFFFFFFFFFFFFFFFFFE
:2042D000FFFFFFFFFFFFFFFFFFFFFFFFFFFFFFFFFFFFFFFFFFFFFFFFFFFFFFFFFFFFFFFFEE
:2042E000FFFFFFFFFFFFFFFFFFFFFFFFFFFFFFFFFFFFFFFFFFFFFFFFFFFFFFFFFFFFFFFFDE
:2042F000FFFFFFFFFFFFFFFFFFFFFFFFFFFFFFFFFFFFFFFFFFFFFFFFFFFFFFFFFFFFFFFFCE
:20430000FFFFFFFFFFFFFFFFFFFFFFFFFFFFFFFFFFFFFFFFFFFFFFFFFFFFFFFFFFFFFFFFBD
:20431000FFFFFFFFFFFFFFFFFFFFFFFFFFFFFFFFFFFFFFFFFFFFFFFFFFFFFFFFFFFFFFFFAD
:20432000FFFFFFFFFFFFFFFFFFFFFFFFFFFFFFFFFFFFFFFFFFFFFFFFFFFFFFFFFFFFFFFF9D
:20433000FFFFFFFFFFFFFFFFFFFFFFFFFFFFFFFFFFFFFFFFFFFFFFFFFFFFFFFFFFFFFFFF8D
:20434000FFFFFFFFFFFFFFFFFFFFFFFFFFFFFFFFFFFFFFFFFFFFFFFFFFFFFFFFFFFFFFFF7D
:20435000FFFFFFFFFFFFFFFFFFFFFFFFFFFFFFFFFFFFFFFFFFFFFFFFFFFFFFFFFFFFFFFF6D
:20436000FFFFFFFFFFFFFFFFFFFFFFFFFFFFFFFFFFFFFFFFFFFFFFFFFFFFFFFFFFFFFFFF5D
:20437000FFFFFFFFFFFFFFFFFFFFFFFFFFFFFFFFFFFFFFFFFFFFFFFFFFFFFFFFFFFFFFFF4D
:20438000FFFFFFFFFFFFFFFFFFFFFFFFFFFFFFFFFFFFFFFFFFFFFFFFFFFFFFFFFFFFFFFF3D
:20439000FFFFFFFFFFFFFFFFFFFFFFFFFFFFFFFFFFFFFFFFFFFFFFFFFFFFFFFFFFFFFFFF2D
:2043A000FFFFFFFFFFFFFFFFFFFFFFFFFFFFFFFFFFFFFFFFFFFFFFFFFFFFFFFFFFFFFFFF1D
:2043B000FFFFFFFFFFFFFFFFFFFFFFFFFFFFFFFFFFFFFFFFFFFFFFFFFFFFFFFFFFFFFFFF0D
:2043C000FFFFFFFFFFFFFFFFFFFFFFFFFFFFFFFFFFFFFFFFFFFFFFFFFFFFFFFFFFFFFFFFFD
:2043D000FFFFFFFFFFFFFFFFFFFFFFFFFFFFFFFFFFFFFFFFFFFFFFFFFFFFFFFFFFFFFFFFED
:2043E000FFFFFFFFFFFFFFFFFFFFFFFFFFFFFFFFFFFFFFFFFFFFFFFFFFFFFFFFFFFFFFFFDD
:2043F000FFFFFFFFFFFFFFFFFFFFFFFFFFFFFFFFFFFFFFFFFFFFFFFFFFFFFFFFFFFFFFFFCD
:20440000FFFFFFFFFFFFFFFFFFFFFFFFFFFFFFFFFFFFFFFFFFFFFFFFFFFFFFFFFFFFFFFFBC
:20441000FFFFFFFFFFFFFFFFFFFFFFFFFFFFFFFFFFFFFFFFFFFFFFFFFFFFFFFFFFFFFFFFAC
:20442000FFFFFFFFFFFFFFFFFFFFFFFFFFFFFFFFFFFFFFFFFFFFFFFFFFFFFFFFFFFFFFFF9C
:20443000FFFFFFFFFFFFFFFFFFFFFFFFFFFFFFFFFFFFFFFFFFFFFFFFFFFFFFFFFFFFFFFF8C
:20444000FFFFFFFFFFFFFFFFFFFFFFFFFFFFFFFFFFFFFFFFFFFFFFFFFFFFFFFFFFFFFFFF7C
:20445000FFFFFFFFFFFFFFFFFFFFFFFFFFFFFFFFFFFFFFFFFFFFFFFFFFFFFFFFFFFFFFFF6C
:20446000FFFFFFFFFFFFFFFFFFFFFFFFFFFFFFFFFFFFFFFFFFFFFFFFFFFFFFFFFFFFFFFF5C
:20447000FFFFFFFFFFFFFFFFFFFFFFFFFFFFFFFFFFFFFFFFFFFFFFFFFFFFFFFFFFFFFFFF4C
:20448000FFFFFFFFFFFFFFFFFFFFFFFFFFFFFFFFFFFFFFFFFFFFFFFFFFFFFFFFFFFFFFFF3C
:20449000FFFFFFFFFFFFFFFFFFFFFFFFFFFFFFFFFFFFFFFFFFFFFFFFFFFFFFFFFFFFFFFF2C
:2044A000FFFFFFFFFFFFFFFFFFFFFFFFFFFFFFFFFFFFFFFFFFFFFFFFFFFFFFFFFFFFFFFF1C
:2044B000FFFFFFFFFFFFFFFFFFFFFFFFFFFFFFFFFFFFFFFFFFFFFFFFFFFFFFFFFFFFFFFF0C
:2044C000FFFFFFFFFFFFFFFFFFFFFFFFFFFFFFFFFFFFFFFFFFFFFFFFFFFFFFFFFFFFFFFFFC
:2044D000FFFFFFFFFFFFFFFFFFFFFFFFFFFFFFFFFFFFFFFFFFFFFFFFFFFFFFFFFFFFFFFFEC
:2044E000FFFFFFFFFFFFFFFFFFFFFFFFFFFFFFFFFFFFFFFFFFFFFFFFFFFFFFFFFFFFFFFFDC
:2044F000FFFFFFFFFFFFFFFFFFFFFFFFFFFFFFFFFFFFFFFFFFFFFFFFFFFFFFFFFFFFFFFFCC
:20450000FFFFFFFFFFFFFFFFFFFFFFFFFFFFFFFFFFFFFFFFFFFFFFFFFFFFFFFFFFFFFFFFBB
:20451000FFFFFFFFFFFFFFFFFFFFFFFFFFFFFFFFFFFFFFFFFFFFFFFFFFFFFFFFFFFFFFFFAB
:20452000FFFFFFFFFFFFFFFFFFFFFFFFFFFFFFFFFFFFFFFFFFFFFFFFFFFFFFFFFFFFFFFF9B
:20453000FFFFFFFFFFFFFFFFFFFFFFFFFFFFFFFFFFFFFFFFFFFFFFFFFFFFFFFFFFFFFFFF8B
:20454000FFFFFFFFFFFFFFFFFFFFFFFFFFFFFFFFFFFFFFFFFFFFFFFFFFFFFFFFFFFFFFFF7B
:20455000FFFFFFFFFFFFFFFFFFFFFFFFFFFFFFFFFFFFFFFFFFFFFFFFFFFFFFFFFFFFFFFF6B
:20456000FFFFFFFFFFFFFFFFFFFFFFFFFFFFFFFFFFFFFFFFFFFFFFFFFFFFFFFFFFFFFFFF5B
:20457000FFFFFFFFFFFFFFFFFFFFFFFFFFFFFFFFFFFFFFFFFFFFFFFFFFFFFFFFFFFFFFFF4B
:20458000FFFFFFFFFFFFFFFFFFFFFFFFFFFFFFFFFFFFFFFFFFFFFFFFFFFFFFFFFFFFFFFF3B
:20459000FFFFFFFFFFFFFFFFFFFFFFFFFFFFFFFFFFFFFFFFFFFFFFFFFFFFFFFFFFFFFFFF2B
:2045A000FFFFFFFFFFFFFFFFFFFFFFFFFFFFFFFFFFFFFFFFFFFFFFFFFFFFFFFFFFFFFFFF1B
:2045B000FFFFFFFFFFFFFFFFFFFFFFFFFFFFFFFFFFFFFFFFFFFFFFFFFFFFFFFFFFFFFFFF0B
:2045C000FFFFFFFFFFFFFFFFFFFFFFFFFFFFFFFFFFFFFFFFFFFFFFFFFFFFFFFFFFFFFFFFFB
:2045D000FFFFFFFFFFFFFFFFFFFFFFFFFFFFFFFFFFFFFFFFFFFFFFFFFFFFFFFFFFFFFFFFEB
:2045E000FFFFFFFFFFFFFFFFFFFFFFFFFFFFFFFFFFFFFFFFFFFFFFFFFFFFFFFFFFFFFFFFDB
:2045F000FFFFFFFFFFFFFFFFFFFFFFFFFFFFFFFFFFFFFFFFFFFFFFFFFFFFFFFFFFFFFFFFCB
:20460000FFFFFFFFFFFFFFFFFFFFFFFFFFFFFFFFFFFFFFFFFFFFFFFFFFFFFFFFFFFFFFFFBA
:20461000FFFFFFFFFFFFFFFFFFFFFFFFFFFFFFFFFFFFFFFFFFFFFFFFFFFFFFFFFFFFFFFFAA
:20462000FFFFFFFFFFFFFFFFFFFFFFFFFFFFFFFFFFFFFFFFFFFFFFFFFFFFFFFFFFFFFFFF9A
:20463000FFFFFFFFFFFFFFFFFFFFFFFFFFFFFFFFFFFFFFFFFFFFFFFFFFFFFFFFFFFFFFFF8A
:20464000FFFFFFFFFFFFFFFFFFFFFFFFFFFFFFFFFFFFFFFFFFFFFFFFFFFFFFFFFFFFFFFF7A
:20465000FFFFFFFFFFFFFFFFFFFFFFFFFFFFFFFFFFFFFFFFFFFFFFFFFFFFFFFFFFFFFFFF6A
:20466000FFFFFFFFFFFFFFFFFFFFFFFFFFFFFFFFFFFFFFFFFFFFFFFFFFFFFFFFFFFFFFFF5A
:20467000FFFFFFFFFFFFFFFFFFFFFFFFFFFFFFFFFFFFFFFFFFFFFFFFFFFFFFFFFFFFFFFF4A
:20468000FFFFFFFFFFFFFFFFFFFFFFFFFFFFFFFFFFFFFFFFFFFFFFFFFFFFFFFFFFFFFFFF3A
:20469000FFFFFFFFFFFFFFFFFFFFFFFFFFFFFFFFFFFFFFFFFFFFFFFFFFFFFFFFFFFFFFFF2A
:2046A000FFFFFFFFFFFFFFFFFFFFFFFFFFFFFFFFFFFFFFFFFFFFFFFFFFFFFFFFFFFFFFFF1A
:2046B000FFFFFFFFFFFFFFFFFFFFFFFFFFFFFFFFFFFFFFFFFFFFFFFFFFFFFFFFFFFFFFFF0A
:2046C000FFFFFFFFFFFFFFFFFFFFFFFFFFFFFFFFFFFFFFFFFFFFFFFFFFFFFFFFFFFFFFFFFA
:2046D000FFFFFFFFFFFFFFFFFFFFFFFFFFFFFFFFFFFFFFFFFFFFFFFFFFFFFFFFFFFFFFFFEA
:2046E000FFFFFFFFFFFFFFFFFFFFFFFFFFFFFFFFFFFFFFFFFFFFFFFFFFFFFFFFFFFFFFFFDA
:2046F000FFFFFFFFFFFFFFFFFFFFFFFFFFFFFFFFFFFFFFFFFFFFFFFFFFFFFFFFFFFFFFFFCA
:20470000FFFFFFFFFFFFFFFFFFFFFFFFFFFFFFFFFFFFFFFFFFFFFFFFFFFFFFFFFFFFFFFFB9
:20471000FFFFFFFFFFFFFFFFFFFFFFFFFFFFFFFFFFFFFFFFFFFFFFFFFFFFFFFFFFFFFFFFA9
:20472000FFFFFFFFFFFFFFFFFFFFFFFFFFFFFFFFFFFFFFFFFFFFFFFFFFFFFFFFFFFFFFFF99
:20473000FFFFFFFFFFFFFFFFFFFFFFFFFFFFFFFFFFFFFFFFFFFFFFFFFFFFFFFFFFFFFFFF89
:20474000FFFFFFFFFFFFFFFFFFFFFFFFFFFFFFFFFFFFFFFFFFFFFFFFFFFFFFFFFFFFFFFF79
:20475000FFFFFFFFFFFFFFFFFFFFFFFFFFFFFFFFFFFFFFFFFFFFFFFFFFFFFFFFFFFFFFFF69
:20476000FFFFFFFFFFFFFFFFFFFFFFFFFFFFFFFFFFFFFFFFFFFFFFFFFFFFFFFFFFFFFFFF59
:20477000FFFFFFFFFFFFFFFFFFFFFFFFFFFFFFFFFFFFFFFFFFFFFFFFFFFFFFFFFFFFFFFF49
:20478000FFFFFFFFFFFFFFFFFFFFFFFFFFFFFFFFFFFFFFFFFFFFFFFFFFFFFFFFFFFFFFFF39
:20479000FFFFFFFFFFFFFFFFFFFFFFFFFFFFFFFFFFFFFFFFFFFFFFFFFFFFFFFFFFFFFFFF29
:2047A000FFFFFFFFFFFFFFFFFFFFFFFFFFFFFFFFFFFFFFFFFFFFFFFFFFFFFFFFFFFFFFFF19
:2047B000FFFFFFFFFFFFFFFFFFFFFFFFFFFFFFFFFFFFFFFFFFFFFFFFFFFFFFFFFFFFFFFF09
:2047C000FFFFFFFFFFFFFFFFFFFFFFFFFFFFFFFFFFFFFFFFFFFFFFFFFFFFFFFFFFFFFFFFF9
:2047D000FFFFFFFFFFFFFFFFFFFFFFFFFFFFFFFFFFFFFFFFFFFFFFFFFFFFFFFFFFFFFFFFE9
:2047E000FFFFFFFFFFFFFFFFFFFFFFFFFFFFFFFFFFFFFFFFFFFFFFFFFFFFFFFFFFFFFFFFD9
:2047F000FFFFFFFFFFFFFFFFFFFFFFFFFFFFFFFFFFFFFFFFFFFFFFFFFFFFFFFFFFFFFFFFC9
:20480000FFFFFFFFFFFFFFFFFFFFFFFFFFFFFFFFFFFFFFFFFFFFFFFFFFFFFFFFFFFFFFFFB8
:20481000FFFFFFFFFFFFFFFFFFFFFFFFFFFFFFFFFFFFFFFFFFFFFFFFFFFFFFFFFFFFFFFFA8
:20482000FFFFFFFFFFFFFFFFFFFFFFFFFFFFFFFFFFFFFFFFFFFFFFFFFFFFFFFFFFFFFFFF98
:20483000FFFFFFFFFFFFFFFFFFFFFFFFFFFFFFFFFFFFFFFFFFFFFFFFFFFFFFFFFFFFFFFF88
:20484000FFFFFFFFFFFFFFFFFFFFFFFFFFFFFFFFFFFFFFFFFFFFFFFFFFFFFFFFFFFFFFFF78
:20485000FFFFFFFFFFFFFFFFFFFFFFFFFFFFFFFFFFFFFFFFFFFFFFFFFFFFFFFFFFFFFFFF68
:20486000FFFFFFFFFFFFFFFFFFFFFFFFFFFFFFFFFFFFFFFFFFFFFFFFFFFFFFFFFFFFFFFF58
:20487000FFFFFFFFFFFFFFFFFFFFFFFFFFFFFFFFFFFFFFFFFFFFFFFFFFFFFFFFFFFFFFFF48
:20488000FFFFFFFFFFFFFFFFFFFFFFFFFFFFFFFFFFFFFFFFFFFFFFFFFFFFFFFFFFFFFFFF38
:20489000FFFFFFFFFFFFFFFFFFFFFFFFFFFFFFFFFFFFFFFFFFFFFFFFFFFFFFFFFFFFFFFF28
:2048A000FFFFFFFFFFFFFFFFFFFFFFFFFFFFFFFFFFFFFFFFFFFFFFFFFFFFFFFFFFFFFFFF18
:2048B000FFFFFFFFFFFFFFFFFFFFFFFFFFFFFFFFFFFFFFFFFFFFFFFFFFFFFFFFFFFFFFFF08
:2048C000FFFFFFFFFFFFFFFFFFFFFFFFFFFFFFFFFFFFFFFFFFFFFFFFFFFFFFFFFFFFFFFFF8
:2048D000FFFFFFFFFFFFFFFFFFFFFFFFFFFFFFFFFFFFFFFFFFFFFFFFFFFFFFFFFFFFFFFFE8
:2048E000FFFFFFFFFFFFFFFFFFFFFFFFFFFFFFFFFFFFFFFFFFFFFFFFFFFFFFFFFFFFFFFFD8
:2048F000FFFFFFFFFFFFFFFFFFFFFFFFFFFFFFFFFFFFFFFFFFFFFFFFFFFFFFFFFFFFFFFFC8
:20490000FFFFFFFFFFFFFFFFFFFFFFFFFFFFFFFFFFFFFFFFFFFFFFFFFFFFFFFFFFFFFFFFB7
:20491000FFFFFFFFFFFFFFFFFFFFFFFFFFFFFFFFFFFFFFFFFFFFFFFFFFFFFFFFFFFFFFFFA7
:20492000FFFFFFFFFFFFFFFFFFFFFFFFFFFFFFFFFFFFFFFFFFFFFFFFFFFFFFFFFFFFFFFF97
:20493000FFFFFFFFFFFFFFFFFFFFFFFFFFFFFFFFFFFFFFFFFFFFFFFFFFFFFFFFFFFFFFFF87
:20494000FFFFFFFFFFFFFFFFFFFFFFFFFFFFFFFFFFFFFFFFFFFFFFFFFFFFFFFFFFFFFFFF77
:20495000FFFFFFFFFFFFFFFFFFFFFFFFFFFFFFFFFFFFFFFFFFFFFFFFFFFFFFFFFFFFFFFF67
:20496000FFFFFFFFFFFFFFFFFFFFFFFFFFFFFFFFFFFFFFFFFFFFFFFFFFFFFFFFFFFFFFFF57
:20497000FFFFFFFFFFFFFFFFFFFFFFFFFFFFFFFFFFFFFFFFFFFFFFFFFFFFFFFFFFFFFFFF47
:20498000FFFFFFFFFFFFFFFFFFFFFFFFFFFFFFFFFFFFFFFFFFFFFFFFFFFFFFFFFFFFFFFF37
:20499000FFFFFFFFFFFFFFFFFFFFFFFFFFFFFFFFFFFFFFFFFFFFFFFFFFFFFFFFFFFFFFFF27
:2049A000FFFFFFFFFFFFFFFFFFFFFFFFFFFFFFFFFFFFFFFFFFFFFFFFFFFFFFFFFFFFFFFF17
:2049B000FFFFFFFFFFFFFFFFFFFFFFFFFFFFFFFFFFFFFFFFFFFFFFFFFFFFFFFFFFFFFFFF07
:2049C000FFFFFFFFFFFFFFFFFFFFFFFFFFFFFFFFFFFFFFFFFFFFFFFFFFFFFFFFFFFFFFFFF7
:2049D000FFFFFFFFFFFFFFFFFFFFFFFFFFFFFFFFFFFFFFFFFFFFFFFFFFFFFFFFFFFFFFFFE7
:2049E000FFFFFFFFFFFFFFFFFFFFFFFFFFFFFFFFFFFFFFFFFFFFFFFFFFFFFFFFFFFFFFFFD7
:2049F000FFFFFFFFFFFFFFFFFFFFFFFFFFFFFFFFFFFFFFFFFFFFFFFFFFFFFFFFFFFFFFFFC7
:204A0000FFFFFFFFFFFFFFFFFFFFFFFFFFFFFFFFFFFFFFFFFFFFFFFFFFFFFFFFFFFFFFFFB6
:204A1000FFFFFFFFFFFFFFFFFFFFFFFFFFFFFFFFFFFFFFFFFFFFFFFFFFFFFFFFFFFFFFFFA6
:204A2000FFFFFFFFFFFFFFFFFFFFFFFFFFFFFFFFFFFFFFFFFFFFFFFFFFFFFFFFFFFFFFFF96
:204A3000FFFFFFFFFFFFFFFFFFFFFFFFFFFFFFFFFFFFFFFFFFFFFFFFFFFFFFFFFFFFFFFF86
:204A4000FFFFFFFFFFFFFFFFFFFFFFFFFFFFFFFFFFFFFFFFFFFFFFFFFFFFFFFFFFFFFFFF76
:204A5000FFFFFFFFFFFFFFFFFFFFFFFFFFFFFFFFFFFFFFFFFFFFFFFFFFFFFFFFFFFFFFFF66
:204A6000FFFFFFFFFFFFFFFFFFFFFFFFFFFFFFFFFFFFFFFFFFFFFFFFFFFFFFFFFFFFFFFF56
:204A7000FFFFFFFFFFFFFFFFFFFFFFFFFFFFFFFFFFFFFFFFFFFFFFFFFFFFFFFFFFFFFFFF46
:204A8000FFFFFFFFFFFFFFFFFFFFFFFFFFFFFFFFFFFFFFFFFFFFFFFFFFFFFFFFFFFFFFFF36
:204A9000FFFFFFFFFFFFFFFFFFFFFFFFFFFFFFFFFFFFFFFFFFFFFFFFFFFFFFFFFFFFFFFF26
:204AA000FFFFFFFFFFFFFFFFFFFFFFFFFFFFFFFFFFFFFFFFFFFFFFFFFFFFFFFFFFFFFFFF16
:204AB000FFFFFFFFFFFFFFFFFFFFFFFFFFFFFFFFFFFFFFFFFFFFFFFFFFFFFFFFFFFFFFFF06
:204AC000FFFFFFFFFFFFFFFFFFFFFFFFFFFFFFFFFFFFFFFFFFFFFFFFFFFFFFFFFFFFFFFFF6
:204AD000FFFFFFFFFFFFFFFFFFFFFFFFFFFFFFFFFFFFFFFFFFFFFFFFFFFFFFFFFFFFFFFFE6
:204AE000FFFFFFFFFFFFFFFFFFFFFFFFFFFFFFFFFFFFFFFFFFFFFFFFFFFFFFFFFFFFFFFFD6
:204AF000FFFFFFFFFFFFFFFFFFFFFFFFFFFFFFFFFFFFFFFFFFFFFFFFFFFFFFFFFFFFFFFFC6
:204B0000FFFFFFFFFFFFFFFFFFFFFFFFFFFFFFFFFFFFFFFFFFFFFFFFFFFFFFFFFFFFFFFFB5
:204B1000FFFFFFFFFFFFFFFFFFFFFFFFFFFFFFFFFFFFFFFFFFFFFFFFFFFFFFFFFFFFFFFFA5
:204B2000FFFFFFFFFFFFFFFFFFFFFFFFFFFFFFFFFFFFFFFFFFFFFFFFFFFFFFFFFFFFFFFF95
:204B3000FFFFFFFFFFFFFFFFFFFFFFFFFFFFFFFFFFFFFFFFFFFFFFFFFFFFFFFFFFFFFFFF85
:204B4000FFFFFFFFFFFFFFFFFFFFFFFFFFFFFFFFFFFFFFFFFFFFFFFFFFFFFFFFFFFFFFFF75
:204B5000FFFFFFFFFFFFFFFFFFFFFFFFFFFFFFFFFFFFFFFFFFFFFFFFFFFFFFFFFFFFFFFF65
:204B6000FFFFFFFFFFFFFFFFFFFFFFFFFFFFFFFFFFFFFFFFFFFFFFFFFFFFFFFFFFFFFFFF55
:204B7000FFFFFFFFFFFFFFFFFFFFFFFFFFFFFFFFFFFFFFFFFFFFFFFFFFFFFFFFFFFFFFFF45
:204B8000FFFFFFFFFFFFFFFFFFFFFFFFFFFFFFFFFFFFFFFFFFFFFFFFFFFFFFFFFFFFFFFF35
:204B9000FFFFFFFFFFFFFFFFFFFFFFFFFFFFFFFFFFFFFFFFFFFFFFFFFFFFFFFFFFFFFFFF25
:204BA000FFFFFFFFFFFFFFFFFFFFFFFFFFFFFFFFFFFFFFFFFFFFFFFFFFFFFFFFFFFFFFFF15
:204BB000FFFFFFFFFFFFFFFFFFFFFFFFFFFFFFFFFFFFFFFFFFFFFFFFFFFFFFFFFFFFFFFF05
:204BC000FFFFFFFFFFFFFFFFFFFFFFFFFFFFFFFFFFFFFFFFFFFFFFFFFFFFFFFFFFFFFFFFF5
:204BD000FFFFFFFFFFFFFFFFFFFFFFFFFFFFFFFFFFFFFFFFFFFFFFFFFFFFFFFFFFFFFFFFE5
:204BE000FFFFFFFFFFFFFFFFFFFFFFFFFFFFFFFFFFFFFFFFFFFFFFFFFFFFFFFFFFFFFFFFD5
:204BF000FFFFFFFFFFFFFFFFFFFFFFFFFFFFFFFFFFFFFFFFFFFFFFFFFFFFFFFFFFFFFFFFC5
:204C0000FFFFFFFFFFFFFFFFFFFFFFFFFFFFFFFFFFFFFFFFFFFFFFFFFFFFFFFFFFFFFFFFB4
:204C1000FFFFFFFFFFFFFFFFFFFFFFFFFFFFFFFFFFFFFFFFFFFFFFFFFFFFFFFFFFFFFFFFA4
:204C2000FFFFFFFFFFFFFFFFFFFFFFFFFFFFFFFFFFFFFFFFFFFFFFFFFFFFFFFFFFFFFFFF94
:204C3000FFFFFFFFFFFFFFFFFFFFFFFFFFFFFFFFFFFFFFFFFFFFFFFFFFFFFFFFFFFFFFFF84
:204C4000FFFFFFFFFFFFFFFFFFFFFFFFFFFFFFFFFFFFFFFFFFFFFFFFFFFFFFFFFFFFFFFF74
:204C5000FFFFFFFFFFFFFFFFFFFFFFFFFFFFFFFFFFFFFFFFFFFFFFFFFFFFFFFFFFFFFFFF64
:204C6000FFFFFFFFFFFFFFFFFFFFFFFFFFFFFFFFFFFFFFFFFFFFFFFFFFFFFFFFFFFFFFFF54
:204C7000FFFFFFFFFFFFFFFFFFFFFFFFFFFFFFFFFFFFFFFFFFFFFFFFFFFFFFFFFFFFFFFF44
:204C8000FFFFFFFFFFFFFFFFFFFFFFFFFFFFFFFFFFFFFFFFFFFFFFFFFFFFFFFFFFFFFFFF34
:204C9000FFFFFFFFFFFFFFFFFFFFFFFFFFFFFFFFFFFFFFFFFFFFFFFFFFFFFFFFFFFFFFFF24
:204CA000FFFFFFFFFFFFFFFFFFFFFFFFFFFFFFFFFFFFFFFFFFFFFFFFFFFFFFFFFFFFFFFF14
:204CB000FFFFFFFFFFFFFFFFFFFFFFFFFFFFFFFFFFFFFFFFFFFFFFFFFFFFFFFFFFFFFFFF04
:204CC000FFFFFFFFFFFFFFFFFFFFFFFFFFFFFFFFFFFFFFFFFFFFFFFFFFFFFFFFFFFFFFFFF4
:204CD000FFFFFFFFFFFFFFFFFFFFFFFFFFFFFFFFFFFFFFFFFFFFFFFFFFFFFFFFFFFFFFFFE4
:204CE000FFFFFFFFFFFFFFFFFFFFFFFFFFFFFFFFFFFFFFFFFFFFFFFFFFFFFFFFFFFFFFFFD4
:204CF000FFFFFFFFFFFFFFFFFFFFFFFFFFFFFFFFFFFFFFFFFFFFFFFFFFFFFFFFFFFFFFFFC4
:204D0000FFFFFFFFFFFFFFFFFFFFFFFFFFFFFFFFFFFFFFFFFFFFFFFFFFFFFFFFFFFFFFFFB3
:204D1000FFFFFFFFFFFFFFFFFFFFFFFFFFFFFFFFFFFFFFFFFFFFFFFFFFFFFFFFFFFFFFFFA3
:204D2000FFFFFFFFFFFFFFFFFFFFFFFFFFFFFFFFFFFFFFFFFFFFFFFFFFFFFFFFFFFFFFFF93
:204D3000FFFFFFFFFFFFFFFFFFFFFFFFFFFFFFFFFFFFFFFFFFFFFFFFFFFFFFFFFFFFFFFF83
:204D4000FFFFFFFFFFFFFFFFFFFFFFFFFFFFFFFFFFFFFFFFFFFFFFFFFFFFFFFFFFFFFFFF73
:204D5000FFFFFFFFFFFFFFFFFFFFFFFFFFFFFFFFFFFFFFFFFFFFFFFFFFFFFFFFFFFFFFFF63
:204D6000FFFFFFFFFFFFFFFFFFFFFFFFFFFFFFFFFFFFFFFFFFFFFFFFFFFFFFFFFFFFFFFF53
:204D7000FFFFFFFFFFFFFFFFFFFFFFFFFFFFFFFFFFFFFFFFFFFFFFFFFFFFFFFFFFFFFFFF43
:204D8000FFFFFFFFFFFFFFFFFFFFFFFFFFFFFFFFFFFFFFFFFFFFFFFFFFFFFFFFFFFFFFFF33
:204D9000FFFFFFFFFFFFFFFFFFFFFFFFFFFFFFFFFFFFFFFFFFFFFFFFFFFFFFFFFFFFFFFF23
:204DA000FFFFFFFFFFFFFFFFFFFFFFFFFFFFFFFFFFFFFFFFFFFFFFFFFFFFFFFFFFFFFFFF13
:204DB000FFFFFFFFFFFFFFFFFFFFFFFFFFFFFFFFFFFFFFFFFFFFFFFFFFFFFFFFFFFFFFFF03
:204DC000FFFFFFFFFFFFFFFFFFFFFFFFFFFFFFFFFFFFFFFFFFFFFFFFFFFFFFFFFFFFFFFFF3
:204DD000FFFFFFFFFFFFFFFFFFFFFFFFFFFFFFFFFFFFFFFFFFFFFFFFFFFFFFFFFFFFFFFFE3
:204DE000FFFFFFFFFFFFFFFFFFFFFFFFFFFFFFFFFFFFFFFFFFFFFFFFFFFFFFFFFFFFFFFFD3
:204DF000FFFFFFFFFFFFFFFFFFFFFFFFFFFFFFFFFFFFFFFFFFFFFFFFFFFFFFFFFFFFFFFFC3
:204E0000FFFFFFFFFFFFFFFFFFFFFFFFFFFFFFFFFFFFFFFFFFFFFFFFFFFFFFFFFFFFFFFFB2
:204E1000FFFFFFFFFFFFFFFFFFFFFFFFFFFFFFFFFFFFFFFFFFFFFFFFFFFFFFFFFFFFFFFFA2
:204E2000FFFFFFFFFFFFFFFFFFFFFFFFFFFFFFFFFFFFFFFFFFFFFFFFFFFFFFFFFFFFFFFF92
:204E3000FFFFFFFFFFFFFFFFFFFFFFFFFFFFFFFFFFFFFFFFFFFFFFFFFFFFFFFFFFFFFFFF82
:204E4000FFFFFFFFFFFFFFFFFFFFFFFFFFFFFFFFFFFFFFFFFFFFFFFFFFFFFFFFFFFFFFFF72
:204E5000FFFFFFFFFFFFFFFFFFFFFFFFFFFFFFFFFFFFFFFFFFFFFFFFFFFFFFFFFFFFFFFF62
:204E6000FFFFFFFFFFFFFFFFFFFFFFFFFFFFFFFFFFFFFFFFFFFFFFFFFFFFFFFFFFFFFFFF52
:204E7000FFFFFFFFFFFFFFFFFFFFFFFFFFFFFFFFFFFFFFFFFFFFFFFFFFFFFFFFFFFFFFFF42
:204E8000FFFFFFFFFFFFFFFFFFFFFFFFFFFFFFFFFFFFFFFFFFFFFFFFFFFFFFFFFFFFFFFF32
:204E9000FFFFFFFFFFFFFFFFFFFFFFFFFFFFFFFFFFFFFFFFFFFFFFFFFFFFFFFFFFFFFFFF22
:204EA000FFFFFFFFFFFFFFFFFFFFFFFFFFFFFFFFFFFFFFFFFFFFFFFFFFFFFFFFFFFFFFFF12
:204EB000FFFFFFFFFFFFFFFFFFFFFFFFFFFFFFFFFFFFFFFFFFFFFFFFFFFFFFFFFFFFFFFF02
:204EC000FFFFFFFFFFFFFFFFFFFFFFFFFFFFFFFFFFFFFFFFFFFFFFFFFFFFFFFFFFFFFFFFF2
:204ED000FFFFFFFFFFFFFFFFFFFFFFFFFFFFFFFFFFFFFFFFFFFFFFFFFFFFFFFFFFFFFFFFE2
:204EE000FFFFFFFFFFFFFFFFFFFFFFFFFFFFFFFFFFFFFFFFFFFFFFFFFFFFFFFFFFFFFFFFD2
:204EF000FFFFFFFFFFFFFFFFFFFFFFFFFFFFFFFFFFFFFFFFFFFFFFFFFFFFFFFFFFFFFFFFC2
:204F0000FFFFFFFFFFFFFFFFFFFFFFFFFFFFFFFFFFFFFFFFFFFFFFFFFFFFFFFFFFFFFFFFB1
:204F1000FFFFFFFFFFFFFFFFFFFFFFFFFFFFFFFFFFFFFFFFFFFFFFFFFFFFFFFFFFFFFFFFA1
:204F2000FFFFFFFFFFFFFFFFFFFFFFFFFFFFFFFFFFFFFFFFFFFFFFFFFFFFFFFFFFFFFFFF91
:204F3000FFFFFFFFFFFFFFFFFFFFFFFFFFFFFFFFFFFFFFFFFFFFFFFFFFFFFFFFFFFFFFFF81
:204F4000FFFFFFFFFFFFFFFFFFFFFFFFFFFFFFFFFFFFFFFFFFFFFFFFFFFFFFFFFFFFFFFF71
:204F5000FFFFFFFFFFFFFFFFFFFFFFFFFFFFFFFFFFFFFFFFFFFFFFFFFFFFFFFFFFFFFFFF61
:204F6000FFFFFFFFFFFFFFFFFFFFFFFFFFFFFFFFFFFFFFFFFFFFFFFFFFFFFFFFFFFFFFFF51
:204F7000FFFFFFFFFFFFFFFFFFFFFFFFFFFFFFFFFFFFFFFFFFFFFFFFFFFFFFFFFFFFFFFF41
:204F8000FFFFFFFFFFFFFFFFFFFFFFFFFFFFFFFFFFFFFFFFFFFFFFFFFFFFFFFFFFFFFFFF31
:204F9000FFFFFFFFFFFFFFFFFFFFFFFFFFFFFFFFFFFFFFFFFFFFFFFFFFFFFFFFFFFFFFFF21
:204FA000FFFFFFFFFFFFFFFFFFFFFFFFFFFFFFFFFFFFFFFFFFFFFFFFFFFFFFFFFFFFFFFF11
:204FB000FFFFFFFFFFFFFFFFFFFFFFFFFFFFFFFFFFFFFFFFFFFFFFFFFFFFFFFFFFFFFFFF01
:204FC000FFFFFFFFFFFFFFFFFFFFFFFFFFFFFFFFFFFFFFFFFFFFFFFFFFFFFFFFFFFFFFFFF1
:204FD000FFFFFFFFFFFFFFFFFFFFFFFFFFFFFFFFFFFFFFFFFFFFFFFFFFFFFFFFFFFFFFFFE1
:204FE000FFFFFFFFFFFFFFFFFFFFFFFFFFFFFFFFFFFFFFFFFFFFFFFFFFFFFFFFFFFFFFFFD1
:204FF000FFFFFFFFFFFFFFFFFFFFFFFFFFFFFFFFFFFFFFFFFFFFFFFFFFFFFFFFFFFFFFFFC1
:20500000FFFFFFFFFFFFFFFFFFFFFFFFFFFFFFFFFFFFFFFFFFFFFFFFFFFFFFFFFFFFFFFFB0
:20501000FFFFFFFFFFFFFFFFFFFFFFFFFFFFFFFFFFFFFFFFFFFFFFFFFFFFFFFFFFFFFFFFA0
:20502000FFFFFFFFFFFFFFFFFFFFFFFFFFFFFFFFFFFFFFFFFFFFFFFFFFFFFFFFFFFFFFFF90
:20503000FFFFFFFFFFFFFFFFFFFFFFFFFFFFFFFFFFFFFFFFFFFFFFFFFFFFFFFFFFFFFFFF80
:20504000FFFFFFFFFFFFFFFFFFFFFFFFFFFFFFFFFFFFFFFFFFFFFFFFFFFFFFFFFFFFFFFF70
:20505000FFFFFFFFFFFFFFFFFFFFFFFFFFFFFFFFFFFFFFFFFFFFFFFFFFFFFFFFFFFFFFFF60
:20506000FFFFFFFFFFFFFFFFFFFFFFFFFFFFFFFFFFFFFFFFFFFFFFFFFFFFFFFFFFFFFFFF50
:20507000FFFFFFFFFFFFFFFFFFFFFFFFFFFFFFFFFFFFFFFFFFFFFFFFFFFFFFFFFFFFFFFF40
:20508000FFFFFFFFFFFFFFFFFFFFFFFFFFFFFFFFFFFFFFFFFFFFFFFFFFFFFFFFFFFFFFFF30
:20509000FFFFFFFFFFFFFFFFFFFFFFFFFFFFFFFFFFFFFFFFFFFFFFFFFFFFFFFFFFFFFFFF20
:2050A000FFFFFFFFFFFFFFFFFFFFFFFFFFFFFFFFFFFFFFFFFFFFFFFFFFFFFFFFFFFFFFFF10
:2050B000FFFFFFFFFFFFFFFFFFFFFFFFFFFFFFFFFFFFFFFFFFFFFFFFFFFFFFFFFFFFFFFF00
:2050C000FFFFFFFFFFFFFFFFFFFFFFFFFFFFFFFFFFFFFFFFFFFFFFFFFFFFFFFFFFFFFFFFF0
:2050D000FFFFFFFFFFFFFFFFFFFFFFFFFFFFFFFFFFFFFFFFFFFFFFFFFFFFFFFFFFFFFFFFE0
:2050E000FFFFFFFFFFFFFFFFFFFFFFFFFFFFFFFFFFFFFFFFFFFFFFFFFFFFFFFFFFFFFFFFD0
:2050F000FFFFFFFFFFFFFFFFFFFFFFFFFFFFFFFFFFFFFFFFFFFFFFFFFFFFFFFFFFFFFFFFC0
:20510000FFFFFFFFFFFFFFFFFFFFFFFFFFFFFFFFFFFFFFFFFFFFFFFFFFFFFFFFFFFFFFFFAF
:20511000FFFFFFFFFFFFFFFFFFFFFFFFFFFFFFFFFFFFFFFFFFFFFFFFFFFFFFFFFFFFFFFF9F
:20512000FFFFFFFFFFFFFFFFFFFFFFFFFFFFFFFFFFFFFFFFFFFFFFFFFFFFFFFFFFFFFFFF8F
:20513000FFFFFFFFFFFFFFFFFFFFFFFFFFFFFFFFFFFFFFFFFFFFFFFFFFFFFFFFFFFFFFFF7F
:20514000FFFFFFFFFFFFFFFFFFFFFFFFFFFFFFFFFFFFFFFFFFFFFFFFFFFFFFFFFFFFFFFF6F
:20515000FFFFFFFFFFFFFFFFFFFFFFFFFFFFFFFFFFFFFFFFFFFFFFFFFFFFFFFFFFFFFFFF5F
:20516000FFFFFFFFFFFFFFFFFFFFFFFFFFFFFFFFFFFFFFFFFFFFFFFFFFFFFFFFFFFFFFFF4F
:20517000FFFFFFFFFFFFFFFFFFFFFFFFFFFFFFFFFFFFFFFFFFFFFFFFFFFFFFFFFFFFFFFF3F
:20518000FFFFFFFFFFFFFFFFFFFFFFFFFFFFFFFFFFFFFFFFFFFFFFFFFFFFFFFFFFFFFFFF2F
:20519000FFFFFFFFFFFFFFFFFFFFFFFFFFFFFFFFFFFFFFFFFFFFFFFFFFFFFFFFFFFFFFFF1F
:2051A000FFFFFFFFFFFFFFFFFFFFFFFFFFFFFFFFFFFFFFFFFFFFFFFFFFFFFFFFFFFFFFFF0F
:2051B000FFFFFFFFFFFFFFFFFFFFFFFFFFFFFFFFFFFFFFFFFFFFFFFFFFFFFFFFFFFFFFFFFF
:2051C000FFFFFFFFFFFFFFFFFFFFFFFFFFFFFFFFFFFFFFFFFFFFFFFFFFFFFFFFFFFFFFFFEF
:2051D000FFFFFFFFFFFFFFFFFFFFFFFFFFFFFFFFFFFFFFFFFFFFFFFFFFFFFFFFFFFFFFFFDF
:2051E000FFFFFFFFFFFFFFFFFFFFFFFFFFFFFFFFFFFFFFFFFFFFFFFFFFFFFFFFFFFFFFFFCF
:2051F000FFFFFFFFFFFFFFFFFFFFFFFFFFFFFFFFFFFFFFFFFFFFFFFFFFFFFFFFFFFFFFFFBF
:20520000FFFFFFFFFFFFFFFFFFFFFFFFFFFFFFFFFFFFFFFFFFFFFFFFFFFFFFFFFFFFFFFFAE
:20521000FFFFFFFFFFFFFFFFFFFFFFFFFFFFFFFFFFFFFFFFFFFFFFFFFFFFFFFFFFFFFFFF9E
:20522000FFFFFFFFFFFFFFFFFFFFFFFFFFFFFFFFFFFFFFFFFFFFFFFFFFFFFFFFFFFFFFFF8E
:20523000FFFFFFFFFFFFFFFFFFFFFFFFFFFFFFFFFFFFFFFFFFFFFFFFFFFFFFFFFFFFFFFF7E
:20524000FFFFFFFFFFFFFFFFFFFFFFFFFFFFFFFFFFFFFFFFFFFFFFFFFFFFFFFFFFFFFFFF6E
:20525000FFFFFFFFFFFFFFFFFFFFFFFFFFFFFFFFFFFFFFFFFFFFFFFFFFFFFFFFFFFFFFFF5E
:20526000FFFFFFFFFFFFFFFFFFFFFFFFFFFFFFFFFFFFFFFFFFFFFFFFFFFFFFFFFFFFFFFF4E
:20527000FFFFFFFFFFFFFFFFFFFFFFFFFFFFFFFFFFFFFFFFFFFFFFFFFFFFFFFFFFFFFFFF3E
:20528000FFFFFFFFFFFFFFFFFFFFFFFFFFFFFFFFFFFFFFFFFFFFFFFFFFFFFFFFFFFFFFFF2E
:20529000FFFFFFFFFFFFFFFFFFFFFFFFFFFFFFFFFFFFFFFFFFFFFFFFFFFFFFFFFFFFFFFF1E
:2052A000FFFFFFFFFFFFFFFFFFFFFFFFFFFFFFFFFFFFFFFFFFFFFFFFFFFFFFFFFFFFFFFF0E
:2052B000FFFFFFFFFFFFFFFFFFFFFFFFFFFFFFFFFFFFFFFFFFFFFFFFFFFFFFFFFFFFFFFFFE
:2052C000FFFFFFFFFFFFFFFFFFFFFFFFFFFFFFFFFFFFFFFFFFFFFFFFFFFFFFFFFFFFFFFFEE
:2052D000FFFFFFFFFFFFFFFFFFFFFFFFFFFFFFFFFFFFFFFFFFFFFFFFFFFFFFFFFFFFFFFFDE
:2052E000FFFFFFFFFFFFFFFFFFFFFFFFFFFFFFFFFFFFFFFFFFFFFFFFFFFFFFFFFFFFFFFFCE
:2052F000FFFFFFFFFFFFFFFFFFFFFFFFFFFFFFFFFFFFFFFFFFFFFFFFFFFFFFFFFFFFFFFFBE
:20530000FFFFFFFFFFFFFFFFFFFFFFFFFFFFFFFFFFFFFFFFFFFFFFFFFFFFFFFFFFFFFFFFAD
:20531000FFFFFFFFFFFFFFFFFFFFFFFFFFFFFFFFFFFFFFFFFFFFFFFFFFFFFFFFFFFFFFFF9D
:20532000FFFFFFFFFFFFFFFFFFFFFFFFFFFFFFFFFFFFFFFFFFFFFFFFFFFFFFFFFFFFFFFF8D
:20533000FFFFFFFFFFFFFFFFFFFFFFFFFFFFFFFFFFFFFFFFFFFFFFFFFFFFFFFFFFFFFFFF7D
:20534000FFFFFFFFFFFFFFFFFFFFFFFFFFFFFFFFFFFFFFFFFFFFFFFFFFFFFFFFFFFFFFFF6D
:20535000FFFFFFFFFFFFFFFFFFFFFFFFFFFFFFFFFFFFFFFFFFFFFFFFFFFFFFFFFFFFFFFF5D
:20536000FFFFFFFFFFFFFFFFFFFFFFFFFFFFFFFFFFFFFFFFFFFFFFFFFFFFFFFFFFFFFFFF4D
:20537000FFFFFFFFFFFFFFFFFFFFFFFFFFFFFFFFFFFFFFFFFFFFFFFFFFFFFFFFFFFFFFFF3D
:20538000FFFFFFFFFFFFFFFFFFFFFFFFFFFFFFFFFFFFFFFFFFFFFFFFFFFFFFFFFFFFFFFF2D
:20539000FFFFFFFFFFFFFFFFFFFFFFFFFFFFFFFFFFFFFFFFFFFFFFFFFFFFFFFFFFFFFFFF1D
:2053A000FFFFFFFFFFFFFFFFFFFFFFFFFFFFFFFFFFFFFFFFFFFFFFFFFFFFFFFFFFFFFFFF0D
:2053B000FFFFFFFFFFFFFFFFFFFFFFFFFFFFFFFFFFFFFFFFFFFFFFFFFFFFFFFFFFFFFFFFFD
:2053C000FFFFFFFFFFFFFFFFFFFFFFFFFFFFFFFFFFFFFFFFFFFFFFFFFFFFFFFFFFFFFFFFED
:2053D000FFFFFFFFFFFFFFFFFFFFFFFFFFFFFFFFFFFFFFFFFFFFFFFFFFFFFFFFFFFFFFFFDD
:2053E000FFFFFFFFFFFFFFFFFFFFFFFFFFFFFFFFFFFFFFFFFFFFFFFFFFFFFFFFFFFFFFFFCD
:2053F000FFFFFFFFFFFFFFFFFFFFFFFFFFFFFFFFFFFFFFFFFFFFFFFFFFFFFFFFFFFFFFFFBD
:20540000FFFFFFFFFFFFFFFFFFFFFFFFFFFFFFFFFFFFFFFFFFFFFFFFFFFFFFFFFFFFFFFFAC
:20541000FFFFFFFFFFFFFFFFFFFFFFFFFFFFFFFFFFFFFFFFFFFFFFFFFFFFFFFFFFFFFFFF9C
:20542000FFFFFFFFFFFFFFFFFFFFFFFFFFFFFFFFFFFFFFFFFFFFFFFFFFFFFFFFFFFFFFFF8C
:20543000FFFFFFFFFFFFFFFFFFFFFFFFFFFFFFFFFFFFFFFFFFFFFFFFFFFFFFFFFFFFFFFF7C
:20544000FFFFFFFFFFFFFFFFFFFFFFFFFFFFFFFFFFFFFFFFFFFFFFFFFFFFFFFFFFFFFFFF6C
:20545000FFFFFFFFFFFFFFFFFFFFFFFFFFFFFFFFFFFFFFFFFFFFFFFFFFFFFFFFFFFFFFFF5C
:20546000FFFFFFFFFFFFFFFFFFFFFFFFFFFFFFFFFFFFFFFFFFFFFFFFFFFFFFFFFFFFFFFF4C
:20547000FFFFFFFFFFFFFFFFFFFFFFFFFFFFFFFFFFFFFFFFFFFFFFFFFFFFFFFFFFFFFFFF3C
:20548000FFFFFFFFFFFFFFFFFFFFFFFFFFFFFFFFFFFFFFFFFFFFFFFFFFFFFFFFFFFFFFFF2C
:20549000FFFFFFFFFFFFFFFFFFFFFFFFFFFFFFFFFFFFFFFFFFFFFFFFFFFFFFFFFFFFFFFF1C
:2054A000FFFFFFFFFFFFFFFFFFFFFFFFFFFFFFFFFFFFFFFFFFFFFFFFFFFFFFFFFFFFFFFF0C
:2054B000FFFFFFFFFFFFFFFFFFFFFFFFFFFFFFFFFFFFFFFFFFFFFFFFFFFFFFFFFFFFFFFFFC
:2054C000FFFFFFFFFFFFFFFFFFFFFFFFFFFFFFFFFFFFFFFFFFFFFFFFFFFFFFFFFFFFFFFFEC
:2054D000FFFFFFFFFFFFFFFFFFFFFFFFFFFFFFFFFFFFFFFFFFFFFFFFFFFFFFFFFFFFFFFFDC
:2054E000FFFFFFFFFFFFFFFFFFFFFFFFFFFFFFFFFFFFFFFFFFFFFFFFFFFFFFFFFFFFFFFFCC
:2054F000FFFFFFFFFFFFFFFFFFFFFFFFFFFFFFFFFFFFFFFFFFFFFFFFFFFFFFFFFFFFFFFFBC
:20550000FFFFFFFFFFFFFFFFFFFFFFFFFFFFFFFFFFFFFFFFFFFFFFFFFFFFFFFFFFFFFFFFAB
:20551000FFFFFFFFFFFFFFFFFFFFFFFFFFFFFFFFFFFFFFFFFFFFFFFFFFFFFFFFFFFFFFFF9B
:20552000FFFFFFFFFFFFFFFFFFFFFFFFFFFFFFFFFFFFFFFFFFFFFFFFFFFFFFFFFFFFFFFF8B
:20553000FFFFFFFFFFFFFFFFFFFFFFFFFFFFFFFFFFFFFFFFFFFFFFFFFFFFFFFFFFFFFFFF7B
:20554000FFFFFFFFFFFFFFFFFFFFFFFFFFFFFFFFFFFFFFFFFFFFFFFFFFFFFFFFFFFFFFFF6B
:20555000FFFFFFFFFFFFFFFFFFFFFFFFFFFFFFFFFFFFFFFFFFFFFFFFFFFFFFFFFFFFFFFF5B
:20556000FFFFFFFFFFFFFFFFFFFFFFFFFFFFFFFFFFFFFFFFFFFFFFFFFFFFFFFFFFFFFFFF4B
:20557000FFFFFFFFFFFFFFFFFFFFFFFFFFFFFFFFFFFFFFFFFFFFFFFFFFFFFFFFFFFFFFFF3B
:20558000FFFFFFFFFFFFFFFFFFFFFFFFFFFFFFFFFFFFFFFFFFFFFFFFFFFFFFFFFFFFFFFF2B
:20559000FFFFFFFFFFFFFFFFFFFFFFFFFFFFFFFFFFFFFFFFFFFFFFFFFFFFFFFFFFFFFFFF1B
:2055A000FFFFFFFFFFFFFFFFFFFFFFFFFFFFFFFFFFFFFFFFFFFFFFFFFFFFFFFFFFFFFFFF0B
:2055B000FFFFFFFFFFFFFFFFFFFFFFFFFFFFFFFFFFFFFFFFFFFFFFFFFFFFFFFFFFFFFFFFFB
:2055C000FFFFFFFFFFFFFFFFFFFFFFFFFFFFFFFFFFFFFFFFFFFFFFFFFFFFFFFFFFFFFFFFEB
:2055D000FFFFFFFFFFFFFFFFFFFFFFFFFFFFFFFFFFFFFFFFFFFFFFFFFFFFFFFFFFFFFFFFDB
:2055E000FFFFFFFFFFFFFFFFFFFFFFFFFFFFFFFFFFFFFFFFFFFFFFFFFFFFFFFFFFFFFFFFCB
:2055F000FFFFFFFFFFFFFFFFFFFFFFFFFFFFFFFFFFFFFFFFFFFFFFFFFFFFFFFFFFFFFFFFBB
:20560000FFFFFFFFFFFFFFFFFFFFFFFFFFFFFFFFFFFFFFFFFFFFFFFFFFFFFFFFFFFFFFFFAA
:20561000FFFFFFFFFFFFFFFFFFFFFFFFFFFFFFFFFFFFFFFFFFFFFFFFFFFFFFFFFFFFFFFF9A
:20562000FFFFFFFFFFFFFFFFFFFFFFFFFFFFFFFFFFFFFFFFFFFFFFFFFFFFFFFFFFFFFFFF8A
:20563000FFFFFFFFFFFFFFFFFFFFFFFFFFFFFFFFFFFFFFFFFFFFFFFFFFFFFFFFFFFFFFFF7A
:20564000FFFFFFFFFFFFFFFFFFFFFFFFFFFFFFFFFFFFFFFFFFFFFFFFFFFFFFFFFFFFFFFF6A
:20565000FFFFFFFFFFFFFFFFFFFFFFFFFFFFFFFFFFFFFFFFFFFFFFFFFFFFFFFFFFFFFFFF5A
:20566000FFFFFFFFFFFFFFFFFFFFFFFFFFFFFFFFFFFFFFFFFFFFFFFFFFFFFFFFFFFFFFFF4A
:20567000FFFFFFFFFFFFFFFFFFFFFFFFFFFFFFFFFFFFFFFFFFFFFFFFFFFFFFFFFFFFFFFF3A
:20568000FFFFFFFFFFFFFFFFFFFFFFFFFFFFFFFFFFFFFFFFFFFFFFFFFFFFFFFFFFFFFFFF2A
:20569000FFFFFFFFFFFFFFFFFFFFFFFFFFFFFFFFFFFFFFFFFFFFFFFFFFFFFFFFFFFFFFFF1A
:2056A000FFFFFFFFFFFFFFFFFFFFFFFFFFFFFFFFFFFFFFFFFFFFFFFFFFFFFFFFFFFFFFFF0A
:2056B000FFFFFFFFFFFFFFFFFFFFFFFFFFFFFFFFFFFFFFFFFFFFFFFFFFFFFFFFFFFFFFFFFA
:2056C000FFFFFFFFFFFFFFFFFFFFFFFFFFFFFFFFFFFFFFFFFFFFFFFFFFFFFFFFFFFFFFFFEA
:2056D000FFFFFFFFFFFFFFFFFFFFFFFFFFFFFFFFFFFFFFFFFFFFFFFFFFFFFFFFFFFFFFFFDA
:2056E000FFFFFFFFFFFFFFFFFFFFFFFFFFFFFFFFFFFFFFFFFFFFFFFFFFFFFFFFFFFFFFFFCA
:2056F000FFFFFFFFFFFFFFFFFFFFFFFFFFFFFFFFFFFFFFFFFFFFFFFFFFFFFFFFFFFFFFFFBA
:20570000FFFFFFFFFFFFFFFFFFFFFFFFFFFFFFFFFFFFFFFFFFFFFFFFFFFFFFFFFFFFFFFFA9
:20571000FFFFFFFFFFFFFFFFFFFFFFFFFFFFFFFFFFFFFFFFFFFFFFFFFFFFFFFFFFFFFFFF99
:20572000FFFFFFFFFFFFFFFFFFFFFFFFFFFFFFFFFFFFFFFFFFFFFFFFFFFFFFFFFFFFFFFF89
:20573000FFFFFFFFFFFFFFFFFFFFFFFFFFFFFFFFFFFFFFFFFFFFFFFFFFFFFFFFFFFFFFFF79
:20574000FFFFFFFFFFFFFFFFFFFFFFFFFFFFFFFFFFFFFFFFFFFFFFFFFFFFFFFFFFFFFFFF69
:20575000FFFFFFFFFFFFFFFFFFFFFFFFFFFFFFFFFFFFFFFFFFFFFFFFFFFFFFFFFFFFFFFF59
:20576000FFFFFFFFFFFFFFFFFFFFFFFFFFFFFFFFFFFFFFFFFFFFFFFFFFFFFFFFFFFFFFFF49
:20577000FFFFFFFFFFFFFFFFFFFFFFFFFFFFFFFFFFFFFFFFFFFFFFFFFFFFFFFFFFFFFFFF39
:20578000FFFFFFFFFFFFFFFFFFFFFFFFFFFFFFFFFFFFFFFFFFFFFFFFFFFFFFFFFFFFFFFF29
:20579000FFFFFFFFFFFFFFFFFFFFFFFFFFFFFFFFFFFFFFFFFFFFFFFFFFFFFFFFFFFFFFFF19
:2057A000FFFFFFFFFFFFFFFFFFFFFFFFFFFFFFFFFFFFFFFFFFFFFFFFFFFFFFFFFFFFFFFF09
:2057B000FFFFFFFFFFFFFFFFFFFFFFFFFFFFFFFFFFFFFFFFFFFFFFFFFFFFFFFFFFFFFFFFF9
:2057C000FFFFFFFFFFFFFFFFFFFFFFFFFFFFFFFFFFFFFFFFFFFFFFFFFFFFFFFFFFFFFFFFE9
:2057D000FFFFFFFFFFFFFFFFFFFFFFFFFFFFFFFFFFFFFFFFFFFFFFFFFFFFFFFFFFFFFFFFD9
:2057E000FFFFFFFFFFFFFFFFFFFFFFFFFFFFFFFFFFFFFFFFFFFFFFFFFFFFFFFFFFFFFFFFC9
:2057F000FFFFFFFFFFFFFFFFFFFFFFFFFFFFFFFFFFFFFFFFFFFFFFFFFFFFFFFFFFFFFFFFB9
:20580000FFFFFFFFFFFFFFFFFFFFFFFFFFFFFFFFFFFFFFFFFFFFFFFFFFFFFFFFFFFFFFFFA8
:20581000FFFFFFFFFFFFFFFFFFFFFFFFFFFFFFFFFFFFFFFFFFFFFFFFFFFFFFFFFFFFFFFF98
:20582000FFFFFFFFFFFFFFFFFFFFFFFFFFFFFFFFFFFFFFFFFFFFFFFFFFFFFFFFFFFFFFFF88
:20583000FFFFFFFFFFFFFFFFFFFFFFFFFFFFFFFFFFFFFFFFFFFFFFFFFFFFFFFFFFFFFFFF78
:20584000FFFFFFFFFFFFFFFFFFFFFFFFFFFFFFFFFFFFFFFFFFFFFFFFFFFFFFFFFFFFFFFF68
:20585000FFFFFFFFFFFFFFFFFFFFFFFFFFFFFFFFFFFFFFFFFFFFFFFFFFFFFFFFFFFFFFFF58
:20586000FFFFFFFFFFFFFFFFFFFFFFFFFFFFFFFFFFFFFFFFFFFFFFFFFFFFFFFFFFFFFFFF48
:20587000FFFFFFFFFFFFFFFFFFFFFFFFFFFFFFFFFFFFFFFFFFFFFFFFFFFFFFFFFFFFFFFF38
:20588000FFFFFFFFFFFFFFFFFFFFFFFFFFFFFFFFFFFFFFFFFFFFFFFFFFFFFFFFFFFFFFFF28
:20589000FFFFFFFFFFFFFFFFFFFFFFFFFFFFFFFFFFFFFFFFFFFFFFFFFFFFFFFFFFFFFFFF18
:2058A000FFFFFFFFFFFFFFFFFFFFFFFFFFFFFFFFFFFFFFFFFFFFFFFFFFFFFFFFFFFFFFFF08
:2058B000FFFFFFFFFFFFFFFFFFFFFFFFFFFFFFFFFFFFFFFFFFFFFFFFFFFFFFFFFFFFFFFFF8
:2058C000FFFFFFFFFFFFFFFFFFFFFFFFFFFFFFFFFFFFFFFFFFFFFFFFFFFFFFFFFFFFFFFFE8
:2058D000FFFFFFFFFFFFFFFFFFFFFFFFFFFFFFFFFFFFFFFFFFFFFFFFFFFFFFFFFFFFFFFFD8
:2058E000FFFFFFFFFFFFFFFFFFFFFFFFFFFFFFFFFFFFFFFFFFFFFFFFFFFFFFFFFFFFFFFFC8
:2058F000FFFFFFFFFFFFFFFFFFFFFFFFFFFFFFFFFFFFFFFFFFFFFFFFFFFFFFFFFFFFFFFFB8
:20590000FFFFFFFFFFFFFFFFFFFFFFFFFFFFFFFFFFFFFFFFFFFFFFFFFFFFFFFFFFFFFFFFA7
:20591000FFFFFFFFFFFFFFFFFFFFFFFFFFFFFFFFFFFFFFFFFFFFFFFFFFFFFFFFFFFFFFFF97
:20592000FFFFFFFFFFFFFFFFFFFFFFFFFFFFFFFFFFFFFFFFFFFFFFFFFFFFFFFFFFFFFFFF87
:20593000FFFFFFFFFFFFFFFFFFFFFFFFFFFFFFFFFFFFFFFFFFFFFFFFFFFFFFFFFFFFFFFF77
:20594000FFFFFFFFFFFFFFFFFFFFFFFFFFFFFFFFFFFFFFFFFFFFFFFFFFFFFFFFFFFFFFFF67
:20595000FFFFFFFFFFFFFFFFFFFFFFFFFFFFFFFFFFFFFFFFFFFFFFFFFFFFFFFFFFFFFFFF57
:20596000FFFFFFFFFFFFFFFFFFFFFFFFFFFFFFFFFFFFFFFFFFFFFFFFFFFFFFFFFFFFFFFF47
:20597000FFFFFFFFFFFFFFFFFFFFFFFFFFFFFFFFFFFFFFFFFFFFFFFFFFFFFFFFFFFFFFFF37
:20598000FFFFFFFFFFFFFFFFFFFFFFFFFFFFFFFFFFFFFFFFFFFFFFFFFFFFFFFFFFFFFFFF27
:20599000FFFFFFFFFFFFFFFFFFFFFFFFFFFFFFFFFFFFFFFFFFFFFFFFFFFFFFFFFFFFFFFF17
:2059A000FFFFFFFFFFFFFFFFFFFFFFFFFFFFFFFFFFFFFFFFFFFFFFFFFFFFFFFFFFFFFFFF07
:2059B000FFFFFFFFFFFFFFFFFFFFFFFFFFFFFFFFFFFFFFFFFFFFFFFFFFFFFFFFFFFFFFFFF7
:2059C000FFFFFFFFFFFFFFFFFFFFFFFFFFFFFFFFFFFFFFFFFFFFFFFFFFFFFFFFFFFFFFFFE7
:2059D000FFFFFFFFFFFFFFFFFFFFFFFFFFFFFFFFFFFFFFFFFFFFFFFFFFFFFFFFFFFFFFFFD7
:2059E000FFFFFFFFFFFFFFFFFFFFFFFFFFFFFFFFFFFFFFFFFFFFFFFFFFFFFFFFFFFFFFFFC7
:2059F000FFFFFFFFFFFFFFFFFFFFFFFFFFFFFFFFFFFFFFFFFFFFFFFFFFFFFFFFFFFFFFFFB7
:205A0000FFFFFFFFFFFFFFFFFFFFFFFFFFFFFFFFFFFFFFFFFFFFFFFFFFFFFFFFFFFFFFFFA6
:205A1000FFFFFFFFFFFFFFFFFFFFFFFFFFFFFFFFFFFFFFFFFFFFFFFFFFFFFFFFFFFFFFFF96
:205A2000FFFFFFFFFFFFFFFFFFFFFFFFFFFFFFFFFFFFFFFFFFFFFFFFFFFFFFFFFFFFFFFF86
:205A3000FFFFFFFFFFFFFFFFFFFFFFFFFFFFFFFFFFFFFFFFFFFFFFFFFFFFFFFFFFFFFFFF76
:205A4000FFFFFFFFFFFFFFFFFFFFFFFFFFFFFFFFFFFFFFFFFFFFFFFFFFFFFFFFFFFFFFFF66
:205A5000FFFFFFFFFFFFFFFFFFFFFFFFFFFFFFFFFFFFFFFFFFFFFFFFFFFFFFFFFFFFFFFF56
:205A6000FFFFFFFFFFFFFFFFFFFFFFFFFFFFFFFFFFFFFFFFFFFFFFFFFFFFFFFFFFFFFFFF46
:205A7000FFFFFFFFFFFFFFFFFFFFFFFFFFFFFFFFFFFFFFFFFFFFFFFFFFFFFFFFFFFFFFFF36
:205A8000FFFFFFFFFFFFFFFFFFFFFFFFFFFFFFFFFFFFFFFFFFFFFFFFFFFFFFFFFFFFFFFF26
:205A9000FFFFFFFFFFFFFFFFFFFFFFFFFFFFFFFFFFFFFFFFFFFFFFFFFFFFFFFFFFFFFFFF16
:205AA000FFFFFFFFFFFFFFFFFFFFFFFFFFFFFFFFFFFFFFFFFFFFFFFFFFFFFFFFFFFFFFFF06
:205AB000FFFFFFFFFFFFFFFFFFFFFFFFFFFFFFFFFFFFFFFFFFFFFFFFFFFFFFFFFFFFFFFFF6
:205AC000FFFFFFFFFFFFFFFFFFFFFFFFFFFFFFFFFFFFFFFFFFFFFFFFFFFFFFFFFFFFFFFFE6
:205AD000FFFFFFFFFFFFFFFFFFFFFFFFFFFFFFFFFFFFFFFFFFFFFFFFFFFFFFFFFFFFFFFFD6
:205AE000FFFFFFFFFFFFFFFFFFFFFFFFFFFFFFFFFFFFFFFFFFFFFFFFFFFFFFFFFFFFFFFFC6
:205AF000FFFFFFFFFFFFFFFFFFFFFFFFFFFFFFFFFFFFFFFFFFFFFFFFFFFFFFFFFFFFFFFFB6
:205B0000FFFFFFFFFFFFFFFFFFFFFFFFFFFFFFFFFFFFFFFFFFFFFFFFFFFFFFFFFFFFFFFFA5
:205B1000FFFFFFFFFFFFFFFFFFFFFFFFFFFFFFFFFFFFFFFFFFFFFFFFFFFFFFFFFFFFFFFF95
:205B2000FFFFFFFFFFFFFFFFFFFFFFFFFFFFFFFFFFFFFFFFFFFFFFFFFFFFFFFFFFFFFFFF85
:205B3000FFFFFFFFFFFFFFFFFFFFFFFFFFFFFFFFFFFFFFFFFFFFFFFFFFFFFFFFFFFFFFFF75
:205B4000FFFFFFFFFFFFFFFFFFFFFFFFFFFFFFFFFFFFFFFFFFFFFFFFFFFFFFFFFFFFFFFF65
:205B5000FFFFFFFFFFFFFFFFFFFFFFFFFFFFFFFFFFFFFFFFFFFFFFFFFFFFFFFFFFFFFFFF55
:205B6000FFFFFFFFFFFFFFFFFFFFFFFFFFFFFFFFFFFFFFFFFFFFFFFFFFFFFFFFFFFFFFFF45
:205B7000FFFFFFFFFFFFFFFFFFFFFFFFFFFFFFFFFFFFFFFFFFFFFFFFFFFFFFFFFFFFFFFF35
:205B8000FFFFFFFFFFFFFFFFFFFFFFFFFFFFFFFFFFFFFFFFFFFFFFFFFFFFFFFFFFFFFFFF25
:205B9000FFFFFFFFFFFFFFFFFFFFFFFFFFFFFFFFFFFFFFFFFFFFFFFFFFFFFFFFFFFFFFFF15
:205BA000FFFFFFFFFFFFFFFFFFFFFFFFFFFFFFFFFFFFFFFFFFFFFFFFFFFFFFFFFFFFFFFF05
:205BB000FFFFFFFFFFFFFFFFFFFFFFFFFFFFFFFFFFFFFFFFFFFFFFFFFFFFFFFFFFFFFFFFF5
:205BC000FFFFFFFFFFFFFFFFFFFFFFFFFFFFFFFFFFFFFFFFFFFFFFFFFFFFFFFFFFFFFFFFE5
:205BD000FFFFFFFFFFFFFFFFFFFFFFFFFFFFFFFFFFFFFFFFFFFFFFFFFFFFFFFFFFFFFFFFD5
:205BE000FFFFFFFFFFFFFFFFFFFFFFFFFFFFFFFFFFFFFFFFFFFFFFFFFFFFFFFFFFFFFFFFC5
:205BF000FFFFFFFFFFFFFFFFFFFFFFFFFFFFFFFFFFFFFFFFFFFFFFFFFFFFFFFFFFFFFFFFB5
:205C0000FFFFFFFFFFFFFFFFFFFFFFFFFFFFFFFFFFFFFFFFFFFFFFFFFFFFFFFFFFFFFFFFA4
:205C1000FFFFFFFFFFFFFFFFFFFFFFFFFFFFFFFFFFFFFFFFFFFFFFFFFFFFFFFFFFFFFFFF94
:205C2000FFFFFFFFFFFFFFFFFFFFFFFFFFFFFFFFFFFFFFFFFFFFFFFFFFFFFFFFFFFFFFFF84
:205C3000FFFFFFFFFFFFFFFFFFFFFFFFFFFFFFFFFFFFFFFFFFFFFFFFFFFFFFFFFFFFFFFF74
:205C4000FFFFFFFFFFFFFFFFFFFFFFFFFFFFFFFFFFFFFFFFFFFFFFFFFFFFFFFFFFFFFFFF64
:205C5000FFFFFFFFFFFFFFFFFFFFFFFFFFFFFFFFFFFFFFFFFFFFFFFFFFFFFFFFFFFFFFFF54
:205C6000FFFFFFFFFFFFFFFFFFFFFFFFFFFFFFFFFFFFFFFFFFFFFFFFFFFFFFFFFFFFFFFF44
:205C7000FFFFFFFFFFFFFFFFFFFFFFFFFFFFFFFFFFFFFFFFFFFFFFFFFFFFFFFFFFFFFFFF34
:205C8000FFFFFFFFFFFFFFFFFFFFFFFFFFFFFFFFFFFFFFFFFFFFFFFFFFFFFFFFFFFFFFFF24
:205C9000FFFFFFFFFFFFFFFFFFFFFFFFFFFFFFFFFFFFFFFFFFFFFFFFFFFFFFFFFFFFFFFF14
:205CA000FFFFFFFFFFFFFFFFFFFFFFFFFFFFFFFFFFFFFFFFFFFFFFFFFFFFFFFFFFFFFFFF04
:205CB000FFFFFFFFFFFFFFFFFFFFFFFFFFFFFFFFFFFFFFFFFFFFFFFFFFFFFFFFFFFFFFFFF4
:205CC000FFFFFFFFFFFFFFFFFFFFFFFFFFFFFFFFFFFFFFFFFFFFFFFFFFFFFFFFFFFFFFFFE4
:205CD000FFFFFFFFFFFFFFFFFFFFFFFFFFFFFFFFFFFFFFFFFFFFFFFFFFFFFFFFFFFFFFFFD4
:205CE000FFFFFFFFFFFFFFFFFFFFFFFFFFFFFFFFFFFFFFFFFFFFFFFFFFFFFFFFFFFFFFFFC4
:205CF000FFFFFFFFFFFFFFFFFFFFFFFFFFFFFFFFFFFFFFFFFFFFFFFFFFFFFFFFFFFFFFFFB4
:205D0000FFFFFFFFFFFFFFFFFFFFFFFFFFFFFFFFFFFFFFFFFFFFFFFFFFFFFFFFFFFFFFFFA3
:205D1000FFFFFFFFFFFFFFFFFFFFFFFFFFFFFFFFFFFFFFFFFFFFFFFFFFFFFFFFFFFFFFFF93
:205D2000FFFFFFFFFFFFFFFFFFFFFFFFFFFFFFFFFFFFFFFFFFFFFFFFFFFFFFFFFFFFFFFF83
:205D3000FFFFFFFFFFFFFFFFFFFFFFFFFFFFFFFFFFFFFFFFFFFFFFFFFFFFFFFFFFFFFFFF73
:205D4000FFFFFFFFFFFFFFFFFFFFFFFFFFFFFFFFFFFFFFFFFFFFFFFFFFFFFFFFFFFFFFFF63
:205D5000FFFFFFFFFFFFFFFFFFFFFFFFFFFFFFFFFFFFFFFFFFFFFFFFFFFFFFFFFFFFFFFF53
:205D6000FFFFFFFFFFFFFFFFFFFFFFFFFFFFFFFFFFFFFFFFFFFFFFFFFFFFFFFFFFFFFFFF43
:205D7000FFFFFFFFFFFFFFFFFFFFFFFFFFFFFFFFFFFFFFFFFFFFFFFFFFFFFFFFFFFFFFFF33
:205D8000FFFFFFFFFFFFFFFFFFFFFFFFFFFFFFFFFFFFFFFFFFFFFFFFFFFFFFFFFFFFFFFF23
:205D9000FFFFFFFFFFFFFFFFFFFFFFFFFFFFFFFFFFFFFFFFFFFFFFFFFFFFFFFFFFFFFFFF13
:205DA000FFFFFFFFFFFFFFFFFFFFFFFFFFFFFFFFFFFFFFFFFFFFFFFFFFFFFFFFFFFFFFFF03
:205DB000FFFFFFFFFFFFFFFFFFFFFFFFFFFFFFFFFFFFFFFFFFFFFFFFFFFFFFFFFFFFFFFFF3
:205DC000FFFFFFFFFFFFFFFFFFFFFFFFFFFFFFFFFFFFFFFFFFFFFFFFFFFFFFFFFFFFFFFFE3
:205DD000FFFFFFFFFFFFFFFFFFFFFFFFFFFFFFFFFFFFFFFFFFFFFFFFFFFFFFFFFFFFFFFFD3
:205DE000FFFFFFFFFFFFFFFFFFFFFFFFFFFFFFFFFFFFFFFFFFFFFFFFFFFFFFFFFFFFFFFFC3
:205DF000FFFFFFFFFFFFFFFFFFFFFFFFFFFFFFFFFFFFFFFFFFFFFFFFFFFFFFFFFFFFFFFFB3
:205E0000FFFFFFFFFFFFFFFFFFFFFFFFFFFFFFFFFFFFFFFFFFFFFFFFFFFFFFFFFFFFFFFFA2
:205E1000FFFFFFFFFFFFFFFFFFFFFFFFFFFFFFFFFFFFFFFFFFFFFFFFFFFFFFFFFFFFFFFF92
:205E2000FFFFFFFFFFFFFFFFFFFFFFFFFFFFFFFFFFFFFFFFFFFFFFFFFFFFFFFFFFFFFFFF82
:205E3000FFFFFFFFFFFFFFFFFFFFFFFFFFFFFFFFFFFFFFFFFFFFFFFFFFFFFFFFFFFFFFFF72
:205E4000FFFFFFFFFFFFFFFFFFFFFFFFFFFFFFFFFFFFFFFFFFFFFFFFFFFFFFFFFFFFFFFF62
:205E5000FFFFFFFFFFFFFFFFFFFFFFFFFFFFFFFFFFFFFFFFFFFFFFFFFFFFFFFFFFFFFFFF52
:205E6000FFFFFFFFFFFFFFFFFFFFFFFFFFFFFFFFFFFFFFFFFFFFFFFFFFFFFFFFFFFFFFFF42
:205E7000FFFFFFFFFFFFFFFFFFFFFFFFFFFFFFFFFFFFFFFFFFFFFFFFFFFFFFFFFFFFFFFF32
:205E8000FFFFFFFFFFFFFFFFFFFFFFFFFFFFFFFFFFFFFFFFFFFFFFFFFFFFFFFFFFFFFFFF22
:205E9000FFFFFFFFFFFFFFFFFFFFFFFFFFFFFFFFFFFFFFFFFFFFFFFFFFFFFFFFFFFFFFFF12
:205EA000FFFFFFFFFFFFFFFFFFFFFFFFFFFFFFFFFFFFFFFFFFFFFFFFFFFFFFFFFFFFFFFF02
:205EB000FFFFFFFFFFFFFFFFFFFFFFFFFFFFFFFFFFFFFFFFFFFFFFFFFFFFFFFFFFFFFFFFF2
:205EC000FFFFFFFFFFFFFFFFFFFFFFFFFFFFFFFFFFFFFFFFFFFFFFFFFFFFFFFFFFFFFFFFE2
:205ED000FFFFFFFFFFFFFFFFFFFFFFFFFFFFFFFFFFFFFFFFFFFFFFFFFFFFFFFFFFFFFFFFD2
:205EE000FFFFFFFFFFFFFFFFFFFFFFFFFFFFFFFFFFFFFFFFFFFFFFFFFFFFFFFFFFFFFFFFC2
:205EF000FFFFFFFFFFFFFFFFFFFFFFFFFFFFFFFFFFFFFFFFFFFFFFFFFFFFFFFFFFFFFFFFB2
:205F0000FFFFFFFFFFFFFFFFFFFFFFFFFFFFFFFFFFFFFFFFFFFFFFFFFFFFFFFFFFFFFFFFA1
:205F1000FFFFFFFFFFFFFFFFFFFFFFFFFFFFFFFFFFFFFFFFFFFFFFFFFFFFFFFFFFFFFFFF91
:205F2000FFFFFFFFFFFFFFFFFFFFFFFFFFFFFFFFFFFFFFFFFFFFFFFFFFFFFFFFFFFFFFFF81
:205F3000FFFFFFFFFFFFFFFFFFFFFFFFFFFFFFFFFFFFFFFFFFFFFFFFFFFFFFFFFFFFFFFF71
:205F4000FFFFFFFFFFFFFFFFFFFFFFFFFFFFFFFFFFFFFFFFFFFFFFFFFFFFFFFFFFFFFFFF61
:205F5000FFFFFFFFFFFFFFFFFFFFFFFFFFFFFFFFFFFFFFFFFFFFFFFFFFFFFFFFFFFFFFFF51
:205F6000FFFFFFFFFFFFFFFFFFFFFFFFFFFFFFFFFFFFFFFFFFFFFFFFFFFFFFFFFFFFFFFF41
:205F7000FFFFFFFFFFFFFFFFFFFFFFFFFFFFFFFFFFFFFFFFAAAAAAAAAAAAAAAAFFFFFFFFD9
:205F8000000000000000000000000000000000000000000000000000000000000000000001
:205F90000000000000000000000000000000000000000000000000000000000000000000F1
:205FA0000000000000000000000000000000000000000000000000000000000000000000E1
:205FB0000000000000000000000000000000000000000000000000000000000000000000D1
:205FC0000000000000000000000000000000000000000000000000000000000000000000C1
:205FD0000000000000000000000000000000000000000000000000000000000000000000B1
:205FE0000000000000000000000000000000000000000000000000000000000000000000A1
:205FF000000000000000000000000000007EDE57FFFFFFFFFFFFFFFFFFFFFFFFFFFFFFFFEE
:206000008000003D40000000C000003D400000000000003E400000004000003E400000000A
:206010008000003E40000000C000003E400000000000003F400000004000003F40000000F6
:2060200000800040002000100008000400020001FE141E46A044A8428A5876408558964DC5
:206030005200EC03FFEF00DC284D03E70642074619011E48F5A9088690035203ED058F3DFF
:206040008000A8546F16F5A9088690035201ED058F3F0000A8546F0DF5A9088690035202E2
:20605000ED058F3E8000A8546F048F3F0000A854C44206540FA6660DC4488F3F7FFFA8A987
:206060000FA668070642FF0F007B1E4A2B4E6F17C4428F3D7800A8A90FA6660EC4488F3D28
:206070007BFFA8A90FA668080642FF0B07AF1E4A56BF104E6F049A0CFFEF00927640827FED
:206080007622F5A9088690035203ED059A03F4A90A8D6F16F5A9088690035201ED059A016D
:20609000F4A90A8D6F0DF5A9088690035202ED059A02F4A90A8D6F049A00F4A90A8D761A9A
:2060A00002011E5006460F5068615C4E064AFF69764082F6964B2B519251522D672ABE005D
:2060B000761F003406020FA6EC03C5023E678A44924B1CA9FFFFCEC4EC0456BF1F4D6F19F6
:2060C0008A44884B0EC40FA6EC148A44924BFF5ECAC4964C5D4E064A5C4C764083345C4E66
:2060D000064A764082F6964B0A519251522D68D88A44884B0EC40FA6EC1E28A903E7544DC6
:2060E000ED0356BF1E4D8A58924B96DCC5448A5892C796D4924EED0883588F3D8000A8A904
:2060F000074A1EC56F1383588F3D7800A8A9074A1EC56F0C020156010044074A1E4A020161
:2061000007501E5006460F5067A1FF697640827228A903E7544DED022B4D924DFE940006BB
:20611000FE069641A8448A447640855896465200EC03FFEF00BD284603E7184100FF9241FC
:20612000ED049A14FFEF00B47640827F76229A03F4A90A8D761A56BF07450E458F008000AB
:20613000FF31560100A48344FF699A808AC47640845696465200EC0456BF18466F05924521
:206140000B455200EDEB9246ED5D2B4592455207665958458F0080209294CE41EC4D0E45B7
:206150008F0080008F408002FF31560100A40E45FF31560100A592C583448AC4764085245A
:2061600096465200ED130E458F0080008F408002FF31560100A40E45FF31560100A592C53D
:2061700083448AC4764083F396465200ED140E458F0080008F408002FF31560100A40E456E
:20618000FF31560100A592C583448AC47640845696466F120E458F0080008F408002FF3197
:20619000560100A40E45FF31560100A592C583448AC4764084569246ED050A459245520730
:2061A00069A99246EC31F5A9088690035203ED0B0E458F008000FF31560100A4834406C4AE
:2061B0001EC56F22F5A9088690035201ED098A4456030C450EA9FF1F007E1EC46F15F5A984
:2061C000088690035202ED098A4456030D450EA9FF1F007D1EC46F088A4456030D450EA900
:2061D000FF1F007E1EC4764082729246FE860006FE087C431E427640857596477640858EAA
:2061E00096460642764082C396459A03F4A90A919A0AF4A90A8C9A009B0276408581924331
:2061F0001AA90A0BF4A90A90FF2019997640858192431AA9020BF4A90A90FF2233337640DA
:20620000858158458F000A9C9294964492431AA90A0BF4A90A909A009B017640858128A9FF
:206210000A0FF4A90A90FF20199976408581761A924676408592F44770779244FE880006D8
:20622000FE087D447C431E427640857596477640858E96460642764082C39A04F4A90A912D
:206230009A06F4A90A8B9A0BF4A90A899A03F4A90A8CF4430A8A9A009B0276408581924443
:206240001AA90A0BF4A90A902B459243544568099A009B02764085810A459243544567F9D0
:2062500092441AA9020BF4A90A90FF2F15187640858192441AA90A0BF4A90A909A009B28F8
:206260007640858128A90A0FF4A90A90FF20199976408581761A924676408592F44770775D
:20627000FE8800067622764082A49A00F4A90A81F5A90A90F004F4A90A90761A00067622BB
:206280009A00F4A90A82764082A428A9AA55F4A90A8128A90E0DF4A90A909A009B03764056
:206290008581761F00340602BE000FA6EC03C5023E6728A90A0FF4A90A9028A94CCC9B03A1
:2062A00076408581761A00069A00F4A90A91F4A90A94F4A90A98F4A90A99F4A90A9AF4A922
:2062B0000A9BF4A90A92F4A90A89F4A90A8AF4A90A8BF4A90A8C9A0AF4A90A8828A90C0C6E
:2062C000F4A90A900006FE021E42762228A90A0FF4A90A908F000A9429010642FF4196C42F
:2062D00006429003FE82000676229A00F4A90A9128A90A0FF4A90A909A00F4A90A89F4A95B
:2062E0000A8AF4A90A8BF4A90A8CFF20199976408581761A000628A9FFFFF4A90A98F4A9D7
:2062F0000A99F4A90A9AF4A90A9B0006FE087C431E427640857596477640858E96460642C3
:20630000764082C3964492431AA90A0BF4A90A909A01F4A90A919A04F4A90A89FF20199952
:206310007640858192431AA9020BF4A90A9028A966669B017640858158448F000A9C9294E9
:20632000964592431AA90A0BF4A90A909A009B0176408581764082D4924676408592F447C0
:2063300070779245FE880006FE087D447C431E427640857596477640858E964606427640ED
:2063400082C39645764082EB58458F000A989243969492441AA90A0BF4A90A909A02F4A90F
:206350000A919A09F4A90A899A06F4A90A8BFF2019997640858192441AA9020BF4A90A9083
:206360009A009B047640858192441AA90A0BF4A90A909A009B0176408581764082D492466D
:2063700076408592F4477077FE880006FE087C431E427640857596477640858E96460642F3
:20638000764082C3964592431AA90A0BF4A90A909A05F4A90A91FF2019997640858192430A
:206390001AA9020BF4A90A909A009B087640858158458F000A9C9294964492431AA90A0B6E
:2063A000F4A90A90FF20199976408581764082D4924676408592F44770779244FE880006E4
:2063B000FE087D447C431E427640857596477640858E96460642764082C39645764082EB74
:2063C00058458F000A989243969492441AA90A0BF4A90A909A06F4A90A91F4A90A8BF4A964
:2063D0000A899A00F4A90A8C9A009B0A7640858192441AA9020BF4A90A90FF2F03E87640A6
:2063E000858192441AA90A0BF4A90A909A009B0176408581764082D4924676408592F447D4
:2063F0007077FE880006FE129643A046A842884306420DA619011E52C4428F3D8000A8A96E
:206400000FA6660DC4528F3F7FFFA8A90FA668070642FF0F007B1E502B4D6F039A0C6F45FA
:2064100056BF16492B482B4B2B4A2B4C06505C4D764081D89647BE00761F003406020FA6F4
:20642000EC03C5023E6788472901FF20FFFF0FA6EC171B4A1388680456BF16496F18065076
:206430005C485D4D764082200A4B0A4A9248520A670B924B520F68082B4B0A486F050A4C15
:20644000020107501E509243544C66D1764082D4884C0E430FA6ED0888472901FF20FFFFD7
:206450000FA6ED022B499249FE920006FE109643A046A842284B03E7C4428F3D8000A8A9EC
:206460000FA6660DC4428F3F7FFFA8A90FA668070642FF0F007B1E4E2B4F6F039A0C6F39B6
:2064700056BF014856BF174A2B491B4907D06621064E5C4F764083769647BE00761F0034F0
:2064800006020FA6EC03C5023E679247EC08FF5E5D4F5CA9064E764083B06F072B4A0201DE
:20649000074E1E4E0A486F050A491B4907D069E1924AEC071B4907D0690456BF174B6F042C
:2064A0009243544867D0924B5217EC022B4B924BFE900006FE0CA8467D431E42284B03E7A4
:2064B0002849000192435449682D2B4A924A522D671B5C4F0642764082F69647761F00343A
:2064C0000602BE000FA6EC03C5023E679247EC0CFF5E96485C485D4F0642764083340A4A81
:2064D000924A522D68E79247EC06924FED04284B00156F08064209011E420A4992435449EF
:2064E00067D5924B5215EC051BA903E7ED022B4B924BFE8C0006FE0A1E46A044A8428A4E99
:2064F0007640855896475200ED2E02011E4A06460F4A6828BE00761F003406020FA6EC03DC
:20650000C5023E678A440EC48A4288C40FA6EC0F8A4E06421EC4C5448A4E92C796D4C542FA
:206510008A4E92C796DC56BF28476F0C0201074A1E4A0201560100445601004206460F4A31
:2065200067DA9247FE8A0006FE0E9645A048A844884506440DA619011E4EC4448F3D800054
:20653000A8A90FA6660CC44E8F3F7FFFA8A90FA668060644FF0F007B1E4C6F039A0C6F1726
:2065400056BF4041064C5D458A48764084AA56BF80418A48064C8F400400764084AA2B41DE
:206550005D458A48064C764084AA9649FE8E0006FE02A8427640856D0642EC088A42020074
:206560001EC48A422BD48A422BDCF5A90A88ED039A0A6F029A00FE8200067622F5A9702977
:206570005068F4A97029761A0006FE02F5417077F5A9707718A9FFFEF4A970779241FE8250
:206580000006761F003487A956630004193456C40006FF43190156C2FFFF000676083B3071
:2065900092BE000696BD7600000628A901000006761BFFF0E20000BDE630060029425616DC
:2065A00076256F00761BFFF0E20000BDE63006002942561676256F00761BFFF0E20000BD96
:2065B000E63006002942561676256F00761BFFF0E20000BDE63006002942561676256F00B2
:2065C000761BFFF0E20000BDE63006002942561676256F00761BFFF0E20000BDE630060064
:2065D0002942561676256F00761BFFF0E20000BDE63006002942561676256F00761BFFF02E
:2065E000E20000BDE63006002942561676256F00761BFFF0E20000BDE630060029425616ED
:2065F00076256F00761BFFF0E20000BDE63006002942561676256F00761BFFF0E20000BD46
:20660000E63006002942561676256F00761BFFF0E20000BDE63006002942561676256F0061
:20661000761BFFF0E20000BDE63006002942561676256F00761BFFF0E20000BDE630060013
:206620002942561676256F00761BFFF0E20000BDE63006002942561676256F00761BFFF0DD
:20663000E20000BDE63006002942561676256F00761BFFF0E20000BDE6300600294256169C
:2066400076256F00761BFFF0E20000BDE63006002942561676256F00761BFFF0E20000BDF5
:20665000E63006002942561676256F00761BFFF0E20000BDE63006002942561676256F0011
:20666000761BFFF0E20000BDE63006002942561676256F00761BFFF0E20000BDE6300600C3
:206670002942561676256F00761BFFF0E20000BDE63006002942561676256F00761BFFF08D
:20668000E20000BDE63006002942561676256F00761BFFF0E20000BDE6300600294256164C
:20669000761F003356BF0121E28000BEFFF176177602761BFFF0E20000BDE6300600294230
:2066A000561676256F00761BFFF0E20000BDE63006002942561676256F00761BFFF0E200E6
:2066B00000BDE63006002942561676256F00761BFFF0E20000BDE630060029425616762563
:2066C0006F00761BFFF0E20000BDE63006002942561676256F00761BFFF0E20000BDE630FA
:2066D00006002942561676256F00761BFFF0E20000BDE63006002942561676256F00761B16
:2066E000FFF0E20000BDE63006002942561676256F00761BFFF0E20000BDE6300600294269
:2066F000561676256F00761BFFF0E20000BDE63006002942561676256F00761BFFF0E20096
:2067000000BDE63006002942561676256F00761BFFF0E20000BDE630060029425616762512
:206710006F00761BFFF0E20000BDE63006002942561676256F00761BFFF0E20000BDE630A9
:2067200006002942561676256F00761BFFF0E20000BDE63006002942561676256F00761BC5
:20673000FFF0E20000BDE63006002942561676256F00761BFFF0E20000BDE6300600294218
:20674000561676256F00761BFFF0E20000BDE63006002942561676256F00761BFFF0E20045
:2067500000BDE63006002942561676256F00761BFFF0E20000BDE6300600294256167625C2
:206760006F00761BFFF0E20000BDE63006002942561676256F00761BFFF0E20000BDE63059
:2067700006002942561676256F00761BFFF0E20000BDE63006002942561676256F00761B75
:20678000FFF0E20000BDE63006002942561676256F00761BFFF0E20000BDE63006002942C8
:20679000561676256F00761BFFF0E20000BDE63006002942561676256F00761BFFF0E200F5
:2067A00000BDE63006002942561676256F00761BFFF0E20000BDE630060029425616762572
:2067B0006F00761BFFF0E20000BDE63006002942561676256F00761BFFF0E20000BDE63009
:2067C00006002942561676256F00761BFFF0E20000BDE63006002942561676256F00761B25
:2067D000FFF0E20000BDE63006002942561676256F00761BFFF0E20000BDE6300600294278
:2067E000561676256F00761BFFF0E20000BDE63006002942561676256F00761BFFF0E200A5
:2067F00000BDE63006002942561676256F00761BFFF0E20000BDE630060029425616762522
:206800006F00761BFFF0E20000BDE63006002942561676256F00761BFFF0E20000BDE630B8
:2068100006002942561676256F00761BFFF0E20000BDE63006002942561676256F00761BD4
:20682000FFF0E20000BDE63006002942561676256F00761BFFF0E20000BDE6300600294227
:20683000561676256F00761BFFF0E20000BDE63006002942561676256F00761BFFF0E20054
:2068400000BDE63006002942561676256F00761BFFF0E20000BDE6300600294256167625D1
:206850006F00761BFFF0E20000BDE63006002942561676256F00761BFFF0E20000BDE63068
:2068600006002942561676256F00761BFFF0E20000BDE63006002942561676256F00761B84
:20687000FFF0E20000BDE63006002942561676256F00761BFFF0E20000BDE63006002942D7
:20688000561676256F00761BFFF0E20000BDE63006002942561676256F00761BFFF0E20004
:2068900000BDE63006002942561676256F00761BFFF0E20000BDE630060029425616762581
:2068A0006F00761BFFF0E20000BDE63006002942561676256F00761BFFF0E20000BDE63018
:2068B00006002942561676256F00761BFFF0E20000BDE63006002942561676256F00761B34
:2068C000FFF0E20000BDE63006002942561676256F00761BFFF0E20000BDE6300600294287
:2068D000561676256F00761BFFF0E20000BDE63006002942561676256F00761BFFF0E200B4
:2068E00000BDE63006002942561676256F00761BFFF0E20000BDE630060029425616762531
:2068F0006F00761BFFF0E20000BDE63006002942561676256F00761BFFF0E20000BDE630C8
:2069000006002942561676256F00761BFFF0E20000BDE63006002942561676256F00761BE3
:20691000FFF0E20000BDE63006002942561676256F00761BFFF0E20000BDE6300600294236
:206920005616E28000BEFFF176177602761BFFF0E20000BDE63006002942561676256F00BA
:20693000761BFFF0E20000BDE63006002942561676256F00767F695E7622761F01C01A1C4B
:20694000000876FD7C80FF693E67761F01C0181CFFF7761AFF69767F6A709A129B02767F2E
:206950006966767F69E900067622761F01C056BF552556BFAA25761AFF6900067622761F7F
:2069600001C056BF6829761AFF690006FE0297429641761F01C043116C0676221A11001013
:20697000761A7625CC110180FFC6610576221811FE7F761A0E411EA69221901F80A906A63B
:206980000FA7611676221A1100409241CD21FFE0901FCAA89621761AFF69767F695E9211F8
:206990009001520160FD76221811FFBF761A9242520161035202600976229003CD11FE7FC9
:2069A000FF86CAA89611761A9242520360127622CC11FE7F1AA9010096118F000382FF6935
:2069B000A8A9764087B0761F01C01A110180761AFE82FF690006FE047C4397429641762200
:2069C000761F00224E016C031801BFFF761F01C01A3000049003CD30FFFCCAA89630924230
:2069D000900FCD32FFF0CAA89632FF69767F695E92349001520160FD761F00229243CD015B
:2069E000BFFF9001FF8DCAA89601761AFF69FE8400067622761F01C056BF021BCC10FFFC3C
:2069F000500296101A1D00011A1D00021A1D00041A1D00081A1D00101A1D00201A1D00408F
:206A00001A1D00801A1C00011A1C00041A1D40001A1D80001A1D01001A1D02001A1D040074
:206A10001A1901001A1902001A1904001A1908001A1C00081A2000011A2000021A20000498
:206A20001A2001001A2002001A2004001A2008001A2040001A2080001A1C00101A1C0100AE
:206A30001A1C02001A1C04001A1C08001A1C10001A1C40001A1C0004761AFF690006FE02A2
:206A40007622761F002B2820FFFF2821FFFF2822FFFF2823FFFF2824FFFF2825FFFF2826DD
:206A5000FFFF2827FFFF761A761FFDFF9238964192399641923A9641923B9641923C96418B
:206A6000923D9641923E9641923F9641761F002B402F6D039A016F029A00FE82FF690006EE
:206A70007622761F01C01812FEFF1812FFFE1A1220001A1240001A120400761AFF690006E4
:206A80007622761F01C01812FBFF1A1200021A1220001A1240001A1200011812FFFB181283
:206A9000FEFF761AFF6900067622761F01C01812BFFF8F00464EFF69A8A9764087B0761FB7
:206AA00001C01A1220001812FFFD1A1200011812FFFB1A1204001812FEFF761AFF690006FD
:206AB0007622761F01C01A1000401A1240001812DFFF1812FFFD1A1200011812FFFB1A1257
:206AC00004001812FEFF761AFF6900067622761F01BE180DFF7F180DFFBF1A04C0001A081B
:206AD000C0001A083000761AFF690006FE0296417622761F01DD56BF071056BF03116F13DD
:206AE00056BF041256BF92136F1656BF011256BF23136F112B1256BF91136F0D2B1256BF75
:206AF00048136F09520061ED520161F0520261F3520361F52B1456BF2311761AFE82FF691C
:206B00000006FE08A8422B452B462B4702001E4492466036761F01DDCC150080FFC652016E
:206B100060051811FFDF1A110020CC150040FFC5520160189217964558478A429A0193459C
:206B200094A0964797949247525A60022B479245520D600656BF01468A4258472B9402009C
:206B30001E44020107441E448F0A0000A8A90F44670502001E4456BF0146924661CC9247EC
:206B4000FE880006FE02964192410B4152006107F638770092410B41520060FBFE82FF69A0
:206B50000006FE029641761F01DD47146CFD96199A01767F6B42FE820006FE047C431E427E
:206B60009A0A767F6B429A53767F6B519A54767F6B519243767F6B519A5F767F6B5128AC8E
:206B7000001806425622767F6B51CC4100FF767F6B5129010642FF4790FF767F6B51CC42B9
:206B800000FF767F6B519A0D767F6B519A0A767F6B42FE840006FE029641523068055239CE
:206B900066039CD06F10524168065246660408A9FFC96F09526168065266660408A9FFA901
:206BA0006F029A23FE820006FE04A8429284A842767F6B8B96435603044396438A42928416
:206BB000A842767F6B8B72439243FE840006FE04A842767F6BA49643560308439643020294
:206BC00007428AA9767F6BA472439243FE840006FE029641520969039C376F029C30FE82F5
:206BD0000006FE069643A8422B44FFC096432B442B466F0B8A42767F6BA49645020207427F
:206BE0001E42924572440A469243544666F4184400FF924460039A016F029A00FE860006CB
:206BF000FE069645A044A842761F0281923296466F0F8A4292C472468A4483429284A84433
:206C000088850EA9A0420FA661039A006F0A92450B45520060EF9246761F028196329A0187
:206C1000FE860006FE04A842020907428AA9767F6BB70EA91E44FF3F1E44FE840006FE38D9
:206C20007D73A8461E442B762B76020107468AA9767F6BA49674020307468AA9767F6BB7A5
:206C30000EA91E4807441E4A2B756F1292759C090EA907468AA9767F6BB75CAD5876DCB2F4
:206C40005CA49B0195A0977696940875000456030174547566EC8F3F6000A8A90F4A69225F
:206C5000761F028106360F4A671D92745DAD8F00A078FFC0A842DDB20EA98A4A5DA57640C1
:206C600080285DAD92748A4ADDB2FFC05DA5767F6BF0967752006108064A761F02811E3664
:206C70006F0356BF01779277FEB80006FE04767F6C98964352006103764087818F008000E9
:206C8000A8428F7F65988F3F6000767F6CE776229ABC28A80120761F00341E04761A762297
:206C9000761F003402001E02761AFF69FE840006FE027622761FFDBA9218761F002B962075
:206CA000761FFDBA9219761F002B9621761FFDBA921A761F002B9622761FFDBA921B761F68
:206CB000002B9623761FFDBA921C761F002B9624761FFDBA921D761F002B9625761FFDBAAA
:206CC000921E761F002B9626761FFDBA921F761F002B9627761A761FFDFF92389641923981
:206CD0009641923A9641923B9641923C9641923D9641923E9641923F9641761F002B402FBD
:206CE0006D039A006F029A0AFE82FF690006FE04A044A84206440F42690C8A429284A842DB
:206CF0008A48C4A4DE01C24896C406440F4266F6FE84000628AD0050FF69561F5616561AAA
:206D0000E61002002940761F00002902761B767F6EAA52006142762228A970C928A8003F0E
:206D10000901611B76FF70C929046F0F9B0024A9DF016C04290424A8DF011EA6F7A12486ED
:206D200006A781A109011EA724A96303FF5C3B0459A9DF010009FFEC28A9FFFF28A8FFFF75
:206D3000090161058F3FFFFF767F6E15761A767F6EAC28A9FFFF28A8FFFF0901610E76FF65
:206D4000FFFF6F06DF01C3BD1EA73E67C5BE24A9DF0124A8FF5860F7767F6E75767F6DEE24
:206D5000FE02767F6DA152006003007F5FF6FF69767F693A767F6D748F0085988F7F70C9CE
:206D6000A8428F3F6EAD767F6CE776408795767F6C76767F6E39767F6AC69A03767F6AD6BC
:206D700076408598FE820006FE042B448F008000A8422B431B436000671F8A42584328946B
:206D8000555558438A4228A955555494610356BF01442894AAAA58438A4288948F00AAAA4B
:206D9000A8A90FA6610356BF01448A422B940A431B43600068E39244520160026F00FE84C2
:206DA0000006FE088F3F5F7AA8428F3F5F7BA8448F3F5F7CA8468F3F5F7DA8488A4288C459
:206DB0008F00AAAAA8A90FA6600F8A4488C40FA6600B8A4688C40FA660078A4888C40FA626
:206DC00060039A006F029A01FE880006FE0896475CADDC865CA4F6032B8492479646964598
:206DD000964496435CAD8F40A078DC860204A0425DA48F3F5F7A764080285CAD8F40A078C0
:206DE0000204A042DC865DA48F3F5F7A764084EB52006101FE88000677006F00B2BD761F52
:206DF000028259A99200610D28ABFFFF28AAFFFF28A9FFFF28A8FFFF0FAB6103767FFFFFAE
:206E0000761F0281C53E3E67761F0282060461041EA792A13E67761F0282060261031EA743
:206E10003E67767F6DEC8BBE0006B2BDAABDA2BDFE0882A4D1005ACB6F155CAD29015603B9
:206E200003A107A3DC8809025CA483A90208767F6E58064261068A448346767F6E585ACB7E
:206E3000D90192A254A166EAFE8882BE86BE8BBE000676220200761F01BE1E061E081E162A
:206E40001E181E361E0A1E1A1E3A1E021E041E121E141E0C1E1C1A0C00011806FFFC1A0A84
:206E50000001761F01BF1A040001761AFF6900065200A8ABC5A4610788A9DE815C857C87C5
:206E6000000EFFFE88A90FA6610F5300610D9DFF5CA876BFFFFE92859687000EFFFE9285C8
:206E70009687000CFFF8A9A40006020028ABFFFF28AAFFFF19010FAB60049A00D4006F05D2
:206E8000A9A492C4A9A4DC02767F6D500006761F0282A8060006761F0281A83E0006000695
:206E9000561F7622B9C028290068761A007F6CFAFFFFFFFFFFFFFFFFFFFFFFFFFFFFFFFF3E
:206EA00076083B3092BE000696BD7600000696BD761200069A0100060006FE0802001E42D4
:206EB0002B4556BF314828A9303028A830301E442B452B459245525067098F00A00058456C
:206EC0002B940A459245525068FB76408595964628A90100544661027625761F02812B323D
:206ED00002001E36761F02802B00761F02812B342B33761F01BF1A060001761F02819233E2
:206EE0006004761F02802B008F00A000FF69767F6B019645761F0281923461059233964535
:206EF0002B342B33924561E6761F028092005253607292015244606F9202525F606C9207E5
:206F0000523A606992485233686656BF344892458F00A0089CF7767F6BD1520160CB761F79
:206F10000280920F523060215D458F00A0070642DD87767F6C1F520160BD761F028028ACDC
:206F200000180E03563B1E44290125049844994356030805984499430E06984499435C489C
:206F30000644767F6B5D6FA65234601D8F00A007767F6C121E42761F028028AC00180E0305
:206F4000563B1E44290125049844994356030805984499430E06984499435C480644767F66
:206F50006B5D6F88523160860E0328AC0018563B1E442901250498449943560308059844BC
:206F600099430E06984499435C480644767F6B5DFFEFFF71920052496036920152566033CF
:206F70009202524160309203524D602D92045236602A920552306027920652346024920706
:206F80005238602192085253601E9209524C601B920A52566018920B52496015920C5241DB
:206F90006012920D5250600F920E5231600C920F5234600956BF314806445C48767F6B5D67
:206FA000FFEFFF399200524960469201525660439202524160409203524D603D9204523644
:206FB000603A92055230603792065234603492075238603192085253602E9209524C602B80
:206FC000920A52566028920B52496025920C52416022920D5250601F920E5231601C920F75
:206FD000523160199A28767F6B519A41767F6B519A43767F6B519A4B767F6B519A0D767FE6
:206FE0006B5128A90BB8767F6B429A03767F6AD6FFEFFEF19200523A602492015265602183
:206FF00092025266601E92035268601B924852316818761F02812B3202001E368F00A0789E
:207000009A02764081109AFC8F00A0787640811056BF32485C480644767F6B5DFFEFFECB18
:207010009200523A601592015263601292025273600F92035274600C92485232680956BFA0
:20702000334806445C48767F6B5DFFEFFEB492005253603F92015255603C9202524D603912
:207030009A53767F6B519A55767F6B519A4D767F6B51761F0281CC32F000FFCB9647767FC8
:207040006BC8767F6B51761F0281CC320F00FFC79647767F6BC8767F6B51761F0281CC3295
:2070500000F0FFC39647767F6BC8767F6B51761F02819232900F9647767F6BC8767F6B5187
:207060009A0D767F6B519A0A767F6B42FFEFFE7392005253602292015256601F56BF36480D
:2070700028A9AAAA767F6DC65C480644767F6B5D9A0F767F6B429A0F767F6B429A0F767FD4
:207080006B429A0F767F6B427622761F01C056BF2829761A77006FFF92485232FFE8FE4BA1
:207090005C480644767F6B5DFFEFFE45FE02964176256F00FF69FE820006FE023B109AFC54
:2070A0008F00A078FF697640811096412910FF69FE8200067622761F002A1A000001CC0638
:2070B000F0FF1AA903009606CC06FFF050039606CC07FFE0500596071A0401FF1A0501FFDE
:2070C000761AF6077700FF690006190156C3FFFF0006FFFFA07200000000FFFFA0730000E6
:2070D0000000FFFFA07400000000FFFEA076000000000000FFFFA08000000001FFFEA0823D
:2070E000000000000000FFFEA084000000000000FFFEA07E00006E8F003FFFFEA0860000F5
:2070F0006E8F003FFFFFA0000000000000000000FFFFFFFFFFFFFFFFFFFFFFFFFFFFFFFFB6
:20710000FFFFFFFFFFFFFFFFFFFFFFFFFFFFFFFFFFFFFFFFFFFFFFFFFFFFFFFFFFFFFFFF8F
:20711000FFFFFFFFFFFFFFFFFFFFFFFFFFFFFFFFFFFFFFFFFFFFFFFFFFFFFFFFFFFFFFFF7F
:20712000FFFFFFFFFFFFFFFFFFFFFFFFFFFFFFFFFFFFFFFFFFFFFFFFFFFFFFFFFFFFFFFF6F
:20713000FFFFFFFFFFFFFFFFFFFFFFFFFFFFFFFFFFFFFFFFFFFFFFFFFFFFFFFFFFFFFFFF5F
:20714000FFFFFFFFFFFFFFFFFFFFFFFFFFFFFFFFFFFFFFFFFFFFFFFFFFFFFFFFFFFFFFFF4F
:20715000FFFFFFFFFFFFFFFFFFFFFFFFFFFFFFFFFFFFFFFFFFFFFFFFFFFFFFFFFFFFFFFF3F
:20716000FFFFFFFFFFFFFFFFFFFFFFFFFFFFFFFFFFFFFFFFFFFFFFFFFFFFFFFFFFFFFFFF2F
:20717000FFFFFFFFFFFFFFFFFFFFFFFFFFFFFFFFFFFFFFFFFFFFFFFFFFFFFFFFFFFFFFFF1F
:20718000FFFFFFFFFFFFFFFFFFFFFFFFFFFFFFFFFFFFFFFFFFFFFFFFFFFFFFFFFFFFFFFF0F
:20719000FFFFFFFFFFFFFFFFFFFFFFFFFFFFFFFFFFFFFFFFFFFFFFFFFFFFFFFFFFFFFFFFFF
:2071A000FFFFFFFFFFFFFFFFFFFFFFFFFFFFFFFFFFFFFFFFFFFFFFFFFFFFFFFFFFFFFFFFEF
:2071B000FFFFFFFFFFFFFFFFFFFFFFFFFFFFFFFFFFFFFFFFFFFFFFFFFFFFFFFFFFFFFFFFDF
:2071C000FFFFFFFFFFFFFFFFFFFFFFFFFFFFFFFFFFFFFFFFFFFFFFFFFFFFFFFFFFFFFFFFCF
:2071D000FFFFFFFFFFFFFFFFFFFFFFFFFFFFFFFFFFFFFFFFFFFFFFFFFFFFFFFFFFFFFFFFBF
:2071E000FFFFFFFFFFFFFFFFFFFFFFFFFFFFFFFFFFFFFFFFFFFFFFFFFFFFFFFFFFFFFFFFAF
:2071F000FFFFFFFFFFFFFFFFFFFFFFFFFFFFFFFFFFFFFFFFFFFFFFFFFFFFFFFFFFFFFFFF9F
:20720000FFFFFFFFFFFFFFFFFFFFFFFFFFFFFFFFFFFFFFFFFFFFFFFFFFFFFFFFFFFFFFFF8E
:20721000FFFFFFFFFFFFFFFFFFFFFFFFFFFFFFFFFFFFFFFFFFFFFFFFFFFFFFFFFFFFFFFF7E
:20722000FFFFFFFFFFFFFFFFFFFFFFFFFFFFFFFFFFFFFFFFFFFFFFFFFFFFFFFFFFFFFFFF6E
:20723000FFFFFFFFFFFFFFFFFFFFFFFFFFFFFFFFFFFFFFFFFFFFFFFFFFFFFFFFFFFFFFFF5E
:20724000FFFFFFFFFFFFFFFFFFFFFFFFFFFFFFFFFFFFFFFFFFFFFFFFFFFFFFFFFFFFFFFF4E
:20725000FFFFFFFFFFFFFFFFFFFFFFFFFFFFFFFFFFFFFFFFFFFFFFFFFFFFFFFFFFFFFFFF3E
:20726000FFFFFFFFFFFFFFFFFFFFFFFFFFFFFFFFFFFFFFFFFFFFFFFFFFFFFFFFFFFFFFFF2E
:20727000FFFFFFFFFFFFFFFFFFFFFFFFFFFFFFFFFFFFFFFFFFFFFFFFFFFFFFFFFFFFFFFF1E
:20728000FFFFFFFFFFFFFFFFFFFFFFFFFFFFFFFFFFFFFFFFFFFFFFFFFFFFFFFFFFFFFFFF0E
:20729000FFFFFFFFFFFFFFFFFFFFFFFFFFFFFFFFFFFFFFFFFFFFFFFFFFFFFFFFFFFFFFFFFE
:2072A000FFFFFFFFFFFFFFFFFFFFFFFFFFFFFFFFFFFFFFFFFFFFFFFFFFFFFFFFFFFFFFFFEE
:2072B000FFFFFFFFFFFFFFFFFFFFFFFFFFFFFFFFFFFFFFFFFFFFFFFFFFFFFFFFFFFFFFFFDE
:2072C000FFFFFFFFFFFFFFFFFFFFFFFFFFFFFFFFFFFFFFFFFFFFFFFFFFFFFFFFFFFFFFFFCE
:2072D000FFFFFFFFFFFFFFFFFFFFFFFFFFFFFFFFFFFFFFFFFFFFFFFFFFFFFFFFFFFFFFFFBE
:2072E000FFFFFFFFFFFFFFFFFFFFFFFFFFFFFFFFFFFFFFFFFFFFFFFFFFFFFFFFFFFFFFFFAE
:2072F000FFFFFFFFFFFFFFFFFFFFFFFFFFFFFFFFFFFFFFFFFFFFFFFFFFFFFFFFFFFFFFFF9E
:20730000FFFFFFFFFFFFFFFFFFFFFFFFFFFFFFFFFFFFFFFFFFFFFFFFFFFFFFFFFFFFFFFF8D
:20731000FFFFFFFFFFFFFFFFFFFFFFFFFFFFFFFFFFFFFFFFFFFFFFFFFFFFFFFFFFFFFFFF7D
:20732000FFFFFFFFFFFFFFFFFFFFFFFFFFFFFFFFFFFFFFFFFFFFFFFFFFFFFFFFFFFFFFFF6D
:20733000FFFFFFFFFFFFFFFFFFFFFFFFFFFFFFFFFFFFFFFFFFFFFFFFFFFFFFFFFFFFFFFF5D
:20734000FFFFFFFFFFFFFFFFFFFFFFFFFFFFFFFFFFFFFFFFFFFFFFFFFFFFFFFFFFFFFFFF4D
:20735000FFFFFFFFFFFFFFFFFFFFFFFFFFFFFFFFFFFFFFFFFFFFFFFFFFFFFFFFFFFFFFFF3D
:20736000FFFFFFFFFFFFFFFFFFFFFFFFFFFFFFFFFFFFFFFFFFFFFFFFFFFFFFFFFFFFFFFF2D
:20737000FFFFFFFFFFFFFFFFFFFFFFFFFFFFFFFFFFFFFFFFFFFFFFFFFFFFFFFFFFFFFFFF1D
:20738000FFFFFFFFFFFFFFFFFFFFFFFFFFFFFFFFFFFFFFFFFFFFFFFFFFFFFFFFFFFFFFFF0D
:20739000FFFFFFFFFFFFFFFFFFFFFFFFFFFFFFFFFFFFFFFFFFFFFFFFFFFFFFFFFFFFFFFFFD
:2073A000FFFFFFFFFFFFFFFFFFFFFFFFFFFFFFFFFFFFFFFFFFFFFFFFFFFFFFFFFFFFFFFFED
:2073B000FFFFFFFFFFFFFFFFFFFFFFFFFFFFFFFFFFFFFFFFFFFFFFFFFFFFFFFFFFFFFFFFDD
:2073C000FFFFFFFFFFFFFFFFFFFFFFFFFFFFFFFFFFFFFFFFFFFFFFFFFFFFFFFFFFFFFFFFCD
:2073D000FFFFFFFFFFFFFFFFFFFFFFFFFFFFFFFFFFFFFFFFFFFFFFFFFFFFFFFFFFFFFFFFBD
:2073E000FFFFFFFFFFFFFFFFFFFFFFFFFFFFFFFFFFFFFFFFFFFFFFFFFFFFFFFFFFFFFFFFAD
:2073F000FFFFFFFFFFFFFFFFFFFFFFFFFFFFFFFFFFFFFFFFFFFFFFFFFFFFFFFFFFFFFFFF9D
:20740000FFFFFFFFFFFFFFFFFFFFFFFFFFFFFFFFFFFFFFFFFFFFFFFFFFFFFFFFFFFFFFFF8C
:20741000FFFFFFFFFFFFFFFFFFFFFFFFFFFFFFFFFFFFFFFFFFFFFFFFFFFFFFFFFFFFFFFF7C
:20742000FFFFFFFFFFFFFFFFFFFFFFFFFFFFFFFFFFFFFFFFFFFFFFFFFFFFFFFFFFFFFFFF6C
:20743000FFFFFFFFFFFFFFFFFFFFFFFFFFFFFFFFFFFFFFFFFFFFFFFFFFFFFFFFFFFFFFFF5C
:20744000FFFFFFFFFFFFFFFFFFFFFFFFFFFFFFFFFFFFFFFFFFFFFFFFFFFFFFFFFFFFFFFF4C
:20745000FFFFFFFFFFFFFFFFFFFFFFFFFFFFFFFFFFFFFFFFFFFFFFFFFFFFFFFFFFFFFFFF3C
:20746000FFFFFFFFFFFFFFFFFFFFFFFFFFFFFFFFFFFFFFFFFFFFFFFFFFFFFFFFFFFFFFFF2C
:20747000FFFFFFFFFFFFFFFFFFFFFFFFFFFFFFFFFFFFFFFFFFFFFFFFFFFFFFFFFFFFFFFF1C
:20748000FFFFFFFFFFFFFFFFFFFFFFFFFFFFFFFFFFFFFFFFFFFFFFFFFFFFFFFFFFFFFFFF0C
:20749000FFFFFFFFFFFFFFFFFFFFFFFFFFFFFFFFFFFFFFFFFFFFFFFFFFFFFFFFFFFFFFFFFC
:2074A000FFFFFFFFFFFFFFFFFFFFFFFFFFFFFFFFFFFFFFFFFFFFFFFFFFFFFFFFFFFFFFFFEC
:2074B000FFFFFFFFFFFFFFFFFFFFFFFFFFFFFFFFFFFFFFFFFFFFFFFFFFFFFFFFFFFFFFFFDC
:2074C000FFFFFFFFFFFFFFFFFFFFFFFFFFFFFFFFFFFFFFFFFFFFFFFFFFFFFFFFFFFFFFFFCC
:2074D000FFFFFFFFFFFFFFFFFFFFFFFFFFFFFFFFFFFFFFFFFFFFFFFFFFFFFFFFFFFFFFFFBC
:2074E000FFFFFFFFFFFFFFFFFFFFFFFFFFFFFFFFFFFFFFFFFFFFFFFFFFFFFFFFFFFFFFFFAC
:2074F000FFFFFFFFFFFFFFFFFFFFFFFFFFFFFFFFFFFFFFFFFFFFFFFFFFFFFFFFFFFFFFFF9C
:20750000FFFFFFFFFFFFFFFFFFFFFFFFFFFFFFFFFFFFFFFFFFFFFFFFFFFFFFFFFFFFFFFF8B
:20751000FFFFFFFFFFFFFFFFFFFFFFFFFFFFFFFFFFFFFFFFFFFFFFFFFFFFFFFFFFFFFFFF7B
:20752000FFFFFFFFFFFFFFFFFFFFFFFFFFFFFFFFFFFFFFFFFFFFFFFFFFFFFFFFFFFFFFFF6B
:20753000FFFFFFFFFFFFFFFFFFFFFFFFFFFFFFFFFFFFFFFFFFFFFFFFFFFFFFFFFFFFFFFF5B
:20754000FFFFFFFFFFFFFFFFFFFFFFFFFFFFFFFFFFFFFFFFFFFFFFFFFFFFFFFFFFFFFFFF4B
:20755000FFFFFFFFFFFFFFFFFFFFFFFFFFFFFFFFFFFFFFFFFFFFFFFFFFFFFFFFFFFFFFFF3B
:20756000FFFFFFFFFFFFFFFFFFFFFFFFFFFFFFFFFFFFFFFFFFFFFFFFFFFFFFFFFFFFFFFF2B
:20757000FFFFFFFFFFFFFFFFFFFFFFFFFFFFFFFFFFFFFFFFFFFFFFFFFFFFFFFFFFFFFFFF1B
:20758000FFFFFFFFFFFFFFFFFFFFFFFFFFFFFFFFFFFFFFFFFFFFFFFFFFFFFFFFFFFFFFFF0B
:20759000FFFFFFFFFFFFFFFFFFFFFFFFFFFFFFFFFFFFFFFFFFFFFFFFFFFFFFFFFFFFFFFFFB
:2075A000FFFFFFFFFFFFFFFFFFFFFFFFFFFFFFFFFFFFFFFFFFFFFFFFFFFFFFFFFFFFFFFFEB
:2075B000FFFFFFFFFFFFFFFFFFFFFFFFFFFFFFFFFFFFFFFFFFFFFFFFFFFFFFFFFFFFFFFFDB
:2075C000FFFFFFFFFFFFFFFFFFFFFFFFFFFFFFFFFFFFFFFFFFFFFFFFFFFFFFFFFFFFFFFFCB
:2075D000FFFFFFFFFFFFFFFFFFFFFFFFFFFFFFFFFFFFFFFFFFFFFFFFFFFFFFFFFFFFFFFFBB
:2075E000FFFFFFFFFFFFFFFFFFFFFFFFFFFFFFFFFFFFFFFFFFFFFFFFFFFFFFFFFFFFFFFFAB
:2075F000FFFFFFFFFFFFFFFFFFFFFFFFFFFFFFFFFFFFFFFFFFFFFFFFFFFFFFFFFFFFFFFF9B
:20760000FFFFFFFFFFFFFFFFFFFFFFFFFFFFFFFFFFFFFFFFFFFFFFFFFFFFFFFFFFFFFFFF8A
:20761000FFFFFFFFFFFFFFFFFFFFFFFFFFFFFFFFFFFFFFFFFFFFFFFFFFFFFFFFFFFFFFFF7A
:20762000FFFFFFFFFFFFFFFFFFFFFFFFFFFFFFFFFFFFFFFFFFFFFFFFFFFFFFFFFFFFFFFF6A
:20763000FFFFFFFFFFFFFFFFFFFFFFFFFFFFFFFFFFFFFFFFFFFFFFFFFFFFFFFFFFFFFFFF5A
:20764000FFFFFFFFFFFFFFFFFFFFFFFFFFFFFFFFFFFFFFFFFFFFFFFFFFFFFFFFFFFFFFFF4A
:20765000FFFFFFFFFFFFFFFFFFFFFFFFFFFFFFFFFFFFFFFFFFFFFFFFFFFFFFFFFFFFFFFF3A
:20766000FFFFFFFFFFFFFFFFFFFFFFFFFFFFFFFFFFFFFFFFFFFFFFFFFFFFFFFFFFFFFFFF2A
:20767000FFFFFFFFFFFFFFFFFFFFFFFFFFFFFFFFFFFFFFFFFFFFFFFFFFFFFFFFFFFFFFFF1A
:20768000FFFFFFFFFFFFFFFFFFFFFFFFFFFFFFFFFFFFFFFFFFFFFFFFFFFFFFFFFFFFFFFF0A
:20769000FFFFFFFFFFFFFFFFFFFFFFFFFFFFFFFFFFFFFFFFFFFFFFFFFFFFFFFFFFFFFFFFFA
:2076A000FFFFFFFFFFFFFFFFFFFFFFFFFFFFFFFFFFFFFFFFFFFFFFFFFFFFFFFFFFFFFFFFEA
:2076B000FFFFFFFFFFFFFFFFFFFFFFFFFFFFFFFFFFFFFFFFFFFFFFFFFFFFFFFFFFFFFFFFDA
:2076C000FFFFFFFFFFFFFFFFFFFFFFFFFFFFFFFFFFFFFFFFFFFFFFFFFFFFFFFFFFFFFFFFCA
:2076D000FFFFFFFFFFFFFFFFFFFFFFFFFFFFFFFFFFFFFFFFFFFFFFFFFFFFFFFFFFFFFFFFBA
:2076E000FFFFFFFFFFFFFFFFFFFFFFFFFFFFFFFFFFFFFFFFFFFFFFFFFFFFFFFFFFFFFFFFAA
:2076F000FFFFFFFFFFFFFFFFFFFFFFFFFFFFFFFFFFFFFFFFFFFFFFFFFFFFFFFFFFFFFFFF9A
:20770000FFFFFFFFFFFFFFFFFFFFFFFFFFFFFFFFFFFFFFFFFFFFFFFFFFFFFFFFFFFFFFFF89
:20771000FFFFFFFFFFFFFFFFFFFFFFFFFFFFFFFFFFFFFFFFFFFFFFFFFFFFFFFFFFFFFFFF79
:20772000FFFFFFFFFFFFFFFFFFFFFFFFFFFFFFFFFFFFFFFFFFFFFFFFFFFFFFFFFFFFFFFF69
:20773000FFFFFFFFFFFFFFFFFFFFFFFFFFFFFFFFFFFFFFFFFFFFFFFFFFFFFFFFFFFFFFFF59
:20774000FFFFFFFFFFFFFFFFFFFFFFFFFFFFFFFFFFFFFFFFFFFFFFFFFFFFFFFFFFFFFFFF49
:20775000FFFFFFFFFFFFFFFFFFFFFFFFFFFFFFFFFFFFFFFFFFFFFFFFFFFFFFFFFFFFFFFF39
:20776000FFFFFFFFFFFFFFFFFFFFFFFFFFFFFFFFFFFFFFFFFFFFFFFFFFFFFFFFFFFFFFFF29
:20777000FFFFFFFFFFFFFFFFFFFFFFFFFFFFFFFFFFFFFFFFFFFFFFFFFFFFFFFFFFFFFFFF19
:20778000FFFFFFFFFFFFFFFFFFFFFFFFFFFFFFFFFFFFFFFFFFFFFFFFFFFFFFFFFFFFFFFF09
:20779000FFFFFFFFFFFFFFFFFFFFFFFFFFFFFFFFFFFFFFFFFFFFFFFFFFFFFFFFFFFFFFFFF9
:2077A000FFFFFFFFFFFFFFFFFFFFFFFFFFFFFFFFFFFFFFFFFFFFFFFFFFFFFFFFFFFFFFFFE9
:2077B000FFFFFFFFFFFFFFFFFFFFFFFFFFFFFFFFFFFFFFFFFFFFFFFFFFFFFFFFFFFFFFFFD9
:2077C000FFFFFFFFFFFFFFFFFFFFFFFFFFFFFFFFFFFFFFFFFFFFFFFFFFFFFFFFFFFFFFFFC9
:2077D000FFFFFFFFFFFFFFFFFFFFFFFFFFFFFFFFFFFFFFFFFFFFFFFFFFFFFFFFFFFFFFFFB9
:2077E000FFFFFFFFFFFFFFFFFFFFFFFFFFFFFFFFFFFFFFFFFFFFFFFFFFFFFFFFFFFFFFFFA9
:2077F000FFFFFFFFFFFFFFFFFFFFFFFFFFFFFFFFFFFFFFFFFFFFFFFFFFFFFFFFFFFFFFFF99
:20780000FFFFFFFFFFFFFFFFFFFFFFFFFFFFFFFFFFFFFFFFFFFFFFFFFFFFFFFFFFFFFFFF88
:20781000FFFFFFFFFFFFFFFFFFFFFFFFFFFFFFFFFFFFFFFFFFFFFFFFFFFFFFFFFFFFFFFF78
:20782000FFFFFFFFFFFFFFFFFFFFFFFFFFFFFFFFFFFFFFFFFFFFFFFFFFFFFFFFFFFFFFFF68
:20783000FFFFFFFFFFFFFFFFFFFFFFFFFFFFFFFFFFFFFFFFFFFFFFFFFFFFFFFFFFFFFFFF58
:20784000FFFFFFFFFFFFFFFFFFFFFFFFFFFFFFFFFFFFFFFFFFFFFFFFFFFFFFFFFFFFFFFF48
:20785000FFFFFFFFFFFFFFFFFFFFFFFFFFFFFFFFFFFFFFFFFFFFFFFFFFFFFFFFFFFFFFFF38
:20786000FFFFFFFFFFFFFFFFFFFFFFFFFFFFFFFFFFFFFFFFFFFFFFFFFFFFFFFFFFFFFFFF28
:20787000FFFFFFFFFFFFFFFFFFFFFFFFFFFFFFFFFFFFFFFFFFFFFFFFFFFFFFFFFFFFFFFF18
:20788000FFFFFFFFFFFFFFFFFFFFFFFFFFFFFFFFFFFFFFFFFFFFFFFFFFFFFFFFFFFFFFFF08
:20789000FFFFFFFFFFFFFFFFFFFFFFFFFFFFFFFFFFFFFFFFFFFFFFFFFFFFFFFFFFFFFFFFF8
:2078A000FFFFFFFFFFFFFFFFFFFFFFFFFFFFFFFFFFFFFFFFFFFFFFFFFFFFFFFFFFFFFFFFE8
:2078B000FFFFFFFFFFFFFFFFFFFFFFFFFFFFFFFFFFFFFFFFFFFFFFFFFFFFFFFFFFFFFFFFD8
:2078C000FFFFFFFFFFFFFFFFFFFFFFFFFFFFFFFFFFFFFFFFFFFFFFFFFFFFFFFFFFFFFFFFC8
:2078D000FFFFFFFFFFFFFFFFFFFFFFFFFFFFFFFFFFFFFFFFFFFFFFFFFFFFFFFFFFFFFFFFB8
:2078E000FFFFFFFFFFFFFFFFFFFFFFFFFFFFFFFFFFFFFFFFFFFFFFFFFFFFFFFFFFFFFFFFA8
:2078F000FFFFFFFFFFFFFFFFFFFFFFFFFFFFFFFFFFFFFFFFFFFFFFFFFFFFFFFFFFFFFFFF98
:20790000FFFFFFFFFFFFFFFFFFFFFFFFFFFFFFFFFFFFFFFFFFFFFFFFFFFFFFFFFFFFFFFF87
:20791000FFFFFFFFFFFFFFFFFFFFFFFFFFFFFFFFFFFFFFFFFFFFFFFFFFFFFFFFFFFFFFFF77
:20792000FFFFFFFFFFFFFFFFFFFFFFFFFFFFFFFFFFFFFFFFFFFFFFFFFFFFFFFFFFFFFFFF67
:20793000FFFFFFFFFFFFFFFFFFFFFFFFFFFFFFFFFFFFFFFFFFFFFFFFFFFFFFFFFFFFFFFF57
:20794000FFFFFFFFFFFFFFFFFFFFFFFFFFFFFFFFFFFFFFFFFFFFFFFFFFFFFFFFFFFFFFFF47
:20795000FFFFFFFFFFFFFFFFFFFFFFFFFFFFFFFFFFFFFFFFFFFFFFFFFFFFFFFFFFFFFFFF37
:20796000FFFFFFFFFFFFFFFFFFFFFFFFFFFFFFFFFFFFFFFFFFFFFFFFFFFFFFFFFFFFFFFF27
:20797000FFFFFFFFFFFFFFFFFFFFFFFFFFFFFFFFFFFFFFFFFFFFFFFFFFFFFFFFFFFFFFFF17
:20798000FFFFFFFFFFFFFFFFFFFFFFFFFFFFFFFFFFFFFFFFFFFFFFFFFFFFFFFFFFFFFFFF07
:20799000FFFFFFFFFFFFFFFFFFFFFFFFFFFFFFFFFFFFFFFFFFFFFFFFFFFFFFFFFFFFFFFFF7
:2079A000FFFFFFFFFFFFFFFFFFFFFFFFFFFFFFFFFFFFFFFFFFFFFFFFFFFFFFFFFFFFFFFFE7
:2079B000FFFFFFFFFFFFFFFFFFFFFFFFFFFFFFFFFFFFFFFFFFFFFFFFFFFFFFFFFFFFFFFFD7
:2079C000FFFFFFFFFFFFFFFFFFFFFFFFFFFFFFFFFFFFFFFFFFFFFFFFFFFFFFFFFFFFFFFFC7
:2079D000FFFFFFFFFFFFFFFFFFFFFFFFFFFFFFFFFFFFFFFFFFFFFFFFFFFFFFFFFFFFFFFFB7
:2079E000FFFFFFFFFFFFFFFFFFFFFFFFFFFFFFFFFFFFFFFFFFFFFFFFFFFFFFFFFFFFFFFFA7
:2079F000FFFFFFFFFFFFFFFFFFFFFFFFFFFFFFFFFFFFFFFFFFFFFFFFFFFFFFFFFFFFFFFF97
:207A0000FFFFFFFFFFFFFFFFFFFFFFFFFFFFFFFFFFFFFFFFFFFFFFFFFFFFFFFFFFFFFFFF86
:207A1000FFFFFFFFFFFFFFFFFFFFFFFFFFFFFFFFFFFFFFFFFFFFFFFFFFFFFFFFFFFFFFFF76
:207A2000FFFFFFFFFFFFFFFFFFFFFFFFFFFFFFFFFFFFFFFFFFFFFFFFFFFFFFFFFFFFFFFF66
:207A3000FFFFFFFFFFFFFFFFFFFFFFFFFFFFFFFFFFFFFFFFFFFFFFFFFFFFFFFFFFFFFFFF56
:207A4000FFFFFFFFFFFFFFFFFFFFFFFFFFFFFFFFFFFFFFFFFFFFFFFFFFFFFFFFFFFFFFFF46
:207A5000FFFFFFFFFFFFFFFFFFFFFFFFFFFFFFFFFFFFFFFFFFFFFFFFFFFFFFFFFFFFFFFF36
:207A6000FFFFFFFFFFFFFFFFFFFFFFFFFFFFFFFFFFFFFFFFFFFFFFFFFFFFFFFFFFFFFFFF26
:207A7000FFFFFFFFFFFFFFFFFFFFFFFFFFFFFFFFFFFFFFFFFFFFFFFFFFFFFFFFFFFFFFFF16
:207A8000FFFFFFFFFFFFFFFFFFFFFFFFFFFFFFFFFFFFFFFFFFFFFFFFFFFFFFFFFFFFFFFF06
:207A9000FFFFFFFFFFFFFFFFFFFFFFFFFFFFFFFFFFFFFFFFFFFFFFFFFFFFFFFFFFFFFFFFF6
:207AA000FFFFFFFFFFFFFFFFFFFFFFFFFFFFFFFFFFFFFFFFFFFFFFFFFFFFFFFFFFFFFFFFE6
:207AB000FFFFFFFFFFFFFFFFFFFFFFFFFFFFFFFFFFFFFFFFFFFFFFFFFFFFFFFFFFFFFFFFD6
:207AC000FFFFFFFFFFFFFFFFFFFFFFFFFFFFFFFFFFFFFFFFFFFFFFFFFFFFFFFFFFFFFFFFC6
:207AD000FFFFFFFFFFFFFFFFFFFFFFFFFFFFFFFFFFFFFFFFFFFFFFFFFFFFFFFFFFFFFFFFB6
:207AE000FFFFFFFFFFFFFFFFFFFFFFFFFFFFFFFFFFFFFFFFFFFFFFFFFFFFFFFFFFFFFFFFA6
:207AF000FFFFFFFFFFFFFFFFFFFFFFFFFFFFFFFFFFFFFFFFFFFFFFFFFFFFFFFFFFFFFFFF96
:207B0000FFFFFFFFFFFFFFFFFFFFFFFFFFFFFFFFFFFFFFFFFFFFFFFFFFFFFFFFFFFFFFFF85
:207B1000FFFFFFFFFFFFFFFFFFFFFFFFFFFFFFFFFFFFFFFFFFFFFFFFFFFFFFFFFFFFFFFF75
:207B2000FFFFFFFFFFFFFFFFFFFFFFFFFFFFFFFFFFFFFFFFFFFFFFFFFFFFFFFFFFFFFFFF65
:207B3000FFFFFFFFFFFFFFFFFFFFFFFFFFFFFFFFFFFFFFFFFFFFFFFFFFFFFFFFFFFFFFFF55
:207B4000FFFFFFFFFFFFFFFFFFFFFFFFFFFFFFFFFFFFFFFFFFFFFFFFFFFFFFFFFFFFFFFF45
:207B5000FFFFFFFFFFFFFFFFFFFFFFFFFFFFFFFFFFFFFFFFFFFFFFFFFFFFFFFFFFFFFFFF35
:207B6000FFFFFFFFFFFFFFFFFFFFFFFFFFFFFFFFFFFFFFFFFFFFFFFFFFFFFFFFFFFFFFFF25
:207B7000FFFFFFFFFFFFFFFFFFFFFFFFFFFFFFFFFFFFFFFFFFFFFFFFFFFFFFFFFFFFFFFF15
:207B8000FFFFFFFFFFFFFFFFFFFFFFFFFFFFFFFFFFFFFFFFFFFFFFFFFFFFFFFFFFFFFFFF05
:207B9000FFFFFFFFFFFFFFFFFFFFFFFFFFFFFFFFFFFFFFFFFFFFFFFFFFFFFFFFFFFFFFFFF5
:207BA000FFFFFFFFFFFFFFFFFFFFFFFFFFFFFFFFFFFFFFFFFFFFFFFFFFFFFFFFFFFFFFFFE5
:207BB000FFFFFFFFFFFFFFFFFFFFFFFFFFFFFFFFFFFFFFFFFFFFFFFFFFFFFFFFFFFFFFFFD5
:207BC000FFFFFFFFFFFFFFFFFFFFFFFFFFFFFFFFFFFFFFFFFFFFFFFFFFFFFFFFFFFFFFFFC5
:207BD000FFFFFFFFFFFFFFFFFFFFFFFFFFFFFFFFFFFFFFFFFFFFFFFFFFFFFFFFFFFFFFFFB5
:207BE000FFFFFFFFFFFFFFFFFFFFFFFFFFFFFFFFFFFFFFFFFFFFFFFFFFFFFFFFFFFFFFFFA5
:207BF000FFFFFFFFFFFFFFFFFFFFFFFFFFFFFFFFFFFFFFFFFFFFFFFFFFFFFFFFFFFFFFFF95
:207C0000FFFFFFFFFFFFFFFFFFFFFFFFFFFFFFFFFFFFFFFFFFFFFFFFFFFFFFFFFFFFFFFF84
:207C1000FFFFFFFFFFFFFFFFFFFFFFFFFFFFFFFFFFFFFFFFFFFFFFFFFFFFFFFFFFFFFFFF74
:207C2000FFFFFFFFFFFFFFFFFFFFFFFFFFFFFFFFFFFFFFFFFFFFFFFFFFFFFFFFFFFFFFFF64
:207C3000FFFFFFFFFFFFFFFFFFFFFFFFFFFFFFFFFFFFFFFFFFFFFFFFFFFFFFFFFFFFFFFF54
:207C4000FFFFFFFFFFFFFFFFFFFFFFFFFFFFFFFFFFFFFFFFFFFFFFFFFFFFFFFFFFFFFFFF44
:207C5000FFFFFFFFFFFFFFFFFFFFFFFFFFFFFFFFFFFFFFFFFFFFFFFFFFFFFFFFFFFFFFFF34
:207C6000FFFFFFFFFFFFFFFFFFFFFFFFFFFFFFFFFFFFFFFFFFFFFFFFFFFFFFFFFFFFFFFF24
:207C7000FFFFFFFFFFFFFFFFFFFFFFFFFFFFFFFFFFFFFFFFFFFFFFFFFFFFFFFFFFFFFFFF14
:207C8000FFFFFFFFFFFFFFFFFFFFFFFFFFFFFFFFFFFFFFFFFFFFFFFFFFFFFFFFFFFFFFFF04
:207C9000FFFFFFFFFFFFFFFFFFFFFFFFFFFFFFFFFFFFFFFFFFFFFFFFFFFFFFFFFFFFFFFFF4
:207CA000FFFFFFFFFFFFFFFFFFFFFFFFFFFFFFFFFFFFFFFFFFFFFFFFFFFFFFFFFFFFFFFFE4
:207CB000FFFFFFFFFFFFFFFFFFFFFFFFFFFFFFFFFFFFFFFFFFFFFFFFFFFFFFFFFFFFFFFFD4
:207CC000FFFFFFFFFFFFFFFFFFFFFFFFFFFFFFFFFFFFFFFFFFFFFFFFFFFFFFFFFFFFFFFFC4
:207CD000FFFFFFFFFFFFFFFFFFFFFFFFFFFFFFFFFFFFFFFFFFFFFFFFFFFFFFFFFFFFFFFFB4
:207CE000FFFFFFFFFFFFFFFFFFFFFFFFFFFFFFFFFFFFFFFFFFFFFFFFFFFFFFFFFFFFFFFFA4
:207CF000FFFFFFFFFFFFFFFFFFFFFFFFFFFFFFFFFFFFFFFFFFFFFFFFFFFFFFFFFFFFFFFF94
:207D0000FFFFFFFFFFFFFFFFFFFFFFFFFFFFFFFFFFFFFFFFFFFFFFFFFFFFFFFFFFFFFFFF83
:207D1000FFFFFFFFFFFFFFFFFFFFFFFFFFFFFFFFFFFFFFFFFFFFFFFFFFFFFFFFFFFFFFFF73
:207D2000FFFFFFFFFFFFFFFFFFFFFFFFFFFFFFFFFFFFFFFFFFFFFFFFFFFFFFFFFFFFFFFF63
:207D3000FFFFFFFFFFFFFFFFFFFFFFFFFFFFFFFFFFFFFFFFFFFFFFFFFFFFFFFFFFFFFFFF53
:207D4000FFFFFFFFFFFFFFFFFFFFFFFFFFFFFFFFFFFFFFFFFFFFFFFFFFFFFFFFFFFFFFFF43
:207D5000FFFFFFFFFFFFFFFFFFFFFFFFFFFFFFFFFFFFFFFFFFFFFFFFFFFFFFFFFFFFFFFF33
:207D6000FFFFFFFFFFFFFFFFFFFFFFFFFFFFFFFFFFFFFFFFFFFFFFFFFFFFFFFFFFFFFFFF23
:207D7000FFFFFFFFFFFFFFFFFFFFFFFFFFFFFFFFFFFFFFFFFFFFFFFFFFFFFFFFFFFFFFFF13
:207D8000FFFFFFFFFFFFFFFFFFFFFFFFFFFFFFFFFFFFFFFFFFFFFFFFFFFFFFFFFFFFFFFF03
:207D9000FFFFFFFFFFFFFFFFFFFFFFFFFFFFFFFFFFFFFFFFFFFFFFFFFFFFFFFFFFFFFFFFF3
:207DA000FFFFFFFFFFFFFFFFFFFFFFFFFFFFFFFFFFFFFFFFFFFFFFFFFFFFFFFFFFFFFFFFE3
:207DB000FFFFFFFFFFFFFFFFFFFFFFFFFFFFFFFFFFFFFFFFFFFFFFFFFFFFFFFFFFFFFFFFD3
:207DC000FFFFFFFFFFFFFFFFFFFFFFFFFFFFFFFFFFFFFFFFFFFFFFFFFFFFFFFFFFFFFFFFC3
:207DD000FFFFFFFFFFFFFFFFFFFFFFFFFFFFFFFFFFFFFFFFFFFFFFFFFFFFFFFFFFFFFFFFB3
:207DE000FFFFFFFFFFFFFFFFFFFFFFFFFFFFFFFFFFFFFFFFFFFFFFFFFFFFFFFFFFFFFFFFA3
:207DF000FFFFFFFFFFFFFFFFFFFFFFFFFFFFFFFFFFFFFFFFFFFFFFFFFFFFFFFFFFFFFFFF93
:207E0000FFFFFFFFFFFFFFFFFFFFFFFFFFFFFFFFFFFFFFFFFFFFFFFFFFFFFFFFFFFFFFFF82
:207E1000FFFFFFFFFFFFFFFFFFFFFFFFFFFFFFFFFFFFFFFFFFFFFFFFFFFFFFFFFFFFFFFF72
:207E2000FFFFFFFFFFFFFFFFFFFFFFFFFFFFFFFFFFFFFFFFFFFFFFFFFFFFFFFFFFFFFFFF62
:207E3000FFFFFFFFFFFFFFFFFFFFFFFFFFFFFFFFFFFFFFFFFFFFFFFFFFFFFFFFFFFFFFFF52
:207E4000FFFFFFFFFFFFFFFFFFFFFFFFFFFFFFFFFFFFFFFFFFFFFFFFFFFFFFFFFFFFFFFF42
:207E5000FFFFFFFFFFFFFFFFFFFFFFFFFFFFFFFFFFFFFFFFFFFFFFFFFFFFFFFFFFFFFFFF32
:207E6000FFFFFFFFFFFFFFFFFFFFFFFFFFFFFFFFFFFFFFFFFFFFFFFFFFFFFFFFFFFFFFFF22
:207E7000FFFFFFFFFFFFFFFFFFFFFFFFFFFFFFFFFFFFFFFFFFFFFFFFFFFFFFFFFFFFFFFF12
:207E8000FFFFFFFFFFFFFFFFFFFFFFFFFFFFFFFFFFFFFFFFFFFFFFFFFFFFFFFFFFFFFFFF02
:207E9000FFFFFFFFFFFFFFFFFFFFFFFFFFFFFFFFFFFFFFFFFFFFFFFFFFFFFFFFFFFFFFFFF2
:207EA000FFFFFFFFFFFFFFFFFFFFFFFFFFFFFFFFFFFFFFFFFFFFFFFFFFFFFFFFFFFFFFFFE2
:207EB000FFFFFFFFFFFFFFFFFFFFFFFFFFFFFFFFFFFFFFFFFFFFFFFFFFFFFFFFFFFFFFFFD2
:207EC000FFFFFFFFFFFFFFFFFFFFFFFFFFFFFFFFFFFFFFFFFFFFFFFFFFFFFFFFFFFFFFFFC2
:207ED000FFFFFFFFFFFFFFFFFFFFFFFFFFFFFFFFFFFFFFFFFFFFFFFFFFFFFFFFFFFFFFFFB2
:207EE000FFFFFFFFFFFFFFFFFFFFFFFFFFFFFFFFFFFFFFFFFFFFFFFFFFFFFFFFFFFFFFFFA2
:207EF000FFFFFFFFFFFFFFFFFFFFFFFFFFFFFFFFFFFFFFFFFFFFFFFFFFFFFFFFFFFFFFFF92
:207F0000FFFFFFFFFFFFFFFFFFFFFFFFFFFFFFFFFFFFFFFFFFFFFFFFFFFFFFFFFFFFFFFF81
:207F1000FFFFFFFFFFFFFFFFFFFFFFFFFFFFFFFFFFFFFFFFFFFFFFFFFFFFFFFFFFFFFFFF71
:207F2000FFFFFFFFFFFFFFFFFFFFFFFFFFFFFFFFFFFFFFFFFFFFFFFFFFFFFFFFFFFFFFFF61
:207F3000FFFFFFFFFFFFFFFFFFFFFFFFFFFFFFFFFFFFFFFFFFFFFFFFFFFFFFFFFFFFFFFF51
:207F4000FFFFFFFFFFFFFFFFFFFFFFFFFFFFFFFFFFFFFFFFFFFFFFFFFFFFFFFFFFFFFFFF41
:207F5000FFFFFFFFFFFFFFFFFFFFFFFFFFFFFFFFFFFFFFFFFFFFFFFFFFFFFFFFFFFFFFFF31
:207F6000FFFFFFFFFFFFFFFFFFFFFFFFFFFFFFFFFFFFFFFFFFFFFFFFFFFFFFFFFFFFFFFF21
:207F7000FFFFFFFFFFFFFFFFFFFFFFFFFFFFFFFFFFFFFFFFFFFFFFFF8888888888888888C9
:207F8000FFFFFFFFFFFFFFFFFFFFFFFFFFFFFFFFFFFFFFFFFFFFFFFFFFFFFFFFFFFFFFFF01
:207F9000FFFFFFFFFFFFFFFFFFFFFFFFFFFFFFFFFFFFFFFFFFFFFFFFFFFFFFFFFFFFFFFFF1
:207FA000FFFFFFFFFFFFFFFFFFFFFFFFFFFFFFFFFFFFFFFFFFFFFFFFFFFFFFFFFFFFFFFFE1
:207FB000FFFFFFFFFFFFFFFFFFFFFFFFFFFFFFFFFFFFFFFFFFFFFFFFFFFFFFFFFFFFFFFFD1
:207FC000FFFFFFFFFFFFFFFFFFFFFFFFFFFFFFFFFFFFFFFFFFFFFFFFFFFFFFFFFFFFFFFFC1
:207FD000FFFFFFFFFFFFFFFFFFFFFFFFFFFFFFFFFFFFFFFFFFFFFFFFFFFFFFFFFFFFFFFFB1
:207FE000FFFFFFFFFFFFFFFFFFFFFFFFFFFFFFFFFFFFFFFFFFFFFFFFFFFFFFFFFFFFFFFFA1
:207FF000FFFFFFFFFFFFFFFFFFFFFFFF007F6E90FFFFFFFFFFFFFFFFFFFFFFFFFFFFFFFF10
:00000001FF
